1,27.9619
2,28.0338
3,28.0845
4,28.0929
5,28.1124
6,28.2158
7,28.1713
8,28.1545
9,28.2006
10,28.245
11,28.2278
12,28.1427
13,28.1019
14,28.1879
15,28.0742
16,28.1207
17,28.2543
18,28.3025
19,28.3257
20,28.2945
21,28.2723
22,28.1819
23,28.1773
24,28.1946
25,28.299
26,28.3061
27,28.2047
28,28.1984
29,28.1534
30,28.2755
31,28.3226
32,28.2662
33,28.2634
34,28.3124
35,28.2304
36,28.2409
37,28.2389
38,28.3421
39,28.4593
40,28.365
41,28.4154
42,28.3683
43,28.3688
44,28.3614
45,28.3876
46,28.4449
47,28.3542
48,28.4362
49,28.4509
50,28.4314
51,28.3867
52,28.3797
53,28.2981
54,28.4464
55,28.3681
56,28.2813
57,28.3633
58,28.2822
59,28.3719
60,28.345
61,28.396
62,28.3353
63,28.3635
64,28.3938
65,28.3608
66,28.4359
67,28.378
68,28.4036
69,28.4276
70,28.3785
71,28.5563
72,28.405
73,28.5027
74,28.5432
75,28.3469
76,28.3846
77,28.4149
78,28.4001
79,28.3429
80,28.3708
81,28.4113
82,28.4902
83,28.4382
84,28.3942
85,28.4082
86,28.3803
87,28.3413
88,28.3031
89,28.3036
90,28.3051
91,28.3886
92,28.3542
93,28.3769
94,28.4476
95,28.4129
96,28.462
97,28.5622
98,28.4557
99,28.3913
100,28.3737
101,28.3481
102,28.402
103,28.4133
104,28.316
105,28.4213
106,28.4228
107,28.4062
108,28.4386
109,28.4108
110,28.3724
111,28.4305
112,28.4711
113,28.4576
114,28.5532
115,28.4756
116,28.5065
117,28.483
118,28.5236
119,28.4282
120,28.5186
121,28.4382
122,28.4747
123,28.491
124,28.4647
125,28.5403
126,28.4619
127,28.3748
128,28.5338
129,28.5287
130,28.4868
131,28.431
132,28.4909
133,28.565
134,28.5932
135,28.5649
136,28.7004
137,28.4578
138,28.5202
139,28.6361
140,28.6287
141,28.6128
142,28.5756
143,28.636
144,28.7
145,28.5625
146,28.4917
147,28.5608
148,28.4625
149,28.627
150,28.7027
151,28.5862
152,28.5882
153,28.5609
154,28.5478
155,28.5582
156,28.5485
157,28.6204
158,28.5857
159,28.505
160,28.5464
161,28.5294
162,28.561
163,28.5818
164,28.5735
165,28.4846
166,28.5293
167,28.5168
168,28.523
169,28.5808
170,28.5375
171,28.6115
172,28.6778
173,28.6391
174,28.6147
175,28.5052
176,28.6509
177,28.7499
178,28.6932
179,28.5872
180,28.6368
181,28.5752
182,28.6644
183,28.5979
184,28.5438
185,28.5724
186,28.5758
187,28.5678
188,28.5813
189,28.6247
190,28.4557
191,28.4835
192,28.4467
193,28.476
194,28.4679
195,28.5037
196,28.638
197,28.5499
198,28.5305
199,28.5809
200,28.5665
201,28.5997
202,28.4842
203,28.4661
204,28.4343
205,28.5339
206,28.505
207,28.3594
208,28.4949
209,28.3896
210,28.5314
211,28.462
212,28.5199
213,28.4497
214,28.4053
215,28.475
216,28.4507
217,28.5865
218,28.572
219,28.5695
220,28.588
221,28.5498
222,28.522
223,28.581
224,28.6073
225,28.7172
226,28.9051
227,28.6788
228,28.7398
229,28.6957
230,28.6734
231,28.6592
232,28.6393
233,28.576
234,28.5192
235,28.5281
236,28.4533
237,28.4675
238,28.4461
239,28.5946
240,28.6201
241,28.5807
242,28.6363
243,28.6061
244,28.5736
245,28.5967
246,28.5052
247,28.5461
248,28.5951
249,28.728
250,28.6782
251,28.5792
252,28.678
253,28.8786
254,28.799
255,28.7239
256,28.7185
257,28.575
258,28.5454
259,28.5531
260,28.6381
261,28.6734
262,28.5824
263,28.512
264,28.5088
265,28.599
266,28.5776
267,28.6138
268,28.4972
269,28.5534
270,28.6054
271,28.4825
272,28.5271
273,28.563
274,28.6512
275,28.6478
276,28.7806
277,28.7036
278,28.6511
279,28.7218
280,28.5367
281,28.4796
282,28.5206
283,28.5878
284,28.619
285,28.6776
286,28.6406
287,28.5562
288,28.5984
289,28.5792
290,28.6523
291,28.5563
292,28.6059
293,28.6275
294,28.6286
295,28.425
296,28.5337
297,28.6713
298,28.7034
299,28.5859
300,28.5042
301,28.4713
302,28.5335
303,28.51
304,28.597
305,28.5259
306,28.4233
307,28.3893
308,28.4423
309,28.4076
310,28.5431
311,28.4362
312,28.6021
313,28.5813
314,28.5362
315,28.4617
316,28.3474
317,28.3424
318,28.4399
319,28.4739
320,28.3617
321,28.3761
322,28.4533
323,28.4464
324,28.38
325,28.4331
326,28.3984
327,28.4364
328,28.3961
329,28.5028
330,28.4915
331,28.3867
332,28.3564
333,28.4494
334,28.3722
335,28.3713
336,28.3665
337,28.463
338,28.3107
339,28.3023
340,28.4249
341,28.4706
342,28.4806
343,28.522
344,28.484
345,28.5385
346,28.4382
347,28.325
348,28.4007
349,28.3424
350,28.2626
351,28.3121
352,28.3734
353,28.3365
354,28.256
355,28.2283
356,28.1857
357,28.1294
358,28.1944
359,28.1644
360,28.1465
361,28.1166
362,28.0699
363,28.1279
364,28.2386
365,28.1182
366,28.0964
367,28.2302
368,28.2302
369,28.125
370,28.1559
371,28.146
372,28.0807
373,28.1547
374,28.1109
375,28.1466
376,28.1464
377,28.0854
378,28.2457
379,28.2509
380,28.1145
381,28.0887
382,28.1784
383,28.1563
384,28.1477
385,28.0764
386,28.0777
387,28.1668
388,28.1819
389,28.173
390,28.1713
391,28.242
392,28.1898
393,28.2684
394,28.2825
395,28.195
396,28.1922
397,28.2442
398,28.2637
399,28.156
400,28.2128
401,28.304
402,28.3425
403,28.4188
404,28.3771
405,28.4551
406,28.3475
407,28.3083
408,28.3341
409,28.3296
410,28.3998
411,28.3329
412,28.3207
413,28.4263
414,28.3774
415,28.4927
416,28.3224
417,28.3317
418,28.341
419,28.2857
420,28.3195
421,28.24
422,28.2057
423,28.3544
424,28.3997
425,28.1841
426,28.2005
427,28.1864
428,28.3106
429,28.2253
430,28.3156
431,28.3534
432,28.3339
433,28.2435
434,28.1866
435,28.1838
436,28.2389
437,28.2635
438,28.2689
439,28.2923
440,28.3057
441,28.2925
442,28.3824
443,28.3534
444,28.3209
445,28.2951
446,28.2972
447,28.3052
448,28.3071
449,28.2848
450,28.2791
451,28.3142
452,28.3497
453,28.3335
454,28.4988
455,28.4748
456,28.4736
457,28.4469
458,28.487
459,28.4856
460,28.4587
461,28.4493
462,28.362
463,28.3423
464,28.3888
465,28.3297
466,28.4639
467,28.297
468,28.4367
469,28.3679
470,28.3862
471,28.3384
472,28.3595
473,28.3767
474,28.3582
475,28.4043
476,28.2617
477,28.4062
478,28.3985
479,28.5378
480,28.4229
481,28.4618
482,28.4347
483,28.4444
484,28.2769
485,28.4953
486,28.382
487,28.3929
488,28.3561
489,28.2339
490,28.2979
491,28.3526
492,28.3127
493,28.3565
494,28.3487
495,28.3137
496,28.3113
497,28.2922
498,28.3153
499,28.3317
500,28.3097
501,28.3876
502,28.3697
503,28.4171
504,28.3962
505,28.4045
506,28.4191
507,28.3488
508,28.3421
509,28.34
510,28.3549
511,28.28
512,28.4026
513,28.3405
514,28.2665
515,28.302
516,28.2531
517,28.3918
518,28.3729
519,28.3698
520,28.3093
521,28.3625
522,28.3484
523,28.4403
524,28.4066
525,28.3431
526,28.3974
527,28.4906
528,28.4607
529,28.4406
530,28.5425
531,28.3857
532,28.3429
533,28.3733
534,28.4126
535,28.3758
536,28.397
537,28.3451
538,28.2915
539,28.2428
540,28.2788
541,28.3709
542,28.2535
543,28.2763
544,28.2337
545,28.1983
546,28.214
547,28.3033
548,28.217
549,28.1827
550,28.2459
551,28.2142
552,28.3682
553,28.3529
554,28.385
555,28.3453
556,28.2742
557,28.3338
558,28.3394
559,28.2375
560,28.238
561,28.2277
562,28.2169
563,28.2462
564,28.2266
565,28.3922
566,28.3331
567,28.3871
568,28.3416
569,28.3015
570,28.3424
571,28.3684
572,28.4005
573,28.2162
574,28.1944
575,28.3597
576,28.3601
577,28.3184
578,28.4034
579,28.3686
580,28.301
581,28.2505
582,28.3401
583,28.2859
584,28.2164
585,28.2381
586,28.2101
587,28.2599
588,28.2345
589,28.2886
590,28.3084
591,28.3775
592,28.2874
593,28.3796
594,28.3778
595,28.4849
596,28.3257
597,28.2509
598,28.3589
599,28.3653
600,28.2429
601,28.2893
602,28.3683
603,28.3315
604,28.3654
605,28.3307
606,28.3161
607,28.2433
608,28.2842
609,28.3715
610,28.2368
611,28.3106
612,28.3032
613,28.2729
614,28.1914
615,28.2111
616,28.2135
617,28.1827
618,28.2022
619,28.3924
620,28.2899
621,28.3217
622,28.3399
623,28.3336
624,28.3898
625,28.4446
626,28.4975
627,28.3794
628,28.4075
629,28.2789
630,28.3562
631,28.3818
632,28.311
633,28.4226
634,28.4244
635,28.3468
636,28.4116
637,28.3637
638,28.4473
639,28.3978
640,28.3953
641,28.5461
642,28.335
643,28.3241
644,28.3511
645,28.3693
646,28.2994
647,28.3299
648,28.2231
649,28.2737
650,28.3208
651,28.3383
652,28.4474
653,28.3015
654,28.2941
655,28.4148
656,28.4194
657,28.3187
658,28.2472
659,28.2761
660,28.2978
661,28.3632
662,28.3091
663,28.3195
664,28.2655
665,28.2301
666,28.2713
667,28.2508
668,28.3249
669,28.2851
670,28.3384
671,28.413
672,28.3721
673,28.3643
674,28.3115
675,28.2297
676,28.2783
677,28.3115
678,28.2843
679,28.3255
680,28.3044
681,28.3435
682,28.3863
683,28.2755
684,28.2648
685,28.2919
686,28.2952
687,28.2346
688,28.2178
689,28.2614
690,28.2469
691,28.2175
692,28.2628
693,28.3177
694,28.264
695,28.2708
696,28.2463
697,28.2974
698,28.2565
699,28.2577
700,28.2543
701,28.1916
702,28.2729
703,28.2757
704,28.2758
705,28.3492
706,28.3286
707,28.3667
708,28.3372
709,28.3275
710,28.3143
711,28.2621
712,28.2161
713,28.2737
714,28.1893
715,28.2413
716,28.1076
717,28.182
718,28.3609
719,28.3278
720,28.2663
721,28.1984
722,28.2995
723,28.3144
724,28.362
725,28.2837
726,28.4865
727,28.4137
728,28.4559
729,28.3682
730,28.4135
731,28.3439
732,28.3773
733,28.4206
734,28.2881
735,28.266
736,28.2385
737,28.2173
738,28.1729
739,28.3804
740,28.409
741,28.3847
742,28.3346
743,28.3503
744,28.234
745,28.3104
746,28.3222
747,28.3573
748,28.3137
749,28.3987
750,28.4236
751,28.3727
752,28.3564
753,28.3399
754,28.3444
755,28.2263
756,28.2587
757,28.2793
758,28.2991
759,28.3573
760,28.403
761,28.3663
762,28.2982
763,28.3131
764,28.3514
765,28.3663
766,28.366
767,28.2849
768,28.3331
769,28.3351
770,28.2858
771,28.3088
772,28.3142
773,28.2775
774,28.3137
775,28.1301
776,28.2495
777,28.3035
778,28.407
779,28.2629
780,28.3027
781,28.3325
782,28.375
783,28.265
784,28.358
785,28.4326
786,28.5159
787,28.4609
788,28.481
789,28.4104
790,28.4211
791,28.5144
792,28.5651
793,28.5453
794,28.3985
795,28.3437
796,28.3859
797,28.3956
798,28.3169
799,28.4232
800,28.3953
801,28.3709
802,28.4269
803,28.5238
804,28.4736
805,28.4725
806,28.4718
807,28.4622
808,28.6193
809,28.553
810,28.5761
811,28.5151
812,28.664
813,28.5141
814,28.5074
815,28.453
816,28.5202
817,28.4908
818,28.6363
819,28.7646
820,28.6921
821,28.7052
822,28.6747
823,28.5592
824,28.4662
825,28.5425
826,28.6025
827,28.6132
828,28.615
829,28.6564
830,28.771
831,28.6908
832,28.5946
833,28.508
834,28.5391
835,28.6133
836,28.606
837,28.69
838,28.7128
839,28.5558
840,28.6079
841,28.5806
842,28.6323
843,28.73
844,28.6917
845,28.7346
846,28.6705
847,28.7105
848,28.542
849,28.6764
850,28.604
851,28.5938
852,28.5635
853,28.565
854,28.4261
855,28.4265
856,28.4596
857,28.4132
858,28.3208
859,28.4477
860,28.4643
861,28.4404
862,28.437
863,28.4366
864,28.4257
865,28.43
866,28.4295
867,28.4756
868,28.4624
869,28.4454
870,28.2874
871,28.4334
872,28.3878
873,28.4774
874,28.5039
875,28.5589
876,28.4476
877,28.4462
878,28.5096
879,28.4192
880,28.4855
881,28.4353
882,28.5862
883,28.5092
884,28.5428
885,28.5434
886,28.5351
887,28.5035
888,28.6097
889,28.6974
890,28.6801
891,28.7423
892,28.7513
893,28.6669
894,28.6409
895,28.6234
896,28.6056
897,28.5835
898,28.6051
899,28.4965
900,28.5013
901,28.3786
902,28.5367
903,28.5675
904,28.4711
905,28.5789
906,28.4384
907,28.5369
908,28.5526
909,28.593
910,28.5207
911,28.5275
912,28.476
913,28.4708
914,28.4729
915,28.6196
916,28.5975
917,28.5879
918,28.4913
919,28.6617
920,28.4806
921,28.4893
922,28.491
923,28.4227
924,28.3945
925,28.4717
926,28.6068
927,28.5526
928,28.6082
929,28.5251
930,28.5324
931,28.5981
932,28.576
933,28.5312
934,28.557
935,28.3864
936,28.4211
937,28.4696
938,28.3982
939,28.5362
940,28.458
941,28.4879
942,28.4429
943,28.5382
944,28.6314
945,28.5387
946,28.5527
947,28.493
948,28.5693
949,28.4828
950,28.4601
951,28.4439
952,28.5164
953,28.4838
954,28.4432
955,28.4575
956,28.5438
957,28.524
958,28.4974
959,28.4854
960,28.4403
961,28.4983
962,28.482
963,28.4382
964,28.404
965,28.506
966,28.4497
967,28.4394
968,28.3669
969,28.4522
970,28.2859
971,28.3557
972,28.3687
973,28.4531
974,28.4282
975,28.4122
976,28.4665
977,28.4637
978,28.5465
979,28.4559
980,28.5072
981,28.599
982,28.5757
983,28.4866
984,28.4659
985,28.4135
986,28.5194
987,28.5079
988,28.515
989,28.506
990,28.4158
991,28.4608
992,28.4203
993,28.4703
994,28.4514
995,28.4317
996,28.3308
997,28.4612
998,28.5215
999,28.6477
1000,28.6918
1001,28.4689
1002,28.5648
1003,28.5157
1004,28.5303
1005,28.5007
1006,28.6029
1007,28.5035
1008,28.4886
1009,28.573
1010,28.4882
1011,28.5145
1012,28.6945
1013,28.6503
1014,28.6717
1015,28.5686
1016,28.6969
1017,28.679
1018,28.6926
1019,28.7706
1020,28.5823
1021,28.6964
1022,28.6235
1023,28.6133
1024,28.5324
1025,28.47
1026,28.4929
1027,28.6115
1028,28.5064
1029,28.4826
1030,28.4612
1031,28.4872
1032,28.4537
1033,28.5309
1034,28.4904
1035,28.5459
1036,28.5645
1037,28.4323
1038,28.4934
1039,28.4324
1040,28.507
1041,28.4113
1042,28.5249
1043,28.4153
1044,28.4767
1045,28.3476
1046,28.3555
1047,28.3312
1048,28.5344
1049,28.4987
1050,28.5032
1051,28.4718
1052,28.3897
1053,28.4845
1054,28.5938
1055,28.6613
1056,28.4915
1057,28.4738
1058,28.4011
1059,28.4318
1060,28.4725
1061,28.3287
1062,28.3152
1063,28.2973
1064,28.2459
1065,28.3674
1066,28.3261
1067,28.3517
1068,28.2293
1069,28.2957
1070,28.3627
1071,28.2746
1072,28.3936
1073,28.3987
1074,28.4664
1075,28.4044
1076,28.3637
1077,28.5335
1078,28.4297
1079,28.4858
1080,28.4732
1081,28.3748
1082,28.4338
1083,28.3159
1084,28.3921
1085,28.2972
1086,28.3898
1087,28.456
1088,28.4742
1089,28.4925
1090,28.5143
1091,28.505
1092,28.4583
1093,28.4346
1094,28.4862
1095,28.5091
1096,28.5355
1097,28.4337
1098,28.3963
1099,28.3672
1100,28.3547
1101,28.4846
1102,28.5507
1103,28.5998
1104,28.5065
1105,28.5249
1106,28.6027
1107,28.5741
1108,28.6095
1109,28.5141
1110,28.424
1111,28.3606
1112,28.3519
1113,28.3436
1114,28.3543
1115,28.3461
1116,28.3891
1117,28.4216
1118,28.3758
1119,28.2634
1120,28.3948
1121,28.5152
1122,28.5245
1123,28.5226
1124,28.4279
1125,28.4485
1126,28.3197
1127,28.4165
1128,28.4089
1129,28.3899
1130,28.3354
1131,28.2719
1132,28.2483
1133,28.3259
1134,28.3704
1135,28.2835
1136,28.4531
1137,28.3425
1138,28.3121
1139,28.3713
1140,28.2749
1141,28.3835
1142,28.3649
1143,28.3463
1144,28.3834
1145,28.4851
1146,28.4919
1147,28.545
1148,28.3982
1149,28.4087
1150,28.3786
1151,28.4431
1152,28.4177
1153,28.4534
1154,28.4304
1155,28.5734
1156,28.5149
1157,28.5787
1158,28.5164
1159,28.5123
1160,28.3511
1161,28.4643
1162,28.4293
1163,28.4166
1164,28.53
1165,28.4414
1166,28.4413
1167,28.5186
1168,28.4633
1169,28.4097
1170,28.5344
1171,28.447
1172,28.4228
1173,28.4816
1174,28.4391
1175,28.4531
1176,28.473
1177,28.5126
1178,28.556
1179,28.6338
1180,28.6262
1181,28.5713
1182,28.56
1183,28.6199
1184,28.5435
1185,28.6089
1186,28.5974
1187,28.6193
1188,28.5364
1189,28.4889
1190,28.4654
1191,28.5567
1192,28.6178
1193,28.4855
1194,28.4303
1195,28.4807
1196,28.3901
1197,28.4331
1198,28.5329
1199,28.4935
1200,28.4424
1201,28.4672
1202,28.4886
1203,28.5896
1204,28.5736
1205,28.6038
1206,28.5793
1207,28.6562
1208,28.5639
1209,28.5522
1210,28.6838
1211,28.4687
1212,28.5967
1213,28.6241
1214,28.6298
1215,28.5856
1216,28.5274
1217,28.5186
1218,28.5761
1219,28.57
1220,28.6745
1221,28.612
1222,28.6143
1223,28.6597
1224,28.6209
1225,28.5951
1226,28.5622
1227,28.5235
1228,28.606
1229,28.6647
1230,28.7126
1231,28.683
1232,28.6759
1233,28.6123
1234,28.706
1235,28.6924
1236,28.7596
1237,28.6841
1238,28.685
1239,28.7037
1240,28.585
1241,28.715
1242,28.6894
1243,28.6253
1244,28.5467
1245,28.6207
1246,28.5797
1247,28.5741
1248,28.5923
1249,28.5338
1250,28.5157
1251,28.4712
1252,28.5134
1253,28.4805
1254,28.6074
1255,28.4703
1256,28.389
1257,28.4236
1258,28.4413
1259,28.5293
1260,28.5202
1261,28.4452
1262,28.4437
1263,28.4927
1264,28.5375
1265,28.538
1266,28.6041
1267,28.6372
1268,28.5269
1269,28.6907
1270,28.63
1271,28.596
1272,28.5705
1273,28.6103
1274,28.7582
1275,28.7213
1276,28.6867
1277,28.6887
1278,28.6941
1279,28.6357
1280,28.6544
1281,28.7096
1282,28.7449
1283,28.7496
1284,28.7175
1285,28.6718
1286,28.5789
1287,28.6292
1288,28.6738
1289,28.5596
1290,28.6346
1291,28.6252
1292,28.57
1293,28.6051
1294,28.6861
1295,28.6257
1296,28.6441
1297,28.5519
1298,28.5421
1299,28.5466
1300,28.6158
1301,28.602
1302,28.5199
1303,28.6292
1304,28.5163
1305,28.5953
1306,28.5371
1307,28.5828
1308,28.6721
1309,28.7162
1310,28.6508
1311,28.5985
1312,28.6027
1313,28.6306
1314,28.6776
1315,28.6596
1316,28.5514
1317,28.6112
1318,28.5607
1319,28.6057
1320,28.5955
1321,28.5347
1322,28.6612
1323,28.63
1324,28.5663
1325,28.4627
1326,28.4843
1327,28.669
1328,28.6223
1329,28.5668
1330,28.5831
1331,28.6843
1332,28.6473
1333,28.5753
1334,28.6399
1335,28.5762
1336,28.595
1337,28.4886
1338,28.4972
1339,28.5058
1340,28.6023
1341,28.5112
1342,28.4501
1343,28.4622
1344,28.487
1345,28.4828
1346,28.5071
1347,28.5227
1348,28.5401
1349,28.5258
1350,28.5427
1351,28.6672
1352,28.5839
1353,28.6357
1354,28.4982
1355,28.5328
1356,28.5704
1357,28.5074
1358,28.5797
1359,28.5284
1360,28.6043
1361,28.4559
1362,28.5926
1363,28.5813
1364,28.5634
1365,28.4255
1366,28.4678
1367,28.6466
1368,28.6645
1369,28.6267
1370,28.465
1371,28.4031
1372,28.5045
1373,28.4056
1374,28.4487
1375,28.4404
1376,28.437
1377,28.5598
1378,28.6352
1379,28.5965
1380,28.548
1381,28.5936
1382,28.5364
1383,28.6131
1384,28.5619
1385,28.5813
1386,28.6008
1387,28.5741
1388,28.569
1389,28.5541
1390,28.52
1391,28.596
1392,28.5764
1393,28.4757
1394,28.5543
1395,28.4615
1396,28.4615
1397,28.5467
1398,28.4815
1399,28.5679
1400,28.4745
1401,28.5468
1402,28.4798
1403,28.5818
1404,28.6461
1405,28.6393
1406,28.559
1407,28.5317
1408,28.4382
1409,28.3529
1410,28.3658
1411,28.4841
1412,28.4515
1413,28.4212
1414,28.4667
1415,28.5106
1416,28.5231
1417,28.4743
1418,28.5009
1419,28.506
1420,28.4863
1421,28.4788
1422,28.4444
1423,28.5884
1424,28.531
1425,28.5161
1426,28.618
1427,28.4799
1428,28.4818
1429,28.6084
1430,28.5223
1431,28.5385
1432,28.5357
1433,28.626
1434,28.5622
1435,28.4821
1436,28.5944
1437,28.4484
1438,28.4638
1439,28.4831
1440,28.3525
1441,28.4395
1442,28.5322
1443,28.4011
1444,28.3756
1445,28.4674
1446,28.3954
1447,28.4701
1448,28.4446
1449,28.3846
1450,28.3895
1451,28.3686
1452,28.4179
1453,28.533
1454,28.5525
1455,28.445
1456,28.3544
1457,28.4547
1458,28.4676
1459,28.4732
1460,28.3712
1461,28.5295
1462,28.4786
1463,28.4195
1464,28.5892
1465,28.4889
1466,28.4923
1467,28.3764
1468,28.4089
1469,28.4457
1470,28.4293
1471,28.4803
1472,28.4503
1473,28.4268
1474,28.4326
1475,28.4351
1476,28.3586
1477,28.3836
1478,28.348
1479,28.3107
1480,28.3613
1481,28.342
1482,28.4871
1483,28.4389
1484,28.4245
1485,28.4225
1486,28.4721
1487,28.5882
1488,28.5845
1489,28.4667
1490,28.4461
1491,28.5385
1492,28.4104
1493,28.4385
1494,28.4838
1495,28.5427
1496,28.4836
1497,28.5547
1498,28.4759
1499,28.4274
1500,28.4883
1501,28.3837
1502,28.3683
1503,28.4423
1504,28.4081
1505,28.3938
1506,28.4774
1507,28.5221
1508,28.5188
1509,28.3264
1510,28.3194
1511,28.3365
1512,28.4275
1513,28.4753
1514,28.5074
1515,28.4536
1516,28.3944
1517,28.4087
1518,28.5089
1519,28.4541
1520,28.4901
1521,28.4521
1522,28.3501
1523,28.3103
1524,28.4631
1525,28.4263
1526,28.4062
1527,28.4491
1528,28.4108
1529,28.507
1530,28.4562
1531,28.4331
1532,28.4021
1533,28.3408
1534,28.346
1535,28.3396
1536,28.5294
1537,28.4757
1538,28.5696
1539,28.4596
1540,28.4514
1541,28.5409
1542,28.4305
1543,28.5714
1544,28.4337
1545,28.4385
1546,28.5521
1547,28.5841
1548,28.5435
1549,28.5668
1550,28.5485
1551,28.5437
1552,28.4483
1553,28.5394
1554,28.5262
1555,28.5845
1556,28.5799
1557,28.6013
1558,28.677
1559,28.5016
1560,28.6112
1561,28.5047
1562,28.498
1563,28.4104
1564,28.4562
1565,28.4394
1566,28.4148
1567,28.3951
1568,28.5615
1569,28.531
1570,28.5245
1571,28.5467
1572,28.5706
1573,28.6304
1574,28.5205
1575,28.5091
1576,28.6749
1577,28.6779
1578,28.5515
1579,28.578
1580,28.4882
1581,28.4015
1582,28.4606
1583,28.4666
1584,28.4214
1585,28.3832
1586,28.3924
1587,28.46
1588,28.4105
1589,28.4612
1590,28.4727
1591,28.4876
1592,28.4714
1593,28.3681
1594,28.3716
1595,28.4403
1596,28.492
1597,28.413
1598,28.4046
1599,28.4044
1600,28.4219
1601,28.3886
1602,28.5068
1603,28.3134
1604,28.3136
1605,28.3215
1606,28.3418
1607,28.3369
1608,28.3631
1609,28.3295
1610,28.338
1611,28.3628
1612,28.2977
1613,28.2706
1614,28.2683
1615,28.316
1616,28.2693
1617,28.1849
1618,28.2997
1619,28.2081
1620,28.2379
1621,28.2523
1622,28.3585
1623,28.4579
1624,28.3273
1625,28.3932
1626,28.3064
1627,28.3365
1628,28.3848
1629,28.3082
1630,28.4324
1631,28.3161
1632,28.5092
1633,28.4364
1634,28.3664
1635,28.397
1636,28.3741
1637,28.457
1638,28.3754
1639,28.3971
1640,28.3696
1641,28.4356
1642,28.4607
1643,28.4429
1644,28.5115
1645,28.5599
1646,28.5137
1647,28.3885
1648,28.3768
1649,28.2514
1650,28.2876
1651,28.3062
1652,28.3932
1653,28.4244
1654,28.3554
1655,28.3532
1656,28.3674
1657,28.4698
1658,28.3818
1659,28.2871
1660,28.2464
1661,28.4092
1662,28.4086
1663,28.4012
1664,28.4132
1665,28.4625
1666,28.3342
1667,28.3798
1668,28.3773
1669,28.3638
1670,28.4158
1671,28.3515
1672,28.2103
1673,28.2578
1674,28.36
1675,28.3359
1676,28.2755
1677,28.2193
1678,28.1706
1679,28.0756
1680,28.2029
1681,28.2827
1682,28.3462
1683,28.2041
1684,28.2337
1685,28.2421
1686,28.0996
1687,28.1505
1688,28.3248
1689,28.3391
1690,28.3818
1691,28.2467
1692,28.3143
1693,28.3215
1694,28.3301
1695,28.2783
1696,28.2153
1697,28.1458
1698,28.0296
1699,28.2052
1700,28.2395
1701,28.2629
1702,28.2583
1703,28.3002
1704,28.2751
1705,28.2327
1706,28.3023
1707,28.392
1708,28.2625
1709,28.0815
1710,28.2053
1711,28.1788
1712,28.2735
1713,28.2445
1714,28.2503
1715,28.23
1716,28.2397
1717,28.3282
1718,28.3631
1719,28.374
1720,28.3995
1721,28.3028
1722,28.2755
1723,28.3487
1724,28.2614
1725,28.39
1726,28.373
1727,28.2303
1728,28.2236
1729,28.2187
1730,28.2448
1731,28.1345
1732,28.1949
1733,28.0912
1734,28.2113
1735,28.117
1736,28.2154
1737,28.2311
1738,28.2771
1739,28.2008
1740,28.1883
1741,28.2587
1742,28.4055
1743,28.2784
1744,28.3506
1745,28.3851
1746,28.3638
1747,28.4091
1748,28.4389
1749,28.4572
1750,28.4028
1751,28.4688
1752,28.4607
1753,28.4542
1754,28.2333
1755,28.3298
1756,28.3463
1757,28.2545
1758,28.2269
1759,28.2191
1760,28.2786
1761,28.2849
1762,28.3224
1763,28.2832
1764,28.2294
1765,28.2501
1766,28.1691
1767,28.287
1768,28.2444
1769,28.1873
1770,28.2392
1771,28.271
1772,28.2227
1773,28.2039
1774,28.1761
1775,28.1594
1776,28.2403
1777,28.2035
1778,28.1168
1779,28.2611
1780,28.266
1781,28.2517
1782,28.2772
1783,28.2316
1784,28.1827
1785,28.1444
1786,28.3014
1787,28.2497
1788,28.2629
1789,28.2253
1790,28.3085
1791,28.2833
1792,28.3566
1793,28.3348
1794,28.3449
1795,28.2852
1796,28.2341
1797,28.1638
1798,28.2887
1799,28.2671
1800,28.1738
1801,28.2146
1802,28.115
1803,28.2537
1804,28.2566
1805,28.2909
1806,28.2044
1807,28.198
1808,28.3224
1809,28.3205
1810,28.3196
1811,28.1761
1812,28.1878
1813,28.3392
1814,28.3666
1815,28.3506
1816,28.3953
1817,28.4387
1818,28.4678
1819,28.4309
1820,28.435
1821,28.5371
1822,28.365
1823,28.2822
1824,28.2438
1825,28.2052
1826,28.324
1827,28.1979
1828,28.2624
1829,28.2574
1830,28.2473
1831,28.2533
1832,28.3466
1833,28.4211
1834,28.2307
1835,28.2945
1836,28.2934
1837,28.3671
1838,28.3432
1839,28.2542
1840,28.1602
1841,28.2314
1842,28.2722
1843,28.2233
1844,28.1854
1845,28.2697
1846,28.2952
1847,28.2595
1848,28.1811
1849,28.1884
1850,28.313
1851,28.2221
1852,28.3011
1853,28.2918
1854,28.3522
1855,28.3452
1856,28.2822
1857,28.3672
1858,28.3066
1859,28.3353
1860,28.2167
1861,28.2615
1862,28.3356
1863,28.2691
1864,28.3105
1865,28.2682
1866,28.2947
1867,28.1602
1868,28.2481
1869,28.3366
1870,28.2431
1871,28.3095
1872,28.3394
1873,28.2182
1874,28.2549
1875,28.177
1876,28.1522
1877,28.2277
1878,28.1834
1879,28.1615
1880,28.1814
1881,28.1639
1882,28.1588
1883,28.1843
1884,28.2396
1885,28.1289
1886,28.1589
1887,28.3056
1888,28.1753
1889,28.147
1890,28.1651
1891,28.1758
1892,28.0926
1893,28.0877
1894,28.0897
1895,28.1009
1896,28.1076
1897,28.1058
1898,28.1732
1899,28.1096
1900,28.2072
1901,28.1403
1902,28.0586
1903,28.2166
1904,28.1315
1905,28.1844
1906,28.0464
1907,28.0319
1908,28.1267
1909,28.1113
1910,28.1603
1911,28.1707
1912,28.0111
1913,27.936
1914,28.0521
1915,27.9999
1916,28.0493
1917,28.0721
1918,28.007
1919,28.0097
1920,28.0395
1921,28.0754
1922,28.1597
1923,28.0655
1924,27.9142
1925,27.9968
1926,28.0743
1927,27.9968
1928,28.0526
1929,28.0641
1930,28.0919
1931,28.0377
1932,27.9952
1933,28.0487
1934,28.0029
1935,28.0653
1936,28.0731
1937,28.0454
1938,28.0474
1939,27.9941
1940,28.0796
1941,28.1721
1942,28.1137
1943,28.107
1944,28.0624
1945,28.1313
1946,28.0292
1947,28.0841
1948,28.1292
1949,28.0832
1950,28.154
1951,28.1269
1952,28.1542
1953,28.1906
1954,28.1798
1955,28.3101
1956,28.288
1957,28.3109
1958,28.2903
1959,28.1953
1960,28.2702
1961,28.3968
1962,28.4599
1963,28.347
1964,28.2898
1965,28.3265
1966,28.3482
1967,28.3463
1968,28.3322
1969,28.388
1970,28.2715
1971,28.2588
1972,28.1869
1973,28.3494
1974,28.2417
1975,28.2447
1976,28.2419
1977,28.2902
1978,28.2064
1979,28.3017
1980,28.3954
1981,28.3814
1982,28.3461
1983,28.3646
1984,28.2896
1985,28.2477
1986,28.3201
1987,28.2409
1988,28.3145
1989,28.2124
1990,28.2611
1991,28.2024
1992,28.2498
1993,28.2704
1994,28.2615
1995,28.2155
1996,28.394
1997,28.2563
1998,28.349
1999,28.2199
2000,28.1474
2001,28.1803
2002,28.2056
2003,28.2432
2004,28.1799
2005,28.3505
2006,28.2142
2007,28.1576
2008,28.1741
2009,28.2096
2010,28.1294
2011,28.258
2012,28.1723
2013,28.1693
2014,28.3247
2015,28.2419
2016,28.2064
2017,28.2119
2018,28.3609
2019,28.2313
2020,28.3021
2021,28.2562
2022,28.2967
2023,28.2515
2024,28.206
2025,28.1601
2026,28.1743
2027,28.1271
2028,28.2109
2029,28.155
2030,28.2041
2031,28.1985
2032,28.2738
2033,28.1832
2034,28.3076
2035,28.2975
2036,28.3398
2037,28.2158
2038,28.1453
2039,28.2213
2040,28.2216
2041,28.2377
2042,28.2567
2043,28.2981
2044,28.2454
2045,28.189
2046,28.1411
2047,28.1167
2048,28.2109
2049,28.1602
2050,28.3619
2051,28.2235
2052,28.1802
2053,28.3062
2054,28.1975
2055,28.183
2056,28.3033
2057,28.2781
2058,28.3279
2059,28.2614
2060,28.3035
2061,28.3421
2062,28.3512
2063,28.3909
2064,28.3302
2065,28.3786
2066,28.4017
2067,28.3308
2068,28.3858
2069,28.3174
2070,28.3487
2071,28.3766
2072,28.3205
2073,28.3019
2074,28.3559
2075,28.5096
2076,28.3244
2077,28.2351
2078,28.2468
2079,28.3063
2080,28.3035
2081,28.3107
2082,28.3449
2083,28.4341
2084,28.3597
2085,28.2397
2086,28.3639
2087,28.3269
2088,28.3289
2089,28.3917
2090,28.3518
2091,28.3096
2092,28.3285
2093,28.2718
2094,28.4264
2095,28.3768
2096,28.3422
2097,28.3132
2098,28.3309
2099,28.3184
2100,28.265
2101,28.257
2102,28.2634
2103,28.3127
2104,28.3202
2105,28.2788
2106,28.419
2107,28.3875
2108,28.3781
2109,28.4016
2110,28.3549
2111,28.369
2112,28.3676
2113,28.3423
2114,28.2485
2115,28.4081
2116,28.4313
2117,28.2975
2118,28.3392
2119,28.4455
2120,28.4188
2121,28.4034
2122,28.5038
2123,28.4747
2124,28.5668
2125,28.587
2126,28.4342
2127,28.4666
2128,28.4993
2129,28.3928
2130,28.432
2131,28.3699
2132,28.406
2133,28.4497
2134,28.4022
2135,28.4306
2136,28.4815
2137,28.3172
2138,28.3358
2139,28.3117
2140,28.4106
2141,28.3743
2142,28.3671
2143,28.3527
2144,28.2713
2145,28.3795
2146,28.3845
2147,28.2472
2148,28.276
2149,28.2817
2150,28.3635
2151,28.3004
2152,28.2567
2153,28.2316
2154,28.2496
2155,28.1716
2156,28.2399
2157,28.198
2158,28.2577
2159,28.2874
2160,28.2817
2161,28.1966
2162,28.1432
2163,28.2548
2164,28.2091
2165,28.3914
2166,28.2126
2167,28.2902
2168,28.2171
2169,28.2612
2170,28.3138
2171,28.2723
2172,28.2701
2173,28.336
2174,28.2976
2175,28.3033
2176,28.2846
2177,28.2797
2178,28.2246
2179,28.3438
2180,28.1835
2181,28.1692
2182,28.3327
2183,28.1738
2184,28.2208
2185,28.1579
2186,28.2051
2187,28.3204
2188,28.306
2189,28.3581
2190,28.3979
2191,28.277
2192,28.256
2193,28.2719
2194,28.2133
2195,28.3375
2196,28.3171
2197,28.2564
2198,28.2617
2199,28.1868
2200,28.1465
2201,28.194
2202,28.1331
2203,28.2471
2204,28.2137
2205,28.2078
2206,28.2069
2207,28.1473
2208,28.2156
2209,28.241
2210,28.2862
2211,28.1486
2212,28.2394
2213,28.1894
2214,28.2648
2215,28.2097
2216,28.146
2217,28.2602
2218,28.2205
2219,28.2415
2220,28.2411
2221,28.2282
2222,28.2858
2223,28.1339
2224,28.2955
2225,28.2266
2226,28.1901
2227,28.1128
2228,28.1874
2229,28.1574
2230,28.2126
2231,28.3112
2232,28.2333
2233,28.2453
2234,28.1043
2235,28.1765
2236,28.1443
2237,28.0815
2238,28.1011
2239,28.135
2240,28.1582
2241,28.2497
2242,28.1644
2243,28.143
2244,28.0604
2245,28.0946
2246,28.1725
2247,28.1871
2248,28.1748
2249,28.1418
2250,28.1955
2251,28.0846
2252,28.0693
2253,27.9963
2254,28.126
2255,28.0025
2256,28.0367
2257,28.0331
2258,28.0493
2259,28.0575
2260,28.0552
2261,28.0063
2262,28.0255
2263,28.0113
2264,28.0259
2265,28.1129
2266,28.1426
2267,28.2115
2268,28.1237
2269,28.0765
2270,28.2072
2271,28.251
2272,28.097
2273,28.0603
2274,28.2086
2275,28.2516
2276,28.2225
2277,28.1775
2278,28.2392
2279,28.1421
2280,28.2718
2281,28.2178
2282,28.184
2283,28.1841
2284,28.1491
2285,28.0904
2286,28.0786
2287,28.2877
2288,28.2365
2289,28.2013
2290,28.305
2291,28.2819
2292,28.1903
2293,28.2273
2294,28.3207
2295,28.2909
2296,28.3044
2297,28.2551
2298,28.1616
2299,28.3047
2300,28.2128
2301,28.1683
2302,28.1857
2303,28.2776
2304,28.317
2305,28.2954
2306,28.1564
2307,28.1903
2308,28.249
2309,28.2515
2310,28.21
2311,28.0809
2312,28.1179
2313,28.1876
2314,28.1534
2315,28.0957
2316,28.0876
2317,28.1969
2318,28.2016
2319,28.2677
2320,28.1978
2321,28.236
2322,28.2925
2323,28.2251
2324,28.1687
2325,28.2715
2326,28.191
2327,28.3188
2328,28.2451
2329,28.187
2330,28.1202
2331,28.1381
2332,28.156
2333,28.229
2334,28.2079
2335,28.2124
2336,28.2439
2337,28.2507
2338,28.3077
2339,28.2174
2340,28.2137
2341,28.1909
2342,28.0617
2343,28.2835
2344,28.2634
2345,28.2657
2346,28.2715
2347,28.2743
2348,28.1948
2349,28.2494
2350,28.2218
2351,28.1743
2352,28.2281
2353,28.2823
2354,28.1958
2355,28.2695
2356,28.2535
2357,28.1602
2358,28.2107
2359,28.1866
2360,28.1215
2361,28.1206
2362,28.1511
2363,28.2418
2364,28.2164
2365,28.1969
2366,28.1588
2367,28.2046
2368,28.2047
2369,28.1887
2370,28.2216
2371,28.1805
2372,28.1925
2373,28.2477
2374,28.0684
2375,28.1383
2376,28.0518
2377,28.1077
2378,28.0924
2379,28.0913
2380,28.1509
2381,28.1331
2382,28.0936
2383,28.1693
2384,28.1089
2385,28.2014
2386,28.1327
2387,28.2145
2388,28.1875
2389,28.2748
2390,28.2251
2391,28.2682
2392,28.2191
2393,28.2519
2394,28.2906
2395,28.3786
2396,28.3371
2397,28.2835
2398,28.2639
2399,28.2919
2400,28.2526
2401,28.3158
2402,28.1728
2403,28.2769
2404,28.2296
2405,28.225
2406,28.2788
2407,28.3103
2408,28.3391
2409,28.2874
2410,28.3059
2411,28.2993
2412,28.2074
2413,28.3772
2414,28.3684
2415,28.321
2416,28.2616
2417,28.1376
2418,28.2338
2419,28.216
2420,28.2083
2421,28.19
2422,28.2288
2423,28.2348
2424,28.2978
2425,28.3629
2426,28.3515
2427,28.3184
2428,28.3276
2429,28.2964
2430,28.2006
2431,28.2813
2432,28.397
2433,28.3424
2434,28.3644
2435,28.4007
2436,28.312
2437,28.3133
2438,28.3364
2439,28.3451
2440,28.3786
2441,28.35
2442,28.4683
2443,28.3063
2444,28.2858
2445,28.3018
2446,28.3086
2447,28.2176
2448,28.3343
2449,28.4135
2450,28.3098
2451,28.2588
2452,28.2718
2453,28.3249
2454,28.3297
2455,28.2702
2456,28.2216
2457,28.3252
2458,28.2971
2459,28.3014
2460,28.368
2461,28.3
2462,28.2208
2463,28.2156
2464,28.2109
2465,28.1348
2466,28.1322
2467,28.2435
2468,28.2525
2469,28.1177
2470,28.2115
2471,28.1714
2472,28.1433
2473,28.185
2474,28.1091
2475,28.1455
2476,28.2379
2477,28.2901
2478,28.1456
2479,28.2409
2480,28.179
2481,28.2721
2482,28.198
2483,28.2505
2484,28.3712
2485,28.3376
2486,28.396
2487,28.523
2488,28.4166
2489,28.2534
2490,28.1856
2491,28.2178
2492,28.3395
2493,28.2669
2494,28.3339
2495,28.3356
2496,28.3191
2497,28.3957
2498,28.3849
2499,28.3393
2500,28.2233
2501,28.3246
2502,28.2711
2503,28.4195
2504,28.3891
2505,28.2923
2506,28.3319
2507,28.3527
2508,28.3801
2509,28.3877
2510,28.3273
2511,28.2924
2512,28.4373
2513,28.3348
2514,28.3834
2515,28.4524
2516,28.5151
2517,28.4656
2518,28.5528
2519,28.467
2520,28.4389
2521,28.5378
2522,28.3832
2523,28.4043
2524,28.3433
2525,28.2863
2526,28.1302
2527,28.198
2528,28.2565
2529,28.2961
2530,28.2596
2531,28.3571
2532,28.2287
2533,28.1938
2534,28.2081
2535,28.1866
2536,28.2326
2537,28.0961
2538,28.234
2539,28.314
2540,28.2686
2541,28.2752
2542,28.325
2543,28.2494
2544,28.2806
2545,28.2995
2546,28.1972
2547,28.3567
2548,28.3112
2549,28.3372
2550,28.3411
2551,28.273
2552,28.2593
2553,28.3104
2554,28.2258
2555,28.2922
2556,28.444
2557,28.3647
2558,28.1872
2559,28.3064
2560,28.3705
2561,28.3882
2562,28.3414
2563,28.2927
2564,28.4398
2565,28.387
2566,28.3227
2567,28.2549
2568,28.351
2569,28.3
2570,28.3463
2571,28.3372
2572,28.257
2573,28.2483
2574,28.0822
2575,28.1534
2576,28.2446
2577,28.174
2578,28.2134
2579,28.3004
2580,28.3035
2581,28.19
2582,28.2808
2583,28.2083
2584,28.2036
2585,28.2387
2586,28.3436
2587,28.3925
2588,28.3386
2589,28.4212
2590,28.3476
2591,28.3362
2592,28.2525
2593,28.3622
2594,28.2417
2595,28.3316
2596,28.2769
2597,28.2517
2598,28.1971
2599,28.2201
2600,28.2983
2601,28.2437
2602,28.2646
2603,28.2456
2604,28.3242
2605,28.2424
2606,28.1791
2607,28.2398
2608,28.1935
2609,28.2407
2610,28.2081
2611,28.2387
2612,28.2885
2613,28.169
2614,28.2366
2615,28.3943
2616,28.3991
2617,28.4175
2618,28.2842
2619,28.2681
2620,28.3488
2621,28.3458
2622,28.4306
2623,28.3005
2624,28.3974
2625,28.208
2626,28.2943
2627,28.3816
2628,28.2905
2629,28.2612
2630,28.2984
2631,28.4209
2632,28.3287
2633,28.4076
2634,28.4617
2635,28.374
2636,28.3825
2637,28.4735
2638,28.3964
2639,28.2985
2640,28.4343
2641,28.3354
2642,28.4204
2643,28.317
2644,28.2986
2645,28.3131
2646,28.3026
2647,28.1489
2648,28.3348
2649,28.347
2650,28.3754
2651,28.2941
2652,28.3044
2653,28.2439
2654,28.2671
2655,28.2447
2656,28.0322
2657,28.169
2658,28.2412
2659,28.2709
2660,28.2979
2661,28.3581
2662,28.2516
2663,28.2373
2664,28.2757
2665,28.2799
2666,28.2044
2667,28.2609
2668,28.2756
2669,28.2941
2670,28.2999
2671,28.2676
2672,28.2656
2673,28.314
2674,28.2266
2675,28.2038
2676,28.1641
2677,28.0798
2678,28.2561
2679,28.1604
2680,28.2465
2681,28.2343
2682,28.2635
2683,28.2226
2684,28.3528
2685,28.2324
2686,28.2737
2687,28.2416
2688,28.2468
2689,28.263
2690,28.2988
2691,28.3869
2692,28.3515
2693,28.2337
2694,28.1871
2695,28.3654
2696,28.2316
2697,28.3268
2698,28.3982
2699,28.3655
2700,28.2215
2701,28.3448
2702,28.2935
2703,28.3066
2704,28.1017
2705,28.0612
2706,28.2163
2707,28.2379
2708,28.3347
2709,28.131
2710,28.2166
2711,28.3771
2712,28.3081
2713,28.3934
2714,28.3598
2715,28.3234
2716,28.3277
2717,28.2186
2718,28.3498
2719,28.4168
2720,28.3591
2721,28.3477
2722,28.3187
2723,28.4005
2724,28.3655
2725,28.1642
2726,28.249
2727,28.3386
2728,28.4056
2729,28.3412
2730,28.34
2731,28.2682
2732,28.3897
2733,28.3094
2734,28.3212
2735,28.3299
2736,28.3541
2737,28.2578
2738,28.2672
2739,28.3372
2740,28.271
2741,28.395
2742,28.2915
2743,28.3124
2744,28.1869
2745,28.2779
2746,28.2735
2747,28.3578
2748,28.1956
2749,28.239
2750,28.2878
2751,28.3104
2752,28.1278
2753,28.3054
2754,28.2571
2755,28.2365
2756,28.2245
2757,28.1341
2758,28.1539
2759,28.3088
2760,28.2298
2761,28.2908
2762,28.1199
2763,28.1598
2764,28.1773
2765,28.2728
2766,28.2592
2767,28.3011
2768,28.1831
2769,28.3278
2770,28.2199
2771,28.3075
2772,28.2529
2773,28.3007
2774,28.3355
2775,28.3472
2776,28.3125
2777,28.2692
2778,28.1899
2779,28.32
2780,28.2411
2781,28.2638
2782,28.297
2783,28.3382
2784,28.2453
2785,28.3166
2786,28.2092
2787,28.2496
2788,28.2051
2789,28.1386
2790,28.1492
2791,28.2007
2792,28.2394
2793,28.2727
2794,28.2127
2795,28.3099
2796,28.2583
2797,28.2848
2798,28.3362
2799,28.3628
2800,28.3087
2801,28.2501
2802,28.2346
2803,28.2977
2804,28.1302
2805,28.1147
2806,27.9996
2807,28.2582
2808,28.3246
2809,28.2435
2810,28.258
2811,28.3513
2812,28.3655
2813,28.241
2814,28.3202
2815,28.3551
2816,28.3853
2817,28.3246
2818,28.3548
2819,28.3538
2820,28.3716
2821,28.3462
2822,28.3849
2823,28.2518
2824,28.2944
2825,28.2658
2826,28.2698
2827,28.2255
2828,28.2885
2829,28.2946
2830,28.3188
2831,28.3321
2832,28.2853
2833,28.2652
2834,28.3768
2835,28.3793
2836,28.2658
2837,28.235
2838,28.2631
2839,28.2555
2840,28.3661
2841,28.3087
2842,28.357
2843,28.2515
2844,28.2644
2845,28.1798
2846,28.2485
2847,28.1397
2848,28.2616
2849,28.2726
2850,28.4042
2851,28.1728
2852,28.3027
2853,28.2684
2854,28.2058
2855,28.3147
2856,28.2772
2857,28.2448
2858,28.2726
2859,28.2485
2860,28.2563
2861,28.2547
2862,28.2228
2863,28.3
2864,28.1874
2865,28.2101
2866,28.2304
2867,28.3088
2868,28.3233
2869,28.3354
2870,28.3041
2871,28.2743
2872,28.3423
2873,28.3265
2874,28.3788
2875,28.2945
2876,28.2669
2877,28.3018
2878,28.3491
2879,28.3199
2880,28.2477
2881,28.148
2882,28.2409
2883,28.2263
2884,28.3114
2885,28.231
2886,28.3732
2887,28.4478
2888,28.4127
2889,28.4062
2890,28.4333
2891,28.4171
2892,28.3725
2893,28.4096
2894,28.3206
2895,28.2983
2896,28.2819
2897,28.2999
2898,28.3826
2899,28.3062
2900,28.3831
2901,28.3046
2902,28.1589
2903,28.167
2904,28.2916
2905,28.1735
2906,28.2283
2907,28.2183
2908,28.3451
2909,28.3053
2910,28.3599
2911,28.4488
2912,28.4835
2913,28.422
2914,28.3276
2915,28.3708
2916,28.417
2917,28.432
2918,28.4077
2919,28.48
2920,28.3824
2921,28.4154
2922,28.2022
2923,28.3396
2924,28.202
2925,28.3003
2926,28.2837
2927,28.3255
2928,28.2845
2929,28.3119
2930,28.4071
2931,28.4265
2932,28.3575
2933,28.3936
2934,28.3246
2935,28.2976
2936,28.2188
2937,28.342
2938,28.2546
2939,28.3631
2940,28.2957
2941,28.5449
2942,28.3661
2943,28.4132
2944,28.3287
2945,28.3671
2946,28.5173
2947,28.4003
2948,28.3181
2949,28.3145
2950,28.3424
2951,28.3354
2952,28.2392
2953,28.392
2954,28.4062
2955,28.3789
2956,28.3115
2957,28.4188
2958,28.4055
2959,28.2963
2960,28.3796
2961,28.2414
2962,28.2497
2963,28.3006
2964,28.2501
2965,28.2852
2966,28.3155
2967,28.3997
2968,28.3551
2969,28.3568
2970,28.357
2971,28.347
2972,28.4643
2973,28.4439
2974,28.3171
2975,28.3538
2976,28.3259
2977,28.2719
2978,28.2418
2979,28.2975
2980,28.2694
2981,28.2105
2982,28.2277
2983,28.1909
2984,28.2624
2985,28.2475
2986,28.1884
2987,28.3349
2988,28.3278
2989,28.2533
2990,28.2975
2991,28.2811
2992,28.3936
2993,28.4311
2994,28.3706
2995,28.4362
2996,28.3147
2997,28.2963
2998,28.359
2999,28.3714
3000,28.2807
3001,28.2945
3002,28.165
3003,28.172
3004,28.2955
3005,28.1546
3006,28.1259
3007,28.1549
3008,28.1117
3009,28.1749
3010,28.039
3011,28.0919
3012,28.1546
3013,28.1123
3014,28.1657
3015,28.2488
3016,28.1755
3017,28.2468
3018,28.2172
3019,28.2153
3020,28.1274
3021,28.0138
3022,28.1003
3023,27.9778
3024,28.1524
3025,28.1508
3026,28.1061
3027,28.0307
3028,28.0657
3029,28.2351
3030,28.1294
3031,28.1482
3032,28.2202
3033,28.2879
3034,28.1859
3035,28.1649
3036,28.2096
3037,28.3081
3038,28.277
3039,28.1771
3040,28.2516
3041,28.1646
3042,28.2686
3043,28.2263
3044,28.1623
3045,28.2594
3046,28.2314
3047,28.1812
3048,28.1886
3049,28.2476
3050,28.2485
3051,28.214
3052,28.2202
3053,28.1848
3054,28.2349
3055,28.1103
3056,28.2552
3057,28.2532
3058,28.1812
3059,28.1563
3060,28.111
3061,28.1912
3062,28.2538
3063,28.2979
3064,28.3226
3065,28.4296
3066,28.24
3067,28.2658
3068,28.2598
3069,28.3479
3070,28.2952
3071,28.3849
3072,28.1754
3073,28.2921
3074,28.2313
3075,28.1568
3076,28.2542
3077,28.2893
3078,28.2506
3079,28.4133
3080,28.2803
3081,28.1011
3082,28.1378
3083,28.1996
3084,28.1475
3085,28.0593
3086,28.145
3087,28.1412
3088,28.0282
3089,27.9284
3090,27.9908
3091,28.1983
3092,28.1089
3093,28.1058
3094,28.1213
3095,28.1849
3096,28.0863
3097,28.1935
3098,28.1591
3099,28.148
3100,28.1695
3101,28.0625
3102,28.071
3103,28.1324
3104,28.0747
3105,28.0227
3106,28.0907
3107,28.147
3108,28.2602
3109,28.2015
3110,28.2045
3111,28.1852
3112,28.1891
3113,28.1683
3114,28.1513
3115,28.1328
3116,28.0901
3117,28.1356
3118,28.2012
3119,28.1802
3120,28.1522
3121,28.191
3122,28.2013
3123,28.1987
3124,28.2763
3125,28.2443
3126,28.1945
3127,28.3253
3128,28.2016
3129,28.2695
3130,28.0849
3131,28.0514
3132,28.1925
3133,28.1232
3134,28.22
3135,28.2239
3136,28.1749
3137,28.0874
3138,28.1693
3139,28.21
3140,28.1322
3141,28.2731
3142,28.2133
3143,28.2124
3144,28.2997
3145,28.1834
3146,28.1737
3147,28.2318
3148,28.1159
3149,28.2529
3150,28.2785
3151,28.2839
3152,28.3247
3153,28.2326
3154,28.2629
3155,28.2396
3156,28.3274
3157,28.3039
3158,28.316
3159,28.2997
3160,28.3589
3161,28.3143
3162,28.3644
3163,28.3579
3164,28.331
3165,28.2297
3166,28.2539
3167,28.2281
3168,28.2534
3169,28.2394
3170,28.1339
3171,28.1589
3172,28.115
3173,28.302
3174,28.1932
3175,28.2864
3176,28.2892
3177,28.1592
3178,28.2165
3179,28.2265
3180,28.2278
3181,28.1838
3182,28.311
3183,28.3151
3184,28.2586
3185,28.2234
3186,28.1451
3187,28.1729
3188,28.3205
3189,28.1908
3190,28.3028
3191,28.335
3192,28.3377
3193,28.4135
3194,28.3628
3195,28.2612
3196,28.322
3197,28.2345
3198,28.3286
3199,28.1999
3200,28.2255
3201,28.2215
3202,28.357
3203,28.297
3204,28.2819
3205,28.2299
3206,28.2352
3207,28.3527
3208,28.2686
3209,28.3008
3210,28.3408
3211,28.3401
3212,28.2737
3213,28.2681
3214,28.373
3215,28.4503
3216,28.3682
3217,28.2189
3218,28.399
3219,28.3856
3220,28.4522
3221,28.4426
3222,28.4638
3223,28.4434
3224,28.3159
3225,28.3579
3226,28.316
3227,28.3776
3228,28.4788
3229,28.4953
3230,28.3257
3231,28.3244
3232,28.2998
3233,28.4388
3234,28.3309
3235,28.3262
3236,28.3435
3237,28.3016
3238,28.3872
3239,28.33
3240,28.3611
3241,28.354
3242,28.3292
3243,28.3576
3244,28.3273
3245,28.2842
3246,28.2109
3247,28.2789
3248,28.2943
3249,28.3192
3250,28.2505
3251,28.3448
3252,28.2583
3253,28.3606
3254,28.3001
3255,28.3303
3256,28.4022
3257,28.3276
3258,28.3078
3259,28.1907
3260,28.2922
3261,28.3797
3262,28.3978
3263,28.4618
3264,28.4211
3265,28.5727
3266,28.4519
3267,28.4341
3268,28.4406
3269,28.4073
3270,28.4147
3271,28.399
3272,28.3453
3273,28.2865
3274,28.3378
3275,28.183
3276,28.285
3277,28.3108
3278,28.3914
3279,28.4423
3280,28.4364
3281,28.3853
3282,28.4582
3283,28.3528
3284,28.4107
3285,28.4169
3286,28.3944
3287,28.4958
3288,28.4659
3289,28.3746
3290,28.2386
3291,28.2808
3292,28.3623
3293,28.3026
3294,28.4014
3295,28.3023
3296,28.4645
3297,28.4336
3298,28.4179
3299,28.4499
3300,28.3803
3301,28.3329
3302,28.4503
3303,28.492
3304,28.5073
3305,28.4078
3306,28.4261
3307,28.4486
3308,28.3692
3309,28.3981
3310,28.3577
3311,28.3152
3312,28.3295
3313,28.2947
3314,28.3066
3315,28.3599
3316,28.4387
3317,28.3267
3318,28.2947
3319,28.3866
3320,28.3733
3321,28.3862
3322,28.3753
3323,28.4354
3324,28.4177
3325,28.3722
3326,28.4059
3327,28.4128
3328,28.2667
3329,28.3382
3330,28.3959
3331,28.3361
3332,28.4047
3333,28.4994
3334,28.4341
3335,28.3676
3336,28.2678
3337,28.2836
3338,28.2305
3339,28.295
3340,28.439
3341,28.4055
3342,28.4681
3343,28.4009
3344,28.4608
3345,28.3979
3346,28.3066
3347,28.4008
3348,28.2569
3349,28.3088
3350,28.2916
3351,28.3482
3352,28.353
3353,28.3655
3354,28.3231
3355,28.2505
3356,28.2815
3357,28.2749
3358,28.2442
3359,28.1921
3360,28.2838
3361,28.2678
3362,28.2498
3363,28.2529
3364,28.2583
3365,28.2715
3366,28.2757
3367,28.2497
3368,28.3915
3369,28.2422
3370,28.2498
3371,28.2292
3372,28.2723
3373,28.3811
3374,28.2412
3375,28.174
3376,28.1238
3377,28.1779
3378,28.1778
3379,28.1595
3380,28.2732
3381,28.2303
3382,28.1628
3383,28.1619
3384,28.158
3385,28.0522
3386,28.1536
3387,28.0929
3388,28.2347
3389,28.2609
3390,28.2711
3391,28.1564
3392,28.0815
3393,28.2097
3394,28.0999
3395,28.2265
3396,28.1541
3397,28.075
3398,28.1796
3399,28.2735
3400,28.2161
3401,28.2379
3402,28.2201
3403,28.3279
3404,28.244
3405,28.2581
3406,28.2614
3407,28.2565
3408,28.341
3409,28.2386
3410,28.2529
3411,28.225
3412,28.302
3413,28.2332
3414,28.1624
3415,28.2984
3416,28.347
3417,28.376
3418,28.2766
3419,28.3048
3420,28.2879
3421,28.4207
3422,28.2596
3423,28.3361
3424,28.2204
3425,28.1692
3426,28.1513
3427,28.1363
3428,28.2026
3429,28.2392
3430,28.31
3431,28.4002
3432,28.4704
3433,28.4388
3434,28.4977
3435,28.3383
3436,28.3598
3437,28.4444
3438,28.4005
3439,28.4165
3440,28.4816
3441,28.4122
3442,28.3429
3443,28.4662
3444,28.4068
3445,28.3158
3446,28.2795
3447,28.3513
3448,28.1565
3449,28.342
3450,28.2437
3451,28.3343
3452,28.289
3453,28.2914
3454,28.3406
3455,28.2968
3456,28.3675
3457,28.3011
3458,28.2962
3459,28.3548
3460,28.3193
3461,28.2241
3462,28.2534
3463,28.1703
3464,28.1413
3465,28.3377
3466,28.363
3467,28.4229
3468,28.3285
3469,28.3087
3470,28.3219
3471,28.2907
3472,28.3582
3473,28.3691
3474,28.2796
3475,28.3055
3476,28.2384
3477,28.2546
3478,28.2117
3479,28.1601
3480,28.149
3481,28.1174
3482,28.3178
3483,28.2686
3484,28.1818
3485,28.2065
3486,28.2693
3487,28.2961
3488,28.3733
3489,28.3641
3490,28.409
3491,28.3662
3492,28.2029
3493,28.2174
3494,28.2977
3495,28.3577
3496,28.4491
3497,28.4378
3498,28.3716
3499,28.346
3500,28.4762
3501,28.458
3502,28.423
3503,28.3848
3504,28.2918
3505,28.4311
3506,28.4284
3507,28.4425
3508,28.3101
3509,28.2751
3510,28.1243
3511,28.1805
3512,28.1728
3513,28.1956
3514,28.2061
3515,28.3204
3516,28.2993
3517,28.2312
3518,28.1743
3519,28.2396
3520,28.1693
3521,28.2628
3522,28.1454
3523,28.1567
3524,28.151
3525,28.2847
3526,28.162
3527,28.0712
3528,28.1607
3529,28.1382
3530,28.1251
3531,28.1347
3532,28.1028
3533,28.159
3534,28.1673
3535,28.0484
3536,28.0697
3537,28.1943
3538,28.0323
3539,28.1334
3540,28.2249
3541,28.0654
3542,28.149
3543,28.3223
3544,28.3625
3545,28.2736
3546,28.2501
3547,28.2592
3548,28.227
3549,28.3405
3550,28.3427
3551,28.4027
3552,28.499
3553,28.3744
3554,28.2756
3555,28.261
3556,28.329
3557,28.1832
3558,28.1385
3559,28.2717
3560,28.084
3561,28.0931
3562,28.0936
3563,28.1747
3564,28.1482
3565,28.1999
3566,28.2042
3567,28.1754
3568,28.1713
3569,28.2209
3570,28.1497
3571,28.2767
3572,28.2713
3573,28.2723
3574,28.244
3575,28.2921
3576,28.2755
3577,28.3432
3578,28.2372
3579,28.4248
3580,28.489
3581,28.4399
3582,28.4569
3583,28.3009
3584,28.3418
3585,28.4177
3586,28.3726
3587,28.3671
3588,28.3142
3589,28.256
3590,28.3206
3591,28.3944
3592,28.3496
3593,28.2181
3594,28.2109
3595,28.3488
3596,28.3452
3597,28.4171
3598,28.3029
3599,28.4314
3600,28.4139
3601,28.3658
3602,28.3633
3603,28.454
3604,28.4074
3605,28.3022
3606,28.4674
3607,28.3784
3608,28.4978
3609,28.3941
3610,28.3014
3611,28.3745
3612,28.3479
3613,28.3238
3614,28.3815
3615,28.2799
3616,28.2636
3617,28.2804
3618,28.272
3619,28.2926
3620,28.3254
3621,28.3429
3622,28.3966
3623,28.2943
3624,28.3185
3625,28.3464
3626,28.2509
3627,28.3175
3628,28.2933
3629,28.3226
3630,28.2888
3631,28.341
3632,28.2534
3633,28.2478
3634,28.2842
3635,28.2962
3636,28.2065
3637,28.2858
3638,28.2375
3639,28.2389
3640,28.1821
3641,28.2799
3642,28.2583
3643,28.3014
3644,28.2214
3645,28.3029
3646,28.3476
3647,28.23
3648,28.3688
3649,28.2565
3650,28.3009
3651,28.3604
3652,28.2361
3653,28.2062
3654,28.2606
3655,28.3564
3656,28.3297
3657,28.2483
3658,28.2461
3659,28.2052
3660,28.142
3661,28.341
3662,28.3037
3663,28.3793
3664,28.3312
3665,28.3082
3666,28.3328
3667,28.3866
3668,28.4578
3669,28.4405
3670,28.3914
3671,28.3825
3672,28.3558
3673,28.3978
3674,28.4226
3675,28.3645
3676,28.3694
3677,28.4206
3678,28.2337
3679,28.1831
3680,28.2932
3681,28.2484
3682,28.3043
3683,28.2654
3684,28.2949
3685,28.2067
3686,28.2155
3687,28.226
3688,28.2634
3689,28.2656
3690,28.3531
3691,28.4067
3692,28.449
3693,28.2305
3694,28.3266
3695,28.2762
3696,28.3267
3697,28.2326
3698,28.3144
3699,28.3018
3700,28.2203
3701,28.2587
3702,28.3264
3703,28.2215
3704,28.2298
3705,28.1948
3706,28.0479
3707,28.1543
3708,28.0756
3709,28.0829
3710,28.0585
3711,28.1577
3712,28.1549
3713,28.091
3714,28.1556
3715,28.1544
3716,28.1575
3717,28.1879
3718,28.169
3719,28.0871
3720,28.2587
3721,28.1522
3722,28.2421
3723,28.2656
3724,28.2359
3725,28.2808
3726,28.1992
3727,28.3501
3728,28.3282
3729,28.2125
3730,28.2429
3731,28.269
3732,28.2323
3733,28.293
3734,28.414
3735,28.259
3736,28.3192
3737,28.3627
3738,28.2528
3739,28.2869
3740,28.2349
3741,28.306
3742,28.2672
3743,28.2688
3744,28.3485
3745,28.233
3746,28.2319
3747,28.2918
3748,28.3015
3749,28.2677
3750,28.3183
3751,28.3207
3752,28.3079
3753,28.2757
3754,28.2865
3755,28.3766
3756,28.2294
3757,28.3175
3758,28.4004
3759,28.339
3760,28.3989
3761,28.3048
3762,28.2748
3763,28.2347
3764,28.2308
3765,28.2236
3766,28.1971
3767,28.2481
3768,28.1899
3769,28.2412
3770,28.1653
3771,28.1312
3772,28.211
3773,28.2377
3774,28.2438
3775,28.2269
3776,28.2803
3777,28.2933
3778,28.2437
3779,28.277
3780,28.2615
3781,28.1761
3782,28.1834
3783,28.1531
3784,28.3258
3785,28.3299
3786,28.3491
3787,28.2977
3788,28.2061
3789,28.2541
3790,28.1886
3791,28.2065
3792,28.1992
3793,28.2627
3794,28.2226
3795,28.2844
3796,28.3098
3797,28.4165
3798,28.3466
3799,28.2286
3800,28.3167
3801,28.3436
3802,28.2933
3803,28.2714
3804,28.2777
3805,28.2851
3806,28.3413
3807,28.2637
3808,28.1799
3809,28.2298
3810,28.1688
3811,28.183
3812,28.2576
3813,28.1852
3814,28.2979
3815,28.3618
3816,28.455
3817,28.2525
3818,28.1779
3819,28.2582
3820,28.235
3821,28.2753
3822,28.2533
3823,28.2399
3824,28.1783
3825,28.1609
3826,28.2258
3827,28.2229
3828,28.1353
3829,28.1666
3830,28.2351
3831,28.2368
3832,28.1974
3833,28.2648
3834,28.2681
3835,28.1991
3836,28.1803
3837,28.2209
3838,28.1724
3839,28.2364
3840,28.235
3841,28.2499
3842,28.3516
3843,28.438
3844,28.2947
3845,28.2275
3846,28.2648
3847,28.2371
3848,28.372
3849,28.3231
3850,28.2827
3851,28.2124
3852,28.4279
3853,28.1578
3854,28.294
3855,28.4071
3856,28.2357
3857,28.3705
3858,28.2447
3859,28.2245
3860,28.2677
3861,28.3237
3862,28.279
3863,28.1705
3864,28.2541
3865,28.287
3866,28.2606
3867,28.3285
3868,28.3907
3869,28.2967
3870,28.2393
3871,28.2843
3872,28.3108
3873,28.3939
3874,28.2507
3875,28.3141
3876,28.4293
3877,28.3672
3878,28.2973
3879,28.2728
3880,28.2406
3881,28.1552
3882,28.2398
3883,28.2229
3884,28.3591
3885,28.3244
3886,28.2817
3887,28.2818
3888,28.2986
3889,28.2888
3890,28.326
3891,28.2835
3892,28.2788
3893,28.1474
3894,28.1967
3895,28.2243
3896,28.2194
3897,28.1891
3898,28.2448
3899,28.2153
3900,28.1871
3901,28.2385
3902,28.257
3903,28.3123
3904,28.2343
3905,28.3354
3906,28.2804
3907,28.2075
3908,28.2426
3909,28.3286
3910,28.3124
3911,28.2809
3912,28.2719
3913,28.3362
3914,28.3501
3915,28.3239
3916,28.3612
3917,28.296
3918,28.2292
3919,28.3601
3920,28.3927
3921,28.323
3922,28.3557
3923,28.313
3924,28.384
3925,28.3284
3926,28.3906
3927,28.3243
3928,28.3991
3929,28.384
3930,28.4891
3931,28.5075
3932,28.4421
3933,28.4135
3934,28.4954
3935,28.4178
3936,28.4801
3937,28.3899
3938,28.4212
3939,28.4419
3940,28.5265
3941,28.4168
3942,28.4951
3943,28.4953
3944,28.4961
3945,28.4692
3946,28.4924
3947,28.5179
3948,28.4867
3949,28.5094
3950,28.4967
3951,28.3513
3952,28.3862
3953,28.3786
3954,28.3991
3955,28.393
3956,28.4744
3957,28.4035
3958,28.4899
3959,28.4397
3960,28.3996
3961,28.4614
3962,28.5186
3963,28.3225
3964,28.4472
3965,28.5145
3966,28.4727
3967,28.5942
3968,28.6875
3969,28.5769
3970,28.6213
3971,28.5241
3972,28.555
3973,28.5201
3974,28.4572
3975,28.5316
3976,28.536
3977,28.4927
3978,28.5124
3979,28.3753
3980,28.5271
3981,28.4978
3982,28.6619
3983,28.6289
3984,28.6368
3985,28.5474
3986,28.5151
3987,28.4546
3988,28.4707
3989,28.4245
3990,28.4835
3991,28.5252
3992,28.4266
3993,28.4202
3994,28.453
3995,28.6206
3996,28.489
3997,28.595
3998,28.536
3999,28.5811
4000,28.5944
4001,28.537
4002,28.4424
4003,28.5136
4004,28.4631
4005,28.5232
4006,28.469
4007,28.5296
4008,28.5319
4009,28.5728
4010,28.5479
4011,28.5238
4012,28.5569
4013,28.5402
4014,28.5096
4015,28.5682
4016,28.5277
4017,28.4807
4018,28.4846
4019,28.45
4020,28.4919
4021,28.5424
4022,28.5519
4023,28.607
4024,28.5377
4025,28.4101
4026,28.4072
4027,28.4689
4028,28.3568
4029,28.4759
4030,28.4761
4031,28.4036
4032,28.435
4033,28.471
4034,28.5007
4035,28.5445
4036,28.5034
4037,28.5787
4038,28.5777
4039,28.6
4040,28.5938
4041,28.5446
4042,28.544
4043,28.6413
4044,28.6235
4045,28.5872
4046,28.5925
4047,28.6088
4048,28.556
4049,28.6547
4050,28.562
4051,28.5451
4052,28.5159
4053,28.5613
4054,28.65
4055,28.6537
4056,28.5471
4057,28.614
4058,28.6708
4059,28.5877
4060,28.6852
4061,28.6269
4062,28.5258
4063,28.5246
4064,28.6167
4065,28.5993
4066,28.5897
4067,28.5193
4068,28.6615
4069,28.62
4070,28.4615
4071,28.6419
4072,28.6302
4073,28.5462
4074,28.5485
4075,28.4887
4076,28.5417
4077,28.4151
4078,28.5249
4079,28.5057
4080,28.5756
4081,28.5622
4082,28.5148
4083,28.5361
4084,28.3986
4085,28.5282
4086,28.5554
4087,28.5166
4088,28.6262
4089,28.5111
4090,28.5455
4091,28.4978
4092,28.6256
4093,28.4109
4094,28.3846
4095,28.4852
4096,28.3388
4097,28.3933
4098,28.3281
4099,28.3799
4100,28.4144
4101,28.292
4102,28.2912
4103,28.3509
4104,28.4173
4105,28.3991
4106,28.426
4107,28.3157
4108,28.2607
4109,28.3097
4110,28.3676
4111,28.2895
4112,28.2571
4113,28.2826
4114,28.3329
4115,28.3223
4116,28.2789
4117,28.2605
4118,28.3113
4119,28.3272
4120,28.3243
4121,28.2492
4122,28.2859
4123,28.2889
4124,28.2853
4125,28.2701
4126,28.2262
4127,28.2822
4128,28.3492
4129,28.2756
4130,28.2553
4131,28.2721
4132,28.3221
4133,28.1973
4134,28.2465
4135,28.1676
4136,28.3787
4137,28.2789
4138,28.2557
4139,28.2302
4140,28.2338
4141,28.1156
4142,28.174
4143,28.1322
4144,28.1972
4145,28.2381
4146,28.1783
4147,28.2318
4148,28.1635
4149,28.1496
4150,28.2054
4151,28.2519
4152,28.2848
4153,28.2901
4154,28.3009
4155,28.2122
4156,28.2681
4157,28.265
4158,28.1783
4159,28.2167
4160,28.1926
4161,28.2815
4162,28.3037
4163,28.2471
4164,28.2449
4165,28.1447
4166,28.2537
4167,28.1617
4168,28.2627
4169,28.3498
4170,28.2307
4171,28.24
4172,28.3408
4173,28.3156
4174,28.2328
4175,28.2278
4176,28.2461
4177,28.28
4178,28.286
4179,28.2577
4180,28.2661
4181,28.265
4182,28.3133
4183,28.313
4184,28.3616
4185,28.2966
4186,28.4059
4187,28.3264
4188,28.3499
4189,28.3986
4190,28.3138
4191,28.3312
4192,28.3044
4193,28.2823
4194,28.2448
4195,28.2613
4196,28.2057
4197,28.1682
4198,28.2134
4199,28.1221
4200,28.0891
4201,28.1383
4202,28.2042
4203,28.1745
4204,28.1469
4205,28.0992
4206,28.2049
4207,28.1639
4208,28.1752
4209,28.1909
4210,28.1507
4211,28.1411
4212,28.1061
4213,28.0986
4214,28.0711
4215,28.0525
4216,28.1451
4217,28.1537
4218,28.1651
4219,28.1395
4220,28.3
4221,28.3365
4222,28.3948
4223,28.3338
4224,28.319
4225,28.463
4226,28.3971
4227,28.3099
4228,28.3136
4229,28.3111
4230,28.2599
4231,28.3144
4232,28.3425
4233,28.295
4234,28.3731
4235,28.3263
4236,28.3549
4237,28.3421
4238,28.3143
4239,28.2421
4240,28.3477
4241,28.3602
4242,28.2887
4243,28.4421
4244,28.3447
4245,28.4131
4246,28.4822
4247,28.4921
4248,28.401
4249,28.3001
4250,28.3628
4251,28.224
4252,28.326
4253,28.331
4254,28.3618
4255,28.2982
4256,28.3149
4257,28.3893
4258,28.292
4259,28.3327
4260,28.2367
4261,28.1564
4262,28.1315
4263,28.239
4264,28.3357
4265,28.3646
4266,28.3277
4267,28.3218
4268,28.3336
4269,28.34
4270,28.3501
4271,28.1652
4272,28.2598
4273,28.2564
4274,28.2595
4275,28.2822
4276,28.2075
4277,28.2735
4278,28.3476
4279,28.2656
4280,28.3959
4281,28.3587
4282,28.3961
4283,28.3944
4284,28.3107
4285,28.3301
4286,28.4494
4287,28.3874
4288,28.2979
4289,28.25
4290,28.4263
4291,28.4019
4292,28.314
4293,28.3653
4294,28.3795
4295,28.3368
4296,28.2617
4297,28.3532
4298,28.4145
4299,28.2683
4300,28.383
4301,28.3206
4302,28.2573
4303,28.2849
4304,28.2169
4305,28.3132
4306,28.3959
4307,28.3202
4308,28.4205
4309,28.4094
4310,28.1705
4311,28.4286
4312,28.2678
4313,28.4071
4314,28.2725
4315,28.3299
4316,28.2701
4317,28.2671
4318,28.346
4319,28.2959
4320,28.3074
4321,28.3567
4322,28.5373
4323,28.534
4324,28.4146
4325,28.4422
4326,28.378
4327,28.4481
4328,28.3639
4329,28.3243
4330,28.4259
4331,28.4085
4332,28.3971
4333,28.4171
4334,28.4422
4335,28.4525
4336,28.3363
4337,28.3793
4338,28.3666
4339,28.4163
4340,28.4227
4341,28.3507
4342,28.4953
4343,28.4306
4344,28.4673
4345,28.4389
4346,28.4245
4347,28.3419
4348,28.334
4349,28.2445
4350,28.3437
4351,28.4279
4352,28.3123
4353,28.3181
4354,28.2947
4355,28.2974
4356,28.2962
4357,28.3506
4358,28.3512
4359,28.4129
4360,28.3811
4361,28.4709
4362,28.3939
4363,28.3143
4364,28.2589
4365,28.2277
4366,28.1867
4367,28.2817
4368,28.37
4369,28.3683
4370,28.3552
4371,28.2715
4372,28.2632
4373,28.2482
4374,28.2972
4375,28.4198
4376,28.4215
4377,28.5476
4378,28.496
4379,28.3658
4380,28.3483
4381,28.4413
4382,28.3054
4383,28.2537
4384,28.322
4385,28.3241
4386,28.3379
4387,28.2399
4388,28.2013
4389,28.1787
4390,28.2752
4391,28.2855
4392,28.408
4393,28.4434
4394,28.4276
4395,28.3068
4396,28.3081
4397,28.4163
4398,28.2699
4399,28.3418
4400,28.2902
4401,28.4195
4402,28.3667
4403,28.3936
4404,28.2559
4405,28.3032
4406,28.3785
4407,28.3265
4408,28.2413
4409,28.2572
4410,28.2327
4411,28.2744
4412,28.3399
4413,28.3225
4414,28.2035
4415,28.1398
4416,28.3699
4417,28.2028
4418,28.1671
4419,28.1298
4420,28.2038
4421,28.1347
4422,28.1465
4423,28.2291
4424,28.1875
4425,28.2973
4426,28.3479
4427,28.3174
4428,28.2696
4429,28.2729
4430,28.2598
4431,28.3787
4432,28.4274
4433,28.3581
4434,28.3063
4435,28.2934
4436,28.3707
4437,28.3849
4438,28.3023
4439,28.3173
4440,28.2895
4441,28.2596
4442,28.2833
4443,28.366
4444,28.3486
4445,28.2522
4446,28.2911
4447,28.2205
4448,28.2444
4449,28.2881
4450,28.1948
4451,28.2417
4452,28.1848
4453,28.3346
4454,28.4149
4455,28.349
4456,28.2482
4457,28.3832
4458,28.3481
4459,28.4259
4460,28.3988
4461,28.4356
4462,28.4579
4463,28.3213
4464,28.3723
4465,28.2823
4466,28.3545
4467,28.3992
4468,28.3461
4469,28.4112
4470,28.3734
4471,28.2893
4472,28.4227
4473,28.4899
4474,28.4158
4475,28.3291
4476,28.3499
4477,28.2199
4478,28.3238
4479,28.3182
4480,28.3655
4481,28.3194
4482,28.2576
4483,28.246
4484,28.2211
4485,28.2773
4486,28.2037
4487,28.1998
4488,28.242
4489,28.3425
4490,28.2128
4491,28.2815
4492,28.2581
4493,28.105
4494,28.2856
4495,28.1991
4496,28.2869
4497,28.2998
4498,28.1931
4499,28.2451
4500,28.1825
4501,28.3185
4502,28.2936
4503,28.2188
4504,28.386
4505,28.2586
4506,28.3249
4507,28.1267
4508,28.1269
4509,28.2858
4510,28.2991
4511,28.1744
4512,28.2041
4513,28.1596
4514,28.2553
4515,28.2656
4516,28.3285
4517,28.1873
4518,28.3025
4519,28.2438
4520,28.3791
4521,28.3945
4522,28.2227
4523,28.2435
4524,28.2437
4525,28.2448
4526,28.2787
4527,28.2303
4528,28.2334
4529,28.2838
4530,28.1357
4531,28.1309
4532,28.159
4533,28.1573
4534,28.1468
4535,28.1807
4536,28.1611
4537,28.1374
4538,28.0819
4539,28.0812
4540,28.0036
4541,28.114
4542,28.1369
4543,28.2326
4544,28.1147
4545,28.0943
4546,28.1826
4547,28.2047
4548,28.238
4549,28.2296
4550,28.185
4551,28.2635
4552,28.1296
4553,28.1982
4554,28.2363
4555,28.2067
4556,28.2269
4557,28.2016
4558,28.1461
4559,28.0833
4560,28.0321
4561,28.0598
4562,28.2068
4563,28.0791
4564,28.043
4565,28.0962
4566,28.0632
4567,28.1321
4568,28.1392
4569,28.2609
4570,28.1526
4571,28.2546
4572,28.3616
4573,28.2548
4574,28.2106
4575,28.287
4576,28.2511
4577,28.2
4578,28.2524
4579,28.2406
4580,28.2786
4581,28.2891
4582,28.2436
4583,28.273
4584,28.2605
4585,28.1026
4586,28.0994
4587,28.0633
4588,28.1831
4589,28.3226
4590,28.3553
4591,28.3276
4592,28.3047
4593,28.225
4594,28.2493
4595,28.2974
4596,28.3075
4597,28.3261
4598,28.3066
4599,28.2824
4600,28.382
4601,28.3701
4602,28.2863
4603,28.3253
4604,28.2813
4605,28.2572
4606,28.3738
4607,28.4207
4608,28.2349
4609,28.3781
4610,28.3028
4611,28.3275
4612,28.3996
4613,28.304
4614,28.3274
4615,28.2457
4616,28.2584
4617,28.3069
4618,28.0752
4619,28.1597
4620,28.1913
4621,28.1814
4622,28.3172
4623,28.2888
4624,28.3533
4625,28.2984
4626,28.3716
4627,28.4214
4628,28.3912
4629,28.4314
4630,28.4014
4631,28.3089
4632,28.4207
4633,28.3599
4634,28.4227
4635,28.4419
4636,28.4298
4637,28.3393
4638,28.2943
4639,28.4229
4640,28.4691
4641,28.4342
4642,28.3604
4643,28.3849
4644,28.3615
4645,28.4026
4646,28.4386
4647,28.441
4648,28.4953
4649,28.4503
4650,28.4334
4651,28.3324
4652,28.4043
4653,28.3368
4654,28.3982
4655,28.525
4656,28.4389
4657,28.4248
4658,28.4673
4659,28.3792
4660,28.4142
4661,28.4012
4662,28.4957
4663,28.2542
4664,28.3132
4665,28.387
4666,28.366
4667,28.3768
4668,28.3941
4669,28.2253
4670,28.1324
4671,28.2521
4672,28.2429
4673,28.3429
4674,28.2935
4675,28.325
4676,28.3979
4677,28.4185
4678,28.2872
4679,28.2214
4680,28.1595
4681,28.2175
4682,28.3189
4683,28.1919
4684,28.2719
4685,28.301
4686,28.1588
4687,28.2919
4688,28.2641
4689,28.2088
4690,28.289
4691,28.1685
4692,28.2006
4693,28.2107
4694,28.1902
4695,28.3211
4696,28.3032
4697,28.2439
4698,28.2561
4699,28.3196
4700,28.1875
4701,28.2726
4702,28.303
4703,28.3743
4704,28.2871
4705,28.3685
4706,28.237
4707,28.2865
4708,28.1868
4709,28.2644
4710,28.2989
4711,28.3651
4712,28.2889
4713,28.2817
4714,28.3112
4715,28.2547
4716,28.3777
4717,28.3713
4718,28.4015
4719,28.442
4720,28.3895
4721,28.3942
4722,28.3533
4723,28.4003
4724,28.3482
4725,28.3263
4726,28.4218
4727,28.3854
4728,28.35
4729,28.2794
4730,28.4116
4731,28.3716
4732,28.3563
4733,28.4295
4734,28.3468
4735,28.2714
4736,28.2912
4737,28.3802
4738,28.2701
4739,28.2717
4740,28.3302
4741,28.2815
4742,28.2866
4743,28.1687
4744,28.1976
4745,28.2196
4746,28.2525
4747,28.2415
4748,28.237
4749,28.1989
4750,28.2904
4751,28.4191
4752,28.3211
4753,28.3048
4754,28.2741
4755,28.2808
4756,28.2609
4757,28.2649
4758,28.228
4759,28.3357
4760,28.3368
4761,28.2707
4762,28.3679
4763,28.2193
4764,28.2881
4765,28.2139
4766,28.2961
4767,28.1793
4768,28.2603
4769,28.3532
4770,28.3232
4771,28.315
4772,28.2842
4773,28.3587
4774,28.1932
4775,28.3477
4776,28.2525
4777,28.3083
4778,28.3394
4779,28.4485
4780,28.4013
4781,28.3819
4782,28.4023
4783,28.5037
4784,28.3703
4785,28.4247
4786,28.3769
4787,28.32
4788,28.3802
4789,28.2693
4790,28.3485
4791,28.2032
4792,28.3027
4793,28.2153
4794,28.3507
4795,28.5269
4796,28.5221
4797,28.3885
4798,28.5207
4799,28.4366
4800,28.3898
4801,28.3705
4802,28.3903
4803,28.4524
4804,28.4707
4805,28.4369
4806,28.4378
4807,28.4372
4808,28.4397
4809,28.463
4810,28.418
4811,28.3579
4812,28.3952
4813,28.4539
4814,28.5102
4815,28.4361
4816,28.4893
4817,28.5414
4818,28.406
4819,28.6149
4820,28.5148
4821,28.4552
4822,28.6054
4823,28.4906
4824,28.4636
4825,28.4936
4826,28.6864
4827,28.5556
4828,28.467
4829,28.4621
4830,28.446
4831,28.4803
4832,28.5863
4833,28.616
4834,28.6084
4835,28.5074
4836,28.5435
4837,28.5773
4838,28.5044
4839,28.5066
4840,28.5296
4841,28.4858
4842,28.4514
4843,28.4812
4844,28.5641
4845,28.4468
4846,28.5349
4847,28.4569
4848,28.4461
4849,28.5369
4850,28.405
4851,28.5237
4852,28.4606
4853,28.4229
4854,28.3861
4855,28.3844
4856,28.3879
4857,28.3684
4858,28.3685
4859,28.3644
4860,28.402
4861,28.3418
4862,28.3479
4863,28.3672
4864,28.3367
4865,28.4154
4866,28.4542
4867,28.4933
4868,28.4463
4869,28.4197
4870,28.4847
4871,28.5314
4872,28.4686
4873,28.5089
4874,28.58
4875,28.5316
4876,28.4939
4877,28.5895
4878,28.4174
4879,28.4238
4880,28.4087
4881,28.4706
4882,28.4702
4883,28.555
4884,28.4926
4885,28.4525
4886,28.4308
4887,28.466
4888,28.5139
4889,28.5655
4890,28.4234
4891,28.4716
4892,28.6168
4893,28.556
4894,28.3856
4895,28.4441
4896,28.4727
4897,28.4646
4898,28.4562
4899,28.397
4900,28.4909
4901,28.4606
4902,28.3699
4903,28.3643
4904,28.3929
4905,28.4446
4906,28.4665
4907,28.464
4908,28.4501
4909,28.4777
4910,28.5151
4911,28.2763
4912,28.2769
4913,28.363
4914,28.4072
4915,28.3188
4916,28.4158
4917,28.4007
4918,28.5093
4919,28.483
4920,28.4801
4921,28.5564
4922,28.5545
4923,28.5767
4924,28.5024
4925,28.5121
4926,28.5145
4927,28.5488
4928,28.5284
4929,28.498
4930,28.4201
4931,28.4219
4932,28.4424
4933,28.4308
4934,28.2109
4935,28.2376
4936,28.3191
4937,28.2837
4938,28.3008
4939,28.3424
4940,28.4054
4941,28.3576
4942,28.3537
4943,28.3008
4944,28.3126
4945,28.3096
4946,28.3861
4947,28.4386
4948,28.4254
4949,28.4187
4950,28.3909
4951,28.4309
4952,28.3623
4953,28.3469
4954,28.4096
4955,28.5323
4956,28.4445
4957,28.3451
4958,28.26
4959,28.2644
4960,28.2613
4961,28.3061
4962,28.3055
4963,28.304
4964,28.3406
4965,28.3227
4966,28.3316
4967,28.3383
4968,28.3907
4969,28.3889
4970,28.2216
4971,28.3748
4972,28.3466
4973,28.454
4974,28.3908
4975,28.5352
4976,28.4489
4977,28.4369
4978,28.4667
4979,28.3549
4980,28.3987
4981,28.4088
4982,28.4525
4983,28.4606
4984,28.358
4985,28.2516
4986,28.3158
4987,28.3565
4988,28.4023
4989,28.4076
4990,28.3957
4991,28.2988
4992,28.38
4993,28.4104
4994,28.3358
4995,28.4889
4996,28.4192
4997,28.3895
4998,28.4307
4999,28.433
5000,28.4571
5001,28.333
5002,28.4781
5003,28.3969
5004,28.3185
5005,28.3771
5006,28.3481
5007,28.4028
5008,28.3559
5009,28.4232
5010,28.4759
5011,28.5369
5012,28.4661
5013,28.512
5014,28.5505
5015,28.494
5016,28.4919
5017,28.5111
5018,28.2832
5019,28.3849
5020,28.3817
5021,28.4538
5022,28.4501
5023,28.4796
5024,28.5423
5025,28.5596
5026,28.549
5027,28.4729
5028,28.4885
5029,28.4033
5030,28.5216
5031,28.4656
5032,28.53
5033,28.4195
5034,28.446
5035,28.4091
5036,28.4804
5037,28.471
5038,28.3
5039,28.3785
5040,28.5063
5041,28.5338
5042,28.497
5043,28.4952
5044,28.4279
5045,28.3241
5046,28.3079
5047,28.4168
5048,28.4375
5049,28.3325
5050,28.2837
5051,28.2335
5052,28.2586
5053,28.2535
5054,28.2733
5055,28.2161
5056,28.1456
5057,28.1794
5058,28.1845
5059,28.194
5060,28.1587
5061,28.2672
5062,28.338
5063,28.2935
5064,28.1391
5065,28.0703
5066,28.0561
5067,28.0917
5068,28.1678
5069,28.1876
5070,28.1525
5071,28.2448
5072,28.2912
5073,28.1541
5074,28.2371
5075,28.4076
5076,28.2929
5077,28.1848
5078,28.4492
5079,28.4247
5080,28.2647
5081,28.295
5082,28.266
5083,28.3416
5084,28.4088
5085,28.2779
5086,28.3027
5087,28.2809
5088,28.3462
5089,28.3021
5090,28.2775
5091,28.2746
5092,28.2568
5093,28.2665
5094,28.2424
5095,28.3561
5096,28.2507
5097,28.2953
5098,28.2609
5099,28.2916
5100,28.3835
5101,28.3145
5102,28.3089
5103,28.2727
5104,28.3026
5105,28.2406
5106,28.1864
5107,28.2273
5108,28.2195
5109,28.3857
5110,28.2798
5111,28.3837
5112,28.274
5113,28.2946
5114,28.4268
5115,28.4439
5116,28.4944
5117,28.4181
5118,28.3741
5119,28.3845
5120,28.4562
5121,28.4169
5122,28.5106
5123,28.4364
5124,28.4497
5125,28.4693
5126,28.4469
5127,28.3861
5128,28.3637
5129,28.2997
5130,28.3193
5131,28.2154
5132,28.2406
5133,28.3267
5134,28.2585
5135,28.1671
5136,28.2867
5137,28.3919
5138,28.3873
5139,28.4145
5140,28.4151
5141,28.4211
5142,28.3514
5143,28.4858
5144,28.4181
5145,28.3862
5146,28.452
5147,28.3676
5148,28.3191
5149,28.4014
5150,28.3272
5151,28.3093
5152,28.3095
5153,28.2534
5154,28.2681
5155,28.2942
5156,28.2903
5157,28.3721
5158,28.4363
5159,28.3785
5160,28.3635
5161,28.3839
5162,28.3861
5163,28.3508
5164,28.2685
5165,28.3387
5166,28.3907
5167,28.35
5168,28.4708
5169,28.408
5170,28.5009
5171,28.397
5172,28.4079
5173,28.3621
5174,28.4028
5175,28.3523
5176,28.4338
5177,28.4251
5178,28.3346
5179,28.4603
5180,28.205
5181,28.1736
5182,28.2857
5183,28.2237
5184,28.3221
5185,28.313
5186,28.3481
5187,28.3237
5188,28.3445
5189,28.4479
5190,28.3668
5191,28.3923
5192,28.4279
5193,28.4308
5194,28.3843
5195,28.3728
5196,28.4208
5197,28.298
5198,28.2387
5199,28.3083
5200,28.3502
5201,28.4253
5202,28.386
5203,28.434
5204,28.4031
5205,28.4306
5206,28.3677
5207,28.1957
5208,28.255
5209,28.3634
5210,28.4098
5211,28.4832
5212,28.4374
5213,28.4075
5214,28.4878
5215,28.4573
5216,28.328
5217,28.4339
5218,28.4529
5219,28.5388
5220,28.4604
5221,28.3681
5222,28.3848
5223,28.5272
5224,28.4409
5225,28.4578
5226,28.4705
5227,28.4974
5228,28.5547
5229,28.4023
5230,28.3712
5231,28.4806
5232,28.567
5233,28.5928
5234,28.4809
5235,28.5162
5236,28.4988
5237,28.4534
5238,28.4073
5239,28.3869
5240,28.3424
5241,28.4301
5242,28.4917
5243,28.3211
5244,28.4884
5245,28.4528
5246,28.4222
5247,28.4988
5248,28.3934
5249,28.3687
5250,28.3326
5251,28.4638
5252,28.3983
5253,28.3262
5254,28.2896
5255,28.365
5256,28.3376
5257,28.4048
5258,28.3246
5259,28.3612
5260,28.3374
5261,28.1806
5262,28.2499
5263,28.2419
5264,28.23
5265,28.2663
5266,28.3018
5267,28.244
5268,28.2194
5269,28.3356
5270,28.3003
5271,28.1994
5272,28.2237
5273,28.1792
5274,28.1976
5275,28.2275
5276,28.2334
5277,28.2593
5278,28.2909
5279,28.1838
5280,28.1751
5281,28.3068
5282,28.2946
5283,28.3482
5284,28.3549
5285,28.2622
5286,28.2757
5287,28.3954
5288,28.3784
5289,28.3654
5290,28.4075
5291,28.4121
5292,28.4017
5293,28.519
5294,28.4282
5295,28.3665
5296,28.396
5297,28.38
5298,28.401
5299,28.2974
5300,28.3092
5301,28.3788
5302,28.3002
5303,28.2671
5304,28.2675
5305,28.2841
5306,28.242
5307,28.1557
5308,28.3191
5309,28.3872
5310,28.3811
5311,28.3669
5312,28.4372
5313,28.3721
5314,28.4205
5315,28.3364
5316,28.3451
5317,28.4068
5318,28.3516
5319,28.339
5320,28.3278
5321,28.3392
5322,28.3079
5323,28.3321
5324,28.2914
5325,28.4521
5326,28.3112
5327,28.3151
5328,28.3816
5329,28.4174
5330,28.3326
5331,28.3493
5332,28.3247
5333,28.3907
5334,28.5454
5335,28.3607
5336,28.3401
5337,28.3741
5338,28.3297
5339,28.3519
5340,28.3967
5341,28.4895
5342,28.3471
5343,28.3577
5344,28.3444
5345,28.3459
5346,28.4178
5347,28.3051
5348,28.3762
5349,28.319
5350,28.3719
5351,28.3581
5352,28.3384
5353,28.2976
5354,28.373
5355,28.3132
5356,28.3555
5357,28.264
5358,28.3899
5359,28.4653
5360,28.4711
5361,28.4492
5362,28.3585
5363,28.5054
5364,28.4707
5365,28.4442
5366,28.3271
5367,28.387
5368,28.3665
5369,28.5003
5370,28.4731
5371,28.4214
5372,28.4308
5373,28.4035
5374,28.2778
5375,28.2749
5376,28.4164
5377,28.3463
5378,28.3457
5379,28.3021
5380,28.4258
5381,28.3275
5382,28.3772
5383,28.2792
5384,28.1778
5385,28.3277
5386,28.3324
5387,28.3255
5388,28.3221
5389,28.248
5390,28.1888
5391,28.3105
5392,28.3462
5393,28.3159
5394,28.314
5395,28.2395
5396,28.3472
5397,28.3857
5398,28.4378
5399,28.3309
5400,28.3015
5401,28.3908
5402,28.3957
5403,28.3778
5404,28.3104
5405,28.3924
5406,28.4417
5407,28.308
5408,28.465
5409,28.419
5410,28.4118
5411,28.5214
5412,28.5275
5413,28.5305
5414,28.5083
5415,28.4952
5416,28.2852
5417,28.2731
5418,28.2541
5419,28.2688
5420,28.1588
5421,28.2427
5422,28.1717
5423,28.1211
5424,28.1911
5425,28.1176
5426,28.0152
5427,28.1337
5428,28.1603
5429,28.2308
5430,28.2161
5431,28.4323
5432,28.3102
5433,28.2422
5434,28.281
5435,28.3004
5436,28.2811
5437,28.3248
5438,28.2654
5439,28.4184
5440,28.4432
5441,28.3944
5442,28.343
5443,28.3682
5444,28.3281
5445,28.4295
5446,28.4567
5447,28.4295
5448,28.5313
5449,28.4678
5450,28.4759
5451,28.4334
5452,28.4434
5453,28.4281
5454,28.5039
5455,28.4799
5456,28.3714
5457,28.4979
5458,28.3962
5459,28.3766
5460,28.3671
5461,28.4247
5462,28.4898
5463,28.4088
5464,28.4176
5465,28.3385
5466,28.3758
5467,28.3676
5468,28.2989
5469,28.3495
5470,28.4248
5471,28.4452
5472,28.5008
5473,28.4309
5474,28.4792
5475,28.4987
5476,28.4221
5477,28.4405
5478,28.3461
5479,28.2815
5480,28.2352
5481,28.1758
5482,28.2713
5483,28.3207
5484,28.2645
5485,28.2702
5486,28.2728
5487,28.3359
5488,28.4009
5489,28.4042
5490,28.3267
5491,28.2629
5492,28.4006
5493,28.4042
5494,28.4746
5495,28.4976
5496,28.4326
5497,28.4269
5498,28.421
5499,28.42
5500,28.3231
5501,28.3849
5502,28.3831
5503,28.3785
5504,28.379
5505,28.3737
5506,28.3621
5507,28.3127
5508,28.2934
5509,28.3433
5510,28.2771
5511,28.2195
5512,28.2317
5513,28.1892
5514,28.1901
5515,28.1475
5516,28.2447
5517,28.2315
5518,28.1614
5519,28.1876
5520,28.1328
5521,28.1723
5522,28.3435
5523,28.4477
5524,28.2283
5525,28.3119
5526,28.163
5527,28.2044
5528,28.2916
5529,28.2623
5530,28.3913
5531,28.3084
5532,28.2694
5533,28.3395
5534,28.3189
5535,28.2885
5536,28.177
5537,28.2394
5538,28.2926
5539,28.3806
5540,28.414
5541,28.3599
5542,28.3731
5543,28.2511
5544,28.3508
5545,28.3708
5546,28.2866
5547,28.4905
5548,28.379
5549,28.3386
5550,28.2503
5551,28.4011
5552,28.3876
5553,28.3068
5554,28.3782
5555,28.3497
5556,28.2499
5557,28.3599
5558,28.3422
5559,28.2295
5560,28.209
5561,28.2633
5562,28.3496
5563,28.3026
5564,28.2559
5565,28.2268
5566,28.2211
5567,28.1863
5568,28.1654
5569,28.1523
5570,28.2673
5571,28.2465
5572,28.25
5573,28.1804
5574,28.0964
5575,28.2142
5576,28.2649
5577,28.2125
5578,28.175
5579,28.2722
5580,28.1397
5581,28.2303
5582,28.165
5583,28.299
5584,28.2898
5585,28.3111
5586,28.3248
5587,28.3396
5588,28.3553
5589,28.2539
5590,28.3579
5591,28.2204
5592,28.2421
5593,28.251
5594,28.3304
5595,28.3447
5596,28.2866
5597,28.4462
5598,28.3642
5599,28.3464
5600,28.3205
5601,28.3404
5602,28.3485
5603,28.3497
5604,28.3532
5605,28.2796
5606,28.2474
5607,28.38
5608,28.4086
5609,28.3227
5610,28.1691
5611,28.3671
5612,28.333
5613,28.246
5614,28.3259
5615,28.4452
5616,28.4112
5617,28.4128
5618,28.3543
5619,28.2256
5620,28.3174
5621,28.3645
5622,28.4445
5623,28.3999
5624,28.3954
5625,28.5111
5626,28.3154
5627,28.358
5628,28.3732
5629,28.4381
5630,28.4289
5631,28.2812
5632,28.3361
5633,28.1767
5634,28.144
5635,28.1844
5636,28.1684
5637,28.2307
5638,28.2728
5639,28.3133
5640,28.367
5641,28.3314
5642,28.3202
5643,28.3209
5644,28.3589
5645,28.3934
5646,28.3182
5647,28.1592
5648,28.2651
5649,28.3435
5650,28.3638
5651,28.395
5652,28.382
5653,28.3783
5654,28.406
5655,28.3718
5656,28.4096
5657,28.4253
5658,28.4541
5659,28.3782
5660,28.345
5661,28.4041
5662,28.3454
5663,28.4603
5664,28.4559
5665,28.4907
5666,28.3639
5667,28.4103
5668,28.5291
5669,28.6046
5670,28.6092
5671,28.5501
5672,28.5927
5673,28.6802
5674,28.7223
5675,28.5902
5676,28.6492
5677,28.6038
5678,28.562
5679,28.577
5680,28.6745
5681,28.5291
5682,28.5023
5683,28.5714
5684,28.5452
5685,28.4595
5686,28.3421
5687,28.448
5688,28.5955
5689,28.3978
5690,28.4146
5691,28.2924
5692,28.2595
5693,28.3684
5694,28.3656
5695,28.4786
5696,28.4658
5697,28.5091
5698,28.2232
5699,28.4358
5700,28.4169
5701,28.3769
5702,28.372
5703,28.3749
5704,28.359
5705,28.3451
5706,28.3394
5707,28.4579
5708,28.4108
5709,28.3594
5710,28.3918
5711,28.442
5712,28.5473
5713,28.4149
5714,28.5047
5715,28.5356
5716,28.5262
5717,28.4721
5718,28.3588
5719,28.3997
5720,28.4034
5721,28.3886
5722,28.4261
5723,28.3786
5724,28.3689
5725,28.3031
5726,28.2787
5727,28.2278
5728,28.215
5729,28.1413
5730,28.3093
5731,28.285
5732,28.2624
5733,28.4141
5734,28.3919
5735,28.5035
5736,28.434
5737,28.3118
5738,28.307
5739,28.4062
5740,28.3249
5741,28.3092
5742,28.4008
5743,28.4269
5744,28.446
5745,28.3786
5746,28.3933
5747,28.415
5748,28.3179
5749,28.2711
5750,28.2792
5751,28.3904
5752,28.2955
5753,28.3141
5754,28.2563
5755,28.23
5756,28.252
5757,28.3259
5758,28.2524
5759,28.2221
5760,28.2938
5761,28.283
5762,28.3316
5763,28.2483
5764,28.2479
5765,28.2226
5766,28.3111
5767,28.2647
5768,28.2876
5769,28.2267
5770,28.2536
5771,28.2831
5772,28.2791
5773,28.2937
5774,28.1802
5775,28.2414
5776,28.2542
5777,28.272
5778,28.2091
5779,28.1934
5780,28.2147
5781,28.2205
5782,28.3349
5783,28.1773
5784,28.09
5785,28.2688
5786,28.2238
5787,28.2759
5788,28.3509
5789,28.3755
5790,28.3099
5791,28.2939
5792,28.2099
5793,28.1996
5794,28.229
5795,28.2893
5796,28.2369
5797,28.2343
5798,28.2593
5799,28.2894
5800,28.241
5801,28.2277
5802,28.1415
5803,28.2456
5804,28.2832
5805,28.3088
5806,28.3598
5807,28.3201
5808,28.2069
5809,28.1651
5810,28.1836
5811,28.2756
5812,28.2333
5813,28.2915
5814,28.2467
5815,28.3251
5816,28.2857
5817,28.3285
5818,28.3503
5819,28.2941
5820,28.2495
5821,28.2429
5822,28.1494
5823,28.1916
5824,28.1829
5825,28.1536
5826,28.1717
5827,28.1837
5828,28.1074
5829,28.2202
5830,28.2347
5831,28.3125
5832,28.3274
5833,28.1496
5834,28.1904
5835,28.1119
5836,28.1335
5837,28.1674
5838,28.2533
5839,28.3413
5840,28.3625
5841,28.2871
5842,28.2688
5843,28.2789
5844,28.3168
5845,28.2882
5846,28.2838
5847,28.3308
5848,28.3645
5849,28.3514
5850,28.4433
5851,28.3358
5852,28.3859
5853,28.334
5854,28.3793
5855,28.3498
5856,28.3748
5857,28.3758
5858,28.3799
5859,28.411
5860,28.4633
5861,28.4226
5862,28.4152
5863,28.3686
5864,28.4032
5865,28.3017
5866,28.2467
5867,28.2579
5868,28.2297
5869,28.2925
5870,28.3413
5871,28.3531
5872,28.2989
5873,28.2275
5874,28.3123
5875,28.4034
5876,28.3685
5877,28.3907
5878,28.4365
5879,28.3298
5880,28.3276
5881,28.2133
5882,28.3327
5883,28.2822
5884,28.272
5885,28.3284
5886,28.2881
5887,28.2687
5888,28.3292
5889,28.3407
5890,28.2901
5891,28.3166
5892,28.189
5893,28.3737
5894,28.2554
5895,28.2782
5896,28.2339
5897,28.3172
5898,28.2346
5899,28.3218
5900,28.3419
5901,28.2869
5902,28.262
5903,28.3617
5904,28.3193
5905,28.3558
5906,28.3163
5907,28.2759
5908,28.2329
5909,28.1907
5910,28.2686
5911,28.1906
5912,28.3096
5913,28.356
5914,28.2409
5915,28.3595
5916,28.3336
5917,28.3923
5918,28.4004
5919,28.4083
5920,28.4628
5921,28.3322
5922,28.4565
5923,28.4521
5924,28.5887
5925,28.5073
5926,28.4943
5927,28.4487
5928,28.4195
5929,28.3917
5930,28.3002
5931,28.3597
5932,28.4011
5933,28.3182
5934,28.3257
5935,28.2212
5936,28.3197
5937,28.2533
5938,28.3213
5939,28.3747
5940,28.3257
5941,28.2781
5942,28.3812
5943,28.3057
5944,28.3484
5945,28.3083
5946,28.2642
5947,28.2506
5948,28.2856
5949,28.2391
5950,28.3346
5951,28.3354
5952,28.3844
5953,28.3674
5954,28.2134
5955,28.3392
5956,28.3377
5957,28.2292
5958,28.2697
5959,28.3917
5960,28.421
5961,28.2888
5962,28.2791
5963,28.3996
5964,28.4203
5965,28.28
5966,28.4037
5967,28.3647
5968,28.5259
5969,28.4359
5970,28.4646
5971,28.4381
5972,28.267
5973,28.3832
5974,28.3947
5975,28.5083
5976,28.4371
5977,28.5476
5978,28.3865
5979,28.4505
5980,28.3362
5981,28.3913
5982,28.3971
5983,28.4234
5984,28.4171
5985,28.4235
5986,28.5029
5987,28.4487
5988,28.5526
5989,28.4984
5990,28.4944
5991,28.3616
5992,28.4668
5993,28.4462
5994,28.398
5995,28.354
5996,28.512
5997,28.3914
5998,28.4083
5999,28.4982
6000,28.474
6001,28.4859
6002,28.5578
6003,28.5506
6004,28.4493
6005,28.5641
6006,28.4464
6007,28.3989
6008,28.3699
6009,28.3436
6010,28.3638
6011,28.419
6012,28.3349
6013,28.2327
6014,28.3182
6015,28.3146
6016,28.2858
6017,28.2817
6018,28.3166
6019,28.258
6020,28.3724
6021,28.403
6022,28.3433
6023,28.4154
6024,28.5415
6025,28.475
6026,28.3206
6027,28.4326
6028,28.516
6029,28.4347
6030,28.4534
6031,28.4091
6032,28.5138
6033,28.3446
6034,28.4074
6035,28.3808
6036,28.3977
6037,28.4096
6038,28.3933
6039,28.4185
6040,28.302
6041,28.2716
6042,28.4623
6043,28.3674
6044,28.2286
6045,28.3032
6046,28.313
6047,28.4089
6048,28.2883
6049,28.2709
6050,28.4165
6051,28.3522
6052,28.4354
6053,28.3693
6054,28.4205
6055,28.404
6056,28.3879
6057,28.3174
6058,28.3748
6059,28.3523
6060,28.327
6061,28.2652
6062,28.3291
6063,28.3365
6064,28.3924
6065,28.315
6066,28.3617
6067,28.3509
6068,28.4203
6069,28.4989
6070,28.3199
6071,28.3487
6072,28.2935
6073,28.4821
6074,28.383
6075,28.4846
6076,28.4297
6077,28.4461
6078,28.4163
6079,28.2813
6080,28.2506
6081,28.4072
6082,28.3017
6083,28.3097
6084,28.2762
6085,28.311
6086,28.3814
6087,28.2813
6088,28.3297
6089,28.3754
6090,28.4488
6091,28.346
6092,28.3995
6093,28.2941
6094,28.3429
6095,28.318
6096,28.478
6097,28.3105
6098,28.354
6099,28.3705
6100,28.3762
6101,28.3331
6102,28.3752
6103,28.3956
6104,28.3122
6105,28.3454
6106,28.3276
6107,28.3166
6108,28.3131
6109,28.3586
6110,28.3325
6111,28.3634
6112,28.2914
6113,28.2969
6114,28.3841
6115,28.342
6116,28.2897
6117,28.4555
6118,28.3454
6119,28.3614
6120,28.369
6121,28.4004
6122,28.3636
6123,28.3716
6124,28.4051
6125,28.3769
6126,28.2896
6127,28.3791
6128,28.3318
6129,28.3023
6130,28.1826
6131,28.3547
6132,28.3987
6133,28.2727
6134,28.1718
6135,28.2297
6136,28.2035
6137,28.2402
6138,28.2688
6139,28.4489
6140,28.3466
6141,28.3293
6142,28.3542
6143,28.3482
6144,28.2644
6145,28.3038
6146,28.3103
6147,28.2669
6148,28.1515
6149,28.2877
6150,28.3469
6151,28.3084
6152,28.3097
6153,28.2848
6154,28.2661
6155,28.2757
6156,28.2231
6157,28.1907
6158,28.2248
6159,28.2148
6160,28.2769
6161,28.2439
6162,28.3437
6163,28.3694
6164,28.4509
6165,28.5114
6166,28.4282
6167,28.4355
6168,28.4099
6169,28.3303
6170,28.3928
6171,28.5535
6172,28.4082
6173,28.4089
6174,28.4402
6175,28.492
6176,28.4212
6177,28.414
6178,28.311
6179,28.258
6180,28.3512
6181,28.2696
6182,28.2962
6183,28.2793
6184,28.2902
6185,28.2727
6186,28.3452
6187,28.3731
6188,28.3093
6189,28.3071
6190,28.3658
6191,28.23
6192,28.336
6193,28.3975
6194,28.3671
6195,28.2393
6196,28.3356
6197,28.2938
6198,28.2938
6199,28.3735
6200,28.3018
6201,28.2591
6202,28.3846
6203,28.3689
6204,28.2911
6205,28.3267
6206,28.2059
6207,28.3233
6208,28.2908
6209,28.2925
6210,28.2875
6211,28.268
6212,28.2554
6213,28.2432
6214,28.1786
6215,28.1762
6216,28.1632
6217,28.1677
6218,28.2494
6219,28.1601
6220,28.171
6221,28.2639
6222,28.2116
6223,28.3087
6224,28.4115
6225,28.3423
6226,28.2883
6227,28.2313
6228,28.2638
6229,28.3716
6230,28.4433
6231,28.3415
6232,28.4441
6233,28.4278
6234,28.4498
6235,28.3194
6236,28.3928
6237,28.3539
6238,28.4109
6239,28.4598
6240,28.5082
6241,28.4297
6242,28.2614
6243,28.2596
6244,28.2568
6245,28.2394
6246,28.3264
6247,28.346
6248,28.3264
6249,28.3822
6250,28.4248
6251,28.4018
6252,28.3666
6253,28.3738
6254,28.3469
6255,28.2653
6256,28.2456
6257,28.1944
6258,28.2896
6259,28.2544
6260,28.3782
6261,28.3698
6262,28.2888
6263,28.3078
6264,28.4486
6265,28.374
6266,28.4347
6267,28.4767
6268,28.4127
6269,28.4427
6270,28.4257
6271,28.4504
6272,28.4187
6273,28.3555
6274,28.463
6275,28.3816
6276,28.4506
6277,28.6067
6278,28.5675
6279,28.3607
6280,28.4653
6281,28.4304
6282,28.5109
6283,28.637
6284,28.5929
6285,28.3885
6286,28.563
6287,28.5231
6288,28.4054
6289,28.3729
6290,28.5326
6291,28.4951
6292,28.4424
6293,28.4129
6294,28.4464
6295,28.3255
6296,28.3708
6297,28.3781
6298,28.4591
6299,28.3864
6300,28.3358
6301,28.356
6302,28.383
6303,28.3315
6304,28.3674
6305,28.359
6306,28.2063
6307,28.2621
6308,28.2916
6309,28.3257
6310,28.3356
6311,28.177
6312,28.1669
6313,28.2472
6314,28.3087
6315,28.3245
6316,28.3068
6317,28.3544
6318,28.3117
6319,28.3046
6320,28.3008
6321,28.3688
6322,28.3615
6323,28.3038
6324,28.3415
6325,28.2033
6326,28.2373
6327,28.2495
6328,28.2176
6329,28.2307
6330,28.128
6331,28.2711
6332,28.2286
6333,28.2883
6334,28.0968
6335,28.1865
6336,28.1907
6337,28.2458
6338,28.3384
6339,28.2129
6340,28.2695
6341,28.2249
6342,28.2231
6343,28.1526
6344,28.1575
6345,28.1615
6346,28.1462
6347,28.24
6348,28.1912
6349,28.1223
6350,28.1653
6351,28.1419
6352,28.176
6353,28.1634
6354,28.2348
6355,28.3259
6356,28.2686
6357,28.3034
6358,28.3074
6359,28.2396
6360,28.2704
6361,28.1997
6362,28.3524
6363,28.2954
6364,28.3445
6365,28.3107
6366,28.3487
6367,28.3794
6368,28.3724
6369,28.4694
6370,28.3714
6371,28.3405
6372,28.3284
6373,28.4062
6374,28.3431
6375,28.3392
6376,28.3415
6377,28.2459
6378,28.414
6379,28.3707
6380,28.3666
6381,28.3901
6382,28.3623
6383,28.3344
6384,28.3623
6385,28.3018
6386,28.4377
6387,28.3823
6388,28.3652
6389,28.4489
6390,28.3019
6391,28.2098
6392,28.2777
6393,28.3819
6394,28.2645
6395,28.3991
6396,28.3475
6397,28.3923
6398,28.3108
6399,28.3349
6400,28.285
6401,28.3218
6402,28.2754
6403,28.3483
6404,28.2631
6405,28.3904
6406,28.3441
6407,28.2782
6408,28.3668
6409,28.4083
6410,28.4046
6411,28.1518
6412,28.2785
6413,28.1396
6414,28.2592
6415,28.1852
6416,28.2603
6417,28.3488
6418,28.2336
6419,28.2438
6420,28.1862
6421,28.134
6422,28.1044
6423,28.1455
6424,28.1247
6425,28.2135
6426,28.2431
6427,28.2902
6428,28.2324
6429,28.3394
6430,28.1944
6431,28.2755
6432,28.339
6433,28.2836
6434,28.3215
6435,28.2663
6436,28.2974
6437,28.2861
6438,28.279
6439,28.4138
6440,28.3123
6441,28.4153
6442,28.4516
6443,28.3333
6444,28.281
6445,28.32
6446,28.2449
6447,28.2639
6448,28.2357
6449,28.323
6450,28.3478
6451,28.4208
6452,28.2923
6453,28.3113
6454,28.2949
6455,28.2941
6456,28.2908
6457,28.3252
6458,28.4479
6459,28.4278
6460,28.4093
6461,28.3592
6462,28.3528
6463,28.2201
6464,28.3271
6465,28.2609
6466,28.3412
6467,28.287
6468,28.4354
6469,28.399
6470,28.3382
6471,28.2776
6472,28.3257
6473,28.3478
6474,28.3438
6475,28.3242
6476,28.3154
6477,28.2946
6478,28.3691
6479,28.3701
6480,28.3273
6481,28.352
6482,28.3662
6483,28.3534
6484,28.3268
6485,28.3581
6486,28.3383
6487,28.3358
6488,28.4015
6489,28.4589
6490,28.442
6491,28.3753
6492,28.3983
6493,28.3788
6494,28.3732
6495,28.3379
6496,28.2835
6497,28.338
6498,28.3124
6499,28.269
6500,28.2445
6501,28.2106
6502,28.2207
6503,28.3231
6504,28.2285
6505,28.3385
6506,28.2417
6507,28.3506
6508,28.2456
6509,28.3613
6510,28.2561
6511,28.2774
6512,28.3011
6513,28.2006
6514,28.2115
6515,28.3472
6516,28.3816
6517,28.3462
6518,28.4043
6519,28.3589
6520,28.2113
6521,28.3008
6522,28.3803
6523,28.4114
6524,28.3754
6525,28.3577
6526,28.2715
6527,28.2561
6528,28.3369
6529,28.3294
6530,28.3878
6531,28.4307
6532,28.3725
6533,28.3494
6534,28.184
6535,28.2477
6536,28.2397
6537,28.2737
6538,28.2096
6539,28.2079
6540,28.3063
6541,28.2346
6542,28.2793
6543,28.306
6544,28.275
6545,28.2818
6546,28.1374
6547,28.2206
6548,28.1524
6549,28.2188
6550,28.2981
6551,28.2209
6552,28.2881
6553,28.206
6554,28.2071
6555,28.155
6556,28.2512
6557,28.1865
6558,28.1819
6559,28.2108
6560,28.2399
6561,28.2252
6562,28.2274
6563,28.2424
6564,28.2407
6565,28.1606
6566,28.1162
6567,28.1289
6568,28.2446
6569,28.2789
6570,28.2492
6571,28.3255
6572,28.3473
6573,28.2282
6574,28.2003
6575,28.1735
6576,28.1884
6577,28.1573
6578,28.307
6579,28.1901
6580,28.1603
6581,28.2435
6582,28.2448
6583,28.1975
6584,28.2545
6585,28.2345
6586,28.219
6587,28.3201
6588,28.366
6589,28.2355
6590,28.3902
6591,28.39
6592,28.3317
6593,28.2378
6594,28.2997
6595,28.4126
6596,28.2935
6597,28.2747
6598,28.3258
6599,28.2273
6600,28.316
6601,28.3352
6602,28.2512
6603,28.2528
6604,28.3437
6605,28.3287
6606,28.2441
6607,28.2804
6608,28.2093
6609,28.2015
6610,28.2345
6611,28.2496
6612,28.2174
6613,28.2078
6614,28.2807
6615,28.3581
6616,28.3065
6617,28.291
6618,28.2692
6619,28.2696
6620,28.2532
6621,28.2934
6622,28.3086
6623,28.2469
6624,28.3617
6625,28.302
6626,28.3704
6627,28.3485
6628,28.3813
6629,28.3329
6630,28.3463
6631,28.3476
6632,28.4474
6633,28.4162
6634,28.4262
6635,28.4461
6636,28.3633
6637,28.449
6638,28.4582
6639,28.3319
6640,28.3084
6641,28.2718
6642,28.2922
6643,28.3198
6644,28.3614
6645,28.291
6646,28.3482
6647,28.4116
6648,28.325
6649,28.2761
6650,28.3121
6651,28.318
6652,28.2318
6653,28.3373
6654,28.2618
6655,28.3153
6656,28.3346
6657,28.3722
6658,28.4092
6659,28.441
6660,28.3596
6661,28.298
6662,28.3096
6663,28.3628
6664,28.3575
6665,28.3498
6666,28.3346
6667,28.3962
6668,28.3258
6669,28.2963
6670,28.3426
6671,28.4336
6672,28.3442
6673,28.4527
6674,28.3765
6675,28.317
6676,28.3949
6677,28.3442
6678,28.1601
6679,28.2237
6680,28.2894
6681,28.2193
6682,28.3434
6683,28.3297
6684,28.3796
6685,28.4807
6686,28.3126
6687,28.3879
6688,28.3603
6689,28.3046
6690,28.3614
6691,28.3867
6692,28.4849
6693,28.4191
6694,28.4598
6695,28.3784
6696,28.3251
6697,28.3368
6698,28.4595
6699,28.2946
6700,28.3861
6701,28.422
6702,28.3365
6703,28.2896
6704,28.3937
6705,28.4373
6706,28.4827
6707,28.3785
6708,28.3571
6709,28.3683
6710,28.3719
6711,28.3106
6712,28.3792
6713,28.2205
6714,28.3252
6715,28.3749
6716,28.3363
6717,28.2677
6718,28.3444
6719,28.3403
6720,28.26
6721,28.3529
6722,28.3654
6723,28.2937
6724,28.3057
6725,28.3337
6726,28.27
6727,28.2618
6728,28.1508
6729,28.2212
6730,28.2257
6731,28.1877
6732,28.0574
6733,28.2021
6734,28.1181
6735,28.1834
6736,28.1201
6737,28.08
6738,28.0626
6739,28.0208
6740,28.065
6741,28.1428
6742,28.1539
6743,28.1798
6744,28.1831
6745,28.1901
6746,28.1695
6747,28.1556
6748,28.1588
6749,28.0576
6750,28.2202
6751,28.1811
6752,28.089
6753,28.0537
6754,28.0756
6755,28.1131
6756,28.0134
6757,28.1365
6758,28.152
6759,28.2277
6760,28.1316
6761,28.1526
6762,28.3297
6763,28.3118
6764,28.2822
6765,28.283
6766,28.1831
6767,28.1662
6768,28.218
6769,28.265
6770,28.2689
6771,28.1932
6772,28.2666
6773,28.2329
6774,28.2084
6775,28.1164
6776,28.054
6777,28.2601
6778,28.2744
6779,28.2929
6780,28.3034
6781,28.1628
6782,28.1678
6783,28.3649
6784,28.2428
6785,28.1652
6786,28.1546
6787,28.2066
6788,28.2102
6789,28.1147
6790,28.1902
6791,28.2378
6792,28.1441
6793,28.1299
6794,28.1929
6795,28.2453
6796,28.3065
6797,28.2357
6798,28.2332
6799,28.148
6800,28.1218
6801,28.0818
6802,28.0761
6803,28.1735
6804,28.0651
6805,28.2365
6806,28.1884
6807,28.1466
6808,28.0932
6809,28.1588
6810,28.2651
6811,28.2465
6812,28.2163
6813,28.2289
6814,28.233
6815,28.2214
6816,28.3728
6817,28.4341
6818,28.3951
6819,28.3349
6820,28.4647
6821,28.3629
6822,28.3047
6823,28.3216
6824,28.306
6825,28.3259
6826,28.4157
6827,28.3026
6828,28.2825
6829,28.2921
6830,28.3047
6831,28.3146
6832,28.326
6833,28.305
6834,28.3132
6835,28.2287
6836,28.2522
6837,28.3415
6838,28.3402
6839,28.308
6840,28.2618
6841,28.2588
6842,28.2545
6843,28.2405
6844,28.2414
6845,28.1778
6846,28.2203
6847,28.1957
6848,28.203
6849,28.1646
6850,28.2272
6851,28.0987
6852,28.2289
6853,28.19
6854,28.2199
6855,28.2927
6856,28.2605
6857,28.3076
6858,28.2857
6859,28.2247
6860,28.3118
6861,28.296
6862,28.2967
6863,28.1644
6864,28.153
6865,28.1672
6866,28.1778
6867,28.2502
6868,28.1709
6869,28.1942
6870,28.1167
6871,28.1351
6872,28.0892
6873,28.1712
6874,28.2589
6875,28.1806
6876,28.0956
6877,28.1031
6878,28.0901
6879,28.1352
6880,28.3562
6881,28.1158
6882,28.2326
6883,28.1243
6884,28.2058
6885,28.2157
6886,28.2509
6887,28.2935
6888,28.2426
6889,28.2769
6890,28.1764
6891,28.1103
6892,28.1644
6893,28.3293
6894,28.2436
6895,28.235
6896,28.1997
6897,28.2434
6898,28.2302
6899,28.2111
6900,28.2028
6901,28.1762
6902,28.1602
6903,28.2464
6904,28.2068
6905,28.2558
6906,28.3331
6907,28.3008
6908,28.3462
6909,28.2919
6910,28.4193
6911,28.2512
6912,28.3358
6913,28.2917
6914,28.2262
6915,28.2407
6916,28.1936
6917,28.1833
6918,28.2225
6919,28.2679
6920,28.1587
6921,28.1646
6922,28.1654
6923,28.2641
6924,28.2601
6925,28.1435
6926,28.2242
6927,28.1214
6928,28.2348
6929,28.1814
6930,28.1746
6931,28.2405
6932,28.2258
6933,28.1556
6934,28.2131
6935,28.1897
6936,28.2112
6937,28.2421
6938,28.1677
6939,28.2484
6940,28.2308
6941,28.2526
6942,28.2358
6943,28.2618
6944,28.2026
6945,28.192
6946,28.2352
6947,28.2409
6948,28.2885
6949,28.2741
6950,28.2492
6951,28.3903
6952,28.3294
6953,28.253
6954,28.2843
6955,28.3029
6956,28.3279
6957,28.2642
6958,28.3388
6959,28.1655
6960,28.2355
6961,28.2774
6962,28.231
6963,28.2365
6964,28.2274
6965,28.273
6966,28.2321
6967,28.1481
6968,28.2367
6969,28.1731
6970,28.2113
6971,28.2477
6972,28.2804
6973,28.2829
6974,28.2949
6975,28.2493
6976,28.3349
6977,28.3259
6978,28.2681
6979,28.3469
6980,28.2968
6981,28.4186
6982,28.4006
6983,28.3774
6984,28.3718
6985,28.2471
6986,28.363
6987,28.1902
6988,28.1898
6989,28.3511
6990,28.3466
6991,28.1839
6992,28.2537
6993,28.3422
6994,28.428
6995,28.3959
6996,28.3567
6997,28.3055
6998,28.2035
6999,28.2036
7000,28.1655
7001,28.2341
7002,28.3576
7003,28.3207
7004,28.1868
7005,28.2757
7006,28.3042
7007,28.2073
7008,28.2676
7009,28.3043
7010,28.1953
7011,28.3519
7012,28.3527
7013,28.3364
7014,28.3232
7015,28.2588
7016,28.2137
7017,28.1278
7018,28.1911
7019,28.1957
7020,28.199
7021,28.2319
7022,28.2984
7023,28.2628
7024,28.3339
7025,28.3171
7026,28.2759
7027,28.2242
7028,28.2306
7029,28.2807
7030,28.2235
7031,28.2369
7032,28.2172
7033,28.2334
7034,28.2446
7035,28.2321
7036,28.1865
7037,28.2176
7038,28.2074
7039,28.2054
7040,28.292
7041,28.4471
7042,28.3684
7043,28.392
7044,28.37
7045,28.2874
7046,28.2109
7047,28.297
7048,28.2124
7049,28.1996
7050,28.2102
7051,28.2712
7052,28.2788
7053,28.1917
7054,28.2818
7055,28.2722
7056,28.2773
7057,28.296
7058,28.2775
7059,28.2933
7060,28.2935
7061,28.2838
7062,28.3069
7063,28.3678
7064,28.3652
7065,28.4567
7066,28.3348
7067,28.4638
7068,28.3695
7069,28.3657
7070,28.295
7071,28.3912
7072,28.3182
7073,28.3229
7074,28.2956
7075,28.3805
7076,28.3201
7077,28.3194
7078,28.3134
7079,28.3113
7080,28.2983
7081,28.2348
7082,28.3849
7083,28.3749
7084,28.2988
7085,28.2723
7086,28.221
7087,28.252
7088,28.2507
7089,28.248
7090,28.3315
7091,28.3511
7092,28.3193
7093,28.3831
7094,28.3677
7095,28.3813
7096,28.2727
7097,28.2466
7098,28.2911
7099,28.3309
7100,28.2912
7101,28.3148
7102,28.2087
7103,28.1848
7104,28.2682
7105,28.3667
7106,28.2704
7107,28.2513
7108,28.3818
7109,28.3417
7110,28.2671
7111,28.2608
7112,28.2236
7113,28.0645
7114,28.0904
7115,28.2494
7116,28.1987
7117,28.2426
7118,28.2654
7119,28.0827
7120,28.1797
7121,28.1902
7122,28.245
7123,28.1995
7124,28.2648
7125,28.2498
7126,28.1929
7127,28.2369
7128,28.2332
7129,28.1378
7130,28.2055
7131,28.18
7132,28.2285
7133,28.143
7134,28.1474
7135,28.1351
7136,28.0672
7137,28.048
7138,28.1132
7139,28.2132
7140,28.1293
7141,28.1504
7142,28.1861
7143,28.2245
7144,28.2505
7145,28.2191
7146,28.2285
7147,28.2648
7148,28.2632
7149,28.2477
7150,28.2735
7151,28.2012
7152,28.1829
7153,28.3105
7154,28.1581
7155,28.284
7156,28.2656
7157,28.2807
7158,28.3495
7159,28.3925
7160,28.2129
7161,28.3609
7162,28.3867
7163,28.3836
7164,28.2902
7165,28.308
7166,28.2639
7167,28.3053
7168,28.2781
7169,28.2193
7170,28.2712
7171,28.2823
7172,28.2502
7173,28.2949
7174,28.27
7175,28.3246
7176,28.2275
7177,28.1878
7178,28.175
7179,28.1637
7180,28.1282
7181,28.178
7182,28.2518
7183,28.149
7184,28.1423
7185,28.1928
7186,28.2788
7187,28.3349
7188,28.2487
7189,28.2477
7190,28.2379
7191,28.1788
7192,28.161
7193,28.221
7194,28.2627
7195,28.1754
7196,28.161
7197,28.1424
7198,28.1318
7199,28.2744
7200,28.1994
7201,28.1849
7202,28.0589
7203,28.1892
7204,28.1362
7205,28.2532
7206,28.2651
7207,28.2303
7208,28.255
7209,28.2334
7210,28.155
7211,28.1724
7212,28.171
7213,28.2121
7214,28.2314
7215,28.2391
7216,28.1957
7217,28.1487
7218,28.2362
7219,28.139
7220,28.1568
7221,28.2242
7222,28.2324
7223,28.2612
7224,28.2478
7225,28.2345
7226,28.2009
7227,28.2365
7228,28.1095
7229,28.1613
7230,28.1168
7231,28.1939
7232,28.1794
7233,28.236
7234,28.2477
7235,28.1584
7236,28.2451
7237,28.1758
7238,28.1273
7239,28.1543
7240,28.196
7241,28.1977
7242,28.1363
7243,28.1837
7244,28.205
7245,28.196
7246,28.2196
7247,28.1964
7248,28.1192
7249,28.1382
7250,28.1982
7251,28.2594
7252,28.1167
7253,28.1111
7254,28.1559
7255,28.2192
7256,28.1862
7257,28.294
7258,28.306
7259,28.3135
7260,28.3528
7261,28.3748
7262,28.3037
7263,28.2779
7264,28.3099
7265,28.2897
7266,28.3039
7267,28.2145
7268,28.3191
7269,28.371
7270,28.2567
7271,28.2078
7272,28.2313
7273,28.1577
7274,28.0965
7275,28.2181
7276,28.1012
7277,28.1717
7278,28.2488
7279,28.3022
7280,28.2614
7281,28.253
7282,28.2584
7283,28.3213
7284,28.3077
7285,28.2695
7286,28.1933
7287,28.2534
7288,28.1829
7289,28.2324
7290,28.221
7291,28.2707
7292,28.2869
7293,28.3403
7294,28.31
7295,28.4106
7296,28.2433
7297,28.2986
7298,28.1801
7299,28.194
7300,28.1407
7301,28.0639
7302,28.176
7303,28.1265
7304,28.1619
7305,28.0547
7306,28.1454
7307,28.1273
7308,28.1265
7309,28.1482
7310,28.0919
7311,28.0882
7312,28.2322
7313,28.0866
7314,28.0826
7315,28.141
7316,27.9579
7317,27.9522
7318,28.1308
7319,27.9988
7320,28.2001
7321,28.2109
7322,28.2461
7323,28.2346
7324,28.2762
7325,28.1464
7326,28.1117
7327,28.2276
7328,28.1808
7329,28.1039
7330,28.1208
7331,28.2488
7332,28.203
7333,28.1759
7334,28.1684
7335,28.203
7336,28.2663
7337,28.1532
7338,28.1569
7339,28.1219
7340,28.0922
7341,28.1745
7342,28.289
7343,28.3076
7344,28.3099
7345,28.2637
7346,28.2212
7347,28.2114
7348,28.1018
7349,28.1539
7350,28.0717
7351,28.1626
7352,28.223
7353,28.3252
7354,28.3053
7355,28.1895
7356,28.2772
7357,28.1481
7358,28.0142
7359,28.1247
7360,28.231
7361,28.1095
7362,28.1613
7363,28.1374
7364,28.0239
7365,28.0747
7366,28.0464
7367,28.1596
7368,28.1324
7369,28.1125
7370,28.1039
7371,28.1496
7372,28.1403
7373,28.1282
7374,28.1529
7375,28.2005
7376,28.0913
7377,28.1972
7378,28.3022
7379,28.2114
7380,28.213
7381,28.2132
7382,28.4292
7383,28.2626
7384,28.2851
7385,28.2005
7386,28.336
7387,28.2706
7388,28.2407
7389,28.1398
7390,28.1174
7391,28.1453
7392,28.0115
7393,27.9918
7394,28.1027
7395,28.0294
7396,28.1036
7397,28.1445
7398,28.1241
7399,28.1191
7400,28.0834
7401,28.051
7402,28.0669
7403,28.0497
7404,28.0667
7405,27.9455
7406,28.0837
7407,28.012
7408,27.93
7409,28.0118
7410,28.07
7411,28.1007
7412,28.0518
7413,27.995
7414,28.0632
7415,28.1882
7416,28.1304
7417,28.1944
7418,28.1724
7419,28.2365
7420,28.3649
7421,28.4608
7422,28.3692
7423,28.4013
7424,28.3682
7425,28.2399
7426,28.2612
7427,28.3355
7428,28.2667
7429,28.2111
7430,28.2435
7431,28.3282
7432,28.251
7433,28.1904
7434,28.1471
7435,28.1705
7436,28.1664
7437,28.1523
7438,28.1992
7439,28.2532
7440,28.1969
7441,28.2755
7442,28.3409
7443,28.3189
7444,28.3204
7445,28.2561
7446,28.2336
7447,28.3115
7448,28.2691
7449,28.3171
7450,28.3279
7451,28.3299
7452,28.2844
7453,28.294
7454,28.3201
7455,28.3025
7456,28.3129
7457,28.2965
7458,28.2801
7459,28.3183
7460,28.2583
7461,28.1903
7462,28.1919
7463,28.2453
7464,28.2473
7465,28.1501
7466,28.2927
7467,28.2645
7468,28.3146
7469,28.3129
7470,28.3211
7471,28.3855
7472,28.3323
7473,28.276
7474,28.2428
7475,28.3346
7476,28.3443
7477,28.2789
7478,28.3243
7479,28.3099
7480,28.2311
7481,28.4198
7482,28.3242
7483,28.36
7484,28.3382
7485,28.4463
7486,28.3953
7487,28.2423
7488,28.2967
7489,28.1476
7490,28.1523
7491,28.1641
7492,28.1217
7493,28.2639
7494,28.1345
7495,28.2779
7496,28.1703
7497,27.9989
7498,28.0974
7499,28.1072
7500,27.9447
7501,28.1288
7502,28.0854
7503,28.0178
7504,28.1507
7505,28.1375
7506,28.1902
7507,28.2229
7508,28.2216
7509,28.1626
7510,28.2103
7511,28.3062
7512,28.3559
7513,28.1838
7514,28.2469
7515,28.2626
7516,28.1603
7517,28.2987
7518,28.2717
7519,28.2276
7520,28.2969
7521,28.2646
7522,28.2101
7523,28.2443
7524,28.3453
7525,28.3939
7526,28.273
7527,28.3337
7528,28.3632
7529,28.3028
7530,28.2865
7531,28.3138
7532,28.2107
7533,28.1496
7534,28.2152
7535,28.3106
7536,28.2686
7537,28.169
7538,28.1284
7539,28.2318
7540,28.1682
7541,28.2842
7542,28.3021
7543,28.3248
7544,28.2341
7545,28.1412
7546,28.1386
7547,28.181
7548,28.1776
7549,28.1635
7550,28.193
7551,28.1224
7552,28.2691
7553,28.2111
7554,28.2922
7555,28.3375
7556,28.3085
7557,28.3465
7558,28.4468
7559,28.3285
7560,28.3256
7561,28.395
7562,28.2377
7563,28.3989
7564,28.2937
7565,28.2832
7566,28.2925
7567,28.2341
7568,28.3165
7569,28.2418
7570,28.3133
7571,28.3199
7572,28.3483
7573,28.367
7574,28.426
7575,28.2556
7576,28.2257
7577,28.2393
7578,28.2908
7579,28.2238
7580,28.1953
7581,28.2443
7582,28.3111
7583,28.2417
7584,28.2107
7585,28.2627
7586,28.3362
7587,28.3272
7588,28.357
7589,28.3476
7590,28.3902
7591,28.398
7592,28.2643
7593,28.1919
7594,28.1463
7595,28.1659
7596,28.1733
7597,28.1654
7598,28.1181
7599,28.1632
7600,28.0981
7601,28.3221
7602,28.3327
7603,28.2523
7604,28.3139
7605,28.3068
7606,28.3197
7607,28.2365
7608,28.2683
7609,28.3294
7610,28.2427
7611,28.1776
7612,28.2244
7613,28.2844
7614,28.2616
7615,28.2637
7616,28.3014
7617,28.173
7618,28.2084
7619,28.2073
7620,28.3009
7621,28.3285
7622,28.2239
7623,28.2696
7624,28.2583
7625,28.2476
7626,28.1804
7627,28.186
7628,28.2537
7629,28.1145
7630,28.1911
7631,28.1722
7632,28.1007
7633,28.2701
7634,28.1792
7635,28.1397
7636,28.3086
7637,28.2442
7638,28.2374
7639,28.2367
7640,28.2152
7641,28.161
7642,28.2307
7643,28.1852
7644,28.2227
7645,28.178
7646,28.0762
7647,28.1502
7648,28.1463
7649,28.1533
7650,28.0851
7651,28.2269
7652,28.2082
7653,28.0626
7654,28.2621
7655,28.1725
7656,28.2311
7657,28.4023
7658,28.29
7659,28.2146
7660,28.1612
7661,28.0643
7662,28.1685
7663,28.0622
7664,28.0365
7665,28.0553
7666,28.0995
7667,28.0779
7668,28.0907
7669,28.1741
7670,28.1882
7671,28.1406
7672,28.1945
7673,28.1558
7674,28.0761
7675,28.2079
7676,28.155
7677,28.1501
7678,28.106
7679,28.1578
7680,28.1803
7681,28.2519
7682,28.1735
7683,28.158
7684,28.1497
7685,28.2123
7686,28.0903
7687,28.1342
7688,28.1933
7689,28.0919
7690,28.1562
7691,28.2872
7692,28.327
7693,28.2931
7694,28.2889
7695,28.384
7696,28.3856
7697,28.2995
7698,28.4123
7699,28.3997
7700,28.502
7701,28.4078
7702,28.4914
7703,28.3357
7704,28.3763
7705,28.4428
7706,28.4058
7707,28.3005
7708,28.3347
7709,28.2694
7710,28.2791
7711,28.2605
7712,28.2357
7713,28.3072
7714,28.1701
7715,28.0982
7716,28.0847
7717,28.1054
7718,28.2182
7719,28.2365
7720,28.2474
7721,28.2492
7722,28.2516
7723,28.2182
7724,28.0864
7725,28.197
7726,28.2821
7727,28.2005
7728,28.2538
7729,28.3149
7730,28.2317
7731,28.2517
7732,28.2758
7733,28.2904
7734,28.2038
7735,28.2218
7736,28.2013
7737,28.2824
7738,28.2069
7739,28.1482
7740,28.197
7741,28.1944
7742,28.0978
7743,28.1498
7744,28.091
7745,28.1904
7746,28.2279
7747,28.2711
7748,28.2749
7749,28.2346
7750,28.3415
7751,28.3499
7752,28.3179
7753,28.2473
7754,28.2878
7755,28.2353
7756,28.1942
7757,28.1995
7758,28.2134
7759,28.1817
7760,28.2059
7761,28.227
7762,28.1883
7763,28.224
7764,28.2794
7765,28.262
7766,28.3179
7767,28.247
7768,28.1971
7769,28.2731
7770,28.3811
7771,28.2217
7772,28.3507
7773,28.3039
7774,28.3049
7775,28.3426
7776,28.3787
7777,28.2732
7778,28.2005
7779,28.2513
7780,28.231
7781,28.1791
7782,28.2325
7783,28.1464
7784,28.182
7785,28.2205
7786,28.2183
7787,28.2682
7788,28.2568
7789,28.2776
7790,28.1412
7791,28.0272
7792,28.1496
7793,28.2311
7794,28.0872
7795,28.1379
7796,28.0836
7797,27.9939
7798,28.0344
7799,28.1133
7800,28.1025
7801,28.0007
7802,27.9903
7803,28.1024
7804,28.0897
7805,28.0696
7806,28.0496
7807,27.9871
7808,28.0976
7809,28.1074
7810,28.0917
7811,28.1289
7812,28.1003
7813,28.1624
7814,28.145
7815,28.165
7816,28.2067
7817,28.117
7818,28.273
7819,28.2775
7820,28.1999
7821,28.2522
7822,28.314
7823,28.3107
7824,28.3185
7825,28.2447
7826,28.2809
7827,28.3218
7828,28.2141
7829,28.2345
7830,28.2371
7831,28.2871
7832,28.3886
7833,28.4027
7834,28.1797
7835,28.3027
7836,28.388
7837,28.5236
7838,28.3734
7839,28.3939
7840,28.5401
7841,28.4279
7842,28.4836
7843,28.5703
7844,28.5876
7845,28.6121
7846,28.4835
7847,28.5821
7848,28.4656
7849,28.3671
7850,28.3604
7851,28.296
7852,28.3805
7853,28.2532
7854,28.2679
7855,28.3005
7856,28.4021
7857,28.4053
7858,28.4745
7859,28.4419
7860,28.3835
7861,28.3311
7862,28.3208
7863,28.3844
7864,28.2455
7865,28.3399
7866,28.2954
7867,28.237
7868,28.1298
7869,28.1856
7870,28.2102
7871,28.2279
7872,28.2618
7873,28.1484
7874,28.1427
7875,28.2586
7876,28.1654
7877,28.1598
7878,28.1941
7879,28.2397
7880,28.1468
7881,28.1149
7882,28.1438
7883,28.2392
7884,28.2038
7885,28.0759
7886,28.0682
7887,28.1654
7888,28.1574
7889,28.1154
7890,28.157
7891,28.2156
7892,28.2251
7893,28.3082
7894,28.2589
7895,28.175
7896,28.1897
7897,28.2042
7898,28.1478
7899,28.1192
7900,28.1963
7901,28.1505
7902,28.1352
7903,28.1843
7904,28.2243
7905,28.1571
7906,28.0951
7907,28.2148
7908,28.1943
7909,28.2107
7910,28.1433
7911,28.32
7912,28.2059
7913,28.2077
7914,28.1179
7915,28.1035
7916,28.2505
7917,28.3017
7918,28.1486
7919,28.1377
7920,28.1534
7921,28.1391
7922,28.0661
7923,28.0368
7924,28.0551
7925,28.0476
7926,28.0645
7927,28.1452
7928,28.107
7929,28.1288
7930,28.116
7931,28.118
7932,28.131
7933,28.0238
7934,28.0594
7935,28.154
7936,28.1746
7937,28.1276
7938,28.1378
7939,28.2257
7940,28.2282
7941,28.2376
7942,28.2841
7943,28.1826
7944,28.2602
7945,28.191
7946,28.2254
7947,28.2515
7948,28.2951
7949,28.2292
7950,28.261
7951,28.2463
7952,28.2459
7953,28.2636
7954,28.3387
7955,28.2067
7956,28.1976
7957,28.2277
7958,28.1695
7959,28.2295
7960,28.2506
7961,28.2645
7962,28.1966
7963,28.1773
7964,28.1901
7965,28.1661
7966,28.1742
7967,28.1914
7968,28.1951
7969,28.1688
7970,28.2402
7971,28.1953
7972,28.265
7973,28.179
7974,28.2106
7975,28.2647
7976,28.2997
7977,28.2672
7978,28.1348
7979,28.2282
7980,28.1951
7981,28.1438
7982,28.214
7983,28.1543
7984,28.145
7985,28.0263
7986,28.1863
7987,28.2385
7988,28.2493
7989,28.1128
7990,28.1786
7991,28.2207
7992,28.2426
7993,28.0138
7994,28.0633
7995,28.1285
7996,28.2145
7997,28.1327
7998,28.1253
7999,28.2281
8000,28.2879
8001,28.187
8002,28.1619
8003,28.205
8004,28.1774
8005,28.2592
8006,28.2771
8007,28.3877
8008,28.4052
8009,28.3637
8010,28.3442
8011,28.3507
8012,28.3733
8013,28.3912
8014,28.3359
8015,28.3737
8016,28.3117
8017,28.3823
8018,28.299
8019,28.3999
8020,28.2741
8021,28.3133
8022,28.2458
8023,28.2962
8024,28.3642
8025,28.4634
8026,28.3448
8027,28.3332
8028,28.282
8029,28.2967
8030,28.1887
8031,28.1988
8032,28.1887
8033,28.3255
8034,28.2265
8035,28.2048
8036,28.1728
8037,28.2162
8038,28.2244
8039,28.2906
8040,28.2796
8041,28.0716
8042,28.1306
8043,28.1059
8044,28.1754
8045,28.193
8046,28.1787
8047,28.2011
8048,28.0864
8049,28.1373
8050,28.2073
8051,28.2353
8052,28.2018
8053,28.2267
8054,28.2458
8055,28.1008
8056,28.2167
8057,28.2576
8058,28.2439
8059,28.1278
8060,28.1427
8061,28.1335
8062,28.1738
8063,28.1709
8064,28.1256
8065,28.1541
8066,28.1657
8067,28.1099
8068,28.1563
8069,28.1482
8070,28.1921
8071,28.3276
8072,28.3358
8073,28.252
8074,28.2154
8075,28.0966
8076,28.0949
8077,28.144
8078,28.2486
8079,28.2291
8080,28.1536
8081,28.206
8082,28.1572
8083,28.1516
8084,28.2127
8085,28.1012
8086,28.223
8087,28.1861
8088,28.1823
8089,28.2362
8090,28.2587
8091,28.2392
8092,28.3246
8093,28.2838
8094,28.4788
8095,28.2821
8096,28.2001
8097,28.3267
8098,28.2976
8099,28.3946
8100,28.3759
8101,28.4546
8102,28.3816
8103,28.3502
8104,28.3453
8105,28.3317
8106,28.2268
8107,28.2725
8108,28.218
8109,28.3729
8110,28.3993
8111,28.381
8112,28.3869
8113,28.3742
8114,28.3048
8115,28.2458
8116,28.2233
8117,28.1808
8118,28.2622
8119,28.1686
8120,28.0712
8121,28.189
8122,28.1565
8123,28.2516
8124,28.2594
8125,28.2797
8126,28.2585
8127,28.1317
8128,28.2394
8129,28.2006
8130,28.1928
8131,28.1513
8132,28.0506
8133,28.23
8134,28.2085
8135,28.2501
8136,28.2051
8137,28.276
8138,28.2823
8139,28.2342
8140,28.2738
8141,28.183
8142,28.1865
8143,28.1606
8144,28.0672
8145,28.1003
8146,28.1321
8147,28.1443
8148,28.2338
8149,28.3115
8150,28.2825
8151,28.2211
8152,28.2796
8153,28.4069
8154,28.3433
8155,28.2916
8156,28.2034
8157,28.2373
8158,28.2813
8159,28.3313
8160,28.3079
8161,28.3054
8162,28.3195
8163,28.3436
8164,28.3611
8165,28.4016
8166,28.3152
8167,28.2586
8168,28.3615
8169,28.3775
8170,28.3903
8171,28.3953
8172,28.1457
8173,28.2756
8174,28.1855
8175,28.1931
8176,28.2109
8177,28.0754
8178,28.0771
8179,28.281
8180,28.3627
8181,28.3818
8182,28.3814
8183,28.3018
8184,28.3499
8185,28.3062
8186,28.2691
8187,28.3186
8188,28.3388
8189,28.2725
8190,28.3914
8191,28.3292
8192,28.3313
8193,28.3952
8194,28.4143
8195,28.4282
8196,28.4456
8197,28.4098
8198,28.3161
8199,28.3306
8200,28.2915
8201,28.4048
8202,28.3591
8203,28.4247
8204,28.3133
8205,28.2944
8206,28.3611
8207,28.3275
8208,28.2986
8209,28.3687
8210,28.3265
8211,28.2493
8212,28.2552
8213,28.2618
8214,28.3198
8215,28.266
8216,28.3047
8217,28.3395
8218,28.4704
8219,28.4498
8220,28.2803
8221,28.3875
8222,28.2837
8223,28.4488
8224,28.4598
8225,28.55
8226,28.484
8227,28.5313
8228,28.5851
8229,28.3701
8230,28.4659
8231,28.4425
8232,28.4758
8233,28.4139
8234,28.4257
8235,28.3432
8236,28.5044
8237,28.3261
8238,28.3572
8239,28.3996
8240,28.4208
8241,28.3617
8242,28.4186
8243,28.4142
8244,28.2801
8245,28.2344
8246,28.2917
8247,28.2664
8248,28.2637
8249,28.3238
8250,28.3324
8251,28.4094
8252,28.3195
8253,28.2922
8254,28.4554
8255,28.3557
8256,28.3559
8257,28.2887
8258,28.4735
8259,28.5115
8260,28.4427
8261,28.4145
8262,28.3778
8263,28.3705
8264,28.3847
8265,28.3264
8266,28.3689
8267,28.3094
8268,28.3389
8269,28.412
8270,28.3472
8271,28.3512
8272,28.4442
8273,28.4488
8274,28.4373
8275,28.487
8276,28.5494
8277,28.5284
8278,28.4551
8279,28.5024
8280,28.4905
8281,28.5751
8282,28.4329
8283,28.4008
8284,28.4087
8285,28.3716
8286,28.4616
8287,28.4468
8288,28.4071
8289,28.274
8290,28.3538
8291,28.3738
8292,28.4771
8293,28.5566
8294,28.541
8295,28.5553
8296,28.5079
8297,28.5283
8298,28.5671
8299,28.4829
8300,28.5492
8301,28.4825
8302,28.4985
8303,28.5094
8304,28.4176
8305,28.4785
8306,28.3903
8307,28.4802
8308,28.4629
8309,28.4849
8310,28.488
8311,28.3982
8312,28.4597
8313,28.4354
8314,28.3873
8315,28.4545
8316,28.4693
8317,28.622
8318,28.6139
8319,28.6349
8320,28.5707
8321,28.4145
8322,28.3447
8323,28.3719
8324,28.4198
8325,28.3483
8326,28.4473
8327,28.5131
8328,28.4257
8329,28.4285
8330,28.3842
8331,28.3675
8332,28.2617
8333,28.3234
8334,28.3063
8335,28.3524
8336,28.2673
8337,28.226
8338,28.3975
8339,28.4068
8340,28.2751
8341,28.1432
8342,28.2407
8343,28.1781
8344,28.2724
8345,28.2606
8346,28.3194
8347,28.3098
8348,28.2695
8349,28.3859
8350,28.3898
8351,28.2377
8352,28.2472
8353,28.2287
8354,28.2521
8355,28.2093
8356,28.1987
8357,28.1066
8358,28.1244
8359,28.1318
8360,28.0955
8361,28.0125
8362,28.1849
8363,28.2404
8364,28.2213
8365,28.177
8366,28.1873
8367,28.3667
8368,28.1324
8369,28.2351
8370,28.2822
8371,28.2732
8372,28.2094
8373,28.2488
8374,28.2124
8375,28.1245
8376,28.2563
8377,28.2359
8378,28.3048
8379,28.2946
8380,28.2681
8381,28.2461
8382,28.3581
8383,28.3718
8384,28.2532
8385,28.1837
8386,28.2332
8387,28.3188
8388,28.342
8389,28.4106
8390,28.3105
8391,28.2313
8392,28.1393
8393,28.1053
8394,28.2245
8395,28.1793
8396,28.201
8397,28.1899
8398,28.2163
8399,28.2951
8400,28.2919
8401,28.3897
8402,28.2637
8403,28.3176
8404,28.243
8405,28.1298
8406,28.1698
8407,28.2542
8408,28.1592
8409,28.1814
8410,28.2886
8411,28.3123
8412,28.3236
8413,28.2646
8414,28.2747
8415,28.2825
8416,28.2601
8417,28.2582
8418,28.1568
8419,28.2176
8420,28.2557
8421,28.2413
8422,28.2575
8423,28.1873
8424,28.2566
8425,28.2385
8426,28.1754
8427,28.2485
8428,28.2493
8429,28.2013
8430,28.1666
8431,28.2231
8432,28.31
8433,28.2976
8434,28.2675
8435,28.2299
8436,28.2027
8437,28.2074
8438,28.2853
8439,28.2031
8440,28.1894
8441,28.2207
8442,28.2539
8443,28.2295
8444,28.1857
8445,28.2075
8446,28.1338
8447,28.1442
8448,28.1248
8449,28.1257
8450,28.1295
8451,28.1383
8452,28.174
8453,28.2045
8454,28.2661
8455,28.3051
8456,28.3573
8457,28.2432
8458,28.3419
8459,28.3424
8460,28.2583
8461,28.2741
8462,28.1881
8463,28.2191
8464,28.2867
8465,28.2701
8466,28.2082
8467,28.2209
8468,28.192
8469,28.0802
8470,28.0634
8471,28.121
8472,28.1787
8473,28.1414
8474,28.2162
8475,28.143
8476,28.0621
8477,28.0294
8478,28.0181
8479,27.9871
8480,27.9897
8481,28.1635
8482,28.0401
8483,28.1226
8484,28.0593
8485,28.0634
8486,28.0403
8487,28.0971
8488,28.1182
8489,27.9763
8490,28.0156
8491,28.0848
8492,28.1158
8493,28.1322
8494,28.1947
8495,28.2586
8496,28.1342
8497,28.2139
8498,28.1279
8499,28.1321
8500,28.2746
8501,28.2558
8502,28.2649
8503,28.3172
8504,28.2564
8505,28.2859
8506,28.2887
8507,28.253
8508,28.331
8509,28.2311
8510,28.2837
8511,28.2485
8512,28.2177
8513,28.3228
8514,28.2866
8515,28.345
8516,28.2819
8517,28.2297
8518,28.2218
8519,28.2873
8520,28.2355
8521,28.2539
8522,28.2053
8523,28.2675
8524,28.2153
8525,28.2938
8526,28.2574
8527,28.1672
8528,28.1597
8529,28.1943
8530,28.2237
8531,28.202
8532,28.1019
8533,28.1614
8534,28.1623
8535,28.1234
8536,28.2885
8537,28.2422
8538,28.1568
8539,28.1749
8540,28.1603
8541,28.189
8542,28.0626
8543,28.1044
8544,28.2679
8545,28.2055
8546,28.1921
8547,28.1972
8548,28.249
8549,28.3943
8550,28.2413
8551,28.3016
8552,28.2698
8553,28.374
8554,28.2588
8555,28.2645
8556,28.3226
8557,28.2198
8558,28.2179
8559,28.1596
8560,28.1936
8561,28.1963
8562,28.2496
8563,28.2776
8564,28.2203
8565,28.2375
8566,28.3049
8567,28.259
8568,28.1489
8569,28.2115
8570,28.1358
8571,28.2111
8572,28.1365
8573,28.2287
8574,28.2361
8575,28.2541
8576,28.1996
8577,28.3585
8578,28.3918
8579,28.3299
8580,28.3094
8581,28.2264
8582,28.2577
8583,28.1431
8584,28.2545
8585,28.1712
8586,28.2911
8587,28.2074
8588,28.0951
8589,28.224
8590,28.0282
8591,28.1954
8592,28.1174
8593,28.1769
8594,28.3239
8595,28.2243
8596,28.3078
8597,28.176
8598,28.2702
8599,28.2137
8600,28.1902
8601,28.2434
8602,28.1064
8603,27.9898
8604,28.0941
8605,28.1301
8606,28.1863
8607,28.1843
8608,28.2257
8609,28.1939
8610,28.1279
8611,28.2209
8612,28.2841
8613,28.1531
8614,28.1944
8615,28.2407
8616,28.1932
8617,28.2075
8618,28.2665
8619,28.1243
8620,28.2266
8621,28.201
8622,28.2432
8623,28.1974
8624,28.2168
8625,28.2619
8626,28.2473
8627,28.1903
8628,28.1671
8629,28.1469
8630,28.2116
8631,28.16
8632,28.2007
8633,28.3264
8634,28.2848
8635,28.2779
8636,28.2579
8637,28.2164
8638,28.2724
8639,28.2349
8640,28.2322
8641,28.1904
8642,28.262
8643,28.2012
8644,28.2953
8645,28.2473
8646,28.1701
8647,28.3058
8648,28.268
8649,28.2365
8650,28.2417
8651,28.3273
8652,28.33
8653,28.3946
8654,28.3126
8655,28.2985
8656,28.3522
8657,28.3886
8658,28.3371
8659,28.2568
8660,28.3647
8661,28.2548
8662,28.2189
8663,28.1878
8664,28.1206
8665,28.1889
8666,28.2492
8667,28.158
8668,28.1873
8669,28.1766
8670,28.3342
8671,28.2423
8672,28.3049
8673,28.2464
8674,28.1971
8675,28.1549
8676,28.2319
8677,28.1179
8678,28.2339
8679,28.1588
8680,28.2228
8681,28.0655
8682,28.1186
8683,28.0322
8684,28.0653
8685,28.0492
8686,28.0429
8687,28.0254
8688,28.085
8689,28.0766
8690,28.0689
8691,28.0834
8692,28.0156
8693,28.0582
8694,28.1414
8695,28.0908
8696,28.1556
8697,28.1283
8698,28.2599
8699,28.2814
8700,28.1646
8701,28.1239
8702,28.1774
8703,28.1796
8704,28.2182
8705,28.1732
8706,28.1619
8707,28.1252
8708,28.2351
8709,28.1854
8710,28.1262
8711,28.1275
8712,28.1022
8713,28.106
8714,28.2096
8715,28.2076
8716,28.2377
8717,28.3243
8718,28.2599
8719,28.306
8720,28.3653
8721,28.2974
8722,28.3069
8723,28.4143
8724,28.4342
8725,28.4153
8726,28.4489
8727,28.3833
8728,28.2727
8729,28.2255
8730,28.1896
8731,28.2498
8732,28.3554
8733,28.3591
8734,28.2978
8735,28.0449
8736,28.1088
8737,28.1838
8738,28.2804
8739,28.2141
8740,28.2093
8741,28.2631
8742,28.3008
8743,28.1968
8744,28.2728
8745,28.266
8746,28.3281
8747,28.3042
8748,28.2765
8749,28.1604
8750,28.065
8751,28.1158
8752,28.2794
8753,28.2888
8754,28.2519
8755,28.2331
8756,28.1095
8757,28.2833
8758,28.2046
8759,28.2383
8760,28.1974
8761,28.1784
8762,28.2829
8763,28.1954
8764,28.0796
8765,28.1429
8766,28.1187
8767,28.0824
8768,28.0489
8769,28.1362
8770,28.2105
8771,28.145
8772,28.1355
8773,28.1775
8774,28.1552
8775,28.1817
8776,28.1341
8777,28.2463
8778,28.2955
8779,28.1105
8780,28.3057
8781,28.1547
8782,28.1467
8783,28.0287
8784,28.1071
8785,28.077
8786,28.2011
8787,28.1055
8788,28.3384
8789,28.1613
8790,28.2295
8791,28.2166
8792,28.2796
8793,28.2719
8794,28.2492
8795,28.1296
8796,28.2367
8797,28.2115
8798,28.2005
8799,28.2235
8800,28.2702
8801,28.32
8802,28.2937
8803,28.4074
8804,28.2713
8805,28.2552
8806,28.2521
8807,28.2364
8808,28.0772
8809,28.226
8810,28.2987
8811,28.1576
8812,28.2327
8813,28.2328
8814,28.1521
8815,28.1803
8816,28.1791
8817,28.0958
8818,28.0759
8819,28.027
8820,28.0971
8821,28.1387
8822,28.1763
8823,28.1003
8824,28.1013
8825,28.0866
8826,28.1895
8827,28.122
8828,28.1794
8829,28.2213
8830,28.2222
8831,28.1844
8832,28.0592
8833,28.1011
8834,28.2007
8835,28.2598
8836,28.2686
8837,28.1491
8838,28.2229
8839,28.1587
8840,28.149
8841,28.2583
8842,28.3871
8843,28.3216
8844,28.2631
8845,28.4356
8846,28.4472
8847,28.3771
8848,28.307
8849,28.3359
8850,28.2831
8851,28.2453
8852,28.3138
8853,28.2667
8854,28.1563
8855,28.2538
8856,28.389
8857,28.3519
8858,28.3358
8859,28.3126
8860,28.3115
8861,28.2688
8862,28.2849
8863,28.3244
8864,28.2418
8865,28.1993
8866,28.1868
8867,28.2855
8868,28.1898
8869,28.212
8870,28.1832
8871,28.2829
8872,28.2253
8873,28.1467
8874,28.2603
8875,28.3199
8876,28.2045
8877,28.2006
8878,28.0526
8879,28.164
8880,28.1142
8881,28.1563
8882,28.2577
8883,28.2324
8884,28.2315
8885,28.254
8886,28.2399
8887,28.3128
8888,28.2408
8889,28.1568
8890,28.2633
8891,28.3032
8892,28.3163
8893,28.2638
8894,28.2591
8895,28.1854
8896,28.1529
8897,28.2812
8898,28.276
8899,28.3121
8900,28.268
8901,28.2535
8902,28.2824
8903,28.3008
8904,28.2662
8905,28.2176
8906,28.2481
8907,28.2076
8908,28.26
8909,28.3343
8910,28.334
8911,28.262
8912,28.2628
8913,28.2895
8914,28.2545
8915,28.2382
8916,28.2826
8917,28.3144
8918,28.2086
8919,28.1789
8920,28.2727
8921,28.2765
8922,28.1995
8923,28.2769
8924,28.1694
8925,28.1873
8926,28.2449
8927,28.1437
8928,28.1261
8929,28.2521
8930,28.2627
8931,28.2552
8932,28.3428
8933,28.3038
8934,28.2172
8935,28.1169
8936,28.1457
8937,28.1494
8938,28.0386
8939,28.1128
8940,28.2531
8941,28.1208
8942,28.1078
8943,28.3583
8944,28.4856
8945,28.3562
8946,28.2548
8947,28.4146
8948,28.4176
8949,28.4108
8950,28.2107
8951,28.2573
8952,28.3239
8953,28.2731
8954,28.3865
8955,28.4217
8956,28.2556
8957,28.2501
8958,28.2584
8959,28.1973
8960,28.2438
8961,28.2556
8962,28.2996
8963,28.2923
8964,28.3048
8965,28.2952
8966,28.0995
8967,28.1571
8968,28.1923
8969,28.2175
8970,28.1133
8971,28.2258
8972,28.2443
8973,28.1725
8974,28.2198
8975,28.2806
8976,28.2322
8977,28.3144
8978,28.251
8979,28.361
8980,28.4041
8981,28.4199
8982,28.3988
8983,28.4539
8984,28.4509
8985,28.354
8986,28.367
8987,28.4063
8988,28.3808
8989,28.3775
8990,28.2292
8991,28.221
8992,28.2036
8993,28.2226
8994,28.349
8995,28.274
8996,28.22
8997,28.2584
8998,28.3753
8999,28.3844
9000,28.3154
9001,28.3493
9002,28.3096
9003,28.3364
9004,28.3293
9005,28.3212
9006,28.3556
9007,28.3006
9008,28.2635
9009,28.3523
9010,28.3513
9011,28.3058
9012,28.2954
9013,28.3363
9014,28.3797
9015,28.2526
9016,28.4176
9017,28.4318
9018,28.3412
9019,28.2838
9020,28.2755
9021,28.318
9022,28.3475
9023,28.3135
9024,28.4114
9025,28.2232
9026,28.3018
9027,28.2133
9028,28.2555
9029,28.2343
9030,28.1673
9031,28.1626
9032,28.1064
9033,28.15
9034,28.1804
9035,28.1353
9036,28.2403
9037,28.277
9038,28.2536
9039,28.2981
9040,28.3375
9041,28.2512
9042,28.2417
9043,28.1226
9044,28.3166
9045,28.2322
9046,28.2983
9047,28.2709
9048,28.2086
9049,28.3381
9050,28.1874
9051,28.2693
9052,28.2749
9053,28.2771
9054,28.2052
9055,28.2458
9056,28.1833
9057,28.2869
9058,28.2341
9059,28.1834
9060,28.332
9061,28.2626
9062,28.2351
9063,28.2174
9064,28.1673
9065,28.188
9066,28.1184
9067,28.1668
9068,28.2407
9069,28.239
9070,28.2607
9071,28.1303
9072,28.3045
9073,28.1787
9074,28.2467
9075,28.2964
9076,28.3249
9077,28.3709
9078,28.3096
9079,28.2247
9080,28.2905
9081,28.3389
9082,28.311
9083,28.1943
9084,28.3666
9085,28.3543
9086,28.4045
9087,28.3753
9088,28.4183
9089,28.3495
9090,28.2443
9091,28.238
9092,28.1531
9093,28.2177
9094,28.3777
9095,28.3909
9096,28.2808
9097,28.1948
9098,28.318
9099,28.3037
9100,28.206
9101,28.3189
9102,28.4383
9103,28.3973
9104,28.2552
9105,28.1369
9106,28.1253
9107,28.1312
9108,28.1208
9109,28.1712
9110,28.1809
9111,28.199
9112,28.2385
9113,28.2231
9114,28.2568
9115,28.273
9116,28.2324
9117,28.2797
9118,28.5226
9119,28.2864
9120,28.2649
9121,28.2088
9122,28.2088
9123,28.2757
9124,28.2578
9125,28.2074
9126,28.2295
9127,28.2369
9128,28.1977
9129,28.1969
9130,28.2674
9131,28.2327
9132,28.2461
9133,28.2683
9134,28.3199
9135,28.2029
9136,28.2142
9137,28.0749
9138,28.2039
9139,28.0843
9140,28.1134
9141,28.2332
9142,28.2144
9143,28.1958
9144,28.197
9145,28.2162
9146,28.2592
9147,28.206
9148,28.1821
9149,28.2467
9150,28.3579
9151,28.2211
9152,28.1887
9153,28.2696
9154,28.2992
9155,28.2352
9156,28.1741
9157,28.2121
9158,28.243
9159,28.238
9160,28.1925
9161,28.2932
9162,28.1818
9163,28.1076
9164,28.175
9165,28.1894
9166,28.2296
9167,28.2803
9168,28.2633
9169,28.2169
9170,28.1999
9171,28.2307
9172,28.2491
9173,28.1767
9174,28.2749
9175,28.2464
9176,28.2185
9177,28.1534
9178,28.1321
9179,28.0741
9180,28.0752
9181,28.1863
9182,28.1346
9183,28.124
9184,28.0852
9185,28.0934
9186,28.1701
9187,28.1851
9188,28.1492
9189,28.2018
9190,28.0313
9191,28.1933
9192,28.1557
9193,28.1384
9194,28.1013
9195,28.1782
9196,27.9616
9197,28.1185
9198,28.2748
9199,28.2251
9200,28.248
9201,28.1655
9202,28.1794
9203,28.2657
9204,28.3135
9205,28.246
9206,28.1937
9207,28.1603
9208,28.1774
9209,28.1688
9210,28.2045
9211,28.2624
9212,28.0509
9213,28.2109
9214,28.1741
9215,28.1093
9216,28.1752
9217,28.252
9218,28.1742
9219,28.2103
9220,28.2145
9221,28.3647
9222,28.2641
9223,28.1981
9224,28.2125
9225,28.3799
9226,28.3343
9227,28.2279
9228,28.3115
9229,28.1624
9230,28.2725
9231,28.2403
9232,28.1916
9233,28.2292
9234,28.273
9235,28.279
9236,28.3096
9237,28.2355
9238,28.2692
9239,28.3505
9240,28.3462
9241,28.2266
9242,28.1479
9243,28.2797
9244,28.1875
9245,28.2096
9246,28.2458
9247,28.2008
9248,28.3155
9249,28.2515
9250,28.2646
9251,28.153
9252,28.1578
9253,28.1428
9254,28.1928
9255,28.1149
9256,28.196
9257,28.0723
9258,28.121
9259,28.0594
9260,28.0358
9261,28.1417
9262,28.0744
9263,28.0778
9264,28.1373
9265,28.1996
9266,28.2431
9267,28.1513
9268,28.1582
9269,28.1815
9270,28.1805
9271,28.0769
9272,28.2917
9273,28.1992
9274,28.235
9275,28.2661
9276,28.2264
9277,28.2398
9278,28.2437
9279,28.22
9280,28.2396
9281,28.1613
9282,28.2426
9283,28.2033
9284,28.2742
9285,28.2691
9286,28.214
9287,28.2663
9288,28.2306
9289,28.3343
9290,28.2882
9291,28.3222
9292,28.4732
9293,28.3987
9294,28.5081
9295,28.345
9296,28.334
9297,28.2931
9298,28.2603
9299,28.2579
9300,28.2245
9301,28.2419
9302,28.2615
9303,28.221
9304,28.1657
9305,28.1543
9306,28.2693
9307,28.1748
9308,28.2327
9309,28.092
9310,28.1395
9311,28.1826
9312,28.2376
9313,28.2953
9314,28.1226
9315,28.1533
9316,28.1728
9317,28.2163
9318,28.1908
9319,28.2137
9320,28.2535
9321,28.315
9322,28.3003
9323,28.2534
9324,28.3063
9325,28.2782
9326,28.3069
9327,28.2791
9328,28.3564
9329,28.3292
9330,28.2566
9331,28.2073
9332,28.1062
9333,28.3106
9334,28.1692
9335,28.1809
9336,28.2225
9337,28.313
9338,28.233
9339,28.24
9340,28.1997
9341,28.1251
9342,28.1685
9343,28.1734
9344,28.1683
9345,28.0951
9346,28.1042
9347,28.1223
9348,28.1661
9349,28.1335
9350,28.2344
9351,28.2164
9352,28.1216
9353,28.2479
9354,28.2866
9355,28.1579
9356,28.2131
9357,28.2062
9358,28.165
9359,28.1505
9360,28.2821
9361,28.1666
9362,28.2308
9363,28.2485
9364,28.2308
9365,28.2444
9366,28.145
9367,28.0762
9368,28.1817
9369,28.1812
9370,28.1592
9371,28.232
9372,28.2328
9373,28.2764
9374,28.1763
9375,28.2414
9376,28.216
9377,28.2337
9378,28.2778
9379,28.2402
9380,28.2345
9381,28.2448
9382,28.2413
9383,28.2249
9384,28.1446
9385,28.231
9386,28.2532
9387,28.1765
9388,28.2282
9389,28.2334
9390,28.203
9391,28.1666
9392,28.2112
9393,28.2788
9394,28.1878
9395,28.1766
9396,28.2142
9397,28.244
9398,28.2436
9399,28.1597
9400,28.2293
9401,28.277
9402,28.151
9403,28.0575
9404,28.1775
9405,28.0843
9406,28.1327
9407,28.3008
9408,28.1069
9409,28.1133
9410,28.2363
9411,28.1157
9412,28.0966
9413,28.1046
9414,28.1156
9415,28.1846
9416,28.169
9417,28.16
9418,28.163
9419,28.2219
9420,28.2131
9421,28.2356
9422,28.1298
9423,28.1967
9424,28.1482
9425,28.2363
9426,28.2696
9427,28.2241
9428,28.2367
9429,28.1746
9430,28.1325
9431,28.2101
9432,28.1652
9433,28.1514
9434,28.1166
9435,28.0831
9436,28.1428
9437,28.1583
9438,28.1636
9439,28.2252
9440,28.1587
9441,28.1977
9442,28.0824
9443,28.1678
9444,28.0433
9445,28.0851
9446,28.1085
9447,28.1074
9448,28.0473
9449,28.034
9450,27.9799
9451,27.9915
9452,28.078
9453,28.0212
9454,28.0027
9455,27.9372
9456,28.086
9457,28.0748
9458,28.2258
9459,28.2026
9460,28.1796
9461,28.1831
9462,28.0765
9463,28.1845
9464,28.1521
9465,28.1331
9466,28.1786
9467,28.248
9468,28.2739
9469,28.3323
9470,28.2187
9471,28.2103
9472,28.2489
9473,28.2749
9474,28.2294
9475,28.2625
9476,28.2817
9477,28.3345
9478,28.3286
9479,28.3383
9480,28.4986
9481,28.4226
9482,28.3845
9483,28.3449
9484,28.3901
9485,28.3541
9486,28.3104
9487,28.4714
9488,28.4267
9489,28.3223
9490,28.31
9491,28.2131
9492,28.2578
9493,28.1788
9494,28.1761
9495,28.1634
9496,28.1034
9497,28.1462
9498,28.1095
9499,28.0785
9500,28.0731
9501,28.0838
9502,28.2559
9503,28.1044
9504,28.1665
9505,28.1072
9506,28.0497
9507,28.0977
9508,28.1233
9509,28.0925
9510,28.1197
9511,28.159
9512,28.1706
9513,28.0842
9514,28.0789
9515,28.1015
9516,28.0579
9517,28.1423
9518,28.0769
9519,28.0716
9520,28.0036
9521,27.9719
9522,27.9632
9523,27.9586
9524,27.9322
9525,28.1243
9526,28.0315
9527,28.0311
9528,27.9765
9529,28.0036
9530,27.9607
9531,28.0034
9532,27.9416
9533,27.9806
9534,27.9497
9535,27.9908
9536,28.011
9537,28.068
9538,28.0753
9539,28.0488
9540,28.0714
9541,27.9888
9542,28.0154
9543,28.0511
9544,28.0416
9545,28.0244
9546,27.9631
9547,28.1139
9548,28.0758
9549,28.1579
9550,28.1147
9551,28.1235
9552,28.1162
9553,28.0703
9554,28.1198
9555,28.1544
9556,28.0939
9557,28.2079
9558,28.0959
9559,28.1846
9560,28.3529
9561,28.16
9562,28.2154
9563,28.2156
9564,28.2227
9565,28.2414
9566,28.2293
9567,28.2727
9568,28.3098
9569,28.2568
9570,28.3481
9571,28.284
9572,28.3039
9573,28.2005
9574,28.3208
9575,28.2444
9576,28.1378
9577,28.1895
9578,28.1321
9579,28.2136
9580,28.1694
9581,28.1975
9582,28.1176
9583,28.0747
9584,28.1215
9585,28.0783
9586,28.1228
9587,28.2056
9588,28.1789
9589,28.1091
9590,28.2639
9591,28.2422
9592,28.2115
9593,28.2128
9594,28.1615
9595,28.1353
9596,28.1371
9597,28.2859
9598,28.239
9599,28.2758
9600,28.3589
9601,28.2926
9602,28.2084
9603,28.2513
9604,28.2833
9605,28.2872
9606,28.2818
9607,28.2624
9608,28.2136
9609,28.2686
9610,28.2341
9611,28.2396
9612,28.3783
9613,28.2681
9614,28.2371
9615,28.2815
9616,28.2453
9617,28.2637
9618,28.2254
9619,28.2903
9620,28.1969
9621,28.3408
9622,28.2564
9623,28.2698
9624,28.247
9625,28.2933
9626,28.2116
9627,28.1844
9628,28.3038
9629,28.1903
9630,28.2322
9631,28.3896
9632,28.2561
9633,28.2751
9634,28.24
9635,28.2699
9636,28.2255
9637,28.1923
9638,28.2206
9639,28.2787
9640,28.1672
9641,28.1105
9642,28.1025
9643,28.2392
9644,28.241
9645,28.1621
9646,28.2026
9647,28.1653
9648,28.1986
9649,28.1119
9650,28.1007
9651,28.2245
9652,28.2022
9653,28.1839
9654,28.0721
9655,28.1495
9656,28.1451
9657,28.1275
9658,27.919
9659,27.9426
9660,28.0313
9661,27.9511
9662,28.017
9663,28.0506
9664,28.0036
9665,28.0503
9666,27.9907
9667,27.9455
9668,27.9709
9669,28.1175
9670,28.027
9671,28.0523
9672,27.8962
9673,28.0844
9674,28.0217
9675,28.1027
9676,28.2165
9677,28.0834
9678,28.1665
9679,28.0869
9680,28.1537
9681,28.2097
9682,28.1828
9683,28.1403
9684,28.2748
9685,28.1404
9686,28.1598
9687,28.1922
9688,28.1531
9689,28.2304
9690,28.1914
9691,28.1948
9692,28.1509
9693,28.274
9694,28.2274
9695,28.2315
9696,28.1731
9697,28.1561
9698,28.1322
9699,28.0247
9700,28.1348
9701,28.155
9702,28.1226
9703,28.1781
9704,28.1494
9705,28.24
9706,28.1711
9707,28.1594
9708,28.0813
9709,28.0897
9710,28.0855
9711,28.241
9712,28.2676
9713,28.2071
9714,28.2687
9715,28.2295
9716,28.1801
9717,28.1819
9718,28.0788
9719,28.262
9720,28.2426
9721,28.2343
9722,28.0854
9723,28.1735
9724,28.1196
9725,28.2508
9726,28.183
9727,28.1943
9728,28.2189
9729,28.2635
9730,28.2158
9731,28.1896
9732,28.2345
9733,28.337
9734,28.2656
9735,28.1533
9736,28.2314
9737,28.2639
9738,28.2166
9739,28.2456
9740,28.1759
9741,28.2224
9742,28.2868
9743,28.2572
9744,28.3087
9745,28.2514
9746,28.2795
9747,28.3297
9748,28.2352
9749,28.2305
9750,28.3532
9751,28.3253
9752,28.3264
9753,28.3321
9754,28.3616
9755,28.4626
9756,28.2866
9757,28.3178
9758,28.2669
9759,28.296
9760,28.2595
9761,28.3064
9762,28.3121
9763,28.3061
9764,28.3983
9765,28.2163
9766,28.2784
9767,28.2367
9768,28.2382
9769,28.3359
9770,28.2387
9771,28.1903
9772,28.1543
9773,28.1912
9774,28.183
9775,28.138
9776,28.1791
9777,28.213
9778,28.1735
9779,28.1626
9780,28.165
9781,28.1687
9782,28.1882
9783,28.1079
9784,28.188
9785,28.2314
9786,28.2668
9787,28.3213
9788,28.2114
9789,28.2577
9790,28.2053
9791,28.205
9792,28.1738
9793,28.1635
9794,28.3354
9795,28.2008
9796,28.2653
9797,28.3172
9798,28.2388
9799,28.1428
9800,28.2426
9801,28.1597
9802,28.1899
9803,28.2798
9804,28.253
9805,28.1938
9806,28.2259
9807,28.3342
9808,28.272
9809,28.2781
9810,28.1741
9811,28.1441
9812,28.1079
9813,28.0634
9814,28.1386
9815,28.1653
9816,28.0305
9817,28.1299
9818,28.135
9819,28.2245
9820,28.05
9821,28.1725
9822,27.9884
9823,27.9876
9824,28.1181
9825,28.0802
9826,28.1535
9827,28.0577
9828,28.0964
9829,28.1282
9830,28.1821
9831,28.2452
9832,28.3309
9833,28.2005
9834,28.3056
9835,28.3535
9836,28.3784
9837,28.3618
9838,28.3135
9839,28.2672
9840,28.2688
9841,28.3335
9842,28.2963
9843,28.3823
9844,28.3085
9845,28.2594
9846,28.2609
9847,28.2514
9848,28.2672
9849,28.2949
9850,28.3969
9851,28.2236
9852,28.3087
9853,28.3288
9854,28.3484
9855,28.2973
9856,28.255
9857,28.3269
9858,28.3363
9859,28.3682
9860,28.3608
9861,28.4212
9862,28.3806
9863,28.3556
9864,28.2527
9865,28.3482
9866,28.3946
9867,28.2564
9868,28.3241
9869,28.2977
9870,28.2352
9871,28.2348
9872,28.2839
9873,28.2858
9874,28.2158
9875,28.1594
9876,28.1916
9877,28.2368
9878,28.1672
9879,28.2161
9880,28.2766
9881,28.3248
9882,28.2869
9883,28.3106
9884,28.3145
9885,28.3386
9886,28.2884
9887,28.2719
9888,28.1984
9889,28.2436
9890,28.1383
9891,28.2855
9892,28.3228
9893,28.3491
9894,28.3337
9895,28.241
9896,28.2534
9897,28.296
9898,28.3259
9899,28.3472
9900,28.2695
9901,28.2529
9902,28.3149
9903,28.2907
9904,28.3286
9905,28.3038
9906,28.5171
9907,28.4355
9908,28.2381
9909,28.3047
9910,28.329
9911,28.2661
9912,28.1996
9913,28.2831
9914,28.3025
9915,28.2394
9916,28.2567
9917,28.3282
9918,28.2655
9919,28.2928
9920,28.362
9921,28.2448
9922,28.259
9923,28.3275
9924,28.3217
9925,28.3497
9926,28.2534
9927,28.3126
9928,28.2195
9929,28.247
9930,28.2217
9931,28.266
9932,28.3609
9933,28.3682
9934,28.4357
9935,28.4059
9936,28.3622
9937,28.4271
9938,28.3463
9939,28.2743
9940,28.2393
9941,28.3566
9942,28.2733
9943,28.3712
9944,28.346
9945,28.3877
9946,28.4365
9947,28.5604
9948,28.4777
9949,28.4272
9950,28.4833
9951,28.2794
9952,28.2714
9953,28.3714
9954,28.2233
9955,28.2655
9956,28.3017
9957,28.3036
9958,28.3096
9959,28.3574
9960,28.4022
9961,28.2959
9962,28.2835
9963,28.349
9964,28.2994
9965,28.3837
9966,28.2236
9967,28.3655
9968,28.3478
9969,28.2739
9970,28.3059
9971,28.2397
9972,28.3618
9973,28.2643
9974,28.3963
9975,28.2422
9976,28.1615
9977,28.2575
9978,28.2445
9979,28.2444
9980,28.306
9981,28.3473
9982,28.361
9983,28.2596
9984,28.2989
9985,28.2253
9986,28.2608
9987,28.2792
9988,28.3074
9989,28.2196
9990,28.376
9991,28.2945
9992,28.4436
9993,28.2785
9994,28.1983
9995,28.1662
9996,28.2506
9997,28.3702
9998,28.2749
9999,28.2195
10000,28.2742
