#Frame     RMSD_00002
       1       0.0000
       2       0.7185
       3       0.8365
       4       0.8375
       5       0.8548
       6       1.0676
       7       1.1867
       8       1.3453
       9       1.2623
      10       1.3453
      11       1.3466
      12       1.4775
      13       1.3727
      14       1.2975
      15       1.4789
      16       1.4253
      17       1.4561
      18       1.4597
      19       1.4575
      20       1.6998
      21       1.7302
      22       1.7937
      23       1.8072
      24       1.9276
      25       2.0133
      26       1.8515
      27       1.9970
      28       1.7936
      29       1.7930
      30       1.9089
      31       2.0329
      32       1.6621
      33       1.6735
      34       1.6321
      35       1.8710
      36       1.7859
      37       1.8523
      38       1.9859
      39       1.7154
      40       1.8225
      41       1.8302
      42       1.8952
      43       1.9568
      44       1.8734
      45       1.7597
      46       1.9261
      47       1.8510
      48       1.8646
      49       1.6898
      50       1.8088
      51       1.7305
      52       1.7247
      53       1.7339
      54       1.7370
      55       1.6643
      56       1.6869
      57       1.7097
      58       1.8880
      59       1.9246
      60       2.0085
      61       1.9261
      62       2.0249
      63       2.0383
      64       1.8797
      65       2.0096
      66       2.1222
      67       1.9520
      68       1.9242
      69       1.8607
      70       1.7827
      71       1.6751
      72       1.6276
      73       1.5604
      74       1.5629
      75       1.6833
      76       1.5963
      77       1.7575
      78       1.8082
      79       1.7724
      80       1.7621
      81       1.8487
      82       1.6860
      83       1.4344
      84       1.5577
      85       1.5397
      86       1.5111
      87       1.6137
      88       1.5563
      89       1.4656
      90       1.6450
      91       1.6659
      92       1.5848
      93       1.6045
      94       1.6894
      95       1.6171
      96       1.6483
      97       1.4980
      98       1.3698
      99       1.4155
     100       1.4885
     101       1.4357
     102       1.3770
     103       1.4764
     104       1.4798
     105       1.4739
     106       1.4694
     107       1.4503
     108       1.5424
     109       1.5350
     110       1.5814
     111       1.6632
     112       1.7803
     113       1.7399
     114       1.6825
     115       1.6443
     116       1.7062
     117       1.8156
     118       1.8950
     119       1.8480
     120       1.7575
     121       1.6288
     122       1.5049
     123       1.5651
     124       1.6544
     125       1.7027
     126       1.6258
     127       1.6271
     128       1.6798
     129       1.7512
     130       1.7414
     131       1.7100
     132       1.4876
     133       1.5370
     134       1.5539
     135       1.5426
     136       1.7670
     137       1.6676
     138       1.8445
     139       1.8693
     140       2.0416
     141       2.0083
     142       1.8813
     143       1.8770
     144       1.9680
     145       1.9110
     146       1.8504
     147       1.7304
     148       1.5978
     149       1.8005
     150       1.8539
     151       1.8485
     152       1.8810
     153       1.8467
     154       1.8388
     155       1.8564
     156       1.8282
     157       1.6025
     158       1.7343
     159       1.5288
     160       1.5872
     161       1.5270
     162       1.5673
     163       1.5256
     164       1.5014
     165       1.5679
     166       1.5550
     167       1.4992
     168       1.5028
     169       1.5114
     170       1.4923
     171       1.5435
     172       1.6238
     173       1.7208
     174       1.7653
     175       1.7263
     176       1.7945
     177       1.7999
     178       1.7928
     179       1.7928
     180       1.9992
     181       1.9872
     182       2.0635
     183       1.9817
     184       1.9799
     185       1.7458
     186       1.7399
     187       1.7657
     188       1.9783
     189       1.8366
     190       2.0028
     191       1.9218
     192       1.9077
     193       2.0232
     194       1.7815
     195       1.8010
     196       1.6971
     197       1.5050
     198       1.4256
     199       1.5588
     200       1.5634
     201       1.5897
     202       1.8022
     203       1.6244
     204       1.6260
     205       1.5581
     206       1.4620
     207       1.4441
     208       1.5433
     209       1.4623
     210       1.4679
     211       1.3761
     212       1.3262
     213       1.4956
     214       1.5494
     215       1.5137
     216       1.6483
     217       1.5464
     218       1.5532
     219       1.6636
     220       1.4967
     221       1.5095
     222       1.4493
     223       1.4707
     224       1.4183
     225       1.4929
     226       1.4831
     227       1.4350
     228       1.5766
     229       1.6621
     230       1.6217
     231       1.7059
     232       1.7420
     233       1.8431
     234       1.9843
     235       2.2846
     236       2.3191
     237       2.3916
     238       2.1824
     239       2.1539
     240       1.9353
     241       1.8547
     242       1.7479
     243       1.6915
     244       1.6350
     245       1.6630
     246       1.7317
     247       1.7366
     248       1.8039
     249       1.6235
     250       1.8028
     251       1.8762
     252       1.9417
     253       2.0665
     254       2.0665
     255       1.8949
     256       2.1438
     257       2.1063
     258       1.9595
     259       1.8570
     260       1.8384
     261       2.0971
     262       1.9121
     263       1.7694
     264       1.8427
     265       1.8173
     266       1.8604
     267       1.8027
     268       1.6889
     269       1.6290
     270       1.7363
     271       1.5674
     272       1.4661
     273       1.5974
     274       1.6665
     275       1.5853
     276       1.5732
     277       1.5303
     278       1.5182
     279       1.5638
     280       1.6719
     281       1.7849
     282       1.6390
     283       1.5882
     284       1.7636
     285       1.8699
     286       1.8142
     287       2.0072
     288       1.9543
     289       1.9704
     290       1.8734
     291       1.8433
     292       1.6550
     293       1.5950
     294       1.6410
     295       1.6517
     296       1.4322
     297       1.4194
     298       1.4230
     299       1.4817
     300       1.4413
     301       1.3930
     302       1.4454
     303       1.4327
     304       1.4104
     305       1.4881
     306       1.4376
     307       1.3796
     308       1.3674
     309       1.3805
     310       1.3304
     311       1.2522
     312       1.2954
     313       1.3425
     314       1.3649
     315       1.2486
     316       1.2140
     317       1.3493
     318       1.4247
     319       1.6374
     320       1.6452
     321       1.5820
     322       1.6132
     323       1.5013
     324       1.6423
     325       1.5833
     326       1.6775
     327       1.7723
     328       1.9067
     329       1.8139
     330       1.6878
     331       1.6469
     332       1.6217
     333       1.5652
     334       1.5470
     335       1.5484
     336       1.4716
     337       1.6220
     338       1.4309
     339       1.6568
     340       1.6373
     341       1.6178
     342       1.6506
     343       1.7070
     344       1.6693
     345       1.6760
     346       1.7217
     347       1.7020
     348       1.7267
     349       1.9785
     350       2.0358
     351       2.1005
     352       2.0455
     353       2.1599
     354       2.0559
     355       1.9501
     356       1.8830
     357       1.7962
     358       1.9673
     359       1.9693
     360       1.8526
     361       1.7031
     362       1.6696
     363       1.8381
     364       1.8563
     365       1.8397
     366       1.7784
     367       1.8141
     368       1.7660
     369       1.8742
     370       1.8340
     371       1.8696
     372       1.8394
     373       1.7428
     374       1.9106
     375       1.8590
     376       1.7745
     377       1.9346
     378       1.8929
     379       1.8350
     380       1.9721
     381       1.9543
     382       1.9850
     383       1.8525
     384       1.8022
     385       1.6000
     386       1.4780
     387       1.6626
     388       1.7970
     389       1.6856
     390       1.6452
     391       1.6538
     392       1.6488
     393       1.4938
     394       1.5358
     395       1.6864
     396       1.6791
     397       1.5238
     398       1.5504
     399       1.5476
     400       1.7826
     401       1.6471
     402       1.6447
     403       1.6376
     404       1.5350
     405       1.5945
     406       1.7302
     407       1.6788
     408       1.7138
     409       1.6941
     410       1.7324
     411       1.8107
     412       1.7211
     413       1.7451
     414       1.7677
     415       2.0709
     416       1.9218
     417       1.8487
     418       1.7391
     419       2.0193
     420       1.9045
     421       1.8750
     422       2.0361
     423       2.1371
     424       2.1230
     425       1.9411
     426       1.9907
     427       1.8424
     428       1.9869
     429       1.8894
     430       1.9524
     431       1.9637
     432       2.0189
     433       1.7165
     434       1.8291
     435       1.7800
     436       1.7955
     437       1.9864
     438       1.8826
     439       1.9749
     440       1.9382
     441       1.9260
     442       2.2429
     443       2.1105
     444       1.9964
     445       2.1844
     446       2.0656
     447       1.7474
     448       1.8773
     449       1.9216
     450       1.8977
     451       1.6773
     452       1.8265
     453       1.8857
     454       2.0907
     455       2.1263
     456       2.0034
     457       1.9988
     458       1.8497
     459       1.7461
     460       1.7329
     461       1.5634
     462       1.6044
     463       1.7230
     464       1.8578
     465       1.7724
     466       1.7764
     467       1.7589
     468       1.7776
     469       1.7342
     470       1.7616
     471       1.7566
     472       1.5136
     473       1.5986
     474       1.5390
     475       1.4334
     476       1.4791
     477       1.5545
     478       1.4982
     479       1.5191
     480       1.6090
     481       1.6917
     482       1.7046
     483       1.8180
     484       1.7210
     485       1.7500
     486       1.8176
     487       1.9405
     488       1.7375
     489       1.6988
     490       1.7877
     491       1.8539
     492       1.9519
     493       1.9291
     494       2.0972
     495       1.9461
     496       1.8145
     497       1.7174
     498       1.6512
     499       1.6803
     500       1.6155
     501       1.7688
     502       1.6990
     503       1.6709
     504       1.7781
     505       1.8183
     506       1.7915
     507       1.8180
     508       1.8813
     509       1.8906
     510       1.7174
     511       1.8621
     512       1.9097
     513       1.7146
     514       1.6815
     515       1.8061
     516       1.6030
     517       1.7348
     518       1.7153
     519       1.7071
     520       2.0646
     521       2.0781
     522       2.1167
     523       1.8794
     524       1.8742
     525       1.8960
     526       1.9688
     527       1.8953
     528       1.8034
     529       1.7780
     530       1.9123
     531       1.8007
     532       1.6970
     533       1.8869
     534       1.8684
     535       1.7443
     536       1.7004
     537       1.8193
     538       1.9585
     539       1.8622
     540       1.8030
     541       1.7568
     542       1.6891
     543       1.9315
     544       1.8921
     545       1.9922
     546       1.8838
     547       1.8782
     548       1.7917
     549       1.9010
     550       1.7456
     551       1.8502
     552       1.9597
     553       1.8546
     554       1.9427
     555       1.8955
     556       1.6805
     557       1.7157
     558       1.8624
     559       1.7171
     560       1.7937
     561       1.7147
     562       1.7884
     563       1.7558
     564       1.9185
     565       1.7668
     566       1.8253
     567       1.8804
     568       1.9078
     569       1.9226
     570       1.8888
     571       1.9581
     572       1.9827
     573       1.9840
     574       1.9421
     575       1.8905
     576       1.9202
     577       1.6773
     578       1.7782
     579       1.6569
     580       1.6526
     581       1.7608
     582       1.7511
     583       2.0047
     584       1.8731
     585       1.8306
     586       1.8740
     587       1.9514
     588       1.9418
     589       1.9065
     590       1.8540
     591       1.9610
     592       1.9273
     593       1.8924
     594       1.9198
     595       2.1178
     596       2.0500
     597       1.9978
     598       1.8967
     599       1.9159
     600       1.7633
     601       1.7855
     602       1.6392
     603       1.7151
     604       1.6359
     605       1.7899
     606       1.8271
     607       1.7429
     608       1.6659
     609       1.8039
     610       1.6467
     611       1.5599
     612       1.4726
     613       1.6276
     614       1.6822
     615       1.7207
     616       1.5251
     617       1.5119
     618       1.5566
     619       1.4513
     620       1.5399
     621       1.5114
     622       1.6484
     623       1.5021
     624       1.4968
     625       1.4957
     626       1.5193
     627       1.4679
     628       1.5755
     629       1.4926
     630       1.6786
     631       1.5815
     632       1.5679
     633       1.7282
     634       1.6831
     635       1.6375
     636       1.7220
     637       1.7855
     638       1.9697
     639       1.7651
     640       1.6264
     641       1.4851
     642       1.5741
     643       1.5083
     644       1.5113
     645       1.4596
     646       1.4721
     647       1.4278
     648       1.5390
     649       1.6742
     650       1.6884
     651       1.6147
     652       1.6421
     653       1.5345
     654       1.6901
     655       1.6653
     656       1.5222
     657       1.4189
     658       1.3900
     659       1.4498
     660       1.5269
     661       1.6727
     662       1.7666
     663       1.8706
     664       1.7916
     665       1.5384
     666       1.6743
     667       1.6522
     668       1.6420
     669       1.7021
     670       1.6769
     671       1.8571
     672       1.8278
     673       1.7788
     674       1.7490
     675       1.6393
     676       1.6263
     677       1.7033
     678       1.6033
     679       1.6333
     680       1.6078
     681       1.6148
     682       1.5755
     683       1.3983
     684       1.4641
     685       1.5993
     686       1.5946
     687       1.5421
     688       1.6501
     689       1.6246
     690       1.5592
     691       1.5872
     692       1.4718
     693       1.5943
     694       1.6934
     695       1.7136
     696       1.6260
     697       1.4826
     698       1.3808
     699       1.4183
     700       1.5018
     701       1.3968
     702       1.3156
     703       1.3599
     704       1.4038
     705       1.3481
     706       1.4100
     707       1.4416
     708       1.5184
     709       1.3979
     710       1.5733
     711       1.4992
     712       1.3381
     713       1.4229
     714       1.4190
     715       1.4713
     716       1.5487
     717       1.6014
     718       1.7844
     719       1.7607
     720       1.7848
     721       1.9006
     722       1.6731
     723       1.6175
     724       1.5591
     725       1.5634
     726       1.6455
     727       1.6034
     728       1.7408
     729       1.6267
     730       1.5678
     731       1.5848
     732       1.8149
     733       1.8359
     734       1.9118
     735       1.7457
     736       1.7221
     737       1.6563
     738       1.8710
     739       1.8138
     740       1.7985
     741       1.4529
     742       1.5085
     743       1.5017
     744       1.4232
     745       1.3782
     746       1.5009
     747       1.3773
     748       1.4760
     749       1.5631
     750       1.6530
     751       1.6430
     752       1.5879
     753       1.4905
     754       1.5859
     755       1.5788
     756       1.6822
     757       1.6611
     758       1.7579
     759       1.8640
     760       1.7522
     761       1.6501
     762       1.5508
     763       1.4900
     764       1.5105
     765       1.4866
     766       1.5286
     767       1.6347
     768       1.4883
     769       1.5213
     770       1.5673
     771       1.5290
     772       1.6482
     773       1.4587
     774       1.5878
     775       1.5534
     776       1.5643
     777       1.4892
     778       1.7160
     779       1.6430
     780       1.6688
     781       1.5666
     782       1.5909
     783       1.6885
     784       1.6179
     785       1.5651
     786       1.6467
     787       1.6091
     788       1.4734
     789       1.3724
     790       1.5536
     791       1.5978
     792       1.5114
     793       1.6549
     794       1.5852
     795       1.6644
     796       1.5208
     797       1.5166
     798       1.5917
     799       1.5197
     800       1.5206
     801       1.5698
     802       1.7073
     803       1.7855
     804       1.7859
     805       1.6532
     806       1.7166
     807       1.7424
     808       1.8978
     809       1.8230
     810       1.7275
     811       1.6487
     812       1.5795
     813       1.6781
     814       1.7328
     815       1.7049
     816       1.6351
     817       1.5941
     818       1.8055
     819       1.8393
     820       1.6462
     821       1.6335
     822       1.4752
     823       1.5073
     824       1.4753
     825       1.6850
     826       1.6340
     827       1.7379
     828       1.7310
     829       1.5207
     830       1.5003
     831       1.3418
     832       1.5076
     833       1.4331
     834       1.4551
     835       1.4054
     836       1.5833
     837       1.6678
     838       1.5971
     839       1.4862
     840       1.5633
     841       1.7491
     842       1.6099
     843       1.6100
     844       1.5616
     845       1.5116
     846       1.4627
     847       1.5608
     848       1.5242
     849       1.5550
     850       1.5262
     851       1.5879
     852       1.5890
     853       1.4639
     854       1.4419
     855       1.4632
     856       1.4786
     857       1.4610
     858       1.7437
     859       1.7684
     860       1.7615
     861       1.7638
     862       1.9260
     863       1.7860
     864       1.8745
     865       1.9444
     866       1.9707
     867       1.8686
     868       2.1186
     869       2.1537
     870       1.9257
     871       2.0482
     872       2.0537
     873       1.8600
     874       1.7668
     875       1.8508
     876       1.8214
     877       1.6734
     878       1.6575
     879       1.6222
     880       1.6814
     881       1.7037
     882       1.6552
     883       1.6535
     884       2.1170
     885       2.0775
     886       1.7805
     887       1.9614
     888       1.8935
     889       2.1020
     890       2.0343
     891       1.9523
     892       1.9037
     893       1.9618
     894       2.0152
     895       2.0036
     896       2.1426
     897       2.1607
     898       2.1775
     899       2.1325
     900       2.1722
     901       2.1801
     902       2.1215
     903       2.0314
     904       2.0488
     905       2.0928
     906       2.3106
     907       2.1311
     908       2.2137
     909       2.0876
     910       2.0404
     911       2.1007
     912       1.9246
     913       2.0261
     914       1.7939
     915       1.8340
     916       1.8494
     917       1.8853
     918       1.7467
     919       1.7040
     920       1.7542
     921       1.6886
     922       1.5958
     923       1.6382
     924       1.5841
     925       1.6199
     926       1.6332
     927       1.7559
     928       1.7680
     929       1.8482
     930       1.7832
     931       1.6333
     932       1.5544
     933       1.5638
     934       1.6980
     935       1.5697
     936       1.5425
     937       1.7507
     938       1.6957
     939       1.7012
     940       1.7651
     941       1.6874
     942       1.7493
     943       1.8659
     944       1.7979
     945       1.8212
     946       1.9622
     947       1.8916
     948       2.0136
     949       2.0180
     950       2.0473
     951       1.9697
     952       1.9688
     953       1.7558
     954       1.8064
     955       1.8099
     956       1.9410
     957       1.8771
     958       1.7692
     959       1.8858
     960       1.7474
     961       1.7639
     962       1.7371
     963       1.9080
     964       1.9049
     965       1.7318
     966       1.8427
     967       1.8196
     968       1.7825
     969       1.6734
     970       1.7851
     971       1.7865
     972       2.0831
     973       2.0484
     974       2.0144
     975       1.9447
     976       1.9792
     977       1.9319
     978       1.6958
     979       1.7952
     980       1.8329
     981       1.8471
     982       1.8610
     983       1.9028
     984       1.8777
     985       1.9350
     986       1.9651
     987       1.9614
     988       1.8029
     989       1.8108
     990       1.8222
     991       1.9793
     992       1.9378
     993       1.8891
     994       2.2336
     995       2.3886
     996       2.2691
     997       2.1926
     998       2.1049
     999       2.0361
    1000       1.9613
    1001       1.9708
    1002       2.0903
    1003       1.9181
    1004       1.7730
    1005       1.6705
    1006       1.7419
    1007       1.5624
    1008       1.6773
    1009       1.7419
    1010       1.6817
    1011       1.6423
    1012       1.6745
    1013       1.5473
    1014       1.5783
    1015       1.6825
    1016       1.7137
    1017       1.7126
    1018       1.6663
    1019       1.5047
    1020       1.7221
    1021       1.7066
    1022       1.6603
    1023       1.6498
    1024       1.8382
    1025       1.7055
    1026       1.5211
    1027       1.6548
    1028       1.6256
    1029       1.7769
    1030       1.6006
    1031       1.6509
    1032       1.6972
    1033       1.7850
    1034       1.7003
    1035       1.5303
    1036       1.6381
    1037       1.4808
    1038       1.7072
    1039       1.6830
    1040       1.8006
    1041       1.8878
    1042       1.7557
    1043       1.7367
    1044       1.7770
    1045       1.6420
    1046       1.5684
    1047       1.6278
    1048       1.7846
    1049       1.6691
    1050       1.8405
    1051       1.8534
    1052       1.8180
    1053       1.8976
    1054       1.9306
    1055       1.8471
    1056       1.6913
    1057       1.7680
    1058       1.7952
    1059       1.7147
    1060       1.7092
    1061       1.8908
    1062       1.8400
    1063       1.8239
    1064       1.7576
    1065       1.7109
    1066       1.6872
    1067       1.7062
    1068       1.6069
    1069       1.5288
    1070       1.6812
    1071       1.7551
    1072       1.7595
    1073       1.6359
    1074       1.7277
    1075       1.8022
    1076       1.7921
    1077       1.7596
    1078       1.7126
    1079       1.7021
    1080       1.7221
    1081       1.6950
    1082       1.6828
    1083       1.6830
    1084       1.7381
    1085       1.6665
    1086       1.7898
    1087       1.6675
    1088       1.6091
    1089       1.7038
    1090       1.7424
    1091       1.6304
    1092       1.6615
    1093       1.6708
    1094       1.6158
    1095       1.7032
    1096       1.6881
    1097       1.7745
    1098       1.6357
    1099       1.6523
    1100       1.6582
    1101       1.7717
    1102       1.7072
    1103       1.7960
    1104       1.7046
    1105       1.7493
    1106       1.7523
    1107       1.7706
    1108       1.8043
    1109       1.6925
    1110       1.8281
    1111       2.0001
    1112       2.0590
    1113       2.1454
    1114       2.0906
    1115       1.9832
    1116       1.8821
    1117       1.8817
    1118       1.9054
    1119       1.8753
    1120       1.9550
    1121       1.8323
    1122       1.9629
    1123       2.0330
    1124       2.1301
    1125       2.0680
    1126       2.2232
    1127       2.1777
    1128       2.0832
    1129       1.9698
    1130       2.1262
    1131       2.0749
    1132       1.9266
    1133       2.0071
    1134       1.9945
    1135       2.0358
    1136       1.7452
    1137       1.8732
    1138       1.9568
    1139       2.0462
    1140       2.2073
    1141       2.2347
    1142       2.1547
    1143       2.0109
    1144       2.0347
    1145       2.0280
    1146       1.8463
    1147       1.7639
    1148       1.6435
    1149       1.7889
    1150       1.8700
    1151       1.9201
    1152       1.8839
    1153       1.6809
    1154       1.5753
    1155       1.8369
    1156       1.8035
    1157       1.8462
    1158       1.7714
    1159       1.8507
    1160       1.8859
    1161       2.0327
    1162       2.0311
    1163       1.9735
    1164       1.9152
    1165       1.7986
    1166       1.7411
    1167       1.8048
    1168       1.7198
    1169       1.7759
    1170       1.7245
    1171       1.6414
    1172       1.6744
    1173       1.5880
    1174       1.6212
    1175       1.6606
    1176       1.7265
    1177       1.7513
    1178       1.8761
    1179       1.9235
    1180       1.8186
    1181       1.8275
    1182       1.7077
    1183       1.8120
    1184       1.7844
    1185       1.6747
    1186       1.7714
    1187       1.6266
    1188       1.6584
    1189       1.6705
    1190       1.6815
    1191       1.6877
    1192       1.7899
    1193       1.6783
    1194       1.7659
    1195       1.7214
    1196       1.7240
    1197       1.7203
    1198       1.8629
    1199       1.8551
    1200       1.7620
    1201       1.7395
    1202       1.7845
    1203       1.8219
    1204       2.0293
    1205       2.0412
    1206       1.7731
    1207       1.9346
    1208       2.1181
    1209       1.8516
    1210       2.0046
    1211       1.9055
    1212       1.8504
    1213       1.8682
    1214       1.8736
    1215       1.7439
    1216       1.7784
    1217       1.8020
    1218       1.7844
    1219       1.8221
    1220       1.8146
    1221       1.9344
    1222       2.0350
    1223       2.0225
    1224       1.8780
    1225       2.0104
    1226       2.0021
    1227       2.2191
    1228       2.0623
    1229       1.9359
    1230       1.9575
    1231       1.9229
    1232       1.8449
    1233       2.2371
    1234       2.3493
    1235       2.1698
    1236       2.0025
    1237       2.0017
    1238       2.0191
    1239       1.9352
    1240       1.9485
    1241       1.9241
    1242       1.9254
    1243       1.9594
    1244       1.8155
    1245       1.7739
    1246       1.7545
    1247       1.7949
    1248       1.9075
    1249       1.7272
    1250       1.7395
    1251       1.8545
    1252       1.8693
    1253       1.9267
    1254       2.0018
    1255       1.8770
    1256       1.8287
    1257       1.8638
    1258       1.8644
    1259       1.8934
    1260       1.7885
    1261       1.6661
    1262       1.9019
    1263       1.9769
    1264       2.0076
    1265       1.9115
    1266       1.7547
    1267       1.7958
    1268       2.0001
    1269       2.0292
    1270       2.0845
    1271       1.8927
    1272       1.9725
    1273       2.0443
    1274       1.9640
    1275       1.9318
    1276       1.8923
    1277       1.8663
    1278       1.7207
    1279       1.6757
    1280       1.7376
    1281       1.8745
    1282       1.7844
    1283       1.7541
    1284       1.7215
    1285       1.6748
    1286       1.5945
    1287       1.4826
    1288       1.5963
    1289       1.5246
    1290       1.5345
    1291       1.8184
    1292       1.8003
    1293       2.0054
    1294       2.0173
    1295       1.9644
    1296       1.7991
    1297       1.8461
    1298       1.7465
    1299       1.8097
    1300       1.8521
    1301       1.9056
    1302       1.8163
    1303       1.6806
    1304       1.8128
    1305       1.8347
    1306       1.7334
    1307       1.7244
    1308       1.8108
    1309       1.6699
    1310       1.7378
    1311       1.6881
    1312       1.7753
    1313       1.7755
    1314       1.7650
    1315       1.7076
    1316       1.8068
    1317       1.6401
    1318       1.7158
    1319       1.8082
    1320       1.6808
    1321       1.8312
    1322       1.6189
    1323       1.6839
    1324       1.7723
    1325       1.5562
    1326       1.6603
    1327       1.5553
    1328       1.6740
    1329       1.5747
    1330       1.5920
    1331       1.7478
    1332       1.6196
    1333       1.6030
    1334       1.5600
    1335       1.6263
    1336       1.7684
    1337       1.6713
    1338       1.6241
    1339       1.4567
    1340       1.6024
    1341       1.6693
    1342       1.7257
    1343       1.6347
    1344       1.7227
    1345       1.7291
    1346       1.6567
    1347       1.7443
    1348       1.7719
    1349       1.7097
    1350       1.6579
    1351       1.6449
    1352       1.5910
    1353       1.6365
    1354       1.6338
    1355       1.7476
    1356       1.6321
    1357       1.7306
    1358       1.7310
    1359       1.7233
    1360       1.6654
    1361       1.7520
    1362       1.6747
    1363       1.7044
    1364       1.6921
    1365       1.6535
    1366       1.7842
    1367       1.8138
    1368       1.6931
    1369       1.6170
    1370       1.6360
    1371       1.6207
    1372       1.6603
    1373       1.7576
    1374       1.7483
    1375       1.7492
    1376       1.8286
    1377       1.7840
    1378       1.7855
    1379       1.7648
    1380       1.7916
    1381       1.5987
    1382       1.6277
    1383       1.6830
    1384       1.5751
    1385       1.5963
    1386       1.7877
    1387       1.8868
    1388       1.7647
    1389       1.6404
    1390       1.6620
    1391       1.7005
    1392       1.6767
    1393       1.5651
    1394       1.5649
    1395       1.6713
    1396       1.5861
    1397       1.6216
    1398       1.5760
    1399       1.5454
    1400       1.5896
    1401       1.5236
    1402       1.5846
    1403       1.6631
    1404       1.7391
    1405       1.7364
    1406       1.6084
    1407       1.6424
    1408       1.6075
    1409       1.8724
    1410       1.8408
    1411       1.7893
    1412       1.9322
    1413       1.8694
    1414       1.7867
    1415       1.8220
    1416       1.5612
    1417       1.6516
    1418       1.6220
    1419       1.5338
    1420       1.6303
    1421       1.6010
    1422       1.7232
    1423       1.7240
    1424       1.7464
    1425       1.5387
    1426       1.5582
    1427       1.6145
    1428       1.5475
    1429       1.4903
    1430       1.5872
    1431       1.6312
    1432       1.6491
    1433       1.7573
    1434       1.7933
    1435       1.7149
    1436       1.8861
    1437       1.9159
    1438       1.9030
    1439       1.9660
    1440       1.9492
    1441       1.8920
    1442       1.7888
    1443       1.8353
    1444       1.8253
    1445       1.8656
    1446       1.8441
    1447       1.6634
    1448       1.7063
    1449       1.6662
    1450       1.8106
    1451       1.9310
    1452       1.9592
    1453       1.9497
    1454       1.7609
    1455       1.9831
    1456       2.0364
    1457       1.8817
    1458       1.7168
    1459       1.7891
    1460       1.9681
    1461       1.9051
    1462       1.7831
    1463       1.7783
    1464       1.7137
    1465       1.7424
    1466       1.7673
    1467       1.6527
    1468       1.5291
    1469       1.5278
    1470       1.7426
    1471       1.6706
    1472       1.6297
    1473       1.7191
    1474       1.6551
    1475       1.5398
    1476       1.6210
    1477       1.6803
    1478       1.8465
    1479       1.9214
    1480       1.8138
    1481       1.7445
    1482       1.7161
    1483       1.7605
    1484       1.5379
    1485       1.5509
    1486       1.6455
    1487       1.7607
    1488       1.7720
    1489       1.6145
    1490       1.5953
    1491       1.6830
    1492       1.8779
    1493       1.8260
    1494       1.6653
    1495       1.8367
    1496       1.6556
    1497       1.7111
    1498       1.6616
    1499       1.7653
    1500       1.6740
    1501       1.5675
    1502       1.6720
    1503       1.5571
    1504       1.7012
    1505       1.7559
    1506       1.7723
    1507       1.8581
    1508       1.6486
    1509       1.6814
    1510       1.4565
    1511       1.5755
    1512       1.4614
    1513       1.5699
    1514       1.6425
    1515       1.7073
    1516       1.6858
    1517       1.5577
    1518       1.6051
    1519       1.6070
    1520       1.5454
    1521       1.6494
    1522       1.5272
    1523       1.4868
    1524       1.6184
    1525       1.5667
    1526       1.5707
    1527       1.5541
    1528       1.4552
    1529       1.5051
    1530       1.5040
    1531       1.7108
    1532       1.5412
    1533       1.6948
    1534       1.6682
    1535       1.6515
    1536       1.9126
    1537       1.6986
    1538       1.5205
    1539       1.5446
    1540       1.5643
    1541       1.6909
    1542       1.5455
    1543       1.6700
    1544       1.5461
    1545       1.5948
    1546       1.7183
    1547       1.6140
    1548       1.6092
    1549       1.4728
    1550       1.5369
    1551       1.5611
    1552       1.6178
    1553       1.5568
    1554       1.6928
    1555       1.5771
    1556       1.5135
    1557       1.5283
    1558       1.6530
    1559       1.6650
    1560       1.8341
    1561       1.6932
    1562       1.7313
    1563       1.5854
    1564       1.6683
    1565       1.6171
    1566       1.5985
    1567       1.5737
    1568       1.5662
    1569       1.5013
    1570       1.5958
    1571       1.7619
    1572       1.6034
    1573       1.5047
    1574       1.6412
    1575       1.6985
    1576       1.5620
    1577       1.5972
    1578       1.7153
    1579       1.7873
    1580       1.7720
    1581       1.6964
    1582       1.7539
    1583       1.8415
    1584       1.7399
    1585       1.6956
    1586       1.6866
    1587       1.6672
    1588       1.5742
    1589       1.5855
    1590       1.5538
    1591       1.7102
    1592       1.7842
    1593       1.7957
    1594       1.7113
    1595       1.8189
    1596       1.7981
    1597       1.8345
    1598       1.6781
    1599       1.7169
    1600       1.7785
    1601       1.7732
    1602       1.7566
    1603       1.8885
    1604       1.8445
    1605       1.8827
    1606       2.0467
    1607       2.0377
    1608       2.0930
    1609       2.1193
    1610       1.9334
    1611       2.0028
    1612       2.1859
    1613       2.4019
    1614       2.2925
    1615       2.1356
    1616       2.1944
    1617       2.0029
    1618       2.2150
    1619       2.0999
    1620       2.0153
    1621       2.0542
    1622       1.8703
    1623       1.9838
    1624       1.8070
    1625       1.7327
    1626       1.8218
    1627       1.8447
    1628       1.9417
    1629       1.8877
    1630       1.9340
    1631       1.9019
    1632       1.9477
    1633       1.7471
    1634       1.9214
    1635       1.9331
    1636       1.7634
    1637       1.9132
    1638       1.8011
    1639       1.8586
    1640       1.6292
    1641       1.6105
    1642       1.7719
    1643       1.8402
    1644       1.9474
    1645       1.8216
    1646       1.7413
    1647       1.8027
    1648       1.9006
    1649       1.8493
    1650       1.8664
    1651       2.0005
    1652       1.8571
    1653       1.6940
    1654       1.8041
    1655       1.6471
    1656       1.6819
    1657       1.7709
    1658       1.7432
    1659       1.7916
    1660       1.7918
    1661       1.9546
    1662       1.8165
    1663       1.8766
    1664       1.7290
    1665       1.7026
    1666       1.6371
    1667       1.6846
    1668       1.6574
    1669       1.6731
    1670       1.5475
    1671       1.6551
    1672       1.6899
    1673       1.7801
    1674       1.7719
    1675       1.7789
    1676       1.7942
    1677       1.8836
    1678       1.9672
    1679       1.9915
    1680       1.8727
    1681       2.0654
    1682       1.8987
    1683       1.9975
    1684       2.2363
    1685       2.0667
    1686       2.0462
    1687       2.1376
    1688       1.9899
    1689       1.9093
    1690       1.9644
    1691       1.9152
    1692       2.0456
    1693       1.9695
    1694       2.0333
    1695       2.0564
    1696       1.9426
    1697       2.0804
    1698       2.0202
    1699       1.9536
    1700       2.0437
    1701       1.9113
    1702       2.0507
    1703       1.8656
    1704       1.8457
    1705       1.8601
    1706       2.0315
    1707       1.8912
    1708       1.8863
    1709       2.0117
    1710       2.0155
    1711       1.8910
    1712       1.9760
    1713       1.9183
    1714       1.9178
    1715       1.8740
    1716       1.8212
    1717       1.9440
    1718       1.8020
    1719       1.8917
    1720       1.9273
    1721       1.8031
    1722       1.8779
    1723       1.9040
    1724       1.8540
    1725       1.8743
    1726       1.7714
    1727       1.7295
    1728       1.7920
    1729       1.6986
    1730       1.7768
    1731       1.7166
    1732       1.7162
    1733       1.9623
    1734       1.8956
    1735       1.9620
    1736       2.0841
    1737       2.1592
    1738       2.2830
    1739       2.2610
    1740       2.2079
    1741       2.2941
    1742       2.2699
    1743       2.0807
    1744       2.0822
    1745       2.2332
    1746       2.2174
    1747       2.0678
    1748       1.9235
    1749       2.1305
    1750       1.9924
    1751       2.0249
    1752       1.9705
    1753       1.9488
    1754       1.9154
    1755       1.8410
    1756       1.8070
    1757       1.8427
    1758       1.8802
    1759       1.9566
    1760       1.7997
    1761       1.8324
    1762       1.9864
    1763       2.0333
    1764       1.9613
    1765       2.1540
    1766       2.2728
    1767       2.1743
    1768       2.2279
    1769       2.1420
    1770       2.0976
    1771       1.9542
    1772       2.0278
    1773       2.0940
    1774       2.0683
    1775       2.0741
    1776       1.9687
    1777       1.8538
    1778       1.6901
    1779       1.7866
    1780       1.8555
    1781       1.8529
    1782       1.9189
    1783       1.7588
    1784       1.7270
    1785       1.8123
    1786       1.8939
    1787       1.7322
    1788       1.8249
    1789       1.9716
    1790       1.7399
    1791       1.7561
    1792       1.8281
    1793       1.8365
    1794       1.8895
    1795       1.7861
    1796       1.7288
    1797       1.7121
    1798       1.7179
    1799       1.7841
    1800       1.8541
    1801       1.7002
    1802       1.8435
    1803       1.7092
    1804       1.8022
    1805       1.7153
    1806       1.6730
    1807       1.8562
    1808       1.7462
    1809       2.0371
    1810       1.8631
    1811       1.8080
    1812       1.8148
    1813       1.8037
    1814       1.6848
    1815       1.5889
    1816       1.7349
    1817       1.7768
    1818       1.7296
    1819       1.7511
    1820       1.6802
    1821       1.8223
    1822       1.7894
    1823       1.8410
    1824       1.8082
    1825       1.9339
    1826       1.9476
    1827       1.9352
    1828       1.9205
    1829       2.0270
    1830       2.0786
    1831       2.1167
    1832       2.0356
    1833       2.1677
    1834       2.0263
    1835       1.9508
    1836       2.0516
    1837       1.9979
    1838       1.9294
    1839       1.8529
    1840       1.7437
    1841       1.7814
    1842       1.8794
    1843       1.9049
    1844       1.9609
    1845       1.8308
    1846       1.8101
    1847       1.7789
    1848       1.7869
    1849       1.8752
    1850       1.9465
    1851       1.8683
    1852       2.0367
    1853       1.9821
    1854       1.9160
    1855       2.0264
    1856       2.0099
    1857       2.1243
    1858       2.1208
    1859       2.0588
    1860       1.9266
    1861       2.0951
    1862       1.8735
    1863       1.7911
    1864       1.8191
    1865       1.7612
    1866       1.8670
    1867       1.8678
    1868       1.9622
    1869       2.1841
    1870       2.1569
    1871       1.9738
    1872       1.8204
    1873       1.9729
    1874       1.8702
    1875       1.8235
    1876       1.9334
    1877       1.7799
    1878       1.6801
    1879       1.7710
    1880       1.8777
    1881       1.9453
    1882       2.0057
    1883       1.9926
    1884       2.1747
    1885       2.0700
    1886       2.0748
    1887       1.9159
    1888       1.7765
    1889       1.7029
    1890       1.7807
    1891       1.7313
    1892       1.7093
    1893       1.7404
    1894       1.8078
    1895       1.7312
    1896       1.9160
    1897       1.8141
    1898       1.8134
    1899       1.8289
    1900       1.9048
    1901       1.9896
    1902       1.8818
    1903       2.0133
    1904       1.8582
    1905       1.8918
    1906       1.9499
    1907       1.6906
    1908       1.8074
    1909       1.8771
    1910       1.8879
    1911       1.8223
    1912       1.9087
    1913       1.9261
    1914       1.8793
    1915       1.8616
    1916       1.9391
    1917       1.7637
    1918       1.7414
    1919       1.7119
    1920       1.7590
    1921       1.7586
    1922       1.8080
    1923       1.8183
    1924       1.8006
    1925       1.9857
    1926       1.9858
    1927       2.0332
    1928       1.9036
    1929       1.8875
    1930       1.8638
    1931       1.9184
    1932       1.9053
    1933       1.8697
    1934       1.9166
    1935       1.8492
    1936       1.8852
    1937       1.8133
    1938       1.9090
    1939       1.8034
    1940       1.9656
    1941       1.8938
    1942       1.9467
    1943       1.8330
    1944       1.6542
    1945       1.8491
    1946       1.9228
    1947       1.7706
    1948       1.9027
    1949       1.7543
    1950       1.8344
    1951       1.8079
    1952       1.7835
    1953       1.7494
    1954       1.8192
    1955       1.9009
    1956       1.9342
    1957       1.8250
    1958       2.0051
    1959       2.0281
    1960       1.8388
    1961       1.8143
    1962       1.9131
    1963       1.9982
    1964       1.7742
    1965       1.9357
    1966       1.8302
    1967       1.8811
    1968       1.8728
    1969       1.7270
    1970       1.8806
    1971       1.9721
    1972       1.9752
    1973       1.9392
    1974       1.9479
    1975       1.8071
    1976       1.8995
    1977       1.8266
    1978       1.8114
    1979       1.9831
    1980       1.8090
    1981       1.6995
    1982       1.7117
    1983       1.8134
    1984       1.6980
    1985       1.6554
    1986       1.8308
    1987       1.9381
    1988       1.8196
    1989       1.8268
    1990       1.7822
    1991       1.8043
    1992       1.9389
    1993       1.9547
    1994       1.9996
    1995       1.8924
    1996       1.9277
    1997       1.9420
    1998       1.7470
    1999       1.9577
    2000       2.0045
    2001       2.0624
    2002       1.9236
    2003       1.7582
    2004       1.7664
    2005       1.8651
    2006       1.8631
    2007       1.8780
    2008       1.9295
    2009       1.7824
    2010       1.7763
    2011       1.8457
    2012       1.9243
    2013       1.9251
    2014       1.9120
    2015       1.8604
    2016       1.8146
    2017       1.8936
    2018       1.9782
    2019       1.9082
    2020       1.8434
    2021       1.8504
    2022       1.7362
    2023       1.8160
    2024       1.7412
    2025       1.9254
    2026       1.9791
    2027       1.8345
    2028       1.9661
    2029       1.9601
    2030       1.8195
    2031       1.8042
    2032       1.8943
    2033       1.8739
    2034       1.8520
    2035       1.8469
    2036       1.7857
    2037       1.8673
    2038       1.8284
    2039       1.9826
    2040       1.8687
    2041       1.9774
    2042       1.9462
    2043       2.0224
    2044       1.8300
    2045       1.6411
    2046       1.6039
    2047       1.7409
    2048       1.7421
    2049       1.6681
    2050       1.8017
    2051       1.9255
    2052       1.8280
    2053       1.7279
    2054       1.6930
    2055       1.6652
    2056       1.7129
    2057       1.6767
    2058       1.7572
    2059       1.7613
    2060       1.7567
    2061       1.7445
    2062       1.7856
    2063       1.6810
    2064       1.7054
    2065       1.6227
    2066       1.5509
    2067       1.5789
    2068       1.6177
    2069       1.7087
    2070       1.5846
    2071       1.6282
    2072       1.7081
    2073       1.7271
    2074       1.7925
    2075       1.8461
    2076       1.8070
    2077       1.7422
    2078       1.8577
    2079       1.7676
    2080       1.8565
    2081       1.8905
    2082       1.9834
    2083       1.9409
    2084       2.0304
    2085       1.8270
    2086       1.8204
    2087       1.8467
    2088       1.8564
    2089       1.8864
    2090       1.9765
    2091       1.9183
    2092       1.9982
    2093       1.7885
    2094       1.9459
    2095       1.9853
    2096       1.8984
    2097       1.7752
    2098       1.8132
    2099       1.9086
    2100       1.9065
    2101       1.8374
    2102       1.6988
    2103       1.6107
    2104       1.6146
    2105       1.6468
    2106       1.6370
    2107       1.8713
    2108       1.8628
    2109       1.8030
    2110       1.8647
    2111       1.7551
    2112       1.7098
    2113       1.7886
    2114       1.8660
    2115       1.7976
    2116       1.7018
    2117       1.7564
    2118       1.8341
    2119       1.7448
    2120       1.8426
    2121       1.7957
    2122       1.8084
    2123       1.6877
    2124       1.6852
    2125       1.6629
    2126       1.7223
    2127       1.8029
    2128       1.8841
    2129       1.7794
    2130       1.9316
    2131       1.7956
    2132       1.6661
    2133       1.6552
    2134       1.6146
    2135       1.6351
    2136       1.5990
    2137       1.6132
    2138       1.5727
    2139       1.6228
    2140       1.5522
    2141       1.6794
    2142       1.5515
    2143       1.6739
    2144       1.7348
    2145       1.7441
    2146       1.8197
    2147       1.6550
    2148       1.6633
    2149       1.7590
    2150       1.7528
    2151       1.5985
    2152       1.6750
    2153       1.8551
    2154       1.8914
    2155       1.7922
    2156       1.7547
    2157       1.8834
    2158       1.9048
    2159       1.8686
    2160       1.9526
    2161       1.7808
    2162       1.6992
    2163       1.6176
    2164       1.6333
    2165       1.5489
    2166       1.6907
    2167       1.6819
    2168       1.7958
    2169       1.7808
    2170       1.6817
    2171       1.7410
    2172       1.7430
    2173       1.6732
    2174       1.6439
    2175       1.6214
    2176       1.6181
    2177       1.6175
    2178       1.7068
    2179       1.5826
    2180       1.5342
    2181       1.4897
    2182       1.5682
    2183       1.6294
    2184       1.5270
    2185       1.5303
    2186       1.7378
    2187       1.7864
    2188       1.7565
    2189       1.8489
    2190       1.8019
    2191       1.7642
    2192       1.6172
    2193       1.6666
    2194       1.7223
    2195       1.8027
    2196       1.8018
    2197       1.7136
    2198       1.6052
    2199       1.7782
    2200       1.6035
    2201       1.6682
    2202       1.6245
    2203       1.6182
    2204       1.6333
    2205       1.5371
    2206       1.5418
    2207       1.6168
    2208       1.6771
    2209       1.6805
    2210       1.7961
    2211       1.8746
    2212       1.5658
    2213       1.6193
    2214       1.6381
    2215       1.6116
    2216       1.5591
    2217       1.6205
    2218       1.5727
    2219       1.4828
    2220       1.5292
    2221       1.5641
    2222       1.5311
    2223       1.6414
    2224       1.6364
    2225       1.5782
    2226       1.6295
    2227       1.6172
    2228       1.6439
    2229       1.4682
    2230       1.4330
    2231       1.4797
    2232       1.5346
    2233       1.6310
    2234       1.6611
    2235       1.5947
    2236       1.6560
    2237       1.6818
    2238       1.7900
    2239       1.6559
    2240       1.6534
    2241       1.5952
    2242       1.6890
    2243       1.7622
    2244       1.6426
    2245       1.6674
    2246       1.7220
    2247       1.6865
    2248       1.6185
    2249       1.6535
    2250       1.6892
    2251       1.5409
    2252       1.5850
    2253       1.6052
    2254       1.5457
    2255       1.5990
    2256       1.5561
    2257       1.6695
    2258       1.6147
    2259       1.6038
    2260       1.6284
    2261       1.5200
    2262       1.4729
    2263       1.4753
    2264       1.4659
    2265       1.5593
    2266       1.4574
    2267       1.5185
    2268       1.5362
    2269       1.5579
    2270       1.5901
    2271       1.5291
    2272       1.4511
    2273       1.5489
    2274       1.4956
    2275       1.4729
    2276       1.5033
    2277       1.5120
    2278       1.6856
    2279       1.5772
    2280       1.5599
    2281       1.5270
    2282       1.5367
    2283       1.5413
    2284       1.6000
    2285       1.5803
    2286       1.6731
    2287       1.6484
    2288       1.7245
    2289       1.5439
    2290       1.6327
    2291       1.6023
    2292       1.6555
    2293       1.5574
    2294       1.6210
    2295       1.5353
    2296       1.5038
    2297       1.4675
    2298       1.4801
    2299       1.4975
    2300       1.5712
    2301       1.5449
    2302       1.5694
    2303       1.5332
    2304       1.5797
    2305       1.5938
    2306       1.7014
    2307       1.6147
    2308       1.6404
    2309       1.6834
    2310       1.6411
    2311       1.6411
    2312       1.6391
    2313       1.6289
    2314       1.6902
    2315       1.5860
    2316       1.6450
    2317       1.5991
    2318       1.6337
    2319       1.5873
    2320       1.6038
    2321       1.5568
    2322       1.5439
    2323       1.6055
    2324       1.6479
    2325       1.7379
    2326       1.6712
    2327       1.6103
    2328       1.6077
    2329       1.4977
    2330       1.4980
    2331       1.5950
    2332       1.5754
    2333       1.5827
    2334       1.5488
    2335       1.6071
    2336       1.6428
    2337       1.5792
    2338       1.7515
    2339       1.6847
    2340       1.6312
    2341       1.6861
    2342       1.6376
    2343       1.5218
    2344       1.5614
    2345       1.5884
    2346       1.5074
    2347       1.4650
    2348       1.5192
    2349       1.5093
    2350       1.5357
    2351       1.5724
    2352       1.6360
    2353       1.6959
    2354       1.5801
    2355       1.5038
    2356       1.5339
    2357       1.4679
    2358       1.5639
    2359       1.6866
    2360       1.7382
    2361       1.6674
    2362       1.8213
    2363       1.6054
    2364       1.6188
    2365       1.7029
    2366       1.5497
    2367       1.5924
    2368       1.7174
    2369       1.6040
    2370       1.8037
    2371       1.7379
    2372       1.5927
    2373       1.7065
    2374       1.7159
    2375       1.7001
    2376       1.8112
    2377       1.8022
    2378       1.7848
    2379       1.7967
    2380       1.6140
    2381       1.5968
    2382       1.6777
    2383       1.6787
    2384       1.6723
    2385       1.6769
    2386       1.6459
    2387       1.6180
    2388       1.5801
    2389       1.5933
    2390       1.7444
    2391       1.6603
    2392       1.8398
    2393       1.8169
    2394       1.8716
    2395       1.8219
    2396       1.7642
    2397       1.7049
    2398       1.7229
    2399       1.7707
    2400       1.8635
    2401       1.9494
    2402       1.9875
    2403       1.9225
    2404       1.8939
    2405       1.9963
    2406       2.0625
    2407       1.9061
    2408       2.0884
    2409       2.1253
    2410       2.1335
    2411       2.0920
    2412       2.0903
    2413       2.0376
    2414       1.9258
    2415       1.8505
    2416       1.9505
    2417       1.9587
    2418       1.9555
    2419       1.9365
    2420       1.9886
    2421       2.1114
    2422       2.0260
    2423       2.0301
    2424       1.9760
    2425       2.0936
    2426       2.1740
    2427       2.4088
    2428       2.1609
    2429       2.0139
    2430       2.1582
    2431       1.9266
    2432       1.8414
    2433       1.8175
    2434       1.8156
    2435       1.6429
    2436       1.7882
    2437       1.7703
    2438       1.8263
    2439       1.9298
    2440       2.0167
    2441       1.9750
    2442       1.9664
    2443       1.9346
    2444       1.8543
    2445       1.9943
    2446       1.7795
    2447       1.7912
    2448       1.9669
    2449       2.0764
    2450       1.8192
    2451       1.9674
    2452       1.8214
    2453       1.8254
    2454       1.8873
    2455       1.9338
    2456       1.8096
    2457       1.7731
    2458       1.8203
    2459       1.6973
    2460       1.7228
    2461       1.9316
    2462       2.1008
    2463       1.8177
    2464       1.6838
    2465       1.6517
    2466       1.5763
    2467       1.6256
    2468       1.5607
    2469       1.6232
    2470       1.5819
    2471       1.6034
    2472       1.6075
    2473       1.5016
    2474       1.6160
    2475       1.5168
    2476       1.6071
    2477       1.8424
    2478       1.8174
    2479       1.7660
    2480       1.6589
    2481       1.6886
    2482       1.7394
    2483       1.5944
    2484       1.5937
    2485       1.6112
    2486       1.6192
    2487       1.5599
    2488       1.7486
    2489       1.6931
    2490       1.7230
    2491       1.5999
    2492       1.6092
    2493       1.6725
    2494       1.6256
    2495       1.6629
    2496       1.6506
    2497       1.6087
    2498       1.5047
    2499       1.4739
    2500       1.6168
    2501       1.7242
    2502       1.7426
    2503       1.7587
    2504       1.7586
    2505       1.9725
    2506       2.0733
    2507       1.8999
    2508       1.9342
    2509       1.8307
    2510       1.8595
    2511       1.9201
    2512       1.8072
    2513       1.9486
    2514       1.8827
    2515       1.9243
    2516       1.8712
    2517       1.8194
    2518       1.8150
    2519       1.8309
    2520       1.8621
    2521       1.8974
    2522       1.8468
    2523       1.8673
    2524       1.9463
    2525       2.0674
    2526       2.1130
    2527       2.0895
    2528       2.1563
    2529       1.9051
    2530       2.0554
    2531       2.1935
    2532       2.2299
    2533       2.1435
    2534       2.3497
    2535       2.2375
    2536       2.0835
    2537       2.1075
    2538       1.9491
    2539       1.8389
    2540       1.8934
    2541       1.9535
    2542       1.8651
    2543       1.8486
    2544       1.7847
    2545       1.7863
    2546       1.7325
    2547       1.6231
    2548       1.5834
    2549       1.7492
    2550       1.8178
    2551       1.8368
    2552       1.7940
    2553       1.8096
    2554       1.7636
    2555       1.8421
    2556       2.0096
    2557       2.0403
    2558       1.8327
    2559       1.7644
    2560       1.6796
    2561       1.7258
    2562       1.7730
    2563       1.7481
    2564       1.8417
    2565       1.8563
    2566       1.9047
    2567       1.8956
    2568       1.9425
    2569       1.7480
    2570       1.9668
    2571       1.8387
    2572       1.8867
    2573       1.7712
    2574       1.8776
    2575       1.9302
    2576       2.0179
    2577       2.2455
    2578       2.0524
    2579       2.0502
    2580       1.9247
    2581       2.0320
    2582       1.9692
    2583       1.9047
    2584       2.0619
    2585       2.1458
    2586       2.0784
    2587       2.0854
    2588       2.0164
    2589       2.0479
    2590       2.0045
    2591       1.8905
    2592       1.9998
    2593       1.9516
    2594       2.0682
    2595       2.0537
    2596       2.1321
    2597       2.0593
    2598       2.1630
    2599       2.1293
    2600       2.0779
    2601       2.0679
    2602       2.2283
    2603       2.4038
    2604       2.3595
    2605       2.3191
    2606       2.1730
    2607       2.0436
    2608       1.9996
    2609       2.0081
    2610       2.1504
    2611       2.1562
    2612       2.2110
    2613       2.2692
    2614       2.1860
    2615       2.2110
    2616       2.1926
    2617       2.4130
    2618       2.2980
    2619       2.1532
    2620       2.2229
    2621       2.0975
    2622       2.1486
    2623       2.3017
    2624       2.3148
    2625       2.4679
    2626       2.4010
    2627       2.3471
    2628       2.3924
    2629       2.3679
    2630       2.2945
    2631       2.3136
    2632       2.3680
    2633       2.1799
    2634       2.3442
    2635       2.5162
    2636       2.3800
    2637       2.3862
    2638       2.3540
    2639       2.2425
    2640       2.1625
    2641       2.2945
    2642       2.2703
    2643       2.1234
    2644       2.2687
    2645       2.2890
    2646       2.2371
    2647       2.0286
    2648       2.0511
    2649       2.1248
    2650       2.0940
    2651       2.1776
    2652       2.1520
    2653       2.1866
    2654       2.0183
    2655       1.9872
    2656       1.9701
    2657       1.9745
    2658       2.2504
    2659       2.1007
    2660       2.2757
    2661       2.3650
    2662       2.2757
    2663       2.2443
    2664       2.1965
    2665       2.1762
    2666       2.2982
    2667       2.0522
    2668       2.0867
    2669       2.0207
    2670       2.0446
    2671       1.9923
    2672       1.9183
    2673       2.0874
    2674       2.0960
    2675       2.0796
    2676       2.0376
    2677       2.0323
    2678       1.9939
    2679       1.9459
    2680       1.9279
    2681       2.0093
    2682       1.9871
    2683       1.9048
    2684       2.0709
    2685       1.7629
    2686       1.8432
    2687       1.8717
    2688       2.0396
    2689       2.0818
    2690       2.0480
    2691       2.0289
    2692       1.8956
    2693       1.7833
    2694       1.7999
    2695       1.7813
    2696       1.6932
    2697       1.8901
    2698       1.8763
    2699       1.8864
    2700       2.0754
    2701       2.0236
    2702       1.9818
    2703       1.9373
    2704       1.7442
    2705       1.7955
    2706       1.7659
    2707       1.8098
    2708       1.8297
    2709       1.7417
    2710       1.7415
    2711       1.7019
    2712       1.7441
    2713       1.6743
    2714       1.7303
    2715       1.7609
    2716       1.5619
    2717       1.5813
    2718       1.6401
    2719       1.7055
    2720       1.7412
    2721       1.6663
    2722       1.6674
    2723       1.7386
    2724       1.5115
    2725       1.6446
    2726       1.6001
    2727       1.6107
    2728       1.7331
    2729       1.6466
    2730       1.7393
    2731       1.7227
    2732       1.6574
    2733       1.5856
    2734       1.7565
    2735       1.6128
    2736       1.7010
    2737       1.8620
    2738       1.7620
    2739       2.0047
    2740       2.0743
    2741       1.9280
    2742       1.9411
    2743       1.9363
    2744       2.0151
    2745       1.9500
    2746       1.8660
    2747       1.7583
    2748       1.7075
    2749       1.9635
    2750       1.8140
    2751       1.9562
    2752       1.8997
    2753       2.0609
    2754       1.9961
    2755       1.9520
    2756       2.0025
    2757       1.9430
    2758       1.9154
    2759       2.0655
    2760       2.1078
    2761       1.9062
    2762       1.8389
    2763       1.8781
    2764       1.8407
    2765       1.7941
    2766       1.8589
    2767       1.7940
    2768       1.9262
    2769       1.8322
    2770       1.8348
    2771       1.8266
    2772       1.9133
    2773       1.8299
    2774       1.7751
    2775       1.7534
    2776       1.7721
    2777       1.9348
    2778       1.9400
    2779       1.9251
    2780       1.9520
    2781       1.8028
    2782       1.8925
    2783       1.9997
    2784       2.0915
    2785       2.1102
    2786       1.8794
    2787       2.0020
    2788       2.1380
    2789       1.9970
    2790       1.7941
    2791       1.9483
    2792       1.9817
    2793       2.0253
    2794       1.8692
    2795       2.0428
    2796       1.9608
    2797       1.9119
    2798       1.9138
    2799       1.8003
    2800       2.0445
    2801       1.9834
    2802       2.0139
    2803       1.9950
    2804       2.0388
    2805       2.1473
    2806       2.0181
    2807       2.0133
    2808       1.9943
    2809       1.8056
    2810       1.9193
    2811       2.0179
    2812       2.0541
    2813       1.9395
    2814       1.8092
    2815       1.7045
    2816       1.7567
    2817       1.6743
    2818       1.9140
    2819       1.8999
    2820       1.8404
    2821       1.9109
    2822       1.7706
    2823       1.7441
    2824       1.7922
    2825       1.9627
    2826       1.8695
    2827       1.9746
    2828       1.9821
    2829       1.8648
    2830       1.8758
    2831       2.0789
    2832       2.1754
    2833       2.0423
    2834       2.0819
    2835       2.1419
    2836       2.2344
    2837       2.1390
    2838       2.2922
    2839       2.1401
    2840       2.3734
    2841       2.3388
    2842       2.2884
    2843       2.0644
    2844       2.0118
    2845       1.8747
    2846       2.0867
    2847       2.0452
    2848       1.9417
    2849       1.9131
    2850       2.0440
    2851       2.0891
    2852       1.9896
    2853       2.0087
    2854       2.1215
    2855       2.1887
    2856       2.2390
    2857       2.1426
    2858       2.1306
    2859       1.9084
    2860       2.0010
    2861       1.9710
    2862       1.9273
    2863       2.0164
    2864       2.0002
    2865       1.9234
    2866       1.9231
    2867       1.9311
    2868       1.7768
    2869       2.0166
    2870       2.0433
    2871       1.9952
    2872       2.1182
    2873       1.9765
    2874       1.9490
    2875       2.2400
    2876       2.0871
    2877       1.9779
    2878       1.9672
    2879       2.1120
    2880       2.1209
    2881       2.1524
    2882       2.0793
    2883       2.1030
    2884       1.9755
    2885       1.9316
    2886       1.9467
    2887       1.9852
    2888       2.0511
    2889       1.9059
    2890       2.0606
    2891       1.9635
    2892       1.9500
    2893       1.8967
    2894       2.1399
    2895       2.1608
    2896       2.2894
    2897       2.1027
    2898       2.0965
    2899       2.1808
    2900       2.0306
    2901       2.0921
    2902       2.0562
    2903       2.0085
    2904       1.9800
    2905       1.9241
    2906       1.7869
    2907       1.9129
    2908       1.8792
    2909       1.8149
    2910       1.9388
    2911       1.8769
    2912       2.0329
    2913       2.1421
    2914       2.0263
    2915       2.0205
    2916       1.9755
    2917       1.9901
    2918       1.9530
    2919       2.0190
    2920       1.8757
    2921       1.9911
    2922       2.0129
    2923       2.0614
    2924       1.8349
    2925       1.9434
    2926       1.9960
    2927       1.9656
    2928       1.9934
    2929       1.8161
    2930       1.8081
    2931       1.8622
    2932       1.7966
    2933       1.8054
    2934       1.9885
    2935       2.0239
    2936       2.0652
    2937       2.1408
    2938       1.9706
    2939       2.0444
    2940       2.2449
    2941       1.9789
    2942       1.8219
    2943       1.9781
    2944       1.9250
    2945       1.8903
    2946       1.9340
    2947       1.9264
    2948       1.9150
    2949       1.9091
    2950       1.8329
    2951       1.7424
    2952       1.7748
    2953       1.7544
    2954       1.8040
    2955       1.8704
    2956       2.0157
    2957       1.9502
    2958       1.9712
    2959       2.0871
    2960       1.9905
    2961       2.0250
    2962       2.1129
    2963       2.0254
    2964       2.0290
    2965       1.9599
    2966       1.8149
    2967       1.8973
    2968       1.7848
    2969       1.7827
    2970       1.7013
    2971       1.7024
    2972       1.7537
    2973       1.8872
    2974       2.1784
    2975       1.9473
    2976       1.9648
    2977       2.0341
    2978       2.0188
    2979       1.9813
    2980       2.1907
    2981       2.1815
    2982       2.0806
    2983       2.1045
    2984       2.0896
    2985       2.0686
    2986       2.2837
    2987       2.2355
    2988       1.9780
    2989       2.0820
    2990       2.1083
    2991       2.1707
    2992       2.1447
    2993       2.0420
    2994       1.8576
    2995       1.8754
    2996       1.7030
    2997       1.8172
    2998       1.7184
    2999       1.8498
    3000       2.0281
    3001       2.1129
    3002       1.8698
    3003       1.9791
    3004       1.9755
    3005       1.9335
    3006       1.8457
    3007       1.9034
    3008       1.8889
    3009       1.9160
    3010       1.9406
    3011       1.7841
    3012       1.8421
    3013       1.7773
    3014       1.7806
    3015       1.8083
    3016       1.7717
    3017       1.7636
    3018       1.8812
    3019       1.9834
    3020       1.9201
    3021       1.9369
    3022       2.0459
    3023       2.0833
    3024       2.1069
    3025       2.0037
    3026       2.1915
    3027       2.1484
    3028       2.0570
    3029       1.9914
    3030       1.9546
    3031       1.8781
    3032       2.0794
    3033       2.2184
    3034       2.1579
    3035       2.1937
    3036       2.3057
    3037       2.1415
    3038       2.0617
    3039       2.1837
    3040       2.1473
    3041       2.1918
    3042       2.4354
    3043       2.3344
    3044       2.0828
    3045       2.0781
    3046       1.9891
    3047       2.0831
    3048       2.1550
    3049       2.0762
    3050       2.0267
    3051       2.0663
    3052       2.0008
    3053       1.9585
    3054       2.0081
    3055       1.9652
    3056       1.9487
    3057       1.9391
    3058       1.9884
    3059       2.1006
    3060       2.1177
    3061       1.8480
    3062       1.8488
    3063       1.9532
    3064       1.7931
    3065       1.8110
    3066       1.8346
    3067       1.8844
    3068       1.8196
    3069       1.9463
    3070       1.9138
    3071       2.0211
    3072       2.0104
    3073       1.8724
    3074       1.7001
    3075       1.8405
    3076       1.7261
    3077       1.6947
    3078       1.7330
    3079       1.7769
    3080       1.8846
    3081       1.8021
    3082       1.7115
    3083       1.7749
    3084       1.8498
    3085       1.9648
    3086       1.8889
    3087       1.7640
    3088       1.6937
    3089       1.8022
    3090       1.8881
    3091       1.8441
    3092       1.8508
    3093       1.9217
    3094       1.7447
    3095       1.7604
    3096       1.7813
    3097       1.8137
    3098       1.8597
    3099       1.9550
    3100       2.0259
    3101       1.8561
    3102       1.9237
    3103       2.0238
    3104       1.7494
    3105       1.6850
    3106       1.6129
    3107       1.7081
    3108       1.6651
    3109       1.6069
    3110       1.6506
    3111       1.5194
    3112       1.7158
    3113       1.7323
    3114       1.7452
    3115       1.7512
    3116       1.8895
    3117       1.9329
    3118       2.0332
    3119       2.0430
    3120       2.0628
    3121       2.0320
    3122       1.8501
    3123       1.8427
    3124       1.9490
    3125       1.9533
    3126       2.0547
    3127       1.9430
    3128       1.7841
    3129       1.8000
    3130       1.9143
    3131       1.9790
    3132       1.8644
    3133       1.9399
    3134       1.8387
    3135       1.9699
    3136       1.8850
    3137       2.0054
    3138       1.9449
    3139       2.0000
    3140       1.8224
    3141       1.9536
    3142       1.9048
    3143       1.9449
    3144       1.7786
    3145       1.7239
    3146       1.7460
    3147       1.7361
    3148       1.6781
    3149       1.7272
    3150       1.8486
    3151       1.9632
    3152       2.0467
    3153       1.8451
    3154       1.8647
    3155       1.8317
    3156       1.8359
    3157       1.8585
    3158       1.8469
    3159       1.9393
    3160       2.0318
    3161       1.8594
    3162       1.7161
    3163       1.6650
    3164       1.8258
    3165       1.8184
    3166       1.7633
    3167       1.8563
    3168       1.7592
    3169       1.8746
    3170       1.9138
    3171       1.8429
    3172       1.8019
    3173       1.9721
    3174       1.8837
    3175       1.7702
    3176       1.7887
    3177       1.7555
    3178       1.8068
    3179       1.7071
    3180       1.8120
    3181       1.8647
    3182       1.8541
    3183       1.8441
    3184       1.8493
    3185       1.8614
    3186       1.8280
    3187       1.8765
    3188       1.8499
    3189       1.9262
    3190       1.6776
    3191       1.6434
    3192       1.8276
    3193       1.8891
    3194       1.7946
    3195       1.9691
    3196       1.8161
    3197       2.0883
    3198       2.0761
    3199       1.9099
    3200       1.8993
    3201       1.8658
    3202       1.8930
    3203       1.8983
    3204       1.8142
    3205       1.7027
    3206       1.6586
    3207       1.7810
    3208       1.8160
    3209       1.9372
    3210       1.8204
    3211       1.7442
    3212       1.7300
    3213       1.8023
    3214       1.8057
    3215       1.9542
    3216       1.8355
    3217       1.9375
    3218       2.0068
    3219       1.9419
    3220       1.9710
    3221       2.1161
    3222       2.0055
    3223       2.0886
    3224       2.1052
    3225       2.0877
    3226       2.1328
    3227       2.1672
    3228       2.1514
    3229       2.0259
    3230       2.0907
    3231       2.1049
    3232       2.0318
    3233       1.9932
    3234       1.8695
    3235       1.9401
    3236       2.0149
    3237       1.9073
    3238       1.9522
    3239       2.1438
    3240       2.0814
    3241       2.1854
    3242       2.0089
    3243       2.1503
    3244       2.0660
    3245       1.9915
    3246       2.2083
    3247       1.8932
    3248       1.9377
    3249       1.9354
    3250       1.9683
    3251       1.8381
    3252       1.8449
    3253       1.8669
    3254       1.7733
    3255       1.7299
    3256       1.8926
    3257       1.9220
    3258       2.0555
    3259       2.0423
    3260       1.8828
    3261       1.9211
    3262       1.9386
    3263       2.0028
    3264       2.0197
    3265       2.3329
    3266       2.1668
    3267       2.0654
    3268       1.9591
    3269       2.1149
    3270       2.1295
    3271       2.1513
    3272       2.1961
    3273       2.0099
    3274       1.8170
    3275       1.8242
    3276       1.8515
    3277       1.9256
    3278       1.8049
    3279       1.9781
    3280       1.8708
    3281       1.8011
    3282       1.7004
    3283       1.6474
    3284       1.7229
    3285       1.7345
    3286       1.6241
    3287       1.7435
    3288       1.7462
    3289       1.8296
    3290       1.7678
    3291       1.6352
    3292       1.7327
    3293       1.6626
    3294       1.8034
    3295       1.7908
    3296       1.9188
    3297       1.9430
    3298       1.8323
    3299       1.9513
    3300       1.7477
    3301       1.8837
    3302       1.8674
    3303       1.9132
    3304       1.8024
    3305       1.8817
    3306       1.8170
    3307       1.8819
    3308       1.8291
    3309       1.9659
    3310       1.8175
    3311       1.9309
    3312       1.8943
    3313       1.6675
    3314       1.8194
    3315       1.9184
    3316       1.8722
    3317       1.8505
    3318       1.9845
    3319       1.9741
    3320       1.8815
    3321       1.9456
    3322       1.9114
    3323       1.9994
    3324       1.8491
    3325       1.8132
    3326       1.8219
    3327       1.8516
    3328       1.9735
    3329       1.9133
    3330       1.8576
    3331       1.7833
    3332       1.6998
    3333       1.6582
    3334       1.6409
    3335       1.6426
    3336       1.6915
    3337       1.9288
    3338       2.0030
    3339       1.8956
    3340       1.8213
    3341       1.9893
    3342       2.0293
    3343       2.1036
    3344       1.8227
    3345       2.0393
    3346       1.8983
    3347       1.8882
    3348       2.0337
    3349       2.0700
    3350       2.0028
    3351       1.9018
    3352       1.9089
    3353       1.8351
    3354       1.9145
    3355       1.8795
    3356       1.9062
    3357       1.9871
    3358       1.9794
    3359       2.0818
    3360       1.9590
    3361       2.0178
    3362       1.8772
    3363       1.7644
    3364       1.8289
    3365       1.8213
    3366       1.8306
    3367       1.8717
    3368       1.9298
    3369       1.8961
    3370       2.0503
    3371       1.8627
    3372       1.9193
    3373       1.8272
    3374       1.9026
    3375       1.8081
    3376       1.8512
    3377       1.8116
    3378       1.8885
    3379       1.6626
    3380       1.7819
    3381       1.8786
    3382       1.8573
    3383       1.7563
    3384       1.7260
    3385       1.7735
    3386       1.7532
    3387       1.8409
    3388       1.8941
    3389       1.7789
    3390       1.8029
    3391       1.8208
    3392       1.9297
    3393       1.8872
    3394       1.9224
    3395       1.8389
    3396       1.8319
    3397       1.6481
    3398       1.6999
    3399       1.7966
    3400       1.7384
    3401       1.6339
    3402       1.7069
    3403       1.7650
    3404       1.7040
    3405       1.8475
    3406       1.8946
    3407       1.9098
    3408       1.8290
    3409       1.7846
    3410       1.7969
    3411       1.7788
    3412       1.8541
    3413       1.9579
    3414       1.8810
    3415       1.6842
    3416       1.8237
    3417       1.9233
    3418       1.8701
    3419       1.7534
    3420       1.8154
    3421       1.8396
    3422       1.8919
    3423       1.7363
    3424       1.8577
    3425       1.8050
    3426       1.9358
    3427       1.7501
    3428       1.8189
    3429       1.8688
    3430       1.8594
    3431       1.8643
    3432       1.8122
    3433       1.7867
    3434       1.7658
    3435       1.8358
    3436       1.8125
    3437       1.9389
    3438       1.7546
    3439       1.8120
    3440       1.9839
    3441       2.0075
    3442       1.9939
    3443       1.9945
    3444       1.8864
    3445       1.9333
    3446       1.9611
    3447       1.7537
    3448       1.7611
    3449       1.8017
    3450       1.7227
    3451       1.8227
    3452       1.9603
    3453       1.8067
    3454       1.7808
    3455       1.8119
    3456       2.0166
    3457       1.9037
    3458       1.7540
    3459       1.8551
    3460       1.7424
    3461       1.6493
    3462       1.8501
    3463       1.9431
    3464       1.9008
    3465       1.9527
    3466       1.9090
    3467       1.9344
    3468       1.9294
    3469       1.8383
    3470       1.9283
    3471       1.7951
    3472       1.8493
    3473       1.8890
    3474       1.7401
    3475       1.7827
    3476       1.9174
    3477       1.8400
    3478       1.7780
    3479       1.7468
    3480       1.8557
    3481       1.7993
    3482       1.9251
    3483       2.0056
    3484       1.9807
    3485       2.0631
    3486       1.9805
    3487       1.8435
    3488       1.6959
    3489       1.6100
    3490       1.7196
    3491       1.8629
    3492       1.9674
    3493       1.9979
    3494       2.0216
    3495       2.0355
    3496       2.0239
    3497       1.8572
    3498       1.9013
    3499       1.8458
    3500       2.0056
    3501       1.7596
    3502       1.9426
    3503       2.0221
    3504       1.7514
    3505       1.7346
    3506       1.6068
    3507       1.7136
    3508       1.8162
    3509       1.8731
    3510       1.8325
    3511       1.9042
    3512       1.8161
    3513       1.7880
    3514       1.8663
    3515       1.8250
    3516       1.7539
    3517       1.7468
    3518       1.8955
    3519       1.8115
    3520       1.8297
    3521       1.8752
    3522       1.6738
    3523       1.6745
    3524       1.7984
    3525       1.7392
    3526       1.7496
    3527       1.8202
    3528       1.9113
    3529       1.8215
    3530       1.7803
    3531       1.7575
    3532       1.8299
    3533       1.7294
    3534       1.8798
    3535       1.7695
    3536       1.8767
    3537       1.8175
    3538       1.8213
    3539       1.9322
    3540       1.9486
    3541       1.9213
    3542       1.9422
    3543       1.7491
    3544       1.8819
    3545       1.7590
    3546       1.7662
    3547       1.9531
    3548       2.1150
    3549       2.0455
    3550       2.0517
    3551       1.9221
    3552       1.9371
    3553       1.8888
    3554       1.7904
    3555       2.0176
    3556       2.1790
    3557       2.0256
    3558       2.2256
    3559       2.3337
    3560       2.2848
    3561       2.3342
    3562       2.2304
    3563       2.2547
    3564       2.0174
    3565       2.0203
    3566       2.0774
    3567       2.1509
    3568       2.2126
    3569       2.5539
    3570       2.8130
    3571       2.6904
    3572       2.6432
    3573       2.4851
    3574       2.3758
    3575       2.3363
    3576       2.3983
    3577       2.2873
    3578       2.2343
    3579       2.1022
    3580       2.0395
    3581       2.1141
    3582       2.1309
    3583       1.9279
    3584       1.9181
    3585       1.9563
    3586       2.0759
    3587       1.8320
    3588       1.7144
    3589       1.8664
    3590       2.0601
    3591       2.1557
    3592       1.9174
    3593       1.8415
    3594       1.8289
    3595       1.9408
    3596       1.8990
    3597       1.8843
    3598       1.8596
    3599       1.8578
    3600       1.9710
    3601       1.8411
    3602       2.0368
    3603       2.0068
    3604       2.1987
    3605       2.1311
    3606       2.1556
    3607       2.3367
    3608       2.2968
    3609       2.2033
    3610       2.1204
    3611       2.1177
    3612       2.1736
    3613       1.9875
    3614       1.9446
    3615       2.1028
    3616       2.0554
    3617       2.0720
    3618       2.0666
    3619       2.0063
    3620       1.9501
    3621       1.9611
    3622       1.9482
    3623       1.9922
    3624       1.9946
    3625       1.8811
    3626       1.9911
    3627       2.0088
    3628       1.8071
    3629       1.8668
    3630       1.8757
    3631       1.8504
    3632       1.8490
    3633       1.7917
    3634       1.8874
    3635       1.9064
    3636       2.0361
    3637       1.8947
    3638       1.8797
    3639       1.8248
    3640       1.9389
    3641       1.8683
    3642       1.9332
    3643       2.0799
    3644       2.0406
    3645       2.0227
    3646       2.0490
    3647       2.0460
    3648       2.0014
    3649       2.0091
    3650       1.9572
    3651       1.8208
    3652       1.8030
    3653       1.7974
    3654       1.8068
    3655       1.7486
    3656       1.6893
    3657       1.8124
    3658       1.7879
    3659       1.7429
    3660       1.8686
    3661       1.8014
    3662       1.8599
    3663       1.8286
    3664       1.9172
    3665       1.8329
    3666       1.9426
    3667       1.8772
    3668       1.9195
    3669       2.0631
    3670       2.1116
    3671       2.1604
    3672       2.0197
    3673       2.0750
    3674       1.9706
    3675       1.8246
    3676       1.8824
    3677       1.9915
    3678       1.8917
    3679       1.8868
    3680       1.9077
    3681       1.9275
    3682       2.0388
    3683       1.7727
    3684       1.8942
    3685       1.9591
    3686       1.8487
    3687       1.9210
    3688       1.9676
    3689       1.8799
    3690       1.9119
    3691       1.8279
    3692       1.8869
    3693       1.8107
    3694       1.8125
    3695       1.7682
    3696       1.9223
    3697       1.8305
    3698       1.9575
    3699       1.9107
    3700       1.9516
    3701       1.9633
    3702       2.2314
    3703       2.0432
    3704       2.0353
    3705       1.9515
    3706       1.9067
    3707       1.8236
    3708       1.8898
    3709       1.7917
    3710       1.8437
    3711       1.9087
    3712       2.0997
    3713       1.9404
    3714       2.1355
    3715       2.0748
    3716       2.1105
    3717       2.0440
    3718       1.9304
    3719       2.1935
    3720       2.1106
    3721       2.0413
    3722       1.8518
    3723       2.0258
    3724       2.0131
    3725       1.9003
    3726       1.9118
    3727       1.9452
    3728       1.9442
    3729       2.0456
    3730       2.0657
    3731       1.9655
    3732       1.9085
    3733       1.9911
    3734       1.9308
    3735       2.0437
    3736       1.9919
    3737       2.0432
    3738       2.1218
    3739       2.1589
    3740       2.0486
    3741       2.0347
    3742       1.8796
    3743       1.8593
    3744       2.0512
    3745       2.0075
    3746       1.7921
    3747       1.7779
    3748       1.9715
    3749       2.0521
    3750       2.0286
    3751       1.9227
    3752       1.8627
    3753       1.9974
    3754       1.9962
    3755       1.9821
    3756       1.7814
    3757       1.9290
    3758       1.9791
    3759       2.0422
    3760       1.9922
    3761       1.8333
    3762       1.8233
    3763       1.8685
    3764       1.8148
    3765       1.9420
    3766       1.6678
    3767       1.7425
    3768       1.8127
    3769       1.7574
    3770       1.7867
    3771       1.6438
    3772       1.7023
    3773       1.8361
    3774       1.9394
    3775       1.8694
    3776       1.8690
    3777       1.8296
    3778       1.7661
    3779       1.8354
    3780       2.0766
    3781       1.8560
    3782       1.8171
    3783       1.8969
    3784       2.1017
    3785       2.1953
    3786       2.0040
    3787       2.2594
    3788       2.3219
    3789       2.2460
    3790       2.0760
    3791       1.9833
    3792       2.1478
    3793       2.0387
    3794       2.2170
    3795       2.1881
    3796       2.0392
    3797       2.1094
    3798       2.0739
    3799       2.1783
    3800       2.2169
    3801       1.9897
    3802       1.9453
    3803       1.9929
    3804       2.0709
    3805       1.9432
    3806       1.9549
    3807       1.9105
    3808       1.8760
    3809       1.7837
    3810       1.6026
    3811       1.7133
    3812       1.7169
    3813       1.8023
    3814       1.8462
    3815       1.9097
    3816       2.0149
    3817       2.0756
    3818       2.0744
    3819       2.0019
    3820       2.0897
    3821       1.8340
    3822       1.8306
    3823       1.8319
    3824       1.8394
    3825       1.8492
    3826       1.9574
    3827       2.0134
    3828       1.9084
    3829       1.8390
    3830       1.8806
    3831       1.9346
    3832       1.8856
    3833       1.9309
    3834       2.0692
    3835       2.0843
    3836       1.9546
    3837       1.8734
    3838       1.7651
    3839       1.8980
    3840       1.9143
    3841       1.8192
    3842       1.8037
    3843       1.7804
    3844       1.5767
    3845       1.7259
    3846       1.7051
    3847       1.6592
    3848       1.6537
    3849       1.6415
    3850       1.7163
    3851       1.7550
    3852       1.8231
    3853       1.7398
    3854       1.7507
    3855       1.7094
    3856       1.8004
    3857       1.6868
    3858       1.7182
    3859       1.7434
    3860       1.8039
    3861       1.9131
    3862       1.8238
    3863       1.8197
    3864       1.7782
    3865       1.7940
    3866       1.7267
    3867       1.7783
    3868       1.7705
    3869       1.8564
    3870       1.7895
    3871       1.9066
    3872       1.7985
    3873       1.9391
    3874       1.7687
    3875       1.6923
    3876       1.8463
    3877       1.8566
    3878       1.7981
    3879       1.9338
    3880       1.9067
    3881       1.7589
    3882       1.7985
    3883       1.8575
    3884       1.7668
    3885       1.8892
    3886       1.8833
    3887       1.9080
    3888       1.7515
    3889       1.7551
    3890       1.8174
    3891       1.6359
    3892       1.7306
    3893       1.6426
    3894       1.6654
    3895       1.7001
    3896       1.6573
    3897       1.8520
    3898       1.7278
    3899       1.6467
    3900       1.6767
    3901       1.7902
    3902       1.7993
    3903       1.7901
    3904       1.6841
    3905       1.6683
    3906       1.7045
    3907       1.8194
    3908       1.8951
    3909       1.8518
    3910       2.0592
    3911       2.1339
    3912       2.1683
    3913       2.1956
    3914       2.0511
    3915       2.0014
    3916       2.2302
    3917       2.0967
    3918       1.9605
    3919       1.9925
    3920       2.0957
    3921       2.0925
    3922       2.1613
    3923       2.1777
    3924       2.0735
    3925       2.1862
    3926       2.1719
    3927       2.1069
    3928       2.1960
    3929       2.2432
    3930       2.5858
    3931       2.7083
    3932       2.5096
    3933       2.3047
    3934       2.4301
    3935       2.2790
    3936       2.1768
    3937       2.1472
    3938       2.0661
    3939       2.0424
    3940       1.9471
    3941       1.8746
    3942       2.0201
    3943       1.9738
    3944       1.9607
    3945       1.8274
    3946       1.7941
    3947       1.8606
    3948       1.8716
    3949       1.9432
    3950       2.0803
    3951       2.0990
    3952       2.1896
    3953       2.1895
    3954       2.1356
    3955       2.1819
    3956       2.1397
    3957       2.1113
    3958       1.9465
    3959       1.7747
    3960       1.8003
    3961       2.0157
    3962       1.9689
    3963       1.9321
    3964       2.1726
    3965       2.0791
    3966       1.9750
    3967       1.7568
    3968       1.7600
    3969       1.8084
    3970       1.8012
    3971       1.8688
    3972       1.8438
    3973       2.0292
    3974       2.2040
    3975       2.0596
    3976       2.0139
    3977       2.0919
    3978       1.8521
    3979       1.8966
    3980       1.7840
    3981       1.8839
    3982       1.9000
    3983       1.8566
    3984       1.8612
    3985       1.9014
    3986       1.9093
    3987       1.9679
    3988       1.9663
    3989       2.0038
    3990       1.8765
    3991       1.9303
    3992       2.1062
    3993       2.2281
    3994       1.9833
    3995       1.8041
    3996       2.0096
    3997       1.8953
    3998       1.9712
    3999       2.0594
    4000       2.0236
    4001       1.9559
    4002       1.9416
    4003       1.9641
    4004       1.9513
    4005       1.9783
    4006       1.8381
    4007       1.8015
    4008       1.8245
    4009       1.7845
    4010       1.6772
    4011       1.8000
    4012       1.7871
    4013       1.7144
    4014       1.7934
    4015       1.8400
    4016       1.7636
    4017       1.7774
    4018       1.8745
    4019       1.8896
    4020       1.9016
    4021       1.9857
    4022       1.9481
    4023       1.9349
    4024       2.0875
    4025       1.9182
    4026       1.8547
    4027       1.9087
    4028       2.0094
    4029       1.9994
    4030       1.9883
    4031       1.9647
    4032       2.0783
    4033       2.1208
    4034       1.9294
    4035       1.8968
    4036       1.9068
    4037       1.8893
    4038       1.8072
    4039       1.7736
    4040       1.8773
    4041       1.8748
    4042       1.9593
    4043       1.9629
    4044       1.9521
    4045       1.8625
    4046       1.8437
    4047       1.7577
    4048       1.9460
    4049       1.8121
    4050       1.8959
    4051       1.7800
    4052       1.8156
    4053       1.8024
    4054       1.8748
    4055       1.8370
    4056       1.8745
    4057       1.8014
    4058       1.7622
    4059       1.8033
    4060       1.9424
    4061       1.6993
    4062       1.7418
    4063       1.7284
    4064       1.8355
    4065       1.8462
    4066       1.7021
    4067       1.6862
    4068       1.7011
    4069       1.7388
    4070       1.7594
    4071       1.8990
    4072       1.7877
    4073       1.7415
    4074       1.9109
    4075       2.0072
    4076       1.8895
    4077       1.9255
    4078       1.8533
    4079       1.8290
    4080       1.8299
    4081       2.0186
    4082       1.7650
    4083       1.8208
    4084       1.7457
    4085       1.7022
    4086       1.7583
    4087       1.8295
    4088       1.7500
    4089       1.8440
    4090       2.0497
    4091       1.9290
    4092       1.8590
    4093       1.8335
    4094       1.7769
    4095       1.9165
    4096       1.8341
    4097       1.8223
    4098       1.7005
    4099       1.8051
    4100       1.7883
    4101       1.8703
    4102       1.8903
    4103       1.8078
    4104       1.8384
    4105       1.9137
    4106       1.8644
    4107       1.8116
    4108       1.7617
    4109       1.8403
    4110       1.8605
    4111       1.7637
    4112       1.9107
    4113       1.9102
    4114       1.8413
    4115       1.8788
    4116       1.9084
    4117       1.7943
    4118       1.8565
    4119       1.8495
    4120       2.0109
    4121       2.0674
    4122       2.1416
    4123       2.1059
    4124       2.1806
    4125       2.0014
    4126       1.9145
    4127       1.9364
    4128       1.9071
    4129       2.0825
    4130       2.0997
    4131       2.1165
    4132       1.9806
    4133       2.0187
    4134       1.9954
    4135       2.0384
    4136       2.0309
    4137       2.0719
    4138       1.9573
    4139       1.8893
    4140       1.9458
    4141       2.0564
    4142       2.1868
    4143       1.9239
    4144       1.9241
    4145       1.9761
    4146       2.0318
    4147       2.2141
    4148       2.1945
    4149       2.0139
    4150       2.0971
    4151       2.0783
    4152       2.1936
    4153       2.1841
    4154       2.1861
    4155       2.0455
    4156       2.0359
    4157       1.9833
    4158       1.8951
    4159       1.9703
    4160       1.7402
    4161       1.9414
    4162       2.0717
    4163       2.0351
    4164       2.0440
    4165       2.0485
    4166       1.8301
    4167       1.8507
    4168       1.7600
    4169       1.8984
    4170       1.8505
    4171       1.7657
    4172       1.7655
    4173       1.7693
    4174       1.7987
    4175       1.7029
    4176       1.7498
    4177       1.8611
    4178       1.9098
    4179       1.6998
    4180       1.8059
    4181       1.6980
    4182       1.7474
    4183       1.8768
    4184       1.9595
    4185       1.8421
    4186       1.9108
    4187       1.9388
    4188       1.8623
    4189       1.7713
    4190       1.7830
    4191       1.6620
    4192       1.8810
    4193       1.8168
    4194       1.8177
    4195       1.8423
    4196       1.7171
    4197       1.8017
    4198       1.8127
    4199       1.7322
    4200       1.7990
    4201       1.7835
    4202       1.8187
    4203       1.7969
    4204       1.8734
    4205       1.9239
    4206       1.9602
    4207       1.7969
    4208       1.9413
    4209       1.9267
    4210       1.9678
    4211       1.9270
    4212       2.0106
    4213       1.8391
    4214       1.7425
    4215       1.7541
    4216       1.8143
    4217       1.7294
    4218       1.6478
    4219       1.8293
    4220       1.7928
    4221       1.9467
    4222       1.8383
    4223       1.7394
    4224       1.8516
    4225       1.8769
    4226       2.1211
    4227       1.8777
    4228       1.8767
    4229       1.9416
    4230       1.8685
    4231       2.0247
    4232       2.0136
    4233       2.0809
    4234       2.0083
    4235       2.1830
    4236       2.2962
    4237       2.0963
    4238       2.0682
    4239       1.9827
    4240       1.9288
    4241       2.0431
    4242       2.1272
    4243       2.2579
    4244       2.1918
    4245       2.2304
    4246       2.0170
    4247       2.1306
    4248       1.9620
    4249       2.2207
    4250       2.1056
    4251       2.2072
    4252       2.2611
    4253       2.1620
    4254       2.0522
    4255       2.3480
    4256       2.3254
    4257       2.3474
    4258       1.9874
    4259       2.0001
    4260       2.0223
    4261       2.0798
    4262       2.0121
    4263       1.8336
    4264       1.8924
    4265       1.7010
    4266       1.8014
    4267       1.7831
    4268       1.8616
    4269       1.8786
    4270       1.9058
    4271       1.9743
    4272       1.9394
    4273       2.0329
    4274       2.0701
    4275       2.0373
    4276       2.0561
    4277       2.1108
    4278       2.1677
    4279       2.1615
    4280       2.2900
    4281       2.2531
    4282       2.2397
    4283       2.2141
    4284       2.2755
    4285       2.2459
    4286       2.1986
    4287       2.2833
    4288       2.1766
    4289       2.2236
    4290       2.1944
    4291       2.1631
    4292       2.1314
    4293       2.1459
    4294       2.0595
    4295       2.1692
    4296       2.3489
    4297       2.3659
    4298       2.2816
    4299       2.2995
    4300       2.3661
    4301       2.3698
    4302       2.2328
    4303       2.2508
    4304       2.2249
    4305       2.2966
    4306       2.3642
    4307       2.2374
    4308       2.1381
    4309       2.0888
    4310       2.1073
    4311       2.0513
    4312       2.3746
    4313       2.1577
    4314       2.2371
    4315       2.1957
    4316       2.2385
    4317       2.2736
    4318       2.3952
    4319       2.3899
    4320       2.3566
    4321       2.4101
    4322       2.4626
    4323       2.3195
    4324       2.4543
    4325       2.3714
    4326       2.2157
    4327       2.1832
    4328       1.9744
    4329       2.0830
    4330       2.1164
    4331       2.1078
    4332       2.0020
    4333       2.1023
    4334       2.1437
    4335       2.0808
    4336       2.0066
    4337       2.0619
    4338       2.0222
    4339       2.1144
    4340       2.0001
    4341       2.0253
    4342       2.0975
    4343       2.0189
    4344       1.8981
    4345       2.1003
    4346       1.9951
    4347       2.0116
    4348       1.9327
    4349       1.8864
    4350       1.9894
    4351       2.1404
    4352       2.1150
    4353       2.1732
    4354       2.2148
    4355       2.0454
    4356       2.0650
    4357       1.9659
    4358       1.8954
    4359       1.9820
    4360       2.0809
    4361       1.9481
    4362       1.9144
    4363       2.1047
    4364       2.0158
    4365       2.1214
    4366       2.1475
    4367       1.9849
    4368       2.0778
    4369       2.0193
    4370       2.1986
    4371       2.3206
    4372       2.2007
    4373       2.0840
    4374       2.1331
    4375       2.1740
    4376       1.9800
    4377       2.0164
    4378       2.1579
    4379       2.0702
    4380       2.0713
    4381       1.9309
    4382       1.8084
    4383       2.0011
    4384       2.3532
    4385       2.2536
    4386       2.1130
    4387       2.1113
    4388       2.3034
    4389       2.3777
    4390       2.3651
    4391       2.5055
    4392       2.3503
    4393       2.2842
    4394       2.1980
    4395       2.2894
    4396       2.3158
    4397       2.4212
    4398       2.5933
    4399       2.6031
    4400       2.4414
    4401       2.5808
    4402       2.5012
    4403       2.1585
    4404       2.2475
    4405       2.4391
    4406       2.1986
    4407       2.1899
    4408       2.1115
    4409       2.0320
    4410       2.0582
    4411       1.9134
    4412       1.8517
    4413       1.8524
    4414       1.8512
    4415       1.9842
    4416       2.0450
    4417       1.9067
    4418       1.7620
    4419       1.8464
    4420       1.7884
    4421       1.8938
    4422       2.0495
    4423       2.1054
    4424       2.0048
    4425       2.1082
    4426       2.1360
    4427       2.0515
    4428       2.2058
    4429       2.1940
    4430       2.1926
    4431       2.2270
    4432       2.1675
    4433       2.1491
    4434       2.2419
    4435       2.2360
    4436       2.4063
    4437       1.9294
    4438       2.1201
    4439       2.0119
    4440       2.0632
    4441       2.0068
    4442       2.1036
    4443       2.2398
    4444       2.1943
    4445       2.1866
    4446       2.1005
    4447       2.3947
    4448       2.1987
    4449       2.0077
    4450       1.9604
    4451       2.0119
    4452       1.9750
    4453       2.1464
    4454       2.1818
    4455       2.2105
    4456       2.4048
    4457       2.5265
    4458       2.5722
    4459       2.2106
    4460       2.2033
    4461       2.2424
    4462       2.1889
    4463       2.0837
    4464       1.9451
    4465       2.0092
    4466       2.1545
    4467       2.1868
    4468       2.0698
    4469       1.9425
    4470       1.8490
    4471       1.8102
    4472       1.9043
    4473       1.7867
    4474       1.8044
    4475       1.8807
    4476       1.7775
    4477       1.9285
    4478       1.9743
    4479       1.9119
    4480       2.0142
    4481       1.9476
    4482       2.0447
    4483       2.0273
    4484       2.1500
    4485       2.1394
    4486       2.1308
    4487       2.1299
    4488       2.0124
    4489       2.2917
    4490       2.0505
    4491       2.0445
    4492       2.1135
    4493       2.1032
    4494       2.1049
    4495       2.0355
    4496       2.0328
    4497       2.1926
    4498       1.9554
    4499       1.8300
    4500       1.8027
    4501       1.6779
    4502       1.7588
    4503       1.7561
    4504       1.7332
    4505       1.8576
    4506       1.8408
    4507       1.8976
    4508       1.9517
    4509       1.9302
    4510       2.1604
    4511       1.8903
    4512       1.9060
    4513       1.8034
    4514       1.7820
    4515       1.8537
    4516       1.8513
    4517       1.9173
    4518       1.9045
    4519       1.8727
    4520       1.8362
    4521       2.0338
    4522       2.0229
    4523       2.0746
    4524       2.1495
    4525       2.1235
    4526       2.0027
    4527       2.0262
    4528       2.2342
    4529       1.9476
    4530       1.9712
    4531       1.9311
    4532       1.7098
    4533       1.9540
    4534       1.8870
    4535       1.8896
    4536       1.9007
    4537       1.9681
    4538       1.9510
    4539       1.9696
    4540       1.8179
    4541       1.9086
    4542       1.9378
    4543       2.0290
    4544       1.9692
    4545       2.0352
    4546       2.1861
    4547       2.3191
    4548       2.1348
    4549       2.1487
    4550       2.0881
    4551       2.0664
    4552       1.9677
    4553       2.0105
    4554       1.8437
    4555       1.9379
    4556       2.0155
    4557       2.0915
    4558       2.0121
    4559       2.0158
    4560       2.0252
    4561       1.9230
    4562       2.1915
    4563       2.0342
    4564       1.8898
    4565       2.0339
    4566       2.0237
    4567       2.1066
    4568       2.2213
    4569       2.3400
    4570       2.1023
    4571       2.0803
    4572       2.2704
    4573       2.1714
    4574       2.3052
    4575       2.1132
    4576       2.3446
    4577       2.4271
    4578       2.2019
    4579       2.0936
    4580       2.1293
    4581       2.0961
    4582       2.1841
    4583       2.1788
    4584       2.0477
    4585       2.1563
    4586       2.2415
    4587       2.1371
    4588       2.0627
    4589       1.9428
    4590       1.9680
    4591       1.8575
    4592       1.9564
    4593       1.8953
    4594       2.1628
    4595       2.0800
    4596       2.1098
    4597       2.2134
    4598       2.3400
    4599       2.3190
    4600       2.2216
    4601       2.0913
    4602       2.1378
    4603       2.1097
    4604       2.0314
    4605       2.1234
    4606       2.1418
    4607       2.2778
    4608       2.2464
    4609       2.2738
    4610       2.3614
    4611       2.1730
    4612       2.2752
    4613       2.4072
    4614       2.2521
    4615       2.1019
    4616       2.2468
    4617       1.9952
    4618       1.9921
    4619       1.9957
    4620       1.7767
    4621       1.7534
    4622       1.6882
    4623       1.7435
    4624       1.8797
    4625       1.8922
    4626       1.8556
    4627       1.9588
    4628       1.8332
    4629       2.0012
    4630       1.8952
    4631       1.7765
    4632       1.9129
    4633       1.9008
    4634       2.0988
    4635       1.9562
    4636       2.0172
    4637       1.9356
    4638       2.0648
    4639       2.0104
    4640       1.8394
    4641       1.8405
    4642       1.8165
    4643       1.7722
    4644       1.7449
    4645       1.7741
    4646       1.9912
    4647       1.8927
    4648       1.8330
    4649       1.8787
    4650       1.8191
    4651       1.8275
    4652       1.7459
    4653       1.7809
    4654       1.6501
    4655       1.7819
    4656       1.6815
    4657       1.7759
    4658       1.7851
    4659       1.8212
    4660       1.8174
    4661       1.8430
    4662       1.7966
    4663       1.7941
    4664       1.6952
    4665       1.8883
    4666       1.9625
    4667       2.0697
    4668       2.0194
    4669       2.0385
    4670       1.8434
    4671       1.8586
    4672       1.7558
    4673       1.8146
    4674       1.8159
    4675       1.7855
    4676       1.7957
    4677       1.9616
    4678       1.8380
    4679       1.8983
    4680       1.8059
    4681       1.8741
    4682       1.7941
    4683       1.8876
    4684       1.8530
    4685       1.9090
    4686       1.9299
    4687       2.0624
    4688       2.2234
    4689       2.0574
    4690       2.0101
    4691       1.8186
    4692       1.8675
    4693       1.8013
    4694       1.7551
    4695       1.8325
    4696       1.8200
    4697       2.0010
    4698       1.8769
    4699       1.7837
    4700       1.6807
    4701       1.7312
    4702       1.7057
    4703       1.8644
    4704       1.8000
    4705       1.8713
    4706       2.0947
    4707       2.2272
    4708       2.2038
    4709       2.1223
    4710       1.8771
    4711       1.8938
    4712       1.8083
    4713       1.8501
    4714       1.7698
    4715       1.6225
    4716       1.6138
    4717       1.7509
    4718       1.7344
    4719       1.5993
    4720       1.6677
    4721       1.6667
    4722       1.7294
    4723       1.8097
    4724       1.6917
    4725       1.6295
    4726       1.6934
    4727       1.7175
    4728       1.8783
    4729       1.8313
    4730       1.7684
    4731       1.9035
    4732       2.0721
    4733       1.9261
    4734       1.9565
    4735       2.0138
    4736       2.0806
    4737       2.1972
    4738       2.4200
    4739       2.4462
    4740       2.4615
    4741       2.6029
    4742       2.6547
    4743       2.6976
    4744       2.5406
    4745       2.3926
    4746       2.4977
    4747       2.4515
    4748       2.3732
    4749       2.1385
    4750       2.0339
    4751       2.0406
    4752       2.1370
    4753       1.9942
    4754       2.1029
    4755       2.0515
    4756       2.0661
    4757       1.9424
    4758       1.8801
    4759       2.0730
    4760       1.9766
    4761       1.8355
    4762       1.8969
    4763       1.8886
    4764       2.1391
    4765       2.1343
    4766       2.0914
    4767       2.1638
    4768       2.3659
    4769       2.3517
    4770       2.2337
    4771       2.0022
    4772       2.2824
    4773       2.5300
    4774       2.4360
    4775       2.5861
    4776       2.3256
    4777       2.0712
    4778       2.0243
    4779       2.0774
    4780       1.8962
    4781       1.9876
    4782       2.0717
    4783       1.8915
    4784       1.8584
    4785       1.9775
    4786       1.9760
    4787       2.0054
    4788       2.0158
    4789       1.9795
    4790       1.9729
    4791       2.0281
    4792       2.0246
    4793       1.7822
    4794       1.8547
    4795       1.8884
    4796       1.8891
    4797       1.9643
    4798       2.0518
    4799       1.9454
    4800       1.9965
    4801       2.1192
    4802       2.2405
    4803       2.0786
    4804       2.2147
    4805       2.3313
    4806       2.1802
    4807       2.3502
    4808       2.1672
    4809       2.1179
    4810       1.9424
    4811       1.9280
    4812       1.7869
    4813       1.8103
    4814       1.8970
    4815       1.9354
    4816       2.0357
    4817       2.0575
    4818       2.0456
    4819       2.0901
    4820       2.1154
    4821       2.1568
    4822       2.0220
    4823       1.9895
    4824       2.0920
    4825       1.9101
    4826       1.9656
    4827       1.8273
    4828       1.9299
    4829       1.9301
    4830       1.9622
    4831       2.1331
    4832       2.0198
    4833       2.0160
    4834       2.0258
    4835       1.9029
    4836       2.0263
    4837       2.0830
    4838       2.0097
    4839       2.1213
    4840       2.0143
    4841       1.9700
    4842       2.1993
    4843       2.1424
    4844       2.1892
    4845       2.1481
    4846       2.0883
    4847       1.9704
    4848       2.1496
    4849       2.0834
    4850       2.2462
    4851       2.0620
    4852       1.9713
    4853       2.0608
    4854       2.0734
    4855       2.1512
    4856       2.0663
    4857       1.9718
    4858       2.0913
    4859       2.2369
    4860       2.1658
    4861       2.1103
    4862       2.0218
    4863       2.2250
    4864       2.1078
    4865       2.1899
    4866       2.1735
    4867       1.8969
    4868       1.9012
    4869       1.8345
    4870       1.8977
    4871       1.8368
    4872       1.9729
    4873       1.7945
    4874       1.9003
    4875       1.8495
    4876       1.9053
    4877       1.8849
    4878       1.9652
    4879       1.9165
    4880       2.0203
    4881       1.9704
    4882       1.9669
    4883       1.9631
    4884       1.9138
    4885       1.8371
    4886       1.7639
    4887       1.8939
    4888       2.0893
    4889       2.0418
    4890       2.0894
    4891       2.2681
    4892       2.1052
    4893       2.1359
    4894       2.0810
    4895       1.9897
    4896       1.9843
    4897       2.0027
    4898       1.9699
    4899       2.0741
    4900       2.1790
    4901       2.2420
    4902       2.2066
    4903       2.3163
    4904       2.2712
    4905       2.2501
    4906       2.1925
    4907       2.3280
    4908       2.2093
    4909       2.1716
    4910       2.0993
    4911       2.1727
    4912       2.0435
    4913       2.0075
    4914       1.9565
    4915       1.9961
    4916       2.0361
    4917       2.0330
    4918       2.1228
    4919       2.0774
    4920       2.1394
    4921       2.1539
    4922       1.9519
    4923       1.9887
    4924       2.0491
    4925       2.1714
    4926       2.1956
    4927       2.2057
    4928       2.2444
    4929       2.3101
    4930       2.4323
    4931       2.3029
    4932       2.3746
    4933       2.0792
    4934       2.0352
    4935       2.0576
    4936       1.9877
    4937       2.1335
    4938       2.0970
    4939       2.1027
    4940       2.1976
    4941       2.0603
    4942       2.0663
    4943       2.1083
    4944       2.0751
    4945       2.0577
    4946       2.0217
    4947       1.8222
    4948       1.8909
    4949       1.8741
    4950       1.9014
    4951       1.8986
    4952       1.7629
    4953       1.8106
    4954       1.7980
    4955       1.8926
    4956       1.9603
    4957       1.9686
    4958       1.8636
    4959       1.9091
    4960       1.8654
    4961       1.9279
    4962       1.8600
    4963       1.8652
    4964       1.9589
    4965       1.9553
    4966       2.0239
    4967       1.9249
    4968       2.0150
    4969       1.8914
    4970       1.8443
    4971       1.8806
    4972       1.7645
    4973       1.8071
    4974       1.9665
    4975       2.0567
    4976       2.0540
    4977       2.0905
    4978       1.8714
    4979       1.9410
    4980       1.9115
    4981       2.0960
    4982       2.0153
    4983       2.0407
    4984       2.0491
    4985       2.0618
    4986       1.9751
    4987       1.8750
    4988       1.9652
    4989       1.9478
    4990       2.1817
    4991       2.2422
    4992       2.0655
    4993       2.1007
    4994       2.1756
    4995       2.2949
    4996       2.2704
    4997       2.2412
    4998       2.0882
    4999       2.1284
    5000       1.9866
    5001       2.0654
    5002       2.2473
    5003       2.1017
    5004       2.0429
    5005       2.1629
    5006       2.0536
    5007       1.9599
    5008       2.1349
    5009       2.1539
    5010       2.2198
    5011       2.0028
    5012       2.1426
    5013       1.9702
    5014       2.1004
    5015       2.0625
    5016       1.8771
    5017       1.9715
    5018       1.9763
    5019       2.0508
    5020       2.0413
    5021       2.0281
    5022       1.9444
    5023       1.8965
    5024       1.8490
    5025       1.8243
    5026       1.8157
    5027       1.8488
    5028       2.0404
    5029       1.7426
    5030       1.8227
    5031       1.7933
    5032       1.8176
    5033       1.8120
    5034       1.8201
    5035       1.8170
    5036       1.9902
    5037       1.9260
    5038       1.9185
    5039       1.8597
    5040       1.8552
    5041       1.7394
    5042       1.6914
    5043       1.6606
    5044       1.6651
    5045       1.7593
    5046       1.6888
    5047       1.6929
    5048       1.7716
    5049       1.7213
    5050       1.8472
    5051       1.7275
    5052       1.8838
    5053       1.9202
    5054       1.8601
    5055       1.8189
    5056       1.8640
    5057       2.0004
    5058       1.9178
    5059       1.9639
    5060       2.0069
    5061       2.0407
    5062       1.7824
    5063       1.8924
    5064       1.9448
    5065       1.9573
    5066       1.8496
    5067       1.8783
    5068       1.7950
    5069       1.7835
    5070       1.8213
    5071       1.8779
    5072       1.9204
    5073       1.7750
    5074       1.7861
    5075       1.8530
    5076       1.8626
    5077       1.7961
    5078       1.8258
    5079       1.7819
    5080       1.8220
    5081       1.7587
    5082       1.8030
    5083       1.8770
    5084       1.9301
    5085       2.1385
    5086       2.0271
    5087       1.8517
    5088       1.9729
    5089       1.9389
    5090       1.8122
    5091       1.7394
    5092       1.7918
    5093       1.7851
    5094       1.7419
    5095       1.7396
    5096       1.6947
    5097       1.6744
    5098       1.6457
    5099       1.5127
    5100       1.5277
    5101       1.7112
    5102       1.6807
    5103       1.8141
    5104       1.8971
    5105       1.8575
    5106       1.8975
    5107       1.9399
    5108       1.8777
    5109       1.9137
    5110       1.8601
    5111       1.8030
    5112       1.9948
    5113       2.0463
    5114       2.0616
    5115       2.0849
    5116       1.9734
    5117       2.1774
    5118       2.1199
    5119       2.1718
    5120       2.2372
    5121       2.0907
    5122       2.0804
    5123       2.0185
    5124       2.1168
    5125       1.8084
    5126       1.9023
    5127       1.8942
    5128       1.9528
    5129       1.8498
    5130       1.8515
    5131       1.7867
    5132       1.7876
    5133       1.8220
    5134       1.8957
    5135       1.8347
    5136       1.9488
    5137       1.9508
    5138       1.8917
    5139       1.9257
    5140       1.7251
    5141       1.8555
    5142       1.8976
    5143       1.9750
    5144       2.0510
    5145       2.2765
    5146       2.1937
    5147       2.1446
    5148       2.1770
    5149       2.0682
    5150       2.1119
    5151       2.0869
    5152       2.2607
    5153       2.2406
    5154       2.1507
    5155       2.0177
    5156       2.1156
    5157       2.1979
    5158       2.1043
    5159       2.0367
    5160       1.9858
    5161       2.0061
    5162       1.9982
    5163       1.8663
    5164       1.6909
    5165       1.7835
    5166       1.8363
    5167       1.9412
    5168       2.1077
    5169       2.2061
    5170       2.0303
    5171       2.1415
    5172       2.1035
    5173       2.2318
    5174       2.0012
    5175       1.9709
    5176       2.0553
    5177       2.0868
    5178       2.1653
    5179       2.1152
    5180       2.2173
    5181       2.1065
    5182       2.2542
    5183       2.1545
    5184       2.0121
    5185       2.1378
    5186       2.1733
    5187       2.1654
    5188       2.1849
    5189       2.2054
    5190       2.0946
    5191       2.1303
    5192       1.9527
    5193       2.0255
    5194       2.0086
    5195       2.0729
    5196       2.1165
    5197       1.8587
    5198       1.8657
    5199       1.7478
    5200       1.8159
    5201       1.8582
    5202       1.8995
    5203       1.7126
    5204       1.9195
    5205       1.7726
    5206       1.9243
    5207       1.9493
    5208       1.8553
    5209       1.8018
    5210       1.8402
    5211       1.6962
    5212       1.7655
    5213       1.8465
    5214       1.8310
    5215       1.8773
    5216       1.9033
    5217       1.8822
    5218       1.7873
    5219       1.7928
    5220       1.8076
    5221       2.0251
    5222       2.0265
    5223       1.7864
    5224       1.8093
    5225       1.6192
    5226       1.5364
    5227       1.6062
    5228       1.6151
    5229       1.7672
    5230       1.6731
    5231       1.7082
    5232       1.7213
    5233       1.5252
    5234       1.6876
    5235       1.5591
    5236       1.6391
    5237       1.6597
    5238       1.6695
    5239       1.7481
    5240       1.6698
    5241       1.7055
    5242       1.7606
    5243       1.6916
    5244       1.9642
    5245       1.6572
    5246       1.7448
    5247       1.6427
    5248       1.8249
    5249       1.7407
    5250       1.8013
    5251       1.6802
    5252       1.7050
    5253       1.7634
    5254       1.9297
    5255       2.0215
    5256       1.9354
    5257       1.7656
    5258       1.8267
    5259       1.7511
    5260       1.7648
    5261       1.8610
    5262       1.7798
    5263       1.8039
    5264       1.8712
    5265       1.8388
    5266       1.7898
    5267       1.9885
    5268       1.9664
    5269       2.0251
    5270       1.8534
    5271       2.0147
    5272       2.0498
    5273       1.8574
    5274       1.9001
    5275       1.9891
    5276       2.0878
    5277       2.0096
    5278       1.7759
    5279       1.7888
    5280       1.7424
    5281       1.7940
    5282       1.8153
    5283       1.7562
    5284       1.7568
    5285       1.8160
    5286       1.8801
    5287       1.7687
    5288       1.7882
    5289       1.7212
    5290       1.6084
    5291       1.6701
    5292       1.7851
    5293       1.5920
    5294       1.8012
    5295       1.5910
    5296       1.6517
    5297       1.5568
    5298       1.6302
    5299       1.6736
    5300       1.7715
    5301       1.7595
    5302       1.6919
    5303       1.7782
    5304       1.8124
    5305       1.6394
    5306       1.7979
    5307       1.6529
    5308       1.6565
    5309       1.6436
    5310       1.6603
    5311       1.7207
    5312       1.7825
    5313       1.9146
    5314       1.9084
    5315       1.9127
    5316       1.9448
    5317       1.9466
    5318       1.9322
    5319       1.8419
    5320       1.7175
    5321       1.7444
    5322       1.6737
    5323       1.7537
    5324       1.7055
    5325       1.6702
    5326       1.6799
    5327       1.7210
    5328       1.7685
    5329       1.7899
    5330       1.7131
    5331       1.7091
    5332       1.7382
    5333       1.6818
    5334       1.7119
    5335       1.8338
    5336       1.7160
    5337       1.7576
    5338       1.6888
    5339       1.7860
    5340       1.8714
    5341       1.7327
    5342       1.6710
    5343       1.7110
    5344       1.6815
    5345       1.6409
    5346       1.7081
    5347       1.8575
    5348       1.9138
    5349       1.7695
    5350       1.7697
    5351       1.7612
    5352       1.8129
    5353       1.8163
    5354       1.6152
    5355       1.6556
    5356       1.8252
    5357       1.9837
    5358       1.8521
    5359       1.8536
    5360       1.8974
    5361       1.8085
    5362       1.9764
    5363       1.7951
    5364       1.7335
    5365       1.7095
    5366       1.6219
    5367       1.6979
    5368       1.7110
    5369       1.8431
    5370       1.8675
    5371       1.7224
    5372       1.7957
    5373       1.7925
    5374       1.8129
    5375       1.9010
    5376       1.8380
    5377       1.9063
    5378       1.7579
    5379       1.8115
    5380       1.8829
    5381       1.8920
    5382       1.7395
    5383       1.7310
    5384       1.6954
    5385       1.7169
    5386       1.7431
    5387       1.6136
    5388       1.7358
    5389       1.6516
    5390       1.6940
    5391       1.7182
    5392       1.7754
    5393       1.7768
    5394       1.6828
    5395       1.6725
    5396       1.6589
    5397       1.7077
    5398       1.8165
    5399       1.9205
    5400       1.8358
    5401       1.6963
    5402       1.7368
    5403       1.7485
    5404       1.8865
    5405       1.7414
    5406       1.6273
    5407       1.5619
    5408       1.6079
    5409       1.7460
    5410       1.7933
    5411       1.8257
    5412       1.7337
    5413       1.7236
    5414       1.8091
    5415       1.7611
    5416       1.7825
    5417       1.8154
    5418       1.8373
    5419       1.8380
    5420       1.8314
    5421       1.8165
    5422       1.8345
    5423       1.8936
    5424       1.8227
    5425       1.8463
    5426       1.8968
    5427       1.8092
    5428       1.7667
    5429       1.7158
    5430       1.8327
    5431       1.8156
    5432       1.7723
    5433       1.7764
    5434       1.7849
    5435       1.7390
    5436       1.7965
    5437       1.9759
    5438       2.0804
    5439       2.2158
    5440       2.1474
    5441       2.0262
    5442       2.2048
    5443       2.2513
    5444       2.4245
    5445       2.6545
    5446       2.5122
    5447       2.5131
    5448       2.5035
    5449       2.2833
    5450       2.3213
    5451       2.2430
    5452       2.2036
    5453       2.3152
    5454       2.2308
    5455       2.2059
    5456       2.2090
    5457       2.1499
    5458       2.1401
    5459       2.1020
    5460       2.2511
    5461       2.1600
    5462       1.9517
    5463       1.8484
    5464       1.7176
    5465       1.8378
    5466       1.7965
    5467       1.8403
    5468       1.8389
    5469       1.9244
    5470       1.8623
    5471       1.8587
    5472       1.8472
    5473       1.9412
    5474       1.9248
    5475       1.8413
    5476       1.9342
    5477       1.7957
    5478       1.9458
    5479       1.8765
    5480       1.6958
    5481       1.5433
    5482       1.5744
    5483       1.7000
    5484       1.5845
    5485       1.6918
    5486       1.6299
    5487       1.8111
    5488       1.8898
    5489       1.7937
    5490       1.9229
    5491       1.8110
    5492       1.8187
    5493       1.7424
    5494       1.8863
    5495       1.7947
    5496       1.7937
    5497       1.8013
    5498       1.5647
    5499       1.6941
    5500       1.7660
    5501       1.6689
    5502       1.8147
    5503       1.8902
    5504       1.8425
    5505       1.9834
    5506       1.6866
    5507       1.6312
    5508       1.7128
    5509       1.7625
    5510       1.7291
    5511       1.7965
    5512       1.7672
    5513       1.8952
    5514       1.7823
    5515       1.7720
    5516       1.7950
    5517       1.7603
    5518       1.7169
    5519       1.7572
    5520       1.8157
    5521       1.8486
    5522       1.7747
    5523       1.7699
    5524       1.7276
    5525       1.7907
    5526       1.8685
    5527       1.7675
    5528       1.8043
    5529       2.0014
    5530       1.8859
    5531       1.8331
    5532       1.9378
    5533       1.9925
    5534       1.8142
    5535       1.7456
    5536       1.7627
    5537       1.7129
    5538       1.7563
    5539       1.8468
    5540       1.8258
    5541       2.0055
    5542       1.9663
    5543       1.9972
    5544       2.1150
    5545       1.9902
    5546       1.8151
    5547       1.6199
    5548       1.7040
    5549       1.7109
    5550       1.6324
    5551       1.6509
    5552       1.6625
    5553       1.6206
    5554       1.7118
    5555       1.7587
    5556       1.6701
    5557       1.8182
    5558       1.9366
    5559       1.8960
    5560       2.0623
    5561       2.0206
    5562       2.1136
    5563       1.8669
    5564       1.9705
    5565       2.0450
    5566       2.0482
    5567       2.0655
    5568       1.9143
    5569       2.0026
    5570       1.8846
    5571       1.9991
    5572       2.0440
    5573       2.1314
    5574       1.9383
    5575       1.9386
    5576       2.0186
    5577       2.0909
    5578       2.1804
    5579       2.1746
    5580       2.1282
    5581       2.2578
    5582       2.2098
    5583       2.1424
    5584       2.0589
    5585       2.1782
    5586       2.1328
    5587       2.1376
    5588       1.9796
    5589       2.0340
    5590       2.0564
    5591       2.0544
    5592       1.9737
    5593       1.8315
    5594       1.9516
    5595       1.8968
    5596       2.1014
    5597       1.9643
    5598       2.1800
    5599       2.0571
    5600       2.0089
    5601       2.1541
    5602       2.2110
    5603       2.1963
    5604       1.9780
    5605       2.0432
    5606       2.2730
    5607       2.0453
    5608       2.0021
    5609       2.0422
    5610       1.9185
    5611       1.9262
    5612       1.8562
    5613       1.7799
    5614       1.8487
    5615       1.8452
    5616       1.7222
    5617       1.8945
    5618       1.8364
    5619       1.8706
    5620       1.9141
    5621       1.9884
    5622       1.9879
    5623       1.9960
    5624       1.9875
    5625       1.8647
    5626       1.9793
    5627       1.8276
    5628       1.9416
    5629       1.9257
    5630       1.9470
    5631       2.1117
    5632       1.9874
    5633       1.9678
    5634       2.0823
    5635       2.0769
    5636       1.8960
    5637       2.0163
    5638       1.8846
    5639       1.9163
    5640       1.7916
    5641       1.8134
    5642       1.7987
    5643       2.0874
    5644       2.1934
    5645       2.0837
    5646       2.1077
    5647       2.1380
    5648       2.2061
    5649       2.2951
    5650       2.2123
    5651       2.0880
    5652       1.9254
    5653       1.7622
    5654       1.8889
    5655       1.9640
    5656       1.8987
    5657       1.8683
    5658       1.9212
    5659       1.8868
    5660       2.0971
    5661       2.2426
    5662       2.2121
    5663       2.1521
    5664       2.1075
    5665       2.1069
    5666       1.9410
    5667       1.9676
    5668       2.1076
    5669       2.1970
    5670       2.2734
    5671       2.1535
    5672       1.9919
    5673       1.9091
    5674       2.0149
    5675       2.1150
    5676       1.9497
    5677       1.9142
    5678       1.8182
    5679       1.7348
    5680       1.7414
    5681       1.8059
    5682       1.8017
    5683       1.7628
    5684       1.8001
    5685       1.8764
    5686       1.8208
    5687       1.8028
    5688       1.7784
    5689       1.7424
    5690       1.7677
    5691       1.7075
    5692       1.6776
    5693       1.6824
    5694       1.5811
    5695       1.7411
    5696       1.7409
    5697       1.9304
    5698       1.8238
    5699       1.9572
    5700       1.7872
    5701       2.1123
    5702       1.8693
    5703       1.8386
    5704       1.7460
    5705       1.7132
    5706       1.7704
    5707       1.9040
    5708       1.8285
    5709       1.8546
    5710       2.0591
    5711       2.0823
    5712       2.0666
    5713       2.3160
    5714       2.1407
    5715       2.0664
    5716       2.1751
    5717       2.0536
    5718       2.1447
    5719       2.0368
    5720       1.9874
    5721       2.0094
    5722       1.8604
    5723       1.9667
    5724       2.0875
    5725       2.0142
    5726       2.1307
    5727       1.7975
    5728       1.9287
    5729       1.9853
    5730       1.8667
    5731       1.8750
    5732       2.0135
    5733       1.9137
    5734       1.8773
    5735       1.7242
    5736       1.6259
    5737       1.6113
    5738       1.7191
    5739       1.7269
    5740       1.6729
    5741       1.8027
    5742       1.8998
    5743       1.6167
    5744       1.7412
    5745       1.5982
    5746       1.7107
    5747       1.7540
    5748       1.5550
    5749       1.5635
    5750       1.4994
    5751       1.4714
    5752       1.5555
    5753       1.5319
    5754       1.6209
    5755       1.7600
    5756       1.7688
    5757       1.7176
    5758       1.7496
    5759       1.8697
    5760       1.8245
    5761       1.8119
    5762       1.7158
    5763       1.7052
    5764       1.7475
    5765       1.8149
    5766       1.8877
    5767       1.8295
    5768       1.8400
    5769       1.9902
    5770       1.9873
    5771       1.8613
    5772       1.8522
    5773       1.7362
    5774       1.6844
    5775       1.6806
    5776       1.7198
    5777       1.6851
    5778       1.8213
    5779       1.8704
    5780       1.9250
    5781       1.8655
    5782       1.8413
    5783       1.8977
    5784       1.7559
    5785       1.6779
    5786       1.7372
    5787       1.7861
    5788       1.8578
    5789       1.7183
    5790       1.7755
    5791       1.7748
    5792       1.9257
    5793       1.7467
    5794       1.8640
    5795       1.7482
    5796       1.8391
    5797       1.6980
    5798       1.7193
    5799       1.5816
    5800       1.6726
    5801       1.6565
    5802       1.7223
    5803       1.8529
    5804       1.9223
    5805       1.9387
    5806       1.9473
    5807       1.9707
    5808       1.9152
    5809       1.9908
    5810       1.9290
    5811       1.7912
    5812       1.7966
    5813       1.8037
    5814       1.7962
    5815       1.8034
    5816       1.8338
    5817       1.7772
    5818       1.6972
    5819       1.6724
    5820       1.7616
    5821       1.7940
    5822       1.9163
    5823       1.8652
    5824       1.9677
    5825       1.8800
    5826       1.9706
    5827       2.0041
    5828       1.8787
    5829       1.9146
    5830       1.9246
    5831       1.8636
    5832       1.9973
    5833       2.0774
    5834       1.9790
    5835       2.0225
    5836       2.0141
    5837       2.0080
    5838       1.9943
    5839       1.8820
    5840       1.8716
    5841       2.0352
    5842       1.9119
    5843       1.8785
    5844       1.9413
    5845       1.9532
    5846       1.8849
    5847       1.9008
    5848       1.7645
    5849       1.7003
    5850       1.9171
    5851       2.0000
    5852       1.8675
    5853       1.7424
    5854       1.8921
    5855       1.8352
    5856       1.7325
    5857       1.8086
    5858       1.9136
    5859       1.9324
    5860       1.8263
    5861       1.9044
    5862       1.8937
    5863       1.8812
    5864       1.8698
    5865       1.8651
    5866       1.8014
    5867       1.7413
    5868       1.8302
    5869       1.7584
    5870       1.7067
    5871       1.7058
    5872       1.6904
    5873       1.7212
    5874       1.8262
    5875       1.7883
    5876       1.7616
    5877       1.6288
    5878       1.8317
    5879       1.8495
    5880       1.7570
    5881       1.6994
    5882       1.7647
    5883       1.8847
    5884       1.8175
    5885       1.9361
    5886       2.0517
    5887       2.1259
    5888       1.9931
    5889       1.9731
    5890       1.8521
    5891       1.8419
    5892       1.8669
    5893       1.7219
    5894       2.0004
    5895       1.9730
    5896       2.0078
    5897       1.9357
    5898       1.7947
    5899       1.9581
    5900       2.1202
    5901       1.9589
    5902       2.0892
    5903       2.2123
    5904       2.1126
    5905       2.0749
    5906       2.1659
    5907       2.0360
    5908       2.0253
    5909       1.9928
    5910       1.8867
    5911       1.8061
    5912       1.6719
    5913       1.8104
    5914       1.9935
    5915       2.1602
    5916       2.3896
    5917       2.3736
    5918       2.3586
    5919       2.4413
    5920       2.4722
    5921       2.5380
    5922       2.5305
    5923       2.3838
    5924       2.3977
    5925       2.3810
    5926       2.4209
    5927       2.3696
    5928       2.2767
    5929       2.5561
    5930       2.5575
    5931       2.4068
    5932       2.2549
    5933       2.3737
    5934       2.2642
    5935       2.1993
    5936       2.2286
    5937       2.1760
    5938       2.2910
    5939       2.3015
    5940       2.2386
    5941       2.3675
    5942       2.3432
    5943       2.3300
    5944       2.4647
    5945       2.2677
    5946       2.2621
    5947       2.2483
    5948       2.2746
    5949       2.1816
    5950       2.6398
    5951       2.6418
    5952       2.6575
    5953       2.5245
    5954       2.6809
    5955       2.7582
    5956       2.6256
    5957       2.6632
    5958       2.7149
    5959       3.0429
    5960       2.8782
    5961       2.8039
    5962       2.6992
    5963       2.6249
    5964       2.5190
    5965       2.5262
    5966       2.4215
    5967       2.4111
    5968       2.3907
    5969       2.6218
    5970       2.5780
    5971       2.4112
    5972       2.3424
    5973       2.2593
    5974       2.4637
    5975       2.3155
    5976       2.2579
    5977       2.2251
    5978       2.1012
    5979       1.9134
    5980       1.9237
    5981       1.9960
    5982       1.9323
    5983       2.0976
    5984       2.0020
    5985       2.1818
    5986       2.0639
    5987       1.9885
    5988       1.9081
    5989       1.9228
    5990       2.0291
    5991       2.1458
    5992       1.9882
    5993       2.1367
    5994       2.0163
    5995       2.2491
    5996       2.1143
    5997       2.2238
    5998       2.0536
    5999       2.0903
    6000       2.0460
    6001       2.2349
    6002       2.0445
    6003       2.1092
    6004       2.0995
    6005       2.1483
    6006       2.2240
    6007       2.1528
    6008       2.0689
    6009       2.2530
    6010       2.1149
    6011       1.9412
    6012       1.9621
    6013       2.0514
    6014       2.0472
    6015       1.9343
    6016       1.6640
    6017       1.9364
    6018       1.9410
    6019       1.8979
    6020       1.8683
    6021       1.9959
    6022       2.2372
    6023       2.1419
    6024       2.0212
    6025       1.8723
    6026       1.7538
    6027       1.7846
    6028       1.8518
    6029       1.8212
    6030       2.1711
    6031       2.1502
    6032       2.1038
    6033       2.0924
    6034       2.0037
    6035       2.1573
    6036       2.2057
    6037       2.2110
    6038       2.0385
    6039       2.0936
    6040       2.1660
    6041       2.1236
    6042       1.9697
    6043       2.0863
    6044       1.9845
    6045       1.9002
    6046       1.9366
    6047       1.9491
    6048       2.0599
    6049       1.9535
    6050       2.0452
    6051       2.1695
    6052       2.1310
    6053       2.2868
    6054       2.1911
    6055       2.2329
    6056       2.2524
    6057       2.2806
    6058       2.2317
    6059       2.2195
    6060       2.0444
    6061       2.0773
    6062       2.1007
    6063       2.0595
    6064       2.1024
    6065       2.2486
    6066       2.1168
    6067       2.0717
    6068       2.1173
    6069       2.1202
    6070       2.0005
    6071       1.8932
    6072       2.0142
    6073       1.9438
    6074       1.8286
    6075       1.7820
    6076       1.9296
    6077       1.9516
    6078       1.9397
    6079       1.9167
    6080       1.8258
    6081       1.8472
    6082       1.7809
    6083       1.9149
    6084       1.9284
    6085       1.9042
    6086       1.8540
    6087       1.9772
    6088       1.9034
    6089       2.0132
    6090       1.8836
    6091       1.9738
    6092       1.9181
    6093       1.8527
    6094       1.8454
    6095       1.8341
    6096       1.7567
    6097       1.7474
    6098       1.6981
    6099       1.6770
    6100       1.6803
    6101       1.5977
    6102       1.6297
    6103       1.5585
    6104       1.6376
    6105       1.6360
    6106       1.6649
    6107       1.5350
    6108       1.6256
    6109       1.5991
    6110       1.6286
    6111       1.6078
    6112       1.6176
    6113       1.7219
    6114       1.8576
    6115       1.8827
    6116       1.8643
    6117       1.9296
    6118       1.8964
    6119       1.9660
    6120       1.8862
    6121       1.8456
    6122       1.8049
    6123       1.8092
    6124       1.9140
    6125       1.8445
    6126       1.8611
    6127       1.8138
    6128       1.9540
    6129       2.0333
    6130       2.0495
    6131       2.0419
    6132       1.9164
    6133       2.0980
    6134       2.0319
    6135       2.0126
    6136       1.9617
    6137       1.9411
    6138       2.1360
    6139       1.9955
    6140       1.9974
    6141       1.8684
    6142       1.8080
    6143       1.9684
    6144       1.9800
    6145       1.9783
    6146       1.8117
    6147       1.7999
    6148       1.8552
    6149       1.8870
    6150       1.9319
    6151       2.0740
    6152       1.8891
    6153       1.7770
    6154       1.7824
    6155       1.8678
    6156       1.7306
    6157       1.7960
    6158       1.7385
    6159       1.6904
    6160       1.7748
    6161       2.0631
    6162       1.9525
    6163       1.9102
    6164       1.8966
    6165       1.8818
    6166       1.8654
    6167       1.9329
    6168       1.8712
    6169       1.7935
    6170       1.8879
    6171       1.8891
    6172       1.7866
    6173       1.8323
    6174       1.7906
    6175       1.7665
    6176       1.8045
    6177       1.8709
    6178       1.9400
    6179       2.0533
    6180       1.8785
    6181       2.0638
    6182       1.8814
    6183       1.8543
    6184       1.9266
    6185       1.9103
    6186       1.9030
    6187       1.7976
    6188       1.8786
    6189       1.9789
    6190       1.9723
    6191       1.8281
    6192       1.8792
    6193       1.9661
    6194       2.0324
    6195       1.8956
    6196       1.8958
    6197       1.7142
    6198       1.7363
    6199       1.7293
    6200       1.7557
    6201       1.6088
    6202       1.6287
    6203       1.6285
    6204       1.6143
    6205       1.5558
    6206       1.6859
    6207       1.7841
    6208       1.9041
    6209       1.8845
    6210       1.7419
    6211       1.7375
    6212       1.7513
    6213       1.8265
    6214       1.7838
    6215       2.0182
    6216       1.9025
    6217       1.8198
    6218       1.8602
    6219       2.0677
    6220       1.9268
    6221       2.0096
    6222       1.9014
    6223       2.0311
    6224       2.0493
    6225       2.0043
    6226       1.9413
    6227       1.9963
    6228       1.8512
    6229       1.8992
    6230       1.7539
    6231       1.7562
    6232       1.8086
    6233       1.9871
    6234       2.0220
    6235       1.9636
    6236       1.9053
    6237       1.9179
    6238       1.7846
    6239       1.8511
    6240       1.8635
    6241       1.6898
    6242       1.7770
    6243       1.8221
    6244       1.9059
    6245       2.0565
    6246       2.1264
    6247       2.1285
    6248       2.0477
    6249       1.9738
    6250       1.8349
    6251       1.8957
    6252       1.9411
    6253       1.9983
    6254       2.0006
    6255       2.0770
    6256       1.8937
    6257       2.0614
    6258       1.8787
    6259       1.8770
    6260       1.9809
    6261       2.0416
    6262       1.9761
    6263       2.0215
    6264       1.8334
    6265       1.8890
    6266       1.9112
    6267       1.9995
    6268       2.0682
    6269       1.9761
    6270       1.9919
    6271       2.1660
    6272       2.2552
    6273       2.3109
    6274       2.2539
    6275       2.1651
    6276       2.0878
    6277       2.2350
    6278       2.1798
    6279       2.0817
    6280       2.2141
    6281       2.3357
    6282       2.3932
    6283       2.2648
    6284       2.1686
    6285       2.1059
    6286       2.1897
    6287       2.2933
    6288       1.9493
    6289       1.8998
    6290       1.9661
    6291       1.9658
    6292       1.9072
    6293       2.0391
    6294       2.1112
    6295       1.9418
    6296       1.9341
    6297       2.0779
    6298       2.0388
    6299       2.0291
    6300       2.0200
    6301       2.0585
    6302       2.1464
    6303       2.0234
    6304       2.0011
    6305       2.1230
    6306       2.2306
    6307       2.2903
    6308       2.0392
    6309       2.1639
    6310       2.1154
    6311       2.1156
    6312       2.1539
    6313       2.1995
    6314       2.0571
    6315       1.9655
    6316       1.8222
    6317       1.8300
    6318       1.7692
    6319       1.6371
    6320       1.7183
    6321       1.7064
    6322       1.7180
    6323       1.7439
    6324       1.8622
    6325       2.0461
    6326       2.0745
    6327       1.9125
    6328       1.7904
    6329       1.8819
    6330       1.9866
    6331       2.1057
    6332       2.2489
    6333       2.1780
    6334       2.1243
    6335       2.0205
    6336       2.1631
    6337       2.1847
    6338       2.1650
    6339       2.1000
    6340       2.0957
    6341       2.1160
    6342       2.1676
    6343       2.1483
    6344       2.0097
    6345       1.9134
    6346       1.8190
    6347       2.0194
    6348       2.1632
    6349       2.0209
    6350       2.0088
    6351       1.9041
    6352       1.9860
    6353       1.9948
    6354       1.9971
    6355       1.8229
    6356       1.9638
    6357       1.9896
    6358       2.0188
    6359       1.9650
    6360       1.9963
    6361       1.8369
    6362       1.9511
    6363       2.0294
    6364       2.0923
    6365       2.1419
    6366       2.0620
    6367       1.9677
    6368       2.0445
    6369       1.9836
    6370       1.8724
    6371       1.8027
    6372       1.9954
    6373       1.9985
    6374       2.0537
    6375       2.0712
    6376       2.0175
    6377       2.0037
    6378       2.0960
    6379       2.0888
    6380       2.2095
    6381       1.9231
    6382       1.9475
    6383       1.9721
    6384       1.8272
    6385       1.9421
    6386       2.0054
    6387       2.1644
    6388       2.0864
    6389       2.0603
    6390       2.1850
    6391       2.2559
    6392       2.2088
    6393       2.2729
    6394       2.2729
    6395       2.2790
    6396       2.2242
    6397       2.2774
    6398       2.2657
    6399       2.0211
    6400       2.0267
    6401       2.0948
    6402       1.9770
    6403       1.9840
    6404       1.9379
    6405       1.7739
    6406       1.8485
    6407       2.1001
    6408       2.0978
    6409       2.1725
    6410       1.9136
    6411       1.9122
    6412       1.9981
    6413       1.8697
    6414       1.9043
    6415       1.7983
    6416       1.8804
    6417       1.9476
    6418       1.8894
    6419       1.9673
    6420       2.1094
    6421       2.1041
    6422       2.0800
    6423       1.9519
    6424       1.9618
    6425       2.0657
    6426       2.0146
    6427       1.9164
    6428       1.7541
    6429       1.8316
    6430       1.9855
    6431       1.9154
    6432       1.8118
    6433       1.8895
    6434       1.8776
    6435       1.9012
    6436       1.8959
    6437       1.8371
    6438       1.8020
    6439       1.8364
    6440       1.7628
    6441       2.0347
    6442       1.9922
    6443       2.0596
    6444       2.0095
    6445       2.1866
    6446       2.2570
    6447       2.2097
    6448       2.2341
    6449       2.3895
    6450       2.4807
    6451       2.2625
    6452       2.0642
    6453       1.9724
    6454       2.0765
    6455       2.0297
    6456       1.9174
    6457       1.9165
    6458       1.9353
    6459       1.9854
    6460       2.0160
    6461       1.9551
    6462       1.9544
    6463       1.9487
    6464       2.0024
    6465       1.9709
    6466       1.9554
    6467       2.0650
    6468       2.1618
    6469       2.1244
    6470       2.0268
    6471       2.0627
    6472       1.9667
    6473       2.0674
    6474       2.0913
    6475       2.1312
    6476       2.1259
    6477       2.1875
    6478       2.3721
    6479       2.2752
    6480       2.1734
    6481       2.2136
    6482       2.0716
    6483       2.0146
    6484       1.8556
    6485       1.7926
    6486       1.8576
    6487       1.8685
    6488       1.8533
    6489       1.8857
    6490       1.8965
    6491       1.9209
    6492       1.8936
    6493       1.9833
    6494       2.1488
    6495       1.8471
    6496       2.0632
    6497       1.9682
    6498       1.8763
    6499       1.9068
    6500       2.0185
    6501       1.9809
    6502       2.0955
    6503       2.1602
    6504       2.2956
    6505       2.0592
    6506       1.8615
    6507       1.8747
    6508       1.8314
    6509       1.9231
    6510       2.0371
    6511       2.1261
    6512       1.9569
    6513       1.8326
    6514       1.9222
    6515       1.9674
    6516       1.8969
    6517       1.9680
    6518       2.0470
    6519       2.0253
    6520       1.8954
    6521       1.9883
    6522       1.8879
    6523       1.9171
    6524       1.9099
    6525       1.9995
    6526       1.9575
    6527       1.8824
    6528       1.8903
    6529       1.9476
    6530       1.8913
    6531       1.9224
    6532       1.9661
    6533       1.8772
    6534       1.8557
    6535       1.8611
    6536       1.9037
    6537       1.7707
    6538       1.8316
    6539       1.8818
    6540       1.8682
    6541       1.8993
    6542       1.8389
    6543       1.8526
    6544       1.8416
    6545       1.6813
    6546       1.7942
    6547       1.9267
    6548       1.9415
    6549       1.9929
    6550       2.0102
    6551       1.9775
    6552       1.9477
    6553       1.9742
    6554       2.0260
    6555       1.9104
    6556       1.9863
    6557       1.9030
    6558       2.0835
    6559       1.9623
    6560       1.9717
    6561       2.0133
    6562       1.8185
    6563       1.8396
    6564       1.8447
    6565       1.9366
    6566       1.8928
    6567       1.7832
    6568       1.8753
    6569       1.9111
    6570       1.9248
    6571       1.8717
    6572       1.9379
    6573       1.9095
    6574       1.9581
    6575       1.9525
    6576       1.9676
    6577       1.9100
    6578       2.1436
    6579       2.1890
    6580       2.2155
    6581       2.0726
    6582       2.0249
    6583       2.2023
    6584       2.1836
    6585       2.1759
    6586       2.3166
    6587       2.2263
    6588       2.1870
    6589       1.9904
    6590       1.9595
    6591       2.1627
    6592       2.1522
    6593       2.0740
    6594       2.2191
    6595       2.1203
    6596       2.0613
    6597       2.2881
    6598       2.0455
    6599       2.0678
    6600       2.1842
    6601       2.1919
    6602       2.0015
    6603       2.0380
    6604       1.8078
    6605       1.8481
    6606       1.7847
    6607       1.8457
    6608       1.9582
    6609       1.8934
    6610       1.9382
    6611       2.1454
    6612       2.2150
    6613       2.0623
    6614       2.1336
    6615       2.1473
    6616       2.3014
    6617       2.4297
    6618       2.3721
    6619       2.1430
    6620       2.1360
    6621       2.1435
    6622       2.0145
    6623       2.0963
    6624       2.1753
    6625       2.0906
    6626       2.2053
    6627       2.1680
    6628       2.0736
    6629       2.0059
    6630       2.0785
    6631       2.1695
    6632       2.0048
    6633       2.1563
    6634       2.0579
    6635       2.1067
    6636       2.0797
    6637       2.0383
    6638       2.0741
    6639       2.1259
    6640       2.2508
    6641       2.1042
    6642       2.1019
    6643       2.0551
    6644       2.0677
    6645       2.1260
    6646       2.1926
    6647       2.3086
    6648       2.3680
    6649       2.2130
    6650       2.1979
    6651       2.1972
    6652       2.0727
    6653       2.1016
    6654       2.0257
    6655       2.1859
    6656       2.0493
    6657       1.9450
    6658       2.0960
    6659       2.1069
    6660       2.1861
    6661       1.9636
    6662       1.9581
    6663       2.0308
    6664       2.0661
    6665       2.1010
    6666       2.0731
    6667       1.9241
    6668       2.0034
    6669       2.0794
    6670       1.9670
    6671       1.8808
    6672       1.8946
    6673       1.8137
    6674       1.9000
    6675       1.7567
    6676       1.7640
    6677       2.0273
    6678       2.0354
    6679       2.0088
    6680       2.0046
    6681       1.8600
    6682       1.7510
    6683       1.8059
    6684       1.8753
    6685       1.7647
    6686       1.7767
    6687       1.7242
    6688       1.7278
    6689       1.7646
    6690       1.6939
    6691       1.7252
    6692       1.6768
    6693       1.7560
    6694       1.8814
    6695       1.8725
    6696       1.9508
    6697       1.8460
    6698       1.9363
    6699       2.0915
    6700       1.9956
    6701       1.8970
    6702       2.0395
    6703       1.8274
    6704       1.9071
    6705       1.9450
    6706       1.7903
    6707       1.7641
    6708       1.8907
    6709       1.7898
    6710       1.7611
    6711       1.7997
    6712       1.8961
    6713       1.9965
    6714       1.7771
    6715       1.9186
    6716       2.1672
    6717       2.1363
    6718       1.9762
    6719       1.8752
    6720       1.9929
    6721       2.0621
    6722       1.9978
    6723       2.0924
    6724       1.9681
    6725       2.0957
    6726       2.0167
    6727       2.0135
    6728       2.1928
    6729       2.0275
    6730       1.9764
    6731       2.0838
    6732       2.0403
    6733       1.9579
    6734       1.7953
    6735       1.8106
    6736       1.7889
    6737       1.8838
    6738       1.7610
    6739       1.8276
    6740       1.8389
    6741       1.8273
    6742       1.7798
    6743       1.8351
    6744       1.9823
    6745       1.9001
    6746       1.8745
    6747       1.7921
    6748       1.7260
    6749       1.7154
    6750       1.6768
    6751       1.7816
    6752       1.7144
    6753       1.5767
    6754       1.6554
    6755       1.7666
    6756       1.6930
    6757       1.6911
    6758       1.5891
    6759       1.5022
    6760       1.5817
    6761       1.6700
    6762       1.9394
    6763       2.0193
    6764       2.0077
    6765       1.9285
    6766       1.7978
    6767       1.6588
    6768       1.7322
    6769       1.6925
    6770       1.6475
    6771       1.5438
    6772       1.6558
    6773       1.7048
    6774       1.6778
    6775       1.8087
    6776       1.7926
    6777       1.7201
    6778       1.7682
    6779       1.6899
    6780       1.6653
    6781       1.9683
    6782       1.8360
    6783       1.8737
    6784       1.7222
    6785       1.9255
    6786       1.9916
    6787       2.0928
    6788       2.0750
    6789       1.9369
    6790       1.8466
    6791       1.8332
    6792       1.9337
    6793       1.8362
    6794       1.9074
    6795       1.7445
    6796       1.7532
    6797       1.7881
    6798       1.6645
    6799       1.6544
    6800       1.6043
    6801       1.7836
    6802       1.7896
    6803       1.7622
    6804       1.8092
    6805       1.7190
    6806       1.8595
    6807       1.8763
    6808       1.9544
    6809       1.9426
    6810       1.9190
    6811       1.8560
    6812       2.0174
    6813       2.0423
    6814       1.9005
    6815       1.9681
    6816       1.8397
    6817       2.0258
    6818       1.9318
    6819       1.7807
    6820       1.8101
    6821       1.8387
    6822       1.8784
    6823       1.7123
    6824       1.6919
    6825       1.6790
    6826       1.9492
    6827       1.7796
    6828       1.5825
    6829       1.5446
    6830       1.6170
    6831       1.6680
    6832       1.6388
    6833       1.6475
    6834       1.6773
    6835       1.6409
    6836       1.6734
    6837       1.7904
    6838       1.7252
    6839       1.7615
    6840       1.7875
    6841       1.8170
    6842       1.8206
    6843       1.7335
    6844       1.6463
    6845       1.6581
    6846       1.5874
    6847       1.6690
    6848       1.6876
    6849       1.7641
    6850       1.6938
    6851       1.7128
    6852       1.6938
    6853       1.6441
    6854       1.6747
    6855       1.7790
    6856       1.6536
    6857       1.6382
    6858       1.6970
    6859       1.8191
    6860       1.7597
    6861       1.9349
    6862       1.9781
    6863       1.9725
    6864       1.8686
    6865       1.8939
    6866       1.8819
    6867       1.8195
    6868       1.8637
    6869       1.9687
    6870       1.9436
    6871       1.8006
    6872       1.7739
    6873       1.6698
    6874       1.7452
    6875       1.7289
    6876       1.6504
    6877       1.5808
    6878       1.6369
    6879       1.5346
    6880       1.6302
    6881       1.7038
    6882       1.6403
    6883       1.7368
    6884       1.7735
    6885       1.7532
    6886       1.7533
    6887       1.6871
    6888       1.7232
    6889       1.6794
    6890       1.5610
    6891       1.6874
    6892       1.6933
    6893       1.7900
    6894       1.6123
    6895       1.7154
    6896       1.8298
    6897       1.7516
    6898       1.6269
    6899       1.6490
    6900       1.6264
    6901       1.7511
    6902       1.8441
    6903       1.8252
    6904       1.8133
    6905       1.8226
    6906       1.7152
    6907       1.8342
    6908       1.8718
    6909       1.7503
    6910       1.8131
    6911       1.9517
    6912       1.9110
    6913       1.9705
    6914       2.0517
    6915       1.7616
    6916       1.7376
    6917       1.8292
    6918       1.7553
    6919       1.6857
    6920       1.7525
    6921       1.7827
    6922       1.7185
    6923       1.5888
    6924       1.8599
    6925       1.8274
    6926       1.7891
    6927       1.7742
    6928       2.0158
    6929       1.8023
    6930       1.7552
    6931       1.7044
    6932       1.7107
    6933       1.7306
    6934       1.7425
    6935       1.7601
    6936       1.6943
    6937       1.7142
    6938       1.6890
    6939       1.7200
    6940       1.7886
    6941       1.7383
    6942       1.7461
    6943       1.6313
    6944       1.7564
    6945       1.6667
    6946       1.7692
    6947       1.8226
    6948       1.7345
    6949       1.8257
    6950       1.7210
    6951       1.6503
    6952       1.6675
    6953       1.6641
    6954       1.8670
    6955       2.0069
    6956       1.8584
    6957       1.8767
    6958       1.7525
    6959       1.7922
    6960       1.7535
    6961       1.8083
    6962       1.8464
    6963       1.8775
    6964       1.8880
    6965       1.8473
    6966       1.6263
    6967       1.7536
    6968       1.6389
    6969       1.5921
    6970       1.7227
    6971       1.5938
    6972       1.5686
    6973       1.5420
    6974       1.7221
    6975       1.6879
    6976       1.7437
    6977       1.6324
    6978       1.6352
    6979       1.6731
    6980       1.7540
    6981       1.7083
    6982       1.6799
    6983       1.8038
    6984       1.7423
    6985       1.5937
    6986       1.7778
    6987       1.7319
    6988       1.7081
    6989       1.6234
    6990       1.6761
    6991       1.7459
    6992       1.8836
    6993       1.6901
    6994       1.7365
    6995       1.7397
    6996       1.8053
    6997       1.6766
    6998       1.6924
    6999       1.6105
    7000       1.6320
    7001       1.6459
    7002       1.7307
    7003       1.7898
    7004       1.7323
    7005       1.5741
    7006       1.5522
    7007       1.6791
    7008       1.6601
    7009       1.6627
    7010       1.6717
    7011       1.6853
    7012       1.7095
    7013       1.5997
    7014       1.6469
    7015       1.7193
    7016       1.6207
    7017       1.6935
    7018       1.6449
    7019       1.6398
    7020       1.5326
    7021       1.5533
    7022       1.6735
    7023       1.5880
    7024       1.6485
    7025       1.6094
    7026       1.6045
    7027       1.6758
    7028       1.6562
    7029       1.5689
    7030       1.6105
    7031       1.7027
    7032       1.7921
    7033       1.7162
    7034       1.7167
    7035       1.8017
    7036       1.5986
    7037       1.7016
    7038       1.7071
    7039       1.7434
    7040       1.7762
    7041       1.6186
    7042       1.6991
    7043       1.7843
    7044       1.7244
    7045       1.5484
    7046       1.6099
    7047       1.7010
    7048       1.6347
    7049       1.6575
    7050       1.7108
    7051       1.8208
    7052       1.8601
    7053       1.6382
    7054       1.5521
    7055       1.4909
    7056       1.6039
    7057       1.5454
    7058       1.5665
    7059       1.6272
    7060       1.5326
    7061       1.6151
    7062       1.6004
    7063       1.5866
    7064       1.6225
    7065       1.5320
    7066       1.5895
    7067       1.5633
    7068       1.6393
    7069       1.5434
    7070       1.5452
    7071       1.5454
    7072       1.4967
    7073       1.5144
    7074       1.5826
    7075       1.5750
    7076       1.5470
    7077       1.5657
    7078       1.5051
    7079       1.6359
    7080       1.5239
    7081       1.5051
    7082       1.5864
    7083       1.6697
    7084       1.5699
    7085       1.5896
    7086       1.5800
    7087       1.5764
    7088       1.5955
    7089       1.6078
    7090       1.4917
    7091       1.5593
    7092       1.6141
    7093       1.6040
    7094       1.6833
    7095       1.7965
    7096       1.7971
    7097       1.5973
    7098       1.5745
    7099       1.5424
    7100       1.6002
    7101       1.6939
    7102       1.6649
    7103       1.6757
    7104       1.6828
    7105       1.6601
    7106       1.8010
    7107       1.6206
    7108       1.5904
    7109       1.6626
    7110       1.4857
    7111       1.4834
    7112       1.5428
    7113       1.5068
    7114       1.6015
    7115       1.6165
    7116       1.5661
    7117       1.6174
    7118       1.5428
    7119       1.6882
    7120       1.5571
    7121       1.5206
    7122       1.5178
    7123       1.6057
    7124       1.5068
    7125       1.5600
    7126       1.6448
    7127       1.5943
    7128       1.6800
    7129       1.7146
    7130       1.8214
    7131       1.7855
    7132       1.8530
    7133       1.7214
    7134       1.6461
    7135       1.8642
    7136       1.7591
    7137       1.9679
    7138       1.8878
    7139       1.6783
    7140       1.7260
    7141       1.7845
    7142       1.7441
    7143       1.8690
    7144       1.8429
    7145       1.9546
    7146       1.9316
    7147       1.8433
    7148       1.9312
    7149       1.7806
    7150       1.8888
    7151       1.7704
    7152       1.6678
    7153       1.6489
    7154       1.6896
    7155       1.6797
    7156       1.6441
    7157       1.6472
    7158       1.6631
    7159       1.6885
    7160       1.8258
    7161       1.7847
    7162       1.8483
    7163       1.9179
    7164       1.8030
    7165       1.8454
    7166       1.7944
    7167       1.6758
    7168       1.7561
    7169       1.7688
    7170       1.9175
    7171       1.7948
    7172       1.7357
    7173       1.7838
    7174       1.5603
    7175       1.7495
    7176       1.7600
    7177       1.7906
    7178       1.8285
    7179       1.7455
    7180       1.6970
    7181       1.7068
    7182       1.7493
    7183       1.6591
    7184       1.6385
    7185       1.6644
    7186       1.6366
    7187       1.6107
    7188       1.6501
    7189       1.6697
    7190       1.7538
    7191       1.7594
    7192       1.7317
    7193       1.7117
    7194       1.6082
    7195       1.7771
    7196       1.6478
    7197       1.6896
    7198       1.7138
    7199       1.5985
    7200       1.7708
    7201       1.8715
    7202       1.5996
    7203       1.6800
    7204       1.6572
    7205       1.6386
    7206       1.6096
    7207       1.5866
    7208       1.6462
    7209       1.6385
    7210       1.6353
    7211       1.5429
    7212       1.5849
    7213       1.6453
    7214       1.7650
    7215       1.7955
    7216       1.7467
    7217       1.8946
    7218       1.8548
    7219       1.7265
    7220       1.5905
    7221       1.7617
    7222       1.7830
    7223       1.7819
    7224       1.8596
    7225       1.8653
    7226       1.8388
    7227       1.7617
    7228       1.8336
    7229       1.8358
    7230       1.9555
    7231       1.7515
    7232       1.7951
    7233       1.8026
    7234       1.8495
    7235       1.8014
    7236       1.7181
    7237       1.6662
    7238       1.7414
    7239       1.7990
    7240       1.7402
    7241       1.7056
    7242       1.6515
    7243       1.5625
    7244       1.6459
    7245       1.6811
    7246       1.6875
    7247       1.6481
    7248       1.4846
    7249       1.5473
    7250       1.4983
    7251       1.5509
    7252       1.4841
    7253       1.5283
    7254       1.5397
    7255       1.5924
    7256       1.6279
    7257       1.6451
    7258       1.6019
    7259       1.5867
    7260       1.6388
    7261       1.7133
    7262       1.7394
    7263       1.7942
    7264       1.8066
    7265       1.7714
    7266       1.7132
    7267       1.6471
    7268       1.6096
    7269       1.6302
    7270       1.6780
    7271       1.6965
    7272       1.6641
    7273       1.6132
    7274       1.6038
    7275       1.6287
    7276       1.5083
    7277       1.4864
    7278       1.5447
    7279       1.6024
    7280       1.5441
    7281       1.5585
    7282       1.6396
    7283       1.5049
    7284       1.5118
    7285       1.6950
    7286       1.7408
    7287       1.5580
    7288       1.4560
    7289       1.5629
    7290       1.7417
    7291       1.7271
    7292       1.7187
    7293       1.6098
    7294       1.7008
    7295       1.6920
    7296       1.7424
    7297       1.5678
    7298       1.6599
    7299       1.5613
    7300       1.5928
    7301       1.6278
    7302       1.5997
    7303       1.7346
    7304       1.6328
    7305       1.5633
    7306       1.5928
    7307       1.6050
    7308       1.6477
    7309       1.5892
    7310       1.5527
    7311       1.5089
    7312       1.5037
    7313       1.5126
    7314       1.6596
    7315       1.7311
    7316       1.6625
    7317       1.7471
    7318       1.5451
    7319       1.5467
    7320       1.5260
    7321       1.5331
    7322       1.5136
    7323       1.5979
    7324       1.7594
    7325       1.8061
    7326       1.7072
    7327       1.6325
    7328       1.7633
    7329       1.6000
    7330       1.6693
    7331       1.6639
    7332       1.7069
    7333       1.6360
    7334       1.5661
    7335       1.6189
    7336       1.5877
    7337       1.6966
    7338       1.6406
    7339       1.5832
    7340       1.5840
    7341       1.5614
    7342       1.5627
    7343       1.6813
    7344       1.6360
    7345       1.5326
    7346       1.5434
    7347       1.5833
    7348       1.5749
    7349       1.6069
    7350       1.6303
    7351       1.6191
    7352       1.8046
    7353       1.7368
    7354       1.7394
    7355       1.7951
    7356       1.7590
    7357       1.7232
    7358       1.7020
    7359       1.6407
    7360       1.5473
    7361       1.6802
    7362       1.7044
    7363       1.6686
    7364       1.6303
    7365       1.7717
    7366       1.8850
    7367       1.8332
    7368       1.7085
    7369       1.6812
    7370       1.6618
    7371       1.7093
    7372       1.7652
    7373       1.8024
    7374       1.9074
    7375       1.7782
    7376       1.7662
    7377       1.7837
    7378       1.7235
    7379       1.7661
    7380       1.7357
    7381       1.7665
    7382       1.6127
    7383       1.7508
    7384       1.8139
    7385       1.7684
    7386       1.7044
    7387       1.6276
    7388       1.6930
    7389       1.6128
    7390       1.7407
    7391       1.7151
    7392       1.5850
    7393       1.7841
    7394       1.6308
    7395       1.8654
    7396       1.7489
    7397       1.7465
    7398       1.7475
    7399       1.7602
    7400       1.6032
    7401       1.6060
    7402       1.5636
    7403       1.5456
    7404       1.5693
    7405       1.7127
    7406       1.8663
    7407       1.6795
    7408       1.5632
    7409       1.6271
    7410       1.6381
    7411       1.5943
    7412       1.5699
    7413       1.5828
    7414       1.6158
    7415       1.6806
    7416       1.7985
    7417       1.7679
    7418       1.8368
    7419       1.7879
    7420       1.9043
    7421       1.7964
    7422       1.7618
    7423       1.6998
    7424       1.6882
    7425       1.6975
    7426       1.9729
    7427       1.9149
    7428       1.9891
    7429       1.8682
    7430       1.8456
    7431       1.6561
    7432       1.7432
    7433       1.6947
    7434       1.7605
    7435       1.9008
    7436       1.8198
    7437       1.8028
    7438       1.8071
    7439       1.8145
    7440       1.8939
    7441       1.9326
    7442       1.9166
    7443       1.6863
    7444       1.7045
    7445       1.6206
    7446       1.6423
    7447       1.6639
    7448       1.6793
    7449       1.7114
    7450       1.7940
    7451       1.7363
    7452       1.7476
    7453       1.7716
    7454       1.7048
    7455       1.6962
    7456       1.7308
    7457       1.6468
    7458       1.6938
    7459       1.8398
    7460       1.9463
    7461       2.0032
    7462       1.9763
    7463       1.9654
    7464       2.0373
    7465       1.9653
    7466       1.9236
    7467       1.7585
    7468       1.7006
    7469       1.8533
    7470       1.7872
    7471       1.6943
    7472       1.7518
    7473       1.5535
    7474       1.6935
    7475       1.6967
    7476       1.6564
    7477       1.6172
    7478       1.7259
    7479       1.6982
    7480       1.7800
    7481       1.6982
    7482       1.7512
    7483       1.6593
    7484       1.6033
    7485       1.6457
    7486       1.6688
    7487       1.7917
    7488       1.6517
    7489       1.7799
    7490       1.5951
    7491       1.6379
    7492       1.7145
    7493       1.6360
    7494       1.8324
    7495       1.8065
    7496       1.6337
    7497       1.6621
    7498       1.7310
    7499       1.6955
    7500       1.7814
    7501       1.9343
    7502       1.8838
    7503       1.9796
    7504       1.7709
    7505       1.7812
    7506       1.7579
    7507       1.7337
    7508       1.7147
    7509       1.7354
    7510       1.7371
    7511       1.7235
    7512       1.8153
    7513       1.9512
    7514       1.7765
    7515       1.8232
    7516       1.6581
    7517       1.6292
    7518       1.6982
    7519       1.6746
    7520       1.6477
    7521       1.6133
    7522       1.6052
    7523       1.6729
    7524       1.7102
    7525       1.7416
    7526       1.8090
    7527       1.7836
    7528       1.8378
    7529       1.6827
    7530       1.6528
    7531       1.6740
    7532       1.6251
    7533       1.7230
    7534       1.7260
    7535       1.7421
    7536       1.7076
    7537       1.7491
    7538       1.7022
    7539       1.7826
    7540       1.7921
    7541       1.5875
    7542       1.5701
    7543       1.5320
    7544       1.5400
    7545       1.5650
    7546       1.5722
    7547       1.5426
    7548       1.7177
    7549       1.7370
    7550       1.5328
    7551       1.6655
    7552       1.6803
    7553       1.6333
    7554       1.7432
    7555       1.6087
    7556       1.5845
    7557       1.5481
    7558       1.6562
    7559       1.8954
    7560       1.7946
    7561       1.8813
    7562       1.8338
    7563       1.7336
    7564       1.7080
    7565       1.7699
    7566       1.9199
    7567       1.8637
    7568       1.8015
    7569       1.6530
    7570       1.6440
    7571       1.6364
    7572       1.6141
    7573       1.6151
    7574       1.5620
    7575       1.6079
    7576       1.5833
    7577       1.6591
    7578       1.6506
    7579       1.6051
    7580       1.5717
    7581       1.4695
    7582       1.5704
    7583       1.5574
    7584       1.5991
    7585       1.7010
    7586       1.7189
    7587       1.7519
    7588       1.7360
    7589       1.7017
    7590       1.6414
    7591       1.6691
    7592       1.6578
    7593       1.6310
    7594       1.8317
    7595       1.7960
    7596       1.7056
    7597       1.5233
    7598       1.5810
    7599       1.6067
    7600       1.5898
    7601       1.6630
    7602       1.6167
    7603       1.6029
    7604       1.6377
    7605       1.6622
    7606       1.7938
    7607       1.7101
    7608       1.5660
    7609       1.5190
    7610       1.5380
    7611       1.5123
    7612       1.5008
    7613       1.5459
    7614       1.5321
    7615       1.5352
    7616       1.6533
    7617       1.6410
    7618       1.5246
    7619       1.6018
    7620       1.5934
    7621       1.6095
    7622       1.6441
    7623       1.6064
    7624       1.6241
    7625       1.7227
    7626       1.7035
    7627       1.7295
    7628       1.6964
    7629       1.6664
    7630       1.5774
    7631       1.6296
    7632       1.6360
    7633       1.7579
    7634       1.6686
    7635       1.7528
    7636       1.6159
    7637       1.5885
    7638       1.6808
    7639       1.6315
    7640       1.6807
    7641       1.5870
    7642       1.6176
    7643       1.6851
    7644       1.7795
    7645       1.7023
    7646       1.7319
    7647       1.7432
    7648       1.7465
    7649       1.8274
    7650       1.6832
    7651       1.6438
    7652       1.6314
    7653       1.7209
    7654       1.6786
    7655       1.7197
    7656       1.6597
    7657       1.7170
    7658       1.6815
    7659       1.6774
    7660       1.6109
    7661       1.7066
    7662       1.7310
    7663       1.7081
    7664       1.6621
    7665       1.7918
    7666       1.7876
    7667       1.7602
    7668       1.7681
    7669       1.7381
    7670       1.7105
    7671       1.6834
    7672       1.8259
    7673       1.6951
    7674       1.7478
    7675       1.7772
    7676       1.6523
    7677       1.7535
    7678       1.6223
    7679       1.6241
    7680       1.6092
    7681       1.7688
    7682       1.5248
    7683       1.5438
    7684       1.4341
    7685       1.4170
    7686       1.5150
    7687       1.5257
    7688       1.5689
    7689       1.6373
    7690       1.7072
    7691       1.6871
    7692       1.7281
    7693       1.7324
    7694       1.7405
    7695       1.7141
    7696       1.7598
    7697       1.8187
    7698       1.6816
    7699       1.5832
    7700       1.6911
    7701       1.8266
    7702       1.9238
    7703       1.8787
    7704       1.8271
    7705       1.7951
    7706       1.8129
    7707       1.8117
    7708       1.7922
    7709       1.7799
    7710       1.7954
    7711       1.7940
    7712       1.8835
    7713       1.7403
    7714       1.7495
    7715       1.7093
    7716       1.7508
    7717       1.7683
    7718       1.8066
    7719       1.8955
    7720       1.8009
    7721       1.8757
    7722       1.7700
    7723       1.8524
    7724       1.8151
    7725       1.5740
    7726       1.5637
    7727       1.5384
    7728       1.5623
    7729       1.5667
    7730       1.7577
    7731       1.7223
    7732       1.7686
    7733       1.7728
    7734       1.6700
    7735       1.8270
    7736       1.7687
    7737       1.8195
    7738       1.9067
    7739       1.9428
    7740       1.8634
    7741       1.9131
    7742       2.0762
    7743       1.8133
    7744       1.8164
    7745       1.8821
    7746       1.8557
    7747       1.8537
    7748       1.7828
    7749       1.7474
    7750       1.6938
    7751       1.7592
    7752       1.8220
    7753       1.8793
    7754       1.9489
    7755       1.8675
    7756       1.7244
    7757       1.6907
    7758       1.7825
    7759       1.7902
    7760       1.8945
    7761       1.8177
    7762       1.9622
    7763       1.8506
    7764       1.9184
    7765       2.0607
    7766       1.9810
    7767       1.9219
    7768       1.9894
    7769       2.0388
    7770       1.9863
    7771       1.7730
    7772       1.8979
    7773       1.8142
    7774       1.8240
    7775       2.1288
    7776       1.9355
    7777       2.0655
    7778       1.9931
    7779       2.0183
    7780       1.8744
    7781       1.9693
    7782       1.8473
    7783       1.8553
    7784       1.9479
    7785       1.8791
    7786       1.7937
    7787       1.8197
    7788       1.8874
    7789       1.8307
    7790       1.8502
    7791       1.8939
    7792       1.8923
    7793       2.0007
    7794       2.1230
    7795       1.9127
    7796       1.9672
    7797       2.0375
    7798       1.9683
    7799       1.8441
    7800       1.7853
    7801       1.8190
    7802       1.7981
    7803       1.8160
    7804       1.8374
    7805       1.9988
    7806       2.0049
    7807       1.9470
    7808       2.0182
    7809       2.0548
    7810       2.1532
    7811       2.0551
    7812       2.1004
    7813       2.0839
    7814       2.2337
    7815       2.2641
    7816       2.2882
    7817       2.3571
    7818       2.2637
    7819       1.9596
    7820       1.9595
    7821       2.0364
    7822       1.9872
    7823       2.0767
    7824       2.2393
    7825       2.1663
    7826       2.0710
    7827       2.0339
    7828       2.2324
    7829       2.0410
    7830       2.0470
    7831       2.0769
    7832       2.0430
    7833       1.9645
    7834       1.8257
    7835       1.8383
    7836       1.9577
    7837       1.9366
    7838       1.9209
    7839       1.8528
    7840       1.9599
    7841       1.9325
    7842       2.0404
    7843       1.8272
    7844       1.8254
    7845       1.9075
    7846       1.9442
    7847       1.8386
    7848       1.7710
    7849       1.8859
    7850       1.8935
    7851       1.9170
    7852       1.7809
    7853       1.9228
    7854       1.7732
    7855       1.8112
    7856       1.8797
    7857       1.8392
    7858       1.9353
    7859       1.7989
    7860       1.7649
    7861       1.8600
    7862       2.0717
    7863       2.0847
    7864       2.2283
    7865       2.0908
    7866       1.9932
    7867       1.9184
    7868       1.9885
    7869       2.0520
    7870       1.9873
    7871       1.9770
    7872       1.8984
    7873       1.8452
    7874       1.9206
    7875       1.9522
    7876       1.9526
    7877       1.8990
    7878       1.8235
    7879       2.0406
    7880       1.9512
    7881       2.0145
    7882       2.0352
    7883       1.9439
    7884       1.8643
    7885       1.8858
    7886       1.8501
    7887       1.8447
    7888       1.7825
    7889       1.8695
    7890       1.8081
    7891       1.6170
    7892       1.6888
    7893       1.9506
    7894       1.9273
    7895       1.9073
    7896       1.8594
    7897       1.9512
    7898       2.0084
    7899       1.8833
    7900       1.9523
    7901       1.9450
    7902       1.9617
    7903       1.7740
    7904       1.8865
    7905       1.7931
    7906       1.8143
    7907       1.8796
    7908       1.7870
    7909       1.6905
    7910       1.6495
    7911       1.6461
    7912       1.6700
    7913       1.6067
    7914       1.7480
    7915       1.8479
    7916       1.7495
    7917       1.6569
    7918       1.6772
    7919       1.8140
    7920       1.8419
    7921       1.6491
    7922       1.5902
    7923       1.4767
    7924       1.6140
    7925       1.6411
    7926       1.5188
    7927       1.5866
    7928       1.7191
    7929       1.6436
    7930       1.5964
    7931       1.5497
    7932       1.6450
    7933       1.5958
    7934       1.5873
    7935       1.6885
    7936       1.7808
    7937       1.7948
    7938       1.8283
    7939       1.7818
    7940       1.6535
    7941       1.6277
    7942       1.5664
    7943       1.7263
    7944       1.8219
    7945       1.8675
    7946       1.7821
    7947       1.7172
    7948       1.7475
    7949       1.8946
    7950       1.8757
    7951       1.6876
    7952       1.5938
    7953       1.5889
    7954       1.6220
    7955       1.5802
    7956       1.6348
    7957       1.6505
    7958       1.7088
    7959       1.7142
    7960       1.6079
    7961       1.6847
    7962       1.5178
    7963       1.5431
    7964       1.6912
    7965       1.5980
    7966       1.6398
    7967       1.7560
    7968       1.6435
    7969       1.7238
    7970       1.7851
    7971       1.7641
    7972       1.7461
    7973       1.6942
    7974       1.8154
    7975       1.7424
    7976       1.7693
    7977       1.5686
    7978       1.6839
    7979       1.6524
    7980       1.7837
    7981       1.9158
    7982       1.7406
    7983       1.7039
    7984       1.6933
    7985       1.6659
    7986       1.6465
    7987       1.6234
    7988       1.5870
    7989       1.6127
    7990       1.5770
    7991       1.5233
    7992       1.6034
    7993       1.6481
    7994       1.6746
    7995       1.6655
    7996       1.7025
    7997       1.7325
    7998       1.7401
    7999       1.7243
    8000       1.7455
    8001       1.8103
    8002       1.7716
    8003       1.7838
    8004       1.7364
    8005       1.7061
    8006       1.6808
    8007       1.6858
    8008       1.7015
    8009       1.7657
    8010       1.7292
    8011       1.7939
    8012       1.8280
    8013       1.8175
    8014       1.9463
    8015       1.7807
    8016       1.8398
    8017       1.7585
    8018       1.8416
    8019       1.8866
    8020       1.7999
    8021       1.8424
    8022       1.8021
    8023       1.6962
    8024       1.6388
    8025       1.5941
    8026       1.7032
    8027       1.6900
    8028       1.6729
    8029       1.6409
    8030       1.6099
    8031       1.7136
    8032       1.7774
    8033       1.6293
    8034       1.7031
    8035       1.7345
    8036       1.7037
    8037       1.6719
    8038       1.6175
    8039       1.6606
    8040       1.6494
    8041       1.7614
    8042       1.7131
    8043       1.9408
    8044       1.8590
    8045       1.7564
    8046       1.8096
    8047       1.8081
    8048       1.7313
    8049       1.7322
    8050       1.6506
    8051       1.7277
    8052       1.5331
    8053       1.5408
    8054       1.6369
    8055       1.7106
    8056       1.6781
    8057       1.5853
    8058       1.6631
    8059       1.7691
    8060       1.7180
    8061       1.8607
    8062       1.8699
    8063       1.8155
    8064       1.6622
    8065       1.7928
    8066       1.7232
    8067       1.8367
    8068       1.7191
    8069       1.7543
    8070       1.6534
    8071       1.6809
    8072       1.6505
    8073       1.6268
    8074       1.6591
    8075       1.6657
    8076       1.6318
    8077       1.5314
    8078       1.5088
    8079       1.3969
    8080       1.4750
    8081       1.4251
    8082       1.3623
    8083       1.4058
    8084       1.4205
    8085       1.5090
    8086       1.5021
    8087       1.4731
    8088       1.4838
    8089       1.5262
    8090       1.5582
    8091       1.5537
    8092       1.5911
    8093       1.4965
    8094       1.5037
    8095       1.5915
    8096       1.5725
    8097       1.5984
    8098       1.5763
    8099       1.7114
    8100       1.7419
    8101       1.8119
    8102       1.8358
    8103       1.7308
    8104       1.7272
    8105       1.7179
    8106       1.7261
    8107       1.6643
    8108       1.7429
    8109       1.7964
    8110       1.6479
    8111       1.5229
    8112       1.6751
    8113       1.5432
    8114       1.5467
    8115       1.5068
    8116       1.5739
    8117       1.6622
    8118       1.5351
    8119       1.7588
    8120       1.8255
    8121       1.8965
    8122       1.9244
    8123       2.0278
    8124       2.0752
    8125       2.1214
    8126       2.0921
    8127       2.1887
    8128       2.1312
    8129       2.1566
    8130       1.9131
    8131       1.8672
    8132       1.9077
    8133       1.8594
    8134       1.8503
    8135       1.8126
    8136       1.9118
    8137       1.7801
    8138       1.7927
    8139       1.8710
    8140       1.8338
    8141       1.6960
    8142       1.6740
    8143       1.6521
    8144       1.7010
    8145       1.6733
    8146       1.5704
    8147       1.6434
    8148       1.6701
    8149       1.5728
    8150       1.5849
    8151       1.6701
    8152       1.6950
    8153       1.8200
    8154       1.6387
    8155       1.6410
    8156       1.6243
    8157       1.7034
    8158       1.7074
    8159       1.7158
    8160       1.6792
    8161       1.6698
    8162       1.6710
    8163       1.6210
    8164       1.5985
    8165       1.5729
    8166       1.5611
    8167       1.5619
    8168       1.6518
    8169       1.7334
    8170       1.6675
    8171       1.6977
    8172       1.6279
    8173       1.6571
    8174       1.6737
    8175       1.6307
    8176       1.5017
    8177       1.5964
    8178       1.6729
    8179       1.5373
    8180       1.6536
    8181       1.6100
    8182       1.5838
    8183       1.5116
    8184       1.5936
    8185       1.4164
    8186       1.6050
    8187       1.5247
    8188       1.5704
    8189       1.5142
    8190       1.5593
    8191       1.5634
    8192       1.6030
    8193       1.4741
    8194       1.5357
    8195       1.5897
    8196       1.5097
    8197       1.5542
    8198       1.6486
    8199       1.5987
    8200       1.6384
    8201       1.5945
    8202       1.6266
    8203       1.6222
    8204       1.5526
    8205       1.5592
    8206       1.4689
    8207       1.4895
    8208       1.6153
    8209       1.5565
    8210       1.5150
    8211       1.6641
    8212       1.7846
    8213       1.6347
    8214       1.6289
    8215       1.7604
    8216       1.6324
    8217       1.6616
    8218       1.6173
    8219       1.6700
    8220       1.6772
    8221       1.6764
    8222       1.7055
    8223       1.7382
    8224       1.7988
    8225       1.8284
    8226       1.6810
    8227       1.7239
    8228       1.7021
    8229       1.7318
    8230       1.6782
    8231       1.7295
    8232       1.6807
    8233       1.8278
    8234       1.7726
    8235       1.8375
    8236       1.7187
    8237       1.7999
    8238       1.9657
    8239       1.8718
    8240       1.9510
    8241       1.9312
    8242       1.9477
    8243       1.9599
    8244       1.8759
    8245       1.8752
    8246       1.8905
    8247       1.8672
    8248       1.9525
    8249       1.8837
    8250       1.9647
    8251       2.0340
    8252       2.1970
    8253       2.1113
    8254       2.0049
    8255       1.9292
    8256       1.9477
    8257       1.9595
    8258       1.9560
    8259       1.9731
    8260       1.9779
    8261       1.9046
    8262       2.0411
    8263       2.0587
    8264       2.0113
    8265       1.8805
    8266       1.8426
    8267       1.8310
    8268       1.6944
    8269       1.7434
    8270       1.8349
    8271       1.7943
    8272       1.6842
    8273       1.8244
    8274       1.6267
    8275       1.7890
    8276       1.6811
    8277       1.7399
    8278       1.8442
    8279       1.7998
    8280       1.9402
    8281       1.7484
    8282       1.6509
    8283       1.7572
    8284       1.8466
    8285       1.6854
    8286       1.6870
    8287       1.5707
    8288       1.6847
    8289       1.7044
    8290       1.8244
    8291       1.8276
    8292       1.6834
    8293       1.7247
    8294       1.6646
    8295       1.5376
    8296       1.5986
    8297       1.6940
    8298       1.7024
    8299       1.6518
    8300       1.7270
    8301       1.6273
    8302       1.5822
    8303       1.5800
    8304       1.7820
    8305       1.7728
    8306       1.7376
    8307       1.5951
    8308       1.5682
    8309       1.4949
    8310       1.6629
    8311       1.6432
    8312       1.5565
    8313       1.6710
    8314       1.6767
    8315       1.6718
    8316       1.7615
    8317       1.7926
    8318       1.7022
    8319       1.8055
    8320       1.7867
    8321       1.7432
    8322       1.8734
    8323       1.7428
    8324       1.6581
    8325       1.7720
    8326       1.7599
    8327       1.8330
    8328       1.7987
    8329       1.8726
    8330       1.7933
    8331       1.7411
    8332       1.7514
    8333       1.6867
    8334       1.6875
    8335       1.6419
    8336       1.5268
    8337       1.6091
    8338       1.5907
    8339       1.6358
    8340       1.6124
    8341       1.7884
    8342       1.7176
    8343       1.7301
    8344       1.7530
    8345       1.7452
    8346       1.7721
    8347       1.6887
    8348       1.6468
    8349       1.6046
    8350       1.7486
    8351       1.5475
    8352       1.6222
    8353       1.7055
    8354       1.6743
    8355       1.7973
    8356       1.8271
    8357       1.8307
    8358       1.8159
    8359       2.0127
    8360       1.9954
    8361       1.7520
    8362       1.7158
    8363       1.7994
    8364       1.6798
    8365       1.7628
    8366       1.8001
    8367       1.8418
    8368       1.9052
    8369       1.7599
    8370       1.8781
    8371       1.9440
    8372       1.9034
    8373       1.8626
    8374       1.8669
    8375       1.8681
    8376       1.7505
    8377       1.7350
    8378       1.8718
    8379       1.7710
    8380       1.9831
    8381       1.8872
    8382       1.8782
    8383       2.0009
    8384       1.8511
    8385       1.9209
    8386       2.0062
    8387       1.9814
    8388       1.9392
    8389       2.0073
    8390       1.8888
    8391       2.0041
    8392       1.8709
    8393       1.7966
    8394       1.9231
    8395       2.0299
    8396       1.8102
    8397       1.8616
    8398       1.9467
    8399       1.8551
    8400       1.8944
    8401       1.8424
    8402       1.9064
    8403       1.9497
    8404       1.9801
    8405       1.9146
    8406       1.9707
    8407       1.8088
    8408       1.8393
    8409       1.7467
    8410       1.7628
    8411       1.8243
    8412       1.8181
    8413       1.9264
    8414       1.8535
    8415       1.9958
    8416       2.0710
    8417       1.9044
    8418       1.9618
    8419       1.9976
    8420       1.9642
    8421       1.7993
    8422       1.8188
    8423       1.7222
    8424       1.7298
    8425       1.6854
    8426       1.6119
    8427       1.6215
    8428       1.6354
    8429       1.7361
    8430       1.7110
    8431       1.6825
    8432       1.8153
    8433       1.7805
    8434       2.0351
    8435       1.8800
    8436       1.8154
    8437       1.8651
    8438       1.8201
    8439       1.7203
    8440       1.8739
    8441       1.9169
    8442       1.9560
    8443       1.7942
    8444       1.7551
    8445       1.8792
    8446       1.7834
    8447       1.9072
    8448       1.7483
    8449       1.8638
    8450       1.7072
    8451       1.7182
    8452       1.7061
    8453       1.7572
    8454       1.7158
    8455       1.6166
    8456       1.6463
    8457       1.6211
    8458       1.6613
    8459       1.7758
    8460       1.6556
    8461       1.6395
    8462       1.6748
    8463       1.7300
    8464       1.6568
    8465       1.6357
    8466       1.5505
    8467       1.5377
    8468       1.4688
    8469       1.7451
    8470       1.6098
    8471       1.5647
    8472       1.4569
    8473       1.5481
    8474       1.4459
    8475       1.5359
    8476       1.4096
    8477       1.4702
    8478       1.4907
    8479       1.6163
    8480       1.7743
    8481       1.8331
    8482       1.8333
    8483       1.7129
    8484       1.6377
    8485       1.6860
    8486       1.6950
    8487       1.7716
    8488       1.8272
    8489       1.7073
    8490       1.6718
    8491       1.6959
    8492       1.6180
    8493       1.6176
    8494       1.6954
    8495       1.8815
    8496       1.8183
    8497       1.7632
    8498       1.6965
    8499       1.8559
    8500       1.6502
    8501       1.6966
    8502       1.5779
    8503       1.6925
    8504       1.7137
    8505       1.7045
    8506       1.8771
    8507       1.9206
    8508       1.8723
    8509       1.7423
    8510       1.5867
    8511       1.6604
    8512       1.5727
    8513       1.6152
    8514       1.4780
    8515       1.5369
    8516       1.5472
    8517       1.5404
    8518       1.6022
    8519       1.5341
    8520       1.5383
    8521       1.5797
    8522       1.5905
    8523       1.5935
    8524       1.6089
    8525       1.5448
    8526       1.5717
    8527       1.5326
    8528       1.6636
    8529       1.5804
    8530       1.6279
    8531       1.5276
    8532       1.5397
    8533       1.6421
    8534       1.5995
    8535       1.5533
    8536       1.5823
    8537       1.5198
    8538       1.4412
    8539       1.6327
    8540       1.5988
    8541       1.6694
    8542       1.7871
    8543       1.9783
    8544       1.9569
    8545       1.8905
    8546       1.7981
    8547       1.6658
    8548       1.6654
    8549       1.6845
    8550       1.7154
    8551       1.6538
    8552       1.6876
    8553       1.7631
    8554       1.7669
    8555       1.7141
    8556       1.9274
    8557       1.8710
    8558       1.7726
    8559       1.8379
    8560       1.7504
    8561       1.6527
    8562       1.6561
    8563       1.7498
    8564       1.6505
    8565       1.7215
    8566       1.7958
    8567       1.7593
    8568       1.8215
    8569       1.8276
    8570       1.7846
    8571       1.8747
    8572       1.8297
    8573       1.8062
    8574       1.8408
    8575       1.7849
    8576       1.7650
    8577       1.6410
    8578       1.5380
    8579       1.6430
    8580       1.5172
    8581       1.5091
    8582       1.5118
    8583       1.4759
    8584       1.4627
    8585       1.4824
    8586       1.5718
    8587       1.5428
    8588       1.5452
    8589       1.5263
    8590       1.5700
    8591       1.5244
    8592       1.5269
    8593       1.5571
    8594       1.5302
    8595       1.5876
    8596       1.6248
    8597       1.5853
    8598       1.6119
    8599       1.6345
    8600       1.7004
    8601       1.6041
    8602       1.6871
    8603       1.7399
    8604       1.6712
    8605       1.6661
    8606       1.6207
    8607       1.6917
    8608       1.7357
    8609       1.6653
    8610       1.6928
    8611       1.6327
    8612       1.5864
    8613       1.5440
    8614       1.5312
    8615       1.7425
    8616       1.7033
    8617       1.5200
    8618       1.5874
    8619       1.5900
    8620       1.6317
    8621       1.6056
    8622       1.6695
    8623       1.6304
    8624       1.4982
    8625       1.6452
    8626       1.5474
    8627       1.5561
    8628       1.6164
    8629       1.6217
    8630       1.7856
    8631       1.7126
    8632       1.7604
    8633       1.8320
    8634       1.7772
    8635       1.7067
    8636       1.7874
    8637       1.6969
    8638       1.7273
    8639       1.9507
    8640       1.8191
    8641       1.6738
    8642       1.8040
    8643       1.8555
    8644       2.1372
    8645       2.1352
    8646       1.9872
    8647       1.7328
    8648       1.8602
    8649       1.8515
    8650       1.6453
    8651       1.6956
    8652       1.6545
    8653       1.6834
    8654       1.8755
    8655       1.7713
    8656       1.8222
    8657       1.7546
    8658       1.8233
    8659       1.7181
    8660       1.7171
    8661       1.6485
    8662       1.5741
    8663       1.4705
    8664       1.6572
    8665       1.5220
    8666       1.6461
    8667       1.7755
    8668       1.7320
    8669       1.6815
    8670       1.6802
    8671       1.7479
    8672       1.7221
    8673       1.7698
    8674       1.6164
    8675       1.6272
    8676       1.5351
    8677       1.5199
    8678       1.5278
    8679       1.5847
    8680       1.5207
    8681       1.6143
    8682       1.6443
    8683       1.6762
    8684       1.8966
    8685       1.7739
    8686       1.8930
    8687       1.9271
    8688       1.9612
    8689       1.9684
    8690       2.1599
    8691       2.3289
    8692       2.2370
    8693       2.3305
    8694       2.4120
    8695       2.4991
    8696       2.3750
    8697       2.3078
    8698       2.4113
    8699       2.3603
    8700       2.5099
    8701       2.4236
    8702       2.5480
    8703       2.5978
    8704       2.5855
    8705       2.5917
    8706       2.6073
    8707       2.6886
    8708       2.5807
    8709       2.4006
    8710       2.3642
    8711       2.2987
    8712       2.1814
    8713       2.0185
    8714       2.0007
    8715       1.9744
    8716       1.9925
    8717       1.9100
    8718       2.1301
    8719       2.0802
    8720       2.0698
    8721       2.0003
    8722       1.8419
    8723       1.7909
    8724       1.8187
    8725       1.9108
    8726       2.0330
    8727       1.9046
    8728       1.8171
    8729       1.8816
    8730       1.7912
    8731       1.7687
    8732       1.6830
    8733       1.7495
    8734       1.7580
    8735       1.6873
    8736       1.6306
    8737       1.6680
    8738       1.7512
    8739       1.8777
    8740       1.7867
    8741       1.8288
    8742       1.8643
    8743       1.8674
    8744       1.7828
    8745       1.8145
    8746       1.8236
    8747       1.8278
    8748       1.9939
    8749       1.9899
    8750       1.9581
    8751       1.9990
    8752       2.0379
    8753       2.1312
    8754       2.1124
    8755       1.9844
    8756       2.0170
    8757       1.8990
    8758       1.9576
    8759       1.7864
    8760       1.5615
    8761       1.7210
    8762       1.8383
    8763       1.9730
    8764       1.8225
    8765       1.8362
    8766       1.6571
    8767       1.8075
    8768       1.8728
    8769       1.8215
    8770       1.6854
    8771       1.6494
    8772       1.8054
    8773       1.8753
    8774       2.0218
    8775       1.9666
    8776       2.1636
    8777       1.9410
    8778       1.9070
    8779       1.8550
    8780       2.0378
    8781       1.9554
    8782       1.9812
    8783       1.9847
    8784       2.0457
    8785       2.1125
    8786       2.0681
    8787       2.1195
    8788       2.0471
    8789       2.1243
    8790       2.0656
    8791       2.1434
    8792       2.3023
    8793       2.4218
    8794       2.3739
    8795       2.2534
    8796       2.1056
    8797       2.1963
    8798       2.0583
    8799       1.9597
    8800       2.1067
    8801       1.8724
    8802       1.9304
    8803       1.9902
    8804       2.0249
    8805       2.0276
    8806       2.0706
    8807       1.9517
    8808       1.9591
    8809       2.0387
    8810       1.9160
    8811       1.9246
    8812       2.0449
    8813       2.0730
    8814       2.0303
    8815       1.9348
    8816       2.0615
    8817       1.9015
    8818       2.0061
    8819       2.1383
    8820       2.1189
    8821       2.0188
    8822       2.0735
    8823       2.0310
    8824       2.0355
    8825       1.9700
    8826       1.9520
    8827       1.9151
    8828       2.0108
    8829       1.9396
    8830       2.0436
    8831       2.1723
    8832       2.0501
    8833       2.0320
    8834       2.0364
    8835       2.0477
    8836       2.2253
    8837       2.0805
    8838       2.0615
    8839       1.9398
    8840       2.0794
    8841       2.1088
    8842       2.0463
    8843       2.1708
    8844       2.0375
    8845       2.0611
    8846       2.1335
    8847       2.0925
    8848       1.9738
    8849       1.9796
    8850       1.8837
    8851       1.9004
    8852       1.9633
    8853       2.1775
    8854       2.1130
    8855       2.1914
    8856       2.2340
    8857       2.1083
    8858       2.2535
    8859       2.0891
    8860       2.0942
    8861       2.1028
    8862       1.9383
    8863       2.0475
    8864       1.9904
    8865       2.0773
    8866       2.1086
    8867       2.0899
    8868       2.0220
    8869       1.9460
    8870       1.8911
    8871       1.9588
    8872       2.0426
    8873       1.9939
    8874       2.0844
    8875       2.0081
    8876       2.0696
    8877       1.9509
    8878       1.9658
    8879       1.9383
    8880       1.8868
    8881       1.8483
    8882       1.8651
    8883       1.7371
    8884       1.8544
    8885       1.7189
    8886       1.7360
    8887       1.8344
    8888       1.6825
    8889       1.9506
    8890       1.8650
    8891       1.9952
    8892       2.1458
    8893       2.0354
    8894       2.1299
    8895       2.0538
    8896       1.8729
    8897       1.8822
    8898       1.8225
    8899       1.8405
    8900       1.9052
    8901       1.9666
    8902       1.9377
    8903       2.0052
    8904       2.1108
    8905       2.0134
    8906       2.1398
    8907       2.1424
    8908       2.0612
    8909       1.8651
    8910       1.9878
    8911       1.9466
    8912       1.8817
    8913       1.9102
    8914       1.8029
    8915       1.9595
    8916       1.9254
    8917       1.8576
    8918       1.7545
    8919       1.7484
    8920       1.6837
    8921       1.6222
    8922       1.7296
    8923       1.6601
    8924       1.8112
    8925       1.7644
    8926       1.7112
    8927       1.8284
    8928       1.7406
    8929       1.8541
    8930       1.8321
    8931       1.8372
    8932       1.7391
    8933       1.7603
    8934       1.6832
    8935       1.7182
    8936       1.7282
    8937       1.7707
    8938       1.9170
    8939       1.8157
    8940       1.8268
    8941       1.9560
    8942       1.8102
    8943       1.8781
    8944       1.7243
    8945       1.7451
    8946       1.7667
    8947       1.7442
    8948       1.7765
    8949       1.8052
    8950       1.7438
    8951       1.8809
    8952       1.8049
    8953       1.6598
    8954       1.7268
    8955       1.8400
    8956       1.8796
    8957       1.8597
    8958       1.9119
    8959       2.0876
    8960       1.9792
    8961       1.9171
    8962       1.9740
    8963       1.9026
    8964       2.0982
    8965       1.9548
    8966       1.9769
    8967       1.8379
    8968       1.7979
    8969       1.7641
    8970       1.8014
    8971       1.8036
    8972       1.8697
    8973       1.9269
    8974       1.8592
    8975       1.8424
    8976       1.8284
    8977       1.8201
    8978       1.8203
    8979       1.6371
    8980       1.6545
    8981       1.7435
    8982       1.6903
    8983       1.8331
    8984       1.9195
    8985       1.7897
    8986       1.6500
    8987       1.7079
    8988       1.7110
    8989       1.6805
    8990       1.7130
    8991       1.6923
    8992       1.7867
    8993       1.7111
    8994       1.6632
    8995       1.6743
    8996       1.8058
    8997       1.7845
    8998       1.8419
    8999       1.7730
    9000       1.7339
    9001       1.8826
    9002       1.8080
    9003       1.9991
    9004       1.9007
    9005       1.9469
    9006       1.9483
    9007       1.9053
    9008       1.7733
    9009       1.7932
    9010       1.8312
    9011       1.8451
    9012       1.9174
    9013       1.8367
    9014       1.9051
    9015       1.9246
    9016       1.9090
    9017       2.0276
    9018       2.0664
    9019       2.1690
    9020       2.0364
    9021       2.0237
    9022       2.0710
    9023       2.1093
    9024       1.9787
    9025       2.1389
    9026       1.8750
    9027       1.9915
    9028       1.9066
    9029       2.0372
    9030       1.9779
    9031       1.9534
    9032       1.9324
    9033       2.0058
    9034       1.9956
    9035       1.9803
    9036       2.0739
    9037       2.1779
    9038       2.2118
    9039       2.2784
    9040       2.2106
    9041       2.1008
    9042       1.9224
    9043       1.8729
    9044       2.0835
    9045       1.8535
    9046       1.8355
    9047       1.7738
    9048       1.8322
    9049       1.7903
    9050       1.7613
    9051       1.8520
    9052       1.9047
    9053       1.9090
    9054       1.9558
    9055       1.9064
    9056       1.9732
    9057       1.8610
    9058       1.8827
    9059       2.0198
    9060       1.9279
    9061       1.8492
    9062       1.9037
    9063       1.8286
    9064       1.8288
    9065       1.8104
    9066       1.7677
    9067       1.8918
    9068       1.8514
    9069       1.8615
    9070       1.7913
    9071       1.9985
    9072       1.9249
    9073       2.1135
    9074       2.1063
    9075       1.8890
    9076       1.8555
    9077       2.1044
    9078       2.0833
    9079       1.9315
    9080       1.9605
    9081       2.0277
    9082       1.9963
    9083       1.9348
    9084       1.9850
    9085       1.8413
    9086       1.6490
    9087       1.6956
    9088       1.8548
    9089       1.9092
    9090       1.8475
    9091       1.9633
    9092       1.9486
    9093       1.9644
    9094       1.8922
    9095       1.9045
    9096       1.8534
    9097       1.9246
    9098       2.0672
    9099       1.9934
    9100       2.1160
    9101       2.0220
    9102       2.0396
    9103       1.9416
    9104       1.9563
    9105       1.8718
    9106       1.7931
    9107       1.9187
    9108       1.8947
    9109       1.9388
    9110       2.0161
    9111       1.9608
    9112       2.3211
    9113       2.2198
    9114       2.1386
    9115       2.0806
    9116       2.0552
    9117       2.1258
    9118       2.1776
    9119       2.0240
    9120       1.9984
    9121       2.0537
    9122       1.9826
    9123       2.1386
    9124       2.0778
    9125       2.1915
    9126       2.1234
    9127       1.9668
    9128       1.8976
    9129       1.9615
    9130       2.0253
    9131       2.1381
    9132       2.3685
    9133       2.5150
    9134       2.5393
    9135       2.5872
    9136       2.8098
    9137       2.7383
    9138       2.6011
    9139       2.4933
    9140       2.3757
    9141       2.4941
    9142       2.3977
    9143       2.2997
    9144       2.4035
    9145       2.4215
    9146       2.4029
    9147       2.4823
    9148       2.5482
    9149       2.7870
    9150       2.5158
    9151       2.4550
    9152       2.5011
    9153       2.4518
    9154       2.4449
    9155       2.4512
    9156       2.5596
    9157       2.4043
    9158       2.5017
    9159       2.4862
    9160       2.5801
    9161       2.5587
    9162       2.4467
    9163       2.3643
    9164       2.4619
    9165       2.4239
    9166       2.4361
    9167       2.5662
    9168       2.8046
    9169       2.7345
    9170       2.7496
    9171       2.5977
    9172       2.6493
    9173       2.5938
    9174       2.6765
    9175       2.5776
    9176       2.4706
    9177       2.6892
    9178       2.7144
    9179       2.6634
    9180       2.7962
    9181       2.9457
    9182       2.8236
    9183       2.7787
    9184       3.0324
    9185       3.0641
    9186       2.9157
    9187       2.6594
    9188       2.7686
    9189       2.6191
    9190       2.7733
    9191       2.6411
    9192       2.6183
    9193       2.6824
    9194       2.4732
    9195       2.6740
    9196       2.8168
    9197       2.7067
    9198       2.6667
    9199       2.6621
    9200       2.5423
    9201       2.4674
    9202       2.5441
    9203       2.5201
    9204       2.4856
    9205       2.5857
    9206       2.4467
    9207       2.4446
    9208       2.2930
    9209       2.4302
    9210       2.3676
    9211       2.2899
    9212       2.4327
    9213       2.4909
    9214       2.7210
    9215       2.6429
    9216       2.7167
    9217       2.6325
    9218       2.6394
    9219       2.8960
    9220       2.7567
    9221       2.7679
    9222       2.5818
    9223       2.6359
    9224       2.4285
    9225       2.4335
    9226       2.6995
    9227       2.6036
    9228       2.5538
    9229       2.5925
    9230       2.5960
    9231       2.5916
    9232       2.4680
    9233       2.5233
    9234       2.4321
    9235       2.4112
    9236       2.3963
    9237       2.4976
    9238       2.7073
    9239       2.4863
    9240       2.4050
    9241       2.4589
    9242       2.4360
    9243       2.4105
    9244       2.2819
    9245       2.3700
    9246       2.2049
    9247       2.1972
    9248       2.3349
    9249       2.5159
    9250       2.3626
    9251       2.4136
    9252       2.5240
    9253       2.4732
    9254       2.2475
    9255       2.1876
    9256       2.0661
    9257       2.2103
    9258       2.0900
    9259       2.2522
    9260       2.5135
    9261       2.3227
    9262       2.4279
    9263       2.5147
    9264       2.5043
    9265       2.5794
    9266       2.5334
    9267       2.3102
    9268       2.3019
    9269       2.0187
    9270       2.0762
    9271       1.9836
    9272       2.0269
    9273       2.1056
    9274       2.2037
    9275       2.2642
    9276       2.2777
    9277       2.3076
    9278       2.3080
    9279       2.0913
    9280       2.0513
    9281       2.0201
    9282       2.0172
    9283       2.1512
    9284       2.0560
    9285       2.0674
    9286       2.0832
    9287       2.1366
    9288       2.2295
    9289       2.0608
    9290       2.2178
    9291       2.3278
    9292       2.2294
    9293       2.2044
    9294       2.1183
    9295       2.1317
    9296       2.0643
    9297       2.1872
    9298       2.0615
    9299       2.1294
    9300       2.1391
    9301       1.9607
    9302       1.9604
    9303       2.0275
    9304       2.1158
    9305       2.1920
    9306       2.0844
    9307       2.1665
    9308       2.3174
    9309       2.1235
    9310       2.2500
    9311       2.2623
    9312       2.1610
    9313       2.1134
    9314       1.9468
    9315       1.9289
    9316       2.0215
    9317       1.9143
    9318       2.0307
    9319       2.1018
    9320       2.0611
    9321       2.1620
    9322       2.1044
    9323       2.2948
    9324       2.0776
    9325       2.1150
    9326       2.0322
    9327       2.0807
    9328       2.1245
    9329       2.1032
    9330       2.1069
    9331       2.0745
    9332       2.0230
    9333       2.0238
    9334       2.0471
    9335       2.1817
    9336       2.1469
    9337       2.1429
    9338       2.1657
    9339       2.1422
    9340       2.1677
    9341       2.0916
    9342       2.1700
    9343       2.0271
    9344       2.1504
    9345       2.0889
    9346       2.1185
    9347       2.0977
    9348       2.2095
    9349       2.1726
    9350       2.1408
    9351       2.1634
    9352       2.2952
    9353       2.1995
    9354       2.2893
    9355       2.1942
    9356       2.2232
    9357       2.0748
    9358       2.1181
    9359       2.1138
    9360       2.1216
    9361       2.2297
    9362       2.1507
    9363       2.1249
    9364       2.0497
    9365       2.1706
    9366       2.0842
    9367       2.0098
    9368       2.0540
    9369       2.0384
    9370       2.1376
    9371       2.0535
    9372       1.9827
    9373       2.0624
    9374       2.0695
    9375       1.9240
    9376       1.8776
    9377       1.9461
    9378       1.9010
    9379       2.0500
    9380       2.1470
    9381       2.1116
    9382       2.1128
    9383       2.1809
    9384       2.2211
    9385       2.2870
    9386       2.2177
    9387       2.1727
    9388       2.2851
    9389       2.3521
    9390       2.3369
    9391       2.3061
    9392       2.2615
    9393       2.4258
    9394       2.4777
    9395       2.6198
    9396       2.5989
    9397       2.6259
    9398       2.6227
    9399       2.5275
    9400       2.4420
    9401       2.5026
    9402       2.4325
    9403       2.3684
    9404       2.5683
    9405       2.5140
    9406       2.3842
    9407       2.3883
    9408       2.5645
    9409       2.4565
    9410       2.2889
    9411       2.1672
    9412       2.3175
    9413       2.4988
    9414       2.5092
    9415       2.4286
    9416       2.7774
    9417       2.5996
    9418       2.5094
    9419       2.6668
    9420       2.5707
    9421       2.4476
    9422       2.3723
    9423       2.6315
    9424       2.6280
    9425       2.6393
    9426       2.7650
    9427       2.7126
    9428       2.8194
    9429       2.7608
    9430       2.6957
    9431       2.7966
    9432       2.6647
    9433       2.4368
    9434       2.6161
    9435       2.5665
    9436       2.6577
    9437       2.6191
    9438       2.6268
    9439       2.5972
    9440       2.5666
    9441       2.6304
    9442       2.5813
    9443       2.5271
    9444       2.4023
    9445       2.5224
    9446       2.4634
    9447       2.6964
    9448       2.7015
    9449       2.5928
    9450       2.6864
    9451       2.6958
    9452       2.8478
    9453       2.6758
    9454       2.7171
    9455       2.5976
    9456       2.5087
    9457       2.5626
    9458       2.4585
    9459       2.6103
    9460       2.5497
    9461       2.4875
    9462       2.3583
    9463       2.4200
    9464       2.3076
    9465       2.4732
    9466       2.3882
    9467       2.3776
    9468       2.4663
    9469       2.5131
    9470       2.5705
    9471       2.5892
    9472       2.5462
    9473       2.4347
    9474       2.5235
    9475       2.5281
    9476       2.4697
    9477       2.5722
    9478       2.6027
    9479       2.5279
    9480       2.4421
    9481       2.6323
    9482       2.5044
    9483       2.5653
    9484       2.5379
    9485       2.6682
    9486       2.5489
    9487       2.5223
    9488       2.4624
    9489       2.6059
    9490       2.5327
    9491       2.5630
    9492       2.4845
    9493       2.4028
    9494       2.3164
    9495       2.3888
    9496       2.3902
    9497       2.3732
    9498       2.5101
    9499       2.3358
    9500       2.2818
    9501       2.3706
    9502       2.4956
    9503       2.5884
    9504       2.5305
    9505       2.4611
    9506       2.5272
    9507       2.5515
    9508       2.6360
    9509       2.5318
    9510       2.6598
    9511       2.6786
    9512       2.5787
    9513       2.7298
    9514       2.6622
    9515       2.5163
    9516       2.4894
    9517       2.3538
    9518       2.6969
    9519       2.6137
    9520       2.5903
    9521       2.5017
    9522       2.6250
    9523       2.5780
    9524       2.5334
    9525       2.5445
    9526       2.6234
    9527       2.4949
    9528       2.5169
    9529       2.4702
    9530       2.5283
    9531       2.3997
    9532       2.5456
    9533       2.5968
    9534       2.6988
    9535       2.6014
    9536       2.4429
    9537       2.3902
    9538       2.3258
    9539       2.2010
    9540       2.3434
    9541       2.2046
    9542       2.2248
    9543       2.4779
    9544       2.1668
    9545       2.4163
    9546       2.4514
    9547       2.3763
    9548       2.4057
    9549       2.3358
    9550       2.5452
    9551       2.6222
    9552       2.4760
    9553       2.4396
    9554       2.4994
    9555       2.5181
    9556       2.6719
    9557       2.4345
    9558       2.5471
    9559       2.3731
    9560       2.3593
    9561       2.4767
    9562       2.3906
    9563       2.6802
    9564       2.4308
    9565       2.1814
    9566       2.1892
    9567       2.3577
    9568       2.3083
    9569       2.1328
    9570       1.9838
    9571       2.0206
    9572       1.9934
    9573       2.0636
    9574       2.1825
    9575       2.1427
    9576       2.1916
    9577       2.2553
    9578       2.3410
    9579       2.2281
    9580       2.2645
    9581       2.2217
    9582       2.3603
    9583       2.2097
    9584       2.4649
    9585       2.2470
    9586       2.1659
    9587       2.2666
    9588       2.2117
    9589       2.4167
    9590       2.4326
    9591       2.5110
    9592       2.4685
    9593       2.4211
    9594       2.3884
    9595       2.1964
    9596       2.1845
    9597       2.4836
    9598       2.4554
    9599       2.4514
    9600       2.5005
    9601       2.4202
    9602       2.5188
    9603       2.6633
    9604       2.6057
    9605       2.6617
    9606       2.4450
    9607       2.5380
    9608       2.5669
    9609       2.6164
    9610       2.5567
    9611       2.5077
    9612       2.5156
    9613       2.5451
    9614       2.5988
    9615       2.4820
    9616       2.4554
    9617       2.5264
    9618       2.3781
    9619       2.3088
    9620       2.0831
    9621       2.1191
    9622       2.1038
    9623       2.4439
    9624       2.3415
    9625       2.5057
    9626       2.7414
    9627       2.7602
    9628       2.6327
    9629       2.6973
    9630       2.7260
    9631       2.6977
    9632       2.9258
    9633       3.1463
    9634       3.0951
    9635       3.0104
    9636       2.7515
    9637       2.7993
    9638       2.7182
    9639       2.7958
    9640       2.6720
    9641       2.7093
    9642       2.8612
    9643       2.7717
    9644       2.7632
    9645       2.7024
    9646       2.4524
    9647       2.5438
    9648       2.4703
    9649       2.5065
    9650       2.4936
    9651       2.2175
    9652       2.2687
    9653       2.2764
    9654       2.2765
    9655       2.3765
    9656       2.4093
    9657       2.3948
    9658       2.3976
    9659       2.3776
    9660       2.0887
    9661       2.2234
    9662       2.2226
    9663       2.2926
    9664       2.3598
    9665       2.4154
    9666       2.5535
    9667       2.4679
    9668       2.4599
    9669       2.2626
    9670       2.3919
    9671       2.4165
    9672       2.5224
    9673       2.6118
    9674       2.5210
    9675       2.4894
    9676       2.6655
    9677       2.6509
    9678       2.5399
    9679       2.6600
    9680       2.6633
    9681       2.6526
    9682       2.5744
    9683       2.7175
    9684       2.4785
    9685       2.6367
    9686       2.7535
    9687       2.7959
    9688       2.8783
    9689       2.8007
    9690       2.7622
    9691       2.7267
    9692       2.6939
    9693       2.6017
    9694       2.5875
    9695       2.6046
    9696       2.5592
    9697       2.7288
    9698       2.6752
    9699       2.4770
    9700       2.6236
    9701       2.5625
    9702       2.6219
    9703       2.6379
    9704       2.7734
    9705       2.7465
    9706       2.8786
    9707       2.7156
    9708       2.7978
    9709       2.8584
    9710       3.0184
    9711       3.0936
    9712       2.9098
    9713       2.8204
    9714       2.7556
    9715       2.4982
    9716       2.7246
    9717       2.7604
    9718       2.6920
    9719       2.7287
    9720       2.6097
    9721       2.3231
    9722       2.4460
    9723       2.3804
    9724       2.3700
    9725       2.7091
    9726       2.6243
    9727       2.5707
    9728       2.6273
    9729       2.5788
    9730       2.5549
    9731       2.7021
    9732       2.7940
    9733       2.6434
    9734       2.7037
    9735       2.7205
    9736       2.8062
    9737       2.7714
    9738       2.5605
    9739       2.3325
    9740       2.2539
    9741       2.4509
    9742       2.4216
    9743       2.4228
    9744       2.2552
    9745       2.1738
    9746       2.3405
    9747       2.4408
    9748       2.4807
    9749       2.2667
    9750       2.3638
    9751       2.5588
    9752       2.6373
    9753       2.6674
    9754       2.5509
    9755       2.6829
    9756       2.5320
    9757       2.5072
    9758       2.3424
    9759       2.1692
    9760       2.4434
    9761       2.3726
    9762       2.2694
    9763       2.3456
    9764       2.5358
    9765       2.5731
    9766       2.7772
    9767       2.6559
    9768       2.8099
    9769       2.9623
    9770       2.8340
    9771       2.7704
    9772       2.7310
    9773       2.7846
    9774       2.7648
    9775       2.6655
    9776       2.6977
    9777       2.6282
    9778       2.4502
    9779       2.5095
    9780       2.6192
    9781       2.5976
    9782       2.7798
    9783       2.7668
    9784       2.8465
    9785       2.7671
    9786       2.6534
    9787       2.8076
    9788       2.7117
    9789       2.7181
    9790       2.6919
    9791       2.6320
    9792       2.7389
    9793       2.7963
    9794       3.1307
    9795       3.0466
    9796       3.1050
    9797       3.0650
    9798       2.9374
    9799       2.8626
    9800       2.6929
    9801       2.9049
    9802       2.8124
    9803       2.8543
    9804       2.7724
    9805       2.7340
    9806       2.6923
    9807       2.9386
    9808       3.0502
    9809       2.9246
    9810       2.8126
    9811       3.1061
    9812       2.8925
    9813       2.9518
    9814       3.0853
    9815       3.5066
    9816       3.3772
    9817       3.3836
    9818       3.5348
    9819       3.2636
    9820       3.2660
    9821       3.1767
    9822       3.0248
    9823       3.0019
    9824       3.3434
    9825       3.5839
    9826       3.3800
    9827       3.2901
    9828       3.1343
    9829       3.1301
    9830       3.0684
    9831       3.0941
    9832       2.9993
    9833       2.7789
    9834       2.9240
    9835       3.0250
    9836       3.2364
    9837       3.1360
    9838       2.8858
    9839       3.0107
    9840       3.1594
    9841       2.9604
    9842       3.1200
    9843       3.2319
    9844       3.2995
    9845       3.2682
    9846       3.2362
    9847       3.2489
    9848       2.7459
    9849       2.8294
    9850       2.6615
    9851       2.4967
    9852       2.7408
    9853       2.6367
    9854       2.8768
    9855       3.0828
    9856       3.0911
    9857       2.9964
    9858       3.0174
    9859       3.0972
    9860       2.9066
    9861       3.1193
    9862       2.7879
    9863       2.7822
    9864       2.8475
    9865       2.7891
    9866       2.6919
    9867       2.9311
    9868       2.9906
    9869       2.9293
    9870       2.6940
    9871       2.7427
    9872       2.6357
    9873       2.6069
    9874       2.7791
    9875       2.6276
    9876       2.7762
    9877       2.7592
    9878       2.6770
    9879       2.5643
    9880       2.6963
    9881       2.8385
    9882       3.0460
    9883       3.1395
    9884       3.0544
    9885       2.9723
    9886       3.0376
    9887       2.8855
    9888       2.7197
    9889       2.8289
    9890       2.6791
    9891       2.6515
    9892       2.5777
    9893       2.5205
    9894       2.4793
    9895       2.5739
    9896       2.6327
    9897       2.6339
    9898       2.6397
    9899       2.5759
    9900       2.6434
    9901       2.6400
    9902       2.6960
    9903       2.8900
    9904       2.8367
    9905       2.9639
    9906       3.0498
    9907       3.0049
    9908       2.9506
    9909       2.9596
    9910       2.7364
    9911       2.9046
    9912       2.8493
    9913       2.9394
    9914       2.9422
    9915       2.7598
    9916       2.7707
    9917       2.8548
    9918       2.7664
    9919       2.5813
    9920       2.6440
    9921       2.3588
    9922       2.4870
    9923       2.4139
    9924       2.5360
    9925       2.5559
    9926       2.5118
    9927       2.3664
    9928       2.5946
    9929       2.5751
    9930       2.5488
    9931       2.4038
    9932       2.3474
    9933       2.3086
    9934       2.5036
    9935       2.2847
    9936       2.4841
    9937       2.4523
    9938       2.7136
    9939       2.6061
    9940       2.6524
    9941       2.4017
    9942       2.5648
    9943       2.4979
    9944       2.4848
    9945       2.5761
    9946       2.3639
    9947       2.5368
    9948       2.7563
    9949       2.4135
    9950       2.3920
    9951       2.5151
    9952       2.6182
    9953       2.6589
    9954       2.5891
    9955       2.7206
    9956       2.5952
    9957       2.6070
    9958       2.4935
    9959       2.4713
    9960       2.3946
    9961       2.4179
    9962       2.4135
    9963       2.1663
    9964       2.3888
    9965       2.4278
    9966       2.5272
    9967       2.7314
    9968       2.8419
    9969       2.7558
    9970       2.7031
    9971       2.5374
    9972       2.8223
    9973       2.7401
    9974       2.7332
    9975       2.8579
    9976       2.6426
    9977       2.8299
    9978       2.8453
    9979       2.8172
    9980       2.8757
    9981       2.6595
    9982       2.6565
    9983       2.8505
    9984       2.7001
    9985       2.6283
    9986       2.6149
    9987       2.6646
    9988       2.7751
    9989       2.7471
    9990       2.8905
    9991       3.0217
    9992       3.2675
    9993       3.2110
    9994       3.2176
    9995       3.0196
    9996       2.8959
    9997       2.8256
    9998       2.7012
    9999       2.7603
   10000       2.6093
