#Frame      RoG_00001
       1      28.0433
       2      27.9521
       3      28.0765
       4      28.0897
       5      28.0771
       6      28.1605
       7      28.1927
       8      28.1308
       9      28.1315
      10      28.2041
      11      28.1722
      12      28.1601
      13      28.2020
      14      28.2052
      15      28.2145
      16      28.2564
      17      28.1592
      18      28.1305
      19      28.1837
      20      28.2999
      21      28.2341
      22      28.3063
      23      28.3074
      24      28.4198
      25      28.3660
      26      28.3707
      27      28.3385
      28      28.3601
      29      28.3706
      30      28.3703
      31      28.5583
      32      28.6163
      33      28.4824
      34      28.4776
      35      28.4577
      36      28.5053
      37      28.4956
      38      28.4942
      39      28.3183
      40      28.3083
      41      28.2346
      42      28.2475
      43      28.3369
      44      28.2640
      45      28.2906
      46      28.3246
      47      28.2446
      48      28.2691
      49      28.3041
      50      28.2876
      51      28.3107
      52      28.3075
      53      28.3630
      54      28.4476
      55      28.2871
      56      28.2176
      57      28.2106
      58      28.2623
      59      28.1413
      60      28.3231
      61      28.2536
      62      28.2205
      63      28.2500
      64      28.4882
      65      28.4428
      66      28.3686
      67      28.3763
      68      28.3574
      69      28.3499
      70      28.3663
      71      28.4369
      72      28.4713
      73      28.5264
      74      28.4781
      75      28.4915
      76      28.4339
      77      28.4626
      78      28.4861
      79      28.3940
      80      28.4307
      81      28.5331
      82      28.4330
      83      28.3035
      84      28.2990
      85      28.4254
      86      28.3180
      87      28.4681
      88      28.4694
      89      28.4638
      90      28.5227
      91      28.3306
      92      28.3574
      93      28.5300
      94      28.3494
      95      28.3221
      96      28.2707
      97      28.2804
      98      28.2546
      99      28.2932
     100      28.3034
     101      28.3451
     102      28.3894
     103      28.3177
     104      28.3729
     105      28.4259
     106      28.3613
     107      28.4242
     108      28.3861
     109      28.4309
     110      28.4302
     111      28.6273
     112      28.4567
     113      28.5970
     114      28.4562
     115      28.3970
     116      28.4991
     117      28.4225
     118      28.4852
     119      28.3482
     120      28.3351
     121      28.4167
     122      28.5914
     123      28.5547
     124      28.4752
     125      28.4102
     126      28.4329
     127      28.3462
     128      28.3519
     129      28.3926
     130      28.3494
     131      28.2360
     132      28.4188
     133      28.3492
     134      28.3817
     135      28.3963
     136      28.3888
     137      28.4294
     138      28.4121
     139      28.3361
     140      28.3518
     141      28.4842
     142      28.4150
     143      28.3730
     144      28.3959
     145      28.4243
     146      28.4805
     147      28.5003
     148      28.5418
     149      28.4734
     150      28.3444
     151      28.3121
     152      28.2933
     153      28.3468
     154      28.4933
     155      28.4670
     156      28.4475
     157      28.4898
     158      28.5120
     159      28.4329
     160      28.4999
     161      28.4576
     162      28.6022
     163      28.5008
     164      28.3894
     165      28.2576
     166      28.4075
     167      28.4166
     168      28.4153
     169      28.4624
     170      28.5405
     171      28.5256
     172      28.4395
     173      28.4321
     174      28.4701
     175      28.4707
     176      28.4401
     177      28.4422
     178      28.6093
     179      28.5040
     180      28.4889
     181      28.5412
     182      28.4946
     183      28.4088
     184      28.4857
     185      28.4728
     186      28.5020
     187      28.5020
     188      28.4247
     189      28.4667
     190      28.5091
     191      28.4514
     192      28.4331
     193      28.4567
     194      28.3458
     195      28.4166
     196      28.3771
     197      28.5214
     198      28.5485
     199      28.4592
     200      28.3512
     201      28.3046
     202      28.2917
     203      28.2513
     204      28.3751
     205      28.3180
     206      28.2882
     207      28.3864
     208      28.3593
     209      28.2846
     210      28.3713
     211      28.5835
     212      28.4416
     213      28.4515
     214      28.2844
     215      28.3363
     216      28.2150
     217      28.2330
     218      28.2309
     219      28.3084
     220      28.4227
     221      28.3642
     222      28.3372
     223      28.5045
     224      28.3996
     225      28.4060
     226      28.3667
     227      28.2928
     228      28.3106
     229      28.3579
     230      28.3870
     231      28.4466
     232      28.4708
     233      28.3847
     234      28.5276
     235      28.3545
     236      28.5126
     237      28.4483
     238      28.4658
     239      28.5411
     240      28.4924
     241      28.4383
     242      28.5051
     243      28.4354
     244      28.4650
     245      28.4756
     246      28.4256
     247      28.4619
     248      28.3824
     249      28.5437
     250      28.5038
     251      28.5115
     252      28.4774
     253      28.3508
     254      28.2986
     255      28.4583
     256      28.4372
     257      28.2905
     258      28.2783
     259      28.3977
     260      28.3623
     261      28.4335
     262      28.4134
     263      28.2915
     264      28.3126
     265      28.2201
     266      28.2859
     267      28.3438
     268      28.3158
     269      28.4374
     270      28.4637
     271      28.3384
     272      28.5086
     273      28.5037
     274      28.4657
     275      28.3646
     276      28.4503
     277      28.3743
     278      28.3691
     279      28.3854
     280      28.3232
     281      28.4099
     282      28.2945
     283      28.2481
     284      28.4393
     285      28.2967
     286      28.3280
     287      28.3264
     288      28.2760
     289      28.2633
     290      28.2351
     291      28.3471
     292      28.3058
     293      28.2759
     294      28.2786
     295      28.3159
     296      28.3265
     297      28.2115
     298      28.2514
     299      28.3176
     300      28.3605
     301      28.3376
     302      28.2813
     303      28.3742
     304      28.2601
     305      28.4033
     306      28.3134
     307      28.3921
     308      28.3569
     309      28.2053
     310      28.2602
     311      28.2349
     312      28.1915
     313      28.1895
     314      28.1333
     315      28.1300
     316      28.1423
     317      28.2008
     318      28.1659
     319      28.0449
     320      28.1232
     321      28.1187
     322      28.1181
     323      28.0347
     324      28.1157
     325      28.0614
     326      28.0454
     327      28.0299
     328      28.0938
     329      28.1020
     330      28.2055
     331      28.1872
     332      28.1078
     333      28.2433
     334      28.1208
     335      28.1564
     336      28.1046
     337      28.1653
     338      28.2284
     339      28.0816
     340      28.0762
     341      28.1367
     342      28.2846
     343      28.1938
     344      28.2854
     345      28.3262
     346      28.2322
     347      28.1890
     348      28.2281
     349      28.3054
     350      28.2831
     351      28.4155
     352      28.3036
     353      28.2125
     354      28.3063
     355      28.3031
     356      28.3831
     357      28.3627
     358      28.3397
     359      28.3353
     360      28.2104
     361      28.2491
     362      28.2747
     363      28.2725
     364      28.3109
     365      28.2767
     366      28.3585
     367      28.3333
     368      28.3301
     369      28.3596
     370      28.2662
     371      28.2982
     372      28.3508
     373      28.4882
     374      28.4320
     375      28.6125
     376      28.4654
     377      28.4725
     378      28.5750
     379      28.4852
     380      28.6260
     381      28.6748
     382      28.5034
     383      28.5894
     384      28.3458
     385      28.4166
     386      28.4588
     387      28.3063
     388      28.4935
     389      28.5223
     390      28.4009
     391      28.5044
     392      28.3948
     393      28.4965
     394      28.5527
     395      28.4746
     396      28.4317
     397      28.4581
     398      28.5745
     399      28.3972
     400      28.4448
     401      28.4555
     402      28.4262
     403      28.4378
     404      28.4481
     405      28.2930
     406      28.4239
     407      28.3633
     408      28.3628
     409      28.4526
     410      28.4523
     411      28.4210
     412      28.4378
     413      28.4063
     414      28.4468
     415      28.5120
     416      28.4283
     417      28.3472
     418      28.3374
     419      28.4175
     420      28.4306
     421      28.3712
     422      28.3559
     423      28.3132
     424      28.3771
     425      28.4171
     426      28.5228
     427      28.5396
     428      28.4538
     429      28.4090
     430      28.3876
     431      28.4468
     432      28.4539
     433      28.3634
     434      28.3042
     435      28.3287
     436      28.2831
     437      28.2896
     438      28.2771
     439      28.2656
     440      28.2363
     441      28.3486
     442      28.2561
     443      28.2784
     444      28.2271
     445      28.2888
     446      28.3184
     447      28.2841
     448      28.2800
     449      28.2401
     450      28.3742
     451      28.2834
     452      28.2101
     453      28.3071
     454      28.2962
     455      28.2934
     456      28.3072
     457      28.3163
     458      28.3618
     459      28.4766
     460      28.3289
     461      28.1925
     462      28.3219
     463      28.2029
     464      28.2819
     465      28.3274
     466      28.3549
     467      28.2873
     468      28.4757
     469      28.4465
     470      28.4480
     471      28.5488
     472      28.3295
     473      28.2066
     474      28.2646
     475      28.2781
     476      28.2673
     477      28.2921
     478      28.2626
     479      28.3865
     480      28.4226
     481      28.4420
     482      28.3130
     483      28.3864
     484      28.3462
     485      28.4294
     486      28.2812
     487      28.3559
     488      28.3061
     489      28.2212
     490      28.2763
     491      28.3711
     492      28.3037
     493      28.2989
     494      28.3546
     495      28.3502
     496      28.2462
     497      28.2460
     498      28.3230
     499      28.3229
     500      28.2496
     501      28.3257
     502      28.3103
     503      28.3209
     504      28.3462
     505      28.2155
     506      28.3554
     507      28.2505
     508      28.2736
     509      28.3224
     510      28.3221
     511      28.3594
     512      28.4404
     513      28.3507
     514      28.4533
     515      28.5204
     516      28.3312
     517      28.3962
     518      28.3693
     519      28.3719
     520      28.3215
     521      28.3683
     522      28.4101
     523      28.2583
     524      28.3138
     525      28.3583
     526      28.3070
     527      28.3127
     528      28.3318
     529      28.3744
     530      28.3004
     531      28.3791
     532      28.4832
     533      28.2948
     534      28.3727
     535      28.3723
     536      28.2990
     537      28.4198
     538      28.3772
     539      28.3754
     540      28.2422
     541      28.3465
     542      28.3325
     543      28.4573
     544      28.4511
     545      28.4699
     546      28.4849
     547      28.3350
     548      28.3720
     549      28.4088
     550      28.2999
     551      28.3244
     552      28.3550
     553      28.5201
     554      28.5236
     555      28.5258
     556      28.3609
     557      28.4250
     558      28.3657
     559      28.3641
     560      28.3733
     561      28.4397
     562      28.3925
     563      28.3323
     564      28.2069
     565      28.2708
     566      28.3373
     567      28.3874
     568      28.3579
     569      28.3954
     570      28.3950
     571      28.4542
     572      28.3310
     573      28.3296
     574      28.3181
     575      28.3348
     576      28.4388
     577      28.4436
     578      28.2946
     579      28.4041
     580      28.4451
     581      28.4363
     582      28.3772
     583      28.3756
     584      28.3567
     585      28.3320
     586      28.3626
     587      28.3972
     588      28.4631
     589      28.3867
     590      28.4602
     591      28.4557
     592      28.5171
     593      28.4482
     594      28.4040
     595      28.2970
     596      28.2617
     597      28.1845
     598      28.3336
     599      28.4682
     600      28.4650
     601      28.3898
     602      28.4187
     603      28.4087
     604      28.5428
     605      28.4087
     606      28.3906
     607      28.3725
     608      28.5198
     609      28.3807
     610      28.4558
     611      28.4148
     612      28.3936
     613      28.3755
     614      28.3379
     615      28.4511
     616      28.4457
     617      28.2873
     618      28.3992
     619      28.3821
     620      28.3858
     621      28.2931
     622      28.2973
     623      28.3986
     624      28.5474
     625      28.3157
     626      28.2877
     627      28.3197
     628      28.4052
     629      28.4224
     630      28.4022
     631      28.3521
     632      28.5070
     633      28.4537
     634      28.4912
     635      28.4717
     636      28.5191
     637      28.4189
     638      28.5190
     639      28.4364
     640      28.4808
     641      28.4403
     642      28.4699
     643      28.4002
     644      28.5201
     645      28.5153
     646      28.3856
     647      28.3762
     648      28.5099
     649      28.4292
     650      28.3228
     651      28.3319
     652      28.4344
     653      28.3758
     654      28.4127
     655      28.3605
     656      28.3026
     657      28.2888
     658      28.3584
     659      28.4418
     660      28.3649
     661      28.3648
     662      28.4820
     663      28.5307
     664      28.4393
     665      28.4063
     666      28.4054
     667      28.5091
     668      28.4621
     669      28.3896
     670      28.3683
     671      28.3888
     672      28.4577
     673      28.4201
     674      28.3606
     675      28.4269
     676      28.3031
     677      28.4184
     678      28.4357
     679      28.4147
     680      28.4264
     681      28.3806
     682      28.4163
     683      28.4872
     684      28.4369
     685      28.4030
     686      28.3694
     687      28.4223
     688      28.3634
     689      28.3067
     690      28.4024
     691      28.3241
     692      28.2633
     693      28.2905
     694      28.2416
     695      28.2606
     696      28.3131
     697      28.3059
     698      28.3995
     699      28.4864
     700      28.4051
     701      28.4799
     702      28.3198
     703      28.5263
     704      28.3987
     705      28.3336
     706      28.4923
     707      28.5126
     708      28.4620
     709      28.5032
     710      28.3929
     711      28.3858
     712      28.4034
     713      28.3894
     714      28.4981
     715      28.4603
     716      28.5151
     717      28.4537
     718      28.5865
     719      28.5510
     720      28.5635
     721      28.4778
     722      28.5012
     723      28.5833
     724      28.4206
     725      28.4517
     726      28.5088
     727      28.5533
     728      28.5554
     729      28.4669
     730      28.5137
     731      28.5756
     732      28.4589
     733      28.5102
     734      28.4851
     735      28.5083
     736      28.3904
     737      28.4501
     738      28.5182
     739      28.4920
     740      28.4718
     741      28.4732
     742      28.4512
     743      28.4464
     744      28.3732
     745      28.3549
     746      28.4529
     747      28.4422
     748      28.4878
     749      28.3496
     750      28.4110
     751      28.4313
     752      28.3975
     753      28.4140
     754      28.3556
     755      28.3653
     756      28.4002
     757      28.4752
     758      28.4153
     759      28.2847
     760      28.3612
     761      28.3824
     762      28.2173
     763      28.3836
     764      28.3464
     765      28.4677
     766      28.3746
     767      28.5081
     768      28.4930
     769      28.4985
     770      28.4926
     771      28.4360
     772      28.4648
     773      28.4848
     774      28.4878
     775      28.4473
     776      28.4226
     777      28.4580
     778      28.5373
     779      28.3603
     780      28.3599
     781      28.4359
     782      28.5424
     783      28.4287
     784      28.4702
     785      28.2990
     786      28.4236
     787      28.4167
     788      28.4645
     789      28.3918
     790      28.3850
     791      28.4471
     792      28.4600
     793      28.3277
     794      28.4319
     795      28.3788
     796      28.5134
     797      28.6348
     798      28.4001
     799      28.5430
     800      28.5612
     801      28.3809
     802      28.4861
     803      28.4518
     804      28.5212
     805      28.4568
     806      28.4289
     807      28.3592
     808      28.4817
     809      28.4553
     810      28.5174
     811      28.4127
     812      28.3912
     813      28.4134
     814      28.3454
     815      28.4663
     816      28.5405
     817      28.4623
     818      28.3759
     819      28.4473
     820      28.4151
     821      28.3627
     822      28.3671
     823      28.4481
     824      28.3694
     825      28.3317
     826      28.2191
     827      28.3411
     828      28.3005
     829      28.2833
     830      28.3393
     831      28.2964
     832      28.3061
     833      28.2967
     834      28.3002
     835      28.3012
     836      28.3604
     837      28.4463
     838      28.4713
     839      28.4507
     840      28.5067
     841      28.4649
     842      28.4789
     843      28.4142
     844      28.3509
     845      28.3723
     846      28.3841
     847      28.4301
     848      28.4838
     849      28.4218
     850      28.4642
     851      28.4789
     852      28.4111
     853      28.3590
     854      28.4458
     855      28.4239
     856      28.4428
     857      28.5272
     858      28.4608
     859      28.3339
     860      28.3252
     861      28.2840
     862      28.3146
     863      28.4266
     864      28.4624
     865      28.4279
     866      28.3756
     867      28.3837
     868      28.4362
     869      28.4681
     870      28.5052
     871      28.5092
     872      28.5425
     873      28.6315
     874      28.5211
     875      28.5183
     876      28.6167
     877      28.5929
     878      28.5306
     879      28.5522
     880      28.3232
     881      28.3847
     882      28.4591
     883      28.4030
     884      28.5035
     885      28.5128
     886      28.4154
     887      28.4663
     888      28.3640
     889      28.3699
     890      28.4346
     891      28.4966
     892      28.4474
     893      28.3812
     894      28.4447
     895      28.4510
     896      28.3822
     897      28.3234
     898      28.3959
     899      28.4936
     900      28.5761
     901      28.5074
     902      28.4479
     903      28.4694
     904      28.4627
     905      28.5522
     906      28.4162
     907      28.3975
     908      28.4549
     909      28.4071
     910      28.3427
     911      28.3917
     912      28.2934
     913      28.3704
     914      28.3629
     915      28.3841
     916      28.4961
     917      28.3906
     918      28.4610
     919      28.4109
     920      28.5012
     921      28.5014
     922      28.4698
     923      28.5643
     924      28.5592
     925      28.5266
     926      28.4989
     927      28.5146
     928      28.4776
     929      28.5102
     930      28.6584
     931      28.5138
     932      28.5989
     933      28.5358
     934      28.5171
     935      28.5008
     936      28.4658
     937      28.4015
     938      28.5761
     939      28.5314
     940      28.5490
     941      28.5638
     942      28.5003
     943      28.5369
     944      28.4990
     945      28.6204
     946      28.5870
     947      28.4915
     948      28.4013
     949      28.4672
     950      28.3637
     951      28.4370
     952      28.4407
     953      28.3359
     954      28.4490
     955      28.4953
     956      28.4904
     957      28.5545
     958      28.4630
     959      28.4827
     960      28.4152
     961      28.2920
     962      28.3635
     963      28.4896
     964      28.4017
     965      28.4779
     966      28.4388
     967      28.3892
     968      28.3250
     969      28.5565
     970      28.4964
     971      28.3697
     972      28.4652
     973      28.3688
     974      28.4114
     975      28.5101
     976      28.4744
     977      28.4200
     978      28.3394
     979      28.3600
     980      28.3882
     981      28.3767
     982      28.5260
     983      28.4534
     984      28.4544
     985      28.4794
     986      28.4737
     987      28.3162
     988      28.3413
     989      28.4333
     990      28.3558
     991      28.3510
     992      28.3545
     993      28.2815
     994      28.3748
     995      28.3566
     996      28.3655
     997      28.2989
     998      28.2919
     999      28.3316
    1000      28.2659
    1001      28.3403
    1002      28.2765
    1003      28.3304
    1004      28.2750
    1005      28.3347
    1006      28.2734
    1007      28.3150
    1008      28.3362
    1009      28.3323
    1010      28.4583
    1011      28.3286
    1012      28.3165
    1013      28.3162
    1014      28.3528
    1015      28.2871
    1016      28.4188
    1017      28.4025
    1018      28.3986
    1019      28.4411
    1020      28.3725
    1021      28.3776
    1022      28.3252
    1023      28.4225
    1024      28.4171
    1025      28.4702
    1026      28.3113
    1027      28.4141
    1028      28.3246
    1029      28.3367
    1030      28.4116
    1031      28.4129
    1032      28.4913
    1033      28.4281
    1034      28.4647
    1035      28.3868
    1036      28.4503
    1037      28.2598
    1038      28.4201
    1039      28.4263
    1040      28.4783
    1041      28.4357
    1042      28.3814
    1043      28.3123
    1044      28.3482
    1045      28.2664
    1046      28.2968
    1047      28.3030
    1048      28.2774
    1049      28.3746
    1050      28.3372
    1051      28.4088
    1052      28.4138
    1053      28.3959
    1054      28.3400
    1055      28.4071
    1056      28.3716
    1057      28.4030
    1058      28.2988
    1059      28.2858
    1060      28.3384
    1061      28.3152
    1062      28.3548
    1063      28.3679
    1064      28.3492
    1065      28.3742
    1066      28.2946
    1067      28.2942
    1068      28.2993
    1069      28.3696
    1070      28.3220
    1071      28.3163
    1072      28.3480
    1073      28.3492
    1074      28.4295
    1075      28.4149
    1076      28.4126
    1077      28.5562
    1078      28.2948
    1079      28.3270
    1080      28.3330
    1081      28.2514
    1082      28.3598
    1083      28.3816
    1084      28.3587
    1085      28.4648
    1086      28.4129
    1087      28.3610
    1088      28.2845
    1089      28.3677
    1090      28.3796
    1091      28.3711
    1092      28.4452
    1093      28.4254
    1094      28.3817
    1095      28.4756
    1096      28.5932
    1097      28.3387
    1098      28.4527
    1099      28.3460
    1100      28.5096
    1101      28.4562
    1102      28.5354
    1103      28.5194
    1104      28.5326
    1105      28.4785
    1106      28.4586
    1107      28.4653
    1108      28.5440
    1109      28.5836
    1110      28.5308
    1111      28.5670
    1112      28.5377
    1113      28.5103
    1114      28.5748
    1115      28.6753
    1116      28.5925
    1117      28.6001
    1118      28.5557
    1119      28.4813
    1120      28.5159
    1121      28.5035
    1122      28.4970
    1123      28.5825
    1124      28.5960
    1125      28.5983
    1126      28.5669
    1127      28.4911
    1128      28.5017
    1129      28.4083
    1130      28.4002
    1131      28.4796
    1132      28.5608
    1133      28.4609
    1134      28.5587
    1135      28.4334
    1136      28.4290
    1137      28.4182
    1138      28.4136
    1139      28.5194
    1140      28.4732
    1141      28.4336
    1142      28.4991
    1143      28.4139
    1144      28.5385
    1145      28.5119
    1146      28.5594
    1147      28.4762
    1148      28.4714
    1149      28.5157
    1150      28.4908
    1151      28.5371
    1152      28.5065
    1153      28.6390
    1154      28.4740
    1155      28.5795
    1156      28.4973
    1157      28.4476
    1158      28.6134
    1159      28.5982
    1160      28.4958
    1161      28.5458
    1162      28.4141
    1163      28.4577
    1164      28.3764
    1165      28.3974
    1166      28.4918
    1167      28.4202
    1168      28.4462
    1169      28.4367
    1170      28.3457
    1171      28.5229
    1172      28.4283
    1173      28.5328
    1174      28.5370
    1175      28.5749
    1176      28.5883
    1177      28.5561
    1178      28.6781
    1179      28.6506
    1180      28.6369
    1181      28.6645
    1182      28.5367
    1183      28.5718
    1184      28.5914
    1185      28.4945
    1186      28.5291
    1187      28.4482
    1188      28.4870
    1189      28.4553
    1190      28.4003
    1191      28.5159
    1192      28.3751
    1193      28.3782
    1194      28.4223
    1195      28.4342
    1196      28.4344
    1197      28.4887
    1198      28.4413
    1199      28.5113
    1200      28.5221
    1201      28.4786
    1202      28.7099
    1203      28.6445
    1204      28.6019
    1205      28.6079
    1206      28.5477
    1207      28.5996
    1208      28.6800
    1209      28.4617
    1210      28.5643
    1211      28.5007
    1212      28.4397
    1213      28.5023
    1214      28.4229
    1215      28.5728
    1216      28.4433
    1217      28.4224
    1218      28.4851
    1219      28.4656
    1220      28.3924
    1221      28.4171
    1222      28.5285
    1223      28.4598
    1224      28.5503
    1225      28.4996
    1226      28.4349
    1227      28.4851
    1228      28.5821
    1229      28.5665
    1230      28.5372
    1231      28.5440
    1232      28.5938
    1233      28.5352
    1234      28.5848
    1235      28.5202
    1236      28.5490
    1237      28.5268
    1238      28.5436
    1239      28.4399
    1240      28.6054
    1241      28.5271
    1242      28.4488
    1243      28.5440
    1244      28.5018
    1245      28.5941
    1246      28.5500
    1247      28.5689
    1248      28.5377
    1249      28.6953
    1250      28.5190
    1251      28.4911
    1252      28.4562
    1253      28.4880
    1254      28.4720
    1255      28.4289
    1256      28.4534
    1257      28.4941
    1258      28.4321
    1259      28.4905
    1260      28.5123
    1261      28.5642
    1262      28.5639
    1263      28.5439
    1264      28.5674
    1265      28.5396
    1266      28.5663
    1267      28.5661
    1268      28.4977
    1269      28.5413
    1270      28.6165
    1271      28.6352
    1272      28.5919
    1273      28.5241
    1274      28.5244
    1275      28.5754
    1276      28.4435
    1277      28.4574
    1278      28.4020
    1279      28.5075
    1280      28.5344
    1281      28.5401
    1282      28.5359
    1283      28.4797
    1284      28.5310
    1285      28.5055
    1286      28.3190
    1287      28.4723
    1288      28.5785
    1289      28.5882
    1290      28.5517
    1291      28.5658
    1292      28.4096
    1293      28.4714
    1294      28.5220
    1295      28.5433
    1296      28.5100
    1297      28.6157
    1298      28.6598
    1299      28.7137
    1300      28.6045
    1301      28.5809
    1302      28.4865
    1303      28.5866
    1304      28.5386
    1305      28.4748
    1306      28.5481
    1307      28.4056
    1308      28.4965
    1309      28.5019
    1310      28.3901
    1311      28.4313
    1312      28.4241
    1313      28.4445
    1314      28.4538
    1315      28.3839
    1316      28.3982
    1317      28.3756
    1318      28.5266
    1319      28.3301
    1320      28.4488
    1321      28.4529
    1322      28.3674
    1323      28.4135
    1324      28.3395
    1325      28.4547
    1326      28.4670
    1327      28.4239
    1328      28.5392
    1329      28.3818
    1330      28.4503
    1331      28.5346
    1332      28.5167
    1333      28.4740
    1334      28.4336
    1335      28.5025
    1336      28.4947
    1337      28.4627
    1338      28.4469
    1339      28.5532
    1340      28.5447
    1341      28.5224
    1342      28.5669
    1343      28.4083
    1344      28.4106
    1345      28.4084
    1346      28.3597
    1347      28.3697
    1348      28.5012
    1349      28.5005
    1350      28.3330
    1351      28.4143
    1352      28.4906
    1353      28.4604
    1354      28.4614
    1355      28.3375
    1356      28.3422
    1357      28.4175
    1358      28.3463
    1359      28.5007
    1360      28.6155
    1361      28.4661
    1362      28.4643
    1363      28.5357
    1364      28.4650
    1365      28.4730
    1366      28.4301
    1367      28.4890
    1368      28.4596
    1369      28.5524
    1370      28.4302
    1371      28.5263
    1372      28.5113
    1373      28.4909
    1374      28.5473
    1375      28.6239
    1376      28.7219
    1377      28.5852
    1378      28.5210
    1379      28.4971
    1380      28.5772
    1381      28.6987
    1382      28.7174
    1383      28.5834
    1384      28.5094
    1385      28.5050
    1386      28.5196
    1387      28.4329
    1388      28.4308
    1389      28.6001
    1390      28.6460
    1391      28.5733
    1392      28.5677
    1393      28.5412
    1394      28.5235
    1395      28.5055
    1396      28.5487
    1397      28.5407
    1398      28.4551
    1399      28.3793
    1400      28.4629
    1401      28.4922
    1402      28.5113
    1403      28.4703
    1404      28.5338
    1405      28.4355
    1406      28.4576
    1407      28.4207
    1408      28.4963
    1409      28.4156
    1410      28.4857
    1411      28.3765
    1412      28.4934
    1413      28.4711
    1414      28.3875
    1415      28.4184
    1416      28.4169
    1417      28.4448
    1418      28.4177
    1419      28.4268
    1420      28.4820
    1421      28.4680
    1422      28.4284
    1423      28.4167
    1424      28.4744
    1425      28.4707
    1426      28.4696
    1427      28.5056
    1428      28.4553
    1429      28.4152
    1430      28.4707
    1431      28.2977
    1432      28.4140
    1433      28.4167
    1434      28.4866
    1435      28.4109
    1436      28.4526
    1437      28.3053
    1438      28.3697
    1439      28.4636
    1440      28.3508
    1441      28.3820
    1442      28.2978
    1443      28.4296
    1444      28.4255
    1445      28.3719
    1446      28.4778
    1447      28.4917
    1448      28.4899
    1449      28.5595
    1450      28.6160
    1451      28.6773
    1452      28.6314
    1453      28.5588
    1454      28.5610
    1455      28.6307
    1456      28.4918
    1457      28.4991
    1458      28.4943
    1459      28.4862
    1460      28.5553
    1461      28.4623
    1462      28.5902
    1463      28.5444
    1464      28.5161
    1465      28.4859
    1466      28.4594
    1467      28.4585
    1468      28.4917
    1469      28.5779
    1470      28.5516
    1471      28.5279
    1472      28.5177
    1473      28.5432
    1474      28.4367
    1475      28.5937
    1476      28.5546
    1477      28.5663
    1478      28.4870
    1479      28.6474
    1480      28.5014
    1481      28.5766
    1482      28.4968
    1483      28.5979
    1484      28.5925
    1485      28.5717
    1486      28.5647
    1487      28.5734
    1488      28.6186
    1489      28.5931
    1490      28.6268
    1491      28.4622
    1492      28.4613
    1493      28.4844
    1494      28.5879
    1495      28.5082
    1496      28.5239
    1497      28.5545
    1498      28.5967
    1499      28.5462
    1500      28.5497
    1501      28.5692
    1502      28.6307
    1503      28.5757
    1504      28.5989
    1505      28.6122
    1506      28.5167
    1507      28.5451
    1508      28.5401
    1509      28.5360
    1510      28.4385
    1511      28.4663
    1512      28.4914
    1513      28.5658
    1514      28.5210
    1515      28.5240
    1516      28.5060
    1517      28.5212
    1518      28.5404
    1519      28.5331
    1520      28.5399
    1521      28.5443
    1522      28.4043
    1523      28.4043
    1524      28.3806
    1525      28.5313
    1526      28.6803
    1527      28.5366
    1528      28.5284
    1529      28.6050
    1530      28.6472
    1531      28.6648
    1532      28.6072
    1533      28.6419
    1534      28.5276
    1535      28.5984
    1536      28.5070
    1537      28.5964
    1538      28.5440
    1539      28.4906
    1540      28.5202
    1541      28.3665
    1542      28.4198
    1543      28.3755
    1544      28.4386
    1545      28.3826
    1546      28.4470
    1547      28.4446
    1548      28.5064
    1549      28.5306
    1550      28.4913
    1551      28.5130
    1552      28.5373
    1553      28.5490
    1554      28.4502
    1555      28.5635
    1556      28.4502
    1557      28.5164
    1558      28.5236
    1559      28.6142
    1560      28.5901
    1561      28.5265
    1562      28.5241
    1563      28.4937
    1564      28.5626
    1565      28.5791
    1566      28.6269
    1567      28.5689
    1568      28.7899
    1569      28.6187
    1570      28.6595
    1571      28.6260
    1572      28.6303
    1573      28.6127
    1574      28.4522
    1575      28.5534
    1576      28.5776
    1577      28.4336
    1578      28.5157
    1579      28.4530
    1580      28.4719
    1581      28.5904
    1582      28.4943
    1583      28.5340
    1584      28.5916
    1585      28.5234
    1586      28.6613
    1587      28.5691
    1588      28.5855
    1589      28.6661
    1590      28.6947
    1591      28.6802
    1592      28.6844
    1593      28.6145
    1594      28.8097
    1595      28.7164
    1596      28.7083
    1597      28.6154
    1598      28.6980
    1599      28.5850
    1600      28.5835
    1601      28.4733
    1602      28.6650
    1603      28.4723
    1604      28.6065
    1605      28.5742
    1606      28.6915
    1607      28.5702
    1608      28.6163
    1609      28.6814
    1610      28.6517
    1611      28.6260
    1612      28.5949
    1613      28.5927
    1614      28.5895
    1615      28.8279
    1616      28.7288
    1617      28.5102
    1618      28.5445
    1619      28.6106
    1620      28.5839
    1621      28.5653
    1622      28.6360
    1623      28.5815
    1624      28.4793
    1625      28.5426
    1626      28.5044
    1627      28.3786
    1628      28.4118
    1629      28.4112
    1630      28.4057
    1631      28.4644
    1632      28.5275
    1633      28.5207
    1634      28.4627
    1635      28.4475
    1636      28.4957
    1637      28.5381
    1638      28.4077
    1639      28.5735
    1640      28.4299
    1641      28.4262
    1642      28.5303
    1643      28.5757
    1644      28.4985
    1645      28.5888
    1646      28.5445
    1647      28.5069
    1648      28.4617
    1649      28.5530
    1650      28.4917
    1651      28.5304
    1652      28.4815
    1653      28.3982
    1654      28.5350
    1655      28.5440
    1656      28.4352
    1657      28.4452
    1658      28.4426
    1659      28.3879
    1660      28.4481
    1661      28.4312
    1662      28.3598
    1663      28.5148
    1664      28.4205
    1665      28.4960
    1666      28.5164
    1667      28.5012
    1668      28.5214
    1669      28.5132
    1670      28.4725
    1671      28.4864
    1672      28.4923
    1673      28.4614
    1674      28.4732
    1675      28.4188
    1676      28.4559
    1677      28.4063
    1678      28.3307
    1679      28.4923
    1680      28.4483
    1681      28.5479
    1682      28.5205
    1683      28.4660
    1684      28.4905
    1685      28.4693
    1686      28.4584
    1687      28.5632
    1688      28.5968
    1689      28.6771
    1690      28.5253
    1691      28.5773
    1692      28.5408
    1693      28.5114
    1694      28.5758
    1695      28.6047
    1696      28.4885
    1697      28.5159
    1698      28.5667
    1699      28.4957
    1700      28.4757
    1701      28.4348
    1702      28.4287
    1703      28.5161
    1704      28.5029
    1705      28.5349
    1706      28.5902
    1707      28.4932
    1708      28.4895
    1709      28.4407
    1710      28.4466
    1711      28.4318
    1712      28.5433
    1713      28.4449
    1714      28.5332
    1715      28.5230
    1716      28.5413
    1717      28.4783
    1718      28.4966
    1719      28.4645
    1720      28.4877
    1721      28.4743
    1722      28.4323
    1723      28.4183
    1724      28.5397
    1725      28.4019
    1726      28.4424
    1727      28.4684
    1728      28.4302
    1729      28.4861
    1730      28.4307
    1731      28.4616
    1732      28.4699
    1733      28.3230
    1734      28.4321
    1735      28.4550
    1736      28.4991
    1737      28.3537
    1738      28.3853
    1739      28.5146
    1740      28.4233
    1741      28.4739
    1742      28.4413
    1743      28.4940
    1744      28.4468
    1745      28.4581
    1746      28.3654
    1747      28.3284
    1748      28.4572
    1749      28.5232
    1750      28.4928
    1751      28.5229
    1752      28.5392
    1753      28.5174
    1754      28.4677
    1755      28.4250
    1756      28.4849
    1757      28.4505
    1758      28.5388
    1759      28.5608
    1760      28.3597
    1761      28.3719
    1762      28.3656
    1763      28.4322
    1764      28.4647
    1765      28.4372
    1766      28.4384
    1767      28.3888
    1768      28.4127
    1769      28.4289
    1770      28.3895
    1771      28.4149
    1772      28.2848
    1773      28.3631
    1774      28.4275
    1775      28.4401
    1776      28.3838
    1777      28.3920
    1778      28.3570
    1779      28.4406
    1780      28.3312
    1781      28.4501
    1782      28.4928
    1783      28.4292
    1784      28.4608
    1785      28.2586
    1786      28.4976
    1787      28.4260
    1788      28.5434
    1789      28.4935
    1790      28.4247
    1791      28.5280
    1792      28.5771
    1793      28.4792
    1794      28.4837
    1795      28.6020
    1796      28.4671
    1797      28.5068
    1798      28.5886
    1799      28.5101
    1800      28.5120
    1801      28.5534
    1802      28.5612
    1803      28.6249
    1804      28.5681
    1805      28.5545
    1806      28.4706
    1807      28.5421
    1808      28.4944
    1809      28.4675
    1810      28.4805
    1811      28.4822
    1812      28.4989
    1813      28.5142
    1814      28.4778
    1815      28.4728
    1816      28.4209
    1817      28.4805
    1818      28.4617
    1819      28.3971
    1820      28.5554
    1821      28.5564
    1822      28.5045
    1823      28.4955
    1824      28.3936
    1825      28.4773
    1826      28.3537
    1827      28.4689
    1828      28.4309
    1829      28.3215
    1830      28.3258
    1831      28.3341
    1832      28.4332
    1833      28.3783
    1834      28.4225
    1835      28.4281
    1836      28.4875
    1837      28.5186
    1838      28.4868
    1839      28.4829
    1840      28.5047
    1841      28.5442
    1842      28.5254
    1843      28.5121
    1844      28.3492
    1845      28.5813
    1846      28.5463
    1847      28.5332
    1848      28.5063
    1849      28.5698
    1850      28.6144
    1851      28.5708
    1852      28.5872
    1853      28.7005
    1854      28.6771
    1855      28.5976
    1856      28.6794
    1857      28.6146
    1858      28.5209
    1859      28.6659
    1860      28.6018
    1861      28.6546
    1862      28.5330
    1863      28.5027
    1864      28.4572
    1865      28.4918
    1866      28.4781
    1867      28.4663
    1868      28.5123
    1869      28.5464
    1870      28.5304
    1871      28.4203
    1872      28.3479
    1873      28.3542
    1874      28.2223
    1875      28.3512
    1876      28.3458
    1877      28.3261
    1878      28.3355
    1879      28.4088
    1880      28.4762
    1881      28.5176
    1882      28.5644
    1883      28.5331
    1884      28.4896
    1885      28.5229
    1886      28.5707
    1887      28.5326
    1888      28.4759
    1889      28.4299
    1890      28.4525
    1891      28.4251
    1892      28.3927
    1893      28.3854
    1894      28.3525
    1895      28.3535
    1896      28.3228
    1897      28.3126
    1898      28.2384
    1899      28.2988
    1900      28.2658
    1901      28.2993
    1902      28.2221
    1903      28.4395
    1904      28.4035
    1905      28.4867
    1906      28.4715
    1907      28.4158
    1908      28.3937
    1909      28.4113
    1910      28.3124
    1911      28.3958
    1912      28.5374
    1913      28.4558
    1914      28.4945
    1915      28.4166
    1916      28.4680
    1917      28.5627
    1918      28.4294
    1919      28.4903
    1920      28.4126
    1921      28.4680
    1922      28.4734
    1923      28.5229
    1924      28.4661
    1925      28.4844
    1926      28.4273
    1927      28.3968
    1928      28.3995
    1929      28.3296
    1930      28.4029
    1931      28.5041
    1932      28.5552
    1933      28.5660
    1934      28.5335
    1935      28.5052
    1936      28.3940
    1937      28.4535
    1938      28.4412
    1939      28.5060
    1940      28.4381
    1941      28.5411
    1942      28.5567
    1943      28.4752
    1944      28.4681
    1945      28.4904
    1946      28.4918
    1947      28.4021
    1948      28.5397
    1949      28.4566
    1950      28.4111
    1951      28.3648
    1952      28.3763
    1953      28.3581
    1954      28.4308
    1955      28.4454
    1956      28.4128
    1957      28.5168
    1958      28.5375
    1959      28.3870
    1960      28.4349
    1961      28.4009
    1962      28.4593
    1963      28.5360
    1964      28.4864
    1965      28.4113
    1966      28.3081
    1967      28.4085
    1968      28.2964
    1969      28.3858
    1970      28.4296
    1971      28.3824
    1972      28.4721
    1973      28.5569
    1974      28.4454
    1975      28.4441
    1976      28.5126
    1977      28.5172
    1978      28.5577
    1979      28.5246
    1980      28.6406
    1981      28.5345
    1982      28.5498
    1983      28.5998
    1984      28.5976
    1985      28.6781
    1986      28.5295
    1987      28.4903
    1988      28.5324
    1989      28.5482
    1990      28.5437
    1991      28.4826
    1992      28.5663
    1993      28.4829
    1994      28.4070
    1995      28.4481
    1996      28.4014
    1997      28.4461
    1998      28.4337
    1999      28.4513
    2000      28.3755
    2001      28.3184
    2002      28.4849
    2003      28.3487
    2004      28.4761
    2005      28.4657
    2006      28.4789
    2007      28.3903
    2008      28.5696
    2009      28.4171
    2010      28.4502
    2011      28.3070
    2012      28.3795
    2013      28.3995
    2014      28.4049
    2015      28.5186
    2016      28.4653
    2017      28.4028
    2018      28.4749
    2019      28.3658
    2020      28.4047
    2021      28.5063
    2022      28.5671
    2023      28.5079
    2024      28.5388
    2025      28.4668
    2026      28.4535
    2027      28.4840
    2028      28.4528
    2029      28.4672
    2030      28.5239
    2031      28.5389
    2032      28.4865
    2033      28.4831
    2034      28.4750
    2035      28.5118
    2036      28.5158
    2037      28.5098
    2038      28.4578
    2039      28.4250
    2040      28.4340
    2041      28.4032
    2042      28.4678
    2043      28.4103
    2044      28.3302
    2045      28.3071
    2046      28.4032
    2047      28.3570
    2048      28.3921
    2049      28.4126
    2050      28.4266
    2051      28.4071
    2052      28.4332
    2053      28.3589
    2054      28.3244
    2055      28.4404
    2056      28.3828
    2057      28.2941
    2058      28.4798
    2059      28.3727
    2060      28.3695
    2061      28.4110
    2062      28.3794
    2063      28.4192
    2064      28.4580
    2065      28.4402
    2066      28.3228
    2067      28.4046
    2068      28.4175
    2069      28.4173
    2070      28.5433
    2071      28.4642
    2072      28.4372
    2073      28.5232
    2074      28.5013
    2075      28.4560
    2076      28.4053
    2077      28.5770
    2078      28.4329
    2079      28.4813
    2080      28.3253
    2081      28.4055
    2082      28.3423
    2083      28.5166
    2084      28.3870
    2085      28.4511
    2086      28.4583
    2087      28.3681
    2088      28.4271
    2089      28.4365
    2090      28.4124
    2091      28.4444
    2092      28.5823
    2093      28.4670
    2094      28.4620
    2095      28.5067
    2096      28.5261
    2097      28.4689
    2098      28.4582
    2099      28.5337
    2100      28.4369
    2101      28.4798
    2102      28.5466
    2103      28.5688
    2104      28.5306
    2105      28.5296
    2106      28.4508
    2107      28.5135
    2108      28.4784
    2109      28.4463
    2110      28.3628
    2111      28.3836
    2112      28.3691
    2113      28.3423
    2114      28.3021
    2115      28.3318
    2116      28.3943
    2117      28.3811
    2118      28.3288
    2119      28.1563
    2120      28.2759
    2121      28.2731
    2122      28.3519
    2123      28.3614
    2124      28.2976
    2125      28.4006
    2126      28.3749
    2127      28.4701
    2128      28.4608
    2129      28.4700
    2130      28.3813
    2131      28.4173
    2132      28.4153
    2133      28.5081
    2134      28.3154
    2135      28.4538
    2136      28.3555
    2137      28.3249
    2138      28.3679
    2139      28.3239
    2140      28.3476
    2141      28.4367
    2142      28.4215
    2143      28.3394
    2144      28.3541
    2145      28.3808
    2146      28.3649
    2147      28.4691
    2148      28.3727
    2149      28.4065
    2150      28.4064
    2151      28.3447
    2152      28.3930
    2153      28.4478
    2154      28.3576
    2155      28.3869
    2156      28.3997
    2157      28.4796
    2158      28.4573
    2159      28.4714
    2160      28.4837
    2161      28.3566
    2162      28.4372
    2163      28.3445
    2164      28.4372
    2165      28.3968
    2166      28.3130
    2167      28.3958
    2168      28.4193
    2169      28.3595
    2170      28.3310
    2171      28.3020
    2172      28.4531
    2173      28.3388
    2174      28.4433
    2175      28.3196
    2176      28.3445
    2177      28.2935
    2178      28.3411
    2179      28.2854
    2180      28.2985
    2181      28.3052
    2182      28.2761
    2183      28.3247
    2184      28.3203
    2185      28.2432
    2186      28.3018
    2187      28.3470
    2188      28.2280
    2189      28.3278
    2190      28.2573
    2191      28.2549
    2192      28.2912
    2193      28.2691
    2194      28.3994
    2195      28.3241
    2196      28.4007
    2197      28.3196
    2198      28.4021
    2199      28.4456
    2200      28.4807
    2201      28.4568
    2202      28.5043
    2203      28.5972
    2204      28.4207
    2205      28.4455
    2206      28.3506
    2207      28.4782
    2208      28.5929
    2209      28.5661
    2210      28.6139
    2211      28.5258
    2212      28.5231
    2213      28.3847
    2214      28.4264
    2215      28.3549
    2216      28.3749
    2217      28.3758
    2218      28.4116
    2219      28.5399
    2220      28.3850
    2221      28.5729
    2222      28.4646
    2223      28.5063
    2224      28.4909
    2225      28.5112
    2226      28.4446
    2227      28.5339
    2228      28.5046
    2229      28.4512
    2230      28.4670
    2231      28.3896
    2232      28.3419
    2233      28.3828
    2234      28.4347
    2235      28.3416
    2236      28.4251
    2237      28.5738
    2238      28.4806
    2239      28.5164
    2240      28.3626
    2241      28.3724
    2242      28.3291
    2243      28.3053
    2244      28.3434
    2245      28.2706
    2246      28.3514
    2247      28.4248
    2248      28.4173
    2249      28.4320
    2250      28.5129
    2251      28.4095
    2252      28.3823
    2253      28.5496
    2254      28.4092
    2255      28.5549
    2256      28.4489
    2257      28.4018
    2258      28.5607
    2259      28.3869
    2260      28.3896
    2261      28.4734
    2262      28.4627
    2263      28.6053
    2264      28.5138
    2265      28.4756
    2266      28.3763
    2267      28.3387
    2268      28.4263
    2269      28.4443
    2270      28.4079
    2271      28.3878
    2272      28.3827
    2273      28.3692
    2274      28.4093
    2275      28.4738
    2276      28.4606
    2277      28.4319
    2278      28.4937
    2279      28.4856
    2280      28.4447
    2281      28.3440
    2282      28.4325
    2283      28.4180
    2284      28.4509
    2285      28.4725
    2286      28.5224
    2287      28.5252
    2288      28.4282
    2289      28.4587
    2290      28.4710
    2291      28.5260
    2292      28.4390
    2293      28.5203
    2294      28.5572
    2295      28.5529
    2296      28.5988
    2297      28.4438
    2298      28.4480
    2299      28.4308
    2300      28.5224
    2301      28.4679
    2302      28.4528
    2303      28.4642
    2304      28.5132
    2305      28.5132
    2306      28.5206
    2307      28.4497
    2308      28.4828
    2309      28.6106
    2310      28.5535
    2311      28.4734
    2312      28.4381
    2313      28.4286
    2314      28.4469
    2315      28.5320
    2316      28.5858
    2317      28.6027
    2318      28.6177
    2319      28.5466
    2320      28.3521
    2321      28.4266
    2322      28.4516
    2323      28.4510
    2324      28.5063
    2325      28.4808
    2326      28.5141
    2327      28.4222
    2328      28.4898
    2329      28.5608
    2330      28.6381
    2331      28.5799
    2332      28.5261
    2333      28.4662
    2334      28.3344
    2335      28.5388
    2336      28.5039
    2337      28.4979
    2338      28.6349
    2339      28.5690
    2340      28.5222
    2341      28.4396
    2342      28.4449
    2343      28.4907
    2344      28.4040
    2345      28.3718
    2346      28.4429
    2347      28.5059
    2348      28.4606
    2349      28.6027
    2350      28.6233
    2351      28.6523
    2352      28.5700
    2353      28.5762
    2354      28.5849
    2355      28.6160
    2356      28.5822
    2357      28.5941
    2358      28.4567
    2359      28.5458
    2360      28.5426
    2361      28.5520
    2362      28.6272
    2363      28.6550
    2364      28.7121
    2365      28.6906
    2366      28.5803
    2367      28.5214
    2368      28.6114
    2369      28.6169
    2370      28.6241
    2371      28.6228
    2372      28.6249
    2373      28.5949
    2374      28.6233
    2375      28.5777
    2376      28.6543
    2377      28.6013
    2378      28.6087
    2379      28.6066
    2380      28.6073
    2381      28.6434
    2382      28.6207
    2383      28.5959
    2384      28.6985
    2385      28.5650
    2386      28.6372
    2387      28.5088
    2388      28.6488
    2389      28.6004
    2390      28.5628
    2391      28.5689
    2392      28.5238
    2393      28.6140
    2394      28.5597
    2395      28.4461
    2396      28.5551
    2397      28.5705
    2398      28.6024
    2399      28.4895
    2400      28.4658
    2401      28.6616
    2402      28.6070
    2403      28.6544
    2404      28.6632
    2405      28.7243
    2406      28.5594
    2407      28.6301
    2408      28.5365
    2409      28.5662
    2410      28.5294
    2411      28.5723
    2412      28.4924
    2413      28.4604
    2414      28.4567
    2415      28.3536
    2416      28.3654
    2417      28.4522
    2418      28.3975
    2419      28.3501
    2420      28.4512
    2421      28.2996
    2422      28.2080
    2423      28.3877
    2424      28.4847
    2425      28.4237
    2426      28.4204
    2427      28.4016
    2428      28.3382
    2429      28.3356
    2430      28.4131
    2431      28.4128
    2432      28.4493
    2433      28.3490
    2434      28.4883
    2435      28.3930
    2436      28.4004
    2437      28.3949
    2438      28.3852
    2439      28.3559
    2440      28.4958
    2441      28.5014
    2442      28.3897
    2443      28.2903
    2444      28.3668
    2445      28.3436
    2446      28.2786
    2447      28.3345
    2448      28.3662
    2449      28.4071
    2450      28.3396
    2451      28.3471
    2452      28.4463
    2453      28.2865
    2454      28.4879
    2455      28.4598
    2456      28.4064
    2457      28.5471
    2458      28.4883
    2459      28.4774
    2460      28.5685
    2461      28.4971
    2462      28.6217
    2463      28.4620
    2464      28.5381
    2465      28.4549
    2466      28.5633
    2467      28.4665
    2468      28.5399
    2469      28.5183
    2470      28.5261
    2471      28.5414
    2472      28.5901
    2473      28.6056
    2474      28.5529
    2475      28.5282
    2476      28.4632
    2477      28.5398
    2478      28.4869
    2479      28.5530
    2480      28.4594
    2481      28.4961
    2482      28.4964
    2483      28.4183
    2484      28.4562
    2485      28.5174
    2486      28.5500
    2487      28.5801
    2488      28.4760
    2489      28.5569
    2490      28.4842
    2491      28.4938
    2492      28.5689
    2493      28.6110
    2494      28.4241
    2495      28.4067
    2496      28.4863
    2497      28.4925
    2498      28.4391
    2499      28.5415
    2500      28.4760
    2501      28.4212
    2502      28.4685
    2503      28.4746
    2504      28.4758
    2505      28.3838
    2506      28.4703
    2507      28.5504
    2508      28.5662
    2509      28.4451
    2510      28.4551
    2511      28.5271
    2512      28.5276
    2513      28.4985
    2514      28.5215
    2515      28.5241
    2516      28.4637
    2517      28.5306
    2518      28.5004
    2519      28.4926
    2520      28.4060
    2521      28.5149
    2522      28.4955
    2523      28.5013
    2524      28.4909
    2525      28.4196
    2526      28.5132
    2527      28.4967
    2528      28.4720
    2529      28.4650
    2530      28.3708
    2531      28.2970
    2532      28.3444
    2533      28.3887
    2534      28.5340
    2535      28.4529
    2536      28.4066
    2537      28.4361
    2538      28.4608
    2539      28.4670
    2540      28.3602
    2541      28.4715
    2542      28.6125
    2543      28.5562
    2544      28.5582
    2545      28.5418
    2546      28.5344
    2547      28.5805
    2548      28.5960
    2549      28.4858
    2550      28.5120
    2551      28.5878
    2552      28.4327
    2553      28.4207
    2554      28.4601
    2555      28.5758
    2556      28.4096
    2557      28.4607
    2558      28.5612
    2559      28.5766
    2560      28.4998
    2561      28.4194
    2562      28.4637
    2563      28.5060
    2564      28.4953
    2565      28.3681
    2566      28.3585
    2567      28.3719
    2568      28.3560
    2569      28.4352
    2570      28.4943
    2571      28.3994
    2572      28.4666
    2573      28.4331
    2574      28.4964
    2575      28.4904
    2576      28.4793
    2577      28.4628
    2578      28.4519
    2579      28.4097
    2580      28.4604
    2581      28.3494
    2582      28.4266
    2583      28.4463
    2584      28.5254
    2585      28.4685
    2586      28.5166
    2587      28.4899
    2588      28.4958
    2589      28.5093
    2590      28.4416
    2591      28.4292
    2592      28.3313
    2593      28.3929
    2594      28.6199
    2595      28.5964
    2596      28.4685
    2597      28.5331
    2598      28.5377
    2599      28.5252
    2600      28.4792
    2601      28.5217
    2602      28.4224
    2603      28.4973
    2604      28.5824
    2605      28.4212
    2606      28.5098
    2607      28.5193
    2608      28.4164
    2609      28.3941
    2610      28.3395
    2611      28.4351
    2612      28.5652
    2613      28.6394
    2614      28.5747
    2615      28.5163
    2616      28.4154
    2617      28.4743
    2618      28.4968
    2619      28.5476
    2620      28.3677
    2621      28.5385
    2622      28.4680
    2623      28.4804
    2624      28.6229
    2625      28.5494
    2626      28.4242
    2627      28.5303
    2628      28.5976
    2629      28.5702
    2630      28.4300
    2631      28.3949
    2632      28.4714
    2633      28.5418
    2634      28.5069
    2635      28.5667
    2636      28.4775
    2637      28.5635
    2638      28.5008
    2639      28.4738
    2640      28.4592
    2641      28.5930
    2642      28.5578
    2643      28.5049
    2644      28.5319
    2645      28.4378
    2646      28.5128
    2647      28.5085
    2648      28.4935
    2649      28.3966
    2650      28.3666
    2651      28.3015
    2652      28.4201
    2653      28.3712
    2654      28.4881
    2655      28.4364
    2656      28.4489
    2657      28.3795
    2658      28.4845
    2659      28.4877
    2660      28.4058
    2661      28.3450
    2662      28.3480
    2663      28.4686
    2664      28.4489
    2665      28.4701
    2666      28.5280
    2667      28.4142
    2668      28.5264
    2669      28.5300
    2670      28.4945
    2671      28.5167
    2672      28.5699
    2673      28.4432
    2674      28.4645
    2675      28.5170
    2676      28.5324
    2677      28.4915
    2678      28.5434
    2679      28.5278
    2680      28.4118
    2681      28.4994
    2682      28.5263
    2683      28.5736
    2684      28.5357
    2685      28.5461
    2686      28.6468
    2687      28.5756
    2688      28.5748
    2689      28.5604
    2690      28.6078
    2691      28.5384
    2692      28.4929
    2693      28.4553
    2694      28.5661
    2695      28.6110
    2696      28.5342
    2697      28.4492
    2698      28.4325
    2699      28.4411
    2700      28.4151
    2701      28.4502
    2702      28.4133
    2703      28.3147
    2704      28.4998
    2705      28.3695
    2706      28.3944
    2707      28.3593
    2708      28.3354
    2709      28.3110
    2710      28.4002
    2711      28.3853
    2712      28.4301
    2713      28.4548
    2714      28.3946
    2715      28.5259
    2716      28.4806
    2717      28.4814
    2718      28.4118
    2719      28.3959
    2720      28.4192
    2721      28.4911
    2722      28.3533
    2723      28.4232
    2724      28.4887
    2725      28.4968
    2726      28.3716
    2727      28.4167
    2728      28.3806
    2729      28.4582
    2730      28.5203
    2731      28.5733
    2732      28.5492
    2733      28.4909
    2734      28.3927
    2735      28.4840
    2736      28.4618
    2737      28.3380
    2738      28.3414
    2739      28.4553
    2740      28.4717
    2741      28.5327
    2742      28.5056
    2743      28.6143
    2744      28.4718
    2745      28.5329
    2746      28.3998
    2747      28.4506
    2748      28.4785
    2749      28.5387
    2750      28.6306
    2751      28.4962
    2752      28.6293
    2753      28.6055
    2754      28.6284
    2755      28.6654
    2756      28.5844
    2757      28.6444
    2758      28.6252
    2759      28.5778
    2760      28.5459
    2761      28.6070
    2762      28.4913
    2763      28.4616
    2764      28.4710
    2765      28.3819
    2766      28.5142
    2767      28.4543
    2768      28.4745
    2769      28.5491
    2770      28.3601
    2771      28.4702
    2772      28.3420
    2773      28.4915
    2774      28.5692
    2775      28.5188
    2776      28.5045
    2777      28.5214
    2778      28.5222
    2779      28.4958
    2780      28.4467
    2781      28.4041
    2782      28.4246
    2783      28.4706
    2784      28.5178
    2785      28.4882
    2786      28.3889
    2787      28.4257
    2788      28.4888
    2789      28.5037
    2790      28.4902
    2791      28.3499
    2792      28.3404
    2793      28.3992
    2794      28.3807
    2795      28.4898
    2796      28.3841
    2797      28.3951
    2798      28.3766
    2799      28.6007
    2800      28.5214
    2801      28.5266
    2802      28.4365
    2803      28.4761
    2804      28.4821
    2805      28.5220
    2806      28.4960
    2807      28.5235
    2808      28.4410
    2809      28.3278
    2810      28.4344
    2811      28.4560
    2812      28.3842
    2813      28.4398
    2814      28.5443
    2815      28.5748
    2816      28.6395
    2817      28.5554
    2818      28.5539
    2819      28.5747
    2820      28.5310
    2821      28.6341
    2822      28.6483
    2823      28.4863
    2824      28.5006
    2825      28.5873
    2826      28.5380
    2827      28.5284
    2828      28.3601
    2829      28.4581
    2830      28.3920
    2831      28.4112
    2832      28.4798
    2833      28.4291
    2834      28.4166
    2835      28.4899
    2836      28.6134
    2837      28.4866
    2838      28.5398
    2839      28.4924
    2840      28.3940
    2841      28.4549
    2842      28.5022
    2843      28.4805
    2844      28.4108
    2845      28.4955
    2846      28.4965
    2847      28.5229
    2848      28.4804
    2849      28.4166
    2850      28.4521
    2851      28.4420
    2852      28.4649
    2853      28.5042
    2854      28.4836
    2855      28.3350
    2856      28.4039
    2857      28.4323
    2858      28.4489
    2859      28.4956
    2860      28.4672
    2861      28.3477
    2862      28.4290
    2863      28.4598
    2864      28.3405
    2865      28.3399
    2866      28.5040
    2867      28.4939
    2868      28.5004
    2869      28.4928
    2870      28.4482
    2871      28.5431
    2872      28.6181
    2873      28.6044
    2874      28.5951
    2875      28.4696
    2876      28.5851
    2877      28.5395
    2878      28.5891
    2879      28.5283
    2880      28.5545
    2881      28.4055
    2882      28.5147
    2883      28.4648
    2884      28.3950
    2885      28.4282
    2886      28.3659
    2887      28.3813
    2888      28.4299
    2889      28.4077
    2890      28.4856
    2891      28.3979
    2892      28.4750
    2893      28.5302
    2894      28.4883
    2895      28.6243
    2896      28.5167
    2897      28.4376
    2898      28.4936
    2899      28.5323
    2900      28.5614
    2901      28.3932
    2902      28.4614
    2903      28.4783
    2904      28.5583
    2905      28.5031
    2906      28.5654
    2907      28.4909
    2908      28.5120
    2909      28.4657
    2910      28.5777
    2911      28.6291
    2912      28.4803
    2913      28.4877
    2914      28.5344
    2915      28.5077
    2916      28.5151
    2917      28.5959
    2918      28.5445
    2919      28.5895
    2920      28.5529
    2921      28.5386
    2922      28.5384
    2923      28.5675
    2924      28.6417
    2925      28.6199
    2926      28.7159
    2927      28.6099
    2928      28.6838
    2929      28.7335
    2930      28.7122
    2931      28.6735
    2932      28.7414
    2933      28.6694
    2934      28.7137
    2935      28.6447
    2936      28.6124
    2937      28.6418
    2938      28.6657
    2939      28.7004
    2940      28.6219
    2941      28.5027
    2942      28.4707
    2943      28.5964
    2944      28.5288
    2945      28.5377
    2946      28.5303
    2947      28.4763
    2948      28.6738
    2949      28.6505
    2950      28.6380
    2951      28.4872
    2952      28.4689
    2953      28.4747
    2954      28.4434
    2955      28.4080
    2956      28.4262
    2957      28.4025
    2958      28.5318
    2959      28.5557
    2960      28.4738
    2961      28.4064
    2962      28.5035
    2963      28.5179
    2964      28.5269
    2965      28.4780
    2966      28.4381
    2967      28.4588
    2968      28.4022
    2969      28.4273
    2970      28.4626
    2971      28.4083
    2972      28.4933
    2973      28.4924
    2974      28.4347
    2975      28.5732
    2976      28.5414
    2977      28.4833
    2978      28.5064
    2979      28.4724
    2980      28.5175
    2981      28.5571
    2982      28.4024
    2983      28.4365
    2984      28.4920
    2985      28.5579
    2986      28.4833
    2987      28.4835
    2988      28.4638
    2989      28.4157
    2990      28.3853
    2991      28.2872
    2992      28.3896
    2993      28.4956
    2994      28.6024
    2995      28.5304
    2996      28.6127
    2997      28.5763
    2998      28.5546
    2999      28.6426
    3000      28.7126
    3001      28.6193
    3002      28.6088
    3003      28.6077
    3004      28.5182
    3005      28.5201
    3006      28.5716
    3007      28.5849
    3008      28.4195
    3009      28.3967
    3010      28.4491
    3011      28.6652
    3012      28.5065
    3013      28.6396
    3014      28.5752
    3015      28.5918
    3016      28.6759
    3017      28.6647
    3018      28.6291
    3019      28.5317
    3020      28.5531
    3021      28.4481
    3022      28.5110
    3023      28.5679
    3024      28.5910
    3025      28.5158
    3026      28.5699
    3027      28.4750
    3028      28.6187
    3029      28.4989
    3030      28.5956
    3031      28.6008
    3032      28.4516
    3033      28.4194
    3034      28.5617
    3035      28.5184
    3036      28.4921
    3037      28.4548
    3038      28.5328
    3039      28.4331
    3040      28.4460
    3041      28.2133
    3042      28.3615
    3043      28.4620
    3044      28.4253
    3045      28.3705
    3046      28.3463
    3047      28.2658
    3048      28.2993
    3049      28.3665
    3050      28.3426
    3051      28.4465
    3052      28.3764
    3053      28.3085
    3054      28.4645
    3055      28.3779
    3056      28.2546
    3057      28.3393
    3058      28.2793
    3059      28.2954
    3060      28.3168
    3061      28.2314
    3062      28.3742
    3063      28.3128
    3064      28.3132
    3065      28.3930
    3066      28.3627
    3067      28.3482
    3068      28.3178
    3069      28.3757
    3070      28.4078
    3071      28.3390
    3072      28.3290
    3073      28.2989
    3074      28.2957
    3075      28.3930
    3076      28.2643
    3077      28.4068
    3078      28.3180
    3079      28.3189
    3080      28.3441
    3081      28.3463
    3082      28.3216
    3083      28.3315
    3084      28.3348
    3085      28.3136
    3086      28.4454
    3087      28.4406
    3088      28.5069
    3089      28.4013
    3090      28.3752
    3091      28.4018
    3092      28.4697
    3093      28.4833
    3094      28.5289
    3095      28.5190
    3096      28.4205
    3097      28.3828
    3098      28.3266
    3099      28.4275
    3100      28.4472
    3101      28.3978
    3102      28.4351
    3103      28.4270
    3104      28.3403
    3105      28.3675
    3106      28.5196
    3107      28.4216
    3108      28.3925
    3109      28.3178
    3110      28.3763
    3111      28.4942
    3112      28.4182
    3113      28.3579
    3114      28.3337
    3115      28.3236
    3116      28.3572
    3117      28.2800
    3118      28.3912
    3119      28.4248
    3120      28.3805
    3121      28.3341
    3122      28.2884
    3123      28.3926
    3124      28.4503
    3125      28.4791
    3126      28.4136
    3127      28.3843
    3128      28.4039
    3129      28.3586
    3130      28.3136
    3131      28.4165
    3132      28.4172
    3133      28.4036
    3134      28.2981
    3135      28.3460
    3136      28.2092
    3137      28.3757
    3138      28.3084
    3139      28.3723
    3140      28.3765
    3141      28.3179
    3142      28.3820
    3143      28.3946
    3144      28.2768
    3145      28.3738
    3146      28.2762
    3147      28.2370
    3148      28.2989
    3149      28.2603
    3150      28.2827
    3151      28.3044
    3152      28.1376
    3153      28.3098
    3154      28.3147
    3155      28.2191
    3156      28.2617
    3157      28.3510
    3158      28.3900
    3159      28.2746
    3160      28.1914
    3161      28.2113
    3162      28.1867
    3163      28.1472
    3164      28.0592
    3165      28.1568
    3166      28.1500
    3167      28.2668
    3168      28.2994
    3169      28.3006
    3170      28.3127
    3171      28.3257
    3172      28.2550
    3173      28.2972
    3174      28.1968
    3175      28.3524
    3176      28.2517
    3177      28.2866
    3178      28.2406
    3179      28.2503
    3180      28.2364
    3181      28.1973
    3182      28.2443
    3183      28.3674
    3184      28.3019
    3185      28.2894
    3186      28.3517
    3187      28.4235
    3188      28.4222
    3189      28.4507
    3190      28.4750
    3191      28.5523
    3192      28.5044
    3193      28.4564
    3194      28.4052
    3195      28.3954
    3196      28.4109
    3197      28.3997
    3198      28.3377
    3199      28.4561
    3200      28.3543
    3201      28.3982
    3202      28.4026
    3203      28.3466
    3204      28.3094
    3205      28.3067
    3206      28.2519
    3207      28.2926
    3208      28.4286
    3209      28.3810
    3210      28.4087
    3211      28.3807
    3212      28.3298
    3213      28.2984
    3214      28.2843
    3215      28.3597
    3216      28.3727
    3217      28.3711
    3218      28.4368
    3219      28.3084
    3220      28.3119
    3221      28.3836
    3222      28.3634
    3223      28.3154
    3224      28.3811
    3225      28.2861
    3226      28.3894
    3227      28.3412
    3228      28.4777
    3229      28.4337
    3230      28.3547
    3231      28.3529
    3232      28.3805
    3233      28.2915
    3234      28.3983
    3235      28.3555
    3236      28.3152
    3237      28.3204
    3238      28.2825
    3239      28.4341
    3240      28.4098
    3241      28.3444
    3242      28.4055
    3243      28.4272
    3244      28.3513
    3245      28.2814
    3246      28.2835
    3247      28.3185
    3248      28.4069
    3249      28.4284
    3250      28.3591
    3251      28.3864
    3252      28.4525
    3253      28.3696
    3254      28.3713
    3255      28.4336
    3256      28.3428
    3257      28.3931
    3258      28.2465
    3259      28.3399
    3260      28.2349
    3261      28.2968
    3262      28.3412
    3263      28.3943
    3264      28.3300
    3265      28.3967
    3266      28.3951
    3267      28.3811
    3268      28.3817
    3269      28.3072
    3270      28.3960
    3271      28.3154
    3272      28.3961
    3273      28.4702
    3274      28.5670
    3275      28.4033
    3276      28.5305
    3277      28.5271
    3278      28.4781
    3279      28.4915
    3280      28.4587
    3281      28.4270
    3282      28.4495
    3283      28.4983
    3284      28.5428
    3285      28.4828
    3286      28.4625
    3287      28.5640
    3288      28.6285
    3289      28.4639
    3290      28.4496
    3291      28.5292
    3292      28.4962
    3293      28.5005
    3294      28.4944
    3295      28.4490
    3296      28.5043
    3297      28.3801
    3298      28.4642
    3299      28.3651
    3300      28.3068
    3301      28.2937
    3302      28.5020
    3303      28.3904
    3304      28.5997
    3305      28.5948
    3306      28.6276
    3307      28.5757
    3308      28.5400
    3309      28.5815
    3310      28.6181
    3311      28.4804
    3312      28.4037
    3313      28.3581
    3314      28.4093
    3315      28.4556
    3316      28.4925
    3317      28.3903
    3318      28.3826
    3319      28.3873
    3320      28.4096
    3321      28.3443
    3322      28.3228
    3323      28.2820
    3324      28.3109
    3325      28.2967
    3326      28.3456
    3327      28.3191
    3328      28.2892
    3329      28.3167
    3330      28.3104
    3331      28.3635
    3332      28.4227
    3333      28.4699
    3334      28.4513
    3335      28.5000
    3336      28.4503
    3337      28.3311
    3338      28.3714
    3339      28.3672
    3340      28.3906
    3341      28.3055
    3342      28.4024
    3343      28.3803
    3344      28.2959
    3345      28.3013
    3346      28.2412
    3347      28.4341
    3348      28.2457
    3349      28.4040
    3350      28.3047
    3351      28.3358
    3352      28.4230
    3353      28.3897
    3354      28.3050
    3355      28.2191
    3356      28.2968
    3357      28.4066
    3358      28.3587
    3359      28.4492
    3360      28.4370
    3361      28.3883
    3362      28.4880
    3363      28.3334
    3364      28.3334
    3365      28.4660
    3366      28.5189
    3367      28.5156
    3368      28.3779
    3369      28.2910
    3370      28.3556
    3371      28.2870
    3372      28.2528
    3373      28.3640
    3374      28.3597
    3375      28.3543
    3376      28.3580
    3377      28.3715
    3378      28.3256
    3379      28.4041
    3380      28.3416
    3381      28.3988
    3382      28.4797
    3383      28.4386
    3384      28.4786
    3385      28.4224
    3386      28.2778
    3387      28.4010
    3388      28.2701
    3389      28.2787
    3390      28.2414
    3391      28.3027
    3392      28.3308
    3393      28.3702
    3394      28.3229
    3395      28.2962
    3396      28.4201
    3397      28.4204
    3398      28.4175
    3399      28.4844
    3400      28.4442
    3401      28.4922
    3402      28.6418
    3403      28.5431
    3404      28.5185
    3405      28.5885
    3406      28.5312
    3407      28.4917
    3408      28.5383
    3409      28.5517
    3410      28.4963
    3411      28.5507
    3412      28.5251
    3413      28.5000
    3414      28.4878
    3415      28.5391
    3416      28.5280
    3417      28.5738
    3418      28.5233
    3419      28.5528
    3420      28.5701
    3421      28.5474
    3422      28.5658
    3423      28.5182
    3424      28.5532
    3425      28.5489
    3426      28.5683
    3427      28.5508
    3428      28.5781
    3429      28.5777
    3430      28.5536
    3431      28.4852
    3432      28.5435
    3433      28.5601
    3434      28.4781
    3435      28.5393
    3436      28.4355
    3437      28.5116
    3438      28.5781
    3439      28.5611
    3440      28.6557
    3441      28.5976
    3442      28.7400
    3443      28.6090
    3444      28.6204
    3445      28.6448
    3446      28.5596
    3447      28.4576
    3448      28.5871
    3449      28.5781
    3450      28.6925
    3451      28.7848
    3452      28.7498
    3453      28.7839
    3454      28.6878
    3455      28.5481
    3456      28.5255
    3457      28.6644
    3458      28.6069
    3459      28.7357
    3460      28.6488
    3461      28.6439
    3462      28.6623
    3463      28.6525
    3464      28.7264
    3465      28.6307
    3466      28.6162
    3467      28.7042
    3468      28.8183
    3469      28.7902
    3470      28.6994
    3471      28.6389
    3472      28.6656
    3473      28.5103
    3474      28.6801
    3475      28.5573
    3476      28.5439
    3477      28.4850
    3478      28.5437
    3479      28.4407
    3480      28.5959
    3481      28.5279
    3482      28.5201
    3483      28.5689
    3484      28.5691
    3485      28.5993
    3486      28.5404
    3487      28.5160
    3488      28.4347
    3489      28.3449
    3490      28.2571
    3491      28.2747
    3492      28.4467
    3493      28.4016
    3494      28.5125
    3495      28.4944
    3496      28.5012
    3497      28.5048
    3498      28.5028
    3499      28.4936
    3500      28.5414
    3501      28.4287
    3502      28.3925
    3503      28.3995
    3504      28.5113
    3505      28.5863
    3506      28.6336
    3507      28.4947
    3508      28.5722
    3509      28.4606
    3510      28.6084
    3511      28.4976
    3512      28.4679
    3513      28.4754
    3514      28.5618
    3515      28.4807
    3516      28.4522
    3517      28.3001
    3518      28.4218
    3519      28.4243
    3520      28.2807
    3521      28.1958
    3522      28.2808
    3523      28.4117
    3524      28.4762
    3525      28.3979
    3526      28.4780
    3527      28.4437
    3528      28.5422
    3529      28.5351
    3530      28.5537
    3531      28.5601
    3532      28.5290
    3533      28.5954
    3534      28.7065
    3535      28.6518
    3536      28.6583
    3537      28.4746
    3538      28.5520
    3539      28.5019
    3540      28.6085
    3541      28.6341
    3542      28.6237
    3543      28.5706
    3544      28.6429
    3545      28.5479
    3546      28.5264
    3547      28.4815
    3548      28.5084
    3549      28.4215
    3550      28.5586
    3551      28.5361
    3552      28.4666
    3553      28.5235
    3554      28.4043
    3555      28.3014
    3556      28.3889
    3557      28.4607
    3558      28.3893
    3559      28.4386
    3560      28.4126
    3561      28.4903
    3562      28.4365
    3563      28.5004
    3564      28.4501
    3565      28.4172
    3566      28.4215
    3567      28.4469
    3568      28.3388
    3569      28.4010
    3570      28.4195
    3571      28.3765
    3572      28.3242
    3573      28.2755
    3574      28.3876
    3575      28.3713
    3576      28.4065
    3577      28.4163
    3578      28.4407
    3579      28.4892
    3580      28.3237
    3581      28.3532
    3582      28.3889
    3583      28.4120
    3584      28.4011
    3585      28.4623
    3586      28.4396
    3587      28.2907
    3588      28.3595
    3589      28.3175
    3590      28.4445
    3591      28.3420
    3592      28.3587
    3593      28.3974
    3594      28.4489
    3595      28.4928
    3596      28.4248
    3597      28.4723
    3598      28.4177
    3599      28.4328
    3600      28.4097
    3601      28.4061
    3602      28.3296
    3603      28.3393
    3604      28.3900
    3605      28.3372
    3606      28.3773
    3607      28.5074
    3608      28.4777
    3609      28.4975
    3610      28.5583
    3611      28.5111
    3612      28.5629
    3613      28.4326
    3614      28.5404
    3615      28.5507
    3616      28.5735
    3617      28.4811
    3618      28.4499
    3619      28.4808
    3620      28.3950
    3621      28.4244
    3622      28.4622
    3623      28.4138
    3624      28.4573
    3625      28.3085
    3626      28.3642
    3627      28.4384
    3628      28.4137
    3629      28.4978
    3630      28.4080
    3631      28.4875
    3632      28.4910
    3633      28.5390
    3634      28.5150
    3635      28.5640
    3636      28.5951
    3637      28.5177
    3638      28.5579
    3639      28.5852
    3640      28.4652
    3641      28.4657
    3642      28.4656
    3643      28.4554
    3644      28.4602
    3645      28.4285
    3646      28.5163
    3647      28.5819
    3648      28.4656
    3649      28.5158
    3650      28.4949
    3651      28.4623
    3652      28.5777
    3653      28.4880
    3654      28.5722
    3655      28.4796
    3656      28.4116
    3657      28.3814
    3658      28.3805
    3659      28.2954
    3660      28.3717
    3661      28.4003
    3662      28.3294
    3663      28.4007
    3664      28.3536
    3665      28.3540
    3666      28.4196
    3667      28.3576
    3668      28.4451
    3669      28.4734
    3670      28.5393
    3671      28.5637
    3672      28.5291
    3673      28.4808
    3674      28.4918
    3675      28.4525
    3676      28.4439
    3677      28.4121
    3678      28.4546
    3679      28.3918
    3680      28.5105
    3681      28.4710
    3682      28.4943
    3683      28.2939
    3684      28.3722
    3685      28.4647
    3686      28.4365
    3687      28.5598
    3688      28.5010
    3689      28.3703
    3690      28.4469
    3691      28.4390
    3692      28.5268
    3693      28.3762
    3694      28.3748
    3695      28.3486
    3696      28.3457
    3697      28.2817
    3698      28.3968
    3699      28.3738
    3700      28.3231
    3701      28.3689
    3702      28.4656
    3703      28.3575
    3704      28.4295
    3705      28.4900
    3706      28.4498
    3707      28.3532
    3708      28.3833
    3709      28.4117
    3710      28.2848
    3711      28.3718
    3712      28.3502
    3713      28.4257
    3714      28.4124
    3715      28.3228
    3716      28.4345
    3717      28.4035
    3718      28.4655
    3719      28.5079
    3720      28.4952
    3721      28.5116
    3722      28.3603
    3723      28.4775
    3724      28.4576
    3725      28.4343
    3726      28.5455
    3727      28.4638
    3728      28.3713
    3729      28.3462
    3730      28.4443
    3731      28.5060
    3732      28.4107
    3733      28.4529
    3734      28.4196
    3735      28.4694
    3736      28.3920
    3737      28.4196
    3738      28.3654
    3739      28.2909
    3740      28.3397
    3741      28.3197
    3742      28.3851
    3743      28.3586
    3744      28.3562
    3745      28.4992
    3746      28.5013
    3747      28.4555
    3748      28.5416
    3749      28.5049
    3750      28.4618
    3751      28.5115
    3752      28.4311
    3753      28.4957
    3754      28.4895
    3755      28.3758
    3756      28.3723
    3757      28.5217
    3758      28.4689
    3759      28.4719
    3760      28.4761
    3761      28.4551
    3762      28.5254
    3763      28.5195
    3764      28.5012
    3765      28.5761
    3766      28.5883
    3767      28.6341
    3768      28.6781
    3769      28.5527
    3770      28.5241
    3771      28.4707
    3772      28.4529
    3773      28.5474
    3774      28.5585
    3775      28.5067
    3776      28.6192
    3777      28.5573
    3778      28.5677
    3779      28.5621
    3780      28.4626
    3781      28.4463
    3782      28.6256
    3783      28.5876
    3784      28.5375
    3785      28.4645
    3786      28.6592
    3787      28.7159
    3788      28.6676
    3789      28.5532
    3790      28.5245
    3791      28.4418
    3792      28.6506
    3793      28.6529
    3794      28.7494
    3795      28.6051
    3796      28.4789
    3797      28.4055
    3798      28.4881
    3799      28.6605
    3800      28.4711
    3801      28.4044
    3802      28.4778
    3803      28.5036
    3804      28.4201
    3805      28.4286
    3806      28.4365
    3807      28.4503
    3808      28.4203
    3809      28.3353
    3810      28.3607
    3811      28.3841
    3812      28.4560
    3813      28.3239
    3814      28.4144
    3815      28.4662
    3816      28.4237
    3817      28.5331
    3818      28.5601
    3819      28.5443
    3820      28.4979
    3821      28.4783
    3822      28.4801
    3823      28.5239
    3824      28.3862
    3825      28.4129
    3826      28.4361
    3827      28.5078
    3828      28.4699
    3829      28.4224
    3830      28.4659
    3831      28.2998
    3832      28.4842
    3833      28.3968
    3834      28.4219
    3835      28.4991
    3836      28.5028
    3837      28.4969
    3838      28.5421
    3839      28.4549
    3840      28.4738
    3841      28.4949
    3842      28.4621
    3843      28.4832
    3844      28.4614
    3845      28.3942
    3846      28.4199
    3847      28.4217
    3848      28.4005
    3849      28.4167
    3850      28.4981
    3851      28.3904
    3852      28.5222
    3853      28.3609
    3854      28.3466
    3855      28.3449
    3856      28.3812
    3857      28.4935
    3858      28.4620
    3859      28.4410
    3860      28.4791
    3861      28.5085
    3862      28.5251
    3863      28.4849
    3864      28.3487
    3865      28.3951
    3866      28.4361
    3867      28.4029
    3868      28.3328
    3869      28.4361
    3870      28.3599
    3871      28.3265
    3872      28.3893
    3873      28.3058
    3874      28.4427
    3875      28.3360
    3876      28.3892
    3877      28.4293
    3878      28.4269
    3879      28.3700
    3880      28.4307
    3881      28.4025
    3882      28.4304
    3883      28.4171
    3884      28.4346
    3885      28.3593
    3886      28.3944
    3887      28.4579
    3888      28.3460
    3889      28.3858
    3890      28.3859
    3891      28.4527
    3892      28.4738
    3893      28.4183
    3894      28.3928
    3895      28.4025
    3896      28.4192
    3897      28.4487
    3898      28.4065
    3899      28.5235
    3900      28.4310
    3901      28.5065
    3902      28.4556
    3903      28.2715
    3904      28.5000
    3905      28.4269
    3906      28.4291
    3907      28.5115
    3908      28.4409
    3909      28.4889
    3910      28.4071
    3911      28.3638
    3912      28.3577
    3913      28.3665
    3914      28.2541
    3915      28.2844
    3916      28.3815
    3917      28.4003
    3918      28.3108
    3919      28.3561
    3920      28.2748
    3921      28.3293
    3922      28.3534
    3923      28.3466
    3924      28.4612
    3925      28.5527
    3926      28.4530
    3927      28.4086
    3928      28.3005
    3929      28.3787
    3930      28.3344
    3931      28.3628
    3932      28.2790
    3933      28.3969
    3934      28.2711
    3935      28.3687
    3936      28.3865
    3937      28.2398
    3938      28.3635
    3939      28.3728
    3940      28.2776
    3941      28.2895
    3942      28.3126
    3943      28.3853
    3944      28.4049
    3945      28.4121
    3946      28.5250
    3947      28.4574
    3948      28.3208
    3949      28.3204
    3950      28.3241
    3951      28.3845
    3952      28.3588
    3953      28.3580
    3954      28.3904
    3955      28.3940
    3956      28.2734
    3957      28.4219
    3958      28.3247
    3959      28.2816
    3960      28.4269
    3961      28.4321
    3962      28.4432
    3963      28.3777
    3964      28.4385
    3965      28.4075
    3966      28.3789
    3967      28.4594
    3968      28.4619
    3969      28.4240
    3970      28.5176
    3971      28.5802
    3972      28.5688
    3973      28.4718
    3974      28.4113
    3975      28.4794
    3976      28.4155
    3977      28.3143
    3978      28.3751
    3979      28.3177
    3980      28.3641
    3981      28.3078
    3982      28.3197
    3983      28.4037
    3984      28.4906
    3985      28.4291
    3986      28.4414
    3987      28.4101
    3988      28.4597
    3989      28.4899
    3990      28.4526
    3991      28.4515
    3992      28.4572
    3993      28.4368
    3994      28.5424
    3995      28.4335
    3996      28.4859
    3997      28.5328
    3998      28.5866
    3999      28.5279
    4000      28.5391
    4001      28.4931
    4002      28.5584
    4003      28.4595
    4004      28.5598
    4005      28.4910
    4006      28.5393
    4007      28.6446
    4008      28.6602
    4009      28.5546
    4010      28.5044
    4011      28.4132
    4012      28.4887
    4013      28.4858
    4014      28.5541
    4015      28.5978
    4016      28.5621
    4017      28.5457
    4018      28.5119
    4019      28.5787
    4020      28.4706
    4021      28.3378
    4022      28.3840
    4023      28.3931
    4024      28.5419
    4025      28.5515
    4026      28.6011
    4027      28.5773
    4028      28.5486
    4029      28.5597
    4030      28.5866
    4031      28.6651
    4032      28.5868
    4033      28.6001
    4034      28.5225
    4035      28.5872
    4036      28.5409
    4037      28.5511
    4038      28.5655
    4039      28.4810
    4040      28.5743
    4041      28.6496
    4042      28.6051
    4043      28.5466
    4044      28.4598
    4045      28.6126
    4046      28.5272
    4047      28.4806
    4048      28.4983
    4049      28.4677
    4050      28.5203
    4051      28.5224
    4052      28.4737
    4053      28.5143
    4054      28.4297
    4055      28.4921
    4056      28.5727
    4057      28.5079
    4058      28.4990
    4059      28.5740
    4060      28.6002
    4061      28.5961
    4062      28.5577
    4063      28.4946
    4064      28.5452
    4065      28.5397
    4066      28.4609
    4067      28.4191
    4068      28.4958
    4069      28.4387
    4070      28.4975
    4071      28.5378
    4072      28.4314
    4073      28.4326
    4074      28.4496
    4075      28.4318
    4076      28.5350
    4077      28.4471
    4078      28.5693
    4079      28.5733
    4080      28.4386
    4081      28.4967
    4082      28.5882
    4083      28.4605
    4084      28.4638
    4085      28.4587
    4086      28.4863
    4087      28.4882
    4088      28.4529
    4089      28.5998
    4090      28.4741
    4091      28.4274
    4092      28.4867
    4093      28.5369
    4094      28.5360
    4095      28.4677
    4096      28.4741
    4097      28.5327
    4098      28.4541
    4099      28.5079
    4100      28.5158
    4101      28.5388
    4102      28.6196
    4103      28.6433
    4104      28.6929
    4105      28.6326
    4106      28.6217
    4107      28.6021
    4108      28.6839
    4109      28.6256
    4110      28.6181
    4111      28.6869
    4112      28.6125
    4113      28.5637
    4114      28.6013
    4115      28.6444
    4116      28.6682
    4117      28.6181
    4118      28.6254
    4119      28.5693
    4120      28.5631
    4121      28.5805
    4122      28.5366
    4123      28.6289
    4124      28.3899
    4125      28.4685
    4126      28.3961
    4127      28.3494
    4128      28.3502
    4129      28.3987
    4130      28.6095
    4131      28.5286
    4132      28.4363
    4133      28.4760
    4134      28.4480
    4135      28.3647
    4136      28.5123
    4137      28.5162
    4138      28.4841
    4139      28.4921
    4140      28.5982
    4141      28.6466
    4142      28.5513
    4143      28.5359
    4144      28.6288
    4145      28.6315
    4146      28.6080
    4147      28.4866
    4148      28.4904
    4149      28.5604
    4150      28.5577
    4151      28.6324
    4152      28.5156
    4153      28.5063
    4154      28.6230
    4155      28.5869
    4156      28.4246
    4157      28.4592
    4158      28.4690
    4159      28.4256
    4160      28.5687
    4161      28.6663
    4162      28.5745
    4163      28.6006
    4164      28.5364
    4165      28.4071
    4166      28.4490
    4167      28.5120
    4168      28.5180
    4169      28.4891
    4170      28.4865
    4171      28.4040
    4172      28.3646
    4173      28.4088
    4174      28.3617
    4175      28.3613
    4176      28.4387
    4177      28.4233
    4178      28.5512
    4179      28.4563
    4180      28.4746
    4181      28.6942
    4182      28.5500
    4183      28.4580
    4184      28.5473
    4185      28.6014
    4186      28.5729
    4187      28.5239
    4188      28.5102
    4189      28.6229
    4190      28.5501
    4191      28.5443
    4192      28.5700
    4193      28.6516
    4194      28.5531
    4195      28.4211
    4196      28.4125
    4197      28.5593
    4198      28.5863
    4199      28.5406
    4200      28.6213
    4201      28.6738
    4202      28.4584
    4203      28.4832
    4204      28.4822
    4205      28.5106
    4206      28.4699
    4207      28.5538
    4208      28.4936
    4209      28.5912
    4210      28.4580
    4211      28.5461
    4212      28.5444
    4213      28.5713
    4214      28.7520
    4215      28.5855
    4216      28.6131
    4217      28.6965
    4218      28.5110
    4219      28.7657
    4220      28.5822
    4221      28.5756
    4222      28.6147
    4223      28.5725
    4224      28.6031
    4225      28.5724
    4226      28.5390
    4227      28.6249
    4228      28.4667
    4229      28.5904
    4230      28.5468
    4231      28.6094
    4232      28.7235
    4233      28.6271
    4234      28.5253
    4235      28.5014
    4236      28.4957
    4237      28.5219
    4238      28.4456
    4239      28.4954
    4240      28.4178
    4241      28.5213
    4242      28.4773
    4243      28.5124
    4244      28.4023
    4245      28.3945
    4246      28.3690
    4247      28.2984
    4248      28.4268
    4249      28.4160
    4250      28.4378
    4251      28.4670
    4252      28.4439
    4253      28.4540
    4254      28.5071
    4255      28.5350
    4256      28.4321
    4257      28.4108
    4258      28.4101
    4259      28.3536
    4260      28.4190
    4261      28.5332
    4262      28.4448
    4263      28.3807
    4264      28.4423
    4265      28.4771
    4266      28.4859
    4267      28.4590
    4268      28.5295
    4269      28.4248
    4270      28.4885
    4271      28.4825
    4272      28.4130
    4273      28.3906
    4274      28.3139
    4275      28.3689
    4276      28.3544
    4277      28.3789
    4278      28.3744
    4279      28.4776
    4280      28.4097
    4281      28.3631
    4282      28.5343
    4283      28.4953
    4284      28.4286
    4285      28.4103
    4286      28.3780
    4287      28.4362
    4288      28.5252
    4289      28.4846
    4290      28.6033
    4291      28.5349
    4292      28.4624
    4293      28.5887
    4294      28.5498
    4295      28.4779
    4296      28.5028
    4297      28.5430
    4298      28.4972
    4299      28.4765
    4300      28.5051
    4301      28.5641
    4302      28.5470
    4303      28.5173
    4304      28.4792
    4305      28.4656
    4306      28.4497
    4307      28.4205
    4308      28.4859
    4309      28.4665
    4310      28.3300
    4311      28.4558
    4312      28.4099
    4313      28.5597
    4314      28.5527
    4315      28.4840
    4316      28.4933
    4317      28.5888
    4318      28.5576
    4319      28.5089
    4320      28.5015
    4321      28.5613
    4322      28.3498
    4323      28.3895
    4324      28.4078
    4325      28.4667
    4326      28.3918
    4327      28.5420
    4328      28.4902
    4329      28.4284
    4330      28.4271
    4331      28.3957
    4332      28.5589
    4333      28.4049
    4334      28.4277
    4335      28.5515
    4336      28.4344
    4337      28.4492
    4338      28.5058
    4339      28.5435
    4340      28.5786
    4341      28.5828
    4342      28.5075
    4343      28.6216
    4344      28.5778
    4345      28.6841
    4346      28.5429
    4347      28.5423
    4348      28.5365
    4349      28.4319
    4350      28.5109
    4351      28.6223
    4352      28.6349
    4353      28.6404
    4354      28.5700
    4355      28.4955
    4356      28.4633
    4357      28.5948
    4358      28.5061
    4359      28.5502
    4360      28.5587
    4361      28.5655
    4362      28.4183
    4363      28.5335
    4364      28.5918
    4365      28.6191
    4366      28.5882
    4367      28.6444
    4368      28.6724
    4369      28.5266
    4370      28.4781
    4371      28.5478
    4372      28.5704
    4373      28.5845
    4374      28.4554
    4375      28.5814
    4376      28.4798
    4377      28.5201
    4378      28.5955
    4379      28.5352
    4380      28.6154
    4381      28.5955
    4382      28.6232
    4383      28.5444
    4384      28.4267
    4385      28.5654
    4386      28.6167
    4387      28.6515
    4388      28.4606
    4389      28.5150
    4390      28.5582
    4391      28.4706
    4392      28.4874
    4393      28.4427
    4394      28.4327
    4395      28.4655
    4396      28.4570
    4397      28.4456
    4398      28.4558
    4399      28.3529
    4400      28.3865
    4401      28.3591
    4402      28.3579
    4403      28.3627
    4404      28.4707
    4405      28.4690
    4406      28.3641
    4407      28.5370
    4408      28.4573
    4409      28.4287
    4410      28.4201
    4411      28.5108
    4412      28.4292
    4413      28.2931
    4414      28.4750
    4415      28.3875
    4416      28.3966
    4417      28.3464
    4418      28.3041
    4419      28.4151
    4420      28.3590
    4421      28.4300
    4422      28.3018
    4423      28.3130
    4424      28.2908
    4425      28.2614
    4426      28.4358
    4427      28.4445
    4428      28.5044
    4429      28.4517
    4430      28.4817
    4431      28.4724
    4432      28.5309
    4433      28.5843
    4434      28.6100
    4435      28.4928
    4436      28.5625
    4437      28.5524
    4438      28.5191
    4439      28.5487
    4440      28.5722
    4441      28.6009
    4442      28.5521
    4443      28.5625
    4444      28.5500
    4445      28.5011
    4446      28.4389
    4447      28.4895
    4448      28.5427
    4449      28.3517
    4450      28.5066
    4451      28.5269
    4452      28.4431
    4453      28.5014
    4454      28.5442
    4455      28.6812
    4456      28.6222
    4457      28.5900
    4458      28.4957
    4459      28.5255
    4460      28.4883
    4461      28.6174
    4462      28.6218
    4463      28.5456
    4464      28.6566
    4465      28.6549
    4466      28.6290
    4467      28.6342
    4468      28.5881
    4469      28.6688
    4470      28.6149
    4471      28.5657
    4472      28.5751
    4473      28.6000
    4474      28.5896
    4475      28.5463
    4476      28.3865
    4477      28.5445
    4478      28.5001
    4479      28.5888
    4480      28.4387
    4481      28.3940
    4482      28.6158
    4483      28.6214
    4484      28.4672
    4485      28.5378
    4486      28.4348
    4487      28.4631
    4488      28.4799
    4489      28.4446
    4490      28.5300
    4491      28.6026
    4492      28.5729
    4493      28.4848
    4494      28.5588
    4495      28.5810
    4496      28.4770
    4497      28.5090
    4498      28.4406
    4499      28.4385
    4500      28.5153
    4501      28.4773
    4502      28.4725
    4503      28.4924
    4504      28.4446
    4505      28.5363
    4506      28.6436
    4507      28.5026
    4508      28.5146
    4509      28.3977
    4510      28.3478
    4511      28.3679
    4512      28.5116
    4513      28.5095
    4514      28.4015
    4515      28.4347
    4516      28.3810
    4517      28.3831
    4518      28.4392
    4519      28.3723
    4520      28.4156
    4521      28.4014
    4522      28.3643
    4523      28.4549
    4524      28.4677
    4525      28.3752
    4526      28.4129
    4527      28.5852
    4528      28.5293
    4529      28.4710
    4530      28.4940
    4531      28.4789
    4532      28.4882
    4533      28.4630
    4534      28.4353
    4535      28.4915
    4536      28.4730
    4537      28.4453
    4538      28.4885
    4539      28.3891
    4540      28.3992
    4541      28.5297
    4542      28.4799
    4543      28.3452
    4544      28.4122
    4545      28.3914
    4546      28.4217
    4547      28.4164
    4548      28.4067
    4549      28.4602
    4550      28.4451
    4551      28.6123
    4552      28.6187
    4553      28.5104
    4554      28.5042
    4555      28.4266
    4556      28.4128
    4557      28.4318
    4558      28.4518
    4559      28.3510
    4560      28.2944
    4561      28.2606
    4562      28.3956
    4563      28.4481
    4564      28.3554
    4565      28.4360
    4566      28.5858
    4567      28.4442
    4568      28.4789
    4569      28.5572
    4570      28.4937
    4571      28.5593
    4572      28.5354
    4573      28.5780
    4574      28.4893
    4575      28.4547
    4576      28.4895
    4577      28.4103
    4578      28.4260
    4579      28.4605
    4580      28.6899
    4581      28.5396
    4582      28.5576
    4583      28.4359
    4584      28.4887
    4585      28.4221
    4586      28.4535
    4587      28.5073
    4588      28.2839
    4589      28.5113
    4590      28.4002
    4591      28.4154
    4592      28.3889
    4593      28.4230
    4594      28.4896
    4595      28.3621
    4596      28.3770
    4597      28.4026
    4598      28.4476
    4599      28.5128
    4600      28.5196
    4601      28.5075
    4602      28.4473
    4603      28.5261
    4604      28.4116
    4605      28.5244
    4606      28.4615
    4607      28.5811
    4608      28.4120
    4609      28.4157
    4610      28.4573
    4611      28.5535
    4612      28.4072
    4613      28.4735
    4614      28.4314
    4615      28.3406
    4616      28.3419
    4617      28.3391
    4618      28.4254
    4619      28.3672
    4620      28.4256
    4621      28.4871
    4622      28.4801
    4623      28.4866
    4624      28.5018
    4625      28.4667
    4626      28.4645
    4627      28.4770
    4628      28.4883
    4629      28.5136
    4630      28.4757
    4631      28.4485
    4632      28.4548
    4633      28.5139
    4634      28.3796
    4635      28.3682
    4636      28.4318
    4637      28.3154
    4638      28.3491
    4639      28.4088
    4640      28.3071
    4641      28.5350
    4642      28.3750
    4643      28.4100
    4644      28.5149
    4645      28.4031
    4646      28.4830
    4647      28.3507
    4648      28.4656
    4649      28.4809
    4650      28.5780
    4651      28.4617
    4652      28.5244
    4653      28.3678
    4654      28.4196
    4655      28.3568
    4656      28.5177
    4657      28.4622
    4658      28.4730
    4659      28.4235
    4660      28.4208
    4661      28.4836
    4662      28.4757
    4663      28.4279
    4664      28.4847
    4665      28.3699
    4666      28.4973
    4667      28.5043
    4668      28.4884
    4669      28.5214
    4670      28.5647
    4671      28.5405
    4672      28.5128
    4673      28.6074
    4674      28.6335
    4675      28.6574
    4676      28.4812
    4677      28.5020
    4678      28.4616
    4679      28.5545
    4680      28.5019
    4681      28.4451
    4682      28.3738
    4683      28.4401
    4684      28.5272
    4685      28.4627
    4686      28.4219
    4687      28.4144
    4688      28.3378
    4689      28.3841
    4690      28.3613
    4691      28.3324
    4692      28.4381
    4693      28.3935
    4694      28.2956
    4695      28.3680
    4696      28.3932
    4697      28.3543
    4698      28.2952
    4699      28.2495
    4700      28.4942
    4701      28.2972
    4702      28.3853
    4703      28.4384
    4704      28.3405
    4705      28.4753
    4706      28.3814
    4707      28.3796
    4708      28.3986
    4709      28.4328
    4710      28.5768
    4711      28.5815
    4712      28.5536
    4713      28.6559
    4714      28.6180
    4715      28.6051
    4716      28.5884
    4717      28.5473
    4718      28.6696
    4719      28.6855
    4720      28.5389
    4721      28.6294
    4722      28.6037
    4723      28.6549
    4724      28.6495
    4725      28.5873
    4726      28.4344
    4727      28.4983
    4728      28.4822
    4729      28.4201
    4730      28.4332
    4731      28.4748
    4732      28.4791
    4733      28.4355
    4734      28.5048
    4735      28.5658
    4736      28.5407
    4737      28.5744
    4738      28.5276
    4739      28.5406
    4740      28.5155
    4741      28.5794
    4742      28.6511
    4743      28.6475
    4744      28.6545
    4745      28.6164
    4746      28.6933
    4747      28.6201
    4748      28.7266
    4749      28.5612
    4750      28.6418
    4751      28.6778
    4752      28.5088
    4753      28.6709
    4754      28.5800
    4755      28.6372
    4756      28.6537
    4757      28.7382
    4758      28.5596
    4759      28.6194
    4760      28.5241
    4761      28.5098
    4762      28.6050
    4763      28.6800
    4764      28.6963
    4765      28.5818
    4766      28.5961
    4767      28.5606
    4768      28.6471
    4769      28.5873
    4770      28.5921
    4771      28.4620
    4772      28.5094
    4773      28.4968
    4774      28.4221
    4775      28.4480
    4776      28.4827
    4777      28.5142
    4778      28.4942
    4779      28.5404
    4780      28.4820
    4781      28.4567
    4782      28.5257
    4783      28.4394
    4784      28.5432
    4785      28.5706
    4786      28.5246
    4787      28.5270
    4788      28.5406
    4789      28.6411
    4790      28.5511
    4791      28.6186
    4792      28.6223
    4793      28.5235
    4794      28.6450
    4795      28.5563
    4796      28.5314
    4797      28.6403
    4798      28.5483
    4799      28.6610
    4800      28.7261
    4801      28.6203
    4802      28.6532
    4803      28.5605
    4804      28.5555
    4805      28.6023
    4806      28.5905
    4807      28.5655
    4808      28.5635
    4809      28.5425
    4810      28.5034
    4811      28.7597
    4812      28.7150
    4813      28.6133
    4814      28.6106
    4815      28.5706
    4816      28.6911
    4817      28.6429
    4818      28.4978
    4819      28.6440
    4820      28.4946
    4821      28.5657
    4822      28.6726
    4823      28.6684
    4824      28.5424
    4825      28.5468
    4826      28.7578
    4827      28.6874
    4828      28.6341
    4829      28.5277
    4830      28.4780
    4831      28.5403
    4832      28.6488
    4833      28.6046
    4834      28.6111
    4835      28.5837
    4836      28.6448
    4837      28.5730
    4838      28.5354
    4839      28.6155
    4840      28.5612
    4841      28.5580
    4842      28.6657
    4843      28.5400
    4844      28.5711
    4845      28.5977
    4846      28.6118
    4847      28.6876
    4848      28.5716
    4849      28.4904
    4850      28.5378
    4851      28.5200
    4852      28.5750
    4853      28.6029
    4854      28.6385
    4855      28.6035
    4856      28.6522
    4857      28.7211
    4858      28.6069
    4859      28.6476
    4860      28.5566
    4861      28.5008
    4862      28.5102
    4863      28.5667
    4864      28.5455
    4865      28.6005
    4866      28.6546
    4867      28.5507
    4868      28.4497
    4869      28.4493
    4870      28.5984
    4871      28.5065
    4872      28.4910
    4873      28.4673
    4874      28.5329
    4875      28.5563
    4876      28.5608
    4877      28.6419
    4878      28.6083
    4879      28.5781
    4880      28.5749
    4881      28.5484
    4882      28.4827
    4883      28.4671
    4884      28.4634
    4885      28.5821
    4886      28.6611
    4887      28.6839
    4888      28.6783
    4889      28.6373
    4890      28.6928
    4891      28.6689
    4892      28.6328
    4893      28.5779
    4894      28.7125
    4895      28.8117
    4896      28.6508
    4897      28.6858
    4898      28.5849
    4899      28.5266
    4900      28.5832
    4901      28.5838
    4902      28.5928
    4903      28.5831
    4904      28.5943
    4905      28.6426
    4906      28.6043
    4907      28.6582
    4908      28.6091
    4909      28.5040
    4910      28.6726
    4911      28.5958
    4912      28.5361
    4913      28.4935
    4914      28.4483
    4915      28.5616
    4916      28.5763
    4917      28.7057
    4918      28.6430
    4919      28.6431
    4920      28.5615
    4921      28.5950
    4922      28.5672
    4923      28.7107
    4924      28.7167
    4925      28.4981
    4926      28.5931
    4927      28.5327
    4928      28.5667
    4929      28.6106
    4930      28.5502
    4931      28.5193
    4932      28.5399
    4933      28.5193
    4934      28.5219
    4935      28.5952
    4936      28.5991
    4937      28.5770
    4938      28.5307
    4939      28.5269
    4940      28.5927
    4941      28.5365
    4942      28.4901
    4943      28.5953
    4944      28.6262
    4945      28.6111
    4946      28.5549
    4947      28.5972
    4948      28.5328
    4949      28.4524
    4950      28.5474
    4951      28.6746
    4952      28.6700
    4953      28.6124
    4954      28.5171
    4955      28.4746
    4956      28.5224
    4957      28.5103
    4958      28.4547
    4959      28.4096
    4960      28.5647
    4961      28.5415
    4962      28.4657
    4963      28.5022
    4964      28.6113
    4965      28.5063
    4966      28.4924
    4967      28.4275
    4968      28.5499
    4969      28.5257
    4970      28.7353
    4971      28.6485
    4972      28.6864
    4973      28.6286
    4974      28.6482
    4975      28.6085
    4976      28.7218
    4977      28.5997
    4978      28.5291
    4979      28.6470
    4980      28.6152
    4981      28.5985
    4982      28.6423
    4983      28.5711
    4984      28.5330
    4985      28.5819
    4986      28.5707
    4987      28.5610
    4988      28.5626
    4989      28.5416
    4990      28.6949
    4991      28.6239
    4992      28.5663
    4993      28.6894
    4994      28.7188
    4995      28.5887
    4996      28.6717
    4997      28.6223
    4998      28.6789
    4999      28.5939
    5000      28.6484
    5001      28.6672
    5002      28.6335
    5003      28.7350
    5004      28.6176
    5005      28.6173
    5006      28.5511
    5007      28.6463
    5008      28.5529
    5009      28.5645
    5010      28.6994
    5011      28.5850
    5012      28.6081
    5013      28.6270
    5014      28.6159
    5015      28.5684
    5016      28.5719
    5017      28.6350
    5018      28.5885
    5019      28.5490
    5020      28.6240
    5021      28.5020
    5022      28.5224
    5023      28.6007
    5024      28.4603
    5025      28.5015
    5026      28.5177
    5027      28.5173
    5028      28.5102
    5029      28.5736
    5030      28.5256
    5031      28.4682
    5032      28.5243
    5033      28.4454
    5034      28.4260
    5035      28.5295
    5036      28.6314
    5037      28.5312
    5038      28.5804
    5039      28.6190
    5040      28.6090
    5041      28.6349
    5042      28.6469
    5043      28.5281
    5044      28.4446
    5045      28.4582
    5046      28.5433
    5047      28.5468
    5048      28.4554
    5049      28.5522
    5050      28.6171
    5051      28.6114
    5052      28.5332
    5053      28.5734
    5054      28.5494
    5055      28.5203
    5056      28.5574
    5057      28.4989
    5058      28.5418
    5059      28.4584
    5060      28.5597
    5061      28.5044
    5062      28.4916
    5063      28.6024
    5064      28.6445
    5065      28.6175
    5066      28.5950
    5067      28.6211
    5068      28.6814
    5069      28.6182
    5070      28.6802
    5071      28.6708
    5072      28.6616
    5073      28.6930
    5074      28.7342
    5075      28.7467
    5076      28.7304
    5077      28.6985
    5078      28.6334
    5079      28.7236
    5080      28.7289
    5081      28.7606
    5082      28.6319
    5083      28.6222
    5084      28.6928
    5085      28.6638
    5086      28.7039
    5087      28.6145
    5088      28.7484
    5089      28.6058
    5090      28.5228
    5091      28.6284
    5092      28.6087
    5093      28.5565
    5094      28.7011
    5095      28.5904
    5096      28.5638
    5097      28.6022
    5098      28.6685
    5099      28.5784
    5100      28.6059
    5101      28.5730
    5102      28.4883
    5103      28.6281
    5104      28.5599
    5105      28.7152
    5106      28.6160
    5107      28.6475
    5108      28.5284
    5109      28.6222
    5110      28.6926
    5111      28.7125
    5112      28.5944
    5113      28.5223
    5114      28.5737
    5115      28.4820
    5116      28.5205
    5117      28.4279
    5118      28.4660
    5119      28.5174
    5120      28.3909
    5121      28.3485
    5122      28.4589
    5123      28.3015
    5124      28.4235
    5125      28.3792
    5126      28.3763
    5127      28.4727
    5128      28.5265
    5129      28.4374
    5130      28.4410
    5131      28.4469
    5132      28.5134
    5133      28.5178
    5134      28.4518
    5135      28.4814
    5136      28.4987
    5137      28.5557
    5138      28.5927
    5139      28.5884
    5140      28.5307
    5141      28.5199
    5142      28.5626
    5143      28.5953
    5144      28.5270
    5145      28.5682
    5146      28.6105
    5147      28.6723
    5148      28.7015
    5149      28.6807
    5150      28.5786
    5151      28.4167
    5152      28.5181
    5153      28.5138
    5154      28.5898
    5155      28.5361
    5156      28.6661
    5157      28.6064
    5158      28.5468
    5159      28.5493
    5160      28.5278
    5161      28.4756
    5162      28.3861
    5163      28.3862
    5164      28.3425
    5165      28.4450
    5166      28.4597
    5167      28.4272
    5168      28.3706
    5169      28.3977
    5170      28.3798
    5171      28.4009
    5172      28.4763
    5173      28.5278
    5174      28.5492
    5175      28.4900
    5176      28.4266
    5177      28.4575
    5178      28.5280
    5179      28.6459
    5180      28.4861
    5181      28.3444
    5182      28.5121
    5183      28.4278
    5184      28.4942
    5185      28.5491
    5186      28.5122
    5187      28.5711
    5188      28.6289
    5189      28.7416
    5190      28.6416
    5191      28.6500
    5192      28.5088
    5193      28.5001
    5194      28.6787
    5195      28.5521
    5196      28.5146
    5197      28.5322
    5198      28.6051
    5199      28.6035
    5200      28.6208
    5201      28.7319
    5202      28.6855
    5203      28.6110
    5204      28.5493
    5205      28.5742
    5206      28.5342
    5207      28.6415
    5208      28.4653
    5209      28.5305
    5210      28.5405
    5211      28.4939
    5212      28.5854
    5213      28.5342
    5214      28.5305
    5215      28.4865
    5216      28.6048
    5217      28.7060
    5218      28.6946
    5219      28.5784
    5220      28.7185
    5221      28.6931
    5222      28.8340
    5223      28.7739
    5224      28.7127
    5225      28.6658
    5226      28.7146
    5227      28.5998
    5228      28.6251
    5229      28.6329
    5230      28.6388
    5231      28.6518
    5232      28.6924
    5233      28.6935
    5234      28.6734
    5235      28.7368
    5236      28.7654
    5237      28.8059
    5238      28.7158
    5239      28.8383
    5240      28.8363
    5241      28.7792
    5242      28.6430
    5243      28.6921
    5244      28.6727
    5245      28.6333
    5246      28.5324
    5247      28.5285
    5248      28.5067
    5249      28.6203
    5250      28.5437
    5251      28.5819
    5252      28.5692
    5253      28.5242
    5254      28.5426
    5255      28.5637
    5256      28.5946
    5257      28.4973
    5258      28.4895
    5259      28.6567
    5260      28.6445
    5261      28.5105
    5262      28.7436
    5263      28.6590
    5264      28.6059
    5265      28.6517
    5266      28.6087
    5267      28.5863
    5268      28.6212
    5269      28.4923
    5270      28.5666
    5271      28.4416
    5272      28.5741
    5273      28.5873
    5274      28.4821
    5275      28.5272
    5276      28.6565
    5277      28.5499
    5278      28.5771
    5279      28.4849
    5280      28.4573
    5281      28.4930
    5282      28.4089
    5283      28.4364
    5284      28.3797
    5285      28.4895
    5286      28.4716
    5287      28.3728
    5288      28.4308
    5289      28.5355
    5290      28.4623
    5291      28.5760
    5292      28.5442
    5293      28.7297
    5294      28.6977
    5295      28.6190
    5296      28.5352
    5297      28.6480
    5298      28.4774
    5299      28.4160
    5300      28.5002
    5301      28.4500
    5302      28.4364
    5303      28.4755
    5304      28.4679
    5305      28.5345
    5306      28.4924
    5307      28.6530
    5308      28.5840
    5309      28.5834
    5310      28.5451
    5311      28.6010
    5312      28.5564
    5313      28.5903
    5314      28.6777
    5315      28.7294
    5316      28.6168
    5317      28.5416
    5318      28.5541
    5319      28.4842
    5320      28.4567
    5321      28.4124
    5322      28.4124
    5323      28.4353
    5324      28.3729
    5325      28.4031
    5326      28.3014
    5327      28.3389
    5328      28.3734
    5329      28.3107
    5330      28.3001
    5331      28.3756
    5332      28.3133
    5333      28.2377
    5334      28.3352
    5335      28.3650
    5336      28.4216
    5337      28.3788
    5338      28.2943
    5339      28.3386
    5340      28.2430
    5341      28.3531
    5342      28.4054
    5343      28.4209
    5344      28.4888
    5345      28.4134
    5346      28.5778
    5347      28.5174
    5348      28.6191
    5349      28.5635
    5350      28.5314
    5351      28.4369
    5352      28.5636
    5353      28.5372
    5354      28.5337
    5355      28.5808
    5356      28.4803
    5357      28.5174
    5358      28.4390
    5359      28.4488
    5360      28.3869
    5361      28.5863
    5362      28.6269
    5363      28.3827
    5364      28.3612
    5365      28.5138
    5366      28.5167
    5367      28.5646
    5368      28.4578
    5369      28.5144
    5370      28.5614
    5371      28.4949
    5372      28.5097
    5373      28.4201
    5374      28.5520
    5375      28.6090
    5376      28.5958
    5377      28.6275
    5378      28.6164
    5379      28.6263
    5380      28.6429
    5381      28.6235
    5382      28.6153
    5383      28.6974
    5384      28.6087
    5385      28.5763
    5386      28.6033
    5387      28.5451
    5388      28.5349
    5389      28.5523
    5390      28.5248
    5391      28.4214
    5392      28.5308
    5393      28.5657
    5394      28.5710
    5395      28.4501
    5396      28.4716
    5397      28.4545
    5398      28.4833
    5399      28.4354
    5400      28.5534
    5401      28.4445
    5402      28.4480
    5403      28.4505
    5404      28.4608
    5405      28.5719
    5406      28.5835
    5407      28.5575
    5408      28.5625
    5409      28.5392
    5410      28.5267
    5411      28.5936
    5412      28.6136
    5413      28.5599
    5414      28.5859
    5415      28.5754
    5416      28.6494
    5417      28.5605
    5418      28.5407
    5419      28.5294
    5420      28.3804
    5421      28.4595
    5422      28.4772
    5423      28.4309
    5424      28.4777
    5425      28.5263
    5426      28.5194
    5427      28.4766
    5428      28.5634
    5429      28.6042
    5430      28.5681
    5431      28.6059
    5432      28.6450
    5433      28.6645
    5434      28.7632
    5435      28.7552
    5436      28.5487
    5437      28.6313
    5438      28.6285
    5439      28.5481
    5440      28.3910
    5441      28.4666
    5442      28.4200
    5443      28.4413
    5444      28.4503
    5445      28.5495
    5446      28.5786
    5447      28.5353
    5448      28.5617
    5449      28.5092
    5450      28.3859
    5451      28.4714
    5452      28.4437
    5453      28.5061
    5454      28.4976
    5455      28.5437
    5456      28.4276
    5457      28.4746
    5458      28.4475
    5459      28.3476
    5460      28.5049
    5461      28.2401
    5462      28.3071
    5463      28.4259
    5464      28.3816
    5465      28.3598
    5466      28.4102
    5467      28.3564
    5468      28.2923
    5469      28.2426
    5470      28.2131
    5471      28.2374
    5472      28.3520
    5473      28.4176
    5474      28.3722
    5475      28.3200
    5476      28.4570
    5477      28.3178
    5478      28.3360
    5479      28.4125
    5480      28.4656
    5481      28.5062
    5482      28.5025
    5483      28.4176
    5484      28.3815
    5485      28.4526
    5486      28.4211
    5487      28.5131
    5488      28.4576
    5489      28.5281
    5490      28.5065
    5491      28.5074
    5492      28.3966
    5493      28.4542
    5494      28.4907
    5495      28.4942
    5496      28.3977
    5497      28.3659
    5498      28.4372
    5499      28.4207
    5500      28.3717
    5501      28.3575
    5502      28.3652
    5503      28.3774
    5504      28.2969
    5505      28.3114
    5506      28.3240
    5507      28.3115
    5508      28.3605
    5509      28.3620
    5510      28.4016
    5511      28.3944
    5512      28.3842
    5513      28.4335
    5514      28.5447
    5515      28.4924
    5516      28.3279
    5517      28.4810
    5518      28.4304
    5519      28.4598
    5520      28.5113
    5521      28.3688
    5522      28.4605
    5523      28.4481
    5524      28.4151
    5525      28.4371
    5526      28.3327
    5527      28.4268
    5528      28.3820
    5529      28.4451
    5530      28.4271
    5531      28.3302
    5532      28.3615
    5533      28.4810
    5534      28.4884
    5535      28.3501
    5536      28.3752
    5537      28.2797
    5538      28.3880
    5539      28.3700
    5540      28.4441
    5541      28.4284
    5542      28.3680
    5543      28.5052
    5544      28.4320
    5545      28.4380
    5546      28.3930
    5547      28.4432
    5548      28.4279
    5549      28.4879
    5550      28.4944
    5551      28.4793
    5552      28.5694
    5553      28.5651
    5554      28.4690
    5555      28.5134
    5556      28.4935
    5557      28.4137
    5558      28.3972
    5559      28.5140
    5560      28.3930
    5561      28.4728
    5562      28.4775
    5563      28.4547
    5564      28.3492
    5565      28.4466
    5566      28.4118
    5567      28.5292
    5568      28.5284
    5569      28.3899
    5570      28.3956
    5571      28.5910
    5572      28.4833
    5573      28.4490
    5574      28.4224
    5575      28.4004
    5576      28.5015
    5577      28.3718
    5578      28.4335
    5579      28.5583
    5580      28.4591
    5581      28.5822
    5582      28.5347
    5583      28.5292
    5584      28.5911
    5585      28.5888
    5586      28.5414
    5587      28.6035
    5588      28.5281
    5589      28.6264
    5590      28.5763
    5591      28.6099
    5592      28.5332
    5593      28.5647
    5594      28.4665
    5595      28.5304
    5596      28.4487
    5597      28.5576
    5598      28.6072
    5599      28.5561
    5600      28.6222
    5601      28.5278
    5602      28.4164
    5603      28.4905
    5604      28.5401
    5605      28.6444
    5606      28.6071
    5607      28.6120
    5608      28.6964
    5609      28.7056
    5610      28.6523
    5611      28.5499
    5612      28.5750
    5613      28.5080
    5614      28.4651
    5615      28.5145
    5616      28.4529
    5617      28.4537
    5618      28.4247
    5619      28.5208
    5620      28.6078
    5621      28.6168
    5622      28.5888
    5623      28.5163
    5624      28.5242
    5625      28.5527
    5626      28.5480
    5627      28.6208
    5628      28.6260
    5629      28.3872
    5630      28.4288
    5631      28.4156
    5632      28.4230
    5633      28.3444
    5634      28.2874
    5635      28.2946
    5636      28.4137
    5637      28.3652
    5638      28.3082
    5639      28.4358
    5640      28.3694
    5641      28.3852
    5642      28.3696
    5643      28.3771
    5644      28.4543
    5645      28.3916
    5646      28.4900
    5647      28.4448
    5648      28.4870
    5649      28.4681
    5650      28.3960
    5651      28.3398
    5652      28.4278
    5653      28.5783
    5654      28.4775
    5655      28.4973
    5656      28.5202
    5657      28.4612
    5658      28.3955
    5659      28.3795
    5660      28.2514
    5661      28.3932
    5662      28.4679
    5663      28.3883
    5664      28.4923
    5665      28.4597
    5666      28.4732
    5667      28.4403
    5668      28.4779
    5669      28.4689
    5670      28.4845
    5671      28.4406
    5672      28.5692
    5673      28.4124
    5674      28.3764
    5675      28.4650
    5676      28.4948
    5677      28.3773
    5678      28.5132
    5679      28.4465
    5680      28.4626
    5681      28.4430
    5682      28.3823
    5683      28.3063
    5684      28.3059
    5685      28.3929
    5686      28.3154
    5687      28.3710
    5688      28.4246
    5689      28.5059
    5690      28.4619
    5691      28.5463
    5692      28.4989
    5693      28.5974
    5694      28.4752
    5695      28.4952
    5696      28.3702
    5697      28.5015
    5698      28.4548
    5699      28.4548
    5700      28.4866
    5701      28.3912
    5702      28.4800
    5703      28.5004
    5704      28.5799
    5705      28.5378
    5706      28.4957
    5707      28.4948
    5708      28.5110
    5709      28.4589
    5710      28.4033
    5711      28.4964
    5712      28.4013
    5713      28.4277
    5714      28.3580
    5715      28.4078
    5716      28.5058
    5717      28.5906
    5718      28.5459
    5719      28.4893
    5720      28.4333
    5721      28.3529
    5722      28.3700
    5723      28.3247
    5724      28.3708
    5725      28.4110
    5726      28.2960
    5727      28.3288
    5728      28.2301
    5729      28.3493
    5730      28.3698
    5731      28.2978
    5732      28.3216
    5733      28.3451
    5734      28.3122
    5735      28.3960
    5736      28.3560
    5737      28.2839
    5738      28.3777
    5739      28.2868
    5740      28.3020
    5741      28.2771
    5742      28.2381
    5743      28.3611
    5744      28.3571
    5745      28.4480
    5746      28.4204
    5747      28.4285
    5748      28.3311
    5749      28.2748
    5750      28.2879
    5751      28.3405
    5752      28.3449
    5753      28.2859
    5754      28.3797
    5755      28.2839
    5756      28.3045
    5757      28.3092
    5758      28.2972
    5759      28.3266
    5760      28.4824
    5761      28.4667
    5762      28.4600
    5763      28.4309
    5764      28.3942
    5765      28.4209
    5766      28.3119
    5767      28.2683
    5768      28.3154
    5769      28.2625
    5770      28.2611
    5771      28.3176
    5772      28.3810
    5773      28.3417
    5774      28.3068
    5775      28.3325
    5776      28.4284
    5777      28.4757
    5778      28.4335
    5779      28.3400
    5780      28.2849
    5781      28.4106
    5782      28.4397
    5783      28.5392
    5784      28.6037
    5785      28.4302
    5786      28.4177
    5787      28.3532
    5788      28.5087
    5789      28.4326
    5790      28.3705
    5791      28.4344
    5792      28.4272
    5793      28.5123
    5794      28.4038
    5795      28.3215
    5796      28.3537
    5797      28.3632
    5798      28.3998
    5799      28.4548
    5800      28.2835
    5801      28.2685
    5802      28.3832
    5803      28.4294
    5804      28.4259
    5805      28.4047
    5806      28.3993
    5807      28.3126
    5808      28.2783
    5809      28.3104
    5810      28.3120
    5811      28.4289
    5812      28.3722
    5813      28.2787
    5814      28.2627
    5815      28.3029
    5816      28.1963
    5817      28.3305
    5818      28.4101
    5819      28.3964
    5820      28.4078
    5821      28.4693
    5822      28.3876
    5823      28.3732
    5824      28.5257
    5825      28.4313
    5826      28.3311
    5827      28.5478
    5828      28.4397
    5829      28.3738
    5830      28.3656
    5831      28.4272
    5832      28.3051
    5833      28.4080
    5834      28.4252
    5835      28.4917
    5836      28.5284
    5837      28.3652
    5838      28.3768
    5839      28.3017
    5840      28.3584
    5841      28.3919
    5842      28.3841
    5843      28.3838
    5844      28.3560
    5845      28.3813
    5846      28.4885
    5847      28.4210
    5848      28.4395
    5849      28.3653
    5850      28.4049
    5851      28.4586
    5852      28.4124
    5853      28.4172
    5854      28.4512
    5855      28.5740
    5856      28.4890
    5857      28.6143
    5858      28.5743
    5859      28.4949
    5860      28.4359
    5861      28.6224
    5862      28.5338
    5863      28.5509
    5864      28.4599
    5865      28.4732
    5866      28.4768
    5867      28.5784
    5868      28.6070
    5869      28.5199
    5870      28.4755
    5871      28.5071
    5872      28.5990
    5873      28.5725
    5874      28.5293
    5875      28.4652
    5876      28.3643
    5877      28.3666
    5878      28.2123
    5879      28.3075
    5880      28.4216
    5881      28.3099
    5882      28.3910
    5883      28.3770
    5884      28.4479
    5885      28.2793
    5886      28.3528
    5887      28.2866
    5888      28.2864
    5889      28.2506
    5890      28.3758
    5891      28.2692
    5892      28.2056
    5893      28.2763
    5894      28.2805
    5895      28.3219
    5896      28.3468
    5897      28.3394
    5898      28.3582
    5899      28.3083
    5900      28.3335
    5901      28.3671
    5902      28.4899
    5903      28.4196
    5904      28.2817
    5905      28.2439
    5906      28.3456
    5907      28.3921
    5908      28.3540
    5909      28.2236
    5910      28.4026
    5911      28.3362
    5912      28.4084
    5913      28.3822
    5914      28.3572
    5915      28.3676
    5916      28.3533
    5917      28.3277
    5918      28.2701
    5919      28.3035
    5920      28.3345
    5921      28.3047
    5922      28.2691
    5923      28.2734
    5924      28.3125
    5925      28.2381
    5926      28.3024
    5927      28.4436
    5928      28.3063
    5929      28.2591
    5930      28.2887
    5931      28.1726
    5932      28.2608
    5933      28.2871
    5934      28.2823
    5935      28.3574
    5936      28.3079
    5937      28.2908
    5938      28.3954
    5939      28.3640
    5940      28.3060
    5941      28.3486
    5942      28.3602
    5943      28.4009
    5944      28.2843
    5945      28.2436
    5946      28.3609
    5947      28.3229
    5948      28.2923
    5949      28.2775
    5950      28.2787
    5951      28.3118
    5952      28.3712
    5953      28.3468
    5954      28.3849
    5955      28.3295
    5956      28.4483
    5957      28.3928
    5958      28.3117
    5959      28.4209
    5960      28.3877
    5961      28.4092
    5962      28.3197
    5963      28.3717
    5964      28.4485
    5965      28.4520
    5966      28.4674
    5967      28.4796
    5968      28.3889
    5969      28.3622
    5970      28.3588
    5971      28.2851
    5972      28.3817
    5973      28.4237
    5974      28.4452
    5975      28.3972
    5976      28.3363
    5977      28.3140
    5978      28.2776
    5979      28.4652
    5980      28.3705
    5981      28.3473
    5982      28.3128
    5983      28.3825
    5984      28.3578
    5985      28.3058
    5986      28.3276
    5987      28.2960
    5988      28.3358
    5989      28.3853
    5990      28.3804
    5991      28.3525
    5992      28.4129
    5993      28.3880
    5994      28.3724
    5995      28.4152
    5996      28.4511
    5997      28.4831
    5998      28.3634
    5999      28.3460
    6000      28.4114
    6001      28.3423
    6002      28.3751
    6003      28.4408
    6004      28.4219
    6005      28.3541
    6006      28.3739
    6007      28.3713
    6008      28.4165
    6009      28.3754
    6010      28.4065
    6011      28.3408
    6012      28.3546
    6013      28.3173
    6014      28.2009
    6015      28.3311
    6016      28.2890
    6017      28.2660
    6018      28.2379
    6019      28.2947
    6020      28.3606
    6021      28.2461
    6022      28.2812
    6023      28.2973
    6024      28.3631
    6025      28.2742
    6026      28.3122
    6027      28.3099
    6028      28.4162
    6029      28.3800
    6030      28.4365
    6031      28.3049
    6032      28.4006
    6033      28.3395
    6034      28.3536
    6035      28.4297
    6036      28.3718
    6037      28.3060
    6038      28.4142
    6039      28.4900
    6040      28.4093
    6041      28.4030
    6042      28.3528
    6043      28.3410
    6044      28.3176
    6045      28.3078
    6046      28.4415
    6047      28.4006
    6048      28.4359
    6049      28.4229
    6050      28.4555
    6051      28.4700
    6052      28.4778
    6053      28.6001
    6054      28.4749
    6055      28.5542
    6056      28.5178
    6057      28.5510
    6058      28.5335
    6059      28.4378
    6060      28.4918
    6061      28.5412
    6062      28.6541
    6063      28.5507
    6064      28.5666
    6065      28.4423
    6066      28.5636
    6067      28.3938
    6068      28.4664
    6069      28.5366
    6070      28.6059
    6071      28.5462
    6072      28.4721
    6073      28.4742
    6074      28.4204
    6075      28.4593
    6076      28.6415
    6077      28.6066
    6078      28.4599
    6079      28.5293
    6080      28.4389
    6081      28.4654
    6082      28.4884
    6083      28.5240
    6084      28.5445
    6085      28.5023
    6086      28.5082
    6087      28.3999
    6088      28.4358
    6089      28.5405
    6090      28.3956
    6091      28.5187
    6092      28.5089
    6093      28.4945
    6094      28.3685
    6095      28.4755
    6096      28.5169
    6097      28.4967
    6098      28.4261
    6099      28.3519
    6100      28.3755
    6101      28.2812
    6102      28.2581
    6103      28.2524
    6104      28.4438
    6105      28.3650
    6106      28.2988
    6107      28.3770
    6108      28.4460
    6109      28.3622
    6110      28.2920
    6111      28.3016
    6112      28.2691
    6113      28.2663
    6114      28.3510
    6115      28.3209
    6116      28.4027
    6117      28.3152
    6118      28.3806
    6119      28.3919
    6120      28.4475
    6121      28.3894
    6122      28.3883
    6123      28.3731
    6124      28.3714
    6125      28.3507
    6126      28.4018
    6127      28.4248
    6128      28.3752
    6129      28.4257
    6130      28.4413
    6131      28.5012
    6132      28.3736
    6133      28.3817
    6134      28.4243
    6135      28.4813
    6136      28.3820
    6137      28.3846
    6138      28.4460
    6139      28.4271
    6140      28.4675
    6141      28.5558
    6142      28.5068
    6143      28.4045
    6144      28.4459
    6145      28.5140
    6146      28.4367
    6147      28.3642
    6148      28.3432
    6149      28.3807
    6150      28.4286
    6151      28.3919
    6152      28.5075
    6153      28.5201
    6154      28.4840
    6155      28.3986
    6156      28.4306
    6157      28.4710
    6158      28.4129
    6159      28.4378
    6160      28.5088
    6161      28.5123
    6162      28.5455
    6163      28.5209
    6164      28.5365
    6165      28.5690
    6166      28.4323
    6167      28.4922
    6168      28.4108
    6169      28.4698
    6170      28.5625
    6171      28.5474
    6172      28.4319
    6173      28.4704
    6174      28.4215
    6175      28.5249
    6176      28.4612
    6177      28.5411
    6178      28.4473
    6179      28.5471
    6180      28.4653
    6181      28.5036
    6182      28.4057
    6183      28.5938
    6184      28.4808
    6185      28.4837
    6186      28.4774
    6187      28.5041
    6188      28.4916
    6189      28.5735
    6190      28.4334
    6191      28.4984
    6192      28.5520
    6193      28.5399
    6194      28.4677
    6195      28.4450
    6196      28.5443
    6197      28.5296
    6198      28.5408
    6199      28.5766
    6200      28.6216
    6201      28.5678
    6202      28.6089
    6203      28.5131
    6204      28.5511
    6205      28.5072
    6206      28.5090
    6207      28.4794
    6208      28.4590
    6209      28.4606
    6210      28.4925
    6211      28.4789
    6212      28.4542
    6213      28.4058
    6214      28.4428
    6215      28.4375
    6216      28.4810
    6217      28.5176
    6218      28.5341
    6219      28.5153
    6220      28.4713
    6221      28.5198
    6222      28.4787
    6223      28.4400
    6224      28.4565
    6225      28.4844
    6226      28.4680
    6227      28.3607
    6228      28.3970
    6229      28.4523
    6230      28.4512
    6231      28.4021
    6232      28.4017
    6233      28.3513
    6234      28.2756
    6235      28.2795
    6236      28.3064
    6237      28.4490
    6238      28.4514
    6239      28.4481
    6240      28.4799
    6241      28.5393
    6242      28.4475
    6243      28.4312
    6244      28.5844
    6245      28.5682
    6246      28.5447
    6247      28.5055
    6248      28.3933
    6249      28.3259
    6250      28.4307
    6251      28.4899
    6252      28.5106
    6253      28.4802
    6254      28.6641
    6255      28.5276
    6256      28.6226
    6257      28.4841
    6258      28.5664
    6259      28.5102
    6260      28.4202
    6261      28.5061
    6262      28.3574
    6263      28.5660
    6264      28.4225
    6265      28.4711
    6266      28.4378
    6267      28.4173
    6268      28.4525
    6269      28.4304
    6270      28.3698
    6271      28.3792
    6272      28.4984
    6273      28.3933
    6274      28.4574
    6275      28.3219
    6276      28.4109
    6277      28.3794
    6278      28.3356
    6279      28.4233
    6280      28.5033
    6281      28.4816
    6282      28.4163
    6283      28.3101
    6284      28.3999
    6285      28.3141
    6286      28.3963
    6287      28.4542
    6288      28.5023
    6289      28.5083
    6290      28.4579
    6291      28.4173
    6292      28.4212
    6293      28.3653
    6294      28.2548
    6295      28.3919
    6296      28.2546
    6297      28.3175
    6298      28.3587
    6299      28.3421
    6300      28.3762
    6301      28.3306
    6302      28.3301
    6303      28.2405
    6304      28.3039
    6305      28.3190
    6306      28.3983
    6307      28.3504
    6308      28.4126
    6309      28.4431
    6310      28.3045
    6311      28.3244
    6312      28.4642
    6313      28.4469
    6314      28.4762
    6315      28.4911
    6316      28.6383
    6317      28.5562
    6318      28.4990
    6319      28.5147
    6320      28.4271
    6321      28.4201
    6322      28.5331
    6323      28.4137
    6324      28.5093
    6325      28.4528
    6326      28.4451
    6327      28.5515
    6328      28.4518
    6329      28.4578
    6330      28.4707
    6331      28.4397
    6332      28.4420
    6333      28.3984
    6334      28.2756
    6335      28.2671
    6336      28.3258
    6337      28.3715
    6338      28.3575
    6339      28.4049
    6340      28.4110
    6341      28.4238
    6342      28.4702
    6343      28.5269
    6344      28.4715
    6345      28.4473
    6346      28.5007
    6347      28.5947
    6348      28.5959
    6349      28.4545
    6350      28.5219
    6351      28.4434
    6352      28.6411
    6353      28.5053
    6354      28.5460
    6355      28.6008
    6356      28.5234
    6357      28.5141
    6358      28.4944
    6359      28.6211
    6360      28.4999
    6361      28.5222
    6362      28.4116
    6363      28.4506
    6364      28.5299
    6365      28.5287
    6366      28.4333
    6367      28.5514
    6368      28.4922
    6369      28.4142
    6370      28.3839
    6371      28.4781
    6372      28.4557
    6373      28.4839
    6374      28.5249
    6375      28.2888
    6376      28.4149
    6377      28.3618
    6378      28.5295
    6379      28.3705
    6380      28.3389
    6381      28.3578
    6382      28.3851
    6383      28.3974
    6384      28.3925
    6385      28.5011
    6386      28.5142
    6387      28.4620
    6388      28.4662
    6389      28.4607
    6390      28.4588
    6391      28.4252
    6392      28.4463
    6393      28.3485
    6394      28.3889
    6395      28.4097
    6396      28.4131
    6397      28.3310
    6398      28.4420
    6399      28.4378
    6400      28.3773
    6401      28.4231
    6402      28.3579
    6403      28.4164
    6404      28.4223
    6405      28.4018
    6406      28.4732
    6407      28.4049
    6408      28.4903
    6409      28.4411
    6410      28.4606
    6411      28.4356
    6412      28.5237
    6413      28.3632
    6414      28.4121
    6415      28.2634
    6416      28.3116
    6417      28.2943
    6418      28.3647
    6419      28.2893
    6420      28.2852
    6421      28.2678
    6422      28.3027
    6423      28.4095
    6424      28.3934
    6425      28.4151
    6426      28.3625
    6427      28.3372
    6428      28.3358
    6429      28.2661
    6430      28.3131
    6431      28.3473
    6432      28.4007
    6433      28.3016
    6434      28.3172
    6435      28.3255
    6436      28.3368
    6437      28.4719
    6438      28.4713
    6439      28.4263
    6440      28.4204
    6441      28.3541
    6442      28.3964
    6443      28.3918
    6444      28.2258
    6445      28.2604
    6446      28.3160
    6447      28.3581
    6448      28.4426
    6449      28.3625
    6450      28.3939
    6451      28.4018
    6452      28.4283
    6453      28.3266
    6454      28.3431
    6455      28.4495
    6456      28.3855
    6457      28.3521
    6458      28.3502
    6459      28.4230
    6460      28.4037
    6461      28.3548
    6462      28.4307
    6463      28.4964
    6464      28.4584
    6465      28.4729
    6466      28.3855
    6467      28.3131
    6468      28.3630
    6469      28.2577
    6470      28.3791
    6471      28.4762
    6472      28.4510
    6473      28.4199
    6474      28.3558
    6475      28.4654
    6476      28.4828
    6477      28.4774
    6478      28.5258
    6479      28.5228
    6480      28.4073
    6481      28.4648
    6482      28.4526
    6483      28.4271
    6484      28.5509
    6485      28.5345
    6486      28.5502
    6487      28.4958
    6488      28.5292
    6489      28.5150
    6490      28.4887
    6491      28.4492
    6492      28.4149
    6493      28.3996
    6494      28.3663
    6495      28.3719
    6496      28.3409
    6497      28.4703
    6498      28.3632
    6499      28.3552
    6500      28.2523
    6501      28.3603
    6502      28.4898
    6503      28.4621
    6504      28.4178
    6505      28.4620
    6506      28.4454
    6507      28.4567
    6508      28.5630
    6509      28.4846
    6510      28.4255
    6511      28.4730
    6512      28.4114
    6513      28.3729
    6514      28.3833
    6515      28.4777
    6516      28.3809
    6517      28.4896
    6518      28.5567
    6519      28.5196
    6520      28.4838
    6521      28.4214
    6522      28.5435
    6523      28.3992
    6524      28.3497
    6525      28.3517
    6526      28.5015
    6527      28.5382
    6528      28.4848
    6529      28.4188
    6530      28.3817
    6531      28.4514
    6532      28.5516
    6533      28.4892
    6534      28.4604
    6535      28.5266
    6536      28.5381
    6537      28.4358
    6538      28.4893
    6539      28.5531
    6540      28.4638
    6541      28.4573
    6542      28.4075
    6543      28.3900
    6544      28.4530
    6545      28.3421
    6546      28.4736
    6547      28.3728
    6548      28.3969
    6549      28.4226
    6550      28.4260
    6551      28.3454
    6552      28.4123
    6553      28.3520
    6554      28.4176
    6555      28.4434
    6556      28.4055
    6557      28.2860
    6558      28.2948
    6559      28.3550
    6560      28.3218
    6561      28.2725
    6562      28.2146
    6563      28.3649
    6564      28.3579
    6565      28.3461
    6566      28.3091
    6567      28.3805
    6568      29.3763
    6569      28.3585
    6570      29.3679
    6571      29.3987
    6572      28.3634
    6573      28.3109
    6574      28.3759
    6575      28.4518
    6576      28.4301
    6577      28.4303
    6578      28.4637
    6579      28.4707
    6580      28.4344
    6581      28.3434
    6582      28.3184
    6583      28.3508
    6584      28.3553
    6585      28.4109
    6586      28.4421
    6587      28.4311
    6588      28.4562
    6589      28.4559
    6590      28.4546
    6591      28.4363
    6592      28.5385
    6593      28.4805
    6594      28.4590
    6595      28.4020
    6596      28.4783
    6597      28.4606
    6598      28.4677
    6599      28.5526
    6600      28.4895
    6601      28.4549
    6602      28.3777
    6603      28.4870
    6604      28.4154
    6605      28.4600
    6606      28.3439
    6607      28.4608
    6608      28.5338
    6609      28.5343
    6610      28.5270
    6611      28.4497
    6612      28.3319
    6613      29.4288
    6614      28.4867
    6615      28.5906
    6616      28.4688
    6617      28.4566
    6618      28.3829
    6619      28.5051
    6620      29.3379
    6621      28.2961
    6622      28.2999
    6623      28.3377
    6624      28.2895
    6625      28.4018
    6626      28.3277
    6627      28.4578
    6628      28.4292
    6629      28.4383
    6630      28.3814
    6631      28.4074
    6632      28.3720
    6633      28.3443
    6634      28.3009
    6635      28.3252
    6636      28.3992
    6637      28.4448
    6638      28.4217
    6639      28.4888
    6640      28.5243
    6641      28.4651
    6642      28.5073
    6643      28.4063
    6644      28.3434
    6645      28.4431
    6646      28.4737
    6647      28.5424
    6648      28.4108
    6649      28.4237
    6650      28.5183
    6651      28.4558
    6652      28.5226
    6653      28.5655
    6654      28.6081
    6655      28.6528
    6656      28.7789
    6657      28.6816
    6658      28.5205
    6659      28.5431
    6660      28.5396
    6661      28.4830
    6662      28.4892
    6663      28.6400
    6664      28.4989
    6665      28.6086
    6666      28.5614
    6667      28.5569
    6668      28.5824
    6669      28.6096
    6670      28.5668
    6671      28.6208
    6672      28.5091
    6673      28.5226
    6674      28.5670
    6675      28.3787
    6676      28.5539
    6677      28.6145
    6678      28.5115
    6679      28.4998
    6680      28.4517
    6681      29.4147
    6682      28.3330
    6683      29.4338
    6684      28.4204
    6685      28.4581
    6686      28.4681
    6687      28.4640
    6688      28.4944
    6689      28.5035
    6690      28.3996
    6691      28.4123
    6692      28.4085
    6693      28.3884
    6694      28.4571
    6695      28.4605
    6696      28.5410
    6697      28.5800
    6698      28.5684
    6699      28.5118
    6700      28.5188
    6701      28.4782
    6702      28.4294
    6703      28.4706
    6704      28.4267
    6705      28.4540
    6706      28.3852
    6707      28.3760
    6708      28.3863
    6709      28.2937
    6710      29.4226
    6711      28.4529
    6712      28.3423
    6713      28.3814
    6714      28.3085
    6715      28.3941
    6716      28.3029
    6717      28.3559
    6718      28.4008
    6719      28.4213
    6720      28.3476
    6721      28.3235
    6722      28.3358
    6723      28.2385
    6724      28.3373
    6725      28.3414
    6726      28.4776
    6727      28.5640
    6728      28.4784
    6729      28.5444
    6730      28.6021
    6731      28.6294
    6732      28.5779
    6733      28.4932
    6734      28.5272
    6735      28.5115
    6736      28.3274
    6737      28.3172
    6738      28.4033
    6739      28.2665
    6740      28.3543
    6741      28.3560
    6742      28.3403
    6743      28.4386
    6744      28.4204
    6745      28.4005
    6746      28.3326
    6747      28.3313
    6748      28.4021
    6749      28.3547
    6750      28.4279
    6751      28.4400
    6752      28.3366
    6753      28.3336
    6754      28.3157
    6755      28.2812
    6756      28.4258
    6757      28.3855
    6758      28.3492
    6759      28.3107
    6760      28.2913
    6761      28.2309
    6762      28.3153
    6763      28.3849
    6764      28.3872
    6765      28.3070
    6766      28.4136
    6767      28.2991
    6768      28.2893
    6769      28.2974
    6770      28.3490
    6771      28.4389
    6772      28.4466
    6773      28.4911
    6774      28.4689
    6775      28.5058
    6776      28.5333
    6777      28.5735
    6778      28.4383
    6779      28.4831
    6780      28.4742
    6781      28.4193
    6782      28.4760
    6783      28.5885
    6784      28.5626
    6785      28.6953
    6786      28.6539
    6787      28.5924
    6788      28.4431
    6789      28.5515
    6790      28.6301
    6791      28.5993
    6792      28.6147
    6793      28.7018
    6794      28.6016
    6795      28.5647
    6796      28.5949
    6797      28.6052
    6798      28.5748
    6799      28.6109
    6800      28.6270
    6801      28.6855
    6802      28.6909
    6803      28.6842
    6804      28.7045
    6805      28.5580
    6806      28.6059
    6807      28.5930
    6808      28.5362
    6809      28.5896
    6810      28.5500
    6811      28.5333
    6812      28.5922
    6813      28.6268
    6814      28.6248
    6815      28.5123
    6816      28.5213
    6817      28.6603
    6818      28.5993
    6819      28.4689
    6820      28.5293
    6821      28.4637
    6822      28.6003
    6823      28.6187
    6824      28.5490
    6825      28.5487
    6826      28.7225
    6827      28.6392
    6828      28.7476
    6829      28.7212
    6830      28.7049
    6831      28.6261
    6832      28.6047
    6833      28.6155
    6834      28.4798
    6835      28.4420
    6836      28.5448
    6837      28.5139
    6838      28.5621
    6839      28.4984
    6840      28.5040
    6841      28.4509
    6842      28.4191
    6843      28.4986
    6844      28.4733
    6845      28.4312
    6846      28.4297
    6847      28.4506
    6848      28.4287
    6849      28.4680
    6850      28.4453
    6851      28.4635
    6852      28.3949
    6853      28.3233
    6854      28.4552
    6855      28.4187
    6856      28.3741
    6857      28.3641
    6858      28.3636
    6859      28.2349
    6860      28.3024
    6861      28.4363
    6862      28.4872
    6863      28.4181
    6864      28.4366
    6865      28.4157
    6866      28.4877
    6867      28.5120
    6868      28.3992
    6869      28.5270
    6870      28.5586
    6871      28.5496
    6872      28.5114
    6873      28.4740
    6874      28.4204
    6875      28.3891
    6876      28.4264
    6877      28.5189
    6878      28.4378
    6879      28.5234
    6880      28.5109
    6881      28.4573
    6882      28.3531
    6883      28.4589
    6884      28.4511
    6885      28.4736
    6886      28.4244
    6887      28.4810
    6888      28.3425
    6889      28.2949
    6890      28.3754
    6891      28.3445
    6892      28.2878
    6893      28.2967
    6894      28.4083
    6895      28.3413
    6896      28.3437
    6897      28.3040
    6898      28.3513
    6899      28.3718
    6900      28.4283
    6901      28.4571
    6902      28.4636
    6903      28.4393
    6904      28.4385
    6905      28.4148
    6906      28.3676
    6907      28.3509
    6908      28.3918
    6909      28.3599
    6910      28.3108
    6911      28.3451
    6912      28.4347
    6913      28.3500
    6914      28.3623
    6915      28.3602
    6916      28.3704
    6917      28.4573
    6918      28.4307
    6919      28.4152
    6920      28.4931
    6921      28.5813
    6922      28.5756
    6923      28.5791
    6924      28.5658
    6925      28.4363
    6926      28.5759
    6927      28.4741
    6928      28.5326
    6929      28.5041
    6930      28.4676
    6931      28.4710
    6932      28.4615
    6933      28.3592
    6934      28.3983
    6935      28.4091
    6936      28.3811
    6937      28.3427
    6938      28.3879
    6939      28.3758
    6940      28.3607
    6941      28.4846
    6942      28.5931
    6943      28.5689
    6944      28.6794
    6945      28.5143
    6946      28.3881
    6947      28.4505
    6948      28.5360
    6949      28.3837
    6950      28.4345
    6951      28.4752
    6952      28.3678
    6953      28.4403
    6954      28.4083
    6955      28.3622
    6956      28.3008
    6957      28.4125
    6958      28.4596
    6959      28.3533
    6960      28.3845
    6961      28.4566
    6962      28.4373
    6963      28.4645
    6964      28.5558
    6965      28.4272
    6966      28.5138
    6967      28.4698
    6968      28.3058
    6969      28.4075
    6970      28.4093
    6971      28.2770
    6972      28.4122
    6973      28.3441
    6974      28.4022
    6975      28.3760
    6976      28.4188
    6977      28.3283
    6978      28.2735
    6979      28.5169
    6980      28.3779
    6981      28.3588
    6982      28.4769
    6983      28.3810
    6984      28.5268
    6985      28.2977
    6986      28.4090
    6987      28.3777
    6988      28.2168
    6989      28.2388
    6990      28.2364
    6991      28.2400
    6992      28.2458
    6993      28.2971
    6994      28.2752
    6995      28.3592
    6996      28.3136
    6997      28.2779
    6998      28.3486
    6999      28.2892
    7000      28.4049
    7001      28.3864
    7002      28.4102
    7003      28.3861
    7004      28.4491
    7005      28.4204
    7006      28.4022
    7007      28.3677
    7008      28.3411
    7009      28.3157
    7010      28.3442
    7011      28.3721
    7012      28.3217
    7013      28.3722
    7014      28.4382
    7015      28.4000
    7016      28.4720
    7017      28.4348
    7018      28.3014
    7019      28.3392
    7020      28.4655
    7021      28.3065
    7022      28.3865
    7023      28.3114
    7024      28.3605
    7025      28.2926
    7026      28.3426
    7027      28.4195
    7028      28.3999
    7029      28.4658
    7030      28.4196
    7031      28.4778
    7032      28.4259
    7033      28.4278
    7034      28.3641
    7035      28.3901
    7036      28.4518
    7037      28.4973
    7038      28.3848
    7039      28.4564
    7040      28.3439
    7041      28.4178
    7042      28.5522
    7043      28.4927
    7044      28.4329
    7045      28.4599
    7046      28.4376
    7047      28.3388
    7048      28.3754
    7049      28.2906
    7050      28.3369
    7051      28.4075
    7052      28.3204
    7053      28.3262
    7054      28.2958
    7055      28.1695
    7056      28.2137
    7057      28.1508
    7058      28.3832
    7059      28.2442
    7060      28.2375
    7061      28.2740
    7062      28.3115
    7063      28.2428
    7064      28.2550
    7065      28.2556
    7066      28.2865
    7067      28.2080
    7068      28.1816
    7069      28.2520
    7070      28.2699
    7071      28.3128
    7072      28.3552
    7073      28.3227
    7074      28.3821
    7075      28.2770
    7076      28.2659
    7077      28.1194
    7078      28.1914
    7079      28.3741
    7080      28.1898
    7081      28.2783
    7082      28.2043
    7083      28.2756
    7084      28.1828
    7085      28.2674
    7086      28.3158
    7087      28.3774
    7088      28.2646
    7089      28.3908
    7090      28.3420
    7091      28.3539
    7092      28.3506
    7093      28.2944
    7094      28.4720
    7095      28.5705
    7096      28.4212
    7097      28.3587
    7098      28.2937
    7099      28.2648
    7100      28.2943
    7101      28.3311
    7102      28.3017
    7103      28.3652
    7104      28.3663
    7105      28.4599
    7106      28.4018
    7107      28.2985
    7108      28.3008
    7109      28.3233
    7110      28.2845
    7111      28.2768
    7112      28.3877
    7113      28.2137
    7114      28.2892
    7115      28.2489
    7116      28.2389
    7117      28.2475
    7118      28.2490
    7119      28.2285
    7120      28.2352
    7121      28.2561
    7122      28.2059
    7123      28.1583
    7124      28.1790
    7125      28.2906
    7126      28.2649
    7127      28.2161
    7128      28.2981
    7129      28.3383
    7130      28.3533
    7131      28.4396
    7132      28.3052
    7133      28.2450
    7134      28.4025
    7135      28.4843
    7136      28.4443
    7137      28.3382
    7138      28.3227
    7139      28.3684
    7140      28.3339
    7141      28.3624
    7142      28.3024
    7143      28.2757
    7144      28.2287
    7145      28.2460
    7146      28.2610
    7147      28.2883
    7148      28.2787
    7149      28.2557
    7150      28.3183
    7151      28.3052
    7152      28.3317
    7153      28.1875
    7154      28.2454
    7155      28.3175
    7156      28.2402
    7157      28.2549
    7158      28.2185
    7159      28.2387
    7160      28.2575
    7161      28.2403
    7162      28.2242
    7163      28.2184
    7164      28.2304
    7165      28.3223
    7166      28.3043
    7167      28.3327
    7168      28.3708
    7169      28.3846
    7170      28.3208
    7171      28.2400
    7172      28.2793
    7173      28.1893
    7174      28.2388
    7175      28.3407
    7176      28.4192
    7177      28.3308
    7178      28.3300
    7179      28.3396
    7180      28.2994
    7181      28.2945
    7182      28.3035
    7183      28.3049
    7184      28.2172
    7185      28.2853
    7186      28.2243
    7187      28.2258
    7188      28.1439
    7189      28.1640
    7190      28.2998
    7191      28.2361
    7192      28.3067
    7193      28.3362
    7194      28.3555
    7195      28.3195
    7196      28.3912
    7197      28.3709
    7198      28.2417
    7199      28.3392
    7200      28.3217
    7201      28.3632
    7202      28.3354
    7203      28.1952
    7204      28.2951
    7205      28.2665
    7206      28.2318
    7207      28.2909
    7208      28.3646
    7209      28.4147
    7210      28.5228
    7211      28.4372
    7212      28.4456
    7213      28.3285
    7214      28.3404
    7215      28.3513
    7216      28.1900
    7217      28.2499
    7218      28.3282
    7219      28.3018
    7220      28.2484
    7221      28.4287
    7222      28.3766
    7223      28.2373
    7224      28.3131
    7225      28.3227
    7226      28.4284
    7227      28.4603
    7228      28.3074
    7229      28.2790
    7230      28.3586
    7231      28.3217
    7232      28.4334
    7233      28.3762
    7234      28.2699
    7235      28.3198
    7236      28.2494
    7237      28.2611
    7238      28.3053
    7239      28.3509
    7240      28.3602
    7241      28.3371
    7242      28.3362
    7243      28.2958
    7244      28.4406
    7245      28.3385
    7246      28.3777
    7247      28.4152
    7248      28.3449
    7249      28.4066
    7250      28.3298
    7251      28.3139
    7252      28.3052
    7253      28.3307
    7254      28.4118
    7255      28.3806
    7256      28.4567
    7257      28.5595
    7258      28.4763
    7259      28.4472
    7260      28.4245
    7261      28.3859
    7262      28.3338
    7263      28.2330
    7264      28.3047
    7265      28.2718
    7266      28.3072
    7267      28.3179
    7268      28.2743
    7269      28.1429
    7270      28.1888
    7271      28.2346
    7272      28.2173
    7273      28.1903
    7274      28.1860
    7275      28.2033
    7276      28.2093
    7277      28.2403
    7278      28.2462
    7279      28.1721
    7280      28.2222
    7281      28.3381
    7282      28.2142
    7283      28.2444
    7284      28.3707
    7285      28.1365
    7286      28.1773
    7287      28.1639
    7288      28.1647
    7289      28.2366
    7290      28.2393
    7291      28.1720
    7292      28.2139
    7293      28.1802
    7294      28.2365
    7295      28.1527
    7296      28.1998
    7297      28.1595
    7298      28.1397
    7299      28.1505
    7300      28.1211
    7301      28.1802
    7302      28.2026
    7303      28.1617
    7304      28.2637
    7305      28.3137
    7306      28.2502
    7307      28.3833
    7308      28.3073
    7309      28.2071
    7310      28.2219
    7311      28.2821
    7312      28.2131
    7313      28.2310
    7314      28.1373
    7315      28.2300
    7316      28.2259
    7317      28.1809
    7318      28.3351
    7319      28.3479
    7320      28.4452
    7321      28.2991
    7322      28.3286
    7323      28.2760
    7324      28.2347
    7325      28.1806
    7326      28.2022
    7327      28.3052
    7328      28.2493
    7329      28.2287
    7330      28.2155
    7331      28.1891
    7332      28.2508
    7333      28.3381
    7334      28.3579
    7335      28.3254
    7336      28.2882
    7337      28.3012
    7338      28.2925
    7339      28.3469
    7340      28.2850
    7341      28.2251
    7342      28.2327
    7343      28.1884
    7344      28.2087
    7345      28.1433
    7346      28.2014
    7347      28.3011
    7348      28.2745
    7349      28.2801
    7350      28.1618
    7351      28.2253
    7352      28.2948
    7353      28.2793
    7354      28.3266
    7355      28.2915
    7356      28.3145
    7357      28.2447
    7358      28.3644
    7359      28.2747
    7360      28.1461
    7361      28.0955
    7362      28.1272
    7363      28.1148
    7364      28.1478
    7365      28.1241
    7366      28.0748
    7367      28.1163
    7368      28.1133
    7369      28.2022
    7370      28.1443
    7371      28.1347
    7372      28.2659
    7373      28.2370
    7374      28.2607
    7375      28.2677
    7376      28.3113
    7377      28.3405
    7378      28.2238
    7379      28.2221
    7380      28.3163
    7381      28.2489
    7382      28.3272
    7383      28.2374
    7384      28.1933
    7385      28.1462
    7386      28.2391
    7387      28.2208
    7388      28.2681
    7389      28.1447
    7390      28.2534
    7391      28.1336
    7392      28.0560
    7393      28.1017
    7394      28.2093
    7395      28.2615
    7396      28.2370
    7397      28.2855
    7398      28.3042
    7399      28.2460
    7400      28.3019
    7401      28.2893
    7402      28.3236
    7403      28.2273
    7404      28.1485
    7405      28.1519
    7406      28.3487
    7407      28.3901
    7408      28.1867
    7409      28.2974
    7410      28.2648
    7411      28.3363
    7412      28.2813
    7413      28.3428
    7414      28.2785
    7415      28.3297
    7416      28.2416
    7417      28.2576
    7418      28.1684
    7419      28.3474
    7420      28.2868
    7421      28.2808
    7422      28.3075
    7423      28.2273
    7424      28.2454
    7425      28.2063
    7426      28.2682
    7427      28.3016
    7428      28.2776
    7429      28.2412
    7430      28.2057
    7431      28.3786
    7432      28.3047
    7433      28.2545
    7434      28.2615
    7435      28.3113
    7436      28.3241
    7437      28.4706
    7438      28.3879
    7439      28.3885
    7440      28.4504
    7441      28.3891
    7442      28.3630
    7443      28.4606
    7444      28.4830
    7445      28.4639
    7446      28.4970
    7447      28.4690
    7448      28.5008
    7449      28.4115
    7450      28.4939
    7451      28.4631
    7452      28.4973
    7453      28.4770
    7454      28.4482
    7455      28.3800
    7456      28.2800
    7457      28.3467
    7458      28.4385
    7459      28.4029
    7460      28.4198
    7461      28.3994
    7462      28.4404
    7463      28.4478
    7464      28.4946
    7465      28.4405
    7466      28.4603
    7467      28.4731
    7468      28.4542
    7469      28.3760
    7470      28.4824
    7471      28.4176
    7472      28.5319
    7473      28.3767
    7474      28.4328
    7475      28.4730
    7476      28.4437
    7477      28.3937
    7478      28.2710
    7479      28.3869
    7480      28.3676
    7481      28.2657
    7482      28.3539
    7483      28.3630
    7484      28.4028
    7485      28.3555
    7486      28.3992
    7487      28.3649
    7488      28.2022
    7489      28.2598
    7490      28.1622
    7491      28.2658
    7492      28.2238
    7493      28.2576
    7494      28.3411
    7495      28.3402
    7496      28.3818
    7497      28.3816
    7498      28.4467
    7499      28.4134
    7500      28.4472
    7501      28.3802
    7502      28.4295
    7503      28.4441
    7504      28.5085
    7505      28.4185
    7506      28.3650
    7507      28.3875
    7508      28.3508
    7509      28.3534
    7510      28.3702
    7511      28.4667
    7512      28.4493
    7513      28.4889
    7514      28.4145
    7515      28.5405
    7516      28.4771
    7517      28.3290
    7518      28.3247
    7519      28.3756
    7520      28.3166
    7521      28.4350
    7522      28.4698
    7523      28.4592
    7524      28.3464
    7525      28.2237
    7526      28.3107
    7527      28.3605
    7528      28.3921
    7529      28.4042
    7530      28.3794
    7531      28.4294
    7532      28.5721
    7533      28.3813
    7534      28.3870
    7535      28.2634
    7536      28.2950
    7537      28.4050
    7538      28.3601
    7539      28.3481
    7540      28.2264
    7541      28.1893
    7542      28.2318
    7543      28.3137
    7544      28.2931
    7545      28.3335
    7546      28.2750
    7547      28.1932
    7548      28.1516
    7549      28.2249
    7550      28.3171
    7551      28.3377
    7552      28.3346
    7553      28.3479
    7554      28.3080
    7555      28.3598
    7556      28.2726
    7557      28.2763
    7558      28.2253
    7559      28.1495
    7560      28.2884
    7561      28.3058
    7562      28.2834
    7563      28.1326
    7564      28.2740
    7565      28.3163
    7566      28.3302
    7567      28.4507
    7568      28.3925
    7569      28.4225
    7570      28.3664
    7571      28.3673
    7572      28.2930
    7573      28.2808
    7574      28.2365
    7575      28.3092
    7576      28.2828
    7577      28.3528
    7578      28.3433
    7579      28.2819
    7580      28.2006
    7581      28.2742
    7582      28.1722
    7583      28.1879
    7584      28.2047
    7585      28.2449
    7586      28.2006
    7587      28.1005
    7588      28.2392
    7589      28.1740
    7590      28.3382
    7591      28.3836
    7592      28.2461
    7593      28.2430
    7594      28.2130
    7595      28.3511
    7596      28.2516
    7597      28.1798
    7598      28.2227
    7599      28.3065
    7600      28.2343
    7601      28.1903
    7602      28.1211
    7603      28.2569
    7604      28.2549
    7605      28.3016
    7606      28.2464
    7607      28.2411
    7608      28.1911
    7609      28.3152
    7610      28.2240
    7611      28.2410
    7612      28.2390
    7613      28.3142
    7614      28.2210
    7615      28.2937
    7616      28.1388
    7617      28.2064
    7618      28.3155
    7619      28.2150
    7620      28.1739
    7621      28.2420
    7622      28.3644
    7623      28.3278
    7624      28.2586
    7625      28.2996
    7626      28.3095
    7627      28.2200
    7628      28.2433
    7629      28.3461
    7630      28.2597
    7631      28.2652
    7632      28.2654
    7633      28.2426
    7634      28.2817
    7635      28.2500
    7636      28.2297
    7637      28.1793
    7638      28.2769
    7639      28.3425
    7640      28.3216
    7641      28.3128
    7642      28.3228
    7643      28.1888
    7644      28.1483
    7645      28.2710
    7646      28.2092
    7647      28.2606
    7648      28.3190
    7649      28.3547
    7650      28.3065
    7651      28.2485
    7652      28.3369
    7653      28.2853
    7654      28.2794
    7655      28.2093
    7656      28.2467
    7657      28.2133
    7658      28.1288
    7659      28.2507
    7660      28.2127
    7661      28.1232
    7662      28.1586
    7663      28.1133
    7664      28.1747
    7665      28.1529
    7666      28.2797
    7667      28.2751
    7668      28.1942
    7669      28.1240
    7670      28.2409
    7671      28.2343
    7672      28.2022
    7673      28.1683
    7674      28.2224
    7675      28.2500
    7676      28.1284
    7677      28.2221
    7678      28.2242
    7679      28.2386
    7680      28.3527
    7681      28.3640
    7682      28.2907
    7683      28.3095
    7684      28.1545
    7685      28.2020
    7686      28.0569
    7687      28.2939
    7688      28.2899
    7689      28.2537
    7690      28.2287
    7691      28.1868
    7692      28.1795
    7693      28.1285
    7694      28.2449
    7695      28.3785
    7696      28.2055
    7697      28.2802
    7698      28.1726
    7699      28.3367
    7700      28.2271
    7701      28.2691
    7702      28.2564
    7703      28.3549
    7704      28.2878
    7705      28.2217
    7706      28.3216
    7707      28.2989
    7708      28.2749
    7709      28.3599
    7710      28.3198
    7711      28.4000
    7712      28.2995
    7713      28.2642
    7714      28.2563
    7715      28.3785
    7716      28.2634
    7717      28.3324
    7718      28.3905
    7719      28.4138
    7720      28.3718
    7721      28.3911
    7722      28.3244
    7723      28.4010
    7724      28.3953
    7725      28.4659
    7726      28.3750
    7727      28.4706
    7728      28.4816
    7729      28.3864
    7730      28.3379
    7731      28.3355
    7732      28.2479
    7733      28.2847
    7734      28.2726
    7735      28.3082
    7736      28.3581
    7737      28.4263
    7738      28.4513
    7739      28.3567
    7740      28.3886
    7741      28.2668
    7742      28.3330
    7743      28.3026
    7744      28.3658
    7745      28.3742
    7746      28.3506
    7747      28.2278
    7748      28.2220
    7749      28.3463
    7750      28.2235
    7751      28.1609
    7752      28.2436
    7753      28.2372
    7754      28.2618
    7755      28.2310
    7756      28.3504
    7757      28.3232
    7758      28.2922
    7759      28.3246
    7760      28.2881
    7761      28.3815
    7762      28.3902
    7763      28.4234
    7764      28.3624
    7765      28.3455
    7766      28.2567
    7767      28.3874
    7768      28.3145
    7769      28.3542
    7770      28.2918
    7771      28.3914
    7772      28.4430
    7773      28.4507
    7774      28.3025
    7775      28.2904
    7776      28.2511
    7777      28.2245
    7778      28.2517
    7779      28.3216
    7780      28.2426
    7781      28.1680
    7782      28.3021
    7783      28.2977
    7784      28.3119
    7785      28.2802
    7786      28.2366
    7787      28.2120
    7788      28.2912
    7789      28.3205
    7790      28.3357
    7791      28.4222
    7792      28.3783
    7793      28.3627
    7794      28.3519
    7795      28.2984
    7796      28.2558
    7797      28.3123
    7798      28.3056
    7799      28.3160
    7800      28.3011
    7801      28.3140
    7802      28.2762
    7803      28.3499
    7804      28.3889
    7805      28.3876
    7806      28.3580
    7807      28.3841
    7808      28.4754
    7809      28.2708
    7810      28.3297
    7811      28.3657
    7812      28.3396
    7813      28.2947
    7814      28.3306
    7815      28.2997
    7816      28.4422
    7817      28.2378
    7818      28.2679
    7819      28.3029
    7820      28.2804
    7821      28.3004
    7822      28.2400
    7823      28.2280
    7824      28.1994
    7825      28.2186
    7826      28.1504
    7827      28.2043
    7828      28.2528
    7829      28.2329
    7830      28.2115
    7831      28.1096
    7832      28.2280
    7833      28.2518
    7834      28.2343
    7835      28.3075
    7836      28.2768
    7837      28.2675
    7838      28.2775
    7839      28.2643
    7840      28.2182
    7841      28.2425
    7842      28.2678
    7843      28.2619
    7844      28.3221
    7845      28.3555
    7846      28.3069
    7847      28.3496
    7848      28.2236
    7849      28.3035
    7850      28.3948
    7851      28.3208
    7852      28.2818
    7853      28.2142
    7854      28.3321
    7855      28.1961
    7856      28.2242
    7857      28.2454
    7858      28.2924
    7859      28.3017
    7860      28.2833
    7861      28.2308
    7862      28.2333
    7863      28.3718
    7864      28.1606
    7865      28.2637
    7866      28.2707
    7867      28.1914
    7868      28.3086
    7869      28.2350
    7870      28.2544
    7871      28.1477
    7872      28.2361
    7873      28.2221
    7874      28.2417
    7875      28.2491
    7876      28.4388
    7877      28.3190
    7878      28.1856
    7879      28.3409
    7880      28.3543
    7881      28.3809
    7882      28.2912
    7883      28.3270
    7884      28.2561
    7885      28.3766
    7886      28.2304
    7887      28.3061
    7888      28.3696
    7889      28.3727
    7890      28.2814
    7891      28.3130
    7892      28.2978
    7893      28.3391
    7894      28.3308
    7895      28.1516
    7896      28.2330
    7897      28.1906
    7898      28.3699
    7899      28.3159
    7900      28.3380
    7901      28.3411
    7902      28.3212
    7903      28.3189
    7904      28.3418
    7905      28.3693
    7906      28.2538
    7907      28.3144
    7908      28.3365
    7909      28.3490
    7910      28.3381
    7911      28.3034
    7912      28.2633
    7913      28.3131
    7914      28.2639
    7915      28.3891
    7916      28.2932
    7917      28.2574
    7918      28.3794
    7919      28.3343
    7920      28.3940
    7921      28.3391
    7922      28.3174
    7923      28.2927
    7924      28.3024
    7925      28.2360
    7926      28.3200
    7927      28.3578
    7928      28.3757
    7929      28.2702
    7930      28.2498
    7931      28.2146
    7932      28.2540
    7933      28.2081
    7934      28.1254
    7935      28.2451
    7936      28.3351
    7937      28.2574
    7938      28.2966
    7939      28.3040
    7940      28.2357
    7941      28.3125
    7942      28.2677
    7943      28.2507
    7944      28.2754
    7945      28.3049
    7946      28.2903
    7947      28.2191
    7948      28.1768
    7949      28.1578
    7950      28.3236
    7951      28.2723
    7952      28.2945
    7953      28.2838
    7954      28.2365
    7955      28.2769
    7956      28.2900
    7957      28.1947
    7958      28.3211
    7959      28.3063
    7960      28.2446
    7961      28.3093
    7962      28.1936
    7963      28.2173
    7964      28.2515
    7965      28.2474
    7966      28.1679
    7967      28.3541
    7968      28.2603
    7969      28.3306
    7970      28.2347
    7971      28.2662
    7972      28.3278
    7973      28.2610
    7974      28.3217
    7975      28.3482
    7976      28.3162
    7977      28.3173
    7978      28.3254
    7979      28.3267
    7980      28.2181
    7981      28.1669
    7982      28.3373
    7983      28.2576
    7984      28.2110
    7985      28.2369
    7986      28.1751
    7987      28.2664
    7988      28.2058
    7989      28.3189
    7990      28.3492
    7991      28.3619
    7992      28.3327
    7993      28.3375
    7994      28.3186
    7995      28.3811
    7996      28.3585
    7997      28.2706
    7998      28.2249
    7999      28.3245
    8000      28.3579
    8001      28.3641
    8002      28.3043
    8003      28.2386
    8004      28.3335
    8005      28.3018
    8006      28.2928
    8007      28.2089
    8008      28.2590
    8009      28.2796
    8010      28.2594
    8011      28.3203
    8012      28.2351
    8013      28.3102
    8014      28.3279
    8015      28.2717
    8016      28.2794
    8017      28.2075
    8018      28.2346
    8019      28.2148
    8020      28.1894
    8021      28.2117
    8022      28.2202
    8023      28.2382
    8024      28.2748
    8025      28.3470
    8026      28.2611
    8027      28.2958
    8028      28.2982
    8029      28.2826
    8030      28.2048
    8031      28.2346
    8032      28.2517
    8033      28.2289
    8034      28.1373
    8035      28.2291
    8036      28.2425
    8037      28.1457
    8038      28.1580
    8039      28.1914
    8040      28.1889
    8041      28.2108
    8042      28.1557
    8043      28.0898
    8044      28.1500
    8045      28.1779
    8046      28.2853
    8047      28.3101
    8048      28.2357
    8049      28.2031
    8050      28.1308
    8051      28.1733
    8052      28.1744
    8053      28.1948
    8054      28.1851
    8055      28.3463
    8056      28.2651
    8057      28.2038
    8058      28.2912
    8059      28.2819
    8060      28.2992
    8061      28.1957
    8062      28.2634
    8063      28.2598
    8064      28.3166
    8065      28.3092
    8066      28.3869
    8067      28.4047
    8068      28.3385
    8069      28.3922
    8070      28.3696
    8071      28.3482
    8072      28.3779
    8073      28.4020
    8074      28.4261
    8075      28.3360
    8076      28.3185
    8077      28.3304
    8078      28.4315
    8079      28.3944
    8080      28.4542
    8081      28.3427
    8082      28.3376
    8083      28.2667
    8084      28.2453
    8085      28.4430
    8086      28.3533
    8087      28.4282
    8088      28.4686
    8089      28.5671
    8090      28.5781
    8091      28.5689
    8092      28.4343
    8093      28.3931
    8094      28.4064
    8095      28.3396
    8096      28.3719
    8097      28.3012
    8098      28.4344
    8099      28.3849
    8100      28.4379
    8101      28.4951
    8102      28.4393
    8103      28.4285
    8104      28.3862
    8105      28.4228
    8106      28.3642
    8107      28.4623
    8108      28.4386
    8109      28.6030
    8110      28.5971
    8111      28.5730
    8112      28.5026
    8113      28.4607
    8114      28.4144
    8115      28.4178
    8116      28.4363
    8117      28.3121
    8118      28.3311
    8119      28.2833
    8120      28.3497
    8121      28.3319
    8122      28.3003
    8123      28.4454
    8124      28.4483
    8125      28.4800
    8126      28.5340
    8127      28.4638
    8128      28.5105
    8129      28.6157
    8130      28.5469
    8131      28.5090
    8132      28.5057
    8133      28.4824
    8134      28.4662
    8135      28.5285
    8136      28.4235
    8137      28.4925
    8138      28.6128
    8139      28.4761
    8140      28.3804
    8141      28.3993
    8142      28.3777
    8143      28.3315
    8144      28.3590
    8145      28.4149
    8146      28.3376
    8147      28.4685
    8148      28.4273
    8149      28.3773
    8150      28.4547
    8151      28.5694
    8152      28.3912
    8153      28.3621
    8154      28.4272
    8155      28.3743
    8156      28.4535
    8157      28.4125
    8158      28.3901
    8159      28.4455
    8160      28.4075
    8161      28.3136
    8162      28.3602
    8163      28.3557
    8164      28.2822
    8165      28.2835
    8166      28.3145
    8167      28.4193
    8168      28.4529
    8169      28.3631
    8170      28.3225
    8171      28.4510
    8172      28.3210
    8173      28.4280
    8174      28.3365
    8175      28.3241
    8176      28.3490
    8177      28.3806
    8178      28.4931
    8179      28.4410
    8180      28.4784
    8181      28.4381
    8182      28.3968
    8183      28.3672
    8184      28.4235
    8185      28.5961
    8186      28.5031
    8187      28.4416
    8188      28.3412
    8189      28.3004
    8190      28.2938
    8191      28.3023
    8192      28.4608
    8193      28.3736
    8194      28.3386
    8195      28.4413
    8196      28.4576
    8197      28.5041
    8198      28.4137
    8199      28.4639
    8200      28.3603
    8201      28.3908
    8202      28.3474
    8203      28.5323
    8204      28.4951
    8205      28.3667
    8206      28.4821
    8207      28.4299
    8208      28.4969
    8209      28.4218
    8210      28.3780
    8211      28.3951
    8212      28.3622
    8213      28.4465
    8214      28.3881
    8215      28.3392
    8216      28.3854
    8217      28.4730
    8218      28.4023
    8219      28.4768
    8220      28.4359
    8221      28.3593
    8222      28.4230
    8223      28.3695
    8224      28.3208
    8225      28.3701
    8226      28.4955
    8227      28.4629
    8228      28.4084
    8229      28.5064
    8230      28.3889
    8231      28.3451
    8232      28.3874
    8233      28.3728
    8234      28.3208
    8235      28.3556
    8236      28.4111
    8237      28.4500
    8238      28.3278
    8239      28.3255
    8240      28.3710
    8241      28.3700
    8242      28.3874
    8243      28.4137
    8244      28.4003
    8245      28.4079
    8246      28.4236
    8247      28.3647
    8248      28.4695
    8249      28.3974
    8250      28.3841
    8251      28.2567
    8252      28.3016
    8253      28.2129
    8254      28.2625
    8255      28.2751
    8256      28.2736
    8257      28.2699
    8258      28.2537
    8259      28.3340
    8260      28.3379
    8261      28.2932
    8262      28.2991
    8263      28.2100
    8264      28.2366
    8265      28.2115
    8266      28.2542
    8267      28.2542
    8268      28.2632
    8269      28.1907
    8270      28.1866
    8271      28.2267
    8272      28.2196
    8273      28.3051
    8274      28.2319
    8275      28.2319
    8276      28.1609
    8277      28.2561
    8278      28.3156
    8279      28.2150
    8280      28.2018
    8281      28.1818
    8282      28.2829
    8283      28.3072
    8284      28.1996
    8285      28.2582
    8286      28.2749
    8287      28.1861
    8288      28.2818
    8289      28.1673
    8290      28.2289
    8291      28.2258
    8292      28.1574
    8293      28.2298
    8294      28.1960
    8295      28.1532
    8296      28.1343
    8297      28.1873
    8298      28.1702
    8299      28.1167
    8300      28.2195
    8301      28.3002
    8302      28.2055
    8303      28.3335
    8304      28.3340
    8305      28.3144
    8306      28.2760
    8307      28.3333
    8308      28.2360
    8309      28.2470
    8310      28.2680
    8311      28.2139
    8312      28.1969
    8313      28.2074
    8314      28.2179
    8315      28.2304
    8316      28.1615
    8317      28.1764
    8318      28.1622
    8319      28.1203
    8320      28.2145
    8321      28.1791
    8322      28.2794
    8323      28.2241
    8324      28.3289
    8325      28.2536
    8326      28.1574
    8327      28.2280
    8328      28.2256
    8329      28.2406
    8330      28.2427
    8331      28.2868
    8332      28.2442
    8333      28.4133
    8334      28.4771
    8335      28.4494
    8336      28.4400
    8337      28.4083
    8338      28.3677
    8339      28.2853
    8340      28.2705
    8341      28.2557
    8342      28.3524
    8343      28.2981
    8344      28.3546
    8345      28.2424
    8346      28.2609
    8347      28.4415
    8348      28.4376
    8349      28.4186
    8350      28.4645
    8351      28.4458
    8352      28.3363
    8353      28.2793
    8354      28.2608
    8355      28.2075
    8356      28.2758
    8357      28.1627
    8358      28.2023
    8359      28.1660
    8360      28.1059
    8361      28.2288
    8362      28.2288
    8363      28.4187
    8364      28.2490
    8365      28.2667
    8366      28.1906
    8367      28.3233
    8368      28.2892
    8369      28.2746
    8370      28.2477
    8371      28.2832
    8372      28.2585
    8373      28.2315
    8374      28.2204
    8375      28.2072
    8376      28.3112
    8377      28.3126
    8378      28.2927
    8379      28.2319
    8380      28.2043
    8381      28.2649
    8382      28.1460
    8383      28.1291
    8384      28.1355
    8385      28.2035
    8386      28.1580
    8387      28.2188
    8388      28.3243
    8389      28.1971
    8390      28.2662
    8391      28.3244
    8392      28.3583
    8393      28.3114
    8394      28.3931
    8395      28.3194
    8396      28.4015
    8397      28.3937
    8398      28.4225
    8399      28.3357
    8400      28.3533
    8401      28.3767
    8402      28.2505
    8403      28.2476
    8404      28.1486
    8405      28.2725
    8406      28.1999
    8407      28.2380
    8408      28.1853
    8409      28.1572
    8410      28.0263
    8411      28.1682
    8412      28.1669
    8413      28.2087
    8414      28.3054
    8415      28.2675
    8416      28.2039
    8417      28.2526
    8418      28.2192
    8419      28.3035
    8420      28.3274
    8421      28.3319
    8422      28.3159
    8423      28.3672
    8424      28.3374
    8425      28.3332
    8426      28.3402
    8427      28.2859
    8428      28.3483
    8429      28.3268
    8430      28.2691
    8431      28.2064
    8432      28.0912
    8433      28.2049
    8434      28.2955
    8435      28.3225
    8436      28.3194
    8437      28.2620
    8438      28.3417
    8439      28.4202
    8440      28.3807
    8441      28.3336
    8442      28.3564
    8443      28.2345
    8444      28.3009
    8445      28.3439
    8446      28.2008
    8447      28.3127
    8448      28.1830
    8449      28.2034
    8450      28.1739
    8451      28.1710
    8452      28.2862
    8453      28.1827
    8454      28.1878
    8455      28.2260
    8456      28.3119
    8457      28.2318
    8458      28.2150
    8459      28.3291
    8460      28.2880
    8461      28.3228
    8462      28.2142
    8463      28.3783
    8464      28.1807
    8465      28.2392
    8466      28.2621
    8467      28.1692
    8468      28.3117
    8469      28.2454
    8470      28.3746
    8471      28.2880
    8472      28.2133
    8473      28.2261
    8474      28.2440
    8475      28.4171
    8476      28.2941
    8477      28.2238
    8478      28.2392
    8479      28.2269
    8480      28.3588
    8481      28.3897
    8482      28.3776
    8483      28.2966
    8484      28.4205
    8485      28.2941
    8486      28.3034
    8487      28.3268
    8488      28.3528
    8489      28.3217
    8490      28.3311
    8491      28.3320
    8492      28.3267
    8493      28.3516
    8494      28.4114
    8495      28.4049
    8496      28.3978
    8497      28.3451
    8498      28.3773
    8499      28.4423
    8500      28.3247
    8501      28.3284
    8502      28.3643
    8503      28.3707
    8504      28.3705
    8505      28.5125
    8506      28.4257
    8507      28.2710
    8508      28.3738
    8509      28.3152
    8510      28.4271
    8511      28.4682
    8512      28.5443
    8513      28.3341
    8514      28.4640
    8515      28.4698
    8516      28.4160
    8517      28.5018
    8518      28.4695
    8519      28.4345
    8520      28.3505
    8521      28.4019
    8522      28.4736
    8523      28.4669
    8524      28.5030
    8525      28.4615
    8526      28.4444
    8527      28.3678
    8528      28.4286
    8529      28.2869
    8530      28.3156
    8531      28.4438
    8532      28.4076
    8533      28.3113
    8534      28.3641
    8535      28.3512
    8536      28.3981
    8537      28.3184
    8538      28.3735
    8539      28.2837
    8540      28.4122
    8541      28.3416
    8542      28.3117
    8543      28.4156
    8544      28.3052
    8545      28.3050
    8546      28.2263
    8547      28.3009
    8548      28.2096
    8549      28.2473
    8550      28.4175
    8551      28.4377
    8552      28.4073
    8553      28.4428
    8554      28.4388
    8555      28.4212
    8556      28.4835
    8557      28.5269
    8558      28.5385
    8559      28.5566
    8560      28.5363
    8561      28.5225
    8562      28.5160
    8563      28.4184
    8564      28.2889
    8565      28.3077
    8566      28.2430
    8567      28.3251
    8568      28.3649
    8569      28.3587
    8570      28.2202
    8571      28.4350
    8572      28.3970
    8573      28.4127
    8574      28.3852
    8575      28.3327
    8576      28.4775
    8577      28.3490
    8578      28.3978
    8579      28.3522
    8580      28.4135
    8581      28.4028
    8582      28.2931
    8583      28.4418
    8584      28.4398
    8585      28.3481
    8586      28.4889
    8587      28.4937
    8588      28.4642
    8589      28.4378
    8590      28.4654
    8591      28.3434
    8592      28.4946
    8593      28.5730
    8594      28.4791
    8595      28.5418
    8596      28.3912
    8597      28.3224
    8598      28.4586
    8599      28.4073
    8600      28.4589
    8601      28.4051
    8602      28.4418
    8603      28.3498
    8604      28.3596
    8605      28.3947
    8606      28.3838
    8607      28.2370
    8608      28.3612
    8609      28.4722
    8610      28.4028
    8611      28.4447
    8612      28.4391
    8613      28.4044
    8614      28.4428
    8615      28.4041
    8616      28.3115
    8617      28.2449
    8618      28.2785
    8619      28.4541
    8620      28.3836
    8621      28.3227
    8622      28.4132
    8623      28.4456
    8624      28.3973
    8625      28.4053
    8626      28.4372
    8627      28.4162
    8628      28.4658
    8629      28.4210
    8630      28.3851
    8631      28.4372
    8632      28.3835
    8633      28.4458
    8634      28.3999
    8635      28.4512
    8636      28.3517
    8637      28.3124
    8638      28.3396
    8639      28.3398
    8640      28.3576
    8641      28.3401
    8642      28.3685
    8643      28.3377
    8644      28.4123
    8645      28.4657
    8646      28.5519
    8647      28.4945
    8648      28.5089
    8649      28.6028
    8650      28.4983
    8651      28.4696
    8652      28.4973
    8653      28.4998
    8654      28.3403
    8655      28.4485
    8656      28.4665
    8657      28.4407
    8658      28.3732
    8659      28.3912
    8660      28.4533
    8661      28.4451
    8662      28.4816
    8663      28.4208
    8664      28.5027
    8665      28.4664
    8666      28.5132
    8667      28.5274
    8668      28.7166
    8669      28.6329
    8670      28.5511
    8671      28.5968
    8672      28.4565
    8673      28.5410
    8674      28.5743
    8675      28.5426
    8676      28.5094
    8677      28.4754
    8678      28.4060
    8679      28.5079
    8680      28.5199
    8681      28.3712
    8682      28.4704
    8683      28.3887
    8684      28.4675
    8685      28.5014
    8686      28.4157
    8687      28.4231
    8688      28.4662
    8689      28.3991
    8690      28.3761
    8691      28.3898
    8692      28.4123
    8693      28.2763
    8694      28.2832
    8695      28.4207
    8696      28.3811
    8697      28.4782
    8698      28.4444
    8699      28.4244
    8700      28.3731
    8701      28.3371
    8702      28.5208
    8703      28.5019
    8704      28.5096
    8705      28.4133
    8706      28.4371
    8707      28.3875
    8708      28.4336
    8709      28.5617
    8710      28.4847
    8711      28.4164
    8712      28.3851
    8713      28.4562
    8714      28.3151
    8715      28.4319
    8716      28.4882
    8717      28.4637
    8718      28.4194
    8719      28.3573
    8720      28.4364
    8721      28.3935
    8722      28.3852
    8723      28.3912
    8724      28.5083
    8725      28.3922
    8726      28.3900
    8727      28.4869
    8728      28.4243
    8729      28.4491
    8730      28.4549
    8731      28.3937
    8732      28.3979
    8733      28.4437
    8734      28.4023
    8735      28.4280
    8736      28.3293
    8737      28.2525
    8738      28.3123
    8739      28.3515
    8740      28.2886
    8741      28.2516
    8742      28.2275
    8743      28.1942
    8744      28.2202
    8745      28.2627
    8746      28.2499
    8747      28.2835
    8748      28.3188
    8749      28.3771
    8750      28.4254
    8751      28.2764
    8752      28.2651
    8753      28.3120
    8754      28.3995
    8755      28.2702
    8756      28.2342
    8757      28.1602
    8758      28.1839
    8759      28.1897
    8760      28.1749
    8761      28.1505
    8762      28.0813
    8763      28.1405
    8764      28.2164
    8765      28.2428
    8766      28.2167
    8767      28.2547
    8768      28.2714
    8769      28.2357
    8770      28.2279
    8771      28.2746
    8772      28.2739
    8773      28.2710
    8774      28.2497
    8775      28.3150
    8776      28.2820
    8777      28.3557
    8778      28.3376
    8779      28.4164
    8780      28.4376
    8781      28.3058
    8782      28.4740
    8783      28.3804
    8784      28.3204
    8785      28.3108
    8786      28.2593
    8787      28.2231
    8788      28.1966
    8789      28.1436
    8790      28.1948
    8791      28.1639
    8792      28.0880
    8793      28.1175
    8794      28.1732
    8795      28.1388
    8796      28.2129
    8797      28.2470
    8798      28.1489
    8799      28.1302
    8800      28.1579
    8801      28.0584
    8802      28.1385
    8803      28.1639
    8804      28.2082
    8805      28.2562
    8806      28.2017
    8807      28.2195
    8808      28.1942
    8809      28.2240
    8810      28.1233
    8811      28.1822
    8812      28.1419
    8813      28.1071
    8814      28.1584
    8815      28.2687
    8816      28.2544
    8817      28.2262
    8818      28.3599
    8819      28.3417
    8820      28.3142
    8821      28.2371
    8822      28.1967
    8823      28.2770
    8824      28.2225
    8825      28.3198
    8826      28.3319
    8827      28.2384
    8828      28.1787
    8829      28.3373
    8830      28.2534
    8831      28.2767
    8832      28.2629
    8833      28.2074
    8834      28.2079
    8835      28.2376
    8836      28.3003
    8837      28.4074
    8838      28.4145
    8839      28.3959
    8840      28.3580
    8841      28.2773
    8842      28.1932
    8843      28.3072
    8844      28.2820
    8845      28.3611
    8846      28.3003
    8847      28.2996
    8848      28.2809
    8849      28.2963
    8850      28.2844
    8851      28.3367
    8852      28.3138
    8853      28.2512
    8854      28.3282
    8855      28.2676
    8856      28.2388
    8857      28.3654
    8858      28.3453
    8859      28.3391
    8860      28.2916
    8861      28.3635
    8862      28.3571
    8863      28.2477
    8864      28.2261
    8865      28.2662
    8866      28.2810
    8867      28.3331
    8868      28.4195
    8869      28.3974
    8870      28.2829
    8871      28.3001
    8872      28.3024
    8873      28.3952
    8874      28.3281
    8875      28.3585
    8876      28.3776
    8877      28.4450
    8878      28.3800
    8879      28.3317
    8880      28.3308
    8881      28.2940
    8882      28.3024
    8883      28.3561
    8884      28.3518
    8885      28.4080
    8886      28.2679
    8887      28.3769
    8888      28.3080
    8889      28.3046
    8890      28.4055
    8891      28.2816
    8892      28.3869
    8893      28.4104
    8894      28.2757
    8895      28.2608
    8896      28.3460
    8897      28.4016
    8898      28.3610
    8899      28.3716
    8900      28.3226
    8901      28.3622
    8902      28.3707
    8903      28.3119
    8904      28.2061
    8905      28.1395
    8906      28.2779
    8907      28.2586
    8908      28.1832
    8909      28.2554
    8910      28.1883
    8911      28.2178
    8912      28.1876
    8913      28.2430
    8914      28.3034
    8915      28.1823
    8916      28.2606
    8917      28.2183
    8918      28.2249
    8919      28.2102
    8920      28.2160
    8921      28.2733
    8922      28.2816
    8923      28.3179
    8924      28.3168
    8925      28.2757
    8926      28.2670
    8927      28.2093
    8928      28.2407
    8929      28.1511
    8930      28.2058
    8931      28.2027
    8932      28.1852
    8933      28.1935
    8934      28.1587
    8935      28.1634
    8936      28.2035
    8937      28.1606
    8938      28.2140
    8939      28.1373
    8940      28.1564
    8941      28.1997
    8942      28.2798
    8943      28.1192
    8944      28.1921
    8945      28.2690
    8946      28.2785
    8947      28.3379
    8948      28.2810
    8949      28.2990
    8950      28.3680
    8951      28.2343
    8952      28.2942
    8953      28.2521
    8954      28.2820
    8955      28.3363
    8956      28.4185
    8957      28.3143
    8958      28.3478
    8959      28.2575
    8960      28.2630
    8961      28.2527
    8962      28.3122
    8963      28.2092
    8964      28.2358
    8965      28.2773
    8966      28.3200
    8967      28.2561
    8968      28.2912
    8969      28.2547
    8970      28.3355
    8971      28.2578
    8972      28.2735
    8973      28.3382
    8974      28.3584
    8975      28.3373
    8976      28.2908
    8977      28.2575
    8978      28.3308
    8979      28.3391
    8980      28.3231
    8981      28.2811
    8982      28.3331
    8983      28.2465
    8984      28.3120
    8985      28.2595
    8986      28.2736
    8987      28.2885
    8988      28.2122
    8989      28.2409
    8990      28.3282
    8991      28.2625
    8992      28.2660
    8993      28.2211
    8994      28.3274
    8995      28.2799
    8996      28.3354
    8997      28.2816
    8998      28.2855
    8999      28.3687
    9000      28.3891
    9001      28.4228
    9002      28.4680
    9003      28.3540
    9004      28.3107
    9005      28.3600
    9006      28.3184
    9007      28.2645
    9008      28.3016
    9009      28.4068
    9010      28.3617
    9011      28.4610
    9012      28.3579
    9013      28.3265
    9014      28.3541
    9015      28.3327
    9016      28.1978
    9017      28.3233
    9018      28.4082
    9019      28.2952
    9020      28.3565
    9021      28.3245
    9022      28.3918
    9023      28.3678
    9024      28.2440
    9025      28.2252
    9026      28.2429
    9027      28.2710
    9028      28.2514
    9029      28.3595
    9030      28.3960
    9031      28.4214
    9032      28.3266
    9033      28.3241
    9034      28.2223
    9035      28.3405
    9036      28.4386
    9037      28.3298
    9038      28.3230
    9039      28.3217
    9040      28.3336
    9041      28.2370
    9042      28.2388
    9043      28.1835
    9044      28.2830
    9045      28.3182
    9046      28.3080
    9047      28.3964
    9048      28.3504
    9049      28.3690
    9050      28.3140
    9051      28.3875
    9052      28.3077
    9053      28.3703
    9054      28.3535
    9055      28.3868
    9056      28.3335
    9057      28.3135
    9058      28.3231
    9059      28.4217
    9060      28.3703
    9061      28.3243
    9062      28.3841
    9063      28.3590
    9064      28.3358
    9065      28.4789
    9066      28.5027
    9067      28.3372
    9068      28.3319
    9069      28.3521
    9070      28.2840
    9071      28.2184
    9072      28.2595
    9073      28.2887
    9074      28.3027
    9075      28.2667
    9076      28.2709
    9077      28.2723
    9078      28.3158
    9079      28.3448
    9080      28.3488
    9081      28.2565
    9082      28.2874
    9083      28.2080
    9084      28.3563
    9085      28.2905
    9086      28.2200
    9087      28.3322
    9088      28.2160
    9089      28.2991
    9090      28.2284
    9091      28.3033
    9092      28.2298
    9093      28.3008
    9094      28.1780
    9095      28.2546
    9096      28.3042
    9097      28.2121
    9098      28.3262
    9099      28.3841
    9100      28.3088
    9101      28.2951
    9102      28.2875
    9103      28.2617
    9104      28.2587
    9105      28.3139
    9106      28.2562
    9107      28.3479
    9108      28.3283
    9109      28.3793
    9110      28.3400
    9111      28.3175
    9112      28.2847
    9113      28.3080
    9114      28.2680
    9115      28.2049
    9116      28.2222
    9117      28.2532
    9118      28.1983
    9119      28.2167
    9120      28.2618
    9121      28.2932
    9122      28.2512
    9123      28.2340
    9124      28.2777
    9125      28.2211
    9126      28.2272
    9127      28.2258
    9128      28.4148
    9129      28.4434
    9130      28.3727
    9131      28.4331
    9132      28.4876
    9133      28.4229
    9134      28.4786
    9135      28.5998
    9136      28.4689
    9137      28.4586
    9138      28.4708
    9139      28.5104
    9140      28.4462
    9141      28.3991
    9142      28.3863
    9143      28.3541
    9144      28.3245
    9145      28.2455
    9146      28.2565
    9147      28.2202
    9148      28.2166
    9149      28.3007
    9150      28.3134
    9151      28.3627
    9152      28.3921
    9153      28.3880
    9154      28.2788
    9155      28.2726
    9156      28.3435
    9157      28.3050
    9158      28.3601
    9159      28.3562
    9160      28.3751
    9161      28.3376
    9162      28.3480
    9163      28.3061
    9164      28.3567
    9165      28.3607
    9166      28.3097
    9167      28.3563
    9168      28.4023
    9169      28.4435
    9170      28.3298
    9171      28.3000
    9172      28.3294
    9173      28.3062
    9174      28.3115
    9175      28.2043
    9176      28.2972
    9177      28.3220
    9178      28.2039
    9179      28.2227
    9180      28.1074
    9181      28.1140
    9182      28.1900
    9183      28.2840
    9184      28.2969
    9185      28.3399
    9186      28.3799
    9187      28.3457
    9188      28.3588
    9189      28.2589
    9190      28.3059
    9191      28.3463
    9192      28.3909
    9193      28.3612
    9194      28.3340
    9195      28.2477
    9196      28.2859
    9197      28.2192
    9198      28.3129
    9199      28.3463
    9200      28.3859
    9201      28.4206
    9202      28.5005
    9203      28.4192
    9204      28.4397
    9205      28.5323
    9206      28.3903
    9207      28.3721
    9208      28.4120
    9209      28.4727
    9210      28.4321
    9211      28.4977
    9212      28.4816
    9213      28.4685
    9214      28.4421
    9215      28.5736
    9216      28.5345
    9217      28.4383
    9218      28.4432
    9219      28.4212
    9220      28.3845
    9221      28.2197
    9222      28.2926
    9223      28.2562
    9224      28.3211
    9225      28.2504
    9226      28.3811
    9227      28.2685
    9228      28.3253
    9229      28.3260
    9230      28.3118
    9231      28.3742
    9232      28.4111
    9233      28.4240
    9234      28.4117
    9235      28.3966
    9236      28.4173
    9237      28.3624
    9238      28.2754
    9239      28.2022
    9240      28.1990
    9241      28.1938
    9242      28.3146
    9243      28.1782
    9244      28.2059
    9245      28.2646
    9246      28.1769
    9247      28.2956
    9248      28.3772
    9249      28.3338
    9250      28.3604
    9251      28.3687
    9252      28.3955
    9253      28.3784
    9254      28.3670
    9255      28.2121
    9256      28.2654
    9257      28.4551
    9258      28.4051
    9259      28.3928
    9260      28.3119
    9261      28.3139
    9262      28.3059
    9263      28.3563
    9264      28.3014
    9265      28.4047
    9266      28.3246
    9267      28.3640
    9268      28.4291
    9269      28.3841
    9270      28.3640
    9271      28.3566
    9272      28.3700
    9273      28.2191
    9274      28.3018
    9275      28.2792
    9276      28.2428
    9277      28.3047
    9278      28.3502
    9279      28.3295
    9280      28.3101
    9281      28.3496
    9282      28.3748
    9283      28.4128
    9284      28.4194
    9285      28.4212
    9286      28.3248
    9287      28.4050
    9288      28.3429
    9289      28.4094
    9290      28.4147
    9291      28.3779
    9292      28.4264
    9293      28.4961
    9294      28.4589
    9295      28.4549
    9296      28.5171
    9297      28.3617
    9298      28.4540
    9299      28.4693
    9300      28.4477
    9301      28.4881
    9302      28.4191
    9303      28.5361
    9304      28.5253
    9305      28.5036
    9306      28.4927
    9307      28.5583
    9308      28.5311
    9309      28.3774
    9310      28.4177
    9311      28.4196
    9312      28.3560
    9313      28.3701
    9314      28.4417
    9315      28.3742
    9316      28.3280
    9317      28.3379
    9318      28.3499
    9319      28.4041
    9320      28.4089
    9321      28.3094
    9322      28.2427
    9323      28.2771
    9324      28.2679
    9325      28.3953
    9326      28.3002
    9327      28.2786
    9328      28.2801
    9329      28.3522
    9330      28.3974
    9331      28.3558
    9332      28.2798
    9333      28.4155
    9334      28.3814
    9335      28.3800
    9336      28.2315
    9337      28.2235
    9338      28.2436
    9339      28.2927
    9340      28.3363
    9341      28.2465
    9342      28.2392
    9343      28.2975
    9344      28.3225
    9345      28.2533
    9346      28.3156
    9347      28.2854
    9348      28.3074
    9349      28.3643
    9350      28.3605
    9351      28.3065
    9352      28.3825
    9353      28.3630
    9354      28.3194
    9355      28.3008
    9356      28.2923
    9357      28.3469
    9358      28.2840
    9359      28.2601
    9360      28.3368
    9361      28.3825
    9362      28.3635
    9363      28.2973
    9364      28.2401
    9365      28.2821
    9366      28.3576
    9367      28.2269
    9368      28.3504
    9369      28.2908
    9370      28.2909
    9371      28.2637
    9372      28.1999
    9373      28.2124
    9374      28.2413
    9375      28.3359
    9376      28.2300
    9377      28.2636
    9378      28.3011
    9379      28.2917
    9380      28.2956
    9381      28.2306
    9382      28.1844
    9383      28.2541
    9384      28.3274
    9385      28.2667
    9386      28.2362
    9387      28.3560
    9388      28.3966
    9389      28.3522
    9390      28.3048
    9391      28.3079
    9392      28.2665
    9393      28.2839
    9394      28.3454
    9395      28.3155
    9396      28.3669
    9397      28.3024
    9398      28.3214
    9399      28.3105
    9400      28.3726
    9401      28.3857
    9402      28.3692
    9403      28.2482
    9404      28.3247
    9405      28.1966
    9406      28.2698
    9407      28.2321
    9408      28.1777
    9409      28.2760
    9410      28.3029
    9411      28.3256
    9412      28.2996
    9413      28.2322
    9414      28.3195
    9415      28.2636
    9416      28.2753
    9417      28.2645
    9418      28.2879
    9419      28.2587
    9420      28.2683
    9421      28.3649
    9422      28.3947
    9423      28.3178
    9424      28.2848
    9425      28.3262
    9426      28.2668
    9427      28.3450
    9428      28.3406
    9429      28.3311
    9430      28.4483
    9431      28.4264
    9432      28.4038
    9433      28.3356
    9434      28.3259
    9435      28.4361
    9436      28.2609
    9437      28.3423
    9438      28.3499
    9439      28.3580
    9440      28.3345
    9441      28.2833
    9442      28.2678
    9443      28.2777
    9444      28.2445
    9445      28.2551
    9446      28.2069
    9447      28.2498
    9448      28.1735
    9449      28.3323
    9450      28.3147
    9451      28.2699
    9452      28.2984
    9453      28.2348
    9454      28.2599
    9455      28.3459
    9456      28.3023
    9457      28.3522
    9458      28.3156
    9459      28.3540
    9460      28.3542
    9461      28.4069
    9462      28.3785
    9463      28.4143
    9464      28.4367
    9465      28.3915
    9466      28.3213
    9467      28.3871
    9468      28.3264
    9469      28.3566
    9470      28.3066
    9471      28.4125
    9472      28.3810
    9473      28.3170
    9474      28.4117
    9475      28.3894
    9476      28.4499
    9477      28.4293
    9478      28.3638
    9479      28.3107
    9480      28.2897
    9481      28.2952
    9482      28.2907
    9483      28.3588
    9484      28.3176
    9485      28.2874
    9486      28.3084
    9487      28.2571
    9488      28.2873
    9489      28.4555
    9490      28.3932
    9491      28.3809
    9492      28.4921
    9493      28.4347
    9494      28.4339
    9495      28.4587
    9496      28.3767
    9497      28.3383
    9498      28.3815
    9499      28.4259
    9500      28.3485
    9501      28.3862
    9502      28.3873
    9503      28.3318
    9504      28.3334
    9505      28.3974
    9506      28.4574
    9507      28.4532
    9508      28.4536
    9509      28.4276
    9510      28.4581
    9511      28.4683
    9512      28.4431
    9513      28.3318
    9514      28.4451
    9515      28.4526
    9516      28.3681
    9517      28.4156
    9518      28.4183
    9519      28.4373
    9520      28.3823
    9521      28.2616
    9522      28.3852
    9523      28.3427
    9524      28.3259
    9525      28.3064
    9526      28.3980
    9527      28.4820
    9528      28.4609
    9529      28.3468
    9530      28.3485
    9531      28.3465
    9532      28.2909
    9533      28.3167
    9534      28.3640
    9535      28.4035
    9536      28.3689
    9537      28.2917
    9538      28.4079
    9539      28.3540
    9540      28.4093
    9541      28.2977
    9542      28.3726
    9543      28.3262
    9544      28.2727
    9545      28.2975
    9546      28.3302
    9547      28.4216
    9548      28.3357
    9549      28.3910
    9550      28.3466
    9551      28.3502
    9552      28.3899
    9553      28.2626
    9554      28.3119
    9555      28.3167
    9556      28.3876
    9557      28.3825
    9558      28.3220
    9559      28.3467
    9560      28.3485
    9561      28.3555
    9562      28.3229
    9563      28.2155
    9564      28.2105
    9565      28.2290
    9566      28.3157
    9567      28.3480
    9568      28.3994
    9569      28.5280
    9570      28.4398
    9571      28.3776
    9572      28.4102
    9573      28.4531
    9574      28.3786
    9575      28.3855
    9576      28.4763
    9577      28.3497
    9578      28.4233
    9579      28.3840
    9580      28.3647
    9581      28.2866
    9582      28.3666
    9583      28.3950
    9584      28.4525
    9585      28.3688
    9586      28.4347
    9587      28.4704
    9588      28.3089
    9589      28.3370
    9590      28.2724
    9591      28.3132
    9592      28.3064
    9593      28.3557
    9594      28.3750
    9595      28.4204
    9596      28.4641
    9597      28.4575
    9598      28.4483
    9599      28.3624
    9600      28.3049
    9601      28.4547
    9602      28.3308
    9603      28.4871
    9604      28.4952
    9605      28.4318
    9606      28.3804
    9607      28.4366
    9608      28.4285
    9609      28.4516
    9610      28.3880
    9611      28.4292
    9612      28.5533
    9613      28.4411
    9614      28.4513
    9615      28.3844
    9616      28.3475
    9617      28.3427
    9618      28.4375
    9619      28.4207
    9620      28.4747
    9621      28.4832
    9622      28.4090
    9623      28.4435
    9624      28.4651
    9625      28.4483
    9626      28.4398
    9627      28.4090
    9628      28.3400
    9629      28.4103
    9630      28.3497
    9631      28.2275
    9632      28.2071
    9633      28.2342
    9634      28.2013
    9635      28.2163
    9636      28.1711
    9637      28.1708
    9638      28.2004
    9639      28.2505
    9640      28.3232
    9641      28.2943
    9642      28.3533
    9643      28.3711
    9644      28.3287
    9645      28.3996
    9646      28.3606
    9647      28.2274
    9648      28.3198
    9649      28.3603
    9650      28.3207
    9651      28.3496
    9652      28.3062
    9653      28.2898
    9654      28.2667
    9655      28.2400
    9656      28.3348
    9657      28.2538
    9658      28.3567
    9659      28.3846
    9660      28.3199
    9661      28.3686
    9662      28.3091
    9663      28.3264
    9664      28.2971
    9665      28.3181
    9666      28.4352
    9667      28.3530
    9668      28.3143
    9669      28.2831
    9670      28.3731
    9671      28.3388
    9672      28.3080
    9673      28.3596
    9674      28.3782
    9675      28.2717
    9676      28.2683
    9677      28.2277
    9678      28.2663
    9679      28.2467
    9680      28.3486
    9681      28.3752
    9682      28.3893
    9683      28.3501
    9684      28.4198
    9685      28.3623
    9686      28.4214
    9687      28.4494
    9688      28.3641
    9689      28.3592
    9690      28.3421
    9691      28.3099
    9692      28.4355
    9693      28.4256
    9694      28.3994
    9695      28.4321
    9696      28.4887
    9697      28.3988
    9698      28.3359
    9699      28.4043
    9700      28.3955
    9701      28.2557
    9702      28.3556
    9703      28.3649
    9704      28.3228
    9705      28.3460
    9706      28.2690
    9707      28.3159
    9708      28.3159
    9709      28.2887
    9710      28.3070
    9711      28.3299
    9712      28.2847
    9713      28.2578
    9714      28.2613
    9715      28.3279
    9716      28.2931
    9717      28.2212
    9718      28.2356
    9719      28.2796
    9720      28.2073
    9721      28.1852
    9722      28.3384
    9723      28.3663
    9724      28.3023
    9725      28.2831
    9726      28.2592
    9727      28.2523
    9728      28.2509
    9729      28.1738
    9730      28.2880
    9731      28.2952
    9732      28.3447
    9733      28.3838
    9734      28.3176
    9735      28.3820
    9736      28.3632
    9737      28.4685
    9738      28.2537
    9739      28.3323
    9740      28.3030
    9741      28.3362
    9742      28.2120
    9743      28.3218
    9744      28.2928
    9745      28.3314
    9746      28.3230
    9747      28.4640
    9748      28.2410
    9749      28.3242
    9750      28.3098
    9751      28.3588
    9752      28.4200
    9753      28.3259
    9754      28.3992
    9755      28.3750
    9756      28.4169
    9757      28.4316
    9758      28.3487
    9759      28.3631
    9760      28.2988
    9761      28.2716
    9762      28.3328
    9763      28.3802
    9764      28.4545
    9765      28.3764
    9766      28.3775
    9767      28.4570
    9768      28.3972
    9769      28.4165
    9770      28.3152
    9771      28.2443
    9772      28.2133
    9773      28.2540
    9774      28.2996
    9775      28.3906
    9776      28.3357
    9777      28.3238
    9778      28.2987
    9779      28.2077
    9780      28.3567
    9781      28.3147
    9782      28.3376
    9783      28.3010
    9784      28.3797
    9785      28.3607
    9786      28.4083
    9787      28.4207
    9788      28.4365
    9789      28.3571
    9790      28.2779
    9791      28.3213
    9792      28.4039
    9793      28.3412
    9794      28.3809
    9795      28.3552
    9796      28.3059
    9797      28.3965
    9798      28.3803
    9799      28.2482
    9800      28.3026
    9801      28.2746
    9802      28.3737
    9803      28.3627
    9804      28.3113
    9805      28.2919
    9806      28.3904
    9807      28.3240
    9808      28.3396
    9809      28.2539
    9810      28.3439
    9811      28.3487
    9812      28.3244
    9813      28.3617
    9814      28.2989
    9815      28.2630
    9816      28.3301
    9817      28.3486
    9818      28.2969
    9819      28.2570
    9820      28.3058
    9821      28.3328
    9822      28.4045
    9823      28.3581
    9824      28.3498
    9825      28.3787
    9826      28.2984
    9827      28.3488
    9828      28.3136
    9829      28.2423
    9830      28.2055
    9831      28.3066
    9832      28.2954
    9833      28.3712
    9834      28.3553
    9835      28.3299
    9836      28.3318
    9837      28.2819
    9838      28.2959
    9839      28.2542
    9840      28.2403
    9841      28.2954
    9842      28.2988
    9843      28.3284
    9844      28.3631
    9845      28.3808
    9846      28.3219
    9847      28.2796
    9848      28.3294
    9849      28.3593
    9850      28.2901
    9851      28.3244
    9852      28.2969
    9853      28.3901
    9854      28.5006
    9855      28.4225
    9856      28.4455
    9857      28.4144
    9858      28.4791
    9859      28.3481
    9860      28.4007
    9861      28.3653
    9862      28.4419
    9863      28.3500
    9864      28.4173
    9865      28.3637
    9866      28.3633
    9867      28.3717
    9868      28.3656
    9869      28.3297
    9870      28.4541
    9871      28.4125
    9872      28.3751
    9873      28.3854
    9874      28.4151
    9875      28.3558
    9876      28.3317
    9877      28.3476
    9878      28.4231
    9879      28.4051
    9880      28.3639
    9881      28.3798
    9882      28.4226
    9883      28.4430
    9884      28.4334
    9885      28.4512
    9886      28.4624
    9887      28.3960
    9888      28.4714
    9889      28.4806
    9890      28.4789
    9891      28.4954
    9892      28.4750
    9893      28.4911
    9894      28.5144
    9895      28.5112
    9896      28.4532
    9897      28.3498
    9898      28.4088
    9899      28.3710
    9900      28.3382
    9901      28.4127
    9902      28.4151
    9903      28.3693
    9904      28.4987
    9905      28.4022
    9906      28.3767
    9907      28.4435
    9908      28.3740
    9909      28.3711
    9910      28.4034
    9911      28.4105
    9912      28.3739
    9913      28.3546
    9914      28.4422
    9915      28.4212
    9916      28.4016
    9917      28.4797
    9918      28.4812
    9919      28.4344
    9920      28.4041
    9921      28.4553
    9922      28.4790
    9923      28.4290
    9924      28.4741
    9925      28.4666
    9926      28.4551
    9927      28.3846
    9928      28.3697
    9929      28.4361
    9930      28.3677
    9931      28.4669
    9932      28.5167
    9933      28.4960
    9934      28.4287
    9935      28.5229
    9936      28.4463
    9937      28.5495
    9938      28.4586
    9939      28.4541
    9940      28.5465
    9941      28.4922
    9942      28.4646
    9943      28.4454
    9944      28.4223
    9945      28.4793
    9946      28.4352
    9947      28.3702
    9948      28.4802
    9949      28.4815
    9950      28.4007
    9951      28.4760
    9952      28.4607
    9953      28.3719
    9954      28.4501
    9955      28.3427
    9956      28.3076
    9957      28.4033
    9958      28.2711
    9959      28.2756
    9960      28.3284
    9961      28.2678
    9962      28.4379
    9963      28.4896
    9964      28.3968
    9965      28.5001
    9966      28.4598
    9967      28.4166
    9968      28.4651
    9969      28.4536
    9970      28.4109
    9971      28.3390
    9972      28.3687
    9973      28.3779
    9974      28.3466
    9975      28.4089
    9976      28.3998
    9977      28.4337
    9978      28.3719
    9979      28.3671
    9980      28.4436
    9981      28.4411
    9982      28.3836
    9983      28.4109
    9984      28.3913
    9985      28.3160
    9986      28.2787
    9987      28.3991
    9988      28.3321
    9989      28.4008
    9990      28.2581
    9991      28.2967
    9992      28.3310
    9993      28.3986
    9994      28.3613
    9995      28.2646
    9996      28.3590
    9997      28.3101
    9998      28.3711
    9999      28.3696
   10000      28.4088
