#Frame     RMSD_00002
       1       0.0000
       2       0.7626
       3       0.7247
       4       0.9003
       5       0.8454
       6       0.9178
       7       0.9394
       8       1.0090
       9       0.8970
      10       0.9544
      11       1.0167
      12       1.0009
      13       0.8723
      14       0.9933
      15       0.9662
      16       1.0383
      17       1.0904
      18       1.2601
      19       1.2184
      20       1.1664
      21       1.2643
      22       1.2692
      23       1.3544
      24       1.3590
      25       1.5897
      26       1.3635
      27       1.5423
      28       1.5234
      29       1.5700
      30       1.4879
      31       1.3973
      32       1.3774
      33       1.3009
      34       1.6248
      35       1.5325
      36       1.6133
      37       1.5931
      38       1.7473
      39       1.7977
      40       1.6670
      41       1.6366
      42       1.6640
      43       1.5522
      44       1.4837
      45       1.4699
      46       1.3817
      47       1.4779
      48       1.5276
      49       1.3948
      50       1.3048
      51       1.2316
      52       1.2470
      53       1.3414
      54       1.3714
      55       1.4002
      56       1.2855
      57       1.2240
      58       1.4149
      59       1.6345
      60       1.3774
      61       1.2951
      62       1.1890
      63       1.2609
      64       1.2130
      65       1.4004
      66       1.4190
      67       1.4135
      68       1.3084
      69       1.2932
      70       1.1523
      71       1.1483
      72       1.2178
      73       1.1416
      74       1.2405
      75       1.2858
      76       1.1133
      77       1.1582
      78       1.2169
      79       1.1630
      80       1.1657
      81       1.1754
      82       1.1562
      83       1.3360
      84       1.5577
      85       1.5140
      86       1.6411
      87       1.5389
      88       1.4013
      89       1.5142
      90       1.7069
      91       1.3145
      92       1.3175
      93       1.1336
      94       1.2792
      95       1.2334
      96       1.2435
      97       1.2949
      98       1.3349
      99       1.3697
     100       1.4988
     101       1.5199
     102       1.4644
     103       1.5276
     104       1.5200
     105       1.5274
     106       1.4726
     107       1.4999
     108       1.4272
     109       1.5710
     110       1.7697
     111       1.7494
     112       1.7571
     113       1.6781
     114       1.9295
     115       1.9305
     116       1.6824
     117       1.6998
     118       1.8952
     119       1.7964
     120       1.8467
     121       1.6597
     122       1.8136
     123       1.7926
     124       1.6756
     125       1.6019
     126       1.5345
     127       1.5165
     128       1.5180
     129       1.4262
     130       1.2655
     131       1.3129
     132       1.3782
     133       1.4198
     134       1.3296
     135       1.3441
     136       1.2500
     137       1.4677
     138       1.4090
     139       1.5438
     140       1.5563
     141       1.4852
     142       1.4091
     143       1.5422
     144       1.4547
     145       1.5116
     146       1.5159
     147       1.5750
     148       1.4415
     149       1.5255
     150       1.4042
     151       1.4891
     152       1.6040
     153       1.5712
     154       1.6038
     155       1.5511
     156       1.5428
     157       1.4898
     158       1.7568
     159       1.6832
     160       1.7439
     161       1.6008
     162       1.6092
     163       1.5927
     164       1.6148
     165       1.7472
     166       1.6919
     167       1.6624
     168       1.5106
     169       1.6068
     170       1.7120
     171       1.6994
     172       1.6707
     173       1.5321
     174       1.5554
     175       1.6101
     176       1.5208
     177       1.4832
     178       1.5457
     179       1.5786
     180       1.5095
     181       1.5454
     182       1.5297
     183       1.5790
     184       1.6678
     185       1.7073
     186       1.6545
     187       1.6417
     188       1.5608
     189       1.5649
     190       1.5689
     191       1.5484
     192       1.7547
     193       1.5699
     194       1.6133
     195       1.6335
     196       1.5927
     197       1.7357
     198       1.6350
     199       1.6591
     200       1.6897
     201       1.5768
     202       1.5801
     203       1.6258
     204       1.6436
     205       1.7945
     206       1.5946
     207       1.5289
     208       1.5048
     209       1.4514
     210       1.4292
     211       1.4517
     212       1.5648
     213       1.4571
     214       1.5257
     215       1.6132
     216       1.4992
     217       1.5651
     218       1.5249
     219       1.4898
     220       1.6010
     221       1.6199
     222       1.5517
     223       1.6214
     224       1.6575
     225       1.5926
     226       1.6093
     227       1.6320
     228       1.6482
     229       1.6140
     230       1.7043
     231       1.6674
     232       1.5530
     233       1.6233
     234       1.4760
     235       1.4683
     236       1.6077
     237       1.4994
     238       1.6631
     239       1.7427
     240       1.7057
     241       1.7560
     242       1.6188
     243       1.6940
     244       1.6546
     245       1.5829
     246       1.5442
     247       1.6109
     248       1.6176
     249       1.7410
     250       1.6075
     251       1.5470
     252       1.5790
     253       1.6471
     254       1.5941
     255       1.7737
     256       1.6526
     257       1.5090
     258       1.7415
     259       1.6999
     260       1.5981
     261       1.6828
     262       1.6560
     263       1.5577
     264       1.5353
     265       1.5684
     266       1.5518
     267       1.4641
     268       1.4838
     269       1.5883
     270       1.5174
     271       1.6136
     272       1.5631
     273       1.6158
     274       1.6609
     275       1.7515
     276       1.6197
     277       1.6808
     278       1.6981
     279       1.5632
     280       1.7347
     281       1.6724
     282       1.6279
     283       1.4430
     284       1.5183
     285       1.5150
     286       1.6092
     287       1.7160
     288       1.5569
     289       1.4968
     290       1.4900
     291       1.5192
     292       1.5238
     293       1.4497
     294       1.4630
     295       1.5602
     296       1.7026
     297       1.7023
     298       1.5852
     299       1.6172
     300       1.6007
     301       1.4824
     302       1.5183
     303       1.5055
     304       1.4350
     305       1.5045
     306       1.4416
     307       1.6041
     308       1.6182
     309       1.6317
     310       1.6459
     311       1.6176
     312       1.6287
     313       1.6957
     314       1.7661
     315       1.7083
     316       1.6052
     317       1.5733
     318       1.6368
     319       1.6202
     320       1.4159
     321       1.7113
     322       1.6302
     323       1.6573
     324       1.5645
     325       1.6227
     326       1.5250
     327       1.6437
     328       1.4923
     329       1.4818
     330       1.5924
     331       1.5759
     332       1.6287
     333       1.7224
     334       1.8058
     335       1.8553
     336       1.6587
     337       1.7425
     338       1.7964
     339       1.7487
     340       1.7349
     341       1.7414
     342       1.7085
     343       1.8983
     344       1.9128
     345       1.9156
     346       1.8459
     347       1.8108
     348       1.7204
     349       1.7154
     350       1.8365
     351       1.8926
     352       1.9361
     353       1.7334
     354       1.7875
     355       1.9025
     356       1.7880
     357       1.8489
     358       1.7939
     359       1.6711
     360       1.6727
     361       1.8305
     362       1.8342
     363       1.6778
     364       1.7519
     365       1.5781
     366       1.6284
     367       1.6696
     368       1.6258
     369       1.5289
     370       1.5554
     371       1.7070
     372       1.7140
     373       1.6715
     374       1.6365
     375       1.6736
     376       1.7665
     377       1.7830
     378       1.6159
     379       1.6861
     380       1.6577
     381       1.6194
     382       1.6894
     383       1.6255
     384       1.6147
     385       1.5078
     386       1.6203
     387       1.6761
     388       1.6906
     389       1.5289
     390       1.5566
     391       1.6563
     392       1.6707
     393       1.7209
     394       1.6934
     395       1.6808
     396       1.3831
     397       1.5005
     398       1.5224
     399       1.5620
     400       1.5066
     401       1.6847
     402       1.5319
     403       1.6240
     404       1.5914
     405       1.6512
     406       1.4952
     407       1.4913
     408       1.6654
     409       1.7214
     410       1.6594
     411       1.7877
     412       1.8725
     413       1.8101
     414       1.8866
     415       1.9268
     416       1.8390
     417       1.7544
     418       1.6854
     419       1.6715
     420       1.7686
     421       2.0414
     422       1.8764
     423       1.7991
     424       1.7796
     425       1.9114
     426       1.9805
     427       1.9415
     428       2.0648
     429       1.9776
     430       1.7603
     431       1.7315
     432       1.8625
     433       1.7375
     434       1.6810
     435       1.6573
     436       1.6267
     437       1.6365
     438       1.5043
     439       1.5812
     440       1.5974
     441       1.5978
     442       1.7928
     443       1.6488
     444       1.5984
     445       1.6196
     446       1.7282
     447       1.7874
     448       1.6820
     449       1.6815
     450       1.6555
     451       1.8361
     452       1.8870
     453       2.0221
     454       1.9116
     455       1.8658
     456       1.8375
     457       1.9571
     458       1.9446
     459       1.9218
     460       2.0675
     461       1.8904
     462       2.0575
     463       1.9911
     464       1.7486
     465       1.8722
     466       1.8106
     467       1.5812
     468       1.5346
     469       1.5095
     470       1.6384
     471       1.7280
     472       1.7316
     473       1.6506
     474       1.5323
     475       1.6326
     476       1.5169
     477       1.6093
     478       1.5821
     479       1.6209
     480       1.5805
     481       1.4523
     482       1.5723
     483       1.7262
     484       1.5767
     485       1.4837
     486       1.4342
     487       1.5094
     488       1.6679
     489       1.5962
     490       1.5750
     491       1.5685
     492       1.6544
     493       1.5797
     494       1.7054
     495       1.6754
     496       1.8815
     497       1.7768
     498       1.9409
     499       1.8144
     500       1.7859
     501       1.7471
     502       1.7294
     503       1.4198
     504       1.5788
     505       1.6420
     506       1.5940
     507       1.6380
     508       1.8150
     509       1.6697
     510       1.5651
     511       1.6150
     512       1.5802
     513       1.4893
     514       1.3898
     515       1.4170
     516       1.4655
     517       1.3600
     518       1.2921
     519       1.3526
     520       1.3134
     521       1.4799
     522       1.4470
     523       1.4288
     524       1.4920
     525       1.4033
     526       1.4532
     527       1.5764
     528       1.4799
     529       1.6977
     530       1.7993
     531       1.6655
     532       1.7707
     533       1.8431
     534       1.7338
     535       1.6663
     536       1.7312
     537       1.5859
     538       1.6020
     539       1.6062
     540       1.6566
     541       1.9144
     542       2.0133
     543       1.9669
     544       1.9034
     545       2.0103
     546       1.9115
     547       2.1002
     548       2.1075
     549       2.0914
     550       2.1119
     551       1.9401
     552       2.1610
     553       2.1124
     554       2.0816
     555       2.1632
     556       2.1808
     557       2.2575
     558       2.1758
     559       2.0366
     560       2.0464
     561       2.0805
     562       2.0124
     563       1.9529
     564       1.8500
     565       1.7985
     566       1.8653
     567       1.9942
     568       1.7703
     569       1.8212
     570       1.7792
     571       1.8144
     572       1.7203
     573       1.7703
     574       1.6400
     575       1.6977
     576       1.7606
     577       1.6162
     578       1.6686
     579       1.8444
     580       1.8925
     581       1.9929
     582       2.0416
     583       1.9064
     584       1.8887
     585       1.7163
     586       1.8069
     587       1.9717
     588       1.8079
     589       1.8405
     590       1.8206
     591       1.7593
     592       1.6876
     593       1.7426
     594       1.6835
     595       1.6912
     596       1.7827
     597       1.6904
     598       1.5229
     599       1.5520
     600       1.6233
     601       1.6711
     602       1.6195
     603       1.8272
     604       1.8350
     605       1.7584
     606       1.8007
     607       1.8190
     608       1.8841
     609       1.8184
     610       1.6449
     611       1.6377
     612       1.6043
     613       1.6943
     614       1.7582
     615       1.6018
     616       1.7175
     617       1.7652
     618       1.6785
     619       1.5908
     620       1.5904
     621       1.5683
     622       1.7365
     623       1.6023
     624       1.6756
     625       1.7037
     626       1.6934
     627       1.6793
     628       1.6532
     629       1.6405
     630       1.7627
     631       1.9162
     632       1.7528
     633       1.7241
     634       1.5616
     635       1.6096
     636       1.7552
     637       1.6931
     638       1.6164
     639       1.6868
     640       1.7307
     641       1.8172
     642       1.7177
     643       1.6841
     644       1.7203
     645       1.7159
     646       1.6633
     647       1.7173
     648       1.7133
     649       1.6687
     650       1.7670
     651       1.5888
     652       1.6502
     653       1.7390
     654       1.7036
     655       1.5242
     656       1.8341
     657       1.5367
     658       1.4366
     659       1.2809
     660       1.4833
     661       1.4431
     662       1.3980
     663       1.4166
     664       1.4856
     665       1.4875
     666       1.5325
     667       1.5336
     668       1.4419
     669       1.4689
     670       1.4646
     671       1.5129
     672       1.4886
     673       1.4661
     674       1.5496
     675       1.5580
     676       1.5264
     677       1.6153
     678       1.7625
     679       1.6351
     680       1.6958
     681       1.6712
     682       1.5799
     683       1.4954
     684       1.4705
     685       1.5262
     686       1.4960
     687       1.3805
     688       1.3509
     689       1.4839
     690       1.3066
     691       1.3421
     692       1.2558
     693       1.2771
     694       1.4057
     695       1.5091
     696       1.4846
     697       1.4764
     698       1.4092
     699       1.3216
     700       1.3372
     701       1.4854
     702       1.5283
     703       1.4848
     704       1.5243
     705       1.5300
     706       1.4648
     707       1.4273
     708       1.3812
     709       1.4772
     710       1.4012
     711       1.5484
     712       1.5188
     713       1.5116
     714       1.5490
     715       1.4742
     716       1.5525
     717       1.5788
     718       1.5833
     719       1.7771
     720       1.8408
     721       1.8245
     722       1.8836
     723       1.7808
     724       1.7658
     725       1.7649
     726       1.8370
     727       1.8145
     728       1.7105
     729       1.6580
     730       1.6059
     731       1.5715
     732       1.6129
     733       1.4778
     734       1.4382
     735       1.4201
     736       1.5058
     737       1.6206
     738       1.5726
     739       1.4918
     740       1.5598
     741       1.6696
     742       1.6359
     743       1.5186
     744       1.4978
     745       1.6087
     746       1.6946
     747       1.7364
     748       1.7942
     749       1.8143
     750       1.8738
     751       1.8608
     752       1.5842
     753       1.6459
     754       1.5252
     755       1.4912
     756       1.5358
     757       1.5135
     758       1.5658
     759       1.4969
     760       1.5004
     761       1.5614
     762       1.5072
     763       1.4892
     764       1.5565
     765       1.6238
     766       1.5817
     767       1.5196
     768       1.5952
     769       1.5827
     770       1.5887
     771       1.5404
     772       1.5063
     773       1.4513
     774       1.5959
     775       1.4890
     776       1.6214
     777       1.4644
     778       1.5292
     779       1.5205
     780       1.5792
     781       1.7448
     782       1.7634
     783       1.6735
     784       1.6095
     785       1.5292
     786       1.7028
     787       1.7656
     788       1.6693
     789       1.5833
     790       1.5059
     791       1.5936
     792       1.5307
     793       1.5423
     794       1.4552
     795       1.4297
     796       1.4570
     797       1.4661
     798       1.4418
     799       1.3305
     800       1.3543
     801       1.2763
     802       1.3375
     803       1.3762
     804       1.4018
     805       1.4386
     806       1.3866
     807       1.5212
     808       1.5270
     809       1.5097
     810       1.5573
     811       1.6067
     812       1.3556
     813       1.4618
     814       1.3624
     815       1.4337
     816       1.3894
     817       1.4061
     818       1.4734
     819       1.4973
     820       1.4806
     821       1.3873
     822       1.3404
     823       1.3526
     824       1.4273
     825       1.5318
     826       1.4830
     827       1.5261
     828       1.6405
     829       1.5423
     830       1.5928
     831       1.6013
     832       1.5638
     833       1.5407
     834       1.5230
     835       1.6409
     836       1.4640
     837       1.5079
     838       1.5434
     839       1.5249
     840       1.5408
     841       1.6426
     842       1.6462
     843       1.5468
     844       1.6230
     845       1.7424
     846       1.8524
     847       1.8788
     848       2.0769
     849       2.0081
     850       2.0364
     851       1.9711
     852       2.2043
     853       2.4246
     854       2.5100
     855       2.2636
     856       2.0147
     857       2.0386
     858       1.9890
     859       1.9970
     860       2.1060
     861       2.1117
     862       2.0752
     863       2.1448
     864       2.0883
     865       2.0738
     866       1.9555
     867       2.0261
     868       2.1435
     869       2.3011
     870       2.2523
     871       2.3550
     872       2.3327
     873       2.1235
     874       2.2062
     875       2.3477
     876       2.1308
     877       2.1470
     878       2.0226
     879       1.9677
     880       1.9106
     881       1.7284
     882       1.5960
     883       1.7028
     884       1.8270
     885       1.8770
     886       2.0677
     887       2.1657
     888       2.0484
     889       1.9491
     890       2.0934
     891       1.9696
     892       1.9946
     893       1.9594
     894       2.1112
     895       1.9895
     896       2.0266
     897       2.1636
     898       2.2920
     899       2.2206
     900       2.2454
     901       2.0339
     902       1.9021
     903       1.9136
     904       1.9863
     905       1.8762
     906       1.7584
     907       1.9142
     908       1.8755
     909       1.9678
     910       1.8026
     911       1.7958
     912       2.0795
     913       1.9838
     914       1.9897
     915       1.9609
     916       1.9627
     917       1.8277
     918       1.8416
     919       1.7075
     920       1.6838
     921       1.7051
     922       1.8166
     923       1.6874
     924       1.7314
     925       1.7544
     926       1.9512
     927       1.9309
     928       1.8319
     929       1.8022
     930       1.8315
     931       1.7281
     932       1.7098
     933       1.8163
     934       1.8261
     935       1.8630
     936       1.8245
     937       2.1339
     938       2.2268
     939       2.1362
     940       2.2000
     941       2.3182
     942       2.2066
     943       1.9980
     944       1.9416
     945       1.8745
     946       1.9530
     947       2.0476
     948       1.8838
     949       1.9600
     950       2.2364
     951       2.1339
     952       2.0991
     953       2.1075
     954       1.9186
     955       1.8554
     956       1.7518
     957       1.7848
     958       1.7870
     959       1.6435
     960       1.6412
     961       1.6191
     962       1.6658
     963       1.5538
     964       1.4748
     965       1.5914
     966       1.5651
     967       1.7174
     968       1.6605
     969       1.5636
     970       1.7597
     971       1.5686
     972       1.5925
     973       1.4518
     974       1.3491
     975       1.4840
     976       1.4879
     977       1.4633
     978       1.5325
     979       1.4155
     980       1.5138
     981       1.4509
     982       1.5204
     983       1.6537
     984       1.5465
     985       1.5466
     986       1.4635
     987       1.5305
     988       1.4656
     989       1.5083
     990       1.3891
     991       1.4089
     992       1.4268
     993       1.3269
     994       1.3784
     995       1.6198
     996       1.5838
     997       1.4683
     998       1.5326
     999       1.5049
    1000       1.5341
    1001       1.6910
    1002       1.7386
    1003       1.5162
    1004       1.6035
    1005       1.6118
    1006       1.6318
    1007       1.5531
    1008       1.5543
    1009       1.5695
    1010       1.5280
    1011       1.5445
    1012       1.6585
    1013       1.6878
    1014       1.6082
    1015       1.5082
    1016       1.4888
    1017       1.5150
    1018       1.5074
    1019       1.4878
    1020       1.5587
    1021       1.5615
    1022       1.5455
    1023       1.4619
    1024       1.4895
    1025       1.6325
    1026       1.5864
    1027       1.6617
    1028       1.7044
    1029       1.7351
    1030       1.6812
    1031       1.6517
    1032       1.6381
    1033       1.5953
    1034       1.5513
    1035       1.4494
    1036       1.3684
    1037       1.4386
    1038       1.4567
    1039       1.5364
    1040       1.5879
    1041       1.6352
    1042       1.5742
    1043       1.5184
    1044       1.4908
    1045       1.4886
    1046       1.4627
    1047       1.5392
    1048       1.4950
    1049       1.5207
    1050       1.4932
    1051       1.5547
    1052       1.6401
    1053       1.6050
    1054       1.6333
    1055       1.6445
    1056       1.6428
    1057       1.5849
    1058       1.4113
    1059       1.4744
    1060       1.4865
    1061       1.4831
    1062       1.4898
    1063       1.4937
    1064       1.4348
    1065       1.4736
    1066       1.4263
    1067       1.5218
    1068       1.4744
    1069       1.3931
    1070       1.4593
    1071       1.5257
    1072       1.4744
    1073       1.4146
    1074       1.4724
    1075       1.4937
    1076       1.4528
    1077       1.3591
    1078       1.4154
    1079       1.4747
    1080       1.3529
    1081       1.4775
    1082       1.4410
    1083       1.4610
    1084       1.6014
    1085       1.7061
    1086       1.5957
    1087       1.5857
    1088       1.5270
    1089       1.6024
    1090       1.7380
    1091       1.6463
    1092       1.7241
    1093       1.6591
    1094       1.5404
    1095       1.5959
    1096       1.5695
    1097       1.5558
    1098       1.4962
    1099       1.5945
    1100       1.6068
    1101       1.7927
    1102       1.6130
    1103       1.4833
    1104       1.4503
    1105       1.5879
    1106       1.5487
    1107       1.5794
    1108       1.5952
    1109       1.6416
    1110       1.6018
    1111       1.7062
    1112       1.5497
    1113       1.5976
    1114       1.5805
    1115       1.5609
    1116       1.5672
    1117       1.6751
    1118       1.4475
    1119       1.6600
    1120       1.5330
    1121       1.6107
    1122       1.6290
    1123       1.6103
    1124       1.6221
    1125       1.5851
    1126       1.5348
    1127       1.5895
    1128       1.7045
    1129       1.5801
    1130       1.5660
    1131       1.6098
    1132       1.5723
    1133       1.5634
    1134       1.6539
    1135       1.7233
    1136       1.5932
    1137       1.5847
    1138       1.5504
    1139       1.6151
    1140       1.7228
    1141       1.8191
    1142       1.6440
    1143       1.5895
    1144       1.6320
    1145       1.5957
    1146       1.5637
    1147       1.4565
    1148       1.4588
    1149       1.7567
    1150       1.7278
    1151       1.6294
    1152       1.6043
    1153       1.5329
    1154       1.6635
    1155       1.5975
    1156       1.5899
    1157       1.6519
    1158       1.7305
    1159       1.6685
    1160       1.7340
    1161       1.6362
    1162       1.6584
    1163       1.6456
    1164       1.7058
    1165       1.7687
    1166       1.6989
    1167       1.7978
    1168       1.8458
    1169       1.7151
    1170       1.7255
    1171       1.7261
    1172       1.7059
    1173       1.6213
    1174       1.6186
    1175       1.5505
    1176       1.7459
    1177       1.6340
    1178       1.6847
    1179       1.6601
    1180       1.5783
    1181       1.5677
    1182       1.5526
    1183       1.5558
    1184       1.6162
    1185       1.6276
    1186       1.7060
    1187       1.7220
    1188       1.7192
    1189       1.6823
    1190       1.6614
    1191       1.6350
    1192       1.7244
    1193       1.7160
    1194       1.7085
    1195       1.6099
    1196       1.6345
    1197       1.6468
    1198       1.6478
    1199       1.6666
    1200       1.7665
    1201       1.7071
    1202       1.5625
    1203       1.6623
    1204       1.6667
    1205       1.7918
    1206       1.6724
    1207       1.7603
    1208       1.5807
    1209       1.5458
    1210       1.5387
    1211       1.5706
    1212       1.6676
    1213       1.5925
    1214       1.6995
    1215       1.6126
    1216       1.6629
    1217       1.7178
    1218       1.7636
    1219       1.7455
    1220       1.8701
    1221       1.9026
    1222       1.8167
    1223       1.9081
    1224       1.9702
    1225       1.9565
    1226       1.8064
    1227       1.9108
    1228       1.9743
    1229       1.8694
    1230       1.9261
    1231       1.9599
    1232       1.7565
    1233       1.6104
    1234       1.6745
    1235       1.5854
    1236       1.5439
    1237       1.5794
    1238       1.5746
    1239       1.4884
    1240       1.6657
    1241       1.6043
    1242       1.6490
    1243       1.5616
    1244       1.5250
    1245       1.5134
    1246       1.5777
    1247       1.6093
    1248       1.5068
    1249       1.5241
    1250       1.5890
    1251       1.4961
    1252       1.5916
    1253       1.5185
    1254       1.4963
    1255       1.6123
    1256       1.6111
    1257       1.5587
    1258       1.4511
    1259       1.4582
    1260       1.5192
    1261       1.5002
    1262       1.5693
    1263       1.8936
    1264       1.9186
    1265       1.9076
    1266       1.9401
    1267       1.8300
    1268       1.9756
    1269       1.9770
    1270       1.9852
    1271       1.8322
    1272       1.8874
    1273       1.8963
    1274       2.0935
    1275       1.9300
    1276       1.7238
    1277       1.7124
    1278       1.7893
    1279       1.9165
    1280       1.8078
    1281       1.8820
    1282       1.8920
    1283       1.8311
    1284       1.5896
    1285       1.6738
    1286       1.6354
    1287       1.5510
    1288       1.4965
    1289       1.4771
    1290       1.4949
    1291       1.5563
    1292       1.4834
    1293       1.5693
    1294       1.5937
    1295       1.6225
    1296       1.6634
    1297       1.7203
    1298       1.6522
    1299       1.6223
    1300       1.7750
    1301       1.7194
    1302       1.6389
    1303       1.6838
    1304       1.5446
    1305       1.6170
    1306       1.5033
    1307       1.4236
    1308       1.4294
    1309       1.4378
    1310       1.4266
    1311       1.4733
    1312       1.4983
    1313       1.5632
    1314       1.5453
    1315       1.5952
    1316       1.5334
    1317       1.4567
    1318       1.4866
    1319       1.5518
    1320       1.5929
    1321       1.6338
    1322       1.4649
    1323       1.5642
    1324       1.5925
    1325       1.6055
    1326       1.4904
    1327       1.4807
    1328       1.5050
    1329       1.5307
    1330       1.6631
    1331       1.5664
    1332       1.6743
    1333       1.6251
    1334       1.8038
    1335       1.7067
    1336       1.6178
    1337       1.5421
    1338       1.5964
    1339       1.5049
    1340       1.3704
    1341       1.5338
    1342       1.4927
    1343       1.5765
    1344       1.6807
    1345       1.7460
    1346       1.7975
    1347       1.7089
    1348       1.6105
    1349       1.5553
    1350       1.5546
    1351       1.6241
    1352       1.6040
    1353       1.5255
    1354       1.6108
    1355       1.5277
    1356       1.5728
    1357       1.6067
    1358       1.5054
    1359       1.5215
    1360       1.4447
    1361       1.4089
    1362       1.6548
    1363       1.7398
    1364       1.6793
    1365       1.5796
    1366       1.4872
    1367       1.5154
    1368       1.4356
    1369       1.4894
    1370       1.3819
    1371       1.3743
    1372       1.5757
    1373       1.5616
    1374       1.8486
    1375       1.7158
    1376       1.7984
    1377       1.7557
    1378       1.6293
    1379       1.7853
    1380       1.7841
    1381       1.9008
    1382       2.0360
    1383       1.9341
    1384       1.8362
    1385       2.0213
    1386       1.9902
    1387       2.0863
    1388       2.0297
    1389       2.0631
    1390       1.9686
    1391       1.9267
    1392       1.8314
    1393       1.7442
    1394       1.5732
    1395       1.6554
    1396       1.8082
    1397       1.7444
    1398       1.7503
    1399       1.6851
    1400       1.6916
    1401       1.8456
    1402       1.9362
    1403       1.8496
    1404       1.8307
    1405       1.6656
    1406       1.5559
    1407       1.5705
    1408       1.5902
    1409       1.5806
    1410       1.6332
    1411       1.6076
    1412       1.5809
    1413       1.6387
    1414       1.7112
    1415       1.9536
    1416       1.8289
    1417       1.7594
    1418       1.7959
    1419       1.8356
    1420       1.6663
    1421       1.5845
    1422       1.4741
    1423       1.4279
    1424       1.3767
    1425       1.4488
    1426       1.5116
    1427       1.4167
    1428       1.3363
    1429       1.3353
    1430       1.4278
    1431       1.3358
    1432       1.4964
    1433       1.5294
    1434       1.5766
    1435       1.5953
    1436       1.6548
    1437       1.6779
    1438       1.4963
    1439       1.4312
    1440       1.4003
    1441       1.5338
    1442       1.4796
    1443       1.4160
    1444       1.4871
    1445       1.5658
    1446       1.4389
    1447       1.5085
    1448       1.4779
    1449       1.5159
    1450       1.5530
    1451       1.3929
    1452       1.4837
    1453       1.4788
    1454       1.4441
    1455       1.6904
    1456       1.5368
    1457       1.5987
    1458       1.7086
    1459       1.6670
    1460       1.5693
    1461       1.6297
    1462       1.5995
    1463       1.5937
    1464       1.6614
    1465       1.6963
    1466       1.6596
    1467       1.6353
    1468       1.7643
    1469       1.7534
    1470       1.7760
    1471       1.6019
    1472       1.6121
    1473       1.6188
    1474       1.7531
    1475       1.6102
    1476       1.7793
    1477       1.7829
    1478       1.6647
    1479       1.6369
    1480       1.6732
    1481       1.5918
    1482       1.5569
    1483       1.6100
    1484       1.6817
    1485       1.6522
    1486       1.7321
    1487       1.6245
    1488       1.6809
    1489       1.5610
    1490       1.6978
    1491       1.7156
    1492       1.5780
    1493       1.5030
    1494       1.4572
    1495       1.5957
    1496       1.6434
    1497       1.7662
    1498       1.6604
    1499       1.8314
    1500       1.5789
    1501       1.6022
    1502       1.6101
    1503       1.7645
    1504       1.6472
    1505       1.5585
    1506       1.6803
    1507       1.6392
    1508       1.8089
    1509       1.7057
    1510       1.8388
    1511       1.6522
    1512       1.5902
    1513       1.7462
    1514       1.8159
    1515       1.7565
    1516       1.8312
    1517       1.9551
    1518       1.8638
    1519       1.7088
    1520       1.7117
    1521       1.6899
    1522       1.7414
    1523       1.8755
    1524       2.0331
    1525       1.8927
    1526       1.9333
    1527       1.9744
    1528       1.9604
    1529       2.1076
    1530       1.9491
    1531       1.8469
    1532       1.9104
    1533       2.0264
    1534       2.1056
    1535       2.1536
    1536       2.1442
    1537       2.1688
    1538       2.0534
    1539       2.0359
    1540       1.9570
    1541       1.9380
    1542       1.9102
    1543       1.7160
    1544       1.6953
    1545       1.6960
    1546       1.6685
    1547       1.8142
    1548       1.8352
    1549       1.8107
    1550       1.8367
    1551       2.0803
    1552       2.1718
    1553       2.2296
    1554       2.1410
    1555       1.9373
    1556       1.7791
    1557       1.7517
    1558       1.7879
    1559       1.8753
    1560       1.7742
    1561       1.9315
    1562       2.0897
    1563       2.1861
    1564       2.0553
    1565       1.9580
    1566       1.8656
    1567       1.9914
    1568       1.9630
    1569       2.0062
    1570       1.8417
    1571       2.0744
    1572       2.1927
    1573       2.2682
    1574       2.1523
    1575       2.0572
    1576       1.8513
    1577       1.7104
    1578       1.8068
    1579       1.8945
    1580       1.7817
    1581       1.7105
    1582       1.6446
    1583       1.6331
    1584       1.6486
    1585       1.6693
    1586       1.8530
    1587       1.8256
    1588       1.9379
    1589       1.8449
    1590       1.8830
    1591       1.8688
    1592       1.8555
    1593       1.6523
    1594       1.7263
    1595       1.7924
    1596       1.7904
    1597       1.7804
    1598       1.7927
    1599       1.6038
    1600       1.6451
    1601       1.6750
    1602       1.7337
    1603       1.6848
    1604       1.7234
    1605       1.6125
    1606       1.6025
    1607       1.5295
    1608       1.4807
    1609       1.5302
    1610       1.4871
    1611       1.4721
    1612       1.4498
    1613       1.3933
    1614       1.4894
    1615       1.4596
    1616       1.5442
    1617       1.6637
    1618       1.6004
    1619       1.6141
    1620       1.6297
    1621       1.5720
    1622       1.5352
    1623       1.6389
    1624       1.5911
    1625       1.6064
    1626       1.7143
    1627       1.7898
    1628       1.7832
    1629       1.6887
    1630       1.8633
    1631       2.0190
    1632       1.9410
    1633       1.7714
    1634       1.7285
    1635       1.6202
    1636       1.5716
    1637       1.5982
    1638       1.6833
    1639       1.6035
    1640       1.5250
    1641       1.5028
    1642       1.6142
    1643       1.8882
    1644       1.6794
    1645       1.6010
    1646       1.5824
    1647       1.5509
    1648       1.6371
    1649       1.5912
    1650       1.6202
    1651       1.4792
    1652       1.4999
    1653       1.5352
    1654       1.6767
    1655       1.6078
    1656       1.7563
    1657       1.8787
    1658       1.6746
    1659       1.7696
    1660       1.9452
    1661       1.8637
    1662       1.8890
    1663       1.8618
    1664       1.9196
    1665       2.0541
    1666       1.8672
    1667       1.8913
    1668       1.8819
    1669       1.8152
    1670       1.8739
    1671       1.7992
    1672       1.7396
    1673       1.8386
    1674       1.9249
    1675       1.8056
    1676       1.9863
    1677       2.0139
    1678       2.0635
    1679       1.8743
    1680       1.9933
    1681       1.9134
    1682       1.8951
    1683       1.8708
    1684       1.7137
    1685       1.9006
    1686       1.9243
    1687       1.9454
    1688       1.8792
    1689       2.1073
    1690       2.0938
    1691       2.0405
    1692       2.0740
    1693       2.1959
    1694       1.9975
    1695       2.0387
    1696       2.0096
    1697       1.8880
    1698       1.8240
    1699       1.8734
    1700       1.7319
    1701       1.7124
    1702       1.7940
    1703       1.8335
    1704       1.7216
    1705       1.6622
    1706       1.6445
    1707       1.7689
    1708       1.5981
    1709       1.6454
    1710       1.6192
    1711       1.6118
    1712       1.6430
    1713       1.5748
    1714       1.5135
    1715       1.4817
    1716       1.6241
    1717       1.6030
    1718       1.6086
    1719       1.7338
    1720       1.5582
    1721       1.6513
    1722       1.7515
    1723       1.7370
    1724       1.6777
    1725       1.6734
    1726       1.8046
    1727       1.7585
    1728       1.8490
    1729       1.8361
    1730       1.7608
    1731       1.7282
    1732       1.5513
    1733       1.6361
    1734       1.5204
    1735       1.4753
    1736       1.4755
    1737       1.5485
    1738       1.5611
    1739       1.6994
    1740       1.6017
    1741       1.4856
    1742       1.4797
    1743       1.6030
    1744       1.7415
    1745       1.6707
    1746       1.5910
    1747       1.5821
    1748       1.6648
    1749       1.5041
    1750       1.5929
    1751       1.7738
    1752       1.7121
    1753       1.5809
    1754       1.4986
    1755       1.5521
    1756       1.5336
    1757       1.5648
    1758       1.4574
    1759       1.5453
    1760       1.4119
    1761       1.4429
    1762       1.5662
    1763       1.4360
    1764       1.3594
    1765       1.4543
    1766       1.3963
    1767       1.3898
    1768       1.3830
    1769       1.4765
    1770       1.3816
    1771       1.3682
    1772       1.3983
    1773       1.4063
    1774       1.4039
    1775       1.3431
    1776       1.4591
    1777       1.4419
    1778       1.4024
    1779       1.4422
    1780       1.4261
    1781       1.4047
    1782       1.4204
    1783       1.3829
    1784       1.2832
    1785       1.4284
    1786       1.4529
    1787       1.2816
    1788       1.3969
    1789       1.4449
    1790       1.3388
    1791       1.3992
    1792       1.5262
    1793       1.4798
    1794       1.4088
    1795       1.3972
    1796       1.3968
    1797       1.3953
    1798       1.3822
    1799       1.4393
    1800       1.4429
    1801       1.5854
    1802       1.5108
    1803       1.5414
    1804       1.5894
    1805       1.7613
    1806       1.7445
    1807       1.6628
    1808       1.6130
    1809       1.7184
    1810       1.6430
    1811       1.7464
    1812       1.6848
    1813       1.5345
    1814       1.4073
    1815       1.4829
    1816       1.5269
    1817       1.4938
    1818       1.4069
    1819       1.5010
    1820       1.5911
    1821       1.4771
    1822       1.5934
    1823       1.7463
    1824       1.6752
    1825       1.6807
    1826       1.7840
    1827       1.7212
    1828       1.6053
    1829       1.5907
    1830       1.4489
    1831       1.3920
    1832       1.5668
    1833       1.5746
    1834       1.7653
    1835       1.6288
    1836       1.6956
    1837       1.5912
    1838       1.4478
    1839       1.4783
    1840       1.6015
    1841       1.5726
    1842       1.7379
    1843       1.6712
    1844       1.7506
    1845       1.7446
    1846       1.6868
    1847       1.6675
    1848       1.6147
    1849       1.5197
    1850       1.5565
    1851       1.5993
    1852       1.6086
    1853       1.5959
    1854       1.6825
    1855       1.7100
    1856       1.6274
    1857       1.8406
    1858       1.7824
    1859       1.6906
    1860       1.7150
    1861       1.6142
    1862       1.7887
    1863       1.7660
    1864       1.7187
    1865       1.5664
    1866       1.6488
    1867       1.5216
    1868       1.4285
    1869       1.4971
    1870       1.5309
    1871       1.6273
    1872       1.7050
    1873       1.7698
    1874       1.7494
    1875       1.7085
    1876       1.6693
    1877       1.7710
    1878       1.7009
    1879       1.6491
    1880       1.5602
    1881       1.5312
    1882       1.6565
    1883       1.5402
    1884       1.6101
    1885       1.4464
    1886       1.4060
    1887       1.3619
    1888       1.3850
    1889       1.4419
    1890       1.3314
    1891       1.3868
    1892       1.5228
    1893       1.5588
    1894       1.4194
    1895       1.3472
    1896       1.4463
    1897       1.3569
    1898       1.4557
    1899       1.3788
    1900       1.5132
    1901       1.5683
    1902       1.6305
    1903       1.8019
    1904       1.7166
    1905       1.6341
    1906       1.6513
    1907       1.7414
    1908       1.8482
    1909       1.8237
    1910       1.8608
    1911       1.8423
    1912       1.9348
    1913       1.9231
    1914       1.9752
    1915       1.7918
    1916       1.7409
    1917       1.7030
    1918       1.5358
    1919       1.6396
    1920       1.7682
    1921       1.8035
    1922       1.9674
    1923       2.0058
    1924       1.9405
    1925       2.0186
    1926       1.7529
    1927       1.8622
    1928       1.9737
    1929       1.7273
    1930       1.7191
    1931       1.5306
    1932       1.5723
    1933       1.4981
    1934       1.3899
    1935       1.5108
    1936       1.3201
    1937       1.3041
    1938       1.4109
    1939       1.4389
    1940       1.3479
    1941       1.4283
    1942       1.3431
    1943       1.3503
    1944       1.3944
    1945       1.3878
    1946       1.3541
    1947       1.4012
    1948       1.4927
    1949       1.4430
    1950       1.4293
    1951       1.4114
    1952       1.4659
    1953       1.5657
    1954       1.5029
    1955       1.5641
    1956       1.4867
    1957       1.5407
    1958       1.6094
    1959       1.4751
    1960       1.5131
    1961       1.3893
    1962       1.3447
    1963       1.3035
    1964       1.3676
    1965       1.2710
    1966       1.2321
    1967       1.2773
    1968       1.2624
    1969       1.2991
    1970       1.2498
    1971       1.2924
    1972       1.3192
    1973       1.2693
    1974       1.2873
    1975       1.4373
    1976       1.2973
    1977       1.2478
    1978       1.2498
    1979       1.3028
    1980       1.2929
    1981       1.3272
    1982       1.3803
    1983       1.3741
    1984       1.4652
    1985       1.4559
    1986       1.6031
    1987       1.5945
    1988       1.6843
    1989       1.6663
    1990       1.5000
    1991       1.4703
    1992       1.4083
    1993       1.3778
    1994       1.4019
    1995       1.4446
    1996       1.4372
    1997       1.3944
    1998       1.4374
    1999       1.3975
    2000       1.3794
    2001       1.4917
    2002       1.3307
    2003       1.3882
    2004       1.4154
    2005       1.4538
    2006       1.4724
    2007       1.5139
    2008       1.4587
    2009       1.3567
    2010       1.3626
    2011       1.4172
    2012       1.4469
    2013       1.5867
    2014       1.6360
    2015       1.5522
    2016       1.6051
    2017       1.5675
    2018       1.6117
    2019       1.6706
    2020       1.7392
    2021       1.7603
    2022       1.6091
    2023       1.5328
    2024       1.5286
    2025       1.4635
    2026       1.5722
    2027       1.5593
    2028       1.6189
    2029       1.5153
    2030       1.4495
    2031       1.3889
    2032       1.4998
    2033       1.6036
    2034       1.6120
    2035       1.5734
    2036       1.4840
    2037       1.4277
    2038       1.4418
    2039       1.4825
    2040       1.5495
    2041       1.5398
    2042       1.6164
    2043       1.4978
    2044       1.4553
    2045       1.5579
    2046       1.5241
    2047       1.4978
    2048       1.4243
    2049       1.3698
    2050       1.4363
    2051       1.4642
    2052       1.4717
    2053       1.3998
    2054       1.4151
    2055       1.4213
    2056       1.2990
    2057       1.3578
    2058       1.2843
    2059       1.4585
    2060       1.5416
    2061       1.6174
    2062       1.6664
    2063       1.7185
    2064       1.7186
    2065       1.6506
    2066       1.5752
    2067       1.5255
    2068       1.6763
    2069       1.7398
    2070       1.6152
    2071       1.6368
    2072       1.7207
    2073       1.7382
    2074       1.8479
    2075       1.7699
    2076       1.8885
    2077       1.9965
    2078       1.7263
    2079       1.7136
    2080       1.6943
    2081       1.7869
    2082       1.6956
    2083       1.6806
    2084       1.5849
    2085       1.6711
    2086       1.6547
    2087       1.6811
    2088       1.6868
    2089       1.6331
    2090       1.6558
    2091       1.5487
    2092       1.5915
    2093       1.7500
    2094       1.8852
    2095       1.9544
    2096       1.9091
    2097       2.0824
    2098       1.8646
    2099       1.8826
    2100       1.7645
    2101       1.7051
    2102       1.6807
    2103       1.7318
    2104       1.6421
    2105       1.7099
    2106       1.7678
    2107       1.7187
    2108       1.6470
    2109       1.6658
    2110       1.6270
    2111       1.6220
    2112       1.5230
    2113       1.5014
    2114       1.4804
    2115       1.5633
    2116       1.6012
    2117       1.6530
    2118       1.6669
    2119       1.7984
    2120       1.8048
    2121       1.9491
    2122       1.9941
    2123       1.9639
    2124       1.9569
    2125       1.8066
    2126       1.9805
    2127       1.8349
    2128       1.7384
    2129       1.7566
    2130       1.8472
    2131       1.7754
    2132       1.7717
    2133       1.8434
    2134       1.8186
    2135       1.7874
    2136       1.7647
    2137       1.8018
    2138       1.9862
    2139       2.0249
    2140       2.0899
    2141       2.0334
    2142       2.1986
    2143       2.1057
    2144       2.1312
    2145       2.3177
    2146       2.3987
    2147       2.2583
    2148       2.3438
    2149       2.1541
    2150       2.2639
    2151       2.1096
    2152       2.2264
    2153       2.2416
    2154       2.2912
    2155       2.2345
    2156       2.2801
    2157       2.2926
    2158       2.0552
    2159       2.0996
    2160       2.0988
    2161       2.1241
    2162       2.1783
    2163       2.3949
    2164       2.3193
    2165       2.2522
    2166       2.1865
    2167       1.8499
    2168       2.0985
    2169       2.1680
    2170       2.2217
    2171       2.2109
    2172       2.1759
    2173       2.3028
    2174       2.3424
    2175       2.3165
    2176       2.1777
    2177       2.0804
    2178       2.2291
    2179       2.1853
    2180       2.0401
    2181       2.0576
    2182       2.0433
    2183       2.1819
    2184       2.1686
    2185       2.1840
    2186       2.0708
    2187       2.1757
    2188       2.3732
    2189       2.3127
    2190       2.1055
    2191       2.3532
    2192       2.1607
    2193       2.1642
    2194       2.0916
    2195       2.1009
    2196       2.0720
    2197       1.8689
    2198       1.8202
    2199       1.9263
    2200       1.9315
    2201       1.9891
    2202       1.9323
    2203       1.9989
    2204       2.0140
    2205       1.9071
    2206       2.0504
    2207       2.1924
    2208       1.9688
    2209       1.8106
    2210       1.9067
    2211       1.7530
    2212       1.7481
    2213       1.6441
    2214       1.7768
    2215       1.9536
    2216       1.9696
    2217       1.9233
    2218       1.9919
    2219       1.9605
    2220       1.9674
    2221       1.9435
    2222       1.9584
    2223       1.9167
    2224       1.9274
    2225       1.8556
    2226       1.7534
    2227       1.6905
    2228       1.9342
    2229       1.8820
    2230       1.6996
    2231       1.6261
    2232       1.6394
    2233       1.7708
    2234       1.8667
    2235       1.9205
    2236       1.8458
    2237       1.8473
    2238       2.1126
    2239       2.0189
    2240       2.1658
    2241       2.0415
    2242       1.8827
    2243       1.8317
    2244       1.9245
    2245       2.0478
    2246       2.0287
    2247       2.1087
    2248       1.9691
    2249       1.9357
    2250       2.0306
    2251       2.0763
    2252       1.8489
    2253       1.8537
    2254       2.0256
    2255       2.1496
    2256       2.1639
    2257       2.0105
    2258       2.1642
    2259       2.0418
    2260       2.2655
    2261       2.3284
    2262       2.3688
    2263       2.1810
    2264       2.1961
    2265       1.9536
    2266       2.0896
    2267       1.9410
    2268       2.0056
    2269       2.1105
    2270       2.1043
    2271       2.3376
    2272       2.2311
    2273       2.1939
    2274       2.1423
    2275       1.9104
    2276       2.0565
    2277       1.8928
    2278       2.1520
    2279       2.1051
    2280       2.1958
    2281       2.4780
    2282       2.6754
    2283       2.5366
    2284       2.3467
    2285       2.1867
    2286       2.1519
    2287       2.1074
    2288       2.1775
    2289       2.2801
    2290       2.3786
    2291       2.5506
    2292       2.4425
    2293       2.5654
    2294       2.6989
    2295       2.6067
    2296       2.6308
    2297       2.8546
    2298       2.5215
    2299       2.4495
    2300       2.3812
    2301       2.2853
    2302       2.5262
    2303       2.4524
    2304       2.2532
    2305       2.0069
    2306       2.1568
    2307       2.3513
    2308       2.4576
    2309       2.4251
    2310       2.2315
    2311       2.3063
    2312       2.3741
    2313       2.2149
    2314       2.1987
    2315       2.2719
    2316       2.1646
    2317       2.4053
    2318       2.3960
    2319       2.5163
    2320       2.3974
    2321       2.4006
    2322       2.3284
    2323       2.2661
    2324       2.2068
    2325       2.2239
    2326       2.2489
    2327       2.2581
    2328       2.2184
    2329       2.2940
    2330       2.1773
    2331       2.0885
    2332       2.1015
    2333       2.1249
    2334       2.1340
    2335       2.1424
    2336       2.1526
    2337       2.0748
    2338       2.1079
    2339       2.1235
    2340       2.2424
    2341       2.1019
    2342       2.1467
    2343       2.3320
    2344       2.3055
    2345       2.3556
    2346       2.3755
    2347       2.1421
    2348       2.1046
    2349       1.9247
    2350       2.1188
    2351       2.3170
    2352       2.2197
    2353       2.2163
    2354       2.1322
    2355       2.0009
    2356       2.1213
    2357       2.1834
    2358       1.8991
    2359       1.9363
    2360       1.9930
    2361       1.8935
    2362       1.7494
    2363       1.7992
    2364       1.9012
    2365       2.1180
    2366       2.1655
    2367       2.1639
    2368       1.9160
    2369       2.2935
    2370       2.2258
    2371       2.3583
    2372       2.2636
    2373       2.1500
    2374       2.2597
    2375       2.2257
    2376       2.3142
    2377       2.2668
    2378       2.3928
    2379       2.3296
    2380       2.3812
    2381       2.4246
    2382       2.3588
    2383       2.5237
    2384       2.5873
    2385       2.1794
    2386       2.2856
    2387       2.2966
    2388       2.3883
    2389       2.5022
    2390       2.2623
    2391       2.2706
    2392       2.2385
    2393       2.3933
    2394       2.2773
    2395       2.2402
    2396       2.0288
    2397       2.0211
    2398       2.0834
    2399       2.2414
    2400       2.2069
    2401       2.1948
    2402       2.0211
    2403       2.0625
    2404       2.1129
    2405       2.2147
    2406       2.2485
    2407       2.2603
    2408       2.1892
    2409       2.2587
    2410       2.2218
    2411       2.2866
    2412       2.1426
    2413       2.0854
    2414       1.8940
    2415       2.0201
    2416       2.2602
    2417       2.0325
    2418       2.0206
    2419       2.1820
    2420       1.9474
    2421       1.9838
    2422       1.9827
    2423       2.0593
    2424       2.0295
    2425       2.0775
    2426       2.1566
    2427       2.0006
    2428       2.0208
    2429       1.8717
    2430       2.0485
    2431       2.0633
    2432       2.0625
    2433       2.1691
    2434       1.9884
    2435       2.0746
    2436       1.9951
    2437       1.9743
    2438       1.9307
    2439       1.8682
    2440       1.7642
    2441       1.7174
    2442       1.8649
    2443       2.1148
    2444       1.8970
    2445       1.8868
    2446       1.9168
    2447       2.0063
    2448       1.8808
    2449       1.8896
    2450       1.9687
    2451       1.9547
    2452       2.1574
    2453       1.9844
    2454       2.0605
    2455       2.1542
    2456       2.0781
    2457       2.2064
    2458       2.0339
    2459       2.0444
    2460       1.9966
    2461       2.0739
    2462       1.9601
    2463       1.9499
    2464       2.1176
    2465       2.3867
    2466       2.5203
    2467       2.5053
    2468       2.3374
    2469       2.0978
    2470       1.9872
    2471       1.9720
    2472       1.9485
    2473       1.7670
    2474       1.9063
    2475       2.1464
    2476       2.2434
    2477       2.4278
    2478       2.4533
    2479       2.2367
    2480       2.1826
    2481       2.2659
    2482       2.1479
    2483       2.1030
    2484       1.9465
    2485       2.0437
    2486       2.0416
    2487       2.1706
    2488       2.2043
    2489       2.0809
    2490       2.1664
    2491       2.0215
    2492       2.1559
    2493       2.2028
    2494       2.0914
    2495       2.1085
    2496       1.8813
    2497       2.0374
    2498       2.0819
    2499       1.9226
    2500       1.8770
    2501       2.1392
    2502       2.1038
    2503       2.0442
    2504       2.0823
    2505       2.0774
    2506       1.8907
    2507       2.0188
    2508       2.0088
    2509       1.8991
    2510       1.8011
    2511       1.8021
    2512       2.0218
    2513       2.1536
    2514       2.0767
    2515       2.0562
    2516       1.9971
    2517       2.2118
    2518       2.2276
    2519       2.3446
    2520       2.4439
    2521       2.4868
    2522       2.5235
    2523       2.3115
    2524       2.5060
    2525       2.5099
    2526       2.4700
    2527       2.7135
    2528       2.6889
    2529       2.4841
    2530       2.3375
    2531       2.4748
    2532       2.3919
    2533       2.3433
    2534       2.2047
    2535       2.4030
    2536       2.6783
    2537       2.5751
    2538       2.6358
    2539       2.6174
    2540       2.7468
    2541       2.8293
    2542       2.7305
    2543       2.8166
    2544       2.8561
    2545       2.7785
    2546       2.7357
    2547       2.8234
    2548       2.7841
    2549       2.6579
    2550       2.4659
    2551       2.5094
    2552       2.6718
    2553       2.8461
    2554       2.8062
    2555       2.9201
    2556       2.7592
    2557       2.7659
    2558       2.7268
    2559       2.5945
    2560       2.6260
    2561       2.6475
    2562       2.7155
    2563       2.5571
    2564       2.8338
    2565       2.8735
    2566       2.9867
    2567       2.8590
    2568       2.8426
    2569       2.9137
    2570       2.7798
    2571       2.8570
    2572       2.6999
    2573       2.9785
    2574       2.9922
    2575       2.9002
    2576       2.8781
    2577       2.7587
    2578       2.6661
    2579       2.7224
    2580       2.7247
    2581       2.6602
    2582       2.5466
    2583       2.3856
    2584       2.1853
    2585       2.1040
    2586       2.1876
    2587       2.3225
    2588       2.4617
    2589       2.4702
    2590       2.3913
    2591       2.3730
    2592       2.4953
    2593       2.3427
    2594       2.1592
    2595       2.2518
    2596       2.2285
    2597       2.2242
    2598       2.3549
    2599       2.2310
    2600       2.2738
    2601       2.1682
    2602       2.2871
    2603       2.2655
    2604       2.3462
    2605       2.2976
    2606       2.3291
    2607       2.1724
    2608       2.0808
    2609       2.2101
    2610       2.1575
    2611       2.2996
    2612       2.2827
    2613       2.3474
    2614       2.4238
    2615       2.3179
    2616       2.3934
    2617       2.3727
    2618       2.5336
    2619       2.3949
    2620       2.2681
    2621       2.3464
    2622       2.2360
    2623       2.1969
    2624       2.2224
    2625       2.3949
    2626       2.3952
    2627       2.3618
    2628       2.4592
    2629       2.4732
    2630       2.5183
    2631       2.5934
    2632       2.6305
    2633       2.5225
    2634       2.3519
    2635       2.3874
    2636       2.2444
    2637       2.0803
    2638       2.0696
    2639       2.2581
    2640       2.4392
    2641       2.2263
    2642       2.3885
    2643       2.4632
    2644       2.5711
    2645       2.7013
    2646       2.9038
    2647       2.8857
    2648       2.7425
    2649       2.6576
    2650       2.7261
    2651       2.8683
    2652       2.8484
    2653       2.9478
    2654       2.7665
    2655       2.6603
    2656       2.6734
    2657       2.5999
    2658       2.4924
    2659       2.3824
    2660       2.5101
    2661       2.4706
    2662       2.6373
    2663       2.4583
    2664       2.5666
    2665       2.4435
    2666       2.7878
    2667       2.7969
    2668       2.7972
    2669       2.6219
    2670       2.6822
    2671       2.6276
    2672       2.6498
    2673       2.7530
    2674       2.9025
    2675       2.9234
    2676       2.5750
    2677       2.7570
    2678       2.7951
    2679       2.6013
    2680       2.5567
    2681       2.5346
    2682       2.6361
    2683       2.5997
    2684       2.8324
    2685       2.9950
    2686       3.0717
    2687       2.9466
    2688       2.9757
    2689       2.8029
    2690       2.9005
    2691       3.1366
    2692       3.1062
    2693       3.1455
    2694       3.3274
    2695       3.4278
    2696       3.6769
    2697       3.5917
    2698       3.7553
    2699       3.4374
    2700       3.5154
    2701       3.4993
    2702       3.3442
    2703       3.1251
    2704       3.2069
    2705       3.1056
    2706       2.9301
    2707       2.8281
    2708       2.8884
    2709       3.0261
    2710       2.9252
    2711       2.6442
    2712       2.7275
    2713       2.6328
    2714       2.7358
    2715       2.6487
    2716       2.7733
    2717       2.7929
    2718       2.8137
    2719       2.5415
    2720       2.6692
    2721       2.7409
    2722       2.9367
    2723       2.9073
    2724       2.7840
    2725       2.8995
    2726       2.8721
    2727       2.8978
    2728       2.8730
    2729       2.7505
    2730       2.7077
    2731       2.6084
    2732       2.6144
    2733       2.6270
    2734       2.7349
    2735       2.9548
    2736       3.0144
    2737       2.7911
    2738       2.7013
    2739       2.5062
    2740       2.5735
    2741       2.6168
    2742       2.6640
    2743       2.7299
    2744       2.5599
    2745       2.6903
    2746       2.6669
    2747       2.5702
    2748       2.5104
    2749       2.5604
    2750       2.5919
    2751       2.5026
    2752       2.5316
    2753       2.2791
    2754       2.5338
    2755       2.5576
    2756       2.4925
    2757       2.4075
    2758       2.7098
    2759       2.6486
    2760       2.5780
    2761       2.4048
    2762       2.5480
    2763       2.5481
    2764       2.6806
    2765       2.5198
    2766       2.6338
    2767       2.7071
    2768       2.6099
    2769       2.5492
    2770       2.4946
    2771       2.5125
    2772       2.5442
    2773       2.3641
    2774       2.4741
    2775       2.6143
    2776       2.4871
    2777       2.3698
    2778       2.2734
    2779       2.4452
    2780       2.2293
    2781       2.1130
    2782       2.2723
    2783       2.3518
    2784       2.3713
    2785       2.2680
    2786       2.2446
    2787       2.2158
    2788       2.4153
    2789       2.5422
    2790       2.5731
    2791       2.5398
    2792       2.4145
    2793       2.3805
    2794       2.1924
    2795       2.1122
    2796       2.2096
    2797       2.2174
    2798       2.3340
    2799       2.4078
    2800       2.3870
    2801       2.4088
    2802       2.3232
    2803       2.1346
    2804       2.0033
    2805       1.9659
    2806       1.9146
    2807       2.0885
    2808       2.1252
    2809       2.2915
    2810       2.1952
    2811       2.0998
    2812       1.9999
    2813       2.0116
    2814       1.9021
    2815       1.9229
    2816       2.0008
    2817       1.9587
    2818       2.0566
    2819       2.1464
    2820       2.1553
    2821       2.1862
    2822       2.1862
    2823       2.0957
    2824       2.0929
    2825       2.1987
    2826       2.2176
    2827       2.3206
    2828       2.3825
    2829       2.3464
    2830       2.2781
    2831       2.3487
    2832       2.2280
    2833       2.1882
    2834       2.1332
    2835       2.3696
    2836       2.2729
    2837       2.3874
    2838       2.2844
    2839       2.0477
    2840       2.0691
    2841       1.8829
    2842       1.8224
    2843       1.7915
    2844       1.7494
    2845       1.9113
    2846       1.8831
    2847       1.8786
    2848       2.0594
    2849       2.0533
    2850       1.9192
    2851       2.0397
    2852       2.1474
    2853       2.1057
    2854       1.9090
    2855       2.0309
    2856       1.8943
    2857       1.8514
    2858       1.8374
    2859       1.8385
    2860       1.7387
    2861       1.9211
    2862       1.9855
    2863       2.0965
    2864       2.1364
    2865       2.1711
    2866       2.0688
    2867       1.9601
    2868       1.9157
    2869       1.9563
    2870       1.9935
    2871       1.9493
    2872       1.9381
    2873       1.9988
    2874       2.1047
    2875       2.1065
    2876       1.9581
    2877       2.1965
    2878       2.3933
    2879       2.4212
    2880       2.3648
    2881       2.0978
    2882       2.0200
    2883       2.0100
    2884       1.9975
    2885       1.8571
    2886       2.0487
    2887       2.0919
    2888       2.2745
    2889       2.1178
    2890       2.1026
    2891       1.9594
    2892       1.9135
    2893       1.9300
    2894       1.9620
    2895       1.9279
    2896       1.9445
    2897       1.8198
    2898       1.7430
    2899       1.8535
    2900       1.6799
    2901       1.7301
    2902       1.9001
    2903       2.0077
    2904       1.9257
    2905       2.1577
    2906       2.0849
    2907       2.1319
    2908       2.0854
    2909       2.1792
    2910       2.0319
    2911       2.0366
    2912       1.9100
    2913       2.1089
    2914       2.1739
    2915       2.4097
    2916       2.2196
    2917       2.1918
    2918       2.1781
    2919       2.2050
    2920       2.1596
    2921       2.0570
    2922       2.1574
    2923       2.0733
    2924       1.9374
    2925       2.1976
    2926       2.2876
    2927       2.3870
    2928       2.3231
    2929       2.1971
    2930       2.2580
    2931       2.3297
    2932       2.4609
    2933       2.4166
    2934       2.3666
    2935       2.4321
    2936       2.3359
    2937       2.3605
    2938       2.4273
    2939       2.5091
    2940       2.5289
    2941       2.4694
    2942       2.4780
    2943       2.4947
    2944       2.5204
    2945       2.7183
    2946       2.4251
    2947       2.4195
    2948       2.2155
    2949       2.1866
    2950       2.2558
    2951       2.2970
    2952       2.4290
    2953       2.4301
    2954       2.5077
    2955       2.8778
    2956       2.8005
    2957       2.8208
    2958       2.7185
    2959       2.5527
    2960       2.5125
    2961       2.3265
    2962       2.1619
    2963       2.1799
    2964       2.4186
    2965       2.2294
    2966       2.2929
    2967       2.4024
    2968       2.4326
    2969       2.3620
    2970       2.3236
    2971       2.4706
    2972       2.4338
    2973       2.6814
    2974       2.6558
    2975       2.7056
    2976       2.6651
    2977       2.8415
    2978       2.8973
    2979       2.9308
    2980       2.9644
    2981       2.6680
    2982       2.7203
    2983       2.7274
    2984       2.7101
    2985       2.7107
    2986       2.5803
    2987       2.6284
    2988       2.4406
    2989       2.7888
    2990       2.8809
    2991       2.6746
    2992       2.7114
    2993       2.5975
    2994       2.4396
    2995       2.5205
    2996       2.5362
    2997       2.3800
    2998       2.2800
    2999       2.2238
    3000       2.2158
    3001       2.2717
    3002       2.2574
    3003       2.1535
    3004       2.2480
    3005       2.3129
    3006       2.5648
    3007       2.4279
    3008       2.5679
    3009       2.5583
    3010       2.5026
    3011       2.5075
    3012       2.8005
    3013       2.7433
    3014       2.7028
    3015       2.7679
    3016       2.9706
    3017       2.8516
    3018       2.9842
    3019       2.7627
    3020       2.8970
    3021       2.7977
    3022       2.8281
    3023       2.6995
    3024       2.9178
    3025       2.6672
    3026       2.7981
    3027       2.7757
    3028       2.7403
    3029       2.7428
    3030       2.7784
    3031       2.6231
    3032       2.6009
    3033       2.5176
    3034       2.3819
    3035       2.5126
    3036       2.5868
    3037       2.5735
    3038       2.5521
    3039       2.5421
    3040       2.4622
    3041       2.4058
    3042       2.6373
    3043       2.7925
    3044       2.5521
    3045       2.5724
    3046       2.4438
    3047       2.4660
    3048       2.4569
    3049       2.4505
    3050       2.4619
    3051       2.5036
    3052       2.4815
    3053       2.5674
    3054       2.5898
    3055       2.6211
    3056       2.7620
    3057       2.5121
    3058       2.3132
    3059       2.2440
    3060       2.2335
    3061       2.0572
    3062       1.9770
    3063       1.8789
    3064       1.8134
    3065       1.7235
    3066       1.7970
    3067       1.8108
    3068       1.7524
    3069       1.6630
    3070       1.8277
    3071       1.6903
    3072       1.8844
    3073       1.9766
    3074       2.1117
    3075       1.9734
    3076       1.9062
    3077       1.9658
    3078       1.8539
    3079       1.7524
    3080       1.6479
    3081       1.7162
    3082       1.7445
    3083       1.8145
    3084       1.6179
    3085       1.6563
    3086       1.8122
    3087       1.7287
    3088       1.7660
    3089       1.7179
    3090       1.6671
    3091       1.5714
    3092       1.6828
    3093       1.6840
    3094       1.8534
    3095       1.5780
    3096       1.6291
    3097       1.5667
    3098       1.7247
    3099       1.7433
    3100       1.7452
    3101       1.6228
    3102       1.5798
    3103       1.6896
    3104       1.7061
    3105       1.8035
    3106       1.7312
    3107       1.6369
    3108       1.7717
    3109       1.8335
    3110       1.7594
    3111       1.7439
    3112       1.6540
    3113       1.7639
    3114       1.8938
    3115       1.9284
    3116       1.8500
    3117       1.7912
    3118       1.7635
    3119       1.8226
    3120       1.8304
    3121       1.9191
    3122       1.9518
    3123       1.9757
    3124       1.9814
    3125       1.8426
    3126       1.6228
    3127       1.8119
    3128       1.9021
    3129       1.7571
    3130       1.8970
    3131       1.8703
    3132       1.7182
    3133       1.7719
    3134       1.7768
    3135       1.9750
    3136       2.0076
    3137       2.1583
    3138       2.0246
    3139       2.0021
    3140       1.9118
    3141       1.9462
    3142       1.9719
    3143       2.0765
    3144       1.9272
    3145       1.8072
    3146       1.9796
    3147       1.7678
    3148       1.7687
    3149       1.7134
    3150       1.7037
    3151       1.8433
    3152       1.7952
    3153       1.7955
    3154       1.8706
    3155       1.8645
    3156       1.8160
    3157       1.7809
    3158       1.7941
    3159       1.8881
    3160       1.7759
    3161       1.8528
    3162       1.8513
    3163       1.9298
    3164       1.9128
    3165       1.8955
    3166       1.9046
    3167       1.8916
    3168       1.8464
    3169       1.8123
    3170       1.7345
    3171       1.8487
    3172       1.7368
    3173       1.7542
    3174       1.6532
    3175       1.7377
    3176       1.6695
    3177       1.8212
    3178       1.9017
    3179       1.8441
    3180       1.8199
    3181       1.7680
    3182       1.7295
    3183       1.6408
    3184       1.5220
    3185       1.7480
    3186       1.6473
    3187       1.7080
    3188       1.7453
    3189       1.6482
    3190       1.7647
    3191       1.7075
    3192       1.6409
    3193       1.5469
    3194       1.7189
    3195       1.7295
    3196       1.6337
    3197       1.6251
    3198       1.6294
    3199       1.7925
    3200       1.9015
    3201       1.9014
    3202       1.9609
    3203       1.8571
    3204       1.7655
    3205       1.8109
    3206       1.7551
    3207       1.7416
    3208       1.7573
    3209       1.7022
    3210       1.7104
    3211       1.7187
    3212       1.6656
    3213       1.6754
    3214       1.8943
    3215       1.6905
    3216       1.6023
    3217       1.5792
    3218       1.4873
    3219       1.5636
    3220       1.6363
    3221       1.6830
    3222       1.6333
    3223       1.6964
    3224       1.8306
    3225       1.8640
    3226       1.8180
    3227       1.8283
    3228       1.7538
    3229       1.6736
    3230       1.5940
    3231       1.5886
    3232       1.5683
    3233       1.5960
    3234       1.6758
    3235       1.6931
    3236       1.8009
    3237       1.6840
    3238       1.7754
    3239       1.7449
    3240       1.6852
    3241       1.9438
    3242       1.7541
    3243       1.7346
    3244       1.6279
    3245       1.7931
    3246       1.6868
    3247       1.7633
    3248       1.7329
    3249       1.6562
    3250       1.7342
    3251       1.7019
    3252       1.7288
    3253       1.6459
    3254       1.5792
    3255       1.7543
    3256       1.8150
    3257       1.6798
    3258       1.6946
    3259       1.7194
    3260       1.7443
    3261       1.6088
    3262       1.6550
    3263       1.7150
    3264       1.6806
    3265       1.7816
    3266       1.7239
    3267       1.6867
    3268       1.7487
    3269       1.6783
    3270       1.7236
    3271       1.6593
    3272       1.7304
    3273       1.6846
    3274       1.6928
    3275       1.7111
    3276       1.8587
    3277       1.8714
    3278       1.8665
    3279       1.7591
    3280       1.8741
    3281       1.8506
    3282       1.8127
    3283       1.8680
    3284       1.8024
    3285       1.8018
    3286       1.8282
    3287       1.7309
    3288       1.8075
    3289       1.7175
    3290       1.7170
    3291       1.6665
    3292       1.6678
    3293       1.7451
    3294       1.7324
    3295       1.8104
    3296       1.9396
    3297       1.8624
    3298       1.8564
    3299       1.9739
    3300       2.1518
    3301       2.0346
    3302       2.0974
    3303       1.9308
    3304       1.9866
    3305       1.9425
    3306       2.1099
    3307       2.0731
    3308       1.9637
    3309       1.8984
    3310       1.9069
    3311       2.1118
    3312       2.1793
    3313       2.3911
    3314       2.3396
    3315       2.1649
    3316       2.0919
    3317       1.9706
    3318       1.9312
    3319       1.9065
    3320       2.0064
    3321       2.0609
    3322       2.0501
    3323       1.9870
    3324       2.0000
    3325       1.9069
    3326       1.8015
    3327       1.7207
    3328       1.8020
    3329       1.9216
    3330       2.0122
    3331       2.0205
    3332       2.1500
    3333       2.2406
    3334       2.4106
    3335       2.3760
    3336       2.2224
    3337       2.1899
    3338       2.0337
    3339       2.0734
    3340       2.0463
    3341       1.9246
    3342       1.7975
    3343       1.8631
    3344       1.9479
    3345       1.8299
    3346       1.9458
    3347       2.0130
    3348       1.9400
    3349       1.9055
    3350       1.9816
    3351       1.8679
    3352       1.9015
    3353       2.0552
    3354       2.1013
    3355       2.1312
    3356       2.0717
    3357       2.1156
    3358       2.0587
    3359       2.0227
    3360       1.8413
    3361       1.8017
    3362       1.9971
    3363       1.7838
    3364       1.7952
    3365       1.8381
    3366       1.8364
    3367       1.8323
    3368       1.8927
    3369       1.9489
    3370       1.8243
    3371       1.8027
    3372       1.7325
    3373       1.8084
    3374       1.8517
    3375       1.8783
    3376       1.8875
    3377       1.8430
    3378       2.0564
    3379       1.8455
    3380       1.6503
    3381       1.6004
    3382       1.7884
    3383       1.8187
    3384       1.7637
    3385       1.8314
    3386       1.8278
    3387       1.8273
    3388       1.7336
    3389       1.8567
    3390       1.8132
    3391       1.8129
    3392       1.7878
    3393       1.7836
    3394       1.6465
    3395       1.7034
    3396       1.9757
    3397       1.9959
    3398       1.9928
    3399       1.8864
    3400       1.7430
    3401       1.8612
    3402       2.0466
    3403       2.0879
    3404       2.1180
    3405       2.1017
    3406       2.0194
    3407       1.9807
    3408       1.9245
    3409       2.0473
    3410       2.1316
    3411       1.9860
    3412       1.8605
    3413       2.0152
    3414       2.0003
    3415       1.8781
    3416       1.9574
    3417       1.9961
    3418       2.0252
    3419       2.0921
    3420       2.1070
    3421       2.2036
    3422       2.0435
    3423       2.0095
    3424       2.0077
    3425       1.9609
    3426       1.9392
    3427       1.9418
    3428       2.0725
    3429       2.0462
    3430       1.9716
    3431       1.8295
    3432       1.9179
    3433       1.8289
    3434       1.8421
    3435       1.8871
    3436       1.9858
    3437       1.9053
    3438       1.8534
    3439       1.8342
    3440       1.8685
    3441       1.9769
    3442       2.1988
    3443       2.1461
    3444       2.4062
    3445       2.3609
    3446       2.2642
    3447       2.4860
    3448       2.5396
    3449       2.5873
    3450       2.5215
    3451       2.5575
    3452       2.4790
    3453       2.4523
    3454       2.5026
    3455       2.5286
    3456       2.2591
    3457       2.1817
    3458       2.3023
    3459       2.3228
    3460       2.3637
    3461       2.4074
    3462       2.4205
    3463       2.6390
    3464       2.4896
    3465       2.4200
    3466       2.3598
    3467       2.3916
    3468       2.2609
    3469       2.1056
    3470       2.0045
    3471       2.2209
    3472       2.4177
    3473       2.2798
    3474       2.4387
    3475       2.4323
    3476       2.4799
    3477       2.5313
    3478       2.5080
    3479       2.4938
    3480       2.3919
    3481       2.2091
    3482       2.3834
    3483       2.3981
    3484       2.2301
    3485       2.1583
    3486       2.2777
    3487       2.0772
    3488       2.1316
    3489       2.0450
    3490       2.0570
    3491       2.0848
    3492       2.2678
    3493       2.1568
    3494       2.1480
    3495       2.3149
    3496       2.3833
    3497       2.2418
    3498       2.5340
    3499       2.3595
    3500       2.2230
    3501       2.2029
    3502       2.4180
    3503       2.5304
    3504       2.4843
    3505       2.5432
    3506       2.6404
    3507       2.4982
    3508       2.6104
    3509       2.3341
    3510       2.2650
    3511       2.2631
    3512       2.0319
    3513       2.0136
    3514       2.0750
    3515       2.0960
    3516       2.2497
    3517       2.3014
    3518       2.2203
    3519       2.1075
    3520       2.1549
    3521       2.0364
    3522       2.1559
    3523       1.9506
    3524       1.8512
    3525       1.8261
    3526       1.9103
    3527       1.7997
    3528       1.8554
    3529       1.9958
    3530       2.0194
    3531       1.9424
    3532       1.9630
    3533       2.0022
    3534       2.1348
    3535       2.2990
    3536       2.1003
    3537       2.1723
    3538       2.2366
    3539       2.2460
    3540       2.2341
    3541       2.3713
    3542       2.1533
    3543       2.1572
    3544       2.3774
    3545       2.2970
    3546       2.3853
    3547       2.3709
    3548       2.3682
    3549       2.4572
    3550       2.6013
    3551       2.6016
    3552       2.6858
    3553       2.8472
    3554       3.1776
    3555       3.1731
    3556       3.1351
    3557       3.2030
    3558       2.8990
    3559       2.8985
    3560       2.6351
    3561       2.8063
    3562       2.9505
    3563       2.8352
    3564       2.9031
    3565       2.6840
    3566       2.8690
    3567       2.8627
    3568       3.0440
    3569       2.9061
    3570       2.9035
    3571       2.8432
    3572       2.6542
    3573       2.6401
    3574       2.8120
    3575       2.6637
    3576       2.7701
    3577       2.8352
    3578       2.8448
    3579       2.9667
    3580       2.9690
    3581       3.1318
    3582       3.1420
    3583       3.1371
    3584       3.2322
    3585       3.1172
    3586       3.5212
    3587       3.6315
    3588       3.5550
    3589       3.3590
    3590       3.3357
    3591       3.3362
    3592       3.0038
    3593       3.2197
    3594       3.2213
    3595       3.1020
    3596       3.1647
    3597       3.1439
    3598       2.9514
    3599       3.0354
    3600       2.7201
    3601       2.7485
    3602       2.6753
    3603       2.6905
    3604       2.4700
    3605       2.6055
    3606       2.5897
    3607       2.4504
    3608       2.5158
    3609       2.5589
    3610       2.5410
    3611       2.4609
    3612       2.5406
    3613       2.5466
    3614       2.5607
    3615       2.5609
    3616       2.5504
    3617       2.4016
    3618       2.6718
    3619       2.7515
    3620       2.5929
    3621       2.4773
    3622       2.4704
    3623       2.3773
    3624       2.4179
    3625       2.5615
    3626       2.6474
    3627       2.7465
    3628       2.5339
    3629       2.4185
    3630       2.5978
    3631       2.4508
    3632       2.2989
    3633       2.3813
    3634       2.3256
    3635       2.1540
    3636       2.3226
    3637       2.3851
    3638       2.4240
    3639       2.1990
    3640       2.3177
    3641       2.5703
    3642       2.4151
    3643       2.4145
    3644       2.3658
    3645       2.4164
    3646       2.5940
    3647       2.6362
    3648       2.6084
    3649       2.6035
    3650       2.5108
    3651       2.7216
    3652       2.7076
    3653       2.8614
    3654       2.7838
    3655       2.9073
    3656       2.8296
    3657       2.6675
    3658       2.4710
    3659       2.7205
    3660       3.0172
    3661       2.8756
    3662       2.7916
    3663       2.7256
    3664       2.8511
    3665       2.7276
    3666       2.3708
    3667       2.5494
    3668       2.6995
    3669       3.0344
    3670       3.1029
    3671       2.9701
    3672       3.1262
    3673       3.0908
    3674       3.1110
    3675       2.9712
    3676       3.1758
    3677       3.0329
    3678       3.0637
    3679       3.0454
    3680       3.2683
    3681       3.1075
    3682       3.1735
    3683       3.2069
    3684       3.1160
    3685       3.1628
    3686       3.1165
    3687       2.9043
    3688       2.8136
    3689       2.7848
    3690       2.5700
    3691       2.5337
    3692       2.3128
    3693       2.4280
    3694       2.4049
    3695       2.3169
    3696       2.3693
    3697       2.4439
    3698       2.3803
    3699       2.4675
    3700       2.6642
    3701       2.6003
    3702       2.6545
    3703       2.4106
    3704       2.4673
    3705       2.4656
    3706       2.6493
    3707       2.6177
    3708       2.5292
    3709       2.7183
    3710       2.9137
    3711       2.6428
    3712       2.6276
    3713       2.4245
    3714       2.6836
    3715       2.7006
    3716       2.6327
    3717       2.8445
    3718       2.6120
    3719       2.4374
    3720       2.4961
    3721       2.7317
    3722       2.7572
    3723       2.7894
    3724       2.9069
    3725       3.0427
    3726       2.9857
    3727       2.8607
    3728       2.9042
    3729       2.8644
    3730       2.7691
    3731       2.8358
    3732       2.9796
    3733       3.0173
    3734       2.8284
    3735       2.7434
    3736       2.8353
    3737       2.6980
    3738       2.7064
    3739       2.7852
    3740       2.7778
    3741       2.9325
    3742       3.0518
    3743       2.9120
    3744       2.7479
    3745       2.6535
    3746       2.6457
    3747       2.8002
    3748       2.8326
    3749       2.9172
    3750       2.8750
    3751       2.9031
    3752       3.1157
    3753       2.8776
    3754       2.7228
    3755       2.8839
    3756       2.8018
    3757       2.7410
    3758       2.6905
    3759       2.5982
    3760       2.8999
    3761       3.0361
    3762       3.2074
    3763       3.1097
    3764       2.9759
    3765       3.3488
    3766       3.1522
    3767       3.1756
    3768       3.1599
    3769       3.0733
    3770       3.1929
    3771       3.1679
    3772       3.0538
    3773       3.1233
    3774       2.9018
    3775       3.0159
    3776       3.1702
    3777       3.1254
    3778       3.2682
    3779       3.4490
    3780       3.3798
    3781       3.4627
    3782       3.4935
    3783       3.6912
    3784       3.6206
    3785       3.5493
    3786       3.5816
    3787       3.7704
    3788       3.7492
    3789       3.6937
    3790       3.6444
    3791       3.7185
    3792       3.5231
    3793       3.5726
    3794       3.4841
    3795       3.5867
    3796       3.5226
    3797       3.4730
    3798       3.4845
    3799       3.6503
    3800       3.6078
    3801       3.6499
    3802       3.6851
    3803       3.7569
    3804       3.5851
    3805       3.6925
    3806       3.5226
    3807       3.3906
    3808       3.0879
    3809       3.1159
    3810       3.0809
    3811       3.0621
    3812       3.0521
    3813       2.8923
    3814       3.1749
    3815       3.0559
    3816       3.1572
    3817       3.1545
    3818       3.1043
    3819       2.9031
    3820       2.9509
    3821       2.8390
    3822       2.8952
    3823       2.6386
    3824       2.7694
    3825       2.7319
    3826       2.8347
    3827       2.9541
    3828       2.9369
    3829       2.8608
    3830       2.8758
    3831       2.8305
    3832       2.9426
    3833       3.0685
    3834       3.2779
    3835       3.4663
    3836       3.4648
    3837       3.3710
    3838       3.3196
    3839       3.4769
    3840       3.5081
    3841       3.4507
    3842       3.6000
    3843       3.6253
    3844       3.5953
    3845       3.5139
    3846       3.3329
    3847       3.3915
    3848       3.3067
    3849       3.3778
    3850       3.3214
    3851       3.3517
    3852       3.2344
    3853       3.1873
    3854       3.1728
    3855       3.1113
    3856       2.8825
    3857       3.0121
    3858       3.0553
    3859       3.1469
    3860       2.8829
    3861       2.9824
    3862       3.2520
    3863       3.1096
    3864       3.2483
    3865       3.1070
    3866       3.1117
    3867       2.9633
    3868       3.1342
    3869       3.3116
    3870       3.4633
    3871       3.5001
    3872       3.5849
    3873       3.5018
    3874       3.5662
    3875       3.4278
    3876       3.2637
    3877       3.2544
    3878       3.3627
    3879       3.4382
    3880       3.3183
    3881       3.2715
    3882       3.4053
    3883       3.3482
    3884       3.5106
    3885       3.5582
    3886       3.3944
    3887       3.3389
    3888       3.1660
    3889       3.0534
    3890       3.0486
    3891       3.1960
    3892       3.2420
    3893       3.3473
    3894       3.0996
    3895       3.1714
    3896       3.1283
    3897       3.1412
    3898       3.0528
    3899       2.9830
    3900       2.8839
    3901       3.0081
    3902       2.8441
    3903       2.9219
    3904       3.0820
    3905       3.1637
    3906       2.9804
    3907       3.0382
    3908       2.9520
    3909       2.9852
    3910       3.0905
    3911       2.8595
    3912       2.6297
    3913       2.4567
    3914       2.3394
    3915       2.4338
    3916       2.4053
    3917       2.3714
    3918       2.2371
    3919       2.2621
    3920       2.4981
    3921       2.4321
    3922       2.4228
    3923       2.4452
    3924       2.5738
    3925       2.2974
    3926       2.3870
    3927       2.3183
    3928       2.2400
    3929       2.3534
    3930       2.5321
    3931       2.6013
    3932       2.4839
    3933       2.4761
    3934       2.4266
    3935       2.4320
    3936       2.4105
    3937       2.4889
    3938       2.6415
    3939       2.6934
    3940       2.5511
    3941       2.4753
    3942       2.4822
    3943       2.5799
    3944       2.4834
    3945       2.5040
    3946       2.3650
    3947       2.5086
    3948       2.4113
    3949       2.4660
    3950       2.4853
    3951       2.6935
    3952       2.6290
    3953       2.8615
    3954       2.7718
    3955       3.0062
    3956       3.0488
    3957       3.0399
    3958       2.7856
    3959       2.5940
    3960       2.5266
    3961       2.6736
    3962       2.7930
    3963       2.8079
    3964       2.8284
    3965       2.6232
    3966       2.7820
    3967       3.0417
    3968       2.9974
    3969       3.0976
    3970       2.9907
    3971       2.8701
    3972       2.8540
    3973       2.8033
    3974       2.8426
    3975       2.8358
    3976       2.8895
    3977       2.9265
    3978       2.5819
    3979       2.8582
    3980       2.8424
    3981       3.0037
    3982       2.8452
    3983       2.9789
    3984       2.9270
    3985       2.9224
    3986       2.9587
    3987       3.0017
    3988       3.0337
    3989       3.2471
    3990       2.9845
    3991       3.0903
    3992       3.0917
    3993       3.0594
    3994       3.1317
    3995       3.0200
    3996       3.1510
    3997       3.1661
    3998       3.1484
    3999       3.1017
    4000       3.1019
    4001       2.8857
    4002       3.0176
    4003       3.0779
    4004       3.0406
    4005       2.9797
    4006       3.1095
    4007       3.0631
    4008       3.1651
    4009       3.0425
    4010       3.1596
    4011       2.9760
    4012       3.0736
    4013       3.1732
    4014       3.0534
    4015       3.1470
    4016       3.0008
    4017       3.1332
    4018       2.9672
    4019       2.7326
    4020       2.8248
    4021       2.9210
    4022       2.8125
    4023       2.8342
    4024       2.8989
    4025       2.9333
    4026       2.9808
    4027       3.2191
    4028       2.9866
    4029       3.0875
    4030       2.7721
    4031       2.8746
    4032       2.7122
    4033       2.8679
    4034       2.9666
    4035       3.2035
    4036       3.3640
    4037       3.3573
    4038       3.2436
    4039       3.2522
    4040       3.3661
    4041       3.5488
    4042       3.5617
    4043       3.5314
    4044       3.1308
    4045       3.2066
    4046       3.2877
    4047       3.2134
    4048       3.3026
    4049       3.3727
    4050       3.0754
    4051       3.0890
    4052       3.0030
    4053       2.9098
    4054       2.9467
    4055       3.0883
    4056       2.9445
    4057       2.9417
    4058       2.8716
    4059       2.6372
    4060       2.6468
    4061       2.7484
    4062       2.6893
    4063       2.6019
    4064       2.7327
    4065       2.8093
    4066       2.8639
    4067       2.9642
    4068       2.8133
    4069       2.9154
    4070       2.8226
    4071       2.7918
    4072       2.6984
    4073       2.7919
    4074       2.6777
    4075       2.8477
    4076       2.7104
    4077       3.0037
    4078       2.8188
    4079       2.7959
    4080       2.8518
    4081       2.6183
    4082       2.7146
    4083       2.7380
    4084       2.8328
    4085       2.9099
    4086       2.7761
    4087       2.8688
    4088       2.9899
    4089       2.8196
    4090       2.8554
    4091       2.9661
    4092       3.1575
    4093       3.2725
    4094       3.2210
    4095       3.1209
    4096       3.1946
    4097       3.0163
    4098       2.8634
    4099       2.5528
    4100       2.6180
    4101       2.6813
    4102       2.6986
    4103       2.5874
    4104       2.6706
    4105       2.7160
    4106       2.5279
    4107       2.6643
    4108       2.5979
    4109       2.4711
    4110       2.6273
    4111       2.7318
    4112       2.5990
    4113       2.6058
    4114       2.5007
    4115       2.5790
    4116       2.5533
    4117       2.5117
    4118       2.5269
    4119       2.7225
    4120       2.9187
    4121       3.0015
    4122       3.0793
    4123       3.0530
    4124       3.1607
    4125       2.9164
    4126       2.8774
    4127       2.7442
    4128       3.0157
    4129       3.1684
    4130       3.2540
    4131       3.1100
    4132       2.8452
    4133       2.9304
    4134       2.6921
    4135       2.8000
    4136       2.8422
    4137       2.7039
    4138       2.8321
    4139       3.0746
    4140       3.2049
    4141       3.4646
    4142       3.4565
    4143       3.2336
    4144       3.3176
    4145       3.2086
    4146       3.2209
    4147       3.2888
    4148       3.3319
    4149       3.3365
    4150       3.3472
    4151       3.2901
    4152       3.1052
    4153       2.9016
    4154       2.8899
    4155       2.8110
    4156       2.8175
    4157       2.9404
    4158       3.1554
    4159       2.9364
    4160       3.0210
    4161       2.9482
    4162       2.9548
    4163       2.8724
    4164       2.8936
    4165       2.9339
    4166       2.8306
    4167       2.9231
    4168       2.8277
    4169       2.7199
    4170       2.6076
    4171       2.5452
    4172       2.6575
    4173       2.7539
    4174       2.5858
    4175       2.6237
    4176       2.7497
    4177       2.6780
    4178       2.8077
    4179       3.0286
    4180       3.0142
    4181       2.9184
    4182       3.1538
    4183       3.2276
    4184       3.1418
    4185       3.1363
    4186       3.2310
    4187       2.9418
    4188       3.0718
    4189       3.0528
    4190       3.1495
    4191       3.2954
    4192       3.2758
    4193       3.2858
    4194       3.2035
    4195       3.1737
    4196       3.2458
    4197       3.1666
    4198       3.2354
    4199       3.2611
    4200       3.2678
    4201       3.0753
    4202       3.1572
    4203       3.2533
    4204       2.9451
    4205       3.2140
    4206       3.0914
    4207       3.0412
    4208       3.1736
    4209       3.4683
    4210       3.3923
    4211       3.4666
    4212       3.2114
    4213       3.2925
    4214       3.3115
    4215       3.3092
    4216       3.3881
    4217       3.2698
    4218       3.2114
    4219       2.9394
    4220       3.0275
    4221       3.0459
    4222       2.9433
    4223       3.0662
    4224       3.0954
    4225       3.0187
    4226       2.8764
    4227       3.1181
    4228       3.1515
    4229       3.0563
    4230       2.7727
    4231       2.8471
    4232       3.1490
    4233       3.1077
    4234       2.8494
    4235       2.9528
    4236       2.9409
    4237       2.8811
    4238       3.0561
    4239       2.9405
    4240       2.8521
    4241       2.8107
    4242       2.7565
    4243       2.8959
    4244       2.7949
    4245       2.7568
    4246       2.8792
    4247       2.9088
    4248       2.9611
    4249       3.1696
    4250       3.1499
    4251       3.0887
    4252       2.9189
    4253       2.8650
    4254       2.9741
    4255       2.9094
    4256       2.9897
    4257       2.9756
    4258       2.9053
    4259       3.0599
    4260       3.0756
    4261       2.9460
    4262       2.8974
    4263       2.9273
    4264       2.9026
    4265       2.8501
    4266       2.7878
    4267       2.7795
    4268       2.8192
    4269       2.8463
    4270       2.6680
    4271       2.9036
    4272       3.1032
    4273       3.0514
    4274       2.8261
    4275       2.7289
    4276       2.7900
    4277       2.8719
    4278       2.7837
    4279       2.9001
    4280       2.8301
    4281       2.7129
    4282       2.8402
    4283       2.9664
    4284       2.8586
    4285       2.8816
    4286       2.7759
    4287       2.7846
    4288       3.0494
    4289       3.0620
    4290       3.0961
    4291       3.1049
    4292       3.3093
    4293       3.2363
    4294       3.0291
    4295       2.9927
    4296       3.0107
    4297       2.6930
    4298       2.7136
    4299       2.5123
    4300       2.5981
    4301       2.6475
    4302       2.5032
    4303       2.2819
    4304       2.0918
    4305       2.1153
    4306       2.2435
    4307       2.3210
    4308       2.2689
    4309       2.2402
    4310       2.1970
    4311       2.2465
    4312       2.2882
    4313       2.3804
    4314       2.3038
    4315       2.2821
    4316       2.2958
    4317       2.2633
    4318       2.3795
    4319       2.2338
    4320       2.2657
    4321       2.4614
    4322       2.2692
    4323       2.4761
    4324       2.4291
    4325       2.2569
    4326       2.4106
    4327       2.2738
    4328       2.1851
    4329       2.4646
    4330       2.5460
    4331       2.4586
    4332       2.3706
    4333       2.3276
    4334       2.4294
    4335       2.5380
    4336       2.2632
    4337       2.3934
    4338       2.3924
    4339       2.4088
    4340       2.1964
    4341       2.2032
    4342       2.2416
    4343       2.3530
    4344       2.4033
    4345       2.6506
    4346       2.6502
    4347       2.6583
    4348       2.5880
    4349       2.2656
    4350       2.3910
    4351       2.5535
    4352       2.4824
    4353       2.5933
    4354       2.3593
    4355       2.4152
    4356       2.3732
    4357       2.0903
    4358       2.2391
    4359       1.9906
    4360       1.9896
    4361       2.1304
    4362       2.2823
    4363       2.3181
    4364       2.4992
    4365       2.3381
    4366       2.1037
    4367       2.3069
    4368       2.2274
    4369       2.2168
    4370       2.2558
    4371       2.2693
    4372       2.3408
    4373       2.2683
    4374       2.3466
    4375       2.3482
    4376       2.5707
    4377       2.4649
    4378       2.3889
    4379       2.5352
    4380       2.6889
    4381       2.6218
    4382       2.5707
    4383       2.4821
    4384       2.6942
    4385       2.6471
    4386       2.5388
    4387       2.5909
    4388       2.6467
    4389       2.7668
    4390       2.8157
    4391       2.7686
    4392       2.7111
    4393       2.8257
    4394       2.7681
    4395       2.7262
    4396       2.6841
    4397       2.6448
    4398       2.5710
    4399       2.6586
    4400       2.5328
    4401       2.6658
    4402       2.5904
    4403       2.2938
    4404       2.3859
    4405       2.4405
    4406       2.3686
    4407       2.3816
    4408       2.4573
    4409       2.5877
    4410       2.4594
    4411       2.5588
    4412       2.5343
    4413       2.5344
    4414       2.6870
    4415       2.6147
    4416       2.6900
    4417       2.6886
    4418       2.6297
    4419       2.5472
    4420       2.6177
    4421       2.6141
    4422       2.6985
    4423       2.5758
    4424       2.6335
    4425       2.8601
    4426       2.9709
    4427       2.9226
    4428       2.8784
    4429       2.6307
    4430       2.4370
    4431       2.5121
    4432       2.6453
    4433       2.7256
    4434       2.6622
    4435       2.5658
    4436       2.7617
    4437       2.6763
    4438       2.7697
    4439       2.5841
    4440       2.6476
    4441       2.6224
    4442       2.5437
    4443       2.3289
    4444       2.3510
    4445       2.3552
    4446       2.1408
    4447       2.3410
    4448       2.4302
    4449       2.2975
    4450       2.0441
    4451       2.1756
    4452       2.1724
    4453       2.0511
    4454       2.2905
    4455       2.2251
    4456       2.2463
    4457       2.1998
    4458       2.2478
    4459       2.2213
    4460       2.2451
    4461       2.0246
    4462       2.1835
    4463       2.1947
    4464       2.1535
    4465       2.1239
    4466       1.9663
    4467       2.2668
    4468       2.3559
    4469       2.1880
    4470       2.1420
    4471       2.3942
    4472       2.0669
    4473       1.9950
    4474       1.8732
    4475       1.9681
    4476       2.2110
    4477       2.0515
    4478       2.0801
    4479       2.2101
    4480       2.2048
    4481       2.1547
    4482       2.0536
    4483       2.2585
    4484       2.2648
    4485       2.1176
    4486       2.2211
    4487       2.1454
    4488       1.9602
    4489       1.8724
    4490       1.9515
    4491       1.9381
    4492       2.2629
    4493       2.1503
    4494       2.2208
    4495       2.2449
    4496       2.1763
    4497       2.2411
    4498       2.1770
    4499       2.1696
    4500       2.0695
    4501       2.0389
    4502       2.3500
    4503       2.3897
    4504       2.3447
    4505       2.3368
    4506       2.2805
    4507       2.2266
    4508       2.3041
    4509       2.3408
    4510       2.4593
    4511       2.1765
    4512       2.0757
    4513       2.0057
    4514       2.2561
    4515       2.1090
    4516       2.0708
    4517       1.9923
    4518       1.8286
    4519       1.9674
    4520       1.9685
    4521       1.8996
    4522       1.9846
    4523       2.0305
    4524       2.2449
    4525       1.9735
    4526       1.9376
    4527       1.8819
    4528       1.7911
    4529       1.8554
    4530       1.8804
    4531       1.8341
    4532       1.9879
    4533       1.9998
    4534       1.9714
    4535       1.9122
    4536       1.9184
    4537       1.9390
    4538       1.9348
    4539       2.0917
    4540       2.1123
    4541       2.3533
    4542       2.2552
    4543       2.2187
    4544       2.2751
    4545       2.3989
    4546       2.1993
    4547       2.1043
    4548       2.0810
    4549       2.0461
    4550       2.0095
    4551       2.0131
    4552       2.0038
    4553       2.1102
    4554       2.0444
    4555       2.0157
    4556       2.0832
    4557       2.0225
    4558       1.7680
    4559       1.9759
    4560       1.9814
    4561       1.8859
    4562       2.0518
    4563       1.9814
    4564       2.3134
    4565       2.4545
    4566       2.5441
    4567       2.4262
    4568       2.5422
    4569       2.6776
    4570       2.6207
    4571       2.6554
    4572       2.4955
    4573       2.4011
    4574       2.5350
    4575       2.5717
    4576       2.6422
    4577       2.6138
    4578       2.6068
    4579       2.4833
    4580       2.3281
    4581       2.1620
    4582       2.2270
    4583       1.9595
    4584       2.0935
    4585       2.0905
    4586       2.2199
    4587       2.2075
    4588       2.1231
    4589       2.1985
    4590       2.2068
    4591       2.3155
    4592       2.3879
    4593       2.1400
    4594       2.2982
    4595       2.1998
    4596       2.2120
    4597       2.1968
    4598       2.1303
    4599       2.1850
    4600       2.2559
    4601       2.1954
    4602       2.3622
    4603       2.2797
    4604       2.3068
    4605       1.9385
    4606       1.9320
    4607       2.0412
    4608       2.1965
    4609       2.4823
    4610       2.2242
    4611       2.1893
    4612       2.1779
    4613       2.2269
    4614       2.4636
    4615       2.6299
    4616       2.6528
    4617       2.6800
    4618       2.6711
    4619       2.4987
    4620       2.7406
    4621       2.5712
    4622       2.5262
    4623       2.5726
    4624       2.5167
    4625       2.4365
    4626       2.7840
    4627       2.7913
    4628       2.8099
    4629       2.9203
    4630       2.8832
    4631       2.8642
    4632       2.9709
    4633       2.7129
    4634       2.6247
    4635       2.7610
    4636       2.7187
    4637       2.6857
    4638       2.5243
    4639       2.6680
    4640       2.8307
    4641       2.8242
    4642       2.9432
    4643       2.8115
    4644       2.8988
    4645       2.6429
    4646       2.6322
    4647       2.6412
    4648       2.6289
    4649       2.6973
    4650       2.6765
    4651       2.7777
    4652       2.8415
    4653       2.8791
    4654       3.1168
    4655       3.0659
    4656       2.8791
    4657       2.9949
    4658       3.2256
    4659       3.1451
    4660       3.3124
    4661       3.1908
    4662       3.2042
    4663       3.2869
    4664       3.3511
    4665       3.3550
    4666       3.2680
    4667       3.2909
    4668       2.9866
    4669       3.0710
    4670       3.3884
    4671       3.1013
    4672       3.0290
    4673       3.0497
    4674       2.8965
    4675       2.8606
    4676       2.7169
    4677       2.7096
    4678       2.7048
    4679       2.3735
    4680       2.5040
    4681       2.5924
    4682       2.5883
    4683       2.6399
    4684       2.6180
    4685       2.5048
    4686       2.4469
    4687       2.4679
    4688       2.4465
    4689       2.5340
    4690       2.4957
    4691       2.4926
    4692       2.7059
    4693       2.6840
    4694       2.7146
    4695       2.9804
    4696       2.9113
    4697       2.9805
    4698       2.9016
    4699       2.7901
    4700       2.8144
    4701       2.8088
    4702       2.8685
    4703       2.9721
    4704       2.8898
    4705       2.9360
    4706       2.9071
    4707       2.8349
    4708       2.9109
    4709       2.7497
    4710       2.5016
    4711       2.6040
    4712       2.2571
    4713       2.2247
    4714       2.3582
    4715       2.1877
    4716       2.2787
    4717       2.3876
    4718       2.1366
    4719       2.1924
    4720       2.3841
    4721       2.5182
    4722       2.4882
    4723       2.5493
    4724       2.5471
    4725       2.3787
    4726       2.4168
    4727       2.4756
    4728       2.3420
    4729       2.3266
    4730       2.4084
    4731       2.1922
    4732       2.1739
    4733       2.1627
    4734       2.2616
    4735       2.4979
    4736       2.5799
    4737       2.5558
    4738       2.7141
    4739       2.7257
    4740       2.7343
    4741       2.7664
    4742       2.5857
    4743       2.6333
    4744       2.7295
    4745       2.6054
    4746       2.5108
    4747       2.7388
    4748       2.6500
    4749       2.7687
    4750       2.6029
    4751       2.7548
    4752       2.7090
    4753       2.8663
    4754       2.7304
    4755       2.6852
    4756       2.6171
    4757       2.4663
    4758       2.5507
    4759       2.5159
    4760       2.6180
    4761       2.6589
    4762       2.6720
    4763       2.6287
    4764       2.6479
    4765       2.5191
    4766       2.5290
    4767       2.4769
    4768       2.4230
    4769       2.4258
    4770       2.5369
    4771       2.6908
    4772       2.7537
    4773       2.6618
    4774       2.4847
    4775       2.2698
    4776       2.3159
    4777       2.4557
    4778       2.4243
    4779       2.4355
    4780       2.2067
    4781       2.2557
    4782       2.1952
    4783       2.0792
    4784       2.1849
    4785       2.2558
    4786       2.2665
    4787       2.1583
    4788       2.2115
    4789       2.2374
    4790       2.3239
    4791       2.4444
    4792       2.3926
    4793       2.1436
    4794       2.3117
    4795       2.2774
    4796       2.3411
    4797       2.3569
    4798       2.2864
    4799       2.3313
    4800       2.2332
    4801       2.4180
    4802       2.3865
    4803       2.3575
    4804       2.3965
    4805       2.3958
    4806       2.4768
    4807       2.5141
    4808       2.6578
    4809       2.5623
    4810       2.7439
    4811       2.5028
    4812       2.6680
    4813       2.7178
    4814       2.6065
    4815       2.5948
    4816       2.5130
    4817       2.4088
    4818       2.5234
    4819       2.6368
    4820       2.5776
    4821       2.6969
    4822       2.6317
    4823       2.4181
    4824       2.3598
    4825       2.4272
    4826       2.4647
    4827       2.4177
    4828       2.4151
    4829       2.5471
    4830       2.4320
    4831       2.3937
    4832       2.3736
    4833       2.4551
    4834       2.2213
    4835       2.5033
    4836       2.3694
    4837       2.3191
    4838       2.4343
    4839       2.2700
    4840       2.1694
    4841       2.4151
    4842       2.4343
    4843       2.4767
    4844       2.5355
    4845       2.4962
    4846       2.6128
    4847       2.4935
    4848       2.6552
    4849       2.6635
    4850       2.7612
    4851       2.8645
    4852       2.7674
    4853       2.6353
    4854       2.6235
    4855       2.5143
    4856       2.4405
    4857       2.3521
    4858       2.4909
    4859       2.4212
    4860       2.5490
    4861       2.4281
    4862       2.2834
    4863       2.5594
    4864       2.5486
    4865       2.4953
    4866       2.4029
    4867       2.3952
    4868       2.4490
    4869       2.4141
    4870       2.4078
    4871       2.4940
    4872       2.3431
    4873       2.2909
    4874       2.2477
    4875       2.1091
    4876       2.1668
    4877       2.4252
    4878       2.1681
    4879       2.3422
    4880       2.4783
    4881       2.7280
    4882       2.6878
    4883       2.5943
    4884       2.2675
    4885       2.3262
    4886       2.3391
    4887       2.2989
    4888       2.1598
    4889       2.2236
    4890       2.1352
    4891       2.1840
    4892       2.2467
    4893       2.2741
    4894       2.1320
    4895       2.0508
    4896       2.1196
    4897       2.3541
    4898       2.2444
    4899       2.1932
    4900       2.3421
    4901       2.2771
    4902       2.2550
    4903       2.3272
    4904       2.4312
    4905       2.4114
    4906       2.5629
    4907       2.7399
    4908       2.7473
    4909       2.6526
    4910       2.8740
    4911       2.9855
    4912       2.8430
    4913       2.7362
    4914       2.7729
    4915       2.6687
    4916       2.6598
    4917       2.5261
    4918       2.4476
    4919       2.4891
    4920       2.4610
    4921       2.4880
    4922       2.4718
    4923       2.5368
    4924       2.4916
    4925       2.3542
    4926       2.4364
    4927       2.5348
    4928       2.6090
    4929       2.4949
    4930       2.6025
    4931       2.5946
    4932       2.6146
    4933       2.4728
    4934       2.5746
    4935       2.7224
    4936       2.7588
    4937       2.7359
    4938       2.9099
    4939       2.8328
    4940       2.7275
    4941       2.7346
    4942       2.6335
    4943       2.5715
    4944       2.3575
    4945       2.5769
    4946       2.6153
    4947       2.5396
    4948       2.5863
    4949       2.5353
    4950       2.3543
    4951       2.5039
    4952       2.4246
    4953       2.6989
    4954       2.8673
    4955       2.8361
    4956       2.6623
    4957       2.7086
    4958       2.6091
    4959       2.6929
    4960       2.8966
    4961       2.7920
    4962       2.7949
    4963       2.8694
    4964       2.6836
    4965       2.6752
    4966       2.5180
    4967       2.4443
    4968       2.2407
    4969       2.4743
    4970       2.4416
    4971       2.4143
    4972       2.5684
    4973       2.4822
    4974       2.4683
    4975       2.4583
    4976       2.3481
    4977       2.3084
    4978       2.4327
    4979       2.4302
    4980       2.7013
    4981       2.4669
    4982       2.3574
    4983       2.4252
    4984       2.3124
    4985       2.2737
    4986       2.4167
    4987       2.5472
    4988       2.6863
    4989       2.7554
    4990       2.6949
    4991       2.7650
    4992       2.6090
    4993       2.4891
    4994       2.5169
    4995       2.6059
    4996       2.4720
    4997       2.5187
    4998       2.6277
    4999       2.6439
    5000       2.7776
    5001       2.9348
    5002       2.8195
    5003       2.9164
    5004       3.0436
    5005       2.7780
    5006       2.8260
    5007       3.0028
    5008       3.0750
    5009       2.8338
    5010       3.0154
    5011       2.9488
    5012       2.9020
    5013       2.7827
    5014       2.8062
    5015       2.6978
    5016       2.7959
    5017       2.9372
    5018       2.9547
    5019       2.8722
    5020       2.6840
    5021       2.6201
    5022       2.6461
    5023       2.5541
    5024       2.4905
    5025       2.5503
    5026       2.6488
    5027       2.8134
    5028       2.8216
    5029       2.7537
    5030       2.6007
    5031       2.4572
    5032       2.4331
    5033       2.5054
    5034       2.5345
    5035       2.6475
    5036       2.8149
    5037       2.5102
    5038       2.6690
    5039       2.3722
    5040       2.2829
    5041       2.3794
    5042       2.4258
    5043       2.6679
    5044       2.5511
    5045       2.6635
    5046       2.7703
    5047       2.8442
    5048       2.7158
    5049       2.8373
    5050       2.9550
    5051       2.7552
    5052       2.7539
    5053       2.8850
    5054       2.8992
    5055       2.8603
    5056       2.7991
    5057       2.7336
    5058       2.6308
    5059       2.6811
    5060       2.5637
    5061       2.6892
    5062       2.5702
    5063       2.5515
    5064       2.5287
    5065       2.5649
    5066       2.6823
    5067       2.5916
    5068       2.5587
    5069       2.4811
    5070       2.5899
    5071       2.7008
    5072       2.6637
    5073       2.6939
    5074       2.4606
    5075       2.6105
    5076       2.6358
    5077       2.6610
    5078       2.6345
    5079       2.5075
    5080       2.6023
    5081       2.4913
    5082       2.5788
    5083       2.5777
    5084       2.7307
    5085       2.7626
    5086       2.6664
    5087       2.6735
    5088       2.5195
    5089       2.4803
    5090       2.3137
    5091       2.4991
    5092       2.6312
    5093       2.6813
    5094       2.7843
    5095       2.7804
    5096       2.7214
    5097       2.5979
    5098       2.5079
    5099       2.7012
    5100       2.7108
    5101       2.7904
    5102       2.5829
    5103       2.3463
    5104       2.3397
    5105       2.2310
    5106       2.2249
    5107       2.2234
    5108       2.2691
    5109       2.3978
    5110       2.4786
    5111       2.3125
    5112       2.3382
    5113       2.3742
    5114       2.5235
    5115       2.2967
    5116       2.2474
    5117       2.3814
    5118       2.3045
    5119       2.4508
    5120       2.4809
    5121       2.7690
    5122       2.5641
    5123       2.6220
    5124       2.6633
    5125       2.5992
    5126       2.6429
    5127       2.6110
    5128       2.5646
    5129       2.3942
    5130       2.3084
    5131       2.3320
    5132       2.4702
    5133       2.4243
    5134       2.3978
    5135       2.4662
    5136       2.6049
    5137       2.5139
    5138       2.5499
    5139       2.5373
    5140       2.6386
    5141       2.6833
    5142       2.7724
    5143       2.6860
    5144       2.6617
    5145       2.7983
    5146       2.8322
    5147       2.8760
    5148       2.8809
    5149       2.8113
    5150       2.8670
    5151       3.0187
    5152       3.1030
    5153       3.1299
    5154       2.9673
    5155       2.7304
    5156       2.9121
    5157       2.9742
    5158       2.8743
    5159       2.8150
    5160       2.7711
    5161       2.7566
    5162       2.7754
    5163       2.7036
    5164       2.5235
    5165       2.4422
    5166       2.4773
    5167       2.2992
    5168       2.3211
    5169       2.3956
    5170       2.3496
    5171       2.3471
    5172       2.2739
    5173       2.3842
    5174       2.5025
    5175       2.3494
    5176       2.2614
    5177       2.3451
    5178       2.2915
    5179       2.4818
    5180       2.5057
    5181       2.7021
    5182       2.6660
    5183       2.3875
    5184       2.4030
    5185       2.5277
    5186       2.5395
    5187       2.6021
    5188       2.6422
    5189       2.3904
    5190       2.6520
    5191       2.7178
    5192       2.5946
    5193       2.7494
    5194       2.5978
    5195       2.4875
    5196       2.3336
    5197       2.5177
    5198       2.6305
    5199       2.6100
    5200       2.5852
    5201       2.7545
    5202       2.7335
    5203       2.5771
    5204       2.5188
    5205       2.6259
    5206       2.5039
    5207       2.2965
    5208       2.4329
    5209       2.6840
    5210       2.5914
    5211       2.7353
    5212       2.7843
    5213       2.8516
    5214       2.9761
    5215       2.9604
    5216       3.1662
    5217       3.1360
    5218       3.0984
    5219       2.7776
    5220       2.9105
    5221       3.0342
    5222       2.8646
    5223       2.8767
    5224       2.7553
    5225       2.5925
    5226       2.3511
    5227       2.2929
    5228       2.4531
    5229       2.3268
    5230       2.2483
    5231       2.1064
    5232       1.9577
    5233       2.0986
    5234       2.3795
    5235       2.3291
    5236       2.2792
    5237       2.2390
    5238       2.2164
    5239       2.1925
    5240       2.0168
    5241       2.1339
    5242       2.2100
    5243       2.0622
    5244       1.8780
    5245       1.7623
    5246       1.7814
    5247       1.7542
    5248       1.7834
    5249       1.8306
    5250       1.6719
    5251       1.7218
    5252       1.7622
    5253       1.8265
    5254       1.7298
    5255       1.8019
    5256       1.8448
    5257       1.9707
    5258       2.0162
    5259       2.0553
    5260       1.9401
    5261       2.0122
    5262       2.1337
    5263       2.1752
    5264       2.2002
    5265       2.1118
    5266       2.0489
    5267       2.0406
    5268       1.9339
    5269       2.0084
    5270       1.8688
    5271       1.7173
    5272       1.7209
    5273       1.7121
    5274       1.8444
    5275       1.8731
    5276       1.8943
    5277       1.9088
    5278       1.7541
    5279       1.9088
    5280       1.8890
    5281       2.1213
    5282       2.0809
    5283       2.1412
    5284       2.2324
    5285       2.2896
    5286       2.3782
    5287       2.3918
    5288       2.3376
    5289       2.4804
    5290       2.4700
    5291       2.4238
    5292       2.2888
    5293       2.4006
    5294       2.3915
    5295       2.2907
    5296       2.2832
    5297       2.3053
    5298       2.2879
    5299       2.4876
    5300       2.2593
    5301       2.3038
    5302       2.3314
    5303       2.3695
    5304       2.3948
    5305       2.1765
    5306       2.3739
    5307       2.2810
    5308       2.2214
    5309       2.3197
    5310       2.3791
    5311       2.3632
    5312       2.4248
    5313       2.6079
    5314       2.4852
    5315       2.4861
    5316       2.5717
    5317       2.6005
    5318       2.6163
    5319       2.7067
    5320       2.6589
    5321       2.6222
    5322       2.5647
    5323       2.4074
    5324       2.6099
    5325       2.4957
    5326       2.5363
    5327       2.5355
    5328       2.3491
    5329       2.2225
    5330       2.3457
    5331       2.1648
    5332       2.0890
    5333       2.1317
    5334       2.2382
    5335       2.2299
    5336       2.2642
    5337       2.1989
    5338       2.0429
    5339       2.0697
    5340       2.1912
    5341       2.2967
    5342       2.1333
    5343       2.2660
    5344       2.4166
    5345       2.3791
    5346       2.4480
    5347       2.3713
    5348       2.3281
    5349       2.6348
    5350       2.6017
    5351       2.7302
    5352       2.7765
    5353       2.7823
    5354       2.6915
    5355       2.5170
    5356       2.6425
    5357       2.5962
    5358       2.8218
    5359       2.6490
    5360       2.8606
    5361       2.6999
    5362       2.8398
    5363       2.7838
    5364       2.6548
    5365       2.6199
    5366       2.6630
    5367       2.5956
    5368       2.5258
    5369       2.4735
    5370       2.3742
    5371       2.2972
    5372       2.2815
    5373       2.2906
    5374       2.3604
    5375       2.3351
    5376       2.3880
    5377       2.3339
    5378       2.5992
    5379       2.5496
    5380       2.4618
    5381       2.5038
    5382       2.3579
    5383       2.2669
    5384       2.2913
    5385       2.6535
    5386       2.4994
    5387       2.6411
    5388       2.6499
    5389       2.6321
    5390       2.8428
    5391       2.6947
    5392       2.5804
    5393       2.6193
    5394       2.4477
    5395       2.5382
    5396       2.5017
    5397       2.6893
    5398       2.6957
    5399       2.7328
    5400       2.8073
    5401       2.8882
    5402       3.0089
    5403       3.0837
    5404       2.7035
    5405       2.8253
    5406       2.7144
    5407       2.6879
    5408       2.7340
    5409       2.8603
    5410       2.6380
    5411       2.6870
    5412       2.7507
    5413       2.7018
    5414       2.6575
    5415       2.5401
    5416       2.6301
    5417       2.5205
    5418       2.5487
    5419       2.5977
    5420       2.7097
    5421       2.5035
    5422       2.6103
    5423       2.7352
    5424       2.7821
    5425       2.6812
    5426       2.7187
    5427       2.7054
    5428       2.7936
    5429       2.5704
    5430       2.8708
    5431       2.7004
    5432       2.7483
    5433       2.6483
    5434       2.5623
    5435       2.5539
    5436       2.4936
    5437       2.3822
    5438       2.5289
    5439       2.4907
    5440       2.3892
    5441       2.3985
    5442       2.4497
    5443       2.5281
    5444       2.4756
    5445       2.6262
    5446       2.3200
    5447       2.5318
    5448       2.1294
    5449       2.2538
    5450       2.3161
    5451       2.3445
    5452       2.3234
    5453       2.4375
    5454       2.5270
    5455       2.6158
    5456       2.8034
    5457       2.8505
    5458       2.9814
    5459       3.0667
    5460       3.1092
    5461       3.0828
    5462       3.2762
    5463       3.2318
    5464       3.1741
    5465       3.3667
    5466       3.0722
    5467       3.0948
    5468       3.1700
    5469       3.3822
    5470       3.2637
    5471       3.2680
    5472       3.1447
    5473       3.0930
    5474       2.9364
    5475       3.0414
    5476       2.9640
    5477       3.0529
    5478       2.7637
    5479       2.7975
    5480       2.7758
    5481       2.7370
    5482       2.6530
    5483       2.6637
    5484       2.6234
    5485       2.4731
    5486       2.5443
    5487       2.5385
    5488       2.3985
    5489       2.5494
    5490       2.5103
    5491       2.4648
    5492       2.6852
    5493       2.4727
    5494       2.4918
    5495       2.6821
    5496       2.6834
    5497       2.6088
    5498       2.7299
    5499       2.6512
    5500       2.7113
    5501       2.8540
    5502       3.0198
    5503       2.9641
    5504       2.8772
    5505       2.8006
    5506       2.7429
    5507       2.6244
    5508       2.8437
    5509       2.7021
    5510       2.4736
    5511       2.2708
    5512       2.3372
    5513       2.4956
    5514       2.3558
    5515       2.4350
    5516       2.3451
    5517       2.5384
    5518       2.4916
    5519       2.3759
    5520       2.4729
    5521       2.2720
    5522       2.5513
    5523       2.5685
    5524       2.7339
    5525       2.6256
    5526       2.5059
    5527       2.6790
    5528       2.6508
    5529       2.6381
    5530       2.5493
    5531       2.5130
    5532       2.4202
    5533       2.4118
    5534       2.5090
    5535       2.4212
    5536       2.7092
    5537       2.6265
    5538       2.6169
    5539       2.6858
    5540       2.4953
    5541       2.7750
    5542       2.8074
    5543       2.6471
    5544       2.5601
    5545       2.5175
    5546       2.4236
    5547       2.3552
    5548       2.4489
    5549       2.3275
    5550       2.3461
    5551       2.4040
    5552       2.2796
    5553       2.2567
    5554       2.3642
    5555       2.2966
    5556       2.2570
    5557       2.2134
    5558       2.2829
    5559       2.3888
    5560       2.4887
    5561       2.2820
    5562       2.2813
    5563       2.4237
    5564       2.1905
    5565       2.2717
    5566       2.5253
    5567       2.5039
    5568       2.4684
    5569       2.5773
    5570       2.2993
    5571       2.0712
    5572       2.1910
    5573       2.2417
    5574       2.3668
    5575       2.3028
    5576       2.4512
    5577       2.5600
    5578       2.4735
    5579       2.7090
    5580       2.9273
    5581       2.7913
    5582       2.6548
    5583       2.7577
    5584       2.8777
    5585       2.9661
    5586       2.9798
    5587       2.6471
    5588       2.3795
    5589       2.6204
    5590       2.4530
    5591       2.5165
    5592       2.4982
    5593       2.5147
    5594       2.4097
    5595       2.4074
    5596       2.3039
    5597       2.2842
    5598       2.3041
    5599       2.5582
    5600       2.6566
    5601       2.5785
    5602       2.5520
    5603       2.8956
    5604       2.6847
    5605       2.6559
    5606       2.5275
    5607       2.3548
    5608       2.3087
    5609       2.2601
    5610       2.3602
    5611       2.2231
    5612       2.1756
    5613       2.2336
    5614       2.2545
    5615       2.0782
    5616       2.4499
    5617       2.3565
    5618       2.2689
    5619       2.2851
    5620       2.3622
    5621       2.1804
    5622       2.1483
    5623       2.2191
    5624       2.4672
    5625       2.6213
    5626       2.4818
    5627       2.2795
    5628       2.2638
    5629       2.3196
    5630       2.5567
    5631       2.6233
    5632       2.7864
    5633       2.4190
    5634       2.5750
    5635       2.6186
    5636       2.5655
    5637       2.5558
    5638       2.4679
    5639       2.4311
    5640       2.4584
    5641       2.5844
    5642       2.6123
    5643       2.5164
    5644       2.4983
    5645       2.5962
    5646       2.7537
    5647       2.8196
    5648       2.6833
    5649       2.8071
    5650       2.9793
    5651       2.8428
    5652       2.8045
    5653       2.6356
    5654       2.5169
    5655       2.7092
    5656       2.8351
    5657       2.8398
    5658       2.8808
    5659       2.9124
    5660       2.8211
    5661       2.8161
    5662       2.6920
    5663       2.8446
    5664       2.7415
    5665       2.8075
    5666       2.6783
    5667       2.7962
    5668       2.7593
    5669       2.8886
    5670       2.7648
    5671       2.7040
    5672       2.5703
    5673       2.6305
    5674       2.6917
    5675       2.5347
    5676       2.6377
    5677       2.7147
    5678       2.7251
    5679       2.8129
    5680       2.7021
    5681       2.7588
    5682       2.8586
    5683       2.7771
    5684       2.9942
    5685       2.9916
    5686       3.0141
    5687       3.0852
    5688       3.1386
    5689       3.2336
    5690       3.3149
    5691       3.2861
    5692       3.0409
    5693       2.8592
    5694       2.8716
    5695       2.5575
    5696       2.8342
    5697       2.6959
    5698       2.5681
    5699       2.6225
    5700       2.7325
    5701       2.5823
    5702       2.5835
    5703       2.5074
    5704       2.6141
    5705       2.6498
    5706       2.8915
    5707       2.7064
    5708       2.6045
    5709       2.8437
    5710       2.7970
    5711       2.6475
    5712       2.7935
    5713       2.7687
    5714       2.7826
    5715       2.7914
    5716       2.8526
    5717       2.8786
    5718       2.9719
    5719       3.0993
    5720       3.0268
    5721       3.0680
    5722       3.0202
    5723       3.0265
    5724       2.9247
    5725       2.7902
    5726       3.0129
    5727       3.0757
    5728       2.9114
    5729       2.9994
    5730       2.9266
    5731       2.9445
    5732       2.7441
    5733       2.8608
    5734       2.9608
    5735       2.8726
    5736       2.8659
    5737       2.9032
    5738       2.9152
    5739       2.7455
    5740       2.5599
    5741       2.4177
    5742       2.4775
    5743       2.5178
    5744       2.4975
    5745       2.4792
    5746       2.5154
    5747       2.4876
    5748       2.5047
    5749       2.6793
    5750       2.6896
    5751       2.5123
    5752       2.4084
    5753       2.3346
    5754       2.4238
    5755       2.5311
    5756       2.6034
    5757       2.7540
    5758       2.5961
    5759       2.6111
    5760       2.6649
    5761       2.7100
    5762       2.7986
    5763       2.8330
    5764       2.8105
    5765       2.7378
    5766       2.7868
    5767       2.7258
    5768       2.8086
    5769       2.6728
    5770       2.6816
    5771       2.7315
    5772       2.7478
    5773       2.6547
    5774       2.6424
    5775       2.4575
    5776       2.5002
    5777       2.4659
    5778       2.7014
    5779       2.6227
    5780       2.7809
    5781       2.9425
    5782       3.1417
    5783       3.0235
    5784       2.9145
    5785       2.8419
    5786       2.9822
    5787       2.7924
    5788       2.9886
    5789       2.9732
    5790       2.9494
    5791       2.9585
    5792       3.1486
    5793       3.1317
    5794       3.2373
    5795       3.0208
    5796       3.0695
    5797       2.6487
    5798       2.7562
    5799       2.9134
    5800       2.8462
    5801       2.8524
    5802       3.0320
    5803       3.0858
    5804       3.0339
    5805       3.2773
    5806       3.1385
    5807       3.3087
    5808       3.1379
    5809       3.2280
    5810       3.2943
    5811       3.2004
    5812       3.2663
    5813       3.1612
    5814       3.0560
    5815       2.9974
    5816       2.9069
    5817       3.1623
    5818       3.1778
    5819       3.4433
    5820       3.3928
    5821       3.3871
    5822       3.2054
    5823       3.3618
    5824       3.4915
    5825       3.2846
    5826       3.0710
    5827       2.9014
    5828       2.7749
    5829       2.8258
    5830       2.9651
    5831       2.8843
    5832       2.9012
    5833       2.8713
    5834       2.7443
    5835       2.6960
    5836       2.6991
    5837       2.7333
    5838       2.7752
    5839       2.6978
    5840       2.4279
    5841       2.4312
    5842       2.3767
    5843       2.4565
    5844       2.5213
    5845       2.5920
    5846       2.6599
    5847       2.6206
    5848       2.5850
    5849       2.5987
    5850       2.5202
    5851       2.4400
    5852       2.4807
    5853       2.5408
    5854       2.6046
    5855       2.5595
    5856       2.5533
    5857       2.5656
    5858       2.4584
    5859       2.6455
    5860       2.6860
    5861       2.6773
    5862       2.4341
    5863       2.4989
    5864       2.6740
    5865       2.7346
    5866       2.9335
    5867       2.7883
    5868       2.7971
    5869       2.7666
    5870       2.7613
    5871       2.7301
    5872       2.8137
    5873       2.7768
    5874       2.7874
    5875       2.8715
    5876       2.9117
    5877       2.7321
    5878       2.7695
    5879       2.8568
    5880       2.7143
    5881       2.7670
    5882       2.9035
    5883       2.8638
    5884       2.8653
    5885       2.8659
    5886       2.5891
    5887       2.4049
    5888       2.2834
    5889       2.2949
    5890       2.3977
    5891       2.4061
    5892       2.3749
    5893       2.4027
    5894       2.4312
    5895       2.6012
    5896       2.4821
    5897       2.6874
    5898       2.7518
    5899       2.5414
    5900       2.5443
    5901       2.3444
    5902       2.5770
    5903       2.5169
    5904       2.5299
    5905       2.6927
    5906       2.8714
    5907       3.0397
    5908       3.1709
    5909       3.0468
    5910       3.2048
    5911       3.0549
    5912       2.8704
    5913       2.8486
    5914       2.7635
    5915       2.7449
    5916       2.4344
    5917       2.5623
    5918       2.7751
    5919       2.6959
    5920       2.5766
    5921       2.8507
    5922       2.8876
    5923       2.9388
    5924       2.8227
    5925       2.6496
    5926       2.6801
    5927       2.8026
    5928       2.6968
    5929       2.6981
    5930       2.6318
    5931       2.6209
    5932       2.6529
    5933       2.9049
    5934       2.8694
    5935       2.6670
    5936       2.6618
    5937       2.6914
    5938       2.5736
    5939       2.6990
    5940       2.7014
    5941       2.6585
    5942       2.8089
    5943       2.8381
    5944       2.7412
    5945       2.8947
    5946       2.8105
    5947       2.9015
    5948       3.0049
    5949       3.0656
    5950       2.9525
    5951       2.7693
    5952       2.9039
    5953       2.8602
    5954       2.7199
    5955       2.6041
    5956       2.9866
    5957       2.9541
    5958       2.9201
    5959       2.9039
    5960       2.9750
    5961       3.0521
    5962       2.8612
    5963       2.8774
    5964       2.7804
    5965       2.5452
    5966       2.6261
    5967       2.6316
    5968       2.4390
    5969       2.5286
    5970       2.5720
    5971       2.7130
    5972       2.6511
    5973       2.6226
    5974       2.5694
    5975       2.8072
    5976       2.7917
    5977       3.0537
    5978       2.9038
    5979       3.0082
    5980       3.0031
    5981       3.0388
    5982       2.9149
    5983       2.7841
    5984       2.8153
    5985       2.5949
    5986       2.5493
    5987       2.6805
    5988       2.6516
    5989       2.6647
    5990       2.6482
    5991       2.6515
    5992       2.7246
    5993       2.6413
    5994       2.7587
    5995       2.7503
    5996       2.8716
    5997       2.9044
    5998       2.9000
    5999       2.9227
    6000       2.7704
    6001       2.7428
    6002       2.7552
    6003       2.6089
    6004       2.8068
    6005       2.7925
    6006       2.9080
    6007       2.6000
    6008       2.5032
    6009       2.6279
    6010       2.6087
    6011       2.5250
    6012       2.5288
    6013       2.5031
    6014       2.4532
    6015       2.5139
    6016       2.4942
    6017       2.3879
    6018       2.2157
    6019       2.2012
    6020       2.3655
    6021       2.1771
    6022       2.2753
    6023       2.3870
    6024       2.2130
    6025       2.2357
    6026       2.3952
    6027       2.4605
    6028       2.5258
    6029       2.3848
    6030       2.4868
    6031       2.6353
    6032       2.6173
    6033       2.4275
    6034       2.3570
    6035       2.3785
    6036       2.5141
    6037       2.3989
    6038       2.1661
    6039       2.3425
    6040       2.3978
    6041       2.5248
    6042       2.6529
    6043       2.4879
    6044       2.4475
    6045       2.1547
    6046       2.2170
    6047       2.3220
    6048       2.4003
    6049       2.5606
    6050       2.6650
    6051       2.5920
    6052       2.7602
    6053       2.6954
    6054       2.5653
    6055       2.4880
    6056       2.5833
    6057       2.6009
    6058       2.5721
    6059       2.8270
    6060       2.7602
    6061       2.6553
    6062       2.6043
    6063       2.5782
    6064       2.7159
    6065       2.7027
    6066       2.8196
    6067       2.7350
    6068       2.7363
    6069       2.8623
    6070       2.6675
    6071       2.5604
    6072       2.2810
    6073       2.2783
    6074       2.3414
    6075       2.3160
    6076       2.4244
    6077       2.4840
    6078       2.5385
    6079       2.5991
    6080       2.4740
    6081       2.5340
    6082       2.2305
    6083       2.1296
    6084       2.1414
    6085       2.4237
    6086       2.3920
    6087       2.3646
    6088       2.3430
    6089       2.4301
    6090       2.2574
    6091       2.2009
    6092       2.1530
    6093       2.1430
    6094       2.0165
    6095       2.1602
    6096       2.0131
    6097       2.0070
    6098       1.9786
    6099       2.0198
    6100       2.0961
    6101       2.1349
    6102       2.2757
    6103       2.2422
    6104       2.0780
    6105       2.0261
    6106       1.9311
    6107       2.0094
    6108       2.2415
    6109       2.2143
    6110       2.3622
    6111       2.2812
    6112       2.3733
    6113       2.3497
    6114       2.1184
    6115       2.2609
    6116       2.1860
    6117       2.1954
    6118       2.0135
    6119       2.1021
    6120       2.2725
    6121       2.3293
    6122       2.1962
    6123       2.0880
    6124       2.0628
    6125       2.1914
    6126       2.4075
    6127       2.4433
    6128       2.6116
    6129       2.6121
    6130       2.2848
    6131       2.5091
    6132       2.4299
    6133       2.4564
    6134       2.2085
    6135       2.0765
    6136       2.3702
    6137       2.3676
    6138       2.4230
    6139       2.2662
    6140       2.3423
    6141       2.3774
    6142       2.4423
    6143       2.4069
    6144       2.4517
    6145       2.4756
    6146       2.3715
    6147       2.1413
    6148       2.1453
    6149       2.1870
    6150       2.2085
    6151       2.2236
    6152       2.4540
    6153       2.5076
    6154       2.5578
    6155       2.6536
    6156       2.4269
    6157       2.5005
    6158       2.6998
    6159       2.6743
    6160       2.7615
    6161       2.8318
    6162       2.7285
    6163       2.6785
    6164       2.6709
    6165       2.4786
    6166       2.4348
    6167       2.5580
    6168       2.4406
    6169       2.3704
    6170       2.3570
    6171       2.4118
    6172       2.5331
    6173       2.4971
    6174       2.4312
    6175       2.4953
    6176       2.5185
    6177       2.4355
    6178       2.4472
    6179       2.4606
    6180       2.5067
    6181       2.2629
    6182       2.3298
    6183       2.4006
    6184       2.4921
    6185       2.6484
    6186       2.5316
    6187       2.4682
    6188       2.6548
    6189       2.6597
    6190       2.6468
    6191       2.7747
    6192       2.5786
    6193       2.6942
    6194       2.6220
    6195       2.3875
    6196       2.6119
    6197       2.5674
    6198       2.7403
    6199       2.5585
    6200       2.9264
    6201       2.7946
    6202       2.6106
    6203       2.6605
    6204       2.6338
    6205       2.4995
    6206       2.6004
    6207       2.8081
    6208       2.5779
    6209       2.6287
    6210       2.6874
    6211       2.7242
    6212       2.9477
    6213       2.7643
    6214       2.8149
    6215       2.7387
    6216       2.7798
    6217       2.7471
    6218       2.8301
    6219       2.5299
    6220       2.5671
    6221       2.4642
    6222       2.6316
    6223       2.5369
    6224       2.4946
    6225       2.5640
    6226       2.3851
    6227       2.5083
    6228       2.4413
    6229       2.5247
    6230       2.5840
    6231       2.7224
    6232       2.7365
    6233       2.8489
    6234       2.6051
    6235       2.5352
    6236       2.6630
    6237       2.4335
    6238       2.6255
    6239       2.5198
    6240       2.5975
    6241       2.5200
    6242       2.2982
    6243       2.4750
    6244       2.6164
    6245       2.4655
    6246       2.3206
    6247       2.4501
    6248       2.4200
    6249       2.4465
    6250       2.5551
    6251       2.4399
    6252       2.6688
    6253       2.6850
    6254       2.6967
    6255       2.7096
    6256       2.3595
    6257       2.3194
    6258       2.1707
    6259       2.4588
    6260       2.6607
    6261       2.4626
    6262       2.5352
    6263       2.7280
    6264       2.5737
    6265       2.6803
    6266       2.7173
    6267       2.6083
    6268       2.5242
    6269       2.3697
    6270       2.3593
    6271       2.3556
    6272       2.6489
    6273       2.7195
    6274       2.9699
    6275       3.0919
    6276       2.9984
    6277       2.8684
    6278       2.7201
    6279       2.6021
    6280       2.5820
    6281       2.5783
    6282       2.4825
    6283       2.5684
    6284       2.7469
    6285       2.6945
    6286       2.5815
    6287       2.4925
    6288       2.3205
    6289       2.3417
    6290       2.3443
    6291       2.4997
    6292       2.6663
    6293       2.5492
    6294       2.6229
    6295       2.7864
    6296       2.9407
    6297       2.9943
    6298       2.8939
    6299       2.9370
    6300       3.0283
    6301       3.0420
    6302       2.9329
    6303       2.8244
    6304       2.6897
    6305       2.5001
    6306       2.5036
    6307       2.7374
    6308       2.5902
    6309       2.7484
    6310       2.8292
    6311       3.0158
    6312       2.9511
    6313       3.0350
    6314       2.7609
    6315       2.9683
    6316       2.7911
    6317       2.7566
    6318       2.5942
    6319       2.5908
    6320       2.5538
    6321       2.6651
    6322       2.6018
    6323       2.4768
    6324       2.3033
    6325       2.2430
    6326       1.9945
    6327       2.0511
    6328       1.9954
    6329       2.1493
    6330       2.0941
    6331       2.2655
    6332       2.2039
    6333       2.1590
    6334       2.1736
    6335       1.9660
    6336       1.9466
    6337       1.8944
    6338       1.9953
    6339       1.9510
    6340       2.0527
    6341       1.9768
    6342       2.0164
    6343       2.0510
    6344       2.0603
    6345       2.2116
    6346       2.2374
    6347       2.1019
    6348       2.0879
    6349       2.0454
    6350       2.2201
    6351       2.2906
    6352       2.3478
    6353       2.2148
    6354       2.3347
    6355       2.2524
    6356       2.4731
    6357       2.4778
    6358       2.5521
    6359       2.6526
    6360       2.4638
    6361       2.2174
    6362       2.0861
    6363       2.3890
    6364       2.1873
    6365       2.1983
    6366       2.3048
    6367       2.3232
    6368       2.3260
    6369       2.3973
    6370       2.5746
    6371       2.4714
    6372       2.6164
    6373       2.3624
    6374       2.3690
    6375       2.3774
    6376       2.1830
    6377       2.1933
    6378       2.4968
    6379       2.3771
    6380       2.3822
    6381       2.3501
    6382       2.2218
    6383       2.1981
    6384       1.9560
    6385       1.9915
    6386       2.1015
    6387       2.3674
    6388       2.2602
    6389       2.3637
    6390       2.2337
    6391       2.3097
    6392       2.2938
    6393       2.3405
    6394       2.3327
    6395       2.4233
    6396       2.4543
    6397       2.3568
    6398       2.2572
    6399       2.3076
    6400       2.2826
    6401       2.0041
    6402       2.0896
    6403       2.2206
    6404       2.1128
    6405       2.2449
    6406       2.3602
    6407       2.2661
    6408       2.1867
    6409       2.0088
    6410       2.0380
    6411       1.9185
    6412       2.0551
    6413       2.0430
    6414       1.9837
    6415       1.9952
    6416       2.3344
    6417       2.5232
    6418       2.4621
    6419       2.5349
    6420       2.5667
    6421       2.6175
    6422       2.7177
    6423       2.6468
    6424       2.7129
    6425       2.7896
    6426       2.8829
    6427       2.8104
    6428       2.7023
    6429       2.5084
    6430       2.4270
    6431       2.4595
    6432       2.6148
    6433       2.6512
    6434       2.4450
    6435       2.3608
    6436       2.6587
    6437       2.5375
    6438       2.6972
    6439       2.7781
    6440       2.7828
    6441       2.6744
    6442       2.7994
    6443       2.9051
    6444       2.9035
    6445       2.7433
    6446       2.5415
    6447       2.4995
    6448       2.6477
    6449       2.7499
    6450       2.6742
    6451       2.5052
    6452       2.4891
    6453       2.5991
    6454       2.6598
    6455       2.7971
    6456       2.7846
    6457       2.8261
    6458       2.7513
    6459       2.9784
    6460       2.9436
    6461       3.1603
    6462       3.0127
    6463       2.8676
    6464       2.9785
    6465       2.8699
    6466       3.0122
    6467       3.0337
    6468       2.7704
    6469       2.9323
    6470       2.7924
    6471       2.6882
    6472       3.0730
    6473       3.0081
    6474       3.0151
    6475       2.7177
    6476       2.6112
    6477       2.7151
    6478       2.8800
    6479       2.8013
    6480       2.9176
    6481       2.7984
    6482       2.9486
    6483       2.9236
    6484       2.8675
    6485       3.0992
    6486       3.1235
    6487       2.8050
    6488       2.9393
    6489       2.8110
    6490       2.7655
    6491       2.8846
    6492       2.7929
    6493       2.6598
    6494       2.6274
    6495       2.9358
    6496       2.9356
    6497       2.9683
    6498       2.9113
    6499       3.1453
    6500       3.0961
    6501       2.8301
    6502       2.8061
    6503       2.7821
    6504       2.7416
    6505       2.8528
    6506       2.8810
    6507       2.9452
    6508       2.8748
    6509       2.5125
    6510       2.5328
    6511       2.4190
    6512       2.6076
    6513       2.6854
    6514       2.6341
    6515       2.7399
    6516       2.7999
    6517       2.8408
    6518       3.0907
    6519       3.0346
    6520       3.1044
    6521       3.1701
    6522       2.7835
    6523       2.7511
    6524       2.9115
    6525       2.8819
    6526       3.1025
    6527       3.1675
    6528       3.0551
    6529       3.1015
    6530       2.9847
    6531       2.8658
    6532       2.9367
    6533       3.1902
    6534       3.0881
    6535       2.9719
    6536       2.8585
    6537       2.6703
    6538       2.6888
    6539       2.7066
    6540       2.8644
    6541       2.9710
    6542       2.9626
    6543       2.8188
    6544       2.8666
    6545       2.6173
    6546       2.7353
    6547       2.7914
    6548       2.7768
    6549       2.7707
    6550       2.6592
    6551       2.9721
    6552       2.8441
    6553       2.7543
    6554       2.8440
    6555       3.1313
    6556       2.8989
    6557       2.5914
    6558       2.6229
    6559       2.7223
    6560       2.4213
    6561       2.5715
    6562       2.6621
    6563       2.7048
    6564       2.8976
    6565       2.6433
    6566       2.7066
    6567       2.6314
    6568       2.6654
    6569       2.6993
    6570       2.7935
    6571       2.9363
    6572       2.9918
    6573       2.9780
    6574       2.9170
    6575       2.8927
    6576       2.7446
    6577       2.9743
    6578       2.7217
    6579       2.8288
    6580       2.9137
    6581       3.0329
    6582       3.1464
    6583       3.1039
    6584       3.0260
    6585       2.7872
    6586       2.8016
    6587       2.8672
    6588       2.9609
    6589       2.7827
    6590       2.5900
    6591       2.7479
    6592       2.9667
    6593       2.8239
    6594       2.7871
    6595       3.0275
    6596       2.8473
    6597       2.9061
    6598       2.9053
    6599       2.7861
    6600       2.8221
    6601       3.0525
    6602       3.3629
    6603       3.3729
    6604       3.2658
    6605       3.2854
    6606       3.3618
    6607       3.1841
    6608       3.0209
    6609       3.0618
    6610       3.2014
    6611       3.3197
    6612       2.9659
    6613       2.9596
    6614       2.8013
    6615       2.9101
    6616       2.8772
    6617       2.9629
    6618       2.8356
    6619       2.8091
    6620       2.7861
    6621       2.9173
    6622       2.7174
    6623       2.7308
    6624       2.8592
    6625       2.8795
    6626       3.0326
    6627       3.1356
    6628       3.0333
    6629       2.8835
    6630       2.9235
    6631       2.9691
    6632       2.9806
    6633       2.9137
    6634       2.9342
    6635       3.0565
    6636       3.1216
    6637       3.1319
    6638       3.0578
    6639       3.0334
    6640       2.9467
    6641       3.0182
    6642       2.9514
    6643       2.8991
    6644       2.7644
    6645       2.7471
    6646       2.6252
    6647       2.7313
    6648       2.7880
    6649       2.7696
    6650       2.7928
    6651       2.9014
    6652       2.5992
    6653       2.6020
    6654       2.7304
    6655       2.4920
    6656       2.5651
    6657       2.5098
    6658       2.5502
    6659       2.5956
    6660       2.9476
    6661       2.9605
    6662       2.6628
    6663       2.5986
    6664       2.5049
    6665       2.5176
    6666       2.5717
    6667       2.6371
    6668       2.7329
    6669       2.7953
    6670       2.6194
    6671       2.9536
    6672       2.9746
    6673       2.8685
    6674       2.8539
    6675       2.8491
    6676       3.0062
    6677       2.9295
    6678       2.8902
    6679       2.9246
    6680       2.9291
    6681       2.8310
    6682       2.5598
    6683       2.7034
    6684       2.6180
    6685       2.5618
    6686       2.4834
    6687       2.5919
    6688       2.6691
    6689       2.6581
    6690       2.6697
    6691       2.5899
    6692       2.3817
    6693       2.3882
    6694       2.4036
    6695       2.4588
    6696       2.5762
    6697       2.4760
    6698       2.5195
    6699       2.5511
    6700       2.7293
    6701       2.7343
    6702       2.6205
    6703       2.4787
    6704       2.6181
    6705       2.4288
    6706       2.4939
    6707       2.4475
    6708       2.5324
    6709       2.6108
    6710       2.5559
    6711       2.6477
    6712       2.6379
    6713       2.6455
    6714       2.6117
    6715       2.6767
    6716       2.5916
    6717       2.7572
    6718       2.9447
    6719       2.7588
    6720       2.7124
    6721       2.6504
    6722       2.6656
    6723       2.7572
    6724       2.7424
    6725       2.8649
    6726       2.8109
    6727       2.7650
    6728       2.5581
    6729       2.6359
    6730       2.5919
    6731       2.7990
    6732       2.8960
    6733       2.8446
    6734       2.9167
    6735       2.7451
    6736       2.9166
    6737       2.7278
    6738       2.6770
    6739       2.9294
    6740       2.7013
    6741       2.5200
    6742       2.8152
    6743       2.8265
    6744       2.8467
    6745       3.0354
    6746       2.8793
    6747       2.9146
    6748       3.0778
    6749       3.0962
    6750       3.2566
    6751       3.2113
    6752       3.1358
    6753       3.1550
    6754       3.1276
    6755       2.6913
    6756       2.6438
    6757       2.8291
    6758       2.6187
    6759       2.5742
    6760       2.4665
    6761       2.5528
    6762       2.6653
    6763       2.6755
    6764       2.7627
    6765       2.9345
    6766       3.0892
    6767       3.1720
    6768       2.9821
    6769       2.9915
    6770       3.2265
    6771       2.9682
    6772       2.8321
    6773       2.9756
    6774       3.2703
    6775       3.3023
    6776       3.2219
    6777       3.4297
    6778       3.6393
    6779       3.6495
    6780       3.5378
    6781       3.4165
    6782       3.2787
    6783       3.2889
    6784       3.1084
    6785       3.0761
    6786       3.0467
    6787       3.1592
    6788       3.1069
    6789       2.9254
    6790       2.8694
    6791       2.7349
    6792       2.8207
    6793       2.8320
    6794       2.7355
    6795       2.6743
    6796       2.4706
    6797       2.5668
    6798       2.8454
    6799       2.8217
    6800       2.9262
    6801       3.0945
    6802       3.1202
    6803       3.2021
    6804       3.1609
    6805       3.0975
    6806       2.9653
    6807       3.1353
    6808       3.1854
    6809       3.0726
    6810       3.1002
    6811       3.2379
    6812       3.1478
    6813       2.9745
    6814       3.0467
    6815       3.2374
    6816       3.1654
    6817       3.4018
    6818       3.2160
    6819       3.0906
    6820       3.1083
    6821       3.0778
    6822       3.0400
    6823       2.9830
    6824       2.6248
    6825       2.6857
    6826       2.6536
    6827       2.4781
    6828       2.6279
    6829       2.7627
    6830       2.8074
    6831       2.9780
    6832       3.0189
    6833       3.0265
    6834       2.8208
    6835       2.8060
    6836       2.7087
    6837       2.7043
    6838       2.9754
    6839       2.7094
    6840       2.7981
    6841       2.8217
    6842       2.7980
    6843       3.0553
    6844       2.8860
    6845       3.0154
    6846       3.0436
    6847       3.2090
    6848       2.7990
    6849       2.9292
    6850       2.9697
    6851       2.8753
    6852       2.8777
    6853       3.0279
    6854       3.0881
    6855       2.7796
    6856       3.0096
    6857       2.9259
    6858       2.9479
    6859       3.0212
    6860       2.8786
    6861       2.9326
    6862       2.9459
    6863       2.9267
    6864       2.9611
    6865       2.6560
    6866       2.6107
    6867       2.7074
    6868       2.5885
    6869       2.5596
    6870       2.6377
    6871       2.9505
    6872       3.1335
    6873       3.2840
    6874       3.0398
    6875       2.8376
    6876       2.8315
    6877       2.9775
    6878       2.7712
    6879       2.5361
    6880       2.6116
    6881       2.7242
    6882       2.9573
    6883       2.9985
    6884       3.0737
    6885       3.0187
    6886       2.8722
    6887       2.9608
    6888       2.8077
    6889       2.7354
    6890       2.7823
    6891       2.6629
    6892       2.6448
    6893       2.7635
    6894       3.0523
    6895       3.1684
    6896       2.8511
    6897       3.0493
    6898       3.0277
    6899       3.1978
    6900       3.1398
    6901       2.7850
    6902       2.7759
    6903       2.9053
    6904       3.0599
    6905       2.8941
    6906       2.8655
    6907       2.7559
    6908       2.9124
    6909       2.8255
    6910       2.8092
    6911       2.8144
    6912       2.8562
    6913       2.6518
    6914       2.6110
    6915       2.7258
    6916       2.7315
    6917       2.9253
    6918       2.6081
    6919       2.7514
    6920       2.7535
    6921       2.7124
    6922       2.6454
    6923       2.6669
    6924       2.6155
    6925       2.5604
    6926       2.7614
    6927       2.8143
    6928       2.4460
    6929       2.6726
    6930       2.5763
    6931       2.6231
    6932       2.7751
    6933       2.8329
    6934       2.7846
    6935       2.7487
    6936       3.0533
    6937       3.1567
    6938       3.0556
    6939       2.9610
    6940       2.8457
    6941       2.9541
    6942       2.9055
    6943       2.9410
    6944       2.9793
    6945       2.8263
    6946       2.8579
    6947       2.8352
    6948       2.8389
    6949       2.9366
    6950       3.0941
    6951       3.0235
    6952       3.0689
    6953       2.8275
    6954       2.7349
    6955       2.8994
    6956       2.9730
    6957       2.7990
    6958       2.9030
    6959       2.6539
    6960       2.7328
    6961       2.7112
    6962       2.7445
    6963       2.9182
    6964       3.1727
    6965       2.9570
    6966       2.9915
    6967       2.7455
    6968       2.6223
    6969       2.6325
    6970       2.7733
    6971       2.7548
    6972       3.1225
    6973       3.0555
    6974       2.9364
    6975       3.0381
    6976       3.0096
    6977       2.9830
    6978       2.9039
    6979       2.8519
    6980       2.8885
    6981       3.1287
    6982       3.0993
    6983       3.0360
    6984       2.9607
    6985       2.9664
    6986       2.7657
    6987       2.7292
    6988       2.8272
    6989       2.6902
    6990       2.6873
    6991       2.7593
    6992       2.8693
    6993       2.9034
    6994       3.0256
    6995       2.9797
    6996       2.9276
    6997       2.9854
    6998       3.1148
    6999       3.2058
    7000       3.4848
    7001       3.2467
    7002       3.3032
    7003       3.1852
    7004       3.2333
    7005       3.2378
    7006       3.1715
    7007       2.9932
    7008       2.8543
    7009       2.9965
    7010       2.6798
    7011       2.5331
    7012       2.6169
    7013       2.5727
    7014       2.4957
    7015       2.6535
    7016       2.7416
    7017       2.7937
    7018       2.7734
    7019       2.7268
    7020       2.8947
    7021       2.8747
    7022       2.6970
    7023       2.7174
    7024       2.6163
    7025       2.7385
    7026       2.6695
    7027       2.7851
    7028       2.9146
    7029       3.0223
    7030       2.8220
    7031       2.7032
    7032       2.6121
    7033       2.7363
    7034       2.8555
    7035       2.7769
    7036       2.4986
    7037       2.4937
    7038       2.5148
    7039       2.5297
    7040       2.4152
    7041       2.5421
    7042       2.5876
    7043       2.7098
    7044       2.7374
    7045       2.8197
    7046       2.7803
    7047       2.6712
    7048       2.8249
    7049       2.8364
    7050       2.6423
    7051       2.5502
    7052       2.4721
    7053       2.5174
    7054       2.4481
    7055       2.3731
    7056       2.4341
    7057       2.4184
    7058       2.3702
    7059       2.2374
    7060       2.4333
    7061       2.3014
    7062       2.1802
    7063       2.2800
    7064       2.5114
    7065       2.5979
    7066       2.5884
    7067       2.6155
    7068       2.5982
    7069       2.7676
    7070       2.9330
    7071       2.6625
    7072       2.7408
    7073       2.7796
    7074       2.8796
    7075       2.5891
    7076       2.6978
    7077       2.4769
    7078       2.6248
    7079       2.7616
    7080       2.8990
    7081       3.0050
    7082       3.1000
    7083       3.0168
    7084       3.0200
    7085       2.9691
    7086       3.0217
    7087       2.9407
    7088       3.1962
    7089       3.3423
    7090       3.2121
    7091       3.1752
    7092       3.1815
    7093       3.1895
    7094       3.1925
    7095       3.2699
    7096       3.0904
    7097       2.8232
    7098       2.5498
    7099       2.6262
    7100       2.6849
    7101       2.7725
    7102       2.7491
    7103       2.7931
    7104       2.8108
    7105       2.6143
    7106       2.5117
    7107       2.6517
    7108       2.3966
    7109       2.3756
    7110       2.4672
    7111       2.4162
    7112       2.3686
    7113       2.5146
    7114       2.5488
    7115       2.4129
    7116       2.1928
    7117       2.2293
    7118       2.2756
    7119       2.1345
    7120       2.2150
    7121       2.1405
    7122       2.1024
    7123       2.1672
    7124       2.2550
    7125       2.2120
    7126       2.3830
    7127       2.5651
    7128       2.6688
    7129       2.7500
    7130       2.6988
    7131       2.7438
    7132       2.9972
    7133       2.7857
    7134       2.6977
    7135       2.8630
    7136       2.7858
    7137       2.7666
    7138       2.8678
    7139       2.7973
    7140       2.6784
    7141       2.7188
    7142       2.7241
    7143       2.8626
    7144       2.8882
    7145       2.9235
    7146       2.8735
    7147       2.8639
    7148       3.0440
    7149       3.0216
    7150       2.8827
    7151       2.9710
    7152       3.0300
    7153       2.9505
    7154       3.0674
    7155       2.9297
    7156       2.9060
    7157       2.9163
    7158       2.8612
    7159       2.7605
    7160       2.8637
    7161       2.9540
    7162       2.8809
    7163       2.8674
    7164       2.8607
    7165       2.8400
    7166       2.9743
    7167       3.1505
    7168       3.0535
    7169       3.1927
    7170       3.0202
    7171       3.0823
    7172       2.8301
    7173       3.2178
    7174       3.0539
    7175       3.1901
    7176       3.1307
    7177       3.2567
    7178       3.2028
    7179       3.3171
    7180       3.2437
    7181       3.1260
    7182       3.0051
    7183       2.9670
    7184       2.9555
    7185       3.1346
    7186       3.0139
    7187       3.1050
    7188       3.0946
    7189       3.2428
    7190       3.3605
    7191       3.3366
    7192       3.2711
    7193       3.1255
    7194       3.2659
    7195       3.3626
    7196       3.3664
    7197       3.2213
    7198       3.2168
    7199       3.2376
    7200       3.1320
    7201       3.0246
    7202       3.3528
    7203       3.3933
    7204       3.2625
    7205       3.1544
    7206       3.0856
    7207       3.1308
    7208       2.9614
    7209       3.1433
    7210       3.0634
    7211       3.0921
    7212       3.1508
    7213       3.0219
    7214       3.2144
    7215       2.9513
    7216       2.8199
    7217       2.8403
    7218       2.8884
    7219       3.0216
    7220       2.9392
    7221       2.8394
    7222       3.0384
    7223       2.9521
    7224       3.0029
    7225       2.9944
    7226       3.1443
    7227       3.0789
    7228       3.0106
    7229       2.9134
    7230       2.8734
    7231       2.9665
    7232       2.8795
    7233       2.8235
    7234       2.6063
    7235       2.7019
    7236       2.7829
    7237       3.0873
    7238       2.8694
    7239       2.9929
    7240       3.1131
    7241       3.1799
    7242       3.0799
    7243       2.9993
    7244       3.1860
    7245       3.2552
    7246       3.1324
    7247       3.3019
    7248       3.1380
    7249       2.8848
    7250       2.9162
    7251       3.0299
    7252       2.8652
    7253       3.0415
    7254       3.1960
    7255       3.0401
    7256       2.8767
    7257       2.9482
    7258       2.8093
    7259       2.7559
    7260       2.6025
    7261       2.8201
    7262       2.7702
    7263       2.5039
    7264       2.6495
    7265       2.6695
    7266       2.7249
    7267       2.6639
    7268       2.8795
    7269       3.0394
    7270       2.9409
    7271       2.8815
    7272       2.8528
    7273       2.9093
    7274       3.0335
    7275       2.9803
    7276       2.8554
    7277       3.0075
    7278       2.9921
    7279       3.1085
    7280       2.9611
    7281       2.8081
    7282       2.8483
    7283       2.9222
    7284       3.0849
    7285       2.9154
    7286       2.9411
    7287       3.0270
    7288       3.0702
    7289       3.0242
    7290       2.9046
    7291       2.7734
    7292       2.8929
    7293       2.8178
    7294       3.1046
    7295       2.9779
    7296       3.1263
    7297       3.0138
    7298       3.0249
    7299       2.9147
    7300       2.9202
    7301       2.9301
    7302       3.0145
    7303       2.9025
    7304       2.8908
    7305       2.7231
    7306       2.8654
    7307       2.9948
    7308       3.1131
    7309       3.0282
    7310       3.2243
    7311       3.3658
    7312       3.2922
    7313       3.1880
    7314       3.1387
    7315       3.2110
    7316       3.0347
    7317       3.1875
    7318       3.0608
    7319       3.2043
    7320       3.4891
    7321       3.2784
    7322       3.3147
    7323       3.2876
    7324       3.3006
    7325       3.3859
    7326       3.3162
    7327       3.4068
    7328       3.4930
    7329       3.4597
    7330       3.2866
    7331       3.3057
    7332       3.3919
    7333       3.4964
    7334       3.5693
    7335       3.4571
    7336       3.5950
    7337       3.5501
    7338       3.5281
    7339       3.6289
    7340       3.6265
    7341       3.7072
    7342       3.6690
    7343       3.6248
    7344       3.4485
    7345       3.4323
    7346       3.4334
    7347       3.5216
    7348       3.5423
    7349       3.8412
    7350       3.8718
    7351       3.7957
    7352       3.8795
    7353       3.8326
    7354       3.9232
    7355       3.8419
    7356       3.7628
    7357       3.4395
    7358       3.2346
    7359       3.1834
    7360       3.0447
    7361       3.0083
    7362       3.1970
    7363       3.1096
    7364       3.2259
    7365       3.2193
    7366       3.1682
    7367       3.1745
    7368       3.1721
    7369       3.2395
    7370       3.0674
    7371       3.3250
    7372       3.3256
    7373       3.2147
    7374       3.2181
    7375       3.3061
    7376       3.0930
    7377       3.1404
    7378       3.1565
    7379       3.1037
    7380       2.8564
    7381       2.9139
    7382       2.9027
    7383       2.9743
    7384       2.9207
    7385       2.8685
    7386       2.6533
    7387       2.7090
    7388       3.0095
    7389       3.2118
    7390       3.2885
    7391       3.1754
    7392       3.0684
    7393       3.1282
    7394       3.3588
    7395       3.4192
    7396       3.1673
    7397       3.0507
    7398       3.1001
    7399       2.8559
    7400       2.7852
    7401       2.9916
    7402       2.9698
    7403       2.9557
    7404       2.8867
    7405       2.7810
    7406       2.9145
    7407       3.0649
    7408       2.8845
    7409       2.8446
    7410       2.9101
    7411       2.7005
    7412       2.8178
    7413       2.5983
    7414       2.6333
    7415       2.7378
    7416       2.8511
    7417       2.5931
    7418       2.6737
    7419       2.9317
    7420       2.9997
    7421       3.1136
    7422       3.0450
    7423       2.9874
    7424       2.7784
    7425       2.9295
    7426       2.8518
    7427       2.8562
    7428       2.8352
    7429       2.9266
    7430       3.0192
    7431       3.0953
    7432       3.3259
    7433       3.3338
    7434       3.3460
    7435       3.3218
    7436       3.1084
    7437       3.0603
    7438       2.8811
    7439       2.6543
    7440       2.6385
    7441       2.7564
    7442       2.8101
    7443       2.7980
    7444       2.8816
    7445       2.9959
    7446       2.9767
    7447       2.9224
    7448       2.6961
    7449       2.8458
    7450       2.9574
    7451       2.9912
    7452       3.0443
    7453       3.0282
    7454       2.9737
    7455       2.9237
    7456       3.0910
    7457       2.9171
    7458       2.9509
    7459       2.7103
    7460       2.6917
    7461       2.8565
    7462       2.6590
    7463       2.8634
    7464       2.8842
    7465       2.8595
    7466       3.0923
    7467       2.6713
    7468       2.5288
    7469       2.4508
    7470       2.5941
    7471       2.5944
    7472       2.5501
    7473       2.8066
    7474       2.7329
    7475       2.6606
    7476       2.4648
    7477       2.6285
    7478       2.4846
    7479       2.7092
    7480       2.7326
    7481       2.6002
    7482       2.8689
    7483       2.9823
    7484       2.9735
    7485       3.0210
    7486       3.0682
    7487       3.2468
    7488       3.0160
    7489       2.6576
    7490       2.5571
    7491       2.7199
    7492       2.6512
    7493       2.4816
    7494       2.3173
    7495       2.7634
    7496       2.8857
    7497       3.0247
    7498       3.0213
    7499       2.9168
    7500       3.0451
    7501       2.8800
    7502       2.8411
    7503       2.7607
    7504       2.8134
    7505       2.8959
    7506       2.7355
    7507       2.6867
    7508       2.7991
    7509       2.7191
    7510       2.8936
    7511       2.8607
    7512       2.7878
    7513       3.0868
    7514       3.2609
    7515       3.3496
    7516       3.2138
    7517       3.0049
    7518       3.1519
    7519       3.2343
    7520       3.2666
    7521       3.3458
    7522       3.2901
    7523       3.3127
    7524       3.3215
    7525       3.3235
    7526       3.3827
    7527       3.0240
    7528       2.9139
    7529       3.1054
    7530       3.0855
    7531       3.2387
    7532       3.1974
    7533       3.2029
    7534       3.1650
    7535       3.1678
    7536       3.1135
    7537       3.2770
    7538       3.2706
    7539       3.1139
    7540       3.2822
    7541       3.2033
    7542       3.1624
    7543       3.0876
    7544       3.1185
    7545       2.8886
    7546       3.0633
    7547       3.1902
    7548       3.0602
    7549       3.1800
    7550       3.2117
    7551       3.2782
    7552       3.1492
    7553       3.2729
    7554       3.2406
    7555       3.2400
    7556       3.1525
    7557       2.9654
    7558       3.1887
    7559       3.1525
    7560       3.2374
    7561       3.0214
    7562       3.0744
    7563       2.8741
    7564       2.6596
    7565       2.5926
    7566       2.7830
    7567       2.9388
    7568       3.0433
    7569       3.0952
    7570       3.0890
    7571       3.0802
    7572       3.1593
    7573       3.3024
    7574       2.9989
    7575       3.0582
    7576       3.0897
    7577       3.0263
    7578       2.7440
    7579       2.9326
    7580       2.9459
    7581       3.0091
    7582       3.0453
    7583       2.8323
    7584       2.9603
    7585       3.1188
    7586       3.0437
    7587       3.0225
    7588       3.1235
    7589       3.2489
    7590       3.0941
    7591       3.0931
    7592       2.9011
    7593       2.7976
    7594       2.6545
    7595       2.7107
    7596       2.6742
    7597       2.4971
    7598       2.4488
    7599       2.4664
    7600       2.3808
    7601       2.4238
    7602       2.3770
    7603       2.4989
    7604       2.2687
    7605       2.3052
    7606       2.4613
    7607       2.4329
    7608       2.5120
    7609       2.7240
    7610       2.6507
    7611       2.4690
    7612       2.4824
    7613       2.4126
    7614       2.5506
    7615       2.5104
    7616       2.4380
    7617       2.2438
    7618       2.3392
    7619       2.3279
    7620       2.4485
    7621       2.4332
    7622       2.4020
    7623       2.4483
    7624       2.5141
    7625       2.4252
    7626       2.4285
    7627       2.4948
    7628       2.5702
    7629       2.5895
    7630       2.2713
    7631       2.1736
    7632       2.2429
    7633       2.3767
    7634       2.4419
    7635       2.5606
    7636       2.5977
    7637       2.5165
    7638       2.6149
    7639       2.3607
    7640       2.2711
    7641       2.2226
    7642       2.3925
    7643       2.2693
    7644       2.3969
    7645       2.2873
    7646       2.3191
    7647       2.2691
    7648       2.3501
    7649       2.3269
    7650       2.5434
    7651       2.6120
    7652       2.5198
    7653       2.4355
    7654       2.4507
    7655       2.3427
    7656       2.4669
    7657       2.4274
    7658       2.3617
    7659       2.3508
    7660       2.2916
    7661       2.0714
    7662       2.2186
    7663       2.4152
    7664       2.2014
    7665       2.3558
    7666       2.2170
    7667       2.1630
    7668       2.3081
    7669       2.2737
    7670       2.3779
    7671       2.3836
    7672       2.4519
    7673       2.5857
    7674       2.5646
    7675       2.4995
    7676       2.4362
    7677       2.4251
    7678       2.3123
    7679       2.5694
    7680       2.6072
    7681       2.5399
    7682       2.5561
    7683       2.5717
    7684       2.6924
    7685       2.6026
    7686       2.3525
    7687       2.3677
    7688       2.2471
    7689       2.2610
    7690       2.3261
    7691       2.2619
    7692       2.1951
    7693       2.2399
    7694       2.2039
    7695       2.0483
    7696       1.9623
    7697       1.8580
    7698       1.7609
    7699       1.9469
    7700       2.0668
    7701       2.0417
    7702       2.0227
    7703       2.0664
    7704       2.3229
    7705       2.3394
    7706       2.3967
    7707       2.5593
    7708       2.4994
    7709       2.2749
    7710       2.2004
    7711       2.2762
    7712       2.4683
    7713       2.5218
    7714       2.5374
    7715       2.5983
    7716       2.5177
    7717       2.6032
    7718       2.5147
    7719       2.5281
    7720       2.5660
    7721       2.5971
    7722       2.6331
    7723       2.7087
    7724       2.6750
    7725       2.5378
    7726       2.5953
    7727       2.6701
    7728       2.3963
    7729       2.4185
    7730       2.5149
    7731       2.5231
    7732       2.6418
    7733       2.7580
    7734       2.8045
    7735       3.0368
    7736       3.0258
    7737       3.0554
    7738       2.8982
    7739       2.5912
    7740       2.7443
    7741       2.7173
    7742       2.8228
    7743       2.8673
    7744       2.9938
    7745       3.0639
    7746       2.9421
    7747       2.8911
    7748       2.8626
    7749       3.2049
    7750       3.2179
    7751       3.2082
    7752       3.2048
    7753       3.0291
    7754       2.9505
    7755       2.9975
    7756       3.1365
    7757       3.0883
    7758       2.9022
    7759       2.7953
    7760       2.9150
    7761       2.8503
    7762       2.7590
    7763       2.6839
    7764       2.8346
    7765       2.7523
    7766       2.6205
    7767       2.5838
    7768       2.4518
    7769       2.3104
    7770       2.5069
    7771       2.4455
    7772       2.5344
    7773       2.7418
    7774       2.6202
    7775       2.5810
    7776       2.6875
    7777       2.8206
    7778       2.8045
    7779       2.7522
    7780       2.6847
    7781       2.7359
    7782       2.4815
    7783       2.3041
    7784       2.5317
    7785       2.6480
    7786       2.5943
    7787       2.4189
    7788       2.5905
    7789       2.6130
    7790       2.7713
    7791       2.6626
    7792       2.8465
    7793       2.6356
    7794       2.4227
    7795       2.5014
    7796       2.5016
    7797       2.5623
    7798       2.5400
    7799       2.4871
    7800       2.5432
    7801       2.5282
    7802       2.5204
    7803       2.5357
    7804       2.6492
    7805       2.7167
    7806       2.8433
    7807       2.6660
    7808       2.5572
    7809       2.7513
    7810       2.8585
    7811       2.8370
    7812       3.0539
    7813       3.0146
    7814       2.8823
    7815       2.8238
    7816       3.0657
    7817       3.0305
    7818       2.7966
    7819       2.6784
    7820       2.5488
    7821       2.5143
    7822       2.3354
    7823       2.1997
    7824       2.3626
    7825       2.4212
    7826       2.2168
    7827       2.2487
    7828       2.3291
    7829       2.1186
    7830       2.2990
    7831       2.3110
    7832       2.5735
    7833       2.5943
    7834       2.5028
    7835       2.3612
    7836       2.2246
    7837       2.3828
    7838       2.3834
    7839       2.3146
    7840       2.4682
    7841       2.4933
    7842       2.3806
    7843       2.4467
    7844       2.6023
    7845       2.8187
    7846       2.8829
    7847       3.0199
    7848       2.6358
    7849       2.5356
    7850       2.4775
    7851       2.5157
    7852       2.6516
    7853       2.3741
    7854       2.4879
    7855       2.5130
    7856       2.5006
    7857       2.5366
    7858       2.3569
    7859       2.4995
    7860       2.5490
    7861       2.6084
    7862       2.3486
    7863       2.2527
    7864       2.1603
    7865       2.1042
    7866       2.2761
    7867       2.5036
    7868       2.3946
    7869       2.5435
    7870       2.3854
    7871       2.6618
    7872       2.4746
    7873       2.3894
    7874       2.1405
    7875       2.3265
    7876       2.3861
    7877       2.3297
    7878       2.4917
    7879       2.2987
    7880       2.3271
    7881       2.3137
    7882       2.3068
    7883       2.3002
    7884       2.2849
    7885       2.2060
    7886       2.1424
    7887       2.0994
    7888       2.0107
    7889       1.9839
    7890       2.1716
    7891       2.2075
    7892       2.3384
    7893       2.2258
    7894       2.1473
    7895       2.1704
    7896       2.2295
    7897       2.3648
    7898       2.3809
    7899       2.4316
    7900       2.1831
    7901       2.1498
    7902       2.1501
    7903       2.3286
    7904       2.2060
    7905       2.3012
    7906       2.2866
    7907       2.1686
    7908       2.1449
    7909       2.2897
    7910       2.0351
    7911       2.0504
    7912       2.0201
    7913       2.1322
    7914       2.1853
    7915       2.0659
    7916       2.1955
    7917       2.1971
    7918       2.1248
    7919       2.1658
    7920       1.9738
    7921       2.1203
    7922       2.0913
    7923       2.2095
    7924       2.2062
    7925       1.9498
    7926       2.1334
    7927       2.0832
    7928       2.2957
    7929       2.3545
    7930       2.4098
    7931       2.3507
    7932       2.3163
    7933       2.3760
    7934       2.1596
    7935       2.1654
    7936       2.2289
    7937       2.1098
    7938       1.9775
    7939       2.0934
    7940       2.1679
    7941       2.1974
    7942       2.1071
    7943       2.1490
    7944       2.0731
    7945       1.9530
    7946       2.0518
    7947       2.1030
    7948       2.3319
    7949       2.3595
    7950       2.3328
    7951       2.4575
    7952       2.4104
    7953       2.3398
    7954       2.5520
    7955       2.5544
    7956       2.3968
    7957       2.3217
    7958       2.1466
    7959       2.0662
    7960       2.0652
    7961       2.1466
    7962       2.1692
    7963       2.0628
    7964       2.2666
    7965       2.4783
    7966       2.5989
    7967       2.3721
    7968       2.2210
    7969       2.1373
    7970       2.3476
    7971       2.2858
    7972       2.3590
    7973       2.4809
    7974       2.3166
    7975       2.2382
    7976       2.1951
    7977       2.1867
    7978       2.2455
    7979       2.2228
    7980       2.1180
    7981       2.0958
    7982       2.0131
    7983       2.0494
    7984       2.0457
    7985       2.0245
    7986       2.1146
    7987       2.1720
    7988       2.2062
    7989       2.2592
    7990       2.1537
    7991       2.1382
    7992       2.1719
    7993       2.0943
    7994       1.9603
    7995       2.0668
    7996       2.2268
    7997       2.0168
    7998       2.0547
    7999       2.1329
    8000       2.2066
    8001       2.3510
    8002       2.3068
    8003       2.2471
    8004       2.2411
    8005       2.0971
    8006       2.0625
    8007       1.9022
    8008       1.8818
    8009       1.9553
    8010       2.2319
    8011       2.0899
    8012       2.1127
    8013       2.0777
    8014       2.1073
    8015       2.0837
    8016       2.1098
    8017       2.1578
    8018       2.2129
    8019       2.1410
    8020       2.1809
    8021       2.2335
    8022       2.3085
    8023       2.4209
    8024       2.5342
    8025       2.4304
    8026       2.3702
    8027       2.5273
    8028       2.4570
    8029       2.5983
    8030       2.7009
    8031       2.7393
    8032       2.6735
    8033       2.8068
    8034       2.6920
    8035       2.7339
    8036       2.8630
    8037       2.8555
    8038       2.9457
    8039       2.7870
    8040       2.4196
    8041       2.3026
    8042       2.2738
    8043       2.4241
    8044       2.2759
    8045       2.4512
    8046       2.5078
    8047       2.4454
    8048       2.4252
    8049       2.3533
    8050       2.3405
    8051       2.1585
    8052       2.1063
    8053       2.2263
    8054       2.3945
    8055       2.3643
    8056       2.4533
    8057       2.4774
    8058       2.4023
    8059       2.2520
    8060       2.1680
    8061       1.9984
    8062       1.9336
    8063       1.8595
    8064       1.9924
    8065       1.9276
    8066       2.0890
    8067       2.0635
    8068       2.0552
    8069       2.1582
    8070       2.1838
    8071       2.0517
    8072       2.0372
    8073       2.1673
    8074       2.4129
    8075       2.3548
    8076       2.1580
    8077       2.1437
    8078       2.1538
    8079       2.2309
    8080       2.1831
    8081       2.3398
    8082       2.4146
    8083       2.3972
    8084       2.2728
    8085       2.4033
    8086       2.4261
    8087       2.3145
    8088       2.4477
    8089       2.4510
    8090       2.3523
    8091       2.4828
    8092       2.3966
    8093       2.4440
    8094       2.5885
    8095       2.6465
    8096       2.4538
    8097       2.2690
    8098       2.4741
    8099       2.5596
    8100       2.4733
    8101       2.3569
    8102       2.4071
    8103       2.5441
    8104       2.4143
    8105       2.3385
    8106       2.2355
    8107       2.1893
    8108       2.1392
    8109       2.2385
    8110       2.2258
    8111       2.2650
    8112       2.3239
    8113       2.3604
    8114       2.3714
    8115       2.3483
    8116       2.3143
    8117       2.5132
    8118       2.2944
    8119       2.1028
    8120       2.2615
    8121       2.2477
    8122       2.3855
    8123       2.4330
    8124       2.5267
    8125       2.3029
    8126       2.3847
    8127       2.3263
    8128       2.2178
    8129       2.2691
    8130       2.4049
    8131       2.4360
    8132       2.3219
    8133       2.3756
    8134       2.1570
    8135       2.1323
    8136       2.1513
    8137       2.1078
    8138       2.0305
    8139       2.0959
    8140       2.3024
    8141       2.3287
    8142       2.3233
    8143       2.3118
    8144       2.4033
    8145       2.3206
    8146       2.4211
    8147       2.4714
    8148       2.4420
    8149       2.5885
    8150       2.3722
    8151       2.3316
    8152       2.1109
    8153       2.1810
    8154       2.3935
    8155       2.6526
    8156       2.6646
    8157       2.4858
    8158       2.4353
    8159       2.6224
    8160       2.7221
    8161       2.6684
    8162       2.4273
    8163       2.4668
    8164       2.4195
    8165       2.4476
    8166       2.3864
    8167       2.4817
    8168       2.2709
    8169       2.3072
    8170       2.4610
    8171       2.6854
    8172       2.7407
    8173       2.5896
    8174       2.5244
    8175       2.4734
    8176       2.3451
    8177       2.5946
    8178       2.4391
    8179       2.4984
    8180       2.5693
    8181       2.6355
    8182       2.3671
    8183       2.7418
    8184       2.6151
    8185       2.3180
    8186       2.5390
    8187       2.4040
    8188       2.4423
    8189       2.4930
    8190       2.4371
    8191       2.3800
    8192       2.2488
    8193       2.2582
    8194       2.4337
    8195       2.3347
    8196       2.3388
    8197       2.4892
    8198       2.8205
    8199       2.7293
    8200       2.5662
    8201       2.5236
    8202       2.5102
    8203       2.6272
    8204       2.6701
    8205       2.8282
    8206       2.5539
    8207       2.4921
    8208       2.4806
    8209       2.4450
    8210       2.4017
    8211       2.3352
    8212       2.2005
    8213       2.3222
    8214       2.3662
    8215       2.3453
    8216       2.3038
    8217       2.3531
    8218       2.5281
    8219       2.5450
    8220       2.5738
    8221       2.4154
    8222       2.4424
    8223       2.6544
    8224       2.6588
    8225       2.6835
    8226       2.4732
    8227       2.4691
    8228       2.5893
    8229       2.5437
    8230       2.5075
    8231       2.3891
    8232       2.4564
    8233       2.4851
    8234       2.5036
    8235       2.7948
    8236       2.8454
    8237       2.9575
    8238       2.9278
    8239       3.0208
    8240       2.9019
    8241       2.8580
    8242       2.7459
    8243       2.7480
    8244       2.5685
    8245       2.4623
    8246       2.5200
    8247       2.4820
    8248       2.5776
    8249       2.5323
    8250       2.5623
    8251       2.5073
    8252       2.2378
    8253       2.3362
    8254       2.0534
    8255       2.1332
    8256       2.2312
    8257       2.2241
    8258       2.0895
    8259       2.0010
    8260       1.9137
    8261       2.1920
    8262       2.1036
    8263       2.0680
    8264       2.2119
    8265       2.2266
    8266       2.3443
    8267       2.3046
    8268       2.4010
    8269       2.4160
    8270       2.4875
    8271       2.5449
    8272       2.3449
    8273       2.1928
    8274       2.0249
    8275       1.9026
    8276       1.9138
    8277       1.9789
    8278       2.0472
    8279       1.9232
    8280       1.9622
    8281       1.7221
    8282       1.9343
    8283       1.8469
    8284       1.9959
    8285       1.9448
    8286       1.8692
    8287       1.9417
    8288       2.0584
    8289       1.8466
    8290       2.0192
    8291       1.9767
    8292       1.9527
    8293       2.0218
    8294       2.1134
    8295       1.9083
    8296       2.0426
    8297       1.9577
    8298       2.1885
    8299       2.1551
    8300       2.2272
    8301       2.3666
    8302       2.2742
    8303       2.4142
    8304       2.3288
    8305       2.5423
    8306       2.6637
    8307       2.8014
    8308       2.6563
    8309       2.6280
    8310       2.6933
    8311       2.6759
    8312       2.6883
    8313       2.8069
    8314       2.6408
    8315       2.3585
    8316       2.4266
    8317       2.2379
    8318       2.2942
    8319       2.2334
    8320       2.1439
    8321       2.2110
    8322       2.2001
    8323       2.1469
    8324       2.1996
    8325       2.0955
    8326       2.0408
    8327       2.1597
    8328       2.1066
    8329       2.2764
    8330       2.0627
    8331       1.8803
    8332       2.0447
    8333       1.9123
    8334       1.9903
    8335       2.1206
    8336       2.1620
    8337       2.2239
    8338       2.1087
    8339       2.1313
    8340       2.3352
    8341       2.3372
    8342       2.3240
    8343       2.2599
    8344       2.4438
    8345       2.5344
    8346       2.4593
    8347       2.6400
    8348       2.6987
    8349       2.7556
    8350       2.8578
    8351       2.5750
    8352       2.5796
    8353       2.7710
    8354       2.4443
    8355       2.4465
    8356       2.4357
    8357       2.5421
    8358       2.6034
    8359       2.4797
    8360       2.4680
    8361       2.5662
    8362       2.4103
    8363       2.4529
    8364       2.4015
    8365       2.1359
    8366       2.2533
    8367       2.0742
    8368       2.0225
    8369       1.9384
    8370       2.0721
    8371       2.0231
    8372       2.2034
    8373       2.2548
    8374       2.3137
    8375       2.2399
    8376       2.0451
    8377       2.1520
    8378       2.1586
    8379       2.3021
    8380       2.3241
    8381       2.2288
    8382       2.2359
    8383       2.3887
    8384       2.3009
    8385       2.4039
    8386       2.3964
    8387       2.5114
    8388       2.5191
    8389       2.7124
    8390       2.6788
    8391       2.6600
    8392       2.6467
    8393       2.4437
    8394       2.3739
    8395       2.4387
    8396       2.4060
    8397       2.4077
    8398       2.6257
    8399       2.4872
    8400       2.5304
    8401       2.6550
    8402       2.6226
    8403       2.6743
    8404       2.8001
    8405       2.9069
    8406       2.9558
    8407       2.9694
    8408       3.1009
    8409       3.3095
    8410       3.3680
    8411       3.3576
    8412       3.2482
    8413       3.4322
    8414       3.1217
    8415       3.1510
    8416       3.2081
    8417       3.4315
    8418       3.5566
    8419       3.5830
    8420       3.4645
    8421       3.0951
    8422       2.9200
    8423       2.9278
    8424       2.7707
    8425       2.8582
    8426       2.7635
    8427       3.0138
    8428       2.8797
    8429       2.8045
    8430       3.0061
    8431       2.8978
    8432       2.6955
    8433       2.6717
    8434       2.8487
    8435       2.9916
    8436       2.8873
    8437       2.9668
    8438       2.9498
    8439       2.9873
    8440       3.1405
    8441       3.1846
    8442       3.3088
    8443       3.2217
    8444       3.1381
    8445       3.3319
    8446       3.3573
    8447       3.1375
    8448       3.2943
    8449       3.1055
    8450       3.1857
    8451       3.1363
    8452       3.0731
    8453       2.8883
    8454       2.9428
    8455       2.9741
    8456       2.8873
    8457       2.9684
    8458       2.8394
    8459       2.8399
    8460       2.9145
    8461       2.8691
    8462       2.7640
    8463       2.7715
    8464       2.6597
    8465       2.8208
    8466       2.9339
    8467       2.9968
    8468       3.0662
    8469       2.9608
    8470       2.8117
    8471       2.6146
    8472       2.6946
    8473       2.4426
    8474       2.5850
    8475       2.5593
    8476       2.6250
    8477       2.4899
    8478       2.4781
    8479       2.5645
    8480       2.6968
    8481       2.5546
    8482       2.4842
    8483       2.4047
    8484       2.2022
    8485       2.4567
    8486       2.3754
    8487       2.3700
    8488       2.6124
    8489       2.7414
    8490       2.7338
    8491       3.0145
    8492       2.5801
    8493       2.5988
    8494       2.6602
    8495       2.9019
    8496       2.9553
    8497       2.9886
    8498       3.0938
    8499       2.9791
    8500       3.0473
    8501       2.9505
    8502       2.7705
    8503       2.8815
    8504       2.9751
    8505       2.8505
    8506       2.6453
    8507       2.5470
    8508       2.6206
    8509       2.8396
    8510       2.8360
    8511       2.7808
    8512       2.9249
    8513       3.0884
    8514       2.9429
    8515       3.0349
    8516       3.0520
    8517       2.8236
    8518       2.7519
    8519       2.8589
    8520       2.8402
    8521       2.8863
    8522       2.8138
    8523       2.8347
    8524       2.7117
    8525       2.7628
    8526       2.6612
    8527       2.8039
    8528       2.7339
    8529       2.7926
    8530       2.8247
    8531       2.8909
    8532       2.8269
    8533       2.8761
    8534       2.7834
    8535       2.6184
    8536       2.8028
    8537       2.7857
    8538       2.8145
    8539       2.9044
    8540       2.7706
    8541       2.6438
    8542       2.7289
    8543       2.5408
    8544       2.7674
    8545       2.6919
    8546       2.6848
    8547       2.5205
    8548       2.5525
    8549       2.5690
    8550       2.5255
    8551       2.3499
    8552       2.4575
    8553       2.3469
    8554       2.3493
    8555       2.1834
    8556       2.2660
    8557       2.4647
    8558       2.5880
    8559       2.3358
    8560       2.3035
    8561       2.2987
    8562       2.1882
    8563       2.3065
    8564       2.5361
    8565       2.5047
    8566       2.6142
    8567       2.5318
    8568       2.5304
    8569       2.3817
    8570       2.2738
    8571       2.2287
    8572       2.3616
    8573       2.4450
    8574       2.4503
    8575       2.3287
    8576       2.3109
    8577       2.3042
    8578       2.4040
    8579       2.4045
    8580       2.5226
    8581       2.4341
    8582       2.4683
    8583       2.5820
    8584       2.4388
    8585       2.5333
    8586       2.8196
    8587       2.6881
    8588       2.7202
    8589       2.6463
    8590       2.7970
    8591       2.5624
    8592       2.4801
    8593       2.7071
    8594       2.6716
    8595       2.4850
    8596       2.5436
    8597       2.5350
    8598       2.6113
    8599       2.5616
    8600       2.5079
    8601       2.5523
    8602       2.5066
    8603       2.1876
    8604       2.3343
    8605       2.6282
    8606       2.8070
    8607       2.8026
    8608       2.7248
    8609       2.8790
    8610       2.9096
    8611       2.9321
    8612       2.8125
    8613       2.7739
    8614       2.6190
    8615       2.6249
    8616       2.6839
    8617       2.8346
    8618       2.8419
    8619       2.7675
    8620       2.6547
    8621       2.9083
    8622       2.6745
    8623       2.7321
    8624       2.9722
    8625       2.9155
    8626       3.0039
    8627       3.1769
    8628       3.0653
    8629       2.9021
    8630       2.9643
    8631       2.8966
    8632       2.8144
    8633       2.9911
    8634       2.8296
    8635       2.8138
    8636       2.7091
    8637       2.6093
    8638       2.5980
    8639       2.3633
    8640       2.5831
    8641       2.8186
    8642       2.8000
    8643       2.9474
    8644       2.9581
    8645       2.8324
    8646       2.8466
    8647       3.0562
    8648       2.9474
    8649       2.7965
    8650       2.6628
    8651       2.6288
    8652       2.9393
    8653       2.9281
    8654       2.8625
    8655       2.7729
    8656       2.8245
    8657       2.7047
    8658       2.5837
    8659       2.7566
    8660       2.7349
    8661       2.6649
    8662       2.6403
    8663       2.6686
    8664       2.8729
    8665       2.8032
    8666       3.0009
    8667       3.1351
    8668       3.2666
    8669       3.2685
    8670       3.0986
    8671       3.2895
    8672       3.1006
    8673       2.8910
    8674       3.0799
    8675       3.2552
    8676       3.0876
    8677       2.9813
    8678       3.0636
    8679       3.1015
    8680       3.0612
    8681       3.0119
    8682       3.0401
    8683       2.8756
    8684       2.7005
    8685       2.6695
    8686       2.7298
    8687       2.7328
    8688       2.8559
    8689       2.8532
    8690       2.8288
    8691       3.1128
    8692       2.9637
    8693       2.9313
    8694       2.8753
    8695       2.9741
    8696       2.9934
    8697       3.2735
    8698       2.8407
    8699       2.9891
    8700       2.9102
    8701       2.8941
    8702       2.9562
    8703       3.0608
    8704       3.1450
    8705       3.2269
    8706       3.0852
    8707       3.0445
    8708       3.1727
    8709       3.2915
    8710       3.3903
    8711       3.2734
    8712       3.3444
    8713       3.1940
    8714       3.1044
    8715       3.1274
    8716       3.1234
    8717       2.9749
    8718       2.8709
    8719       2.9949
    8720       3.0552
    8721       2.8613
    8722       3.0238
    8723       2.8840
    8724       2.9367
    8725       3.0672
    8726       2.9975
    8727       3.1157
    8728       3.1911
    8729       3.1469
    8730       2.8747
    8731       2.7136
    8732       2.8857
    8733       2.7824
    8734       2.7610
    8735       2.8008
    8736       2.7808
    8737       2.7890
    8738       2.7251
    8739       2.8665
    8740       3.0422
    8741       3.1092
    8742       3.0538
    8743       3.0553
    8744       3.0937
    8745       3.2699
    8746       3.2788
    8747       3.1611
    8748       3.3731
    8749       3.3546
    8750       3.2654
    8751       3.0043
    8752       3.0125
    8753       2.9013
    8754       3.0845
    8755       2.9145
    8756       2.8321
    8757       2.8304
    8758       2.7177
    8759       2.7015
    8760       2.7730
    8761       2.8134
    8762       2.8169
    8763       2.9725
    8764       2.9059
    8765       2.7161
    8766       2.8729
    8767       2.7506
    8768       2.7690
    8769       2.8604
    8770       2.6504
    8771       2.5617
    8772       2.4758
    8773       2.4247
    8774       2.4300
    8775       2.4028
    8776       2.3681
    8777       2.5504
    8778       2.5814
    8779       2.7003
    8780       2.5439
    8781       2.5246
    8782       2.5281
    8783       2.6171
    8784       2.6845
    8785       2.7163
    8786       2.7515
    8787       2.6688
    8788       2.8406
    8789       3.0298
    8790       2.8864
    8791       3.0288
    8792       2.8888
    8793       2.9064
    8794       2.9883
    8795       2.8366
    8796       2.6676
    8797       2.6524
    8798       2.7031
    8799       2.5331
    8800       2.5916
    8801       2.5115
    8802       2.4073
    8803       2.3513
    8804       2.0005
    8805       2.1811
    8806       2.4070
    8807       2.3215
    8808       2.2544
    8809       2.3203
    8810       2.4083
    8811       2.4087
    8812       2.4319
    8813       2.4184
    8814       2.3862
    8815       2.5836
    8816       2.5424
    8817       2.5434
    8818       2.9781
    8819       2.7861
    8820       2.7381
    8821       2.8718
    8822       2.9087
    8823       2.6746
    8824       2.5205
    8825       2.6514
    8826       2.6304
    8827       2.8643
    8828       2.6940
    8829       2.6058
    8830       2.7129
    8831       2.7043
    8832       2.5972
    8833       2.4746
    8834       2.5905
    8835       2.8272
    8836       2.8200
    8837       2.8789
    8838       2.7711
    8839       2.7784
    8840       2.8886
    8841       2.8817
    8842       2.9668
    8843       2.8503
    8844       2.8064
    8845       2.6362
    8846       2.7951
    8847       2.7450
    8848       2.6576
    8849       2.8771
    8850       2.7547
    8851       2.7791
    8852       2.8774
    8853       2.6848
    8854       2.5790
    8855       2.5196
    8856       2.5420
    8857       2.8002
    8858       2.7708
    8859       2.7450
    8860       2.8476
    8861       2.7025
    8862       2.7243
    8863       2.8909
    8864       3.0308
    8865       3.0771
    8866       2.9023
    8867       3.1520
    8868       2.9388
    8869       2.9770
    8870       2.6647
    8871       2.7101
    8872       2.7056
    8873       2.6534
    8874       2.5499
    8875       2.7446
    8876       2.7328
    8877       2.8015
    8878       2.6185
    8879       2.5905
    8880       2.6730
    8881       2.4940
    8882       2.4262
    8883       2.5804
    8884       2.6991
    8885       2.8175
    8886       2.8246
    8887       2.7281
    8888       2.5187
    8889       2.4662
    8890       2.5805
    8891       2.7052
    8892       2.5781
    8893       2.5807
    8894       2.7039
    8895       2.7362
    8896       2.6221
    8897       2.6629
    8898       2.4536
    8899       2.3860
    8900       2.5125
    8901       2.5928
    8902       2.5706
    8903       2.7485
    8904       2.5111
    8905       2.3024
    8906       2.0722
    8907       2.4551
    8908       2.3910
    8909       2.4559
    8910       2.5471
    8911       2.3281
    8912       2.1331
    8913       2.1004
    8914       2.1667
    8915       2.2199
    8916       2.2199
    8917       2.0431
    8918       2.3290
    8919       2.3662
    8920       2.4810
    8921       2.3693
    8922       2.4002
    8923       2.3161
    8924       2.2732
    8925       2.4868
    8926       2.5999
    8927       2.3652
    8928       2.3319
    8929       2.2540
    8930       2.2171
    8931       2.2459
    8932       2.3610
    8933       2.3647
    8934       2.2110
    8935       2.4361
    8936       2.4405
    8937       2.3663
    8938       2.5779
    8939       2.6529
    8940       2.6385
    8941       2.4578
    8942       2.6721
    8943       2.4641
    8944       2.3941
    8945       2.4572
    8946       2.1960
    8947       2.2676
    8948       2.3434
    8949       2.1915
    8950       2.2948
    8951       2.2914
    8952       2.2661
    8953       2.1541
    8954       1.9602
    8955       1.9267
    8956       2.2211
    8957       2.2667
    8958       2.1569
    8959       2.1680
    8960       2.1470
    8961       1.9188
    8962       1.8636
    8963       1.9546
    8964       1.9602
    8965       2.2010
    8966       2.2561
    8967       2.1454
    8968       2.1661
    8969       2.0903
    8970       2.3564
    8971       2.2752
    8972       2.3418
    8973       2.2110
    8974       2.2902
    8975       2.0559
    8976       2.1671
    8977       2.3356
    8978       2.4236
    8979       2.5314
    8980       2.5656
    8981       2.4158
    8982       2.6415
    8983       2.5065
    8984       2.4913
    8985       2.5413
    8986       2.5841
    8987       2.4523
    8988       2.5024
    8989       2.4088
    8990       2.6157
    8991       2.5101
    8992       2.3120
    8993       2.3566
    8994       2.2333
    8995       2.1548
    8996       2.2803
    8997       2.3361
    8998       2.1451
    8999       2.2749
    9000       2.4165
    9001       2.5507
    9002       2.6157
    9003       2.8943
    9004       3.0619
    9005       3.0070
    9006       3.1734
    9007       3.0322
    9008       2.9055
    9009       3.0811
    9010       2.9802
    9011       3.1528
    9012       3.2546
    9013       3.4430
    9014       3.4967
    9015       3.5935
    9016       3.6976
    9017       3.4658
    9018       3.5660
    9019       3.5643
    9020       3.6863
    9021       3.8150
    9022       3.9518
    9023       4.0047
    9024       3.8123
    9025       3.7256
    9026       3.7700
    9027       3.7995
    9028       3.8942
    9029       3.6043
    9030       3.5732
    9031       3.7363
    9032       3.7749
    9033       3.8602
    9034       4.0168
    9035       3.9657
    9036       3.9468
    9037       3.8449
    9038       3.4975
    9039       3.6605
    9040       3.7965
    9041       3.7608
    9042       3.6490
    9043       3.6144
    9044       3.4345
    9045       3.5272
    9046       3.4372
    9047       3.2818
    9048       3.3617
    9049       3.4272
    9050       3.4206
    9051       3.3772
    9052       3.5782
    9053       3.5533
    9054       3.8372
    9055       3.7571
    9056       3.5467
    9057       3.4917
    9058       3.5901
    9059       3.5210
    9060       3.4792
    9061       3.3497
    9062       3.3673
    9063       3.3096
    9064       3.3548
    9065       3.1633
    9066       3.1070
    9067       3.1238
    9068       2.9468
    9069       3.1605
    9070       2.9996
    9071       3.0485
    9072       2.8363
    9073       2.8122
    9074       2.8914
    9075       2.8231
    9076       2.9762
    9077       2.7961
    9078       2.7706
    9079       2.6342
    9080       2.6587
    9081       2.5915
    9082       2.5190
    9083       2.5007
    9084       2.4199
    9085       2.4135
    9086       2.2535
    9087       2.3155
    9088       2.2492
    9089       2.4463
    9090       2.2998
    9091       2.4322
    9092       2.4881
    9093       2.4241
    9094       2.4877
    9095       2.4593
    9096       2.4568
    9097       2.3413
    9098       2.3645
    9099       2.5058
    9100       2.2627
    9101       2.2453
    9102       2.4936
    9103       2.4036
    9104       2.6115
    9105       2.4799
    9106       2.6510
    9107       2.7210
    9108       2.5718
    9109       2.7467
    9110       2.6576
    9111       2.7118
    9112       2.6800
    9113       2.6392
    9114       2.5675
    9115       2.6567
    9116       2.7353
    9117       2.4578
    9118       2.5933
    9119       2.6093
    9120       2.6607
    9121       2.4709
    9122       2.6122
    9123       2.5925
    9124       2.6147
    9125       2.6794
    9126       2.4810
    9127       2.4018
    9128       2.4193
    9129       2.7064
    9130       2.7839
    9131       2.7288
    9132       2.8334
    9133       2.9060
    9134       2.9923
    9135       2.9775
    9136       2.7717
    9137       2.7304
    9138       2.8466
    9139       2.8628
    9140       2.7249
    9141       2.5348
    9142       2.4815
    9143       2.5179
    9144       2.3276
    9145       2.2979
    9146       2.1826
    9147       2.3421
    9148       2.3203
    9149       2.5254
    9150       2.7140
    9151       2.6796
    9152       3.0164
    9153       3.1526
    9154       2.9489
    9155       2.9980
    9156       2.8948
    9157       2.4669
    9158       2.4796
    9159       2.5576
    9160       2.4669
    9161       2.4272
    9162       2.4237
    9163       2.5029
    9164       2.5026
    9165       2.6969
    9166       2.6285
    9167       2.4743
    9168       2.6155
    9169       2.3814
    9170       2.4953
    9171       2.4190
    9172       2.5494
    9173       2.3023
    9174       2.5091
    9175       2.3581
    9176       2.4597
    9177       2.4057
    9178       2.4298
    9179       2.3592
    9180       2.4608
    9181       2.6306
    9182       2.7531
    9183       2.7461
    9184       2.6061
    9185       2.5562
    9186       2.5580
    9187       2.6020
    9188       2.7202
    9189       2.7732
    9190       2.8670
    9191       2.9317
    9192       3.0122
    9193       2.8015
    9194       2.8482
    9195       3.0220
    9196       3.0339
    9197       2.9364
    9198       3.0051
    9199       2.7919
    9200       2.7549
    9201       2.7337
    9202       2.6526
    9203       2.6444
    9204       2.6669
    9205       2.6347
    9206       2.6229
    9207       2.5289
    9208       2.4473
    9209       2.4848
    9210       2.2493
    9211       2.2336
    9212       2.1803
    9213       2.2330
    9214       2.3263
    9215       2.3316
    9216       2.4365
    9217       2.3993
    9218       2.4807
    9219       2.6092
    9220       2.5902
    9221       2.6713
    9222       2.5437
    9223       2.3638
    9224       2.4821
    9225       2.4367
    9226       2.4001
    9227       2.3039
    9228       2.5417
    9229       2.7067
    9230       2.7032
    9231       2.7687
    9232       2.6390
    9233       2.7088
    9234       2.7903
    9235       2.8194
    9236       2.7924
    9237       2.7841
    9238       2.9227
    9239       2.8191
    9240       2.6728
    9241       2.5213
    9242       2.3930
    9243       2.4547
    9244       2.2570
    9245       2.4460
    9246       2.4339
    9247       2.3827
    9248       2.5235
    9249       2.3027
    9250       2.1876
    9251       2.1719
    9252       2.0928
    9253       2.1170
    9254       2.3635
    9255       2.3357
    9256       2.4621
    9257       2.3199
    9258       2.2947
    9259       2.4149
    9260       2.4689
    9261       2.7390
    9262       2.6845
    9263       2.6890
    9264       2.7124
    9265       2.5172
    9266       2.5912
    9267       2.7579
    9268       2.6589
    9269       2.5576
    9270       2.5010
    9271       2.6201
    9272       2.8240
    9273       2.6476
    9274       2.5733
    9275       2.7104
    9276       2.7482
    9277       2.5932
    9278       2.7228
    9279       2.3514
    9280       2.4327
    9281       2.5580
    9282       2.6289
    9283       2.3979
    9284       2.2823
    9285       2.2574
    9286       2.3268
    9287       2.2435
    9288       2.1495
    9289       2.1497
    9290       2.0919
    9291       2.1863
    9292       2.2119
    9293       2.1938
    9294       2.4110
    9295       2.3044
    9296       2.2661
    9297       2.3824
    9298       2.7132
    9299       2.6904
    9300       2.7904
    9301       2.9324
    9302       2.6722
    9303       2.4565
    9304       2.4435
    9305       2.4267
    9306       2.2546
    9307       2.4214
    9308       2.3189
    9309       1.9755
    9310       2.0894
    9311       2.3029
    9312       2.2575
    9313       2.1851
    9314       2.1209
    9315       2.2617
    9316       2.2210
    9317       2.1617
    9318       2.1301
    9319       2.2090
    9320       2.1257
    9321       2.1578
    9322       2.1007
    9323       2.0807
    9324       2.0464
    9325       2.2236
    9326       2.3748
    9327       2.3467
    9328       2.1878
    9329       2.1985
    9330       2.0452
    9331       2.2233
    9332       2.1441
    9333       1.9038
    9334       1.9874
    9335       1.9751
    9336       1.8837
    9337       1.7230
    9338       1.8793
    9339       1.7875
    9340       2.0037
    9341       1.8566
    9342       1.8229
    9343       1.7637
    9344       1.6335
    9345       1.7841
    9346       1.9302
    9347       2.1117
    9348       1.9298
    9349       1.9144
    9350       1.9225
    9351       1.9423
    9352       1.7691
    9353       1.9147
    9354       1.8753
    9355       1.9256
    9356       1.9444
    9357       2.1176
    9358       1.9477
    9359       1.9549
    9360       1.9409
    9361       1.7686
    9362       1.7857
    9363       1.8763
    9364       1.9122
    9365       1.8946
    9366       1.7698
    9367       1.8047
    9368       2.0934
    9369       2.2107
    9370       2.1829
    9371       2.1900
    9372       2.2798
    9373       2.1094
    9374       2.0113
    9375       2.0739
    9376       2.0986
    9377       2.0427
    9378       2.1551
    9379       2.1143
    9380       1.8923
    9381       1.8514
    9382       1.7422
    9383       1.7718
    9384       1.9361
    9385       1.9247
    9386       1.8693
    9387       1.8620
    9388       2.1523
    9389       2.1767
    9390       2.2020
    9391       2.2855
    9392       2.5184
    9393       2.4380
    9394       2.2903
    9395       2.3999
    9396       2.3740
    9397       2.5337
    9398       2.5909
    9399       2.4370
    9400       2.3408
    9401       2.4240
    9402       2.5635
    9403       2.1874
    9404       2.2057
    9405       2.3802
    9406       2.4640
    9407       2.4811
    9408       2.3403
    9409       2.5790
    9410       2.4650
    9411       2.3012
    9412       2.1880
    9413       2.3095
    9414       2.1460
    9415       2.1383
    9416       2.3961
    9417       2.5073
    9418       2.4380
    9419       2.6249
    9420       2.8959
    9421       2.9520
    9422       2.9119
    9423       2.8431
    9424       2.9592
    9425       2.7480
    9426       2.5482
    9427       2.6295
    9428       2.7073
    9429       2.7451
    9430       2.8627
    9431       2.9620
    9432       2.9163
    9433       2.8241
    9434       2.9903
    9435       2.9894
    9436       2.7174
    9437       2.8711
    9438       2.8332
    9439       2.8427
    9440       2.8730
    9441       2.8494
    9442       2.8325
    9443       2.7559
    9444       2.8040
    9445       2.5641
    9446       2.3829
    9447       2.8270
    9448       2.9464
    9449       2.9312
    9450       2.5862
    9451       2.8731
    9452       2.9358
    9453       2.7847
    9454       2.8278
    9455       2.8206
    9456       2.7684
    9457       3.0897
    9458       3.1510
    9459       2.9701
    9460       2.8144
    9461       3.0242
    9462       2.9290
    9463       3.0283
    9464       2.7280
    9465       2.4836
    9466       2.4677
    9467       2.3371
    9468       2.5458
    9469       2.5657
    9470       2.5582
    9471       2.3795
    9472       2.4283
    9473       2.5093
    9474       2.4282
    9475       2.3836
    9476       2.3321
    9477       2.2850
    9478       2.4054
    9479       2.5029
    9480       2.7548
    9481       2.6991
    9482       2.9337
    9483       2.7656
    9484       2.7501
    9485       2.9443
    9486       2.8499
    9487       2.8027
    9488       2.8580
    9489       2.8886
    9490       2.9667
    9491       2.8552
    9492       2.7738
    9493       3.0608
    9494       3.0255
    9495       2.8765
    9496       2.6499
    9497       2.7432
    9498       2.7236
    9499       2.8134
    9500       2.6270
    9501       2.4758
    9502       2.4722
    9503       2.8159
    9504       2.7418
    9505       2.7444
    9506       2.8099
    9507       2.7829
    9508       2.7450
    9509       2.5911
    9510       2.5963
    9511       2.8359
    9512       2.7881
    9513       2.7767
    9514       2.7865
    9515       2.7835
    9516       2.9066
    9517       3.0175
    9518       2.8395
    9519       2.6872
    9520       2.6787
    9521       2.7859
    9522       3.1001
    9523       3.2333
    9524       3.0275
    9525       2.7924
    9526       2.8143
    9527       2.9102
    9528       2.8434
    9529       2.9282
    9530       2.8257
    9531       2.9266
    9532       2.9535
    9533       3.0613
    9534       3.1913
    9535       3.2686
    9536       3.2363
    9537       2.9639
    9538       2.9452
    9539       2.8794
    9540       3.0513
    9541       3.0487
    9542       2.9946
    9543       3.0608
    9544       3.0841
    9545       3.2872
    9546       3.2416
    9547       3.3511
    9548       3.5051
    9549       3.3448
    9550       3.3123
    9551       3.3062
    9552       3.1720
    9553       2.7772
    9554       2.8588
    9555       2.7440
    9556       3.0257
    9557       3.0731
    9558       3.0802
    9559       3.1139
    9560       2.9829
    9561       3.0030
    9562       3.2255
    9563       2.9849
    9564       3.1150
    9565       2.9327
    9566       2.9718
    9567       3.0030
    9568       3.1396
    9569       3.0852
    9570       3.0726
    9571       3.1914
    9572       3.0577
    9573       3.0388
    9574       2.8263
    9575       2.6279
    9576       2.5798
    9577       2.8107
    9578       2.7595
    9579       2.9560
    9580       2.9412
    9581       2.9865
    9582       2.9536
    9583       2.9072
    9584       2.8081
    9585       2.9113
    9586       2.9421
    9587       2.9367
    9588       2.8196
    9589       2.7130
    9590       2.4181
    9591       2.6164
    9592       2.6758
    9593       2.6395
    9594       2.5978
    9595       2.7840
    9596       2.9720
    9597       2.9095
    9598       2.9310
    9599       2.8329
    9600       2.9429
    9601       3.1472
    9602       3.0661
    9603       2.8364
    9604       2.8614
    9605       2.7581
    9606       2.7820
    9607       3.0115
    9608       2.9872
    9609       2.9241
    9610       2.7180
    9611       2.6861
    9612       2.7994
    9613       2.7687
    9614       2.9000
    9615       2.7128
    9616       2.7327
    9617       2.8802
    9618       2.8492
    9619       3.0742
    9620       3.1867
    9621       3.0034
    9622       3.1112
    9623       3.0222
    9624       3.1642
    9625       3.0244
    9626       2.8798
    9627       3.0066
    9628       2.9445
    9629       3.1595
    9630       3.0701
    9631       2.8992
    9632       2.7772
    9633       2.8665
    9634       2.7305
    9635       2.6834
    9636       2.6517
    9637       2.6435
    9638       2.5427
    9639       2.5396
    9640       2.6084
    9641       2.7742
    9642       2.9289
    9643       2.7838
    9644       2.8473
    9645       2.9251
    9646       2.9953
    9647       3.0751
    9648       2.9462
    9649       3.0178
    9650       2.9970
    9651       3.0525
    9652       2.8986
    9653       2.9644
    9654       2.8858
    9655       3.0360
    9656       2.9309
    9657       3.0292
    9658       2.9839
    9659       3.1211
    9660       2.9342
    9661       2.7249
    9662       2.8438
    9663       2.9138
    9664       3.0950
    9665       3.1820
    9666       3.2293
    9667       3.1301
    9668       3.0953
    9669       3.1643
    9670       3.1955
    9671       3.1470
    9672       3.2492
    9673       3.5023
    9674       3.5012
    9675       3.3731
    9676       3.1527
    9677       3.4510
    9678       3.5522
    9679       3.5833
    9680       3.4807
    9681       3.3934
    9682       3.3754
    9683       3.2938
    9684       3.2760
    9685       3.3162
    9686       3.2010
    9687       3.0621
    9688       3.2113
    9689       3.1758
    9690       3.1539
    9691       3.1577
    9692       2.9159
    9693       3.0730
    9694       3.2154
    9695       3.2113
    9696       3.1546
    9697       3.1952
    9698       3.1021
    9699       3.1445
    9700       3.1243
    9701       3.0435
    9702       2.8733
    9703       2.7299
    9704       2.6620
    9705       2.9016
    9706       3.1430
    9707       3.3198
    9708       3.2750
    9709       3.3726
    9710       3.2975
    9711       3.2869
    9712       3.2690
    9713       3.2978
    9714       3.4881
    9715       3.4652
    9716       3.2822
    9717       3.5006
    9718       3.5939
    9719       3.2739
    9720       2.8703
    9721       3.0016
    9722       3.2172
    9723       3.0961
    9724       2.9678
    9725       3.0781
    9726       3.2002
    9727       3.2997
    9728       3.2645
    9729       3.1835
    9730       3.0726
    9731       2.9525
    9732       3.0930
    9733       3.1647
    9734       3.0381
    9735       2.9721
    9736       3.0083
    9737       2.9538
    9738       3.1138
    9739       2.9160
    9740       3.0956
    9741       3.0648
    9742       2.9517
    9743       2.9079
    9744       2.8343
    9745       2.8926
    9746       2.9004
    9747       2.8802
    9748       3.0493
    9749       3.1557
    9750       3.2668
    9751       3.2579
    9752       3.2122
    9753       3.2668
    9754       3.1392
    9755       3.0046
    9756       3.0807
    9757       2.8778
    9758       2.7582
    9759       2.7280
    9760       2.7350
    9761       2.6467
    9762       2.7136
    9763       2.9366
    9764       2.6364
    9765       2.5451
    9766       2.5744
    9767       2.5770
    9768       2.8697
    9769       2.6650
    9770       2.6901
    9771       2.6273
    9772       2.8422
    9773       2.7925
    9774       2.5411
    9775       2.9412
    9776       2.8796
    9777       2.6930
    9778       2.6500
    9779       2.5815
    9780       2.6413
    9781       2.8237
    9782       2.8587
    9783       2.4862
    9784       2.5654
    9785       2.5217
    9786       2.5374
    9787       2.5254
    9788       2.4902
    9789       2.5430
    9790       2.6613
    9791       2.7657
    9792       2.9113
    9793       2.7298
    9794       2.5971
    9795       2.4283
    9796       2.4797
    9797       2.3878
    9798       2.4290
    9799       2.5932
    9800       2.7629
    9801       2.6407
    9802       2.5955
    9803       2.7115
    9804       2.8310
    9805       2.8449
    9806       2.7581
    9807       2.7679
    9808       2.6744
    9809       2.7548
    9810       2.6996
    9811       2.6929
    9812       2.6233
    9813       2.7157
    9814       2.7843
    9815       2.6223
    9816       2.5242
    9817       2.5861
    9818       2.6574
    9819       2.6558
    9820       2.5855
    9821       2.6183
    9822       2.8303
    9823       2.7127
    9824       2.7822
    9825       2.9049
    9826       2.9875
    9827       3.0641
    9828       3.2233
    9829       3.2697
    9830       2.9877
    9831       2.8455
    9832       2.8740
    9833       2.9489
    9834       2.8039
    9835       2.7726
    9836       2.7664
    9837       2.9791
    9838       2.8678
    9839       2.7985
    9840       2.7846
    9841       2.9092
    9842       2.7406
    9843       2.7791
    9844       2.6719
    9845       2.7024
    9846       2.6330
    9847       2.5461
    9848       2.4615
    9849       2.5617
    9850       2.5067
    9851       2.5217
    9852       2.5961
    9853       2.4154
    9854       2.6211
    9855       2.6498
    9856       2.5788
    9857       2.8082
    9858       2.7307
    9859       2.7149
    9860       2.5873
    9861       2.7041
    9862       2.8491
    9863       2.5668
    9864       2.6532
    9865       2.7947
    9866       2.9524
    9867       2.8462
    9868       2.8341
    9869       2.9265
    9870       2.8701
    9871       2.7319
    9872       2.9089
    9873       2.7209
    9874       2.6733
    9875       2.4707
    9876       2.4422
    9877       2.5643
    9878       2.6985
    9879       2.6369
    9880       2.8830
    9881       2.8308
    9882       2.9856
    9883       2.8296
    9884       2.6384
    9885       2.6521
    9886       2.5050
    9887       2.3800
    9888       2.5398
    9889       2.4762
    9890       2.4456
    9891       2.4003
    9892       2.4383
    9893       2.3981
    9894       2.3544
    9895       2.1897
    9896       2.2316
    9897       2.3565
    9898       2.2855
    9899       2.2688
    9900       2.2975
    9901       2.4037
    9902       2.2404
    9903       2.2460
    9904       2.1897
    9905       2.1106
    9906       2.2087
    9907       2.2291
    9908       2.1279
    9909       2.3328
    9910       2.3892
    9911       2.3612
    9912       2.5031
    9913       2.4897
    9914       2.3935
    9915       2.4884
    9916       2.3178
    9917       2.5372
    9918       2.5222
    9919       2.4495
    9920       2.4897
    9921       2.6255
    9922       2.4832
    9923       2.3825
    9924       2.3967
    9925       2.6074
    9926       2.6704
    9927       2.8208
    9928       2.5598
    9929       2.5356
    9930       2.6511
    9931       2.7874
    9932       2.6710
    9933       2.7310
    9934       2.5913
    9935       2.9338
    9936       2.7621
    9937       2.7845
    9938       2.5438
    9939       2.4784
    9940       2.5416
    9941       2.7304
    9942       2.7047
    9943       2.5639
    9944       2.5542
    9945       2.5514
    9946       2.8176
    9947       2.6703
    9948       2.5771
    9949       2.5773
    9950       2.5490
    9951       2.2912
    9952       2.2825
    9953       2.2817
    9954       2.2348
    9955       2.4115
    9956       2.2580
    9957       2.2630
    9958       2.2372
    9959       2.3614
    9960       2.3720
    9961       2.2121
    9962       2.3220
    9963       2.4019
    9964       2.3220
    9965       2.4901
    9966       2.4365
    9967       2.3106
    9968       2.3100
    9969       2.1202
    9970       2.1041
    9971       1.9885
    9972       1.9981
    9973       2.1893
    9974       2.1250
    9975       2.3409
    9976       2.2134
    9977       2.4428
    9978       2.2086
    9979       2.2699
    9980       2.2594
    9981       2.4958
    9982       2.5528
    9983       2.7866
    9984       2.5402
    9985       2.6599
    9986       2.6900
    9987       2.5844
    9988       2.5584
    9989       2.6353
    9990       2.4267
    9991       2.3642
    9992       2.4192
    9993       2.5414
    9994       2.4519
    9995       2.5891
    9996       2.7321
    9997       2.7338
    9998       2.8921
    9999       2.8927
   10000       2.9493
