1,28.0291
2,28.133
3,28.1465
4,28.1075
5,28.1255
6,27.9974
7,28.0544
8,28.0526
9,28.0169
10,28.1384
11,28.0537
12,28.0854
13,28.0832
14,28.1465
15,28.1145
16,28.1145
17,28.0975
18,28.2269
19,28.2113
20,28.205
21,28.2487
22,28.2229
23,28.2471
24,28.3104
25,28.404
26,28.3253
27,28.4977
28,28.4702
29,28.4002
30,28.3498
31,28.4025
32,28.4411
33,28.4171
34,28.5895
35,28.5421
36,28.569
37,28.5732
38,28.5842
39,28.6448
40,28.5815
41,28.5768
42,28.5252
43,28.4876
44,28.5458
45,28.4666
46,28.4705
47,28.4914
48,28.4812
49,28.381
50,28.3996
51,28.3575
52,28.3968
53,28.41
54,28.4599
55,28.4144
56,28.4574
57,28.4056
58,28.5161
59,28.5986
60,28.4737
61,28.3564
62,28.3961
63,28.4603
64,28.3824
65,28.4916
66,28.4195
67,28.3741
68,28.3298
69,28.3106
70,28.3244
71,28.3526
72,28.3086
73,28.2818
74,28.3688
75,28.3566
76,28.3556
77,28.2983
78,28.3354
79,28.3593
80,28.3228
81,28.4511
82,28.2216
83,28.3316
84,28.4193
85,28.4801
86,28.4207
87,28.4675
88,28.3529
89,28.405
90,28.5212
91,28.3566
92,28.3544
93,28.2139
94,28.2243
95,28.3225
96,28.3089
97,28.3605
98,28.3471
99,28.3188
100,28.3489
101,28.3581
102,28.3178
103,28.3218
104,28.2515
105,28.3692
106,28.2729
107,28.2995
108,28.3703
109,28.3723
110,28.4028
111,28.3779
112,28.4299
113,28.3484
114,28.353
115,28.4754
116,28.3142
117,28.4472
118,28.4543
119,28.5264
120,28.4668
121,28.3684
122,28.4569
123,28.3476
124,28.3438
125,28.333
126,28.2707
127,28.3353
128,28.3324
129,28.3078
130,28.2184
131,28.3064
132,28.2875
133,28.2461
134,28.2064
135,28.112
136,28.2064
137,28.2065
138,28.2476
139,28.3365
140,28.3374
141,28.3107
142,28.2689
143,28.2657
144,28.3853
145,28.31
146,28.3523
147,28.4059
148,28.3992
149,28.28
150,28.239
151,28.359
152,28.5071
153,28.4546
154,28.4365
155,28.3262
156,28.3773
157,28.4057
158,28.4574
159,28.4193
160,28.4927
161,28.2785
162,28.3092
163,28.3485
164,28.4251
165,28.3191
166,28.3653
167,28.3708
168,28.3698
169,28.3664
170,28.3722
171,28.37
172,28.3817
173,28.3506
174,28.3817
175,28.4228
176,28.3109
177,28.239
178,28.372
179,28.4107
180,28.2679
181,28.2805
182,28.2464
183,28.2491
184,28.279
185,28.26
186,28.2331
187,28.2176
188,28.2658
189,28.3022
190,28.3246
191,28.3973
192,28.4454
193,28.2932
194,28.4692
195,28.3422
196,28.3719
197,28.368
198,28.279
199,28.3802
200,28.4803
201,28.3699
202,28.3401
203,28.3674
204,28.284
205,28.3827
206,28.2353
207,28.2941
208,28.2973
209,28.2247
210,28.2803
211,28.2714
212,28.4029
213,28.3872
214,28.3227
215,28.3783
216,28.3094
217,28.3359
218,28.3649
219,28.2177
220,28.3134
221,28.4006
222,28.3606
223,28.3579
224,28.366
225,28.3547
226,28.2884
227,28.2552
228,28.2729
229,28.4094
230,28.4683
231,28.4884
232,28.4541
233,28.5367
234,28.3675
235,28.3682
236,28.4497
237,28.3066
238,28.438
239,28.5522
240,28.516
241,28.4938
242,28.5046
243,28.5347
244,28.4777
245,28.496
246,28.501
247,28.466
248,28.4842
249,28.4921
250,28.427
251,28.3817
252,28.4645
253,28.4449
254,28.342
255,28.4901
256,28.4221
257,28.4139
258,28.3093
259,28.3904
260,28.3986
261,28.384
262,28.4109
263,28.3312
264,28.2158
265,28.334
266,28.2532
267,28.2172
268,28.2283
269,28.23
270,28.1692
271,28.4082
272,28.4122
273,28.4059
274,28.4751
275,28.4915
276,28.3938
277,28.4296
278,28.4583
279,28.307
280,28.2939
281,28.1556
282,28.3068
283,28.3824
284,28.3047
285,28.3671
286,28.4323
287,28.4578
288,28.421
289,28.4225
290,28.2883
291,28.3275
292,28.3675
293,28.287
294,28.3858
295,28.4903
296,28.5914
297,28.6018
298,28.4
299,28.4318
300,28.5629
301,28.4652
302,28.3576
303,28.3282
304,28.2904
305,28.3534
306,28.3387
307,28.4054
308,28.4613
309,28.4525
310,28.5003
311,28.4548
312,28.4441
313,28.5652
314,28.5505
315,28.4965
316,28.3946
317,28.2365
318,28.3957
319,28.3831
320,28.3448
321,28.5177
322,28.4372
323,28.4635
324,28.4916
325,28.4948
326,28.5421
327,28.5923
328,28.4152
329,28.3979
330,28.5014
331,28.3775
332,28.3406
333,28.539
334,28.5286
335,28.6207
336,28.4927
337,28.5703
338,28.575
339,28.5083
340,28.5329
341,28.4701
342,28.5233
343,28.4837
344,28.5569
345,28.5439
346,28.4558
347,28.475
348,28.4252
349,28.414
350,28.4681
351,28.4961
352,28.4627
353,28.4302
354,28.4196
355,28.5061
356,28.5137
357,28.5347
358,28.486
359,28.4823
360,28.5608
361,28.5787
362,28.5629
363,28.431
364,28.4321
365,28.3596
366,28.417
367,28.3996
368,28.4221
369,28.3723
370,28.4202
371,28.5028
372,28.4649
373,28.3894
374,28.4491
375,28.4974
376,28.4303
377,28.4711
378,28.3267
379,28.5347
380,28.4736
381,28.4728
382,28.477
383,28.449
384,28.5102
385,28.3758
386,28.5133
387,28.4084
388,28.3915
389,28.4256
390,28.4409
391,28.4381
392,28.4297
393,28.3717
394,28.4101
395,28.3307
396,28.3133
397,28.4438
398,28.4015
399,28.3834
400,28.3297
401,28.5
402,28.3796
403,28.3963
404,28.4001
405,28.4515
406,28.3111
407,28.2918
408,28.4904
409,28.4065
410,28.4342
411,28.5284
412,28.529
413,28.5751
414,28.5109
415,28.5954
416,28.4975
417,28.5253
418,28.4189
419,28.3819
420,28.436
421,28.523
422,28.6499
423,28.547
424,28.4477
425,28.4502
426,28.4873
427,28.4076
428,28.4146
429,28.4373
430,28.3957
431,28.4763
432,28.5445
433,28.4925
434,28.4595
435,28.4245
436,28.3991
437,28.4729
438,28.372
439,28.4635
440,28.4545
441,28.4294
442,28.4974
443,28.4802
444,28.4398
445,28.4798
446,28.5378
447,28.4935
448,28.4924
449,28.3599
450,28.4395
451,28.5411
452,28.463
453,28.6109
454,28.4653
455,28.3835
456,28.4756
457,28.5569
458,28.5648
459,28.5447
460,28.5417
461,28.4341
462,28.5204
463,28.5299
464,28.4681
465,28.5107
466,28.4545
467,28.3404
468,28.2998
469,28.4198
470,28.4227
471,28.4423
472,28.4032
473,28.3626
474,28.3389
475,28.5043
476,28.3303
477,28.3774
478,28.3969
479,28.4145
480,28.4556
481,28.4178
482,28.4195
483,28.447
484,28.4176
485,28.3379
486,28.3892
487,28.329
488,28.3325
489,28.4134
490,28.3611
491,28.4491
492,28.4385
493,28.3981
494,28.3256
495,28.3589
496,28.4209
497,28.298
498,28.41
499,28.4806
500,28.3654
501,28.4065
502,28.415
503,28.2467
504,28.4852
505,28.3492
506,28.386
507,28.4549
508,28.5112
509,28.4533
510,28.5433
511,28.4849
512,28.4852
513,28.4111
514,28.3419
515,28.421
516,28.3648
517,28.2397
518,28.2467
519,28.1563
520,28.2462
521,28.3374
522,28.2635
523,28.2059
524,28.2824
525,28.1562
526,28.145
527,28.217
528,28.1974
529,28.2857
530,28.3192
531,28.3684
532,28.356
533,28.4183
534,28.2911
535,28.3461
536,28.3422
537,28.3084
538,28.3793
539,28.4803
540,28.4573
541,28.4462
542,28.4914
543,28.515
544,28.5909
545,28.5535
546,28.5729
547,28.7108
548,28.5336
549,28.6517
550,28.5626
551,28.6145
552,28.5769
553,28.6128
554,28.4723
555,28.6045
556,28.6044
557,28.5901
558,28.6487
559,28.5829
560,28.6133
561,28.6693
562,28.5259
563,28.5733
564,28.4829
565,28.434
566,28.4561
567,28.5098
568,28.5486
569,28.4814
570,28.5062
571,28.4994
572,28.3501
573,28.4043
574,28.222
575,28.2421
576,28.4193
577,28.4143
578,28.3976
579,28.4478
580,28.4833
581,28.6072
582,28.6546
583,28.5236
584,28.509
585,28.5171
586,28.3963
587,28.5274
588,28.467
589,28.4691
590,28.4781
591,28.3051
592,28.3394
593,28.3609
594,28.2969
595,28.2613
596,28.341
597,28.34
598,28.3201
599,28.3684
600,28.25
601,28.3446
602,28.296
603,28.4652
604,28.4962
605,28.4435
606,28.4404
607,28.4828
608,28.5267
609,28.4638
610,28.3651
611,28.3093
612,28.3234
613,28.3404
614,28.4095
615,28.2867
616,28.336
617,28.3384
618,28.2218
619,28.2966
620,28.3139
621,28.2957
622,28.2244
623,28.2752
624,28.3438
625,28.2476
626,28.3338
627,28.4034
628,28.4398
629,28.4127
630,28.4882
631,28.5433
632,28.4352
633,28.4362
634,28.352
635,28.2932
636,28.3358
637,28.3112
638,28.2945
639,28.344
640,28.3031
641,28.3825
642,28.3538
643,28.3999
644,28.4452
645,28.4751
646,28.262
647,28.2452
648,28.3328
649,28.4428
650,28.3356
651,28.3506
652,28.3796
653,28.3724
654,28.3549
655,28.259
656,28.3617
657,28.4357
658,28.3395
659,28.2242
660,28.2623
661,28.2139
662,28.2722
663,28.3076
664,28.3514
665,28.2119
666,28.2163
667,28.1737
668,28.122
669,28.2285
670,28.2377
671,28.2657
672,28.2402
673,28.3574
674,28.2978
675,28.3686
676,28.339
677,28.3373
678,28.4171
679,28.3312
680,28.4028
681,28.3546
682,28.2809
683,28.2093
684,28.3762
685,28.3269
686,28.3488
687,28.2656
688,28.3429
689,28.2724
690,28.3481
691,28.2551
692,28.2412
693,28.2883
694,28.2459
695,28.3503
696,28.3029
697,28.3555
698,28.3501
699,28.3556
700,28.2823
701,28.2832
702,28.2402
703,28.2413
704,28.1951
705,28.2114
706,28.3009
707,28.2767
708,28.1683
709,28.2361
710,28.2173
711,28.2594
712,28.3114
713,28.3948
714,28.4059
715,28.267
716,28.3775
717,28.4685
718,28.3767
719,28.437
720,28.5682
721,28.4251
722,28.4869
723,28.4347
724,28.5171
725,28.4128
726,28.4936
727,28.4286
728,28.3878
729,28.4304
730,28.3999
731,28.4179
732,28.3965
733,28.2576
734,28.3112
735,28.2765
736,28.2918
737,28.3783
738,28.3887
739,28.3035
740,28.401
741,28.4361
742,28.3751
743,28.379
744,28.328
745,28.3604
746,28.3779
747,28.3779
748,28.4922
749,28.4416
750,28.4098
751,28.3301
752,28.2152
753,28.332
754,28.2808
755,28.2589
756,28.292
757,28.2169
758,28.3386
759,28.3586
760,28.3849
761,28.3372
762,28.3535
763,28.2756
764,28.3659
765,28.3299
766,28.2991
767,28.3227
768,28.4011
769,28.3693
770,28.2385
771,28.2853
772,28.2424
773,28.2397
774,28.3113
775,28.4332
776,28.3768
777,28.3049
778,28.2611
779,28.2891
780,28.3745
781,28.4314
782,28.4792
783,28.4094
784,28.3933
785,28.286
786,28.3441
787,28.5884
788,28.4913
789,28.3208
790,28.2386
791,28.3603
792,28.3109
793,28.2373
794,28.3406
795,28.266
796,28.357
797,28.3365
798,28.2459
799,28.158
800,28.247
801,28.0928
802,28.0649
803,28.194
804,28.1896
805,28.2532
806,28.2116
807,28.2247
808,28.2477
809,28.3121
810,28.1476
811,28.2584
812,28.1704
813,28.2309
814,28.258
815,28.1814
816,28.2479
817,28.0559
818,28.0705
819,28.2546
820,28.1212
821,28.1368
822,28.1929
823,28.1846
824,28.2747
825,28.2759
826,28.22
827,28.2653
828,28.254
829,28.3708
830,28.3584
831,28.2087
832,28.3123
833,28.278
834,28.2203
835,28.2061
836,28.0818
837,28.089
838,28.1745
839,28.1804
840,28.2141
841,28.1616
842,28.222
843,28.1732
844,28.1486
845,28.216
846,28.301
847,28.2565
848,28.3497
849,28.3708
850,28.3927
851,28.3562
852,28.3463
853,28.402
854,28.3601
855,28.4663
856,28.4231
857,28.3103
858,28.4077
859,28.208
860,28.3342
861,28.3712
862,28.4276
863,28.4307
864,28.3511
865,28.4381
866,28.2742
867,28.3844
868,28.2005
869,28.2021
870,28.209
871,28.1017
872,28.0483
873,28.0167
874,28.0864
875,28.157
876,28.1364
877,28.0312
878,28.1024
879,28.0048
880,27.9569
881,28.1223
882,28.1291
883,28.2357
884,28.2153
885,28.0788
886,28.0472
887,28.0252
888,28.1404
889,28.1041
890,28.3088
891,28.1688
892,28.0901
893,28.102
894,28.0961
895,28.1508
896,28.2273
897,28.0753
898,28.1727
899,28.1674
900,28.0653
901,28.1559
902,28.2709
903,28.3021
904,28.4148
905,28.4397
906,28.2793
907,28.2239
908,28.2182
909,28.2615
910,28.1259
911,28.1652
912,28.2611
913,28.1267
914,28.0687
915,28.1424
916,28.1782
917,28.1566
918,28.1354
919,28.104
920,28.1097
921,28.1435
922,28.1058
923,28.1297
924,28.1061
925,28.1601
926,28.0344
927,28.0839
928,28.2239
929,28.0947
930,28.2649
931,28.2248
932,28.2157
933,28.1136
934,27.98
935,28.0273
936,28.0657
937,28.1225
938,28.073
939,28.1286
940,28.0658
941,28.1176
942,28.2727
943,28.2818
944,28.2339
945,28.2735
946,28.2523
947,28.1933
948,28.2854
949,28.2016
950,28.0795
951,28.0384
952,28.1563
953,28.2364
954,28.1165
955,28.0927
956,28.0645
957,28.1855
958,28.1016
959,28.2137
960,28.2921
961,28.1931
962,28.2588
963,28.3156
964,28.3094
965,28.2835
966,28.3616
967,28.3262
968,28.3016
969,28.1974
970,28.2375
971,28.2747
972,28.1727
973,28.1885
974,28.2328
975,28.1128
976,28.2462
977,28.2791
978,28.3071
979,28.2238
980,28.3365
981,28.3246
982,28.2408
983,28.3471
984,28.2785
985,28.2838
986,28.2189
987,28.2134
988,28.1541
989,28.2207
990,28.1635
991,28.2529
992,28.2122
993,28.1646
994,28.1729
995,28.0619
996,28.1613
997,28.1735
998,28.2933
999,28.3197
1000,28.1943
1001,28.3032
1002,28.3132
1003,28.2339
1004,28.1678
1005,28.1632
1006,28.1948
1007,28.2116
1008,28.1359
1009,28.188
1010,28.1253
1011,28.2242
1012,28.0891
1013,28.2369
1014,28.1956
1015,28.2261
1016,28.249
1017,28.2452
1018,28.2042
1019,28.236
1020,28.2486
1021,28.1337
1022,28.2803
1023,28.2987
1024,28.4218
1025,28.3533
1026,28.3753
1027,28.3613
1028,28.3221
1029,28.2851
1030,28.3074
1031,28.192
1032,28.242
1033,28.3238
1034,28.3766
1035,28.2266
1036,28.2453
1037,28.2806
1038,28.2248
1039,28.3023
1040,28.2765
1041,28.2686
1042,28.2036
1043,28.3066
1044,28.335
1045,28.2936
1046,28.1963
1047,28.2329
1048,28.2435
1049,28.2896
1050,28.2367
1051,28.2018
1052,28.1897
1053,28.1415
1054,28.1201
1055,28.1003
1056,28.0659
1057,28.0765
1058,28.1071
1059,28.092
1060,28.2096
1061,28.232
1062,28.148
1063,28.2738
1064,28.1963
1065,28.2088
1066,28.1666
1067,28.1948
1068,28.224
1069,28.2081
1070,28.2591
1071,28.1191
1072,28.178
1073,28.1323
1074,28.2301
1075,28.2306
1076,28.2156
1077,28.2282
1078,28.2484
1079,28.2474
1080,28.2682
1081,28.2862
1082,28.1039
1083,28.0625
1084,28.0637
1085,28.0895
1086,28.2269
1087,28.3671
1088,28.2571
1089,28.2559
1090,28.2845
1091,28.2868
1092,28.3481
1093,28.3203
1094,28.2112
1095,28.3118
1096,28.3772
1097,28.3954
1098,28.3433
1099,28.4095
1100,28.3121
1101,28.3379
1102,28.2931
1103,28.3287
1104,28.2668
1105,28.3241
1106,28.2628
1107,28.2909
1108,28.4136
1109,28.292
1110,28.3544
1111,28.393
1112,28.2177
1113,28.2559
1114,28.2671
1115,28.294
1116,28.2841
1117,28.1742
1118,28.2568
1119,28.4031
1120,28.3136
1121,28.4208
1122,28.3322
1123,28.3288
1124,28.3264
1125,28.3461
1126,28.3292
1127,28.2701
1128,28.3067
1129,28.2971
1130,28.3664
1131,28.2916
1132,28.191
1133,28.2738
1134,28.2788
1135,28.403
1136,28.409
1137,28.2562
1138,28.2028
1139,28.2104
1140,28.2511
1141,28.1967
1142,28.1315
1143,28.2371
1144,28.3039
1145,28.1554
1146,28.1843
1147,28.2403
1148,28.1821
1149,28.1265
1150,28.2198
1151,28.1494
1152,28.1742
1153,28.1303
1154,28.138
1155,28.1711
1156,28.0982
1157,27.9783
1158,28.0238
1159,28.0509
1160,27.9872
1161,27.9361
1162,28.0866
1163,28.1464
1164,28.0856
1165,28.0631
1166,28.0759
1167,28.0162
1168,28.0792
1169,28.0998
1170,28.1435
1171,28.0937
1172,28.0665
1173,28.2191
1174,28.2202
1175,28.1954
1176,28.2841
1177,28.3691
1178,28.3755
1179,28.4294
1180,28.2628
1181,28.2235
1182,28.2673
1183,28.2522
1184,28.2139
1185,28.1371
1186,28.3005
1187,28.3527
1188,28.4081
1189,28.3839
1190,28.3359
1191,28.3251
1192,28.2682
1193,28.2916
1194,28.289
1195,28.3039
1196,28.3146
1197,28.3987
1198,28.3856
1199,28.4062
1200,28.3754
1201,28.3656
1202,28.4503
1203,28.4533
1204,28.4011
1205,28.4798
1206,28.4426
1207,28.3889
1208,28.2743
1209,28.351
1210,28.2837
1211,28.3454
1212,28.3436
1213,28.3884
1214,28.4289
1215,28.4343
1216,28.3811
1217,28.4136
1218,28.4188
1219,28.4409
1220,28.4854
1221,28.4836
1222,28.4279
1223,28.4178
1224,28.4611
1225,28.4586
1226,28.4483
1227,28.5143
1228,28.6282
1229,28.5575
1230,28.5389
1231,28.5407
1232,28.4225
1233,28.3186
1234,28.417
1235,28.3652
1236,28.2842
1237,28.3183
1238,28.3657
1239,28.2749
1240,28.4616
1241,28.2343
1242,28.2433
1243,28.2706
1244,28.1403
1245,28.2038
1246,28.1872
1247,28.3127
1248,28.3632
1249,28.4125
1250,28.3906
1251,28.3552
1252,28.3584
1253,28.3549
1254,28.2994
1255,28.3521
1256,28.2599
1257,28.2896
1258,28.2371
1259,28.2006
1260,28.2652
1261,28.3082
1262,28.4086
1263,28.5016
1264,28.5578
1265,28.6073
1266,28.5977
1267,28.5105
1268,28.5989
1269,28.6293
1270,28.623
1271,28.5725
1272,28.5236
1273,28.5546
1274,28.4964
1275,28.4606
1276,28.433
1277,28.4193
1278,28.3774
1279,28.4312
1280,28.442
1281,28.5171
1282,28.5406
1283,28.5315
1284,28.315
1285,28.3178
1286,28.4016
1287,28.4145
1288,28.3771
1289,28.2571
1290,28.2022
1291,28.2926
1292,28.3489
1293,28.3065
1294,28.4321
1295,28.4405
1296,28.4254
1297,28.4637
1298,28.3503
1299,28.4491
1300,28.4751
1301,28.4539
1302,28.4101
1303,28.4667
1304,28.4696
1305,28.462
1306,28.3008
1307,28.3054
1308,28.2452
1309,28.2882
1310,28.2511
1311,28.3851
1312,28.4679
1313,28.4145
1314,28.3772
1315,28.3492
1316,28.4674
1317,28.3219
1318,28.2538
1319,28.2858
1320,28.3324
1321,28.4008
1322,28.3351
1323,28.2396
1324,28.1812
1325,28.2011
1326,28.1452
1327,28.0721
1328,28.2019
1329,28.2083
1330,28.112
1331,28.1949
1332,28.2045
1333,28.2286
1334,28.3232
1335,28.243
1336,28.2685
1337,28.3365
1338,28.3017
1339,28.2726
1340,28.2318
1341,28.3332
1342,28.2625
1343,28.2653
1344,28.3933
1345,28.3319
1346,28.3886
1347,28.3767
1348,28.3036
1349,28.2643
1350,28.2669
1351,28.2266
1352,28.1626
1353,28.1503
1354,28.2349
1355,28.1686
1356,28.2524
1357,28.4041
1358,28.3252
1359,28.2446
1360,28.2577
1361,28.3198
1362,28.4943
1363,28.5082
1364,28.4643
1365,28.3955
1366,28.4112
1367,28.3427
1368,28.3029
1369,28.3512
1370,28.2397
1371,28.2929
1372,28.3155
1373,28.3737
1374,28.542
1375,28.4563
1376,28.5237
1377,28.4189
1378,28.3829
1379,28.488
1380,28.406
1381,28.5118
1382,28.5541
1383,28.4853
1384,28.4684
1385,28.5091
1386,28.5806
1387,28.6741
1388,28.5238
1389,28.5842
1390,28.539
1391,28.5972
1392,28.5102
1393,28.4393
1394,28.3368
1395,28.4122
1396,28.4188
1397,28.3993
1398,28.5155
1399,28.5025
1400,28.4887
1401,28.4546
1402,28.4753
1403,28.3603
1404,28.4702
1405,28.4322
1406,28.3775
1407,28.4217
1408,28.3307
1409,28.3076
1410,28.4208
1411,28.3411
1412,28.3526
1413,28.5002
1414,28.3975
1415,28.5241
1416,28.4991
1417,28.5384
1418,28.4632
1419,28.5081
1420,28.4521
1421,28.3973
1422,28.3681
1423,28.4223
1424,28.2573
1425,28.3947
1426,28.2835
1427,28.3004
1428,28.2751
1429,28.31
1430,28.4145
1431,28.2454
1432,28.2418
1433,28.2734
1434,28.2376
1435,28.1994
1436,28.2837
1437,28.2258
1438,28.217
1439,28.179
1440,28.2309
1441,28.3141
1442,28.3143
1443,28.2323
1444,28.2086
1445,28.3561
1446,28.2544
1447,28.2434
1448,28.3448
1449,28.2211
1450,28.3927
1451,28.2927
1452,28.3918
1453,28.4218
1454,28.259
1455,28.4114
1456,28.3924
1457,28.4266
1458,28.3513
1459,28.4104
1460,28.3363
1461,28.4454
1462,28.4747
1463,28.4742
1464,28.4713
1465,28.438
1466,28.3202
1467,28.3962
1468,28.4359
1469,28.4166
1470,28.4471
1471,28.3751
1472,28.3431
1473,28.3371
1474,28.4933
1475,28.3073
1476,28.503
1477,28.4686
1478,28.3896
1479,28.3841
1480,28.3503
1481,28.2268
1482,28.2305
1483,28.2989
1484,28.3757
1485,28.2745
1486,28.4084
1487,28.4016
1488,28.3787
1489,28.4178
1490,28.426
1491,28.4226
1492,28.2737
1493,28.2792
1494,28.3049
1495,28.3082
1496,28.4002
1497,28.3392
1498,28.3458
1499,28.4371
1500,28.3268
1501,28.2965
1502,28.3097
1503,28.3106
1504,28.3354
1505,28.3727
1506,28.4389
1507,28.4662
1508,28.5679
1509,28.5285
1510,28.5081
1511,28.4864
1512,28.4149
1513,28.4192
1514,28.4246
1515,28.4085
1516,28.4843
1517,28.4826
1518,28.5582
1519,28.3867
1520,28.3128
1521,28.4059
1522,28.3667
1523,28.3865
1524,28.4131
1525,28.4175
1526,28.3869
1527,28.4496
1528,28.4154
1529,28.3892
1530,28.4767
1531,28.3583
1532,28.3967
1533,28.5517
1534,28.5144
1535,28.622
1536,28.5398
1537,28.4619
1538,28.4941
1539,28.5472
1540,28.6042
1541,28.5019
1542,28.5554
1543,28.528
1544,28.5281
1545,28.4051
1546,28.42
1547,28.5889
1548,28.4947
1549,28.4511
1550,28.5065
1551,28.6052
1552,28.6449
1553,28.6334
1554,28.661
1555,28.432
1556,28.388
1557,28.4283
1558,28.349
1559,28.4554
1560,28.4577
1561,28.534
1562,28.5442
1563,28.4811
1564,28.5441
1565,28.4723
1566,28.4845
1567,28.5217
1568,28.5377
1569,28.442
1570,28.4072
1571,28.4899
1572,28.5604
1573,28.6463
1574,28.5063
1575,28.4831
1576,28.3896
1577,28.3819
1578,28.4706
1579,28.4944
1580,28.5155
1581,28.4374
1582,28.5607
1583,28.5256
1584,28.5144
1585,28.5545
1586,28.6372
1587,28.6424
1588,28.6383
1589,28.5234
1590,28.5485
1591,28.5336
1592,28.6328
1593,28.5915
1594,28.6274
1595,28.5617
1596,28.5231
1597,28.5135
1598,28.674
1599,28.4832
1600,28.5447
1601,28.5768
1602,28.6117
1603,28.5427
1604,28.5586
1605,28.5639
1606,28.4989
1607,28.4835
1608,28.432
1609,28.336
1610,28.3401
1611,28.3347
1612,28.3665
1613,28.2782
1614,28.2969
1615,28.3625
1616,28.4054
1617,28.5223
1618,28.4501
1619,28.4541
1620,28.4194
1621,28.3613
1622,28.3401
1623,28.4856
1624,28.3483
1625,28.3752
1626,28.5392
1627,28.4542
1628,28.5224
1629,28.4687
1630,28.4126
1631,28.4777
1632,28.5063
1633,28.4957
1634,28.4847
1635,28.3917
1636,28.3819
1637,28.3197
1638,28.3761
1639,28.3206
1640,28.3812
1641,28.3279
1642,28.3536
1643,28.4843
1644,28.5082
1645,28.4712
1646,28.3732
1647,28.4869
1648,28.5048
1649,28.3916
1650,28.5344
1651,28.4424
1652,28.4247
1653,28.3423
1654,28.3244
1655,28.3698
1656,28.3868
1657,28.4271
1658,28.3382
1659,28.3948
1660,28.379
1661,28.5301
1662,28.4675
1663,28.4196
1664,28.3914
1665,28.4341
1666,28.4951
1667,28.3814
1668,28.4892
1669,28.4751
1670,28.4265
1671,28.4036
1672,28.4051
1673,28.3694
1674,28.4166
1675,28.3421
1676,28.4067
1677,28.5231
1678,28.4135
1679,28.4642
1680,28.4722
1681,28.4852
1682,28.448
1683,28.4679
1684,28.4416
1685,28.4897
1686,28.4955
1687,28.5988
1688,28.5069
1689,28.531
1690,28.5784
1691,28.5715
1692,28.4715
1693,28.5959
1694,28.4177
1695,28.4726
1696,28.4896
1697,28.4643
1698,28.4567
1699,28.3764
1700,28.3894
1701,28.4254
1702,28.4422
1703,28.4471
1704,28.4423
1705,28.4287
1706,28.4962
1707,28.5091
1708,28.435
1709,28.4965
1710,28.4863
1711,28.4288
1712,28.4173
1713,28.4067
1714,28.4298
1715,28.4517
1716,28.4575
1717,28.4324
1718,28.4511
1719,28.4973
1720,28.4405
1721,28.5691
1722,28.545
1723,28.576
1724,28.4648
1725,28.522
1726,28.5841
1727,28.4723
1728,28.5844
1729,28.5559
1730,28.6026
1731,28.4837
1732,28.534
1733,28.5142
1734,28.4708
1735,28.4646
1736,28.4896
1737,28.5457
1738,28.4733
1739,28.4985
1740,28.4917
1741,28.555
1742,28.4547
1743,28.5542
1744,28.5359
1745,28.4572
1746,28.4704
1747,28.514
1748,28.5492
1749,28.4439
1750,28.4846
1751,28.6065
1752,28.6041
1753,28.3989
1754,28.3777
1755,28.3325
1756,28.4044
1757,28.369
1758,28.429
1759,28.4113
1760,28.3796
1761,28.3574
1762,28.3494
1763,28.4263
1764,28.354
1765,28.4494
1766,28.3775
1767,28.2181
1768,28.2718
1769,28.3527
1770,28.2589
1771,28.2278
1772,28.2863
1773,28.3019
1774,28.3725
1775,28.2831
1776,28.3862
1777,28.38
1778,28.3426
1779,28.3049
1780,28.3469
1781,28.2991
1782,28.2975
1783,28.1964
1784,28.2828
1785,28.2218
1786,28.3053
1787,28.232
1788,28.2391
1789,28.339
1790,28.2831
1791,28.2523
1792,28.3389
1793,28.2913
1794,28.1579
1795,28.2799
1796,28.3536
1797,28.2352
1798,28.1337
1799,28.2408
1800,28.2691
1801,28.3547
1802,28.3355
1803,28.3623
1804,28.4352
1805,28.5047
1806,28.4174
1807,28.4051
1808,28.3789
1809,28.3915
1810,28.3896
1811,28.5219
1812,28.4586
1813,28.3367
1814,28.2885
1815,28.2303
1816,28.1729
1817,28.2558
1818,28.2259
1819,28.2161
1820,28.2447
1821,28.2215
1822,28.2455
1823,28.25
1824,28.2023
1825,28.1792
1826,28.3789
1827,28.2682
1828,28.3651
1829,28.3876
1830,28.3314
1831,28.2789
1832,28.4027
1833,28.4138
1834,28.4231
1835,28.4398
1836,28.4079
1837,28.3907
1838,28.3307
1839,28.4572
1840,28.4923
1841,28.4512
1842,28.5215
1843,28.5085
1844,28.5115
1845,28.5354
1846,28.504
1847,28.4502
1848,28.5279
1849,28.4679
1850,28.4013
1851,28.4022
1852,28.4075
1853,28.3692
1854,28.3956
1855,28.5783
1856,28.4907
1857,28.5444
1858,28.569
1859,28.3955
1860,28.36
1861,28.3466
1862,28.4483
1863,28.3469
1864,28.4906
1865,28.4273
1866,28.4743
1867,28.3509
1868,28.3287
1869,28.3453
1870,28.3726
1871,28.5143
1872,28.4617
1873,28.3654
1874,28.2626
1875,28.379
1876,28.3525
1877,28.4143
1878,28.3754
1879,28.4203
1880,28.4086
1881,28.367
1882,28.5087
1883,28.4947
1884,28.4817
1885,28.5002
1886,28.4145
1887,28.3457
1888,28.3887
1889,28.4277
1890,28.3164
1891,28.3731
1892,28.4092
1893,28.3684
1894,28.3006
1895,28.2981
1896,28.4136
1897,28.2998
1898,28.4213
1899,28.3321
1900,28.4364
1901,28.3119
1902,28.3511
1903,28.4506
1904,28.3764
1905,28.3538
1906,28.3929
1907,28.5294
1908,28.5066
1909,28.5556
1910,28.5051
1911,28.4825
1912,28.522
1913,28.5165
1914,28.4643
1915,28.4425
1916,28.412
1917,28.3856
1918,28.3286
1919,28.2827
1920,28.3763
1921,28.4205
1922,28.4404
1923,28.3756
1924,28.3866
1925,28.5434
1926,28.498
1927,28.4216
1928,28.495
1929,28.5191
1930,28.4762
1931,28.4365
1932,28.4502
1933,28.3936
1934,28.3142
1935,28.4571
1936,28.3375
1937,28.2595
1938,28.3683
1939,28.3696
1940,28.3167
1941,28.3018
1942,28.1753
1943,28.2819
1944,28.2834
1945,28.2379
1946,28.1451
1947,28.2497
1948,28.2585
1949,28.2292
1950,28.2829
1951,28.2594
1952,28.2829
1953,28.3215
1954,28.2124
1955,28.3543
1956,28.2248
1957,28.3678
1958,28.393
1959,28.3233
1960,28.3337
1961,28.2469
1962,28.1383
1963,28.3131
1964,28.2151
1965,28.2648
1966,28.182
1967,28.2014
1968,28.1302
1969,28.0898
1970,28.1757
1971,28.1911
1972,28.213
1973,28.3531
1974,28.2431
1975,28.2387
1976,28.2934
1977,28.2514
1978,28.2557
1979,28.2596
1980,28.2622
1981,28.233
1982,28.4403
1983,28.259
1984,28.2932
1985,28.2602
1986,28.3495
1987,28.1799
1988,28.2716
1989,28.308
1990,28.3536
1991,28.3806
1992,28.4323
1993,28.3042
1994,28.3575
1995,28.3618
1996,28.302
1997,28.2531
1998,28.4
1999,28.3523
2000,28.2838
2001,28.2752
2002,28.2469
2003,28.3206
2004,28.3736
2005,28.4547
2006,28.3373
2007,28.4321
2008,28.4088
2009,28.2516
2010,28.3446
2011,28.3444
2012,28.1999
2013,28.1959
2014,28.2623
2015,28.1449
2016,28.1218
2017,28.163
2018,28.1484
2019,27.9707
2020,28.086
2021,28.0918
2022,28.1336
2023,28.0529
2024,28.051
2025,28.0843
2026,28.0837
2027,28.096
2028,28.0788
2029,28.1208
2030,28.1555
2031,28.1463
2032,28.1318
2033,28.0812
2034,28.0266
2035,28.0596
2036,28.1088
2037,28.1047
2038,28.0957
2039,28.2219
2040,28.212
2041,28.1403
2042,28.2192
2043,28.2413
2044,28.1456
2045,28.1298
2046,28.1856
2047,28.1228
2048,28.0421
2049,28.047
2050,28.1343
2051,28.1417
2052,28.2027
2053,28.1591
2054,28.1615
2055,28.2442
2056,28.162
2057,28.0967
2058,28.1396
2059,28.0993
2060,28.1225
2061,28.1329
2062,28.1351
2063,28.1556
2064,28.216
2065,28.2505
2066,28.1682
2067,28.1364
2068,28.2785
2069,28.1277
2070,28.0996
2071,28.2135
2072,28.1649
2073,28.2399
2074,28.1274
2075,28.0368
2076,28.1586
2077,28.1206
2078,28.1192
2079,28.1042
2080,28.0865
2081,28.088
2082,28.0713
2083,28.1274
2084,28.0358
2085,28.0078
2086,28.0457
2087,28.1207
2088,28.1238
2089,28.1129
2090,28.1816
2091,28.0804
2092,28.0837
2093,28.0907
2094,28.0721
2095,28.0268
2096,28.0817
2097,27.9827
2098,27.9868
2099,28.0904
2100,28.1114
2101,28.1497
2102,28.1314
2103,28.0536
2104,28.1352
2105,28.0719
2106,28.01
2107,28.0289
2108,28.0371
2109,28.1072
2110,28.0199
2111,28.0348
2112,28.0349
2113,28.055
2114,28.0593
2115,28.0051
2116,28.0153
2117,27.9568
2118,27.9626
2119,27.9542
2120,27.8542
2121,27.8776
2122,27.9591
2123,27.9104
2124,27.8845
2125,27.848
2126,27.8783
2127,27.9425
2128,28.0043
2129,28.0228
2130,27.9609
2131,28.0327
2132,28.0433
2133,28.0042
2134,28.0653
2135,28.0807
2136,28.0772
2137,28.0764
2138,27.9731
2139,27.9822
2140,27.9653
2141,28.0585
2142,28.0383
2143,27.9995
2144,28.0365
2145,27.9853
2146,28.0321
2147,27.9391
2148,27.8888
2149,28.0153
2150,28.0431
2151,28.0514
2152,28.0412
2153,28.0507
2154,28.0802
2155,28.0337
2156,28.1001
2157,28.1278
2158,28.236
2159,28.0882
2160,28.0468
2161,28.0762
2162,28.0472
2163,28.0718
2164,28.0536
2165,28.1294
2166,28.0369
2167,28.0536
2168,28.1285
2169,28.1014
2170,28.1372
2171,28.1162
2172,28.0883
2173,28.136
2174,28.2042
2175,28.1283
2176,28.1039
2177,28.0607
2178,28.0634
2179,28.1456
2180,28.0966
2181,28.1
2182,28.0909
2183,28.112
2184,28.1972
2185,28.1047
2186,28.159
2187,28.1523
2188,28.1737
2189,28.1389
2190,28.2563
2191,28.2545
2192,28.3231
2193,28.3598
2194,28.2627
2195,28.2843
2196,28.2977
2197,28.1785
2198,28.2373
2199,28.2884
2200,28.2657
2201,28.2662
2202,28.2695
2203,28.2811
2204,28.2729
2205,28.2515
2206,28.2391
2207,28.2537
2208,28.169
2209,28.0731
2210,28.084
2211,28.1281
2212,28.176
2213,28.0482
2214,28.0516
2215,28.1605
2216,28.1555
2217,28.1953
2218,28.0899
2219,28.089
2220,28.1299
2221,28.1211
2222,28.0934
2223,28.1259
2224,28.1795
2225,28.2864
2226,28.2214
2227,28.2287
2228,28.4116
2229,28.2401
2230,28.1774
2231,28.1673
2232,28.1062
2233,28.1427
2234,28.0447
2235,28.1185
2236,28.1277
2237,28.1183
2238,28.1308
2239,28.2007
2240,28.1808
2241,28.1921
2242,28.1496
2243,28.0144
2244,28.1085
2245,28.2099
2246,28.0179
2247,28.0308
2248,27.9399
2249,27.9716
2250,28.0372
2251,28.0178
2252,28.0918
2253,28.1343
2254,28.136
2255,28.2014
2256,28.2255
2257,28.2183
2258,28.1424
2259,28.1488
2260,28.099
2261,28.1944
2262,28.1006
2263,28.0745
2264,28.1622
2265,28.109
2266,28.1578
2267,28.009
2268,28.1234
2269,28.1993
2270,28.1356
2271,28.1668
2272,28.1448
2273,28.2152
2274,28.1491
2275,28.0774
2276,28.2016
2277,28.2348
2278,28.2247
2279,27.9952
2280,28.0174
2281,28.146
2282,28.1881
2283,28.1828
2284,28.1331
2285,28.1711
2286,28.1936
2287,28.145
2288,28.2165
2289,28.0899
2290,28.0811
2291,28.0144
2292,28.056
2293,28.0602
2294,28.0044
2295,28.0898
2296,28.0039
2297,28.1911
2298,28.1298
2299,27.9967
2300,28.1094
2301,28.1801
2302,28.1567
2303,28.0688
2304,28.0811
2305,28.155
2306,28.2152
2307,28.2195
2308,28.1782
2309,28.1851
2310,28.1594
2311,28.2204
2312,28.2595
2313,28.1843
2314,28.1868
2315,28.2295
2316,28.2036
2317,28.1323
2318,28.1672
2319,28.2033
2320,28.1342
2321,28.1339
2322,28.1258
2323,28.179
2324,28.212
2325,28.2384
2326,28.1383
2327,28.1957
2328,28.1542
2329,28.2122
2330,28.0697
2331,28.1013
2332,28.2268
2333,28.1613
2334,28.2057
2335,28.2379
2336,28.2888
2337,28.2305
2338,28.2061
2339,28.1392
2340,28.0181
2341,28.1665
2342,28.1477
2343,28.1679
2344,28.1114
2345,28.1562
2346,28.1879
2347,28.0763
2348,28.1634
2349,28.0173
2350,27.9941
2351,28.1015
2352,28.0522
2353,28.086
2354,28.0041
2355,28.0167
2356,28.0439
2357,28.1365
2358,28.1123
2359,28.0701
2360,28.1148
2361,28.1406
2362,28.0583
2363,28.0605
2364,28.0739
2365,28.1319
2366,28.0838
2367,28.2678
2368,28.1448
2369,28.1408
2370,28.1517
2371,28.2239
2372,28.2009
2373,28.362
2374,28.3392
2375,28.2296
2376,28.2227
2377,28.1411
2378,28.1548
2379,28.278
2380,28.1171
2381,28.3097
2382,28.2385
2383,28.1344
2384,28.2244
2385,28.1864
2386,28.2533
2387,28.2269
2388,28.1808
2389,28.209
2390,28.1966
2391,28.2432
2392,28.1888
2393,28.0481
2394,28.0856
2395,28.1175
2396,28.0952
2397,28.2104
2398,28.2056
2399,28.2865
2400,28.2089
2401,28.2149
2402,28.1807
2403,28.2443
2404,28.1833
2405,28.1089
2406,28.1162
2407,28.2647
2408,28.1709
2409,28.1636
2410,28.1217
2411,28.1188
2412,28.1293
2413,28.1815
2414,28.1057
2415,28.1565
2416,28.2217
2417,28.1868
2418,28.2028
2419,28.1867
2420,28.3139
2421,28.1428
2422,28.1665
2423,28.1478
2424,28.2099
2425,28.0629
2426,28.1779
2427,28.3185
2428,28.2793
2429,28.2388
2430,28.3137
2431,28.3336
2432,28.2481
2433,28.2881
2434,28.2084
2435,28.2041
2436,28.2568
2437,28.227
2438,28.3409
2439,28.1679
2440,28.182
2441,28.3189
2442,28.2956
2443,28.1277
2444,28.1757
2445,28.0778
2446,28.0934
2447,28.1794
2448,28.1351
2449,28.0909
2450,27.9767
2451,28.0672
2452,28.0007
2453,27.9621
2454,27.9193
2455,28.0886
2456,28.0448
2457,27.972
2458,27.8989
2459,27.9698
2460,27.9172
2461,27.9256
2462,28.0439
2463,27.887
2464,27.9661
2465,28.0143
2466,28.0322
2467,28.0777
2468,27.9215
2469,28.0689
2470,28.13
2471,28.1917
2472,28.1086
2473,28.14
2474,28.0747
2475,27.9375
2476,27.9927
2477,27.9248
2478,27.9936
2479,28.0853
2480,28.0783
2481,28.0994
2482,28.0458
2483,28.0667
2484,28.0852
2485,27.9659
2486,28.1209
2487,28.005
2488,28.0437
2489,28.0906
2490,28.2291
2491,28.1077
2492,28.1612
2493,28.1228
2494,28.1474
2495,28.1167
2496,28.1998
2497,28.1577
2498,28.1317
2499,28.1439
2500,28.176
2501,28.1338
2502,28.0882
2503,28.1074
2504,28.2273
2505,28.1926
2506,28.1979
2507,28.1616
2508,28.0582
2509,28.1175
2510,28.0858
2511,28.1247
2512,27.9842
2513,28.1174
2514,28.0682
2515,28.0816
2516,28.029
2517,28.0387
2518,28.1388
2519,28.1265
2520,28.1128
2521,28.1728
2522,28.0386
2523,28.116
2524,28.1215
2525,27.9968
2526,27.9687
2527,28.0253
2528,28.0005
2529,28.0731
2530,28.1398
2531,28.0355
2532,28.1329
2533,28.0107
2534,28.1173
2535,28.0522
2536,28.0182
2537,28.0892
2538,28.0423
2539,27.9868
2540,28.0173
2541,28.0278
2542,28.0206
2543,28.1014
2544,28.0371
2545,28.1632
2546,28.1443
2547,28.0305
2548,28.1138
2549,28.1617
2550,28.1598
2551,28.1978
2552,28.2219
2553,28.2451
2554,28.154
2555,28.1531
2556,28.2561
2557,28.0974
2558,28.2221
2559,28.1809
2560,28.15
2561,28.2154
2562,28.2156
2563,28.2618
2564,28.2636
2565,28.1866
2566,28.1999
2567,28.2557
2568,28.2556
2569,28.3487
2570,28.2953
2571,28.2792
2572,28.3472
2573,28.1639
2574,28.2706
2575,28.1812
2576,28.1804
2577,28.3021
2578,28.1422
2579,28.1565
2580,28.1863
2581,28.1905
2582,28.0773
2583,28.2735
2584,28.2182
2585,28.1683
2586,28.0691
2587,28.1958
2588,28.1576
2589,28.0769
2590,28.185
2591,28.2088
2592,28.1461
2593,28.245
2594,28.2987
2595,28.2462
2596,28.2085
2597,28.0947
2598,28.1242
2599,28.1334
2600,28.1303
2601,28.1105
2602,28.1741
2603,28.1292
2604,28.0497
2605,28.221
2606,28.2918
2607,28.2454
2608,28.1573
2609,28.2516
2610,28.1809
2611,28.1559
2612,28.2848
2613,28.2387
2614,28.1354
2615,28.1776
2616,28.1051
2617,28.041
2618,28.087
2619,27.9951
2620,28.1655
2621,28.0685
2622,28.0306
2623,28.071
2624,28.0709
2625,28.0797
2626,28.085
2627,28.1725
2628,28.1815
2629,28.044
2630,28.0896
2631,28.1132
2632,28.1832
2633,28.0724
2634,28.1595
2635,28.1287
2636,28.1643
2637,28.0938
2638,28.0119
2639,28.1085
2640,28.0218
2641,28.012
2642,28.0872
2643,27.8972
2644,27.9718
2645,27.9428
2646,27.9323
2647,28.0187
2648,28.1268
2649,27.9288
2650,28.0082
2651,28.0449
2652,28.031
2653,27.9401
2654,27.9654
2655,27.939
2656,27.9855
2657,27.9135
2658,27.9382
2659,27.9607
2660,28.0461
2661,28.0445
2662,28.1445
2663,28.0644
2664,27.9752
2665,28.0166
2666,27.8844
2667,28.0874
2668,28.0808
2669,28.0286
2670,28.0463
2671,28.0709
2672,28.0315
2673,28.054
2674,28.1139
2675,28.1474
2676,28.029
2677,28.1107
2678,27.888
2679,27.9269
2680,27.9565
2681,27.8622
2682,27.9624
2683,27.9562
2684,27.9512
2685,28.0897
2686,28.052
2687,28.0689
2688,28.0996
2689,28.1613
2690,28.2728
2691,28.1442
2692,28.157
2693,28.1326
2694,28.1432
2695,28.1299
2696,28.1332
2697,28.0854
2698,28.0802
2699,28.1098
2700,28.1217
2701,28.1747
2702,28.0798
2703,28.1279
2704,28.1233
2705,28.0552
2706,28.0718
2707,28.1045
2708,28.1695
2709,28.1782
2710,28.1269
2711,28.1485
2712,28.111
2713,28.0275
2714,28.2535
2715,28.1869
2716,28.1603
2717,28.0318
2718,28.1534
2719,28.1952
2720,28.147
2721,28.1047
2722,28.1337
2723,28.1221
2724,28.0899
2725,27.9969
2726,28.0634
2727,28.0152
2728,28.0526
2729,28.0952
2730,27.9981
2731,28.0132
2732,28.0478
2733,28.1181
2734,28.1847
2735,28.2424
2736,28.1616
2737,28.1008
2738,28.2276
2739,28.1216
2740,28.2084
2741,28.2271
2742,28.1401
2743,28.0504
2744,28.0591
2745,28.2684
2746,28.1281
2747,28.1832
2748,28.1076
2749,28.1224
2750,28.0826
2751,28.0997
2752,28.1526
2753,28.1401
2754,28.0276
2755,27.9321
2756,28.0174
2757,28.0866
2758,28.0456
2759,27.9882
2760,27.9678
2761,28.1117
2762,28.1022
2763,28.067
2764,27.9639
2765,28.0624
2766,27.8988
2767,27.8249
2768,27.8616
2769,27.9697
2770,27.9857
2771,27.9653
2772,28.0151
2773,27.9936
2774,27.9966
2775,27.9796
2776,28.0691
2777,28.0526
2778,28.0583
2779,28.073
2780,28.1013
2781,28.0329
2782,28.082
2783,27.9834
2784,28.0183
2785,27.9989
2786,27.969
2787,27.9479
2788,27.994
2789,28.0359
2790,28.0445
2791,28.1769
2792,28.1687
2793,28.2047
2794,28.2249
2795,28.1587
2796,28.0961
2797,28.0581
2798,28.2051
2799,28.1601
2800,28.0893
2801,28.1029
2802,28.2049
2803,28.1659
2804,28.1143
2805,28.1652
2806,28.107
2807,28.059
2808,28.0852
2809,28.1242
2810,28.0389
2811,28.1868
2812,28.0586
2813,27.9956
2814,28.1424
2815,28.1971
2816,28.0485
2817,27.9564
2818,28.0872
2819,27.8862
2820,27.8911
2821,28.0169
2822,28.0319
2823,27.9289
2824,27.9774
2825,27.9553
2826,28.0531
2827,27.9868
2828,27.9441
2829,27.9582
2830,28.0037
2831,28.0289
2832,28.0588
2833,28.0662
2834,28.0805
2835,28.0485
2836,28.1895
2837,28.1825
2838,28.1739
2839,28.0929
2840,28.1534
2841,28.1922
2842,28.1657
2843,28.3064
2844,28.2649
2845,28.2715
2846,28.2598
2847,28.1149
2848,28.2022
2849,28.1577
2850,28.1139
2851,28.0945
2852,28.1656
2853,28.1876
2854,28.2158
2855,28.223
2856,28.2958
2857,28.2256
2858,28.22
2859,28.2559
2860,28.2309
2861,28.2942
2862,28.2888
2863,28.2493
2864,28.3024
2865,28.3029
2866,28.2022
2867,28.1499
2868,28.3062
2869,28.2013
2870,28.1971
2871,28.151
2872,28.1649
2873,28.1328
2874,28.159
2875,28.1923
2876,28.0878
2877,28.031
2878,28.1002
2879,28.0687
2880,28.0492
2881,28.0603
2882,28.0983
2883,28.0043
2884,28.0781
2885,28.0105
2886,28.1168
2887,28.0576
2888,28.0438
2889,28.14
2890,28.0979
2891,28.15
2892,28.1436
2893,28.0732
2894,28.0546
2895,28.1619
2896,28.1981
2897,28.2093
2898,28.064
2899,28.1685
2900,28.206
2901,28.1466
2902,28.2178
2903,28.1994
2904,28.1882
2905,28.2592
2906,28.189
2907,28.2389
2908,28.3059
2909,28.1879
2910,28.1771
2911,28.1105
2912,28.0574
2913,28.0984
2914,28.0921
2915,28.0391
2916,28.0522
2917,27.9982
2918,28.0451
2919,28.1279
2920,28.2546
2921,28.2561
2922,28.1131
2923,28.0844
2924,28.1516
2925,27.9716
2926,28.0413
2927,28.0617
2928,28.0044
2929,27.9178
2930,27.9505
2931,28.0256
2932,27.9882
2933,28.0183
2934,28.1143
2935,28.1122
2936,27.9693
2937,27.997
2938,27.9301
2939,28.0776
2940,27.9583
2941,27.983
2942,27.9619
2943,27.9896
2944,27.9234
2945,28.0044
2946,28.0269
2947,27.9958
2948,28.0277
2949,28.0679
2950,28.0434
2951,28.0755
2952,28.0359
2953,27.9531
2954,28.079
2955,27.9179
2956,27.9847
2957,27.985
2958,27.99
2959,28.126
2960,27.9506
2961,28.0735
2962,28.0493
2963,28.0709
2964,27.9517
2965,28.0836
2966,28.0548
2967,28.1257
2968,28.1112
2969,28.1623
2970,28.1925
2971,28.1814
2972,28.1731
2973,28.0734
2974,27.9945
2975,28.1486
2976,28.0594
2977,28.0424
2978,28.1145
2979,28.1877
2980,28.1077
2981,28.0572
2982,28.0407
2983,28.0824
2984,28.0252
2985,28.0695
2986,28.1798
2987,28.0709
2988,28.1416
2989,28.0598
2990,28.0299
2991,28.0896
2992,28.1702
2993,28.1691
2994,28.1613
2995,28.123
2996,28.0428
2997,28.1006
2998,28.0824
2999,28.0866
3000,28.0001
3001,28.131
3002,28.0638
3003,28.0976
3004,28.0741
3005,28.0405
3006,27.9883
3007,28.0193
3008,28.0313
3009,28.0337
3010,28.0726
3011,28.0661
3012,28.1173
3013,28.1496
3014,28.0589
3015,28.0732
3016,28.0703
3017,28.1765
3018,28.0238
3019,28.0004
3020,27.9734
3021,28.0123
3022,27.9876
3023,27.9743
3024,28.0024
3025,28.025
3026,28.0647
3027,27.9099
3028,28.0809
3029,28.0273
3030,27.9999
3031,28.0344
3032,28.0425
3033,28.1016
3034,28.2387
3035,28.1218
3036,28.1213
3037,28.0974
3038,28.0935
3039,27.9503
3040,28.0786
3041,28.0322
3042,28.0533
3043,28.1463
3044,28.2025
3045,28.0694
3046,28.0905
3047,28.1532
3048,28.0611
3049,28.1832
3050,28.261
3051,28.0987
3052,28.0776
3053,28.0514
3054,28.1608
3055,28.1547
3056,28.1196
3057,28.1539
3058,28.2432
3059,28.2108
3060,28.1614
3061,28.2099
3062,28.0787
3063,28.0299
3064,27.9094
3065,28.0516
3066,28.02
3067,28.0468
3068,27.9006
3069,27.9477
3070,27.9718
3071,28.1529
3072,28.1781
3073,28.1299
3074,28.1145
3075,27.9575
3076,28.0608
3077,28.0328
3078,28.0101
3079,28.0665
3080,28.1018
3081,28.0608
3082,27.9204
3083,28.0322
3084,28.1205
3085,28.1719
3086,28.0702
3087,28.2147
3088,28.2751
3089,28.1541
3090,28.2384
3091,28.1046
3092,28.2258
3093,28.1329
3094,28.1273
3095,28.1388
3096,28.1684
3097,28.0605
3098,28.2801
3099,28.1901
3100,28.2093
3101,28.1925
3102,28.211
3103,28.0787
3104,28.0782
3105,28.059
3106,28.02
3107,28.0665
3108,28.1861
3109,28.2222
3110,28.2432
3111,28.1451
3112,28.0718
3113,28.108
3114,28.0309
3115,28.082
3116,28.196
3117,28.0415
3118,28.0757
3119,28.0279
3120,27.9807
3121,28.0038
3122,27.9497
3123,27.9984
3124,27.8552
3125,27.9149
3126,27.9052
3127,27.8766
3128,27.9473
3129,28.0053
3130,27.9515
3131,28.0415
3132,28.0679
3133,28.1102
3134,28.0182
3135,27.9787
3136,28.0063
3137,27.9474
3138,27.9725
3139,27.9368
3140,27.9832
3141,27.8979
3142,27.908
3143,28.017
3144,27.9632
3145,28.013
3146,28.0205
3147,27.9642
3148,28.0059
3149,27.9813
3150,28.0563
3151,28.0508
3152,28.0765
3153,28.1071
3154,27.9478
3155,28.0235
3156,28.1071
3157,28.0614
3158,28.0227
3159,28.0656
3160,28.0245
3161,27.9226
3162,27.9738
3163,27.8675
3164,27.8527
3165,27.8692
3166,27.9329
3167,27.9532
3168,27.9373
3169,28.056
3170,27.8954
3171,28.0408
3172,28.1319
3173,27.9522
3174,27.9095
3175,27.8815
3176,27.8309
3177,27.8409
3178,27.8676
3179,27.9691
3180,27.9352
3181,27.995
3182,27.8556
3183,27.9503
3184,27.9101
3185,27.9964
3186,27.8965
3187,27.9292
3188,28.0428
3189,27.9656
3190,27.9027
3191,27.9869
3192,28.0651
3193,28.0273
3194,27.9691
3195,28.0721
3196,27.9417
3197,27.969
3198,27.9182
3199,27.8572
3200,27.9074
3201,27.9403
3202,27.8407
3203,27.9472
3204,27.9279
3205,27.9252
3206,27.8728
3207,27.8694
3208,27.896
3209,27.9004
3210,27.9008
3211,27.9692
3212,27.924
3213,27.946
3214,27.8279
3215,27.8508
3216,27.9431
3217,27.9887
3218,28.0359
3219,28.0879
3220,28.0699
3221,28.1312
3222,28.1084
3223,27.9656
3224,27.8986
3225,27.8857
3226,27.8722
3227,27.9172
3228,27.9162
3229,27.9596
3230,28.0736
3231,28.1284
3232,28.1021
3233,28.065
3234,28.0684
3235,27.973
3236,27.97
3237,27.9194
3238,28.0678
3239,27.8587
3240,27.9418
3241,27.9269
3242,28.0117
3243,27.9831
3244,27.9684
3245,28.0268
3246,27.947
3247,27.9698
3248,27.9503
3249,28.017
3250,28.0545
3251,28.0244
3252,28.0138
3253,27.9947
3254,27.9232
3255,27.9272
3256,27.837
3257,27.9196
3258,27.9614
3259,27.9556
3260,27.9789
3261,28.0917
3262,28.035
3263,28.08
3264,28.044
3265,28.1744
3266,28.1005
3267,28.1391
3268,28.1721
3269,28.0755
3270,28.0627
3271,28.1478
3272,28.0453
3273,28.0745
3274,28.1627
3275,28.1068
3276,28.2258
3277,28.1679
3278,28.1712
3279,28.0849
3280,28.0574
3281,28.122
3282,28.0503
3283,28.0718
3284,28.0109
3285,28.0667
3286,28.1124
3287,28.029
3288,28.1499
3289,28.1253
3290,28.0442
3291,28.1875
3292,28.1338
3293,28.0664
3294,28.2089
3295,28.1155
3296,28.0789
3297,28.0065
3298,27.9187
3299,27.9783
3300,27.8358
3301,27.9826
3302,28.0175
3303,28.0287
3304,28.0542
3305,28.0022
3306,27.9592
3307,28.0029
3308,28.0661
3309,27.926
3310,27.8938
3311,27.9905
3312,27.8676
3313,27.9174
3314,27.9816
3315,27.8751
3316,27.9869
3317,28.0047
3318,27.9619
3319,28.0486
3320,28.0427
3321,27.8839
3322,28.0466
3323,27.9889
3324,28.0228
3325,27.9231
3326,27.9567
3327,27.9879
3328,28.1618
3329,28.0823
3330,28.0279
3331,27.9415
3332,27.9182
3333,27.8543
3334,27.7155
3335,27.8039
3336,27.8529
3337,27.831
3338,27.7985
3339,27.7797
3340,27.8636
3341,27.8457
3342,27.8399
3343,27.7183
3344,27.8047
3345,27.8288
3346,27.8812
3347,27.9329
3348,27.9118
3349,27.8899
3350,27.935
3351,27.8978
3352,27.8644
3353,27.9649
3354,27.9928
3355,28.0094
3356,27.8799
3357,27.9129
3358,27.9077
3359,27.9272
3360,27.9632
3361,28.0249
3362,27.978
3363,28.0197
3364,28.0696
3365,27.9924
3366,27.9378
3367,28.15
3368,28.0306
3369,28.0936
3370,28.1028
3371,28.0256
3372,28.0336
3373,28.0405
3374,27.9656
3375,27.9973
3376,28.0811
3377,28.1205
3378,27.9967
3379,28.0527
3380,28.0028
3381,27.9704
3382,27.9753
3383,27.9045
3384,27.9706
3385,28.1057
3386,28.0319
3387,28.0649
3388,28.0019
3389,28.0202
3390,27.9127
3391,27.9656
3392,27.9931
3393,27.913
3394,27.8984
3395,27.8262
3396,27.9755
3397,28.0182
3398,28.0225
3399,27.9895
3400,27.8837
3401,28.0208
3402,27.9667
3403,28.0183
3404,27.9841
3405,27.9743
3406,28.0315
3407,27.9591
3408,28.0777
3409,28.0396
3410,28.0896
3411,28.0402
3412,28.0127
3413,28.1256
3414,28.2135
3415,28.2987
3416,28.2153
3417,28.0839
3418,27.9638
3419,27.9831
3420,28.0025
3421,28.0244
3422,27.9994
3423,27.9556
3424,28.0028
3425,27.8806
3426,27.9526
3427,27.9954
3428,27.9873
3429,28.1381
3430,28.0652
3431,27.9466
3432,27.9913
3433,27.9922
3434,28.0662
3435,28.0722
3436,28.0956
3437,28.1284
3438,28.1596
3439,28.0856
3440,28.0351
3441,28.0807
3442,28.0029
3443,27.996
3444,27.8566
3445,27.9818
3446,28.0846
3447,27.9231
3448,28.0834
3449,28.0062
3450,27.9421
3451,27.9961
3452,28.0361
3453,28.0059
3454,27.9883
3455,27.9612
3456,28.089
3457,28.0356
3458,28.009
3459,28.0721
3460,28.0752
3461,28.0881
3462,28.1235
3463,28.0688
3464,28.1099
3465,28.0909
3466,28.0752
3467,28.0598
3468,28.1183
3469,28.0813
3470,28.1676
3471,28.0812
3472,28.0789
3473,28.0936
3474,28.0272
3475,28.0869
3476,28.0148
3477,27.9799
3478,28.027
3479,28.0902
3480,28.034
3481,28.035
3482,28.0289
3483,28.0568
3484,28.1054
3485,28.1535
3486,28.1512
3487,28.1734
3488,28.2127
3489,28.2668
3490,28.2502
3491,28.2659
3492,28.2435
3493,28.148
3494,28.2403
3495,28.1546
3496,28.1651
3497,28.1857
3498,28.0853
3499,28.1919
3500,28.1995
3501,28.1428
3502,28.0884
3503,28.0409
3504,28.0772
3505,28.1102
3506,28.0822
3507,28.018
3508,28.1083
3509,28.078
3510,28.1131
3511,28.1127
3512,28.195
3513,28.1082
3514,28.1684
3515,28.1194
3516,28.0197
3517,28.1669
3518,28.0094
3519,28.1651
3520,28.0414
3521,28.0464
3522,28.033
3523,28.0996
3524,28.095
3525,28.0965
3526,28.0833
3527,28.1738
3528,28.0981
3529,28.0522
3530,28.1046
3531,28.0347
3532,28.1485
3533,28.0424
3534,27.9559
3535,28.0909
3536,28.0275
3537,28.0436
3538,28.0852
3539,27.9983
3540,28.14
3541,28.1692
3542,28.2103
3543,28.2126
3544,28.2821
3545,28.2158
3546,28.1785
3547,28.161
3548,28.1078
3549,28.1849
3550,28.1157
3551,28.1515
3552,28.0933
3553,28.1839
3554,28.2154
3555,28.1675
3556,28.1719
3557,28.1457
3558,28.2539
3559,28.1815
3560,28.1484
3561,28.0701
3562,28.1889
3563,28.2519
3564,28.1312
3565,28.1555
3566,28.222
3567,28.1876
3568,28.3172
3569,28.1885
3570,28.2005
3571,28.2745
3572,28.2694
3573,28.2235
3574,28.0022
3575,28.1362
3576,28.0169
3577,28.0635
3578,28.0962
3579,28.1686
3580,28.195
3581,28.2737
3582,28.2291
3583,28.229
3584,28.239
3585,28.0906
3586,28.103
3587,28.1086
3588,28.1298
3589,28.1261
3590,28.1503
3591,28.1621
3592,28.2023
3593,28.1615
3594,28.1732
3595,28.161
3596,28.2105
3597,28.266
3598,28.1982
3599,28.3242
3600,28.1528
3601,28.2007
3602,28.2305
3603,28.1822
3604,28.2651
3605,28.3105
3606,28.2432
3607,28.1877
3608,28.2287
3609,28.2929
3610,28.2011
3611,28.1943
3612,28.2562
3613,28.0941
3614,28.1219
3615,28.0672
3616,28.1681
3617,28.1553
3618,28.2712
3619,28.2689
3620,28.2331
3621,28.1548
3622,28.2668
3623,28.1613
3624,28.1778
3625,28.1879
3626,28.1797
3627,28.1508
3628,28.1201
3629,28.0192
3630,27.9863
3631,28.0292
3632,28.1017
3633,28.0811
3634,28.1431
3635,28.1259
3636,28.0708
3637,28.0767
3638,28.0967
3639,27.9715
3640,27.9903
3641,28.0458
3642,28.005
3643,28.0538
3644,28.1057
3645,28.0105
3646,28.1225
3647,28.2224
3648,28.1855
3649,28.071
3650,28.1642
3651,28.1794
3652,28.2512
3653,28.2409
3654,28.1606
3655,28.1933
3656,28.2049
3657,28.2526
3658,28.2824
3659,28.1536
3660,28.1883
3661,28.071
3662,28.169
3663,28.0989
3664,28.1019
3665,28.0561
3666,28.1764
3667,28.1528
3668,28.1938
3669,28.0945
3670,28.2195
3671,28.0923
3672,28.0219
3673,27.9972
3674,28.1041
3675,28.0255
3676,28.0005
3677,28.0889
3678,27.9701
3679,27.9552
3680,27.9691
3681,27.9119
3682,27.848
3683,28.0605
3684,28.034
3685,27.952
3686,28.0578
3687,28.0837
3688,28.0762
3689,28.0685
3690,27.9798
3691,27.9929
3692,27.9921
3693,28.0321
3694,27.9998
3695,28.011
3696,28.0022
3697,27.9685
3698,28.0245
3699,28.1311
3700,28.1154
3701,28.1723
3702,28.1444
3703,28.1175
3704,28.0826
3705,28.0866
3706,28.1977
3707,28.1225
3708,28.0102
3709,28.2308
3710,28.2626
3711,28.1151
3712,28.1916
3713,28.2118
3714,28.1634
3715,28.2571
3716,28.1829
3717,28.1529
3718,28.1054
3719,28.0362
3720,28.1445
3721,28.2382
3722,28.1494
3723,28.2356
3724,28.1364
3725,28.2038
3726,28.131
3727,28.234
3728,28.0752
3729,28.2518
3730,28.148
3731,28.1122
3732,28.0688
3733,28.0313
3734,27.9897
3735,28.1563
3736,28.129
3737,28.0823
3738,28.0781
3739,28.0657
3740,28.0609
3741,28.1421
3742,28.2196
3743,28.1646
3744,28.1847
3745,28.1779
3746,28.1298
3747,28.1937
3748,28.2034
3749,28.1572
3750,28.1632
3751,28.2223
3752,28.3317
3753,28.3053
3754,28.3833
3755,28.3249
3756,28.3178
3757,28.2365
3758,28.2684
3759,28.0504
3760,27.9716
3761,28.0427
3762,27.9798
3763,27.9942
3764,28.0434
3765,27.9793
3766,28.0187
3767,28.0476
3768,28.0052
3769,28.1644
3770,28.1077
3771,28.1085
3772,28.0801
3773,28.0952
3774,28.1228
3775,28.0713
3776,28.1006
3777,28.0226
3778,28.1761
3779,28.1206
3780,28.0493
3781,28.0308
3782,28.0418
3783,28.0201
3784,28.1598
3785,28.157
3786,28.1086
3787,28.0947
3788,28.0918
3789,28.1176
3790,28.1391
3791,28.1194
3792,28.1913
3793,28.0412
3794,28.0589
3795,28.0515
3796,28.0749
3797,28.0611
3798,28.1223
3799,28.0604
3800,28.1419
3801,28.0786
3802,27.9669
3803,28.1283
3804,27.9859
3805,28.0786
3806,28.0505
3807,28.1589
3808,28.1554
3809,28.1067
3810,28.0187
3811,28.1418
3812,28.0824
3813,28.0725
3814,28.2753
3815,28.1486
3816,28.1142
3817,28.0058
3818,28.1779
3819,28.0999
3820,28.1592
3821,28.2046
3822,28.1151
3823,28.0705
3824,27.9942
3825,28.053
3826,27.9623
3827,27.9743
3828,27.9692
3829,27.8566
3830,27.9738
3831,28.0128
3832,27.9763
3833,27.9738
3834,28.0478
3835,28.0859
3836,28.0867
3837,28.0976
3838,28.1076
3839,28.091
3840,28.1106
3841,28.1015
3842,28.0894
3843,28.1157
3844,28.1233
3845,28.0023
3846,28.1264
3847,28.1108
3848,28.1108
3849,28.1003
3850,28.1708
3851,28.059
3852,28.0486
3853,28.0668
3854,28.1058
3855,27.9047
3856,28.0264
3857,27.9844
3858,27.9206
3859,27.98
3860,27.9872
3861,28.0241
3862,28.0133
3863,27.9468
3864,28.1303
3865,28.0514
3866,28.1283
3867,28.058
3868,28.0429
3869,28.0078
3870,28.0338
3871,28.1146
3872,28.0766
3873,28.0022
3874,28.0175
3875,28.0036
3876,28.0373
3877,27.9803
3878,28.0292
3879,28.0935
3880,28.1564
3881,27.9601
3882,28.0407
3883,28.0146
3884,28.1288
3885,27.9674
3886,27.9331
3887,28.0555
3888,28.0062
3889,28.0837
3890,28.0159
3891,28.0701
3892,28.0299
3893,27.9584
3894,28.0286
3895,28.0331
3896,28.1488
3897,28.1669
3898,28.1711
3899,28.0809
3900,28.1652
3901,28.2216
3902,28.1318
3903,28.1835
3904,28.0901
3905,28.0285
3906,28.1136
3907,28.1096
3908,28.0644
3909,28.1347
3910,28.035
3911,28.2337
3912,28.1305
3913,28.1821
3914,28.0825
3915,28.1053
3916,28.1622
3917,28.2167
3918,28.1002
3919,28.1174
3920,28.1111
3921,28.0516
3922,28.332
3923,28.1385
3924,28.2541
3925,28.0285
3926,28.0594
3927,28.1176
3928,28.0877
3929,28.1101
3930,28.0361
3931,28.0989
3932,28.0162
3933,28.1216
3934,28.1321
3935,28.1765
3936,28.1306
3937,28.2126
3938,28.2265
3939,28.198
3940,28.0986
3941,28.1438
3942,27.9958
3943,28.0271
3944,28.1049
3945,28.0804
3946,28.0649
3947,28.0938
3948,28.1211
3949,28.0539
3950,28.142
3951,28.0842
3952,28.131
3953,28.2076
3954,28.1971
3955,28.1923
3956,28.1743
3957,28.1442
3958,28.1528
3959,28.1577
3960,28.1504
3961,28.1668
3962,28.15
3963,28.0547
3964,27.9213
3965,27.9945
3966,28.0995
3967,28.0244
3968,27.9789
3969,28.2095
3970,28.1459
3971,28.1265
3972,28.1386
3973,27.9977
3974,27.9756
3975,28.0498
3976,27.9296
3977,28.0459
3978,28.0069
3979,28.0139
3980,28.048
3981,28.0749
3982,27.9905
3983,28.0826
3984,28.0704
3985,28.082
3986,28.0564
3987,27.9813
3988,27.9867
3989,28.0362
3990,28
3991,28.0031
3992,28.0427
3993,28.0252
3994,28.0824
3995,28.0806
3996,27.986
3997,28.0131
3998,28.0366
3999,27.9849
4000,27.9625
4001,27.936
4002,27.9804
4003,27.9365
4004,27.9823
4005,27.98
4006,27.939
4007,28.0051
4008,27.9389
4009,27.8378
4010,27.9634
4011,27.9467
4012,28.0412
4013,27.9809
4014,27.9338
4015,27.9807
4016,27.9179
4017,27.9934
4018,27.944
4019,27.9881
4020,27.9298
4021,28.0419
4022,28.0278
4023,28.0156
4024,27.9635
4025,27.9984
4026,28.0075
4027,28.0763
4028,27.9886
4029,28.0378
4030,28.0028
4031,27.9657
4032,28.2269
4033,28.0389
4034,27.9857
4035,28.0434
4036,28.0317
4037,28.0164
4038,28.0429
4039,27.9834
4040,28.0207
4041,27.9478
4042,27.9669
4043,28.0544
4044,27.9991
4045,28.0174
4046,27.9642
4047,27.8992
4048,27.9481
4049,27.9891
4050,27.9482
4051,27.9195
4052,27.9859
4053,27.8678
4054,27.8683
4055,28.0101
4056,27.8624
4057,27.8923
4058,28.0797
4059,28.0195
4060,28.0151
4061,27.9268
4062,27.988
4063,28.0064
4064,27.9367
4065,27.9662
4066,27.9902
4067,28.0237
4068,27.9914
4069,28.0481
4070,27.9491
4071,28.0076
4072,27.9291
4073,28.0372
4074,27.8997
4075,27.9234
4076,27.9721
4077,27.9323
4078,27.9804
4079,27.9813
4080,27.9449
4081,27.9414
4082,28.0272
4083,28.0083
4084,28.058
4085,27.9201
4086,28.0111
4087,27.9475
4088,28.0739
4089,28.0136
4090,28.0351
4091,28.0405
4092,27.9719
4093,27.9168
4094,27.8934
4095,27.9409
4096,27.986
4097,27.9492
4098,27.9943
4099,28.052
4100,28.0478
4101,28.0254
4102,28.0706
4103,28.0526
4104,28.0642
4105,27.9681
4106,27.9951
4107,28.0986
4108,27.9883
4109,28.0375
4110,28.061
4111,28.0579
4112,27.9528
4113,27.9329
4114,28.0147
4115,27.9754
4116,28.0325
4117,28.0135
4118,28.0227
4119,28.0174
4120,27.9277
4121,28.0066
4122,27.9209
4123,27.9986
4124,27.9271
4125,28.0518
4126,28.1678
4127,28.1331
4128,27.9848
4129,27.9899
4130,27.9915
4131,28.0534
4132,27.9576
4133,28.0427
4134,28.0558
4135,27.982
4136,27.9995
4137,27.9594
4138,27.9882
4139,27.9966
4140,27.9711
4141,28.0792
4142,28.0866
4143,28.0098
4144,27.9717
4145,28.0567
4146,28.0283
4147,28.0108
4148,27.8862
4149,27.889
4150,27.8402
4151,27.8508
4152,27.9124
4153,27.8721
4154,27.8847
4155,27.9476
4156,27.9988
4157,27.9493
4158,27.8635
4159,27.884
4160,27.8932
4161,28.0228
4162,27.9823
4163,28.0047
4164,28.0372
4165,27.9461
4166,27.8619
4167,28.0626
4168,27.9766
4169,28.0621
4170,28.0249
4171,27.9771
4172,28.0024
4173,28.0271
4174,28.0466
4175,27.9607
4176,27.947
4177,27.9644
4178,27.9758
4179,27.9694
4180,27.9368
4181,27.8241
4182,27.8776
4183,27.9973
4184,27.9046
4185,27.9072
4186,27.9338
4187,27.9759
4188,28.1063
4189,28.1637
4190,28.1982
4191,28.1792
4192,28.1031
4193,28.0226
4194,28.0826
4195,27.9756
4196,28.0386
4197,28.0099
4198,27.9391
4199,27.8324
4200,27.961
4201,27.9322
4202,27.9829
4203,27.9557
4204,27.9968
4205,27.8575
4206,27.9089
4207,27.9897
4208,27.983
4209,27.9483
4210,27.8388
4211,27.9603
4212,27.9561
4213,27.9231
4214,27.9967
4215,27.9623
4216,28.063
4217,28.0654
4218,27.9108
4219,27.9981
4220,28.0378
4221,27.9865
4222,27.8955
4223,28.0575
4224,28.0366
4225,27.9918
4226,28.0759
4227,28.087
4228,28.1226
4229,28.1305
4230,28.1104
4231,27.9828
4232,28.0263
4233,28.0804
4234,28.1557
4235,28.0907
4236,27.9674
4237,27.9557
4238,28.0936
4239,27.9531
4240,27.9899
4241,27.9396
4242,28.0366
4243,27.9356
4244,27.9634
4245,28.104
4246,27.9916
4247,28.0224
4248,28.0092
4249,27.9932
4250,28.1429
4251,28.0011
4252,28.1718
4253,28.1264
4254,27.9269
4255,28.0124
4256,28.0207
4257,27.9639
4258,27.9859
4259,27.9777
4260,28.0978
4261,28.0548
4262,28.0055
4263,27.9775
4264,27.9351
4265,28.0438
4266,27.9098
4267,27.9751
4268,28.1561
4269,28.2512
4270,28.1275
4271,27.9754
4272,28.099
4273,28.0371
4274,28.0726
4275,28.0191
4276,27.9153
4277,27.9444
4278,27.9454
4279,28.098
4280,28.1005
4281,28.0487
4282,28.0939
4283,27.9913
4284,28.1242
4285,28.0956
4286,28.1249
4287,28.0398
4288,28.0198
4289,28.0217
4290,27.9821
4291,28.07
4292,28.0664
4293,27.9809
4294,28.045
4295,28.0228
4296,28.1287
4297,28.2079
4298,28.0614
4299,28.0525
4300,27.9593
4301,27.9379
4302,28.1291
4303,28.0429
4304,28.2125
4305,28.1576
4306,28.1278
4307,28.0258
4308,28.1941
4309,28.1278
4310,28.1199
4311,28.0305
4312,28.1362
4313,28.1775
4314,28.162
4315,28.0312
4316,28.1235
4317,27.9574
4318,27.9594
4319,28.0231
4320,28.0135
4321,28.1458
4322,28.1182
4323,28.1089
4324,28.1859
4325,28.1152
4326,28.0519
4327,27.9299
4328,28.0527
4329,28.0834
4330,28.0102
4331,28.0066
4332,27.9954
4333,28.0512
4334,27.9367
4335,27.9927
4336,28.0281
4337,27.8883
4338,28.0759
4339,28.0037
4340,28.0524
4341,28.0626
4342,28.1088
4343,28.1299
4344,28.1646
4345,28.0872
4346,28.1524
4347,28.128
4348,28.083
4349,28.1761
4350,28.1452
4351,28.1527
4352,28.1078
4353,27.9848
4354,28.0757
4355,28.152
4356,28.0482
4357,27.9645
4358,28.1301
4359,28.1283
4360,28.1328
4361,28.0175
4362,28.0329
4363,28.1629
4364,28.2034
4365,28.1498
4366,28.0383
4367,28.0088
4368,28.0786
4369,28.1288
4370,28.1074
4371,28.099
4372,28.1156
4373,28.0777
4374,27.9534
4375,28.1487
4376,28.0382
4377,28.0386
4378,28.091
4379,28.1281
4380,28.0834
4381,28.087
4382,27.9541
4383,27.958
4384,28.0156
4385,28.1073
4386,28.0328
4387,28.1111
4388,28.1276
4389,27.9706
4390,28.006
4391,27.9763
4392,28.0878
4393,27.9846
4394,28.158
4395,28.1211
4396,28.074
4397,27.9696
4398,28.1328
4399,28.0825
4400,27.9635
4401,28.0753
4402,28.0909
4403,28.0509
4404,28.0836
4405,27.9641
4406,28.0158
4407,28.0359
4408,28.097
4409,28.0562
4410,28.0985
4411,28.0465
4412,28.0957
4413,28.1111
4414,28.083
4415,28.1739
4416,28.104
4417,28.1237
4418,28.0762
4419,28.0327
4420,28.1168
4421,28.1236
4422,28.1401
4423,28.1463
4424,28.1807
4425,28.1766
4426,28.248
4427,28.1413
4428,28.1334
4429,28.0238
4430,28.0939
4431,28.0874
4432,28.0638
4433,28.026
4434,28.0101
4435,28.0194
4436,28.0776
4437,27.9897
4438,28.0519
4439,28.0763
4440,28.0196
4441,28.0072
4442,28.1058
4443,28.2455
4444,28.1737
4445,28.1966
4446,28.1958
4447,28.229
4448,28.1983
4449,28.1353
4450,28.1204
4451,28.0946
4452,28.0463
4453,28.1284
4454,28.0795
4455,28.2162
4456,28.1532
4457,28.1594
4458,28.1192
4459,28.0627
4460,27.9974
4461,28.1592
4462,28.2307
4463,28.2292
4464,28.1162
4465,28.0522
4466,27.9946
4467,28.1758
4468,28.1322
4469,28.0801
4470,28.1126
4471,28.0802
4472,28.1705
4473,28.1774
4474,28.1204
4475,28.1257
4476,28.1421
4477,28.0825
4478,28.1849
4479,28.1912
4480,28.1975
4481,28.2396
4482,28.2037
4483,28.1887
4484,28.1302
4485,28.3705
4486,28.2932
4487,28.1726
4488,28.1252
4489,28.1021
4490,28.2727
4491,28.2135
4492,28.2211
4493,28.1633
4494,28.1759
4495,28.1898
4496,28.0626
4497,28.1009
4498,28.0582
4499,28.073
4500,28.1384
4501,28.3406
4502,28.2541
4503,28.2572
4504,28.068
4505,28.127
4506,28.0604
4507,28.0771
4508,28.0991
4509,28.1325
4510,28.0671
4511,28.119
4512,28.1067
4513,27.9895
4514,27.9818
4515,28.0523
4516,28.2005
4517,28.0833
4518,28.1279
4519,27.9807
4520,28.0462
4521,28.0754
4522,28.0868
4523,28.0265
4524,28.1264
4525,28.0435
4526,28.1652
4527,28.1322
4528,28.1391
4529,27.9748
4530,28.0599
4531,28.1493
4532,27.9941
4533,28.151
4534,28.1219
4535,28.0865
4536,28.1357
4537,28.2479
4538,28.2967
4539,28.1924
4540,28.148
4541,28.1471
4542,28.1133
4543,28.2731
4544,28.3074
4545,28.3883
4546,28.2317
4547,28.2184
4548,28.2812
4549,28.2696
4550,28.2504
4551,28.2462
4552,28.283
4553,28.1937
4554,28.2481
4555,28.2322
4556,28.2007
4557,28.2121
4558,28.1443
4559,28.0885
4560,28.09
4561,28.1397
4562,28.0888
4563,28.1285
4564,28.1874
4565,28.23
4566,28.1705
4567,28.1255
4568,28.2042
4569,28.1324
4570,28.2196
4571,28.2662
4572,28.1649
4573,28.2017
4574,28.1849
4575,28.2879
4576,28.185
4577,28.1793
4578,28.1172
4579,28.1629
4580,28.1227
4581,28.2174
4582,28.1117
4583,28.155
4584,28.0749
4585,28.0282
4586,28.0958
4587,27.9979
4588,27.9533
4589,28.0725
4590,28.0734
4591,28.0825
4592,28.0035
4593,28.0475
4594,28.0086
4595,28.1415
4596,28.0705
4597,28.0828
4598,28.1104
4599,28.1463
4600,28.1168
4601,28.1207
4602,28.1481
4603,28.1068
4604,28.1766
4605,28.0466
4606,27.9936
4607,27.9383
4608,27.9564
4609,27.9313
4610,28.1002
4611,28.1101
4612,28.0983
4613,28.0565
4614,28.1333
4615,28.0896
4616,28.1662
4617,28.0475
4618,28.1723
4619,28.1823
4620,28.1584
4621,28.1381
4622,28.1489
4623,28.0861
4624,27.9578
4625,28.061
4626,28.0887
4627,28.0705
4628,28.0294
4629,28.0355
4630,28.0271
4631,28.1316
4632,28.1429
4633,28.0498
4634,28.2367
4635,28.2946
4636,28.211
4637,28.0498
4638,28.0889
4639,27.9407
4640,28.0122
4641,27.9826
4642,28.2081
4643,28.0036
4644,27.9528
4645,27.9247
4646,27.9774
4647,28.0435
4648,28.0529
4649,27.9613
4650,28.0508
4651,27.9722
4652,27.9642
4653,27.9569
4654,28.0384
4655,28.0142
4656,28.008
4657,27.9759
4658,27.9999
4659,28.044
4660,28.0476
4661,28.0457
4662,28.0877
4663,27.9629
4664,27.9827
4665,28.1019
4666,28.0252
4667,27.9131
4668,27.9839
4669,27.9177
4670,27.9627
4671,28.0277
4672,27.9856
4673,28.0146
4674,28.0137
4675,28.0703
4676,28.071
4677,28.2316
4678,28.069
4679,28.1619
4680,28.1252
4681,28.0674
4682,28.0111
4683,27.9615
4684,28.1476
4685,27.9474
4686,28.0547
4687,28.0514
4688,28.0691
4689,27.948
4690,27.986
4691,27.9246
4692,28.0607
4693,28.0506
4694,28.0267
4695,28.0445
4696,28.0403
4697,28.1414
4698,27.9882
4699,28.1324
4700,28.1086
4701,28.1105
4702,28.1362
4703,28.0414
4704,27.9892
4705,28.072
4706,28.0052
4707,28.0533
4708,28.1635
4709,28.1263
4710,28.0709
4711,28.0359
4712,28.0533
4713,28.1429
4714,28.0439
4715,28.0276
4716,28.0211
4717,27.9725
4718,28.0883
4719,28.0785
4720,28.1513
4721,28.056
4722,28.1749
4723,28.0789
4724,28.2819
4725,28.2553
4726,28.1575
4727,28.1862
4728,28.1265
4729,28.0763
4730,28.1718
4731,28.0282
4732,28.0084
4733,27.9929
4734,28.0484
4735,27.9479
4736,28.194
4737,28.088
4738,28.0856
4739,27.9322
4740,27.9497
4741,27.9562
4742,27.9807
4743,28.0205
4744,28.0755
4745,28.0239
4746,28.0725
4747,28.0378
4748,27.9941
4749,27.9397
4750,28.0475
4751,28.0373
4752,28.0858
4753,27.9955
4754,28.0175
4755,27.9138
4756,27.9893
4757,27.9792
4758,27.8488
4759,27.9126
4760,28.0083
4761,28.0159
4762,27.9978
4763,27.9644
4764,28.0603
4765,28.0843
4766,28.0346
4767,28.0253
4768,28.0199
4769,28.0516
4770,28.0652
4771,27.9673
4772,27.93
4773,28.0178
4774,28.0663
4775,28.0605
4776,28.0747
4777,28.0307
4778,28.0508
4779,27.9864
4780,28.0315
4781,28.0793
4782,28.0255
4783,28.0515
4784,28.1471
4785,28.0419
4786,28.0112
4787,27.9866
4788,28.0796
4789,28.1924
4790,28.1688
4791,28.1062
4792,28.1923
4793,27.9965
4794,28.0376
4795,28.1627
4796,28.1006
4797,28.082
4798,28.1056
4799,28.1613
4800,28.1383
4801,28.0742
4802,28.1194
4803,28.1603
4804,28.197
4805,28.1858
4806,28.2556
4807,28.1922
4808,28.2576
4809,28.1739
4810,28.122
4811,28.2012
4812,28.2587
4813,28.2136
4814,28.2239
4815,28.2993
4816,28.3097
4817,28.1951
4818,28.064
4819,28.1084
4820,28.0716
4821,28.1322
4822,28.0887
4823,28.0476
4824,28.0568
4825,28.0192
4826,28.0106
4827,28.1832
4828,28.0843
4829,28.0566
4830,28.0423
4831,28.1891
4832,28.1507
4833,28.172
4834,28.1905
4835,28.1285
4836,28.0802
4837,28.1451
4838,28.1719
4839,28.0546
4840,28.0827
4841,28.0356
4842,28.0191
4843,28.1138
4844,28.1068
4845,28.2102
4846,28.2101
4847,28.1655
4848,28.1126
4849,27.9241
4850,28.123
4851,28.0296
4852,28.0834
4853,28.1471
4854,28.1743
4855,28.0694
4856,28.1099
4857,28.0835
4858,28.1212
4859,28.0644
4860,28.0518
4861,28.0862
4862,28.0337
4863,28.1386
4864,28.0745
4865,28.053
4866,28.035
4867,28.0589
4868,28.1226
4869,28.1418
4870,28.1552
4871,28.0795
4872,28.16
4873,28.1296
4874,28.1883
4875,28.1678
4876,28.2023
4877,28.1429
4878,28.0993
4879,28.0736
4880,28.0318
4881,28.005
4882,28.0759
4883,28.2496
4884,28.2642
4885,28.2805
4886,28.1994
4887,28.181
4888,28.1646
4889,28.2732
4890,28.2383
4891,28.2116
4892,28.0169
4893,28.0795
4894,28.134
4895,28.1773
4896,28.0959
4897,27.9937
4898,28.0066
4899,28.0935
4900,28.0748
4901,28.2088
4902,28.2526
4903,28.167
4904,28.1427
4905,28.1422
4906,28.1279
4907,28.1961
4908,28.1547
4909,28.0998
4910,28.0693
4911,28.1024
4912,28.1047
4913,28.0425
4914,27.9297
4915,27.9144
4916,27.9578
4917,28.024
4918,28.1434
4919,28.068
4920,28.0949
4921,28.1675
4922,28.1343
4923,28.072
4924,28.1889
4925,28.0893
4926,28.0809
4927,27.9927
4928,27.9386
4929,28.0052
4930,27.8786
4931,27.9999
4932,27.9343
4933,27.9096
4934,28.0779
4935,27.9459
4936,28.0223
4937,28.0501
4938,28.0967
4939,28.0613
4940,28.1736
4941,28.2203
4942,28.2359
4943,28.2448
4944,28.2433
4945,28.2667
4946,28.0295
4947,28.0254
4948,28.0267
4949,28.0897
4950,28.0973
4951,28.087
4952,28.0655
4953,28.0005
4954,27.9979
4955,28.1193
4956,28.0245
4957,28.0347
4958,28.0437
4959,27.9671
4960,27.9295
4961,28.0228
4962,28.0121
4963,28.0923
4964,28.0265
4965,28.0415
4966,28.0065
4967,28.0851
4968,28.1283
4969,27.9765
4970,28.0288
4971,27.9309
4972,28.0645
4973,28.0481
4974,28.0789
4975,28.0192
4976,28.0874
4977,28.2505
4978,28.144
4979,28.0344
4980,28.0977
4981,28.0389
4982,28.136
4983,28.0949
4984,28.1526
4985,28.0379
4986,28.1638
4987,28.1359
4988,28.0913
4989,28.0612
4990,28.0905
4991,28.0878
4992,27.9968
4993,27.959
4994,27.9511
4995,28.0078
4996,28.0308
4997,28.111
4998,28.0729
4999,28.0237
5000,28.1287
5001,28.0377
5002,28.1002
5003,27.9775
5004,28.1251
5005,28.094
5006,28.0755
5007,27.9554
5008,28.0126
5009,28.0327
5010,27.9742
5011,28.1029
5012,28.0124
5013,28.1028
5014,28.1363
5015,28.0345
5016,28.05
5017,28.1438
5018,28.0615
5019,28.1704
5020,28.1325
5021,28.0268
5022,27.9564
5023,28.0344
5024,27.8867
5025,28.015
5026,27.979
5027,28.0409
5028,27.9082
5029,28.0604
5030,28.1135
5031,27.9843
5032,28.0626
5033,28.0991
5034,28.0773
5035,28.0397
5036,28.148
5037,28.1134
5038,28.106
5039,28.0511
5040,28.0806
5041,28.078
5042,28.0835
5043,28.0597
5044,28.0588
5045,28.0389
5046,28.0848
5047,28.1092
5048,28.0344
5049,27.9886
5050,28.0719
5051,28.093
5052,28.0429
5053,27.9815
5054,28.0163
5055,28.1307
5056,28.1717
5057,27.9884
5058,28.1344
5059,28.1638
5060,28.1551
5061,28.18
5062,28.0836
5063,28.1597
5064,28.0563
5065,28.2036
5066,28.1264
5067,28.1664
5068,28.1135
5069,28.1043
5070,28.1502
5071,28.0135
5072,28.0133
5073,28.1245
5074,28.091
5075,28.1136
5076,28.0058
5077,28.1385
5078,28.131
5079,28.0225
5080,28.1302
5081,28.0545
5082,28.0662
5083,28.1375
5084,28.2235
5085,28.1224
5086,28.0951
5087,28.1679
5088,28.07
5089,28.1162
5090,28.0596
5091,28.0686
5092,28.1361
5093,28.1119
5094,28.1023
5095,28.1359
5096,28.0684
5097,28.0783
5098,28.0241
5099,27.9936
5100,27.9404
5101,28.0464
5102,27.9784
5103,27.9845
5104,28.0634
5105,28.0064
5106,27.9921
5107,27.8887
5108,27.9446
5109,27.9755
5110,28.1532
5111,28.1345
5112,28.1003
5113,28.0754
5114,28.0323
5115,28.047
5116,28.1218
5117,28.0519
5118,27.9549
5119,28.0098
5120,28.0967
5121,28.004
5122,28.0384
5123,28.0752
5124,28.1229
5125,28.013
5126,28.1058
5127,28.1479
5128,28.089
5129,28.0078
5130,27.9824
5131,28.0747
5132,27.9297
5133,28.0474
5134,28.108
5135,28.0689
5136,28.1333
5137,28.1643
5138,28.1744
5139,28.111
5140,28.0337
5141,27.9596
5142,27.9512
5143,28.0059
5144,27.9947
5145,28.0518
5146,27.8805
5147,27.9235
5148,27.9883
5149,27.9276
5150,27.9443
5151,28.0478
5152,28.0472
5153,27.9484
5154,27.9951
5155,28.0023
5156,27.9126
5157,27.9912
5158,27.995
5159,27.9608
5160,27.9628
5161,27.9966
5162,27.9201
5163,28.0346
5164,28.0738
5165,28.1121
5166,28.0511
5167,28.0849
5168,28.1117
5169,28.03
5170,28.0049
5171,27.9962
5172,27.9036
5173,27.9149
5174,27.9623
5175,28.0088
5176,28.0184
5177,27.916
5178,28.0497
5179,28.0318
5180,27.9758
5181,28.0175
5182,28.0477
5183,28.0418
5184,27.9764
5185,28.0092
5186,28.0306
5187,27.9568
5188,28.0112
5189,28.0168
5190,28.0424
5191,28.0073
5192,27.9621
5193,27.9181
5194,27.8772
5195,27.8925
5196,27.9461
5197,27.9667
5198,27.9388
5199,28.0575
5200,28.0346
5201,28.0689
5202,28.1585
5203,28.1999
5204,28.2151
5205,28.1981
5206,28.1444
5207,28.0929
5208,28.3058
5209,28.1771
5210,28.2572
5211,28.2338
5212,28.1054
5213,28.0829
5214,28.0938
5215,28.1427
5216,28.0957
5217,27.9921
5218,28.0319
5219,28.0772
5220,28.0645
5221,28.1232
5222,28.1807
5223,28.1281
5224,28.1148
5225,28.088
5226,28.1701
5227,28.1118
5228,28.1254
5229,28.0681
5230,28.1222
5231,28.0287
5232,28.0715
5233,28.1589
5234,28.0667
5235,28.2153
5236,28.0932
5237,28.1227
5238,28.137
5239,28.2316
5240,28.1217
5241,28.2026
5242,28.1792
5243,28.3158
5244,28.1769
5245,28.1563
5246,28.21
5247,28.1674
5248,28.2176
5249,28.145
5250,28.1694
5251,28.0131
5252,28.0485
5253,27.9384
5254,27.9214
5255,28.0269
5256,27.9442
5257,27.9812
5258,28.1208
5259,28.0343
5260,28.0831
5261,28.0755
5262,28.219
5263,28.2318
5264,28.2565
5265,28.3506
5266,28.2999
5267,28.3801
5268,28.3307
5269,28.5784
5270,28.4502
5271,28.4758
5272,28.3696
5273,28.4357
5274,28.489
5275,28.4506
5276,28.3873
5277,28.4858
5278,28.4048
5279,28.4956
5280,28.4945
5281,28.4428
5282,28.4571
5283,28.3756
5284,28.2625
5285,28.2917
5286,28.3301
5287,28.4236
5288,28.4265
5289,28.5471
5290,28.4917
5291,28.4546
5292,28.3957
5293,28.3933
5294,28.3277
5295,28.3059
5296,28.3266
5297,28.3617
5298,28.2197
5299,28.3028
5300,28.2733
5301,28.3239
5302,28.2325
5303,28.2635
5304,28.1453
5305,28.2182
5306,28.3747
5307,28.2646
5308,28.3101
5309,28.2121
5310,28.2576
5311,28.2707
5312,28.2138
5313,28.2966
5314,28.2133
5315,28.1199
5316,28.1612
5317,28.2692
5318,28.1542
5319,28.1812
5320,28.1621
5321,28.2545
5322,28.2813
5323,28.1913
5324,28.1483
5325,28.1735
5326,28.1296
5327,28.1054
5328,28.1429
5329,28.2252
5330,28.199
5331,28.1534
5332,28.1835
5333,28.1932
5334,28.1851
5335,28.1757
5336,28.2136
5337,28.2799
5338,28.1584
5339,28.1704
5340,28.1238
5341,28.1312
5342,28.1295
5343,28.178
5344,28.1425
5345,28.2407
5346,28.1383
5347,28.1336
5348,28.0842
5349,28.1591
5350,28.1492
5351,28.1913
5352,28.1565
5353,28.1812
5354,28.0919
5355,28.1707
5356,28.2153
5357,28.2797
5358,28.3312
5359,28.2849
5360,28.3038
5361,28.2677
5362,28.2286
5363,28.1985
5364,28.2197
5365,28.2822
5366,28.1845
5367,28.1267
5368,28.1625
5369,28.2082
5370,28.195
5371,28.1348
5372,28.1889
5373,28.2001
5374,28.2417
5375,28.1403
5376,28.0675
5377,28.0668
5378,28.139
5379,28.0989
5380,28.169
5381,28.1216
5382,28.1177
5383,28.1127
5384,28.0682
5385,28.0748
5386,28.0857
5387,28.0373
5388,28.0859
5389,28.0521
5390,27.9842
5391,28.0901
5392,28.0882
5393,28.0381
5394,28.0931
5395,28.1536
5396,28.0625
5397,28.0078
5398,28.0778
5399,28.0712
5400,27.9918
5401,28.0447
5402,27.9494
5403,28.0977
5404,28.0537
5405,28.1113
5406,28.0668
5407,28.0726
5408,28.1425
5409,28.1163
5410,28.2047
5411,28.0398
5412,28.1334
5413,28.0742
5414,28.0787
5415,27.9994
5416,28.0641
5417,28.016
5418,28.0241
5419,28.032
5420,28.0334
5421,28.0835
5422,28.1924
5423,28.2081
5424,28.2569
5425,28.1448
5426,28.0718
5427,28.1437
5428,28.1809
5429,28.2464
5430,28.186
5431,28.2491
5432,28.3014
5433,28.2216
5434,28.1465
5435,28.1457
5436,28.0778
5437,28.1118
5438,28.0904
5439,28.0619
5440,28.0375
5441,28.018
5442,28.014
5443,28.0133
5444,27.9917
5445,27.9442
5446,28.0382
5447,28.0439
5448,28.0187
5449,28.0373
5450,28.1039
5451,28.0576
5452,28.0764
5453,28.0461
5454,27.9927
5455,28.0991
5456,28.0976
5457,28.0388
5458,28.1051
5459,28.0191
5460,28.0911
5461,28.0017
5462,28.0118
5463,28.0861
5464,28.091
5465,28.0173
5466,28.1728
5467,28.083
5468,28.0759
5469,28.1673
5470,28.0256
5471,28.1676
5472,28.1408
5473,28.1051
5474,28.1157
5475,28.1515
5476,28.1554
5477,28.1195
5478,28.0435
5479,28.0916
5480,28.223
5481,28.2852
5482,28.1402
5483,28.0448
5484,27.9518
5485,27.8871
5486,27.9783
5487,27.9058
5488,27.9389
5489,27.9076
5490,27.8981
5491,27.9523
5492,28.0225
5493,27.9183
5494,27.8972
5495,27.8975
5496,27.8462
5497,27.8518
5498,27.9819
5499,27.8976
5500,27.8923
5501,27.9703
5502,27.9301
5503,27.9184
5504,27.9828
5505,28.0173
5506,27.9232
5507,27.9682
5508,27.8759
5509,27.8997
5510,27.9658
5511,27.9333
5512,27.9715
5513,27.9607
5514,27.9545
5515,27.9546
5516,27.9793
5517,28.0447
5518,27.9406
5519,27.9776
5520,28.0064
5521,28.1043
5522,28.0701
5523,27.9282
5524,28.0527
5525,28.0646
5526,28.0339
5527,28.1393
5528,28.0003
5529,28.0161
5530,28.0289
5531,28.1274
5532,28.2406
5533,28.1149
5534,28.1447
5535,28.1481
5536,27.9956
5537,28.0996
5538,28.1572
5539,28.07
5540,27.965
5541,27.906
5542,27.9626
5543,27.9814
5544,28.0151
5545,28.0486
5546,27.9578
5547,27.9339
5548,28.0364
5549,28.0933
5550,28.0462
5551,28.0425
5552,28.0252
5553,27.95
5554,28.0656
5555,27.9223
5556,27.9975
5557,27.9085
5558,27.9987
5559,28.029
5560,27.9296
5561,27.97
5562,27.9741
5563,28.0027
5564,28.0486
5565,28.0589
5566,28.1463
5567,27.99
5568,27.9946
5569,27.9183
5570,27.9011
5571,28.0556
5572,27.9921
5573,28.0002
5574,28.0095
5575,28.1155
5576,28.1158
5577,27.9913
5578,28.1276
5579,28.0592
5580,27.9169
5581,28.0164
5582,27.8402
5583,27.8715
5584,27.9211
5585,27.9573
5586,27.9612
5587,27.9349
5588,27.9392
5589,28.0364
5590,28.0826
5591,27.8609
5592,27.9501
5593,28.0421
5594,27.9474
5595,27.8898
5596,27.9506
5597,28.0014
5598,27.9846
5599,28.0285
5600,27.93
5601,27.9514
5602,28.0216
5603,28.0502
5604,28.0158
5605,28.1166
5606,28.1202
5607,27.932
5608,27.9938
5609,28.1376
5610,28.1105
5611,28.0759
5612,28.0578
5613,28.0954
5614,28.1232
5615,27.956
5616,27.9314
5617,28.1391
5618,28.1025
5619,27.9581
5620,27.9667
5621,28.0654
5622,28.0271
5623,28.1229
5624,28.0916
5625,28.0379
5626,28.0003
5627,28.0518
5628,28.0964
5629,28.0315
5630,27.9833
5631,27.9634
5632,28.0001
5633,27.9989
5634,27.9315
5635,27.9485
5636,27.9328
5637,27.9681
5638,27.9544
5639,28.0606
5640,28.0051
5641,28.0291
5642,27.981
5643,27.9067
5644,27.8924
5645,28.0187
5646,27.984
5647,28.1015
5648,28.0074
5649,28.038
5650,28.0715
5651,28.0128
5652,28.0428
5653,28.0398
5654,28.0448
5655,27.949
5656,28.0044
5657,27.936
5658,27.9753
5659,27.9416
5660,27.8872
5661,27.869
5662,27.891
5663,27.9246
5664,27.9891
5665,27.9111
5666,28.0337
5667,28.014
5668,27.8969
5669,27.8144
5670,27.8463
5671,27.9421
5672,27.9363
5673,27.8818
5674,27.875
5675,27.927
5676,27.9153
5677,27.9252
5678,27.8959
5679,27.8704
5680,27.8699
5681,27.9868
5682,27.8861
5683,27.9131
5684,27.8339
5685,27.9027
5686,27.8382
5687,27.8161
5688,27.8465
5689,27.8367
5690,27.8876
5691,27.8638
5692,27.888
5693,27.9477
5694,27.8839
5695,27.9624
5696,27.9074
5697,27.9665
5698,27.9006
5699,27.9261
5700,27.8051
5701,27.9077
5702,27.9465
5703,27.9462
5704,27.8686
5705,27.924
5706,27.8884
5707,27.8871
5708,27.995
5709,27.8915
5710,27.9671
5711,27.9545
5712,28.0051
5713,27.9552
5714,27.9082
5715,27.9624
5716,28.0454
5717,28.0342
5718,28.035
5719,28.0397
5720,28.073
5721,28.0274
5722,28.0992
5723,28.0809
5724,28.2025
5725,28.0409
5726,28.0374
5727,28.0546
5728,28.083
5729,28.1605
5730,28.2066
5731,28.1556
5732,28.092
5733,28.1137
5734,28.0364
5735,27.9134
5736,28.1057
5737,27.9225
5738,27.9642
5739,28.1142
5740,28.2269
5741,28.1206
5742,28.1563
5743,28.1599
5744,28.0035
5745,28.1033
5746,28.1739
5747,28.2028
5748,28.2257
5749,28.301
5750,28.3251
5751,28.2081
5752,28.1581
5753,28.1653
5754,28.311
5755,28.2103
5756,28.1687
5757,28.1617
5758,28.1307
5759,28.1842
5760,28.1575
5761,28.0935
5762,28.1551
5763,28.1932
5764,28.1308
5765,28.1442
5766,28.0621
5767,28.1437
5768,27.9996
5769,28.0878
5770,28.1006
5771,28.1267
5772,28.0121
5773,27.989
5774,28.0526
5775,28.1837
5776,28.1646
5777,28.1182
5778,28.0067
5779,28.0666
5780,28.055
5781,27.9714
5782,28.131
5783,28.0366
5784,28.0481
5785,28.2038
5786,28.1375
5787,28.1761
5788,28.1562
5789,28.0198
5790,27.9796
5791,27.9667
5792,28.067
5793,28.1166
5794,28.0574
5795,28.0424
5796,28.1174
5797,28.0755
5798,27.9783
5799,27.9677
5800,28.0868
5801,28.1325
5802,28.1433
5803,28.104
5804,28.0877
5805,28.0223
5806,28.0269
5807,28.0001
5808,28.0184
5809,28.0432
5810,28.0011
5811,28.04
5812,28.0975
5813,28.1481
5814,28.2861
5815,28.258
5816,28.1947
5817,28.1709
5818,28.19
5819,28.1725
5820,28.1544
5821,28.1365
5822,28.2667
5823,28.2232
5824,28.205
5825,28.2311
5826,28.2428
5827,28.1736
5828,28.1596
5829,28.1084
5830,28.1457
5831,28.1563
5832,28.2202
5833,28.209
5834,28.1372
5835,28.0592
5836,28.0233
5837,27.9866
5838,28.0761
5839,28.0329
5840,28.0954
5841,28.0584
5842,28.0959
5843,28.1397
5844,28.0565
5845,28.0642
5846,28.0366
5847,28.072
5848,28.1145
5849,28.192
5850,28.1766
5851,28.1575
5852,28.1644
5853,28.1351
5854,28.2076
5855,28.1531
5856,28.223
5857,28.1493
5858,28.0781
5859,28.0182
5860,27.9751
5861,28.1223
5862,28.1067
5863,28.1894
5864,28.1794
5865,28.0604
5866,28.1383
5867,28.1461
5868,28.1127
5869,28.0868
5870,28.0419
5871,28.2067
5872,28.0062
5873,28.0856
5874,28.1579
5875,28.0461
5876,28.0701
5877,28.1294
5878,28.1829
5879,28.1981
5880,28.2079
5881,28.1941
5882,28.1578
5883,28.0847
5884,28.1114
5885,28.1175
5886,28.1357
5887,28.1388
5888,28.2195
5889,28.1653
5890,28.1567
5891,28.2088
5892,28.1064
5893,28.1369
5894,28.1294
5895,28.0346
5896,28.1545
5897,28.1628
5898,28.0465
5899,28.0959
5900,28.1441
5901,28.124
5902,28.1178
5903,28.1462
5904,28.0626
5905,28.1227
5906,28.1145
5907,27.9957
5908,28.1494
5909,28.0965
5910,28.1288
5911,28.0506
5912,28.0616
5913,28.0318
5914,28.0958
5915,28.1541
5916,28.0714
5917,28.0754
5918,28.0408
5919,28.0132
5920,28.0474
5921,27.9543
5922,27.9931
5923,27.9345
5924,27.9218
5925,28.0244
5926,28.2146
5927,28.1145
5928,27.9776
5929,28.0982
5930,28.1079
5931,27.9947
5932,27.9405
5933,27.8609
5934,28.0803
5935,28.0705
5936,28.0492
5937,28.0438
5938,27.9809
5939,28.0312
5940,27.9897
5941,27.9587
5942,28.0495
5943,28.0584
5944,28.2178
5945,28.0791
5946,28.1042
5947,28.088
5948,28.0522
5949,28.0971
5950,28.0618
5951,28.1218
5952,28.1561
5953,28.0861
5954,28.0603
5955,28.0061
5956,28.0027
5957,28.1144
5958,28.0862
5959,28.0914
5960,27.9352
5961,27.925
5962,28.0699
5963,28.0114
5964,27.9789
5965,27.9838
5966,28.0313
5967,27.9853
5968,28.1067
5969,27.995
5970,27.9602
5971,27.9521
5972,28.0001
5973,28.0037
5974,28.0829
5975,27.9834
5976,27.9948
5977,27.9939
5978,28.0081
5979,28.0742
5980,28.0107
5981,27.9181
5982,28.0133
5983,27.9419
5984,27.9948
5985,28.0176
5986,28.0243
5987,27.9717
5988,27.9921
5989,28.0882
5990,27.9882
5991,28.1066
5992,27.9535
5993,28.0919
5994,28.1269
5995,28.0511
5996,28.0243
5997,28.0725
5998,28.058
5999,28.084
6000,27.9831
6001,28.0316
6002,27.995
6003,27.9647
6004,27.9679
6005,28.0143
6006,28.0435
6007,27.9916
6008,28.0561
6009,28.0453
6010,27.9773
6011,27.9789
6012,27.8884
6013,27.9211
6014,28.0446
6015,27.9853
6016,27.9975
6017,28.0378
6018,28.0999
6019,28.1261
6020,28.0971
6021,28.0965
6022,28.0079
6023,27.9298
6024,27.9047
6025,28.0161
6026,27.9954
6027,28.0356
6028,28.0173
6029,28.0285
6030,28.0105
6031,27.8927
6032,27.9511
6033,27.8746
6034,27.9205
6035,27.9676
6036,27.9567
6037,27.9098
6038,27.9355
6039,27.9008
6040,27.9509
6041,27.8903
6042,27.9096
6043,28.043
6044,27.9352
6045,27.9466
6046,27.8846
6047,27.9543
6048,27.8369
6049,27.9853
6050,27.9301
6051,27.9299
6052,27.8706
6053,27.945
6054,27.854
6055,27.9452
6056,27.9604
6057,28.0117
6058,28.1272
6059,27.9142
6060,27.8414
6061,27.8747
6062,27.9239
6063,27.9939
6064,27.9061
6065,27.9579
6066,27.9382
6067,27.9621
6068,27.9872
6069,27.894
6070,28.012
6071,27.9696
6072,27.9512
6073,28.1245
6074,28.0896
6075,28.0962
6076,28.0642
6077,28.0952
6078,27.9235
6079,28
6080,28.0215
6081,28.0669
6082,28.1358
6083,28.0668
6084,28.1307
6085,28.1376
6086,28.1033
6087,28.0554
6088,28.0055
6089,27.9152
6090,28.061
6091,28.0678
6092,28.0035
6093,27.9994
6094,28.1102
6095,28.0685
6096,27.9618
6097,27.9641
6098,28.0237
6099,27.9093
6100,27.8973
6101,27.8974
6102,27.8696
6103,27.8336
6104,27.8975
6105,27.9393
6106,27.9034
6107,27.8139
6108,27.7933
6109,27.9121
6110,27.8351
6111,27.9026
6112,27.8104
6113,27.8117
6114,27.8419
6115,27.8925
6116,27.9855
6117,28.0206
6118,28.0338
6119,28.0927
6120,28.0146
6121,27.8507
6122,27.9552
6123,28
6124,27.9769
6125,28.1212
6126,27.9869
6127,27.9844
6128,28.0136
6129,27.9589
6130,28.064
6131,28.1169
6132,28.2324
6133,28.2194
6134,28.2236
6135,28.1841
6136,28.1056
6137,28.1225
6138,28.1497
6139,28.0543
6140,28.1073
6141,28.1052
6142,28.0702
6143,28.087
6144,28.1081
6145,28.052
6146,28.1031
6147,28.0292
6148,28.0092
6149,28.0201
6150,28.0335
6151,28.0977
6152,28.0453
6153,28.0541
6154,28.0069
6155,28.0743
6156,27.9851
6157,28.1693
6158,28.1572
6159,28.0918
6160,28.0187
6161,27.9768
6162,28.007
6163,28.0198
6164,28.1429
6165,28.1452
6166,28.1747
6167,28.0988
6168,28.0337
6169,28.1927
6170,28.1202
6171,28.1282
6172,28.083
6173,28.1305
6174,28.1479
6175,28.0183
6176,28.0319
6177,28.1022
6178,28.0574
6179,28.0409
6180,27.9622
6181,27.9578
6182,27.9881
6183,27.9758
6184,27.9882
6185,28.0837
6186,28.1521
6187,27.9983
6188,28.1463
6189,28.1004
6190,28.1411
6191,28.099
6192,27.9371
6193,28.0853
6194,27.963
6195,27.9892
6196,28.0153
6197,28.079
6198,28.0793
6199,28.0154
6200,27.9635
6201,27.952
6202,28.1498
6203,28.0705
6204,28.0974
6205,28.0736
6206,28.03
6207,28.1105
6208,28.0758
6209,28.1071
6210,28.083
6211,28.0875
6212,27.9924
6213,27.9545
6214,27.9261
6215,27.9924
6216,27.9843
6217,28.0655
6218,27.9243
6219,27.9887
6220,28.0207
6221,28.0198
6222,28.0417
6223,28.0192
6224,27.8768
6225,27.8718
6226,27.8508
6227,27.9847
6228,27.974
6229,27.9747
6230,27.972
6231,27.9127
6232,27.9555
6233,28.0231
6234,28.0029
6235,27.9684
6236,27.9581
6237,27.9767
6238,27.9471
6239,27.929
6240,28.0062
6241,27.9609
6242,27.9322
6243,27.9837
6244,27.9627
6245,27.9577
6246,28.0597
6247,27.9827
6248,28.0079
6249,27.9942
6250,27.919
6251,27.9614
6252,27.9213
6253,27.9614
6254,27.9845
6255,27.968
6256,27.9565
6257,27.9795
6258,27.9463
6259,27.8882
6260,28.0016
6261,27.9659
6262,27.9909
6263,27.952
6264,27.9993
6265,27.9788
6266,28.0196
6267,27.9692
6268,27.9873
6269,28.0543
6270,27.9628
6271,27.9452
6272,27.9851
6273,27.9951
6274,27.9851
6275,28.0605
6276,27.9376
6277,27.9499
6278,27.9045
6279,28.0891
6280,28.0359
6281,28.0756
6282,28.0544
6283,28.0506
6284,27.957
6285,28.0934
6286,28.0474
6287,27.9063
6288,27.8987
6289,27.9047
6290,27.9867
6291,27.9732
6292,28.0273
6293,28.191
6294,28.0407
6295,27.9431
6296,27.9466
6297,27.9088
6298,28.0074
6299,28.0095
6300,27.9813
6301,27.9665
6302,27.8295
6303,27.9506
6304,27.8903
6305,27.9159
6306,27.8731
6307,27.9272
6308,27.8618
6309,27.9855
6310,27.9692
6311,27.9161
6312,27.9215
6313,27.8775
6314,27.9127
6315,27.9901
6316,27.9285
6317,27.9953
6318,28.0172
6319,27.957
6320,27.9665
6321,28.0551
6322,28.0024
6323,27.9806
6324,28.0329
6325,27.9276
6326,27.87
6327,28.0112
6328,27.9827
6329,28.0126
6330,28.0196
6331,28.031
6332,28.0342
6333,28.0621
6334,28.0583
6335,28.058
6336,28.0506
6337,28.099
6338,27.9697
6339,28.021
6340,28.103
6341,28.034
6342,28.0467
6343,28.1087
6344,28.093
6345,28.0103
6346,28.0122
6347,28.0621
6348,27.9554
6349,28.0097
6350,28.019
6351,28.1475
6352,27.9751
6353,27.9926
6354,28.0258
6355,27.9857
6356,28.0812
6357,28.0527
6358,27.9939
6359,28.0691
6360,28.0282
6361,28.1107
6362,28.1154
6363,28.1123
6364,28.1447
6365,28.0554
6366,28.0173
6367,28.0446
6368,28.0452
6369,28.0727
6370,28.083
6371,28.1218
6372,28.13
6373,28.061
6374,28.0666
6375,28.0766
6376,28.0085
6377,28.1244
6378,28.0888
6379,28.0308
6380,28.0435
6381,28.0339
6382,28.1084
6383,28.0802
6384,28.0698
6385,28.0587
6386,28.0785
6387,28.0981
6388,28.0071
6389,28.2455
6390,28.1364
6391,28.1274
6392,28.0771
6393,28.1615
6394,28.0804
6395,28.1582
6396,28.0337
6397,28.0934
6398,28.179
6399,28.0463
6400,28.0321
6401,28.1192
6402,28.1672
6403,28.0919
6404,28.143
6405,28.2345
6406,28.2458
6407,28.279
6408,28.1501
6409,28.2292
6410,28.2286
6411,28.2267
6412,28.3006
6413,28.145
6414,28.2247
6415,28.06
6416,28.0574
6417,28.0589
6418,28.0785
6419,28.0096
6420,28.0259
6421,27.9174
6422,28.1178
6423,28.1084
6424,27.9649
6425,28.0834
6426,28.0566
6427,28.0541
6428,28.0688
6429,28.1054
6430,28.1813
6431,28.1236
6432,28.1382
6433,28.1554
6434,28.1155
6435,28.1872
6436,28.1091
6437,28.003
6438,27.9713
6439,28.0736
6440,28.008
6441,27.913
6442,28.0511
6443,27.9879
6444,27.8624
6445,27.9451
6446,28.0976
6447,28.0244
6448,27.96
6449,27.9125
6450,27.9211
6451,27.9924
6452,27.9251
6453,27.9846
6454,27.9573
6455,27.9027
6456,27.9593
6457,27.9789
6458,27.9798
6459,28.0236
6460,28.0136
6461,27.8545
6462,27.939
6463,27.9636
6464,27.9448
6465,28.027
6466,27.9427
6467,27.9951
6468,27.9533
6469,28.0214
6470,27.9725
6471,28.0491
6472,28.0455
6473,28.0735
6474,28.0851
6475,28.0503
6476,28.1064
6477,28.0901
6478,27.9449
6479,28.0257
6480,28.1392
6481,28.1185
6482,27.9938
6483,28.0112
6484,28.0372
6485,27.8948
6486,28.0142
6487,27.9802
6488,28.0881
6489,28.0492
6490,27.9857
6491,27.9571
6492,27.997
6493,28.0207
6494,27.9537
6495,28.0167
6496,27.9928
6497,27.9454
6498,27.9986
6499,28.0752
6500,28.1431
6501,28.0457
6502,28.0443
6503,28.055
6504,28.04
6505,28.1215
6506,28.0746
6507,28.1305
6508,28.1489
6509,28.0983
6510,28.0443
6511,28.0735
6512,28
6513,28.0364
6514,28.1138
6515,28.2159
6516,28.1606
6517,28.0592
6518,28.1416
6519,28.0859
6520,28.0227
6521,28.0677
6522,28.0505
6523,28.0946
6524,28.1047
6525,28.0979
6526,28.1424
6527,28.0702
6528,28.0893
6529,28.1105
6530,27.965
6531,28.0601
6532,28.0763
6533,28.0081
6534,27.9159
6535,27.9935
6536,27.9614
6537,28.0175
6538,27.9729
6539,27.9405
6540,27.9544
6541,27.8768
6542,27.9049
6543,27.9764
6544,28.0247
6545,28.0088
6546,28.0913
6547,28.1126
6548,28.0023
6549,28.0771
6550,28.1269
6551,28.1063
6552,28.037
6553,27.9927
6554,27.9684
6555,28.0022
6556,28.1183
6557,27.9852
6558,27.9861
6559,28.0657
6560,27.9145
6561,27.8648
6562,27.8769
6563,27.9939
6564,27.8572
6565,27.9711
6566,27.9608
6567,27.9691
6568,27.9661
6569,27.9136
6570,28.0049
6571,27.9588
6572,27.9446
6573,28.0338
6574,27.8808
6575,28.0075
6576,27.9963
6577,27.9394
6578,28.0326
6579,27.9599
6580,27.9416
6581,27.925
6582,28.0453
6583,27.9864
6584,27.956
6585,27.9012
6586,27.9706
6587,27.9599
6588,28.0269
6589,27.9256
6590,27.9605
6591,27.9918
6592,27.877
6593,27.9181
6594,27.9296
6595,27.9194
6596,27.9138
6597,27.931
6598,28.0644
6599,28.0676
6600,27.9753
6601,28.0312
6602,28.0468
6603,28.0723
6604,28.0236
6605,28.006
6606,27.9811
6607,28.0744
6608,28.01
6609,28.0202
6610,28.0083
6611,28.0088
6612,27.8882
6613,28.0418
6614,28.0181
6615,28.0714
6616,28.0276
6617,28.0956
6618,28.1023
6619,28.1615
6620,28.0594
6621,28.0682
6622,28.035
6623,28.0033
6624,27.9558
6625,27.9988
6626,27.9918
6627,27.9743
6628,27.988
6629,28.0021
6630,27.986
6631,28.1009
6632,28.1418
6633,28.0488
6634,27.9484
6635,27.9857
6636,28.0077
6637,28.0564
6638,28.0828
6639,28.0455
6640,28.0145
6641,28.2205
6642,28.0486
6643,28.1604
6644,28.1058
6645,28.0969
6646,27.9515
6647,28.017
6648,28.0109
6649,28.091
6650,27.9897
6651,27.9545
6652,28.1142
6653,28.0473
6654,28.0057
6655,28.056
6656,28.1033
6657,28.1783
6658,28.0786
6659,28.074
6660,28.0811
6661,28.1337
6662,28.0267
6663,28.0771
6664,27.9685
6665,27.9691
6666,28.0132
6667,28.0116
6668,27.9458
6669,27.9287
6670,27.9296
6671,27.8969
6672,27.9494
6673,27.9584
6674,27.9913
6675,27.992
6676,27.9768
6677,27.9189
6678,28.0021
6679,28.0299
6680,27.9663
6681,28.0417
6682,28.0107
6683,28.0185
6684,28.0095
6685,27.9225
6686,28.0126
6687,27.9736
6688,28.0745
6689,27.9105
6690,27.9258
6691,27.9185
6692,27.9695
6693,27.9068
6694,27.9219
6695,28.072
6696,28.023
6697,27.9923
6698,28.0794
6699,28.0622
6700,28.0009
6701,27.9044
6702,28.035
6703,28.0582
6704,28.0171
6705,28.1013
6706,28.0087
6707,28.002
6708,28.1455
6709,28.0635
6710,27.9947
6711,28.1078
6712,28.1857
6713,28.0853
6714,28.0785
6715,28.0934
6716,28.1676
6717,28.1604
6718,28.0433
6719,28.0255
6720,28.0361
6721,27.9894
6722,28.0292
6723,28.0727
6724,28.0918
6725,28.0735
6726,27.979
6727,27.9864
6728,27.9987
6729,28.0181
6730,28.0263
6731,27.8732
6732,27.9275
6733,28.0799
6734,27.9942
6735,28.0738
6736,28.1034
6737,28.0565
6738,27.9475
6739,27.9375
6740,28.0115
6741,27.9998
6742,28.0515
6743,28.0005
6744,28.0515
6745,27.9399
6746,27.9267
6747,28.0384
6748,27.9647
6749,28.0826
6750,28.1049
6751,27.9978
6752,28.0295
6753,28.044
6754,28.0694
6755,28.1143
6756,28.1088
6757,28.1076
6758,28.2472
6759,28.2271
6760,28.1826
6761,28.1328
6762,28.0997
6763,27.9674
6764,28.0364
6765,28.0567
6766,27.9881
6767,28.008
6768,27.9219
6769,28
6770,27.9125
6771,30.0649
6772,27.9905
6773,27.9713
6774,27.956
6775,28.0278
6776,27.998
6777,28.0864
6778,28.0197
6779,27.9895
6780,27.974
6781,28.0348
6782,27.9934
6783,27.9546
6784,27.9222
6785,27.8569
6786,27.9027
6787,27.9402
6788,28.0012
6789,28.0397
6790,27.9547
6791,28.0314
6792,27.8864
6793,27.9248
6794,27.9694
6795,27.9737
6796,28.0928
6797,28.0783
6798,28.0045
6799,27.9688
6800,28.0221
6801,28.0227
6802,28.0011
6803,27.9643
6804,28.04
6805,28.1271
6806,28.0326
6807,27.9929
6808,30.0831
6809,28.1052
6810,28.1429
6811,30.1505
6812,28.1196
6813,30.0663
6814,28.1917
6815,28.0851
6816,30.1031
6817,30.1994
6818,30.1414
6819,30.2503
6820,30.0799
6821,30.1394
6822,30.0058
6823,30.0735
6824,30.0314
6825,30.0666
6826,30.0313
6827,30.0299
6828,30.0529
6829,30.0928
6830,27.9683
6831,27.9682
6832,28.0157
6833,28.0752
6834,28.1199
6835,28.083
6836,28.1001
6837,28.0786
6838,28.1074
6839,30.2212
6840,30.1389
6841,30.1034
6842,30.1064
6843,30.0583
6844,30.1133
6845,28.0152
6846,28.0591
6847,27.9987
6848,28.0075
6849,27.9775
6850,28.0333
6851,28.0775
6852,27.9521
6853,28.0307
6854,28.1
6855,28.0457
6856,28.0345
6857,28.1391
6858,28.1917
6859,28.2472
6860,28.1492
6861,28.011
6862,27.9675
6863,28.0259
6864,28.1249
6865,28.1086
6866,28.0122
6867,28.011
6868,28.0857
6869,28.0481
6870,28.0054
6871,28.0432
6872,28.0167
6873,27.9576
6874,28.0184
6875,28.0314
6876,28.042
6877,28.157
6878,28.1189
6879,28.091
6880,28.0612
6881,28.1749
6882,28.0568
6883,28.0567
6884,27.9752
6885,28.0194
6886,27.9431
6887,28.0357
6888,27.9869
6889,28.1081
6890,28.0054
6891,28.0704
6892,28.0506
6893,28.0474
6894,27.9664
6895,28.0135
6896,28.0644
6897,27.9452
6898,27.9052
6899,27.9905
6900,27.9165
6901,28.0056
6902,27.9681
6903,27.9131
6904,27.9648
6905,27.9391
6906,28.0321
6907,28.2022
6908,28.0221
6909,27.93
6910,28.0064
6911,27.9465
6912,27.9599
6913,28.0113
6914,27.9933
6915,27.9393
6916,28.0875
6917,28.1151
6918,28.0706
6919,28.0632
6920,28.0807
6921,28.1633
6922,28.0604
6923,28.1459
6924,28.084
6925,28.1257
6926,28.0749
6927,28.1309
6928,28.0737
6929,28.0392
6930,28.1191
6931,28.0662
6932,27.9533
6933,28.0929
6934,28.0875
6935,28.0556
6936,28.0205
6937,27.9863
6938,28.0498
6939,28.0072
6940,28.0227
6941,27.9935
6942,27.9947
6943,27.9508
6944,28.0796
6945,27.9614
6946,27.9984
6947,27.9665
6948,27.8867
6949,27.9245
6950,27.9501
6951,27.9707
6952,27.9988
6953,27.9676
6954,28.0177
6955,28.0944
6956,28.0805
6957,28.0767
6958,28.0433
6959,28.0207
6960,27.9939
6961,28.0405
6962,27.9562
6963,27.9991
6964,27.8753
6965,27.9538
6966,27.9619
6967,27.9588
6968,27.9839
6969,28.014
6970,27.912
6971,28.0356
6972,27.9596
6973,27.9979
6974,28.0236
6975,28.0576
6976,28.0699
6977,28.0205
6978,28.0457
6979,28.0396
6980,27.9633
6981,28.0222
6982,27.9871
6983,27.9873
6984,27.9317
6985,27.9236
6986,27.9923
6987,27.9978
6988,28.0541
6989,27.9774
6990,27.9303
6991,27.9559
6992,27.9255
6993,27.9631
6994,27.8422
6995,28.0046
6996,27.9651
6997,27.9415
6998,27.9379
6999,28.0044
7000,28.0656
7001,28.0929
7002,28.0457
7003,27.9708
7004,27.9203
7005,27.9774
7006,28.0902
7007,28.034
7008,27.982
7009,27.9666
7010,28.0403
7011,28.0079
7012,28.027
7013,27.9294
7014,27.902
7015,27.9237
7016,27.934
7017,27.9242
7018,27.87
7019,27.9447
7020,27.8747
7021,27.8945
7022,27.9887
7023,27.9854
7024,27.9931
7025,27.9599
7026,27.8973
7027,27.9478
7028,27.9407
7029,27.9165
7030,27.9188
7031,27.9955
7032,27.9603
7033,28.011
7034,28.0253
7035,28.0117
7036,28.0354
7037,28.1145
7038,28.0568
7039,27.9743
7040,27.9952
7041,28.0663
7042,27.9594
7043,27.9829
7044,28.0055
7045,27.9204
7046,27.9079
7047,27.9817
7048,28.0372
7049,28.059
7050,27.9863
7051,27.9986
7052,27.9829
7053,27.9739
7054,28.0528
7055,28.0714
7056,28.0522
7057,28.0033
7058,28.1077
7059,27.9669
7060,28.0215
7061,27.9709
7062,28.0493
7063,28.046
7064,28.0044
7065,28.0531
7066,28.0459
7067,28.063
7068,28.0117
7069,27.9711
7070,27.9247
7071,27.8709
7072,27.918
7073,28.0552
7074,27.8728
7075,28.003
7076,27.9855
7077,27.9755
7078,27.9413
7079,27.8728
7080,27.8115
7081,27.8572
7082,27.8173
7083,27.8422
7084,27.8774
7085,27.8585
7086,28.0005
7087,28.0048
7088,27.9038
7089,27.8654
7090,27.9201
7091,27.9683
7092,27.8902
7093,28.0079
7094,27.916
7095,27.9322
7096,27.889
7097,27.8733
7098,27.9296
7099,27.994
7100,28.0395
7101,27.9529
7102,27.9514
7103,28.0222
7104,27.9371
7105,28.0136
7106,28.0046
7107,28.0638
7108,28.1025
7109,28.0577
7110,28.1094
7111,28.2127
7112,28.103
7113,28.1104
7114,28.0569
7115,28.0315
7116,28.0923
7117,28.1194
7118,28.0859
7119,28.0343
7120,28.035
7121,28.0448
7122,28.094
7123,28.1085
7124,28.1442
7125,28.1323
7126,28.0384
7127,28.0644
7128,27.9804
7129,28.0528
7130,28.0639
7131,28.078
7132,27.9842
7133,27.9893
7134,28.1029
7135,28.0186
7136,27.9283
7137,27.9549
7138,28.0329
7139,28.0477
7140,28.029
7141,28.0996
7142,27.9885
7143,27.9926
7144,28.0033
7145,28.0497
7146,28.0172
7147,28.0011
7148,28.0751
7149,27.8442
7150,28.003
7151,27.9111
7152,27.9482
7153,28.0334
7154,28.1384
7155,28.0085
7156,28.0048
7157,28.0368
7158,27.9694
7159,28.0023
7160,28.0013
7161,28.0442
7162,28.0408
7163,28.0669
7164,28.0873
7165,28.1012
7166,28.139
7167,28.1249
7168,28.1111
7169,28.2343
7170,28.2095
7171,28.3736
7172,28.1915
7173,28.0733
7174,28.0695
7175,28.0375
7176,28.0986
7177,28.1162
7178,27.9837
7179,27.9985
7180,28.0754
7181,27.9928
7182,28.0547
7183,28.1473
7184,28.0596
7185,28.0441
7186,28.002
7187,27.9746
7188,28.2013
7189,28.1275
7190,28.0686
7191,28.0305
7192,28.1183
7193,28.0024
7194,28.0974
7195,28.0125
7196,28.0564
7197,28.0701
7198,28.0938
7199,28.1153
7200,28.2049
7201,28.1629
7202,28.2687
7203,28.0666
7204,28.1247
7205,28.2393
7206,28.1949
7207,28.1846
7208,28.1315
7209,28.1219
7210,28.1126
7211,28.098
7212,28.1005
7213,28.0105
7214,28.1161
7215,28.0954
7216,28.12
7217,28.0937
7218,28.0879
7219,28.0765
7220,28.0468
7221,28.148
7222,28.1267
7223,28.1415
7224,28.1149
7225,28.1488
7226,28.1247
7227,28.2498
7228,28.1621
7229,28.0586
7230,28.2796
7231,28.1382
7232,28.1516
7233,28.1333
7234,28.2471
7235,28.1231
7236,28.0711
7237,28.0457
7238,28.0094
7239,28.0609
7240,28.1248
7241,28.1339
7242,28.1154
7243,28.0483
7244,28.1219
7245,28.0506
7246,28.0552
7247,27.9439
7248,28.0219
7249,27.9662
7250,28.1117
7251,28.0151
7252,28.0733
7253,27.9512
7254,27.9011
7255,27.857
7256,27.9276
7257,27.9369
7258,28.019
7259,27.9234
7260,28.039
7261,27.9663
7262,27.9639
7263,28.0813
7264,28.055
7265,28.0779
7266,28.015
7267,27.9398
7268,27.9242
7269,27.9812
7270,27.982
7271,28.0307
7272,27.943
7273,28.0157
7274,28.0894
7275,27.9933
7276,27.9231
7277,27.9575
7278,27.7957
7279,27.7736
7280,27.9358
7281,27.9808
7282,27.8791
7283,27.9175
7284,27.9497
7285,28.0405
7286,28.1019
7287,28.0065
7288,27.9287
7289,27.9627
7290,27.9855
7291,27.9445
7292,27.9238
7293,28.0074
7294,28.0458
7295,27.9353
7296,27.9725
7297,27.9806
7298,27.9571
7299,27.9937
7300,28.0644
7301,28.0817
7302,28.1315
7303,28.0447
7304,28.1632
7305,28.107
7306,28.0757
7307,28.1535
7308,28.2038
7309,28.1386
7310,28.085
7311,28.1318
7312,28.0094
7313,27.9684
7314,28.0658
7315,28.0659
7316,28.0671
7317,28.1134
7318,28.1765
7319,28.063
7320,28.1227
7321,28.0543
7322,28.1272
7323,28.2353
7324,28.1157
7325,28.1117
7326,28.1418
7327,28.1589
7328,28.1574
7329,28.2071
7330,28.2393
7331,28.1582
7332,28.2607
7333,28.1991
7334,28.1859
7335,28.183
7336,28.0329
7337,28.029
7338,28.0752
7339,28.0302
7340,27.9719
7341,28.0549
7342,28.0432
7343,28.1246
7344,28.1066
7345,28.0638
7346,28.0623
7347,28.0331
7348,27.9698
7349,27.9905
7350,28.096
7351,27.9958
7352,28.0202
7353,28.0059
7354,28.0338
7355,27.9925
7356,27.9754
7357,27.9623
7358,27.9804
7359,27.893
7360,28.0304
7361,28.0403
7362,28.0574
7363,28.0784
7364,28.093
7365,28.0079
7366,27.9696
7367,27.951
7368,27.7989
7369,27.8258
7370,27.8424
7371,27.9156
7372,27.9077
7373,27.8591
7374,27.9427
7375,27.9325
7376,27.9561
7377,27.9459
7378,27.9631
7379,27.9904
7380,27.9203
7381,27.8998
7382,28.0177
7383,27.9078
7384,28.0092
7385,27.9936
7386,27.9855
7387,27.9712
7388,27.862
7389,27.8414
7390,27.9746
7391,27.9
7392,27.9536
7393,27.9146
7394,27.9385
7395,27.9131
7396,28.0433
7397,27.8749
7398,27.8477
7399,27.8898
7400,27.8615
7401,27.8742
7402,27.8625
7403,27.8989
7404,28.0561
7405,27.9724
7406,28.0415
7407,28.0748
7408,28.0273
7409,28.0077
7410,27.9685
7411,28.0211
7412,28.0128
7413,27.9513
7414,27.9662
7415,27.9913
7416,28.0748
7417,28.0022
7418,27.9492
7419,27.8865
7420,27.7863
7421,27.9875
7422,27.9494
7423,27.9764
7424,27.9475
7425,27.9942
7426,27.9662
7427,27.9949
7428,28.0487
7429,27.9014
7430,28.015
7431,27.9563
7432,28.0181
7433,28.0617
7434,27.9902
7435,27.9976
7436,27.944
7437,27.9307
7438,27.8849
7439,28.0149
7440,27.9262
7441,28.0137
7442,27.9846
7443,28.0037
7444,27.9438
7445,27.9817
7446,27.9772
7447,28.0336
7448,28.0116
7449,27.9494
7450,28.1281
7451,27.9429
7452,28.0674
7453,28.0075
7454,27.9962
7455,27.9993
7456,28.0387
7457,28.0331
7458,28.0305
7459,28.0074
7460,28.0409
7461,28.1597
7462,28.1112
7463,28.0788
7464,28.197
7465,28.2103
7466,28.1583
7467,28.1132
7468,28.1868
7469,28.1924
7470,28.2039
7471,28.1449
7472,28.2369
7473,28.2606
7474,28.1825
7475,28.2183
7476,28.1707
7477,28.2561
7478,28.0844
7479,28.0719
7480,28.1107
7481,28.0813
7482,28.1171
7483,28.1495
7484,28.049
7485,28.0741
7486,28.0006
7487,28.1979
7488,28.1543
7489,28.0645
7490,28.1468
7491,28.005
7492,27.9567
7493,28.0248
7494,27.9214
7495,28.0025
7496,28.0524
7497,28.0358
7498,27.9148
7499,28.0787
7500,28.1782
7501,28.0982
7502,27.9987
7503,28.0688
7504,28.083
7505,27.9992
7506,28.0407
7507,27.9757
7508,28.0277
7509,28.0628
7510,28.0861
7511,28.0503
7512,28.0718
7513,28.0354
7514,28.0856
7515,28.038
7516,28.0201
7517,28.0015
7518,28.163
7519,28.0601
7520,28.055
7521,28.0155
7522,27.9554
7523,27.9696
7524,27.9542
7525,28.1185
7526,28.041
7527,28.05
7528,27.997
7529,27.9855
7530,28.0904
7531,28.0237
7532,28.0444
7533,27.9851
7534,28.0171
7535,27.95
7536,27.9504
7537,27.9818
7538,27.9636
7539,27.9765
7540,27.9619
7541,27.9294
7542,27.9138
7543,28.0341
7544,28.0679
7545,28.0962
7546,28.0766
7547,28.0904
7548,28.0136
7549,27.9774
7550,28.0537
7551,28.0257
7552,28.0511
7553,27.9233
7554,28.0122
7555,28.0198
7556,28.1258
7557,28.0968
7558,28.1491
7559,28.0854
7560,28.0681
7561,28.0725
7562,28.0663
7563,28.06
7564,28.0023
7565,28.0524
7566,28.0294
7567,28.0034
7568,27.9172
7569,28.018
7570,27.9114
7571,27.9986
7572,27.9659
7573,27.8966
7574,27.9872
7575,27.9852
7576,27.9798
7577,28.1128
7578,28.0331
7579,28.1052
7580,28.1098
7581,28.1873
7582,27.9928
7583,28.0329
7584,28.0359
7585,27.9836
7586,28.1281
7587,28.084
7588,28.1263
7589,28.061
7590,27.9709
7591,28.0639
7592,27.993
7593,27.9491
7594,27.9534
7595,28.1141
7596,27.9875
7597,28.0408
7598,28.0536
7599,28.1585
7600,28.0316
7601,27.9983
7602,27.972
7603,28.0147
7604,28.1576
7605,28.0451
7606,28.0507
7607,27.9682
7608,27.9096
7609,27.9662
7610,27.9314
7611,27.8595
7612,28.0017
7613,28.0322
7614,27.9772
7615,27.9163
7616,27.882
7617,27.9214
7618,27.9447
7619,28.0267
7620,27.9939
7621,28.074
7622,27.9785
7623,27.919
7624,28.0201
7625,28.1704
7626,27.9717
7627,27.9825
7628,28.0343
7629,28.0096
7630,27.9784
7631,28.0563
7632,28.0175
7633,27.9453
7634,27.9706
7635,28.0291
7636,28.0319
7637,28.0756
7638,28.1584
7639,28.1313
7640,28.055
7641,27.9774
7642,28.041
7643,28.1649
7644,28.0591
7645,28.0254
7646,28.0372
7647,27.9288
7648,27.9697
7649,27.8746
7650,27.8836
7651,27.9264
7652,27.8965
7653,27.9934
7654,27.9824
7655,27.9545
7656,27.9843
7657,28.0649
7658,28.0386
7659,27.959
7660,27.9343
7661,28.0344
7662,27.9986
7663,27.9612
7664,28.033
7665,28.1094
7666,27.9991
7667,28.0228
7668,28.0429
7669,28.0944
7670,27.9559
7671,27.9847
7672,27.9683
7673,27.9922
7674,28.0473
7675,28.069
7676,28.0359
7677,28.1244
7678,28.0329
7679,28.0294
7680,28.0392
7681,27.9346
7682,27.9954
7683,28.0764
7684,28.0448
7685,28.0055
7686,28.0443
7687,28.1209
7688,27.9792
7689,28.0004
7690,28.112
7691,28.0438
7692,28.0874
7693,27.999
7694,28.0656
7695,28.0001
7696,28.1062
7697,28.1006
7698,28.0621
7699,28.1046
7700,28.0974
7701,28.0143
7702,28.0186
7703,27.988
7704,28.0536
7705,27.9472
7706,27.9235
7707,27.9437
7708,27.9713
7709,28.0851
7710,28.0543
7711,27.8924
7712,27.916
7713,27.9625
7714,27.8638
7715,27.8881
7716,27.8755
7717,27.8906
7718,27.9368
7719,27.9399
7720,27.9798
7721,27.9458
7722,27.9819
7723,28.0124
7724,27.8862
7725,28.0178
7726,27.9884
7727,28.028
7728,27.967
7729,27.957
7730,28.0624
7731,28.019
7732,28.0397
7733,27.9604
7734,27.9342
7735,27.9678
7736,27.9973
7737,27.9617
7738,27.8605
7739,27.9415
7740,28.0067
7741,28.0049
7742,27.8577
7743,27.9599
7744,28.0205
7745,28.0386
7746,28.1005
7747,28.1084
7748,27.9674
7749,28.0263
7750,27.9481
7751,27.9179
7752,28.0121
7753,27.9591
7754,28.0848
7755,28.1201
7756,28.0747
7757,28.1516
7758,28.0267
7759,27.9055
7760,27.8437
7761,27.9066
7762,28.2028
7763,27.9794
7764,28.0316
7765,28.0676
7766,28.1087
7767,28.0005
7768,28.1602
7769,28.1568
7770,28.1042
7771,28.1217
7772,27.9342
7773,28.0597
7774,27.97
7775,27.9421
7776,27.9253
7777,28.0606
7778,28.0019
7779,28.0147
7780,27.9943
7781,27.9879
7782,28.0076
7783,27.9393
7784,27.9571
7785,28.0014
7786,27.9694
7787,27.9545
7788,28.0131
7789,27.9132
7790,27.9787
7791,27.8985
7792,27.9523
7793,27.9447
7794,27.9547
7795,27.8826
7796,27.8862
7797,27.9566
7798,27.9266
7799,27.9703
7800,27.9678
7801,27.9791
7802,28.018
7803,28.1473
7804,27.9698
7805,27.9819
7806,27.9916
7807,27.971
7808,27.997
7809,28.04
7810,27.9552
7811,28.1362
7812,28.0091
7813,27.989
7814,28.0397
7815,28.0393
7816,27.9953
7817,27.9869
7818,28.0176
7819,27.8892
7820,27.9256
7821,27.9329
7822,27.9473
7823,27.9374
7824,27.9147
7825,27.9209
7826,27.9957
7827,28.0919
7828,28.1158
7829,28.0473
7830,28.136
7831,28.1099
7832,28.2065
7833,28.0079
7834,28.1572
7835,27.9761
7836,28.0281
7837,28.0476
7838,27.9856
7839,28.0894
7840,28.0054
7841,27.9635
7842,28.0226
7843,28.0641
7844,27.8604
7845,27.8721
7846,27.8098
7847,27.8493
7848,27.834
7849,27.9056
7850,27.9005
7851,27.977
7852,27.9548
7853,27.9154
7854,28.0426
7855,28.0265
7856,27.9692
7857,27.8081
7858,28.0373
7859,27.902
7860,27.897
7861,27.9425
7862,27.9434
7863,28.0477
7864,28.0463
7865,28.0882
7866,28.0365
7867,27.9545
7868,28.0126
7869,27.9361
7870,27.9703
7871,27.9955
7872,27.8829
7873,28.0053
7874,27.9677
7875,27.9058
7876,27.9469
7877,27.9171
7878,27.9992
7879,27.9303
7880,27.9811
7881,27.9198
7882,27.9171
7883,27.9114
7884,27.9063
7885,27.9321
7886,27.9918
7887,28.0814
7888,28.0578
7889,28.0002
7890,28.0823
7891,28.0204
7892,28.0536
7893,28.0714
7894,28.0767
7895,28.0444
7896,28.1943
7897,28.2631
7898,28.1709
7899,28.1095
7900,28.1857
7901,28.169
7902,28.302
7903,28.1487
7904,28.0276
7905,28.1563
7906,28.1774
7907,28.253
7908,28.2407
7909,28.1757
7910,28.156
7911,28.1065
7912,28.206
7913,28.1911
7914,28.1348
7915,28.1135
7916,28.115
7917,28.1538
7918,28.0963
7919,28.1247
7920,28.2128
7921,28.1269
7922,28.1774
7923,28.0982
7924,28.0666
7925,28.0658
7926,28.1003
7927,28.1498
7928,28.0759
7929,28.2125
7930,28.0986
7931,28.1768
7932,28.1196
7933,28.1605
7934,28.1344
7935,28.0872
7936,28.0327
7937,28.0937
7938,28.029
7939,28.0785
7940,27.9026
7941,27.9543
7942,27.9739
7943,28.0058
7944,27.9902
7945,28.0304
7946,27.9671
7947,28.0077
7948,27.9717
7949,27.8977
7950,28.0358
7951,27.9413
7952,27.9617
7953,27.9477
7954,27.8224
7955,27.8567
7956,27.9026
7957,27.9202
7958,27.9456
7959,27.9669
7960,27.9567
7961,27.9457
7962,27.894
7963,27.9797
7964,27.9857
7965,27.9203
7966,27.9359
7967,27.9841
7968,27.8974
7969,27.9396
7970,27.8338
7971,27.8136
7972,27.8742
7973,27.9338
7974,27.9858
7975,27.9284
7976,27.9584
7977,28.0493
7978,28.0159
7979,28.0126
7980,27.9914
7981,27.9371
7982,28.0539
7983,28.0078
7984,27.8849
7985,27.9593
7986,28.0134
7987,28.0867
7988,28.1201
7989,28.0297
7990,28.0386
7991,28.0381
7992,28.0766
7993,28.114
7994,28.0414
7995,28.0352
7996,28.0849
7997,28.0309
7998,27.9379
7999,27.9735
8000,28.0763
8001,28.0173
8002,28.0533
8003,28.0079
8004,28.0054
8005,28.0366
8006,28.1253
8007,28.0871
8008,27.9758
8009,28.0233
8010,28.0592
8011,27.9731
8012,28.068
8013,27.9986
8014,28.0227
8015,28.0273
8016,28.1165
8017,28.0468
8018,28.0362
8019,28.101
8020,28.0426
8021,27.9612
8022,28.0323
8023,28.0824
8024,28.0992
8025,28.0021
8026,28.0331
8027,28.0636
8028,28.0619
8029,28.0767
8030,28.1141
8031,28.0986
8032,28.0812
8033,28.099
8034,28.1223
8035,28.1014
8036,28.1635
8037,28.0507
8038,28.099
8039,28.2285
8040,28.1449
8041,28.0787
8042,28.1842
8043,28.0153
8044,28.0493
8045,28.1735
8046,28.0774
8047,28.0926
8048,28.1848
8049,28.1768
8050,28.1491
8051,28.0958
8052,28.0595
8053,28.1396
8054,28.1284
8055,30.5253
8056,30.5027
8057,28.0773
8058,30.3966
8059,30.3354
8060,30.4107
8061,30.3707
8062,30.3727
8063,30.4666
8064,30.312
8065,30.2811
8066,30.3161
8067,30.2562
8068,30.3404
8069,30.3726
8070,30.3525
8071,30.2913
8072,30.311
8073,30.3963
8074,30.4
8075,30.3625
8076,30.2584
8077,30.2439
8078,30.3155
8079,30.3915
8080,30.3123
8081,28.0444
8082,28.0182
8083,28.0665
8084,28.0686
8085,28.113
8086,28.1046
8087,28.0834
8088,28.1904
8089,28.1839
8090,28.1032
8091,28.0803
8092,28.1227
8093,28.1356
8094,28.1161
8095,28.0516
8096,28.0611
8097,28.0382
8098,28.102
8099,28.1256
8100,28.0872
8101,28.0302
8102,28.0226
8103,28.0378
8104,28.0462
8105,28.0866
8106,28.1444
8107,28.1911
8108,28.0945
8109,28.0941
8110,28.0342
8111,28.0813
8112,28.0398
8113,28.1075
8114,28.0421
8115,27.9272
8116,27.9776
8117,28.0554
8118,28.0334
8119,28.0655
8120,28.0634
8121,28.0713
8122,27.901
8123,27.982
8124,28.0995
8125,28.0228
8126,28.059
8127,28.0541
8128,28.0583
8129,28.1116
8130,28.0301
8131,28.1732
8132,28.1509
8133,28.2073
8134,28.1361
8135,28.1704
8136,28.1995
8137,28.317
8138,28.3117
8139,28.1553
8140,28.1874
8141,28.1482
8142,28.1143
8143,28.0719
8144,28.0649
8145,28.1121
8146,27.9876
8147,28.0331
8148,27.9554
8149,28.1333
8150,28.1529
8151,28.2259
8152,28.2162
8153,28.2373
8154,28.1486
8155,28.1169
8156,28.0711
8157,28.0029
8158,27.9864
8159,27.9927
8160,28.0125
8161,27.997
8162,28.0634
8163,27.9874
8164,27.9852
8165,28.006
8166,28.0975
8167,28.0926
8168,28.1772
8169,28.069
8170,28.1364
8171,28.2691
8172,28.1313
8173,28.1722
8174,28.0855
8175,28.0345
8176,28.1133
8177,28.109
8178,28.116
8179,28.1449
8180,28.1211
8181,28.1607
8182,28.0996
8183,28.1605
8184,28.1747
8185,27.9334
8186,27.9747
8187,28.035
8188,27.955
8189,28.1026
8190,28.0911
8191,28.1083
8192,28.2075
8193,28.1908
8194,28.111
8195,28.0566
8196,28.0152
8197,28.0269
8198,28.0684
8199,28.0225
8200,27.9295
8201,27.9986
8202,27.995
8203,28.0015
8204,28.0745
8205,28.045
8206,27.98
8207,28.0516
8208,28.0875
8209,28.085
8210,27.9685
8211,30.4249
8212,28.1068
8213,28.1959
8214,28.0398
8215,28.0395
8216,30.4581
8217,30.387
8218,28.1009
8219,28.1602
8220,28.1414
8221,28.1676
8222,28.0309
8223,27.9807
8224,28.0019
8225,28.0188
8226,28.0786
8227,28.0935
8228,28.0588
8229,28.1588
8230,28.1334
8231,28.1823
8232,28.1593
8233,28.0978
8234,28.04
8235,28.139
8236,28.1362
8237,28.0553
8238,28.0491
8239,28.1533
8240,27.9975
8241,28.0983
8242,28.2074
8243,28.0998
8244,28.0976
8245,28.0455
8246,28.07
8247,28.0793
8248,28.0288
8249,28.0969
8250,28.1554
8251,28.0889
8252,28.0635
8253,30.5794
8254,30.5036
8255,30.4468
8256,30.4768
8257,30.4664
8258,30.4098
8259,30.4703
8260,30.4254
8261,30.5701
8262,30.5023
8263,30.4352
8264,30.4016
8265,30.4028
8266,30.4438
8267,30.4414
8268,30.4459
8269,30.4471
8270,30.4489
8271,30.5017
8272,30.4265
8273,30.385
8274,30.4163
8275,30.3712
8276,30.3514
8277,30.4539
8278,30.4172
8279,30.3971
8280,30.4446
8281,30.4116
8282,30.5445
8283,30.4442
8284,30.4151
8285,30.5439
8286,30.4313
8287,30.2887
8288,30.3023
8289,30.3835
8290,30.4143
8291,30.398
8292,30.341
8293,30.3928
8294,30.3332
8295,30.4322
8296,30.3429
8297,30.3715
8298,30.2499
8299,30.3274
8300,30.3772
8301,28.0035
8302,27.9867
8303,27.9913
8304,30.3562
8305,30.3573
8306,30.3246
8307,30.4071
8308,30.4335
8309,30.4403
8310,30.3209
8311,30.3761
8312,30.3669
8313,30.3575
8314,30.4738
8315,30.4796
8316,30.3666
8317,30.4223
8318,30.419
8319,30.3851
8320,30.4136
8321,30.5166
8322,30.5644
8323,30.4931
8324,30.3823
8325,30.3359
8326,30.3537
8327,30.4184
8328,30.4252
8329,30.3692
8330,30.4029
8331,30.2922
8332,30.3668
8333,30.3136
8334,30.3958
8335,30.3603
8336,30.3077
8337,30.435
8338,30.5188
8339,30.3393
8340,30.469
8341,30.4066
8342,30.2597
8343,30.4277
8344,30.5275
8345,30.3425
8346,30.4039
8347,30.3487
8348,30.3486
8349,30.3234
8350,30.2989
8351,30.4484
8352,30.3672
8353,30.3879
8354,30.3173
8355,30.4002
8356,30.4662
8357,30.4307
8358,30.4955
8359,30.4624
8360,30.4698
8361,30.5268
8362,30.5056
8363,30.4595
8364,30.3789
8365,30.4499
8366,30.5679
8367,30.4331
8368,30.4401
8369,28.0401
8370,30.4003
8371,30.3869
8372,30.4257
8373,30.4367
8374,30.3444
8375,30.3051
8376,30.3678
8377,30.3393
8378,30.309
8379,30.2593
8380,30.329
8381,30.3515
8382,30.3704
8383,30.3174
8384,30.3352
8385,30.2764
8386,30.2946
8387,30.2787
8388,30.3898
8389,30.3375
8390,30.3353
8391,30.3222
8392,30.3436
8393,30.2911
8394,30.3895
8395,30.4543
8396,30.3172
8397,30.2872
8398,30.2237
8399,30.2286
8400,30.2253
8401,30.2993
8402,30.3179
8403,30.3219
8404,30.2798
8405,30.2431
8406,30.1943
8407,30.1975
8408,30.3513
8409,30.2904
8410,30.2863
8411,30.2996
8412,30.2525
8413,30.2304
8414,30.3102
8415,30.2707
8416,30.2282
8417,30.2831
8418,30.3837
8419,30.3442
8420,30.3342
8421,30.3882
8422,30.3184
8423,30.4223
8424,30.4084
8425,30.4225
8426,30.4096
8427,30.3543
8428,30.3525
8429,30.2902
8430,30.2932
8431,30.3113
8432,30.3738
8433,30.3395
8434,30.2996
8435,30.3491
8436,30.3039
8437,30.3056
8438,30.3601
8439,30.4007
8440,30.441
8441,30.3229
8442,30.4499
8443,30.4109
8444,30.412
8445,30.3462
8446,30.3322
8447,30.3746
8448,30.3546
8449,30.3289
8450,30.4045
8451,30.2969
8452,30.3879
8453,30.2983
8454,30.3353
8455,30.3653
8456,30.3356
8457,30.321
8458,30.3699
8459,30.2657
8460,30.3373
8461,30.375
8462,30.3611
8463,30.3364
8464,30.3871
8465,30.434
8466,30.4785
8467,30.447
8468,30.4896
8469,30.43
8470,30.4521
8471,27.9403
8472,30.4016
8473,30.3744
8474,30.2941
8475,30.3767
8476,30.4101
8477,30.4487
8478,30.4343
8479,30.3446
8480,30.3819
8481,30.3166
8482,30.4953
8483,30.3632
8484,30.2892
8485,30.2919
8486,30.3134
8487,30.3381
8488,30.32
8489,30.3081
8490,30.3114
8491,30.2456
8492,30.2656
8493,30.3613
8494,30.3391
8495,30.4073
8496,30.4011
8497,30.3173
8498,30.41
8499,30.3359
8500,30.352
8501,30.3834
8502,30.347
8503,30.3174
8504,30.2065
8505,30.2962
8506,30.3703
8507,30.3293
8508,30.3698
8509,30.2993
8510,30.2752
8511,30.2664
8512,30.3124
8513,30.2898
8514,27.8658
8515,27.9664
8516,30.3676
8517,28.0368
8518,27.8356
8519,27.8963
8520,27.9194
8521,27.9122
8522,28.0042
8523,30.4348
8524,30.4036
8525,30.4736
8526,30.3736
8527,27.9277
8528,28.0136
8529,27.8978
8530,27.9207
8531,27.9251
8532,30.3302
8533,27.9706
8534,30.4023
8535,30.2736
8536,30.2882
8537,30.3162
8538,30.4187
8539,30.4455
8540,30.3497
8541,30.3938
8542,30.3314
8543,30.3242
8544,30.3336
8545,30.3593
8546,30.288
8547,30.3164
8548,30.3357
8549,30.2663
8550,30.2872
8551,30.3435
8552,30.2496
8553,30.376
8554,30.3832
8555,30.3574
8556,30.3007
8557,30.3747
8558,30.2816
8559,30.3336
8560,30.3428
8561,30.3194
8562,30.3313
8563,30.4069
8564,30.3454
8565,30.3329
8566,30.3794
8567,30.3549
8568,30.4673
8569,30.4689
8570,30.4612
8571,30.5239
8572,30.4138
8573,30.3583
8574,30.3557
8575,30.3386
8576,30.3558
8577,30.3555
8578,30.4113
8579,30.489
8580,30.5172
8581,30.5373
8582,30.5421
8583,30.4559
8584,30.3583
8585,30.3747
8586,30.4786
8587,30.4416
8588,30.4099
8589,27.9452
8590,27.9293
8591,30.4022
8592,28.0595
8593,30.5137
8594,30.4683
8595,30.4562
8596,30.446
8597,30.4401
8598,30.5132
8599,30.4022
8600,30.4671
8601,30.4477
8602,30.4768
8603,30.4194
8604,30.3402
8605,30.4014
8606,30.4291
8607,30.3445
8608,27.8113
8609,30.349
8610,30.3695
8611,30.325
8612,30.3544
8613,30.3396
8614,30.3898
8615,30.4609
8616,30.4594
8617,30.3833
8618,30.2961
8619,30.5022
8620,30.579
8621,30.3936
8622,30.5427
8623,30.4732
8624,30.5
8625,30.4106
8626,30.4033
8627,30.3737
8628,30.3732
8629,30.3898
8630,30.3758
8631,30.4691
8632,30.2856
8633,30.3745
8634,30.2873
8635,30.454
8636,30.3931
8637,30.3839
8638,30.4103
8639,30.4954
8640,30.4707
8641,30.5491
8642,30.5054
8643,30.501
8644,30.4989
8645,30.511
8646,30.5185
8647,30.4911
8648,30.5069
8649,30.5721
8650,30.4192
8651,27.9121
8652,30.4599
8653,27.7908
8654,27.8966
8655,30.3859
8656,30.3557
8657,27.9306
8658,27.9469
8659,30.3985
8660,30.4403
8661,30.4389
8662,30.4093
8663,30.4814
8664,30.4776
8665,30.4146
8666,30.4002
8667,30.399
8668,30.5081
8669,30.4581
8670,30.4288
8671,30.4551
8672,30.3738
8673,30.4499
8674,30.48
8675,30.4427
8676,30.4577
8677,30.4655
8678,30.517
8679,30.5052
8680,30.4005
8681,30.5193
8682,30.4921
8683,30.4884
8684,30.4896
8685,30.37
8686,30.404
8687,30.5184
8688,30.4888
8689,30.5701
8690,30.4746
8691,30.5398
8692,30.4105
8693,30.4837
8694,30.4984
8695,30.4913
8696,30.5386
8697,30.6022
8698,30.5935
8699,30.5907
8700,30.5431
8701,30.5718
8702,30.5384
8703,30.5673
8704,30.6019
8705,30.5955
8706,30.635
8707,30.5333
8708,30.5184
8709,30.537
8710,30.5653
8711,30.4855
8712,30.5056
8713,30.5238
8714,30.5695
8715,30.5774
8716,30.5513
8717,30.5093
8718,30.5435
8719,30.4318
8720,30.4996
8721,30.5284
8722,30.427
8723,30.4701
8724,30.5449
8725,30.5599
8726,30.5271
8727,30.5277
8728,30.6963
8729,30.5668
8730,30.5497
8731,30.5612
8732,30.5956
8733,30.6246
8734,30.6263
8735,30.6263
8736,30.6532
8737,30.5336
8738,30.3775
8739,30.5012
8740,30.5994
8741,30.6048
8742,30.4778
8743,30.5125
8744,30.476
8745,30.4567
8746,30.4644
8747,30.5212
8748,30.459
8749,30.5083
8750,30.5459
8751,30.5863
8752,30.3771
8753,30.4133
8754,30.4728
8755,30.4664
8756,30.5085
8757,30.4694
8758,30.4876
8759,30.432
8760,30.4613
8761,30.4321
8762,30.48
8763,30.5003
8764,30.4202
8765,30.4483
8766,30.59
8767,30.5433
8768,30.5261
8769,30.5096
8770,30.4229
8771,30.445
8772,30.4983
8773,30.4468
8774,30.4944
8775,30.5557
8776,30.5937
8777,30.5672
8778,30.4848
8779,30.3885
8780,30.3951
8781,30.4108
8782,30.3628
8783,30.4279
8784,30.403
8785,30.3246
8786,30.3946
8787,30.3399
8788,30.266
8789,30.3434
8790,30.3111
8791,30.2368
8792,30.2942
8793,30.2844
8794,30.3106
8795,30.3307
8796,30.3625
8797,30.3402
8798,30.3401
8799,30.3769
8800,30.2249
8801,30.3379
8802,30.3607
8803,30.3721
8804,30.3564
8805,30.3811
8806,30.3046
8807,30.3301
8808,30.3757
8809,30.3132
8810,30.3267
8811,30.2774
8812,30.3594
8813,30.3202
8814,30.3266
8815,30.333
8816,30.4157
8817,30.338
8818,30.3411
8819,30.2999
8820,30.2557
8821,30.389
8822,30.2883
8823,30.3582
8824,30.3333
8825,30.3057
8826,30.31
8827,30.268
8828,30.3187
8829,30.3259
8830,30.2975
8831,30.3136
8832,30.2836
8833,30.1914
8834,30.2527
8835,30.1708
8836,30.2538
8837,30.2026
8838,30.2441
8839,30.2218
8840,30.3024
8841,30.2558
8842,30.2429
8843,30.3128
8844,30.3438
8845,30.1905
8846,30.2129
8847,30.26
8848,30.2843
8849,30.2546
8850,30.3259
8851,30.2396
8852,30.3153
8853,30.3457
8854,30.3191
8855,30.342
8856,30.3204
8857,30.3283
8858,30.2422
8859,30.33
8860,30.4111
8861,30.353
8862,30.2711
8863,30.2809
8864,30.3174
8865,30.3105
8866,30.3358
8867,30.2356
8868,30.3627
8869,30.412
8870,30.3485
8871,30.3165
8872,30.2861
8873,30.3521
8874,30.421
8875,30.4653
8876,30.4875
8877,30.3601
8878,30.3115
8879,30.3211
8880,30.286
8881,30.3087
8882,30.3083
8883,30.3188
8884,30.2685
8885,30.3244
8886,30.3941
8887,30.3595
8888,30.3775
8889,30.3914
8890,30.4045
8891,30.4357
8892,30.3965
8893,30.3629
8894,30.4512
8895,30.4923
8896,30.4808
8897,30.4402
8898,30.5278
8899,30.5055
8900,30.541
8901,30.3662
8902,30.3686
8903,30.3973
8904,30.501
8905,30.4736
8906,30.4808
8907,30.3771
8908,30.4185
8909,30.541
8910,30.5236
8911,30.4502
8912,30.5139
8913,30.5202
8914,30.487
8915,30.4891
8916,30.519
8917,28.0169
8918,30.494
8919,30.4855
8920,30.4642
8921,27.9808
8922,30.4904
8923,30.4125
8924,28.0135
8925,28.0965
8926,28.1334
8927,28.0919
8928,28.0745
8929,28.0064
8930,28.003
8931,28.005
8932,28.0202
8933,27.9071
8934,27.9483
8935,27.8809
8936,27.8114
8937,27.9657
8938,27.9454
8939,27.9
8940,27.8893
8941,27.8749
8942,27.9713
8943,30.441
8944,30.505
8945,30.4518
8946,30.4721
8947,30.41
8948,30.2931
8949,30.3825
8950,30.4527
8951,30.4499
8952,30.4348
8953,30.5407
8954,30.4942
8955,30.5072
8956,30.4186
8957,30.4315
8958,30.4129
8959,30.4023
8960,30.5126
8961,30.5448
8962,30.5068
8963,30.4981
8964,30.6086
8965,30.6361
8966,30.6574
8967,30.6461
8968,30.6887
8969,30.6376
8970,30.5868
8971,28.0509
8972,27.9869
8973,27.937
8974,30.5897
8975,30.5146
8976,30.5119
8977,28.0433
8978,30.5277
8979,30.4837
8980,30.5384
8981,30.5383
8982,30.4766
8983,30.5122
8984,30.4496
8985,30.4888
8986,30.4667
8987,30.4207
8988,30.4809
8989,30.4832
8990,30.5434
8991,30.5173
8992,30.5209
8993,30.5587
8994,30.5824
8995,30.5435
8996,30.5551
8997,30.5385
8998,30.4923
8999,30.5503
9000,30.5022
9001,30.5461
9002,30.6122
9003,30.5326
9004,27.88
9005,30.5467
9006,30.6338
9007,27.9729
9008,28.0261
9009,28.0442
9010,28.086
9011,28.1526
9012,28.1352
9013,28.0656
9014,27.9916
9015,27.9697
9016,28.0044
9017,28.0393
9018,28.0467
9019,28.0405
9020,28.0472
9021,28.0068
9022,27.9931
9023,28.0915
9024,30.7202
9025,28.081
9026,30.7827
9027,28.0769
9028,30.7417
9029,30.7014
9030,28.0034
9031,28.0054
9032,28.03
9033,27.9753
9034,28.0304
9035,28.1186
9036,27.9269
9037,27.9352
9038,28.0595
9039,28.1519
9040,28.1568
9041,28.1508
9042,28.0793
9043,28.0166
9044,27.9466
9045,27.9483
9046,28.0176
9047,27.9514
9048,30.5062
9049,30.583
9050,30.5224
9051,30.4983
9052,30.4969
9053,30.5628
9054,30.5362
9055,30.5751
9056,30.5533
9057,30.5106
9058,30.6112
9059,30.5668
9060,30.526
9061,30.5097
9062,30.4981
9063,30.4293
9064,30.4764
9065,30.4824
9066,30.4893
9067,30.424
9068,30.5856
9069,30.4698
9070,30.4545
9071,30.4589
9072,30.4394
9073,30.4148
9074,30.4985
9075,30.5386
9076,30.4998
9077,30.5275
9078,30.5466
9079,30.4969
9080,30.5505
9081,30.4817
9082,30.5345
9083,30.4899
9084,30.551
9085,30.505
9086,30.5728
9087,30.5135
9088,30.4712
9089,30.5075
9090,30.5528
9091,30.4221
9092,30.5171
9093,30.5343
9094,30.5907
9095,30.6269
9096,30.4348
9097,30.4853
9098,30.5301
9099,30.4675
9100,30.5641
9101,30.4859
9102,30.5482
9103,28.0095
9104,30.5815
9105,30.6212
9106,30.6331
9107,27.9195
9108,30.5257
9109,27.9475
9110,27.8794
9111,27.8157
9112,27.8484
9113,27.8125
9114,27.8526
9115,27.8879
9116,27.8646
9117,27.9015
9118,27.9977
9119,28.0012
9120,28.0108
9121,27.9024
9122,27.9185
9123,28.006
9124,30.5991
9125,30.5427
9126,30.5071
9127,30.5289
9128,30.575
9129,27.9755
9130,28.0007
9131,27.9519
9132,27.9634
9133,27.8526
9134,27.8641
9135,27.8095
9136,27.9258
9137,27.8807
9138,27.8225
9139,27.992
9140,28.1024
9141,28.0166
9142,28.0015
9143,27.9181
9144,27.9533
9145,27.9036
9146,27.9669
9147,27.9195
9148,27.9056
9149,27.8652
9150,27.8916
9151,27.9286
9152,27.9068
9153,27.9049
9154,27.8703
9155,27.8989
9156,27.9322
9157,27.8637
9158,27.9663
9159,27.9695
9160,27.9834
9161,28.0327
9162,28.0581
9163,28.1166
9164,28.0833
9165,28.0553
9166,28.0522
9167,28.0889
9168,28.0105
9169,28.0672
9170,28.1782
9171,28.0067
9172,28.0152
9173,27.9648
9174,28.0625
9175,28.1092
9176,28.0596
9177,28.1348
9178,28.0648
9179,28.1158
9180,28.0173
9181,28.0336
9182,28.1638
9183,28.1755
9184,28.1007
9185,28.0836
9186,28.2274
9187,28.1531
9188,28.2309
9189,28.0938
9190,28.0056
9191,28.0777
9192,28.1526
9193,28.1437
9194,28.0553
9195,28.0789
9196,28.0924
9197,27.959
9198,28.0304
9199,28.0744
9200,28.1935
9201,28.2721
9202,28.247
9203,28.1108
9204,28.1528
9205,28.1735
9206,28.2365
9207,28.288
9208,30.832
9209,28.2727
9210,28.1609
9211,28.0787
9212,28.153
9213,28.1244
9214,28.1452
9215,28.2008
9216,28.1507
9217,28.2414
9218,28.0761
9219,28.141
9220,28.1318
9221,28.1134
9222,28.2012
9223,28.1051
9224,28.1409
9225,28.2022
9226,28.2974
9227,28.1252
9228,28.2339
9229,28.1949
9230,28.0629
9231,27.9912
9232,28.0272
9233,28.1073
9234,28.0467
9235,28.1668
9236,28.1246
9237,28.0688
9238,27.949
9239,28.1763
9240,28.0238
9241,28.1117
9242,28.0931
9243,28.0651
9244,28.056
9245,28.0629
9246,28.1027
9247,28.1936
9248,28.1374
9249,28.2413
9250,28.1635
9251,28.1066
9252,28.1473
9253,28.0339
9254,28.0963
9255,28.1135
9256,28.1468
9257,28.0918
9258,27.954
9259,28.0263
9260,28.0145
9261,27.9432
9262,27.8741
9263,28.0342
9264,27.9907
9265,28.0695
9266,28.0339
9267,28.1002
9268,27.9968
9269,27.9382
9270,27.9827
9271,28.0008
9272,27.9252
9273,27.8866
9274,27.9489
9275,27.9496
9276,27.989
9277,27.9293
9278,27.9106
9279,28.0657
9280,28.0141
9281,27.9725
9282,28.0321
9283,27.9699
9284,27.9468
9285,28.0708
9286,28.0107
9287,28.1286
9288,28.0522
9289,27.9766
9290,27.9756
9291,27.9954
9292,28.0011
9293,28.0498
9294,27.9787
9295,27.9871
9296,28.0647
9297,28.1129
9298,28.135
9299,28.1424
9300,28.0788
9301,28.1577
9302,28.0833
9303,28.0273
9304,27.9948
9305,28.0574
9306,28.0559
9307,28.0654
9308,27.9756
9309,27.9571
9310,27.975
9311,27.9584
9312,28.0157
9313,27.8894
9314,27.9998
9315,27.9947
9316,27.9725
9317,27.8987
9318,27.916
9319,27.8359
9320,28.0079
9321,27.9912
9322,28.0259
9323,27.9808
9324,28.1257
9325,27.9901
9326,28.0444
9327,28.1424
9328,28.1611
9329,28.0944
9330,28.1911
9331,28.1529
9332,28.1194
9333,28.104
9334,28.1598
9335,28.1994
9336,28.27
9337,28.1481
9338,28.1748
9339,28.1355
9340,28.0017
9341,28.0707
9342,28.0776
9343,27.9809
9344,28.0223
9345,28.0541
9346,27.9489
9347,27.9869
9348,27.9842
9349,28.1773
9350,28.0873
9351,28.1326
9352,28.0042
9353,27.9623
9354,28.0507
9355,27.989
9356,28.0905
9357,28.0889
9358,28.0304
9359,28.004
9360,28.0074
9361,27.9841
9362,28.0136
9363,27.9484
9364,28.0413
9365,28.0521
9366,28.0648
9367,28.1353
9368,28.0194
9369,28.0586
9370,28.086
9371,27.9824
9372,28.1011
9373,28.1349
9374,28.0235
9375,28.0433
9376,27.9808
9377,28.0456
9378,28.0222
9379,27.9911
9380,28.016
9381,28.0556
9382,28.0587
9383,28.0112
9384,27.9692
9385,27.9932
9386,28.0445
9387,28.0182
9388,28.0694
9389,27.8954
9390,27.9563
9391,27.9075
9392,27.9623
9393,27.9739
9394,27.9471
9395,28.0851
9396,28.0777
9397,27.9135
9398,27.9771
9399,27.9289
9400,27.9946
9401,27.9696
9402,28.013
9403,27.9875
9404,28.0326
9405,27.9967
9406,28.0059
9407,27.9806
9408,28.0202
9409,28.0038
9410,27.9642
9411,28.0128
9412,27.964
9413,27.9617
9414,28.002
9415,28.1574
9416,28.1536
9417,28.1926
9418,28.1331
9419,28.1098
9420,28.0773
9421,28.0831
9422,28.0826
9423,27.9759
9424,28.0173
9425,28.0706
9426,28.0338
9427,28.007
9428,27.9555
9429,27.9464
9430,28.067
9431,27.9368
9432,27.9502
9433,27.9733
9434,28.0064
9435,28.0416
9436,27.9881
9437,27.9429
9438,27.9048
9439,27.9357
9440,27.9717
9441,27.9625
9442,27.8251
9443,27.9136
9444,27.8735
9445,27.947
9446,27.8991
9447,27.9841
9448,28.0293
9449,28.0067
9450,28.0638
9451,28.1622
9452,28.0338
9453,28.0213
9454,28.0953
9455,28.0093
9456,28.1319
9457,28.0193
9458,28.0316
9459,28.1537
9460,28.0652
9461,28.0815
9462,28.1297
9463,28.0989
9464,28.0318
9465,28.0711
9466,28.1302
9467,28.1248
9468,28.0839
9469,28.0291
9470,28.0379
9471,28.0619
9472,28.0372
9473,27.976
9474,28.0327
9475,27.9956
9476,28.0364
9477,28.0117
9478,28.0877
9479,28.0854
9480,28.006
9481,28.0012
9482,28.1017
9483,28.0145
9484,27.888
9485,27.9921
9486,27.873
9487,27.8732
9488,27.9155
9489,27.8505
9490,27.9214
9491,27.9046
9492,27.9828
9493,28.0338
9494,27.8837
9495,27.9388
9496,27.9175
9497,27.9587
9498,27.8854
9499,27.944
9500,28.0085
9501,27.9651
9502,27.9362
9503,27.9575
9504,27.9761
9505,27.958
9506,28.0079
9507,27.9501
9508,27.8762
9509,28.0203
9510,28.0167
9511,27.9151
9512,27.9882
9513,27.9088
9514,27.882
9515,27.9803
9516,28.0315
9517,27.9975
9518,28.0333
9519,28.0041
9520,28.039
9521,28.002
9522,28.0869
9523,27.9425
9524,28.0134
9525,28.0323
9526,28.0545
9527,28.0275
9528,27.9639
9529,27.9966
9530,28.0054
9531,28.0898
9532,28.0148
9533,27.929
9534,27.9394
9535,27.9634
9536,27.8627
9537,27.9667
9538,27.9784
9539,28.0411
9540,28.1015
9541,28.1115
9542,28.0762
9543,28.0973
9544,28.0658
9545,28.1745
9546,30.7193
9547,30.8054
9548,30.7126
9549,30.76
9550,30.7577
9551,30.7093
9552,30.6871
9553,30.6845
9554,30.6872
9555,30.752
9556,30.6858
9557,30.627
9558,30.5767
9559,30.6207
9560,30.6072
9561,30.6424
9562,30.6597
9563,30.5824
9564,30.7094
9565,30.5687
9566,30.5826
9567,30.5546
9568,30.581
9569,28.0081
9570,28.0237
9571,30.5302
9572,30.5717
9573,30.5974
9574,28.0327
9575,30.6317
9576,30.64
9577,30.6159
9578,30.6525
9579,30.7245
9580,28.1531
9581,28.1591
9582,28.0352
9583,28.0443
9584,28.0731
9585,28.0441
9586,28.1827
9587,28.1066
9588,27.9753
9589,27.9722
9590,28.064
9591,28.0381
9592,28.0996
9593,28.0439
9594,27.9794
9595,28.0505
9596,28.0407
9597,28.0213
9598,28.0292
9599,28.0887
9600,28.0956
9601,28.0304
9602,27.9775
9603,27.9406
9604,27.9996
9605,27.9867
9606,27.9932
9607,27.9808
9608,28.004
9609,27.9924
9610,28.0085
9611,27.9745
9612,27.9081
9613,28.0717
9614,27.9243
9615,27.9309
9616,28.0591
9617,28.0997
9618,28.0652
9619,28.0938
9620,28.0015
9621,27.9884
9622,28.0181
9623,28.0675
9624,27.8716
9625,27.9358
9626,28.0807
9627,28.0136
9628,27.9865
9629,28.0006
9630,28.0272
9631,27.9101
9632,28.0447
9633,28.0996
9634,27.992
9635,28.0062
9636,28.0765
9637,29.8788
9638,28.1385
9639,29.8109
9640,29.8354
9641,28.1061
9642,29.8157
9643,28.0393
9644,28.0378
9645,27.9582
9646,27.9463
9647,27.9071
9648,27.9711
9649,28.0509
9650,28.0391
9651,28.0563
9652,27.9407
9653,27.9218
9654,27.9006
9655,27.8789
9656,27.8946
9657,28.0429
9658,27.9305
9659,27.9357
9660,27.9996
9661,28.0622
9662,28.0168
9663,28.1033
9664,28.0485
9665,28.0672
9666,28.0538
9667,28.0446
9668,27.9925
9669,27.9466
9670,28.0562
9671,28.153
9672,28.055
9673,28.1243
9674,28.0314
9675,27.9776
9676,28.036
9677,27.9803
9678,28.0847
9679,27.9504
9680,27.9845
9681,28.081
9682,28.0693
9683,28.1631
9684,28.1067
9685,28.0679
9686,29.768
9687,28.0982
9688,28.1151
9689,28.2335
9690,28.1158
9691,28.0837
9692,29.6927
9693,29.735
9694,28.0322
9695,29.7472
9696,29.7576
9697,29.6681
9698,29.7262
9699,29.668
9700,29.7271
9701,29.7321
9702,29.7054
9703,29.8075
9704,29.8488
9705,29.8059
9706,29.7026
9707,29.6848
9708,29.7721
9709,29.6912
9710,29.6847
9711,29.9427
9712,29.7085
9713,29.6951
9714,29.8008
9715,29.6694
9716,29.6817
9717,29.636
9718,29.6011
9719,29.6207
9720,29.6296
9721,29.603
9722,29.5752
9723,29.4969
9724,29.556
9725,29.4722
9726,29.4792
9727,29.5094
9728,29.5566
9729,29.6443
9730,29.6383
9731,29.5414
9732,29.6379
9733,29.5761
9734,29.6356
9735,29.5751
9736,29.683
9737,29.6713
9738,29.4604
9739,29.5609
9740,29.5475
9741,29.5972
9742,29.6062
9743,29.5618
9744,29.5279
9745,29.4397
9746,29.5748
9747,29.5289
9748,29.5071
9749,29.5246
9750,29.5126
9751,29.5398
9752,29.5151
9753,29.5469
9754,29.5174
9755,29.5695
9756,29.618
9757,29.6107
9758,29.6209
9759,29.4737
9760,29.4765
9761,29.5317
9762,29.4312
9763,29.4684
9764,29.4595
9765,29.4206
9766,29.5026
9767,29.4851
9768,29.3333
9769,29.4407
9770,29.5285
9771,29.4825
9772,29.4673
9773,29.4333
9774,29.4479
9775,29.5709
9776,29.4475
9777,29.3957
9778,29.4374
9779,29.4586
9780,29.4041
9781,29.3711
9782,29.4654
9783,29.4383
9784,29.4534
9785,29.4223
9786,29.3764
9787,29.5713
9788,29.4487
9789,29.3663
9790,29.4616
9791,29.3677
9792,29.3408
9793,29.3667
9794,29.31
9795,29.3994
9796,29.3731
9797,29.4364
9798,29.3738
9799,29.3579
9800,29.4343
9801,29.524
9802,29.4233
9803,29.3634
9804,29.4262
9805,29.4264
9806,29.4877
9807,29.5604
9808,29.526
9809,29.4761
9810,29.529
9811,29.3563
9812,29.5105
9813,29.4479
9814,29.4808
9815,29.4971
9816,29.4908
9817,29.4339
9818,29.3981
9819,29.3823
9820,29.4037
9821,29.3618
9822,29.3775
9823,29.2403
9824,29.3974
9825,29.3571
9826,29.3895
9827,29.4189
9828,29.3457
9829,29.5589
9830,29.4867
9831,29.3937
9832,29.3572
9833,29.4485
9834,29.4404
9835,29.431
9836,29.4218
9837,29.4084
9838,29.4593
9839,29.5154
9840,29.4735
9841,29.4531
9842,29.4116
9843,29.4659
9844,29.4764
9845,29.4185
9846,29.5554
9847,29.4724
9848,29.4712
9849,29.4625
9850,29.3638
9851,29.3373
9852,29.4256
9853,29.4802
9854,29.4311
9855,29.3268
9856,29.4281
9857,29.5109
9858,29.4641
9859,29.4463
9860,29.4994
9861,29.5205
9862,29.4774
9863,29.5149
9864,29.5256
9865,29.5295
9866,29.4501
9867,29.4904
9868,29.4975
9869,29.4743
9870,29.3199
9871,29.3677
9872,29.3266
9873,29.4157
9874,29.4124
9875,29.4335
9876,29.4578
9877,29.3969
9878,29.4279
9879,29.4022
9880,29.3891
9881,29.467
9882,29.4352
9883,29.3074
9884,29.2972
9885,29.3335
9886,29.326
9887,29.4202
9888,29.4057
9889,29.4008
9890,29.419
9891,29.4408
9892,29.3728
9893,29.362
9894,29.4917
9895,29.3998
9896,29.5299
9897,29.5135
9898,29.5341
9899,29.4114
9900,29.4514
9901,29.3967
9902,29.4696
9903,29.4342
9904,29.4578
9905,29.4849
9906,29.4944
9907,29.3962
9908,29.4419
9909,29.4641
9910,29.5062
9911,29.4853
9912,29.4757
9913,29.4914
9914,29.4754
9915,29.5626
9916,29.4685
9917,29.5318
9918,29.4852
9919,29.5037
9920,29.4641
9921,29.5127
9922,29.4446
9923,29.4695
9924,29.4924
9925,29.4096
9926,29.4307
9927,29.521
9928,29.3778
9929,29.512
9930,29.439
9931,29.4531
9932,29.4222
9933,29.4466
9934,29.4779
9935,29.4144
9936,29.3867
9937,29.4913
9938,29.3606
9939,29.3752
9940,29.424
9941,29.4525
9942,29.5175
9943,29.5263
9944,29.4957
9945,29.4416
9946,29.5077
9947,29.504
9948,29.531
9949,29.5196
9950,29.5662
9951,29.4532
9952,29.5855
9953,29.4745
9954,29.4015
9955,29.3247
9956,29.2723
9957,29.2896
9958,29.3612
9959,29.3801
9960,29.394
9961,29.3853
9962,29.3575
9963,29.4202
9964,29.4196
9965,29.4343
9966,29.33
9967,29.3212
9968,29.305
9969,29.4083
9970,29.4123
9971,29.3628
9972,29.3799
9973,29.2908
9974,29.2728
9975,29.2999
9976,29.2925
9977,29.3711
9978,29.3743
9979,29.4023
9980,29.4802
9981,29.4974
9982,29.45
9983,29.4642
9984,29.3948
9985,29.4654
9986,29.4432
9987,29.4176
9988,29.3531
9989,29.4317
9990,29.3964
9991,29.4167
9992,29.4156
9993,29.3919
9994,29.4895
9995,29.3741
9996,29.3778
9997,29.4656
9998,29.3016
9999,29.3514
10000,29.419
