#Frame     RMSD_00002
       1       0.0000
       2       0.7876
       3       0.7972
       4       0.9689
       5       1.0942
       6       1.2450
       7       1.3191
       8       1.2454
       9       1.0820
      10       1.0709
      11       0.9909
      12       0.9165
      13       0.9582
      14       1.0158
      15       1.1771
      16       1.1863
      17       1.3922
      18       1.5164
      19       1.3136
      20       1.3814
      21       1.3785
      22       1.4129
      23       1.4006
      24       1.4894
      25       1.5993
      26       1.4586
      27       1.5692
      28       1.7288
      29       1.7234
      30       1.8321
      31       1.8126
      32       1.6480
      33       1.5985
      34       1.4806
      35       1.4307
      36       1.6715
      37       1.6310
      38       1.7531
      39       1.7976
      40       1.7417
      41       1.4396
      42       1.3542
      43       1.5374
      44       1.6666
      45       1.6315
      46       1.4713
      47       1.5560
      48       1.4897
      49       1.3141
      50       1.4377
      51       1.5184
      52       1.5181
      53       1.3293
      54       1.5011
      55       1.5039
      56       1.4196
      57       1.4252
      58       1.4480
      59       1.6197
      60       1.6030
      61       1.3937
      62       1.5274
      63       1.4591
      64       1.3986
      65       1.4125
      66       1.4540
      67       1.6152
      68       1.6098
      69       1.5017
      70       1.5674
      71       1.5639
      72       1.4886
      73       1.5722
      74       1.7251
      75       1.6866
      76       1.6270
      77       1.7529
      78       1.5671
      79       1.6848
      80       1.8193
      81       1.7364
      82       1.8005
      83       1.6335
      84       1.4926
      85       1.7152
      86       1.9409
      87       1.8202
      88       1.6797
      89       1.5058
      90       1.6072
      91       1.6550
      92       1.7725
      93       1.7780
      94       1.8224
      95       1.8394
      96       1.8031
      97       2.0081
      98       1.9540
      99       1.8596
     100       2.0010
     101       1.9566
     102       2.0565
     103       2.1528
     104       1.9270
     105       2.0086
     106       1.8108
     107       1.6730
     108       1.6741
     109       1.5882
     110       1.6492
     111       1.6305
     112       1.7125
     113       1.9330
     114       1.7825
     115       1.9224
     116       1.9159
     117       1.8754
     118       1.9079
     119       1.9936
     120       1.9573
     121       1.8390
     122       1.9100
     123       1.9065
     124       1.9486
     125       1.8603
     126       1.8728
     127       1.7652
     128       1.7075
     129       1.5821
     130       1.6403
     131       1.7974
     132       1.9939
     133       1.9558
     134       1.8310
     135       2.1151
     136       2.0361
     137       2.0320
     138       1.9874
     139       1.9362
     140       1.9380
     141       1.9162
     142       1.9799
     143       1.9638
     144       1.9074
     145       1.9648
     146       2.0749
     147       2.4044
     148       2.1120
     149       1.9148
     150       2.0033
     151       2.0308
     152       2.1623
     153       2.0518
     154       2.0650
     155       2.1645
     156       2.2535
     157       2.0541
     158       2.1084
     159       2.0575
     160       2.0552
     161       2.2370
     162       2.3878
     163       2.2760
     164       1.9638
     165       2.2217
     166       1.9964
     167       1.9746
     168       1.9762
     169       1.9773
     170       1.9430
     171       1.6812
     172       1.8457
     173       1.7235
     174       1.8133
     175       1.7904
     176       1.7258
     177       1.9437
     178       1.9643
     179       1.8679
     180       1.8196
     181       1.6555
     182       1.7927
     183       1.7922
     184       1.8194
     185       1.7407
     186       1.7298
     187       1.8145
     188       2.1229
     189       2.1301
     190       2.0941
     191       2.1720
     192       1.9929
     193       2.0964
     194       2.1668
     195       1.7727
     196       1.7776
     197       1.6448
     198       1.7110
     199       1.7925
     200       1.9099
     201       2.0773
     202       1.9147
     203       1.9020
     204       1.7472
     205       1.6894
     206       1.5831
     207       1.7007
     208       1.7885
     209       1.8088
     210       1.9506
     211       1.7755
     212       1.8110
     213       1.6382
     214       1.7386
     215       1.8317
     216       1.8459
     217       1.9145
     218       1.7076
     219       1.8571
     220       2.2370
     221       2.0668
     222       1.9603
     223       2.1816
     224       2.0392
     225       2.0065
     226       1.9963
     227       2.0840
     228       1.9445
     229       1.9187
     230       1.8313
     231       1.7796
     232       1.8927
     233       2.0352
     234       1.8238
     235       1.6417
     236       1.6365
     237       1.7533
     238       1.7040
     239       1.7497
     240       1.5808
     241       1.4432
     242       1.6010
     243       1.5358
     244       1.5603
     245       1.7681
     246       1.6289
     247       1.5116
     248       1.5678
     249       1.6671
     250       1.5667
     251       1.6552
     252       1.8625
     253       1.7834
     254       1.6715
     255       1.4460
     256       1.5169
     257       1.5298
     258       1.5580
     259       1.7529
     260       1.7939
     261       1.5413
     262       1.5594
     263       1.5935
     264       1.5687
     265       1.8014
     266       1.8850
     267       1.8613
     268       1.9579
     269       2.1887
     270       2.1748
     271       2.0607
     272       2.0190
     273       1.9549
     274       2.0956
     275       2.1551
     276       2.0877
     277       1.9720
     278       2.0528
     279       1.9756
     280       1.7270
     281       1.8540
     282       1.9059
     283       2.1196
     284       2.1493
     285       1.8719
     286       1.8088
     287       1.8274
     288       1.7693
     289       1.8662
     290       2.0508
     291       1.9219
     292       1.7624
     293       1.7829
     294       2.0101
     295       2.0004
     296       1.9763
     297       1.9138
     298       1.9275
     299       2.0375
     300       2.0339
     301       1.9916
     302       2.0663
     303       1.8368
     304       1.9588
     305       2.0258
     306       1.9349
     307       1.8132
     308       1.7633
     309       1.7029
     310       1.7617
     311       1.5939
     312       1.6240
     313       1.7162
     314       1.8812
     315       1.9751
     316       1.9174
     317       1.8306
     318       1.8059
     319       1.8633
     320       1.7639
     321       1.8355
     322       1.6518
     323       1.9251
     324       2.0732
     325       1.9075
     326       1.9333
     327       1.9431
     328       1.8855
     329       1.8743
     330       1.8445
     331       1.9796
     332       2.1521
     333       2.1633
     334       1.8682
     335       1.8653
     336       1.8594
     337       1.8855
     338       1.9076
     339       1.8973
     340       1.8610
     341       1.8171
     342       1.9306
     343       2.1152
     344       2.2303
     345       2.2103
     346       2.3173
     347       2.2986
     348       2.3382
     349       2.4159
     350       2.3990
     351       2.4134
     352       2.3292
     353       2.3992
     354       2.5465
     355       2.5467
     356       2.6097
     357       2.7244
     358       2.5764
     359       2.3707
     360       2.3119
     361       2.4022
     362       2.2082
     363       2.1418
     364       2.2291
     365       2.4464
     366       2.4394
     367       2.4927
     368       2.2179
     369       2.3409
     370       2.0921
     371       2.3488
     372       2.3532
     373       2.1772
     374       2.0214
     375       2.0101
     376       1.9426
     377       2.0473
     378       2.1506
     379       2.0245
     380       2.1444
     381       2.1295
     382       2.4462
     383       2.3818
     384       2.3066
     385       2.3403
     386       2.3372
     387       2.3126
     388       2.5356
     389       2.6162
     390       2.4245
     391       2.3413
     392       2.4311
     393       2.4853
     394       2.4654
     395       2.6357
     396       2.5728
     397       2.3813
     398       2.0896
     399       2.2868
     400       2.3812
     401       2.2732
     402       2.4728
     403       2.4274
     404       2.4375
     405       2.4223
     406       2.1434
     407       2.2575
     408       2.3681
     409       2.4230
     410       2.4798
     411       2.2498
     412       2.0468
     413       2.2709
     414       2.2707
     415       2.2845
     416       2.0927
     417       2.3443
     418       2.3935
     419       2.5249
     420       2.1938
     421       2.4277
     422       2.4937
     423       2.3545
     424       2.6862
     425       2.4870
     426       2.4996
     427       2.3799
     428       2.2829
     429       2.3764
     430       2.1950
     431       2.2621
     432       2.1930
     433       2.0011
     434       2.3128
     435       2.1545
     436       2.0202
     437       2.0069
     438       2.0376
     439       2.0247
     440       1.8359
     441       1.7304
     442       1.7402
     443       1.8206
     444       1.7727
     445       1.8978
     446       1.8411
     447       2.0659
     448       1.6820
     449       1.6732
     450       1.9154
     451       1.9680
     452       1.9402
     453       2.0366
     454       2.1406
     455       2.1488
     456       2.2347
     457       2.2002
     458       1.9254
     459       1.9978
     460       1.9521
     461       1.9590
     462       2.0813
     463       2.1059
     464       2.1700
     465       2.0391
     466       1.9177
     467       2.1099
     468       2.1626
     469       2.0782
     470       2.0984
     471       2.0305
     472       2.1687
     473       2.0856
     474       1.9108
     475       1.9842
     476       1.8800
     477       1.9358
     478       1.7887
     479       1.6667
     480       1.8455
     481       2.0390
     482       1.9939
     483       2.2483
     484       2.3711
     485       2.5247
     486       2.3878
     487       2.3146
     488       2.1043
     489       2.2612
     490       2.2803
     491       2.1342
     492       2.0307
     493       2.0174
     494       1.9643
     495       2.1760
     496       2.4234
     497       2.4760
     498       2.5130
     499       2.3742
     500       2.2663
     501       2.1103
     502       2.2575
     503       2.0946
     504       2.1091
     505       2.0422
     506       2.1339
     507       2.3439
     508       2.3756
     509       2.2580
     510       2.2215
     511       2.1026
     512       2.1825
     513       2.2296
     514       2.2668
     515       2.0889
     516       2.2027
     517       2.2582
     518       2.4377
     519       2.4567
     520       2.4971
     521       2.4916
     522       2.3720
     523       2.3432
     524       1.9996
     525       1.9387
     526       2.0680
     527       2.1726
     528       2.0150
     529       1.9842
     530       1.9654
     531       1.9086
     532       1.8984
     533       1.9794
     534       2.3335
     535       2.2841
     536       2.0702
     537       2.0893
     538       2.1549
     539       2.2176
     540       2.0133
     541       1.9321
     542       1.8696
     543       1.8603
     544       1.9949
     545       1.8878
     546       1.8488
     547       1.9050
     548       1.8726
     549       1.8605
     550       1.9456
     551       1.8811
     552       1.8464
     553       1.9275
     554       1.9212
     555       1.8113
     556       2.2044
     557       2.1190
     558       2.3457
     559       2.1001
     560       2.1105
     561       1.9805
     562       1.9425
     563       1.9088
     564       1.9662
     565       2.1447
     566       2.1101
     567       2.1583
     568       1.8886
     569       2.0236
     570       2.0833
     571       2.2527
     572       2.3523
     573       2.2191
     574       2.4071
     575       2.4963
     576       2.4676
     577       2.6416
     578       2.5006
     579       2.4513
     580       2.4107
     581       2.4121
     582       2.5339
     583       2.1914
     584       2.1545
     585       2.1119
     586       2.1641
     587       1.9424
     588       1.9127
     589       1.8621
     590       1.9962
     591       2.2417
     592       1.9014
     593       2.0206
     594       2.3118
     595       2.2770
     596       2.1166
     597       1.9982
     598       2.3033
     599       2.1550
     600       2.2025
     601       2.2306
     602       2.3178
     603       2.1351
     604       2.1947
     605       2.0815
     606       2.1118
     607       2.1101
     608       2.3962
     609       2.5869
     610       2.2921
     611       2.3774
     612       2.2809
     613       2.1899
     614       2.2221
     615       2.1840
     616       2.3692
     617       2.1940
     618       2.2247
     619       2.2497
     620       2.4263
     621       2.6310
     622       2.6401
     623       2.6776
     624       2.6166
     625       2.4720
     626       2.6471
     627       2.5692
     628       2.4170
     629       2.4424
     630       2.6363
     631       2.5689
     632       2.5768
     633       2.5274
     634       2.6387
     635       2.3099
     636       2.3874
     637       2.4549
     638       2.3301
     639       2.3671
     640       2.3913
     641       2.3797
     642       2.1981
     643       2.1117
     644       2.1868
     645       2.2953
     646       2.3617
     647       2.3982
     648       2.2245
     649       2.2707
     650       2.1964
     651       2.4465
     652       2.3049
     653       2.6395
     654       2.6027
     655       2.5746
     656       2.4971
     657       2.4278
     658       2.0977
     659       2.1433
     660       2.3276
     661       2.4720
     662       2.5209
     663       2.4596
     664       2.6397
     665       2.7001
     666       2.2732
     667       2.2839
     668       2.4133
     669       2.4898
     670       2.5490
     671       2.5682
     672       2.6390
     673       2.5594
     674       2.5908
     675       2.5523
     676       2.5293
     677       2.5347
     678       2.6227
     679       2.9323
     680       2.9635
     681       3.0109
     682       3.0131
     683       2.8596
     684       2.8398
     685       2.6412
     686       2.8281
     687       2.6838
     688       2.4843
     689       2.8333
     690       3.0007
     691       2.8198
     692       3.0333
     693       2.8416
     694       2.6160
     695       2.6490
     696       2.5593
     697       2.2977
     698       2.3655
     699       2.4889
     700       2.2792
     701       2.2227
     702       2.2916
     703       2.0614
     704       2.1772
     705       2.3032
     706       2.1159
     707       2.2869
     708       2.2418
     709       2.3414
     710       2.6290
     711       2.5271
     712       2.7440
     713       2.8708
     714       2.7109
     715       2.8509
     716       2.9743
     717       2.8280
     718       2.9965
     719       2.8351
     720       2.7608
     721       2.6344
     722       2.9012
     723       2.4573
     724       2.6155
     725       2.5615
     726       2.5521
     727       2.6035
     728       2.2514
     729       2.2803
     730       2.5177
     731       2.4254
     732       2.3961
     733       2.4034
     734       2.4440
     735       2.3923
     736       2.4535
     737       2.3926
     738       2.2334
     739       2.2613
     740       2.5360
     741       2.3073
     742       2.2213
     743       2.3854
     744       2.3004
     745       2.3946
     746       2.3452
     747       2.3044
     748       2.3655
     749       2.2538
     750       2.3567
     751       2.2167
     752       2.2226
     753       2.4224
     754       2.2625
     755       2.3281
     756       2.2212
     757       2.1048
     758       2.2720
     759       2.4241
     760       2.4317
     761       2.2634
     762       2.3926
     763       2.4858
     764       2.5960
     765       2.2778
     766       2.2070
     767       2.2282
     768       2.0657
     769       2.2088
     770       2.4475
     771       2.3663
     772       2.2161
     773       2.3085
     774       2.3243
     775       2.1708
     776       2.2631
     777       2.3370
     778       2.3415
     779       2.0023
     780       2.2511
     781       2.4673
     782       2.6487
     783       2.5681
     784       2.7103
     785       2.6848
     786       2.4381
     787       2.3839
     788       2.3527
     789       2.1756
     790       2.3397
     791       2.2805
     792       2.4768
     793       2.5443
     794       2.6222
     795       2.6259
     796       2.5862
     797       2.4245
     798       2.3326
     799       2.3348
     800       2.5145
     801       2.4365
     802       2.5510
     803       2.4408
     804       2.4019
     805       2.4322
     806       2.4377
     807       2.4756
     808       2.4832
     809       2.5395
     810       2.2251
     811       2.0312
     812       2.2040
     813       2.1040
     814       2.0743
     815       2.1052
     816       2.1158
     817       2.2224
     818       2.3707
     819       2.2450
     820       2.1240
     821       2.2603
     822       2.1517
     823       2.2952
     824       2.2249
     825       2.1443
     826       2.1320
     827       2.1729
     828       2.0125
     829       2.0986
     830       2.2576
     831       2.5789
     832       2.6053
     833       2.5599
     834       2.5018
     835       2.5408
     836       2.4729
     837       2.5835
     838       2.6480
     839       2.4582
     840       2.6891
     841       2.5224
     842       2.4548
     843       2.4625
     844       2.5773
     845       2.7394
     846       2.6043
     847       2.5049
     848       2.5264
     849       2.9485
     850       3.0172
     851       3.1154
     852       2.8913
     853       2.9136
     854       2.5874
     855       2.4727
     856       2.5105
     857       2.6530
     858       2.5236
     859       2.4966
     860       2.4620
     861       2.3958
     862       2.1722
     863       2.2128
     864       2.3434
     865       2.1385
     866       2.1174
     867       2.2039
     868       2.2315
     869       2.2115
     870       2.2978
     871       2.1570
     872       2.1832
     873       2.1510
     874       2.1224
     875       2.1482
     876       2.0960
     877       2.1561
     878       2.1157
     879       1.9216
     880       1.8516
     881       1.8573
     882       1.8695
     883       1.8132
     884       1.8629
     885       2.0010
     886       2.0081
     887       2.0145
     888       2.1036
     889       1.8879
     890       1.8722
     891       1.9383
     892       2.1609
     893       1.9788
     894       1.6825
     895       1.8537
     896       2.0063
     897       2.1257
     898       2.3604
     899       2.5893
     900       2.4970
     901       2.6463
     902       2.9329
     903       2.8490
     904       2.8039
     905       2.6069
     906       2.6836
     907       2.6143
     908       2.7870
     909       2.4627
     910       2.2624
     911       2.1782
     912       2.4763
     913       2.4647
     914       2.3710
     915       2.3725
     916       2.2050
     917       2.2075
     918       2.0268
     919       1.9503
     920       2.0830
     921       2.0552
     922       2.0431
     923       1.9261
     924       2.2345
     925       1.9833
     926       1.8861
     927       2.0343
     928       2.1054
     929       2.1906
     930       2.0976
     931       2.0966
     932       2.1522
     933       2.3162
     934       2.3048
     935       2.2888
     936       2.2091
     937       2.1818
     938       2.3279
     939       2.3004
     940       2.1078
     941       2.2919
     942       2.2505
     943       2.3860
     944       2.3148
     945       2.3240
     946       2.4232
     947       2.2276
     948       2.3972
     949       2.2878
     950       2.1813
     951       2.2658
     952       2.4139
     953       2.4954
     954       2.5861
     955       2.3782
     956       2.4053
     957       2.3212
     958       2.2028
     959       2.3944
     960       2.3479
     961       2.4482
     962       2.4675
     963       2.7590
     964       2.5509
     965       2.5596
     966       2.2544
     967       2.3923
     968       2.1790
     969       2.3814
     970       2.4773
     971       2.4410
     972       2.5153
     973       2.5767
     974       2.3535
     975       2.4224
     976       2.5069
     977       2.4633
     978       2.8912
     979       2.5921
     980       2.6321
     981       2.5485
     982       2.8661
     983       2.8709
     984       2.6756
     985       2.8170
     986       3.0242
     987       2.9827
     988       2.8265
     989       3.0276
     990       2.8603
     991       2.7038
     992       2.7005
     993       2.8219
     994       2.7818
     995       2.6679
     996       2.8452
     997       2.7467
     998       2.8720
     999       2.5638
    1000       2.7345
    1001       2.5522
    1002       2.3677
    1003       2.3406
    1004       2.2517
    1005       2.0306
    1006       2.2746
    1007       2.2335
    1008       2.2504
    1009       2.2055
    1010       2.2578
    1011       2.1277
    1012       2.2709
    1013       2.5113
    1014       2.4586
    1015       2.3254
    1016       2.3283
    1017       2.5128
    1018       2.5008
    1019       2.5820
    1020       2.5228
    1021       2.5161
    1022       2.7606
    1023       2.8368
    1024       2.6149
    1025       2.4426
    1026       2.3465
    1027       2.2331
    1028       2.4002
    1029       2.2391
    1030       2.1301
    1031       1.9674
    1032       1.9871
    1033       2.0456
    1034       2.1502
    1035       2.3146
    1036       2.5433
    1037       2.6974
    1038       2.6541
    1039       2.4374
    1040       2.2239
    1041       2.0228
    1042       2.0952
    1043       2.0691
    1044       2.2520
    1045       2.3359
    1046       2.3270
    1047       2.4679
    1048       2.4267
    1049       2.5003
    1050       2.4969
    1051       2.4352
    1052       2.2962
    1053       2.1344
    1054       2.2758
    1055       2.3153
    1056       2.2006
    1057       2.0323
    1058       1.9226
    1059       2.2417
    1060       2.2334
    1061       2.2036
    1062       2.2151
    1063       2.0103
    1064       2.0558
    1065       2.2635
    1066       2.0996
    1067       2.1149
    1068       1.9176
    1069       2.0232
    1070       1.9288
    1071       1.8421
    1072       1.9190
    1073       1.8925
    1074       1.7754
    1075       1.7160
    1076       1.7477
    1077       1.8238
    1078       1.9308
    1079       2.1170
    1080       2.1969
    1081       2.3434
    1082       2.6030
    1083       2.5750
    1084       2.3575
    1085       2.3349
    1086       2.1726
    1087       2.3720
    1088       2.0914
    1089       2.0930
    1090       2.2271
    1091       2.2006
    1092       2.2424
    1093       2.4151
    1094       2.3938
    1095       2.4077
    1096       2.4324
    1097       2.3940
    1098       2.5327
    1099       2.5003
    1100       2.3019
    1101       2.4421
    1102       2.5580
    1103       2.3373
    1104       2.2894
    1105       2.3115
    1106       2.3603
    1107       2.2834
    1108       2.4232
    1109       2.7069
    1110       2.6906
    1111       2.4625
    1112       2.4999
    1113       2.5287
    1114       2.7039
    1115       2.7704
    1116       2.6733
    1117       2.4873
    1118       2.5720
    1119       2.8135
    1120       2.5032
    1121       2.5170
    1122       2.5408
    1123       2.7732
    1124       2.4304
    1125       2.3397
    1126       2.4306
    1127       2.3223
    1128       2.6862
    1129       2.5245
    1130       2.6192
    1131       2.4998
    1132       2.3412
    1133       2.5591
    1134       2.4447
    1135       2.4383
    1136       2.4588
    1137       2.6442
    1138       2.6354
    1139       2.4859
    1140       2.5176
    1141       2.4877
    1142       2.4597
    1143       2.5271
    1144       2.6006
    1145       2.6605
    1146       2.5932
    1147       2.4573
    1148       2.4434
    1149       2.5924
    1150       2.4320
    1151       2.4210
    1152       2.3244
    1153       2.4424
    1154       2.1801
    1155       2.2135
    1156       2.4159
    1157       2.4770
    1158       2.5653
    1159       2.3619
    1160       2.2642
    1161       2.2521
    1162       2.4047
    1163       2.4635
    1164       2.1829
    1165       2.4291
    1166       2.6558
    1167       2.8256
    1168       2.5805
    1169       2.5106
    1170       2.6598
    1171       2.4105
    1172       2.3147
    1173       2.3941
    1174       2.4050
    1175       2.3395
    1176       2.1264
    1177       2.2671
    1178       2.3185
    1179       2.2303
    1180       2.4071
    1181       2.2259
    1182       2.3059
    1183       2.2282
    1184       2.3429
    1185       2.4669
    1186       2.5467
    1187       2.1714
    1188       2.1282
    1189       2.1933
    1190       2.0673
    1191       1.9550
    1192       2.1715
    1193       2.1839
    1194       2.1563
    1195       2.1367
    1196       1.9801
    1197       2.2607
    1198       2.0683
    1199       2.1539
    1200       2.3184
    1201       2.2864
    1202       2.3767
    1203       2.4625
    1204       2.5653
    1205       2.4379
    1206       2.2011
    1207       2.3473
    1208       2.4253
    1209       2.3458
    1210       2.1969
    1211       2.2200
    1212       2.3137
    1213       2.0672
    1214       2.0899
    1215       2.2281
    1216       2.2768
    1217       2.2327
    1218       2.2360
    1219       2.3042
    1220       2.3271
    1221       2.4892
    1222       2.4444
    1223       2.3715
    1224       2.3406
    1225       2.3017
    1226       2.3484
    1227       2.4209
    1228       2.3044
    1229       2.2509
    1230       2.3382
    1231       2.3721
    1232       2.4732
    1233       2.4660
    1234       2.5268
    1235       2.6239
    1236       2.5338
    1237       2.4525
    1238       2.4408
    1239       2.6848
    1240       2.8944
    1241       2.5534
    1242       2.6497
    1243       2.6736
    1244       2.3775
    1245       2.3966
    1246       2.5012
    1247       2.3471
    1248       2.4291
    1249       2.6475
    1250       2.7109
    1251       2.6934
    1252       2.5012
    1253       2.3166
    1254       2.2432
    1255       2.4831
    1256       2.2530
    1257       2.2093
    1258       2.2522
    1259       2.4191
    1260       2.4029
    1261       2.4980
    1262       2.5327
    1263       2.7461
    1264       2.9106
    1265       2.7964
    1266       2.6839
    1267       2.6928
    1268       2.6490
    1269       2.5765
    1270       2.6435
    1271       2.4991
    1272       2.6764
    1273       2.5345
    1274       2.5191
    1275       2.8384
    1276       2.8338
    1277       2.6685
    1278       2.6704
    1279       2.8374
    1280       2.8170
    1281       2.8727
    1282       2.9265
    1283       2.9556
    1284       2.9420
    1285       2.4614
    1286       2.5661
    1287       2.6842
    1288       2.9212
    1289       2.7114
    1290       2.7497
    1291       2.6216
    1292       2.4994
    1293       2.4154
    1294       2.3373
    1295       2.3391
    1296       2.4832
    1297       2.5256
    1298       2.5734
    1299       2.7161
    1300       2.7539
    1301       2.5525
    1302       2.4209
    1303       2.5063
    1304       2.6739
    1305       2.4568
    1306       2.3940
    1307       2.4080
    1308       2.4474
    1309       2.4732
    1310       2.5429
    1311       2.3428
    1312       2.6937
    1313       2.8414
    1314       2.8499
    1315       2.6495
    1316       2.9651
    1317       2.9164
    1318       3.0170
    1319       2.7705
    1320       2.8527
    1321       2.7560
    1322       2.6152
    1323       2.8178
    1324       2.5046
    1325       2.6068
    1326       2.6835
    1327       2.5725
    1328       2.5671
    1329       2.6141
    1330       2.5331
    1331       2.5611
    1332       2.6850
    1333       2.4668
    1334       2.4311
    1335       2.2909
    1336       2.4402
    1337       2.3436
    1338       2.3403
    1339       2.3770
    1340       2.4744
    1341       2.3239
    1342       2.0981
    1343       1.9907
    1344       1.9895
    1345       2.1465
    1346       2.4106
    1347       2.3546
    1348       2.3389
    1349       2.4161
    1350       2.4265
    1351       2.5600
    1352       2.5273
    1353       2.6127
    1354       2.5111
    1355       2.3063
    1356       2.1419
    1357       2.1596
    1358       2.0540
    1359       2.0269
    1360       2.0420
    1361       2.1176
    1362       2.2824
    1363       2.3375
    1364       2.4293
    1365       2.3432
    1366       2.2592
    1367       2.2707
    1368       2.3940
    1369       2.5135
    1370       2.6184
    1371       2.6025
    1372       2.5578
    1373       2.5097
    1374       2.6668
    1375       2.7309
    1376       2.8001
    1377       2.7860
    1378       2.5942
    1379       2.5796
    1380       2.4420
    1381       2.3866
    1382       2.1860
    1383       2.0966
    1384       2.0085
    1385       1.9829
    1386       2.1984
    1387       2.2382
    1388       2.0036
    1389       2.0052
    1390       2.0916
    1391       2.2476
    1392       2.4754
    1393       2.4046
    1394       2.3142
    1395       2.1836
    1396       2.2622
    1397       2.3635
    1398       2.2043
    1399       2.0632
    1400       2.1925
    1401       2.2353
    1402       2.2301
    1403       2.4270
    1404       2.4007
    1405       2.3711
    1406       2.3479
    1407       2.5252
    1408       2.4649
    1409       2.4308
    1410       2.3329
    1411       2.3532
    1412       2.3867
    1413       2.4090
    1414       2.3403
    1415       2.4986
    1416       2.3987
    1417       2.2054
    1418       2.3027
    1419       2.3818
    1420       2.3634
    1421       2.0641
    1422       2.0356
    1423       1.7928
    1424       1.9833
    1425       2.0832
    1426       2.1609
    1427       2.0578
    1428       2.1719
    1429       1.9587
    1430       2.3129
    1431       2.3087
    1432       2.4360
    1433       2.1960
    1434       2.3552
    1435       2.3331
    1436       2.2154
    1437       2.0724
    1438       2.3288
    1439       2.5016
    1440       2.3110
    1441       2.1826
    1442       2.0786
    1443       2.1250
    1444       2.2036
    1445       2.2245
    1446       2.2358
    1447       2.2484
    1448       2.2085
    1449       2.2280
    1450       2.1166
    1451       2.0467
    1452       2.0981
    1453       2.1294
    1454       2.0943
    1455       2.0498
    1456       2.2814
    1457       2.3097
    1458       2.3243
    1459       2.3603
    1460       2.3975
    1461       2.3921
    1462       2.4203
    1463       2.4557
    1464       2.6289
    1465       2.5813
    1466       2.3695
    1467       2.5453
    1468       2.6268
    1469       2.5361
    1470       2.5761
    1471       2.6912
    1472       2.5059
    1473       2.5119
    1474       2.3552
    1475       2.3780
    1476       2.3609
    1477       2.4634
    1478       2.4646
    1479       2.5598
    1480       2.1719
    1481       2.2272
    1482       2.1499
    1483       2.1611
    1484       2.1506
    1485       2.0461
    1486       1.9508
    1487       2.0460
    1488       2.0872
    1489       2.0729
    1490       2.1649
    1491       2.2214
    1492       2.2382
    1493       2.2798
    1494       2.4344
    1495       2.1514
    1496       2.1948
    1497       2.1492
    1498       2.2203
    1499       2.0795
    1500       2.1251
    1501       2.3380
    1502       2.4352
    1503       2.5019
    1504       2.3282
    1505       2.3712
    1506       2.3472
    1507       2.5759
    1508       2.5052
    1509       2.3681
    1510       2.4806
    1511       2.6766
    1512       2.4952
    1513       2.4375
    1514       2.3113
    1515       2.2953
    1516       2.3018
    1517       2.5370
    1518       2.5198
    1519       2.3120
    1520       2.6981
    1521       2.4531
    1522       2.4898
    1523       2.5378
    1524       2.8988
    1525       2.7736
    1526       2.8382
    1527       2.4600
    1528       2.5200
    1529       2.4972
    1530       2.7256
    1531       2.6074
    1532       2.6489
    1533       2.5649
    1534       2.5071
    1535       2.5108
    1536       2.6985
    1537       2.5031
    1538       2.3272
    1539       2.2002
    1540       2.2574
    1541       1.9968
    1542       2.0673
    1543       2.5331
    1544       2.3956
    1545       2.3942
    1546       2.2846
    1547       2.2679
    1548       2.4319
    1549       2.2189
    1550       2.3508
    1551       2.4219
    1552       2.4336
    1553       2.6445
    1554       2.4553
    1555       2.6140
    1556       2.5482
    1557       2.4014
    1558       2.2284
    1559       2.0686
    1560       1.7709
    1561       1.8119
    1562       1.9835
    1563       2.0973
    1564       2.1575
    1565       2.0850
    1566       2.3455
    1567       2.6642
    1568       2.5290
    1569       2.5123
    1570       2.5241
    1571       2.4315
    1572       2.6154
    1573       2.5908
    1574       2.5648
    1575       2.3653
    1576       2.3702
    1577       2.4531
    1578       2.6126
    1579       2.3742
    1580       2.2068
    1581       2.1927
    1582       2.1911
    1583       2.2718
    1584       2.1816
    1585       2.1507
    1586       2.3069
    1587       2.4547
    1588       2.2844
    1589       2.2783
    1590       2.2692
    1591       2.1017
    1592       2.1782
    1593       2.2003
    1594       2.1136
    1595       2.2004
    1596       2.2663
    1597       2.4302
    1598       2.4365
    1599       2.2926
    1600       2.5639
    1601       2.5363
    1602       2.5385
    1603       2.5103
    1604       2.5898
    1605       2.6121
    1606       2.5982
    1607       2.6204
    1608       2.6174
    1609       2.6426
    1610       2.6197
    1611       2.4100
    1612       2.2243
    1613       2.3203
    1614       2.4640
    1615       2.4008
    1616       2.3702
    1617       2.5353
    1618       2.4955
    1619       2.5311
    1620       2.3883
    1621       2.4874
    1622       2.4999
    1623       2.4292
    1624       2.2898
    1625       2.3388
    1626       2.1664
    1627       2.2341
    1628       2.4258
    1629       2.3596
    1630       2.1112
    1631       2.2602
    1632       2.1250
    1633       1.9267
    1634       2.1679
    1635       2.0800
    1636       2.0327
    1637       2.0223
    1638       2.1927
    1639       2.4933
    1640       2.2693
    1641       2.2237
    1642       2.2457
    1643       2.2147
    1644       2.1437
    1645       1.9381
    1646       2.0796
    1647       2.0278
    1648       2.1659
    1649       2.1973
    1650       2.2498
    1651       2.3653
    1652       2.3655
    1653       2.2594
    1654       2.3143
    1655       2.3719
    1656       2.2230
    1657       2.3315
    1658       2.1786
    1659       2.3723
    1660       2.5115
    1661       2.3006
    1662       2.3627
    1663       2.2546
    1664       2.1679
    1665       2.1388
    1666       2.2050
    1667       2.2872
    1668       2.4925
    1669       2.5525
    1670       2.6163
    1671       2.6274
    1672       2.3832
    1673       2.1499
    1674       2.2259
    1675       2.4825
    1676       2.2591
    1677       2.4775
    1678       2.5709
    1679       2.6122
    1680       2.4366
    1681       2.5249
    1682       2.3281
    1683       2.6074
    1684       2.3506
    1685       2.3297
    1686       2.3181
    1687       2.4712
    1688       2.2452
    1689       2.3890
    1690       2.1592
    1691       2.0985
    1692       2.1803
    1693       2.3930
    1694       2.3365
    1695       2.2217
    1696       2.4845
    1697       2.7053
    1698       2.4284
    1699       2.4067
    1700       2.3663
    1701       2.3020
    1702       2.5614
    1703       2.1655
    1704       2.2199
    1705       1.9086
    1706       1.9374
    1707       2.1957
    1708       2.1816
    1709       2.2536
    1710       2.4393
    1711       2.5117
    1712       2.6575
    1713       2.3425
    1714       2.3490
    1715       1.9690
    1716       2.0149
    1717       2.1381
    1718       1.9806
    1719       1.8734
    1720       1.9543
    1721       2.1004
    1722       1.9022
    1723       2.1008
    1724       2.2424
    1725       2.3407
    1726       2.0207
    1727       1.9928
    1728       1.8164
    1729       2.1404
    1730       2.2900
    1731       2.3630
    1732       2.1957
    1733       2.3029
    1734       2.3794
    1735       2.3872
    1736       2.3799
    1737       2.2723
    1738       2.1167
    1739       2.2940
    1740       2.2317
    1741       2.2145
    1742       2.3629
    1743       2.6086
    1744       2.5952
    1745       2.2988
    1746       2.2614
    1747       2.3258
    1748       2.2933
    1749       2.2286
    1750       2.2924
    1751       2.3263
    1752       2.4696
    1753       2.2398
    1754       2.2102
    1755       2.0598
    1756       2.0048
    1757       2.0826
    1758       2.2606
    1759       2.2163
    1760       2.2693
    1761       2.2446
    1762       2.2656
    1763       2.2215
    1764       2.2656
    1765       2.4102
    1766       2.2943
    1767       2.3536
    1768       2.1514
    1769       2.1318
    1770       2.2731
    1771       2.2825
    1772       2.3203
    1773       2.5734
    1774       2.5230
    1775       2.4235
    1776       2.4262
    1777       2.5344
    1778       2.3311
    1779       2.5669
    1780       2.7163
    1781       2.6098
    1782       2.5573
    1783       2.5186
    1784       2.4854
    1785       2.3921
    1786       2.3107
    1787       2.3872
    1788       2.3065
    1789       2.2711
    1790       2.2569
    1791       2.2600
    1792       2.0774
    1793       2.3058
    1794       1.8844
    1795       1.9934
    1796       2.1025
    1797       1.9694
    1798       2.0328
    1799       2.1863
    1800       2.1801
    1801       2.4058
    1802       2.4149
    1803       2.5034
    1804       2.3468
    1805       2.4168
    1806       2.3226
    1807       2.4754
    1808       2.3196
    1809       2.3344
    1810       2.3362
    1811       2.1397
    1812       2.1150
    1813       2.0742
    1814       2.0340
    1815       2.2701
    1816       2.1065
    1817       2.2223
    1818       2.2893
    1819       2.1310
    1820       2.1370
    1821       2.0724
    1822       2.3435
    1823       2.3741
    1824       2.2439
    1825       2.1874
    1826       2.0558
    1827       2.0857
    1828       2.0198
    1829       2.1684
    1830       1.9801
    1831       1.9903
    1832       1.9549
    1833       1.8285
    1834       2.0026
    1835       1.9683
    1836       1.8312
    1837       1.9474
    1838       1.9964
    1839       2.1694
    1840       2.2685
    1841       2.3177
    1842       2.3394
    1843       2.6559
    1844       2.5538
    1845       2.2757
    1846       2.3668
    1847       2.4841
    1848       2.5510
    1849       2.6757
    1850       2.6526
    1851       2.4696
    1852       2.6215
    1853       2.5628
    1854       2.8358
    1855       2.7878
    1856       2.7433
    1857       2.7142
    1858       2.6848
    1859       2.7966
    1860       2.7761
    1861       2.5615
    1862       2.2324
    1863       2.2025
    1864       2.3362
    1865       2.2269
    1866       2.2904
    1867       2.4261
    1868       2.2131
    1869       2.3106
    1870       2.1371
    1871       2.0841
    1872       1.9825
    1873       2.1145
    1874       2.2124
    1875       2.2683
    1876       2.1400
    1877       2.0613
    1878       2.0637
    1879       1.7451
    1880       1.8342
    1881       2.0775
    1882       2.1587
    1883       2.1378
    1884       2.2035
    1885       2.2309
    1886       2.2936
    1887       2.3665
    1888       2.5351
    1889       2.1935
    1890       2.3436
    1891       2.2583
    1892       2.1949
    1893       2.4266
    1894       2.0000
    1895       2.0122
    1896       2.0564
    1897       2.1214
    1898       2.2677
    1899       2.1859
    1900       2.2349
    1901       2.3590
    1902       2.4859
    1903       2.2504
    1904       2.2573
    1905       2.2773
    1906       2.1596
    1907       2.2808
    1908       2.3832
    1909       2.2652
    1910       2.4819
    1911       2.6866
    1912       2.5556
    1913       2.4432
    1914       2.4702
    1915       2.3863
    1916       2.5305
    1917       2.5792
    1918       2.4513
    1919       2.5379
    1920       2.2800
    1921       2.2491
    1922       2.4330
    1923       2.2985
    1924       2.2078
    1925       2.3309
    1926       2.3828
    1927       2.3545
    1928       2.3819
    1929       2.3999
    1930       2.4148
    1931       2.7289
    1932       2.7352
    1933       2.6586
    1934       2.5919
    1935       2.6230
    1936       2.6230
    1937       2.8345
    1938       2.8476
    1939       2.6286
    1940       2.5412
    1941       2.5674
    1942       2.4080
    1943       2.6957
    1944       2.6174
    1945       2.7703
    1946       2.5962
    1947       2.4522
    1948       2.5317
    1949       2.6197
    1950       2.4273
    1951       2.4050
    1952       2.3490
    1953       2.4183
    1954       2.4953
    1955       2.2967
    1956       2.3199
    1957       2.5244
    1958       2.5607
    1959       2.4795
    1960       2.4769
    1961       2.4279
    1962       2.5408
    1963       2.3436
    1964       2.4897
    1965       2.4145
    1966       2.4473
    1967       2.4561
    1968       2.3202
    1969       2.3004
    1970       2.3541
    1971       2.1923
    1972       2.3062
    1973       2.4164
    1974       2.4134
    1975       2.4717
    1976       2.4804
    1977       2.4811
    1978       2.5519
    1979       2.3908
    1980       2.6396
    1981       2.2265
    1982       2.2123
    1983       2.3376
    1984       2.5815
    1985       2.5788
    1986       2.5902
    1987       2.8091
    1988       2.6140
    1989       2.6163
    1990       2.5450
    1991       2.4431
    1992       2.4190
    1993       2.6228
    1994       2.4488
    1995       2.7155
    1996       2.7014
    1997       2.7323
    1998       2.7489
    1999       2.6670
    2000       2.3961
    2001       2.5315
    2002       2.7201
    2003       2.4611
    2004       2.3459
    2005       2.4772
    2006       2.7144
    2007       2.5436
    2008       2.5524
    2009       2.4629
    2010       2.2171
    2011       2.4399
    2012       2.4309
    2013       2.6010
    2014       2.5534
    2015       2.5195
    2016       2.3834
    2017       2.5449
    2018       2.5656
    2019       2.6469
    2020       2.2623
    2021       2.3857
    2022       2.4320
    2023       2.4762
    2024       2.5518
    2025       2.5342
    2026       2.7296
    2027       2.8516
    2028       2.9565
    2029       2.8098
    2030       2.8771
    2031       2.6859
    2032       2.7771
    2033       2.7774
    2034       2.4675
    2035       2.6675
    2036       2.6108
    2037       2.6492
    2038       2.7071
    2039       2.7367
    2040       2.6609
    2041       2.3480
    2042       2.4331
    2043       2.6999
    2044       2.7726
    2045       2.7558
    2046       2.7113
    2047       2.7425
    2048       2.6774
    2049       2.9499
    2050       2.9202
    2051       2.7409
    2052       2.5692
    2053       2.5004
    2054       2.6160
    2055       2.4575
    2056       2.3851
    2057       2.6109
    2058       2.6377
    2059       2.5198
    2060       2.7123
    2061       2.9264
    2062       2.9848
    2063       2.9080
    2064       2.9062
    2065       2.8427
    2066       2.7119
    2067       2.6384
    2068       2.8988
    2069       2.8256
    2070       2.9946
    2071       2.9266
    2072       3.0186
    2073       2.9156
    2074       2.9577
    2075       2.9041
    2076       2.8170
    2077       2.7262
    2078       2.8402
    2079       3.0513
    2080       3.1068
    2081       3.0182
    2082       2.9559
    2083       3.1167
    2084       2.9057
    2085       2.8857
    2086       3.0023
    2087       2.8467
    2088       2.9097
    2089       3.0587
    2090       2.9917
    2091       2.8741
    2092       3.0040
    2093       2.8091
    2094       2.8277
    2095       2.8932
    2096       2.7968
    2097       2.9039
    2098       3.0690
    2099       3.2150
    2100       3.2630
    2101       3.2512
    2102       3.2538
    2103       3.3848
    2104       3.1643
    2105       3.1008
    2106       3.0222
    2107       3.1174
    2108       3.0241
    2109       2.9793
    2110       2.9503
    2111       2.7759
    2112       3.0130
    2113       3.0621
    2114       2.8164
    2115       2.9365
    2116       2.9844
    2117       2.9328
    2118       2.8846
    2119       2.6434
    2120       2.6208
    2121       2.7870
    2122       2.7382
    2123       2.8106
    2124       2.9151
    2125       3.0194
    2126       2.9108
    2127       2.9007
    2128       2.9574
    2129       2.9913
    2130       3.1074
    2131       3.2386
    2132       3.0781
    2133       2.9560
    2134       3.1147
    2135       3.0858
    2136       2.9630
    2137       3.1129
    2138       2.8212
    2139       2.7704
    2140       2.7540
    2141       2.8085
    2142       2.4556
    2143       2.7935
    2144       2.8208
    2145       2.6442
    2146       2.5354
    2147       2.3144
    2148       2.2986
    2149       2.3679
    2150       2.6826
    2151       2.6497
    2152       2.6649
    2153       2.6585
    2154       2.8595
    2155       2.8492
    2156       2.8844
    2157       2.7464
    2158       2.6452
    2159       2.6029
    2160       2.4403
    2161       2.5133
    2162       2.6615
    2163       2.6858
    2164       2.7781
    2165       2.7150
    2166       2.4977
    2167       2.4434
    2168       2.4683
    2169       2.2872
    2170       2.2505
    2171       2.3194
    2172       2.4649
    2173       2.5074
    2174       2.7519
    2175       2.8525
    2176       2.5221
    2177       2.6086
    2178       2.4969
    2179       2.5679
    2180       2.5428
    2181       2.3637
    2182       2.3228
    2183       2.2595
    2184       2.4758
    2185       2.5281
    2186       2.6692
    2187       2.6620
    2188       2.7358
    2189       2.5939
    2190       2.6821
    2191       2.7086
    2192       2.6180
    2193       2.5224
    2194       2.5215
    2195       2.4429
    2196       2.5662
    2197       2.4304
    2198       2.3305
    2199       2.4279
    2200       2.6706
    2201       2.6400
    2202       2.3886
    2203       2.3933
    2204       2.3158
    2205       2.3616
    2206       2.6172
    2207       2.4575
    2208       2.6941
    2209       2.8898
    2210       2.9059
    2211       2.7714
    2212       2.8744
    2213       2.7766
    2214       2.6750
    2215       2.6600
    2216       2.5697
    2217       2.5020
    2218       2.4905
    2219       2.2429
    2220       2.5864
    2221       2.5683
    2222       2.6468
    2223       2.8005
    2224       2.8063
    2225       3.0440
    2226       3.2336
    2227       3.1247
    2228       3.1761
    2229       3.5176
    2230       3.3543
    2231       3.4010
    2232       3.2265
    2233       3.2217
    2234       3.2207
    2235       3.0274
    2236       3.0937
    2237       3.0908
    2238       3.1035
    2239       2.9565
    2240       2.9603
    2241       3.0182
    2242       2.9931
    2243       2.8941
    2244       2.8356
    2245       2.7525
    2246       3.0092
    2247       2.9978
    2248       2.9658
    2249       2.9757
    2250       2.8142
    2251       3.0556
    2252       3.0923
    2253       2.9236
    2254       3.0644
    2255       3.0537
    2256       2.9120
    2257       2.9432
    2258       3.0648
    2259       2.7989
    2260       2.9711
    2261       3.0027
    2262       3.1107
    2263       3.0754
    2264       2.9217
    2265       2.7484
    2266       2.6418
    2267       3.2188
    2268       3.1268
    2269       2.9779
    2270       2.9815
    2271       2.8300
    2272       2.8366
    2273       2.9936
    2274       2.7627
    2275       2.5662
    2276       2.7621
    2277       2.4685
    2278       2.3115
    2279       2.3973
    2280       2.3780
    2281       2.5207
    2282       2.4962
    2283       2.5196
    2284       2.6038
    2285       2.8458
    2286       2.6846
    2287       3.0039
    2288       2.8644
    2289       2.8284
    2290       2.9841
    2291       2.9950
    2292       2.8091
    2293       2.8661
    2294       2.9281
    2295       2.9980
    2296       2.9359
    2297       2.8317
    2298       2.9930
    2299       2.7665
    2300       2.8398
    2301       2.9103
    2302       2.7910
    2303       2.6977
    2304       2.7338
    2305       2.8435
    2306       2.6525
    2307       2.6621
    2308       2.5426
    2309       2.5747
    2310       2.5114
    2311       2.7211
    2312       2.7322
    2313       2.7076
    2314       2.7729
    2315       2.8787
    2316       2.8137
    2317       2.5378
    2318       2.5680
    2319       2.6192
    2320       2.8135
    2321       2.7301
    2322       2.6018
    2323       2.7258
    2324       2.8220
    2325       2.6211
    2326       2.5762
    2327       2.7135
    2328       3.0808
    2329       3.1621
    2330       3.0017
    2331       2.9432
    2332       2.8600
    2333       2.9744
    2334       3.0367
    2335       2.9513
    2336       3.0389
    2337       2.8050
    2338       3.0396
    2339       3.0893
    2340       2.7941
    2341       2.7296
    2342       2.7316
    2343       2.9025
    2344       2.9444
    2345       2.7129
    2346       2.6940
    2347       2.8905
    2348       2.7864
    2349       2.7777
    2350       2.8466
    2351       2.8774
    2352       3.1449
    2353       3.0397
    2354       3.0780
    2355       3.0589
    2356       2.9476
    2357       2.7212
    2358       2.5028
    2359       2.5460
    2360       2.6098
    2361       2.8471
    2362       2.7148
    2363       2.4207
    2364       2.6259
    2365       2.6989
    2366       2.6393
    2367       2.3455
    2368       2.4636
    2369       2.6206
    2370       2.6194
    2371       2.4572
    2372       2.4547
    2373       2.3711
    2374       2.5655
    2375       2.5508
    2376       2.4569
    2377       2.4232
    2378       2.5892
    2379       2.3077
    2380       2.4289
    2381       2.3639
    2382       2.2891
    2383       2.5797
    2384       2.6375
    2385       2.3155
    2386       2.3486
    2387       2.3047
    2388       2.3023
    2389       2.4059
    2390       2.6644
    2391       2.7511
    2392       2.9977
    2393       2.7839
    2394       2.5513
    2395       2.7281
    2396       2.9878
    2397       2.9176
    2398       2.8472
    2399       2.7320
    2400       2.4515
    2401       2.2557
    2402       2.3724
    2403       2.4068
    2404       2.3678
    2405       2.2091
    2406       2.3952
    2407       2.2373
    2408       2.2571
    2409       2.0308
    2410       2.0795
    2411       2.1321
    2412       2.0898
    2413       2.2144
    2414       2.3712
    2415       2.3603
    2416       2.4003
    2417       2.5462
    2418       2.3940
    2419       2.4852
    2420       2.3847
    2421       2.4061
    2422       2.2994
    2423       2.5634
    2424       2.6466
    2425       2.5884
    2426       2.5642
    2427       2.4679
    2428       2.6047
    2429       2.6170
    2430       2.7018
    2431       2.5176
    2432       2.7660
    2433       2.8796
    2434       2.7119
    2435       2.7131
    2436       2.8686
    2437       2.8346
    2438       2.6863
    2439       2.7783
    2440       2.4625
    2441       2.6110
    2442       2.4124
    2443       2.6430
    2444       2.7000
    2445       2.6261
    2446       2.6843
    2447       2.7596
    2448       2.8922
    2449       2.6323
    2450       2.6869
    2451       2.7170
    2452       2.4728
    2453       2.5073
    2454       2.6006
    2455       2.6195
    2456       2.6882
    2457       2.7207
    2458       2.9583
    2459       2.8233
    2460       2.7540
    2461       2.6379
    2462       2.7035
    2463       2.5927
    2464       2.6026
    2465       2.8411
    2466       2.8072
    2467       2.7308
    2468       2.6486
    2469       2.6775
    2470       2.5124
    2471       2.7000
    2472       2.7871
    2473       2.9936
    2474       2.9020
    2475       2.9834
    2476       2.7377
    2477       2.7169
    2478       2.8023
    2479       2.5103
    2480       2.6849
    2481       2.7428
    2482       2.7923
    2483       2.8662
    2484       2.9832
    2485       2.8145
    2486       2.6512
    2487       2.8487
    2488       2.9275
    2489       2.9900
    2490       2.9939
    2491       3.2723
    2492       3.2628
    2493       3.2791
    2494       3.2209
    2495       3.1101
    2496       3.1427
    2497       2.8310
    2498       2.7231
    2499       2.4975
    2500       2.7173
    2501       2.6664
    2502       2.5959
    2503       2.6067
    2504       2.7645
    2505       2.9519
    2506       2.8681
    2507       3.0265
    2508       3.0021
    2509       2.9027
    2510       2.6506
    2511       2.6104
    2512       2.4810
    2513       2.5612
    2514       2.5374
    2515       2.4958
    2516       2.6159
    2517       2.6307
    2518       2.7465
    2519       2.5853
    2520       2.3603
    2521       2.5656
    2522       2.5625
    2523       2.5992
    2524       2.3700
    2525       2.2818
    2526       2.3723
    2527       2.3669
    2528       2.2920
    2529       2.5356
    2530       2.2566
    2531       2.3258
    2532       2.2212
    2533       2.5881
    2534       2.5320
    2535       2.5633
    2536       2.4522
    2537       2.5524
    2538       2.6704
    2539       2.7367
    2540       2.5238
    2541       2.3405
    2542       2.1747
    2543       2.2339
    2544       2.2707
    2545       2.2670
    2546       2.3690
    2547       2.3837
    2548       2.5665
    2549       2.9204
    2550       2.9615
    2551       3.3174
    2552       3.0218
    2553       3.1265
    2554       3.0558
    2555       3.0759
    2556       3.0307
    2557       2.7622
    2558       3.0423
    2559       3.2496
    2560       3.4711
    2561       3.2821
    2562       3.2376
    2563       3.1389
    2564       3.3365
    2565       2.8937
    2566       2.8173
    2567       2.9434
    2568       2.5324
    2569       2.6771
    2570       2.7510
    2571       2.7022
    2572       2.6614
    2573       2.5536
    2574       2.4959
    2575       2.4378
    2576       2.5752
    2577       2.3478
    2578       2.4736
    2579       2.4657
    2580       2.3722
    2581       2.6395
    2582       2.3837
    2583       2.5042
    2584       2.3278
    2585       2.3546
    2586       2.2624
    2587       2.3055
    2588       2.4537
    2589       2.4671
    2590       2.2831
    2591       2.2225
    2592       2.0647
    2593       2.0456
    2594       2.2383
    2595       2.2691
    2596       1.9896
    2597       2.0468
    2598       2.1079
    2599       2.0887
    2600       2.2127
    2601       2.3587
    2602       2.4672
    2603       2.1864
    2604       2.3142
    2605       2.2325
    2606       2.3069
    2607       2.3192
    2608       2.6301
    2609       2.4680
    2610       2.3273
    2611       2.4833
    2612       2.3485
    2613       2.2250
    2614       2.2625
    2615       2.2175
    2616       2.3121
    2617       2.1930
    2618       2.0958
    2619       2.1564
    2620       2.3108
    2621       2.3038
    2622       2.3388
    2623       2.3206
    2624       2.2309
    2625       2.2500
    2626       2.0275
    2627       2.1889
    2628       2.2269
    2629       2.4495
    2630       2.3625
    2631       2.2230
    2632       1.9857
    2633       2.1683
    2634       2.0957
    2635       2.0179
    2636       2.2351
    2637       2.1952
    2638       2.2946
    2639       2.3173
    2640       2.3298
    2641       2.3837
    2642       2.5089
    2643       2.6283
    2644       2.5553
    2645       2.5777
    2646       2.7285
    2647       2.6012
    2648       2.5559
    2649       2.5123
    2650       2.8441
    2651       2.6035
    2652       2.4466
    2653       2.3867
    2654       2.4751
    2655       2.3360
    2656       2.4324
    2657       2.2550
    2658       2.3837
    2659       2.4752
    2660       2.3459
    2661       2.5252
    2662       2.5610
    2663       2.2190
    2664       2.1809
    2665       2.1694
    2666       2.3658
    2667       2.2576
    2668       2.4465
    2669       2.3447
    2670       2.3571
    2671       2.5136
    2672       2.4861
    2673       2.5308
    2674       2.5213
    2675       2.5136
    2676       2.4235
    2677       2.5818
    2678       2.4732
    2679       2.5988
    2680       2.5600
    2681       2.7229
    2682       2.7453
    2683       2.5874
    2684       2.5581
    2685       2.6248
    2686       2.6555
    2687       2.6953
    2688       2.6715
    2689       2.6162
    2690       2.3105
    2691       2.2588
    2692       2.4487
    2693       2.4722
    2694       2.5703
    2695       2.4636
    2696       2.5437
    2697       2.8157
    2698       3.0595
    2699       2.6404
    2700       2.4996
    2701       2.7704
    2702       2.7324
    2703       2.7426
    2704       2.7270
    2705       2.6732
    2706       2.6330
    2707       2.5493
    2708       2.6813
    2709       2.5720
    2710       2.5468
    2711       2.5924
    2712       2.4617
    2713       2.5945
    2714       2.6019
    2715       2.5630
    2716       2.4930
    2717       2.7391
    2718       2.8482
    2719       2.6972
    2720       2.4875
    2721       2.4187
    2722       2.3425
    2723       2.2691
    2724       2.3745
    2725       2.2909
    2726       2.4092
    2727       2.3086
    2728       2.1674
    2729       2.3355
    2730       2.5277
    2731       2.5126
    2732       2.3883
    2733       2.5135
    2734       2.3606
    2735       2.3392
    2736       2.2995
    2737       2.2972
    2738       2.4226
    2739       2.3033
    2740       2.0633
    2741       2.1497
    2742       2.1896
    2743       2.3550
    2744       2.2797
    2745       2.3716
    2746       2.4664
    2747       2.4058
    2748       2.4104
    2749       2.4112
    2750       2.3345
    2751       2.3202
    2752       2.3638
    2753       2.3213
    2754       2.2365
    2755       2.3096
    2756       2.3686
    2757       2.5456
    2758       2.5203
    2759       2.4512
    2760       2.7037
    2761       2.6374
    2762       2.5075
    2763       2.4140
    2764       2.6160
    2765       2.2491
    2766       2.2516
    2767       2.4160
    2768       2.2717
    2769       2.2801
    2770       2.3120
    2771       2.4037
    2772       2.4004
    2773       2.4798
    2774       2.3360
    2775       2.3978
    2776       2.2657
    2777       2.4058
    2778       2.3147
    2779       2.3676
    2780       2.4132
    2781       2.3438
    2782       2.6376
    2783       2.4906
    2784       2.5651
    2785       2.5868
    2786       2.4763
    2787       2.5512
    2788       2.6361
    2789       2.8233
    2790       2.7690
    2791       2.6493
    2792       2.6657
    2793       2.6123
    2794       2.5732
    2795       2.7727
    2796       2.8623
    2797       2.7010
    2798       2.8659
    2799       2.9048
    2800       2.7207
    2801       2.8085
    2802       2.7119
    2803       3.0520
    2804       2.8561
    2805       2.4184
    2806       2.5517
    2807       2.4457
    2808       2.5282
    2809       2.4895
    2810       2.3634
    2811       2.3673
    2812       2.6344
    2813       2.7931
    2814       2.6719
    2815       2.7007
    2816       2.6435
    2817       2.4575
    2818       2.5813
    2819       2.7388
    2820       2.7216
    2821       2.7037
    2822       2.8619
    2823       2.8123
    2824       2.7131
    2825       2.5052
    2826       2.4980
    2827       2.6363
    2828       2.7203
    2829       2.7592
    2830       2.6883
    2831       2.6168
    2832       2.5618
    2833       2.6582
    2834       2.4061
    2835       2.5512
    2836       2.1147
    2837       2.1550
    2838       2.3479
    2839       2.1457
    2840       2.2917
    2841       2.1174
    2842       2.2295
    2843       2.1880
    2844       2.2871
    2845       2.2946
    2846       2.5967
    2847       2.5027
    2848       2.7616
    2849       2.8692
    2850       2.8519
    2851       2.8075
    2852       2.7547
    2853       2.6182
    2854       2.8179
    2855       2.9206
    2856       2.8221
    2857       2.9497
    2858       2.9078
    2859       2.7455
    2860       2.5733
    2861       2.6716
    2862       2.7409
    2863       2.5250
    2864       2.6131
    2865       2.2536
    2866       2.3210
    2867       2.5137
    2868       2.6179
    2869       2.3229
    2870       2.4377
    2871       2.3277
    2872       2.1725
    2873       2.3145
    2874       2.2673
    2875       2.2787
    2876       2.5285
    2877       2.6096
    2878       2.5461
    2879       2.3477
    2880       2.2492
    2881       2.4670
    2882       2.4550
    2883       2.3467
    2884       2.6914
    2885       2.6302
    2886       2.7976
    2887       2.7216
    2888       2.6520
    2889       2.4685
    2890       2.3332
    2891       2.3275
    2892       2.2583
    2893       2.4951
    2894       2.7312
    2895       2.5236
    2896       2.2912
    2897       2.4004
    2898       2.7181
    2899       2.5698
    2900       2.5999
    2901       2.4085
    2902       2.3573
    2903       2.2471
    2904       2.3523
    2905       2.2996
    2906       2.1389
    2907       2.1175
    2908       2.2523
    2909       2.2511
    2910       2.3228
    2911       2.1526
    2912       2.3208
    2913       2.2988
    2914       2.4168
    2915       2.3838
    2916       2.5103
    2917       2.5766
    2918       2.6939
    2919       2.6078
    2920       2.5041
    2921       2.3689
    2922       2.3873
    2923       2.2688
    2924       2.2971
    2925       2.1909
    2926       2.3187
    2927       2.0133
    2928       2.1411
    2929       2.0610
    2930       2.0959
    2931       1.9802
    2932       2.1770
    2933       2.1048
    2934       2.1508
    2935       2.2283
    2936       2.2571
    2937       2.1623
    2938       2.1805
    2939       2.1593
    2940       1.9380
    2941       1.9825
    2942       2.1423
    2943       2.1042
    2944       2.0942
    2945       2.2412
    2946       2.3181
    2947       2.4069
    2948       2.4347
    2949       2.2584
    2950       2.2268
    2951       2.2728
    2952       2.2532
    2953       2.3391
    2954       2.2843
    2955       2.2943
    2956       2.2508
    2957       2.2710
    2958       2.3133
    2959       2.2780
    2960       2.2099
    2961       2.1903
    2962       2.3264
    2963       2.1038
    2964       2.1999
    2965       2.4276
    2966       2.5025
    2967       2.6236
    2968       2.4834
    2969       2.5594
    2970       2.6028
    2971       2.4266
    2972       2.4791
    2973       2.5732
    2974       2.4557
    2975       2.4331
    2976       2.5474
    2977       2.4235
    2978       2.5405
    2979       2.4366
    2980       2.2995
    2981       2.4441
    2982       2.3249
    2983       2.1116
    2984       2.3084
    2985       2.4248
    2986       2.3522
    2987       2.1490
    2988       2.1108
    2989       2.0718
    2990       2.1321
    2991       2.2844
    2992       2.2351
    2993       2.3453
    2994       2.3127
    2995       2.1489
    2996       2.1601
    2997       2.2100
    2998       2.2286
    2999       2.1331
    3000       1.9908
    3001       1.8796
    3002       1.9030
    3003       1.7640
    3004       1.7571
    3005       1.8498
    3006       1.8352
    3007       1.8497
    3008       1.9228
    3009       1.8402
    3010       1.9674
    3011       1.9725
    3012       2.0944
    3013       2.1111
    3014       2.2066
    3015       2.1579
    3016       2.3517
    3017       2.2631
    3018       2.2487
    3019       2.2229
    3020       2.2359
    3021       2.1998
    3022       2.1632
    3023       2.1693
    3024       2.0600
    3025       1.9797
    3026       1.8928
    3027       2.1248
    3028       2.2242
    3029       2.0016
    3030       1.9850
    3031       1.8160
    3032       2.2578
    3033       2.2052
    3034       2.3265
    3035       2.5146
    3036       2.5955
    3037       2.7429
    3038       2.4686
    3039       2.3240
    3040       2.4561
    3041       2.3652
    3042       2.1608
    3043       2.2399
    3044       2.2552
    3045       2.3508
    3046       2.1741
    3047       2.2520
    3048       2.2249
    3049       2.2429
    3050       2.2768
    3051       2.2565
    3052       2.2854
    3053       2.4821
    3054       2.2998
    3055       2.2554
    3056       2.3299
    3057       2.3145
    3058       2.0655
    3059       1.9283
    3060       1.8987
    3061       1.7479
    3062       1.8317
    3063       1.9992
    3064       2.0513
    3065       1.9914
    3066       1.9183
    3067       2.1743
    3068       2.1729
    3069       2.4215
    3070       2.6176
    3071       2.4121
    3072       2.4757
    3073       2.4498
    3074       2.4432
    3075       2.4862
    3076       2.4724
    3077       2.3175
    3078       2.2756
    3079       2.5731
    3080       2.4448
    3081       2.2043
    3082       2.3418
    3083       2.2579
    3084       2.6139
    3085       2.5368
    3086       2.4415
    3087       2.2408
    3088       2.4738
    3089       2.4200
    3090       2.3790
    3091       2.4904
    3092       2.5055
    3093       2.5155
    3094       2.3277
    3095       2.0829
    3096       2.2900
    3097       2.2226
    3098       2.1392
    3099       2.0590
    3100       2.1866
    3101       2.0959
    3102       2.3855
    3103       2.0838
    3104       2.4050
    3105       2.3990
    3106       2.1591
    3107       2.2885
    3108       2.1312
    3109       2.3803
    3110       2.5100
    3111       2.5053
    3112       2.4732
    3113       2.6554
    3114       2.4070
    3115       2.5314
    3116       2.6896
    3117       2.5332
    3118       2.4065
    3119       2.6541
    3120       2.6944
    3121       2.7168
    3122       2.4956
    3123       2.3978
    3124       2.2986
    3125       2.5098
    3126       2.4032
    3127       2.4098
    3128       2.2394
    3129       2.3511
    3130       2.3019
    3131       2.1777
    3132       2.2362
    3133       2.3617
    3134       2.2622
    3135       2.3180
    3136       2.1152
    3137       2.3251
    3138       2.3383
    3139       2.3881
    3140       2.4163
    3141       2.4723
    3142       2.3762
    3143       2.3866
    3144       2.2671
    3145       2.4473
    3146       2.2098
    3147       2.3987
    3148       2.2214
    3149       2.3256
    3150       2.5655
    3151       2.2959
    3152       2.2991
    3153       2.4065
    3154       2.1626
    3155       2.2539
    3156       2.5283
    3157       2.6158
    3158       2.5688
    3159       2.5309
    3160       2.8250
    3161       2.8200
    3162       2.8130
    3163       2.6673
    3164       2.7218
    3165       2.4256
    3166       2.2896
    3167       2.2769
    3168       2.4244
    3169       2.4626
    3170       2.5785
    3171       2.4786
    3172       2.4741
    3173       2.4145
    3174       2.3104
    3175       2.5836
    3176       2.5531
    3177       2.4415
    3178       2.3906
    3179       2.3956
    3180       2.2025
    3181       2.2796
    3182       2.6590
    3183       2.4970
    3184       2.5382
    3185       2.6656
    3186       2.4741
    3187       2.3007
    3188       2.3706
    3189       2.2308
    3190       2.4335
    3191       2.3965
    3192       2.1081
    3193       2.1666
    3194       2.1801
    3195       2.0660
    3196       2.1679
    3197       2.1970
    3198       2.0328
    3199       2.1002
    3200       2.1626
    3201       2.2974
    3202       2.0943
    3203       2.2296
    3204       2.1091
    3205       2.0521
    3206       1.9808
    3207       1.9497
    3208       1.9392
    3209       2.0809
    3210       2.0527
    3211       2.1717
    3212       2.0232
    3213       2.1956
    3214       2.1430
    3215       2.1056
    3216       2.1651
    3217       2.3734
    3218       2.6387
    3219       2.6687
    3220       2.7663
    3221       2.7936
    3222       2.6725
    3223       2.7396
    3224       2.6113
    3225       2.3168
    3226       2.6147
    3227       2.8762
    3228       2.7279
    3229       2.7846
    3230       2.9201
    3231       2.6606
    3232       2.6928
    3233       2.6786
    3234       2.3229
    3235       2.2413
    3236       2.3681
    3237       2.4239
    3238       2.3198
    3239       2.2583
    3240       2.5666
    3241       2.6412
    3242       2.4093
    3243       2.3918
    3244       2.5216
    3245       2.4196
    3246       2.5018
    3247       2.6265
    3248       2.5188
    3249       2.4669
    3250       2.2519
    3251       2.2527
    3252       2.2511
    3253       2.3263
    3254       2.3621
    3255       2.2336
    3256       2.0346
    3257       2.0853
    3258       2.1739
    3259       2.4319
    3260       2.5627
    3261       2.5643
    3262       2.5378
    3263       2.5719
    3264       2.5556
    3265       2.6792
    3266       2.6233
    3267       2.7976
    3268       2.7506
    3269       2.6722
    3270       2.5015
    3271       2.3861
    3272       2.5791
    3273       2.4848
    3274       2.6538
    3275       2.4366
    3276       2.3610
    3277       2.4766
    3278       2.5528
    3279       2.2123
    3280       1.9464
    3281       2.2464
    3282       2.2966
    3283       2.3043
    3284       2.3388
    3285       2.3918
    3286       2.6012
    3287       2.5200
    3288       2.5878
    3289       2.6035
    3290       2.4779
    3291       2.4958
    3292       2.1090
    3293       2.2165
    3294       2.3562
    3295       2.2768
    3296       2.4040
    3297       2.2248
    3298       2.4279
    3299       2.4772
    3300       2.4786
    3301       2.4829
    3302       2.4022
    3303       2.2817
    3304       2.1714
    3305       2.1866
    3306       2.2630
    3307       2.1537
    3308       2.3943
    3309       2.2468
    3310       2.5250
    3311       2.4523
    3312       2.3847
    3313       2.3365
    3314       2.1934
    3315       2.3673
    3316       2.2690
    3317       2.0880
    3318       1.9968
    3319       2.0755
    3320       2.2029
    3321       2.1058
    3322       2.0037
    3323       1.8811
    3324       1.8125
    3325       2.0373
    3326       2.0617
    3327       1.9237
    3328       2.2834
    3329       2.4608
    3330       2.3596
    3331       2.3086
    3332       2.4833
    3333       2.2769
    3334       2.2487
    3335       2.3548
    3336       2.2700
    3337       2.3924
    3338       2.4381
    3339       2.2802
    3340       2.5183
    3341       2.3817
    3342       2.2536
    3343       2.2432
    3344       2.0709
    3345       2.1470
    3346       1.7893
    3347       1.9045
    3348       2.0009
    3349       1.8955
    3350       1.9176
    3351       2.0308
    3352       2.1296
    3353       1.8922
    3354       2.0084
    3355       2.0560
    3356       2.1353
    3357       2.1412
    3358       2.0454
    3359       2.1618
    3360       2.1824
    3361       2.0747
    3362       2.1135
    3363       2.1800
    3364       2.0229
    3365       2.0065
    3366       2.2309
    3367       2.2490
    3368       2.3093
    3369       2.0860
    3370       2.1049
    3371       2.1293
    3372       2.1295
    3373       1.9895
    3374       2.1665
    3375       2.3043
    3376       2.5075
    3377       2.3959
    3378       2.3231
    3379       2.4603
    3380       2.5940
    3381       2.5636
    3382       2.5280
    3383       2.5402
    3384       2.4474
    3385       2.4025
    3386       2.5970
    3387       2.5660
    3388       2.8541
    3389       2.8694
    3390       2.6708
    3391       2.6554
    3392       2.6937
    3393       2.6763
    3394       2.5319
    3395       2.4752
    3396       2.5014
    3397       2.2920
    3398       2.3342
    3399       2.2738
    3400       2.2569
    3401       2.3446
    3402       2.2825
    3403       2.2868
    3404       2.3664
    3405       2.2756
    3406       2.4306
    3407       2.6154
    3408       2.5109
    3409       2.5486
    3410       2.4376
    3411       2.2782
    3412       2.2328
    3413       2.2351
    3414       2.3592
    3415       2.3988
    3416       2.2895
    3417       2.3406
    3418       2.3187
    3419       2.4300
    3420       2.2968
    3421       2.3754
    3422       2.2935
    3423       2.3183
    3424       2.5784
    3425       2.5319
    3426       2.5317
    3427       2.4832
    3428       2.3180
    3429       2.1915
    3430       2.3096
    3431       2.3719
    3432       2.2357
    3433       2.2534
    3434       2.1175
    3435       2.1074
    3436       2.1759
    3437       2.2142
    3438       2.2883
    3439       2.3268
    3440       2.3027
    3441       2.2412
    3442       2.3150
    3443       2.3930
    3444       2.3467
    3445       2.3423
    3446       2.6216
    3447       2.6107
    3448       2.5874
    3449       2.5897
    3450       2.4795
    3451       2.6327
    3452       2.7646
    3453       2.7650
    3454       2.4039
    3455       2.2472
    3456       2.2766
    3457       2.1346
    3458       1.8993
    3459       2.0644
    3460       1.9506
    3461       1.9355
    3462       2.0896
    3463       1.9839
    3464       2.2921
    3465       2.2682
    3466       2.3460
    3467       2.3077
    3468       2.3052
    3469       2.3170
    3470       2.1901
    3471       2.2446
    3472       2.4934
    3473       2.4327
    3474       2.3953
    3475       2.3826
    3476       2.5548
    3477       2.5327
    3478       2.4767
    3479       2.4988
    3480       2.6998
    3481       2.6487
    3482       2.5566
    3483       2.4582
    3484       2.5333
    3485       2.6448
    3486       2.3492
    3487       2.4048
    3488       2.4225
    3489       2.5296
    3490       2.4211
    3491       2.7007
    3492       2.5766
    3493       2.6203
    3494       2.5699
    3495       2.5296
    3496       2.5023
    3497       2.5673
    3498       2.5082
    3499       2.3551
    3500       2.7029
    3501       2.4072
    3502       2.2554
    3503       2.2184
    3504       2.3821
    3505       2.3945
    3506       2.6930
    3507       2.6468
    3508       2.5824
    3509       2.3325
    3510       2.1884
    3511       2.0934
    3512       2.1758
    3513       2.2723
    3514       2.1931
    3515       2.2285
    3516       2.1668
    3517       2.4244
    3518       2.1379
    3519       2.1987
    3520       2.1528
    3521       2.3392
    3522       2.5734
    3523       2.3398
    3524       2.2630
    3525       2.4063
    3526       2.2972
    3527       2.3490
    3528       2.4309
    3529       2.3432
    3530       2.3160
    3531       2.3777
    3532       2.5633
    3533       2.3497
    3534       2.4927
    3535       2.4521
    3536       2.2492
    3537       2.2655
    3538       2.2050
    3539       2.3086
    3540       2.1663
    3541       2.0708
    3542       2.1049
    3543       2.2303
    3544       2.2006
    3545       2.0912
    3546       1.9407
    3547       2.1530
    3548       1.9684
    3549       1.9730
    3550       1.9821
    3551       2.0978
    3552       2.1489
    3553       2.1633
    3554       2.3695
    3555       2.3546
    3556       2.3231
    3557       2.4687
    3558       2.5041
    3559       2.3386
    3560       2.1264
    3561       2.3293
    3562       2.4199
    3563       2.2706
    3564       2.2409
    3565       2.1037
    3566       2.0288
    3567       2.0414
    3568       1.8885
    3569       1.9310
    3570       2.1236
    3571       2.2414
    3572       2.0260
    3573       1.9300
    3574       2.0062
    3575       2.2194
    3576       2.1510
    3577       2.1255
    3578       2.0331
    3579       2.0559
    3580       1.9792
    3581       2.2103
    3582       2.1039
    3583       2.0995
    3584       2.2894
    3585       2.5948
    3586       2.3213
    3587       2.1575
    3588       2.3017
    3589       2.4252
    3590       2.3260
    3591       2.2202
    3592       2.1304
    3593       2.1045
    3594       1.9963
    3595       2.0280
    3596       2.2766
    3597       2.2329
    3598       2.1514
    3599       2.2152
    3600       2.0713
    3601       2.3777
    3602       2.1315
    3603       1.9792
    3604       2.0456
    3605       2.1410
    3606       2.1344
    3607       2.1643
    3608       2.2258
    3609       2.5062
    3610       2.4374
    3611       2.3524
    3612       2.4531
    3613       2.2705
    3614       1.9613
    3615       2.0462
    3616       2.2819
    3617       2.2826
    3618       2.0706
    3619       2.0396
    3620       1.9887
    3621       1.9606
    3622       2.0321
    3623       2.1313
    3624       2.1352
    3625       2.0557
    3626       2.1120
    3627       2.2010
    3628       2.0971
    3629       2.0646
    3630       2.1731
    3631       2.2429
    3632       2.1856
    3633       2.1637
    3634       2.0943
    3635       2.1441
    3636       2.0541
    3637       2.1775
    3638       2.2649
    3639       2.3504
    3640       2.4911
    3641       2.6719
    3642       2.4295
    3643       2.5661
    3644       2.5429
    3645       2.5921
    3646       2.4843
    3647       2.5448
    3648       2.4810
    3649       2.6382
    3650       2.4018
    3651       2.5373
    3652       2.7346
    3653       2.4388
    3654       2.5333
    3655       2.4192
    3656       2.4143
    3657       2.5567
    3658       2.7296
    3659       2.6080
    3660       2.6968
    3661       2.6753
    3662       2.7463
    3663       2.3794
    3664       2.2016
    3665       2.3046
    3666       2.3125
    3667       2.2243
    3668       2.5501
    3669       2.3723
    3670       2.3547
    3671       2.4056
    3672       2.1827
    3673       1.9841
    3674       2.0465
    3675       2.3058
    3676       2.1367
    3677       2.0062
    3678       2.1646
    3679       2.0309
    3680       2.0621
    3681       2.0237
    3682       2.1441
    3683       2.3290
    3684       2.2059
    3685       2.2496
    3686       2.2383
    3687       2.3924
    3688       2.2223
    3689       2.2406
    3690       2.3948
    3691       2.3722
    3692       2.4505
    3693       2.3475
    3694       2.4887
    3695       2.4904
    3696       2.2740
    3697       2.4163
    3698       2.4891
    3699       2.4576
    3700       2.2600
    3701       2.1235
    3702       2.2443
    3703       2.1352
    3704       2.0981
    3705       2.1703
    3706       2.2604
    3707       2.1397
    3708       2.1576
    3709       2.1880
    3710       2.3762
    3711       2.3353
    3712       2.0874
    3713       1.9204
    3714       2.1261
    3715       1.9979
    3716       1.9599
    3717       1.9355
    3718       1.9300
    3719       1.9026
    3720       2.0118
    3721       1.9167
    3722       2.0894
    3723       2.1800
    3724       2.0234
    3725       1.9868
    3726       1.9157
    3727       1.8459
    3728       2.0815
    3729       2.0986
    3730       2.1338
    3731       2.1706
    3732       1.9966
    3733       2.2488
    3734       1.9908
    3735       2.0015
    3736       1.9879
    3737       1.9643
    3738       1.9545
    3739       2.0440
    3740       2.0895
    3741       1.9787
    3742       2.0544
    3743       2.0084
    3744       2.0481
    3745       2.0375
    3746       2.0034
    3747       2.2408
    3748       2.1802
    3749       2.2323
    3750       2.1972
    3751       2.2262
    3752       2.2038
    3753       2.0001
    3754       2.0047
    3755       2.0197
    3756       1.9862
    3757       1.9144
    3758       1.9817
    3759       2.1041
    3760       2.4240
    3761       2.4564
    3762       2.1236
    3763       2.0592
    3764       2.0543
    3765       1.7838
    3766       1.9237
    3767       2.0800
    3768       2.1366
    3769       2.0449
    3770       1.9727
    3771       2.1961
    3772       2.1368
    3773       2.1327
    3774       2.3438
    3775       2.3470
    3776       2.4066
    3777       2.2915
    3778       2.2017
    3779       2.0728
    3780       2.1890
    3781       2.0500
    3782       2.1136
    3783       2.2410
    3784       2.1621
    3785       2.2833
    3786       2.4803
    3787       2.5345
    3788       2.4204
    3789       2.3203
    3790       2.4909
    3791       2.5227
    3792       2.4857
    3793       2.2965
    3794       2.1660
    3795       2.1905
    3796       2.5674
    3797       2.5981
    3798       2.6243
    3799       2.6661
    3800       2.6261
    3801       2.8621
    3802       2.8701
    3803       2.6843
    3804       2.5446
    3805       2.5781
    3806       2.5817
    3807       2.6861
    3808       2.8000
    3809       2.8839
    3810       2.8165
    3811       2.7329
    3812       3.0210
    3813       2.7890
    3814       2.6139
    3815       2.4491
    3816       2.2901
    3817       2.2708
    3818       2.2415
    3819       2.1323
    3820       2.2437
    3821       2.3432
    3822       2.1675
    3823       2.2231
    3824       2.2347
    3825       2.1541
    3826       2.2309
    3827       2.1829
    3828       2.3135
    3829       2.2751
    3830       1.9689
    3831       2.0479
    3832       2.1086
    3833       2.0712
    3834       2.0808
    3835       1.9592
    3836       2.0459
    3837       1.9339
    3838       1.8519
    3839       2.0108
    3840       1.8586
    3841       2.0425
    3842       2.1665
    3843       2.3735
    3844       2.3991
    3845       2.4904
    3846       2.3441
    3847       2.5208
    3848       2.4299
    3849       2.3117
    3850       2.4407
    3851       2.6365
    3852       2.4969
    3853       2.5882
    3854       2.6499
    3855       2.8437
    3856       2.5569
    3857       2.5376
    3858       2.6662
    3859       2.5413
    3860       2.4526
    3861       2.3683
    3862       2.2321
    3863       2.2308
    3864       2.2083
    3865       2.5033
    3866       2.6770
    3867       2.7641
    3868       2.6714
    3869       2.8167
    3870       2.6664
    3871       2.6090
    3872       2.5992
    3873       2.8206
    3874       2.7297
    3875       2.7699
    3876       2.5567
    3877       2.5665
    3878       2.7405
    3879       2.7527
    3880       2.6810
    3881       2.4637
    3882       2.7779
    3883       2.4940
    3884       2.2567
    3885       2.3048
    3886       2.4251
    3887       2.5393
    3888       2.6381
    3889       2.2809
    3890       2.2628
    3891       2.3081
    3892       2.3682
    3893       2.2733
    3894       2.4845
    3895       2.3991
    3896       2.3905
    3897       2.4073
    3898       2.5077
    3899       2.7028
    3900       2.4977
    3901       2.4743
    3902       2.2417
    3903       2.3407
    3904       2.2591
    3905       2.2682
    3906       2.1222
    3907       2.1568
    3908       1.9508
    3909       2.0541
    3910       2.0130
    3911       2.1856
    3912       2.0802
    3913       2.2449
    3914       2.1370
    3915       2.2348
    3916       2.3630
    3917       2.3577
    3918       2.4682
    3919       2.2877
    3920       2.0676
    3921       2.0060
    3922       2.2454
    3923       1.9771
    3924       2.2808
    3925       2.2850
    3926       2.3605
    3927       2.4226
    3928       2.2867
    3929       2.3229
    3930       2.0794
    3931       2.1177
    3932       1.9969
    3933       2.0145
    3934       2.2738
    3935       2.4191
    3936       2.4653
    3937       2.4760
    3938       2.3095
    3939       2.2933
    3940       2.2850
    3941       2.0773
    3942       2.2982
    3943       2.4267
    3944       2.1892
    3945       2.2105
    3946       2.3032
    3947       2.1897
    3948       2.3351
    3949       2.7159
    3950       2.5711
    3951       2.6067
    3952       2.5332
    3953       2.4671
    3954       2.4506
    3955       2.3858
    3956       2.4787
    3957       2.5016
    3958       2.4138
    3959       2.4758
    3960       2.5883
    3961       2.3965
    3962       2.5248
    3963       2.5223
    3964       2.4538
    3965       2.5282
    3966       2.5432
    3967       2.5598
    3968       2.4757
    3969       2.6147
    3970       2.4713
    3971       2.4042
    3972       2.1776
    3973       2.1139
    3974       2.0115
    3975       2.2196
    3976       2.3640
    3977       2.3752
    3978       2.4937
    3979       2.4646
    3980       2.4788
    3981       2.4663
    3982       2.4133
    3983       2.4603
    3984       2.3267
    3985       2.2052
    3986       2.2824
    3987       2.4076
    3988       2.0864
    3989       2.1323
    3990       2.0598
    3991       2.0010
    3992       2.1628
    3993       2.2129
    3994       2.3134
    3995       2.1427
    3996       1.9559
    3997       2.0255
    3998       1.9268
    3999       2.0139
    4000       2.2104
    4001       2.4978
    4002       2.5829
    4003       2.5233
    4004       2.5802
    4005       2.3921
    4006       2.4836
    4007       2.5471
    4008       2.3079
    4009       2.5980
    4010       2.2954
    4011       2.3735
    4012       2.3422
    4013       2.5063
    4014       2.4530
    4015       2.3092
    4016       2.3282
    4017       2.4031
    4018       2.3854
    4019       2.4734
    4020       2.2908
    4021       2.4556
    4022       2.4334
    4023       2.2763
    4024       2.2921
    4025       2.2322
    4026       2.2588
    4027       2.3776
    4028       2.2816
    4029       2.5593
    4030       2.4398
    4031       2.3822
    4032       2.1810
    4033       1.9779
    4034       2.0230
    4035       2.1859
    4036       2.5355
    4037       2.4106
    4038       2.3963
    4039       2.4242
    4040       2.3032
    4041       2.4279
    4042       2.3779
    4043       2.3756
    4044       2.2622
    4045       2.2946
    4046       2.5802
    4047       2.5004
    4048       2.3727
    4049       2.4724
    4050       2.2335
    4051       2.0171
    4052       2.1897
    4053       2.3955
    4054       2.4095
    4055       2.2530
    4056       2.4500
    4057       2.5273
    4058       2.6327
    4059       2.4866
    4060       2.6674
    4061       2.4078
    4062       2.3128
    4063       2.5013
    4064       2.2903
    4065       2.2369
    4066       2.1958
    4067       1.9137
    4068       1.9407
    4069       1.6977
    4070       1.9907
    4071       1.9279
    4072       1.9080
    4073       1.8607
    4074       1.9848
    4075       2.0223
    4076       2.0503
    4077       2.1158
    4078       2.1701
    4079       2.1681
    4080       2.2758
    4081       2.1176
    4082       2.3136
    4083       2.3436
    4084       2.3708
    4085       2.1458
    4086       2.2751
    4087       2.0530
    4088       2.2244
    4089       2.2224
    4090       2.1363
    4091       2.6670
    4092       2.5310
    4093       2.6555
    4094       2.5313
    4095       2.5494
    4096       2.6805
    4097       2.4609
    4098       2.6044
    4099       2.5244
    4100       2.6097
    4101       2.6309
    4102       2.4233
    4103       2.1833
    4104       2.3720
    4105       2.3763
    4106       2.2660
    4107       2.2186
    4108       2.2332
    4109       2.1144
    4110       2.2479
    4111       2.3046
    4112       2.1430
    4113       2.3440
    4114       2.6079
    4115       2.7421
    4116       2.5606
    4117       2.5541
    4118       2.4080
    4119       2.4224
    4120       2.3859
    4121       2.4718
    4122       2.3825
    4123       2.3982
    4124       2.3231
    4125       2.4270
    4126       2.4703
    4127       2.2925
    4128       2.3893
    4129       2.4934
    4130       2.2566
    4131       2.5006
    4132       2.2225
    4133       2.3883
    4134       2.3981
    4135       2.2271
    4136       2.2451
    4137       2.4151
    4138       2.3411
    4139       2.4711
    4140       2.5013
    4141       2.3460
    4142       2.3364
    4143       2.3542
    4144       2.4425
    4145       2.2965
    4146       2.3583
    4147       2.4200
    4148       2.3282
    4149       2.4598
    4150       2.4838
    4151       2.5583
    4152       2.5522
    4153       2.7078
    4154       2.7955
    4155       2.9319
    4156       2.8716
    4157       2.7532
    4158       2.7402
    4159       2.6344
    4160       2.7711
    4161       2.8282
    4162       2.8080
    4163       2.5384
    4164       2.5550
    4165       2.4343
    4166       2.3946
    4167       2.4578
    4168       2.3438
    4169       2.2781
    4170       2.2835
    4171       2.2622
    4172       2.3360
    4173       2.3241
    4174       2.4724
    4175       2.5617
    4176       2.8696
    4177       2.8823
    4178       2.9898
    4179       2.8805
    4180       2.7418
    4181       2.5633
    4182       2.4979
    4183       2.5233
    4184       2.6685
    4185       2.4270
    4186       2.5246
    4187       2.8435
    4188       2.7054
    4189       2.7441
    4190       2.6263
    4191       2.3105
    4192       2.7633
    4193       2.7022
    4194       2.3526
    4195       2.7169
    4196       2.6262
    4197       2.6119
    4198       2.4912
    4199       2.3398
    4200       2.3333
    4201       2.5015
    4202       2.3139
    4203       2.2495
    4204       2.3197
    4205       2.4090
    4206       2.7886
    4207       2.7849
    4208       2.9097
    4209       2.4900
    4210       2.2846
    4211       2.0600
    4212       1.8761
    4213       2.0101
    4214       2.1729
    4215       2.0225
    4216       2.2839
    4217       2.3061
    4218       2.5326
    4219       2.4570
    4220       2.5143
    4221       2.4980
    4222       2.7105
    4223       2.5986
    4224       2.6192
    4225       2.4563
    4226       2.2542
    4227       2.1691
    4228       2.5385
    4229       2.6343
    4230       2.4863
    4231       2.2649
    4232       2.5531
    4233       2.3742
    4234       2.3681
    4235       2.2427
    4236       2.2719
    4237       2.1654
    4238       2.1678
    4239       2.3201
    4240       2.1251
    4241       2.1353
    4242       2.1274
    4243       2.2388
    4244       2.2086
    4245       2.2341
    4246       2.3476
    4247       2.3051
    4248       2.5297
    4249       2.5740
    4250       2.4454
    4251       2.5693
    4252       2.7080
    4253       2.8346
    4254       2.8819
    4255       2.8145
    4256       2.2994
    4257       2.0354
    4258       1.8552
    4259       1.8972
    4260       1.8687
    4261       1.9116
    4262       2.0130
    4263       2.0381
    4264       2.0211
    4265       2.0935
    4266       2.1662
    4267       2.2377
    4268       2.4371
    4269       2.2694
    4270       2.2836
    4271       2.1219
    4272       1.9694
    4273       2.2863
    4274       2.2672
    4275       2.3294
    4276       2.2253
    4277       2.1189
    4278       2.4125
    4279       2.5259
    4280       2.2641
    4281       2.1765
    4282       2.0981
    4283       2.1777
    4284       2.4266
    4285       2.2886
    4286       2.0713
    4287       2.3732
    4288       2.3802
    4289       2.1477
    4290       2.4044
    4291       2.2613
    4292       2.1201
    4293       2.1835
    4294       2.2010
    4295       2.3706
    4296       2.4739
    4297       2.3599
    4298       2.3693
    4299       2.1090
    4300       2.1893
    4301       2.3458
    4302       2.5057
    4303       2.5695
    4304       2.5667
    4305       2.4198
    4306       2.4752
    4307       2.5262
    4308       2.7244
    4309       2.4304
    4310       2.4070
    4311       2.6669
    4312       2.5904
    4313       2.4832
    4314       2.6993
    4315       2.4884
    4316       2.4546
    4317       2.4471
    4318       2.7814
    4319       2.5838
    4320       2.6164
    4321       2.8054
    4322       2.6921
    4323       2.4711
    4324       2.6213
    4325       2.4840
    4326       2.6109
    4327       2.4710
    4328       2.5351
    4329       2.6015
    4330       2.7186
    4331       3.0160
    4332       2.8394
    4333       2.8498
    4334       2.6181
    4335       2.5161
    4336       2.5190
    4337       2.7054
    4338       2.6996
    4339       2.7670
    4340       2.6241
    4341       2.7516
    4342       2.7462
    4343       2.8734
    4344       3.0036
    4345       3.1399
    4346       2.9083
    4347       2.8074
    4348       2.6715
    4349       2.6969
    4350       2.7667
    4351       2.8476
    4352       3.0690
    4353       3.0236
    4354       3.0825
    4355       3.1328
    4356       3.0080
    4357       2.7899
    4358       3.0993
    4359       2.9260
    4360       2.7565
    4361       2.7136
    4362       2.6026
    4363       2.5206
    4364       2.4878
    4365       2.3744
    4366       2.5716
    4367       2.5355
    4368       2.6612
    4369       2.5068
    4370       2.4576
    4371       2.3745
    4372       2.4374
    4373       2.5242
    4374       2.4074
    4375       2.2815
    4376       2.1780
    4377       2.1999
    4378       2.2930
    4379       2.3474
    4380       2.2952
    4381       2.3522
    4382       2.3357
    4383       2.2441
    4384       2.1506
    4385       2.2461
    4386       2.2119
    4387       2.2036
    4388       2.2747
    4389       2.2023
    4390       2.1896
    4391       2.2887
    4392       2.0172
    4393       1.9362
    4394       1.9524
    4395       1.9325
    4396       2.0008
    4397       2.0590
    4398       2.1746
    4399       2.1495
    4400       2.1911
    4401       2.0442
    4402       1.9968
    4403       1.9392
    4404       1.8583
    4405       1.7296
    4406       1.7526
    4407       1.7338
    4408       1.7124
    4409       1.7106
    4410       1.7399
    4411       1.9750
    4412       1.9258
    4413       1.9344
    4414       1.8864
    4415       1.8593
    4416       1.7250
    4417       1.8348
    4418       1.8936
    4419       1.9961
    4420       2.0177
    4421       2.1006
    4422       2.2746
    4423       2.3282
    4424       2.1405
    4425       2.1212
    4426       2.3922
    4427       2.3898
    4428       2.1103
    4429       2.1682
    4430       2.2313
    4431       2.1708
    4432       2.1019
    4433       1.8766
    4434       1.8286
    4435       1.9391
    4436       2.0042
    4437       1.9958
    4438       1.8894
    4439       2.0718
    4440       1.9919
    4441       2.0145
    4442       1.9952
    4443       1.9959
    4444       1.9835
    4445       1.9382
    4446       1.8668
    4447       2.1130
    4448       2.1039
    4449       2.0546
    4450       1.8980
    4451       1.9364
    4452       1.9919
    4453       2.0162
    4454       2.0338
    4455       2.2252
    4456       2.3350
    4457       2.2329
    4458       2.2028
    4459       2.2909
    4460       2.1685
    4461       2.2882
    4462       2.4629
    4463       2.3921
    4464       2.4428
    4465       2.2137
    4466       2.1245
    4467       2.0518
    4468       2.1001
    4469       2.3173
    4470       2.6825
    4471       2.3247
    4472       2.4747
    4473       2.5928
    4474       2.5707
    4475       2.2096
    4476       2.0886
    4477       2.2798
    4478       2.1985
    4479       2.2027
    4480       2.0036
    4481       2.3029
    4482       1.9918
    4483       2.0302
    4484       2.2332
    4485       2.2649
    4486       2.2744
    4487       2.2274
    4488       2.0131
    4489       2.3236
    4490       2.2240
    4491       2.2048
    4492       2.1310
    4493       2.0731
    4494       2.0127
    4495       1.7657
    4496       1.8495
    4497       1.8268
    4498       1.9643
    4499       1.9402
    4500       2.0549
    4501       1.9456
    4502       2.0837
    4503       2.2026
    4504       2.3560
    4505       2.4362
    4506       2.4041
    4507       2.3127
    4508       2.1065
    4509       2.1321
    4510       1.8911
    4511       2.0347
    4512       2.1203
    4513       2.1112
    4514       2.3462
    4515       2.3895
    4516       2.3824
    4517       2.3671
    4518       2.4729
    4519       2.5297
    4520       2.6808
    4521       2.7772
    4522       2.7198
    4523       2.9888
    4524       2.7734
    4525       2.6849
    4526       2.6999
    4527       2.6041
    4528       2.4649
    4529       2.3718
    4530       2.2041
    4531       2.3015
    4532       2.2990
    4533       2.1715
    4534       2.2005
    4535       2.1675
    4536       2.3085
    4537       2.1455
    4538       2.1667
    4539       2.0200
    4540       2.0998
    4541       2.1021
    4542       2.2891
    4543       2.1883
    4544       2.2242
    4545       2.1650
    4546       2.1681
    4547       2.0626
    4548       2.1981
    4549       2.0601
    4550       1.9249
    4551       1.9224
    4552       2.0657
    4553       2.0232
    4554       2.1340
    4555       2.0209
    4556       2.1724
    4557       2.2242
    4558       2.3118
    4559       2.2073
    4560       2.3018
    4561       2.1104
    4562       1.8884
    4563       1.8837
    4564       1.9353
    4565       1.9372
    4566       1.8626
    4567       1.9963
    4568       2.1953
    4569       2.1155
    4570       2.0957
    4571       2.0743
    4572       2.0170
    4573       1.9903
    4574       2.1626
    4575       2.0537
    4576       2.0212
    4577       2.0590
    4578       2.1333
    4579       2.1455
    4580       2.1176
    4581       2.0602
    4582       1.9507
    4583       1.9475
    4584       1.9837
    4585       1.9193
    4586       1.9965
    4587       2.0279
    4588       2.0754
    4589       2.1036
    4590       2.0071
    4591       1.9167
    4592       2.0747
    4593       2.0536
    4594       2.1386
    4595       2.2813
    4596       2.0869
    4597       2.0067
    4598       2.0150
    4599       1.8423
    4600       2.1085
    4601       2.2882
    4602       2.1093
    4603       2.1051
    4604       2.2174
    4605       2.1121
    4606       2.0411
    4607       2.3667
    4608       2.1999
    4609       2.3938
    4610       2.2206
    4611       2.0791
    4612       2.2067
    4613       2.3063
    4614       2.2913
    4615       2.3717
    4616       2.6243
    4617       2.6286
    4618       2.6966
    4619       2.9380
    4620       2.6278
    4621       2.3592
    4622       2.6973
    4623       2.6805
    4624       2.8360
    4625       2.4702
    4626       2.3506
    4627       2.2454
    4628       2.1258
    4629       2.1881
    4630       2.1937
    4631       2.1707
    4632       2.3356
    4633       2.3462
    4634       2.4024
    4635       2.2885
    4636       2.2604
    4637       2.2582
    4638       2.1267
    4639       2.1726
    4640       2.0968
    4641       2.2015
    4642       1.9284
    4643       1.9426
    4644       2.2149
    4645       2.3561
    4646       2.6221
    4647       2.4401
    4648       2.5201
    4649       2.4849
    4650       2.2022
    4651       2.1333
    4652       2.3123
    4653       2.1770
    4654       2.1786
    4655       2.0659
    4656       2.0941
    4657       2.4685
    4658       2.3327
    4659       2.3811
    4660       2.3531
    4661       2.6794
    4662       2.6070
    4663       2.6696
    4664       2.5025
    4665       2.3169
    4666       2.3770
    4667       2.3379
    4668       2.2900
    4669       2.3624
    4670       2.3693
    4671       2.4797
    4672       2.4880
    4673       2.4155
    4674       2.5589
    4675       2.6310
    4676       2.6151
    4677       2.5487
    4678       2.4782
    4679       2.3684
    4680       2.2877
    4681       2.3336
    4682       2.5377
    4683       2.4318
    4684       2.4934
    4685       2.2594
    4686       2.2304
    4687       2.0371
    4688       2.0462
    4689       1.9523
    4690       1.9952
    4691       2.0082
    4692       1.8822
    4693       1.9730
    4694       2.1538
    4695       2.2818
    4696       2.3911
    4697       2.0725
    4698       2.0790
    4699       2.0385
    4700       2.2528
    4701       2.1368
    4702       2.3339
    4703       2.1842
    4704       2.3861
    4705       2.2715
    4706       2.2605
    4707       2.2696
    4708       2.3324
    4709       2.2478
    4710       2.1409
    4711       2.2222
    4712       2.2664
    4713       1.9825
    4714       1.9962
    4715       1.8542
    4716       1.9904
    4717       1.8661
    4718       1.9136
    4719       1.8074
    4720       1.9504
    4721       1.7899
    4722       1.9750
    4723       2.0580
    4724       2.0499
    4725       2.1089
    4726       1.9438
    4727       1.8429
    4728       1.6765
    4729       1.6881
    4730       1.7788
    4731       1.8284
    4732       2.1459
    4733       2.2588
    4734       2.4270
    4735       2.2573
    4736       2.2105
    4737       2.1783
    4738       2.2533
    4739       2.4687
    4740       2.5249
    4741       2.4468
    4742       2.4554
    4743       2.4036
    4744       2.1742
    4745       2.4167
    4746       2.5269
    4747       2.5160
    4748       2.5993
    4749       2.4914
    4750       2.5097
    4751       2.7393
    4752       2.5241
    4753       2.3204
    4754       2.3218
    4755       2.5524
    4756       2.4007
    4757       2.2941
    4758       2.3258
    4759       2.2604
    4760       2.2614
    4761       2.3774
    4762       2.3991
    4763       2.4727
    4764       2.4810
    4765       2.3269
    4766       2.4449
    4767       2.3540
    4768       2.1404
    4769       2.1990
    4770       2.1677
    4771       2.1878
    4772       2.1982
    4773       2.3125
    4774       2.2626
    4775       2.1984
    4776       2.2145
    4777       2.3206
    4778       2.1970
    4779       2.2512
    4780       2.2422
    4781       2.1816
    4782       2.0221
    4783       2.2889
    4784       2.2168
    4785       2.2002
    4786       2.3724
    4787       2.4761
    4788       2.5111
    4789       2.4543
    4790       2.5958
    4791       2.4690
    4792       2.5360
    4793       2.5689
    4794       2.5970
    4795       2.3937
    4796       2.3078
    4797       2.0468
    4798       2.0692
    4799       2.0671
    4800       1.9843
    4801       2.0773
    4802       2.0381
    4803       2.2284
    4804       2.1639
    4805       2.1855
    4806       2.2174
    4807       2.1158
    4808       2.1339
    4809       2.2156
    4810       2.0193
    4811       1.9243
    4812       2.0774
    4813       2.1052
    4814       2.1402
    4815       2.1575
    4816       2.3113
    4817       2.3457
    4818       2.2514
    4819       2.2102
    4820       2.1197
    4821       2.1717
    4822       2.3179
    4823       2.3285
    4824       2.0926
    4825       2.1084
    4826       2.1565
    4827       2.0119
    4828       1.9537
    4829       2.0636
    4830       2.2448
    4831       2.1846
    4832       2.3564
    4833       2.2973
    4834       2.2289
    4835       2.1806
    4836       2.2095
    4837       2.0838
    4838       1.9043
    4839       1.8049
    4840       1.9746
    4841       1.8490
    4842       2.0653
    4843       2.1517
    4844       2.1348
    4845       1.9847
    4846       1.9114
    4847       1.7720
    4848       1.9556
    4849       2.2446
    4850       2.1163
    4851       2.0122
    4852       1.8023
    4853       1.8983
    4854       1.8434
    4855       2.0490
    4856       1.9757
    4857       2.0998
    4858       2.2293
    4859       2.3894
    4860       2.2834
    4861       2.1028
    4862       2.0242
    4863       2.1794
    4864       2.2783
    4865       1.9817
    4866       1.7881
    4867       1.8924
    4868       1.8680
    4869       1.8375
    4870       1.8021
    4871       1.7237
    4872       1.8464
    4873       1.7693
    4874       1.6453
    4875       1.6576
    4876       1.7916
    4877       1.9257
    4878       2.2471
    4879       2.0385
    4880       2.1301
    4881       2.0205
    4882       1.8956
    4883       1.8014
    4884       1.7007
    4885       1.7272
    4886       1.8831
    4887       1.9640
    4888       1.8241
    4889       1.7525
    4890       1.7964
    4891       1.8230
    4892       1.9341
    4893       1.9854
    4894       1.9651
    4895       2.0216
    4896       1.9766
    4897       2.0044
    4898       2.1213
    4899       1.8833
    4900       1.9783
    4901       2.0938
    4902       2.0540
    4903       1.8259
    4904       1.8063
    4905       2.0254
    4906       1.9805
    4907       1.8054
    4908       1.9633
    4909       1.8422
    4910       1.9185
    4911       1.9539
    4912       1.7704
    4913       1.9497
    4914       1.7384
    4915       1.8062
    4916       2.0064
    4917       1.8188
    4918       2.0111
    4919       2.0841
    4920       1.7875
    4921       1.8437
    4922       1.9429
    4923       1.8404
    4924       1.8404
    4925       2.0954
    4926       1.7666
    4927       1.7466
    4928       1.9289
    4929       2.0302
    4930       2.0957
    4931       1.9990
    4932       1.9974
    4933       2.0680
    4934       2.0284
    4935       2.1613
    4936       2.2304
    4937       2.1624
    4938       2.1200
    4939       2.1511
    4940       2.0184
    4941       1.9953
    4942       2.4299
    4943       2.4289
    4944       2.2389
    4945       2.3261
    4946       2.3073
    4947       2.5426
    4948       2.2726
    4949       2.3024
    4950       2.5162
    4951       2.2318
    4952       2.5086
    4953       2.6226
    4954       2.4971
    4955       2.4135
    4956       2.3728
    4957       2.3275
    4958       2.3618
    4959       2.4317
    4960       2.0950
    4961       2.0226
    4962       2.0184
    4963       2.1185
    4964       2.0731
    4965       2.3003
    4966       2.1516
    4967       2.0202
    4968       2.0917
    4969       2.1866
    4970       2.1612
    4971       2.1551
    4972       2.1815
    4973       2.1472
    4974       1.9265
    4975       2.0538
    4976       1.9918
    4977       1.9090
    4978       2.0863
    4979       1.9391
    4980       1.9992
    4981       1.9976
    4982       2.0485
    4983       1.9345
    4984       1.9633
    4985       2.0272
    4986       2.1837
    4987       2.3182
    4988       2.2187
    4989       1.9979
    4990       1.8654
    4991       1.8413
    4992       1.8913
    4993       2.1025
    4994       2.0617
    4995       2.0263
    4996       1.9890
    4997       1.9721
    4998       2.0774
    4999       2.1108
    5000       2.2131
    5001       2.1223
    5002       2.1401
    5003       1.9541
    5004       2.2127
    5005       2.3105
    5006       2.2188
    5007       2.1358
    5008       2.2424
    5009       2.3264
    5010       2.1704
    5011       2.0108
    5012       2.1076
    5013       1.9610
    5014       1.7261
    5015       1.9525
    5016       2.1156
    5017       1.9614
    5018       2.2554
    5019       2.1045
    5020       2.1759
    5021       2.0564
    5022       2.2121
    5023       2.0110
    5024       2.2115
    5025       2.2389
    5026       2.3069
    5027       2.3682
    5028       2.3893
    5029       2.3866
    5030       2.2724
    5031       2.2637
    5032       2.3617
    5033       2.1897
    5034       2.1926
    5035       2.2908
    5036       2.3385
    5037       2.2321
    5038       2.2182
    5039       2.1808
    5040       2.1301
    5041       2.3169
    5042       2.1215
    5043       2.0999
    5044       2.0541
    5045       2.0943
    5046       2.0184
    5047       2.3449
    5048       2.2077
    5049       2.0895
    5050       2.3034
    5051       2.2562
    5052       2.2227
    5053       2.1864
    5054       2.2705
    5055       2.3595
    5056       2.3384
    5057       2.1254
    5058       2.0947
    5059       2.3441
    5060       2.3355
    5061       2.3072
    5062       2.3820
    5063       2.0920
    5064       2.0959
    5065       1.9550
    5066       1.8821
    5067       1.8405
    5068       1.9594
    5069       1.8728
    5070       1.9448
    5071       1.9007
    5072       1.9381
    5073       2.1326
    5074       2.2851
    5075       2.1872
    5076       2.2550
    5077       2.3059
    5078       2.3891
    5079       2.0842
    5080       2.0728
    5081       2.0350
    5082       2.1288
    5083       2.2202
    5084       2.1176
    5085       2.2786
    5086       2.2326
    5087       2.0402
    5088       1.9424
    5089       2.0357
    5090       2.0429
    5091       2.1176
    5092       1.9904
    5093       2.2210
    5094       2.1442
    5095       2.3314
    5096       2.3783
    5097       2.2975
    5098       2.2834
    5099       2.3453
    5100       2.4907
    5101       2.2221
    5102       2.0495
    5103       1.6900
    5104       1.7159
    5105       1.9822
    5106       2.0698
    5107       2.0574
    5108       2.2932
    5109       2.2456
    5110       2.4267
    5111       2.5286
    5112       2.3666
    5113       2.2102
    5114       2.3605
    5115       2.5022
    5116       2.3379
    5117       2.2746
    5118       2.1761
    5119       2.1483
    5120       2.2027
    5121       2.1993
    5122       2.3365
    5123       2.1856
    5124       2.2886
    5125       2.2711
    5126       2.3281
    5127       2.3373
    5128       2.3846
    5129       2.4093
    5130       2.6285
    5131       2.5774
    5132       2.5420
    5133       2.3472
    5134       2.6052
    5135       2.7595
    5136       2.8192
    5137       2.8411
    5138       2.8101
    5139       2.6885
    5140       2.4819
    5141       2.6442
    5142       2.7103
    5143       2.6844
    5144       2.4714
    5145       2.5576
    5146       2.6408
    5147       2.5800
    5148       2.4951
    5149       2.4659
    5150       2.3878
    5151       2.6202
    5152       2.6500
    5153       2.8745
    5154       2.9409
    5155       2.8174
    5156       2.5622
    5157       2.7572
    5158       2.6772
    5159       2.6182
    5160       2.7404
    5161       2.6791
    5162       2.5745
    5163       2.7377
    5164       2.5950
    5165       2.6105
    5166       2.8993
    5167       2.7637
    5168       2.7434
    5169       2.7857
    5170       2.6504
    5171       2.4588
    5172       2.5933
    5173       2.8098
    5174       2.6991
    5175       2.6818
    5176       2.7297
    5177       2.4721
    5178       2.3339
    5179       2.4870
    5180       2.6994
    5181       2.6822
    5182       2.6477
    5183       2.7531
    5184       2.7969
    5185       2.8310
    5186       2.5986
    5187       2.5699
    5188       2.7666
    5189       2.6477
    5190       2.5041
    5191       2.4655
    5192       2.6722
    5193       2.6229
    5194       2.4851
    5195       2.5631
    5196       2.4450
    5197       2.6678
    5198       2.5602
    5199       2.5894
    5200       2.6052
    5201       2.3890
    5202       2.2562
    5203       2.4865
    5204       2.7701
    5205       2.8628
    5206       2.8121
    5207       2.7332
    5208       2.6227
    5209       2.5006
    5210       2.6097
    5211       2.5243
    5212       2.7822
    5213       2.6063
    5214       2.4348
    5215       2.4194
    5216       2.4210
    5217       2.4482
    5218       2.4621
    5219       2.5499
    5220       2.4974
    5221       2.7292
    5222       2.7015
    5223       2.5159
    5224       2.4692
    5225       2.6134
    5226       2.6350
    5227       2.8382
    5228       2.5672
    5229       2.5248
    5230       2.5064
    5231       2.4580
    5232       2.4392
    5233       2.5492
    5234       2.6614
    5235       2.7457
    5236       2.5023
    5237       2.7836
    5238       3.0105
    5239       3.1067
    5240       3.3251
    5241       3.0968
    5242       3.1052
    5243       2.9641
    5244       2.7902
    5245       2.7125
    5246       2.6721
    5247       3.0121
    5248       3.0717
    5249       3.0919
    5250       3.0462
    5251       2.9429
    5252       2.6422
    5253       2.7573
    5254       2.9308
    5255       2.6637
    5256       2.6824
    5257       2.8398
    5258       2.8801
    5259       2.6549
    5260       2.5940
    5261       2.6430
    5262       2.8619
    5263       2.9005
    5264       2.7134
    5265       2.6862
    5266       2.7420
    5267       2.6479
    5268       2.5575
    5269       2.4695
    5270       2.4855
    5271       2.7832
    5272       2.9535
    5273       3.1317
    5274       3.0685
    5275       3.0530
    5276       3.0877
    5277       2.8954
    5278       2.7630
    5279       2.8224
    5280       2.5832
    5281       2.3623
    5282       2.4912
    5283       2.6198
    5284       2.4902
    5285       2.5450
    5286       2.6244
    5287       2.6956
    5288       2.3751
    5289       2.3204
    5290       2.3952
    5291       2.5978
    5292       2.8125
    5293       2.5893
    5294       2.6045
    5295       2.6822
    5296       2.7797
    5297       2.6992
    5298       2.6727
    5299       2.5664
    5300       2.3548
    5301       2.2945
    5302       2.4925
    5303       2.4556
    5304       2.4777
    5305       2.5764
    5306       2.6908
    5307       2.6020
    5308       2.6663
    5309       2.5495
    5310       2.7131
    5311       2.4695
    5312       2.7759
    5313       2.8820
    5314       2.8515
    5315       2.9386
    5316       2.9312
    5317       2.9564
    5318       2.8594
    5319       2.7829
    5320       2.8088
    5321       2.6260
    5322       2.6621
    5323       2.5199
    5324       2.5927
    5325       2.4936
    5326       2.6445
    5327       2.6524
    5328       2.5607
    5329       2.5975
    5330       2.7930
    5331       2.8780
    5332       2.9898
    5333       2.8101
    5334       3.0797
    5335       2.9930
    5336       2.8508
    5337       2.8673
    5338       2.8044
    5339       2.7572
    5340       2.8305
    5341       2.5809
    5342       2.6205
    5343       2.8527
    5344       2.7600
    5345       2.9028
    5346       2.9270
    5347       2.8242
    5348       2.9458
    5349       2.8149
    5350       2.8822
    5351       2.8349
    5352       3.0916
    5353       3.2985
    5354       3.1050
    5355       3.1312
    5356       2.9233
    5357       2.9199
    5358       2.9806
    5359       2.9229
    5360       2.9876
    5361       2.7342
    5362       2.7299
    5363       2.8207
    5364       2.7063
    5365       2.6483
    5366       2.8684
    5367       2.7177
    5368       2.7470
    5369       2.7110
    5370       2.7890
    5371       2.7167
    5372       2.8657
    5373       2.4749
    5374       2.2891
    5375       2.3298
    5376       2.5856
    5377       2.4920
    5378       2.7910
    5379       3.0418
    5380       2.9992
    5381       2.6806
    5382       2.6965
    5383       2.5176
    5384       2.4641
    5385       2.4238
    5386       2.3569
    5387       2.3211
    5388       2.2824
    5389       2.2000
    5390       2.3237
    5391       2.4296
    5392       2.5148
    5393       2.4239
    5394       2.5210
    5395       2.3309
    5396       2.4056
    5397       2.6575
    5398       2.3902
    5399       2.4769
    5400       2.3987
    5401       2.4234
    5402       2.4447
    5403       2.4711
    5404       2.5293
    5405       2.6153
    5406       2.6264
    5407       2.5096
    5408       2.4865
    5409       2.5793
    5410       2.6802
    5411       2.6650
    5412       2.4952
    5413       2.4898
    5414       2.4492
    5415       2.3783
    5416       2.5308
    5417       2.3084
    5418       2.1948
    5419       2.2861
    5420       2.3486
    5421       2.4324
    5422       2.5528
    5423       2.5914
    5424       2.7424
    5425       2.7805
    5426       2.8903
    5427       2.7452
    5428       2.8038
    5429       2.6574
    5430       2.6471
    5431       2.4501
    5432       2.2216
    5433       2.3938
    5434       2.3560
    5435       2.3460
    5436       2.4134
    5437       2.3448
    5438       2.4329
    5439       2.3732
    5440       2.2079
    5441       2.3096
    5442       2.4066
    5443       2.4377
    5444       2.4891
    5445       2.5433
    5446       2.5813
    5447       2.5269
    5448       2.3624
    5449       2.4912
    5450       2.4353
    5451       2.4301
    5452       2.5059
    5453       2.3474
    5454       2.2680
    5455       2.3136
    5456       2.3644
    5457       2.3882
    5458       2.2836
    5459       2.3676
    5460       2.4482
    5461       2.1815
    5462       2.4148
    5463       2.5776
    5464       2.4627
    5465       2.3163
    5466       2.3564
    5467       2.6107
    5468       2.5154
    5469       2.7221
    5470       2.3488
    5471       2.3387
    5472       2.5542
    5473       2.4589
    5474       2.4221
    5475       2.2628
    5476       2.3815
    5477       2.4088
    5478       2.2299
    5479       2.3149
    5480       2.4937
    5481       2.5185
    5482       2.6135
    5483       2.4303
    5484       2.4067
    5485       2.4201
    5486       2.4014
    5487       2.2191
    5488       2.1834
    5489       2.1988
    5490       2.2080
    5491       2.3067
    5492       2.3274
    5493       2.3965
    5494       2.2676
    5495       2.3157
    5496       2.1056
    5497       2.0371
    5498       2.0625
    5499       2.2180
    5500       2.4906
    5501       2.4593
    5502       2.5141
    5503       2.4892
    5504       2.6471
    5505       2.5800
    5506       2.5188
    5507       2.6205
    5508       2.6147
    5509       2.4280
    5510       2.4808
    5511       2.5180
    5512       2.4489
    5513       2.6565
    5514       2.7953
    5515       2.7838
    5516       2.9318
    5517       2.7308
    5518       2.6865
    5519       2.8437
    5520       2.7948
    5521       2.6240
    5522       2.5548
    5523       2.4456
    5524       2.3562
    5525       2.3931
    5526       2.5881
    5527       2.6552
    5528       2.7661
    5529       3.0322
    5530       2.9481
    5531       2.8902
    5532       2.8214
    5533       2.9014
    5534       2.6457
    5535       2.5153
    5536       2.6687
    5537       2.5935
    5538       2.8747
    5539       2.6265
    5540       2.6962
    5541       2.8711
    5542       2.9369
    5543       2.7254
    5544       2.7710
    5545       2.7290
    5546       2.5597
    5547       2.5120
    5548       2.5893
    5549       2.8770
    5550       2.7975
    5551       2.7804
    5552       2.7471
    5553       2.7381
    5554       2.5918
    5555       2.5032
    5556       2.3823
    5557       2.4957
    5558       2.5809
    5559       2.2981
    5560       2.2873
    5561       2.4845
    5562       2.4624
    5563       2.3603
    5564       2.3840
    5565       2.4365
    5566       2.6905
    5567       2.6080
    5568       2.7154
    5569       2.6339
    5570       2.7202
    5571       2.9051
    5572       2.8772
    5573       2.9375
    5574       3.0671
    5575       2.9446
    5576       2.5558
    5577       2.6357
    5578       2.9002
    5579       2.7431
    5580       2.4849
    5581       2.5315
    5582       2.4752
    5583       2.4061
    5584       2.3782
    5585       2.3527
    5586       2.4313
    5587       2.6292
    5588       2.8050
    5589       2.7969
    5590       2.6967
    5591       2.6439
    5592       2.6724
    5593       2.5204
    5594       2.3465
    5595       2.5138
    5596       2.6731
    5597       2.6707
    5598       2.3180
    5599       2.3760
    5600       2.1573
    5601       2.2467
    5602       2.3925
    5603       2.4472
    5604       2.2616
    5605       2.3498
    5606       2.5489
    5607       2.5511
    5608       2.5104
    5609       2.3323
    5610       2.3486
    5611       2.2555
    5612       2.4946
    5613       2.5510
    5614       2.6342
    5615       2.5992
    5616       2.4868
    5617       2.7818
    5618       2.6055
    5619       2.6911
    5620       2.5379
    5621       2.4595
    5622       2.6445
    5623       2.5150
    5624       2.4778
    5625       2.4524
    5626       2.2984
    5627       2.3438
    5628       2.3308
    5629       2.2686
    5630       2.4070
    5631       2.4299
    5632       2.6277
    5633       2.7351
    5634       2.5545
    5635       2.5457
    5636       2.5943
    5637       2.6155
    5638       2.6383
    5639       2.6588
    5640       2.7019
    5641       2.6464
    5642       2.5116
    5643       2.6339
    5644       2.7227
    5645       2.7091
    5646       2.4952
    5647       2.7697
    5648       2.7282
    5649       2.6336
    5650       2.5817
    5651       2.5143
    5652       2.6086
    5653       2.8066
    5654       2.6178
    5655       2.5882
    5656       2.3054
    5657       2.2741
    5658       1.9907
    5659       1.8911
    5660       1.9467
    5661       1.9435
    5662       2.1865
    5663       2.0555
    5664       2.2156
    5665       2.1015
    5666       1.9071
    5667       2.0983
    5668       1.9719
    5669       1.9524
    5670       2.0740
    5671       2.0656
    5672       2.0848
    5673       1.8584
    5674       2.0433
    5675       2.0921
    5676       2.1208
    5677       1.8132
    5678       2.1024
    5679       2.2409
    5680       2.1801
    5681       2.2400
    5682       2.3273
    5683       2.1136
    5684       2.0636
    5685       1.9793
    5686       1.9549
    5687       2.1091
    5688       1.8939
    5689       1.9189
    5690       1.8649
    5691       1.7509
    5692       1.8754
    5693       1.6761
    5694       1.7460
    5695       1.8718
    5696       1.9931
    5697       2.0980
    5698       2.2123
    5699       2.1226
    5700       2.1238
    5701       2.2890
    5702       2.2795
    5703       2.1307
    5704       2.3821
    5705       2.4868
    5706       2.5253
    5707       2.4984
    5708       2.4319
    5709       2.2415
    5710       2.3076
    5711       2.2363
    5712       2.0566
    5713       2.0509
    5714       2.0816
    5715       2.1604
    5716       2.2396
    5717       2.4206
    5718       2.5202
    5719       2.3119
    5720       2.3032
    5721       2.3691
    5722       2.2531
    5723       2.4473
    5724       2.3069
    5725       2.2236
    5726       2.3872
    5727       2.5471
    5728       2.5760
    5729       2.5223
    5730       2.5172
    5731       2.4982
    5732       2.2790
    5733       2.0833
    5734       2.2350
    5735       2.1805
    5736       2.3796
    5737       2.3805
    5738       2.3011
    5739       2.1929
    5740       2.2934
    5741       2.2473
    5742       2.4160
    5743       2.2913
    5744       2.3457
    5745       2.3894
    5746       2.4583
    5747       2.3634
    5748       2.2060
    5749       2.0970
    5750       2.1696
    5751       2.3075
    5752       2.3946
    5753       2.2887
    5754       2.1671
    5755       1.9672
    5756       1.8648
    5757       1.9770
    5758       1.9942
    5759       1.9121
    5760       1.8496
    5761       1.5576
    5762       1.4790
    5763       1.6924
    5764       1.8322
    5765       1.7148
    5766       1.8286
    5767       1.8259
    5768       1.9310
    5769       1.8854
    5770       1.9438
    5771       2.0197
    5772       2.3454
    5773       2.2171
    5774       2.2967
    5775       2.2178
    5776       2.3688
    5777       2.1793
    5778       2.2781
    5779       2.3174
    5780       2.2429
    5781       2.0468
    5782       2.0313
    5783       2.0808
    5784       2.2673
    5785       2.1720
    5786       2.2933
    5787       2.1522
    5788       1.8628
    5789       2.0689
    5790       2.0495
    5791       2.0488
    5792       2.1957
    5793       2.1862
    5794       2.2311
    5795       2.1699
    5796       2.1766
    5797       2.2886
    5798       2.2417
    5799       2.2474
    5800       2.0553
    5801       2.0578
    5802       2.0050
    5803       2.0123
    5804       2.1644
    5805       2.0986
    5806       2.1695
    5807       2.3085
    5808       2.1557
    5809       2.1696
    5810       2.2416
    5811       2.1638
    5812       2.2430
    5813       2.3227
    5814       2.4506
    5815       2.1533
    5816       2.2070
    5817       2.0671
    5818       2.1004
    5819       2.0116
    5820       2.0452
    5821       2.0321
    5822       2.0525
    5823       2.0335
    5824       1.9814
    5825       1.8991
    5826       1.9771
    5827       2.0188
    5828       1.8109
    5829       1.7149
    5830       1.7455
    5831       1.7200
    5832       1.7617
    5833       2.0030
    5834       1.9165
    5835       2.1738
    5836       2.2959
    5837       2.4132
    5838       2.2405
    5839       2.0817
    5840       2.1563
    5841       2.2869
    5842       2.3655
    5843       2.3974
    5844       2.3789
    5845       2.4075
    5846       2.2572
    5847       2.0919
    5848       2.1512
    5849       2.0687
    5850       2.0276
    5851       1.8527
    5852       1.8123
    5853       2.1006
    5854       2.0950
    5855       1.9290
    5856       1.9348
    5857       1.9657
    5858       2.1090
    5859       2.0739
    5860       1.9997
    5861       1.9333
    5862       2.0305
    5863       1.9310
    5864       1.9905
    5865       2.1100
    5866       1.9091
    5867       2.0172
    5868       1.7909
    5869       1.9020
    5870       2.0453
    5871       2.2038
    5872       1.9864
    5873       2.0222
    5874       2.0981
    5875       2.0710
    5876       2.1185
    5877       2.0714
    5878       2.1814
    5879       2.3717
    5880       2.3424
    5881       2.3853
    5882       2.6023
    5883       2.7233
    5884       2.5081
    5885       2.6450
    5886       2.5574
    5887       2.5047
    5888       2.5029
    5889       2.2680
    5890       2.2594
    5891       2.0635
    5892       2.3016
    5893       2.3065
    5894       2.1518
    5895       2.1523
    5896       2.4986
    5897       2.5474
    5898       2.5073
    5899       2.2962
    5900       2.3645
    5901       2.3424
    5902       2.2097
    5903       2.1681
    5904       2.3365
    5905       2.1862
    5906       2.3017
    5907       2.3172
    5908       2.0696
    5909       2.0247
    5910       1.8826
    5911       1.8995
    5912       1.8749
    5913       2.0615
    5914       2.1119
    5915       2.1103
    5916       2.0458
    5917       2.2244
    5918       2.3078
    5919       2.2618
    5920       2.5158
    5921       2.3531
    5922       2.2233
    5923       2.1954
    5924       2.1144
    5925       2.2469
    5926       2.2428
    5927       2.0741
    5928       2.0981
    5929       2.0342
    5930       2.1259
    5931       1.9264
    5932       1.8779
    5933       1.8723
    5934       1.9483
    5935       1.8636
    5936       1.8962
    5937       2.0754
    5938       2.1660
    5939       2.2242
    5940       1.9468
    5941       1.8081
    5942       1.9659
    5943       2.0877
    5944       2.0734
    5945       2.1328
    5946       1.9230
    5947       1.9662
    5948       1.9115
    5949       1.8033
    5950       1.8965
    5951       1.8441
    5952       1.9596
    5953       2.1319
    5954       2.0539
    5955       1.8363
    5956       1.9831
    5957       1.8982
    5958       1.8616
    5959       1.8101
    5960       2.0182
    5961       2.0897
    5962       2.1418
    5963       2.1604
    5964       2.1314
    5965       2.2404
    5966       2.2388
    5967       2.1938
    5968       2.1049
    5969       2.1765
    5970       2.2138
    5971       2.1644
    5972       2.0248
    5973       1.8541
    5974       1.9676
    5975       2.1319
    5976       2.3861
    5977       2.3988
    5978       2.4080
    5979       2.3541
    5980       2.1583
    5981       2.3367
    5982       2.2193
    5983       2.2966
    5984       2.2359
    5985       2.1038
    5986       2.1167
    5987       2.3893
    5988       2.3566
    5989       2.5164
    5990       2.2527
    5991       2.4078
    5992       2.5767
    5993       2.7850
    5994       2.5689
    5995       2.4886
    5996       2.4884
    5997       2.6367
    5998       2.5469
    5999       2.5646
    6000       2.7926
    6001       3.0542
    6002       3.1075
    6003       2.8123
    6004       2.8394
    6005       2.7112
    6006       2.5325
    6007       2.5691
    6008       2.5876
    6009       2.5058
    6010       2.5875
    6011       2.5732
    6012       2.4275
    6013       2.5878
    6014       2.7769
    6015       2.3356
    6016       2.4344
    6017       2.5740
    6018       2.6454
    6019       2.6823
    6020       2.6925
    6021       2.7727
    6022       2.8037
    6023       2.5368
    6024       2.4146
    6025       2.5882
    6026       2.3804
    6027       2.4163
    6028       2.5023
    6029       2.5133
    6030       2.3130
    6031       2.3515
    6032       2.5949
    6033       2.5436
    6034       2.5209
    6035       2.5499
    6036       2.4806
    6037       2.4779
    6038       2.4236
    6039       2.7572
    6040       2.4670
    6041       2.3998
    6042       2.4071
    6043       2.5287
    6044       2.3623
    6045       2.3115
    6046       2.3312
    6047       2.4469
    6048       2.4744
    6049       2.1217
    6050       2.2625
    6051       2.3808
    6052       2.3764
    6053       2.3489
    6054       2.4800
    6055       2.4855
    6056       2.5144
    6057       2.5431
    6058       2.8430
    6059       2.8194
    6060       2.5499
    6061       2.5394
    6062       2.6585
    6063       2.4850
    6064       2.6834
    6065       2.7375
    6066       2.8257
    6067       2.6672
    6068       2.6029
    6069       2.5010
    6070       2.5666
    6071       2.7403
    6072       2.5193
    6073       2.4790
    6074       2.5252
    6075       2.6191
    6076       2.6037
    6077       2.7923
    6078       2.9641
    6079       3.1513
    6080       3.1138
    6081       3.2274
    6082       3.2386
    6083       3.0578
    6084       2.9759
    6085       2.8975
    6086       2.8588
    6087       2.8268
    6088       2.7484
    6089       2.7290
    6090       2.5063
    6091       2.7074
    6092       2.9005
    6093       2.6665
    6094       2.6859
    6095       2.8590
    6096       2.7465
    6097       2.5646
    6098       2.6450
    6099       2.4936
    6100       2.5902
    6101       2.6841
    6102       2.6989
    6103       2.6608
    6104       2.8235
    6105       2.7475
    6106       2.8744
    6107       2.8243
    6108       2.7946
    6109       2.6567
    6110       2.7305
    6111       2.7144
    6112       2.6433
    6113       2.5589
    6114       2.4509
    6115       2.2676
    6116       2.4968
    6117       2.5820
    6118       2.3728
    6119       2.2295
    6120       2.5934
    6121       2.4446
    6122       2.3803
    6123       2.3967
    6124       2.3977
    6125       2.3066
    6126       2.3616
    6127       2.1321
    6128       2.1901
    6129       2.0212
    6130       2.2355
    6131       2.2968
    6132       2.2845
    6133       2.3777
    6134       2.4464
    6135       2.4771
    6136       2.4055
    6137       2.4670
    6138       2.5281
    6139       2.4532
    6140       2.4680
    6141       2.3916
    6142       2.3628
    6143       2.0139
    6144       2.2482
    6145       2.0142
    6146       2.1442
    6147       2.0787
    6148       2.1546
    6149       2.1096
    6150       2.2798
    6151       2.2392
    6152       2.1906
    6153       2.1404
    6154       1.7911
    6155       2.0525
    6156       2.0899
    6157       2.1192
    6158       1.9563
    6159       2.0251
    6160       2.0077
    6161       2.0454
    6162       2.0383
    6163       1.8635
    6164       1.9941
    6165       2.0256
    6166       1.9329
    6167       1.9085
    6168       2.0160
    6169       2.0602
    6170       2.1955
    6171       2.1970
    6172       2.2779
    6173       2.3963
    6174       2.4992
    6175       2.4244
    6176       2.2952
    6177       2.1815
    6178       2.2709
    6179       2.1787
    6180       1.9902
    6181       1.9318
    6182       2.1557
    6183       1.9641
    6184       1.9865
    6185       1.9806
    6186       1.8007
    6187       1.9104
    6188       1.8754
    6189       1.9717
    6190       2.0763
    6191       2.0349
    6192       2.1439
    6193       2.2261
    6194       2.2443
    6195       2.2726
    6196       2.1869
    6197       2.2828
    6198       2.4573
    6199       2.3036
    6200       2.3225
    6201       2.3503
    6202       2.3922
    6203       2.2374
    6204       2.0261
    6205       2.0294
    6206       2.2093
    6207       2.3123
    6208       2.3438
    6209       2.2453
    6210       2.2924
    6211       2.4912
    6212       2.4866
    6213       2.5013
    6214       2.4855
    6215       2.5332
    6216       2.2721
    6217       2.3743
    6218       2.0676
    6219       1.9409
    6220       2.1792
    6221       2.0361
    6222       2.1803
    6223       2.1727
    6224       2.1796
    6225       2.3179
    6226       2.1325
    6227       2.1755
    6228       2.0996
    6229       2.2349
    6230       2.3717
    6231       2.3464
    6232       2.2415
    6233       2.2536
    6234       2.2460
    6235       2.2545
    6236       2.0641
    6237       2.1237
    6238       2.1504
    6239       2.1726
    6240       2.2862
    6241       2.3506
    6242       2.2429
    6243       2.2882
    6244       2.1672
    6245       2.0858
    6246       1.9194
    6247       2.0008
    6248       1.8986
    6249       2.0190
    6250       2.1838
    6251       2.1986
    6252       2.1361
    6253       2.3777
    6254       2.4138
    6255       2.4433
    6256       2.6056
    6257       2.6235
    6258       2.7190
    6259       2.7123
    6260       2.7213
    6261       2.8337
    6262       2.5839
    6263       2.5181
    6264       2.6289
    6265       2.5576
    6266       2.6475
    6267       2.9975
    6268       3.0677
    6269       2.9944
    6270       3.0659
    6271       2.8272
    6272       2.6896
    6273       2.6182
    6274       2.8460
    6275       2.8734
    6276       3.0158
    6277       2.9988
    6278       2.8232
    6279       2.6863
    6280       2.8843
    6281       2.8088
    6282       2.6233
    6283       2.6212
    6284       2.5714
    6285       2.4859
    6286       2.7308
    6287       2.8146
    6288       2.6899
    6289       2.4942
    6290       2.6076
    6291       2.6599
    6292       2.6388
    6293       2.6795
    6294       2.7258
    6295       2.4766
    6296       2.4332
    6297       2.3983
    6298       2.1685
    6299       2.2181
    6300       2.3210
    6301       2.2941
    6302       2.1329
    6303       2.1097
    6304       1.9214
    6305       1.9058
    6306       2.1765
    6307       2.3397
    6308       2.4955
    6309       2.2911
    6310       2.1497
    6311       2.3438
    6312       2.2490
    6313       2.0638
    6314       1.8062
    6315       1.8266
    6316       1.8135
    6317       1.7638
    6318       1.8131
    6319       2.0589
    6320       1.7513
    6321       1.9179
    6322       1.8982
    6323       2.2347
    6324       2.2436
    6325       2.1382
    6326       2.1510
    6327       2.3571
    6328       2.2008
    6329       2.3759
    6330       2.0573
    6331       1.9300
    6332       1.9062
    6333       1.9504
    6334       1.8835
    6335       1.8765
    6336       1.9055
    6337       1.9765
    6338       2.0048
    6339       1.9321
    6340       2.0672
    6341       2.0173
    6342       2.1864
    6343       2.1809
    6344       2.3182
    6345       2.1369
    6346       2.0305
    6347       2.0771
    6348       2.1037
    6349       2.0887
    6350       2.0052
    6351       2.1300
    6352       2.0638
    6353       1.9677
    6354       1.9983
    6355       2.0292
    6356       2.0112
    6357       1.8394
    6358       1.7728
    6359       1.8270
    6360       1.8576
    6361       1.9342
    6362       2.1427
    6363       2.2316
    6364       2.3255
    6365       2.3498
    6366       2.3507
    6367       2.3501
    6368       2.3597
    6369       2.4275
    6370       2.3575
    6371       2.2419
    6372       2.1939
    6373       2.3528
    6374       2.5986
    6375       2.5736
    6376       2.7139
    6377       2.7875
    6378       2.7965
    6379       2.4829
    6380       2.5144
    6381       2.4967
    6382       2.5482
    6383       2.5645
    6384       2.6844
    6385       2.5715
    6386       2.5041
    6387       2.4706
    6388       2.4951
    6389       2.6173
    6390       2.6242
    6391       2.6832
    6392       2.7334
    6393       2.7624
    6394       3.0356
    6395       2.6984
    6396       2.7529
    6397       2.4597
    6398       2.6348
    6399       2.4700
    6400       2.5332
    6401       2.7015
    6402       2.3011
    6403       2.2878
    6404       2.6858
    6405       2.3602
    6406       2.5616
    6407       2.5130
    6408       2.4940
    6409       2.7235
    6410       2.7851
    6411       2.7380
    6412       2.8025
    6413       2.8871
    6414       2.8409
    6415       2.6664
    6416       2.3896
    6417       2.5963
    6418       2.6797
    6419       2.7972
    6420       2.4950
    6421       2.5465
    6422       2.6585
    6423       2.8175
    6424       2.7527
    6425       2.7363
    6426       2.3974
    6427       2.4376
    6428       2.4692
    6429       2.6250
    6430       2.6731
    6431       2.8879
    6432       2.6682
    6433       2.4711
    6434       2.5766
    6435       2.5913
    6436       2.5114
    6437       2.6008
    6438       2.6003
    6439       2.5775
    6440       2.7060
    6441       2.7386
    6442       2.6055
    6443       2.5969
    6444       2.7343
    6445       2.7633
    6446       2.6431
    6447       2.5077
    6448       2.5806
    6449       2.3837
    6450       2.4672
    6451       2.5104
    6452       2.5836
    6453       2.5363
    6454       2.4093
    6455       2.6354
    6456       2.7722
    6457       2.7326
    6458       2.5714
    6459       2.6783
    6460       2.7432
    6461       2.7311
    6462       2.7853
    6463       2.8601
    6464       3.0112
    6465       2.8733
    6466       2.5954
    6467       2.3992
    6468       2.8292
    6469       2.8043
    6470       2.9403
    6471       2.8612
    6472       2.7478
    6473       2.5414
    6474       2.5602
    6475       2.3227
    6476       2.2878
    6477       2.4038
    6478       2.2919
    6479       2.3271
    6480       2.3737
    6481       2.5339
    6482       2.1076
    6483       2.1327
    6484       2.0998
    6485       1.8702
    6486       1.8777
    6487       2.0884
    6488       2.0987
    6489       2.3485
    6490       2.5498
    6491       2.5349
    6492       2.4594
    6493       2.3740
    6494       2.4566
    6495       2.1982
    6496       2.3565
    6497       2.4114
    6498       2.5999
    6499       2.5807
    6500       2.4182
    6501       2.5233
    6502       2.6187
    6503       2.5480
    6504       2.6114
    6505       2.4432
    6506       2.5752
    6507       2.4877
    6508       2.6365
    6509       2.8046
    6510       2.7792
    6511       2.6941
    6512       2.7060
    6513       2.6883
    6514       2.5249
    6515       2.4710
    6516       2.4655
    6517       2.6341
    6518       2.4267
    6519       2.3835
    6520       2.1839
    6521       2.1295
    6522       2.2056
    6523       2.5316
    6524       2.4900
    6525       2.4186
    6526       2.5195
    6527       2.6309
    6528       2.6180
    6529       2.6315
    6530       2.7250
    6531       2.9474
    6532       2.6866
    6533       2.6730
    6534       2.4850
    6535       2.3895
    6536       2.3884
    6537       2.1110
    6538       2.2510
    6539       2.4137
    6540       2.2751
    6541       2.4303
    6542       2.2872
    6543       2.3154
    6544       2.4534
    6545       2.5849
    6546       2.5639
    6547       2.4060
    6548       2.5533
    6549       2.3783
    6550       2.3678
    6551       2.4954
    6552       2.2938
    6553       2.3948
    6554       2.5554
    6555       2.5710
    6556       2.6558
    6557       2.6984
    6558       2.5350
    6559       2.5614
    6560       2.5222
    6561       2.4261
    6562       2.4712
    6563       2.5782
    6564       2.6890
    6565       2.6557
    6566       2.6742
    6567       2.5023
    6568       2.5793
    6569       2.6280
    6570       2.6589
    6571       2.7786
    6572       2.8684
    6573       2.7545
    6574       2.7322
    6575       2.7126
    6576       3.0134
    6577       2.9866
    6578       3.1386
    6579       2.9429
    6580       2.6696
    6581       2.6875
    6582       2.9403
    6583       2.9698
    6584       2.8437
    6585       2.8803
    6586       3.1335
    6587       2.8618
    6588       2.9520
    6589       2.7226
    6590       2.6224
    6591       2.6467
    6592       2.9389
    6593       2.8076
    6594       2.9360
    6595       3.0992
    6596       2.9719
    6597       2.8564
    6598       2.8691
    6599       2.7981
    6600       2.6374
    6601       2.3323
    6602       2.4858
    6603       2.4588
    6604       2.5109
    6605       2.5856
    6606       2.5367
    6607       2.5098
    6608       2.5997
    6609       2.5980
    6610       2.5903
    6611       2.6188
    6612       2.6167
    6613       2.7138
    6614       2.6368
    6615       2.5683
    6616       2.5225
    6617       2.4733
    6618       2.4995
    6619       2.4172
    6620       2.4418
    6621       2.2836
    6622       2.1347
    6623       2.1157
    6624       2.1750
    6625       2.0915
    6626       2.2441
    6627       1.9766
    6628       2.0930
    6629       2.0549
    6630       2.0098
    6631       2.1189
    6632       2.0159
    6633       2.3138
    6634       2.3336
    6635       2.4730
    6636       2.3062
    6637       2.4561
    6638       2.2297
    6639       2.3043
    6640       2.1815
    6641       2.4118
    6642       2.1001
    6643       1.6897
    6644       1.8437
    6645       2.1315
    6646       2.0982
    6647       2.1869
    6648       2.1211
    6649       2.0882
    6650       2.1731
    6651       2.1775
    6652       2.2290
    6653       2.1877
    6654       2.1811
    6655       2.2798
    6656       2.4172
    6657       2.2972
    6658       2.3233
    6659       2.5683
    6660       2.4598
    6661       2.0031
    6662       1.9398
    6663       1.9810
    6664       1.9214
    6665       1.9005
    6666       1.9282
    6667       1.9106
    6668       1.9941
    6669       1.8241
    6670       1.9484
    6671       2.0516
    6672       2.0020
    6673       1.9754
    6674       2.0852
    6675       2.1731
    6676       2.2664
    6677       2.2332
    6678       2.0993
    6679       2.1275
    6680       1.9950
    6681       2.0855
    6682       2.1387
    6683       2.0428
    6684       2.0570
    6685       1.9511
    6686       1.8182
    6687       1.9225
    6688       1.9801
    6689       1.9044
    6690       1.9398
    6691       1.9668
    6692       1.9199
    6693       1.9149
    6694       2.0759
    6695       2.0552
    6696       2.1955
    6697       2.3025
    6698       2.4568
    6699       2.3240
    6700       2.1968
    6701       2.2112
    6702       2.1035
    6703       2.1434
    6704       1.9822
    6705       1.9107
    6706       2.0865
    6707       2.2034
    6708       2.3094
    6709       2.1884
    6710       2.2446
    6711       2.5732
    6712       2.5041
    6713       2.3433
    6714       2.3978
    6715       2.1606
    6716       1.9967
    6717       2.0740
    6718       1.9775
    6719       1.7801
    6720       1.8253
    6721       1.8845
    6722       1.8803
    6723       1.7798
    6724       1.7967
    6725       1.7898
    6726       1.8437
    6727       1.8154
    6728       1.6960
    6729       1.8451
    6730       1.8323
    6731       1.9847
    6732       2.1804
    6733       2.1798
    6734       1.9778
    6735       2.0613
    6736       2.0975
    6737       2.0475
    6738       1.8309
    6739       1.9053
    6740       1.7872
    6741       1.7615
    6742       1.7547
    6743       1.6095
    6744       1.6358
    6745       1.8058
    6746       1.7014
    6747       1.6712
    6748       1.5803
    6749       1.6696
    6750       1.6628
    6751       1.5880
    6752       1.5755
    6753       1.5688
    6754       1.3906
    6755       1.4561
    6756       1.3994
    6757       1.3871
    6758       1.6546
    6759       1.6447
    6760       1.6388
    6761       1.6333
    6762       1.6047
    6763       1.7382
    6764       1.8387
    6765       1.7667
    6766       1.8040
    6767       1.6718
    6768       1.6377
    6769       1.8568
    6770       1.9066
    6771       2.0756
    6772       2.0565
    6773       2.1113
    6774       1.8647
    6775       1.9634
    6776       1.7662
    6777       1.7839
    6778       1.7118
    6779       1.9104
    6780       1.9011
    6781       2.0377
    6782       2.0102
    6783       2.2423
    6784       2.0074
    6785       1.7957
    6786       2.0414
    6787       2.0354
    6788       2.0012
    6789       1.8611
    6790       1.8558
    6791       1.9259
    6792       1.9017
    6793       1.8103
    6794       1.8703
    6795       2.0041
    6796       1.8989
    6797       1.9243
    6798       1.9732
    6799       1.9328
    6800       1.7570
    6801       1.9047
    6802       1.9641
    6803       1.8535
    6804       2.0134
    6805       1.9715
    6806       2.0904
    6807       1.9109
    6808       1.9555
    6809       1.8830
    6810       1.8830
    6811       2.0509
    6812       2.0991
    6813       1.8901
    6814       1.9313
    6815       1.9566
    6816       2.2087
    6817       2.1449
    6818       1.7714
    6819       1.8517
    6820       1.8618
    6821       1.8472
    6822       1.8722
    6823       1.8938
    6824       1.8297
    6825       1.7765
    6826       1.7792
    6827       1.7499
    6828       1.6510
    6829       1.5951
    6830       1.6519
    6831       1.8115
    6832       1.7674
    6833       1.9159
    6834       1.9484
    6835       1.8569
    6836       1.9773
    6837       1.8852
    6838       1.5939
    6839       1.7342
    6840       1.8024
    6841       1.7258
    6842       1.8744
    6843       1.9079
    6844       1.9478
    6845       2.0186
    6846       2.0324
    6847       2.0880
    6848       2.0348
    6849       1.8895
    6850       1.8946
    6851       2.0053
    6852       1.9397
    6853       1.7945
    6854       1.8505
    6855       1.6663
    6856       1.8056
    6857       1.6775
    6858       1.8537
    6859       1.7673
    6860       1.8007
    6861       1.6118
    6862       1.8384
    6863       1.5922
    6864       1.5749
    6865       1.4712
    6866       1.5755
    6867       1.7155
    6868       1.8019
    6869       1.6094
    6870       1.6045
    6871       1.7087
    6872       1.6101
    6873       1.8491
    6874       1.8881
    6875       1.7997
    6876       1.9720
    6877       1.9740
    6878       2.0607
    6879       1.9301
    6880       2.0046
    6881       1.9687
    6882       2.0157
    6883       2.0485
    6884       2.0570
    6885       2.0229
    6886       1.9548
    6887       1.8465
    6888       1.6890
    6889       1.6661
    6890       1.8205
    6891       1.8473
    6892       1.7787
    6893       1.7659
    6894       1.7399
    6895       1.8241
    6896       1.8401
    6897       1.9544
    6898       1.9612
    6899       1.8352
    6900       2.1018
    6901       1.9960
    6902       1.9210
    6903       1.8065
    6904       1.9450
    6905       2.0995
    6906       2.0481
    6907       2.0219
    6908       1.8462
    6909       1.8469
    6910       1.8690
    6911       1.8525
    6912       1.9116
    6913       1.7869
    6914       1.7851
    6915       1.7964
    6916       1.8215
    6917       1.9509
    6918       1.8677
    6919       1.6951
    6920       1.7256
    6921       1.5513
    6922       1.6752
    6923       1.7785
    6924       1.6307
    6925       1.6747
    6926       1.7068
    6927       1.8813
    6928       1.9217
    6929       1.8164
    6930       1.7469
    6931       1.7270
    6932       1.8356
    6933       1.6752
    6934       1.6615
    6935       1.7717
    6936       1.5750
    6937       1.4372
    6938       1.5126
    6939       1.5219
    6940       1.4899
    6941       1.4309
    6942       1.4092
    6943       1.4969
    6944       1.5299
    6945       1.6005
    6946       1.5229
    6947       1.5411
    6948       1.6053
    6949       1.7350
    6950       1.6673
    6951       1.5407
    6952       1.4845
    6953       1.5454
    6954       1.5573
    6955       1.6631
    6956       1.7647
    6957       1.6554
    6958       1.5751
    6959       1.5828
    6960       1.4682
    6961       1.4855
    6962       1.4236
    6963       1.5321
    6964       1.5967
    6965       1.5428
    6966       1.6111
    6967       1.5912
    6968       1.6034
    6969       1.7093
    6970       1.7655
    6971       1.9312
    6972       2.0038
    6973       1.8101
    6974       1.9469
    6975       1.9172
    6976       1.7218
    6977       1.5335
    6978       1.6641
    6979       1.4884
    6980       1.5618
    6981       1.8151
    6982       1.5896
    6983       1.6812
    6984       1.6268
    6985       1.5394
    6986       1.6311
    6987       1.5982
    6988       1.5220
    6989       1.3807
    6990       1.4746
    6991       1.4279
    6992       1.3739
    6993       1.4067
    6994       1.5465
    6995       1.8354
    6996       1.9186
    6997       1.8434
    6998       1.6941
    6999       1.6787
    7000       1.5779
    7001       1.6959
    7002       1.7314
    7003       1.6667
    7004       1.7549
    7005       1.6544
    7006       1.5888
    7007       1.4512
    7008       1.5529
    7009       1.6145
    7010       1.6659
    7011       1.6222
    7012       1.7175
    7013       1.7855
    7014       1.9490
    7015       2.0311
    7016       1.8916
    7017       1.8492
    7018       1.8282
    7019       1.7436
    7020       1.8586
    7021       2.1771
    7022       2.1579
    7023       2.1997
    7024       2.0022
    7025       1.8855
    7026       1.9822
    7027       2.0261
    7028       1.8925
    7029       1.8230
    7030       1.8001
    7031       1.7573
    7032       1.6636
    7033       1.7819
    7034       1.9405
    7035       2.0485
    7036       1.9770
    7037       1.9478
    7038       1.9805
    7039       1.8054
    7040       1.7242
    7041       1.7336
    7042       1.5628
    7043       1.6746
    7044       1.7349
    7045       1.6142
    7046       1.4729
    7047       1.5956
    7048       1.6276
    7049       1.6439
    7050       1.6388
    7051       1.6745
    7052       1.7281
    7053       1.7718
    7054       1.6422
    7055       1.6178
    7056       1.6083
    7057       1.7824
    7058       1.6288
    7059       1.7188
    7060       1.7500
    7061       1.8052
    7062       1.6195
    7063       1.4941
    7064       1.4794
    7065       1.5572
    7066       1.5358
    7067       1.6043
    7068       1.5226
    7069       1.5365
    7070       1.4300
    7071       1.4559
    7072       1.4967
    7073       1.5192
    7074       1.4710
    7075       1.3385
    7076       1.5771
    7077       1.6473
    7078       1.6020
    7079       1.5215
    7080       1.6339
    7081       1.7573
    7082       1.7401
    7083       1.6368
    7084       1.7354
    7085       1.8237
    7086       1.6987
    7087       1.6948
    7088       1.6083
    7089       1.6862
    7090       1.6937
    7091       1.6394
    7092       1.6625
    7093       1.6182
    7094       1.5429
    7095       1.4948
    7096       1.4378
    7097       1.5104
    7098       1.6191
    7099       1.6519
    7100       1.6497
    7101       1.5612
    7102       1.5482
    7103       1.5190
    7104       1.4478
    7105       1.6683
    7106       1.7127
    7107       1.6681
    7108       1.7493
    7109       1.6267
    7110       1.8990
    7111       1.6246
    7112       1.5555
    7113       1.6233
    7114       1.7124
    7115       1.4690
    7116       1.6127
    7117       1.6639
    7118       1.5958
    7119       1.6299
    7120       1.8408
    7121       1.7806
    7122       1.8485
    7123       1.8043
    7124       1.7524
    7125       1.6109
    7126       1.6154
    7127       1.6953
    7128       1.7337
    7129       1.5991
    7130       1.7603
    7131       1.9375
    7132       1.8641
    7133       1.7644
    7134       1.8399
    7135       1.8685
    7136       1.7657
    7137       1.6011
    7138       1.6530
    7139       1.6652
    7140       1.8539
    7141       1.8493
    7142       1.7647
    7143       1.7543
    7144       1.7183
    7145       1.7231
    7146       1.6341
    7147       1.7306
    7148       1.7784
    7149       1.8473
    7150       1.7406
    7151       1.5778
    7152       1.5718
    7153       1.6240
    7154       1.5859
    7155       1.5783
    7156       1.6265
    7157       1.5816
    7158       1.5291
    7159       1.4083
    7160       1.4281
    7161       1.4185
    7162       1.6320
    7163       1.6805
    7164       1.7142
    7165       1.6736
    7166       1.6460
    7167       1.6345
    7168       1.7213
    7169       1.6933
    7170       1.6513
    7171       1.6448
    7172       1.5300
    7173       1.5528
    7174       1.5905
    7175       1.6951
    7176       1.7706
    7177       1.8493
    7178       2.0217
    7179       1.8816
    7180       1.7738
    7181       2.0327
    7182       1.8734
    7183       1.9343
    7184       2.1111
    7185       2.0819
    7186       2.2090
    7187       2.2162
    7188       2.1778
    7189       2.1016
    7190       1.9538
    7191       2.1145
    7192       2.1753
    7193       2.1228
    7194       2.0782
    7195       2.0448
    7196       2.1787
    7197       2.2627
    7198       2.4447
    7199       2.4287
    7200       2.4484
    7201       2.2421
    7202       2.5400
    7203       2.4246
    7204       2.2173
    7205       2.3044
    7206       2.3528
    7207       2.4087
    7208       2.5382
    7209       2.4287
    7210       2.3263
    7211       2.5656
    7212       2.4199
    7213       2.2725
    7214       2.1617
    7215       2.0883
    7216       2.1331
    7217       2.1860
    7218       2.1409
    7219       2.1923
    7220       2.1921
    7221       2.3871
    7222       2.3473
    7223       2.1363
    7224       2.3211
    7225       2.2361
    7226       2.2373
    7227       2.4875
    7228       2.3747
    7229       2.4897
    7230       2.3978
    7231       2.3683
    7232       2.2362
    7233       2.2201
    7234       2.3267
    7235       2.6622
    7236       2.5486
    7237       2.4639
    7238       2.4462
    7239       2.3524
    7240       2.2962
    7241       2.4594
    7242       2.4197
    7243       2.4344
    7244       2.5008
    7245       2.5727
    7246       2.5344
    7247       2.5164
    7248       2.3492
    7249       2.6286
    7250       2.4046
    7251       2.2881
    7252       1.9925
    7253       1.7320
    7254       1.8807
    7255       1.9775
    7256       1.8032
    7257       1.9046
    7258       1.9763
    7259       2.0548
    7260       2.0659
    7261       1.9577
    7262       2.1686
    7263       2.1322
    7264       2.2437
    7265       2.2507
    7266       2.0492
    7267       2.1767
    7268       2.1527
    7269       2.0388
    7270       2.1558
    7271       2.1202
    7272       2.2699
    7273       2.2456
    7274       2.1880
    7275       2.2989
    7276       2.4940
    7277       2.4526
    7278       2.4973
    7279       2.5068
    7280       2.3506
    7281       2.3212
    7282       2.3733
    7283       2.1949
    7284       2.0970
    7285       2.2766
    7286       2.5362
    7287       2.4364
    7288       2.4593
    7289       2.4559
    7290       2.4470
    7291       2.2947
    7292       2.2040
    7293       2.2114
    7294       2.1725
    7295       2.2598
    7296       2.3118
    7297       2.3964
    7298       2.4297
    7299       2.5314
    7300       2.6211
    7301       2.1537
    7302       2.3343
    7303       2.2158
    7304       2.3778
    7305       2.1508
    7306       2.0695
    7307       2.1841
    7308       2.0922
    7309       2.2741
    7310       2.1653
    7311       2.1012
    7312       2.2179
    7313       2.1718
    7314       2.0191
    7315       2.0056
    7316       1.9161
    7317       1.8265
    7318       1.8239
    7319       1.8617
    7320       1.8730
    7321       1.7744
    7322       1.7862
    7323       1.7322
    7324       1.7543
    7325       1.9069
    7326       1.7799
    7327       2.0072
    7328       1.6375
    7329       1.6750
    7330       1.8681
    7331       1.9182
    7332       1.7772
    7333       2.0021
    7334       1.9315
    7335       1.9084
    7336       1.9183
    7337       1.8474
    7338       1.9437
    7339       1.9027
    7340       1.6967
    7341       1.7465
    7342       1.9014
    7343       2.0478
    7344       1.9685
    7345       2.0433
    7346       2.1404
    7347       1.9504
    7348       2.0062
    7349       2.0979
    7350       2.0991
    7351       2.0917
    7352       1.9112
    7353       1.8693
    7354       1.8446
    7355       2.1244
    7356       2.0168
    7357       2.0122
    7358       1.9575
    7359       1.7734
    7360       1.7553
    7361       1.7666
    7362       1.7194
    7363       1.9443
    7364       1.8650
    7365       1.7933
    7366       1.7226
    7367       1.7914
    7368       1.7993
    7369       2.0009
    7370       1.8361
    7371       1.8276
    7372       1.9763
    7373       1.9345
    7374       1.9274
    7375       2.0810
    7376       2.2218
    7377       2.0334
    7378       1.9069
    7379       1.9543
    7380       2.0511
    7381       2.1061
    7382       2.0783
    7383       1.9387
    7384       1.8290
    7385       1.7499
    7386       1.7409
    7387       1.7398
    7388       1.7093
    7389       1.9545
    7390       1.9119
    7391       1.8247
    7392       1.8381
    7393       1.7093
    7394       1.6519
    7395       1.7445
    7396       1.6015
    7397       1.7686
    7398       1.8511
    7399       1.8281
    7400       1.7725
    7401       1.8394
    7402       2.1033
    7403       2.0381
    7404       2.0389
    7405       2.0555
    7406       1.9131
    7407       1.9551
    7408       2.0392
    7409       1.9424
    7410       2.0038
    7411       2.1000
    7412       2.1453
    7413       2.3034
    7414       2.1938
    7415       2.2426
    7416       2.3290
    7417       2.1225
    7418       2.2506
    7419       2.3221
    7420       2.3132
    7421       2.3012
    7422       2.1705
    7423       2.0461
    7424       2.3583
    7425       2.2264
    7426       2.2371
    7427       2.3102
    7428       2.2275
    7429       2.2377
    7430       2.2427
    7431       2.1998
    7432       2.2312
    7433       2.5067
    7434       2.7385
    7435       2.6647
    7436       2.5346
    7437       2.5168
    7438       2.4825
    7439       2.5373
    7440       2.6186
    7441       2.4705
    7442       2.4396
    7443       2.3028
    7444       2.1798
    7445       2.3238
    7446       2.1884
    7447       2.2394
    7448       2.3240
    7449       2.4037
    7450       2.2711
    7451       2.3894
    7452       2.3083
    7453       2.3584
    7454       2.2863
    7455       2.4877
    7456       2.3243
    7457       2.2109
    7458       2.2295
    7459       2.3757
    7460       2.2051
    7461       2.4831
    7462       2.3684
    7463       2.4455
    7464       2.3443
    7465       2.3619
    7466       2.4594
    7467       2.4666
    7468       2.4329
    7469       2.4113
    7470       2.3781
    7471       2.4782
    7472       2.3298
    7473       2.3870
    7474       2.3309
    7475       2.3382
    7476       2.2903
    7477       1.9722
    7478       2.1388
    7479       2.0868
    7480       2.0478
    7481       2.0067
    7482       2.1622
    7483       2.0061
    7484       2.1732
    7485       2.1491
    7486       2.1456
    7487       2.0994
    7488       2.0548
    7489       1.8498
    7490       2.0153
    7491       2.0818
    7492       2.2481
    7493       2.0518
    7494       1.9315
    7495       1.8669
    7496       1.9010
    7497       2.1567
    7498       2.1660
    7499       1.9365
    7500       1.5928
    7501       1.8409
    7502       1.9516
    7503       1.8789
    7504       1.9317
    7505       1.9590
    7506       1.8886
    7507       1.7987
    7508       1.8189
    7509       2.0098
    7510       2.0193
    7511       2.0703
    7512       2.0038
    7513       2.0293
    7514       2.0969
    7515       1.9047
    7516       1.9683
    7517       1.7986
    7518       1.8724
    7519       1.8643
    7520       1.9281
    7521       1.9742
    7522       2.1432
    7523       2.0768
    7524       2.1234
    7525       2.0084
    7526       2.4136
    7527       2.2798
    7528       2.1485
    7529       2.0234
    7530       2.0965
    7531       1.9423
    7532       2.1129
    7533       2.3293
    7534       2.2590
    7535       2.1583
    7536       1.9315
    7537       1.7803
    7538       1.7463
    7539       1.7170
    7540       1.7173
    7541       1.5411
    7542       1.7436
    7543       1.5558
    7544       1.6605
    7545       1.7454
    7546       1.8025
    7547       1.9027
    7548       1.8781
    7549       1.9872
    7550       1.8946
    7551       1.9117
    7552       1.7612
    7553       1.8952
    7554       1.8934
    7555       1.6738
    7556       1.7303
    7557       1.7905
    7558       1.8022
    7559       1.8575
    7560       1.9929
    7561       2.0613
    7562       2.0478
    7563       2.1964
    7564       2.1386
    7565       2.1142
    7566       1.9728
    7567       1.9501
    7568       2.1745
    7569       2.2979
    7570       2.3724
    7571       2.2410
    7572       2.2144
    7573       2.1692
    7574       1.9877
    7575       1.9128
    7576       1.9494
    7577       2.0088
    7578       2.1541
    7579       2.0342
    7580       1.9378
    7581       1.8986
    7582       1.7604
    7583       1.7814
    7584       1.6521
    7585       1.7770
    7586       1.8160
    7587       1.7688
    7588       1.7120
    7589       1.7367
    7590       1.6097
    7591       1.5754
    7592       1.6656
    7593       1.7187
    7594       1.7126
    7595       1.9106
    7596       1.9519
    7597       2.0316
    7598       2.0326
    7599       2.1953
    7600       2.1282
    7601       2.3945
    7602       2.2479
    7603       2.1940
    7604       2.2044
    7605       2.0161
    7606       2.0340
    7607       1.9859
    7608       2.0679
    7609       2.1621
    7610       2.0566
    7611       1.9255
    7612       1.9193
    7613       2.0574
    7614       2.0006
    7615       2.2205
    7616       2.0693
    7617       2.1049
    7618       2.0936
    7619       2.2536
    7620       2.4989
    7621       2.3312
    7622       2.4402
    7623       2.5475
    7624       2.2597
    7625       2.2262
    7626       2.1743
    7627       2.0528
    7628       2.2496
    7629       2.1855
    7630       2.0928
    7631       2.2829
    7632       2.2578
    7633       2.2751
    7634       2.4317
    7635       2.1051
    7636       2.2272
    7637       2.1416
    7638       2.2060
    7639       2.0047
    7640       1.9788
    7641       1.8329
    7642       2.0772
    7643       2.1157
    7644       2.0413
    7645       1.9451
    7646       1.9983
    7647       2.0190
    7648       2.0012
    7649       2.0271
    7650       1.9861
    7651       1.7197
    7652       1.7730
    7653       1.6959
    7654       1.6318
    7655       1.7241
    7656       1.8270
    7657       1.9222
    7658       1.8311
    7659       1.9289
    7660       2.0757
    7661       2.0661
    7662       2.1731
    7663       2.1412
    7664       2.0200
    7665       2.0346
    7666       1.9638
    7667       1.8459
    7668       2.0176
    7669       2.0540
    7670       2.0603
    7671       1.8871
    7672       1.9800
    7673       2.0885
    7674       2.2983
    7675       2.3172
    7676       2.2586
    7677       2.3343
    7678       2.3205
    7679       2.3082
    7680       2.0413
    7681       2.0951
    7682       2.3980
    7683       2.3778
    7684       2.4243
    7685       2.3563
    7686       2.1999
    7687       2.2287
    7688       2.1139
    7689       2.0814
    7690       1.8268
    7691       1.7811
    7692       1.8447
    7693       2.1016
    7694       2.0518
    7695       1.9635
    7696       1.7466
    7697       1.8797
    7698       1.9202
    7699       1.9611
    7700       2.0763
    7701       2.1613
    7702       2.0054
    7703       1.9947
    7704       2.0534
    7705       1.9157
    7706       1.9668
    7707       2.0363
    7708       1.9444
    7709       1.9236
    7710       1.9341
    7711       1.9103
    7712       1.9391
    7713       1.9671
    7714       2.1484
    7715       2.0175
    7716       2.0691
    7717       2.1794
    7718       2.1145
    7719       2.0541
    7720       2.0504
    7721       1.9463
    7722       1.8013
    7723       1.8333
    7724       1.8033
    7725       1.7161
    7726       1.8676
    7727       1.8222
    7728       1.8971
    7729       2.0652
    7730       2.0014
    7731       2.2487
    7732       2.0082
    7733       1.8552
    7734       1.7386
    7735       1.7877
    7736       1.9252
    7737       2.0002
    7738       2.1062
    7739       2.1174
    7740       2.1715
    7741       2.0375
    7742       1.8627
    7743       1.7717
    7744       1.9844
    7745       2.2387
    7746       1.9644
    7747       1.9755
    7748       1.8290
    7749       1.9262
    7750       2.0193
    7751       2.1004
    7752       1.9515
    7753       2.0253
    7754       1.9682
    7755       1.8903
    7756       1.9990
    7757       2.0285
    7758       2.0913
    7759       2.0332
    7760       2.2347
    7761       2.0262
    7762       2.0410
    7763       1.9317
    7764       2.0294
    7765       2.0032
    7766       2.1432
    7767       2.1546
    7768       2.2908
    7769       2.1937
    7770       2.2446
    7771       2.2824
    7772       2.2131
    7773       2.3053
    7774       2.1026
    7775       2.1059
    7776       2.1704
    7777       2.1773
    7778       2.1181
    7779       2.3307
    7780       2.3645
    7781       2.3123
    7782       2.1735
    7783       2.2312
    7784       2.2284
    7785       2.2489
    7786       2.0451
    7787       2.2067
    7788       2.3757
    7789       2.1004
    7790       2.2579
    7791       2.3727
    7792       2.3683
    7793       2.1715
    7794       2.2233
    7795       2.1081
    7796       2.1356
    7797       2.1571
    7798       1.9373
    7799       2.1354
    7800       2.2507
    7801       1.9665
    7802       2.1461
    7803       2.2041
    7804       2.2434
    7805       2.4377
    7806       2.3159
    7807       2.3987
    7808       2.4494
    7809       2.3648
    7810       2.3456
    7811       2.3041
    7812       2.5133
    7813       2.4372
    7814       2.3226
    7815       2.2205
    7816       2.0985
    7817       2.2133
    7818       2.2248
    7819       2.1927
    7820       2.2469
    7821       2.2193
    7822       2.0284
    7823       1.9527
    7824       2.1976
    7825       2.4023
    7826       2.1057
    7827       2.0210
    7828       2.0411
    7829       2.0153
    7830       1.9664
    7831       2.0221
    7832       2.0924
    7833       2.1659
    7834       2.1330
    7835       2.1037
    7836       2.0129
    7837       2.2206
    7838       2.0143
    7839       1.8471
    7840       1.9018
    7841       2.0399
    7842       2.0186
    7843       2.0160
    7844       1.7670
    7845       1.9196
    7846       1.7522
    7847       1.8372
    7848       1.7458
    7849       1.7042
    7850       1.7512
    7851       1.8460
    7852       1.9887
    7853       1.8871
    7854       1.8423
    7855       2.1019
    7856       2.0123
    7857       2.0933
    7858       2.0764
    7859       2.0523
    7860       2.0312
    7861       2.0169
    7862       1.8541
    7863       1.8494
    7864       1.7497
    7865       1.6583
    7866       1.8941
    7867       1.9289
    7868       1.8265
    7869       1.9046
    7870       2.0210
    7871       1.8398
    7872       1.8313
    7873       1.9132
    7874       1.9223
    7875       1.9911
    7876       1.9308
    7877       1.9630
    7878       2.0391
    7879       2.0447
    7880       1.9651
    7881       1.9752
    7882       2.0595
    7883       1.9849
    7884       2.0806
    7885       2.0039
    7886       1.9071
    7887       1.9791
    7888       1.8931
    7889       2.0009
    7890       1.9813
    7891       1.9178
    7892       1.8037
    7893       1.7831
    7894       1.6887
    7895       1.8316
    7896       1.8458
    7897       1.8298
    7898       1.7987
    7899       1.8125
    7900       1.8001
    7901       1.8172
    7902       1.6806
    7903       1.7833
    7904       1.8766
    7905       1.9785
    7906       1.8775
    7907       1.8230
    7908       1.9571
    7909       1.8340
    7910       1.9091
    7911       1.8786
    7912       1.8996
    7913       1.7731
    7914       1.8289
    7915       1.6937
    7916       1.8000
    7917       1.7505
    7918       1.8309
    7919       1.8169
    7920       1.7734
    7921       1.5737
    7922       1.8307
    7923       1.8857
    7924       1.8808
    7925       1.9327
    7926       2.1113
    7927       1.9617
    7928       2.0740
    7929       2.2009
    7930       2.2078
    7931       2.0676
    7932       1.9461
    7933       1.9674
    7934       1.8354
    7935       1.8866
    7936       2.0098
    7937       1.9897
    7938       2.0886
    7939       2.3185
    7940       2.2164
    7941       2.0238
    7942       2.0953
    7943       1.9522
    7944       2.0586
    7945       1.8312
    7946       1.7278
    7947       1.7933
    7948       1.9412
    7949       1.8148
    7950       1.9598
    7951       1.9706
    7952       1.8746
    7953       1.8039
    7954       1.8584
    7955       1.9722
    7956       1.9028
    7957       1.7450
    7958       1.7057
    7959       1.8705
    7960       1.7537
    7961       1.6471
    7962       1.8521
    7963       1.7393
    7964       1.7685
    7965       1.6883
    7966       1.8415
    7967       1.7653
    7968       1.6295
    7969       1.6592
    7970       1.6539
    7971       1.7707
    7972       1.9358
    7973       1.9411
    7974       1.8340
    7975       1.9158
    7976       1.8111
    7977       1.6789
    7978       1.8462
    7979       1.8869
    7980       1.7386
    7981       1.6141
    7982       1.7803
    7983       1.7511
    7984       1.8802
    7985       1.6683
    7986       1.7894
    7987       1.8432
    7988       1.6360
    7989       1.7142
    7990       1.7711
    7991       1.9027
    7992       1.9601
    7993       1.8840
    7994       1.8363
    7995       1.9081
    7996       1.9017
    7997       1.9807
    7998       1.6697
    7999       1.6668
    8000       1.8470
    8001       2.0390
    8002       1.9619
    8003       1.9426
    8004       2.0560
    8005       2.0271
    8006       2.0354
    8007       1.9277
    8008       1.9149
    8009       2.0232
    8010       2.1390
    8011       1.9256
    8012       1.9433
    8013       2.0043
    8014       1.7939
    8015       1.8481
    8016       1.9972
    8017       1.8475
    8018       1.9914
    8019       1.9156
    8020       1.9091
    8021       1.9162
    8022       1.9222
    8023       1.8054
    8024       1.6843
    8025       1.8453
    8026       1.7436
    8027       1.8679
    8028       2.0555
    8029       2.0354
    8030       2.1681
    8031       2.2901
    8032       2.1761
    8033       2.2403
    8034       1.9603
    8035       2.0401
    8036       1.8892
    8037       1.7719
    8038       1.8073
    8039       1.9221
    8040       1.8716
    8041       1.8278
    8042       1.8638
    8043       1.7098
    8044       1.7681
    8045       1.6604
    8046       1.8119
    8047       1.8076
    8048       1.8872
    8049       1.9708
    8050       2.0916
    8051       2.1122
    8052       2.1088
    8053       1.9603
    8054       1.7560
    8055       1.6389
    8056       1.7841
    8057       1.6698
    8058       1.6941
    8059       1.8325
    8060       1.8718
    8061       1.7794
    8062       1.9070
    8063       1.8766
    8064       1.8963
    8065       1.7400
    8066       1.6829
    8067       1.5256
    8068       1.5569
    8069       1.7166
    8070       1.5525
    8071       1.5731
    8072       1.6670
    8073       1.8464
    8074       1.9392
    8075       1.9377
    8076       1.9519
    8077       1.9457
    8078       2.0131
    8079       1.8024
    8080       1.9134
    8081       2.0207
    8082       2.0527
    8083       2.0256
    8084       1.9740
    8085       2.0163
    8086       2.0410
    8087       2.0207
    8088       2.0228
    8089       2.1657
    8090       2.1122
    8091       2.1349
    8092       2.1175
    8093       2.1904
    8094       2.0503
    8095       1.9591
    8096       1.9679
    8097       2.2728
    8098       2.2569
    8099       2.1436
    8100       2.3023
    8101       2.1143
    8102       2.0026
    8103       2.0769
    8104       1.8835
    8105       1.9568
    8106       1.8701
    8107       1.9107
    8108       1.9251
    8109       2.0012
    8110       2.0083
    8111       1.9797
    8112       2.0277
    8113       1.9737
    8114       2.1760
    8115       2.2687
    8116       2.2378
    8117       2.2073
    8118       2.2534
    8119       2.2988
    8120       2.2534
    8121       2.1801
    8122       2.0677
    8123       2.0707
    8124       1.9683
    8125       2.0160
    8126       2.0836
    8127       1.9528
    8128       2.0495
    8129       1.9302
    8130       2.0589
    8131       2.0256
    8132       2.1462
    8133       2.1462
    8134       2.2255
    8135       2.2699
    8136       2.2284
    8137       2.3489
    8138       2.2137
    8139       2.1368
    8140       2.1801
    8141       2.3498
    8142       2.3585
    8143       2.1605
    8144       2.2075
    8145       2.3007
    8146       2.3889
    8147       2.1369
    8148       2.1127
    8149       1.9501
    8150       2.0037
    8151       2.0669
    8152       2.1423
    8153       2.2241
    8154       2.3462
    8155       2.2097
    8156       2.3366
    8157       2.2412
    8158       2.1443
    8159       2.1006
    8160       2.0756
    8161       2.0234
    8162       2.0582
    8163       2.0390
    8164       2.0367
    8165       2.0030
    8166       2.0599
    8167       2.2263
    8168       2.3101
    8169       2.3567
    8170       2.4729
    8171       2.1751
    8172       2.2255
    8173       2.1953
    8174       2.2625
    8175       2.1370
    8176       2.1387
    8177       2.2901
    8178       2.2442
    8179       2.0723
    8180       1.9360
    8181       1.9747
    8182       1.9343
    8183       2.1683
    8184       2.4430
    8185       2.3039
    8186       2.2835
    8187       2.2389
    8188       2.0935
    8189       2.0831
    8190       2.1465
    8191       1.8727
    8192       2.0027
    8193       2.1243
    8194       2.0238
    8195       1.7629
    8196       1.8080
    8197       1.7283
    8198       1.6588
    8199       1.7529
    8200       1.7145
    8201       1.7397
    8202       1.8015
    8203       1.7669
    8204       1.5847
    8205       1.5953
    8206       1.8308
    8207       1.8127
    8208       1.7652
    8209       1.6979
    8210       1.7525
    8211       1.7826
    8212       1.8011
    8213       1.7773
    8214       1.8963
    8215       1.9655
    8216       2.0135
    8217       1.9721
    8218       1.9162
    8219       2.0074
    8220       1.9731
    8221       2.2221
    8222       2.1660
    8223       2.0636
    8224       1.9613
    8225       2.0308
    8226       1.9299
    8227       2.0109
    8228       1.9457
    8229       1.7906
    8230       1.7220
    8231       1.7539
    8232       1.7378
    8233       1.7214
    8234       1.5589
    8235       1.7280
    8236       1.5968
    8237       1.6440
    8238       1.6000
    8239       1.6224
    8240       1.6705
    8241       1.8145
    8242       1.6931
    8243       1.8470
    8244       1.8692
    8245       1.8720
    8246       1.9258
    8247       1.8694
    8248       1.9038
    8249       1.9317
    8250       2.1895
    8251       1.9980
    8252       1.9286
    8253       1.8988
    8254       1.8532
    8255       1.8850
    8256       1.8046
    8257       2.0001
    8258       1.9750
    8259       1.9976
    8260       2.0741
    8261       1.8573
    8262       1.9176
    8263       1.9787
    8264       2.0669
    8265       1.9247
    8266       2.1250
    8267       1.8479
    8268       1.9853
    8269       2.0675
    8270       2.0586
    8271       1.9540
    8272       2.0033
    8273       2.1633
    8274       2.0300
    8275       2.1055
    8276       2.2568
    8277       2.1630
    8278       2.1979
    8279       2.2744
    8280       2.0942
    8281       2.0164
    8282       2.2075
    8283       2.2009
    8284       2.3846
    8285       2.1317
    8286       1.9882
    8287       2.0962
    8288       2.2121
    8289       2.1795
    8290       2.4907
    8291       2.4873
    8292       2.3985
    8293       2.2511
    8294       2.1054
    8295       2.0827
    8296       2.0674
    8297       2.1843
    8298       2.1931
    8299       2.2172
    8300       1.9580
    8301       2.1448
    8302       1.9939
    8303       2.1592
    8304       2.2910
    8305       2.2513
    8306       2.0015
    8307       2.0727
    8308       1.9104
    8309       1.8708
    8310       2.0240
    8311       2.1792
    8312       2.0778
    8313       2.3536
    8314       2.3371
    8315       2.0928
    8316       2.0769
    8317       2.1528
    8318       2.1569
    8319       2.2314
    8320       2.1605
    8321       2.3221
    8322       2.1860
    8323       2.1565
    8324       2.2513
    8325       2.2094
    8326       2.2049
    8327       2.2367
    8328       2.2625
    8329       2.4302
    8330       2.1864
    8331       2.3178
    8332       2.2717
    8333       2.3935
    8334       2.1994
    8335       2.3410
    8336       2.4745
    8337       2.2912
    8338       2.1725
    8339       2.1557
    8340       2.1383
    8341       2.1278
    8342       2.0485
    8343       2.0794
    8344       2.0980
    8345       2.0023
    8346       1.9693
    8347       2.2333
    8348       2.3552
    8349       2.1907
    8350       2.4001
    8351       2.4897
    8352       2.4073
    8353       2.3831
    8354       2.3297
    8355       2.2781
    8356       2.4107
    8357       2.2732
    8358       2.1528
    8359       2.1351
    8360       2.2616
    8361       2.2510
    8362       2.1121
    8363       2.0782
    8364       2.1112
    8365       2.1127
    8366       1.9534
    8367       1.7588
    8368       1.9107
    8369       1.9816
    8370       1.7530
    8371       1.8215
    8372       1.6531
    8373       1.7721
    8374       1.6126
    8375       1.7544
    8376       1.8776
    8377       1.8739
    8378       1.9111
    8379       1.8554
    8380       1.8771
    8381       1.8632
    8382       1.8701
    8383       1.7705
    8384       1.9458
    8385       2.0020
    8386       2.1683
    8387       2.1361
    8388       2.0199
    8389       1.9803
    8390       2.3755
    8391       2.4361
    8392       2.1916
    8393       2.2949
    8394       2.0427
    8395       2.0116
    8396       1.9731
    8397       1.9766
    8398       2.1731
    8399       2.1043
    8400       2.2954
    8401       2.1411
    8402       2.1683
    8403       2.0696
    8404       1.8461
    8405       1.8472
    8406       1.9980
    8407       2.0866
    8408       2.0108
    8409       1.9579
    8410       1.9863
    8411       2.1960
    8412       1.9829
    8413       2.1528
    8414       1.9885
    8415       2.0910
    8416       2.1259
    8417       1.9377
    8418       1.9737
    8419       1.8688
    8420       1.7073
    8421       1.9026
    8422       1.9598
    8423       1.9657
    8424       1.8662
    8425       1.8692
    8426       1.8033
    8427       1.9246
    8428       1.9107
    8429       1.9351
    8430       2.0470
    8431       1.7631
    8432       1.9023
    8433       1.8813
    8434       1.7920
    8435       1.7340
    8436       1.8687
    8437       1.8387
    8438       1.8208
    8439       1.9658
    8440       1.9612
    8441       2.1553
    8442       2.0469
    8443       2.1462
    8444       2.1950
    8445       2.1118
    8446       2.0575
    8447       1.9521
    8448       1.9039
    8449       1.9195
    8450       1.9070
    8451       1.9667
    8452       1.9632
    8453       1.9797
    8454       1.9529
    8455       1.8745
    8456       1.8368
    8457       1.9637
    8458       1.9377
    8459       1.9821
    8460       1.9268
    8461       1.9798
    8462       2.0884
    8463       1.9754
    8464       2.0266
    8465       2.2873
    8466       2.1122
    8467       1.9172
    8468       1.8870
    8469       1.8162
    8470       1.7410
    8471       2.0818
    8472       2.0940
    8473       2.2981
    8474       2.1432
    8475       2.0846
    8476       2.1868
    8477       2.0310
    8478       2.0106
    8479       2.0704
    8480       2.2130
    8481       2.1665
    8482       1.8846
    8483       2.1314
    8484       2.1553
    8485       1.9988
    8486       2.1486
    8487       2.1025
    8488       1.9835
    8489       2.2293
    8490       2.1499
    8491       2.1138
    8492       2.0356
    8493       1.9682
    8494       2.0325
    8495       2.0138
    8496       2.0388
    8497       2.2816
    8498       2.2504
    8499       2.1686
    8500       2.3279
    8501       2.1898
    8502       2.1713
    8503       2.3850
    8504       2.3377
    8505       2.4021
    8506       2.4563
    8507       2.4782
    8508       2.3277
    8509       2.1875
    8510       2.2293
    8511       2.3266
    8512       2.0140
    8513       2.2378
    8514       2.4368
    8515       2.2425
    8516       2.2341
    8517       1.9823
    8518       1.9842
    8519       2.0849
    8520       2.0306
    8521       1.9610
    8522       2.1593
    8523       2.0922
    8524       2.1948
    8525       2.2097
    8526       2.1478
    8527       2.0966
    8528       2.1698
    8529       2.1704
    8530       2.0569
    8531       1.8970
    8532       1.9313
    8533       2.0645
    8534       2.3311
    8535       2.4565
    8536       2.3719
    8537       2.1537
    8538       2.2675
    8539       2.2679
    8540       1.9907
    8541       2.0431
    8542       2.2047
    8543       2.3103
    8544       2.4005
    8545       2.4644
    8546       2.4103
    8547       2.3649
    8548       2.4837
    8549       2.4117
    8550       2.5506
    8551       2.4205
    8552       2.4265
    8553       2.4457
    8554       2.1977
    8555       2.1766
    8556       2.0796
    8557       2.1498
    8558       2.2243
    8559       2.0928
    8560       2.0390
    8561       1.9851
    8562       2.1891
    8563       2.0607
    8564       2.1282
    8565       2.1320
    8566       2.2326
    8567       2.2174
    8568       2.2227
    8569       2.1695
    8570       2.0279
    8571       2.1279
    8572       1.9177
    8573       2.0269
    8574       2.2025
    8575       2.1574
    8576       2.1250
    8577       2.0915
    8578       2.0475
    8579       2.1287
    8580       2.1023
    8581       1.9419
    8582       1.7415
    8583       1.8241
    8584       1.6563
    8585       1.8552
    8586       1.8358
    8587       2.0728
    8588       1.9046
    8589       1.9407
    8590       2.1637
    8591       1.9891
    8592       1.8927
    8593       1.8924
    8594       1.9838
    8595       1.8713
    8596       1.9098
    8597       1.9951
    8598       2.1175
    8599       2.2658
    8600       2.2444
    8601       2.3428
    8602       2.2771
    8603       2.4865
    8604       2.6012
    8605       2.5958
    8606       2.6177
    8607       2.5510
    8608       2.4953
    8609       2.2488
    8610       2.3726
    8611       2.3229
    8612       2.4813
    8613       2.3480
    8614       2.3724
    8615       2.3060
    8616       2.2289
    8617       2.3333
    8618       2.1744
    8619       2.2516
    8620       2.1143
    8621       2.1180
    8622       2.0101
    8623       2.4590
    8624       2.5052
    8625       2.4590
    8626       2.5104
    8627       2.4530
    8628       2.4737
    8629       2.4313
    8630       2.5587
    8631       2.2843
    8632       2.2543
    8633       2.4935
    8634       2.3752
    8635       2.2914
    8636       2.2429
    8637       1.9999
    8638       2.1056
    8639       2.1213
    8640       2.1372
    8641       2.0962
    8642       2.0929
    8643       2.4739
    8644       2.2496
    8645       1.9983
    8646       2.0899
    8647       2.1599
    8648       2.1767
    8649       2.3936
    8650       2.4043
    8651       2.5099
    8652       2.3029
    8653       2.3168
    8654       2.2002
    8655       2.1577
    8656       2.1051
    8657       2.2832
    8658       2.3888
    8659       2.2417
    8660       2.1888
    8661       2.3686
    8662       2.1536
    8663       2.2742
    8664       2.0945
    8665       2.1568
    8666       2.2209
    8667       2.1706
    8668       2.1180
    8669       2.1881
    8670       2.0671
    8671       2.1596
    8672       2.0694
    8673       2.0365
    8674       1.8220
    8675       1.7701
    8676       1.9405
    8677       2.0600
    8678       2.0515
    8679       2.0781
    8680       2.2662
    8681       2.0446
    8682       2.1439
    8683       2.3017
    8684       2.1434
    8685       2.2314
    8686       1.9840
    8687       2.2995
    8688       2.2668
    8689       2.3547
    8690       2.3511
    8691       2.5294
    8692       2.3962
    8693       2.1854
    8694       2.1931
    8695       2.2745
    8696       2.2659
    8697       2.3553
    8698       2.2136
    8699       2.2079
    8700       2.0544
    8701       1.8780
    8702       1.7804
    8703       1.8686
    8704       2.0085
    8705       1.8720
    8706       1.8661
    8707       1.7871
    8708       1.9729
    8709       1.6856
    8710       1.6459
    8711       1.6863
    8712       1.7073
    8713       1.8079
    8714       2.0245
    8715       1.6563
    8716       1.8645
    8717       2.1314
    8718       1.8622
    8719       2.0478
    8720       2.1369
    8721       2.0331
    8722       1.9542
    8723       2.0260
    8724       1.8569
    8725       1.7435
    8726       1.8356
    8727       1.9301
    8728       1.9424
    8729       1.9791
    8730       2.1040
    8731       2.1913
    8732       2.2221
    8733       1.9987
    8734       2.2206
    8735       2.1709
    8736       2.2897
    8737       2.1839
    8738       2.2835
    8739       2.0648
    8740       1.9296
    8741       1.9693
    8742       1.8295
    8743       1.7830
    8744       1.7522
    8745       1.8765
    8746       1.9774
    8747       1.9730
    8748       1.9582
    8749       2.0162
    8750       2.0004
    8751       2.1215
    8752       2.0494
    8753       1.9672
    8754       1.9388
    8755       1.9791
    8756       1.9529
    8757       2.0652
    8758       1.9370
    8759       1.9732
    8760       1.8139
    8761       1.8235
    8762       1.9552
    8763       2.0407
    8764       1.9499
    8765       1.9921
    8766       1.9083
    8767       1.9688
    8768       1.9901
    8769       2.0252
    8770       2.0312
    8771       2.0007
    8772       1.8903
    8773       1.8173
    8774       1.8285
    8775       1.8904
    8776       1.9852
    8777       1.8784
    8778       1.9784
    8779       1.8953
    8780       1.8770
    8781       1.8527
    8782       1.8812
    8783       1.8774
    8784       1.8886
    8785       1.8232
    8786       1.8392
    8787       1.9157
    8788       1.8299
    8789       1.9354
    8790       1.9154
    8791       1.9256
    8792       1.8622
    8793       1.8287
    8794       1.8788
    8795       1.9151
    8796       1.8588
    8797       1.8316
    8798       1.8504
    8799       1.7552
    8800       1.8127
    8801       1.8652
    8802       1.9009
    8803       1.8897
    8804       1.8290
    8805       1.9267
    8806       1.8701
    8807       1.8177
    8808       1.9767
    8809       1.8258
    8810       1.8275
    8811       1.8791
    8812       2.0053
    8813       1.8468
    8814       1.8576
    8815       1.8142
    8816       1.8355
    8817       1.7823
    8818       1.9331
    8819       1.8667
    8820       1.8146
    8821       1.9588
    8822       1.9343
    8823       1.9240
    8824       1.8580
    8825       1.8273
    8826       1.8066
    8827       1.7780
    8828       1.7438
    8829       1.7675
    8830       1.8635
    8831       1.9860
    8832       2.0856
    8833       2.0220
    8834       1.8912
    8835       1.9295
    8836       1.9112
    8837       1.8315
    8838       1.8119
    8839       1.7446
    8840       1.8205
    8841       1.8239
    8842       1.7927
    8843       1.7931
    8844       1.8696
    8845       1.7397
    8846       1.6768
    8847       1.6911
    8848       1.5955
    8849       1.7019
    8850       1.6844
    8851       1.8321
    8852       1.7620
    8853       1.8673
    8854       1.7451
    8855       1.7127
    8856       1.7017
    8857       1.6725
    8858       1.7749
    8859       1.5765
    8860       1.6284
    8861       1.5846
    8862       1.5852
    8863       1.7177
    8864       1.7550
    8865       1.8474
    8866       1.8486
    8867       2.0581
    8868       1.9177
    8869       2.1349
    8870       2.0529
    8871       1.9386
    8872       1.8787
    8873       1.9173
    8874       1.9167
    8875       1.9633
    8876       1.9765
    8877       2.0787
    8878       2.0094
    8879       1.9045
    8880       1.9466
    8881       1.9412
    8882       1.7785
    8883       1.9011
    8884       2.1856
    8885       2.0575
    8886       2.0555
    8887       2.0290
    8888       2.0239
    8889       2.0845
    8890       2.2283
    8891       2.3257
    8892       2.2084
    8893       2.2387
    8894       2.2179
    8895       2.1735
    8896       2.0305
    8897       1.9956
    8898       1.9195
    8899       2.0860
    8900       1.8497
    8901       2.0281
    8902       2.1000
    8903       2.0488
    8904       2.0354
    8905       2.1636
    8906       2.0535
    8907       2.0375
    8908       2.1054
    8909       2.0268
    8910       2.1756
    8911       2.1162
    8912       2.1765
    8913       2.3143
    8914       2.1564
    8915       2.2466
    8916       2.1561
    8917       2.1059
    8918       1.9632
    8919       2.0072
    8920       1.9215
    8921       1.9946
    8922       1.9203
    8923       2.0663
    8924       2.0764
    8925       2.0179
    8926       1.8402
    8927       1.8640
    8928       1.7898
    8929       1.9658
    8930       1.8702
    8931       1.8689
    8932       2.0430
    8933       1.7824
    8934       1.8173
    8935       1.7554
    8936       1.5345
    8937       1.7244
    8938       1.9784
    8939       1.9127
    8940       2.0276
    8941       2.0010
    8942       2.0626
    8943       2.0246
    8944       2.0753
    8945       1.9584
    8946       1.9518
    8947       1.9548
    8948       1.9559
    8949       1.9407
    8950       1.8242
    8951       1.9028
    8952       1.7960
    8953       2.0205
    8954       2.1300
    8955       2.0867
    8956       2.0766
    8957       2.2669
    8958       2.1056
    8959       2.0348
    8960       1.9983
    8961       2.0580
    8962       1.9835
    8963       1.9245
    8964       2.0297
    8965       1.7730
    8966       1.8342
    8967       1.7938
    8968       1.7566
    8969       1.8288
    8970       1.7995
    8971       1.8021
    8972       1.8285
    8973       1.8127
    8974       1.7827
    8975       1.7639
    8976       1.7916
    8977       1.8374
    8978       1.7045
    8979       1.6587
    8980       1.8015
    8981       1.8613
    8982       1.6516
    8983       1.7509
    8984       1.7471
    8985       1.9033
    8986       1.8711
    8987       1.8121
    8988       1.8837
    8989       1.8660
    8990       1.8038
    8991       1.8351
    8992       1.9355
    8993       1.9348
    8994       1.8080
    8995       1.8075
    8996       1.7756
    8997       1.7067
    8998       1.6695
    8999       1.7289
    9000       1.7642
    9001       1.7883
    9002       1.7337
    9003       1.7813
    9004       1.7906
    9005       1.6526
    9006       1.8011
    9007       1.8746
    9008       1.6988
    9009       1.7600
    9010       1.6177
    9011       1.6656
    9012       1.6309
    9013       1.6251
    9014       1.6527
    9015       1.6522
    9016       1.5662
    9017       1.5387
    9018       1.4991
    9019       1.4754
    9020       1.5124
    9021       1.5536
    9022       1.5667
    9023       1.6219
    9024       1.7300
    9025       1.6492
    9026       1.7471
    9027       1.7814
    9028       1.7053
    9029       1.7927
    9030       1.6266
    9031       1.7123
    9032       1.6845
    9033       1.7448
    9034       1.8472
    9035       1.9155
    9036       1.8120
    9037       1.7842
    9038       1.7636
    9039       1.9694
    9040       1.9190
    9041       2.0425
    9042       2.2477
    9043       2.1354
    9044       2.0059
    9045       2.1561
    9046       2.1966
    9047       2.1238
    9048       2.2429
    9049       2.1171
    9050       2.2796
    9051       2.1535
    9052       2.0975
    9053       2.0258
    9054       2.0114
    9055       2.1466
    9056       2.1227
    9057       1.8586
    9058       1.7729
    9059       1.9428
    9060       1.9920
    9061       2.0052
    9062       1.9897
    9063       1.9033
    9064       1.7950
    9065       1.8381
    9066       1.8697
    9067       1.9909
    9068       2.0432
    9069       1.9716
    9070       1.9590
    9071       1.7774
    9072       1.8613
    9073       1.7322
    9074       1.7738
    9075       1.7433
    9076       1.7441
    9077       1.8083
    9078       1.7671
    9079       1.8646
    9080       1.8021
    9081       1.8367
    9082       1.9304
    9083       1.9741
    9084       2.0257
    9085       2.0008
    9086       1.8014
    9087       1.9554
    9088       1.9344
    9089       1.8122
    9090       1.8732
    9091       1.8841
    9092       2.0028
    9093       1.9851
    9094       2.1502
    9095       2.0641
    9096       2.1006
    9097       1.9895
    9098       1.9599
    9099       1.9897
    9100       1.9820
    9101       2.0743
    9102       2.0436
    9103       1.9835
    9104       2.1684
    9105       1.9190
    9106       2.0152
    9107       1.9842
    9108       2.0620
    9109       1.9568
    9110       1.9303
    9111       1.9676
    9112       1.9846
    9113       1.9811
    9114       1.9357
    9115       1.6892
    9116       1.7964
    9117       1.8195
    9118       1.7160
    9119       1.6481
    9120       1.7876
    9121       1.6533
    9122       1.7228
    9123       1.7062
    9124       1.6478
    9125       1.7331
    9126       1.7023
    9127       1.8269
    9128       1.8238
    9129       1.7140
    9130       1.6778
    9131       1.7796
    9132       1.7755
    9133       1.7808
    9134       1.8226
    9135       1.8643
    9136       1.8046
    9137       1.7712
    9138       1.7854
    9139       1.7204
    9140       1.8642
    9141       1.9736
    9142       1.8310
    9143       1.8642
    9144       1.9596
    9145       1.9879
    9146       1.8030
    9147       1.7105
    9148       1.6395
    9149       1.7298
    9150       1.7087
    9151       1.7202
    9152       1.8545
    9153       1.8200
    9154       1.7829
    9155       1.7899
    9156       1.7382
    9157       1.8011
    9158       1.8228
    9159       1.8590
    9160       1.8791
    9161       1.7216
    9162       1.8033
    9163       1.7061
    9164       1.5931
    9165       1.6508
    9166       1.6880
    9167       1.7480
    9168       1.8317
    9169       1.7840
    9170       1.6197
    9171       1.6702
    9172       1.6608
    9173       1.6697
    9174       1.8045
    9175       1.8675
    9176       1.9401
    9177       1.9144
    9178       1.8781
    9179       1.7968
    9180       1.8991
    9181       1.7334
    9182       1.9686
    9183       1.7596
    9184       1.9893
    9185       1.9422
    9186       1.7994
    9187       1.7426
    9188       1.7998
    9189       1.7220
    9190       1.6008
    9191       1.5401
    9192       1.6241
    9193       1.6910
    9194       1.6292
    9195       1.6456
    9196       1.5596
    9197       1.6299
    9198       1.8697
    9199       2.1087
    9200       2.0359
    9201       1.8638
    9202       1.9453
    9203       1.8153
    9204       1.9295
    9205       1.8263
    9206       1.7198
    9207       1.7411
    9208       1.8018
    9209       1.7590
    9210       1.7903
    9211       1.7204
    9212       1.8183
    9213       1.8258
    9214       1.7709
    9215       1.6766
    9216       1.8097
    9217       1.5635
    9218       1.5401
    9219       1.6008
    9220       1.6821
    9221       1.6697
    9222       1.6010
    9223       1.7258
    9224       1.5507
    9225       1.5802
    9226       1.6187
    9227       1.6162
    9228       1.5900
    9229       1.5918
    9230       1.6289
    9231       1.6973
    9232       1.6875
    9233       1.7261
    9234       1.8476
    9235       1.8845
    9236       1.8734
    9237       2.0002
    9238       1.8820
    9239       1.8880
    9240       1.8819
    9241       1.8644
    9242       1.8702
    9243       1.7609
    9244       1.7809
    9245       1.6680
    9246       1.6381
    9247       1.7458
    9248       1.9053
    9249       1.9278
    9250       2.0548
    9251       2.0298
    9252       1.9374
    9253       1.9296
    9254       2.1323
    9255       1.9359
    9256       2.1032
    9257       2.0048
    9258       1.9004
    9259       1.8949
    9260       1.9437
    9261       1.9501
    9262       1.9728
    9263       2.0185
    9264       2.1437
    9265       2.0325
    9266       2.0043
    9267       2.0935
    9268       2.0163
    9269       1.8314
    9270       1.9741
    9271       1.9646
    9272       1.7462
    9273       1.8804
    9274       1.9164
    9275       1.9314
    9276       1.8440
    9277       1.9007
    9278       1.8912
    9279       2.1480
    9280       2.0209
    9281       1.9405
    9282       2.0761
    9283       2.0362
    9284       2.0325
    9285       1.9694
    9286       2.0392
    9287       2.0389
    9288       2.0635
    9289       2.0231
    9290       1.9618
    9291       1.9018
    9292       1.9935
    9293       2.0235
    9294       1.9809
    9295       1.9836
    9296       1.8010
    9297       1.7106
    9298       1.8424
    9299       1.6900
    9300       1.8032
    9301       1.8313
    9302       1.6557
    9303       1.7952
    9304       1.7740
    9305       1.8137
    9306       1.7566
    9307       1.9336
    9308       1.8959
    9309       1.9172
    9310       1.9138
    9311       2.0504
    9312       2.1494
    9313       2.0423
    9314       2.0523
    9315       2.0468
    9316       1.9654
    9317       2.0753
    9318       2.1702
    9319       2.0666
    9320       2.1308
    9321       2.1152
    9322       2.3176
    9323       2.1889
    9324       2.4013
    9325       2.3094
    9326       2.1814
    9327       2.0460
    9328       2.0094
    9329       1.9686
    9330       2.0020
    9331       1.7766
    9332       1.7803
    9333       1.7249
    9334       1.7052
    9335       1.7176
    9336       1.8072
    9337       1.9061
    9338       1.8895
    9339       1.7981
    9340       1.8812
    9341       1.9159
    9342       1.9859
    9343       1.9633
    9344       1.9519
    9345       1.8746
    9346       1.8593
    9347       1.9201
    9348       1.9953
    9349       1.8252
    9350       1.8414
    9351       1.7737
    9352       1.7144
    9353       1.7060
    9354       1.6425
    9355       1.7448
    9356       1.6029
    9357       1.6379
    9358       1.5653
    9359       1.6471
    9360       1.5758
    9361       1.5322
    9362       1.7607
    9363       1.7324
    9364       1.7231
    9365       1.7682
    9366       1.7878
    9367       1.8025
    9368       1.8327
    9369       1.8397
    9370       1.9762
    9371       1.8124
    9372       1.8217
    9373       1.7868
    9374       2.0149
    9375       1.9497
    9376       2.0397
    9377       1.9527
    9378       1.8890
    9379       1.9010
    9380       1.7353
    9381       1.6949
    9382       1.7074
    9383       1.6627
    9384       1.6688
    9385       1.6758
    9386       1.7381
    9387       1.7461
    9388       1.7417
    9389       1.7009
    9390       1.7514
    9391       1.7256
    9392       1.6656
    9393       1.6041
    9394       1.6256
    9395       1.6953
    9396       1.6651
    9397       1.6695
    9398       1.6252
    9399       1.6881
    9400       1.7387
    9401       1.7318
    9402       1.6409
    9403       1.6341
    9404       1.6636
    9405       1.7434
    9406       1.8159
    9407       1.8563
    9408       1.7233
    9409       1.6660
    9410       1.7823
    9411       1.8474
    9412       1.8475
    9413       1.7673
    9414       1.9086
    9415       1.8378
    9416       1.7471
    9417       1.6712
    9418       1.7435
    9419       1.7795
    9420       1.9226
    9421       1.8149
    9422       1.7343
    9423       1.8340
    9424       1.7029
    9425       1.6986
    9426       1.8379
    9427       1.7780
    9428       1.7745
    9429       1.7732
    9430       1.7049
    9431       1.7707
    9432       1.7316
    9433       1.7207
    9434       1.7951
    9435       1.8727
    9436       1.8614
    9437       1.8880
    9438       1.9427
    9439       1.8258
    9440       1.8393
    9441       1.7906
    9442       1.7712
    9443       1.5816
    9444       1.6233
    9445       1.5475
    9446       1.5604
    9447       1.7515
    9448       1.8120
    9449       1.7879
    9450       1.6348
    9451       1.7795
    9452       1.7845
    9453       1.8346
    9454       1.7067
    9455       1.7483
    9456       1.6961
    9457       1.7770
    9458       1.8099
    9459       1.9549
    9460       1.9056
    9461       1.9158
    9462       1.9454
    9463       2.0161
    9464       1.9090
    9465       1.9004
    9466       1.9347
    9467       2.0583
    9468       2.1108
    9469       2.1499
    9470       2.2400
    9471       2.2069
    9472       2.2151
    9473       2.2301
    9474       2.2634
    9475       2.2223
    9476       2.0670
    9477       2.0877
    9478       2.0617
    9479       2.0756
    9480       2.1046
    9481       2.0266
    9482       2.0571
    9483       1.9856
    9484       1.9616
    9485       2.0734
    9486       2.0332
    9487       1.9954
    9488       1.9896
    9489       1.8300
    9490       1.8687
    9491       2.0258
    9492       2.0934
    9493       2.0438
    9494       1.9791
    9495       2.0070
    9496       1.9297
    9497       2.0019
    9498       2.0448
    9499       1.9490
    9500       1.9866
    9501       2.0560
    9502       1.9589
    9503       2.0040
    9504       2.2362
    9505       1.9513
    9506       2.0805
    9507       2.1188
    9508       1.9723
    9509       2.0218
    9510       1.9413
    9511       2.0244
    9512       2.0523
    9513       2.1146
    9514       2.1651
    9515       2.1548
    9516       2.0498
    9517       1.8818
    9518       1.7975
    9519       1.9285
    9520       1.7887
    9521       1.9037
    9522       1.9538
    9523       2.0115
    9524       2.0055
    9525       2.1293
    9526       2.3078
    9527       1.9442
    9528       2.2239
    9529       2.2874
    9530       2.1673
    9531       2.1999
    9532       2.1344
    9533       2.1754
    9534       1.9893
    9535       1.8424
    9536       1.7675
    9537       1.7892
    9538       1.8809
    9539       1.7296
    9540       1.7929
    9541       1.8684
    9542       1.9235
    9543       1.8812
    9544       1.8898
    9545       1.8572
    9546       1.8519
    9547       1.8541
    9548       1.8984
    9549       2.0236
    9550       2.1170
    9551       2.2023
    9552       2.0715
    9553       2.2647
    9554       2.0186
    9555       1.9585
    9556       2.0420
    9557       1.8682
    9558       2.0812
    9559       1.8307
    9560       1.7113
    9561       1.7542
    9562       1.6257
    9563       1.6711
    9564       1.9002
    9565       1.8620
    9566       1.7023
    9567       1.7726
    9568       2.0346
    9569       1.9521
    9570       1.9455
    9571       1.9999
    9572       2.0590
    9573       2.0511
    9574       2.0671
    9575       1.9569
    9576       1.9703
    9577       1.9712
    9578       1.9401
    9579       2.0154
    9580       2.0671
    9581       2.0512
    9582       2.1983
    9583       1.9354
    9584       2.0388
    9585       1.9409
    9586       2.0121
    9587       2.0295
    9588       1.8331
    9589       1.7602
    9590       1.8576
    9591       1.7571
    9592       1.7782
    9593       1.8108
    9594       1.8873
    9595       1.8454
    9596       1.8141
    9597       1.7911
    9598       1.9362
    9599       1.7762
    9600       1.9212
    9601       1.9081
    9602       2.0188
    9603       2.0788
    9604       2.2116
    9605       2.1021
    9606       2.2560
    9607       2.2486
    9608       2.2908
    9609       2.2371
    9610       2.1889
    9611       2.2155
    9612       2.1079
    9613       2.2077
    9614       2.4386
    9615       2.3035
    9616       2.4111
    9617       2.2914
    9618       2.1237
    9619       2.1939
    9620       2.2790
    9621       2.2175
    9622       1.9694
    9623       2.0691
    9624       2.1358
    9625       2.2222
    9626       2.0327
    9627       2.0519
    9628       1.9587
    9629       1.9846
    9630       1.9166
    9631       2.0045
    9632       2.0474
    9633       1.8997
    9634       1.8795
    9635       2.0983
    9636       1.9638
    9637       1.9848
    9638       1.9074
    9639       1.9543
    9640       2.0607
    9641       2.0196
    9642       1.9487
    9643       1.8622
    9644       1.8374
    9645       1.8559
    9646       2.1429
    9647       2.0036
    9648       1.8399
    9649       1.8434
    9650       1.8602
    9651       1.9667
    9652       2.0287
    9653       1.9395
    9654       1.8293
    9655       1.7930
    9656       1.9015
    9657       1.8647
    9658       1.8616
    9659       1.8476
    9660       1.8131
    9661       2.1526
    9662       2.1256
    9663       1.8818
    9664       1.9555
    9665       2.0024
    9666       1.8111
    9667       1.6073
    9668       1.6564
    9669       1.7800
    9670       1.8056
    9671       1.8894
    9672       1.6679
    9673       1.8498
    9674       2.0010
    9675       1.8985
    9676       1.9590
    9677       1.7403
    9678       1.9324
    9679       1.9324
    9680       1.7767
    9681       1.7199
    9682       1.7109
    9683       1.6914
    9684       1.6475
    9685       1.6641
    9686       1.6146
    9687       1.7104
    9688       1.5939
    9689       1.5286
    9690       1.5824
    9691       1.7017
    9692       1.5646
    9693       1.6093
    9694       1.6874
    9695       1.6326
    9696       1.6257
    9697       1.6539
    9698       1.6868
    9699       1.6048
    9700       1.6441
    9701       1.8272
    9702       1.7712
    9703       1.7274
    9704       1.5726
    9705       1.6381
    9706       1.7538
    9707       1.7669
    9708       1.7248
    9709       1.7141
    9710       1.7800
    9711       1.7179
    9712       1.6746
    9713       1.6970
    9714       1.6692
    9715       1.6264
    9716       1.7159
    9717       1.8764
    9718       1.6898
    9719       1.7833
    9720       1.8945
    9721       1.8043
    9722       1.7050
    9723       1.8405
    9724       1.8643
    9725       1.8520
    9726       1.8245
    9727       1.7938
    9728       1.6739
    9729       1.7111
    9730       1.6223
    9731       1.5049
    9732       1.6267
    9733       1.5754
    9734       1.6151
    9735       1.6643
    9736       1.5883
    9737       1.6313
    9738       1.5722
    9739       1.4697
    9740       1.6715
    9741       1.6555
    9742       1.6484
    9743       1.6495
    9744       1.6577
    9745       1.6513
    9746       1.5315
    9747       1.5514
    9748       1.6439
    9749       1.5502
    9750       1.5882
    9751       1.6161
    9752       1.5492
    9753       1.5536
    9754       1.6018
    9755       1.6979
    9756       1.7064
    9757       1.6663
    9758       1.8368
    9759       1.8444
    9760       1.8554
    9761       2.0391
    9762       2.0343
    9763       1.9888
    9764       1.8984
    9765       1.8175
    9766       1.9039
    9767       1.6833
    9768       1.6392
    9769       1.4538
    9770       1.5797
    9771       1.5241
    9772       1.6548
    9773       1.6069
    9774       1.5786
    9775       1.5981
    9776       1.5857
    9777       1.6356
    9778       1.5620
    9779       1.6669
    9780       1.6906
    9781       1.5253
    9782       1.6629
    9783       1.6811
    9784       1.6306
    9785       1.6648
    9786       1.7148
    9787       1.8744
    9788       1.7949
    9789       1.7287
    9790       1.8076
    9791       1.6545
    9792       1.7275
    9793       1.7234
    9794       1.6363
    9795       1.5569
    9796       1.6622
    9797       1.6397
    9798       1.7301
    9799       1.7130
    9800       1.7455
    9801       1.7560
    9802       1.7321
    9803       1.7257
    9804       1.6973
    9805       1.6380
    9806       1.5778
    9807       1.6614
    9808       1.7400
    9809       1.7280
    9810       1.7489
    9811       1.7381
    9812       1.7166
    9813       1.8741
    9814       1.8698
    9815       1.9575
    9816       2.0234
    9817       1.7328
    9818       1.7892
    9819       1.6931
    9820       1.6675
    9821       1.8097
    9822       1.8125
    9823       1.8599
    9824       1.7782
    9825       1.6426
    9826       1.6523
    9827       1.5561
    9828       1.7538
    9829       1.8495
    9830       1.7472
    9831       1.7648
    9832       1.7798
    9833       1.7901
    9834       1.9035
    9835       1.7823
    9836       1.7899
    9837       1.7750
    9838       1.8336
    9839       1.8395
    9840       1.8896
    9841       1.8480
    9842       1.8314
    9843       1.8288
    9844       1.7527
    9845       1.8268
    9846       1.7576
    9847       1.8512
    9848       2.0469
    9849       2.0503
    9850       2.0598
    9851       1.9712
    9852       2.0572
    9853       2.0998
    9854       2.0505
    9855       2.0216
    9856       1.8531
    9857       1.9495
    9858       2.0431
    9859       2.1826
    9860       2.1479
    9861       2.3295
    9862       2.3092
    9863       2.1557
    9864       2.0379
    9865       2.0835
    9866       2.0811
    9867       2.1706
    9868       2.1334
    9869       2.1787
    9870       2.1645
    9871       2.4458
    9872       2.2804
    9873       2.0678
    9874       1.9458
    9875       1.8852
    9876       1.9746
    9877       1.9485
    9878       1.7833
    9879       1.9028
    9880       1.9081
    9881       1.8785
    9882       1.9683
    9883       1.9076
    9884       1.8759
    9885       1.9372
    9886       2.0872
    9887       2.0520
    9888       2.0069
    9889       1.9317
    9890       1.8812
    9891       2.0320
    9892       1.9027
    9893       1.8176
    9894       1.9533
    9895       1.9324
    9896       1.8412
    9897       1.8276
    9898       1.8386
    9899       1.7640
    9900       1.7292
    9901       1.8462
    9902       1.8626
    9903       1.8279
    9904       1.7979
    9905       1.9146
    9906       1.9304
    9907       1.7832
    9908       1.7828
    9909       1.8186
    9910       1.8124
    9911       1.8110
    9912       1.8459
    9913       1.6707
    9914       1.7689
    9915       1.7619
    9916       1.7311
    9917       1.7286
    9918       1.8867
    9919       1.8770
    9920       1.7530
    9921       1.7472
    9922       1.7578
    9923       1.7656
    9924       1.8241
    9925       1.8907
    9926       1.8689
    9927       1.8157
    9928       1.8435
    9929       1.9525
    9930       1.8773
    9931       1.8299
    9932       1.6924
    9933       1.6592
    9934       1.6147
    9935       1.6764
    9936       1.8473
    9937       1.7623
    9938       1.6564
    9939       1.8012
    9940       1.8620
    9941       1.7501
    9942       1.7527
    9943       1.6548
    9944       1.6826
    9945       1.7510
    9946       1.7866
    9947       1.9476
    9948       1.7855
    9949       1.7898
    9950       1.9316
    9951       1.9018
    9952       1.9835
    9953       1.8878
    9954       1.8900
    9955       2.0646
    9956       1.9900
    9957       2.0038
    9958       1.9741
    9959       1.9064
    9960       1.9577
    9961       1.9003
    9962       1.7430
    9963       1.8280
    9964       1.8654
    9965       1.8226
    9966       1.8415
    9967       2.1193
    9968       2.0331
    9969       2.2994
    9970       2.1077
    9971       1.9137
    9972       2.0014
    9973       1.9202
    9974       1.9729
    9975       1.9543
    9976       1.8474
    9977       1.9120
    9978       2.0677
    9979       1.8871
    9980       2.0081
    9981       1.8938
    9982       1.9804
    9983       2.2563
    9984       2.1480
    9985       2.0262
    9986       1.9681
    9987       1.8925
    9988       1.9895
    9989       1.9756
    9990       2.0021
    9991       1.8671
    9992       2.0456
    9993       2.0272
    9994       2.0742
    9995       2.0239
    9996       1.8823
    9997       1.8963
    9998       1.8709
    9999       2.0649
   10000       2.1030
