#Frame     RMSD_00002
       1       0.0000
       2       0.7427
       3       0.8141
       4       1.0023
       5       1.0785
       6       1.0859
       7       0.8302
       8       1.0435
       9       0.8896
      10       1.0053
      11       1.0228
      12       0.9299
      13       0.9745
      14       0.9699
      15       1.0903
      16       0.9940
      17       0.9928
      18       0.8862
      19       0.9410
      20       0.8712
      21       0.8071
      22       0.9882
      23       0.9964
      24       0.8169
      25       0.8991
      26       0.8967
      27       0.9828
      28       1.1006
      29       1.0786
      30       1.1422
      31       1.3017
      32       1.2862
      33       1.3888
      34       1.3215
      35       1.5626
      36       1.4794
      37       1.6043
      38       1.3745
      39       1.4206
      40       1.4682
      41       1.3884
      42       1.3127
      43       1.4319
      44       1.5655
      45       1.6420
      46       1.8149
      47       1.7564
      48       1.8708
      49       1.6690
      50       1.5355
      51       1.5659
      52       1.5182
      53       1.6223
      54       1.6442
      55       1.7398
      56       1.7901
      57       1.7073
      58       1.9503
      59       1.6298
      60       1.7267
      61       1.6666
      62       1.7062
      63       1.7203
      64       1.6694
      65       1.6904
      66       1.6803
      67       1.6358
      68       1.6390
      69       1.6581
      70       1.6159
      71       1.6337
      72       1.5652
      73       1.6014
      74       1.4503
      75       1.7533
      76       1.5555
      77       1.5095
      78       1.5780
      79       1.5874
      80       1.6186
      81       1.7673
      82       1.8776
      83       1.7540
      84       1.5610
      85       1.6991
      86       1.5398
      87       1.6139
      88       1.7045
      89       1.7066
      90       1.7916
      91       1.6777
      92       1.6939
      93       1.5395
      94       1.7173
      95       1.5848
      96       1.6017
      97       1.5978
      98       1.7543
      99       1.8000
     100       1.8007
     101       1.6229
     102       1.5359
     103       1.5664
     104       1.5766
     105       1.5007
     106       1.6835
     107       1.7735
     108       2.0335
     109       1.9651
     110       1.6418
     111       1.6043
     112       1.4269
     113       1.5197
     114       1.5756
     115       1.5927
     116       1.6997
     117       1.6798
     118       1.7357
     119       1.6625
     120       1.5754
     121       1.3640
     122       1.2187
     123       1.3467
     124       1.3741
     125       1.3696
     126       1.1258
     127       1.0942
     128       1.3260
     129       1.2557
     130       1.3386
     131       1.2794
     132       1.3334
     133       1.4280
     134       1.5760
     135       1.4958
     136       1.4748
     137       1.6917
     138       1.6627
     139       1.6541
     140       1.6913
     141       1.7717
     142       1.7792
     143       1.8429
     144       2.0802
     145       1.8941
     146       1.6120
     147       1.7646
     148       1.5103
     149       1.3361
     150       1.4623
     151       1.6100
     152       1.5827
     153       1.5853
     154       1.6085
     155       1.5806
     156       1.3305
     157       1.4738
     158       1.4686
     159       1.3446
     160       1.1990
     161       1.1568
     162       1.2357
     163       1.2301
     164       1.2308
     165       1.3274
     166       1.4142
     167       1.4234
     168       1.6197
     169       1.5770
     170       1.5328
     171       1.5796
     172       1.5870
     173       1.7390
     174       1.6072
     175       1.5831
     176       1.6316
     177       1.6958
     178       1.5534
     179       1.6439
     180       1.6015
     181       1.5560
     182       1.6452
     183       1.6246
     184       1.6123
     185       1.6758
     186       1.4666
     187       1.3337
     188       1.3657
     189       1.3508
     190       1.4314
     191       1.4084
     192       1.3940
     193       1.4392
     194       1.4379
     195       1.5599
     196       1.5067
     197       1.6115
     198       1.5925
     199       1.8436
     200       1.7170
     201       1.7397
     202       1.6600
     203       1.6088
     204       1.6533
     205       1.6577
     206       1.5336
     207       1.6567
     208       1.5794
     209       1.8284
     210       1.6954
     211       1.7090
     212       1.7823
     213       1.7029
     214       1.6489
     215       1.6383
     216       1.8650
     217       1.5929
     218       1.7079
     219       1.6563
     220       1.4142
     221       1.5382
     222       1.5350
     223       1.6040
     224       1.6317
     225       1.8845
     226       1.6312
     227       1.5765
     228       1.7240
     229       1.7101
     230       1.6416
     231       1.8176
     232       1.8181
     233       1.8581
     234       1.9515
     235       1.9434
     236       2.0723
     237       1.9805
     238       1.9663
     239       2.0908
     240       1.8508
     241       1.8844
     242       2.0260
     243       2.2335
     244       2.1503
     245       2.0662
     246       2.1299
     247       2.1018
     248       2.0182
     249       2.3476
     250       2.0076
     251       1.9070
     252       2.1182
     253       1.9661
     254       2.0577
     255       1.9052
     256       1.6923
     257       1.8438
     258       2.0759
     259       1.8740
     260       1.8488
     261       1.6754
     262       1.6475
     263       1.6969
     264       1.9860
     265       2.0394
     266       1.8204
     267       1.8971
     268       2.0072
     269       2.1154
     270       2.1954
     271       2.1456
     272       2.1299
     273       2.1574
     274       2.2716
     275       2.4902
     276       2.4034
     277       2.1763
     278       1.9075
     279       2.2673
     280       2.1339
     281       1.9815
     282       2.1166
     283       2.1661
     284       2.0453
     285       1.8431
     286       1.8466
     287       1.8766
     288       1.7563
     289       1.8758
     290       1.9161
     291       1.8466
     292       1.9390
     293       1.9447
     294       1.8330
     295       1.7739
     296       1.9593
     297       1.8489
     298       1.8318
     299       2.0066
     300       2.0513
     301       1.9520
     302       2.0999
     303       2.2739
     304       2.1677
     305       2.2753
     306       2.4042
     307       2.2500
     308       2.0194
     309       2.0606
     310       2.3158
     311       2.3045
     312       2.2369
     313       2.2707
     314       2.2498
     315       2.2231
     316       2.2727
     317       2.1162
     318       2.1474
     319       1.8482
     320       1.8496
     321       1.7168
     322       2.0023
     323       2.0005
     324       1.9892
     325       2.1542
     326       2.1436
     327       2.2127
     328       2.2119
     329       2.3868
     330       2.5032
     331       2.3580
     332       2.5266
     333       2.5825
     334       2.4681
     335       2.6277
     336       2.8053
     337       2.7866
     338       2.9384
     339       2.8945
     340       2.6166
     341       2.6465
     342       2.6544
     343       2.4118
     344       2.2669
     345       2.4193
     346       2.6448
     347       2.7443
     348       2.1508
     349       2.2469
     350       2.2204
     351       2.3516
     352       2.2072
     353       2.1239
     354       2.3104
     355       2.1547
     356       2.2836
     357       2.1742
     358       2.0912
     359       2.1090
     360       2.1829
     361       2.0313
     362       1.9500
     363       2.1002
     364       2.0688
     365       1.9460
     366       2.0048
     367       1.9648
     368       2.1220
     369       2.0276
     370       2.1362
     371       2.0513
     372       2.1395
     373       2.1083
     374       2.1123
     375       2.1336
     376       2.0670
     377       1.9587
     378       1.9496
     379       1.8843
     380       2.1149
     381       2.1946
     382       2.2332
     383       1.9991
     384       1.9199
     385       1.9677
     386       2.1318
     387       2.1090
     388       2.2418
     389       2.1627
     390       2.0821
     391       2.2976
     392       2.3756
     393       2.2279
     394       2.2026
     395       2.0491
     396       2.1443
     397       2.1047
     398       2.1689
     399       2.0752
     400       2.0800
     401       2.0680
     402       1.9252
     403       2.0614
     404       2.2498
     405       2.3623
     406       2.3975
     407       2.3925
     408       2.2394
     409       2.2298
     410       2.1209
     411       2.0653
     412       2.0140
     413       2.1448
     414       2.1626
     415       2.1313
     416       2.2260
     417       2.2982
     418       2.2568
     419       2.3299
     420       2.3961
     421       2.3427
     422       2.3445
     423       2.5009
     424       2.6712
     425       2.4878
     426       2.7129
     427       2.8026
     428       2.7794
     429       2.7336
     430       2.7133
     431       2.5819
     432       2.6871
     433       2.6425
     434       2.5071
     435       2.5187
     436       2.5488
     437       2.5474
     438       2.4658
     439       2.5308
     440       2.2082
     441       2.3661
     442       2.5234
     443       2.4881
     444       2.4260
     445       2.1353
     446       2.1322
     447       2.0271
     448       2.0640
     449       1.9294
     450       1.9866
     451       2.1162
     452       2.0697
     453       2.0372
     454       2.1206
     455       2.0498
     456       2.2676
     457       2.1752
     458       2.2877
     459       2.2893
     460       2.1011
     461       2.1568
     462       2.0810
     463       2.1822
     464       2.3299
     465       2.1933
     466       2.1011
     467       2.2989
     468       2.2063
     469       2.2687
     470       2.2458
     471       2.2717
     472       2.3063
     473       2.2300
     474       2.2783
     475       2.4934
     476       2.5636
     477       2.2448
     478       2.2552
     479       2.3473
     480       2.1393
     481       1.9521
     482       2.0490
     483       2.0546
     484       2.0951
     485       2.1219
     486       2.1798
     487       2.0124
     488       2.0256
     489       2.0839
     490       2.3103
     491       2.2221
     492       2.3980
     493       2.1016
     494       2.3944
     495       2.5401
     496       2.4762
     497       2.3592
     498       2.3785
     499       2.2098
     500       2.1632
     501       2.1118
     502       2.0780
     503       2.3136
     504       2.3160
     505       2.2461
     506       2.0480
     507       2.1517
     508       2.2545
     509       2.2151
     510       2.1447
     511       2.2702
     512       2.3625
     513       2.2720
     514       2.0498
     515       1.9953
     516       2.0269
     517       2.0197
     518       2.0571
     519       2.1438
     520       2.1083
     521       2.1946
     522       2.4005
     523       2.5204
     524       2.4747
     525       2.4835
     526       2.3027
     527       2.2535
     528       2.1563
     529       2.1086
     530       2.1349
     531       2.1570
     532       2.0852
     533       2.0485
     534       2.0600
     535       2.2880
     536       2.4840
     537       2.4756
     538       2.4441
     539       2.1870
     540       2.4339
     541       2.4064
     542       2.3474
     543       2.2884
     544       2.2256
     545       2.0018
     546       2.1220
     547       2.1426
     548       2.2772
     549       2.2798
     550       2.1111
     551       2.1384
     552       1.9817
     553       2.2034
     554       2.0240
     555       2.2353
     556       2.3957
     557       2.3795
     558       2.2681
     559       2.4735
     560       2.3947
     561       2.3099
     562       2.2299
     563       2.1351
     564       2.1847
     565       2.2030
     566       2.1754
     567       2.1247
     568       2.1567
     569       2.2707
     570       2.1891
     571       2.3687
     572       2.1952
     573       2.2154
     574       2.2399
     575       2.2461
     576       2.0430
     577       2.1155
     578       2.2147
     579       2.1258
     580       2.2194
     581       2.1493
     582       2.2798
     583       2.3682
     584       2.3523
     585       2.2978
     586       2.2388
     587       2.2930
     588       2.1267
     589       2.1805
     590       2.0647
     591       2.3302
     592       2.2984
     593       2.2128
     594       2.2837
     595       2.1982
     596       2.1581
     597       2.2075
     598       2.1053
     599       2.2762
     600       2.5596
     601       2.3914
     602       2.1583
     603       2.2556
     604       2.3557
     605       2.3070
     606       2.2830
     607       2.1842
     608       2.2093
     609       2.1883
     610       2.1433
     611       2.4220
     612       2.2136
     613       2.2977
     614       2.1524
     615       2.3345
     616       2.2911
     617       2.1650
     618       2.0529
     619       1.9372
     620       1.9762
     621       1.9686
     622       1.8563
     623       1.9903
     624       2.0082
     625       1.9232
     626       1.9721
     627       2.0682
     628       2.0240
     629       1.9615
     630       2.0376
     631       2.1420
     632       2.0179
     633       2.0077
     634       2.0553
     635       2.0533
     636       2.0656
     637       2.0442
     638       2.1779
     639       2.1558
     640       2.2837
     641       2.3500
     642       2.5397
     643       2.6820
     644       2.5942
     645       2.6110
     646       2.4559
     647       2.4975
     648       2.4920
     649       2.3761
     650       2.2917
     651       2.2844
     652       2.2794
     653       2.2250
     654       2.3287
     655       2.4328
     656       2.4216
     657       2.5790
     658       2.5861
     659       2.5468
     660       2.5217
     661       2.5662
     662       2.5270
     663       2.6544
     664       2.6046
     665       2.5423
     666       2.6053
     667       2.5225
     668       2.3929
     669       2.3169
     670       2.3675
     671       2.2326
     672       2.3072
     673       2.4672
     674       2.5693
     675       2.3325
     676       2.4672
     677       2.5040
     678       2.4118
     679       2.4905
     680       2.6222
     681       2.5285
     682       2.6686
     683       2.3806
     684       2.1852
     685       2.1851
     686       2.0568
     687       2.1786
     688       2.1755
     689       2.2702
     690       2.4634
     691       2.6476
     692       2.6382
     693       2.6886
     694       2.5034
     695       2.3695
     696       2.4418
     697       2.5364
     698       2.4582
     699       2.5453
     700       2.5598
     701       2.5554
     702       2.7858
     703       2.7180
     704       2.5715
     705       2.3282
     706       2.4032
     707       2.3793
     708       2.4333
     709       2.5437
     710       2.5593
     711       2.5423
     712       2.3857
     713       2.2924
     714       2.2727
     715       2.2878
     716       2.3092
     717       2.3266
     718       2.3045
     719       2.3289
     720       2.3496
     721       2.4846
     722       2.4665
     723       2.4015
     724       2.3938
     725       2.3132
     726       2.2272
     727       2.3492
     728       2.4154
     729       2.1153
     730       2.1119
     731       2.0478
     732       2.1835
     733       2.1780
     734       2.1791
     735       2.0033
     736       2.1779
     737       2.2009
     738       2.0905
     739       2.1485
     740       2.0344
     741       2.0518
     742       2.1037
     743       2.1520
     744       2.3294
     745       2.2591
     746       2.2578
     747       2.4623
     748       2.3236
     749       2.3051
     750       2.1891
     751       2.1344
     752       2.1616
     753       2.2558
     754       2.1823
     755       2.3481
     756       2.3856
     757       2.2595
     758       2.3574
     759       2.4582
     760       2.2595
     761       2.3255
     762       2.2539
     763       2.2700
     764       2.2739
     765       2.1338
     766       2.1308
     767       2.1775
     768       2.2990
     769       2.2431
     770       2.1140
     771       2.2435
     772       2.1503
     773       2.2412
     774       2.1605
     775       2.1856
     776       2.0980
     777       2.1297
     778       2.2000
     779       2.3340
     780       2.1457
     781       2.3954
     782       2.2761
     783       2.3131
     784       2.2343
     785       2.2369
     786       2.2299
     787       2.4678
     788       2.1182
     789       2.1657
     790       2.1117
     791       1.9396
     792       1.9516
     793       2.1923
     794       2.2336
     795       2.2508
     796       2.2794
     797       2.1590
     798       2.4194
     799       2.5675
     800       2.4903
     801       2.6704
     802       2.7810
     803       2.5961
     804       2.7304
     805       2.6077
     806       2.7304
     807       2.7263
     808       2.8318
     809       2.8221
     810       2.6815
     811       2.7411
     812       2.7428
     813       2.7363
     814       2.8872
     815       2.8616
     816       2.7095
     817       2.7098
     818       2.5487
     819       2.5909
     820       2.5705
     821       2.4863
     822       2.4151
     823       2.1771
     824       2.2658
     825       2.3476
     826       2.3207
     827       2.2613
     828       2.2528
     829       2.4038
     830       2.4943
     831       2.5415
     832       2.2631
     833       2.3972
     834       2.4309
     835       2.4902
     836       2.4921
     837       2.3023
     838       2.6253
     839       2.7124
     840       2.5424
     841       2.3930
     842       2.2553
     843       2.3378
     844       2.4497
     845       2.4806
     846       2.4976
     847       2.7396
     848       2.5928
     849       2.6739
     850       2.5999
     851       2.5643
     852       2.4549
     853       2.6129
     854       2.5290
     855       2.5451
     856       2.5407
     857       2.4083
     858       2.3102
     859       2.4480
     860       2.4266
     861       2.4789
     862       2.5088
     863       2.4872
     864       2.4001
     865       2.5159
     866       2.4176
     867       2.2869
     868       2.3995
     869       2.3238
     870       2.5269
     871       2.4687
     872       2.1724
     873       2.1795
     874       2.3036
     875       2.4585
     876       2.4019
     877       2.4119
     878       2.5068
     879       2.6467
     880       2.6172
     881       2.8550
     882       3.0844
     883       3.0643
     884       2.9468
     885       2.8031
     886       2.7681
     887       2.8042
     888       2.8007
     889       2.7658
     890       2.7871
     891       2.6801
     892       2.3556
     893       2.4064
     894       2.3923
     895       2.4499
     896       2.5128
     897       2.3888
     898       2.2621
     899       2.2287
     900       2.4345
     901       2.4426
     902       2.6462
     903       2.6339
     904       2.5868
     905       2.6965
     906       2.6754
     907       2.7083
     908       2.5552
     909       2.6521
     910       2.6070
     911       2.4499
     912       2.5040
     913       2.4552
     914       2.4164
     915       2.1967
     916       2.3137
     917       2.4678
     918       2.2763
     919       2.6031
     920       2.5433
     921       2.4184
     922       2.3409
     923       2.6059
     924       2.7669
     925       2.8181
     926       2.6765
     927       2.6572
     928       2.6654
     929       2.6396
     930       2.7863
     931       2.7607
     932       2.8606
     933       2.7840
     934       2.6512
     935       2.6834
     936       2.6751
     937       2.5213
     938       2.4039
     939       2.4008
     940       2.4329
     941       2.6826
     942       2.4720
     943       2.2171
     944       2.3986
     945       2.4885
     946       2.4467
     947       2.3893
     948       2.2668
     949       2.5703
     950       2.5311
     951       2.6615
     952       2.5989
     953       2.7353
     954       2.5363
     955       2.5869
     956       2.6276
     957       2.4840
     958       2.4724
     959       2.2260
     960       2.3500
     961       2.3304
     962       2.1626
     963       2.1746
     964       2.1147
     965       2.2375
     966       2.2677
     967       2.3159
     968       2.2750
     969       2.4664
     970       2.4650
     971       2.6024
     972       2.6618
     973       2.7148
     974       2.6366
     975       2.8143
     976       2.6738
     977       2.3911
     978       2.3815
     979       2.3563
     980       2.2822
     981       2.1458
     982       2.0416
     983       2.3153
     984       2.2279
     985       2.3460
     986       2.2147
     987       2.3090
     988       2.3397
     989       2.2302
     990       2.1173
     991       2.2204
     992       2.1443
     993       2.1716
     994       2.1323
     995       2.0433
     996       2.0922
     997       2.1850
     998       2.2023
     999       2.2156
    1000       2.1796
    1001       2.3912
    1002       2.2358
    1003       2.0666
    1004       2.2299
    1005       2.0868
    1006       2.1784
    1007       2.0989
    1008       2.0955
    1009       2.0855
    1010       2.3047
    1011       2.2323
    1012       2.0354
    1013       2.0865
    1014       2.2171
    1015       2.2417
    1016       2.0458
    1017       2.0832
    1018       2.0565
    1019       1.9643
    1020       2.0006
    1021       2.0755
    1022       2.0856
    1023       2.0684
    1024       1.9240
    1025       2.0084
    1026       2.0512
    1027       2.2273
    1028       2.2939
    1029       2.2178
    1030       2.2453
    1031       2.3138
    1032       2.2149
    1033       2.2026
    1034       2.1645
    1035       2.0058
    1036       2.2752
    1037       2.4014
    1038       2.2536
    1039       2.5141
    1040       2.4402
    1041       2.4989
    1042       2.5137
    1043       2.4266
    1044       2.3558
    1045       2.0756
    1046       2.2473
    1047       2.2461
    1048       2.1530
    1049       2.2404
    1050       2.2820
    1051       2.2564
    1052       2.1896
    1053       2.2001
    1054       2.4259
    1055       2.2569
    1056       2.2120
    1057       2.3297
    1058       2.2571
    1059       2.0884
    1060       2.1531
    1061       2.2267
    1062       2.3144
    1063       2.1499
    1064       2.2160
    1065       2.3080
    1066       2.2112
    1067       2.2909
    1068       2.1567
    1069       2.4328
    1070       2.2863
    1071       2.2948
    1072       2.4950
    1073       2.4407
    1074       2.4779
    1075       2.6207
    1076       2.6306
    1077       2.5833
    1078       2.4194
    1079       2.3808
    1080       2.3425
    1081       2.3676
    1082       2.3986
    1083       2.4730
    1084       2.4271
    1085       2.4355
    1086       2.2846
    1087       2.3941
    1088       2.4919
    1089       2.6882
    1090       2.4242
    1091       2.3694
    1092       2.3879
    1093       2.3364
    1094       2.2161
    1095       2.2916
    1096       2.2872
    1097       2.1959
    1098       2.2655
    1099       2.3209
    1100       2.3443
    1101       2.3031
    1102       2.3303
    1103       2.2405
    1104       2.2085
    1105       2.1690
    1106       2.3318
    1107       2.3574
    1108       2.4473
    1109       2.3352
    1110       2.1830
    1111       2.3160
    1112       2.2414
    1113       2.0946
    1114       2.1435
    1115       2.5602
    1116       2.2916
    1117       2.6377
    1118       2.5483
    1119       2.7449
    1120       2.6293
    1121       2.5328
    1122       2.4928
    1123       2.4835
    1124       2.3564
    1125       2.3454
    1126       2.2282
    1127       2.4367
    1128       2.3934
    1129       2.1373
    1130       1.9512
    1131       2.1872
    1132       2.2729
    1133       2.3557
    1134       2.3307
    1135       2.2727
    1136       2.4530
    1137       2.4287
    1138       2.4912
    1139       2.1651
    1140       2.0162
    1141       2.2376
    1142       2.1325
    1143       2.3375
    1144       2.5227
    1145       2.5864
    1146       2.5311
    1147       2.5412
    1148       2.2921
    1149       2.4108
    1150       2.3484
    1151       2.6275
    1152       2.3908
    1153       2.5227
    1154       2.6023
    1155       2.4748
    1156       2.3437
    1157       2.0180
    1158       2.1382
    1159       2.2750
    1160       2.2784
    1161       2.1943
    1162       2.3032
    1163       2.2098
    1164       2.1556
    1165       2.1496
    1166       1.9424
    1167       1.9324
    1168       2.1300
    1169       2.3029
    1170       2.4627
    1171       2.4838
    1172       2.2487
    1173       2.6187
    1174       2.5153
    1175       2.3256
    1176       2.1977
    1177       2.1381
    1178       2.1516
    1179       2.2006
    1180       2.0680
    1181       2.0358
    1182       2.0611
    1183       2.0829
    1184       2.0609
    1185       2.1353
    1186       2.1558
    1187       2.3206
    1188       2.3425
    1189       2.3168
    1190       2.2319
    1191       2.2819
    1192       2.4826
    1193       2.5398
    1194       2.5332
    1195       2.4662
    1196       2.3707
    1197       2.3817
    1198       2.4773
    1199       2.3048
    1200       2.4750
    1201       2.2146
    1202       2.1367
    1203       2.0799
    1204       2.0737
    1205       2.0416
    1206       2.1363
    1207       2.1587
    1208       2.3631
    1209       2.1402
    1210       2.2101
    1211       2.3384
    1212       2.1253
    1213       2.3885
    1214       2.6375
    1215       2.6500
    1216       2.4645
    1217       2.4134
    1218       2.5772
    1219       2.2563
    1220       2.2022
    1221       2.0349
    1222       2.3241
    1223       2.3314
    1224       2.3690
    1225       2.4208
    1226       2.3075
    1227       2.3554
    1228       2.3069
    1229       2.3370
    1230       2.2713
    1231       2.3331
    1232       2.3192
    1233       2.3052
    1234       2.4815
    1235       2.6218
    1236       2.5655
    1237       2.4238
    1238       2.5337
    1239       2.3656
    1240       2.1628
    1241       2.2287
    1242       2.3637
    1243       2.2758
    1244       2.1224
    1245       2.2847
    1246       2.3548
    1247       2.3482
    1248       2.3476
    1249       2.2006
    1250       2.3365
    1251       2.2083
    1252       2.2352
    1253       2.3651
    1254       2.4584
    1255       2.3339
    1256       2.3590
    1257       2.2876
    1258       2.3067
    1259       2.3575
    1260       2.2637
    1261       2.3284
    1262       2.2471
    1263       2.1534
    1264       2.2870
    1265       2.4627
    1266       2.4950
    1267       2.4235
    1268       2.2596
    1269       2.0268
    1270       2.0531
    1271       2.1836
    1272       2.2298
    1273       2.3304
    1274       2.3510
    1275       2.3564
    1276       2.3325
    1277       2.5435
    1278       2.3612
    1279       2.3944
    1280       2.4779
    1281       2.4142
    1282       2.5277
    1283       2.4964
    1284       2.4004
    1285       2.3020
    1286       2.3660
    1287       2.1163
    1288       2.5278
    1289       2.2671
    1290       2.2394
    1291       2.3350
    1292       2.2532
    1293       2.3872
    1294       2.3831
    1295       2.4409
    1296       2.3918
    1297       2.3782
    1298       2.3456
    1299       2.3724
    1300       2.5820
    1301       2.9553
    1302       2.5760
    1303       2.6094
    1304       2.7125
    1305       2.5373
    1306       2.6219
    1307       2.6297
    1308       2.7012
    1309       2.7135
    1310       2.6927
    1311       2.7692
    1312       2.3660
    1313       2.6005
    1314       2.3817
    1315       2.3339
    1316       2.4555
    1317       2.4788
    1318       2.4351
    1319       2.3189
    1320       2.4015
    1321       2.3596
    1322       2.4478
    1323       2.4037
    1324       2.7167
    1325       2.7768
    1326       2.6950
    1327       2.6369
    1328       2.5845
    1329       2.8425
    1330       2.8256
    1331       2.7323
    1332       2.5709
    1333       2.4424
    1334       2.3426
    1335       2.1636
    1336       2.3017
    1337       2.3011
    1338       2.1484
    1339       2.1223
    1340       2.0039
    1341       2.0478
    1342       1.9445
    1343       1.9055
    1344       2.1681
    1345       2.2548
    1346       2.5387
    1347       2.3416
    1348       2.0692
    1349       2.1866
    1350       2.2179
    1351       2.2774
    1352       2.1105
    1353       2.1515
    1354       2.1568
    1355       2.1437
    1356       2.2779
    1357       2.1491
    1358       2.3016
    1359       2.0487
    1360       1.9822
    1361       2.1498
    1362       2.2179
    1363       2.2458
    1364       2.4577
    1365       2.7734
    1366       2.6246
    1367       2.4688
    1368       2.2104
    1369       2.0585
    1370       2.0589
    1371       2.1034
    1372       2.1272
    1373       2.1457
    1374       1.9017
    1375       1.9530
    1376       1.8957
    1377       1.9707
    1378       2.1785
    1379       2.0955
    1380       2.0088
    1381       1.8779
    1382       1.8389
    1383       2.0056
    1384       1.9433
    1385       2.1435
    1386       2.2005
    1387       2.0963
    1388       2.1357
    1389       2.1289
    1390       2.1438
    1391       2.1404
    1392       1.9609
    1393       2.0404
    1394       2.0838
    1395       2.1101
    1396       2.2664
    1397       2.2157
    1398       2.1256
    1399       2.0463
    1400       2.1229
    1401       2.1739
    1402       2.0664
    1403       2.1765
    1404       2.3139
    1405       2.2330
    1406       2.0738
    1407       2.1883
    1408       2.3727
    1409       2.2862
    1410       2.1524
    1411       2.3340
    1412       2.1974
    1413       2.3037
    1414       2.1425
    1415       2.0989
    1416       2.2233
    1417       2.3072
    1418       2.4716
    1419       2.3769
    1420       2.3830
    1421       2.4247
    1422       2.6605
    1423       2.7303
    1424       2.6392
    1425       2.4853
    1426       2.2860
    1427       2.3065
    1428       2.0806
    1429       1.8182
    1430       1.9126
    1431       2.1166
    1432       2.0286
    1433       1.9575
    1434       1.9764
    1435       1.9167
    1436       1.9949
    1437       2.1566
    1438       2.1002
    1439       2.1942
    1440       1.9160
    1441       2.0790
    1442       2.0200
    1443       2.0710
    1444       2.2192
    1445       2.1610
    1446       2.0167
    1447       2.2554
    1448       2.3596
    1449       2.2064
    1450       2.2241
    1451       2.1002
    1452       2.2975
    1453       2.2314
    1454       2.1182
    1455       2.1552
    1456       2.1021
    1457       2.0114
    1458       2.0048
    1459       1.8707
    1460       1.9797
    1461       1.9574
    1462       2.1083
    1463       2.0394
    1464       2.2639
    1465       2.2778
    1466       2.2041
    1467       2.4187
    1468       2.4651
    1469       2.5426
    1470       2.6518
    1471       2.6691
    1472       2.4238
    1473       2.4649
    1474       2.5917
    1475       2.4786
    1476       2.4080
    1477       2.4731
    1478       2.2927
    1479       2.2033
    1480       2.3031
    1481       2.3985
    1482       2.1890
    1483       2.3640
    1484       2.5515
    1485       2.4137
    1486       2.3122
    1487       2.2371
    1488       2.1620
    1489       2.2316
    1490       2.1275
    1491       2.0959
    1492       2.1875
    1493       2.1504
    1494       2.2720
    1495       2.3644
    1496       2.1804
    1497       2.2747
    1498       2.2160
    1499       2.3483
    1500       2.3726
    1501       2.2215
    1502       2.2878
    1503       2.4596
    1504       2.3166
    1505       2.3299
    1506       2.3164
    1507       2.3766
    1508       2.3287
    1509       2.2519
    1510       1.9352
    1511       1.9178
    1512       2.3096
    1513       2.2427
    1514       2.4010
    1515       2.3872
    1516       2.3183
    1517       2.2033
    1518       2.2383
    1519       2.0661
    1520       2.0759
    1521       2.1106
    1522       2.2179
    1523       2.1623
    1524       2.1613
    1525       2.3858
    1526       2.2847
    1527       2.3065
    1528       2.3454
    1529       2.3315
    1530       2.6375
    1531       2.8554
    1532       2.5592
    1533       2.5179
    1534       2.5755
    1535       2.6199
    1536       2.6538
    1537       2.4271
    1538       2.3552
    1539       2.3254
    1540       2.3741
    1541       2.3889
    1542       2.6645
    1543       2.8770
    1544       2.8222
    1545       2.9311
    1546       2.8601
    1547       3.1181
    1548       3.1235
    1549       3.0891
    1550       3.1590
    1551       2.9928
    1552       3.1763
    1553       2.9456
    1554       2.8597
    1555       3.0920
    1556       3.0432
    1557       3.0779
    1558       2.9282
    1559       2.9783
    1560       2.7676
    1561       2.6218
    1562       2.3965
    1563       2.4469
    1564       2.3281
    1565       2.1934
    1566       2.1633
    1567       2.0950
    1568       2.2309
    1569       2.4605
    1570       2.4854
    1571       2.6542
    1572       2.5040
    1573       2.5245
    1574       2.4065
    1575       2.1127
    1576       2.0407
    1577       2.1353
    1578       2.0590
    1579       2.1873
    1580       1.9114
    1581       1.9823
    1582       1.9246
    1583       1.9981
    1584       2.0143
    1585       2.1224
    1586       2.0579
    1587       2.0189
    1588       2.1226
    1589       2.3602
    1590       1.9724
    1591       2.0032
    1592       2.1495
    1593       2.0704
    1594       2.1338
    1595       2.2469
    1596       2.1727
    1597       2.1466
    1598       2.1643
    1599       2.2321
    1600       2.4334
    1601       2.2386
    1602       2.2894
    1603       2.0201
    1604       1.9596
    1605       2.0677
    1606       2.1880
    1607       2.3882
    1608       2.4646
    1609       2.3271
    1610       2.4703
    1611       2.6107
    1612       2.5641
    1613       2.6213
    1614       2.7023
    1615       2.7481
    1616       2.5254
    1617       2.4978
    1618       2.5663
    1619       2.7095
    1620       2.6971
    1621       2.7641
    1622       2.7811
    1623       2.7981
    1624       2.8817
    1625       2.9781
    1626       2.9866
    1627       3.0471
    1628       2.9544
    1629       2.8300
    1630       2.6042
    1631       2.6866
    1632       2.6081
    1633       2.7732
    1634       2.8257
    1635       2.6051
    1636       2.4078
    1637       2.3447
    1638       2.2439
    1639       2.4862
    1640       2.4822
    1641       2.6523
    1642       2.7872
    1643       2.6102
    1644       2.6219
    1645       2.5602
    1646       2.5001
    1647       2.3231
    1648       2.2952
    1649       2.2904
    1650       2.2923
    1651       2.3155
    1652       2.1991
    1653       2.2495
    1654       2.2718
    1655       2.1837
    1656       2.1740
    1657       2.1847
    1658       2.3932
    1659       2.3409
    1660       2.1579
    1661       2.1754
    1662       2.3578
    1663       2.2126
    1664       2.1262
    1665       2.1008
    1666       2.2721
    1667       2.2625
    1668       2.1927
    1669       2.1782
    1670       2.0049
    1671       2.3138
    1672       2.3286
    1673       2.3807
    1674       2.2756
    1675       2.6496
    1676       2.1851
    1677       2.0373
    1678       2.1007
    1679       2.1964
    1680       2.1584
    1681       2.4575
    1682       2.4233
    1683       2.4854
    1684       2.3623
    1685       2.2467
    1686       2.3250
    1687       2.3427
    1688       2.2631
    1689       2.1511
    1690       2.2129
    1691       2.0956
    1692       2.1155
    1693       2.0477
    1694       2.2490
    1695       2.0924
    1696       2.0395
    1697       2.0308
    1698       2.0186
    1699       2.1305
    1700       2.1331
    1701       2.1841
    1702       2.0643
    1703       2.0770
    1704       2.3536
    1705       2.5303
    1706       2.2259
    1707       2.1532
    1708       2.0575
    1709       2.0239
    1710       2.1655
    1711       2.2194
    1712       2.1261
    1713       2.3276
    1714       2.3151
    1715       2.2787
    1716       2.0927
    1717       2.2077
    1718       2.2150
    1719       2.3410
    1720       2.2950
    1721       2.1206
    1722       2.0868
    1723       2.1403
    1724       2.2603
    1725       2.1773
    1726       2.2801
    1727       2.2572
    1728       2.3299
    1729       2.3731
    1730       2.3173
    1731       2.3448
    1732       2.2176
    1733       2.3243
    1734       2.3449
    1735       2.3218
    1736       2.3445
    1737       2.5033
    1738       2.2945
    1739       2.4791
    1740       2.5616
    1741       2.4793
    1742       2.4729
    1743       2.3780
    1744       2.4088
    1745       2.4592
    1746       2.4251
    1747       2.4621
    1748       2.7307
    1749       2.7324
    1750       2.8076
    1751       2.7412
    1752       2.6100
    1753       2.6693
    1754       2.3128
    1755       2.4947
    1756       2.4011
    1757       2.4266
    1758       2.3537
    1759       2.2704
    1760       2.4076
    1761       2.2294
    1762       2.1503
    1763       2.2421
    1764       2.1322
    1765       2.3900
    1766       2.1563
    1767       2.2140
    1768       2.2809
    1769       2.2794
    1770       2.5503
    1771       2.3837
    1772       2.3315
    1773       2.2441
    1774       2.3082
    1775       2.5986
    1776       2.6604
    1777       2.6646
    1778       2.5145
    1779       2.3984
    1780       2.4283
    1781       2.5327
    1782       2.5103
    1783       2.4492
    1784       2.2594
    1785       2.4196
    1786       2.2443
    1787       2.0332
    1788       2.2577
    1789       2.3083
    1790       2.3340
    1791       2.2676
    1792       2.2394
    1793       2.3551
    1794       2.2820
    1795       2.3062
    1796       2.3007
    1797       2.3441
    1798       2.2924
    1799       2.2217
    1800       2.0988
    1801       2.1290
    1802       2.0957
    1803       2.1824
    1804       2.1411
    1805       2.0113
    1806       2.1200
    1807       2.0092
    1808       2.0928
    1809       2.2743
    1810       2.2844
    1811       2.3497
    1812       2.5187
    1813       2.6259
    1814       2.4339
    1815       2.6156
    1816       2.6372
    1817       2.7717
    1818       2.6938
    1819       2.6497
    1820       2.3822
    1821       2.5267
    1822       2.3110
    1823       2.3391
    1824       2.4611
    1825       2.3714
    1826       2.3867
    1827       2.3000
    1828       2.3584
    1829       2.2281
    1830       2.2135
    1831       2.1392
    1832       2.1767
    1833       2.0786
    1834       2.1157
    1835       2.1236
    1836       2.3399
    1837       2.2525
    1838       2.3237
    1839       2.2541
    1840       2.4556
    1841       2.4894
    1842       2.5540
    1843       2.4882
    1844       2.4075
    1845       2.2734
    1846       2.2037
    1847       2.3896
    1848       2.2263
    1849       2.3600
    1850       2.4204
    1851       2.2468
    1852       2.5599
    1853       2.3957
    1854       2.3102
    1855       2.3035
    1856       2.2800
    1857       2.3998
    1858       2.3014
    1859       2.2645
    1860       2.3468
    1861       2.4121
    1862       2.4627
    1863       2.5108
    1864       2.5608
    1865       2.4317
    1866       2.3973
    1867       2.3287
    1868       2.2470
    1869       2.6201
    1870       2.4475
    1871       2.3454
    1872       2.2011
    1873       2.4462
    1874       2.4560
    1875       2.4055
    1876       2.3984
    1877       2.2561
    1878       2.4019
    1879       2.3117
    1880       2.4909
    1881       2.7278
    1882       2.7198
    1883       2.7713
    1884       2.7887
    1885       2.7577
    1886       2.9639
    1887       2.9427
    1888       2.7453
    1889       2.8727
    1890       2.8226
    1891       2.7289
    1892       2.7145
    1893       2.7080
    1894       2.6690
    1895       2.6779
    1896       2.5987
    1897       2.6675
    1898       2.7909
    1899       2.5768
    1900       2.6847
    1901       2.6662
    1902       2.5639
    1903       2.4102
    1904       2.2760
    1905       2.4923
    1906       2.4151
    1907       2.4483
    1908       2.6137
    1909       2.7438
    1910       2.6094
    1911       2.5873
    1912       2.4738
    1913       2.5134
    1914       2.4393
    1915       2.4281
    1916       2.3251
    1917       2.3151
    1918       2.2964
    1919       2.4888
    1920       2.2405
    1921       2.5342
    1922       2.5403
    1923       2.6780
    1924       2.9340
    1925       2.8875
    1926       2.7887
    1927       2.3173
    1928       2.3335
    1929       2.4758
    1930       2.3385
    1931       2.3620
    1932       2.1865
    1933       2.2380
    1934       2.2838
    1935       2.2729
    1936       2.3290
    1937       2.3965
    1938       2.5805
    1939       2.5393
    1940       2.5624
    1941       2.7087
    1942       2.5599
    1943       2.3282
    1944       2.3685
    1945       2.2291
    1946       2.1439
    1947       2.2496
    1948       2.3826
    1949       2.4214
    1950       2.1883
    1951       2.2887
    1952       2.2952
    1953       2.1635
    1954       2.2043
    1955       1.9355
    1956       1.9857
    1957       1.7704
    1958       1.8760
    1959       1.9851
    1960       2.1394
    1961       2.0245
    1962       2.0778
    1963       2.0079
    1964       2.0251
    1965       2.0958
    1966       2.1684
    1967       2.1748
    1968       2.1847
    1969       2.2119
    1970       2.1574
    1971       2.1101
    1972       2.0677
    1973       2.0878
    1974       2.0393
    1975       2.0743
    1976       2.0666
    1977       1.9989
    1978       2.1559
    1979       2.2206
    1980       2.1638
    1981       2.1872
    1982       2.2675
    1983       2.3376
    1984       2.2562
    1985       2.3066
    1986       2.2942
    1987       2.3011
    1988       2.2104
    1989       2.5173
    1990       2.4253
    1991       2.1877
    1992       2.2816
    1993       2.2990
    1994       2.4474
    1995       2.3309
    1996       2.3325
    1997       2.2302
    1998       2.3088
    1999       2.2472
    2000       2.1577
    2001       2.2522
    2002       2.1798
    2003       2.0773
    2004       2.2756
    2005       2.2070
    2006       2.2248
    2007       2.1434
    2008       2.0728
    2009       2.0971
    2010       2.2819
    2011       2.2389
    2012       2.1936
    2013       2.5784
    2014       2.6318
    2015       2.4260
    2016       2.5219
    2017       2.4159
    2018       2.2815
    2019       2.4166
    2020       2.2442
    2021       2.2455
    2022       2.3113
    2023       2.1543
    2024       2.0075
    2025       2.0614
    2026       2.0755
    2027       2.1157
    2028       1.9318
    2029       2.0732
    2030       2.0959
    2031       2.1430
    2032       2.0128
    2033       1.8986
    2034       2.0302
    2035       2.0222
    2036       2.0459
    2037       2.0959
    2038       2.0144
    2039       2.0675
    2040       2.0010
    2041       2.0466
    2042       1.9582
    2043       1.8950
    2044       2.0269
    2045       1.7774
    2046       1.8547
    2047       1.8699
    2048       1.9272
    2049       2.0816
    2050       1.9459
    2051       2.0394
    2052       1.9288
    2053       1.9516
    2054       2.1285
    2055       1.9592
    2056       2.1726
    2057       2.0004
    2058       2.0908
    2059       2.1944
    2060       2.2193
    2061       2.0229
    2062       2.0353
    2063       1.9334
    2064       1.9912
    2065       1.8677
    2066       1.9741
    2067       2.0340
    2068       1.9658
    2069       1.9075
    2070       1.9023
    2071       1.7839
    2072       1.8345
    2073       1.8673
    2074       1.9439
    2075       1.7834
    2076       1.8949
    2077       1.9860
    2078       1.9279
    2079       2.0331
    2080       2.0768
    2081       2.0185
    2082       1.9020
    2083       1.8580
    2084       2.0595
    2085       1.8773
    2086       1.8559
    2087       1.9579
    2088       1.8954
    2089       1.9524
    2090       2.0424
    2091       2.0692
    2092       1.9277
    2093       2.1445
    2094       1.9726
    2095       2.1091
    2096       2.0801
    2097       2.0451
    2098       2.1151
    2099       1.9650
    2100       2.0381
    2101       2.0162
    2102       2.0681
    2103       2.1348
    2104       1.9307
    2105       1.9931
    2106       1.9695
    2107       2.1267
    2108       2.1848
    2109       2.0229
    2110       2.1558
    2111       2.1274
    2112       2.2617
    2113       2.1322
    2114       2.0575
    2115       2.3573
    2116       2.2373
    2117       2.1662
    2118       2.3535
    2119       2.1064
    2120       2.2312
    2121       2.3769
    2122       2.1953
    2123       2.2875
    2124       2.3263
    2125       2.2160
    2126       2.1509
    2127       2.1510
    2128       1.9805
    2129       2.2224
    2130       2.1829
    2131       1.9968
    2132       1.7787
    2133       2.0120
    2134       1.8274
    2135       1.8132
    2136       1.9306
    2137       1.9235
    2138       2.0181
    2139       2.1415
    2140       2.0963
    2141       2.1858
    2142       2.1400
    2143       1.9885
    2144       2.0218
    2145       2.0731
    2146       2.1394
    2147       2.2479
    2148       2.2982
    2149       2.0315
    2150       1.9728
    2151       1.9738
    2152       1.9974
    2153       2.1978
    2154       2.1382
    2155       2.0574
    2156       1.8989
    2157       1.9733
    2158       2.0881
    2159       2.0455
    2160       2.0719
    2161       2.0480
    2162       2.1404
    2163       2.0054
    2164       2.0811
    2165       2.1532
    2166       2.2012
    2167       2.0722
    2168       2.0480
    2169       1.8791
    2170       2.0770
    2171       2.1945
    2172       2.3332
    2173       2.1256
    2174       1.9897
    2175       1.9939
    2176       2.2496
    2177       2.2981
    2178       2.1619
    2179       2.3553
    2180       2.0878
    2181       2.0700
    2182       2.1533
    2183       2.1461
    2184       2.1211
    2185       1.9560
    2186       2.0422
    2187       2.0423
    2188       2.1071
    2189       1.9578
    2190       2.0503
    2191       1.9895
    2192       1.9736
    2193       1.9022
    2194       1.9627
    2195       1.9691
    2196       1.9479
    2197       1.8487
    2198       1.8852
    2199       1.8769
    2200       1.9438
    2201       1.8464
    2202       1.8864
    2203       1.9031
    2204       1.8630
    2205       1.7866
    2206       1.8795
    2207       1.8240
    2208       1.7699
    2209       1.8023
    2210       1.7610
    2211       1.7893
    2212       2.0115
    2213       1.9580
    2214       2.1752
    2215       2.1568
    2216       2.4765
    2217       2.4441
    2218       2.4131
    2219       2.4184
    2220       2.3923
    2221       2.3387
    2222       2.3725
    2223       2.4438
    2224       2.3663
    2225       2.2930
    2226       2.5452
    2227       2.4355
    2228       2.3311
    2229       2.3518
    2230       2.2828
    2231       1.9972
    2232       2.1960
    2233       2.4345
    2234       2.2930
    2235       2.1473
    2236       2.2302
    2237       2.1558
    2238       2.3292
    2239       2.3888
    2240       2.1410
    2241       2.0605
    2242       2.0239
    2243       2.1286
    2244       2.0954
    2245       2.0859
    2246       1.8981
    2247       2.0042
    2248       1.8801
    2249       1.9316
    2250       1.9170
    2251       1.8596
    2252       1.8126
    2253       1.8545
    2254       1.8467
    2255       1.7269
    2256       1.7828
    2257       1.9044
    2258       1.8709
    2259       1.8806
    2260       1.9410
    2261       1.9097
    2262       1.7569
    2263       1.7724
    2264       1.7473
    2265       2.0158
    2266       1.9531
    2267       2.0146
    2268       1.9451
    2269       1.9360
    2270       1.8869
    2271       1.9277
    2272       2.0847
    2273       2.0440
    2274       2.0232
    2275       1.9378
    2276       1.8870
    2277       1.8221
    2278       1.7818
    2279       1.8183
    2280       1.7204
    2281       1.7314
    2282       1.7302
    2283       1.7757
    2284       1.7040
    2285       1.6768
    2286       1.6444
    2287       1.5561
    2288       1.5324
    2289       1.6973
    2290       1.6838
    2291       1.5896
    2292       1.5122
    2293       1.7819
    2294       1.8486
    2295       1.9359
    2296       2.0429
    2297       2.0637
    2298       1.9251
    2299       1.9419
    2300       2.1037
    2301       2.0482
    2302       2.0406
    2303       1.9192
    2304       1.7890
    2305       1.7413
    2306       1.6107
    2307       1.6272
    2308       1.6247
    2309       1.7384
    2310       1.8117
    2311       1.8356
    2312       1.8373
    2313       1.7776
    2314       1.6819
    2315       1.7927
    2316       1.9442
    2317       1.9004
    2318       1.9695
    2319       1.9382
    2320       2.0049
    2321       2.1432
    2322       1.9409
    2323       1.8859
    2324       2.0626
    2325       2.0265
    2326       2.1401
    2327       2.1520
    2328       2.0290
    2329       2.1575
    2330       2.3279
    2331       2.0832
    2332       2.0792
    2333       2.1570
    2334       2.2461
    2335       2.2877
    2336       2.1674
    2337       2.1498
    2338       2.4081
    2339       2.2269
    2340       2.2008
    2341       2.1824
    2342       2.2179
    2343       2.2613
    2344       2.3181
    2345       2.4060
    2346       2.4119
    2347       2.3713
    2348       2.1831
    2349       1.9244
    2350       1.9754
    2351       1.9756
    2352       1.9738
    2353       1.9907
    2354       1.7921
    2355       1.8190
    2356       1.7748
    2357       1.7293
    2358       1.9435
    2359       1.8039
    2360       1.9203
    2361       1.7368
    2362       1.7354
    2363       2.0597
    2364       2.0444
    2365       1.9477
    2366       1.9426
    2367       1.9246
    2368       1.7459
    2369       1.7408
    2370       1.6540
    2371       1.8319
    2372       1.6851
    2373       1.8788
    2374       1.7878
    2375       1.8427
    2376       1.7779
    2377       1.8607
    2378       1.7330
    2379       1.6737
    2380       1.6801
    2381       1.6189
    2382       1.8565
    2383       1.8090
    2384       1.8462
    2385       1.8094
    2386       1.8453
    2387       1.7143
    2388       1.7781
    2389       1.8078
    2390       1.8651
    2391       1.8719
    2392       2.0060
    2393       1.9565
    2394       1.7902
    2395       1.9683
    2396       1.8911
    2397       1.8776
    2398       1.8141
    2399       1.8781
    2400       1.8358
    2401       1.8150
    2402       1.7449
    2403       1.8932
    2404       1.8923
    2405       1.9328
    2406       2.0055
    2407       2.1096
    2408       1.8772
    2409       2.0237
    2410       2.0351
    2411       2.1261
    2412       2.0209
    2413       1.8460
    2414       2.0356
    2415       2.0829
    2416       2.0896
    2417       1.9990
    2418       1.8713
    2419       1.9132
    2420       1.8525
    2421       1.9479
    2422       2.0877
    2423       2.0038
    2424       2.1771
    2425       2.1951
    2426       2.1957
    2427       2.2484
    2428       2.3388
    2429       2.2081
    2430       2.2589
    2431       2.0969
    2432       2.0454
    2433       2.0708
    2434       2.1218
    2435       2.1358
    2436       1.9572
    2437       1.9070
    2438       1.8844
    2439       1.9396
    2440       1.9647
    2441       1.8580
    2442       1.7405
    2443       1.8326
    2444       1.9054
    2445       1.9891
    2446       1.9091
    2447       2.0487
    2448       1.9417
    2449       2.0065
    2450       2.0377
    2451       1.9988
    2452       1.9452
    2453       1.9173
    2454       1.8941
    2455       1.8710
    2456       2.0750
    2457       2.0587
    2458       2.0541
    2459       1.9212
    2460       1.7398
    2461       1.8778
    2462       1.9729
    2463       1.9371
    2464       1.8731
    2465       1.7315
    2466       1.6677
    2467       1.7196
    2468       1.9053
    2469       1.9973
    2470       1.9824
    2471       1.9414
    2472       1.8781
    2473       1.8075
    2474       1.8554
    2475       1.8794
    2476       1.9995
    2477       1.9162
    2478       1.8073
    2479       1.8557
    2480       1.9928
    2481       1.9053
    2482       1.9829
    2483       1.7773
    2484       1.7627
    2485       1.7893
    2486       1.8881
    2487       2.0501
    2488       1.8278
    2489       1.7657
    2490       1.9448
    2491       1.9544
    2492       1.9438
    2493       2.0094
    2494       1.9023
    2495       1.9052
    2496       1.9127
    2497       2.0273
    2498       2.0859
    2499       2.0894
    2500       2.1604
    2501       2.0205
    2502       2.1181
    2503       2.0284
    2504       2.1127
    2505       2.0898
    2506       2.0663
    2507       1.8466
    2508       1.8109
    2509       1.8600
    2510       1.8453
    2511       1.9831
    2512       1.8935
    2513       1.8163
    2514       1.8625
    2515       1.8096
    2516       1.9296
    2517       1.8886
    2518       1.6476
    2519       1.7994
    2520       1.7945
    2521       1.7662
    2522       1.6944
    2523       1.7506
    2524       1.9307
    2525       1.9022
    2526       2.0301
    2527       2.0974
    2528       2.1271
    2529       2.1273
    2530       2.0977
    2531       2.0031
    2532       2.0563
    2533       2.0209
    2534       2.0721
    2535       2.0213
    2536       1.9394
    2537       1.8693
    2538       1.8974
    2539       2.0721
    2540       1.9565
    2541       2.0006
    2542       1.9679
    2543       1.8719
    2544       1.6927
    2545       1.8656
    2546       1.8260
    2547       1.9726
    2548       1.8242
    2549       1.9195
    2550       2.0187
    2551       1.9516
    2552       1.8133
    2553       1.9228
    2554       2.0058
    2555       2.1754
    2556       2.4172
    2557       2.1357
    2558       2.1575
    2559       2.0312
    2560       2.1598
    2561       2.2823
    2562       1.9905
    2563       2.2522
    2564       2.0558
    2565       2.4196
    2566       2.2097
    2567       2.0393
    2568       2.0781
    2569       2.1072
    2570       2.1887
    2571       2.1591
    2572       2.1879
    2573       2.2724
    2574       2.2762
    2575       2.0729
    2576       1.8840
    2577       1.9960
    2578       2.1051
    2579       1.8806
    2580       1.9497
    2581       1.9758
    2582       2.0158
    2583       2.0964
    2584       1.9823
    2585       2.0049
    2586       1.9845
    2587       2.0788
    2588       2.0992
    2589       2.0549
    2590       2.0548
    2591       2.1047
    2592       2.0844
    2593       2.1092
    2594       2.2521
    2595       2.3047
    2596       1.9627
    2597       2.0062
    2598       2.0241
    2599       1.9726
    2600       2.0712
    2601       1.9410
    2602       1.8516
    2603       1.9027
    2604       2.0571
    2605       2.0650
    2606       1.9647
    2607       2.0050
    2608       2.0339
    2609       1.9733
    2610       2.0314
    2611       1.8522
    2612       1.7586
    2613       1.8972
    2614       1.8129
    2615       1.9087
    2616       1.8968
    2617       1.9106
    2618       1.8082
    2619       1.8060
    2620       1.9184
    2621       1.9637
    2622       1.8939
    2623       2.0098
    2624       2.2139
    2625       2.3392
    2626       2.2360
    2627       2.0465
    2628       2.2240
    2629       1.9950
    2630       1.9585
    2631       1.8288
    2632       2.0674
    2633       2.0621
    2634       2.1296
    2635       2.1131
    2636       2.2542
    2637       2.2527
    2638       2.1452
    2639       2.1678
    2640       2.1693
    2641       2.0985
    2642       2.0406
    2643       2.0575
    2644       2.0203
    2645       2.1977
    2646       2.2351
    2647       2.1108
    2648       1.9523
    2649       1.8230
    2650       1.8713
    2651       1.7963
    2652       1.7492
    2653       1.7223
    2654       1.8332
    2655       1.8202
    2656       1.8815
    2657       1.7952
    2658       1.8706
    2659       1.9334
    2660       1.8985
    2661       1.8640
    2662       1.9063
    2663       1.7793
    2664       1.6760
    2665       1.8098
    2666       1.8381
    2667       1.8489
    2668       1.9799
    2669       1.8860
    2670       2.1439
    2671       2.0300
    2672       1.9723
    2673       2.1324
    2674       2.1289
    2675       1.9896
    2676       2.1833
    2677       2.2994
    2678       2.2517
    2679       2.2637
    2680       2.1167
    2681       2.0652
    2682       2.2128
    2683       2.0614
    2684       2.1480
    2685       2.1917
    2686       2.0075
    2687       2.0205
    2688       2.2298
    2689       2.2892
    2690       2.3404
    2691       2.2283
    2692       2.3285
    2693       2.0379
    2694       1.9987
    2695       1.8987
    2696       1.8151
    2697       1.8459
    2698       1.8872
    2699       2.0713
    2700       1.9816
    2701       1.9328
    2702       1.9520
    2703       1.8236
    2704       1.7760
    2705       1.7265
    2706       1.5695
    2707       1.6540
    2708       1.6325
    2709       1.6628
    2710       1.7710
    2711       1.8629
    2712       1.7627
    2713       1.7054
    2714       1.7521
    2715       1.9334
    2716       1.9713
    2717       2.0923
    2718       1.8544
    2719       1.8671
    2720       2.1790
    2721       1.9813
    2722       2.0016
    2723       1.9889
    2724       1.9564
    2725       1.7991
    2726       1.8437
    2727       1.8806
    2728       1.8660
    2729       2.1161
    2730       1.9598
    2731       2.0324
    2732       2.0136
    2733       1.9618
    2734       2.0862
    2735       1.9362
    2736       1.9210
    2737       1.9590
    2738       2.0079
    2739       1.7898
    2740       1.8547
    2741       1.8567
    2742       1.8685
    2743       1.6827
    2744       1.7386
    2745       1.8020
    2746       1.8262
    2747       1.8303
    2748       1.7722
    2749       1.7608
    2750       1.7146
    2751       1.8608
    2752       1.8100
    2753       1.8385
    2754       1.7943
    2755       1.8793
    2756       1.8146
    2757       1.7263
    2758       1.6944
    2759       1.6683
    2760       1.7474
    2761       1.5919
    2762       1.7810
    2763       1.6028
    2764       1.5575
    2765       1.6483
    2766       1.8113
    2767       1.6601
    2768       1.7910
    2769       1.9334
    2770       2.1313
    2771       2.1481
    2772       2.0324
    2773       2.0737
    2774       2.1509
    2775       2.1047
    2776       2.0988
    2777       2.1361
    2778       2.0003
    2779       2.0775
    2780       2.1331
    2781       2.3178
    2782       2.2057
    2783       1.9264
    2784       1.9287
    2785       1.9468
    2786       1.9660
    2787       1.9207
    2788       1.8927
    2789       1.9131
    2790       1.8411
    2791       1.8366
    2792       1.7447
    2793       1.7967
    2794       1.9029
    2795       1.8982
    2796       1.7723
    2797       1.9530
    2798       1.9694
    2799       2.2172
    2800       2.0686
    2801       2.1989
    2802       2.3382
    2803       2.1311
    2804       2.0987
    2805       2.3847
    2806       2.2336
    2807       2.2765
    2808       2.1247
    2809       1.7987
    2810       1.8885
    2811       1.9872
    2812       1.8700
    2813       1.7712
    2814       1.7614
    2815       1.8246
    2816       1.7395
    2817       1.7108
    2818       1.8283
    2819       1.9335
    2820       1.9218
    2821       1.8669
    2822       1.9825
    2823       1.8093
    2824       1.8652
    2825       1.7330
    2826       1.9845
    2827       1.8992
    2828       2.0640
    2829       2.1289
    2830       2.2134
    2831       2.2512
    2832       2.0916
    2833       1.9256
    2834       1.9122
    2835       2.0561
    2836       1.9815
    2837       2.3693
    2838       2.0709
    2839       2.0773
    2840       2.1902
    2841       2.1370
    2842       2.0658
    2843       2.2530
    2844       2.2835
    2845       2.2248
    2846       2.1815
    2847       2.0007
    2848       2.1108
    2849       2.0636
    2850       2.0097
    2851       2.0198
    2852       2.0334
    2853       2.0401
    2854       2.2552
    2855       2.3033
    2856       2.3246
    2857       2.2014
    2858       2.0852
    2859       2.0582
    2860       1.9697
    2861       1.9373
    2862       2.0199
    2863       2.0427
    2864       2.1012
    2865       1.9674
    2866       1.9334
    2867       1.7463
    2868       1.9929
    2869       1.9572
    2870       1.9246
    2871       2.0702
    2872       2.0458
    2873       2.1314
    2874       2.0278
    2875       2.0491
    2876       2.1194
    2877       1.9191
    2878       1.9451
    2879       1.8166
    2880       1.8761
    2881       1.7862
    2882       1.7483
    2883       1.6689
    2884       1.8081
    2885       1.7714
    2886       1.8029
    2887       1.8036
    2888       1.9349
    2889       1.8206
    2890       1.8168
    2891       1.8508
    2892       1.8378
    2893       1.8617
    2894       1.8817
    2895       1.9503
    2896       1.8855
    2897       2.0551
    2898       2.0102
    2899       1.9559
    2900       1.7712
    2901       1.8656
    2902       1.9150
    2903       1.8072
    2904       1.8376
    2905       1.8832
    2906       1.8165
    2907       1.9500
    2908       1.9266
    2909       1.8574
    2910       2.0140
    2911       1.9088
    2912       2.0042
    2913       1.8040
    2914       1.8515
    2915       1.9017
    2916       1.8577
    2917       1.9559
    2918       1.9230
    2919       1.7458
    2920       1.6935
    2921       1.7373
    2922       1.8746
    2923       1.8741
    2924       1.9116
    2925       1.9143
    2926       1.9857
    2927       1.9844
    2928       1.9808
    2929       2.2447
    2930       2.2688
    2931       2.0072
    2932       2.1105
    2933       2.1984
    2934       2.2111
    2935       2.2220
    2936       1.8883
    2937       2.0128
    2938       2.1575
    2939       2.2351
    2940       2.2068
    2941       2.4267
    2942       2.3008
    2943       2.3770
    2944       2.3337
    2945       2.4361
    2946       2.3656
    2947       2.0861
    2948       2.2816
    2949       2.3473
    2950       2.2651
    2951       2.2259
    2952       1.9677
    2953       2.0070
    2954       1.9942
    2955       1.9704
    2956       1.8518
    2957       1.7972
    2958       1.8691
    2959       1.8160
    2960       1.8120
    2961       1.8892
    2962       1.8180
    2963       1.8730
    2964       1.9503
    2965       2.1525
    2966       2.2317
    2967       2.1510
    2968       2.0855
    2969       2.1208
    2970       2.2779
    2971       2.3147
    2972       2.1907
    2973       2.0470
    2974       2.1571
    2975       2.1091
    2976       2.1084
    2977       2.1665
    2978       2.4029
    2979       2.2929
    2980       2.4660
    2981       2.4624
    2982       2.4135
    2983       2.4375
    2984       2.4903
    2985       2.4647
    2986       2.4710
    2987       2.2913
    2988       2.0989
    2989       2.1260
    2990       2.1981
    2991       2.4828
    2992       2.4071
    2993       2.3607
    2994       2.2317
    2995       2.2892
    2996       2.2052
    2997       2.0468
    2998       1.9412
    2999       2.0062
    3000       1.9920
    3001       1.9760
    3002       1.9330
    3003       2.0282
    3004       1.9805
    3005       1.9796
    3006       1.8032
    3007       1.7342
    3008       1.8709
    3009       2.0414
    3010       1.9685
    3011       1.9704
    3012       2.1910
    3013       2.1962
    3014       2.0279
    3015       2.1288
    3016       2.2114
    3017       2.1901
    3018       1.9552
    3019       2.2430
    3020       2.1598
    3021       2.1414
    3022       2.1408
    3023       2.0747
    3024       2.1199
    3025       2.0387
    3026       1.9149
    3027       1.8905
    3028       1.7648
    3029       1.7026
    3030       1.8463
    3031       1.7773
    3032       2.0406
    3033       2.1380
    3034       2.0479
    3035       1.8575
    3036       1.9548
    3037       1.8123
    3038       1.8659
    3039       1.6770
    3040       1.9267
    3041       1.9259
    3042       1.7817
    3043       1.8357
    3044       1.8258
    3045       1.9673
    3046       1.9363
    3047       1.8071
    3048       1.9818
    3049       2.0723
    3050       2.1441
    3051       1.8509
    3052       1.9285
    3053       2.0453
    3054       2.2857
    3055       2.1932
    3056       2.0286
    3057       2.0119
    3058       1.8770
    3059       2.2291
    3060       2.1522
    3061       2.2836
    3062       2.0790
    3063       2.1157
    3064       2.0634
    3065       2.0396
    3066       1.9984
    3067       1.9784
    3068       2.1280
    3069       2.1108
    3070       2.1227
    3071       2.2026
    3072       2.0518
    3073       2.0329
    3074       2.0582
    3075       2.3040
    3076       2.2559
    3077       2.3478
    3078       2.3635
    3079       2.1947
    3080       2.0424
    3081       1.9946
    3082       2.0562
    3083       1.8421
    3084       1.8507
    3085       1.7441
    3086       1.8248
    3087       1.8751
    3088       1.8633
    3089       1.7434
    3090       1.9563
    3091       2.0993
    3092       2.1418
    3093       1.9625
    3094       2.0572
    3095       2.0070
    3096       1.9966
    3097       1.9029
    3098       1.9195
    3099       1.9943
    3100       2.0884
    3101       2.0469
    3102       1.9677
    3103       1.7451
    3104       1.7958
    3105       1.5931
    3106       1.6282
    3107       1.6588
    3108       1.6920
    3109       1.8860
    3110       1.7515
    3111       1.6757
    3112       1.8368
    3113       1.9426
    3114       1.7797
    3115       1.6812
    3116       1.5947
    3117       1.5353
    3118       1.6575
    3119       1.6673
    3120       1.5294
    3121       1.7215
    3122       1.7344
    3123       1.8463
    3124       1.7768
    3125       1.6119
    3126       1.7016
    3127       1.7961
    3128       1.8914
    3129       1.8994
    3130       1.9293
    3131       2.0541
    3132       1.9345
    3133       1.8991
    3134       1.7498
    3135       1.9225
    3136       1.6961
    3137       1.6110
    3138       1.6335
    3139       1.6890
    3140       1.6867
    3141       1.7385
    3142       1.9926
    3143       1.8564
    3144       1.8361
    3145       1.7403
    3146       1.6697
    3147       1.7604
    3148       1.8528
    3149       1.8546
    3150       1.8284
    3151       1.8767
    3152       1.9875
    3153       2.0057
    3154       1.9267
    3155       1.8786
    3156       1.9405
    3157       1.9355
    3158       1.9295
    3159       2.0254
    3160       1.9056
    3161       1.8030
    3162       1.8412
    3163       1.8515
    3164       1.9388
    3165       2.0502
    3166       2.1030
    3167       2.1210
    3168       2.3981
    3169       2.3336
    3170       2.2544
    3171       2.2004
    3172       1.9889
    3173       2.0940
    3174       2.1050
    3175       2.1110
    3176       2.2228
    3177       2.3893
    3178       2.2554
    3179       2.1364
    3180       1.9268
    3181       1.9925
    3182       1.9773
    3183       1.8515
    3184       1.8981
    3185       1.9958
    3186       2.0006
    3187       2.0629
    3188       1.9894
    3189       2.1077
    3190       2.0169
    3191       2.0625
    3192       1.9499
    3193       1.8137
    3194       1.8253
    3195       1.6702
    3196       1.7521
    3197       1.7288
    3198       1.6258
    3199       1.6941
    3200       1.6651
    3201       1.7912
    3202       1.7040
    3203       1.8895
    3204       2.0471
    3205       2.1631
    3206       2.1382
    3207       2.1595
    3208       1.9282
    3209       1.9640
    3210       1.9968
    3211       2.0081
    3212       1.8900
    3213       1.8738
    3214       1.7765
    3215       1.7716
    3216       1.4838
    3217       1.5962
    3218       1.5402
    3219       1.6756
    3220       1.7675
    3221       1.7796
    3222       1.9446
    3223       1.8581
    3224       1.8252
    3225       1.7472
    3226       1.7701
    3227       1.7162
    3228       1.8252
    3229       1.7717
    3230       1.7186
    3231       1.6731
    3232       1.8067
    3233       1.7283
    3234       1.7753
    3235       1.7578
    3236       1.6834
    3237       1.6407
    3238       1.5211
    3239       1.6213
    3240       1.7553
    3241       1.9104
    3242       1.9510
    3243       1.6622
    3244       1.5513
    3245       1.5828
    3246       1.7606
    3247       1.7848
    3248       1.7507
    3249       1.7303
    3250       1.6966
    3251       1.7238
    3252       1.6502
    3253       1.7372
    3254       1.5968
    3255       1.6095
    3256       1.7374
    3257       1.7846
    3258       1.8279
    3259       1.8487
    3260       1.7279
    3261       1.8817
    3262       1.8122
    3263       1.8662
    3264       1.9229
    3265       1.9274
    3266       1.9769
    3267       1.8742
    3268       1.7312
    3269       1.6193
    3270       1.8363
    3271       1.8091
    3272       2.0553
    3273       2.1467
    3274       1.9367
    3275       1.7178
    3276       1.6244
    3277       1.4713
    3278       1.3888
    3279       1.3332
    3280       1.4283
    3281       1.3185
    3282       1.3777
    3283       1.3962
    3284       1.4180
    3285       1.4234
    3286       1.2922
    3287       1.2245
    3288       1.3033
    3289       1.2701
    3290       1.3110
    3291       1.1968
    3292       1.2920
    3293       1.4036
    3294       1.3860
    3295       1.3951
    3296       1.5000
    3297       1.4231
    3298       1.4593
    3299       1.5104
    3300       1.4738
    3301       1.3715
    3302       1.4304
    3303       1.5587
    3304       1.4825
    3305       1.5433
    3306       1.4808
    3307       1.5624
    3308       1.5943
    3309       1.6314
    3310       1.4462
    3311       1.5414
    3312       1.5271
    3313       1.5384
    3314       1.5088
    3315       1.5874
    3316       1.6785
    3317       1.5599
    3318       1.5654
    3319       1.5908
    3320       1.4639
    3321       1.4642
    3322       1.4413
    3323       1.3609
    3324       1.3223
    3325       1.4911
    3326       1.3983
    3327       1.4533
    3328       1.5624
    3329       1.5603
    3330       1.4809
    3331       1.4717
    3332       1.6008
    3333       1.6130
    3334       1.6997
    3335       1.6895
    3336       1.9504
    3337       1.9229
    3338       1.7818
    3339       1.7398
    3340       1.7555
    3341       1.8618
    3342       1.7133
    3343       1.9882
    3344       2.1897
    3345       1.9047
    3346       1.8683
    3347       1.8027
    3348       1.8300
    3349       2.0461
    3350       1.9971
    3351       2.0888
    3352       1.9129
    3353       2.1973
    3354       1.9911
    3355       1.9224
    3356       2.0275
    3357       1.8794
    3358       1.8508
    3359       2.0647
    3360       2.0660
    3361       2.1053
    3362       1.9923
    3363       2.0520
    3364       1.8032
    3365       1.9311
    3366       1.8112
    3367       1.8958
    3368       1.8682
    3369       2.0277
    3370       1.9042
    3371       1.9885
    3372       1.9717
    3373       2.0337
    3374       2.2248
    3375       2.0030
    3376       1.9839
    3377       1.8500
    3378       1.8483
    3379       1.8895
    3380       1.8950
    3381       1.8389
    3382       1.9324
    3383       2.1033
    3384       2.2098
    3385       2.2692
    3386       2.2830
    3387       2.1320
    3388       2.4922
    3389       2.1429
    3390       2.1882
    3391       2.2868
    3392       2.0837
    3393       2.0621
    3394       2.0405
    3395       1.9546
    3396       1.7808
    3397       1.7590
    3398       1.9452
    3399       2.1100
    3400       2.0653
    3401       2.1923
    3402       2.0951
    3403       2.1913
    3404       1.9643
    3405       2.0350
    3406       1.9162
    3407       1.6740
    3408       1.7829
    3409       1.8409
    3410       1.7564
    3411       1.7436
    3412       1.5907
    3413       1.6015
    3414       1.6974
    3415       1.7910
    3416       1.8128
    3417       1.7930
    3418       1.7786
    3419       1.8165
    3420       1.7790
    3421       1.8712
    3422       1.7701
    3423       1.7809
    3424       1.8698
    3425       1.7699
    3426       1.4984
    3427       1.5010
    3428       1.6765
    3429       1.7990
    3430       1.6504
    3431       1.5102
    3432       1.6156
    3433       1.6085
    3434       1.5820
    3435       1.6482
    3436       1.6431
    3437       1.6092
    3438       1.7098
    3439       1.8041
    3440       1.7312
    3441       1.6895
    3442       1.7901
    3443       1.6993
    3444       1.9384
    3445       1.8024
    3446       1.7194
    3447       1.6724
    3448       1.7027
    3449       2.0357
    3450       1.8870
    3451       2.0396
    3452       2.3205
    3453       2.0799
    3454       1.9762
    3455       1.9940
    3456       2.0585
    3457       2.0757
    3458       2.1281
    3459       1.9322
    3460       1.8529
    3461       1.9037
    3462       1.8268
    3463       1.7265
    3464       1.7702
    3465       1.8068
    3466       1.9162
    3467       1.7394
    3468       1.6301
    3469       1.6523
    3470       1.7596
    3471       1.8410
    3472       1.9348
    3473       1.9041
    3474       2.0726
    3475       1.9715
    3476       1.8199
    3477       1.8365
    3478       1.8261
    3479       1.6407
    3480       1.7059
    3481       1.8042
    3482       1.7261
    3483       1.7088
    3484       1.8143
    3485       1.9179
    3486       1.8738
    3487       1.6878
    3488       1.8751
    3489       1.8653
    3490       1.9059
    3491       1.8509
    3492       1.8934
    3493       1.8787
    3494       1.7964
    3495       1.8522
    3496       1.7142
    3497       1.9431
    3498       1.9347
    3499       1.7727
    3500       1.8654
    3501       1.8085
    3502       2.0278
    3503       1.8230
    3504       2.0137
    3505       2.0768
    3506       2.0527
    3507       1.9301
    3508       1.9240
    3509       1.9495
    3510       1.8896
    3511       1.9582
    3512       1.8528
    3513       2.1289
    3514       2.0322
    3515       2.1066
    3516       2.3206
    3517       2.0927
    3518       2.0337
    3519       2.1760
    3520       2.1522
    3521       2.2629
    3522       2.3420
    3523       2.4169
    3524       2.4048
    3525       2.3153
    3526       2.0558
    3527       1.9835
    3528       1.9090
    3529       2.0729
    3530       2.0577
    3531       2.0491
    3532       2.1640
    3533       2.1900
    3534       2.1386
    3535       2.2357
    3536       2.2631
    3537       2.0926
    3538       1.9761
    3539       2.0308
    3540       2.0085
    3541       1.9828
    3542       2.1258
    3543       2.1900
    3544       2.0722
    3545       2.0313
    3546       2.0584
    3547       1.8831
    3548       1.8946
    3549       1.9684
    3550       1.7816
    3551       1.7013
    3552       1.8283
    3553       1.7729
    3554       2.1339
    3555       1.9938
    3556       1.7661
    3557       1.7971
    3558       2.0479
    3559       2.0941
    3560       2.0870
    3561       1.8833
    3562       1.9133
    3563       1.8549
    3564       1.8173
    3565       1.9134
    3566       1.9551
    3567       1.9185
    3568       1.9735
    3569       1.8804
    3570       2.0417
    3571       2.1731
    3572       2.2817
    3573       2.1949
    3574       2.2753
    3575       2.0202
    3576       2.2134
    3577       2.1575
    3578       1.8719
    3579       1.9519
    3580       2.0971
    3581       1.9412
    3582       2.1215
    3583       1.9773
    3584       1.9392
    3585       2.0514
    3586       1.9424
    3587       2.0129
    3588       1.9204
    3589       2.1611
    3590       2.2055
    3591       2.2809
    3592       2.1387
    3593       2.1499
    3594       2.1838
    3595       2.0523
    3596       2.0521
    3597       2.0737
    3598       2.1980
    3599       2.2824
    3600       2.1308
    3601       2.2028
    3602       1.9419
    3603       1.9052
    3604       2.0048
    3605       1.8138
    3606       1.9299
    3607       2.1076
    3608       1.9427
    3609       1.8656
    3610       1.7888
    3611       1.8664
    3612       1.7910
    3613       1.8362
    3614       1.8778
    3615       1.9406
    3616       2.1535
    3617       2.0202
    3618       2.0715
    3619       2.0142
    3620       2.1719
    3621       2.0806
    3622       1.9276
    3623       1.9244
    3624       2.1057
    3625       2.0875
    3626       2.1985
    3627       2.1661
    3628       2.0413
    3629       2.0606
    3630       1.9762
    3631       2.0294
    3632       2.0820
    3633       1.9651
    3634       1.9914
    3635       2.0886
    3636       2.1051
    3637       2.1684
    3638       2.3828
    3639       2.1260
    3640       2.4634
    3641       2.1819
    3642       2.0944
    3643       2.1912
    3644       2.3589
    3645       2.2859
    3646       2.0842
    3647       2.1733
    3648       2.3097
    3649       2.3641
    3650       2.3273
    3651       2.3425
    3652       2.1933
    3653       2.0764
    3654       2.2903
    3655       2.1344
    3656       2.1043
    3657       2.0117
    3658       2.0991
    3659       2.1062
    3660       2.1286
    3661       2.0222
    3662       1.9633
    3663       1.9720
    3664       1.7986
    3665       1.9504
    3666       2.0998
    3667       2.1232
    3668       2.1034
    3669       2.1696
    3670       2.0366
    3671       2.0781
    3672       1.9683
    3673       1.7251
    3674       1.7771
    3675       1.7113
    3676       1.6151
    3677       1.7041
    3678       1.7631
    3679       1.6314
    3680       1.7438
    3681       1.6681
    3682       1.8252
    3683       1.9360
    3684       1.7762
    3685       1.9205
    3686       1.9191
    3687       1.9034
    3688       2.0487
    3689       2.1649
    3690       2.1830
    3691       2.3003
    3692       2.0190
    3693       2.0498
    3694       2.1605
    3695       2.0771
    3696       1.9663
    3697       2.2132
    3698       2.2689
    3699       2.1130
    3700       2.0432
    3701       1.8981
    3702       2.0462
    3703       1.9321
    3704       1.9293
    3705       1.9826
    3706       1.8921
    3707       1.7540
    3708       1.7254
    3709       1.8842
    3710       1.8068
    3711       1.9519
    3712       1.9805
    3713       1.9724
    3714       1.9321
    3715       1.9563
    3716       2.1737
    3717       2.1954
    3718       2.2071
    3719       1.8838
    3720       1.9822
    3721       2.1049
    3722       2.1223
    3723       2.1976
    3724       2.0172
    3725       2.1565
    3726       2.0236
    3727       2.1246
    3728       2.0864
    3729       2.1439
    3730       2.1270
    3731       2.0939
    3732       1.9228
    3733       1.8818
    3734       2.0307
    3735       2.1328
    3736       2.1372
    3737       2.2972
    3738       2.3442
    3739       2.5025
    3740       2.3197
    3741       2.4004
    3742       2.3151
    3743       2.1839
    3744       2.1952
    3745       2.3548
    3746       2.3254
    3747       2.3054
    3748       2.3812
    3749       2.3686
    3750       2.3516
    3751       2.3187
    3752       2.3019
    3753       2.2576
    3754       2.4880
    3755       2.5025
    3756       2.5169
    3757       2.4950
    3758       2.4721
    3759       2.0752
    3760       2.2229
    3761       2.1346
    3762       2.4253
    3763       2.2990
    3764       2.2763
    3765       2.2113
    3766       2.1266
    3767       2.1236
    3768       1.9072
    3769       1.9023
    3770       2.1377
    3771       2.0009
    3772       2.1878
    3773       2.3394
    3774       2.3525
    3775       2.3027
    3776       2.2605
    3777       1.9823
    3778       2.1332
    3779       2.3438
    3780       2.2654
    3781       2.3056
    3782       2.3292
    3783       2.3179
    3784       2.1903
    3785       2.3127
    3786       2.1946
    3787       2.3590
    3788       2.5240
    3789       2.4588
    3790       2.4189
    3791       2.3763
    3792       2.3253
    3793       2.5284
    3794       2.4307
    3795       2.3139
    3796       2.1464
    3797       1.9329
    3798       1.8496
    3799       1.8209
    3800       1.9956
    3801       2.1811
    3802       2.2415
    3803       2.2425
    3804       2.1772
    3805       2.2032
    3806       2.2423
    3807       2.1521
    3808       2.1234
    3809       2.1858
    3810       2.2147
    3811       2.2755
    3812       2.3308
    3813       2.1577
    3814       2.0379
    3815       2.3191
    3816       2.3549
    3817       2.2267
    3818       2.1704
    3819       2.2031
    3820       2.0948
    3821       2.4111
    3822       2.2656
    3823       2.0498
    3824       2.2448
    3825       1.9622
    3826       2.0003
    3827       2.0207
    3828       1.9964
    3829       1.9866
    3830       1.9047
    3831       1.8706
    3832       2.0758
    3833       2.1541
    3834       1.8568
    3835       1.9409
    3836       2.1635
    3837       2.0964
    3838       2.1455
    3839       1.9549
    3840       1.7164
    3841       1.6657
    3842       1.7361
    3843       1.8381
    3844       1.7117
    3845       1.8198
    3846       1.7635
    3847       1.7253
    3848       1.7655
    3849       1.7636
    3850       1.9095
    3851       1.9720
    3852       1.9329
    3853       2.2035
    3854       1.9053
    3855       1.9186
    3856       1.9822
    3857       1.9912
    3858       1.9901
    3859       1.8053
    3860       1.9423
    3861       1.8740
    3862       1.8962
    3863       1.8314
    3864       1.8206
    3865       1.8244
    3866       1.7707
    3867       1.8140
    3868       1.7871
    3869       1.9331
    3870       1.8813
    3871       1.7469
    3872       1.8156
    3873       1.9641
    3874       1.8559
    3875       1.7682
    3876       1.9083
    3877       1.9631
    3878       2.0126
    3879       2.1468
    3880       2.2852
    3881       2.0682
    3882       1.9557
    3883       2.0010
    3884       1.9111
    3885       1.8152
    3886       1.7628
    3887       1.7379
    3888       1.7836
    3889       1.8253
    3890       1.7680
    3891       1.7915
    3892       1.7525
    3893       1.7596
    3894       1.8532
    3895       1.8695
    3896       2.0317
    3897       2.2109
    3898       2.2447
    3899       2.2438
    3900       2.3096
    3901       2.1326
    3902       2.2900
    3903       2.2251
    3904       2.0073
    3905       2.0719
    3906       2.0480
    3907       2.2211
    3908       2.2149
    3909       1.9921
    3910       2.0059
    3911       2.0249
    3912       2.1063
    3913       2.0336
    3914       2.0328
    3915       2.0200
    3916       2.0764
    3917       2.0076
    3918       1.9392
    3919       2.2095
    3920       2.2117
    3921       2.2206
    3922       2.0822
    3923       2.0876
    3924       1.9814
    3925       1.9306
    3926       2.0801
    3927       2.0811
    3928       2.0472
    3929       2.0029
    3930       1.8377
    3931       1.8834
    3932       1.9736
    3933       2.0603
    3934       2.2629
    3935       2.1156
    3936       2.2844
    3937       2.2138
    3938       2.1649
    3939       2.2020
    3940       2.1643
    3941       2.1939
    3942       2.1286
    3943       2.0506
    3944       2.2690
    3945       2.1490
    3946       2.1681
    3947       2.1465
    3948       2.0835
    3949       1.9949
    3950       1.9389
    3951       1.8746
    3952       2.0456
    3953       2.1431
    3954       2.1183
    3955       2.0386
    3956       2.0868
    3957       1.8823
    3958       2.0543
    3959       1.8740
    3960       2.0791
    3961       2.1446
    3962       2.0100
    3963       2.0344
    3964       2.1444
    3965       2.1221
    3966       2.1907
    3967       2.1163
    3968       2.2467
    3969       2.0586
    3970       2.1092
    3971       2.1231
    3972       2.0000
    3973       2.0656
    3974       2.0051
    3975       2.1395
    3976       2.0738
    3977       2.0377
    3978       1.9530
    3979       2.0442
    3980       2.0894
    3981       2.0773
    3982       2.0043
    3983       1.9445
    3984       1.9704
    3985       1.9825
    3986       1.9874
    3987       2.0109
    3988       1.9907
    3989       2.1413
    3990       2.2054
    3991       2.1054
    3992       2.0807
    3993       2.1005
    3994       1.9368
    3995       1.7796
    3996       2.1159
    3997       2.1623
    3998       2.1290
    3999       2.1028
    4000       2.0198
    4001       2.0439
    4002       1.9907
    4003       1.8956
    4004       1.9539
    4005       2.0137
    4006       2.1970
    4007       2.1811
    4008       2.1092
    4009       2.0932
    4010       1.9901
    4011       1.9470
    4012       1.9757
    4013       2.1307
    4014       2.0900
    4015       2.0831
    4016       2.2830
    4017       2.0816
    4018       2.1063
    4019       1.9093
    4020       2.2073
    4021       2.0515
    4022       2.0880
    4023       2.0032
    4024       2.0448
    4025       2.1014
    4026       2.1520
    4027       2.2680
    4028       2.0443
    4029       2.0368
    4030       2.0827
    4031       2.1787
    4032       2.3250
    4033       2.2302
    4034       2.2176
    4035       2.2627
    4036       2.1825
    4037       2.4146
    4038       2.3256
    4039       2.2738
    4040       2.3964
    4041       2.2417
    4042       2.1025
    4043       2.0584
    4044       2.1505
    4045       2.0481
    4046       2.0022
    4047       1.9834
    4048       2.1345
    4049       2.1532
    4050       2.1548
    4051       2.1863
    4052       2.0150
    4053       2.0469
    4054       2.0683
    4055       2.1126
    4056       2.1397
    4057       1.9786
    4058       2.0751
    4059       1.9256
    4060       1.9882
    4061       2.1287
    4062       2.0897
    4063       1.8880
    4064       1.9116
    4065       1.9566
    4066       1.9233
    4067       1.8281
    4068       1.9080
    4069       1.8280
    4070       1.9144
    4071       1.9667
    4072       1.9648
    4073       1.9449
    4074       1.7732
    4075       1.9314
    4076       1.7630
    4077       1.6718
    4078       1.6202
    4079       1.8462
    4080       1.9733
    4081       2.0103
    4082       2.0058
    4083       2.0166
    4084       2.1324
    4085       2.1360
    4086       2.1626
    4087       2.2566
    4088       2.3461
    4089       2.1370
    4090       2.0132
    4091       2.1229
    4092       2.3201
    4093       2.1514
    4094       2.1065
    4095       1.9532
    4096       1.9646
    4097       2.0024
    4098       1.9245
    4099       1.9030
    4100       2.0019
    4101       1.8879
    4102       1.8675
    4103       1.9150
    4104       1.8295
    4105       1.9775
    4106       2.0608
    4107       2.1020
    4108       2.1374
    4109       2.0802
    4110       2.0270
    4111       2.0049
    4112       1.9613
    4113       1.8143
    4114       1.9276
    4115       1.9385
    4116       1.9163
    4117       1.8601
    4118       1.8811
    4119       1.8240
    4120       1.7341
    4121       1.8009
    4122       1.7504
    4123       1.8342
    4124       1.8145
    4125       1.8567
    4126       1.7868
    4127       1.7375
    4128       1.5976
    4129       1.6966
    4130       1.5667
    4131       1.6406
    4132       1.5478
    4133       1.6415
    4134       1.8217
    4135       1.7917
    4136       1.7394
    4137       1.8561
    4138       1.8327
    4139       1.8484
    4140       1.7357
    4141       1.7886
    4142       1.7630
    4143       1.9529
    4144       2.0391
    4145       1.9973
    4146       1.8717
    4147       1.7181
    4148       1.8353
    4149       1.8391
    4150       1.9462
    4151       1.9284
    4152       1.9877
    4153       1.9560
    4154       2.1238
    4155       2.2119
    4156       2.1543
    4157       2.3529
    4158       2.2504
    4159       2.3073
    4160       2.4050
    4161       2.4388
    4162       2.3460
    4163       2.3274
    4164       2.2522
    4165       2.2290
    4166       2.2982
    4167       2.2430
    4168       2.2572
    4169       2.2875
    4170       2.2408
    4171       2.2100
    4172       2.2374
    4173       2.3524
    4174       2.4240
    4175       2.4361
    4176       2.3437
    4177       2.3274
    4178       2.3901
    4179       2.4747
    4180       2.3057
    4181       2.2931
    4182       2.3895
    4183       2.3047
    4184       2.3678
    4185       2.1231
    4186       2.1397
    4187       2.1232
    4188       2.2693
    4189       2.2206
    4190       2.3244
    4191       2.5014
    4192       2.4058
    4193       2.2647
    4194       2.2924
    4195       2.3942
    4196       2.3623
    4197       2.3821
    4198       2.0364
    4199       1.8777
    4200       2.1469
    4201       2.2739
    4202       2.0701
    4203       2.0078
    4204       2.2388
    4205       2.3407
    4206       2.2598
    4207       2.3599
    4208       2.2831
    4209       2.2641
    4210       2.1911
    4211       2.2740
    4212       2.4091
    4213       2.3301
    4214       2.2625
    4215       2.2212
    4216       2.2652
    4217       2.2969
    4218       2.3859
    4219       2.3229
    4220       2.4085
    4221       2.3575
    4222       2.3630
    4223       2.1031
    4224       2.0230
    4225       1.9581
    4226       2.1477
    4227       2.0668
    4228       2.1900
    4229       1.9706
    4230       2.1766
    4231       2.1237
    4232       2.3573
    4233       2.4054
    4234       2.5472
    4235       2.4902
    4236       2.5364
    4237       2.4901
    4238       2.4586
    4239       2.5793
    4240       2.7014
    4241       2.6953
    4242       2.6629
    4243       2.4620
    4244       2.3974
    4245       2.1985
    4246       2.2612
    4247       2.2376
    4248       2.1910
    4249       2.2408
    4250       2.3502
    4251       2.3166
    4252       2.0768
    4253       1.9843
    4254       2.0354
    4255       2.3546
    4256       2.2789
    4257       2.4363
    4258       2.4987
    4259       2.5021
    4260       2.4452
    4261       2.4599
    4262       2.2992
    4263       2.2935
    4264       2.3699
    4265       2.4840
    4266       2.5611
    4267       2.5102
    4268       2.4992
    4269       2.5209
    4270       2.3676
    4271       2.2722
    4272       2.4208
    4273       2.2076
    4274       2.2488
    4275       2.2739
    4276       2.3752
    4277       2.4974
    4278       2.6434
    4279       2.7057
    4280       2.7640
    4281       2.4543
    4282       2.2343
    4283       2.4757
    4284       2.4883
    4285       2.4767
    4286       2.3717
    4287       2.2829
    4288       2.0984
    4289       2.0116
    4290       2.2144
    4291       2.2285
    4292       2.1430
    4293       2.3061
    4294       2.3953
    4295       2.4502
    4296       2.4732
    4297       2.3470
    4298       2.5106
    4299       2.3174
    4300       2.4184
    4301       2.2170
    4302       2.2685
    4303       2.3065
    4304       2.1335
    4305       2.2611
    4306       2.3518
    4307       2.2884
    4308       2.3345
    4309       2.3814
    4310       2.2298
    4311       2.1582
    4312       2.2019
    4313       2.3300
    4314       2.5777
    4315       2.5224
    4316       2.5073
    4317       2.4083
    4318       2.4469
    4319       2.4073
    4320       2.4285
    4321       2.3694
    4322       2.4226
    4323       2.5108
    4324       2.5102
    4325       2.3115
    4326       2.1530
    4327       2.1052
    4328       2.0446
    4329       2.3202
    4330       2.3164
    4331       2.3937
    4332       2.4246
    4333       2.2621
    4334       2.3976
    4335       2.2561
    4336       2.2919
    4337       2.3814
    4338       2.3804
    4339       2.3576
    4340       2.2736
    4341       2.3448
    4342       2.4482
    4343       2.2461
    4344       2.1478
    4345       2.1948
    4346       2.1958
    4347       2.2706
    4348       2.1751
    4349       2.1233
    4350       1.9701
    4351       2.0997
    4352       2.0044
    4353       2.0629
    4354       2.0870
    4355       2.1875
    4356       2.0932
    4357       2.1246
    4358       2.2342
    4359       2.2069
    4360       2.1205
    4361       2.0423
    4362       2.0543
    4363       2.1049
    4364       2.0609
    4365       2.1126
    4366       2.1520
    4367       2.2897
    4368       2.2799
    4369       2.2774
    4370       2.1927
    4371       2.1452
    4372       1.9406
    4373       2.0008
    4374       1.9412
    4375       1.9628
    4376       2.0351
    4377       1.9891
    4378       2.0249
    4379       2.0185
    4380       2.1648
    4381       2.0717
    4382       2.2351
    4383       2.2498
    4384       2.1854
    4385       2.1068
    4386       2.0737
    4387       2.2005
    4388       2.1553
    4389       2.1730
    4390       2.4321
    4391       2.3876
    4392       2.4104
    4393       2.2541
    4394       2.2839
    4395       2.1302
    4396       2.1643
    4397       2.2458
    4398       2.2728
    4399       2.2283
    4400       2.2960
    4401       2.2726
    4402       2.2886
    4403       2.2397
    4404       2.4407
    4405       2.3289
    4406       2.2933
    4407       2.2905
    4408       2.2378
    4409       2.3184
    4410       2.4544
    4411       2.3294
    4412       2.3459
    4413       2.3663
    4414       2.5423
    4415       2.4759
    4416       2.3708
    4417       2.0875
    4418       2.1168
    4419       2.1852
    4420       2.1323
    4421       2.0970
    4422       1.9689
    4423       2.1546
    4424       2.2095
    4425       1.9885
    4426       1.9677
    4427       1.8768
    4428       1.9861
    4429       1.9552
    4430       2.0347
    4431       2.0274
    4432       1.9521
    4433       1.9622
    4434       1.9463
    4435       1.9952
    4436       1.7861
    4437       1.8905
    4438       2.1101
    4439       2.1091
    4440       2.0175
    4441       2.0683
    4442       2.0239
    4443       1.9807
    4444       1.8178
    4445       1.9432
    4446       1.8591
    4447       2.0228
    4448       1.9646
    4449       2.1069
    4450       1.9917
    4451       1.9927
    4452       1.8672
    4453       1.7913
    4454       1.7690
    4455       1.7966
    4456       1.9533
    4457       1.8812
    4458       1.8811
    4459       1.7973
    4460       1.8766
    4461       2.0338
    4462       2.0075
    4463       1.9819
    4464       2.0239
    4465       2.0234
    4466       1.8253
    4467       1.9162
    4468       1.8347
    4469       1.8366
    4470       1.8862
    4471       1.7789
    4472       1.9691
    4473       1.8880
    4474       1.9454
    4475       1.9671
    4476       1.9579
    4477       2.0548
    4478       2.0969
    4479       2.0343
    4480       2.0161
    4481       2.0950
    4482       2.3377
    4483       2.2761
    4484       2.2255
    4485       2.1721
    4486       2.2801
    4487       2.3297
    4488       2.2333
    4489       2.2722
    4490       2.3164
    4491       2.2678
    4492       2.2453
    4493       2.1466
    4494       1.9688
    4495       1.9477
    4496       1.9200
    4497       1.8227
    4498       1.8475
    4499       1.8312
    4500       2.0340
    4501       1.9838
    4502       1.7300
    4503       1.8806
    4504       2.1456
    4505       1.9692
    4506       1.9577
    4507       2.0140
    4508       1.9889
    4509       1.9438
    4510       1.7390
    4511       1.9590
    4512       2.0449
    4513       2.0657
    4514       2.0342
    4515       2.0517
    4516       1.8981
    4517       1.8975
    4518       1.9049
    4519       1.7082
    4520       2.0251
    4521       2.0629
    4522       1.9988
    4523       1.9932
    4524       2.0773
    4525       2.0440
    4526       1.9607
    4527       1.9382
    4528       1.7682
    4529       1.8105
    4530       1.8233
    4531       1.8653
    4532       1.8737
    4533       1.9704
    4534       2.0631
    4535       2.0505
    4536       1.8962
    4537       2.1058
    4538       1.9727
    4539       1.9135
    4540       1.9380
    4541       1.9575
    4542       1.8728
    4543       1.9981
    4544       2.0534
    4545       2.1391
    4546       2.0786
    4547       2.0670
    4548       1.9440
    4549       1.8641
    4550       2.0675
    4551       2.0343
    4552       2.1545
    4553       2.0154
    4554       2.0014
    4555       1.9055
    4556       2.0739
    4557       2.0313
    4558       2.0310
    4559       1.9791
    4560       1.8531
    4561       1.9196
    4562       1.9254
    4563       1.8719
    4564       2.1230
    4565       1.9681
    4566       1.9653
    4567       1.9646
    4568       1.9144
    4569       1.9564
    4570       1.9524
    4571       2.2131
    4572       2.2908
    4573       2.1268
    4574       2.0009
    4575       1.9281
    4576       2.0509
    4577       2.0403
    4578       2.0811
    4579       2.1126
    4580       1.9471
    4581       2.0611
    4582       2.0035
    4583       2.0669
    4584       2.2459
    4585       2.1033
    4586       2.3244
    4587       2.2405
    4588       2.3804
    4589       2.4379
    4590       2.3948
    4591       2.2730
    4592       2.2066
    4593       2.1061
    4594       2.1185
    4595       2.0902
    4596       2.2115
    4597       2.0856
    4598       2.0916
    4599       2.0017
    4600       2.0230
    4601       2.1331
    4602       1.9710
    4603       1.9757
    4604       2.0450
    4605       2.0650
    4606       2.0377
    4607       2.0429
    4608       2.0683
    4609       2.0275
    4610       2.2435
    4611       2.1637
    4612       2.1549
    4613       2.0784
    4614       2.1666
    4615       2.0641
    4616       1.8913
    4617       2.1449
    4618       2.1993
    4619       2.2415
    4620       2.1949
    4621       2.1811
    4622       2.4235
    4623       2.4217
    4624       2.5454
    4625       2.4134
    4626       2.5658
    4627       2.6308
    4628       2.4217
    4629       2.5181
    4630       2.4686
    4631       2.4686
    4632       2.3104
    4633       2.3108
    4634       2.2874
    4635       2.3305
    4636       2.2720
    4637       2.5219
    4638       2.3193
    4639       2.3010
    4640       2.2324
    4641       2.2417
    4642       2.1840
    4643       2.0542
    4644       2.1612
    4645       2.1575
    4646       2.1099
    4647       2.1416
    4648       2.1054
    4649       2.0383
    4650       2.0730
    4651       1.9654
    4652       2.0095
    4653       2.0712
    4654       2.0800
    4655       2.0698
    4656       2.2092
    4657       2.1073
    4658       2.0503
    4659       2.0440
    4660       2.0338
    4661       2.1523
    4662       2.1189
    4663       2.0228
    4664       2.0748
    4665       2.3035
    4666       2.4094
    4667       2.2308
    4668       2.1924
    4669       2.1441
    4670       2.0772
    4671       1.9867
    4672       2.0063
    4673       1.9639
    4674       1.8416
    4675       1.9363
    4676       1.9903
    4677       1.8228
    4678       1.8997
    4679       1.9980
    4680       1.9560
    4681       2.0081
    4682       1.9736
    4683       1.9843
    4684       1.9523
    4685       2.0036
    4686       1.9547
    4687       1.8856
    4688       2.1073
    4689       1.9612
    4690       1.9298
    4691       2.0073
    4692       2.0782
    4693       2.0904
    4694       2.1786
    4695       2.2580
    4696       2.2669
    4697       2.1633
    4698       2.3001
    4699       2.2978
    4700       2.2565
    4701       2.1968
    4702       2.1751
    4703       2.4070
    4704       2.5630
    4705       2.5022
    4706       2.3674
    4707       2.3583
    4708       2.3813
    4709       2.4470
    4710       2.2082
    4711       2.1524
    4712       2.0749
    4713       2.1203
    4714       2.2099
    4715       2.1731
    4716       2.0252
    4717       2.0045
    4718       2.0338
    4719       1.9918
    4720       1.9197
    4721       2.0447
    4722       1.9841
    4723       2.0416
    4724       1.8372
    4725       1.8160
    4726       1.7602
    4727       1.9202
    4728       1.9067
    4729       1.9868
    4730       1.9459
    4731       2.0681
    4732       1.8519
    4733       1.9540
    4734       1.8677
    4735       1.9818
    4736       1.9223
    4737       1.8374
    4738       1.9752
    4739       1.8964
    4740       1.8063
    4741       1.9502
    4742       1.9554
    4743       2.0902
    4744       2.1067
    4745       2.0742
    4746       2.1108
    4747       2.1146
    4748       1.9528
    4749       1.8210
    4750       1.9083
    4751       1.9901
    4752       1.8399
    4753       1.8031
    4754       1.8749
    4755       1.9094
    4756       1.8538
    4757       2.0342
    4758       2.0384
    4759       2.0073
    4760       1.8844
    4761       1.9222
    4762       2.0418
    4763       1.9995
    4764       2.0240
    4765       2.0999
    4766       2.1922
    4767       2.3035
    4768       2.1833
    4769       2.1155
    4770       2.2285
    4771       2.3142
    4772       2.2682
    4773       2.1740
    4774       2.0967
    4775       1.9647
    4776       2.0158
    4777       1.9842
    4778       2.1951
    4779       2.2384
    4780       2.1803
    4781       2.2996
    4782       2.1102
    4783       2.0820
    4784       2.0172
    4785       1.8619
    4786       1.9727
    4787       1.9501
    4788       2.0674
    4789       2.0977
    4790       2.0591
    4791       2.0669
    4792       2.1407
    4793       2.1988
    4794       2.0144
    4795       1.9401
    4796       1.8206
    4797       1.9926
    4798       2.0452
    4799       2.2018
    4800       2.1175
    4801       2.0371
    4802       1.9860
    4803       2.0764
    4804       2.1830
    4805       2.1506
    4806       2.0561
    4807       1.9744
    4808       1.9547
    4809       2.0557
    4810       2.2101
    4811       2.3651
    4812       2.4797
    4813       2.5043
    4814       2.3491
    4815       2.1301
    4816       2.1486
    4817       2.1680
    4818       2.0285
    4819       2.0579
    4820       1.8630
    4821       1.8976
    4822       1.8650
    4823       1.9194
    4824       2.0583
    4825       2.0686
    4826       2.0851
    4827       2.0474
    4828       2.0177
    4829       1.9528
    4830       1.9308
    4831       1.9496
    4832       2.0312
    4833       1.9973
    4834       2.0130
    4835       1.9261
    4836       1.8161
    4837       1.7986
    4838       1.7684
    4839       1.9089
    4840       2.1436
    4841       1.9207
    4842       1.7773
    4843       1.7295
    4844       1.7956
    4845       1.8923
    4846       1.9210
    4847       1.9693
    4848       2.0367
    4849       1.9752
    4850       1.9390
    4851       2.1085
    4852       2.1163
    4853       2.0895
    4854       2.1708
    4855       2.1251
    4856       2.2050
    4857       2.0842
    4858       2.1805
    4859       2.0634
    4860       2.2546
    4861       2.2483
    4862       2.3189
    4863       2.1574
    4864       2.3289
    4865       2.2625
    4866       2.4343
    4867       2.3247
    4868       2.2436
    4869       2.3495
    4870       2.2585
    4871       2.1689
    4872       2.2317
    4873       2.2879
    4874       2.1595
    4875       2.1392
    4876       2.2865
    4877       2.3144
    4878       2.1092
    4879       2.1180
    4880       2.0370
    4881       2.1855
    4882       2.0283
    4883       2.2276
    4884       2.1600
    4885       2.0690
    4886       2.3664
    4887       2.5037
    4888       2.3193
    4889       2.3456
    4890       2.4075
    4891       2.2899
    4892       2.3328
    4893       2.2071
    4894       2.2772
    4895       2.3098
    4896       2.3452
    4897       2.5533
    4898       2.9202
    4899       2.9791
    4900       2.5855
    4901       2.6926
    4902       2.5491
    4903       2.4928
    4904       2.6705
    4905       2.6009
    4906       2.6352
    4907       2.6092
    4908       2.6042
    4909       2.7031
    4910       2.5148
    4911       2.4270
    4912       2.3490
    4913       2.4359
    4914       2.3395
    4915       2.2492
    4916       1.9961
    4917       2.1306
    4918       2.2444
    4919       2.2285
    4920       2.1566
    4921       2.3839
    4922       2.3570
    4923       2.3555
    4924       2.2951
    4925       2.1935
    4926       1.9313
    4927       2.2520
    4928       2.0989
    4929       2.1329
    4930       1.9974
    4931       1.9746
    4932       2.1479
    4933       2.0937
    4934       2.2476
    4935       2.0069
    4936       2.0046
    4937       2.1434
    4938       2.0724
    4939       1.9697
    4940       2.1489
    4941       2.1654
    4942       2.1756
    4943       2.2369
    4944       2.1154
    4945       2.2680
    4946       2.1480
    4947       2.1106
    4948       2.0509
    4949       2.0486
    4950       2.1160
    4951       2.1963
    4952       2.2530
    4953       2.2753
    4954       2.2084
    4955       2.0881
    4956       2.0536
    4957       2.1351
    4958       1.9768
    4959       2.0798
    4960       2.2077
    4961       2.1139
    4962       2.1086
    4963       2.0346
    4964       1.9220
    4965       2.1449
    4966       2.0156
    4967       1.9335
    4968       1.9291
    4969       1.9370
    4970       2.1364
    4971       2.1111
    4972       2.2452
    4973       2.0403
    4974       2.1456
    4975       1.9562
    4976       2.0272
    4977       2.0680
    4978       1.9795
    4979       2.0799
    4980       1.9574
    4981       2.0385
    4982       1.9531
    4983       2.2031
    4984       2.2618
    4985       2.2317
    4986       2.0810
    4987       2.0673
    4988       2.2377
    4989       2.1697
    4990       2.1199
    4991       2.0737
    4992       1.8695
    4993       1.8483
    4994       1.9896
    4995       1.9296
    4996       1.8366
    4997       1.8986
    4998       1.8330
    4999       1.9734
    5000       2.0032
    5001       1.8369
    5002       1.7570
    5003       1.8528
    5004       2.0076
    5005       2.1066
    5006       2.3352
    5007       2.0439
    5008       2.1162
    5009       2.0736
    5010       2.1597
    5011       2.1291
    5012       2.0005
    5013       2.1496
    5014       1.8902
    5015       1.8823
    5016       1.8975
    5017       2.0075
    5018       2.0113
    5019       1.9266
    5020       2.0082
    5021       1.8611
    5022       1.9086
    5023       2.0245
    5024       2.0351
    5025       2.0112
    5026       2.2051
    5027       2.0630
    5028       2.1105
    5029       2.0657
    5030       2.0784
    5031       1.9592
    5032       2.2438
    5033       2.2293
    5034       2.0449
    5035       1.9941
    5036       2.0102
    5037       2.1092
    5038       2.0640
    5039       1.9381
    5040       2.0564
    5041       2.0212
    5042       2.1066
    5043       2.0723
    5044       2.0691
    5045       2.0399
    5046       1.9632
    5047       2.0369
    5048       2.0173
    5049       2.0685
    5050       1.9044
    5051       1.9075
    5052       1.8629
    5053       1.8231
    5054       1.8413
    5055       1.9903
    5056       1.9638
    5057       2.0591
    5058       2.1058
    5059       2.2086
    5060       2.2194
    5061       2.1058
    5062       2.2560
    5063       2.3147
    5064       2.0875
    5065       2.0208
    5066       2.2053
    5067       2.0771
    5068       2.0839
    5069       1.9151
    5070       1.9386
    5071       2.1147
    5072       2.0793
    5073       2.1248
    5074       2.0703
    5075       2.0166
    5076       2.0264
    5077       2.0174
    5078       1.9202
    5079       1.9708
    5080       2.0709
    5081       2.0416
    5082       2.1552
    5083       2.0468
    5084       1.8808
    5085       2.0175
    5086       1.9168
    5087       1.9717
    5088       2.0739
    5089       2.0054
    5090       2.1027
    5091       2.0825
    5092       2.0671
    5093       1.9601
    5094       2.0260
    5095       2.0102
    5096       2.0415
    5097       1.9821
    5098       1.9383
    5099       2.0261
    5100       2.1423
    5101       2.0742
    5102       2.0221
    5103       2.0597
    5104       2.1373
    5105       2.1056
    5106       2.0117
    5107       1.9621
    5108       2.0424
    5109       2.0623
    5110       1.8564
    5111       1.9968
    5112       1.9683
    5113       1.8739
    5114       1.9319
    5115       1.9027
    5116       1.8741
    5117       1.9506
    5118       2.0354
    5119       2.0097
    5120       1.9840
    5121       1.8629
    5122       1.9989
    5123       1.8394
    5124       2.0127
    5125       1.9688
    5126       2.0838
    5127       2.1447
    5128       2.1528
    5129       2.0583
    5130       2.0162
    5131       2.1607
    5132       2.0157
    5133       2.1087
    5134       2.1805
    5135       2.1129
    5136       2.2019
    5137       2.1773
    5138       2.1781
    5139       2.1922
    5140       2.2838
    5141       2.2148
    5142       2.2519
    5143       2.2503
    5144       2.2965
    5145       2.1336
    5146       2.1351
    5147       2.2445
    5148       2.2892
    5149       2.2395
    5150       2.2157
    5151       2.3422
    5152       2.2838
    5153       2.2338
    5154       2.1974
    5155       2.2162
    5156       2.3055
    5157       2.4442
    5158       2.3322
    5159       2.1888
    5160       2.2142
    5161       2.3926
    5162       2.0577
    5163       2.2444
    5164       2.2165
    5165       2.1776
    5166       2.2554
    5167       2.1929
    5168       2.2177
    5169       2.1872
    5170       2.1680
    5171       1.9928
    5172       2.0657
    5173       1.9976
    5174       1.9027
    5175       2.0249
    5176       1.9557
    5177       2.1072
    5178       2.2073
    5179       2.2084
    5180       2.3706
    5181       2.2033
    5182       2.0305
    5183       2.1550
    5184       1.9501
    5185       1.9473
    5186       1.8148
    5187       2.0325
    5188       1.9984
    5189       1.9336
    5190       1.9579
    5191       1.8746
    5192       1.8239
    5193       1.9447
    5194       2.0315
    5195       1.9444
    5196       1.7705
    5197       1.7972
    5198       1.8895
    5199       1.8919
    5200       1.8810
    5201       1.7669
    5202       1.9574
    5203       1.9965
    5204       2.0599
    5205       2.0573
    5206       2.0885
    5207       1.8894
    5208       1.9522
    5209       1.8760
    5210       1.9395
    5211       2.0819
    5212       2.1236
    5213       2.3386
    5214       2.3904
    5215       2.3471
    5216       2.2394
    5217       2.4485
    5218       2.4133
    5219       2.2710
    5220       2.2123
    5221       2.2469
    5222       2.2058
    5223       2.1515
    5224       2.1324
    5225       1.9649
    5226       2.0285
    5227       2.0608
    5228       1.9581
    5229       1.8372
    5230       1.8561
    5231       1.8965
    5232       1.9553
    5233       1.9964
    5234       2.0092
    5235       1.9190
    5236       1.9776
    5237       2.0459
    5238       1.9722
    5239       2.1548
    5240       2.2065
    5241       2.1038
    5242       1.9479
    5243       1.8725
    5244       1.9266
    5245       1.8973
    5246       1.8675
    5247       1.8629
    5248       1.8720
    5249       2.2181
    5250       2.1156
    5251       2.2452
    5252       2.0162
    5253       2.2192
    5254       2.2963
    5255       2.2646
    5256       1.9702
    5257       1.8292
    5258       1.9190
    5259       2.0408
    5260       2.0451
    5261       1.9148
    5262       2.2273
    5263       2.0835
    5264       2.1832
    5265       2.3025
    5266       2.4620
    5267       2.3539
    5268       2.3529
    5269       2.3867
    5270       2.3287
    5271       2.1703
    5272       1.9058
    5273       2.1432
    5274       2.2253
    5275       2.2002
    5276       2.1186
    5277       2.3979
    5278       2.3554
    5279       2.0678
    5280       2.2627
    5281       2.1068
    5282       2.0288
    5283       2.0402
    5284       1.9089
    5285       1.7544
    5286       1.8731
    5287       1.8560
    5288       1.7433
    5289       1.9062
    5290       2.0189
    5291       1.8917
    5292       1.8680
    5293       1.8880
    5294       1.9317
    5295       1.9674
    5296       2.0599
    5297       1.9614
    5298       2.0724
    5299       2.0208
    5300       2.0384
    5301       1.7897
    5302       1.8335
    5303       1.7307
    5304       1.7815
    5305       1.7777
    5306       1.7357
    5307       1.7170
    5308       1.7903
    5309       1.7064
    5310       1.6470
    5311       1.6645
    5312       1.6346
    5313       1.6888
    5314       1.6019
    5315       1.7807
    5316       1.7655
    5317       1.6981
    5318       1.5789
    5319       1.6291
    5320       1.5653
    5321       1.6784
    5322       1.7510
    5323       1.7590
    5324       1.7796
    5325       1.7726
    5326       1.6361
    5327       1.6107
    5328       1.6260
    5329       1.7723
    5330       1.8757
    5331       1.7744
    5332       1.6914
    5333       1.6841
    5334       1.6711
    5335       1.7463
    5336       1.6843
    5337       1.7792
    5338       1.7554
    5339       1.8910
    5340       1.7430
    5341       1.8007
    5342       1.8274
    5343       1.7835
    5344       1.8822
    5345       1.8663
    5346       1.8818
    5347       1.9829
    5348       1.9734
    5349       1.8079
    5350       1.9180
    5351       1.8409
    5352       1.8923
    5353       1.9525
    5354       1.7823
    5355       1.9015
    5356       1.8203
    5357       1.9610
    5358       1.9868
    5359       1.7568
    5360       1.7324
    5361       1.6347
    5362       1.6718
    5363       1.6307
    5364       1.6600
    5365       1.5455
    5366       1.5447
    5367       1.6121
    5368       1.7993
    5369       1.7851
    5370       1.6941
    5371       1.5980
    5372       1.6818
    5373       1.6872
    5374       1.6521
    5375       1.6536
    5376       1.6489
    5377       1.7267
    5378       1.6577
    5379       1.8655
    5380       1.9399
    5381       1.8927
    5382       2.1013
    5383       1.9452
    5384       1.8148
    5385       1.9189
    5386       1.9317
    5387       1.8953
    5388       1.9569
    5389       1.6865
    5390       1.7948
    5391       1.7291
    5392       1.8350
    5393       1.7682
    5394       1.6311
    5395       1.7185
    5396       1.7464
    5397       1.7503
    5398       1.6993
    5399       1.7538
    5400       1.8179
    5401       1.8029
    5402       1.7611
    5403       1.8884
    5404       1.9572
    5405       2.0616
    5406       1.9639
    5407       1.8314
    5408       1.7765
    5409       1.8900
    5410       1.8288
    5411       1.9504
    5412       1.9399
    5413       2.0894
    5414       1.9560
    5415       1.8579
    5416       2.0139
    5417       1.9074
    5418       1.9702
    5419       1.9986
    5420       1.9293
    5421       1.8258
    5422       1.8435
    5423       1.9475
    5424       1.9815
    5425       1.9631
    5426       1.7980
    5427       1.8634
    5428       1.8219
    5429       1.7486
    5430       1.7798
    5431       1.8257
    5432       1.7440
    5433       1.7746
    5434       1.8314
    5435       1.8743
    5436       1.8762
    5437       1.9073
    5438       1.8144
    5439       1.8812
    5440       1.9999
    5441       1.9808
    5442       1.9844
    5443       2.1815
    5444       2.0064
    5445       2.1167
    5446       1.9735
    5447       1.9417
    5448       2.0251
    5449       1.8837
    5450       1.9371
    5451       1.9528
    5452       1.9868
    5453       2.0137
    5454       2.0313
    5455       1.9866
    5456       1.9534
    5457       1.8044
    5458       1.9144
    5459       2.0786
    5460       2.1926
    5461       2.1200
    5462       2.0575
    5463       2.2227
    5464       1.9982
    5465       2.1887
    5466       2.1179
    5467       2.0263
    5468       2.0940
    5469       2.0204
    5470       2.0076
    5471       1.9624
    5472       2.0236
    5473       1.9259
    5474       1.9184
    5475       1.9851
    5476       1.9929
    5477       1.9371
    5478       2.0746
    5479       2.1565
    5480       2.0452
    5481       2.0183
    5482       1.9468
    5483       1.8487
    5484       1.8273
    5485       1.8659
    5486       1.8567
    5487       1.9053
    5488       1.8729
    5489       1.9244
    5490       1.9925
    5491       1.8908
    5492       1.9956
    5493       2.0846
    5494       2.3021
    5495       2.3117
    5496       2.2259
    5497       2.2819
    5498       2.0720
    5499       2.0330
    5500       2.1010
    5501       1.9682
    5502       2.0416
    5503       2.0672
    5504       2.2111
    5505       2.0343
    5506       1.8509
    5507       1.8585
    5508       2.0189
    5509       1.9414
    5510       1.8186
    5511       1.9082
    5512       1.8910
    5513       1.8979
    5514       1.9840
    5515       2.0056
    5516       1.8863
    5517       1.9125
    5518       1.8178
    5519       1.8794
    5520       2.0397
    5521       1.9605
    5522       1.8444
    5523       1.9887
    5524       2.0533
    5525       2.1841
    5526       2.2114
    5527       2.0967
    5528       2.0637
    5529       1.8330
    5530       1.8692
    5531       1.8657
    5532       1.9298
    5533       2.1063
    5534       2.1131
    5535       2.0513
    5536       1.9236
    5537       1.8704
    5538       1.9461
    5539       1.8378
    5540       1.9241
    5541       1.8743
    5542       1.7591
    5543       1.6536
    5544       1.6671
    5545       1.7423
    5546       1.8900
    5547       1.8487
    5548       1.8691
    5549       1.8820
    5550       1.8064
    5551       1.7600
    5552       1.8337
    5553       1.8169
    5554       1.9537
    5555       2.0803
    5556       2.0643
    5557       1.9514
    5558       1.9454
    5559       1.9947
    5560       2.0720
    5561       2.0483
    5562       1.8385
    5563       1.9909
    5564       1.7722
    5565       1.9327
    5566       1.7212
    5567       1.8875
    5568       1.9477
    5569       2.0457
    5570       2.0049
    5571       1.9196
    5572       2.0087
    5573       2.0312
    5574       2.0167
    5575       2.2877
    5576       2.1658
    5577       2.2689
    5578       2.4026
    5579       2.3983
    5580       2.2919
    5581       2.2694
    5582       2.4066
    5583       2.4031
    5584       2.3816
    5585       2.1576
    5586       2.3226
    5587       2.2668
    5588       2.2739
    5589       2.2281
    5590       2.3613
    5591       2.1880
    5592       2.0305
    5593       1.9036
    5594       2.1137
    5595       2.1198
    5596       2.2368
    5597       2.2883
    5598       2.2313
    5599       2.1950
    5600       2.1357
    5601       2.1953
    5602       2.2677
    5603       2.4180
    5604       2.3317
    5605       2.4783
    5606       2.2591
    5607       2.2159
    5608       2.0635
    5609       2.1710
    5610       2.1078
    5611       2.0256
    5612       2.1237
    5613       2.0341
    5614       1.9065
    5615       1.8555
    5616       1.9242
    5617       2.0105
    5618       2.0693
    5619       2.1846
    5620       2.1188
    5621       2.2397
    5622       2.2904
    5623       2.3444
    5624       2.2085
    5625       2.1593
    5626       2.1596
    5627       2.1247
    5628       2.1274
    5629       2.2076
    5630       2.2669
    5631       2.2923
    5632       2.2832
    5633       2.3558
    5634       2.3282
    5635       2.2667
    5636       2.2229
    5637       2.2693
    5638       2.2545
    5639       2.2162
    5640       2.2216
    5641       2.0617
    5642       2.0298
    5643       2.0752
    5644       1.9977
    5645       1.9478
    5646       1.8698
    5647       1.9818
    5648       1.9930
    5649       2.1026
    5650       2.1108
    5651       2.1611
    5652       2.0258
    5653       2.2277
    5654       2.3162
    5655       2.1945
    5656       2.0324
    5657       2.2250
    5658       2.1969
    5659       2.3837
    5660       2.4406
    5661       2.4049
    5662       2.4571
    5663       2.5168
    5664       2.5417
    5665       2.4877
    5666       2.4995
    5667       2.6113
    5668       2.4628
    5669       2.3485
    5670       2.1514
    5671       2.2171
    5672       2.1311
    5673       2.1704
    5674       2.2015
    5675       1.9979
    5676       2.0016
    5677       2.0278
    5678       1.9117
    5679       1.8950
    5680       1.8934
    5681       1.8642
    5682       1.9244
    5683       2.1699
    5684       2.1096
    5685       2.1375
    5686       2.3318
    5687       2.2506
    5688       2.1765
    5689       2.2554
    5690       2.1969
    5691       2.1502
    5692       2.1116
    5693       2.1089
    5694       2.0985
    5695       1.9707
    5696       2.0571
    5697       1.9398
    5698       2.1462
    5699       2.1722
    5700       2.1752
    5701       2.1973
    5702       2.3273
    5703       2.2285
    5704       2.2302
    5705       2.4573
    5706       2.3502
    5707       2.2253
    5708       2.0770
    5709       2.3244
    5710       2.5123
    5711       2.3127
    5712       2.2568
    5713       2.1560
    5714       2.1045
    5715       2.1862
    5716       2.3051
    5717       2.3548
    5718       2.3460
    5719       2.3683
    5720       2.1487
    5721       1.7875
    5722       1.7584
    5723       1.9396
    5724       1.8285
    5725       2.1004
    5726       2.1837
    5727       2.0756
    5728       2.1681
    5729       2.2399
    5730       2.2127
    5731       2.1567
    5732       2.3090
    5733       2.2629
    5734       2.4102
    5735       2.5833
    5736       2.5922
    5737       2.3584
    5738       2.4371
    5739       2.1393
    5740       2.1629
    5741       2.2444
    5742       2.1172
    5743       2.1717
    5744       1.9949
    5745       1.9799
    5746       2.0145
    5747       2.0022
    5748       1.9290
    5749       1.9815
    5750       2.0621
    5751       1.9960
    5752       2.0592
    5753       1.9861
    5754       2.0480
    5755       2.0583
    5756       2.0967
    5757       2.2129
    5758       2.0573
    5759       2.4238
    5760       2.2943
    5761       2.2848
    5762       2.1523
    5763       2.2585
    5764       2.2256
    5765       2.0070
    5766       2.0484
    5767       2.0775
    5768       2.1785
    5769       2.1963
    5770       2.1623
    5771       1.9741
    5772       2.0246
    5773       2.0295
    5774       2.0123
    5775       2.1747
    5776       2.2291
    5777       2.1595
    5778       2.1435
    5779       2.1854
    5780       2.1021
    5781       2.1451
    5782       2.1999
    5783       2.1434
    5784       1.9996
    5785       1.9633
    5786       1.9282
    5787       1.8416
    5788       1.8382
    5789       1.9186
    5790       1.9245
    5791       1.8024
    5792       1.7433
    5793       1.8441
    5794       1.9083
    5795       1.8828
    5796       1.9645
    5797       2.1438
    5798       2.1006
    5799       2.3142
    5800       2.3741
    5801       2.3430
    5802       2.4795
    5803       2.7191
    5804       2.6350
    5805       2.4650
    5806       2.4270
    5807       2.4300
    5808       2.4980
    5809       2.3948
    5810       2.4315
    5811       2.3775
    5812       2.3185
    5813       2.1316
    5814       1.9612
    5815       2.0106
    5816       2.0395
    5817       2.0551
    5818       2.0359
    5819       2.0589
    5820       2.1634
    5821       2.1823
    5822       2.1797
    5823       2.2616
    5824       2.0810
    5825       2.2076
    5826       2.2768
    5827       2.3690
    5828       2.2853
    5829       2.3964
    5830       2.2235
    5831       2.2163
    5832       2.1731
    5833       2.1826
    5834       2.2748
    5835       2.3844
    5836       2.2888
    5837       2.3126
    5838       2.2412
    5839       2.2691
    5840       2.3112
    5841       2.2521
    5842       2.0215
    5843       2.4636
    5844       2.5224
    5845       2.3231
    5846       2.2439
    5847       2.1630
    5848       2.2031
    5849       2.1538
    5850       2.1041
    5851       2.1987
    5852       2.1436
    5853       2.0969
    5854       2.1548
    5855       2.1172
    5856       2.0414
    5857       2.0856
    5858       2.1223
    5859       2.1108
    5860       2.0488
    5861       1.8786
    5862       2.0938
    5863       1.8407
    5864       2.0252
    5865       2.0708
    5866       2.1146
    5867       2.0921
    5868       2.0343
    5869       2.0886
    5870       2.0425
    5871       2.0162
    5872       1.8755
    5873       2.1426
    5874       2.1899
    5875       2.1490
    5876       1.9534
    5877       1.8365
    5878       2.0666
    5879       2.2007
    5880       2.2921
    5881       2.1228
    5882       2.3906
    5883       2.1210
    5884       2.2099
    5885       2.1206
    5886       2.3209
    5887       2.3326
    5888       2.3342
    5889       2.3022
    5890       2.3996
    5891       2.3509
    5892       2.2807
    5893       2.3280
    5894       2.3284
    5895       2.3064
    5896       2.3274
    5897       2.3512
    5898       2.2000
    5899       2.3655
    5900       2.4411
    5901       2.3711
    5902       2.6615
    5903       2.4570
    5904       2.5237
    5905       2.5177
    5906       2.5964
    5907       2.5423
    5908       2.6035
    5909       2.5888
    5910       2.4771
    5911       2.5503
    5912       2.3595
    5913       2.3051
    5914       2.3287
    5915       2.3477
    5916       2.2990
    5917       2.4102
    5918       2.2705
    5919       2.2889
    5920       2.1949
    5921       1.9985
    5922       1.9921
    5923       2.0802
    5924       1.9098
    5925       1.8021
    5926       1.9017
    5927       1.9298
    5928       2.1037
    5929       2.1902
    5930       2.1782
    5931       2.1192
    5932       2.0705
    5933       2.1633
    5934       2.0782
    5935       2.2295
    5936       2.2376
    5937       2.3110
    5938       2.3415
    5939       2.4489
    5940       2.3488
    5941       2.2004
    5942       2.2658
    5943       2.2315
    5944       2.1515
    5945       2.1715
    5946       2.0441
    5947       2.0427
    5948       2.0976
    5949       2.1281
    5950       2.0337
    5951       1.9931
    5952       1.9138
    5953       1.9184
    5954       1.8919
    5955       1.9377
    5956       2.0288
    5957       2.1096
    5958       2.1033
    5959       2.1324
    5960       2.2981
    5961       1.9436
    5962       1.9746
    5963       2.0570
    5964       1.9796
    5965       2.0605
    5966       2.1635
    5967       2.2991
    5968       2.3166
    5969       2.3167
    5970       2.2202
    5971       2.1596
    5972       2.1903
    5973       2.2225
    5974       2.1847
    5975       2.2748
    5976       2.2478
    5977       2.1724
    5978       2.3771
    5979       2.3813
    5980       2.1324
    5981       2.2153
    5982       2.1488
    5983       2.2027
    5984       2.1328
    5985       2.1964
    5986       2.1718
    5987       2.1380
    5988       2.2309
    5989       2.3319
    5990       2.2502
    5991       2.1049
    5992       1.9601
    5993       2.1229
    5994       2.0088
    5995       2.1913
    5996       2.0898
    5997       2.1118
    5998       2.0080
    5999       1.9590
    6000       2.0951
    6001       2.2398
    6002       2.0625
    6003       2.0767
    6004       2.1035
    6005       2.2258
    6006       2.0514
    6007       2.1480
    6008       2.1026
    6009       2.1465
    6010       2.0634
    6011       2.1390
    6012       2.2856
    6013       2.3912
    6014       2.4868
    6015       2.3761
    6016       2.5319
    6017       2.4592
    6018       2.5315
    6019       2.6053
    6020       2.4953
    6021       2.2945
    6022       2.3536
    6023       2.3082
    6024       2.1820
    6025       2.0637
    6026       2.0429
    6027       2.1182
    6028       2.0917
    6029       2.1595
    6030       2.1884
    6031       2.2395
    6032       2.2996
    6033       2.3627
    6034       2.2126
    6035       2.0009
    6036       2.2968
    6037       2.2970
    6038       2.1686
    6039       2.0549
    6040       2.1526
    6041       2.1020
    6042       2.1628
    6043       2.2195
    6044       2.2012
    6045       2.1585
    6046       2.0634
    6047       2.3120
    6048       2.1924
    6049       2.1605
    6050       2.0963
    6051       2.1946
    6052       2.2130
    6053       1.9781
    6054       2.1805
    6055       2.1204
    6056       2.1897
    6057       2.0083
    6058       2.1623
    6059       2.1847
    6060       2.1612
    6061       2.0864
    6062       2.0662
    6063       2.2810
    6064       2.4235
    6065       2.2602
    6066       2.2621
    6067       2.3056
    6068       2.3818
    6069       2.1512
    6070       2.1175
    6071       2.1429
    6072       2.2904
    6073       2.3742
    6074       2.1657
    6075       2.1468
    6076       2.1611
    6077       2.0981
    6078       2.3353
    6079       2.2094
    6080       2.0638
    6081       1.9293
    6082       1.9763
    6083       1.9627
    6084       2.0854
    6085       2.2131
    6086       2.2716
    6087       2.0625
    6088       2.0172
    6089       1.9391
    6090       1.9594
    6091       1.9666
    6092       1.9668
    6093       1.8759
    6094       1.9423
    6095       2.0295
    6096       2.0112
    6097       2.0060
    6098       1.9740
    6099       1.9266
    6100       1.9319
    6101       2.0289
    6102       2.1006
    6103       2.0836
    6104       2.2344
    6105       2.0809
    6106       1.9618
    6107       1.8809
    6108       1.8650
    6109       1.8703
    6110       1.8955
    6111       1.8008
    6112       1.8269
    6113       1.9632
    6114       1.8935
    6115       1.9822
    6116       1.9368
    6117       2.0564
    6118       1.7618
    6119       1.9043
    6120       1.8507
    6121       1.9024
    6122       2.1084
    6123       1.9875
    6124       2.1739
    6125       2.0339
    6126       2.0716
    6127       2.0392
    6128       2.1751
    6129       2.1900
    6130       2.1944
    6131       2.2190
    6132       2.3393
    6133       2.4421
    6134       2.4704
    6135       2.4961
    6136       2.4583
    6137       2.6200
    6138       2.4041
    6139       2.6038
    6140       2.2166
    6141       2.2570
    6142       2.4020
    6143       2.2979
    6144       2.2714
    6145       2.1376
    6146       2.2240
    6147       2.1725
    6148       2.3350
    6149       2.1472
    6150       2.3420
    6151       2.3279
    6152       2.2409
    6153       2.2069
    6154       2.1907
    6155       2.1591
    6156       2.1809
    6157       2.2269
    6158       2.2394
    6159       2.1147
    6160       2.3592
    6161       2.1619
    6162       2.1037
    6163       2.0610
    6164       2.0192
    6165       2.1190
    6166       2.1588
    6167       2.0646
    6168       2.0921
    6169       2.0261
    6170       2.0131
    6171       1.9995
    6172       2.0383
    6173       2.2284
    6174       2.2384
    6175       2.1640
    6176       2.3350
    6177       2.3606
    6178       2.2068
    6179       2.0227
    6180       2.1157
    6181       2.3201
    6182       2.2520
    6183       2.2345
    6184       2.0976
    6185       2.2094
    6186       2.0645
    6187       2.1290
    6188       2.0811
    6189       2.1640
    6190       2.1645
    6191       2.0864
    6192       2.2200
    6193       2.2095
    6194       2.2841
    6195       2.3015
    6196       2.3719
    6197       2.2204
    6198       2.0965
    6199       2.1071
    6200       2.1585
    6201       2.2584
    6202       2.3417
    6203       2.2259
    6204       2.2922
    6205       2.3232
    6206       2.3214
    6207       2.1830
    6208       2.2332
    6209       2.1693
    6210       2.1287
    6211       2.1703
    6212       2.1686
    6213       2.0751
    6214       2.0994
    6215       1.9945
    6216       2.2301
    6217       2.1450
    6218       2.0702
    6219       2.0987
    6220       2.1634
    6221       2.1364
    6222       2.1386
    6223       2.0177
    6224       2.2088
    6225       2.2423
    6226       2.0738
    6227       2.1165
    6228       2.2445
    6229       2.4013
    6230       2.4444
    6231       2.3950
    6232       2.3342
    6233       2.4605
    6234       2.3328
    6235       2.5994
    6236       2.4790
    6237       2.3045
    6238       2.2011
    6239       2.3461
    6240       2.2751
    6241       2.2174
    6242       2.3212
    6243       2.1585
    6244       2.2142
    6245       2.2523
    6246       2.1080
    6247       2.2256
    6248       2.0143
    6249       1.9015
    6250       2.0765
    6251       1.9522
    6252       2.0495
    6253       2.0641
    6254       1.9973
    6255       2.1642
    6256       2.2609
    6257       2.2724
    6258       2.3632
    6259       2.3811
    6260       2.2454
    6261       2.3154
    6262       2.1453
    6263       2.1324
    6264       2.1581
    6265       2.1364
    6266       2.1454
    6267       2.1846
    6268       2.2094
    6269       2.0238
    6270       1.9467
    6271       1.9779
    6272       1.9996
    6273       1.9521
    6274       2.1498
    6275       2.1230
    6276       2.0773
    6277       2.2764
    6278       2.2360
    6279       2.2866
    6280       2.2853
    6281       2.0676
    6282       2.0886
    6283       2.1722
    6284       2.1905
    6285       1.9817
    6286       1.9497
    6287       1.8694
    6288       1.9005
    6289       1.9329
    6290       1.9634
    6291       1.8278
    6292       1.9941
    6293       1.9247
    6294       2.0321
    6295       2.1368
    6296       2.0246
    6297       2.0842
    6298       2.1634
    6299       2.1994
    6300       2.1629
    6301       2.1121
    6302       2.1443
    6303       2.2785
    6304       2.2421
    6305       2.0919
    6306       2.1223
    6307       2.5053
    6308       2.3823
    6309       2.2409
    6310       2.2932
    6311       2.3112
    6312       2.2360
    6313       2.2423
    6314       2.4014
    6315       2.2007
    6316       2.0350
    6317       2.0621
    6318       2.2720
    6319       2.3088
    6320       2.2584
    6321       2.2160
    6322       2.1590
    6323       2.2170
    6324       2.1699
    6325       2.1966
    6326       2.2133
    6327       2.2583
    6328       2.3377
    6329       2.1768
    6330       2.1390
    6331       1.9950
    6332       2.0165
    6333       1.8528
    6334       1.9257
    6335       1.9566
    6336       1.9044
    6337       1.8362
    6338       2.0698
    6339       2.0294
    6340       2.1273
    6341       2.1841
    6342       2.0439
    6343       2.0973
    6344       2.0544
    6345       2.1251
    6346       2.1937
    6347       1.9823
    6348       2.0992
    6349       1.9511
    6350       2.0329
    6351       2.0149
    6352       2.1165
    6353       2.0024
    6354       1.9441
    6355       1.8887
    6356       1.8925
    6357       1.9488
    6358       1.9832
    6359       2.0238
    6360       2.0181
    6361       1.9701
    6362       2.0782
    6363       1.9978
    6364       1.9796
    6365       2.1686
    6366       2.1924
    6367       2.0414
    6368       2.0733
    6369       2.0382
    6370       2.1016
    6371       2.1562
    6372       2.0384
    6373       1.9948
    6374       1.8707
    6375       1.9490
    6376       1.8953
    6377       1.9198
    6378       1.9895
    6379       2.0168
    6380       1.8336
    6381       1.8944
    6382       1.9194
    6383       1.9635
    6384       2.1537
    6385       2.2013
    6386       2.1467
    6387       2.0103
    6388       2.1540
    6389       2.0210
    6390       1.9781
    6391       1.9940
    6392       1.9591
    6393       1.9978
    6394       1.9618
    6395       2.0177
    6396       1.9771
    6397       2.0284
    6398       1.9687
    6399       2.1212
    6400       2.2128
    6401       2.1816
    6402       2.1382
    6403       1.8990
    6404       1.8391
    6405       1.8465
    6406       1.8354
    6407       1.9288
    6408       2.0158
    6409       2.0437
    6410       2.0967
    6411       2.0890
    6412       2.1255
    6413       2.0530
    6414       2.1424
    6415       2.2465
    6416       2.3506
    6417       2.1593
    6418       2.1078
    6419       2.0521
    6420       2.1111
    6421       2.1467
    6422       2.0988
    6423       1.9921
    6424       2.0867
    6425       2.0995
    6426       2.0802
    6427       2.1281
    6428       2.1298
    6429       2.0069
    6430       1.9799
    6431       1.9397
    6432       1.7787
    6433       1.9202
    6434       1.8357
    6435       1.8585
    6436       1.7733
    6437       1.7234
    6438       1.7466
    6439       1.8887
    6440       1.7379
    6441       1.7779
    6442       1.6712
    6443       1.6196
    6444       1.8109
    6445       1.8726
    6446       1.8280
    6447       1.8819
    6448       1.8651
    6449       1.6587
    6450       1.7131
    6451       1.7320
    6452       1.7132
    6453       1.7775
    6454       1.8626
    6455       1.8703
    6456       1.8955
    6457       1.9222
    6458       1.8139
    6459       1.9773
    6460       1.9942
    6461       2.1644
    6462       1.9420
    6463       1.9984
    6464       2.1088
    6465       2.2709
    6466       2.1493
    6467       2.0404
    6468       2.0601
    6469       2.0916
    6470       2.0556
    6471       2.0868
    6472       2.1260
    6473       2.1394
    6474       2.0895
    6475       2.3326
    6476       2.2022
    6477       2.3660
    6478       2.3976
    6479       2.4159
    6480       2.2518
    6481       2.1579
    6482       2.2747
    6483       2.2484
    6484       2.1662
    6485       2.1000
    6486       2.0534
    6487       2.0824
    6488       2.1094
    6489       1.8935
    6490       1.9272
    6491       1.9933
    6492       1.9803
    6493       1.8857
    6494       1.8692
    6495       1.7727
    6496       1.8097
    6497       1.8417
    6498       1.8516
    6499       1.9432
    6500       1.8943
    6501       2.0544
    6502       2.1815
    6503       2.0644
    6504       2.0893
    6505       2.1907
    6506       2.1467
    6507       2.1073
    6508       2.1497
    6509       2.3392
    6510       2.1507
    6511       2.3558
    6512       2.3613
    6513       2.3858
    6514       2.2927
    6515       2.5138
    6516       2.3389
    6517       2.3063
    6518       2.2779
    6519       2.2758
    6520       2.2607
    6521       2.2650
    6522       2.4930
    6523       2.4119
    6524       2.3231
    6525       2.3678
    6526       2.3364
    6527       2.3139
    6528       2.2122
    6529       2.3430
    6530       2.0953
    6531       2.3177
    6532       2.2758
    6533       2.3739
    6534       2.3321
    6535       2.3590
    6536       2.4482
    6537       2.4081
    6538       2.3211
    6539       2.2392
    6540       2.4057
    6541       2.2458
    6542       2.2225
    6543       2.2791
    6544       2.0863
    6545       2.2560
    6546       2.2464
    6547       2.3089
    6548       2.2739
    6549       2.3756
    6550       2.2445
    6551       2.1862
    6552       2.2038
    6553       2.1094
    6554       1.9009
    6555       1.9952
    6556       2.0989
    6557       2.0777
    6558       2.0279
    6559       1.9310
    6560       2.0213
    6561       2.0556
    6562       1.9416
    6563       2.0200
    6564       2.1337
    6565       2.1790
    6566       2.1994
    6567       2.0893
    6568       2.2414
    6569       2.3505
    6570       2.2170
    6571       2.3748
    6572       2.4386
    6573       2.3444
    6574       2.3294
    6575       2.3598
    6576       2.4175
    6577       2.2584
    6578       2.2392
    6579       2.1755
    6580       2.3440
    6581       2.4580
    6582       2.4973
    6583       2.5503
    6584       2.4786
    6585       2.3906
    6586       2.2043
    6587       2.0931
    6588       2.1049
    6589       2.2811
    6590       2.2356
    6591       2.0547
    6592       1.9702
    6593       2.0013
    6594       2.1097
    6595       1.9805
    6596       1.9760
    6597       2.0152
    6598       2.0272
    6599       2.0415
    6600       2.0861
    6601       2.1244
    6602       2.0734
    6603       2.1135
    6604       2.0268
    6605       1.9847
    6606       1.9414
    6607       1.8935
    6608       1.8726
    6609       1.9326
    6610       2.1310
    6611       2.1157
    6612       1.9189
    6613       1.9273
    6614       2.2006
    6615       2.2578
    6616       2.2814
    6617       2.1966
    6618       2.0623
    6619       1.7872
    6620       1.8558
    6621       1.9489
    6622       2.0204
    6623       1.9029
    6624       2.0746
    6625       2.0570
    6626       2.1147
    6627       2.0383
    6628       1.9046
    6629       1.8542
    6630       1.6946
    6631       1.8678
    6632       1.9265
    6633       1.9901
    6634       2.0458
    6635       2.0848
    6636       2.0469
    6637       1.9471
    6638       2.0613
    6639       2.0311
    6640       1.9963
    6641       2.1257
    6642       2.1670
    6643       2.1432
    6644       2.3355
    6645       2.1461
    6646       2.1579
    6647       2.2110
    6648       2.4102
    6649       2.3946
    6650       2.1558
    6651       2.1746
    6652       2.1442
    6653       2.2030
    6654       2.2152
    6655       2.1289
    6656       2.1836
    6657       2.1552
    6658       2.0751
    6659       1.9468
    6660       2.0982
    6661       2.1457
    6662       2.0783
    6663       2.1125
    6664       2.1188
    6665       2.3692
    6666       2.2928
    6667       2.1181
    6668       2.1209
    6669       2.2442
    6670       2.1535
    6671       2.1160
    6672       2.1636
    6673       2.2631
    6674       2.0312
    6675       1.9359
    6676       1.8706
    6677       1.8634
    6678       2.1759
    6679       2.0283
    6680       2.1738
    6681       2.2025
    6682       2.2064
    6683       2.3458
    6684       2.2170
    6685       2.3018
    6686       2.2821
    6687       2.2622
    6688       2.2559
    6689       2.4838
    6690       2.2477
    6691       2.3910
    6692       2.2448
    6693       2.1801
    6694       2.2363
    6695       2.1056
    6696       2.1496
    6697       2.3575
    6698       2.2820
    6699       2.4516
    6700       2.2365
    6701       2.1761
    6702       2.1709
    6703       2.1111
    6704       2.0322
    6705       2.0606
    6706       2.1780
    6707       2.1537
    6708       2.0496
    6709       1.9874
    6710       2.1418
    6711       2.3572
    6712       2.2361
    6713       2.3331
    6714       2.3131
    6715       2.2142
    6716       2.2435
    6717       2.2728
    6718       2.1617
    6719       2.1977
    6720       2.1193
    6721       2.2075
    6722       1.9833
    6723       2.0899
    6724       2.1256
    6725       1.9788
    6726       2.1227
    6727       2.1310
    6728       2.0309
    6729       1.9770
    6730       1.8640
    6731       1.9258
    6732       1.9368
    6733       1.7414
    6734       1.8843
    6735       1.9071
    6736       1.8921
    6737       2.1532
    6738       2.0511
    6739       1.9180
    6740       2.1230
    6741       1.9794
    6742       2.1304
    6743       2.2494
    6744       2.3044
    6745       2.3840
    6746       2.3988
    6747       2.2640
    6748       2.2086
    6749       2.1445
    6750       2.2140
    6751       2.0807
    6752       2.1685
    6753       2.0237
    6754       2.1056
    6755       2.1992
    6756       2.2746
    6757       2.1631
    6758       2.2283
    6759       2.1457
    6760       2.1676
    6761       2.2003
    6762       2.1584
    6763       2.3034
    6764       2.1448
    6765       2.1413
    6766       2.1690
    6767       2.2472
    6768       2.1428
    6769       2.1471
    6770       2.0006
    6771       2.0612
    6772       2.0713
    6773       2.2619
    6774       2.1505
    6775       2.2477
    6776       2.1003
    6777       2.0579
    6778       2.0381
    6779       2.0666
    6780       2.0070
    6781       1.9458
    6782       1.9403
    6783       2.0474
    6784       2.0913
    6785       2.1965
    6786       2.0691
    6787       2.1087
    6788       1.9971
    6789       2.2670
    6790       2.1121
    6791       2.2170
    6792       2.3587
    6793       2.2035
    6794       2.3264
    6795       2.2412
    6796       2.1800
    6797       2.1918
    6798       2.1481
    6799       2.0793
    6800       2.0377
    6801       1.9175
    6802       2.0823
    6803       1.9202
    6804       1.8017
    6805       1.9854
    6806       2.0022
    6807       1.9703
    6808       2.0011
    6809       2.1349
    6810       2.0777
    6811       2.1233
    6812       1.9896
    6813       1.9191
    6814       2.0037
    6815       1.9738
    6816       2.0927
    6817       2.2325
    6818       2.1555
    6819       2.0586
    6820       2.0293
    6821       2.0003
    6822       2.0656
    6823       2.1083
    6824       2.0311
    6825       2.0897
    6826       2.1695
    6827       2.1019
    6828       2.0533
    6829       2.0542
    6830       2.0345
    6831       2.0394
    6832       2.1188
    6833       2.1703
    6834       2.2220
    6835       2.3377
    6836       2.2239
    6837       2.1654
    6838       2.1946
    6839       2.0385
    6840       2.0459
    6841       2.1832
    6842       2.2195
    6843       2.2530
    6844       2.1884
    6845       2.2091
    6846       2.2824
    6847       2.2605
    6848       2.2644
    6849       2.1508
    6850       2.0349
    6851       2.1447
    6852       2.1736
    6853       2.2888
    6854       2.2159
    6855       2.1719
    6856       2.2485
    6857       2.3009
    6858       2.0634
    6859       2.0728
    6860       2.2775
    6861       2.2919
    6862       2.2872
    6863       2.0626
    6864       1.8650
    6865       1.9777
    6866       1.8382
    6867       1.9067
    6868       2.0726
    6869       1.9984
    6870       2.1261
    6871       2.1035
    6872       2.1150
    6873       1.9549
    6874       2.0069
    6875       2.0570
    6876       2.0650
    6877       2.0552
    6878       2.0296
    6879       1.9405
    6880       1.8795
    6881       1.9401
    6882       2.0694
    6883       2.1105
    6884       2.1350
    6885       2.2448
    6886       2.2700
    6887       2.2235
    6888       2.1363
    6889       2.0793
    6890       2.0179
    6891       2.1163
    6892       2.1694
    6893       2.2594
    6894       2.1054
    6895       2.0444
    6896       2.2379
    6897       2.1452
    6898       2.0816
    6899       1.9599
    6900       2.1300
    6901       1.9869
    6902       2.2307
    6903       2.0296
    6904       2.1185
    6905       2.1371
    6906       2.0822
    6907       1.9825
    6908       2.1127
    6909       2.1642
    6910       2.1494
    6911       2.1277
    6912       2.1859
    6913       2.3266
    6914       2.2880
    6915       2.7226
    6916       2.4136
    6917       2.4548
    6918       2.2504
    6919       2.3423
    6920       2.3468
    6921       2.3932
    6922       2.5329
    6923       2.1967
    6924       2.1407
    6925       2.2639
    6926       1.9818
    6927       2.0775
    6928       2.2914
    6929       2.2637
    6930       2.2131
    6931       2.0933
    6932       2.0131
    6933       2.1239
    6934       2.0738
    6935       2.3480
    6936       2.2997
    6937       2.2135
    6938       2.2177
    6939       2.3692
    6940       2.1104
    6941       2.1792
    6942       2.1285
    6943       2.3081
    6944       2.4058
    6945       2.4324
    6946       2.3947
    6947       2.3048
    6948       2.2044
    6949       2.3944
    6950       2.3520
    6951       2.4780
    6952       2.4173
    6953       2.3844
    6954       2.5165
    6955       2.3849
    6956       2.4373
    6957       2.4079
    6958       2.3311
    6959       2.1809
    6960       2.4020
    6961       2.3316
    6962       2.4830
    6963       2.3011
    6964       2.1846
    6965       2.0973
    6966       2.0693
    6967       2.2073
    6968       2.0340
    6969       2.0871
    6970       2.2302
    6971       2.1250
    6972       2.0028
    6973       2.0577
    6974       2.2463
    6975       2.1091
    6976       2.1753
    6977       2.1331
    6978       2.0370
    6979       2.0773
    6980       2.2201
    6981       2.4121
    6982       2.4261
    6983       2.4501
    6984       2.5269
    6985       2.3891
    6986       2.3840
    6987       2.4246
    6988       2.4126
    6989       2.2553
    6990       2.1561
    6991       2.1082
    6992       2.2131
    6993       2.4086
    6994       2.2276
    6995       2.2020
    6996       2.3057
    6997       2.3166
    6998       2.3024
    6999       2.5232
    7000       2.8173
    7001       2.4717
    7002       2.3751
    7003       2.4123
    7004       2.2695
    7005       2.2876
    7006       2.1790
    7007       2.0996
    7008       2.0642
    7009       2.0194
    7010       2.2885
    7011       2.3827
    7012       2.2294
    7013       2.1090
    7014       2.2735
    7015       2.0383
    7016       2.0736
    7017       2.0477
    7018       2.0714
    7019       2.1056
    7020       2.1122
    7021       2.1726
    7022       2.1761
    7023       2.1467
    7024       2.2138
    7025       2.3734
    7026       2.5177
    7027       2.4010
    7028       2.4965
    7029       2.6075
    7030       2.6640
    7031       2.6249
    7032       2.6009
    7033       2.6797
    7034       2.6367
    7035       2.3987
    7036       2.3715
    7037       2.4990
    7038       2.4091
    7039       2.3299
    7040       2.4625
    7041       2.5091
    7042       2.2874
    7043       2.4188
    7044       2.3213
    7045       2.5060
    7046       2.5464
    7047       2.4970
    7048       2.5929
    7049       2.5356
    7050       2.4091
    7051       2.4356
    7052       2.4575
    7053       2.3935
    7054       2.5306
    7055       2.4989
    7056       2.6548
    7057       2.3202
    7058       2.2569
    7059       2.2133
    7060       2.3958
    7061       2.4571
    7062       2.1842
    7063       2.3411
    7064       2.1539
    7065       2.2693
    7066       2.0060
    7067       2.2373
    7068       2.2745
    7069       2.4982
    7070       2.4414
    7071       2.0873
    7072       2.1894
    7073       2.0868
    7074       2.2026
    7075       2.0786
    7076       2.1810
    7077       2.1145
    7078       2.3041
    7079       2.3791
    7080       2.1859
    7081       2.1861
    7082       2.1995
    7083       2.0165
    7084       2.1077
    7085       2.2975
    7086       2.2055
    7087       2.2250
    7088       2.1217
    7089       2.0612
    7090       1.9818
    7091       2.1205
    7092       2.0913
    7093       1.9964
    7094       2.0078
    7095       1.9933
    7096       2.1729
    7097       2.1030
    7098       2.0624
    7099       2.1074
    7100       2.2009
    7101       2.2743
    7102       2.3273
    7103       2.1540
    7104       2.3626
    7105       2.3573
    7106       2.5586
    7107       2.7098
    7108       2.6145
    7109       2.4538
    7110       2.4753
    7111       2.2655
    7112       2.2429
    7113       2.3050
    7114       1.9968
    7115       2.1082
    7116       2.0957
    7117       2.0266
    7118       2.1092
    7119       2.0976
    7120       2.2798
    7121       2.2046
    7122       2.4296
    7123       2.3120
    7124       2.2508
    7125       2.1374
    7126       2.1592
    7127       2.1454
    7128       2.2034
    7129       2.1594
    7130       2.2130
    7131       2.3014
    7132       2.2424
    7133       2.3333
    7134       2.4089
    7135       2.3241
    7136       2.3954
    7137       2.3380
    7138       2.3603
    7139       2.4092
    7140       2.1928
    7141       2.2373
    7142       2.1257
    7143       2.0896
    7144       2.1784
    7145       2.4432
    7146       2.2871
    7147       2.3744
    7148       2.3332
    7149       2.1721
    7150       2.2379
    7151       2.5194
    7152       2.4888
    7153       2.5559
    7154       2.6721
    7155       2.5529
    7156       2.5016
    7157       2.4641
    7158       2.5514
    7159       2.6395
    7160       2.6385
    7161       2.6119
    7162       2.4415
    7163       2.3878
    7164       2.4467
    7165       2.5001
    7166       2.5306
    7167       2.3888
    7168       2.4746
    7169       2.5198
    7170       2.3933
    7171       2.3601
    7172       2.2515
    7173       2.3046
    7174       2.3715
    7175       2.4558
    7176       2.2980
    7177       2.2271
    7178       2.2355
    7179       2.2766
    7180       2.2624
    7181       2.2848
    7182       2.2070
    7183       2.1082
    7184       2.2072
    7185       2.0782
    7186       2.0324
    7187       2.1294
    7188       2.2650
    7189       2.0334
    7190       2.0423
    7191       2.1630
    7192       2.2083
    7193       2.1757
    7194       2.2651
    7195       2.0783
    7196       2.1546
    7197       2.0552
    7198       2.0335
    7199       2.1121
    7200       2.1136
    7201       2.1916
    7202       2.2762
    7203       2.2840
    7204       2.1674
    7205       2.1888
    7206       2.3401
    7207       2.1100
    7208       2.2389
    7209       2.3166
    7210       2.2753
    7211       2.0126
    7212       2.1720
    7213       2.2317
    7214       2.4626
    7215       2.4261
    7216       2.2887
    7217       2.3337
    7218       2.4008
    7219       2.3979
    7220       2.5033
    7221       2.3951
    7222       2.3866
    7223       2.3522
    7224       2.3743
    7225       2.3470
    7226       2.4976
    7227       2.2917
    7228       2.4651
    7229       2.2595
    7230       2.3664
    7231       2.3996
    7232       2.3391
    7233       2.5983
    7234       2.7705
    7235       2.5421
    7236       2.4525
    7237       2.4511
    7238       2.4583
    7239       2.4955
    7240       2.3950
    7241       2.3285
    7242       2.4210
    7243       2.4946
    7244       2.3578
    7245       2.3990
    7246       2.3617
    7247       2.1267
    7248       2.0372
    7249       2.1695
    7250       2.2627
    7251       2.2496
    7252       2.2803
    7253       2.4531
    7254       2.2022
    7255       2.1333
    7256       2.1074
    7257       2.1482
    7258       2.0953
    7259       2.0984
    7260       1.9680
    7261       1.9277
    7262       2.1188
    7263       2.0669
    7264       1.9741
    7265       2.2989
    7266       2.2957
    7267       2.2542
    7268       2.1940
    7269       2.2748
    7270       2.2089
    7271       2.4103
    7272       2.3130
    7273       2.3735
    7274       2.1424
    7275       2.1177
    7276       2.0500
    7277       2.2077
    7278       2.1469
    7279       2.1930
    7280       2.1478
    7281       2.0982
    7282       2.2284
    7283       2.2982
    7284       2.1912
    7285       2.0332
    7286       1.8348
    7287       1.8124
    7288       1.8418
    7289       1.9220
    7290       2.0008
    7291       2.0953
    7292       2.1954
    7293       2.0909
    7294       2.3258
    7295       2.2746
    7296       2.2638
    7297       2.2432
    7298       2.4812
    7299       2.5027
    7300       2.4557
    7301       2.4356
    7302       2.6183
    7303       2.5026
    7304       2.6438
    7305       2.6470
    7306       2.5185
    7307       2.6160
    7308       2.4680
    7309       2.3116
    7310       2.2650
    7311       2.4881
    7312       2.5771
    7313       2.6182
    7314       2.6128
    7315       2.4150
    7316       2.2496
    7317       2.2394
    7318       2.3079
    7319       2.2143
    7320       2.3362
    7321       2.3211
    7322       2.2627
    7323       2.3469
    7324       2.3771
    7325       2.1618
    7326       2.1060
    7327       2.1574
    7328       2.2886
    7329       2.5353
    7330       2.2153
    7331       2.2244
    7332       2.2324
    7333       2.3296
    7334       2.2256
    7335       2.3065
    7336       2.1289
    7337       2.3293
    7338       2.3560
    7339       1.9897
    7340       2.0947
    7341       2.2633
    7342       2.4260
    7343       2.5715
    7344       2.4669
    7345       2.4335
    7346       2.4195
    7347       2.3346
    7348       2.1991
    7349       2.0811
    7350       2.2307
    7351       2.2428
    7352       2.2993
    7353       2.2933
    7354       2.2267
    7355       2.2097
    7356       2.3141
    7357       2.3626
    7358       2.1836
    7359       2.1699
    7360       2.2689
    7361       2.1585
    7362       2.1236
    7363       2.2193
    7364       2.1918
    7365       2.1084
    7366       2.1390
    7367       2.2501
    7368       2.1652
    7369       2.2034
    7370       2.1145
    7371       2.0799
    7372       2.2652
    7373       2.2343
    7374       2.2781
    7375       2.2683
    7376       2.2875
    7377       2.4073
    7378       2.4168
    7379       2.3894
    7380       2.5457
    7381       2.6461
    7382       2.5404
    7383       2.4912
    7384       2.3794
    7385       2.4897
    7386       2.6619
    7387       2.5867
    7388       2.5709
    7389       2.4786
    7390       2.2043
    7391       2.2324
    7392       2.2715
    7393       2.3459
    7394       2.3245
    7395       2.3475
    7396       2.2884
    7397       2.2556
    7398       2.3126
    7399       2.3245
    7400       2.4684
    7401       2.5102
    7402       2.4142
    7403       2.3832
    7404       2.2313
    7405       2.1608
    7406       2.1094
    7407       2.2336
    7408       2.0814
    7409       1.9443
    7410       2.1456
    7411       2.0934
    7412       2.0134
    7413       2.0215
    7414       2.1371
    7415       2.2466
    7416       2.3107
    7417       2.3544
    7418       2.1686
    7419       2.1845
    7420       2.0182
    7421       2.0949
    7422       2.2628
    7423       2.0851
    7424       1.9663
    7425       1.9292
    7426       1.7997
    7427       1.9493
    7428       1.9799
    7429       1.9255
    7430       2.0254
    7431       2.1221
    7432       2.1530
    7433       2.3643
    7434       2.1415
    7435       2.2073
    7436       2.1342
    7437       2.3274
    7438       2.1954
    7439       1.9820
    7440       2.0491
    7441       2.1538
    7442       2.0720
    7443       2.1509
    7444       2.0579
    7445       1.9692
    7446       1.9816
    7447       1.9197
    7448       1.8952
    7449       2.0875
    7450       2.0391
    7451       1.9337
    7452       2.0113
    7453       2.0307
    7454       2.0057
    7455       2.0431
    7456       2.1337
    7457       2.3150
    7458       2.2092
    7459       2.2774
    7460       2.5068
    7461       2.3192
    7462       2.1795
    7463       1.9311
    7464       1.9128
    7465       1.8570
    7466       1.8391
    7467       1.7554
    7468       1.9240
    7469       2.0594
    7470       2.0616
    7471       1.9853
    7472       2.0904
    7473       2.1869
    7474       2.1534
    7475       2.0321
    7476       1.9031
    7477       1.9131
    7478       1.9787
    7479       1.8998
    7480       1.8204
    7481       1.8477
    7482       1.9147
    7483       2.1445
    7484       2.0710
    7485       2.1616
    7486       2.1410
    7487       2.1276
    7488       2.0014
    7489       1.8953
    7490       2.0113
    7491       1.9968
    7492       2.0475
    7493       1.9740
    7494       2.0317
    7495       1.9631
    7496       2.1233
    7497       2.2114
    7498       2.1611
    7499       2.2718
    7500       2.1193
    7501       2.0865
    7502       2.2621
    7503       2.1567
    7504       2.2259
    7505       2.3117
    7506       2.2613
    7507       2.1186
    7508       2.2414
    7509       2.1871
    7510       2.0647
    7511       1.9544
    7512       1.9767
    7513       2.1910
    7514       2.0497
    7515       2.1233
    7516       1.9917
    7517       2.0308
    7518       1.9370
    7519       1.9859
    7520       2.0362
    7521       2.1087
    7522       2.0488
    7523       1.9996
    7524       1.9344
    7525       2.0131
    7526       2.1111
    7527       2.1838
    7528       2.1493
    7529       2.1387
    7530       2.1114
    7531       2.1900
    7532       2.1602
    7533       2.1037
    7534       2.1372
    7535       2.0833
    7536       2.2768
    7537       2.2976
    7538       2.4069
    7539       2.4348
    7540       2.2794
    7541       2.3881
    7542       2.3672
    7543       2.4285
    7544       2.3821
    7545       2.2819
    7546       2.3049
    7547       2.3311
    7548       2.3998
    7549       2.3570
    7550       2.2438
    7551       2.2003
    7552       2.3697
    7553       2.1521
    7554       2.2070
    7555       2.5442
    7556       2.6366
    7557       2.5882
    7558       2.6016
    7559       2.4810
    7560       2.3409
    7561       2.7191
    7562       2.9292
    7563       2.7410
    7564       2.7161
    7565       2.6328
    7566       2.5844
    7567       2.6579
    7568       2.5302
    7569       2.4514
    7570       2.3349
    7571       2.4021
    7572       2.3204
    7573       2.2625
    7574       2.4996
    7575       2.4205
    7576       2.3264
    7577       2.3732
    7578       2.4373
    7579       2.4527
    7580       2.3322
    7581       2.2811
    7582       2.4101
    7583       2.4517
    7584       2.5754
    7585       2.4738
    7586       2.4682
    7587       2.2179
    7588       2.3698
    7589       2.3097
    7590       2.3895
    7591       2.3491
    7592       2.4242
    7593       2.1995
    7594       2.1302
    7595       1.9825
    7596       1.9808
    7597       2.0831
    7598       2.1507
    7599       2.1531
    7600       2.2799
    7601       2.1710
    7602       2.1440
    7603       1.9876
    7604       1.9739
    7605       2.0878
    7606       2.0614
    7607       1.9538
    7608       1.9669
    7609       1.9998
    7610       1.8959
    7611       1.8355
    7612       2.0500
    7613       2.0402
    7614       1.9082
    7615       1.9871
    7616       2.1255
    7617       2.1595
    7618       2.2542
    7619       2.1500
    7620       2.0395
    7621       2.3053
    7622       2.3879
    7623       2.2870
    7624       2.2269
    7625       2.2092
    7626       2.1164
    7627       2.2019
    7628       2.0753
    7629       2.1852
    7630       2.1032
    7631       2.2917
    7632       2.3522
    7633       2.2087
    7634       2.2403
    7635       2.0720
    7636       2.1979
    7637       2.2086
    7638       2.0170
    7639       1.9459
    7640       2.0365
    7641       1.9831
    7642       2.0158
    7643       2.0568
    7644       2.1672
    7645       2.0457
    7646       2.0233
    7647       2.1055
    7648       1.9701
    7649       1.9468
    7650       1.9380
    7651       1.9756
    7652       2.0054
    7653       2.0723
    7654       2.1087
    7655       2.2676
    7656       2.1690
    7657       2.0880
    7658       2.0229
    7659       1.8753
    7660       1.8967
    7661       1.9005
    7662       2.0323
    7663       1.8704
    7664       1.8075
    7665       1.9536
    7666       1.8745
    7667       1.9539
    7668       1.9454
    7669       1.9499
    7670       2.0059
    7671       2.0724
    7672       2.3361
    7673       2.1480
    7674       1.9940
    7675       2.1691
    7676       2.0485
    7677       1.9641
    7678       2.0010
    7679       2.1706
    7680       2.2297
    7681       2.1753
    7682       2.2303
    7683       2.1959
    7684       2.1880
    7685       2.1053
    7686       2.2494
    7687       2.1057
    7688       1.9676
    7689       2.0622
    7690       1.9797
    7691       1.9506
    7692       1.9435
    7693       1.8516
    7694       1.8618
    7695       1.9459
    7696       1.9566
    7697       1.8319
    7698       2.0194
    7699       2.0314
    7700       2.1709
    7701       1.9420
    7702       2.0771
    7703       2.0321
    7704       2.0739
    7705       2.1090
    7706       1.9295
    7707       2.0688
    7708       2.2371
    7709       2.3176
    7710       2.2794
    7711       2.3401
    7712       2.3338
    7713       2.2517
    7714       2.2738
    7715       2.2302
    7716       2.2945
    7717       2.1800
    7718       2.1342
    7719       2.1178
    7720       2.1799
    7721       1.8780
    7722       1.9632
    7723       2.0351
    7724       2.1346
    7725       2.1072
    7726       2.2506
    7727       2.1996
    7728       2.1517
    7729       2.3621
    7730       2.4211
    7731       2.3376
    7732       2.3402
    7733       2.3694
    7734       2.4620
    7735       2.5699
    7736       2.4636
    7737       2.5242
    7738       2.4530
    7739       2.4393
    7740       2.4842
    7741       2.2981
    7742       2.5118
    7743       2.5098
    7744       2.4682
    7745       2.5740
    7746       2.4719
    7747       2.4061
    7748       2.7887
    7749       2.6673
    7750       2.7403
    7751       2.7443
    7752       2.5143
    7753       2.3004
    7754       2.2096
    7755       2.3157
    7756       2.3524
    7757       2.4907
    7758       2.4023
    7759       2.4595
    7760       2.3301
    7761       2.3171
    7762       2.2840
    7763       2.4771
    7764       2.3568
    7765       2.4652
    7766       2.5721
    7767       2.5835
    7768       2.4799
    7769       2.4803
    7770       2.2750
    7771       2.3512
    7772       2.2584
    7773       2.1068
    7774       2.0708
    7775       2.3015
    7776       2.2381
    7777       2.3181
    7778       2.2139
    7779       2.2814
    7780       2.4537
    7781       2.4247
    7782       2.3769
    7783       2.3871
    7784       2.2646
    7785       2.1801
    7786       2.1476
    7787       2.1487
    7788       2.1810
    7789       2.1654
    7790       2.3894
    7791       2.3054
    7792       2.4055
    7793       2.3736
    7794       2.1475
    7795       2.2090
    7796       2.1048
    7797       1.9419
    7798       1.9997
    7799       2.1325
    7800       2.0915
    7801       1.9019
    7802       1.9223
    7803       2.0137
    7804       2.0783
    7805       2.0691
    7806       1.8462
    7807       1.8368
    7808       2.0154
    7809       2.1200
    7810       2.1883
    7811       2.3605
    7812       2.2121
    7813       2.0485
    7814       2.0823
    7815       2.0557
    7816       2.1026
    7817       2.0170
    7818       2.0078
    7819       2.0215
    7820       2.1554
    7821       2.2590
    7822       2.1409
    7823       2.0416
    7824       2.1223
    7825       2.1571
    7826       2.3132
    7827       2.1143
    7828       2.1407
    7829       2.2777
    7830       2.3546
    7831       2.4164
    7832       2.3424
    7833       2.1566
    7834       2.2686
    7835       2.1949
    7836       2.3620
    7837       2.3411
    7838       2.2651
    7839       2.2572
    7840       2.1497
    7841       2.1385
    7842       2.0690
    7843       2.1484
    7844       2.0747
    7845       2.1235
    7846       2.1524
    7847       2.1792
    7848       2.3018
    7849       2.3806
    7850       2.1448
    7851       2.2594
    7852       2.2133
    7853       2.2107
    7854       2.2285
    7855       1.9275
    7856       1.8001
    7857       2.0019
    7858       1.9125
    7859       2.1821
    7860       2.2343
    7861       2.2236
    7862       2.2481
    7863       2.0936
    7864       2.1470
    7865       2.1245
    7866       2.0410
    7867       2.2223
    7868       2.2371
    7869       2.1368
    7870       2.1738
    7871       2.1293
    7872       2.3377
    7873       2.3572
    7874       2.1259
    7875       2.0517
    7876       1.9866
    7877       1.9906
    7878       2.0146
    7879       1.9851
    7880       2.1634
    7881       2.0144
    7882       2.0541
    7883       2.1168
    7884       2.1820
    7885       2.1493
    7886       2.0178
    7887       2.0995
    7888       1.9763
    7889       2.0626
    7890       2.1685
    7891       2.2412
    7892       2.1710
    7893       2.0731
    7894       2.1637
    7895       2.0528
    7896       2.1681
    7897       2.1682
    7898       2.0766
    7899       2.0333
    7900       2.0206
    7901       1.9502
    7902       1.8856
    7903       2.0236
    7904       2.2309
    7905       2.1541
    7906       2.2989
    7907       2.2547
    7908       2.1664
    7909       2.3479
    7910       2.3037
    7911       2.2069
    7912       2.2399
    7913       2.3352
    7914       2.1818
    7915       2.0863
    7916       2.0812
    7917       2.0958
    7918       2.1342
    7919       2.0319
    7920       2.0106
    7921       2.0307
    7922       2.0447
    7923       2.1820
    7924       1.9441
    7925       2.0690
    7926       1.9999
    7927       2.0206
    7928       2.0172
    7929       1.8274
    7930       2.0132
    7931       2.1777
    7932       2.1569
    7933       2.0001
    7934       2.1202
    7935       2.1596
    7936       2.2524
    7937       2.2334
    7938       2.0693
    7939       2.1252
    7940       2.2168
    7941       2.2453
    7942       2.1869
    7943       2.0591
    7944       2.1053
    7945       2.1830
    7946       2.1735
    7947       2.3325
    7948       2.2717
    7949       2.2820
    7950       2.3310
    7951       2.2258
    7952       2.2795
    7953       2.3209
    7954       2.2705
    7955       2.1500
    7956       2.1555
    7957       2.2694
    7958       2.2267
    7959       2.1135
    7960       2.0940
    7961       2.1467
    7962       2.1358
    7963       2.0919
    7964       2.1050
    7965       2.0722
    7966       2.0598
    7967       2.0360
    7968       1.9714
    7969       2.0315
    7970       1.9556
    7971       2.0659
    7972       1.9700
    7973       1.9356
    7974       2.0176
    7975       2.0470
    7976       2.0144
    7977       1.9626
    7978       2.1229
    7979       2.1073
    7980       2.2663
    7981       2.2137
    7982       2.1452
    7983       2.1426
    7984       2.0479
    7985       2.0964
    7986       1.9344
    7987       2.0109
    7988       2.1301
    7989       2.0444
    7990       2.0102
    7991       2.1001
    7992       2.1876
    7993       2.0871
    7994       2.0722
    7995       2.0940
    7996       2.0138
    7997       2.0666
    7998       2.0263
    7999       1.9906
    8000       2.2833
    8001       2.1898
    8002       2.2437
    8003       2.3228
    8004       2.3743
    8005       2.1940
    8006       2.0938
    8007       2.1106
    8008       2.1312
    8009       2.1596
    8010       2.1149
    8011       2.1707
    8012       2.1382
    8013       2.1134
    8014       2.0691
    8015       2.2065
    8016       1.9725
    8017       2.1440
    8018       2.1511
    8019       2.0893
    8020       2.1767
    8021       2.1171
    8022       2.0122
    8023       1.9653
    8024       2.1076
    8025       2.1030
    8026       2.1046
    8027       2.1565
    8028       2.2359
    8029       2.2321
    8030       2.2733
    8031       2.0209
    8032       1.9237
    8033       1.9191
    8034       2.1261
    8035       2.1165
    8036       2.0917
    8037       2.0822
    8038       2.1270
    8039       2.0618
    8040       1.9730
    8041       2.0517
    8042       1.9904
    8043       2.0783
    8044       2.2362
    8045       2.1549
    8046       2.1114
    8047       2.2517
    8048       2.0459
    8049       2.0164
    8050       2.0161
    8051       2.0928
    8052       2.0725
    8053       2.1480
    8054       2.1353
    8055       2.0662
    8056       2.0060
    8057       1.8144
    8058       1.9645
    8059       2.0501
    8060       1.9635
    8061       1.9361
    8062       1.8698
    8063       1.9898
    8064       2.0488
    8065       2.0905
    8066       2.2469
    8067       2.3216
    8068       2.3116
    8069       2.2282
    8070       2.2525
    8071       2.1540
    8072       2.1080
    8073       2.1117
    8074       2.0424
    8075       2.1080
    8076       2.0809
    8077       2.1306
    8078       2.1410
    8079       2.1611
    8080       2.2851
    8081       2.2783
    8082       2.3073
    8083       2.4006
    8084       2.2603
    8085       2.1813
    8086       2.0924
    8087       2.0310
    8088       2.0824
    8089       2.1026
    8090       2.0249
    8091       1.9360
    8092       1.9082
    8093       2.0396
    8094       1.9395
    8095       2.0310
    8096       2.1689
    8097       2.1615
    8098       2.0403
    8099       1.9552
    8100       1.9495
    8101       2.0831
    8102       1.8442
    8103       1.9616
    8104       1.9455
    8105       2.0398
    8106       1.9287
    8107       2.0706
    8108       2.2050
    8109       2.1824
    8110       2.0885
    8111       2.0704
    8112       2.0211
    8113       2.0709
    8114       2.0200
    8115       2.0490
    8116       2.0652
    8117       2.1084
    8118       2.1813
    8119       2.1621
    8120       1.9307
    8121       1.8934
    8122       1.9871
    8123       1.9827
    8124       1.9899
    8125       2.0265
    8126       2.0957
    8127       1.9966
    8128       1.9014
    8129       2.0078
    8130       2.0503
    8131       2.0545
    8132       1.9324
    8133       1.8747
    8134       1.9558
    8135       2.0224
    8136       2.1544
    8137       2.2911
    8138       2.3628
    8139       2.3140
    8140       2.2083
    8141       2.0892
    8142       2.1752
    8143       2.2803
    8144       2.1364
    8145       2.1051
    8146       2.1832
    8147       2.1784
    8148       2.1672
    8149       2.1834
    8150       2.1669
    8151       2.1152
    8152       2.1474
    8153       2.1163
    8154       2.0991
    8155       2.3433
    8156       2.3453
    8157       2.3855
    8158       2.2683
    8159       2.1690
    8160       2.1211
    8161       2.1700
    8162       2.1390
    8163       2.1910
    8164       2.1372
    8165       2.0559
    8166       2.0930
    8167       2.2443
    8168       2.2199
    8169       2.2603
    8170       2.2319
    8171       2.2729
    8172       2.2556
    8173       2.1705
    8174       2.1775
    8175       2.2367
    8176       2.3164
    8177       2.1533
    8178       2.3000
    8179       2.2336
    8180       2.1212
    8181       2.1161
    8182       2.0959
    8183       2.4701
    8184       2.3797
    8185       2.4430
    8186       2.5909
    8187       2.3760
    8188       2.4760
    8189       2.3695
    8190       2.4284
    8191       2.2580
    8192       2.2196
    8193       2.1541
    8194       2.1545
    8195       2.3783
    8196       2.2845
    8197       2.1550
    8198       2.0850
    8199       2.1745
    8200       2.1919
    8201       2.0944
    8202       1.9080
    8203       2.0921
    8204       1.9700
    8205       2.0151
    8206       1.9918
    8207       2.0429
    8208       2.0373
    8209       2.0150
    8210       2.0444
    8211       1.9857
    8212       1.9040
    8213       1.9238
    8214       1.8975
    8215       1.9182
    8216       2.0066
    8217       1.8891
    8218       1.8576
    8219       1.8407
    8220       1.9957
    8221       1.9668
    8222       1.9643
    8223       2.0438
    8224       2.1697
    8225       2.1005
    8226       2.0577
    8227       2.0615
    8228       2.1122
    8229       1.9638
    8230       2.0367
    8231       2.1903
    8232       2.1752
    8233       1.8927
    8234       2.1389
    8235       2.0746
    8236       2.1976
    8237       2.4019
    8238       2.2814
    8239       2.2983
    8240       2.2369
    8241       2.2077
    8242       2.1378
    8243       2.1393
    8244       2.2615
    8245       2.0996
    8246       2.0604
    8247       2.0912
    8248       2.0778
    8249       2.2042
    8250       2.0419
    8251       2.1310
    8252       2.1607
    8253       2.2822
    8254       2.0749
    8255       1.9436
    8256       2.0063
    8257       1.9607
    8258       2.1111
    8259       2.2542
    8260       2.2900
    8261       2.2298
    8262       2.3157
    8263       2.2452
    8264       2.2195
    8265       2.1138
    8266       2.0506
    8267       2.0193
    8268       2.0385
    8269       1.9944
    8270       2.1167
    8271       2.1929
    8272       1.9697
    8273       1.9986
    8274       2.0932
    8275       2.1596
    8276       2.1624
    8277       2.1613
    8278       2.2549
    8279       2.1505
    8280       2.2199
    8281       2.1660
    8282       2.1084
    8283       2.3279
    8284       2.4244
    8285       2.5679
    8286       2.4303
    8287       2.4616
    8288       2.3371
    8289       2.3207
    8290       2.3793
    8291       2.3789
    8292       2.3465
    8293       2.1471
    8294       2.0168
    8295       2.2155
    8296       2.0195
    8297       2.1594
    8298       2.0820
    8299       2.0330
    8300       2.1440
    8301       2.3765
    8302       2.3917
    8303       2.2895
    8304       2.1384
    8305       2.2159
    8306       2.1233
    8307       2.1988
    8308       2.1138
    8309       2.1498
    8310       2.1501
    8311       2.2451
    8312       2.1609
    8313       2.1863
    8314       2.3103
    8315       2.1705
    8316       2.2540
    8317       2.2177
    8318       2.2025
    8319       2.0740
    8320       2.2465
    8321       2.0230
    8322       2.2967
    8323       2.3494
    8324       2.3211
    8325       2.1063
    8326       2.1529
    8327       2.2044
    8328       2.2403
    8329       2.2931
    8330       2.1955
    8331       2.2121
    8332       2.2614
    8333       2.2790
    8334       2.1666
    8335       2.1092
    8336       2.0795
    8337       1.9412
    8338       1.9600
    8339       2.0442
    8340       1.8675
    8341       1.8444
    8342       1.8243
    8343       1.8971
    8344       1.8937
    8345       1.8487
    8346       1.9400
    8347       2.0608
    8348       2.1008
    8349       2.1975
    8350       2.1433
    8351       2.1960
    8352       2.1974
    8353       2.1230
    8354       2.0371
    8355       1.9840
    8356       2.0214
    8357       2.2069
    8358       2.2332
    8359       2.1119
    8360       2.1473
    8361       2.2195
    8362       2.1948
    8363       2.1931
    8364       2.2060
    8365       2.2325
    8366       2.1265
    8367       2.1593
    8368       2.3042
    8369       2.1741
    8370       2.0699
    8371       2.1537
    8372       2.2067
    8373       2.3366
    8374       2.4379
    8375       2.4477
    8376       2.2693
    8377       2.1767
    8378       2.3930
    8379       2.3844
    8380       2.1564
    8381       2.1192
    8382       2.1294
    8383       2.0320
    8384       2.1289
    8385       2.2983
    8386       2.3209
    8387       2.3517
    8388       2.2519
    8389       2.1592
    8390       2.2659
    8391       2.3914
    8392       2.3095
    8393       2.0476
    8394       2.1147
    8395       2.4247
    8396       2.2881
    8397       2.4008
    8398       2.4421
    8399       2.4750
    8400       2.2545
    8401       2.0680
    8402       2.1392
    8403       2.1970
    8404       2.2836
    8405       2.2279
    8406       2.2433
    8407       2.3600
    8408       2.2931
    8409       2.2821
    8410       2.2932
    8411       2.0919
    8412       2.1069
    8413       2.0815
    8414       2.0124
    8415       1.9845
    8416       2.2318
    8417       2.0882
    8418       2.1647
    8419       2.2385
    8420       2.3163
    8421       2.0822
    8422       2.3368
    8423       2.3249
    8424       2.3408
    8425       2.3167
    8426       2.3678
    8427       2.4196
    8428       2.1796
    8429       2.1746
    8430       2.2787
    8431       2.2415
    8432       2.1995
    8433       2.1209
    8434       2.2131
    8435       2.2956
    8436       2.3740
    8437       2.1740
    8438       2.2126
    8439       2.1829
    8440       2.0395
    8441       2.0419
    8442       2.0675
    8443       2.1112
    8444       2.0835
    8445       2.0871
    8446       2.0112
    8447       2.1471
    8448       2.1076
    8449       2.0856
    8450       2.1366
    8451       2.1308
    8452       2.2147
    8453       2.3457
    8454       2.3636
    8455       2.4382
    8456       2.3595
    8457       2.2163
    8458       2.2622
    8459       2.2316
    8460       2.2360
    8461       2.0581
    8462       2.1573
    8463       2.2301
    8464       1.9967
    8465       2.1432
    8466       2.0594
    8467       2.2798
    8468       2.1819
    8469       2.1328
    8470       2.1006
    8471       2.1257
    8472       2.1063
    8473       2.0163
    8474       2.0351
    8475       1.8253
    8476       1.8449
    8477       1.8948
    8478       1.8447
    8479       1.8619
    8480       2.0930
    8481       2.0368
    8482       2.0393
    8483       2.1949
    8484       2.0738
    8485       2.0534
    8486       2.1939
    8487       2.2264
    8488       2.1451
    8489       2.1146
    8490       1.9631
    8491       2.0090
    8492       2.1161
    8493       2.1149
    8494       2.1959
    8495       1.9999
    8496       2.0139
    8497       2.0168
    8498       1.9182
    8499       1.8696
    8500       2.0304
    8501       2.1546
    8502       2.2099
    8503       1.9995
    8504       2.0715
    8505       2.2038
    8506       2.0832
    8507       2.2017
    8508       2.1951
    8509       2.3533
    8510       2.4425
    8511       2.2005
    8512       2.2183
    8513       2.0242
    8514       2.2023
    8515       1.9852
    8516       2.0115
    8517       2.1551
    8518       2.0600
    8519       1.9389
    8520       1.8671
    8521       1.8209
    8522       1.8856
    8523       1.8479
    8524       1.8675
    8525       1.9791
    8526       1.9979
    8527       2.0992
    8528       1.9692
    8529       1.9913
    8530       2.0378
    8531       2.0894
    8532       2.0501
    8533       2.2416
    8534       2.3937
    8535       2.3190
    8536       2.2139
    8537       2.4049
    8538       2.2460
    8539       2.3764
    8540       2.1653
    8541       2.1181
    8542       2.0649
    8543       1.9878
    8544       2.0131
    8545       2.0130
    8546       1.9948
    8547       1.9776
    8548       1.9589
    8549       1.9058
    8550       1.8206
    8551       1.9840
    8552       1.8312
    8553       2.0714
    8554       1.9538
    8555       2.0439
    8556       2.1958
    8557       2.0903
    8558       1.9315
    8559       2.0219
    8560       2.0487
    8561       1.9835
    8562       1.9420
    8563       1.8762
    8564       1.9917
    8565       2.0365
    8566       2.0864
    8567       2.0358
    8568       1.9546
    8569       2.1517
    8570       2.0752
    8571       1.9642
    8572       2.0648
    8573       2.1478
    8574       2.1475
    8575       2.1843
    8576       2.2099
    8577       2.1733
    8578       1.9906
    8579       2.1294
    8580       2.2949
    8581       2.2224
    8582       2.1722
    8583       2.1401
    8584       2.2110
    8585       2.1258
    8586       2.1652
    8587       2.2345
    8588       2.2225
    8589       2.2498
    8590       2.2456
    8591       2.1990
    8592       2.3054
    8593       2.2365
    8594       2.2501
    8595       2.2649
    8596       2.3991
    8597       2.3337
    8598       2.2630
    8599       2.1539
    8600       2.1373
    8601       2.2102
    8602       2.1427
    8603       1.9777
    8604       2.0021
    8605       2.2430
    8606       2.2690
    8607       2.0452
    8608       2.1263
    8609       1.9812
    8610       2.0952
    8611       2.0328
    8612       2.1115
    8613       2.1266
    8614       2.2834
    8615       2.1578
    8616       2.1877
    8617       2.3687
    8618       2.2787
    8619       2.3762
    8620       2.3036
    8621       2.2755
    8622       2.1681
    8623       2.3136
    8624       2.2365
    8625       2.1226
    8626       2.1051
    8627       2.0402
    8628       2.0596
    8629       2.1195
    8630       2.1310
    8631       2.2350
    8632       2.2233
    8633       2.1917
    8634       2.1654
    8635       2.1571
    8636       2.2372
    8637       2.2318
    8638       2.4084
    8639       2.2097
    8640       2.3363
    8641       2.0527
    8642       2.1612
    8643       2.2430
    8644       2.2403
    8645       2.1575
    8646       2.2018
    8647       2.1520
    8648       2.1330
    8649       2.3556
    8650       2.2190
    8651       2.3152
    8652       2.3838
    8653       2.3182
    8654       2.2446
    8655       2.4003
    8656       2.2108
    8657       2.2282
    8658       2.1585
    8659       2.1768
    8660       2.2828
    8661       2.2113
    8662       2.0505
    8663       1.9440
    8664       2.0658
    8665       1.9819
    8666       2.0257
    8667       2.0194
    8668       2.2273
    8669       2.2701
    8670       2.1368
    8671       2.2963
    8672       2.0506
    8673       2.0518
    8674       2.1800
    8675       2.2300
    8676       2.2669
    8677       2.1570
    8678       2.0838
    8679       2.1718
    8680       2.3347
    8681       2.1474
    8682       2.0837
    8683       2.0716
    8684       2.0582
    8685       2.1027
    8686       2.0286
    8687       2.1253
    8688       2.2123
    8689       2.3237
    8690       2.2950
    8691       2.2392
    8692       2.3046
    8693       2.3131
    8694       2.3140
    8695       2.2676
    8696       2.0306
    8697       2.3304
    8698       2.5219
    8699       2.6106
    8700       2.6760
    8701       2.6018
    8702       2.6040
    8703       2.5566
    8704       2.5124
    8705       2.4107
    8706       2.5175
    8707       2.6013
    8708       2.5100
    8709       2.3934
    8710       2.4191
    8711       2.3582
    8712       2.3213
    8713       2.4873
    8714       2.6227
    8715       2.4323
    8716       2.4081
    8717       2.3373
    8718       2.3251
    8719       2.2809
    8720       2.2037
    8721       2.2125
    8722       2.2642
    8723       2.2587
    8724       2.3031
    8725       2.2998
    8726       2.4157
    8727       2.3380
    8728       2.2622
    8729       2.3747
    8730       2.5060
    8731       2.4996
    8732       2.5979
    8733       2.5652
    8734       2.2746
    8735       2.3087
    8736       2.3255
    8737       2.3742
    8738       2.5129
    8739       2.4983
    8740       2.4021
    8741       2.4104
    8742       2.5732
    8743       2.4990
    8744       2.4106
    8745       2.4116
    8746       2.5841
    8747       2.4815
    8748       2.5164
    8749       2.4333
    8750       2.4104
    8751       2.5103
    8752       2.6289
    8753       2.3982
    8754       2.5406
    8755       2.4451
    8756       2.4395
    8757       2.5886
    8758       2.6487
    8759       2.5674
    8760       2.4369
    8761       2.4032
    8762       2.4619
    8763       2.5497
    8764       2.5647
    8765       2.3424
    8766       2.2833
    8767       2.4255
    8768       2.2638
    8769       2.2944
    8770       2.2149
    8771       2.2813
    8772       1.9976
    8773       2.1278
    8774       2.1144
    8775       1.9850
    8776       2.0743
    8777       2.1612
    8778       2.0244
    8779       1.9806
    8780       2.0011
    8781       1.7733
    8782       1.8837
    8783       1.8390
    8784       1.8487
    8785       1.8690
    8786       1.9928
    8787       2.0546
    8788       1.8933
    8789       1.9315
    8790       2.0280
    8791       2.0598
    8792       1.7936
    8793       1.9436
    8794       1.8401
    8795       1.8952
    8796       2.0271
    8797       2.0732
    8798       2.0645
    8799       2.0053
    8800       2.0664
    8801       2.0740
    8802       2.0573
    8803       2.1193
    8804       2.0830
    8805       2.2815
    8806       2.1401
    8807       2.0025
    8808       2.0691
    8809       1.9962
    8810       2.0737
    8811       1.9454
    8812       1.9253
    8813       1.8596
    8814       1.9448
    8815       1.8373
    8816       1.9220
    8817       2.0127
    8818       1.9772
    8819       1.9646
    8820       1.9894
    8821       2.1643
    8822       2.0310
    8823       1.9235
    8824       2.0067
    8825       2.0643
    8826       2.0504
    8827       2.1372
    8828       2.0419
    8829       1.9569
    8830       1.9274
    8831       2.0426
    8832       2.2301
    8833       2.0780
    8834       2.0806
    8835       1.9674
    8836       2.1426
    8837       1.9754
    8838       1.8959
    8839       2.0102
    8840       1.9800
    8841       2.0006
    8842       2.0159
    8843       2.0821
    8844       2.2848
    8845       2.4091
    8846       2.3681
    8847       2.2140
    8848       2.5182
    8849       2.3720
    8850       2.4887
    8851       2.5922
    8852       2.6164
    8853       2.5599
    8854       2.4324
    8855       2.4335
    8856       2.5600
    8857       2.5270
    8858       2.4185
    8859       2.5287
    8860       2.5034
    8861       2.4994
    8862       2.4760
    8863       2.5479
    8864       2.4786
    8865       2.5996
    8866       2.5573
    8867       2.5420
    8868       2.4051
    8869       2.3857
    8870       2.3420
    8871       2.4020
    8872       2.3851
    8873       2.4324
    8874       2.4687
    8875       2.5091
    8876       2.5438
    8877       2.2651
    8878       2.2994
    8879       2.2782
    8880       2.3586
    8881       2.2867
    8882       2.2539
    8883       2.3303
    8884       2.2845
    8885       2.2766
    8886       2.2815
    8887       2.2858
    8888       2.3498
    8889       2.4260
    8890       2.2731
    8891       2.2229
    8892       2.3274
    8893       2.3949
    8894       2.3443
    8895       2.3342
    8896       2.3454
    8897       2.2188
    8898       1.9900
    8899       2.0937
    8900       2.0718
    8901       2.1377
    8902       1.9393
    8903       1.8203
    8904       2.0361
    8905       2.0877
    8906       2.2391
    8907       2.3821
    8908       2.3875
    8909       2.2879
    8910       2.2453
    8911       2.1393
    8912       2.0688
    8913       1.9780
    8914       1.9248
    8915       2.1382
    8916       2.2542
    8917       2.2314
    8918       2.3078
    8919       2.3716
    8920       2.3047
    8921       2.2354
    8922       2.0221
    8923       2.0269
    8924       1.8904
    8925       1.9390
    8926       1.9580
    8927       2.1791
    8928       2.2646
    8929       2.2244
    8930       2.3512
    8931       2.2609
    8932       2.2009
    8933       2.1361
    8934       2.2595
    8935       2.2454
    8936       2.4548
    8937       2.2865
    8938       2.2761
    8939       2.1451
    8940       2.2373
    8941       2.2658
    8942       2.2739
    8943       2.2588
    8944       2.3545
    8945       2.5788
    8946       2.5458
    8947       2.4263
    8948       2.3794
    8949       2.3135
    8950       2.4292
    8951       2.2449
    8952       2.1554
    8953       2.1135
    8954       2.1043
    8955       2.0999
    8956       2.1316
    8957       2.0663
    8958       2.3145
    8959       2.2844
    8960       2.3413
    8961       2.3422
    8962       2.3696
    8963       2.4488
    8964       2.4729
    8965       2.5992
    8966       2.6223
    8967       2.4299
    8968       2.5685
    8969       2.6512
    8970       2.5836
    8971       2.4836
    8972       2.3126
    8973       2.4688
    8974       2.2427
    8975       2.1922
    8976       2.1438
    8977       2.1338
    8978       2.3095
    8979       2.2166
    8980       2.2993
    8981       2.3257
    8982       2.2590
    8983       2.2418
    8984       2.1413
    8985       2.1903
    8986       2.0905
    8987       1.9579
    8988       2.1576
    8989       2.3188
    8990       2.2342
    8991       2.1846
    8992       2.2728
    8993       2.1663
    8994       2.2441
    8995       2.2972
    8996       2.1366
    8997       2.4092
    8998       2.3160
    8999       2.1688
    9000       2.1788
    9001       2.1067
    9002       1.9361
    9003       2.1761
    9004       2.0836
    9005       2.2927
    9006       2.3640
    9007       2.2733
    9008       2.3177
    9009       2.2935
    9010       2.4638
    9011       2.4636
    9012       2.2191
    9013       2.4320
    9014       2.3829
    9015       2.4411
    9016       2.6256
    9017       2.4881
    9018       2.6191
    9019       2.5557
    9020       2.5176
    9021       2.5517
    9022       2.4181
    9023       2.4582
    9024       2.3669
    9025       2.4363
    9026       2.2551
    9027       2.4191
    9028       2.4799
    9029       2.3563
    9030       2.3608
    9031       2.3347
    9032       2.1330
    9033       2.3548
    9034       2.3350
    9035       2.2289
    9036       2.1799
    9037       2.2605
    9038       2.2340
    9039       2.1445
    9040       2.2821
    9041       2.2879
    9042       2.1217
    9043       2.1076
    9044       1.9591
    9045       2.1547
    9046       2.3905
    9047       2.4136
    9048       2.5927
    9049       2.2763
    9050       2.3060
    9051       2.1156
    9052       2.1791
    9053       2.1220
    9054       2.2688
    9055       2.2674
    9056       2.4023
    9057       2.3470
    9058       2.2316
    9059       2.2950
    9060       2.3472
    9061       2.1935
    9062       2.3020
    9063       2.4298
    9064       2.3581
    9065       2.3958
    9066       2.3073
    9067       2.2879
    9068       2.3692
    9069       2.3465
    9070       2.3469
    9071       2.2094
    9072       2.5924
    9073       2.5282
    9074       2.4257
    9075       2.2872
    9076       2.3206
    9077       2.4335
    9078       2.1257
    9079       2.3621
    9080       2.3459
    9081       2.3729
    9082       2.3133
    9083       2.0222
    9084       2.1129
    9085       1.9747
    9086       1.9940
    9087       2.0408
    9088       2.1963
    9089       2.0723
    9090       2.1317
    9091       2.0006
    9092       1.8533
    9093       2.0192
    9094       1.8569
    9095       1.8204
    9096       1.8978
    9097       2.0694
    9098       2.1434
    9099       2.2347
    9100       2.2079
    9101       2.2453
    9102       2.2051
    9103       2.1701
    9104       2.1974
    9105       2.2509
    9106       2.3562
    9107       2.2389
    9108       2.3474
    9109       2.2972
    9110       2.3758
    9111       2.3000
    9112       2.4356
    9113       2.3871
    9114       2.1286
    9115       2.2283
    9116       2.2093
    9117       2.1243
    9118       2.0439
    9119       2.1652
    9120       2.1144
    9121       2.1708
    9122       2.1884
    9123       2.2451
    9124       2.2402
    9125       2.1731
    9126       2.2416
    9127       2.2683
    9128       2.2824
    9129       2.2930
    9130       2.3287
    9131       2.4233
    9132       2.3539
    9133       2.2846
    9134       2.2062
    9135       2.1825
    9136       2.0986
    9137       2.1827
    9138       2.0381
    9139       2.1612
    9140       2.2017
    9141       2.1543
    9142       2.0092
    9143       2.0198
    9144       2.1103
    9145       2.0866
    9146       2.1895
    9147       2.2419
    9148       2.2291
    9149       2.1704
    9150       2.1289
    9151       2.0813
    9152       1.9762
    9153       2.2754
    9154       2.2039
    9155       2.1392
    9156       2.1339
    9157       2.0459
    9158       2.1865
    9159       2.1284
    9160       2.1131
    9161       2.0458
    9162       2.1441
    9163       2.1220
    9164       2.0464
    9165       1.9176
    9166       2.0253
    9167       1.9661
    9168       2.0551
    9169       2.1041
    9170       2.0590
    9171       2.1269
    9172       2.0104
    9173       2.0695
    9174       2.1731
    9175       2.1760
    9176       2.1339
    9177       2.0842
    9178       2.0464
    9179       2.0645
    9180       2.0632
    9181       2.1853
    9182       2.1698
    9183       2.1984
    9184       2.0503
    9185       2.0712
    9186       1.9110
    9187       2.0365
    9188       2.1257
    9189       1.9878
    9190       1.8824
    9191       1.7940
    9192       1.8517
    9193       2.0181
    9194       1.8799
    9195       1.9827
    9196       2.0068
    9197       2.0346
    9198       2.0149
    9199       2.0188
    9200       2.1203
    9201       2.2796
    9202       2.3212
    9203       2.1994
    9204       2.1389
    9205       2.0460
    9206       2.0667
    9207       2.2553
    9208       2.2717
    9209       2.1569
    9210       2.4371
    9211       2.2939
    9212       2.3505
    9213       2.4876
    9214       2.3904
    9215       2.6351
    9216       2.5741
    9217       2.5796
    9218       2.7004
    9219       2.7023
    9220       2.5643
    9221       2.6645
    9222       2.4058
    9223       2.3702
    9224       2.3196
    9225       2.4382
    9226       2.3839
    9227       2.3331
    9228       2.3534
    9229       2.2963
    9230       2.1599
    9231       2.1595
    9232       2.2352
    9233       2.3355
    9234       2.3022
    9235       2.3596
    9236       2.4578
    9237       2.2464
    9238       2.4068
    9239       2.2811
    9240       2.2590
    9241       2.2680
    9242       1.9691
    9243       1.8113
    9244       2.0014
    9245       2.0779
    9246       2.0555
    9247       1.9361
    9248       1.9786
    9249       2.0060
    9250       2.0427
    9251       2.1603
    9252       2.1678
    9253       2.0724
    9254       2.0129
    9255       2.0586
    9256       2.0767
    9257       2.1471
    9258       2.2286
    9259       2.1360
    9260       2.2505
    9261       2.1546
    9262       2.1709
    9263       2.2485
    9264       1.9973
    9265       2.0066
    9266       2.0613
    9267       2.1552
    9268       2.3104
    9269       2.4254
    9270       2.3279
    9271       2.3680
    9272       2.4538
    9273       2.3695
    9274       2.4701
    9275       2.3218
    9276       2.2473
    9277       2.3997
    9278       2.6697
    9279       2.7019
    9280       2.4728
    9281       2.2706
    9282       2.1312
    9283       2.1132
    9284       2.1296
    9285       2.1684
    9286       2.1448
    9287       2.4942
    9288       2.3809
    9289       2.3158
    9290       2.2820
    9291       2.3172
    9292       2.3552
    9293       2.4330
    9294       2.2924
    9295       2.3981
    9296       2.3479
    9297       2.1483
    9298       2.3499
    9299       2.1870
    9300       2.1701
    9301       2.3182
    9302       2.2078
    9303       2.3249
    9304       2.2900
    9305       2.2670
    9306       2.1805
    9307       2.1862
    9308       2.1598
    9309       2.0772
    9310       2.1197
    9311       2.0197
    9312       2.0748
    9313       2.1385
    9314       2.1891
    9315       2.2455
    9316       2.1578
    9317       2.3033
    9318       2.2527
    9319       2.2334
    9320       2.2930
    9321       2.2843
    9322       2.1723
    9323       2.1012
    9324       2.2623
    9325       2.2904
    9326       2.2585
    9327       2.2700
    9328       2.2485
    9329       2.2945
    9330       2.2431
    9331       2.3296
    9332       2.3119
    9333       2.3053
    9334       2.1197
    9335       2.0755
    9336       2.1244
    9337       2.0714
    9338       2.1761
    9339       2.2527
    9340       2.1347
    9341       2.2609
    9342       2.3764
    9343       2.4031
    9344       2.4317
    9345       2.3566
    9346       2.2616
    9347       2.4339
    9348       2.4313
    9349       2.4253
    9350       2.4272
    9351       2.4211
    9352       2.2433
    9353       2.0372
    9354       2.2187
    9355       2.1611
    9356       2.2331
    9357       2.4085
    9358       2.4380
    9359       2.2282
    9360       2.2811
    9361       2.3890
    9362       2.3436
    9363       2.3549
    9364       2.3397
    9365       2.3525
    9366       2.4565
    9367       2.4892
    9368       2.4894
    9369       2.4662
    9370       2.3808
    9371       2.4213
    9372       2.3398
    9373       2.2424
    9374       2.1466
    9375       2.3105
    9376       2.3375
    9377       2.4244
    9378       2.6627
    9379       2.4671
    9380       2.5558
    9381       2.4097
    9382       2.4383
    9383       2.3720
    9384       2.2948
    9385       2.2555
    9386       2.3051
    9387       2.2523
    9388       2.2438
    9389       2.2925
    9390       2.3826
    9391       2.3274
    9392       2.3040
    9393       2.2634
    9394       2.4126
    9395       2.2035
    9396       2.3280
    9397       2.1583
    9398       2.2580
    9399       2.3199
    9400       2.2589
    9401       2.2625
    9402       2.1213
    9403       2.1836
    9404       2.1361
    9405       2.2977
    9406       2.2947
    9407       2.5202
    9408       2.4029
    9409       2.3520
    9410       2.3119
    9411       2.5841
    9412       2.3221
    9413       2.1705
    9414       2.2851
    9415       2.2055
    9416       2.0281
    9417       2.1082
    9418       2.1054
    9419       2.1778
    9420       2.0332
    9421       2.3028
    9422       2.2143
    9423       2.4054
    9424       2.3695
    9425       2.1790
    9426       2.0658
    9427       2.2820
    9428       2.2735
    9429       2.3755
    9430       2.4402
    9431       2.3040
    9432       2.2753
    9433       2.1936
    9434       2.1588
    9435       2.1309
    9436       2.0271
    9437       2.1310
    9438       2.0352
    9439       2.1412
    9440       2.2368
    9441       2.2871
    9442       2.5680
    9443       2.3515
    9444       2.5457
    9445       2.4301
    9446       2.4053
    9447       2.4297
    9448       2.3310
    9449       2.3439
    9450       2.2942
    9451       2.2737
    9452       2.2099
    9453       2.1983
    9454       2.2426
    9455       2.1386
    9456       2.2656
    9457       2.3405
    9458       2.3757
    9459       2.2083
    9460       2.3728
    9461       2.2571
    9462       2.2943
    9463       2.2801
    9464       2.1540
    9465       2.1998
    9466       2.0778
    9467       2.0783
    9468       2.1096
    9469       2.3421
    9470       2.3330
    9471       2.2533
    9472       2.4152
    9473       2.5214
    9474       2.2530
    9475       2.4293
    9476       2.5800
    9477       2.5181
    9478       2.3918
    9479       2.6317
    9480       2.6195
    9481       2.5136
    9482       2.3865
    9483       2.3861
    9484       2.3918
    9485       2.4922
    9486       2.2725
    9487       2.3363
    9488       2.1745
    9489       2.2506
    9490       2.4025
    9491       2.3795
    9492       2.3501
    9493       2.3054
    9494       2.1977
    9495       2.2247
    9496       2.3049
    9497       2.3730
    9498       2.4247
    9499       2.3303
    9500       2.1460
    9501       2.0806
    9502       2.3581
    9503       2.3070
    9504       2.3115
    9505       2.3757
    9506       2.3848
    9507       2.3192
    9508       2.3514
    9509       2.2774
    9510       2.2196
    9511       2.1468
    9512       2.1461
    9513       2.1673
    9514       2.1383
    9515       2.1311
    9516       2.1425
    9517       2.1694
    9518       2.2262
    9519       2.0086
    9520       2.3012
    9521       2.4012
    9522       2.3489
    9523       2.1986
    9524       2.3312
    9525       2.2319
    9526       2.2553
    9527       2.1601
    9528       2.0980
    9529       2.2646
    9530       2.1546
    9531       2.0883
    9532       2.0590
    9533       2.1520
    9534       2.2305
    9535       2.2282
    9536       2.2293
    9537       2.3952
    9538       2.3586
    9539       2.3390
    9540       2.1841
    9541       2.0859
    9542       2.1299
    9543       2.0098
    9544       2.1633
    9545       2.1485
    9546       2.0613
    9547       2.2919
    9548       2.3521
    9549       2.2198
    9550       2.3642
    9551       2.2827
    9552       2.1992
    9553       2.2552
    9554       2.2204
    9555       2.4672
    9556       2.4848
    9557       2.3511
    9558       2.2620
    9559       2.3426
    9560       2.4156
    9561       2.3108
    9562       2.2664
    9563       2.2280
    9564       2.1356
    9565       2.2190
    9566       2.3697
    9567       2.3684
    9568       2.2530
    9569       2.1716
    9570       2.2315
    9571       2.2625
    9572       2.3090
    9573       2.4518
    9574       2.3247
    9575       2.4305
    9576       2.2740
    9577       2.0981
    9578       2.1684
    9579       2.2240
    9580       2.2662
    9581       2.2619
    9582       2.2155
    9583       2.2092
    9584       2.1284
    9585       2.1889
    9586       2.1478
    9587       2.2661
    9588       2.2049
    9589       2.2516
    9590       2.3411
    9591       2.4994
    9592       2.3142
    9593       2.5471
    9594       2.5919
    9595       2.3867
    9596       2.4955
    9597       2.4523
    9598       2.2364
    9599       2.3613
    9600       2.3807
    9601       2.3583
    9602       2.4856
    9603       2.3334
    9604       2.2227
    9605       2.0997
    9606       2.2493
    9607       2.3110
    9608       2.2992
    9609       2.1909
    9610       2.1947
    9611       2.1021
    9612       2.1938
    9613       2.2111
    9614       2.1147
    9615       1.9734
    9616       2.0298
    9617       2.1544
    9618       2.0245
    9619       2.2127
    9620       2.2338
    9621       2.1593
    9622       2.0882
    9623       2.0784
    9624       2.2221
    9625       2.3165
    9626       2.1527
    9627       2.2002
    9628       2.3038
    9629       2.3483
    9630       2.3671
    9631       2.3311
    9632       2.2069
    9633       2.1082
    9634       2.0524
    9635       2.1853
    9636       2.1574
    9637       2.1733
    9638       2.0826
    9639       1.9867
    9640       2.0460
    9641       1.9618
    9642       2.0586
    9643       2.1168
    9644       2.1070
    9645       2.0968
    9646       2.1090
    9647       2.1223
    9648       2.1401
    9649       2.1955
    9650       2.0407
    9651       1.9393
    9652       2.0369
    9653       2.0052
    9654       2.1119
    9655       2.2448
    9656       2.2654
    9657       2.3161
    9658       2.3465
    9659       2.5841
    9660       2.6145
    9661       2.3794
    9662       2.2231
    9663       2.1221
    9664       2.1778
    9665       2.0485
    9666       2.0819
    9667       2.0664
    9668       2.1769
    9669       2.3018
    9670       2.4362
    9671       2.4064
    9672       2.4279
    9673       2.3774
    9674       2.3353
    9675       2.3656
    9676       2.4734
    9677       2.5561
    9678       2.4463
    9679       2.2748
    9680       2.2892
    9681       2.2222
    9682       2.2084
    9683       2.1019
    9684       2.0305
    9685       2.0087
    9686       2.1663
    9687       2.1524
    9688       2.1039
    9689       2.0116
    9690       1.9885
    9691       2.0449
    9692       2.1945
    9693       2.2848
    9694       2.1993
    9695       2.1918
    9696       2.1269
    9697       1.9061
    9698       1.9295
    9699       1.9049
    9700       2.0309
    9701       2.0672
    9702       2.0965
    9703       2.0359
    9704       2.1238
    9705       2.0096
    9706       2.0388
    9707       2.0868
    9708       2.2517
    9709       2.2513
    9710       2.0766
    9711       2.2265
    9712       2.0470
    9713       2.0535
    9714       2.0934
    9715       2.1879
    9716       2.2552
    9717       2.1182
    9718       2.3113
    9719       2.3888
    9720       2.3513
    9721       2.2353
    9722       2.1791
    9723       2.1639
    9724       2.2158
    9725       2.2623
    9726       2.2732
    9727       2.2614
    9728       2.0135
    9729       2.0177
    9730       1.9812
    9731       2.0787
    9732       2.3031
    9733       2.2302
    9734       2.1359
    9735       2.2689
    9736       2.1399
    9737       1.9621
    9738       2.0725
    9739       2.2029
    9740       2.0793
    9741       2.2109
    9742       2.2733
    9743       2.1732
    9744       2.1604
    9745       1.9920
    9746       1.9785
    9747       2.1260
    9748       2.1379
    9749       2.1307
    9750       2.1203
    9751       2.1818
    9752       2.1252
    9753       1.9919
    9754       1.8859
    9755       1.9108
    9756       1.8480
    9757       1.9154
    9758       2.0217
    9759       1.8157
    9760       1.9142
    9761       1.9784
    9762       2.2176
    9763       2.2628
    9764       2.0396
    9765       2.0851
    9766       2.0693
    9767       2.0269
    9768       1.9907
    9769       2.1860
    9770       2.0865
    9771       2.0130
    9772       2.0428
    9773       1.9302
    9774       2.0615
    9775       2.0728
    9776       1.9429
    9777       1.8354
    9778       1.9053
    9779       1.7757
    9780       1.9400
    9781       1.9993
    9782       1.9503
    9783       1.8761
    9784       2.1067
    9785       2.2353
    9786       2.3305
    9787       2.3764
    9788       2.2602
    9789       2.1565
    9790       2.2125
    9791       2.1689
    9792       2.1367
    9793       2.1083
    9794       2.1147
    9795       2.1825
    9796       2.0589
    9797       2.1655
    9798       2.1990
    9799       2.1921
    9800       2.0643
    9801       1.9336
    9802       2.1689
    9803       2.1530
    9804       2.0911
    9805       2.1788
    9806       2.0753
    9807       2.1654
    9808       2.0787
    9809       2.0700
    9810       2.1193
    9811       1.9741
    9812       1.9394
    9813       2.0148
    9814       2.0277
    9815       2.0603
    9816       2.1669
    9817       2.1182
    9818       2.2426
    9819       2.1388
    9820       2.1763
    9821       2.2539
    9822       2.0930
    9823       1.9951
    9824       2.0540
    9825       2.1575
    9826       2.3321
    9827       2.3250
    9828       2.2491
    9829       2.3310
    9830       2.1317
    9831       2.4559
    9832       2.2864
    9833       2.1798
    9834       2.1720
    9835       2.3564
    9836       2.3629
    9837       2.1989
    9838       2.1877
    9839       2.1732
    9840       2.0402
    9841       2.0218
    9842       2.2512
    9843       2.1216
    9844       2.1566
    9845       2.3635
    9846       2.3314
    9847       2.3994
    9848       2.2620
    9849       2.2321
    9850       2.1091
    9851       2.0746
    9852       2.0154
    9853       2.1599
    9854       2.0574
    9855       2.0809
    9856       2.0268
    9857       1.9782
    9858       1.9684
    9859       1.9571
    9860       2.0746
    9861       1.9218
    9862       2.0541
    9863       2.0766
    9864       1.8712
    9865       2.0260
    9866       2.0252
    9867       1.9456
    9868       2.0758
    9869       2.0318
    9870       2.0101
    9871       2.1763
    9872       2.0312
    9873       2.0647
    9874       1.9788
    9875       2.0122
    9876       2.0979
    9877       2.1970
    9878       2.2105
    9879       2.2671
    9880       2.0072
    9881       2.1418
    9882       2.0971
    9883       2.1303
    9884       2.0909
    9885       2.3101
    9886       2.1831
    9887       2.2569
    9888       2.1253
    9889       2.1884
    9890       2.0488
    9891       2.0526
    9892       2.0987
    9893       2.0929
    9894       2.0814
    9895       2.1945
    9896       2.1266
    9897       2.1638
    9898       2.0895
    9899       2.1108
    9900       2.2261
    9901       2.1496
    9902       2.1354
    9903       2.1040
    9904       2.1705
    9905       2.2274
    9906       2.3876
    9907       2.3036
    9908       2.0748
    9909       2.2182
    9910       2.2096
    9911       2.3263
    9912       2.3403
    9913       2.2360
    9914       2.3488
    9915       2.3512
    9916       2.1980
    9917       2.1004
    9918       2.0473
    9919       2.0361
    9920       1.9807
    9921       2.0575
    9922       2.1370
    9923       2.1579
    9924       2.2076
    9925       2.2461
    9926       2.2360
    9927       2.4988
    9928       2.3650
    9929       2.3242
    9930       2.1256
    9931       2.2730
    9932       2.1056
    9933       2.2026
    9934       2.1333
    9935       2.0728
    9936       2.0048
    9937       1.9426
    9938       2.1019
    9939       2.1892
    9940       2.0057
    9941       2.0353
    9942       2.0877
    9943       2.0198
    9944       1.9952
    9945       1.9734
    9946       1.9128
    9947       2.0238
    9948       2.1431
    9949       1.9605
    9950       2.0300
    9951       2.0295
    9952       1.9618
    9953       2.1026
    9954       2.1345
    9955       2.0606
    9956       2.1014
    9957       2.2250
    9958       2.3714
    9959       2.3644
    9960       2.1797
    9961       2.0541
    9962       2.1653
    9963       2.1877
    9964       1.9756
    9965       2.2040
    9966       2.2627
    9967       2.1787
    9968       2.2103
    9969       2.2687
    9970       2.3265
    9971       2.4673
    9972       2.4172
    9973       2.2779
    9974       2.3219
    9975       2.2567
    9976       2.3844
    9977       2.2079
    9978       2.2765
    9979       2.2582
    9980       2.1849
    9981       2.1295
    9982       2.1217
    9983       2.0624
    9984       2.1784
    9985       2.1516
    9986       2.0588
    9987       2.2267
    9988       2.3107
    9989       2.2138
    9990       2.3179
    9991       2.3479
    9992       2.4165
    9993       2.4825
    9994       2.4907
    9995       2.1474
    9996       2.1643
    9997       2.0339
    9998       2.0165
    9999       2.0334
   10000       2.2062
