1,27.9581
2,28.0997
3,28.096
4,28.1062
5,27.9703
6,28.0048
7,27.9573
8,28.1595
9,27.9448
10,28.0631
11,28.013
12,28.0536
13,28.016
14,28.0927
15,28.0399
16,28.0534
17,27.8631
18,27.9339
19,27.8931
20,27.8809
21,27.9873
22,27.866
23,27.993
24,27.9423
25,27.9144
26,28.0391
27,28.0315
28,28.0948
29,28.1136
30,28.1859
31,28.2471
32,28.205
33,28.2656
34,28.1961
35,28.2117
36,28.1585
37,28.1886
38,28.1373
39,28.2437
40,28.1815
41,28.215
42,28.1176
43,28.1845
44,28.2948
45,28.2763
46,28.3473
47,28.2662
48,28.3708
49,28.3128
50,28.2464
51,28.1937
52,28.097
53,28.154
54,28.1797
55,28.1397
56,28.2867
57,28.2901
58,28.3887
59,28.2355
60,28.2613
61,28.1759
62,28.2154
63,28.2785
64,28.164
65,28.2674
66,28.1188
67,28.1926
68,28.28
69,28.2475
70,28.2626
71,28.1867
72,28.1643
73,28.1008
74,28.1038
75,28.1702
76,28.2261
77,28.1717
78,28.2143
79,28.1907
80,28.2727
81,28.2325
82,28.3701
83,28.3197
84,28.2732
85,28.2524
86,28.2138
87,28.2233
88,28.1846
89,28.1538
90,28.2415
91,28.1968
92,28.232
93,28.2965
94,28.2735
95,28.2289
96,28.202
97,28.189
98,28.3432
99,28.3139
100,28.3223
101,28.3448
102,28.362
103,28.3167
104,28.3285
105,28.2982
106,28.3186
107,28.2576
108,28.4077
109,28.4035
110,28.271
111,28.2593
112,28.2727
113,28.2473
114,28.2239
115,28.253
116,28.2948
117,28.2485
118,28.2787
119,28.3465
120,28.2701
121,28.2503
122,28.0437
123,28.0719
124,28.1711
125,28.0789
126,28.087
127,28.0545
128,28.1675
129,28.1579
130,28.264
131,28.2049
132,28.1232
133,28.2033
134,28.3055
135,28.3037
136,28.2856
137,28.3666
138,28.3806
139,28.3626
140,28.2773
141,28.3229
142,28.4665
143,28.3484
144,28.5334
145,28.3877
146,28.2966
147,28.3429
148,28.2723
149,28.2167
150,28.2676
151,28.2168
152,28.1724
153,28.2025
154,28.1898
155,28.3193
156,28.2407
157,28.2066
158,28.1906
159,28.2143
160,28.1558
161,28.1451
162,28.2541
163,28.0796
164,28.27
165,28.2525
166,28.326
167,28.2968
168,28.3183
169,28.3027
170,28.3311
171,28.3421
172,28.2458
173,28.2121
174,28.2782
175,28.2533
176,28.3996
177,28.4012
178,28.4185
179,28.4281
180,28.4106
181,28.3116
182,28.3802
183,28.3472
184,28.2678
185,28.3371
186,28.2372
187,28.2098
188,28.1865
189,28.2869
190,28.3084
191,28.1849
192,28.1621
193,28.1918
194,28.1804
195,28.2998
196,28.3118
197,28.3456
198,28.2751
199,28.2875
200,28.3344
201,28.2574
202,28.2616
203,28.317
204,28.4033
205,28.3561
206,28.2558
207,28.3218
208,28.2836
209,28.2433
210,28.3579
211,28.2379
212,28.2179
213,28.2007
214,28.2098
215,28.1645
216,28.1583
217,28.1832
218,28.3035
219,28.1907
220,28.1451
221,28.2437
222,28.2486
223,28.2359
224,28.3308
225,28.4403
226,28.3122
227,28.3092
228,28.4236
229,28.5248
230,28.4214
231,28.4381
232,28.4514
233,28.5103
234,28.428
235,28.4067
236,28.385
237,28.5155
238,28.497
239,28.5327
240,28.3892
241,28.5054
242,28.5
243,28.5853
244,28.5212
245,28.5356
246,28.498
247,28.5429
248,28.4765
249,28.5765
250,28.4464
251,28.4659
252,28.6441
253,28.485
254,28.493
255,28.5391
256,28.438
257,28.4053
258,28.5557
259,28.4889
260,28.5579
261,28.4067
262,28.4114
263,28.4004
264,28.5323
265,28.5318
266,28.5207
267,28.4756
268,28.4645
269,28.5862
270,28.4844
271,28.4987
272,28.4706
273,28.5381
274,28.5317
275,28.6092
276,28.4689
277,28.5346
278,28.3666
279,28.456
280,28.6203
281,28.5124
282,28.6116
283,28.4549
284,28.4365
285,28.4274
286,28.3365
287,28.4994
288,28.4682
289,28.5509
290,28.4375
291,28.4197
292,28.4599
293,28.448
294,28.3833
295,28.4935
296,28.7106
297,28.6477
298,28.5051
299,28.5742
300,28.5684
301,28.5762
302,28.5274
303,28.6881
304,28.5939
305,28.5377
306,28.714
307,28.5344
308,28.5309
309,28.4509
310,28.5983
311,28.6458
312,28.5366
313,28.5581
314,28.5085
315,28.6563
316,28.6291
317,28.5937
318,28.528
319,28.4712
320,28.5789
321,28.4721
322,28.5957
323,28.5579
324,28.5019
325,28.5565
326,28.5192
327,28.4747
328,28.5412
329,28.5949
330,28.5927
331,28.5205
332,28.7127
333,28.7022
334,28.5827
335,28.7561
336,28.7064
337,28.7376
338,28.7158
339,28.7225
340,28.6104
341,28.6692
342,28.7652
343,28.6995
344,28.5836
345,28.5503
346,28.5537
347,28.7016
348,28.5152
349,28.5188
350,28.515
351,28.3954
352,28.5331
353,28.5678
354,28.5655
355,28.6869
356,28.6516
357,28.6644
358,28.6411
359,28.6827
360,28.6129
361,28.5413
362,28.4856
363,28.662
364,28.5596
365,28.6237
366,28.5527
367,28.5318
368,28.619
369,28.4984
370,28.5071
371,28.4962
372,28.6089
373,28.5953
374,28.5364
375,28.4937
376,28.4321
377,28.4562
378,28.3634
379,28.3662
380,28.4819
381,28.5215
382,28.5686
383,28.4461
384,28.3938
385,28.4982
386,28.4077
387,28.4751
388,28.5753
389,28.4245
390,28.4274
391,28.3857
392,28.4994
393,28.4548
394,28.272
395,28.4122
396,28.4266
397,28.3936
398,28.4957
399,28.468
400,28.4785
401,28.4213
402,28.4657
403,28.4518
404,28.5348
405,28.5098
406,28.6235
407,28.6563
408,28.5447
409,28.5751
410,28.5238
411,28.5221
412,28.5005
413,28.4095
414,28.4182
415,28.3759
416,28.5532
417,28.5724
418,28.4572
419,28.5584
420,28.5828
421,28.5494
422,28.7244
423,28.6359
424,28.619
425,28.6485
426,28.6318
427,28.7039
428,28.6523
429,28.6732
430,28.6636
431,28.6671
432,28.7176
433,28.6841
434,28.712
435,28.6305
436,28.4629
437,28.594
438,28.6008
439,28.48
440,28.5009
441,28.5307
442,28.5561
443,28.5909
444,28.521
445,28.4563
446,28.6277
447,28.4791
448,28.5056
449,28.4308
450,28.5446
451,28.569
452,28.5032
453,28.5502
454,28.4351
455,28.4736
456,28.5063
457,28.433
458,28.5801
459,28.5166
460,28.4845
461,28.513
462,28.5763
463,28.4424
464,28.4292
465,28.4231
466,28.3212
467,28.527
468,28.4081
469,28.5386
470,28.4636
471,28.5842
472,28.4686
473,28.4672
474,28.5353
475,28.5413
476,28.6177
477,28.5689
478,28.5164
479,28.5164
480,28.5217
481,28.4885
482,28.4336
483,28.4437
484,28.4677
485,28.5983
486,28.6302
487,28.4505
488,28.5324
489,28.5323
490,28.5849
491,28.5243
492,28.6226
493,28.5049
494,28.6111
495,28.743
496,28.7688
497,28.6797
498,28.6007
499,28.5335
500,28.5561
501,28.4485
502,28.5161
503,28.563
504,28.5825
505,28.6559
506,28.5601
507,28.5994
508,28.6216
509,28.6381
510,28.685
511,28.6802
512,28.7335
513,28.6145
514,28.6338
515,28.4997
516,28.6
517,28.5509
518,28.4586
519,28.6654
520,28.6306
521,28.574
522,28.5666
523,28.6987
524,28.6755
525,28.6092
526,28.5694
527,28.6282
528,28.6205
529,28.5881
530,28.5603
531,28.5431
532,28.6426
533,28.4965
534,28.4933
535,28.4781
536,28.6714
537,28.6432
538,28.5901
539,28.5033
540,28.5786
541,28.543
542,28.4517
543,28.4863
544,28.4268
545,28.397
546,28.3132
547,28.4637
548,28.4616
549,28.4876
550,28.4931
551,28.4773
552,28.4138
553,28.4612
554,28.4246
555,28.4358
556,28.5266
557,28.4722
558,28.4249
559,28.5233
560,28.4789
561,28.3758
562,28.3081
563,28.3182
564,28.3819
565,28.4904
566,28.4711
567,28.5137
568,28.5434
569,28.5399
570,28.5291
571,28.5478
572,28.4474
573,28.4312
574,28.5047
575,28.4704
576,28.4457
577,28.4434
578,28.5071
579,28.4338
580,28.4657
581,28.4978
582,28.5027
583,28.4932
584,28.545
585,28.4676
586,28.4179
587,28.4412
588,28.4692
589,28.3685
590,28.3688
591,28.4332
592,28.4461
593,28.4852
594,28.5069
595,28.4696
596,28.5213
597,28.4662
598,28.4444
599,28.5186
600,28.5783
601,28.6537
602,28.5236
603,28.511
604,28.5155
605,28.5108
606,28.4717
607,28.5492
608,28.4894
609,28.3585
610,28.4123
611,28.4059
612,28.4432
613,28.4943
614,28.4804
615,28.4569
616,28.5295
617,28.4667
618,28.5371
619,28.474
620,28.5525
621,28.4829
622,28.4232
623,28.44
624,28.4918
625,28.4334
626,28.5599
627,28.4088
628,28.3998
629,28.391
630,28.5088
631,28.5009
632,28.4699
633,28.4377
634,28.4904
635,28.4448
636,28.5337
637,28.5207
638,28.5579
639,28.5629
640,28.5024
641,28.6663
642,28.627
643,28.6629
644,28.6236
645,28.6811
646,28.4805
647,28.5491
648,28.5869
649,28.5266
650,28.5039
651,28.4692
652,28.4447
653,28.4198
654,28.4791
655,28.4709
656,28.5767
657,28.5234
658,28.5316
659,28.4781
660,28.4852
661,28.5075
662,28.5237
663,28.4785
664,28.4222
665,28.5236
666,28.5534
667,28.4736
668,28.4882
669,28.3683
670,28.6059
671,28.556
672,28.5586
673,28.6034
674,28.7245
675,28.553
676,28.5294
677,28.602
678,28.489
679,28.6171
680,28.6467
681,28.5532
682,28.6949
683,28.6307
684,28.4795
685,28.484
686,28.4688
687,28.5108
688,28.4395
689,28.6068
690,28.5396
691,28.6769
692,28.7074
693,28.7212
694,28.6608
695,28.5367
696,28.6838
697,28.7654
698,28.6028
699,28.6326
700,28.6745
701,28.6915
702,28.7725
703,28.7254
704,28.6699
705,28.6836
706,28.6555
707,28.71
708,28.758
709,28.7274
710,28.7727
711,28.7706
712,28.7673
713,28.695
714,28.7286
715,28.6606
716,28.6114
717,28.7213
718,28.6588
719,28.6427
720,28.6455
721,28.7691
722,28.6458
723,28.762
724,28.7051
725,28.617
726,28.6064
727,28.6375
728,28.6093
729,28.5057
730,28.4816
731,28.4675
732,28.477
733,28.3966
734,28.424
735,28.3733
736,28.5278
737,28.5754
738,28.4774
739,28.5524
740,28.6015
741,28.5102
742,28.5759
743,28.5609
744,28.5659
745,28.519
746,28.5843
747,28.5174
748,28.5657
749,28.5257
750,28.5331
751,28.4971
752,28.5595
753,28.5168
754,28.5751
755,28.5669
756,28.5971
757,28.4922
758,28.602
759,28.5836
760,28.4782
761,28.4968
762,28.5246
763,28.4902
764,28.5328
765,28.5346
766,28.5012
767,28.5545
768,28.5735
769,28.5439
770,28.4901
771,28.5745
772,28.54
773,28.505
774,28.505
775,28.5552
776,28.4769
777,28.5374
778,28.6063
779,28.7186
780,28.5612
781,28.6055
782,28.4772
783,28.5773
784,28.5611
785,28.4683
786,28.5429
787,28.6237
788,28.5863
789,28.5303
790,28.5599
791,28.6287
792,28.4719
793,28.6174
794,28.5766
795,28.6924
796,28.5225
797,28.4512
798,28.5451
799,28.623
800,28.6239
801,28.7478
802,28.7387
803,28.6035
804,28.7185
805,28.6295
806,28.601
807,28.6765
808,28.7115
809,28.74
810,28.6883
811,28.6897
812,28.6128
813,28.7579
814,28.6739
815,28.6944
816,28.6852
817,28.738
818,28.5234
819,28.5869
820,28.6653
821,28.6025
822,28.6817
823,28.5977
824,28.715
825,28.6221
826,28.6176
827,28.6012
828,28.6365
829,28.6534
830,28.6927
831,28.7069
832,28.6011
833,28.6525
834,28.6934
835,28.7082
836,28.6918
837,28.6613
838,28.5872
839,28.6725
840,28.5965
841,28.5623
842,28.5841
843,28.6099
844,28.5761
845,28.6495
846,28.6413
847,28.7192
848,28.6012
849,28.5943
850,28.6363
851,28.7226
852,28.7047
853,28.6832
854,28.6548
855,28.7505
856,28.6689
857,28.7209
858,28.6251
859,28.6241
860,28.6217
861,28.7469
862,28.7331
863,28.681
864,28.6507
865,28.5401
866,28.5605
867,28.666
868,28.6536
869,28.6663
870,28.6871
871,28.6833
872,28.5704
873,28.5709
874,28.6833
875,28.7577
876,28.7576
877,28.6875
878,28.7298
879,28.7236
880,28.7049
881,28.8178
882,28.9006
883,28.7609
884,28.765
885,28.6489
886,28.7077
887,28.6262
888,28.5657
889,28.7168
890,28.7182
891,28.7143
892,28.5708
893,28.6042
894,28.606
895,28.6668
896,28.6723
897,28.7053
898,28.4941
899,28.607
900,28.6288
901,28.6712
902,28.6232
903,28.6555
904,28.649
905,28.6766
906,28.5453
907,28.6321
908,28.6751
909,28.7289
910,28.6824
911,28.5813
912,28.5733
913,28.6294
914,28.6865
915,28.5442
916,28.6054
917,28.6079
918,28.5267
919,28.5081
920,28.6953
921,28.6038
922,28.5025
923,28.7346
924,28.6381
925,28.6485
926,28.6036
927,28.6379
928,28.6959
929,28.5815
930,28.6258
931,28.6434
932,28.8091
933,28.7388
934,28.6498
935,28.675
936,28.694
937,28.6593
938,28.6222
939,28.6337
940,28.5046
941,28.5624
942,28.6007
943,28.5297
944,28.6351
945,28.6393
946,28.6181
947,28.5822
948,28.5612
949,28.7334
950,28.5761
951,28.6036
952,28.5761
953,28.635
954,28.6917
955,28.7128
956,28.7157
957,28.6204
958,28.5645
959,28.5232
960,28.6192
961,28.6082
962,28.5791
963,28.4826
964,28.4916
965,28.5732
966,28.5376
967,28.5036
968,28.641
969,28.6349
970,28.5612
971,28.5355
972,28.6052
973,28.7296
974,28.5989
975,28.7189
976,28.6094
977,28.5281
978,28.517
979,28.5374
980,28.6663
981,28.5805
982,28.5573
983,28.6733
984,28.4957
985,28.5441
986,28.696
987,28.6297
988,28.6065
989,28.6069
990,28.4901
991,28.6037
992,28.5268
993,28.5445
994,28.554
995,28.4618
996,28.5656
997,28.5312
998,28.4855
999,28.6392
1000,28.6767
1001,28.5647
1002,28.6625
1003,28.6549
1004,28.6378
1005,28.6222
1006,28.4908
1007,28.4984
1008,28.4659
1009,28.5334
1010,28.5782
1011,28.5023
1012,28.4431
1013,28.5454
1014,28.555
1015,28.5627
1016,28.4819
1017,28.4111
1018,28.5611
1019,28.4471
1020,28.4051
1021,28.4296
1022,28.3331
1023,28.5025
1024,28.489
1025,28.6129
1026,28.6988
1027,28.5875
1028,28.6602
1029,28.6056
1030,28.5676
1031,28.4771
1032,28.5463
1033,28.4509
1034,28.5612
1035,28.5041
1036,28.6612
1037,28.6549
1038,28.5597
1039,28.5616
1040,28.5431
1041,28.6186
1042,28.625
1043,28.67
1044,28.6318
1045,28.487
1046,28.6469
1047,28.5928
1048,28.6761
1049,28.5877
1050,28.5065
1051,28.5567
1052,28.5462
1053,28.5993
1054,28.7119
1055,28.6187
1056,28.5863
1057,28.6315
1058,28.5869
1059,28.4358
1060,28.4915
1061,28.5074
1062,28.559
1063,28.4915
1064,28.485
1065,28.5567
1066,28.6153
1067,28.6771
1068,28.6119
1069,28.6622
1070,28.6481
1071,28.5015
1072,28.4999
1073,28.5792
1074,28.4339
1075,28.6986
1076,28.7527
1077,28.7722
1078,28.7199
1079,28.782
1080,28.6843
1081,28.6538
1082,28.6918
1083,28.7496
1084,28.6667
1085,28.695
1086,28.6145
1087,28.6498
1088,28.7176
1089,28.7597
1090,28.7867
1091,28.6954
1092,28.7696
1093,28.6271
1094,28.5841
1095,28.7137
1096,28.7226
1097,28.6737
1098,28.6685
1099,28.708
1100,28.5657
1101,28.6415
1102,28.6233
1103,28.6099
1104,28.7307
1105,28.5423
1106,28.607
1107,28.5503
1108,28.6379
1109,28.6198
1110,28.5611
1111,28.6487
1112,28.7058
1113,28.6964
1114,28.6333
1115,28.6445
1116,28.6279
1117,28.7315
1118,28.6596
1119,28.6815
1120,28.6875
1121,28.6505
1122,28.6898
1123,28.5971
1124,28.658
1125,28.675
1126,28.58
1127,28.5959
1128,28.5708
1129,28.5158
1130,28.4657
1131,28.5485
1132,28.599
1133,28.6005
1134,28.6019
1135,28.4936
1136,28.6254
1137,28.5995
1138,28.7414
1139,28.5429
1140,28.4597
1141,28.5925
1142,28.5476
1143,28.597
1144,28.6957
1145,28.5527
1146,28.6732
1147,28.6954
1148,28.6951
1149,28.6036
1150,28.6191
1151,28.7186
1152,28.6838
1153,28.5879
1154,28.6681
1155,28.6471
1156,28.679
1157,28.5374
1158,28.6321
1159,28.6788
1160,28.6531
1161,28.5842
1162,28.6639
1163,28.7033
1164,28.636
1165,28.6279
1166,28.577
1167,28.5398
1168,28.6341
1169,28.6341
1170,28.5754
1171,28.6222
1172,28.5656
1173,28.6999
1174,28.6562
1175,28.6417
1176,28.6363
1177,28.5827
1178,28.6395
1179,28.636
1180,28.6832
1181,28.6393
1182,28.6681
1183,28.6404
1184,28.6387
1185,28.6666
1186,28.5582
1187,28.6819
1188,28.5832
1189,28.6097
1190,28.4803
1191,28.5811
1192,28.5724
1193,28.6457
1194,28.6161
1195,28.579
1196,28.5485
1197,28.5835
1198,28.6562
1199,28.568
1200,28.4966
1201,28.4678
1202,28.4113
1203,28.4059
1204,28.449
1205,28.4667
1206,28.4043
1207,28.4741
1208,28.6288
1209,28.5442
1210,28.4878
1211,28.4933
1212,28.4816
1213,28.5737
1214,28.6846
1215,28.5612
1216,28.4806
1217,28.5559
1218,28.5742
1219,28.5536
1220,28.4598
1221,28.4841
1222,28.5556
1223,28.4796
1224,28.5598
1225,28.4882
1226,28.5915
1227,28.4957
1228,28.4021
1229,28.5284
1230,28.4883
1231,28.5964
1232,28.5861
1233,28.6098
1234,28.546
1235,28.6367
1236,28.6015
1237,28.6077
1238,28.6043
1239,28.5902
1240,28.5644
1241,28.5612
1242,28.5801
1243,28.5547
1244,28.4666
1245,28.4925
1246,28.5777
1247,28.5869
1248,28.5986
1249,28.5036
1250,28.6022
1251,28.5491
1252,28.429
1253,28.5322
1254,28.6022
1255,28.5683
1256,28.4806
1257,28.4986
1258,28.415
1259,28.5034
1260,28.5277
1261,28.4956
1262,28.4985
1263,28.624
1264,28.6116
1265,28.5694
1266,28.6094
1267,28.6307
1268,28.566
1269,28.5007
1270,28.4536
1271,28.4598
1272,28.4852
1273,28.5606
1274,28.572
1275,28.5141
1276,28.5715
1277,28.566
1278,28.5139
1279,28.4753
1280,28.5332
1281,28.4804
1282,28.5227
1283,28.5102
1284,28.5339
1285,28.5219
1286,28.4997
1287,28.4775
1288,28.5359
1289,28.4766
1290,28.4491
1291,28.4773
1292,28.4893
1293,28.6194
1294,28.4788
1295,28.6008
1296,28.5883
1297,28.5165
1298,28.5195
1299,28.5138
1300,28.5985
1301,28.6844
1302,28.5169
1303,28.538
1304,28.6027
1305,28.5671
1306,28.5954
1307,28.4919
1308,28.5789
1309,28.6601
1310,28.5649
1311,28.6067
1312,28.5836
1313,28.5992
1314,28.5675
1315,28.5865
1316,28.5547
1317,28.5994
1318,28.5794
1319,28.5819
1320,28.623
1321,28.4863
1322,28.6396
1323,28.4866
1324,28.5444
1325,28.6293
1326,28.6469
1327,28.6502
1328,28.6483
1329,28.6803
1330,28.6807
1331,28.5901
1332,28.5789
1333,28.528
1334,28.5783
1335,28.4875
1336,28.5607
1337,28.5201
1338,28.5829
1339,28.5896
1340,28.5599
1341,28.5114
1342,28.4366
1343,28.4577
1344,28.5082
1345,28.5534
1346,28.5549
1347,28.5765
1348,28.5293
1349,28.5512
1350,28.4672
1351,28.495
1352,28.4861
1353,28.4752
1354,28.5836
1355,28.4925
1356,28.5483
1357,28.5514
1358,28.6143
1359,28.443
1360,28.3852
1361,28.3926
1362,28.4135
1363,28.5143
1364,28.514
1365,28.5627
1366,28.5464
1367,28.5837
1368,28.581
1369,28.5372
1370,28.524
1371,28.5091
1372,28.5348
1373,28.6144
1374,28.4734
1375,28.4471
1376,28.5003
1377,28.472
1378,28.5096
1379,28.4399
1380,28.4581
1381,28.3473
1382,28.4194
1383,28.4252
1384,28.4393
1385,28.6019
1386,28.5994
1387,28.4994
1388,28.5225
1389,28.6166
1390,28.5816
1391,28.595
1392,28.5206
1393,28.5554
1394,28.5947
1395,28.6036
1396,28.6089
1397,28.5469
1398,28.61
1399,28.6186
1400,28.4602
1401,28.529
1402,28.4589
1403,28.6343
1404,28.6698
1405,28.6487
1406,28.52
1407,28.5601
1408,28.6253
1409,28.6664
1410,28.5676
1411,28.6133
1412,28.4889
1413,28.6485
1414,28.5357
1415,28.5476
1416,28.5813
1417,28.6656
1418,28.6329
1419,28.7053
1420,28.6707
1421,28.7107
1422,28.7864
1423,28.7722
1424,28.8406
1425,28.7427
1426,28.6374
1427,28.7044
1428,28.5803
1429,28.4563
1430,28.4901
1431,28.5518
1432,28.5405
1433,28.5576
1434,28.4923
1435,28.4879
1436,28.4908
1437,28.5507
1438,28.5254
1439,28.4745
1440,28.3921
1441,28.4146
1442,28.5189
1443,28.4809
1444,28.5385
1445,28.4926
1446,28.4398
1447,28.5143
1448,28.5541
1449,28.5616
1450,28.5222
1451,28.5609
1452,28.6014
1453,28.6237
1454,28.5687
1455,28.4919
1456,28.3756
1457,28.4295
1458,28.452
1459,28.4761
1460,28.5672
1461,28.5384
1462,28.5009
1463,28.6279
1464,28.6379
1465,28.5009
1466,28.4055
1467,28.5391
1468,28.5735
1469,28.6206
1470,28.6655
1471,28.6058
1472,28.6435
1473,28.679
1474,28.7553
1475,28.6133
1476,28.6164
1477,28.7226
1478,28.6127
1479,28.7194
1480,28.6849
1481,28.6184
1482,28.5931
1483,28.6535
1484,28.783
1485,28.6433
1486,28.7262
1487,28.6992
1488,28.5947
1489,28.6309
1490,28.6431
1491,28.6403
1492,28.67
1493,28.6629
1494,28.6976
1495,28.7235
1496,28.6743
1497,28.6129
1498,28.6897
1499,28.6996
1500,28.7284
1501,28.5589
1502,28.6536
1503,28.6302
1504,28.7032
1505,28.6298
1506,28.6263
1507,28.5818
1508,28.5252
1509,28.5376
1510,28.4393
1511,28.4671
1512,28.5441
1513,28.5844
1514,28.6004
1515,28.597
1516,28.5395
1517,28.5395
1518,28.5274
1519,28.4197
1520,28.5209
1521,28.5113
1522,28.5131
1523,28.5182
1524,28.4981
1525,28.589
1526,28.6055
1527,28.6566
1528,28.692
1529,28.6058
1530,28.6914
1531,28.6519
1532,28.5993
1533,28.5085
1534,28.5533
1535,28.6293
1536,28.5959
1537,28.6213
1538,28.5434
1539,28.5649
1540,28.6858
1541,28.7198
1542,28.6636
1543,28.8011
1544,28.8056
1545,28.8907
1546,28.7814
1547,28.8036
1548,28.8319
1549,28.7504
1550,28.729
1551,28.6973
1552,28.7233
1553,28.7321
1554,28.7722
1555,28.7479
1556,28.9343
1557,28.8512
1558,28.8049
1559,28.8279
1560,28.8143
1561,28.8393
1562,28.7134
1563,28.7155
1564,28.5458
1565,28.584
1566,28.581
1567,28.609
1568,28.6462
1569,28.6676
1570,28.6992
1571,28.7378
1572,28.658
1573,28.7873
1574,28.695
1575,28.7191
1576,28.5863
1577,28.6078
1578,28.543
1579,28.6866
1580,28.5716
1581,28.6492
1582,28.6102
1583,28.6213
1584,28.6182
1585,28.7287
1586,28.58
1587,28.6331
1588,28.69
1589,28.7295
1590,28.5355
1591,28.5946
1592,28.5826
1593,28.634
1594,28.5949
1595,28.7661
1596,28.763
1597,28.7683
1598,28.6788
1599,28.8457
1600,28.842
1601,28.7181
1602,28.6836
1603,28.6263
1604,28.6308
1605,28.6682
1606,28.663
1607,28.7692
1608,28.7039
1609,28.6735
1610,28.7601
1611,28.7993
1612,28.7758
1613,28.7522
1614,28.8317
1615,28.8729
1616,28.7266
1617,28.7183
1618,28.6429
1619,28.7516
1620,28.7991
1621,28.781
1622,28.7636
1623,28.8123
1624,28.868
1625,28.8319
1626,28.8402
1627,28.7942
1628,28.7592
1629,28.8622
1630,28.7101
1631,28.7798
1632,28.8252
1633,28.8906
1634,28.8829
1635,28.7605
1636,28.767
1637,28.7967
1638,28.6447
1639,28.7859
1640,28.7592
1641,28.8391
1642,28.8491
1643,28.7146
1644,28.6892
1645,28.6693
1646,28.6313
1647,28.5349
1648,28.6795
1649,28.6806
1650,28.7426
1651,28.6443
1652,28.6425
1653,28.6114
1654,28.7205
1655,28.6294
1656,28.5911
1657,28.6727
1658,28.6761
1659,28.594
1660,28.6031
1661,28.5996
1662,28.6865
1663,28.6283
1664,28.4735
1665,28.4748
1666,28.7039
1667,28.5264
1668,28.5726
1669,28.5701
1670,28.5004
1671,28.6299
1672,28.58
1673,28.6311
1674,28.6183
1675,28.7175
1676,28.559
1677,28.505
1678,28.4656
1679,28.5872
1680,28.4963
1681,28.496
1682,28.4969
1683,28.5273
1684,28.6052
1685,28.6514
1686,28.6199
1687,28.6732
1688,28.6459
1689,28.6463
1690,28.5994
1691,28.5204
1692,28.5583
1693,28.5458
1694,28.642
1695,28.5456
1696,28.5939
1697,28.5683
1698,28.7137
1699,28.7412
1700,28.8004
1701,28.6929
1702,28.6892
1703,28.58
1704,28.7882
1705,28.8191
1706,28.6675
1707,28.6799
1708,28.7144
1709,28.6403
1710,28.6598
1711,28.6062
1712,28.5434
1713,28.5525
1714,28.621
1715,28.7737
1716,28.616
1717,28.7357
1718,28.6735
1719,28.8399
1720,28.7509
1721,28.6985
1722,28.6472
1723,28.5904
1724,28.6154
1725,28.6882
1726,28.6618
1727,28.7448
1728,28.6129
1729,28.7066
1730,28.7156
1731,28.6965
1732,28.637
1733,28.7409
1734,28.5701
1735,28.6512
1736,28.6854
1737,28.7746
1738,28.6199
1739,28.7408
1740,28.7497
1741,28.7262
1742,28.7164
1743,28.6813
1744,28.6071
1745,28.7548
1746,28.6489
1747,28.6612
1748,28.714
1749,28.6849
1750,28.8377
1751,28.7116
1752,28.7503
1753,28.7959
1754,28.6766
1755,28.7083
1756,28.7227
1757,28.7837
1758,28.5692
1759,28.6067
1760,28.7462
1761,28.6029
1762,28.5941
1763,28.5852
1764,28.6089
1765,28.732
1766,28.6857
1767,28.6387
1768,28.6918
1769,28.6362
1770,28.7281
1771,28.7433
1772,28.6395
1773,28.6325
1774,28.7723
1775,28.7214
1776,28.8144
1777,28.7783
1778,28.8244
1779,28.6537
1780,28.6626
1781,28.7547
1782,28.7785
1783,28.7969
1784,28.645
1785,28.7374
1786,28.7018
1787,28.6383
1788,28.6519
1789,28.6576
1790,28.6944
1791,28.7083
1792,28.7905
1793,28.8181
1794,28.8064
1795,28.7299
1796,28.7007
1797,28.8509
1798,28.8591
1799,28.8096
1800,28.71
1801,28.7247
1802,28.6597
1803,28.7119
1804,28.7445
1805,28.6317
1806,28.5575
1807,28.6638
1808,28.6625
1809,28.6975
1810,28.6947
1811,28.7105
1812,28.7511
1813,28.7135
1814,28.6554
1815,28.7923
1816,28.8237
1817,28.8019
1818,28.809
1819,28.8308
1820,28.6245
1821,28.7598
1822,28.6981
1823,28.5692
1824,28.6267
1825,28.5463
1826,28.6729
1827,28.5667
1828,28.5681
1829,28.6119
1830,28.7058
1831,28.6431
1832,28.6056
1833,28.5185
1834,28.5569
1835,28.4373
1836,28.5379
1837,28.4781
1838,28.5439
1839,28.5357
1840,28.5912
1841,28.666
1842,28.7631
1843,28.7225
1844,28.7477
1845,28.6686
1846,28.5997
1847,28.6921
1848,28.6286
1849,28.6101
1850,28.6879
1851,28.6182
1852,28.5749
1853,28.5945
1854,28.572
1855,28.501
1856,28.5502
1857,28.6189
1858,28.6717
1859,28.6306
1860,28.6815
1861,28.7206
1862,28.674
1863,28.6204
1864,28.628
1865,28.6456
1866,28.6098
1867,28.5656
1868,28.5566
1869,28.6484
1870,28.6472
1871,28.6538
1872,28.5795
1873,28.6932
1874,28.7161
1875,28.8305
1876,28.6693
1877,28.6104
1878,28.7034
1879,28.6182
1880,28.7985
1881,28.848
1882,28.7764
1883,28.7387
1884,28.7664
1885,28.6835
1886,28.7604
1887,28.8347
1888,28.7991
1889,28.7901
1890,28.846
1891,28.6928
1892,28.6559
1893,28.7229
1894,28.7294
1895,28.7333
1896,28.7433
1897,28.7746
1898,28.8149
1899,28.7586
1900,28.7875
1901,28.7458
1902,28.7937
1903,28.807
1904,28.7367
1905,28.7052
1906,28.6974
1907,28.7128
1908,28.6994
1909,28.7418
1910,28.7096
1911,28.6914
1912,28.7101
1913,28.7237
1914,28.7419
1915,28.7211
1916,28.5735
1917,28.7112
1918,28.7019
1919,28.7553
1920,28.6587
1921,28.6686
1922,28.7086
1923,28.7327
1924,28.729
1925,28.7071
1926,28.667
1927,28.604
1928,28.5651
1929,28.6885
1930,28.6604
1931,28.7088
1932,28.5846
1933,28.6329
1934,28.5951
1935,28.6624
1936,28.641
1937,28.6164
1938,28.7475
1939,28.7384
1940,28.775
1941,28.7391
1942,28.8305
1943,28.6824
1944,28.6638
1945,28.617
1946,28.622
1947,28.6329
1948,28.671
1949,28.7118
1950,28.6265
1951,28.6515
1952,28.5482
1953,28.5373
1954,28.6858
1955,28.5547
1956,28.527
1957,28.4811
1958,28.4582
1959,28.5542
1960,28.6235
1961,28.5751
1962,28.466
1963,28.5027
1964,28.4674
1965,28.4907
1966,28.6208
1967,28.5654
1968,28.5202
1969,28.5499
1970,28.5785
1971,28.5565
1972,28.4837
1973,28.4697
1974,28.4559
1975,28.4252
1976,28.4708
1977,28.5453
1978,28.6043
1979,28.6169
1980,28.5814
1981,28.5657
1982,28.6726
1983,28.704
1984,28.6488
1985,28.6502
1986,28.6655
1987,28.6493
1988,28.5501
1989,28.6197
1990,28.6688
1991,28.6323
1992,28.6685
1993,28.6132
1994,28.6715
1995,28.6464
1996,28.6261
1997,28.4521
1998,28.5002
1999,28.4949
2000,28.4273
2001,28.5102
2002,28.4799
2003,28.4481
2004,28.5239
2005,28.5411
2006,28.5301
2007,28.5782
2008,28.5377
2009,28.5527
2010,28.5442
2011,28.5961
2012,28.4991
2013,28.7057
2014,28.6736
2015,28.6621
2016,28.6332
2017,28.5697
2018,28.5099
2019,28.5365
2020,28.4662
2021,28.4933
2022,28.5344
2023,28.5258
2024,28.448
2025,28.5637
2026,28.5053
2027,28.4544
2028,28.4376
2029,28.4407
2030,28.5052
2031,28.562
2032,28.484
2033,28.4703
2034,28.6187
2035,28.5911
2036,28.5124
2037,28.5914
2038,28.5837
2039,28.449
2040,28.3476
2041,28.3777
2042,28.3594
2043,28.3073
2044,28.3726
2045,28.2602
2046,28.3719
2047,28.4316
2048,28.3765
2049,28.3985
2050,28.4798
2051,28.447
2052,28.4947
2053,28.3843
2054,28.5705
2055,28.4417
2056,28.5362
2057,28.5427
2058,28.4228
2059,28.596
2060,28.6041
2061,28.5361
2062,28.5322
2063,28.565
2064,28.5036
2065,28.462
2066,28.4705
2067,28.5343
2068,28.5222
2069,28.46
2070,28.4407
2071,28.3859
2072,28.4466
2073,28.5177
2074,28.4668
2075,28.3402
2076,28.4878
2077,28.5015
2078,28.4677
2079,28.5375
2080,28.5056
2081,28.4572
2082,28.3986
2083,28.466
2084,28.5309
2085,28.3666
2086,28.3317
2087,28.3694
2088,28.4033
2089,28.5144
2090,28.554
2091,28.4949
2092,28.4576
2093,28.5116
2094,28.4067
2095,28.4733
2096,28.4694
2097,28.4822
2098,28.4656
2099,28.5306
2100,28.3999
2101,28.4998
2102,28.607
2103,28.5783
2104,28.4981
2105,28.5582
2106,28.5649
2107,28.6841
2108,28.5459
2109,28.502
2110,28.5518
2111,28.509
2112,28.5954
2113,28.5285
2114,28.4752
2115,28.5611
2116,28.6583
2117,28.6052
2118,28.634
2119,28.5841
2120,28.6607
2121,28.6327
2122,28.6222
2123,28.6135
2124,28.7961
2125,28.5979
2126,28.6466
2127,28.687
2128,28.5819
2129,28.7206
2130,28.6841
2131,28.5635
2132,28.4725
2133,28.5057
2134,28.471
2135,28.4921
2136,28.5847
2137,28.4312
2138,28.5685
2139,28.5842
2140,28.6842
2141,28.7024
2142,28.6298
2143,28.6118
2144,28.6436
2145,28.5951
2146,28.6371
2147,28.6525
2148,28.7285
2149,28.6429
2150,28.6012
2151,28.5936
2152,28.5527
2153,28.5991
2154,28.653
2155,28.6041
2156,28.5434
2157,28.657
2158,28.6085
2159,28.6864
2160,28.5893
2161,28.5397
2162,28.6214
2163,28.5081
2164,28.5993
2165,28.6566
2166,28.6519
2167,28.5957
2168,28.6301
2169,28.4028
2170,28.5206
2171,28.5499
2172,28.5218
2173,28.4775
2174,28.415
2175,28.4909
2176,28.5247
2177,28.5918
2178,28.4245
2179,28.4669
2180,28.473
2181,28.4972
2182,28.5056
2183,28.4575
2184,28.4481
2185,28.4037
2186,28.4134
2187,28.4986
2188,28.5451
2189,28.5113
2190,28.4984
2191,28.4487
2192,28.4633
2193,28.3897
2194,28.4531
2195,28.4576
2196,28.4361
2197,28.4241
2198,28.3322
2199,28.2823
2200,28.294
2201,28.2582
2202,28.304
2203,28.3509
2204,28.408
2205,28.4813
2206,28.5236
2207,28.3887
2208,28.4134
2209,28.3863
2210,28.3748
2211,28.3575
2212,28.4011
2213,28.3853
2214,28.354
2215,28.4268
2216,28.6317
2217,28.6354
2218,28.5553
2219,28.5646
2220,28.563
2221,28.5104
2222,28.4371
2223,28.5032
2224,28.5302
2225,28.5732
2226,28.624
2227,28.662
2228,28.565
2229,28.5793
2230,28.6805
2231,28.5448
2232,28.5213
2233,28.6542
2234,28.5916
2235,28.5203
2236,28.55
2237,28.5958
2238,28.7222
2239,28.6259
2240,28.5114
2241,28.5
2242,28.4725
2243,28.455
2244,28.445
2245,28.4661
2246,28.432
2247,28.5269
2248,28.3574
2249,28.4938
2250,28.5113
2251,28.3785
2252,28.3472
2253,28.4415
2254,28.407
2255,28.3429
2256,28.4111
2257,28.4541
2258,28.4096
2259,28.4455
2260,28.4226
2261,28.4172
2262,28.3839
2263,28.4385
2264,28.352
2265,28.459
2266,28.4966
2267,28.5803
2268,28.4389
2269,28.4416
2270,28.4436
2271,28.5375
2272,28.4424
2273,28.4969
2274,28.5434
2275,28.4792
2276,28.4377
2277,28.4213
2278,28.4208
2279,28.4219
2280,28.3136
2281,28.3209
2282,28.414
2283,28.3944
2284,28.3351
2285,28.3034
2286,28.2555
2287,28.2761
2288,28.2932
2289,28.2223
2290,28.2656
2291,28.2539
2292,28.3559
2293,28.3794
2294,28.2714
2295,28.3656
2296,28.4526
2297,28.5331
2298,28.5066
2299,28.5112
2300,28.4723
2301,28.3774
2302,28.473
2303,28.3675
2304,28.3784
2305,28.3902
2306,28.3468
2307,28.2841
2308,28.2815
2309,28.3326
2310,28.473
2311,28.4742
2312,28.4425
2313,28.3633
2314,28.2941
2315,28.3439
2316,28.4599
2317,28.3098
2318,28.4082
2319,28.3659
2320,28.3941
2321,28.505
2322,28.3266
2323,28.3955
2324,28.5323
2325,28.4888
2326,28.4156
2327,28.376
2328,28.3307
2329,28.4162
2330,28.5694
2331,28.5022
2332,28.4454
2333,28.4926
2334,28.3888
2335,28.5565
2336,28.425
2337,28.4513
2338,28.4713
2339,28.4076
2340,28.4463
2341,28.5761
2342,28.4744
2343,28.5711
2344,28.4738
2345,28.4196
2346,28.5346
2347,28.447
2348,28.4976
2349,28.4695
2350,28.4934
2351,28.3945
2352,28.2736
2353,28.3363
2354,28.2818
2355,28.1834
2356,28.2468
2357,28.3283
2358,28.3032
2359,28.2899
2360,28.3279
2361,28.2927
2362,28.3336
2363,28.2462
2364,28.4438
2365,28.3643
2366,28.3455
2367,28.4441
2368,28.3648
2369,28.3958
2370,28.3475
2371,28.3501
2372,28.2415
2373,28.2955
2374,28.293
2375,28.2737
2376,28.3538
2377,28.3696
2378,28.309
2379,28.1965
2380,28.2938
2381,28.3046
2382,28.2696
2383,28.2098
2384,28.2387
2385,28.2585
2386,28.2024
2387,28.2963
2388,28.3047
2389,28.3867
2390,28.3572
2391,28.3591
2392,28.4
2393,28.366
2394,28.3023
2395,28.3153
2396,28.2854
2397,28.2726
2398,28.1493
2399,28.1973
2400,28.2453
2401,28.1663
2402,28.1244
2403,28.2101
2404,28.1882
2405,28.2016
2406,28.1844
2407,28.3199
2408,28.2827
2409,28.2129
2410,28.2435
2411,28.3085
2412,28.2842
2413,28.2101
2414,28.3021
2415,28.3767
2416,28.3049
2417,28.3143
2418,28.3114
2419,28.1519
2420,28.18
2421,28.2174
2422,28.3145
2423,28.3397
2424,28.3589
2425,28.3765
2426,28.2943
2427,28.411
2428,28.3513
2429,28.3211
2430,28.3964
2431,28.3238
2432,28.3644
2433,28.3951
2434,28.417
2435,28.3165
2436,28.3869
2437,28.3868
2438,28.3708
2439,28.4515
2440,28.3948
2441,28.3163
2442,28.3214
2443,28.3987
2444,28.3186
2445,28.4263
2446,28.3863
2447,28.3104
2448,28.2488
2449,28.3372
2450,28.3783
2451,28.4381
2452,28.5024
2453,28.3879
2454,28.3564
2455,28.4177
2456,28.3889
2457,28.3945
2458,28.3446
2459,28.3277
2460,28.3452
2461,28.3057
2462,28.1954
2463,28.3182
2464,28.256
2465,28.1545
2466,28.3656
2467,28.3407
2468,28.4139
2469,28.3721
2470,28.3975
2471,28.376
2472,28.4057
2473,28.2821
2474,28.1964
2475,28.2184
2476,28.2592
2477,28.3204
2478,28.3293
2479,28.3625
2480,28.2859
2481,28.3607
2482,28.445
2483,28.3913
2484,28.24
2485,28.3953
2486,28.3579
2487,28.4267
2488,28.3783
2489,28.4474
2490,28.5003
2491,28.5017
2492,28.513
2493,28.5658
2494,28.443
2495,28.4446
2496,28.4601
2497,28.4595
2498,28.4261
2499,28.3828
2500,28.5407
2501,28.4661
2502,28.464
2503,28.5918
2504,28.523
2505,28.4724
2506,28.4727
2507,28.4233
2508,28.4213
2509,28.4815
2510,28.3887
2511,28.5121
2512,28.3757
2513,28.3404
2514,28.3654
2515,28.4002
2516,28.463
2517,28.4007
2518,28.2262
2519,28.3329
2520,28.3508
2521,28.3517
2522,28.2854
2523,28.425
2524,28.4372
2525,28.3744
2526,28.4203
2527,28.4554
2528,28.3565
2529,28.3768
2530,28.3942
2531,28.3452
2532,28.4068
2533,28.4554
2534,28.4792
2535,28.2987
2536,28.3147
2537,28.2836
2538,28.3087
2539,28.2879
2540,28.4499
2541,28.2901
2542,28.373
2543,28.3956
2544,28.3885
2545,28.3807
2546,28.3551
2547,28.4152
2548,28.3839
2549,28.4557
2550,28.4333
2551,28.4992
2552,28.512
2553,28.4368
2554,28.3377
2555,28.4379
2556,28.523
2557,28.475
2558,28.5563
2559,28.5283
2560,28.4775
2561,28.4723
2562,28.4357
2563,28.4359
2564,28.4325
2565,28.503
2566,28.4297
2567,28.3447
2568,28.4602
2569,28.5194
2570,28.486
2571,28.4425
2572,28.5345
2573,28.5396
2574,28.5429
2575,28.4721
2576,28.4473
2577,28.3961
2578,28.4904
2579,28.3936
2580,28.4815
2581,28.463
2582,28.3656
2583,28.4807
2584,28.4141
2585,28.5223
2586,28.4655
2587,28.4332
2588,28.4964
2589,28.4573
2590,28.4683
2591,28.554
2592,28.4559
2593,28.5205
2594,28.6043
2595,28.5256
2596,28.4789
2597,28.4755
2598,28.4877
2599,28.4756
2600,28.5413
2601,28.4529
2602,28.5173
2603,28.5787
2604,28.5465
2605,28.5504
2606,28.4666
2607,28.4746
2608,28.4462
2609,28.473
2610,28.4574
2611,28.424
2612,28.5136
2613,28.4839
2614,28.3825
2615,28.5167
2616,28.4447
2617,28.4277
2618,28.4567
2619,28.4657
2620,28.4209
2621,28.4422
2622,28.3497
2623,28.3844
2624,28.466
2625,28.5504
2626,28.5264
2627,28.5368
2628,28.5662
2629,28.523
2630,28.4701
2631,28.4499
2632,28.5251
2633,28.5566
2634,28.62
2635,28.5306
2636,28.5879
2637,28.5674
2638,28.6241
2639,28.5619
2640,28.6246
2641,28.5657
2642,28.5119
2643,28.4656
2644,28.4479
2645,28.4674
2646,28.4078
2647,28.4765
2648,28.3493
2649,28.3016
2650,28.339
2651,28.3577
2652,28.4534
2653,28.3624
2654,28.4148
2655,28.3936
2656,28.3813
2657,28.3768
2658,28.3385
2659,28.3898
2660,28.3027
2661,28.3714
2662,28.3628
2663,28.2809
2664,28.2373
2665,28.2455
2666,28.254
2667,28.3779
2668,28.2361
2669,28.3659
2670,28.4487
2671,28.4159
2672,28.3746
2673,28.3362
2674,28.3602
2675,28.3572
2676,28.5258
2677,28.5178
2678,28.5484
2679,28.5201
2680,28.55
2681,28.3995
2682,28.454
2683,28.4274
2684,28.5224
2685,28.481
2686,28.4541
2687,28.5202
2688,28.5638
2689,28.6523
2690,28.5789
2691,28.5883
2692,28.7222
2693,28.5544
2694,28.407
2695,28.4207
2696,28.4008
2697,28.3901
2698,28.4136
2699,28.4981
2700,28.4424
2701,28.4149
2702,28.3916
2703,28.3192
2704,28.325
2705,28.2748
2706,28.235
2707,28.333
2708,28.3408
2709,28.2625
2710,28.316
2711,28.3084
2712,28.2624
2713,28.3245
2714,28.3354
2715,28.3924
2716,28.4267
2717,28.4033
2718,28.3257
2719,28.3318
2720,28.4148
2721,28.2428
2722,28.3553
2723,28.2164
2724,28.3355
2725,28.366
2726,28.2761
2727,28.3571
2728,28.322
2729,28.4936
2730,28.4796
2731,28.5152
2732,28.5251
2733,28.4348
2734,28.5232
2735,28.4597
2736,28.4511
2737,28.4632
2738,28.4085
2739,28.3206
2740,28.4401
2741,28.472
2742,28.4681
2743,28.401
2744,28.2845
2745,28.3684
2746,28.3146
2747,28.3693
2748,28.3173
2749,28.2566
2750,28.3661
2751,28.4157
2752,28.3599
2753,28.3636
2754,28.3501
2755,28.431
2756,28.3239
2757,28.3866
2758,28.3291
2759,28.4276
2760,28.4383
2761,28.3518
2762,28.4393
2763,28.3735
2764,28.203
2765,28.3323
2766,28.3568
2767,28.3233
2768,28.3041
2769,28.417
2770,28.367
2771,28.5414
2772,28.4924
2773,28.5694
2774,28.6308
2775,28.6706
2776,28.5485
2777,28.677
2778,28.5015
2779,28.5655
2780,28.6037
2781,28.6362
2782,28.7059
2783,28.4904
2784,28.4453
2785,28.4321
2786,28.5129
2787,28.6537
2788,28.5343
2789,28.5066
2790,28.3794
2791,28.4189
2792,28.3183
2793,28.3902
2794,28.467
2795,28.3895
2796,28.2504
2797,28.41
2798,28.4821
2799,28.3757
2800,28.4848
2801,28.6309
2802,28.6749
2803,28.6574
2804,28.6472
2805,28.7091
2806,28.6485
2807,28.6438
2808,28.4944
2809,28.4863
2810,28.4577
2811,28.5486
2812,28.4519
2813,28.4361
2814,28.5803
2815,28.5723
2816,28.4621
2817,28.4336
2818,28.5401
2819,28.5881
2820,28.5917
2821,28.6137
2822,28.5894
2823,28.4658
2824,28.4944
2825,28.4923
2826,28.641
2827,28.6884
2828,28.6518
2829,28.6771
2830,28.6561
2831,28.6285
2832,28.5634
2833,28.4989
2834,28.5046
2835,28.5183
2836,28.4323
2837,28.63
2838,28.6107
2839,28.6241
2840,28.5865
2841,28.593
2842,28.43
2843,28.511
2844,28.5372
2845,28.5165
2846,28.3919
2847,28.3828
2848,28.4574
2849,28.3646
2850,28.3825
2851,28.3808
2852,28.4056
2853,28.3952
2854,28.4909
2855,28.5575
2856,28.5275
2857,28.5728
2858,28.4974
2859,28.5257
2860,28.5171
2861,28.4616
2862,28.5204
2863,28.5769
2864,28.5717
2865,28.4143
2866,28.4874
2867,28.4217
2868,28.4431
2869,28.5108
2870,28.5201
2871,28.5438
2872,28.4514
2873,28.4999
2874,28.5065
2875,28.5623
2876,28.5942
2877,28.5345
2878,28.6675
2879,28.4586
2880,28.4846
2881,28.5181
2882,28.4943
2883,28.4898
2884,28.4837
2885,28.4571
2886,28.3958
2887,28.4152
2888,28.5134
2889,28.5215
2890,28.5498
2891,28.4634
2892,28.4846
2893,28.3726
2894,28.5421
2895,28.4802
2896,28.4439
2897,28.5359
2898,28.486
2899,28.5457
2900,28.3976
2901,28.5172
2902,28.4341
2903,28.4452
2904,28.3665
2905,28.394
2906,28.4326
2907,28.5419
2908,28.5587
2909,28.583
2910,28.5794
2911,28.5221
2912,28.4709
2913,28.468
2914,28.5004
2915,28.5199
2916,28.4354
2917,28.501
2918,28.4563
2919,28.4554
2920,28.4571
2921,28.3649
2922,28.5112
2923,28.5231
2924,28.5706
2925,28.5277
2926,28.5066
2927,28.4228
2928,28.4681
2929,28.4733
2930,28.6413
2931,28.3695
2932,28.4844
2933,28.4291
2934,28.5404
2935,28.5581
2936,28.4836
2937,28.5013
2938,28.5416
2939,28.6305
2940,28.6132
2941,28.6227
2942,28.5515
2943,28.6083
2944,28.61
2945,28.5771
2946,28.5017
2947,28.4475
2948,28.4784
2949,28.6088
2950,28.5758
2951,28.6588
2952,28.4194
2953,28.5187
2954,28.6367
2955,28.5498
2956,28.5149
2957,28.5314
2958,28.4352
2959,28.383
2960,28.3551
2961,28.4791
2962,28.4004
2963,28.5479
2964,28.5056
2965,28.5269
2966,28.6039
2967,28.5281
2968,28.4029
2969,28.5157
2970,28.5581
2971,28.536
2972,28.5128
2973,28.5565
2974,28.5763
2975,28.5193
2976,28.4937
2977,28.4733
2978,28.5439
2979,28.4595
2980,28.6331
2981,28.6212
2982,28.5648
2983,28.4717
2984,28.6032
2985,28.4958
2986,28.554
2987,28.4041
2988,28.3966
2989,28.3537
2990,28.4078
2991,28.5028
2992,28.4682
2993,28.4969
2994,28.4163
2995,28.3794
2996,28.4545
2997,28.3848
2998,28.3258
2999,28.4004
3000,28.5196
3001,28.4587
3002,28.4225
3003,28.4591
3004,28.2958
3005,28.3585
3006,28.371
3007,28.3962
3008,28.3734
3009,28.4921
3010,28.4396
3011,28.5316
3012,28.6224
3013,28.5471
3014,28.5419
3015,28.5931
3016,28.5884
3017,28.5338
3018,28.4366
3019,28.4731
3020,28.4585
3021,28.4519
3022,28.4813
3023,28.3817
3024,28.4725
3025,28.5367
3026,28.4543
3027,28.4908
3028,28.3485
3029,28.3333
3030,28.3658
3031,28.3972
3032,28.5479
3033,28.5307
3034,28.5782
3035,28.4098
3036,28.4187
3037,28.4047
3038,28.5512
3039,28.3775
3040,28.5731
3041,28.5412
3042,28.3888
3043,28.437
3044,28.4753
3045,28.6399
3046,28.4967
3047,28.4253
3048,28.449
3049,28.5289
3050,28.5609
3051,28.4828
3052,28.5092
3053,28.5244
3054,28.6562
3055,28.5585
3056,28.4755
3057,28.537
3058,28.4252
3059,28.4914
3060,28.487
3061,28.5707
3062,28.4071
3063,28.3387
3064,28.3164
3065,28.3158
3066,28.4484
3067,28.3786
3068,28.5001
3069,28.5327
3070,28.5028
3071,28.5015
3072,28.5336
3073,28.4948
3074,28.4776
3075,28.557
3076,28.4626
3077,28.5555
3078,28.5807
3079,28.3535
3080,28.3417
3081,28.3125
3082,28.3741
3083,28.3296
3084,28.3873
3085,28.3537
3086,28.3264
3087,28.3608
3088,28.3768
3089,28.3694
3090,28.4394
3091,28.4748
3092,28.48
3093,28.4233
3094,28.3453
3095,28.3476
3096,28.3951
3097,28.4604
3098,28.4576
3099,28.3947
3100,28.4209
3101,28.4323
3102,28.4288
3103,28.2918
3104,28.3006
3105,28.3639
3106,28.361
3107,28.4273
3108,28.2985
3109,28.4498
3110,28.3534
3111,28.3357
3112,28.4989
3113,28.4616
3114,28.4123
3115,28.4508
3116,28.2639
3117,28.2481
3118,28.3639
3119,28.2398
3120,28.264
3121,28.3657
3122,28.3434
3123,28.4176
3124,28.5594
3125,28.4281
3126,28.4317
3127,28.5116
3128,28.4804
3129,28.4485
3130,28.4086
3131,28.5457
3132,28.581
3133,28.5898
3134,28.4984
3135,28.4079
3136,28.3506
3137,28.2871
3138,28.353
3139,28.425
3140,28.2672
3141,28.3741
3142,28.4508
3143,28.3726
3144,28.4227
3145,28.4035
3146,28.3178
3147,28.3702
3148,28.4465
3149,28.4462
3150,28.306
3151,28.4352
3152,28.3256
3153,28.4305
3154,28.289
3155,28.3383
3156,28.4468
3157,28.4336
3158,28.4633
3159,28.5465
3160,28.3982
3161,28.3387
3162,28.3951
3163,28.5022
3164,28.4807
3165,28.5132
3166,28.5132
3167,28.5912
3168,28.5454
3169,28.5645
3170,28.5276
3171,28.5508
3172,28.5015
3173,28.624
3174,28.6596
3175,28.617
3176,28.7282
3177,28.6578
3178,28.5254
3179,28.4713
3180,28.477
3181,28.4799
3182,28.4505
3183,28.3495
3184,28.4632
3185,28.54
3186,28.5159
3187,28.5163
3188,28.4757
3189,28.5546
3190,28.4907
3191,28.552
3192,28.5557
3193,28.4383
3194,28.4599
3195,28.3423
3196,28.3776
3197,28.3983
3198,28.3231
3199,28.3054
3200,28.3387
3201,28.3156
3202,28.3073
3203,28.4454
3204,28.4089
3205,28.4186
3206,28.4735
3207,28.4537
3208,28.4397
3209,28.4509
3210,28.3703
3211,28.4659
3212,28.3375
3213,28.3082
3214,28.3405
3215,28.3964
3216,28.3507
3217,28.2429
3218,28.2518
3219,28.3072
3220,28.3
3221,28.3097
3222,28.3298
3223,28.2766
3224,28.3166
3225,28.3415
3226,28.2487
3227,28.2856
3228,28.3444
3229,28.3293
3230,28.2267
3231,28.3301
3232,28.3021
3233,28.3015
3234,28.3464
3235,28.3123
3236,28.2891
3237,28.3893
3238,28.3168
3239,28.294
3240,28.378
3241,28.394
3242,28.3733
3243,28.1536
3244,28.2165
3245,28.1995
3246,28.2201
3247,28.3133
3248,28.2739
3249,28.3041
3250,28.277
3251,28.3257
3252,28.4056
3253,28.2931
3254,28.291
3255,28.2232
3256,28.3578
3257,28.3634
3258,28.3704
3259,28.4036
3260,28.3538
3261,28.4091
3262,28.4319
3263,28.4251
3264,28.4097
3265,28.4382
3266,28.4143
3267,28.3463
3268,28.2596
3269,28.2466
3270,28.304
3271,28.3632
3272,28.464
3273,28.4459
3274,28.4308
3275,28.3428
3276,28.186
3277,28.0978
3278,28.176
3279,28.1925
3280,28.3404
3281,28.1624
3282,28.2615
3283,28.1769
3284,28.2339
3285,28.0871
3286,28.1197
3287,27.9826
3288,28.2181
3289,28.1584
3290,28.1823
3291,28.1726
3292,28.1383
3293,28.2216
3294,28.2698
3295,28.2681
3296,28.3131
3297,28.2375
3298,28.2603
3299,28.2632
3300,28.2658
3301,28.2605
3302,28.2622
3303,28.3126
3304,28.2708
3305,28.304
3306,28.2299
3307,28.2172
3308,28.1823
3309,28.2093
3310,28.164
3311,28.0878
3312,28.1336
3313,28.0832
3314,28.1461
3315,28.1542
3316,28.1802
3317,28.0841
3318,28.1717
3319,28.1856
3320,28.1563
3321,28.1464
3322,28.0357
3323,28.097
3324,28.1329
3325,28.068
3326,28.0721
3327,28.0575
3328,28.2217
3329,28.2574
3330,28.1982
3331,28.187
3332,28.1707
3333,28.1796
3334,28.2466
3335,28.1899
3336,28.1996
3337,28.2948
3338,28.1416
3339,28.1592
3340,28.2492
3341,28.2967
3342,28.2599
3343,28.2883
3344,28.2813
3345,28.1361
3346,28.3222
3347,28.1789
3348,28.1996
3349,28.3001
3350,28.2134
3351,28.2976
3352,28.2482
3353,28.247
3354,28.2558
3355,28.3074
3356,28.3174
3357,28.3819
3358,28.2736
3359,28.3446
3360,28.3865
3361,28.3027
3362,28.3484
3363,28.4137
3364,28.3254
3365,28.4819
3366,28.4035
3367,28.4053
3368,28.4464
3369,28.2489
3370,28.3703
3371,28.3882
3372,28.5194
3373,28.4009
3374,28.4067
3375,28.3418
3376,28.3245
3377,28.3263
3378,28.2993
3379,28.3393
3380,28.2208
3381,28.2824
3382,28.3463
3383,28.3959
3384,28.342
3385,28.3955
3386,28.4559
3387,28.338
3388,28.4222
3389,28.4855
3390,28.339
3391,28.4541
3392,28.3762
3393,28.2639
3394,28.2971
3395,28.299
3396,28.2572
3397,28.2963
3398,28.1906
3399,28.3352
3400,28.3811
3401,28.4172
3402,28.3619
3403,28.3147
3404,28.263
3405,28.3317
3406,28.3121
3407,28.1528
3408,28.3299
3409,28.3107
3410,28.3287
3411,28.3594
3412,28.2561
3413,28.2603
3414,28.3161
3415,28.3247
3416,28.236
3417,28.2467
3418,28.2287
3419,28.3069
3420,28.2474
3421,28.2522
3422,28.3904
3423,28.3541
3424,28.3984
3425,28.34
3426,28.2807
3427,28.1898
3428,28.3255
3429,28.1742
3430,28.1684
3431,28.2132
3432,28.19
3433,28.1723
3434,28.2225
3435,28.1582
3436,28.1593
3437,28.1642
3438,28.1847
3439,28.1863
3440,28.3625
3441,28.2245
3442,28.3147
3443,28.16
3444,28.2208
3445,28.1969
3446,28.1772
3447,28.1024
3448,28.1058
3449,28.1538
3450,28.1044
3451,28.2071
3452,28.2988
3453,28.2714
3454,28.2148
3455,28.1698
3456,28.16
3457,28.2319
3458,28.2541
3459,28.2079
3460,28.2997
3461,28.247
3462,28.2892
3463,28.1897
3464,28.3676
3465,28.3914
3466,28.4042
3467,28.4154
3468,28.2562
3469,28.4239
3470,28.3428
3471,28.3762
3472,28.4029
3473,28.4076
3474,28.4999
3475,28.4439
3476,28.3389
3477,28.2758
3478,28.1506
3479,28.1474
3480,28.28
3481,28.3629
3482,28.4335
3483,28.4139
3484,28.362
3485,28.4467
3486,28.4015
3487,28.1845
3488,28.28
3489,28.411
3490,28.3786
3491,28.2789
3492,28.5642
3493,28.4968
3494,28.4496
3495,28.2949
3496,28.2306
3497,28.2587
3498,28.288
3499,28.3426
3500,28.3314
3501,28.311
3502,28.4426
3503,28.3427
3504,28.3702
3505,28.3027
3506,28.3454
3507,28.3491
3508,28.3957
3509,28.3259
3510,28.3898
3511,28.4503
3512,28.4221
3513,28.4986
3514,28.4009
3515,28.4592
3516,28.5203
3517,28.4174
3518,28.5038
3519,28.4955
3520,28.5455
3521,28.5751
3522,28.6533
3523,28.5916
3524,28.6147
3525,28.6856
3526,28.6415
3527,28.5004
3528,28.4524
3529,28.6176
3530,28.5411
3531,28.5173
3532,28.5224
3533,28.5256
3534,28.4655
3535,28.4933
3536,28.5096
3537,28.3911
3538,28.2938
3539,28.3198
3540,28.3572
3541,28.3679
3542,28.3716
3543,28.4281
3544,28.4225
3545,28.3752
3546,28.3817
3547,28.3177
3548,28.3154
3549,28.3384
3550,28.2348
3551,28.2399
3552,28.4105
3553,28.3021
3554,28.3755
3555,28.3535
3556,28.3114
3557,28.2976
3558,28.4266
3559,28.3534
3560,28.4134
3561,28.4676
3562,28.4051
3563,28.4289
3564,28.4384
3565,28.2959
3566,28.4031
3567,28.4137
3568,28.3422
3569,28.3423
3570,28.3884
3571,28.3648
3572,28.4145
3573,28.4925
3574,28.414
3575,28.4429
3576,28.5868
3577,28.4137
3578,28.4075
3579,28.367
3580,28.3829
3581,28.3773
3582,28.4275
3583,28.3645
3584,28.3642
3585,28.3572
3586,28.3477
3587,28.361
3588,28.3127
3589,28.3295
3590,28.3982
3591,28.4273
3592,28.4742
3593,28.4795
3594,28.4006
3595,28.3376
3596,28.4333
3597,28.3241
3598,28.4949
3599,28.5225
3600,28.296
3601,28.464
3602,28.3142
3603,28.3803
3604,28.3431
3605,28.3524
3606,28.2783
3607,28.3071
3608,28.2112
3609,28.2188
3610,28.237
3611,28.2344
3612,28.2707
3613,28.2911
3614,28.2752
3615,28.235
3616,28.3354
3617,28.2925
3618,28.235
3619,28.4002
3620,28.4634
3621,28.39
3622,28.3119
3623,28.3217
3624,28.474
3625,28.4774
3626,28.486
3627,28.4756
3628,28.328
3629,28.4473
3630,28.4025
3631,28.4341
3632,28.4379
3633,28.4697
3634,28.4384
3635,28.4759
3636,28.465
3637,28.4183
3638,28.3868
3639,28.3629
3640,28.4573
3641,28.4374
3642,28.4386
3643,28.4758
3644,28.456
3645,28.4951
3646,28.3467
3647,28.3556
3648,28.4577
3649,28.4455
3650,28.3709
3651,28.3754
3652,28.3833
3653,28.4085
3654,28.533
3655,28.3277
3656,28.3362
3657,28.387
3658,28.4691
3659,28.3708
3660,28.4321
3661,28.4336
3662,28.3835
3663,28.266
3664,28.3305
3665,28.4539
3666,28.4082
3667,28.3485
3668,28.4159
3669,28.3912
3670,28.3794
3671,28.3895
3672,28.3182
3673,28.2314
3674,28.2251
3675,28.1903
3676,28.1953
3677,28.2075
3678,28.2922
3679,28.2619
3680,28.2597
3681,28.3242
3682,28.3243
3683,28.2833
3684,28.3285
3685,28.308
3686,28.2683
3687,28.27
3688,28.3039
3689,28.3634
3690,28.3596
3691,28.3847
3692,28.3724
3693,28.4369
3694,28.3543
3695,28.373
3696,28.3929
3697,28.3661
3698,28.3322
3699,28.3721
3700,28.2809
3701,28.2792
3702,28.3408
3703,28.2559
3704,28.2782
3705,28.3343
3706,28.2023
3707,28.1617
3708,28.2277
3709,28.3175
3710,28.3502
3711,28.3354
3712,28.3081
3713,28.3085
3714,28.3042
3715,28.3015
3716,28.3364
3717,28.3973
3718,28.3915
3719,28.2377
3720,28.2882
3721,28.3589
3722,28.3481
3723,28.3849
3724,28.2978
3725,28.3237
3726,28.31
3727,28.2644
3728,28.3413
3729,28.3273
3730,28.3321
3731,28.2659
3732,28.3332
3733,28.2802
3734,28.3156
3735,28.3142
3736,28.2819
3737,28.3574
3738,28.402
3739,28.4929
3740,28.4354
3741,28.4166
3742,28.3464
3743,28.2948
3744,28.3188
3745,28.4104
3746,28.328
3747,28.395
3748,28.4938
3749,28.3784
3750,28.3952
3751,28.4036
3752,28.4206
3753,28.3419
3754,28.4258
3755,28.3647
3756,28.4795
3757,28.4134
3758,28.5223
3759,28.3971
3760,28.371
3761,28.3799
3762,28.238
3763,28.3429
3764,28.3196
3765,28.2983
3766,28.3388
3767,28.2519
3768,28.2114
3769,28.2635
3770,28.2978
3771,28.3254
3772,28.4096
3773,28.3239
3774,28.3637
3775,28.3054
3776,28.3746
3777,28.3237
3778,28.2973
3779,28.3277
3780,28.3582
3781,28.3702
3782,28.2275
3783,28.3534
3784,28.3855
3785,28.2706
3786,28.4023
3787,28.3783
3788,28.5201
3789,28.5275
3790,28.4102
3791,28.4989
3792,28.3731
3793,28.3818
3794,28.4553
3795,28.4471
3796,28.339
3797,28.3086
3798,28.2398
3799,28.2531
3800,28.3229
3801,28.3992
3802,28.4209
3803,28.3791
3804,28.3048
3805,28.2939
3806,28.2751
3807,28.2323
3808,28.2745
3809,28.2883
3810,28.2634
3811,28.3456
3812,28.4514
3813,28.3469
3814,28.3977
3815,28.4993
3816,28.4199
3817,28.4014
3818,28.3826
3819,28.3883
3820,28.4286
3821,28.4478
3822,28.4212
3823,28.3956
3824,28.3259
3825,28.2809
3826,28.272
3827,28.2608
3828,28.2199
3829,28.1812
3830,28.1651
3831,28.2498
3832,28.3739
3833,28.2675
3834,28.2407
3835,28.3515
3836,28.3091
3837,28.4179
3838,28.2833
3839,28.2787
3840,28.2883
3841,28.238
3842,28.2945
3843,28.2265
3844,28.2204
3845,28.2042
3846,28.1539
3847,28.2616
3848,28.2257
3849,28.1772
3850,28.2901
3851,28.2259
3852,28.1892
3853,28.1795
3854,28.1676
3855,28.3027
3856,28.298
3857,28.1665
3858,28.2607
3859,28.2678
3860,28.1792
3861,28.1695
3862,28.0892
3863,28.1169
3864,28.1821
3865,28.0561
3866,28.1672
3867,28.2395
3868,28.2094
3869,28.2775
3870,28.2517
3871,28.1922
3872,28.196
3873,28.3297
3874,28.2796
3875,28.2559
3876,28.3976
3877,28.2966
3878,28.3199
3879,28.2947
3880,28.3279
3881,28.4089
3882,28.2873
3883,28.3022
3884,28.2757
3885,28.2102
3886,28.1746
3887,28.1609
3888,28.2469
3889,28.1726
3890,28.1023
3891,28.1574
3892,28.1625
3893,28.1382
3894,28.1076
3895,28.1856
3896,28.2433
3897,28.2644
3898,28.4245
3899,28.3625
3900,28.4251
3901,28.4102
3902,28.3785
3903,28.4013
3904,28.3378
3905,28.3943
3906,28.3042
3907,28.3549
3908,28.3549
3909,28.2534
3910,28.2986
3911,28.2416
3912,28.346
3913,28.3793
3914,28.3168
3915,28.2403
3916,28.3225
3917,28.3093
3918,28.249
3919,28.4017
3920,28.3329
3921,28.3857
3922,28.3497
3923,28.302
3924,28.2376
3925,28.2951
3926,28.2733
3927,28.252
3928,28.2859
3929,28.2533
3930,28.1837
3931,28.1944
3932,28.2073
3933,28.3288
3934,28.4432
3935,28.4145
3936,28.3803
3937,28.4097
3938,28.3366
3939,28.3462
3940,28.3771
3941,28.3591
3942,28.3576
3943,28.2868
3944,28.3901
3945,28.4008
3946,28.4365
3947,28.3813
3948,28.3724
3949,28.3698
3950,28.3192
3951,28.301
3952,28.3158
3953,28.3751
3954,28.3626
3955,28.3034
3956,28.3561
3957,28.2618
3958,28.3226
3959,28.3308
3960,28.2925
3961,28.3236
3962,28.3205
3963,28.2845
3964,28.3682
3965,28.3755
3966,28.473
3967,28.2887
3968,28.3324
3969,28.2819
3970,28.22
3971,28.2588
3972,28.1983
3973,28.3292
3974,28.3358
3975,28.352
3976,28.3107
3977,28.2826
3978,28.3426
3979,28.4565
3980,28.3437
3981,28.3613
3982,28.2583
3983,28.1761
3984,28.2354
3985,28.2728
3986,28.2641
3987,28.2335
3988,28.2614
3989,28.3774
3990,28.3857
3991,28.3384
3992,28.3696
3993,28.3756
3994,28.3298
3995,28.3653
3996,28.4573
3997,28.361
3998,28.4077
3999,28.2631
4000,28.2514
4001,28.2838
4002,28.3395
4003,28.3247
4004,28.2637
4005,28.294
4006,28.2602
4007,28.245
4008,28.3317
4009,28.1835
4010,28.1588
4011,28.1783
4012,28.182
4013,28.1279
4014,28.2014
4015,28.1776
4016,28.2496
4017,28.2235
4018,28.3735
4019,28.3431
4020,28.3182
4021,28.3478
4022,28.3277
4023,28.316
4024,28.3575
4025,28.3166
4026,28.3979
4027,28.4101
4028,28.2681
4029,28.2941
4030,28.3602
4031,28.4158
4032,28.3998
4033,28.2833
4034,28.3045
4035,28.4569
4036,28.4243
4037,28.3901
4038,28.2606
4039,28.4677
4040,28.4251
4041,28.3485
4042,28.2311
4043,28.2561
4044,28.3055
4045,28.3597
4046,28.2461
4047,28.2372
4048,28.3419
4049,28.2997
4050,28.3556
4051,28.3899
4052,28.3401
4053,28.3881
4054,28.3029
4055,28.3554
4056,28.3047
4057,28.2815
4058,28.3788
4059,28.214
4060,28.2226
4061,28.1569
4062,28.1537
4063,28.151
4064,28.2875
4065,28.262
4066,28.1755
4067,28.1946
4068,28.1718
4069,28.2332
4070,28.1912
4071,28.1243
4072,28.173
4073,28.1979
4074,28.2136
4075,28.227
4076,28.1559
4077,28.1332
4078,28.217
4079,28.3217
4080,28.2757
4081,28.2665
4082,28.3487
4083,28.3181
4084,28.3232
4085,28.3315
4086,28.3667
4087,28.3388
4088,28.313
4089,28.285
4090,28.2215
4091,28.2747
4092,28.3099
4093,28.2614
4094,28.262
4095,28.2639
4096,28.2816
4097,28.3841
4098,28.2752
4099,28.2011
4100,28.272
4101,28.1775
4102,28.1068
4103,28.2762
4104,28.2517
4105,28.4191
4106,28.3564
4107,28.3296
4108,28.38
4109,28.3463
4110,28.2762
4111,28.224
4112,28.1862
4113,28.0972
4114,28.3188
4115,28.2699
4116,28.412
4117,28.3141
4118,28.3725
4119,28.3346
4120,28.3136
4121,28.2515
4122,28.2264
4123,28.2556
4124,28.2312
4125,28.3394
4126,28.1702
4127,28.1943
4128,28.2238
4129,28.2085
4130,28.2282
4131,28.2785
4132,28.1613
4133,28.1663
4134,28.1967
4135,28.1949
4136,28.2465
4137,28.1978
4138,28.1518
4139,28.1092
4140,28.2542
4141,28.1966
4142,28.1797
4143,28.2094
4144,28.2374
4145,28.2783
4146,28.2355
4147,28.1791
4148,28.2368
4149,28.2237
4150,28.2757
4151,28.2196
4152,28.3104
4153,28.3269
4154,28.3071
4155,28.3067
4156,28.3619
4157,28.4119
4158,28.3242
4159,28.4076
4160,28.3506
4161,28.274
4162,28.3955
4163,28.5342
4164,28.409
4165,28.4377
4166,28.3707
4167,28.398
4168,28.3764
4169,28.4147
4170,28.4274
4171,28.4202
4172,28.4816
4173,28.555
4174,28.5113
4175,28.5411
4176,28.4313
4177,28.5244
4178,28.4549
4179,28.5117
4180,28.5643
4181,28.4727
4182,28.5165
4183,28.3732
4184,28.4243
4185,28.4184
4186,28.4159
4187,28.4043
4188,28.3534
4189,28.356
4190,28.4044
4191,28.3527
4192,28.2789
4193,28.325
4194,28.3621
4195,28.3582
4196,28.3335
4197,28.4613
4198,28.2538
4199,28.253
4200,28.3554
4201,28.3926
4202,28.4239
4203,28.3199
4204,28.2692
4205,28.4221
4206,28.3664
4207,28.3055
4208,28.3767
4209,28.4278
4210,28.4259
4211,28.4026
4212,28.4579
4213,28.4161
4214,28.4424
4215,28.382
4216,28.3918
4217,28.3836
4218,28.4662
4219,28.5364
4220,28.5005
4221,28.3514
4222,28.3911
4223,28.2782
4224,28.3023
4225,28.3167
4226,28.4238
4227,28.4259
4228,28.2717
4229,28.3171
4230,28.3799
4231,28.4807
4232,28.6093
4233,28.6239
4234,28.6112
4235,28.6425
4236,28.6667
4237,28.6399
4238,28.6217
4239,28.6158
4240,28.6503
4241,28.7941
4242,28.707
4243,28.654
4244,28.737
4245,28.6115
4246,28.5225
4247,28.4968
4248,28.5
4249,28.4529
4250,28.4874
4251,28.5425
4252,28.5083
4253,28.4353
4254,28.4253
4255,28.6206
4256,28.6033
4257,28.6055
4258,28.7429
4259,28.6931
4260,28.6456
4261,28.6267
4262,28.6332
4263,28.6594
4264,28.5863
4265,28.5683
4266,28.7552
4267,28.7124
4268,28.6464
4269,28.7591
4270,28.5906
4271,28.5456
4272,28.7031
4273,28.5937
4274,28.6386
4275,28.6608
4276,28.7154
4277,28.7486
4278,28.6606
4279,28.7116
4280,28.6837
4281,28.633
4282,28.5727
4283,28.6322
4284,28.7496
4285,28.6815
4286,28.6501
4287,28.6782
4288,28.5164
4289,28.426
4290,28.5732
4291,28.5716
4292,28.6103
4293,28.5914
4294,28.6569
4295,28.6
4296,28.7384
4297,28.5826
4298,28.6995
4299,28.5805
4300,28.6511
4301,28.4413
4302,28.5641
4303,28.5642
4304,28.5561
4305,28.6047
4306,28.6679
4307,28.6545
4308,28.6687
4309,28.5821
4310,28.4994
4311,28.4385
4312,28.4543
4313,28.481
4314,28.4554
4315,28.537
4316,28.5659
4317,28.4337
4318,28.4498
4319,28.4853
4320,28.4389
4321,28.376
4322,28.46
4323,28.5491
4324,28.5533
4325,28.4866
4326,28.4091
4327,28.4308
4328,28.4575
4329,28.4052
4330,28.4263
4331,28.5178
4332,28.3637
4333,28.3972
4334,28.5863
4335,28.4863
4336,28.4864
4337,28.565
4338,28.4896
4339,28.4222
4340,28.4778
4341,28.4487
4342,28.5601
4343,28.4747
4344,28.4883
4345,28.3884
4346,28.3578
4347,28.5062
4348,28.368
4349,28.4576
4350,28.401
4351,28.4037
4352,28.318
4353,28.4387
4354,28.5589
4355,28.5042
4356,28.3787
4357,28.3604
4358,28.3399
4359,28.242
4360,28.2894
4361,28.2351
4362,28.2169
4363,28.2042
4364,28.1804
4365,28.4051
4366,28.3333
4367,28.4759
4368,28.4221
4369,28.4489
4370,28.2835
4371,28.354
4372,28.2795
4373,28.3384
4374,28.2967
4375,28.2294
4376,28.2911
4377,28.3757
4378,28.2441
4379,28.3214
4380,28.4132
4381,28.4456
4382,28.4049
4383,28.4661
4384,28.4595
4385,28.5549
4386,28.475
4387,28.4633
4388,28.4503
4389,28.4696
4390,28.5932
4391,28.5152
4392,28.6888
4393,28.4622
4394,28.4846
4395,28.4122
4396,28.4977
4397,28.5686
4398,28.6066
4399,28.5656
4400,28.5473
4401,28.3651
4402,28.4735
4403,28.4407
4404,28.4251
4405,28.3898
4406,28.4536
4407,28.4469
4408,28.4065
4409,28.444
4410,28.4523
4411,28.4579
4412,28.5649
4413,28.6354
4414,28.5485
4415,28.6165
4416,28.6114
4417,28.5315
4418,28.5307
4419,28.503
4420,28.4386
4421,28.4672
4422,28.4104
4423,28.4102
4424,28.5565
4425,28.4974
4426,28.5277
4427,28.4391
4428,28.4766
4429,28.5597
4430,28.5319
4431,28.5533
4432,28.3801
4433,28.4441
4434,28.4254
4435,28.3744
4436,28.3358
4437,28.4047
4438,28.469
4439,28.4665
4440,28.5138
4441,28.4687
4442,28.4988
4443,28.4802
4444,28.3631
4445,28.3651
4446,28.3573
4447,28.4531
4448,28.5066
4449,28.4639
4450,28.4595
4451,28.5157
4452,28.4704
4453,28.4788
4454,28.4313
4455,28.4483
4456,28.438
4457,28.427
4458,28.3592
4459,28.3931
4460,28.3497
4461,28.4995
4462,28.5249
4463,28.295
4464,28.4808
4465,28.4439
4466,28.3141
4467,28.3314
4468,28.346
4469,28.2719
4470,28.3258
4471,28.2986
4472,28.3272
4473,28.4664
4474,28.3986
4475,28.5136
4476,28.4793
4477,28.5785
4478,28.4414
4479,28.4579
4480,28.4661
4481,28.4381
4482,28.537
4483,28.5118
4484,28.5113
4485,28.5655
4486,28.4502
4487,28.5277
4488,28.4877
4489,28.4871
4490,28.5146
4491,28.5525
4492,28.4772
4493,28.3509
4494,28.3786
4495,28.2934
4496,28.3316
4497,28.3011
4498,28.4452
4499,28.4077
4500,28.388
4501,28.3961
4502,28.3603
4503,28.3498
4504,28.4131
4505,28.3217
4506,28.3772
4507,28.4381
4508,28.3879
4509,28.4815
4510,28.289
4511,28.3392
4512,28.5147
4513,28.4536
4514,28.3558
4515,28.3514
4516,28.3177
4517,28.3431
4518,28.4993
4519,28.3402
4520,28.4372
4521,28.4741
4522,28.2722
4523,28.3303
4524,28.3656
4525,28.4739
4526,28.4616
4527,28.3243
4528,28.3287
4529,28.3211
4530,28.292
4531,28.2735
4532,28.2717
4533,28.383
4534,28.3912
4535,28.3873
4536,28.3314
4537,28.4158
4538,28.467
4539,28.2951
4540,28.3133
4541,28.3408
4542,28.2897
4543,28.3493
4544,28.365
4545,28.316
4546,28.3036
4547,28.3756
4548,28.3127
4549,28.2659
4550,28.2725
4551,28.2329
4552,28.3311
4553,28.2292
4554,28.2869
4555,28.1982
4556,28.2691
4557,28.3114
4558,28.2725
4559,28.312
4560,28.3003
4561,28.3993
4562,28.3385
4563,28.3419
4564,28.3575
4565,28.3915
4566,28.3141
4567,28.3475
4568,28.39
4569,28.3428
4570,28.3749
4571,28.5583
4572,28.5959
4573,28.4971
4574,28.487
4575,28.3339
4576,28.3818
4577,28.461
4578,28.4424
4579,28.42
4580,28.3601
4581,28.3494
4582,28.4411
4583,28.5537
4584,28.4616
4585,28.472
4586,28.4989
4587,28.5834
4588,28.5535
4589,28.5578
4590,28.5218
4591,28.5117
4592,28.47
4593,28.4531
4594,28.382
4595,28.4322
4596,28.5207
4597,28.4148
4598,28.4539
4599,28.4513
4600,28.4718
4601,28.6176
4602,28.368
4603,28.4151
4604,28.5291
4605,28.5604
4606,28.5804
4607,28.5006
4608,28.4566
4609,28.4921
4610,28.6077
4611,28.5505
4612,28.3789
4613,28.4953
4614,28.5354
4615,28.499
4616,28.4161
4617,28.4514
4618,28.4553
4619,28.4965
4620,28.4255
4621,28.4497
4622,28.5331
4623,28.5833
4624,28.6458
4625,28.5967
4626,28.5811
4627,28.6508
4628,28.5054
4629,28.5313
4630,28.5936
4631,28.5706
4632,28.5335
4633,28.5272
4634,28.5674
4635,28.6002
4636,28.5939
4637,28.5583
4638,28.5654
4639,28.5247
4640,28.56
4641,28.4653
4642,28.4221
4643,28.4661
4644,28.4536
4645,28.455
4646,28.4438
4647,28.5222
4648,28.5168
4649,28.4584
4650,28.4716
4651,28.4883
4652,28.5146
4653,28.5177
4654,28.5017
4655,28.5005
4656,28.5885
4657,28.5151
4658,28.5917
4659,28.4713
4660,28.4982
4661,28.4605
4662,28.4393
4663,28.4612
4664,28.4943
4665,28.4978
4666,28.5075
4667,28.5679
4668,28.5784
4669,28.4547
4670,28.4276
4671,28.3992
4672,28.4804
4673,28.3547
4674,28.3888
4675,28.3993
4676,28.4565
4677,28.4476
4678,28.3624
4679,28.3923
4680,28.5253
4681,28.3986
4682,28.4193
4683,28.358
4684,28.416
4685,28.3754
4686,28.4174
4687,28.4491
4688,28.4238
4689,28.3585
4690,28.3448
4691,28.3511
4692,28.4986
4693,28.3997
4694,28.5602
4695,28.4992
4696,28.4676
4697,28.4302
4698,28.596
4699,28.4893
4700,28.5389
4701,28.4546
4702,28.3863
4703,28.5673
4704,28.6282
4705,28.5326
4706,28.4727
4707,28.5642
4708,28.6215
4709,28.605
4710,28.5312
4711,28.5438
4712,28.5261
4713,28.5004
4714,28.5954
4715,28.599
4716,28.5581
4717,28.5482
4718,28.564
4719,28.3818
4720,28.4826
4721,28.4931
4722,28.3857
4723,28.4528
4724,28.398
4725,28.4313
4726,28.41
4727,28.4445
4728,28.3385
4729,28.4487
4730,28.3255
4731,28.4134
4732,28.2959
4733,28.413
4734,28.3455
4735,28.5496
4736,28.4507
4737,28.3913
4738,28.5351
4739,28.4565
4740,28.3279
4741,28.3579
4742,28.4795
4743,28.4744
4744,28.4605
4745,28.4448
4746,28.4679
4747,28.4865
4748,28.5757
4749,28.4172
4750,28.4283
4751,28.5147
4752,28.4704
4753,28.4075
4754,28.3868
4755,28.48
4756,28.3764
4757,28.5255
4758,28.6237
4759,28.4853
4760,28.5224
4761,28.3874
4762,28.5106
4763,28.4274
4764,28.4247
4765,28.4631
4766,28.4922
4767,28.4914
4768,28.4822
4769,28.3668
4770,28.4184
4771,28.5872
4772,28.4862
4773,28.4796
4774,28.4642
4775,28.4516
4776,28.5613
4777,28.4686
4778,28.5447
4779,28.5373
4780,28.4539
4781,28.4399
4782,28.3292
4783,28.4152
4784,28.3014
4785,28.3116
4786,28.3085
4787,28.3954
4788,28.3515
4789,28.3466
4790,28.3728
4791,28.4328
4792,28.3293
4793,28.4226
4794,28.3588
4795,28.4183
4796,28.3532
4797,28.3098
4798,28.3329
4799,28.437
4800,28.2596
4801,28.3361
4802,28.2988
4803,28.3882
4804,28.3105
4805,28.4227
4806,28.4382
4807,28.4096
4808,28.3118
4809,28.4524
4810,28.4482
4811,28.4613
4812,28.5401
4813,28.4865
4814,28.3535
4815,28.4272
4816,28.4345
4817,28.3855
4818,28.3481
4819,28.2539
4820,28.3496
4821,28.3525
4822,28.3797
4823,28.3089
4824,28.4079
4825,28.4973
4826,28.4263
4827,28.3896
4828,28.3049
4829,28.3202
4830,28.3329
4831,28.254
4832,28.3277
4833,28.3404
4834,28.2839
4835,28.3461
4836,28.3157
4837,28.1717
4838,28.2953
4839,28.2443
4840,28.4029
4841,28.3488
4842,28.2619
4843,28.2374
4844,28.2288
4845,28.2626
4846,28.2362
4847,28.4738
4848,28.417
4849,28.3206
4850,28.3058
4851,28.3271
4852,28.3484
4853,28.4427
4854,28.363
4855,28.3536
4856,28.3601
4857,28.3408
4858,28.4021
4859,28.3382
4860,28.4176
4861,28.4039
4862,28.5518
4863,28.3519
4864,28.4612
4865,28.391
4866,28.5053
4867,28.4499
4868,28.5121
4869,28.4815
4870,28.4157
4871,28.4102
4872,28.3523
4873,28.3997
4874,28.3796
4875,28.4314
4876,28.4742
4877,28.5004
4878,28.4539
4879,28.3813
4880,28.3302
4881,28.4727
4882,28.3794
4883,28.4156
4884,28.4432
4885,28.2905
4886,28.3316
4887,28.4715
4888,28.3755
4889,28.3532
4890,28.4277
4891,28.4447
4892,28.4966
4893,28.4869
4894,28.5023
4895,28.4651
4896,28.5124
4897,28.5229
4898,28.6732
4899,28.816
4900,28.6027
4901,28.5986
4902,28.5361
4903,28.6005
4904,28.4563
4905,28.5024
4906,28.4685
4907,28.5868
4908,28.553
4909,28.6124
4910,28.5845
4911,28.5109
4912,28.4214
4913,28.4716
4914,28.4526
4915,28.3627
4916,28.3952
4917,28.5756
4918,28.5671
4919,28.545
4920,28.5142
4921,28.5769
4922,28.4565
4923,28.4584
4924,28.5352
4925,28.3768
4926,28.3685
4927,28.5259
4928,28.5253
4929,28.4166
4930,28.4874
4931,28.4304
4932,28.4273
4933,28.41
4934,28.3841
4935,28.4211
4936,28.447
4937,28.4312
4938,28.4646
4939,28.4374
4940,28.4882
4941,28.3659
4942,28.4412
4943,28.4485
4944,28.363
4945,28.5171
4946,28.4046
4947,28.4449
4948,28.335
4949,28.424
4950,28.3512
4951,28.3936
4952,28.5043
4953,28.4459
4954,28.4411
4955,28.5063
4956,28.4913
4957,28.5107
4958,28.3718
4959,28.4281
4960,28.4734
4961,28.3767
4962,28.3586
4963,28.4321
4964,28.3861
4965,28.458
4966,28.4461
4967,28.3723
4968,28.3148
4969,28.4262
4970,28.4601
4971,28.4028
4972,28.3689
4973,28.4278
4974,28.4041
4975,28.2997
4976,28.3303
4977,28.3607
4978,28.2967
4979,28.4399
4980,28.4004
4981,28.4162
4982,28.3516
4983,28.3621
4984,28.5158
4985,28.3251
4986,28.4666
4987,28.32
4988,28.3717
4989,28.3318
4990,28.2361
4991,28.2412
4992,28.2888
4993,28.3579
4994,28.3114
4995,28.2437
4996,28.2
4997,28.2172
4998,28.1989
4999,28.2414
5000,28.1769
5001,28.1302
5002,28.1839
5003,28.3219
5004,28.285
5005,28.3304
5006,28.4571
5007,28.3687
5008,28.3
5009,28.2285
5010,28.3439
5011,28.3393
5012,28.2972
5013,28.3685
5014,28.3214
5015,28.2925
5016,28.2828
5017,28.2885
5018,28.2707
5019,28.3716
5020,28.4225
5021,28.2595
5022,28.288
5023,28.3302
5024,28.3362
5025,28.2931
5026,28.415
5027,28.3241
5028,28.3632
5029,28.2854
5030,28.4515
5031,28.3373
5032,28.5504
5033,28.4401
5034,28.4149
5035,28.4062
5036,28.3541
5037,28.4184
5038,28.3642
5039,28.3198
5040,28.3391
5041,28.316
5042,28.4365
5043,28.5229
5044,28.3778
5045,28.3649
5046,28.3242
5047,28.3947
5048,28.4276
5049,28.4293
5050,28.2657
5051,28.4419
5052,28.3753
5053,28.3259
5054,28.2711
5055,28.3473
5056,28.3644
5057,28.5031
5058,28.3736
5059,28.436
5060,28.4637
5061,28.4938
5062,28.4726
5063,28.4816
5064,28.4722
5065,28.5124
5066,28.4535
5067,28.4781
5068,28.444
5069,28.4166
5070,28.4374
5071,28.4656
5072,28.3977
5073,28.2713
5074,28.3574
5075,28.3361
5076,28.3645
5077,28.4365
5078,28.346
5079,28.2953
5080,28.3351
5081,28.3422
5082,28.3387
5083,28.3192
5084,28.2822
5085,28.3219
5086,28.2736
5087,28.4062
5088,28.4315
5089,28.4375
5090,28.4087
5091,28.3518
5092,28.3521
5093,28.3594
5094,28.3622
5095,28.3356
5096,28.3271
5097,28.3478
5098,28.3622
5099,28.4179
5100,28.3621
5101,28.4039
5102,28.2487
5103,28.4045
5104,28.3029
5105,28.4429
5106,28.3604
5107,28.4035
5108,28.4806
5109,28.4082
5110,28.3941
5111,28.3874
5112,28.3608
5113,28.4838
5114,28.3264
5115,28.256
5116,28.3288
5117,28.4354
5118,28.4239
5119,28.4571
5120,28.336
5121,28.3928
5122,28.366
5123,28.3793
5124,28.3414
5125,28.3049
5126,28.4155
5127,28.4683
5128,28.5546
5129,28.4308
5130,28.3642
5131,28.5001
5132,28.4297
5133,28.4919
5134,28.4525
5135,28.4239
5136,28.5128
5137,28.4943
5138,28.4215
5139,28.4383
5140,28.4545
5141,28.4967
5142,28.4847
5143,28.5001
5144,28.4296
5145,28.4348
5146,28.3147
5147,28.5094
5148,28.3661
5149,28.3675
5150,28.4064
5151,28.5059
5152,28.4793
5153,28.4754
5154,28.4871
5155,28.4307
5156,28.5069
5157,28.4331
5158,28.4828
5159,28.4536
5160,28.368
5161,28.4534
5162,28.5328
5163,28.5323
5164,28.4033
5165,28.513
5166,28.5074
5167,28.3858
5168,28.421
5169,28.4228
5170,28.3761
5171,28.2884
5172,28.377
5173,28.284
5174,28.3132
5175,28.2252
5176,28.345
5177,28.3257
5178,28.3606
5179,28.5178
5180,28.5053
5181,28.4161
5182,28.4014
5183,28.3898
5184,28.4471
5185,28.4568
5186,28.393
5187,28.4873
5188,28.3542
5189,28.3834
5190,28.3064
5191,28.4683
5192,28.3863
5193,28.5064
5194,28.431
5195,28.3972
5196,28.3923
5197,28.3773
5198,28.3675
5199,28.4015
5200,28.3917
5201,28.3407
5202,28.4601
5203,28.4922
5204,28.5078
5205,28.4806
5206,28.483
5207,28.4063
5208,28.4727
5209,28.4513
5210,28.3776
5211,28.5208
5212,28.507
5213,28.5296
5214,28.6268
5215,28.6199
5216,28.4932
5217,28.5461
5218,28.6066
5219,28.3934
5220,28.4632
5221,28.4904
5222,28.522
5223,28.506
5224,28.5814
5225,28.4668
5226,28.5907
5227,28.5875
5228,28.51
5229,28.4064
5230,28.5218
5231,28.5026
5232,28.5447
5233,28.5978
5234,28.5366
5235,28.4089
5236,28.5436
5237,28.5217
5238,28.4408
5239,28.539
5240,28.6039
5241,28.5333
5242,28.5859
5243,28.4433
5244,28.539
5245,28.4742
5246,28.4699
5247,28.4894
5248,28.4725
5249,28.5336
5250,28.5002
5251,28.5307
5252,28.5612
5253,28.5749
5254,28.5677
5255,28.5797
5256,28.5101
5257,28.4935
5258,28.5476
5259,28.5349
5260,28.5352
5261,28.4801
5262,28.6738
5263,28.5972
5264,28.6465
5265,28.6516
5266,28.7783
5267,28.7302
5268,28.7204
5269,28.7386
5270,28.685
5271,28.649
5272,28.5445
5273,28.6844
5274,28.6601
5275,28.5913
5276,28.6427
5277,28.764
5278,28.6854
5279,28.5806
5280,28.5537
5281,28.4837
5282,28.4753
5283,28.5027
5284,28.4766
5285,28.4431
5286,28.4572
5287,28.5086
5288,28.5468
5289,28.5588
5290,28.5644
5291,28.6183
5292,28.5397
5293,28.6052
5294,28.5534
5295,28.5955
5296,28.6508
5297,28.5609
5298,28.5273
5299,28.5757
5300,28.6761
5301,28.5404
5302,28.4914
5303,28.4513
5304,28.4129
5305,28.4205
5306,28.4516
5307,28.4102
5308,28.4396
5309,28.4577
5310,28.4116
5311,28.3904
5312,28.4095
5313,28.4101
5314,28.3604
5315,28.3984
5316,28.4142
5317,28.4338
5318,28.2715
5319,28.3842
5320,28.2518
5321,28.2197
5322,28.2608
5323,28.2994
5324,28.363
5325,28.2914
5326,28.2293
5327,28.2312
5328,28.2724
5329,28.2976
5330,28.3026
5331,28.3263
5332,28.2326
5333,28.3692
5334,28.3068
5335,28.3011
5336,28.3253
5337,28.433
5338,28.4612
5339,28.3476
5340,28.2911
5341,28.3746
5342,28.3419
5343,28.4105
5344,28.4731
5345,28.4031
5346,28.4832
5347,28.3867
5348,28.5069
5349,28.347
5350,28.4748
5351,28.4457
5352,28.3458
5353,28.4476
5354,28.382
5355,28.3945
5356,28.3905
5357,28.4747
5358,28.4666
5359,28.3702
5360,28.289
5361,28.3241
5362,28.3149
5363,28.3569
5364,28.2834
5365,28.3093
5366,28.253
5367,28.2681
5368,28.2869
5369,28.3738
5370,28.3919
5371,28.3649
5372,28.2112
5373,28.2163
5374,28.2346
5375,28.2028
5376,28.2335
5377,28.2683
5378,28.3054
5379,28.3281
5380,28.2911
5381,28.2322
5382,28.3941
5383,28.4822
5384,28.3057
5385,28.3095
5386,28.3657
5387,28.379
5388,28.2459
5389,28.3317
5390,28.3389
5391,28.2654
5392,28.3394
5393,28.2961
5394,28.3049
5395,28.3038
5396,28.2367
5397,28.2451
5398,28.2012
5399,28.2306
5400,28.204
5401,28.2314
5402,28.1641
5403,28.2751
5404,28.2493
5405,28.2864
5406,28.169
5407,28.3492
5408,28.2875
5409,28.2165
5410,28.2688
5411,28.2819
5412,28.3423
5413,28.3676
5414,28.3488
5415,28.2536
5416,28.2595
5417,28.3449
5418,28.4422
5419,28.3372
5420,28.3397
5421,28.2028
5422,28.2633
5423,28.2979
5424,28.2943
5425,28.3437
5426,28.2681
5427,28.278
5428,28.3109
5429,28.2554
5430,28.2465
5431,28.3035
5432,28.2644
5433,28.1983
5434,28.2086
5435,28.2355
5436,28.2505
5437,28.301
5438,28.0983
5439,28.199
5440,28.2994
5441,28.2629
5442,28.2934
5443,28.3629
5444,28.3563
5445,28.5474
5446,28.398
5447,28.4409
5448,28.4309
5449,28.3891
5450,28.4073
5451,28.3921
5452,28.3486
5453,28.3211
5454,28.3592
5455,28.3021
5456,28.3566
5457,28.2995
5458,28.3992
5459,28.4505
5460,28.4393
5461,28.4381
5462,28.3734
5463,28.4129
5464,28.2726
5465,28.3984
5466,28.3511
5467,28.3832
5468,28.3552
5469,28.3626
5470,28.363
5471,28.3906
5472,28.4021
5473,28.3045
5474,28.4178
5475,28.1879
5476,28.3169
5477,28.3564
5478,28.4001
5479,28.3599
5480,28.285
5481,28.3231
5482,28.3762
5483,28.287
5484,28.2425
5485,28.3082
5486,28.2446
5487,28.2869
5488,28.2252
5489,28.2979
5490,28.2934
5491,28.2198
5492,28.3342
5493,28.3868
5494,28.47
5495,28.4949
5496,28.5186
5497,28.6107
5498,28.5183
5499,28.4625
5500,28.4798
5501,28.398
5502,28.4371
5503,28.4329
5504,28.3522
5505,28.2494
5506,28.2005
5507,28.2926
5508,28.2835
5509,28.3199
5510,28.2222
5511,28.2539
5512,28.3848
5513,28.4673
5514,28.4859
5515,28.4972
5516,28.351
5517,28.4068
5518,28.3497
5519,28.3816
5520,28.3294
5521,28.4039
5522,28.2925
5523,28.3861
5524,28.4041
5525,28.4376
5526,28.3826
5527,28.4048
5528,28.4347
5529,28.3652
5530,28.2662
5531,28.288
5532,28.4274
5533,28.3255
5534,28.4351
5535,28.3312
5536,28.2665
5537,28.3779
5538,28.3641
5539,28.2801
5540,28.3215
5541,28.3871
5542,28.2583
5543,28.2763
5544,28.3078
5545,28.3036
5546,28.4645
5547,28.2746
5548,28.3335
5549,28.3337
5550,28.2932
5551,28.2566
5552,28.299
5553,28.2264
5554,28.254
5555,28.4213
5556,28.4413
5557,28.2801
5558,28.2826
5559,28.4355
5560,28.4189
5561,28.399
5562,28.3465
5563,28.372
5564,28.2688
5565,28.3286
5566,28.3544
5567,28.3667
5568,28.4096
5569,28.417
5570,28.3646
5571,28.2659
5572,28.3452
5573,28.3596
5574,28.43
5575,28.5296
5576,28.3493
5577,28.4541
5578,28.4817
5579,28.4366
5580,28.4937
5581,28.4407
5582,28.33
5583,28.3374
5584,28.2388
5585,28.2875
5586,28.3923
5587,28.4347
5588,28.3945
5589,28.307
5590,28.3675
5591,28.3765
5592,28.3965
5593,28.3346
5594,28.3239
5595,28.4
5596,28.3505
5597,28.2597
5598,28.3324
5599,28.3165
5600,28.4606
5601,28.4215
5602,28.4686
5603,28.4463
5604,28.4245
5605,28.4347
5606,28.3968
5607,28.4506
5608,28.3942
5609,28.4279
5610,28.3278
5611,28.302
5612,28.4537
5613,28.3055
5614,28.2323
5615,28.285
5616,28.2757
5617,28.3854
5618,28.3892
5619,28.3257
5620,28.4351
5621,28.4571
5622,28.5493
5623,28.4434
5624,28.3986
5625,28.2987
5626,28.3752
5627,28.37
5628,28.4129
5629,28.4581
5630,28.5069
5631,28.5104
5632,28.4262
5633,28.4402
5634,28.3618
5635,28.3383
5636,28.3444
5637,28.2767
5638,28.2726
5639,28.3264
5640,28.3222
5641,28.2257
5642,28.2524
5643,28.3567
5644,28.2554
5645,28.31
5646,28.1882
5647,28.2653
5648,28.3142
5649,28.3586
5650,28.2777
5651,28.3431
5652,28.2677
5653,28.4414
5654,28.4562
5655,28.4412
5656,28.3517
5657,28.2927
5658,28.3556
5659,28.4369
5660,28.5376
5661,28.4576
5662,28.4824
5663,28.5744
5664,28.5016
5665,28.6259
5666,28.5811
5667,28.6065
5668,28.5361
5669,28.5196
5670,28.531
5671,28.4532
5672,28.4619
5673,28.5001
5674,28.4961
5675,28.4416
5676,28.4379
5677,28.3204
5678,28.2858
5679,28.2096
5680,28.3421
5681,28.3426
5682,28.3322
5683,28.5737
5684,28.4404
5685,28.3978
5686,28.4531
5687,28.4327
5688,28.4441
5689,28.3734
5690,28.4203
5691,28.4259
5692,28.4318
5693,28.4097
5694,28.4218
5695,28.2768
5696,28.2999
5697,28.3062
5698,28.4057
5699,28.4816
5700,28.4583
5701,28.4659
5702,28.4638
5703,28.4746
5704,28.4919
5705,28.5704
5706,28.5788
5707,28.4079
5708,28.4833
5709,28.4327
5710,28.5991
5711,28.5457
5712,28.4489
5713,28.5
5714,28.4756
5715,28.5041
5716,28.4843
5717,28.4888
5718,28.5044
5719,28.5734
5720,28.52
5721,28.39
5722,28.3356
5723,28.3495
5724,28.2977
5725,28.4529
5726,28.4982
5727,28.4085
5728,28.5096
5729,28.4351
5730,28.488
5731,28.4425
5732,28.5002
5733,28.4408
5734,28.4688
5735,28.5234
5736,28.5958
5737,28.5072
5738,28.4239
5739,28.4446
5740,28.4584
5741,28.436
5742,28.3362
5743,28.4814
5744,28.3568
5745,28.373
5746,28.3051
5747,28.214
5748,28.3632
5749,28.2881
5750,28.3752
5751,28.3726
5752,28.3134
5753,28.335
5754,28.3763
5755,28.3819
5756,28.3556
5757,28.4459
5758,28.3431
5759,28.5166
5760,28.5057
5761,28.4752
5762,28.4472
5763,28.4876
5764,28.352
5765,28.2911
5766,28.3715
5767,28.3806
5768,28.4716
5769,28.4704
5770,28.4244
5771,28.491
5772,28.4207
5773,28.3497
5774,28.3129
5775,28.3566
5776,28.3731
5777,28.4016
5778,28.3678
5779,28.3848
5780,28.5158
5781,28.4561
5782,28.3999
5783,28.3931
5784,28.3451
5785,28.3591
5786,28.2634
5787,28.262
5788,28.3094
5789,28.3165
5790,28.3805
5791,28.3521
5792,28.2675
5793,28.4832
5794,28.4171
5795,28.4701
5796,28.4989
5797,28.5237
5798,28.4969
5799,28.4599
5800,28.5307
5801,28.5416
5802,28.558
5803,28.58
5804,28.6863
5805,28.6023
5806,28.5599
5807,28.4204
5808,28.4997
5809,28.473
5810,28.5713
5811,28.5035
5812,28.5678
5813,28.4992
5814,28.3743
5815,28.4344
5816,28.496
5817,28.4806
5818,28.4839
5819,28.5174
5820,28.5187
5821,28.5064
5822,28.5543
5823,28.5397
5824,28.4606
5825,28.5081
5826,28.5154
5827,28.5787
5828,28.3982
5829,28.5544
5830,28.4906
5831,28.535
5832,28.5139
5833,28.5229
5834,28.5784
5835,28.5723
5836,28.5473
5837,28.5548
5838,28.5174
5839,28.5208
5840,28.5552
5841,28.5191
5842,28.4272
5843,28.5566
5844,28.4855
5845,28.5457
5846,28.6105
5847,28.4278
5848,28.5351
5849,28.5483
5850,28.5882
5851,28.5329
5852,28.5805
5853,28.5248
5854,28.5571
5855,28.5963
5856,28.5353
5857,28.5143
5858,28.4643
5859,28.4275
5860,28.3845
5861,28.5209
5862,28.572
5863,28.426
5864,28.4143
5865,28.3563
5866,28.3071
5867,28.3951
5868,28.3965
5869,28.4463
5870,28.5147
5871,28.4182
5872,28.4379
5873,28.379
5874,28.515
5875,28.476
5876,28.4008
5877,28.3746
5878,28.4503
5879,28.4553
5880,28.5472
5881,28.4337
5882,28.6409
5883,28.3573
5884,28.4309
5885,28.4148
5886,28.4695
5887,28.5076
5888,28.4676
5889,28.3719
5890,28.4706
5891,28.4641
5892,28.4284
5893,28.5013
5894,28.5293
5895,28.4964
5896,28.4846
5897,28.3806
5898,28.4431
5899,28.5439
5900,28.447
5901,28.4421
5902,28.63
5903,28.5608
5904,28.5453
5905,28.4561
5906,28.5852
5907,28.5179
5908,28.5931
5909,28.6408
5910,28.5895
5911,28.6287
5912,28.5749
5913,28.4121
5914,28.6018
5915,28.636
5916,28.4885
5917,28.4072
5918,28.4281
5919,28.3857
5920,28.2957
5921,28.2906
5922,28.2609
5923,28.3747
5924,28.321
5925,28.2531
5926,28.2463
5927,28.4319
5928,28.4356
5929,28.5084
5930,28.5106
5931,28.4587
5932,28.4303
5933,28.5266
5934,28.4276
5935,28.461
5936,28.3688
5937,28.4135
5938,28.5042
5939,28.452
5940,28.4946
5941,28.5295
5942,28.5534
5943,28.5418
5944,28.4811
5945,28.5517
5946,28.5065
5947,28.5307
5948,28.4508
5949,28.4967
5950,28.3494
5951,28.3859
5952,28.3774
5953,28.4338
5954,28.3203
5955,28.3567
5956,28.4257
5957,28.3758
5958,28.3761
5959,28.342
5960,28.4007
5961,28.4687
5962,28.3835
5963,28.3792
5964,28.4408
5965,28.5277
5966,28.4453
5967,28.4154
5968,28.5113
5969,28.5236
5970,28.5245
5971,28.4518
5972,28.4025
5973,28.5586
5974,28.4921
5975,28.5292
5976,28.4468
5977,28.422
5978,28.6134
5979,28.5343
5980,28.4101
5981,28.5179
5982,28.5281
5983,28.5592
5984,28.5391
5985,28.4968
5986,28.519
5987,28.5086
5988,28.5593
5989,28.5294
5990,28.4578
5991,28.5031
5992,28.4112
5993,28.511
5994,28.4765
5995,28.5014
5996,28.468
5997,28.4665
5998,28.3713
5999,28.3988
6000,28.4577
6001,28.3785
6002,28.3938
6003,28.3221
6004,28.2963
6005,28.2699
6006,28.302
6007,28.3978
6008,28.4359
6009,28.4474
6010,28.407
6011,28.4501
6012,28.4207
6013,28.4661
6014,28.6008
6015,28.4188
6016,28.4748
6017,28.4585
6018,28.4539
6019,28.5398
6020,28.5643
6021,28.5295
6022,28.6131
6023,28.594
6024,28.5861
6025,28.457
6026,28.504
6027,28.491
6028,28.4314
6029,28.5341
6030,28.5028
6031,28.5024
6032,28.5696
6033,28.5337
6034,28.5144
6035,28.4305
6036,28.5374
6037,28.4465
6038,28.583
6039,28.409
6040,28.568
6041,28.441
6042,28.5016
6043,28.4904
6044,28.4871
6045,28.4953
6046,28.4368
6047,28.5716
6048,28.5145
6049,28.5536
6050,28.5001
6051,28.5487
6052,28.5313
6053,28.3477
6054,28.3518
6055,28.4614
6056,28.471
6057,28.494
6058,28.4106
6059,28.4138
6060,28.5054
6061,28.4602
6062,28.4974
6063,28.5982
6064,28.5533
6065,28.5753
6066,28.5287
6067,28.5782
6068,28.6121
6069,28.5598
6070,28.4595
6071,28.604
6072,28.566
6073,28.5426
6074,28.4493
6075,28.3957
6076,28.4424
6077,28.4965
6078,28.6562
6079,28.5105
6080,28.4455
6081,28.4387
6082,28.4044
6083,28.3668
6084,28.4712
6085,28.4684
6086,28.5395
6087,28.5384
6088,28.4701
6089,28.4097
6090,28.4332
6091,28.4818
6092,28.4438
6093,28.5219
6094,28.4614
6095,28.4857
6096,28.424
6097,28.3
6098,28.3602
6099,28.4806
6100,28.4524
6101,28.2802
6102,28.495
6103,28.3645
6104,28.4644
6105,28.4508
6106,28.386
6107,28.4134
6108,28.425
6109,28.2777
6110,28.3934
6111,28.3193
6112,28.351
6113,28.3755
6114,28.4074
6115,28.4143
6116,28.3518
6117,28.376
6118,28.3337
6119,28.3805
6120,28.2843
6121,28.3868
6122,28.444
6123,28.4439
6124,28.4709
6125,28.3949
6126,28.4129
6127,28.4188
6128,28.464
6129,28.4686
6130,28.5488
6131,28.5414
6132,28.5476
6133,28.526
6134,28.5489
6135,28.6159
6136,28.5759
6137,28.5075
6138,28.5572
6139,28.5943
6140,28.4925
6141,28.5159
6142,28.6011
6143,28.5713
6144,28.5624
6145,28.6088
6146,28.423
6147,28.44
6148,28.6068
6149,28.5347
6150,28.5476
6151,28.5314
6152,28.5043
6153,28.3688
6154,28.5053
6155,28.4921
6156,28.5083
6157,28.5823
6158,28.4858
6159,28.4459
6160,28.6016
6161,28.5442
6162,28.4872
6163,28.5182
6164,28.4537
6165,28.4586
6166,28.5968
6167,28.4922
6168,28.4595
6169,28.4499
6170,28.3759
6171,28.3511
6172,28.4251
6173,28.4195
6174,28.4262
6175,28.4103
6176,28.4953
6177,28.573
6178,28.504
6179,28.4319
6180,28.5136
6181,28.4859
6182,28.437
6183,28.5128
6184,28.5755
6185,28.5969
6186,28.5869
6187,28.5857
6188,28.553
6189,28.5618
6190,28.5595
6191,28.5083
6192,28.5496
6193,28.6005
6194,28.6377
6195,28.5726
6196,28.5109
6197,28.4771
6198,28.5117
6199,28.5362
6200,28.5892
6201,28.5175
6202,28.4856
6203,28.4691
6204,28.526
6205,28.5617
6206,28.6352
6207,28.566
6208,28.5552
6209,28.4387
6210,28.4017
6211,28.4234
6212,28.4874
6213,28.4119
6214,28.4098
6215,28.4448
6216,28.5259
6217,28.4874
6218,28.4269
6219,28.4192
6220,28.4205
6221,28.4707
6222,28.4743
6223,28.4748
6224,28.4867
6225,28.5055
6226,28.5179
6227,28.4541
6228,28.6382
6229,28.5812
6230,28.6457
6231,28.6069
6232,28.599
6233,28.5073
6234,28.4568
6235,28.5216
6236,28.4899
6237,28.4116
6238,28.4613
6239,28.4263
6240,28.335
6241,28.4349
6242,28.5279
6243,28.4617
6244,28.3958
6245,28.5176
6246,28.4263
6247,28.5342
6248,28.4409
6249,28.4013
6250,28.3329
6251,28.4198
6252,28.4234
6253,28.5
6254,28.4434
6255,28.4215
6256,28.4668
6257,28.5597
6258,28.5168
6259,28.4935
6260,28.4485
6261,28.4925
6262,28.4845
6263,28.3466
6264,28.4338
6265,28.3824
6266,28.4771
6267,28.5368
6268,28.4227
6269,28.4468
6270,28.4619
6271,28.383
6272,28.4937
6273,28.4957
6274,28.4748
6275,28.4885
6276,28.4288
6277,28.5107
6278,28.4892
6279,28.5151
6280,28.465
6281,28.4723
6282,28.4436
6283,28.4691
6284,28.428
6285,28.4813
6286,28.4915
6287,28.4011
6288,28.4364
6289,28.3512
6290,28.4405
6291,28.3725
6292,28.4406
6293,28.4104
6294,28.4821
6295,28.4762
6296,28.5315
6297,28.4917
6298,28.4795
6299,28.5515
6300,28.513
6301,28.5247
6302,28.508
6303,28.5334
6304,28.5156
6305,28.4402
6306,28.4404
6307,28.5538
6308,28.5501
6309,28.5378
6310,28.5313
6311,28.4578
6312,28.5167
6313,28.5173
6314,28.5076
6315,28.4128
6316,28.4441
6317,28.4894
6318,28.508
6319,28.5241
6320,28.5507
6321,28.528
6322,28.549
6323,28.502
6324,28.5507
6325,28.5228
6326,28.5947
6327,28.6724
6328,28.6712
6329,28.5277
6330,28.5377
6331,28.4339
6332,28.5295
6333,28.4136
6334,28.4799
6335,28.5033
6336,28.51
6337,28.4112
6338,28.5126
6339,28.5246
6340,28.541
6341,28.6028
6342,28.5228
6343,28.5313
6344,28.5383
6345,28.647
6346,28.6353
6347,28.4666
6348,28.5294
6349,28.4723
6350,28.4992
6351,28.5031
6352,28.463
6353,28.4408
6354,28.4481
6355,28.4031
6356,28.3461
6357,28.5165
6358,28.3906
6359,28.4209
6360,28.4476
6361,28.5037
6362,28.5735
6363,28.4499
6364,28.4587
6365,28.5354
6366,28.5376
6367,28.3921
6368,28.485
6369,28.3561
6370,28.4307
6371,28.3534
6372,28.4852
6373,28.4629
6374,28.4213
6375,28.4215
6376,28.392
6377,28.5074
6378,28.3999
6379,28.4491
6380,28.395
6381,28.4305
6382,28.4577
6383,28.4257
6384,28.441
6385,28.4395
6386,28.4088
6387,28.4583
6388,28.5014
6389,28.4241
6390,28.4225
6391,28.4269
6392,28.3702
6393,28.3475
6394,28.3607
6395,28.4067
6396,28.3542
6397,28.3774
6398,28.3177
6399,28.4462
6400,28.3733
6401,28.3982
6402,28.4443
6403,28.4307
6404,28.3787
6405,28.3756
6406,28.2878
6407,28.3099
6408,28.3316
6409,28.3662
6410,28.4266
6411,28.4654
6412,28.4737
6413,28.4355
6414,28.4476
6415,28.459
6416,28.5655
6417,28.4423
6418,28.4615
6419,28.5139
6420,28.4962
6421,28.4822
6422,28.4252
6423,28.4545
6424,28.3722
6425,28.4801
6426,28.4326
6427,28.4213
6428,28.463
6429,28.4209
6430,28.4535
6431,28.4269
6432,28.4865
6433,28.4628
6434,28.4397
6435,28.3894
6436,28.3888
6437,28.2586
6438,28.2896
6439,28.4301
6440,28.3484
6441,28.2415
6442,28.2661
6443,28.2728
6444,28.3169
6445,28.4061
6446,28.3633
6447,28.2801
6448,28.2348
6449,28.2783
6450,28.2164
6451,28.2474
6452,28.2739
6453,28.3281
6454,28.2606
6455,28.2483
6456,28.3055
6457,28.3691
6458,28.3444
6459,28.3727
6460,28.4856
6461,28.5444
6462,28.5446
6463,28.5333
6464,28.4265
6465,28.4792
6466,28.5032
6467,28.4184
6468,28.4757
6469,28.4528
6470,28.3482
6471,28.3977
6472,28.4823
6473,28.4077
6474,28.3778
6475,28.4673
6476,28.5052
6477,28.5787
6478,28.526
6479,28.5043
6480,28.5846
6481,28.5044
6482,28.4435
6483,28.5495
6484,28.4706
6485,28.5494
6486,28.4672
6487,28.4301
6488,28.4718
6489,28.4761
6490,28.4201
6491,28.3703
6492,28.4278
6493,28.4317
6494,28.3262
6495,28.3902
6496,28.3566
6497,28.382
6498,28.4138
6499,28.4634
6500,28.4521
6501,28.5486
6502,28.5435
6503,28.4905
6504,28.4589
6505,28.5772
6506,28.488
6507,28.5368
6508,28.5523
6509,28.5474
6510,28.4852
6511,28.707
6512,28.649
6513,28.5268
6514,28.5752
6515,28.5315
6516,28.6212
6517,28.5719
6518,28.5678
6519,28.6477
6520,28.5617
6521,28.6244
6522,28.6411
6523,28.7017
6524,28.6983
6525,28.6094
6526,28.5761
6527,28.6193
6528,28.4712
6529,28.479
6530,28.4833
6531,28.6211
6532,28.6267
6533,28.6486
6534,28.6486
6535,28.5675
6536,28.5435
6537,28.5778
6538,28.5409
6539,28.5263
6540,28.5653
6541,28.4307
6542,28.5256
6543,28.3991
6544,28.365
6545,28.4661
6546,28.4084
6547,28.4597
6548,28.3957
6549,28.4656
6550,28.393
6551,28.4351
6552,28.4812
6553,28.4282
6554,28.3692
6555,28.3738
6556,28.3404
6557,28.4601
6558,28.4701
6559,28.3873
6560,28.4324
6561,28.4149
6562,28.3822
6563,28.4214
6564,28.4155
6565,28.4025
6566,28.4372
6567,28.4128
6568,28.4919
6569,28.4379
6570,28.4407
6571,28.4874
6572,28.503
6573,28.5
6574,28.5573
6575,28.5821
6576,28.5636
6577,28.4716
6578,28.4545
6579,28.4558
6580,28.5001
6581,28.4839
6582,28.595
6583,28.6927
6584,28.4548
6585,28.5492
6586,28.4077
6587,28.446
6588,28.4059
6589,28.4107
6590,28.3786
6591,28.3522
6592,28.3633
6593,28.4376
6594,28.3292
6595,28.3337
6596,28.4234
6597,28.3448
6598,28.446
6599,28.3547
6600,28.3699
6601,28.3001
6602,28.3634
6603,28.3579
6604,28.4184
6605,28.4358
6606,28.2816
6607,28.33
6608,28.3356
6609,28.3108
6610,28.4136
6611,28.4478
6612,28.3299
6613,28.2982
6614,28.4736
6615,28.4445
6616,28.4666
6617,28.4612
6618,28.4022
6619,28.2205
6620,28.2453
6621,28.4099
6622,28.4001
6623,28.3004
6624,28.3751
6625,28.3933
6626,28.4628
6627,28.4642
6628,28.3279
6629,28.3458
6630,28.2482
6631,28.3553
6632,28.3389
6633,28.3932
6634,28.3732
6635,28.4452
6636,28.3643
6637,28.3639
6638,28.4539
6639,28.3963
6640,28.3802
6641,28.4152
6642,28.3291
6643,28.331
6644,28.5199
6645,28.4812
6646,28.4302
6647,28.4309
6648,28.5689
6649,28.5475
6650,28.3867
6651,28.4048
6652,28.4183
6653,28.5068
6654,28.4754
6655,28.2944
6656,28.4853
6657,28.4801
6658,28.3691
6659,28.3881
6660,28.4648
6661,28.4748
6662,28.4925
6663,28.3919
6664,28.4949
6665,28.4739
6666,28.4859
6667,28.4953
6668,28.4602
6669,28.4081
6670,28.3971
6671,28.4047
6672,28.4495
6673,28.4883
6674,28.4177
6675,28.3763
6676,28.4123
6677,28.3992
6678,28.5488
6679,28.5323
6680,28.5944
6681,28.6262
6682,28.7005
6683,28.6698
6684,28.5597
6685,28.6209
6686,28.5866
6687,28.5592
6688,28.5854
6689,28.6913
6690,28.5847
6691,28.5422
6692,28.5358
6693,28.5504
6694,28.5258
6695,28.4811
6696,28.5165
6697,28.5538
6698,28.4957
6699,28.6374
6700,28.554
6701,28.5222
6702,28.5034
6703,28.5484
6704,28.4457
6705,28.4676
6706,28.5227
6707,28.5755
6708,28.4668
6709,28.4668
6710,28.4854
6711,28.5561
6712,28.5173
6713,28.5146
6714,28.5037
6715,28.5131
6716,28.5005
6717,28.4155
6718,28.4242
6719,28.4616
6720,28.4305
6721,28.4545
6722,28.4012
6723,28.3877
6724,28.2485
6725,28.4175
6726,28.4915
6727,28.4716
6728,28.3739
6729,28.4711
6730,28.3899
6731,28.5091
6732,28.4667
6733,28.4521
6734,28.4357
6735,28.5047
6736,28.3466
6737,28.4383
6738,28.4507
6739,28.3128
6740,28.4886
6741,28.4463
6742,28.4721
6743,28.5737
6744,28.5573
6745,28.5228
6746,28.5178
6747,28.5112
6748,28.5129
6749,28.4701
6750,28.5185
6751,28.4882
6752,28.4717
6753,28.4054
6754,28.5092
6755,28.5355
6756,28.3927
6757,28.5121
6758,28.488
6759,28.48
6760,28.4187
6761,28.4326
6762,28.4613
6763,28.5065
6764,28.4585
6765,28.4642
6766,28.4944
6767,28.5198
6768,28.4215
6769,28.4809
6770,28.3985
6771,28.5425
6772,28.4631
6773,28.5578
6774,28.4261
6775,28.5442
6776,28.5286
6777,28.4869
6778,28.4803
6779,28.3671
6780,28.3437
6781,28.2915
6782,28.267
6783,28.4198
6784,28.4124
6785,28.44
6786,28.3941
6787,28.392
6788,28.3496
6789,28.4586
6790,28.4503
6791,28.4042
6792,28.5599
6793,28.5047
6794,28.5292
6795,28.5683
6796,28.5298
6797,28.4644
6798,28.5093
6799,28.3992
6800,28.459
6801,28.4797
6802,28.3791
6803,28.4473
6804,28.3681
6805,28.4317
6806,28.4866
6807,28.4178
6808,28.4723
6809,28.599
6810,28.4802
6811,28.4607
6812,28.4198
6813,28.4636
6814,28.4951
6815,28.5685
6816,28.5505
6817,28.469
6818,28.4913
6819,28.4233
6820,28.352
6821,28.4238
6822,28.5137
6823,28.5066
6824,28.4713
6825,28.4567
6826,28.5367
6827,28.5035
6828,28.5122
6829,28.4555
6830,28.4461
6831,28.4419
6832,28.5102
6833,28.494
6834,28.4976
6835,28.5456
6836,28.5479
6837,28.5014
6838,28.5387
6839,28.4804
6840,28.4492
6841,28.5823
6842,28.5765
6843,28.4415
6844,28.4901
6845,28.4565
6846,28.4807
6847,28.4265
6848,28.4336
6849,28.3897
6850,28.3806
6851,28.5112
6852,28.5341
6853,28.4612
6854,28.5087
6855,28.4568
6856,28.5294
6857,28.5025
6858,28.354
6859,28.3979
6860,28.565
6861,28.493
6862,28.5011
6863,28.3798
6864,28.3569
6865,28.3834
6866,28.3441
6867,28.3868
6868,28.4549
6869,28.4146
6870,28.4166
6871,28.4375
6872,28.4708
6873,28.4003
6874,28.5176
6875,28.4116
6876,28.4348
6877,28.5193
6878,28.4161
6879,28.4176
6880,28.4253
6881,28.4426
6882,28.5234
6883,28.494
6884,28.4748
6885,28.4911
6886,28.5308
6887,28.5637
6888,28.4788
6889,28.3972
6890,28.3958
6891,28.4899
6892,28.5245
6893,28.6127
6894,28.4827
6895,28.4365
6896,28.5518
6897,28.4512
6898,28.4142
6899,28.3166
6900,28.3732
6901,28.3584
6902,28.4316
6903,28.3828
6904,28.4186
6905,28.4901
6906,28.3655
6907,28.3427
6908,28.439
6909,28.3665
6910,28.4312
6911,28.3847
6912,28.3821
6913,28.4215
6914,28.4964
6915,28.5247
6916,28.3739
6917,28.5616
6918,28.4293
6919,28.4081
6920,28.5077
6921,28.6201
6922,28.6747
6923,28.4838
6924,28.593
6925,28.5453
6926,28.3778
6927,28.4965
6928,28.4851
6929,28.5453
6930,28.4649
6931,28.4036
6932,28.4331
6933,28.4358
6934,28.4182
6935,28.4712
6936,28.4448
6937,28.4455
6938,28.5472
6939,28.5185
6940,28.4527
6941,28.3774
6942,28.419
6943,28.5326
6944,28.4743
6945,28.5179
6946,28.5274
6947,28.5283
6948,28.394
6949,28.485
6950,28.5813
6951,28.5865
6952,28.531
6953,28.5459
6954,28.5994
6955,28.5644
6956,28.5418
6957,28.5558
6958,28.4735
6959,28.4853
6960,28.5919
6961,28.5975
6962,28.5598
6963,28.5127
6964,28.4382
6965,28.4504
6966,28.4846
6967,28.5089
6968,28.4238
6969,28.452
6970,28.5528
6971,28.438
6972,28.3938
6973,28.4435
6974,28.5337
6975,28.5035
6976,28.4175
6977,28.3955
6978,28.4117
6979,28.4628
6980,28.5938
6981,28.6008
6982,28.5606
6983,28.6355
6984,28.6328
6985,28.5652
6986,28.5647
6987,28.6126
6988,28.5478
6989,28.5116
6990,28.3879
6991,28.5197
6992,28.4492
6993,28.5233
6994,28.5519
6995,28.57
6996,28.5722
6997,28.6351
6998,28.5822
6999,28.5301
7000,28.6411
7001,28.5438
7002,28.5706
7003,28.504
7004,28.4271
7005,28.5443
7006,28.451
7007,28.4137
7008,28.3619
7009,28.386
7010,28.4589
7011,28.5275
7012,28.4031
7013,28.3644
7014,28.3745
7015,28.4043
7016,28.3292
7017,28.3203
7018,28.4292
7019,28.3962
7020,28.3611
7021,28.3886
7022,28.3419
7023,28.3992
7024,28.4871
7025,28.532
7026,28.4482
7027,28.428
7028,28.4922
7029,28.5439
7030,28.5449
7031,28.5926
7032,28.6165
7033,28.6045
7034,28.6026
7035,28.552
7036,28.6378
7037,28.4909
7038,28.5615
7039,28.499
7040,28.6984
7041,28.5739
7042,28.5838
7043,28.6457
7044,28.4963
7045,28.613
7046,28.5777
7047,28.6345
7048,28.5802
7049,28.5774
7050,28.6227
7051,28.608
7052,28.6008
7053,28.5666
7054,28.6062
7055,28.5573
7056,28.5587
7057,28.47
7058,28.5153
7059,28.6015
7060,28.4776
7061,28.5447
7062,28.5082
7063,28.5196
7064,28.4676
7065,28.5746
7066,28.463
7067,28.4588
7068,28.4672
7069,28.5071
7070,28.4838
7071,28.484
7072,28.4373
7073,28.4069
7074,28.4455
7075,28.4172
7076,28.4064
7077,28.3808
7078,28.393
7079,28.4974
7080,28.4298
7081,28.5058
7082,28.5516
7083,28.4427
7084,28.3264
7085,28.4499
7086,28.423
7087,28.462
7088,28.426
7089,28.4918
7090,28.4709
7091,28.4113
7092,28.3935
7093,28.3935
7094,28.3623
7095,28.4872
7096,28.5009
7097,28.518
7098,28.5242
7099,28.4859
7100,28.5034
7101,28.4143
7102,28.5175
7103,28.5248
7104,28.5342
7105,28.5198
7106,28.6323
7107,28.6286
7108,28.7135
7109,28.5492
7110,28.6504
7111,28.6185
7112,28.5865
7113,28.5988
7114,28.4085
7115,28.4957
7116,28.4498
7117,28.3657
7118,28.4254
7119,28.5511
7120,28.5059
7121,28.466
7122,28.4982
7123,28.4036
7124,28.4396
7125,28.387
7126,28.4503
7127,28.2568
7128,28.4416
7129,28.3725
7130,28.4948
7131,28.4955
7132,28.4867
7133,28.5762
7134,28.6592
7135,28.6433
7136,28.6259
7137,28.5725
7138,28.6186
7139,28.6097
7140,28.5927
7141,28.6215
7142,28.5529
7143,28.5641
7144,28.5899
7145,28.6795
7146,28.529
7147,28.6237
7148,28.6125
7149,28.6048
7150,28.5599
7151,28.5728
7152,28.5496
7153,28.6325
7154,28.6488
7155,28.6235
7156,28.6231
7157,28.6725
7158,28.6998
7159,28.7189
7160,28.6214
7161,28.6296
7162,28.5513
7163,28.573
7164,28.5089
7165,28.6671
7166,28.7261
7167,28.6175
7168,28.6406
7169,28.4947
7170,28.4972
7171,28.502
7172,28.5185
7173,28.6261
7174,28.5487
7175,28.5017
7176,28.472
7177,28.6098
7178,28.4874
7179,28.5334
7180,28.4227
7181,28.4775
7182,28.4417
7183,28.5865
7184,28.5017
7185,28.4741
7186,28.4754
7187,28.3826
7188,28.4869
7189,28.3565
7190,28.4169
7191,28.5754
7192,28.6378
7193,28.5215
7194,28.5793
7195,28.465
7196,28.479
7197,28.4294
7198,28.5026
7199,28.5064
7200,28.6022
7201,28.5461
7202,28.4934
7203,28.4981
7204,28.4173
7205,28.5421
7206,28.5732
7207,28.5348
7208,28.4532
7209,28.4968
7210,28.5459
7211,28.3919
7212,28.4238
7213,28.5471
7214,28.5376
7215,28.5687
7216,28.5525
7217,28.5022
7218,28.5771
7219,28.5539
7220,28.5992
7221,28.5998
7222,28.5635
7223,28.4766
7224,28.4932
7225,28.4578
7226,28.6597
7227,28.6168
7228,28.5706
7229,28.4678
7230,28.5582
7231,28.666
7232,28.5929
7233,28.6125
7234,28.6633
7235,28.6294
7236,28.632
7237,28.5658
7238,28.5406
7239,28.632
7240,28.6193
7241,28.5913
7242,28.534
7243,28.6363
7244,28.5297
7245,28.5809
7246,28.5483
7247,28.4658
7248,28.4188
7249,28.3806
7250,28.5422
7251,28.4342
7252,28.5054
7253,28.5621
7254,28.5707
7255,28.6235
7256,28.5307
7257,28.4905
7258,28.5315
7259,28.4578
7260,28.4745
7261,28.4371
7262,28.5103
7263,28.4612
7264,28.3858
7265,28.4451
7266,28.5138
7267,28.4784
7268,28.4778
7269,28.462
7270,28.4367
7271,28.5498
7272,28.5691
7273,28.5545
7274,28.4907
7275,28.4823
7276,28.499
7277,28.4286
7278,28.488
7279,28.4942
7280,28.5719
7281,28.5229
7282,28.5957
7283,28.6329
7284,28.6139
7285,28.5539
7286,28.4126
7287,28.4332
7288,28.3947
7289,28.3781
7290,28.3452
7291,28.4202
7292,28.5042
7293,28.4778
7294,28.5388
7295,28.4132
7296,28.5094
7297,28.4266
7298,28.5567
7299,28.6395
7300,28.6827
7301,28.6872
7302,28.6219
7303,28.6116
7304,28.6172
7305,28.5928
7306,28.5321
7307,28.5982
7308,28.5568
7309,28.4658
7310,28.519
7311,28.6337
7312,28.5758
7313,28.6023
7314,28.6899
7315,28.6759
7316,28.608
7317,28.6918
7318,28.5669
7319,28.6604
7320,28.5549
7321,28.6424
7322,28.6049
7323,28.6196
7324,28.7307
7325,28.5082
7326,28.4055
7327,28.4071
7328,28.413
7329,28.6007
7330,28.4939
7331,28.5228
7332,28.4381
7333,28.4696
7334,28.5425
7335,28.5758
7336,28.5088
7337,28.5299
7338,28.6456
7339,28.4961
7340,28.4865
7341,28.5164
7342,28.6127
7343,28.6217
7344,28.5793
7345,28.5894
7346,28.6726
7347,28.5538
7348,28.5555
7349,28.4807
7350,28.4536
7351,28.5473
7352,28.453
7353,28.5724
7354,28.5589
7355,28.514
7356,28.6078
7357,28.454
7358,28.5224
7359,28.4516
7360,28.5585
7361,28.488
7362,28.5234
7363,28.5259
7364,28.5842
7365,28.5768
7366,28.6309
7367,28.6606
7368,28.5216
7369,28.6507
7370,28.5515
7371,28.5058
7372,28.648
7373,28.555
7374,28.6075
7375,28.5691
7376,28.5982
7377,28.619
7378,28.5732
7379,28.6423
7380,28.6563
7381,28.6561
7382,28.6419
7383,28.6022
7384,28.5572
7385,28.6013
7386,28.6587
7387,28.6324
7388,28.5484
7389,28.571
7390,28.4723
7391,28.5404
7392,28.5437
7393,28.5514
7394,28.4155
7395,28.5642
7396,28.5365
7397,28.5308
7398,28.5281
7399,28.4829
7400,28.6503
7401,28.5898
7402,28.5341
7403,28.5623
7404,28.5754
7405,28.4575
7406,28.4639
7407,28.4731
7408,28.419
7409,28.3931
7410,28.4879
7411,28.4461
7412,28.3977
7413,28.4648
7414,28.3667
7415,28.5076
7416,28.4751
7417,28.3523
7418,28.4102
7419,28.4071
7420,28.404
7421,28.457
7422,28.5571
7423,28.4368
7424,28.456
7425,28.4251
7426,28.3201
7427,28.455
7428,28.4417
7429,28.3746
7430,28.3378
7431,28.4182
7432,28.5627
7433,28.5426
7434,28.5274
7435,28.4837
7436,28.4848
7437,28.5477
7438,28.504
7439,28.4394
7440,28.3857
7441,28.4447
7442,28.333
7443,28.4066
7444,28.3956
7445,28.4587
7446,28.436
7447,28.3999
7448,28.4348
7449,28.4443
7450,28.3751
7451,28.4458
7452,28.5122
7453,28.4644
7454,28.5194
7455,28.4395
7456,28.5679
7457,28.5899
7458,28.4468
7459,28.4774
7460,28.547
7461,28.5027
7462,28.5465
7463,28.3334
7464,28.4046
7465,28.3998
7466,28.3642
7467,28.342
7468,28.4453
7469,28.493
7470,28.4955
7471,28.5324
7472,28.5048
7473,28.5269
7474,28.6029
7475,28.4913
7476,28.3947
7477,28.4185
7478,28.4503
7479,28.3679
7480,28.448
7481,28.4155
7482,28.4145
7483,28.4914
7484,28.4558
7485,28.5285
7486,28.4685
7487,28.4789
7488,28.4308
7489,28.5398
7490,28.4132
7491,28.5125
7492,28.5743
7493,28.5133
7494,28.5265
7495,28.5019
7496,28.5199
7497,28.5438
7498,28.4915
7499,28.4865
7500,28.5198
7501,28.4222
7502,28.5459
7503,28.4802
7504,28.6395
7505,28.6196
7506,28.4469
7507,28.5047
7508,28.4448
7509,28.4175
7510,28.3112
7511,28.312
7512,28.4552
7513,28.5346
7514,28.4982
7515,28.4159
7516,28.4531
7517,28.4685
7518,28.4647
7519,28.3832
7520,28.4108
7521,28.4228
7522,28.4465
7523,28.4161
7524,28.3346
7525,28.3509
7526,28.3778
7527,28.3435
7528,28.292
7529,28.3406
7530,28.4083
7531,28.3136
7532,28.3698
7533,28.4818
7534,28.4763
7535,28.4918
7536,28.6167
7537,28.4651
7538,28.5187
7539,28.4542
7540,28.5216
7541,28.4827
7542,28.5752
7543,28.5645
7544,28.6072
7545,28.5784
7546,28.5478
7547,28.4612
7548,28.5006
7549,28.5273
7550,28.5441
7551,28.436
7552,28.5588
7553,28.4176
7554,28.5765
7555,28.6905
7556,28.7219
7557,28.6639
7558,28.6823
7559,28.5797
7560,28.583
7561,28.7578
7562,28.7069
7563,28.6093
7564,28.5878
7565,28.6451
7566,28.6861
7567,28.7844
7568,28.5813
7569,28.6231
7570,28.5974
7571,28.5519
7572,28.5893
7573,28.4701
7574,28.7184
7575,28.575
7576,28.5659
7577,28.6229
7578,28.5237
7579,28.5679
7580,28.5237
7581,28.5268
7582,28.646
7583,28.5521
7584,28.509
7585,28.543
7586,28.5771
7587,28.5998
7588,28.5881
7589,28.5355
7590,28.4985
7591,28.5702
7592,28.6736
7593,28.571
7594,28.4837
7595,28.5334
7596,28.5191
7597,28.5202
7598,28.579
7599,28.6034
7600,28.5532
7601,28.4043
7602,28.4962
7603,28.3933
7604,28.4598
7605,28.4434
7606,28.3514
7607,28.373
7608,28.3615
7609,28.4046
7610,28.4307
7611,28.3443
7612,28.4409
7613,28.3908
7614,28.3766
7615,28.3742
7616,28.5466
7617,28.4369
7618,28.517
7619,28.5266
7620,28.5072
7621,28.5592
7622,28.4976
7623,28.563
7624,28.535
7625,28.4393
7626,28.4219
7627,28.3863
7628,28.3915
7629,28.3412
7630,28.4433
7631,28.6035
7632,28.4858
7633,28.5518
7634,28.592
7635,28.4601
7636,28.5406
7637,28.5107
7638,28.3615
7639,28.4522
7640,28.4758
7641,28.4237
7642,28.4364
7643,28.4442
7644,28.602
7645,28.5005
7646,28.495
7647,28.539
7648,28.3933
7649,28.3954
7650,28.4057
7651,28.4479
7652,28.3943
7653,28.4661
7654,28.4293
7655,28.5858
7656,28.4815
7657,28.4086
7658,28.4169
7659,28.2839
7660,28.3664
7661,28.309
7662,28.5047
7663,28.3875
7664,28.3343
7665,28.4709
7666,28.3851
7667,28.316
7668,28.3961
7669,28.4351
7670,28.5119
7671,28.447
7672,28.525
7673,28.4538
7674,28.3332
7675,28.3579
7676,28.4475
7677,28.3638
7678,28.3718
7679,28.4116
7680,28.4567
7681,28.3668
7682,28.4219
7683,28.3918
7684,28.5123
7685,28.5381
7686,28.5359
7687,28.5187
7688,28.2516
7689,28.3056
7690,28.3368
7691,28.2605
7692,28.3418
7693,28.2922
7694,28.2766
7695,28.2562
7696,28.2041
7697,28.2837
7698,28.347
7699,28.3096
7700,28.4474
7701,28.4414
7702,28.3881
7703,28.4262
7704,28.4467
7705,28.4267
7706,28.4174
7707,28.4829
7708,28.5032
7709,28.5116
7710,28.5342
7711,28.5145
7712,28.5659
7713,28.5017
7714,28.4843
7715,28.4554
7716,28.5378
7717,28.477
7718,28.4768
7719,28.4064
7720,28.4564
7721,28.25
7722,28.4391
7723,28.4276
7724,28.398
7725,28.3555
7726,28.4529
7727,28.3657
7728,28.4841
7729,28.5563
7730,28.627
7731,28.649
7732,28.6289
7733,28.5946
7734,28.6039
7735,28.5973
7736,28.5935
7737,28.6894
7738,28.6406
7739,28.4806
7740,28.5999
7741,28.5835
7742,28.6934
7743,28.5397
7744,28.6272
7745,28.7105
7746,28.5819
7747,28.6852
7748,28.7205
7749,28.731
7750,28.72
7751,28.7271
7752,28.5796
7753,28.4795
7754,28.5027
7755,28.5477
7756,28.5352
7757,28.5496
7758,28.6336
7759,28.6808
7760,28.5498
7761,28.5744
7762,28.5294
7763,28.5336
7764,28.5683
7765,28.5404
7766,28.5672
7767,28.5529
7768,28.5858
7769,28.4758
7770,28.5162
7771,28.5412
7772,28.6087
7773,28.4301
7774,28.3905
7775,28.4247
7776,28.4748
7777,28.5076
7778,28.4161
7779,28.4509
7780,28.603
7781,28.6405
7782,28.5771
7783,28.5973
7784,28.5289
7785,28.4298
7786,28.4873
7787,28.4973
7788,28.4812
7789,28.4297
7790,28.5065
7791,28.5404
7792,28.6374
7793,28.5471
7794,28.4403
7795,28.5572
7796,28.4616
7797,28.393
7798,28.4321
7799,28.523
7800,28.4461
7801,28.4136
7802,28.4344
7803,28.3969
7804,28.3927
7805,28.3245
7806,28.3461
7807,28.3314
7808,28.4032
7809,28.4323
7810,28.4222
7811,28.5413
7812,28.4968
7813,28.4379
7814,28.4802
7815,28.5714
7816,28.4726
7817,28.4236
7818,28.4788
7819,28.4398
7820,28.4928
7821,28.6214
7822,28.4571
7823,28.4692
7824,28.4812
7825,28.5227
7826,28.6322
7827,28.4639
7828,28.5261
7829,28.5852
7830,28.54
7831,28.6166
7832,28.5034
7833,28.5242
7834,28.4836
7835,28.4946
7836,28.5655
7837,28.5641
7838,28.6434
7839,28.5629
7840,28.5585
7841,28.5875
7842,28.5545
7843,28.5933
7844,28.49
7845,28.5409
7846,28.4725
7847,28.3544
7848,28.4664
7849,28.507
7850,28.4447
7851,28.6034
7852,28.503
7853,28.6669
7854,28.5942
7855,28.496
7856,28.345
7857,28.3226
7858,28.3579
7859,28.4307
7860,28.4509
7861,28.4746
7862,28.5442
7863,28.4198
7864,28.5064
7865,28.5246
7866,28.4287
7867,28.4912
7868,28.4213
7869,28.5164
7870,28.5068
7871,28.4231
7872,28.5144
7873,28.5003
7874,28.3625
7875,28.3205
7876,28.4041
7877,28.3102
7878,28.3562
7879,28.381
7880,28.5062
7881,28.416
7882,28.514
7883,28.454
7884,28.4215
7885,28.4873
7886,28.5136
7887,28.5213
7888,28.4319
7889,28.4561
7890,28.4017
7891,28.5154
7892,28.5189
7893,28.4573
7894,28.4384
7895,28.4785
7896,28.4281
7897,28.4336
7898,28.4132
7899,28.389
7900,28.4023
7901,28.5114
7902,28.3825
7903,28.4423
7904,28.6901
7905,28.6207
7906,28.5738
7907,28.5565
7908,28.6071
7909,28.5668
7910,28.549
7911,28.5779
7912,28.5249
7913,28.6268
7914,28.5596
7915,28.469
7916,28.4681
7917,28.4833
7918,28.4555
7919,28.4385
7920,28.4885
7921,28.4622
7922,28.5103
7923,28.6212
7924,28.4479
7925,28.5138
7926,28.4764
7927,28.4882
7928,28.4588
7929,28.3843
7930,28.42
7931,28.527
7932,28.5369
7933,28.4281
7934,28.5293
7935,28.4407
7936,28.4833
7937,28.4635
7938,28.3735
7939,28.4125
7940,28.4441
7941,28.513
7942,28.4573
7943,28.3178
7944,28.4512
7945,28.4661
7946,28.4451
7947,28.4357
7948,28.5044
7949,28.5022
7950,28.4982
7951,28.4255
7952,28.4479
7953,28.4517
7954,28.3696
7955,28.3622
7956,28.4671
7957,28.3964
7958,28.4629
7959,28.4327
7960,28.4997
7961,28.5371
7962,28.4748
7963,28.3606
7964,28.4581
7965,28.3865
7966,28.4999
7967,28.5089
7968,28.4558
7969,28.5444
7970,28.5113
7971,28.3842
7972,28.4007
7973,28.4245
7974,28.3923
7975,28.442
7976,28.4135
7977,28.4488
7978,28.4805
7979,28.4267
7980,28.5385
7981,28.478
7982,28.5121
7983,28.4648
7984,28.4735
7985,28.3648
7986,28.4208
7987,28.5058
7988,28.4563
7989,28.368
7990,28.508
7991,28.474
7992,28.5185
7993,28.5059
7994,28.5013
7995,28.4457
7996,28.4814
7997,28.4201
7998,28.4884
7999,28.3707
8000,28.5181
8001,28.4725
8002,28.5828
8003,28.6122
8004,28.5812
8005,28.5859
8006,28.5375
8007,28.4397
8008,28.5219
8009,28.4851
8010,28.4921
8011,28.4544
8012,28.4205
8013,28.4371
8014,28.4549
8015,28.4421
8016,28.4451
8017,28.5465
8018,28.4572
8019,28.5405
8020,28.5154
8021,28.5299
8022,28.4575
8023,28.505
8024,28.6193
8025,28.566
8026,28.4991
8027,28.5565
8028,28.5728
8029,28.5154
8030,28.4524
8031,28.3813
8032,28.3913
8033,28.4802
8034,28.5434
8035,28.6103
8036,28.552
8037,28.5836
8038,28.5177
8039,28.4498
8040,28.4317
8041,28.4401
8042,28.4592
8043,28.4487
8044,28.4827
8045,28.4399
8046,28.3433
8047,28.4099
8048,28.3012
8049,28.3353
8050,28.4324
8051,28.3541
8052,28.35
8053,28.3474
8054,28.468
8055,28.4386
8056,28.3397
8057,28.2855
8058,28.4728
8059,28.5115
8060,28.4961
8061,28.467
8062,28.3612
8063,28.5137
8064,28.5819
8065,28.5527
8066,28.5506
8067,28.5303
8068,28.5722
8069,28.4488
8070,28.5164
8071,28.5013
8072,28.4514
8073,28.5035
8074,28.4799
8075,28.5148
8076,28.4823
8077,28.4942
8078,28.4902
8079,28.4347
8080,28.5576
8081,28.5459
8082,28.5065
8083,28.5515
8084,28.5809
8085,28.5184
8086,28.5357
8087,28.3786
8088,28.4467
8089,28.5264
8090,28.5516
8091,28.378
8092,28.4163
8093,28.531
8094,28.4396
8095,28.414
8096,28.3774
8097,28.4826
8098,28.3588
8099,28.3664
8100,28.3958
8101,28.3664
8102,28.3531
8103,28.5029
8104,28.491
8105,28.5186
8106,28.4326
8107,28.483
8108,28.6396
8109,28.5441
8110,28.5792
8111,28.5149
8112,28.4528
8113,28.4094
8114,28.3948
8115,28.4225
8116,28.4513
8117,28.5969
8118,28.5576
8119,28.5756
8120,28.4399
8121,28.424
8122,28.4541
8123,28.4953
8124,28.5204
8125,28.4852
8126,28.5257
8127,28.5241
8128,28.4314
8129,28.4094
8130,28.4853
8131,28.5133
8132,28.4832
8133,28.4652
8134,28.4523
8135,28.4319
8136,28.5043
8137,28.4932
8138,28.5133
8139,28.5283
8140,28.5038
8141,28.452
8142,28.5821
8143,28.443
8144,28.4972
8145,28.4072
8146,28.4222
8147,28.5359
8148,28.4479
8149,28.4936
8150,28.5103
8151,28.4453
8152,28.392
8153,28.5052
8154,28.3953
8155,28.5308
8156,28.5633
8157,28.5426
8158,28.556
8159,28.551
8160,28.4552
8161,28.4994
8162,28.5203
8163,28.6178
8164,28.5122
8165,28.4327
8166,28.461
8167,28.4368
8168,28.5314
8169,28.4572
8170,28.5446
8171,28.5428
8172,28.5127
8173,28.5344
8174,28.4466
8175,28.5112
8176,28.4388
8177,28.3844
8178,28.5551
8179,28.4688
8180,28.5076
8181,28.5074
8182,28.3815
8183,28.5749
8184,28.5674
8185,28.5977
8186,28.549
8187,28.597
8188,28.5257
8189,28.58
8190,28.536
8191,28.4766
8192,28.4338
8193,28.39
8194,28.4296
8195,28.5425
8196,28.5049
8197,28.4117
8198,28.4077
8199,28.4342
8200,28.5415
8201,28.4405
8202,28.3371
8203,28.3681
8204,28.4103
8205,28.3483
8206,28.3263
8207,28.4047
8208,28.3426
8209,28.2832
8210,28.4012
8211,28.3762
8212,28.4401
8213,28.3708
8214,28.3298
8215,28.3303
8216,28.2728
8217,28.2925
8218,28.3824
8219,28.2566
8220,28.3356
8221,28.3047
8222,28.3289
8223,28.5157
8224,28.5241
8225,28.6197
8226,28.4581
8227,28.4666
8228,28.4258
8229,28.4007
8230,28.3964
8231,28.4769
8232,28.4505
8233,28.4883
8234,28.5601
8235,28.5046
8236,28.5616
8237,28.5547
8238,28.5942
8239,28.6075
8240,28.5116
8241,28.4791
8242,28.5352
8243,28.5155
8244,28.5276
8245,28.4271
8246,28.4176
8247,28.3946
8248,28.4389
8249,28.4327
8250,28.3254
8251,28.3786
8252,28.4414
8253,28.4762
8254,28.3772
8255,28.3548
8256,28.3342
8257,28.3762
8258,28.4641
8259,28.4642
8260,28.4844
8261,28.4119
8262,28.6171
8263,28.5642
8264,28.4435
8265,28.4581
8266,28.3581
8267,28.3897
8268,28.3839
8269,28.4518
8270,28.4443
8271,28.4626
8272,28.4941
8273,28.3892
8274,28.3084
8275,28.4528
8276,28.4523
8277,28.4231
8278,28.493
8279,28.4061
8280,28.4805
8281,28.3954
8282,28.4948
8283,28.581
8284,28.6294
8285,28.5969
8286,28.6651
8287,28.5783
8288,28.5018
8289,28.5488
8290,28.4615
8291,28.5515
8292,28.5969
8293,28.4763
8294,28.424
8295,28.469
8296,28.3398
8297,28.4244
8298,28.4619
8299,28.4442
8300,28.4646
8301,28.5349
8302,28.4613
8303,28.5746
8304,28.491
8305,28.5225
8306,28.5054
8307,28.5678
8308,28.4886
8309,28.4756
8310,28.4204
8311,28.4732
8312,28.4847
8313,28.5083
8314,28.5795
8315,28.5439
8316,28.4907
8317,28.4776
8318,28.4873
8319,28.3255
8320,28.3988
8321,28.3199
8322,28.3801
8323,28.4413
8324,28.4062
8325,28.3703
8326,28.5018
8327,28.5146
8328,28.4019
8329,28.5072
8330,28.4792
8331,28.5182
8332,28.4626
8333,28.447
8334,28.4215
8335,28.4725
8336,28.3074
8337,28.3786
8338,28.3967
8339,28.3763
8340,28.3769
8341,28.3456
8342,28.2563
8343,28.2006
8344,28.3176
8345,28.3845
8346,28.4032
8347,28.4022
8348,28.4534
8349,28.4998
8350,28.3596
8351,28.492
8352,28.4038
8353,28.3136
8354,28.3614
8355,28.3422
8356,28.4309
8357,28.4266
8358,28.4822
8359,28.433
8360,28.4654
8361,28.4003
8362,28.4396
8363,28.4013
8364,28.3941
8365,28.4242
8366,28.5204
8367,28.4858
8368,28.5657
8369,28.4662
8370,28.3941
8371,28.4603
8372,28.4434
8373,28.4789
8374,28.5766
8375,28.5654
8376,28.4935
8377,28.4526
8378,28.4601
8379,28.5546
8380,28.4434
8381,28.3904
8382,28.4136
8383,28.3401
8384,28.3967
8385,28.3649
8386,28.3955
8387,28.5168
8388,28.4334
8389,28.4978
8390,28.5456
8391,28.5734
8392,28.6381
8393,28.4717
8394,28.4807
8395,28.5955
8396,28.5119
8397,28.5702
8398,28.5489
8399,28.655
8400,28.5546
8401,28.4238
8402,28.4525
8403,28.4855
8404,28.5612
8405,28.4894
8406,28.4846
8407,28.4238
8408,28.4334
8409,28.536
8410,28.4892
8411,28.4987
8412,28.4838
8413,28.4509
8414,28.53
8415,28.4154
8416,28.5026
8417,28.4392
8418,28.4784
8419,28.5796
8420,28.5944
8421,28.4935
8422,28.4999
8423,28.531
8424,28.4172
8425,28.5711
8426,28.4662
8427,28.4379
8428,28.4117
8429,28.4155
8430,28.543
8431,28.532
8432,28.4645
8433,28.4737
8434,28.4917
8435,28.4739
8436,28.5066
8437,28.4575
8438,28.4931
8439,28.4097
8440,28.4759
8441,28.4289
8442,28.3912
8443,28.4543
8444,28.4899
8445,28.4036
8446,28.3604
8447,28.4802
8448,28.5527
8449,28.5524
8450,28.5735
8451,28.6074
8452,28.6057
8453,28.6102
8454,28.6834
8455,28.6237
8456,28.5591
8457,28.5663
8458,28.62
8459,28.5967
8460,28.6323
8461,28.5567
8462,28.6488
8463,28.7049
8464,28.5485
8465,28.6631
8466,28.5371
8467,28.6719
8468,28.6127
8469,28.6901
8470,28.5272
8471,28.5376
8472,28.5016
8473,28.4164
8474,28.4576
8475,28.4466
8476,28.4681
8477,28.4751
8478,28.4694
8479,28.4405
8480,28.5313
8481,28.4747
8482,28.5489
8483,28.581
8484,28.5427
8485,28.5874
8486,28.5488
8487,28.5541
8488,28.5369
8489,28.5635
8490,28.4786
8491,28.4344
8492,28.4704
8493,28.4487
8494,28.4448
8495,28.372
8496,28.4605
8497,28.3933
8498,28.4724
8499,28.5246
8500,28.5116
8501,28.63
8502,28.6195
8503,28.4714
8504,28.5096
8505,28.6124
8506,28.5763
8507,28.5663
8508,28.5642
8509,28.6719
8510,28.6727
8511,28.5291
8512,28.5787
8513,28.4977
8514,28.6737
8515,28.5678
8516,28.537
8517,28.5436
8518,28.5634
8519,28.5239
8520,28.4933
8521,28.4794
8522,28.4503
8523,28.469
8524,28.3784
8525,28.5425
8526,28.5084
8527,28.3678
8528,28.4936
8529,28.4861
8530,28.4403
8531,28.5662
8532,28.5567
8533,28.6213
8534,28.6363
8535,28.6037
8536,28.6217
8537,28.5634
8538,28.5101
8539,28.6112
8540,28.5096
8541,28.5231
8542,28.6192
8543,28.5572
8544,28.4555
8545,28.5059
8546,28.5214
8547,28.4498
8548,28.4774
8549,28.4547
8550,28.3602
8551,28.4645
8552,28.4061
8553,28.5453
8554,28.5463
8555,28.591
8556,28.6178
8557,28.5623
8558,28.4332
8559,28.4006
8560,28.4534
8561,28.4965
8562,28.4223
8563,28.4129
8564,28.5297
8565,28.5516
8566,28.57
8567,28.5777
8568,28.5343
8569,28.528
8570,28.4867
8571,28.5091
8572,28.4834
8573,28.5487
8574,28.5457
8575,28.6051
8576,28.5678
8577,28.5902
8578,28.5481
8579,28.6233
8580,28.6876
8581,28.6743
8582,28.6532
8583,28.6073
8584,28.6534
8585,28.5576
8586,28.6391
8587,28.641
8588,28.5417
8589,28.8037
8590,28.745
8591,28.6986
8592,28.6622
8593,28.6437
8594,28.585
8595,28.648
8596,28.6898
8597,28.6832
8598,28.6387
8599,28.6197
8600,28.5163
8601,28.5586
8602,28.6721
8603,28.5623
8604,28.4365
8605,28.5946
8606,28.5531
8607,28.4872
8608,28.6218
8609,28.4909
8610,28.5367
8611,28.5842
8612,28.5765
8613,28.5958
8614,28.7904
8615,28.7143
8616,28.6409
8617,28.6705
8618,28.6576
8619,28.7886
8620,28.6493
8621,28.6316
8622,28.6207
8623,28.739
8624,28.6333
8625,28.5891
8626,28.6691
8627,28.5303
8628,28.4778
8629,28.4601
8630,28.4842
8631,28.5515
8632,28.5958
8633,28.4602
8634,28.4951
8635,28.5595
8636,28.5457
8637,28.4963
8638,28.5893
8639,28.528
8640,28.5185
8641,28.5151
8642,28.567
8643,28.5466
8644,28.5333
8645,28.4755
8646,28.5098
8647,28.4813
8648,28.5135
8649,28.6233
8650,28.5731
8651,28.6343
8652,28.5648
8653,28.6288
8654,28.7564
8655,28.6678
8656,28.6408
8657,28.6726
8658,28.6135
8659,28.6172
8660,28.6798
8661,28.6488
8662,28.6366
8663,28.549
8664,28.4983
8665,28.5376
8666,28.5978
8667,28.6679
8668,28.7479
8669,28.7362
8670,28.5143
8671,28.5196
8672,28.5245
8673,28.5316
8674,28.7262
8675,28.6626
8676,28.7071
8677,28.5917
8678,28.471
8679,28.6698
8680,28.7722
8681,28.6705
8682,28.5559
8683,28.6126
8684,28.6063
8685,28.5871
8686,28.5875
8687,28.5625
8688,28.5812
8689,28.6144
8690,28.5913
8691,28.6195
8692,28.6215
8693,28.631
8694,28.6746
8695,28.6475
8696,28.6086
8697,28.7277
8698,28.7266
8699,28.7472
8700,28.7998
8701,28.718
8702,28.7618
8703,28.7808
8704,28.7935
8705,28.7346
8706,28.6159
8707,28.8097
8708,28.7197
8709,28.6937
8710,28.729
8711,28.6717
8712,28.6674
8713,28.7383
8714,28.7587
8715,28.704
8716,28.7138
8717,28.5523
8718,28.581
8719,28.5208
8720,28.5014
8721,28.5816
8722,28.6063
8723,28.5655
8724,28.6011
8725,28.6496
8726,28.6339
8727,28.5874
8728,28.6043
8729,28.6312
8730,28.6283
8731,28.6329
8732,28.7327
8733,28.7278
8734,28.5497
8735,28.617
8736,28.6871
8737,28.6361
8738,28.655
8739,28.6763
8740,28.6764
8741,28.7287
8742,28.6684
8743,28.6424
8744,28.6681
8745,28.7081
8746,28.7466
8747,28.7713
8748,28.6314
8749,28.6891
8750,28.6426
8751,28.6159
8752,28.7045
8753,28.7191
8754,28.7338
8755,28.8445
8756,28.7412
8757,28.8383
8758,28.806
8759,28.7816
8760,28.6924
8761,28.6771
8762,28.7772
8763,28.741
8764,28.6999
8765,28.6972
8766,28.6295
8767,28.7295
8768,28.5758
8769,28.543
8770,28.4813
8771,28.577
8772,28.5051
8773,28.484
8774,28.5022
8775,28.4592
8776,28.5312
8777,28.485
8778,28.4583
8779,28.492
8780,28.4058
8781,28.4046
8782,28.3626
8783,28.3035
8784,28.4069
8785,28.3163
8786,28.3986
8787,28.4798
8788,28.437
8789,28.4304
8790,28.5262
8791,28.606
8792,28.4495
8793,28.5317
8794,28.5328
8795,28.5486
8796,28.5923
8797,28.5644
8798,28.5693
8799,28.5534
8800,28.4602
8801,28.5127
8802,28.51
8803,28.5452
8804,28.5753
8805,28.5504
8806,28.5684
8807,28.4401
8808,28.5018
8809,28.4963
8810,28.5203
8811,28.4624
8812,28.486
8813,28.3722
8814,28.4804
8815,28.518
8816,28.5209
8817,28.5968
8818,28.4981
8819,28.4908
8820,28.4661
8821,28.559
8822,28.4269
8823,28.3992
8824,28.3851
8825,28.4121
8826,28.4792
8827,28.5939
8828,28.4972
8829,28.5366
8830,28.4953
8831,28.4411
8832,28.5154
8833,28.4898
8834,28.3991
8835,28.4528
8836,28.4515
8837,28.4201
8838,28.3843
8839,28.3781
8840,28.4099
8841,28.4562
8842,28.4216
8843,28.4718
8844,28.6282
8845,28.6175
8846,28.6217
8847,28.5147
8848,28.5807
8849,28.4825
8850,28.5767
8851,28.6384
8852,28.6678
8853,28.7043
8854,28.7367
8855,28.7142
8856,28.773
8857,28.7336
8858,28.6436
8859,28.6271
8860,28.7219
8861,28.574
8862,28.5432
8863,28.6284
8864,28.6934
8865,28.6934
8866,28.6907
8867,28.5837
8868,28.5989
8869,28.6584
8870,28.6537
8871,28.6792
8872,28.7039
8873,28.6841
8874,28.6639
8875,28.6086
8876,28.6754
8877,28.5562
8878,28.5717
8879,28.5173
8880,28.5571
8881,28.5552
8882,28.6097
8883,28.6441
8884,28.6399
8885,28.5873
8886,28.5588
8887,28.5803
8888,28.5852
8889,28.55
8890,28.5843
8891,28.5632
8892,28.5663
8893,28.6182
8894,28.6026
8895,28.5439
8896,28.546
8897,28.5471
8898,28.4912
8899,28.5005
8900,28.5299
8901,28.4967
8902,28.4487
8903,28.4302
8904,28.582
8905,28.6235
8906,28.7153
8907,28.7527
8908,28.6648
8909,28.6552
8910,28.5983
8911,28.6364
8912,28.678
8913,28.6067
8914,28.614
8915,28.626
8916,28.7034
8917,28.7041
8918,28.7347
8919,28.7425
8920,28.6211
8921,28.6696
8922,28.582
8923,28.6794
8924,28.5482
8925,28.4743
8926,28.4906
8927,28.5527
8928,28.6179
8929,28.5492
8930,28.6375
8931,28.5617
8932,28.6026
8933,28.58
8934,28.5719
8935,28.5637
8936,28.6418
8937,28.5227
8938,28.5363
8939,28.5648
8940,28.6006
8941,28.5741
8942,28.5916
8943,28.6099
8944,28.6477
8945,28.6221
8946,28.7006
8947,28.6572
8948,28.7538
8949,28.7498
8950,28.9299
8951,28.7488
8952,28.7188
8953,28.6098
8954,28.6078
8955,28.4687
8956,28.5252
8957,28.5348
8958,28.5803
8959,28.5285
8960,28.5889
8961,28.6125
8962,28.6333
8963,28.6615
8964,28.748
8965,28.7414
8966,28.7943
8967,28.7271
8968,28.7037
8969,28.7357
8970,28.7105
8971,28.8211
8972,28.6378
8973,28.699
8974,28.5808
8975,28.6288
8976,28.4848
8977,28.4775
8978,28.6047
8979,28.6148
8980,28.5934
8981,28.6109
8982,28.6273
8983,28.6742
8984,28.623
8985,28.6759
8986,28.6323
8987,28.5858
8988,28.6854
8989,28.5856
8990,28.6581
8991,28.6905
8992,28.6092
8993,28.6499
8994,28.6218
8995,28.6936
8996,28.6519
8997,28.7057
8998,28.7791
8999,28.6751
9000,28.7647
9001,28.754
9002,28.5457
9003,28.6598
9004,28.5668
9005,28.6455
9006,28.6502
9007,28.7024
9008,28.7309
9009,28.7173
9010,28.8901
9011,28.8235
9012,28.697
9013,28.8294
9014,28.6781
9015,28.6431
9016,28.8759
9017,28.767
9018,28.7946
9019,28.7739
9020,28.7395
9021,28.821
9022,28.7485
9023,28.7982
9024,28.741
9025,28.784
9026,28.6501
9027,28.5768
9028,28.6654
9029,28.6637
9030,28.6764
9031,28.5584
9032,28.5352
9033,28.5754
9034,28.5348
9035,28.4305
9036,28.4519
9037,28.5294
9038,28.5373
9039,28.5236
9040,28.6288
9041,28.6147
9042,28.4994
9043,28.5323
9044,28.5142
9045,28.5055
9046,28.572
9047,28.5975
9048,28.6234
9049,28.5704
9050,28.5634
9051,28.5138
9052,28.5865
9053,28.449
9054,28.5105
9055,28.4979
9056,28.4937
9057,28.51
9058,28.607
9059,28.6231
9060,28.5637
9061,28.5656
9062,28.5926
9063,28.6084
9064,28.6805
9065,28.6871
9066,28.6702
9067,28.6903
9068,28.6983
9069,28.61
9070,28.6637
9071,28.5203
9072,28.727
9073,28.7213
9074,28.7171
9075,28.6334
9076,28.7546
9077,28.7192
9078,28.5869
9079,28.6002
9080,28.5725
9081,28.4966
9082,28.5123
9083,28.4069
9084,28.5281
9085,28.4155
9086,28.5162
9087,28.5007
9088,28.5476
9089,28.5371
9090,28.5411
9091,28.5985
9092,28.4296
9093,28.5286
9094,28.5023
9095,28.4754
9096,28.5137
9097,28.5014
9098,28.5432
9099,28.6432
9100,28.5265
9101,28.5488
9102,28.5782
9103,28.451
9104,28.5334
9105,28.6095
9106,28.6412
9107,28.5621
9108,28.5822
9109,28.5703
9110,28.5504
9111,28.5967
9112,28.6637
9113,28.5943
9114,28.6043
9115,28.576
9116,28.6222
9117,28.5869
9118,28.5108
9119,28.5071
9120,28.618
9121,28.7127
9122,28.6541
9123,28.631
9124,28.6531
9125,28.6104
9126,28.6182
9127,28.5932
9128,28.5557
9129,28.5184
9130,28.5755
9131,28.5342
9132,28.5363
9133,28.5646
9134,28.617
9135,28.547
9136,28.5299
9137,28.5906
9138,28.548
9139,28.6479
9140,28.6037
9141,28.6099
9142,28.5252
9143,28.5551
9144,28.453
9145,28.5893
9146,28.6037
9147,28.6456
9148,28.6635
9149,28.6255
9150,28.564
9151,28.5372
9152,28.4311
9153,28.5205
9154,28.6477
9155,28.5389
9156,28.5251
9157,28.5177
9158,28.584
9159,28.5334
9160,28.5063
9161,28.569
9162,28.5841
9163,28.5654
9164,28.5186
9165,28.4401
9166,28.4821
9167,28.4327
9168,28.344
9169,28.4832
9170,28.5374
9171,28.4889
9172,28.5109
9173,28.4997
9174,28.5264
9175,28.585
9176,28.4744
9177,28.5845
9178,28.6043
9179,28.5824
9180,28.5336
9181,28.5753
9182,28.61
9183,28.5981
9184,28.4756
9185,28.4108
9186,28.4711
9187,28.5529
9188,28.5831
9189,28.527
9190,28.5783
9191,28.3591
9192,28.4277
9193,28.5023
9194,28.4572
9195,28.4932
9196,28.4718
9197,28.495
9198,28.4956
9199,28.542
9200,28.5388
9201,28.5969
9202,28.5817
9203,28.5304
9204,28.4548
9205,28.4937
9206,28.4387
9207,28.5812
9208,28.5694
9209,28.5412
9210,28.5307
9211,28.432
9212,28.4195
9213,28.5379
9214,28.5053
9215,28.5049
9216,28.4898
9217,28.619
9218,28.6397
9219,28.6545
9220,28.657
9221,28.6658
9222,28.6315
9223,28.5786
9224,28.5951
9225,28.6095
9226,28.5274
9227,28.6684
9228,28.5681
9229,28.537
9230,28.5662
9231,28.5108
9232,28.5937
9233,28.6104
9234,28.6035
9235,28.6187
9236,28.6708
9237,28.5061
9238,28.5802
9239,28.5901
9240,28.6351
9241,28.622
9242,28.4848
9243,28.3714
9244,28.5206
9245,28.4153
9246,28.4476
9247,28.4064
9248,28.4641
9249,28.5045
9250,28.53
9251,28.4289
9252,28.6352
9253,28.5381
9254,28.484
9255,28.5791
9256,28.4917
9257,28.6603
9258,28.6348
9259,28.5707
9260,28.61
9261,28.5718
9262,28.5794
9263,28.5478
9264,28.5045
9265,28.5609
9266,28.4899
9267,28.4965
9268,28.5802
9269,28.6521
9270,28.5389
9271,28.5896
9272,28.6305
9273,28.6595
9274,28.5979
9275,28.5587
9276,28.591
9277,28.663
9278,28.6966
9279,28.7442
9280,28.7299
9281,28.5614
9282,28.4717
9283,28.5196
9284,28.481
9285,28.5369
9286,28.4873
9287,28.5265
9288,28.596
9289,28.5882
9290,28.6259
9291,28.5804
9292,28.6446
9293,28.717
9294,28.6259
9295,28.6092
9296,28.6492
9297,28.4822
9298,28.5739
9299,28.6193
9300,28.5868
9301,28.6457
9302,28.48
9303,28.622
9304,28.541
9305,28.5403
9306,28.5851
9307,28.5862
9308,28.6143
9309,28.5773
9310,28.602
9311,28.5995
9312,28.6566
9313,28.712
9314,28.7962
9315,28.6398
9316,28.6491
9317,28.7085
9318,28.7161
9319,28.6679
9320,28.7894
9321,28.7483
9322,28.6786
9323,28.7072
9324,28.761
9325,28.7146
9326,28.6735
9327,28.6218
9328,28.6492
9329,28.5796
9330,28.5891
9331,28.6592
9332,28.6527
9333,28.6543
9334,28.6108
9335,28.5549
9336,28.5316
9337,28.5061
9338,28.5936
9339,28.5938
9340,28.5326
9341,28.6746
9342,28.6059
9343,28.5819
9344,28.7258
9345,28.6746
9346,28.6058
9347,28.6957
9348,28.6537
9349,28.659
9350,28.7193
9351,28.6511
9352,28.5734
9353,28.4379
9354,28.6364
9355,28.5864
9356,28.4916
9357,28.5297
9358,28.6507
9359,28.5367
9360,28.493
9361,28.6024
9362,28.5277
9363,28.5451
9364,28.6336
9365,28.6012
9366,28.5942
9367,28.6406
9368,28.628
9369,28.7133
9370,28.6283
9371,28.6455
9372,28.6464
9373,28.5317
9374,28.5249
9375,28.598
9376,28.566
9377,28.4992
9378,28.6969
9379,28.6478
9380,28.7521
9381,28.6562
9382,28.6631
9383,28.5675
9384,28.5827
9385,28.5453
9386,28.5893
9387,28.5451
9388,28.4871
9389,28.6149
9390,28.5975
9391,28.6485
9392,28.559
9393,28.5986
9394,28.8092
9395,28.6236
9396,28.6345
9397,28.5708
9398,28.5885
9399,28.6131
9400,28.6245
9401,28.5881
9402,28.4787
9403,28.5524
9404,28.5581
9405,28.6125
9406,28.6832
9407,28.6446
9408,28.5576
9409,28.6139
9410,28.6639
9411,28.7131
9412,28.6402
9413,28.6051
9414,28.5512
9415,28.4697
9416,28.5394
9417,28.4762
9418,28.5554
9419,28.5908
9420,28.5149
9421,28.6325
9422,28.5501
9423,28.5477
9424,28.5999
9425,28.5135
9426,28.4775
9427,28.5453
9428,28.582
9429,28.6445
9430,28.6879
9431,28.6126
9432,28.6282
9433,28.5578
9434,28.5374
9435,28.5551
9436,28.5798
9437,28.6015
9438,28.5524
9439,28.6625
9440,28.6261
9441,28.6478
9442,28.7864
9443,28.6529
9444,28.6985
9445,28.6946
9446,28.6348
9447,28.676
9448,28.7123
9449,28.6601
9450,28.6326
9451,28.5477
9452,28.6516
9453,28.6284
9454,28.6305
9455,28.5801
9456,28.775
9457,28.6872
9458,28.6422
9459,28.5468
9460,28.6007
9461,28.6343
9462,28.6047
9463,28.4767
9464,28.5729
9465,28.5201
9466,28.4387
9467,28.4738
9468,28.4458
9469,28.498
9470,28.5231
9471,28.5791
9472,28.5871
9473,28.5423
9474,28.5144
9475,28.563
9476,28.5704
9477,28.5939
9478,28.6373
9479,28.5693
9480,28.5815
9481,28.614
9482,28.6337
9483,28.6544
9484,28.6577
9485,28.6271
9486,28.5611
9487,28.5769
9488,28.4946
9489,28.4861
9490,28.5767
9491,28.6075
9492,28.6376
9493,28.5493
9494,28.5603
9495,28.5161
9496,28.626
9497,28.6548
9498,28.59
9499,28.5493
9500,28.5274
9501,28.572
9502,28.5617
9503,28.5395
9504,28.6162
9505,28.5617
9506,28.6086
9507,28.5602
9508,28.5871
9509,28.5347
9510,28.4693
9511,28.5385
9512,28.5434
9513,28.5185
9514,28.4908
9515,28.5275
9516,28.5159
9517,28.5056
9518,28.4552
9519,28.4505
9520,28.5701
9521,28.6508
9522,28.517
9523,28.4249
9524,28.5082
9525,28.4552
9526,28.5447
9527,28.5363
9528,28.3459
9529,28.349
9530,28.3472
9531,28.4134
9532,28.3182
9533,28.4511
9534,28.475
9535,28.4714
9536,28.5712
9537,28.6024
9538,28.5506
9539,28.5568
9540,28.5389
9541,28.5138
9542,28.5768
9543,28.5298
9544,28.4815
9545,28.4831
9546,28.4442
9547,28.5564
9548,28.606
9549,28.5358
9550,28.5837
9551,28.5313
9552,28.5753
9553,28.6494
9554,28.5401
9555,28.6734
9556,28.7216
9557,28.6177
9558,28.514
9559,28.4964
9560,28.6577
9561,28.529
9562,28.5323
9563,28.5684
9564,28.4188
9565,28.5058
9566,28.4902
9567,28.5819
9568,28.4515
9569,28.4233
9570,28.5247
9571,28.5151
9572,28.5788
9573,28.6328
9574,28.693
9575,28.57
9576,28.4886
9577,28.4476
9578,28.5102
9579,28.5952
9580,28.5269
9581,28.5554
9582,28.5047
9583,28.5623
9584,28.5691
9585,28.4779
9586,28.5134
9587,28.4606
9588,28.3803
9589,28.4048
9590,28.4898
9591,28.6059
9592,28.5212
9593,28.638
9594,28.6443
9595,28.6103
9596,28.5467
9597,28.6518
9598,28.5968
9599,28.6221
9600,28.5617
9601,28.5035
9602,28.5435
9603,28.5062
9604,28.5165
9605,28.3893
9606,28.5384
9607,28.4808
9608,28.5903
9609,28.5284
9610,28.4682
9611,28.2757
9612,28.4398
9613,28.4367
9614,28.3735
9615,28.3233
9616,28.2998
9617,28.4027
9618,28.4185
9619,28.4096
9620,28.4424
9621,28.3787
9622,28.3859
9623,28.4057
9624,28.4095
9625,28.4182
9626,28.3998
9627,28.4551
9628,28.4841
9629,28.4547
9630,28.4658
9631,28.6097
9632,28.5094
9633,28.4199
9634,28.4175
9635,28.4129
9636,28.4254
9637,28.3436
9638,28.3945
9639,28.3398
9640,28.3324
9641,28.3181
9642,28.394
9643,28.4355
9644,28.4618
9645,28.4869
9646,28.4586
9647,28.4456
9648,28.4482
9649,28.5146
9650,28.4946
9651,28.3394
9652,28.4201
9653,28.3346
9654,28.3843
9655,28.3977
9656,28.4776
9657,28.5042
9658,28.49
9659,28.5986
9660,28.5567
9661,28.5622
9662,28.4915
9663,28.4537
9664,28.372
9665,28.3654
9666,28.3734
9667,28.4246
9668,28.4573
9669,28.4599
9670,28.4791
9671,28.48
9672,28.5266
9673,28.5042
9674,28.5369
9675,28.5171
9676,28.5081
9677,28.6417
9678,28.553
9679,28.6023
9680,28.5709
9681,28.5753
9682,28.43
9683,28.3721
9684,28.4172
9685,28.4491
9686,28.457
9687,28.4392
9688,28.4336
9689,28.3037
9690,28.294
9691,28.4257
9692,28.4489
9693,28.5526
9694,28.3547
9695,28.5173
9696,28.3959
9697,28.381
9698,28.2855
9699,28.2991
9700,28.2727
9701,28.3757
9702,28.359
9703,28.3888
9704,28.4139
9705,28.3215
9706,28.3482
9707,28.4638
9708,28.3072
9709,28.3501
9710,28.4576
9711,28.404
9712,28.4076
9713,28.429
9714,28.4221
9715,28.4269
9716,28.4817
9717,28.3437
9718,28.5568
9719,28.5119
9720,28.3125
9721,28.3827
9722,28.3348
9723,28.4073
9724,28.4045
9725,28.4771
9726,28.4835
9727,28.4524
9728,28.3176
9729,28.3163
9730,28.4074
9731,28.4396
9732,28.5643
9733,28.5223
9734,28.4445
9735,28.4175
9736,28.3427
9737,28.4861
9738,28.3398
9739,28.4621
9740,28.4204
9741,28.416
9742,28.3897
9743,28.38
9744,28.3569
9745,28.3986
9746,28.401
9747,28.444
9748,28.475
9749,28.4036
9750,28.5212
9751,28.4417
9752,28.4452
9753,28.5
9754,28.4309
9755,28.2716
9756,28.3222
9757,28.3168
9758,28.3846
9759,28.3609
9760,28.3341
9761,28.4181
9762,28.44
9763,28.4903
9764,28.3968
9765,28.4081
9766,28.3994
9767,28.3708
9768,28.3841
9769,28.4509
9770,28.5212
9771,28.4619
9772,28.4191
9773,28.3947
9774,28.4221
9775,28.5438
9776,28.4618
9777,28.4602
9778,28.4511
9779,28.3932
9780,28.4346
9781,28.3626
9782,28.4398
9783,28.4803
9784,28.5409
9785,28.5245
9786,28.5506
9787,28.5072
9788,28.4585
9789,28.4903
9790,28.5377
9791,28.4943
9792,28.4366
9793,28.4742
9794,28.5762
9795,28.5282
9796,28.5183
9797,28.569
9798,28.5831
9799,28.4749
9800,28.4794
9801,28.433
9802,28.4401
9803,28.4519
9804,28.4076
9805,28.5109
9806,28.4638
9807,28.5551
9808,28.5104
9809,28.4879
9810,28.4799
9811,28.4368
9812,28.3895
9813,28.4597
9814,28.4323
9815,28.514
9816,28.4559
9817,28.4833
9818,28.5369
9819,28.4876
9820,28.4205
9821,28.5216
9822,28.4132
9823,28.3708
9824,28.4322
9825,28.5385
9826,28.5582
9827,28.4311
9828,28.5362
9829,28.5442
9830,28.4908
9831,28.5464
9832,28.5168
9833,28.5204
9834,28.5515
9835,28.5834
9836,28.6714
9837,28.5805
9838,28.5563
9839,28.5254
9840,28.4417
9841,28.387
9842,28.5338
9843,28.4694
9844,28.6102
9845,28.6583
9846,28.5713
9847,28.6218
9848,28.6162
9849,28.5704
9850,28.4684
9851,28.5199
9852,28.5239
9853,28.5041
9854,28.5173
9855,28.5216
9856,28.4698
9857,28.4322
9858,28.4739
9859,28.3914
9860,28.4725
9861,28.4104
9862,28.5216
9863,28.4438
9864,28.371
9865,28.5474
9866,28.5462
9867,28.4394
9868,28.4308
9869,28.3962
9870,28.4039
9871,28.5227
9872,28.395
9873,28.5215
9874,28.443
9875,28.4348
9876,28.5047
9877,28.4875
9878,28.5703
9879,28.5863
9880,28.4927
9881,28.4432
9882,28.5496
9883,28.5061
9884,28.5475
9885,28.5588
9886,28.6285
9887,28.5816
9888,28.5302
9889,28.5435
9890,28.4397
9891,28.4275
9892,28.4683
9893,28.4741
9894,28.4735
9895,28.4722
9896,28.4913
9897,28.4541
9898,28.4493
9899,28.4698
9900,28.54
9901,28.54
9902,28.5298
9903,28.4857
9904,28.6408
9905,28.5845
9906,28.543
9907,28.5684
9908,28.4621
9909,28.5223
9910,28.5604
9911,28.6481
9912,28.6166
9913,28.6016
9914,28.6117
9915,28.5857
9916,28.4502
9917,28.473
9918,28.3922
9919,28.4735
9920,28.3493
9921,28.43
9922,28.4916
9923,28.5572
9924,28.5818
9925,28.567
9926,28.6029
9927,28.6435
9928,28.6165
9929,28.69
9930,28.5887
9931,28.6286
9932,28.5669
9933,28.4688
9934,28.4825
9935,28.499
9936,28.5347
9937,28.4803
9938,28.565
9939,28.5472
9940,28.5027
9941,28.5829
9942,28.4647
9943,28.5604
9944,28.4794
9945,28.455
9946,28.4317
9947,28.5778
9948,28.542
9949,28.4728
9950,28.5065
9951,28.4907
9952,28.4571
9953,28.538
9954,28.6325
9955,28.5174
9956,28.5535
9957,28.6387
9958,28.7322
9959,28.733
9960,28.6061
9961,28.525
9962,28.5626
9963,28.6571
9964,28.4942
9965,28.57
9966,28.5373
9967,28.5278
9968,28.5878
9969,28.5001
9970,28.6066
9971,28.6985
9972,28.631
9973,28.5113
9974,28.605
9975,28.5344
9976,28.6287
9977,28.5766
9978,28.5968
9979,28.6246
9980,28.6336
9981,28.6173
9982,28.6211
9983,28.5018
9984,28.5908
9985,28.5857
9986,28.5693
9987,28.6796
9988,28.7038
9989,28.6939
9990,28.672
9991,28.6342
9992,28.6679
9993,28.6916
9994,28.6994
9995,28.5806
9996,28.4954
9997,28.4364
9998,28.4654
9999,28.583
10000,28.6303
