#Frame     RMSD_00002
       1       0.0000
       2       0.7246
       3       0.7463
       4       0.8585
       5       0.9336
       6       0.9163
       7       1.0241
       8       1.1153
       9       1.1836
      10       1.2462
      11       1.3553
      12       1.2405
      13       1.2085
      14       1.2186
      15       1.2756
      16       1.1661
      17       1.0714
      18       1.0514
      19       1.1447
      20       1.2100
      21       1.1234
      22       1.1232
      23       1.1720
      24       1.1493
      25       1.1432
      26       1.1018
      27       1.1766
      28       1.2906
      29       1.1175
      30       1.2379
      31       1.1416
      32       1.1277
      33       1.1664
      34       1.0886
      35       1.0220
      36       1.0615
      37       1.0765
      38       1.2000
      39       1.2419
      40       1.2195
      41       1.1764
      42       1.1045
      43       1.0539
      44       1.0235
      45       1.0065
      46       1.2041
      47       1.1167
      48       1.1694
      49       1.1062
      50       1.1369
      51       1.4073
      52       1.3030
      53       1.2330
      54       1.0913
      55       1.1837
      56       1.3939
      57       1.3425
      58       1.4019
      59       1.4271
      60       1.3067
      61       1.4207
      62       1.5169
      63       1.5480
      64       1.5803
      65       1.6846
      66       1.5823
      67       1.6392
      68       1.8647
      69       1.8092
      70       2.0513
      71       2.0129
      72       2.1125
      73       1.9104
      74       1.8810
      75       1.9325
      76       1.8559
      77       1.8817
      78       1.8736
      79       1.9246
      80       1.8794
      81       1.8758
      82       1.7885
      83       1.8914
      84       1.7144
      85       1.7551
      86       1.7019
      87       1.6507
      88       1.6526
      89       1.7622
      90       1.7122
      91       1.7546
      92       1.6119
      93       1.6934
      94       1.7376
      95       1.7529
      96       1.7510
      97       1.7275
      98       1.5650
      99       1.5951
     100       1.6961
     101       1.6651
     102       1.5673
     103       1.5912
     104       1.6060
     105       1.9235
     106       1.8020
     107       1.6757
     108       1.8099
     109       1.8261
     110       1.9524
     111       1.8546
     112       1.9343
     113       1.8929
     114       1.8470
     115       1.8363
     116       1.7445
     117       1.9082
     118       1.6891
     119       1.6156
     120       1.8109
     121       1.7787
     122       1.7548
     123       1.7947
     124       1.6146
     125       1.6978
     126       1.7586
     127       1.9664
     128       1.9315
     129       1.8888
     130       1.7474
     131       1.6152
     132       1.7065
     133       1.7259
     134       1.7260
     135       1.7358
     136       1.7755
     137       1.5906
     138       1.6656
     139       1.5170
     140       1.5563
     141       1.7152
     142       1.8622
     143       1.9758
     144       2.0591
     145       2.1578
     146       2.2650
     147       2.1516
     148       2.0562
     149       2.0347
     150       2.0004
     151       2.1631
     152       2.0645
     153       1.9538
     154       1.9281
     155       2.0046
     156       2.1253
     157       2.1595
     158       2.0458
     159       2.2917
     160       2.0921
     161       2.2390
     162       2.0494
     163       1.9861
     164       1.7995
     165       1.9280
     166       1.7475
     167       1.8320
     168       1.9115
     169       2.0101
     170       2.0256
     171       2.0156
     172       1.9334
     173       1.8880
     174       1.8642
     175       2.0772
     176       2.3374
     177       2.3317
     178       1.9721
     179       1.9707
     180       1.9356
     181       1.7406
     182       1.9487
     183       2.1263
     184       1.9639
     185       2.0045
     186       2.0649
     187       2.0526
     188       2.1558
     189       2.2248
     190       2.2336
     191       2.0258
     192       2.2989
     193       2.2207
     194       2.2939
     195       2.2918
     196       2.1882
     197       2.1432
     198       2.1465
     199       2.2098
     200       2.1394
     201       2.0095
     202       2.0511
     203       1.8626
     204       1.9112
     205       1.9938
     206       2.0459
     207       2.0421
     208       1.9167
     209       2.0667
     210       2.0106
     211       2.1801
     212       2.1777
     213       2.1263
     214       2.0777
     215       2.0753
     216       2.1105
     217       1.9450
     218       2.0128
     219       1.9583
     220       1.9710
     221       1.7127
     222       1.4686
     223       1.5929
     224       1.5050
     225       1.6600
     226       1.6168
     227       1.6013
     228       1.5585
     229       1.7527
     230       1.7348
     231       1.8413
     232       1.7262
     233       1.8485
     234       1.7884
     235       1.8722
     236       1.7663
     237       1.8218
     238       1.6883
     239       1.7721
     240       1.7686
     241       1.8445
     242       1.9386
     243       1.8126
     244       1.7912
     245       1.8098
     246       1.6849
     247       1.7492
     248       1.7641
     249       1.9247
     250       1.8881
     251       1.8540
     252       1.8758
     253       1.9094
     254       1.9568
     255       1.8677
     256       1.8523
     257       1.8180
     258       1.7647
     259       1.6432
     260       1.6677
     261       1.7245
     262       1.7942
     263       1.6636
     264       1.5478
     265       1.7719
     266       1.7208
     267       1.7561
     268       1.9021
     269       2.0181
     270       1.8747
     271       1.8507
     272       1.9817
     273       1.8315
     274       1.8367
     275       1.9598
     276       2.0041
     277       1.8954
     278       2.0710
     279       1.9168
     280       1.9267
     281       1.7623
     282       1.9379
     283       1.8756
     284       1.9991
     285       1.8861
     286       1.8389
     287       1.7878
     288       1.8312
     289       1.9495
     290       2.0196
     291       1.9026
     292       2.0316
     293       1.9715
     294       1.9034
     295       1.8810
     296       1.7876
     297       1.7351
     298       1.8442
     299       1.8629
     300       1.9644
     301       1.9453
     302       1.9518
     303       1.9929
     304       1.8133
     305       1.9219
     306       1.7871
     307       1.7826
     308       1.7359
     309       1.8649
     310       1.9164
     311       1.8379
     312       1.8986
     313       1.7659
     314       1.7155
     315       1.7283
     316       1.8649
     317       1.9122
     318       2.0161
     319       2.1351
     320       1.9309
     321       2.0106
     322       1.9622
     323       1.9939
     324       1.8419
     325       1.9973
     326       1.8689
     327       1.8550
     328       1.7912
     329       1.7178
     330       1.8176
     331       1.7335
     332       1.7689
     333       1.7195
     334       1.8688
     335       1.6664
     336       1.7000
     337       1.6213
     338       1.6456
     339       1.7166
     340       1.9223
     341       1.8051
     342       1.8549
     343       1.9391
     344       2.0844
     345       1.9655
     346       1.9346
     347       1.9848
     348       2.0660
     349       1.9452
     350       2.2747
     351       2.2667
     352       2.1101
     353       2.2140
     354       1.8793
     355       1.8666
     356       1.7664
     357       1.7699
     358       1.7754
     359       1.8592
     360       1.8447
     361       1.7692
     362       1.5705
     363       1.6239
     364       1.7500
     365       1.8648
     366       1.9146
     367       1.9774
     368       1.8255
     369       1.9635
     370       1.9947
     371       2.1488
     372       2.0878
     373       2.0179
     374       2.0617
     375       1.9264
     376       2.0375
     377       2.1225
     378       2.1758
     379       2.0432
     380       1.9947
     381       2.0789
     382       2.0596
     383       1.9173
     384       1.9419
     385       1.9961
     386       1.9400
     387       1.8507
     388       1.7109
     389       1.5243
     390       1.4595
     391       1.5530
     392       1.4987
     393       1.7634
     394       1.6117
     395       1.5853
     396       1.6561
     397       1.6572
     398       1.7851
     399       1.9486
     400       1.8509
     401       1.6418
     402       1.7991
     403       1.7609
     404       1.8788
     405       1.8360
     406       1.9763
     407       1.7919
     408       1.7593
     409       1.6867
     410       1.7283
     411       1.7218
     412       1.6539
     413       1.7374
     414       1.7828
     415       1.7063
     416       1.7050
     417       1.7355
     418       1.8314
     419       1.8271
     420       1.9112
     421       1.8762
     422       1.8012
     423       1.7771
     424       2.0077
     425       1.9707
     426       1.8707
     427       1.8110
     428       1.7705
     429       1.7350
     430       1.7389
     431       1.8555
     432       1.9124
     433       1.8535
     434       1.7823
     435       1.7828
     436       1.7592
     437       1.8137
     438       1.8081
     439       1.8363
     440       1.9072
     441       1.7966
     442       1.8178
     443       1.7156
     444       1.8564
     445       1.9117
     446       1.8016
     447       1.7087
     448       1.8638
     449       1.9110
     450       1.8089
     451       2.0418
     452       2.0003
     453       2.1755
     454       1.9764
     455       1.9260
     456       1.9315
     457       1.7378
     458       1.7995
     459       2.0637
     460       2.0641
     461       1.8319
     462       1.7523
     463       1.7347
     464       1.7889
     465       1.9950
     466       1.7622
     467       1.8482
     468       1.7840
     469       1.7166
     470       1.9386
     471       1.8968
     472       1.8294
     473       2.0369
     474       2.1822
     475       2.0792
     476       2.0337
     477       2.0219
     478       1.8797
     479       1.8884
     480       1.7668
     481       1.6349
     482       1.6318
     483       1.7046
     484       1.6542
     485       1.7964
     486       1.6924
     487       1.6833
     488       1.8462
     489       1.8924
     490       1.8111
     491       1.8541
     492       1.7554
     493       1.8302
     494       1.7658
     495       1.7713
     496       1.8160
     497       1.9902
     498       1.9144
     499       1.7546
     500       1.7313
     501       1.7625
     502       1.8609
     503       1.8715
     504       1.8624
     505       1.8510
     506       2.0466
     507       1.8490
     508       1.8265
     509       1.6319
     510       1.7097
     511       1.7188
     512       1.7757
     513       1.8645
     514       1.7560
     515       1.8281
     516       1.7358
     517       1.8945
     518       1.7993
     519       1.8672
     520       1.8940
     521       1.9096
     522       1.9428
     523       1.8469
     524       1.9725
     525       1.9877
     526       1.9607
     527       1.8296
     528       2.0351
     529       2.1777
     530       2.0868
     531       2.1237
     532       1.8964
     533       2.0537
     534       1.8933
     535       1.9312
     536       1.8491
     537       1.9521
     538       1.8104
     539       1.8828
     540       1.8261
     541       1.8038
     542       2.0309
     543       1.9936
     544       1.9778
     545       1.8066
     546       1.9094
     547       1.8105
     548       1.8023
     549       1.6713
     550       1.6977
     551       1.7286
     552       1.7872
     553       1.6824
     554       1.5129
     555       1.6592
     556       1.6509
     557       1.5705
     558       1.6129
     559       1.7482
     560       1.5979
     561       1.6891
     562       1.7208
     563       1.7196
     564       1.6509
     565       1.7382
     566       1.7284
     567       1.8494
     568       1.9602
     569       1.8982
     570       1.8226
     571       1.9244
     572       2.1220
     573       1.9779
     574       1.8225
     575       1.8773
     576       1.9880
     577       2.1201
     578       2.0107
     579       2.0671
     580       2.3342
     581       2.2891
     582       2.1621
     583       2.2522
     584       2.2717
     585       2.2019
     586       2.1579
     587       2.1568
     588       1.9137
     589       1.8915
     590       1.8911
     591       2.0821
     592       1.9341
     593       2.0493
     594       1.9675
     595       1.8986
     596       2.0916
     597       1.9593
     598       1.9077
     599       1.7699
     600       1.7617
     601       1.8358
     602       1.8641
     603       1.9995
     604       1.9716
     605       1.9577
     606       2.0649
     607       2.1428
     608       2.0394
     609       1.9430
     610       2.0781
     611       1.9723
     612       1.9691
     613       1.8686
     614       2.2528
     615       1.9527
     616       2.1119
     617       2.2654
     618       2.2773
     619       2.2382
     620       2.2082
     621       1.9728
     622       2.1106
     623       1.9556
     624       1.8904
     625       1.9602
     626       1.9628
     627       2.1000
     628       2.2393
     629       2.0450
     630       2.1432
     631       2.2347
     632       2.0687
     633       2.0813
     634       2.3575
     635       2.4824
     636       2.3880
     637       2.2431
     638       2.2732
     639       2.3520
     640       2.3787
     641       2.1433
     642       2.1494
     643       2.0674
     644       2.0886
     645       2.0914
     646       2.1945
     647       2.0012
     648       1.7808
     649       1.9167
     650       1.9460
     651       1.9749
     652       2.0099
     653       1.9622
     654       1.9385
     655       2.0703
     656       2.0305
     657       1.8486
     658       1.9080
     659       1.8596
     660       1.7984
     661       1.9332
     662       1.8278
     663       1.9298
     664       1.8775
     665       1.9764
     666       1.8423
     667       2.0554
     668       2.0927
     669       2.0225
     670       2.0605
     671       1.9875
     672       1.7963
     673       1.9455
     674       1.8765
     675       2.0917
     676       2.1453
     677       2.1387
     678       1.9551
     679       1.9466
     680       2.0697
     681       2.1268
     682       2.0741
     683       1.9784
     684       2.0991
     685       2.1920
     686       2.2543
     687       2.1698
     688       2.2159
     689       2.1799
     690       2.3117
     691       2.1780
     692       2.2570
     693       2.1516
     694       2.2753
     695       2.1953
     696       2.3627
     697       2.3543
     698       2.3915
     699       2.4021
     700       2.2914
     701       2.3507
     702       2.4185
     703       2.5850
     704       2.3860
     705       2.3047
     706       2.2042
     707       2.2297
     708       2.0751
     709       2.1322
     710       2.0487
     711       2.1816
     712       2.2656
     713       2.2413
     714       2.1580
     715       2.0628
     716       2.2769
     717       2.3506
     718       2.4459
     719       2.4583
     720       2.2128
     721       2.1791
     722       2.3447
     723       2.2718
     724       2.2518
     725       2.2401
     726       2.2172
     727       2.1723
     728       2.1234
     729       2.0939
     730       2.1017
     731       2.1473
     732       2.1308
     733       2.0094
     734       1.9931
     735       2.1530
     736       1.9758
     737       2.0125
     738       2.0117
     739       1.9982
     740       1.9991
     741       2.0243
     742       2.0720
     743       2.0750
     744       2.0524
     745       2.0385
     746       1.9150
     747       1.8562
     748       1.8682
     749       1.9692
     750       2.0341
     751       1.9484
     752       1.8830
     753       1.8265
     754       1.8888
     755       2.0231
     756       2.0350
     757       1.8867
     758       1.9255
     759       1.9109
     760       1.9328
     761       1.7917
     762       1.9436
     763       1.9002
     764       1.8171
     765       1.8664
     766       1.8711
     767       1.8767
     768       1.8507
     769       2.0155
     770       1.9986
     771       1.9876
     772       2.0459
     773       2.0893
     774       2.0950
     775       2.1219
     776       2.1281
     777       2.0321
     778       2.0542
     779       2.0816
     780       2.2059
     781       2.1271
     782       2.1187
     783       2.1966
     784       2.0998
     785       2.0008
     786       2.0677
     787       2.0863
     788       2.0315
     789       2.1326
     790       1.9459
     791       2.0695
     792       2.1086
     793       2.1269
     794       2.1726
     795       2.1849
     796       2.2636
     797       2.2479
     798       2.0717
     799       2.1046
     800       2.0362
     801       2.0956
     802       2.0660
     803       2.0725
     804       2.1553
     805       2.0227
     806       1.9544
     807       1.8368
     808       1.8058
     809       1.7767
     810       1.8669
     811       1.8723
     812       1.9270
     813       1.9851
     814       1.9043
     815       2.0339
     816       1.8687
     817       1.8652
     818       1.8753
     819       1.9227
     820       1.9376
     821       1.8777
     822       1.8612
     823       1.6722
     824       1.8984
     825       1.9012
     826       1.8995
     827       1.9062
     828       1.9281
     829       1.7820
     830       1.8321
     831       1.7854
     832       1.8439
     833       1.7482
     834       1.7273
     835       1.7343
     836       1.9660
     837       1.9472
     838       1.9145
     839       1.9136
     840       1.8956
     841       1.9233
     842       1.9671
     843       1.9559
     844       1.8467
     845       1.7599
     846       1.7343
     847       1.8720
     848       1.9441
     849       1.9024
     850       1.8156
     851       1.8427
     852       1.9108
     853       2.0129
     854       1.9275
     855       1.9376
     856       1.8987
     857       1.9119
     858       1.8300
     859       1.9752
     860       1.9225
     861       1.9162
     862       1.9817
     863       2.0543
     864       2.1140
     865       1.9351
     866       2.1752
     867       2.1271
     868       2.2722
     869       2.1712
     870       2.1117
     871       2.2465
     872       2.2040
     873       2.1604
     874       2.0905
     875       1.9927
     876       2.0988
     877       2.0345
     878       2.1172
     879       2.0331
     880       2.0076
     881       1.9073
     882       2.0700
     883       2.1266
     884       2.3088
     885       2.3438
     886       2.2180
     887       2.1594
     888       2.0980
     889       2.0390
     890       2.0985
     891       2.0052
     892       2.0437
     893       2.1449
     894       2.1392
     895       2.1366
     896       2.0554
     897       2.1568
     898       2.0925
     899       2.0719
     900       2.0492
     901       1.9047
     902       2.0170
     903       2.2448
     904       2.1528
     905       2.0408
     906       2.1118
     907       2.0838
     908       2.0887
     909       1.9615
     910       1.8840
     911       1.8911
     912       1.8931
     913       1.8122
     914       1.8797
     915       1.8724
     916       1.8422
     917       1.8939
     918       1.8814
     919       1.8672
     920       1.9862
     921       1.8936
     922       1.9636
     923       1.8994
     924       1.8726
     925       1.8353
     926       1.8052
     927       1.8202
     928       1.7624
     929       1.8740
     930       1.7699
     931       1.8324
     932       1.8435
     933       1.8374
     934       1.8163
     935       1.9589
     936       1.8832
     937       1.9220
     938       1.9087
     939       1.8077
     940       2.0372
     941       2.0042
     942       2.0173
     943       1.8320
     944       1.7388
     945       1.7005
     946       1.8371
     947       1.8065
     948       1.9611
     949       1.8511
     950       1.7617
     951       1.7610
     952       1.7790
     953       1.8174
     954       1.7760
     955       1.7405
     956       1.6570
     957       1.6137
     958       1.6390
     959       1.7444
     960       1.7044
     961       1.8777
     962       1.7376
     963       1.6728
     964       1.7668
     965       1.9183
     966       1.9571
     967       1.8977
     968       1.7247
     969       1.7441
     970       1.8053
     971       1.8102
     972       1.7737
     973       1.7536
     974       1.9956
     975       1.8833
     976       1.8399
     977       1.9333
     978       2.0584
     979       2.1736
     980       2.3364
     981       2.0761
     982       2.1316
     983       2.1953
     984       2.1382
     985       2.3382
     986       2.2027
     987       2.1033
     988       2.2744
     989       2.2868
     990       2.1658
     991       2.1854
     992       2.3656
     993       2.2507
     994       2.2383
     995       2.3881
     996       2.2401
     997       1.9805
     998       2.0983
     999       2.0109
    1000       2.2472
    1001       2.1975
    1002       1.9848
    1003       1.9907
    1004       1.9811
    1005       2.0135
    1006       2.0250
    1007       2.0440
    1008       2.0039
    1009       1.9484
    1010       2.1924
    1011       2.2701
    1012       2.3032
    1013       2.1094
    1014       2.2168
    1015       2.3393
    1016       2.2945
    1017       2.3531
    1018       2.2837
    1019       2.2043
    1020       1.9342
    1021       2.0423
    1022       2.0956
    1023       2.1927
    1024       2.3081
    1025       2.3502
    1026       2.3592
    1027       2.3257
    1028       2.4679
    1029       2.4810
    1030       2.3344
    1031       2.1416
    1032       2.2438
    1033       2.1973
    1034       2.2809
    1035       2.2811
    1036       1.9455
    1037       1.8837
    1038       1.9232
    1039       1.9335
    1040       1.9892
    1041       2.2470
    1042       2.1921
    1043       2.3464
    1044       2.1593
    1045       2.1219
    1046       2.2224
    1047       2.1710
    1048       2.0557
    1049       1.9596
    1050       2.1239
    1051       2.2287
    1052       2.2329
    1053       2.1186
    1054       2.0680
    1055       2.3990
    1056       2.0959
    1057       2.0822
    1058       1.9492
    1059       1.8907
    1060       1.8183
    1061       1.9798
    1062       1.9872
    1063       2.1220
    1064       1.9347
    1065       2.0643
    1066       1.9414
    1067       2.1967
    1068       2.1801
    1069       2.0989
    1070       1.9758
    1071       1.8944
    1072       1.8288
    1073       1.9879
    1074       2.0008
    1075       2.0093
    1076       2.1190
    1077       2.0411
    1078       2.0842
    1079       1.9873
    1080       2.0681
    1081       2.1160
    1082       2.0995
    1083       2.0454
    1084       2.2171
    1085       2.2029
    1086       2.3599
    1087       2.2847
    1088       2.4362
    1089       2.4593
    1090       2.3707
    1091       2.2525
    1092       2.4083
    1093       2.1917
    1094       2.1409
    1095       2.1859
    1096       2.2937
    1097       2.1972
    1098       2.2369
    1099       2.0321
    1100       1.9745
    1101       2.0516
    1102       2.1934
    1103       2.0627
    1104       2.0712
    1105       1.9936
    1106       1.7668
    1107       1.7863
    1108       1.8393
    1109       1.8315
    1110       1.8685
    1111       2.0144
    1112       1.9161
    1113       1.8529
    1114       1.7559
    1115       1.7124
    1116       1.6701
    1117       1.6698
    1118       1.5952
    1119       1.6638
    1120       1.8562
    1121       1.8758
    1122       1.7458
    1123       1.8780
    1124       1.8409
    1125       1.9789
    1126       1.9427
    1127       1.9692
    1128       1.9317
    1129       1.9724
    1130       2.0972
    1131       2.1354
    1132       2.0865
    1133       2.0448
    1134       2.1662
    1135       1.8666
    1136       1.7709
    1137       1.9394
    1138       1.8367
    1139       1.9528
    1140       1.8772
    1141       1.8738
    1142       1.9008
    1143       2.0137
    1144       2.0778
    1145       2.1015
    1146       2.1676
    1147       1.9978
    1148       1.9010
    1149       1.9236
    1150       2.0523
    1151       1.9206
    1152       2.0369
    1153       2.0840
    1154       2.1495
    1155       1.9798
    1156       2.0815
    1157       2.0771
    1158       2.2215
    1159       2.2830
    1160       2.3458
    1161       2.2733
    1162       2.2161
    1163       1.9656
    1164       2.0909
    1165       2.0441
    1166       2.0713
    1167       2.1301
    1168       2.2086
    1169       2.2408
    1170       2.3056
    1171       2.0822
    1172       2.0855
    1173       2.1069
    1174       2.0007
    1175       2.0975
    1176       1.9827
    1177       1.9373
    1178       1.9526
    1179       2.0373
    1180       2.1727
    1181       2.0912
    1182       2.1184
    1183       2.1359
    1184       2.3570
    1185       2.2531
    1186       2.2408
    1187       2.0376
    1188       1.9726
    1189       2.0654
    1190       1.9809
    1191       1.9601
    1192       2.1150
    1193       2.0084
    1194       2.1649
    1195       2.1426
    1196       1.8812
    1197       2.0699
    1198       2.1604
    1199       2.2564
    1200       2.3381
    1201       2.3338
    1202       2.2225
    1203       2.0892
    1204       1.9802
    1205       2.1153
    1206       2.0956
    1207       2.2105
    1208       2.3697
    1209       2.2685
    1210       2.1848
    1211       2.5597
    1212       2.4114
    1213       2.6098
    1214       2.5310
    1215       2.5433
    1216       2.3980
    1217       2.4081
    1218       2.7627
    1219       2.6776
    1220       2.5652
    1221       2.4551
    1222       2.4881
    1223       2.5774
    1224       2.5134
    1225       2.4140
    1226       2.2452
    1227       2.2776
    1228       2.2177
    1229       2.1936
    1230       2.2112
    1231       2.1060
    1232       2.0346
    1233       2.1425
    1234       2.1340
    1235       2.0618
    1236       2.1146
    1237       2.0150
    1238       1.9673
    1239       1.9833
    1240       1.9492
    1241       1.8870
    1242       2.0353
    1243       1.9337
    1244       2.0513
    1245       1.8075
    1246       1.8191
    1247       1.8488
    1248       2.0329
    1249       2.0900
    1250       2.1253
    1251       2.0767
    1252       2.2235
    1253       2.2126
    1254       2.1213
    1255       2.2401
    1256       2.1299
    1257       2.1492
    1258       2.2010
    1259       2.1991
    1260       2.1589
    1261       2.1137
    1262       2.2218
    1263       2.1841
    1264       2.2641
    1265       2.2849
    1266       2.2224
    1267       2.1740
    1268       2.2339
    1269       2.2152
    1270       2.2625
    1271       2.3241
    1272       2.2004
    1273       2.3336
    1274       2.3905
    1275       2.2588
    1276       2.1656
    1277       2.1929
    1278       2.1980
    1279       2.4099
    1280       2.2689
    1281       2.1368
    1282       2.1862
    1283       2.1851
    1284       2.0167
    1285       2.0121
    1286       1.9926
    1287       2.0274
    1288       2.1757
    1289       2.0667
    1290       2.0702
    1291       2.0422
    1292       2.1781
    1293       2.1163
    1294       2.1033
    1295       2.1621
    1296       2.0455
    1297       2.0357
    1298       2.0709
    1299       2.0555
    1300       2.1139
    1301       2.3554
    1302       2.2114
    1303       2.2708
    1304       2.1463
    1305       2.2271
    1306       2.1473
    1307       2.0885
    1308       2.0332
    1309       2.0708
    1310       2.2040
    1311       2.0401
    1312       2.0883
    1313       1.9676
    1314       1.9836
    1315       2.0264
    1316       2.0805
    1317       2.1603
    1318       2.2836
    1319       2.3321
    1320       2.2305
    1321       2.1295
    1322       2.0620
    1323       2.1499
    1324       2.0267
    1325       2.0740
    1326       1.9496
    1327       1.9525
    1328       1.9192
    1329       1.9299
    1330       2.0409
    1331       2.0590
    1332       2.1888
    1333       2.2936
    1334       2.3356
    1335       2.2324
    1336       2.2668
    1337       2.2975
    1338       2.3370
    1339       2.1789
    1340       2.0885
    1341       2.1067
    1342       2.3295
    1343       2.3637
    1344       2.4552
    1345       2.3226
    1346       2.3905
    1347       2.2776
    1348       2.1788
    1349       2.1775
    1350       2.0897
    1351       1.9842
    1352       2.2251
    1353       2.2050
    1354       2.2553
    1355       2.2054
    1356       2.4513
    1357       2.3773
    1358       2.3714
    1359       2.2379
    1360       2.0142
    1361       2.1077
    1362       2.0782
    1363       1.9461
    1364       2.0644
    1365       2.1793
    1366       2.0961
    1367       2.0762
    1368       1.8546
    1369       2.0162
    1370       1.9115
    1371       1.8278
    1372       2.0182
    1373       2.0835
    1374       1.9356
    1375       1.9717
    1376       1.9826
    1377       1.9986
    1378       2.1450
    1379       1.9510
    1380       2.0140
    1381       2.1002
    1382       2.1801
    1383       2.1048
    1384       2.0174
    1385       1.9338
    1386       1.7556
    1387       1.9059
    1388       1.8790
    1389       2.0268
    1390       2.1915
    1391       2.1757
    1392       2.1617
    1393       2.2536
    1394       2.0968
    1395       2.1435
    1396       2.1978
    1397       2.2140
    1398       2.0744
    1399       2.0129
    1400       1.9893
    1401       1.8997
    1402       1.9838
    1403       1.8830
    1404       2.1900
    1405       2.3923
    1406       2.4810
    1407       2.4765
    1408       2.3864
    1409       2.2917
    1410       2.3327
    1411       2.4549
    1412       2.6370
    1413       2.4674
    1414       2.4901
    1415       2.5687
    1416       2.5314
    1417       2.3425
    1418       2.3951
    1419       2.1870
    1420       2.1947
    1421       2.2123
    1422       2.1785
    1423       1.9707
    1424       2.0133
    1425       1.8542
    1426       2.0358
    1427       2.0581
    1428       2.0686
    1429       2.1283
    1430       2.1757
    1431       2.2094
    1432       2.1486
    1433       2.1567
    1434       2.2076
    1435       2.0526
    1436       2.0598
    1437       1.9370
    1438       2.0677
    1439       1.8944
    1440       1.6460
    1441       1.7272
    1442       1.8318
    1443       2.0323
    1444       2.0785
    1445       2.0995
    1446       1.9669
    1447       2.0914
    1448       2.0505
    1449       2.0865
    1450       1.9088
    1451       1.8368
    1452       1.9811
    1453       1.8280
    1454       2.0466
    1455       1.9682
    1456       2.1446
    1457       1.9095
    1458       1.8319
    1459       1.9137
    1460       1.8245
    1461       1.7947
    1462       1.8314
    1463       1.9669
    1464       2.0250
    1465       2.0114
    1466       1.9851
    1467       2.1398
    1468       2.2297
    1469       2.0321
    1470       2.1452
    1471       2.1705
    1472       1.9648
    1473       1.8512
    1474       1.8763
    1475       1.9264
    1476       1.9544
    1477       2.0683
    1478       2.1552
    1479       2.1637
    1480       2.1265
    1481       2.1876
    1482       1.9762
    1483       2.1218
    1484       2.0864
    1485       2.2770
    1486       2.0933
    1487       2.0604
    1488       2.1159
    1489       2.0189
    1490       1.9621
    1491       2.0004
    1492       1.9234
    1493       1.8304
    1494       2.2045
    1495       2.1332
    1496       2.0048
    1497       2.3150
    1498       1.9467
    1499       1.9885
    1500       1.9133
    1501       1.9097
    1502       1.9972
    1503       1.8195
    1504       1.9069
    1505       1.8580
    1506       1.7627
    1507       2.0322
    1508       1.9636
    1509       1.9328
    1510       1.9815
    1511       2.0182
    1512       2.1385
    1513       2.0078
    1514       1.9612
    1515       1.8813
    1516       1.8944
    1517       1.9063
    1518       1.8682
    1519       1.7864
    1520       1.7665
    1521       1.7769
    1522       1.8764
    1523       1.9946
    1524       1.7930
    1525       1.7068
    1526       1.8638
    1527       1.6807
    1528       1.8301
    1529       1.8144
    1530       1.8513
    1531       1.7368
    1532       1.7163
    1533       1.7299
    1534       1.8961
    1535       2.0290
    1536       1.7065
    1537       1.7021
    1538       1.9401
    1539       1.9883
    1540       1.9862
    1541       1.9598
    1542       1.9223
    1543       1.8342
    1544       1.9113
    1545       2.0140
    1546       2.0960
    1547       1.9642
    1548       2.0605
    1549       1.9492
    1550       2.0684
    1551       2.0880
    1552       2.1500
    1553       2.3458
    1554       2.2779
    1555       2.2195
    1556       2.3007
    1557       2.2302
    1558       2.1472
    1559       2.2933
    1560       2.3491
    1561       2.1680
    1562       2.3141
    1563       2.2264
    1564       2.2284
    1565       2.1045
    1566       1.9647
    1567       1.9554
    1568       2.1498
    1569       1.9718
    1570       1.9300
    1571       1.9023
    1572       2.0078
    1573       2.1010
    1574       2.2863
    1575       2.1267
    1576       2.3136
    1577       2.4022
    1578       2.1358
    1579       2.2823
    1580       2.1864
    1581       2.1697
    1582       2.1361
    1583       2.2276
    1584       2.3727
    1585       2.2247
    1586       2.2165
    1587       2.1817
    1588       2.1668
    1589       2.1155
    1590       2.0582
    1591       1.9733
    1592       2.0335
    1593       2.0534
    1594       2.0121
    1595       2.1475
    1596       2.0428
    1597       2.0001
    1598       1.8633
    1599       1.9300
    1600       1.9780
    1601       2.0028
    1602       1.8721
    1603       1.8525
    1604       1.8698
    1605       1.8851
    1606       1.9980
    1607       2.0200
    1608       2.0818
    1609       2.1783
    1610       2.0690
    1611       2.1286
    1612       1.9763
    1613       2.0842
    1614       2.0873
    1615       2.0001
    1616       2.0432
    1617       2.0640
    1618       2.1384
    1619       2.0383
    1620       1.9800
    1621       2.0233
    1622       2.2230
    1623       2.0211
    1624       2.1349
    1625       2.0284
    1626       2.0981
    1627       2.1341
    1628       2.0687
    1629       2.2837
    1630       2.1313
    1631       2.2605
    1632       2.0575
    1633       1.8840
    1634       2.1001
    1635       1.9995
    1636       1.8968
    1637       2.0366
    1638       1.8516
    1639       1.9578
    1640       2.2200
    1641       2.0058
    1642       2.0489
    1643       2.0866
    1644       2.1079
    1645       2.2024
    1646       2.1111
    1647       2.1545
    1648       2.1613
    1649       2.2384
    1650       2.0285
    1651       1.9699
    1652       1.9671
    1653       1.9895
    1654       1.8810
    1655       1.9501
    1656       1.9627
    1657       1.9083
    1658       2.0231
    1659       2.0650
    1660       2.0280
    1661       1.9958
    1662       2.1875
    1663       2.2902
    1664       2.3497
    1665       2.4550
    1666       2.4235
    1667       2.4721
    1668       2.1682
    1669       2.0427
    1670       2.1335
    1671       2.1035
    1672       2.0979
    1673       2.0699
    1674       2.0798
    1675       1.9923
    1676       2.0661
    1677       1.9314
    1678       2.1020
    1679       2.0294
    1680       2.0692
    1681       2.1881
    1682       2.3153
    1683       2.1012
    1684       1.9823
    1685       1.9506
    1686       2.0900
    1687       2.2822
    1688       2.1942
    1689       2.0597
    1690       2.0340
    1691       2.0354
    1692       2.0858
    1693       2.2004
    1694       2.2623
    1695       2.0379
    1696       1.9994
    1697       2.0498
    1698       2.1735
    1699       2.0778
    1700       1.9947
    1701       2.1656
    1702       2.4064
    1703       2.3071
    1704       2.3908
    1705       2.4728
    1706       2.4926
    1707       2.5499
    1708       2.5916
    1709       2.4265
    1710       2.2751
    1711       2.5188
    1712       2.3957
    1713       2.3499
    1714       2.3861
    1715       2.2919
    1716       2.3007
    1717       2.4579
    1718       2.3455
    1719       2.4268
    1720       2.4274
    1721       2.3450
    1722       2.5115
    1723       2.3703
    1724       2.4219
    1725       2.4242
    1726       2.4953
    1727       2.5582
    1728       2.4011
    1729       2.2248
    1730       2.3169
    1731       2.4762
    1732       2.4330
    1733       2.4509
    1734       2.4065
    1735       2.3546
    1736       2.5790
    1737       2.4389
    1738       2.3132
    1739       2.3401
    1740       2.4140
    1741       2.2727
    1742       2.2976
    1743       2.3274
    1744       2.5261
    1745       2.5687
    1746       2.6243
    1747       2.4275
    1748       2.4247
    1749       2.5478
    1750       2.6225
    1751       2.6243
    1752       2.5543
    1753       2.4303
    1754       2.3084
    1755       2.2846
    1756       2.3755
    1757       2.4633
    1758       2.3256
    1759       2.1703
    1760       2.1397
    1761       2.2725
    1762       2.2847
    1763       2.4171
    1764       2.5481
    1765       2.6507
    1766       2.5351
    1767       2.6069
    1768       2.4792
    1769       2.4654
    1770       2.1792
    1771       2.1794
    1772       2.2144
    1773       2.1029
    1774       2.2688
    1775       2.2443
    1776       2.3190
    1777       2.3575
    1778       2.2820
    1779       2.2429
    1780       2.3049
    1781       2.3801
    1782       2.3317
    1783       2.3593
    1784       2.3508
    1785       2.3627
    1786       2.1954
    1787       2.0389
    1788       2.1395
    1789       2.1122
    1790       2.0887
    1791       2.0960
    1792       2.1473
    1793       2.4289
    1794       2.1922
    1795       2.2473
    1796       2.2723
    1797       2.2316
    1798       2.3477
    1799       2.4103
    1800       2.4464
    1801       2.4642
    1802       2.4906
    1803       2.2315
    1804       2.2350
    1805       2.2372
    1806       2.2329
    1807       2.3209
    1808       2.5477
    1809       2.4444
    1810       2.3009
    1811       2.2088
    1812       2.0571
    1813       2.1174
    1814       2.1491
    1815       1.9992
    1816       1.9260
    1817       1.9532
    1818       1.8699
    1819       1.9139
    1820       2.0031
    1821       1.9460
    1822       1.9262
    1823       2.0272
    1824       2.0310
    1825       2.1798
    1826       1.9155
    1827       1.9122
    1828       1.9770
    1829       2.1595
    1830       2.1861
    1831       2.1382
    1832       2.0091
    1833       2.1103
    1834       2.3112
    1835       2.2708
    1836       2.0399
    1837       2.0846
    1838       2.0717
    1839       1.8617
    1840       1.9653
    1841       1.8774
    1842       2.1228
    1843       2.1162
    1844       2.1158
    1845       2.0892
    1846       2.0902
    1847       2.1302
    1848       2.0865
    1849       2.0988
    1850       2.1570
    1851       2.2510
    1852       2.1060
    1853       2.0583
    1854       2.0936
    1855       2.1423
    1856       2.0570
    1857       2.2326
    1858       1.9716
    1859       2.0374
    1860       2.0341
    1861       1.9885
    1862       2.1427
    1863       2.0198
    1864       1.9825
    1865       1.9862
    1866       2.0951
    1867       2.0461
    1868       2.1599
    1869       2.2263
    1870       2.4907
    1871       2.5025
    1872       2.5930
    1873       2.2096
    1874       2.3179
    1875       2.2519
    1876       2.1555
    1877       2.1463
    1878       2.1788
    1879       2.2177
    1880       2.1123
    1881       2.0527
    1882       2.1527
    1883       2.1090
    1884       2.0097
    1885       2.0566
    1886       2.2451
    1887       2.3229
    1888       2.2062
    1889       2.2039
    1890       2.3148
    1891       2.2295
    1892       2.1315
    1893       2.0875
    1894       1.9985
    1895       2.0572
    1896       2.0112
    1897       1.9665
    1898       2.0641
    1899       2.1594
    1900       2.0904
    1901       1.9881
    1902       2.0923
    1903       2.0072
    1904       2.2401
    1905       1.9817
    1906       2.2443
    1907       2.0815
    1908       2.2433
    1909       2.3129
    1910       2.2467
    1911       2.3292
    1912       2.2736
    1913       2.2851
    1914       2.1739
    1915       2.0604
    1916       2.1090
    1917       2.1364
    1918       2.2591
    1919       2.1612
    1920       2.1049
    1921       2.1160
    1922       2.2163
    1923       2.1589
    1924       2.0857
    1925       2.1463
    1926       2.0866
    1927       2.1130
    1928       2.3233
    1929       2.4603
    1930       2.4856
    1931       2.5028
    1932       2.5763
    1933       2.4278
    1934       2.4180
    1935       2.6459
    1936       2.5689
    1937       2.2437
    1938       2.3492
    1939       2.3855
    1940       2.4534
    1941       2.5418
    1942       2.5035
    1943       2.5122
    1944       2.3864
    1945       2.4255
    1946       2.3428
    1947       2.4349
    1948       2.5808
    1949       2.6307
    1950       2.7686
    1951       2.8360
    1952       2.8169
    1953       2.8923
    1954       2.6902
    1955       2.7529
    1956       2.8066
    1957       2.8238
    1958       2.8054
    1959       3.0437
    1960       2.8564
    1961       2.9546
    1962       2.9555
    1963       3.0777
    1964       3.1018
    1965       3.1435
    1966       3.1431
    1967       3.1102
    1968       2.7911
    1969       2.6957
    1970       2.6779
    1971       2.8566
    1972       2.7691
    1973       2.8970
    1974       2.8004
    1975       2.9892
    1976       2.6515
    1977       2.7095
    1978       2.8381
    1979       2.7953
    1980       2.7939
    1981       2.8537
    1982       2.9015
    1983       2.9371
    1984       3.0401
    1985       3.1129
    1986       2.7970
    1987       3.0972
    1988       3.0971
    1989       2.9855
    1990       2.7536
    1991       2.8085
    1992       2.5913
    1993       2.5883
    1994       2.5317
    1995       2.7670
    1996       2.8092
    1997       2.7607
    1998       2.5978
    1999       2.4589
    2000       2.5069
    2001       2.5287
    2002       2.3887
    2003       2.4487
    2004       2.3858
    2005       2.4337
    2006       2.5516
    2007       2.5113
    2008       2.5867
    2009       2.6149
    2010       2.5311
    2011       2.4890
    2012       2.3684
    2013       2.4643
    2014       2.4080
    2015       2.3330
    2016       2.3753
    2017       2.4070
    2018       2.4653
    2019       2.4134
    2020       2.3783
    2021       2.5397
    2022       2.6060
    2023       2.8733
    2024       2.6792
    2025       2.5875
    2026       2.5225
    2027       2.5305
    2028       2.6851
    2029       2.7665
    2030       2.7972
    2031       2.8482
    2032       2.9263
    2033       2.6858
    2034       2.8034
    2035       2.7189
    2036       2.7257
    2037       2.7431
    2038       2.4048
    2039       2.5297
    2040       2.4782
    2041       2.3221
    2042       2.4090
    2043       2.5505
    2044       2.5515
    2045       2.6547
    2046       2.7050
    2047       2.6958
    2048       2.8031
    2049       2.9945
    2050       3.1356
    2051       3.0770
    2052       2.7332
    2053       2.7371
    2054       2.9064
    2055       2.7846
    2056       2.6379
    2057       2.5740
    2058       2.5149
    2059       2.5134
    2060       2.3432
    2061       2.4960
    2062       2.3755
    2063       2.4732
    2064       2.2743
    2065       2.2632
    2066       2.1642
    2067       2.1741
    2068       2.0982
    2069       2.1222
    2070       2.3304
    2071       2.3996
    2072       2.5005
    2073       2.4195
    2074       2.4494
    2075       2.5672
    2076       2.6156
    2077       2.5958
    2078       2.6764
    2079       2.5884
    2080       2.5599
    2081       2.4801
    2082       2.4385
    2083       2.3447
    2084       2.5304
    2085       2.2617
    2086       2.0961
    2087       2.2156
    2088       2.1677
    2089       2.1101
    2090       2.1814
    2091       2.3266
    2092       2.3029
    2093       2.3848
    2094       2.0961
    2095       2.1371
    2096       2.2324
    2097       2.1927
    2098       2.1788
    2099       2.1062
    2100       2.2393
    2101       2.1779
    2102       2.1638
    2103       2.3253
    2104       2.2371
    2105       2.2263
    2106       2.1797
    2107       2.3805
    2108       2.4257
    2109       2.3707
    2110       2.2923
    2111       2.2430
    2112       2.1643
    2113       2.0936
    2114       2.0173
    2115       1.9589
    2116       1.9930
    2117       2.0619
    2118       2.0560
    2119       2.0185
    2120       2.1164
    2121       2.0429
    2122       2.0244
    2123       1.9762
    2124       1.9179
    2125       1.9461
    2126       2.1446
    2127       2.0745
    2128       2.0733
    2129       2.2120
    2130       2.4054
    2131       2.2241
    2132       2.3102
    2133       2.1824
    2134       2.0828
    2135       1.9314
    2136       1.9035
    2137       1.8647
    2138       1.9529
    2139       1.9289
    2140       2.0257
    2141       1.9562
    2142       2.0430
    2143       1.8901
    2144       1.9172
    2145       1.9838
    2146       1.8325
    2147       1.8265
    2148       1.9472
    2149       1.8979
    2150       1.9063
    2151       2.0596
    2152       2.0440
    2153       2.1257
    2154       1.9988
    2155       2.0911
    2156       1.9801
    2157       1.8909
    2158       1.8736
    2159       1.8462
    2160       1.8588
    2161       2.0569
    2162       1.9917
    2163       1.9293
    2164       1.8942
    2165       1.8224
    2166       1.9232
    2167       1.9094
    2168       1.9012
    2169       1.9573
    2170       2.0304
    2171       2.0340
    2172       2.0646
    2173       1.9007
    2174       2.0512
    2175       2.0126
    2176       1.9204
    2177       2.0719
    2178       2.3040
    2179       2.3579
    2180       2.2976
    2181       2.1923
    2182       2.2348
    2183       2.1747
    2184       2.3665
    2185       2.3348
    2186       2.1178
    2187       2.0939
    2188       2.1278
    2189       2.1545
    2190       2.1060
    2191       2.0943
    2192       2.0437
    2193       1.9325
    2194       2.0308
    2195       2.0692
    2196       2.1337
    2197       1.9602
    2198       1.9736
    2199       1.9985
    2200       1.8998
    2201       1.9230
    2202       1.9061
    2203       1.9763
    2204       1.9987
    2205       2.0542
    2206       1.9295
    2207       2.0409
    2208       2.1217
    2209       2.1578
    2210       2.2812
    2211       2.4603
    2212       2.3319
    2213       2.3662
    2214       2.2947
    2215       2.4375
    2216       2.4348
    2217       2.2005
    2218       2.2852
    2219       2.0378
    2220       2.0421
    2221       1.8537
    2222       1.9250
    2223       1.9172
    2224       1.8789
    2225       1.9400
    2226       2.0246
    2227       1.9666
    2228       1.9494
    2229       1.9613
    2230       1.9671
    2231       2.1035
    2232       2.0532
    2233       2.0668
    2234       1.9762
    2235       2.0444
    2236       2.0210
    2237       2.0811
    2238       2.1653
    2239       2.0019
    2240       1.9356
    2241       1.8561
    2242       1.9715
    2243       1.9772
    2244       1.8716
    2245       1.8783
    2246       1.8783
    2247       1.8784
    2248       1.7234
    2249       1.7761
    2250       1.8330
    2251       1.7340
    2252       1.7966
    2253       1.8163
    2254       1.9132
    2255       2.0480
    2256       1.8290
    2257       2.0453
    2258       1.9196
    2259       1.8973
    2260       1.8386
    2261       1.6967
    2262       1.8283
    2263       1.9076
    2264       2.0434
    2265       1.9756
    2266       1.9704
    2267       1.9443
    2268       1.8478
    2269       1.8968
    2270       1.9442
    2271       1.8428
    2272       1.8774
    2273       1.9179
    2274       1.9514
    2275       1.8333
    2276       1.7870
    2277       1.7610
    2278       2.0708
    2279       2.0360
    2280       1.9824
    2281       2.0750
    2282       2.3459
    2283       2.2374
    2284       2.1842
    2285       1.9150
    2286       2.0117
    2287       2.0258
    2288       2.0244
    2289       1.9866
    2290       1.9752
    2291       1.6935
    2292       1.5662
    2293       1.8094
    2294       1.8243
    2295       1.8250
    2296       1.6959
    2297       1.5402
    2298       1.8034
    2299       1.7975
    2300       1.8277
    2301       1.8613
    2302       1.7815
    2303       1.6765
    2304       1.8256
    2305       1.8002
    2306       1.7782
    2307       1.8114
    2308       1.8717
    2309       1.8184
    2310       1.8549
    2311       1.7213
    2312       1.8301
    2313       1.8545
    2314       1.7699
    2315       1.7424
    2316       1.7581
    2317       1.7192
    2318       1.8636
    2319       2.0312
    2320       1.9100
    2321       2.0214
    2322       1.9904
    2323       1.6715
    2324       1.6818
    2325       1.7562
    2326       1.8340
    2327       1.7461
    2328       1.8462
    2329       1.7877
    2330       1.9373
    2331       1.9900
    2332       2.0118
    2333       1.9312
    2334       1.8365
    2335       1.9402
    2336       1.8245
    2337       1.8586
    2338       1.8690
    2339       1.7876
    2340       1.8107
    2341       1.8484
    2342       1.9062
    2343       1.7648
    2344       1.6550
    2345       1.6427
    2346       1.7463
    2347       1.7782
    2348       1.8894
    2349       2.0514
    2350       1.9719
    2351       1.9063
    2352       1.8352
    2353       1.7292
    2354       1.8150
    2355       1.8122
    2356       1.6952
    2357       1.7406
    2358       1.6752
    2359       1.7643
    2360       1.6985
    2361       1.8042
    2362       1.6409
    2363       1.8078
    2364       1.9160
    2365       1.6630
    2366       1.7137
    2367       1.7727
    2368       1.6205
    2369       1.6367
    2370       1.7060
    2371       1.7805
    2372       1.7268
    2373       1.8784
    2374       1.8888
    2375       1.8414
    2376       1.9078
    2377       1.9206
    2378       1.7878
    2379       1.8228
    2380       1.8406
    2381       1.7522
    2382       1.7949
    2383       1.8674
    2384       1.9456
    2385       1.7870
    2386       1.8071
    2387       1.7452
    2388       1.7941
    2389       1.8195
    2390       1.8950
    2391       1.7840
    2392       1.8988
    2393       2.0723
    2394       2.0119
    2395       1.8767
    2396       1.7583
    2397       1.9094
    2398       1.9642
    2399       1.8351
    2400       1.8594
    2401       1.8595
    2402       1.8791
    2403       1.8228
    2404       1.9226
    2405       1.9848
    2406       1.9784
    2407       1.8156
    2408       1.8564
    2409       1.8661
    2410       1.8784
    2411       1.8274
    2412       1.8434
    2413       1.8292
    2414       1.9160
    2415       1.9645
    2416       1.9718
    2417       1.9438
    2418       1.7891
    2419       1.8463
    2420       1.7804
    2421       1.9525
    2422       1.9366
    2423       2.1096
    2424       2.1897
    2425       2.0412
    2426       1.8988
    2427       2.0646
    2428       2.1284
    2429       2.0995
    2430       1.9794
    2431       1.9963
    2432       2.1308
    2433       2.1617
    2434       2.2319
    2435       2.3185
    2436       2.2370
    2437       2.0147
    2438       2.1775
    2439       2.1318
    2440       2.2141
    2441       2.2083
    2442       2.1992
    2443       2.1890
    2444       1.9484
    2445       1.8560
    2446       1.8317
    2447       1.8073
    2448       1.9171
    2449       1.9906
    2450       1.8379
    2451       1.8591
    2452       1.8949
    2453       1.9062
    2454       2.0529
    2455       1.9521
    2456       2.0542
    2457       2.1417
    2458       2.0520
    2459       2.1857
    2460       2.1882
    2461       2.0053
    2462       1.9622
    2463       1.8828
    2464       1.8746
    2465       1.9090
    2466       1.8636
    2467       2.0036
    2468       1.9017
    2469       1.9598
    2470       2.0694
    2471       2.1361
    2472       2.0642
    2473       1.8437
    2474       1.8953
    2475       1.8253
    2476       1.9720
    2477       2.0041
    2478       1.8465
    2479       1.9799
    2480       2.0824
    2481       1.9387
    2482       1.8825
    2483       2.0183
    2484       2.1826
    2485       2.0563
    2486       1.9667
    2487       2.0077
    2488       1.8476
    2489       2.0044
    2490       1.9971
    2491       1.9556
    2492       1.8990
    2493       1.8817
    2494       1.8353
    2495       1.7580
    2496       1.8790
    2497       1.8534
    2498       1.8396
    2499       1.8288
    2500       1.7877
    2501       1.8196
    2502       1.7445
    2503       1.7425
    2504       1.7375
    2505       1.6289
    2506       1.6745
    2507       1.7597
    2508       1.5643
    2509       1.6422
    2510       1.6995
    2511       1.8310
    2512       1.7178
    2513       1.8151
    2514       1.8103
    2515       1.8019
    2516       1.7812
    2517       1.7170
    2518       1.7780
    2519       1.7966
    2520       1.8225
    2521       1.6599
    2522       1.6500
    2523       1.5900
    2524       1.7040
    2525       1.7926
    2526       1.8454
    2527       1.7971
    2528       1.7392
    2529       1.7182
    2530       1.8684
    2531       1.7462
    2532       1.7800
    2533       1.7579
    2534       1.8413
    2535       1.7055
    2536       1.7364
    2537       1.7228
    2538       1.7212
    2539       1.6221
    2540       1.7516
    2541       1.6553
    2542       1.8113
    2543       1.8994
    2544       1.7190
    2545       1.6812
    2546       1.7160
    2547       1.7435
    2548       1.7598
    2549       1.7116
    2550       1.7325
    2551       1.6720
    2552       1.6500
    2553       1.6004
    2554       1.7421
    2555       1.8182
    2556       1.8318
    2557       1.8112
    2558       1.8706
    2559       1.8943
    2560       2.0334
    2561       2.2033
    2562       2.2470
    2563       2.2778
    2564       2.2472
    2565       2.1014
    2566       2.0605
    2567       2.0505
    2568       2.1122
    2569       2.0678
    2570       2.0096
    2571       2.1261
    2572       1.9565
    2573       1.9925
    2574       2.0687
    2575       2.1228
    2576       2.3648
    2577       2.2549
    2578       2.3510
    2579       2.1954
    2580       2.2062
    2581       2.1959
    2582       2.2226
    2583       2.2146
    2584       2.1341
    2585       1.9873
    2586       2.0088
    2587       1.9378
    2588       1.9479
    2589       2.0156
    2590       2.1212
    2591       2.0406
    2592       2.1958
    2593       2.1281
    2594       2.2411
    2595       2.1731
    2596       2.2970
    2597       2.2986
    2598       2.1301
    2599       2.1088
    2600       2.1921
    2601       2.4158
    2602       2.2570
    2603       2.2246
    2604       2.1953
    2605       2.3320
    2606       2.1545
    2607       2.1482
    2608       2.3243
    2609       2.2363
    2610       2.1389
    2611       2.1183
    2612       1.9485
    2613       1.9405
    2614       1.9018
    2615       1.8077
    2616       1.8129
    2617       1.7705
    2618       1.8961
    2619       1.8905
    2620       1.9587
    2621       1.8673
    2622       1.7862
    2623       1.7986
    2624       1.7976
    2625       1.8139
    2626       1.9218
    2627       1.9687
    2628       1.8985
    2629       2.0089
    2630       1.8741
    2631       1.8267
    2632       1.7729
    2633       1.7509
    2634       1.7679
    2635       1.7189
    2636       1.6490
    2637       1.8760
    2638       1.8685
    2639       1.7406
    2640       1.8377
    2641       1.9916
    2642       1.9016
    2643       2.0787
    2644       2.1800
    2645       2.1465
    2646       1.9508
    2647       1.9685
    2648       2.0087
    2649       1.8669
    2650       1.9739
    2651       2.0540
    2652       2.0648
    2653       2.1054
    2654       2.2370
    2655       2.1067
    2656       2.0082
    2657       2.0174
    2658       2.0824
    2659       2.1322
    2660       2.0983
    2661       2.1608
    2662       2.1024
    2663       2.1378
    2664       2.1043
    2665       2.1806
    2666       2.1625
    2667       2.2004
    2668       2.1799
    2669       2.1826
    2670       2.1418
    2671       2.2440
    2672       2.1904
    2673       2.3853
    2674       2.3145
    2675       2.2308
    2676       2.0982
    2677       2.2445
    2678       2.2020
    2679       2.0990
    2680       2.2157
    2681       2.0323
    2682       1.8775
    2683       2.0379
    2684       2.0422
    2685       2.0393
    2686       1.9571
    2687       1.9656
    2688       2.0083
    2689       2.0821
    2690       2.1863
    2691       1.9450
    2692       2.0664
    2693       2.0190
    2694       2.2754
    2695       2.1494
    2696       2.1931
    2697       2.1546
    2698       2.2377
    2699       2.2031
    2700       2.2998
    2701       2.2699
    2702       2.4036
    2703       2.2354
    2704       2.1000
    2705       2.1526
    2706       2.2632
    2707       2.3815
    2708       2.3708
    2709       2.3757
    2710       2.4560
    2711       2.4447
    2712       2.5583
    2713       2.4103
    2714       2.2936
    2715       2.2920
    2716       2.1747
    2717       2.1182
    2718       2.2109
    2719       2.2550
    2720       2.2721
    2721       2.3291
    2722       2.2510
    2723       2.2568
    2724       2.1522
    2725       2.1296
    2726       2.2161
    2727       2.1496
    2728       2.0676
    2729       2.1002
    2730       2.1455
    2731       2.2773
    2732       2.2613
    2733       2.2724
    2734       2.2762
    2735       2.1011
    2736       2.1440
    2737       2.1445
    2738       2.1821
    2739       2.2896
    2740       2.1572
    2741       1.9408
    2742       1.9182
    2743       1.9598
    2744       2.0679
    2745       2.0882
    2746       2.1895
    2747       2.1581
    2748       2.1474
    2749       2.1752
    2750       2.1922
    2751       2.1704
    2752       2.2171
    2753       2.0322
    2754       2.1903
    2755       2.3149
    2756       2.2584
    2757       2.4558
    2758       2.1672
    2759       2.1234
    2760       1.9522
    2761       2.0627
    2762       1.9812
    2763       1.9929
    2764       1.9459
    2765       1.9691
    2766       2.1033
    2767       2.1068
    2768       2.2044
    2769       2.2389
    2770       2.2058
    2771       2.2793
    2772       2.1151
    2773       2.1312
    2774       2.1758
    2775       2.1068
    2776       2.0777
    2777       2.2054
    2778       2.3415
    2779       2.5635
    2780       2.4570
    2781       2.4663
    2782       2.4111
    2783       2.3930
    2784       2.4552
    2785       2.5120
    2786       2.4237
    2787       2.4210
    2788       2.2481
    2789       2.3115
    2790       2.3047
    2791       2.3186
    2792       2.2027
    2793       2.1654
    2794       2.1208
    2795       2.1798
    2796       2.2931
    2797       2.3231
    2798       2.2082
    2799       2.1853
    2800       2.0524
    2801       2.0135
    2802       2.0786
    2803       2.1601
    2804       2.0967
    2805       2.1228
    2806       2.1238
    2807       2.0649
    2808       2.1604
    2809       2.1045
    2810       2.0479
    2811       2.0691
    2812       1.9532
    2813       1.9232
    2814       1.9276
    2815       1.9304
    2816       1.9413
    2817       2.0429
    2818       1.9598
    2819       1.9534
    2820       2.1773
    2821       2.1830
    2822       2.1280
    2823       2.1516
    2824       2.1367
    2825       2.0515
    2826       2.1499
    2827       2.1772
    2828       2.2171
    2829       2.1117
    2830       2.1912
    2831       2.1611
    2832       2.0813
    2833       2.0712
    2834       2.1144
    2835       2.1656
    2836       2.1687
    2837       2.2714
    2838       2.2540
    2839       2.1672
    2840       2.2800
    2841       2.1143
    2842       1.9746
    2843       1.9501
    2844       1.9792
    2845       2.0336
    2846       2.1312
    2847       2.1498
    2848       2.1073
    2849       2.1779
    2850       2.2427
    2851       2.3148
    2852       2.3158
    2853       2.0946
    2854       2.0949
    2855       2.0667
    2856       2.2283
    2857       2.0136
    2858       1.9842
    2859       2.0290
    2860       2.0682
    2861       2.0664
    2862       2.0793
    2863       1.9917
    2864       1.9740
    2865       2.0102
    2866       1.9486
    2867       2.0659
    2868       2.0609
    2869       2.0494
    2870       2.1609
    2871       2.0635
    2872       1.9675
    2873       1.9692
    2874       2.0446
    2875       2.1442
    2876       2.0204
    2877       1.9767
    2878       2.0129
    2879       2.0267
    2880       1.8883
    2881       1.8207
    2882       1.8279
    2883       1.8119
    2884       1.8959
    2885       1.8652
    2886       1.8520
    2887       1.8584
    2888       1.8116
    2889       1.9405
    2890       2.0595
    2891       2.0978
    2892       2.1252
    2893       2.0970
    2894       1.8984
    2895       2.1206
    2896       2.3281
    2897       2.4661
    2898       2.4360
    2899       2.4432
    2900       2.2069
    2901       2.1540
    2902       2.2637
    2903       2.2275
    2904       2.1683
    2905       2.2774
    2906       2.3176
    2907       2.3028
    2908       2.3021
    2909       2.5184
    2910       2.5432
    2911       2.4333
    2912       2.4220
    2913       2.5553
    2914       2.4897
    2915       2.5006
    2916       2.4206
    2917       2.4272
    2918       2.2794
    2919       2.4109
    2920       2.4361
    2921       2.2659
    2922       2.2585
    2923       2.1974
    2924       2.0412
    2925       2.2048
    2926       2.1213
    2927       2.3330
    2928       2.4619
    2929       2.4223
    2930       2.4423
    2931       2.4855
    2932       2.4563
    2933       2.3298
    2934       2.4402
    2935       2.4151
    2936       2.5650
    2937       2.3513
    2938       2.4091
    2939       2.3620
    2940       2.2370
    2941       2.1645
    2942       2.0413
    2943       2.1126
    2944       2.1074
    2945       1.9485
    2946       2.0702
    2947       2.1959
    2948       2.1960
    2949       2.2756
    2950       2.3247
    2951       2.3761
    2952       2.2328
    2953       2.4085
    2954       2.5657
    2955       2.5491
    2956       2.4029
    2957       2.4515
    2958       2.3285
    2959       2.3749
    2960       2.2219
    2961       2.2783
    2962       2.2267
    2963       2.3144
    2964       2.3797
    2965       2.5492
    2966       2.3712
    2967       2.3479
    2968       2.5081
    2969       2.4819
    2970       2.3875
    2971       2.3723
    2972       2.1716
    2973       2.2221
    2974       2.2577
    2975       2.5026
    2976       2.3531
    2977       2.3645
    2978       2.2406
    2979       2.1918
    2980       2.2600
    2981       2.2569
    2982       2.2175
    2983       2.2153
    2984       2.3446
    2985       2.3378
    2986       2.2461
    2987       2.1553
    2988       2.2706
    2989       2.2335
    2990       2.2732
    2991       2.3832
    2992       2.4962
    2993       2.3978
    2994       2.4868
    2995       2.5480
    2996       2.5462
    2997       2.5302
    2998       2.6190
    2999       2.5109
    3000       2.6384
    3001       2.6584
    3002       2.6024
    3003       2.8546
    3004       2.8706
    3005       2.8068
    3006       2.6566
    3007       2.5746
    3008       2.5480
    3009       2.6480
    3010       2.7151
    3011       2.6302
    3012       2.7797
    3013       2.6698
    3014       2.6536
    3015       2.5408
    3016       2.6617
    3017       2.6992
    3018       2.5041
    3019       2.4846
    3020       2.6259
    3021       2.5023
    3022       2.5670
    3023       2.7009
    3024       2.6251
    3025       2.5872
    3026       2.4733
    3027       2.5179
    3028       2.5535
    3029       2.4616
    3030       2.5681
    3031       2.4766
    3032       2.4201
    3033       2.3488
    3034       2.4802
    3035       2.5621
    3036       2.6786
    3037       2.6545
    3038       2.6791
    3039       2.6408
    3040       2.7515
    3041       2.7141
    3042       2.6629
    3043       2.5362
    3044       2.5800
    3045       2.6223
    3046       2.4962
    3047       2.4291
    3048       2.4882
    3049       2.3664
    3050       2.4853
    3051       2.4228
    3052       2.4972
    3053       2.6706
    3054       2.5982
    3055       2.5733
    3056       2.7463
    3057       2.7055
    3058       2.4964
    3059       2.3495
    3060       2.3034
    3061       2.4353
    3062       2.4339
    3063       2.3076
    3064       2.2731
    3065       2.2321
    3066       2.2433
    3067       2.1728
    3068       2.1629
    3069       2.2357
    3070       2.0364
    3071       2.1179
    3072       2.1615
    3073       2.2877
    3074       2.4433
    3075       2.4341
    3076       2.4233
    3077       2.3414
    3078       2.2917
    3079       2.2638
    3080       2.2298
    3081       2.4067
    3082       2.3541
    3083       2.4999
    3084       2.2604
    3085       2.2998
    3086       2.4402
    3087       2.5353
    3088       2.5156
    3089       2.4316
    3090       2.5021
    3091       2.5099
    3092       2.4298
    3093       2.3773
    3094       2.5732
    3095       2.5342
    3096       2.5696
    3097       2.5221
    3098       2.5757
    3099       2.4616
    3100       2.3632
    3101       2.4397
    3102       2.4167
    3103       2.2829
    3104       2.2151
    3105       2.2632
    3106       2.2363
    3107       2.0054
    3108       2.0685
    3109       2.1266
    3110       2.1836
    3111       2.2532
    3112       2.2746
    3113       2.1398
    3114       2.2419
    3115       2.2719
    3116       2.3021
    3117       2.2217
    3118       2.3908
    3119       2.4028
    3120       2.3674
    3121       2.2991
    3122       2.2246
    3123       2.0822
    3124       2.0757
    3125       2.0077
    3126       1.9378
    3127       1.9439
    3128       1.9964
    3129       2.0314
    3130       1.9838
    3131       2.0906
    3132       2.0823
    3133       2.0427
    3134       2.0289
    3135       1.9731
    3136       2.1017
    3137       2.5042
    3138       2.6125
    3139       2.7222
    3140       2.6426
    3141       2.7782
    3142       2.6672
    3143       2.3878
    3144       2.3054
    3145       2.4383
    3146       2.3083
    3147       2.3275
    3148       2.2595
    3149       2.2217
    3150       2.3978
    3151       2.2727
    3152       2.2576
    3153       2.2121
    3154       2.2949
    3155       2.3444
    3156       2.4413
    3157       2.2470
    3158       2.4759
    3159       2.3236
    3160       2.2235
    3161       2.2534
    3162       2.2833
    3163       2.2342
    3164       2.3412
    3165       2.2498
    3166       2.3915
    3167       2.3342
    3168       2.4026
    3169       2.5953
    3170       2.5235
    3171       2.3835
    3172       2.2376
    3173       2.2202
    3174       2.2092
    3175       2.2955
    3176       2.2113
    3177       2.1767
    3178       2.1591
    3179       2.0527
    3180       2.0347
    3181       2.0474
    3182       2.1782
    3183       2.2369
    3184       2.2847
    3185       2.2546
    3186       2.0823
    3187       2.2372
    3188       2.3338
    3189       2.1847
    3190       2.1481
    3191       2.2760
    3192       2.2723
    3193       2.1980
    3194       2.1919
    3195       2.2628
    3196       2.3829
    3197       2.4328
    3198       2.4213
    3199       2.5583
    3200       2.5771
    3201       2.4981
    3202       2.3819
    3203       2.2906
    3204       2.3292
    3205       2.3556
    3206       2.2541
    3207       2.4300
    3208       2.2967
    3209       2.2017
    3210       2.2598
    3211       2.2027
    3212       2.0292
    3213       2.2222
    3214       2.2575
    3215       2.2263
    3216       2.3527
    3217       2.2206
    3218       2.2998
    3219       2.2466
    3220       2.2410
    3221       2.3109
    3222       2.3730
    3223       2.3523
    3224       2.2122
    3225       2.1360
    3226       2.2784
    3227       2.4228
    3228       2.4553
    3229       2.4953
    3230       2.2856
    3231       2.2471
    3232       2.2268
    3233       2.1820
    3234       2.0976
    3235       2.0737
    3236       2.2014
    3237       2.2092
    3238       2.3309
    3239       2.3667
    3240       2.3039
    3241       2.3644
    3242       2.3973
    3243       2.4100
    3244       2.1761
    3245       2.3808
    3246       2.1575
    3247       2.2811
    3248       2.2564
    3249       2.2668
    3250       2.2001
    3251       2.1728
    3252       2.2105
    3253       2.2799
    3254       2.1289
    3255       2.2497
    3256       2.2764
    3257       2.3275
    3258       2.1942
    3259       1.9883
    3260       1.9430
    3261       1.9412
    3262       2.0775
    3263       1.9425
    3264       2.0041
    3265       2.0418
    3266       2.0069
    3267       2.1729
    3268       2.0832
    3269       2.0803
    3270       1.9949
    3271       2.0710
    3272       2.1970
    3273       2.0452
    3274       1.9062
    3275       1.9668
    3276       2.0025
    3277       2.1137
    3278       2.1692
    3279       2.1214
    3280       1.9860
    3281       2.0035
    3282       2.0907
    3283       2.1387
    3284       2.0141
    3285       2.0533
    3286       1.9691
    3287       2.0657
    3288       2.1044
    3289       2.1404
    3290       2.3489
    3291       2.2495
    3292       2.1813
    3293       2.1608
    3294       2.1589
    3295       2.2176
    3296       2.2093
    3297       2.0998
    3298       2.2581
    3299       2.1027
    3300       2.0313
    3301       2.0776
    3302       2.0494
    3303       2.2506
    3304       2.2454
    3305       2.1244
    3306       2.0350
    3307       2.0142
    3308       2.0207
    3309       2.0457
    3310       2.0332
    3311       2.1084
    3312       2.0261
    3313       2.0553
    3314       2.0648
    3315       2.2655
    3316       2.1519
    3317       2.2276
    3318       2.0190
    3319       2.0149
    3320       2.0372
    3321       2.1161
    3322       2.2474
    3323       2.2434
    3324       2.2600
    3325       2.4634
    3326       2.4341
    3327       2.4356
    3328       2.2482
    3329       2.1366
    3330       2.1276
    3331       2.2919
    3332       2.2895
    3333       2.4034
    3334       2.2078
    3335       2.1253
    3336       2.2243
    3337       2.2730
    3338       2.3611
    3339       2.3709
    3340       2.4063
    3341       2.6093
    3342       2.3601
    3343       2.2612
    3344       2.4775
    3345       2.6202
    3346       2.4921
    3347       2.5294
    3348       2.4465
    3349       2.5469
    3350       2.4261
    3351       2.4535
    3352       2.4557
    3353       2.4339
    3354       2.5120
    3355       2.7211
    3356       2.8055
    3357       2.7700
    3358       2.9066
    3359       2.6543
    3360       2.5748
    3361       2.6415
    3362       2.5165
    3363       2.5517
    3364       2.4970
    3365       2.5342
    3366       2.4918
    3367       2.4819
    3368       2.3937
    3369       2.5249
    3370       2.3472
    3371       2.4122
    3372       2.5501
    3373       2.7991
    3374       2.5269
    3375       2.3221
    3376       2.3965
    3377       2.3001
    3378       2.4194
    3379       2.4702
    3380       2.5578
    3381       2.6858
    3382       2.5335
    3383       2.5780
    3384       2.4887
    3385       2.3259
    3386       2.4934
    3387       2.4477
    3388       2.5087
    3389       2.6500
    3390       2.5374
    3391       2.5558
    3392       2.5139
    3393       2.6477
    3394       2.8176
    3395       2.5967
    3396       2.7855
    3397       2.8818
    3398       2.8167
    3399       2.8770
    3400       2.9753
    3401       2.8098
    3402       2.5984
    3403       2.8464
    3404       2.8161
    3405       2.5811
    3406       2.6722
    3407       2.8008
    3408       2.7624
    3409       2.7663
    3410       2.7749
    3411       3.0369
    3412       2.9047
    3413       2.7042
    3414       2.7036
    3415       2.8723
    3416       2.6522
    3417       2.8062
    3418       2.7086
    3419       2.6387
    3420       2.4642
    3421       2.5075
    3422       2.5694
    3423       2.6150
    3424       2.6198
    3425       2.9229
    3426       2.8743
    3427       2.8525
    3428       3.0067
    3429       2.8492
    3430       2.8603
    3431       2.6571
    3432       2.7725
    3433       2.7550
    3434       2.7614
    3435       2.5268
    3436       2.7407
    3437       2.7479
    3438       2.5847
    3439       2.4687
    3440       2.5544
    3441       2.6225
    3442       2.7125
    3443       2.6782
    3444       2.8765
    3445       2.9548
    3446       2.8577
    3447       2.9950
    3448       2.8776
    3449       2.8871
    3450       2.8441
    3451       3.0040
    3452       3.1358
    3453       3.1849
    3454       3.0591
    3455       2.9747
    3456       2.8611
    3457       2.8265
    3458       2.7253
    3459       2.6258
    3460       2.8631
    3461       2.6135
    3462       2.4400
    3463       2.3123
    3464       2.5337
    3465       2.4868
    3466       2.4897
    3467       2.8550
    3468       2.6543
    3469       2.6282
    3470       2.5720
    3471       2.6497
    3472       2.5772
    3473       2.4997
    3474       2.5931
    3475       2.5420
    3476       2.5940
    3477       2.7975
    3478       3.0041
    3479       3.0680
    3480       2.9816
    3481       3.0369
    3482       2.8434
    3483       2.8767
    3484       2.8924
    3485       2.9289
    3486       2.9182
    3487       2.9549
    3488       2.6959
    3489       2.9427
    3490       2.7173
    3491       2.7937
    3492       2.8020
    3493       2.8202
    3494       2.9881
    3495       3.0378
    3496       3.0456
    3497       2.8871
    3498       2.5889
    3499       2.6101
    3500       2.6662
    3501       2.6599
    3502       2.6212
    3503       2.6520
    3504       2.6548
    3505       2.5093
    3506       2.5784
    3507       2.6950
    3508       2.5165
    3509       2.4841
    3510       2.4501
    3511       2.5225
    3512       2.6869
    3513       2.6670
    3514       2.6410
    3515       2.7092
    3516       2.7927
    3517       2.7093
    3518       2.5817
    3519       2.5997
    3520       2.4974
    3521       2.6418
    3522       2.4934
    3523       2.6228
    3524       2.5220
    3525       2.5024
    3526       2.5215
    3527       2.5407
    3528       2.5822
    3529       2.6413
    3530       2.6268
    3531       2.7548
    3532       2.5793
    3533       2.5867
    3534       2.5351
    3535       2.4983
    3536       2.6280
    3537       2.4650
    3538       2.7351
    3539       2.6568
    3540       2.7304
    3541       2.7615
    3542       2.6699
    3543       2.7723
    3544       2.8306
    3545       2.8225
    3546       2.8004
    3547       2.7488
    3548       2.7393
    3549       2.7026
    3550       2.7683
    3551       2.8340
    3552       2.8963
    3553       2.7151
    3554       2.6360
    3555       2.8389
    3556       2.8183
    3557       2.9170
    3558       2.7366
    3559       2.7808
    3560       2.7172
    3561       2.9081
    3562       2.8767
    3563       2.8698
    3564       2.9987
    3565       2.9266
    3566       2.7249
    3567       2.8549
    3568       2.8610
    3569       3.0400
    3570       2.9119
    3571       2.7685
    3572       2.9110
    3573       3.0548
    3574       2.9586
    3575       2.9567
    3576       3.0580
    3577       2.8659
    3578       2.7574
    3579       2.7447
    3580       2.6023
    3581       2.5962
    3582       2.5625
    3583       2.5871
    3584       2.4491
    3585       2.4250
    3586       2.2763
    3587       2.3466
    3588       2.4312
    3589       2.6986
    3590       2.5967
    3591       2.5057
    3592       2.4048
    3593       2.4934
    3594       2.2812
    3595       2.3988
    3596       2.4724
    3597       2.4496
    3598       2.3192
    3599       2.5478
    3600       2.5244
    3601       2.5149
    3602       2.4700
    3603       2.6319
    3604       2.4513
    3605       2.5349
    3606       2.6391
    3607       2.6631
    3608       2.6768
    3609       2.4881
    3610       2.6597
    3611       2.8052
    3612       2.9051
    3613       2.9148
    3614       2.8423
    3615       2.7979
    3616       2.6571
    3617       2.6866
    3618       2.8441
    3619       2.9206
    3620       2.8817
    3621       2.8641
    3622       2.8487
    3623       2.8609
    3624       2.9736
    3625       2.6534
    3626       2.5324
    3627       2.6534
    3628       2.5337
    3629       2.4131
    3630       2.3604
    3631       2.3417
    3632       2.2946
    3633       2.2291
    3634       2.2223
    3635       2.2755
    3636       2.5312
    3637       2.4825
    3638       2.4545
    3639       2.6414
    3640       2.6207
    3641       2.6402
    3642       2.6855
    3643       2.5561
    3644       2.4238
    3645       2.4405
    3646       2.3407
    3647       2.4065
    3648       2.4759
    3649       2.5779
    3650       2.8469
    3651       2.8578
    3652       2.8406
    3653       3.0209
    3654       3.1860
    3655       2.9378
    3656       2.7507
    3657       2.5798
    3658       2.4042
    3659       2.4932
    3660       2.6419
    3661       2.6087
    3662       2.6231
    3663       2.4811
    3664       2.5292
    3665       2.5388
    3666       2.5348
    3667       2.6768
    3668       2.7627
    3669       2.7129
    3670       2.7528
    3671       2.5374
    3672       2.4552
    3673       2.2480
    3674       2.3709
    3675       2.3559
    3676       2.4935
    3677       2.4074
    3678       2.3894
    3679       2.4633
    3680       2.5624
    3681       2.5977
    3682       2.5157
    3683       2.5090
    3684       2.5299
    3685       2.3648
    3686       2.4561
    3687       2.4585
    3688       2.6153
    3689       2.5292
    3690       2.6478
    3691       2.7180
    3692       2.6720
    3693       2.5325
    3694       2.6017
    3695       2.7281
    3696       2.5139
    3697       2.4335
    3698       2.3594
    3699       2.4760
    3700       2.4918
    3701       2.1608
    3702       2.1832
    3703       1.9849
    3704       2.1032
    3705       2.1644
    3706       2.1729
    3707       2.1260
    3708       2.2096
    3709       2.2974
    3710       2.1934
    3711       2.2750
    3712       2.4798
    3713       2.5231
    3714       2.5864
    3715       2.7622
    3716       2.6640
    3717       2.5991
    3718       2.5598
    3719       2.4260
    3720       2.3817
    3721       2.2681
    3722       2.1438
    3723       2.1809
    3724       1.9972
    3725       1.9520
    3726       2.0401
    3727       2.0842
    3728       2.1418
    3729       2.2603
    3730       2.3226
    3731       2.4399
    3732       2.3349
    3733       2.1963
    3734       2.3009
    3735       2.1980
    3736       2.1547
    3737       2.3400
    3738       2.4477
    3739       2.3104
    3740       2.2522
    3741       2.2385
    3742       2.1969
    3743       2.3775
    3744       2.2784
    3745       2.5092
    3746       2.5406
    3747       2.4224
    3748       2.4796
    3749       2.4314
    3750       2.5490
    3751       2.6298
    3752       2.8196
    3753       2.8552
    3754       2.8994
    3755       2.7057
    3756       2.8488
    3757       2.5849
    3758       2.4385
    3759       2.5387
    3760       2.3701
    3761       2.2600
    3762       2.4187
    3763       2.3946
    3764       2.3415
    3765       2.1694
    3766       2.2217
    3767       2.2608
    3768       2.3064
    3769       2.3544
    3770       2.3996
    3771       2.4261
    3772       2.4597
    3773       2.5856
    3774       2.6659
    3775       2.8245
    3776       3.0287
    3777       3.0077
    3778       2.9117
    3779       3.0074
    3780       3.0215
    3781       2.8445
    3782       2.9190
    3783       2.8457
    3784       2.7907
    3785       2.7063
    3786       2.6960
    3787       2.6552
    3788       2.6179
    3789       2.4963
    3790       2.5584
    3791       2.5119
    3792       2.5281
    3793       2.7668
    3794       2.6942
    3795       2.6667
    3796       2.5745
    3797       2.5301
    3798       2.6404
    3799       2.4981
    3800       2.3733
    3801       2.3440
    3802       2.2671
    3803       2.2324
    3804       2.3149
    3805       2.3382
    3806       2.1931
    3807       2.2910
    3808       2.2920
    3809       2.3681
    3810       2.4218
    3811       2.1053
    3812       2.0674
    3813       2.1187
    3814       2.2050
    3815       2.1724
    3816       2.0914
    3817       2.2069
    3818       2.5376
    3819       2.3472
    3820       1.9431
    3821       2.1752
    3822       2.2275
    3823       2.2577
    3824       2.1767
    3825       2.1934
    3826       2.2238
    3827       2.2597
    3828       2.2288
    3829       2.2260
    3830       2.2457
    3831       2.2763
    3832       2.2874
    3833       2.4221
    3834       2.4974
    3835       2.5000
    3836       2.4246
    3837       2.4279
    3838       2.4631
    3839       2.5055
    3840       2.5332
    3841       2.4568
    3842       2.6227
    3843       2.4935
    3844       2.5779
    3845       2.6879
    3846       2.6305
    3847       2.5588
    3848       2.5980
    3849       2.4332
    3850       2.1785
    3851       2.2562
    3852       2.2092
    3853       2.2115
    3854       2.3369
    3855       2.2777
    3856       2.0991
    3857       2.0838
    3858       1.9246
    3859       1.9020
    3860       2.1222
    3861       2.2190
    3862       2.1726
    3863       2.3173
    3864       2.1791
    3865       2.4133
    3866       2.3373
    3867       2.3308
    3868       2.2558
    3869       2.3544
    3870       2.2253
    3871       2.3427
    3872       2.3118
    3873       2.4284
    3874       2.3929
    3875       2.3559
    3876       2.4264
    3877       2.3554
    3878       2.2472
    3879       2.3538
    3880       2.2431
    3881       2.3005
    3882       2.3685
    3883       2.2835
    3884       2.1793
    3885       2.0357
    3886       2.1117
    3887       2.0123
    3888       2.0141
    3889       2.0291
    3890       2.0680
    3891       2.1668
    3892       2.0177
    3893       1.9712
    3894       2.2404
    3895       2.1524
    3896       2.0380
    3897       2.1914
    3898       2.2681
    3899       2.3937
    3900       2.4832
    3901       2.4209
    3902       2.4252
    3903       2.3939
    3904       2.3113
    3905       2.2584
    3906       2.3187
    3907       2.3358
    3908       2.2689
    3909       2.3512
    3910       2.3915
    3911       2.3751
    3912       2.3245
    3913       2.3776
    3914       2.3773
    3915       2.3261
    3916       2.4064
    3917       2.6473
    3918       2.6535
    3919       2.5214
    3920       2.4529
    3921       2.5237
    3922       2.3801
    3923       2.4383
    3924       2.5387
    3925       2.5202
    3926       2.6196
    3927       2.7758
    3928       2.7125
    3929       2.5457
    3930       2.3623
    3931       2.4935
    3932       2.3615
    3933       2.4639
    3934       2.3640
    3935       2.4495
    3936       2.2922
    3937       2.2450
    3938       2.1831
    3939       2.2566
    3940       2.2292
    3941       2.1575
    3942       2.0702
    3943       2.1096
    3944       2.1373
    3945       2.0704
    3946       2.1680
    3947       2.2610
    3948       2.3659
    3949       2.3840
    3950       2.3192
    3951       2.2406
    3952       2.3402
    3953       2.4005
    3954       2.2149
    3955       2.1416
    3956       2.1993
    3957       2.2340
    3958       2.0737
    3959       2.2931
    3960       2.1306
    3961       2.1262
    3962       2.1737
    3963       2.1934
    3964       2.1997
    3965       2.2395
    3966       2.1879
    3967       2.2035
    3968       2.1240
    3969       2.2431
    3970       2.1546
    3971       1.9758
    3972       1.9184
    3973       2.1091
    3974       2.1751
    3975       2.1217
    3976       2.1348
    3977       2.1217
    3978       2.0639
    3979       2.1626
    3980       2.0772
    3981       2.2014
    3982       2.1818
    3983       2.3119
    3984       2.3364
    3985       2.0430
    3986       2.1808
    3987       2.3568
    3988       2.3246
    3989       2.4694
    3990       2.3836
    3991       2.2655
    3992       2.2260
    3993       2.1191
    3994       2.3461
    3995       2.3418
    3996       2.3196
    3997       2.2669
    3998       2.4388
    3999       2.4266
    4000       2.4835
    4001       2.5265
    4002       2.4627
    4003       2.4589
    4004       2.4582
    4005       2.4502
    4006       2.5531
    4007       2.5322
    4008       2.3656
    4009       2.5007
    4010       2.4776
    4011       2.4817
    4012       2.5631
    4013       2.4017
    4014       2.3198
    4015       2.2858
    4016       2.3637
    4017       2.4358
    4018       2.4270
    4019       2.0987
    4020       2.3155
    4021       2.1348
    4022       2.1550
    4023       2.2562
    4024       2.2572
    4025       2.3449
    4026       2.2571
    4027       2.3454
    4028       2.1929
    4029       2.2852
    4030       2.1755
    4031       2.1514
    4032       2.2727
    4033       2.2944
    4034       2.2734
    4035       2.1093
    4036       2.2738
    4037       2.3188
    4038       2.5106
    4039       2.2462
    4040       2.3614
    4041       2.3023
    4042       2.2275
    4043       2.2570
    4044       2.4261
    4045       2.5341
    4046       2.3395
    4047       2.2860
    4048       2.3194
    4049       2.3251
    4050       2.1595
    4051       2.1278
    4052       2.3498
    4053       2.3538
    4054       2.3067
    4055       2.1992
    4056       2.2123
    4057       2.2392
    4058       2.3177
    4059       2.1259
    4060       2.0653
    4061       2.1987
    4062       2.3261
    4063       2.2668
    4064       2.2979
    4065       2.3011
    4066       2.3003
    4067       2.3923
    4068       2.4676
    4069       2.2770
    4070       2.3290
    4071       2.3842
    4072       2.4069
    4073       2.4391
    4074       2.4711
    4075       2.3252
    4076       2.2524
    4077       2.2261
    4078       2.2016
    4079       2.2382
    4080       2.3082
    4081       2.4204
    4082       2.4401
    4083       2.5224
    4084       2.4659
    4085       2.3709
    4086       2.4575
    4087       2.4301
    4088       2.2912
    4089       2.2501
    4090       2.1845
    4091       2.2631
    4092       2.4578
    4093       2.4021
    4094       2.4282
    4095       2.4962
    4096       2.4109
    4097       2.4080
    4098       2.3682
    4099       2.3097
    4100       2.2563
    4101       2.3366
    4102       2.3574
    4103       2.3083
    4104       2.3327
    4105       2.2053
    4106       2.3377
    4107       2.3168
    4108       2.5529
    4109       2.5256
    4110       2.3575
    4111       2.4356
    4112       2.3600
    4113       2.4511
    4114       2.4023
    4115       2.4525
    4116       2.4893
    4117       2.4500
    4118       2.4655
    4119       2.5709
    4120       2.4051
    4121       2.2850
    4122       2.2855
    4123       2.2512
    4124       2.1767
    4125       2.0517
    4126       2.0610
    4127       2.1253
    4128       2.1319
    4129       2.1919
    4130       2.1441
    4131       2.1952
    4132       2.3267
    4133       2.4254
    4134       2.3901
    4135       2.3226
    4136       2.3291
    4137       2.3786
    4138       2.4509
    4139       2.3829
    4140       2.3308
    4141       2.4481
    4142       2.5648
    4143       2.4860
    4144       2.3827
    4145       2.3586
    4146       2.4551
    4147       2.4645
    4148       2.3214
    4149       2.3866
    4150       2.4171
    4151       2.6047
    4152       2.4338
    4153       2.4335
    4154       2.5114
    4155       2.4164
    4156       2.5200
    4157       2.5706
    4158       2.4897
    4159       2.4995
    4160       2.3780
    4161       2.3170
    4162       2.2614
    4163       2.2834
    4164       2.2636
    4165       2.1554
    4166       2.1491
    4167       2.1667
    4168       2.2846
    4169       2.2225
    4170       2.1684
    4171       2.1397
    4172       2.2966
    4173       2.1888
    4174       2.1418
    4175       2.3825
    4176       2.3050
    4177       2.3246
    4178       2.3831
    4179       2.2140
    4180       2.2944
    4181       2.1325
    4182       2.1046
    4183       1.9407
    4184       2.0913
    4185       2.2440
    4186       2.2446
    4187       2.1775
    4188       2.1574
    4189       2.1627
    4190       2.2158
    4191       2.1480
    4192       1.9736
    4193       2.1856
    4194       2.1219
    4195       2.1310
    4196       2.1949
    4197       2.1630
    4198       2.0552
    4199       2.0383
    4200       2.0979
    4201       2.1620
    4202       2.2599
    4203       2.3386
    4204       2.2898
    4205       2.2834
    4206       2.3651
    4207       2.3151
    4208       2.4879
    4209       2.4525
    4210       2.4189
    4211       2.4436
    4212       2.5823
    4213       2.4831
    4214       2.3633
    4215       2.3555
    4216       2.4718
    4217       2.4527
    4218       2.2484
    4219       2.5046
    4220       2.4762
    4221       2.4866
    4222       2.4999
    4223       2.3624
    4224       2.3691
    4225       2.2713
    4226       2.2370
    4227       2.3789
    4228       2.3466
    4229       2.4837
    4230       2.3465
    4231       2.1667
    4232       2.2098
    4233       2.2260
    4234       2.2074
    4235       2.2370
    4236       2.3890
    4237       2.3682
    4238       2.5741
    4239       2.6038
    4240       2.5141
    4241       2.2485
    4242       2.3687
    4243       2.4571
    4244       2.5327
    4245       2.3770
    4246       2.2680
    4247       2.3077
    4248       2.3788
    4249       2.3014
    4250       2.4071
    4251       2.4609
    4252       2.6222
    4253       2.4866
    4254       2.4094
    4255       2.4118
    4256       2.3792
    4257       2.4467
    4258       2.4353
    4259       2.3688
    4260       2.3493
    4261       2.3172
    4262       2.3207
    4263       2.2388
    4264       2.1805
    4265       2.1654
    4266       2.0911
    4267       1.9565
    4268       1.9643
    4269       1.9122
    4270       2.1311
    4271       2.1777
    4272       2.3316
    4273       2.3063
    4274       2.2947
    4275       2.3861
    4276       2.4667
    4277       2.6791
    4278       2.6463
    4279       2.7062
    4280       2.7420
    4281       2.6343
    4282       2.4394
    4283       2.6643
    4284       2.5066
    4285       2.7214
    4286       2.6317
    4287       2.4561
    4288       2.6823
    4289       2.7997
    4290       2.7750
    4291       2.9029
    4292       2.9078
    4293       2.9129
    4294       2.7880
    4295       2.8779
    4296       2.7645
    4297       2.8658
    4298       2.8391
    4299       2.8663
    4300       2.8633
    4301       2.6600
    4302       2.8238
    4303       2.7289
    4304       2.5318
    4305       2.5528
    4306       2.6495
    4307       2.3248
    4308       2.2536
    4309       2.3264
    4310       2.3282
    4311       2.2958
    4312       2.3457
    4313       2.2376
    4314       2.2114
    4315       2.3578
    4316       2.2252
    4317       2.2315
    4318       2.2233
    4319       2.3049
    4320       2.3004
    4321       2.2711
    4322       2.1871
    4323       2.1132
    4324       2.2337
    4325       2.4003
    4326       2.4882
    4327       2.4075
    4328       2.3140
    4329       2.2003
    4330       2.3565
    4331       2.1842
    4332       2.2180
    4333       2.3259
    4334       2.1749
    4335       2.2396
    4336       2.3241
    4337       2.1250
    4338       2.2067
    4339       2.2518
    4340       2.2501
    4341       2.2633
    4342       2.4242
    4343       2.5024
    4344       2.4416
    4345       2.4503
    4346       2.5742
    4347       2.5558
    4348       2.4945
    4349       2.4485
    4350       2.4985
    4351       2.6079
    4352       2.7459
    4353       2.7150
    4354       2.6586
    4355       2.8414
    4356       2.7544
    4357       2.7360
    4358       2.8124
    4359       2.7322
    4360       2.5785
    4361       2.7523
    4362       2.7358
    4363       2.7115
    4364       2.4918
    4365       2.7442
    4366       2.7055
    4367       2.5064
    4368       2.4057
    4369       2.4139
    4370       2.4315
    4371       2.4561
    4372       2.5465
    4373       2.3767
    4374       2.2766
    4375       2.3022
    4376       2.2445
    4377       2.4730
    4378       2.5486
    4379       2.3765
    4380       2.3670
    4381       2.2964
    4382       2.3797
    4383       2.2137
    4384       2.3126
    4385       2.2495
    4386       2.3674
    4387       2.4090
    4388       2.3297
    4389       2.3593
    4390       2.3852
    4391       2.4932
    4392       2.6279
    4393       2.6171
    4394       2.6430
    4395       2.5058
    4396       2.3961
    4397       2.4226
    4398       2.2631
    4399       2.1872
    4400       2.1692
    4401       2.1050
    4402       2.1816
    4403       2.1399
    4404       2.1822
    4405       2.3212
    4406       2.2758
    4407       2.3382
    4408       2.4967
    4409       2.4147
    4410       2.4529
    4411       2.6004
    4412       2.6110
    4413       2.5927
    4414       2.6081
    4415       2.4874
    4416       2.7500
    4417       2.5778
    4418       2.4448
    4419       2.6008
    4420       2.4150
    4421       2.4468
    4422       2.5719
    4423       2.4584
    4424       2.6015
    4425       2.5603
    4426       2.6293
    4427       2.5506
    4428       2.5325
    4429       2.6660
    4430       2.5047
    4431       2.6832
    4432       2.5517
    4433       2.6128
    4434       2.4549
    4435       2.5713
    4436       2.4136
    4437       2.2177
    4438       2.4657
    4439       2.4455
    4440       2.2471
    4441       2.3711
    4442       2.3220
    4443       2.3572
    4444       2.2960
    4445       2.3280
    4446       2.3718
    4447       2.3018
    4448       2.3782
    4449       2.5374
    4450       2.6452
    4451       2.6243
    4452       2.5829
    4453       2.5522
    4454       2.5259
    4455       2.3710
    4456       2.4697
    4457       2.5282
    4458       2.4960
    4459       2.6090
    4460       2.7616
    4461       2.6400
    4462       2.6238
    4463       2.4200
    4464       2.5286
    4465       2.4918
    4466       2.5098
    4467       2.5548
    4468       2.6980
    4469       2.7089
    4470       2.6897
    4471       2.5516
    4472       2.6594
    4473       2.6579
    4474       2.4304
    4475       2.5129
    4476       2.4474
    4477       2.6372
    4478       2.6373
    4479       2.5871
    4480       2.6486
    4481       2.5659
    4482       2.4449
    4483       2.4741
    4484       2.6769
    4485       2.8215
    4486       3.0162
    4487       2.7896
    4488       2.7436
    4489       2.8481
    4490       2.7507
    4491       2.8126
    4492       2.8060
    4493       2.6633
    4494       2.6351
    4495       2.6214
    4496       2.6635
    4497       2.7121
    4498       2.7140
    4499       2.5311
    4500       2.5533
    4501       2.5973
    4502       2.6651
    4503       2.5832
    4504       2.6035
    4505       2.6136
    4506       2.5057
    4507       2.5337
    4508       2.5664
    4509       2.6070
    4510       2.6180
    4511       2.6251
    4512       2.6535
    4513       2.6168
    4514       2.6043
    4515       2.5458
    4516       2.5126
    4517       2.5598
    4518       2.4312
    4519       2.5604
    4520       2.6604
    4521       2.6788
    4522       2.6893
    4523       2.8578
    4524       2.6433
    4525       2.5200
    4526       2.5823
    4527       2.5742
    4528       2.4934
    4529       2.2058
    4530       2.2080
    4531       2.2479
    4532       2.2998
    4533       2.4016
    4534       2.4146
    4535       2.6403
    4536       2.7779
    4537       2.7578
    4538       2.8025
    4539       2.7873
    4540       2.6445
    4541       2.7808
    4542       2.4498
    4543       2.3356
    4544       2.3100
    4545       2.2153
    4546       2.3350
    4547       2.1714
    4548       2.1201
    4549       2.3203
    4550       2.3596
    4551       2.2041
    4552       2.0986
    4553       2.1136
    4554       2.2597
    4555       2.3038
    4556       2.0191
    4557       2.2517
    4558       2.0182
    4559       2.3372
    4560       2.3676
    4561       2.2835
    4562       2.1371
    4563       1.9821
    4564       2.0313
    4565       2.1320
    4566       2.1339
    4567       2.1156
    4568       2.1064
    4569       2.1940
    4570       2.1683
    4571       2.4368
    4572       2.3182
    4573       2.4831
    4574       2.5477
    4575       2.4267
    4576       2.4094
    4577       2.2828
    4578       2.4201
    4579       2.4622
    4580       2.1535
    4581       2.0110
    4582       1.8928
    4583       1.9266
    4584       2.0615
    4585       1.9369
    4586       1.8370
    4587       1.7794
    4588       1.8719
    4589       2.1302
    4590       1.9782
    4591       1.9808
    4592       2.0449
    4593       1.9160
    4594       1.9062
    4595       2.0910
    4596       2.1138
    4597       2.1064
    4598       1.9092
    4599       2.0441
    4600       2.2278
    4601       2.1388
    4602       2.2956
    4603       2.3305
    4604       1.9990
    4605       2.2795
    4606       2.1457
    4607       2.0774
    4608       2.1115
    4609       2.2162
    4610       2.1159
    4611       2.2935
    4612       2.3072
    4613       2.3756
    4614       2.2972
    4615       2.3698
    4616       2.1865
    4617       2.1085
    4618       2.0738
    4619       2.0790
    4620       2.0911
    4621       2.0752
    4622       1.8954
    4623       1.9743
    4624       2.1519
    4625       1.9213
    4626       1.7535
    4627       1.8005
    4628       1.7622
    4629       1.7637
    4630       1.6814
    4631       1.7384
    4632       1.8459
    4633       2.0824
    4634       1.9226
    4635       1.7699
    4636       2.0574
    4637       2.0700
    4638       2.1496
    4639       2.1304
    4640       2.0985
    4641       2.2549
    4642       2.0915
    4643       2.0402
    4644       2.0831
    4645       2.0598
    4646       1.9313
    4647       1.9855
    4648       2.1185
    4649       2.0762
    4650       2.1592
    4651       2.0831
    4652       2.0488
    4653       2.1975
    4654       2.0733
    4655       1.9571
    4656       2.1662
    4657       2.2793
    4658       2.4137
    4659       2.3849
    4660       2.3658
    4661       2.1349
    4662       2.3776
    4663       2.2335
    4664       2.2234
    4665       2.5322
    4666       2.3868
    4667       2.3611
    4668       2.5450
    4669       2.4177
    4670       2.3813
    4671       2.2304
    4672       2.3421
    4673       2.2485
    4674       2.2160
    4675       1.9513
    4676       1.7713
    4677       1.7805
    4678       1.8298
    4679       1.7863
    4680       1.6844
    4681       1.9016
    4682       1.8493
    4683       2.0046
    4684       2.0045
    4685       1.9995
    4686       2.2779
    4687       2.4840
    4688       2.4431
    4689       2.4860
    4690       2.3382
    4691       2.3156
    4692       2.5364
    4693       2.7240
    4694       2.5795
    4695       2.5726
    4696       2.6944
    4697       2.4929
    4698       2.3620
    4699       2.2379
    4700       2.1840
    4701       2.2340
    4702       2.1899
    4703       2.1191
    4704       2.1839
    4705       2.1678
    4706       2.2683
    4707       2.1390
    4708       2.1913
    4709       2.1759
    4710       2.1775
    4711       2.0346
    4712       1.9913
    4713       2.1221
    4714       2.1711
    4715       1.9523
    4716       1.9057
    4717       1.9733
    4718       1.8491
    4719       1.9214
    4720       2.0793
    4721       1.8957
    4722       1.7612
    4723       2.0523
    4724       2.2337
    4725       2.1584
    4726       2.1424
    4727       2.1115
    4728       2.0721
    4729       2.0402
    4730       2.0481
    4731       2.0886
    4732       2.0362
    4733       1.9575
    4734       2.1291
    4735       2.2161
    4736       2.2051
    4737       2.2389
    4738       2.1661
    4739       2.1351
    4740       2.1939
    4741       2.0035
    4742       2.0644
    4743       2.2628
    4744       2.1732
    4745       2.0462
    4746       2.1784
    4747       2.2656
    4748       2.5443
    4749       2.3921
    4750       2.3675
    4751       2.3408
    4752       2.4885
    4753       2.2379
    4754       2.1873
    4755       2.0854
    4756       2.0490
    4757       1.9877
    4758       2.1385
    4759       2.3423
    4760       2.3348
    4761       2.3873
    4762       2.2144
    4763       2.0450
    4764       1.8148
    4765       1.9775
    4766       1.8709
    4767       2.0788
    4768       2.1154
    4769       2.2830
    4770       2.3026
    4771       2.3506
    4772       2.2394
    4773       2.2855
    4774       2.3211
    4775       2.2427
    4776       1.9150
    4777       2.0185
    4778       1.9819
    4779       1.9986
    4780       1.9488
    4781       1.9922
    4782       2.0891
    4783       2.0569
    4784       2.2525
    4785       2.1833
    4786       2.2612
    4787       2.2751
    4788       2.2383
    4789       2.2345
    4790       2.1596
    4791       2.0954
    4792       2.2126
    4793       2.1143
    4794       2.0125
    4795       2.0805
    4796       2.0286
    4797       2.0977
    4798       2.1528
    4799       2.1908
    4800       2.0192
    4801       1.9997
    4802       1.9999
    4803       2.1398
    4804       2.0040
    4805       2.0411
    4806       2.1532
    4807       2.0922
    4808       2.1069
    4809       2.1020
    4810       2.2014
    4811       2.3027
    4812       2.5054
    4813       2.4995
    4814       2.5627
    4815       2.5411
    4816       2.4421
    4817       2.4112
    4818       2.2986
    4819       2.4088
    4820       2.4089
    4821       2.4385
    4822       2.2438
    4823       2.4475
    4824       2.2218
    4825       2.2243
    4826       2.2357
    4827       2.2690
    4828       2.5384
    4829       2.6433
    4830       2.4576
    4831       2.3079
    4832       2.3245
    4833       2.1615
    4834       2.1647
    4835       2.2894
    4836       2.1702
    4837       2.1891
    4838       2.3008
    4839       2.3172
    4840       2.1364
    4841       2.1349
    4842       2.2641
    4843       2.3872
    4844       2.2049
    4845       2.2736
    4846       2.2859
    4847       2.4206
    4848       2.3416
    4849       2.3494
    4850       2.5512
    4851       2.4535
    4852       2.4039
    4853       2.6450
    4854       2.4578
    4855       2.3334
    4856       2.3663
    4857       2.4596
    4858       2.4927
    4859       2.5410
    4860       2.5235
    4861       2.5429
    4862       2.3325
    4863       2.2849
    4864       2.0638
    4865       2.0401
    4866       2.2405
    4867       2.2396
    4868       2.2929
    4869       2.2295
    4870       2.1616
    4871       2.3718
    4872       2.4022
    4873       2.2769
    4874       2.2712
    4875       2.1680
    4876       2.0163
    4877       2.3082
    4878       2.4184
    4879       2.3397
    4880       2.3291
    4881       2.2149
    4882       2.2724
    4883       2.3240
    4884       2.1846
    4885       2.1181
    4886       1.9740
    4887       2.0976
    4888       2.2246
    4889       2.0951
    4890       2.1403
    4891       2.0872
    4892       2.2482
    4893       2.3767
    4894       2.3330
    4895       2.6166
    4896       2.5590
    4897       2.4521
    4898       2.4060
    4899       2.4466
    4900       2.2987
    4901       2.6368
    4902       2.6753
    4903       2.6758
    4904       2.3258
    4905       2.3006
    4906       2.2907
    4907       2.3691
    4908       2.3333
    4909       2.2649
    4910       2.2461
    4911       2.1118
    4912       2.1335
    4913       2.1053
    4914       2.3686
    4915       2.3512
    4916       2.3816
    4917       2.4161
    4918       2.3845
    4919       2.3659
    4920       2.4117
    4921       2.1844
    4922       2.3029
    4923       2.7523
    4924       2.4909
    4925       2.5255
    4926       2.4102
    4927       2.4841
    4928       2.3359
    4929       2.3252
    4930       2.3470
    4931       2.5675
    4932       2.4645
    4933       2.6112
    4934       2.4828
    4935       2.4247
    4936       2.4999
    4937       2.4952
    4938       2.4179
    4939       2.3250
    4940       2.4699
    4941       2.2610
    4942       2.2104
    4943       2.1606
    4944       2.2365
    4945       2.4264
    4946       2.6738
    4947       2.5845
    4948       2.4968
    4949       2.4237
    4950       2.3629
    4951       2.5497
    4952       2.4792
    4953       2.2241
    4954       2.2496
    4955       2.3913
    4956       2.1827
    4957       2.3452
    4958       2.2891
    4959       2.3654
    4960       2.3548
    4961       2.2801
    4962       2.3041
    4963       2.3169
    4964       2.4004
    4965       2.3001
    4966       2.3971
    4967       2.4498
    4968       2.3260
    4969       2.2435
    4970       2.3162
    4971       2.2577
    4972       2.5388
    4973       2.5376
    4974       2.4603
    4975       2.3537
    4976       2.1496
    4977       2.2623
    4978       2.2898
    4979       2.2199
    4980       2.3348
    4981       2.5517
    4982       2.6400
    4983       2.3401
    4984       2.2966
    4985       2.2953
    4986       2.2406
    4987       2.2678
    4988       2.1926
    4989       2.1511
    4990       2.1669
    4991       2.2622
    4992       2.3273
    4993       2.2899
    4994       2.1109
    4995       2.1926
    4996       2.0635
    4997       2.0422
    4998       1.9207
    4999       1.8513
    5000       1.8650
    5001       2.0712
    5002       1.9223
    5003       2.0769
    5004       2.1599
    5005       2.0947
    5006       2.0185
    5007       1.9265
    5008       2.1647
    5009       2.3295
    5010       2.3100
    5011       2.3298
    5012       2.3828
    5013       2.1181
    5014       2.1668
    5015       2.0811
    5016       2.1408
    5017       2.0683
    5018       2.1493
    5019       2.2725
    5020       2.2255
    5021       2.1333
    5022       2.2838
    5023       2.2627
    5024       2.4087
    5025       2.2378
    5026       2.1767
    5027       2.3784
    5028       2.2869
    5029       2.2806
    5030       2.2022
    5031       2.3440
    5032       2.4421
    5033       2.1428
    5034       2.2547
    5035       2.1230
    5036       2.1501
    5037       2.0643
    5038       2.0723
    5039       2.1589
    5040       2.1812
    5041       2.2601
    5042       2.1115
    5043       2.1344
    5044       2.0013
    5045       2.1096
    5046       2.3024
    5047       2.0172
    5048       2.2376
    5049       2.1901
    5050       2.1798
    5051       2.1421
    5052       2.1805
    5053       2.2836
    5054       2.1986
    5055       2.1186
    5056       2.1831
    5057       2.2190
    5058       2.2310
    5059       2.1717
    5060       1.9852
    5061       2.0924
    5062       2.0753
    5063       2.0995
    5064       2.0690
    5065       1.9232
    5066       1.9736
    5067       2.0310
    5068       2.0996
    5069       2.0553
    5070       2.0552
    5071       2.1790
    5072       2.0385
    5073       2.1179
    5074       2.1055
    5075       1.9925
    5076       1.9780
    5077       2.2527
    5078       2.3293
    5079       2.0994
    5080       2.0386
    5081       2.0007
    5082       1.8294
    5083       2.0586
    5084       2.0550
    5085       2.1437
    5086       2.1349
    5087       2.0624
    5088       2.1737
    5089       2.1041
    5090       2.1906
    5091       2.2721
    5092       2.2957
    5093       2.2158
    5094       2.3453
    5095       2.3003
    5096       2.3343
    5097       2.2431
    5098       2.2386
    5099       2.3427
    5100       2.3911
    5101       2.3605
    5102       2.1035
    5103       2.1870
    5104       2.4057
    5105       2.2617
    5106       2.3118
    5107       2.1743
    5108       2.3445
    5109       2.3193
    5110       2.5261
    5111       2.3603
    5112       2.4611
    5113       2.3540
    5114       2.4357
    5115       2.3136
    5116       2.1864
    5117       2.2557
    5118       2.2073
    5119       2.3451
    5120       2.3251
    5121       2.2333
    5122       2.0823
    5123       2.0057
    5124       1.9933
    5125       1.9847
    5126       1.8445
    5127       1.8517
    5128       1.9647
    5129       1.9766
    5130       1.9636
    5131       1.9400
    5132       2.0543
    5133       2.0587
    5134       1.9507
    5135       2.0438
    5136       2.0542
    5137       2.1437
    5138       2.2681
    5139       2.2561
    5140       1.9914
    5141       1.9823
    5142       2.0540
    5143       1.9531
    5144       2.1381
    5145       2.2596
    5146       2.1293
    5147       2.1011
    5148       2.1286
    5149       2.1312
    5150       2.2361
    5151       2.5563
    5152       2.7976
    5153       2.5411
    5154       2.5551
    5155       2.3918
    5156       2.3719
    5157       2.3605
    5158       2.4605
    5159       2.5430
    5160       2.3047
    5161       2.2448
    5162       2.2013
    5163       1.9410
    5164       1.9732
    5165       2.0570
    5166       2.0722
    5167       2.1071
    5168       2.0013
    5169       2.0203
    5170       2.0143
    5171       1.9103
    5172       2.0511
    5173       2.0233
    5174       2.1760
    5175       1.9659
    5176       1.9645
    5177       1.8129
    5178       1.8458
    5179       2.1296
    5180       2.2473
    5181       2.3047
    5182       2.4719
    5183       2.4939
    5184       2.8091
    5185       2.7280
    5186       2.7334
    5187       2.7526
    5188       2.6309
    5189       2.4370
    5190       2.3653
    5191       2.4543
    5192       2.3979
    5193       2.4506
    5194       2.4198
    5195       2.6103
    5196       2.6790
    5197       2.5479
    5198       2.5510
    5199       2.6934
    5200       2.6287
    5201       2.3389
    5202       2.2700
    5203       2.3402
    5204       2.3036
    5205       2.0514
    5206       2.1630
    5207       2.1771
    5208       2.1322
    5209       2.0909
    5210       2.1240
    5211       2.1608
    5212       2.1888
    5213       2.0191
    5214       1.9923
    5215       2.1652
    5216       2.2841
    5217       2.2154
    5218       2.2567
    5219       2.1863
    5220       2.0434
    5221       2.1467
    5222       2.0240
    5223       2.0853
    5224       2.3037
    5225       2.2726
    5226       2.1820
    5227       2.3728
    5228       2.3769
    5229       2.4957
    5230       2.4559
    5231       2.5210
    5232       2.5542
    5233       2.5430
    5234       2.5344
    5235       2.5984
    5236       2.5677
    5237       2.5842
    5238       2.4705
    5239       2.5441
    5240       2.5020
    5241       2.4030
    5242       2.4434
    5243       2.3488
    5244       2.3064
    5245       2.3641
    5246       2.5537
    5247       2.3989
    5248       2.2609
    5249       2.3779
    5250       2.3045
    5251       2.1777
    5252       2.2300
    5253       2.2813
    5254       2.2849
    5255       2.3670
    5256       2.4094
    5257       2.2353
    5258       2.2856
    5259       2.1980
    5260       2.1552
    5261       2.3041
    5262       2.3597
    5263       2.2580
    5264       2.4417
    5265       2.2900
    5266       2.5224
    5267       2.5322
    5268       2.7583
    5269       2.4684
    5270       2.3543
    5271       2.4347
    5272       2.3635
    5273       2.3310
    5274       2.2677
    5275       2.4018
    5276       2.4784
    5277       2.6537
    5278       2.7885
    5279       2.6404
    5280       2.5647
    5281       2.2843
    5282       2.3768
    5283       2.3741
    5284       2.4646
    5285       2.4665
    5286       2.6914
    5287       2.4830
    5288       2.3519
    5289       2.2716
    5290       2.1947
    5291       2.2331
    5292       2.1538
    5293       2.0446
    5294       2.1349
    5295       2.2014
    5296       2.3921
    5297       2.4072
    5298       2.3030
    5299       2.3955
    5300       2.3357
    5301       2.3986
    5302       2.1862
    5303       2.1614
    5304       2.0858
    5305       2.2160
    5306       2.0384
    5307       2.0030
    5308       2.0367
    5309       2.0887
    5310       1.9324
    5311       2.0666
    5312       2.1838
    5313       2.2983
    5314       2.3474
    5315       2.2106
    5316       2.3498
    5317       2.2027
    5318       2.3058
    5319       2.2399
    5320       2.2968
    5321       2.0024
    5322       2.0726
    5323       2.0432
    5324       2.0257
    5325       1.9028
    5326       1.9014
    5327       1.7260
    5328       1.9553
    5329       1.9572
    5330       1.9872
    5331       2.0486
    5332       2.0054
    5333       1.9043
    5334       1.8147
    5335       1.7973
    5336       2.0084
    5337       1.8640
    5338       1.8666
    5339       2.0110
    5340       1.9657
    5341       2.0105
    5342       2.0577
    5343       2.0053
    5344       1.9685
    5345       1.9543
    5346       2.0452
    5347       2.0208
    5348       1.8880
    5349       1.9811
    5350       1.8862
    5351       1.7533
    5352       1.7632
    5353       1.9236
    5354       1.8806
    5355       1.9706
    5356       2.0924
    5357       2.0394
    5358       1.9538
    5359       2.0536
    5360       2.2953
    5361       2.3622
    5362       2.3578
    5363       2.3969
    5364       2.2453
    5365       2.3432
    5366       2.2745
    5367       2.5426
    5368       2.4362
    5369       2.3044
    5370       2.2731
    5371       2.0879
    5372       2.2140
    5373       2.1928
    5374       2.1757
    5375       2.5134
    5376       2.3942
    5377       2.4093
    5378       2.4554
    5379       2.4950
    5380       2.5078
    5381       2.5989
    5382       2.4063
    5383       2.4005
    5384       2.3541
    5385       2.3091
    5386       2.6015
    5387       2.5082
    5388       2.4481
    5389       2.6207
    5390       2.7264
    5391       2.5863
    5392       2.4889
    5393       2.3555
    5394       2.3970
    5395       2.1936
    5396       2.2706
    5397       2.4510
    5398       2.3197
    5399       2.1774
    5400       2.2088
    5401       2.1091
    5402       2.0681
    5403       1.9675
    5404       2.1033
    5405       2.1375
    5406       1.9986
    5407       2.2044
    5408       2.2332
    5409       1.9690
    5410       1.9668
    5411       1.8932
    5412       2.0170
    5413       2.2647
    5414       2.4448
    5415       2.2068
    5416       2.1834
    5417       1.9911
    5418       1.8999
    5419       1.8904
    5420       1.7362
    5421       1.9021
    5422       1.9468
    5423       2.0515
    5424       2.0576
    5425       2.2821
    5426       2.2332
    5427       2.3830
    5428       2.4065
    5429       2.4884
    5430       2.5455
    5431       2.5098
    5432       2.2156
    5433       2.1496
    5434       2.2815
    5435       2.6783
    5436       2.8594
    5437       2.4866
    5438       2.3395
    5439       2.3382
    5440       2.2153
    5441       2.2790
    5442       2.0057
    5443       1.8871
    5444       1.9548
    5445       2.0564
    5446       2.1438
    5447       2.1172
    5448       2.2638
    5449       2.4961
    5450       2.7403
    5451       2.8361
    5452       2.8845
    5453       2.7607
    5454       2.8117
    5455       2.8409
    5456       3.0831
    5457       2.9923
    5458       3.0798
    5459       3.2361
    5460       3.3770
    5461       3.3294
    5462       3.1792
    5463       2.9164
    5464       2.8512
    5465       2.5381
    5466       2.7507
    5467       2.8065
    5468       2.7509
    5469       2.8507
    5470       2.9721
    5471       3.1725
    5472       3.0021
    5473       3.0533
    5474       3.1882
    5475       3.1261
    5476       3.4061
    5477       3.2906
    5478       3.4417
    5479       3.3274
    5480       3.5327
    5481       3.5681
    5482       3.1698
    5483       3.2916
    5484       3.2221
    5485       3.1945
    5486       2.9853
    5487       3.1678
    5488       3.2626
    5489       3.4283
    5490       3.0502
    5491       2.6955
    5492       2.5290
    5493       2.6160
    5494       2.4854
    5495       2.5403
    5496       2.5148
    5497       2.7749
    5498       2.5531
    5499       2.2480
    5500       2.2675
    5501       2.5007
    5502       2.6072
    5503       2.5606
    5504       2.5072
    5505       2.4118
    5506       2.4820
    5507       2.5940
    5508       2.2383
    5509       2.2933
    5510       2.0422
    5511       1.9548
    5512       1.9067
    5513       2.0301
    5514       1.8622
    5515       1.8844
    5516       1.8287
    5517       1.8055
    5518       1.7259
    5519       1.8390
    5520       1.9937
    5521       1.9780
    5522       2.0425
    5523       1.9501
    5524       2.0330
    5525       2.0605
    5526       2.2705
    5527       2.3723
    5528       2.4605
    5529       2.2769
    5530       2.3962
    5531       2.2960
    5532       2.5893
    5533       2.6056
    5534       2.5885
    5535       2.4946
    5536       2.5535
    5537       2.4950
    5538       2.6658
    5539       2.7923
    5540       2.6363
    5541       2.3733
    5542       2.3777
    5543       2.4728
    5544       2.4811
    5545       2.3664
    5546       2.5428
    5547       2.5297
    5548       2.3569
    5549       2.3064
    5550       2.2911
    5551       2.2592
    5552       2.1974
    5553       2.2157
    5554       2.3736
    5555       2.2079
    5556       2.3047
    5557       2.4970
    5558       2.6632
    5559       2.8502
    5560       2.7983
    5561       2.4832
    5562       2.4771
    5563       2.3268
    5564       2.2833
    5565       2.3657
    5566       2.5221
    5567       2.4937
    5568       2.5608
    5569       2.5166
    5570       2.4341
    5571       2.6080
    5572       2.8062
    5573       2.7898
    5574       2.8127
    5575       2.8711
    5576       2.8182
    5577       2.7969
    5578       2.7471
    5579       2.5452
    5580       2.5759
    5581       2.4928
    5582       2.5813
    5583       2.6218
    5584       2.6972
    5585       2.7092
    5586       2.7276
    5587       2.6743
    5588       2.3193
    5589       2.2806
    5590       2.3092
    5591       2.2922
    5592       2.1681
    5593       2.3625
    5594       2.3289
    5595       2.5436
    5596       2.4785
    5597       2.3141
    5598       2.2424
    5599       2.2251
    5600       2.2298
    5601       2.2280
    5602       2.2561
    5603       2.2162
    5604       2.4331
    5605       2.3446
    5606       2.3871
    5607       2.3131
    5608       2.2403
    5609       2.3117
    5610       2.3167
    5611       2.4970
    5612       2.4783
    5613       2.6052
    5614       2.6244
    5615       2.4283
    5616       2.4759
    5617       2.3473
    5618       2.5378
    5619       2.4088
    5620       2.3727
    5621       2.3849
    5622       2.4376
    5623       2.2432
    5624       2.2992
    5625       2.3530
    5626       2.5289
    5627       2.3842
    5628       2.2917
    5629       2.3558
    5630       2.3785
    5631       2.5216
    5632       2.4532
    5633       2.3340
    5634       2.4659
    5635       2.3475
    5636       2.3169
    5637       2.3099
    5638       2.3512
    5639       2.5029
    5640       2.5878
    5641       2.5518
    5642       2.3504
    5643       2.3870
    5644       2.3603
    5645       2.5204
    5646       2.5781
    5647       2.6323
    5648       2.7224
    5649       2.7289
    5650       2.7623
    5651       2.6517
    5652       2.6641
    5653       2.7541
    5654       2.6627
    5655       2.5958
    5656       2.5518
    5657       2.4785
    5658       2.7179
    5659       2.7112
    5660       2.5946
    5661       2.5965
    5662       2.3100
    5663       2.3872
    5664       2.2168
    5665       2.1212
    5666       2.2463
    5667       2.3965
    5668       2.4122
    5669       2.4405
    5670       2.4598
    5671       2.6076
    5672       2.7334
    5673       2.6623
    5674       2.3458
    5675       2.2499
    5676       2.2811
    5677       2.2348
    5678       2.1290
    5679       2.1300
    5680       1.9852
    5681       2.1532
    5682       2.3986
    5683       2.6480
    5684       2.4687
    5685       2.4346
    5686       2.3669
    5687       2.3229
    5688       2.1613
    5689       2.3965
    5690       2.4755
    5691       2.5934
    5692       2.5028
    5693       2.5361
    5694       2.5637
    5695       2.6220
    5696       2.7701
    5697       2.5462
    5698       2.5617
    5699       2.4936
    5700       2.7988
    5701       2.7164
    5702       2.6321
    5703       2.5134
    5704       2.5053
    5705       2.7065
    5706       2.4791
    5707       2.4222
    5708       2.4204
    5709       2.4048
    5710       2.3250
    5711       2.4163
    5712       2.4404
    5713       2.2241
    5714       2.4913
    5715       2.7024
    5716       2.5951
    5717       2.4924
    5718       2.5722
    5719       2.7396
    5720       2.6005
    5721       2.4682
    5722       2.4694
    5723       2.2557
    5724       2.1185
    5725       2.0823
    5726       2.1446
    5727       2.2347
    5728       2.1432
    5729       2.2495
    5730       2.2763
    5731       2.4246
    5732       2.3155
    5733       2.2323
    5734       2.2381
    5735       2.3523
    5736       2.2982
    5737       2.3744
    5738       2.7096
    5739       2.5963
    5740       2.6172
    5741       2.4548
    5742       2.5209
    5743       2.3958
    5744       2.7006
    5745       2.7421
    5746       2.5883
    5747       2.6637
    5748       2.4093
    5749       2.1411
    5750       2.3133
    5751       2.3582
    5752       2.3273
    5753       2.1114
    5754       2.1712
    5755       2.0981
    5756       2.2144
    5757       2.3974
    5758       2.3797
    5759       2.4230
    5760       2.4211
    5761       2.5668
    5762       2.5408
    5763       2.6898
    5764       2.4211
    5765       2.3263
    5766       2.3895
    5767       2.4669
    5768       2.6264
    5769       2.9682
    5770       2.8819
    5771       2.6407
    5772       2.6066
    5773       2.7383
    5774       2.6811
    5775       2.7305
    5776       2.7193
    5777       2.8513
    5778       2.7960
    5779       2.6898
    5780       2.6402
    5781       2.6239
    5782       2.7380
    5783       2.4705
    5784       2.4489
    5785       2.5671
    5786       2.6794
    5787       2.6883
    5788       2.8249
    5789       2.7323
    5790       2.6716
    5791       2.4658
    5792       2.6910
    5793       2.5324
    5794       2.5125
    5795       2.4149
    5796       2.4813
    5797       2.3157
    5798       2.2521
    5799       2.3024
    5800       2.2785
    5801       2.3919
    5802       2.4823
    5803       2.1767
    5804       2.0978
    5805       2.0105
    5806       2.2439
    5807       1.9593
    5808       2.0013
    5809       2.0478
    5810       2.1539
    5811       2.1855
    5812       2.1608
    5813       2.2100
    5814       2.3969
    5815       2.2570
    5816       2.2176
    5817       2.4842
    5818       2.3994
    5819       2.2055
    5820       2.0300
    5821       2.0844
    5822       2.1901
    5823       2.4586
    5824       2.6106
    5825       2.5896
    5826       2.5861
    5827       2.6566
    5828       2.5206
    5829       2.6959
    5830       2.5444
    5831       2.4458
    5832       2.6555
    5833       2.6468
    5834       2.6074
    5835       2.5826
    5836       2.7262
    5837       2.6706
    5838       2.6046
    5839       2.6125
    5840       2.7822
    5841       2.7537
    5842       2.8087
    5843       2.8038
    5844       2.7562
    5845       2.8465
    5846       2.6899
    5847       2.7471
    5848       2.5789
    5849       2.5196
    5850       2.7054
    5851       2.4883
    5852       2.4972
    5853       2.3031
    5854       2.1156
    5855       2.1903
    5856       2.1080
    5857       2.0066
    5858       1.9633
    5859       1.9914
    5860       2.0667
    5861       2.0448
    5862       2.0062
    5863       2.2461
    5864       2.3399
    5865       2.3126
    5866       2.2313
    5867       2.1793
    5868       2.1469
    5869       2.3139
    5870       2.2553
    5871       2.2059
    5872       2.3611
    5873       2.4838
    5874       2.3196
    5875       2.3013
    5876       2.3546
    5877       2.4611
    5878       2.4056
    5879       2.4712
    5880       2.6210
    5881       2.4964
    5882       2.3085
    5883       2.2587
    5884       2.3726
    5885       2.4491
    5886       2.5682
    5887       2.5604
    5888       2.4042
    5889       2.4566
    5890       2.7339
    5891       2.7707
    5892       2.6724
    5893       2.7409
    5894       2.6429
    5895       2.4749
    5896       2.4261
    5897       2.4449
    5898       2.5414
    5899       2.4285
    5900       2.1149
    5901       2.1867
    5902       2.3222
    5903       2.2844
    5904       2.4236
    5905       2.5864
    5906       2.6421
    5907       2.5514
    5908       2.5455
    5909       2.5136
    5910       2.5103
    5911       2.6446
    5912       2.6853
    5913       2.6761
    5914       2.8129
    5915       2.8904
    5916       2.9787
    5917       2.6618
    5918       2.8123
    5919       2.7776
    5920       2.7571
    5921       2.8735
    5922       2.8908
    5923       2.5386
    5924       2.4339
    5925       2.3155
    5926       2.4914
    5927       2.4570
    5928       2.3974
    5929       2.4213
    5930       2.6662
    5931       2.5752
    5932       2.5978
    5933       2.5867
    5934       2.7123
    5935       2.4608
    5936       2.4404
    5937       2.5571
    5938       2.3717
    5939       2.5664
    5940       2.4368
    5941       2.2957
    5942       2.1109
    5943       2.2037
    5944       2.2437
    5945       2.2021
    5946       2.0840
    5947       2.0446
    5948       2.1792
    5949       2.0205
    5950       2.0577
    5951       2.2405
    5952       2.1850
    5953       2.3104
    5954       2.4115
    5955       2.4152
    5956       2.2937
    5957       2.4840
    5958       2.4658
    5959       2.4700
    5960       2.4929
    5961       2.5175
    5962       2.5562
    5963       2.3768
    5964       2.3050
    5965       2.2418
    5966       2.1190
    5967       2.1591
    5968       2.1665
    5969       2.2114
    5970       2.0934
    5971       2.1419
    5972       2.1380
    5973       2.1428
    5974       2.0553
    5975       1.9420
    5976       2.0512
    5977       2.1267
    5978       2.0471
    5979       2.1851
    5980       2.2908
    5981       2.2014
    5982       2.3423
    5983       2.4796
    5984       2.4749
    5985       2.4080
    5986       2.3391
    5987       2.1744
    5988       2.4896
    5989       2.5983
    5990       2.4709
    5991       2.4660
    5992       2.3205
    5993       2.1066
    5994       2.2067
    5995       2.1887
    5996       2.2247
    5997       2.3915
    5998       2.4766
    5999       2.5274
    6000       2.7048
    6001       2.6254
    6002       2.7136
    6003       2.7222
    6004       2.6573
    6005       2.8273
    6006       2.8093
    6007       2.7789
    6008       2.8740
    6009       2.8959
    6010       2.7142
    6011       2.8151
    6012       2.5054
    6013       2.5276
    6014       2.5701
    6015       2.4203
    6016       2.5061
    6017       2.5202
    6018       2.4475
    6019       2.3862
    6020       2.4872
    6021       2.4311
    6022       2.3544
    6023       2.2046
    6024       2.3616
    6025       2.4181
    6026       2.2735
    6027       2.4067
    6028       2.4626
    6029       2.5806
    6030       2.5479
    6031       2.3219
    6032       2.4105
    6033       2.4108
    6034       2.4449
    6035       2.3480
    6036       2.4651
    6037       2.4186
    6038       2.4311
    6039       2.6104
    6040       2.6186
    6041       2.6921
    6042       2.8143
    6043       2.6566
    6044       2.5715
    6045       2.6853
    6046       2.6233
    6047       2.4870
    6048       2.5487
    6049       2.6045
    6050       2.6365
    6051       2.7784
    6052       2.6289
    6053       2.5149
    6054       2.3349
    6055       2.3986
    6056       2.3413
    6057       2.3511
    6058       2.4698
    6059       2.3239
    6060       2.3909
    6061       2.4944
    6062       2.5883
    6063       2.4070
    6064       2.4693
    6065       2.5600
    6066       2.3708
    6067       2.2417
    6068       2.3946
    6069       2.4117
    6070       2.4076
    6071       2.3148
    6072       2.3764
    6073       2.2446
    6074       2.4461
    6075       2.4374
    6076       2.4681
    6077       2.4217
    6078       2.3757
    6079       2.3485
    6080       2.4046
    6081       2.4633
    6082       2.4443
    6083       2.7160
    6084       2.6950
    6085       2.5204
    6086       2.5072
    6087       2.3800
    6088       2.4240
    6089       2.5681
    6090       2.7043
    6091       2.6139
    6092       2.4548
    6093       2.5555
    6094       2.6147
    6095       2.6458
    6096       2.3999
    6097       2.5866
    6098       2.4445
    6099       2.4191
    6100       2.4710
    6101       2.4885
    6102       2.4908
    6103       2.5000
    6104       2.5038
    6105       2.6923
    6106       2.5070
    6107       2.5405
    6108       2.4346
    6109       2.4133
    6110       2.3218
    6111       2.3089
    6112       2.2178
    6113       2.2965
    6114       2.3455
    6115       2.3646
    6116       2.3562
    6117       2.1637
    6118       2.2035
    6119       2.3088
    6120       2.4191
    6121       2.4048
    6122       2.4945
    6123       2.4226
    6124       2.2541
    6125       2.4485
    6126       2.4964
    6127       2.5047
    6128       2.5946
    6129       2.5144
    6130       2.2047
    6131       2.4356
    6132       2.3803
    6133       2.1975
    6134       2.2261
    6135       2.3029
    6136       2.2554
    6137       2.2495
    6138       2.2144
    6139       2.1270
    6140       1.8531
    6141       1.9113
    6142       1.9557
    6143       2.0746
    6144       2.1275
    6145       2.0567
    6146       2.1598
    6147       2.3647
    6148       2.4719
    6149       2.2593
    6150       2.1220
    6151       2.1742
    6152       2.2716
    6153       2.0944
    6154       2.0886
    6155       2.0724
    6156       2.0823
    6157       1.9834
    6158       2.0206
    6159       2.1479
    6160       2.1296
    6161       2.0619
    6162       2.0614
    6163       2.1378
    6164       2.2064
    6165       2.4032
    6166       2.4279
    6167       2.2429
    6168       2.3521
    6169       2.4875
    6170       2.3227
    6171       2.2683
    6172       2.2920
    6173       2.1552
    6174       1.9491
    6175       2.0524
    6176       2.1470
    6177       2.2755
    6178       2.1566
    6179       2.1854
    6180       2.3159
    6181       2.3367
    6182       2.3130
    6183       2.3134
    6184       2.1711
    6185       2.0404
    6186       1.9567
    6187       2.0836
    6188       2.1038
    6189       2.1316
    6190       2.1646
    6191       2.1662
    6192       2.2770
    6193       2.2191
    6194       2.1025
    6195       2.0340
    6196       2.2272
    6197       2.3363
    6198       2.4490
    6199       2.4875
    6200       2.5133
    6201       2.5739
    6202       2.5293
    6203       2.5417
    6204       2.3504
    6205       2.4578
    6206       2.3510
    6207       2.4089
    6208       2.5291
    6209       2.6324
    6210       2.4843
    6211       2.5740
    6212       2.5731
    6213       2.4304
    6214       2.4958
    6215       2.4093
    6216       2.5162
    6217       2.6163
    6218       2.6093
    6219       2.5697
    6220       2.5020
    6221       2.5800
    6222       2.4378
    6223       2.4558
    6224       2.4889
    6225       2.2339
    6226       2.1288
    6227       2.2089
    6228       2.0367
    6229       2.0169
    6230       2.1069
    6231       2.1908
    6232       2.1765
    6233       2.0698
    6234       2.0516
    6235       1.9360
    6236       2.0241
    6237       2.1445
    6238       1.9980
    6239       1.9614
    6240       1.9829
    6241       2.0567
    6242       2.2311
    6243       2.2674
    6244       2.1882
    6245       2.2548
    6246       2.1454
    6247       2.1624
    6248       2.2686
    6249       2.2076
    6250       2.1000
    6251       2.2321
    6252       2.3550
    6253       2.2680
    6254       2.2011
    6255       2.0630
    6256       2.0878
    6257       2.0120
    6258       2.1290
    6259       2.0976
    6260       2.2727
    6261       2.3517
    6262       2.3267
    6263       2.0928
    6264       2.0561
    6265       2.0072
    6266       2.1625
    6267       2.1286
    6268       2.5046
    6269       2.4232
    6270       2.3186
    6271       2.2466
    6272       2.3281
    6273       2.3941
    6274       2.4895
    6275       2.3685
    6276       2.4200
    6277       2.3811
    6278       2.3519
    6279       2.5028
    6280       2.2472
    6281       2.1436
    6282       2.0582
    6283       2.1562
    6284       2.2162
    6285       2.3873
    6286       2.3206
    6287       2.3255
    6288       2.4325
    6289       2.5582
    6290       2.6281
    6291       2.4882
    6292       2.4756
    6293       2.4367
    6294       2.3085
    6295       2.6162
    6296       2.6462
    6297       2.6792
    6298       2.6791
    6299       2.7915
    6300       2.7822
    6301       2.6895
    6302       2.4983
    6303       2.5260
    6304       2.6314
    6305       2.8862
    6306       2.9320
    6307       2.8517
    6308       2.7371
    6309       2.5802
    6310       2.5369
    6311       2.3295
    6312       2.2237
    6313       2.5172
    6314       2.5654
    6315       2.7483
    6316       2.4312
    6317       2.4047
    6318       2.6312
    6319       2.6661
    6320       2.6748
    6321       2.6882
    6322       2.6656
    6323       2.5996
    6324       2.6091
    6325       2.9001
    6326       2.6716
    6327       2.6591
    6328       2.7488
    6329       2.7988
    6330       2.8151
    6331       2.9852
    6332       2.8771
    6333       2.9529
    6334       2.9034
    6335       2.8311
    6336       2.6603
    6337       2.8791
    6338       2.8972
    6339       2.9435
    6340       2.9482
    6341       2.9817
    6342       2.5258
    6343       2.5672
    6344       2.7978
    6345       2.6502
    6346       2.6847
    6347       2.7127
    6348       2.5823
    6349       2.4443
    6350       2.5059
    6351       2.3843
    6352       2.4163
    6353       2.3641
    6354       2.4773
    6355       2.2795
    6356       2.2221
    6357       2.3151
    6358       2.4411
    6359       2.6338
    6360       2.6897
    6361       2.5168
    6362       2.6487
    6363       2.7048
    6364       2.9200
    6365       2.6849
    6366       2.5907
    6367       2.4998
    6368       2.6531
    6369       2.4478
    6370       2.4947
    6371       2.6395
    6372       2.6288
    6373       2.5917
    6374       2.4320
    6375       2.2589
    6376       2.3479
    6377       2.5282
    6378       2.6363
    6379       2.6579
    6380       2.8942
    6381       2.9228
    6382       2.6018
    6383       2.4530
    6384       2.3395
    6385       2.3699
    6386       2.4084
    6387       2.4109
    6388       2.6280
    6389       2.4848
    6390       2.5752
    6391       2.6830
    6392       2.7305
    6393       2.4732
    6394       2.4906
    6395       2.4330
    6396       2.3062
    6397       2.2673
    6398       2.2806
    6399       2.3226
    6400       2.2248
    6401       2.1384
    6402       2.1543
    6403       2.1163
    6404       2.0413
    6405       2.0261
    6406       2.1001
    6407       2.1668
    6408       2.1714
    6409       2.3040
    6410       2.2172
    6411       2.2367
    6412       2.2746
    6413       2.5019
    6414       2.5132
    6415       2.2796
    6416       2.3068
    6417       2.2059
    6418       2.2978
    6419       2.3130
    6420       2.1723
    6421       2.1232
    6422       2.1747
    6423       2.2773
    6424       2.2666
    6425       2.3719
    6426       2.4375
    6427       2.2173
    6428       1.9614
    6429       1.9890
    6430       1.9156
    6431       2.1265
    6432       2.3022
    6433       2.2488
    6434       2.3432
    6435       2.3197
    6436       2.2706
    6437       2.0896
    6438       2.1138
    6439       2.1615
    6440       2.2283
    6441       2.1300
    6442       2.0490
    6443       2.1920
    6444       2.0689
    6445       2.0816
    6446       1.9983
    6447       2.1391
    6448       2.0346
    6449       2.1708
    6450       2.0663
    6451       2.1602
    6452       2.1472
    6453       2.2392
    6454       2.1680
    6455       2.2105
    6456       2.2761
    6457       2.0876
    6458       1.9180
    6459       2.0125
    6460       2.1447
    6461       2.1806
    6462       1.9951
    6463       1.9726
    6464       2.1284
    6465       2.1522
    6466       2.2810
    6467       2.3125
    6468       2.4440
    6469       2.3838
    6470       2.3902
    6471       2.2960
    6472       2.1614
    6473       2.1672
    6474       2.2544
    6475       2.3831
    6476       2.6005
    6477       2.5051
    6478       2.3759
    6479       2.6061
    6480       2.4477
    6481       2.4361
    6482       2.5471
    6483       2.4942
    6484       2.3393
    6485       2.2969
    6486       2.2180
    6487       2.1106
    6488       2.2451
    6489       2.3754
    6490       2.3811
    6491       2.5582
    6492       2.6312
    6493       2.4538
    6494       2.5323
    6495       2.4746
    6496       2.4208
    6497       2.4321
    6498       2.5480
    6499       2.6359
    6500       2.6307
    6501       2.8490
    6502       2.5587
    6503       2.5141
    6504       2.4373
    6505       2.3830
    6506       2.5055
    6507       2.4871
    6508       2.6865
    6509       2.7826
    6510       2.5699
    6511       2.7329
    6512       2.4833
    6513       2.5067
    6514       2.7119
    6515       2.5579
    6516       2.6189
    6517       2.5850
    6518       2.4235
    6519       2.4719
    6520       2.7422
    6521       2.5462
    6522       2.5262
    6523       2.5203
    6524       2.3483
    6525       2.4914
    6526       2.3437
    6527       2.4618
    6528       2.4559
    6529       2.1677
    6530       2.3271
    6531       2.1700
    6532       2.2483
    6533       2.2556
    6534       2.2378
    6535       2.1914
    6536       2.2817
    6537       2.4656
    6538       2.5834
    6539       2.4126
    6540       2.5443
    6541       2.5188
    6542       2.3852
    6543       2.3431
    6544       2.4137
    6545       2.3362
    6546       2.4662
    6547       2.6466
    6548       2.4984
    6549       2.4594
    6550       2.3328
    6551       2.4458
    6552       2.3331
    6553       2.1223
    6554       2.1798
    6555       2.1437
    6556       2.1502
    6557       2.1242
    6558       2.0945
    6559       2.0297
    6560       1.9863
    6561       2.0400
    6562       2.1691
    6563       2.1486
    6564       1.9324
    6565       2.2942
    6566       2.2835
    6567       2.4009
    6568       2.3048
    6569       2.3978
    6570       2.3989
    6571       2.3974
    6572       2.4842
    6573       2.6895
    6574       2.6557
    6575       2.6386
    6576       2.6637
    6577       2.5109
    6578       2.5258
    6579       2.4697
    6580       2.5991
    6581       2.6652
    6582       2.7562
    6583       2.6301
    6584       2.5904
    6585       2.7117
    6586       2.4195
    6587       2.4293
    6588       2.4806
    6589       2.4188
    6590       2.4228
    6591       2.4404
    6592       2.4858
    6593       2.5033
    6594       2.3732
    6595       2.3955
    6596       2.5180
    6597       2.7041
    6598       2.8287
    6599       2.8125
    6600       2.8270
    6601       2.5751
    6602       2.5872
    6603       2.5899
    6604       2.7888
    6605       2.7601
    6606       2.8202
    6607       2.7857
    6608       2.7900
    6609       2.4145
    6610       2.3069
    6611       2.3560
    6612       2.5254
    6613       2.3616
    6614       2.1676
    6615       2.5335
    6616       2.6929
    6617       2.4927
    6618       2.5360
    6619       2.4536
    6620       2.7244
    6621       2.4325
    6622       2.4536
    6623       2.4762
    6624       2.5361
    6625       2.5785
    6626       2.7132
    6627       2.7388
    6628       2.5200
    6629       2.4391
    6630       2.5967
    6631       2.3681
    6632       2.3548
    6633       2.4189
    6634       2.3202
    6635       2.3289
    6636       2.3809
    6637       2.3092
    6638       2.3071
    6639       2.3741
    6640       2.3473
    6641       2.5454
    6642       2.6059
    6643       2.5213
    6644       2.5306
    6645       2.3988
    6646       2.2545
    6647       2.4748
    6648       2.4995
    6649       2.5615
    6650       2.6559
    6651       2.8950
    6652       2.7915
    6653       2.6174
    6654       2.6258
    6655       2.4345
    6656       2.3930
    6657       2.3155
    6658       2.2473
    6659       2.3587
    6660       2.4383
    6661       2.5449
    6662       2.6623
    6663       2.8820
    6664       2.7873
    6665       2.7823
    6666       2.5338
    6667       2.5749
    6668       2.5754
    6669       2.5787
    6670       2.7648
    6671       2.7920
    6672       2.7830
    6673       2.7188
    6674       2.5158
    6675       2.4890
    6676       2.3782
    6677       2.3363
    6678       2.3947
    6679       2.4225
    6680       2.3127
    6681       2.2224
    6682       2.2387
    6683       2.2494
    6684       2.3753
    6685       2.4332
    6686       2.4688
    6687       2.5093
    6688       2.2464
    6689       2.3350
    6690       2.2865
    6691       2.0736
    6692       2.1190
    6693       2.1170
    6694       2.0580
    6695       2.2013
    6696       2.2957
    6697       2.2594
    6698       2.1967
    6699       2.3302
    6700       2.1630
    6701       2.2296
    6702       2.3518
    6703       2.4416
    6704       2.5918
    6705       2.5929
    6706       2.5088
    6707       2.4353
    6708       2.4169
    6709       2.6919
    6710       2.6119
    6711       2.5412
    6712       2.5527
    6713       2.4707
    6714       2.5791
    6715       2.4868
    6716       2.5341
    6717       2.5261
    6718       2.6017
    6719       2.5432
    6720       2.5854
    6721       2.5561
    6722       2.5365
    6723       2.6755
    6724       2.9656
    6725       2.8529
    6726       2.8910
    6727       2.8763
    6728       2.7198
    6729       2.5734
    6730       2.7348
    6731       2.7803
    6732       2.6121
    6733       2.7273
    6734       2.7958
    6735       2.7905
    6736       2.8365
    6737       2.7555
    6738       2.8139
    6739       2.6903
    6740       2.6237
    6741       2.5324
    6742       2.4796
    6743       2.3169
    6744       2.4957
    6745       2.4328
    6746       2.4421
    6747       2.4231
    6748       2.3936
    6749       2.4561
    6750       2.4315
    6751       2.5969
    6752       2.4552
    6753       2.4627
    6754       2.2612
    6755       2.3055
    6756       2.3623
    6757       2.3853
    6758       2.3468
    6759       2.4915
    6760       2.2627
    6761       2.5183
    6762       2.3497
    6763       2.2962
    6764       2.4200
    6765       2.2343
    6766       2.2320
    6767       2.4367
    6768       2.4694
    6769       2.5768
    6770       2.5250
    6771       2.4878
    6772       2.3342
    6773       2.3296
    6774       2.2759
    6775       2.3044
    6776       2.2791
    6777       2.2710
    6778       2.3593
    6779       2.3661
    6780       2.3154
    6781       2.3939
    6782       2.2281
    6783       2.2384
    6784       2.2633
    6785       2.3730
    6786       2.2332
    6787       2.1370
    6788       2.1542
    6789       2.1564
    6790       2.3992
    6791       2.3993
    6792       2.4447
    6793       2.3213
    6794       2.2518
    6795       2.2605
    6796       2.1058
    6797       2.0476
    6798       1.9426
    6799       2.1022
    6800       1.9190
    6801       1.9430
    6802       2.0794
    6803       1.9397
    6804       2.1454
    6805       2.1825
    6806       2.4217
    6807       2.5249
    6808       2.7103
    6809       2.5930
    6810       2.5135
    6811       2.5106
    6812       2.5471
    6813       2.5191
    6814       2.5890
    6815       2.6757
    6816       2.5300
    6817       2.6037
    6818       2.5602
    6819       2.4357
    6820       2.4151
    6821       2.3868
    6822       2.3009
    6823       2.4238
    6824       2.5187
    6825       2.5499
    6826       2.4933
    6827       2.5095
    6828       2.4619
    6829       2.3912
    6830       2.1116
    6831       2.0631
    6832       2.3310
    6833       2.4127
    6834       2.5566
    6835       2.5619
    6836       2.3295
    6837       2.4229
    6838       2.2233
    6839       2.2485
    6840       2.1970
    6841       2.2449
    6842       2.2653
    6843       2.1005
    6844       1.9317
    6845       1.8063
    6846       1.8696
    6847       1.8561
    6848       1.8851
    6849       1.8777
    6850       2.0490
    6851       2.0596
    6852       2.2007
    6853       2.2140
    6854       2.2390
    6855       2.5617
    6856       2.4379
    6857       2.3689
    6858       2.4439
    6859       2.4557
    6860       2.3764
    6861       2.4273
    6862       2.6964
    6863       2.4666
    6864       2.5895
    6865       2.6902
    6866       2.6347
    6867       2.5247
    6868       2.3790
    6869       2.2023
    6870       2.2835
    6871       2.1307
    6872       2.3067
    6873       2.3724
    6874       2.5318
    6875       2.3241
    6876       2.4474
    6877       2.4461
    6878       2.4554
    6879       2.5838
    6880       2.4978
    6881       2.6369
    6882       2.4670
    6883       2.5916
    6884       2.5148
    6885       2.7110
    6886       2.5637
    6887       2.3563
    6888       2.6469
    6889       2.5714
    6890       2.3848
    6891       2.3077
    6892       2.4582
    6893       2.4349
    6894       2.6527
    6895       2.5335
    6896       2.4931
    6897       2.6273
    6898       2.5125
    6899       2.5262
    6900       2.5280
    6901       2.5528
    6902       2.6141
    6903       2.4245
    6904       2.2827
    6905       2.4305
    6906       2.7324
    6907       2.7464
    6908       2.8586
    6909       2.6336
    6910       2.5663
    6911       2.5457
    6912       2.3706
    6913       2.2550
    6914       2.0003
    6915       2.1585
    6916       1.9372
    6917       2.0144
    6918       2.0129
    6919       2.0428
    6920       2.2583
    6921       2.2789
    6922       2.2233
    6923       2.1563
    6924       2.1482
    6925       2.1138
    6926       2.0650
    6927       1.9920
    6928       1.9998
    6929       1.9582
    6930       1.9654
    6931       2.0963
    6932       1.9236
    6933       2.0611
    6934       2.0502
    6935       2.0803
    6936       1.9685
    6937       2.0026
    6938       2.1151
    6939       2.1228
    6940       2.0382
    6941       2.2418
    6942       2.2744
    6943       2.3600
    6944       2.2310
    6945       2.1837
    6946       2.4037
    6947       2.5857
    6948       2.5897
    6949       2.7091
    6950       2.7875
    6951       2.9294
    6952       2.9313
    6953       2.9622
    6954       3.0380
    6955       2.7976
    6956       2.8073
    6957       2.6792
    6958       2.8567
    6959       2.8400
    6960       2.7961
    6961       2.8851
    6962       2.9373
    6963       2.6852
    6964       2.7693
    6965       2.7505
    6966       2.9685
    6967       2.9236
    6968       3.0718
    6969       2.9971
    6970       3.0471
    6971       3.0048
    6972       2.8537
    6973       2.7418
    6974       2.6827
    6975       2.7275
    6976       2.8037
    6977       2.7866
    6978       2.5924
    6979       2.6944
    6980       2.7518
    6981       2.6645
    6982       2.5584
    6983       2.6155
    6984       2.4717
    6985       2.5173
    6986       2.6304
    6987       2.4841
    6988       2.5035
    6989       2.4086
    6990       2.4423
    6991       2.3610
    6992       2.3216
    6993       2.1731
    6994       2.2836
    6995       2.3775
    6996       2.2779
    6997       2.2780
    6998       2.4038
    6999       2.4919
    7000       2.3089
    7001       2.3650
    7002       2.4351
    7003       2.1786
    7004       2.0201
    7005       2.0758
    7006       2.1172
    7007       1.9612
    7008       1.9759
    7009       1.8899
    7010       2.1334
    7011       2.2765
    7012       2.3305
    7013       2.1194
    7014       2.1747
    7015       2.3115
    7016       2.3464
    7017       2.4306
    7018       2.3842
    7019       2.3589
    7020       2.3292
    7021       2.3671
    7022       2.3258
    7023       2.1194
    7024       2.1381
    7025       2.3569
    7026       2.3135
    7027       2.4209
    7028       2.3349
    7029       2.1711
    7030       2.1778
    7031       2.1230
    7032       2.3055
    7033       2.3504
    7034       2.0605
    7035       1.9209
    7036       2.1873
    7037       2.2358
    7038       2.0717
    7039       2.3815
    7040       2.4196
    7041       2.3154
    7042       2.5056
    7043       2.4130
    7044       2.5687
    7045       2.4909
    7046       2.3290
    7047       2.3267
    7048       2.4777
    7049       2.3763
    7050       2.5358
    7051       2.5606
    7052       2.9283
    7053       2.5877
    7054       2.6480
    7055       2.7688
    7056       2.6821
    7057       2.6838
    7058       2.5229
    7059       2.4772
    7060       2.5465
    7061       2.4663
    7062       2.5713
    7063       2.7388
    7064       2.6575
    7065       2.6746
    7066       2.5274
    7067       2.5152
    7068       2.5045
    7069       2.5362
    7070       2.5026
    7071       2.3686
    7072       2.3434
    7073       2.3908
    7074       2.2929
    7075       2.3258
    7076       2.4897
    7077       2.4973
    7078       2.4462
    7079       2.4332
    7080       2.4749
    7081       2.6439
    7082       2.6723
    7083       2.7190
    7084       2.7408
    7085       2.6174
    7086       2.6504
    7087       2.6267
    7088       2.4800
    7089       2.5004
    7090       2.4255
    7091       2.3865
    7092       2.3360
    7093       2.3291
    7094       2.3089
    7095       2.1497
    7096       2.0605
    7097       2.1881
    7098       2.2520
    7099       2.2687
    7100       2.3539
    7101       2.3509
    7102       2.4775
    7103       2.5491
    7104       2.6029
    7105       2.5501
    7106       2.6941
    7107       2.5043
    7108       2.4441
    7109       2.5179
    7110       2.5935
    7111       2.7563
    7112       2.5487
    7113       2.4152
    7114       2.3622
    7115       2.5426
    7116       2.3663
    7117       2.2190
    7118       2.3561
    7119       2.3570
    7120       2.1567
    7121       2.1658
    7122       2.1145
    7123       2.2362
    7124       2.3937
    7125       2.2823
    7126       2.5692
    7127       2.6079
    7128       2.4158
    7129       2.4186
    7130       2.5288
    7131       2.5542
    7132       2.4400
    7133       2.5265
    7134       2.4138
    7135       2.4902
    7136       2.5782
    7137       2.7972
    7138       2.8293
    7139       2.6286
    7140       2.7653
    7141       2.7199
    7142       2.6759
    7143       2.8793
    7144       2.8211
    7145       2.8831
    7146       3.0372
    7147       2.7047
    7148       2.8221
    7149       2.5938
    7150       2.8018
    7151       2.7690
    7152       2.7592
    7153       2.7601
    7154       2.7563
    7155       2.7004
    7156       2.7816
    7157       2.8442
    7158       2.6702
    7159       2.8021
    7160       2.7732
    7161       2.6424
    7162       2.8907
    7163       2.8689
    7164       2.9678
    7165       2.9719
    7166       2.8992
    7167       3.0552
    7168       2.9632
    7169       2.8096
    7170       2.6839
    7171       2.5521
    7172       2.6555
    7173       2.4254
    7174       2.3604
    7175       2.2049
    7176       2.2104
    7177       2.2759
    7178       2.4153
    7179       2.4603
    7180       2.7249
    7181       2.6580
    7182       2.5872
    7183       2.5105
    7184       2.6858
    7185       2.5763
    7186       2.4725
    7187       2.2943
    7188       2.5431
    7189       2.2812
    7190       2.1918
    7191       2.3621
    7192       2.4005
    7193       2.1879
    7194       2.3423
    7195       2.4565
    7196       2.3431
    7197       2.5000
    7198       2.3986
    7199       2.2795
    7200       2.1858
    7201       2.3674
    7202       2.4914
    7203       2.8076
    7204       2.7256
    7205       2.8360
    7206       2.6655
    7207       2.7290
    7208       2.7569
    7209       2.6669
    7210       2.5473
    7211       2.4646
    7212       2.6203
    7213       2.6824
    7214       2.5523
    7215       2.5395
    7216       2.4520
    7217       2.2768
    7218       2.4378
    7219       2.4873
    7220       2.3670
    7221       2.3025
    7222       2.1735
    7223       2.1757
    7224       2.1821
    7225       2.3385
    7226       2.3802
    7227       2.2528
    7228       2.3415
    7229       2.3151
    7230       2.5349
    7231       2.4150
    7232       2.3222
    7233       2.4084
    7234       2.4549
    7235       2.2068
    7236       2.2171
    7237       2.4128
    7238       2.3588
    7239       2.0583
    7240       1.9489
    7241       2.0028
    7242       2.0947
    7243       2.2317
    7244       2.2820
    7245       2.3308
    7246       2.2109
    7247       2.2825
    7248       2.1892
    7249       2.2161
    7250       2.1986
    7251       2.3903
    7252       2.3295
    7253       2.3861
    7254       2.2014
    7255       2.1630
    7256       2.0677
    7257       2.2433
    7258       2.3715
    7259       2.3741
    7260       2.2127
    7261       2.3927
    7262       2.3964
    7263       2.3282
    7264       2.1020
    7265       2.1882
    7266       2.1882
    7267       2.2590
    7268       2.2119
    7269       2.2852
    7270       2.2190
    7271       2.1023
    7272       2.2362
    7273       2.2417
    7274       2.2754
    7275       2.2731
    7276       2.1094
    7277       2.2329
    7278       2.0416
    7279       2.1713
    7280       2.3127
    7281       2.3594
    7282       2.2448
    7283       2.3647
    7284       2.4235
    7285       2.3602
    7286       2.2712
    7287       2.3321
    7288       2.2227
    7289       2.2652
    7290       2.2203
    7291       2.2666
    7292       2.3634
    7293       2.1934
    7294       2.2364
    7295       2.2299
    7296       2.3540
    7297       2.2593
    7298       2.3664
    7299       2.3054
    7300       2.3457
    7301       2.3687
    7302       2.4406
    7303       2.4578
    7304       2.3304
    7305       2.2481
    7306       2.3522
    7307       2.2546
    7308       2.1681
    7309       2.0981
    7310       2.1193
    7311       2.0244
    7312       2.1008
    7313       2.1434
    7314       2.1477
    7315       2.0628
    7316       2.3142
    7317       2.0466
    7318       2.1879
    7319       2.2142
    7320       2.2184
    7321       2.0466
    7322       2.2237
    7323       2.1955
    7324       2.2098
    7325       2.2350
    7326       2.1823
    7327       2.1624
    7328       1.9688
    7329       2.0997
    7330       2.1122
    7331       2.1509
    7332       2.1404
    7333       2.3324
    7334       2.2288
    7335       2.2786
    7336       2.3142
    7337       2.5391
    7338       2.4277
    7339       2.4030
    7340       2.1794
    7341       2.1886
    7342       2.1170
    7343       2.2510
    7344       2.2554
    7345       2.4339
    7346       2.3174
    7347       2.4836
    7348       2.5555
    7349       2.3607
    7350       2.2232
    7351       2.2549
    7352       2.1312
    7353       2.2349
    7354       2.4010
    7355       2.3863
    7356       2.3634
    7357       2.3341
    7358       2.4806
    7359       2.3828
    7360       2.3604
    7361       2.3434
    7362       2.2262
    7363       2.2280
    7364       2.4299
    7365       2.3450
    7366       2.4543
    7367       2.4186
    7368       2.3802
    7369       2.6026
    7370       2.5437
    7371       2.6231
    7372       2.4400
    7373       2.5078
    7374       2.4548
    7375       2.4898
    7376       2.6986
    7377       2.5397
    7378       2.5299
    7379       2.5155
    7380       2.5304
    7381       2.5949
    7382       2.5636
    7383       2.7662
    7384       2.5035
    7385       2.5113
    7386       2.7466
    7387       2.5956
    7388       2.5631
    7389       2.4494
    7390       2.3634
    7391       2.4215
    7392       2.3135
    7393       2.2477
    7394       2.5133
    7395       2.3281
    7396       2.2440
    7397       2.3144
    7398       2.3074
    7399       2.2927
    7400       2.3440
    7401       2.3447
    7402       2.6003
    7403       2.4096
    7404       2.3263
    7405       2.1899
    7406       2.3530
    7407       2.2273
    7408       2.2759
    7409       2.2195
    7410       2.1466
    7411       2.1900
    7412       2.3098
    7413       2.2839
    7414       2.5511
    7415       2.3673
    7416       2.5132
    7417       2.5016
    7418       2.3788
    7419       2.6426
    7420       2.5451
    7421       2.4416
    7422       2.5570
    7423       2.5660
    7424       2.5128
    7425       2.5129
    7426       2.7025
    7427       2.8942
    7428       2.7574
    7429       2.7247
    7430       2.6167
    7431       2.7596
    7432       2.7510
    7433       2.7905
    7434       2.7156
    7435       2.4561
    7436       2.2677
    7437       2.2342
    7438       2.2372
    7439       2.3455
    7440       2.3954
    7441       2.4882
    7442       2.5018
    7443       2.4281
    7444       2.2359
    7445       2.3772
    7446       2.3181
    7447       2.2374
    7448       2.2261
    7449       2.1430
    7450       2.1534
    7451       2.3062
    7452       2.3010
    7453       2.1407
    7454       2.1098
    7455       2.1816
    7456       2.5813
    7457       2.6784
    7458       2.5629
    7459       2.4465
    7460       2.4649
    7461       2.4977
    7462       2.1962
    7463       2.2783
    7464       2.5912
    7465       2.4889
    7466       2.6160
    7467       2.5366
    7468       2.5088
    7469       2.5188
    7470       2.5669
    7471       2.3993
    7472       2.4102
    7473       2.2818
    7474       2.3308
    7475       2.3415
    7476       2.3899
    7477       2.4815
    7478       2.4192
    7479       2.2966
    7480       2.4080
    7481       2.3389
    7482       2.4322
    7483       2.6703
    7484       2.7690
    7485       2.5128
    7486       2.5815
    7487       2.6718
    7488       2.7533
    7489       2.6569
    7490       2.6634
    7491       2.6928
    7492       2.8497
    7493       2.6747
    7494       2.6820
    7495       2.6807
    7496       2.7989
    7497       2.7176
    7498       2.4583
    7499       2.6966
    7500       2.9106
    7501       2.8820
    7502       2.7434
    7503       2.4242
    7504       2.5476
    7505       2.5723
    7506       2.6567
    7507       2.5374
    7508       2.7714
    7509       2.9404
    7510       2.9744
    7511       2.9733
    7512       2.7662
    7513       2.7336
    7514       2.4844
    7515       2.8023
    7516       2.8604
    7517       3.0257
    7518       2.8461
    7519       2.5874
    7520       2.4950
    7521       2.4029
    7522       2.2833
    7523       2.7388
    7524       2.7077
    7525       2.5857
    7526       2.7122
    7527       2.7407
    7528       2.7243
    7529       2.5387
    7530       2.6373
    7531       2.7395
    7532       2.6346
    7533       2.6731
    7534       2.7819
    7535       2.6631
    7536       2.7572
    7537       2.7788
    7538       2.7181
    7539       2.6285
    7540       2.5315
    7541       2.5440
    7542       2.5841
    7543       2.5999
    7544       2.3243
    7545       2.3424
    7546       2.3832
    7547       2.3344
    7548       2.5671
    7549       2.6233
    7550       2.4998
    7551       2.6981
    7552       2.4537
    7553       2.5688
    7554       2.4451
    7555       2.6237
    7556       2.5371
    7557       2.4227
    7558       2.3179
    7559       2.4274
    7560       2.6611
    7561       2.3446
    7562       2.1701
    7563       2.2757
    7564       2.2346
    7565       2.4255
    7566       2.6232
    7567       2.6371
    7568       2.6515
    7569       2.5570
    7570       2.3478
    7571       2.4028
    7572       2.4085
    7573       2.5059
    7574       2.4413
    7575       2.4948
    7576       2.4961
    7577       2.4089
    7578       2.3583
    7579       2.3406
    7580       2.2962
    7581       2.4131
    7582       2.3577
    7583       2.4743
    7584       2.5636
    7585       2.5881
    7586       2.5462
    7587       2.4172
    7588       2.4621
    7589       2.4644
    7590       2.7104
    7591       2.6122
    7592       2.3719
    7593       2.5738
    7594       2.5162
    7595       2.4191
    7596       2.4618
    7597       2.8217
    7598       2.6599
    7599       2.7939
    7600       2.6598
    7601       2.7319
    7602       2.7545
    7603       2.4084
    7604       2.7056
    7605       2.8662
    7606       3.0115
    7607       2.7877
    7608       2.5628
    7609       2.3033
    7610       2.3415
    7611       2.2470
    7612       2.3310
    7613       2.2770
    7614       2.3015
    7615       2.3049
    7616       2.4281
    7617       2.4527
    7618       2.3681
    7619       2.5381
    7620       2.4571
    7621       2.4019
    7622       2.2768
    7623       2.3099
    7624       2.3149
    7625       2.3627
    7626       2.2784
    7627       2.4056
    7628       2.6084
    7629       2.4363
    7630       2.4343
    7631       2.5959
    7632       2.6102
    7633       2.1913
    7634       2.5571
    7635       2.3021
    7636       2.0706
    7637       2.1303
    7638       2.2232
    7639       2.3502
    7640       2.0407
    7641       2.1340
    7642       1.9858
    7643       2.0374
    7644       2.0062
    7645       2.0135
    7646       2.0962
    7647       2.2587
    7648       2.3713
    7649       2.1042
    7650       2.3055
    7651       2.1973
    7652       2.0723
    7653       2.3338
    7654       2.3828
    7655       2.4025
    7656       2.7947
    7657       2.7357
    7658       2.7278
    7659       2.6793
    7660       2.6853
    7661       2.6326
    7662       2.4585
    7663       2.3291
    7664       2.3238
    7665       2.1238
    7666       2.1139
    7667       2.0761
    7668       2.1453
    7669       2.2073
    7670       2.3388
    7671       2.2054
    7672       2.1560
    7673       2.0419
    7674       1.9559
    7675       1.8077
    7676       2.2522
    7677       2.2698
    7678       2.1577
    7679       2.0857
    7680       2.1741
    7681       2.1672
    7682       2.1482
    7683       2.0532
    7684       2.0601
    7685       2.1306
    7686       2.0796
    7687       2.4107
    7688       2.2468
    7689       2.3639
    7690       2.3885
    7691       2.2513
    7692       2.4540
    7693       2.3736
    7694       2.4652
    7695       2.3568
    7696       2.3443
    7697       2.1952
    7698       2.2538
    7699       2.1743
    7700       2.0617
    7701       2.0827
    7702       1.9424
    7703       2.1392
    7704       2.1692
    7705       2.2686
    7706       2.3986
    7707       2.3999
    7708       2.2241
    7709       2.0721
    7710       1.8586
    7711       2.0128
    7712       2.0486
    7713       2.1138
    7714       2.1188
    7715       2.1062
    7716       2.1205
    7717       2.1556
    7718       2.3511
    7719       2.2853
    7720       2.2807
    7721       2.2409
    7722       2.4075
    7723       2.5041
    7724       2.3431
    7725       2.4378
    7726       2.2803
    7727       2.3134
    7728       2.4729
    7729       2.2926
    7730       2.3601
    7731       2.3375
    7732       2.5576
    7733       2.6308
    7734       2.5933
    7735       2.4816
    7736       2.6921
    7737       2.7732
    7738       2.8621
    7739       2.7210
    7740       2.7024
    7741       2.6443
    7742       2.6747
    7743       2.6731
    7744       2.6513
    7745       2.6531
    7746       2.7295
    7747       2.4570
    7748       2.3160
    7749       2.5350
    7750       2.3834
    7751       2.2318
    7752       2.2445
    7753       2.2825
    7754       2.3821
    7755       2.2192
    7756       2.1831
    7757       2.2400
    7758       2.5403
    7759       2.6437
    7760       2.4338
    7761       2.5870
    7762       2.4418
    7763       2.6551
    7764       2.6751
    7765       2.7671
    7766       2.5585
    7767       2.3596
    7768       2.2430
    7769       2.2000
    7770       2.0999
    7771       2.1109
    7772       1.9870
    7773       2.1325
    7774       2.2388
    7775       2.3062
    7776       2.3224
    7777       2.4469
    7778       2.4448
    7779       2.2923
    7780       2.2692
    7781       2.3752
    7782       2.3419
    7783       2.5801
    7784       2.3783
    7785       2.4293
    7786       2.3393
    7787       2.3619
    7788       2.5536
    7789       2.2712
    7790       2.3135
    7791       2.2747
    7792       2.2833
    7793       2.4462
    7794       2.5367
    7795       2.5169
    7796       2.3129
    7797       2.1870
    7798       2.2254
    7799       2.2098
    7800       2.3272
    7801       2.2117
    7802       2.4778
    7803       2.5424
    7804       2.5358
    7805       2.5985
    7806       2.4613
    7807       2.3173
    7808       2.3842
    7809       2.3385
    7810       2.4476
    7811       2.3846
    7812       2.5065
    7813       2.2325
    7814       2.6048
    7815       2.6130
    7816       2.3598
    7817       2.5706
    7818       2.4797
    7819       2.5221
    7820       2.6889
    7821       2.7677
    7822       2.5472
    7823       2.4924
    7824       2.4348
    7825       2.7781
    7826       2.7807
    7827       2.7048
    7828       2.7521
    7829       2.6402
    7830       2.5484
    7831       2.4616
    7832       2.4972
    7833       2.4474
    7834       2.4929
    7835       2.3890
    7836       2.2347
    7837       2.2867
    7838       2.2507
    7839       2.1395
    7840       2.2282
    7841       2.0747
    7842       2.1036
    7843       2.1823
    7844       2.1955
    7845       2.0826
    7846       2.1995
    7847       2.2442
    7848       2.2775
    7849       2.4831
    7850       2.5899
    7851       2.5526
    7852       2.4517
    7853       2.5076
    7854       2.5544
    7855       2.5780
    7856       2.6179
    7857       2.8141
    7858       2.9587
    7859       2.9876
    7860       2.7432
    7861       2.7198
    7862       2.7497
    7863       2.7041
    7864       2.7083
    7865       2.4454
    7866       2.4043
    7867       2.5721
    7868       2.3554
    7869       2.2528
    7870       2.2924
    7871       2.2901
    7872       2.5764
    7873       2.4110
    7874       2.4926
    7875       2.6004
    7876       2.4359
    7877       2.4358
    7878       2.4601
    7879       2.3368
    7880       2.5090
    7881       2.5227
    7882       2.6050
    7883       2.5275
    7884       2.5164
    7885       2.4214
    7886       2.3359
    7887       2.4091
    7888       2.2350
    7889       2.2585
    7890       2.1009
    7891       2.2303
    7892       2.3817
    7893       2.3612
    7894       2.2093
    7895       2.1814
    7896       2.3288
    7897       2.3144
    7898       2.3223
    7899       2.3611
    7900       2.2280
    7901       2.2507
    7902       2.4847
    7903       2.4335
    7904       2.3778
    7905       2.2887
    7906       2.2872
    7907       2.2679
    7908       2.1533
    7909       2.3131
    7910       2.2892
    7911       2.3185
    7912       2.2559
    7913       2.2646
    7914       2.2199
    7915       2.3165
    7916       2.1648
    7917       2.1087
    7918       1.9845
    7919       2.1469
    7920       2.0522
    7921       2.0062
    7922       1.9673
    7923       2.2269
    7924       2.1878
    7925       2.2662
    7926       2.0786
    7927       2.0757
    7928       2.1885
    7929       2.2399
    7930       2.2575
    7931       2.2450
    7932       2.3600
    7933       2.2645
    7934       2.3706
    7935       2.3777
    7936       2.2703
    7937       2.0883
    7938       2.0923
    7939       2.2032
    7940       2.1631
    7941       2.2817
    7942       2.0671
    7943       2.0954
    7944       2.1635
    7945       2.0514
    7946       2.1921
    7947       2.2111
    7948       1.9827
    7949       2.0777
    7950       2.1351
    7951       2.2521
    7952       2.3228
    7953       2.0960
    7954       2.0776
    7955       1.9177
    7956       1.8837
    7957       1.9827
    7958       1.9202
    7959       2.0392
    7960       2.0484
    7961       2.2849
    7962       2.1594
    7963       2.4006
    7964       2.3456
    7965       2.4331
    7966       2.3212
    7967       2.0600
    7968       2.0752
    7969       2.0866
    7970       2.0999
    7971       2.1360
    7972       2.0944
    7973       2.1905
    7974       2.0620
    7975       2.2590
    7976       2.1511
    7977       2.0016
    7978       1.9266
    7979       1.7956
    7980       1.7307
    7981       1.8300
    7982       1.8433
    7983       1.7243
    7984       1.8054
    7985       1.8715
    7986       1.8416
    7987       1.9579
    7988       1.9111
    7989       1.8757
    7990       1.8370
    7991       1.8815
    7992       1.8820
    7993       1.9188
    7994       2.1736
    7995       2.0330
    7996       1.9831
    7997       2.0102
    7998       2.0921
    7999       1.9369
    8000       1.9613
    8001       2.0333
    8002       2.0828
    8003       2.1515
    8004       2.1763
    8005       2.0893
    8006       2.0027
    8007       2.0525
    8008       2.1733
    8009       2.1578
    8010       2.2278
    8011       2.3242
    8012       2.2448
    8013       2.3027
    8014       2.2813
    8015       2.3039
    8016       2.1892
    8017       2.0978
    8018       2.2573
    8019       2.2639
    8020       2.2343
    8021       2.2884
    8022       2.2591
    8023       2.1593
    8024       2.2740
    8025       2.1745
    8026       2.2921
    8027       2.4745
    8028       2.3229
    8029       2.2837
    8030       2.5363
    8031       2.6627
    8032       2.6816
    8033       2.7184
    8034       2.7235
    8035       2.7104
    8036       2.5773
    8037       2.5590
    8038       2.5640
    8039       2.8419
    8040       2.8760
    8041       2.8051
    8042       2.6775
    8043       2.8330
    8044       2.8708
    8045       2.7906
    8046       2.8998
    8047       2.7654
    8048       2.8587
    8049       2.5919
    8050       2.7492
    8051       2.7025
    8052       2.6476
    8053       2.6509
    8054       2.5092
    8055       2.3309
    8056       2.6977
    8057       2.6490
    8058       2.5956
    8059       2.5071
    8060       2.4932
    8061       2.5045
    8062       2.6142
    8063       2.7254
    8064       2.6792
    8065       2.5337
    8066       2.4027
    8067       2.6241
    8068       2.4851
    8069       2.8180
    8070       2.6114
    8071       2.6321
    8072       2.6646
    8073       2.6813
    8074       2.5806
    8075       2.5612
    8076       2.6161
    8077       2.4459
    8078       2.4748
    8079       2.3069
    8080       2.3594
    8081       2.4834
    8082       2.4756
    8083       2.1385
    8084       2.0954
    8085       2.0881
    8086       2.1045
    8087       2.0969
    8088       2.1211
    8089       2.1014
    8090       1.9711
    8091       2.1076
    8092       2.2965
    8093       2.1703
    8094       2.2442
    8095       2.1529
    8096       2.3473
    8097       2.4258
    8098       2.4588
    8099       2.5783
    8100       2.6268
    8101       2.7581
    8102       2.5759
    8103       2.5429
    8104       2.8404
    8105       2.7486
    8106       2.8009
    8107       2.5355
    8108       2.3905
    8109       2.7028
    8110       2.5743
    8111       2.8096
    8112       2.6989
    8113       2.5908
    8114       2.6575
    8115       2.7000
    8116       2.7391
    8117       2.6542
    8118       2.5043
    8119       2.5102
    8120       2.3425
    8121       2.4184
    8122       2.3013
    8123       2.0437
    8124       1.9858
    8125       2.1439
    8126       2.1290
    8127       2.0523
    8128       2.2057
    8129       2.2561
    8130       2.2486
    8131       2.1982
    8132       2.2622
    8133       2.3931
    8134       2.2524
    8135       2.1463
    8136       2.3136
    8137       2.0749
    8138       1.9959
    8139       1.9610
    8140       2.0762
    8141       2.1877
    8142       2.2432
    8143       2.0969
    8144       2.0751
    8145       2.2061
    8146       2.1481
    8147       2.0669
    8148       1.8364
    8149       1.8539
    8150       1.9935
    8151       1.9641
    8152       1.7922
    8153       1.8065
    8154       1.8143
    8155       2.0450
    8156       2.1271
    8157       2.2244
    8158       2.4130
    8159       2.4456
    8160       2.5071
    8161       2.4667
    8162       2.4456
    8163       2.4408
    8164       2.5253
    8165       2.6339
    8166       2.5946
    8167       2.3696
    8168       2.5849
    8169       2.5374
    8170       2.4381
    8171       2.2137
    8172       2.1561
    8173       2.0459
    8174       2.0266
    8175       1.9822
    8176       2.1097
    8177       1.9842
    8178       2.0561
    8179       2.2357
    8180       2.4868
    8181       2.1585
    8182       2.0892
    8183       2.1772
    8184       2.3202
    8185       2.3865
    8186       2.4589
    8187       2.5399
    8188       2.3642
    8189       2.4084
    8190       2.3241
    8191       2.3823
    8192       2.3416
    8193       2.3599
    8194       2.4106
    8195       2.5050
    8196       2.5315
    8197       2.5421
    8198       2.3420
    8199       2.5544
    8200       2.6591
    8201       2.8360
    8202       2.5949
    8203       2.6011
    8204       2.4058
    8205       2.4245
    8206       2.5803
    8207       2.6189
    8208       2.5272
    8209       2.8451
    8210       2.7997
    8211       2.7688
    8212       2.6842
    8213       2.8407
    8214       2.9352
    8215       2.7163
    8216       2.6338
    8217       2.5942
    8218       2.7875
    8219       2.8757
    8220       2.8082
    8221       2.7710
    8222       2.7301
    8223       2.7736
    8224       2.9690
    8225       2.8460
    8226       2.7494
    8227       2.7753
    8228       2.9947
    8229       2.8425
    8230       3.0026
    8231       2.9892
    8232       3.1294
    8233       3.1610
    8234       3.1083
    8235       3.3359
    8236       3.3079
    8237       3.2779
    8238       3.3481
    8239       2.9295
    8240       2.9236
    8241       2.8384
    8242       2.8405
    8243       2.7760
    8244       2.4294
    8245       2.7136
    8246       2.7448
    8247       2.7991
    8248       2.6832
    8249       2.7378
    8250       2.6593
    8251       2.6971
    8252       2.6960
    8253       2.7758
    8254       2.6689
    8255       2.7250
    8256       2.5165
    8257       2.6323
    8258       2.5001
    8259       2.7071
    8260       2.8213
    8261       2.8838
    8262       2.7414
    8263       2.5806
    8264       2.4501
    8265       2.6657
    8266       2.7931
    8267       2.7100
    8268       2.5187
    8269       2.5385
    8270       2.6455
    8271       2.6788
    8272       2.5662
    8273       2.6227
    8274       2.6866
    8275       2.7358
    8276       2.8066
    8277       2.7576
    8278       2.7322
    8279       2.7188
    8280       2.7671
    8281       2.4666
    8282       2.4579
    8283       2.3543
    8284       2.3674
    8285       2.3452
    8286       2.6350
    8287       2.6779
    8288       2.9150
    8289       2.7281
    8290       2.8092
    8291       2.7378
    8292       2.5275
    8293       2.3668
    8294       2.3922
    8295       2.5080
    8296       2.5162
    8297       2.4981
    8298       2.5599
    8299       2.7705
    8300       2.7240
    8301       2.9433
    8302       2.8376
    8303       2.8349
    8304       3.0405
    8305       3.1924
    8306       3.0307
    8307       2.8240
    8308       2.6616
    8309       2.4047
    8310       2.3527
    8311       2.5974
    8312       2.5271
    8313       2.4501
    8314       2.3194
    8315       2.5465
    8316       2.5611
    8317       2.5271
    8318       2.3429
    8319       2.3843
    8320       2.5450
    8321       2.3575
    8322       2.4939
    8323       2.6111
    8324       2.5455
    8325       2.3431
    8326       2.3726
    8327       2.5450
    8328       2.5728
    8329       2.3129
    8330       2.4798
    8331       2.4590
    8332       2.4120
    8333       2.4531
    8334       2.4882
    8335       2.2952
    8336       2.2576
    8337       2.1206
    8338       2.0576
    8339       2.0254
    8340       2.0025
    8341       2.1853
    8342       2.0806
    8343       2.2636
    8344       2.3780
    8345       2.4186
    8346       2.5561
    8347       2.4344
    8348       2.4165
    8349       2.3630
    8350       2.4704
    8351       2.5056
    8352       2.4365
    8353       2.2971
    8354       2.3812
    8355       2.2538
    8356       2.1463
    8357       2.1011
    8358       2.1586
    8359       2.2484
    8360       2.2635
    8361       2.1597
    8362       2.3029
    8363       2.2981
    8364       2.4545
    8365       2.4120
    8366       2.5393
    8367       2.7024
    8368       2.4795
    8369       2.4921
    8370       2.5207
    8371       2.5523
    8372       2.5494
    8373       2.5163
    8374       2.6405
    8375       2.4566
    8376       2.6070
    8377       2.5045
    8378       2.5981
    8379       2.6248
    8380       2.4937
    8381       2.5182
    8382       2.3779
    8383       2.2566
    8384       2.2714
    8385       2.1901
    8386       2.0915
    8387       1.9942
    8388       2.1412
    8389       2.1926
    8390       2.1353
    8391       1.9758
    8392       2.0073
    8393       2.0734
    8394       1.9782
    8395       1.8947
    8396       1.6454
    8397       1.8163
    8398       1.8820
    8399       2.0416
    8400       2.0405
    8401       2.1280
    8402       2.1803
    8403       2.0271
    8404       2.1970
    8405       1.9521
    8406       2.2404
    8407       2.4993
    8408       2.3930
    8409       2.4209
    8410       2.5391
    8411       2.5174
    8412       2.3435
    8413       2.1372
    8414       2.1144
    8415       2.2476
    8416       2.1272
    8417       2.1588
    8418       2.1082
    8419       2.1341
    8420       2.0066
    8421       2.1396
    8422       2.1007
    8423       2.1825
    8424       2.0166
    8425       1.9983
    8426       1.8604
    8427       1.7535
    8428       1.8882
    8429       1.9123
    8430       1.8823
    8431       1.8417
    8432       1.9695
    8433       2.0736
    8434       1.9021
    8435       1.9517
    8436       1.8908
    8437       1.7989
    8438       1.8325
    8439       2.0778
    8440       2.1280
    8441       2.1473
    8442       1.9095
    8443       2.0233
    8444       2.0164
    8445       2.2685
    8446       2.2683
    8447       2.0626
    8448       2.1459
    8449       1.9752
    8450       1.7879
    8451       1.9269
    8452       1.9706
    8453       1.9087
    8454       1.9414
    8455       2.0738
    8456       2.2733
    8457       2.3249
    8458       2.2003
    8459       2.1399
    8460       2.1475
    8461       2.1175
    8462       2.3007
    8463       2.0390
    8464       2.2121
    8465       2.2486
    8466       2.0899
    8467       2.0348
    8468       2.1108
    8469       1.9735
    8470       1.9018
    8471       1.8696
    8472       1.9272
    8473       2.1458
    8474       2.2754
    8475       2.4910
    8476       2.5185
    8477       2.2767
    8478       2.4767
    8479       2.3837
    8480       2.3266
    8481       2.2058
    8482       2.1129
    8483       2.0536
    8484       1.7634
    8485       1.7665
    8486       1.8561
    8487       1.8338
    8488       2.0178
    8489       2.0412
    8490       2.0634
    8491       1.9029
    8492       1.9051
    8493       1.8026
    8494       1.8379
    8495       2.0878
    8496       1.9643
    8497       2.0829
    8498       2.0216
    8499       2.2054
    8500       2.2811
    8501       2.2317
    8502       2.1937
    8503       2.1230
    8504       2.2658
    8505       2.2983
    8506       2.2777
    8507       2.2240
    8508       2.2514
    8509       2.1466
    8510       2.0614
    8511       2.1347
    8512       2.0716
    8513       1.9795
    8514       2.1275
    8515       2.1158
    8516       1.9613
    8517       1.9655
    8518       2.0974
    8519       2.0998
    8520       2.0559
    8521       2.0030
    8522       1.9632
    8523       2.0114
    8524       2.0739
    8525       2.0524
    8526       1.9297
    8527       2.0117
    8528       2.0277
    8529       2.0809
    8530       2.0399
    8531       2.0763
    8532       2.3946
    8533       2.5375
    8534       2.3629
    8535       2.1413
    8536       2.1641
    8537       2.0934
    8538       2.3114
    8539       2.1373
    8540       2.3667
    8541       2.4728
    8542       2.6533
    8543       2.4444
    8544       2.5006
    8545       2.4851
    8546       2.4248
    8547       2.4599
    8548       2.3005
    8549       2.2715
    8550       2.1231
    8551       2.1164
    8552       2.1208
    8553       2.2648
    8554       2.0168
    8555       2.1161
    8556       2.0217
    8557       1.9763
    8558       2.0234
    8559       1.9842
    8560       2.1718
    8561       2.0529
    8562       2.0427
    8563       2.0581
    8564       2.1782
    8565       2.3985
    8566       2.2565
    8567       2.1767
    8568       2.2570
    8569       2.2285
    8570       2.3082
    8571       2.1285
    8572       2.1070
    8573       2.1716
    8574       2.1827
    8575       2.1605
    8576       2.1998
    8577       2.1060
    8578       2.0600
    8579       2.0556
    8580       2.0545
    8581       2.1729
    8582       2.0280
    8583       2.1038
    8584       1.9209
    8585       2.0057
    8586       2.1112
    8587       2.1997
    8588       2.2676
    8589       2.4272
    8590       2.5035
    8591       2.5862
    8592       2.5915
    8593       2.6813
    8594       2.5570
    8595       2.4488
    8596       2.6164
    8597       2.4712
    8598       2.4806
    8599       2.4224
    8600       2.4793
    8601       2.6452
    8602       2.6450
    8603       2.7277
    8604       2.6459
    8605       2.7132
    8606       2.7112
    8607       2.5217
    8608       2.5147
    8609       2.5035
    8610       2.3735
    8611       2.2284
    8612       2.3501
    8613       2.3548
    8614       2.2523
    8615       2.3033
    8616       2.5193
    8617       2.5849
    8618       2.5218
    8619       2.4238
    8620       2.4390
    8621       2.3057
    8622       2.3329
    8623       2.3734
    8624       2.4557
    8625       2.2379
    8626       2.0937
    8627       2.2479
    8628       2.3025
    8629       2.1996
    8630       2.4208
    8631       2.4695
    8632       2.3233
    8633       2.4453
    8634       2.4336
    8635       2.3489
    8636       2.4135
    8637       2.2924
    8638       2.4831
    8639       2.3365
    8640       2.3445
    8641       2.2636
    8642       2.3522
    8643       2.5968
    8644       2.5856
    8645       2.6652
    8646       2.3740
    8647       2.3775
    8648       2.5243
    8649       2.5192
    8650       2.3323
    8651       2.3333
    8652       2.3324
    8653       2.1896
    8654       2.2952
    8655       2.1625
    8656       2.2088
    8657       2.0997
    8658       2.2790
    8659       2.1708
    8660       2.2274
    8661       2.1165
    8662       2.2459
    8663       2.3094
    8664       2.1877
    8665       2.2087
    8666       2.1798
    8667       2.1625
    8668       1.9921
    8669       2.1710
    8670       2.1936
    8671       2.3049
    8672       2.3281
    8673       2.4242
    8674       2.4009
    8675       2.2755
    8676       2.2394
    8677       2.2768
    8678       2.1315
    8679       2.1972
    8680       2.1690
    8681       2.1493
    8682       2.2152
    8683       2.2100
    8684       2.2543
    8685       2.3312
    8686       2.2096
    8687       2.3085
    8688       2.4583
    8689       2.3679
    8690       2.3889
    8691       2.1710
    8692       2.4389
    8693       2.2493
    8694       2.1163
    8695       2.2072
    8696       2.0834
    8697       2.3072
    8698       2.3115
    8699       2.2883
    8700       2.0648
    8701       2.0473
    8702       2.0880
    8703       1.9911
    8704       2.0455
    8705       2.0923
    8706       2.0131
    8707       2.0104
    8708       2.0005
    8709       2.0553
    8710       1.9325
    8711       2.0074
    8712       2.1242
    8713       1.9562
    8714       2.0693
    8715       2.0142
    8716       1.8725
    8717       1.8437
    8718       1.8534
    8719       2.0355
    8720       2.0599
    8721       1.8780
    8722       1.9474
    8723       2.0266
    8724       2.1637
    8725       2.1376
    8726       2.0896
    8727       2.1069
    8728       2.1363
    8729       2.1278
    8730       2.1780
    8731       2.2087
    8732       2.0641
    8733       2.1541
    8734       2.0072
    8735       2.2663
    8736       1.8917
    8737       2.0393
    8738       2.1519
    8739       2.3161
    8740       2.2099
    8741       2.3425
    8742       2.3840
    8743       2.1562
    8744       2.2356
    8745       2.3765
    8746       2.1553
    8747       2.1249
    8748       2.2000
    8749       2.2329
    8750       2.2471
    8751       2.3883
    8752       2.3152
    8753       2.2992
    8754       2.4227
    8755       2.2773
    8756       2.2718
    8757       1.9861
    8758       2.0092
    8759       1.9641
    8760       2.0601
    8761       2.1329
    8762       2.2862
    8763       2.2445
    8764       2.1937
    8765       2.4982
    8766       2.3907
    8767       2.5930
    8768       2.4444
    8769       2.5461
    8770       2.5157
    8771       2.4600
    8772       2.3673
    8773       2.4571
    8774       2.4283
    8775       2.3714
    8776       2.3512
    8777       2.3539
    8778       2.6447
    8779       2.5976
    8780       2.8103
    8781       2.6820
    8782       2.6191
    8783       2.4459
    8784       2.6040
    8785       2.5733
    8786       2.6009
    8787       2.5155
    8788       2.5590
    8789       2.5286
    8790       2.4280
    8791       2.3156
    8792       2.2910
    8793       2.3040
    8794       2.4414
    8795       2.3209
    8796       2.4137
    8797       2.2417
    8798       2.2907
    8799       2.1833
    8800       2.3507
    8801       2.3227
    8802       2.5987
    8803       2.6093
    8804       2.4458
    8805       2.4696
    8806       2.4104
    8807       2.6165
    8808       2.4234
    8809       2.1694
    8810       2.1771
    8811       2.3572
    8812       2.4343
    8813       2.2496
    8814       2.3098
    8815       2.3051
    8816       2.3654
    8817       2.4656
    8818       2.3815
    8819       2.5746
    8820       2.7013
    8821       2.6477
    8822       2.4985
    8823       2.5326
    8824       2.5251
    8825       2.5437
    8826       2.4544
    8827       2.5997
    8828       2.7607
    8829       2.7160
    8830       2.6727
    8831       2.8135
    8832       2.5787
    8833       2.6223
    8834       2.4929
    8835       2.7027
    8836       2.6248
    8837       2.6921
    8838       2.6635
    8839       2.5361
    8840       2.6980
    8841       2.3532
    8842       2.2413
    8843       2.2763
    8844       2.2822
    8845       2.0030
    8846       2.1537
    8847       2.2756
    8848       2.2366
    8849       2.1518
    8850       2.1613
    8851       2.1443
    8852       2.1303
    8853       2.0239
    8854       2.0397
    8855       2.2695
    8856       2.5852
    8857       2.5923
    8858       2.4744
    8859       2.2679
    8860       2.3339
    8861       2.3793
    8862       2.4113
    8863       2.1482
    8864       2.2204
    8865       2.1795
    8866       2.0897
    8867       1.8513
    8868       1.9659
    8869       1.9950
    8870       1.8408
    8871       1.7400
    8872       1.7871
    8873       1.8265
    8874       1.9729
    8875       2.0686
    8876       1.9407
    8877       1.9129
    8878       1.9923
    8879       2.1020
    8880       2.1874
    8881       2.1407
    8882       1.9354
    8883       1.9940
    8884       2.1774
    8885       2.1317
    8886       2.3248
    8887       2.3454
    8888       2.2475
    8889       2.3961
    8890       2.4194
    8891       2.4612
    8892       2.3558
    8893       2.4067
    8894       2.1443
    8895       2.2321
    8896       2.3317
    8897       2.3214
    8898       2.2159
    8899       2.2282
    8900       2.1738
    8901       2.1289
    8902       2.1128
    8903       2.2745
    8904       2.6986
    8905       2.7615
    8906       2.6847
    8907       2.7686
    8908       2.7514
    8909       2.8255
    8910       2.5496
    8911       2.7337
    8912       2.5460
    8913       2.6519
    8914       2.4241
    8915       2.6283
    8916       2.6146
    8917       2.5303
    8918       2.5234
    8919       2.3725
    8920       2.2511
    8921       2.3131
    8922       2.2183
    8923       2.2294
    8924       2.2232
    8925       2.2824
    8926       2.3046
    8927       2.4755
    8928       2.4563
    8929       2.2672
    8930       2.1027
    8931       2.1261
    8932       2.1502
    8933       2.1342
    8934       1.9072
    8935       1.9677
    8936       2.2194
    8937       2.2247
    8938       2.0124
    8939       2.1722
    8940       2.1999
    8941       2.2236
    8942       2.2518
    8943       2.2735
    8944       2.0999
    8945       2.1629
    8946       2.2122
    8947       2.1438
    8948       2.1353
    8949       2.0071
    8950       1.8736
    8951       1.9873
    8952       1.8998
    8953       1.8622
    8954       1.9076
    8955       1.7112
    8956       1.8479
    8957       1.7638
    8958       1.8652
    8959       1.8181
    8960       1.9396
    8961       1.9280
    8962       1.9434
    8963       2.0862
    8964       2.1388
    8965       2.3031
    8966       2.2662
    8967       2.1855
    8968       2.2671
    8969       2.1811
    8970       2.3691
    8971       2.3787
    8972       2.3991
    8973       2.3258
    8974       2.4040
    8975       2.3301
    8976       2.2536
    8977       2.2774
    8978       2.1536
    8979       2.1245
    8980       2.2044
    8981       1.9760
    8982       2.1215
    8983       2.1440
    8984       2.1548
    8985       2.2713
    8986       2.4340
    8987       2.5506
    8988       2.4462
    8989       2.3544
    8990       2.1001
    8991       2.0659
    8992       2.1754
    8993       2.2878
    8994       2.2400
    8995       2.3947
    8996       2.3748
    8997       2.1060
    8998       2.3326
    8999       1.9489
    9000       1.8439
    9001       1.9392
    9002       2.0027
    9003       2.0527
    9004       1.9989
    9005       1.9130
    9006       1.8917
    9007       1.8740
    9008       2.0808
    9009       2.0524
    9010       2.0843
    9011       1.9445
    9012       1.8693
    9013       2.1453
    9014       2.1914
    9015       1.9413
    9016       2.1362
    9017       1.9688
    9018       1.9927
    9019       1.9369
    9020       1.8797
    9021       1.9490
    9022       2.1350
    9023       1.9454
    9024       1.9392
    9025       1.7800
    9026       1.8635
    9027       1.8197
    9028       1.9969
    9029       1.9844
    9030       1.9542
    9031       2.0667
    9032       2.1722
    9033       2.1027
    9034       2.1968
    9035       2.2945
    9036       2.1861
    9037       1.9367
    9038       1.9943
    9039       2.0081
    9040       2.1381
    9041       2.1374
    9042       2.1815
    9043       2.3015
    9044       2.2589
    9045       2.1764
    9046       1.9604
    9047       2.0537
    9048       2.0868
    9049       1.9815
    9050       2.1256
    9051       2.1336
    9052       2.2539
    9053       2.0405
    9054       2.1198
    9055       2.0805
    9056       2.2898
    9057       2.1488
    9058       2.0122
    9059       2.0852
    9060       2.1928
    9061       2.2778
    9062       2.3420
    9063       2.3174
    9064       2.2841
    9065       2.2165
    9066       2.2071
    9067       2.2369
    9068       2.2502
    9069       2.2699
    9070       2.0108
    9071       2.0902
    9072       2.0396
    9073       1.8373
    9074       1.8426
    9075       1.8550
    9076       1.8131
    9077       1.8959
    9078       1.9017
    9079       1.8982
    9080       1.8571
    9081       1.9869
    9082       1.8907
    9083       1.8703
    9084       1.9333
    9085       2.0204
    9086       2.1407
    9087       2.1632
    9088       2.4249
    9089       2.4319
    9090       2.3808
    9091       2.2391
    9092       2.0870
    9093       2.0505
    9094       2.0762
    9095       2.1520
    9096       1.9030
    9097       2.0911
    9098       1.9844
    9099       1.9525
    9100       1.9486
    9101       1.9572
    9102       2.1584
    9103       2.1583
    9104       2.2705
    9105       2.3392
    9106       2.3263
    9107       2.4568
    9108       2.1408
    9109       2.2096
    9110       2.1602
    9111       2.2748
    9112       2.3149
    9113       2.1860
    9114       2.1413
    9115       2.3084
    9116       2.2145
    9117       2.0926
    9118       2.0059
    9119       1.8996
    9120       1.9168
    9121       1.8857
    9122       1.9850
    9123       2.0603
    9124       2.0860
    9125       2.1668
    9126       2.1483
    9127       2.1960
    9128       2.3123
    9129       2.2405
    9130       2.1451
    9131       2.0802
    9132       1.9721
    9133       1.9703
    9134       2.0881
    9135       2.0747
    9136       2.1335
    9137       2.0216
    9138       1.9337
    9139       2.0352
    9140       2.1608
    9141       2.1346
    9142       2.2997
    9143       2.2294
    9144       2.4477
    9145       2.4377
    9146       2.5963
    9147       2.4704
    9148       2.2771
    9149       2.4475
    9150       2.3524
    9151       2.2965
    9152       2.3995
    9153       2.5180
    9154       2.3734
    9155       2.4834
    9156       2.5276
    9157       2.5147
    9158       2.7238
    9159       2.8072
    9160       2.6931
    9161       2.7269
    9162       2.6617
    9163       2.7443
    9164       2.9038
    9165       2.7388
    9166       2.7161
    9167       2.5789
    9168       2.5302
    9169       2.4589
    9170       2.4261
    9171       2.4113
    9172       2.3278
    9173       2.4063
    9174       2.3466
    9175       2.4977
    9176       2.5810
    9177       2.7066
    9178       2.3896
    9179       2.4836
    9180       2.4015
    9181       2.5696
    9182       2.6092
    9183       2.5501
    9184       2.3714
    9185       2.4158
    9186       2.5000
    9187       2.5252
    9188       2.7280
    9189       2.5921
    9190       2.5222
    9191       2.6372
    9192       2.4758
    9193       2.5060
    9194       2.2965
    9195       2.3289
    9196       2.4602
    9197       2.4979
    9198       2.4586
    9199       2.5994
    9200       2.5924
    9201       2.4732
    9202       2.4426
    9203       2.3980
    9204       2.1218
    9205       2.1794
    9206       2.1727
    9207       2.3899
    9208       2.3650
    9209       2.3883
    9210       2.2910
    9211       2.4559
    9212       2.2304
    9213       2.2026
    9214       2.3385
    9215       2.4780
    9216       2.4194
    9217       2.4562
    9218       2.3796
    9219       2.2482
    9220       2.3200
    9221       2.2266
    9222       2.0447
    9223       1.9787
    9224       1.9469
    9225       2.1213
    9226       2.1587
    9227       2.3649
    9228       2.2261
    9229       1.9285
    9230       1.9702
    9231       1.9053
    9232       1.8562
    9233       1.6760
    9234       1.8315
    9235       1.8929
    9236       1.9274
    9237       1.9879
    9238       2.0114
    9239       2.1553
    9240       2.1319
    9241       1.9716
    9242       1.9715
    9243       2.1644
    9244       2.1512
    9245       2.1743
    9246       2.0727
    9247       2.1557
    9248       2.0715
    9249       2.0948
    9250       2.0971
    9251       2.2478
    9252       2.2400
    9253       2.1912
    9254       2.1283
    9255       2.1279
    9256       1.9396
    9257       1.9672
    9258       1.9726
    9259       1.9239
    9260       1.7040
    9261       1.6519
    9262       1.7797
    9263       1.7879
    9264       1.7047
    9265       1.6880
    9266       1.6526
    9267       1.8546
    9268       1.6738
    9269       1.6331
    9270       1.5661
    9271       1.5905
    9272       1.6249
    9273       1.4900
    9274       1.6304
    9275       1.5760
    9276       1.7745
    9277       1.7292
    9278       1.6826
    9279       1.7856
    9280       1.7158
    9281       1.6542
    9282       1.7395
    9283       1.7745
    9284       1.6876
    9285       1.6763
    9286       1.8109
    9287       1.8906
    9288       1.8472
    9289       1.8194
    9290       1.8107
    9291       1.9030
    9292       1.8124
    9293       1.8213
    9294       1.7557
    9295       1.8564
    9296       1.9365
    9297       2.1042
    9298       2.2048
    9299       2.0473
    9300       2.0080
    9301       2.0371
    9302       1.9245
    9303       1.8921
    9304       2.2868
    9305       2.4623
    9306       2.2380
    9307       2.2239
    9308       2.2753
    9309       2.3198
    9310       2.3802
    9311       2.3008
    9312       2.3762
    9313       2.5022
    9314       2.3528
    9315       2.4439
    9316       2.5663
    9317       2.4677
    9318       2.5812
    9319       2.4250
    9320       2.5050
    9321       2.4070
    9322       2.5529
    9323       2.5963
    9324       2.4393
    9325       2.4250
    9326       2.0986
    9327       2.0604
    9328       2.0597
    9329       2.1651
    9330       2.2477
    9331       2.4841
    9332       2.5052
    9333       2.2463
    9334       2.0386
    9335       1.8597
    9336       1.7681
    9337       1.7771
    9338       1.9013
    9339       1.8690
    9340       1.8777
    9341       2.0397
    9342       2.0410
    9343       2.0670
    9344       2.2613
    9345       2.3229
    9346       2.2173
    9347       2.2334
    9348       2.0942
    9349       2.0358
    9350       2.1922
    9351       2.2888
    9352       2.2437
    9353       2.1092
    9354       2.1380
    9355       1.9876
    9356       1.9081
    9357       1.9659
    9358       2.0091
    9359       1.9487
    9360       2.0319
    9361       2.0709
    9362       2.0207
    9363       2.0257
    9364       2.1554
    9365       2.1965
    9366       2.3324
    9367       2.2379
    9368       2.1979
    9369       2.3359
    9370       2.3749
    9371       2.4842
    9372       2.4261
    9373       2.2334
    9374       2.2597
    9375       2.1067
    9376       2.1025
    9377       2.3335
    9378       2.2587
    9379       2.6542
    9380       2.5040
    9381       2.4010
    9382       2.3080
    9383       2.3164
    9384       2.1478
    9385       2.2528
    9386       2.3518
    9387       2.2812
    9388       2.2580
    9389       2.2370
    9390       2.1925
    9391       2.2498
    9392       2.4001
    9393       2.3919
    9394       2.3069
    9395       2.3424
    9396       2.1039
    9397       2.0578
    9398       2.4091
    9399       2.4549
    9400       2.5133
    9401       2.3229
    9402       2.3171
    9403       2.2607
    9404       2.0177
    9405       1.9140
    9406       2.0993
    9407       2.1935
    9408       2.1818
    9409       2.1974
    9410       2.2109
    9411       1.9966
    9412       2.1749
    9413       2.0702
    9414       2.1948
    9415       2.3578
    9416       2.2354
    9417       2.3052
    9418       2.5107
    9419       2.5480
    9420       2.5381
    9421       2.5552
    9422       2.5814
    9423       2.4245
    9424       2.5862
    9425       2.5010
    9426       2.5359
    9427       2.4673
    9428       2.2992
    9429       2.2371
    9430       2.3234
    9431       2.3205
    9432       2.2112
    9433       2.2321
    9434       2.3439
    9435       2.3250
    9436       2.4471
    9437       2.5240
    9438       2.3913
    9439       2.4962
    9440       2.5142
    9441       2.4438
    9442       2.3351
    9443       2.3442
    9444       2.2637
    9445       2.1272
    9446       2.0978
    9447       2.2217
    9448       2.1668
    9449       2.1564
    9450       2.0657
    9451       2.1342
    9452       2.1787
    9453       2.0857
    9454       2.0394
    9455       2.0569
    9456       2.0449
    9457       2.0454
    9458       2.1402
    9459       2.0426
    9460       2.1612
    9461       1.9867
    9462       2.0043
    9463       1.8819
    9464       2.0847
    9465       2.0417
    9466       2.0590
    9467       2.1680
    9468       2.1723
    9469       2.3832
    9470       2.4329
    9471       2.2930
    9472       2.2955
    9473       2.3163
    9474       2.3158
    9475       2.2493
    9476       2.1675
    9477       2.1174
    9478       2.0608
    9479       2.1238
    9480       1.9540
    9481       2.0264
    9482       2.0876
    9483       2.0463
    9484       2.2778
    9485       2.1320
    9486       2.2894
    9487       2.2084
    9488       2.3694
    9489       2.3941
    9490       2.2916
    9491       2.5579
    9492       2.4097
    9493       2.2840
    9494       2.2680
    9495       2.2828
    9496       2.0197
    9497       1.9263
    9498       1.9606
    9499       2.0205
    9500       2.3021
    9501       2.5057
    9502       2.6031
    9503       2.7003
    9504       2.8622
    9505       3.0320
    9506       2.8734
    9507       2.8809
    9508       2.6388
    9509       2.4277
    9510       2.4223
    9511       2.2415
    9512       2.3235
    9513       2.2583
    9514       1.9943
    9515       2.1265
    9516       2.0239
    9517       2.1785
    9518       2.1496
    9519       2.3149
    9520       2.2312
    9521       2.1169
    9522       2.1460
    9523       2.0308
    9524       2.0792
    9525       2.2265
    9526       2.4770
    9527       2.4285
    9528       2.3122
    9529       2.4345
    9530       2.4148
    9531       2.4331
    9532       2.3076
    9533       2.2912
    9534       2.2363
    9535       2.1370
    9536       2.0585
    9537       2.2423
    9538       2.2187
    9539       2.0750
    9540       2.0709
    9541       2.1253
    9542       2.0378
    9543       2.0217
    9544       2.1234
    9545       2.1511
    9546       2.3121
    9547       2.2981
    9548       2.4049
    9549       2.2819
    9550       2.2872
    9551       2.1089
    9552       2.0290
    9553       2.0149
    9554       2.1644
    9555       2.2756
    9556       2.4703
    9557       2.3340
    9558       2.3238
    9559       2.3162
    9560       2.3506
    9561       2.2763
    9562       2.2546
    9563       2.3266
    9564       2.2675
    9565       2.1082
    9566       2.0136
    9567       1.8957
    9568       2.0093
    9569       2.2556
    9570       2.0242
    9571       2.0470
    9572       2.0797
    9573       2.0609
    9574       1.9724
    9575       1.9718
    9576       1.9945
    9577       2.0106
    9578       2.1433
    9579       2.2592
    9580       2.2309
    9581       2.0761
    9582       2.0738
    9583       2.0406
    9584       2.0439
    9585       1.9478
    9586       2.0087
    9587       2.1265
    9588       2.1343
    9589       2.0632
    9590       2.1456
    9591       2.1999
    9592       2.1173
    9593       2.1331
    9594       1.9153
    9595       1.8464
    9596       1.8677
    9597       1.9809
    9598       2.1659
    9599       2.2399
    9600       2.3502
    9601       2.1956
    9602       2.2151
    9603       2.2801
    9604       2.2149
    9605       2.2136
    9606       2.0858
    9607       2.0697
    9608       2.1938
    9609       2.1354
    9610       2.0420
    9611       1.9505
    9612       2.1274
    9613       1.9406
    9614       2.0067
    9615       1.9703
    9616       2.0063
    9617       1.9834
    9618       2.0701
    9619       1.8473
    9620       1.7951
    9621       1.7448
    9622       1.7917
    9623       1.8916
    9624       2.1129
    9625       1.9935
    9626       1.9914
    9627       2.0315
    9628       1.9286
    9629       1.8699
    9630       1.9686
    9631       2.0453
    9632       1.9254
    9633       2.0060
    9634       2.0597
    9635       2.1244
    9636       2.1160
    9637       1.9541
    9638       2.1280
    9639       2.0273
    9640       1.9706
    9641       2.1294
    9642       2.1147
    9643       2.2292
    9644       2.1912
    9645       2.1876
    9646       2.0458
    9647       1.8432
    9648       2.1043
    9649       2.1058
    9650       2.0726
    9651       1.9700
    9652       2.0141
    9653       1.9455
    9654       1.8917
    9655       1.9245
    9656       2.0238
    9657       2.1902
    9658       2.2422
    9659       2.3262
    9660       2.1220
    9661       2.3318
    9662       2.4142
    9663       2.2572
    9664       2.0963
    9665       1.9743
    9666       2.0340
    9667       2.0027
    9668       1.8544
    9669       1.7821
    9670       1.7780
    9671       1.7425
    9672       1.7777
    9673       1.9512
    9674       1.9294
    9675       2.0807
    9676       2.0121
    9677       1.9084
    9678       1.8867
    9679       1.9170
    9680       1.8747
    9681       1.9525
    9682       1.9134
    9683       2.0999
    9684       2.1594
    9685       2.1004
    9686       2.1279
    9687       2.1164
    9688       2.0781
    9689       2.1130
    9690       2.1141
    9691       2.1367
    9692       2.4849
    9693       2.4891
    9694       2.4703
    9695       2.3643
    9696       2.5891
    9697       2.4492
    9698       2.4844
    9699       2.2486
    9700       2.0563
    9701       2.1199
    9702       2.1593
    9703       2.1858
    9704       2.1225
    9705       2.1675
    9706       2.1855
    9707       2.4017
    9708       2.4890
    9709       2.3194
    9710       2.3015
    9711       2.3299
    9712       2.1971
    9713       2.1904
    9714       2.0088
    9715       2.0384
    9716       1.9864
    9717       2.1227
    9718       2.1985
    9719       2.1717
    9720       2.1146
    9721       2.1928
    9722       2.3299
    9723       2.4571
    9724       2.5154
    9725       2.3984
    9726       2.4971
    9727       2.4828
    9728       2.5422
    9729       2.6986
    9730       2.5780
    9731       2.5093
    9732       2.3730
    9733       2.2699
    9734       2.1629
    9735       2.3552
    9736       2.2783
    9737       2.1663
    9738       2.1661
    9739       2.0771
    9740       1.9421
    9741       1.9582
    9742       2.0901
    9743       2.1713
    9744       2.2743
    9745       2.0808
    9746       2.0923
    9747       1.9952
    9748       1.9956
    9749       2.0702
    9750       2.0308
    9751       2.0675
    9752       2.0352
    9753       2.0573
    9754       1.9572
    9755       1.8613
    9756       2.0175
    9757       2.0920
    9758       2.0200
    9759       1.9313
    9760       2.0254
    9761       2.1209
    9762       2.1693
    9763       2.2622
    9764       2.2738
    9765       2.2001
    9766       2.3507
    9767       2.4488
    9768       2.3737
    9769       2.5726
    9770       2.5216
    9771       2.5825
    9772       2.4923
    9773       2.5542
    9774       2.6213
    9775       2.7757
    9776       2.4926
    9777       2.4819
    9778       2.4756
    9779       2.5501
    9780       2.4613
    9781       2.4751
    9782       2.3605
    9783       2.2340
    9784       2.1638
    9785       2.2589
    9786       2.1747
    9787       2.1521
    9788       2.1159
    9789       2.2406
    9790       2.3852
    9791       2.4254
    9792       2.3845
    9793       2.1965
    9794       2.2836
    9795       2.3075
    9796       2.4006
    9797       2.4132
    9798       2.2936
    9799       2.1459
    9800       2.0705
    9801       2.2247
    9802       2.3652
    9803       2.3316
    9804       2.2959
    9805       2.1617
    9806       2.2099
    9807       2.2397
    9808       2.2516
    9809       2.0894
    9810       2.1383
    9811       2.1960
    9812       2.3795
    9813       2.2984
    9814       2.3890
    9815       2.5714
    9816       2.6078
    9817       2.4680
    9818       2.6979
    9819       2.5733
    9820       2.6185
    9821       2.7549
    9822       2.7511
    9823       2.7909
    9824       2.6070
    9825       2.6768
    9826       2.3827
    9827       2.4989
    9828       2.5696
    9829       2.4489
    9830       2.2823
    9831       2.5130
    9832       2.5769
    9833       2.5708
    9834       2.4979
    9835       2.5094
    9836       2.4747
    9837       2.4044
    9838       2.3937
    9839       2.3878
    9840       2.3749
    9841       2.3476
    9842       2.3922
    9843       2.2838
    9844       2.2154
    9845       2.3205
    9846       2.3408
    9847       2.5215
    9848       2.5205
    9849       2.4114
    9850       2.4884
    9851       2.4302
    9852       2.2923
    9853       2.2449
    9854       2.3374
    9855       2.2467
    9856       2.2583
    9857       2.5232
    9858       2.4733
    9859       2.5149
    9860       2.4339
    9861       2.2742
    9862       2.3983
    9863       2.3314
    9864       2.1812
    9865       2.3105
    9866       2.3039
    9867       2.3628
    9868       2.1738
    9869       2.1868
    9870       2.0777
    9871       2.0406
    9872       1.8919
    9873       2.0228
    9874       2.0367
    9875       2.0155
    9876       1.9389
    9877       2.1107
    9878       2.0038
    9879       2.1239
    9880       2.0742
    9881       2.2230
    9882       2.3372
    9883       2.2576
    9884       2.2529
    9885       2.3117
    9886       2.1655
    9887       2.1849
    9888       2.0906
    9889       2.1895
    9890       2.1937
    9891       2.3174
    9892       2.2295
    9893       2.2598
    9894       2.0667
    9895       2.0354
    9896       2.3018
    9897       2.0953
    9898       2.2262
    9899       2.2179
    9900       2.1854
    9901       2.1379
    9902       2.0692
    9903       2.1718
    9904       2.3066
    9905       2.1571
    9906       2.1899
    9907       2.2544
    9908       2.3842
    9909       2.4122
    9910       2.3937
    9911       2.5364
    9912       2.4439
    9913       2.5013
    9914       2.4429
    9915       2.4121
    9916       2.4759
    9917       2.5399
    9918       2.3935
    9919       2.5861
    9920       2.7268
    9921       2.6982
    9922       2.5484
    9923       2.6286
    9924       2.4640
    9925       2.5885
    9926       2.6447
    9927       2.8035
    9928       2.8757
    9929       3.1601
    9930       2.9212
    9931       2.8724
    9932       2.8671
    9933       2.6034
    9934       2.5534
    9935       2.5121
    9936       2.6203
    9937       2.3784
    9938       2.4277
    9939       2.5045
    9940       2.4156
    9941       2.4846
    9942       2.3480
    9943       2.3111
    9944       2.1420
    9945       2.3277
    9946       2.3230
    9947       2.2042
    9948       2.2198
    9949       2.2668
    9950       2.3869
    9951       2.3967
    9952       2.1151
    9953       2.1369
    9954       2.2033
    9955       2.2551
    9956       2.4460
    9957       2.3278
    9958       2.4019
    9959       2.4775
    9960       2.4534
    9961       2.3235
    9962       2.3068
    9963       2.2838
    9964       2.3326
    9965       2.3049
    9966       2.4304
    9967       2.3817
    9968       2.5248
    9969       2.2624
    9970       2.0868
    9971       2.2810
    9972       2.4910
    9973       2.4118
    9974       2.3078
    9975       2.4371
    9976       2.4082
    9977       2.4882
    9978       2.6128
    9979       2.5562
    9980       2.2803
    9981       2.1421
    9982       2.2995
    9983       2.1580
    9984       2.2861
    9985       2.3742
    9986       2.2653
    9987       2.3184
    9988       2.3595
    9989       2.2908
    9990       2.2600
    9991       2.3873
    9992       2.2164
    9993       2.1751
    9994       2.3335
    9995       2.4312
    9996       2.2923
    9997       2.3585
    9998       2.2076
    9999       2.3209
   10000       2.3581
