#Frame     RMSD_00002
       1       0.0000
       2       0.7381
       3       0.8631
       4       0.8849
       5       0.8879
       6       1.0207
       7       0.9963
       8       0.9828
       9       1.0511
      10       0.9934
      11       1.1530
      12       1.3686
      13       1.2631
      14       1.3799
      15       1.7651
      16       1.5004
      17       1.2898
      18       1.2308
      19       1.3838
      20       1.3501
      21       1.2576
      22       1.4098
      23       1.4221
      24       1.5311
      25       1.4523
      26       1.5490
      27       1.6616
      28       1.6071
      29       1.5974
      30       1.8098
      31       1.7061
      32       1.8253
      33       1.6908
      34       1.9501
      35       1.9354
      36       2.0128
      37       1.8956
      38       1.7950
      39       1.7307
      40       1.7014
      41       1.7501
      42       1.7582
      43       1.9360
      44       1.7064
      45       1.7658
      46       1.8021
      47       1.7093
      48       1.5180
      49       1.6329
      50       1.7620
      51       1.7389
      52       1.7219
      53       1.6778
      54       1.6412
      55       1.8224
      56       1.8756
      57       1.8533
      58       1.9426
      59       2.0147
      60       2.0706
      61       2.0792
      62       1.8762
      63       2.1046
      64       1.8264
      65       1.7751
      66       1.7313
      67       1.6861
      68       1.6703
      69       1.9622
      70       1.9305
      71       1.9932
      72       1.7181
      73       1.8179
      74       1.8495
      75       1.7745
      76       1.9602
      77       1.7544
      78       1.8589
      79       1.7419
      80       1.6063
      81       1.4379
      82       1.4547
      83       1.5088
      84       1.3025
      85       1.3517
      86       1.2629
      87       1.4026
      88       1.3536
      89       1.1920
      90       1.2159
      91       1.1839
      92       1.2433
      93       1.2997
      94       1.3669
      95       1.3779
      96       1.2889
      97       1.4497
      98       1.5349
      99       1.2618
     100       1.2139
     101       1.4142
     102       1.1553
     103       1.1222
     104       1.1726
     105       1.1213
     106       1.2735
     107       1.1944
     108       1.2511
     109       1.1391
     110       1.0796
     111       1.1796
     112       1.1239
     113       1.2994
     114       1.2465
     115       1.3013
     116       1.1796
     117       1.1727
     118       1.2406
     119       1.2197
     120       1.1687
     121       1.2101
     122       1.1518
     123       1.1577
     124       1.0905
     125       1.2152
     126       1.1590
     127       1.1306
     128       1.3039
     129       1.1504
     130       1.1839
     131       1.2132
     132       1.1626
     133       1.1881
     134       1.1503
     135       1.2682
     136       1.2726
     137       1.3114
     138       1.3033
     139       1.2421
     140       1.2548
     141       1.2343
     142       1.0440
     143       1.1703
     144       1.2152
     145       1.2360
     146       1.1678
     147       1.1150
     148       1.2646
     149       1.2765
     150       1.1958
     151       1.1820
     152       1.2541
     153       1.2548
     154       1.2341
     155       1.2536
     156       1.3359
     157       1.4299
     158       1.3466
     159       1.2978
     160       1.5593
     161       1.4605
     162       1.5880
     163       1.5898
     164       1.7350
     165       1.4638
     166       1.4262
     167       1.4782
     168       1.3356
     169       1.4068
     170       1.3383
     171       1.6473
     172       1.4950
     173       1.3798
     174       1.3324
     175       1.2669
     176       1.3673
     177       1.5064
     178       1.7245
     179       1.5693
     180       1.4426
     181       1.5610
     182       1.6808
     183       1.6840
     184       1.7576
     185       1.5671
     186       1.5152
     187       1.5975
     188       1.6961
     189       1.7582
     190       1.5082
     191       1.5308
     192       1.3995
     193       1.3632
     194       1.4563
     195       1.5079
     196       1.6132
     197       1.5610
     198       1.5002
     199       1.5575
     200       1.6404
     201       1.6598
     202       1.8191
     203       1.9374
     204       1.6876
     205       1.6938
     206       1.8115
     207       1.7275
     208       1.5680
     209       1.6502
     210       1.5112
     211       1.5377
     212       1.4887
     213       1.5419
     214       1.4622
     215       1.3733
     216       1.3519
     217       1.5283
     218       1.3991
     219       1.4619
     220       1.4719
     221       1.4237
     222       1.5073
     223       1.4069
     224       1.5978
     225       1.5265
     226       1.6507
     227       1.5735
     228       1.4651
     229       1.5479
     230       1.5295
     231       1.3791
     232       1.4658
     233       1.4076
     234       1.3893
     235       1.4417
     236       1.4212
     237       1.4930
     238       1.4515
     239       1.4760
     240       1.7671
     241       1.5990
     242       1.6374
     243       1.5249
     244       1.5477
     245       1.5994
     246       1.3879
     247       1.2926
     248       1.3497
     249       1.5224
     250       1.5718
     251       1.3493
     252       1.4236
     253       1.3577
     254       1.3029
     255       1.3751
     256       1.5173
     257       1.3975
     258       1.2244
     259       1.3208
     260       1.3784
     261       1.4143
     262       1.4811
     263       1.4929
     264       1.3817
     265       1.4698
     266       1.4439
     267       1.4833
     268       1.3335
     269       1.2320
     270       1.4603
     271       1.4502
     272       1.4364
     273       1.4783
     274       1.4743
     275       1.5455
     276       1.4456
     277       1.5287
     278       1.5093
     279       1.5826
     280       1.5824
     281       1.3959
     282       1.4008
     283       1.2990
     284       1.2218
     285       1.2684
     286       1.2701
     287       1.4218
     288       1.3686
     289       1.4212
     290       1.5017
     291       1.4596
     292       1.3478
     293       1.4482
     294       1.5051
     295       1.5825
     296       1.6760
     297       1.6457
     298       1.5083
     299       1.4767
     300       1.3985
     301       1.3282
     302       1.3248
     303       1.4176
     304       1.4318
     305       1.5360
     306       1.5387
     307       1.5585
     308       1.8386
     309       1.4318
     310       1.6038
     311       1.5321
     312       1.5177
     313       1.7189
     314       1.6808
     315       1.6430
     316       1.6776
     317       1.6794
     318       1.6435
     319       1.5403
     320       1.6050
     321       1.5267
     322       1.6548
     323       1.5630
     324       1.5159
     325       1.6570
     326       1.6089
     327       1.6269
     328       1.7658
     329       1.5632
     330       1.4800
     331       1.7233
     332       1.7810
     333       1.8670
     334       1.7054
     335       1.8247
     336       1.7883
     337       1.8475
     338       1.7751
     339       1.7064
     340       1.7782
     341       1.6730
     342       1.7980
     343       1.7784
     344       1.6287
     345       1.8283
     346       1.6915
     347       1.6431
     348       1.7258
     349       1.8566
     350       1.6019
     351       1.6040
     352       1.5011
     353       1.8884
     354       1.6626
     355       1.6836
     356       1.6598
     357       1.5730
     358       1.5965
     359       1.6114
     360       1.7375
     361       2.0044
     362       1.9364
     363       1.9926
     364       1.9469
     365       1.6646
     366       1.8381
     367       2.0008
     368       1.9403
     369       1.9582
     370       1.9602
     371       1.8165
     372       1.7724
     373       1.7641
     374       1.8393
     375       1.8566
     376       1.7040
     377       1.6343
     378       1.7524
     379       1.9383
     380       2.0625
     381       2.0022
     382       2.0901
     383       1.7782
     384       1.7779
     385       1.9236
     386       2.0711
     387       2.1515
     388       1.8927
     389       1.8361
     390       1.8217
     391       1.7991
     392       1.7804
     393       1.6683
     394       1.7713
     395       1.7812
     396       1.7258
     397       1.7083
     398       2.0160
     399       1.7745
     400       1.6907
     401       1.7092
     402       1.6415
     403       1.6710
     404       1.7719
     405       1.5223
     406       1.6413
     407       1.7902
     408       1.8750
     409       1.7943
     410       1.8004
     411       1.7110
     412       1.6191
     413       1.5811
     414       1.7442
     415       1.8185
     416       2.0104
     417       1.7543
     418       1.4265
     419       1.6345
     420       1.6584
     421       1.6650
     422       1.7302
     423       1.7291
     424       1.6765
     425       1.7639
     426       1.7570
     427       1.5704
     428       1.4944
     429       1.4887
     430       1.6105
     431       1.5799
     432       1.5838
     433       1.7660
     434       1.7584
     435       1.7502
     436       1.8356
     437       1.7102
     438       1.5675
     439       1.3920
     440       1.5533
     441       1.5690
     442       1.6740
     443       1.5955
     444       1.6468
     445       1.6406
     446       2.0120
     447       1.8393
     448       1.8697
     449       1.7156
     450       1.8742
     451       1.9672
     452       1.8346
     453       1.8487
     454       1.8028
     455       1.8667
     456       1.6039
     457       1.6378
     458       1.7084
     459       1.5606
     460       1.5483
     461       1.5424
     462       1.6804
     463       1.8048
     464       1.8548
     465       1.8599
     466       1.9849
     467       2.1441
     468       2.2733
     469       2.0918
     470       1.9313
     471       1.8109
     472       1.7150
     473       1.6138
     474       1.4977
     475       1.5041
     476       1.3794
     477       1.6000
     478       1.7948
     479       1.8282
     480       1.7126
     481       1.6527
     482       1.5226
     483       1.6527
     484       1.5689
     485       1.5335
     486       1.6176
     487       1.7141
     488       1.6850
     489       1.4507
     490       1.3970
     491       1.4714
     492       1.4704
     493       1.4711
     494       1.7396
     495       1.8086
     496       1.7475
     497       1.6963
     498       1.6995
     499       1.5755
     500       1.5424
     501       1.6776
     502       1.6643
     503       1.7621
     504       1.6806
     505       1.4899
     506       1.5592
     507       1.5493
     508       1.4549
     509       1.5039
     510       1.6032
     511       1.5588
     512       1.5267
     513       1.6994
     514       1.7078
     515       1.7131
     516       1.8023
     517       1.7989
     518       1.6726
     519       1.9220
     520       1.9224
     521       1.8995
     522       1.9825
     523       1.9503
     524       1.9360
     525       1.9044
     526       1.7885
     527       1.9113
     528       2.0146
     529       2.0152
     530       1.9356
     531       1.8783
     532       1.7917
     533       1.9023
     534       1.8319
     535       1.8187
     536       1.8033
     537       1.8641
     538       1.9725
     539       1.9957
     540       2.1015
     541       1.9919
     542       2.1361
     543       2.0795
     544       2.0640
     545       2.0854
     546       1.8289
     547       1.7858
     548       1.8363
     549       1.7834
     550       1.6953
     551       1.5638
     552       1.7279
     553       1.8203
     554       1.7461
     555       1.8111
     556       1.8535
     557       1.7503
     558       1.7295
     559       1.6044
     560       1.6862
     561       1.6651
     562       1.6263
     563       1.7466
     564       1.8139
     565       1.6441
     566       1.4681
     567       1.5207
     568       1.5989
     569       1.7157
     570       1.6354
     571       1.5074
     572       1.6669
     573       1.4843
     574       1.4715
     575       1.5979
     576       1.5976
     577       1.6030
     578       1.5442
     579       1.5680
     580       1.5135
     581       1.6524
     582       1.6470
     583       1.5890
     584       1.6750
     585       1.5950
     586       1.5393
     587       1.4645
     588       1.5793
     589       1.5330
     590       1.4623
     591       1.4716
     592       1.4607
     593       1.5365
     594       1.4505
     595       1.4714
     596       1.4881
     597       1.5411
     598       1.6474
     599       1.6413
     600       1.6857
     601       1.8014
     602       1.9202
     603       1.8457
     604       1.8756
     605       1.8904
     606       1.7753
     607       1.7984
     608       1.7428
     609       1.8835
     610       1.9645
     611       1.9723
     612       1.8205
     613       1.8677
     614       1.7693
     615       1.7830
     616       1.9513
     617       1.9609
     618       2.0495
     619       1.9223
     620       1.7796
     621       1.7999
     622       1.7252
     623       1.7186
     624       1.8899
     625       1.8099
     626       1.8424
     627       1.7462
     628       1.7912
     629       1.7903
     630       1.7607
     631       1.7100
     632       1.6559
     633       1.7951
     634       1.8669
     635       1.7911
     636       1.9410
     637       1.9316
     638       1.7673
     639       1.5818
     640       1.5235
     641       1.5371
     642       1.5487
     643       1.4959
     644       1.6191
     645       1.5834
     646       1.5866
     647       1.4877
     648       1.4828
     649       1.4537
     650       1.4769
     651       1.4763
     652       1.4238
     653       1.3579
     654       1.3494
     655       1.3155
     656       1.3301
     657       1.4106
     658       1.3443
     659       1.5607
     660       1.4874
     661       1.5194
     662       1.7383
     663       1.5415
     664       1.6343
     665       1.7157
     666       1.5353
     667       1.5160
     668       1.6350
     669       1.6706
     670       1.7509
     671       1.5760
     672       1.6550
     673       1.5849
     674       1.5461
     675       1.7363
     676       1.7376
     677       1.6792
     678       1.7705
     679       1.7734
     680       1.7921
     681       1.7459
     682       1.6172
     683       1.8635
     684       2.0924
     685       2.0143
     686       1.9508
     687       1.7867
     688       1.6277
     689       1.6902
     690       1.6454
     691       1.9658
     692       2.1155
     693       2.0438
     694       1.8053
     695       1.6737
     696       1.8232
     697       1.9439
     698       1.9965
     699       2.4408
     700       2.1975
     701       2.1856
     702       2.2625
     703       2.2116
     704       2.4549
     705       2.4877
     706       2.4031
     707       2.3071
     708       2.1499
     709       2.3972
     710       2.2744
     711       2.2478
     712       2.2489
     713       2.3990
     714       2.4375
     715       2.4530
     716       2.4082
     717       2.4189
     718       2.5027
     719       2.5763
     720       2.5853
     721       2.6425
     722       2.4949
     723       2.3158
     724       2.2871
     725       2.3817
     726       2.2602
     727       1.8826
     728       2.0639
     729       1.9496
     730       1.9147
     731       1.8315
     732       1.7859
     733       1.8050
     734       1.8325
     735       1.7473
     736       1.7012
     737       1.8237
     738       1.7403
     739       1.6593
     740       1.6489
     741       1.7107
     742       1.5553
     743       1.4405
     744       1.5146
     745       1.6803
     746       1.6616
     747       2.0470
     748       1.9214
     749       1.8064
     750       1.6586
     751       1.7662
     752       1.8304
     753       2.1338
     754       1.9670
     755       1.9800
     756       1.7568
     757       1.7465
     758       1.6058
     759       1.7705
     760       1.8316
     761       1.7018
     762       1.6352
     763       1.6599
     764       1.6221
     765       1.6892
     766       1.6641
     767       1.7628
     768       1.8920
     769       1.6638
     770       1.5266
     771       1.3954
     772       1.6266
     773       1.6133
     774       1.5965
     775       1.5738
     776       1.6581
     777       1.5470
     778       1.5154
     779       1.5242
     780       1.4981
     781       1.5545
     782       1.5737
     783       1.6692
     784       1.7891
     785       1.5476
     786       1.3949
     787       1.6917
     788       1.7794
     789       2.0010
     790       1.8254
     791       1.8127
     792       1.6407
     793       1.6851
     794       1.4952
     795       1.5378
     796       1.3987
     797       1.4493
     798       1.3289
     799       1.4328
     800       1.4671
     801       1.3391
     802       1.4263
     803       1.6105
     804       1.5374
     805       1.7485
     806       1.7950
     807       1.8759
     808       1.7905
     809       1.9125
     810       1.8304
     811       1.8359
     812       1.7668
     813       1.7256
     814       1.8322
     815       1.8373
     816       1.9434
     817       1.8511
     818       1.7343
     819       1.7167
     820       1.8554
     821       1.9470
     822       1.7008
     823       1.7553
     824       1.8313
     825       1.7044
     826       1.6725
     827       1.4798
     828       1.5519
     829       1.6305
     830       1.7040
     831       1.6617
     832       1.6896
     833       1.5418
     834       1.6211
     835       1.5713
     836       1.5073
     837       1.5721
     838       1.6231
     839       1.6322
     840       1.6419
     841       1.7068
     842       1.5894
     843       1.5951
     844       1.5809
     845       1.6410
     846       1.5510
     847       1.6273
     848       1.7101
     849       1.7211
     850       1.6622
     851       1.7928
     852       1.7963
     853       1.7889
     854       1.8066
     855       1.7842
     856       1.9613
     857       1.9420
     858       1.9660
     859       1.7935
     860       1.6789
     861       1.5977
     862       1.7645
     863       1.6199
     864       1.7341
     865       1.6749
     866       1.7214
     867       1.6870
     868       1.6983
     869       1.6112
     870       1.6006
     871       1.5153
     872       1.7246
     873       1.7919
     874       1.8379
     875       1.7776
     876       1.9937
     877       2.0766
     878       2.0673
     879       2.0416
     880       1.9659
     881       1.8352
     882       1.9268
     883       2.0186
     884       1.8209
     885       1.8695
     886       2.1019
     887       1.9638
     888       1.9341
     889       1.8284
     890       1.7329
     891       1.8338
     892       1.8702
     893       1.8218
     894       1.8605
     895       1.9006
     896       1.7816
     897       1.7109
     898       1.8335
     899       1.7664
     900       1.7429
     901       2.0467
     902       2.2557
     903       2.3295
     904       2.2198
     905       2.2271
     906       2.2582
     907       2.1483
     908       2.2283
     909       2.0872
     910       2.1302
     911       2.2266
     912       2.3611
     913       2.5369
     914       2.3814
     915       2.4319
     916       2.3742
     917       2.5617
     918       2.6450
     919       2.4463
     920       2.3951
     921       2.4378
     922       2.1818
     923       1.9955
     924       1.9929
     925       2.0706
     926       2.1137
     927       2.0637
     928       1.9612
     929       2.0202
     930       2.1215
     931       2.0634
     932       2.1659
     933       1.9480
     934       1.9687
     935       1.8573
     936       1.9711
     937       2.0342
     938       1.9082
     939       1.7822
     940       1.6180
     941       1.7291
     942       1.7264
     943       1.7400
     944       1.5657
     945       1.8245
     946       1.8441
     947       1.8229
     948       1.9600
     949       1.8295
     950       1.8686
     951       1.9023
     952       1.9198
     953       1.8537
     954       1.8963
     955       1.9560
     956       1.9947
     957       1.8750
     958       1.9384
     959       2.1978
     960       2.2440
     961       2.0532
     962       1.9933
     963       2.0849
     964       2.1087
     965       2.2837
     966       2.5330
     967       2.5871
     968       2.7233
     969       2.6062
     970       2.5306
     971       2.7586
     972       2.4987
     973       2.5415
     974       2.5084
     975       2.3161
     976       2.6492
     977       2.4711
     978       2.5593
     979       2.6834
     980       2.6499
     981       2.5908
     982       2.5826
     983       2.5283
     984       2.7748
     985       2.6549
     986       2.6255
     987       2.5313
     988       2.5770
     989       2.6288
     990       2.5268
     991       2.3851
     992       2.3050
     993       2.4584
     994       2.4687
     995       2.6734
     996       2.3466
     997       2.3133
     998       2.4259
     999       2.4704
    1000       2.3483
    1001       2.3078
    1002       2.3459
    1003       2.2646
    1004       2.2289
    1005       2.2754
    1006       2.2755
    1007       2.1831
    1008       2.0966
    1009       2.0614
    1010       2.2164
    1011       2.1909
    1012       2.1270
    1013       2.2381
    1014       2.0368
    1015       1.9481
    1016       1.8281
    1017       2.1189
    1018       2.0723
    1019       2.2322
    1020       2.3509
    1021       2.3552
    1022       2.2429
    1023       2.2486
    1024       2.0162
    1025       2.2258
    1026       2.4546
    1027       2.4452
    1028       2.3505
    1029       1.9660
    1030       1.9194
    1031       2.0705
    1032       1.9213
    1033       2.0389
    1034       2.1024
    1035       2.1441
    1036       1.9814
    1037       1.8683
    1038       1.9421
    1039       1.9539
    1040       1.9981
    1041       2.1759
    1042       1.8621
    1043       1.7875
    1044       1.8989
    1045       1.7564
    1046       1.7838
    1047       1.6776
    1048       1.6317
    1049       1.7842
    1050       1.7181
    1051       1.6478
    1052       1.6932
    1053       1.6682
    1054       1.7126
    1055       1.8451
    1056       1.7952
    1057       1.8760
    1058       2.0306
    1059       2.0310
    1060       2.0457
    1061       2.0412
    1062       2.2309
    1063       2.0081
    1064       2.1042
    1065       2.0570
    1066       2.3086
    1067       2.2205
    1068       2.3488
    1069       2.0336
    1070       1.9870
    1071       2.0205
    1072       2.1110
    1073       2.1081
    1074       2.1210
    1075       2.1836
    1076       2.0688
    1077       2.1512
    1078       2.0102
    1079       1.9702
    1080       1.8718
    1081       1.9139
    1082       2.0111
    1083       1.9395
    1084       1.8444
    1085       1.8359
    1086       1.8906
    1087       1.8502
    1088       1.8256
    1089       1.7993
    1090       1.6786
    1091       1.6020
    1092       1.4419
    1093       1.6948
    1094       1.6395
    1095       1.7093
    1096       1.7793
    1097       1.6895
    1098       1.9171
    1099       1.8336
    1100       1.7008
    1101       1.7833
    1102       1.7343
    1103       1.5712
    1104       1.8180
    1105       1.8103
    1106       1.9146
    1107       1.8608
    1108       2.0718
    1109       2.0322
    1110       2.0763
    1111       1.8728
    1112       1.7754
    1113       1.7411
    1114       1.5510
    1115       1.6743
    1116       1.7529
    1117       1.6373
    1118       1.7057
    1119       1.6190
    1120       1.7245
    1121       1.8036
    1122       1.8894
    1123       1.9430
    1124       2.0182
    1125       1.9391
    1126       2.0215
    1127       1.8736
    1128       2.0861
    1129       2.2578
    1130       2.3311
    1131       1.9383
    1132       2.3711
    1133       2.3053
    1134       2.1985
    1135       2.4970
    1136       2.3816
    1137       2.2055
    1138       2.2125
    1139       2.2296
    1140       2.2878
    1141       2.4109
    1142       2.5642
    1143       2.6150
    1144       2.4203
    1145       2.5656
    1146       2.5950
    1147       2.5388
    1148       2.7114
    1149       2.5596
    1150       2.6737
    1151       2.8288
    1152       2.6899
    1153       2.7749
    1154       2.6177
    1155       2.5474
    1156       2.4731
    1157       2.3318
    1158       2.2962
    1159       2.2271
    1160       2.3603
    1161       2.3397
    1162       2.2275
    1163       2.3546
    1164       2.4091
    1165       2.2881
    1166       2.2161
    1167       2.2060
    1168       2.2964
    1169       2.0257
    1170       2.1400
    1171       2.1909
    1172       2.3219
    1173       2.4340
    1174       2.3592
    1175       2.2304
    1176       2.1298
    1177       2.0775
    1178       2.1023
    1179       1.8939
    1180       1.9330
    1181       2.2337
    1182       2.0562
    1183       2.0281
    1184       2.1968
    1185       2.0229
    1186       2.1441
    1187       2.0643
    1188       1.9773
    1189       2.0881
    1190       2.4628
    1191       2.1803
    1192       2.3105
    1193       2.4374
    1194       2.3426
    1195       2.4192
    1196       1.9668
    1197       2.2019
    1198       2.2465
    1199       2.2187
    1200       2.4063
    1201       2.4874
    1202       2.6133
    1203       2.1574
    1204       2.1781
    1205       2.0648
    1206       2.2514
    1207       2.1522
    1208       2.2582
    1209       2.3065
    1210       2.3129
    1211       2.4054
    1212       2.4993
    1213       2.2663
    1214       2.1199
    1215       2.2004
    1216       2.1765
    1217       2.1000
    1218       2.1650
    1219       2.1356
    1220       1.8529
    1221       2.0891
    1222       2.0337
    1223       1.8767
    1224       1.9722
    1225       2.1465
    1226       2.0478
    1227       1.8975
    1228       2.1294
    1229       1.8622
    1230       1.9180
    1231       1.8188
    1232       1.7732
    1233       1.9710
    1234       1.9270
    1235       2.0945
    1236       2.1467
    1237       2.0140
    1238       1.9597
    1239       1.9597
    1240       1.8827
    1241       2.1592
    1242       2.1647
    1243       2.0930
    1244       2.2259
    1245       2.2912
    1246       2.2623
    1247       2.3379
    1248       2.3734
    1249       2.3032
    1250       2.3545
    1251       2.4089
    1252       2.2908
    1253       2.2409
    1254       2.3696
    1255       2.4279
    1256       2.2231
    1257       2.4858
    1258       1.8872
    1259       2.1855
    1260       2.1174
    1261       2.0871
    1262       1.9665
    1263       1.8312
    1264       1.8587
    1265       1.9377
    1266       1.9585
    1267       1.8901
    1268       2.0754
    1269       1.9077
    1270       1.8358
    1271       1.9955
    1272       2.0626
    1273       1.7699
    1274       2.0734
    1275       2.1215
    1276       2.0068
    1277       2.0934
    1278       2.1683
    1279       2.2073
    1280       2.1294
    1281       2.1907
    1282       2.2001
    1283       2.2930
    1284       2.3182
    1285       2.2228
    1286       1.8571
    1287       2.0499
    1288       2.2202
    1289       2.1719
    1290       2.1620
    1291       2.1664
    1292       2.3689
    1293       2.4184
    1294       2.3648
    1295       2.6744
    1296       2.4764
    1297       2.1882
    1298       2.1744
    1299       2.1509
    1300       2.1439
    1301       2.1775
    1302       2.3746
    1303       2.2787
    1304       2.3408
    1305       2.3854
    1306       2.6690
    1307       2.6703
    1308       2.4513
    1309       2.4056
    1310       2.4237
    1311       2.5219
    1312       2.2632
    1313       2.3649
    1314       2.3213
    1315       2.2146
    1316       2.1821
    1317       2.5799
    1318       2.5585
    1319       2.7890
    1320       2.5833
    1321       2.7527
    1322       2.8283
    1323       2.6885
    1324       2.6517
    1325       2.6379
    1326       2.8508
    1327       2.7185
    1328       2.5388
    1329       2.3922
    1330       2.5687
    1331       2.5024
    1332       2.5807
    1333       2.6881
    1334       2.5964
    1335       2.3751
    1336       2.5241
    1337       2.5731
    1338       2.4520
    1339       2.1737
    1340       2.1310
    1341       2.2001
    1342       1.9798
    1343       2.2109
    1344       2.4249
    1345       2.1533
    1346       2.1916
    1347       2.2822
    1348       2.2738
    1349       2.2171
    1350       2.4971
    1351       2.3971
    1352       2.0261
    1353       2.0334
    1354       2.0869
    1355       2.2110
    1356       2.1883
    1357       2.1800
    1358       2.0389
    1359       2.1195
    1360       2.1883
    1361       2.1896
    1362       1.9310
    1363       1.8261
    1364       1.9079
    1365       1.9106
    1366       1.9237
    1367       1.8452
    1368       1.9049
    1369       1.7099
    1370       1.8482
    1371       1.8078
    1372       1.8425
    1373       2.0368
    1374       2.0007
    1375       1.9418
    1376       1.8795
    1377       1.7648
    1378       1.9534
    1379       1.9965
    1380       2.0119
    1381       2.1077
    1382       1.9955
    1383       1.9720
    1384       1.8522
    1385       1.7624
    1386       2.0849
    1387       2.1762
    1388       2.0603
    1389       1.9795
    1390       2.0771
    1391       2.1710
    1392       1.8667
    1393       1.9550
    1394       1.9342
    1395       2.0973
    1396       1.8877
    1397       1.9274
    1398       2.0629
    1399       1.9756
    1400       2.1129
    1401       2.1505
    1402       2.1729
    1403       2.2689
    1404       2.3528
    1405       2.3901
    1406       2.4177
    1407       2.1890
    1408       2.0722
    1409       2.1093
    1410       2.1687
    1411       2.1139
    1412       2.0035
    1413       1.9458
    1414       2.0808
    1415       2.0554
    1416       1.9019
    1417       1.6807
    1418       1.7812
    1419       2.1565
    1420       2.0979
    1421       2.1707
    1422       2.0812
    1423       2.1972
    1424       2.1667
    1425       2.1550
    1426       2.1481
    1427       2.2835
    1428       2.3159
    1429       2.1562
    1430       1.9689
    1431       2.1016
    1432       2.1215
    1433       2.1354
    1434       2.0494
    1435       1.9741
    1436       1.9886
    1437       2.0727
    1438       2.0962
    1439       2.0383
    1440       2.2057
    1441       2.1392
    1442       2.1117
    1443       1.9693
    1444       2.0528
    1445       2.1273
    1446       1.9764
    1447       2.0643
    1448       1.7867
    1449       1.8058
    1450       1.7858
    1451       1.6999
    1452       1.8412
    1453       1.7322
    1454       1.7793
    1455       1.8330
    1456       2.0559
    1457       2.0332
    1458       1.8707
    1459       1.8161
    1460       1.7825
    1461       1.7417
    1462       1.8045
    1463       2.0270
    1464       1.9242
    1465       1.9708
    1466       2.0197
    1467       1.8735
    1468       1.8574
    1469       1.7846
    1470       1.7567
    1471       1.8453
    1472       1.9900
    1473       2.0139
    1474       2.1846
    1475       1.8087
    1476       1.9058
    1477       1.7318
    1478       1.7461
    1479       1.8232
    1480       1.8022
    1481       1.7273
    1482       1.6984
    1483       1.7030
    1484       1.8226
    1485       1.8150
    1486       1.8233
    1487       1.7434
    1488       1.7830
    1489       1.6609
    1490       1.3729
    1491       1.5345
    1492       1.6393
    1493       1.7010
    1494       1.7161
    1495       1.7611
    1496       1.8433
    1497       1.7470
    1498       1.8226
    1499       1.8710
    1500       1.9160
    1501       1.9378
    1502       1.6512
    1503       1.5926
    1504       1.7261
    1505       1.8906
    1506       1.7178
    1507       1.7126
    1508       1.8226
    1509       1.7889
    1510       1.6444
    1511       1.7999
    1512       1.6664
    1513       1.6725
    1514       1.6142
    1515       1.7352
    1516       1.9207
    1517       1.6801
    1518       1.7195
    1519       1.6372
    1520       1.5154
    1521       1.6207
    1522       1.8507
    1523       1.7791
    1524       1.6470
    1525       1.6198
    1526       1.5935
    1527       1.6539
    1528       1.5572
    1529       1.6875
    1530       1.7447
    1531       1.8164
    1532       1.7598
    1533       1.9083
    1534       1.8589
    1535       2.0462
    1536       2.0236
    1537       2.0946
    1538       2.2042
    1539       2.2002
    1540       1.9815
    1541       1.9740
    1542       1.7605
    1543       1.8129
    1544       1.8001
    1545       1.8971
    1546       1.8279
    1547       1.9200
    1548       1.8725
    1549       1.9211
    1550       1.8832
    1551       1.8739
    1552       1.9619
    1553       2.0374
    1554       1.8634
    1555       1.7783
    1556       1.7669
    1557       1.9399
    1558       1.8256
    1559       1.7115
    1560       1.6672
    1561       1.6507
    1562       1.6558
    1563       1.5922
    1564       1.6031
    1565       1.6886
    1566       1.8059
    1567       1.6873
    1568       1.7757
    1569       1.7258
    1570       1.6611
    1571       1.6178
    1572       1.4365
    1573       1.5867
    1574       1.5607
    1575       1.6534
    1576       1.5990
    1577       1.6315
    1578       1.8512
    1579       1.7444
    1580       1.8320
    1581       1.7459
    1582       1.6711
    1583       1.8312
    1584       1.6479
    1585       1.6894
    1586       1.6682
    1587       1.7259
    1588       1.8471
    1589       1.9682
    1590       1.9174
    1591       1.9183
    1592       2.2744
    1593       2.3046
    1594       2.2411
    1595       2.3190
    1596       1.8715
    1597       2.1129
    1598       2.1190
    1599       1.9750
    1600       1.8962
    1601       1.8847
    1602       1.9145
    1603       1.7614
    1604       1.6457
    1605       1.9149
    1606       1.8964
    1607       1.8218
    1608       1.6443
    1609       1.6608
    1610       1.5583
    1611       1.5418
    1612       1.7651
    1613       1.8553
    1614       1.9575
    1615       1.9711
    1616       1.8547
    1617       1.7666
    1618       1.8301
    1619       1.7501
    1620       1.8503
    1621       1.7768
    1622       1.8017
    1623       1.7441
    1624       2.0552
    1625       2.1263
    1626       1.8635
    1627       1.8697
    1628       1.9708
    1629       2.2347
    1630       2.1078
    1631       2.1322
    1632       2.1920
    1633       2.1604
    1634       2.2165
    1635       2.2734
    1636       1.8999
    1637       2.3164
    1638       2.0823
    1639       1.9776
    1640       2.0060
    1641       1.9686
    1642       1.9606
    1643       1.9043
    1644       1.8819
    1645       1.9044
    1646       1.8702
    1647       1.7693
    1648       1.7669
    1649       1.6691
    1650       1.8243
    1651       1.7973
    1652       1.7857
    1653       1.6753
    1654       1.7823
    1655       1.8911
    1656       1.8266
    1657       1.8530
    1658       1.9505
    1659       1.8384
    1660       1.9295
    1661       1.7283
    1662       1.6609
    1663       1.7135
    1664       1.8458
    1665       1.8261
    1666       1.7612
    1667       1.8015
    1668       2.0056
    1669       1.8284
    1670       1.9539
    1671       2.0643
    1672       2.1533
    1673       2.0287
    1674       1.8167
    1675       1.8477
    1676       1.8682
    1677       1.9799
    1678       2.0039
    1679       1.9542
    1680       1.8631
    1681       1.9004
    1682       1.7607
    1683       1.8180
    1684       1.7850
    1685       1.7886
    1686       1.8348
    1687       1.7477
    1688       1.6724
    1689       1.9342
    1690       1.9539
    1691       1.8594
    1692       1.9004
    1693       1.9720
    1694       2.0311
    1695       1.9301
    1696       1.7808
    1697       1.6839
    1698       1.5384
    1699       1.4258
    1700       1.5807
    1701       1.6429
    1702       1.7107
    1703       1.6216
    1704       1.5142
    1705       1.5833
    1706       1.4484
    1707       1.5797
    1708       1.5268
    1709       1.6242
    1710       1.6477
    1711       1.4637
    1712       1.5499
    1713       1.5075
    1714       1.5035
    1715       1.6596
    1716       1.7318
    1717       1.6781
    1718       1.7065
    1719       1.7247
    1720       1.7480
    1721       1.7532
    1722       1.8144
    1723       1.8089
    1724       1.8943
    1725       1.7592
    1726       1.7901
    1727       1.9835
    1728       1.8286
    1729       1.8329
    1730       1.8274
    1731       1.8081
    1732       1.6361
    1733       1.7476
    1734       1.6330
    1735       1.7186
    1736       1.6885
    1737       1.7080
    1738       1.8073
    1739       1.8343
    1740       1.6061
    1741       1.7387
    1742       1.6085
    1743       1.8226
    1744       1.7830
    1745       1.7381
    1746       1.6375
    1747       1.5075
    1748       1.9339
    1749       1.9185
    1750       1.8420
    1751       1.8636
    1752       1.8363
    1753       1.8964
    1754       1.8549
    1755       1.7341
    1756       1.7662
    1757       1.9036
    1758       2.0479
    1759       2.0764
    1760       1.8453
    1761       1.6900
    1762       1.8127
    1763       1.8611
    1764       1.8794
    1765       1.7886
    1766       1.7356
    1767       1.9252
    1768       1.7177
    1769       1.7602
    1770       1.8113
    1771       1.9187
    1772       2.0120
    1773       1.8080
    1774       1.8054
    1775       1.7329
    1776       1.7073
    1777       2.0049
    1778       1.9477
    1779       1.7387
    1780       1.8776
    1781       1.7790
    1782       1.9205
    1783       1.8564
    1784       1.9541
    1785       2.0517
    1786       1.9396
    1787       1.7232
    1788       1.5857
    1789       1.5657
    1790       1.8535
    1791       1.6261
    1792       1.7366
    1793       1.4870
    1794       1.8015
    1795       1.7844
    1796       1.6890
    1797       1.7693
    1798       1.6929
    1799       1.7275
    1800       1.7141
    1801       1.6337
    1802       1.8754
    1803       1.9330
    1804       2.0249
    1805       1.9514
    1806       1.8920
    1807       1.8998
    1808       2.0038
    1809       1.8814
    1810       1.8664
    1811       1.8808
    1812       1.8085
    1813       1.6766
    1814       2.0214
    1815       1.9979
    1816       2.0638
    1817       2.0078
    1818       1.9928
    1819       1.9578
    1820       1.9086
    1821       1.8942
    1822       1.8707
    1823       1.9476
    1824       2.0331
    1825       1.8562
    1826       1.7891
    1827       1.6938
    1828       1.7699
    1829       1.8291
    1830       1.6262
    1831       1.6460
    1832       1.6527
    1833       1.5775
    1834       1.6409
    1835       1.7965
    1836       1.8213
    1837       1.9453
    1838       1.9486
    1839       2.0021
    1840       2.0762
    1841       2.0918
    1842       2.1173
    1843       2.1245
    1844       1.9934
    1845       1.8827
    1846       2.0374
    1847       2.0238
    1848       1.9453
    1849       1.8309
    1850       1.8451
    1851       1.7735
    1852       1.6954
    1853       1.7586
    1854       1.8934
    1855       1.8371
    1856       1.6147
    1857       1.7216
    1858       1.7162
    1859       1.6990
    1860       1.7217
    1861       1.8741
    1862       1.6375
    1863       1.6892
    1864       1.8157
    1865       1.9605
    1866       1.9893
    1867       2.0274
    1868       1.9453
    1869       2.0601
    1870       2.0888
    1871       2.0846
    1872       2.1463
    1873       1.9385
    1874       1.9796
    1875       1.7719
    1876       1.9003
    1877       1.8280
    1878       1.7594
    1879       1.9112
    1880       1.8125
    1881       1.7155
    1882       1.8694
    1883       1.9318
    1884       1.9307
    1885       1.8045
    1886       1.8770
    1887       1.7708
    1888       1.6206
    1889       1.7802
    1890       1.7651
    1891       1.7097
    1892       1.7934
    1893       1.8201
    1894       1.9811
    1895       1.9799
    1896       1.9010
    1897       2.0284
    1898       2.1054
    1899       1.8482
    1900       1.9100
    1901       1.8341
    1902       2.0273
    1903       2.1296
    1904       1.9901
    1905       1.8850
    1906       1.7940
    1907       1.6884
    1908       1.6910
    1909       1.5395
    1910       1.3783
    1911       1.5159
    1912       1.7114
    1913       1.6423
    1914       1.5638
    1915       1.6695
    1916       1.7659
    1917       1.8117
    1918       1.7776
    1919       1.8143
    1920       1.8724
    1921       2.0105
    1922       2.1385
    1923       2.1015
    1924       1.9070
    1925       1.8750
    1926       2.0381
    1927       1.8440
    1928       1.8831
    1929       1.8345
    1930       1.8492
    1931       2.0742
    1932       1.8060
    1933       1.8841
    1934       2.0396
    1935       2.1211
    1936       1.9499
    1937       1.8600
    1938       1.9733
    1939       2.0776
    1940       1.9680
    1941       2.2278
    1942       2.2424
    1943       2.3659
    1944       2.3355
    1945       2.1949
    1946       1.9852
    1947       2.0425
    1948       2.1961
    1949       2.2546
    1950       2.2120
    1951       2.2665
    1952       2.3531
    1953       2.1519
    1954       2.0335
    1955       2.1899
    1956       2.3059
    1957       2.5440
    1958       2.3260
    1959       2.4205
    1960       2.4338
    1961       2.4715
    1962       2.2139
    1963       2.4500
    1964       2.3684
    1965       2.6586
    1966       2.5112
    1967       2.5015
    1968       2.5152
    1969       2.4667
    1970       2.3306
    1971       2.1981
    1972       1.9486
    1973       1.9538
    1974       1.8803
    1975       1.7948
    1976       1.7385
    1977       1.7043
    1978       1.7014
    1979       1.6078
    1980       1.6826
    1981       1.6095
    1982       1.6505
    1983       1.6043
    1984       1.7122
    1985       1.7388
    1986       1.6468
    1987       1.6289
    1988       1.6765
    1989       1.6962
    1990       1.8961
    1991       1.7291
    1992       1.6315
    1993       1.7215
    1994       1.6953
    1995       1.6380
    1996       1.5666
    1997       1.6027
    1998       1.6519
    1999       1.7419
    2000       1.9070
    2001       1.9103
    2002       1.9886
    2003       2.0494
    2004       1.8957
    2005       1.8630
    2006       1.6749
    2007       1.5522
    2008       1.6729
    2009       1.5013
    2010       1.5125
    2011       1.3938
    2012       1.4269
    2013       1.4294
    2014       1.5755
    2015       1.5118
    2016       1.5133
    2017       1.5394
    2018       1.6996
    2019       1.5601
    2020       1.6471
    2021       1.6638
    2022       1.5818
    2023       1.5569
    2024       1.6579
    2025       1.6136
    2026       1.4193
    2027       1.5694
    2028       1.5453
    2029       1.6302
    2030       1.6536
    2031       1.6416
    2032       1.7591
    2033       1.8364
    2034       1.6762
    2035       1.6672
    2036       1.8424
    2037       2.0170
    2038       1.9395
    2039       1.8654
    2040       1.9153
    2041       1.8716
    2042       2.0438
    2043       2.0308
    2044       1.9918
    2045       2.0956
    2046       2.1406
    2047       2.2507
    2048       2.1588
    2049       2.2727
    2050       2.3146
    2051       2.2197
    2052       2.0541
    2053       2.2558
    2054       2.2555
    2055       2.2372
    2056       2.1245
    2057       2.0635
    2058       1.9836
    2059       1.9278
    2060       1.8512
    2061       1.8124
    2062       1.7855
    2063       1.4942
    2064       1.5656
    2065       1.6291
    2066       1.6446
    2067       1.6215
    2068       1.4302
    2069       1.5048
    2070       1.6643
    2071       1.7909
    2072       1.7610
    2073       1.7114
    2074       1.8145
    2075       1.8061
    2076       1.8798
    2077       1.8268
    2078       1.6863
    2079       1.5658
    2080       1.5320
    2081       1.6816
    2082       1.7027
    2083       1.6541
    2084       1.7538
    2085       1.8140
    2086       1.8483
    2087       1.7469
    2088       1.8582
    2089       1.9009
    2090       1.8260
    2091       1.8546
    2092       1.9585
    2093       2.0385
    2094       2.0723
    2095       2.0821
    2096       2.0475
    2097       1.8659
    2098       1.8469
    2099       1.7890
    2100       1.6723
    2101       1.8046
    2102       1.7627
    2103       1.7039
    2104       1.7970
    2105       1.9205
    2106       1.9113
    2107       2.0804
    2108       1.9688
    2109       1.9049
    2110       1.8968
    2111       1.7415
    2112       1.8190
    2113       1.7132
    2114       1.7255
    2115       1.7813
    2116       1.6553
    2117       1.6467
    2118       1.6170
    2119       1.6825
    2120       1.6933
    2121       1.6197
    2122       1.7040
    2123       1.6581
    2124       1.7649
    2125       1.5771
    2126       1.8422
    2127       1.8618
    2128       1.9031
    2129       1.8004
    2130       1.7889
    2131       1.6879
    2132       1.7989
    2133       1.7986
    2134       1.7998
    2135       1.8801
    2136       1.6534
    2137       1.7702
    2138       1.7425
    2139       1.9500
    2140       2.0187
    2141       1.8975
    2142       1.8483
    2143       1.8983
    2144       1.7665
    2145       1.8583
    2146       1.7586
    2147       1.6449
    2148       1.8990
    2149       1.8804
    2150       1.8463
    2151       1.8454
    2152       1.7657
    2153       1.7532
    2154       1.8740
    2155       2.0649
    2156       2.0220
    2157       1.7128
    2158       1.8057
    2159       1.7629
    2160       1.6423
    2161       1.6799
    2162       1.8284
    2163       2.0188
    2164       1.8606
    2165       1.9073
    2166       1.7143
    2167       1.8351
    2168       1.7802
    2169       1.6986
    2170       1.7636
    2171       1.6358
    2172       1.7709
    2173       1.6865
    2174       1.7323
    2175       1.7810
    2176       1.8170
    2177       1.8209
    2178       1.7521
    2179       1.8096
    2180       1.6887
    2181       1.8975
    2182       2.0067
    2183       2.0881
    2184       1.9958
    2185       1.9152
    2186       1.8546
    2187       1.9515
    2188       1.8966
    2189       1.6884
    2190       1.9591
    2191       2.1397
    2192       2.0533
    2193       2.1015
    2194       2.0611
    2195       1.9652
    2196       2.0836
    2197       1.8965
    2198       1.7860
    2199       2.0536
    2200       2.1751
    2201       2.0618
    2202       1.9476
    2203       1.9193
    2204       1.8333
    2205       1.8442
    2206       1.8438
    2207       1.6941
    2208       1.7239
    2209       1.8213
    2210       1.7790
    2211       1.9033
    2212       1.8086
    2213       1.8990
    2214       1.9454
    2215       2.1142
    2216       2.2506
    2217       1.9379
    2218       2.0123
    2219       2.0936
    2220       2.1295
    2221       2.0371
    2222       2.2389
    2223       2.1267
    2224       2.2332
    2225       2.1961
    2226       2.4953
    2227       2.5295
    2228       2.4944
    2229       2.5245
    2230       2.3283
    2231       2.5361
    2232       2.4921
    2233       2.5894
    2234       2.3180
    2235       2.4346
    2236       2.3075
    2237       2.3110
    2238       2.3735
    2239       2.3494
    2240       2.2320
    2241       2.1731
    2242       1.9783
    2243       2.1286
    2244       2.1776
    2245       2.4657
    2246       2.3055
    2247       2.5014
    2248       2.3940
    2249       2.4347
    2250       2.3726
    2251       2.3167
    2252       2.4478
    2253       2.5128
    2254       2.6249
    2255       2.6012
    2256       2.4972
    2257       2.3046
    2258       2.2848
    2259       2.2597
    2260       2.2827
    2261       2.2487
    2262       2.2857
    2263       2.1041
    2264       1.9892
    2265       2.0903
    2266       2.1537
    2267       2.2875
    2268       2.3322
    2269       2.0981
    2270       2.0026
    2271       2.1360
    2272       2.1364
    2273       2.1695
    2274       2.0254
    2275       1.9627
    2276       1.9999
    2277       1.8773
    2278       1.9568
    2279       1.9147
    2280       1.9417
    2281       1.9198
    2282       1.7950
    2283       1.8414
    2284       1.7030
    2285       1.6069
    2286       1.7226
    2287       1.6912
    2288       1.6496
    2289       1.6658
    2290       1.7144
    2291       1.7386
    2292       1.8716
    2293       1.8172
    2294       1.7289
    2295       1.8184
    2296       1.8693
    2297       1.8643
    2298       1.7818
    2299       1.7894
    2300       1.7347
    2301       1.7257
    2302       1.6457
    2303       1.6523
    2304       1.9365
    2305       1.8270
    2306       1.7013
    2307       1.7316
    2308       1.8020
    2309       1.6598
    2310       1.5169
    2311       1.4448
    2312       1.5372
    2313       1.4268
    2314       1.4864
    2315       1.5413
    2316       1.5552
    2317       1.3827
    2318       1.5626
    2319       1.5752
    2320       1.5032
    2321       1.3382
    2322       1.5060
    2323       1.4824
    2324       1.4771
    2325       1.3640
    2326       1.3879
    2327       1.5030
    2328       1.6115
    2329       1.5909
    2330       1.6338
    2331       1.5482
    2332       1.4811
    2333       1.7207
    2334       1.8105
    2335       1.7592
    2336       1.8609
    2337       1.8091
    2338       1.7870
    2339       1.7475
    2340       1.7172
    2341       1.7246
    2342       1.8327
    2343       2.0142
    2344       1.9374
    2345       1.8617
    2346       1.7795
    2347       1.7905
    2348       1.8364
    2349       1.7740
    2350       1.6773
    2351       1.8805
    2352       1.9894
    2353       1.8410
    2354       1.9230
    2355       1.9741
    2356       1.8245
    2357       1.8779
    2358       1.8002
    2359       1.7163
    2360       1.7972
    2361       1.9234
    2362       1.9167
    2363       1.9332
    2364       2.0234
    2365       2.0032
    2366       1.8255
    2367       1.9004
    2368       1.7793
    2369       1.8856
    2370       1.9404
    2371       2.1091
    2372       1.8616
    2373       1.9239
    2374       2.0479
    2375       1.9438
    2376       1.9398
    2377       1.9270
    2378       1.9606
    2379       1.6561
    2380       1.7111
    2381       1.6912
    2382       1.7860
    2383       1.7647
    2384       1.8376
    2385       1.8264
    2386       1.7097
    2387       1.7804
    2388       1.6813
    2389       1.7577
    2390       1.6785
    2391       1.8466
    2392       1.8146
    2393       1.7381
    2394       1.8232
    2395       1.6127
    2396       1.8777
    2397       1.7713
    2398       1.7485
    2399       1.8697
    2400       1.8794
    2401       1.6635
    2402       1.8083
    2403       2.0430
    2404       2.2258
    2405       2.0157
    2406       1.9876
    2407       1.9517
    2408       1.9868
    2409       1.7221
    2410       1.5430
    2411       1.5814
    2412       1.5686
    2413       1.6441
    2414       1.4602
    2415       1.4759
    2416       1.5882
    2417       1.6789
    2418       1.7237
    2419       1.6290
    2420       1.5797
    2421       1.6251
    2422       1.5764
    2423       1.6525
    2424       1.6758
    2425       1.7760
    2426       1.8484
    2427       1.6470
    2428       1.5120
    2429       1.4825
    2430       1.4627
    2431       1.5406
    2432       1.5847
    2433       1.4233
    2434       1.4594
    2435       1.5454
    2436       1.5567
    2437       1.6081
    2438       1.6573
    2439       1.5852
    2440       1.6429
    2441       1.8505
    2442       1.9313
    2443       1.8980
    2444       1.7299
    2445       1.7648
    2446       1.8245
    2447       1.8443
    2448       1.8280
    2449       1.7608
    2450       1.6992
    2451       1.8604
    2452       1.7870
    2453       1.7386
    2454       1.7010
    2455       1.6686
    2456       1.6486
    2457       1.6245
    2458       1.6003
    2459       1.7200
    2460       1.8217
    2461       1.8749
    2462       1.7474
    2463       2.0408
    2464       2.1193
    2465       1.9937
    2466       2.0254
    2467       1.9396
    2468       1.7579
    2469       1.7238
    2470       1.5422
    2471       1.4656
    2472       1.4233
    2473       1.5051
    2474       1.4763
    2475       1.4216
    2476       1.5035
    2477       1.5416
    2478       1.6171
    2479       1.6440
    2480       1.7130
    2481       1.8393
    2482       1.9173
    2483       1.7007
    2484       1.5208
    2485       1.6264
    2486       1.5145
    2487       1.4625
    2488       1.6994
    2489       1.4585
    2490       1.4123
    2491       1.6715
    2492       1.6578
    2493       1.6660
    2494       1.7508
    2495       1.6938
    2496       1.6670
    2497       1.5713
    2498       1.4750
    2499       1.5223
    2500       1.6471
    2501       1.6037
    2502       1.7336
    2503       1.7407
    2504       1.6266
    2505       1.6503
    2506       1.8233
    2507       1.7252
    2508       1.7193
    2509       1.8668
    2510       1.8275
    2511       1.8160
    2512       1.8752
    2513       1.8154
    2514       1.6454
    2515       1.5422
    2516       1.5789
    2517       1.6046
    2518       1.5645
    2519       1.7609
    2520       1.6439
    2521       1.7050
    2522       1.5824
    2523       1.5471
    2524       1.4213
    2525       1.5760
    2526       1.5024
    2527       1.4891
    2528       1.5220
    2529       1.5501
    2530       1.4541
    2531       1.4875
    2532       1.5959
    2533       1.7098
    2534       1.6487
    2535       1.7099
    2536       1.6842
    2537       1.6837
    2538       1.5825
    2539       1.5263
    2540       1.4516
    2541       1.5960
    2542       1.6197
    2543       1.5392
    2544       1.5459
    2545       1.5488
    2546       1.5692
    2547       1.5448
    2548       1.6115
    2549       1.7086
    2550       1.6559
    2551       1.6679
    2552       1.6779
    2553       1.6601
    2554       1.6445
    2555       1.5959
    2556       1.5256
    2557       1.4037
    2558       1.4867
    2559       1.6368
    2560       1.5061
    2561       1.7054
    2562       1.6760
    2563       1.7524
    2564       1.7935
    2565       1.6787
    2566       1.7384
    2567       1.5594
    2568       1.4726
    2569       1.4935
    2570       1.5147
    2571       1.5230
    2572       1.5400
    2573       1.6210
    2574       1.6002
    2575       1.6881
    2576       1.6262
    2577       1.7762
    2578       1.7997
    2579       1.9749
    2580       1.9517
    2581       1.9080
    2582       1.9879
    2583       1.9295
    2584       1.9691
    2585       1.9751
    2586       2.1278
    2587       2.0018
    2588       2.0719
    2589       2.0565
    2590       1.9758
    2591       2.1264
    2592       2.1497
    2593       2.1902
    2594       1.9405
    2595       1.9664
    2596       2.1688
    2597       2.0069
    2598       1.6328
    2599       1.8499
    2600       1.7106
    2601       1.5957
    2602       1.6036
    2603       1.6847
    2604       1.5935
    2605       1.5687
    2606       1.4783
    2607       1.6483
    2608       1.6639
    2609       1.6339
    2610       1.7107
    2611       1.8322
    2612       1.8004
    2613       1.8604
    2614       2.0613
    2615       1.8813
    2616       1.7917
    2617       1.6606
    2618       1.6086
    2619       1.6063
    2620       1.6034
    2621       1.6010
    2622       1.4883
    2623       1.6907
    2624       1.7904
    2625       1.7043
    2626       1.6277
    2627       1.6176
    2628       1.7110
    2629       1.8800
    2630       1.6437
    2631       1.6074
    2632       1.7035
    2633       1.8114
    2634       1.8178
    2635       1.7056
    2636       1.8158
    2637       2.0643
    2638       2.0783
    2639       2.1386
    2640       2.0011
    2641       1.9395
    2642       2.0026
    2643       1.9022
    2644       2.0008
    2645       1.8961
    2646       2.1427
    2647       2.0370
    2648       2.0927
    2649       2.2983
    2650       2.3581
    2651       2.1217
    2652       1.9898
    2653       1.9066
    2654       1.8634
    2655       1.8965
    2656       1.9458
    2657       2.0227
    2658       2.1165
    2659       2.0097
    2660       1.9374
    2661       1.7897
    2662       1.7754
    2663       1.8904
    2664       1.8105
    2665       1.7667
    2666       1.8045
    2667       1.7181
    2668       1.7245
    2669       1.6666
    2670       1.7225
    2671       1.6994
    2672       1.8508
    2673       1.7949
    2674       1.6390
    2675       1.5999
    2676       1.6720
    2677       1.6974
    2678       1.5974
    2679       1.8211
    2680       1.8302
    2681       1.7642
    2682       1.6896
    2683       1.7980
    2684       1.7928
    2685       1.8415
    2686       1.8371
    2687       1.7215
    2688       1.7161
    2689       1.7163
    2690       1.7342
    2691       1.7458
    2692       1.9812
    2693       2.2582
    2694       2.1875
    2695       2.0535
    2696       1.9837
    2697       1.8781
    2698       1.9521
    2699       1.8234
    2700       1.6976
    2701       1.8020
    2702       1.9118
    2703       1.9170
    2704       1.9239
    2705       1.7545
    2706       1.8298
    2707       1.7892
    2708       1.6699
    2709       1.6774
    2710       1.8960
    2711       2.1033
    2712       2.2746
    2713       2.1597
    2714       2.0778
    2715       1.7201
    2716       1.8954
    2717       1.8895
    2718       2.1345
    2719       2.1369
    2720       1.9961
    2721       1.8373
    2722       1.9747
    2723       1.8477
    2724       1.7272
    2725       1.6020
    2726       1.5079
    2727       1.5092
    2728       1.6041
    2729       1.6232
    2730       1.6314
    2731       1.6708
    2732       1.8461
    2733       2.0013
    2734       1.9251
    2735       2.0028
    2736       2.2380
    2737       2.1693
    2738       2.1142
    2739       1.9238
    2740       2.1492
    2741       2.1741
    2742       2.0761
    2743       2.1052
    2744       2.0220
    2745       1.8810
    2746       1.7426
    2747       1.9255
    2748       1.9473
    2749       1.8856
    2750       1.9917
    2751       1.9562
    2752       1.9467
    2753       2.0646
    2754       2.0236
    2755       2.1573
    2756       1.9369
    2757       1.8311
    2758       2.0005
    2759       1.9582
    2760       1.8404
    2761       1.8439
    2762       1.9182
    2763       2.0352
    2764       1.8075
    2765       1.8754
    2766       2.0377
    2767       2.0426
    2768       2.0236
    2769       1.8478
    2770       1.8575
    2771       1.9703
    2772       1.9501
    2773       1.8905
    2774       1.9561
    2775       1.8215
    2776       1.6933
    2777       1.6109
    2778       1.6254
    2779       1.7288
    2780       1.8190
    2781       1.9009
    2782       2.0223
    2783       1.9129
    2784       1.9999
    2785       2.1696
    2786       2.1201
    2787       2.1269
    2788       2.0674
    2789       2.1711
    2790       2.0098
    2791       1.9989
    2792       1.9884
    2793       2.0484
    2794       2.0465
    2795       2.2120
    2796       2.0837
    2797       1.6665
    2798       1.5023
    2799       1.5065
    2800       1.5883
    2801       1.5338
    2802       1.5394
    2803       1.6956
    2804       1.6848
    2805       1.7058
    2806       1.6345
    2807       1.7671
    2808       1.8461
    2809       2.0520
    2810       1.9924
    2811       1.7077
    2812       1.9263
    2813       2.2001
    2814       2.2404
    2815       2.0408
    2816       2.0780
    2817       2.2988
    2818       2.2868
    2819       2.2579
    2820       2.0980
    2821       2.1520
    2822       2.2477
    2823       2.3019
    2824       2.1940
    2825       2.0012
    2826       1.9304
    2827       1.8627
    2828       2.0123
    2829       2.1820
    2830       2.2483
    2831       2.2372
    2832       2.1281
    2833       2.0215
    2834       2.0378
    2835       1.9294
    2836       1.9796
    2837       1.9566
    2838       2.0490
    2839       1.8037
    2840       1.8245
    2841       2.0865
    2842       2.1875
    2843       2.0214
    2844       1.7832
    2845       1.6712
    2846       1.6207
    2847       1.6046
    2848       1.5500
    2849       1.6192
    2850       1.5203
    2851       1.5592
    2852       1.6133
    2853       1.5869
    2854       1.5483
    2855       1.4889
    2856       1.5695
    2857       1.5049
    2858       1.6103
    2859       1.6599
    2860       1.5380
    2861       1.4976
    2862       1.4311
    2863       1.6057
    2864       1.7791
    2865       1.8280
    2866       1.9642
    2867       1.9964
    2868       1.9017
    2869       1.9582
    2870       1.8769
    2871       1.8459
    2872       1.7579
    2873       1.7678
    2874       1.7542
    2875       1.5999
    2876       1.5967
    2877       1.6959
    2878       1.7244
    2879       1.8081
    2880       1.7631
    2881       1.6820
    2882       1.7260
    2883       1.6766
    2884       1.6981
    2885       1.6653
    2886       1.6699
    2887       1.5609
    2888       1.6704
    2889       1.6253
    2890       1.4426
    2891       1.4180
    2892       1.5468
    2893       1.5182
    2894       1.5424
    2895       1.5111
    2896       1.6157
    2897       1.6889
    2898       1.6832
    2899       1.4629
    2900       1.5474
    2901       1.4264
    2902       1.6267
    2903       1.6999
    2904       1.6301
    2905       1.4720
    2906       1.4584
    2907       1.3579
    2908       1.4464
    2909       1.4808
    2910       1.4094
    2911       1.5238
    2912       1.5096
    2913       1.5868
    2914       1.5597
    2915       1.6925
    2916       1.5917
    2917       1.6408
    2918       1.7418
    2919       1.7141
    2920       1.6396
    2921       1.7911
    2922       1.8226
    2923       1.7008
    2924       1.8083
    2925       1.6808
    2926       1.7279
    2927       1.8534
    2928       1.9505
    2929       1.7166
    2930       1.6688
    2931       1.8957
    2932       2.0436
    2933       2.1382
    2934       1.8291
    2935       1.7011
    2936       1.6768
    2937       1.7259
    2938       1.8457
    2939       1.7784
    2940       1.8488
    2941       1.9126
    2942       2.0692
    2943       2.0141
    2944       1.9074
    2945       1.8692
    2946       1.9792
    2947       1.9604
    2948       1.9206
    2949       1.7662
    2950       1.7820
    2951       1.7976
    2952       1.9761
    2953       1.7765
    2954       1.5920
    2955       1.5430
    2956       1.5134
    2957       1.6948
    2958       1.6860
    2959       1.8713
    2960       2.0483
    2961       2.1547
    2962       2.0522
    2963       2.2471
    2964       2.1665
    2965       1.8423
    2966       1.7687
    2967       1.6498
    2968       1.6555
    2969       1.7259
    2970       1.7364
    2971       1.7696
    2972       1.6797
    2973       1.4908
    2974       1.6059
    2975       1.5220
    2976       1.7228
    2977       1.8348
    2978       2.0145
    2979       2.1695
    2980       2.0672
    2981       2.0861
    2982       2.3048
    2983       2.0809
    2984       2.2206
    2985       2.2754
    2986       2.1531
    2987       2.0557
    2988       2.1975
    2989       2.3857
    2990       2.1103
    2991       2.0645
    2992       2.0789
    2993       1.9151
    2994       1.7489
    2995       1.8433
    2996       1.7387
    2997       1.7749
    2998       1.5069
    2999       1.4822
    3000       1.4702
    3001       1.2705
    3002       1.4038
    3003       1.4694
    3004       1.4883
    3005       1.4313
    3006       1.4218
    3007       1.4092
    3008       1.4089
    3009       1.3921
    3010       1.5202
    3011       1.3324
    3012       1.4095
    3013       1.6077
    3014       1.6991
    3015       1.6147
    3016       1.6648
    3017       1.7471
    3018       1.8378
    3019       1.8710
    3020       1.7741
    3021       1.6907
    3022       1.6092
    3023       1.6851
    3024       1.5778
    3025       1.5925
    3026       1.6310
    3027       1.7754
    3028       1.8786
    3029       1.8171
    3030       2.0414
    3031       2.0538
    3032       2.0811
    3033       2.0096
    3034       1.8148
    3035       1.9914
    3036       2.1653
    3037       2.2734
    3038       2.3256
    3039       2.1489
    3040       1.8891
    3041       1.8157
    3042       1.5306
    3043       1.5944
    3044       1.5184
    3045       1.6534
    3046       1.5621
    3047       1.7438
    3048       1.7130
    3049       1.8224
    3050       1.6310
    3051       1.6703
    3052       1.6110
    3053       1.5818
    3054       1.4562
    3055       1.5831
    3056       1.4663
    3057       1.7807
    3058       1.7090
    3059       1.8564
    3060       1.6901
    3061       1.6552
    3062       1.7147
    3063       1.9038
    3064       1.9370
    3065       1.9940
    3066       2.0584
    3067       2.2824
    3068       1.9156
    3069       1.8211
    3070       1.9765
    3071       1.9276
    3072       1.9021
    3073       1.8034
    3074       1.8131
    3075       1.8424
    3076       1.8696
    3077       1.8733
    3078       1.8888
    3079       1.9283
    3080       1.9067
    3081       1.7994
    3082       1.7537
    3083       1.8632
    3084       1.7238
    3085       1.7039
    3086       1.7509
    3087       1.7444
    3088       1.6632
    3089       1.6320
    3090       1.6300
    3091       1.8019
    3092       1.7877
    3093       1.8697
    3094       2.0434
    3095       2.0713
    3096       2.0197
    3097       2.0902
    3098       2.1911
    3099       2.1038
    3100       2.2302
    3101       2.2353
    3102       1.9889
    3103       2.0163
    3104       2.1278
    3105       2.2070
    3106       2.0692
    3107       2.0373
    3108       2.0317
    3109       2.1136
    3110       2.0285
    3111       2.0925
    3112       2.1086
    3113       2.2213
    3114       2.0320
    3115       2.1418
    3116       2.2165
    3117       2.2190
    3118       2.0098
    3119       1.9317
    3120       1.7865
    3121       1.7660
    3122       1.7946
    3123       1.6547
    3124       1.6755
    3125       1.7593
    3126       1.6833
    3127       1.7524
    3128       1.9113
    3129       1.9097
    3130       1.7709
    3131       1.7930
    3132       1.6648
    3133       1.8704
    3134       1.9312
    3135       1.8217
    3136       1.8734
    3137       2.0245
    3138       1.9246
    3139       1.9382
    3140       1.8693
    3141       1.8520
    3142       1.9364
    3143       1.9683
    3144       1.8635
    3145       2.0081
    3146       2.1320
    3147       2.2772
    3148       2.1352
    3149       2.2223
    3150       2.0923
    3151       2.1687
    3152       2.1645
    3153       2.2529
    3154       2.2300
    3155       2.4518
    3156       2.3687
    3157       2.2007
    3158       2.2291
    3159       2.2116
    3160       2.1992
    3161       2.0589
    3162       2.0171
    3163       2.0306
    3164       1.7515
    3165       1.8009
    3166       1.8151
    3167       1.9819
    3168       1.8762
    3169       1.7218
    3170       1.7293
    3171       1.8118
    3172       1.6232
    3173       1.6014
    3174       1.5006
    3175       1.8469
    3176       1.6805
    3177       1.5998
    3178       1.4996
    3179       1.3252
    3180       1.5440
    3181       1.6323
    3182       1.6374
    3183       1.7426
    3184       1.7207
    3185       1.8939
    3186       1.6862
    3187       1.5590
    3188       1.6248
    3189       1.5349
    3190       1.5437
    3191       1.4965
    3192       1.5683
    3193       1.5636
    3194       1.5540
    3195       1.7208
    3196       1.7837
    3197       1.8039
    3198       1.8792
    3199       1.8857
    3200       1.8660
    3201       1.8748
    3202       1.8440
    3203       1.7724
    3204       1.9296
    3205       1.9288
    3206       1.9457
    3207       1.8898
    3208       2.0201
    3209       1.8855
    3210       1.9434
    3211       2.0413
    3212       2.1095
    3213       1.8966
    3214       2.0369
    3215       1.6953
    3216       1.6444
    3217       1.6216
    3218       1.5926
    3219       1.5718
    3220       1.4261
    3221       1.4269
    3222       1.4174
    3223       1.5033
    3224       1.5438
    3225       1.5163
    3226       1.6587
    3227       1.6305
    3228       1.6516
    3229       1.6706
    3230       1.5381
    3231       1.5082
    3232       1.4065
    3233       1.6145
    3234       1.6686
    3235       1.6549
    3236       1.7164
    3237       1.7033
    3238       1.7611
    3239       1.8871
    3240       1.7060
    3241       1.7339
    3242       1.6916
    3243       1.6854
    3244       1.7987
    3245       1.8557
    3246       1.7957
    3247       1.7679
    3248       1.8285
    3249       1.7131
    3250       1.6331
    3251       1.6113
    3252       1.6045
    3253       1.5667
    3254       1.5786
    3255       1.7392
    3256       1.8060
    3257       1.6353
    3258       1.7312
    3259       1.6747
    3260       1.6748
    3261       1.5528
    3262       1.5732
    3263       1.6407
    3264       1.5140
    3265       1.5268
    3266       1.5338
    3267       1.6472
    3268       1.7067
    3269       1.8607
    3270       1.8364
    3271       1.6366
    3272       1.6522
    3273       1.7577
    3274       1.8860
    3275       1.8225
    3276       2.0851
    3277       2.0730
    3278       2.0826
    3279       2.0978
    3280       1.9937
    3281       1.9831
    3282       1.9842
    3283       2.0402
    3284       1.9531
    3285       1.9061
    3286       1.9720
    3287       1.7966
    3288       1.6303
    3289       1.7309
    3290       1.6213
    3291       1.5488
    3292       1.6962
    3293       2.0232
    3294       2.0866
    3295       2.0502
    3296       2.0438
    3297       1.8709
    3298       1.8035
    3299       1.7098
    3300       1.7653
    3301       1.9101
    3302       2.1691
    3303       2.2841
    3304       2.0604
    3305       1.9495
    3306       2.1522
    3307       2.0733
    3308       1.9623
    3309       2.1173
    3310       2.0266
    3311       1.7951
    3312       1.8323
    3313       1.9054
    3314       1.9778
    3315       1.9922
    3316       2.0235
    3317       1.7548
    3318       1.8180
    3319       1.9297
    3320       1.7192
    3321       1.7670
    3322       1.8200
    3323       1.8519
    3324       1.9705
    3325       1.8581
    3326       1.9108
    3327       1.8728
    3328       1.8435
    3329       1.7012
    3330       1.8753
    3331       1.9581
    3332       1.9121
    3333       2.0411
    3334       2.0448
    3335       1.9726
    3336       1.9301
    3337       1.9031
    3338       1.9251
    3339       1.9532
    3340       1.8959
    3341       1.9356
    3342       1.8912
    3343       1.8838
    3344       1.9304
    3345       2.0063
    3346       1.8539
    3347       1.8256
    3348       1.8132
    3349       1.7514
    3350       1.7005
    3351       1.6900
    3352       1.7098
    3353       1.7906
    3354       1.7794
    3355       1.8233
    3356       1.9098
    3357       1.8595
    3358       2.0045
    3359       1.8372
    3360       1.8581
    3361       1.9125
    3362       2.1292
    3363       1.9332
    3364       2.0013
    3365       2.1683
    3366       2.0494
    3367       1.9494
    3368       1.7496
    3369       1.7183
    3370       1.8783
    3371       1.8204
    3372       1.7137
    3373       1.7186
    3374       1.7713
    3375       1.9375
    3376       1.7243
    3377       1.9130
    3378       2.0891
    3379       1.9456
    3380       1.9003
    3381       1.7588
    3382       1.6485
    3383       1.7789
    3384       1.7855
    3385       1.9271
    3386       1.8832
    3387       1.9762
    3388       1.7116
    3389       1.8187
    3390       1.8341
    3391       1.8903
    3392       1.8908
    3393       1.8688
    3394       1.9625
    3395       1.8674
    3396       1.7721
    3397       1.7195
    3398       1.8554
    3399       1.8574
    3400       1.7173
    3401       1.8778
    3402       1.8533
    3403       2.0626
    3404       1.9949
    3405       1.7413
    3406       1.7338
    3407       1.6780
    3408       1.5132
    3409       1.6203
    3410       1.6976
    3411       1.5883
    3412       1.7634
    3413       1.8264
    3414       2.1025
    3415       1.7928
    3416       1.8112
    3417       1.7458
    3418       1.7981
    3419       1.7038
    3420       1.4862
    3421       1.6060
    3422       1.5478
    3423       1.5707
    3424       1.7144
    3425       1.5936
    3426       1.8206
    3427       1.8385
    3428       1.7832
    3429       1.9654
    3430       1.7593
    3431       1.9180
    3432       2.0016
    3433       2.0778
    3434       2.0124
    3435       2.1473
    3436       2.0978
    3437       2.3023
    3438       2.0643
    3439       2.0977
    3440       2.0654
    3441       1.8848
    3442       1.8538
    3443       1.8056
    3444       2.0598
    3445       2.0425
    3446       1.8890
    3447       1.7139
    3448       1.8132
    3449       2.0167
    3450       2.0925
    3451       1.8200
    3452       1.7742
    3453       1.8844
    3454       1.9041
    3455       1.9080
    3456       1.9942
    3457       1.8859
    3458       1.9713
    3459       2.3359
    3460       2.2284
    3461       2.0220
    3462       1.7252
    3463       1.7959
    3464       1.8920
    3465       1.7636
    3466       1.7259
    3467       1.5373
    3468       1.6137
    3469       1.7606
    3470       1.6860
    3471       1.8013
    3472       1.8901
    3473       1.9553
    3474       1.8083
    3475       1.8107
    3476       1.7955
    3477       1.7614
    3478       1.6306
    3479       1.6496
    3480       1.5803
    3481       1.4752
    3482       1.6820
    3483       1.8191
    3484       1.7955
    3485       1.5637
    3486       1.7299
    3487       1.7515
    3488       1.6643
    3489       1.5079
    3490       1.6603
    3491       1.5755
    3492       1.6806
    3493       1.7339
    3494       1.8251
    3495       1.7829
    3496       1.8045
    3497       1.9892
    3498       2.0882
    3499       1.9910
    3500       1.9376
    3501       2.0194
    3502       1.9778
    3503       2.0222
    3504       2.0003
    3505       1.7746
    3506       1.8723
    3507       1.8405
    3508       2.0565
    3509       2.1240
    3510       2.0609
    3511       2.1561
    3512       2.1241
    3513       1.9332
    3514       1.9696
    3515       2.0393
    3516       2.0621
    3517       1.9614
    3518       2.0427
    3519       1.8639
    3520       2.1706
    3521       1.9791
    3522       2.0080
    3523       1.6477
    3524       1.5786
    3525       1.6491
    3526       1.7904
    3527       1.8355
    3528       1.8688
    3529       2.0879
    3530       2.2258
    3531       2.1830
    3532       1.9944
    3533       1.9909
    3534       2.1143
    3535       2.3156
    3536       2.1657
    3537       2.1359
    3538       2.0955
    3539       1.9531
    3540       1.9588
    3541       2.0116
    3542       2.2098
    3543       2.2894
    3544       2.0591
    3545       2.1838
    3546       2.0427
    3547       2.0117
    3548       1.9683
    3549       2.1486
    3550       2.0851
    3551       2.3963
    3552       2.1927
    3553       2.2305
    3554       2.2788
    3555       1.9971
    3556       1.9436
    3557       1.8178
    3558       1.8260
    3559       1.9149
    3560       2.0423
    3561       1.8638
    3562       1.9238
    3563       1.8845
    3564       1.8684
    3565       1.9466
    3566       1.8367
    3567       1.9626
    3568       2.0587
    3569       2.0845
    3570       1.9987
    3571       2.0465
    3572       2.0426
    3573       1.9136
    3574       1.9158
    3575       1.7754
    3576       1.6787
    3577       1.5996
    3578       1.8269
    3579       1.8290
    3580       1.9062
    3581       1.9232
    3582       1.9507
    3583       1.8276
    3584       1.7821
    3585       1.8477
    3586       1.8439
    3587       1.7935
    3588       1.7928
    3589       1.6962
    3590       1.9686
    3591       1.8880
    3592       1.8382
    3593       1.8155
    3594       1.7903
    3595       1.7877
    3596       1.9284
    3597       2.1027
    3598       2.0909
    3599       2.0203
    3600       2.0636
    3601       1.8719
    3602       1.9545
    3603       1.8997
    3604       1.9056
    3605       1.8696
    3606       1.9003
    3607       1.9909
    3608       1.8392
    3609       1.7371
    3610       1.7979
    3611       1.7083
    3612       2.1182
    3613       1.9784
    3614       2.0303
    3615       2.1036
    3616       1.9385
    3617       1.9257
    3618       1.8448
    3619       1.6557
    3620       1.6400
    3621       1.7138
    3622       1.8831
    3623       2.0866
    3624       1.9465
    3625       1.8592
    3626       1.7655
    3627       1.7765
    3628       2.0469
    3629       2.1890
    3630       2.2877
    3631       2.3098
    3632       2.3118
    3633       2.3552
    3634       2.0066
    3635       2.0597
    3636       1.8689
    3637       1.9414
    3638       1.7805
    3639       1.7080
    3640       1.7871
    3641       1.8874
    3642       1.9344
    3643       1.9496
    3644       1.9977
    3645       1.9393
    3646       1.8987
    3647       1.7835
    3648       1.7756
    3649       1.8751
    3650       1.7185
    3651       1.7190
    3652       1.9135
    3653       1.8403
    3654       1.8858
    3655       1.8386
    3656       2.0643
    3657       2.2068
    3658       2.1571
    3659       2.2450
    3660       2.1902
    3661       2.1270
    3662       2.0065
    3663       1.9905
    3664       1.9771
    3665       1.7839
    3666       2.0029
    3667       1.8486
    3668       1.8721
    3669       1.9879
    3670       2.0542
    3671       1.9695
    3672       1.9319
    3673       1.9923
    3674       1.9365
    3675       2.0954
    3676       2.0461
    3677       2.1086
    3678       2.0753
    3679       1.9013
    3680       2.0975
    3681       1.8146
    3682       1.8778
    3683       2.0567
    3684       2.0246
    3685       2.1437
    3686       1.9786
    3687       1.9882
    3688       1.9973
    3689       2.0529
    3690       1.9206
    3691       2.2511
    3692       2.3036
    3693       2.2561
    3694       2.2752
    3695       2.0702
    3696       1.9661
    3697       1.9826
    3698       2.0748
    3699       2.1090
    3700       1.9744
    3701       1.9364
    3702       1.7705
    3703       1.8713
    3704       1.7521
    3705       1.6852
    3706       1.6251
    3707       1.6670
    3708       1.6115
    3709       1.6236
    3710       1.7615
    3711       1.9041
    3712       1.9258
    3713       2.0033
    3714       2.0487
    3715       2.1087
    3716       2.2997
    3717       2.1910
    3718       2.1828
    3719       2.0625
    3720       2.0468
    3721       2.0235
    3722       2.2986
    3723       2.3572
    3724       2.3856
    3725       2.2543
    3726       2.3454
    3727       2.4882
    3728       2.2499
    3729       1.8859
    3730       2.0738
    3731       1.9696
    3732       2.1712
    3733       1.9365
    3734       1.7505
    3735       1.7643
    3736       1.8340
    3737       1.8825
    3738       1.7550
    3739       1.7567
    3740       1.7528
    3741       1.9070
    3742       1.9523
    3743       2.1114
    3744       1.7623
    3745       1.7945
    3746       1.6466
    3747       1.6611
    3748       1.6657
    3749       1.7679
    3750       1.9502
    3751       1.8351
    3752       1.9046
    3753       1.9429
    3754       1.8608
    3755       1.9414
    3756       2.0705
    3757       1.9369
    3758       1.8203
    3759       1.8132
    3760       2.0322
    3761       2.1858
    3762       1.9986
    3763       1.9954
    3764       2.2388
    3765       2.2014
    3766       1.9962
    3767       1.8746
    3768       1.7652
    3769       1.7942
    3770       1.7842
    3771       1.8052
    3772       1.7326
    3773       1.7329
    3774       1.7107
    3775       1.6699
    3776       1.8331
    3777       1.7344
    3778       1.7580
    3779       1.7367
    3780       1.7383
    3781       1.7295
    3782       1.7034
    3783       1.8075
    3784       1.7153
    3785       1.6082
    3786       1.7072
    3787       1.7794
    3788       1.7748
    3789       1.7017
    3790       1.7973
    3791       1.7060
    3792       1.8832
    3793       1.8888
    3794       1.9938
    3795       2.1162
    3796       1.9683
    3797       2.0805
    3798       2.0415
    3799       2.2358
    3800       2.0052
    3801       2.3199
    3802       2.3912
    3803       2.2385
    3804       2.3429
    3805       2.2040
    3806       1.9077
    3807       1.9046
    3808       1.8157
    3809       1.8874
    3810       1.8876
    3811       1.7947
    3812       1.9463
    3813       1.8927
    3814       1.8417
    3815       1.9017
    3816       1.8934
    3817       1.8660
    3818       2.0426
    3819       1.9277
    3820       1.9867
    3821       2.0964
    3822       2.0194
    3823       1.9915
    3824       1.9233
    3825       1.9565
    3826       1.9389
    3827       1.9663
    3828       1.8972
    3829       1.9479
    3830       2.0179
    3831       1.8925
    3832       1.7745
    3833       1.9313
    3834       2.1856
    3835       2.1340
    3836       2.0212
    3837       2.0917
    3838       2.0561
    3839       2.2851
    3840       2.2442
    3841       2.0116
    3842       2.0205
    3843       2.1750
    3844       2.1073
    3845       1.9416
    3846       2.1088
    3847       2.1221
    3848       1.9546
    3849       1.9688
    3850       2.0071
    3851       2.0042
    3852       1.8467
    3853       1.7180
    3854       1.6286
    3855       1.5274
    3856       1.7429
    3857       1.8421
    3858       1.6791
    3859       1.8361
    3860       1.9869
    3861       1.8766
    3862       1.8020
    3863       1.8593
    3864       1.7818
    3865       1.8655
    3866       1.9829
    3867       1.8400
    3868       1.7718
    3869       1.6148
    3870       1.6972
    3871       2.0064
    3872       1.8561
    3873       1.7975
    3874       2.0326
    3875       1.9836
    3876       2.0513
    3877       2.1690
    3878       2.2264
    3879       1.9506
    3880       2.0218
    3881       2.1963
    3882       2.0896
    3883       2.0976
    3884       2.1645
    3885       2.1778
    3886       2.1008
    3887       2.0280
    3888       1.8543
    3889       2.0520
    3890       2.0691
    3891       1.9963
    3892       1.8591
    3893       1.9640
    3894       1.9947
    3895       2.1212
    3896       2.0080
    3897       2.3201
    3898       2.1901
    3899       2.2359
    3900       2.1586
    3901       2.0697
    3902       1.9674
    3903       2.2667
    3904       1.9427
    3905       1.9327
    3906       1.9918
    3907       2.0486
    3908       1.8753
    3909       1.8885
    3910       1.8585
    3911       1.9577
    3912       1.8762
    3913       1.9039
    3914       2.0598
    3915       1.9934
    3916       1.8824
    3917       1.8512
    3918       1.9558
    3919       1.8477
    3920       1.8668
    3921       1.9626
    3922       1.9167
    3923       1.8319
    3924       1.9566
    3925       1.9237
    3926       2.1045
    3927       1.9790
    3928       1.9598
    3929       1.8324
    3930       1.7532
    3931       1.7518
    3932       2.0010
    3933       2.0766
    3934       2.2880
    3935       2.1248
    3936       2.1670
    3937       2.0213
    3938       1.9371
    3939       1.9277
    3940       1.9720
    3941       1.9161
    3942       2.2441
    3943       2.1076
    3944       2.1561
    3945       2.1138
    3946       2.1345
    3947       2.0749
    3948       2.1010
    3949       2.1556
    3950       2.1906
    3951       2.1015
    3952       2.1855
    3953       2.5027
    3954       2.6110
    3955       2.4355
    3956       2.5512
    3957       2.3368
    3958       2.1825
    3959       1.9869
    3960       2.2793
    3961       2.4959
    3962       2.3272
    3963       2.4827
    3964       2.2408
    3965       2.0010
    3966       2.0598
    3967       2.1837
    3968       1.9706
    3969       2.1262
    3970       2.1041
    3971       1.9140
    3972       1.8212
    3973       1.8220
    3974       1.8069
    3975       1.9358
    3976       1.9581
    3977       2.0829
    3978       1.9619
    3979       1.7924
    3980       1.9024
    3981       1.7509
    3982       1.8258
    3983       1.9530
    3984       1.9505
    3985       1.8597
    3986       1.7528
    3987       1.8589
    3988       1.9420
    3989       1.9248
    3990       1.8331
    3991       1.9438
    3992       1.6930
    3993       1.5785
    3994       1.6938
    3995       1.6638
    3996       1.9290
    3997       1.7948
    3998       1.7335
    3999       1.8139
    4000       1.7764
    4001       1.8359
    4002       1.7308
    4003       1.7734
    4004       1.6882
    4005       1.8030
    4006       1.6878
    4007       1.7146
    4008       1.6904
    4009       1.6903
    4010       1.8451
    4011       1.8951
    4012       1.8072
    4013       1.8458
    4014       1.7285
    4015       1.8544
    4016       1.8508
    4017       1.6602
    4018       1.6498
    4019       1.8014
    4020       1.8514
    4021       1.8483
    4022       1.7700
    4023       1.8401
    4024       1.7693
    4025       2.0084
    4026       1.8466
    4027       1.5982
    4028       1.6690
    4029       1.6852
    4030       1.7637
    4031       1.6307
    4032       1.7525
    4033       1.8050
    4034       1.7153
    4035       1.7524
    4036       1.9779
    4037       1.9357
    4038       1.9568
    4039       1.8022
    4040       1.9564
    4041       1.7979
    4042       1.7606
    4043       1.7018
    4044       1.6908
    4045       1.8999
    4046       1.7785
    4047       1.6667
    4048       1.7647
    4049       1.7568
    4050       1.7583
    4051       1.8678
    4052       1.8665
    4053       1.9474
    4054       1.7695
    4055       1.7534
    4056       1.6998
    4057       1.6511
    4058       1.8387
    4059       1.6787
    4060       1.8867
    4061       1.9068
    4062       1.8223
    4063       2.1692
    4064       2.0154
    4065       2.0108
    4066       1.9213
    4067       2.0678
    4068       2.3137
    4069       2.2267
    4070       2.1660
    4071       1.9032
    4072       1.6640
    4073       1.7615
    4074       1.9333
    4075       1.9318
    4076       1.8256
    4077       1.8587
    4078       1.8287
    4079       1.8276
    4080       2.0050
    4081       1.9279
    4082       2.0358
    4083       1.7268
    4084       1.6934
    4085       1.6778
    4086       1.6032
    4087       1.6209
    4088       1.4655
    4089       1.5154
    4090       1.6049
    4091       1.6541
    4092       1.7532
    4093       1.6718
    4094       1.8936
    4095       1.8898
    4096       1.9991
    4097       1.8223
    4098       1.9943
    4099       2.1921
    4100       1.9745
    4101       2.1621
    4102       2.2572
    4103       2.2771
    4104       2.2498
    4105       2.6109
    4106       2.6246
    4107       2.3829
    4108       2.3055
    4109       2.3211
    4110       2.2186
    4111       2.1675
    4112       2.1790
    4113       2.1052
    4114       2.1536
    4115       2.2344
    4116       2.0781
    4117       1.9851
    4118       2.1159
    4119       1.9623
    4120       1.9041
    4121       1.8816
    4122       2.0098
    4123       1.8041
    4124       1.8150
    4125       1.7707
    4126       1.7460
    4127       1.6363
    4128       1.5659
    4129       1.7775
    4130       1.7774
    4131       2.0602
    4132       2.0721
    4133       2.1364
    4134       2.0441
    4135       2.0593
    4136       2.2312
    4137       2.3905
    4138       2.0833
    4139       2.0469
    4140       2.0605
    4141       2.0988
    4142       2.0226
    4143       1.7688
    4144       1.7646
    4145       1.8562
    4146       1.9019
    4147       1.9736
    4148       2.0132
    4149       1.9698
    4150       1.9042
    4151       1.8517
    4152       1.8166
    4153       1.9573
    4154       1.9514
    4155       2.0161
    4156       2.0036
    4157       1.9505
    4158       1.7549
    4159       1.7137
    4160       1.9276
    4161       2.0706
    4162       2.0943
    4163       2.2062
    4164       2.1814
    4165       2.0332
    4166       1.9985
    4167       2.2263
    4168       2.1818
    4169       2.0968
    4170       1.8059
    4171       1.7670
    4172       1.8072
    4173       1.6895
    4174       1.6531
    4175       1.6260
    4176       1.7429
    4177       1.9253
    4178       2.0403
    4179       1.6417
    4180       1.8849
    4181       1.8812
    4182       1.9684
    4183       2.0363
    4184       1.9405
    4185       1.8398
    4186       1.8452
    4187       1.8017
    4188       1.7444
    4189       1.6307
    4190       1.6947
    4191       1.6337
    4192       1.6603
    4193       1.6175
    4194       1.7169
    4195       1.7534
    4196       1.7280
    4197       1.6915
    4198       1.8178
    4199       1.6309
    4200       1.6605
    4201       1.5796
    4202       1.6849
    4203       1.7545
    4204       1.7436
    4205       1.6240
    4206       1.6664
    4207       1.5046
    4208       1.6274
    4209       1.7769
    4210       1.8476
    4211       1.6660
    4212       1.8267
    4213       1.8748
    4214       1.8066
    4215       1.9096
    4216       1.9285
    4217       1.8133
    4218       1.9016
    4219       1.8865
    4220       1.9498
    4221       1.7916
    4222       1.8109
    4223       1.8082
    4224       1.7400
    4225       1.8209
    4226       1.7657
    4227       1.9562
    4228       1.8064
    4229       1.9820
    4230       2.0250
    4231       2.1602
    4232       2.1021
    4233       2.0257
    4234       2.1286
    4235       2.1211
    4236       1.9193
    4237       1.9323
    4238       1.8454
    4239       1.7158
    4240       1.7672
    4241       1.8715
    4242       1.9313
    4243       2.0732
    4244       2.2415
    4245       2.2767
    4246       2.3491
    4247       2.2616
    4248       2.0604
    4249       2.0513
    4250       1.8647
    4251       1.8476
    4252       2.0469
    4253       1.9673
    4254       2.1884
    4255       2.2918
    4256       2.3778
    4257       2.0855
    4258       2.0214
    4259       1.8273
    4260       2.1175
    4261       2.1012
    4262       2.0774
    4263       1.9719
    4264       1.9296
    4265       1.7393
    4266       1.6773
    4267       1.5974
    4268       1.6121
    4269       1.5391
    4270       1.6852
    4271       1.5978
    4272       1.7613
    4273       1.7478
    4274       1.8495
    4275       1.9500
    4276       2.0615
    4277       2.0553
    4278       1.9873
    4279       1.8987
    4280       2.0177
    4281       1.7849
    4282       1.7473
    4283       1.8175
    4284       1.7899
    4285       1.6818
    4286       1.8124
    4287       1.6763
    4288       1.7942
    4289       1.7829
    4290       1.8640
    4291       1.8480
    4292       1.9624
    4293       1.8170
    4294       1.8564
    4295       1.8161
    4296       1.8914
    4297       1.8643
    4298       1.7352
    4299       1.7012
    4300       1.7187
    4301       1.8194
    4302       1.7932
    4303       1.7038
    4304       1.7455
    4305       1.8206
    4306       1.7474
    4307       1.7986
    4308       1.8774
    4309       1.8775
    4310       1.8253
    4311       1.9521
    4312       1.9283
    4313       2.0645
    4314       1.9358
    4315       1.8494
    4316       1.7381
    4317       1.9995
    4318       1.8273
    4319       1.9281
    4320       1.8194
    4321       1.7754
    4322       1.9317
    4323       1.9244
    4324       1.9977
    4325       1.9841
    4326       2.1599
    4327       2.1903
    4328       1.9863
    4329       1.7811
    4330       1.9361
    4331       1.9065
    4332       1.7986
    4333       1.9484
    4334       1.8862
    4335       1.8791
    4336       1.8981
    4337       2.0491
    4338       1.9442
    4339       2.0366
    4340       2.0744
    4341       2.0076
    4342       2.2655
    4343       2.1005
    4344       2.1504
    4345       2.0789
    4346       2.0727
    4347       2.0535
    4348       2.2206
    4349       2.0297
    4350       1.9409
    4351       2.0263
    4352       1.9477
    4353       1.9928
    4354       1.7947
    4355       1.7425
    4356       2.0220
    4357       1.8717
    4358       1.8772
    4359       1.7040
    4360       1.7838
    4361       1.6916
    4362       1.6232
    4363       1.6834
    4364       1.7267
    4365       1.6095
    4366       1.6147
    4367       1.5707
    4368       1.6732
    4369       1.8228
    4370       1.6869
    4371       1.6197
    4372       1.6297
    4373       1.8306
    4374       1.8893
    4375       2.0346
    4376       1.9797
    4377       2.0787
    4378       1.8433
    4379       1.9046
    4380       2.2091
    4381       2.3120
    4382       2.2231
    4383       2.3264
    4384       2.2044
    4385       2.0573
    4386       2.2020
    4387       2.0431
    4388       2.0380
    4389       2.0249
    4390       2.0533
    4391       1.9719
    4392       2.0798
    4393       1.7611
    4394       1.7884
    4395       1.8028
    4396       1.7651
    4397       1.8662
    4398       1.8911
    4399       1.9898
    4400       2.0202
    4401       2.0261
    4402       1.9123
    4403       1.9642
    4404       2.2567
    4405       2.1376
    4406       1.9412
    4407       2.0471
    4408       1.9366
    4409       1.7874
    4410       1.7379
    4411       1.7856
    4412       1.8077
    4413       1.7954
    4414       1.6985
    4415       1.6830
    4416       1.6445
    4417       1.6452
    4418       1.6506
    4419       1.6790
    4420       1.6931
    4421       1.5993
    4422       1.5660
    4423       1.6119
    4424       1.7809
    4425       1.7779
    4426       1.6912
    4427       1.8030
    4428       1.7299
    4429       1.6979
    4430       1.6317
    4431       1.7161
    4432       1.5721
    4433       1.5320
    4434       1.5559
    4435       1.6604
    4436       1.6728
    4437       1.7772
    4438       1.7788
    4439       1.7609
    4440       1.7361
    4441       1.7875
    4442       1.8574
    4443       1.7972
    4444       1.7817
    4445       1.6429
    4446       1.6809
    4447       1.8089
    4448       1.8321
    4449       1.6928
    4450       1.4760
    4451       1.4784
    4452       1.4963
    4453       1.4704
    4454       1.5150
    4455       1.5195
    4456       1.5140
    4457       1.6807
    4458       1.6088
    4459       1.7586
    4460       1.7828
    4461       1.7555
    4462       1.8316
    4463       1.6951
    4464       1.8186
    4465       1.6037
    4466       1.6688
    4467       1.6806
    4468       1.6566
    4469       1.6688
    4470       1.4947
    4471       1.4881
    4472       1.5612
    4473       1.4790
    4474       1.5076
    4475       1.5619
    4476       1.6095
    4477       1.5821
    4478       1.5728
    4479       1.6213
    4480       1.7185
    4481       1.6596
    4482       1.7241
    4483       1.8608
    4484       1.7343
    4485       1.6015
    4486       1.6120
    4487       1.7412
    4488       1.6358
    4489       1.8075
    4490       1.9219
    4491       2.0806
    4492       2.0188
    4493       2.0380
    4494       1.8158
    4495       1.8293
    4496       1.7572
    4497       1.6254
    4498       1.6992
    4499       1.7938
    4500       1.7583
    4501       1.7661
    4502       1.7494
    4503       1.8500
    4504       1.7546
    4505       1.7640
    4506       1.5613
    4507       1.7275
    4508       1.8252
    4509       1.9275
    4510       2.0229
    4511       1.8478
    4512       1.8460
    4513       1.6894
    4514       1.8047
    4515       1.8539
    4516       1.8037
    4517       1.7865
    4518       1.5310
    4519       1.8092
    4520       1.7125
    4521       1.7613
    4522       1.8662
    4523       2.0285
    4524       1.9472
    4525       1.9527
    4526       1.8836
    4527       1.9200
    4528       1.9263
    4529       1.8344
    4530       1.8065
    4531       2.0176
    4532       1.8860
    4533       1.8695
    4534       1.8367
    4535       1.8633
    4536       1.7986
    4537       1.6167
    4538       1.5880
    4539       1.6113
    4540       1.4872
    4541       1.6804
    4542       1.7856
    4543       1.6331
    4544       1.8079
    4545       1.6552
    4546       1.6011
    4547       1.6247
    4548       1.8051
    4549       1.8700
    4550       2.0992
    4551       2.1905
    4552       1.9924
    4553       1.9480
    4554       2.0274
    4555       1.8065
    4556       1.9548
    4557       1.8399
    4558       1.6165
    4559       1.6153
    4560       1.7486
    4561       1.8125
    4562       1.8373
    4563       1.8366
    4564       1.8781
    4565       1.7333
    4566       1.8871
    4567       1.7765
    4568       1.8075
    4569       1.7776
    4570       1.6678
    4571       1.6369
    4572       1.6802
    4573       1.7079
    4574       1.7603
    4575       1.9029
    4576       1.6954
    4577       1.6785
    4578       1.6815
    4579       1.8211
    4580       1.8390
    4581       1.7834
    4582       1.8227
    4583       1.7386
    4584       1.6376
    4585       1.7741
    4586       1.6092
    4587       1.7062
    4588       1.6504
    4589       1.6949
    4590       1.6932
    4591       1.6905
    4592       1.6369
    4593       1.6345
    4594       1.6723
    4595       1.7504
    4596       1.7207
    4597       1.5815
    4598       1.6215
    4599       1.5613
    4600       1.5221
    4601       1.5691
    4602       1.5450
    4603       1.5967
    4604       1.5755
    4605       1.5985
    4606       1.5114
    4607       1.6095
    4608       1.4328
    4609       1.5048
    4610       1.6681
    4611       1.6507
    4612       1.6445
    4613       1.5524
    4614       1.5022
    4615       1.5437
    4616       1.5776
    4617       1.6295
    4618       1.5286
    4619       1.5090
    4620       1.5262
    4621       1.5354
    4622       1.6623
    4623       1.6065
    4624       1.5041
    4625       1.6623
    4626       1.6659
    4627       1.7700
    4628       1.9425
    4629       1.7829
    4630       1.6920
    4631       1.5777
    4632       1.5607
    4633       1.5620
    4634       1.6331
    4635       1.5716
    4636       1.5990
    4637       1.7179
    4638       1.7048
    4639       1.6460
    4640       1.6278
    4641       1.6488
    4642       1.6413
    4643       1.6764
    4644       1.6382
    4645       1.7226
    4646       1.6783
    4647       1.6314
    4648       1.8445
    4649       1.7773
    4650       1.7067
    4651       1.6699
    4652       1.7155
    4653       1.7565
    4654       1.6063
    4655       1.7573
    4656       1.7940
    4657       1.8947
    4658       1.8427
    4659       1.7176
    4660       1.8795
    4661       1.5789
    4662       1.7076
    4663       1.8319
    4664       1.8898
    4665       1.6989
    4666       1.6461
    4667       1.5191
    4668       1.5703
    4669       1.6304
    4670       1.6913
    4671       1.6994
    4672       1.7671
    4673       1.7397
    4674       1.7458
    4675       1.8334
    4676       1.8956
    4677       1.9054
    4678       1.9541
    4679       1.9283
    4680       1.9353
    4681       1.8309
    4682       1.9846
    4683       2.0592
    4684       2.0114
    4685       1.9956
    4686       1.8617
    4687       1.8925
    4688       1.7933
    4689       1.6981
    4690       1.7983
    4691       1.9499
    4692       1.9137
    4693       1.9495
    4694       1.8674
    4695       1.8211
    4696       1.7551
    4697       1.7821
    4698       1.8278
    4699       2.0376
    4700       1.8149
    4701       1.9188
    4702       1.8091
    4703       1.7697
    4704       1.8199
    4705       1.8776
    4706       1.7412
    4707       1.7436
    4708       1.7401
    4709       1.7612
    4710       1.7390
    4711       1.6623
    4712       1.7854
    4713       2.1102
    4714       1.7824
    4715       1.8601
    4716       1.8220
    4717       1.8429
    4718       1.6025
    4719       1.8013
    4720       1.8167
    4721       1.8066
    4722       1.8354
    4723       1.7128
    4724       1.7459
    4725       1.9021
    4726       2.0532
    4727       2.0215
    4728       2.1851
    4729       2.0230
    4730       2.0467
    4731       2.1318
    4732       1.9373
    4733       1.9844
    4734       2.1738
    4735       2.2984
    4736       2.2698
    4737       2.2092
    4738       2.2030
    4739       2.2108
    4740       2.1631
    4741       2.0604
    4742       1.9718
    4743       1.8750
    4744       1.9688
    4745       2.0650
    4746       1.9569
    4747       1.9402
    4748       1.8871
    4749       1.9061
    4750       1.8054
    4751       1.7856
    4752       1.6025
    4753       1.7122
    4754       1.6662
    4755       1.8417
    4756       1.7761
    4757       1.7947
    4758       1.6788
    4759       1.7312
    4760       1.7850
    4761       1.8142
    4762       1.8674
    4763       2.0824
    4764       2.0233
    4765       2.0218
    4766       2.0820
    4767       1.9746
    4768       1.9051
    4769       1.8560
    4770       1.7850
    4771       1.8258
    4772       1.9360
    4773       1.9356
    4774       1.9820
    4775       1.7970
    4776       1.7798
    4777       1.8036
    4778       1.8226
    4779       1.9295
    4780       1.9958
    4781       2.0195
    4782       1.9537
    4783       1.7650
    4784       1.8130
    4785       1.9157
    4786       1.8743
    4787       1.9956
    4788       1.9205
    4789       2.0092
    4790       2.1410
    4791       2.1695
    4792       2.1406
    4793       2.0919
    4794       1.8348
    4795       1.7720
    4796       1.8453
    4797       1.9981
    4798       1.9411
    4799       1.9542
    4800       1.9961
    4801       1.8937
    4802       1.9878
    4803       1.8489
    4804       1.7762
    4805       1.8578
    4806       1.9161
    4807       1.9255
    4808       1.9290
    4809       2.1539
    4810       2.1428
    4811       2.0736
    4812       2.1116
    4813       2.3053
    4814       2.2764
    4815       2.1857
    4816       2.1758
    4817       2.0645
    4818       2.0045
    4819       2.0078
    4820       2.1439
    4821       1.8568
    4822       1.9802
    4823       1.9950
    4824       1.9158
    4825       1.8967
    4826       1.8687
    4827       1.9357
    4828       2.0197
    4829       1.8600
    4830       1.9462
    4831       1.9578
    4832       2.1975
    4833       2.3114
    4834       2.2356
    4835       2.1787
    4836       1.9813
    4837       2.1057
    4838       1.9257
    4839       1.8512
    4840       1.8444
    4841       1.7405
    4842       1.6856
    4843       1.8523
    4844       1.8162
    4845       1.6859
    4846       1.6286
    4847       1.6255
    4848       1.7539
    4849       1.7283
    4850       1.9525
    4851       1.7525
    4852       1.7784
    4853       1.6876
    4854       1.6780
    4855       1.6701
    4856       1.7038
    4857       1.5793
    4858       1.6665
    4859       1.8951
    4860       1.7512
    4861       1.7545
    4862       1.8398
    4863       1.7315
    4864       1.6425
    4865       1.7140
    4866       1.6549
    4867       1.6080
    4868       1.6831
    4869       1.6496
    4870       1.7176
    4871       1.7508
    4872       1.7411
    4873       1.7918
    4874       1.8326
    4875       1.7967
    4876       1.7293
    4877       1.6201
    4878       1.8287
    4879       1.7952
    4880       1.5345
    4881       1.6211
    4882       1.6785
    4883       1.6245
    4884       1.6309
    4885       1.6912
    4886       1.6123
    4887       1.6144
    4888       1.6968
    4889       1.7240
    4890       1.6355
    4891       1.8007
    4892       1.7834
    4893       1.6022
    4894       1.7661
    4895       1.8147
    4896       1.8095
    4897       1.5539
    4898       1.7897
    4899       1.8048
    4900       1.6934
    4901       1.7549
    4902       1.6978
    4903       1.5884
    4904       1.6912
    4905       1.8984
    4906       1.8778
    4907       1.7975
    4908       1.8374
    4909       1.8907
    4910       1.8534
    4911       1.7913
    4912       1.7645
    4913       1.8685
    4914       1.8245
    4915       1.7139
    4916       1.6523
    4917       1.8016
    4918       1.8161
    4919       1.9856
    4920       1.7790
    4921       1.6154
    4922       1.7117
    4923       1.6747
    4924       1.7737
    4925       1.6281
    4926       1.8230
    4927       1.7326
    4928       1.7614
    4929       1.8642
    4930       1.9786
    4931       1.8453
    4932       1.8802
    4933       1.7804
    4934       1.7419
    4935       1.9604
    4936       1.9163
    4937       1.8502
    4938       1.8653
    4939       1.8339
    4940       1.7508
    4941       1.7701
    4942       1.7125
    4943       1.6516
    4944       1.7459
    4945       1.7246
    4946       1.6684
    4947       1.6160
    4948       1.5623
    4949       1.6663
    4950       1.7158
    4951       1.5967
    4952       1.6651
    4953       1.6452
    4954       1.7220
    4955       1.8227
    4956       1.6917
    4957       1.7011
    4958       1.6289
    4959       1.6353
    4960       1.7221
    4961       1.8278
    4962       1.7642
    4963       1.9845
    4964       1.8449
    4965       1.7051
    4966       1.7702
    4967       1.8530
    4968       1.9672
    4969       2.0964
    4970       2.0472
    4971       2.0913
    4972       1.9731
    4973       2.0002
    4974       1.7634
    4975       1.6527
    4976       1.5106
    4977       1.7158
    4978       1.8955
    4979       1.7706
    4980       1.9921
    4981       2.1088
    4982       2.1613
    4983       2.1502
    4984       2.0247
    4985       2.0777
    4986       2.0925
    4987       1.7834
    4988       1.6757
    4989       2.0129
    4990       2.0121
    4991       2.0847
    4992       1.9378
    4993       1.8460
    4994       1.8202
    4995       1.7955
    4996       1.9467
    4997       2.0821
    4998       2.0731
    4999       2.0606
    5000       2.2184
    5001       2.0495
    5002       2.0261
    5003       1.8831
    5004       1.8074
    5005       1.6323
    5006       1.7160
    5007       1.6453
    5008       1.7988
    5009       1.7879
    5010       1.8680
    5011       1.7506
    5012       1.9252
    5013       1.8133
    5014       1.7117
    5015       1.9058
    5016       1.8785
    5017       2.0551
    5018       1.6454
    5019       1.6232
    5020       1.8818
    5021       2.0435
    5022       1.9778
    5023       2.0493
    5024       2.0579
    5025       2.0524
    5026       1.9996
    5027       1.9030
    5028       1.8424
    5029       1.8078
    5030       1.8827
    5031       1.9764
    5032       1.9429
    5033       1.9518
    5034       1.9808
    5035       1.9721
    5036       1.8759
    5037       1.8721
    5038       1.8521
    5039       1.9700
    5040       1.7863
    5041       1.7791
    5042       1.8021
    5043       1.9238
    5044       1.8679
    5045       2.1226
    5046       2.2439
    5047       2.2349
    5048       2.1723
    5049       2.0229
    5050       2.1305
    5051       2.2239
    5052       2.1173
    5053       2.0039
    5054       1.9333
    5055       1.8676
    5056       1.9016
    5057       1.9687
    5058       1.9938
    5059       1.8760
    5060       2.1127
    5061       2.1403
    5062       1.9852
    5063       1.9973
    5064       1.9590
    5065       1.9753
    5066       2.0551
    5067       2.2252
    5068       2.1517
    5069       1.9831
    5070       1.9155
    5071       1.9670
    5072       2.1048
    5073       2.1043
    5074       2.0765
    5075       1.9487
    5076       2.1694
    5077       2.1667
    5078       2.0287
    5079       1.9411
    5080       2.0223
    5081       1.8565
    5082       1.7805
    5083       1.9528
    5084       2.0986
    5085       2.1922
    5086       2.1360
    5087       2.0198
    5088       1.9840
    5089       1.9704
    5090       1.9271
    5091       2.1812
    5092       2.2759
    5093       2.2052
    5094       2.1025
    5095       1.9343
    5096       1.8965
    5097       1.9140
    5098       1.9434
    5099       1.6706
    5100       1.6797
    5101       1.5911
    5102       1.5667
    5103       1.6548
    5104       1.7392
    5105       1.7155
    5106       1.7232
    5107       1.9234
    5108       2.0041
    5109       2.1796
    5110       1.8420
    5111       1.7627
    5112       1.5749
    5113       1.6629
    5114       1.7173
    5115       1.5287
    5116       1.5257
    5117       1.4568
    5118       1.4372
    5119       1.6130
    5120       1.4628
    5121       1.5205
    5122       1.5640
    5123       1.4991
    5124       1.4634
    5125       1.5667
    5126       1.4986
    5127       1.5764
    5128       1.4421
    5129       1.4977
    5130       1.6018
    5131       1.6727
    5132       1.8005
    5133       1.8291
    5134       1.9245
    5135       1.7030
    5136       1.7310
    5137       1.6429
    5138       1.7563
    5139       1.8572
    5140       1.8674
    5141       1.9315
    5142       1.8340
    5143       1.8389
    5144       1.7051
    5145       1.7341
    5146       1.7513
    5147       1.7301
    5148       1.6460
    5149       1.6101
    5150       1.6650
    5151       1.8225
    5152       1.7506
    5153       1.8396
    5154       1.6679
    5155       1.5936
    5156       1.7128
    5157       1.6571
    5158       1.7505
    5159       1.6578
    5160       1.7760
    5161       1.6940
    5162       1.7221
    5163       1.6044
    5164       1.6170
    5165       1.6885
    5166       1.6619
    5167       1.6386
    5168       1.5945
    5169       1.5877
    5170       1.6863
    5171       1.7404
    5172       1.7704
    5173       1.6259
    5174       1.6966
    5175       1.7348
    5176       1.6442
    5177       1.6487
    5178       1.6659
    5179       1.6494
    5180       1.7112
    5181       1.6586
    5182       1.7764
    5183       1.7729
    5184       1.8210
    5185       1.6532
    5186       1.5998
    5187       1.5462
    5188       1.6425
    5189       1.7008
    5190       1.5743
    5191       1.4929
    5192       1.6219
    5193       1.5616
    5194       1.7441
    5195       1.7360
    5196       1.8568
    5197       1.8758
    5198       1.9350
    5199       1.7661
    5200       1.7445
    5201       1.6141
    5202       1.5923
    5203       1.6431
    5204       1.5713
    5205       1.5511
    5206       1.8363
    5207       1.6857
    5208       1.8533
    5209       1.8578
    5210       1.8734
    5211       1.8581
    5212       2.0124
    5213       1.8548
    5214       1.7360
    5215       1.6859
    5216       1.5940
    5217       1.6314
    5218       1.6335
    5219       1.6947
    5220       1.6370
    5221       1.7637
    5222       1.7073
    5223       1.7348
    5224       1.6594
    5225       1.6638
    5226       1.5469
    5227       1.6024
    5228       1.6730
    5229       1.7320
    5230       1.6379
    5231       1.5632
    5232       1.5373
    5233       1.4076
    5234       1.5021
    5235       1.4482
    5236       1.5620
    5237       1.5743
    5238       1.6868
    5239       1.7801
    5240       1.7230
    5241       1.6324
    5242       1.6653
    5243       1.6637
    5244       1.7246
    5245       1.7620
    5246       1.7958
    5247       1.9262
    5248       1.8480
    5249       1.8704
    5250       1.8181
    5251       1.8657
    5252       1.9257
    5253       1.9199
    5254       2.0639
    5255       1.7602
    5256       1.7533
    5257       1.7123
    5258       1.7829
    5259       1.9342
    5260       1.8771
    5261       1.8070
    5262       1.7351
    5263       1.6569
    5264       1.7138
    5265       1.6670
    5266       1.6445
    5267       1.7524
    5268       1.9044
    5269       1.9197
    5270       1.7802
    5271       1.6780
    5272       1.7377
    5273       1.8016
    5274       1.7075
    5275       1.7424
    5276       1.8962
    5277       1.7377
    5278       1.7377
    5279       1.9519
    5280       2.0120
    5281       1.8530
    5282       1.9396
    5283       1.9164
    5284       2.0226
    5285       1.9511
    5286       1.7613
    5287       1.9040
    5288       1.8251
    5289       2.0622
    5290       2.0583
    5291       2.0888
    5292       2.0427
    5293       2.0481
    5294       2.0960
    5295       1.9843
    5296       1.8835
    5297       1.7516
    5298       1.9430
    5299       1.7787
    5300       1.8489
    5301       1.7298
    5302       1.8058
    5303       1.8501
    5304       1.7718
    5305       1.9484
    5306       1.7558
    5307       1.7830
    5308       1.8744
    5309       2.0318
    5310       2.0626
    5311       1.9952
    5312       1.9252
    5313       2.0250
    5314       2.0792
    5315       2.2173
    5316       2.2605
    5317       2.1853
    5318       2.0980
    5319       2.1398
    5320       2.2023
    5321       2.1908
    5322       2.0508
    5323       2.2524
    5324       2.3607
    5325       2.1260
    5326       2.2388
    5327       2.1707
    5328       2.1261
    5329       1.7482
    5330       1.7231
    5331       1.8427
    5332       1.7751
    5333       1.8488
    5334       1.9303
    5335       1.9251
    5336       1.7912
    5337       1.8670
    5338       1.9694
    5339       2.1063
    5340       2.1273
    5341       1.6947
    5342       1.7689
    5343       1.7985
    5344       1.9508
    5345       1.9487
    5346       1.9395
    5347       2.0642
    5348       1.8675
    5349       1.9555
    5350       1.8052
    5351       1.6427
    5352       1.5014
    5353       1.6418
    5354       1.8479
    5355       1.8918
    5356       1.7995
    5357       1.9246
    5358       1.8775
    5359       1.9121
    5360       2.0461
    5361       1.9821
    5362       1.9060
    5363       2.0341
    5364       1.9712
    5365       2.2248
    5366       2.3179
    5367       2.4126
    5368       2.2025
    5369       2.1394
    5370       2.1333
    5371       2.0547
    5372       2.0595
    5373       1.9759
    5374       1.8207
    5375       2.0548
    5376       2.0058
    5377       1.8246
    5378       1.9984
    5379       1.9552
    5380       1.9056
    5381       2.0046
    5382       2.0093
    5383       2.0147
    5384       2.1187
    5385       2.1885
    5386       2.0455
    5387       1.8420
    5388       1.7867
    5389       1.7981
    5390       1.7827
    5391       1.7818
    5392       1.6722
    5393       1.8104
    5394       1.7878
    5395       1.9364
    5396       2.0658
    5397       2.0913
    5398       2.1662
    5399       1.9662
    5400       1.9462
    5401       1.9662
    5402       2.0645
    5403       1.9545
    5404       2.0257
    5405       2.0814
    5406       1.9043
    5407       1.9089
    5408       1.7220
    5409       1.6323
    5410       1.6873
    5411       1.7377
    5412       1.8905
    5413       1.7984
    5414       1.7088
    5415       1.6247
    5416       1.6174
    5417       1.5907
    5418       1.4871
    5419       1.5376
    5420       1.5920
    5421       1.7679
    5422       1.7594
    5423       1.7906
    5424       1.7666
    5425       1.6392
    5426       1.6728
    5427       1.4875
    5428       1.6255
    5429       1.6536
    5430       1.6130
    5431       1.7349
    5432       1.6760
    5433       1.7694
    5434       1.6913
    5435       1.7738
    5436       1.6425
    5437       1.6017
    5438       1.5170
    5439       1.5095
    5440       1.7416
    5441       1.6383
    5442       1.7585
    5443       1.8090
    5444       1.6527
    5445       1.5777
    5446       1.6563
    5447       1.6411
    5448       1.5385
    5449       1.5400
    5450       1.5162
    5451       1.5545
    5452       1.4171
    5453       1.5659
    5454       1.5962
    5455       1.6592
    5456       1.7367
    5457       1.7410
    5458       1.8718
    5459       2.0423
    5460       1.8376
    5461       1.5908
    5462       1.6921
    5463       1.6295
    5464       1.7003
    5465       1.7431
    5466       1.7158
    5467       1.8175
    5468       1.8582
    5469       1.6961
    5470       1.7434
    5471       1.6953
    5472       1.5658
    5473       1.6008
    5474       1.6444
    5475       1.6935
    5476       1.7478
    5477       1.8577
    5478       1.9247
    5479       2.0223
    5480       2.1196
    5481       2.1162
    5482       2.1277
    5483       2.1991
    5484       2.0469
    5485       1.8250
    5486       1.8775
    5487       1.9086
    5488       1.9861
    5489       1.9114
    5490       1.9853
    5491       1.8511
    5492       1.9019
    5493       1.9897
    5494       1.9940
    5495       1.9751
    5496       1.8433
    5497       1.8940
    5498       1.9667
    5499       1.8923
    5500       1.9152
    5501       1.8910
    5502       1.7477
    5503       1.7322
    5504       1.6964
    5505       1.8311
    5506       1.7754
    5507       1.8249
    5508       1.8797
    5509       1.8625
    5510       1.8662
    5511       1.9943
    5512       2.0587
    5513       2.0624
    5514       2.1452
    5515       1.9968
    5516       1.8877
    5517       1.8649
    5518       1.6929
    5519       1.7478
    5520       1.8190
    5521       1.8140
    5522       1.6129
    5523       1.6930
    5524       1.7253
    5525       1.7224
    5526       1.6566
    5527       1.6956
    5528       1.6032
    5529       1.6379
    5530       1.6882
    5531       1.6483
    5532       1.5464
    5533       1.7989
    5534       1.9841
    5535       1.9250
    5536       1.8780
    5537       1.9474
    5538       1.9493
    5539       2.0942
    5540       1.9634
    5541       2.0679
    5542       2.1273
    5543       1.9316
    5544       1.9504
    5545       1.9841
    5546       2.0688
    5547       1.8153
    5548       1.7356
    5549       1.8756
    5550       1.9931
    5551       2.0413
    5552       1.9806
    5553       1.8896
    5554       1.8762
    5555       1.9649
    5556       2.1550
    5557       2.1940
    5558       2.2411
    5559       2.3272
    5560       2.0315
    5561       1.9856
    5562       1.9871
    5563       2.0206
    5564       1.8372
    5565       1.7424
    5566       1.9145
    5567       1.8087
    5568       1.8561
    5569       1.6953
    5570       1.7077
    5571       1.6915
    5572       1.5972
    5573       1.5862
    5574       1.6879
    5575       1.8067
    5576       1.6263
    5577       1.6418
    5578       1.5526
    5579       1.6856
    5580       1.6597
    5581       1.6178
    5582       1.6306
    5583       1.8404
    5584       1.8417
    5585       1.8135
    5586       1.8043
    5587       1.8179
    5588       1.8648
    5589       1.9765
    5590       1.8837
    5591       1.7684
    5592       1.8628
    5593       2.0115
    5594       1.8582
    5595       2.0320
    5596       1.9375
    5597       1.8973
    5598       1.8495
    5599       1.7622
    5600       1.9667
    5601       1.7569
    5602       1.8695
    5603       1.8391
    5604       2.1161
    5605       2.1094
    5606       1.9635
    5607       1.9814
    5608       1.9642
    5609       1.9171
    5610       1.8632
    5611       1.9790
    5612       1.9371
    5613       1.9852
    5614       1.9615
    5615       1.8898
    5616       1.9513
    5617       1.8728
    5618       1.7744
    5619       1.7856
    5620       1.6873
    5621       1.8499
    5622       1.7702
    5623       1.8400
    5624       1.7795
    5625       1.9566
    5626       1.9365
    5627       1.9034
    5628       1.7932
    5629       1.7207
    5630       1.6533
    5631       1.7614
    5632       1.6956
    5633       1.6427
    5634       1.6994
    5635       1.7424
    5636       1.6504
    5637       1.7968
    5638       1.7368
    5639       1.8850
    5640       2.0038
    5641       2.0518
    5642       2.3063
    5643       2.2077
    5644       2.2420
    5645       2.0660
    5646       1.9881
    5647       2.1390
    5648       2.0278
    5649       2.0105
    5650       1.9016
    5651       2.0642
    5652       2.0555
    5653       2.0102
    5654       1.9901
    5655       1.9897
    5656       2.0191
    5657       2.0235
    5658       1.9968
    5659       1.9235
    5660       1.8378
    5661       1.8207
    5662       1.7815
    5663       1.7107
    5664       1.7420
    5665       1.9105
    5666       1.8841
    5667       1.7482
    5668       1.7990
    5669       1.8348
    5670       1.8637
    5671       1.8156
    5672       1.7246
    5673       1.8188
    5674       1.8766
    5675       1.8039
    5676       1.8743
    5677       1.7046
    5678       1.7701
    5679       1.7287
    5680       1.9977
    5681       2.0405
    5682       2.1260
    5683       1.9561
    5684       1.9166
    5685       1.8992
    5686       2.0542
    5687       1.9959
    5688       1.9998
    5689       2.0365
    5690       1.9201
    5691       1.9039
    5692       1.9097
    5693       1.8102
    5694       1.8730
    5695       1.7856
    5696       1.7810
    5697       1.8412
    5698       1.8837
    5699       1.9098
    5700       1.7473
    5701       1.6688
    5702       1.6644
    5703       1.6634
    5704       1.6734
    5705       1.6785
    5706       1.6374
    5707       1.8390
    5708       1.7831
    5709       1.8104
    5710       1.6742
    5711       1.8676
    5712       1.7985
    5713       1.7182
    5714       1.7993
    5715       1.8052
    5716       1.9906
    5717       1.9482
    5718       2.0242
    5719       2.0585
    5720       2.1041
    5721       2.0890
    5722       2.1343
    5723       2.2809
    5724       2.0935
    5725       2.0993
    5726       1.9633
    5727       2.0527
    5728       2.0570
    5729       1.7881
    5730       1.9470
    5731       1.9450
    5732       1.6766
    5733       2.0536
    5734       1.8815
    5735       2.0319
    5736       2.0722
    5737       2.0368
    5738       1.8451
    5739       1.7653
    5740       1.9462
    5741       1.9998
    5742       2.0519
    5743       2.0618
    5744       2.1243
    5745       1.9391
    5746       1.7842
    5747       1.8237
    5748       1.8955
    5749       1.9410
    5750       2.1048
    5751       1.9585
    5752       2.0963
    5753       2.0799
    5754       2.0395
    5755       2.0486
    5756       2.0486
    5757       1.9566
    5758       1.9702
    5759       1.9728
    5760       2.0133
    5761       1.9592
    5762       1.8319
    5763       1.8887
    5764       1.9027
    5765       1.6607
    5766       1.8881
    5767       1.8953
    5768       1.8915
    5769       1.9724
    5770       2.1268
    5771       2.0194
    5772       2.0633
    5773       1.8979
    5774       2.0212
    5775       2.0030
    5776       2.0777
    5777       2.1976
    5778       2.0070
    5779       2.1882
    5780       2.2040
    5781       2.0419
    5782       2.1533
    5783       2.2810
    5784       2.3172
    5785       2.1947
    5786       2.1518
    5787       2.0874
    5788       2.0193
    5789       2.0359
    5790       2.1011
    5791       2.0716
    5792       2.1354
    5793       2.1282
    5794       2.1458
    5795       2.2612
    5796       2.3060
    5797       2.3304
    5798       2.1018
    5799       1.9798
    5800       1.8087
    5801       1.8021
    5802       1.8210
    5803       1.9030
    5804       1.8626
    5805       2.0112
    5806       2.1473
    5807       2.0498
    5808       2.3851
    5809       2.4277
    5810       2.6005
    5811       2.4072
    5812       2.4340
    5813       2.4255
    5814       2.3339
    5815       2.4583
    5816       2.1324
    5817       2.3456
    5818       2.0081
    5819       2.0752
    5820       1.9880
    5821       1.9798
    5822       1.9409
    5823       1.8414
    5824       1.9728
    5825       2.0281
    5826       2.2358
    5827       2.1269
    5828       2.2146
    5829       1.9671
    5830       1.6884
    5831       1.8417
    5832       2.0418
    5833       2.0849
    5834       2.0557
    5835       1.9814
    5836       1.8579
    5837       1.9023
    5838       1.8596
    5839       1.7254
    5840       2.0605
    5841       2.1361
    5842       1.8967
    5843       1.9295
    5844       1.9598
    5845       1.9246
    5846       1.7590
    5847       1.8603
    5848       1.9069
    5849       1.7324
    5850       1.7109
    5851       2.0591
    5852       1.9478
    5853       2.0406
    5854       1.7267
    5855       1.7156
    5856       1.7443
    5857       1.7251
    5858       1.8036
    5859       1.8948
    5860       1.9340
    5861       1.8833
    5862       2.0173
    5863       1.8588
    5864       1.8594
    5865       1.6197
    5866       1.5783
    5867       1.6517
    5868       1.4890
    5869       1.7616
    5870       1.7843
    5871       1.5816
    5872       1.6251
    5873       1.6985
    5874       1.8263
    5875       1.7218
    5876       1.9077
    5877       1.6715
    5878       1.6517
    5879       1.7072
    5880       1.7322
    5881       1.6021
    5882       1.6455
    5883       1.6089
    5884       1.5853
    5885       1.7145
    5886       1.8347
    5887       1.7750
    5888       1.6954
    5889       1.6059
    5890       1.6356
    5891       1.5879
    5892       1.4858
    5893       1.6182
    5894       1.6876
    5895       1.8346
    5896       1.8542
    5897       1.8074
    5898       1.8059
    5899       1.6705
    5900       1.7553
    5901       1.8481
    5902       1.7501
    5903       1.6495
    5904       1.6825
    5905       1.6525
    5906       1.5922
    5907       1.6563
    5908       1.7675
    5909       1.8199
    5910       1.7948
    5911       1.7029
    5912       1.7391
    5913       1.7697
    5914       1.8292
    5915       1.7906
    5916       1.7483
    5917       1.5511
    5918       1.5461
    5919       1.6009
    5920       1.6557
    5921       1.5886
    5922       1.7910
    5923       1.9595
    5924       1.9054
    5925       1.8319
    5926       1.7162
    5927       1.7198
    5928       1.8135
    5929       1.8287
    5930       1.6997
    5931       1.7747
    5932       1.8106
    5933       1.8199
    5934       1.7854
    5935       1.9003
    5936       2.0223
    5937       1.8103
    5938       1.9371
    5939       1.9435
    5940       2.1885
    5941       1.8580
    5942       1.8183
    5943       1.7032
    5944       1.7156
    5945       1.7490
    5946       1.7296
    5947       1.7200
    5948       1.9009
    5949       1.7723
    5950       1.7757
    5951       1.8168
    5952       1.5665
    5953       1.5883
    5954       1.5810
    5955       1.6589
    5956       1.6920
    5957       1.6379
    5958       1.5752
    5959       1.7877
    5960       1.7828
    5961       1.6850
    5962       1.7182
    5963       1.5556
    5964       1.5479
    5965       1.5615
    5966       1.7105
    5967       1.6362
    5968       1.7789
    5969       1.6350
    5970       1.5147
    5971       1.5915
    5972       1.6091
    5973       1.6509
    5974       1.6548
    5975       1.6549
    5976       1.6200
    5977       1.7491
    5978       1.6925
    5979       1.7058
    5980       1.7005
    5981       1.8298
    5982       1.7950
    5983       1.5876
    5984       1.6441
    5985       1.8055
    5986       1.7226
    5987       1.7875
    5988       1.8868
    5989       1.9962
    5990       1.7955
    5991       1.8169
    5992       1.8871
    5993       1.9543
    5994       1.9807
    5995       1.7652
    5996       1.7833
    5997       1.8007
    5998       1.7508
    5999       1.7670
    6000       1.7410
    6001       1.7378
    6002       1.7364
    6003       1.7634
    6004       1.7742
    6005       1.8511
    6006       1.9085
    6007       1.9147
    6008       1.7455
    6009       1.7242
    6010       1.6222
    6011       1.7857
    6012       1.7872
    6013       1.6507
    6014       1.8035
    6015       1.8686
    6016       1.7666
    6017       1.7134
    6018       1.8281
    6019       1.9113
    6020       1.9383
    6021       1.8478
    6022       1.8442
    6023       1.6239
    6024       1.7101
    6025       1.6095
    6026       1.7438
    6027       1.8221
    6028       1.8088
    6029       1.6362
    6030       1.6526
    6031       1.5990
    6032       1.5436
    6033       1.6324
    6034       1.7381
    6035       1.7144
    6036       1.6695
    6037       1.7267
    6038       1.6422
    6039       1.7782
    6040       1.8913
    6041       1.9433
    6042       1.8744
    6043       1.8422
    6044       1.7977
    6045       1.8297
    6046       1.7081
    6047       1.5971
    6048       1.5993
    6049       1.6455
    6050       1.5933
    6051       1.6665
    6052       1.6587
    6053       1.7299
    6054       1.7155
    6055       1.7553
    6056       1.7979
    6057       1.7083
    6058       1.8494
    6059       1.7536
    6060       1.8375
    6061       1.7504
    6062       1.7131
    6063       1.8277
    6064       1.8567
    6065       1.7485
    6066       1.8108
    6067       2.0882
    6068       1.9988
    6069       1.9654
    6070       1.9784
    6071       1.9705
    6072       2.0063
    6073       1.6948
    6074       1.7902
    6075       1.6277
    6076       1.6312
    6077       1.6221
    6078       1.6686
    6079       1.6389
    6080       1.6651
    6081       1.6118
    6082       1.8037
    6083       1.7601
    6084       1.7147
    6085       1.5977
    6086       1.7428
    6087       1.7618
    6088       1.7755
    6089       1.6026
    6090       1.7058
    6091       1.8511
    6092       1.7541
    6093       1.7354
    6094       1.7421
    6095       1.6415
    6096       1.6929
    6097       1.8774
    6098       1.7863
    6099       1.7848
    6100       1.7238
    6101       1.5679
    6102       1.7114
    6103       1.6246
    6104       1.6814
    6105       1.7913
    6106       1.7560
    6107       1.5851
    6108       1.5692
    6109       1.7150
    6110       1.8866
    6111       1.9499
    6112       1.7145
    6113       1.7037
    6114       1.5972
    6115       1.6646
    6116       1.6995
    6117       1.6888
    6118       1.7412
    6119       1.7848
    6120       1.6892
    6121       1.7916
    6122       1.8223
    6123       1.9084
    6124       1.7575
    6125       1.8247
    6126       1.6986
    6127       1.6844
    6128       1.5721
    6129       1.6566
    6130       1.7584
    6131       1.6480
    6132       1.6409
    6133       1.5947
    6134       1.6170
    6135       1.6455
    6136       1.7437
    6137       1.7902
    6138       1.7939
    6139       1.7815
    6140       1.7527
    6141       1.7239
    6142       1.6163
    6143       1.6720
    6144       1.6124
    6145       1.6144
    6146       1.7108
    6147       1.6607
    6148       1.5290
    6149       1.6051
    6150       1.7014
    6151       1.5694
    6152       1.5868
    6153       1.6788
    6154       1.6172
    6155       1.8398
    6156       1.8512
    6157       1.6788
    6158       1.5527
    6159       1.6352
    6160       1.7068
    6161       1.7214
    6162       1.6958
    6163       1.5521
    6164       1.6683
    6165       1.7375
    6166       1.7618
    6167       1.8068
    6168       1.7241
    6169       1.7782
    6170       1.7819
    6171       1.8732
    6172       1.8721
    6173       1.6697
    6174       1.6713
    6175       1.6950
    6176       1.6815
    6177       1.6958
    6178       1.5043
    6179       1.5121
    6180       1.5901
    6181       1.6805
    6182       1.6247
    6183       1.6307
    6184       1.6012
    6185       1.6371
    6186       1.7234
    6187       1.8196
    6188       1.7561
    6189       1.8629
    6190       1.7550
    6191       1.7620
    6192       1.7116
    6193       1.6625
    6194       1.6458
    6195       1.7381
    6196       1.7825
    6197       1.8815
    6198       1.6020
    6199       1.6444
    6200       1.6349
    6201       1.7106
    6202       1.7388
    6203       1.7857
    6204       1.6877
    6205       1.5571
    6206       1.6631
    6207       1.8047
    6208       1.8032
    6209       1.6653
    6210       1.8012
    6211       1.6596
    6212       1.8034
    6213       1.6710
    6214       1.7324
    6215       1.8787
    6216       1.7150
    6217       1.8620
    6218       1.8377
    6219       1.7482
    6220       1.6528
    6221       1.6605
    6222       1.8076
    6223       1.8411
    6224       1.9510
    6225       1.7935
    6226       1.8090
    6227       1.8001
    6228       1.8299
    6229       1.8469
    6230       1.6584
    6231       1.7491
    6232       1.6764
    6233       1.8153
    6234       1.6240
    6235       1.6703
    6236       1.6624
    6237       1.6778
    6238       1.5550
    6239       1.6109
    6240       1.5090
    6241       1.5850
    6242       1.6109
    6243       1.7745
    6244       1.6842
    6245       1.7185
    6246       1.7970
    6247       1.7554
    6248       1.6761
    6249       1.8045
    6250       1.7641
    6251       1.5675
    6252       1.7339
    6253       1.6920
    6254       1.7324
    6255       1.7832
    6256       1.7899
    6257       1.8580
    6258       1.6732
    6259       1.7020
    6260       1.6865
    6261       1.6989
    6262       1.5760
    6263       1.6120
    6264       1.6774
    6265       1.6294
    6266       1.5947
    6267       1.6307
    6268       1.6449
    6269       1.7006
    6270       1.6805
    6271       1.7747
    6272       1.6715
    6273       1.6921
    6274       1.8600
    6275       1.7925
    6276       1.7450
    6277       1.8343
    6278       1.7482
    6279       1.7190
    6280       1.7985
    6281       1.9057
    6282       1.8226
    6283       1.9343
    6284       1.9266
    6285       1.8321
    6286       1.8916
    6287       1.9508
    6288       2.0232
    6289       1.9014
    6290       1.8186
    6291       1.6524
    6292       1.7208
    6293       1.7645
    6294       1.7575
    6295       1.7719
    6296       1.7906
    6297       1.7728
    6298       1.8333
    6299       1.9303
    6300       1.6855
    6301       1.7689
    6302       1.8325
    6303       1.7719
    6304       1.9717
    6305       1.9057
    6306       1.9144
    6307       1.7986
    6308       1.7607
    6309       1.8665
    6310       1.9549
    6311       1.9104
    6312       2.1487
    6313       2.2486
    6314       2.1565
    6315       2.1515
    6316       1.9915
    6317       2.0472
    6318       1.7911
    6319       1.7107
    6320       1.8550
    6321       2.0338
    6322       2.0358
    6323       2.1460
    6324       2.1011
    6325       2.0182
    6326       1.8231
    6327       1.8991
    6328       1.8834
    6329       1.9238
    6330       1.8655
    6331       1.6942
    6332       1.6945
    6333       1.8117
    6334       1.8988
    6335       1.7963
    6336       2.0139
    6337       1.9007
    6338       2.0493
    6339       1.9631
    6340       1.8022
    6341       1.8757
    6342       1.8960
    6343       1.7325
    6344       1.8049
    6345       1.9041
    6346       1.8189
    6347       1.8728
    6348       1.8852
    6349       1.8966
    6350       1.8216
    6351       1.8810
    6352       1.8806
    6353       2.0553
    6354       1.8959
    6355       1.8873
    6356       1.9101
    6357       1.8430
    6358       1.8030
    6359       1.8831
    6360       1.8473
    6361       2.0360
    6362       1.9467
    6363       1.9588
    6364       1.9100
    6365       1.9625
    6366       1.9194
    6367       1.9429
    6368       1.9125
    6369       1.8555
    6370       1.7884
    6371       1.7865
    6372       1.8664
    6373       1.8365
    6374       1.8432
    6375       1.8365
    6376       1.6750
    6377       1.6029
    6378       1.7582
    6379       1.7906
    6380       1.8845
    6381       1.7653
    6382       1.7168
    6383       1.7438
    6384       1.6601
    6385       1.7647
    6386       1.5920
    6387       1.7424
    6388       1.7357
    6389       1.5582
    6390       1.5727
    6391       1.7207
    6392       1.7384
    6393       1.7889
    6394       1.6818
    6395       1.6537
    6396       1.6247
    6397       1.6379
    6398       1.6279
    6399       1.7464
    6400       1.6871
    6401       1.6440
    6402       1.7739
    6403       1.7778
    6404       1.8295
    6405       1.6961
    6406       1.8113
    6407       1.7633
    6408       1.8557
    6409       1.9486
    6410       1.8752
    6411       1.9094
    6412       1.9123
    6413       1.7996
    6414       1.8308
    6415       1.7739
    6416       1.9294
    6417       1.9094
    6418       1.9104
    6419       1.9557
    6420       1.9028
    6421       2.0038
    6422       2.0814
    6423       2.1740
    6424       1.9339
    6425       1.8854
    6426       2.0120
    6427       1.8781
    6428       1.9386
    6429       1.9857
    6430       1.7379
    6431       1.8945
    6432       1.9140
    6433       1.9977
    6434       1.8604
    6435       1.7301
    6436       1.7614
    6437       1.7653
    6438       1.8431
    6439       1.9204
    6440       1.8221
    6441       2.0016
    6442       1.9212
    6443       2.0809
    6444       2.2374
    6445       2.0241
    6446       1.9449
    6447       2.0955
    6448       1.9975
    6449       2.0442
    6450       1.8521
    6451       1.9084
    6452       1.9523
    6453       1.7830
    6454       1.8267
    6455       1.7677
    6456       1.8685
    6457       1.8363
    6458       1.9787
    6459       1.9717
    6460       1.8880
    6461       2.0069
    6462       2.0535
    6463       1.9560
    6464       2.2400
    6465       2.0560
    6466       2.2079
    6467       2.1466
    6468       1.9982
    6469       2.0417
    6470       2.0958
    6471       2.0252
    6472       1.9418
    6473       1.9573
    6474       1.9123
    6475       1.9122
    6476       1.9254
    6477       1.7883
    6478       1.8689
    6479       1.7352
    6480       1.8275
    6481       1.7341
    6482       1.6695
    6483       1.8220
    6484       1.8325
    6485       1.6492
    6486       1.7348
    6487       1.7954
    6488       1.7267
    6489       1.8726
    6490       1.8526
    6491       1.8309
    6492       1.7375
    6493       1.7037
    6494       1.7842
    6495       1.8914
    6496       2.0780
    6497       1.9441
    6498       1.8652
    6499       1.8551
    6500       1.8651
    6501       1.9025
    6502       1.9036
    6503       1.9289
    6504       1.9138
    6505       2.1556
    6506       1.9593
    6507       1.9079
    6508       1.8403
    6509       1.8701
    6510       1.9143
    6511       1.9627
    6512       1.9210
    6513       2.1713
    6514       1.8983
    6515       1.9005
    6516       1.7533
    6517       1.7638
    6518       1.7689
    6519       1.8887
    6520       1.7814
    6521       1.9547
    6522       1.9898
    6523       2.0467
    6524       2.0850
    6525       2.1457
    6526       2.2613
    6527       2.0666
    6528       2.2058
    6529       2.2085
    6530       2.2074
    6531       2.2801
    6532       2.5030
    6533       2.4223
    6534       2.5232
    6535       2.5848
    6536       2.6574
    6537       2.5112
    6538       2.4417
    6539       2.4833
    6540       2.1377
    6541       2.1745
    6542       2.2154
    6543       2.1566
    6544       2.1136
    6545       2.0761
    6546       2.2300
    6547       2.0809
    6548       2.0568
    6549       2.0593
    6550       2.0672
    6551       2.0799
    6552       2.1464
    6553       2.1245
    6554       1.9196
    6555       1.9395
    6556       1.8664
    6557       1.7606
    6558       1.8187
    6559       1.7876
    6560       1.8665
    6561       1.7532
    6562       1.7336
    6563       1.9297
    6564       1.8138
    6565       1.8716
    6566       1.8604
    6567       1.9057
    6568       1.8662
    6569       1.8339
    6570       1.8608
    6571       1.7753
    6572       1.8469
    6573       1.6700
    6574       1.7269
    6575       1.6801
    6576       1.5801
    6577       1.6904
    6578       1.6353
    6579       1.5732
    6580       1.6356
    6581       1.6932
    6582       1.6933
    6583       1.6697
    6584       1.6648
    6585       1.6589
    6586       1.7439
    6587       1.8029
    6588       1.7217
    6589       1.6519
    6590       1.6829
    6591       1.7411
    6592       1.8912
    6593       2.0204
    6594       1.8972
    6595       2.1015
    6596       1.9306
    6597       1.7768
    6598       1.8014
    6599       1.8293
    6600       1.7872
    6601       1.6306
    6602       1.6068
    6603       1.6755
    6604       1.8066
    6605       1.7083
    6606       1.6757
    6607       1.5763
    6608       1.6785
    6609       1.9255
    6610       1.7467
    6611       1.7294
    6612       1.7365
    6613       1.6838
    6614       1.8745
    6615       1.8837
    6616       1.7803
    6617       1.8094
    6618       1.8598
    6619       1.7682
    6620       1.7755
    6621       1.7064
    6622       1.5641
    6623       1.6089
    6624       1.6083
    6625       1.5290
    6626       1.5952
    6627       1.6320
    6628       1.7253
    6629       1.8129
    6630       1.8374
    6631       1.7548
    6632       1.6358
    6633       1.6996
    6634       1.6252
    6635       1.5964
    6636       1.5929
    6637       1.5697
    6638       1.6601
    6639       1.5850
    6640       1.6878
    6641       1.6841
    6642       1.8740
    6643       1.8290
    6644       1.7003
    6645       1.7013
    6646       1.7048
    6647       1.7746
    6648       1.6571
    6649       1.7244
    6650       1.6976
    6651       1.7147
    6652       1.5926
    6653       1.5484
    6654       1.6823
    6655       1.6591
    6656       1.7474
    6657       1.7030
    6658       1.6080
    6659       1.6411
    6660       1.6387
    6661       1.5771
    6662       1.6803
    6663       1.8897
    6664       1.6122
    6665       1.7582
    6666       1.6718
    6667       1.7332
    6668       1.6981
    6669       1.7843
    6670       1.8185
    6671       1.7122
    6672       1.6350
    6673       1.6878
    6674       1.5506
    6675       1.6345
    6676       1.5304
    6677       1.8108
    6678       1.7345
    6679       1.7255
    6680       1.7107
    6681       1.7361
    6682       1.6539
    6683       1.7070
    6684       1.5067
    6685       1.7040
    6686       1.7812
    6687       1.9587
    6688       1.9718
    6689       1.9283
    6690       1.8227
    6691       1.7249
    6692       1.6828
    6693       1.7819
    6694       1.7352
    6695       1.7142
    6696       1.6864
    6697       1.6296
    6698       1.8158
    6699       1.6755
    6700       1.9081
    6701       1.8991
    6702       1.8743
    6703       2.0262
    6704       1.9894
    6705       1.8343
    6706       1.8662
    6707       1.7757
    6708       1.7564
    6709       1.8226
    6710       1.8637
    6711       1.8763
    6712       1.9408
    6713       1.9251
    6714       1.8331
    6715       2.0477
    6716       1.8971
    6717       2.0488
    6718       1.9336
    6719       1.7712
    6720       1.7771
    6721       1.6865
    6722       1.8051
    6723       1.7948
    6724       1.8667
    6725       1.9465
    6726       2.0271
    6727       1.9194
    6728       1.9602
    6729       2.0202
    6730       1.8253
    6731       1.8518
    6732       1.8215
    6733       1.8633
    6734       1.8839
    6735       1.7413
    6736       1.7179
    6737       1.8732
    6738       1.7577
    6739       1.7177
    6740       1.7282
    6741       1.7391
    6742       1.8078
    6743       1.6759
    6744       1.7304
    6745       1.7818
    6746       1.7651
    6747       1.7117
    6748       1.7217
    6749       1.5609
    6750       1.6283
    6751       1.6271
    6752       1.6678
    6753       1.7604
    6754       1.7815
    6755       1.8505
    6756       1.9088
    6757       1.9463
    6758       1.7071
    6759       1.8738
    6760       1.9437
    6761       1.9744
    6762       2.0682
    6763       1.8821
    6764       1.8389
    6765       1.9275
    6766       1.7918
    6767       1.6482
    6768       1.6544
    6769       1.8563
    6770       1.8884
    6771       1.8096
    6772       1.9353
    6773       1.8358
    6774       1.8842
    6775       1.8423
    6776       1.8280
    6777       1.8001
    6778       1.8203
    6779       1.8855
    6780       1.7438
    6781       1.8341
    6782       1.9606
    6783       2.1454
    6784       1.9410
    6785       1.8900
    6786       1.7631
    6787       1.7717
    6788       1.8299
    6789       1.7254
    6790       1.7557
    6791       1.7794
    6792       1.7851
    6793       1.8378
    6794       1.7344
    6795       1.7120
    6796       1.6659
    6797       1.7619
    6798       1.6669
    6799       1.7324
    6800       1.8606
    6801       1.7141
    6802       1.7255
    6803       1.7386
    6804       1.6768
    6805       1.7151
    6806       1.7583
    6807       1.7874
    6808       1.8520
    6809       1.6399
    6810       1.6485
    6811       1.7244
    6812       1.8389
    6813       1.7379
    6814       1.8015
    6815       1.8157
    6816       1.8171
    6817       1.8521
    6818       1.8625
    6819       1.7961
    6820       1.8219
    6821       1.6883
    6822       1.8627
    6823       1.7156
    6824       1.8478
    6825       1.8645
    6826       1.7440
    6827       1.8017
    6828       1.7358
    6829       1.6822
    6830       1.7094
    6831       1.6580
    6832       1.5907
    6833       1.5401
    6834       1.5628
    6835       1.5116
    6836       1.5689
    6837       1.6757
    6838       1.8990
    6839       1.8102
    6840       1.8380
    6841       1.6858
    6842       1.6045
    6843       1.5668
    6844       1.6705
    6845       1.7738
    6846       1.9837
    6847       1.8974
    6848       1.8189
    6849       2.0202
    6850       2.1090
    6851       1.9696
    6852       2.2042
    6853       2.0455
    6854       2.0336
    6855       2.1591
    6856       1.9884
    6857       1.9578
    6858       1.7867
    6859       1.8855
    6860       2.0338
    6861       1.9599
    6862       1.9564
    6863       1.9945
    6864       1.8657
    6865       1.9289
    6866       1.8615
    6867       1.8910
    6868       1.9076
    6869       1.9834
    6870       1.9108
    6871       1.8217
    6872       1.7498
    6873       1.8588
    6874       1.9602
    6875       1.6731
    6876       1.7380
    6877       1.6638
    6878       1.6869
    6879       1.7654
    6880       1.7271
    6881       1.7536
    6882       1.8124
    6883       1.7379
    6884       1.7801
    6885       1.6660
    6886       1.7061
    6887       1.6346
    6888       1.6743
    6889       1.6185
    6890       1.5118
    6891       1.6133
    6892       1.7168
    6893       1.6430
    6894       1.7049
    6895       1.5996
    6896       1.5368
    6897       1.6268
    6898       1.7736
    6899       1.7342
    6900       1.7419
    6901       1.7065
    6902       1.6916
    6903       1.7992
    6904       1.8775
    6905       1.6952
    6906       1.6527
    6907       1.7022
    6908       1.7717
    6909       1.8036
    6910       1.7967
    6911       1.8311
    6912       1.7526
    6913       2.0052
    6914       1.9966
    6915       1.6831
    6916       1.6557
    6917       1.6833
    6918       1.7393
    6919       1.7106
    6920       1.6754
    6921       1.8635
    6922       1.8689
    6923       1.7908
    6924       1.7095
    6925       1.7041
    6926       1.7374
    6927       1.8366
    6928       1.9682
    6929       1.9709
    6930       1.9282
    6931       1.8666
    6932       1.6847
    6933       1.7885
    6934       1.8561
    6935       1.8926
    6936       2.0037
    6937       1.8088
    6938       1.7982
    6939       1.8105
    6940       1.6777
    6941       1.6762
    6942       1.5824
    6943       1.7701
    6944       1.6618
    6945       1.6067
    6946       1.7069
    6947       1.7523
    6948       1.8463
    6949       1.8456
    6950       1.9560
    6951       1.9361
    6952       1.9338
    6953       2.0508
    6954       1.9619
    6955       2.0988
    6956       1.9024
    6957       1.8375
    6958       1.8688
    6959       1.9535
    6960       1.9285
    6961       1.9263
    6962       2.0032
    6963       1.9331
    6964       1.8383
    6965       1.9942
    6966       2.1166
    6967       2.1234
    6968       2.0240
    6969       1.9399
    6970       1.9354
    6971       1.8945
    6972       1.8685
    6973       1.6644
    6974       1.7358
    6975       1.8460
    6976       1.8077
    6977       1.8625
    6978       1.9844
    6979       2.0574
    6980       1.9853
    6981       1.7671
    6982       1.8310
    6983       1.7724
    6984       1.8284
    6985       1.6304
    6986       1.6471
    6987       1.5970
    6988       1.6848
    6989       1.7675
    6990       1.5928
    6991       1.6540
    6992       1.7989
    6993       1.6033
    6994       1.6841
    6995       1.5985
    6996       1.5485
    6997       1.5153
    6998       1.6442
    6999       1.7756
    7000       1.7030
    7001       1.6329
    7002       1.6705
    7003       1.6399
    7004       1.7267
    7005       1.6141
    7006       1.6249
    7007       1.5438
    7008       1.5798
    7009       1.7848
    7010       1.5778
    7011       1.6409
    7012       1.5772
    7013       1.6752
    7014       1.6757
    7015       1.6535
    7016       1.7986
    7017       1.7884
    7018       1.7573
    7019       1.6841
    7020       1.6111
    7021       1.6622
    7022       1.5494
    7023       1.5659
    7024       1.4869
    7025       1.6121
    7026       1.7286
    7027       1.5901
    7028       1.7727
    7029       1.7339
    7030       1.7647
    7031       1.7097
    7032       1.7406
    7033       1.8918
    7034       1.8273
    7035       1.8355
    7036       1.7180
    7037       1.8877
    7038       1.8123
    7039       1.7554
    7040       1.7256
    7041       1.6747
    7042       1.6269
    7043       1.6479
    7044       1.7341
    7045       1.8802
    7046       1.8111
    7047       1.8509
    7048       1.8140
    7049       1.7064
    7050       1.7813
    7051       1.7671
    7052       1.7900
    7053       1.6853
    7054       1.6529
    7055       1.7292
    7056       1.7756
    7057       1.7030
    7058       1.7268
    7059       1.7639
    7060       1.8366
    7061       1.8927
    7062       1.8820
    7063       1.6831
    7064       1.6059
    7065       1.6619
    7066       1.6427
    7067       1.6928
    7068       1.6458
    7069       1.6703
    7070       1.7659
    7071       1.6845
    7072       1.7535
    7073       1.6203
    7074       1.6232
    7075       1.5724
    7076       1.6273
    7077       1.6251
    7078       1.6945
    7079       1.6273
    7080       1.6803
    7081       1.6285
    7082       1.6980
    7083       1.6453
    7084       1.6845
    7085       1.7797
    7086       1.6599
    7087       1.7517
    7088       1.7600
    7089       1.8041
    7090       1.6487
    7091       1.6541
    7092       1.8094
    7093       1.8806
    7094       1.6696
    7095       1.6503
    7096       1.8307
    7097       1.7214
    7098       1.6922
    7099       1.8378
    7100       1.8387
    7101       1.9423
    7102       1.9562
    7103       1.8777
    7104       1.8787
    7105       1.9364
    7106       2.1189
    7107       2.1513
    7108       1.8213
    7109       1.7999
    7110       1.7908
    7111       1.7397
    7112       1.6481
    7113       1.7287
    7114       1.6968
    7115       1.7547
    7116       1.7023
    7117       1.7477
    7118       1.8579
    7119       1.6985
    7120       1.7242
    7121       1.6581
    7122       1.8570
    7123       1.8703
    7124       1.7881
    7125       1.8162
    7126       1.8878
    7127       1.8116
    7128       1.8307
    7129       1.7699
    7130       1.8316
    7131       1.9792
    7132       1.9993
    7133       2.0041
    7134       2.0199
    7135       1.9621
    7136       1.7744
    7137       1.7919
    7138       1.7674
    7139       1.8685
    7140       1.9354
    7141       1.8378
    7142       1.8983
    7143       1.7635
    7144       1.9068
    7145       1.8602
    7146       1.8169
    7147       1.8624
    7148       1.9616
    7149       1.7757
    7150       1.8530
    7151       1.7750
    7152       2.1119
    7153       1.9326
    7154       1.7963
    7155       1.8799
    7156       1.7057
    7157       1.7014
    7158       1.8102
    7159       1.8220
    7160       1.7677
    7161       1.7118
    7162       1.6383
    7163       1.6526
    7164       1.7202
    7165       1.7608
    7166       1.7246
    7167       1.8748
    7168       2.0487
    7169       1.8765
    7170       1.9279
    7171       1.8900
    7172       1.8412
    7173       2.0557
    7174       2.1309
    7175       1.9992
    7176       2.0844
    7177       2.0029
    7178       2.0597
    7179       2.0490
    7180       1.8895
    7181       1.8883
    7182       1.8250
    7183       1.7153
    7184       1.7660
    7185       1.8139
    7186       1.8411
    7187       1.6680
    7188       1.8619
    7189       1.7618
    7190       1.8305
    7191       1.7081
    7192       1.7915
    7193       1.7138
    7194       1.7731
    7195       1.7404
    7196       1.7416
    7197       1.7187
    7198       1.9559
    7199       1.6190
    7200       1.8537
    7201       1.7618
    7202       1.6828
    7203       1.7312
    7204       1.8238
    7205       1.7641
    7206       1.7068
    7207       1.6121
    7208       1.8554
    7209       1.7907
    7210       1.8068
    7211       1.8403
    7212       1.8837
    7213       1.9049
    7214       1.8184
    7215       1.9026
    7216       1.8977
    7217       1.9436
    7218       1.8824
    7219       1.6970
    7220       1.6893
    7221       1.7104
    7222       1.7316
    7223       1.6889
    7224       1.7538
    7225       1.7466
    7226       1.7374
    7227       1.7529
    7228       1.6324
    7229       1.7325
    7230       1.5651
    7231       1.6360
    7232       1.5861
    7233       1.7001
    7234       1.5874
    7235       1.7902
    7236       1.6741
    7237       1.7707
    7238       1.6169
    7239       1.7328
    7240       1.7385
    7241       1.7204
    7242       1.7869
    7243       1.7625
    7244       1.8272
    7245       1.7641
    7246       1.7280
    7247       1.6592
    7248       1.7362
    7249       1.7058
    7250       1.6196
    7251       1.8529
    7252       1.6649
    7253       1.7131
    7254       1.7034
    7255       1.7047
    7256       1.7183
    7257       1.7319
    7258       1.7279
    7259       1.6790
    7260       1.6299
    7261       1.7303
    7262       1.7426
    7263       1.7078
    7264       1.7180
    7265       1.7712
    7266       1.7131
    7267       1.6634
    7268       1.7653
    7269       1.7620
    7270       1.7377
    7271       1.6528
    7272       1.5819
    7273       1.6237
    7274       1.6833
    7275       1.7881
    7276       1.8640
    7277       1.7122
    7278       1.6987
    7279       1.7106
    7280       1.8198
    7281       1.8964
    7282       1.8411
    7283       1.7751
    7284       1.7917
    7285       1.7158
    7286       1.7138
    7287       1.6391
    7288       1.5915
    7289       1.5336
    7290       1.5461
    7291       1.6557
    7292       1.7033
    7293       1.8371
    7294       1.7938
    7295       1.7494
    7296       1.6903
    7297       1.5894
    7298       1.7099
    7299       1.7429
    7300       1.7857
    7301       1.8453
    7302       2.0078
    7303       1.7089
    7304       1.7449
    7305       1.7315
    7306       1.6964
    7307       1.7263
    7308       1.6655
    7309       1.8126
    7310       1.8468
    7311       1.8083
    7312       1.8291
    7313       1.6739
    7314       1.7537
    7315       1.7004
    7316       1.4781
    7317       1.6344
    7318       1.6641
    7319       1.6560
    7320       1.5614
    7321       1.5935
    7322       1.5476
    7323       1.5754
    7324       1.7616
    7325       1.8501
    7326       1.6972
    7327       1.6384
    7328       1.5543
    7329       1.5004
    7330       1.5293
    7331       1.5207
    7332       1.4741
    7333       1.5192
    7334       1.6275
    7335       1.5326
    7336       1.5327
    7337       1.6129
    7338       1.6067
    7339       1.6654
    7340       1.6629
    7341       1.7407
    7342       1.8009
    7343       1.7805
    7344       1.7061
    7345       1.6674
    7346       1.6592
    7347       1.7142
    7348       1.8274
    7349       1.6483
    7350       1.5884
    7351       1.5973
    7352       1.8524
    7353       1.7878
    7354       1.5785
    7355       1.6394
    7356       1.6796
    7357       1.5861
    7358       1.7468
    7359       1.6804
    7360       1.8210
    7361       1.6697
    7362       1.5610
    7363       1.6849
    7364       1.6589
    7365       1.6825
    7366       1.7573
    7367       1.6032
    7368       1.6063
    7369       1.7636
    7370       1.5710
    7371       1.5332
    7372       1.5085
    7373       1.5002
    7374       1.5482
    7375       1.5428
    7376       1.5621
    7377       1.5349
    7378       1.4421
    7379       1.5601
    7380       1.6031
    7381       1.5873
    7382       1.5097
    7383       1.5901
    7384       1.5438
    7385       1.4249
    7386       1.4013
    7387       1.4999
    7388       1.5414
    7389       1.5054
    7390       1.5288
    7391       1.6113
    7392       1.5763
    7393       1.4612
    7394       1.5511
    7395       1.6580
    7396       1.6139
    7397       1.6192
    7398       1.6011
    7399       1.8658
    7400       1.7241
    7401       1.5850
    7402       1.5675
    7403       1.6707
    7404       1.5870
    7405       1.6863
    7406       1.7217
    7407       1.8060
    7408       1.8792
    7409       1.6702
    7410       1.8073
    7411       1.7988
    7412       1.8378
    7413       1.8140
    7414       1.7800
    7415       1.7382
    7416       1.7219
    7417       1.8543
    7418       2.0359
    7419       1.9052
    7420       1.9072
    7421       1.9763
    7422       1.9796
    7423       1.8246
    7424       2.0999
    7425       2.0337
    7426       2.0686
    7427       2.1135
    7428       2.2012
    7429       2.0728
    7430       1.8800
    7431       1.8824
    7432       1.8745
    7433       1.7235
    7434       1.6887
    7435       1.9359
    7436       1.8922
    7437       1.8725
    7438       2.0374
    7439       1.9481
    7440       1.8093
    7441       1.9104
    7442       1.8560
    7443       1.8024
    7444       1.8181
    7445       1.7581
    7446       1.9392
    7447       1.9926
    7448       1.8971
    7449       1.9220
    7450       1.8848
    7451       2.0194
    7452       2.0865
    7453       1.9817
    7454       2.0179
    7455       2.1797
    7456       2.1307
    7457       2.0556
    7458       2.0771
    7459       2.1660
    7460       1.9409
    7461       1.8987
    7462       1.9082
    7463       1.7563
    7464       1.6594
    7465       1.7243
    7466       1.5825
    7467       1.7020
    7468       1.6952
    7469       1.8123
    7470       1.8963
    7471       1.9571
    7472       1.7764
    7473       1.8920
    7474       1.9786
    7475       1.8920
    7476       1.7622
    7477       1.8552
    7478       1.8513
    7479       1.8033
    7480       1.7580
    7481       1.7150
    7482       1.8098
    7483       1.8790
    7484       1.8792
    7485       2.0686
    7486       2.0659
    7487       2.1047
    7488       1.8599
    7489       2.0379
    7490       1.8475
    7491       1.8555
    7492       1.7510
    7493       1.8616
    7494       2.0826
    7495       1.9839
    7496       2.0323
    7497       1.8468
    7498       1.9507
    7499       1.9548
    7500       1.9494
    7501       1.8871
    7502       1.7668
    7503       1.7779
    7504       1.8090
    7505       1.7663
    7506       1.7961
    7507       1.7182
    7508       1.7657
    7509       1.8872
    7510       1.9386
    7511       1.8391
    7512       1.9026
    7513       1.9452
    7514       1.9160
    7515       1.8810
    7516       1.8915
    7517       1.6690
    7518       1.8159
    7519       1.7547
    7520       1.8405
    7521       1.7356
    7522       1.6972
    7523       1.6618
    7524       1.7498
    7525       1.7170
    7526       1.6653
    7527       1.7145
    7528       1.6808
    7529       1.7025
    7530       1.6055
    7531       1.7432
    7532       1.7409
    7533       1.6616
    7534       1.6781
    7535       1.7291
    7536       1.7783
    7537       1.7497
    7538       1.7285
    7539       1.7458
    7540       1.7363
    7541       1.8034
    7542       1.6937
    7543       1.6201
    7544       1.7597
    7545       1.6584
    7546       1.5777
    7547       1.5933
    7548       1.5755
    7549       1.6243
    7550       1.5854
    7551       1.6442
    7552       1.7235
    7553       1.6415
    7554       1.6733
    7555       1.6705
    7556       1.6993
    7557       1.6573
    7558       1.6154
    7559       1.5636
    7560       1.6765
    7561       1.6815
    7562       1.8317
    7563       1.8396
    7564       1.9597
    7565       1.9525
    7566       1.9537
    7567       1.9085
    7568       2.0021
    7569       2.2703
    7570       2.1066
    7571       1.8472
    7572       1.7686
    7573       1.7179
    7574       1.8226
    7575       1.8782
    7576       1.8388
    7577       1.7001
    7578       1.6420
    7579       1.7328
    7580       1.6493
    7581       1.7567
    7582       1.6105
    7583       1.5915
    7584       1.6792
    7585       1.5751
    7586       1.7586
    7587       1.8890
    7588       1.8440
    7589       1.8314
    7590       1.8303
    7591       1.5981
    7592       1.6524
    7593       1.6337
    7594       1.5585
    7595       1.5620
    7596       1.5512
    7597       1.5254
    7598       1.5671
    7599       1.5017
    7600       1.5355
    7601       1.6444
    7602       1.5340
    7603       1.6216
    7604       1.5498
    7605       1.5773
    7606       1.5404
    7607       1.5139
    7608       1.5969
    7609       1.6822
    7610       1.6747
    7611       1.7271
    7612       1.7068
    7613       1.6339
    7614       1.6083
    7615       1.6577
    7616       1.5744
    7617       1.5889
    7618       1.6021
    7619       1.7034
    7620       1.5909
    7621       1.5350
    7622       1.5568
    7623       1.7140
    7624       1.6430
    7625       1.8977
    7626       1.7355
    7627       1.6922
    7628       1.6997
    7629       1.6647
    7630       1.5674
    7631       1.6554
    7632       1.6664
    7633       1.6209
    7634       1.6767
    7635       1.8001
    7636       1.9428
    7637       1.8259
    7638       1.7584
    7639       1.8058
    7640       1.7542
    7641       1.9901
    7642       1.9088
    7643       1.7772
    7644       1.7799
    7645       1.8083
    7646       1.7442
    7647       1.7211
    7648       1.6480
    7649       1.6635
    7650       1.5204
    7651       1.4895
    7652       1.6195
    7653       1.5490
    7654       1.5416
    7655       1.5083
    7656       1.6281
    7657       1.6705
    7658       1.6507
    7659       1.6294
    7660       1.6074
    7661       1.6505
    7662       1.6153
    7663       1.7819
    7664       1.6982
    7665       1.5257
    7666       1.5500
    7667       1.6636
    7668       1.6587
    7669       1.7325
    7670       1.6663
    7671       1.6925
    7672       1.5892
    7673       1.4869
    7674       1.4639
    7675       1.6371
    7676       1.5373
    7677       1.5732
    7678       1.8580
    7679       1.6297
    7680       1.5061
    7681       1.6034
    7682       1.6155
    7683       1.5655
    7684       1.5502
    7685       1.6763
    7686       1.5839
    7687       1.5208
    7688       1.4371
    7689       1.4460
    7690       1.4807
    7691       1.5626
    7692       1.4492
    7693       1.4818
    7694       1.6010
    7695       1.6307
    7696       1.6031
    7697       1.5831
    7698       1.5533
    7699       1.6059
    7700       1.5096
    7701       1.6453
    7702       1.7312
    7703       1.7660
    7704       1.7676
    7705       1.6142
    7706       1.7308
    7707       1.6020
    7708       1.6767
    7709       1.8014
    7710       1.8434
    7711       1.8345
    7712       1.6287
    7713       1.8581
    7714       1.7548
    7715       1.6751
    7716       1.7616
    7717       1.7925
    7718       1.5726
    7719       1.5312
    7720       1.5737
    7721       1.6887
    7722       1.6853
    7723       1.6076
    7724       1.5348
    7725       1.4997
    7726       1.4860
    7727       1.4664
    7728       1.4718
    7729       1.4919
    7730       1.4548
    7731       1.5038
    7732       1.5969
    7733       1.5526
    7734       1.4677
    7735       1.4923
    7736       1.5127
    7737       1.4547
    7738       1.4927
    7739       1.5205
    7740       1.4170
    7741       1.4882
    7742       1.4081
    7743       1.5543
    7744       1.5381
    7745       1.5000
    7746       1.5298
    7747       1.6067
    7748       1.6096
    7749       1.5595
    7750       1.5332
    7751       1.5080
    7752       1.4401
    7753       1.5626
    7754       1.5490
    7755       1.5854
    7756       1.5399
    7757       1.6139
    7758       1.5927
    7759       1.6586
    7760       1.6158
    7761       1.7031
    7762       1.6464
    7763       1.6879
    7764       1.5412
    7765       1.4929
    7766       1.6496
    7767       1.5706
    7768       1.5184
    7769       1.4345
    7770       1.3954
    7771       1.4226
    7772       1.4462
    7773       1.4451
    7774       1.6048
    7775       1.6128
    7776       1.6069
    7777       1.4691
    7778       1.5739
    7779       1.5570
    7780       1.5610
    7781       1.5703
    7782       1.5581
    7783       1.6638
    7784       1.6827
    7785       1.5915
    7786       1.6035
    7787       1.5397
    7788       1.5254
    7789       1.4800
    7790       1.4152
    7791       1.5786
    7792       1.5069
    7793       1.6540
    7794       1.5238
    7795       1.5644
    7796       1.6754
    7797       1.6280
    7798       1.7168
    7799       1.6268
    7800       1.5798
    7801       1.6609
    7802       1.6999
    7803       1.6133
    7804       1.5596
    7805       1.5714
    7806       1.6197
    7807       1.5074
    7808       1.5746
    7809       1.5896
    7810       1.7276
    7811       1.6462
    7812       1.6834
    7813       1.6717
    7814       1.8871
    7815       1.9098
    7816       2.0225
    7817       1.9923
    7818       1.8733
    7819       1.8682
    7820       1.7447
    7821       1.7995
    7822       1.8009
    7823       1.7718
    7824       1.6594
    7825       1.5781
    7826       1.4777
    7827       1.6142
    7828       1.7848
    7829       1.5383
    7830       1.6206
    7831       1.5665
    7832       1.6764
    7833       1.7131
    7834       1.6947
    7835       1.5587
    7836       1.7712
    7837       1.8801
    7838       1.8076
    7839       1.6915
    7840       1.6568
    7841       1.7534
    7842       1.8150
    7843       1.6127
    7844       1.6486
    7845       1.6844
    7846       1.6108
    7847       1.7280
    7848       1.6647
    7849       1.5925
    7850       1.6420
    7851       1.7735
    7852       1.8003
    7853       1.9281
    7854       1.7951
    7855       1.7506
    7856       2.0030
    7857       1.9999
    7858       2.0056
    7859       2.0816
    7860       2.0460
    7861       1.9658
    7862       1.9506
    7863       1.8251
    7864       1.7726
    7865       1.7943
    7866       1.7286
    7867       1.6839
    7868       1.7630
    7869       1.7337
    7870       1.6203
    7871       1.6677
    7872       1.7074
    7873       1.6653
    7874       1.6187
    7875       1.5952
    7876       1.4975
    7877       1.4699
    7878       1.5887
    7879       1.6430
    7880       1.8100
    7881       1.8222
    7882       1.6357
    7883       1.6318
    7884       1.6704
    7885       1.6792
    7886       1.6695
    7887       1.7844
    7888       1.9339
    7889       2.1392
    7890       1.9914
    7891       1.9793
    7892       1.9066
    7893       1.8918
    7894       1.8064
    7895       2.0454
    7896       1.9108
    7897       1.9646
    7898       1.8332
    7899       2.0170
    7900       1.9749
    7901       1.9204
    7902       1.9545
    7903       1.8804
    7904       1.7701
    7905       1.8027
    7906       1.7729
    7907       1.8452
    7908       1.7328
    7909       1.5642
    7910       1.5859
    7911       1.6011
    7912       1.6290
    7913       1.6108
    7914       1.6348
    7915       1.6616
    7916       1.7189
    7917       1.6847
    7918       1.5437
    7919       1.6636
    7920       1.5602
    7921       1.6252
    7922       1.6315
    7923       1.6687
    7924       1.6212
    7925       1.6188
    7926       1.7115
    7927       1.4604
    7928       1.6293
    7929       1.5921
    7930       1.5852
    7931       1.5938
    7932       1.6633
    7933       1.5145
    7934       1.5689
    7935       1.6185
    7936       1.7154
    7937       1.5592
    7938       1.6072
    7939       1.4814
    7940       1.5956
    7941       1.5280
    7942       1.6117
    7943       1.6063
    7944       1.6150
    7945       1.5662
    7946       1.6063
    7947       1.5911
    7948       1.4955
    7949       1.4984
    7950       1.6326
    7951       1.5706
    7952       1.6768
    7953       1.6654
    7954       1.6848
    7955       1.6107
    7956       1.6939
    7957       1.6704
    7958       1.5988
    7959       1.6784
    7960       1.6789
    7961       1.7017
    7962       1.7158
    7963       1.6776
    7964       1.5105
    7965       1.5486
    7966       1.6734
    7967       1.6371
    7968       1.8192
    7969       1.9043
    7970       1.8313
    7971       1.8630
    7972       1.9297
    7973       1.8301
    7974       1.8970
    7975       1.8193
    7976       1.8729
    7977       1.9630
    7978       1.8369
    7979       2.1983
    7980       2.2028
    7981       2.0846
    7982       2.1571
    7983       2.1975
    7984       2.1638
    7985       2.0976
    7986       1.8797
    7987       1.9162
    7988       2.0260
    7989       1.9512
    7990       1.9968
    7991       1.8966
    7992       1.8289
    7993       1.9792
    7994       1.7214
    7995       1.8770
    7996       1.8835
    7997       1.8060
    7998       2.0053
    7999       1.9021
    8000       1.8394
    8001       1.9948
    8002       2.0300
    8003       1.7937
    8004       1.9302
    8005       2.0444
    8006       1.9773
    8007       1.8719
    8008       1.9216
    8009       1.7613
    8010       1.7756
    8011       1.6675
    8012       1.6787
    8013       1.7173
    8014       1.5450
    8015       1.6753
    8016       1.7179
    8017       1.6932
    8018       1.6855
    8019       1.6962
    8020       1.7758
    8021       1.9015
    8022       1.5746
    8023       1.5475
    8024       1.6649
    8025       1.5943
    8026       1.7233
    8027       1.8371
    8028       1.6088
    8029       1.5487
    8030       1.6159
    8031       1.5874
    8032       1.6752
    8033       1.6623
    8034       1.6446
    8035       1.6098
    8036       1.6462
    8037       1.5854
    8038       1.6669
    8039       1.7147
    8040       1.6668
    8041       1.6927
    8042       1.6720
    8043       1.7817
    8044       1.7512
    8045       1.7015
    8046       1.6487
    8047       1.6792
    8048       1.6603
    8049       1.6149
    8050       1.6702
    8051       1.6488
    8052       1.6057
    8053       1.8391
    8054       1.8129
    8055       1.7651
    8056       1.6949
    8057       1.7329
    8058       1.7498
    8059       1.6968
    8060       1.7896
    8061       1.7587
    8062       1.7885
    8063       1.7468
    8064       1.6239
    8065       1.7137
    8066       1.6259
    8067       1.6849
    8068       1.6717
    8069       1.7398
    8070       1.6138
    8071       1.6254
    8072       1.5590
    8073       1.7505
    8074       1.8538
    8075       1.8294
    8076       1.7419
    8077       1.7476
    8078       1.7639
    8079       1.6264
    8080       1.6346
    8081       1.7739
    8082       1.8047
    8083       1.6501
    8084       1.6754
    8085       1.6694
    8086       1.7105
    8087       1.8391
    8088       1.8664
    8089       1.6487
    8090       1.7822
    8091       1.6157
    8092       1.7676
    8093       1.8570
    8094       1.8174
    8095       1.8234
    8096       1.9952
    8097       1.9537
    8098       1.8304
    8099       1.7005
    8100       1.8314
    8101       1.7767
    8102       1.6515
    8103       1.6463
    8104       1.6142
    8105       1.5689
    8106       1.6009
    8107       1.6345
    8108       1.7040
    8109       1.7644
    8110       1.6843
    8111       1.6921
    8112       1.6675
    8113       1.7221
    8114       1.7365
    8115       1.5713
    8116       1.6265
    8117       1.7312
    8118       1.6517
    8119       1.6434
    8120       1.6023
    8121       1.7109
    8122       1.5820
    8123       1.6701
    8124       1.5834
    8125       1.6081
    8126       1.5757
    8127       1.4985
    8128       1.5600
    8129       1.8572
    8130       1.6977
    8131       1.8031
    8132       1.7399
    8133       1.7436
    8134       1.8532
    8135       1.8629
    8136       1.9168
    8137       1.8503
    8138       1.8027
    8139       1.6902
    8140       1.7406
    8141       1.8521
    8142       1.8387
    8143       1.8753
    8144       1.9503
    8145       1.9986
    8146       1.8413
    8147       1.7416
    8148       1.6993
    8149       1.7406
    8150       1.6462
    8151       1.7170
    8152       1.7338
    8153       1.8728
    8154       1.8725
    8155       1.6202
    8156       1.6392
    8157       1.5896
    8158       1.8294
    8159       1.7695
    8160       1.6447
    8161       1.6232
    8162       1.7579
    8163       1.7250
    8164       1.8525
    8165       1.8341
    8166       1.7721
    8167       1.7002
    8168       1.7116
    8169       1.6502
    8170       1.6763
    8171       1.7522
    8172       1.8393
    8173       1.8118
    8174       1.6870
    8175       1.8587
    8176       1.7886
    8177       1.8627
    8178       1.9511
    8179       1.8961
    8180       1.9276
    8181       1.9375
    8182       1.9053
    8183       2.1718
    8184       2.0327
    8185       2.1673
    8186       1.8166
    8187       1.8078
    8188       1.8634
    8189       1.9812
    8190       1.6894
    8191       1.8633
    8192       1.8932
    8193       1.8718
    8194       1.7945
    8195       1.7493
    8196       1.6527
    8197       1.6281
    8198       1.5884
    8199       1.5931
    8200       1.5528
    8201       1.5684
    8202       1.6649
    8203       1.7956
    8204       1.8580
    8205       1.9913
    8206       1.8806
    8207       1.7796
    8208       1.7654
    8209       1.8268
    8210       1.9161
    8211       1.8490
    8212       1.7661
    8213       1.7665
    8214       1.9008
    8215       1.9444
    8216       2.0622
    8217       2.0410
    8218       2.1594
    8219       2.1531
    8220       2.1885
    8221       2.0855
    8222       1.8249
    8223       1.9063
    8224       1.8887
    8225       1.8543
    8226       1.7792
    8227       1.8899
    8228       1.9135
    8229       1.9492
    8230       1.8145
    8231       1.7188
    8232       1.8431
    8233       1.9491
    8234       1.8329
    8235       1.7991
    8236       1.7415
    8237       1.7776
    8238       1.9136
    8239       1.9346
    8240       1.9746
    8241       2.1242
    8242       1.9501
    8243       2.0241
    8244       2.1616
    8245       2.0581
    8246       2.0884
    8247       1.9657
    8248       2.0070
    8249       2.1051
    8250       2.1437
    8251       2.0082
    8252       1.8904
    8253       1.7608
    8254       1.8704
    8255       1.7946
    8256       1.8025
    8257       1.9200
    8258       1.6774
    8259       1.9229
    8260       1.8828
    8261       1.7739
    8262       1.6636
    8263       1.7968
    8264       1.8394
    8265       1.7316
    8266       1.7502
    8267       1.8195
    8268       1.7998
    8269       1.6366
    8270       1.5983
    8271       1.6315
    8272       1.8891
    8273       1.9271
    8274       2.1636
    8275       2.0525
    8276       2.0552
    8277       2.1489
    8278       2.1854
    8279       2.0775
    8280       2.1195
    8281       2.4205
    8282       2.0806
    8283       1.8708
    8284       1.8490
    8285       1.8488
    8286       2.0693
    8287       2.2566
    8288       2.2269
    8289       2.3341
    8290       2.2351
    8291       2.1968
    8292       2.0955
    8293       1.8606
    8294       1.8892
    8295       1.9277
    8296       1.9748
    8297       1.9552
    8298       1.9420
    8299       1.9565
    8300       2.1366
    8301       1.9693
    8302       1.9421
    8303       1.8297
    8304       1.8207
    8305       1.7788
    8306       1.6944
    8307       1.8930
    8308       1.9746
    8309       1.8727
    8310       1.9361
    8311       1.7893
    8312       1.9211
    8313       2.0088
    8314       1.8558
    8315       2.0865
    8316       2.0700
    8317       2.2572
    8318       2.1976
    8319       2.2397
    8320       2.2140
    8321       2.2956
    8322       2.3561
    8323       2.3017
    8324       2.1396
    8325       2.1426
    8326       2.0791
    8327       1.9357
    8328       2.0785
    8329       2.0138
    8330       1.9191
    8331       1.9538
    8332       1.8008
    8333       1.7506
    8334       1.7656
    8335       1.8276
    8336       2.0059
    8337       1.8317
    8338       1.9885
    8339       2.1179
    8340       1.9419
    8341       1.8598
    8342       1.7412
    8343       1.7262
    8344       1.8195
    8345       1.9472
    8346       1.7445
    8347       1.7268
    8348       1.8186
    8349       1.7666
    8350       1.8058
    8351       1.8781
    8352       1.7909
    8353       1.7725
    8354       1.9798
    8355       2.1403
    8356       2.0470
    8357       1.9827
    8358       1.8751
    8359       1.8992
    8360       1.8422
    8361       2.0137
    8362       2.0357
    8363       2.0519
    8364       2.1130
    8365       2.1439
    8366       2.0080
    8367       2.0619
    8368       1.8715
    8369       1.8516
    8370       2.0862
    8371       2.0489
    8372       1.8960
    8373       1.7804
    8374       2.0320
    8375       2.1248
    8376       2.1180
    8377       2.0316
    8378       1.9948
    8379       2.0138
    8380       2.0417
    8381       1.9708
    8382       1.9192
    8383       2.1480
    8384       1.8880
    8385       1.7569
    8386       1.9034
    8387       2.0401
    8388       2.1047
    8389       2.1617
    8390       2.1619
    8391       2.0026
    8392       2.0650
    8393       2.0880
    8394       2.0889
    8395       2.1609
    8396       2.1652
    8397       2.2492
    8398       2.1835
    8399       2.2578
    8400       2.1604
    8401       2.0787
    8402       2.1429
    8403       2.1361
    8404       2.3602
    8405       2.3767
    8406       2.1551
    8407       2.3679
    8408       2.1881
    8409       1.9627
    8410       1.9467
    8411       2.1058
    8412       2.2105
    8413       2.0590
    8414       1.9893
    8415       2.1344
    8416       2.0838
    8417       1.9865
    8418       2.1182
    8419       2.0261
    8420       2.0815
    8421       2.1402
    8422       1.8159
    8423       1.9003
    8424       1.9250
    8425       2.0554
    8426       2.0867
    8427       1.9216
    8428       1.8702
    8429       1.8467
    8430       1.9990
    8431       1.8940
    8432       1.8027
    8433       1.7696
    8434       1.8365
    8435       2.1195
    8436       2.3676
    8437       2.1181
    8438       1.9249
    8439       2.0438
    8440       1.9928
    8441       1.9312
    8442       1.8830
    8443       1.8712
    8444       1.8764
    8445       2.0029
    8446       1.9178
    8447       1.8718
    8448       1.8396
    8449       1.8326
    8450       1.8924
    8451       1.7312
    8452       1.8356
    8453       1.7989
    8454       1.9452
    8455       2.0289
    8456       1.9294
    8457       1.7808
    8458       1.7600
    8459       1.7203
    8460       1.8699
    8461       1.7937
    8462       2.0058
    8463       1.9664
    8464       1.9580
    8465       1.9867
    8466       1.9875
    8467       1.9335
    8468       1.8514
    8469       2.0680
    8470       2.0720
    8471       1.9729
    8472       1.9518
    8473       2.0797
    8474       1.9487
    8475       1.8478
    8476       2.0405
    8477       1.9560
    8478       1.8963
    8479       2.0788
    8480       1.9726
    8481       2.0880
    8482       1.9273
    8483       2.0310
    8484       2.0301
    8485       2.0189
    8486       1.9747
    8487       2.1177
    8488       1.9879
    8489       1.8549
    8490       1.9498
    8491       1.9652
    8492       2.0607
    8493       2.0120
    8494       2.0942
    8495       2.0736
    8496       1.8113
    8497       1.8248
    8498       1.7514
    8499       1.6468
    8500       1.7166
    8501       1.7070
    8502       1.8915
    8503       1.9383
    8504       1.9638
    8505       2.0533
    8506       1.9525
    8507       1.9060
    8508       1.8270
    8509       1.7795
    8510       1.7173
    8511       1.7214
    8512       1.7607
    8513       1.9798
    8514       1.9014
    8515       1.8410
    8516       1.8815
    8517       1.7856
    8518       1.7838
    8519       1.7675
    8520       1.7440
    8521       1.7174
    8522       1.7807
    8523       1.8466
    8524       1.8194
    8525       1.9716
    8526       2.0031
    8527       1.9258
    8528       1.9252
    8529       1.8463
    8530       2.0505
    8531       2.0490
    8532       2.1348
    8533       2.1448
    8534       2.1930
    8535       2.4095
    8536       2.1503
    8537       2.4013
    8538       2.4126
    8539       2.3386
    8540       2.4068
    8541       2.2906
    8542       2.3355
    8543       2.3033
    8544       2.1624
    8545       2.0255
    8546       2.0631
    8547       1.9737
    8548       2.0373
    8549       1.9848
    8550       1.9426
    8551       1.9577
    8552       1.8439
    8553       1.8267
    8554       1.9543
    8555       1.8710
    8556       1.9062
    8557       1.8693
    8558       1.9307
    8559       2.0313
    8560       2.1658
    8561       2.2192
    8562       1.9742
    8563       2.0003
    8564       2.0597
    8565       1.9489
    8566       1.9244
    8567       2.0341
    8568       2.0451
    8569       2.0934
    8570       2.0821
    8571       2.0240
    8572       2.1370
    8573       1.9751
    8574       2.0843
    8575       2.1535
    8576       2.2693
    8577       2.1639
    8578       2.2998
    8579       2.1971
    8580       2.0612
    8581       2.2449
    8582       2.0328
    8583       1.9418
    8584       1.9600
    8585       1.9549
    8586       2.1138
    8587       2.1869
    8588       2.2935
    8589       2.2088
    8590       2.0646
    8591       2.0643
    8592       2.0327
    8593       2.1202
    8594       2.2283
    8595       2.2541
    8596       2.0911
    8597       2.0486
    8598       1.9597
    8599       2.0037
    8600       2.0493
    8601       2.0585
    8602       2.3424
    8603       2.2230
    8604       2.2649
    8605       2.1639
    8606       2.2003
    8607       2.1415
    8608       2.1855
    8609       2.4489
    8610       2.2778
    8611       2.3789
    8612       2.2170
    8613       2.1002
    8614       2.0123
    8615       2.0792
    8616       2.0739
    8617       2.2413
    8618       2.1104
    8619       2.0171
    8620       2.0199
    8621       2.2548
    8622       2.3105
    8623       2.2185
    8624       2.1286
    8625       2.2244
    8626       2.1185
    8627       2.0436
    8628       2.0356
    8629       2.1570
    8630       2.2029
    8631       2.3435
    8632       2.1645
    8633       2.1881
    8634       2.3242
    8635       2.3254
    8636       2.0969
    8637       1.9609
    8638       2.0751
    8639       1.9698
    8640       1.9502
    8641       1.8607
    8642       1.9486
    8643       1.8659
    8644       1.9422
    8645       1.8024
    8646       1.6863
    8647       1.8036
    8648       1.7875
    8649       1.7149
    8650       1.7864
    8651       1.8817
    8652       1.7128
    8653       1.8015
    8654       1.6897
    8655       1.5775
    8656       1.6598
    8657       1.7726
    8658       1.7022
    8659       1.7277
    8660       1.7752
    8661       1.8608
    8662       1.9375
    8663       1.9089
    8664       2.1242
    8665       2.1143
    8666       2.0485
    8667       1.8472
    8668       2.0245
    8669       1.9612
    8670       1.9052
    8671       1.9586
    8672       1.9571
    8673       1.9491
    8674       2.0214
    8675       2.0060
    8676       1.9095
    8677       1.8980
    8678       1.8009
    8679       1.9111
    8680       1.8823
    8681       1.9237
    8682       1.9590
    8683       1.9535
    8684       1.8519
    8685       1.7331
    8686       1.8292
    8687       1.8414
    8688       1.7433
    8689       1.6581
    8690       1.8275
    8691       1.8101
    8692       1.7734
    8693       1.8333
    8694       1.9455
    8695       1.9376
    8696       2.1377
    8697       1.8854
    8698       2.2229
    8699       2.1409
    8700       2.1552
    8701       2.0400
    8702       1.9939
    8703       1.9226
    8704       2.0355
    8705       1.9835
    8706       2.0161
    8707       1.9869
    8708       2.0259
    8709       1.7526
    8710       1.9135
    8711       1.8013
    8712       1.6613
    8713       1.6752
    8714       1.7234
    8715       1.6619
    8716       1.8148
    8717       1.9159
    8718       1.8088
    8719       1.7058
    8720       1.5050
    8721       1.5284
    8722       1.7964
    8723       1.8661
    8724       1.6643
    8725       1.6476
    8726       1.6052
    8727       1.7441
    8728       1.9600
    8729       1.8323
    8730       1.7561
    8731       1.7951
    8732       1.8242
    8733       1.8117
    8734       1.7928
    8735       1.8833
    8736       1.8085
    8737       1.8542
    8738       1.8884
    8739       2.0000
    8740       1.9994
    8741       1.7194
    8742       1.9568
    8743       1.8905
    8744       1.9029
    8745       1.8880
    8746       1.8819
    8747       1.7690
    8748       1.7800
    8749       2.0010
    8750       1.9307
    8751       1.9935
    8752       1.9420
    8753       1.8018
    8754       1.8808
    8755       1.7667
    8756       1.7138
    8757       1.6614
    8758       1.7195
    8759       1.6540
    8760       1.7018
    8761       1.8034
    8762       1.8685
    8763       2.0106
    8764       1.7789
    8765       1.9104
    8766       1.9450
    8767       1.8625
    8768       1.8740
    8769       1.7932
    8770       1.8118
    8771       1.8824
    8772       1.8654
    8773       1.8730
    8774       1.8629
    8775       1.9545
    8776       1.7645
    8777       1.9127
    8778       1.9146
    8779       1.9918
    8780       2.0848
    8781       2.1425
    8782       2.1374
    8783       2.0329
    8784       2.1365
    8785       2.2937
    8786       2.2242
    8787       2.0984
    8788       2.0475
    8789       2.0308
    8790       1.9575
    8791       1.9754
    8792       1.9384
    8793       1.9728
    8794       1.9044
    8795       1.9000
    8796       1.8111
    8797       1.7886
    8798       1.7158
    8799       1.8168
    8800       1.8613
    8801       1.9133
    8802       1.7325
    8803       1.8430
    8804       1.8940
    8805       1.9228
    8806       1.8208
    8807       1.8347
    8808       1.7642
    8809       1.7058
    8810       1.6129
    8811       1.7111
    8812       1.6323
    8813       1.6821
    8814       1.8318
    8815       1.7576
    8816       1.7674
    8817       1.6875
    8818       1.8045
    8819       1.8079
    8820       1.6381
    8821       1.5967
    8822       1.6056
    8823       1.6996
    8824       1.5858
    8825       1.5560
    8826       1.5397
    8827       1.5365
    8828       1.5831
    8829       1.5571
    8830       1.6457
    8831       1.7420
    8832       1.7005
    8833       1.8876
    8834       1.8582
    8835       1.6435
    8836       1.6462
    8837       1.6030
    8838       1.4440
    8839       1.5319
    8840       1.5637
    8841       1.5426
    8842       1.6305
    8843       1.5319
    8844       1.5126
    8845       1.6151
    8846       1.6514
    8847       1.6493
    8848       1.5149
    8849       1.6462
    8850       1.6887
    8851       1.7263
    8852       1.7294
    8853       2.0320
    8854       1.9025
    8855       1.8275
    8856       1.6631
    8857       1.8607
    8858       1.7323
    8859       1.6237
    8860       1.6424
    8861       1.5020
    8862       1.6304
    8863       1.5680
    8864       1.4900
    8865       1.5795
    8866       1.6486
    8867       1.6722
    8868       1.4776
    8869       1.5666
    8870       1.4793
    8871       1.5013
    8872       1.4990
    8873       1.4078
    8874       1.4941
    8875       1.4855
    8876       1.5897
    8877       1.4872
    8878       1.4229
    8879       1.4254
    8880       1.3343
    8881       1.4106
    8882       1.5042
    8883       1.4353
    8884       1.5071
    8885       1.5611
    8886       1.6439
    8887       1.6054
    8888       1.6886
    8889       1.5817
    8890       1.6448
    8891       1.7695
    8892       1.5732
    8893       1.6498
    8894       1.6248
    8895       1.7653
    8896       1.7746
    8897       1.7811
    8898       1.6261
    8899       1.6117
    8900       1.8964
    8901       1.8930
    8902       1.8671
    8903       1.8960
    8904       1.9139
    8905       2.0274
    8906       1.8703
    8907       1.7833
    8908       1.7195
    8909       1.7909
    8910       1.9083
    8911       1.9837
    8912       1.9183
    8913       2.0590
    8914       2.1703
    8915       1.8381
    8916       1.8174
    8917       1.7769
    8918       1.8057
    8919       1.9199
    8920       1.7599
    8921       1.9224
    8922       1.6542
    8923       1.6704
    8924       1.8045
    8925       1.7982
    8926       1.7568
    8927       1.8203
    8928       1.7864
    8929       1.6201
    8930       1.7951
    8931       1.7510
    8932       1.6815
    8933       1.8746
    8934       1.7334
    8935       1.5954
    8936       1.5727
    8937       1.5730
    8938       1.7869
    8939       1.6630
    8940       1.6047
    8941       1.5354
    8942       1.7055
    8943       1.8902
    8944       1.5869
    8945       1.6173
    8946       1.6553
    8947       1.6212
    8948       1.6145
    8949       1.5834
    8950       1.6813
    8951       1.7605
    8952       1.8044
    8953       1.7949
    8954       1.7541
    8955       1.8466
    8956       1.6506
    8957       1.7429
    8958       1.6691
    8959       1.7262
    8960       1.6079
    8961       1.8737
    8962       2.0864
    8963       1.9232
    8964       1.7824
    8965       1.8472
    8966       1.9116
    8967       2.0449
    8968       2.0509
    8969       2.1385
    8970       2.1262
    8971       1.8720
    8972       1.7643
    8973       1.7074
    8974       1.7730
    8975       1.6319
    8976       1.8156
    8977       1.8138
    8978       1.8813
    8979       1.8879
    8980       1.6913
    8981       1.7304
    8982       1.6013
    8983       1.8235
    8984       1.6277
    8985       1.7160
    8986       1.7448
    8987       1.8865
    8988       1.6066
    8989       1.6328
    8990       1.7049
    8991       1.7342
    8992       1.8075
    8993       1.8013
    8994       1.7458
    8995       1.8357
    8996       1.7239
    8997       1.5908
    8998       1.5912
    8999       1.6698
    9000       1.8707
    9001       1.6462
    9002       1.9124
    9003       1.8718
    9004       1.8993
    9005       1.9439
    9006       1.8491
    9007       1.8835
    9008       1.8288
    9009       1.7814
    9010       1.6515
    9011       1.5790
    9012       1.7242
    9013       1.6604
    9014       1.5612
    9015       1.6302
    9016       1.6350
    9017       1.6738
    9018       1.5404
    9019       1.6362
    9020       1.7097
    9021       1.7192
    9022       1.6905
    9023       1.7225
    9024       1.8470
    9025       1.8619
    9026       1.8275
    9027       1.7400
    9028       1.7847
    9029       1.7357
    9030       1.8215
    9031       1.9039
    9032       1.7574
    9033       1.8446
    9034       1.8540
    9035       1.6894
    9036       1.8345
    9037       1.8611
    9038       1.6396
    9039       1.6381
    9040       1.6312
    9041       1.5649
    9042       1.7053
    9043       1.6134
    9044       1.7425
    9045       1.7478
    9046       1.7066
    9047       1.6435
    9048       1.8034
    9049       1.7129
    9050       1.6435
    9051       1.5735
    9052       1.6712
    9053       1.5923
    9054       1.6943
    9055       1.6763
    9056       1.6851
    9057       1.8980
    9058       1.7537
    9059       1.7192
    9060       1.6519
    9061       1.6031
    9062       1.7175
    9063       1.8630
    9064       1.7805
    9065       1.8085
    9066       1.6275
    9067       1.6024
    9068       1.6983
    9069       1.6604
    9070       1.6399
    9071       1.5299
    9072       1.6609
    9073       1.5713
    9074       1.6976
    9075       1.7307
    9076       1.7433
    9077       1.6438
    9078       1.8198
    9079       1.7823
    9080       1.8318
    9081       1.7919
    9082       1.8233
    9083       1.9143
    9084       1.8327
    9085       1.8075
    9086       1.7705
    9087       1.8620
    9088       1.8019
    9089       1.9170
    9090       1.8233
    9091       1.8853
    9092       1.6311
    9093       1.5940
    9094       1.6414
    9095       1.6339
    9096       1.6980
    9097       1.6995
    9098       1.7661
    9099       1.8303
    9100       1.9948
    9101       1.9873
    9102       1.9633
    9103       2.1483
    9104       2.1161
    9105       1.9419
    9106       1.9049
    9107       2.0052
    9108       1.8797
    9109       2.0698
    9110       1.9791
    9111       2.0322
    9112       2.0460
    9113       1.9542
    9114       1.8995
    9115       1.8305
    9116       2.0214
    9117       2.1501
    9118       2.1559
    9119       2.2020
    9120       2.1425
    9121       2.2222
    9122       2.0904
    9123       2.2240
    9124       2.1636
    9125       2.1570
    9126       2.0375
    9127       2.0072
    9128       2.0839
    9129       2.1529
    9130       2.1664
    9131       2.1555
    9132       2.1058
    9133       2.0838
    9134       1.8168
    9135       1.9229
    9136       1.8605
    9137       1.7805
    9138       1.8450
    9139       1.8027
    9140       1.6937
    9141       1.7814
    9142       1.7137
    9143       1.8738
    9144       1.9707
    9145       2.0116
    9146       1.9517
    9147       1.9421
    9148       1.8020
    9149       1.5608
    9150       1.6509
    9151       1.6019
    9152       1.5741
    9153       1.8015
    9154       1.6509
    9155       1.6168
    9156       1.6399
    9157       1.6530
    9158       1.6421
    9159       1.7565
    9160       1.7252
    9161       1.6982
    9162       1.6575
    9163       1.7825
    9164       1.7516
    9165       1.8080
    9166       1.8825
    9167       1.8948
    9168       1.7957
    9169       1.9092
    9170       1.9401
    9171       1.8825
    9172       1.8730
    9173       1.8805
    9174       1.8839
    9175       2.1175
    9176       1.9809
    9177       2.0644
    9178       1.9534
    9179       2.0094
    9180       2.0004
    9181       1.9918
    9182       1.9156
    9183       1.8819
    9184       1.7635
    9185       1.8574
    9186       1.8803
    9187       1.7825
    9188       1.9256
    9189       1.6497
    9190       1.8003
    9191       1.7158
    9192       1.6758
    9193       1.6643
    9194       1.6283
    9195       1.7852
    9196       1.8033
    9197       2.1648
    9198       2.0448
    9199       2.2485
    9200       2.2498
    9201       2.0328
    9202       1.7957
    9203       1.8992
    9204       2.0312
    9205       1.9682
    9206       1.8427
    9207       1.7949
    9208       2.0274
    9209       1.8177
    9210       1.8521
    9211       1.7724
    9212       1.8489
    9213       1.8857
    9214       1.7157
    9215       1.8941
    9216       1.9619
    9217       1.9243
    9218       1.8609
    9219       1.8699
    9220       1.5451
    9221       1.4714
    9222       1.5077
    9223       1.5956
    9224       1.6494
    9225       1.6629
    9226       1.6938
    9227       1.7406
    9228       1.6559
    9229       1.8298
    9230       1.7777
    9231       1.6940
    9232       1.6310
    9233       1.6638
    9234       1.7208
    9235       1.7682
    9236       1.7284
    9237       1.8653
    9238       1.8674
    9239       1.8539
    9240       1.8110
    9241       1.9799
    9242       2.0874
    9243       2.0816
    9244       1.9035
    9245       1.8881
    9246       1.8554
    9247       1.7420
    9248       1.6400
    9249       1.5754
    9250       1.7141
    9251       1.7119
    9252       1.7948
    9253       1.5696
    9254       1.5387
    9255       1.6651
    9256       1.6904
    9257       1.6739
    9258       1.6446
    9259       1.6163
    9260       1.8883
    9261       1.7158
    9262       1.6978
    9263       1.7702
    9264       1.8348
    9265       1.7779
    9266       1.7655
    9267       1.8162
    9268       1.7940
    9269       1.9786
    9270       2.0192
    9271       1.9215
    9272       1.8173
    9273       1.9079
    9274       2.0061
    9275       1.8004
    9276       1.8524
    9277       1.8651
    9278       1.9860
    9279       1.9561
    9280       1.7319
    9281       1.4576
    9282       1.4682
    9283       1.4885
    9284       1.4667
    9285       1.4648
    9286       1.4312
    9287       1.5403
    9288       1.5954
    9289       1.5101
    9290       1.5259
    9291       1.5359
    9292       1.5813
    9293       1.5615
    9294       1.6415
    9295       1.4680
    9296       1.6021
    9297       1.6429
    9298       1.6710
    9299       1.7336
    9300       1.6762
    9301       1.8609
    9302       1.8787
    9303       1.5880
    9304       1.7483
    9305       1.7282
    9306       1.7960
    9307       1.9540
    9308       1.7876
    9309       1.7858
    9310       1.6850
    9311       1.6556
    9312       1.6127
    9313       1.6075
    9314       1.7232
    9315       1.6155
    9316       1.6458
    9317       1.7486
    9318       1.8855
    9319       1.9094
    9320       1.8315
    9321       1.7432
    9322       1.7270
    9323       1.4645
    9324       1.4993
    9325       1.6190
    9326       1.6591
    9327       1.6601
    9328       1.5898
    9329       1.8234
    9330       1.8036
    9331       2.0092
    9332       2.1269
    9333       2.1011
    9334       2.0703
    9335       2.1293
    9336       1.8925
    9337       1.9481
    9338       1.9516
    9339       2.0266
    9340       1.9887
    9341       1.9381
    9342       2.0271
    9343       1.8866
    9344       1.9018
    9345       1.8784
    9346       1.7675
    9347       1.7624
    9348       1.7918
    9349       1.7837
    9350       1.7046
    9351       1.7252
    9352       1.7377
    9353       1.8500
    9354       1.8676
    9355       1.6758
    9356       1.6500
    9357       1.6989
    9358       1.6919
    9359       1.5085
    9360       1.6170
    9361       1.7502
    9362       1.5845
    9363       1.5490
    9364       1.7054
    9365       1.7688
    9366       1.8577
    9367       1.8055
    9368       1.8512
    9369       1.8092
    9370       1.8398
    9371       1.8154
    9372       1.9612
    9373       1.9622
    9374       1.7747
    9375       1.8607
    9376       2.1712
    9377       2.0614
    9378       1.9704
    9379       1.8169
    9380       1.8572
    9381       1.7148
    9382       1.6545
    9383       1.6614
    9384       1.7630
    9385       1.9347
    9386       2.1152
    9387       2.1425
    9388       2.0878
    9389       1.9923
    9390       1.8731
    9391       2.0571
    9392       2.0530
    9393       1.9693
    9394       1.8789
    9395       1.8375
    9396       1.6973
    9397       1.9096
    9398       1.8230
    9399       1.7191
    9400       1.8771
    9401       1.7038
    9402       1.7165
    9403       1.7974
    9404       1.7168
    9405       1.7473
    9406       1.7403
    9407       1.7576
    9408       1.8022
    9409       1.9329
    9410       1.8766
    9411       1.6236
    9412       1.7438
    9413       1.7095
    9414       1.8581
    9415       1.6826
    9416       1.6254
    9417       1.7029
    9418       1.6930
    9419       1.6341
    9420       1.7608
    9421       1.7780
    9422       1.6921
    9423       1.6777
    9424       1.7458
    9425       1.7980
    9426       1.6610
    9427       1.5257
    9428       1.5779
    9429       1.6025
    9430       1.5025
    9431       1.4148
    9432       1.7131
    9433       1.6235
    9434       1.6509
    9435       1.5953
    9436       1.6107
    9437       1.7369
    9438       1.7990
    9439       1.8675
    9440       1.7110
    9441       1.5340
    9442       1.7148
    9443       1.5929
    9444       1.5741
    9445       1.7004
    9446       1.4684
    9447       1.5157
    9448       1.5730
    9449       1.6540
    9450       1.6620
    9451       1.7027
    9452       1.6720
    9453       1.8232
    9454       1.8709
    9455       1.8888
    9456       1.8481
    9457       1.8229
    9458       1.8435
    9459       1.7208
    9460       1.8282
    9461       1.9164
    9462       1.7746
    9463       1.9531
    9464       1.9395
    9465       1.7309
    9466       1.8575
    9467       1.7885
    9468       1.6283
    9469       1.6920
    9470       1.7003
    9471       1.7804
    9472       1.6096
    9473       1.6368
    9474       1.5845
    9475       1.6953
    9476       1.6975
    9477       1.7214
    9478       1.6104
    9479       1.5833
    9480       1.5643
    9481       1.6472
    9482       1.7104
    9483       1.5298
    9484       1.5601
    9485       1.5460
    9486       1.6591
    9487       1.5396
    9488       1.6932
    9489       1.6047
    9490       1.6212
    9491       1.6914
    9492       1.6738
    9493       1.6708
    9494       1.6477
    9495       1.6247
    9496       1.6200
    9497       1.7277
    9498       1.7204
    9499       1.8024
    9500       1.8469
    9501       1.8767
    9502       1.7108
    9503       1.7000
    9504       1.7019
    9505       1.8626
    9506       1.7828
    9507       1.6973
    9508       1.8547
    9509       1.9608
    9510       1.8447
    9511       1.6824
    9512       1.8038
    9513       1.7203
    9514       1.6645
    9515       1.6565
    9516       1.5791
    9517       1.7159
    9518       1.7252
    9519       1.6108
    9520       1.6192
    9521       1.6223
    9522       1.6154
    9523       1.7977
    9524       1.7472
    9525       1.6986
    9526       1.5604
    9527       1.5367
    9528       1.6290
    9529       1.5703
    9530       1.7596
    9531       1.6712
    9532       1.7189
    9533       1.8506
    9534       1.9167
    9535       2.0014
    9536       1.9744
    9537       1.9021
    9538       1.9543
    9539       1.9976
    9540       1.8861
    9541       1.9494
    9542       1.9698
    9543       1.9445
    9544       1.9171
    9545       1.7723
    9546       1.9006
    9547       1.9504
    9548       1.8989
    9549       1.8224
    9550       1.7083
    9551       1.7884
    9552       1.7301
    9553       1.6467
    9554       1.7615
    9555       1.5731
    9556       1.5893
    9557       1.7237
    9558       1.6632
    9559       1.7896
    9560       1.7705
    9561       1.7014
    9562       1.7653
    9563       1.6262
    9564       1.6367
    9565       1.6296
    9566       1.7491
    9567       1.5797
    9568       1.5948
    9569       1.5365
    9570       1.5479
    9571       1.6187
    9572       1.6831
    9573       1.6745
    9574       1.7500
    9575       1.5020
    9576       1.6659
    9577       1.6416
    9578       1.5794
    9579       1.5939
    9580       1.6039
    9581       1.5691
    9582       1.6461
    9583       1.7145
    9584       1.6234
    9585       1.6645
    9586       1.5709
    9587       1.8442
    9588       1.7871
    9589       1.5902
    9590       1.5786
    9591       1.5632
    9592       1.7241
    9593       1.7060
    9594       1.6615
    9595       1.8308
    9596       1.7602
    9597       1.6076
    9598       1.7739
    9599       1.6229
    9600       1.6326
    9601       1.7509
    9602       1.9958
    9603       1.9566
    9604       1.9307
    9605       1.8838
    9606       1.9025
    9607       1.8987
    9608       1.8500
    9609       1.9084
    9610       1.8202
    9611       1.8958
    9612       2.0113
    9613       1.9276
    9614       1.9201
    9615       1.8190
    9616       1.8113
    9617       1.8562
    9618       1.7535
    9619       1.7433
    9620       1.6751
    9621       1.7888
    9622       1.7183
    9623       1.7096
    9624       1.5814
    9625       1.6053
    9626       1.6499
    9627       1.6070
    9628       1.6194
    9629       1.6665
    9630       1.6849
    9631       1.6210
    9632       1.5532
    9633       1.5024
    9634       1.4520
    9635       1.5506
    9636       1.4845
    9637       1.5599
    9638       1.5567
    9639       1.4977
    9640       1.4467
    9641       1.5411
    9642       1.6765
    9643       1.5361
    9644       1.6295
    9645       1.7232
    9646       1.7330
    9647       1.5402
    9648       1.6297
    9649       1.6272
    9650       1.5331
    9651       1.5959
    9652       1.5819
    9653       1.6245
    9654       1.6130
    9655       1.6740
    9656       1.6329
    9657       1.6955
    9658       1.6539
    9659       1.8345
    9660       1.9694
    9661       1.8309
    9662       1.9959
    9663       1.7562
    9664       1.7034
    9665       1.6167
    9666       1.7138
    9667       1.7688
    9668       1.7979
    9669       1.9190
    9670       1.8033
    9671       1.7512
    9672       1.6954
    9673       1.6954
    9674       1.6774
    9675       1.7856
    9676       1.7138
    9677       1.7534
    9678       1.6621
    9679       1.7189
    9680       1.6414
    9681       1.6890
    9682       1.5816
    9683       1.5616
    9684       1.5568
    9685       1.5942
    9686       1.7104
    9687       1.7348
    9688       1.7207
    9689       1.8305
    9690       1.6915
    9691       1.5902
    9692       1.6458
    9693       1.6247
    9694       1.7239
    9695       1.6770
    9696       1.6929
    9697       1.6090
    9698       1.7063
    9699       1.7974
    9700       1.8191
    9701       1.8117
    9702       1.6352
    9703       1.6329
    9704       1.7833
    9705       1.6973
    9706       1.8026
    9707       1.7970
    9708       1.7529
    9709       1.6404
    9710       1.6078
    9711       1.6678
    9712       1.7483
    9713       1.7664
    9714       1.6623
    9715       1.6911
    9716       1.5819
    9717       1.5249
    9718       1.6684
    9719       1.7062
    9720       1.5463
    9721       1.5351
    9722       1.5580
    9723       1.5381
    9724       1.6081
    9725       1.6062
    9726       1.5686
    9727       1.6291
    9728       1.6865
    9729       1.5845
    9730       1.6475
    9731       1.6555
    9732       1.5557
    9733       1.5822
    9734       1.5721
    9735       1.5350
    9736       1.5668
    9737       1.6004
    9738       1.5741
    9739       1.6910
    9740       1.5626
    9741       1.4327
    9742       1.5521
    9743       1.6909
    9744       1.7289
    9745       1.5567
    9746       1.5858
    9747       1.5244
    9748       1.6717
    9749       1.5362
    9750       1.6713
    9751       1.5986
    9752       1.6815
    9753       1.5575
    9754       1.6567
    9755       1.5875
    9756       1.6359
    9757       1.6511
    9758       1.7767
    9759       1.7554
    9760       1.8035
    9761       2.0086
    9762       1.9489
    9763       1.7677
    9764       1.7158
    9765       1.6882
    9766       1.5768
    9767       1.5567
    9768       1.6932
    9769       1.6930
    9770       1.6503
    9771       1.6656
    9772       1.7467
    9773       1.7240
    9774       1.7985
    9775       1.8394
    9776       1.7974
    9777       1.6916
    9778       1.6874
    9779       1.5718
    9780       1.6074
    9781       1.5345
    9782       1.6102
    9783       1.4642
    9784       1.6027
    9785       1.5755
    9786       1.6477
    9787       1.5662
    9788       1.4536
    9789       1.5519
    9790       1.5964
    9791       1.5821
    9792       1.5187
    9793       1.5075
    9794       1.5458
    9795       1.5793
    9796       1.5760
    9797       1.5009
    9798       1.4645
    9799       1.5933
    9800       1.6228
    9801       1.5276
    9802       1.5896
    9803       1.6980
    9804       1.6388
    9805       1.6031
    9806       1.5442
    9807       1.5778
    9808       1.6299
    9809       1.6137
    9810       1.3990
    9811       1.4453
    9812       1.4409
    9813       1.5411
    9814       1.5355
    9815       1.6169
    9816       1.5885
    9817       1.7442
    9818       1.7538
    9819       1.7378
    9820       1.6980
    9821       1.8990
    9822       2.0396
    9823       1.9051
    9824       1.9363
    9825       1.7466
    9826       1.8533
    9827       1.7694
    9828       1.6319
    9829       1.7991
    9830       1.7734
    9831       1.7893
    9832       1.7576
    9833       1.6510
    9834       1.5483
    9835       1.6497
    9836       1.6185
    9837       1.6449
    9838       1.7197
    9839       1.7907
    9840       1.7911
    9841       1.8412
    9842       1.8263
    9843       1.4896
    9844       1.4856
    9845       1.6392
    9846       1.5772
    9847       1.6794
    9848       1.6640
    9849       1.6786
    9850       1.6736
    9851       1.5549
    9852       1.5758
    9853       1.5426
    9854       1.4984
    9855       1.5242
    9856       1.6290
    9857       1.6136
    9858       1.6703
    9859       1.6532
    9860       1.6660
    9861       1.7559
    9862       1.7395
    9863       1.8221
    9864       1.7293
    9865       1.7218
    9866       1.5830
    9867       1.5554
    9868       1.5811
    9869       1.6029
    9870       1.5292
    9871       1.6690
    9872       1.7227
    9873       1.8950
    9874       1.8659
    9875       1.9684
    9876       1.8351
    9877       1.7870
    9878       1.7091
    9879       1.8573
    9880       1.6602
    9881       1.6243
    9882       1.7604
    9883       1.8294
    9884       1.7910
    9885       1.6512
    9886       1.6802
    9887       1.8314
    9888       1.8321
    9889       1.8477
    9890       1.6516
    9891       1.5928
    9892       1.6174
    9893       1.7376
    9894       1.6722
    9895       1.5895
    9896       1.7156
    9897       1.8381
    9898       1.7884
    9899       1.8295
    9900       1.9405
    9901       1.9383
    9902       1.8351
    9903       1.7987
    9904       1.8572
    9905       1.8699
    9906       1.6728
    9907       1.6175
    9908       1.5584
    9909       1.5975
    9910       1.5044
    9911       1.5017
    9912       1.3935
    9913       1.5736
    9914       1.6686
    9915       1.7619
    9916       1.7883
    9917       1.9544
    9918       1.6685
    9919       1.7323
    9920       1.7326
    9921       1.5983
    9922       1.5280
    9923       1.4953
    9924       1.5801
    9925       1.6690
    9926       1.6909
    9927       1.6452
    9928       1.8727
    9929       1.6060
    9930       1.7353
    9931       1.4870
    9932       1.7117
    9933       1.6011
    9934       1.6340
    9935       1.6022
    9936       1.5005
    9937       1.4603
    9938       1.4505
    9939       1.5405
    9940       1.5197
    9941       1.4704
    9942       1.5650
    9943       1.6363
    9944       1.5521
    9945       1.6599
    9946       1.5686
    9947       1.4965
    9948       1.5116
    9949       1.6378
    9950       1.5716
    9951       1.5870
    9952       1.6995
    9953       1.6391
    9954       1.6492
    9955       1.8064
    9956       1.8023
    9957       1.7656
    9958       1.8375
    9959       1.8471
    9960       1.7725
    9961       1.7450
    9962       1.6680
    9963       1.7428
    9964       1.6892
    9965       1.7994
    9966       1.7142
    9967       1.6137
    9968       1.6110
    9969       1.5426
    9970       1.6418
    9971       1.6262
    9972       1.6006
    9973       1.6888
    9974       1.6465
    9975       1.6132
    9976       1.6242
    9977       1.6561
    9978       1.6936
    9979       1.6995
    9980       1.7458
    9981       1.7286
    9982       1.7337
    9983       1.5977
    9984       1.5477
    9985       1.5646
    9986       1.6313
    9987       1.6633
    9988       1.6759
    9989       1.8024
    9990       1.8038
    9991       1.6716
    9992       1.7184
    9993       1.7287
    9994       1.6960
    9995       1.7868
    9996       1.6976
    9997       1.8163
    9998       1.6818
    9999       1.6937
   10000       1.6687
