1,27.9917
2,28.0232
3,27.9708
4,27.9857
5,28.0589
6,28.0825
7,27.9863
8,27.8878
9,28.0135
10,27.9951
11,28.0835
12,28.0838
13,28.0143
14,28.0608
15,27.9722
16,28.1055
17,28.0459
18,27.9422
19,28.147
20,27.9908
21,27.9018
22,27.9905
23,27.8941
24,27.9261
25,27.9647
26,28.061
27,28.1184
28,27.9808
29,28.1246
30,28.0712
31,28.0564
32,28.1647
33,28.1361
34,28.1192
35,28.1053
36,28.17
37,28.2847
38,28.2624
39,28.1816
40,28.0539
41,28.1624
42,28.1989
43,28.0964
44,28.1116
45,28.1117
46,28.0734
47,28.0693
48,28.1917
49,28.0721
50,28.1073
51,28.0546
52,28.114
53,28.0574
54,27.9782
55,28.1572
56,28.0779
57,28.1451
58,28.0629
59,27.9709
60,28.0275
61,27.9725
62,27.951
63,27.8358
64,27.8793
65,27.8386
66,27.9108
67,27.8833
68,27.923
69,27.9201
70,27.9915
71,27.969
72,27.9895
73,27.992
74,27.8753
75,27.8816
76,27.95
77,27.8895
78,27.9797
79,27.883
80,27.8554
81,27.8349
82,27.8113
83,27.8625
84,27.8182
85,27.96
86,27.971
87,27.9978
88,28.0153
89,28.0643
90,28.1092
91,28.2217
92,28.0775
93,28.0738
94,28.1943
95,28.1046
96,28.0962
97,28.1465
98,28.052
99,28.0892
100,28.1295
101,28.0659
102,28.0959
103,28.1587
104,28.1417
105,28.2666
106,28.1813
107,28.1283
108,28.1747
109,28.2157
110,28.2036
111,28.2441
112,28.2444
113,28.092
114,28.2272
115,28.1583
116,28.2221
117,28.152
118,28.2307
119,28.1565
120,28.2327
121,28.3591
122,28.3121
123,28.3386
124,28.2695
125,28.2834
126,28.3111
127,28.3096
128,28.2107
129,28.1785
130,28.2303
131,28.2047
132,28.1467
133,28.2716
134,28.2213
135,28.259
136,28.279
137,28.2131
138,28.1336
139,28.0809
140,28.1746
141,28.1111
142,28.1099
143,28.0942
144,28.2048
145,28.1664
146,28.269
147,28.2154
148,28.1556
149,28.081
150,28.0711
151,28.0836
152,27.9448
153,28.0317
154,28.0798
155,28.0834
156,28.0407
157,28.1489
158,28.1526
159,28.0896
160,28.1993
161,28.1537
162,28.1943
163,28.1086
164,28.1472
165,28.0938
166,28.1548
167,28.132
168,28.2502
169,28.2621
170,28.1683
171,28.207
172,28.2792
173,28.3741
174,28.4213
175,28.4425
176,28.3539
177,28.4863
178,28.5076
179,28.5732
180,28.5705
181,28.4881
182,28.5187
183,28.4614
184,28.438
185,28.4431
186,28.4865
187,28.5479
188,28.4628
189,28.5244
190,28.5332
191,28.5579
192,28.5172
193,28.4843
194,28.5453
195,28.5065
196,28.643
197,28.4925
198,28.592
199,28.6645
200,28.5881
201,28.4657
202,28.4743
203,28.4532
204,28.5149
205,28.4275
206,28.3776
207,28.4575
208,28.5431
209,28.6218
210,28.6454
211,28.5801
212,28.5076
213,28.4936
214,28.5782
215,28.5616
216,28.602
217,28.589
218,28.5628
219,28.6019
220,28.5602
221,28.3869
222,28.5136
223,28.5233
224,28.5228
225,28.5707
226,28.4993
227,28.492
228,28.5482
229,28.5719
230,28.5252
231,28.6334
232,28.6548
233,28.6834
234,28.5982
235,28.6503
236,28.5953
237,28.7309
238,28.736
239,28.5683
240,28.5699
241,28.5791
242,28.6584
243,28.6194
244,28.6882
245,28.7835
246,28.6841
247,28.6487
248,28.7013
249,28.5544
250,28.5028
251,28.5927
252,28.5412
253,28.6146
254,28.5722
255,28.5628
256,28.6321
257,28.7077
258,28.616
259,28.6611
260,28.5573
261,28.5445
262,28.6537
263,28.6287
264,28.7125
265,28.7089
266,28.5551
267,28.5111
268,28.5943
269,28.6903
270,28.5372
271,28.6691
272,28.6602
273,28.7316
274,28.7319
275,28.8194
276,28.8344
277,28.7749
278,28.6852
279,28.7318
280,28.6801
281,28.7683
282,28.8734
283,28.7723
284,28.748
285,28.7554
286,28.7261
287,28.6538
288,28.7273
289,28.794
290,28.5529
291,28.7158
292,28.6677
293,28.7529
294,28.7645
295,28.799
296,28.744
297,28.7929
298,28.7031
299,28.7896
300,28.6968
301,28.6782
302,28.5921
303,28.5631
304,28.5697
305,28.5629
306,28.5544
307,28.5217
308,28.5762
309,28.5964
310,28.6171
311,28.6865
312,28.7173
313,28.7559
314,28.7402
315,28.7674
316,28.7639
317,28.7261
318,28.8435
319,28.8292
320,28.8098
321,28.7129
322,28.701
323,28.7272
324,28.5857
325,28.6289
326,28.6873
327,28.6382
328,28.7238
329,28.6832
330,28.5975
331,28.6687
332,28.683
333,28.568
334,28.5296
335,28.5629
336,28.5455
337,28.7019
338,28.6628
339,28.5883
340,28.6045
341,28.725
342,28.66
343,28.6725
344,28.4888
345,28.5103
346,28.4702
347,28.5043
348,28.4799
349,28.5448
350,28.5572
351,28.6129
352,28.6217
353,28.567
354,28.512
355,28.4292
356,28.3995
357,28.3969
358,28.4619
359,28.4341
360,28.4444
361,28.4175
362,28.348
363,28.4849
364,28.5225
365,28.514
366,28.4734
367,28.4308
368,28.4304
369,28.4969
370,28.4235
371,28.3557
372,28.4407
373,28.3851
374,28.3742
375,28.4639
376,28.3906
377,28.4337
378,28.4929
379,28.5047
380,28.3886
381,28.3203
382,28.4315
383,28.5637
384,28.5343
385,28.5707
386,28.463
387,28.5006
388,28.5048
389,28.5011
390,28.527
391,28.5866
392,28.6074
393,28.6087
394,28.5082
395,28.4664
396,28.5693
397,28.5397
398,28.5408
399,28.6583
400,28.4979
401,28.5493
402,28.5002
403,28.4168
404,28.5461
405,28.4467
406,28.4525
407,28.4466
408,28.4936
409,28.5251
410,28.4932
411,28.438
412,28.4675
413,28.506
414,28.4255
415,28.4847
416,28.5834
417,28.4134
418,28.4672
419,28.4312
420,28.4232
421,28.4747
422,28.4024
423,28.4278
424,28.429
425,28.528
426,28.4905
427,28.449
428,28.4372
429,28.4169
430,28.3639
431,28.4853
432,28.546
433,28.5548
434,28.5235
435,28.4934
436,28.5367
437,28.4296
438,28.4334
439,28.57
440,28.4239
441,28.5523
442,28.5051
443,28.6586
444,28.5281
445,28.4892
446,28.5334
447,28.4945
448,28.417
449,28.3463
450,28.3816
451,28.3664
452,28.2987
453,28.3004
454,28.287
455,28.4784
456,28.3836
457,28.4161
458,28.3396
459,28.5252
460,28.4524
461,28.5111
462,28.4925
463,28.4038
464,28.4225
465,28.5663
466,28.5497
467,28.4848
468,28.4672
469,28.3553
470,28.36
471,28.4341
472,28.4644
473,28.3832
474,28.3933
475,28.4103
476,28.4981
477,28.3936
478,28.4528
479,28.4687
480,28.3373
481,28.3261
482,28.3923
483,28.439
484,28.3883
485,28.3893
486,28.345
487,28.3764
488,28.3581
489,28.4221
490,28.5114
491,28.5124
492,28.4777
493,28.529
494,28.473
495,28.3892
496,28.3611
497,28.3622
498,28.3383
499,28.3251
500,28.4014
501,28.5037
502,28.3745
503,28.41
504,28.3079
505,28.4573
506,28.3236
507,28.4143
508,28.4482
509,28.5264
510,28.5028
511,28.4058
512,28.4834
513,28.4216
514,28.5578
515,28.6152
516,28.5452
517,28.5246
518,28.6157
519,28.6019
520,28.5098
521,28.5905
522,28.5394
523,28.5618
524,28.5243
525,28.5291
526,28.4537
527,28.4251
528,28.4247
529,28.3239
530,28.4367
531,28.3717
532,28.3445
533,28.4012
534,28.425
535,28.3979
536,28.4097
537,28.4815
538,28.5528
539,28.4835
540,28.4471
541,28.3384
542,28.5075
543,28.4144
544,28.3915
545,28.3576
546,28.3784
547,28.3367
548,28.323
549,28.3434
550,28.2777
551,28.2167
552,28.2958
553,28.4324
554,28.3543
555,28.3463
556,28.3672
557,28.3539
558,28.3531
559,28.4337
560,28.352
561,28.4479
562,28.3739
563,28.2697
564,28.3074
565,28.4087
566,28.3828
567,28.4489
568,28.4531
569,28.38
570,28.426
571,28.4052
572,28.5002
573,28.4708
574,28.2933
575,28.4018
576,28.4098
577,28.3384
578,28.5371
579,28.4025
580,28.406
581,28.4808
582,28.4848
583,28.4322
584,28.4404
585,28.4924
586,28.4334
587,28.4357
588,28.4058
589,28.4358
590,28.4889
591,28.5702
592,28.4449
593,28.5104
594,28.505
595,28.4179
596,28.4606
597,28.4954
598,28.3857
599,28.4099
600,28.3694
601,28.4749
602,28.4568
603,28.3925
604,28.3531
605,28.3559
606,28.3104
607,28.396
608,28.5758
609,28.4887
610,28.3626
611,28.2687
612,28.3359
613,28.2185
614,28.2909
615,28.3633
616,28.4025
617,28.3462
618,28.2632
619,28.4277
620,28.2829
621,28.3417
622,28.4408
623,28.3923
624,28.3935
625,28.3978
626,28.4219
627,28.4049
628,28.379
629,28.4495
630,28.3117
631,28.4716
632,28.372
633,28.2212
634,28.2056
635,28.2149
636,28.1373
637,28.2656
638,28.268
639,28.306
640,28.3309
641,28.3606
642,28.4644
643,28.4258
644,28.2766
645,28.3272
646,28.298
647,28.379
648,28.3711
649,28.3534
650,28.3269
651,28.2513
652,28.3172
653,28.3126
654,28.2168
655,28.357
656,28.2288
657,28.224
658,28.2714
659,28.2109
660,28.3026
661,28.371
662,28.3583
663,28.2877
664,28.3806
665,28.3153
666,28.2691
667,28.2899
668,28.2123
669,28.3055
670,28.3631
671,28.349
672,28.2627
673,28.4079
674,28.3548
675,28.4083
676,28.3974
677,28.2903
678,28.2797
679,28.2327
680,28.2463
681,28.3373
682,28.3438
683,28.3896
684,28.3433
685,28.4273
686,28.3661
687,28.3399
688,28.3034
689,28.2618
690,28.2339
691,28.3227
692,28.1955
693,28.3025
694,28.1969
695,28.2443
696,28.3021
697,28.2953
698,28.2359
699,28.2689
700,28.3623
701,28.3958
702,28.2913
703,28.3825
704,28.3175
705,28.3542
706,28.4383
707,28.5484
708,28.4965
709,28.4337
710,28.469
711,28.5371
712,28.4127
713,28.3172
714,28.3493
715,28.291
716,28.371
717,28.3195
718,28.2152
719,28.3828
720,28.3998
721,28.5331
722,28.418
723,28.4063
724,28.4055
725,28.4061
726,28.3413
727,28.3551
728,28.3008
729,28.3428
730,28.3004
731,28.3173
732,28.3489
733,28.4117
734,28.3213
735,28.3156
736,28.1789
737,28.3114
738,28.3438
739,28.2101
740,28.1984
741,28.3014
742,28.3365
743,28.3533
744,28.2497
745,28.2187
746,28.2868
747,28.3057
748,28.2075
749,28.1749
750,28.1887
751,28.1755
752,28.2351
753,28.3904
754,28.2782
755,28.4416
756,28.2963
757,28.3161
758,28.2492
759,28.2579
760,28.3302
761,28.3216
762,28.398
763,28.2976
764,28.3473
765,28.4246
766,28.4704
767,28.5101
768,28.4815
769,28.4431
770,28.4042
771,28.281
772,28.3248
773,28.3445
774,28.2394
775,28.3325
776,28.2214
777,28.2743
778,28.1814
779,28.2831
780,28.4042
781,28.3418
782,28.4305
783,28.3639
784,28.3968
785,28.2906
786,28.3406
787,28.3048
788,28.2968
789,28.456
790,28.348
791,28.3561
792,28.4431
793,28.3362
794,28.348
795,28.3448
796,28.4717
797,28.4472
798,28.3789
799,28.3429
800,28.4075
801,28.3665
802,28.2059
803,28.3712
804,28.4441
805,28.2904
806,28.3211
807,28.3615
808,28.4657
809,28.3517
810,28.3231
811,28.3344
812,28.2685
813,28.3163
814,28.351
815,28.2223
816,28.2736
817,28.3944
818,28.3488
819,28.3206
820,28.4014
821,28.3025
822,28.3812
823,28.3246
824,28.2505
825,28.2891
826,28.3773
827,28.3182
828,28.4068
829,28.4273
830,28.4073
831,28.3936
832,28.3934
833,28.3645
834,28.3772
835,28.3809
836,28.341
837,28.3894
838,28.4125
839,28.3966
840,28.2111
841,28.3304
842,28.25
843,28.1755
844,28.313
845,28.2689
846,28.338
847,28.408
848,28.3676
849,28.3913
850,28.4466
851,28.3438
852,28.4414
853,28.3735
854,28.4677
855,28.4105
856,28.4423
857,28.51
858,28.4619
859,28.4848
860,28.5581
861,28.4172
862,28.3532
863,28.3996
864,28.2998
865,28.2448
866,28.3718
867,28.3528
868,28.3234
869,28.3393
870,28.2525
871,28.265
872,28.2583
873,28.2371
874,28.2584
875,28.1995
876,28.2367
877,28.2728
878,28.2893
879,28.2573
880,28.2859
881,28.2249
882,28.3246
883,28.2264
884,28.335
885,28.3345
886,28.3422
887,28.3433
888,28.3128
889,28.3769
890,28.4247
891,28.5263
892,28.4489
893,28.3514
894,28.3565
895,28.3688
896,28.2689
897,28.4159
898,28.4069
899,28.4567
900,28.5741
901,28.5468
902,28.5728
903,28.5586
904,28.4938
905,28.4575
906,28.5113
907,28.5746
908,28.5882
909,28.5223
910,28.5914
911,28.5921
912,28.5602
913,28.4979
914,28.5165
915,28.6285
916,28.5951
917,28.4522
918,28.4875
919,28.538
920,28.411
921,28.4311
922,28.4306
923,28.5935
924,28.5053
925,28.5066
926,28.4968
927,28.4597
928,28.5079
929,28.5502
930,28.6086
931,28.5593
932,28.515
933,28.4675
934,28.5629
935,28.4548
936,28.5281
937,28.5378
938,28.6698
939,28.6126
940,28.6543
941,28.6567
942,28.5719
943,28.5217
944,28.5783
945,28.511
946,28.6633
947,28.5531
948,28.5136
949,28.6021
950,28.6228
951,28.6001
952,28.5349
953,28.5777
954,28.5392
955,28.5282
956,28.4684
957,28.5434
958,28.5382
959,28.521
960,28.4628
961,28.409
962,28.4329
963,28.3462
964,28.3381
965,28.4313
966,28.348
967,28.402
968,28.4028
969,28.4602
970,28.4264
971,28.369
972,28.4252
973,28.4757
974,28.5406
975,28.6206
976,28.5831
977,28.6262
978,28.5471
979,28.5081
980,28.6039
981,28.6091
982,28.6327
983,28.5857
984,28.6903
985,28.6542
986,28.6456
987,28.5197
988,28.5779
989,28.5309
990,28.626
991,28.5838
992,28.5645
993,28.4051
994,28.5304
995,28.5098
996,28.5214
997,28.4953
998,28.4261
999,28.6108
1000,28.6269
1001,28.6706
1002,28.625
1003,28.531
1004,28.6311
1005,28.6021
1006,28.5636
1007,28.4646
1008,28.4929
1009,28.5173
1010,28.574
1011,28.6708
1012,28.6242
1013,28.5378
1014,28.5451
1015,28.5202
1016,28.419
1017,28.5137
1018,28.5249
1019,28.4259
1020,28.3608
1021,28.2999
1022,28.4584
1023,28.4453
1024,28.4398
1025,28.3969
1026,28.4668
1027,28.27
1028,28.3704
1029,28.4014
1030,28.5154
1031,28.3983
1032,28.3356
1033,28.3502
1034,28.356
1035,28.429
1036,28.5176
1037,28.4681
1038,28.4022
1039,28.5003
1040,28.4554
1041,28.3426
1042,28.4929
1043,28.6135
1044,28.5739
1045,28.5276
1046,28.5562
1047,28.5505
1048,28.5248
1049,28.5891
1050,28.5179
1051,28.5225
1052,28.5127
1053,28.5303
1054,28.4238
1055,28.5405
1056,28.4528
1057,28.5544
1058,28.5851
1059,28.538
1060,28.4915
1061,28.512
1062,28.5631
1063,28.5206
1064,28.5326
1065,28.4577
1066,28.4416
1067,28.3662
1068,28.3543
1069,28.3952
1070,28.2646
1071,28.3591
1072,28.4084
1073,28.3796
1074,28.4855
1075,28.4975
1076,28.4778
1077,28.4439
1078,28.3922
1079,28.4481
1080,28.4576
1081,28.4584
1082,28.4288
1083,28.4368
1084,28.5815
1085,28.3601
1086,28.3564
1087,28.4036
1088,28.3527
1089,28.3955
1090,28.3562
1091,28.4048
1092,28.4264
1093,28.4501
1094,28.4109
1095,28.3793
1096,28.3306
1097,28.4061
1098,28.4409
1099,28.413
1100,28.5246
1101,28.4771
1102,28.4145
1103,28.4564
1104,28.4297
1105,28.5156
1106,28.5175
1107,28.5093
1108,28.4908
1109,28.4433
1110,28.4948
1111,28.4519
1112,28.4967
1113,28.4869
1114,28.5013
1115,28.6001
1116,28.5562
1117,28.5868
1118,28.6428
1119,28.5163
1120,28.5071
1121,28.5447
1122,28.6091
1123,28.5895
1124,28.4776
1125,28.4543
1126,28.4257
1127,28.4882
1128,28.4501
1129,28.4253
1130,28.4256
1131,28.4956
1132,28.4831
1133,28.4696
1134,28.3891
1135,28.5426
1136,28.541
1137,28.4476
1138,28.5019
1139,28.5266
1140,28.4478
1141,28.5599
1142,28.4962
1143,28.4409
1144,28.3967
1145,28.3661
1146,28.313
1147,28.4335
1148,28.4549
1149,28.4094
1150,28.4401
1151,28.5021
1152,28.4335
1153,28.3268
1154,28.3459
1155,28.3787
1156,28.4355
1157,28.5223
1158,28.4615
1159,28.4207
1160,28.4786
1161,28.4167
1162,28.3837
1163,28.4754
1164,28.4471
1165,28.4558
1166,28.3485
1167,28.366
1168,28.354
1169,28.4443
1170,28.4115
1171,28.3911
1172,28.5305
1173,28.4885
1174,28.4171
1175,28.396
1176,28.4918
1177,28.4866
1178,28.5745
1179,28.465
1180,28.4685
1181,28.4683
1182,28.448
1183,28.5575
1184,28.493
1185,28.5793
1186,28.4917
1187,28.5764
1188,28.5792
1189,28.4092
1190,28.6167
1191,28.5653
1192,28.529
1193,28.4899
1194,28.4805
1195,28.5171
1196,28.5337
1197,28.45
1198,28.4394
1199,28.4934
1200,28.3092
1201,28.4577
1202,28.4578
1203,28.3909
1204,28.4545
1205,28.4399
1206,28.2493
1207,28.3695
1208,28.4336
1209,28.3342
1210,28.3565
1211,28.4453
1212,28.4009
1213,28.3528
1214,28.3861
1215,28.3305
1216,28.3861
1217,28.3049
1218,28.3588
1219,28.3787
1220,28.3555
1221,28.237
1222,28.419
1223,28.3802
1224,28.2939
1225,28.4404
1226,28.4436
1227,28.3842
1228,28.3483
1229,28.3906
1230,28.4152
1231,28.3788
1232,28.346
1233,28.3716
1234,28.3142
1235,28.3042
1236,28.2545
1237,28.3859
1238,28.4019
1239,28.4037
1240,28.5429
1241,28.5815
1242,28.5683
1243,28.5212
1244,28.5492
1245,28.5568
1246,28.4861
1247,28.6108
1248,28.5338
1249,28.549
1250,28.5649
1251,28.5928
1252,28.6136
1253,28.6801
1254,28.6058
1255,28.5092
1256,28.6167
1257,28.622
1258,28.5675
1259,28.5284
1260,28.5281
1261,28.4924
1262,28.4695
1263,28.6066
1264,28.5977
1265,28.5018
1266,28.4933
1267,28.5418
1268,28.58
1269,28.5963
1270,28.531
1271,28.4492
1272,28.4033
1273,28.4529
1274,28.4812
1275,28.5688
1276,28.4799
1277,28.4495
1278,28.4368
1279,28.4047
1280,28.4487
1281,28.4854
1282,28.4376
1283,28.4527
1284,28.4587
1285,28.4474
1286,28.5051
1287,28.357
1288,28.319
1289,28.3699
1290,28.4515
1291,28.5548
1292,28.6334
1293,28.6688
1294,28.4997
1295,28.5149
1296,28.5291
1297,28.3593
1298,28.5152
1299,28.5518
1300,28.4793
1301,28.4694
1302,28.5012
1303,28.5187
1304,28.5183
1305,28.559
1306,28.5157
1307,28.598
1308,28.6782
1309,28.5789
1310,28.6024
1311,28.5412
1312,28.5238
1313,28.5348
1314,28.4846
1315,28.6494
1316,28.503
1317,28.3942
1318,28.4415
1319,28.4666
1320,28.51
1321,28.4592
1322,28.4657
1323,28.5498
1324,28.522
1325,28.569
1326,28.5505
1327,28.5057
1328,28.5048
1329,28.5083
1330,28.3935
1331,28.4054
1332,28.3857
1333,28.4278
1334,28.3378
1335,28.4179
1336,28.4501
1337,28.461
1338,28.4219
1339,28.3842
1340,28.4401
1341,28.4975
1342,28.3606
1343,28.3212
1344,28.3215
1345,28.3246
1346,28.4356
1347,28.3529
1348,28.38
1349,28.283
1350,28.3467
1351,28.2898
1352,28.3984
1353,28.4003
1354,28.3577
1355,28.376
1356,28.428
1357,28.3934
1358,28.2964
1359,28.4265
1360,28.3805
1361,28.291
1362,28.208
1363,28.3607
1364,28.2746
1365,28.2903
1366,28.4137
1367,28.3329
1368,28.2418
1369,28.3088
1370,28.2518
1371,28.295
1372,28.3371
1373,28.2832
1374,28.3668
1375,28.2878
1376,28.319
1377,28.349
1378,28.2838
1379,28.3265
1380,28.3915
1381,28.3302
1382,28.4016
1383,28.3808
1384,28.3489
1385,28.4168
1386,28.3602
1387,28.3254
1388,28.2049
1389,28.1921
1390,28.241
1391,28.1886
1392,28.1566
1393,28.0894
1394,28.2533
1395,28.058
1396,28.1394
1397,28.1632
1398,28.2086
1399,28.3117
1400,28.3446
1401,28.2148
1402,28.2246
1403,28.3098
1404,28.3587
1405,28.4624
1406,28.3715
1407,28.392
1408,28.4401
1409,28.5122
1410,28.5089
1411,28.4412
1412,28.4476
1413,28.5126
1414,28.4831
1415,28.4499
1416,28.598
1417,28.572
1418,28.5801
1419,28.5956
1420,28.4458
1421,28.4815
1422,28.4367
1423,28.4062
1424,28.5235
1425,28.5113
1426,28.343
1427,28.5266
1428,28.5241
1429,28.486
1430,28.3121
1431,28.5503
1432,28.4967
1433,28.4572
1434,28.4698
1435,28.4365
1436,28.404
1437,28.4874
1438,28.3753
1439,28.4096
1440,28.3546
1441,28.2939
1442,28.3119
1443,28.2976
1444,28.3366
1445,28.3801
1446,28.3434
1447,28.3702
1448,28.4032
1449,28.3499
1450,28.4601
1451,28.4815
1452,28.5174
1453,28.459
1454,28.3973
1455,28.4417
1456,28.4146
1457,28.4156
1458,28.3848
1459,28.3676
1460,28.3851
1461,28.3761
1462,28.3409
1463,28.4391
1464,28.3038
1465,28.3465
1466,28.4331
1467,28.2871
1468,28.3601
1469,28.3876
1470,28.4126
1471,28.3713
1472,28.3077
1473,28.3383
1474,28.3062
1475,28.3953
1476,28.3236
1477,28.3551
1478,28.258
1479,28.2456
1480,28.321
1481,28.4006
1482,28.299
1483,28.3052
1484,28.3809
1485,28.3999
1486,28.2519
1487,28.3374
1488,28.3899
1489,28.2924
1490,28.2832
1491,28.3098
1492,28.2706
1493,28.3671
1494,28.2435
1495,28.3943
1496,28.2561
1497,28.2899
1498,28.2529
1499,28.1985
1500,28.2581
1501,28.3313
1502,28.4111
1503,28.4154
1504,28.2957
1505,28.2723
1506,28.3386
1507,28.3251
1508,28.3167
1509,28.3661
1510,28.4053
1511,28.3458
1512,28.3287
1513,28.2068
1514,28.293
1515,28.2748
1516,28.3062
1517,28.2255
1518,28.2637
1519,28.2888
1520,28.316
1521,28.3499
1522,28.2387
1523,28.2558
1524,28.1386
1525,28.2985
1526,28.3118
1527,28.2045
1528,28.2537
1529,28.2943
1530,28.2567
1531,28.2956
1532,28.2562
1533,28.2729
1534,28.2862
1535,28.1652
1536,28.2479
1537,28.2926
1538,28.2828
1539,28.3359
1540,28.3101
1541,28.3504
1542,28.3746
1543,28.3483
1544,28.3705
1545,28.2271
1546,28.2578
1547,28.3491
1548,28.2345
1549,28.3498
1550,28.2752
1551,28.2819
1552,28.2447
1553,28.2621
1554,28.2917
1555,28.2733
1556,28.2443
1557,28.3004
1558,28.3495
1559,28.3076
1560,28.3804
1561,28.373
1562,28.3227
1563,28.2712
1564,28.2117
1565,28.2875
1566,28.2949
1567,28.2843
1568,28.2673
1569,28.2375
1570,28.3544
1571,28.2624
1572,28.3162
1573,28.2461
1574,28.4323
1575,28.2975
1576,28.4237
1577,28.3943
1578,28.402
1579,28.3585
1580,28.3388
1581,28.3226
1582,28.395
1583,28.3993
1584,28.4046
1585,28.4757
1586,28.3293
1587,28.4083
1588,28.3851
1589,28.5253
1590,28.3641
1591,28.4275
1592,28.4521
1593,28.411
1594,28.4456
1595,28.4346
1596,28.3651
1597,28.281
1598,28.3519
1599,28.3433
1600,28.3198
1601,28.262
1602,28.2115
1603,28.2877
1604,28.3492
1605,28.3083
1606,28.233
1607,28.1942
1608,28.1646
1609,28.2288
1610,28.1731
1611,28.0605
1612,28.2179
1613,28.1683
1614,28.3453
1615,28.3239
1616,28.2198
1617,28.2411
1618,28.1877
1619,28.2085
1620,28.2337
1621,28.2422
1622,28.2738
1623,28.1905
1624,28.1517
1625,28.2703
1626,28.2476
1627,28.3088
1628,28.3156
1629,28.3514
1630,28.357
1631,28.2337
1632,28.4236
1633,28.225
1634,28.3024
1635,28.2848
1636,28.2534
1637,28.3885
1638,28.289
1639,28.3139
1640,28.2788
1641,28.2575
1642,28.2738
1643,28.2743
1644,28.3179
1645,28.3466
1646,28.4198
1647,28.337
1648,28.2567
1649,28.3378
1650,28.4799
1651,28.3666
1652,28.3551
1653,28.4014
1654,28.3893
1655,28.4901
1656,28.5617
1657,28.4607
1658,28.3961
1659,28.3767
1660,28.3788
1661,28.3438
1662,28.4603
1663,28.5062
1664,28.4368
1665,28.4091
1666,28.3842
1667,28.3652
1668,28.4478
1669,28.4086
1670,28.4347
1671,28.4784
1672,28.418
1673,28.3616
1674,28.4078
1675,28.4144
1676,28.4934
1677,28.3841
1678,28.4169
1679,28.4925
1680,28.5124
1681,28.4734
1682,28.3856
1683,28.4343
1684,28.467
1685,28.4005
1686,28.3002
1687,28.428
1688,28.5425
1689,28.4813
1690,28.4782
1691,28.3751
1692,28.4178
1693,28.4183
1694,28.5647
1695,28.4944
1696,28.5025
1697,28.5117
1698,28.3476
1699,28.335
1700,28.3754
1701,28.3971
1702,28.3841
1703,28.4382
1704,28.4202
1705,28.5019
1706,28.4894
1707,28.5546
1708,28.4311
1709,28.3745
1710,28.5034
1711,28.4747
1712,28.4307
1713,28.4149
1714,28.4232
1715,28.3637
1716,28.2654
1717,28.1923
1718,28.262
1719,28.2735
1720,28.303
1721,28.4828
1722,28.359
1723,28.3955
1724,28.4487
1725,28.3603
1726,28.4199
1727,28.3631
1728,28.4007
1729,28.3824
1730,28.4221
1731,28.4992
1732,28.4101
1733,28.5012
1734,28.4568
1735,28.4321
1736,28.4512
1737,28.4755
1738,28.4635
1739,28.4442
1740,28.4987
1741,28.3991
1742,28.3807
1743,28.4337
1744,28.3985
1745,28.5224
1746,28.5605
1747,28.4811
1748,28.395
1749,28.3968
1750,28.3408
1751,28.3263
1752,28.3365
1753,28.4163
1754,28.4852
1755,28.5576
1756,28.6206
1757,28.5709
1758,28.4502
1759,28.4991
1760,28.5444
1761,28.5497
1762,28.5911
1763,28.5179
1764,28.5524
1765,28.5591
1766,28.5091
1767,28.4322
1768,28.4672
1769,28.4091
1770,28.411
1771,28.3926
1772,28.4152
1773,28.4623
1774,28.4196
1775,28.4823
1776,28.4611
1777,28.3492
1778,28.4244
1779,28.4493
1780,28.4688
1781,28.4788
1782,28.4222
1783,28.5568
1784,28.5039
1785,28.4053
1786,28.4683
1787,28.485
1788,28.512
1789,28.4413
1790,28.5639
1791,28.4683
1792,28.4464
1793,28.3781
1794,28.3763
1795,28.3844
1796,28.4093
1797,28.4602
1798,28.4487
1799,28.588
1800,28.4797
1801,28.5394
1802,28.488
1803,28.5433
1804,28.4841
1805,28.4218
1806,28.4297
1807,28.5269
1808,28.5892
1809,28.5547
1810,28.4979
1811,28.4355
1812,28.4044
1813,28.5552
1814,28.5444
1815,28.6515
1816,28.4413
1817,28.5286
1818,28.4257
1819,28.4244
1820,28.4335
1821,28.4161
1822,28.3302
1823,28.372
1824,28.3728
1825,28.3847
1826,28.48
1827,28.3978
1828,28.447
1829,28.4574
1830,28.4546
1831,28.3175
1832,28.3652
1833,28.4192
1834,28.4548
1835,28.3685
1836,28.3976
1837,28.3505
1838,28.4549
1839,28.3793
1840,28.463
1841,28.5102
1842,28.501
1843,28.4663
1844,28.3813
1845,28.3823
1846,28.3645
1847,28.3709
1848,28.3583
1849,28.4642
1850,28.3941
1851,28.2756
1852,28.2362
1853,28.214
1854,28.3085
1855,28.3564
1856,28.3236
1857,28.3692
1858,28.4248
1859,28.3554
1860,28.3301
1861,28.3447
1862,28.2688
1863,28.3149
1864,28.3856
1865,28.378
1866,28.3945
1867,28.3304
1868,28.3258
1869,28.333
1870,28.3286
1871,28.3422
1872,28.4222
1873,28.3054
1874,28.2137
1875,28.2059
1876,28.3352
1877,28.2483
1878,28.2197
1879,28.2947
1880,28.3408
1881,28.357
1882,28.4244
1883,28.3209
1884,28.4016
1885,28.4234
1886,28.3823
1887,28.2766
1888,28.4331
1889,28.4476
1890,28.4624
1891,28.5017
1892,28.4647
1893,28.3717
1894,28.4703
1895,28.4096
1896,28.4971
1897,28.438
1898,28.5183
1899,28.4556
1900,28.5336
1901,28.6891
1902,28.6055
1903,28.5486
1904,28.5593
1905,28.5245
1906,28.6005
1907,28.567
1908,28.4877
1909,28.5602
1910,28.4491
1911,28.3729
1912,28.453
1913,28.3984
1914,28.4832
1915,28.3309
1916,28.4795
1917,28.5595
1918,28.5828
1919,28.4868
1920,28.4397
1921,28.4594
1922,28.3838
1923,28.413
1924,28.4658
1925,28.4461
1926,28.4783
1927,28.4808
1928,28.4494
1929,28.4709
1930,28.4908
1931,28.3967
1932,28.336
1933,28.4929
1934,28.4537
1935,28.5752
1936,28.6087
1937,28.5013
1938,28.532
1939,28.5128
1940,28.4781
1941,28.3892
1942,28.52
1943,28.4128
1944,28.3769
1945,28.4141
1946,28.544
1947,28.4615
1948,28.4137
1949,28.4988
1950,28.4251
1951,28.491
1952,28.3852
1953,28.5185
1954,28.3894
1955,28.4163
1956,28.3896
1957,28.3534
1958,28.3919
1959,28.5072
1960,28.3608
1961,28.3483
1962,28.385
1963,28.3747
1964,28.4302
1965,28.4454
1966,28.5095
1967,28.4836
1968,28.4514
1969,28.4263
1970,28.5199
1971,28.4838
1972,28.4827
1973,28.482
1974,28.3672
1975,28.4079
1976,28.4231
1977,28.3573
1978,28.3563
1979,28.3973
1980,28.3673
1981,28.307
1982,28.3721
1983,28.3722
1984,28.3122
1985,28.3605
1986,28.3493
1987,28.3932
1988,28.4869
1989,28.3719
1990,28.4273
1991,28.3718
1992,28.4416
1993,28.45
1994,28.4656
1995,28.5306
1996,28.4627
1997,28.4454
1998,28.5139
1999,28.5223
2000,28.3418
2001,28.3328
2002,28.4651
2003,28.4864
2004,28.5462
2005,28.4788
2006,28.4694
2007,28.3896
2008,28.5093
2009,28.4677
2010,28.5494
2011,28.4213
2012,28.3823
2013,28.4496
2014,28.4352
2015,28.517
2016,28.5955
2017,28.4449
2018,28.4663
2019,28.5036
2020,28.533
2021,28.4079
2022,28.4134
2023,28.4566
2024,28.414
2025,28.328
2026,28.312
2027,28.3323
2028,28.3821
2029,28.3882
2030,28.372
2031,28.2852
2032,28.316
2033,28.3849
2034,28.3376
2035,28.3033
2036,28.3802
2037,28.423
2038,28.52
2039,28.3925
2040,28.436
2041,28.3863
2042,28.3449
2043,28.3103
2044,28.2928
2045,28.2118
2046,28.3145
2047,28.3337
2048,28.3758
2049,28.2921
2050,28.4358
2051,28.2825
2052,28.3864
2053,28.3578
2054,28.3482
2055,28.4181
2056,28.3298
2057,28.213
2058,28.316
2059,28.3343
2060,28.4274
2061,28.4215
2062,28.412
2063,28.5033
2064,28.4855
2065,28.4626
2066,28.4749
2067,28.5013
2068,28.532
2069,28.5755
2070,28.5326
2071,28.4573
2072,28.5373
2073,28.4865
2074,28.5166
2075,28.4597
2076,28.4532
2077,28.4498
2078,28.5676
2079,28.5439
2080,28.508
2081,28.4516
2082,28.5136
2083,28.4621
2084,28.4732
2085,28.493
2086,28.3958
2087,28.3544
2088,28.3185
2089,28.3902
2090,28.3464
2091,28.3251
2092,28.4006
2093,28.3496
2094,28.3814
2095,28.4308
2096,28.4018
2097,28.5343
2098,28.4396
2099,28.3762
2100,28.4541
2101,28.4896
2102,28.4443
2103,28.4115
2104,28.4011
2105,28.3813
2106,28.4229
2107,28.3871
2108,28.4378
2109,28.2999
2110,28.417
2111,28.5299
2112,28.4098
2113,28.4408
2114,28.3635
2115,28.4139
2116,28.4417
2117,28.4319
2118,28.446
2119,28.3841
2120,28.435
2121,28.4046
2122,28.4143
2123,28.4367
2124,28.4272
2125,28.4782
2126,28.5544
2127,28.4625
2128,28.4212
2129,28.5235
2130,28.4598
2131,28.5285
2132,28.5409
2133,28.5986
2134,28.5445
2135,28.4635
2136,28.3778
2137,28.3956
2138,28.4416
2139,28.3775
2140,28.3749
2141,28.4527
2142,28.3914
2143,28.3539
2144,28.3724
2145,28.4081
2146,28.3794
2147,28.3369
2148,28.3531
2149,28.4073
2150,28.3051
2151,28.3254
2152,28.4817
2153,28.3881
2154,28.4727
2155,28.4056
2156,28.5085
2157,28.4389
2158,28.3674
2159,28.3973
2160,28.3476
2161,28.467
2162,28.3987
2163,28.4791
2164,28.3899
2165,28.3758
2166,28.3877
2167,28.3669
2168,28.5357
2169,28.5055
2170,28.515
2171,28.5625
2172,28.4542
2173,28.434
2174,28.366
2175,28.4268
2176,28.4372
2177,28.4176
2178,28.453
2179,28.4212
2180,28.5706
2181,28.3557
2182,28.3052
2183,28.3179
2184,28.4413
2185,28.4751
2186,28.3681
2187,28.4125
2188,28.3872
2189,28.4447
2190,28.4506
2191,28.4407
2192,28.4114
2193,28.3529
2194,28.4254
2195,28.476
2196,28.4583
2197,28.3146
2198,28.4433
2199,28.4225
2200,28.4962
2201,28.4775
2202,28.5118
2203,28.4695
2204,28.4885
2205,28.4559
2206,28.4488
2207,28.4208
2208,28.3891
2209,28.4168
2210,28.3943
2211,28.3756
2212,28.4594
2213,28.3274
2214,28.3083
2215,28.3605
2216,28.3941
2217,28.5333
2218,28.4162
2219,28.4447
2220,28.4835
2221,28.5406
2222,28.4273
2223,28.5207
2224,28.5761
2225,28.4493
2226,28.3422
2227,28.3702
2228,28.3594
2229,28.3873
2230,28.336
2231,28.4501
2232,28.375
2233,28.5824
2234,28.5109
2235,28.4329
2236,28.4117
2237,28.3884
2238,28.4084
2239,28.3987
2240,28.4264
2241,28.4172
2242,28.4221
2243,28.4159
2244,28.3679
2245,28.329
2246,28.3215
2247,28.2778
2248,28.2568
2249,28.2907
2250,28.428
2251,28.3755
2252,28.4248
2253,28.4282
2254,28.3548
2255,28.3669
2256,28.4443
2257,28.3847
2258,28.5235
2259,28.5328
2260,28.4037
2261,28.4732
2262,28.4164
2263,28.4402
2264,28.4621
2265,28.4342
2266,28.3495
2267,28.4869
2268,28.4607
2269,28.488
2270,28.5315
2271,28.5277
2272,28.4536
2273,28.4906
2274,28.4642
2275,28.368
2276,28.4321
2277,28.3879
2278,28.3879
2279,28.5229
2280,28.4484
2281,28.4707
2282,28.5189
2283,28.5106
2284,28.4277
2285,28.3971
2286,28.3315
2287,28.3429
2288,28.3958
2289,28.3517
2290,28.332
2291,28.3529
2292,28.4201
2293,28.3075
2294,28.2226
2295,28.3735
2296,28.4092
2297,28.3294
2298,28.34
2299,28.4522
2300,28.2752
2301,28.2997
2302,28.3544
2303,28.4161
2304,28.4292
2305,28.3557
2306,28.319
2307,28.3636
2308,28.4981
2309,28.4884
2310,28.4766
2311,28.4115
2312,28.422
2313,28.3513
2314,28.3743
2315,28.3873
2316,28.3522
2317,28.2574
2318,28.2788
2319,28.339
2320,28.39
2321,28.3464
2322,28.2956
2323,28.3479
2324,28.4837
2325,28.4569
2326,28.3584
2327,28.4077
2328,28.2997
2329,28.2847
2330,28.3792
2331,28.3973
2332,28.4296
2333,28.4735
2334,28.3994
2335,28.451
2336,28.5891
2337,28.5577
2338,28.5418
2339,28.4958
2340,28.5122
2341,28.5602
2342,28.3942
2343,28.4038
2344,28.4889
2345,28.4694
2346,28.3968
2347,28.3756
2348,28.4357
2349,28.3989
2350,28.4326
2351,28.3868
2352,28.3784
2353,28.3407
2354,28.4201
2355,28.4689
2356,28.4262
2357,28.4569
2358,28.3784
2359,28.3736
2360,28.3021
2361,28.2452
2362,28.4018
2363,28.4776
2364,28.4077
2365,28.3722
2366,28.3849
2367,28.4232
2368,28.3471
2369,28.4315
2370,28.4321
2371,28.3904
2372,28.412
2373,28.4328
2374,28.4139
2375,28.4508
2376,28.4329
2377,28.3284
2378,28.3119
2379,28.3981
2380,28.3984
2381,28.4309
2382,28.4772
2383,28.4792
2384,28.4551
2385,28.4965
2386,28.5813
2387,28.6122
2388,28.4957
2389,28.4939
2390,28.5273
2391,28.4902
2392,28.569
2393,28.5865
2394,28.5498
2395,28.4945
2396,28.6175
2397,28.5115
2398,28.4753
2399,28.3939
2400,28.3545
2401,28.4043
2402,28.4391
2403,28.2507
2404,28.2415
2405,28.437
2406,28.3177
2407,28.4061
2408,28.3132
2409,28.3821
2410,28.4228
2411,28.361
2412,28.2816
2413,28.3125
2414,28.3242
2415,28.3464
2416,28.3243
2417,28.3334
2418,28.3449
2419,28.3224
2420,28.2513
2421,28.3268
2422,28.3336
2423,28.3735
2424,28.3953
2425,28.3403
2426,28.432
2427,28.4501
2428,28.5367
2429,28.5682
2430,28.4362
2431,28.3895
2432,28.3621
2433,28.3955
2434,28.4192
2435,28.3889
2436,28.3741
2437,28.3652
2438,28.2502
2439,28.1638
2440,28.2854
2441,28.1592
2442,28.2882
2443,28.3256
2444,28.3935
2445,28.3111
2446,28.2231
2447,28.3882
2448,28.442
2449,28.3109
2450,28.3053
2451,28.2374
2452,28.3684
2453,28.3376
2454,28.4658
2455,28.4868
2456,28.4652
2457,28.4332
2458,28.4277
2459,28.3498
2460,28.5533
2461,28.3761
2462,28.4698
2463,28.4412
2464,28.4668
2465,28.5209
2466,28.4116
2467,28.4312
2468,28.4654
2469,28.3813
2470,28.4507
2471,28.4248
2472,28.4765
2473,28.4349
2474,28.4078
2475,28.55
2476,28.4252
2477,28.4563
2478,28.4964
2479,28.493
2480,28.4172
2481,28.4256
2482,28.5129
2483,28.4536
2484,28.4331
2485,28.5806
2486,28.5429
2487,28.5551
2488,28.4851
2489,28.3215
2490,28.4627
2491,28.3951
2492,28.3577
2493,28.3992
2494,28.4848
2495,28.3889
2496,28.4777
2497,28.454
2498,28.4663
2499,28.3213
2500,28.3876
2501,28.2893
2502,28.4095
2503,28.3793
2504,28.2595
2505,28.3623
2506,28.2934
2507,28.3258
2508,28.2288
2509,28.2238
2510,28.2149
2511,28.2487
2512,28.1105
2513,28.2523
2514,28.2017
2515,28.324
2516,28.3065
2517,28.3213
2518,28.1834
2519,28.192
2520,28.2427
2521,28.325
2522,28.2819
2523,28.3011
2524,28.3802
2525,28.379
2526,28.2566
2527,28.2947
2528,28.1815
2529,28.1892
2530,28.2094
2531,28.2881
2532,28.243
2533,28.2284
2534,28.3164
2535,28.3975
2536,28.3197
2537,28.361
2538,28.3482
2539,28.3175
2540,28.2969
2541,28.235
2542,28.3891
2543,28.2979
2544,28.3601
2545,28.3502
2546,28.3372
2547,28.3551
2548,28.2841
2549,28.321
2550,28.3175
2551,28.2424
2552,28.2875
2553,28.3116
2554,28.2616
2555,28.2518
2556,28.3262
2557,28.2837
2558,28.3476
2559,28.2968
2560,28.3176
2561,28.3584
2562,28.3165
2563,28.455
2564,28.4125
2565,28.3601
2566,28.2734
2567,28.1884
2568,28.2583
2569,28.3826
2570,28.4304
2571,28.5203
2572,28.3989
2573,28.2352
2574,28.4612
2575,28.3386
2576,28.4801
2577,28.4075
2578,28.343
2579,28.4557
2580,28.3761
2581,28.3127
2582,28.3463
2583,28.3302
2584,28.2973
2585,28.3863
2586,28.3419
2587,28.3175
2588,28.2795
2589,28.3295
2590,28.3369
2591,28.4574
2592,28.3496
2593,28.4499
2594,28.4204
2595,28.3576
2596,28.356
2597,28.4118
2598,28.405
2599,28.2797
2600,28.4347
2601,28.2899
2602,28.2113
2603,28.232
2604,28.2875
2605,28.2769
2606,28.2361
2607,28.3291
2608,28.1908
2609,28.3121
2610,28.3786
2611,28.4001
2612,28.3978
2613,28.4345
2614,28.4188
2615,28.2949
2616,28.3821
2617,28.2976
2618,28.3841
2619,28.3002
2620,28.5171
2621,28.5074
2622,28.4619
2623,28.4572
2624,28.5076
2625,28.5342
2626,28.5002
2627,28.31
2628,28.379
2629,28.2889
2630,28.2876
2631,28.3425
2632,28.3537
2633,28.1282
2634,28.237
2635,28.3496
2636,28.2968
2637,28.2896
2638,28.2741
2639,28.2856
2640,28.3161
2641,28.3898
2642,28.3464
2643,28.256
2644,28.3095
2645,28.2076
2646,28.2263
2647,28.3115
2648,28.2878
2649,28.2909
2650,28.2222
2651,28.1412
2652,28.3172
2653,28.2777
2654,28.3634
2655,28.4493
2656,28.4782
2657,28.4174
2658,28.4069
2659,28.3697
2660,28.3904
2661,28.4692
2662,28.4592
2663,28.5137
2664,28.3616
2665,28.3036
2666,28.425
2667,28.3426
2668,28.3438
2669,28.3192
2670,28.3665
2671,28.4045
2672,28.4142
2673,28.3872
2674,28.4658
2675,28.4739
2676,28.3772
2677,28.3819
2678,28.3758
2679,28.5268
2680,28.3715
2681,28.2427
2682,28.3578
2683,28.3796
2684,28.3243
2685,28.2511
2686,28.3174
2687,28.3084
2688,28.271
2689,28.2696
2690,28.2189
2691,28.2186
2692,28.3524
2693,28.3955
2694,28.3373
2695,28.3077
2696,28.4197
2697,28.4325
2698,28.443
2699,28.4134
2700,28.482
2701,28.4912
2702,28.4173
2703,28.4044
2704,28.3485
2705,28.2523
2706,28.3595
2707,28.2812
2708,28.471
2709,28.4304
2710,28.3972
2711,28.4087
2712,28.3691
2713,28.3592
2714,28.3429
2715,28.3251
2716,28.3602
2717,28.3545
2718,28.3761
2719,28.2749
2720,28.2509
2721,28.2888
2722,28.1589
2723,28.2665
2724,28.2532
2725,28.196
2726,28.257
2727,28.1777
2728,28.2464
2729,28.3159
2730,28.2979
2731,28.2323
2732,28.2273
2733,28.1683
2734,28.1676
2735,28.2087
2736,28.1768
2737,28.2511
2738,28.2715
2739,28.1669
2740,28.2319
2741,28.2039
2742,28.2085
2743,28.2574
2744,28.3276
2745,28.3668
2746,28.3665
2747,28.3587
2748,28.3208
2749,28.4278
2750,28.3014
2751,28.2912
2752,28.3544
2753,28.3644
2754,28.3758
2755,28.4625
2756,28.3881
2757,28.5226
2758,28.4146
2759,28.436
2760,28.4948
2761,28.4223
2762,28.5146
2763,28.5154
2764,28.4845
2765,28.4283
2766,28.4165
2767,28.486
2768,28.518
2769,28.4434
2770,28.551
2771,28.3913
2772,28.4844
2773,28.5512
2774,28.617
2775,28.4052
2776,28.4579
2777,28.4802
2778,28.462
2779,28.4112
2780,28.602
2781,28.5311
2782,28.547
2783,28.5222
2784,28.5599
2785,28.6384
2786,28.5136
2787,28.5489
2788,28.5216
2789,28.5953
2790,28.6211
2791,28.5011
2792,28.6104
2793,28.5699
2794,28.4549
2795,28.3958
2796,28.4712
2797,28.5868
2798,28.5213
2799,28.5344
2800,28.5285
2801,28.4251
2802,28.4411
2803,28.4519
2804,28.4216
2805,28.3888
2806,28.4962
2807,28.4411
2808,28.3182
2809,28.2952
2810,28.3615
2811,28.3468
2812,28.4995
2813,28.4413
2814,28.4121
2815,28.4309
2816,28.4007
2817,28.5116
2818,28.5818
2819,28.5779
2820,28.6017
2821,28.5554
2822,28.6138
2823,28.5991
2824,28.5676
2825,28.5972
2826,28.6421
2827,28.6564
2828,28.7183
2829,28.5873
2830,28.5453
2831,28.6535
2832,28.5993
2833,28.585
2834,28.6007
2835,28.605
2836,28.5808
2837,28.4707
2838,28.4908
2839,28.5516
2840,28.5485
2841,28.5132
2842,28.6803
2843,28.6681
2844,28.6641
2845,28.6657
2846,28.6632
2847,28.6123
2848,28.6253
2849,28.7026
2850,28.5519
2851,28.5174
2852,28.4963
2853,28.6156
2854,28.6308
2855,28.4672
2856,28.4751
2857,28.4501
2858,28.5204
2859,28.5446
2860,28.5733
2861,28.4734
2862,28.5072
2863,28.5375
2864,28.4172
2865,28.537
2866,28.5019
2867,28.4974
2868,28.613
2869,28.6378
2870,28.5332
2871,28.4812
2872,28.5147
2873,28.4254
2874,28.3934
2875,28.4148
2876,28.4014
2877,28.3531
2878,28.4569
2879,28.5077
2880,28.4172
2881,28.4967
2882,28.3743
2883,28.4357
2884,28.4816
2885,28.3609
2886,28.3938
2887,28.4174
2888,28.48
2889,28.397
2890,28.4466
2891,28.4419
2892,28.4146
2893,28.4362
2894,28.3863
2895,28.394
2896,28.4128
2897,28.4006
2898,28.458
2899,28.4446
2900,28.3466
2901,28.469
2902,28.3695
2903,28.2845
2904,28.365
2905,28.3789
2906,28.4034
2907,28.4057
2908,28.3629
2909,28.3152
2910,28.323
2911,28.3898
2912,28.4219
2913,28.4625
2914,28.463
2915,28.3383
2916,28.36
2917,28.4341
2918,28.2889
2919,28.4237
2920,28.4012
2921,28.3377
2922,28.3982
2923,28.3262
2924,28.4313
2925,28.4551
2926,28.3156
2927,28.387
2928,28.4588
2929,28.3863
2930,28.4469
2931,28.4792
2932,28.3364
2933,28.4631
2934,28.5358
2935,28.3566
2936,28.3829
2937,28.4165
2938,28.4347
2939,28.4727
2940,28.4249
2941,28.4408
2942,28.4245
2943,28.4571
2944,28.4854
2945,28.5232
2946,28.3403
2947,28.4208
2948,28.3762
2949,28.4304
2950,28.4563
2951,28.4367
2952,28.4688
2953,28.467
2954,28.4057
2955,28.3486
2956,28.3442
2957,28.4247
2958,28.4564
2959,28.3855
2960,28.3205
2961,28.3965
2962,28.4699
2963,28.4569
2964,28.4579
2965,28.4398
2966,28.3394
2967,28.3964
2968,28.4488
2969,28.523
2970,28.4514
2971,28.4698
2972,28.5013
2973,28.3497
2974,28.27
2975,28.3313
2976,28.3294
2977,28.3737
2978,28.3392
2979,28.3647
2980,28.36
2981,28.2471
2982,28.2242
2983,28.2741
2984,28.2561
2985,28.2312
2986,28.2414
2987,28.3069
2988,28.3036
2989,28.389
2990,28.2613
2991,28.2443
2992,28.342
2993,28.3127
2994,28.3675
2995,28.347
2996,28.4106
2997,28.2486
2998,28.2953
2999,28.3274
3000,28.3399
3001,28.3981
3002,28.4094
3003,28.2951
3004,28.2933
3005,28.2987
3006,28.3995
3007,28.3538
3008,28.335
3009,28.3131
3010,28.4436
3011,28.4068
3012,28.2685
3013,28.3181
3014,28.4147
3015,28.3673
3016,28.2563
3017,28.4315
3018,28.4711
3019,28.4745
3020,28.4458
3021,28.3795
3022,28.4654
3023,28.4746
3024,28.5088
3025,28.5102
3026,28.4663
3027,28.5443
3028,28.4195
3029,28.4504
3030,28.4372
3031,28.4164
3032,28.4594
3033,28.4377
3034,28.4185
3035,28.5077
3036,28.5922
3037,28.5341
3038,28.4024
3039,28.3671
3040,28.367
3041,28.3893
3042,28.4181
3043,28.4452
3044,28.31
3045,28.3246
3046,28.266
3047,28.3285
3048,28.2655
3049,28.3199
3050,28.3741
3051,28.3514
3052,28.3745
3053,28.2744
3054,28.3386
3055,28.3901
3056,28.323
3057,28.2085
3058,28.3458
3059,28.3478
3060,28.3922
3061,28.3852
3062,28.3687
3063,28.3731
3064,28.403
3065,28.4269
3066,28.3287
3067,28.3541
3068,28.3314
3069,28.464
3070,28.4508
3071,28.5946
3072,28.5047
3073,28.3607
3074,28.3211
3075,28.3954
3076,28.4032
3077,28.3929
3078,28.442
3079,28.3881
3080,28.3582
3081,28.3597
3082,28.3105
3083,28.4387
3084,28.2667
3085,28.2634
3086,28.4374
3087,28.4619
3088,28.4242
3089,28.3744
3090,28.4737
3091,28.5344
3092,28.3409
3093,28.4137
3094,28.3955
3095,28.3737
3096,28.3525
3097,28.4253
3098,28.3978
3099,28.2529
3100,28.3402
3101,28.4052
3102,28.5475
3103,28.5444
3104,28.4496
3105,28.4978
3106,28.4775
3107,28.4803
3108,28.4474
3109,28.4087
3110,28.3608
3111,28.3542
3112,28.4368
3113,28.4677
3114,28.4909
3115,28.5105
3116,28.3446
3117,28.3468
3118,28.3927
3119,28.4406
3120,28.5514
3121,28.5309
3122,28.4913
3123,28.5075
3124,28.4214
3125,28.5611
3126,28.5388
3127,28.4519
3128,28.4687
3129,28.4133
3130,28.4239
3131,28.4623
3132,28.3382
3133,28.4996
3134,28.4157
3135,28.406
3136,28.3572
3137,28.243
3138,28.347
3139,28.3156
3140,28.2192
3141,28.403
3142,28.3442
3143,28.2748
3144,28.3935
3145,28.3549
3146,28.3117
3147,28.2736
3148,28.439
3149,28.3763
3150,28.3916
3151,28.265
3152,28.2828
3153,28.393
3154,28.3608
3155,28.4011
3156,28.449
3157,28.3507
3158,28.2891
3159,28.4301
3160,28.4406
3161,28.4435
3162,28.3816
3163,28.3838
3164,28.4821
3165,28.4632
3166,28.3043
3167,28.4269
3168,28.4173
3169,28.4025
3170,28.4465
3171,28.4111
3172,28.3022
3173,28.3421
3174,28.3583
3175,28.3781
3176,28.5092
3177,28.4659
3178,28.4679
3179,28.4551
3180,28.5989
3181,28.4405
3182,28.4485
3183,28.5546
3184,28.5445
3185,28.5073
3186,28.4908
3187,28.4458
3188,28.5234
3189,28.4306
3190,28.5112
3191,28.4394
3192,28.4395
3193,28.5689
3194,28.4749
3195,28.5601
3196,28.6044
3197,28.5079
3198,28.506
3199,28.4223
3200,28.4465
3201,28.4674
3202,28.5078
3203,28.5005
3204,28.4753
3205,28.4447
3206,28.5169
3207,28.446
3208,28.5757
3209,28.519
3210,28.5449
3211,28.5559
3212,28.5213
3213,28.6047
3214,28.5049
3215,28.4815
3216,28.614
3217,28.5003
3218,28.4471
3219,28.5193
3220,28.5064
3221,28.5297
3222,28.5053
3223,28.5177
3224,28.644
3225,28.5258
3226,28.4882
3227,28.4694
3228,28.4646
3229,28.5132
3230,28.4761
3231,28.494
3232,28.4738
3233,28.4072
3234,28.6053
3235,28.5698
3236,28.5687
3237,28.5863
3238,28.5526
3239,28.4786
3240,28.4941
3241,28.5739
3242,28.4783
3243,28.5248
3244,28.4784
3245,28.5939
3246,28.494
3247,28.4221
3248,28.4014
3249,28.4477
3250,28.4308
3251,28.4031
3252,28.4447
3253,28.4362
3254,28.4904
3255,28.5643
3256,28.4901
3257,28.4848
3258,28.3908
3259,28.3887
3260,28.3581
3261,28.5197
3262,28.6564
3263,28.4668
3264,28.4684
3265,28.4721
3266,28.4188
3267,28.3751
3268,28.4349
3269,28.4231
3270,28.452
3271,28.3588
3272,28.4105
3273,28.4519
3274,28.4003
3275,28.5276
3276,28.5232
3277,28.5234
3278,28.475
3279,28.4956
3280,28.4639
3281,28.404
3282,28.4646
3283,28.4244
3284,28.4753
3285,28.6154
3286,28.4529
3287,28.4672
3288,28.3656
3289,28.4316
3290,28.2973
3291,28.3688
3292,28.3875
3293,28.3611
3294,28.362
3295,28.415
3296,28.364
3297,28.4796
3298,28.3969
3299,28.4664
3300,28.489
3301,28.3974
3302,28.3216
3303,28.4221
3304,28.4446
3305,28.3573
3306,28.4234
3307,28.462
3308,28.4434
3309,28.4328
3310,28.3777
3311,28.4104
3312,28.3889
3313,28.4472
3314,28.5875
3315,28.4677
3316,28.3757
3317,28.3961
3318,28.39
3319,28.3868
3320,28.4453
3321,28.4269
3322,28.4825
3323,28.4004
3324,28.3822
3325,28.4512
3326,28.4314
3327,28.4496
3328,28.4266
3329,28.3882
3330,28.4213
3331,28.432
3332,28.4553
3333,28.3655
3334,28.4736
3335,28.52
3336,28.4945
3337,28.2849
3338,28.3835
3339,28.3712
3340,28.5168
3341,28.4898
3342,28.4288
3343,28.4991
3344,28.4898
3345,28.5071
3346,28.5928
3347,28.5555
3348,28.4645
3349,28.4436
3350,28.4962
3351,28.4673
3352,28.4966
3353,28.5467
3354,28.586
3355,28.3693
3356,28.4416
3357,28.5917
3358,28.4141
3359,28.4629
3360,28.3903
3361,28.5153
3362,28.5156
3363,28.5329
3364,28.5027
3365,28.5481
3366,28.57
3367,28.6029
3368,28.4618
3369,28.561
3370,28.4452
3371,28.5253
3372,28.5102
3373,28.4881
3374,28.3695
3375,28.4833
3376,28.4177
3377,28.5146
3378,28.5582
3379,28.581
3380,28.5714
3381,28.4996
3382,28.4947
3383,28.5297
3384,28.5101
3385,28.5211
3386,28.4935
3387,28.5448
3388,28.5688
3389,28.5129
3390,28.4775
3391,28.5124
3392,28.5138
3393,28.5187
3394,28.4917
3395,28.4719
3396,28.3292
3397,28.3941
3398,28.3952
3399,28.5301
3400,28.4402
3401,28.4986
3402,28.5225
3403,28.5109
3404,28.5585
3405,28.4092
3406,28.4315
3407,28.3599
3408,28.4336
3409,28.4542
3410,28.479
3411,28.4887
3412,28.545
3413,28.5344
3414,28.5299
3415,28.4056
3416,28.4147
3417,28.5402
3418,28.4993
3419,28.4563
3420,28.4995
3421,28.5019
3422,28.3443
3423,28.328
3424,28.4104
3425,28.4135
3426,28.5292
3427,28.4767
3428,28.5097
3429,28.5614
3430,28.5419
3431,28.5972
3432,28.4478
3433,28.3717
3434,28.3995
3435,28.4065
3436,28.4257
3437,28.4264
3438,28.4603
3439,28.4286
3440,28.5748
3441,28.4536
3442,28.5652
3443,28.5895
3444,28.5219
3445,28.5372
3446,28.4777
3447,28.5409
3448,28.622
3449,28.4922
3450,28.5493
3451,28.5846
3452,28.5611
3453,28.6697
3454,28.6424
3455,28.5952
3456,28.5036
3457,28.4385
3458,28.4654
3459,28.4305
3460,28.513
3461,28.393
3462,28.4872
3463,28.4024
3464,28.5801
3465,28.6624
3466,28.5781
3467,28.6137
3468,28.5417
3469,28.6504
3470,28.5476
3471,28.6513
3472,28.5697
3473,28.5347
3474,28.4778
3475,28.6376
3476,28.5817
3477,28.6074
3478,28.5931
3479,28.5744
3480,28.5527
3481,28.4989
3482,28.5695
3483,28.6347
3484,28.5998
3485,28.5026
3486,28.5395
3487,28.4077
3488,28.4817
3489,28.4757
3490,28.389
3491,28.4676
3492,28.4338
3493,28.5159
3494,28.3847
3495,28.4582
3496,28.5975
3497,28.5143
3498,28.508
3499,28.4782
3500,28.4151
3501,28.4122
3502,28.3956
3503,28.4794
3504,28.4616
3505,28.4528
3506,28.3252
3507,28.4342
3508,28.3957
3509,28.4358
3510,28.4797
3511,28.4285
3512,28.294
3513,28.3132
3514,28.4017
3515,28.3153
3516,28.3745
3517,28.3363
3518,28.3791
3519,28.4524
3520,28.3753
3521,28.2969
3522,28.3782
3523,28.4225
3524,28.4901
3525,28.4554
3526,28.4897
3527,28.5148
3528,28.5163
3529,28.511
3530,28.451
3531,28.4226
3532,28.4139
3533,28.61
3534,28.4664
3535,28.4805
3536,28.4285
3537,28.4888
3538,28.3446
3539,28.3782
3540,28.5052
3541,28.5027
3542,28.4588
3543,28.5136
3544,28.3771
3545,28.2803
3546,28.3546
3547,28.5002
3548,28.4141
3549,28.376
3550,28.4209
3551,28.4648
3552,28.3442
3553,28.3379
3554,28.3876
3555,28.4042
3556,28.4942
3557,28.4389
3558,28.4826
3559,28.3845
3560,28.524
3561,28.4729
3562,28.4301
3563,28.4026
3564,28.4984
3565,28.5672
3566,28.5787
3567,28.3883
3568,28.4752
3569,28.6116
3570,28.6033
3571,28.485
3572,28.5691
3573,28.5044
3574,28.5684
3575,28.564
3576,28.6165
3577,28.6061
3578,28.6431
3579,28.6227
3580,28.6297
3581,28.5221
3582,28.486
3583,28.3803
3584,28.4051
3585,28.4699
3586,28.5162
3587,28.3599
3588,28.459
3589,28.3187
3590,28.2552
3591,28.3448
3592,28.3306
3593,28.314
3594,28.3127
3595,28.2982
3596,28.4689
3597,28.4662
3598,28.457
3599,28.373
3600,28.4264
3601,28.5214
3602,28.4986
3603,28.469
3604,28.4054
3605,28.3216
3606,28.2719
3607,28.3947
3608,28.274
3609,28.3143
3610,28.3268
3611,28.3047
3612,28.3691
3613,28.4716
3614,28.4428
3615,28.4371
3616,28.3935
3617,28.4242
3618,28.3513
3619,28.3977
3620,28.5103
3621,28.4324
3622,28.5349
3623,28.4243
3624,28.4646
3625,28.4121
3626,28.4875
3627,28.4725
3628,28.3745
3629,28.495
3630,28.4022
3631,28.4796
3632,28.471
3633,28.4156
3634,28.385
3635,28.3776
3636,28.4426
3637,28.4766
3638,28.4123
3639,28.4263
3640,28.5153
3641,28.3792
3642,28.4432
3643,28.4294
3644,28.411
3645,28.3106
3646,28.3874
3647,28.3363
3648,28.4484
3649,28.4352
3650,28.4532
3651,28.4811
3652,28.4138
3653,28.4412
3654,28.385
3655,28.474
3656,28.5081
3657,28.495
3658,28.5031
3659,28.4896
3660,28.3852
3661,28.3518
3662,28.428
3663,28.5139
3664,28.4565
3665,28.4067
3666,28.398
3667,28.4375
3668,28.5477
3669,28.4557
3670,28.3433
3671,28.4244
3672,28.4225
3673,28.4459
3674,28.4444
3675,28.496
3676,28.3695
3677,28.5193
3678,28.4936
3679,28.3941
3680,28.353
3681,28.4192
3682,28.4569
3683,28.4788
3684,28.438
3685,28.4603
3686,28.5016
3687,28.53
3688,28.5194
3689,28.5116
3690,28.4825
3691,28.4144
3692,28.4755
3693,28.4923
3694,28.4708
3695,28.5552
3696,28.4785
3697,28.5071
3698,28.4357
3699,28.646
3700,28.4839
3701,28.4774
3702,28.3774
3703,28.4585
3704,28.5275
3705,28.5482
3706,28.4225
3707,28.4933
3708,28.3511
3709,28.4188
3710,28.3927
3711,28.3711
3712,28.4431
3713,28.5022
3714,28.4875
3715,28.5933
3716,28.5
3717,28.4511
3718,28.307
3719,28.3234
3720,28.4165
3721,28.4422
3722,28.488
3723,28.4524
3724,28.4907
3725,28.3978
3726,28.4841
3727,28.4854
3728,28.5558
3729,28.5368
3730,28.5238
3731,28.4283
3732,28.4367
3733,28.5681
3734,28.6675
3735,28.5604
3736,28.5347
3737,28.5123
3738,28.5263
3739,28.4612
3740,28.4813
3741,28.5157
3742,28.5104
3743,28.4717
3744,28.6106
3745,28.5562
3746,28.7049
3747,28.6864
3748,28.6028
3749,28.6759
3750,28.4999
3751,28.505
3752,28.5279
3753,28.5269
3754,28.4451
3755,28.3843
3756,28.3712
3757,28.4584
3758,28.3915
3759,28.3903
3760,28.4949
3761,28.4755
3762,28.5936
3763,28.5232
3764,28.5069
3765,28.4907
3766,28.5018
3767,28.4764
3768,28.5191
3769,28.5449
3770,28.5027
3771,28.4653
3772,28.5351
3773,28.4486
3774,28.4136
3775,28.4845
3776,28.4673
3777,28.4461
3778,28.5134
3779,28.5861
3780,28.5566
3781,28.5187
3782,28.4718
3783,28.4357
3784,28.3396
3785,28.4625
3786,28.3743
3787,28.5104
3788,28.3472
3789,28.5736
3790,28.4326
3791,28.4482
3792,28.3267
3793,28.5291
3794,28.4834
3795,28.4291
3796,28.433
3797,28.4375
3798,28.4269
3799,28.3223
3800,28.4629
3801,28.5047
3802,28.4911
3803,28.4356
3804,28.5203
3805,28.5449
3806,28.5054
3807,28.5226
3808,28.5247
3809,28.5189
3810,28.6639
3811,28.6577
3812,28.5778
3813,28.5166
3814,28.516
3815,28.5045
3816,28.548
3817,28.5039
3818,28.5335
3819,28.5259
3820,28.5605
3821,28.6419
3822,28.4631
3823,28.5624
3824,28.6378
3825,28.5749
3826,28.4366
3827,28.5302
3828,28.4788
3829,28.4478
3830,28.4478
3831,28.6777
3832,28.5592
3833,28.5298
3834,28.4969
3835,28.5261
3836,28.5113
3837,28.5603
3838,28.5606
3839,28.6183
3840,28.6237
3841,28.6219
3842,28.5823
3843,28.5945
3844,28.551
3845,28.5467
3846,28.5852
3847,28.6309
3848,28.604
3849,28.5415
3850,28.5349
3851,28.6192
3852,28.5637
3853,28.459
3854,28.6059
3855,28.6114
3856,28.5609
3857,28.6111
3858,28.5569
3859,28.5555
3860,28.3925
3861,28.4523
3862,28.4532
3863,28.4402
3864,28.4947
3865,28.3496
3866,28.5256
3867,28.4077
3868,28.5037
3869,28.5628
3870,28.5315
3871,28.5016
3872,28.5837
3873,28.5768
3874,28.6355
3875,28.6958
3876,28.5916
3877,28.6152
3878,28.5756
3879,28.5823
3880,28.6847
3881,28.5723
3882,28.5793
3883,28.5728
3884,28.4765
3885,28.5091
3886,28.5322
3887,28.4686
3888,28.4793
3889,28.4505
3890,28.3376
3891,28.4393
3892,28.4516
3893,28.4382
3894,28.5726
3895,28.5351
3896,28.457
3897,28.5667
3898,28.5072
3899,28.4762
3900,28.5023
3901,28.4056
3902,28.4648
3903,28.4124
3904,28.3417
3905,28.3914
3906,28.3854
3907,28.5049
3908,28.4331
3909,28.4517
3910,28.6121
3911,28.4648
3912,28.5139
3913,28.5417
3914,28.5286
3915,28.5682
3916,28.4266
3917,28.3396
3918,28.4426
3919,28.4821
3920,28.5318
3921,28.487
3922,28.4702
3923,28.5505
3924,28.5222
3925,28.4808
3926,28.4833
3927,28.6022
3928,28.503
3929,28.4361
3930,28.4066
3931,28.4476
3932,28.4867
3933,28.5173
3934,28.5202
3935,28.5219
3936,28.5808
3937,28.4815
3938,28.5776
3939,28.4769
3940,28.5857
3941,28.5658
3942,28.4908
3943,28.477
3944,28.4058
3945,28.421
3946,28.4881
3947,28.4684
3948,28.4895
3949,28.3999
3950,28.4544
3951,28.4757
3952,28.5387
3953,28.3889
3954,28.4753
3955,28.433
3956,28.4348
3957,28.5207
3958,28.42
3959,28.4837
3960,28.4597
3961,28.5585
3962,28.451
3963,28.5255
3964,28.4779
3965,28.4617
3966,28.5183
3967,28.4378
3968,28.4514
3969,28.5359
3970,28.485
3971,28.4156
3972,28.5212
3973,28.5686
3974,28.4505
3975,28.4726
3976,28.4805
3977,28.5479
3978,28.3924
3979,28.5015
3980,28.4745
3981,28.4515
3982,28.4261
3983,28.4849
3984,28.4244
3985,28.4336
3986,28.4543
3987,28.3677
3988,28.4545
3989,28.5001
3990,28.4178
3991,28.3484
3992,28.3349
3993,28.3972
3994,28.3225
3995,28.415
3996,28.4228
3997,28.2978
3998,28.2919
3999,28.4098
4000,28.4333
4001,28.33
4002,28.4387
4003,28.3525
4004,28.3599
4005,28.2939
4006,28.323
4007,28.3903
4008,28.4059
4009,28.4064
4010,28.3433
4011,28.3218
4012,28.3201
4013,28.4297
4014,28.2848
4015,28.3728
4016,28.3332
4017,28.431
4018,28.4597
4019,28.4287
4020,28.3477
4021,28.3505
4022,28.331
4023,28.3821
4024,28.3731
4025,28.4496
4026,28.5138
4027,28.4411
4028,28.5154
4029,28.4519
4030,28.4888
4031,28.4809
4032,28.4639
4033,28.5394
4034,28.5268
4035,28.5419
4036,28.5084
4037,28.4891
4038,28.4525
4039,28.5594
4040,28.3772
4041,28.4102
4042,28.3796
4043,28.5867
4044,28.5041
4045,28.4955
4046,28.5208
4047,28.466
4048,28.5136
4049,28.4348
4050,28.3581
4051,28.3922
4052,28.4066
4053,28.3952
4054,28.4503
4055,28.3087
4056,28.361
4057,28.3507
4058,28.2855
4059,28.3367
4060,28.3297
4061,28.4689
4062,28.4823
4063,28.4722
4064,28.4479
4065,28.3912
4066,28.6161
4067,28.5091
4068,28.4956
4069,28.6394
4070,28.69
4071,28.6937
4072,28.6187
4073,28.5533
4074,28.6112
4075,28.5409
4076,28.6456
4077,28.5449
4078,28.7524
4079,28.6074
4080,28.7159
4081,28.6108
4082,28.6243
4083,28.6134
4084,28.6316
4085,28.5578
4086,28.5154
4087,28.5096
4088,28.554
4089,28.6656
4090,28.5697
4091,28.6713
4092,28.7199
4093,28.6029
4094,28.4331
4095,28.4019
4096,28.5121
4097,28.5974
4098,28.4167
4099,28.5952
4100,28.5144
4101,28.5106
4102,28.5658
4103,28.6141
4104,28.683
4105,28.6249
4106,28.6218
4107,28.6655
4108,28.6124
4109,28.5594
4110,28.5314
4111,28.6441
4112,28.5834
4113,28.5708
4114,28.5666
4115,28.5982
4116,28.5122
4117,28.4672
4118,28.4476
4119,28.4385
4120,28.4435
4121,28.3819
4122,28.4036
4123,28.5307
4124,28.5144
4125,28.5184
4126,28.5439
4127,28.6066
4128,28.5495
4129,28.4809
4130,28.5373
4131,28.5609
4132,28.4376
4133,28.4259
4134,28.3185
4135,28.4925
4136,28.5465
4137,28.5656
4138,28.4828
4139,28.4747
4140,28.4862
4141,28.6006
4142,28.5206
4143,28.5899
4144,28.4855
4145,28.5332
4146,28.4665
4147,28.4739
4148,28.5177
4149,28.4007
4150,28.4203
4151,28.5578
4152,28.4218
4153,28.4499
4154,28.518
4155,28.534
4156,28.5214
4157,28.5417
4158,28.5255
4159,28.4564
4160,28.4899
4161,28.5211
4162,28.5315
4163,28.5243
4164,28.4736
4165,28.5271
4166,28.4668
4167,28.5229
4168,28.5579
4169,28.5686
4170,28.5405
4171,28.5364
4172,28.5127
4173,28.5638
4174,28.5741
4175,28.5891
4176,28.4896
4177,28.442
4178,28.6765
4179,28.5184
4180,28.6262
4181,28.6716
4182,28.647
4183,28.5841
4184,28.722
4185,28.5809
4186,28.5268
4187,28.443
4188,28.5174
4189,28.4561
4190,28.5541
4191,28.499
4192,28.4679
4193,28.4894
4194,28.4922
4195,28.495
4196,28.5585
4197,28.4624
4198,28.4318
4199,28.5082
4200,28.3907
4201,28.4081
4202,28.6207
4203,28.4436
4204,28.4044
4205,28.438
4206,28.5264
4207,28.6528
4208,28.556
4209,28.5839
4210,28.6165
4211,28.4904
4212,28.494
4213,28.4826
4214,28.3825
4215,28.4959
4216,28.5173
4217,28.5339
4218,28.5278
4219,28.5802
4220,28.4987
4221,28.4846
4222,28.6022
4223,28.5764
4224,28.544
4225,28.5976
4226,28.4912
4227,28.5584
4228,28.5821
4229,28.548
4230,28.6454
4231,28.5925
4232,28.586
4233,28.5519
4234,28.6204
4235,28.6242
4236,28.5745
4237,28.5519
4238,28.6118
4239,28.5621
4240,28.583
4241,28.6684
4242,28.5671
4243,28.6663
4244,28.4747
4245,28.5287
4246,28.5491
4247,28.5141
4248,28.515
4249,28.5959
4250,28.4741
4251,28.5877
4252,28.5657
4253,28.6302
4254,28.6761
4255,28.5678
4256,28.5843
4257,28.5045
4258,28.5088
4259,28.4264
4260,28.4947
4261,28.5624
4262,28.5518
4263,28.5977
4264,28.5884
4265,28.6841
4266,28.6282
4267,28.6127
4268,28.5346
4269,28.6101
4270,28.5351
4271,28.5759
4272,28.6336
4273,28.6393
4274,28.5415
4275,28.596
4276,28.5554
4277,28.5385
4278,28.6889
4279,28.6286
4280,28.5739
4281,28.6382
4282,28.5352
4283,28.4461
4284,28.5323
4285,28.5184
4286,28.4817
4287,28.6724
4288,28.5777
4289,28.5675
4290,28.4876
4291,28.4819
4292,28.5953
4293,28.5872
4294,28.572
4295,28.5494
4296,28.5642
4297,28.5631
4298,28.5278
4299,28.5567
4300,28.5956
4301,28.573
4302,28.6445
4303,28.6048
4304,28.5821
4305,28.4782
4306,28.4211
4307,28.4493
4308,28.415
4309,28.4746
4310,28.5375
4311,28.4849
4312,28.5678
4313,28.548
4314,28.5617
4315,28.5323
4316,28.5939
4317,28.4916
4318,28.5835
4319,28.512
4320,28.5087
4321,28.5124
4322,28.5715
4323,28.5645
4324,28.5723
4325,28.6564
4326,28.6605
4327,28.5855
4328,28.4791
4329,28.5588
4330,28.5809
4331,28.5294
4332,28.5536
4333,28.3972
4334,28.3641
4335,28.4395
4336,28.4025
4337,28.3725
4338,28.4234
4339,28.4979
4340,28.4325
4341,28.5362
4342,28.5621
4343,28.5815
4344,28.5803
4345,28.4977
4346,28.4426
4347,28.3523
4348,28.3915
4349,28.4359
4350,28.4985
4351,28.4466
4352,28.3698
4353,28.4971
4354,28.3776
4355,28.4864
4356,28.4656
4357,28.5607
4358,28.449
4359,28.4699
4360,28.498
4361,28.4736
4362,28.5117
4363,28.4671
4364,28.4304
4365,28.484
4366,28.5578
4367,28.4863
4368,28.5002
4369,28.5288
4370,28.6158
4371,28.5504
4372,28.6482
4373,28.4564
4374,28.3774
4375,28.447
4376,28.4219
4377,28.412
4378,28.3032
4379,28.3105
4380,28.3979
4381,28.3436
4382,28.3654
4383,28.3389
4384,28.371
4385,28.506
4386,28.4658
4387,28.4655
4388,28.5007
4389,28.4644
4390,28.3986
4391,28.4937
4392,28.4461
4393,28.3886
4394,28.4103
4395,28.4343
4396,28.4351
4397,28.5024
4398,28.4645
4399,28.4356
4400,28.3465
4401,28.3282
4402,28.3328
4403,28.4468
4404,28.5269
4405,28.5015
4406,28.5134
4407,28.4797
4408,28.5317
4409,28.4739
4410,28.305
4411,28.4082
4412,28.4391
4413,28.5085
4414,28.4003
4415,28.4309
4416,28.4655
4417,28.5366
4418,28.4103
4419,28.4524
4420,28.5234
4421,28.4335
4422,28.4588
4423,28.48
4424,28.4703
4425,28.4574
4426,28.3927
4427,28.4515
4428,28.5039
4429,28.541
4430,28.5042
4431,28.5891
4432,28.6307
4433,28.6301
4434,28.6161
4435,28.5386
4436,28.5724
4437,28.4996
4438,28.5822
4439,28.5083
4440,28.5354
4441,28.4949
4442,28.4839
4443,28.5214
4444,28.4232
4445,28.4635
4446,28.4079
4447,28.4296
4448,28.5109
4449,28.4979
4450,28.5252
4451,28.4775
4452,28.5121
4453,28.5509
4454,28.6006
4455,28.5578
4456,28.5617
4457,28.5818
4458,28.4904
4459,28.5244
4460,28.5856
4461,28.5591
4462,28.5093
4463,28.5227
4464,28.4051
4465,28.5077
4466,28.5227
4467,28.6194
4468,28.6348
4469,28.6874
4470,28.6177
4471,28.7235
4472,28.614
4473,28.5747
4474,28.6033
4475,28.5225
4476,28.4981
4477,28.523
4478,28.4841
4479,28.4832
4480,28.5692
4481,28.5336
4482,28.4791
4483,28.5026
4484,28.514
4485,28.5618
4486,28.4261
4487,28.4456
4488,28.4391
4489,28.5113
4490,28.5306
4491,28.4696
4492,28.5582
4493,28.4889
4494,28.4721
4495,28.5033
4496,28.4586
4497,28.4327
4498,28.4425
4499,28.3781
4500,28.3538
4501,28.4095
4502,28.406
4503,28.4461
4504,28.4106
4505,28.4444
4506,28.4328
4507,28.3927
4508,28.473
4509,28.3334
4510,28.4391
4511,28.4612
4512,28.6046
4513,28.4928
4514,28.4878
4515,28.4328
4516,28.5656
4517,28.5356
4518,28.5752
4519,28.5943
4520,28.5622
4521,28.5837
4522,28.5387
4523,28.4901
4524,28.5146
4525,28.464
4526,28.4993
4527,28.4563
4528,28.4961
4529,28.5724
4530,28.4434
4531,28.4101
4532,28.4891
4533,28.4872
4534,28.4407
4535,28.455
4536,28.4428
4537,28.4665
4538,28.5589
4539,28.5243
4540,28.5149
4541,28.5733
4542,28.6258
4543,28.5609
4544,28.5984
4545,28.684
4546,28.7739
4547,28.6094
4548,28.545
4549,28.5879
4550,28.4641
4551,28.4949
4552,28.4948
4553,28.532
4554,28.4175
4555,28.399
4556,28.4754
4557,28.4607
4558,28.5491
4559,28.5339
4560,28.5223
4561,28.4603
4562,28.5498
4563,28.4788
4564,28.4503
4565,28.5269
4566,28.553
4567,28.5098
4568,28.4592
4569,28.4427
4570,28.4857
4571,28.4845
4572,28.3922
4573,28.5011
4574,28.4889
4575,28.4049
4576,28.3893
4577,28.3979
4578,28.4115
4579,28.3154
4580,28.3447
4581,28.3096
4582,28.2718
4583,28.3506
4584,28.3582
4585,28.3412
4586,28.3101
4587,28.3789
4588,28.3204
4589,28.3102
4590,28.3832
4591,28.345
4592,28.3507
4593,28.5511
4594,28.5421
4595,28.4272
4596,28.54
4597,28.5172
4598,28.4622
4599,28.59
4600,28.5472
4601,28.5159
4602,28.6284
4603,28.6138
4604,28.6369
4605,28.664
4606,28.5756
4607,28.5679
4608,28.5547
4609,28.5774
4610,28.6669
4611,28.5396
4612,28.6572
4613,28.6746
4614,28.6898
4615,28.6544
4616,28.5881
4617,28.584
4618,28.6866
4619,28.6282
4620,28.6573
4621,28.5749
4622,28.5671
4623,28.5441
4624,28.4122
4625,28.4053
4626,28.5446
4627,28.5498
4628,28.5822
4629,28.5972
4630,28.6328
4631,28.6355
4632,28.6638
4633,28.7179
4634,28.5555
4635,28.5495
4636,28.5708
4637,28.6257
4638,28.5945
4639,28.4923
4640,28.4302
4641,28.4003
4642,28.4624
4643,28.5121
4644,28.4736
4645,28.4314
4646,28.325
4647,28.4187
4648,28.4778
4649,28.4743
4650,28.5514
4651,28.6061
4652,28.5255
4653,28.5013
4654,28.3865
4655,28.4904
4656,28.443
4657,28.5373
4658,28.462
4659,28.4994
4660,28.428
4661,28.4867
4662,28.4376
4663,28.4325
4664,28.3959
4665,28.4453
4666,28.3746
4667,28.3685
4668,28.4937
4669,28.3384
4670,28.3774
4671,28.3788
4672,28.3836
4673,28.4991
4674,28.5389
4675,28.5529
4676,28.528
4677,28.5019
4678,28.5064
4679,28.4577
4680,28.4015
4681,28.4802
4682,28.4229
4683,28.4673
4684,28.3287
4685,28.4244
4686,28.4206
4687,28.409
4688,28.4881
4689,28.4481
4690,28.5245
4691,28.4636
4692,28.4705
4693,28.3959
4694,28.4005
4695,28.4003
4696,28.4263
4697,28.4443
4698,28.4186
4699,28.4321
4700,28.3732
4701,28.3703
4702,28.387
4703,28.3879
4704,28.3099
4705,28.2654
4706,28.3873
4707,28.3697
4708,28.4127
4709,28.3273
4710,28.3685
4711,28.4467
4712,28.5123
4713,28.4978
4714,28.4307
4715,28.5685
4716,28.5824
4717,28.5506
4718,28.4422
4719,28.4464
4720,28.435
4721,28.5467
4722,28.4847
4723,28.4584
4724,28.3778
4725,28.4585
4726,28.4668
4727,28.4137
4728,28.4119
4729,28.3444
4730,28.389
4731,28.4954
4732,28.465
4733,28.4974
4734,28.608
4735,28.592
4736,28.5619
4737,28.5864
4738,28.4631
4739,28.436
4740,28.4802
4741,28.5588
4742,28.5461
4743,28.6763
4744,28.4946
4745,28.6531
4746,28.6335
4747,28.5173
4748,28.6029
4749,28.5554
4750,28.6139
4751,28.4879
4752,28.5179
4753,28.5654
4754,28.6049
4755,28.5837
4756,28.6005
4757,28.4776
4758,28.4721
4759,28.4639
4760,28.5702
4761,28.5493
4762,28.4856
4763,28.4619
4764,28.4502
4765,28.4554
4766,28.453
4767,28.4299
4768,28.5027
4769,28.4914
4770,28.4007
4771,28.4433
4772,28.5235
4773,28.5884
4774,28.4285
4775,28.5276
4776,28.6063
4777,28.5898
4778,28.6203
4779,28.6247
4780,28.5583
4781,28.5342
4782,28.5488
4783,28.4948
4784,28.4119
4785,28.4012
4786,28.3685
4787,28.4463
4788,28.398
4789,28.3931
4790,28.4793
4791,28.3992
4792,28.4765
4793,28.5432
4794,28.5301
4795,28.6278
4796,28.5011
4797,28.5602
4798,28.5613
4799,28.4695
4800,28.5053
4801,28.4561
4802,28.7
4803,28.6326
4804,28.6363
4805,28.5832
4806,28.4424
4807,28.4079
4808,28.4363
4809,28.4534
4810,28.5491
4811,28.5599
4812,28.5375
4813,28.6648
4814,28.5731
4815,28.5261
4816,28.5633
4817,28.4855
4818,28.5789
4819,28.6032
4820,28.4923
4821,28.4913
4822,28.523
4823,28.4597
4824,28.4236
4825,28.4547
4826,28.4867
4827,28.4654
4828,28.4772
4829,28.6034
4830,28.4963
4831,28.4792
4832,28.5544
4833,28.4634
4834,28.497
4835,28.5237
4836,28.4991
4837,28.5888
4838,28.5439
4839,28.6092
4840,28.7119
4841,28.6095
4842,28.4785
4843,28.4308
4844,28.4369
4845,28.3894
4846,28.4049
4847,28.4986
4848,28.5205
4849,28.5418
4850,28.3636
4851,28.5562
4852,28.4968
4853,28.4952
4854,28.4962
4855,28.4055
4856,28.3694
4857,28.3695
4858,28.3834
4859,28.3856
4860,28.3752
4861,28.2978
4862,28.4538
4863,28.3634
4864,28.3606
4865,28.4278
4866,28.4107
4867,28.3651
4868,28.4695
4869,28.4507
4870,28.4843
4871,28.5261
4872,28.5819
4873,28.4904
4874,28.5306
4875,28.5813
4876,28.4657
4877,28.4728
4878,28.4557
4879,28.5833
4880,28.5638
4881,28.537
4882,28.5296
4883,28.6339
4884,28.607
4885,28.5891
4886,28.5499
4887,28.5197
4888,28.4691
4889,28.3782
4890,28.4664
4891,28.4912
4892,28.5436
4893,28.416
4894,28.5384
4895,28.5634
4896,28.6912
4897,28.6389
4898,28.5468
4899,28.712
4900,28.5828
4901,28.4968
4902,28.5836
4903,28.6533
4904,28.6219
4905,28.7116
4906,28.5697
4907,28.5684
4908,28.5233
4909,28.5496
4910,28.6206
4911,28.6545
4912,28.6744
4913,28.6683
4914,28.6433
4915,28.612
4916,28.6793
4917,28.6136
4918,28.5156
4919,28.5212
4920,28.6267
4921,28.603
4922,28.5254
4923,28.5116
4924,28.5912
4925,28.4863
4926,28.528
4927,28.5439
4928,28.5139
4929,28.5414
4930,28.4992
4931,28.6929
4932,28.5604
4933,28.5833
4934,28.5823
4935,28.4634
4936,28.4687
4937,28.4752
4938,28.4608
4939,28.4317
4940,28.4275
4941,28.4631
4942,28.5241
4943,28.46
4944,28.4354
4945,28.4513
4946,28.356
4947,28.4261
4948,28.4137
4949,28.3689
4950,28.3706
4951,28.4492
4952,28.5024
4953,28.4072
4954,28.4176
4955,28.4582
4956,28.5196
4957,28.5813
4958,28.4539
4959,28.5656
4960,28.5241
4961,28.4655
4962,28.4574
4963,28.5034
4964,28.5469
4965,28.4374
4966,28.5048
4967,28.5128
4968,28.5562
4969,28.6288
4970,28.5676
4971,28.6108
4972,28.5317
4973,28.4969
4974,28.4286
4975,28.5058
4976,28.5662
4977,28.5993
4978,28.5308
4979,28.5537
4980,28.5604
4981,28.5802
4982,28.5358
4983,28.5412
4984,28.6181
4985,28.5799
4986,28.5097
4987,28.5412
4988,28.4482
4989,28.5153
4990,28.5923
4991,28.6584
4992,28.6587
4993,28.5885
4994,28.6549
4995,28.4833
4996,28.5966
4997,28.4247
4998,28.508
4999,28.6134
5000,28.6158
5001,28.5241
5002,28.4249
5003,28.4927
5004,28.4718
5005,28.5106
5006,28.4216
5007,28.5485
5008,28.4379
5009,28.4437
5010,28.4736
5011,28.4634
5012,28.4437
5013,28.5064
5014,28.4933
5015,28.4068
5016,28.4155
5017,28.3671
5018,28.3421
5019,28.4178
5020,28.4447
5021,28.3826
5022,28.5991
5023,28.6198
5024,28.4867
5025,28.4266
5026,28.3873
5027,28.4068
5028,28.4195
5029,28.4038
5030,28.3974
5031,28.4605
5032,28.4995
5033,28.3478
5034,28.3949
5035,28.3402
5036,28.3762
5037,28.4372
5038,28.5112
5039,28.4972
5040,28.4253
5041,28.4737
5042,28.465
5043,28.5489
5044,28.5018
5045,28.4929
5046,28.4163
5047,28.5169
5048,28.3836
5049,28.4315
5050,28.4382
5051,28.5143
5052,28.5252
5053,28.436
5054,28.4346
5055,28.4396
5056,28.439
5057,28.5703
5058,28.4397
5059,28.5547
5060,28.4729
5061,28.5329
5062,28.4887
5063,28.6218
5064,28.5465
5065,28.6268
5066,28.5932
5067,28.6414
5068,28.5598
5069,28.4861
5070,28.6088
5071,28.5435
5072,28.6065
5073,28.5625
5074,28.5306
5075,28.5867
5076,28.5535
5077,28.5793
5078,28.6325
5079,28.56
5080,28.6964
5081,28.6489
5082,28.5619
5083,28.6116
5084,28.6564
5085,28.6316
5086,28.6823
5087,28.6528
5088,28.4608
5089,28.491
5090,28.5725
5091,28.5174
5092,28.5353
5093,28.5964
5094,28.7315
5095,28.742
5096,28.6023
5097,28.5675
5098,28.5615
5099,28.6239
5100,28.7156
5101,28.7099
5102,28.5915
5103,28.605
5104,28.6094
5105,28.6862
5106,28.7605
5107,28.6181
5108,28.5245
5109,28.5037
5110,28.6092
5111,28.5357
5112,28.5394
5113,28.6405
5114,28.4685
5115,28.5113
5116,28.5328
5117,28.5368
5118,28.4781
5119,28.529
5120,28.4805
5121,28.4833
5122,28.6699
5123,28.5519
5124,28.5539
5125,28.5056
5126,28.5295
5127,28.5869
5128,28.4919
5129,28.48
5130,28.5411
5131,28.5282
5132,28.5404
5133,28.6969
5134,28.5783
5135,28.6516
5136,28.642
5137,28.715
5138,28.6759
5139,28.5202
5140,28.5135
5141,28.6332
5142,28.6266
5143,28.6227
5144,28.6379
5145,28.5665
5146,28.6383
5147,28.6308
5148,28.6203
5149,28.5483
5150,28.4895
5151,28.5402
5152,28.4908
5153,28.5591
5154,28.6189
5155,28.6322
5156,28.6426
5157,28.5532
5158,28.5159
5159,28.421
5160,28.4614
5161,28.4917
5162,28.4682
5163,28.5586
5164,28.5558
5165,28.5227
5166,28.455
5167,28.6925
5168,28.5462
5169,28.5274
5170,28.4873
5171,28.4943
5172,28.5231
5173,28.5346
5174,28.4926
5175,28.4367
5176,28.4812
5177,28.5132
5178,28.4453
5179,28.5741
5180,28.5892
5181,28.6254
5182,28.5859
5183,28.5765
5184,28.7173
5185,28.5027
5186,28.4464
5187,28.5281
5188,28.5399
5189,28.5697
5190,28.6347
5191,28.5675
5192,28.5253
5193,28.5059
5194,28.4316
5195,28.3983
5196,28.4118
5197,28.4208
5198,28.5807
5199,28.4868
5200,28.4361
5201,28.3912
5202,28.423
5203,28.4028
5204,28.4467
5205,28.4396
5206,28.4937
5207,28.5028
5208,28.4941
5209,28.5493
5210,28.6421
5211,28.6556
5212,28.6216
5213,28.5009
5214,28.5116
5215,28.5518
5216,28.5314
5217,28.5075
5218,28.4657
5219,28.4038
5220,28.5635
5221,28.4473
5222,28.5017
5223,28.5131
5224,28.3335
5225,28.4651
5226,28.4224
5227,28.3683
5228,28.3696
5229,28.441
5230,28.4891
5231,28.4728
5232,28.4906
5233,28.5028
5234,28.5218
5235,28.5165
5236,28.4757
5237,28.3522
5238,28.4855
5239,28.4359
5240,28.4779
5241,28.5367
5242,28.4251
5243,28.5491
5244,28.5061
5245,28.6342
5246,28.5891
5247,28.6253
5248,28.4964
5249,28.5589
5250,28.6251
5251,28.6464
5252,28.5573
5253,28.3571
5254,28.3905
5255,28.4237
5256,28.3482
5257,28.4211
5258,28.3634
5259,30.254
5260,30.1745
5261,28.368
5262,30.2241
5263,30.2384
5264,30.2066
5265,30.2947
5266,30.1989
5267,30.2508
5268,30.3976
5269,30.2811
5270,28.5418
5271,28.4753
5272,30.2193
5273,30.1251
5274,30.2394
5275,30.1673
5276,30.1836
5277,30.1678
5278,30.1913
5279,30.2339
5280,30.2302
5281,30.1825
5282,30.2268
5283,30.2414
5284,30.2522
5285,30.2714
5286,30.2584
5287,30.1411
5288,30.1997
5289,30.1945
5290,30.2641
5291,30.2733
5292,30.2189
5293,30.2077
5294,30.2045
5295,30.1394
5296,30.2005
5297,30.2947
5298,30.2823
5299,30.202
5300,30.2521
5301,30.2657
5302,30.2544
5303,30.3326
5304,30.3014
5305,30.2843
5306,30.2427
5307,30.2275
5308,30.1522
5309,30.2593
5310,30.2485
5311,30.1625
5312,30.1765
5313,30.2079
5314,30.3315
5315,30.3344
5316,30.3647
5317,30.3174
5318,30.3514
5319,30.1782
5320,30.2017
5321,30.2041
5322,30.2556
5323,30.343
5324,30.3139
5325,30.1781
5326,30.0849
5327,30.1661
5328,30.2473
5329,30.1126
5330,30.1473
5331,30.1606
5332,30.0792
5333,30.219
5334,30.2952
5335,30.1498
5336,30.2287
5337,30.2168
5338,30.1537
5339,30.1941
5340,30.1754
5341,30.061
5342,30.1975
5343,30.1348
5344,30.1916
5345,30.1802
5346,30.1258
5347,30.1169
5348,30.1974
5349,30.2045
5350,30.202
5351,30.1815
5352,30.1893
5353,30.1558
5354,30.21
5355,30.1597
5356,30.0615
5357,30.1541
5358,30.1
5359,30.1362
5360,30.1346
5361,30.1614
5362,30.2886
5363,30.3314
5364,30.2579
5365,30.2943
5366,30.2044
5367,30.1239
5368,30.2011
5369,30.2208
5370,30.2485
5371,30.3762
5372,30.3619
5373,30.342
5374,30.3603
5375,30.3859
5376,30.381
5377,30.3192
5378,30.2321
5379,30.2919
5380,30.2124
5381,30.2071
5382,30.2573
5383,30.1685
5384,30.2206
5385,30.1926
5386,30.2489
5387,30.2414
5388,30.202
5389,30.2338
5390,30.2377
5391,30.2243
5392,30.1572
5393,30.1484
5394,30.1939
5395,30.1372
5396,30.0938
5397,30.0788
5398,30.0681
5399,30.1047
5400,30.1099
5401,30.2036
5402,30.1306
5403,30.1213
5404,30.1598
5405,30.1132
5406,30.156
5407,30.1474
5408,30.1528
5409,30.1831
5410,30.1736
5411,30.1271
5412,30.0961
5413,30.1439
5414,30.1945
5415,30.1278
5416,30.2473
5417,30.1594
5418,30.1717
5419,30.169
5420,30.1588
5421,30.1831
5422,30.1881
5423,30.1618
5424,30.245
5425,30.3306
5426,30.253
5427,30.143
5428,30.1844
5429,30.2362
5430,30.2625
5431,30.1832
5432,30.305
5433,30.2973
5434,30.2149
5435,30.1873
5436,30.1135
5437,30.0715
5438,30.1893
5439,30.1644
5440,30.1424
5441,30.1971
5442,30.2755
5443,30.1984
5444,30.188
5445,30.1823
5446,30.1925
5447,30.3465
5448,30.2697
5449,30.2143
5450,30.2059
5451,30.347
5452,30.3005
5453,30.3021
5454,30.3143
5455,30.2915
5456,30.3133
5457,30.2708
5458,30.3357
5459,30.2623
5460,30.3371
5461,30.3641
5462,30.312
5463,30.2973
5464,30.1813
5465,30.3695
5466,30.3931
5467,30.3607
5468,30.3909
5469,30.3559
5470,30.3742
5471,30.2814
5472,30.3249
5473,30.2845
5474,30.2581
5475,30.3479
5476,30.4094
5477,30.3688
5478,30.3344
5479,30.3459
5480,30.3646
5481,30.3606
5482,30.3169
5483,30.3799
5484,30.3873
5485,30.3125
5486,30.4173
5487,30.3426
5488,30.3316
5489,30.3454
5490,30.3366
5491,30.2619
5492,30.235
5493,30.1758
5494,30.2294
5495,30.2375
5496,30.202
5497,30.1879
5498,30.2605
5499,30.1938
5500,30.1674
5501,30.1788
5502,30.2227
5503,30.1933
5504,30.2197
5505,30.1942
5506,30.3091
5507,30.2958
5508,30.3009
5509,30.2402
5510,30.3318
5511,30.2521
5512,30.2574
5513,30.2251
5514,30.294
5515,30.1888
5516,30.21
5517,30.2704
5518,30.4037
5519,30.2148
5520,30.2732
5521,30.2496
5522,30.1986
5523,30.2453
5524,30.3265
5525,30.2226
5526,30.3074
5527,30.3523
5528,30.2298
5529,30.1772
5530,30.1679
5531,30.3127
5532,30.3488
5533,30.3512
5534,30.3367
5535,30.4082
5536,30.4668
5537,30.2951
5538,30.2527
5539,30.2266
5540,30.2568
5541,30.2812
5542,30.2894
5543,30.2907
5544,30.2668
5545,30.2874
5546,30.2987
5547,30.1712
5548,30.1829
5549,30.2658
5550,30.2351
5551,30.3001
5552,30.2211
5553,30.196
5554,30.1738
5555,30.2956
5556,30.1978
5557,30.2094
5558,30.2072
5559,30.2775
5560,30.2344
5561,30.2482
5562,30.2753
5563,30.2177
5564,30.2204
5565,30.1704
5566,30.1567
5567,30.1403
5568,30.0889
5569,30.1753
5570,30.2088
5571,30.2495
5572,30.1559
5573,30.2506
5574,30.2718
5575,30.1969
5576,30.2376
5577,30.2671
5578,30.3291
5579,30.2473
5580,30.1524
5581,30.261
5582,30.2843
5583,30.2668
5584,30.3011
5585,30.3172
5586,30.3445
5587,30.3307
5588,30.2542
5589,30.2632
5590,30.2348
5591,30.3326
5592,30.2208
5593,30.3114
5594,30.3251
5595,30.2797
5596,30.3434
5597,30.2191
5598,30.2736
5599,30.3441
5600,30.2839
5601,30.2614
5602,30.2864
5603,30.2155
5604,30.2527
5605,30.1658
5606,30.1284
5607,30.2746
5608,30.3106
5609,30.2694
5610,30.227
5611,30.1322
5612,30.2296
5613,30.2721
5614,30.2258
5615,30.2318
5616,30.1961
5617,30.2525
5618,30.1821
5619,30.1947
5620,30.1932
5621,30.1777
5622,30.2921
5623,30.2376
5624,30.219
5625,30.1773
5626,30.148
5627,30.2758
5628,30.2823
5629,30.2772
5630,30.2012
5631,30.1638
5632,30.0831
5633,30.2344
5634,30.2214
5635,30.1463
5636,30.308
5637,30.2439
5638,30.2696
5639,30.2585
5640,30.2564
5641,30.1835
5642,30.2256
5643,30.2639
5644,30.1804
5645,30.1812
5646,30.1994
5647,30.1205
5648,30.2138
5649,30.1722
5650,30.1738
5651,30.128
5652,30.1331
5653,30.1454
5654,30.0622
5655,30.1843
5656,30.164
5657,30.2153
5658,30.2176
5659,30.2655
5660,30.1785
5661,30.1896
5662,30.2457
5663,30.2347
5664,30.2441
5665,30.2504
5666,30.2485
5667,30.2906
5668,30.264
5669,30.2347
5670,30.2296
5671,30.2098
5672,30.2117
5673,30.2299
5674,30.1275
5675,30.2198
5676,30.2032
5677,30.1613
5678,30.1494
5679,30.278
5680,30.1901
5681,30.155
5682,30.2618
5683,30.3156
5684,30.261
5685,30.2515
5686,30.269
5687,30.258
5688,30.3083
5689,30.3268
5690,30.316
5691,30.3651
5692,30.2656
5693,30.2429
5694,30.2147
5695,30.2029
5696,30.1682
5697,30.1786
5698,30.3669
5699,30.2753
5700,30.3332
5701,30.283
5702,30.3116
5703,30.2888
5704,30.2677
5705,30.19
5706,30.2457
5707,30.3295
5708,30.3241
5709,30.3329
5710,30.2573
5711,30.2469
5712,30.247
5713,30.22
5714,30.2749
5715,30.2572
5716,30.1969
5717,30.2653
5718,30.2902
5719,30.2832
5720,30.3055
5721,30.2395
5722,30.2408
5723,30.2294
5724,30.298
5725,30.2738
5726,30.2095
5727,30.2629
5728,30.2791
5729,30.2669
5730,30.3185
5731,30.3691
5732,30.3273
5733,30.3895
5734,30.4407
5735,30.357
5736,30.2921
5737,30.2743
5738,30.1807
5739,30.1953
5740,30.2141
5741,30.2046
5742,30.0663
5743,30.1862
5744,30.2251
5745,30.103
5746,30.0479
5747,30.1738
5748,30.1584
5749,30.1804
5750,30.2389
5751,30.2101
5752,30.0504
5753,30.1218
5754,30.3003
5755,30.2922
5756,30.2707
5757,30.2564
5758,30.1951
5759,30.2759
5760,30.3177
5761,30.2842
5762,30.2711
5763,30.3212
5764,30.2453
5765,30.2507
5766,30.219
5767,30.2674
5768,30.2472
5769,30.2528
5770,30.298
5771,30.2903
5772,30.3099
5773,30.3514
5774,30.3666
5775,30.2868
5776,30.2781
5777,30.3265
5778,30.2286
5779,30.2298
5780,30.2176
5781,30.3412
5782,30.2985
5783,30.3219
5784,30.2751
5785,30.3977
5786,30.2936
5787,30.2484
5788,30.3201
5789,30.1984
5790,30.2669
5791,30.2609
5792,30.2486
5793,30.2703
5794,30.3052
5795,30.2682
5796,30.2741
5797,30.2845
5798,30.258
5799,30.1126
5800,30.1985
5801,30.202
5802,30.1791
5803,30.3028
5804,30.3125
5805,30.253
5806,30.2651
5807,30.2276
5808,30.2219
5809,30.2661
5810,30.2815
5811,30.2163
5812,30.1551
5813,30.2768
5814,30.2591
5815,30.2588
5816,30.3117
5817,30.3148
5818,30.1974
5819,30.2484
5820,30.2649
5821,30.3043
5822,30.2538
5823,30.2979
5824,30.2017
5825,30.2393
5826,30.2051
5827,30.2617
5828,30.2607
5829,30.1905
5830,30.267
5831,30.3354
5832,30.3834
5833,30.2708
5834,30.2837
5835,30.2594
5836,30.252
5837,30.2434
5838,30.2989
5839,30.3086
5840,30.267
5841,30.2235
5842,30.3324
5843,30.2487
5844,30.3567
5845,30.4066
5846,30.4858
5847,30.3387
5848,30.302
5849,30.3277
5850,30.3468
5851,30.3136
5852,30.3068
5853,30.3135
5854,30.2505
5855,30.2674
5856,30.3174
5857,30.2345
5858,30.2463
5859,30.1916
5860,30.271
5861,30.2484
5862,30.2559
5863,30.4072
5864,30.3108
5865,30.3947
5866,30.3209
5867,30.276
5868,30.3297
5869,30.3365
5870,30.3175
5871,30.3178
5872,30.3388
5873,30.2974
5874,30.2396
5875,30.36
5876,30.4068
5877,30.3823
5878,30.2948
5879,30.365
5880,30.2781
5881,30.3311
5882,30.3083
5883,30.2632
5884,30.2209
5885,30.2642
5886,30.1622
5887,30.1891
5888,30.1823
5889,30.226
5890,30.2177
5891,30.2459
5892,30.3747
5893,30.3724
5894,30.266
5895,30.2886
5896,30.2256
5897,30.2547
5898,30.2147
5899,30.2968
5900,30.306
5901,30.2876
5902,30.2562
5903,30.2407
5904,30.1861
5905,30.3056
5906,30.3945
5907,30.2423
5908,30.2942
5909,30.398
5910,30.3302
5911,30.3435
5912,30.4018
5913,30.2738
5914,30.2342
5915,30.2679
5916,30.1768
5917,30.3786
5918,30.4462
5919,30.3937
5920,30.2404
5921,30.3279
5922,30.3725
5923,30.3137
5924,30.2553
5925,30.2187
5926,30.1973
5927,30.174
5928,30.1803
5929,30.1503
5930,30.1239
5931,30.2612
5932,30.2728
5933,30.2298
5934,30.222
5935,30.1699
5936,30.1973
5937,30.2372
5938,30.2461
5939,30.386
5940,30.3356
5941,30.2757
5942,30.2614
5943,30.3326
5944,30.3201
5945,30.3642
5946,30.3223
5947,30.2992
5948,30.2741
5949,30.2739
5950,30.2584
5951,30.3627
5952,30.2965
5953,30.4228
5954,30.3623
5955,30.4796
5956,30.2753
5957,30.3318
5958,30.3549
5959,30.2645
5960,30.259
5961,30.2394
5962,30.2503
5963,30.1757
5964,30.1984
5965,30.2512
5966,30.3283
5967,30.2827
5968,30.2747
5969,30.2574
5970,30.3105
5971,30.2276
5972,30.3335
5973,30.3279
5974,30.3206
5975,30.2708
5976,30.3483
5977,30.2254
5978,30.2716
5979,30.2461
5980,30.2827
5981,30.2173
5982,30.2199
5983,30.2851
5984,30.3035
5985,30.2594
5986,30.1273
5987,30.1982
5988,30.19
5989,30.2412
5990,30.2597
5991,30.3208
5992,30.2086
5993,30.2204
5994,30.2132
5995,30.185
5996,30.2753
5997,30.2279
5998,30.243
5999,30.2286
6000,30.1312
6001,30.2629
6002,30.1422
6003,30.176
6004,30.2696
6005,30.1996
6006,30.1922
6007,30.1399
6008,30.1698
6009,30.2384
6010,30.1978
6011,30.264
6012,30.2729
6013,30.1412
6014,30.1743
6015,30.1934
6016,30.2188
6017,30.2019
6018,30.1345
6019,30.1476
6020,30.1681
6021,30.1423
6022,30.1691
6023,30.1884
6024,30.1817
6025,30.2016
6026,30.1806
6027,30.244
6028,30.2635
6029,30.2584
6030,30.2109
6031,30.2461
6032,30.1598
6033,30.1428
6034,30.1797
6035,30.1917
6036,30.2183
6037,30.2581
6038,30.2523
6039,30.3312
6040,30.2483
6041,30.2825
6042,30.1721
6043,30.2468
6044,30.2585
6045,30.1557
6046,30.185
6047,30.211
6048,30.1543
6049,30.1768
6050,30.1199
6051,30.0614
6052,30.2906
6053,30.201
6054,30.2003
6055,30.0674
6056,30.1786
6057,30.1979
6058,30.1253
6059,30.1563
6060,30.283
6061,30.2239
6062,30.1092
6063,30.1671
6064,30.084
6065,30.044
6066,30.149
6067,30.1011
6068,30.097
6069,30.0922
6070,30.0721
6071,30.1244
6072,30.1439
6073,30.2273
6074,30.1726
6075,30.2024
6076,30.2717
6077,30.2415
6078,30.1435
6079,30.1801
6080,30.2442
6081,30.1048
6082,30.2049
6083,30.2422
6084,30.2864
6085,30.16
6086,30.0921
6087,30.0685
6088,30.1639
6089,30.0482
6090,30.1175
6091,30.1623
6092,30.1308
6093,30.1804
6094,30.19
6095,30.2405
6096,30.2651
6097,30.248
6098,30.23
6099,30.2524
6100,30.2585
6101,30.2356
6102,30.3951
6103,30.3613
6104,30.4189
6105,30.4114
6106,30.4323
6107,30.3298
6108,30.3043
6109,30.2445
6110,30.2198
6111,30.1713
6112,30.2311
6113,30.1787
6114,30.1968
6115,30.187
6116,30.3371
6117,30.3072
6118,30.1971
6119,30.2096
6120,30.143
6121,30.1547
6122,30.0365
6123,30.1202
6124,30.2154
6125,30.2479
6126,30.2327
6127,30.2343
6128,30.2989
6129,30.3021
6130,30.279
6131,30.1945
6132,30.2509
6133,30.2376
6134,30.3283
6135,30.2059
6136,30.2341
6137,30.3328
6138,30.1882
6139,30.2973
6140,30.2789
6141,30.2442
6142,30.3906
6143,30.3202
6144,30.4098
6145,30.3122
6146,30.3278
6147,30.3765
6148,30.376
6149,30.3287
6150,30.398
6151,30.4989
6152,30.3674
6153,30.3744
6154,30.317
6155,30.3211
6156,30.2873
6157,30.3661
6158,30.3647
6159,30.3216
6160,30.3008
6161,30.3262
6162,30.47
6163,30.337
6164,30.3769
6165,30.4624
6166,30.3787
6167,30.4282
6168,30.3164
6169,30.4226
6170,30.4263
6171,30.2806
6172,30.2369
6173,30.2969
6174,30.1297
6175,30.1448
6176,30.2563
6177,30.1731
6178,30.2843
6179,30.2027
6180,30.1487
6181,30.1189
6182,30.2571
6183,30.3165
6184,30.274
6185,30.2162
6186,30.2466
6187,30.3697
6188,30.2446
6189,30.3479
6190,30.3843
6191,30.3312
6192,30.2472
6193,30.2478
6194,30.2198
6195,30.2671
6196,30.307
6197,30.3165
6198,30.3113
6199,30.2259
6200,30.2626
6201,30.1678
6202,30.2355
6203,30.2251
6204,30.1687
6205,30.1354
6206,30.1349
6207,30.1456
6208,30.195
6209,30.038
6210,30.1825
6211,30.2802
6212,30.212
6213,30.1849
6214,30.163
6215,30.093
6216,30.0951
6217,30.1918
6218,30.1251
6219,30.1014
6220,30.1073
6221,30.0619
6222,30.1729
6223,30.0833
6224,30.082
6225,30.1553
6226,30.0905
6227,30.0958
6228,30.0722
6229,30.0107
6230,30.0118
6231,30.1398
6232,30.1315
6233,30.2507
6234,30.2259
6235,30.1885
6236,30.2402
6237,30.2199
6238,30.2538
6239,30.1138
6240,30.1013
6241,30.186
6242,30.1686
6243,30.1299
6244,30.225
6245,30.2198
6246,30.1863
6247,30.1723
6248,30.0973
6249,30.2128
6250,30.1399
6251,30.0726
6252,30.1927
6253,30.133
6254,30.1974
6255,30.1468
6256,30.0704
6257,30.1185
6258,30.095
6259,30.0948
6260,30.1069
6261,30.1523
6262,30.242
6263,30.2763
6264,30.2052
6265,30.173
6266,30.121
6267,30.2115
6268,30.2459
6269,30.3875
6270,30.3311
6271,30.3042
6272,30.3262
6273,30.3837
6274,30.3466
6275,30.3095
6276,30.3099
6277,30.2089
6278,30.2943
6279,30.2916
6280,30.299
6281,30.2346
6282,30.2409
6283,30.2521
6284,30.2184
6285,30.2433
6286,30.1594
6287,30.3065
6288,30.2473
6289,30.2452
6290,30.2544
6291,30.2147
6292,30.269
6293,30.3342
6294,30.3979
6295,30.3536
6296,30.2774
6297,30.2669
6298,30.3047
6299,30.3541
6300,30.3668
6301,30.3479
6302,30.31
6303,30.2793
6304,30.3019
6305,30.2063
6306,30.2093
6307,30.1701
6308,30.2858
6309,30.2567
6310,30.3893
6311,30.3064
6312,30.3523
6313,30.2857
6314,30.365
6315,30.3624
6316,30.3077
6317,30.3103
6318,30.1683
6319,30.3008
6320,30.327
6321,30.254
6322,30.3351
6323,30.2957
6324,30.2684
6325,30.3454
6326,30.299
6327,30.2425
6328,30.2974
6329,30.2818
6330,30.2184
6331,30.2795
6332,30.2401
6333,30.2164
6334,30.3051
6335,30.2559
6336,30.1909
6337,30.172
6338,30.1956
6339,30.2181
6340,30.3379
6341,30.3187
6342,30.4334
6343,30.3731
6344,30.3541
6345,30.3793
6346,30.3158
6347,30.2934
6348,30.267
6349,30.2671
6350,30.2115
6351,30.2768
6352,30.3105
6353,30.1205
6354,30.0991
6355,30.2292
6356,30.2317
6357,30.1357
6358,30.2031
6359,30.2785
6360,30.2139
6361,30.2543
6362,30.1946
6363,30.2233
6364,30.155
6365,30.2421
6366,30.1898
6367,30.186
6368,30.1598
6369,30.2261
6370,30.207
6371,30.1528
6372,30.1682
6373,30.0957
6374,30.1804
6375,30.1934
6376,30.1959
6377,30.2177
6378,30.2436
6379,30.2725
6380,30.2607
6381,30.1799
6382,30.1885
6383,30.252
6384,30.137
6385,30.1437
6386,30.0361
6387,30.0319
6388,30.0931
6389,30.1483
6390,30.171
6391,30.26
6392,30.2017
6393,30.2723
6394,30.2159
6395,30.3464
6396,30.2249
6397,30.2794
6398,30.1846
6399,30.0823
6400,30.1379
6401,30.1322
6402,30.1702
6403,30.1615
6404,30.2613
6405,30.1167
6406,30.1885
6407,30.1888
6408,30.1532
6409,30.1434
6410,30.1003
6411,30.0777
6412,30.1486
6413,30.0332
6414,30.1077
6415,30.0304
6416,30.108
6417,30.1269
6418,30.1293
6419,30.128
6420,30.1661
6421,30.2603
6422,30.1335
6423,30.1195
6424,30.1374
6425,30.0874
6426,30.0767
6427,30.0646
6428,30.1252
6429,30.1802
6430,30.2315
6431,30.1124
6432,30.2355
6433,30.0965
6434,30.1702
6435,30.1589
6436,30.1867
6437,30.2371
6438,30.1426
6439,30.2795
6440,30.1931
6441,30.2338
6442,30.215
6443,30.2692
6444,30.242
6445,30.3021
6446,30.3107
6447,30.1735
6448,30.1781
6449,30.2097
6450,30.3065
6451,30.1684
6452,30.2324
6453,30.2416
6454,30.3226
6455,30.2364
6456,30.2986
6457,30.2951
6458,30.3931
6459,30.3124
6460,30.2597
6461,30.3065
6462,30.215
6463,30.2953
6464,30.2145
6465,30.3287
6466,30.2993
6467,30.1922
6468,30.2676
6469,30.2712
6470,30.3764
6471,30.2816
6472,30.2331
6473,30.2192
6474,30.2756
6475,30.2239
6476,30.2483
6477,30.3112
6478,30.2492
6479,30.2199
6480,30.2759
6481,30.303
6482,30.2261
6483,30.1033
6484,30.2585
6485,30.262
6486,30.3241
6487,30.2679
6488,30.2412
6489,30.2022
6490,30.2511
6491,30.1559
6492,30.23
6493,30.2251
6494,30.2035
6495,30.1831
6496,30.1528
6497,30.1961
6498,30.2625
6499,30.1749
6500,30.2154
6501,30.1849
6502,30.3763
6503,30.3017
6504,30.2154
6505,30.218
6506,30.3077
6507,30.204
6508,30.2164
6509,30.233
6510,30.2343
6511,30.1539
6512,30.2182
6513,30.1899
6514,30.2018
6515,30.2004
6516,30.282
6517,30.2049
6518,30.273
6519,30.2116
6520,30.2214
6521,30.2092
6522,30.1857
6523,30.2937
6524,30.1864
6525,30.2717
6526,30.1525
6527,30.142
6528,30.1438
6529,30.2045
6530,30.2558
6531,30.2534
6532,30.1536
6533,30.2233
6534,30.2434
6535,30.2982
6536,30.2764
6537,30.205
6538,30.2378
6539,30.1535
6540,30.1928
6541,30.2081
6542,30.0243
6543,30.1295
6544,30.1088
6545,30.1896
6546,30.1349
6547,30.1813
6548,30.0671
6549,30.1209
6550,30.1222
6551,30.1038
6552,30.0275
6553,30.0774
6554,30.0516
6555,30.0748
6556,30.1136
6557,30.1507
6558,30.2278
6559,30.1383
6560,30.2474
6561,30.2865
6562,30.1692
6563,30.1418
6564,30.181
6565,30.2327
6566,30.1567
6567,30.2548
6568,30.318
6569,30.3205
6570,30.225
6571,30.2619
6572,30.2387
6573,30.1813
6574,30.1569
6575,30.1604
6576,30.247
6577,30.4045
6578,30.3452
6579,30.3287
6580,30.4243
6581,30.3009
6582,30.1422
6583,30.2633
6584,30.3136
6585,30.2228
6586,30.2208
6587,30.213
6588,30.2064
6589,30.2421
6590,30.1162
6591,30.1609
6592,30.1824
6593,30.1721
6594,30.2769
6595,30.1954
6596,30.0805
6597,30.1631
6598,30.1592
6599,30.1787
6600,30.131
6601,30.2247
6602,30.1271
6603,30.1545
6604,30.189
6605,30.1781
6606,30.1495
6607,30.1161
6608,30.1572
6609,30.0193
6610,29.9773
6611,30.0415
6612,30.1046
6613,30.0467
6614,30.3362
6615,30.1248
6616,30.1959
6617,30.1714
6618,30.2141
6619,30.2821
6620,30.1836
6621,30.2057
6622,30.0865
6623,30.1673
6624,30.1684
6625,30.1627
6626,30.1226
6627,30.2376
6628,30.246
6629,30.2311
6630,30.2511
6631,30.229
6632,30.1399
6633,30.2503
6634,30.1673
6635,30.2571
6636,30.31
6637,30.2197
6638,30.3057
6639,30.357
6640,30.26
6641,30.3006
6642,30.2464
6643,30.338
6644,30.3754
6645,30.2901
6646,30.3149
6647,30.3334
6648,30.3439
6649,30.3221
6650,30.2705
6651,30.3265
6652,30.2938
6653,30.3203
6654,30.286
6655,30.3103
6656,30.1317
6657,30.3021
6658,30.2786
6659,30.249
6660,30.3409
6661,30.279
6662,30.3322
6663,30.2844
6664,30.3179
6665,30.3139
6666,30.1898
6667,30.3045
6668,30.3353
6669,30.2981
6670,30.3245
6671,30.3064
6672,30.3254
6673,30.2347
6674,30.2947
6675,30.3114
6676,30.2047
6677,30.1706
6678,30.1693
6679,30.1984
6680,30.2682
6681,30.2594
6682,30.32
6683,30.2726
6684,30.3413
6685,30.3074
6686,30.1848
6687,30.2509
6688,30.2843
6689,30.2913
6690,30.3298
6691,30.254
6692,30.2631
6693,30.2634
6694,30.2847
6695,30.2258
6696,30.2618
6697,30.2831
6698,30.2559
6699,30.1816
6700,30.1768
6701,30.2174
6702,30.2156
6703,30.2234
6704,30.2398
6705,30.1771
6706,30.2242
6707,30.2068
6708,30.2164
6709,30.2822
6710,30.2344
6711,30.2698
6712,30.2026
6713,30.2812
6714,30.2003
6715,30.2143
6716,30.0991
6717,30.0712
6718,30.1589
6719,30.2953
6720,30.238
6721,30.1702
6722,30.1815
6723,30.1003
6724,30.1393
6725,30.3569
6726,30.3274
6727,30.1634
6728,30.2513
6729,30.1714
6730,30.202
6731,30.1806
6732,30.205
6733,30.1354
6734,30.1851
6735,30.1927
6736,30.3699
6737,30.2263
6738,30.1275
6739,30.1312
6740,30.1934
6741,30.1232
6742,30.247
6743,30.2308
6744,30.2545
6745,30.3031
6746,30.2467
6747,30.2319
6748,30.1589
6749,30.1814
6750,30.0815
6751,30.2058
6752,30.1246
6753,30.1653
6754,30.1844
6755,30.1175
6756,30.0984
6757,30.2069
6758,30.2173
6759,30.2953
6760,30.2275
6761,30.2278
6762,30.2027
6763,30.1129
6764,30.2639
6765,30.195
6766,30.2225
6767,30.173
6768,30.0898
6769,30.2075
6770,30.2096
6771,30.2106
6772,30.2166
6773,30.2275
6774,30.2562
6775,30.269
6776,30.2187
6777,30.1926
6778,30.2497
6779,30.1271
6780,30.1414
6781,30.1638
6782,30.1892
6783,30.254
6784,30.1999
6785,30.2474
6786,30.1386
6787,30.1668
6788,30.1213
6789,30.214
6790,30.2934
6791,30.2485
6792,30.3986
6793,30.3127
6794,30.2645
6795,30.1835
6796,30.2244
6797,30.3509
6798,30.3054
6799,30.2479
6800,30.1951
6801,30.2453
6802,30.2551
6803,30.2791
6804,30.2129
6805,30.1946
6806,30.1069
6807,30.1373
6808,30.043
6809,30.0564
6810,30.0916
6811,30.1219
6812,30.1169
6813,30.16
6814,30.2409
6815,30.326
6816,30.1789
6817,30.155
6818,30.209
6819,30.2244
6820,30.2399
6821,30.3903
6822,30.266
6823,30.2708
6824,30.3822
6825,30.3907
6826,30.3621
6827,30.2844
6828,30.1568
6829,30.2127
6830,30.1616
6831,30.2356
6832,30.2672
6833,30.3453
6834,30.2921
6835,30.2719
6836,30.2038
6837,30.2309
6838,30.3398
6839,30.2967
6840,30.2405
6841,30.2791
6842,30.2656
6843,30.2633
6844,30.2545
6845,30.1596
6846,30.2699
6847,30.2694
6848,30.231
6849,30.2608
6850,30.3685
6851,30.3536
6852,30.3558
6853,30.3903
6854,30.2842
6855,30.2827
6856,30.3703
6857,30.3044
6858,30.3203
6859,30.346
6860,30.3705
6861,30.4001
6862,30.3351
6863,30.3955
6864,30.2939
6865,30.3701
6866,30.4109
6867,30.3498
6868,30.2705
6869,30.2884
6870,30.3214
6871,30.19
6872,30.1809
6873,30.2163
6874,30.1442
6875,30.0978
6876,30.2391
6877,30.2162
6878,30.2307
6879,30.2481
6880,30.3349
6881,30.3658
6882,30.3801
6883,30.3533
6884,30.2853
6885,30.3421
6886,30.4062
6887,30.3295
6888,30.3541
6889,30.4121
6890,30.3603
6891,30.2506
6892,30.3854
6893,30.3861
6894,30.4462
6895,30.4591
6896,30.3814
6897,30.4025
6898,30.3641
6899,30.3729
6900,30.4513
6901,30.3342
6902,30.4487
6903,30.3735
6904,30.3861
6905,30.4108
6906,30.3906
6907,30.4332
6908,30.4002
6909,30.3615
6910,30.447
6911,30.3902
6912,30.4438
6913,30.425
6914,30.2985
6915,30.2341
6916,30.2076
6917,30.3067
6918,30.249
6919,30.2599
6920,30.2268
6921,30.1927
6922,30.2326
6923,30.2047
6924,30.2753
6925,30.3394
6926,30.3332
6927,30.3578
6928,30.3847
6929,30.3249
6930,30.3791
6931,30.264
6932,30.3001
6933,30.3632
6934,30.4494
6935,30.3127
6936,30.3549
6937,30.3242
6938,30.3914
6939,30.3381
6940,30.3721
6941,30.3685
6942,30.4537
6943,30.3942
6944,30.4341
6945,30.3364
6946,30.311
6947,30.2988
6948,30.2827
6949,30.2164
6950,30.2022
6951,30.4102
6952,30.4865
6953,30.4478
6954,30.3468
6955,30.3395
6956,30.3714
6957,30.3818
6958,30.4186
6959,30.3514
6960,30.3855
6961,30.374
6962,30.4057
6963,30.4173
6964,30.334
6965,30.4747
6966,30.4282
6967,30.4053
6968,30.4377
6969,30.3596
6970,30.408
6971,30.4634
6972,30.4394
6973,30.4735
6974,30.4862
6975,30.5075
6976,30.4831
6977,30.3323
6978,30.4666
6979,30.5187
6980,30.4522
6981,30.4184
6982,30.3772
6983,30.382
6984,30.4849
6985,30.5274
6986,30.4966
6987,30.433
6988,30.555
6989,30.4687
6990,30.5159
6991,30.4688
6992,30.4544
6993,30.4941
6994,30.5387
6995,30.5494
6996,30.5845
6997,30.5222
6998,30.4994
6999,30.5494
7000,30.369
7001,30.4506
7002,30.4965
7003,30.4319
7004,30.3853
7005,30.407
7006,30.3863
7007,30.3552
7008,30.3739
7009,30.4423
7010,30.3812
7011,30.4677
7012,30.5056
7013,30.3508
7014,30.3301
7015,30.3702
7016,30.3554
7017,30.2787
7018,30.3525
7019,30.3977
7020,30.4202
7021,30.4077
7022,30.3896
7023,30.4179
7024,30.3884
7025,30.4159
7026,30.3946
7027,30.3994
7028,30.4822
7029,30.4945
7030,30.4532
7031,30.2905
7032,30.3283
7033,30.2685
7034,30.3955
7035,30.2443
7036,30.2999
7037,30.4002
7038,30.433
7039,30.3493
7040,30.4339
7041,30.3906
7042,30.4165
7043,30.3629
7044,30.3929
7045,30.3472
7046,30.3117
7047,30.335
7048,30.254
7049,30.3375
7050,30.2277
7051,30.3226
7052,30.3008
7053,30.4006
7054,30.4034
7055,30.3573
7056,30.3645
7057,30.2207
7058,30.3267
7059,30.3019
7060,30.2306
7061,30.2167
7062,30.2973
7063,30.294
7064,30.3308
7065,30.245
7066,30.255
7067,30.2797
7068,30.2492
7069,30.3081
7070,30.2924
7071,30.247
7072,30.3404
7073,30.3844
7074,30.3218
7075,30.3753
7076,30.4431
7077,30.3856
7078,30.4464
7079,30.408
7080,30.3385
7081,30.5226
7082,30.4582
7083,30.4812
7084,30.2995
7085,30.2858
7086,30.3402
7087,30.3272
7088,30.3986
7089,30.4091
7090,30.3976
7091,30.3894
7092,30.4601
7093,30.3901
7094,30.3693
7095,30.3714
7096,30.3244
7097,30.4551
7098,30.2887
7099,30.3892
7100,30.3299
7101,30.3272
7102,30.3307
7103,30.3068
7104,30.1784
7105,30.1737
7106,30.1838
7107,30.2761
7108,30.2984
7109,30.3006
7110,30.2371
7111,30.2763
7112,30.3133
7113,30.3326
7114,30.3727
7115,30.304
7116,30.4311
7117,30.322
7118,30.3547
7119,30.3018
7120,30.3267
7121,30.2704
7122,30.3069
7123,30.3359
7124,30.3481
7125,30.36
7126,30.3169
7127,30.3641
7128,30.3939
7129,30.2841
7130,30.3033
7131,30.2724
7132,30.3366
7133,30.24
7134,30.382
7135,30.3888
7136,30.2864
7137,30.2704
7138,30.2753
7139,30.3181
7140,30.3531
7141,30.4106
7142,30.3685
7143,30.4468
7144,30.5008
7145,30.4422
7146,30.4129
7147,30.5019
7148,30.483
7149,30.5104
7150,30.5613
7151,30.5098
7152,30.5734
7153,30.538
7154,30.4853
7155,30.5238
7156,30.3811
7157,30.3767
7158,30.4758
7159,30.3446
7160,30.295
7161,30.3497
7162,30.4122
7163,30.3192
7164,30.3542
7165,30.3823
7166,30.4132
7167,30.3966
7168,30.3357
7169,30.3407
7170,30.3162
7171,30.2175
7172,30.3225
7173,30.379
7174,30.3578
7175,30.3413
7176,30.3218
7177,30.3187
7178,30.2795
7179,30.3109
7180,30.308
7181,30.321
7182,30.262
7183,30.2897
7184,30.3969
7185,30.3504
7186,30.3698
7187,30.36
7188,30.3186
7189,30.2943
7190,30.4182
7191,30.4186
7192,30.3385
7193,30.4557
7194,30.3134
7195,30.4282
7196,30.4825
7197,30.3434
7198,30.3914
7199,30.4056
7200,30.2757
7201,30.3847
7202,30.2961
7203,30.3542
7204,30.3044
7205,30.3974
7206,30.3536
7207,30.3599
7208,30.3608
7209,30.3988
7210,30.3358
7211,30.3797
7212,30.349
7213,30.3793
7214,30.4462
7215,30.3801
7216,30.3129
7217,30.3379
7218,30.3064
7219,30.3613
7220,30.3808
7221,30.3852
7222,30.3551
7223,30.3556
7224,30.3959
7225,30.3013
7226,30.327
7227,30.3692
7228,30.3958
7229,30.2956
7230,30.3063
7231,30.302
7232,30.3614
7233,30.3726
7234,30.3169
7235,30.3978
7236,30.3586
7237,30.2975
7238,30.3051
7239,30.3241
7240,30.2877
7241,30.1953
7242,30.1911
7243,30.3042
7244,30.3564
7245,30.2921
7246,30.3519
7247,30.4689
7248,30.4034
7249,30.2342
7250,30.3549
7251,30.2859
7252,30.2492
7253,30.3785
7254,30.3396
7255,30.3204
7256,30.2669
7257,30.2067
7258,30.2461
7259,30.2355
7260,30.3224
7261,30.2383
7262,30.2257
7263,30.3527
7264,30.308
7265,30.3322
7266,30.2547
7267,30.3198
7268,30.3429
7269,30.2987
7270,30.3673
7271,30.3132
7272,30.2691
7273,30.3284
7274,30.3461
7275,30.2953
7276,30.307
7277,30.3401
7278,30.3131
7279,30.2976
7280,30.3549
7281,30.2132
7282,30.3435
7283,30.2684
7284,30.1948
7285,30.2271
7286,30.3669
7287,30.2958
7288,30.2742
7289,30.2216
7290,30.247
7291,30.2396
7292,30.2293
7293,30.2469
7294,30.2157
7295,30.2158
7296,30.2717
7297,30.2116
7298,30.2436
7299,30.288
7300,30.1518
7301,30.197
7302,30.1381
7303,30.2735
7304,30.234
7305,30.3465
7306,30.2815
7307,30.3009
7308,30.2704
7309,30.2669
7310,30.2776
7311,30.2492
7312,30.1742
7313,30.3189
7314,30.3976
7315,30.2864
7316,30.3935
7317,30.2383
7318,30.3051
7319,30.2703
7320,30.2548
7321,30.2375
7322,30.2509
7323,30.2823
7324,30.3066
7325,30.3418
7326,30.3116
7327,30.2539
7328,30.3598
7329,30.2954
7330,30.3096
7331,30.2498
7332,30.2992
7333,30.2509
7334,30.2909
7335,30.2414
7336,30.221
7337,30.2309
7338,30.2426
7339,30.1672
7340,30.2455
7341,30.1763
7342,30.2937
7343,30.2364
7344,30.2647
7345,30.2049
7346,30.1507
7347,30.1565
7348,30.156
7349,30.1781
7350,30.1519
7351,30.2003
7352,30.1114
7353,30.1168
7354,30.2159
7355,30.2877
7356,30.3203
7357,30.2077
7358,30.2865
7359,30.0854
7360,30.2528
7361,30.2502
7362,30.1968
7363,30.2231
7364,30.2126
7365,30.2537
7366,30.2318
7367,30.1565
7368,30.1758
7369,30.2552
7370,30.1382
7371,30.0982
7372,30.2016
7373,30.0943
7374,30.2135
7375,30.2403
7376,30.1672
7377,30.2375
7378,30.2164
7379,30.212
7380,30.3172
7381,30.2429
7382,30.1036
7383,30.1622
7384,30.0648
7385,30.195
7386,30.2141
7387,30.2094
7388,30.198
7389,30.1938
7390,30.1979
7391,30.2284
7392,30.2904
7393,30.0999
7394,30.1299
7395,30.1228
7396,30.216
7397,30.112
7398,30.1789
7399,30.2302
7400,30.2363
7401,30.2693
7402,30.1412
7403,30.1083
7404,30.1985
7405,30.1273
7406,30.2094
7407,30.1805
7408,30.0076
7409,30.1877
7410,30.2039
7411,30.1405
7412,30.1301
7413,30.191
7414,30.241
7415,30.2247
7416,30.2326
7417,30.1318
7418,30.1869
7419,30.0772
7420,30.0799
7421,30.2382
7422,30.1958
7423,30.2358
7424,30.0713
7425,30.2196
7426,30.2202
7427,30.264
7428,30.2891
7429,30.1926
7430,30.2007
7431,30.2187
7432,30.294
7433,30.3094
7434,30.2922
7435,30.2341
7436,30.2257
7437,30.2234
7438,30.2473
7439,30.2637
7440,30.2626
7441,30.2054
7442,30.2614
7443,30.3147
7444,30.264
7445,28.7255
7446,30.3275
7447,30.2075
7448,30.1801
7449,30.111
7450,30.1724
7451,30.1117
7452,30.1923
7453,30.1356
7454,30.2181
7455,30.1313
7456,30.1048
7457,30.2347
7458,30.2417
7459,30.2647
7460,30.3731
7461,30.3722
7462,30.3408
7463,30.2872
7464,28.7288
7465,30.3094
7466,30.3209
7467,30.2281
7468,30.2994
7469,30.331
7470,30.3437
7471,30.3255
7472,30.2903
7473,30.2978
7474,30.2767
7475,30.2965
7476,30.2502
7477,30.2543
7478,30.306
7479,30.2616
7480,30.2132
7481,30.2953
7482,30.3265
7483,30.3487
7484,30.3096
7485,30.2433
7486,30.4035
7487,30.3392
7488,28.7757
7489,30.3363
7490,30.3059
7491,30.3358
7492,30.2903
7493,30.3382
7494,30.2964
7495,30.3445
7496,30.3048
7497,30.2085
7498,30.1533
7499,30.1859
7500,30.1036
7501,30.1948
7502,30.318
7503,30.277
7504,30.2947
7505,30.3775
7506,30.3306
7507,30.299
7508,30.2556
7509,30.2171
7510,30.1693
7511,30.221
7512,30.1494
7513,30.1872
7514,30.2317
7515,30.1924
7516,30.1666
7517,30.2003
7518,30.2628
7519,30.2631
7520,30.2436
7521,30.2756
7522,30.2231
7523,30.2693
7524,30.2543
7525,30.2527
7526,30.227
7527,30.2873
7528,30.2229
7529,30.251
7530,30.272
7531,30.2228
7532,30.2822
7533,30.2445
7534,30.3269
7535,30.3073
7536,30.299
7537,30.298
7538,30.3038
7539,30.3279
7540,30.3109
7541,30.3499
7542,30.2492
7543,30.2931
7544,30.2391
7545,30.2926
7546,30.1395
7547,30.19
7548,30.2746
7549,30.1828
7550,30.2464
7551,30.3077
7552,30.3325
7553,30.3245
7554,30.2741
7555,30.2773
7556,30.2834
7557,30.2845
7558,30.3244
7559,30.2432
7560,30.2574
7561,30.2239
7562,30.2151
7563,30.2158
7564,30.1141
7565,30.178
7566,30.2134
7567,30.1955
7568,30.2013
7569,30.2979
7570,30.2002
7571,30.2654
7572,30.1553
7573,30.1105
7574,30.2568
7575,30.3702
7576,30.3259
7577,30.303
7578,30.1737
7579,30.2424
7580,30.286
7581,30.2637
7582,30.346
7583,30.2597
7584,30.2948
7585,30.2971
7586,30.1802
7587,30.1681
7588,30.2987
7589,30.2168
7590,30.1781
7591,30.2699
7592,30.2097
7593,30.3011
7594,30.2226
7595,30.2897
7596,30.3055
7597,30.3328
7598,30.2456
7599,30.2411
7600,28.5583
7601,28.5366
7602,28.6231
7603,28.6162
7604,30.2993
7605,28.6825
7606,28.6508
7607,28.56
7608,28.5595
7609,28.6128
7610,28.517
7611,28.5514
7612,28.4444
7613,28.608
7614,28.4643
7615,28.6098
7616,28.6138
7617,28.5392
7618,28.6217
7619,28.7228
7620,28.6072
7621,28.522
7622,30.2716
7623,30.2452
7624,30.2025
7625,30.2844
7626,30.2867
7627,30.224
7628,30.1643
7629,30.2417
7630,30.2191
7631,30.1693
7632,30.1346
7633,30.281
7634,30.1771
7635,30.2433
7636,30.1192
7637,30.208
7638,30.182
7639,30.1094
7640,30.173
7641,30.0546
7642,30.1098
7643,30.1163
7644,30.17
7645,30.1686
7646,30.133
7647,30.1539
7648,30.1485
7649,30.1943
7650,30.1312
7651,30.2729
7652,30.1951
7653,30.055
7654,30.0428
7655,30.1667
7656,30.0025
7657,28.3606
7658,30.0502
7659,29.9872
7660,30.0939
7661,30.0921
7662,30.0942
7663,30.1111
7664,30.1314
7665,30.2016
7666,30.2671
7667,30.1728
7668,30.0864
7669,28.5557
7670,30.1605
7671,30.2174
7672,30.1091
7673,30.0478
7674,30.0858
7675,30.1278
7676,30.1991
7677,30.1079
7678,30.1941
7679,30.1447
7680,30.1091
7681,30.1335
7682,30.1726
7683,30.1728
7684,30.0649
7685,30.034
7686,30.0482
7687,30.0155
7688,30.0133
7689,29.971
7690,30.0418
7691,30.0513
7692,30.0844
7693,30.0735
7694,30.0652
7695,30.0774
7696,30.1389
7697,30.1221
7698,30.0854
7699,30.1055
7700,30.0001
7701,30.1022
7702,29.9803
7703,30.0301
7704,30.065
7705,30.031
7706,30.1199
7707,30.0532
7708,30.0431
7709,30.049
7710,30.033
7711,30.0456
7712,30.0553
7713,30.0441
7714,30.1315
7715,30.1531
7716,30.1122
7717,30.0235
7718,30.0609
7719,30.1153
7720,30.0877
7721,30.0402
7722,30.2027
7723,30.1266
7724,30.0784
7725,30.0427
7726,30.1056
7727,30.1077
7728,30.0831
7729,30.0919
7730,30.0731
7731,29.9329
7732,30.0613
7733,30.1295
7734,30.1473
7735,30.1501
7736,30.1445
7737,30.0324
7738,30.1152
7739,30.1146
7740,30.161
7741,30.0994
7742,30.0592
7743,30.0887
7744,30.0945
7745,30.0323
7746,30.0911
7747,30.176
7748,30.1906
7749,30.208
7750,30.1746
7751,30.1685
7752,30.275
7753,30.2021
7754,30.2065
7755,30.212
7756,30.2042
7757,30.2669
7758,30.3163
7759,30.2375
7760,30.2265
7761,30.1939
7762,30.2473
7763,30.1564
7764,30.1675
7765,30.1459
7766,30.148
7767,30.0418
7768,30.2681
7769,30.2082
7770,30.2177
7771,30.2454
7772,30.2199
7773,30.175
7774,30.1822
7775,30.1501
7776,30.1541
7777,30.1989
7778,30.2016
7779,30.2011
7780,30.1816
7781,30.1523
7782,30.2338
7783,30.3093
7784,30.331
7785,30.2246
7786,30.3387
7787,30.3192
7788,30.2761
7789,30.3364
7790,30.2436
7791,30.3537
7792,30.2881
7793,30.1457
7794,30.1749
7795,30.19
7796,30.1627
7797,30.197
7798,30.1823
7799,30.269
7800,30.3245
7801,30.2378
7802,30.2445
7803,30.2895
7804,30.2986
7805,30.176
7806,30.115
7807,30.113
7808,30.1063
7809,30.1055
7810,30.1696
7811,30.1896
7812,30.0922
7813,30.0861
7814,30.1102
7815,30.1136
7816,30.1598
7817,30.3199
7818,30.2256
7819,30.2106
7820,30.2239
7821,30.2593
7822,30.3256
7823,30.2895
7824,30.2417
7825,30.2361
7826,30.309
7827,30.343
7828,30.2848
7829,30.277
7830,30.2082
7831,30.2774
7832,30.3314
7833,30.2549
7834,30.2646
7835,30.2075
7836,30.2153
7837,30.3047
7838,30.1509
7839,28.603
7840,28.5631
7841,30.1927
7842,28.5277
7843,28.5569
7844,28.5578
7845,28.4899
7846,28.5893
7847,28.5101
7848,28.6304
7849,28.6071
7850,30.1495
7851,30.2221
7852,30.2306
7853,30.1705
7854,30.1616
7855,30.1024
7856,30.1725
7857,30.2013
7858,30.2193
7859,30.215
7860,30.2477
7861,30.269
7862,30.1602
7863,30.1718
7864,30.1684
7865,30.0711
7866,30.1754
7867,30.1308
7868,30.1364
7869,30.1278
7870,30.1948
7871,30.2102
7872,30.2267
7873,30.2202
7874,30.1799
7875,30.1753
7876,30.1673
7877,30.1502
7878,30.1249
7879,30.1666
7880,30.2773
7881,30.1807
7882,30.2245
7883,30.1457
7884,30.2363
7885,30.2866
7886,30.2486
7887,30.2321
7888,30.2748
7889,30.305
7890,30.2423
7891,30.3436
7892,30.2862
7893,30.2954
7894,30.3017
7895,30.2057
7896,30.1898
7897,30.1123
7898,30.1877
7899,30.1701
7900,30.1184
7901,30.1588
7902,30.1951
7903,30.0803
7904,30.1742
7905,30.2629
7906,30.3322
7907,30.3018
7908,30.2812
7909,30.1523
7910,30.1705
7911,30.137
7912,30.1717
7913,30.1942
7914,30.1996
7915,30.2446
7916,30.1782
7917,30.235
7918,30.1394
7919,30.1614
7920,30.1372
7921,30.1398
7922,30.0571
7923,30.0755
7924,30.1164
7925,30.1683
7926,30.0627
7927,30.1175
7928,30.0899
7929,30.0979
7930,30.084
7931,30.0274
7932,30.0527
7933,30.0997
7934,30.0728
7935,30.0878
7936,30.1481
7937,30.243
7938,30.1575
7939,28.5716
7940,28.5526
7941,28.5413
7942,28.3898
7943,28.3311
7944,30.1765
7945,30.2095
7946,30.1439
7947,30.2013
7948,30.1104
7949,30.0698
7950,30.1999
7951,30.1407
7952,30.2087
7953,30.1728
7954,30.278
7955,30.2965
7956,30.2766
7957,30.3147
7958,30.3042
7959,30.2905
7960,30.2401
7961,30.2489
7962,30.282
7963,30.2777
7964,30.2441
7965,30.1833
7966,30.2833
7967,30.2892
7968,28.7212
7969,28.5751
7970,28.5205
7971,28.603
7972,28.4975
7973,28.5638
7974,28.541
7975,28.6363
7976,28.5393
7977,28.5289
7978,28.5502
7979,28.5368
7980,28.454
7981,28.4974
7982,28.379
7983,28.3867
7984,28.3861
7985,30.1288
7986,30.1603
7987,28.3844
7988,28.2474
7989,28.2483
7990,30.1734
7991,30.1859
7992,28.4683
7993,28.3861
7994,28.3783
7995,28.4898
7996,28.4362
7997,28.4786
7998,28.5237
7999,28.4377
8000,28.349
8001,28.297
8002,28.456
8003,28.3607
8004,28.5231
8005,28.4637
8006,28.4399
8007,28.5094
8008,28.5813
8009,28.4907
8010,28.5078
8011,28.5886
8012,28.5714
8013,28.6034
8014,28.5364
8015,28.6344
8016,28.5648
8017,28.6839
8018,28.5548
8019,28.5323
8020,28.5342
8021,28.5326
8022,28.5954
8023,28.5259
8024,28.5988
8025,28.4546
8026,28.4816
8027,28.5362
8028,28.4289
8029,28.5405
8030,28.525
8031,28.6498
8032,28.62
8033,28.6956
8034,28.6423
8035,28.6614
8036,28.6185
8037,28.5896
8038,28.7641
8039,28.6594
8040,28.5756
8041,28.5865
8042,28.6224
8043,28.638
8044,28.5915
8045,28.5198
8046,28.5886
8047,28.6456
8048,28.6551
8049,28.6094
8050,28.4546
8051,28.5674
8052,28.6082
8053,28.5668
8054,28.6435
8055,28.5459
8056,28.674
8057,28.5098
8058,28.6432
8059,28.4794
8060,28.5144
8061,28.5642
8062,28.413
8063,28.4918
8064,28.5555
8065,28.5743
8066,28.5004
8067,28.5121
8068,28.4682
8069,28.5187
8070,28.6911
8071,28.6594
8072,28.6071
8073,28.5567
8074,28.572
8075,28.6174
8076,28.6266
8077,28.4727
8078,28.5878
8079,28.5504
8080,28.6012
8081,28.5328
8082,28.5341
8083,28.4366
8084,28.4942
8085,28.4955
8086,28.6218
8087,28.608
8088,28.6976
8089,28.7093
8090,28.6577
8091,28.6117
8092,28.5328
8093,28.6527
8094,28.6686
8095,28.6028
8096,28.5996
8097,28.4356
8098,28.5592
8099,28.531
8100,28.5186
8101,30.2873
8102,30.1819
8103,30.1953
8104,30.203
8105,30.219
8106,30.212
8107,30.261
8108,30.2726
8109,30.2182
8110,30.2264
8111,30.2712
8112,30.2963
8113,30.2868
8114,28.5897
8115,28.5804
8116,28.5281
8117,28.541
8118,28.3844
8119,28.4617
8120,30.1251
8121,28.4719
8122,30.2189
8123,28.5309
8124,28.5454
8125,28.4823
8126,28.5517
8127,28.4604
8128,28.5189
8129,30.3252
8130,30.3506
8131,28.4979
8132,28.4596
8133,28.4853
8134,30.2694
8135,30.3425
8136,30.2772
8137,30.2496
8138,30.237
8139,30.3558
8140,30.2902
8141,30.2751
8142,30.3201
8143,30.2071
8144,30.2513
8145,30.3446
8146,30.3327
8147,30.3134
8148,30.3509
8149,30.2432
8150,30.3625
8151,30.3567
8152,30.2834
8153,30.4301
8154,28.6666
8155,30.3478
8156,30.426
8157,30.3271
8158,30.2864
8159,30.3234
8160,30.3223
8161,30.294
8162,30.3175
8163,30.3201
8164,30.2962
8165,30.25
8166,30.2306
8167,30.2746
8168,30.4076
8169,30.3259
8170,30.2931
8171,30.3282
8172,30.2748
8173,30.3622
8174,30.4351
8175,30.4916
8176,30.2874
8177,30.3263
8178,30.2582
8179,30.2474
8180,30.3336
8181,30.2327
8182,30.295
8183,30.2695
8184,30.178
8185,30.1933
8186,30.1701
8187,30.1712
8188,30.1371
8189,30.255
8190,30.2661
8191,30.221
8192,30.2644
8193,30.2794
8194,30.2465
8195,30.3228
8196,30.2926
8197,30.2285
8198,30.2845
8199,30.3078
8200,30.2959
8201,30.3145
8202,30.2702
8203,30.2219
8204,30.2429
8205,30.2805
8206,30.2949
8207,30.3039
8208,30.3625
8209,30.3109
8210,30.3546
8211,30.3469
8212,30.2305
8213,30.3372
8214,30.2865
8215,30.3326
8216,30.4
8217,30.2608
8218,30.3232
8219,30.2674
8220,30.3101
8221,30.1981
8222,30.1902
8223,30.2264
8224,30.2175
8225,30.2209
8226,30.2742
8227,30.2769
8228,30.2968
8229,30.2492
8230,30.3123
8231,30.3214
8232,30.2517
8233,30.305
8234,30.2741
8235,30.3576
8236,30.3543
8237,30.3163
8238,30.2706
8239,30.3172
8240,30.3591
8241,30.3944
8242,30.3423
8243,30.3675
8244,30.3824
8245,30.4311
8246,30.4628
8247,30.4915
8248,30.48
8249,30.3745
8250,30.4069
8251,30.3426
8252,30.3452
8253,30.4601
8254,30.4091
8255,30.4567
8256,30.431
8257,30.4037
8258,30.411
8259,30.3819
8260,30.4659
8261,30.4377
8262,30.5199
8263,30.3992
8264,30.4479
8265,30.3784
8266,30.4483
8267,30.3913
8268,30.3869
8269,30.3367
8270,30.3379
8271,30.4239
8272,30.3241
8273,30.3615
8274,30.3723
8275,30.4716
8276,30.4296
8277,30.3531
8278,30.3301
8279,30.4077
8280,30.2756
8281,30.4046
8282,30.3376
8283,30.3386
8284,30.3624
8285,30.3924
8286,30.3325
8287,30.3557
8288,30.2615
8289,30.3241
8290,30.2786
8291,30.3491
8292,30.3853
8293,30.3912
8294,30.3741
8295,30.313
8296,28.5141
8297,28.4624
8298,28.5424
8299,28.5881
8300,28.4074
8301,28.4584
8302,28.5655
8303,28.5686
8304,28.5858
8305,28.5055
8306,28.5597
8307,28.554
8308,28.5681
8309,28.4624
8310,28.4344
8311,28.3811
8312,28.4401
8313,28.404
8314,28.4556
8315,28.4657
8316,28.5087
8317,28.5255
8318,28.5104
8319,28.4963
8320,28.4281
8321,28.4659
8322,28.5222
8323,28.4317
8324,28.3924
8325,28.4108
8326,28.4444
8327,28.4705
8328,28.4081
8329,28.4986
8330,28.5183
8331,28.5655
8332,28.5796
8333,28.5846
8334,28.6303
8335,28.5638
8336,28.4781
8337,28.4975
8338,28.4369
8339,28.4516
8340,28.4813
8341,28.347
8342,28.4055
8343,28.4975
8344,28.4606
8345,28.4759
8346,28.5279
8347,28.5134
8348,28.5607
8349,28.5102
8350,28.5808
8351,28.4782
8352,28.5199
8353,28.499
8354,28.5217
8355,28.5487
8356,28.5624
8357,28.4729
8358,28.5087
8359,28.4803
8360,28.4777
8361,28.419
8362,28.5264
8363,28.5406
8364,28.4935
8365,28.5206
8366,28.4898
8367,28.4325
8368,28.5638
8369,28.507
8370,30.3147
8371,30.2748
8372,28.4233
8373,28.4098
8374,28.4381
8375,28.4715
8376,28.5007
8377,30.3506
8378,30.2946
8379,30.2915
8380,30.3716
8381,30.3563
8382,30.3211
8383,30.2406
8384,30.3051
8385,30.2579
8386,30.2479
8387,30.2632
8388,30.3111
8389,30.3483
8390,30.2026
8391,30.2006
8392,30.2858
8393,30.1302
8394,30.2067
8395,30.3445
8396,30.3414
8397,30.2881
8398,30.3121
8399,28.4257
8400,28.5004
8401,30.2764
8402,30.3816
8403,30.3248
8404,30.3101
8405,28.5063
8406,28.6021
8407,30.2842
8408,30.3195
8409,30.2567
8410,28.5151
8411,28.4216
8412,28.461
8413,28.4335
8414,28.4495
8415,28.4651
8416,28.4484
8417,28.4258
8418,28.4472
8419,28.3877
8420,28.4204
8421,28.4161
8422,28.4708
8423,28.4079
8424,28.347
8425,28.3921
8426,28.3492
8427,28.3567
8428,28.3744
8429,30.1222
8430,30.2475
8431,30.1984
8432,30.2717
8433,30.2849
8434,30.3542
8435,28.4768
8436,28.3977
8437,28.5084
8438,28.4872
8439,28.4985
8440,28.4911
8441,28.5233
8442,28.445
8443,28.4642
8444,28.5024
8445,28.392
8446,28.4809
8447,28.5789
8448,28.4814
8449,28.4491
8450,28.5539
8451,28.5405
8452,28.4757
8453,28.4669
8454,28.5256
8455,28.5771
8456,28.6775
8457,28.6894
8458,28.5678
8459,28.6058
8460,28.604
8461,28.5677
8462,28.6202
8463,28.5085
8464,28.5409
8465,28.5699
8466,28.5647
8467,28.4834
8468,28.5829
8469,28.3994
8470,28.4715
8471,28.4471
8472,28.4593
8473,28.4157
8474,28.6138
8475,28.3796
8476,28.4709
8477,28.4101
8478,28.3673
8479,28.4967
8480,28.5949
8481,28.5284
8482,28.5529
8483,28.5982
8484,28.656
8485,28.5561
8486,28.5821
8487,28.6193
8488,28.5691
8489,28.6068
8490,28.6548
8491,28.5495
8492,28.5072
8493,28.5523
8494,28.3915
8495,28.4878
8496,28.5047
8497,28.4794
8498,28.4824
8499,28.5635
8500,28.5492
8501,28.6374
8502,28.5528
8503,28.5355
8504,28.4569
8505,28.4801
8506,28.5124
8507,30.4202
8508,30.375
8509,30.5153
8510,30.5052
8511,30.436
8512,30.5141
8513,30.4353
8514,30.4454
8515,30.3259
8516,28.4501
8517,28.5392
8518,28.5415
8519,28.6075
8520,28.5487
8521,28.5176
8522,28.5068
8523,28.5639
8524,28.4836
8525,28.3592
8526,28.4507
8527,28.4831
8528,28.4531
8529,28.4988
8530,28.4343
8531,28.5042
8532,28.3756
8533,28.5043
8534,28.4909
8535,28.5623
8536,28.627
8537,28.6182
8538,28.5004
8539,28.4331
8540,28.415
8541,28.5809
8542,28.5503
8543,28.5305
8544,28.5542
8545,28.7192
8546,28.7226
8547,28.6035
8548,28.4588
8549,28.4178
8550,28.516
8551,28.4442
8552,28.5032
8553,28.4297
8554,28.4543
8555,28.4834
8556,28.5801
8557,28.5825
8558,28.5826
8559,28.6062
8560,28.5284
8561,28.4902
8562,28.597
8563,28.5594
8564,28.5818
8565,28.5435
8566,28.5351
8567,28.6165
8568,28.5122
8569,28.5254
8570,28.489
8571,28.4538
8572,28.4458
8573,28.556
8574,28.5041
8575,28.6455
8576,28.4314
8577,28.4639
8578,28.4149
8579,28.4443
8580,28.447
8581,28.4191
8582,28.5552
8583,28.551
8584,28.3907
8585,28.4453
8586,28.4499
8587,28.4966
8588,28.5691
8589,28.5902
8590,28.4829
8591,28.3924
8592,28.4822
8593,28.4074
8594,28.4341
8595,28.4058
8596,28.3116
8597,28.3854
8598,28.345
8599,28.3929
8600,28.42
8601,28.4282
8602,28.3722
8603,28.4112
8604,28.3971
8605,28.4126
8606,28.4166
8607,28.3422
8608,28.4122
8609,28.466
8610,28.4024
8611,28.4559
8612,28.4641
8613,28.415
8614,28.352
8615,28.3445
8616,28.4474
8617,28.453
8618,28.4374
8619,28.4362
8620,28.5272
8621,28.5078
8622,28.5539
8623,28.3937
8624,28.4488
8625,28.3792
8626,28.5207
8627,28.5044
8628,28.4271
8629,28.5049
8630,28.4792
8631,28.5175
8632,28.4738
8633,28.4674
8634,28.4512
8635,28.5628
8636,28.609
8637,28.5051
8638,28.531
8639,28.544
8640,28.5922
8641,28.5041
8642,28.4997
8643,28.5692
8644,28.4572
8645,28.4722
8646,28.4796
8647,28.588
8648,28.589
8649,28.6078
8650,28.5931
8651,28.5912
8652,28.5608
8653,28.5057
8654,28.5615
8655,28.5443
8656,28.5506
8657,28.5513
8658,28.6741
8659,28.6285
8660,28.5455
8661,28.5662
8662,28.5038
8663,28.6362
8664,28.6026
8665,28.5631
8666,28.4881
8667,28.6164
8668,28.5388
8669,28.5989
8670,28.5914
8671,28.627
8672,28.6384
8673,28.5552
8674,28.4416
8675,28.3832
8676,28.468
8677,28.4643
8678,28.4506
8679,28.5017
8680,28.4154
8681,28.453
8682,28.3585
8683,28.3917
8684,28.3861
8685,28.4545
8686,28.4462
8687,28.4522
8688,28.4259
8689,28.4586
8690,28.4295
8691,28.5235
8692,28.5388
8693,28.5687
8694,28.6143
8695,28.5955
8696,28.5834
8697,28.4527
8698,28.4188
8699,28.4579
8700,28.4726
8701,28.4998
8702,28.4999
8703,28.4719
8704,28.5222
8705,28.5523
8706,28.5551
8707,28.4545
8708,28.5389
8709,28.4905
8710,28.4936
8711,28.5106
8712,28.3817
8713,28.5114
8714,28.527
8715,28.4869
8716,28.4739
8717,28.4949
8718,28.4475
8719,28.505
8720,28.5166
8721,28.5023
8722,28.5138
8723,28.5487
8724,28.6455
8725,28.5438
8726,28.5287
8727,28.385
8728,28.4437
8729,28.3248
8730,28.4023
8731,28.4493
8732,28.5622
8733,28.6089
8734,28.6202
8735,28.5313
8736,28.4772
8737,28.501
8738,28.4701
8739,28.4285
8740,28.5619
8741,28.5328
8742,28.6262
8743,28.5204
8744,28.5982
8745,28.5396
8746,28.5278
8747,28.5594
8748,28.5376
8749,28.4845
8750,28.5047
8751,28.4166
8752,28.406
8753,28.3948
8754,28.4419
8755,28.5528
8756,28.5432
8757,28.5664
8758,28.486
8759,28.5297
8760,28.5341
8761,28.5397
8762,28.5621
8763,28.4968
8764,28.5115
8765,28.5959
8766,28.496
8767,28.5709
8768,28.473
8769,28.4623
8770,28.5114
8771,28.4602
8772,28.519
8773,28.57
8774,28.508
8775,28.5192
8776,28.5497
8777,28.5251
8778,28.5756
8779,28.6951
8780,28.7309
8781,28.5968
8782,28.5502
8783,28.5427
8784,28.4138
8785,28.6063
8786,28.6081
8787,28.6134
8788,28.5019
8789,28.5433
8790,28.5276
8791,28.6597
8792,28.5562
8793,28.4762
8794,28.4816
8795,28.5233
8796,28.3716
8797,28.4033
8798,28.4618
8799,28.4728
8800,28.5841
8801,28.5176
8802,28.563
8803,28.5535
8804,28.478
8805,28.4296
8806,28.4595
8807,28.4703
8808,28.5337
8809,28.5889
8810,28.6034
8811,28.6804
8812,28.5448
8813,28.4472
8814,28.6069
8815,28.5461
8816,28.4903
8817,28.5964
8818,28.5057
8819,28.5252
8820,28.6719
8821,28.7177
8822,28.6581
8823,28.5302
8824,28.6224
8825,28.6034
8826,28.5735
8827,28.5015
8828,28.5463
8829,28.5073
8830,28.5217
8831,28.5754
8832,28.517
8833,28.5103
8834,28.3834
8835,28.536
8836,28.6166
8837,28.6681
8838,28.6682
8839,28.5558
8840,28.5747
8841,28.5722
8842,28.452
8843,28.5251
8844,28.4907
8845,28.5118
8846,28.5096
8847,28.5138
8848,28.5711
8849,28.4413
8850,28.5256
8851,28.4364
8852,28.3984
8853,28.3955
8854,28.4605
8855,28.4236
8856,28.4181
8857,28.4817
8858,28.4494
8859,28.5358
8860,28.488
8861,28.5216
8862,28.4533
8863,28.4716
8864,28.4393
8865,28.4654
8866,28.4547
8867,28.5043
8868,28.4661
8869,28.544
8870,28.53
8871,28.5526
8872,28.5146
8873,28.5536
8874,28.2392
8875,28.3015
8876,28.3358
8877,28.4105
8878,28.415
8879,28.4176
8880,28.39
8881,28.4096
8882,28.5267
8883,28.6595
8884,28.6137
8885,28.5041
8886,28.5959
8887,28.4719
8888,28.5419
8889,28.4382
8890,28.5312
8891,28.4534
8892,28.486
8893,28.592
8894,28.5704
8895,28.6014
8896,28.5757
8897,28.6161
8898,28.4648
8899,28.4044
8900,28.4601
8901,28.4962
8902,28.5199
8903,28.5237
8904,28.495
8905,28.4344
8906,28.4013
8907,28.383
8908,28.3979
8909,28.3534
8910,28.4554
8911,28.4577
8912,28.4227
8913,28.4763
8914,28.6023
8915,28.4687
8916,28.4796
8917,28.5659
8918,28.4298
8919,28.4154
8920,28.4115
8921,28.3978
8922,28.4604
8923,28.4346
8924,28.4246
8925,28.4482
8926,28.4497
8927,28.5213
8928,28.5472
8929,28.542
8930,28.5025
8931,28.5521
8932,28.5152
8933,28.487
8934,28.512
8935,28.524
8936,28.4862
8937,28.4833
8938,28.4538
8939,28.4978
8940,28.5362
8941,28.4575
8942,28.4987
8943,28.4845
8944,28.5369
8945,28.5407
8946,28.5084
8947,28.4885
8948,28.4997
8949,28.2692
8950,28.4221
8951,28.4704
8952,28.4932
8953,28.3992
8954,28.3193
8955,28.3248
8956,28.471
8957,28.4749
8958,28.5606
8959,28.5342
8960,28.5781
8961,28.4863
8962,28.5624
8963,28.5158
8964,28.499
8965,28.5167
8966,28.5879
8967,28.5012
8968,28.4686
8969,28.4462
8970,28.54
8971,28.5238
8972,28.5131
8973,28.4766
8974,28.4718
8975,28.46
8976,28.3826
8977,28.4212
8978,28.5153
8979,28.4503
8980,28.4028
8981,28.4433
8982,28.6012
8983,28.5519
8984,28.6037
8985,28.6098
8986,28.4544
8987,28.4511
8988,28.4761
8989,28.4937
8990,28.4353
8991,28.4144
8992,28.4344
8993,30.4437
8994,30.4521
8995,30.4376
8996,28.5299
8997,30.4262
8998,28.5071
8999,28.5081
9000,28.3302
9001,28.3438
9002,28.4109
9003,28.4982
9004,28.4859
9005,28.4609
9006,28.3365
9007,28.3327
9008,28.4161
9009,28.4411
9010,30.369
9011,30.3736
9012,28.4963
9013,28.5005
9014,28.5283
9015,28.4142
9016,28.4622
9017,28.5393
9018,28.424
9019,28.4993
9020,30.3676
9021,28.5457
9022,28.5879
9023,28.4404
9024,28.3992
9025,28.4443
9026,28.5285
9027,28.5313
9028,28.4981
9029,28.4089
9030,30.4311
9031,28.4895
9032,30.4396
9033,30.4119
9034,30.5059
9035,30.5285
9036,28.4766
9037,28.571
9038,30.3953
9039,30.4296
9040,30.4768
9041,28.6969
9042,30.4644
9043,30.4697
9044,30.3881
9045,30.4209
9046,30.4386
9047,30.4935
9048,30.4913
9049,30.4646
9050,30.4927
9051,30.5152
9052,30.4024
9053,30.3905
9054,30.3927
9055,30.3485
9056,30.476
9057,30.3974
9058,30.3849
9059,30.3843
9060,30.2749
9061,30.2069
9062,30.2457
9063,30.2904
9064,30.3468
9065,30.2933
9066,30.2782
9067,30.3054
9068,30.3965
9069,30.3037
9070,30.2296
9071,30.327
9072,30.2601
9073,30.2648
9074,30.2943
9075,30.3572
9076,30.3147
9077,28.4743
9078,28.4671
9079,30.422
9080,30.4039
9081,30.3455
9082,30.3975
9083,30.438
9084,30.4245
9085,28.5505
9086,28.5032
9087,28.4824
9088,28.5537
9089,28.5018
9090,28.4597
9091,28.6642
9092,28.5158
9093,28.6399
9094,28.4923
9095,28.3522
9096,28.4687
9097,28.4791
9098,28.4003
9099,28.38
9100,28.4359
9101,28.3749
9102,28.4818
9103,28.5567
9104,28.4805
9105,28.5056
9106,28.598
9107,30.4638
9108,28.574
9109,28.428
9110,28.5491
9111,30.5041
9112,28.5889
9113,30.4842
9114,30.4304
9115,30.4439
9116,30.4235
9117,30.4404
9118,30.4135
9119,30.3945
9120,30.4267
9121,30.3776
9122,30.4338
9123,30.4273
9124,30.3692
9125,30.4082
9126,30.4162
9127,30.4988
9128,30.4061
9129,30.3883
9130,30.4652
9131,30.3864
9132,30.4604
9133,30.5472
9134,30.5302
9135,30.3979
9136,30.463
9137,30.4816
9138,30.3775
9139,30.4143
9140,30.471
9141,30.5475
9142,30.4189
9143,30.4096
9144,30.3206
9145,30.3669
9146,30.3444
9147,30.3486
9148,30.3858
9149,30.4274
9150,30.4885
9151,30.4867
9152,30.4225
9153,30.4936
9154,30.4536
9155,30.3789
9156,30.3754
9157,30.2741
9158,30.4066
9159,30.373
9160,30.427
9161,30.3453
9162,30.4036
9163,30.4459
9164,30.432
9165,30.4327
9166,30.3435
9167,30.3795
9168,30.2935
9169,30.4248
9170,30.4374
9171,30.3812
9172,30.421
9173,30.45
9174,30.3509
9175,30.3981
9176,30.3838
9177,30.4606
9178,30.3717
9179,30.277
9180,30.3164
9181,30.2721
9182,30.2707
9183,30.2636
9184,30.2007
9185,30.2071
9186,30.1939
9187,30.189
9188,30.1487
9189,30.2263
9190,30.3383
9191,30.191
9192,30.1794
9193,30.2814
9194,30.2744
9195,30.2101
9196,30.1894
9197,30.289
9198,30.249
9199,30.3069
9200,30.2356
9201,30.3218
9202,30.2224
9203,30.3287
9204,28.2956
9205,30.1761
9206,28.2631
9207,28.3076
9208,28.3392
9209,28.4781
9210,28.3633
9211,30.3258
9212,30.3085
9213,30.3053
9214,30.332
9215,30.2692
9216,30.3265
9217,30.376
9218,30.3032
9219,30.3457
9220,30.3536
9221,30.4406
9222,30.3302
9223,30.3242
9224,30.422
9225,30.3694
9226,30.3122
9227,30.3881
9228,30.3146
9229,30.3386
9230,30.3713
9231,30.3862
9232,30.4176
9233,30.3705
9234,30.3527
9235,30.3413
9236,30.2971
9237,30.3304
9238,30.4376
9239,30.387
9240,30.4285
9241,30.4568
9242,30.4223
9243,30.4167
9244,30.4302
9245,30.516
9246,30.4795
9247,30.4187
9248,30.402
9249,28.5163
9250,30.5388
9251,30.4941
9252,30.5278
9253,30.4008
9254,28.5601
9255,30.4617
9256,30.4946
9257,30.5441
9258,30.4003
9259,30.4193
9260,30.4844
9261,30.4958
9262,30.5265
9263,30.5506
9264,30.4613
9265,30.3808
9266,30.3687
9267,30.3712
9268,30.2951
9269,30.3401
9270,30.318
9271,30.3695
9272,30.4463
9273,30.4409
9274,30.4371
9275,30.4006
9276,30.4583
9277,30.4499
9278,30.3901
9279,30.3971
9280,30.3974
9281,30.3355
9282,30.2916
9283,30.283
9284,30.3401
9285,30.3778
9286,30.4589
9287,30.3741
9288,30.3699
9289,30.3365
9290,30.3477
9291,30.3179
9292,30.3507
9293,30.4322
9294,30.4272
9295,30.4578
9296,30.4649
9297,30.3425
9298,30.3362
9299,30.3003
9300,30.3656
9301,30.3757
9302,30.434
9303,30.4656
9304,30.426
9305,30.4792
9306,30.391
9307,30.4229
9308,30.3819
9309,30.3526
9310,30.4023
9311,30.5513
9312,30.5316
9313,30.4617
9314,30.4408
9315,30.5073
9316,30.5369
9317,30.5467
9318,30.6391
9319,30.6587
9320,30.503
9321,30.5327
9322,30.4149
9323,30.4997
9324,30.3713
9325,30.3266
9326,30.3247
9327,30.3869
9328,30.4909
9329,30.5028
9330,30.4342
9331,30.4861
9332,30.3945
9333,30.3904
9334,30.3492
9335,30.3407
9336,30.2717
9337,30.3445
9338,30.2777
9339,30.2841
9340,28.3201
9341,30.2048
9342,30.3258
9343,30.2962
9344,30.3304
9345,30.3131
9346,30.321
9347,30.3199
9348,30.338
9349,30.3675
9350,30.4325
9351,30.35
9352,30.3925
9353,30.3762
9354,30.4136
9355,30.3716
9356,30.4401
9357,30.4407
9358,30.3196
9359,30.3647
9360,30.3517
9361,30.4264
9362,30.3603
9363,30.2671
9364,30.3603
9365,28.4884
9366,30.3347
9367,30.333
9368,30.3551
9369,30.2817
9370,30.3568
9371,28.4938
9372,30.4093
9373,30.3952
9374,30.4385
9375,30.3302
9376,30.4429
9377,30.4498
9378,30.3891
9379,30.3854
9380,30.3692
9381,30.3906
9382,30.3794
9383,30.4305
9384,30.4607
9385,30.4252
9386,30.5089
9387,30.4176
9388,30.4031
9389,30.4411
9390,30.3604
9391,28.5244
9392,28.5189
9393,28.5324
9394,28.5819
9395,28.5901
9396,28.6679
9397,28.6388
9398,28.7345
9399,28.528
9400,28.5457
9401,28.5752
9402,28.615
9403,30.5822
9404,30.5087
9405,28.5807
9406,28.6524
9407,30.508
9408,28.7183
9409,28.7588
9410,28.7656
9411,28.6467
9412,28.7551
9413,28.7487
9414,30.4314
9415,28.7339
9416,28.6902
9417,28.5473
9418,28.7292
9419,28.6262
9420,28.5298
9421,28.6318
9422,28.6385
9423,28.5544
9424,28.6256
9425,28.5787
9426,28.5257
9427,28.6178
9428,28.5392
9429,28.4372
9430,28.4468
9431,28.5103
9432,28.4935
9433,28.5509
9434,28.5712
9435,28.5675
9436,28.5535
9437,28.5925
9438,28.4456
9439,28.3963
9440,28.5258
9441,28.5327
9442,28.5378
9443,28.5237
9444,28.5413
9445,30.421
9446,30.461
9447,30.4318
9448,28.6248
9449,28.5185
9450,28.5076
9451,28.554
9452,30.3798
9453,30.4898
9454,30.384
9455,30.433
9456,30.39
9457,30.4284
9458,30.4133
9459,30.5076
9460,28.6603
9461,28.5887
9462,28.6474
9463,28.5001
9464,28.5436
9465,28.6172
9466,28.5098
9467,28.4721
9468,28.5033
9469,28.5027
9470,28.4407
9471,28.5298
9472,28.403
9473,28.4875
9474,28.624
9475,28.6227
9476,28.6025
9477,28.5016
9478,28.6079
9479,28.6749
9480,28.5852
9481,28.5555
9482,28.5331
9483,28.3965
9484,28.4034
9485,28.4676
9486,28.4363
9487,28.521
9488,28.5566
9489,28.5071
9490,28.5723
9491,28.4209
9492,28.4838
9493,30.3301
9494,28.5892
9495,28.542
9496,28.5844
9497,28.3801
9498,28.4388
9499,28.5361
9500,28.4992
9501,28.4563
9502,28.44
9503,28.5206
9504,28.5003
9505,30.3868
9506,30.3646
9507,30.3574
9508,30.2622
9509,30.4145
9510,30.3262
9511,30.3703
9512,30.4259
9513,30.3626
9514,30.3592
9515,30.4579
9516,30.4179
9517,30.4281
9518,30.4361
9519,30.4202
9520,30.456
9521,30.4492
9522,30.4116
9523,30.3499
9524,30.4005
9525,30.3
9526,30.4021
9527,30.3853
9528,30.3361
9529,30.3352
9530,30.3391
9531,30.451
9532,30.3172
9533,30.1774
9534,30.319
9535,30.2437
9536,30.2899
9537,30.2527
9538,30.2803
9539,30.3635
9540,30.2946
9541,30.3227
9542,30.2708
9543,30.3082
9544,30.2776
9545,30.2519
9546,30.2942
9547,30.3038
9548,30.4422
9549,30.4481
9550,30.2956
9551,30.2729
9552,30.3475
9553,30.3318
9554,28.5578
9555,28.5549
9556,30.377
9557,30.2819
9558,30.3429
9559,28.5823
9560,30.4123
9561,30.3543
9562,28.6698
9563,30.3537
9564,28.4776
9565,28.4486
9566,28.4456
9567,28.4811
9568,28.4594
9569,28.3435
9570,28.3473
9571,28.3029
9572,28.4214
9573,28.4682
9574,28.4919
9575,28.4748
9576,28.3776
9577,28.4918
9578,28.4379
9579,28.4771
9580,28.5231
9581,28.5626
9582,28.5637
9583,28.5439
9584,30.3618
9585,30.3183
9586,30.3338
9587,30.3726
9588,30.3124
9589,30.3648
9590,30.3379
9591,30.3214
9592,30.3127
9593,30.3566
9594,30.4044
9595,30.3992
9596,30.3293
9597,30.3296
9598,30.3168
9599,30.3031
9600,30.2671
9601,30.2533
9602,30.3348
9603,30.3498
9604,30.3481
9605,30.2306
9606,30.2956
9607,30.3427
9608,30.357
9609,30.3132
9610,28.5116
9611,30.3182
9612,30.1867
9613,30.2863
9614,30.3729
9615,30.2763
9616,30.203
9617,30.2341
9618,30.25
9619,30.2061
9620,30.3007
9621,30.2357
9622,30.1943
9623,30.3168
9624,30.3558
9625,30.2572
9626,28.434
9627,28.428
9628,28.5121
9629,28.4986
9630,28.4938
9631,28.4915
9632,28.5542
9633,28.5772
9634,28.5329
9635,28.4597
9636,28.5218
9637,28.5575
9638,28.6375
9639,28.5968
9640,28.5176
9641,28.5159
9642,28.545
9643,28.6324
9644,28.5792
9645,28.5667
9646,28.5539
9647,28.523
9648,28.6012
9649,28.3443
9650,28.5145
9651,28.4737
9652,28.4175
9653,28.548
9654,28.4554
9655,28.5515
9656,28.5984
9657,28.5906
9658,28.5853
9659,28.5334
9660,28.3761
9661,28.4217
9662,28.5234
9663,28.5696
9664,28.4734
9665,28.616
9666,28.5219
9667,28.5714
9668,28.522
9669,28.5504
9670,28.4623
9671,28.5228
9672,28.3707
9673,28.4152
9674,30.2256
9675,30.231
9676,30.3028
9677,30.2975
9678,30.3701
9679,30.2029
9680,30.2102
9681,30.254
9682,30.3103
9683,30.2487
9684,30.257
9685,30.1327
9686,30.239
9687,30.1924
9688,28.4484
9689,28.4726
9690,28.4426
9691,30.1271
9692,30.1787
9693,30.1162
9694,28.4525
9695,28.3613
9696,30.1471
9697,28.4402
9698,28.4119
9699,28.459
9700,28.4485
9701,28.4617
9702,28.447
9703,28.4328
9704,28.4429
9705,28.5226
9706,28.3808
9707,28.5607
9708,28.5551
9709,28.5463
9710,28.5076
9711,28.5452
9712,28.6115
9713,28.4093
9714,28.5573
9715,28.5345
9716,28.5662
9717,28.5335
9718,28.5474
9719,28.5564
9720,28.4794
9721,28.5225
9722,28.5572
9723,28.4598
9724,28.4525
9725,28.5421
9726,28.5963
9727,28.5485
9728,28.6632
9729,28.6647
9730,28.684
9731,28.5477
9732,28.5679
9733,28.5884
9734,28.7051
9735,28.6381
9736,28.6413
9737,28.7235
9738,28.6928
9739,28.6995
9740,28.6094
9741,28.6084
9742,28.5062
9743,28.5291
9744,28.5029
9745,28.5542
9746,28.5362
9747,28.4721
9748,28.4371
9749,28.4045
9750,28.402
9751,28.4722
9752,28.4011
9753,28.37
9754,28.4497
9755,28.4588
9756,28.5101
9757,28.4552
9758,28.5253
9759,28.5628
9760,28.5244
9761,28.5711
9762,28.643
9763,28.6654
9764,28.669
9765,28.6599
9766,28.5977
9767,28.5938
9768,28.5994
9769,28.5986
9770,28.5097
9771,28.4732
9772,28.4081
9773,28.5312
9774,28.6347
9775,28.6032
9776,28.6487
9777,28.5908
9778,28.6534
9779,28.6342
9780,28.6045
9781,28.5658
9782,28.6012
9783,28.6231
9784,28.5742
9785,28.5216
9786,28.5699
9787,28.4951
9788,28.5414
9789,28.59
9790,28.5303
9791,28.5211
9792,28.5842
9793,28.5322
9794,28.445
9795,28.4552
9796,28.5308
9797,28.5183
9798,28.5427
9799,28.5538
9800,28.4631
9801,28.5161
9802,28.4649
9803,28.5278
9804,28.5222
9805,28.5919
9806,28.6229
9807,28.6573
9808,28.5835
9809,28.6061
9810,28.5134
9811,28.531
9812,28.5033
9813,28.5482
9814,28.5274
9815,28.5623
9816,28.5258
9817,28.604
9818,28.7127
9819,28.5458
9820,28.5589
9821,28.6884
9822,28.6419
9823,28.6695
9824,28.5521
9825,28.5489
9826,28.6034
9827,28.5579
9828,28.4862
9829,28.5867
9830,28.5197
9831,28.4842
9832,28.774
9833,28.5967
9834,28.6117
9835,28.6536
9836,28.5882
9837,28.584
9838,28.5445
9839,28.5729
9840,28.5834
9841,28.6217
9842,28.593
9843,28.5418
9844,28.5183
9845,28.6431
9846,28.5941
9847,28.5563
9848,28.4561
9849,28.521
9850,28.467
9851,28.532
9852,28.5632
9853,28.5515
9854,28.4824
9855,28.5748
9856,28.474
9857,28.4868
9858,28.5748
9859,28.6108
9860,28.5676
9861,28.5774
9862,28.5182
9863,28.6131
9864,28.5537
9865,28.6602
9866,28.5299
9867,28.6522
9868,28.5559
9869,28.5555
9870,28.6366
9871,28.4574
9872,28.4732
9873,28.4463
9874,28.4691
9875,28.5786
9876,28.4523
9877,28.591
9878,28.5915
9879,28.4503
9880,28.4756
9881,28.4462
9882,28.5405
9883,28.3984
9884,28.3448
9885,28.4256
9886,28.4138
9887,28.3145
9888,28.4752
9889,28.4259
9890,28.4593
9891,28.4934
9892,28.4873
9893,28.4674
9894,28.4357
9895,28.4298
9896,28.4198
9897,28.5567
9898,28.5149
9899,28.6162
9900,28.6501
9901,28.6914
9902,28.61
9903,28.6512
9904,28.5865
9905,28.6383
9906,28.576
9907,28.5106
9908,28.5388
9909,28.3589
9910,28.4435
9911,28.5329
9912,28.5471
9913,28.5616
9914,28.5755
9915,28.5148
9916,28.4226
9917,28.469
9918,28.4679
9919,28.4688
9920,28.4764
9921,28.5011
9922,28.571
9923,28.6
9924,28.5473
9925,28.5269
9926,28.4678
9927,28.5454
9928,28.5177
9929,28.5971
9930,28.5399
9931,28.5557
9932,28.648
9933,28.5841
9934,28.5811
9935,28.5784
9936,28.6063
9937,28.6986
9938,28.5681
9939,28.5215
9940,28.4703
9941,28.5598
9942,28.5467
9943,28.583
9944,28.4741
9945,28.4522
9946,28.4488
9947,28.5025
9948,28.4141
9949,28.3946
9950,28.3441
9951,28.405
9952,28.4989
9953,28.5576
9954,28.4726
9955,28.4345
9956,28.4755
9957,28.4039
9958,28.3998
9959,28.3086
9960,28.3688
9961,28.4099
9962,28.3045
9963,28.4499
9964,28.4648
9965,28.5048
9966,28.5461
9967,28.5133
9968,28.3957
9969,28.4036
9970,28.4177
9971,28.3585
9972,28.4522
9973,28.4339
9974,28.4842
9975,28.5468
9976,28.5633
9977,28.6576
9978,28.6432
9979,28.7045
9980,28.6433
9981,28.5761
9982,28.5932
9983,28.6071
9984,28.5657
9985,28.6732
9986,28.6164
9987,28.5235
9988,28.5449
9989,28.518
9990,28.6262
9991,28.6365
9992,28.7012
9993,28.7354
9994,28.6447
9995,28.5861
9996,28.6717
9997,28.4943
9998,28.5915
9999,28.6369
10000,28.6525
