#Frame     RMSD_00002
       1       0.0000
       2       0.8291
       3       0.8471
       4       0.8575
       5       0.8671
       6       0.7506
       7       0.8760
       8       0.9443
       9       0.9282
      10       1.0217
      11       0.9772
      12       1.0874
      13       1.1295
      14       1.2419
      15       1.2427
      16       1.4261
      17       1.2392
      18       1.2889
      19       1.3481
      20       1.4068
      21       1.2529
      22       1.2427
      23       1.3673
      24       1.4000
      25       1.4676
      26       1.5348
      27       1.6418
      28       1.6297
      29       1.6346
      30       1.5680
      31       1.6880
      32       1.6838
      33       1.6157
      34       1.7460
      35       1.8748
      36       1.8348
      37       1.7826
      38       1.5814
      39       1.7306
      40       1.6961
      41       1.7400
      42       1.7527
      43       1.7252
      44       1.6818
      45       1.6754
      46       1.6452
      47       1.7098
      48       1.9104
      49       1.7651
      50       1.7896
      51       1.7501
      52       1.5639
      53       1.7189
      54       1.6930
      55       1.8845
      56       1.9789
      57       1.9410
      58       1.5926
      59       1.5294
      60       1.5883
      61       1.5602
      62       1.5446
      63       1.4248
      64       1.4309
      65       1.5113
      66       1.4813
      67       1.5653
      68       1.6235
      69       1.6738
      70       1.5905
      71       1.7107
      72       1.7722
      73       1.6885
      74       1.4718
      75       1.5632
      76       1.4580
      77       1.6189
      78       1.6495
      79       1.4831
      80       1.5314
      81       1.5715
      82       1.7130
      83       1.5921
      84       1.3903
      85       1.4130
      86       1.3056
      87       1.3614
      88       1.5976
      89       1.7815
      90       1.9505
      91       1.8828
      92       1.8382
      93       1.6443
      94       1.6240
      95       1.7255
      96       1.8569
      97       1.7133
      98       1.6677
      99       1.7311
     100       1.7271
     101       1.6481
     102       1.6638
     103       1.9015
     104       1.9947
     105       2.0464
     106       1.6225
     107       1.6729
     108       1.7454
     109       1.6163
     110       1.8202
     111       1.6718
     112       1.7269
     113       1.5677
     114       1.6955
     115       1.6550
     116       1.6017
     117       1.6836
     118       1.7984
     119       1.8173
     120       2.0499
     121       2.0366
     122       2.0599
     123       2.1831
     124       1.9477
     125       2.1170
     126       2.0510
     127       1.8633
     128       1.8523
     129       1.8854
     130       1.8346
     131       1.9589
     132       1.8741
     133       1.7705
     134       1.6922
     135       1.7439
     136       1.8506
     137       1.6452
     138       1.6108
     139       1.6142
     140       1.7236
     141       1.6028
     142       1.7185
     143       1.7157
     144       1.7585
     145       1.8371
     146       1.8247
     147       1.7883
     148       1.8401
     149       1.7451
     150       1.5343
     151       1.4025
     152       1.5468
     153       1.4786
     154       1.4590
     155       1.4843
     156       1.4462
     157       1.5123
     158       1.4638
     159       1.4388
     160       1.3750
     161       1.3880
     162       1.3270
     163       1.4305
     164       1.4577
     165       1.4640
     166       1.4524
     167       1.5319
     168       1.5191
     169       1.6232
     170       1.6298
     171       1.6046
     172       1.8034
     173       1.9396
     174       2.0260
     175       2.1170
     176       1.9161
     177       2.1447
     178       2.1455
     179       2.2570
     180       2.3428
     181       2.3129
     182       2.3452
     183       2.5501
     184       2.6128
     185       2.5300
     186       2.4012
     187       2.5221
     188       2.5968
     189       2.5936
     190       2.6113
     191       2.5397
     192       2.5863
     193       2.6051
     194       2.4991
     195       2.4906
     196       2.6989
     197       2.6559
     198       2.8039
     199       2.9647
     200       2.6493
     201       2.6779
     202       2.5310
     203       2.6765
     204       2.9180
     205       2.5824
     206       2.5015
     207       2.3373
     208       2.2906
     209       2.4458
     210       2.5743
     211       2.5175
     212       2.5621
     213       2.5929
     214       2.9083
     215       2.7636
     216       2.7805
     217       2.7845
     218       2.6424
     219       2.7700
     220       2.5672
     221       2.5897
     222       2.5862
     223       2.5925
     224       2.7388
     225       2.9127
     226       2.6883
     227       2.7934
     228       2.8204
     229       2.7004
     230       2.7424
     231       2.8780
     232       2.9534
     233       3.0114
     234       3.2209
     235       3.0674
     236       3.1353
     237       3.1933
     238       3.1403
     239       2.9837
     240       3.1536
     241       2.9463
     242       3.0591
     243       2.9724
     244       3.1586
     245       3.1096
     246       3.2419
     247       3.4795
     248       3.3725
     249       3.0986
     250       2.9837
     251       2.9019
     252       2.8392
     253       2.8756
     254       2.6660
     255       2.6835
     256       2.7664
     257       2.9021
     258       2.7252
     259       2.7209
     260       2.8231
     261       2.7682
     262       3.1076
     263       2.8421
     264       3.0740
     265       3.2498
     266       3.1821
     267       2.9482
     268       2.9415
     269       3.0319
     270       2.8651
     271       3.0274
     272       2.9065
     273       3.2417
     274       3.2186
     275       3.2467
     276       3.1259
     277       3.2822
     278       3.1293
     279       2.9870
     280       3.2526
     281       3.0495
     282       3.1021
     283       2.8552
     284       2.8177
     285       2.7254
     286       2.8707
     287       2.7651
     288       2.8271
     289       2.9109
     290       2.7674
     291       2.8665
     292       2.6941
     293       3.0988
     294       3.2185
     295       3.1244
     296       3.1129
     297       3.6115
     298       3.4845
     299       3.3712
     300       3.2627
     301       2.9472
     302       2.8109
     303       2.7657
     304       2.6971
     305       2.5067
     306       2.5005
     307       2.4948
     308       2.6327
     309       2.6758
     310       2.7678
     311       2.9412
     312       3.0576
     313       3.0206
     314       2.9606
     315       2.8702
     316       2.7224
     317       2.8689
     318       2.8367
     319       2.8082
     320       2.8118
     321       2.7870
     322       2.7334
     323       2.9014
     324       2.9593
     325       2.9861
     326       2.9130
     327       2.9097
     328       3.0576
     329       3.0458
     330       2.9119
     331       2.9690
     332       2.8503
     333       3.0229
     334       2.9291
     335       2.8502
     336       2.6774
     337       3.0393
     338       3.1181
     339       2.9591
     340       2.7496
     341       2.7467
     342       2.7248
     343       2.6506
     344       2.4795
     345       2.5018
     346       2.7763
     347       2.6848
     348       2.6041
     349       2.5218
     350       2.5832
     351       2.7600
     352       2.5906
     353       2.5956
     354       2.6382
     355       2.7774
     356       2.8345
     357       2.9107
     358       2.9859
     359       2.7761
     360       2.7508
     361       2.7880
     362       2.8389
     363       2.7410
     364       2.8579
     365       2.9483
     366       2.8347
     367       2.8813
     368       2.8364
     369       2.9656
     370       2.8865
     371       2.5672
     372       2.6417
     373       2.5191
     374       2.4082
     375       2.4850
     376       2.4242
     377       2.5400
     378       2.5322
     379       2.6663
     380       2.6752
     381       2.5914
     382       2.7041
     383       2.9545
     384       3.1602
     385       3.0841
     386       3.0942
     387       3.1656
     388       3.1397
     389       3.1745
     390       2.8488
     391       3.0180
     392       3.1371
     393       3.3104
     394       3.1648
     395       2.9825
     396       3.0236
     397       3.2465
     398       3.0065
     399       3.1029
     400       2.8813
     401       2.6755
     402       2.6296
     403       2.7305
     404       2.8564
     405       2.9114
     406       2.6714
     407       2.5952
     408       2.4378
     409       2.6155
     410       2.5309
     411       2.2810
     412       2.5557
     413       2.5282
     414       2.4584
     415       2.6596
     416       2.5461
     417       2.2787
     418       2.4604
     419       2.5373
     420       2.5756
     421       2.4566
     422       2.3480
     423       2.6054
     424       2.6771
     425       2.7409
     426       2.6399
     427       2.3987
     428       2.4391
     429       2.5808
     430       2.4194
     431       2.4061
     432       2.4955
     433       2.5249
     434       2.2921
     435       2.3913
     436       2.3900
     437       2.2338
     438       2.3076
     439       2.5095
     440       2.3755
     441       2.4305
     442       2.4090
     443       2.4860
     444       2.5406
     445       2.3440
     446       2.3682
     447       2.3774
     448       2.1344
     449       2.0873
     450       2.0985
     451       2.2445
     452       2.2846
     453       2.2469
     454       2.2291
     455       2.2027
     456       2.2064
     457       1.9867
     458       2.1539
     459       2.3723
     460       2.3435
     461       2.3693
     462       2.5039
     463       2.7101
     464       2.5396
     465       2.7272
     466       2.5321
     467       2.4815
     468       2.2939
     469       2.2847
     470       2.2141
     471       2.4341
     472       2.3934
     473       2.3710
     474       2.4004
     475       2.4275
     476       2.5120
     477       2.3552
     478       2.5051
     479       2.5196
     480       2.3673
     481       2.2527
     482       2.2098
     483       2.2684
     484       2.2444
     485       2.2574
     486       2.4026
     487       2.5322
     488       2.4460
     489       2.4816
     490       2.3466
     491       2.5631
     492       2.3619
     493       2.4974
     494       2.4783
     495       2.2263
     496       2.1808
     497       2.3609
     498       2.1591
     499       2.1228
     500       2.2473
     501       2.2922
     502       2.1555
     503       2.1787
     504       2.1431
     505       2.1231
     506       2.0481
     507       2.0658
     508       2.3705
     509       2.4670
     510       2.4977
     511       2.5331
     512       2.4407
     513       2.5556
     514       2.6838
     515       2.6657
     516       2.8354
     517       2.8535
     518       2.8504
     519       3.0345
     520       2.9187
     521       2.8141
     522       2.8090
     523       2.8725
     524       2.8612
     525       2.9461
     526       2.6629
     527       2.6198
     528       2.5870
     529       2.6941
     530       2.5311
     531       2.4462
     532       2.3778
     533       2.6269
     534       2.7324
     535       2.6341
     536       2.3806
     537       2.7100
     538       2.6133
     539       2.5312
     540       2.3110
     541       2.0841
     542       2.3978
     543       2.5925
     544       2.5315
     545       2.4165
     546       2.3947
     547       2.4372
     548       2.3646
     549       2.3379
     550       2.3193
     551       2.4081
     552       2.3335
     553       2.4413
     554       2.3296
     555       2.0880
     556       1.9658
     557       2.2401
     558       2.3484
     559       2.2879
     560       2.4163
     561       2.2975
     562       2.0763
     563       2.1849
     564       2.2075
     565       2.1471
     566       2.3388
     567       2.2434
     568       2.2455
     569       2.1526
     570       2.4044
     571       2.3332
     572       2.3471
     573       2.4529
     574       2.2062
     575       2.1219
     576       2.1494
     577       2.3404
     578       2.4760
     579       2.3850
     580       2.4701
     581       2.2417
     582       2.6051
     583       2.4851
     584       2.3938
     585       2.6306
     586       2.3968
     587       2.4318
     588       2.3373
     589       2.5227
     590       2.3696
     591       2.3935
     592       2.2336
     593       2.4755
     594       2.6046
     595       2.5460
     596       2.5625
     597       2.3171
     598       2.3547
     599       2.0861
     600       2.0886
     601       2.1963
     602       2.1897
     603       2.0940
     604       1.9314
     605       1.8955
     606       1.6965
     607       1.7407
     608       1.8631
     609       1.9191
     610       1.7427
     611       1.7332
     612       1.7292
     613       1.7042
     614       2.0493
     615       1.9427
     616       2.1083
     617       2.2221
     618       2.2107
     619       2.1685
     620       1.8833
     621       1.9649
     622       1.9277
     623       1.9120
     624       2.0992
     625       2.0795
     626       1.9313
     627       2.0602
     628       1.9996
     629       2.0280
     630       2.0756
     631       2.0228
     632       1.9496
     633       1.7650
     634       1.5789
     635       1.7051
     636       1.8158
     637       1.9055
     638       1.8979
     639       1.7343
     640       1.8533
     641       1.9619
     642       2.0918
     643       1.8999
     644       1.9697
     645       2.0345
     646       1.9468
     647       1.8925
     648       1.9461
     649       2.0185
     650       1.7647
     651       1.9527
     652       1.8788
     653       1.8518
     654       1.9627
     655       1.7421
     656       1.6570
     657       1.7717
     658       1.6760
     659       1.7474
     660       1.8183
     661       1.9361
     662       2.0026
     663       1.9020
     664       2.1019
     665       1.8857
     666       1.9431
     667       1.9162
     668       1.8372
     669       1.9222
     670       1.9218
     671       1.9099
     672       1.8294
     673       2.0572
     674       1.9501
     675       1.9869
     676       1.8234
     677       1.8114
     678       1.8870
     679       1.8682
     680       1.9507
     681       2.0228
     682       2.1558
     683       2.1612
     684       2.1090
     685       2.1227
     686       2.0587
     687       2.0462
     688       2.0675
     689       2.2626
     690       1.9799
     691       1.9578
     692       1.8350
     693       1.8768
     694       1.8715
     695       1.8743
     696       1.9200
     697       1.9064
     698       2.0023
     699       1.8603
     700       2.0185
     701       2.1223
     702       2.1301
     703       1.9433
     704       2.0321
     705       2.0673
     706       2.2734
     707       2.5405
     708       2.4390
     709       2.3618
     710       2.4027
     711       2.3592
     712       2.2882
     713       2.2112
     714       2.3351
     715       2.1443
     716       2.2611
     717       2.2617
     718       2.0498
     719       2.4576
     720       2.3516
     721       2.2831
     722       2.3435
     723       2.4731
     724       2.3952
     725       2.2688
     726       2.1372
     727       2.1650
     728       1.9282
     729       2.0870
     730       1.9532
     731       2.2184
     732       2.2256
     733       2.2841
     734       2.1635
     735       2.1131
     736       2.0003
     737       2.0643
     738       1.9744
     739       2.0082
     740       2.0741
     741       2.1157
     742       1.9551
     743       2.0964
     744       1.9491
     745       2.0084
     746       2.1555
     747       1.9823
     748       2.1707
     749       1.9495
     750       1.6993
     751       1.7900
     752       1.9804
     753       1.9775
     754       2.0190
     755       2.1242
     756       2.0044
     757       1.9968
     758       1.8089
     759       1.9292
     760       1.9764
     761       1.7791
     762       1.9527
     763       1.9359
     764       2.1021
     765       2.1037
     766       2.2297
     767       2.3755
     768       2.1181
     769       2.0370
     770       1.9057
     771       1.8101
     772       1.8215
     773       1.7837
     774       1.9358
     775       1.9215
     776       1.8925
     777       1.8407
     778       1.6921
     779       1.8508
     780       2.1032
     781       2.2223
     782       2.0351
     783       2.2950
     784       2.0550
     785       1.9752
     786       1.8075
     787       1.7583
     788       1.9525
     789       1.9835
     790       1.9470
     791       2.0002
     792       1.9674
     793       1.9572
     794       2.1282
     795       1.9557
     796       1.9595
     797       1.9737
     798       1.9093
     799       1.7500
     800       1.8199
     801       1.8954
     802       1.8767
     803       1.8939
     804       2.0580
     805       1.9024
     806       1.7563
     807       1.9508
     808       1.9300
     809       2.0338
     810       1.8248
     811       1.9385
     812       1.9224
     813       2.0021
     814       1.7877
     815       1.7977
     816       1.9349
     817       1.7184
     818       1.6587
     819       1.7115
     820       1.8914
     821       1.8282
     822       1.7526
     823       1.7125
     824       1.6453
     825       1.6953
     826       1.7708
     827       1.7374
     828       1.8967
     829       1.8662
     830       1.9337
     831       1.8426
     832       1.9432
     833       1.8857
     834       1.9221
     835       1.9158
     836       1.7894
     837       1.6716
     838       1.6814
     839       1.7008
     840       1.7847
     841       1.7795
     842       1.6408
     843       1.6705
     844       1.6310
     845       1.8048
     846       1.8116
     847       1.8072
     848       1.6710
     849       1.8540
     850       1.7263
     851       1.7049
     852       1.7958
     853       1.7973
     854       1.8632
     855       1.9029
     856       2.0332
     857       2.1326
     858       2.1090
     859       2.0639
     860       2.0770
     861       2.1231
     862       2.1056
     863       2.0806
     864       1.9809
     865       1.9181
     866       2.0625
     867       1.9687
     868       1.7997
     869       1.7480
     870       1.6213
     871       1.5439
     872       1.6432
     873       1.6409
     874       1.7785
     875       1.7285
     876       1.8372
     877       2.0080
     878       2.0176
     879       1.9510
     880       1.8978
     881       1.8178
     882       1.9967
     883       1.7920
     884       1.7265
     885       1.6659
     886       1.7116
     887       1.9325
     888       1.9843
     889       2.0509
     890       1.8986
     891       1.9977
     892       1.8905
     893       1.8686
     894       1.7932
     895       2.0454
     896       1.8623
     897       1.9466
     898       2.0446
     899       1.9629
     900       2.2989
     901       2.3751
     902       2.1919
     903       2.1596
     904       2.2517
     905       2.0325
     906       1.9559
     907       2.2008
     908       2.0203
     909       2.0122
     910       2.2165
     911       2.2999
     912       2.3057
     913       2.2513
     914       2.3732
     915       2.3737
     916       2.2724
     917       2.0596
     918       2.1961
     919       2.3514
     920       2.3833
     921       2.0394
     922       2.0653
     923       2.1970
     924       2.2828
     925       2.1843
     926       2.4255
     927       2.3462
     928       2.3408
     929       2.1828
     930       2.3368
     931       2.4014
     932       2.3533
     933       2.2575
     934       2.3515
     935       2.3164
     936       2.2651
     937       2.2742
     938       2.5503
     939       2.4102
     940       2.3336
     941       2.2872
     942       2.3861
     943       2.3512
     944       2.5537
     945       2.4685
     946       2.6539
     947       2.5663
     948       2.6058
     949       2.7447
     950       2.8359
     951       2.8576
     952       2.7770
     953       2.5540
     954       2.4182
     955       2.4214
     956       2.3095
     957       2.5652
     958       2.6515
     959       2.5423
     960       2.5738
     961       2.4896
     962       2.3727
     963       2.3789
     964       2.2869
     965       2.5414
     966       2.2703
     967       2.2388
     968       2.1654
     969       2.2602
     970       2.1472
     971       2.1567
     972       2.1464
     973       2.1211
     974       2.4580
     975       2.3502
     976       2.2378
     977       2.1466
     978       2.2526
     979       2.1316
     980       2.3020
     981       2.3608
     982       2.3189
     983       2.3915
     984       2.4515
     985       2.3638
     986       2.3470
     987       2.1617
     988       2.3670
     989       2.3442
     990       2.3772
     991       2.3924
     992       2.5534
     993       2.3668
     994       2.3232
     995       2.1502
     996       2.1102
     997       2.1469
     998       2.1470
     999       2.2811
    1000       2.4890
    1001       2.4453
    1002       2.4509
    1003       2.2983
    1004       2.3687
    1005       2.2421
    1006       2.1083
    1007       2.1014
    1008       2.0300
    1009       2.0815
    1010       2.0275
    1011       2.0127
    1012       1.9498
    1013       2.0491
    1014       1.6870
    1015       1.6840
    1016       1.7374
    1017       1.7051
    1018       1.6514
    1019       1.6433
    1020       1.6535
    1021       1.5403
    1022       1.6298
    1023       1.7432
    1024       1.6837
    1025       1.6749
    1026       1.5636
    1027       1.6171
    1028       1.6131
    1029       1.6158
    1030       1.7328
    1031       1.6381
    1032       1.6469
    1033       1.7446
    1034       1.6943
    1035       1.8380
    1036       1.8215
    1037       1.7456
    1038       1.6825
    1039       1.8638
    1040       1.7262
    1041       1.7807
    1042       1.9155
    1043       2.0340
    1044       2.0799
    1045       1.7406
    1046       1.7775
    1047       1.8625
    1048       1.8224
    1049       1.9182
    1050       2.0594
    1051       1.9045
    1052       1.9888
    1053       1.9881
    1054       1.8958
    1055       1.7207
    1056       1.6264
    1057       1.7616
    1058       1.8988
    1059       1.8872
    1060       1.7774
    1061       1.7871
    1062       1.9166
    1063       1.8892
    1064       1.7109
    1065       1.7351
    1066       1.7904
    1067       1.7620
    1068       1.7652
    1069       1.6299
    1070       1.7209
    1071       1.6206
    1072       1.7085
    1073       1.8260
    1074       1.8274
    1075       1.8839
    1076       1.7952
    1077       1.6932
    1078       1.6869
    1079       1.8138
    1080       1.9148
    1081       1.9387
    1082       2.0149
    1083       1.9660
    1084       1.9808
    1085       1.6738
    1086       1.6645
    1087       1.6404
    1088       1.6155
    1089       1.7382
    1090       1.8020
    1091       1.7481
    1092       1.8023
    1093       1.8962
    1094       2.0200
    1095       2.0210
    1096       1.9498
    1097       1.9749
    1098       2.0122
    1099       2.2058
    1100       2.3507
    1101       2.1754
    1102       2.1969
    1103       2.2333
    1104       2.1920
    1105       2.2509
    1106       2.4719
    1107       2.3635
    1108       2.4301
    1109       2.4595
    1110       2.3701
    1111       2.3262
    1112       2.2251
    1113       2.0546
    1114       2.0820
    1115       2.2536
    1116       2.2550
    1117       2.4247
    1118       2.4732
    1119       2.3608
    1120       2.3440
    1121       2.4847
    1122       2.3771
    1123       2.3984
    1124       2.0700
    1125       1.9532
    1126       1.8939
    1127       1.9768
    1128       2.1143
    1129       2.0402
    1130       1.9954
    1131       2.1397
    1132       2.0425
    1133       1.8929
    1134       2.0175
    1135       2.1456
    1136       2.1175
    1137       2.0467
    1138       2.1151
    1139       2.1203
    1140       2.1526
    1141       2.0653
    1142       2.0633
    1143       2.0541
    1144       2.1064
    1145       1.9306
    1146       1.9573
    1147       2.1374
    1148       2.1566
    1149       2.2526
    1150       2.1590
    1151       2.1912
    1152       2.1001
    1153       2.1874
    1154       2.0937
    1155       2.1039
    1156       2.1114
    1157       2.2585
    1158       2.2908
    1159       2.2523
    1160       2.2203
    1161       2.0599
    1162       1.9593
    1163       1.9223
    1164       2.0510
    1165       2.0627
    1166       2.0116
    1167       2.1139
    1168       1.9832
    1169       1.9085
    1170       1.8914
    1171       1.8090
    1172       2.1338
    1173       1.9881
    1174       1.7574
    1175       1.6933
    1176       1.7629
    1177       1.7772
    1178       1.9238
    1179       1.8626
    1180       1.8168
    1181       1.9195
    1182       1.8942
    1183       1.9055
    1184       2.0045
    1185       1.9562
    1186       2.1107
    1187       2.2335
    1188       2.1228
    1189       1.9937
    1190       2.0867
    1191       2.1278
    1192       2.1433
    1193       2.2956
    1194       2.3151
    1195       2.3947
    1196       2.2986
    1197       2.3456
    1198       2.4652
    1199       2.3009
    1200       2.3031
    1201       2.2634
    1202       2.3465
    1203       2.1665
    1204       2.2362
    1205       2.0456
    1206       1.9223
    1207       1.9053
    1208       2.0278
    1209       1.9375
    1210       2.0458
    1211       2.1038
    1212       2.1309
    1213       2.0772
    1214       1.9797
    1215       2.0071
    1216       2.0601
    1217       1.8892
    1218       2.0054
    1219       1.9899
    1220       1.9545
    1221       1.8461
    1222       1.8340
    1223       1.8055
    1224       1.7942
    1225       1.7787
    1226       1.8672
    1227       1.8290
    1228       1.8885
    1229       1.8387
    1230       1.8242
    1231       1.7927
    1232       1.7063
    1233       1.7194
    1234       1.6928
    1235       1.8595
    1236       1.8732
    1237       2.0314
    1238       1.9205
    1239       2.0343
    1240       2.1453
    1241       2.3217
    1242       2.2342
    1243       2.2742
    1244       2.2151
    1245       2.1849
    1246       2.1194
    1247       2.0999
    1248       2.0811
    1249       1.9271
    1250       2.1746
    1251       2.3571
    1252       2.5293
    1253       2.2225
    1254       2.1160
    1255       1.9641
    1256       2.2212
    1257       2.2615
    1258       2.1229
    1259       2.1698
    1260       2.0160
    1261       2.0357
    1262       1.8499
    1263       1.9590
    1264       1.9889
    1265       2.0324
    1266       1.8904
    1267       1.8793
    1268       1.9706
    1269       1.8534
    1270       1.9903
    1271       2.0734
    1272       1.9228
    1273       1.9971
    1274       2.0488
    1275       2.1209
    1276       1.8140
    1277       1.6518
    1278       1.9433
    1279       1.7729
    1280       1.8806
    1281       1.9271
    1282       1.9646
    1283       1.9065
    1284       1.7876
    1285       1.8870
    1286       2.0190
    1287       1.9182
    1288       1.8745
    1289       1.8716
    1290       1.9385
    1291       1.9591
    1292       2.1256
    1293       2.3451
    1294       2.2660
    1295       2.1629
    1296       2.0686
    1297       1.8083
    1298       2.0197
    1299       2.1788
    1300       2.0166
    1301       1.9637
    1302       2.0870
    1303       1.9714
    1304       1.9975
    1305       2.0016
    1306       2.0385
    1307       2.0023
    1308       2.1094
    1309       2.0038
    1310       2.0261
    1311       2.0593
    1312       2.1226
    1313       2.0548
    1314       1.9161
    1315       1.8701
    1316       1.8629
    1317       1.8246
    1318       1.7904
    1319       1.9674
    1320       2.0957
    1321       2.0522
    1322       1.9864
    1323       2.1903
    1324       2.4390
    1325       2.5069
    1326       2.4969
    1327       2.2050
    1328       2.1016
    1329       2.0822
    1330       2.2708
    1331       2.4786
    1332       2.1988
    1333       2.2938
    1334       2.1343
    1335       2.2123
    1336       2.3756
    1337       2.2865
    1338       2.2442
    1339       2.2317
    1340       2.2257
    1341       2.2634
    1342       2.0227
    1343       1.9886
    1344       1.9079
    1345       2.0969
    1346       2.1547
    1347       2.1065
    1348       2.1279
    1349       2.0901
    1350       2.1793
    1351       2.0793
    1352       2.1540
    1353       2.0828
    1354       2.0375
    1355       2.1035
    1356       2.0702
    1357       1.9006
    1358       2.0248
    1359       1.8502
    1360       1.9504
    1361       1.7089
    1362       1.7458
    1363       1.6246
    1364       1.6809
    1365       1.6655
    1366       1.7767
    1367       1.7955
    1368       1.8992
    1369       1.8364
    1370       1.7603
    1371       1.8922
    1372       1.9059
    1373       1.7453
    1374       1.7291
    1375       1.7750
    1376       1.8159
    1377       1.7364
    1378       1.6811
    1379       1.9025
    1380       1.8205
    1381       1.7718
    1382       1.8501
    1383       1.8454
    1384       1.9660
    1385       1.6596
    1386       1.6757
    1387       1.6975
    1388       1.6377
    1389       1.6869
    1390       1.5563
    1391       1.6074
    1392       1.6102
    1393       1.5370
    1394       1.4579
    1395       1.5621
    1396       1.6469
    1397       1.5984
    1398       1.6888
    1399       1.7047
    1400       1.8011
    1401       1.7961
    1402       1.8494
    1403       1.9622
    1404       1.8943
    1405       2.0167
    1406       2.0948
    1407       2.0406
    1408       1.9458
    1409       2.0968
    1410       1.9983
    1411       2.1072
    1412       2.1978
    1413       2.1994
    1414       2.1719
    1415       2.1271
    1416       2.3595
    1417       2.3476
    1418       2.4609
    1419       2.3141
    1420       2.2756
    1421       2.3076
    1422       2.2038
    1423       2.1998
    1424       2.3159
    1425       2.2185
    1426       2.1859
    1427       2.1586
    1428       2.1340
    1429       2.1100
    1430       2.0562
    1431       2.2568
    1432       2.1824
    1433       2.0686
    1434       2.2105
    1435       1.9463
    1436       1.9833
    1437       2.1243
    1438       2.2554
    1439       2.0687
    1440       2.0373
    1441       1.9106
    1442       1.7430
    1443       1.7508
    1444       1.8550
    1445       1.9959
    1446       2.0349
    1447       2.0637
    1448       1.9291
    1449       2.0011
    1450       2.2534
    1451       2.3310
    1452       2.1797
    1453       2.0998
    1454       1.9604
    1455       2.0120
    1456       2.0410
    1457       1.9937
    1458       1.9775
    1459       2.0335
    1460       1.7885
    1461       1.9632
    1462       1.8045
    1463       1.9815
    1464       1.8685
    1465       1.8484
    1466       1.8951
    1467       1.8434
    1468       2.0849
    1469       2.2901
    1470       2.2621
    1471       2.1010
    1472       2.0855
    1473       2.1466
    1474       2.0136
    1475       2.1126
    1476       2.0825
    1477       2.0259
    1478       1.9862
    1479       1.9466
    1480       2.0771
    1481       2.0029
    1482       1.9374
    1483       1.8785
    1484       1.8516
    1485       2.0251
    1486       2.0562
    1487       1.9718
    1488       1.9350
    1489       1.8706
    1490       1.8671
    1491       1.8699
    1492       2.0163
    1493       2.1219
    1494       1.9663
    1495       1.8494
    1496       2.0103
    1497       1.9225
    1498       2.0121
    1499       1.9971
    1500       1.8641
    1501       2.0573
    1502       2.0813
    1503       2.0063
    1504       2.0283
    1505       1.9517
    1506       2.0041
    1507       1.9729
    1508       1.8987
    1509       1.8555
    1510       1.9429
    1511       1.8086
    1512       1.8492
    1513       1.7720
    1514       1.9208
    1515       1.8600
    1516       1.8113
    1517       1.9961
    1518       1.9763
    1519       1.9358
    1520       1.9127
    1521       1.8934
    1522       1.7664
    1523       1.8190
    1524       1.7234
    1525       1.7359
    1526       1.8519
    1527       1.9323
    1528       1.8007
    1529       1.7002
    1530       1.7733
    1531       1.9040
    1532       1.8347
    1533       1.8431
    1534       1.8680
    1535       1.9710
    1536       1.8047
    1537       1.9131
    1538       1.9738
    1539       2.0582
    1540       2.2122
    1541       2.1474
    1542       2.0538
    1543       2.2573
    1544       2.0592
    1545       1.9713
    1546       1.9630
    1547       1.9579
    1548       2.0189
    1549       2.0889
    1550       2.0337
    1551       2.0279
    1552       2.0234
    1553       1.9953
    1554       1.8230
    1555       1.8405
    1556       1.8302
    1557       1.7145
    1558       1.7647
    1559       1.7343
    1560       1.9193
    1561       1.8938
    1562       1.9363
    1563       1.7178
    1564       1.7843
    1565       1.7741
    1566       1.7525
    1567       1.9371
    1568       1.7324
    1569       1.6992
    1570       1.9203
    1571       1.9916
    1572       1.9570
    1573       1.9721
    1574       2.1550
    1575       2.2132
    1576       2.2065
    1577       2.1495
    1578       1.8670
    1579       1.8393
    1580       1.9603
    1581       2.0097
    1582       1.9849
    1583       1.9536
    1584       1.8774
    1585       2.0855
    1586       1.8081
    1587       1.9572
    1588       2.2427
    1589       2.2756
    1590       2.0384
    1591       1.9961
    1592       1.9534
    1593       2.0808
    1594       1.9143
    1595       1.9053
    1596       1.8656
    1597       1.8750
    1598       1.9077
    1599       1.9641
    1600       1.9062
    1601       1.8498
    1602       1.7426
    1603       1.7243
    1604       1.7497
    1605       1.7914
    1606       1.7380
    1607       1.5846
    1608       1.5678
    1609       1.8870
    1610       1.7539
    1611       1.6091
    1612       1.7224
    1613       1.6815
    1614       1.7501
    1615       1.7802
    1616       1.7754
    1617       1.6662
    1618       1.7099
    1619       1.6405
    1620       1.5482
    1621       1.6630
    1622       1.7025
    1623       1.7066
    1624       1.6293
    1625       1.6254
    1626       1.8570
    1627       1.7899
    1628       1.8406
    1629       1.9946
    1630       1.8590
    1631       1.6536
    1632       1.6845
    1633       1.6542
    1634       1.6718
    1635       1.5474
    1636       1.5243
    1637       1.8876
    1638       1.7177
    1639       1.8266
    1640       1.7691
    1641       1.7338
    1642       1.8685
    1643       1.9195
    1644       1.9973
    1645       2.1320
    1646       2.0926
    1647       2.2159
    1648       2.3043
    1649       2.2416
    1650       2.3060
    1651       2.1522
    1652       1.9941
    1653       2.0977
    1654       2.1324
    1655       1.9306
    1656       1.7428
    1657       1.7194
    1658       1.6776
    1659       1.8248
    1660       1.8289
    1661       1.7416
    1662       1.8752
    1663       2.0574
    1664       1.8989
    1665       1.8437
    1666       1.8897
    1667       1.7663
    1668       1.9135
    1669       1.7896
    1670       1.7919
    1671       1.7975
    1672       1.7361
    1673       1.7646
    1674       1.6893
    1675       1.8090
    1676       1.8127
    1677       1.7632
    1678       1.7112
    1679       1.8207
    1680       1.9689
    1681       1.9132
    1682       2.0170
    1683       2.1040
    1684       1.8988
    1685       1.9206
    1686       1.9918
    1687       2.0809
    1688       2.2542
    1689       2.2570
    1690       2.1515
    1691       2.0480
    1692       1.9644
    1693       2.0283
    1694       2.2118
    1695       2.1994
    1696       2.2247
    1697       2.2849
    1698       2.1342
    1699       2.1170
    1700       2.0076
    1701       2.0982
    1702       2.3707
    1703       2.3437
    1704       2.4217
    1705       2.3994
    1706       2.4654
    1707       2.4547
    1708       2.5699
    1709       2.4807
    1710       2.5558
    1711       2.5356
    1712       2.1720
    1713       2.2949
    1714       2.3347
    1715       2.3915
    1716       2.2204
    1717       2.1092
    1718       2.3264
    1719       2.3762
    1720       2.2031
    1721       2.3709
    1722       2.4190
    1723       2.3610
    1724       2.3503
    1725       2.7456
    1726       2.6999
    1727       2.4810
    1728       2.5755
    1729       2.6946
    1730       2.5682
    1731       2.5495
    1732       2.3771
    1733       2.6129
    1734       2.5821
    1735       2.4912
    1736       2.4817
    1737       2.5271
    1738       2.4593
    1739       2.5398
    1740       2.5766
    1741       2.7172
    1742       2.7495
    1743       2.8170
    1744       2.5830
    1745       2.7930
    1746       2.7021
    1747       2.4021
    1748       2.5795
    1749       2.6775
    1750       2.5849
    1751       2.6522
    1752       2.7475
    1753       2.7100
    1754       2.6777
    1755       2.7731
    1756       2.9374
    1757       2.8469
    1758       2.8654
    1759       2.7993
    1760       2.7579
    1761       2.6474
    1762       2.7568
    1763       2.5950
    1764       2.8000
    1765       2.7685
    1766       2.7846
    1767       2.6330
    1768       2.3997
    1769       2.4765
    1770       2.3384
    1771       2.2542
    1772       2.3607
    1773       2.4483
    1774       2.4147
    1775       2.3118
    1776       2.3226
    1777       2.3373
    1778       2.2781
    1779       2.4059
    1780       2.5683
    1781       2.6666
    1782       2.4488
    1783       2.6842
    1784       2.6738
    1785       2.5754
    1786       2.5133
    1787       2.6276
    1788       2.5036
    1789       2.5803
    1790       2.5461
    1791       2.4099
    1792       2.4070
    1793       2.5373
    1794       2.3577
    1795       2.2970
    1796       2.1984
    1797       2.4146
    1798       2.4012
    1799       2.4554
    1800       2.3981
    1801       2.5303
    1802       2.5473
    1803       2.5871
    1804       2.3209
    1805       2.3197
    1806       2.5162
    1807       2.6610
    1808       2.6663
    1809       2.5225
    1810       2.3323
    1811       2.3387
    1812       2.3748
    1813       2.6381
    1814       2.6282
    1815       2.8077
    1816       2.3813
    1817       2.4502
    1818       2.4691
    1819       2.3007
    1820       2.2437
    1821       2.2112
    1822       2.1683
    1823       2.0896
    1824       2.1961
    1825       2.1228
    1826       2.1506
    1827       2.1209
    1828       2.3140
    1829       2.3822
    1830       2.2303
    1831       2.2823
    1832       2.2275
    1833       2.3438
    1834       2.3793
    1835       2.1734
    1836       2.2795
    1837       2.2585
    1838       2.3387
    1839       2.4431
    1840       2.5790
    1841       2.7707
    1842       2.7658
    1843       2.7061
    1844       2.6045
    1845       2.6304
    1846       2.5280
    1847       2.3696
    1848       2.3385
    1849       2.3467
    1850       2.2823
    1851       2.1758
    1852       2.2001
    1853       2.0390
    1854       2.2063
    1855       2.2780
    1856       2.2138
    1857       2.2960
    1858       2.2238
    1859       2.3150
    1860       2.0825
    1861       2.1094
    1862       2.1008
    1863       2.2097
    1864       2.1152
    1865       2.0684
    1866       2.0871
    1867       1.8871
    1868       1.8141
    1869       1.8154
    1870       1.7807
    1871       1.9408
    1872       2.0664
    1873       1.9458
    1874       2.0256
    1875       1.8658
    1876       1.8178
    1877       1.9647
    1878       1.7804
    1879       1.8554
    1880       1.9695
    1881       2.0036
    1882       2.0655
    1883       2.0112
    1884       2.1360
    1885       2.0464
    1886       2.0812
    1887       2.1656
    1888       2.2294
    1889       2.2936
    1890       2.3376
    1891       2.3369
    1892       2.3654
    1893       2.4303
    1894       2.4284
    1895       2.4693
    1896       2.4439
    1897       2.5275
    1898       2.5495
    1899       2.5783
    1900       2.7751
    1901       2.8012
    1902       2.8559
    1903       2.7886
    1904       2.6111
    1905       2.8837
    1906       2.5921
    1907       2.5857
    1908       2.6560
    1909       2.8134
    1910       2.7796
    1911       2.4969
    1912       2.5141
    1913       2.7340
    1914       2.8961
    1915       2.8049
    1916       2.7400
    1917       2.8394
    1918       2.7715
    1919       2.8576
    1920       3.0790
    1921       2.9962
    1922       2.7552
    1923       2.6318
    1924       2.7700
    1925       2.8406
    1926       2.8538
    1927       2.9039
    1928       2.6532
    1929       2.4127
    1930       2.3304
    1931       2.2266
    1932       2.2943
    1933       2.4452
    1934       2.3827
    1935       2.4702
    1936       2.4921
    1937       2.5681
    1938       2.4247
    1939       2.3958
    1940       2.5122
    1941       2.3134
    1942       2.3038
    1943       2.3112
    1944       2.0501
    1945       2.0623
    1946       2.2166
    1947       2.2727
    1948       2.2953
    1949       2.6308
    1950       2.3972
    1951       2.5232
    1952       2.3057
    1953       2.5146
    1954       2.6129
    1955       2.6218
    1956       2.4337
    1957       2.5902
    1958       2.4680
    1959       2.4777
    1960       2.2930
    1961       2.2161
    1962       2.3975
    1963       2.4541
    1964       2.3783
    1965       2.3405
    1966       2.4712
    1967       2.6503
    1968       2.5640
    1969       2.5228
    1970       2.5382
    1971       2.7053
    1972       2.6186
    1973       2.5915
    1974       2.7484
    1975       2.4848
    1976       2.5048
    1977       2.3195
    1978       2.5050
    1979       2.6097
    1980       2.5213
    1981       2.5263
    1982       2.6123
    1983       2.5909
    1984       2.6901
    1985       2.5952
    1986       2.5697
    1987       2.4477
    1988       2.4354
    1989       2.5801
    1990       2.5831
    1991       2.6578
    1992       2.6552
    1993       2.6886
    1994       2.6778
    1995       2.3795
    1996       2.4361
    1997       2.4965
    1998       2.4437
    1999       2.6217
    2000       2.1250
    2001       2.3127
    2002       2.5770
    2003       2.5943
    2004       2.6398
    2005       2.3551
    2006       2.3982
    2007       2.4169
    2008       2.4625
    2009       2.5739
    2010       2.5815
    2011       2.5045
    2012       2.4057
    2013       2.4197
    2014       2.4994
    2015       2.7741
    2016       2.7811
    2017       2.8116
    2018       2.8582
    2019       2.5712
    2020       2.6745
    2021       2.4037
    2022       2.3185
    2023       2.3177
    2024       2.2038
    2025       2.1293
    2026       2.0040
    2027       2.1047
    2028       2.0870
    2029       2.0370
    2030       1.9709
    2031       2.1496
    2032       2.1003
    2033       2.2535
    2034       2.1919
    2035       2.1066
    2036       2.2867
    2037       2.4459
    2038       2.3606
    2039       2.2417
    2040       2.0795
    2041       2.1022
    2042       1.9322
    2043       1.9544
    2044       1.9627
    2045       2.0098
    2046       1.8518
    2047       1.8881
    2048       1.9528
    2049       1.9099
    2050       1.9466
    2051       1.9715
    2052       2.0220
    2053       1.9492
    2054       2.1747
    2055       2.1147
    2056       2.1247
    2057       2.1765
    2058       2.0100
    2059       2.0289
    2060       2.4183
    2061       2.5289
    2062       2.4898
    2063       2.4796
    2064       2.6941
    2065       2.5517
    2066       2.6655
    2067       2.6601
    2068       2.6740
    2069       2.6927
    2070       2.8960
    2071       2.7743
    2072       2.8008
    2073       2.7805
    2074       2.5714
    2075       2.6216
    2076       2.5884
    2077       2.4883
    2078       2.3946
    2079       2.3920
    2080       2.3136
    2081       2.2678
    2082       2.3253
    2083       2.2239
    2084       2.1995
    2085       2.1889
    2086       2.1131
    2087       2.1111
    2088       2.3021
    2089       2.0511
    2090       2.1061
    2091       2.1394
    2092       2.0958
    2093       2.0320
    2094       1.9732
    2095       2.0445
    2096       2.0861
    2097       2.2785
    2098       2.4165
    2099       2.3922
    2100       2.2466
    2101       2.2937
    2102       2.3164
    2103       2.0003
    2104       2.2081
    2105       2.1657
    2106       2.0829
    2107       2.0396
    2108       2.1819
    2109       2.0842
    2110       2.1072
    2111       2.1269
    2112       1.8973
    2113       2.2092
    2114       2.1239
    2115       2.1442
    2116       2.2826
    2117       2.3762
    2118       2.2864
    2119       2.2922
    2120       2.2574
    2121       2.1765
    2122       2.0683
    2123       1.9666
    2124       2.0150
    2125       1.9578
    2126       2.1247
    2127       2.0401
    2128       2.1060
    2129       2.2622
    2130       2.1812
    2131       2.3700
    2132       2.2752
    2133       2.3166
    2134       2.1915
    2135       2.1262
    2136       2.0621
    2137       2.1227
    2138       2.0349
    2139       2.0833
    2140       2.0733
    2141       2.1434
    2142       2.2364
    2143       2.0780
    2144       2.0988
    2145       2.1795
    2146       2.0221
    2147       2.0830
    2148       2.0679
    2149       2.2191
    2150       1.9664
    2151       2.1935
    2152       2.0823
    2153       2.3009
    2154       2.5172
    2155       2.1998
    2156       2.2851
    2157       2.1299
    2158       2.2287
    2159       2.1079
    2160       2.0638
    2161       2.1933
    2162       2.2017
    2163       2.2506
    2164       2.3167
    2165       2.3417
    2166       2.2589
    2167       2.3148
    2168       2.3156
    2169       2.4469
    2170       2.3602
    2171       2.5027
    2172       2.4141
    2173       2.3136
    2174       2.1763
    2175       2.2849
    2176       2.1996
    2177       2.1850
    2178       2.1558
    2179       2.1699
    2180       2.3794
    2181       2.2393
    2182       2.2650
    2183       2.2519
    2184       2.3066
    2185       2.4328
    2186       2.3116
    2187       2.5023
    2188       2.3064
    2189       2.2942
    2190       2.1294
    2191       2.1621
    2192       2.2344
    2193       2.1455
    2194       2.2118
    2195       2.1389
    2196       2.1736
    2197       2.1597
    2198       2.1036
    2199       2.0675
    2200       2.2255
    2201       2.3303
    2202       1.9608
    2203       2.0957
    2204       2.1751
    2205       2.2819
    2206       2.0663
    2207       2.2519
    2208       2.2817
    2209       2.2793
    2210       2.4661
    2211       2.2657
    2212       2.2318
    2213       2.0438
    2214       1.9183
    2215       2.0802
    2216       2.2291
    2217       2.2430
    2218       2.1755
    2219       2.2266
    2220       2.4744
    2221       2.6528
    2222       2.5369
    2223       2.5979
    2224       2.5793
    2225       2.6064
    2226       2.5321
    2227       2.6436
    2228       2.5845
    2229       2.5151
    2230       2.1493
    2231       2.3673
    2232       2.4311
    2233       2.4595
    2234       2.2321
    2235       2.3957
    2236       2.4228
    2237       2.3639
    2238       2.3910
    2239       2.4417
    2240       2.5344
    2241       2.3891
    2242       2.4305
    2243       2.2368
    2244       2.1546
    2245       2.1600
    2246       2.0979
    2247       2.1451
    2248       2.2326
    2249       2.0733
    2250       2.0263
    2251       2.2685
    2252       2.0572
    2253       2.1821
    2254       2.0929
    2255       2.3284
    2256       2.2138
    2257       2.3329
    2258       2.3959
    2259       2.4826
    2260       2.3178
    2261       2.2811
    2262       2.2018
    2263       2.3950
    2264       2.4381
    2265       2.2696
    2266       2.1925
    2267       2.3111
    2268       2.3971
    2269       2.2197
    2270       2.3829
    2271       2.2982
    2272       2.4323
    2273       2.2947
    2274       2.1251
    2275       2.0646
    2276       1.9597
    2277       2.0660
    2278       2.0898
    2279       2.2136
    2280       2.2526
    2281       2.1139
    2282       2.2847
    2283       2.5312
    2284       2.2339
    2285       2.2100
    2286       2.0998
    2287       2.2375
    2288       2.2871
    2289       2.3471
    2290       2.4027
    2291       2.3640
    2292       2.2959
    2293       2.2242
    2294       1.9842
    2295       2.2415
    2296       2.1764
    2297       2.3167
    2298       2.3705
    2299       2.4339
    2300       2.4121
    2301       2.5335
    2302       2.3449
    2303       2.4203
    2304       2.2049
    2305       2.5331
    2306       2.5947
    2307       2.6239
    2308       2.8273
    2309       2.7908
    2310       2.6382
    2311       2.4236
    2312       2.5356
    2313       2.4717
    2314       2.3405
    2315       2.4159
    2316       2.4629
    2317       2.2982
    2318       2.3961
    2319       2.3306
    2320       2.4299
    2321       2.4557
    2322       2.6119
    2323       2.6833
    2324       2.7224
    2325       2.7441
    2326       2.4533
    2327       2.4009
    2328       2.5074
    2329       2.5803
    2330       2.7052
    2331       2.7560
    2332       2.9103
    2333       2.6282
    2334       2.4422
    2335       2.6857
    2336       2.8480
    2337       3.0039
    2338       3.1214
    2339       3.1504
    2340       2.9571
    2341       2.6931
    2342       2.6747
    2343       2.5908
    2344       2.7084
    2345       2.7229
    2346       2.5798
    2347       2.5974
    2348       2.6544
    2349       2.6544
    2350       2.8116
    2351       2.6434
    2352       2.4292
    2353       2.5550
    2354       2.3793
    2355       2.1868
    2356       2.2617
    2357       2.2191
    2358       2.2313
    2359       2.3080
    2360       2.2497
    2361       2.3086
    2362       2.3161
    2363       2.3153
    2364       2.2534
    2365       2.4225
    2366       2.4409
    2367       2.4291
    2368       2.3861
    2369       2.5274
    2370       2.6071
    2371       2.3841
    2372       2.2870
    2373       2.4476
    2374       2.3936
    2375       2.3749
    2376       2.4099
    2377       2.3470
    2378       2.3901
    2379       2.4737
    2380       2.4161
    2381       2.5425
    2382       2.2362
    2383       2.1180
    2384       2.2939
    2385       2.4746
    2386       2.6881
    2387       2.6184
    2388       2.5995
    2389       2.5671
    2390       2.7437
    2391       2.6842
    2392       2.8033
    2393       2.7616
    2394       2.4513
    2395       2.5885
    2396       2.5685
    2397       2.7551
    2398       2.6965
    2399       2.6588
    2400       2.5117
    2401       2.4113
    2402       2.3021
    2403       2.1979
    2404       2.0579
    2405       2.1634
    2406       2.0153
    2407       2.0754
    2408       2.1250
    2409       2.2049
    2410       2.2050
    2411       1.9829
    2412       1.9727
    2413       2.0059
    2414       1.9338
    2415       1.9492
    2416       1.9047
    2417       1.8949
    2418       1.9868
    2419       1.8173
    2420       1.8885
    2421       2.0336
    2422       2.0335
    2423       2.0098
    2424       1.9405
    2425       1.8854
    2426       2.0020
    2427       2.1356
    2428       2.1943
    2429       2.3676
    2430       2.2263
    2431       2.1596
    2432       2.0265
    2433       2.0476
    2434       2.0020
    2435       1.9553
    2436       1.9879
    2437       1.9110
    2438       2.0595
    2439       1.8276
    2440       1.8585
    2441       1.8151
    2442       1.9590
    2443       1.8964
    2444       1.9803
    2445       1.8738
    2446       1.8727
    2447       2.1045
    2448       2.1069
    2449       2.0810
    2450       2.1022
    2451       2.0870
    2452       2.2727
    2453       2.4027
    2454       2.3708
    2455       2.3937
    2456       2.3356
    2457       2.5603
    2458       2.4680
    2459       2.3587
    2460       2.3954
    2461       2.4369
    2462       2.3856
    2463       2.4135
    2464       2.5696
    2465       2.5479
    2466       2.4624
    2467       2.4888
    2468       2.5892
    2469       2.3471
    2470       2.3403
    2471       2.4701
    2472       2.5931
    2473       2.5835
    2474       2.7313
    2475       2.7370
    2476       2.6962
    2477       2.7754
    2478       2.8129
    2479       2.8817
    2480       2.6240
    2481       2.5522
    2482       2.7221
    2483       2.6071
    2484       2.5013
    2485       2.6329
    2486       2.5433
    2487       2.7328
    2488       2.5302
    2489       2.4945
    2490       2.6721
    2491       2.3130
    2492       2.3115
    2493       2.3245
    2494       2.4476
    2495       2.3586
    2496       2.6331
    2497       2.5665
    2498       2.4555
    2499       2.2978
    2500       2.0650
    2501       2.2715
    2502       2.3795
    2503       2.2972
    2504       2.3815
    2505       2.3205
    2506       2.2855
    2507       2.2510
    2508       2.2484
    2509       2.2298
    2510       2.0110
    2511       1.9009
    2512       2.0015
    2513       1.9850
    2514       2.0040
    2515       1.9754
    2516       1.9842
    2517       1.9045
    2518       1.9355
    2519       2.0515
    2520       2.1383
    2521       2.1006
    2522       2.1331
    2523       2.3830
    2524       2.3101
    2525       2.2652
    2526       2.1099
    2527       2.1582
    2528       2.1898
    2529       1.9944
    2530       1.9661
    2531       2.2095
    2532       2.0681
    2533       1.8826
    2534       2.0413
    2535       2.3946
    2536       2.4276
    2537       2.3541
    2538       2.4324
    2539       2.5536
    2540       2.4710
    2541       2.3189
    2542       2.3848
    2543       2.4373
    2544       2.5111
    2545       2.6914
    2546       2.7379
    2547       2.5509
    2548       2.4213
    2549       2.3942
    2550       2.5863
    2551       2.2959
    2552       2.3862
    2553       2.3923
    2554       2.5310
    2555       2.5197
    2556       2.2867
    2557       2.3111
    2558       2.4692
    2559       2.4068
    2560       2.2517
    2561       2.3147
    2562       2.4183
    2563       2.4951
    2564       2.6283
    2565       2.5170
    2566       2.4238
    2567       2.3901
    2568       2.4199
    2569       2.5077
    2570       2.5131
    2571       2.5499
    2572       2.3650
    2573       2.4062
    2574       2.5834
    2575       2.4963
    2576       2.5492
    2577       2.6999
    2578       2.6975
    2579       2.9400
    2580       2.7057
    2581       2.5182
    2582       2.3715
    2583       2.4803
    2584       2.3818
    2585       2.2153
    2586       1.9721
    2587       2.2351
    2588       2.1949
    2589       2.2974
    2590       2.3741
    2591       2.5055
    2592       2.4132
    2593       2.3210
    2594       2.4185
    2595       2.3271
    2596       2.3093
    2597       2.3613
    2598       2.5114
    2599       2.5857
    2600       2.6529
    2601       2.5473
    2602       2.3494
    2603       2.1804
    2604       2.1061
    2605       2.1142
    2606       2.1211
    2607       2.1748
    2608       2.1429
    2609       2.0962
    2610       2.0639
    2611       2.0595
    2612       1.9597
    2613       2.1129
    2614       2.1921
    2615       2.2816
    2616       2.2871
    2617       2.1875
    2618       2.3072
    2619       2.3338
    2620       2.4152
    2621       2.6058
    2622       2.6301
    2623       2.6547
    2624       2.6165
    2625       2.4058
    2626       2.2533
    2627       2.0905
    2628       2.1744
    2629       2.2066
    2630       2.0085
    2631       2.2140
    2632       2.0585
    2633       2.1722
    2634       2.1749
    2635       2.2054
    2636       2.0933
    2637       1.9441
    2638       2.0616
    2639       1.8672
    2640       1.9696
    2641       2.0744
    2642       2.0874
    2643       2.1000
    2644       2.1388
    2645       2.0118
    2646       2.0695
    2647       2.0759
    2648       2.1549
    2649       2.0128
    2650       1.8133
    2651       1.8922
    2652       1.9956
    2653       2.1213
    2654       2.1076
    2655       2.2117
    2656       2.2641
    2657       1.9920
    2658       2.0104
    2659       2.0093
    2660       2.0279
    2661       2.1442
    2662       2.2282
    2663       2.0714
    2664       2.0296
    2665       2.1137
    2666       2.2036
    2667       2.2594
    2668       2.4115
    2669       2.5975
    2670       2.5350
    2671       2.4040
    2672       2.5368
    2673       2.4736
    2674       2.6600
    2675       2.7682
    2676       2.6164
    2677       2.5305
    2678       2.4939
    2679       2.4308
    2680       2.4815
    2681       2.3893
    2682       2.3699
    2683       2.3684
    2684       2.4179
    2685       2.3908
    2686       2.4944
    2687       2.3006
    2688       2.2954
    2689       2.2333
    2690       2.3097
    2691       2.3041
    2692       2.3691
    2693       2.6777
    2694       2.4169
    2695       2.4976
    2696       2.3579
    2697       2.4619
    2698       2.5195
    2699       2.5900
    2700       2.7185
    2701       2.6848
    2702       2.5534
    2703       2.2916
    2704       2.2684
    2705       2.2221
    2706       2.2217
    2707       2.2396
    2708       2.3098
    2709       2.1975
    2710       2.4127
    2711       2.3398
    2712       2.2349
    2713       1.9812
    2714       2.0404
    2715       1.9860
    2716       2.0752
    2717       2.0369
    2718       2.0377
    2719       2.0146
    2720       2.0988
    2721       1.8658
    2722       1.8337
    2723       1.8778
    2724       2.0076
    2725       1.9285
    2726       1.7420
    2727       1.8175
    2728       1.8480
    2729       1.8875
    2730       1.8759
    2731       1.6990
    2732       1.8025
    2733       1.8232
    2734       1.7088
    2735       1.7308
    2736       1.7381
    2737       1.8598
    2738       1.9013
    2739       1.9328
    2740       1.7862
    2741       1.6733
    2742       1.6405
    2743       1.8035
    2744       1.8751
    2745       1.7822
    2746       1.9920
    2747       1.7206
    2748       1.7385
    2749       1.9308
    2750       1.7082
    2751       1.8320
    2752       1.8170
    2753       1.8917
    2754       1.7384
    2755       1.9277
    2756       2.0285
    2757       2.2465
    2758       2.1981
    2759       2.1391
    2760       2.3034
    2761       2.2284
    2762       2.0387
    2763       2.0449
    2764       2.0637
    2765       1.9129
    2766       1.8396
    2767       2.1099
    2768       2.1151
    2769       2.0858
    2770       2.0597
    2771       2.0675
    2772       2.0374
    2773       2.1940
    2774       2.3109
    2775       2.0811
    2776       1.9988
    2777       2.0357
    2778       2.0995
    2779       2.0806
    2780       2.0324
    2781       1.9332
    2782       2.0715
    2783       2.1183
    2784       2.1887
    2785       2.0696
    2786       2.0515
    2787       1.8809
    2788       1.8761
    2789       1.9985
    2790       1.9828
    2791       1.9730
    2792       2.0259
    2793       1.8831
    2794       1.7860
    2795       1.7706
    2796       1.8698
    2797       1.9758
    2798       2.0115
    2799       1.9286
    2800       1.9823
    2801       1.8667
    2802       1.8896
    2803       2.0015
    2804       2.0364
    2805       1.8268
    2806       1.8898
    2807       1.8961
    2808       1.8833
    2809       1.9345
    2810       1.9369
    2811       1.9499
    2812       2.0497
    2813       2.1112
    2814       2.0155
    2815       2.0182
    2816       2.2302
    2817       2.3625
    2818       2.4396
    2819       2.4202
    2820       2.6785
    2821       2.4810
    2822       2.4491
    2823       2.3988
    2824       2.4026
    2825       2.4916
    2826       2.5685
    2827       2.6176
    2828       2.6216
    2829       2.4363
    2830       2.3656
    2831       2.4365
    2832       2.3786
    2833       2.3426
    2834       2.4620
    2835       2.4049
    2836       2.3381
    2837       2.3562
    2838       2.3071
    2839       2.4248
    2840       2.1689
    2841       2.2809
    2842       2.5541
    2843       2.5703
    2844       2.5640
    2845       2.4898
    2846       2.4863
    2847       2.1766
    2848       2.1381
    2849       2.1569
    2850       2.1504
    2851       2.2652
    2852       2.1883
    2853       2.3023
    2854       2.3488
    2855       2.3566
    2856       2.2954
    2857       2.1992
    2858       2.4085
    2859       2.3891
    2860       2.6602
    2861       2.4138
    2862       2.4085
    2863       2.4532
    2864       2.3466
    2865       2.6084
    2866       2.4281
    2867       2.4367
    2868       2.4670
    2869       2.4252
    2870       2.4692
    2871       2.3429
    2872       2.4273
    2873       2.1793
    2874       2.0993
    2875       2.2195
    2876       2.1349
    2877       2.1926
    2878       2.1265
    2879       2.1798
    2880       2.0054
    2881       2.0933
    2882       2.1504
    2883       2.0880
    2884       2.1506
    2885       2.1609
    2886       2.3125
    2887       2.4329
    2888       2.5007
    2889       2.3007
    2890       2.3622
    2891       2.2908
    2892       2.1365
    2893       2.2670
    2894       2.1566
    2895       2.2181
    2896       2.1573
    2897       2.0056
    2898       1.9517
    2899       2.0292
    2900       2.1514
    2901       2.1583
    2902       2.0485
    2903       1.8719
    2904       1.9753
    2905       1.8997
    2906       2.1416
    2907       2.0577
    2908       1.9878
    2909       1.8019
    2910       1.7637
    2911       1.9426
    2912       2.0361
    2913       2.3789
    2914       2.1240
    2915       2.1358
    2916       2.3408
    2917       2.1476
    2918       2.2146
    2919       2.1569
    2920       2.2478
    2921       2.0721
    2922       2.0444
    2923       1.9183
    2924       2.1015
    2925       2.1572
    2926       2.0311
    2927       2.0028
    2928       2.1725
    2929       2.3233
    2930       2.3067
    2931       2.1982
    2932       2.1032
    2933       2.3427
    2934       2.3101
    2935       1.9849
    2936       1.8766
    2937       1.9656
    2938       2.0074
    2939       2.1743
    2940       2.1948
    2941       2.1600
    2942       2.1063
    2943       2.1795
    2944       2.2136
    2945       2.2944
    2946       2.1379
    2947       2.0890
    2948       2.1103
    2949       2.1099
    2950       2.2119
    2951       2.3991
    2952       2.4234
    2953       2.3552
    2954       2.3573
    2955       2.1416
    2956       2.1561
    2957       2.2262
    2958       2.1764
    2959       2.2930
    2960       2.2641
    2961       2.3207
    2962       2.3109
    2963       2.5036
    2964       2.5765
    2965       2.5133
    2966       2.2301
    2967       2.4875
    2968       2.5398
    2969       2.5243
    2970       2.2778
    2971       2.3164
    2972       2.3958
    2973       2.3989
    2974       2.3646
    2975       2.2073
    2976       2.1072
    2977       2.2242
    2978       2.1878
    2979       2.4354
    2980       2.2780
    2981       1.9616
    2982       1.9979
    2983       2.0800
    2984       2.1007
    2985       2.2050
    2986       2.1506
    2987       2.0595
    2988       2.1279
    2989       2.0805
    2990       1.9938
    2991       2.0589
    2992       2.2282
    2993       2.2814
    2994       2.0906
    2995       2.0852
    2996       2.0772
    2997       2.1805
    2998       2.1339
    2999       2.2204
    3000       2.0987
    3001       2.2085
    3002       2.1357
    3003       1.9122
    3004       2.0618
    3005       2.1160
    3006       2.0823
    3007       2.1960
    3008       2.1961
    3009       2.1615
    3010       2.2108
    3011       2.3353
    3012       2.2270
    3013       1.9849
    3014       2.1471
    3015       2.1206
    3016       2.0343
    3017       2.0960
    3018       2.3054
    3019       2.1917
    3020       2.5012
    3021       2.5962
    3022       2.5715
    3023       2.4441
    3024       2.5600
    3025       2.3878
    3026       2.4539
    3027       2.4477
    3028       2.4665
    3029       2.3663
    3030       2.3719
    3031       2.4746
    3032       2.5308
    3033       2.3644
    3034       2.2538
    3035       2.1336
    3036       2.2908
    3037       2.2721
    3038       2.1045
    3039       2.1778
    3040       2.1752
    3041       2.1082
    3042       2.1438
    3043       2.3044
    3044       2.1165
    3045       2.1526
    3046       2.2320
    3047       2.2700
    3048       2.3946
    3049       2.2181
    3050       2.0586
    3051       1.9661
    3052       1.9166
    3053       1.8392
    3054       1.8809
    3055       1.9473
    3056       1.9879
    3057       1.9607
    3058       2.0352
    3059       2.0145
    3060       2.0492
    3061       2.1754
    3062       2.0974
    3063       2.0838
    3064       2.0903
    3065       2.1695
    3066       2.0824
    3067       2.1538
    3068       2.1511
    3069       2.2338
    3070       2.3494
    3071       2.3268
    3072       2.3364
    3073       2.4213
    3074       2.2510
    3075       2.0870
    3076       2.1864
    3077       2.1009
    3078       2.2389
    3079       2.1551
    3080       2.0300
    3081       2.1536
    3082       2.1595
    3083       2.2164
    3084       2.0659
    3085       2.1311
    3086       2.0313
    3087       2.2164
    3088       2.3131
    3089       2.2315
    3090       2.4114
    3091       2.3585
    3092       2.3696
    3093       2.3631
    3094       2.2144
    3095       2.1762
    3096       2.1284
    3097       2.2287
    3098       2.1533
    3099       2.1560
    3100       2.0933
    3101       2.1907
    3102       2.3423
    3103       2.2420
    3104       2.2736
    3105       2.3655
    3106       2.5250
    3107       2.3292
    3108       2.2585
    3109       2.2220
    3110       2.2679
    3111       2.2348
    3112       2.2863
    3113       2.3593
    3114       2.4215
    3115       2.6226
    3116       2.3671
    3117       2.3571
    3118       2.3497
    3119       2.3872
    3120       2.4607
    3121       2.5225
    3122       2.4663
    3123       2.4798
    3124       2.5372
    3125       2.3692
    3126       2.2796
    3127       2.3348
    3128       2.2880
    3129       2.2499
    3130       2.1272
    3131       2.3793
    3132       2.0841
    3133       2.2987
    3134       2.1398
    3135       2.2515
    3136       2.1172
    3137       2.0591
    3138       2.0754
    3139       2.0172
    3140       1.8150
    3141       1.9994
    3142       2.0273
    3143       2.0137
    3144       2.1712
    3145       2.3003
    3146       2.3775
    3147       2.2905
    3148       2.1914
    3149       2.2961
    3150       2.1981
    3151       2.0828
    3152       2.0110
    3153       2.1192
    3154       2.1058
    3155       2.1314
    3156       2.3894
    3157       2.3616
    3158       2.4315
    3159       2.5191
    3160       2.5680
    3161       2.2744
    3162       2.2039
    3163       2.2021
    3164       2.0538
    3165       2.0808
    3166       2.1487
    3167       2.3179
    3168       2.3040
    3169       2.2762
    3170       2.1473
    3171       2.0757
    3172       1.9596
    3173       2.0752
    3174       2.0467
    3175       1.9404
    3176       2.2033
    3177       2.1747
    3178       2.1588
    3179       2.2986
    3180       2.3819
    3181       2.2196
    3182       2.2624
    3183       2.2376
    3184       2.2386
    3185       2.2508
    3186       2.2736
    3187       2.4477
    3188       2.2662
    3189       2.1454
    3190       2.3100
    3191       2.4474
    3192       2.4375
    3193       2.3720
    3194       2.3746
    3195       2.3814
    3196       2.5733
    3197       2.4090
    3198       2.2615
    3199       2.1768
    3200       2.2589
    3201       2.4959
    3202       2.6163
    3203       2.4586
    3204       2.4168
    3205       2.3048
    3206       2.4145
    3207       2.3766
    3208       2.5395
    3209       2.5598
    3210       2.4619
    3211       2.4919
    3212       2.3776
    3213       2.6798
    3214       2.5415
    3215       2.4946
    3216       2.5415
    3217       2.5062
    3218       2.3998
    3219       2.4124
    3220       2.3807
    3221       2.5129
    3222       2.4245
    3223       2.4854
    3224       2.5145
    3225       2.2963
    3226       2.3576
    3227       2.1173
    3228       2.1701
    3229       2.2577
    3230       2.0915
    3231       2.3807
    3232       2.3644
    3233       2.2418
    3234       2.4569
    3235       2.4423
    3236       2.3056
    3237       2.3275
    3238       2.2400
    3239       2.2703
    3240       2.2914
    3241       2.2871
    3242       2.1753
    3243       2.2283
    3244       2.3455
    3245       2.4841
    3246       2.5116
    3247       2.4163
    3248       2.3182
    3249       2.0548
    3250       1.9077
    3251       1.9253
    3252       2.0145
    3253       2.1483
    3254       2.3157
    3255       2.3249
    3256       2.1114
    3257       2.0322
    3258       1.9534
    3259       2.0607
    3260       1.9421
    3261       2.2708
    3262       2.2569
    3263       2.3199
    3264       2.2451
    3265       2.1607
    3266       1.9776
    3267       1.9188
    3268       1.9289
    3269       2.1473
    3270       2.3523
    3271       2.2686
    3272       2.1335
    3273       2.1363
    3274       2.2931
    3275       2.2482
    3276       2.3796
    3277       2.3536
    3278       2.2577
    3279       2.4029
    3280       2.3186
    3281       2.2653
    3282       2.2104
    3283       2.1347
    3284       2.2774
    3285       2.3938
    3286       2.2724
    3287       2.2146
    3288       2.1715
    3289       2.2829
    3290       2.0912
    3291       2.0569
    3292       2.1044
    3293       2.0146
    3294       1.8727
    3295       2.1720
    3296       1.9793
    3297       2.0384
    3298       2.1260
    3299       2.1912
    3300       2.1413
    3301       1.9576
    3302       2.1072
    3303       2.1557
    3304       2.3900
    3305       2.3037
    3306       2.1232
    3307       2.2802
    3308       2.2060
    3309       2.1515
    3310       2.0839
    3311       2.0476
    3312       2.1662
    3313       2.2452
    3314       2.7292
    3315       2.4771
    3316       2.4190
    3317       2.4241
    3318       2.4805
    3319       2.3702
    3320       2.5657
    3321       2.5348
    3322       2.5640
    3323       2.4171
    3324       2.1793
    3325       2.3455
    3326       2.5727
    3327       2.4762
    3328       2.2382
    3329       2.3397
    3330       2.2657
    3331       2.2648
    3332       2.2037
    3333       2.2270
    3334       2.3836
    3335       2.4814
    3336       2.4296
    3337       2.1935
    3338       2.1469
    3339       1.9433
    3340       2.1707
    3341       2.2921
    3342       2.5820
    3343       2.4470
    3344       2.3335
    3345       2.2402
    3346       2.6992
    3347       2.6217
    3348       2.4687
    3349       2.4885
    3350       2.2435
    3351       2.1883
    3352       2.2305
    3353       2.3411
    3354       2.4977
    3355       2.2149
    3356       2.3491
    3357       2.2746
    3358       2.2451
    3359       2.1859
    3360       2.1813
    3361       2.1212
    3362       2.0390
    3363       2.1562
    3364       2.0202
    3365       2.0028
    3366       2.0016
    3367       2.0672
    3368       1.9762
    3369       2.0962
    3370       2.0227
    3371       2.1594
    3372       2.4853
    3373       2.2393
    3374       2.3261
    3375       2.4785
    3376       2.2738
    3377       2.1410
    3378       2.2232
    3379       2.3275
    3380       2.4512
    3381       2.2483
    3382       2.1709
    3383       2.2055
    3384       2.1873
    3385       2.3207
    3386       2.3181
    3387       2.2970
    3388       2.1855
    3389       2.2414
    3390       2.3196
    3391       2.3733
    3392       2.4956
    3393       2.5629
    3394       2.0132
    3395       2.3095
    3396       2.3249
    3397       2.2606
    3398       2.5052
    3399       2.2734
    3400       2.1210
    3401       2.2590
    3402       2.4101
    3403       2.4354
    3404       2.5035
    3405       2.4116
    3406       2.5115
    3407       2.2230
    3408       2.1243
    3409       2.1565
    3410       2.2199
    3411       2.2765
    3412       2.4049
    3413       2.1129
    3414       2.1753
    3415       2.1180
    3416       2.1381
    3417       2.2465
    3418       2.3015
    3419       2.2383
    3420       2.3475
    3421       2.1898
    3422       2.2248
    3423       2.0628
    3424       2.2033
    3425       2.2426
    3426       2.5042
    3427       2.5453
    3428       2.3278
    3429       2.3830
    3430       2.3226
    3431       2.4300
    3432       2.3596
    3433       2.1741
    3434       2.1032
    3435       2.2818
    3436       2.2035
    3437       2.3532
    3438       2.4553
    3439       2.3049
    3440       2.3877
    3441       2.2551
    3442       2.3642
    3443       2.4787
    3444       2.4660
    3445       2.4723
    3446       2.2222
    3447       2.3733
    3448       2.6598
    3449       2.5115
    3450       2.6345
    3451       2.7290
    3452       2.5827
    3453       2.8066
    3454       2.6670
    3455       2.6102
    3456       2.5751
    3457       2.4423
    3458       2.3492
    3459       2.2438
    3460       2.3250
    3461       2.2854
    3462       2.4833
    3463       2.3573
    3464       2.4404
    3465       2.5889
    3466       2.7202
    3467       2.6397
    3468       2.5109
    3469       2.6742
    3470       2.6169
    3471       2.6725
    3472       2.6563
    3473       2.8842
    3474       2.5846
    3475       2.4850
    3476       2.5377
    3477       2.5307
    3478       2.5640
    3479       2.4018
    3480       2.5051
    3481       2.3860
    3482       2.4228
    3483       2.5912
    3484       2.5011
    3485       2.3060
    3486       2.3145
    3487       2.0960
    3488       2.2172
    3489       2.1594
    3490       2.1976
    3491       2.1777
    3492       2.2444
    3493       2.1411
    3494       2.0886
    3495       2.2503
    3496       2.3759
    3497       2.4653
    3498       2.3213
    3499       2.1948
    3500       2.0627
    3501       1.8480
    3502       1.9089
    3503       2.0829
    3504       1.8911
    3505       2.0105
    3506       2.0810
    3507       2.0955
    3508       1.8879
    3509       1.8283
    3510       1.9673
    3511       1.9867
    3512       1.8517
    3513       1.9264
    3514       1.9911
    3515       2.0655
    3516       2.0872
    3517       1.9988
    3518       1.9662
    3519       1.8794
    3520       1.7004
    3521       1.7123
    3522       1.7646
    3523       1.8764
    3524       1.9445
    3525       1.9495
    3526       2.0778
    3527       2.1173
    3528       2.1935
    3529       2.2082
    3530       2.2988
    3531       2.2262
    3532       2.2457
    3533       2.4252
    3534       2.1703
    3535       2.2044
    3536       1.9825
    3537       2.0845
    3538       2.0396
    3539       1.9807
    3540       2.2124
    3541       2.2322
    3542       2.2933
    3543       2.3963
    3544       2.1559
    3545       2.1037
    3546       2.2038
    3547       2.4387
    3548       2.3438
    3549       2.2416
    3550       2.3340
    3551       2.3517
    3552       2.1517
    3553       2.0999
    3554       1.9626
    3555       1.9875
    3556       2.0326
    3557       2.2659
    3558       2.2492
    3559       2.1193
    3560       2.1080
    3561       2.2339
    3562       2.1681
    3563       2.2126
    3564       2.3030
    3565       2.3579
    3566       2.4360
    3567       2.2908
    3568       2.3545
    3569       2.6186
    3570       2.3630
    3571       2.3996
    3572       2.3179
    3573       2.2119
    3574       2.4202
    3575       2.3560
    3576       2.3176
    3577       2.4332
    3578       2.5442
    3579       2.4095
    3580       2.2963
    3581       2.1879
    3582       2.1270
    3583       1.9587
    3584       2.1980
    3585       2.0515
    3586       1.9406
    3587       1.8406
    3588       1.9469
    3589       1.9541
    3590       1.7339
    3591       1.7801
    3592       1.7775
    3593       1.7469
    3594       1.7810
    3595       1.9406
    3596       2.2170
    3597       2.2001
    3598       1.9661
    3599       1.8662
    3600       2.0642
    3601       2.0523
    3602       2.0863
    3603       2.0746
    3604       2.1060
    3605       1.9022
    3606       1.8922
    3607       1.9574
    3608       1.8496
    3609       1.6056
    3610       1.5591
    3611       1.6466
    3612       1.7081
    3613       1.8679
    3614       1.8476
    3615       1.9717
    3616       1.9251
    3617       2.0013
    3618       1.8021
    3619       1.8011
    3620       1.9203
    3621       1.9920
    3622       1.8728
    3623       1.9272
    3624       1.8986
    3625       1.8996
    3626       2.0463
    3627       1.7663
    3628       1.7704
    3629       1.9506
    3630       1.7758
    3631       1.7896
    3632       1.6657
    3633       1.7960
    3634       1.9505
    3635       1.7882
    3636       1.8811
    3637       1.8580
    3638       2.0173
    3639       2.0575
    3640       1.9910
    3641       2.1373
    3642       1.9088
    3643       1.9187
    3644       1.8808
    3645       1.7417
    3646       1.9956
    3647       1.9538
    3648       2.1511
    3649       2.1885
    3650       2.2709
    3651       2.1482
    3652       2.1942
    3653       2.1864
    3654       2.1440
    3655       2.2753
    3656       2.2199
    3657       2.1483
    3658       2.2430
    3659       2.0639
    3660       2.0541
    3661       2.1336
    3662       2.1760
    3663       2.0946
    3664       2.1621
    3665       1.9152
    3666       1.9827
    3667       1.8174
    3668       1.8682
    3669       1.8484
    3670       1.6832
    3671       1.7991
    3672       1.7670
    3673       1.9164
    3674       1.8520
    3675       1.8580
    3676       1.7933
    3677       1.9641
    3678       1.8193
    3679       1.8434
    3680       1.7735
    3681       1.8648
    3682       1.8812
    3683       2.0790
    3684       1.9410
    3685       1.8611
    3686       1.8633
    3687       2.0634
    3688       1.9569
    3689       2.0041
    3690       1.9940
    3691       1.8975
    3692       1.9552
    3693       2.1818
    3694       2.0293
    3695       2.0267
    3696       2.0878
    3697       2.0464
    3698       2.0604
    3699       2.2436
    3700       2.1503
    3701       2.0199
    3702       2.0204
    3703       1.9290
    3704       1.9521
    3705       1.9888
    3706       1.9584
    3707       1.9853
    3708       1.8538
    3709       1.7935
    3710       1.7561
    3711       1.7463
    3712       1.9269
    3713       1.9882
    3714       1.9644
    3715       1.9266
    3716       1.7303
    3717       1.6997
    3718       1.6731
    3719       1.6930
    3720       2.0171
    3721       2.0025
    3722       2.0257
    3723       1.9181
    3724       1.9536
    3725       1.8056
    3726       1.9802
    3727       2.1623
    3728       2.1902
    3729       2.0492
    3730       1.9572
    3731       1.8871
    3732       1.9214
    3733       2.1129
    3734       2.1004
    3735       1.9363
    3736       2.0152
    3737       2.0601
    3738       2.1034
    3739       1.9473
    3740       2.0398
    3741       1.8830
    3742       1.9923
    3743       1.8933
    3744       1.9796
    3745       2.1575
    3746       2.2568
    3747       2.1405
    3748       2.1148
    3749       2.2249
    3750       2.2071
    3751       1.9910
    3752       1.9285
    3753       1.9941
    3754       1.8259
    3755       1.8765
    3756       1.8185
    3757       1.7777
    3758       1.8777
    3759       1.7897
    3760       1.9918
    3761       1.9802
    3762       1.9570
    3763       2.0030
    3764       2.2109
    3765       2.0265
    3766       1.9090
    3767       2.1000
    3768       2.3326
    3769       2.2611
    3770       2.2346
    3771       2.0836
    3772       2.1887
    3773       1.8773
    3774       1.9287
    3775       2.2179
    3776       2.0911
    3777       2.0407
    3778       2.1368
    3779       2.1480
    3780       2.4832
    3781       2.4360
    3782       2.3840
    3783       2.1489
    3784       2.0588
    3785       2.0799
    3786       2.0156
    3787       2.0696
    3788       2.0977
    3789       2.1999
    3790       1.9881
    3791       1.9172
    3792       1.9075
    3793       2.0562
    3794       2.0135
    3795       1.9455
    3796       1.8211
    3797       1.9115
    3798       2.1332
    3799       2.1391
    3800       2.2722
    3801       2.3577
    3802       2.2949
    3803       2.3289
    3804       2.3024
    3805       2.4123
    3806       2.3496
    3807       2.3643
    3808       2.3687
    3809       2.3388
    3810       2.5246
    3811       2.5068
    3812       2.3555
    3813       2.2761
    3814       2.2171
    3815       2.2120
    3816       2.2707
    3817       2.2015
    3818       2.1435
    3819       2.0691
    3820       2.1572
    3821       2.2420
    3822       2.2200
    3823       2.2886
    3824       2.2411
    3825       2.1682
    3826       2.0491
    3827       2.1714
    3828       2.2437
    3829       2.0525
    3830       2.1503
    3831       2.1718
    3832       2.1966
    3833       1.9895
    3834       2.2068
    3835       2.2251
    3836       2.2000
    3837       2.1901
    3838       2.2645
    3839       2.2101
    3840       2.0810
    3841       2.1820
    3842       2.2738
    3843       2.1647
    3844       2.2534
    3845       2.3806
    3846       2.4585
    3847       2.5833
    3848       2.4795
    3849       2.3571
    3850       2.1851
    3851       2.1689
    3852       2.0398
    3853       1.9403
    3854       2.1151
    3855       2.0316
    3856       1.9551
    3857       2.0640
    3858       2.0950
    3859       2.1567
    3860       2.0512
    3861       2.0386
    3862       2.0278
    3863       2.0923
    3864       2.1512
    3865       1.9811
    3866       2.1606
    3867       1.8891
    3868       2.1582
    3869       2.2765
    3870       2.0722
    3871       2.0891
    3872       2.0198
    3873       2.1749
    3874       2.2286
    3875       2.3323
    3876       2.2477
    3877       2.1689
    3878       2.1841
    3879       2.2000
    3880       2.2694
    3881       2.2205
    3882       2.1831
    3883       2.1954
    3884       2.1094
    3885       2.1568
    3886       2.2219
    3887       1.9886
    3888       1.8596
    3889       1.7134
    3890       1.7997
    3891       1.9416
    3892       1.8685
    3893       1.8984
    3894       2.0358
    3895       2.0100
    3896       1.9964
    3897       2.0813
    3898       2.2188
    3899       2.0184
    3900       1.9479
    3901       1.9961
    3902       2.0742
    3903       1.9336
    3904       1.8446
    3905       2.0856
    3906       2.0215
    3907       1.9911
    3908       2.1012
    3909       2.2427
    3910       2.5066
    3911       2.3664
    3912       2.3026
    3913       2.4618
    3914       2.2704
    3915       2.1595
    3916       2.0559
    3917       2.0109
    3918       2.1060
    3919       2.3098
    3920       2.3080
    3921       2.2144
    3922       2.3441
    3923       2.4780
    3924       2.3298
    3925       2.2170
    3926       2.2461
    3927       2.3906
    3928       2.2844
    3929       2.1889
    3930       2.0558
    3931       1.9554
    3932       1.9937
    3933       2.1407
    3934       2.3099
    3935       2.1357
    3936       2.1686
    3937       2.0481
    3938       2.2796
    3939       2.2555
    3940       2.3964
    3941       2.2972
    3942       2.0939
    3943       2.2230
    3944       2.1714
    3945       2.0005
    3946       2.2337
    3947       2.1557
    3948       2.2309
    3949       2.1715
    3950       2.0204
    3951       2.0404
    3952       1.9886
    3953       1.9931
    3954       1.8657
    3955       1.7983
    3956       1.8536
    3957       1.9323
    3958       1.8967
    3959       1.9932
    3960       1.9873
    3961       2.0257
    3962       1.9148
    3963       2.0032
    3964       1.9415
    3965       2.1253
    3966       2.1792
    3967       1.9584
    3968       1.8048
    3969       1.9029
    3970       1.8864
    3971       1.7924
    3972       1.9646
    3973       2.0271
    3974       1.8866
    3975       1.9040
    3976       1.9805
    3977       2.0034
    3978       1.9296
    3979       1.8410
    3980       1.8214
    3981       1.9104
    3982       1.8758
    3983       1.8527
    3984       1.8423
    3985       1.9460
    3986       1.8243
    3987       1.9828
    3988       1.9656
    3989       2.0246
    3990       2.0169
    3991       1.9882
    3992       1.7361
    3993       2.0455
    3994       1.9625
    3995       1.9088
    3996       1.8636
    3997       1.9712
    3998       1.9585
    3999       2.0163
    4000       2.0403
    4001       1.8789
    4002       2.0240
    4003       1.9541
    4004       1.9451
    4005       1.9643
    4006       2.0273
    4007       2.0688
    4008       2.1352
    4009       2.0974
    4010       2.0223
    4011       2.0335
    4012       2.0356
    4013       2.0219
    4014       2.0116
    4015       2.0113
    4016       2.0802
    4017       1.9908
    4018       2.1434
    4019       2.0359
    4020       1.8618
    4021       1.8878
    4022       2.0085
    4023       1.9301
    4024       1.9788
    4025       2.0387
    4026       2.1671
    4027       2.3120
    4028       2.3145
    4029       2.3051
    4030       2.2344
    4031       2.2157
    4032       2.1673
    4033       2.2782
    4034       2.5154
    4035       2.3808
    4036       2.5164
    4037       2.3868
    4038       2.3232
    4039       2.3172
    4040       2.2688
    4041       2.2639
    4042       2.2472
    4043       2.4549
    4044       2.3709
    4045       2.2277
    4046       2.2799
    4047       2.0621
    4048       1.9874
    4049       2.1287
    4050       1.8957
    4051       1.9856
    4052       1.9736
    4053       1.9510
    4054       1.8703
    4055       1.8113
    4056       1.8169
    4057       1.8676
    4058       1.9350
    4059       1.8688
    4060       1.7798
    4061       1.9959
    4062       2.1405
    4063       2.1869
    4064       2.0678
    4065       2.0510
    4066       2.0013
    4067       2.0141
    4068       1.9652
    4069       2.1544
    4070       2.2574
    4071       2.2688
    4072       2.2532
    4073       2.3153
    4074       2.2568
    4075       2.1189
    4076       2.2209
    4077       2.3829
    4078       2.4855
    4079       2.4445
    4080       2.6604
    4081       2.4870
    4082       2.5504
    4083       2.4162
    4084       2.5573
    4085       2.4481
    4086       2.3782
    4087       2.3907
    4088       2.4157
    4089       2.5999
    4090       2.6110
    4091       2.6498
    4092       2.5459
    4093       2.5040
    4094       2.1347
    4095       2.1162
    4096       2.1221
    4097       2.3583
    4098       2.3126
    4099       2.3865
    4100       2.1832
    4101       2.1429
    4102       2.3802
    4103       2.3818
    4104       2.2312
    4105       2.2705
    4106       2.1450
    4107       2.2388
    4108       2.1617
    4109       2.1079
    4110       2.1669
    4111       2.2044
    4112       2.4074
    4113       2.4166
    4114       2.3478
    4115       2.2198
    4116       2.0131
    4117       1.9823
    4118       1.9627
    4119       1.9133
    4120       1.9328
    4121       2.0276
    4122       2.1297
    4123       2.1809
    4124       2.2123
    4125       2.2032
    4126       2.1381
    4127       2.1947
    4128       2.1705
    4129       1.9685
    4130       1.9115
    4131       2.0348
    4132       1.9475
    4133       1.7940
    4134       1.8368
    4135       1.9531
    4136       1.9550
    4137       2.1070
    4138       2.0260
    4139       2.0082
    4140       2.0777
    4141       2.1736
    4142       2.0648
    4143       2.0315
    4144       1.9742
    4145       2.0443
    4146       1.9558
    4147       1.9567
    4148       1.8711
    4149       1.8671
    4150       1.7623
    4151       1.7039
    4152       1.6630
    4153       1.7224
    4154       1.8768
    4155       1.9762
    4156       2.0124
    4157       2.0343
    4158       1.9265
    4159       1.9493
    4160       1.8563
    4161       1.9459
    4162       1.8648
    4163       1.9653
    4164       1.9470
    4165       2.0580
    4166       2.0601
    4167       2.0511
    4168       2.1173
    4169       2.0420
    4170       1.9628
    4171       2.0952
    4172       2.0517
    4173       2.0952
    4174       2.1426
    4175       2.2394
    4176       2.1357
    4177       1.9792
    4178       2.1542
    4179       2.0941
    4180       2.2128
    4181       2.3931
    4182       2.3299
    4183       2.3323
    4184       2.2831
    4185       2.3046
    4186       2.2753
    4187       2.2295
    4188       2.2246
    4189       2.3110
    4190       2.2268
    4191       2.1468
    4192       2.2250
    4193       2.2952
    4194       2.3226
    4195       2.3724
    4196       2.4094
    4197       2.2511
    4198       2.3945
    4199       2.2566
    4200       2.0868
    4201       2.0462
    4202       2.1121
    4203       2.0611
    4204       2.0216
    4205       1.9746
    4206       2.1139
    4207       2.1469
    4208       2.0565
    4209       2.0546
    4210       2.0230
    4211       1.9014
    4212       1.9946
    4213       1.9946
    4214       1.9543
    4215       1.9761
    4216       2.0210
    4217       1.9085
    4218       2.2611
    4219       2.2570
    4220       2.0891
    4221       2.1541
    4222       2.1564
    4223       2.0730
    4224       2.1558
    4225       2.2751
    4226       2.0738
    4227       2.1116
    4228       2.0940
    4229       2.1368
    4230       2.3073
    4231       2.3249
    4232       2.2207
    4233       2.0884
    4234       2.0896
    4235       2.1730
    4236       2.2013
    4237       2.3472
    4238       2.2871
    4239       2.2758
    4240       2.3549
    4241       2.4883
    4242       2.2600
    4243       2.4502
    4244       2.3701
    4245       2.2215
    4246       2.2393
    4247       2.4661
    4248       2.5427
    4249       2.5533
    4250       2.6074
    4251       2.5610
    4252       2.5891
    4253       2.7327
    4254       2.6423
    4255       2.5798
    4256       2.3724
    4257       2.4354
    4258       2.5514
    4259       2.4114
    4260       2.3432
    4261       2.4802
    4262       2.4836
    4263       2.5600
    4264       2.4376
    4265       2.7002
    4266       2.6728
    4267       2.6254
    4268       2.4943
    4269       2.5509
    4270       2.5232
    4271       2.3614
    4272       2.4682
    4273       2.5586
    4274       2.3752
    4275       2.5609
    4276       2.4936
    4277       2.5143
    4278       2.5600
    4279       2.7200
    4280       2.4967
    4281       2.4627
    4282       2.2655
    4283       2.2806
    4284       2.3116
    4285       2.1408
    4286       2.0249
    4287       2.3781
    4288       2.2280
    4289       2.2012
    4290       2.3439
    4291       2.3979
    4292       2.3574
    4293       2.4424
    4294       2.3025
    4295       2.2875
    4296       2.4881
    4297       2.4218
    4298       2.3552
    4299       2.3122
    4300       2.5024
    4301       2.3850
    4302       2.4208
    4303       2.5544
    4304       2.7129
    4305       2.3025
    4306       2.3339
    4307       2.2020
    4308       2.3568
    4309       2.3299
    4310       2.4134
    4311       2.1944
    4312       2.3430
    4313       2.4193
    4314       2.5422
    4315       2.5684
    4316       2.3769
    4317       2.3574
    4318       2.3858
    4319       2.3834
    4320       2.3057
    4321       2.4493
    4322       2.4793
    4323       2.4479
    4324       2.4538
    4325       2.8594
    4326       2.9660
    4327       2.7080
    4328       2.5896
    4329       2.3443
    4330       2.6934
    4331       2.6341
    4332       2.4427
    4333       2.1158
    4334       2.1799
    4335       2.3577
    4336       2.2459
    4337       2.2370
    4338       2.2687
    4339       2.2321
    4340       2.2416
    4341       2.2351
    4342       2.4880
    4343       2.4681
    4344       2.3076
    4345       2.1678
    4346       2.1388
    4347       2.0536
    4348       2.0365
    4349       1.9882
    4350       2.3239
    4351       2.2765
    4352       2.0676
    4353       2.2844
    4354       2.2231
    4355       1.9996
    4356       1.9474
    4357       2.1394
    4358       2.2202
    4359       2.1051
    4360       2.2426
    4361       2.1528
    4362       2.1521
    4363       2.1637
    4364       2.2041
    4365       2.2402
    4366       2.2702
    4367       2.2327
    4368       2.2019
    4369       2.2605
    4370       2.5331
    4371       2.4980
    4372       2.2281
    4373       2.0807
    4374       2.0055
    4375       1.9915
    4376       1.9362
    4377       2.0391
    4378       1.7193
    4379       1.7829
    4380       1.9246
    4381       2.0198
    4382       2.2092
    4383       2.2713
    4384       2.2211
    4385       2.3594
    4386       2.2117
    4387       2.3705
    4388       2.1414
    4389       2.2353
    4390       2.0124
    4391       2.0915
    4392       2.1266
    4393       2.1550
    4394       2.2473
    4395       2.2706
    4396       2.0765
    4397       2.0835
    4398       2.1010
    4399       1.9754
    4400       1.8141
    4401       1.8166
    4402       1.9360
    4403       1.9688
    4404       2.1095
    4405       2.2422
    4406       2.0735
    4407       2.2626
    4408       2.2426
    4409       2.1389
    4410       2.1606
    4411       2.1411
    4412       1.9749
    4413       2.1712
    4414       2.0899
    4415       1.9846
    4416       2.0626
    4417       2.0653
    4418       1.9636
    4419       2.0312
    4420       2.1901
    4421       2.0615
    4422       2.0662
    4423       2.1494
    4424       2.2005
    4425       2.2635
    4426       2.2587
    4427       2.1055
    4428       2.2207
    4429       2.1317
    4430       2.2072
    4431       2.3189
    4432       2.2666
    4433       2.3820
    4434       2.4501
    4435       2.2900
    4436       2.2825
    4437       2.3124
    4438       2.5310
    4439       2.3996
    4440       2.3026
    4441       2.3832
    4442       2.3895
    4443       2.4009
    4444       2.3643
    4445       2.5297
    4446       2.3804
    4447       2.4724
    4448       2.2571
    4449       2.3284
    4450       2.2587
    4451       2.2802
    4452       2.5027
    4453       2.4300
    4454       2.5368
    4455       2.5026
    4456       2.5388
    4457       2.5868
    4458       2.6192
    4459       2.3512
    4460       2.5988
    4461       2.5605
    4462       2.2892
    4463       2.4838
    4464       2.3776
    4465       2.5865
    4466       2.4973
    4467       2.4971
    4468       2.5508
    4469       2.7469
    4470       2.7656
    4471       2.9552
    4472       2.6997
    4473       2.6365
    4474       2.7434
    4475       2.7738
    4476       2.4386
    4477       2.3604
    4478       2.5469
    4479       2.5598
    4480       2.4753
    4481       2.2655
    4482       2.0393
    4483       1.9869
    4484       2.1658
    4485       2.1552
    4486       1.9661
    4487       1.8495
    4488       1.9689
    4489       2.1275
    4490       2.0726
    4491       2.1868
    4492       2.2723
    4493       2.1365
    4494       2.0121
    4495       2.0815
    4496       1.9019
    4497       1.8417
    4498       1.8274
    4499       1.8955
    4500       2.1029
    4501       1.9309
    4502       1.9500
    4503       2.0022
    4504       2.0462
    4505       2.0109
    4506       2.0428
    4507       1.9624
    4508       1.9333
    4509       2.0191
    4510       2.0877
    4511       2.1419
    4512       2.4729
    4513       2.3208
    4514       2.3319
    4515       2.3025
    4516       2.4530
    4517       2.4101
    4518       2.5265
    4519       2.4193
    4520       2.4161
    4521       2.5695
    4522       2.5512
    4523       2.4616
    4524       2.3516
    4525       2.3361
    4526       2.3370
    4527       2.3803
    4528       2.2043
    4529       2.1910
    4530       2.1531
    4531       2.0902
    4532       2.2593
    4533       2.1737
    4534       2.0702
    4535       2.0255
    4536       1.8300
    4537       1.9164
    4538       1.8180
    4539       1.9460
    4540       1.9992
    4541       1.9423
    4542       1.8984
    4543       1.9074
    4544       2.0319
    4545       2.1953
    4546       2.3564
    4547       2.1183
    4548       2.1011
    4549       2.1658
    4550       2.0705
    4551       1.9513
    4552       1.9846
    4553       2.0582
    4554       1.9347
    4555       1.9627
    4556       1.9980
    4557       1.9624
    4558       1.9623
    4559       1.9716
    4560       1.8825
    4561       1.9120
    4562       1.7964
    4563       1.8583
    4564       1.8804
    4565       2.0620
    4566       2.0183
    4567       1.8104
    4568       1.9108
    4569       1.8625
    4570       2.0669
    4571       2.0543
    4572       2.0881
    4573       2.0819
    4574       2.0380
    4575       2.0397
    4576       1.9585
    4577       1.9114
    4578       1.8026
    4579       1.7185
    4580       1.7841
    4581       1.8220
    4582       1.6990
    4583       1.7507
    4584       1.7014
    4585       1.7573
    4586       1.7883
    4587       1.7138
    4588       1.7080
    4589       1.7195
    4590       1.9089
    4591       1.9919
    4592       1.9220
    4593       1.9667
    4594       2.0213
    4595       1.8540
    4596       1.9459
    4597       2.0454
    4598       2.1610
    4599       2.1555
    4600       2.2304
    4601       2.3091
    4602       2.6178
    4603       2.5737
    4604       2.4512
    4605       2.4517
    4606       2.1503
    4607       2.3317
    4608       2.2967
    4609       2.5546
    4610       2.3028
    4611       2.5093
    4612       2.4074
    4613       2.5073
    4614       2.6977
    4615       2.5571
    4616       2.5252
    4617       2.6190
    4618       2.5931
    4619       2.6494
    4620       2.6504
    4621       2.4753
    4622       2.4958
    4623       2.2317
    4624       2.1692
    4625       2.3257
    4626       2.4442
    4627       2.2581
    4628       2.3299
    4629       2.3864
    4630       2.4756
    4631       2.4847
    4632       2.6398
    4633       2.5883
    4634       2.2332
    4635       2.2276
    4636       2.3248
    4637       2.4319
    4638       2.3958
    4639       2.1184
    4640       1.9457
    4641       1.8930
    4642       1.9686
    4643       1.9784
    4644       1.9823
    4645       2.0146
    4646       1.8848
    4647       2.0464
    4648       1.9632
    4649       1.9755
    4650       2.0618
    4651       2.0911
    4652       2.0793
    4653       2.1216
    4654       2.0819
    4655       2.1019
    4656       1.9702
    4657       2.2643
    4658       2.0899
    4659       2.0845
    4660       1.9744
    4661       1.9995
    4662       2.1489
    4663       2.1103
    4664       2.0717
    4665       1.9886
    4666       1.8829
    4667       1.9810
    4668       2.1273
    4669       2.1419
    4670       2.1682
    4671       1.9618
    4672       2.0538
    4673       2.0586
    4674       2.2763
    4675       2.2539
    4676       1.9808
    4677       1.9949
    4678       2.0324
    4679       1.8607
    4680       1.7878
    4681       1.7959
    4682       1.8505
    4683       1.9139
    4684       1.8160
    4685       1.9033
    4686       1.9807
    4687       1.8527
    4688       1.8984
    4689       1.9497
    4690       2.0781
    4691       1.9858
    4692       1.8933
    4693       1.8518
    4694       1.8164
    4695       1.9283
    4696       1.8607
    4697       2.0000
    4698       2.0443
    4699       2.0489
    4700       2.0693
    4701       1.9405
    4702       1.9610
    4703       1.8437
    4704       1.8462
    4705       1.7745
    4706       1.9932
    4707       1.9178
    4708       1.9629
    4709       1.9060
    4710       1.8590
    4711       2.0263
    4712       1.9370
    4713       2.0622
    4714       2.0295
    4715       2.1587
    4716       2.1863
    4717       2.2883
    4718       2.2522
    4719       2.1695
    4720       2.2278
    4721       2.3446
    4722       2.2901
    4723       2.2746
    4724       2.1635
    4725       2.2504
    4726       2.0654
    4727       2.1171
    4728       2.1699
    4729       2.1064
    4730       2.0953
    4731       2.2442
    4732       2.2929
    4733       2.3828
    4734       2.3435
    4735       2.2530
    4736       2.3048
    4737       2.1069
    4738       2.0481
    4739       1.8419
    4740       1.9597
    4741       2.0485
    4742       2.1177
    4743       2.0435
    4744       2.1890
    4745       2.2856
    4746       2.1890
    4747       2.2228
    4748       2.2667
    4749       2.1251
    4750       2.1207
    4751       2.0671
    4752       2.0269
    4753       2.1796
    4754       2.2657
    4755       2.2146
    4756       2.1405
    4757       2.1191
    4758       2.0861
    4759       2.0844
    4760       2.0694
    4761       2.1794
    4762       1.9974
    4763       2.0479
    4764       1.9048
    4765       1.9390
    4766       2.1268
    4767       1.9565
    4768       1.9379
    4769       1.9971
    4770       1.8159
    4771       1.8567
    4772       2.0561
    4773       2.1503
    4774       2.1106
    4775       2.1410
    4776       2.2854
    4777       2.2227
    4778       2.3345
    4779       2.2849
    4780       2.3451
    4781       2.0587
    4782       2.0913
    4783       1.9208
    4784       1.7367
    4785       1.5444
    4786       1.7325
    4787       1.7775
    4788       1.7601
    4789       1.9749
    4790       1.8873
    4791       2.0932
    4792       2.1847
    4793       2.3109
    4794       2.3253
    4795       2.3677
    4796       2.2025
    4797       2.1476
    4798       2.1912
    4799       2.1407
    4800       1.9715
    4801       1.9386
    4802       2.1320
    4803       2.2079
    4804       2.0286
    4805       2.0193
    4806       1.8051
    4807       1.7893
    4808       1.8828
    4809       1.9874
    4810       2.0861
    4811       2.1687
    4812       2.0031
    4813       2.1044
    4814       2.0185
    4815       1.7961
    4816       2.0369
    4817       1.9646
    4818       2.0342
    4819       1.9784
    4820       1.8303
    4821       1.9949
    4822       1.9732
    4823       1.8441
    4824       2.0161
    4825       1.9733
    4826       1.9303
    4827       1.8378
    4828       2.0001
    4829       1.9986
    4830       2.0935
    4831       2.0587
    4832       2.1758
    4833       2.1135
    4834       1.9625
    4835       2.0046
    4836       2.0071
    4837       2.1232
    4838       2.1013
    4839       2.2894
    4840       2.3220
    4841       2.2547
    4842       1.9887
    4843       1.8158
    4844       1.8618
    4845       1.7628
    4846       1.7722
    4847       1.8755
    4848       1.9748
    4849       1.9445
    4850       1.9116
    4851       1.9798
    4852       2.0367
    4853       2.0226
    4854       2.1083
    4855       1.8217
    4856       1.8056
    4857       1.8662
    4858       1.8451
    4859       1.8326
    4860       1.8632
    4861       2.0050
    4862       2.1185
    4863       1.8617
    4864       1.9929
    4865       2.0268
    4866       1.8454
    4867       1.8115
    4868       1.8858
    4869       1.8782
    4870       1.9093
    4871       2.0898
    4872       2.1558
    4873       1.9830
    4874       2.0555
    4875       2.1209
    4876       2.2297
    4877       2.2524
    4878       2.0439
    4879       2.1569
    4880       2.2230
    4881       2.1955
    4882       2.2205
    4883       2.1479
    4884       2.3918
    4885       2.1861
    4886       1.9870
    4887       2.0841
    4888       1.9652
    4889       1.9579
    4890       2.0191
    4891       1.9824
    4892       2.2110
    4893       2.2297
    4894       2.3605
    4895       2.2514
    4896       2.3876
    4897       2.5644
    4898       2.2113
    4899       2.3340
    4900       2.2068
    4901       2.1424
    4902       2.0422
    4903       2.0868
    4904       2.1383
    4905       2.2514
    4906       2.2080
    4907       2.2102
    4908       2.0736
    4909       2.2421
    4910       2.1988
    4911       2.3354
    4912       2.3318
    4913       2.5497
    4914       2.4365
    4915       2.5581
    4916       2.6053
    4917       2.4267
    4918       2.2113
    4919       2.2967
    4920       2.5860
    4921       2.4203
    4922       2.3750
    4923       2.2046
    4924       2.3078
    4925       2.1768
    4926       2.1285
    4927       2.1732
    4928       2.2809
    4929       2.2772
    4930       2.0876
    4931       2.3132
    4932       2.1243
    4933       2.2002
    4934       2.1828
    4935       2.1375
    4936       2.1319
    4937       2.0407
    4938       1.8653
    4939       1.9305
    4940       1.8453
    4941       2.0296
    4942       2.0193
    4943       1.9465
    4944       2.0749
    4945       2.0082
    4946       1.9130
    4947       2.0467
    4948       2.0093
    4949       2.0987
    4950       2.0904
    4951       2.0774
    4952       1.9251
    4953       1.9179
    4954       1.9300
    4955       2.0650
    4956       2.0420
    4957       2.2320
    4958       2.1114
    4959       2.0729
    4960       2.1298
    4961       2.0034
    4962       2.2050
    4963       2.0610
    4964       1.9682
    4965       2.2222
    4966       2.2620
    4967       2.2148
    4968       2.1898
    4969       2.1779
    4970       2.0929
    4971       1.8946
    4972       2.0297
    4973       1.9785
    4974       1.9618
    4975       2.0512
    4976       2.0464
    4977       2.1189
    4978       2.1536
    4979       2.2483
    4980       2.1233
    4981       2.3277
    4982       2.1512
    4983       2.2453
    4984       2.2864
    4985       2.2000
    4986       1.9710
    4987       2.0145
    4988       1.8714
    4989       2.0095
    4990       2.2431
    4991       2.2620
    4992       2.2998
    4993       2.1449
    4994       2.2076
    4995       2.1716
    4996       2.2799
    4997       2.2171
    4998       2.1247
    4999       2.1849
    5000       2.1509
    5001       2.0322
    5002       2.0806
    5003       2.1340
    5004       2.2301
    5005       2.2769
    5006       2.1576
    5007       2.0820
    5008       1.9759
    5009       1.9672
    5010       2.2225
    5011       2.1344
    5012       2.0519
    5013       2.1374
    5014       2.0490
    5015       1.9885
    5016       2.0563
    5017       1.9881
    5018       1.9850
    5019       1.9561
    5020       2.1365
    5021       2.0644
    5022       2.2555
    5023       2.3079
    5024       2.2851
    5025       2.2379
    5026       2.1092
    5027       2.1273
    5028       2.1174
    5029       2.1289
    5030       2.1814
    5031       2.1328
    5032       2.2030
    5033       1.9986
    5034       2.1187
    5035       2.0096
    5036       1.9378
    5037       2.0618
    5038       2.1185
    5039       2.1040
    5040       1.9623
    5041       1.9544
    5042       2.1755
    5043       2.2430
    5044       2.2957
    5045       2.1910
    5046       2.0351
    5047       2.0380
    5048       2.0165
    5049       2.1221
    5050       2.3533
    5051       2.3260
    5052       2.2513
    5053       2.0907
    5054       2.0727
    5055       2.0962
    5056       2.0146
    5057       2.3131
    5058       2.1663
    5059       2.1918
    5060       2.1203
    5061       2.2274
    5062       2.1923
    5063       2.3673
    5064       2.3732
    5065       2.2930
    5066       2.2462
    5067       2.2305
    5068       2.1649
    5069       2.1459
    5070       2.2503
    5071       2.3140
    5072       2.3443
    5073       2.2640
    5074       2.3348
    5075       2.4053
    5076       2.2280
    5077       2.3285
    5078       2.5519
    5079       2.6274
    5080       2.6604
    5081       2.6621
    5082       2.4413
    5083       2.4997
    5084       2.4351
    5085       2.3783
    5086       2.4704
    5087       2.2009
    5088       2.0524
    5089       2.2371
    5090       2.2135
    5091       2.1590
    5092       2.2257
    5093       2.3191
    5094       2.5456
    5095       2.2569
    5096       2.2240
    5097       2.3001
    5098       2.1847
    5099       2.1121
    5100       2.3177
    5101       2.3875
    5102       2.5498
    5103       2.4152
    5104       2.3439
    5105       2.3256
    5106       2.4249
    5107       2.4057
    5108       2.1318
    5109       2.0909
    5110       2.1776
    5111       2.0919
    5112       2.0297
    5113       2.1145
    5114       1.9679
    5115       1.9736
    5116       2.0159
    5117       2.0637
    5118       2.1193
    5119       2.1315
    5120       2.2335
    5121       2.2347
    5122       2.2718
    5123       2.1614
    5124       2.0525
    5125       2.1914
    5126       2.0761
    5127       2.1915
    5128       2.1125
    5129       2.2361
    5130       2.1477
    5131       2.0865
    5132       2.2008
    5133       2.4119
    5134       2.3190
    5135       2.3788
    5136       2.3369
    5137       2.5246
    5138       2.2127
    5139       2.1115
    5140       2.1751
    5141       2.2789
    5142       2.4000
    5143       2.3595
    5144       2.4135
    5145       2.1834
    5146       2.3582
    5147       2.4039
    5148       2.3893
    5149       2.1380
    5150       2.1136
    5151       2.1614
    5152       2.0703
    5153       2.2611
    5154       2.3227
    5155       2.4969
    5156       2.3195
    5157       2.3061
    5158       2.2111
    5159       1.9834
    5160       2.1649
    5161       2.2025
    5162       2.2366
    5163       2.4473
    5164       2.2890
    5165       2.3668
    5166       2.3725
    5167       2.3009
    5168       2.3112
    5169       2.2511
    5170       2.1316
    5171       2.1929
    5172       2.1583
    5173       2.3032
    5174       2.1466
    5175       2.1195
    5176       2.0462
    5177       2.0928
    5178       1.9355
    5179       2.2394
    5180       2.0990
    5181       2.1984
    5182       2.1840
    5183       2.2783
    5184       2.4735
    5185       2.2162
    5186       2.1163
    5187       2.2412
    5188       2.3105
    5189       2.4312
    5190       2.4164
    5191       2.2829
    5192       2.3179
    5193       2.2731
    5194       2.1544
    5195       2.2616
    5196       2.0995
    5197       2.1918
    5198       2.2122
    5199       2.1599
    5200       2.1014
    5201       2.1049
    5202       2.0611
    5203       2.2196
    5204       2.1859
    5205       2.2144
    5206       2.2621
    5207       2.3642
    5208       2.2698
    5209       2.1822
    5210       2.2465
    5211       2.3144
    5212       2.2738
    5213       2.0720
    5214       2.1798
    5215       2.1713
    5216       2.0550
    5217       2.0323
    5218       2.0116
    5219       1.9750
    5220       1.9194
    5221       1.9783
    5222       2.1868
    5223       2.1890
    5224       2.0752
    5225       2.1355
    5226       2.1263
    5227       2.1571
    5228       2.0835
    5229       2.1342
    5230       2.3071
    5231       2.2170
    5232       2.1433
    5233       2.0099
    5234       1.9137
    5235       1.9015
    5236       1.9230
    5237       1.9096
    5238       2.0137
    5239       2.0457
    5240       2.0158
    5241       2.1812
    5242       1.9616
    5243       2.0420
    5244       1.8963
    5245       2.2324
    5246       2.2247
    5247       2.1935
    5248       2.2947
    5249       2.2324
    5250       2.3563
    5251       2.4954
    5252       2.3422
    5253       2.1730
    5254       2.2428
    5255       2.1417
    5256       2.1596
    5257       2.0592
    5258       2.1617
    5259       2.1429
    5260       2.1028
    5261       2.0824
    5262       2.1413
    5263       2.0098
    5264       2.0648
    5265       2.3238
    5266       2.1792
    5267       2.3060
    5268       2.3847
    5269       2.3869
    5270       2.4849
    5271       2.3353
    5272       2.3351
    5273       2.0513
    5274       2.1953
    5275       2.2209
    5276       2.1685
    5277       2.2106
    5278       2.1525
    5279       2.1907
    5280       2.2754
    5281       2.1733
    5282       2.3733
    5283       2.4570
    5284       2.4199
    5285       2.4106
    5286       2.1931
    5287       2.1645
    5288       2.1727
    5289       2.1044
    5290       2.0910
    5291       2.2033
    5292       2.2949
    5293       2.2257
    5294       2.0493
    5295       2.0137
    5296       2.0511
    5297       2.1798
    5298       2.1771
    5299       2.3343
    5300       2.3351
    5301       2.4158
    5302       2.3606
    5303       2.5462
    5304       2.5565
    5305       2.5273
    5306       2.3573
    5307       2.3037
    5308       2.2734
    5309       2.3868
    5310       2.3809
    5311       2.1837
    5312       2.2837
    5313       2.1589
    5314       2.7045
    5315       2.5537
    5316       2.5573
    5317       2.5305
    5318       2.4062
    5319       2.3707
    5320       2.2415
    5321       2.1576
    5322       2.3740
    5323       2.5419
    5324       2.5183
    5325       2.1445
    5326       2.1841
    5327       2.1952
    5328       2.4366
    5329       2.2854
    5330       2.3115
    5331       2.3130
    5332       2.2228
    5333       2.0965
    5334       2.1894
    5335       2.1290
    5336       2.1873
    5337       2.1065
    5338       2.0519
    5339       2.0462
    5340       2.1273
    5341       2.1415
    5342       2.1269
    5343       1.9110
    5344       1.9222
    5345       2.0055
    5346       1.9354
    5347       2.0049
    5348       2.1513
    5349       2.0556
    5350       2.0588
    5351       2.1456
    5352       2.1806
    5353       2.0878
    5354       2.2649
    5355       2.1722
    5356       2.2128
    5357       2.2862
    5358       2.2207
    5359       2.4148
    5360       2.2556
    5361       2.3482
    5362       2.3582
    5363       2.3587
    5364       2.1393
    5365       2.3872
    5366       2.2707
    5367       2.1631
    5368       2.3692
    5369       2.3818
    5370       2.5557
    5371       2.6460
    5372       2.8750
    5373       2.9345
    5374       2.9378
    5375       3.1316
    5376       3.0060
    5377       2.9687
    5378       2.9332
    5379       3.1292
    5380       2.7529
    5381       2.7236
    5382       2.6368
    5383       2.5110
    5384       2.5371
    5385       2.4260
    5386       2.5425
    5387       2.5448
    5388       2.5879
    5389       2.4763
    5390       2.4315
    5391       2.3122
    5392       2.2773
    5393       2.3735
    5394       2.3566
    5395       2.2733
    5396       2.4704
    5397       2.4517
    5398       2.3606
    5399       2.4781
    5400       2.4795
    5401       2.5426
    5402       2.5256
    5403       2.5655
    5404       2.5942
    5405       2.6090
    5406       2.6806
    5407       2.5757
    5408       2.5743
    5409       2.4725
    5410       2.6156
    5411       2.6440
    5412       2.4268
    5413       2.5973
    5414       2.6030
    5415       2.5104
    5416       2.6741
    5417       2.4463
    5418       2.5067
    5419       2.4605
    5420       2.3810
    5421       2.4739
    5422       2.5217
    5423       2.3644
    5424       2.4363
    5425       2.5588
    5426       2.3973
    5427       2.1988
    5428       2.3835
    5429       2.5075
    5430       2.4508
    5431       2.4633
    5432       2.4243
    5433       2.3758
    5434       2.2252
    5435       2.1859
    5436       2.1857
    5437       2.2730
    5438       2.4557
    5439       2.3142
    5440       2.3441
    5441       2.2505
    5442       2.4308
    5443       2.2997
    5444       2.4073
    5445       2.3543
    5446       2.3939
    5447       2.6011
    5448       2.5894
    5449       2.4804
    5450       2.2763
    5451       2.6456
    5452       2.5824
    5453       2.5535
    5454       2.1672
    5455       2.1479
    5456       2.2036
    5457       2.1200
    5458       2.1550
    5459       2.1722
    5460       2.1995
    5461       2.5032
    5462       2.4123
    5463       2.5038
    5464       2.4212
    5465       2.5666
    5466       2.6191
    5467       2.6142
    5468       2.6048
    5469       2.4584
    5470       2.3270
    5471       2.2046
    5472       2.2033
    5473       2.2991
    5474       2.3287
    5475       2.3921
    5476       2.4849
    5477       2.6535
    5478       2.4694
    5479       2.4264
    5480       2.4610
    5481       2.4753
    5482       2.5656
    5483       2.6605
    5484       2.6406
    5485       2.6860
    5486       2.8216
    5487       2.6702
    5488       2.7577
    5489       2.7350
    5490       2.7150
    5491       2.6662
    5492       2.6083
    5493       2.2799
    5494       2.4711
    5495       2.3314
    5496       2.3185
    5497       2.3346
    5498       2.3524
    5499       2.4986
    5500       2.3839
    5501       2.4954
    5502       2.4373
    5503       2.2974
    5504       2.3609
    5505       2.5512
    5506       2.5101
    5507       2.5186
    5508       2.4328
    5509       2.4266
    5510       2.4004
    5511       2.4180
    5512       2.4003
    5513       2.3663
    5514       2.4832
    5515       2.3653
    5516       2.5334
    5517       2.5933
    5518       2.6232
    5519       2.6244
    5520       2.7029
    5521       2.4190
    5522       2.6563
    5523       2.6021
    5524       2.7500
    5525       2.6753
    5526       2.7374
    5527       2.7831
    5528       2.7132
    5529       2.7090
    5530       2.6649
    5531       2.6016
    5532       2.8089
    5533       2.7913
    5534       2.8158
    5535       3.0357
    5536       2.9232
    5537       2.6875
    5538       2.5963
    5539       2.7226
    5540       2.8649
    5541       2.6579
    5542       2.7039
    5543       2.4529
    5544       2.4723
    5545       2.3184
    5546       2.2867
    5547       2.4201
    5548       2.4775
    5549       2.3113
    5550       2.3160
    5551       2.3541
    5552       2.3245
    5553       2.2563
    5554       2.3204
    5555       2.4282
    5556       2.4963
    5557       2.4165
    5558       2.4097
    5559       2.3988
    5560       2.3421
    5561       2.4112
    5562       2.2909
    5563       2.1332
    5564       2.0440
    5565       2.1614
    5566       2.1010
    5567       1.9451
    5568       2.0683
    5569       2.1597
    5570       2.1736
    5571       2.2979
    5572       2.1395
    5573       2.1716
    5574       2.3570
    5575       2.3693
    5576       2.1997
    5577       2.3117
    5578       2.2471
    5579       2.2981
    5580       2.1346
    5581       2.1713
    5582       2.2271
    5583       2.3465
    5584       2.4170
    5585       2.2871
    5586       2.2229
    5587       2.2369
    5588       2.0382
    5589       2.0840
    5590       2.1309
    5591       2.1872
    5592       2.1498
    5593       2.2261
    5594       2.1534
    5595       2.1357
    5596       2.2291
    5597       2.1153
    5598       2.2357
    5599       2.2985
    5600       2.4325
    5601       2.2346
    5602       2.3590
    5603       2.4824
    5604       2.3964
    5605       2.3435
    5606       2.3108
    5607       2.5410
    5608       2.4349
    5609       2.3646
    5610       2.2217
    5611       2.0383
    5612       2.1680
    5613       2.1626
    5614       2.2495
    5615       2.1395
    5616       2.1159
    5617       2.3137
    5618       2.3428
    5619       2.3445
    5620       2.1443
    5621       2.1846
    5622       2.3658
    5623       2.4980
    5624       2.3234
    5625       2.3343
    5626       2.2763
    5627       2.1756
    5628       2.2202
    5629       2.2815
    5630       2.2817
    5631       2.2533
    5632       2.3429
    5633       2.4334
    5634       2.2919
    5635       2.3152
    5636       2.3533
    5637       2.2507
    5638       2.3657
    5639       2.4411
    5640       2.4166
    5641       2.2209
    5642       2.2008
    5643       2.1001
    5644       2.0570
    5645       2.1590
    5646       2.1886
    5647       2.1727
    5648       2.0712
    5649       2.1492
    5650       1.9872
    5651       1.7417
    5652       2.0119
    5653       2.0380
    5654       2.0176
    5655       2.0788
    5656       2.0365
    5657       2.1376
    5658       2.2119
    5659       2.2417
    5660       2.2194
    5661       2.1032
    5662       2.1792
    5663       2.3135
    5664       2.1174
    5665       2.2219
    5666       2.1052
    5667       2.3489
    5668       2.3935
    5669       2.2685
    5670       2.1785
    5671       2.0975
    5672       2.1389
    5673       2.1784
    5674       2.1981
    5675       2.2150
    5676       2.1533
    5677       2.2833
    5678       2.2889
    5679       2.3650
    5680       2.3369
    5681       2.2016
    5682       2.2048
    5683       2.3148
    5684       2.2535
    5685       2.3569
    5686       2.3488
    5687       2.4368
    5688       2.4466
    5689       2.4774
    5690       2.4927
    5691       2.7079
    5692       2.7390
    5693       2.6996
    5694       2.6421
    5695       2.5057
    5696       2.6262
    5697       2.6281
    5698       2.5902
    5699       2.7223
    5700       2.6287
    5701       2.6407
    5702       2.5562
    5703       2.6024
    5704       2.6144
    5705       2.4429
    5706       2.6540
    5707       2.6739
    5708       2.6394
    5709       2.6813
    5710       2.5219
    5711       2.4554
    5712       2.4846
    5713       2.3609
    5714       2.4768
    5715       2.2459
    5716       2.3757
    5717       2.2518
    5718       2.1700
    5719       2.2445
    5720       2.3336
    5721       2.4520
    5722       2.4621
    5723       2.3474
    5724       2.5312
    5725       2.4515
    5726       2.2506
    5727       2.4160
    5728       2.4880
    5729       2.4418
    5730       2.4968
    5731       2.5588
    5732       2.6660
    5733       2.8103
    5734       2.8783
    5735       2.5459
    5736       2.4374
    5737       2.5331
    5738       2.2467
    5739       2.3906
    5740       2.2207
    5741       2.1614
    5742       1.9629
    5743       2.1372
    5744       2.0075
    5745       1.7016
    5746       1.9537
    5747       2.1088
    5748       2.0612
    5749       2.0633
    5750       2.1488
    5751       2.1782
    5752       2.1016
    5753       2.2496
    5754       2.3508
    5755       2.2429
    5756       2.2830
    5757       2.3390
    5758       2.3600
    5759       2.5101
    5760       2.3509
    5761       2.3777
    5762       2.3857
    5763       2.5355
    5764       2.3131
    5765       2.3671
    5766       2.4733
    5767       2.2851
    5768       2.1756
    5769       2.3578
    5770       2.3633
    5771       2.4107
    5772       2.4675
    5773       2.4490
    5774       2.4062
    5775       2.4027
    5776       2.3457
    5777       2.5629
    5778       2.6406
    5779       2.4701
    5780       2.4522
    5781       2.8111
    5782       2.6336
    5783       2.7442
    5784       2.6040
    5785       2.6780
    5786       2.3087
    5787       2.3413
    5788       2.4460
    5789       2.4358
    5790       2.4207
    5791       2.4814
    5792       2.4851
    5793       2.3935
    5794       2.5415
    5795       2.3681
    5796       2.4701
    5797       2.4648
    5798       2.5524
    5799       2.3226
    5800       2.3864
    5801       2.5623
    5802       2.4521
    5803       2.4862
    5804       2.6846
    5805       2.5098
    5806       2.5398
    5807       2.5044
    5808       2.4626
    5809       2.5079
    5810       2.5184
    5811       2.4980
    5812       2.3561
    5813       2.5615
    5814       2.4565
    5815       2.6332
    5816       2.7510
    5817       2.7400
    5818       2.4587
    5819       2.4303
    5820       2.5198
    5821       2.7177
    5822       2.7287
    5823       2.7159
    5824       2.3969
    5825       2.4646
    5826       2.2365
    5827       2.3358
    5828       2.4056
    5829       2.2572
    5830       2.2016
    5831       2.2383
    5832       2.2388
    5833       2.1958
    5834       2.0229
    5835       2.0974
    5836       2.0513
    5837       2.0895
    5838       2.1406
    5839       2.2584
    5840       2.1988
    5841       2.0912
    5842       2.2211
    5843       2.2137
    5844       2.1929
    5845       2.2532
    5846       2.4367
    5847       2.3700
    5848       2.4599
    5849       2.3353
    5850       2.3512
    5851       2.2915
    5852       2.1582
    5853       2.1195
    5854       2.0744
    5855       2.1121
    5856       2.2438
    5857       2.1666
    5858       2.1276
    5859       2.2728
    5860       2.4166
    5861       2.3744
    5862       2.5235
    5863       2.7399
    5864       2.5190
    5865       2.4991
    5866       2.4309
    5867       2.4430
    5868       2.4805
    5869       2.6499
    5870       2.6304
    5871       2.6927
    5872       2.7778
    5873       2.6717
    5874       2.7873
    5875       2.8706
    5876       2.9595
    5877       2.9296
    5878       2.6264
    5879       2.7691
    5880       2.6180
    5881       2.6418
    5882       2.5651
    5883       2.5211
    5884       2.6023
    5885       2.6306
    5886       2.5941
    5887       2.7694
    5888       2.9134
    5889       2.7217
    5890       2.8353
    5891       2.9486
    5892       2.8906
    5893       3.0803
    5894       2.8165
    5895       2.7400
    5896       2.6055
    5897       2.5551
    5898       2.4978
    5899       2.6788
    5900       2.8390
    5901       2.8528
    5902       2.6493
    5903       2.5142
    5904       2.2458
    5905       2.6736
    5906       2.7448
    5907       2.6128
    5908       2.7611
    5909       2.7997
    5910       2.7229
    5911       2.7739
    5912       2.7597
    5913       2.6786
    5914       2.5492
    5915       2.6013
    5916       2.5763
    5917       2.8237
    5918       2.7600
    5919       2.7118
    5920       2.5503
    5921       2.4733
    5922       2.4658
    5923       2.4173
    5924       2.3104
    5925       2.2298
    5926       2.0956
    5927       2.0207
    5928       2.0352
    5929       2.0352
    5930       2.1101
    5931       1.9792
    5932       2.1886
    5933       2.1303
    5934       2.1360
    5935       2.1478
    5936       2.1859
    5937       2.1638
    5938       2.3936
    5939       2.6320
    5940       2.6543
    5941       2.6565
    5942       2.6073
    5943       2.8322
    5944       2.6578
    5945       2.6823
    5946       2.5513
    5947       2.5554
    5948       2.5556
    5949       2.5153
    5950       2.4695
    5951       2.6662
    5952       2.7179
    5953       2.7964
    5954       2.7946
    5955       2.7609
    5956       2.5211
    5957       2.4660
    5958       2.5753
    5959       2.6844
    5960       2.4591
    5961       2.2484
    5962       2.2445
    5963       2.2504
    5964       2.3381
    5965       2.3560
    5966       2.4083
    5967       2.3521
    5968       2.4172
    5969       2.4547
    5970       2.4323
    5971       2.5342
    5972       2.6334
    5973       2.5688
    5974       2.3833
    5975       2.3340
    5976       2.5440
    5977       2.3046
    5978       2.3922
    5979       2.3720
    5980       2.3026
    5981       2.3787
    5982       2.2525
    5983       2.4150
    5984       2.3674
    5985       2.2558
    5986       2.1775
    5987       2.3145
    5988       2.1190
    5989       2.1967
    5990       2.3402
    5991       2.4681
    5992       2.3182
    5993       2.5736
    5994       2.5793
    5995       2.7717
    5996       2.6426
    5997       2.6201
    5998       2.4809
    5999       2.6532
    6000       2.5252
    6001       2.4561
    6002       2.6445
    6003       2.5486
    6004       2.4919
    6005       2.4776
    6006       2.4222
    6007       2.3061
    6008       2.2410
    6009       2.3889
    6010       2.3619
    6011       2.4145
    6012       2.3713
    6013       2.0726
    6014       2.2186
    6015       2.1864
    6016       2.2815
    6017       2.0986
    6018       2.0966
    6019       2.1010
    6020       2.1186
    6021       2.1889
    6022       2.1772
    6023       2.1481
    6024       2.3053
    6025       2.4729
    6026       2.3427
    6027       2.3213
    6028       2.4558
    6029       2.3699
    6030       2.1134
    6031       2.0781
    6032       2.0667
    6033       2.0269
    6034       2.0063
    6035       2.1745
    6036       2.0895
    6037       2.3991
    6038       2.4318
    6039       2.3096
    6040       2.2015
    6041       2.2698
    6042       2.1172
    6043       2.3386
    6044       2.5130
    6045       2.2698
    6046       2.1644
    6047       2.1763
    6048       2.1824
    6049       2.2599
    6050       2.0702
    6051       2.1447
    6052       2.3438
    6053       2.2952
    6054       2.2280
    6055       2.0107
    6056       2.1807
    6057       2.2113
    6058       2.2012
    6059       2.1973
    6060       2.3269
    6061       2.3537
    6062       2.4146
    6063       2.3384
    6064       2.0557
    6065       2.0356
    6066       2.3519
    6067       2.4080
    6068       2.4360
    6069       2.4843
    6070       2.5298
    6071       2.4957
    6072       2.3808
    6073       2.4604
    6074       2.3432
    6075       2.5204
    6076       2.5541
    6077       2.4706
    6078       2.3136
    6079       2.2991
    6080       2.4519
    6081       2.3001
    6082       2.2618
    6083       2.3088
    6084       2.3148
    6085       2.2893
    6086       2.1597
    6087       2.0457
    6088       2.0874
    6089       2.1069
    6090       2.1781
    6091       2.2558
    6092       2.2556
    6093       2.2947
    6094       2.3098
    6095       2.4562
    6096       2.4647
    6097       2.6261
    6098       2.7028
    6099       2.6204
    6100       2.6797
    6101       2.5625
    6102       2.8318
    6103       2.9888
    6104       3.0183
    6105       3.1232
    6106       3.0851
    6107       2.8434
    6108       2.9515
    6109       2.7505
    6110       2.5427
    6111       2.4824
    6112       2.3593
    6113       2.5549
    6114       2.7256
    6115       2.6345
    6116       2.6527
    6117       2.6117
    6118       2.3412
    6119       2.3894
    6120       2.4630
    6121       2.2511
    6122       2.3400
    6123       2.2588
    6124       2.3113
    6125       2.4881
    6126       2.3890
    6127       2.3722
    6128       2.3585
    6129       2.3119
    6130       2.2850
    6131       2.1491
    6132       2.2972
    6133       2.2652
    6134       2.3669
    6135       2.2778
    6136       2.2699
    6137       2.3121
    6138       2.3438
    6139       2.2812
    6140       2.6066
    6141       2.5476
    6142       2.6666
    6143       2.5973
    6144       2.5504
    6145       2.7295
    6146       2.6113
    6147       2.6819
    6148       2.6676
    6149       2.7569
    6150       2.8227
    6151       2.9392
    6152       2.7808
    6153       2.8867
    6154       2.9389
    6155       2.9706
    6156       2.8756
    6157       3.2104
    6158       3.2480
    6159       3.2234
    6160       3.2811
    6161       3.3184
    6162       3.4797
    6163       3.3586
    6164       3.1731
    6165       3.2688
    6166       3.2333
    6167       3.2144
    6168       3.0485
    6169       2.9936
    6170       2.8477
    6171       2.6830
    6172       2.5368
    6173       2.6870
    6174       2.4385
    6175       2.2460
    6176       2.4702
    6177       2.3984
    6178       2.4304
    6179       2.5016
    6180       2.2391
    6181       2.4451
    6182       2.4220
    6183       2.5678
    6184       2.3606
    6185       2.5524
    6186       2.3869
    6187       2.6270
    6188       2.6027
    6189       2.7494
    6190       2.9374
    6191       2.8484
    6192       2.6905
    6193       2.8939
    6194       2.9443
    6195       3.0059
    6196       3.1988
    6197       3.1830
    6198       3.2049
    6199       3.1993
    6200       3.1668
    6201       2.9970
    6202       3.0246
    6203       3.0370
    6204       2.8838
    6205       2.9763
    6206       2.8962
    6207       2.9035
    6208       2.9188
    6209       2.7571
    6210       3.0640
    6211       3.0259
    6212       3.0427
    6213       2.9510
    6214       2.7926
    6215       2.8196
    6216       2.8257
    6217       2.8893
    6218       2.7474
    6219       2.8813
    6220       2.7776
    6221       2.9408
    6222       2.8681
    6223       2.8473
    6224       2.7545
    6225       2.7000
    6226       2.4086
    6227       2.4703
    6228       2.4023
    6229       2.4097
    6230       2.3833
    6231       2.4692
    6232       2.5250
    6233       2.7552
    6234       2.7829
    6235       2.6267
    6236       2.5140
    6237       2.4188
    6238       2.7557
    6239       2.4976
    6240       2.5577
    6241       2.6715
    6242       2.4367
    6243       2.5879
    6244       2.8719
    6245       2.7601
    6246       2.9433
    6247       3.0730
    6248       2.9257
    6249       3.1361
    6250       2.8941
    6251       2.7153
    6252       2.7497
    6253       2.6562
    6254       2.7802
    6255       2.8081
    6256       2.7579
    6257       2.5034
    6258       2.5276
    6259       2.5594
    6260       2.5869
    6261       2.7195
    6262       2.6604
    6263       2.6727
    6264       2.5340
    6265       2.7095
    6266       2.6976
    6267       2.6329
    6268       2.6155
    6269       2.7709
    6270       2.7576
    6271       2.8932
    6272       2.8432
    6273       3.0974
    6274       2.9374
    6275       2.8741
    6276       2.9401
    6277       2.6640
    6278       2.8322
    6279       2.8272
    6280       2.5749
    6281       2.8264
    6282       2.7968
    6283       2.9289
    6284       2.7690
    6285       2.7184
    6286       2.6914
    6287       2.7766
    6288       2.6234
    6289       2.6584
    6290       2.6275
    6291       2.6639
    6292       2.6683
    6293       2.9484
    6294       2.8737
    6295       2.6109
    6296       2.4302
    6297       2.7143
    6298       2.6495
    6299       2.7791
    6300       2.8608
    6301       2.8311
    6302       2.6879
    6303       2.6595
    6304       2.4587
    6305       2.4105
    6306       2.4004
    6307       2.4498
    6308       2.4989
    6309       2.4520
    6310       2.5749
    6311       2.5875
    6312       2.5487
    6313       2.5579
    6314       2.6343
    6315       2.4864
    6316       2.4145
    6317       2.6069
    6318       2.3097
    6319       2.4114
    6320       2.5246
    6321       2.4760
    6322       2.6855
    6323       2.7284
    6324       2.6685
    6325       2.7720
    6326       2.7059
    6327       2.7233
    6328       2.7456
    6329       2.6083
    6330       2.7696
    6331       2.7819
    6332       2.6564
    6333       2.4317
    6334       2.6078
    6335       2.6886
    6336       2.5530
    6337       2.5000
    6338       2.4740
    6339       2.7070
    6340       2.6026
    6341       2.6650
    6342       2.7021
    6343       2.7153
    6344       2.7021
    6345       2.7246
    6346       2.7982
    6347       2.6735
    6348       2.7071
    6349       2.5555
    6350       2.4923
    6351       2.5150
    6352       2.5459
    6353       2.3383
    6354       2.4171
    6355       2.5118
    6356       2.4956
    6357       2.3688
    6358       2.5179
    6359       2.4801
    6360       2.4089
    6361       2.4635
    6362       2.5007
    6363       2.5621
    6364       2.6707
    6365       2.5912
    6366       2.4368
    6367       2.2979
    6368       2.2931
    6369       2.3420
    6370       2.3220
    6371       2.2388
    6372       2.3527
    6373       2.4312
    6374       2.3906
    6375       2.4464
    6376       2.6755
    6377       2.6253
    6378       2.7860
    6379       2.6930
    6380       2.8442
    6381       2.6145
    6382       2.4973
    6383       2.4843
    6384       2.5693
    6385       2.4899
    6386       2.4841
    6387       2.4442
    6388       2.4083
    6389       2.5869
    6390       2.5557
    6391       2.5023
    6392       2.4793
    6393       2.6099
    6394       2.5052
    6395       2.5799
    6396       2.4415
    6397       2.5911
    6398       2.3944
    6399       2.3894
    6400       2.4634
    6401       2.4900
    6402       2.3742
    6403       2.3726
    6404       2.3257
    6405       2.4692
    6406       2.3086
    6407       2.4441
    6408       2.3795
    6409       2.2212
    6410       2.1132
    6411       2.2249
    6412       2.2034
    6413       2.1977
    6414       2.3010
    6415       2.2387
    6416       2.4246
    6417       2.5710
    6418       2.4365
    6419       2.5232
    6420       2.4451
    6421       2.6172
    6422       2.5000
    6423       2.2443
    6424       2.3430
    6425       2.2718
    6426       2.3169
    6427       2.1878
    6428       2.4937
    6429       2.6019
    6430       2.6299
    6431       2.5517
    6432       2.6821
    6433       2.5019
    6434       2.5788
    6435       2.6095
    6436       2.5925
    6437       2.8001
    6438       2.5827
    6439       2.7690
    6440       2.7637
    6441       2.7837
    6442       2.7751
    6443       2.9834
    6444       2.7829
    6445       2.7678
    6446       2.8530
    6447       2.5498
    6448       2.4707
    6449       2.3794
    6450       2.6575
    6451       2.5914
    6452       2.5932
    6453       2.6719
    6454       2.6747
    6455       2.6045
    6456       2.4932
    6457       2.7125
    6458       2.8795
    6459       2.8148
    6460       2.8515
    6461       2.7632
    6462       2.7705
    6463       2.8107
    6464       2.7233
    6465       2.6582
    6466       2.8627
    6467       2.8543
    6468       2.9372
    6469       2.8316
    6470       2.9108
    6471       2.7972
    6472       2.6943
    6473       2.8433
    6474       2.6790
    6475       2.7490
    6476       2.6588
    6477       2.6213
    6478       2.5865
    6479       2.5888
    6480       2.6308
    6481       2.7862
    6482       2.7492
    6483       2.7114
    6484       2.5397
    6485       2.7609
    6486       2.7824
    6487       2.8605
    6488       2.7298
    6489       2.5628
    6490       2.7233
    6491       2.6053
    6492       2.6165
    6493       2.5984
    6494       2.4299
    6495       2.4053
    6496       2.3593
    6497       2.5288
    6498       2.6286
    6499       2.5158
    6500       2.5947
    6501       2.6678
    6502       2.8696
    6503       2.8044
    6504       2.7093
    6505       2.5976
    6506       2.8382
    6507       2.6712
    6508       2.6216
    6509       2.6452
    6510       2.8492
    6511       2.7461
    6512       2.7428
    6513       2.5460
    6514       2.6942
    6515       2.7079
    6516       2.6325
    6517       2.5754
    6518       2.4351
    6519       2.2344
    6520       2.0434
    6521       2.1181
    6522       2.1544
    6523       2.3095
    6524       2.3263
    6525       2.4428
    6526       2.5029
    6527       2.4531
    6528       2.3321
    6529       2.5609
    6530       2.4626
    6531       2.6355
    6532       2.4093
    6533       2.3864
    6534       2.4282
    6535       2.4688
    6536       2.3929
    6537       2.3702
    6538       2.3955
    6539       2.3337
    6540       2.4468
    6541       2.2706
    6542       2.2184
    6543       2.3256
    6544       2.2034
    6545       2.3031
    6546       2.3465
    6547       2.4711
    6548       2.3869
    6549       2.4429
    6550       2.3262
    6551       2.2419
    6552       2.1838
    6553       2.3158
    6554       2.2389
    6555       2.2206
    6556       2.2528
    6557       2.1697
    6558       2.2650
    6559       2.2986
    6560       2.6873
    6561       2.5566
    6562       2.3649
    6563       2.2384
    6564       2.5024
    6565       2.6145
    6566       2.5134
    6567       2.7612
    6568       2.6983
    6569       2.6910
    6570       2.6940
    6571       2.5543
    6572       2.6847
    6573       2.7490
    6574       2.6873
    6575       2.8388
    6576       2.7201
    6577       2.7540
    6578       2.6860
    6579       2.8193
    6580       2.7468
    6581       2.9007
    6582       2.9244
    6583       2.9923
    6584       3.0592
    6585       2.9926
    6586       2.7035
    6587       2.5804
    6588       2.6372
    6589       2.5561
    6590       2.4567
    6591       2.4380
    6592       2.6560
    6593       2.6497
    6594       2.7663
    6595       2.7645
    6596       2.6907
    6597       2.7249
    6598       2.6153
    6599       2.4235
    6600       2.4274
    6601       2.6589
    6602       2.5628
    6603       2.6140
    6604       2.6228
    6605       2.4817
    6606       2.6221
    6607       2.5554
    6608       2.5614
    6609       2.4176
    6610       2.1349
    6611       2.4426
    6612       2.4152
    6613       2.5554
    6614       2.6912
    6615       2.6698
    6616       2.7089
    6617       2.5999
    6618       2.7686
    6619       2.7541
    6620       2.7051
    6621       2.7582
    6622       2.4482
    6623       2.3351
    6624       2.6086
    6625       2.6216
    6626       2.6480
    6627       2.9297
    6628       3.0986
    6629       2.9473
    6630       2.9247
    6631       2.9326
    6632       2.7336
    6633       2.7620
    6634       2.5248
    6635       2.5650
    6636       2.8954
    6637       2.8232
    6638       3.0556
    6639       3.0430
    6640       2.7377
    6641       2.8504
    6642       2.8602
    6643       2.6561
    6644       2.7418
    6645       2.8101
    6646       2.8640
    6647       2.8254
    6648       2.7298
    6649       2.6205
    6650       2.8201
    6651       2.7838
    6652       2.6886
    6653       2.8730
    6654       2.8251
    6655       2.7574
    6656       2.4111
    6657       2.3212
    6658       2.5881
    6659       2.4184
    6660       2.5264
    6661       2.2656
    6662       2.3951
    6663       2.3635
    6664       2.6086
    6665       2.5804
    6666       2.4752
    6667       2.5286
    6668       2.4760
    6669       2.3823
    6670       2.4651
    6671       2.4327
    6672       2.2178
    6673       2.2295
    6674       2.2857
    6675       2.4308
    6676       2.3110
    6677       2.4306
    6678       2.3601
    6679       2.4249
    6680       2.3229
    6681       2.4506
    6682       2.6184
    6683       2.4681
    6684       2.5822
    6685       2.4666
    6686       2.2998
    6687       2.3766
    6688       2.3283
    6689       2.2378
    6690       2.3760
    6691       2.3180
    6692       2.4527
    6693       2.5521
    6694       2.4805
    6695       2.3635
    6696       2.3319
    6697       2.5121
    6698       2.4551
    6699       2.2291
    6700       2.1449
    6701       2.2736
    6702       2.3438
    6703       2.1915
    6704       2.2462
    6705       2.3118
    6706       2.3923
    6707       2.4588
    6708       2.4491
    6709       2.6926
    6710       2.6665
    6711       2.3985
    6712       2.2913
    6713       2.3599
    6714       2.4795
    6715       2.5108
    6716       2.4014
    6717       2.4308
    6718       2.3949
    6719       2.4681
    6720       2.4518
    6721       2.3279
    6722       2.4278
    6723       2.2232
    6724       2.2803
    6725       2.4647
    6726       2.4148
    6727       2.5451
    6728       2.4626
    6729       2.4920
    6730       2.3829
    6731       2.3304
    6732       2.2489
    6733       2.2111
    6734       2.1942
    6735       2.2882
    6736       2.3786
    6737       2.3858
    6738       2.2657
    6739       2.3704
    6740       2.4511
    6741       2.4232
    6742       2.4719
    6743       2.4032
    6744       2.6355
    6745       2.6892
    6746       2.7751
    6747       2.5725
    6748       2.5564
    6749       2.4834
    6750       2.4012
    6751       2.3419
    6752       2.2792
    6753       2.4805
    6754       2.3713
    6755       2.3760
    6756       2.5072
    6757       2.4834
    6758       2.6405
    6759       2.5045
    6760       2.6356
    6761       2.6687
    6762       2.5675
    6763       2.3975
    6764       2.4020
    6765       2.5308
    6766       2.5944
    6767       2.5653
    6768       2.4735
    6769       2.4926
    6770       2.5538
    6771       2.4239
    6772       2.3494
    6773       2.4818
    6774       2.4775
    6775       2.6382
    6776       2.5398
    6777       2.4707
    6778       2.4277
    6779       2.3919
    6780       2.5188
    6781       2.5022
    6782       2.5399
    6783       2.3072
    6784       2.5704
    6785       2.7875
    6786       2.5721
    6787       2.5618
    6788       2.5942
    6789       2.6933
    6790       2.6007
    6791       2.6879
    6792       2.9361
    6793       2.6773
    6794       2.6864
    6795       2.6975
    6796       2.7077
    6797       2.8592
    6798       2.6531
    6799       2.5811
    6800       2.5184
    6801       2.6867
    6802       2.5176
    6803       2.4484
    6804       2.2125
    6805       2.2518
    6806       2.2524
    6807       2.2411
    6808       1.9957
    6809       2.0322
    6810       2.0566
    6811       2.2298
    6812       2.1404
    6813       2.3153
    6814       2.3817
    6815       2.4336
    6816       2.3378
    6817       2.3823
    6818       2.2630
    6819       2.4708
    6820       2.5592
    6821       2.6580
    6822       2.6728
    6823       2.8013
    6824       2.9411
    6825       2.7869
    6826       2.9144
    6827       2.7491
    6828       2.7750
    6829       2.7379
    6830       2.3908
    6831       2.4999
    6832       2.3421
    6833       2.3714
    6834       2.2496
    6835       2.1476
    6836       2.1363
    6837       2.2210
    6838       2.4563
    6839       2.3314
    6840       2.4492
    6841       2.3767
    6842       2.1178
    6843       2.1269
    6844       2.0842
    6845       1.9581
    6846       2.0953
    6847       2.2465
    6848       2.4010
    6849       2.0782
    6850       2.4230
    6851       2.4023
    6852       2.4515
    6853       2.4613
    6854       2.3047
    6855       2.5512
    6856       2.4484
    6857       2.3063
    6858       2.5181
    6859       2.7415
    6860       2.8187
    6861       2.7221
    6862       2.5381
    6863       2.5945
    6864       2.5158
    6865       2.5937
    6866       2.7805
    6867       2.7229
    6868       2.7804
    6869       2.7433
    6870       2.7506
    6871       2.6531
    6872       2.6207
    6873       2.5367
    6874       2.4042
    6875       2.3862
    6876       2.4344
    6877       2.2457
    6878       2.3524
    6879       2.5418
    6880       2.6352
    6881       2.7462
    6882       2.7889
    6883       2.6127
    6884       2.6264
    6885       2.5951
    6886       2.6818
    6887       2.8287
    6888       2.7967
    6889       2.9451
    6890       2.7105
    6891       2.7339
    6892       2.8052
    6893       3.1701
    6894       3.1958
    6895       3.0388
    6896       2.7179
    6897       2.8097
    6898       2.6427
    6899       2.8795
    6900       3.0156
    6901       3.0062
    6902       2.9074
    6903       2.7432
    6904       2.7048
    6905       2.8113
    6906       2.7318
    6907       2.7723
    6908       2.7223
    6909       2.7212
    6910       2.5949
    6911       2.6788
    6912       2.5097
    6913       2.6206
    6914       2.6325
    6915       2.7010
    6916       2.5444
    6917       2.6036
    6918       2.3878
    6919       2.2468
    6920       2.4417
    6921       2.5375
    6922       2.8278
    6923       2.4661
    6924       2.5811
    6925       2.4626
    6926       2.5585
    6927       2.6418
    6928       2.6366
    6929       2.5732
    6930       2.7392
    6931       2.4817
    6932       2.4625
    6933       2.5018
    6934       2.6281
    6935       2.5305
    6936       2.5042
    6937       2.5359
    6938       2.4796
    6939       2.4740
    6940       2.7383
    6941       2.8451
    6942       2.8328
    6943       2.9095
    6944       2.8734
    6945       2.5476
    6946       2.2831
    6947       2.3872
    6948       2.4545
    6949       2.2775
    6950       2.6610
    6951       2.5284
    6952       2.6224
    6953       2.6827
    6954       2.5934
    6955       2.6948
    6956       2.6351
    6957       2.6280
    6958       2.6493
    6959       2.7157
    6960       2.7770
    6961       2.7686
    6962       2.6797
    6963       2.8108
    6964       2.6604
    6965       2.8019
    6966       2.6478
    6967       2.6467
    6968       2.6507
    6969       2.6001
    6970       2.5974
    6971       2.6795
    6972       2.5357
    6973       2.5931
    6974       2.6963
    6975       2.6710
    6976       2.6835
    6977       2.5510
    6978       2.7081
    6979       2.7576
    6980       2.8858
    6981       2.8773
    6982       2.9591
    6983       2.7322
    6984       2.8865
    6985       3.1285
    6986       2.9560
    6987       2.7796
    6988       2.8176
    6989       2.7332
    6990       2.8384
    6991       2.9882
    6992       3.0225
    6993       2.8086
    6994       3.0822
    6995       2.8966
    6996       3.0279
    6997       2.9143
    6998       2.7462
    6999       2.9969
    7000       2.6754
    7001       2.6458
    7002       2.5441
    7003       2.4494
    7004       2.4845
    7005       2.3436
    7006       2.3185
    7007       2.3869
    7008       2.2709
    7009       2.5429
    7010       2.6413
    7011       2.5045
    7012       2.4529
    7013       2.4555
    7014       2.3806
    7015       2.3630
    7016       2.2835
    7017       2.2437
    7018       2.3594
    7019       2.3958
    7020       2.4113
    7021       2.3645
    7022       2.5513
    7023       2.5671
    7024       2.5176
    7025       2.3508
    7026       2.4824
    7027       2.4963
    7028       2.3525
    7029       2.4068
    7030       2.4485
    7031       2.1152
    7032       2.1448
    7033       1.9945
    7034       2.1708
    7035       2.3057
    7036       2.4647
    7037       2.6803
    7038       2.7430
    7039       2.6779
    7040       2.7811
    7041       2.6864
    7042       2.7524
    7043       2.5939
    7044       2.7209
    7045       2.5545
    7046       2.5612
    7047       2.5826
    7048       2.5454
    7049       2.4189
    7050       2.2732
    7051       2.3581
    7052       2.1895
    7053       2.5506
    7054       2.6158
    7055       2.7543
    7056       2.6663
    7057       2.5493
    7058       2.4151
    7059       2.4240
    7060       2.4392
    7061       2.3783
    7062       2.4793
    7063       2.3632
    7064       2.3700
    7065       2.3581
    7066       2.4273
    7067       2.4847
    7068       2.3812
    7069       2.4558
    7070       2.4002
    7071       2.3492
    7072       2.6915
    7073       2.6120
    7074       2.5537
    7075       2.7286
    7076       2.8173
    7077       2.8159
    7078       2.8560
    7079       2.9270
    7080       2.8524
    7081       3.0912
    7082       2.9937
    7083       2.6573
    7084       2.4019
    7085       2.5500
    7086       2.5686
    7087       2.4758
    7088       2.7048
    7089       2.8420
    7090       2.6128
    7091       2.5209
    7092       2.6682
    7093       2.5457
    7094       2.3524
    7095       2.3807
    7096       2.3367
    7097       2.4545
    7098       2.3451
    7099       2.5129
    7100       2.5217
    7101       2.4169
    7102       2.4227
    7103       2.3103
    7104       2.1489
    7105       2.0796
    7106       2.2865
    7107       2.3853
    7108       2.3991
    7109       2.3300
    7110       2.2370
    7111       2.3215
    7112       2.2050
    7113       2.3064
    7114       2.4462
    7115       2.4584
    7116       2.6172
    7117       2.5365
    7118       2.5285
    7119       2.4260
    7120       2.6626
    7121       2.6496
    7122       2.6594
    7123       2.9236
    7124       2.8010
    7125       2.6480
    7126       2.6947
    7127       2.5884
    7128       2.6743
    7129       2.5643
    7130       2.5823
    7131       2.6512
    7132       2.6938
    7133       2.5788
    7134       2.5160
    7135       2.5311
    7136       2.2815
    7137       2.2170
    7138       2.3354
    7139       2.5088
    7140       2.6046
    7141       2.7191
    7142       2.5089
    7143       3.0086
    7144       3.1152
    7145       2.9089
    7146       3.0499
    7147       3.3569
    7148       3.3948
    7149       3.4482
    7150       3.2854
    7151       3.4741
    7152       3.4226
    7153       3.3265
    7154       3.2596
    7155       3.4919
    7156       3.3856
    7157       2.8882
    7158       3.1522
    7159       2.8597
    7160       2.7907
    7161       2.7573
    7162       2.8501
    7163       2.6287
    7164       2.8211
    7165       2.7442
    7166       2.6348
    7167       2.6348
    7168       2.6514
    7169       2.5036
    7170       2.5662
    7171       2.3042
    7172       2.4362
    7173       2.7258
    7174       2.7068
    7175       2.7869
    7176       2.5428
    7177       2.4888
    7178       2.4694
    7179       2.3167
    7180       2.4021
    7181       2.3827
    7182       2.3508
    7183       2.5412
    7184       2.5610
    7185       2.6551
    7186       2.6312
    7187       2.8303
    7188       2.7757
    7189       2.5307
    7190       2.7337
    7191       2.8307
    7192       2.8137
    7193       2.7291
    7194       2.8372
    7195       2.7673
    7196       2.9931
    7197       2.9667
    7198       2.9730
    7199       2.8405
    7200       2.7193
    7201       2.7872
    7202       2.9022
    7203       2.9199
    7204       2.8343
    7205       2.9264
    7206       3.2701
    7207       2.9424
    7208       2.8389
    7209       2.8440
    7210       2.7656
    7211       2.7429
    7212       2.7921
    7213       2.8762
    7214       3.0160
    7215       3.2340
    7216       3.0309
    7217       2.9019
    7218       2.9810
    7219       2.8108
    7220       2.8597
    7221       2.8977
    7222       2.6444
    7223       2.7460
    7224       2.7587
    7225       2.5619
    7226       2.3174
    7227       2.4564
    7228       2.5780
    7229       2.5861
    7230       2.7802
    7231       2.8451
    7232       2.8215
    7233       2.8607
    7234       2.7397
    7235       2.8016
    7236       2.7910
    7237       2.5824
    7238       2.5860
    7239       2.6373
    7240       2.5978
    7241       2.5550
    7242       2.4545
    7243       2.6080
    7244       2.6538
    7245       2.6619
    7246       2.7356
    7247       2.7567
    7248       2.6139
    7249       2.5314
    7250       2.6271
    7251       2.4872
    7252       2.4422
    7253       2.3934
    7254       2.6260
    7255       2.5286
    7256       2.5891
    7257       2.5656
    7258       2.6026
    7259       2.5676
    7260       2.6976
    7261       2.7375
    7262       2.7616
    7263       2.9966
    7264       2.9308
    7265       2.7783
    7266       2.5561
    7267       2.7129
    7268       2.6389
    7269       2.7242
    7270       2.8171
    7271       2.7004
    7272       2.6751
    7273       2.7944
    7274       2.7135
    7275       2.7881
    7276       3.0469
    7277       3.0874
    7278       2.8767
    7279       2.7577
    7280       2.5657
    7281       2.4795
    7282       2.6327
    7283       2.5596
    7284       2.4196
    7285       2.2910
    7286       2.5405
    7287       2.6136
    7288       2.5655
    7289       2.3753
    7290       2.3198
    7291       2.3638
    7292       2.1791
    7293       2.1806
    7294       2.2723
    7295       2.1600
    7296       2.1362
    7297       2.0764
    7298       2.2096
    7299       2.2980
    7300       2.0112
    7301       2.2300
    7302       2.2163
    7303       2.1419
    7304       2.2371
    7305       2.4063
    7306       2.3591
    7307       2.4503
    7308       2.3343
    7309       2.3190
    7310       2.4048
    7311       2.4086
    7312       2.2795
    7313       2.5213
    7314       2.7017
    7315       2.5157
    7316       2.5235
    7317       2.3371
    7318       2.3327
    7319       2.5250
    7320       2.3609
    7321       2.2865
    7322       2.3198
    7323       2.3361
    7324       2.4111
    7325       2.5103
    7326       2.4831
    7327       2.7031
    7328       2.6555
    7329       2.8015
    7330       2.6023
    7331       2.5872
    7332       2.5317
    7333       2.5451
    7334       2.5615
    7335       2.4283
    7336       2.3326
    7337       2.3958
    7338       2.4322
    7339       2.1420
    7340       2.3529
    7341       2.4322
    7342       2.6608
    7343       2.4712
    7344       2.2697
    7345       2.0441
    7346       2.1499
    7347       2.1273
    7348       2.1723
    7349       2.1082
    7350       2.0484
    7351       2.0024
    7352       1.9953
    7353       2.1054
    7354       2.1125
    7355       2.1778
    7356       2.2632
    7357       2.1698
    7358       2.2326
    7359       2.0954
    7360       2.1894
    7361       2.3331
    7362       2.3378
    7363       2.3238
    7364       2.2660
    7365       2.3504
    7366       2.2661
    7367       2.0969
    7368       2.2581
    7369       2.2105
    7370       2.2338
    7371       2.2057
    7372       2.3285
    7373       2.3997
    7374       2.3249
    7375       2.3883
    7376       2.3011
    7377       2.3911
    7378       2.4541
    7379       2.4520
    7380       2.5103
    7381       2.3548
    7382       2.1211
    7383       2.2897
    7384       2.1709
    7385       2.1148
    7386       2.2076
    7387       2.2500
    7388       2.4462
    7389       2.4869
    7390       2.4464
    7391       2.5530
    7392       2.5059
    7393       2.1430
    7394       2.1754
    7395       2.1691
    7396       2.3333
    7397       2.3267
    7398       2.5523
    7399       2.5947
    7400       2.4414
    7401       2.6778
    7402       2.4093
    7403       2.5219
    7404       2.3302
    7405       2.4007
    7406       2.3257
    7407       2.2697
    7408       2.2554
    7409       2.2584
    7410       2.3204
    7411       2.2369
    7412       2.2272
    7413       2.2665
    7414       2.2631
    7415       2.2684
    7416       2.3759
    7417       2.2700
    7418       2.2576
    7419       2.3288
    7420       2.3099
    7421       2.2542
    7422       2.4011
    7423       2.5367
    7424       2.3600
    7425       2.5813
    7426       2.6140
    7427       2.7018
    7428       2.5889
    7429       2.6117
    7430       2.5164
    7431       2.4498
    7432       2.6805
    7433       2.6699
    7434       2.5212
    7435       2.5255
    7436       2.4282
    7437       2.6161
    7438       2.3278
    7439       2.4555
    7440       2.4389
    7441       2.5768
    7442       2.6607
    7443       2.6559
    7444       2.5842
    7445       2.5654
    7446       2.4485
    7447       2.2752
    7448       1.9739
    7449       1.9635
    7450       2.0630
    7451       1.9716
    7452       2.1527
    7453       1.9964
    7454       2.0711
    7455       2.0368
    7456       1.9590
    7457       2.1680
    7458       2.2017
    7459       2.2270
    7460       2.4864
    7461       2.6076
    7462       2.6134
    7463       2.2623
    7464       2.6411
    7465       2.4816
    7466       2.6330
    7467       2.5576
    7468       2.2666
    7469       2.3357
    7470       2.4481
    7471       2.3145
    7472       2.4404
    7473       2.5168
    7474       2.4502
    7475       2.6484
    7476       2.3695
    7477       2.3986
    7478       2.4690
    7479       2.4300
    7480       2.3700
    7481       2.4666
    7482       2.4868
    7483       2.7762
    7484       2.6530
    7485       2.6150
    7486       2.8425
    7487       2.5979
    7488       2.8098
    7489       2.6294
    7490       2.4902
    7491       2.4945
    7492       2.7521
    7493       2.7805
    7494       2.6849
    7495       2.7291
    7496       2.6463
    7497       2.3473
    7498       2.2317
    7499       2.1835
    7500       2.1597
    7501       2.2257
    7502       2.3537
    7503       2.3262
    7504       2.4995
    7505       2.3002
    7506       2.3908
    7507       2.5159
    7508       2.3643
    7509       2.2019
    7510       2.3711
    7511       2.3112
    7512       2.2999
    7513       2.1759
    7514       2.3040
    7515       2.1361
    7516       2.1286
    7517       2.2577
    7518       2.2894
    7519       2.3084
    7520       2.4933
    7521       2.5379
    7522       2.6721
    7523       2.4095
    7524       2.5629
    7525       2.5843
    7526       2.6603
    7527       2.6970
    7528       2.5346
    7529       2.5893
    7530       2.6848
    7531       2.4321
    7532       2.4845
    7533       2.5526
    7534       2.5448
    7535       2.4914
    7536       2.4778
    7537       2.4793
    7538       2.4312
    7539       2.4611
    7540       2.4133
    7541       2.6804
    7542       2.4400
    7543       2.4859
    7544       2.6472
    7545       2.4829
    7546       2.3501
    7547       2.6658
    7548       2.5624
    7549       2.5442
    7550       2.7734
    7551       2.9365
    7552       2.9874
    7553       2.7837
    7554       2.5395
    7555       2.5692
    7556       2.9466
    7557       2.5424
    7558       2.3952
    7559       2.3051
    7560       2.6460
    7561       2.5689
    7562       2.5304
    7563       2.4662
    7564       2.3491
    7565       2.4095
    7566       2.3001
    7567       2.5301
    7568       2.4178
    7569       2.5238
    7570       2.4054
    7571       2.1640
    7572       2.1290
    7573       2.0858
    7574       2.2030
    7575       2.5045
    7576       2.3457
    7577       2.4297
    7578       2.2339
    7579       2.2513
    7580       2.4253
    7581       2.4548
    7582       2.6278
    7583       2.5236
    7584       2.4125
    7585       2.5954
    7586       2.4416
    7587       2.4036
    7588       2.4914
    7589       2.6930
    7590       2.7520
    7591       2.7442
    7592       2.6555
    7593       2.6995
    7594       2.4951
    7595       2.4660
    7596       2.3340
    7597       2.3332
    7598       2.2022
    7599       2.2488
    7600       2.2502
    7601       2.2889
    7602       2.3585
    7603       2.2663
    7604       2.3401
    7605       2.4963
    7606       2.4161
    7607       2.3319
    7608       2.2182
    7609       2.4188
    7610       2.4312
    7611       2.3868
    7612       2.3143
    7613       2.3068
    7614       2.3108
    7615       2.4423
    7616       2.3977
    7617       2.3971
    7618       2.4139
    7619       2.4204
    7620       2.3419
    7621       2.1847
    7622       2.1105
    7623       2.0373
    7624       2.0176
    7625       1.9689
    7626       2.1548
    7627       2.0881
    7628       1.9340
    7629       2.0224
    7630       1.9120
    7631       1.8877
    7632       2.0059
    7633       2.2387
    7634       2.2531
    7635       2.2545
    7636       2.1810
    7637       2.1905
    7638       2.0906
    7639       2.1563
    7640       2.1365
    7641       2.0983
    7642       2.0325
    7643       2.1828
    7644       2.1837
    7645       2.0938
    7646       2.2246
    7647       2.1854
    7648       2.1776
    7649       2.2485
    7650       2.2672
    7651       2.2913
    7652       1.9459
    7653       1.9425
    7654       1.9845
    7655       2.1167
    7656       1.8766
    7657       1.7726
    7658       1.7601
    7659       1.8309
    7660       2.0427
    7661       2.2753
    7662       2.3421
    7663       2.1555
    7664       2.0795
    7665       2.2496
    7666       2.3673
    7667       2.2989
    7668       2.0214
    7669       2.1851
    7670       2.1913
    7671       2.3872
    7672       2.3212
    7673       2.2641
    7674       2.4207
    7675       2.6468
    7676       2.4689
    7677       2.5886
    7678       2.5510
    7679       2.4030
    7680       2.4095
    7681       2.2905
    7682       2.2893
    7683       2.2453
    7684       2.0336
    7685       2.0149
    7686       2.1249
    7687       2.0275
    7688       1.9608
    7689       1.9766
    7690       1.9758
    7691       2.0035
    7692       2.0210
    7693       2.0423
    7694       2.0194
    7695       2.0844
    7696       2.0639
    7697       2.0649
    7698       2.1285
    7699       2.0068
    7700       1.8668
    7701       1.9004
    7702       1.8712
    7703       1.8712
    7704       1.9531
    7705       1.9273
    7706       1.8431
    7707       1.9171
    7708       1.9564
    7709       1.9931
    7710       1.7514
    7711       1.9637
    7712       1.8181
    7713       1.8273
    7714       1.9557
    7715       1.9569
    7716       2.0531
    7717       1.9348
    7718       1.9864
    7719       2.0897
    7720       2.0517
    7721       1.9645
    7722       2.1782
    7723       2.2939
    7724       2.1850
    7725       2.4110
    7726       2.1514
    7727       2.2221
    7728       2.1674
    7729       2.0279
    7730       1.8704
    7731       1.8847
    7732       1.9930
    7733       2.0772
    7734       2.0614
    7735       2.1134
    7736       2.0728
    7737       1.8401
    7738       1.9124
    7739       2.0161
    7740       1.8956
    7741       1.9510
    7742       1.9154
    7743       2.1237
    7744       2.0830
    7745       1.9490
    7746       2.0179
    7747       2.1167
    7748       2.1067
    7749       2.0137
    7750       2.1001
    7751       2.1668
    7752       2.3803
    7753       2.3111
    7754       2.2728
    7755       2.2449
    7756       2.2237
    7757       2.4045
    7758       2.5497
    7759       2.5542
    7760       2.4453
    7761       2.6840
    7762       2.7560
    7763       2.5962
    7764       2.6262
    7765       2.4635
    7766       2.4229
    7767       2.2640
    7768       2.3478
    7769       2.4445
    7770       2.6445
    7771       2.4874
    7772       2.5871
    7773       2.2053
    7774       2.3618
    7775       2.4230
    7776       2.3027
    7777       2.4182
    7778       2.5793
    7779       2.6527
    7780       2.6515
    7781       2.6959
    7782       2.6116
    7783       2.6495
    7784       2.6955
    7785       2.5517
    7786       2.6747
    7787       2.7815
    7788       2.7656
    7789       2.7019
    7790       2.7016
    7791       2.6955
    7792       2.7278
    7793       2.5776
    7794       2.5152
    7795       2.6814
    7796       2.6058
    7797       2.5219
    7798       2.5259
    7799       2.7056
    7800       2.9136
    7801       2.6918
    7802       2.8316
    7803       2.5895
    7804       2.5721
    7805       2.4432
    7806       2.3703
    7807       2.2668
    7808       2.2637
    7809       2.2551
    7810       2.3971
    7811       2.2336
    7812       2.1515
    7813       2.0653
    7814       2.0650
    7815       2.0869
    7816       2.3846
    7817       2.5304
    7818       2.5392
    7819       2.4985
    7820       2.5212
    7821       2.4648
    7822       2.5523
    7823       2.6936
    7824       2.6651
    7825       2.5757
    7826       2.6587
    7827       2.7124
    7828       2.5609
    7829       2.4264
    7830       2.5291
    7831       2.5590
    7832       2.7542
    7833       2.7217
    7834       2.6388
    7835       2.5966
    7836       2.5392
    7837       2.6617
    7838       2.5809
    7839       2.4442
    7840       2.3658
    7841       2.4616
    7842       2.6076
    7843       2.5327
    7844       2.5237
    7845       2.4808
    7846       2.6437
    7847       2.5036
    7848       2.4877
    7849       2.6752
    7850       2.4671
    7851       2.6022
    7852       2.4118
    7853       2.2566
    7854       2.4203
    7855       2.3117
    7856       2.3650
    7857       2.4281
    7858       2.5911
    7859       2.6746
    7860       2.7771
    7861       2.5925
    7862       2.1720
    7863       2.2890
    7864       2.1568
    7865       2.0869
    7866       2.0245
    7867       2.1294
    7868       2.0472
    7869       2.1560
    7870       2.1763
    7871       2.0247
    7872       2.2989
    7873       2.0924
    7874       2.1094
    7875       2.0998
    7876       2.3165
    7877       2.3715
    7878       2.3484
    7879       2.4330
    7880       2.3647
    7881       2.3527
    7882       2.2586
    7883       2.2547
    7884       2.4325
    7885       2.4514
    7886       2.4406
    7887       2.2846
    7888       2.3636
    7889       2.4298
    7890       2.4506
    7891       2.4100
    7892       2.5179
    7893       2.6031
    7894       2.4319
    7895       2.2565
    7896       2.2944
    7897       2.2017
    7898       2.2446
    7899       2.1078
    7900       1.9300
    7901       2.2483
    7902       2.2128
    7903       2.2421
    7904       2.2148
    7905       2.3653
    7906       2.3693
    7907       2.2613
    7908       2.3678
    7909       2.4035
    7910       2.3177
    7911       2.2739
    7912       2.2096
    7913       2.1524
    7914       2.0629
    7915       2.4037
    7916       2.3336
    7917       2.1321
    7918       2.1395
    7919       2.1350
    7920       2.2179
    7921       2.0159
    7922       1.9193
    7923       1.9996
    7924       2.0408
    7925       1.9742
    7926       2.0475
    7927       1.8061
    7928       1.7715
    7929       1.7129
    7930       1.7857
    7931       1.6344
    7932       1.6831
    7933       1.7486
    7934       1.6681
    7935       1.6235
    7936       1.7371
    7937       1.9019
    7938       2.0217
    7939       2.1618
    7940       2.1851
    7941       2.2593
    7942       2.1030
    7943       2.0296
    7944       1.9047
    7945       1.9020
    7946       1.7263
    7947       1.6545
    7948       1.7110
    7949       1.7584
    7950       1.9531
    7951       1.8781
    7952       1.9079
    7953       1.9757
    7954       2.0430
    7955       2.1144
    7956       2.2202
    7957       2.3106
    7958       2.4427
    7959       2.4368
    7960       2.3641
    7961       2.2158
    7962       2.1690
    7963       2.2454
    7964       2.4128
    7965       2.3180
    7966       2.3117
    7967       2.5466
    7968       2.6321
    7969       2.5430
    7970       2.3664
    7971       2.5203
    7972       2.6093
    7973       2.4393
    7974       2.4962
    7975       2.4323
    7976       2.2642
    7977       2.1778
    7978       2.3546
    7979       2.1737
    7980       2.2309
    7981       2.1460
    7982       2.0452
    7983       2.0016
    7984       1.9144
    7985       2.0051
    7986       1.9321
    7987       1.9968
    7988       1.9685
    7989       1.9872
    7990       2.1422
    7991       2.2474
    7992       2.0853
    7993       2.1689
    7994       1.9351
    7995       2.1527
    7996       2.0476
    7997       2.0847
    7998       2.1426
    7999       1.9763
    8000       1.9712
    8001       2.0508
    8002       2.0740
    8003       1.8687
    8004       1.9396
    8005       1.9746
    8006       2.2186
    8007       2.2121
    8008       2.2280
    8009       2.2806
    8010       2.3521
    8011       2.3931
    8012       2.3054
    8013       2.3907
    8014       2.2790
    8015       2.5121
    8016       2.5713
    8017       2.4657
    8018       2.4173
    8019       2.4516
    8020       2.4555
    8021       2.4705
    8022       2.5465
    8023       2.4875
    8024       2.4322
    8025       2.2048
    8026       2.4031
    8027       2.1846
    8028       2.3880
    8029       2.4378
    8030       2.3712
    8031       2.5753
    8032       2.3782
    8033       2.4907
    8034       2.3886
    8035       2.5015
    8036       2.3291
    8037       2.4114
    8038       2.7544
    8039       2.4394
    8040       2.3917
    8041       2.3566
    8042       2.3166
    8043       2.3399
    8044       2.2832
    8045       2.3717
    8046       2.4677
    8047       2.4622
    8048       2.4148
    8049       2.4152
    8050       2.4006
    8051       2.3905
    8052       2.4023
    8053       2.2627
    8054       2.3106
    8055       2.2818
    8056       2.4023
    8057       2.3513
    8058       2.5346
    8059       2.2794
    8060       2.3142
    8061       2.2671
    8062       2.1267
    8063       2.1346
    8064       2.1663
    8065       2.3599
    8066       2.4296
    8067       2.3728
    8068       2.5143
    8069       2.6304
    8070       2.4282
    8071       2.4068
    8072       2.4633
    8073       2.4821
    8074       2.5790
    8075       2.5121
    8076       2.4397
    8077       2.3732
    8078       2.3797
    8079       2.2009
    8080       2.4508
    8081       2.0871
    8082       2.2080
    8083       2.2327
    8084       2.3418
    8085       2.1822
    8086       2.3284
    8087       2.3424
    8088       2.3235
    8089       2.2876
    8090       2.3626
    8091       2.3066
    8092       2.2454
    8093       2.4491
    8094       2.5275
    8095       2.2848
    8096       2.3292
    8097       2.2850
    8098       2.2887
    8099       2.3209
    8100       2.0117
    8101       2.0319
    8102       2.0603
    8103       2.1764
    8104       2.3860
    8105       2.2531
    8106       2.2849
    8107       2.3096
    8108       2.3346
    8109       2.2045
    8110       2.2200
    8111       2.1943
    8112       2.2429
    8113       2.2312
    8114       2.3186
    8115       2.1895
    8116       2.1086
    8117       2.1600
    8118       2.0192
    8119       2.1338
    8120       2.1011
    8121       2.1627
    8122       2.1437
    8123       2.3291
    8124       2.1985
    8125       2.1064
    8126       2.2060
    8127       2.0114
    8128       2.0424
    8129       2.0777
    8130       2.1547
    8131       2.1256
    8132       2.1743
    8133       1.9384
    8134       1.8358
    8135       2.0666
    8136       2.1037
    8137       2.1244
    8138       2.1947
    8139       2.2791
    8140       2.1680
    8141       2.2694
    8142       2.1294
    8143       2.2486
    8144       2.2868
    8145       2.5750
    8146       2.5138
    8147       2.3448
    8148       2.3052
    8149       2.1410
    8150       2.4530
    8151       2.5075
    8152       2.4566
    8153       2.7354
    8154       2.6460
    8155       2.5012
    8156       2.4566
    8157       2.3011
    8158       2.2221
    8159       2.2595
    8160       2.1607
    8161       2.1924
    8162       2.1562
    8163       2.1394
    8164       2.3284
    8165       2.2111
    8166       2.3727
    8167       2.3424
    8168       2.4650
    8169       2.3092
    8170       2.2133
    8171       2.3590
    8172       2.3222
    8173       2.3549
    8174       2.3339
    8175       2.3119
    8176       2.1846
    8177       2.3309
    8178       2.3117
    8179       2.1667
    8180       2.1895
    8181       2.2038
    8182       2.2897
    8183       2.3053
    8184       2.1084
    8185       2.1785
    8186       2.1732
    8187       2.1004
    8188       2.2810
    8189       2.4450
    8190       2.5672
    8191       2.3822
    8192       2.4961
    8193       2.4030
    8194       2.2054
    8195       2.3200
    8196       2.3333
    8197       2.2675
    8198       2.3070
    8199       2.3469
    8200       2.1512
    8201       2.3716
    8202       2.4846
    8203       2.3645
    8204       2.2433
    8205       2.3075
    8206       2.4124
    8207       2.4264
    8208       2.4482
    8209       2.3998
    8210       2.5288
    8211       2.5522
    8212       2.4934
    8213       2.3091
    8214       2.3356
    8215       2.4015
    8216       2.3568
    8217       2.2980
    8218       2.3596
    8219       2.2714
    8220       2.4184
    8221       2.1169
    8222       2.0902
    8223       2.0769
    8224       2.2001
    8225       2.2277
    8226       2.3631
    8227       2.3671
    8228       2.1603
    8229       2.1399
    8230       2.2033
    8231       2.0781
    8232       2.1621
    8233       2.1746
    8234       2.0953
    8235       2.2619
    8236       2.3636
    8237       2.3498
    8238       2.2027
    8239       2.3102
    8240       2.4644
    8241       2.4326
    8242       2.5055
    8243       2.3981
    8244       2.4048
    8245       2.4415
    8246       2.6223
    8247       2.6141
    8248       2.4881
    8249       2.4924
    8250       2.6255
    8251       2.6356
    8252       2.5506
    8253       2.5273
    8254       2.4990
    8255       2.3766
    8256       2.4262
    8257       2.3736
    8258       2.2778
    8259       2.3288
    8260       2.5768
    8261       2.2956
    8262       2.3432
    8263       2.3207
    8264       2.3474
    8265       2.3138
    8266       2.1950
    8267       2.3538
    8268       2.2362
    8269       2.0667
    8270       2.1560
    8271       2.1988
    8272       1.9820
    8273       2.1932
    8274       2.2542
    8275       2.3890
    8276       2.3906
    8277       2.1107
    8278       2.0389
    8279       2.0833
    8280       1.7899
    8281       1.9033
    8282       1.8289
    8283       2.0246
    8284       2.1240
    8285       2.2531
    8286       2.2566
    8287       2.3806
    8288       2.3370
    8289       2.2668
    8290       2.2121
    8291       2.5129
    8292       2.2186
    8293       2.1336
    8294       2.1198
    8295       2.0635
    8296       2.1910
    8297       2.1365
    8298       2.1520
    8299       2.2340
    8300       2.2515
    8301       2.1677
    8302       2.1839
    8303       2.3147
    8304       2.4253
    8305       2.1974
    8306       2.1809
    8307       2.0945
    8308       2.2189
    8309       2.1189
    8310       2.0680
    8311       2.1353
    8312       2.1736
    8313       2.0317
    8314       2.0190
    8315       1.9598
    8316       2.0067
    8317       2.0756
    8318       2.3264
    8319       2.2741
    8320       2.1099
    8321       2.1011
    8322       2.1185
    8323       2.0106
    8324       2.0867
    8325       1.8277
    8326       1.9055
    8327       1.9678
    8328       1.9946
    8329       2.2737
    8330       2.2583
    8331       2.4356
    8332       2.4900
    8333       2.5489
    8334       2.6265
    8335       2.4334
    8336       2.2693
    8337       2.2779
    8338       2.2874
    8339       2.1867
    8340       2.2069
    8341       2.0847
    8342       2.0559
    8343       2.1515
    8344       2.1526
    8345       2.2306
    8346       2.1225
    8347       2.1525
    8348       2.2461
    8349       2.0686
    8350       2.3215
    8351       2.2430
    8352       2.2615
    8353       2.2477
    8354       2.3258
    8355       2.4798
    8356       2.0747
    8357       2.0362
    8358       2.0687
    8359       2.0301
    8360       1.9938
    8361       2.0294
    8362       2.1024
    8363       2.0158
    8364       2.0821
    8365       2.1632
    8366       2.2436
    8367       2.0837
    8368       2.0202
    8369       1.9613
    8370       2.0332
    8371       1.8879
    8372       2.0068
    8373       2.0381
    8374       2.0805
    8375       2.1213
    8376       2.0927
    8377       2.1229
    8378       1.9655
    8379       1.9423
    8380       2.1188
    8381       2.0601
    8382       2.0728
    8383       2.1106
    8384       2.0849
    8385       1.9515
    8386       1.9894
    8387       2.0814
    8388       2.0723
    8389       2.2693
    8390       2.0283
    8391       1.9589
    8392       1.8119
    8393       1.9167
    8394       1.8157
    8395       1.9151
    8396       2.0538
    8397       2.0952
    8398       2.0284
    8399       1.9904
    8400       2.2616
    8401       2.0388
    8402       2.1290
    8403       2.1371
    8404       2.0393
    8405       2.1913
    8406       2.3631
    8407       2.4668
    8408       2.2359
    8409       2.1267
    8410       2.1441
    8411       2.3776
    8412       2.2806
    8413       2.2160
    8414       2.1690
    8415       2.2690
    8416       2.0656
    8417       2.0260
    8418       2.0515
    8419       2.2105
    8420       2.1177
    8421       1.8823
    8422       2.0655
    8423       2.3176
    8424       1.9844
    8425       1.9218
    8426       1.9182
    8427       1.8859
    8428       1.9021
    8429       1.9207
    8430       2.0893
    8431       1.9987
    8432       2.0953
    8433       2.3389
    8434       2.3564
    8435       2.3160
    8436       2.3023
    8437       2.1856
    8438       2.2079
    8439       2.3170
    8440       2.3971
    8441       2.2357
    8442       2.1591
    8443       2.2715
    8444       2.2276
    8445       2.3154
    8446       2.5069
    8447       2.5734
    8448       2.4868
    8449       2.5060
    8450       2.5298
    8451       2.6045
    8452       2.4892
    8453       2.3723
    8454       2.4643
    8455       2.8022
    8456       2.8972
    8457       2.7835
    8458       2.5965
    8459       2.4744
    8460       2.4864
    8461       2.3776
    8462       2.5668
    8463       2.4122
    8464       2.5205
    8465       2.4250
    8466       2.5413
    8467       2.4716
    8468       2.5096
    8469       2.4271
    8470       2.2149
    8471       2.3589
    8472       2.2812
    8473       2.1945
    8474       2.2680
    8475       2.0833
    8476       2.1702
    8477       2.0470
    8478       2.1162
    8479       2.3280
    8480       2.3385
    8481       2.3342
    8482       2.5143
    8483       2.5282
    8484       2.6481
    8485       2.7291
    8486       2.6220
    8487       2.5539
    8488       2.5350
    8489       2.6250
    8490       2.5157
    8491       2.4188
    8492       2.5301
    8493       2.3672
    8494       2.4081
    8495       2.3597
    8496       2.2968
    8497       2.2738
    8498       2.2126
    8499       2.3997
    8500       2.5232
    8501       2.4035
    8502       2.3208
    8503       2.6017
    8504       2.5123
    8505       2.4982
    8506       2.5875
    8507       2.6559
    8508       2.5350
    8509       2.6487
    8510       2.6219
    8511       2.6879
    8512       2.7328
    8513       2.4658
    8514       2.3369
    8515       2.2979
    8516       2.2924
    8517       2.4738
    8518       2.4265
    8519       2.5144
    8520       2.3980
    8521       2.2351
    8522       2.1117
    8523       2.1012
    8524       2.2102
    8525       2.0645
    8526       2.2464
    8527       2.2145
    8528       2.1468
    8529       2.1368
    8530       2.0271
    8531       2.2031
    8532       2.3767
    8533       2.5587
    8534       2.4133
    8535       2.3703
    8536       2.4840
    8537       2.5790
    8538       2.3228
    8539       2.2139
    8540       2.2014
    8541       2.3515
    8542       2.3002
    8543       2.6663
    8544       2.6338
    8545       2.7409
    8546       2.5154
    8547       2.4394
    8548       2.2331
    8549       2.0703
    8550       2.1857
    8551       2.0174
    8552       2.2042
    8553       1.9482
    8554       2.0443
    8555       2.1230
    8556       2.3533
    8557       2.4339
    8558       2.2686
    8559       2.2540
    8560       2.2763
    8561       2.1520
    8562       2.3470
    8563       2.1355
    8564       2.4386
    8565       2.2870
    8566       2.1685
    8567       2.2415
    8568       2.2255
    8569       2.0536
    8570       2.0475
    8571       2.0229
    8572       2.0626
    8573       2.3064
    8574       2.1740
    8575       2.2840
    8576       2.2565
    8577       2.1756
    8578       2.2009
    8579       2.0933
    8580       2.1535
    8581       2.2062
    8582       2.1585
    8583       2.1537
    8584       2.0754
    8585       2.0376
    8586       2.0407
    8587       2.0037
    8588       2.0309
    8589       2.0651
    8590       2.0731
    8591       2.0201
    8592       1.7881
    8593       1.9156
    8594       1.8058
    8595       1.9549
    8596       1.8423
    8597       1.8667
    8598       1.8897
    8599       1.8929
    8600       1.8692
    8601       1.8897
    8602       1.7896
    8603       1.8813
    8604       1.9219
    8605       1.9890
    8606       2.0861
    8607       1.9372
    8608       2.0891
    8609       2.3291
    8610       2.2849
    8611       2.3314
    8612       2.2903
    8613       2.2188
    8614       2.0946
    8615       2.1858
    8616       2.0659
    8617       2.0925
    8618       2.0165
    8619       2.0523
    8620       2.1417
    8621       2.2308
    8622       2.2065
    8623       2.0562
    8624       2.0832
    8625       2.0677
    8626       2.0996
    8627       2.2866
    8628       2.0798
    8629       2.0510
    8630       2.0704
    8631       2.1888
    8632       2.1966
    8633       2.2802
    8634       2.2164
    8635       2.4319
    8636       2.4449
    8637       2.6333
    8638       2.4415
    8639       2.4711
    8640       2.3429
    8641       2.2292
    8642       2.3112
    8643       2.2760
    8644       2.0797
    8645       2.1725
    8646       2.1918
    8647       2.3800
    8648       2.3719
    8649       2.3948
    8650       2.4734
    8651       2.4083
    8652       2.3257
    8653       2.2667
    8654       2.4939
    8655       2.5466
    8656       2.5481
    8657       2.5556
    8658       2.6078
    8659       2.5563
    8660       2.5429
    8661       2.6061
    8662       2.5485
    8663       2.6030
    8664       2.5564
    8665       2.4113
    8666       2.2956
    8667       2.5026
    8668       2.3735
    8669       2.4939
    8670       2.4296
    8671       2.4836
    8672       2.5677
    8673       2.5021
    8674       2.3498
    8675       2.3221
    8676       2.2251
    8677       2.4279
    8678       2.2871
    8679       2.2688
    8680       2.0812
    8681       2.1827
    8682       1.9052
    8683       1.9250
    8684       1.9992
    8685       2.1226
    8686       1.9467
    8687       1.9632
    8688       1.9559
    8689       1.9224
    8690       2.1674
    8691       2.2563
    8692       2.4639
    8693       2.3845
    8694       2.4498
    8695       2.5329
    8696       2.2457
    8697       2.0811
    8698       2.0851
    8699       2.1752
    8700       2.3047
    8701       2.2601
    8702       2.3251
    8703       2.2187
    8704       2.2199
    8705       2.3925
    8706       2.4752
    8707       2.3443
    8708       2.2888
    8709       2.5347
    8710       2.2983
    8711       2.2949
    8712       2.0126
    8713       2.0132
    8714       2.1220
    8715       2.1342
    8716       2.0450
    8717       2.1150
    8718       2.0635
    8719       2.2465
    8720       2.3752
    8721       2.2332
    8722       2.3279
    8723       2.2652
    8724       2.2964
    8725       2.3034
    8726       2.3757
    8727       2.2877
    8728       2.1012
    8729       2.2073
    8730       2.2084
    8731       2.3129
    8732       2.4064
    8733       2.3904
    8734       2.3783
    8735       2.3731
    8736       2.4051
    8737       2.3159
    8738       2.4839
    8739       2.2279
    8740       2.3830
    8741       2.4118
    8742       2.3660
    8743       2.3550
    8744       2.5607
    8745       2.4581
    8746       2.3646
    8747       2.3697
    8748       2.4374
    8749       2.2653
    8750       2.1154
    8751       2.0520
    8752       1.9675
    8753       2.0962
    8754       2.1867
    8755       2.3046
    8756       2.3413
    8757       2.2160
    8758       1.9951
    8759       2.0833
    8760       2.0918
    8761       2.0304
    8762       2.0385
    8763       2.1177
    8764       2.1286
    8765       2.2226
    8766       1.9640
    8767       1.9568
    8768       1.9283
    8769       1.9220
    8770       2.0059
    8771       2.1131
    8772       2.0947
    8773       2.2000
    8774       2.2785
    8775       2.2375
    8776       2.1188
    8777       2.2023
    8778       2.2156
    8779       2.3601
    8780       2.3678
    8781       2.1363
    8782       2.1068
    8783       2.0609
    8784       2.2322
    8785       2.3063
    8786       2.2629
    8787       2.2273
    8788       2.1287
    8789       2.1011
    8790       2.0425
    8791       2.3326
    8792       2.3038
    8793       2.2956
    8794       2.3920
    8795       2.5158
    8796       2.1017
    8797       2.3029
    8798       2.3964
    8799       2.2916
    8800       2.3860
    8801       2.4031
    8802       2.4333
    8803       2.4033
    8804       2.5213
    8805       2.3711
    8806       2.2692
    8807       2.2591
    8808       2.4374
    8809       2.6759
    8810       2.6221
    8811       2.7908
    8812       2.6588
    8813       2.4755
    8814       2.4764
    8815       2.4125
    8816       2.3945
    8817       2.6402
    8818       2.6017
    8819       2.5052
    8820       2.6153
    8821       2.6818
    8822       2.7311
    8823       2.5674
    8824       2.5990
    8825       2.6450
    8826       2.5301
    8827       2.5112
    8828       2.3318
    8829       2.3954
    8830       2.4195
    8831       2.2544
    8832       2.4901
    8833       2.4810
    8834       2.3600
    8835       2.6556
    8836       2.7061
    8837       2.7012
    8838       2.5267
    8839       2.3774
    8840       2.3076
    8841       2.4717
    8842       2.3530
    8843       2.4849
    8844       2.5595
    8845       2.3564
    8846       2.3418
    8847       2.3234
    8848       2.3468
    8849       2.3102
    8850       2.2374
    8851       2.2730
    8852       2.1140
    8853       2.2809
    8854       2.2401
    8855       2.2491
    8856       2.2215
    8857       2.4251
    8858       2.5565
    8859       2.6125
    8860       2.5812
    8861       2.6443
    8862       2.4764
    8863       2.2660
    8864       2.2465
    8865       2.2252
    8866       2.3371
    8867       2.4463
    8868       2.3851
    8869       2.4592
    8870       2.4893
    8871       2.3046
    8872       2.2708
    8873       2.3526
    8874       2.1816
    8875       2.1140
    8876       2.0729
    8877       2.1151
    8878       2.1364
    8879       2.1546
    8880       2.2237
    8881       2.2868
    8882       2.3155
    8883       2.3705
    8884       2.5150
    8885       2.3430
    8886       2.4198
    8887       2.4026
    8888       2.3701
    8889       2.3278
    8890       2.3460
    8891       2.2506
    8892       2.3910
    8893       2.3927
    8894       2.5134
    8895       2.5108
    8896       2.4936
    8897       2.4503
    8898       2.2375
    8899       2.2020
    8900       2.3290
    8901       2.2322
    8902       2.2978
    8903       2.1014
    8904       2.0562
    8905       2.1005
    8906       2.1481
    8907       2.1081
    8908       2.2361
    8909       2.0793
    8910       2.1687
    8911       2.2787
    8912       2.4458
    8913       2.4918
    8914       2.4138
    8915       2.2361
    8916       2.1646
    8917       2.1290
    8918       1.9652
    8919       2.0080
    8920       2.0587
    8921       2.0436
    8922       2.2227
    8923       2.1405
    8924       2.1275
    8925       2.0937
    8926       2.0990
    8927       2.1489
    8928       2.1844
    8929       2.3560
    8930       2.1651
    8931       2.2058
    8932       2.2073
    8933       2.0350
    8934       2.0397
    8935       2.2363
    8936       2.1715
    8937       2.1691
    8938       2.1964
    8939       2.2174
    8940       2.0993
    8941       2.1770
    8942       2.2951
    8943       2.3668
    8944       2.3754
    8945       2.2362
    8946       2.1596
    8947       2.2047
    8948       2.2132
    8949       1.8920
    8950       2.0191
    8951       2.1023
    8952       2.0131
    8953       1.9735
    8954       1.8989
    8955       1.9415
    8956       2.1182
    8957       2.2414
    8958       2.4000
    8959       2.4473
    8960       2.4609
    8961       2.4255
    8962       2.3837
    8963       2.4804
    8964       2.4370
    8965       2.4047
    8966       2.5270
    8967       2.5080
    8968       2.4776
    8969       2.4482
    8970       2.4663
    8971       2.2936
    8972       2.3009
    8973       2.2924
    8974       2.2095
    8975       2.3820
    8976       2.3616
    8977       2.1789
    8978       2.2158
    8979       2.2803
    8980       2.3928
    8981       2.4148
    8982       2.3868
    8983       2.2949
    8984       2.3579
    8985       2.3855
    8986       2.4693
    8987       2.3515
    8988       2.3029
    8989       2.3065
    8990       2.1970
    8991       2.0241
    8992       2.1970
    8993       2.2023
    8994       2.1896
    8995       2.1009
    8996       1.9948
    8997       2.1168
    8998       2.1063
    8999       2.1728
    9000       2.1625
    9001       2.1373
    9002       2.1627
    9003       2.1731
    9004       2.2318
    9005       2.0901
    9006       2.0821
    9007       2.0185
    9008       2.0355
    9009       2.1325
    9010       2.1362
    9011       2.1465
    9012       2.1440
    9013       2.1170
    9014       2.0968
    9015       1.9982
    9016       2.1146
    9017       2.1864
    9018       2.0967
    9019       2.1598
    9020       2.1235
    9021       2.2609
    9022       2.1605
    9023       2.2426
    9024       2.0800
    9025       2.0468
    9026       2.1623
    9027       2.0769
    9028       1.9260
    9029       1.9477
    9030       2.0666
    9031       2.0947
    9032       2.1838
    9033       2.2417
    9034       2.3711
    9035       2.3751
    9036       2.4199
    9037       2.4884
    9038       2.3580
    9039       2.6450
    9040       2.5904
    9041       2.7378
    9042       2.5545
    9043       2.4041
    9044       2.5044
    9045       2.3177
    9046       2.4310
    9047       2.5880
    9048       2.5246
    9049       2.7032
    9050       2.6884
    9051       2.6817
    9052       2.6164
    9053       2.7412
    9054       2.4933
    9055       2.4604
    9056       2.5037
    9057       2.3596
    9058       2.3972
    9059       2.3060
    9060       2.2896
    9061       2.1600
    9062       2.0371
    9063       2.2680
    9064       2.3460
    9065       2.2427
    9066       2.3814
    9067       2.3524
    9068       2.4926
    9069       2.2686
    9070       2.0941
    9071       2.1589
    9072       2.1313
    9073       2.0890
    9074       2.3007
    9075       2.2231
    9076       2.2016
    9077       2.3887
    9078       2.3896
    9079       2.3335
    9080       2.4572
    9081       2.3310
    9082       2.4182
    9083       2.5092
    9084       2.4783
    9085       2.5168
    9086       2.1689
    9087       2.2945
    9088       2.4041
    9089       2.4183
    9090       2.3577
    9091       2.7296
    9092       2.4366
    9093       2.6331
    9094       2.6257
    9095       2.4886
    9096       2.4280
    9097       2.2102
    9098       2.1310
    9099       1.9064
    9100       2.0238
    9101       2.1380
    9102       2.1523
    9103       2.2769
    9104       2.1774
    9105       2.1551
    9106       2.3332
    9107       2.3288
    9108       2.1923
    9109       2.2318
    9110       2.3989
    9111       2.3540
    9112       2.5014
    9113       2.5222
    9114       2.4729
    9115       2.4686
    9116       2.5238
    9117       2.4913
    9118       2.4349
    9119       2.2610
    9120       2.2895
    9121       2.5017
    9122       2.4410
    9123       2.5052
    9124       2.5512
    9125       2.4520
    9126       2.5663
    9127       2.4557
    9128       2.5460
    9129       2.4308
    9130       2.4979
    9131       2.5301
    9132       2.4820
    9133       2.5684
    9134       2.5868
    9135       2.4314
    9136       2.2782
    9137       2.3473
    9138       2.1894
    9139       2.1655
    9140       2.4166
    9141       2.3488
    9142       2.2839
    9143       2.1993
    9144       2.0535
    9145       2.0688
    9146       2.1563
    9147       2.1448
    9148       2.1727
    9149       2.1761
    9150       2.1880
    9151       1.9901
    9152       2.1295
    9153       2.0715
    9154       2.1195
    9155       1.9599
    9156       1.9872
    9157       1.9550
    9158       2.1138
    9159       2.2204
    9160       2.0826
    9161       2.0234
    9162       1.9512
    9163       1.9960
    9164       2.0619
    9165       2.1887
    9166       2.0390
    9167       1.9995
    9168       2.0180
    9169       2.0953
    9170       2.2084
    9171       2.1301
    9172       2.1915
    9173       2.3464
    9174       2.2947
    9175       2.2629
    9176       2.1807
    9177       2.1521
    9178       2.0460
    9179       2.0054
    9180       2.1563
    9181       2.0521
    9182       2.0390
    9183       1.9397
    9184       1.9731
    9185       1.8783
    9186       1.7402
    9187       1.8572
    9188       1.8732
    9189       1.9566
    9190       2.0239
    9191       2.0445
    9192       1.9969
    9193       2.1210
    9194       1.9679
    9195       1.9755
    9196       1.9344
    9197       1.9733
    9198       1.9969
    9199       2.0250
    9200       2.0015
    9201       1.9021
    9202       1.8324
    9203       2.0035
    9204       1.9827
    9205       1.9660
    9206       1.9602
    9207       1.9550
    9208       2.2274
    9209       2.2775
    9210       2.1568
    9211       2.2409
    9212       2.3174
    9213       2.1336
    9214       2.2551
    9215       2.4003
    9216       2.5108
    9217       2.3512
    9218       2.3485
    9219       2.4638
    9220       2.4088
    9221       2.5558
    9222       2.3950
    9223       2.4025
    9224       2.5383
    9225       2.4586
    9226       2.3911
    9227       2.4101
    9228       2.5217
    9229       2.5305
    9230       2.5384
    9231       2.5164
    9232       2.5633
    9233       2.2164
    9234       2.1896
    9235       2.3208
    9236       2.3540
    9237       2.3337
    9238       2.6118
    9239       2.8385
    9240       2.7582
    9241       2.7070
    9242       2.4804
    9243       2.5766
    9244       2.6173
    9245       2.7610
    9246       2.6021
    9247       2.6379
    9248       2.4898
    9249       2.4614
    9250       2.4918
    9251       2.5951
    9252       2.6282
    9253       2.7208
    9254       2.7476
    9255       2.5712
    9256       2.6129
    9257       2.6624
    9258       2.5266
    9259       2.5077
    9260       2.4439
    9261       2.5475
    9262       2.5397
    9263       2.4126
    9264       2.2202
    9265       2.2735
    9266       2.2953
    9267       2.1709
    9268       2.2465
    9269       2.2189
    9270       2.3749
    9271       2.4034
    9272       2.3284
    9273       2.4278
    9274       2.3447
    9275       2.2325
    9276       2.2748
    9277       2.3563
    9278       2.1607
    9279       2.2810
    9280       2.2946
    9281       2.1832
    9282       1.9571
    9283       2.0517
    9284       2.0553
    9285       2.1902
    9286       2.3628
    9287       2.1478
    9288       2.2626
    9289       2.1751
    9290       2.3612
    9291       2.1414
    9292       2.1271
    9293       2.0392
    9294       1.9517
    9295       2.0105
    9296       2.0943
    9297       2.0799
    9298       2.1924
    9299       2.1997
    9300       2.0692
    9301       2.1319
    9302       2.2444
    9303       2.2406
    9304       2.1318
    9305       2.1026
    9306       1.9660
    9307       2.0101
    9308       2.0288
    9309       1.9134
    9310       2.0122
    9311       2.3285
    9312       2.1305
    9313       2.0172
    9314       2.1458
    9315       2.2654
    9316       2.2386
    9317       2.2562
    9318       2.3942
    9319       2.1952
    9320       2.1059
    9321       2.1250
    9322       1.9984
    9323       1.9258
    9324       1.8576
    9325       1.7634
    9326       1.7726
    9327       1.6823
    9328       2.0586
    9329       2.0979
    9330       2.1820
    9331       2.1693
    9332       2.0255
    9333       2.0490
    9334       1.8401
    9335       1.8691
    9336       1.9191
    9337       1.9625
    9338       1.7191
    9339       1.8202
    9340       1.7893
    9341       1.9098
    9342       2.0403
    9343       2.1206
    9344       2.1392
    9345       1.9998
    9346       2.0360
    9347       2.0190
    9348       1.9978
    9349       1.9766
    9350       2.1091
    9351       2.0243
    9352       2.0276
    9353       1.9366
    9354       2.0254
    9355       2.0485
    9356       2.0533
    9357       2.2554
    9358       2.1157
    9359       2.0062
    9360       1.9638
    9361       1.9411
    9362       2.0115
    9363       1.9803
    9364       1.9578
    9365       2.0942
    9366       2.1483
    9367       2.2261
    9368       2.1746
    9369       2.1638
    9370       2.2299
    9371       2.0851
    9372       1.9860
    9373       2.1494
    9374       2.1994
    9375       1.9850
    9376       1.9185
    9377       1.9040
    9378       2.0073
    9379       1.9764
    9380       1.9182
    9381       1.9119
    9382       1.8958
    9383       2.0198
    9384       2.2153
    9385       2.1937
    9386       2.2913
    9387       2.1447
    9388       2.1174
    9389       2.3031
    9390       2.2968
    9391       2.3385
    9392       2.3674
    9393       2.3819
    9394       2.4470
    9395       2.5707
    9396       2.5155
    9397       2.5390
    9398       2.5696
    9399       2.4162
    9400       2.4916
    9401       2.5038
    9402       2.5087
    9403       2.7861
    9404       2.5828
    9405       2.5945
    9406       2.6974
    9407       2.6685
    9408       2.7331
    9409       2.8045
    9410       2.8278
    9411       2.6369
    9412       2.7466
    9413       2.6259
    9414       2.5385
    9415       2.6043
    9416       2.7475
    9417       2.3519
    9418       2.5430
    9419       2.4435
    9420       2.3601
    9421       2.5385
    9422       2.5621
    9423       2.3885
    9424       2.5275
    9425       2.2233
    9426       2.2110
    9427       2.1814
    9428       2.0603
    9429       2.1542
    9430       2.1083
    9431       2.1762
    9432       2.1153
    9433       2.3238
    9434       2.4269
    9435       2.4224
    9436       2.2075
    9437       2.2360
    9438       2.2063
    9439       2.2203
    9440       2.2100
    9441       2.2353
    9442       2.2036
    9443       2.1910
    9444       2.2045
    9445       2.2110
    9446       2.3508
    9447       2.2550
    9448       2.4090
    9449       2.2695
    9450       2.1854
    9451       2.2475
    9452       2.2060
    9453       2.3036
    9454       2.1027
    9455       2.4084
    9456       2.2865
    9457       2.4542
    9458       2.4512
    9459       2.5008
    9460       2.6395
    9461       2.5093
    9462       2.4808
    9463       2.3550
    9464       2.4904
    9465       2.4653
    9466       2.2117
    9467       2.2459
    9468       2.2383
    9469       2.1086
    9470       2.1442
    9471       2.3056
    9472       2.2665
    9473       2.2086
    9474       2.2195
    9475       2.2497
    9476       2.3231
    9477       2.2451
    9478       2.3485
    9479       2.4466
    9480       2.4913
    9481       2.5109
    9482       2.4397
    9483       2.2224
    9484       2.2377
    9485       2.1415
    9486       2.0818
    9487       2.3740
    9488       2.3893
    9489       2.3416
    9490       2.1866
    9491       2.0643
    9492       2.0533
    9493       2.1309
    9494       2.2549
    9495       2.3620
    9496       2.3841
    9497       2.1189
    9498       2.0897
    9499       2.1122
    9500       2.2042
    9501       2.0444
    9502       1.9094
    9503       1.9951
    9504       2.0835
    9505       2.1076
    9506       2.0892
    9507       2.1427
    9508       2.1565
    9509       2.1876
    9510       2.1906
    9511       2.2099
    9512       2.4116
    9513       2.1653
    9514       2.1049
    9515       2.2129
    9516       2.1550
    9517       2.2346
    9518       2.3391
    9519       2.3499
    9520       2.2272
    9521       2.3661
    9522       2.3975
    9523       2.4658
    9524       2.4261
    9525       2.4330
    9526       2.4687
    9527       2.3818
    9528       2.5323
    9529       2.2931
    9530       2.2615
    9531       2.1850
    9532       2.2619
    9533       2.3101
    9534       2.3088
    9535       2.1645
    9536       2.3561
    9537       2.1131
    9538       2.1702
    9539       2.0904
    9540       2.0447
    9541       2.0878
    9542       2.1282
    9543       2.0543
    9544       1.9520
    9545       1.9633
    9546       1.8667
    9547       1.9220
    9548       2.0050
    9549       1.9890
    9550       1.9067
    9551       2.0824
    9552       2.2097
    9553       2.2386
    9554       2.1821
    9555       2.2727
    9556       2.2035
    9557       2.1717
    9558       2.1971
    9559       2.1865
    9560       2.1853
    9561       2.0655
    9562       2.1898
    9563       2.0218
    9564       1.9592
    9565       1.8065
    9566       1.9090
    9567       1.9304
    9568       2.1595
    9569       1.8456
    9570       1.9267
    9571       1.9527
    9572       2.1612
    9573       2.3242
    9574       2.2293
    9575       2.0650
    9576       1.9437
    9577       2.1432
    9578       2.0719
    9579       2.2133
    9580       2.1225
    9581       2.2302
    9582       2.0566
    9583       2.1234
    9584       2.2344
    9585       2.3442
    9586       2.1895
    9587       2.2610
    9588       2.3395
    9589       2.4569
    9590       2.2487
    9591       2.3006
    9592       2.4063
    9593       2.2801
    9594       2.2501
    9595       2.2705
    9596       2.2156
    9597       2.2268
    9598       2.0623
    9599       2.0608
    9600       2.1831
    9601       2.2324
    9602       2.3446
    9603       2.4016
    9604       2.3667
    9605       2.2022
    9606       2.2433
    9607       2.0854
    9608       2.1995
    9609       2.1054
    9610       2.1404
    9611       2.1928
    9612       2.2189
    9613       2.2344
    9614       2.0543
    9615       2.0113
    9616       1.8141
    9617       1.8679
    9618       1.9424
    9619       1.9019
    9620       2.1486
    9621       2.2834
    9622       2.3722
    9623       2.4477
    9624       2.3433
    9625       2.1216
    9626       2.0964
    9627       2.2926
    9628       2.4706
    9629       2.3161
    9630       2.4080
    9631       2.4700
    9632       2.3653
    9633       2.4093
    9634       2.2817
    9635       2.4005
    9636       2.4021
    9637       2.1501
    9638       2.2366
    9639       2.2771
    9640       2.2296
    9641       2.3328
    9642       2.5548
    9643       2.5047
    9644       2.4643
    9645       2.4474
    9646       2.4929
    9647       2.0829
    9648       2.1721
    9649       2.1457
    9650       2.2000
    9651       2.0627
    9652       2.0495
    9653       2.1384
    9654       2.0404
    9655       2.3191
    9656       2.4444
    9657       2.5531
    9658       2.6336
    9659       2.5553
    9660       2.4810
    9661       2.7132
    9662       2.8471
    9663       2.9219
    9664       2.7943
    9665       2.9355
    9666       2.9815
    9667       3.1915
    9668       2.9674
    9669       2.8444
    9670       2.5414
    9671       2.4027
    9672       2.3144
    9673       2.3027
    9674       2.3004
    9675       2.2891
    9676       2.4139
    9677       2.3801
    9678       2.3710
    9679       2.4080
    9680       2.3838
    9681       2.3754
    9682       2.5259
    9683       2.4666
    9684       2.5259
    9685       2.3952
    9686       2.3971
    9687       2.2104
    9688       2.1610
    9689       2.3383
    9690       2.3121
    9691       2.1929
    9692       2.3070
    9693       2.3881
    9694       2.4829
    9695       2.4263
    9696       2.3530
    9697       2.4290
    9698       2.2549
    9699       2.3312
    9700       2.4172
    9701       2.5228
    9702       2.4379
    9703       2.4902
    9704       2.6294
    9705       2.5107
    9706       2.6057
    9707       2.7003
    9708       2.6685
    9709       2.6973
    9710       2.7252
    9711       2.6235
    9712       2.7339
    9713       2.5469
    9714       2.6883
    9715       2.6945
    9716       2.7620
    9717       2.4974
    9718       2.5583
    9719       2.5878
    9720       2.5474
    9721       2.5018
    9722       2.5516
    9723       2.5667
    9724       2.6823
    9725       2.6754
    9726       2.7810
    9727       2.7961
    9728       2.8515
    9729       3.0370
    9730       3.1798
    9731       2.8014
    9732       2.6986
    9733       2.8133
    9734       2.8955
    9735       2.8998
    9736       2.9279
    9737       3.1553
    9738       3.0951
    9739       3.1389
    9740       2.9755
    9741       2.9065
    9742       2.6566
    9743       2.4940
    9744       2.5176
    9745       2.7319
    9746       2.6640
    9747       2.5578
    9748       2.5327
    9749       2.4380
    9750       2.2617
    9751       2.5090
    9752       2.2455
    9753       2.2918
    9754       2.3019
    9755       2.2697
    9756       2.4267
    9757       2.4636
    9758       2.4986
    9759       2.5218
    9760       2.4227
    9761       2.5506
    9762       2.6887
    9763       2.7463
    9764       2.7642
    9765       2.6731
    9766       2.6321
    9767       2.4058
    9768       2.5155
    9769       2.4211
    9770       2.1667
    9771       2.2392
    9772       2.2805
    9773       2.2507
    9774       2.3455
    9775       2.5491
    9776       2.5579
    9777       2.5428
    9778       2.7568
    9779       2.6306
    9780       2.7205
    9781       2.7221
    9782       2.6873
    9783       2.6810
    9784       2.4902
    9785       2.5695
    9786       2.5629
    9787       2.4269
    9788       2.3913
    9789       2.5306
    9790       2.5250
    9791       2.4299
    9792       2.4059
    9793       2.5784
    9794       2.3905
    9795       2.4824
    9796       2.6641
    9797       2.4430
    9798       2.3132
    9799       2.3181
    9800       2.1537
    9801       2.0857
    9802       2.2427
    9803       2.3049
    9804       2.4080
    9805       2.4941
    9806       2.4865
    9807       2.4913
    9808       2.3434
    9809       2.4604
    9810       2.1607
    9811       2.2220
    9812       2.1849
    9813       2.2946
    9814       2.2361
    9815       2.4053
    9816       2.3717
    9817       2.4565
    9818       2.3644
    9819       2.4042
    9820       2.1780
    9821       2.2335
    9822       2.2470
    9823       2.3489
    9824       2.1624
    9825       2.4290
    9826       2.4228
    9827       2.5538
    9828       2.4937
    9829       2.6647
    9830       2.6935
    9831       2.6438
    9832       2.7586
    9833       2.6302
    9834       2.6397
    9835       2.6658
    9836       2.6562
    9837       2.7145
    9838       2.5107
    9839       2.7367
    9840       2.8285
    9841       2.8834
    9842       2.7868
    9843       2.6615
    9844       2.8363
    9845       2.8270
    9846       2.7479
    9847       2.6209
    9848       2.5238
    9849       2.6591
    9850       2.5400
    9851       2.5282
    9852       2.6287
    9853       2.6819
    9854       2.5702
    9855       2.5013
    9856       2.4445
    9857       2.4190
    9858       2.5076
    9859       2.5201
    9860       2.6838
    9861       2.6007
    9862       2.5736
    9863       2.6071
    9864       2.6218
    9865       2.5309
    9866       2.3892
    9867       2.3186
    9868       2.2014
    9869       2.3248
    9870       2.2625
    9871       2.1819
    9872       2.2351
    9873       2.3589
    9874       2.3831
    9875       2.4633
    9876       2.2833
    9877       2.3983
    9878       2.3994
    9879       2.2775
    9880       2.1913
    9881       2.1838
    9882       2.2802
    9883       2.1016
    9884       2.1312
    9885       2.1166
    9886       2.1928
    9887       1.9809
    9888       2.1218
    9889       2.1200
    9890       2.1556
    9891       2.1416
    9892       2.2636
    9893       2.0746
    9894       2.1770
    9895       2.0929
    9896       2.1577
    9897       2.2460
    9898       2.3551
    9899       2.3825
    9900       2.5634
    9901       2.5998
    9902       2.3751
    9903       2.4432
    9904       2.6208
    9905       2.6065
    9906       2.2206
    9907       2.4735
    9908       2.3731
    9909       2.3581
    9910       2.3809
    9911       2.4668
    9912       2.6044
    9913       2.6236
    9914       2.6065
    9915       2.7094
    9916       2.5053
    9917       2.5386
    9918       2.6375
    9919       2.4040
    9920       2.4742
    9921       2.5501
    9922       2.6728
    9923       2.7127
    9924       2.7688
    9925       2.7380
    9926       2.6607
    9927       2.7359
    9928       2.5325
    9929       2.6657
    9930       2.6789
    9931       2.8104
    9932       2.8246
    9933       2.8985
    9934       3.0440
    9935       2.9751
    9936       2.9689
    9937       2.9803
    9938       2.7645
    9939       2.9106
    9940       2.7261
    9941       2.6729
    9942       2.6297
    9943       2.6685
    9944       2.4952
    9945       2.4711
    9946       2.4177
    9947       2.5505
    9948       2.5037
    9949       2.4318
    9950       2.2469
    9951       2.2735
    9952       2.2645
    9953       2.2619
    9954       2.1854
    9955       2.1429
    9956       2.3638
    9957       2.3666
    9958       2.1344
    9959       2.1535
    9960       2.2592
    9961       2.0899
    9962       2.1370
    9963       2.1744
    9964       2.3311
    9965       2.3716
    9966       2.4140
    9967       2.3353
    9968       2.1993
    9969       2.2755
    9970       2.3937
    9971       2.3375
    9972       2.3676
    9973       2.3731
    9974       2.4988
    9975       2.4242
    9976       2.5721
    9977       2.6649
    9978       2.6182
    9979       2.5197
    9980       2.4761
    9981       2.4306
    9982       2.4648
    9983       2.4390
    9984       2.5492
    9985       2.5654
    9986       2.5266
    9987       2.3104
    9988       2.4048
    9989       2.4038
    9990       2.5097
    9991       2.4939
    9992       2.6717
    9993       2.5953
    9994       2.4263
    9995       2.4732
    9996       2.5887
    9997       2.4820
    9998       2.5887
    9999       2.6618
   10000       2.7660
