1,28.1424
2,28.1733
3,28.0539
4,28.1034
5,28.0694
6,28.0087
7,28.1612
8,28.2187
9,28.2012
10,28.3239
11,28.4384
12,28.4038
13,28.3177
14,28.2491
15,28.0901
16,28.1144
17,28.2339
18,28.1459
19,28.1671
20,28.1781
21,28.1944
22,28.2466
23,28.1303
24,28.0819
25,28.1977
26,28.2305
27,28.2463
28,28.2232
29,28.1924
30,28.1963
31,28.2571
32,28.3296
33,28.2973
34,28.2342
35,28.2447
36,28.2773
37,28.3382
38,28.377
39,28.3442
40,28.3616
41,28.1396
42,28.2776
43,28.246
44,28.2851
45,28.2523
46,28.3214
47,28.3821
48,28.4478
49,28.5327
50,28.3907
51,28.446
52,28.3734
53,28.3283
54,28.4466
55,28.5139
56,28.4412
57,28.4686
58,28.3476
59,28.4478
60,28.4519
61,28.5671
62,28.478
63,28.4918
64,28.4036
65,28.4861
66,28.4477
67,28.4242
68,28.3632
69,28.5253
70,28.5146
71,28.592
72,28.4816
73,28.5077
74,28.4282
75,28.5484
76,28.6674
77,28.4926
78,28.5056
79,28.6707
80,28.652
81,28.5293
82,28.5788
83,28.7112
84,28.7294
85,28.7613
86,28.8278
87,28.8608
88,28.7393
89,28.728
90,28.8275
91,28.9127
92,28.8709
93,28.7843
94,28.9566
95,28.8979
96,28.7746
97,28.8391
98,28.9038
99,28.8992
100,28.8216
101,28.8776
102,28.9169
103,28.7863
104,28.766
105,28.7715
106,28.7356
107,28.751
108,28.8553
109,28.6795
110,28.8079
111,28.7397
112,28.689
113,28.7784
114,28.8249
115,28.8409
116,28.7797
117,28.8815
118,28.9135
119,28.7268
120,28.6919
121,28.6911
122,28.7163
123,28.5766
124,28.5089
125,28.5879
126,28.5368
127,28.4632
128,28.485
129,28.397
130,28.3688
131,28.3937
132,28.4164
133,28.2604
134,28.3654
135,28.3744
136,28.4438
137,28.4883
138,28.3929
139,28.5145
140,28.4328
141,28.317
142,28.3904
143,28.3641
144,28.4634
145,28.4284
146,28.5803
147,28.6722
148,28.6043
149,28.7127
150,28.5506
151,28.5117
152,28.6006
153,28.6046
154,28.5545
155,28.5952
156,28.508
157,28.4206
158,28.5556
159,28.4804
160,28.5473
161,28.5389
162,28.4239
163,28.4612
164,28.5751
165,28.4522
166,28.3483
167,28.3682
168,28.4557
169,28.4724
170,28.5269
171,28.4795
172,28.5174
173,28.36
174,28.3583
175,28.1965
176,28.2039
177,28.34
178,28.3064
179,28.3983
180,28.4211
181,28.4831
182,28.4233
183,28.3181
184,28.3463
185,28.3066
186,28.3305
187,28.2677
188,28.2889
189,28.2952
190,28.2699
191,28.3029
192,28.367
193,28.4007
194,28.4467
195,28.4676
196,28.6252
197,28.5618
198,28.4599
199,28.4559
200,28.523
201,28.3938
202,28.2726
203,28.3153
204,28.2446
205,28.3897
206,28.2756
207,28.2157
208,28.3253
209,28.3018
210,28.2897
211,28.2861
212,28.1702
213,28.1595
214,28.1656
215,28.2444
216,28.3617
217,28.2241
218,28.1947
219,28.3303
220,28.268
221,28.2574
222,28.2787
223,28.2708
224,28.3201
225,28.1978
226,28.2421
227,28.2811
228,28.3159
229,28.2621
230,28.4
231,28.4131
232,28.3845
233,28.2964
234,28.2794
235,28.3091
236,28.3476
237,28.2732
238,28.2793
239,28.3392
240,28.2726
241,28.2719
242,28.2092
243,28.1772
244,28.1593
245,28.215
246,28.4006
247,28.3089
248,28.3654
249,28.4602
250,28.3638
251,28.4255
252,28.4145
253,28.3529
254,28.4942
255,28.4626
256,28.3093
257,28.2966
258,28.2957
259,28.2731
260,28.3728
261,28.391
262,28.3677
263,28.3502
264,28.3492
265,28.1318
266,28.2132
267,28.2419
268,28.3226
269,28.254
270,28.4003
271,28.3038
272,28.232
273,28.1788
274,28.2315
275,28.2179
276,28.3315
277,28.3977
278,28.3996
279,28.3037
280,28.3826
281,28.3509
282,28.205
283,28.3715
284,28.2591
285,28.2587
286,28.2276
287,28.2353
288,28.2693
289,28.2556
290,28.2596
291,28.2874
292,28.264
293,28.3204
294,28.3456
295,28.2286
296,28.2449
297,28.2433
298,28.3264
299,28.3765
300,28.3839
301,28.3684
302,28.3527
303,28.37
304,28.3892
305,28.2136
306,28.273
307,28.3376
308,28.2402
309,28.2939
310,28.2164
311,28.3428
312,28.204
313,28.3298
314,28.2978
315,28.3429
316,28.2937
317,28.3345
318,28.3611
319,28.1884
320,28.2885
321,28.2435
322,28.2678
323,28.2397
324,28.2949
325,28.3576
326,28.4453
327,28.3837
328,28.3472
329,28.4216
330,28.421
331,28.3068
332,28.5212
333,28.3853
334,28.4198
335,28.2886
336,28.4438
337,28.4892
338,28.4554
339,28.3939
340,28.3519
341,28.3792
342,28.3167
343,28.4663
344,28.4164
345,28.4891
346,28.4847
347,28.4605
348,28.5562
349,28.5367
350,28.6297
351,28.4415
352,28.476
353,28.4591
354,28.2658
355,28.3438
356,28.4053
357,28.4841
358,28.3253
359,28.4864
360,28.417
361,28.3224
362,28.2996
363,28.2915
364,28.2562
365,28.1993
366,28.2068
367,28.2404
368,28.38
369,28.2083
370,28.3164
371,28.3206
372,28.4202
373,28.414
374,28.448
375,28.4263
376,28.4268
377,28.4873
378,28.4512
379,28.5066
380,28.5342
381,28.5319
382,28.3973
383,28.4527
384,28.4258
385,28.4706
386,28.4221
387,28.5275
388,28.5279
389,28.5768
390,28.3725
391,28.4265
392,28.4244
393,28.3986
394,28.4464
395,28.421
396,28.3735
397,28.3816
398,28.3468
399,28.448
400,28.4255
401,28.4624
402,28.5206
403,28.4785
404,28.5122
405,28.5114
406,28.544
407,28.5639
408,28.5452
409,28.6257
410,28.4668
411,28.45
412,28.4972
413,28.577
414,28.453
415,28.486
416,28.4247
417,28.4514
418,28.4613
419,28.427
420,28.4938
421,28.3666
422,28.4327
423,28.3208
424,28.3689
425,28.3627
426,28.3528
427,28.3922
428,28.4099
429,28.292
430,28.3872
431,28.4907
432,28.3585
433,28.4298
434,28.34
435,28.4973
436,28.3978
437,28.3608
438,28.2828
439,28.3593
440,28.3565
441,28.4186
442,28.4263
443,28.5172
444,28.4396
445,28.3271
446,28.4115
447,28.4149
448,28.3812
449,28.3932
450,28.2928
451,28.2449
452,28.3255
453,28.361
454,28.3744
455,28.3308
456,28.3834
457,28.4803
458,28.4055
459,28.4165
460,28.4254
461,28.5399
462,28.531
463,28.4862
464,28.4576
465,28.438
466,28.4565
467,28.4102
468,28.4776
469,28.5123
470,28.5322
471,28.5305
472,28.6131
473,28.7385
474,28.7017
475,28.83
476,28.8069
477,28.7548
478,28.7551
479,28.8256
480,28.8046
481,28.7564
482,28.7181
483,28.6705
484,28.7195
485,28.7043
486,28.6956
487,28.6316
488,28.7004
489,28.7591
490,28.7215
491,28.6441
492,28.7786
493,28.8396
494,28.8964
495,28.7624
496,28.7498
497,28.8201
498,28.8313
499,28.7461
500,28.8994
501,28.727
502,28.6411
503,28.6145
504,28.7615
505,28.6087
506,28.6709
507,28.635
508,28.5859
509,28.5431
510,28.6068
511,28.6396
512,28.7031
513,28.7015
514,28.6015
515,28.6254
516,28.711
517,28.5084
518,28.5151
519,28.499
520,28.464
521,28.5335
522,28.5289
523,28.5731
524,28.5746
525,28.522
526,28.6165
527,28.5885
528,28.6046
529,28.6685
530,28.6742
531,28.5593
532,28.5328
533,28.5361
534,28.5497
535,28.7064
536,28.7825
537,28.6353
538,28.6848
539,28.6789
540,28.7439
541,28.6845
542,28.7576
543,28.8249
544,28.6978
545,28.8523
546,28.892
547,28.7481
548,28.7772
549,28.824
550,28.8683
551,28.9726
552,28.7861
553,28.8106
554,28.9137
555,28.8906
556,28.9608
557,28.957
558,28.8566
559,28.7487
560,28.7604
561,28.6458
562,28.744
563,28.7103
564,28.777
565,28.755
566,28.6856
567,28.596
568,28.6359
569,28.6285
570,28.5395
571,28.6445
572,28.6657
573,28.5414
574,28.5294
575,28.5277
576,28.6506
577,28.5496
578,28.5208
579,28.6005
580,28.5448
581,28.6975
582,28.8583
583,28.6983
584,28.8089
585,28.9426
586,28.8962
587,28.8869
588,28.8065
589,28.7965
590,28.9024
591,28.8624
592,28.8088
593,28.785
594,28.7265
595,28.7739
596,28.869
597,28.7475
598,28.7568
599,28.7217
600,28.7236
601,28.5376
602,28.7121
603,28.7978
604,28.6769
605,28.6589
606,28.7011
607,28.6539
608,28.6387
609,28.5541
610,28.8086
611,28.7536
612,28.5615
613,28.5595
614,28.5829
615,28.503
616,28.6171
617,28.5482
618,28.4063
619,28.5223
620,28.504
621,28.599
622,28.611
623,28.5499
624,28.611
625,28.6308
626,28.5902
627,28.5292
628,28.5958
629,28.4852
630,28.513
631,28.5725
632,28.5207
633,28.7858
634,28.6303
635,28.6942
636,28.7242
637,28.5573
638,28.7069
639,28.6471
640,28.6609
641,28.7064
642,28.6957
643,28.6381
644,28.6302
645,28.6536
646,28.658
647,28.6605
648,28.6055
649,28.7305
650,28.715
651,28.8014
652,28.5424
653,28.6453
654,28.6395
655,28.5744
656,28.5685
657,28.5921
658,28.6838
659,28.6057
660,28.6869
661,28.6527
662,28.7058
663,28.8367
664,28.7589
665,28.7755
666,28.8857
667,28.8105
668,28.7663
669,28.6083
670,28.7704
671,28.6995
672,28.8106
673,28.7811
674,28.7707
675,28.8239
676,28.8099
677,28.8363
678,28.7785
679,28.7289
680,28.7329
681,28.7494
682,28.6583
683,28.7017
684,28.7205
685,28.4834
686,28.6543
687,28.5525
688,28.5206
689,28.5674
690,28.6299
691,28.6732
692,28.5467
693,28.6033
694,28.5995
695,28.5486
696,28.5617
697,28.5764
698,28.402
699,28.4109
700,28.4022
701,28.37
702,28.4836
703,28.2614
704,28.421
705,28.2497
706,28.314
707,28.3323
708,28.451
709,28.3729
710,28.4319
711,28.3779
712,28.3786
713,28.517
714,28.5075
715,28.4489
716,28.3941
717,28.268
718,28.3276
719,28.3842
720,28.3513
721,28.3181
722,28.2425
723,28.2853
724,28.312
725,28.156
726,28.3453
727,28.3574
728,28.3369
729,28.2638
730,28.2972
731,28.3278
732,28.3933
733,28.2687
734,28.4729
735,28.495
736,28.5532
737,28.5627
738,28.5777
739,28.5063
740,28.5039
741,28.4837
742,28.3767
743,28.2547
744,28.4168
745,28.4012
746,28.4538
747,28.528
748,28.4999
749,28.4473
750,28.3933
751,28.416
752,28.4497
753,28.4124
754,28.3799
755,28.4226
756,28.4674
757,28.4777
758,28.5511
759,28.5829
760,28.5515
761,28.5929
762,28.595
763,28.4447
764,28.4162
765,28.4403
766,28.4769
767,28.4933
768,28.3886
769,28.4352
770,28.3707
771,28.3771
772,28.3555
773,28.4316
774,28.4242
775,28.4802
776,28.4559
777,28.3926
778,28.5565
779,28.5429
780,28.5697
781,28.4929
782,28.5543
783,28.4634
784,28.4635
785,28.5653
786,28.5367
787,28.6331
788,28.595
789,28.7052
790,28.6714
791,28.7862
792,28.6805
793,28.785
794,28.7339
795,28.6881
796,28.6695
797,28.7885
798,28.8018
799,28.8603
800,28.7935
801,28.6728
802,28.6998
803,28.5806
804,28.7188
805,28.6544
806,28.698
807,28.6502
808,28.6254
809,28.5274
810,28.5388
811,28.5134
812,28.5126
813,28.5332
814,28.6053
815,28.5615
816,28.5659
817,28.5262
818,28.5886
819,28.5788
820,28.5156
821,28.5207
822,28.4847
823,28.4362
824,28.6055
825,28.6649
826,28.6599
827,28.6317
828,28.6279
829,28.5847
830,28.7692
831,28.6214
832,28.8026
833,28.7977
834,28.7092
835,28.7411
836,28.6554
837,28.542
838,28.681
839,28.6211
840,28.7784
841,28.7051
842,28.66
843,28.5399
844,28.6049
845,28.6942
846,28.6488
847,28.7401
848,28.7237
849,28.6905
850,28.6969
851,28.8042
852,28.725
853,28.8597
854,28.6742
855,28.7231
856,28.6867
857,28.6327
858,28.7453
859,28.8317
860,28.8366
861,28.8511
862,28.8196
863,28.7246
864,28.7158
865,28.7415
866,28.7067
867,28.5721
868,28.6495
869,28.5692
870,28.5635
871,28.6097
872,28.6275
873,28.536
874,28.6702
875,28.6413
876,28.8303
877,28.7259
878,28.6846
879,28.563
880,28.4456
881,28.5711
882,28.5032
883,28.6906
884,28.6619
885,28.6158
886,28.5574
887,28.5758
888,28.5085
889,28.5378
890,28.5061
891,28.6413
892,28.6333
893,28.6202
894,28.5169
895,28.5818
896,28.6473
897,28.7029
898,28.6642
899,28.7407
900,28.6895
901,28.7225
902,28.7526
903,28.8814
904,28.7799
905,28.6964
906,28.6452
907,28.5108
908,28.4182
909,28.4928
910,28.4896
911,28.4072
912,28.5195
913,28.5817
914,28.4632
915,28.4611
916,28.5494
917,28.4378
918,28.456
919,28.5349
920,28.5646
921,28.473
922,28.4918
923,28.5255
924,28.483
925,28.414
926,28.4992
927,28.6133
928,28.6564
929,28.7198
930,28.6987
931,28.6969
932,28.7941
933,28.5895
934,28.7221
935,28.5995
936,28.6666
937,28.6999
938,28.7731
939,28.6508
940,28.503
941,28.3947
942,28.4851
943,28.3901
944,28.5875
945,28.5277
946,28.5828
947,28.6209
948,28.5854
949,28.7128
950,28.6364
951,28.6182
952,28.6481
953,28.6997
954,28.6403
955,28.6015
956,28.8484
957,28.747
958,28.7308
959,28.7286
960,28.6284
961,28.7018
962,28.647
963,28.6861
964,28.6823
965,28.676
966,28.5452
967,28.5791
968,28.5853
969,28.6582
970,28.5096
971,28.5664
972,28.6192
973,28.5276
974,28.6599
975,28.4885
976,28.4774
977,28.3963
978,28.5244
979,28.5829
980,28.4247
981,28.3896
982,28.4363
983,28.3809
984,28.3909
985,28.3086
986,28.2682
987,28.4229
988,28.2938
989,28.3202
990,28.3396
991,28.4879
992,28.2811
993,28.2436
994,28.3319
995,28.3658
996,28.1819
997,28.1991
998,28.1585
999,28.2907
1000,28.2594
1001,28.2279
1002,28.2215
1003,28.2212
1004,28.1417
1005,28.1013
1006,28.1559
1007,28.1574
1008,28.1618
1009,28.0956
1010,28.1119
1011,28.0929
1012,28.1508
1013,28.1229
1014,28.0609
1015,28.0865
1016,28.1306
1017,28.1303
1018,28.1162
1019,28.119
1020,28.2026
1021,28.2613
1022,28.1407
1023,28.222
1024,28.0783
1025,28.2094
1026,28.2113
1027,28.244
1028,28.2424
1029,28.1965
1030,28.0792
1031,28.135
1032,28.1334
1033,28.1713
1034,28.1016
1035,28.126
1036,28.1203
1037,28.2117
1038,28.2188
1039,28.2959
1040,28.259
1041,28.1347
1042,28.3688
1043,28.3577
1044,28.2867
1045,28.3056
1046,28.2766
1047,28.2371
1048,28.3117
1049,28.287
1050,28.2978
1051,28.2327
1052,28.2289
1053,28.4001
1054,28.3466
1055,28.3559
1056,28.2759
1057,28.2834
1058,28.3211
1059,28.3222
1060,28.367
1061,28.4137
1062,28.372
1063,28.3146
1064,28.3914
1065,28.244
1066,28.338
1067,28.2876
1068,28.2715
1069,28.2831
1070,28.3281
1071,28.366
1072,28.3586
1073,28.3279
1074,28.3273
1075,28.4545
1076,28.453
1077,28.4712
1078,28.3948
1079,28.4102
1080,28.4783
1081,28.3032
1082,28.3349
1083,28.3347
1084,28.3958
1085,28.3901
1086,28.4389
1087,28.45
1088,28.424
1089,28.3248
1090,28.378
1091,28.5269
1092,28.4328
1093,28.5016
1094,28.4718
1095,28.6061
1096,28.5885
1097,28.5449
1098,28.4222
1099,28.4094
1100,28.3425
1101,28.4095
1102,28.4269
1103,28.4062
1104,28.2848
1105,28.3627
1106,28.2671
1107,28.369
1108,28.2777
1109,28.2897
1110,28.3241
1111,28.3489
1112,28.5556
1113,28.5895
1114,28.3724
1115,28.3434
1116,28.4985
1117,28.5121
1118,28.5056
1119,28.4963
1120,28.4676
1121,28.3916
1122,28.4535
1123,28.559
1124,28.5752
1125,28.5177
1126,28.6109
1127,28.5644
1128,28.5861
1129,28.5286
1130,28.6106
1131,28.4686
1132,28.5362
1133,28.5692
1134,28.5749
1135,28.5093
1136,28.5538
1137,28.567
1138,28.6021
1139,28.5969
1140,28.5624
1141,28.5379
1142,28.6103
1143,28.5049
1144,28.5819
1145,28.4414
1146,28.4867
1147,28.4887
1148,28.4062
1149,28.3137
1150,28.3934
1151,28.4109
1152,28.3455
1153,28.3053
1154,28.2551
1155,28.2488
1156,28.2604
1157,28.4068
1158,28.3918
1159,28.4029
1160,28.3976
1161,28.3236
1162,28.4106
1163,28.3255
1164,28.3771
1165,28.3473
1166,28.2473
1167,28.3611
1168,28.392
1169,28.472
1170,28.4874
1171,28.4725
1172,28.4577
1173,28.4739
1174,28.4508
1175,28.5789
1176,28.5266
1177,28.4043
1178,28.5304
1179,28.4993
1180,28.4751
1181,28.5107
1182,28.4693
1183,28.5523
1184,28.4482
1185,28.3814
1186,28.4172
1187,28.4115
1188,28.4169
1189,28.4208
1190,28.4754
1191,28.4317
1192,28.3999
1193,28.2823
1194,28.3527
1195,28.4202
1196,28.3596
1197,28.2773
1198,28.3822
1199,28.4072
1200,28.2399
1201,28.3659
1202,28.3437
1203,28.4834
1204,28.491
1205,28.4078
1206,28.4051
1207,28.3398
1208,28.3323
1209,28.2577
1210,28.3495
1211,28.2181
1212,28.2942
1213,28.3739
1214,28.2857
1215,28.3624
1216,28.2473
1217,28.2805
1218,28.3478
1219,28.4143
1220,28.4863
1221,28.4251
1222,28.4221
1223,28.3467
1224,28.4414
1225,28.3323
1226,28.3211
1227,28.2087
1228,28.2618
1229,28.3637
1230,28.4227
1231,28.3474
1232,28.2105
1233,28.3656
1234,28.5168
1235,28.3984
1236,28.4695
1237,28.4763
1238,28.3783
1239,28.4004
1240,28.3714
1241,28.3547
1242,28.4928
1243,28.4154
1244,28.4047
1245,28.4045
1246,28.4292
1247,28.5283
1248,28.3077
1249,28.3447
1250,28.3118
1251,28.3026
1252,28.4039
1253,28.2924
1254,28.3018
1255,28.2639
1256,28.1747
1257,28.2916
1258,28.179
1259,28.1914
1260,28.2521
1261,28.3487
1262,28.3396
1263,28.3026
1264,28.3954
1265,28.4564
1266,28.4573
1267,28.3737
1268,28.4286
1269,28.3971
1270,28.4204
1271,28.4994
1272,28.3868
1273,28.3526
1274,28.4101
1275,28.2832
1276,28.4728
1277,28.3589
1278,28.386
1279,28.4271
1280,28.3606
1281,28.3715
1282,28.3067
1283,28.2495
1284,28.3927
1285,28.3728
1286,28.2782
1287,28.3586
1288,28.4366
1289,28.3549
1290,28.3983
1291,28.2959
1292,28.3719
1293,28.3469
1294,28.3641
1295,28.2921
1296,28.4518
1297,28.3935
1298,28.3629
1299,28.338
1300,28.3312
1301,28.2501
1302,28.3175
1303,28.2237
1304,28.277
1305,28.2734
1306,28.1937
1307,28.1992
1308,28.1871
1309,28.3354
1310,28.3893
1311,28.2855
1312,28.2388
1313,28.2319
1314,28.362
1315,28.3098
1316,28.2794
1317,28.2697
1318,28.371
1319,28.2465
1320,28.2885
1321,28.3114
1322,28.3652
1323,28.3126
1324,28.3551
1325,28.3398
1326,28.3926
1327,28.3722
1328,28.2606
1329,28.2819
1330,28.2548
1331,28.2326
1332,28.2334
1333,28.2205
1334,28.2454
1335,28.238
1336,28.2199
1337,28.3554
1338,28.4417
1339,28.252
1340,28.2727
1341,28.3301
1342,28.3039
1343,28.2747
1344,28.3597
1345,28.3691
1346,28.295
1347,28.2954
1348,28.2832
1349,28.156
1350,28.2585
1351,28.1987
1352,28.122
1353,28.0817
1354,28.1427
1355,28.1434
1356,28.1815
1357,28.0896
1358,28.0995
1359,28.2222
1360,28.1212
1361,28.0829
1362,28.1607
1363,28.1974
1364,28.1983
1365,28.263
1366,28.2476
1367,28.2327
1368,28.2318
1369,28.2432
1370,28.3318
1371,28.1244
1372,28.1868
1373,28.2611
1374,28.185
1375,28.2326
1376,28.1679
1377,28.1733
1378,28.1915
1379,28.162
1380,28.1593
1381,28.1548
1382,28.1115
1383,28.0856
1384,28.0214
1385,28.0712
1386,28.1097
1387,28.1206
1388,27.9924
1389,28.1065
1390,28.0327
1391,28.071
1392,27.9529
1393,28.0977
1394,28.0598
1395,28.087
1396,28.0265
1397,28.0922
1398,28.1711
1399,28.1051
1400,28.0173
1401,28.0549
1402,28.0733
1403,28.0459
1404,28.0184
1405,27.9944
1406,27.9851
1407,27.9979
1408,27.9098
1409,28.0137
1410,28.1011
1411,28.0766
1412,28.0871
1413,27.9813
1414,28.1997
1415,28.1427
1416,28.0588
1417,28.1298
1418,28.0493
1419,28.0069
1420,28.1074
1421,28.0496
1422,28.1383
1423,28.1831
1424,28.0908
1425,28.084
1426,28.1606
1427,28.1103
1428,28.0874
1429,28.0274
1430,28.1183
1431,28.1231
1432,28.0385
1433,28.0751
1434,28.0606
1435,28.1444
1436,28.1915
1437,28.2711
1438,28.0956
1439,28.2095
1440,28.2077
1441,28.1349
1442,28.1072
1443,28.0204
1444,28.109
1445,28.0442
1446,28.0641
1447,28.2365
1448,28.0863
1449,28.0139
1450,28.0002
1451,28.066
1452,28.1604
1453,28.1674
1454,28.2064
1455,28.1703
1456,28.0655
1457,28.049
1458,27.9806
1459,28.1974
1460,28.1998
1461,28.1292
1462,28.2292
1463,28.2638
1464,28.2251
1465,28.1935
1466,28.0426
1467,28.1005
1468,28.0536
1469,28.0778
1470,28.0388
1471,28.0339
1472,28.0837
1473,28.0712
1474,28.1749
1475,28.139
1476,28.1838
1477,28.168
1478,28.232
1479,28.0813
1480,28.1862
1481,28.1729
1482,28.2097
1483,28.226
1484,28.2702
1485,28.26
1486,28.3066
1487,28.2795
1488,28.3081
1489,28.2086
1490,28.3734
1491,28.2507
1492,28.2847
1493,28.3617
1494,28.312
1495,28.2758
1496,28.3472
1497,28.2419
1498,28.2526
1499,28.2399
1500,28.2707
1501,28.3091
1502,28.3662
1503,28.3839
1504,28.3109
1505,28.2622
1506,28.3103
1507,28.1894
1508,28.2442
1509,28.2342
1510,28.4023
1511,28.2304
1512,28.2088
1513,28.2348
1514,28.2405
1515,28.2084
1516,28.3082
1517,28.4018
1518,28.5079
1519,28.3561
1520,28.159
1521,28.1376
1522,28.2674
1523,28.2656
1524,28.308
1525,28.2605
1526,28.3569
1527,28.4647
1528,28.4115
1529,28.4635
1530,28.4508
1531,28.2893
1532,28.3078
1533,28.2819
1534,28.3662
1535,28.348
1536,28.3121
1537,28.3595
1538,28.422
1539,28.3181
1540,28.4694
1541,28.3983
1542,28.3933
1543,28.4511
1544,28.455
1545,28.4479
1546,28.4687
1547,28.4434
1548,28.3935
1549,28.4202
1550,28.317
1551,28.2509
1552,28.3771
1553,28.352
1554,28.4565
1555,28.451
1556,28.3309
1557,28.3216
1558,28.3583
1559,28.2943
1560,28.3103
1561,28.3375
1562,28.3991
1563,28.2714
1564,28.22
1565,28.3338
1566,28.3352
1567,28.4279
1568,28.3767
1569,28.4439
1570,28.4586
1571,28.383
1572,28.4136
1573,28.4829
1574,28.4775
1575,28.4681
1576,28.4728
1577,28.4571
1578,28.4144
1579,28.3161
1580,28.367
1581,28.3656
1582,28.3284
1583,28.4029
1584,28.3603
1585,28.3967
1586,28.3226
1587,28.2238
1588,28.2462
1589,28.207
1590,28.2896
1591,28.4196
1592,28.378
1593,28.5345
1594,28.4314
1595,28.4112
1596,28.4354
1597,28.4295
1598,28.522
1599,28.3529
1600,28.4027
1601,28.3688
1602,28.3417
1603,28.4236
1604,28.2979
1605,28.4071
1606,28.4928
1607,28.4187
1608,28.4846
1609,28.4028
1610,28.4417
1611,28.4289
1612,28.3794
1613,28.4743
1614,28.4255
1615,28.4059
1616,28.4828
1617,28.4708
1618,28.4646
1619,28.4859
1620,28.4979
1621,28.4887
1622,28.4083
1623,28.3885
1624,28.3707
1625,28.4776
1626,28.5519
1627,28.5442
1628,28.5671
1629,28.5101
1630,28.4883
1631,28.4539
1632,28.4787
1633,28.5054
1634,28.459
1635,28.4225
1636,28.2925
1637,28.3923
1638,28.3433
1639,28.333
1640,28.3146
1641,28.3258
1642,28.5736
1643,28.4526
1644,28.5454
1645,28.5754
1646,28.5351
1647,28.5183
1648,28.4032
1649,28.4492
1650,28.444
1651,28.3718
1652,28.3843
1653,28.2989
1654,28.4885
1655,28.3829
1656,28.4575
1657,28.6598
1658,28.5139
1659,28.4553
1660,28.4123
1661,28.3501
1662,28.4036
1663,28.3628
1664,28.4642
1665,28.4219
1666,28.4789
1667,28.4087
1668,28.3149
1669,28.3226
1670,28.3194
1671,28.3615
1672,28.3692
1673,28.3866
1674,28.2864
1675,28.3354
1676,28.4647
1677,28.3595
1678,28.3389
1679,28.3367
1680,28.3938
1681,28.2721
1682,28.3185
1683,28.221
1684,28.1819
1685,28.0808
1686,28.0169
1687,28.1255
1688,28.0232
1689,28.1682
1690,28.18
1691,28.0755
1692,28.1086
1693,28.1975
1694,28.1711
1695,28.0708
1696,28.0228
1697,28.0625
1698,28.1119
1699,28.1194
1700,28.1499
1701,28.0727
1702,28.052
1703,28.1377
1704,28.071
1705,28.1813
1706,28.1583
1707,28.1547
1708,28.177
1709,28.2765
1710,28.2214
1711,28.2054
1712,28.2068
1713,28.3205
1714,28.2186
1715,28.3021
1716,28.305
1717,28.2841
1718,28.2726
1719,28.1552
1720,28.0375
1721,28.0531
1722,28.0258
1723,28.0986
1724,28.0862
1725,28.1576
1726,28.1898
1727,28.1267
1728,28.0322
1729,28.0397
1730,28.1587
1731,28.1337
1732,28.0784
1733,28.0191
1734,28.075
1735,28.136
1736,28.1792
1737,28.1002
1738,28.1091
1739,28.112
1740,28.1879
1741,28.0526
1742,28.0221
1743,28.037
1744,28.0156
1745,28.0487
1746,28.0483
1747,27.9908
1748,28.0206
1749,28.0497
1750,28.1121
1751,28.0859
1752,28.0112
1753,28.1432
1754,27.9971
1755,28.1238
1756,28.0779
1757,28.1205
1758,28.1617
1759,28.1223
1760,27.9758
1761,27.9962
1762,28.002
1763,28.0349
1764,28.0235
1765,28.1207
1766,28.0726
1767,28.137
1768,28.0551
1769,28.0239
1770,27.9957
1771,27.9643
1772,28.1502
1773,28.1639
1774,28.2379
1775,28.2722
1776,28.1596
1777,28.1835
1778,28.2311
1779,28.4192
1780,28.2343
1781,28.276
1782,28.2106
1783,28.1667
1784,28.1837
1785,28.1849
1786,28.1951
1787,28.2214
1788,28.1383
1789,28.1495
1790,28.1338
1791,28.0639
1792,28.0475
1793,28.1103
1794,28.1353
1795,28.1341
1796,28.1992
1797,28.2287
1798,28.2037
1799,28.2206
1800,28.1221
1801,28.1074
1802,28.0821
1803,28.1087
1804,28.0975
1805,28.0169
1806,28.0708
1807,28.0216
1808,28.0707
1809,28.0263
1810,28.0742
1811,28.0178
1812,28.1285
1813,28.1343
1814,28.0224
1815,28.0748
1816,28.1225
1817,28.2654
1818,28.1938
1819,28.0628
1820,28.1835
1821,28.0074
1822,28.1677
1823,28.1385
1824,28.2459
1825,28.1156
1826,28.1233
1827,28.0099
1828,27.9842
1829,28.0088
1830,28.1469
1831,28.1426
1832,28.1206
1833,28.084
1834,28.1077
1835,28.2523
1836,28.0802
1837,28.1432
1838,28.1323
1839,28.238
1840,28.0842
1841,28.0912
1842,28.1727
1843,28.129
1844,28.0184
1845,28.0509
1846,28.1389
1847,28.0181
1848,28.0167
1849,28.0795
1850,28.0434
1851,28.0151
1852,28.0308
1853,28.1264
1854,28.051
1855,28.0042
1856,27.9063
1857,27.9843
1858,27.946
1859,28
1860,27.924
1861,27.9027
1862,28.0466
1863,27.9229
1864,28.0373
1865,28.1011
1866,28.0894
1867,28.0447
1868,28.0992
1869,28.1047
1870,28.0175
1871,28.1532
1872,28.1874
1873,28.2104
1874,28.1786
1875,28.122
1876,28.1292
1877,28.0975
1878,28.0957
1879,28.111
1880,28.1766
1881,28.0101
1882,28.064
1883,27.8918
1884,27.9471
1885,27.867
1886,27.8218
1887,27.9158
1888,27.8675
1889,27.9703
1890,27.9536
1891,27.8866
1892,27.9816
1893,27.9134
1894,27.887
1895,27.8386
1896,27.9403
1897,27.9767
1898,27.9549
1899,27.8519
1900,27.8842
1901,27.9349
1902,27.8704
1903,27.873
1904,27.9406
1905,27.8458
1906,27.9041
1907,27.8623
1908,27.8726
1909,27.84
1910,27.8424
1911,27.8008
1912,27.9442
1913,27.8405
1914,27.8716
1915,27.9194
1916,27.8817
1917,27.8674
1918,27.822
1919,27.8257
1920,27.7675
1921,27.7959
1922,27.9442
1923,27.8526
1924,27.8709
1925,27.9043
1926,27.842
1927,27.8846
1928,27.8737
1929,27.8587
1930,27.7651
1931,27.7901
1932,27.804
1933,27.7915
1934,27.8115
1935,27.8962
1936,27.9306
1937,27.9627
1938,27.9563
1939,27.8986
1940,27.9278
1941,27.8381
1942,27.9564
1943,27.9955
1944,28.1107
1945,27.9421
1946,28.0586
1947,27.9995
1948,28.082
1949,28.019
1950,28.0455
1951,28.0232
1952,27.9005
1953,27.9137
1954,27.9457
1955,28.067
1956,28.0337
1957,28.0826
1958,28.0582
1959,28.0301
1960,28.0288
1961,27.9785
1962,28.0138
1963,28.1294
1964,28.1202
1965,28.0685
1966,27.8867
1967,27.9351
1968,27.8926
1969,27.8499
1970,27.8937
1971,27.782
1972,27.8364
1973,27.9553
1974,27.9018
1975,27.7827
1976,27.929
1977,27.8623
1978,27.9129
1979,27.9216
1980,27.8305
1981,27.9729
1982,27.9286
1983,28.0934
1984,28.0695
1985,28.0859
1986,28.0111
1987,27.9194
1988,27.9152
1989,27.8023
1990,27.8648
1991,27.8245
1992,27.8273
1993,27.8799
1994,27.8788
1995,27.8322
1996,27.8667
1997,27.8595
1998,27.8682
1999,27.8836
2000,27.8591
2001,27.9358
2002,27.9284
2003,27.7971
2004,27.8716
2005,27.8673
2006,27.8157
2007,27.8941
2008,27.9584
2009,27.8701
2010,27.8489
2011,27.8793
2012,27.7751
2013,27.8465
2014,27.872
2015,27.9541
2016,27.8695
2017,27.9837
2018,27.9549
2019,28.0359
2020,27.9577
2021,28.0365
2022,27.9175
2023,27.9354
2024,28.0196
2025,27.8053
2026,27.8963
2027,27.8101
2028,27.8685
2029,27.8604
2030,27.9135
2031,28.0525
2032,27.9009
2033,27.9217
2034,27.8787
2035,27.9166
2036,27.9201
2037,27.9895
2038,28.0321
2039,28.0399
2040,27.947
2041,27.8838
2042,27.8854
2043,27.9074
2044,27.9715
2045,27.8813
2046,27.9683
2047,27.9505
2048,28.0335
2049,28.0653
2050,28.0493
2051,27.9956
2052,28.0752
2053,28.0947
2054,28.0816
2055,27.987
2056,28.0065
2057,27.9695
2058,28.063
2059,28.0012
2060,28.1037
2061,28.0616
2062,27.9574
2063,28.0481
2064,27.9555
2065,28.0107
2066,28.0852
2067,28.0531
2068,28.049
2069,28.0679
2070,28.0096
2071,27.9668
2072,28.0544
2073,28.0477
2074,27.9653
2075,27.9585
2076,28.078
2077,27.9479
2078,27.9519
2079,28.0028
2080,28.0475
2081,28.0204
2082,28.0531
2083,28.0486
2084,28.0443
2085,28.0993
2086,28.1197
2087,28.0663
2088,28.05
2089,28.0663
2090,28.1793
2091,28.0439
2092,28.0628
2093,27.9745
2094,27.902
2095,27.9752
2096,27.9499
2097,28.0086
2098,28.0088
2099,28.0089
2100,28.1499
2101,28.0547
2102,27.9452
2103,27.9457
2104,27.9332
2105,27.9946
2106,27.9204
2107,28.007
2108,27.9714
2109,28.0862
2110,27.9998
2111,28.0874
2112,28.0292
2113,28.0336
2114,27.9423
2115,28.0071
2116,28.0783
2117,28.0669
2118,28.0713
2119,27.9332
2120,27.9209
2121,28.0305
2122,27.9625
2123,27.9443
2124,28.0543
2125,28.0082
2126,28.0632
2127,28.0294
2128,28.1442
2129,28.1687
2130,28.118
2131,28.15
2132,28.0473
2133,28.0261
2134,28.1066
2135,28.1098
2136,28.0601
2137,28.0364
2138,28.0005
2139,27.977
2140,28.0211
2141,27.9744
2142,27.9615
2143,27.94
2144,28.0754
2145,28.122
2146,28.0737
2147,28.0729
2148,28.1184
2149,28.0818
2150,28.0606
2151,28.0574
2152,28.0338
2153,28.056
2154,28.1268
2155,28.1511
2156,28.1538
2157,28.131
2158,28.0999
2159,28.1528
2160,28.0318
2161,28.0954
2162,28.1225
2163,28.1141
2164,28.1388
2165,28.2993
2166,28.181
2167,28.1481
2168,28.1367
2169,28.1658
2170,28.2696
2171,28.3446
2172,28.3086
2173,28.1626
2174,28.1712
2175,28.1988
2176,28.2376
2177,28.138
2178,28.0259
2179,28.1576
2180,28.1077
2181,28.2837
2182,28.1889
2183,28.2601
2184,28.3337
2185,28.3431
2186,28.1908
2187,28.264
2188,28.4108
2189,28.4
2190,28.3345
2191,28.3393
2192,28.4238
2193,28.386
2194,28.3071
2195,28.2119
2196,28.21
2197,28.2041
2198,28.1496
2199,28.2205
2200,28.31
2201,28.33
2202,28.2629
2203,28.2588
2204,28.122
2205,28.1769
2206,28.2394
2207,28.2535
2208,28.2506
2209,28.2156
2210,28.2704
2211,28.1946
2212,28.1867
2213,28.2049
2214,28.2789
2215,28.2692
2216,28.33
2217,28.1975
2218,28.2529
2219,28.1916
2220,28.2653
2221,28.1956
2222,28.2126
2223,28.3225
2224,28.2533
2225,28.2162
2226,28.1402
2227,28.2003
2228,28.1824
2229,28.1101
2230,28.0603
2231,28.1476
2232,28.186
2233,28.0459
2234,28.1313
2235,28.0869
2236,28.0797
2237,28.0115
2238,27.9442
2239,28.013
2240,28.017
2241,27.9606
2242,27.9475
2243,28.0129
2244,27.9698
2245,28.0647
2246,28.09
2247,27.9517
2248,28.0143
2249,27.9576
2250,28.0146
2251,27.9854
2252,27.9404
2253,27.9836
2254,28.035
2255,28.0745
2256,28.0419
2257,28.0455
2258,28.0483
2259,28.0379
2260,28.0583
2261,28.0725
2262,27.9868
2263,27.9753
2264,27.8643
2265,27.9507
2266,28.0438
2267,28.1144
2268,28.0926
2269,28.0633
2270,28.1287
2271,28.0982
2272,28.0959
2273,28.0594
2274,28.1504
2275,28.1725
2276,28.2176
2277,28.2418
2278,28.1509
2279,28.1172
2280,28.0686
2281,28.0723
2282,28.0603
2283,28.079
2284,27.9605
2285,28.1288
2286,27.9838
2287,27.9798
2288,27.9748
2289,27.9923
2290,27.8828
2291,28.0156
2292,28.054
2293,27.9532
2294,28.0601
2295,28.0091
2296,28.0505
2297,28.0217
2298,27.9774
2299,27.9672
2300,27.9707
2301,28.0192
2302,27.9039
2303,28.0341
2304,27.9532
2305,27.9965
2306,27.9838
2307,27.9391
2308,28.021
2309,27.9498
2310,28.0422
2311,27.8615
2312,27.9412
2313,28.0829
2314,28.0147
2315,28.0592
2316,28.2441
2317,28.0966
2318,28.0151
2319,27.9925
2320,28.0076
2321,28.0075
2322,27.9292
2323,27.9062
2324,27.9916
2325,27.7955
2326,27.8517
2327,27.9285
2328,27.8937
2329,27.9218
2330,27.9347
2331,27.9361
2332,27.9729
2333,27.9481
2334,28.057
2335,28.0611
2336,28.0681
2337,28.0862
2338,28.0605
2339,28.0121
2340,28.035
2341,27.9289
2342,28.1545
2343,28.1189
2344,28.1111
2345,28.1073
2346,28.1289
2347,28.0785
2348,28.0388
2349,28.2122
2350,28.2371
2351,28.1478
2352,28.2235
2353,28.1759
2354,28.2151
2355,28.1505
2356,28.2177
2357,28.1808
2358,28.2324
2359,28.2571
2360,28.2367
2361,28.2895
2362,28.1393
2363,28.0379
2364,27.897
2365,27.9156
2366,27.8629
2367,27.8998
2368,28.0549
2369,27.9119
2370,28.0206
2371,28.0484
2372,28.0512
2373,28.019
2374,27.9597
2375,27.8766
2376,27.8983
2377,27.9549
2378,27.9024
2379,28.0171
2380,27.8883
2381,27.9483
2382,27.9751
2383,27.9457
2384,27.9004
2385,27.9664
2386,28.0397
2387,27.9104
2388,27.951
2389,27.968
2390,28.035
2391,27.982
2392,27.9985
2393,27.9439
2394,27.9017
2395,27.8188
2396,27.8894
2397,27.8606
2398,27.8622
2399,27.958
2400,27.9483
2401,27.9832
2402,27.9935
2403,27.935
2404,27.9566
2405,28.1392
2406,28.0679
2407,28.2054
2408,28.1343
2409,28.0757
2410,28.0598
2411,28.0944
2412,28.0502
2413,28.1755
2414,28.0629
2415,28.2617
2416,28.1092
2417,28.1015
2418,27.9218
2419,27.9074
2420,28.018
2421,28.0516
2422,28.05
2423,28.0393
2424,28.024
2425,28.0604
2426,27.9811
2427,28.002
2428,28.0549
2429,28.0189
2430,28.111
2431,28.1166
2432,28.1176
2433,28.1254
2434,28.1952
2435,28.1504
2436,28.1888
2437,28.1876
2438,28.3105
2439,28.1591
2440,28.2636
2441,28.1563
2442,28.2394
2443,28.1932
2444,28.1719
2445,28.3563
2446,28.2354
2447,28.3107
2448,28.3005
2449,28.2677
2450,28.1124
2451,28.1374
2452,28.0157
2453,28.0509
2454,28.0042
2455,27.9582
2456,28.0924
2457,28.0992
2458,28.0634
2459,28.0562
2460,28.0622
2461,28.0484
2462,28.034
2463,28.0017
2464,28.0979
2465,28.066
2466,28.0592
2467,28.0186
2468,28.0543
2469,28.0954
2470,28.1101
2471,28.1183
2472,28.0684
2473,28.0155
2474,28.0243
2475,28.0511
2476,28.1371
2477,28.155
2478,28.1233
2479,28.0986
2480,28.1262
2481,28.0734
2482,28.0846
2483,28.1249
2484,28.1232
2485,28.1086
2486,28.1851
2487,28.1852
2488,28.2298
2489,28.1773
2490,28.2601
2491,28.1891
2492,28.0822
2493,28.1623
2494,28.1855
2495,28.0565
2496,28.1562
2497,28.1231
2498,28.0614
2499,27.9826
2500,28.151
2501,28.1492
2502,28.1274
2503,28.3095
2504,28.1769
2505,28.2499
2506,28.2112
2507,28.2892
2508,28.2081
2509,28.2918
2510,28.2664
2511,28.3568
2512,28.3385
2513,28.3591
2514,28.2938
2515,28.2116
2516,28.2157
2517,28.2946
2518,28.3154
2519,28.2913
2520,28.3086
2521,28.3222
2522,28.3161
2523,28.2859
2524,28.2769
2525,28.2293
2526,28.2672
2527,28.2245
2528,28.3176
2529,28.119
2530,28.1385
2531,28.1112
2532,28.0913
2533,28.0207
2534,28.1694
2535,28.0264
2536,28.0708
2537,28.1421
2538,28.1515
2539,28.0871
2540,28.1364
2541,28.0602
2542,28.0469
2543,28.1478
2544,28.1323
2545,28.1521
2546,28.0907
2547,27.9971
2548,28.074
2549,27.936
2550,28.0379
2551,28.0333
2552,28.0673
2553,28.1619
2554,28.1404
2555,28.1644
2556,28.1814
2557,28.1119
2558,28.1788
2559,28.1744
2560,28.0919
2561,28.2369
2562,28.3279
2563,28.2786
2564,28.2155
2565,28.2543
2566,28.2354
2567,28.1897
2568,28.0529
2569,27.9774
2570,27.996
2571,28.0236
2572,28.0784
2573,28.1067
2574,28.1422
2575,28.1524
2576,28.0934
2577,28.0928
2578,28.1836
2579,28.1676
2580,28.1003
2581,28.2486
2582,28.2891
2583,28.3703
2584,28.2524
2585,28.3304
2586,28.3155
2587,28.3382
2588,28.2665
2589,28.1907
2590,28.2547
2591,28.1308
2592,28.2166
2593,28.1785
2594,28.2715
2595,28.1
2596,28.2065
2597,28.178
2598,28.2403
2599,28.2359
2600,28.2442
2601,28.3009
2602,28.1826
2603,28.1929
2604,28.1541
2605,28.1563
2606,28.0556
2607,28.1302
2608,28.2165
2609,28.1465
2610,28.2152
2611,28.1508
2612,28.1971
2613,28.223
2614,28.1353
2615,28.0437
2616,28.1362
2617,28.0392
2618,28.1737
2619,28.2351
2620,28.1369
2621,28.1019
2622,28.1738
2623,28.0477
2624,27.9935
2625,27.9463
2626,27.9829
2627,27.8964
2628,27.9614
2629,27.9901
2630,28.0503
2631,27.9947
2632,27.9245
2633,27.9277
2634,27.8582
2635,27.9318
2636,27.8845
2637,27.895
2638,27.8971
2639,27.8933
2640,27.9498
2641,28.0509
2642,27.9716
2643,27.9181
2644,27.9121
2645,27.9748
2646,28.0833
2647,28.0092
2648,27.9334
2649,27.9377
2650,28.0288
2651,27.8358
2652,27.8569
2653,27.8578
2654,27.8838
2655,27.8426
2656,27.84
2657,27.8276
2658,27.9218
2659,27.9992
2660,27.9459
2661,27.9135
2662,27.8725
2663,27.9814
2664,27.9004
2665,27.8859
2666,28.028
2667,27.9879
2668,27.9387
2669,27.8991
2670,27.985
2671,27.9256
2672,27.9016
2673,27.7561
2674,27.7938
2675,27.9402
2676,27.9149
2677,27.8513
2678,27.8958
2679,28.0479
2680,27.9572
2681,27.9031
2682,27.9536
2683,27.9751
2684,27.9899
2685,28.0467
2686,27.9662
2687,28.0322
2688,28.0656
2689,27.8962
2690,27.9756
2691,28.0115
2692,27.9595
2693,27.9743
2694,27.9032
2695,27.8963
2696,27.8839
2697,27.9763
2698,27.9108
2699,27.9964
2700,27.9768
2701,28.0141
2702,27.9993
2703,27.9487
2704,27.915
2705,27.8631
2706,27.8832
2707,27.8374
2708,27.8182
2709,27.9253
2710,27.9554
2711,27.9256
2712,27.9201
2713,27.9049
2714,28.0295
2715,27.9179
2716,27.9744
2717,27.9701
2718,27.9021
2719,27.8498
2720,27.9185
2721,27.8176
2722,27.9138
2723,27.8024
2724,27.858
2725,27.9092
2726,27.9303
2727,27.8948
2728,27.9213
2729,28.0402
2730,28.1482
2731,28.0415
2732,28.1029
2733,28.1522
2734,28.0776
2735,27.9797
2736,28.1511
2737,28.0079
2738,27.986
2739,28.1117
2740,28.0849
2741,28.07
2742,28.0866
2743,28.1039
2744,27.9832
2745,28.0872
2746,28.0803
2747,28.1635
2748,28.0065
2749,28.0282
2750,28.1073
2751,28.1366
2752,28.1144
2753,28.143
2754,28.1728
2755,28.1295
2756,28.0575
2757,28.1236
2758,28.1408
2759,28.2209
2760,28.1838
2761,28.0688
2762,28.0614
2763,27.9451
2764,28.1242
2765,28.1657
2766,28.0266
2767,27.9475
2768,28.0263
2769,28.0277
2770,28.0024
2771,27.9458
2772,28.002
2773,27.9339
2774,27.8708
2775,27.8832
2776,27.9562
2777,28.0402
2778,28.043
2779,27.9908
2780,28.0084
2781,28.2114
2782,28.119
2783,28.176
2784,28.1653
2785,28.1834
2786,28.0427
2787,28.0792
2788,28.178
2789,28.2564
2790,28.122
2791,28.2953
2792,28.2609
2793,28.3019
2794,28.323
2795,28.3147
2796,28.2132
2797,28.2453
2798,28.278
2799,28.3659
2800,28.2842
2801,28.3322
2802,28.3137
2803,28.3213
2804,28.2546
2805,28.2548
2806,28.2716
2807,28.2977
2808,28.1785
2809,28.2273
2810,28.2819
2811,28.1508
2812,28.0985
2813,28.1556
2814,28.0541
2815,28.208
2816,28.1356
2817,28.2152
2818,28.1822
2819,28.1364
2820,28.3096
2821,28.2494
2822,28.2056
2823,28.292
2824,28.1735
2825,28.1658
2826,28.1642
2827,28.1908
2828,28.1634
2829,28.1916
2830,28.1718
2831,28.0496
2832,28.2329
2833,28.1495
2834,28.1327
2835,28.1296
2836,28.1441
2837,28.1902
2838,28.0795
2839,28.1235
2840,28.0306
2841,28.052
2842,28.0915
2843,28.0173
2844,27.8702
2845,27.9055
2846,27.8241
2847,27.8439
2848,27.8897
2849,27.9606
2850,27.9306
2851,27.8535
2852,27.7625
2853,27.8692
2854,27.9614
2855,27.9364
2856,27.9739
2857,28.0125
2858,28.112
2859,28.139
2860,28.0324
2861,28.1095
2862,28.0134
2863,27.9898
2864,28.1107
2865,28.1238
2866,27.9792
2867,28.1015
2868,28.1478
2869,28.0482
2870,28.0573
2871,28.0925
2872,28.0404
2873,28.1546
2874,28.21
2875,28.1465
2876,28.1851
2877,28.2291
2878,28.2446
2879,28.2058
2880,28.1758
2881,28.214
2882,28.1117
2883,28.0539
2884,28.1129
2885,28.057
2886,28.1653
2887,28.1159
2888,28.0925
2889,28.1607
2890,28.1223
2891,28.0902
2892,28.0454
2893,28.0176
2894,27.9318
2895,27.8984
2896,27.923
2897,27.9667
2898,27.9173
2899,27.9541
2900,28.0169
2901,27.8794
2902,27.9854
2903,28.0445
2904,28.0789
2905,27.9608
2906,27.9511
2907,28.1352
2908,28.0736
2909,28.0932
2910,28.1569
2911,28.0762
2912,28.0577
2913,28.0231
2914,27.9344
2915,28.0234
2916,28.0212
2917,28.0683
2918,28.095
2919,28.1368
2920,28.0459
2921,28.042
2922,28.0775
2923,28.1641
2924,28.0532
2925,28.148
2926,28.1063
2927,28.1458
2928,28.1749
2929,28.2344
2930,28.1566
2931,28.0946
2932,28.0944
2933,28.1422
2934,28.216
2935,28.3295
2936,28.3614
2937,28.0691
2938,28.2252
2939,28.1845
2940,28.0872
2941,28.0753
2942,28.1045
2943,28.0972
2944,28.0403
2945,28.2002
2946,28.1561
2947,28.0148
2948,28.1677
2949,28.0972
2950,28.1573
2951,28.1735
2952,28.1044
2953,28.0763
2954,28.0922
2955,28.1774
2956,28.0677
2957,28.1626
2958,28.1
2959,28.1796
2960,28.1639
2961,28.1404
2962,28.1123
2963,28.1769
2964,28.1403
2965,28.067
2966,28.085
2967,28.1183
2968,28.1386
2969,28.0863
2970,28.1919
2971,28.1056
2972,28.1673
2973,28.0847
2974,28.1154
2975,28.0807
2976,28.0486
2977,28.1537
2978,28.1222
2979,28.0725
2980,28.1159
2981,28.1476
2982,28.1376
2983,28.025
2984,27.965
2985,28.1101
2986,27.9438
2987,27.9583
2988,27.9825
2989,28.0235
2990,28.0164
2991,27.9954
2992,28.1779
2993,28.1321
2994,28.216
2995,28.1004
2996,28.0641
2997,28.1597
2998,28.1082
2999,28.1743
3000,28.1504
3001,28.1354
3002,28.1465
3003,28.1418
3004,28.2307
3005,28.1645
3006,28.1157
3007,28.1721
3008,28.1219
3009,28.135
3010,28.0526
3011,28.0641
3012,28.1513
3013,28.1794
3014,28.1966
3015,28.1808
3016,28.1871
3017,28.2015
3018,28.2215
3019,28.158
3020,28.1996
3021,28.2451
3022,28.1042
3023,28.0251
3024,28.196
3025,28.2042
3026,28.1021
3027,28.1306
3028,28.1547
3029,28.0785
3030,28.1214
3031,28.042
3032,28.0792
3033,28.0746
3034,28.1789
3035,28.1974
3036,28.1881
3037,28.034
3038,28.0988
3039,28.1954
3040,28.1566
3041,28.1182
3042,28.1294
3043,28.1542
3044,28.1559
3045,28.1739
3046,28.1573
3047,28.0725
3048,28.0981
3049,28.1805
3050,28.119
3051,27.9972
3052,27.9871
3053,28.0541
3054,27.9951
3055,27.978
3056,27.9603
3057,28.0774
3058,28.0657
3059,28.0845
3060,28.0705
3061,28.0625
3062,28.0155
3063,28.0237
3064,28.1118
3065,28.0211
3066,27.998
3067,27.9245
3068,28.0133
3069,27.9402
3070,27.8873
3071,28.01
3072,27.9046
3073,27.9735
3074,27.9064
3075,28.0864
3076,28.1321
3077,28.185
3078,28.2017
3079,28.1795
3080,28.1834
3081,28.0356
3082,28.0062
3083,28.0267
3084,28.0486
3085,28.0244
3086,28.0624
3087,28.0871
3088,27.9905
3089,27.8577
3090,28.0751
3091,27.9691
3092,27.9021
3093,27.9325
3094,27.8888
3095,27.8559
3096,27.9478
3097,28.0311
3098,28.041
3099,28.006
3100,27.8988
3101,27.947
3102,28.0262
3103,28.0146
3104,27.9594
3105,28.0029
3106,28.0786
3107,27.9859
3108,27.883
3109,28.0363
3110,27.9541
3111,27.9027
3112,27.887
3113,27.9341
3114,27.9495
3115,27.9285
3116,27.9423
3117,27.8991
3118,27.8261
3119,27.8614
3120,27.8729
3121,27.8679
3122,27.9704
3123,27.9219
3124,27.9598
3125,27.9766
3126,27.9164
3127,27.9837
3128,28.0524
3129,28.0538
3130,28.0075
3131,28.0012
3132,28.0916
3133,28.0483
3134,28.0841
3135,27.9991
3136,28.0063
3137,28.0825
3138,28.0539
3139,28.0334
3140,27.9344
3141,27.891
3142,27.9509
3143,28.0409
3144,27.9539
3145,28.0545
3146,27.8923
3147,27.9284
3148,27.9988
3149,27.9002
3150,27.885
3151,27.8793
3152,27.7967
3153,27.957
3154,27.9197
3155,27.9039
3156,27.9063
3157,27.9984
3158,27.9295
3159,27.9072
3160,27.9052
3161,27.9183
3162,28.0618
3163,28.0442
3164,27.9543
3165,27.9342
3166,27.9384
3167,27.8735
3168,28.0576
3169,27.9655
3170,27.875
3171,27.9782
3172,27.9141
3173,27.881
3174,27.8625
3175,27.894
3176,27.8783
3177,27.8889
3178,27.9747
3179,27.9476
3180,27.9707
3181,27.902
3182,27.9831
3183,27.8662
3184,27.8205
3185,27.9844
3186,27.9693
3187,28.0307
3188,27.993
3189,27.9668
3190,27.9976
3191,27.9723
3192,27.967
3193,27.9386
3194,27.9983
3195,28.0221
3196,27.9124
3197,27.9793
3198,27.9655
3199,28.0235
3200,27.9634
3201,27.9345
3202,27.9626
3203,27.9941
3204,28.0277
3205,27.9501
3206,27.932
3207,28.0271
3208,27.9524
3209,27.9228
3210,27.927
3211,28.0075
3212,28.028
3213,27.9745
3214,27.9719
3215,28.0435
3216,27.9934
3217,27.9212
3218,27.8492
3219,27.9468
3220,27.9317
3221,28.0539
3222,28.0016
3223,27.9986
3224,27.8643
3225,27.8886
3226,27.9936
3227,27.8794
3228,27.8071
3229,27.9044
3230,28.0444
3231,28.0181
3232,28.0266
3233,28.044
3234,28.0988
3235,28.0415
3236,28.0423
3237,28.0344
3238,28.0212
3239,27.9583
3240,28.0218
3241,28.0531
3242,27.9953
3243,27.9529
3244,27.9742
3245,28.0356
3246,27.9653
3247,28.0402
3248,27.8804
3249,27.979
3250,28.0111
3251,27.9568
3252,27.8572
3253,27.9304
3254,28.0516
3255,28.0236
3256,28.0339
3257,28.0085
3258,27.9535
3259,28.1251
3260,28.0536
3261,27.9882
3262,28.0039
3263,27.9666
3264,27.938
3265,28.0342
3266,27.9554
3267,27.9898
3268,27.9106
3269,28.0061
3270,27.8861
3271,28.1036
3272,28.0145
3273,27.939
3274,28.0239
3275,27.9479
3276,28.0837
3277,27.9538
3278,28.0221
3279,28.0415
3280,28.0627
3281,28.1415
3282,28.1348
3283,28.1958
3284,28.1991
3285,28.0782
3286,28.1272
3287,28.16
3288,28.1741
3289,28.1652
3290,28.1491
3291,28.1407
3292,28.1734
3293,28.1893
3294,28.2666
3295,28.0995
3296,28.0646
3297,28.1852
3298,28.0842
3299,28.0545
3300,28.0217
3301,28.0239
3302,28.0488
3303,28.1687
3304,28.0754
3305,28.0444
3306,28.0575
3307,28.008
3308,27.9437
3309,27.9644
3310,27.9437
3311,28.1088
3312,28.101
3313,28.1282
3314,28.0856
3315,28.0584
3316,27.9591
3317,27.9526
3318,28.0514
3319,27.985
3320,27.9609
3321,28.016
3322,28.0508
3323,28.0024
3324,27.946
3325,27.972
3326,27.9747
3327,27.9022
3328,28.0327
3329,28.0661
3330,27.9855
3331,28.0532
3332,28.1672
3333,28.1628
3334,28.2308
3335,28.2213
3336,28.1982
3337,28.2005
3338,28.1671
3339,28.1535
3340,28.1085
3341,28.1696
3342,28.2153
3343,28.2474
3344,28.1682
3345,28.1966
3346,28.0915
3347,28.1342
3348,28.0795
3349,28.2939
3350,28.151
3351,28.2336
3352,28.2651
3353,28.2411
3354,28.178
3355,28.0547
3356,28.0383
3357,28.1602
3358,28.1843
3359,28.1555
3360,28.177
3361,28.2226
3362,28.2181
3363,28.1767
3364,28.1253
3365,27.9979
3366,28.1149
3367,28.1173
3368,28.053
3369,28.1605
3370,28.1383
3371,28.1676
3372,28.0642
3373,28.0887
3374,28.0835
3375,28.0327
3376,27.984
3377,28.1166
3378,28.0881
3379,27.9806
3380,28.0822
3381,28.1219
3382,28.1713
3383,28.0061
3384,28.0348
3385,28.0804
3386,28.0738
3387,28.1361
3388,28.0756
3389,28.1209
3390,28.1416
3391,28.0938
3392,27.9934
3393,27.8957
3394,28.0046
3395,28.042
3396,27.9885
3397,28.0257
3398,27.9526
3399,27.8883
3400,27.9681
3401,28.0107
3402,27.9691
3403,28.0428
3404,28.0277
3405,28.1375
3406,27.9906
3407,27.9737
3408,28.0378
3409,28.0684
3410,27.9532
3411,28.0474
3412,28.034
3413,28.068
3414,28.1749
3415,28.1419
3416,28.0881
3417,28.1358
3418,28.0381
3419,27.9921
3420,28.1693
3421,28.1145
3422,28.0437
3423,28.0809
3424,28.0178
3425,28.1223
3426,28.0146
3427,28.0576
3428,28.0734
3429,28.0235
3430,27.9691
3431,28.047
3432,27.9936
3433,27.972
3434,27.9853
3435,27.9486
3436,27.8808
3437,27.8833
3438,27.895
3439,27.9292
3440,27.9284
3441,27.9477
3442,27.9457
3443,27.8544
3444,27.9381
3445,27.9102
3446,27.7775
3447,27.9192
3448,27.8819
3449,28.0239
3450,28.0986
3451,27.9985
3452,28.138
3453,28.0683
3454,28.1253
3455,28.0874
3456,28.0908
3457,28.0127
3458,28.1039
3459,28.0399
3460,28.2399
3461,28.1954
3462,28.2157
3463,28.2056
3464,28.1093
3465,28.2182
3466,28.0943
3467,28.2102
3468,28.2024
3469,28.077
3470,28.0841
3471,28.18
3472,28.2142
3473,28.1763
3474,28.0539
3475,28.2577
3476,28.2628
3477,28.1776
3478,28.0407
3479,28.238
3480,28.166
3481,28.168
3482,28.1248
3483,28.2311
3484,28.2971
3485,28.2592
3486,28.2277
3487,28.2639
3488,28.1698
3489,28.151
3490,28.1478
3491,28.1411
3492,28.2324
3493,28.3655
3494,28.2996
3495,28.4332
3496,28.3306
3497,28.2643
3498,28.2862
3499,28.215
3500,28.1395
3501,28.2931
3502,28.2952
3503,28.3234
3504,28.2619
3505,28.2578
3506,28.3717
3507,28.2802
3508,28.1394
3509,28.1108
3510,28.113
3511,28.1438
3512,28.1862
3513,28.207
3514,28.3098
3515,28.2313
3516,28.0187
3517,28.0989
3518,28.0582
3519,28.0826
3520,28.1001
3521,28.162
3522,28.1078
3523,28.0826
3524,28.1308
3525,28.1263
3526,28.1334
3527,28.2266
3528,28.1978
3529,28.1114
3530,28.1818
3531,28.2761
3532,28.2727
3533,28.2298
3534,28.1965
3535,28.1688
3536,28.1589
3537,28.2258
3538,28.2659
3539,28.2042
3540,28.1605
3541,28.1617
3542,28.2559
3543,28.2576
3544,28.2425
3545,28.1987
3546,28.2016
3547,27.9431
3548,28.1146
3549,28.0219
3550,28.0315
3551,28.0211
3552,28.0623
3553,28.0331
3554,27.9215
3555,27.9456
3556,27.8634
3557,27.926
3558,27.816
3559,28.0454
3560,28.0112
3561,28.0117
3562,27.9729
3563,27.963
3564,28.0265
3565,27.8971
3566,27.9222
3567,27.8485
3568,27.8911
3569,27.9432
3570,27.8776
3571,27.9765
3572,28.0595
3573,28.037
3574,27.9288
3575,28.024
3576,27.9649
3577,27.9561
3578,28.0523
3579,28.1363
3580,28.0339
3581,28.0264
3582,28.0567
3583,28.0775
3584,28.1709
3585,28.0849
3586,28.1358
3587,28.1888
3588,28.1251
3589,28.2138
3590,28.1722
3591,28.1943
3592,28.1981
3593,28.2495
3594,28.1794
3595,28.0928
3596,28.0942
3597,28.0959
3598,28.0369
3599,28.0836
3600,28.1468
3601,28.1148
3602,28.0974
3603,28.0781
3604,28.1712
3605,28.0958
3606,28.0996
3607,28.1668
3608,28.1441
3609,28.1397
3610,28.0601
3611,28.1274
3612,28.0817
3613,28.0785
3614,28.1554
3615,28.1078
3616,28.1255
3617,28.0354
3618,28.0362
3619,28.1492
3620,28.0546
3621,27.9772
3622,28.1731
3623,28.1438
3624,28.1136
3625,28.1518
3626,28.1296
3627,28.1273
3628,28.1956
3629,28.2533
3630,28.2417
3631,28.1891
3632,28.2636
3633,28.2912
3634,28.4163
3635,28.5334
3636,28.3952
3637,28.4777
3638,28.3784
3639,28.402
3640,28.3681
3641,28.4771
3642,28.3679
3643,28.2799
3644,28.2456
3645,28.3437
3646,28.328
3647,28.3271
3648,28.256
3649,28.227
3650,28.2684
3651,28.2698
3652,28.298
3653,28.2635
3654,28.2209
3655,28.2676
3656,28.232
3657,28.2695
3658,28.2585
3659,28.0957
3660,28.143
3661,28.2644
3662,28.2413
3663,28.185
3664,28.1784
3665,28.166
3666,28.3171
3667,28.1672
3668,28.1612
3669,28.2291
3670,28.117
3671,28.1043
3672,28.0282
3673,28.0404
3674,28.1435
3675,28.14
3676,28.1788
3677,28.0909
3678,28.0415
3679,28.0814
3680,28.136
3681,28.1592
3682,28.2418
3683,28.2672
3684,28.2502
3685,28.1263
3686,28.0567
3687,28.0946
3688,28.1592
3689,28.0204
3690,28.1054
3691,28.0934
3692,28.0616
3693,28.059
3694,28.0957
3695,28.2497
3696,28.2473
3697,28.2023
3698,28.2845
3699,28.2831
3700,28.3676
3701,28.2505
3702,28.3938
3703,28.2737
3704,28.3007
3705,28.3401
3706,28.2478
3707,28.337
3708,28.3989
3709,28.3103
3710,28.3185
3711,28.2944
3712,28.2286
3713,28.2435
3714,28.2451
3715,28.3636
3716,28.2252
3717,28.2003
3718,28.3073
3719,28.2735
3720,28.3415
3721,28.3703
3722,28.4507
3723,28.4472
3724,28.3289
3725,28.4734
3726,28.3454
3727,28.3565
3728,28.3976
3729,28.3408
3730,28.2141
3731,28.3162
3732,28.2506
3733,28.2943
3734,28.2486
3735,28.2467
3736,28.1657
3737,28.313
3738,28.2753
3739,28.264
3740,28.2458
3741,28.1804
3742,28.2334
3743,28.0589
3744,28.1334
3745,28.2322
3746,28.2036
3747,28.2849
3748,28.1565
3749,28.0855
3750,28.0987
3751,28.0985
3752,28.1448
3753,28.25
3754,28.2922
3755,28.1631
3756,28.1247
3757,28.083
3758,28.0377
3759,28.0773
3760,27.9337
3761,27.9595
3762,27.956
3763,28.0963
3764,28.1814
3765,28.123
3766,28.0483
3767,28.1726
3768,28.1593
3769,28.1105
3770,28.1992
3771,28.2659
3772,28.2734
3773,28.1037
3774,28.1446
3775,28.1454
3776,28.0741
3777,28.0297
3778,28.1135
3779,28.093
3780,28.1607
3781,28.1389
3782,27.9569
3783,27.9315
3784,27.9558
3785,27.961
3786,27.9347
3787,27.9504
3788,28.1132
3789,28.061
3790,28.068
3791,28.1014
3792,28.1802
3793,28.0977
3794,28.1008
3795,28.071
3796,28.1212
3797,28.0819
3798,28.2323
3799,28.1589
3800,28.073
3801,28.0803
3802,28.0132
3803,28.1479
3804,28.174
3805,28.0356
3806,28.0909
3807,28.1053
3808,28.2428
3809,28.356
3810,28.1845
3811,28.1751
3812,28.1014
3813,28.1028
3814,28.1437
3815,28.2329
3816,28.2601
3817,28.1727
3818,28.1304
3819,28.1999
3820,28.1387
3821,28.0987
3822,27.9885
3823,27.9764
3824,28.0378
3825,28.1706
3826,28.1033
3827,28.0344
3828,28.1071
3829,28.1414
3830,28.1425
3831,28.215
3832,28.1631
3833,28.3413
3834,28.2714
3835,28.2664
3836,28.1145
3837,28.2528
3838,28.1915
3839,28.2921
3840,28.4776
3841,28.3762
3842,28.3962
3843,28.4528
3844,28.3715
3845,28.3382
3846,28.3663
3847,28.4124
3848,28.3739
3849,28.3793
3850,28.2648
3851,28.3194
3852,28.2892
3853,28.2795
3854,28.2498
3855,28.2456
3856,28.1219
3857,28.2188
3858,28.2175
3859,28.3509
3860,28.3135
3861,28.2934
3862,28.2017
3863,28.1127
3864,28.0928
3865,28.0678
3866,28.0421
3867,28.1215
3868,28.1734
3869,28.1771
3870,28.1891
3871,28.1878
3872,28.0959
3873,28.1072
3874,28.1014
3875,28.0992
3876,28.1186
3877,28.0809
3878,28.0954
3879,28.1496
3880,28.1367
3881,28.0369
3882,28.1407
3883,28.2455
3884,28.1221
3885,28.0883
3886,28.2048
3887,28.2443
3888,28.2941
3889,28.2471
3890,28.2213
3891,28.2879
3892,28.0917
3893,28.204
3894,28.1838
3895,28.3129
3896,28.3582
3897,28.2415
3898,28.2268
3899,28.2539
3900,28.1688
3901,28.1904
3902,28.1527
3903,28.2678
3904,28.2399
3905,28.2659
3906,28.1376
3907,28.0923
3908,27.9534
3909,28.094
3910,28.0402
3911,28.1055
3912,28.0375
3913,27.9743
3914,28.0267
3915,28.0772
3916,28.093
3917,27.9835
3918,27.9905
3919,28.1038
3920,28.0405
3921,28.1392
3922,28.1427
3923,28.0681
3924,28.0639
3925,28.1087
3926,28.0083
3927,28.0188
3928,28.0342
3929,28.0519
3930,28.024
3931,28.0043
3932,28.0765
3933,27.9961
3934,28.0964
3935,28.0727
3936,28.1701
3937,28.1547
3938,28.0258
3939,28.1157
3940,27.9564
3941,27.9533
3942,28.0456
3943,28.1276
3944,28.2498
3945,28.1166
3946,28.0978
3947,28.1125
3948,28.1871
3949,28.2579
3950,28.256
3951,28.1732
3952,28.0646
3953,27.9863
3954,28.0511
3955,28.0043
3956,27.9916
3957,28.0421
3958,27.9906
3959,28.0787
3960,28.1656
3961,27.9874
3962,28.0136
3963,28.0543
3964,28.0492
3965,28.1154
3966,27.985
3967,28.1021
3968,28.0134
3969,28.0905
3970,28.0781
3971,27.9977
3972,27.9804
3973,28.0559
3974,28.0769
3975,28.0805
3976,28.0664
3977,28.1323
3978,28.1218
3979,28.0957
3980,28.1137
3981,28.0172
3982,28.0742
3983,28.0219
3984,28.0069
3985,28.0308
3986,28.0114
3987,28.0096
3988,27.9853
3989,27.9654
3990,27.9744
3991,27.9737
3992,27.8892
3993,27.9144
3994,28.0077
3995,27.9828
3996,27.9846
3997,28.0493
3998,28.0479
3999,28.0397
4000,28.066
4001,28.0341
4002,28.1025
4003,28.1333
4004,27.9821
4005,28.0349
4006,27.9881
4007,28.0283
4008,28.0917
4009,28.0448
4010,28.0014
4011,27.9411
4012,27.998
4013,28.0194
4014,27.9515
4015,28.1295
4016,28.0754
4017,28.0362
4018,28.0923
4019,28.0459
4020,28.1774
4021,28.1903
4022,28.1688
4023,28.1892
4024,28.0152
4025,27.9781
4026,27.999
4027,28.0908
4028,27.988
4029,28.0609
4030,28.1111
4031,28.1869
4032,28.074
4033,28.0426
4034,28.0499
4035,28.1916
4036,28.0937
4037,28.0638
4038,28.0417
4039,28.0681
4040,28.078
4041,28.1084
4042,28.0603
4043,28.0178
4044,28.0647
4045,28.0796
4046,28.098
4047,28.0658
4048,28.089
4049,28.1029
4050,28.2044
4051,28.0618
4052,28.0089
4053,28.0217
4054,28.0424
4055,28.1743
4056,28.049
4057,28.0047
4058,28.0447
4059,27.9896
4060,27.9984
4061,28.0394
4062,28.1015
4063,28.0578
4064,28.0774
4065,28.052
4066,28.1021
4067,28.1211
4068,28.1383
4069,28.107
4070,28.0163
4071,28.028
4072,27.966
4073,28.1591
4074,28.0173
4075,28.0604
4076,27.9698
4077,27.9843
4078,27.9451
4079,28.0618
4080,28.0785
4081,27.9657
4082,27.9611
4083,28.0368
4084,27.9713
4085,27.9269
4086,28.0962
4087,28.1232
4088,28.1528
4089,28.1968
4090,28.1235
4091,28.0661
4092,27.968
4093,28.037
4094,28.0754
4095,27.9374
4096,27.9809
4097,27.9731
4098,27.8967
4099,27.8124
4100,27.9432
4101,27.9645
4102,27.9237
4103,27.9837
4104,28.0412
4105,28.0386
4106,27.9717
4107,27.9578
4108,28.0582
4109,27.9463
4110,27.9525
4111,28.0733
4112,28.0756
4113,28.0264
4114,28.0506
4115,28.0775
4116,28.0583
4117,28.1197
4118,27.9891
4119,27.9922
4120,28.0521
4121,27.9526
4122,27.9796
4123,28.0431
4124,27.8901
4125,27.9819
4126,28.0549
4127,27.9747
4128,28.1843
4129,28.2518
4130,28.1711
4131,28.0986
4132,28.1423
4133,28.0022
4134,28.0353
4135,28.008
4136,28.0533
4137,28.0659
4138,28.0664
4139,28.0614
4140,27.9479
4141,28.1004
4142,28.0283
4143,28.0028
4144,28.1608
4145,28.1277
4146,28.1034
4147,28.1892
4148,28.1556
4149,28.1305
4150,28.1425
4151,28.0882
4152,28.1294
4153,28.0262
4154,28.0866
4155,28.1015
4156,28.048
4157,28.065
4158,27.9902
4159,28.0202
4160,27.9766
4161,27.9542
4162,28.0774
4163,28.0495
4164,28.0385
4165,28.0994
4166,28.0167
4167,27.9222
4168,27.9983
4169,27.9946
4170,28.0113
4171,28.072
4172,28.0584
4173,28.0462
4174,27.9209
4175,28.0658
4176,28.0867
4177,28.0161
4178,28.009
4179,28.1397
4180,28.1909
4181,28.0667
4182,28.0007
4183,28.1124
4184,28.0445
4185,28.0475
4186,28.0981
4187,28.2242
4188,28.255
4189,28.1794
4190,28.2378
4191,28.2716
4192,28.2001
4193,28.1583
4194,28.2761
4195,28.1636
4196,28.2916
4197,28.1689
4198,28.2095
4199,28.1095
4200,28.0693
4201,28.0685
4202,28.1241
4203,27.9973
4204,28.1853
4205,28.1324
4206,28.1108
4207,28.1745
4208,28.1356
4209,28.04
4210,27.9623
4211,28.0717
4212,28.1218
4213,28.131
4214,28.1226
4215,28.1164
4216,28.2047
4217,28.2266
4218,28.0729
4219,28.0396
4220,28.0465
4221,28.1106
4222,28.1732
4223,28.1943
4224,28.1581
4225,28.0941
4226,28.0495
4227,28.0954
4228,28.1645
4229,28.182
4230,28.1621
4231,28.0568
4232,28.256
4233,28.241
4234,28.1819
4235,28.3062
4236,28.2336
4237,28.2822
4238,28.195
4239,28.2875
4240,28.2946
4241,28.3841
4242,28.2159
4243,28.1621
4244,28.2178
4245,28.2171
4246,28.2837
4247,28.2746
4248,28.1884
4249,28.1757
4250,28.1055
4251,28.1579
4252,28.1035
4253,28.2881
4254,28.3445
4255,28.2706
4256,28.3047
4257,28.2337
4258,28.3275
4259,28.2499
4260,28.332
4261,28.2902
4262,28.2209
4263,28.3053
4264,28.1957
4265,28.1946
4266,28.2298
4267,28.2204
4268,28.307
4269,28.2477
4270,28.2141
4271,28.2439
4272,28.2182
4273,28.2325
4274,28.1989
4275,28.1522
4276,28.1117
4277,28.0505
4278,28.079
4279,28.137
4280,28.148
4281,28.0705
4282,28.0117
4283,27.931
4284,28.0431
4285,28.0561
4286,28.1222
4287,28.1935
4288,28.1179
4289,28.0651
4290,28.1772
4291,28.1274
4292,28.1903
4293,28.2829
4294,28.2023
4295,28.2117
4296,28.1568
4297,28.085
4298,28.2577
4299,28.1388
4300,28.159
4301,28.1674
4302,28.1526
4303,28.279
4304,28.2337
4305,28.1928
4306,28.1216
4307,28.1343
4308,28.0518
4309,28.0621
4310,28.0308
4311,28.1305
4312,28.1345
4313,28.1908
4314,28.16
4315,28.2589
4316,28.2392
4317,28.1611
4318,28.2514
4319,28.2299
4320,28.3377
4321,28.2038
4322,28.2561
4323,28.2504
4324,28.2204
4325,28.1751
4326,28.2227
4327,28.0581
4328,28.2295
4329,28.2219
4330,28.215
4331,28.1427
4332,28.2098
4333,28.2201
4334,28.1527
4335,28.0916
4336,28.1628
4337,28.2406
4338,28.2023
4339,28.2136
4340,28.1383
4341,28.034
4342,28.2679
4343,28.0921
4344,28.0552
4345,28.1599
4346,28.1479
4347,28.1695
4348,28.1193
4349,28.1895
4350,28.2037
4351,28.1645
4352,28.266
4353,28.1599
4354,28.1183
4355,28.0169
4356,28.1416
4357,28.0742
4358,28.0383
4359,28.0247
4360,28.0749
4361,28.0478
4362,27.8887
4363,28.045
4364,27.9598
4365,27.9087
4366,27.9756
4367,27.9054
4368,27.991
4369,27.9214
4370,28.0379
4371,28.0347
4372,27.994
4373,28.126
4374,28.1322
4375,27.9217
4376,27.9218
4377,27.8579
4378,27.9999
4379,27.9173
4380,27.9224
4381,27.8608
4382,27.8416
4383,27.8561
4384,27.8902
4385,27.8338
4386,27.9235
4387,27.9236
4388,27.9066
4389,27.8455
4390,27.9228
4391,27.9121
4392,27.8336
4393,27.8897
4394,28.0357
4395,28.012
4396,27.8618
4397,27.9915
4398,27.8532
4399,27.9483
4400,27.9529
4401,28.0181
4402,28.0104
4403,27.9841
4404,27.8492
4405,27.8519
4406,27.8321
4407,27.8282
4408,27.8708
4409,27.8873
4410,27.8869
4411,27.9302
4412,27.9929
4413,27.8586
4414,27.8459
4415,27.9876
4416,28.0042
4417,27.9786
4418,27.9802
4419,28.0092
4420,28.0823
4421,27.9763
4422,28.0606
4423,28.0004
4424,28.0628
4425,28.0105
4426,28.0839
4427,28.1552
4428,28.1525
4429,28.1902
4430,28.1293
4431,28.0915
4432,28.0786
4433,28.0781
4434,27.9883
4435,28.01
4436,27.966
4437,28.0655
4438,27.9925
4439,28.1999
4440,28.1134
4441,28.0213
4442,28.0597
4443,27.9451
4444,27.9775
4445,28.0173
4446,28.0559
4447,28.0694
4448,28.2272
4449,28.0401
4450,28.2658
4451,28.2762
4452,28.1124
4453,28.1817
4454,28.1885
4455,28.2133
4456,28.1697
4457,28.235
4458,28.2958
4459,28.2755
4460,28.3317
4461,28.2324
4462,28.2619
4463,28.2251
4464,28.1837
4465,28.2311
4466,28.2046
4467,28.2064
4468,28.1612
4469,28.1849
4470,28.2871
4471,28.1834
4472,28.3181
4473,28.2166
4474,28.3005
4475,28.2322
4476,28.2224
4477,28.1783
4478,28.1541
4479,28.2095
4480,28.238
4481,28.1916
4482,28.178
4483,28.1479
4484,28.1046
4485,28.0541
4486,28.0716
4487,28.1235
4488,28.0173
4489,28.0526
4490,28.061
4491,28.0481
4492,28.1701
4493,28.2185
4494,28.1327
4495,28.1221
4496,28.0633
4497,28.1286
4498,28.1552
4499,28.0508
4500,28.1539
4501,28.0017
4502,28.1031
4503,28.2535
4504,28.145
4505,28.1448
4506,28.0843
4507,28.1767
4508,28.2221
4509,28.2315
4510,28.2014
4511,28.211
4512,28.1909
4513,28.1024
4514,28.1269
4515,28.1349
4516,28.173
4517,28.2625
4518,28.1347
4519,28.1328
4520,28.0491
4521,28.1727
4522,28.1306
4523,28.1704
4524,28.1985
4525,28.2079
4526,28.1722
4527,28.131
4528,28.1574
4529,28.2243
4530,28.1354
4531,28.1727
4532,28.188
4533,28.1633
4534,28.1596
4535,28.1512
4536,28.1999
4537,28.1465
4538,28.1378
4539,28.2729
4540,28.2361
4541,28.1278
4542,28.1457
4543,28.1403
4544,28.0977
4545,28.1952
4546,28.0762
4547,28.0708
4548,28.1895
4549,28.1691
4550,28.1556
4551,28.1554
4552,28.2321
4553,28.1472
4554,28.1565
4555,28.1827
4556,28.1551
4557,28.1025
4558,28.091
4559,28.1374
4560,28.1878
4561,28.1904
4562,28.2209
4563,28.1979
4564,28.2593
4565,28.2665
4566,28.2384
4567,28.2425
4568,28.1908
4569,28.265
4570,28.2223
4571,28.184
4572,28.2052
4573,28.155
4574,28.19
4575,28.2058
4576,28.1828
4577,28.1375
4578,28.0414
4579,27.9797
4580,28.0396
4581,28.1762
4582,28.1403
4583,28.241
4584,28.2277
4585,28.2077
4586,28.2828
4587,28.3221
4588,28.2133
4589,28.256
4590,28.2446
4591,28.2048
4592,28.1421
4593,28.0571
4594,28.0165
4595,28.0677
4596,28.1749
4597,28.1473
4598,28.0244
4599,28.056
4600,28.2272
4601,28.2719
4602,28.293
4603,28.2969
4604,28.2081
4605,28.2441
4606,28.3626
4607,28.1614
4608,28.1324
4609,28.1665
4610,28.0963
4611,28.254
4612,28.2362
4613,28.1318
4614,28.0099
4615,28.1411
4616,28.1046
4617,28.0376
4618,28.0543
4619,28.0203
4620,28.0286
4621,28.0526
4622,28.1452
4623,27.9837
4624,28.0561
4625,27.9819
4626,28.0365
4627,28.1227
4628,28.1117
4629,28.0136
4630,27.9921
4631,28.0545
4632,28.0261
4633,28.0317
4634,28.0219
4635,28.0815
4636,28.0856
4637,28.0303
4638,28.0991
4639,28.1398
4640,28.0563
4641,28.0928
4642,28.1257
4643,28.107
4644,28.0517
4645,28.1779
4646,28.1276
4647,28.1997
4648,28.1549
4649,28.1295
4650,28.1422
4651,28.145
4652,28.1734
4653,28.2089
4654,28.0752
4655,28.1323
4656,28.0407
4657,28.0837
4658,28.231
4659,28.0569
4660,27.9817
4661,27.9859
4662,28.0937
4663,28.0305
4664,28.1796
4665,28.1795
4666,28.0938
4667,28.139
4668,28.29
4669,28.2148
4670,28.198
4671,28.1519
4672,28.1372
4673,28.1963
4674,28.1557
4675,28.2463
4676,28.117
4677,28.0755
4678,28.1248
4679,27.9364
4680,27.9419
4681,27.9383
4682,27.974
4683,28.0294
4684,27.9436
4685,28.0879
4686,27.9982
4687,28.0004
4688,28.0546
4689,28.0115
4690,27.9677
4691,27.996
4692,28.0622
4693,27.9935
4694,27.8449
4695,28.0158
4696,28.0426
4697,27.9883
4698,27.9753
4699,27.9889
4700,27.9436
4701,27.8461
4702,27.9516
4703,27.8829
4704,27.9159
4705,27.977
4706,27.892
4707,27.8275
4708,27.873
4709,27.8823
4710,27.8757
4711,27.7934
4712,27.8615
4713,27.7959
4714,27.8328
4715,27.8818
4716,27.9336
4717,27.8069
4718,27.9134
4719,27.9138
4720,27.803
4721,27.7494
4722,27.7546
4723,27.8498
4724,27.7937
4725,27.8643
4726,27.9726
4727,27.9386
4728,27.9843
4729,27.8288
4730,28.0005
4731,27.9875
4732,27.9576
4733,27.9874
4734,27.9888
4735,28.0978
4736,28.0874
4737,28.0917
4738,28.1479
4739,28.0113
4740,28.0498
4741,28.1071
4742,28.1492
4743,28.1606
4744,28.0791
4745,28.105
4746,28.0739
4747,28.1228
4748,28.1264
4749,28.1221
4750,28.2375
4751,28.2225
4752,28.1939
4753,28.1397
4754,28.0719
4755,28.1071
4756,28.1567
4757,28.1016
4758,28.1763
4759,28.0152
4760,27.9927
4761,28.0226
4762,28.0596
4763,27.9803
4764,27.9661
4765,28.1136
4766,28.0671
4767,28.0254
4768,27.9874
4769,28.1031
4770,28.1802
4771,28.3113
4772,28.1407
4773,28.27
4774,28.3225
4775,28.3133
4776,28.2116
4777,28.2625
4778,28.1921
4779,28.2
4780,28.1563
4781,28.1681
4782,28.1897
4783,28.0973
4784,28.3071
4785,28.1951
4786,28.1625
4787,28.1838
4788,28.1576
4789,28.1924
4790,28.2757
4791,28.1649
4792,28.192
4793,28.1777
4794,28.2499
4795,28.1512
4796,28.1353
4797,28.2493
4798,28.0845
4799,28.0897
4800,28.2775
4801,28.1542
4802,28.2345
4803,28.1949
4804,28.3508
4805,28.2954
4806,28.2715
4807,28.326
4808,28.2753
4809,28.3189
4810,28.3272
4811,28.1393
4812,28.2696
4813,28.2573
4814,28.2571
4815,28.283
4816,28.2253
4817,28.2897
4818,28.2413
4819,28.2117
4820,28.1061
4821,28.1576
4822,28.1958
4823,28.2499
4824,28.2049
4825,28.2171
4826,28.3518
4827,28.2855
4828,28.1939
4829,28.2183
4830,28.2191
4831,28.2761
4832,28.3259
4833,28.2951
4834,28.347
4835,28.3833
4836,28.2697
4837,28.3591
4838,28.3276
4839,28.3265
4840,28.3567
4841,28.3749
4842,28.2325
4843,28.2031
4844,28.2436
4845,28.2529
4846,28.2616
4847,28.1173
4848,28.2395
4849,28.1356
4850,28.2079
4851,28.138
4852,28.3029
4853,28.1765
4854,28.1954
4855,28.3058
4856,28.2512
4857,28.1384
4858,28.1772
4859,28.2485
4860,28.1559
4861,28.1863
4862,28.2671
4863,28.2005
4864,28.2263
4865,28.3678
4866,28.2119
4867,28.2256
4868,28.0739
4869,28.1618
4870,27.9928
4871,28.0052
4872,28.0375
4873,28.0237
4874,28.1259
4875,28.0703
4876,28.0992
4877,28.2728
4878,28.1872
4879,28.1357
4880,28.1714
4881,28.268
4882,28.1739
4883,28.0546
4884,28.058
4885,28.0106
4886,28.1739
4887,28.0763
4888,28.0987
4889,28.0564
4890,28.0048
4891,28.0982
4892,28.1039
4893,28.1088
4894,28.1748
4895,28.2352
4896,28.2258
4897,28.1839
4898,28.1086
4899,28.1215
4900,28.1328
4901,28.2002
4902,28.2022
4903,28.1535
4904,28.1041
4905,28.145
4906,27.9439
4907,27.9889
4908,28.0421
4909,28.0127
4910,28.2082
4911,28.0718
4912,28.1089
4913,28.216
4914,28.1538
4915,28.179
4916,28.2378
4917,28.1843
4918,28.1129
4919,28.2527
4920,28.2646
4921,28.2481
4922,28.2512
4923,28.2375
4924,28.2399
4925,28.1991
4926,28.2901
4927,28.0572
4928,28.1439
4929,28.1595
4930,28.2835
4931,28.2207
4932,28.1771
4933,28.1445
4934,28.2546
4935,28.282
4936,28.208
4937,28.225
4938,28.2313
4939,28.2172
4940,28.0712
4941,28.171
4942,28.2
4943,28.1346
4944,28.135
4945,28.1406
4946,28.2048
4947,28.3188
4948,28.1654
4949,28.1255
4950,27.9899
4951,28.22
4952,28.1296
4953,28.1836
4954,28.2195
4955,28.3027
4956,28.2158
4957,28.2893
4958,28.2646
4959,28.2269
4960,28.3319
4961,28.2459
4962,28.2922
4963,28.2869
4964,28.3003
4965,28.1357
4966,28.2101
4967,28.1675
4968,28.1734
4969,28.1664
4970,28.241
4971,28.1992
4972,28.1561
4973,28.0131
4974,28.0794
4975,28.2393
4976,28.1667
4977,28.2191
4978,28.3326
4979,28.3199
4980,28.2589
4981,28.322
4982,28.1821
4983,28.1558
4984,28.2406
4985,28.2985
4986,28.2247
4987,28.1679
4988,28.207
4989,28.0987
4990,28.1577
4991,28.1995
4992,28.0662
4993,28.133
4994,28.1276
4995,27.9827
4996,27.9951
4997,28.0751
4998,28.0488
4999,28.051
5000,28.1085
5001,28.0462
5002,28.1087
5003,28.1179
5004,28.0239
5005,28.0805
5006,28.1052
5007,28.097
5008,28.0259
5009,28.0695
5010,28.1
5011,28.069
5012,28.2398
5013,28.1806
5014,28.1902
5015,28.1664
5016,28.2777
5017,28.1293
5018,28.1155
5019,28.0664
5020,28.1385
5021,28.124
5022,28.1209
5023,28.0877
5024,28.0209
5025,28.0956
5026,28.1303
5027,28.0496
5028,28.0641
5029,28.0351
5030,28.1212
5031,28.1158
5032,28.0236
5033,28.1201
5034,28.0402
5035,28.001
5036,28.1998
5037,28.0316
5038,28.1053
5039,28.1094
5040,28.0738
5041,28.1766
5042,28.1229
5043,28.0821
5044,28.0604
5045,28.08
5046,28.1619
5047,28.1269
5048,28.1498
5049,28.0193
5050,28.083
5051,27.994
5052,28.0184
5053,28.108
5054,28.0732
5055,28.1123
5056,28.0874
5057,28.0583
5058,28.2008
5059,28.0503
5060,28.0197
5061,28.113
5062,28.0704
5063,28.0954
5064,28.1724
5065,28.1144
5066,28.0274
5067,28.0755
5068,28.0243
5069,28.0282
5070,28.0143
5071,27.9779
5072,27.9952
5073,28.0019
5074,28.0305
5075,28.0667
5076,28.0165
5077,28.029
5078,28.0765
5079,28.0729
5080,27.9666
5081,27.9168
5082,27.9597
5083,27.9636
5084,28.0389
5085,27.9416
5086,28.0261
5087,28.1649
5088,28.1995
5089,28.079
5090,28.129
5091,28.0243
5092,28.0521
5093,28.0798
5094,28.0768
5095,28.1464
5096,28.1499
5097,28.185
5098,28.1697
5099,28.1364
5100,28.2193
5101,28.0619
5102,28.1733
5103,28.2813
5104,28.1882
5105,28.2289
5106,28.1212
5107,28.1011
5108,28.1316
5109,28.0995
5110,28.1124
5111,28.1133
5112,28.0512
5113,28.0394
5114,28.0727
5115,28.06
5116,28.0555
5117,28.1144
5118,28.2079
5119,27.9867
5120,28.0644
5121,28.1094
5122,27.9339
5123,28.001
5124,27.9722
5125,28.0524
5126,28.1224
5127,28.154
5128,28.1012
5129,28.1468
5130,28.1457
5131,28.1462
5132,28.0696
5133,28.1071
5134,28.0271
5135,28.0662
5136,28.0951
5137,28.0465
5138,28.0612
5139,28.1359
5140,28.0976
5141,28.1684
5142,28.1063
5143,28.1568
5144,28.1223
5145,28.1267
5146,28.1356
5147,28.0929
5148,28.1111
5149,28.0858
5150,28.042
5151,28.1554
5152,28.2312
5153,28.1956
5154,28.1978
5155,28.1965
5156,28.1727
5157,28.2001
5158,28.2222
5159,28.1898
5160,28.1394
5161,28.0534
5162,28.056
5163,28.0299
5164,28.1008
5165,28.1224
5166,28.1388
5167,28.0522
5168,27.9535
5169,28.0305
5170,27.9063
5171,28.0455
5172,28.0136
5173,28.0218
5174,28.0209
5175,27.9892
5176,28.066
5177,28.0712
5178,27.9696
5179,28.0159
5180,28.0853
5181,28.1151
5182,28.0929
5183,28.0819
5184,28.1314
5185,28.1563
5186,28.148
5187,28.1346
5188,28.163
5189,28.1752
5190,28.1421
5191,28.2107
5192,28.2224
5193,28.2129
5194,28.189
5195,28.16
5196,28.172
5197,28.1155
5198,28.2146
5199,28.0673
5200,28.125
5201,28.0258
5202,28.0872
5203,28.0537
5204,28.0703
5205,28.1034
5206,28.1639
5207,28.2327
5208,28.1797
5209,28.1307
5210,28.1426
5211,28.1766
5212,28.0901
5213,28.0953
5214,28.0787
5215,28.12
5216,28.0305
5217,28.094
5218,28.152
5219,28.1024
5220,28.1026
5221,28.1438
5222,28.1129
5223,28.1442
5224,28.0991
5225,28.0428
5226,28.1261
5227,28.0287
5228,28.1485
5229,28.1686
5230,28.164
5231,28.118
5232,28.1979
5233,28.2338
5234,28.1401
5235,28.1497
5236,28.0801
5237,28.1245
5238,28.2487
5239,28.0793
5240,28.0678
5241,28.0923
5242,28.1252
5243,28.0622
5244,28.0454
5245,28.0303
5246,28.0466
5247,28.1372
5248,28.0999
5249,28.1026
5250,28.2198
5251,28.106
5252,28.1117
5253,28.1014
5254,28.1162
5255,28.0796
5256,28.0964
5257,28.1412
5258,28.1012
5259,28.1402
5260,28.0543
5261,28.1408
5262,28.0198
5263,27.9868
5264,28.014
5265,28.1133
5266,28.1277
5267,28.0184
5268,28.1156
5269,28.0983
5270,28.0003
5271,28.0756
5272,28.0642
5273,27.9669
5274,27.9243
5275,27.9785
5276,27.9286
5277,28.02
5278,27.9889
5279,28.0901
5280,28.1357
5281,28.0532
5282,28.0606
5283,28.0988
5284,28.0632
5285,28.0571
5286,28.0795
5287,28.1548
5288,28.0528
5289,28.1931
5290,28.1705
5291,28.1623
5292,28.2264
5293,28.1455
5294,28.1248
5295,28.1042
5296,28.1848
5297,28.1822
5298,28.2158
5299,28.1607
5300,28.178
5301,28.0734
5302,28.1891
5303,28.1456
5304,28.1378
5305,28.3054
5306,28.2092
5307,28.1061
5308,28.1395
5309,28.0362
5310,28.1177
5311,28.1068
5312,28.1242
5313,28.1165
5314,28.1484
5315,28.2209
5316,28.1654
5317,28.1554
5318,28.0309
5319,28.0863
5320,28.075
5321,28.0514
5322,28.0575
5323,28.0299
5324,28.0577
5325,28.0485
5326,28.1576
5327,28.1249
5328,28.0784
5329,28.0228
5330,28.1145
5331,28.1366
5332,28.2429
5333,28.3057
5334,28.1569
5335,28.1569
5336,28.1478
5337,28.1854
5338,28.0909
5339,28.214
5340,28.1753
5341,28.1693
5342,28.1311
5343,28.1208
5344,28.1657
5345,28.2315
5346,28.1099
5347,28.1594
5348,28.071
5349,28.061
5350,28.1311
5351,28.0528
5352,28.0659
5353,28.0583
5354,28.0707
5355,28.0246
5356,27.9922
5357,28.0678
5358,28.1184
5359,28.064
5360,28.1465
5361,28.0803
5362,28.0888
5363,28.0517
5364,28.0391
5365,28.0357
5366,28.0499
5367,28.06
5368,28.1151
5369,28.1292
5370,28.0571
5371,28.1112
5372,28.2216
5373,28.1986
5374,28.1226
5375,27.9888
5376,27.9899
5377,27.9714
5378,28.0571
5379,28.1107
5380,28.0361
5381,28.1688
5382,28.1174
5383,28.0047
5384,27.9391
5385,27.9612
5386,27.9499
5387,28.0944
5388,28.126
5389,28.0029
5390,28.1199
5391,28.0844
5392,28.0229
5393,28.0973
5394,28.0637
5395,28.0761
5396,27.9952
5397,28.0521
5398,28.0188
5399,28.1061
5400,28.0898
5401,28.1159
5402,28.1364
5403,28.0716
5404,28.0182
5405,28.109
5406,28.0766
5407,28.1074
5408,28.0478
5409,28.1048
5410,28.052
5411,28.1585
5412,28.0879
5413,28.0295
5414,28.0437
5415,28.0511
5416,28.1289
5417,28.1386
5418,28.0309
5419,27.9939
5420,28.0991
5421,28.1324
5422,27.976
5423,28.0902
5424,28.1372
5425,28.139
5426,28.0142
5427,28.0432
5428,28.0181
5429,28.0876
5430,28.0517
5431,27.9641
5432,28.1653
5433,28.1117
5434,28.1868
5435,28.245
5436,28.3007
5437,28.2407
5438,28.2031
5439,28.248
5440,28.2112
5441,28.232
5442,28.0999
5443,28.1337
5444,28.1311
5445,28.2226
5446,28.1409
5447,28.221
5448,28.1705
5449,28.1041
5450,28.1729
5451,28.2027
5452,28.156
5453,28.0639
5454,28.1042
5455,28.1433
5456,28.0989
5457,28.0746
5458,28.0309
5459,28.0375
5460,28.0836
5461,27.97
5462,28.0084
5463,28.0959
5464,28.0342
5465,27.9759
5466,28.1147
5467,28.0511
5468,28.1031
5469,28.0814
5470,27.9978
5471,28.0698
5472,27.9829
5473,28.036
5474,27.9975
5475,28.0602
5476,28.1397
5477,28.1156
5478,28.1215
5479,28.0949
5480,28.1425
5481,28.0893
5482,28.0278
5483,27.9539
5484,28.0663
5485,27.9922
5486,28.044
5487,28.009
5488,27.9848
5489,28.0472
5490,28.0475
5491,27.9697
5492,28.0093
5493,28.0224
5494,28.0853
5495,28.1605
5496,28.1295
5497,28.081
5498,28.0286
5499,28.1564
5500,28.0627
5501,28.1487
5502,28.161
5503,28.0827
5504,28.0561
5505,28.0871
5506,28.1509
5507,28.1776
5508,28.1906
5509,28.1544
5510,28.1151
5511,28.0961
5512,28.0403
5513,28.079
5514,27.9651
5515,27.9551
5516,27.9802
5517,27.985
5518,28.0725
5519,27.9701
5520,27.9859
5521,27.9852
5522,27.9469
5523,27.8618
5524,27.8558
5525,27.8387
5526,27.9149
5527,28.058
5528,28.1239
5529,28.0004
5530,28.0309
5531,27.9846
5532,28.005
5533,28.0518
5534,28.0531
5535,28.1925
5536,28.1108
5537,28.1799
5538,27.9799
5539,28.0014
5540,28.0659
5541,28.0458
5542,28.0159
5543,28.013
5544,28.0264
5545,28.0349
5546,27.9913
5547,28.0437
5548,28.0271
5549,27.959
5550,28.0396
5551,28.148
5552,28.1898
5553,28.1736
5554,28.1485
5555,28.1783
5556,28.258
5557,28.0729
5558,28.1548
5559,28.1335
5560,28.0947
5561,28.1307
5562,28.2267
5563,28.2359
5564,28.2487
5565,28.0923
5566,28.0604
5567,28.1018
5568,28.1059
5569,28.233
5570,28.1355
5571,28.1274
5572,28.1021
5573,28.0675
5574,28.1081
5575,28.0218
5576,28.0017
5577,28.0616
5578,28.0836
5579,28.0616
5580,28.0117
5581,28.0903
5582,28.0807
5583,28.1069
5584,28.1577
5585,28.0624
5586,28.0559
5587,28.1364
5588,28.226
5589,28.2863
5590,28.2892
5591,28.2946
5592,28.1614
5593,28.176
5594,28.2311
5595,28.2213
5596,28.2166
5597,28.2935
5598,28.1919
5599,28.2095
5600,28.2116
5601,28.1704
5602,28.2804
5603,28.2509
5604,28.2561
5605,28.3158
5606,28.3006
5607,28.1443
5608,28.2303
5609,28.2519
5610,28.2242
5611,28.2126
5612,28.2063
5613,28.3175
5614,28.1821
5615,28.1421
5616,28.1796
5617,28.1781
5618,28.1918
5619,28.1946
5620,28.1131
5621,28.1234
5622,28.2569
5623,28.2528
5624,28.2433
5625,28.2527
5626,28.236
5627,28.2149
5628,28.2664
5629,28.1727
5630,28.165
5631,28.1851
5632,28.1534
5633,28.0769
5634,28.2843
5635,28.2903
5636,28.2313
5637,28.1337
5638,28.1624
5639,28.1754
5640,28.0633
5641,28.14
5642,28.2314
5643,28.1406
5644,28.1079
5645,28.1155
5646,28.1316
5647,28.0817
5648,28.1052
5649,28.1167
5650,28.1604
5651,28.2487
5652,28.244
5653,28.24
5654,28.2592
5655,28.1508
5656,28.0848
5657,28.0864
5658,28.0247
5659,28.0512
5660,28.1437
5661,28.1984
5662,28.0274
5663,28.1086
5664,28.0674
5665,28.1348
5666,28.2032
5667,28.1924
5668,28.0758
5669,28.121
5670,28.0551
5671,28.1021
5672,28.0513
5673,28.1094
5674,28.2019
5675,28.1099
5676,28.1247
5677,28.0421
5678,28.1196
5679,28.1863
5680,28.1521
5681,28.0979
5682,28.1817
5683,28.1329
5684,28.1255
5685,28.0637
5686,28.1202
5687,28.0223
5688,28.1016
5689,28.0027
5690,28.0088
5691,28.114
5692,28.0281
5693,28.073
5694,28.0781
5695,27.9768
5696,28.0837
5697,28.0356
5698,28.038
5699,27.9458
5700,28.013
5701,28.2016
5702,28.2152
5703,28.0345
5704,28.0118
5705,28.0769
5706,27.9817
5707,28.0524
5708,27.9967
5709,27.9585
5710,27.9694
5711,28.0659
5712,28.1535
5713,28.0959
5714,28.1691
5715,28.1855
5716,28.1231
5717,28.0399
5718,28.066
5719,28.0886
5720,28.1714
5721,28.2254
5722,28.2845
5723,28.242
5724,28.2599
5725,28.2201
5726,28.2415
5727,28.1396
5728,28.1035
5729,28.1285
5730,28.135
5731,28.1583
5732,28.0278
5733,28.1185
5734,28.0515
5735,28.1071
5736,28.0828
5737,28.1299
5738,28.0395
5739,28.0246
5740,28.1387
5741,28.0243
5742,28.055
5743,28.0322
5744,28.1214
5745,28.1788
5746,28.228
5747,28.1366
5748,28.0425
5749,28.0347
5750,28.0733
5751,28.0959
5752,28.0706
5753,28.061
5754,27.9827
5755,27.9179
5756,27.9531
5757,27.9499
5758,28.0463
5759,27.9869
5760,28.0205
5761,28.1901
5762,28.1286
5763,28.2012
5764,28.1587
5765,28.1699
5766,28.1549
5767,27.9857
5768,28.0375
5769,27.9939
5770,27.9888
5771,28.0527
5772,27.9714
5773,28.0322
5774,27.9757
5775,27.9329
5776,28.0321
5777,27.9543
5778,27.9427
5779,27.9283
5780,28.0243
5781,28.0914
5782,28.155
5783,28.1423
5784,28.0627
5785,28.0893
5786,28.1228
5787,28.1228
5788,28.027
5789,28.0414
5790,28.0278
5791,27.9891
5792,27.9715
5793,28.0333
5794,28.0886
5795,28.0224
5796,28.0754
5797,27.9864
5798,28.0387
5799,28.155
5800,28.0391
5801,28.075
5802,28.1144
5803,28.1589
5804,28.1394
5805,28.1286
5806,28.1473
5807,28.1426
5808,28.0897
5809,28.0234
5810,28.0571
5811,28.1152
5812,28.0977
5813,28.0409
5814,28.1128
5815,28.1316
5816,28.0308
5817,28.0184
5818,28.1176
5819,28.1921
5820,28.0371
5821,28.0549
5822,28.1636
5823,28.1594
5824,28.1687
5825,28.0327
5826,27.8685
5827,28.0095
5828,27.9307
5829,27.9969
5830,27.9978
5831,28.0684
5832,28.0319
5833,28.1563
5834,28.1748
5835,28.1044
5836,28.0634
5837,28.1283
5838,28.0677
5839,28.0964
5840,28.0177
5841,28.1155
5842,28.041
5843,28.1007
5844,28.1326
5845,28.0176
5846,28.0376
5847,27.9479
5848,28.0448
5849,28.0397
5850,28.0778
5851,28.0803
5852,28.0573
5853,28.0064
5854,28.0598
5855,28.0955
5856,28.0704
5857,28.1629
5858,28.2413
5859,28.1617
5860,28.1951
5861,28.029
5862,28.0547
5863,28.0211
5864,27.9451
5865,28.0096
5866,28.0201
5867,27.8616
5868,27.8787
5869,27.9202
5870,28.0202
5871,28.0372
5872,27.9608
5873,27.9832
5874,28.0614
5875,28.0285
5876,27.9709
5877,28.0137
5878,27.9775
5879,27.9205
5880,27.8677
5881,27.9671
5882,27.8839
5883,27.9287
5884,27.9239
5885,27.8924
5886,27.9382
5887,27.9625
5888,27.9551
5889,27.8537
5890,27.8354
5891,27.9278
5892,27.9184
5893,28.0566
5894,27.9527
5895,27.9383
5896,28.0051
5897,27.9957
5898,28.1345
5899,28.0303
5900,27.9875
5901,28.0039
5902,28.0009
5903,28.0209
5904,28.0768
5905,28.035
5906,28.0413
5907,27.9846
5908,28.1102
5909,28.0948
5910,28.0999
5911,27.979
5912,28.0986
5913,28.1018
5914,28.1201
5915,28.1363
5916,28.0957
5917,28.0171
5918,28.0241
5919,27.9971
5920,28.0345
5921,28.0373
5922,27.9744
5923,28.0143
5924,28.0603
5925,28.0621
5926,28.0242
5927,28.0444
5928,28.1123
5929,27.9883
5930,27.9384
5931,28.0358
5932,28.0535
5933,28.0578
5934,28.1553
5935,28.0637
5936,27.9567
5937,28.0164
5938,27.9838
5939,27.9904
5940,28.0377
5941,27.9739
5942,28.0722
5943,28.0063
5944,27.99
5945,28.0645
5946,28.0151
5947,27.9487
5948,28.0659
5949,28.0762
5950,28.041
5951,27.9996
5952,27.8763
5953,27.9972
5954,28.0312
5955,28.0744
5956,28.1724
5957,28.1175
5958,28.1269
5959,28.119
5960,28.1676
5961,28.1027
5962,27.9988
5963,28.0923
5964,28.0635
5965,28.0213
5966,28.0536
5967,27.9843
5968,27.9635
5969,28.008
5970,27.9818
5971,28.0975
5972,28.0342
5973,28.109
5974,28.1017
5975,28.0392
5976,28.1089
5977,28.0044
5978,28.0158
5979,28.0855
5980,28.0468
5981,28.0475
5982,28.1143
5983,28.0606
5984,28.0899
5985,28.1268
5986,28.087
5987,28.0563
5988,28.0249
5989,27.8855
5990,27.9664
5991,28.0284
5992,27.9224
5993,28.0888
5994,28.0027
5995,27.9344
5996,28.0078
5997,27.9889
5998,28.0521
5999,28.0512
6000,28.0858
6001,28.0762
6002,28.0719
6003,28.0357
6004,28.1099
6005,28.209
6006,28.2089
6007,28.1446
6008,28.2372
6009,28.2054
6010,28.1807
6011,28.1361
6012,28.1221
6013,28.1339
6014,28.1804
6015,28.1811
6016,28.1264
6017,28.1492
6018,28.1386
6019,28.1597
6020,28.1658
6021,28.0845
6022,27.9832
6023,27.9983
6024,28.1046
6025,28.1677
6026,28.0449
6027,28.0197
6028,28.0978
6029,28.1571
6030,28.1329
6031,28.0539
6032,28.0985
6033,28.0569
6034,27.9806
6035,28.0487
6036,28.0428
6037,28.0704
6038,28.0079
6039,28.0652
6040,28.0436
6041,27.9912
6042,27.9766
6043,27.9639
6044,27.9893
6045,28.075
6046,27.9866
6047,28.0161
6048,28.0371
6049,28.0733
6050,28.0524
6051,28.1308
6052,28.0095
6053,28.0248
6054,28.0576
6055,28.1042
6056,28.0833
6057,27.9672
6058,28.0125
6059,27.9941
6060,28.0165
6061,28.1565
6062,28.077
6063,28.0615
6064,28.0797
6065,27.9085
6066,28.0039
6067,27.9519
6068,28.0894
6069,28.1049
6070,28.0289
6071,28.0455
6072,27.9827
6073,27.9999
6074,28.017
6075,27.9882
6076,28.0419
6077,28.0709
6078,28.024
6079,27.9632
6080,27.9527
6081,27.9193
6082,27.9561
6083,27.859
6084,27.9256
6085,27.9352
6086,27.9205
6087,27.9444
6088,27.945
6089,27.9238
6090,28.0656
6091,28.1249
6092,27.9872
6093,27.9986
6094,28.0626
6095,28.0699
6096,27.8995
6097,27.9949
6098,28.0558
6099,27.9424
6100,27.991
6101,28.0712
6102,27.993
6103,28.0433
6104,28.0358
6105,27.9903
6106,28.0724
6107,28.0404
6108,27.9682
6109,28.0754
6110,28.0578
6111,28.0599
6112,28.0354
6113,28.0266
6114,28.0784
6115,28.1153
6116,28.0616
6117,28.0653
6118,28.1011
6119,28.1471
6120,28.0423
6121,28.0584
6122,28.1094
6123,28.1246
6124,28.1227
6125,28.0479
6126,28.0544
6127,28.1602
6128,28.1786
6129,28.1303
6130,28.1878
6131,28.064
6132,28.1166
6133,28.1118
6134,28.08
6135,28.0634
6136,28.0111
6137,28.0883
6138,28.2234
6139,28.2358
6140,28.2029
6141,28.1783
6142,28.0497
6143,28.1226
6144,28.1457
6145,28.057
6146,28.1771
6147,28.1021
6148,28.0114
6149,28.0811
6150,28.0887
6151,28.1022
6152,28.1014
6153,28.1295
6154,28.1889
6155,28.112
6156,28.0828
6157,28.1692
6158,28.0578
6159,28.013
6160,28.0829
6161,27.9777
6162,28.0107
6163,28.1149
6164,28.088
6165,28.0074
6166,28.0689
6167,28.0727
6168,28.2002
6169,28.2421
6170,28.233
6171,28.1741
6172,28.103
6173,28.1442
6174,28.1481
6175,28.2872
6176,28.195
6177,27.9819
6178,28.1175
6179,28.0628
6180,27.9974
6181,27.9562
6182,27.9158
6183,27.8427
6184,27.9214
6185,28.0315
6186,28.0424
6187,28.0635
6188,28.0867
6189,28.1235
6190,28.0631
6191,28.0747
6192,28.0695
6193,28.0187
6194,28.1074
6195,28.0641
6196,28.1186
6197,28.0705
6198,28.0498
6199,28.132
6200,28.0147
6201,27.992
6202,28.0771
6203,28.0802
6204,28.0558
6205,27.9297
6206,27.9814
6207,28.1932
6208,28.1099
6209,28.1986
6210,28.1698
6211,28.1461
6212,28.1472
6213,28.1592
6214,28.1784
6215,28.2636
6216,28.2268
6217,28.1212
6218,28.161
6219,28.1751
6220,28.0438
6221,28.1723
6222,28.2166
6223,28.1283
6224,28.1179
6225,28.2073
6226,28.1684
6227,28.0984
6228,28.052
6229,28.1407
6230,27.9813
6231,28.0595
6232,28.094
6233,28.2298
6234,28.154
6235,28.1578
6236,28.0203
6237,28.1229
6238,28.135
6239,28.1254
6240,28.1067
6241,28.1385
6242,28.0575
6243,28.0517
6244,28.0963
6245,28.0557
6246,28.0769
6247,28.0772
6248,28.0033
6249,28.0566
6250,28.0327
6251,28.0055
6252,27.9563
6253,28.0855
6254,28.2288
6255,28.0639
6256,28.1093
6257,28.062
6258,28.1234
6259,28.1938
6260,28.0541
6261,28.1082
6262,28.062
6263,27.9948
6264,28.1152
6265,27.9873
6266,27.9249
6267,28.1641
6268,28.1326
6269,28.1137
6270,28.0838
6271,28.0609
6272,28.0271
6273,28.1657
6274,28.1253
6275,28.2198
6276,28.1411
6277,28.1681
6278,28.1135
6279,28.0728
6280,28.0404
6281,27.9957
6282,28.0013
6283,28.0072
6284,27.9904
6285,27.8948
6286,27.8955
6287,27.9528
6288,27.9704
6289,28.0046
6290,27.9692
6291,27.9304
6292,28.0047
6293,27.9789
6294,28.0584
6295,27.9981
6296,27.9849
6297,28.0059
6298,28.1454
6299,28.0278
6300,27.9945
6301,27.9699
6302,28.009
6303,28.1057
6304,28.0616
6305,27.9843
6306,28.0257
6307,27.9259
6308,28.0447
6309,28.0237
6310,28.067
6311,28.1003
6312,28.0489
6313,28.09
6314,28.0534
6315,28.0362
6316,28.0874
6317,28.1283
6318,28.1346
6319,28.0396
6320,28.0909
6321,28.1438
6322,28.0592
6323,28.0531
6324,28.0603
6325,28.1242
6326,28.1059
6327,28.082
6328,27.9987
6329,28.0739
6330,27.9881
6331,28.0136
6332,28.0873
6333,28.0305
6334,28.0961
6335,28.0596
6336,28.1177
6337,27.9981
6338,28.1146
6339,28.12
6340,28.1534
6341,28.2525
6342,28.2747
6343,28.2348
6344,28.2211
6345,28.1021
6346,28.1501
6347,28.0408
6348,28.0937
6349,28.0965
6350,28.1444
6351,28.0582
6352,28.0776
6353,28.0636
6354,28.0897
6355,28.0731
6356,28.0199
6357,28.0231
6358,28.0642
6359,28.0705
6360,28.0425
6361,28.0896
6362,28.1355
6363,28.0401
6364,28.1495
6365,28.0152
6366,28.0806
6367,28.0719
6368,28.107
6369,28.1119
6370,28.0956
6371,28.0305
6372,27.9748
6373,28.1065
6374,27.9577
6375,28.0014
6376,27.9729
6377,28.0049
6378,28.0523
6379,28.0044
6380,28.0065
6381,27.9399
6382,27.967
6383,27.9474
6384,27.8903
6385,27.9723
6386,28.0679
6387,27.95
6388,28.0221
6389,27.9207
6390,27.8664
6391,27.9512
6392,27.9269
6393,27.8974
6394,27.9367
6395,27.8932
6396,27.9551
6397,27.9789
6398,27.9965
6399,28.1003
6400,28.0434
6401,28.1159
6402,28.0247
6403,28.0342
6404,28.0495
6405,27.8804
6406,27.9656
6407,28.0247
6408,28.0404
6409,28.0612
6410,28.0842
6411,27.919
6412,27.9788
6413,27.9941
6414,28.0978
6415,28.1288
6416,28.1032
6417,28.0843
6418,28.1251
6419,28.0932
6420,28.1669
6421,28.06
6422,28.1245
6423,28.0807
6424,28.1181
6425,28.2841
6426,28.0701
6427,28.1578
6428,28.1392
6429,28.0976
6430,28.0882
6431,28.0012
6432,28.0102
6433,28.1981
6434,28.1252
6435,28.0543
6436,28.1657
6437,28.1774
6438,28.1307
6439,28.2408
6440,28.205
6441,28.2214
6442,28.2468
6443,28.2688
6444,28.2485
6445,28.2549
6446,28.2699
6447,28.1918
6448,28.1808
6449,28.1432
6450,28.1578
6451,28.1557
6452,28.191
6453,28.1564
6454,28.2485
6455,28.3078
6456,28.2039
6457,28.0781
6458,28.1554
6459,28.1318
6460,28.0883
6461,28.1844
6462,28.0598
6463,28.0542
6464,28.1273
6465,28.0325
6466,28.0892
6467,27.9254
6468,28.0641
6469,27.9904
6470,27.999
6471,28.0178
6472,28.0534
6473,28.0852
6474,28.0613
6475,28.1633
6476,28.0534
6477,28.1144
6478,28.0989
6479,28.0591
6480,28.1438
6481,28.1671
6482,28.1137
6483,28.1035
6484,28.0974
6485,28.1656
6486,28.0873
6487,28.0906
6488,28.0858
6489,28.0553
6490,27.961
6491,28.1323
6492,28.0724
6493,28.1101
6494,28.1713
6495,28.0884
6496,28.1132
6497,28.0964
6498,28.073
6499,28.0041
6500,28.1132
6501,28.0825
6502,28.1047
6503,28.0458
6504,28.0856
6505,28.1096
6506,28.0983
6507,27.984
6508,28.056
6509,28.1189
6510,28.0724
6511,28.0665
6512,28.062
6513,27.9156
6514,28.0446
6515,27.9812
6516,28.0315
6517,28.0919
6518,28.1734
6519,28.1569
6520,28.1032
6521,28.1782
6522,28.1727
6523,28.1142
6524,28.1987
6525,28.2554
6526,28.2541
6527,28.1968
6528,28.2036
6529,28.2245
6530,28.2483
6531,28.1648
6532,28.1639
6533,28.1464
6534,28.1767
6535,28.1156
6536,28.0542
6537,28.084
6538,28.1108
6539,28.168
6540,28.2113
6541,28.1398
6542,28.1763
6543,28.2617
6544,28.1917
6545,28.3349
6546,28.3649
6547,28.2167
6548,28.3806
6549,28.2783
6550,28.2904
6551,28.2622
6552,28.2217
6553,28.2328
6554,28.225
6555,28.1404
6556,28.0684
6557,28.1047
6558,28.1026
6559,28.0853
6560,28.1512
6561,28.0891
6562,28.088
6563,28.147
6564,28.2821
6565,28.1955
6566,28.2715
6567,28.2697
6568,28.2834
6569,28.2585
6570,28.2534
6571,28.2248
6572,28.2093
6573,28.1451
6574,28.2212
6575,28.2319
6576,28.2569
6577,28.2126
6578,28.2838
6579,28.259
6580,28.3211
6581,28.2715
6582,28.4218
6583,28.2539
6584,28.2602
6585,28.2767
6586,28.3505
6587,28.2713
6588,28.1801
6589,28.1867
6590,28.2918
6591,28.3143
6592,28.2778
6593,28.2881
6594,28.2213
6595,28.2674
6596,28.191
6597,28.2377
6598,28.2547
6599,28.2211
6600,28.2744
6601,28.2596
6602,28.2392
6603,28.3428
6604,28.3089
6605,28.2825
6606,28.3262
6607,28.2773
6608,28.3225
6609,28.2699
6610,28.2695
6611,28.1239
6612,28.2646
6613,28.192
6614,28.1016
6615,28.1561
6616,28.2518
6617,28.1911
6618,28.2518
6619,28.3091
6620,28.2875
6621,28.2915
6622,28.3123
6623,28.3207
6624,28.3513
6625,28.3759
6626,28.2919
6627,28.3729
6628,28.2724
6629,28.4119
6630,28.3916
6631,28.333
6632,28.3244
6633,28.3908
6634,28.3395
6635,28.3099
6636,28.1946
6637,28.2597
6638,28.2029
6639,28.3175
6640,28.3458
6641,28.295
6642,28.2915
6643,28.3842
6644,28.3088
6645,28.258
6646,28.2407
6647,28.281
6648,28.2464
6649,28.2704
6650,28.3563
6651,28.2893
6652,28.2594
6653,28.2302
6654,28.3025
6655,28.2053
6656,28.2521
6657,28.2431
6658,28.2366
6659,28.2921
6660,28.2342
6661,28.2392
6662,28.3573
6663,28.2225
6664,28.2256
6665,28.2469
6666,28.2064
6667,28.168
6668,28.2066
6669,28.2735
6670,28.1823
6671,28.2123
6672,28.2126
6673,28.2349
6674,28.2743
6675,28.1799
6676,28.2915
6677,28.2032
6678,28.2392
6679,28.2778
6680,28.3617
6681,28.3465
6682,28.2462
6683,28.2683
6684,28.4039
6685,28.2498
6686,28.2531
6687,28.2537
6688,28.2769
6689,28.2984
6690,28.3631
6691,28.3617
6692,28.3704
6693,28.3225
6694,28.3285
6695,28.3262
6696,28.1754
6697,28.2403
6698,28.3133
6699,28.2244
6700,28.1767
6701,28.1903
6702,28.1885
6703,28.205
6704,28.2039
6705,28.2467
6706,28.2786
6707,28.2675
6708,28.2936
6709,28.3552
6710,28.2916
6711,28.2222
6712,28.2839
6713,28.2165
6714,28.315
6715,28.2723
6716,28.176
6717,28.1985
6718,28.2621
6719,28.2649
6720,28.4171
6721,28.2906
6722,28.3347
6723,28.345
6724,28.3347
6725,28.2515
6726,28.2147
6727,28.2755
6728,28.2157
6729,28.1463
6730,28.2005
6731,28.1562
6732,28.2708
6733,28.2798
6734,28.2314
6735,28.2136
6736,28.2383
6737,28.2954
6738,28.4452
6739,28.3186
6740,28.2868
6741,28.2772
6742,28.1308
6743,28.1868
6744,28.1395
6745,28.2401
6746,28.2261
6747,28.2652
6748,28.1724
6749,28.2142
6750,28.244
6751,28.277
6752,28.2841
6753,28.2983
6754,28.2889
6755,28.1984
6756,28.331
6757,28.2967
6758,28.2491
6759,28.1382
6760,28.1891
6761,28.147
6762,28.2271
6763,28.168
6764,28.2465
6765,28.2468
6766,28.318
6767,28.2295
6768,28.0361
6769,28.2135
6770,28.2325
6771,28.1054
6772,28.1508
6773,28.182
6774,28.1391
6775,28.2001
6776,28.2607
6777,28.1598
6778,28.2194
6779,28.2168
6780,28.2524
6781,28.245
6782,28.1327
6783,28.1763
6784,28.1636
6785,28.1248
6786,28.1552
6787,28.1415
6788,28.1535
6789,28.2484
6790,28.2732
6791,28.2204
6792,28.3169
6793,28.3033
6794,28.2546
6795,28.1779
6796,28.2315
6797,28.2945
6798,28.2668
6799,28.1555
6800,28.2076
6801,28.1257
6802,28.1859
6803,28.1999
6804,28.2046
6805,28.3029
6806,28.1657
6807,28.122
6808,28.1471
6809,28.0984
6810,28.1007
6811,28.0815
6812,28.0748
6813,28.1761
6814,28.0906
6815,28.1255
6816,28.1642
6817,28.1594
6818,27.9678
6819,28.0656
6820,28.076
6821,28.0158
6822,27.9413
6823,28.0824
6824,28.0867
6825,28.1547
6826,28.2124
6827,28.0302
6828,28.0414
6829,28.1727
6830,28.0763
6831,28.1598
6832,28.0695
6833,28.0329
6834,28.0356
6835,27.9758
6836,28.0161
6837,28.0035
6838,28.0862
6839,28.0558
6840,28.0979
6841,28.0022
6842,28.0671
6843,27.9847
6844,27.9225
6845,28.0456
6846,28.1539
6847,28.1743
6848,28.1881
6849,28.1687
6850,28.1884
6851,28.1244
6852,28.0613
6853,28.0859
6854,28.1771
6855,28.2254
6856,28.079
6857,28.0692
6858,28.0994
6859,28.0707
6860,28.1182
6861,28.1279
6862,28.2074
6863,28.1766
6864,28.2171
6865,28.2654
6866,28.1984
6867,28.3069
6868,28.2121
6869,28.2262
6870,28.2325
6871,28.316
6872,28.165
6873,28.1961
6874,28.2835
6875,28.34
6876,28.3453
6877,28.2771
6878,28.4008
6879,28.3833
6880,28.4315
6881,28.35
6882,28.3042
6883,28.3312
6884,28.2984
6885,28.3765
6886,28.382
6887,28.3471
6888,28.2565
6889,28.1736
6890,28.1637
6891,28.2309
6892,28.1783
6893,28.2553
6894,28.2727
6895,28.2539
6896,28.2622
6897,28.1532
6898,28.2055
6899,28.2526
6900,28.1777
6901,28.3293
6902,28.326
6903,28.2582
6904,28.2131
6905,28.264
6906,28.3336
6907,28.3566
6908,28.2315
6909,28.2107
6910,28.2491
6911,28.3061
6912,28.1961
6913,28.3125
6914,28.2971
6915,28.3845
6916,28.2858
6917,28.2734
6918,28.3091
6919,28.2507
6920,28.3324
6921,28.3269
6922,28.2707
6923,28.3353
6924,28.3117
6925,28.3147
6926,28.3584
6927,28.3391
6928,28.3976
6929,28.2884
6930,28.2177
6931,28.1474
6932,28.2242
6933,28.317
6934,28.2786
6935,28.2369
6936,28.2527
6937,28.2534
6938,28.1636
6939,28.3286
6940,28.278
6941,28.3963
6942,28.3278
6943,28.2567
6944,28.2454
6945,28.2377
6946,28.2307
6947,28.2008
6948,28.2868
6949,28.2647
6950,28.2888
6951,28.2457
6952,28.2717
6953,28.2594
6954,28.3662
6955,28.309
6956,28.1915
6957,28.1863
6958,28.1344
6959,28.2041
6960,28.1107
6961,28.2231
6962,28.2251
6963,28.1743
6964,28.0683
6965,28.1604
6966,28.1404
6967,28.0726
6968,28.0841
6969,28.1102
6970,28.1172
6971,28.1399
6972,28.228
6973,28.0745
6974,28.1023
6975,28.0629
6976,28.1111
6977,28.1034
6978,28.0533
6979,28.0228
6980,28.0191
6981,28.2165
6982,28.2209
6983,28.2583
6984,28.3296
6985,28.1332
6986,28.1782
6987,28.0603
6988,28.1742
6989,28.1075
6990,28.1386
6991,28.0227
6992,28.0931
6993,28.15
6994,28.1296
6995,28.0695
6996,28.0665
6997,28.0547
6998,27.9811
6999,28.0716
7000,28.0101
7001,27.9858
7002,28.1921
7003,28.0681
7004,28.0073
7005,28.0973
7006,28.08
7007,28.1106
7008,28.0387
7009,28.1679
7010,28.1787
7011,28.0315
7012,28.1262
7013,28.0387
7014,28.1003
7015,28.136
7016,28.0769
7017,27.9596
7018,28.0664
7019,28.0271
7020,28.0183
7021,28.0644
7022,28.0526
7023,28.0822
7024,28.0642
7025,28.0666
7026,28.0573
7027,28.0711
7028,27.9521
7029,28.0441
7030,28.0102
7031,28.0227
7032,28.0028
7033,27.9602
7034,27.9864
7035,28.0976
7036,28.0917
7037,28.0166
7038,28.0177
7039,28.0666
7040,27.9702
7041,28.03
7042,28.0336
7043,28.0143
7044,28.0169
7045,28.1243
7046,28.0633
7047,28.0364
7048,28.1439
7049,28.0953
7050,27.9928
7051,28.0134
7052,28.0435
7053,27.9809
7054,27.975
7055,28.0203
7056,28.0742
7057,28.2178
7058,28.1113
7059,27.9629
7060,28.0501
7061,28.0156
7062,28.0131
7063,28.1301
7064,28.0809
7065,28.0865
7066,28.0217
7067,28.0801
7068,28.0307
7069,27.9928
7070,28.0868
7071,28.1486
7072,28.1416
7073,28.0553
7074,28.1202
7075,28.1715
7076,28.0643
7077,28.0605
7078,28.0242
7079,28.0556
7080,28.0577
7081,28.0917
7082,28.131
7083,28.1137
7084,28.1931
7085,28.2052
7086,28.2459
7087,28.0744
7088,28.0459
7089,27.9928
7090,28.1033
7091,28.1737
7092,28.1579
7093,28.1591
7094,28.1256
7095,28.1163
7096,28.0709
7097,28.1459
7098,28.0185
7099,28.0918
7100,28.1397
7101,28.1564
7102,28.0734
7103,28.1212
7104,28.1566
7105,28.1623
7106,28.0329
7107,28.1008
7108,28.1104
7109,28.0037
7110,28.0117
7111,28.0532
7112,28.0943
7113,28.1078
7114,27.9012
7115,28.0286
7116,28.0457
7117,28.0663
7118,28.0585
7119,28.0113
7120,27.9867
7121,28.0536
7122,27.9539
7123,28.0741
7124,28.0067
7125,28.0916
7126,28.1207
7127,28.1741
7128,28.0678
7129,28.0487
7130,28.0613
7131,28.1299
7132,28.0738
7133,28.1673
7134,28.0798
7135,28.0943
7136,28.0402
7137,28.0495
7138,28.1675
7139,28.1942
7140,28.1745
7141,28.1167
7142,28.0855
7143,28.212
7144,28.1585
7145,28.1693
7146,28.2059
7147,28.2535
7148,28.1329
7149,28.0874
7150,28.0542
7151,28.1873
7152,28.1377
7153,28.1456
7154,28.122
7155,28.1424
7156,28.2245
7157,28.1594
7158,28.1
7159,28.1016
7160,28.1132
7161,28.0613
7162,28.1158
7163,28.097
7164,28.1322
7165,28.0843
7166,28.1198
7167,28.1191
7168,28.0415
7169,28.083
7170,28.0461
7171,28.0203
7172,28.0114
7173,28.0427
7174,27.9313
7175,27.8929
7176,27.9566
7177,27.9847
7178,28.0712
7179,27.9593
7180,28.1375
7181,28.1022
7182,28.1411
7183,28.1602
7184,28.123
7185,28.124
7186,28.06
7187,28.0809
7188,28.0876
7189,28.1862
7190,28.0702
7191,28.0383
7192,28.0809
7193,28.0628
7194,27.9634
7195,28.046
7196,27.9994
7197,27.9955
7198,28.0444
7199,28.1697
7200,28.1051
7201,28.0669
7202,28.0815
7203,27.9769
7204,28.0095
7205,28.1146
7206,28.1224
7207,28.0791
7208,28.1952
7209,28.1753
7210,28.0773
7211,28.0252
7212,27.996
7213,27.9892
7214,27.9297
7215,28.0196
7216,28.0313
7217,28.1577
7218,27.9878
7219,27.9354
7220,27.9726
7221,28.0309
7222,27.9339
7223,28.0197
7224,27.995
7225,28.0253
7226,28.0527
7227,28.0196
7228,28.077
7229,28.0574
7230,28.108
7231,28.1281
7232,28.0848
7233,28.1559
7234,28.111
7235,28.07
7236,28.1162
7237,28.1124
7238,28.057
7239,28.203
7240,28.1503
7241,28.1789
7242,28.2186
7243,28.1905
7244,28.1114
7245,28.1687
7246,28.2035
7247,28.1843
7248,28.2078
7249,28.1161
7250,28.1017
7251,28.1075
7252,28.1193
7253,28.0907
7254,28.2324
7255,28.1848
7256,28.1739
7257,28.1117
7258,28.0738
7259,28.0939
7260,28.1476
7261,28.1263
7262,28.1586
7263,28.0316
7264,28.1134
7265,28.2026
7266,28.0579
7267,28.1265
7268,28.072
7269,28.0828
7270,28.0559
7271,28.0966
7272,28.0362
7273,28.1177
7274,28.0956
7275,28.0965
7276,28.084
7277,28.1298
7278,28.1065
7279,28.0846
7280,28.0643
7281,28.1309
7282,28.0343
7283,28.1255
7284,28.1183
7285,27.9889
7286,28.0601
7287,28.099
7288,28.1564
7289,28.1077
7290,28.1427
7291,28.1878
7292,28.1486
7293,28.1318
7294,28.1095
7295,28.2076
7296,28.0217
7297,27.9713
7298,28.0482
7299,28.0429
7300,28.0085
7301,28.0672
7302,27.9339
7303,28.0663
7304,28.0041
7305,27.9892
7306,27.9942
7307,27.9615
7308,27.9676
7309,28.0068
7310,28.0205
7311,28.0901
7312,27.9402
7313,28.0479
7314,28.0672
7315,28.0884
7316,28.0609
7317,27.9984
7318,27.9971
7319,28.0897
7320,28.0709
7321,27.9737
7322,28.0259
7323,28.0442
7324,28.0094
7325,28.0858
7326,28.0161
7327,28.1801
7328,27.9145
7329,27.9882
7330,28.0912
7331,28.0541
7332,28.007
7333,28.0547
7334,28.0147
7335,28.0345
7336,28.0586
7337,27.9834
7338,27.9467
7339,27.9569
7340,28.0609
7341,28.0628
7342,28.1061
7343,28.1151
7344,28.1079
7345,28.1004
7346,28.1249
7347,28.0586
7348,28.1042
7349,28.1371
7350,28.1842
7351,28.1347
7352,28.1087
7353,28.1723
7354,28.1095
7355,28.0992
7356,28.148
7357,28.1103
7358,28.0742
7359,28.2229
7360,28.2153
7361,28.2327
7362,28.0939
7363,28.1981
7364,28.1474
7365,28.1086
7366,28.168
7367,28.2292
7368,28.1012
7369,28.0321
7370,28.0541
7371,28.0275
7372,28.0935
7373,28.0818
7374,28.0757
7375,28.0986
7376,28.1603
7377,28.1606
7378,28.1048
7379,28.0238
7380,28.1141
7381,28.1123
7382,28.0603
7383,28.0148
7384,28.0496
7385,28.0704
7386,28.106
7387,28.1907
7388,28.1192
7389,28.0411
7390,28.142
7391,28.1177
7392,28.077
7393,28.0083
7394,27.9588
7395,28.0482
7396,27.9861
7397,28.0137
7398,28.1426
7399,28.0258
7400,28.2302
7401,28.1655
7402,28.2199
7403,28.2112
7404,28.2533
7405,28.1834
7406,28.1224
7407,28.2034
7408,28.1766
7409,28.1461
7410,28.0848
7411,28.037
7412,28.1033
7413,28.1386
7414,28.1639
7415,28.154
7416,28.2274
7417,28.1898
7418,28.2307
7419,28.0747
7420,28.0717
7421,28.1526
7422,28.0896
7423,28.0562
7424,28.1643
7425,28.1854
7426,28.1566
7427,28.1735
7428,28.1245
7429,28.2174
7430,28.2184
7431,28.214
7432,28.2874
7433,28.1325
7434,28.2312
7435,28.0812
7436,28.1638
7437,28.2163
7438,28.2095
7439,28.1899
7440,28.1871
7441,28.0157
7442,28.1061
7443,28.0788
7444,28.165
7445,28.0418
7446,28.1384
7447,28.0773
7448,28.1575
7449,28.076
7450,28.1359
7451,28.1844
7452,28.2188
7453,28.1412
7454,28.1919
7455,28.2537
7456,28.116
7457,28.0344
7458,28.0592
7459,28.0884
7460,28.0259
7461,27.9996
7462,27.9931
7463,28.0165
7464,27.9864
7465,27.9566
7466,27.9665
7467,27.9703
7468,28.0653
7469,28.0842
7470,28.0383
7471,28.2056
7472,28.1241
7473,28.1802
7474,28.0497
7475,28.0349
7476,28.1756
7477,28.125
7478,28.0837
7479,28.1025
7480,27.9947
7481,28.0511
7482,27.9861
7483,28.1142
7484,28.0669
7485,27.9536
7486,28.079
7487,27.994
7488,28.0226
7489,27.9667
7490,28.147
7491,28.1211
7492,28.0983
7493,28.0366
7494,27.9931
7495,28.0322
7496,28.0933
7497,28.0876
7498,28.1223
7499,28.0944
7500,28.1718
7501,28.2262
7502,28.124
7503,28.0564
7504,28.1777
7505,28.1266
7506,28.213
7507,28.1944
7508,28.1993
7509,28.0779
7510,28.031
7511,28.0618
7512,28.2378
7513,28.2368
7514,28.2976
7515,28.2847
7516,28.2043
7517,28.1561
7518,28.2402
7519,28.1189
7520,28.2037
7521,28.1028
7522,28.2035
7523,28.1769
7524,28.2273
7525,28.1355
7526,28.2266
7527,28.2167
7528,28.2141
7529,28.2317
7530,28.1468
7531,28.1284
7532,28.26
7533,28.2866
7534,28.2138
7535,28.191
7536,28.1455
7537,28.2019
7538,28.2924
7539,28.3072
7540,28.1483
7541,28.2371
7542,28.2291
7543,28.1102
7544,28.0797
7545,28.1103
7546,28.1987
7547,28.153
7548,28.0621
7549,28.1162
7550,28.084
7551,28.1196
7552,28.0274
7553,28.1315
7554,28.1634
7555,28.1137
7556,28.1761
7557,28.0052
7558,28.1003
7559,28.0286
7560,28.1213
7561,28.176
7562,28.1054
7563,28.1675
7564,28.1887
7565,28.1598
7566,28.1355
7567,28.1843
7568,28.1423
7569,28.0944
7570,28.1494
7571,28.0676
7572,28.0827
7573,28.1892
7574,28.1473
7575,28.1282
7576,28.2039
7577,28.2059
7578,28.3018
7579,28.31
7580,28.3074
7581,28.2931
7582,28.1828
7583,28.322
7584,28.3089
7585,28.3333
7586,28.3269
7587,28.3575
7588,28.2697
7589,28.154
7590,28.2884
7591,28.3116
7592,28.2904
7593,28.2403
7594,28.3032
7595,28.2369
7596,28.3067
7597,28.3721
7598,28.2731
7599,28.3948
7600,28.3978
7601,28.4077
7602,28.3601
7603,28.3345
7604,28.2363
7605,28.2988
7606,28.3852
7607,28.3064
7608,28.3029
7609,28.2625
7610,28.2902
7611,28.1519
7612,28.129
7613,28.1195
7614,28.1091
7615,28.2119
7616,28.135
7617,28.1978
7618,28.2278
7619,28.2227
7620,28.2022
7621,28.119
7622,28.1236
7623,28.1539
7624,28.1764
7625,28.1714
7626,28.3218
7627,28.3663
7628,28.28
7629,28.2565
7630,28.2578
7631,28.0616
7632,28.105
7633,28.2044
7634,28.1182
7635,28.0943
7636,28.1301
7637,28.2092
7638,28.1631
7639,28.1098
7640,28.1399
7641,28.1773
7642,28.259
7643,28.2241
7644,28.1623
7645,28.2
7646,28.1972
7647,28.1621
7648,28.1384
7649,28.0783
7650,28.1208
7651,28.2099
7652,28.1466
7653,28.1309
7654,28.0874
7655,28.054
7656,28.239
7657,28.2018
7658,28.1251
7659,28.1609
7660,28.1361
7661,28.217
7662,28.181
7663,28.2479
7664,28.3203
7665,28.278
7666,28.1646
7667,28.1592
7668,28.1252
7669,28.1554
7670,28.115
7671,28.2109
7672,28.1709
7673,28.2034
7674,28.207
7675,28.1864
7676,28.0978
7677,28.1995
7678,28.2009
7679,28.1751
7680,28.2026
7681,28.1596
7682,28.236
7683,28.2177
7684,28.2279
7685,28.2254
7686,28.2078
7687,28.2295
7688,28.2654
7689,28.234
7690,28.1877
7691,28.2567
7692,28.2773
7693,28.2007
7694,28.2317
7695,28.1924
7696,28.1874
7697,28.1328
7698,28.1381
7699,28.1216
7700,28.0755
7701,28.1123
7702,28.1097
7703,28.0267
7704,28.1096
7705,28.1116
7706,28.0822
7707,28.1344
7708,28.1463
7709,28.171
7710,28.0811
7711,28.1013
7712,28.1945
7713,28.1401
7714,28.128
7715,28.1948
7716,28.1692
7717,28.1239
7718,28.1834
7719,28.0444
7720,28.2224
7721,28.175
7722,28.2405
7723,28.1932
7724,28.2371
7725,28.1015
7726,28.155
7727,28.1437
7728,28.1543
7729,28.1939
7730,28.2271
7731,28.1747
7732,28.1704
7733,28.2567
7734,28.257
7735,28.2642
7736,28.2969
7737,28.2932
7738,28.2427
7739,28.243
7740,28.261
7741,28.2749
7742,28.3779
7743,28.2469
7744,28.2608
7745,28.25
7746,28.1798
7747,28.2789
7748,28.2179
7749,28.1883
7750,28.2241
7751,28.2225
7752,28.2056
7753,28.3177
7754,28.3425
7755,28.2632
7756,28.1628
7757,28.3734
7758,28.3621
7759,28.3554
7760,28.3653
7761,28.2997
7762,28.3367
7763,28.3476
7764,28.2705
7765,28.2423
7766,28.2676
7767,28.2365
7768,28.2906
7769,28.2561
7770,28.2099
7771,28.2821
7772,28.2818
7773,28.3378
7774,28.2439
7775,28.2495
7776,28.1987
7777,28.1084
7778,27.9938
7779,28.1901
7780,28.285
7781,28.2988
7782,28.271
7783,28.2028
7784,28.0441
7785,28.0154
7786,28.1169
7787,28.2219
7788,28.1586
7789,28.1823
7790,28.1254
7791,28.0933
7792,28.2812
7793,27.9902
7794,28.0857
7795,28.1085
7796,28.0677
7797,28.0648
7798,28.0475
7799,28.0357
7800,28.1232
7801,28.1543
7802,28.1317
7803,28.1779
7804,28.1152
7805,28.2237
7806,28.0882
7807,28.1747
7808,28.1168
7809,28.0835
7810,28.0372
7811,28.0136
7812,28.168
7813,28.1382
7814,28.133
7815,28.1566
7816,28.0251
7817,27.9845
7818,28.0047
7819,27.9795
7820,28.0692
7821,28.1028
7822,28.1278
7823,28.1544
7824,28.1726
7825,28.2099
7826,28.113
7827,28.2464
7828,28.1452
7829,28.1761
7830,28.0939
7831,28.1677
7832,28.1045
7833,28.1055
7834,28.1813
7835,28.3252
7836,28.1882
7837,28.1255
7838,28.1301
7839,28.184
7840,28.0597
7841,28.1076
7842,28.1198
7843,28.0577
7844,28.0986
7845,28.0942
7846,28.1053
7847,28.2059
7848,28.1325
7849,28.1851
7850,28.1003
7851,28.0856
7852,28.0552
7853,27.9936
7854,27.898
7855,27.9734
7856,28.1014
7857,28.0606
7858,28.2704
7859,28.1317
7860,28.1322
7861,28.0852
7862,28.0211
7863,27.9605
7864,27.9852
7865,28.0272
7866,28.0625
7867,28.0627
7868,28.0698
7869,27.9903
7870,28.024
7871,27.9383
7872,27.9759
7873,27.9059
7874,28.0827
7875,28.0577
7876,28.0259
7877,27.9684
7878,27.9872
7879,28.0339
7880,28.028
7881,28.0732
7882,28.0154
7883,28.0785
7884,27.9882
7885,28.0426
7886,28.1072
7887,28.0516
7888,27.9587
7889,27.9806
7890,27.8807
7891,28.1876
7892,28.091
7893,28.1215
7894,28.0633
7895,28.1366
7896,28.147
7897,28.1794
7898,28.2431
7899,28.1627
7900,28.1715
7901,28.2531
7902,28.2206
7903,28.1563
7904,28.2548
7905,28.2221
7906,28.1401
7907,28.207
7908,28.0697
7909,28.1109
7910,28.0678
7911,28.1
7912,28.1072
7913,28.1114
7914,28.1892
7915,28.1074
7916,28.1898
7917,28.1869
7918,28.1561
7919,28.1275
7920,28.1917
7921,28.1651
7922,28.1234
7923,28.2041
7924,28.0645
7925,28.0868
7926,28.0598
7927,28.0284
7928,28.0132
7929,28.023
7930,28.0279
7931,27.9627
7932,28.0296
7933,28.1076
7934,28.0194
7935,27.9842
7936,27.9037
7937,27.9599
7938,28.0255
7939,27.9616
7940,28.0046
7941,28.0129
7942,27.931
7943,27.9425
7944,27.9438
7945,27.9606
7946,27.9359
7947,27.9608
7948,28.0493
7949,27.9564
7950,27.9881
7951,28.0205
7952,28.0283
7953,27.973
7954,27.971
7955,27.9461
7956,27.9419
7957,27.936
7958,27.9423
7959,27.9621
7960,28.0097
7961,27.957
7962,27.9724
7963,28.1006
7964,28.0609
7965,28.0713
7966,28.2128
7967,28.0208
7968,28.12
7969,28.0834
7970,28.0852
7971,28.1359
7972,28.2683
7973,28.1964
7974,28.1621
7975,28.0728
7976,28.1315
7977,28.1336
7978,28.0935
7979,28.1604
7980,28.0556
7981,28.0804
7982,28.1099
7983,28.0458
7984,28.0222
7985,28.0781
7986,28.1462
7987,28.1432
7988,28.0021
7989,28.0697
7990,28.0933
7991,28.0212
7992,28.0716
7993,28.0627
7994,28.071
7995,28.081
7996,27.9998
7997,28.0407
7998,28.024
7999,27.9771
8000,28.0978
8001,27.9516
8002,27.9887
8003,27.9373
8004,28.0489
8005,28.0976
8006,28.0305
8007,27.9915
8008,27.9778
8009,27.996
8010,28.0006
8011,28.1006
8012,28.1156
8013,28.0543
8014,28.1169
8015,28.1694
8016,28.0478
8017,28.0878
8018,27.9377
8019,28.022
8020,28.0132
8021,27.9585
8022,27.9042
8023,27.9796
8024,27.9396
8025,28.1168
8026,28.0949
8027,28.0636
8028,28.0833
8029,28.1266
8030,28.0947
8031,28.0889
8032,28.1578
8033,28.1224
8034,28.0202
8035,28.0706
8036,28.067
8037,27.9077
8038,27.9823
8039,28.2111
8040,28.1332
8041,28.1676
8042,28.2431
8043,28.268
8044,28.1603
8045,28.0776
8046,28.1237
8047,28.0156
8048,28.1797
8049,28.125
8050,28.0737
8051,28.2394
8052,28.12
8053,28.0991
8054,28.1934
8055,28.2227
8056,28.2094
8057,28.205
8058,28.2426
8059,28.2166
8060,28.1575
8061,28.1487
8062,28.1031
8063,28.194
8064,28.1148
8065,28.1474
8066,28.1466
8067,28.1158
8068,28.1305
8069,28.1102
8070,27.9846
8071,28.0475
8072,28.0533
8073,28.0615
8074,28.045
8075,28.0544
8076,28.0418
8077,28.0967
8078,28.0912
8079,28.0814
8080,28.1643
8081,28.0651
8082,28.255
8083,28.2546
8084,28.1626
8085,28.052
8086,27.9915
8087,28.0736
8088,28.0377
8089,28.1355
8090,28.1493
8091,28.1351
8092,28.1466
8093,28.204
8094,28.0631
8095,28.1668
8096,28.1267
8097,28.2329
8098,28.1143
8099,28.1252
8100,28.2243
8101,28.0824
8102,28.2202
8103,28.2234
8104,28.196
8105,28.2096
8106,28.2205
8107,28.1998
8108,28.2694
8109,28.1848
8110,28.1639
8111,28.1689
8112,28.1934
8113,28.1391
8114,28.159
8115,28.107
8116,28.2066
8117,28.2807
8118,28.244
8119,28.2772
8120,28.2605
8121,28.3625
8122,28.2807
8123,28.3299
8124,28.2347
8125,28.3736
8126,28.2848
8127,28.2281
8128,28.3279
8129,28.2544
8130,28.3734
8131,28.3125
8132,28.2278
8133,28.3084
8134,28.3017
8135,28.3644
8136,28.3272
8137,28.3031
8138,28.2331
8139,28.2162
8140,28.2942
8141,28.2485
8142,28.3306
8143,28.3428
8144,28.3579
8145,28.3636
8146,28.3161
8147,28.4101
8148,28.3842
8149,28.2256
8150,28.2705
8151,28.2569
8152,28.2193
8153,28.2349
8154,28.2264
8155,28.2746
8156,28.2545
8157,28.3762
8158,28.3528
8159,28.3493
8160,28.243
8161,28.2419
8162,28.289
8163,28.2348
8164,28.1936
8165,28.2706
8166,28.1115
8167,28.1219
8168,28.134
8169,28.1998
8170,28.1187
8171,28.1563
8172,28.2319
8173,28.2418
8174,28.2921
8175,28.3008
8176,28.3137
8177,28.3467
8178,28.3512
8179,28.3011
8180,28.2842
8181,28.278
8182,28.2181
8183,28.3562
8184,28.4327
8185,28.2934
8186,28.2379
8187,28.2002
8188,28.2539
8189,28.3219
8190,28.3154
8191,28.3505
8192,28.2584
8193,28.2643
8194,28.3493
8195,28.3205
8196,28.3392
8197,28.3663
8198,28.328
8199,28.2941
8200,28.2672
8201,28.2651
8202,28.2262
8203,28.3326
8204,28.2443
8205,28.2901
8206,28.3158
8207,28.2778
8208,28.3654
8209,28.3464
8210,28.2372
8211,28.2142
8212,28.1746
8213,28.2397
8214,28.3353
8215,28.2567
8216,28.2802
8217,28.2648
8218,28.2635
8219,28.2481
8220,28.3469
8221,28.1787
8222,28.2549
8223,28.38
8224,28.3935
8225,28.2966
8226,28.2388
8227,28.2873
8228,28.2442
8229,28.2318
8230,28.1927
8231,28.2269
8232,28.1751
8233,28.1449
8234,28.192
8235,28.1271
8236,28.1519
8237,28.1833
8238,28.1971
8239,28.241
8240,28.1636
8241,28.1633
8242,28.1417
8243,28.0928
8244,28.1584
8245,28.0663
8246,28.1384
8247,28.2525
8248,28.1287
8249,28.1562
8250,28.1402
8251,28.1416
8252,28.038
8253,28.0973
8254,28.0407
8255,28.025
8256,28.1399
8257,28.2049
8258,28.1999
8259,28.1474
8260,28.1406
8261,28.1702
8262,28.2569
8263,28.1484
8264,28.2294
8265,28.1478
8266,28.2446
8267,28.1471
8268,28.1335
8269,28.163
8270,28.1436
8271,28.1471
8272,28.2868
8273,28.0946
8274,28.0851
8275,28.1007
8276,28.0746
8277,28.0677
8278,28.0667
8279,28.1821
8280,28.1763
8281,28.1766
8282,28.0891
8283,28.1455
8284,28.0865
8285,28.1065
8286,28.1686
8287,28.2162
8288,28.0672
8289,28.1702
8290,28.0664
8291,28.1645
8292,28.2419
8293,28.2872
8294,28.156
8295,28.2048
8296,28.2163
8297,28.1812
8298,28.1343
8299,28.1716
8300,28.175
8301,28.1213
8302,28.2673
8303,28.092
8304,28.1224
8305,28.0254
8306,28.091
8307,28.1286
8308,28.0807
8309,28.2056
8310,28.2159
8311,28.2466
8312,28.1128
8313,28.119
8314,28.1075
8315,27.9533
8316,28.1027
8317,28.0854
8318,28.0292
8319,28.1034
8320,28.1247
8321,28.1195
8322,28.084
8323,28.1052
8324,28.1238
8325,28.183
8326,28.1278
8327,28.1732
8328,28.111
8329,28.0082
8330,28.0647
8331,28.1617
8332,28.1491
8333,28.0892
8334,28.0764
8335,28.0776
8336,28.0412
8337,28.1448
8338,28.1494
8339,28.1153
8340,28.2119
8341,28.1932
8342,28.1774
8343,28.1847
8344,28.1274
8345,28.0849
8346,28.1446
8347,28.1999
8348,28.1465
8349,28.1457
8350,28.0992
8351,28.1236
8352,28.0614
8353,28.2149
8354,28.0402
8355,28.1101
8356,28.0607
8357,28.0996
8358,28.1811
8359,28.1377
8360,28.2122
8361,28.1465
8362,28.0929
8363,28.141
8364,28.2099
8365,28.1571
8366,28.1744
8367,28.146
8368,28.1416
8369,28.1875
8370,28.2173
8371,28.1748
8372,28.162
8373,28.1252
8374,28.1582
8375,28.0966
8376,28.1198
8377,28.0452
8378,27.9542
8379,28.0184
8380,27.8943
8381,28.0406
8382,28.0398
8383,28.0711
8384,27.9945
8385,28.1412
8386,28.1514
8387,28.1651
8388,28.042
8389,28.16
8390,28.0667
8391,28.0389
8392,28.1037
8393,28.0418
8394,28.0243
8395,28.2267
8396,28.0535
8397,28.0676
8398,28.0567
8399,27.97
8400,27.9947
8401,28.0911
8402,28.0869
8403,28.1672
8404,28.2628
8405,28.2604
8406,28.1941
8407,28.034
8408,28.1808
8409,28.1873
8410,28.1598
8411,28.1386
8412,28.2659
8413,28.0457
8414,28.2272
8415,28.1832
8416,28.2063
8417,28.0128
8418,28.1765
8419,28.2713
8420,28.2232
8421,28.2454
8422,28.1342
8423,28.2383
8424,28.3222
8425,28.231
8426,28.2196
8427,28.2245
8428,28.2035
8429,28.2585
8430,28.3217
8431,28.2317
8432,28.2923
8433,28.2781
8434,28.2692
8435,28.247
8436,28.2655
8437,28.2788
8438,28.2155
8439,28.2596
8440,28.2642
8441,28.1613
8442,28.0216
8443,28.0576
8444,28.16
8445,28.0924
8446,28.1572
8447,28.1399
8448,28.1475
8449,28.173
8450,28.1495
8451,28.2315
8452,28.1953
8453,28.2138
8454,28.1424
8455,28.1422
8456,28.1432
8457,28.126
8458,28.0719
8459,28.0952
8460,28.0885
8461,28.1156
8462,28.1898
8463,28.1223
8464,28.1167
8465,28.0505
8466,28.0935
8467,28.0966
8468,28.0884
8469,28.0752
8470,28.1113
8471,28.1003
8472,28.1956
8473,28.128
8474,28.1661
8475,28.2474
8476,28.1969
8477,28.2029
8478,28.2228
8479,28.2614
8480,28.2691
8481,28.1802
8482,28.2424
8483,28.3139
8484,28.2243
8485,28.2739
8486,28.2781
8487,28.1845
8488,28.3083
8489,28.3306
8490,28.2253
8491,28.2078
8492,28.1875
8493,28.1768
8494,28.2776
8495,28.3028
8496,28.2527
8497,28.3325
8498,28.2836
8499,28.2897
8500,28.3068
8501,28.311
8502,28.3507
8503,28.335
8504,28.2739
8505,28.3178
8506,28.318
8507,28.308
8508,28.356
8509,28.2946
8510,28.3081
8511,28.3137
8512,28.4498
8513,28.4678
8514,28.3418
8515,28.3764
8516,28.3144
8517,28.3395
8518,28.4611
8519,28.3754
8520,28.3197
8521,28.4067
8522,28.3317
8523,28.3183
8524,28.2066
8525,28.3162
8526,28.341
8527,28.433
8528,28.3672
8529,28.3206
8530,28.3708
8531,28.3734
8532,28.4056
8533,28.4806
8534,28.3872
8535,28.4585
8536,28.3678
8537,28.3146
8538,28.4084
8539,28.3304
8540,28.2713
8541,28.3799
8542,28.3566
8543,28.3402
8544,28.2354
8545,28.2516
8546,28.2546
8547,28.1564
8548,28.2272
8549,28.0859
8550,28.2413
8551,28.2922
8552,28.2279
8553,28.1979
8554,28.2978
8555,28.3108
8556,28.2229
8557,28.3463
8558,28.3746
8559,28.3936
8560,28.3988
8561,28.3432
8562,28.3124
8563,28.2815
8564,28.2658
8565,28.3025
8566,28.3287
8567,28.3583
8568,28.3377
8569,28.3895
8570,28.3154
8571,28.2605
8572,28.3113
8573,28.3254
8574,28.2413
8575,28.2914
8576,28.2734
8577,28.3646
8578,28.1795
8579,28.2319
8580,28.1924
8581,28.1721
8582,28.2527
8583,28.2305
8584,28.2227
8585,28.1893
8586,28.2208
8587,28.2693
8588,28.2726
8589,28.2565
8590,28.2603
8591,28.2775
8592,28.3925
8593,28.3414
8594,28.2106
8595,28.2453
8596,28.2082
8597,28.2124
8598,28.1811
8599,28.0913
8600,28.2114
8601,28.1241
8602,28.159
8603,28.2495
8604,28.195
8605,28.1616
8606,28.2219
8607,28.2095
8608,28.1679
8609,28.0409
8610,28.0569
8611,28.1291
8612,28.0693
8613,28.1172
8614,28.1665
8615,28.2006
8616,28.3366
8617,28.2558
8618,28.2782
8619,28.2284
8620,28.1883
8621,28.1501
8622,28.1932
8623,28.1755
8624,28.1204
8625,28.1598
8626,28.1082
8627,28.1395
8628,28.2078
8629,28.1965
8630,28.2508
8631,28.1719
8632,28.1328
8633,28.1715
8634,28.1482
8635,28.1257
8636,28.2006
8637,28.229
8638,28.1844
8639,28.0761
8640,28.1202
8641,28.2239
8642,28.2074
8643,28.2697
8644,28.267
8645,28.3052
8646,28.1839
8647,28.2424
8648,28.2548
8649,28.2123
8650,28.2353
8651,28.2503
8652,28.2566
8653,28.2657
8654,28.0873
8655,28.1709
8656,28.1695
8657,28.1302
8658,28.2451
8659,28.2897
8660,28.3503
8661,28.2341
8662,28.2088
8663,28.3015
8664,28.2611
8665,28.2484
8666,28.2719
8667,28.2338
8668,28.2935
8669,28.2957
8670,28.2995
8671,28.109
8672,28.118
8673,28.1603
8674,28.2203
8675,28.1538
8676,28.2468
8677,28.3459
8678,28.2154
8679,28.3245
8680,28.3433
8681,28.2369
8682,28.2034
8683,28.2336
8684,28.2327
8685,28.3026
8686,28.3238
8687,28.2735
8688,28.2547
8689,28.2805
8690,28.3274
8691,28.3296
8692,28.311
8693,28.3179
8694,28.2897
8695,28.3512
8696,28.3155
8697,28.4211
8698,28.1785
8699,28.2858
8700,28.2268
8701,28.3004
8702,28.3134
8703,28.2425
8704,28.1917
8705,28.1951
8706,28.1669
8707,28.2259
8708,28.2381
8709,28.1168
8710,28.1268
8711,28.099
8712,28.1477
8713,28.2473
8714,28.2654
8715,28.3002
8716,28.3366
8717,28.276
8718,28.3127
8719,28.2501
8720,28.1689
8721,28.2971
8722,28.2089
8723,28.2201
8724,28.2512
8725,28.2526
8726,28.1854
8727,28.1806
8728,28.3643
8729,28.1502
8730,28.1481
8731,28.1635
8732,28.1301
8733,28.1815
8734,28.2248
8735,28.1404
8736,28.1804
8737,28.1806
8738,28.0979
8739,28.1627
8740,28.1645
8741,28.2211
8742,28.1541
8743,28.2177
8744,28.1751
8745,28.2615
8746,28.0638
8747,28.1991
8748,28.088
8749,28.0975
8750,28.0492
8751,28.066
8752,28.1253
8753,28.1054
8754,28.0724
8755,28.0923
8756,28.04
8757,28.0315
8758,28.0311
8759,28.037
8760,28.0955
8761,28.1204
8762,28.1221
8763,28.1972
8764,28.1276
8765,28.1367
8766,28.2211
8767,28.2712
8768,28.246
8769,28.2052
8770,28.2169
8771,28.1462
8772,28.0988
8773,28.147
8774,28.1519
8775,28.11
8776,28.2093
8777,28.1777
8778,28.0713
8779,28.0672
8780,28.0187
8781,28.1272
8782,28.1454
8783,28.2785
8784,28.1268
8785,28.1431
8786,28.0007
8787,28.188
8788,28.0485
8789,28.0602
8790,28.1171
8791,28.0481
8792,28.0866
8793,28.1643
8794,28.1544
8795,28.1665
8796,28.1418
8797,28.1602
8798,28.1273
8799,28.1471
8800,28.1712
8801,28.1347
8802,28.0528
8803,28.0636
8804,28.1502
8805,28.063
8806,28.1096
8807,28.0985
8808,28.1138
8809,28.1898
8810,28.183
8811,28.1538
8812,28.154
8813,28.0573
8814,28.1251
8815,28.0801
8816,28.0794
8817,28.1427
8818,28.2184
8819,28.157
8820,28.1624
8821,28.1038
8822,28.2256
8823,28.2058
8824,28.2205
8825,28.2389
8826,28.2354
8827,28.1981
8828,28.1382
8829,28.1972
8830,28.2763
8831,28.1303
8832,28.1725
8833,28.1858
8834,28.1948
8835,28.2141
8836,28.1777
8837,28.0974
8838,28.0956
8839,28.1133
8840,28.0718
8841,28.0565
8842,28.1078
8843,28.0301
8844,28.2773
8845,28.2328
8846,28.1843
8847,28.1822
8848,28.1769
8849,28.1601
8850,28.1806
8851,28.1614
8852,28.2031
8853,28.2287
8854,28.2999
8855,28.1596
8856,28.0125
8857,27.9967
8858,28.1212
8859,28.0569
8860,28.0791
8861,28.0556
8862,28.1479
8863,28.1677
8864,28.2496
8865,28.1071
8866,28.1349
8867,28.1565
8868,28.1187
8869,28.1286
8870,28.1659
8871,28.1359
8872,28.197
8873,28.1445
8874,28.1575
8875,28.1556
8876,28.1374
8877,28.258
8878,28.1323
8879,28.2071
8880,28.2289
8881,28.2126
8882,28.1959
8883,28.2352
8884,28.0621
8885,28.0758
8886,28.1278
8887,28.1324
8888,28.2055
8889,28.1141
8890,28.0594
8891,28.0867
8892,28.1589
8893,28.2259
8894,28.1348
8895,28.1937
8896,28.2023
8897,28.1847
8898,28.1064
8899,28.2006
8900,28.2182
8901,28.1911
8902,28.1811
8903,28.1997
8904,28.0461
8905,28.0848
8906,28.1609
8907,28.0989
8908,28.156
8909,28.1642
8910,28.1984
8911,28.1785
8912,28.2179
8913,28.2261
8914,28.2229
8915,28.1672
8916,28.1662
8917,28.0611
8918,28.0856
8919,28.1992
8920,28.1023
8921,28.0935
8922,28.1546
8923,28.1584
8924,28.0354
8925,28.1029
8926,28.0479
8927,28.0017
8928,28.0928
8929,28.1534
8930,28.0907
8931,28.1076
8932,27.9923
8933,28.1193
8934,28.19
8935,28.1466
8936,28.1132
8937,28.1222
8938,28.171
8939,28.1373
8940,28.1306
8941,28.1996
8942,28.18
8943,28.0095
8944,28.1579
8945,28.2271
8946,28.1874
8947,28.1756
8948,28.1253
8949,28.0765
8950,28.1253
8951,28.0776
8952,28.1144
8953,28.0531
8954,28.1078
8955,28.1812
8956,28.201
8957,28.2042
8958,28.1059
8959,28.1783
8960,28.2037
8961,28.21
8962,28.2085
8963,28.1907
8964,28.1352
8965,28.0932
8966,28.0842
8967,28.0737
8968,28.0383
8969,28.0772
8970,28.1014
8971,28.1689
8972,28.185
8973,28.1566
8974,28.2168
8975,28.1877
8976,28.1292
8977,28.0319
8978,28.0796
8979,28.0851
8980,28.2033
8981,28.1141
8982,28.122
8983,28.084
8984,28.1558
8985,28.2174
8986,28.1841
8987,28.1371
8988,28.1741
8989,28.2536
8990,28.2227
8991,28.2331
8992,28.2245
8993,28.0823
8994,28.0056
8995,28.1179
8996,28.1549
8997,28.0784
8998,28.0729
8999,28.083
9000,28.1452
9001,28.2173
9002,28.1926
9003,28.0685
9004,28.1012
9005,28.153
9006,28.1009
9007,28.2792
9008,28.1653
9009,28.1498
9010,28.0876
9011,28.0411
9012,28.1668
9013,28.0908
9014,28.0323
9015,28.1396
9016,28.0886
9017,28.0904
9018,27.9931
9019,28.0813
9020,28.1099
9021,28.0357
9022,28.1253
9023,28.1352
9024,28.1734
9025,28.1605
9026,28.151
9027,28.1186
9028,28.0322
9029,28.0867
9030,28.0503
9031,28.1027
9032,28.0423
9033,28.0551
9034,28.0563
9035,28.1446
9036,28.2068
9037,28.2458
9038,28.2292
9039,28.2077
9040,28.0914
9041,28.116
9042,28.145
9043,28.0325
9044,28.1168
9045,28.1396
9046,28.1141
9047,27.98
9048,28.0704
9049,28.0488
9050,28.0004
9051,28.1593
9052,28.1452
9053,28.1212
9054,28.1426
9055,28.1268
9056,28.0447
9057,28.0445
9058,27.9689
9059,28.0764
9060,28.0703
9061,27.9466
9062,28.0568
9063,28.0728
9064,28.0987
9065,28.0925
9066,28.0512
9067,28.1343
9068,28.0589
9069,28.1014
9070,28.1017
9071,28.1324
9072,28.1196
9073,28.1278
9074,28.1809
9075,28.1727
9076,28.1702
9077,28.158
9078,28.0874
9079,28.0779
9080,28.116
9081,28.1065
9082,27.9793
9083,28.1153
9084,28.0981
9085,28.1307
9086,28.1757
9087,28.1913
9088,28.0406
9089,28.1119
9090,28.0702
9091,28.0256
9092,28.0058
9093,28.0733
9094,28.1649
9095,28.1024
9096,28.1395
9097,28.0882
9098,28.1502
9099,28.2308
9100,28.1389
9101,28.1182
9102,28.1307
9103,28.1052
9104,28.1475
9105,28.0103
9106,28.0963
9107,28.1117
9108,28.1569
9109,28.1372
9110,28.1542
9111,28.1094
9112,28.2159
9113,28.1282
9114,28.1256
9115,28.0776
9116,28.0484
9117,28.0956
9118,28.1643
9119,28.0981
9120,28.0699
9121,28.1128
9122,28.2126
9123,28.1177
9124,28.3163
9125,28.2649
9126,28.1837
9127,28.1392
9128,28.1091
9129,28.1206
9130,28.2109
9131,28.1361
9132,28.1493
9133,28.2101
9134,28.0227
9135,28.2171
9136,28.1042
9137,28.1577
9138,28.1952
9139,28.2208
9140,28.1764
9141,28.2133
9142,28.293
9143,28.235
9144,28.2215
9145,28.2033
9146,28.2429
9147,28.1918
9148,28.2092
9149,28.1654
9150,28.2089
9151,28.0776
9152,28.1629
9153,28.2242
9154,28.1987
9155,28.1054
9156,28.2602
9157,28.2071
9158,28.1483
9159,28.1234
9160,28.0818
9161,28.1318
9162,28.0758
9163,28.0588
9164,28.1613
9165,28.2296
9166,28.1795
9167,28.1996
9168,28.099
9169,28.1159
9170,28.0932
9171,28.0443
9172,28.047
9173,28.082
9174,28.0564
9175,28.1436
9176,28.1052
9177,28.0859
9178,28.1842
9179,28.2461
9180,28.2034
9181,28.0622
9182,28.1893
9183,28.2459
9184,28.1457
9185,28.0575
9186,28.116
9187,28.03
9188,28.1473
9189,28.1617
9190,28.1347
9191,28.1457
9192,28.151
9193,28.0724
9194,28.018
9195,28.119
9196,28.2348
9197,28.1231
9198,28.2257
9199,28.083
9200,28.0447
9201,28.1121
9202,28.1117
9203,28.1218
9204,28.1707
9205,28.215
9206,28.1106
9207,28.095
9208,28.0965
9209,28.1456
9210,28.1817
9211,28.129
9212,28.2086
9213,28.2023
9214,28.2724
9215,28.1921
9216,28.3026
9217,28.2117
9218,28.2567
9219,28.2585
9220,28.236
9221,28.2108
9222,28.3349
9223,28.2846
9224,28.2065
9225,28.1351
9226,28.1344
9227,28.1385
9228,28.1531
9229,28.2219
9230,28.1667
9231,28.2172
9232,28.1892
9233,28.2657
9234,28.1815
9235,28.0762
9236,28.2008
9237,28.0691
9238,28.2144
9239,28.1333
9240,28.072
9241,28.0451
9242,28.0987
9243,28.0235
9244,28.1397
9245,28.2006
9246,28.1556
9247,28.168
9248,28.1265
9249,28.1789
9250,28.1926
9251,28.1599
9252,28.273
9253,28.1812
9254,28.1392
9255,28.1345
9256,28.1403
9257,28.0974
9258,28.1164
9259,28.2288
9260,28.0981
9261,28.1056
9262,28.087
9263,28.2461
9264,28.2606
9265,28.2141
9266,28.1896
9267,28.1685
9268,28.1409
9269,28.1795
9270,28.1465
9271,28.1225
9272,28.2598
9273,28.1669
9274,28.1616
9275,28.2199
9276,28.1521
9277,28.062
9278,28.0872
9279,28.0221
9280,28.022
9281,28.0279
9282,28.1185
9283,28.069
9284,28.0587
9285,28.0477
9286,28.1145
9287,28.0831
9288,28.1231
9289,28.0685
9290,28.1523
9291,28.0932
9292,28.229
9293,28.1632
9294,28.1945
9295,28.2828
9296,28.2138
9297,28.1195
9298,28.1079
9299,28.2397
9300,28.1656
9301,28.1751
9302,28.0811
9303,28.1581
9304,28.1947
9305,28.17
9306,28.2506
9307,28.2091
9308,28.1392
9309,28.1387
9310,28.2125
9311,28.1937
9312,28.2194
9313,28.1717
9314,28.1338
9315,28.1399
9316,28.0945
9317,28.1664
9318,28.0124
9319,28.0295
9320,28.1188
9321,28.1905
9322,28.1391
9323,28.1987
9324,28.2534
9325,28.2208
9326,28.1919
9327,28.3105
9328,28.3304
9329,28.2533
9330,28.2878
9331,28.3031
9332,28.2464
9333,28.3096
9334,28.2222
9335,28.1634
9336,28.179
9337,28.1298
9338,28.1988
9339,28.2727
9340,28.2208
9341,28.1403
9342,28.1783
9343,28.2288
9344,28.1647
9345,28.1941
9346,28.1646
9347,28.2701
9348,28.1735
9349,28.1958
9350,28.1457
9351,28.1473
9352,28.1587
9353,28.1584
9354,28.0957
9355,28.2024
9356,28.2213
9357,28.129
9358,28.2884
9359,28.1966
9360,28.1439
9361,28.1781
9362,28.0965
9363,28.1977
9364,28.1914
9365,28.0681
9366,28.0616
9367,28.0743
9368,28.0676
9369,28.0601
9370,28.1262
9371,28.0774
9372,28.2197
9373,28.0972
9374,28.0698
9375,28.0734
9376,28.0816
9377,28.1457
9378,28.1045
9379,28.1965
9380,28.1512
9381,28.0759
9382,28.1132
9383,28.1518
9384,28.0173
9385,28.1927
9386,28.2478
9387,28.1859
9388,28.1261
9389,28.1593
9390,28.1942
9391,28.1297
9392,28.1722
9393,28.0379
9394,28.0973
9395,28.1715
9396,28.1129
9397,28.0958
9398,28.1576
9399,28.1441
9400,28.0486
9401,28.126
9402,28.0898
9403,28.1187
9404,28.0612
9405,28.0754
9406,28.1204
9407,28.1884
9408,28.0926
9409,28.1602
9410,28.1352
9411,28.1532
9412,28.1588
9413,28.228
9414,28.1946
9415,28.1282
9416,28.1248
9417,28.0863
9418,28.0543
9419,27.9966
9420,28.0609
9421,28.0525
9422,28.0352
9423,28.0672
9424,28.1352
9425,28.206
9426,28.1336
9427,28.2149
9428,28.2325
9429,28.1713
9430,28.2566
9431,28.0655
9432,28.0783
9433,27.998
9434,28.0685
9435,28.0673
9436,28.1395
9437,28.1108
9438,28.278
9439,28.1338
9440,28.1412
9441,28.169
9442,28.189
9443,28.1119
9444,28.2499
9445,28.155
9446,28.0571
9447,28.0401
9448,28.1185
9449,28.0562
9450,28.0603
9451,28.0004
9452,28.1088
9453,28.1518
9454,28.0881
9455,28.1154
9456,28.1454
9457,28.1857
9458,28.1672
9459,28.2249
9460,28.261
9461,28.2178
9462,28.0811
9463,28.0966
9464,28.1282
9465,28.1988
9466,28.1474
9467,28.0418
9468,28.0022
9469,28.2413
9470,28.1605
9471,28.0232
9472,28.034
9473,28.0092
9474,28.0443
9475,28.0292
9476,28.1004
9477,28.0968
9478,28.1254
9479,28.1179
9480,28.1179
9481,28.1666
9482,28.1535
9483,28.1531
9484,28.1107
9485,28.1168
9486,28.0792
9487,28.1158
9488,28.0855
9489,28.0856
9490,28.2217
9491,28.1068
9492,28.12
9493,28.117
9494,28.1527
9495,28.1697
9496,27.9918
9497,28.1655
9498,28.0512
9499,28.1775
9500,28.0402
9501,28.0217
9502,28.109
9503,28.1111
9504,28.0893
9505,28.2134
9506,28.1354
9507,28.1941
9508,28.1465
9509,28.1742
9510,28.2095
9511,28.3657
9512,28.2945
9513,28.3168
9514,28.3177
9515,28.3247
9516,28.2225
9517,28.2071
9518,28.1853
9519,28.197
9520,28.0331
9521,28.2008
9522,28.1428
9523,28.0823
9524,28.0904
9525,28.2069
9526,28.3428
9527,28.2411
9528,28.2995
9529,28.1656
9530,28.2897
9531,28.2704
9532,28.1319
9533,28.1709
9534,28.0043
9535,28.1131
9536,28.0847
9537,28.1214
9538,28.178
9539,28.1807
9540,28.179
9541,28.0708
9542,28.1113
9543,28.1426
9544,28.1812
9545,28.1162
9546,28.105
9547,28.1766
9548,28.2379
9549,28.3753
9550,28.1671
9551,28.1791
9552,28.3374
9553,28.2394
9554,28.1607
9555,28.172
9556,28.1679
9557,28.2253
9558,28.1213
9559,28.0435
9560,28.113
9561,28.0996
9562,28.1321
9563,28.0602
9564,28.0494
9565,28.1977
9566,28.2105
9567,28.215
9568,28.2937
9569,28.2549
9570,28.1832
9571,28.178
9572,28.0367
9573,28.142
9574,28.1451
9575,28.2068
9576,28.2916
9577,28.2642
9578,28.0975
9579,28.1278
9580,28.2302
9581,28.0897
9582,28.039
9583,28.1073
9584,28.122
9585,28.2394
9586,28.191
9587,28.2762
9588,28.3063
9589,28.1647
9590,28.1427
9591,28.1845
9592,28.2761
9593,28.3401
9594,28.2722
9595,28.2139
9596,28.238
9597,28.0979
9598,28.1589
9599,28.1374
9600,28.1463
9601,28.2228
9602,28.162
9603,28.311
9604,28.1891
9605,28.3145
9606,28.3235
9607,28.4272
9608,28.2616
9609,28.2848
9610,28.3106
9611,28.3492
9612,28.408
9613,28.3375
9614,28.3248
9615,28.2986
9616,28.277
9617,28.213
9618,28.2999
9619,28.1755
9620,28.1666
9621,28.2377
9622,28.3006
9623,28.3536
9624,28.3058
9625,28.3435
9626,28.1778
9627,28.226
9628,28.3412
9629,28.3113
9630,28.2112
9631,28.3497
9632,28.3541
9633,28.3736
9634,28.3459
9635,28.4233
9636,28.3353
9637,28.2858
9638,28.2369
9639,28.2983
9640,28.3639
9641,28.3759
9642,28.3283
9643,28.3292
9644,28.2581
9645,28.2586
9646,28.238
9647,28.2317
9648,28.2963
9649,28.4496
9650,28.3339
9651,28.3031
9652,28.2793
9653,28.3346
9654,28.3436
9655,28.3947
9656,28.3565
9657,28.3309
9658,28.3827
9659,28.3104
9660,28.4795
9661,28.3859
9662,28.4337
9663,28.3927
9664,28.2428
9665,28.3618
9666,28.416
9667,28.4214
9668,28.3964
9669,28.3411
9670,28.4079
9671,28.3807
9672,28.3216
9673,28.2912
9674,28.3517
9675,28.327
9676,28.3084
9677,28.3745
9678,28.2227
9679,28.2146
9680,28.1325
9681,28.1829
9682,28.3387
9683,28.2244
9684,28.2362
9685,28.2867
9686,28.2416
9687,28.3038
9688,28.4063
9689,28.3376
9690,28.3097
9691,28.2264
9692,28.2799
9693,28.2154
9694,28.3069
9695,28.3017
9696,28.2991
9697,28.3179
9698,28.2181
9699,28.246
9700,28.2607
9701,28.2155
9702,28.1174
9703,28.1945
9704,28.1154
9705,28.1095
9706,28.0413
9707,28.0687
9708,28.0553
9709,28.1094
9710,28.2347
9711,28.1946
9712,28.1764
9713,28.187
9714,28.0889
9715,28.1749
9716,28.0208
9717,28.0163
9718,28.1346
9719,28.1651
9720,28.0713
9721,28.0488
9722,28.0072
9723,28.0153
9724,28.0889
9725,28.0107
9726,28.0916
9727,28.1238
9728,28.0336
9729,28.1611
9730,28.125
9731,28.0974
9732,28.1984
9733,28.1172
9734,28.0706
9735,28.089
9736,28.1135
9737,28.0052
9738,28.0546
9739,28.0631
9740,28.0451
9741,28.0436
9742,28.118
9743,28.1862
9744,28.1852
9745,28.197
9746,28.1787
9747,28.1062
9748,28.1211
9749,28.1606
9750,28.2984
9751,28.1635
9752,28.1049
9753,28.1684
9754,28.1254
9755,28.135
9756,28.2004
9757,28.1476
9758,28.1246
9759,28.1847
9760,28.0668
9761,28.1527
9762,28.2607
9763,28.1623
9764,28.2595
9765,28.2047
9766,28.2232
9767,28.1883
9768,28.1553
9769,28.035
9770,28.1808
9771,28.1288
9772,28.107
9773,28.15
9774,28.2105
9775,28.2345
9776,28.2927
9777,27.9959
9778,28.0837
9779,27.9662
9780,27.9656
9781,27.9537
9782,27.9822
9783,27.9479
9784,28.0213
9785,28.0778
9786,28.0169
9787,28.0872
9788,28.1798
9789,28.1176
9790,28.1504
9791,28.0588
9792,28.0174
9793,28.1853
9794,28.0957
9795,28.013
9796,28.1144
9797,28.0698
9798,28.0162
9799,27.9627
9800,28.0137
9801,27.9941
9802,28.0349
9803,28.0625
9804,28.0555
9805,28.093
9806,28.0361
9807,27.9699
9808,27.9572
9809,28.0329
9810,28.0628
9811,28.0388
9812,27.887
9813,27.9088
9814,27.9485
9815,28.0252
9816,28.0585
9817,28.1052
9818,28.1149
9819,28.0355
9820,28.1436
9821,28.1299
9822,28.0916
9823,28.0372
9824,27.9629
9825,28.1799
9826,28.1481
9827,28.1206
9828,28.0831
9829,28.0618
9830,28.07
9831,28.1101
9832,28.0896
9833,28.1094
9834,28.1523
9835,28.0834
9836,28.1694
9837,28.1747
9838,28.1795
9839,28.0755
9840,28.156
9841,28.0864
9842,28.1392
9843,28.134
9844,28.1454
9845,28.1757
9846,28.1546
9847,28.1809
9848,28.1671
9849,28.1805
9850,28.2171
9851,28.1574
9852,28.1452
9853,28.2267
9854,28.2382
9855,28.2271
9856,28.1407
9857,28.1957
9858,28.1135
9859,28.2149
9860,28.2632
9861,28.3181
9862,28.2381
9863,28.2299
9864,28.1825
9865,28.1993
9866,28.1778
9867,28.1582
9868,28.1116
9869,28.1856
9870,28.1214
9871,28.1287
9872,28.0936
9873,28.1649
9874,28.12
9875,28.1731
9876,28.2362
9877,28.219
9878,28.1248
9879,28.1412
9880,28.1581
9881,28.1826
9882,28.2172
9883,28.2057
9884,28.1686
9885,28.1804
9886,28.1607
9887,28.1318
9888,28.1394
9889,28.0823
9890,28.0139
9891,28.0751
9892,28.1361
9893,28.2358
9894,28.2848
9895,28.2789
9896,28.2359
9897,28.3284
9898,28.1573
9899,28.1661
9900,28.2281
9901,28.1922
9902,28.263
9903,28.2172
9904,28.2024
9905,28.1646
9906,28.2224
9907,28.1586
9908,28.1445
9909,28.0794
9910,28.1194
9911,28.1972
9912,28.2029
9913,28.2318
9914,28.1834
9915,28.0877
9916,28.0747
9917,28.209
9918,28.1666
9919,28.1924
9920,28.1963
9921,28.1828
9922,28.1667
9923,28.153
9924,28.143
9925,28.1537
9926,28.3227
9927,28.3413
9928,28.2985
9929,28.2248
9930,28.1717
9931,28.2459
9932,28.1998
9933,28.2607
9934,28.3281
9935,28.2136
9936,28.2968
9937,28.3514
9938,28.2301
9939,28.1849
9940,28.209
9941,28.2946
9942,28.1581
9943,28.2919
9944,28.1486
9945,28.1465
9946,28.1333
9947,28.1934
9948,28.159
9949,28.1513
9950,28.1369
9951,28.1932
9952,28.1483
9953,28.0716
9954,28.0225
9955,28.0543
9956,28.0475
9957,27.9664
9958,28.0995
9959,28.0634
9960,28.067
9961,28.0983
9962,27.9939
9963,28.0668
9964,28.0849
9965,28.1236
9966,28.0629
9967,28.121
9968,28.1539
9969,28.0867
9970,28.0544
9971,28.0333
9972,28.0078
9973,28.1186
9974,28.0426
9975,28.0579
9976,28.1037
9977,28.1376
9978,28.1745
9979,28.1757
9980,28.1407
9981,28.1798
9982,28.0725
9983,28.0597
9984,28.0303
9985,28.0717
9986,28.0905
9987,28.0638
9988,28.071
9989,27.9854
9990,28.0473
9991,28.0147
9992,27.9175
9993,28.01
9994,28.1388
9995,28.0949
9996,28.1152
9997,28.1376
9998,28.2449
9999,28.1447
10000,28.1488
