#Frame     RMSD_00002
       1       0.0000
       2       0.7522
       3       0.9261
       4       0.8423
       5       0.8722
       6       0.9365
       7       1.0722
       8       1.2837
       9       1.1944
      10       1.3386
      11       1.3933
      12       1.3935
      13       1.3384
      14       1.5286
      15       1.4800
      16       1.7184
      17       1.5609
      18       1.5752
      19       1.5315
      20       1.5314
      21       1.4566
      22       1.5230
      23       1.5607
      24       1.5133
      25       1.6026
      26       1.5907
      27       1.5898
      28       1.4941
      29       1.4594
      30       1.5651
      31       1.7094
      32       1.8225
      33       1.6719
      34       1.7939
      35       1.6991
      36       1.6391
      37       1.4469
      38       1.5497
      39       1.5433
      40       1.5738
      41       1.3792
      42       1.5514
      43       1.4957
      44       1.5665
      45       1.7434
      46       1.5252
      47       1.4377
      48       1.5917
      49       1.6081
      50       1.5963
      51       1.6183
      52       1.5757
      53       1.8959
      54       1.9158
      55       1.7224
      56       1.7246
      57       1.6530
      58       1.5848
      59       1.6131
      60       1.5853
      61       1.5771
      62       1.6252
      63       1.7166
      64       1.8936
      65       1.7749
      66       1.7464
      67       1.6429
      68       1.6235
      69       1.5696
      70       1.6376
      71       1.5296
      72       1.5240
      73       1.6419
      74       1.6606
      75       1.6400
      76       1.8350
      77       1.7482
      78       1.6936
      79       1.6737
      80       1.6106
      81       1.4905
      82       1.5575
      83       1.4706
      84       1.5672
      85       1.6336
      86       1.6549
      87       1.5696
      88       1.5463
      89       1.6058
      90       1.5351
      91       1.5588
      92       1.5194
      93       1.4935
      94       1.5605
      95       1.6191
      96       1.7412
      97       1.7405
      98       1.7826
      99       1.8633
     100       1.7492
     101       1.8270
     102       1.8331
     103       1.6281
     104       1.6990
     105       1.6851
     106       1.7779
     107       1.8027
     108       1.8916
     109       2.0599
     110       1.8716
     111       1.8115
     112       1.9717
     113       2.0358
     114       2.0035
     115       1.8304
     116       1.7793
     117       1.6765
     118       1.7880
     119       1.6202
     120       1.6007
     121       1.5092
     122       1.7042
     123       1.5860
     124       1.6184
     125       1.6519
     126       1.7941
     127       1.7650
     128       1.7621
     129       1.8588
     130       1.9907
     131       2.0737
     132       1.9795
     133       1.8697
     134       1.7793
     135       1.7101
     136       1.7413
     137       1.6735
     138       1.5556
     139       1.6317
     140       1.7525
     141       1.7572
     142       1.7672
     143       1.8048
     144       1.8532
     145       1.9499
     146       1.9521
     147       1.6522
     148       1.5994
     149       1.6012
     150       1.6462
     151       1.8393
     152       1.8789
     153       1.7679
     154       1.6892
     155       1.7641
     156       1.6348
     157       1.7962
     158       1.9799
     159       1.9162
     160       2.0039
     161       1.9483
     162       1.8565
     163       1.8577
     164       1.7854
     165       1.7385
     166       1.5989
     167       1.6868
     168       1.6868
     169       1.6831
     170       1.7233
     171       1.7915
     172       1.8274
     173       1.8099
     174       1.7726
     175       1.7761
     176       1.7631
     177       1.8793
     178       1.8425
     179       1.8687
     180       1.9486
     181       1.8816
     182       1.8044
     183       1.9706
     184       1.9761
     185       1.8642
     186       1.7935
     187       1.7069
     188       1.6516
     189       1.6995
     190       1.6735
     191       1.6816
     192       1.7088
     193       1.7449
     194       1.6844
     195       1.6518
     196       1.5417
     197       1.4871
     198       1.7650
     199       1.5524
     200       1.5816
     201       1.5953
     202       1.7303
     203       1.6430
     204       1.7278
     205       1.6509
     206       1.6779
     207       1.8788
     208       1.7972
     209       1.6866
     210       1.6109
     211       1.5650
     212       1.6350
     213       1.8147
     214       1.7060
     215       1.6113
     216       1.5004
     217       1.4638
     218       1.4694
     219       1.4980
     220       1.5110
     221       1.4270
     222       1.4123
     223       1.5972
     224       1.4770
     225       1.5855
     226       1.6673
     227       1.6211
     228       1.8116
     229       1.6674
     230       1.7051
     231       1.6652
     232       1.6026
     233       1.7336
     234       1.9187
     235       1.6173
     236       1.5182
     237       1.5946
     238       1.5511
     239       1.5649
     240       1.6391
     241       1.6583
     242       1.6677
     243       1.6219
     244       1.4391
     245       1.6450
     246       1.4424
     247       1.7416
     248       1.7336
     249       1.7732
     250       1.5638
     251       1.6198
     252       1.5154
     253       1.5474
     254       1.4836
     255       1.5758
     256       1.5936
     257       1.5553
     258       1.7371
     259       1.6564
     260       1.6577
     261       1.5716
     262       1.6817
     263       1.5267
     264       1.7125
     265       1.6869
     266       1.7009
     267       1.6610
     268       1.4846
     269       1.5169
     270       1.5856
     271       1.5856
     272       1.8857
     273       1.6662
     274       1.6162
     275       1.5637
     276       1.4841
     277       1.3994
     278       1.5283
     279       1.5536
     280       1.5396
     281       1.8022
     282       1.6456
     283       2.0112
     284       1.9213
     285       1.7829
     286       1.6103
     287       1.6954
     288       1.7339
     289       1.7717
     290       1.8501
     291       1.9079
     292       1.6784
     293       1.5746
     294       1.7168
     295       1.7772
     296       1.7963
     297       1.7631
     298       1.9101
     299       1.8876
     300       1.7635
     301       1.8026
     302       1.8980
     303       1.8296
     304       1.8739
     305       1.8397
     306       1.7508
     307       1.7951
     308       1.6432
     309       1.7474
     310       1.7426
     311       1.7532
     312       1.6771
     313       1.7869
     314       1.7685
     315       1.7470
     316       1.8168
     317       1.8757
     318       2.0556
     319       2.1910
     320       2.0756
     321       1.9258
     322       1.8453
     323       1.9918
     324       1.8278
     325       1.9294
     326       2.0127
     327       2.1830
     328       1.9143
     329       1.8600
     330       1.9053
     331       1.9089
     332       2.0405
     333       2.1006
     334       2.0177
     335       2.0465
     336       2.2056
     337       2.0790
     338       1.8824
     339       1.9197
     340       1.9169
     341       2.0922
     342       1.9950
     343       1.9722
     344       1.9639
     345       1.9254
     346       1.9834
     347       1.9923
     348       1.7778
     349       1.7713
     350       1.9053
     351       1.9103
     352       1.7488
     353       1.6370
     354       1.5893
     355       1.5312
     356       1.5737
     357       1.6148
     358       1.9787
     359       1.8880
     360       1.8760
     361       1.8077
     362       1.7921
     363       1.8206
     364       1.9253
     365       1.7408
     366       1.8343
     367       1.8282
     368       1.9137
     369       1.9283
     370       2.0825
     371       2.0372
     372       2.0434
     373       2.0059
     374       2.0940
     375       2.1042
     376       1.9818
     377       1.7394
     378       1.6936
     379       1.5904
     380       1.7563
     381       1.7875
     382       1.6938
     383       1.7539
     384       1.6626
     385       1.6445
     386       1.5187
     387       1.4934
     388       1.3955
     389       1.5048
     390       1.4105
     391       1.4135
     392       1.4365
     393       1.6663
     394       1.4705
     395       1.5294
     396       1.5506
     397       1.4485
     398       1.4757
     399       1.6239
     400       1.5413
     401       1.6331
     402       1.6322
     403       1.6976
     404       1.7454
     405       1.6915
     406       1.7682
     407       1.7595
     408       1.7766
     409       1.7737
     410       1.7687
     411       1.7764
     412       1.7337
     413       1.7439
     414       1.6700
     415       1.7603
     416       1.6766
     417       1.6983
     418       1.7394
     419       1.6389
     420       1.6272
     421       1.7301
     422       1.7070
     423       1.7917
     424       1.7086
     425       1.6904
     426       1.6742
     427       1.6297
     428       1.5936
     429       1.6905
     430       1.7605
     431       1.7908
     432       1.8673
     433       1.8002
     434       1.7451
     435       1.8502
     436       1.8154
     437       1.9489
     438       1.8190
     439       1.8391
     440       1.7887
     441       1.7813
     442       1.7749
     443       1.8824
     444       1.9807
     445       1.6905
     446       1.6907
     447       1.6885
     448       1.6829
     449       1.8514
     450       1.8040
     451       2.0299
     452       2.1152
     453       1.8424
     454       1.7033
     455       1.6514
     456       1.7180
     457       1.6005
     458       1.8221
     459       1.5717
     460       1.5446
     461       1.4418
     462       1.6610
     463       1.5258
     464       1.5256
     465       1.6207
     466       1.6631
     467       1.6318
     468       1.5974
     469       1.6418
     470       1.5854
     471       1.7024
     472       1.5625
     473       1.6398
     474       1.6004
     475       1.4337
     476       1.5815
     477       1.6119
     478       1.3785
     479       1.4514
     480       1.4843
     481       1.4726
     482       1.6003
     483       1.5603
     484       1.6102
     485       1.6254
     486       1.6611
     487       1.6494
     488       1.6694
     489       1.6250
     490       1.4302
     491       1.4612
     492       1.5950
     493       1.6522
     494       1.7655
     495       1.8167
     496       1.7243
     497       1.8864
     498       1.6976
     499       1.7421
     500       1.7793
     501       1.8025
     502       1.8493
     503       1.9211
     504       1.9488
     505       2.0817
     506       2.0301
     507       1.9339
     508       1.9879
     509       1.9310
     510       1.8693
     511       1.8074
     512       1.5345
     513       1.6281
     514       1.7278
     515       1.6697
     516       1.6862
     517       1.7803
     518       1.7600
     519       1.5683
     520       1.7177
     521       1.6963
     522       1.6466
     523       1.6294
     524       1.6921
     525       1.6028
     526       1.6426
     527       1.6980
     528       1.7316
     529       1.8033
     530       1.8358
     531       1.7869
     532       1.6134
     533       1.6220
     534       1.5772
     535       1.5692
     536       1.6400
     537       1.6018
     538       1.5802
     539       1.6238
     540       1.5944
     541       1.5804
     542       1.6945
     543       1.7155
     544       1.7517
     545       1.5539
     546       1.5406
     547       1.5855
     548       1.5361
     549       1.5964
     550       1.5558
     551       1.5933
     552       1.6863
     553       1.7634
     554       1.8710
     555       1.8669
     556       1.8638
     557       1.8694
     558       1.5851
     559       1.6707
     560       1.6031
     561       1.5971
     562       1.7653
     563       1.8258
     564       1.7247
     565       1.7620
     566       1.8169
     567       1.7601
     568       1.5609
     569       1.7440
     570       1.7482
     571       1.6924
     572       1.5605
     573       1.5855
     574       1.6740
     575       1.6878
     576       1.7530
     577       1.6335
     578       1.6368
     579       1.6442
     580       1.6421
     581       1.6448
     582       1.7397
     583       1.6665
     584       1.6661
     585       1.6966
     586       1.5545
     587       1.6149
     588       1.6639
     589       1.6621
     590       1.7338
     591       1.7221
     592       1.8124
     593       1.7810
     594       1.6911
     595       1.6327
     596       1.7817
     597       1.6315
     598       1.5925
     599       1.4909
     600       1.5750
     601       1.5684
     602       1.5884
     603       1.4807
     604       1.5293
     605       1.4738
     606       1.6075
     607       1.5361
     608       1.3426
     609       1.3418
     610       1.4140
     611       1.4259
     612       1.5167
     613       1.6836
     614       1.5379
     615       1.6651
     616       1.6812
     617       1.5956
     618       1.5890
     619       1.5583
     620       1.5800
     621       1.4360
     622       1.4310
     623       1.5277
     624       1.3089
     625       1.4031
     626       1.4257
     627       1.3911
     628       1.4517
     629       1.3229
     630       1.3601
     631       1.5131
     632       1.4740
     633       1.4898
     634       1.6151
     635       1.8072
     636       1.5373
     637       1.4581
     638       1.4777
     639       1.4633
     640       1.3953
     641       1.3874
     642       1.4683
     643       1.7953
     644       1.6204
     645       1.6346
     646       1.4632
     647       1.5110
     648       1.5552
     649       1.7227
     650       1.7618
     651       1.6681
     652       1.5165
     653       1.5060
     654       1.5980
     655       1.5226
     656       1.6653
     657       1.7896
     658       1.8784
     659       1.7178
     660       1.6668
     661       1.5552
     662       1.5889
     663       1.4791
     664       1.5142
     665       1.4867
     666       1.5235
     667       1.4790
     668       1.5112
     669       1.4505
     670       1.4421
     671       1.4614
     672       1.4574
     673       1.5152
     674       1.4070
     675       1.4650
     676       1.5860
     677       1.6043
     678       1.6550
     679       1.4747
     680       1.5784
     681       1.6167
     682       1.6867
     683       1.6907
     684       1.6883
     685       1.4892
     686       1.4313
     687       1.6377
     688       1.5849
     689       1.4740
     690       1.4449
     691       1.6483
     692       1.6903
     693       1.8225
     694       1.8538
     695       1.7749
     696       1.8698
     697       1.6687
     698       1.7334
     699       1.7537
     700       1.8150
     701       1.6297
     702       1.6142
     703       1.5714
     704       1.6577
     705       1.6639
     706       1.6267
     707       1.7619
     708       1.7026
     709       1.5237
     710       1.6344
     711       1.6203
     712       1.5695
     713       1.5725
     714       1.5548
     715       1.4764
     716       1.6884
     717       1.6493
     718       1.6732
     719       1.6683
     720       1.5718
     721       1.4733
     722       1.6338
     723       1.5926
     724       1.5138
     725       1.4659
     726       1.5758
     727       1.5019
     728       1.5003
     729       1.6107
     730       1.6579
     731       1.4926
     732       1.4681
     733       1.4364
     734       1.4961
     735       1.7589
     736       1.6162
     737       1.5506
     738       1.6233
     739       1.5812
     740       1.6578
     741       1.5945
     742       1.4513
     743       1.4556
     744       1.5573
     745       1.5630
     746       1.6672
     747       1.6519
     748       1.5297
     749       1.7303
     750       1.5933
     751       1.4867
     752       1.4821
     753       1.5435
     754       1.5962
     755       1.4992
     756       1.5828
     757       1.5285
     758       1.4425
     759       1.4590
     760       1.3372
     761       1.3502
     762       1.4536
     763       1.4558
     764       1.5208
     765       1.5770
     766       1.5974
     767       1.6862
     768       1.5587
     769       1.4806
     770       1.5351
     771       1.5109
     772       1.4961
     773       1.4547
     774       1.5234
     775       1.5306
     776       1.4197
     777       1.5566
     778       1.5128
     779       1.5675
     780       1.5386
     781       1.4692
     782       1.5257
     783       1.3826
     784       1.3253
     785       1.4084
     786       1.5092
     787       1.4701
     788       1.4511
     789       1.4386
     790       1.4662
     791       1.5004
     792       1.3744
     793       1.4686
     794       1.5615
     795       1.3427
     796       1.3649
     797       1.5604
     798       1.4110
     799       1.5260
     800       1.4548
     801       1.5226
     802       1.5133
     803       1.4407
     804       1.5727
     805       1.4825
     806       1.4862
     807       1.5099
     808       1.5236
     809       1.6221
     810       1.6720
     811       1.5803
     812       1.6721
     813       1.7002
     814       1.6176
     815       1.6908
     816       1.6710
     817       1.5910
     818       1.5490
     819       1.5206
     820       1.5967
     821       1.6170
     822       1.6914
     823       1.6501
     824       1.6180
     825       1.6876
     826       1.6608
     827       1.6856
     828       1.7196
     829       1.6551
     830       1.7004
     831       1.6214
     832       1.5438
     833       1.7422
     834       1.8212
     835       1.7657
     836       1.5124
     837       1.5525
     838       1.5218
     839       1.5178
     840       1.5502
     841       1.5163
     842       1.4408
     843       1.4951
     844       1.3981
     845       1.5819
     846       1.6178
     847       1.4840
     848       1.5167
     849       1.5006
     850       1.4433
     851       1.5311
     852       1.6203
     853       1.7167
     854       1.6496
     855       1.6247
     856       1.4849
     857       1.5318
     858       1.5330
     859       1.5557
     860       1.5051
     861       1.5526
     862       1.5655
     863       1.7024
     864       1.6034
     865       1.5842
     866       1.6648
     867       1.7117
     868       1.6896
     869       1.6377
     870       1.8048
     871       1.6609
     872       1.6001
     873       1.5384
     874       1.5110
     875       1.5601
     876       1.6861
     877       1.7913
     878       1.7920
     879       1.8458
     880       1.7885
     881       1.7372
     882       1.7465
     883       1.9109
     884       1.8789
     885       1.9321
     886       1.8562
     887       1.8638
     888       1.7397
     889       1.8857
     890       1.6660
     891       1.6512
     892       1.5951
     893       1.4871
     894       1.5719
     895       1.6751
     896       1.6958
     897       1.7043
     898       1.6884
     899       1.6756
     900       1.7435
     901       1.7819
     902       1.7459
     903       1.7448
     904       1.8278
     905       1.7187
     906       1.7048
     907       1.7669
     908       1.6394
     909       1.6914
     910       1.8670
     911       1.8386
     912       1.6715
     913       1.7867
     914       1.7321
     915       1.6722
     916       1.4536
     917       1.4272
     918       1.3942
     919       1.3653
     920       1.4469
     921       1.4857
     922       1.4460
     923       1.5397
     924       1.4223
     925       1.4361
     926       1.5771
     927       1.5237
     928       1.6128
     929       1.5984
     930       1.5746
     931       1.4230
     932       1.4073
     933       1.5162
     934       1.5463
     935       1.4797
     936       1.4045
     937       1.4492
     938       1.4331
     939       1.4251
     940       1.3482
     941       1.3884
     942       1.4588
     943       1.5443
     944       1.5831
     945       1.4533
     946       1.5324
     947       1.6317
     948       1.7584
     949       1.8291
     950       1.8556
     951       1.9693
     952       2.0306
     953       1.7484
     954       1.6597
     955       1.6496
     956       1.7700
     957       1.9076
     958       1.9988
     959       2.0766
     960       1.9401
     961       2.0300
     962       2.0356
     963       2.0715
     964       2.1250
     965       1.9166
     966       1.9006
     967       1.9447
     968       1.9701
     969       1.8593
     970       1.7348
     971       1.7348
     972       1.7740
     973       1.6745
     974       1.7510
     975       1.9823
     976       2.0163
     977       2.1443
     978       2.0394
     979       2.1581
     980       1.9111
     981       2.0091
     982       2.0871
     983       2.0533
     984       1.7861
     985       1.9511
     986       1.8456
     987       1.7138
     988       1.7105
     989       1.6085
     990       1.5890
     991       1.5776
     992       1.7059
     993       1.7691
     994       1.9010
     995       1.8142
     996       1.8767
     997       1.9088
     998       1.7689
     999       1.7958
    1000       1.6812
    1001       1.8082
    1002       1.8159
    1003       1.8289
    1004       1.7578
    1005       1.7081
    1006       1.8191
    1007       1.6654
    1008       1.7764
    1009       1.8782
    1010       1.7304
    1011       1.8339
    1012       1.6149
    1013       1.8252
    1014       1.9460
    1015       2.1202
    1016       2.2264
    1017       2.3604
    1018       2.3975
    1019       1.9542
    1020       1.8821
    1021       1.7659
    1022       1.6094
    1023       1.5626
    1024       1.5950
    1025       1.5585
    1026       1.6499
    1027       1.5818
    1028       1.5174
    1029       1.5737
    1030       1.4409
    1031       1.4828
    1032       1.5121
    1033       1.5376
    1034       1.5034
    1035       1.5770
    1036       1.7152
    1037       1.7940
    1038       1.7837
    1039       1.8191
    1040       1.7795
    1041       1.9536
    1042       1.8315
    1043       1.8537
    1044       1.7780
    1045       2.0237
    1046       1.9220
    1047       1.7254
    1048       1.7945
    1049       1.8087
    1050       1.8404
    1051       1.8293
    1052       1.7694
    1053       1.9534
    1054       1.8513
    1055       1.7685
    1056       1.8455
    1057       1.7608
    1058       1.7330
    1059       1.9169
    1060       1.7683
    1061       1.9120
    1062       1.6967
    1063       1.7468
    1064       1.6323
    1065       1.5771
    1066       1.5808
    1067       1.6500
    1068       1.6376
    1069       1.6770
    1070       1.6735
    1071       1.6761
    1072       1.6213
    1073       1.6088
    1074       1.6113
    1075       1.6222
    1076       1.5950
    1077       1.6534
    1078       1.6136
    1079       1.6257
    1080       1.6852
    1081       1.5829
    1082       1.6381
    1083       1.7680
    1084       1.5552
    1085       1.5682
    1086       1.4657
    1087       1.4383
    1088       1.5297
    1089       1.4971
    1090       1.5048
    1091       1.4675
    1092       1.5114
    1093       1.5810
    1094       1.5098
    1095       1.6158
    1096       1.4736
    1097       1.3760
    1098       1.5030
    1099       1.4814
    1100       1.5257
    1101       1.6107
    1102       1.5608
    1103       1.6041
    1104       1.4988
    1105       1.5430
    1106       1.3505
    1107       1.4295
    1108       1.5141
    1109       1.5633
    1110       1.5435
    1111       1.6476
    1112       1.5677
    1113       1.7746
    1114       1.8394
    1115       1.7419
    1116       1.8253
    1117       1.7397
    1118       1.6950
    1119       1.5656
    1120       1.5901
    1121       1.7065
    1122       1.5763
    1123       1.6571
    1124       1.4918
    1125       1.3897
    1126       1.4394
    1127       1.3373
    1128       1.5514
    1129       1.5103
    1130       1.5454
    1131       1.5560
    1132       1.4542
    1133       1.5732
    1134       1.4533
    1135       1.4858
    1136       1.4398
    1137       1.4692
    1138       1.6233
    1139       1.5662
    1140       1.6629
    1141       1.7343
    1142       1.7404
    1143       1.7801
    1144       1.8216
    1145       1.6797
    1146       1.7569
    1147       1.8353
    1148       1.7995
    1149       1.7382
    1150       1.7619
    1151       1.7844
    1152       1.9190
    1153       1.9030
    1154       1.9178
    1155       1.8036
    1156       1.7822
    1157       1.9085
    1158       1.7466
    1159       1.8622
    1160       1.7956
    1161       1.8746
    1162       1.7410
    1163       1.7034
    1164       1.6106
    1165       1.5018
    1166       1.5375
    1167       1.5847
    1168       1.5982
    1169       1.5133
    1170       1.5295
    1171       1.5489
    1172       1.5774
    1173       1.4939
    1174       1.4723
    1175       1.5327
    1176       1.5904
    1177       1.5896
    1178       1.4890
    1179       1.5159
    1180       1.4512
    1181       1.4561
    1182       1.4505
    1183       1.6340
    1184       1.5191
    1185       1.5746
    1186       1.5757
    1187       1.5720
    1188       1.3954
    1189       1.3587
    1190       1.5496
    1191       1.5340
    1192       1.3194
    1193       1.2915
    1194       1.2843
    1195       1.2823
    1196       1.3015
    1197       1.4273
    1198       1.4208
    1199       1.3459
    1200       1.3774
    1201       1.4041
    1202       1.4226
    1203       1.4354
    1204       1.4537
    1205       1.4151
    1206       1.4620
    1207       1.4510
    1208       1.5199
    1209       1.4809
    1210       1.6235
    1211       1.4331
    1212       1.5298
    1213       1.4782
    1214       1.4842
    1215       1.5131
    1216       1.5170
    1217       1.5527
    1218       1.3973
    1219       1.4339
    1220       1.3912
    1221       1.5499
    1222       1.4916
    1223       1.5877
    1224       1.6043
    1225       1.6073
    1226       1.6910
    1227       1.6094
    1228       1.6338
    1229       1.5019
    1230       1.5713
    1231       1.5280
    1232       1.5739
    1233       1.6084
    1234       1.5224
    1235       1.5062
    1236       1.3883
    1237       1.2906
    1238       1.3998
    1239       1.3704
    1240       1.3356
    1241       1.4563
    1242       1.4975
    1243       1.4645
    1244       1.5743
    1245       1.5588
    1246       1.5526
    1247       1.4347
    1248       1.4777
    1249       1.4198
    1250       1.4164
    1251       1.4764
    1252       1.4304
    1253       1.4677
    1254       1.4827
    1255       1.7135
    1256       1.5947
    1257       1.5033
    1258       1.5449
    1259       1.6246
    1260       1.5701
    1261       1.6510
    1262       1.6002
    1263       1.6403
    1264       1.4132
    1265       1.6136
    1266       1.4496
    1267       1.3715
    1268       1.3648
    1269       1.4182
    1270       1.4930
    1271       1.4162
    1272       1.5105
    1273       1.5005
    1274       1.6470
    1275       1.7272
    1276       1.5954
    1277       1.6121
    1278       1.5949
    1279       1.5434
    1280       1.4975
    1281       1.4485
    1282       1.4150
    1283       1.3895
    1284       1.3785
    1285       1.2796
    1286       1.3829
    1287       1.2995
    1288       1.3523
    1289       1.3515
    1290       1.3963
    1291       1.3836
    1292       1.3880
    1293       1.3102
    1294       1.2692
    1295       1.3554
    1296       1.3379
    1297       1.3665
    1298       1.4102
    1299       1.4171
    1300       1.3055
    1301       1.3269
    1302       1.3152
    1303       1.3669
    1304       1.3554
    1305       1.3690
    1306       1.3638
    1307       1.3266
    1308       1.3546
    1309       1.3962
    1310       1.3832
    1311       1.3937
    1312       1.3070
    1313       1.3836
    1314       1.3886
    1315       1.3932
    1316       1.4301
    1317       1.3851
    1318       1.3727
    1319       1.4880
    1320       1.4256
    1321       1.4940
    1322       1.3589
    1323       1.4163
    1324       1.3569
    1325       1.3747
    1326       1.3764
    1327       1.3977
    1328       1.4015
    1329       1.3341
    1330       1.3138
    1331       1.3167
    1332       1.2926
    1333       1.4038
    1334       1.2768
    1335       1.3443
    1336       1.3752
    1337       1.3359
    1338       1.2617
    1339       1.3007
    1340       1.3466
    1341       1.3017
    1342       1.3544
    1343       1.3636
    1344       1.3110
    1345       1.3425
    1346       1.4691
    1347       1.3434
    1348       1.3803
    1349       1.4531
    1350       1.4805
    1351       1.4529
    1352       1.3810
    1353       1.4213
    1354       1.5401
    1355       1.4148
    1356       1.2939
    1357       1.3421
    1358       1.3577
    1359       1.3722
    1360       1.4289
    1361       1.3545
    1362       1.3930
    1363       1.3645
    1364       1.3194
    1365       1.3812
    1366       1.3631
    1367       1.3846
    1368       1.3825
    1369       1.4032
    1370       1.3895
    1371       1.3795
    1372       1.3648
    1373       1.4079
    1374       1.5780
    1375       1.3443
    1376       1.3467
    1377       1.3404
    1378       1.3136
    1379       1.4576
    1380       1.4236
    1381       1.4830
    1382       1.5016
    1383       1.3794
    1384       1.4066
    1385       1.3226
    1386       1.3691
    1387       1.3909
    1388       1.4179
    1389       1.4969
    1390       1.5129
    1391       1.4896
    1392       1.6256
    1393       1.5912
    1394       1.5229
    1395       1.4496
    1396       1.4662
    1397       1.6540
    1398       1.6549
    1399       1.6341
    1400       1.6452
    1401       1.6689
    1402       1.5716
    1403       1.5096
    1404       1.4439
    1405       1.4284
    1406       1.4187
    1407       1.4866
    1408       1.5094
    1409       1.4814
    1410       1.4834
    1411       1.3571
    1412       1.4187
    1413       1.4010
    1414       1.4187
    1415       1.4770
    1416       1.3972
    1417       1.4496
    1418       1.5819
    1419       1.5453
    1420       1.4333
    1421       1.5364
    1422       1.5102
    1423       1.5886
    1424       1.6286
    1425       1.4882
    1426       1.6403
    1427       1.5969
    1428       1.5575
    1429       1.4880
    1430       1.4652
    1431       1.5006
    1432       1.4685
    1433       1.4330
    1434       1.5095
    1435       1.5685
    1436       1.5377
    1437       1.5694
    1438       1.4826
    1439       1.5725
    1440       1.4776
    1441       1.4590
    1442       1.5096
    1443       1.4749
    1444       1.4539
    1445       1.5975
    1446       1.4895
    1447       1.4348
    1448       1.5169
    1449       1.4942
    1450       1.4475
    1451       1.5005
    1452       1.5028
    1453       1.5279
    1454       1.5512
    1455       1.5613
    1456       1.6417
    1457       1.6440
    1458       1.6218
    1459       1.5980
    1460       1.6443
    1461       1.5566
    1462       1.6678
    1463       1.5370
    1464       1.4389
    1465       1.4003
    1466       1.5711
    1467       1.6474
    1468       1.5714
    1469       1.5305
    1470       1.4432
    1471       1.4753
    1472       1.5465
    1473       1.4684
    1474       1.5295
    1475       1.6595
    1476       1.5990
    1477       1.5296
    1478       1.4342
    1479       1.6147
    1480       1.6252
    1481       1.6520
    1482       1.6197
    1483       1.5975
    1484       1.6498
    1485       1.6285
    1486       1.6084
    1487       1.6698
    1488       1.6761
    1489       1.6079
    1490       1.5995
    1491       1.6490
    1492       1.6401
    1493       1.6531
    1494       1.7615
    1495       1.6069
    1496       1.6048
    1497       1.4694
    1498       1.5161
    1499       1.5627
    1500       1.5244
    1501       1.6454
    1502       1.6506
    1503       1.6304
    1504       1.6197
    1505       1.6260
    1506       1.5532
    1507       1.6496
    1508       1.5834
    1509       1.6415
    1510       1.6996
    1511       1.6370
    1512       1.6500
    1513       1.5893
    1514       1.5571
    1515       1.6677
    1516       1.7441
    1517       1.6813
    1518       1.6101
    1519       1.6095
    1520       1.7384
    1521       1.7243
    1522       1.7563
    1523       1.5554
    1524       1.8307
    1525       1.8529
    1526       1.7236
    1527       1.6016
    1528       1.7324
    1529       1.4296
    1530       1.4295
    1531       1.5328
    1532       1.5236
    1533       1.6010
    1534       1.5151
    1535       1.4918
    1536       1.5258
    1537       1.6395
    1538       1.7627
    1539       1.6790
    1540       1.6273
    1541       1.6235
    1542       1.5636
    1543       1.5310
    1544       1.6431
    1545       1.6251
    1546       1.7839
    1547       1.6290
    1548       1.6184
    1549       1.6443
    1550       1.7309
    1551       1.8168
    1552       1.8147
    1553       1.8886
    1554       1.7853
    1555       1.6801
    1556       1.7549
    1557       1.8035
    1558       1.7947
    1559       1.6841
    1560       1.4830
    1561       1.6304
    1562       1.7230
    1563       1.6854
    1564       1.6315
    1565       1.7718
    1566       1.7602
    1567       1.7885
    1568       1.8199
    1569       1.9052
    1570       1.8276
    1571       1.7346
    1572       1.6231
    1573       1.7491
    1574       1.6032
    1575       1.8922
    1576       1.8407
    1577       1.7358
    1578       1.8300
    1579       1.8304
    1580       1.8221
    1581       1.7382
    1582       1.7794
    1583       1.7710
    1584       1.7200
    1585       1.6954
    1586       1.8023
    1587       1.7873
    1588       1.6996
    1589       1.7605
    1590       1.7883
    1591       1.7935
    1592       1.6941
    1593       1.4771
    1594       1.6440
    1595       1.6735
    1596       1.7236
    1597       1.7544
    1598       1.7276
    1599       1.6632
    1600       1.6195
    1601       1.5569
    1602       1.5696
    1603       1.7567
    1604       1.8645
    1605       1.8043
    1606       1.7350
    1607       1.8148
    1608       1.8074
    1609       1.7479
    1610       1.7064
    1611       1.7216
    1612       1.6047
    1613       1.5622
    1614       1.6562
    1615       1.6691
    1616       1.5121
    1617       1.6259
    1618       1.7120
    1619       1.7556
    1620       1.8746
    1621       1.8678
    1622       2.0732
    1623       2.1468
    1624       2.3787
    1625       2.3642
    1626       2.2898
    1627       2.3123
    1628       2.2923
    1629       2.3491
    1630       2.1665
    1631       2.1087
    1632       2.1578
    1633       1.9025
    1634       1.8701
    1635       1.9133
    1636       1.8135
    1637       1.8506
    1638       1.6388
    1639       1.7964
    1640       1.7547
    1641       1.7376
    1642       1.7314
    1643       1.7963
    1644       1.8149
    1645       1.6663
    1646       1.5954
    1647       1.7599
    1648       1.8389
    1649       1.8144
    1650       1.8732
    1651       1.8358
    1652       1.8098
    1653       1.8280
    1654       1.8188
    1655       1.8350
    1656       1.8879
    1657       1.8840
    1658       1.8372
    1659       1.7303
    1660       1.8468
    1661       1.9451
    1662       1.7505
    1663       1.8995
    1664       1.7924
    1665       1.7972
    1666       1.8053
    1667       1.7631
    1668       1.8624
    1669       1.9673
    1670       1.8024
    1671       1.8423
    1672       1.9600
    1673       1.8014
    1674       1.7046
    1675       1.8100
    1676       1.6918
    1677       1.5519
    1678       1.5884
    1679       1.5459
    1680       1.6086
    1681       1.6639
    1682       1.6388
    1683       1.7129
    1684       1.6906
    1685       1.6799
    1686       1.6701
    1687       1.6889
    1688       1.7777
    1689       1.8206
    1690       1.7232
    1691       1.8764
    1692       1.6458
    1693       1.6381
    1694       1.5394
    1695       1.4743
    1696       1.6399
    1697       1.7265
    1698       1.8761
    1699       1.8327
    1700       1.9088
    1701       1.9574
    1702       1.9525
    1703       1.9136
    1704       1.8007
    1705       1.6687
    1706       1.7023
    1707       1.7214
    1708       1.8989
    1709       1.8035
    1710       1.8040
    1711       1.7670
    1712       2.0591
    1713       2.0288
    1714       1.9738
    1715       1.8864
    1716       2.0630
    1717       2.1467
    1718       2.0450
    1719       1.9496
    1720       2.0728
    1721       2.0499
    1722       2.3071
    1723       2.1847
    1724       2.1855
    1725       2.1003
    1726       2.0213
    1727       2.0129
    1728       1.9502
    1729       1.9212
    1730       1.8534
    1731       1.9786
    1732       1.6523
    1733       1.7815
    1734       1.8347
    1735       1.8098
    1736       1.8265
    1737       1.9732
    1738       1.8886
    1739       2.0023
    1740       2.0138
    1741       1.9174
    1742       1.9601
    1743       1.7807
    1744       1.8263
    1745       1.8757
    1746       1.7935
    1747       1.7191
    1748       1.7376
    1749       1.8739
    1750       1.7616
    1751       1.6393
    1752       1.6670
    1753       1.8223
    1754       1.7991
    1755       1.8978
    1756       1.9236
    1757       1.8988
    1758       1.8204
    1759       1.8207
    1760       1.7005
    1761       1.8343
    1762       1.8829
    1763       1.7032
    1764       1.7431
    1765       1.6682
    1766       1.5836
    1767       1.6968
    1768       1.7912
    1769       1.7654
    1770       1.7654
    1771       1.8646
    1772       1.9133
    1773       1.7992
    1774       1.8420
    1775       1.7153
    1776       1.8510
    1777       1.7819
    1778       1.8028
    1779       2.0200
    1780       1.7985
    1781       1.8013
    1782       1.9245
    1783       1.8509
    1784       1.8545
    1785       1.7357
    1786       1.7919
    1787       1.7629
    1788       1.8812
    1789       1.8908
    1790       1.8068
    1791       1.7749
    1792       1.8838
    1793       1.8465
    1794       1.6874
    1795       1.7190
    1796       1.7781
    1797       1.7393
    1798       1.8005
    1799       1.7205
    1800       1.8082
    1801       1.8677
    1802       2.0997
    1803       2.0695
    1804       1.8799
    1805       1.7926
    1806       1.9029
    1807       1.7552
    1808       1.7564
    1809       1.8836
    1810       1.9223
    1811       1.8367
    1812       1.7914
    1813       1.6837
    1814       1.7465
    1815       1.7321
    1816       1.8930
    1817       1.8561
    1818       1.8745
    1819       1.8148
    1820       1.8186
    1821       1.7877
    1822       1.7881
    1823       1.9198
    1824       1.9310
    1825       1.8325
    1826       1.8831
    1827       1.8303
    1828       1.8857
    1829       1.9598
    1830       1.8853
    1831       1.9042
    1832       1.9078
    1833       1.9826
    1834       1.9394
    1835       2.0333
    1836       1.9444
    1837       2.0279
    1838       1.9809
    1839       1.9891
    1840       1.9909
    1841       1.9866
    1842       1.9881
    1843       1.9544
    1844       2.1777
    1845       1.9606
    1846       2.0248
    1847       1.8643
    1848       1.8061
    1849       1.6900
    1850       1.9382
    1851       1.9552
    1852       1.8798
    1853       1.8006
    1854       1.8513
    1855       1.8225
    1856       1.6836
    1857       1.8301
    1858       1.7573
    1859       1.7685
    1860       1.8789
    1861       1.7891
    1862       1.6071
    1863       1.6787
    1864       1.6101
    1865       1.6094
    1866       1.7183
    1867       1.6983
    1868       1.7022
    1869       1.6810
    1870       1.7731
    1871       1.8256
    1872       1.7737
    1873       1.6440
    1874       1.7770
    1875       1.8317
    1876       1.7840
    1877       1.9919
    1878       1.9483
    1879       1.8489
    1880       1.8710
    1881       2.0091
    1882       1.9843
    1883       1.9807
    1884       1.9829
    1885       2.0404
    1886       1.8633
    1887       1.9111
    1888       1.7485
    1889       1.6935
    1890       1.6079
    1891       1.6005
    1892       1.4523
    1893       1.5973
    1894       1.6005
    1895       1.5674
    1896       1.6348
    1897       1.6755
    1898       1.6870
    1899       1.6489
    1900       1.7785
    1901       1.8444
    1902       1.9647
    1903       1.7729
    1904       1.7218
    1905       1.9144
    1906       1.8160
    1907       1.7832
    1908       1.8646
    1909       1.7873
    1910       1.8753
    1911       1.9960
    1912       1.9283
    1913       1.9372
    1914       1.9042
    1915       1.7690
    1916       1.7719
    1917       1.7829
    1918       1.7783
    1919       1.7064
    1920       1.6652
    1921       1.6371
    1922       1.7241
    1923       1.5547
    1924       1.5066
    1925       1.5682
    1926       1.5468
    1927       1.6913
    1928       1.6225
    1929       1.5712
    1930       1.4871
    1931       1.5695
    1932       1.5600
    1933       1.5754
    1934       1.7378
    1935       1.7158
    1936       1.7262
    1937       1.7181
    1938       1.6816
    1939       1.5977
    1940       1.6462
    1941       1.7316
    1942       1.7050
    1943       1.6341
    1944       1.6752
    1945       1.7421
    1946       1.6767
    1947       1.7642
    1948       1.8893
    1949       1.8806
    1950       1.6784
    1951       1.7640
    1952       1.6686
    1953       1.6446
    1954       1.5083
    1955       1.4729
    1956       1.7044
    1957       1.6967
    1958       1.6991
    1959       1.8031
    1960       1.7806
    1961       1.5573
    1962       1.6662
    1963       1.6500
    1964       1.5507
    1965       1.5479
    1966       1.4796
    1967       1.5696
    1968       1.4916
    1969       1.5559
    1970       1.4937
    1971       1.4371
    1972       1.3221
    1973       1.3245
    1974       1.3689
    1975       1.3597
    1976       1.4580
    1977       1.5426
    1978       1.4002
    1979       1.5868
    1980       1.6155
    1981       1.7013
    1982       1.6878
    1983       1.7677
    1984       1.7382
    1985       1.5375
    1986       1.5305
    1987       1.5007
    1988       1.5568
    1989       1.6020
    1990       1.6507
    1991       1.6507
    1992       1.6644
    1993       1.7765
    1994       1.6399
    1995       1.7053
    1996       1.7155
    1997       1.8364
    1998       1.7960
    1999       1.7712
    2000       1.5744
    2001       1.5513
    2002       1.6078
    2003       1.6154
    2004       1.3850
    2005       1.4146
    2006       1.4998
    2007       1.6257
    2008       1.5091
    2009       1.4059
    2010       1.4664
    2011       1.3988
    2012       1.4166
    2013       1.4385
    2014       1.4792
    2015       1.5499
    2016       1.5466
    2017       1.4770
    2018       1.5507
    2019       1.4477
    2020       1.5998
    2021       1.6717
    2022       1.6959
    2023       1.7797
    2024       1.8593
    2025       1.9064
    2026       1.8464
    2027       1.7736
    2028       1.7364
    2029       1.6445
    2030       1.6520
    2031       1.7968
    2032       1.7866
    2033       1.9194
    2034       1.7670
    2035       1.7966
    2036       1.7626
    2037       1.7360
    2038       1.8183
    2039       1.7524
    2040       1.7906
    2041       1.8587
    2042       1.8571
    2043       1.7744
    2044       1.7668
    2045       1.7435
    2046       1.7309
    2047       1.6182
    2048       1.6102
    2049       1.5190
    2050       1.6130
    2051       1.5179
    2052       1.5702
    2053       1.4752
    2054       1.6533
    2055       1.7087
    2056       1.6185
    2057       1.6748
    2058       1.5606
    2059       1.5060
    2060       1.5620
    2061       1.7787
    2062       1.7069
    2063       1.7073
    2064       1.8189
    2065       1.6231
    2066       1.4662
    2067       1.6638
    2068       1.6047
    2069       1.6383
    2070       1.6471
    2071       1.5357
    2072       1.6194
    2073       1.6976
    2074       1.7554
    2075       1.6664
    2076       1.7100
    2077       1.6635
    2078       1.5537
    2079       1.4504
    2080       1.4858
    2081       1.5594
    2082       1.5307
    2083       1.6709
    2084       1.6152
    2085       1.5765
    2086       1.4282
    2087       1.4522
    2088       1.4521
    2089       1.4958
    2090       1.5664
    2091       1.4144
    2092       1.5005
    2093       1.4909
    2094       1.5184
    2095       1.4642
    2096       1.5179
    2097       1.5316
    2098       1.6703
    2099       1.6707
    2100       1.6297
    2101       1.7240
    2102       1.6573
    2103       1.6631
    2104       1.6674
    2105       1.6107
    2106       1.6301
    2107       1.6816
    2108       1.6310
    2109       1.7349
    2110       1.7471
    2111       1.7951
    2112       1.7179
    2113       1.8480
    2114       1.8988
    2115       1.8793
    2116       1.8240
    2117       1.6711
    2118       1.8185
    2119       1.8597
    2120       1.8484
    2121       1.7421
    2122       1.7711
    2123       1.7767
    2124       1.7287
    2125       1.7093
    2126       1.6656
    2127       1.6901
    2128       1.7055
    2129       1.6334
    2130       1.6640
    2131       1.5305
    2132       1.5296
    2133       1.4092
    2134       1.5483
    2135       1.7370
    2136       1.7473
    2137       1.8723
    2138       1.8535
    2139       1.6549
    2140       1.6236
    2141       1.5428
    2142       1.5550
    2143       1.6117
    2144       1.6793
    2145       1.7015
    2146       1.5969
    2147       1.6214
    2148       1.6286
    2149       1.7142
    2150       1.7182
    2151       1.7342
    2152       1.9488
    2153       1.8449
    2154       1.7498
    2155       1.7639
    2156       1.7725
    2157       1.8394
    2158       1.9171
    2159       1.8861
    2160       1.8584
    2161       1.9472
    2162       1.8934
    2163       1.7882
    2164       1.8132
    2165       1.7645
    2166       1.7473
    2167       1.6752
    2168       1.5223
    2169       1.7003
    2170       1.6963
    2171       1.7424
    2172       1.8516
    2173       1.7863
    2174       1.5358
    2175       1.6067
    2176       1.6946
    2177       1.6844
    2178       1.7594
    2179       1.8465
    2180       1.7124
    2181       1.7510
    2182       1.6751
    2183       1.8169
    2184       1.8607
    2185       1.8060
    2186       1.6794
    2187       1.7465
    2188       1.7281
    2189       1.5898
    2190       1.8536
    2191       1.7535
    2192       1.8267
    2193       1.7104
    2194       1.7734
    2195       1.9820
    2196       1.8927
    2197       1.8314
    2198       1.7977
    2199       1.8085
    2200       1.7460
    2201       1.6540
    2202       1.5625
    2203       1.5960
    2204       1.4802
    2205       1.6156
    2206       1.3785
    2207       1.3520
    2208       1.3808
    2209       1.4070
    2210       1.6411
    2211       1.5455
    2212       1.5482
    2213       1.7089
    2214       1.7913
    2215       1.6963
    2216       1.7381
    2217       1.7414
    2218       1.7233
    2219       1.8318
    2220       1.7922
    2221       1.7301
    2222       1.6771
    2223       1.6230
    2224       1.5966
    2225       1.5515
    2226       1.5839
    2227       1.5570
    2228       1.7239
    2229       1.6709
    2230       1.6983
    2231       1.8433
    2232       1.9079
    2233       1.7779
    2234       1.8503
    2235       1.7387
    2236       1.6128
    2237       1.6318
    2238       1.6826
    2239       1.6936
    2240       1.6579
    2241       1.6608
    2242       1.6115
    2243       1.5303
    2244       1.5819
    2245       1.5037
    2246       1.5596
    2247       1.5716
    2248       1.6628
    2249       1.5827
    2250       1.6102
    2251       1.5437
    2252       1.5314
    2253       1.5690
    2254       1.6245
    2255       1.6579
    2256       1.5931
    2257       1.6557
    2258       1.6444
    2259       1.7656
    2260       1.6361
    2261       1.6886
    2262       1.5952
    2263       1.4523
    2264       1.4941
    2265       1.6280
    2266       1.5551
    2267       1.5219
    2268       1.5170
    2269       1.6189
    2270       1.6935
    2271       1.7679
    2272       1.8352
    2273       1.8391
    2274       1.8504
    2275       1.8039
    2276       1.6986
    2277       1.7047
    2278       1.6928
    2279       1.6190
    2280       1.7122
    2281       1.5923
    2282       1.7342
    2283       1.7112
    2284       1.6113
    2285       1.6049
    2286       1.6413
    2287       1.5533
    2288       1.4130
    2289       1.4828
    2290       1.4578
    2291       1.3121
    2292       1.4693
    2293       1.4178
    2294       1.4176
    2295       1.3867
    2296       1.3982
    2297       1.6097
    2298       1.6699
    2299       1.4922
    2300       1.7166
    2301       1.5459
    2302       1.5402
    2303       1.7832
    2304       1.6921
    2305       1.6160
    2306       1.5244
    2307       1.6030
    2308       1.7505
    2309       1.6970
    2310       1.8124
    2311       1.6714
    2312       1.6370
    2313       1.5473
    2314       1.6662
    2315       1.6534
    2316       1.6737
    2317       1.6904
    2318       1.6687
    2319       1.4911
    2320       1.4596
    2321       1.4654
    2322       1.4498
    2323       1.5578
    2324       1.5213
    2325       1.5369
    2326       1.6773
    2327       1.5743
    2328       1.6410
    2329       1.7223
    2330       1.6371
    2331       1.6136
    2332       1.6311
    2333       1.7378
    2334       1.7937
    2335       1.7818
    2336       1.6572
    2337       1.7316
    2338       1.7431
    2339       1.8359
    2340       1.7574
    2341       1.7310
    2342       1.5798
    2343       1.7584
    2344       1.7472
    2345       1.7971
    2346       1.7482
    2347       1.9035
    2348       1.6899
    2349       1.7143
    2350       1.7226
    2351       1.7932
    2352       1.6109
    2353       1.6500
    2354       1.8413
    2355       1.9611
    2356       1.8588
    2357       1.7815
    2358       1.6904
    2359       1.7609
    2360       1.6518
    2361       1.6729
    2362       1.5979
    2363       1.6568
    2364       1.6339
    2365       1.5668
    2366       1.5053
    2367       1.4657
    2368       1.5010
    2369       1.5545
    2370       1.3604
    2371       1.5556
    2372       1.3553
    2373       1.3330
    2374       1.3070
    2375       1.4401
    2376       1.4228
    2377       1.4723
    2378       1.4727
    2379       1.4078
    2380       1.4355
    2381       1.5884
    2382       1.4552
    2383       1.5556
    2384       1.3720
    2385       1.3809
    2386       1.4311
    2387       1.5372
    2388       1.4957
    2389       1.4477
    2390       1.4366
    2391       1.4910
    2392       1.4182
    2393       1.4680
    2394       1.4528
    2395       1.5907
    2396       1.5367
    2397       1.3896
    2398       1.3727
    2399       1.4092
    2400       1.4470
    2401       1.4651
    2402       1.4274
    2403       1.4513
    2404       1.4297
    2405       1.4797
    2406       1.4913
    2407       1.5945
    2408       1.6262
    2409       1.5330
    2410       1.5319
    2411       1.5230
    2412       1.5088
    2413       1.4913
    2414       1.6017
    2415       1.4663
    2416       1.3385
    2417       1.4102
    2418       1.4681
    2419       1.3239
    2420       1.3949
    2421       1.5296
    2422       1.5016
    2423       1.4602
    2424       1.5348
    2425       1.4017
    2426       1.3836
    2427       1.4078
    2428       1.4560
    2429       1.4313
    2430       1.4138
    2431       1.4927
    2432       1.3512
    2433       1.3891
    2434       1.4030
    2435       1.5124
    2436       1.6690
    2437       1.7318
    2438       1.5993
    2439       1.6058
    2440       1.7815
    2441       1.6531
    2442       1.5711
    2443       1.5508
    2444       1.5747
    2445       1.5141
    2446       1.4727
    2447       1.5203
    2448       1.5959
    2449       1.5698
    2450       1.4857
    2451       1.5486
    2452       1.4812
    2453       1.5258
    2454       1.5931
    2455       1.6716
    2456       1.7062
    2457       1.6173
    2458       1.5445
    2459       1.6518
    2460       1.6139
    2461       1.5194
    2462       1.7139
    2463       1.5135
    2464       1.7339
    2465       1.5501
    2466       1.5264
    2467       1.5785
    2468       1.5875
    2469       1.5682
    2470       1.5022
    2471       1.4447
    2472       1.5789
    2473       1.5875
    2474       1.5103
    2475       1.4277
    2476       1.4603
    2477       1.4816
    2478       1.5233
    2479       1.5167
    2480       1.4334
    2481       1.3998
    2482       1.3459
    2483       1.4307
    2484       1.4676
    2485       1.5456
    2486       1.5041
    2487       1.6111
    2488       1.5624
    2489       1.4960
    2490       1.4900
    2491       1.4051
    2492       1.4688
    2493       1.3716
    2494       1.3668
    2495       1.5331
    2496       1.4679
    2497       1.4714
    2498       1.3744
    2499       1.3853
    2500       1.5357
    2501       1.4549
    2502       1.6736
    2503       1.4607
    2504       1.5238
    2505       1.5074
    2506       1.6023
    2507       1.5468
    2508       1.5631
    2509       1.6309
    2510       1.5425
    2511       1.4086
    2512       1.5385
    2513       1.5851
    2514       1.5201
    2515       1.5623
    2516       1.4901
    2517       1.5294
    2518       1.5306
    2519       1.4465
    2520       1.5503
    2521       1.5820
    2522       1.6315
    2523       1.5983
    2524       1.5348
    2525       1.5605
    2526       1.6197
    2527       1.3940
    2528       1.4174
    2529       1.4393
    2530       1.4915
    2531       1.6157
    2532       1.5395
    2533       1.5800
    2534       1.5270
    2535       1.3991
    2536       1.4808
    2537       1.5242
    2538       1.4946
    2539       1.5075
    2540       1.4601
    2541       1.4643
    2542       1.4614
    2543       1.3925
    2544       1.4626
    2545       1.5480
    2546       1.5776
    2547       1.5550
    2548       1.5672
    2549       1.6261
    2550       1.6802
    2551       1.6629
    2552       1.4418
    2553       1.3886
    2554       1.4462
    2555       1.6137
    2556       1.5770
    2557       1.4400
    2558       1.5189
    2559       1.4559
    2560       1.4733
    2561       1.4996
    2562       1.4372
    2563       1.4738
    2564       1.5625
    2565       1.5308
    2566       1.4121
    2567       1.3507
    2568       1.5412
    2569       1.4912
    2570       1.5530
    2571       1.4344
    2572       1.5551
    2573       1.3488
    2574       1.3327
    2575       1.2628
    2576       1.2562
    2577       1.2959
    2578       1.4343
    2579       1.5108
    2580       1.4119
    2581       1.5099
    2582       1.3739
    2583       1.4480
    2584       1.5867
    2585       1.4391
    2586       1.4496
    2587       1.5241
    2588       1.4414
    2589       1.5170
    2590       1.5368
    2591       1.5150
    2592       1.4795
    2593       1.4327
    2594       1.4372
    2595       1.4847
    2596       1.4627
    2597       1.3401
    2598       1.4618
    2599       1.5275
    2600       1.4750
    2601       1.5073
    2602       1.4743
    2603       1.4749
    2604       1.5821
    2605       1.4434
    2606       1.4464
    2607       1.4973
    2608       1.4422
    2609       1.3488
    2610       1.4649
    2611       1.5232
    2612       1.4296
    2613       1.4586
    2614       1.3820
    2615       1.4083
    2616       1.4977
    2617       1.5163
    2618       1.3571
    2619       1.3879
    2620       1.4527
    2621       1.2843
    2622       1.4070
    2623       1.3281
    2624       1.4099
    2625       1.3499
    2626       1.2589
    2627       1.2877
    2628       1.2279
    2629       1.1978
    2630       1.1619
    2631       1.3131
    2632       1.2841
    2633       1.3549
    2634       1.3791
    2635       1.4603
    2636       1.3479
    2637       1.3959
    2638       1.3449
    2639       1.4521
    2640       1.5654
    2641       1.4683
    2642       1.3565
    2643       1.3501
    2644       1.4304
    2645       1.3134
    2646       1.3743
    2647       1.2866
    2648       1.4681
    2649       1.4149
    2650       1.4490
    2651       1.3416
    2652       1.3862
    2653       1.2964
    2654       1.2145
    2655       1.3953
    2656       1.4030
    2657       1.4503
    2658       1.5477
    2659       1.5434
    2660       1.4408
    2661       1.4999
    2662       1.4654
    2663       1.5654
    2664       1.4909
    2665       1.5056
    2666       1.3229
    2667       1.3128
    2668       1.2962
    2669       1.2819
    2670       1.3371
    2671       1.3856
    2672       1.3849
    2673       1.2708
    2674       1.3835
    2675       1.3774
    2676       1.3922
    2677       1.4431
    2678       1.3111
    2679       1.2718
    2680       1.3009
    2681       1.3819
    2682       1.3293
    2683       1.3751
    2684       1.4134
    2685       1.3910
    2686       1.3907
    2687       1.3754
    2688       1.3714
    2689       1.4725
    2690       1.4239
    2691       1.4605
    2692       1.5612
    2693       1.4248
    2694       1.5340
    2695       1.5757
    2696       1.6335
    2697       1.5952
    2698       1.5988
    2699       1.5921
    2700       1.5608
    2701       1.4782
    2702       1.5035
    2703       1.5994
    2704       1.5959
    2705       1.6245
    2706       1.5922
    2707       1.5046
    2708       1.5185
    2709       1.7452
    2710       1.6941
    2711       1.6558
    2712       1.5672
    2713       1.4097
    2714       1.4414
    2715       1.4502
    2716       1.4081
    2717       1.4285
    2718       1.3838
    2719       1.4435
    2720       1.3493
    2721       1.3704
    2722       1.3021
    2723       1.2852
    2724       1.3047
    2725       1.3697
    2726       1.3348
    2727       1.3563
    2728       1.4477
    2729       1.4055
    2730       1.3796
    2731       1.4689
    2732       1.3479
    2733       1.3863
    2734       1.6117
    2735       1.6205
    2736       1.6241
    2737       1.6603
    2738       1.6756
    2739       1.5478
    2740       1.4634
    2741       1.5482
    2742       1.6035
    2743       1.6053
    2744       1.5492
    2745       1.5533
    2746       1.4125
    2747       1.4846
    2748       1.4960
    2749       1.4233
    2750       1.3674
    2751       1.3749
    2752       1.4807
    2753       1.4781
    2754       1.4753
    2755       1.4222
    2756       1.3433
    2757       1.4168
    2758       1.4917
    2759       1.4315
    2760       1.5037
    2761       1.4323
    2762       1.5180
    2763       1.4647
    2764       1.5180
    2765       1.4527
    2766       1.4876
    2767       1.5753
    2768       1.5538
    2769       1.5184
    2770       1.5880
    2771       1.5066
    2772       1.5883
    2773       1.5015
    2774       1.4839
    2775       1.4630
    2776       1.4830
    2777       1.4571
    2778       1.4550
    2779       1.4291
    2780       1.3764
    2781       1.4298
    2782       1.3516
    2783       1.3901
    2784       1.4358
    2785       1.4573
    2786       1.4355
    2787       1.4694
    2788       1.3727
    2789       1.5060
    2790       1.4083
    2791       1.4570
    2792       1.4599
    2793       1.4677
    2794       1.3749
    2795       1.4513
    2796       1.5657
    2797       1.4421
    2798       1.3469
    2799       1.3177
    2800       1.4232
    2801       1.3779
    2802       1.5037
    2803       1.4474
    2804       1.5067
    2805       1.5189
    2806       1.6128
    2807       1.5391
    2808       1.5995
    2809       1.5892
    2810       1.6947
    2811       1.5667
    2812       1.6353
    2813       1.6931
    2814       1.6972
    2815       1.7026
    2816       1.6847
    2817       1.5912
    2818       1.6248
    2819       1.7809
    2820       1.7170
    2821       1.6565
    2822       1.5683
    2823       1.6255
    2824       1.6885
    2825       1.5760
    2826       1.5851
    2827       1.6408
    2828       1.5420
    2829       1.5205
    2830       1.4201
    2831       1.5617
    2832       1.6124
    2833       1.7181
    2834       1.5841
    2835       1.5985
    2836       1.5103
    2837       1.4572
    2838       1.4251
    2839       1.4508
    2840       1.4584
    2841       1.4561
    2842       1.5202
    2843       1.6164
    2844       1.4861
    2845       1.4244
    2846       1.4361
    2847       1.5022
    2848       1.5062
    2849       1.4828
    2850       1.4451
    2851       1.4573
    2852       1.4309
    2853       1.4023
    2854       1.4586
    2855       1.4662
    2856       1.5233
    2857       1.5346
    2858       1.4544
    2859       1.4197
    2860       1.4520
    2861       1.4266
    2862       1.4150
    2863       1.3884
    2864       1.3195
    2865       1.3157
    2866       1.4581
    2867       1.4747
    2868       1.5247
    2869       1.4477
    2870       1.4027
    2871       1.5372
    2872       1.4654
    2873       1.4863
    2874       1.5480
    2875       1.5513
    2876       1.4050
    2877       1.5116
    2878       1.4710
    2879       1.4292
    2880       1.5072
    2881       1.4909
    2882       1.4737
    2883       1.4196
    2884       1.4719
    2885       1.3611
    2886       1.4214
    2887       1.3794
    2888       1.4315
    2889       1.5272
    2890       1.4103
    2891       1.3467
    2892       1.3302
    2893       1.4042
    2894       1.4542
    2895       1.4300
    2896       1.3706
    2897       1.3935
    2898       1.4953
    2899       1.4384
    2900       1.3906
    2901       1.4618
    2902       1.4261
    2903       1.3151
    2904       1.3905
    2905       1.3932
    2906       1.4494
    2907       1.4815
    2908       1.5426
    2909       1.7935
    2910       1.7198
    2911       1.7500
    2912       1.6395
    2913       1.7388
    2914       1.6919
    2915       1.5429
    2916       1.4717
    2917       1.5799
    2918       1.5434
    2919       1.5196
    2920       1.6261
    2921       1.6067
    2922       1.6903
    2923       1.5750
    2924       1.5155
    2925       1.5568
    2926       1.5401
    2927       1.5051
    2928       1.5017
    2929       1.4064
    2930       1.5287
    2931       1.4980
    2932       1.4810
    2933       1.7366
    2934       1.4978
    2935       1.5981
    2936       1.5554
    2937       1.4180
    2938       1.5529
    2939       1.5757
    2940       1.4512
    2941       1.5135
    2942       1.4264
    2943       1.4759
    2944       1.4205
    2945       1.3512
    2946       1.3502
    2947       1.3179
    2948       1.5040
    2949       1.3736
    2950       1.3426
    2951       1.3445
    2952       1.4259
    2953       1.6049
    2954       1.5619
    2955       1.6247
    2956       1.4471
    2957       1.4574
    2958       1.4316
    2959       1.5195
    2960       1.5053
    2961       1.3970
    2962       1.3964
    2963       1.4563
    2964       1.5277
    2965       1.4021
    2966       1.3029
    2967       1.3467
    2968       1.4500
    2969       1.4362
    2970       1.5520
    2971       1.6730
    2972       1.4928
    2973       1.5143
    2974       1.5190
    2975       1.5926
    2976       1.6329
    2977       1.7016
    2978       1.7413
    2979       1.7421
    2980       1.6363
    2981       1.6047
    2982       1.6233
    2983       1.7548
    2984       1.5892
    2985       1.5847
    2986       1.6238
    2987       1.8052
    2988       1.7547
    2989       1.9070
    2990       1.7668
    2991       1.7329
    2992       1.7192
    2993       1.7359
    2994       1.7664
    2995       1.7731
    2996       1.8711
    2997       1.7888
    2998       1.7888
    2999       1.7454
    3000       1.7015
    3001       1.7489
    3002       1.7664
    3003       1.7151
    3004       1.6567
    3005       1.7115
    3006       1.6828
    3007       1.6709
    3008       1.6778
    3009       1.7103
    3010       1.6171
    3011       1.8179
    3012       1.6287
    3013       1.5923
    3014       1.4488
    3015       1.4604
    3016       1.4865
    3017       1.4690
    3018       1.6430
    3019       1.6102
    3020       1.5261
    3021       1.4323
    3022       1.5273
    3023       1.5023
    3024       1.5123
    3025       1.4499
    3026       1.5872
    3027       1.5127
    3028       1.5110
    3029       1.5053
    3030       1.4582
    3031       1.5990
    3032       1.6320
    3033       1.8054
    3034       1.9292
    3035       1.8762
    3036       2.0019
    3037       1.9007
    3038       1.9884
    3039       1.7988
    3040       1.7647
    3041       1.7151
    3042       1.6330
    3043       1.5671
    3044       1.5970
    3045       1.6277
    3046       1.5896
    3047       1.5052
    3048       1.4205
    3049       1.4347
    3050       1.5444
    3051       1.6334
    3052       1.5455
    3053       1.6764
    3054       1.5913
    3055       1.7816
    3056       1.6681
    3057       1.7086
    3058       1.6581
    3059       1.7320
    3060       1.6686
    3061       1.5804
    3062       1.6139
    3063       1.7248
    3064       1.6538
    3065       1.6931
    3066       1.5714
    3067       1.4277
    3068       1.4738
    3069       1.4316
    3070       1.5785
    3071       1.5952
    3072       1.6262
    3073       1.6143
    3074       1.6500
    3075       1.6454
    3076       1.6410
    3077       1.8406
    3078       1.8374
    3079       1.8120
    3080       1.8374
    3081       1.7147
    3082       1.8513
    3083       2.0113
    3084       1.8931
    3085       1.8824
    3086       1.7775
    3087       1.8533
    3088       1.7661
    3089       1.6755
    3090       1.6697
    3091       1.6624
    3092       1.6827
    3093       1.6639
    3094       1.6353
    3095       1.6667
    3096       1.5921
    3097       1.8133
    3098       1.8165
    3099       1.7975
    3100       1.8148
    3101       1.7302
    3102       1.6346
    3103       1.6422
    3104       1.6400
    3105       1.7153
    3106       1.7145
    3107       1.6979
    3108       1.6045
    3109       1.6730
    3110       1.5672
    3111       1.6308
    3112       1.7789
    3113       1.6952
    3114       1.8436
    3115       1.7203
    3116       1.5812
    3117       1.6961
    3118       1.7779
    3119       1.7278
    3120       1.7267
    3121       1.8246
    3122       1.8469
    3123       1.8446
    3124       1.8581
    3125       1.9649
    3126       1.8122
    3127       1.8109
    3128       1.9698
    3129       1.8744
    3130       2.0242
    3131       2.0507
    3132       1.9480
    3133       1.7828
    3134       1.7495
    3135       1.8340
    3136       1.9093
    3137       1.9846
    3138       1.9497
    3139       2.0358
    3140       2.0369
    3141       2.2805
    3142       2.0904
    3143       2.1786
    3144       1.9830
    3145       2.0236
    3146       1.9924
    3147       2.0326
    3148       1.9536
    3149       2.0128
    3150       2.0206
    3151       2.1066
    3152       1.9291
    3153       1.8014
    3154       1.9892
    3155       1.8413
    3156       1.8122
    3157       1.8793
    3158       1.9416
    3159       1.8691
    3160       2.0016
    3161       1.9006
    3162       1.8227
    3163       1.6679
    3164       1.5834
    3165       1.6678
    3166       1.6641
    3167       1.6949
    3168       1.7238
    3169       1.7281
    3170       1.6180
    3171       1.6068
    3172       1.5828
    3173       1.5472
    3174       1.6225
    3175       1.7947
    3176       1.6930
    3177       1.7100
    3178       1.8546
    3179       1.7172
    3180       1.6571
    3181       1.7893
    3182       1.8137
    3183       1.8021
    3184       1.5952
    3185       1.6337
    3186       1.6200
    3187       1.6603
    3188       1.6620
    3189       1.7230
    3190       1.6194
    3191       1.6889
    3192       1.7615
    3193       1.6572
    3194       1.8890
    3195       1.9430
    3196       1.8500
    3197       1.7390
    3198       1.7377
    3199       1.6897
    3200       1.8424
    3201       1.7587
    3202       1.7091
    3203       1.6688
    3204       1.6927
    3205       1.6413
    3206       1.7340
    3207       1.6002
    3208       1.5965
    3209       1.5193
    3210       1.6014
    3211       1.5310
    3212       1.5954
    3213       1.5777
    3214       1.5607
    3215       1.6270
    3216       1.5422
    3217       1.5533
    3218       1.6559
    3219       1.5749
    3220       1.5381
    3221       1.5306
    3222       1.6159
    3223       1.6036
    3224       1.6649
    3225       1.5612
    3226       1.4915
    3227       1.5846
    3228       1.6387
    3229       1.7110
    3230       1.6952
    3231       1.7757
    3232       1.8531
    3233       1.7696
    3234       1.6746
    3235       1.5711
    3236       1.4656
    3237       1.4540
    3238       1.4762
    3239       1.5243
    3240       1.4993
    3241       1.4881
    3242       1.3744
    3243       1.3967
    3244       1.4083
    3245       1.4609
    3246       1.5242
    3247       1.6625
    3248       1.6788
    3249       1.7719
    3250       1.7524
    3251       1.7253
    3252       1.5702
    3253       1.5281
    3254       1.6911
    3255       1.6452
    3256       1.5946
    3257       1.5747
    3258       1.6776
    3259       1.8686
    3260       1.8320
    3261       1.9506
    3262       1.9207
    3263       1.8053
    3264       1.7838
    3265       1.6949
    3266       1.8357
    3267       2.0342
    3268       1.9087
    3269       1.8259
    3270       1.7037
    3271       1.8250
    3272       1.7827
    3273       1.8547
    3274       1.9487
    3275       1.7188
    3276       1.8316
    3277       2.0077
    3278       1.8281
    3279       1.8836
    3280       1.9311
    3281       1.7258
    3282       1.7216
    3283       1.7748
    3284       1.9215
    3285       1.8391
    3286       1.8823
    3287       1.7983
    3288       1.8347
    3289       1.9351
    3290       1.8549
    3291       2.0042
    3292       1.9393
    3293       1.6988
    3294       1.7010
    3295       1.8646
    3296       1.8899
    3297       1.9148
    3298       1.9529
    3299       2.0186
    3300       2.0274
    3301       1.9394
    3302       1.9913
    3303       2.0593
    3304       2.1527
    3305       2.0439
    3306       1.7854
    3307       1.9199
    3308       1.8305
    3309       1.8509
    3310       1.8484
    3311       1.8399
    3312       1.7360
    3313       1.7549
    3314       1.6225
    3315       1.7447
    3316       1.7939
    3317       1.8419
    3318       1.9548
    3319       2.0177
    3320       1.9036
    3321       1.7740
    3322       1.8506
    3323       1.7790
    3324       1.6773
    3325       1.6930
    3326       1.7508
    3327       1.6579
    3328       1.7830
    3329       1.7603
    3330       1.8328
    3331       1.7759
    3332       1.7226
    3333       1.8759
    3334       1.8571
    3335       1.8355
    3336       1.6974
    3337       1.7207
    3338       1.6940
    3339       1.9930
    3340       2.2101
    3341       2.3240
    3342       2.2488
    3343       2.1017
    3344       2.2236
    3345       2.0187
    3346       2.0953
    3347       2.0360
    3348       1.9921
    3349       2.0161
    3350       2.2493
    3351       2.1599
    3352       2.2343
    3353       2.2177
    3354       2.2374
    3355       2.2834
    3356       2.2130
    3357       2.2240
    3358       2.3844
    3359       2.4676
    3360       2.4153
    3361       2.5684
    3362       2.3878
    3363       2.2436
    3364       2.1686
    3365       2.0441
    3366       2.1126
    3367       1.9806
    3368       1.9709
    3369       1.9079
    3370       1.9263
    3371       1.9359
    3372       1.9024
    3373       1.6822
    3374       1.5511
    3375       1.5411
    3376       1.6467
    3377       1.7639
    3378       1.8339
    3379       1.6862
    3380       1.6961
    3381       1.6007
    3382       1.7333
    3383       1.8370
    3384       1.7625
    3385       1.7653
    3386       1.6031
    3387       1.6675
    3388       1.6469
    3389       1.6681
    3390       1.6486
    3391       1.7353
    3392       1.7061
    3393       1.6456
    3394       1.6434
    3395       1.8158
    3396       2.0360
    3397       2.0545
    3398       2.1900
    3399       2.1406
    3400       2.1439
    3401       2.0771
    3402       2.0111
    3403       2.1305
    3404       2.2133
    3405       2.0434
    3406       2.0334
    3407       2.0775
    3408       2.1698
    3409       2.1134
    3410       2.0029
    3411       1.9175
    3412       1.8775
    3413       1.9415
    3414       1.8935
    3415       2.0275
    3416       2.0780
    3417       2.1478
    3418       2.2107
    3419       2.2370
    3420       2.2713
    3421       2.2192
    3422       2.1828
    3423       2.3006
    3424       2.4221
    3425       2.3599
    3426       2.3541
    3427       2.1355
    3428       1.9923
    3429       2.0105
    3430       2.1198
    3431       2.1741
    3432       2.1369
    3433       2.0728
    3434       1.9826
    3435       1.9607
    3436       2.1042
    3437       1.9955
    3438       2.0088
    3439       2.0580
    3440       2.0986
    3441       2.0400
    3442       2.0348
    3443       2.1240
    3444       2.0752
    3445       2.1167
    3446       2.0928
    3447       2.0983
    3448       1.8342
    3449       1.9093
    3450       1.8337
    3451       1.8666
    3452       2.0420
    3453       2.0573
    3454       2.1048
    3455       2.0856
    3456       2.0452
    3457       2.0024
    3458       2.1018
    3459       2.0753
    3460       1.9984
    3461       1.9357
    3462       1.9062
    3463       1.9137
    3464       1.9521
    3465       1.9146
    3466       1.9184
    3467       1.9080
    3468       1.9202
    3469       1.9268
    3470       1.9257
    3471       2.0871
    3472       1.9624
    3473       2.0865
    3474       1.9180
    3475       2.0489
    3476       2.0940
    3477       2.1658
    3478       2.0346
    3479       2.1896
    3480       2.1210
    3481       2.2239
    3482       2.2393
    3483       2.4174
    3484       2.2707
    3485       2.2185
    3486       2.1730
    3487       2.1561
    3488       2.2660
    3489       2.3296
    3490       2.2841
    3491       2.4470
    3492       2.3741
    3493       2.3967
    3494       2.4367
    3495       2.3973
    3496       2.2684
    3497       2.1338
    3498       2.0320
    3499       2.0472
    3500       2.0606
    3501       2.1347
    3502       1.9512
    3503       2.0362
    3504       1.8181
    3505       1.9157
    3506       1.7653
    3507       1.8540
    3508       1.7626
    3509       1.8130
    3510       1.7355
    3511       1.8667
    3512       1.8239
    3513       1.6415
    3514       1.7909
    3515       1.7614
    3516       1.8326
    3517       1.8271
    3518       2.0340
    3519       2.0080
    3520       1.9513
    3521       1.9232
    3522       1.7329
    3523       1.8747
    3524       1.8648
    3525       1.9950
    3526       1.8763
    3527       1.9465
    3528       2.1572
    3529       1.9674
    3530       1.7938
    3531       1.9389
    3532       2.0216
    3533       1.7843
    3534       1.9767
    3535       1.9461
    3536       1.9848
    3537       1.9015
    3538       1.8319
    3539       1.9040
    3540       2.0123
    3541       2.1249
    3542       2.1633
    3543       2.0635
    3544       1.9104
    3545       1.9473
    3546       1.7481
    3547       1.8317
    3548       1.8088
    3549       1.8391
    3550       1.7256
    3551       1.6831
    3552       1.7185
    3553       1.7381
    3554       1.7937
    3555       1.8821
    3556       1.9431
    3557       2.0263
    3558       1.9588
    3559       1.9023
    3560       1.9239
    3561       1.9024
    3562       1.9672
    3563       2.0299
    3564       2.0143
    3565       2.1534
    3566       2.1625
    3567       1.9290
    3568       1.9575
    3569       1.9542
    3570       2.0001
    3571       2.0331
    3572       2.0978
    3573       2.0946
    3574       2.1177
    3575       2.0555
    3576       1.7581
    3577       1.8169
    3578       1.7668
    3579       1.7510
    3580       1.6167
    3581       1.7112
    3582       1.7581
    3583       1.6841
    3584       1.6869
    3585       1.7968
    3586       1.8082
    3587       1.9212
    3588       1.9500
    3589       1.9632
    3590       2.0579
    3591       1.9308
    3592       1.9864
    3593       1.8647
    3594       2.0584
    3595       1.9269
    3596       1.9956
    3597       2.1521
    3598       2.0549
    3599       1.9103
    3600       1.9684
    3601       1.9515
    3602       1.8790
    3603       1.9114
    3604       1.6148
    3605       1.7883
    3606       1.8860
    3607       1.9001
    3608       1.8276
    3609       1.8622
    3610       1.8818
    3611       1.9269
    3612       1.8785
    3613       2.0609
    3614       2.0551
    3615       1.9971
    3616       1.8574
    3617       1.8111
    3618       2.0095
    3619       2.2349
    3620       2.0823
    3621       1.9577
    3622       2.0201
    3623       1.9578
    3624       1.8581
    3625       1.8527
    3626       1.6999
    3627       1.7240
    3628       1.6429
    3629       1.6838
    3630       1.7507
    3631       1.7025
    3632       1.6466
    3633       1.6461
    3634       1.7147
    3635       1.6492
    3636       1.6914
    3637       1.8369
    3638       1.8408
    3639       1.9232
    3640       1.9138
    3641       1.9826
    3642       1.6727
    3643       1.6924
    3644       1.5562
    3645       1.7440
    3646       1.8116
    3647       1.7537
    3648       1.7117
    3649       1.6995
    3650       1.8533
    3651       1.7888
    3652       1.8176
    3653       1.8890
    3654       1.8501
    3655       1.8011
    3656       1.7279
    3657       1.7748
    3658       1.8965
    3659       1.9454
    3660       1.7049
    3661       1.8312
    3662       2.0225
    3663       2.0307
    3664       1.9620
    3665       1.7510
    3666       1.5978
    3667       1.6172
    3668       1.5924
    3669       1.6976
    3670       1.7590
    3671       1.5836
    3672       1.5409
    3673       1.6606
    3674       1.5116
    3675       1.5070
    3676       1.5188
    3677       1.5953
    3678       1.5655
    3679       1.6873
    3680       1.6039
    3681       1.6587
    3682       1.7487
    3683       1.7954
    3684       1.9758
    3685       2.1102
    3686       1.9189
    3687       2.0077
    3688       1.9730
    3689       1.7782
    3690       1.7190
    3691       1.6220
    3692       1.6603
    3693       1.6221
    3694       1.7572
    3695       1.5747
    3696       1.5245
    3697       1.6551
    3698       1.5235
    3699       1.6780
    3700       1.6299
    3701       1.6884
    3702       1.6105
    3703       1.8044
    3704       1.8609
    3705       1.9667
    3706       1.8762
    3707       1.7518
    3708       1.6675
    3709       1.7149
    3710       1.6614
    3711       1.7116
    3712       1.8508
    3713       1.8038
    3714       1.8629
    3715       1.8575
    3716       1.9568
    3717       1.9174
    3718       1.8174
    3719       1.7457
    3720       1.8149
    3721       1.8340
    3722       1.8189
    3723       1.9400
    3724       1.8631
    3725       1.9901
    3726       2.0540
    3727       2.1513
    3728       1.9674
    3729       2.0403
    3730       2.0477
    3731       2.2807
    3732       2.1564
    3733       2.2441
    3734       2.2128
    3735       2.2451
    3736       2.1747
    3737       2.1497
    3738       2.3536
    3739       2.4833
    3740       2.4231
    3741       2.3060
    3742       2.2052
    3743       2.1612
    3744       2.0136
    3745       2.1344
    3746       2.0187
    3747       1.9923
    3748       2.0155
    3749       1.9448
    3750       2.1249
    3751       2.1408
    3752       2.0116
    3753       1.9973
    3754       1.9572
    3755       1.8015
    3756       1.7669
    3757       1.8484
    3758       2.0273
    3759       1.9216
    3760       1.7412
    3761       1.7743
    3762       1.6880
    3763       1.7009
    3764       1.6855
    3765       1.7631
    3766       1.6196
    3767       1.6258
    3768       1.6775
    3769       1.8401
    3770       1.9427
    3771       1.9560
    3772       1.9575
    3773       1.8682
    3774       1.9104
    3775       1.7813
    3776       1.6651
    3777       1.6538
    3778       1.6375
    3779       1.6790
    3780       1.7282
    3781       1.8473
    3782       1.6571
    3783       1.6722
    3784       1.7854
    3785       1.9219
    3786       1.9250
    3787       1.7984
    3788       1.7615
    3789       1.7801
    3790       1.8418
    3791       1.8805
    3792       1.8133
    3793       1.8006
    3794       1.8345
    3795       1.9378
    3796       1.9007
    3797       1.7565
    3798       1.8044
    3799       1.8260
    3800       1.7730
    3801       1.7286
    3802       1.8227
    3803       1.7626
    3804       1.7817
    3805       1.7820
    3806       1.7511
    3807       1.7640
    3808       1.6916
    3809       1.6586
    3810       1.6160
    3811       1.6414
    3812       1.6704
    3813       1.8034
    3814       1.7998
    3815       1.7322
    3816       1.7880
    3817       1.8597
    3818       1.8134
    3819       1.8434
    3820       1.8396
    3821       1.6755
    3822       1.7182
    3823       1.6907
    3824       1.8460
    3825       1.8644
    3826       1.9223
    3827       1.9391
    3828       1.8978
    3829       1.8976
    3830       1.8378
    3831       1.7928
    3832       1.9600
    3833       1.9378
    3834       1.8518
    3835       1.8423
    3836       1.8125
    3837       1.8781
    3838       1.8226
    3839       1.9687
    3840       1.8273
    3841       1.6522
    3842       1.6398
    3843       1.6973
    3844       1.7552
    3845       1.8177
    3846       1.8563
    3847       1.7970
    3848       1.7726
    3849       1.8187
    3850       1.8168
    3851       1.6971
    3852       1.6969
    3853       1.6539
    3854       1.7464
    3855       1.8008
    3856       1.7045
    3857       1.6694
    3858       1.7182
    3859       1.5851
    3860       1.6006
    3861       1.6590
    3862       1.7855
    3863       1.8199
    3864       1.8230
    3865       1.8160
    3866       1.9646
    3867       1.7862
    3868       1.8347
    3869       1.8733
    3870       1.8794
    3871       1.7162
    3872       1.8530
    3873       2.0181
    3874       1.8501
    3875       1.8170
    3876       1.7749
    3877       1.6705
    3878       2.1042
    3879       1.9621
    3880       1.9727
    3881       1.9164
    3882       1.9797
    3883       1.9765
    3884       1.8326
    3885       1.8947
    3886       1.9307
    3887       1.9959
    3888       2.1214
    3889       1.8623
    3890       2.0319
    3891       1.9730
    3892       1.9089
    3893       1.9012
    3894       1.7955
    3895       1.8202
    3896       1.8152
    3897       1.6992
    3898       1.8308
    3899       1.9332
    3900       1.9225
    3901       1.8906
    3902       1.8149
    3903       1.8239
    3904       1.7929
    3905       1.8543
    3906       1.7796
    3907       1.6466
    3908       1.6712
    3909       1.5836
    3910       1.4862
    3911       1.4816
    3912       1.5282
    3913       1.5416
    3914       1.5203
    3915       1.5097
    3916       1.5383
    3917       1.5621
    3918       1.5178
    3919       1.5149
    3920       1.5062
    3921       1.5176
    3922       1.5491
    3923       1.7062
    3924       1.6612
    3925       1.5747
    3926       1.5718
    3927       1.7606
    3928       1.7594
    3929       1.9976
    3930       1.8254
    3931       1.9936
    3932       1.7411
    3933       1.7156
    3934       1.7516
    3935       1.7796
    3936       1.7017
    3937       1.6689
    3938       1.5729
    3939       1.6839
    3940       1.6559
    3941       1.5762
    3942       1.5177
    3943       1.5230
    3944       1.5099
    3945       1.5037
    3946       1.4971
    3947       1.5636
    3948       1.5360
    3949       1.5522
    3950       1.4425
    3951       1.6311
    3952       1.6112
    3953       1.6651
    3954       1.7547
    3955       1.5823
    3956       1.6085
    3957       1.6384
    3958       1.6938
    3959       1.7419
    3960       1.6244
    3961       1.5978
    3962       1.5236
    3963       1.6327
    3964       1.5711
    3965       1.6350
    3966       1.4892
    3967       1.5036
    3968       1.4931
    3969       1.5539
    3970       1.6253
    3971       1.5885
    3972       1.4539
    3973       1.5665
    3974       1.5993
    3975       1.8131
    3976       1.7277
    3977       1.7366
    3978       1.7784
    3979       1.7061
    3980       1.7821
    3981       1.8231
    3982       1.6876
    3983       1.8872
    3984       1.8479
    3985       1.9522
    3986       1.9553
    3987       1.9188
    3988       1.8718
    3989       1.8404
    3990       1.7405
    3991       1.7551
    3992       1.6533
    3993       1.6313
    3994       1.5867
    3995       1.4968
    3996       1.5654
    3997       1.6812
    3998       1.7090
    3999       1.8557
    4000       1.8184
    4001       1.7679
    4002       1.6760
    4003       1.6936
    4004       1.7826
    4005       1.8922
    4006       1.9087
    4007       1.9356
    4008       1.9290
    4009       1.8621
    4010       1.7875
    4011       1.7428
    4012       1.8619
    4013       1.8749
    4014       1.8593
    4015       1.9479
    4016       1.8563
    4017       1.7111
    4018       1.7238
    4019       1.6360
    4020       1.6373
    4021       1.8036
    4022       1.8129
    4023       1.9169
    4024       1.9240
    4025       1.9396
    4026       1.8405
    4027       1.8134
    4028       1.8734
    4029       1.9738
    4030       2.0460
    4031       2.0312
    4032       1.9715
    4033       2.0554
    4034       2.0572
    4035       1.8035
    4036       1.7485
    4037       1.6728
    4038       1.7215
    4039       1.8592
    4040       1.8264
    4041       1.8194
    4042       1.9091
    4043       1.8468
    4044       2.0153
    4045       2.0322
    4046       2.0127
    4047       1.8807
    4048       1.7745
    4049       1.7856
    4050       1.7086
    4051       1.6446
    4052       1.6986
    4053       1.7035
    4054       1.6447
    4055       1.5726
    4056       1.7875
    4057       1.8755
    4058       1.8201
    4059       1.9210
    4060       1.7958
    4061       1.7536
    4062       1.8067
    4063       1.8443
    4064       1.8428
    4065       1.8674
    4066       1.6202
    4067       1.7899
    4068       1.8112
    4069       1.7730
    4070       1.6767
    4071       1.7061
    4072       1.8167
    4073       1.7238
    4074       1.9082
    4075       2.1052
    4076       2.0136
    4077       1.9837
    4078       1.9546
    4079       1.9940
    4080       1.9586
    4081       1.9365
    4082       1.9583
    4083       1.9628
    4084       1.9325
    4085       1.7393
    4086       1.7733
    4087       1.7200
    4088       1.6654
    4089       1.6629
    4090       1.5460
    4091       1.5603
    4092       1.6338
    4093       1.6674
    4094       1.5883
    4095       1.6940
    4096       1.8616
    4097       1.7805
    4098       1.7686
    4099       1.7034
    4100       1.7152
    4101       1.6311
    4102       1.5896
    4103       1.5626
    4104       1.5475
    4105       1.5406
    4106       1.5960
    4107       1.7910
    4108       1.8132
    4109       1.8587
    4110       1.7950
    4111       1.8580
    4112       1.9201
    4113       1.6744
    4114       1.7508
    4115       1.7979
    4116       1.8704
    4117       1.8711
    4118       1.9975
    4119       2.0629
    4120       2.0752
    4121       1.8788
    4122       1.9417
    4123       1.8343
    4124       1.9945
    4125       2.0362
    4126       2.0630
    4127       2.1351
    4128       2.0424
    4129       1.9859
    4130       1.9924
    4131       1.9735
    4132       1.8516
    4133       1.8796
    4134       1.7579
    4135       1.7179
    4136       1.7252
    4137       1.7349
    4138       1.7535
    4139       1.8043
    4140       1.7530
    4141       1.7235
    4142       1.5845
    4143       1.6666
    4144       1.6351
    4145       1.5171
    4146       1.6086
    4147       1.7997
    4148       1.6512
    4149       1.7159
    4150       1.5526
    4151       1.6402
    4152       1.5592
    4153       1.5617
    4154       1.4504
    4155       1.4769
    4156       1.4581
    4157       1.3947
    4158       1.4987
    4159       1.5933
    4160       1.5421
    4161       1.6235
    4162       1.6413
    4163       1.7043
    4164       1.6201
    4165       1.6938
    4166       1.7721
    4167       1.7942
    4168       1.7272
    4169       1.6677
    4170       1.7227
    4171       1.5244
    4172       1.6196
    4173       1.6266
    4174       1.5533
    4175       1.5896
    4176       1.5660
    4177       1.7157
    4178       1.6750
    4179       1.5149
    4180       1.4296
    4181       1.4777
    4182       1.4445
    4183       1.5613
    4184       1.5707
    4185       1.5307
    4186       1.4522
    4187       1.5770
    4188       1.6988
    4189       1.5807
    4190       1.5088
    4191       1.4860
    4192       1.4850
    4193       1.4965
    4194       1.5054
    4195       1.5284
    4196       1.3902
    4197       1.3811
    4198       1.5655
    4199       1.5976
    4200       1.5971
    4201       1.5494
    4202       1.5682
    4203       1.5563
    4204       1.5574
    4205       1.5275
    4206       1.4290
    4207       1.6664
    4208       1.5487
    4209       1.4713
    4210       1.5249
    4211       1.5607
    4212       1.6595
    4213       1.6192
    4214       1.6581
    4215       1.6214
    4216       1.7068
    4217       1.7380
    4218       1.7047
    4219       1.6628
    4220       1.6388
    4221       1.8564
    4222       1.8322
    4223       1.8349
    4224       1.9893
    4225       1.8508
    4226       1.8033
    4227       1.7801
    4228       1.8047
    4229       1.9782
    4230       1.9804
    4231       1.8877
    4232       1.8004
    4233       1.6900
    4234       1.5869
    4235       1.6218
    4236       1.7558
    4237       1.7509
    4238       1.8045
    4239       1.8202
    4240       1.7310
    4241       1.7572
    4242       1.8698
    4243       1.8540
    4244       1.7947
    4245       1.7535
    4246       1.6716
    4247       1.6785
    4248       1.6065
    4249       1.6822
    4250       1.7099
    4251       1.4304
    4252       1.4256
    4253       1.4241
    4254       1.3872
    4255       1.3983
    4256       1.4924
    4257       1.3616
    4258       1.4254
    4259       1.3208
    4260       1.4806
    4261       1.4793
    4262       1.4102
    4263       1.4998
    4264       1.5446
    4265       1.4947
    4266       1.4899
    4267       1.4844
    4268       1.4405
    4269       1.5005
    4270       1.4968
    4271       1.5720
    4272       1.4947
    4273       1.5652
    4274       1.4835
    4275       1.4723
    4276       1.4428
    4277       1.4668
    4278       1.5510
    4279       1.5720
    4280       1.4393
    4281       1.4316
    4282       1.4121
    4283       1.3669
    4284       1.3428
    4285       1.3370
    4286       1.3750
    4287       1.4315
    4288       1.4195
    4289       1.3172
    4290       1.3697
    4291       1.3388
    4292       1.4510
    4293       1.4710
    4294       1.4597
    4295       1.4869
    4296       1.5490
    4297       1.5287
    4298       1.6582
    4299       1.6463
    4300       1.5545
    4301       1.5147
    4302       1.4412
    4303       1.4129
    4304       1.4196
    4305       1.3756
    4306       1.2951
    4307       1.4765
    4308       1.4310
    4309       1.5077
    4310       1.6564
    4311       1.7268
    4312       1.6251
    4313       1.6053
    4314       1.7310
    4315       1.5872
    4316       1.5921
    4317       1.6483
    4318       1.7049
    4319       1.7524
    4320       1.6218
    4321       1.6347
    4322       1.7081
    4323       1.6912
    4324       1.7700
    4325       1.8050
    4326       1.6943
    4327       1.5676
    4328       1.4800
    4329       1.4802
    4330       1.5433
    4331       1.5368
    4332       1.5775
    4333       1.6057
    4334       1.5779
    4335       1.6608
    4336       1.6915
    4337       1.6864
    4338       1.6705
    4339       1.7452
    4340       1.6789
    4341       1.7691
    4342       1.7832
    4343       1.7397
    4344       1.7082
    4345       1.6860
    4346       1.6670
    4347       1.7339
    4348       1.6880
    4349       1.7507
    4350       1.7496
    4351       1.6271
    4352       1.6371
    4353       1.7567
    4354       1.7795
    4355       1.7552
    4356       1.7860
    4357       1.7994
    4358       1.7862
    4359       1.7962
    4360       1.8525
    4361       1.6913
    4362       1.6083
    4363       1.6598
    4364       1.7977
    4365       1.7370
    4366       1.8218
    4367       1.6135
    4368       1.7083
    4369       1.6501
    4370       1.6361
    4371       1.6739
    4372       1.6351
    4373       1.5844
    4374       1.7161
    4375       1.6715
    4376       1.6633
    4377       1.6038
    4378       1.6085
    4379       1.6173
    4380       1.5659
    4381       1.6208
    4382       1.6069
    4383       1.4678
    4384       1.6161
    4385       1.5519
    4386       1.6222
    4387       1.5538
    4388       1.5476
    4389       1.5708
    4390       1.6332
    4391       1.5228
    4392       1.5878
    4393       1.4996
    4394       1.5265
    4395       1.4991
    4396       1.3534
    4397       1.4698
    4398       1.4775
    4399       1.5191
    4400       1.6029
    4401       1.6403
    4402       1.5158
    4403       1.5518
    4404       1.6184
    4405       1.6637
    4406       1.7178
    4407       1.6301
    4408       1.6283
    4409       1.7418
    4410       1.6057
    4411       1.4836
    4412       1.5508
    4413       1.5470
    4414       1.4594
    4415       1.5135
    4416       1.5359
    4417       1.5055
    4418       1.6219
    4419       1.5317
    4420       1.4833
    4421       1.4880
    4422       1.5232
    4423       1.5349
    4424       1.4694
    4425       1.4659
    4426       1.5954
    4427       1.4122
    4428       1.5351
    4429       1.4591
    4430       1.5447
    4431       1.4926
    4432       1.4226
    4433       1.4386
    4434       1.4873
    4435       1.5274
    4436       1.4729
    4437       1.5366
    4438       1.6247
    4439       1.5228
    4440       1.5652
    4441       1.5261
    4442       1.5055
    4443       1.5698
    4444       1.6279
    4445       1.5194
    4446       1.5705
    4447       1.6248
    4448       1.7842
    4449       1.9614
    4450       1.8548
    4451       1.9343
    4452       1.8063
    4453       1.7457
    4454       1.7634
    4455       1.8053
    4456       1.7657
    4457       1.8157
    4458       1.8038
    4459       1.8228
    4460       1.7911
    4461       1.8891
    4462       1.9125
    4463       1.8554
    4464       1.8349
    4465       1.8470
    4466       1.8035
    4467       1.8246
    4468       1.8473
    4469       1.7616
    4470       1.8690
    4471       1.8030
    4472       1.6926
    4473       1.6501
    4474       1.6216
    4475       1.5567
    4476       1.6452
    4477       1.6901
    4478       1.7270
    4479       1.6646
    4480       1.6253
    4481       1.6509
    4482       1.6251
    4483       1.6578
    4484       1.6508
    4485       1.7615
    4486       1.7855
    4487       1.6476
    4488       1.6572
    4489       1.6002
    4490       1.4706
    4491       1.5430
    4492       1.5083
    4493       1.5566
    4494       1.5343
    4495       1.6048
    4496       1.5606
    4497       1.5641
    4498       1.5717
    4499       1.5799
    4500       1.6649
    4501       1.6777
    4502       1.6051
    4503       1.7644
    4504       1.8048
    4505       1.8232
    4506       1.7476
    4507       1.6910
    4508       1.5851
    4509       1.5393
    4510       1.5119
    4511       1.4983
    4512       1.4887
    4513       1.5017
    4514       1.6129
    4515       1.5778
    4516       1.6228
    4517       1.6073
    4518       1.7065
    4519       1.7038
    4520       1.5344
    4521       1.6092
    4522       1.7750
    4523       1.7352
    4524       1.7422
    4525       1.9519
    4526       1.8089
    4527       1.7936
    4528       1.8296
    4529       1.9260
    4530       1.7681
    4531       1.7413
    4532       1.7875
    4533       1.8172
    4534       1.7844
    4535       1.7639
    4536       1.8015
    4537       1.8094
    4538       1.9377
    4539       2.0910
    4540       1.9749
    4541       2.0595
    4542       2.1582
    4543       2.0952
    4544       1.9775
    4545       1.9081
    4546       1.7277
    4547       1.8983
    4548       1.9806
    4549       1.9345
    4550       1.9375
    4551       1.8493
    4552       1.9581
    4553       1.8891
    4554       1.7542
    4555       1.6718
    4556       1.7435
    4557       1.6842
    4558       1.8166
    4559       1.8611
    4560       1.8023
    4561       1.7649
    4562       1.7211
    4563       1.6755
    4564       1.6213
    4565       1.6382
    4566       1.7584
    4567       1.6426
    4568       1.5301
    4569       1.5513
    4570       1.6773
    4571       1.6568
    4572       1.6228
    4573       1.5799
    4574       1.5908
    4575       1.5443
    4576       1.7000
    4577       1.8560
    4578       1.8267
    4579       1.7461
    4580       1.6679
    4581       1.7945
    4582       1.7085
    4583       1.9450
    4584       1.8859
    4585       1.8915
    4586       2.0154
    4587       1.9192
    4588       1.9898
    4589       1.9732
    4590       2.0641
    4591       2.2030
    4592       2.1584
    4593       2.1559
    4594       2.0305
    4595       1.9567
    4596       1.8019
    4597       1.9042
    4598       1.9359
    4599       1.7988
    4600       1.9338
    4601       1.9993
    4602       2.1148
    4603       2.0526
    4604       2.0245
    4605       2.0250
    4606       1.9654
    4607       1.8856
    4608       1.8432
    4609       1.7898
    4610       1.7891
    4611       1.8435
    4612       1.8645
    4613       1.9396
    4614       1.9531
    4615       2.0268
    4616       1.7584
    4617       1.7244
    4618       1.7564
    4619       1.7626
    4620       1.8286
    4621       1.8885
    4622       1.9128
    4623       1.9205
    4624       1.9080
    4625       1.9190
    4626       1.9681
    4627       1.7760
    4628       1.7219
    4629       1.7079
    4630       1.6728
    4631       1.7391
    4632       1.8230
    4633       1.6556
    4634       1.6712
    4635       1.6775
    4636       1.6556
    4637       1.7964
    4638       1.8358
    4639       1.7779
    4640       1.7871
    4641       1.7222
    4642       1.7345
    4643       1.7841
    4644       1.7453
    4645       1.8163
    4646       1.8038
    4647       1.7726
    4648       1.8075
    4649       1.7162
    4650       1.7097
    4651       1.6523
    4652       1.7609
    4653       1.7130
    4654       1.6687
    4655       1.7279
    4656       1.7228
    4657       1.6467
    4658       1.7684
    4659       1.6554
    4660       1.7686
    4661       1.8019
    4662       1.8349
    4663       1.8520
    4664       1.8187
    4665       1.7913
    4666       1.6642
    4667       1.6650
    4668       1.6863
    4669       1.6601
    4670       1.6445
    4671       1.7173
    4672       1.6540
    4673       1.7079
    4674       1.7977
    4675       1.7675
    4676       1.6816
    4677       1.8229
    4678       1.8718
    4679       1.8602
    4680       1.8316
    4681       1.7095
    4682       1.8355
    4683       1.8890
    4684       2.1308
    4685       1.8806
    4686       1.7833
    4687       1.7507
    4688       1.9102
    4689       1.8745
    4690       1.9560
    4691       1.9684
    4692       1.9991
    4693       1.9477
    4694       1.9908
    4695       1.8335
    4696       1.8515
    4697       1.9744
    4698       2.0699
    4699       1.8542
    4700       2.0132
    4701       1.9044
    4702       2.0209
    4703       1.8647
    4704       2.1005
    4705       2.1708
    4706       2.2395
    4707       2.0696
    4708       1.9039
    4709       1.8451
    4710       1.9756
    4711       1.9442
    4712       1.9518
    4713       1.9232
    4714       2.0780
    4715       1.9360
    4716       1.8918
    4717       1.7502
    4718       1.7470
    4719       1.7918
    4720       1.7825
    4721       1.7458
    4722       1.9246
    4723       2.0448
    4724       2.0620
    4725       1.9380
    4726       1.8424
    4727       1.8287
    4728       1.8440
    4729       1.9220
    4730       1.9612
    4731       1.8975
    4732       1.8300
    4733       1.9062
    4734       2.0298
    4735       2.0392
    4736       2.2112
    4737       2.1755
    4738       2.1732
    4739       2.2618
    4740       2.2841
    4741       2.2405
    4742       2.2561
    4743       2.1641
    4744       1.9181
    4745       1.8193
    4746       1.7651
    4747       1.8487
    4748       1.8918
    4749       1.9508
    4750       2.0276
    4751       2.0093
    4752       1.9264
    4753       1.9085
    4754       1.9897
    4755       2.0164
    4756       1.9265
    4757       2.0274
    4758       1.9913
    4759       2.0601
    4760       1.9882
    4761       2.0081
    4762       1.8307
    4763       1.8907
    4764       2.1378
    4765       2.1782
    4766       2.2168
    4767       2.2297
    4768       2.2450
    4769       2.2532
    4770       2.3469
    4771       2.3900
    4772       2.1299
    4773       1.9339
    4774       2.0508
    4775       1.8842
    4776       1.8831
    4777       1.8109
    4778       1.7916
    4779       1.8389
    4780       1.9700
    4781       2.0071
    4782       2.0264
    4783       2.0164
    4784       1.8846
    4785       1.6571
    4786       1.6982
    4787       1.5934
    4788       1.8079
    4789       1.6815
    4790       1.8179
    4791       1.7631
    4792       1.7684
    4793       1.6337
    4794       1.6718
    4795       1.6893
    4796       1.7726
    4797       1.6663
    4798       1.6197
    4799       1.6530
    4800       1.6604
    4801       1.7674
    4802       1.7549
    4803       1.8345
    4804       1.8799
    4805       1.9838
    4806       2.0364
    4807       2.0064
    4808       2.0314
    4809       1.7698
    4810       1.7935
    4811       1.6815
    4812       1.6207
    4813       1.7350
    4814       1.7100
    4815       1.6618
    4816       1.8459
    4817       1.8480
    4818       1.8585
    4819       1.6958
    4820       1.6798
    4821       1.7276
    4822       1.5851
    4823       1.5713
    4824       1.4627
    4825       1.5146
    4826       1.4802
    4827       1.4887
    4828       1.4754
    4829       1.4231
    4830       1.5962
    4831       1.6992
    4832       1.7342
    4833       1.6543
    4834       1.6827
    4835       1.6179
    4836       1.6886
    4837       1.7028
    4838       1.6777
    4839       1.7817
    4840       1.8082
    4841       1.7222
    4842       1.7581
    4843       1.7497
    4844       1.9331
    4845       1.8682
    4846       1.8631
    4847       2.0368
    4848       2.1205
    4849       2.1270
    4850       2.1131
    4851       1.8960
    4852       1.9423
    4853       2.0604
    4854       2.1056
    4855       2.1055
    4856       2.1183
    4857       2.0239
    4858       2.1124
    4859       2.0704
    4860       2.2787
    4861       2.0624
    4862       2.1503
    4863       2.2019
    4864       2.1917
    4865       1.8885
    4866       1.9604
    4867       2.0499
    4868       2.0212
    4869       2.0865
    4870       2.2903
    4871       2.2004
    4872       2.3901
    4873       2.3137
    4874       2.2267
    4875       2.1729
    4876       2.3195
    4877       2.3626
    4878       2.4756
    4879       2.5515
    4880       2.5545
    4881       2.2767
    4882       2.4777
    4883       2.6272
    4884       2.4922
    4885       2.4125
    4886       2.2905
    4887       2.3060
    4888       2.2978
    4889       2.3312
    4890       2.2389
    4891       2.2203
    4892       2.1923
    4893       2.1811
    4894       2.0610
    4895       2.0337
    4896       2.1427
    4897       2.2865
    4898       2.1802
    4899       2.3333
    4900       2.2742
    4901       2.2539
    4902       2.3411
    4903       2.2097
    4904       2.0160
    4905       2.0906
    4906       1.9550
    4907       2.0019
    4908       1.7976
    4909       1.7771
    4910       1.8369
    4911       1.9269
    4912       2.1429
    4913       2.0530
    4914       1.9958
    4915       2.0062
    4916       1.9343
    4917       1.9748
    4918       1.8586
    4919       1.9872
    4920       1.9581
    4921       1.9545
    4922       1.9727
    4923       2.0440
    4924       1.9697
    4925       1.8295
    4926       1.6848
    4927       1.8135
    4928       1.8283
    4929       1.7905
    4930       1.8769
    4931       1.9277
    4932       1.9538
    4933       2.2361
    4934       1.8648
    4935       1.8757
    4936       1.7568
    4937       1.8649
    4938       1.8336
    4939       1.7276
    4940       1.6888
    4941       1.6433
    4942       1.8876
    4943       1.6680
    4944       1.6917
    4945       1.6778
    4946       1.6413
    4947       1.7132
    4948       1.6425
    4949       1.6109
    4950       1.6547
    4951       1.5736
    4952       1.7338
    4953       1.8709
    4954       1.8366
    4955       1.8093
    4956       1.9018
    4957       1.9429
    4958       1.8460
    4959       1.8033
    4960       1.7674
    4961       1.8406
    4962       1.8040
    4963       1.8519
    4964       1.7336
    4965       1.6893
    4966       1.6656
    4967       1.5802
    4968       1.6596
    4969       1.7335
    4970       1.6118
    4971       1.6981
    4972       1.6665
    4973       1.5487
    4974       1.4869
    4975       1.3116
    4976       1.5125
    4977       1.4965
    4978       1.5827
    4979       1.7338
    4980       1.7338
    4981       1.8679
    4982       1.7870
    4983       1.8549
    4984       1.7120
    4985       1.6948
    4986       1.7078
    4987       1.8336
    4988       1.9030
    4989       1.7872
    4990       1.8158
    4991       1.6945
    4992       1.6012
    4993       1.8670
    4994       1.8883
    4995       1.7061
    4996       1.6197
    4997       1.5445
    4998       1.5353
    4999       1.5353
    5000       1.6412
    5001       1.5347
    5002       1.6773
    5003       1.6210
    5004       1.6659
    5005       1.7615
    5006       1.8269
    5007       1.8867
    5008       1.8832
    5009       1.8366
    5010       1.8629
    5011       1.8988
    5012       1.8708
    5013       1.8640
    5014       1.8120
    5015       1.7255
    5016       1.7115
    5017       1.7018
    5018       1.6988
    5019       1.6686
    5020       1.6224
    5021       1.7210
    5022       1.7367
    5023       1.7421
    5024       1.7529
    5025       1.7569
    5026       1.7085
    5027       1.7042
    5028       1.6898
    5029       1.6703
    5030       1.6308
    5031       1.6510
    5032       1.6264
    5033       1.5571
    5034       1.5564
    5035       1.5363
    5036       1.5179
    5037       1.5969
    5038       1.8619
    5039       1.6233
    5040       1.7659
    5041       1.6673
    5042       1.6483
    5043       1.5139
    5044       1.5995
    5045       1.6962
    5046       1.7671
    5047       1.8596
    5048       1.9280
    5049       1.9002
    5050       1.8414
    5051       1.7618
    5052       1.7053
    5053       1.7913
    5054       1.9475
    5055       1.7157
    5056       1.7935
    5057       1.6473
    5058       1.6857
    5059       1.6261
    5060       1.7783
    5061       1.8114
    5062       1.6921
    5063       1.7624
    5064       1.7582
    5065       1.7335
    5066       1.7298
    5067       1.6412
    5068       1.7314
    5069       1.7027
    5070       1.6870
    5071       1.8583
    5072       1.8613
    5073       1.7171
    5074       1.8884
    5075       1.8460
    5076       1.7873
    5077       1.7261
    5078       1.6181
    5079       1.5911
    5080       1.7281
    5081       1.4551
    5082       1.5065
    5083       1.4793
    5084       1.6167
    5085       1.5489
    5086       1.6182
    5087       1.5854
    5088       1.5571
    5089       1.5292
    5090       1.5122
    5091       1.6024
    5092       1.5507
    5093       1.5902
    5094       1.6435
    5095       1.7255
    5096       1.7028
    5097       1.6081
    5098       1.7413
    5099       1.7830
    5100       1.8830
    5101       1.8265
    5102       1.7671
    5103       1.8709
    5104       1.8340
    5105       1.9191
    5106       1.8645
    5107       1.7952
    5108       1.7940
    5109       1.8281
    5110       1.8818
    5111       1.8467
    5112       1.8959
    5113       1.8837
    5114       1.9619
    5115       1.8904
    5116       1.7886
    5117       1.8409
    5118       1.7474
    5119       1.7332
    5120       1.7039
    5121       1.8368
    5122       1.6592
    5123       1.8562
    5124       1.7411
    5125       1.8274
    5126       1.8375
    5127       1.6851
    5128       1.7965
    5129       1.9129
    5130       1.9848
    5131       2.1593
    5132       2.0781
    5133       2.2040
    5134       2.0636
    5135       2.0012
    5136       1.8974
    5137       1.8702
    5138       1.9156
    5139       1.9391
    5140       2.1207
    5141       2.0752
    5142       1.7985
    5143       1.9423
    5144       2.1147
    5145       2.0092
    5146       2.0063
    5147       2.0758
    5148       1.9194
    5149       1.9199
    5150       1.8757
    5151       1.8073
    5152       1.8626
    5153       1.9182
    5154       1.9483
    5155       1.9072
    5156       1.8867
    5157       1.9352
    5158       2.0120
    5159       2.0443
    5160       2.0238
    5161       1.9814
    5162       2.0958
    5163       1.9800
    5164       1.9837
    5165       2.0258
    5166       1.9445
    5167       2.1055
    5168       1.9893
    5169       1.9506
    5170       1.9098
    5171       2.0067
    5172       2.1773
    5173       2.1963
    5174       1.9785
    5175       1.9708
    5176       1.8723
    5177       1.8795
    5178       1.9107
    5179       1.8397
    5180       1.8877
    5181       1.8511
    5182       1.7759
    5183       1.8913
    5184       1.8173
    5185       1.8416
    5186       1.9055
    5187       1.7658
    5188       1.6769
    5189       1.7395
    5190       1.8491
    5191       1.7870
    5192       1.6281
    5193       1.8365
    5194       1.7216
    5195       1.8063
    5196       1.8487
    5197       1.9746
    5198       1.9064
    5199       1.8702
    5200       1.7825
    5201       1.6841
    5202       1.5937
    5203       1.5894
    5204       1.6842
    5205       1.7303
    5206       1.8701
    5207       1.7884
    5208       1.8606
    5209       1.7364
    5210       1.6995
    5211       1.6952
    5212       1.5749
    5213       1.6113
    5214       1.5562
    5215       1.5767
    5216       1.6740
    5217       1.6839
    5218       1.7355
    5219       1.7508
    5220       1.6652
    5221       1.7017
    5222       1.6914
    5223       1.8381
    5224       1.8634
    5225       1.7623
    5226       1.8105
    5227       1.6957
    5228       1.9372
    5229       1.8014
    5230       1.7039
    5231       1.6571
    5232       1.8438
    5233       1.8990
    5234       1.7987
    5235       1.6462
    5236       1.7491
    5237       1.8822
    5238       1.8358
    5239       1.8368
    5240       1.9888
    5241       1.8323
    5242       1.8936
    5243       1.8852
    5244       1.9223
    5245       1.8790
    5246       1.8046
    5247       1.8226
    5248       1.7536
    5249       1.8199
    5250       1.8176
    5251       1.6820
    5252       1.7118
    5253       1.8152
    5254       1.6897
    5255       1.7441
    5256       1.8132
    5257       1.7279
    5258       1.7183
    5259       1.6478
    5260       1.7050
    5261       1.6403
    5262       1.7033
    5263       1.6270
    5264       1.5976
    5265       1.6294
    5266       1.6039
    5267       1.5948
    5268       1.5723
    5269       1.5746
    5270       1.6421
    5271       1.6779
    5272       1.6618
    5273       1.6204
    5274       1.7784
    5275       1.7959
    5276       1.7744
    5277       1.7351
    5278       1.6203
    5279       1.6923
    5280       1.6599
    5281       1.6219
    5282       1.6875
    5283       1.6381
    5284       1.5302
    5285       1.5830
    5286       1.5178
    5287       1.4928
    5288       1.5635
    5289       1.6146
    5290       1.5341
    5291       1.5395
    5292       1.5283
    5293       1.6663
    5294       1.6693
    5295       1.6176
    5296       1.6763
    5297       1.6497
    5298       1.6684
    5299       1.5949
    5300       1.6662
    5301       1.5586
    5302       1.6645
    5303       1.8425
    5304       1.8023
    5305       1.9191
    5306       1.8719
    5307       1.9657
    5308       1.9452
    5309       2.0058
    5310       1.9826
    5311       1.8285
    5312       1.9202
    5313       1.7805
    5314       1.6617
    5315       1.6664
    5316       1.6781
    5317       1.6805
    5318       1.6292
    5319       1.6125
    5320       1.6054
    5321       1.6101
    5322       1.6008
    5323       1.6042
    5324       1.5488
    5325       1.6714
    5326       1.8033
    5327       1.7454
    5328       1.7708
    5329       1.6420
    5330       1.6322
    5331       1.7462
    5332       1.7461
    5333       1.7511
    5334       1.6497
    5335       1.6554
    5336       1.7443
    5337       1.7402
    5338       1.6308
    5339       1.5578
    5340       1.6671
    5341       1.6805
    5342       1.6913
    5343       1.8526
    5344       1.9064
    5345       1.7547
    5346       1.6690
    5347       1.6297
    5348       1.6642
    5349       1.7270
    5350       1.7484
    5351       1.6652
    5352       1.6572
    5353       1.7047
    5354       1.7028
    5355       1.7098
    5356       1.6889
    5357       1.6420
    5358       1.6886
    5359       1.7232
    5360       1.7221
    5361       1.7172
    5362       1.7109
    5363       1.7244
    5364       1.6727
    5365       1.6564
    5366       1.6830
    5367       1.7344
    5368       1.7316
    5369       1.7238
    5370       1.7593
    5371       1.6992
    5372       1.7638
    5373       1.7635
    5374       1.8111
    5375       1.7871
    5376       1.7379
    5377       1.5347
    5378       1.5962
    5379       1.6698
    5380       1.6201
    5381       1.6464
    5382       1.6827
    5383       1.6605
    5384       1.7750
    5385       1.7132
    5386       1.7691
    5387       1.8412
    5388       1.8485
    5389       1.8859
    5390       1.9292
    5391       1.9024
    5392       1.9173
    5393       1.9231
    5394       1.9561
    5395       1.7460
    5396       1.6498
    5397       1.6601
    5398       1.8804
    5399       1.9597
    5400       1.8623
    5401       1.7861
    5402       1.8223
    5403       1.8769
    5404       1.8943
    5405       1.7969
    5406       1.8461
    5407       2.0140
    5408       2.1798
    5409       1.9862
    5410       1.9356
    5411       1.9777
    5412       1.7828
    5413       1.8151
    5414       1.8757
    5415       1.8301
    5416       1.8381
    5417       1.7081
    5418       1.7892
    5419       1.7322
    5420       1.7425
    5421       1.5132
    5422       1.6562
    5423       1.6503
    5424       1.7227
    5425       1.6470
    5426       1.6826
    5427       1.6700
    5428       1.6724
    5429       1.6137
    5430       1.6879
    5431       1.6184
    5432       1.7321
    5433       1.7984
    5434       1.6878
    5435       1.6673
    5436       1.5430
    5437       1.6054
    5438       1.6783
    5439       1.8197
    5440       1.9089
    5441       1.8381
    5442       1.7740
    5443       1.8577
    5444       1.7507
    5445       1.7766
    5446       1.7288
    5447       1.5580
    5448       1.6445
    5449       1.7198
    5450       1.7427
    5451       1.7885
    5452       1.9604
    5453       1.9981
    5454       2.0674
    5455       1.9882
    5456       1.9178
    5457       1.8110
    5458       1.8433
    5459       1.8195
    5460       1.8108
    5461       1.7468
    5462       1.7030
    5463       1.7654
    5464       1.8392
    5465       1.7530
    5466       1.7595
    5467       1.6420
    5468       1.6397
    5469       1.6573
    5470       1.7811
    5471       1.6573
    5472       1.7722
    5473       1.5807
    5474       1.5274
    5475       1.6372
    5476       1.7317
    5477       1.6696
    5478       1.7322
    5479       1.6920
    5480       1.7575
    5481       1.8528
    5482       1.8626
    5483       1.6807
    5484       1.8428
    5485       1.7905
    5486       1.7128
    5487       1.5898
    5488       1.6399
    5489       1.5088
    5490       1.5619
    5491       1.6248
    5492       1.6793
    5493       1.7057
    5494       1.7042
    5495       1.6635
    5496       1.6772
    5497       1.6067
    5498       1.6835
    5499       1.7381
    5500       1.6616
    5501       1.7324
    5502       1.5604
    5503       1.5453
    5504       1.5023
    5505       1.6451
    5506       1.5764
    5507       1.5332
    5508       1.5824
    5509       1.5850
    5510       1.6060
    5511       1.6402
    5512       1.5981
    5513       1.5081
    5514       1.4736
    5515       1.4442
    5516       1.4698
    5517       1.4869
    5518       1.4359
    5519       1.5102
    5520       1.5265
    5521       1.6497
    5522       1.5875
    5523       1.6926
    5524       1.9026
    5525       1.8024
    5526       1.7077
    5527       1.6804
    5528       1.7480
    5529       1.6658
    5530       1.6851
    5531       1.6271
    5532       1.6971
    5533       1.6593
    5534       1.6608
    5535       1.6199
    5536       1.6366
    5537       1.5697
    5538       1.6683
    5539       1.5963
    5540       1.6713
    5541       1.5798
    5542       1.5465
    5543       1.6110
    5544       1.7607
    5545       1.7372
    5546       1.7721
    5547       1.7281
    5548       1.8049
    5549       1.6721
    5550       1.5697
    5551       1.4626
    5552       1.5602
    5553       1.5473
    5554       1.6885
    5555       1.7496
    5556       1.7099
    5557       1.6504
    5558       1.5651
    5559       1.5193
    5560       1.6338
    5561       1.5360
    5562       1.5309
    5563       1.4994
    5564       1.5197
    5565       1.6137
    5566       1.5883
    5567       1.6413
    5568       1.6045
    5569       1.5519
    5570       1.3984
    5571       1.4219
    5572       1.3787
    5573       1.5025
    5574       1.4851
    5575       1.4751
    5576       1.4627
    5577       1.5029
    5578       1.4304
    5579       1.3928
    5580       1.5068
    5581       1.4679
    5582       1.3998
    5583       1.3256
    5584       1.3552
    5585       1.4311
    5586       1.4273
    5587       1.3586
    5588       1.4178
    5589       1.4321
    5590       1.5151
    5591       1.5041
    5592       1.5321
    5593       1.4084
    5594       1.3589
    5595       1.3425
    5596       1.3487
    5597       1.4661
    5598       1.3525
    5599       1.4832
    5600       1.3868
    5601       1.4052
    5602       1.4038
    5603       1.5397
    5604       1.4726
    5605       1.4523
    5606       1.4685
    5607       1.4586
    5608       1.4549
    5609       1.4452
    5610       1.4709
    5611       1.5268
    5612       1.4910
    5613       1.4430
    5614       1.4487
    5615       1.5388
    5616       1.5339
    5617       1.5904
    5618       1.5962
    5619       1.5344
    5620       1.5584
    5621       1.4639
    5622       1.5419
    5623       1.4076
    5624       1.4668
    5625       1.5282
    5626       1.5034
    5627       1.4707
    5628       1.4230
    5629       1.3620
    5630       1.3719
    5631       1.4813
    5632       1.3596
    5633       1.4434
    5634       1.3896
    5635       1.4874
    5636       1.5148
    5637       1.3559
    5638       1.4141
    5639       1.4421
    5640       1.5486
    5641       1.5829
    5642       1.6310
    5643       1.5928
    5644       1.5156
    5645       1.6141
    5646       1.5807
    5647       1.6671
    5648       1.5484
    5649       1.5724
    5650       1.5071
    5651       1.5166
    5652       1.4833
    5653       1.4829
    5654       1.5455
    5655       1.5227
    5656       1.4667
    5657       1.5697
    5658       1.6617
    5659       1.7086
    5660       1.6398
    5661       1.5690
    5662       1.5309
    5663       1.5692
    5664       1.6789
    5665       1.6244
    5666       1.7409
    5667       1.6494
    5668       1.5773
    5669       1.4962
    5670       1.4900
    5671       1.6574
    5672       1.5941
    5673       1.7104
    5674       1.6327
    5675       1.6251
    5676       1.5911
    5677       1.5412
    5678       1.5866
    5679       1.5552
    5680       1.5286
    5681       1.5132
    5682       1.6523
    5683       1.6758
    5684       1.5906
    5685       1.5243
    5686       1.5058
    5687       1.5170
    5688       1.3959
    5689       1.5003
    5690       1.5902
    5691       1.5475
    5692       1.5305
    5693       1.5232
    5694       1.5040
    5695       1.5641
    5696       1.5476
    5697       1.5024
    5698       1.5311
    5699       1.5276
    5700       1.4922
    5701       1.5177
    5702       1.4311
    5703       1.4136
    5704       1.5526
    5705       1.5012
    5706       1.5241
    5707       1.4425
    5708       1.5707
    5709       1.4883
    5710       1.5692
    5711       1.5583
    5712       1.6236
    5713       1.5339
    5714       1.6550
    5715       1.5666
    5716       1.5413
    5717       1.6153
    5718       1.6244
    5719       1.6145
    5720       1.7872
    5721       1.6134
    5722       1.6054
    5723       1.6983
    5724       1.8202
    5725       1.8050
    5726       1.8467
    5727       1.7911
    5728       1.7158
    5729       1.7352
    5730       1.7506
    5731       1.8597
    5732       1.7510
    5733       1.8322
    5734       1.7086
    5735       1.7664
    5736       1.7055
    5737       1.8555
    5738       1.8466
    5739       1.8388
    5740       1.7590
    5741       1.6915
    5742       1.8011
    5743       1.7160
    5744       1.6274
    5745       1.5728
    5746       1.7659
    5747       1.6823
    5748       1.6925
    5749       1.6668
    5750       1.7092
    5751       1.6517
    5752       1.7023
    5753       1.6422
    5754       1.6349
    5755       1.5523
    5756       1.6718
    5757       1.5684
    5758       1.5425
    5759       1.5499
    5760       1.5927
    5761       1.6591
    5762       1.5516
    5763       1.6088
    5764       1.6025
    5765       1.5725
    5766       1.6744
    5767       1.6572
    5768       1.6185
    5769       1.5999
    5770       1.6498
    5771       1.6697
    5772       1.6124
    5773       1.7088
    5774       1.5915
    5775       1.6107
    5776       1.5759
    5777       1.5580
    5778       1.5662
    5779       1.5166
    5780       1.6461
    5781       1.6063
    5782       1.6652
    5783       1.7213
    5784       1.7145
    5785       1.7518
    5786       1.7271
    5787       1.6913
    5788       1.7357
    5789       1.6227
    5790       1.5311
    5791       1.5477
    5792       1.6683
    5793       1.6839
    5794       1.7334
    5795       1.5748
    5796       1.5882
    5797       1.7233
    5798       1.6774
    5799       1.7173
    5800       1.7884
    5801       1.7433
    5802       1.8407
    5803       1.7911
    5804       1.7949
    5805       1.7855
    5806       1.6889
    5807       1.6756
    5808       1.7021
    5809       1.6679
    5810       1.8069
    5811       1.6976
    5812       1.7538
    5813       1.7529
    5814       1.8392
    5815       1.7569
    5816       1.6121
    5817       1.7214
    5818       1.9604
    5819       1.8019
    5820       1.8508
    5821       1.8085
    5822       1.6845
    5823       1.7974
    5824       1.8333
    5825       1.6116
    5826       1.6994
    5827       1.6142
    5828       1.6933
    5829       1.7115
    5830       1.6872
    5831       1.7468
    5832       1.6978
    5833       1.8109
    5834       1.9169
    5835       1.8285
    5836       1.8485
    5837       1.8808
    5838       1.7983
    5839       1.8809
    5840       1.7819
    5841       1.7653
    5842       1.8008
    5843       1.8611
    5844       1.9188
    5845       1.8253
    5846       1.8963
    5847       1.8266
    5848       1.8805
    5849       1.9256
    5850       1.8992
    5851       1.8932
    5852       1.8402
    5853       2.0010
    5854       2.0522
    5855       2.0112
    5856       1.9379
    5857       1.8473
    5858       1.8047
    5859       1.6175
    5860       1.6603
    5861       1.6741
    5862       1.8182
    5863       1.7060
    5864       1.7012
    5865       1.8580
    5866       1.6407
    5867       1.6484
    5868       1.7218
    5869       1.7258
    5870       1.5959
    5871       1.6043
    5872       1.6164
    5873       1.6690
    5874       1.6604
    5875       1.6618
    5876       1.6689
    5877       1.7408
    5878       1.8058
    5879       1.7105
    5880       1.6824
    5881       1.8162
    5882       1.7605
    5883       1.6694
    5884       1.5995
    5885       1.7060
    5886       1.7087
    5887       1.6543
    5888       1.6577
    5889       1.6012
    5890       1.6713
    5891       1.6633
    5892       1.6408
    5893       1.6598
    5894       1.6354
    5895       1.6848
    5896       1.6639
    5897       1.6156
    5898       1.6451
    5899       1.6431
    5900       1.7743
    5901       1.7819
    5902       1.8155
    5903       1.7192
    5904       1.7741
    5905       1.8096
    5906       1.8424
    5907       1.7720
    5908       1.8056
    5909       1.6833
    5910       1.7083
    5911       1.7046
    5912       1.7387
    5913       1.6626
    5914       1.7113
    5915       1.8057
    5916       1.7365
    5917       1.7894
    5918       1.7181
    5919       1.7120
    5920       1.7521
    5921       1.6296
    5922       1.6689
    5923       1.7294
    5924       1.7373
    5925       1.8502
    5926       1.8427
    5927       1.8221
    5928       1.8185
    5929       1.7359
    5930       1.6955
    5931       1.8052
    5932       1.7259
    5933       1.6507
    5934       1.7022
    5935       1.7431
    5936       1.6185
    5937       1.7839
    5938       1.7779
    5939       1.7720
    5940       1.7640
    5941       1.7152
    5942       1.6216
    5943       1.6055
    5944       1.5768
    5945       1.6740
    5946       1.6592
    5947       1.6569
    5948       1.6444
    5949       1.7158
    5950       1.6737
    5951       1.7040
    5952       1.5937
    5953       1.6311
    5954       1.6242
    5955       1.6789
    5956       1.6717
    5957       1.6853
    5958       1.7775
    5959       1.8557
    5960       1.8896
    5961       1.8949
    5962       1.7282
    5963       1.6152
    5964       1.6601
    5965       1.6794
    5966       1.7027
    5967       1.7569
    5968       1.8608
    5969       1.8158
    5970       1.9763
    5971       1.9013
    5972       1.9697
    5973       2.0050
    5974       1.8754
    5975       1.9818
    5976       1.9766
    5977       1.9131
    5978       1.8245
    5979       1.8198
    5980       1.6609
    5981       1.7460
    5982       1.7069
    5983       1.7632
    5984       1.7832
    5985       1.6855
    5986       1.6451
    5987       1.6716
    5988       1.6729
    5989       1.6803
    5990       1.6330
    5991       1.7733
    5992       1.7083
    5993       1.7053
    5994       1.7415
    5995       1.6824
    5996       1.6778
    5997       1.6747
    5998       1.7577
    5999       1.7151
    6000       1.6901
    6001       1.6810
    6002       1.5869
    6003       1.6176
    6004       1.6893
    6005       1.5822
    6006       1.6282
    6007       1.6740
    6008       1.7337
    6009       1.7164
    6010       1.6553
    6011       1.5794
    6012       1.6061
    6013       1.6881
    6014       1.6501
    6015       1.7083
    6016       1.6010
    6017       1.6394
    6018       1.6203
    6019       1.5794
    6020       1.6066
    6021       1.6347
    6022       1.7005
    6023       1.7481
    6024       1.6770
    6025       1.5789
    6026       1.6107
    6027       1.7145
    6028       1.6402
    6029       1.6323
    6030       1.6353
    6031       1.6774
    6032       1.6965
    6033       1.7042
    6034       1.6888
    6035       1.6697
    6036       1.6797
    6037       1.6193
    6038       1.6060
    6039       1.5332
    6040       1.5201
    6041       1.5816
    6042       1.6265
    6043       1.6568
    6044       1.7158
    6045       1.7953
    6046       1.6563
    6047       1.7979
    6048       1.6857
    6049       1.7570
    6050       1.6584
    6051       1.6991
    6052       1.7029
    6053       1.5961
    6054       1.5562
    6055       1.5601
    6056       1.5891
    6057       1.6341
    6058       1.6182
    6059       1.6324
    6060       1.7787
    6061       1.6379
    6062       1.6970
    6063       1.7333
    6064       1.7610
    6065       1.8705
    6066       1.8924
    6067       1.9123
    6068       1.9228
    6069       1.7962
    6070       1.7036
    6071       1.8095
    6072       1.8436
    6073       1.7053
    6074       1.7434
    6075       1.8245
    6076       1.6331
    6077       1.6869
    6078       1.5246
    6079       1.5309
    6080       1.5205
    6081       1.5027
    6082       1.3878
    6083       1.4571
    6084       1.5648
    6085       1.5119
    6086       1.5849
    6087       1.5418
    6088       1.5047
    6089       1.4328
    6090       1.4387
    6091       1.5176
    6092       1.5977
    6093       1.5958
    6094       1.4635
    6095       1.5422
    6096       1.5594
    6097       1.5556
    6098       1.5136
    6099       1.5693
    6100       1.5755
    6101       1.5509
    6102       1.6627
    6103       1.6187
    6104       1.6645
    6105       1.6837
    6106       1.6539
    6107       1.7598
    6108       1.6552
    6109       1.6472
    6110       1.6712
    6111       1.5725
    6112       1.5753
    6113       1.5160
    6114       1.5399
    6115       1.5963
    6116       1.4714
    6117       1.5124
    6118       1.5059
    6119       1.6612
    6120       1.6514
    6121       1.5719
    6122       1.6078
    6123       1.4829
    6124       1.6167
    6125       1.5434
    6126       1.5129
    6127       1.5891
    6128       1.4673
    6129       1.4464
    6130       1.4312
    6131       1.4455
    6132       1.4489
    6133       1.4543
    6134       1.4311
    6135       1.5116
    6136       1.5433
    6137       1.5250
    6138       1.4636
    6139       1.5030
    6140       1.5169
    6141       1.4473
    6142       1.4454
    6143       1.4207
    6144       1.6086
    6145       1.5910
    6146       1.5627
    6147       1.4948
    6148       1.4045
    6149       1.5442
    6150       1.6239
    6151       1.5507
    6152       1.6686
    6153       1.5327
    6154       1.6594
    6155       1.6541
    6156       1.6324
    6157       1.6277
    6158       1.4975
    6159       1.4439
    6160       1.5026
    6161       1.4850
    6162       1.5050
    6163       1.4383
    6164       1.4841
    6165       1.4373
    6166       1.4809
    6167       1.4588
    6168       1.4932
    6169       1.5415
    6170       1.5836
    6171       1.5299
    6172       1.6128
    6173       1.8823
    6174       1.7195
    6175       1.7127
    6176       1.6016
    6177       1.5761
    6178       1.5375
    6179       1.4690
    6180       1.4069
    6181       1.4671
    6182       1.4031
    6183       1.5025
    6184       1.4106
    6185       1.4755
    6186       1.4242
    6187       1.5323
    6188       1.5211
    6189       1.5299
    6190       1.5959
    6191       1.5029
    6192       1.5094
    6193       1.4736
    6194       1.5401
    6195       1.4582
    6196       1.3675
    6197       1.4124
    6198       1.4423
    6199       1.5586
    6200       1.6140
    6201       1.5453
    6202       1.6792
    6203       1.5460
    6204       1.5861
    6205       1.5108
    6206       1.6100
    6207       1.6087
    6208       1.7039
    6209       1.6593
    6210       1.6149
    6211       1.7997
    6212       1.8364
    6213       1.7505
    6214       1.7268
    6215       1.6124
    6216       1.6171
    6217       1.6595
    6218       1.8716
    6219       1.5364
    6220       1.6543
    6221       1.8364
    6222       1.7865
    6223       1.6387
    6224       1.6945
    6225       1.5645
    6226       1.6052
    6227       1.5069
    6228       1.5638
    6229       1.6597
    6230       1.6646
    6231       1.5982
    6232       1.4397
    6233       1.5248
    6234       1.4599
    6235       1.6194
    6236       1.6060
    6237       1.5871
    6238       1.5332
    6239       1.4590
    6240       1.5423
    6241       1.5713
    6242       1.5219
    6243       1.4931
    6244       1.5837
    6245       1.5720
    6246       1.4899
    6247       1.4784
    6248       1.4285
    6249       1.5282
    6250       1.5740
    6251       1.6145
    6252       1.6400
    6253       1.5577
    6254       1.5215
    6255       1.4689
    6256       1.5243
    6257       1.4740
    6258       1.4704
    6259       1.4639
    6260       1.4581
    6261       1.4798
    6262       1.4434
    6263       1.4526
    6264       1.5229
    6265       1.4919
    6266       1.6382
    6267       1.6306
    6268       1.6555
    6269       1.7243
    6270       1.7443
    6271       1.7462
    6272       1.6952
    6273       1.7740
    6274       1.6749
    6275       1.6919
    6276       1.5607
    6277       1.5275
    6278       1.5250
    6279       1.6167
    6280       1.5651
    6281       1.5406
    6282       1.4798
    6283       1.5073
    6284       1.5434
    6285       1.5487
    6286       1.4779
    6287       1.5266
    6288       1.6264
    6289       1.5210
    6290       1.6025
    6291       1.6215
    6292       1.4906
    6293       1.5858
    6294       1.5323
    6295       1.6011
    6296       1.4583
    6297       1.5252
    6298       1.5470
    6299       1.5675
    6300       1.5949
    6301       1.6175
    6302       1.6111
    6303       1.6954
    6304       1.5829
    6305       1.5310
    6306       1.5662
    6307       1.5446
    6308       1.5705
    6309       1.5302
    6310       1.6451
    6311       1.5853
    6312       1.5929
    6313       1.6365
    6314       1.6060
    6315       1.6451
    6316       1.5808
    6317       1.5571
    6318       1.5595
    6319       1.6434
    6320       1.5350
    6321       1.5999
    6322       1.6553
    6323       1.5575
    6324       1.5724
    6325       1.7560
    6326       1.6903
    6327       1.6890
    6328       1.5971
    6329       1.5031
    6330       1.5651
    6331       1.4927
    6332       1.5815
    6333       1.6589
    6334       1.7019
    6335       1.5265
    6336       1.5422
    6337       1.5282
    6338       1.7140
    6339       1.5926
    6340       1.5695
    6341       1.5143
    6342       1.5332
    6343       1.5279
    6344       1.5026
    6345       1.4366
    6346       1.5305
    6347       1.4175
    6348       1.6357
    6349       1.5558
    6350       1.5347
    6351       1.4910
    6352       1.4934
    6353       1.5251
    6354       1.4671
    6355       1.4912
    6356       1.4482
    6357       1.5103
    6358       1.5803
    6359       1.6364
    6360       1.5883
    6361       1.5885
    6362       1.5574
    6363       1.5722
    6364       1.6191
    6365       1.4980
    6366       1.4927
    6367       1.5275
    6368       1.6028
    6369       1.4936
    6370       1.5697
    6371       1.5197
    6372       1.4938
    6373       1.5033
    6374       1.5683
    6375       1.6930
    6376       1.6403
    6377       1.5799
    6378       1.5452
    6379       1.4311
    6380       1.6117
    6381       1.4884
    6382       1.4807
    6383       1.4640
    6384       1.4860
    6385       1.5443
    6386       1.4115
    6387       1.4973
    6388       1.5050
    6389       1.4845
    6390       1.4631
    6391       1.4869
    6392       1.4555
    6393       1.5344
    6394       1.5935
    6395       1.5602
    6396       1.6000
    6397       1.6466
    6398       1.5831
    6399       1.4776
    6400       1.5551
    6401       1.4828
    6402       1.4490
    6403       1.4989
    6404       1.5608
    6405       1.6077
    6406       1.5918
    6407       1.5077
    6408       1.5240
    6409       1.5338
    6410       1.3278
    6411       1.5003
    6412       1.5210
    6413       1.5286
    6414       1.4842
    6415       1.6273
    6416       1.5119
    6417       1.6194
    6418       1.6750
    6419       1.7388
    6420       1.7240
    6421       1.7124
    6422       1.6161
    6423       1.6645
    6424       1.6551
    6425       1.6119
    6426       1.5640
    6427       1.5511
    6428       1.5920
    6429       1.5849
    6430       1.6820
    6431       1.7109
    6432       1.6706
    6433       1.6173
    6434       1.7399
    6435       1.6184
    6436       1.5839
    6437       1.5375
    6438       1.5105
    6439       1.4536
    6440       1.6195
    6441       1.5826
    6442       1.6147
    6443       1.6266
    6444       1.7304
    6445       1.7988
    6446       1.7082
    6447       1.5722
    6448       1.7275
    6449       1.6321
    6450       1.5879
    6451       1.6285
    6452       1.6806
    6453       1.6023
    6454       1.7027
    6455       1.6259
    6456       1.6515
    6457       1.7022
    6458       1.7406
    6459       1.7804
    6460       1.7319
    6461       1.6866
    6462       1.6643
    6463       1.6148
    6464       1.5784
    6465       1.5319
    6466       1.6418
    6467       1.5779
    6468       1.5563
    6469       1.7188
    6470       1.6462
    6471       1.6397
    6472       1.6253
    6473       1.5943
    6474       1.6788
    6475       1.7014
    6476       1.7079
    6477       1.5943
    6478       1.6333
    6479       1.6462
    6480       1.6761
    6481       1.5955
    6482       1.5755
    6483       1.6984
    6484       1.7637
    6485       1.6815
    6486       1.5735
    6487       1.5534
    6488       1.6347
    6489       1.6275
    6490       1.6580
    6491       1.6893
    6492       1.7063
    6493       1.5020
    6494       1.6797
    6495       1.6605
    6496       1.6281
    6497       1.6537
    6498       1.6498
    6499       1.6571
    6500       1.6919
    6501       1.6133
    6502       1.6170
    6503       1.6419
    6504       1.5344
    6505       1.5962
    6506       1.5494
    6507       1.6988
    6508       1.6085
    6509       1.6840
    6510       1.6027
    6511       1.6862
    6512       1.6207
    6513       1.6081
    6514       1.5992
    6515       1.5484
    6516       1.6215
    6517       1.8054
    6518       1.6351
    6519       1.6326
    6520       1.6838
    6521       1.7595
    6522       1.7138
    6523       1.7890
    6524       1.7159
    6525       1.6209
    6526       1.6904
    6527       1.6192
    6528       1.6796
    6529       1.7247
    6530       1.6600
    6531       1.6543
    6532       1.6974
    6533       1.7147
    6534       1.6293
    6535       1.7282
    6536       1.7870
    6537       1.7215
    6538       1.7455
    6539       1.7374
    6540       1.7205
    6541       1.7166
    6542       1.7055
    6543       1.7637
    6544       1.8049
    6545       1.8140
    6546       1.8138
    6547       1.6992
    6548       1.5953
    6549       1.7124
    6550       1.6604
    6551       1.6866
    6552       1.6815
    6553       1.7893
    6554       1.7971
    6555       1.7227
    6556       1.7978
    6557       1.7138
    6558       1.7955
    6559       1.8160
    6560       1.7981
    6561       1.6998
    6562       1.6874
    6563       1.8861
    6564       1.7717
    6565       1.7467
    6566       1.7651
    6567       1.6859
    6568       1.6320
    6569       1.5821
    6570       1.5051
    6571       1.5082
    6572       1.5208
    6573       1.5535
    6574       1.5639
    6575       1.5414
    6576       1.5241
    6577       1.5204
    6578       1.5722
    6579       1.4672
    6580       1.5522
    6581       1.4660
    6582       1.4581
    6583       1.3598
    6584       1.5402
    6585       1.7339
    6586       1.8260
    6587       1.7383
    6588       1.7554
    6589       1.7774
    6590       1.7734
    6591       1.7128
    6592       1.7206
    6593       1.6146
    6594       1.6184
    6595       1.5915
    6596       1.5466
    6597       1.5973
    6598       1.5335
    6599       1.6279
    6600       1.6062
    6601       1.6377
    6602       1.5362
    6603       1.5444
    6604       1.5697
    6605       1.6929
    6606       1.7848
    6607       1.5965
    6608       1.5845
    6609       1.6405
    6610       1.8332
    6611       1.7203
    6612       1.8390
    6613       1.7838
    6614       1.7916
    6615       1.7906
    6616       1.6686
    6617       1.7268
    6618       1.7109
    6619       1.6750
    6620       1.6377
    6621       1.7245
    6622       1.6005
    6623       1.5227
    6624       1.4780
    6625       1.5993
    6626       1.6651
    6627       1.6939
    6628       1.7342
    6629       1.6121
    6630       1.6215
    6631       1.5750
    6632       1.6567
    6633       1.7525
    6634       1.6085
    6635       1.6672
    6636       1.6785
    6637       1.8045
    6638       1.8108
    6639       1.6264
    6640       1.6574
    6641       1.6834
    6642       1.5795
    6643       1.5044
    6644       1.5205
    6645       1.5357
    6646       1.6525
    6647       1.6064
    6648       1.6883
    6649       1.7511
    6650       1.7308
    6651       1.8445
    6652       1.8835
    6653       1.8583
    6654       1.8289
    6655       1.7385
    6656       1.7329
    6657       1.6737
    6658       1.7449
    6659       1.7041
    6660       1.7078
    6661       1.6398
    6662       1.7520
    6663       1.6437
    6664       1.6197
    6665       1.7084
    6666       1.7053
    6667       1.8515
    6668       1.6764
    6669       1.8044
    6670       1.8137
    6671       1.7412
    6672       1.7869
    6673       1.7664
    6674       1.6637
    6675       1.6244
    6676       1.6778
    6677       1.6352
    6678       1.6388
    6679       1.8011
    6680       1.8287
    6681       1.7923
    6682       1.7945
    6683       1.7432
    6684       1.7995
    6685       1.7985
    6686       1.8308
    6687       1.8863
    6688       1.7796
    6689       1.7053
    6690       1.7222
    6691       1.8735
    6692       1.8928
    6693       1.8184
    6694       1.6541
    6695       1.7600
    6696       1.7613
    6697       1.7419
    6698       1.7808
    6699       1.9415
    6700       1.9376
    6701       1.8284
    6702       1.9523
    6703       1.8747
    6704       1.7852
    6705       1.7383
    6706       1.7848
    6707       1.7500
    6708       1.7318
    6709       1.8540
    6710       1.8088
    6711       1.8616
    6712       1.8055
    6713       1.7239
    6714       1.9247
    6715       1.8573
    6716       1.7024
    6717       1.7670
    6718       1.7182
    6719       1.6072
    6720       1.5510
    6721       1.6771
    6722       1.7527
    6723       1.7013
    6724       1.6768
    6725       1.7409
    6726       1.7676
    6727       1.8346
    6728       1.5984
    6729       1.7023
    6730       1.7650
    6731       1.8417
    6732       1.7418
    6733       1.9236
    6734       1.8443
    6735       1.7618
    6736       1.7474
    6737       1.7334
    6738       1.6392
    6739       1.7586
    6740       1.7497
    6741       1.6488
    6742       1.6956
    6743       1.6845
    6744       1.6312
    6745       1.6458
    6746       1.5858
    6747       1.6205
    6748       1.6828
    6749       1.6486
    6750       1.7519
    6751       1.8845
    6752       1.7749
    6753       1.7542
    6754       1.7741
    6755       1.7938
    6756       1.9267
    6757       1.8434
    6758       1.7978
    6759       1.8118
    6760       1.8061
    6761       1.8092
    6762       1.7225
    6763       1.7645
    6764       1.7619
    6765       1.7032
    6766       1.7655
    6767       1.6150
    6768       1.6251
    6769       1.6459
    6770       1.6524
    6771       1.6500
    6772       1.5448
    6773       1.5988
    6774       1.6100
    6775       1.5657
    6776       1.5826
    6777       1.7939
    6778       1.7786
    6779       1.7623
    6780       1.7541
    6781       1.9479
    6782       1.7695
    6783       1.8938
    6784       1.9166
    6785       1.8118
    6786       1.8767
    6787       1.8484
    6788       1.7817
    6789       1.7518
    6790       1.9361
    6791       1.8571
    6792       1.7463
    6793       1.6719
    6794       1.7127
    6795       1.6347
    6796       1.6196
    6797       1.6421
    6798       1.7303
    6799       1.7301
    6800       1.6935
    6801       1.7826
    6802       1.7306
    6803       1.7161
    6804       1.6964
    6805       1.7007
    6806       1.6462
    6807       1.6368
    6808       1.5564
    6809       1.5499
    6810       1.5371
    6811       1.4594
    6812       1.4900
    6813       1.5254
    6814       1.5507
    6815       1.6550
    6816       1.6090
    6817       1.6860
    6818       1.5985
    6819       1.5824
    6820       1.6326
    6821       1.6611
    6822       1.7927
    6823       1.8459
    6824       1.8110
    6825       1.7083
    6826       1.7682
    6827       1.7578
    6828       1.8406
    6829       1.7855
    6830       1.6794
    6831       1.5694
    6832       1.5659
    6833       1.5698
    6834       1.5563
    6835       1.5953
    6836       1.6114
    6837       1.6581
    6838       1.8324
    6839       1.7680
    6840       1.6922
    6841       1.7287
    6842       1.7608
    6843       1.6057
    6844       1.5409
    6845       1.3704
    6846       1.6358
    6847       1.6585
    6848       1.7343
    6849       1.6849
    6850       1.7235
    6851       1.5793
    6852       1.5811
    6853       1.6449
    6854       1.6189
    6855       1.6207
    6856       1.7549
    6857       1.7463
    6858       1.6798
    6859       1.6976
    6860       1.6079
    6861       1.4670
    6862       1.4535
    6863       1.4880
    6864       1.4150
    6865       1.4147
    6866       1.4211
    6867       1.4179
    6868       1.4698
    6869       1.4611
    6870       1.4435
    6871       1.5151
    6872       1.5589
    6873       1.5918
    6874       1.6087
    6875       1.5665
    6876       1.5323
    6877       1.5907
    6878       1.5670
    6879       1.5638
    6880       1.5060
    6881       1.5642
    6882       1.5801
    6883       1.6306
    6884       1.5222
    6885       1.5996
    6886       1.5723
    6887       1.5445
    6888       1.4453
    6889       1.4548
    6890       1.3762
    6891       1.4635
    6892       1.4444
    6893       1.4448
    6894       1.4154
    6895       1.4108
    6896       1.5211
    6897       1.5260
    6898       1.5422
    6899       1.5625
    6900       1.5408
    6901       1.5992
    6902       1.5729
    6903       1.6106
    6904       1.5247
    6905       1.5765
    6906       1.5207
    6907       1.5044
    6908       1.5544
    6909       1.6096
    6910       1.4475
    6911       1.5275
    6912       1.4383
    6913       1.4269
    6914       1.4215
    6915       1.4711
    6916       1.5322
    6917       1.6631
    6918       1.5053
    6919       1.5560
    6920       1.4841
    6921       1.5409
    6922       1.5902
    6923       1.5205
    6924       1.6032
    6925       1.6821
    6926       1.6495
    6927       1.8218
    6928       1.7883
    6929       1.6530
    6930       1.7392
    6931       1.6134
    6932       1.7540
    6933       1.7325
    6934       1.8819
    6935       1.7251
    6936       1.6686
    6937       1.6286
    6938       1.6460
    6939       1.5864
    6940       1.5435
    6941       1.6336
    6942       1.5346
    6943       1.5345
    6944       1.6015
    6945       1.5387
    6946       1.5435
    6947       1.5635
    6948       1.6655
    6949       1.5933
    6950       1.6596
    6951       1.5351
    6952       1.4865
    6953       1.4684
    6954       1.4417
    6955       1.4535
    6956       1.4816
    6957       1.4929
    6958       1.4506
    6959       1.6148
    6960       1.5719
    6961       1.5847
    6962       1.5832
    6963       1.6496
    6964       1.6381
    6965       1.5412
    6966       1.6906
    6967       1.5413
    6968       1.5972
    6969       1.6112
    6970       1.6564
    6971       1.5798
    6972       1.7417
    6973       1.7406
    6974       1.5886
    6975       1.6055
    6976       1.5752
    6977       1.6080
    6978       1.6501
    6979       1.5092
    6980       1.5069
    6981       1.5389
    6982       1.5337
    6983       1.5553
    6984       1.5307
    6985       1.5479
    6986       1.5936
    6987       1.5047
    6988       1.6181
    6989       1.5657
    6990       1.5041
    6991       1.5829
    6992       1.4996
    6993       1.4432
    6994       1.4828
    6995       1.4563
    6996       1.5261
    6997       1.5775
    6998       1.5150
    6999       1.6103
    7000       1.6580
    7001       1.5008
    7002       1.6652
    7003       1.6448
    7004       1.5752
    7005       1.6519
    7006       1.6606
    7007       1.5774
    7008       1.4781
    7009       1.6834
    7010       1.7463
    7011       1.7275
    7012       1.6915
    7013       1.7413
    7014       1.6895
    7015       1.6927
    7016       1.7914
    7017       1.6017
    7018       1.5571
    7019       1.7365
    7020       1.6322
    7021       1.6973
    7022       1.7381
    7023       1.6709
    7024       1.6616
    7025       1.6754
    7026       1.8234
    7027       1.8855
    7028       1.8142
    7029       1.8682
    7030       1.9081
    7031       1.9091
    7032       1.8400
    7033       1.8886
    7034       1.8438
    7035       1.8828
    7036       1.9383
    7037       1.8436
    7038       1.7648
    7039       1.7677
    7040       1.7815
    7041       1.7228
    7042       1.6762
    7043       1.7552
    7044       1.6855
    7045       1.6066
    7046       1.6508
    7047       1.7745
    7048       1.6640
    7049       1.7045
    7050       1.5991
    7051       1.7816
    7052       1.8566
    7053       1.6129
    7054       1.6631
    7055       1.7876
    7056       1.7861
    7057       1.7839
    7058       1.8206
    7059       1.7154
    7060       1.7090
    7061       1.6352
    7062       1.5561
    7063       1.6508
    7064       1.6162
    7065       1.6849
    7066       1.7423
    7067       1.7859
    7068       1.8520
    7069       1.8477
    7070       1.6843
    7071       1.7160
    7072       1.7225
    7073       1.7744
    7074       1.6490
    7075       1.6312
    7076       1.6605
    7077       1.6404
    7078       1.7590
    7079       1.7220
    7080       1.8024
    7081       1.7449
    7082       1.7264
    7083       1.7354
    7084       1.5972
    7085       1.5840
    7086       1.5702
    7087       1.6401
    7088       1.6093
    7089       1.6294
    7090       1.6174
    7091       1.6989
    7092       1.7583
    7093       1.7643
    7094       1.7405
    7095       1.7535
    7096       1.7027
    7097       1.7553
    7098       1.6311
    7099       1.6629
    7100       1.6410
    7101       1.7255
    7102       1.6976
    7103       1.7049
    7104       1.7145
    7105       1.5838
    7106       1.6570
    7107       1.5256
    7108       1.5816
    7109       1.5745
    7110       1.6863
    7111       1.6148
    7112       1.6650
    7113       1.6055
    7114       1.5389
    7115       1.5196
    7116       1.5808
    7117       1.6034
    7118       1.5561
    7119       1.6645
    7120       1.7584
    7121       1.6874
    7122       1.7735
    7123       1.7967
    7124       1.7884
    7125       1.6381
    7126       1.6412
    7127       1.6041
    7128       1.6782
    7129       1.6044
    7130       1.5080
    7131       1.4663
    7132       1.4982
    7133       1.5256
    7134       1.4709
    7135       1.6026
    7136       1.6670
    7137       1.7080
    7138       1.8326
    7139       1.7759
    7140       1.7697
    7141       1.7674
    7142       1.7844
    7143       1.6834
    7144       1.6907
    7145       1.6887
    7146       1.5687
    7147       1.6193
    7148       1.5699
    7149       1.5027
    7150       1.7050
    7151       1.7433
    7152       1.7697
    7153       1.6315
    7154       1.4838
    7155       1.5640
    7156       1.5129
    7157       1.6550
    7158       1.5425
    7159       1.7360
    7160       1.5772
    7161       1.4724
    7162       1.5013
    7163       1.4829
    7164       1.5531
    7165       1.5393
    7166       1.6606
    7167       1.7097
    7168       1.5718
    7169       1.6299
    7170       1.6628
    7171       1.5975
    7172       1.5834
    7173       1.5254
    7174       1.5607
    7175       1.6380
    7176       1.5176
    7177       1.5679
    7178       1.5713
    7179       1.6148
    7180       1.8015
    7181       1.7463
    7182       1.6457
    7183       1.6826
    7184       1.6823
    7185       1.5843
    7186       1.5799
    7187       1.7270
    7188       1.5026
    7189       1.6145
    7190       1.6333
    7191       1.5995
    7192       1.6387
    7193       1.6354
    7194       1.6674
    7195       1.7270
    7196       1.7063
    7197       1.7322
    7198       1.7008
    7199       1.6468
    7200       1.7780
    7201       1.8703
    7202       1.9577
    7203       1.9240
    7204       1.9746
    7205       1.8230
    7206       1.9202
    7207       1.8413
    7208       1.8236
    7209       1.7791
    7210       1.6977
    7211       1.7709
    7212       1.6775
    7213       1.6352
    7214       1.6658
    7215       1.6168
    7216       1.6280
    7217       1.6823
    7218       1.7210
    7219       1.6983
    7220       1.6198
    7221       1.7948
    7222       1.8278
    7223       1.6907
    7224       1.7508
    7225       1.6334
    7226       1.7365
    7227       1.6335
    7228       1.5640
    7229       1.6641
    7230       1.6802
    7231       1.7114
    7232       1.7883
    7233       1.6717
    7234       1.6472
    7235       1.6377
    7236       1.6366
    7237       1.6772
    7238       1.7917
    7239       1.7616
    7240       1.7557
    7241       1.7534
    7242       1.6675
    7243       1.8256
    7244       1.6362
    7245       1.6039
    7246       1.5178
    7247       1.5139
    7248       1.3772
    7249       1.4473
    7250       1.6727
    7251       1.6985
    7252       1.6350
    7253       1.6780
    7254       1.6526
    7255       1.6083
    7256       1.5954
    7257       1.5056
    7258       1.4991
    7259       1.5755
    7260       1.5590
    7261       1.7635
    7262       1.6149
    7263       1.7188
    7264       1.6878
    7265       1.7282
    7266       1.7475
    7267       1.7510
    7268       1.7060
    7269       1.6772
    7270       1.7140
    7271       1.6432
    7272       1.6372
    7273       1.8079
    7274       1.7539
    7275       1.7410
    7276       1.6722
    7277       1.6415
    7278       1.7002
    7279       1.6990
    7280       1.6813
    7281       1.6518
    7282       1.7515
    7283       1.6206
    7284       1.8138
    7285       1.7317
    7286       1.7061
    7287       1.7528
    7288       1.6782
    7289       1.7195
    7290       1.6441
    7291       1.8142
    7292       1.7723
    7293       1.8403
    7294       1.9926
    7295       1.9561
    7296       1.7794
    7297       1.7912
    7298       1.6834
    7299       1.6562
    7300       1.6102
    7301       1.5646
    7302       1.7393
    7303       1.8709
    7304       1.6805
    7305       1.8484
    7306       1.8154
    7307       1.6702
    7308       1.6852
    7309       1.6831
    7310       1.6201
    7311       1.5522
    7312       1.7262
    7313       1.8224
    7314       1.9234
    7315       1.9604
    7316       1.8858
    7317       1.9581
    7318       1.7912
    7319       1.8709
    7320       1.7145
    7321       1.7105
    7322       1.5986
    7323       1.5633
    7324       1.4951
    7325       1.4883
    7326       1.5870
    7327       1.5457
    7328       1.4843
    7329       1.5634
    7330       1.5470
    7331       1.5408
    7332       1.6322
    7333       1.5962
    7334       1.6034
    7335       1.6717
    7336       1.8232
    7337       1.6558
    7338       1.6646
    7339       1.7696
    7340       1.8105
    7341       1.7641
    7342       1.6921
    7343       1.7391
    7344       1.7124
    7345       1.7485
    7346       1.8053
    7347       1.6273
    7348       1.6702
    7349       1.7938
    7350       1.6810
    7351       1.7120
    7352       1.5980
    7353       1.6059
    7354       1.5339
    7355       1.4507
    7356       1.4949
    7357       1.5572
    7358       1.6232
    7359       1.6773
    7360       1.6058
    7361       1.5729
    7362       1.6335
    7363       1.6745
    7364       1.6414
    7365       1.6203
    7366       1.6274
    7367       1.5841
    7368       1.6383
    7369       1.6713
    7370       1.8001
    7371       1.7259
    7372       1.6769
    7373       1.6476
    7374       1.5892
    7375       1.5619
    7376       1.6197
    7377       1.6695
    7378       1.5597
    7379       1.5843
    7380       1.6459
    7381       1.7828
    7382       1.7542
    7383       1.6131
    7384       1.5710
    7385       1.6432
    7386       1.7594
    7387       1.7370
    7388       1.7702
    7389       1.7493
    7390       1.8207
    7391       1.7496
    7392       1.7503
    7393       1.7687
    7394       1.6922
    7395       1.7805
    7396       1.5992
    7397       1.5904
    7398       1.5523
    7399       1.6429
    7400       1.5228
    7401       1.6710
    7402       1.6275
    7403       1.6280
    7404       1.7270
    7405       1.8458
    7406       1.6788
    7407       1.6830
    7408       1.5225
    7409       1.4734
    7410       1.4237
    7411       1.4130
    7412       1.5146
    7413       1.6562
    7414       1.7018
    7415       1.6541
    7416       1.6159
    7417       1.4737
    7418       1.5909
    7419       1.4514
    7420       1.5075
    7421       1.4744
    7422       1.4973
    7423       1.5703
    7424       1.6607
    7425       1.7032
    7426       1.7226
    7427       1.6153
    7428       1.6095
    7429       1.6406
    7430       1.5501
    7431       1.5036
    7432       1.4385
    7433       1.4571
    7434       1.4206
    7435       1.4897
    7436       1.5166
    7437       1.5795
    7438       1.4751
    7439       1.4333
    7440       1.4547
    7441       1.5134
    7442       1.4630
    7443       1.5128
    7444       1.5617
    7445       1.5595
    7446       1.4843
    7447       1.4667
    7448       1.4328
    7449       1.5067
    7450       1.6291
    7451       1.6157
    7452       1.5784
    7453       1.5609
    7454       1.4872
    7455       1.5166
    7456       1.4843
    7457       1.5593
    7458       1.5310
    7459       1.4565
    7460       1.5841
    7461       1.5519
    7462       1.4682
    7463       1.4920
    7464       1.4838
    7465       1.4652
    7466       1.5623
    7467       1.5222
    7468       1.6095
    7469       1.6244
    7470       1.5758
    7471       1.4735
    7472       1.4631
    7473       1.5617
    7474       1.5941
    7475       1.5994
    7476       1.6062
    7477       1.5795
    7478       1.5944
    7479       1.6013
    7480       1.7181
    7481       1.6341
    7482       1.5590
    7483       1.6312
    7484       1.5865
    7485       1.6509
    7486       1.6225
    7487       1.5314
    7488       1.6815
    7489       1.6107
    7490       1.5088
    7491       1.5665
    7492       1.5661
    7493       1.6051
    7494       1.4882
    7495       1.5933
    7496       1.6559
    7497       1.6438
    7498       1.5747
    7499       1.6731
    7500       1.6822
    7501       1.7019
    7502       1.7318
    7503       1.8011
    7504       1.7360
    7505       1.6892
    7506       1.5135
    7507       1.6044
    7508       1.6085
    7509       1.5467
    7510       1.5710
    7511       1.5933
    7512       1.4759
    7513       1.4350
    7514       1.4808
    7515       1.5294
    7516       1.6169
    7517       1.5768
    7518       1.6176
    7519       1.6487
    7520       1.6298
    7521       1.6032
    7522       1.5409
    7523       1.5756
    7524       1.4908
    7525       1.4819
    7526       1.4943
    7527       1.5216
    7528       1.5012
    7529       1.5360
    7530       1.5215
    7531       1.4960
    7532       1.3981
    7533       1.4309
    7534       1.4800
    7535       1.4142
    7536       1.5051
    7537       1.4261
    7538       1.3788
    7539       1.4247
    7540       1.3738
    7541       1.3771
    7542       1.4124
    7543       1.4430
    7544       1.4332
    7545       1.3892
    7546       1.3523
    7547       1.4005
    7548       1.3800
    7549       1.4097
    7550       1.4032
    7551       1.4189
    7552       1.4417
    7553       1.3245
    7554       1.4302
    7555       1.4364
    7556       1.4372
    7557       1.4977
    7558       1.5229
    7559       1.4889
    7560       1.4412
    7561       1.5663
    7562       1.4035
    7563       1.5136
    7564       1.5294
    7565       1.4952
    7566       1.4351
    7567       1.4711
    7568       1.4595
    7569       1.5095
    7570       1.4027
    7571       1.5568
    7572       1.5080
    7573       1.5058
    7574       1.5095
    7575       1.4959
    7576       1.5284
    7577       1.5335
    7578       1.5163
    7579       1.6266
    7580       1.5475
    7581       1.5317
    7582       1.5229
    7583       1.4442
    7584       1.4806
    7585       1.5838
    7586       1.5677
    7587       1.5905
    7588       1.5621
    7589       1.4242
    7590       1.5325
    7591       1.6536
    7592       1.4535
    7593       1.5111
    7594       1.5078
    7595       1.5310
    7596       1.5352
    7597       1.5760
    7598       1.5655
    7599       1.5508
    7600       1.5400
    7601       1.5604
    7602       1.4639
    7603       1.4306
    7604       1.4897
    7605       1.4765
    7606       1.3953
    7607       1.5213
    7608       1.4209
    7609       1.4234
    7610       1.4282
    7611       1.4533
    7612       1.5295
    7613       1.4658
    7614       1.4694
    7615       1.4333
    7616       1.5207
    7617       1.4852
    7618       1.4815
    7619       1.6126
    7620       1.5392
    7621       1.6161
    7622       1.5643
    7623       1.6263
    7624       1.5290
    7625       1.4949
    7626       1.4457
    7627       1.6114
    7628       1.5795
    7629       1.6077
    7630       1.4888
    7631       1.5005
    7632       1.5083
    7633       1.5239
    7634       1.4824
    7635       1.4336
    7636       1.5255
    7637       1.4663
    7638       1.4521
    7639       1.4093
    7640       1.4933
    7641       1.6090
    7642       1.4616
    7643       1.4964
    7644       1.5973
    7645       1.5417
    7646       1.5780
    7647       1.6291
    7648       1.6113
    7649       1.6394
    7650       1.7503
    7651       1.7660
    7652       1.7543
    7653       1.7068
    7654       1.7744
    7655       1.7645
    7656       1.6760
    7657       1.7739
    7658       1.8052
    7659       1.6629
    7660       1.7211
    7661       1.7397
    7662       1.7813
    7663       1.8823
    7664       1.7164
    7665       1.7611
    7666       1.8317
    7667       2.0169
    7668       1.8826
    7669       1.8585
    7670       2.0171
    7671       1.9832
    7672       1.8407
    7673       1.8403
    7674       1.9184
    7675       1.9442
    7676       1.8767
    7677       1.7556
    7678       1.7484
    7679       1.6916
    7680       1.6706
    7681       1.6409
    7682       1.6167
    7683       1.7087
    7684       1.8093
    7685       1.7708
    7686       1.8147
    7687       1.8695
    7688       1.9833
    7689       1.8357
    7690       1.8705
    7691       1.8684
    7692       1.8413
    7693       1.8885
    7694       2.0617
    7695       1.9408
    7696       1.8834
    7697       1.8287
    7698       1.7923
    7699       1.7412
    7700       1.7996
    7701       1.7735
    7702       1.7825
    7703       1.7166
    7704       1.7097
    7705       1.6456
    7706       1.6936
    7707       1.5732
    7708       1.6585
    7709       1.7036
    7710       1.6682
    7711       1.7967
    7712       1.7460
    7713       1.7171
    7714       1.6790
    7715       1.6718
    7716       1.6546
    7717       1.6894
    7718       1.6860
    7719       1.7374
    7720       1.8803
    7721       1.8191
    7722       1.9676
    7723       1.9978
    7724       1.9921
    7725       1.9234
    7726       1.9094
    7727       1.9011
    7728       2.0255
    7729       2.0101
    7730       1.6966
    7731       1.7710
    7732       1.8713
    7733       1.7535
    7734       1.8142
    7735       1.7452
    7736       1.7181
    7737       1.8786
    7738       1.7251
    7739       1.9189
    7740       1.8042
    7741       1.7101
    7742       1.6822
    7743       1.7215
    7744       1.7679
    7745       1.7335
    7746       1.7820
    7747       1.9649
    7748       1.8016
    7749       1.9272
    7750       1.9746
    7751       1.8969
    7752       1.9852
    7753       2.0290
    7754       2.0244
    7755       2.0288
    7756       1.8620
    7757       1.8602
    7758       1.9023
    7759       1.9448
    7760       1.8158
    7761       1.8435
    7762       1.8203
    7763       1.9652
    7764       2.0031
    7765       2.0892
    7766       2.1274
    7767       2.2134
    7768       2.1675
    7769       2.1586
    7770       2.1904
    7771       2.2317
    7772       2.0970
    7773       2.2907
    7774       2.3180
    7775       2.4685
    7776       2.3867
    7777       2.3020
    7778       2.2356
    7779       2.3621
    7780       2.3135
    7781       2.1859
    7782       2.1833
    7783       2.0839
    7784       1.8478
    7785       1.8972
    7786       2.1102
    7787       1.9457
    7788       1.9527
    7789       1.9881
    7790       1.8965
    7791       1.9242
    7792       1.9075
    7793       2.0103
    7794       1.8513
    7795       1.7754
    7796       1.7917
    7797       1.7569
    7798       1.8121
    7799       1.7503
    7800       1.9136
    7801       2.0929
    7802       2.3932
    7803       2.2725
    7804       2.1547
    7805       2.3292
    7806       2.1223
    7807       2.1214
    7808       2.0704
    7809       2.2138
    7810       2.2277
    7811       2.2320
    7812       2.0765
    7813       2.1698
    7814       2.1362
    7815       2.0153
    7816       2.0622
    7817       2.3040
    7818       2.1372
    7819       2.2520
    7820       2.2301
    7821       2.2535
    7822       2.1277
    7823       2.1502
    7824       2.2324
    7825       2.1812
    7826       2.1603
    7827       2.1233
    7828       2.2654
    7829       2.1054
    7830       2.2007
    7831       2.2462
    7832       2.1773
    7833       2.2682
    7834       2.1909
    7835       2.2566
    7836       2.2341
    7837       2.1916
    7838       2.1684
    7839       2.1244
    7840       1.9767
    7841       2.0125
    7842       2.0849
    7843       1.9956
    7844       2.1037
    7845       2.1328
    7846       2.0727
    7847       2.1610
    7848       2.0820
    7849       1.9336
    7850       1.8699
    7851       2.0205
    7852       1.8477
    7853       1.9012
    7854       1.9332
    7855       1.7796
    7856       1.9298
    7857       1.9678
    7858       1.8708
    7859       1.8479
    7860       1.7634
    7861       1.8103
    7862       1.8829
    7863       1.7502
    7864       1.9072
    7865       1.8065
    7866       1.9014
    7867       1.6832
    7868       1.7403
    7869       1.7300
    7870       1.7284
    7871       1.6577
    7872       1.6364
    7873       1.7728
    7874       1.6405
    7875       1.6630
    7876       1.6477
    7877       1.6288
    7878       1.6270
    7879       1.6873
    7880       1.7651
    7881       1.6443
    7882       1.8657
    7883       1.8666
    7884       1.9020
    7885       1.9308
    7886       2.0675
    7887       1.8772
    7888       1.9183
    7889       1.9101
    7890       1.8633
    7891       1.9596
    7892       1.9358
    7893       1.9862
    7894       1.9975
    7895       2.1233
    7896       2.0134
    7897       1.8529
    7898       1.7607
    7899       1.7264
    7900       1.5774
    7901       1.7092
    7902       1.8288
    7903       1.7676
    7904       1.8724
    7905       1.8223
    7906       1.8788
    7907       1.7229
    7908       1.7763
    7909       1.7885
    7910       1.7562
    7911       1.7049
    7912       1.7304
    7913       1.7139
    7914       1.6896
    7915       1.7305
    7916       1.6130
    7917       1.6236
    7918       1.7073
    7919       1.7029
    7920       1.6560
    7921       1.6935
    7922       1.8988
    7923       1.9830
    7924       1.9255
    7925       1.8365
    7926       1.8924
    7927       1.8975
    7928       1.7799
    7929       1.7491
    7930       1.5706
    7931       1.7225
    7932       1.8049
    7933       1.8107
    7934       1.8404
    7935       1.7026
    7936       1.8310
    7937       1.9089
    7938       1.7578
    7939       1.8412
    7940       1.8458
    7941       1.9706
    7942       1.8642
    7943       1.8485
    7944       1.9017
    7945       1.8315
    7946       1.8180
    7947       1.8834
    7948       1.9303
    7949       1.8336
    7950       1.7585
    7951       1.7858
    7952       1.7765
    7953       1.8659
    7954       1.8460
    7955       1.9217
    7956       1.8017
    7957       1.7521
    7958       1.8274
    7959       1.6990
    7960       1.7795
    7961       1.8584
    7962       1.8673
    7963       1.8218
    7964       1.8482
    7965       1.8989
    7966       1.9555
    7967       2.0004
    7968       1.9794
    7969       1.9990
    7970       2.0154
    7971       1.8818
    7972       2.0377
    7973       2.0135
    7974       1.9819
    7975       1.9890
    7976       1.8934
    7977       1.9381
    7978       1.9974
    7979       2.0774
    7980       2.1703
    7981       2.1927
    7982       2.1217
    7983       2.1731
    7984       2.0074
    7985       1.9814
    7986       2.0184
    7987       2.1378
    7988       1.9615
    7989       1.9504
    7990       1.9784
    7991       1.9067
    7992       1.8631
    7993       1.8746
    7994       1.8382
    7995       2.0468
    7996       1.9695
    7997       2.0442
    7998       1.9895
    7999       1.8978
    8000       1.8376
    8001       1.7314
    8002       1.8424
    8003       1.8105
    8004       1.9231
    8005       1.9653
    8006       2.0856
    8007       2.0796
    8008       2.2484
    8009       2.3877
    8010       2.3873
    8011       2.4162
    8012       2.5021
    8013       2.5245
    8014       2.5127
    8015       2.4080
    8016       2.4433
    8017       2.4242
    8018       2.4037
    8019       2.3726
    8020       2.5201
    8021       2.3510
    8022       2.4497
    8023       2.5881
    8024       2.6499
    8025       2.5168
    8026       2.4990
    8027       2.6064
    8028       2.3387
    8029       2.5310
    8030       2.2974
    8031       2.3065
    8032       2.4226
    8033       2.3878
    8034       2.3253
    8035       2.4124
    8036       2.4485
    8037       2.4214
    8038       2.2163
    8039       2.2757
    8040       2.4048
    8041       2.2832
    8042       2.2682
    8043       2.0851
    8044       2.3288
    8045       2.5022
    8046       2.5154
    8047       2.5399
    8048       2.4671
    8049       2.6167
    8050       2.6714
    8051       2.6481
    8052       2.3168
    8053       2.3886
    8054       2.3503
    8055       2.3215
    8056       2.4059
    8057       2.2723
    8058       2.1941
    8059       2.3097
    8060       2.5780
    8061       2.4515
    8062       2.7245
    8063       2.7072
    8064       2.5510
    8065       2.7247
    8066       2.6947
    8067       2.5968
    8068       2.4026
    8069       2.4340
    8070       2.2843
    8071       2.2528
    8072       2.2274
    8073       2.1105
    8074       1.9030
    8075       1.9622
    8076       1.9883
    8077       1.7978
    8078       1.8650
    8079       1.9007
    8080       1.9370
    8081       1.9455
    8082       1.9346
    8083       1.7939
    8084       1.8176
    8085       1.8465
    8086       1.8509
    8087       1.9014
    8088       1.9555
    8089       1.8858
    8090       1.7909
    8091       1.7262
    8092       1.8330
    8093       1.9620
    8094       1.8770
    8095       1.9428
    8096       1.8982
    8097       1.7595
    8098       1.8244
    8099       1.8588
    8100       1.8675
    8101       1.8721
    8102       1.6080
    8103       1.6523
    8104       1.7052
    8105       1.6371
    8106       1.7469
    8107       1.8004
    8108       1.7625
    8109       1.7760
    8110       1.7492
    8111       1.8479
    8112       1.8810
    8113       1.8691
    8114       1.8394
    8115       1.8297
    8116       1.8044
    8117       1.8496
    8118       1.8688
    8119       1.7656
    8120       1.7591
    8121       1.7049
    8122       1.8896
    8123       1.8449
    8124       1.8372
    8125       1.8237
    8126       1.7616
    8127       1.7068
    8128       1.7893
    8129       1.7156
    8130       1.6578
    8131       1.5802
    8132       1.6855
    8133       1.6705
    8134       1.7694
    8135       1.6630
    8136       1.7222
    8137       1.7847
    8138       1.7979
    8139       1.7242
    8140       1.8726
    8141       1.8594
    8142       1.8483
    8143       1.7549
    8144       1.7892
    8145       1.7527
    8146       1.7336
    8147       1.7214
    8148       1.6302
    8149       1.6822
    8150       1.6957
    8151       1.5896
    8152       1.7360
    8153       1.7534
    8154       1.5984
    8155       1.6834
    8156       1.7020
    8157       1.5035
    8158       1.5829
    8159       1.5983
    8160       1.7084
    8161       1.5772
    8162       1.5786
    8163       1.5579
    8164       1.5210
    8165       1.6106
    8166       1.6781
    8167       1.7109
    8168       1.7730
    8169       1.7906
    8170       1.7835
    8171       1.6468
    8172       1.7652
    8173       1.6201
    8174       1.5662
    8175       1.6287
    8176       1.5562
    8177       1.5723
    8178       1.5705
    8179       1.5791
    8180       1.7608
    8181       1.7432
    8182       1.7445
    8183       1.6773
    8184       1.6033
    8185       1.5332
    8186       1.6287
    8187       1.6476
    8188       1.5849
    8189       1.5508
    8190       1.7586
    8191       1.6891
    8192       1.8047
    8193       1.9736
    8194       1.8296
    8195       1.7262
    8196       1.7586
    8197       1.5886
    8198       1.7276
    8199       1.7157
    8200       1.8147
    8201       1.7799
    8202       1.8022
    8203       1.5290
    8204       1.7983
    8205       1.6250
    8206       1.7825
    8207       1.7061
    8208       1.6259
    8209       1.7071
    8210       1.7044
    8211       1.7367
    8212       1.6260
    8213       1.6036
    8214       1.6200
    8215       1.4889
    8216       1.5174
    8217       1.6236
    8218       1.5374
    8219       1.6607
    8220       1.6265
    8221       1.7045
    8222       1.6737
    8223       1.7059
    8224       1.8249
    8225       1.8686
    8226       1.7805
    8227       1.7975
    8228       1.7516
    8229       1.7176
    8230       1.6920
    8231       1.7900
    8232       1.6510
    8233       1.8843
    8234       2.0190
    8235       1.9191
    8236       1.8393
    8237       1.8983
    8238       1.9454
    8239       1.8988
    8240       1.6053
    8241       1.6300
    8242       1.6111
    8243       1.7275
    8244       1.7278
    8245       1.7736
    8246       1.7008
    8247       1.5728
    8248       1.6295
    8249       1.6736
    8250       1.7304
    8251       1.7887
    8252       1.6227
    8253       1.7048
    8254       1.7991
    8255       1.8498
    8256       1.9066
    8257       1.9523
    8258       2.0030
    8259       1.8855
    8260       1.6911
    8261       1.8231
    8262       1.8758
    8263       1.7535
    8264       1.7616
    8265       1.8855
    8266       1.9312
    8267       1.8397
    8268       1.8330
    8269       1.9242
    8270       2.0460
    8271       1.9406
    8272       1.9358
    8273       1.6941
    8274       1.8256
    8275       1.7460
    8276       1.7514
    8277       1.9225
    8278       2.0827
    8279       1.9140
    8280       1.9259
    8281       1.9331
    8282       1.9609
    8283       1.9983
    8284       1.9149
    8285       1.8654
    8286       1.8405
    8287       1.9626
    8288       1.9406
    8289       1.7848
    8290       1.5991
    8291       1.7223
    8292       1.7496
    8293       1.8065
    8294       1.7328
    8295       1.6598
    8296       1.7796
    8297       1.7901
    8298       1.8819
    8299       1.8196
    8300       1.9116
    8301       1.8754
    8302       1.7951
    8303       1.7651
    8304       1.7281
    8305       1.8394
    8306       1.8168
    8307       1.7931
    8308       1.6706
    8309       1.7728
    8310       1.6940
    8311       1.7502
    8312       1.7545
    8313       1.8718
    8314       1.8914
    8315       2.0358
    8316       2.0333
    8317       1.9097
    8318       1.8902
    8319       1.8448
    8320       1.9552
    8321       1.9728
    8322       1.8494
    8323       1.8391
    8324       1.9710
    8325       1.8857
    8326       1.7572
    8327       1.8422
    8328       1.7751
    8329       1.7947
    8330       1.7777
    8331       1.8861
    8332       1.7418
    8333       1.7617
    8334       1.7836
    8335       1.8001
    8336       1.7783
    8337       1.9536
    8338       2.0059
    8339       1.8804
    8340       1.9042
    8341       1.8841
    8342       1.9961
    8343       1.7992
    8344       1.9335
    8345       2.1210
    8346       2.0612
    8347       1.9482
    8348       1.7789
    8349       1.9479
    8350       1.9318
    8351       1.8185
    8352       1.6316
    8353       1.8369
    8354       1.9138
    8355       1.7608
    8356       1.8792
    8357       1.8649
    8358       1.7542
    8359       1.8979
    8360       1.9030
    8361       1.7349
    8362       1.6901
    8363       1.5821
    8364       1.5903
    8365       1.6652
    8366       1.5948
    8367       1.5956
    8368       1.6313
    8369       1.6143
    8370       1.5862
    8371       1.5711
    8372       1.5743
    8373       1.6822
    8374       1.7863
    8375       1.6910
    8376       1.6012
    8377       1.6184
    8378       1.7589
    8379       1.6765
    8380       1.7662
    8381       1.8536
    8382       1.6404
    8383       1.7271
    8384       1.7663
    8385       1.7233
    8386       1.6237
    8387       1.7715
    8388       1.7225
    8389       1.8312
    8390       1.8457
    8391       1.8069
    8392       1.7572
    8393       1.8752
    8394       1.7239
    8395       1.7586
    8396       1.7626
    8397       1.8230
    8398       1.7036
    8399       1.8377
    8400       1.7625
    8401       1.6729
    8402       1.6858
    8403       1.8338
    8404       1.9708
    8405       1.9170
    8406       1.9153
    8407       1.9792
    8408       1.8082
    8409       1.7775
    8410       1.8035
    8411       2.0528
    8412       2.1329
    8413       2.0590
    8414       1.8659
    8415       1.9486
    8416       1.9635
    8417       1.9235
    8418       1.9238
    8419       1.9352
    8420       1.8646
    8421       1.8905
    8422       1.8497
    8423       1.8368
    8424       1.8639
    8425       1.8364
    8426       1.8232
    8427       1.8979
    8428       1.9204
    8429       1.9449
    8430       2.0492
    8431       2.1254
    8432       2.0127
    8433       2.0590
    8434       2.0987
    8435       2.0618
    8436       2.0940
    8437       2.2055
    8438       2.1301
    8439       1.9671
    8440       2.1335
    8441       2.1185
    8442       2.0458
    8443       2.1310
    8444       2.0604
    8445       1.9206
    8446       1.9641
    8447       1.8385
    8448       1.9393
    8449       2.0327
    8450       1.9189
    8451       1.8638
    8452       2.0303
    8453       2.0440
    8454       1.9170
    8455       1.9588
    8456       1.9053
    8457       2.0310
    8458       1.8943
    8459       1.9421
    8460       2.0823
    8461       2.0799
    8462       2.0339
    8463       2.0394
    8464       2.0372
    8465       1.9734
    8466       1.9899
    8467       1.9520
    8468       1.9669
    8469       1.8688
    8470       1.7650
    8471       1.9333
    8472       1.9951
    8473       1.9409
    8474       1.9895
    8475       2.0061
    8476       2.0236
    8477       1.9775
    8478       1.8569
    8479       1.9374
    8480       1.9925
    8481       1.8515
    8482       1.7862
    8483       1.5855
    8484       1.6973
    8485       1.7065
    8486       1.6368
    8487       1.6031
    8488       1.7724
    8489       1.6870
    8490       1.6279
    8491       1.5706
    8492       1.6804
    8493       1.7439
    8494       1.7307
    8495       1.7548
    8496       1.7492
    8497       1.7912
    8498       1.9551
    8499       2.1499
    8500       1.6560
    8501       1.7441
    8502       2.0876
    8503       2.0927
    8504       2.0349
    8505       2.0376
    8506       1.8468
    8507       1.6841
    8508       1.9488
    8509       1.8989
    8510       1.9643
    8511       1.9121
    8512       1.8579
    8513       1.7573
    8514       1.9516
    8515       2.0487
    8516       1.9654
    8517       1.9624
    8518       1.8480
    8519       1.8525
    8520       1.9439
    8521       1.8645
    8522       1.8070
    8523       1.8657
    8524       1.7687
    8525       1.7848
    8526       1.8678
    8527       1.8110
    8528       1.7107
    8529       1.6760
    8530       1.8325
    8531       1.8737
    8532       1.7752
    8533       1.8534
    8534       1.8272
    8535       1.7507
    8536       1.7850
    8537       1.6444
    8538       1.6907
    8539       1.7286
    8540       1.7874
    8541       1.9097
    8542       1.8977
    8543       1.8873
    8544       1.7458
    8545       1.8286
    8546       1.8212
    8547       1.9894
    8548       2.0839
    8549       1.7945
    8550       1.8262
    8551       1.9298
    8552       1.8323
    8553       1.7784
    8554       1.7217
    8555       1.7756
    8556       1.7005
    8557       1.8101
    8558       1.7772
    8559       1.6658
    8560       1.6845
    8561       1.7502
    8562       1.6471
    8563       1.7769
    8564       1.8228
    8565       1.7359
    8566       1.8233
    8567       1.8540
    8568       1.8645
    8569       1.8504
    8570       1.7209
    8571       1.7212
    8572       1.8500
    8573       1.8466
    8574       1.8025
    8575       1.7771
    8576       1.7234
    8577       1.7806
    8578       1.7804
    8579       1.8564
    8580       1.7313
    8581       1.7372
    8582       1.7742
    8583       1.7266
    8584       1.6312
    8585       1.8066
    8586       1.9390
    8587       1.8264
    8588       2.0383
    8589       1.9633
    8590       1.9197
    8591       1.7471
    8592       1.7981
    8593       1.6299
    8594       1.5936
    8595       1.6410
    8596       1.6191
    8597       1.7710
    8598       1.8692
    8599       1.8289
    8600       1.6470
    8601       1.7681
    8602       1.8288
    8603       1.7514
    8604       1.8254
    8605       1.8878
    8606       1.7238
    8607       1.7846
    8608       1.7661
    8609       1.8392
    8610       1.7320
    8611       1.8920
    8612       1.8806
    8613       1.9928
    8614       1.9819
    8615       1.9079
    8616       2.0212
    8617       1.8884
    8618       2.0159
    8619       1.8357
    8620       1.7609
    8621       1.8335
    8622       1.7405
    8623       1.7103
    8624       1.7439
    8625       1.7034
    8626       1.8091
    8627       1.8678
    8628       1.7634
    8629       1.6871
    8630       1.6890
    8631       1.7758
    8632       1.7552
    8633       1.9274
    8634       2.0064
    8635       2.0325
    8636       2.0694
    8637       2.1702
    8638       2.0561
    8639       1.9684
    8640       1.9426
    8641       1.9277
    8642       1.9049
    8643       1.8302
    8644       1.9695
    8645       1.8893
    8646       1.8411
    8647       1.8811
    8648       1.7651
    8649       1.9479
    8650       1.8632
    8651       1.9182
    8652       1.8608
    8653       1.8297
    8654       1.8669
    8655       1.9067
    8656       1.7145
    8657       1.8156
    8658       2.0296
    8659       1.8578
    8660       1.8837
    8661       1.9041
    8662       1.9609
    8663       1.9518
    8664       1.8001
    8665       1.7407
    8666       1.6384
    8667       1.6921
    8668       1.8130
    8669       1.6729
    8670       1.7115
    8671       1.6179
    8672       1.7275
    8673       1.8561
    8674       1.7414
    8675       1.6592
    8676       1.6322
    8677       1.5518
    8678       1.6083
    8679       1.5947
    8680       1.5804
    8681       1.6372
    8682       1.6266
    8683       1.6849
    8684       1.7013
    8685       1.5970
    8686       1.4294
    8687       1.6459
    8688       1.6290
    8689       1.6564
    8690       1.7182
    8691       1.8088
    8692       1.7292
    8693       1.6829
    8694       1.6383
    8695       1.6971
    8696       1.6497
    8697       1.8121
    8698       1.7563
    8699       1.7471
    8700       1.6776
    8701       1.6711
    8702       1.5119
    8703       1.7291
    8704       1.7613
    8705       1.7476
    8706       1.6322
    8707       1.5800
    8708       1.6179
    8709       1.8285
    8710       1.7562
    8711       1.7615
    8712       1.7876
    8713       2.0227
    8714       1.9193
    8715       1.7584
    8716       1.8126
    8717       1.7593
    8718       1.7693
    8719       1.7641
    8720       1.7560
    8721       1.5835
    8722       1.7818
    8723       1.7996
    8724       1.7990
    8725       1.7987
    8726       1.7159
    8727       1.7319
    8728       1.8011
    8729       1.7680
    8730       1.6430
    8731       1.6401
    8732       1.6874
    8733       1.6842
    8734       1.6771
    8735       1.6443
    8736       1.7192
    8737       1.7039
    8738       1.6232
    8739       1.7359
    8740       1.7872
    8741       1.9061
    8742       1.7648
    8743       1.6840
    8744       1.7243
    8745       1.7273
    8746       1.7905
    8747       1.7998
    8748       1.8342
    8749       1.7300
    8750       1.8511
    8751       1.9668
    8752       1.8738
    8753       1.8450
    8754       1.8838
    8755       1.8480
    8756       1.7945
    8757       1.8670
    8758       1.8765
    8759       1.8900
    8760       1.9455
    8761       1.7936
    8762       1.7633
    8763       1.9101
    8764       2.0014
    8765       2.1203
    8766       1.8843
    8767       2.0691
    8768       2.0087
    8769       2.0975
    8770       2.1315
    8771       2.0778
    8772       2.0890
    8773       2.2060
    8774       2.1604
    8775       2.1099
    8776       2.1357
    8777       1.8456
    8778       1.8014
    8779       1.7640
    8780       1.7630
    8781       1.7462
    8782       1.6979
    8783       1.7569
    8784       1.7134
    8785       1.7623
    8786       1.8328
    8787       1.8576
    8788       1.8827
    8789       1.8937
    8790       1.7444
    8791       1.7053
    8792       1.7581
    8793       1.8147
    8794       1.8071
    8795       1.7981
    8796       1.7894
    8797       1.8162
    8798       1.8676
    8799       1.7881
    8800       1.7874
    8801       1.9446
    8802       1.8486
    8803       1.7609
    8804       1.8689
    8805       2.0310
    8806       2.0777
    8807       1.9808
    8808       1.8699
    8809       1.9583
    8810       1.8162
    8811       1.7338
    8812       1.6633
    8813       1.6900
    8814       1.7958
    8815       1.7906
    8816       1.8764
    8817       1.7557
    8818       1.6790
    8819       1.6573
    8820       1.6603
    8821       1.7867
    8822       1.6485
    8823       1.6500
    8824       1.7245
    8825       1.7331
    8826       1.7281
    8827       1.8210
    8828       1.6919
    8829       1.7577
    8830       1.7463
    8831       1.7566
    8832       1.7274
    8833       1.7485
    8834       1.6829
    8835       1.6536
    8836       1.6265
    8837       1.6232
    8838       1.6662
    8839       1.7800
    8840       1.8009
    8841       1.8655
    8842       1.8315
    8843       1.7972
    8844       1.7687
    8845       1.7739
    8846       1.7301
    8847       1.7788
    8848       1.9496
    8849       1.7480
    8850       1.7920
    8851       1.8348
    8852       1.8731
    8853       1.8254
    8854       1.8133
    8855       1.7732
    8856       1.8873
    8857       1.8004
    8858       1.8465
    8859       1.7187
    8860       1.8143
    8861       1.8742
    8862       1.7937
    8863       1.9062
    8864       1.8960
    8865       1.7523
    8866       1.8258
    8867       1.8305
    8868       1.8415
    8869       1.7372
    8870       1.7926
    8871       1.8180
    8872       1.7798
    8873       1.7676
    8874       1.8590
    8875       1.9514
    8876       1.7567
    8877       1.8344
    8878       1.7992
    8879       1.7732
    8880       1.7285
    8881       1.7949
    8882       1.8306
    8883       1.8422
    8884       1.8630
    8885       1.7881
    8886       1.9469
    8887       1.8717
    8888       1.8683
    8889       1.8429
    8890       1.9534
    8891       1.8481
    8892       1.8289
    8893       1.7837
    8894       1.6762
    8895       1.8423
    8896       1.6866
    8897       1.6901
    8898       1.7371
    8899       1.8709
    8900       1.7978
    8901       1.8265
    8902       1.7759
    8903       1.8150
    8904       1.8506
    8905       1.7977
    8906       1.9284
    8907       1.9612
    8908       2.0473
    8909       2.0570
    8910       1.8732
    8911       1.8747
    8912       1.9083
    8913       1.8680
    8914       1.9009
    8915       1.8450
    8916       1.9939
    8917       1.9260
    8918       2.0161
    8919       2.0904
    8920       2.1380
    8921       2.0219
    8922       2.0998
    8923       2.1646
    8924       2.0051
    8925       1.8380
    8926       1.8610
    8927       1.8025
    8928       1.8824
    8929       2.0843
    8930       1.7887
    8931       1.7330
    8932       1.9051
    8933       1.6584
    8934       1.6199
    8935       1.6280
    8936       1.5952
    8937       1.5654
    8938       1.6188
    8939       1.5837
    8940       1.6694
    8941       1.6491
    8942       1.7947
    8943       1.8626
    8944       1.6403
    8945       1.7850
    8946       1.7677
    8947       1.7415
    8948       1.7192
    8949       1.7756
    8950       1.8053
    8951       1.8607
    8952       1.9055
    8953       1.7766
    8954       1.8267
    8955       1.7769
    8956       1.7299
    8957       1.6488
    8958       1.7272
    8959       1.6999
    8960       1.7746
    8961       1.7771
    8962       1.7438
    8963       1.7953
    8964       1.7047
    8965       1.8299
    8966       1.9003
    8967       1.9259
    8968       1.8812
    8969       1.7149
    8970       1.8729
    8971       2.0227
    8972       1.8352
    8973       1.9601
    8974       1.9270
    8975       1.9475
    8976       1.9274
    8977       1.8868
    8978       1.9117
    8979       1.8312
    8980       1.8216
    8981       1.9697
    8982       1.8841
    8983       1.8799
    8984       1.8185
    8985       1.9304
    8986       1.8328
    8987       2.0515
    8988       1.9465
    8989       1.9245
    8990       1.9006
    8991       2.0313
    8992       2.0870
    8993       1.9060
    8994       1.8486
    8995       1.8787
    8996       1.8684
    8997       1.7572
    8998       1.7818
    8999       1.8734
    9000       1.7571
    9001       1.6997
    9002       1.7864
    9003       1.8376
    9004       1.8420
    9005       1.8311
    9006       1.8524
    9007       1.9030
    9008       1.8206
    9009       1.9441
    9010       1.9751
    9011       1.8212
    9012       1.8886
    9013       1.9702
    9014       1.9186
    9015       1.9313
    9016       1.9520
    9017       1.9346
    9018       1.8187
    9019       1.8353
    9020       1.9471
    9021       1.9041
    9022       1.8398
    9023       1.9002
    9024       1.8838
    9025       1.7556
    9026       1.7129
    9027       1.7846
    9028       1.8310
    9029       1.7101
    9030       1.6823
    9031       1.8000
    9032       1.6519
    9033       1.7002
    9034       1.6442
    9035       1.8285
    9036       1.8693
    9037       1.8235
    9038       1.8970
    9039       1.7278
    9040       1.6185
    9041       1.6629
    9042       1.7503
    9043       1.7531
    9044       1.6925
    9045       1.7012
    9046       1.7538
    9047       1.6051
    9048       1.6482
    9049       1.7019
    9050       1.6759
    9051       1.6146
    9052       1.5989
    9053       1.6236
    9054       1.5997
    9055       1.6367
    9056       1.5413
    9057       1.5816
    9058       1.7205
    9059       1.7002
    9060       1.7029
    9061       1.7472
    9062       1.6312
    9063       1.6709
    9064       1.7662
    9065       1.5464
    9066       1.5828
    9067       1.8861
    9068       1.8139
    9069       1.7906
    9070       1.6460
    9071       1.8812
    9072       1.7812
    9073       1.7675
    9074       1.9480
    9075       1.7707
    9076       1.7500
    9077       1.5677
    9078       1.5899
    9079       1.6532
    9080       1.5555
    9081       1.5445
    9082       1.5291
    9083       1.6088
    9084       1.6823
    9085       1.6772
    9086       1.6459
    9087       1.5590
    9088       1.5508
    9089       1.5980
    9090       1.6806
    9091       1.6967
    9092       1.7001
    9093       1.5837
    9094       1.6841
    9095       1.8212
    9096       1.7003
    9097       1.7534
    9098       1.7413
    9099       1.7353
    9100       1.7061
    9101       1.8271
    9102       1.7736
    9103       1.6362
    9104       1.7143
    9105       1.6215
    9106       1.6873
    9107       1.7289
    9108       1.6501
    9109       1.6698
    9110       1.7174
    9111       1.6011
    9112       1.7048
    9113       1.7207
    9114       1.7343
    9115       1.8610
    9116       1.7257
    9117       1.8319
    9118       1.7231
    9119       1.8827
    9120       1.8627
    9121       1.7694
    9122       1.8307
    9123       1.9928
    9124       2.0034
    9125       1.8771
    9126       1.8594
    9127       1.8959
    9128       1.9710
    9129       1.8609
    9130       1.6502
    9131       1.7565
    9132       1.8473
    9133       1.8309
    9134       1.5519
    9135       1.7600
    9136       1.6699
    9137       1.5519
    9138       1.5677
    9139       1.6717
    9140       1.7458
    9141       1.7300
    9142       1.6139
    9143       1.6239
    9144       1.6768
    9145       1.5712
    9146       1.5839
    9147       1.6261
    9148       1.6743
    9149       1.5533
    9150       1.5697
    9151       1.6876
    9152       1.6591
    9153       1.5555
    9154       1.7125
    9155       1.7042
    9156       1.7178
    9157       1.8786
    9158       1.8229
    9159       1.7166
    9160       1.6240
    9161       1.7253
    9162       1.6768
    9163       1.6398
    9164       1.5234
    9165       1.5722
    9166       1.6205
    9167       1.6075
    9168       1.7490
    9169       1.8372
    9170       1.8446
    9171       1.7112
    9172       1.6824
    9173       1.8470
    9174       1.9090
    9175       1.6606
    9176       1.6798
    9177       1.6968
    9178       1.7170
    9179       1.6706
    9180       1.6350
    9181       1.7180
    9182       1.5915
    9183       1.6706
    9184       1.7901
    9185       1.7292
    9186       1.7178
    9187       1.6874
    9188       1.7148
    9189       1.9323
    9190       2.0009
    9191       1.9551
    9192       1.9887
    9193       2.0603
    9194       1.9167
    9195       1.8723
    9196       1.9205
    9197       1.9027
    9198       1.9041
    9199       1.9208
    9200       1.9777
    9201       1.8787
    9202       1.9064
    9203       1.8491
    9204       1.7924
    9205       1.8895
    9206       1.8933
    9207       1.7472
    9208       1.8006
    9209       1.8441
    9210       1.8680
    9211       1.7836
    9212       1.7987
    9213       1.8475
    9214       1.8079
    9215       1.8168
    9216       1.8551
    9217       1.8383
    9218       1.7989
    9219       1.8702
    9220       1.8602
    9221       1.7861
    9222       1.7007
    9223       1.7241
    9224       1.7122
    9225       1.7881
    9226       1.8355
    9227       1.9577
    9228       2.0279
    9229       1.9148
    9230       1.7920
    9231       1.8020
    9232       1.8291
    9233       1.8074
    9234       1.7009
    9235       1.7851
    9236       1.8085
    9237       1.6423
    9238       1.7903
    9239       1.6381
    9240       1.6534
    9241       1.7548
    9242       1.7484
    9243       1.8189
    9244       1.9401
    9245       1.9471
    9246       1.8063
    9247       1.7721
    9248       1.6924
    9249       1.6684
    9250       1.6348
    9251       1.6414
    9252       1.6183
    9253       1.7425
    9254       1.7796
    9255       1.8599
    9256       1.6598
    9257       1.7802
    9258       1.7096
    9259       1.8428
    9260       1.7396
    9261       1.6686
    9262       1.6667
    9263       1.5526
    9264       1.6764
    9265       1.6134
    9266       1.6923
    9267       1.6611
    9268       1.6778
    9269       1.6003
    9270       1.6337
    9271       1.6867
    9272       1.5214
    9273       1.4953
    9274       1.4749
    9275       1.5164
    9276       1.5574
    9277       1.6165
    9278       1.6058
    9279       1.6490
    9280       1.7601
    9281       1.7433
    9282       1.7774
    9283       1.8987
    9284       1.7818
    9285       1.8752
    9286       1.6786
    9287       1.6999
    9288       1.6479
    9289       1.6315
    9290       1.7457
    9291       1.7957
    9292       1.8457
    9293       1.6947
    9294       1.7051
    9295       1.6534
    9296       1.8301
    9297       1.8517
    9298       1.8291
    9299       1.8357
    9300       1.7675
    9301       1.8552
    9302       1.8533
    9303       1.8919
    9304       1.8333
    9305       1.9105
    9306       1.9718
    9307       1.9039
    9308       1.8370
    9309       1.8894
    9310       1.8898
    9311       1.9697
    9312       1.9997
    9313       1.8974
    9314       1.9165
    9315       1.9710
    9316       1.9925
    9317       1.8768
    9318       1.8209
    9319       1.9942
    9320       1.9237
    9321       2.0146
    9322       1.8671
    9323       1.9403
    9324       1.7143
    9325       1.8271
    9326       1.8189
    9327       1.8000
    9328       1.9090
    9329       1.9057
    9330       1.8487
    9331       1.8133
    9332       1.7789
    9333       2.0251
    9334       1.7834
    9335       1.7583
    9336       1.8492
    9337       1.7823
    9338       1.8775
    9339       1.9128
    9340       1.8558
    9341       1.8966
    9342       1.8173
    9343       1.9139
    9344       1.7560
    9345       1.7917
    9346       1.8912
    9347       2.0414
    9348       2.2083
    9349       2.1171
    9350       1.9256
    9351       1.9335
    9352       1.9447
    9353       1.9500
    9354       1.9257
    9355       1.9280
    9356       1.9506
    9357       1.8975
    9358       1.8327
    9359       1.9128
    9360       1.8134
    9361       1.8164
    9362       1.8182
    9363       2.0326
    9364       1.9390
    9365       1.9011
    9366       1.9252
    9367       2.0395
    9368       1.8890
    9369       1.8002
    9370       1.8364
    9371       1.8659
    9372       1.8808
    9373       1.9525
    9374       1.8774
    9375       1.9777
    9376       1.9879
    9377       1.9903
    9378       1.8580
    9379       1.8988
    9380       1.8417
    9381       1.8227
    9382       1.8743
    9383       1.8093
    9384       1.9573
    9385       1.8758
    9386       1.7960
    9387       1.6279
    9388       1.8062
    9389       1.7322
    9390       1.7756
    9391       1.8121
    9392       1.7648
    9393       1.7970
    9394       1.8063
    9395       2.0237
    9396       1.7792
    9397       1.8003
    9398       1.7593
    9399       1.8084
    9400       1.8919
    9401       1.9309
    9402       2.1933
    9403       2.0987
    9404       1.9636
    9405       2.0075
    9406       1.8347
    9407       1.9492
    9408       1.7690
    9409       1.7743
    9410       1.7715
    9411       1.7482
    9412       1.9319
    9413       1.8516
    9414       1.7174
    9415       1.7776
    9416       1.7263
    9417       1.8555
    9418       1.8200
    9419       1.7680
    9420       1.7390
    9421       1.7777
    9422       1.7527
    9423       1.8041
    9424       1.7897
    9425       1.7350
    9426       1.9256
    9427       1.8236
    9428       1.7428
    9429       1.9125
    9430       1.7771
    9431       1.7481
    9432       1.8078
    9433       1.7645
    9434       1.8345
    9435       1.7128
    9436       1.8863
    9437       1.7602
    9438       1.7545
    9439       1.8048
    9440       1.8564
    9441       1.6913
    9442       1.8048
    9443       1.7680
    9444       1.7003
    9445       1.7263
    9446       1.6946
    9447       1.7659
    9448       1.8039
    9449       1.7233
    9450       1.8516
    9451       1.7168
    9452       1.5984
    9453       1.4434
    9454       1.7114
    9455       1.6049
    9456       1.7324
    9457       1.7904
    9458       1.7725
    9459       1.7081
    9460       1.5998
    9461       1.6561
    9462       1.7816
    9463       1.9590
    9464       1.7632
    9465       1.7075
    9466       1.7200
    9467       1.8418
    9468       1.8073
    9469       1.7521
    9470       1.6475
    9471       1.7208
    9472       1.5801
    9473       1.7093
    9474       1.8660
    9475       1.9005
    9476       1.9300
    9477       1.8027
    9478       1.7934
    9479       1.7816
    9480       1.8931
    9481       1.8994
    9482       1.6927
    9483       1.6628
    9484       1.7614
    9485       1.7907
    9486       1.7995
    9487       1.5944
    9488       1.5220
    9489       1.5666
    9490       1.4928
    9491       1.6460
    9492       1.6323
    9493       1.5656
    9494       1.6880
    9495       1.8545
    9496       1.7662
    9497       1.8678
    9498       1.7700
    9499       1.7918
    9500       1.6533
    9501       1.5437
    9502       1.5985
    9503       1.4832
    9504       1.4969
    9505       1.5351
    9506       1.5744
    9507       1.5641
    9508       1.6176
    9509       1.6772
    9510       1.7081
    9511       1.6587
    9512       1.6619
    9513       1.6104
    9514       1.5386
    9515       1.6083
    9516       1.5046
    9517       1.5951
    9518       1.5984
    9519       1.6183
    9520       1.5974
    9521       1.6288
    9522       1.7576
    9523       1.6769
    9524       1.7556
    9525       1.8471
    9526       1.7353
    9527       1.8296
    9528       1.9059
    9529       1.8835
    9530       1.8333
    9531       1.7417
    9532       1.8906
    9533       1.8724
    9534       1.7070
    9535       1.6189
    9536       1.6597
    9537       1.6774
    9538       1.7993
    9539       1.9119
    9540       1.8076
    9541       2.0811
    9542       1.9414
    9543       1.7969
    9544       1.8054
    9545       1.6747
    9546       1.7791
    9547       1.7429
    9548       1.7143
    9549       1.6869
    9550       1.7660
    9551       1.7286
    9552       1.8682
    9553       1.8647
    9554       1.7996
    9555       1.8717
    9556       1.8901
    9557       1.8012
    9558       1.8604
    9559       1.8483
    9560       1.8091
    9561       1.7981
    9562       1.9287
    9563       1.7788
    9564       1.7996
    9565       1.9186
    9566       1.7410
    9567       1.8469
    9568       1.7539
    9569       1.7834
    9570       1.8110
    9571       1.8470
    9572       1.7073
    9573       1.7734
    9574       1.7456
    9575       1.7584
    9576       1.7339
    9577       1.7559
    9578       1.7871
    9579       1.6338
    9580       1.7294
    9581       1.6657
    9582       1.6917
    9583       1.9351
    9584       2.0923
    9585       2.0280
    9586       2.0981
    9587       2.0365
    9588       1.9896
    9589       1.9792
    9590       1.9233
    9591       1.7384
    9592       1.7783
    9593       1.8549
    9594       1.6900
    9595       1.6736
    9596       1.6918
    9597       1.7758
    9598       1.7739
    9599       1.8753
    9600       1.8890
    9601       2.0008
    9602       1.9477
    9603       1.8358
    9604       1.7684
    9605       1.8971
    9606       1.7327
    9607       1.7812
    9608       1.9040
    9609       1.9915
    9610       1.8588
    9611       1.7376
    9612       1.8869
    9613       1.7554
    9614       1.7462
    9615       1.6615
    9616       1.6467
    9617       1.7621
    9618       1.7448
    9619       1.7389
    9620       1.7480
    9621       1.7099
    9622       2.0459
    9623       1.9102
    9624       1.7663
    9625       1.9060
    9626       1.7965
    9627       1.7117
    9628       1.6921
    9629       1.8504
    9630       1.7997
    9631       1.8452
    9632       1.6920
    9633       1.6964
    9634       1.6687
    9635       1.6306
    9636       1.8098
    9637       1.8183
    9638       1.9101
    9639       1.7538
    9640       1.7849
    9641       1.9677
    9642       1.8105
    9643       1.8990
    9644       1.8781
    9645       1.7220
    9646       1.7823
    9647       1.8342
    9648       1.7996
    9649       1.7587
    9650       1.7723
    9651       1.6091
    9652       1.6560
    9653       1.6337
    9654       1.5788
    9655       1.6357
    9656       1.5695
    9657       1.5065
    9658       1.5556
    9659       1.6722
    9660       1.8958
    9661       1.7778
    9662       1.7890
    9663       1.8604
    9664       1.8324
    9665       1.9234
    9666       1.8379
    9667       2.0202
    9668       1.9846
    9669       2.0462
    9670       1.9656
    9671       1.7869
    9672       2.0326
    9673       2.1176
    9674       1.9657
    9675       1.8506
    9676       1.8898
    9677       1.9797
    9678       1.9315
    9679       2.0984
    9680       1.8977
    9681       1.8856
    9682       1.9369
    9683       1.6183
    9684       1.8351
    9685       1.9028
    9686       1.7814
    9687       1.7931
    9688       1.7326
    9689       1.8066
    9690       1.7252
    9691       1.7938
    9692       1.9145
    9693       1.8517
    9694       1.8838
    9695       1.8339
    9696       1.9799
    9697       1.8771
    9698       1.8976
    9699       1.8841
    9700       1.8435
    9701       2.0347
    9702       1.9062
    9703       2.0153
    9704       1.9551
    9705       1.9258
    9706       1.8502
    9707       1.8022
    9708       1.7685
    9709       1.7310
    9710       1.6778
    9711       1.7252
    9712       1.6951
    9713       1.7011
    9714       1.6657
    9715       1.7831
    9716       1.7439
    9717       1.8015
    9718       1.7181
    9719       1.8116
    9720       1.6907
    9721       1.6820
    9722       1.7409
    9723       1.6626
    9724       1.6914
    9725       1.6359
    9726       1.6923
    9727       1.6032
    9728       1.6828
    9729       1.7001
    9730       1.6735
    9731       1.7434
    9732       1.8280
    9733       1.7910
    9734       1.8548
    9735       1.7281
    9736       1.7039
    9737       1.7707
    9738       1.8095
    9739       1.7752
    9740       1.8514
    9741       1.7242
    9742       1.8205
    9743       1.7249
    9744       1.7838
    9745       1.8330
    9746       1.9492
    9747       1.9756
    9748       1.8941
    9749       1.9545
    9750       1.9756
    9751       2.1264
    9752       1.9570
    9753       1.9663
    9754       1.9247
    9755       2.0151
    9756       1.9681
    9757       1.9854
    9758       2.0652
    9759       2.0351
    9760       2.0186
    9761       1.8269
    9762       1.8589
    9763       1.9336
    9764       1.7674
    9765       1.7426
    9766       1.7054
    9767       1.6357
    9768       1.6811
    9769       1.7409
    9770       1.6759
    9771       1.6334
    9772       1.7165
    9773       1.6352
    9774       1.7432
    9775       1.6286
    9776       1.6493
    9777       1.6914
    9778       1.7084
    9779       1.7787
    9780       1.7426
    9781       1.7264
    9782       1.6815
    9783       1.7582
    9784       1.6230
    9785       1.6031
    9786       1.7638
    9787       1.7426
    9788       1.7736
    9789       1.7111
    9790       1.6256
    9791       1.7378
    9792       1.7237
    9793       1.6249
    9794       1.7293
    9795       1.8908
    9796       2.0220
    9797       1.7502
    9798       1.7343
    9799       1.7855
    9800       1.9431
    9801       1.7896
    9802       1.9402
    9803       1.9224
    9804       1.7919
    9805       1.8575
    9806       1.8399
    9807       1.7919
    9808       1.8273
    9809       1.7629
    9810       1.8157
    9811       1.8351
    9812       1.8620
    9813       1.9514
    9814       1.7879
    9815       1.7088
    9816       1.6568
    9817       1.6840
    9818       1.7463
    9819       1.6395
    9820       1.8314
    9821       1.8356
    9822       1.8438
    9823       1.8337
    9824       1.8116
    9825       1.9083
    9826       1.9514
    9827       2.0576
    9828       2.0209
    9829       2.1246
    9830       2.0157
    9831       1.9657
    9832       1.8766
    9833       1.8945
    9834       2.0067
    9835       1.9175
    9836       1.9370
    9837       1.8862
    9838       1.7819
    9839       1.8867
    9840       2.0112
    9841       1.8547
    9842       1.8959
    9843       1.8179
    9844       1.8729
    9845       1.7889
    9846       1.7697
    9847       1.7511
    9848       1.7551
    9849       1.7506
    9850       1.7989
    9851       1.8895
    9852       1.6823
    9853       1.7026
    9854       1.7616
    9855       1.7314
    9856       1.8275
    9857       1.9340
    9858       1.7191
    9859       1.7544
    9860       1.7173
    9861       1.7975
    9862       1.7789
    9863       1.7720
    9864       1.7723
    9865       1.7028
    9866       1.6523
    9867       1.7943
    9868       1.7623
    9869       1.6471
    9870       1.6955
    9871       1.6827
    9872       1.7621
    9873       1.7916
    9874       1.9073
    9875       1.9018
    9876       1.8572
    9877       1.7777
    9878       1.7432
    9879       1.5985
    9880       1.6484
    9881       1.6361
    9882       1.6958
    9883       1.6060
    9884       1.5773
    9885       1.8579
    9886       1.7221
    9887       2.0172
    9888       1.8101
    9889       1.7321
    9890       1.6968
    9891       1.7466
    9892       1.7140
    9893       1.7696
    9894       1.6425
    9895       1.7357
    9896       1.8206
    9897       1.8276
    9898       1.5835
    9899       1.8464
    9900       1.9029
    9901       1.8568
    9902       1.8253
    9903       1.8025
    9904       1.8656
    9905       1.7533
    9906       1.8903
    9907       1.8202
    9908       1.9462
    9909       1.8336
    9910       1.7783
    9911       1.7921
    9912       1.8308
    9913       1.8164
    9914       1.7361
    9915       1.7688
    9916       1.7524
    9917       1.8332
    9918       1.6937
    9919       1.6546
    9920       1.6620
    9921       1.7626
    9922       1.7372
    9923       1.7522
    9924       1.7833
    9925       1.7425
    9926       1.7134
    9927       1.7868
    9928       1.6565
    9929       1.6824
    9930       1.6062
    9931       1.6739
    9932       1.7352
    9933       1.7638
    9934       1.8051
    9935       1.6421
    9936       1.7637
    9937       1.7008
    9938       1.6777
    9939       1.8224
    9940       1.8846
    9941       1.8155
    9942       1.8901
    9943       1.8838
    9944       1.8739
    9945       1.7841
    9946       1.8682
    9947       1.8970
    9948       1.9177
    9949       1.8641
    9950       1.9107
    9951       1.8816
    9952       2.1059
    9953       2.0835
    9954       2.0783
    9955       1.9782
    9956       2.1329
    9957       2.0056
    9958       1.9789
    9959       2.0293
    9960       1.9291
    9961       1.8769
    9962       1.9807
    9963       2.0345
    9964       2.1136
    9965       2.1180
    9966       1.9484
    9967       1.9236
    9968       1.9174
    9969       1.8993
    9970       1.9415
    9971       1.8817
    9972       1.8993
    9973       1.8801
    9974       1.8502
    9975       1.9257
    9976       1.9829
    9977       1.9748
    9978       1.9701
    9979       2.0138
    9980       1.9619
    9981       1.9545
    9982       1.8826
    9983       1.8417
    9984       1.6972
    9985       1.8169
    9986       1.9289
    9987       1.8655
    9988       1.9228
    9989       1.8577
    9990       1.9766
    9991       2.0006
    9992       2.0550
    9993       1.8908
    9994       1.9762
    9995       1.8380
    9996       1.6895
    9997       1.8242
    9998       1.7851
    9999       1.9286
   10000       1.8472
