#Frame     RMSD_00002
       1       0.0000
       2       0.8183
       3       0.7433
       4       0.8053
       5       0.7677
       6       0.8695
       7       0.8985
       8       1.0067
       9       0.8660
      10       0.8648
      11       1.0035
      12       0.9374
      13       1.0200
      14       1.0346
      15       1.0284
      16       0.8987
      17       1.0081
      18       1.0150
      19       1.0382
      20       1.1023
      21       1.1358
      22       1.2641
      23       1.3225
      24       1.2178
      25       1.2815
      26       1.2521
      27       1.2018
      28       1.4955
      29       1.6438
      30       1.5761
      31       1.6590
      32       1.5667
      33       1.7359
      34       1.6531
      35       1.5710
      36       1.4656
      37       1.6173
      38       1.6375
      39       1.6740
      40       1.5258
      41       1.5967
      42       1.5527
      43       1.5530
      44       1.4325
      45       1.5302
      46       1.5726
      47       1.5674
      48       1.6655
      49       1.6434
      50       1.6524
      51       1.6071
      52       1.5323
      53       1.6387
      54       1.4795
      55       1.6651
      56       1.6871
      57       1.5982
      58       1.6533
      59       1.7309
      60       1.6722
      61       1.8111
      62       1.7093
      63       1.8264
      64       1.7447
      65       1.7356
      66       1.9141
      67       2.0848
      68       2.0595
      69       1.9647
      70       1.8463
      71       2.0310
      72       2.0460
      73       2.0754
      74       2.1382
      75       2.2274
      76       2.2109
      77       2.0913
      78       2.1222
      79       1.9631
      80       2.0290
      81       2.0129
      82       1.9031
      83       2.0179
      84       1.8162
      85       1.8929
      86       2.0770
      87       1.9738
      88       1.9946
      89       1.9780
      90       1.8482
      91       1.8987
      92       1.9330
      93       1.9359
      94       1.8720
      95       1.8620
      96       1.8459
      97       1.8479
      98       1.9587
      99       1.7466
     100       1.9556
     101       1.9671
     102       2.0565
     103       2.0113
     104       2.1127
     105       2.3753
     106       2.3152
     107       2.3471
     108       2.2303
     109       2.1204
     110       2.1867
     111       2.1980
     112       2.1011
     113       2.0937
     114       2.1019
     115       2.3271
     116       2.0843
     117       1.8470
     118       2.0855
     119       2.0283
     120       2.1136
     121       2.4157
     122       2.4146
     123       2.4278
     124       2.1558
     125       2.2910
     126       2.2355
     127       2.0641
     128       2.3729
     129       2.5326
     130       2.3910
     131       2.3016
     132       2.3021
     133       2.2158
     134       2.3247
     135       2.2112
     136       2.3044
     137       2.2574
     138       2.3844
     139       2.3122
     140       2.1634
     141       2.3192
     142       2.2417
     143       2.4581
     144       2.3323
     145       2.4468
     146       2.3567
     147       2.3959
     148       2.4014
     149       2.3558
     150       2.1608
     151       2.1362
     152       2.0638
     153       2.0530
     154       1.8943
     155       2.1384
     156       2.1296
     157       2.0048
     158       2.1281
     159       2.1283
     160       2.1850
     161       2.1152
     162       2.0876
     163       2.1220
     164       2.1017
     165       2.3639
     166       2.3565
     167       2.2077
     168       2.2037
     169       2.2175
     170       2.2934
     171       2.2951
     172       2.2952
     173       2.1595
     174       2.2304
     175       2.2998
     176       2.5255
     177       2.4810
     178       2.3949
     179       2.5328
     180       2.7534
     181       2.5816
     182       2.9914
     183       2.5607
     184       2.7217
     185       2.3731
     186       2.3994
     187       2.2386
     188       2.1739
     189       1.9248
     190       1.9417
     191       2.0157
     192       1.9183
     193       1.6715
     194       1.6501
     195       1.7514
     196       1.7237
     197       1.6390
     198       1.7390
     199       1.6416
     200       1.7208
     201       1.8800
     202       1.9286
     203       1.9903
     204       1.7560
     205       1.8175
     206       1.9781
     207       1.9441
     208       1.9314
     209       2.0216
     210       2.0799
     211       2.0460
     212       2.0750
     213       1.9466
     214       1.8231
     215       1.7283
     216       1.8734
     217       1.9503
     218       1.9648
     219       1.7954
     220       1.6965
     221       2.0428
     222       2.0887
     223       1.9986
     224       2.0550
     225       2.0045
     226       2.3173
     227       2.2148
     228       2.1794
     229       2.1272
     230       2.1115
     231       2.0337
     232       1.8132
     233       1.9303
     234       2.0953
     235       2.1025
     236       2.1467
     237       2.1593
     238       2.1232
     239       2.1455
     240       2.0360
     241       2.0523
     242       2.1685
     243       1.9675
     244       1.9899
     245       2.0908
     246       2.0116
     247       2.1112
     248       2.0287
     249       2.0711
     250       2.0759
     251       1.9627
     252       2.1378
     253       2.0873
     254       2.3194
     255       2.0170
     256       2.0442
     257       2.1083
     258       2.1831
     259       2.1378
     260       2.1078
     261       2.3412
     262       2.3294
     263       2.4931
     264       2.4542
     265       2.7447
     266       2.7661
     267       2.8496
     268       2.8483
     269       2.6172
     270       2.5983
     271       2.6757
     272       2.7944
     273       2.8691
     274       2.8937
     275       3.1128
     276       2.9077
     277       3.1373
     278       3.1151
     279       3.2229
     280       3.1097
     281       3.1655
     282       3.2848
     283       3.2338
     284       3.3733
     285       3.4605
     286       3.5312
     287       3.2616
     288       3.4251
     289       3.4006
     290       3.1083
     291       3.2111
     292       3.3429
     293       3.4640
     294       3.3959
     295       3.6377
     296       3.6474
     297       3.8120
     298       3.7771
     299       3.6976
     300       3.6756
     301       3.4762
     302       3.3889
     303       3.1613
     304       3.3207
     305       3.1977
     306       3.2263
     307       3.0307
     308       3.1223
     309       3.0582
     310       3.1216
     311       3.3128
     312       3.2090
     313       3.1509
     314       2.7651
     315       2.7902
     316       2.7880
     317       2.6655
     318       2.5454
     319       2.6999
     320       2.6577
     321       2.6816
     322       2.6558
     323       2.6807
     324       2.6471
     325       2.7655
     326       2.5671
     327       2.7036
     328       2.6871
     329       2.6650
     330       2.6971
     331       2.5478
     332       2.5074
     333       2.9012
     334       3.1086
     335       3.2029
     336       3.2386
     337       3.3839
     338       3.3491
     339       3.3525
     340       3.4704
     341       3.5947
     342       3.4296
     343       3.5246
     344       3.5824
     345       3.7034
     346       3.5488
     347       3.3440
     348       3.5466
     349       3.5463
     350       3.5173
     351       3.6679
     352       3.6024
     353       3.5535
     354       3.4914
     355       3.3602
     356       3.5154
     357       3.6527
     358       3.5220
     359       3.6303
     360       3.4278
     361       3.4825
     362       3.3291
     363       3.4750
     364       3.7795
     365       3.9573
     366       4.0191
     367       3.8371
     368       3.7640
     369       3.9630
     370       3.9319
     371       3.7322
     372       3.6628
     373       3.6428
     374       3.5251
     375       3.6591
     376       3.7222
     377       3.5292
     378       3.4855
     379       3.4194
     380       3.3974
     381       3.5487
     382       3.4863
     383       3.6546
     384       3.6090
     385       3.5401
     386       3.2208
     387       3.2202
     388       3.3102
     389       3.4614
     390       3.3088
     391       3.3087
     392       3.2819
     393       3.2128
     394       3.2493
     395       3.3050
     396       3.3832
     397       3.2882
     398       3.1438
     399       3.3496
     400       3.2131
     401       3.3083
     402       3.3366
     403       3.1583
     404       2.9348
     405       2.9485
     406       2.9507
     407       2.9483
     408       2.8083
     409       3.0234
     410       2.9982
     411       3.1224
     412       3.1689
     413       3.1712
     414       2.9909
     415       2.8895
     416       2.9561
     417       2.6559
     418       3.0142
     419       2.9321
     420       2.8055
     421       2.9462
     422       2.9754
     423       2.9703
     424       2.7565
     425       2.9258
     426       3.0028
     427       2.7710
     428       2.7331
     429       2.8672
     430       3.1266
     431       3.0833
     432       3.0328
     433       2.9579
     434       3.0118
     435       2.9772
     436       3.1237
     437       2.9547
     438       2.8581
     439       2.9700
     440       2.9881
     441       3.1466
     442       3.0606
     443       3.1957
     444       3.2161
     445       3.2491
     446       3.3685
     447       3.3632
     448       3.3893
     449       3.2569
     450       3.2092
     451       3.1318
     452       3.2853
     453       3.1086
     454       3.2287
     455       3.2295
     456       3.2093
     457       2.9642
     458       2.9959
     459       3.1045
     460       3.1812
     461       3.0938
     462       3.1635
     463       3.0546
     464       3.0441
     465       3.1189
     466       3.3885
     467       3.4075
     468       3.6666
     469       3.3570
     470       3.3137
     471       3.2279
     472       3.2829
     473       3.0519
     474       3.1480
     475       3.1986
     476       3.5822
     477       3.3532
     478       3.5189
     479       3.3029
     480       3.3757
     481       3.3032
     482       3.2264
     483       3.2631
     484       3.3137
     485       3.4642
     486       3.3043
     487       3.2576
     488       3.0125
     489       3.0498
     490       2.9620
     491       2.8450
     492       2.8172
     493       2.9144
     494       3.0606
     495       3.0270
     496       2.9602
     497       2.9355
     498       3.1121
     499       3.1293
     500       3.1337
     501       3.2836
     502       3.0648
     503       3.1313
     504       3.0777
     505       3.3043
     506       3.0977
     507       3.0659
     508       3.1427
     509       3.1652
     510       2.9778
     511       3.1708
     512       3.2509
     513       3.3136
     514       3.3627
     515       3.2474
     516       3.1816
     517       2.9835
     518       3.2495
     519       3.2984
     520       3.3418
     521       3.1754
     522       2.8990
     523       2.9569
     524       2.8926
     525       3.1436
     526       3.2345
     527       3.3623
     528       3.5537
     529       3.4178
     530       3.3871
     531       3.2610
     532       3.3388
     533       3.4066
     534       3.0660
     535       3.1799
     536       3.0789
     537       2.9750
     538       3.0110
     539       2.9195
     540       3.0463
     541       2.8553
     542       2.7280
     543       2.8769
     544       2.8868
     545       2.9383
     546       2.9479
     547       2.9131
     548       2.8431
     549       2.8140
     550       2.9260
     551       2.9830
     552       3.0760
     553       3.1435
     554       3.1286
     555       2.9925
     556       3.0497
     557       3.1109
     558       3.1149
     559       3.0716
     560       3.1826
     561       3.0432
     562       2.9910
     563       2.9889
     564       2.8575
     565       2.7690
     566       2.9598
     567       2.7862
     568       2.7724
     569       2.5875
     570       2.7932
     571       2.8678
     572       2.8184
     573       2.7876
     574       2.6026
     575       2.5710
     576       2.6280
     577       2.5847
     578       2.6994
     579       2.7090
     580       2.6679
     581       2.9222
     582       2.7415
     583       2.8434
     584       2.5306
     585       2.6256
     586       2.6393
     587       2.8494
     588       2.7915
     589       2.9605
     590       3.0408
     591       3.0116
     592       3.0157
     593       3.1133
     594       3.0660
     595       3.0120
     596       3.0284
     597       2.9202
     598       2.8813
     599       3.0178
     600       3.1826
     601       3.1117
     602       3.1556
     603       3.0203
     604       2.8210
     605       2.8680
     606       2.9713
     607       2.7625
     608       2.6889
     609       2.8716
     610       2.8263
     611       2.6773
     612       2.4821
     613       2.5404
     614       2.4062
     615       2.4240
     616       2.4231
     617       2.5056
     618       2.4447
     619       2.4445
     620       2.4871
     621       2.4018
     622       2.4697
     623       2.4140
     624       2.3346
     625       2.4322
     626       2.5301
     627       2.4506
     628       2.4939
     629       2.2084
     630       2.3907
     631       2.1377
     632       2.2604
     633       2.3638
     634       2.3353
     635       2.4094
     636       2.3668
     637       2.5610
     638       2.5392
     639       2.7476
     640       2.6637
     641       2.7338
     642       3.0202
     643       2.7370
     644       2.8280
     645       2.9758
     646       2.8972
     647       2.7635
     648       2.7102
     649       2.4132
     650       2.4960
     651       2.6351
     652       2.6006
     653       2.6034
     654       2.7615
     655       2.6880
     656       2.7196
     657       2.6707
     658       2.5419
     659       2.5649
     660       2.4598
     661       2.4946
     662       2.3772
     663       2.4397
     664       2.1977
     665       2.1260
     666       2.1901
     667       2.2379
     668       2.5053
     669       2.4149
     670       2.6462
     671       2.6942
     672       2.5929
     673       2.5523
     674       2.5702
     675       2.5103
     676       2.6834
     677       2.6822
     678       2.5585
     679       2.5675
     680       2.3507
     681       2.3342
     682       2.5554
     683       2.6514
     684       2.5841
     685       2.6060
     686       2.6483
     687       2.6071
     688       2.4087
     689       2.4469
     690       2.5060
     691       2.5542
     692       2.5572
     693       2.7498
     694       2.7886
     695       2.8970
     696       2.7563
     697       2.6759
     698       2.6020
     699       2.6557
     700       2.8486
     701       2.9108
     702       2.8601
     703       2.9070
     704       3.0010
     705       2.8328
     706       2.7487
     707       2.6115
     708       2.5575
     709       2.6483
     710       2.6851
     711       2.6435
     712       2.5168
     713       2.4443
     714       2.5415
     715       2.5277
     716       2.6359
     717       2.6015
     718       2.6366
     719       2.6599
     720       2.6851
     721       2.8974
     722       2.7246
     723       2.7482
     724       2.6711
     725       2.6981
     726       2.8158
     727       2.7111
     728       2.5612
     729       2.6906
     730       2.7346
     731       2.7742
     732       2.7582
     733       2.7556
     734       2.7034
     735       2.6330
     736       2.7383
     737       2.6117
     738       2.6066
     739       2.5846
     740       2.7279
     741       2.6725
     742       2.6660
     743       2.5078
     744       2.5454
     745       2.5304
     746       2.5928
     747       2.6422
     748       2.4924
     749       2.6072
     750       2.7354
     751       2.8126
     752       2.7577
     753       2.7641
     754       2.8399
     755       2.8336
     756       2.7612
     757       2.5072
     758       2.5909
     759       2.6208
     760       2.6667
     761       2.6606
     762       2.6624
     763       2.8475
     764       2.8660
     765       2.6639
     766       2.7419
     767       2.6983
     768       2.5991
     769       2.5570
     770       2.6413
     771       2.5994
     772       2.5628
     773       2.3911
     774       2.4891
     775       2.5264
     776       2.4892
     777       2.6294
     778       2.5908
     779       2.4594
     780       2.4580
     781       2.6360
     782       2.5904
     783       2.5624
     784       2.5424
     785       2.6487
     786       2.5252
     787       2.5591
     788       2.5338
     789       2.4531
     790       2.3587
     791       2.4640
     792       2.7006
     793       2.7348
     794       2.7120
     795       2.7632
     796       2.6493
     797       2.4866
     798       2.3811
     799       2.2404
     800       2.2399
     801       2.4585
     802       2.5797
     803       2.6151
     804       2.6875
     805       2.3929
     806       2.1626
     807       2.1205
     808       1.9684
     809       1.9546
     810       1.7611
     811       1.7276
     812       1.8583
     813       1.8244
     814       1.7643
     815       1.7706
     816       1.8442
     817       2.1029
     818       2.4104
     819       2.4301
     820       2.4063
     821       2.4317
     822       2.4928
     823       2.3731
     824       2.1546
     825       2.0688
     826       1.9229
     827       2.0109
     828       2.2574
     829       2.2296
     830       2.3314
     831       2.2076
     832       2.2088
     833       2.1692
     834       2.3268
     835       2.5359
     836       2.6435
     837       2.7263
     838       2.9702
     839       3.0265
     840       3.1301
     841       3.0724
     842       2.8863
     843       2.8003
     844       2.6488
     845       2.6623
     846       2.5929
     847       2.4880
     848       2.3827
     849       2.3136
     850       2.3987
     851       2.2552
     852       2.3524
     853       2.3851
     854       2.3253
     855       2.3872
     856       2.4039
     857       2.4088
     858       2.5544
     859       2.5605
     860       2.6871
     861       2.7522
     862       2.5669
     863       2.5326
     864       2.7158
     865       2.5908
     866       2.7201
     867       2.8239
     868       2.8108
     869       2.7386
     870       2.6865
     871       2.7593
     872       2.7086
     873       2.5252
     874       2.5231
     875       2.6477
     876       2.7533
     877       2.8056
     878       2.7234
     879       2.5584
     880       2.3978
     881       2.5477
     882       2.3645
     883       2.2008
     884       2.3653
     885       2.5064
     886       2.5541
     887       2.3302
     888       2.4781
     889       2.2489
     890       2.4463
     891       2.4182
     892       2.4451
     893       2.4642
     894       2.5458
     895       2.4383
     896       2.6210
     897       2.3829
     898       2.6239
     899       2.3043
     900       2.3747
     901       2.4223
     902       2.6007
     903       2.6119
     904       2.4726
     905       2.4204
     906       2.3116
     907       2.3551
     908       2.4256
     909       2.4507
     910       2.3986
     911       2.5970
     912       2.2679
     913       2.4877
     914       2.4213
     915       2.6653
     916       2.5203
     917       2.7696
     918       2.7885
     919       2.8974
     920       2.9435
     921       3.0208
     922       2.9059
     923       2.6838
     924       2.7638
     925       2.7314
     926       2.8325
     927       2.7374
     928       2.9169
     929       2.7910
     930       2.6557
     931       2.5195
     932       2.6910
     933       2.8683
     934       2.8425
     935       2.6771
     936       2.6835
     937       2.7487
     938       2.7616
     939       2.9277
     940       3.2116
     941       3.0288
     942       2.7927
     943       2.7713
     944       2.8290
     945       2.6874
     946       2.7209
     947       2.7214
     948       2.7074
     949       2.7665
     950       2.6939
     951       2.5980
     952       2.6136
     953       2.8148
     954       2.9406
     955       2.7580
     956       2.8061
     957       2.7699
     958       2.7931
     959       2.8253
     960       2.7615
     961       2.5706
     962       2.7643
     963       2.7587
     964       2.7684
     965       2.6952
     966       2.8391
     967       3.1174
     968       3.1866
     969       3.0269
     970       3.2364
     971       3.0611
     972       3.0155
     973       2.8214
     974       2.5368
     975       2.5298
     976       2.5098
     977       2.6191
     978       2.5633
     979       2.7289
     980       2.7661
     981       2.6608
     982       2.5960
     983       2.6832
     984       2.6930
     985       2.6886
     986       2.8696
     987       2.9561
     988       2.8888
     989       2.9148
     990       2.8523
     991       2.8511
     992       2.9177
     993       2.7484
     994       2.5678
     995       2.4806
     996       2.6267
     997       2.5976
     998       2.5890
     999       2.4989
    1000       2.3799
    1001       2.4376
    1002       2.5055
    1003       2.2790
    1004       2.4590
    1005       2.5211
    1006       2.3429
    1007       2.3291
    1008       2.2816
    1009       2.4115
    1010       2.5018
    1011       2.3580
    1012       2.5277
    1013       2.5099
    1014       2.2159
    1015       2.2610
    1016       2.3525
    1017       2.4698
    1018       2.3945
    1019       2.2856
    1020       2.2687
    1021       2.2828
    1022       2.2915
    1023       2.3239
    1024       2.3362
    1025       2.1998
    1026       2.2897
    1027       2.5006
    1028       2.5399
    1029       2.5097
    1030       2.3823
    1031       2.4533
    1032       2.3660
    1033       2.4517
    1034       2.4497
    1035       2.6143
    1036       2.4975
    1037       2.7192
    1038       2.5058
    1039       2.4067
    1040       2.4702
    1041       2.5136
    1042       2.6062
    1043       2.4986
    1044       2.5352
    1045       2.5869
    1046       2.5474
    1047       2.6350
    1048       2.6587
    1049       2.8156
    1050       2.7047
    1051       2.7146
    1052       2.7855
    1053       2.8391
    1054       2.8664
    1055       2.7677
    1056       2.5486
    1057       2.7215
    1058       2.7503
    1059       2.5862
    1060       2.6312
    1061       2.5104
    1062       2.7042
    1063       2.4654
    1064       2.4893
    1065       2.3723
    1066       2.4342
    1067       2.5408
    1068       2.7529
    1069       2.7441
    1070       2.6726
    1071       2.6800
    1072       2.8591
    1073       2.6657
    1074       2.7251
    1075       2.5581
    1076       2.7350
    1077       2.5581
    1078       2.5693
    1079       2.5230
    1080       2.4576
    1081       2.6247
    1082       2.8267
    1083       2.8850
    1084       2.9004
    1085       2.8967
    1086       2.8620
    1087       2.6077
    1088       2.7706
    1089       2.6822
    1090       2.5377
    1091       2.5481
    1092       2.5489
    1093       2.5113
    1094       2.6647
    1095       2.7763
    1096       2.7221
    1097       2.8447
    1098       3.0336
    1099       2.8737
    1100       2.8559
    1101       2.8672
    1102       2.9612
    1103       2.9541
    1104       3.0725
    1105       2.8279
    1106       2.9318
    1107       2.6759
    1108       2.4600
    1109       2.7238
    1110       2.7103
    1111       2.7055
    1112       2.7615
    1113       2.5312
    1114       2.5283
    1115       2.5847
    1116       2.5396
    1117       2.5304
    1118       2.5497
    1119       2.5208
    1120       2.7224
    1121       2.6820
    1122       2.6050
    1123       2.5444
    1124       2.4124
    1125       2.6755
    1126       2.5728
    1127       2.3546
    1128       2.2759
    1129       2.3198
    1130       2.2657
    1131       2.0439
    1132       2.2392
    1133       2.2108
    1134       2.1771
    1135       2.2258
    1136       2.3887
    1137       2.4143
    1138       2.5801
    1139       2.4393
    1140       2.5604
    1141       2.3910
    1142       2.3019
    1143       2.2891
    1144       2.5116
    1145       2.7924
    1146       2.7989
    1147       2.7819
    1148       2.5526
    1149       2.6069
    1150       2.5868
    1151       2.5380
    1152       2.7899
    1153       2.8098
    1154       2.9216
    1155       2.9339
    1156       2.8133
    1157       2.9218
    1158       2.7226
    1159       2.6478
    1160       2.7852
    1161       2.6707
    1162       2.6805
    1163       2.5259
    1164       2.6955
    1165       2.4804
    1166       2.6075
    1167       2.5255
    1168       2.5212
    1169       2.4568
    1170       2.5141
    1171       2.5964
    1172       2.8905
    1173       2.5910
    1174       2.6955
    1175       2.3840
    1176       2.2925
    1177       2.3535
    1178       2.4820
    1179       2.6895
    1180       2.3744
    1181       2.0868
    1182       1.9865
    1183       2.0200
    1184       1.9659
    1185       2.0555
    1186       2.0185
    1187       2.0577
    1188       2.0973
    1189       2.1800
    1190       2.2018
    1191       2.3085
    1192       2.1640
    1193       2.2199
    1194       2.2472
    1195       2.4067
    1196       2.4546
    1197       2.4201
    1198       2.5232
    1199       2.6029
    1200       2.7509
    1201       3.0255
    1202       2.9533
    1203       2.9619
    1204       2.8235
    1205       2.5900
    1206       2.6449
    1207       2.6236
    1208       2.7178
    1209       2.4913
    1210       2.4987
    1211       2.6083
    1212       2.7376
    1213       2.5904
    1214       2.5560
    1215       2.5075
    1216       2.6353
    1217       2.7428
    1218       2.9298
    1219       2.7687
    1220       2.7556
    1221       2.6866
    1222       2.9311
    1223       2.8706
    1224       2.6453
    1225       2.6854
    1226       2.6286
    1227       2.6543
    1228       2.3812
    1229       2.5525
    1230       2.5973
    1231       2.5451
    1232       2.5553
    1233       2.6847
    1234       2.5789
    1235       2.6437
    1236       2.6194
    1237       2.5627
    1238       2.5427
    1239       2.2759
    1240       2.3046
    1241       2.3555
    1242       2.4147
    1243       2.3283
    1244       2.4753
    1245       2.6046
    1246       2.6972
    1247       2.5931
    1248       2.6380
    1249       2.8640
    1250       2.5248
    1251       2.2472
    1252       2.2888
    1253       2.3734
    1254       2.4644
    1255       2.4098
    1256       2.5356
    1257       2.4686
    1258       2.7107
    1259       2.9131
    1260       2.9142
    1261       2.8012
    1262       2.6863
    1263       2.7617
    1264       2.7020
    1265       2.5277
    1266       2.5751
    1267       2.5850
    1268       2.5986
    1269       2.3622
    1270       2.4849
    1271       2.4724
    1272       2.6199
    1273       2.5749
    1274       2.6528
    1275       2.5050
    1276       2.4028
    1277       2.4171
    1278       2.5013
    1279       2.5900
    1280       2.5913
    1281       2.8134
    1282       2.5420
    1283       2.5734
    1284       2.4457
    1285       2.4772
    1286       2.4868
    1287       2.5197
    1288       2.4525
    1289       2.3138
    1290       2.3601
    1291       2.2810
    1292       2.1745
    1293       2.1873
    1294       2.2802
    1295       2.4830
    1296       2.4973
    1297       2.6758
    1298       2.6453
    1299       2.7488
    1300       2.6476
    1301       2.6037
    1302       2.4581
    1303       2.4269
    1304       2.3469
    1305       2.4679
    1306       2.6301
    1307       2.7744
    1308       2.7765
    1309       2.8455
    1310       2.6893
    1311       2.6918
    1312       2.8774
    1313       2.6561
    1314       2.6729
    1315       2.6939
    1316       2.6619
    1317       2.5451
    1318       2.5940
    1319       2.3580
    1320       2.5305
    1321       2.3933
    1322       2.3590
    1323       2.3302
    1324       2.3114
    1325       2.3968
    1326       2.1775
    1327       2.2122
    1328       2.2387
    1329       2.3049
    1330       2.3146
    1331       2.4860
    1332       2.2516
    1333       2.3795
    1334       2.5497
    1335       2.5288
    1336       2.4942
    1337       2.4522
    1338       2.4124
    1339       2.3145
    1340       2.3041
    1341       2.3186
    1342       2.3137
    1343       2.4151
    1344       2.4012
    1345       2.4218
    1346       2.3366
    1347       2.4942
    1348       2.7324
    1349       2.4293
    1350       2.7398
    1351       2.9299
    1352       2.9764
    1353       2.9669
    1354       3.0456
    1355       3.0897
    1356       3.0957
    1357       2.9912
    1358       3.1363
    1359       3.0797
    1360       3.1238
    1361       3.0111
    1362       2.8083
    1363       2.7290
    1364       2.5999
    1365       2.5877
    1366       2.5604
    1367       2.5494
    1368       2.5199
    1369       2.5660
    1370       2.4819
    1371       2.4279
    1372       2.3902
    1373       2.5063
    1374       2.6494
    1375       2.5924
    1376       2.5597
    1377       2.3994
    1378       2.3809
    1379       2.3494
    1380       2.3224
    1381       2.3749
    1382       2.4465
    1383       2.4491
    1384       2.6425
    1385       2.6065
    1386       2.6315
    1387       2.6003
    1388       2.4686
    1389       2.3339
    1390       2.3330
    1391       2.4795
    1392       2.6511
    1393       2.4358
    1394       2.5720
    1395       2.6314
    1396       2.5713
    1397       2.7294
    1398       2.9594
    1399       2.8190
    1400       2.7334
    1401       2.7907
    1402       2.7629
    1403       2.8687
    1404       2.8149
    1405       2.8193
    1406       2.9371
    1407       2.7648
    1408       2.7238
    1409       2.5876
    1410       2.5994
    1411       2.5196
    1412       2.4344
    1413       2.3729
    1414       2.4075
    1415       2.3447
    1416       2.4120
    1417       2.5008
    1418       2.5008
    1419       2.4794
    1420       2.5064
    1421       2.3429
    1422       2.3723
    1423       2.5429
    1424       2.7597
    1425       2.7266
    1426       2.6746
    1427       2.6617
    1428       2.7399
    1429       2.8358
    1430       2.7521
    1431       2.7872
    1432       2.6673
    1433       2.8475
    1434       2.8666
    1435       2.9816
    1436       2.8994
    1437       2.7622
    1438       2.7397
    1439       2.7370
    1440       2.8729
    1441       2.7648
    1442       2.9583
    1443       2.7423
    1444       2.9429
    1445       2.7393
    1446       2.7124
    1447       2.6674
    1448       2.5606
    1449       2.6280
    1450       2.8639
    1451       2.5942
    1452       2.5701
    1453       2.2840
    1454       2.4928
    1455       2.3375
    1456       2.3362
    1457       2.3892
    1458       2.6407
    1459       2.4889
    1460       2.4532
    1461       2.5225
    1462       2.5082
    1463       2.4093
    1464       2.6065
    1465       2.5937
    1466       2.6486
    1467       2.5361
    1468       2.5852
    1469       2.5082
    1470       2.3757
    1471       2.4102
    1472       2.6479
    1473       2.6437
    1474       2.4732
    1475       2.5411
    1476       2.6305
    1477       2.4654
    1478       2.4834
    1479       2.4736
    1480       2.6269
    1481       2.7243
    1482       2.6971
    1483       2.7287
    1484       2.8849
    1485       2.8481
    1486       2.6513
    1487       2.5612
    1488       2.5896
    1489       2.4613
    1490       2.5100
    1491       2.6759
    1492       2.6685
    1493       2.4862
    1494       2.5305
    1495       2.6093
    1496       2.3149
    1497       2.2883
    1498       2.3736
    1499       2.4578
    1500       2.5679
    1501       2.5474
    1502       2.6246
    1503       2.4667
    1504       2.4733
    1505       2.4425
    1506       2.4603
    1507       2.4517
    1508       2.5030
    1509       2.6021
    1510       2.6082
    1511       2.5698
    1512       2.6654
    1513       2.7146
    1514       2.7886
    1515       2.7629
    1516       2.8261
    1517       2.6477
    1518       2.6190
    1519       2.8574
    1520       2.7848
    1521       2.7530
    1522       2.7916
    1523       2.5321
    1524       2.7820
    1525       2.8914
    1526       2.9305
    1527       2.8800
    1528       2.8549
    1529       2.7835
    1530       2.8467
    1531       2.8233
    1532       2.8042
    1533       2.7036
    1534       2.5845
    1535       2.5796
    1536       2.6299
    1537       2.6118
    1538       2.4354
    1539       2.5937
    1540       2.5225
    1541       2.6950
    1542       2.8504
    1543       2.7485
    1544       2.7592
    1545       2.7612
    1546       2.7016
    1547       2.6420
    1548       2.5078
    1549       2.4925
    1550       2.4217
    1551       2.4188
    1552       2.6265
    1553       2.8341
    1554       2.8205
    1555       2.7034
    1556       2.6058
    1557       2.7125
    1558       2.7586
    1559       2.7588
    1560       2.7390
    1561       2.7026
    1562       2.9077
    1563       2.8950
    1564       2.7920
    1565       2.5347
    1566       2.5918
    1567       2.6960
    1568       2.6284
    1569       2.6015
    1570       2.7596
    1571       2.7343
    1572       2.6037
    1573       2.5073
    1574       2.5306
    1575       2.4917
    1576       2.4697
    1577       2.4816
    1578       2.5222
    1579       2.5042
    1580       2.5877
    1581       2.5610
    1582       2.6112
    1583       2.5421
    1584       2.6335
    1585       2.5305
    1586       2.5255
    1587       2.6196
    1588       2.6125
    1589       2.7427
    1590       2.8362
    1591       2.9374
    1592       2.8644
    1593       2.8796
    1594       2.9952
    1595       2.8513
    1596       2.6612
    1597       2.7472
    1598       2.4851
    1599       2.7339
    1600       2.6585
    1601       2.7343
    1602       2.6784
    1603       2.7725
    1604       2.8028
    1605       2.7588
    1606       2.7575
    1607       2.7620
    1608       2.7393
    1609       2.6522
    1610       2.6778
    1611       2.7604
    1612       2.7462
    1613       3.0475
    1614       3.1232
    1615       3.3487
    1616       3.1377
    1617       2.9614
    1618       2.9567
    1619       2.7672
    1620       2.7277
    1621       2.7834
    1622       2.6587
    1623       2.6826
    1624       2.7994
    1625       2.8184
    1626       2.9344
    1627       2.8234
    1628       2.9578
    1629       2.8748
    1630       2.7484
    1631       2.9431
    1632       2.7581
    1633       3.0003
    1634       2.7458
    1635       2.8878
    1636       2.9548
    1637       2.8913
    1638       2.9431
    1639       2.8888
    1640       2.7371
    1641       2.8678
    1642       2.9258
    1643       2.8058
    1644       2.8975
    1645       2.8063
    1646       2.7471
    1647       2.8177
    1648       2.9163
    1649       2.9450
    1650       2.9769
    1651       2.8321
    1652       2.8281
    1653       2.7733
    1654       2.8482
    1655       2.7747
    1656       2.6392
    1657       2.8331
    1658       2.9138
    1659       3.1372
    1660       3.0300
    1661       3.0737
    1662       3.0317
    1663       3.0188
    1664       2.7947
    1665       2.7374
    1666       2.6857
    1667       2.7185
    1668       2.5210
    1669       2.6648
    1670       2.6669
    1671       2.5701
    1672       2.4199
    1673       2.3907
    1674       2.2472
    1675       2.3363
    1676       2.2431
    1677       2.3122
    1678       2.3753
    1679       2.2350
    1680       2.4047
    1681       2.5288
    1682       2.4322
    1683       2.6491
    1684       2.6197
    1685       2.5542
    1686       2.3413
    1687       2.3585
    1688       2.3561
    1689       2.3299
    1690       2.4396
    1691       2.3255
    1692       2.5880
    1693       2.6542
    1694       2.5818
    1695       2.6765
    1696       2.6541
    1697       2.6383
    1698       2.7119
    1699       2.6125
    1700       2.5358
    1701       2.5899
    1702       2.4979
    1703       2.3724
    1704       2.4605
    1705       2.2308
    1706       2.5987
    1707       2.5252
    1708       2.5612
    1709       2.6460
    1710       2.3294
    1711       2.3063
    1712       2.4054
    1713       2.4495
    1714       2.4643
    1715       2.5072
    1716       2.3255
    1717       2.2755
    1718       2.2848
    1719       2.1851
    1720       2.1512
    1721       2.3253
    1722       2.1879
    1723       2.4294
    1724       2.4044
    1725       2.4195
    1726       2.4007
    1727       2.3494
    1728       2.2741
    1729       2.1838
    1730       2.0968
    1731       2.0709
    1732       1.9680
    1733       1.9860
    1734       1.9907
    1735       2.0605
    1736       2.2605
    1737       2.0592
    1738       2.1421
    1739       2.0598
    1740       2.0954
    1741       2.0351
    1742       2.3241
    1743       2.3327
    1744       2.4244
    1745       2.4214
    1746       2.4352
    1747       2.3306
    1748       2.3212
    1749       2.2974
    1750       2.5322
    1751       2.4652
    1752       2.5121
    1753       2.4854
    1754       2.3036
    1755       2.5729
    1756       2.6310
    1757       2.5132
    1758       2.3794
    1759       2.5132
    1760       2.5030
    1761       2.4530
    1762       2.3826
    1763       2.4637
    1764       2.6251
    1765       2.4634
    1766       2.5717
    1767       2.6148
    1768       2.6016
    1769       2.4211
    1770       2.1428
    1771       2.2634
    1772       2.3306
    1773       2.3956
    1774       2.7394
    1775       2.3269
    1776       2.3887
    1777       2.1452
    1778       2.2593
    1779       2.4366
    1780       2.3665
    1781       2.4117
    1782       2.1411
    1783       2.1289
    1784       2.2931
    1785       2.4356
    1786       2.3475
    1787       2.4009
    1788       2.4356
    1789       2.5619
    1790       2.2369
    1791       2.5148
    1792       2.5025
    1793       2.4750
    1794       2.5838
    1795       2.4913
    1796       2.5704
    1797       2.4798
    1798       2.6252
    1799       2.6527
    1800       2.6736
    1801       2.7114
    1802       2.5793
    1803       2.7199
    1804       2.5128
    1805       2.6380
    1806       2.5438
    1807       2.6216
    1808       2.5207
    1809       2.3873
    1810       2.3713
    1811       2.4238
    1812       2.5828
    1813       2.2423
    1814       2.0788
    1815       2.2054
    1816       2.3363
    1817       2.3674
    1818       2.3536
    1819       2.4100
    1820       2.3517
    1821       2.4054
    1822       2.5393
    1823       2.5139
    1824       2.3507
    1825       2.3612
    1826       2.6316
    1827       2.3846
    1828       2.5556
    1829       2.5833
    1830       2.6481
    1831       2.6626
    1832       2.7464
    1833       2.8923
    1834       2.5153
    1835       2.6384
    1836       2.4036
    1837       2.4170
    1838       2.3463
    1839       2.4124
    1840       2.2177
    1841       2.5236
    1842       2.4368
    1843       2.4028
    1844       2.5365
    1845       2.5393
    1846       2.4191
    1847       2.4643
    1848       2.5966
    1849       2.6535
    1850       2.7237
    1851       2.5846
    1852       2.5933
    1853       2.4372
    1854       2.4097
    1855       2.5377
    1856       2.3699
    1857       2.5304
    1858       2.5451
    1859       2.6146
    1860       2.5959
    1861       2.8771
    1862       2.8457
    1863       2.7238
    1864       2.7822
    1865       2.5795
    1866       2.8464
    1867       2.7670
    1868       2.7725
    1869       2.8728
    1870       2.7399
    1871       2.6520
    1872       2.6664
    1873       2.6318
    1874       2.7226
    1875       2.7772
    1876       2.7381
    1877       2.7249
    1878       2.7568
    1879       2.7249
    1880       2.8139
    1881       2.8509
    1882       2.8004
    1883       2.8804
    1884       2.7240
    1885       2.7792
    1886       2.5616
    1887       2.7126
    1888       2.8281
    1889       2.6837
    1890       2.8363
    1891       2.4274
    1892       2.4675
    1893       2.5809
    1894       2.3948
    1895       2.3928
    1896       2.3436
    1897       2.3506
    1898       2.2864
    1899       2.2576
    1900       2.4104
    1901       2.3863
    1902       2.2628
    1903       2.2595
    1904       2.2671
    1905       2.1602
    1906       2.4893
    1907       2.3415
    1908       2.0723
    1909       2.2036
    1910       2.2736
    1911       2.1831
    1912       2.0638
    1913       2.1033
    1914       2.0576
    1915       2.0513
    1916       2.0936
    1917       2.1401
    1918       2.3321
    1919       2.2384
    1920       2.2950
    1921       2.2838
    1922       2.0825
    1923       1.9882
    1924       1.9815
    1925       2.1211
    1926       2.4011
    1927       2.2926
    1928       2.3435
    1929       2.3638
    1930       2.1560
    1931       2.3743
    1932       2.2868
    1933       2.5364
    1934       2.6091
    1935       2.7458
    1936       2.5262
    1937       2.5448
    1938       2.4999
    1939       2.3370
    1940       2.3886
    1941       2.3720
    1942       2.3588
    1943       2.2948
    1944       2.3342
    1945       2.3905
    1946       2.3038
    1947       2.1911
    1948       2.1109
    1949       2.0795
    1950       2.2162
    1951       2.2053
    1952       2.2424
    1953       2.0948
    1954       2.2598
    1955       2.2498
    1956       2.3415
    1957       2.3848
    1958       2.2188
    1959       2.2159
    1960       2.1322
    1961       2.2940
    1962       2.1213
    1963       1.9512
    1964       1.8854
    1965       1.7894
    1966       1.8418
    1967       1.8348
    1968       1.8048
    1969       1.9555
    1970       2.1058
    1971       2.1933
    1972       2.3052
    1973       2.5449
    1974       2.4085
    1975       2.6068
    1976       2.5457
    1977       2.4495
    1978       2.3528
    1979       2.2898
    1980       2.1837
    1981       2.3086
    1982       2.1920
    1983       2.2524
    1984       2.3796
    1985       2.2859
    1986       2.2675
    1987       2.3080
    1988       2.1430
    1989       2.1616
    1990       2.2462
    1991       2.2216
    1992       2.2804
    1993       2.2374
    1994       2.3570
    1995       2.1997
    1996       2.1360
    1997       2.0299
    1998       2.2309
    1999       2.3196
    2000       2.3245
    2001       2.4142
    2002       2.3512
    2003       2.2329
    2004       2.2403
    2005       2.2092
    2006       2.3853
    2007       2.4281
    2008       2.2884
    2009       2.5618
    2010       2.8395
    2011       2.6188
    2012       2.7607
    2013       2.7971
    2014       2.6791
    2015       2.7000
    2016       2.8390
    2017       2.6811
    2018       2.7124
    2019       2.4947
    2020       2.6683
    2021       2.5266
    2022       2.3660
    2023       2.4106
    2024       2.3943
    2025       2.3627
    2026       2.5646
    2027       2.5192
    2028       2.4688
    2029       2.4745
    2030       2.5325
    2031       2.5015
    2032       2.3281
    2033       2.2975
    2034       2.4007
    2035       2.3439
    2036       2.3260
    2037       2.3119
    2038       2.4371
    2039       2.3926
    2040       2.4124
    2041       2.5911
    2042       2.3489
    2043       2.5359
    2044       2.6644
    2045       2.7188
    2046       2.7237
    2047       2.7159
    2048       2.7299
    2049       2.4470
    2050       2.5986
    2051       2.3776
    2052       2.3787
    2053       2.5922
    2054       2.5901
    2055       2.7246
    2056       2.7167
    2057       2.8406
    2058       2.6463
    2059       2.5018
    2060       2.2765
    2061       2.7115
    2062       2.7506
    2063       2.7278
    2064       2.6962
    2065       2.5449
    2066       2.7423
    2067       2.7042
    2068       3.0826
    2069       2.9758
    2070       2.9506
    2071       2.9828
    2072       2.8782
    2073       3.1145
    2074       3.2835
    2075       3.0240
    2076       3.0725
    2077       2.9441
    2078       2.9868
    2079       2.9556
    2080       3.1563
    2081       2.7803
    2082       2.8131
    2083       2.8712
    2084       2.9327
    2085       2.6374
    2086       2.5618
    2087       2.7210
    2088       2.7351
    2089       2.6697
    2090       2.8293
    2091       2.7006
    2092       2.7138
    2093       2.6373
    2094       2.7946
    2095       2.7010
    2096       2.8882
    2097       2.9002
    2098       3.0127
    2099       3.0570
    2100       3.0138
    2101       2.9520
    2102       2.8407
    2103       2.8173
    2104       2.6602
    2105       2.6666
    2106       2.6464
    2107       2.7415
    2108       2.8586
    2109       3.0735
    2110       3.1146
    2111       3.3211
    2112       3.1267
    2113       3.2254
    2114       3.2058
    2115       3.0131
    2116       3.0817
    2117       3.1179
    2118       3.0993
    2119       2.9445
    2120       2.8560
    2121       2.6981
    2122       2.8236
    2123       2.8870
    2124       2.8133
    2125       2.9776
    2126       2.8786
    2127       2.9182
    2128       2.7424
    2129       2.7464
    2130       2.5651
    2131       2.5609
    2132       2.5775
    2133       2.5530
    2134       2.5461
    2135       2.5554
    2136       2.4951
    2137       2.5679
    2138       2.6687
    2139       2.7158
    2140       2.6817
    2141       2.5750
    2142       2.6242
    2143       2.5665
    2144       2.6113
    2145       2.4911
    2146       2.3965
    2147       2.4437
    2148       2.5240
    2149       2.5445
    2150       2.6564
    2151       2.6180
    2152       2.6154
    2153       2.4537
    2154       2.5814
    2155       2.6388
    2156       2.5770
    2157       2.4746
    2158       2.3113
    2159       2.3429
    2160       2.4168
    2161       2.5177
    2162       2.5265
    2163       2.5246
    2164       2.6867
    2165       2.6381
    2166       2.5191
    2167       2.5962
    2168       2.6919
    2169       2.7132
    2170       2.8361
    2171       2.8281
    2172       2.7640
    2173       2.8131
    2174       2.7083
    2175       2.8275
    2176       2.6064
    2177       2.8539
    2178       2.9351
    2179       2.8055
    2180       2.6941
    2181       2.5145
    2182       2.4214
    2183       2.4285
    2184       2.3195
    2185       2.5489
    2186       2.5297
    2187       2.5011
    2188       2.5119
    2189       2.5882
    2190       2.5453
    2191       2.5348
    2192       2.2727
    2193       2.2985
    2194       2.1308
    2195       2.1710
    2196       2.1644
    2197       2.2471
    2198       2.2951
    2199       2.3400
    2200       2.4593
    2201       2.4776
    2202       2.5641
    2203       2.6249
    2204       2.6740
    2205       2.6497
    2206       2.7168
    2207       2.7701
    2208       2.6931
    2209       2.7119
    2210       2.9384
    2211       2.9854
    2212       2.7525
    2213       2.8049
    2214       2.8364
    2215       2.7562
    2216       2.5812
    2217       2.6152
    2218       2.5370
    2219       2.6369
    2220       2.7040
    2221       2.7693
    2222       2.7684
    2223       2.7519
    2224       2.9189
    2225       2.6981
    2226       2.7570
    2227       2.6527
    2228       2.6045
    2229       2.4757
    2230       2.4797
    2231       2.7293
    2232       2.9226
    2233       2.9323
    2234       2.8926
    2235       2.8489
    2236       2.6926
    2237       2.5947
    2238       2.6708
    2239       2.5918
    2240       2.7608
    2241       2.7631
    2242       2.7577
    2243       2.8164
    2244       2.7461
    2245       2.9521
    2246       2.9358
    2247       2.8971
    2248       2.8759
    2249       2.8445
    2250       2.7083
    2251       2.6520
    2252       2.6365
    2253       2.6198
    2254       2.6550
    2255       2.6123
    2256       2.5937
    2257       2.5790
    2258       2.6400
    2259       2.4947
    2260       2.4191
    2261       2.3101
    2262       2.4659
    2263       2.4643
    2264       2.5803
    2265       2.6445
    2266       2.8670
    2267       2.7920
    2268       2.6492
    2269       2.6782
    2270       2.8616
    2271       2.8467
    2272       2.7065
    2273       2.6987
    2274       2.8554
    2275       2.8609
    2276       2.7416
    2277       2.6777
    2278       2.7062
    2279       2.7356
    2280       2.8286
    2281       2.9024
    2282       2.7784
    2283       2.9089
    2284       2.7334
    2285       2.6881
    2286       2.6223
    2287       2.7644
    2288       2.6349
    2289       2.4850
    2290       2.6835
    2291       2.6363
    2292       2.3815
    2293       2.1780
    2294       2.2605
    2295       2.3900
    2296       2.4029
    2297       2.2775
    2298       2.1809
    2299       2.2670
    2300       2.4664
    2301       2.1721
    2302       2.2623
    2303       2.3286
    2304       2.3645
    2305       2.3058
    2306       2.2761
    2307       2.3719
    2308       2.4736
    2309       2.4774
    2310       2.3483
    2311       2.2184
    2312       2.0488
    2313       2.0243
    2314       1.8994
    2315       1.9542
    2316       1.8855
    2317       1.8574
    2318       1.8018
    2319       1.7508
    2320       1.9033
    2321       1.9031
    2322       1.8820
    2323       1.8034
    2324       1.8490
    2325       1.9383
    2326       1.9516
    2327       1.8462
    2328       2.0012
    2329       1.9969
    2330       2.2919
    2331       2.2397
    2332       2.1894
    2333       2.1490
    2334       2.2297
    2335       2.1567
    2336       2.0735
    2337       2.0767
    2338       2.1253
    2339       2.1072
    2340       2.2398
    2341       2.2551
    2342       2.2341
    2343       2.1774
    2344       2.2171
    2345       2.1261
    2346       2.1207
    2347       2.1691
    2348       2.1172
    2349       2.2255
    2350       2.2366
    2351       2.1392
    2352       2.1530
    2353       2.2192
    2354       2.0142
    2355       1.8371
    2356       1.8764
    2357       2.1640
    2358       2.2709
    2359       2.1672
    2360       2.1099
    2361       2.1910
    2362       2.1709
    2363       2.0526
    2364       1.9612
    2365       1.9809
    2366       2.0389
    2367       1.9604
    2368       2.0587
    2369       1.9604
    2370       1.9375
    2371       2.0277
    2372       1.8965
    2373       2.0475
    2374       2.0429
    2375       2.1737
    2376       2.2474
    2377       2.2703
    2378       2.2702
    2379       2.4242
    2380       2.3429
    2381       2.1130
    2382       2.2458
    2383       2.1817
    2384       2.2991
    2385       2.1514
    2386       2.1786
    2387       2.3403
    2388       2.2915
    2389       2.1975
    2390       2.3090
    2391       2.2497
    2392       2.3105
    2393       2.3919
    2394       2.3395
    2395       2.3958
    2396       2.2951
    2397       2.2242
    2398       2.1281
    2399       2.2723
    2400       2.1992
    2401       2.3699
    2402       2.4846
    2403       2.3556
    2404       2.4018
    2405       2.5550
    2406       2.4528
    2407       2.4621
    2408       2.4115
    2409       2.4612
    2410       2.4106
    2411       2.6442
    2412       2.4464
    2413       2.3758
    2414       2.4937
    2415       2.3473
    2416       2.3104
    2417       2.4604
    2418       2.3471
    2419       2.4080
    2420       2.5967
    2421       2.3181
    2422       2.4959
    2423       2.5801
    2424       2.4466
    2425       2.5958
    2426       2.5841
    2427       2.4317
    2428       2.5644
    2429       2.5280
    2430       2.4632
    2431       2.7068
    2432       2.7895
    2433       2.4911
    2434       2.4202
    2435       2.2708
    2436       2.2740
    2437       2.1385
    2438       2.2076
    2439       2.3889
    2440       2.4108
    2441       2.2928
    2442       2.3193
    2443       2.1477
    2444       2.2663
    2445       2.4379
    2446       2.4916
    2447       2.5852
    2448       2.6254
    2449       2.4821
    2450       2.5930
    2451       2.4976
    2452       2.3883
    2453       2.5089
    2454       2.5775
    2455       2.5532
    2456       2.7048
    2457       2.7448
    2458       2.8303
    2459       2.9042
    2460       2.8163
    2461       2.8877
    2462       2.7679
    2463       2.8071
    2464       2.8451
    2465       2.8484
    2466       2.8181
    2467       2.7938
    2468       2.7153
    2469       2.9112
    2470       2.8251
    2471       2.7768
    2472       2.6484
    2473       2.5466
    2474       2.3927
    2475       2.5620
    2476       2.5882
    2477       2.4532
    2478       2.4795
    2479       2.3868
    2480       2.3128
    2481       2.3937
    2482       2.5030
    2483       2.5384
    2484       2.5252
    2485       2.6916
    2486       2.5819
    2487       2.5725
    2488       2.5460
    2489       2.5358
    2490       2.6786
    2491       2.5913
    2492       2.5510
    2493       2.5182
    2494       2.4267
    2495       2.4605
    2496       2.5798
    2497       2.4260
    2498       2.5114
    2499       2.4975
    2500       2.3177
    2501       2.4378
    2502       2.2575
    2503       2.1327
    2504       1.9266
    2505       2.1415
    2506       2.1542
    2507       2.0885
    2508       2.1235
    2509       2.0791
    2510       2.1553
    2511       2.1400
    2512       2.2555
    2513       2.2803
    2514       2.2645
    2515       2.2256
    2516       2.1342
    2517       2.2546
    2518       2.2766
    2519       2.3719
    2520       2.4158
    2521       2.2926
    2522       2.1375
    2523       2.2527
    2524       2.1159
    2525       2.0903
    2526       2.0339
    2527       2.0258
    2528       2.0313
    2529       2.1448
    2530       2.1004
    2531       2.1317
    2532       2.0734
    2533       1.9801
    2534       2.0186
    2535       1.9886
    2536       1.8898
    2537       2.0131
    2538       1.8716
    2539       1.8554
    2540       1.9346
    2541       1.9458
    2542       2.0237
    2543       1.9858
    2544       2.0184
    2545       1.9871
    2546       2.0083
    2547       1.9706
    2548       2.0160
    2549       2.0812
    2550       2.1182
    2551       2.1397
    2552       2.0546
    2553       1.9311
    2554       1.9562
    2555       1.8820
    2556       1.8991
    2557       1.9112
    2558       2.0892
    2559       2.0375
    2560       2.0686
    2561       2.1437
    2562       2.2134
    2563       2.1133
    2564       1.9505
    2565       2.0520
    2566       1.9214
    2567       2.0064
    2568       2.0030
    2569       2.0410
    2570       2.1262
    2571       2.0121
    2572       2.1251
    2573       2.0132
    2574       2.0524
    2575       2.1052
    2576       2.0460
    2577       2.0266
    2578       2.1113
    2579       2.0593
    2580       2.0133
    2581       2.0010
    2582       2.0420
    2583       1.9494
    2584       1.9488
    2585       1.8864
    2586       1.9766
    2587       1.8986
    2588       2.0211
    2589       1.9192
    2590       2.0017
    2591       1.8439
    2592       1.9563
    2593       1.8344
    2594       1.8889
    2595       1.9557
    2596       1.9788
    2597       1.9360
    2598       1.8788
    2599       1.9587
    2600       2.0033
    2601       1.9605
    2602       1.8747
    2603       1.9236
    2604       1.7882
    2605       2.0287
    2606       1.9085
    2607       1.9049
    2608       1.9003
    2609       1.9809
    2610       1.9344
    2611       2.0189
    2612       2.0901
    2613       2.0498
    2614       2.0880
    2615       2.0335
    2616       2.0539
    2617       1.9976
    2618       1.9753
    2619       1.9337
    2620       1.9193
    2621       1.9826
    2622       1.9250
    2623       2.0629
    2624       2.0721
    2625       2.0556
    2626       2.1696
    2627       2.0963
    2628       2.1049
    2629       2.0385
    2630       2.1293
    2631       2.1294
    2632       2.0442
    2633       2.2126
    2634       2.2638
    2635       2.1688
    2636       2.2834
    2637       2.1380
    2638       2.0769
    2639       2.2083
    2640       2.1272
    2641       2.1603
    2642       2.1223
    2643       1.9884
    2644       2.0381
    2645       2.1826
    2646       2.0261
    2647       2.0207
    2648       2.1372
    2649       2.1117
    2650       2.0546
    2651       1.9552
    2652       2.1110
    2653       1.9520
    2654       1.8812
    2655       1.9916
    2656       1.9505
    2657       2.0335
    2658       2.0680
    2659       1.9162
    2660       2.0994
    2661       2.0068
    2662       2.0457
    2663       2.0970
    2664       2.0344
    2665       2.0187
    2666       2.0814
    2667       2.0211
    2668       2.0312
    2669       2.0854
    2670       2.1091
    2671       2.0516
    2672       2.0275
    2673       2.1036
    2674       2.0464
    2675       2.2465
    2676       2.2372
    2677       2.2508
    2678       2.0925
    2679       2.1513
    2680       2.0777
    2681       1.8317
    2682       1.8445
    2683       2.0023
    2684       1.9132
    2685       1.8838
    2686       1.8943
    2687       1.8481
    2688       1.8998
    2689       1.9446
    2690       2.0235
    2691       2.0074
    2692       2.0126
    2693       2.0398
    2694       2.0810
    2695       2.1768
    2696       2.1750
    2697       1.8824
    2698       1.9847
    2699       1.9418
    2700       1.9612
    2701       2.0471
    2702       2.0009
    2703       2.1450
    2704       1.9881
    2705       2.0071
    2706       1.8775
    2707       1.9785
    2708       2.0012
    2709       1.9770
    2710       2.0030
    2711       2.0466
    2712       2.0302
    2713       1.9207
    2714       1.8461
    2715       1.9938
    2716       1.9225
    2717       1.9323
    2718       1.9406
    2719       1.9478
    2720       1.9699
    2721       1.9940
    2722       2.0119
    2723       1.9507
    2724       1.9734
    2725       1.9994
    2726       1.9123
    2727       2.0480
    2728       1.8596
    2729       1.9192
    2730       2.0383
    2731       2.0634
    2732       1.9861
    2733       2.0947
    2734       2.2931
    2735       2.0196
    2736       2.1656
    2737       2.3248
    2738       2.2700
    2739       2.1292
    2740       2.1666
    2741       2.2578
    2742       2.1457
    2743       2.0255
    2744       2.0985
    2745       2.1911
    2746       2.1445
    2747       2.2802
    2748       2.1061
    2749       2.1701
    2750       2.0420
    2751       2.0978
    2752       2.1044
    2753       2.0901
    2754       2.1221
    2755       2.1039
    2756       2.0693
    2757       2.1683
    2758       2.1620
    2759       2.1476
    2760       2.2544
    2761       2.1410
    2762       2.1224
    2763       2.0740
    2764       2.1276
    2765       2.0523
    2766       2.0852
    2767       2.1162
    2768       2.0970
    2769       1.9673
    2770       2.0362
    2771       2.0409
    2772       2.0188
    2773       2.0119
    2774       2.0311
    2775       2.0231
    2776       2.1585
    2777       2.1854
    2778       2.2027
    2779       2.2245
    2780       2.1803
    2781       2.0930
    2782       2.1711
    2783       2.3987
    2784       2.3436
    2785       2.3260
    2786       2.3661
    2787       2.4322
    2788       2.3936
    2789       2.5851
    2790       2.5379
    2791       2.3888
    2792       2.3094
    2793       2.2873
    2794       2.2851
    2795       2.4308
    2796       2.3405
    2797       2.4012
    2798       2.2871
    2799       2.3265
    2800       2.2087
    2801       2.3121
    2802       2.3834
    2803       2.5252
    2804       2.4357
    2805       2.4696
    2806       2.4894
    2807       2.2757
    2808       2.2267
    2809       2.2981
    2810       2.3752
    2811       2.3590
    2812       2.4591
    2813       2.3647
    2814       2.3990
    2815       2.5564
    2816       2.4190
    2817       2.4039
    2818       2.5955
    2819       2.3160
    2820       2.2486
    2821       2.1745
    2822       2.3469
    2823       2.1636
    2824       2.1720
    2825       2.1481
    2826       1.9971
    2827       2.0778
    2828       2.0555
    2829       2.2593
    2830       2.0978
    2831       2.1490
    2832       2.2145
    2833       2.1616
    2834       2.1546
    2835       2.2824
    2836       2.3003
    2837       2.4794
    2838       2.3448
    2839       2.3744
    2840       2.3281
    2841       2.2675
    2842       2.1612
    2843       2.1092
    2844       2.2592
    2845       2.1994
    2846       2.1326
    2847       2.1871
    2848       2.2129
    2849       2.0466
    2850       2.0326
    2851       2.0298
    2852       1.9543
    2853       1.9504
    2854       2.0222
    2855       2.0518
    2856       1.9924
    2857       2.0122
    2858       1.9308
    2859       1.9705
    2860       2.0374
    2861       1.9299
    2862       2.0586
    2863       2.0437
    2864       2.1575
    2865       2.0797
    2866       2.1318
    2867       2.2841
    2868       2.1684
    2869       2.2102
    2870       2.0801
    2871       2.0578
    2872       2.0547
    2873       1.9536
    2874       2.1178
    2875       2.0528
    2876       2.1186
    2877       2.1553
    2878       2.0506
    2879       2.0993
    2880       2.0636
    2881       2.0547
    2882       2.1128
    2883       2.1885
    2884       2.1013
    2885       2.0924
    2886       2.0400
    2887       2.0854
    2888       2.1150
    2889       2.0972
    2890       2.1982
    2891       2.0851
    2892       2.0873
    2893       2.0398
    2894       1.9924
    2895       1.9310
    2896       1.9449
    2897       1.9289
    2898       1.9811
    2899       1.9820
    2900       1.9120
    2901       2.0776
    2902       2.1616
    2903       2.2111
    2904       2.1058
    2905       2.0616
    2906       2.0671
    2907       2.1365
    2908       2.1416
    2909       2.2027
    2910       2.0286
    2911       1.9422
    2912       1.8566
    2913       1.9663
    2914       1.9854
    2915       2.1539
    2916       2.0712
    2917       1.9707
    2918       2.0080
    2919       2.0644
    2920       2.0319
    2921       2.0439
    2922       2.0505
    2923       2.0449
    2924       2.1566
    2925       2.1515
    2926       2.2501
    2927       2.3987
    2928       2.2921
    2929       2.1844
    2930       2.2884
    2931       2.1585
    2932       2.0592
    2933       2.1273
    2934       2.1909
    2935       2.1409
    2936       2.1197
    2937       2.2080
    2938       2.1155
    2939       2.1439
    2940       2.1886
    2941       2.1862
    2942       2.0561
    2943       2.1881
    2944       2.1968
    2945       2.1399
    2946       2.0470
    2947       1.9373
    2948       2.0932
    2949       2.1074
    2950       1.9676
    2951       1.9743
    2952       2.0196
    2953       2.0499
    2954       1.9754
    2955       1.9765
    2956       2.0766
    2957       2.0685
    2958       2.2329
    2959       2.0528
    2960       2.2073
    2961       2.1806
    2962       2.1115
    2963       2.1489
    2964       2.2771
    2965       2.1782
    2966       2.3034
    2967       2.2817
    2968       2.3171
    2969       2.1912
    2970       2.2203
    2971       2.0293
    2972       2.0840
    2973       2.0807
    2974       2.1648
    2975       2.0332
    2976       2.0366
    2977       2.0927
    2978       2.1865
    2979       2.2748
    2980       2.1819
    2981       2.3759
    2982       2.2887
    2983       2.2318
    2984       2.2902
    2985       2.1645
    2986       2.2009
    2987       2.1368
    2988       2.0150
    2989       1.9355
    2990       1.8003
    2991       1.9266
    2992       1.9577
    2993       2.1018
    2994       2.2349
    2995       2.1811
    2996       2.1821
    2997       2.1642
    2998       2.0601
    2999       2.2112
    3000       2.3137
    3001       2.2709
    3002       2.3251
    3003       2.2112
    3004       2.1980
    3005       2.1393
    3006       2.1009
    3007       1.9608
    3008       2.0849
    3009       2.1634
    3010       2.1196
    3011       2.2111
    3012       2.1782
    3013       2.2301
    3014       2.1435
    3015       2.1510
    3016       2.2026
    3017       1.9385
    3018       2.0756
    3019       2.0876
    3020       2.0537
    3021       2.1507
    3022       2.0376
    3023       2.0739
    3024       2.1976
    3025       2.1795
    3026       2.1869
    3027       2.2137
    3028       2.1515
    3029       2.1400
    3030       2.1083
    3031       2.2435
    3032       2.2725
    3033       2.0920
    3034       1.9702
    3035       2.0098
    3036       2.0119
    3037       2.0371
    3038       2.3006
    3039       2.2644
    3040       2.3670
    3041       2.3987
    3042       2.2790
    3043       2.1076
    3044       2.2023
    3045       2.1334
    3046       2.1661
    3047       2.1816
    3048       2.0814
    3049       2.2108
    3050       2.2795
    3051       2.2411
    3052       2.3942
    3053       2.2208
    3054       2.2342
    3055       2.2248
    3056       2.1425
    3057       2.1239
    3058       2.1109
    3059       2.1070
    3060       2.1177
    3061       2.1237
    3062       2.3347
    3063       2.3365
    3064       2.3590
    3065       2.3465
    3066       2.5379
    3067       2.5182
    3068       2.2874
    3069       2.5087
    3070       2.4511
    3071       2.3816
    3072       2.2056
    3073       2.3142
    3074       2.2540
    3075       2.1078
    3076       1.9497
    3077       2.0824
    3078       2.0714
    3079       1.9737
    3080       2.0137
    3081       2.1652
    3082       2.1362
    3083       2.0866
    3084       2.0031
    3085       2.1146
    3086       1.9095
    3087       1.9859
    3088       2.1157
    3089       2.0937
    3090       1.9755
    3091       1.9971
    3092       2.0662
    3093       2.0367
    3094       2.0087
    3095       2.1212
    3096       1.9989
    3097       1.9832
    3098       2.0930
    3099       2.0357
    3100       1.9689
    3101       1.8718
    3102       2.0079
    3103       2.0035
    3104       2.1674
    3105       1.9818
    3106       1.9520
    3107       1.9887
    3108       1.9510
    3109       1.9957
    3110       1.8989
    3111       2.0704
    3112       2.0995
    3113       2.1177
    3114       2.1353
    3115       2.1430
    3116       2.0773
    3117       2.0033
    3118       2.1029
    3119       2.1274
    3120       2.0646
    3121       2.0263
    3122       2.0526
    3123       2.0394
    3124       2.1249
    3125       2.0856
    3126       2.1323
    3127       2.0575
    3128       2.0476
    3129       2.0492
    3130       2.0584
    3131       2.0871
    3132       2.0021
    3133       2.1284
    3134       2.0467
    3135       2.0538
    3136       2.0676
    3137       2.1550
    3138       2.0724
    3139       2.1558
    3140       2.1239
    3141       2.1572
    3142       2.2946
    3143       2.1889
    3144       2.2624
    3145       2.1913
    3146       2.1323
    3147       2.0969
    3148       2.1580
    3149       2.0466
    3150       2.1346
    3151       2.1640
    3152       2.1101
    3153       2.1587
    3154       2.1419
    3155       2.0569
    3156       1.9726
    3157       2.1342
    3158       2.1704
    3159       2.1662
    3160       2.0703
    3161       2.1459
    3162       2.0924
    3163       2.1866
    3164       2.1187
    3165       2.0928
    3166       2.0804
    3167       2.0844
    3168       2.0723
    3169       2.1579
    3170       1.9731
    3171       2.0532
    3172       2.0081
    3173       1.9337
    3174       1.9820
    3175       2.0366
    3176       2.0481
    3177       2.0427
    3178       2.0677
    3179       2.0775
    3180       1.9934
    3181       2.0572
    3182       2.0739
    3183       2.0424
    3184       2.0943
    3185       1.9670
    3186       2.0056
    3187       2.0381
    3188       1.8161
    3189       1.8445
    3190       1.8709
    3191       1.8395
    3192       1.8212
    3193       1.7714
    3194       1.8988
    3195       1.9278
    3196       1.9516
    3197       1.9774
    3198       1.9282
    3199       2.0045
    3200       1.9661
    3201       2.1931
    3202       2.2113
    3203       2.3572
    3204       2.3924
    3205       2.3074
    3206       2.4073
    3207       2.4817
    3208       2.4799
    3209       2.6557
    3210       2.6685
    3211       2.5064
    3212       2.5268
    3213       2.7918
    3214       2.6757
    3215       2.5568
    3216       2.5283
    3217       2.5815
    3218       2.7564
    3219       2.8259
    3220       2.5609
    3221       2.5511
    3222       2.5780
    3223       2.4719
    3224       2.4574
    3225       2.4559
    3226       2.3663
    3227       2.6475
    3228       2.7420
    3229       2.6130
    3230       2.4827
    3231       2.4293
    3232       2.4426
    3233       2.4654
    3234       2.4616
    3235       2.5560
    3236       2.3565
    3237       2.4153
    3238       2.5487
    3239       2.2394
    3240       2.3141
    3241       2.2414
    3242       2.4631
    3243       2.3498
    3244       2.3532
    3245       2.2609
    3246       2.4428
    3247       2.3777
    3248       2.4724
    3249       2.3342
    3250       2.4010
    3251       2.2921
    3252       2.2127
    3253       2.1502
    3254       2.2709
    3255       2.3642
    3256       2.3364
    3257       2.5250
    3258       2.4750
    3259       2.0833
    3260       2.1267
    3261       2.2965
    3262       2.3388
    3263       2.3090
    3264       2.3004
    3265       2.1473
    3266       2.3962
    3267       2.2198
    3268       2.4387
    3269       2.5263
    3270       2.3131
    3271       2.4778
    3272       2.4637
    3273       2.4154
    3274       2.3350
    3275       2.3176
    3276       2.3281
    3277       2.2392
    3278       2.1650
    3279       2.3325
    3280       2.3184
    3281       2.4848
    3282       2.4423
    3283       2.3290
    3284       2.2415
    3285       2.4037
    3286       2.3758
    3287       2.3429
    3288       2.2306
    3289       2.4859
    3290       2.3346
    3291       2.2973
    3292       2.2661
    3293       2.1604
    3294       2.1651
    3295       2.1919
    3296       2.1783
    3297       2.0359
    3298       2.0824
    3299       2.1585
    3300       2.1829
    3301       2.2008
    3302       2.1872
    3303       2.1821
    3304       2.0955
    3305       2.1746
    3306       2.2386
    3307       2.2655
    3308       2.1720
    3309       2.1883
    3310       2.0807
    3311       2.0677
    3312       2.1795
    3313       2.1591
    3314       2.1260
    3315       2.1327
    3316       2.1093
    3317       2.1140
    3318       2.0119
    3319       2.0157
    3320       2.0454
    3321       2.2459
    3322       2.2651
    3323       2.2474
    3324       2.4013
    3325       2.2859
    3326       2.3108
    3327       2.3646
    3328       2.3796
    3329       2.3412
    3330       2.2321
    3331       2.3598
    3332       2.3546
    3333       2.1630
    3334       2.0637
    3335       2.2231
    3336       2.2651
    3337       2.0017
    3338       2.1784
    3339       2.1939
    3340       2.3277
    3341       2.1905
    3342       2.2373
    3343       2.2497
    3344       2.3454
    3345       2.4385
    3346       2.3064
    3347       2.4385
    3348       2.5558
    3349       2.4557
    3350       2.5017
    3351       2.5821
    3352       2.4370
    3353       2.4685
    3354       2.4079
    3355       2.3148
    3356       2.3965
    3357       2.3147
    3358       2.3544
    3359       2.2511
    3360       2.1947
    3361       2.2515
    3362       2.2330
    3363       2.1130
    3364       2.2201
    3365       2.2916
    3366       2.2795
    3367       2.1002
    3368       1.9775
    3369       1.9686
    3370       2.0047
    3371       1.9441
    3372       2.0295
    3373       1.9772
    3374       2.0214
    3375       2.1388
    3376       2.1431
    3377       2.1700
    3378       2.1066
    3379       2.1222
    3380       2.1215
    3381       2.1552
    3382       2.0907
    3383       2.0684
    3384       2.0016
    3385       2.0699
    3386       2.1431
    3387       2.1354
    3388       2.0302
    3389       2.0658
    3390       2.1031
    3391       2.0677
    3392       2.1941
    3393       2.0705
    3394       1.9920
    3395       2.1163
    3396       2.0279
    3397       2.1006
    3398       2.1184
    3399       2.0261
    3400       1.9869
    3401       2.1357
    3402       2.0883
    3403       2.0339
    3404       1.9931
    3405       2.0714
    3406       1.9349
    3407       1.9726
    3408       1.9481
    3409       1.9747
    3410       1.9235
    3411       1.9143
    3412       1.8612
    3413       1.8960
    3414       1.8839
    3415       1.9720
    3416       1.7885
    3417       1.9005
    3418       1.9352
    3419       1.9546
    3420       1.9749
    3421       2.0208
    3422       2.0142
    3423       2.0377
    3424       2.1154
    3425       2.1060
    3426       2.0307
    3427       1.9927
    3428       2.0682
    3429       2.1093
    3430       2.0337
    3431       2.0110
    3432       1.9101
    3433       2.0892
    3434       2.0012
    3435       1.8999
    3436       1.8560
    3437       1.8819
    3438       1.8896
    3439       1.9948
    3440       2.0037
    3441       1.9826
    3442       1.8987
    3443       1.9388
    3444       2.0179
    3445       2.0077
    3446       2.0566
    3447       2.1574
    3448       2.0698
    3449       2.0895
    3450       2.0145
    3451       2.0815
    3452       1.9287
    3453       2.0025
    3454       2.0823
    3455       2.0267
    3456       2.0379
    3457       2.0938
    3458       2.0194
    3459       2.1120
    3460       2.0848
    3461       2.1034
    3462       2.0057
    3463       2.0661
    3464       2.0238
    3465       2.0930
    3466       2.1007
    3467       1.9810
    3468       1.9933
    3469       2.0592
    3470       2.0674
    3471       2.0831
    3472       2.0531
    3473       2.0486
    3474       2.1307
    3475       2.0873
    3476       2.1903
    3477       2.0938
    3478       2.0368
    3479       2.0321
    3480       2.1599
    3481       1.9714
    3482       2.1154
    3483       2.3639
    3484       2.2573
    3485       2.1401
    3486       2.2570
    3487       2.1693
    3488       2.0330
    3489       2.0012
    3490       2.0837
    3491       1.9747
    3492       2.0615
    3493       2.1006
    3494       2.0560
    3495       2.0155
    3496       2.0001
    3497       1.9866
    3498       1.9763
    3499       1.9626
    3500       1.9990
    3501       1.9995
    3502       2.0939
    3503       2.0548
    3504       2.0283
    3505       2.1392
    3506       2.1271
    3507       2.0964
    3508       1.9855
    3509       2.0590
    3510       2.0418
    3511       1.9027
    3512       2.0591
    3513       1.9668
    3514       2.0115
    3515       1.9258
    3516       1.8987
    3517       1.9993
    3518       2.0826
    3519       2.1898
    3520       2.1048
    3521       2.0647
    3522       2.1545
    3523       2.1352
    3524       2.0911
    3525       2.2371
    3526       2.2946
    3527       2.2979
    3528       2.5607
    3529       2.3116
    3530       2.2284
    3531       2.2731
    3532       2.2543
    3533       2.3207
    3534       2.3965
    3535       2.3920
    3536       2.1540
    3537       2.0785
    3538       1.9872
    3539       2.0497
    3540       1.9938
    3541       2.0512
    3542       2.0823
    3543       1.9655
    3544       2.0604
    3545       2.0915
    3546       2.1192
    3547       1.9683
    3548       1.9730
    3549       1.9904
    3550       1.8531
    3551       2.0055
    3552       2.0604
    3553       1.9189
    3554       2.0013
    3555       2.0716
    3556       2.0656
    3557       2.0538
    3558       2.1537
    3559       2.2244
    3560       2.1652
    3561       2.2071
    3562       2.0242
    3563       2.1220
    3564       2.1008
    3565       2.2219
    3566       2.3242
    3567       2.1234
    3568       2.2162
    3569       2.3490
    3570       2.3691
    3571       2.4349
    3572       2.3676
    3573       2.2505
    3574       2.2004
    3575       2.0856
    3576       2.1080
    3577       2.1372
    3578       2.0905
    3579       2.1134
    3580       2.2612
    3581       2.1545
    3582       2.2343
    3583       2.3451
    3584       2.4628
    3585       2.5267
    3586       2.4234
    3587       2.4266
    3588       2.3303
    3589       2.4359
    3590       2.2311
    3591       2.2504
    3592       2.2610
    3593       2.2625
    3594       2.1641
    3595       2.2110
    3596       2.0584
    3597       1.9153
    3598       2.1588
    3599       2.0280
    3600       2.0809
    3601       2.1739
    3602       2.1457
    3603       2.1447
    3604       2.1263
    3605       2.0148
    3606       2.1295
    3607       2.2327
    3608       2.1901
    3609       2.1325
    3610       2.0819
    3611       2.1666
    3612       2.1138
    3613       2.2449
    3614       2.0885
    3615       2.1877
    3616       2.1523
    3617       2.1809
    3618       2.1291
    3619       2.0630
    3620       2.0624
    3621       2.0622
    3622       1.9935
    3623       1.9449
    3624       1.9883
    3625       2.1912
    3626       2.0171
    3627       1.9410
    3628       1.9778
    3629       1.9767
    3630       1.8639
    3631       1.9989
    3632       1.9479
    3633       1.9252
    3634       2.0544
    3635       2.1586
    3636       2.1100
    3637       2.1434
    3638       2.0084
    3639       2.0675
    3640       1.9765
    3641       1.9380
    3642       1.9088
    3643       1.9751
    3644       2.0365
    3645       2.0112
    3646       1.9597
    3647       2.0190
    3648       2.0361
    3649       1.9906
    3650       2.0483
    3651       1.9847
    3652       1.9800
    3653       2.0378
    3654       2.0840
    3655       2.0684
    3656       1.9913
    3657       1.9901
    3658       1.9295
    3659       1.9541
    3660       2.0579
    3661       1.9924
    3662       1.9188
    3663       1.9746
    3664       2.0808
    3665       2.1077
    3666       2.1135
    3667       2.2002
    3668       2.1279
    3669       2.1593
    3670       2.1307
    3671       2.0553
    3672       2.0902
    3673       2.2069
    3674       2.0985
    3675       1.9656
    3676       2.0143
    3677       2.0824
    3678       2.0649
    3679       1.9593
    3680       2.1043
    3681       2.1025
    3682       2.1099
    3683       2.0949
    3684       2.0607
    3685       2.0227
    3686       1.9231
    3687       2.0255
    3688       2.1127
    3689       2.0784
    3690       2.1222
    3691       2.0551
    3692       2.0696
    3693       2.2068
    3694       2.0890
    3695       2.0087
    3696       2.1554
    3697       2.1765
    3698       2.0035
    3699       1.9900
    3700       1.9477
    3701       2.1101
    3702       2.0137
    3703       2.2407
    3704       2.1921
    3705       2.0134
    3706       2.0771
    3707       2.0135
    3708       2.0817
    3709       1.9578
    3710       1.9169
    3711       1.9755
    3712       1.9242
    3713       1.9672
    3714       1.9658
    3715       1.9829
    3716       2.1186
    3717       2.0578
    3718       2.0660
    3719       2.1258
    3720       2.1895
    3721       2.1369
    3722       2.0834
    3723       2.0432
    3724       2.1758
    3725       2.1680
    3726       2.0732
    3727       1.9914
    3728       2.1313
    3729       2.0994
    3730       2.1818
    3731       2.0669
    3732       2.2311
    3733       2.1662
    3734       2.2492
    3735       2.1830
    3736       2.2529
    3737       2.2283
    3738       2.1218
    3739       2.0320
    3740       2.1849
    3741       2.1956
    3742       1.9287
    3743       2.0886
    3744       2.0290
    3745       1.9560
    3746       1.9761
    3747       2.0122
    3748       2.0436
    3749       2.0501
    3750       2.0114
    3751       2.0146
    3752       1.9288
    3753       1.8764
    3754       1.9951
    3755       1.9377
    3756       2.0430
    3757       2.0739
    3758       2.0900
    3759       2.0206
    3760       2.1252
    3761       2.1047
    3762       2.1615
    3763       2.2512
    3764       2.1819
    3765       2.1060
    3766       2.1852
    3767       2.0543
    3768       2.0702
    3769       2.0967
    3770       2.1669
    3771       2.1913
    3772       2.2475
    3773       2.1295
    3774       2.2477
    3775       2.1179
    3776       2.1963
    3777       2.2648
    3778       2.1440
    3779       2.2592
    3780       2.2191
    3781       2.0124
    3782       2.0262
    3783       2.1339
    3784       2.0533
    3785       2.0387
    3786       1.9805
    3787       1.9956
    3788       2.0036
    3789       2.0209
    3790       2.0923
    3791       2.1464
    3792       2.1581
    3793       1.9880
    3794       2.0227
    3795       2.0569
    3796       2.1302
    3797       2.0880
    3798       2.0099
    3799       2.1365
    3800       1.9868
    3801       2.0485
    3802       2.0351
    3803       2.0041
    3804       2.0778
    3805       1.9597
    3806       2.0325
    3807       2.1546
    3808       2.0849
    3809       2.0970
    3810       2.1396
    3811       2.1635
    3812       2.0949
    3813       2.0914
    3814       2.0524
    3815       2.0903
    3816       1.9983
    3817       1.9551
    3818       2.0180
    3819       1.9812
    3820       1.8003
    3821       1.9039
    3822       2.0576
    3823       1.9575
    3824       1.9459
    3825       1.9872
    3826       1.9664
    3827       1.9998
    3828       2.1022
    3829       2.0662
    3830       2.2535
    3831       2.1409
    3832       2.0655
    3833       1.9656
    3834       1.9909
    3835       2.0333
    3836       2.0527
    3837       1.9687
    3838       2.0755
    3839       2.0302
    3840       1.8709
    3841       1.9556
    3842       1.9360
    3843       2.0316
    3844       1.9605
    3845       1.9335
    3846       1.9551
    3847       2.0889
    3848       1.9716
    3849       1.9177
    3850       1.9765
    3851       2.0582
    3852       2.0291
    3853       2.0846
    3854       2.1424
    3855       2.0165
    3856       2.0097
    3857       2.1347
    3858       2.0185
    3859       2.1420
    3860       2.0756
    3861       2.1300
    3862       2.1943
    3863       2.2816
    3864       2.2176
    3865       2.1092
    3866       2.2578
    3867       2.1080
    3868       2.3704
    3869       2.3608
    3870       2.2559
    3871       2.1896
    3872       2.2497
    3873       2.2075
    3874       2.0793
    3875       2.1358
    3876       2.3674
    3877       2.3873
    3878       2.3485
    3879       2.2170
    3880       2.0982
    3881       2.0093
    3882       2.1181
    3883       2.0965
    3884       2.2499
    3885       2.3192
    3886       2.3123
    3887       2.0051
    3888       2.1409
    3889       2.0234
    3890       2.1124
    3891       2.0950
    3892       2.0630
    3893       1.8450
    3894       1.8464
    3895       1.8965
    3896       1.6948
    3897       1.7831
    3898       1.8229
    3899       1.9175
    3900       1.8636
    3901       2.0205
    3902       1.9976
    3903       1.9516
    3904       1.9672
    3905       1.8795
    3906       1.8055
    3907       1.9913
    3908       1.9901
    3909       2.0358
    3910       1.8956
    3911       1.9763
    3912       1.9031
    3913       1.7775
    3914       2.0254
    3915       2.0632
    3916       2.0618
    3917       1.9006
    3918       2.0393
    3919       1.9790
    3920       2.0852
    3921       1.9060
    3922       1.9409
    3923       2.0184
    3924       2.0301
    3925       1.9264
    3926       1.8659
    3927       1.9874
    3928       1.9880
    3929       2.0565
    3930       2.0361
    3931       2.1262
    3932       2.0632
    3933       2.0678
    3934       2.1794
    3935       2.2174
    3936       2.2072
    3937       2.2175
    3938       2.1064
    3939       2.1199
    3940       2.1625
    3941       2.2994
    3942       2.2370
    3943       2.2871
    3944       2.3560
    3945       2.2206
    3946       2.2693
    3947       2.2595
    3948       2.2624
    3949       2.1026
    3950       2.1284
    3951       2.1403
    3952       2.3996
    3953       2.4229
    3954       2.2593
    3955       2.1596
    3956       2.1010
    3957       2.1235
    3958       2.1553
    3959       2.2362
    3960       2.1834
    3961       2.3702
    3962       2.3496
    3963       2.3847
    3964       2.2794
    3965       2.3553
    3966       2.2446
    3967       2.3075
    3968       2.1670
    3969       2.1909
    3970       2.0829
    3971       2.0249
    3972       1.9368
    3973       1.9048
    3974       2.0093
    3975       2.0366
    3976       2.1125
    3977       2.0374
    3978       2.1268
    3979       2.1809
    3980       2.1982
    3981       2.3041
    3982       2.5597
    3983       2.4893
    3984       2.4908
    3985       2.2973
    3986       2.3614
    3987       2.4787
    3988       2.3692
    3989       2.3387
    3990       2.2427
    3991       2.2683
    3992       2.2281
    3993       2.2657
    3994       2.1521
    3995       2.1891
    3996       2.2954
    3997       2.2346
    3998       2.2649
    3999       2.2521
    4000       2.4562
    4001       2.3779
    4002       2.2645
    4003       2.4787
    4004       2.3286
    4005       2.2852
    4006       2.3120
    4007       2.3413
    4008       2.1730
    4009       2.2375
    4010       2.2770
    4011       2.2086
    4012       2.1208
    4013       2.2088
    4014       2.2594
    4015       2.2639
    4016       2.3694
    4017       2.2139
    4018       2.0779
    4019       2.1948
    4020       2.3264
    4021       2.2861
    4022       2.3775
    4023       2.2506
    4024       2.2896
    4025       2.3021
    4026       2.3095
    4027       2.2004
    4028       2.4508
    4029       2.4730
    4030       2.5206
    4031       2.4582
    4032       2.5083
    4033       2.5232
    4034       2.3538
    4035       2.3068
    4036       2.2413
    4037       2.3607
    4038       2.2240
    4039       2.2969
    4040       2.4107
    4041       2.5368
    4042       2.5960
    4043       2.5196
    4044       2.5221
    4045       2.5348
    4046       2.4880
    4047       2.5856
    4048       2.3739
    4049       2.5027
    4050       2.3714
    4051       2.2726
    4052       2.1969
    4053       2.2559
    4054       2.2509
    4055       2.5209
    4056       2.5052
    4057       2.6200
    4058       2.6949
    4059       2.5740
    4060       2.6177
    4061       2.5043
    4062       2.6849
    4063       2.5640
    4064       2.5611
    4065       2.4630
    4066       2.4464
    4067       2.3706
    4068       2.3493
    4069       2.3125
    4070       2.3433
    4071       2.4591
    4072       2.4148
    4073       2.4411
    4074       2.3144
    4075       2.3484
    4076       2.2335
    4077       2.2648
    4078       2.3134
    4079       2.3993
    4080       2.3642
    4081       2.2871
    4082       2.2393
    4083       2.3145
    4084       2.3019
    4085       2.4093
    4086       2.4831
    4087       2.5073
    4088       2.6388
    4089       2.6749
    4090       2.5792
    4091       2.6942
    4092       2.6080
    4093       2.5362
    4094       2.5362
    4095       2.4426
    4096       2.4772
    4097       2.5217
    4098       2.3897
    4099       2.3217
    4100       2.4764
    4101       2.2369
    4102       2.0893
    4103       2.2085
    4104       2.2901
    4105       2.3664
    4106       2.4360
    4107       2.6584
    4108       2.6571
    4109       2.6505
    4110       2.7774
    4111       2.5683
    4112       2.3609
    4113       2.2518
    4114       2.2277
    4115       2.1927
    4116       2.2874
    4117       2.2605
    4118       2.3300
    4119       2.3395
    4120       2.0744
    4121       2.3217
    4122       2.3979
    4123       2.4145
    4124       2.4034
    4125       2.2836
    4126       2.3453
    4127       2.4097
    4128       2.3059
    4129       2.5953
    4130       2.6476
    4131       2.5052
    4132       2.6127
    4133       2.7402
    4134       2.7785
    4135       2.8067
    4136       2.7684
    4137       2.7387
    4138       2.6084
    4139       2.5866
    4140       2.7445
    4141       2.7557
    4142       2.5247
    4143       2.3351
    4144       2.5407
    4145       2.3367
    4146       2.2624
    4147       2.3014
    4148       2.6106
    4149       2.5279
    4150       2.6626
    4151       2.6261
    4152       2.4543
    4153       2.4167
    4154       2.3455
    4155       2.4284
    4156       2.5141
    4157       2.3865
    4158       2.3204
    4159       2.3965
    4160       2.5016
    4161       2.4662
    4162       2.4384
    4163       2.5106
    4164       2.6344
    4165       2.4112
    4166       2.4218
    4167       2.3906
    4168       2.4104
    4169       2.4615
    4170       2.4679
    4171       2.3982
    4172       2.4064
    4173       2.3000
    4174       2.5473
    4175       2.5134
    4176       2.4529
    4177       2.7058
    4178       2.6477
    4179       2.7728
    4180       2.5773
    4181       2.4103
    4182       2.5146
    4183       2.5116
    4184       2.5728
    4185       2.2415
    4186       2.3636
    4187       2.3315
    4188       2.2404
    4189       2.2208
    4190       2.2373
    4191       2.3937
    4192       2.2963
    4193       2.3495
    4194       2.4115
    4195       2.4581
    4196       2.2965
    4197       2.2463
    4198       2.3189
    4199       2.4834
    4200       2.4974
    4201       2.7359
    4202       2.6977
    4203       2.6965
    4204       2.4886
    4205       2.6458
    4206       2.7792
    4207       2.7344
    4208       2.5611
    4209       2.7054
    4210       2.4772
    4211       2.6724
    4212       2.5508
    4213       2.6318
    4214       2.5011
    4215       2.6356
    4216       2.5838
    4217       2.5695
    4218       2.5156
    4219       2.5502
    4220       2.6484
    4221       2.4038
    4222       2.4541
    4223       2.5088
    4224       2.5903
    4225       2.7141
    4226       2.6510
    4227       2.7457
    4228       2.7509
    4229       2.6757
    4230       2.6727
    4231       2.8227
    4232       2.9212
    4233       2.9202
    4234       2.8395
    4235       2.8526
    4236       3.0495
    4237       2.8776
    4238       2.6688
    4239       2.7603
    4240       2.7178
    4241       2.8837
    4242       2.7013
    4243       2.6017
    4244       2.7040
    4245       2.7758
    4246       2.7241
    4247       2.5726
    4248       2.6368
    4249       2.6137
    4250       2.7148
    4251       2.5021
    4252       2.6406
    4253       2.5582
    4254       2.5705
    4255       2.8436
    4256       2.7982
    4257       2.9394
    4258       2.9858
    4259       2.8369
    4260       2.8296
    4261       2.6665
    4262       2.6736
    4263       2.7151
    4264       2.7347
    4265       2.8604
    4266       2.8099
    4267       2.6496
    4268       2.8070
    4269       2.7856
    4270       2.7670
    4271       2.7093
    4272       2.5231
    4273       2.4930
    4274       2.4811
    4275       2.4061
    4276       2.2091
    4277       2.2970
    4278       2.2351
    4279       2.3000
    4280       2.2016
    4281       2.2837
    4282       2.3156
    4283       2.4200
    4284       2.6242
    4285       2.5070
    4286       2.4954
    4287       2.4932
    4288       2.3885
    4289       2.4136
    4290       2.4147
    4291       2.3996
    4292       2.5268
    4293       2.5033
    4294       2.4171
    4295       2.4860
    4296       2.6960
    4297       2.6666
    4298       2.7079
    4299       2.6817
    4300       2.6237
    4301       2.4924
    4302       2.5278
    4303       2.6265
    4304       2.4898
    4305       2.5706
    4306       2.6443
    4307       2.4077
    4308       2.4140
    4309       2.5160
    4310       2.4184
    4311       2.4895
    4312       2.5407
    4313       2.8453
    4314       2.8634
    4315       2.8520
    4316       2.9392
    4317       2.7326
    4318       2.8562
    4319       2.9573
    4320       2.7723
    4321       2.7681
    4322       2.7569
    4323       2.7512
    4324       2.5867
    4325       2.5766
    4326       2.3984
    4327       2.3229
    4328       2.2564
    4329       2.4862
    4330       2.3364
    4331       2.3050
    4332       2.2508
    4333       2.3284
    4334       2.3938
    4335       2.3394
    4336       2.3172
    4337       2.3826
    4338       2.5041
    4339       2.4393
    4340       2.4468
    4341       2.5845
    4342       2.5947
    4343       2.4326
    4344       2.3581
    4345       2.6300
    4346       2.4490
    4347       2.4533
    4348       2.5746
    4349       2.5655
    4350       2.6011
    4351       2.4631
    4352       2.4236
    4353       2.4248
    4354       2.4427
    4355       2.4551
    4356       2.4347
    4357       2.5959
    4358       2.4770
    4359       2.4470
    4360       2.5314
    4361       2.6100
    4362       2.4778
    4363       2.9099
    4364       2.6238
    4365       2.8404
    4366       2.9740
    4367       2.8444
    4368       2.9492
    4369       2.7055
    4370       2.7884
    4371       2.7947
    4372       2.8279
    4373       2.6803
    4374       2.7237
    4375       2.7120
    4376       2.7996
    4377       2.7230
    4378       2.5879
    4379       2.4851
    4380       2.5929
    4381       2.6147
    4382       2.7064
    4383       2.5758
    4384       2.6596
    4385       2.8079
    4386       2.8826
    4387       2.8237
    4388       2.8659
    4389       2.8043
    4390       2.9185
    4391       3.0155
    4392       2.9931
    4393       2.8148
    4394       2.6061
    4395       2.8256
    4396       2.9043
    4397       2.7234
    4398       2.7965
    4399       2.5462
    4400       2.5152
    4401       2.8419
    4402       2.8154
    4403       2.5768
    4404       2.4113
    4405       2.5322
    4406       2.5163
    4407       2.6816
    4408       2.6951
    4409       2.7871
    4410       2.8810
    4411       2.6695
    4412       2.7646
    4413       2.6020
    4414       2.7690
    4415       2.7359
    4416       2.5838
    4417       2.5452
    4418       2.4761
    4419       2.4066
    4420       2.5235
    4421       2.4786
    4422       2.5325
    4423       2.4910
    4424       2.7464
    4425       2.6351
    4426       2.5777
    4427       2.7046
    4428       2.7244
    4429       2.6528
    4430       2.5752
    4431       2.6043
    4432       2.5703
    4433       2.6412
    4434       2.5370
    4435       2.6491
    4436       2.4827
    4437       2.4676
    4438       2.4395
    4439       2.3287
    4440       2.5232
    4441       2.5714
    4442       2.4344
    4443       2.6078
    4444       2.6060
    4445       2.6355
    4446       2.6743
    4447       2.8090
    4448       2.8732
    4449       2.7282
    4450       2.7214
    4451       2.9006
    4452       2.7406
    4453       2.9002
    4454       2.7357
    4455       2.8868
    4456       2.7347
    4457       2.7554
    4458       2.8523
    4459       2.9049
    4460       3.0373
    4461       3.0928
    4462       2.8971
    4463       2.9122
    4464       3.0392
    4465       2.6742
    4466       2.7157
    4467       2.8642
    4468       2.9597
    4469       2.8831
    4470       3.0121
    4471       2.9876
    4472       2.8455
    4473       2.9166
    4474       3.1149
    4475       3.1840
    4476       3.0114
    4477       2.8033
    4478       2.8604
    4479       2.7943
    4480       2.6080
    4481       2.8674
    4482       2.7784
    4483       2.8357
    4484       2.7988
    4485       3.0288
    4486       3.2167
    4487       3.1882
    4488       3.2059
    4489       3.0406
    4490       2.9791
    4491       3.0925
    4492       3.0237
    4493       3.1291
    4494       3.1617
    4495       3.2213
    4496       3.1571
    4497       3.0054
    4498       3.1191
    4499       3.1036
    4500       2.9083
    4501       3.0041
    4502       2.8954
    4503       2.7818
    4504       2.9681
    4505       2.7822
    4506       2.6532
    4507       2.6403
    4508       2.9041
    4509       2.7956
    4510       2.7600
    4511       2.7443
    4512       2.7105
    4513       2.9320
    4514       2.9989
    4515       2.8969
    4516       3.1342
    4517       3.2374
    4518       3.1065
    4519       3.1779
    4520       3.1147
    4521       2.9808
    4522       2.9252
    4523       3.0208
    4524       2.8061
    4525       2.7260
    4526       2.6738
    4527       2.5419
    4528       2.4681
    4529       2.4550
    4530       2.5960
    4531       2.5039
    4532       2.7401
    4533       2.8894
    4534       2.8276
    4535       2.6699
    4536       2.6179
    4537       2.6222
    4538       2.4769
    4539       2.4300
    4540       2.5944
    4541       2.7921
    4542       2.8177
    4543       2.7327
    4544       2.7091
    4545       2.7009
    4546       2.4687
    4547       2.4752
    4548       2.4707
    4549       2.5142
    4550       2.6897
    4551       2.8077
    4552       2.7858
    4553       2.9198
    4554       2.9759
    4555       3.1553
    4556       3.1844
    4557       3.1548
    4558       3.1748
    4559       2.8654
    4560       2.9703
    4561       2.7881
    4562       2.6435
    4563       2.7344
    4564       2.7995
    4565       2.7330
    4566       2.6796
    4567       2.6021
    4568       2.5748
    4569       2.6499
    4570       2.7776
    4571       2.7340
    4572       2.7138
    4573       2.6618
    4574       2.6172
    4575       2.6538
    4576       2.7373
    4577       2.7768
    4578       2.7683
    4579       2.5813
    4580       2.5306
    4581       2.5873
    4582       2.6331
    4583       2.5770
    4584       2.5451
    4585       2.6988
    4586       2.6912
    4587       2.7367
    4588       2.5709
    4589       2.6797
    4590       2.6098
    4591       2.6121
    4592       2.6191
    4593       2.5882
    4594       2.4173
    4595       2.4551
    4596       2.5399
    4597       2.4499
    4598       2.6369
    4599       2.5249
    4600       2.4223
    4601       2.4695
    4602       2.3940
    4603       2.4616
    4604       2.3282
    4605       2.3764
    4606       2.4555
    4607       2.3886
    4608       2.5686
    4609       2.4772
    4610       2.4907
    4611       2.5289
    4612       2.4678
    4613       2.2863
    4614       2.1434
    4615       2.1436
    4616       2.3072
    4617       2.4412
    4618       2.3740
    4619       2.5819
    4620       2.6508
    4621       2.6932
    4622       2.6973
    4623       2.4192
    4624       2.3346
    4625       2.4435
    4626       2.3421
    4627       2.4365
    4628       2.4998
    4629       2.5667
    4630       2.6038
    4631       2.5581
    4632       2.5946
    4633       2.5340
    4634       2.5321
    4635       2.6656
    4636       2.4964
    4637       2.4675
    4638       2.7069
    4639       2.9258
    4640       2.6670
    4641       2.6082
    4642       2.4227
    4643       2.3020
    4644       2.5611
    4645       2.4495
    4646       2.5818
    4647       2.6526
    4648       2.8017
    4649       2.6367
    4650       2.6041
    4651       2.4455
    4652       2.4141
    4653       2.5150
    4654       2.3767
    4655       2.3420
    4656       2.4948
    4657       2.4165
    4658       2.4184
    4659       2.6429
    4660       2.5491
    4661       2.5438
    4662       2.6346
    4663       2.7246
    4664       2.6316
    4665       2.5950
    4666       2.6857
    4667       2.7401
    4668       2.6901
    4669       2.5473
    4670       2.5939
    4671       2.5615
    4672       2.6250
    4673       2.5342
    4674       2.7159
    4675       2.6968
    4676       2.6965
    4677       2.7693
    4678       2.8601
    4679       2.8155
    4680       2.6743
    4681       2.8594
    4682       2.6427
    4683       2.8628
    4684       2.8320
    4685       2.8699
    4686       2.8337
    4687       2.9442
    4688       2.9009
    4689       2.9615
    4690       2.8318
    4691       2.8971
    4692       2.8260
    4693       2.7839
    4694       2.6387
    4695       2.4057
    4696       2.6308
    4697       2.6190
    4698       2.7172
    4699       2.5321
    4700       2.6024
    4701       2.6321
    4702       2.6346
    4703       2.6772
    4704       2.6721
    4705       2.7501
    4706       2.6464
    4707       2.7318
    4708       2.5825
    4709       2.7396
    4710       2.6086
    4711       2.5799
    4712       2.5880
    4713       2.5012
    4714       2.7514
    4715       2.7917
    4716       2.9220
    4717       2.8877
    4718       2.8332
    4719       2.8519
    4720       2.9029
    4721       2.9578
    4722       2.9891
    4723       2.8412
    4724       3.0136
    4725       3.1913
    4726       3.2192
    4727       3.0934
    4728       2.9404
    4729       2.9276
    4730       2.9607
    4731       2.9264
    4732       3.0812
    4733       2.8704
    4734       2.7519
    4735       2.7205
    4736       2.6822
    4737       2.6479
    4738       2.5204
    4739       2.5629
    4740       2.6175
    4741       2.4991
    4742       2.5737
    4743       2.5093
    4744       2.4194
    4745       2.4205
    4746       2.6435
    4747       2.7296
    4748       2.7084
    4749       2.5048
    4750       2.7317
    4751       2.5048
    4752       2.6343
    4753       2.7514
    4754       2.4566
    4755       2.6883
    4756       2.4954
    4757       2.7294
    4758       2.8042
    4759       2.9366
    4760       2.8842
    4761       2.8063
    4762       2.9871
    4763       3.1265
    4764       3.0989
    4765       2.8368
    4766       2.7877
    4767       2.8588
    4768       2.8716
    4769       2.7929
    4770       2.8195
    4771       2.9236
    4772       2.7836
    4773       2.8179
    4774       2.9547
    4775       2.7732
    4776       2.5716
    4777       2.5322
    4778       2.5832
    4779       2.3406
    4780       2.5396
    4781       2.5937
    4782       2.6025
    4783       2.6395
    4784       2.6341
    4785       2.6655
    4786       2.5152
    4787       2.6901
    4788       2.7515
    4789       2.9140
    4790       2.8379
    4791       2.9711
    4792       3.1683
    4793       3.1049
    4794       3.1521
    4795       3.1384
    4796       3.0577
    4797       3.0176
    4798       3.0976
    4799       3.3470
    4800       3.3185
    4801       3.1186
    4802       2.8844
    4803       2.9295
    4804       2.9913
    4805       2.8287
    4806       2.7908
    4807       2.6432
    4808       2.5716
    4809       2.5211
    4810       2.6641
    4811       2.6954
    4812       2.7534
    4813       2.8750
    4814       2.9318
    4815       2.7714
    4816       2.5394
    4817       2.4987
    4818       2.4883
    4819       2.5317
    4820       2.5062
    4821       2.4735
    4822       2.4306
    4823       2.5277
    4824       2.3246
    4825       2.2022
    4826       2.3831
    4827       2.3600
    4828       2.3229
    4829       2.5492
    4830       2.4954
    4831       2.4088
    4832       2.3685
    4833       2.4014
    4834       2.3999
    4835       2.3708
    4836       2.3409
    4837       2.3775
    4838       2.5901
    4839       2.5004
    4840       2.5359
    4841       2.5697
    4842       2.5878
    4843       2.5164
    4844       2.3863
    4845       2.4588
    4846       2.4500
    4847       2.6993
    4848       2.6093
    4849       2.6187
    4850       2.5878
    4851       2.6357
    4852       2.4494
    4853       2.6116
    4854       2.7040
    4855       2.7993
    4856       2.7452
    4857       2.8267
    4858       2.7275
    4859       2.8282
    4860       2.8734
    4861       2.9645
    4862       3.0888
    4863       2.9798
    4864       3.1100
    4865       3.0786
    4866       3.1079
    4867       3.0607
    4868       3.0183
    4869       2.9218
    4870       2.8781
    4871       2.8587
    4872       2.8783
    4873       2.8192
    4874       2.7117
    4875       2.7081
    4876       2.8885
    4877       2.8248
    4878       3.0131
    4879       2.9954
    4880       2.8292
    4881       2.7019
    4882       2.9383
    4883       2.9491
    4884       2.9348
    4885       2.8799
    4886       2.6869
    4887       2.6880
    4888       2.8660
    4889       2.8873
    4890       2.8951
    4891       2.8271
    4892       2.8541
    4893       2.7729
    4894       2.8477
    4895       2.9700
    4896       3.0479
    4897       2.9343
    4898       3.0171
    4899       3.1506
    4900       3.0639
    4901       2.9547
    4902       2.8864
    4903       2.9537
    4904       3.0640
    4905       2.9263
    4906       2.7779
    4907       2.7258
    4908       2.8459
    4909       2.7345
    4910       2.5884
    4911       2.6108
    4912       2.6751
    4913       2.8626
    4914       3.0907
    4915       2.8254
    4916       2.9088
    4917       3.0247
    4918       2.7580
    4919       2.8672
    4920       2.6898
    4921       2.7899
    4922       2.9046
    4923       2.8665
    4924       3.0538
    4925       2.9712
    4926       2.8852
    4927       2.8149
    4928       2.7721
    4929       2.7679
    4930       2.7779
    4931       2.7818
    4932       2.7081
    4933       2.8891
    4934       2.7622
    4935       2.7261
    4936       2.7286
    4937       2.6329
    4938       2.5344
    4939       2.8587
    4940       2.7271
    4941       2.6409
    4942       2.7524
    4943       2.9962
    4944       3.1182
    4945       2.9485
    4946       2.7522
    4947       2.6490
    4948       2.4831
    4949       2.4134
    4950       2.5716
    4951       2.7132
    4952       2.8645
    4953       2.9272
    4954       2.8712
    4955       2.8724
    4956       2.8865
    4957       2.8175
    4958       2.5947
    4959       2.7066
    4960       2.7300
    4961       2.6220
    4962       2.6913
    4963       2.7145
    4964       2.8704
    4965       2.9462
    4966       2.9161
    4967       2.7486
    4968       2.8236
    4969       2.8065
    4970       2.9672
    4971       2.9033
    4972       2.9352
    4973       2.8210
    4974       2.7645
    4975       2.7429
    4976       2.7693
    4977       2.6083
    4978       2.6502
    4979       2.6477
    4980       2.7258
    4981       2.7113
    4982       2.7853
    4983       2.7206
    4984       2.8354
    4985       2.7021
    4986       2.7290
    4987       2.7998
    4988       2.6970
    4989       2.7697
    4990       2.9930
    4991       2.8953
    4992       3.0962
    4993       3.0568
    4994       2.8777
    4995       2.7475
    4996       2.7667
    4997       2.8403
    4998       2.8233
    4999       2.7016
    5000       2.8097
    5001       2.9650
    5002       2.9408
    5003       2.8070
    5004       2.8534
    5005       2.6584
    5006       2.5859
    5007       2.6294
    5008       2.6064
    5009       2.5742
    5010       2.6254
    5011       2.8014
    5012       2.7356
    5013       2.4799
    5014       2.6254
    5015       2.6714
    5016       2.7581
    5017       2.5601
    5018       2.7429
    5019       2.5723
    5020       2.7795
    5021       2.8292
    5022       2.6480
    5023       2.7776
    5024       2.7993
    5025       2.8592
    5026       2.8464
    5027       2.8883
    5028       2.8444
    5029       2.7933
    5030       2.6358
    5031       2.5764
    5032       2.6129
    5033       2.7371
    5034       2.5782
    5035       2.5472
    5036       2.4891
    5037       2.5811
    5038       2.4592
    5039       2.4924
    5040       2.5032
    5041       2.5147
    5042       2.4114
    5043       2.3488
    5044       2.2819
    5045       2.2309
    5046       2.3232
    5047       2.4107
    5048       2.4840
    5049       2.3497
    5050       2.4941
    5051       2.5404
    5052       2.8497
    5053       2.7298
    5054       2.5290
    5055       2.5417
    5056       2.6213
    5057       2.5634
    5058       2.5306
    5059       2.5462
    5060       2.5871
    5061       2.4680
    5062       2.4530
    5063       2.5771
    5064       2.6228
    5065       2.5508
    5066       2.6801
    5067       2.4768
    5068       2.6012
    5069       2.5191
    5070       2.5345
    5071       2.4323
    5072       2.5558
    5073       2.6767
    5074       2.5845
    5075       2.5233
    5076       2.7096
    5077       2.6537
    5078       2.5480
    5079       2.6022
    5080       2.4013
    5081       2.4325
    5082       2.4934
    5083       2.5307
    5084       2.5860
    5085       2.5502
    5086       2.5064
    5087       2.5501
    5088       2.5172
    5089       2.4669
    5090       2.4716
    5091       2.4298
    5092       2.3620
    5093       2.3595
    5094       2.3905
    5095       2.1758
    5096       2.2569
    5097       2.2531
    5098       2.2854
    5099       2.3590
    5100       2.2566
    5101       2.3455
    5102       2.3076
    5103       2.3428
    5104       2.4054
    5105       2.2393
    5106       2.1970
    5107       2.4613
    5108       2.2440
    5109       2.2708
    5110       2.4255
    5111       2.2854
    5112       2.2185
    5113       2.2750
    5114       2.3229
    5115       2.3482
    5116       2.3269
    5117       2.4553
    5118       2.2729
    5119       2.2925
    5120       2.3868
    5121       2.3988
    5122       2.3314
    5123       2.5003
    5124       2.4997
    5125       2.6709
    5126       2.4188
    5127       2.5367
    5128       2.4916
    5129       2.3373
    5130       2.3304
    5131       2.4393
    5132       2.5251
    5133       2.4286
    5134       2.3993
    5135       2.2968
    5136       2.1993
    5137       2.4106
    5138       2.4232
    5139       2.3756
    5140       2.1480
    5141       2.1511
    5142       2.3301
    5143       2.3255
    5144       2.2800
    5145       2.1159
    5146       2.1995
    5147       2.1276
    5148       2.1919
    5149       2.3011
    5150       2.1712
    5151       2.2066
    5152       2.2912
    5153       2.0884
    5154       2.1267
    5155       2.1757
    5156       2.1887
    5157       2.4427
    5158       2.3436
    5159       2.2363
    5160       2.2365
    5161       2.2868
    5162       2.4183
    5163       2.3689
    5164       2.5963
    5165       2.7037
    5166       2.6845
    5167       2.6631
    5168       2.6751
    5169       2.5942
    5170       2.5951
    5171       2.6835
    5172       2.7729
    5173       2.5969
    5174       2.4648
    5175       2.4981
    5176       2.6483
    5177       2.6594
    5178       2.6238
    5179       2.6164
    5180       2.6559
    5181       2.5727
    5182       2.6383
    5183       2.5653
    5184       2.7163
    5185       2.6126
    5186       2.5772
    5187       2.3987
    5188       2.2414
    5189       2.2432
    5190       2.3157
    5191       2.1102
    5192       2.0588
    5193       2.0050
    5194       1.8897
    5195       1.8515
    5196       1.9626
    5197       2.0463
    5198       1.9840
    5199       2.0580
    5200       1.9315
    5201       2.1086
    5202       2.2631
    5203       2.1572
    5204       2.1421
    5205       2.1243
    5206       2.3685
    5207       2.4644
    5208       2.3226
    5209       2.6024
    5210       2.5409
    5211       2.4842
    5212       2.6105
    5213       2.5776
    5214       2.6928
    5215       2.6617
    5216       2.3897
    5217       2.3133
    5218       2.5074
    5219       2.4917
    5220       2.3852
    5221       2.4808
    5222       2.4393
    5223       2.5631
    5224       2.4062
    5225       2.4067
    5226       2.6894
    5227       2.6179
    5228       2.6005
    5229       2.7025
    5230       2.6586
    5231       2.9130
    5232       2.8233
    5233       2.7277
    5234       2.7220
    5235       2.4642
    5236       2.3895
    5237       2.4758
    5238       2.5404
    5239       2.4925
    5240       2.6315
    5241       2.6491
    5242       2.6929
    5243       2.6101
    5244       2.7993
    5245       2.7890
    5246       2.6461
    5247       2.4944
    5248       2.5183
    5249       2.4817
    5250       2.5829
    5251       2.7084
    5252       2.5888
    5253       2.4409
    5254       2.4299
    5255       2.3554
    5256       2.4551
    5257       2.1315
    5258       2.2242
    5259       2.1555
    5260       1.8531
    5261       1.9908
    5262       2.0753
    5263       2.1240
    5264       2.2145
    5265       2.1719
    5266       1.9948
    5267       2.1480
    5268       2.0615
    5269       2.1290
    5270       2.1084
    5271       2.2522
    5272       2.3790
    5273       2.4453
    5274       2.3742
    5275       2.1647
    5276       2.1526
    5277       2.2271
    5278       2.3759
    5279       2.3777
    5280       2.5126
    5281       2.4151
    5282       2.2158
    5283       2.0954
    5284       2.1031
    5285       2.2620
    5286       2.1930
    5287       2.1377
    5288       2.2967
    5289       2.3423
    5290       2.3319
    5291       2.2492
    5292       2.5178
    5293       2.3284
    5294       2.4264
    5295       2.4413
    5296       2.6536
    5297       2.5227
    5298       2.6712
    5299       2.7155
    5300       2.7419
    5301       2.5110
    5302       2.4859
    5303       2.6222
    5304       2.5590
    5305       2.5039
    5306       2.5039
    5307       2.6293
    5308       2.6847
    5309       2.7956
    5310       2.6986
    5311       2.6681
    5312       2.6128
    5313       2.5461
    5314       2.5520
    5315       2.4364
    5316       2.2487
    5317       2.1510
    5318       2.2598
    5319       2.3891
    5320       2.3645
    5321       2.3237
    5322       2.2941
    5323       2.1793
    5324       2.2144
    5325       2.3484
    5326       2.2386
    5327       2.1676
    5328       2.3642
    5329       2.5024
    5330       2.4201
    5331       2.3278
    5332       2.6067
    5333       2.6393
    5334       2.6891
    5335       2.4274
    5336       2.4092
    5337       2.4816
    5338       2.3682
    5339       2.4614
    5340       2.5371
    5341       2.4785
    5342       2.5941
    5343       2.6588
    5344       2.6893
    5345       2.7220
    5346       2.9096
    5347       2.8140
    5348       2.6915
    5349       2.7565
    5350       2.6622
    5351       2.5832
    5352       2.5771
    5353       2.5625
    5354       2.5999
    5355       2.6335
    5356       2.6919
    5357       2.6478
    5358       2.4397
    5359       2.5352
    5360       2.5053
    5361       2.5991
    5362       2.6113
    5363       2.6908
    5364       2.6412
    5365       2.3391
    5366       2.4282
    5367       2.5092
    5368       2.4084
    5369       2.5204
    5370       2.4064
    5371       2.2546
    5372       2.2711
    5373       2.3260
    5374       2.3866
    5375       2.2273
    5376       2.1456
    5377       2.3407
    5378       2.4715
    5379       2.4389
    5380       2.4351
    5381       2.5470
    5382       2.4329
    5383       2.5863
    5384       2.8655
    5385       2.8271
    5386       2.9005
    5387       2.9164
    5388       3.0177
    5389       2.8575
    5390       2.9789
    5391       2.7784
    5392       2.9160
    5393       2.8193
    5394       2.7215
    5395       2.6944
    5396       2.5809
    5397       2.8824
    5398       2.9071
    5399       2.9383
    5400       3.0735
    5401       3.0042
    5402       2.8087
    5403       2.8839
    5404       3.0521
    5405       2.8094
    5406       3.0094
    5407       2.8200
    5408       2.9102
    5409       2.9905
    5410       2.8616
    5411       2.8015
    5412       2.5498
    5413       2.2874
    5414       2.3692
    5415       2.2813
    5416       2.4713
    5417       2.4794
    5418       2.4598
    5419       2.4740
    5420       2.4642
    5421       2.4279
    5422       2.3409
    5423       2.4507
    5424       2.2570
    5425       2.5069
    5426       2.5703
    5427       2.2765
    5428       2.2651
    5429       2.1810
    5430       2.1679
    5431       2.2251
    5432       2.1067
    5433       2.3068
    5434       2.4326
    5435       2.2009
    5436       2.3226
    5437       2.3015
    5438       2.1912
    5439       2.0638
    5440       2.1871
    5441       2.2762
    5442       2.1976
    5443       2.2488
    5444       2.2835
    5445       2.0917
    5446       2.1387
    5447       2.3711
    5448       2.2318
    5449       2.2334
    5450       2.1399
    5451       2.0761
    5452       2.0046
    5453       1.9573
    5454       2.1017
    5455       2.0074
    5456       2.2861
    5457       2.3269
    5458       2.3220
    5459       2.5010
    5460       2.2048
    5461       2.1126
    5462       2.1740
    5463       2.1349
    5464       1.9251
    5465       2.0094
    5466       1.9687
    5467       1.8996
    5468       2.0482
    5469       1.8913
    5470       1.8494
    5471       1.8953
    5472       2.0757
    5473       2.0588
    5474       2.1234
    5475       2.1798
    5476       2.2502
    5477       2.1236
    5478       2.1518
    5479       2.1665
    5480       2.2362
    5481       2.3697
    5482       2.2955
    5483       2.2278
    5484       2.2627
    5485       2.3708
    5486       2.4081
    5487       2.3624
    5488       2.3920
    5489       2.2821
    5490       2.4244
    5491       2.1957
    5492       2.4011
    5493       2.4849
    5494       2.3898
    5495       2.4029
    5496       2.3660
    5497       2.2874
    5498       2.2779
    5499       2.2946
    5500       2.3956
    5501       2.4376
    5502       2.1629
    5503       2.3178
    5504       2.1852
    5505       2.2428
    5506       2.3686
    5507       2.3938
    5508       2.4490
    5509       2.4525
    5510       2.2767
    5511       2.2515
    5512       2.4570
    5513       2.4486
    5514       2.6508
    5515       2.5635
    5516       2.5133
    5517       2.6499
    5518       2.5582
    5519       2.6256
    5520       2.5665
    5521       2.6990
    5522       2.5715
    5523       2.3478
    5524       2.3157
    5525       2.4993
    5526       2.5109
    5527       2.4116
    5528       2.2532
    5529       2.4525
    5530       2.5746
    5531       2.6223
    5532       2.7430
    5533       2.5987
    5534       2.6049
    5535       2.6519
    5536       2.3712
    5537       2.3768
    5538       2.3722
    5539       2.3129
    5540       2.3622
    5541       2.0458
    5542       1.9085
    5543       1.9910
    5544       2.2235
    5545       2.1758
    5546       2.2638
    5547       2.2968
    5548       2.2567
    5549       2.4342
    5550       2.3075
    5551       2.2023
    5552       2.2198
    5553       2.1800
    5554       2.1774
    5555       2.3932
    5556       2.4542
    5557       2.5704
    5558       2.6260
    5559       2.5429
    5560       2.6213
    5561       2.7182
    5562       2.6629
    5563       2.6964
    5564       2.7889
    5565       2.8669
    5566       2.7004
    5567       2.7188
    5568       2.5763
    5569       2.7844
    5570       2.5815
    5571       2.7508
    5572       2.5434
    5573       2.7057
    5574       2.8339
    5575       2.7889
    5576       2.6816
    5577       2.5679
    5578       2.6456
    5579       2.6032
    5580       2.5541
    5581       2.5524
    5582       2.5559
    5583       2.5460
    5584       2.6436
    5585       2.5695
    5586       2.6990
    5587       2.7551
    5588       2.8811
    5589       2.9328
    5590       2.9838
    5591       2.9053
    5592       2.8540
    5593       2.8250
    5594       2.7920
    5595       2.7681
    5596       2.8453
    5597       2.8633
    5598       3.1600
    5599       2.9660
    5600       3.0088
    5601       3.0071
    5602       2.9737
    5603       3.0141
    5604       2.8660
    5605       2.7812
    5606       2.9737
    5607       3.0281
    5608       3.0058
    5609       2.9760
    5610       3.2633
    5611       3.3293
    5612       3.4133
    5613       3.1164
    5614       3.2512
    5615       2.9734
    5616       2.9322
    5617       3.1744
    5618       3.2220
    5619       3.2935
    5620       3.1395
    5621       3.2153
    5622       3.3224
    5623       3.1701
    5624       3.1807
    5625       3.1294
    5626       2.9006
    5627       2.8728
    5628       2.9425
    5629       3.1584
    5630       3.1324
    5631       3.1214
    5632       3.0891
    5633       3.1569
    5634       3.2613
    5635       3.1714
    5636       3.2177
    5637       3.1073
    5638       3.0150
    5639       3.0417
    5640       2.9470
    5641       3.1283
    5642       3.0583
    5643       2.9577
    5644       3.0419
    5645       2.9272
    5646       2.7593
    5647       2.7257
    5648       2.8840
    5649       2.8010
    5650       2.8469
    5651       2.8825
    5652       2.9470
    5653       2.7798
    5654       2.8026
    5655       3.0961
    5656       3.1158
    5657       3.2490
    5658       3.2823
    5659       3.4454
    5660       3.2149
    5661       2.9289
    5662       3.1621
    5663       3.0389
    5664       2.9313
    5665       2.9630
    5666       3.0942
    5667       3.0578
    5668       3.1410
    5669       3.0729
    5670       3.0230
    5671       2.9136
    5672       3.0796
    5673       3.1074
    5674       3.0302
    5675       3.0100
    5676       3.3025
    5677       3.1707
    5678       3.1556
    5679       3.0163
    5680       2.9800
    5681       2.7163
    5682       2.9486
    5683       2.8678
    5684       2.7432
    5685       2.9950
    5686       2.9996
    5687       2.9884
    5688       3.0461
    5689       3.0437
    5690       2.9890
    5691       3.0251
    5692       2.9181
    5693       2.9138
    5694       2.7161
    5695       2.7354
    5696       2.7507
    5697       2.7420
    5698       2.9541
    5699       2.8039
    5700       3.0156
    5701       2.8554
    5702       2.8059
    5703       2.8403
    5704       2.8688
    5705       2.8371
    5706       2.6130
    5707       2.6817
    5708       2.8550
    5709       3.0965
    5710       2.9328
    5711       3.1161
    5712       3.1299
    5713       3.1010
    5714       3.0765
    5715       2.7800
    5716       2.8240
    5717       2.7933
    5718       2.6930
    5719       2.5901
    5720       2.7086
    5721       2.6964
    5722       2.8007
    5723       2.8524
    5724       2.7904
    5725       2.6618
    5726       2.6308
    5727       2.5063
    5728       2.6771
    5729       2.7278
    5730       2.6136
    5731       2.5799
    5732       2.5860
    5733       2.6286
    5734       2.4764
    5735       2.6541
    5736       2.7232
    5737       2.9209
    5738       3.1529
    5739       3.0353
    5740       2.9555
    5741       2.9094
    5742       2.9666
    5743       2.8970
    5744       3.0696
    5745       2.9409
    5746       2.9728
    5747       3.1015
    5748       3.1278
    5749       3.1174
    5750       3.2380
    5751       3.3128
    5752       3.1736
    5753       3.2738
    5754       3.1870
    5755       3.1117
    5756       3.1075
    5757       2.8937
    5758       2.9214
    5759       2.9013
    5760       2.9572
    5761       2.9446
    5762       2.9048
    5763       2.8266
    5764       2.8934
    5765       2.7669
    5766       2.8908
    5767       2.7661
    5768       2.9483
    5769       2.9181
    5770       2.6546
    5771       2.6629
    5772       2.6884
    5773       2.7856
    5774       2.5930
    5775       2.5328
    5776       2.5802
    5777       2.5540
    5778       2.5143
    5779       2.4769
    5780       2.4904
    5781       2.3839
    5782       2.6148
    5783       2.5664
    5784       2.5302
    5785       2.5487
    5786       2.5776
    5787       2.6534
    5788       2.8253
    5789       2.7409
    5790       2.7620
    5791       2.8126
    5792       2.7272
    5793       2.7325
    5794       2.9093
    5795       2.8204
    5796       2.9456
    5797       2.6419
    5798       2.8827
    5799       2.9432
    5800       2.9310
    5801       2.8964
    5802       2.9840
    5803       2.9841
    5804       2.9220
    5805       2.8509
    5806       2.7168
    5807       2.7840
    5808       2.7863
    5809       2.6824
    5810       2.7953
    5811       2.9199
    5812       2.9344
    5813       3.0460
    5814       2.8873
    5815       2.7356
    5816       2.8864
    5817       2.9084
    5818       2.9491
    5819       2.8058
    5820       2.8756
    5821       2.7275
    5822       2.6963
    5823       2.4593
    5824       2.5296
    5825       2.5731
    5826       2.5746
    5827       2.4647
    5828       2.4512
    5829       2.7388
    5830       2.5911
    5831       2.6012
    5832       2.6507
    5833       2.5496
    5834       2.6318
    5835       2.4137
    5836       2.5591
    5837       2.4842
    5838       2.3538
    5839       2.4123
    5840       2.7116
    5841       2.5888
    5842       2.5583
    5843       2.5602
    5844       2.6169
    5845       2.6476
    5846       2.5870
    5847       2.7300
    5848       2.7496
    5849       2.8096
    5850       2.6545
    5851       2.6236
    5852       2.5685
    5853       2.5915
    5854       2.6197
    5855       2.5722
    5856       2.5648
    5857       2.4716
    5858       2.6112
    5859       2.3744
    5860       2.6388
    5861       2.4510
    5862       2.6030
    5863       2.5527
    5864       2.5513
    5865       2.3279
    5866       2.5147
    5867       2.6683
    5868       2.4396
    5869       2.6831
    5870       2.5450
    5871       2.6012
    5872       2.5430
    5873       2.4789
    5874       2.4497
    5875       2.3622
    5876       2.3683
    5877       2.3224
    5878       2.2768
    5879       2.3685
    5880       2.6252
    5881       2.5483
    5882       2.5203
    5883       2.4843
    5884       2.4983
    5885       2.4778
    5886       2.5100
    5887       2.5779
    5888       2.5104
    5889       2.5283
    5890       2.3281
    5891       2.3794
    5892       2.4901
    5893       2.4474
    5894       2.3487
    5895       2.2949
    5896       2.4841
    5897       2.4351
    5898       2.2782
    5899       2.3417
    5900       2.3592
    5901       2.5477
    5902       2.7406
    5903       2.5539
    5904       2.4972
    5905       2.4164
    5906       2.5408
    5907       2.5180
    5908       2.7004
    5909       2.5733
    5910       2.6575
    5911       2.4804
    5912       2.4921
    5913       2.6514
    5914       2.7335
    5915       2.7247
    5916       2.7704
    5917       2.8082
    5918       2.8107
    5919       2.7271
    5920       2.9516
    5921       2.7845
    5922       2.7433
    5923       2.6523
    5924       2.7374
    5925       2.6962
    5926       2.5081
    5927       2.4400
    5928       2.4783
    5929       2.4109
    5930       2.2492
    5931       2.5239
    5932       2.5250
    5933       2.6489
    5934       2.7275
    5935       2.8209
    5936       2.9661
    5937       3.0697
    5938       3.1675
    5939       3.0150
    5940       3.2127
    5941       3.1889
    5942       3.0095
    5943       3.0539
    5944       3.0204
    5945       3.0890
    5946       3.0751
    5947       2.7370
    5948       2.9125
    5949       2.9089
    5950       2.8143
    5951       2.7032
    5952       2.7314
    5953       2.7720
    5954       2.7203
    5955       2.5912
    5956       2.6502
    5957       2.6355
    5958       2.5821
    5959       2.7532
    5960       2.7316
    5961       2.7417
    5962       2.4347
    5963       2.4248
    5964       2.4491
    5965       2.5617
    5966       2.7745
    5967       2.9322
    5968       2.7016
    5969       2.5994
    5970       2.6364
    5971       2.6974
    5972       2.7746
    5973       2.9566
    5974       2.8482
    5975       2.8217
    5976       3.0328
    5977       3.0759
    5978       2.9164
    5979       2.9080
    5980       2.7889
    5981       2.9751
    5982       3.0441
    5983       2.8117
    5984       2.7517
    5985       2.8848
    5986       2.7464
    5987       2.7729
    5988       3.0142
    5989       2.9238
    5990       3.0140
    5991       2.8827
    5992       3.0294
    5993       3.0017
    5994       2.7245
    5995       3.0022
    5996       3.0321
    5997       3.0902
    5998       2.8987
    5999       2.9201
    6000       3.0285
    6001       2.7197
    6002       2.7537
    6003       2.6947
    6004       2.5394
    6005       2.6414
    6006       2.6073
    6007       2.6010
    6008       2.4859
    6009       2.3911
    6010       2.5357
    6011       2.5834
    6012       2.5162
    6013       2.5081
    6014       2.6744
    6015       2.7686
    6016       2.9222
    6017       2.6393
    6018       2.5898
    6019       2.6644
    6020       2.8741
    6021       2.7146
    6022       2.6027
    6023       2.6653
    6024       2.6180
    6025       2.6964
    6026       2.6393
    6027       2.6187
    6028       2.6767
    6029       2.8376
    6030       2.5514
    6031       2.4603
    6032       2.3966
    6033       2.4965
    6034       2.5372
    6035       2.4770
    6036       2.6758
    6037       2.7417
    6038       2.6391
    6039       2.7409
    6040       2.4348
    6041       2.2746
    6042       2.5913
    6043       2.5422
    6044       2.4636
    6045       2.4260
    6046       2.5836
    6047       2.4985
    6048       2.7199
    6049       2.8373
    6050       2.9555
    6051       2.7061
    6052       2.9116
    6053       2.6392
    6054       2.5942
    6055       2.7319
    6056       2.7324
    6057       2.6640
    6058       2.7284
    6059       2.6238
    6060       2.5812
    6061       2.6917
    6062       2.7374
    6063       2.7102
    6064       2.6593
    6065       2.5838
    6066       2.6741
    6067       2.5478
    6068       2.4629
    6069       2.2957
    6070       2.4254
    6071       2.2952
    6072       2.3747
    6073       2.3820
    6074       2.2515
    6075       2.3513
    6076       2.4780
    6077       2.4788
    6078       2.3945
    6079       2.1723
    6080       2.0683
    6081       2.1393
    6082       2.3076
    6083       2.4966
    6084       2.6341
    6085       2.6536
    6086       2.4916
    6087       2.5571
    6088       2.5576
    6089       2.5301
    6090       2.5029
    6091       2.4764
    6092       2.3832
    6093       2.3672
    6094       2.3943
    6095       2.4511
    6096       2.6197
    6097       2.5395
    6098       2.5537
    6099       2.5243
    6100       2.5540
    6101       2.6638
    6102       2.4026
    6103       2.4131
    6104       2.2425
    6105       2.3673
    6106       2.4714
    6107       2.4663
    6108       2.5135
    6109       2.4190
    6110       2.6188
    6111       2.6469
    6112       2.6057
    6113       2.7658
    6114       2.8381
    6115       2.8168
    6116       2.6118
    6117       2.6807
    6118       2.6344
    6119       2.6240
    6120       2.6220
    6121       2.6731
    6122       2.7788
    6123       2.6905
    6124       2.6529
    6125       2.6015
    6126       2.4814
    6127       2.7191
    6128       2.5705
    6129       2.5212
    6130       2.5183
    6131       2.7474
    6132       2.7937
    6133       2.6454
    6134       2.5312
    6135       2.5702
    6136       2.5810
    6137       2.4267
    6138       2.4024
    6139       2.5434
    6140       2.4716
    6141       2.4822
    6142       2.6081
    6143       2.6157
    6144       2.4744
    6145       2.5707
    6146       2.5495
    6147       2.5829
    6148       2.4030
    6149       2.4448
    6150       2.4814
    6151       2.4133
    6152       2.4327
    6153       2.3030
    6154       2.4966
    6155       2.5761
    6156       2.6581
    6157       2.5703
    6158       2.3782
    6159       2.5187
    6160       2.3178
    6161       2.3051
    6162       2.4168
    6163       2.5767
    6164       2.5057
    6165       2.2596
    6166       2.4881
    6167       2.4428
    6168       2.4895
    6169       2.4035
    6170       2.4940
    6171       2.7305
    6172       2.7482
    6173       2.7189
    6174       3.0399
    6175       2.9683
    6176       2.7377
    6177       2.6828
    6178       3.0242
    6179       2.9442
    6180       3.0748
    6181       2.9595
    6182       3.0421
    6183       3.0299
    6184       2.8635
    6185       2.7365
    6186       2.8366
    6187       2.7902
    6188       2.7244
    6189       2.7852
    6190       2.7257
    6191       2.6236
    6192       2.7179
    6193       2.7342
    6194       2.6508
    6195       2.6140
    6196       2.7507
    6197       2.5984
    6198       2.7963
    6199       2.7153
    6200       2.6177
    6201       2.6148
    6202       2.6295
    6203       2.6950
    6204       2.6392
    6205       2.4031
    6206       2.7409
    6207       2.6917
    6208       2.6430
    6209       2.6568
    6210       2.7195
    6211       2.7439
    6212       2.7773
    6213       2.8853
    6214       2.7477
    6215       2.7756
    6216       2.5763
    6217       2.8500
    6218       2.4990
    6219       2.6774
    6220       2.6193
    6221       2.4604
    6222       2.3009
    6223       2.4892
    6224       2.4675
    6225       2.3603
    6226       2.3556
    6227       2.3312
    6228       2.2929
    6229       2.2423
    6230       2.1928
    6231       2.2644
    6232       2.1572
    6233       2.0869
    6234       2.0449
    6235       2.0364
    6236       2.0275
    6237       2.1439
    6238       2.1394
    6239       2.2070
    6240       2.2352
    6241       2.2458
    6242       2.3154
    6243       2.3284
    6244       2.2671
    6245       2.3105
    6246       2.2688
    6247       2.5359
    6248       2.6063
    6249       2.6674
    6250       2.6694
    6251       2.5742
    6252       2.6034
    6253       2.3270
    6254       2.4832
    6255       2.4542
    6256       2.4790
    6257       2.5244
    6258       2.6633
    6259       2.7799
    6260       2.7299
    6261       2.4391
    6262       2.4209
    6263       2.5284
    6264       2.5006
    6265       2.5157
    6266       2.7264
    6267       2.8966
    6268       2.9456
    6269       2.8606
    6270       2.6601
    6271       2.6583
    6272       2.6616
    6273       2.8176
    6274       2.6017
    6275       2.6546
    6276       2.5498
    6277       2.6208
    6278       2.6439
    6279       2.5975
    6280       2.7449
    6281       2.5500
    6282       2.4955
    6283       2.4208
    6284       2.6303
    6285       2.6691
    6286       2.6810
    6287       2.5349
    6288       2.4535
    6289       2.4447
    6290       2.5419
    6291       2.6933
    6292       2.6384
    6293       2.7347
    6294       2.7631
    6295       2.7943
    6296       2.5164
    6297       2.6636
    6298       2.4466
    6299       2.3125
    6300       2.3202
    6301       2.1887
    6302       2.1883
    6303       2.2168
    6304       2.0463
    6305       2.1344
    6306       2.2161
    6307       2.1876
    6308       2.2713
    6309       2.2469
    6310       2.4166
    6311       2.2723
    6312       2.4207
    6313       2.4198
    6314       2.2995
    6315       2.2459
    6316       2.2305
    6317       2.3998
    6318       2.4355
    6319       2.4648
    6320       2.3848
    6321       2.4249
    6322       2.2860
    6323       2.3792
    6324       2.4207
    6325       2.2234
    6326       2.3109
    6327       2.3262
    6328       2.4331
    6329       2.5355
    6330       2.4930
    6331       2.4070
    6332       2.6248
    6333       2.5197
    6334       2.5933
    6335       2.4191
    6336       2.5367
    6337       2.7243
    6338       2.7323
    6339       2.8024
    6340       2.6818
    6341       2.7237
    6342       2.7313
    6343       2.7302
    6344       2.7636
    6345       2.9018
    6346       2.7014
    6347       2.7559
    6348       2.7559
    6349       2.6490
    6350       2.6702
    6351       2.8888
    6352       3.0156
    6353       2.9795
    6354       2.9510
    6355       2.9568
    6356       2.8003
    6357       2.9445
    6358       2.8671
    6359       2.8531
    6360       2.7508
    6361       2.4838
    6362       2.6688
    6363       2.6169
    6364       2.6776
    6365       2.6070
    6366       2.7069
    6367       2.7247
    6368       2.6117
    6369       2.7585
    6370       2.6828
    6371       2.5472
    6372       2.5523
    6373       2.7071
    6374       2.7111
    6375       2.6971
    6376       2.7372
    6377       2.7424
    6378       2.7844
    6379       2.7907
    6380       2.9244
    6381       3.1623
    6382       2.8384
    6383       2.6981
    6384       2.7689
    6385       2.7082
    6386       2.6525
    6387       2.5994
    6388       2.6349
    6389       2.8394
    6390       2.9752
    6391       2.8683
    6392       2.6617
    6393       2.6455
    6394       2.4405
    6395       2.6295
    6396       2.6729
    6397       2.7406
    6398       2.8241
    6399       2.8134
    6400       2.8113
    6401       2.9370
    6402       2.9021
    6403       2.9093
    6404       3.0186
    6405       2.8488
    6406       2.8809
    6407       2.8034
    6408       2.6780
    6409       2.4845
    6410       2.4678
    6411       2.5398
    6412       2.5655
    6413       2.3864
    6414       2.5328
    6415       2.5878
    6416       2.6915
    6417       2.7156
    6418       2.8241
    6419       2.8644
    6420       2.8375
    6421       2.7262
    6422       2.7661
    6423       2.9221
    6424       3.0166
    6425       3.0896
    6426       3.0260
    6427       2.7772
    6428       2.7843
    6429       2.8700
    6430       2.8408
    6431       2.9407
    6432       2.9656
    6433       2.7725
    6434       2.8364
    6435       2.6220
    6436       2.4094
    6437       2.4691
    6438       2.4077
    6439       2.5649
    6440       2.4777
    6441       2.4347
    6442       2.4627
    6443       2.5116
    6444       2.3542
    6445       2.2953
    6446       2.3059
    6447       2.2629
    6448       2.2701
    6449       2.0342
    6450       2.2427
    6451       2.2256
    6452       2.4370
    6453       2.5441
    6454       2.3714
    6455       2.4424
    6456       2.6240
    6457       2.5135
    6458       2.6466
    6459       2.7387
    6460       2.5160
    6461       2.6396
    6462       2.5624
    6463       2.3661
    6464       2.3845
    6465       2.3341
    6466       2.3459
    6467       2.5685
    6468       2.4670
    6469       2.6369
    6470       2.6095
    6471       2.7040
    6472       2.8193
    6473       2.6437
    6474       2.5752
    6475       2.5433
    6476       2.7240
    6477       2.8513
    6478       2.6567
    6479       2.5672
    6480       2.2047
    6481       2.3288
    6482       2.5574
    6483       2.6226
    6484       2.6793
    6485       2.6629
    6486       2.7551
    6487       2.5145
    6488       2.5536
    6489       2.7055
    6490       2.6279
    6491       2.2994
    6492       2.4311
    6493       2.4758
    6494       2.4626
    6495       2.6577
    6496       2.5352
    6497       2.6223
    6498       2.5395
    6499       2.6778
    6500       2.6545
    6501       2.6583
    6502       2.7157
    6503       2.8189
    6504       2.6998
    6505       2.7222
    6506       2.7117
    6507       2.7976
    6508       2.7493
    6509       2.8051
    6510       2.7572
    6511       2.8396
    6512       2.6474
    6513       2.5327
    6514       2.4895
    6515       2.5701
    6516       2.4775
    6517       2.4850
    6518       2.6247
    6519       2.5415
    6520       2.3771
    6521       2.3352
    6522       2.6356
    6523       2.6923
    6524       2.4181
    6525       2.5777
    6526       2.4838
    6527       2.4822
    6528       2.6365
    6529       2.7042
    6530       2.6827
    6531       2.6944
    6532       2.5504
    6533       2.3261
    6534       2.3823
    6535       2.2840
    6536       2.4659
    6537       2.3340
    6538       2.1786
    6539       2.3243
    6540       2.3309
    6541       2.5132
    6542       2.3004
    6543       2.4912
    6544       2.3754
    6545       2.2885
    6546       2.0514
    6547       2.2954
    6548       2.3577
    6549       2.3483
    6550       2.7777
    6551       2.8613
    6552       2.6954
    6553       2.8048
    6554       2.8011
    6555       2.8373
    6556       2.6128
    6557       2.6946
    6558       2.6639
    6559       2.4894
    6560       2.4081
    6561       2.3571
    6562       2.4659
    6563       2.6272
    6564       2.4830
    6565       2.3966
    6566       2.5720
    6567       2.6316
    6568       2.6134
    6569       2.4735
    6570       2.3174
    6571       2.4621
    6572       2.3792
    6573       2.2924
    6574       2.2020
    6575       2.1723
    6576       2.3532
    6577       2.1913
    6578       2.2106
    6579       2.2260
    6580       2.2982
    6581       2.4037
    6582       2.4011
    6583       2.3208
    6584       2.2664
    6585       2.3375
    6586       2.1799
    6587       2.2129
    6588       2.2484
    6589       2.0716
    6590       2.0490
    6591       2.1211
    6592       2.0930
    6593       2.2301
    6594       2.3667
    6595       2.3233
    6596       2.2270
    6597       2.3432
    6598       2.4025
    6599       2.0968
    6600       2.1215
    6601       2.3678
    6602       2.3481
    6603       2.3373
    6604       2.2262
    6605       1.9593
    6606       2.1188
    6607       2.1764
    6608       2.2309
    6609       2.2669
    6610       2.3461
    6611       2.3303
    6612       2.3509
    6613       2.3621
    6614       2.4072
    6615       2.2956
    6616       2.4067
    6617       2.4202
    6618       2.4680
    6619       2.5141
    6620       2.5292
    6621       2.4710
    6622       2.6774
    6623       2.6961
    6624       2.4324
    6625       2.5234
    6626       2.5377
    6627       2.5956
    6628       2.3345
    6629       2.4707
    6630       2.3846
    6631       2.3899
    6632       2.4912
    6633       2.4401
    6634       2.4544
    6635       2.4853
    6636       2.4200
    6637       2.3388
    6638       2.2264
    6639       2.4287
    6640       2.4518
    6641       2.2848
    6642       2.5536
    6643       2.4025
    6644       2.4551
    6645       2.3520
    6646       2.3546
    6647       2.5621
    6648       2.5018
    6649       2.6282
    6650       2.3691
    6651       2.3447
    6652       2.4439
    6653       2.4094
    6654       2.4465
    6655       2.3975
    6656       2.3614
    6657       2.3576
    6658       2.3003
    6659       2.3275
    6660       2.3246
    6661       2.4511
    6662       2.5270
    6663       2.4717
    6664       2.5105
    6665       2.6130
    6666       2.7132
    6667       2.7881
    6668       2.9206
    6669       2.8221
    6670       2.7917
    6671       2.8628
    6672       2.8262
    6673       2.8260
    6674       2.7511
    6675       2.6941
    6676       2.6330
    6677       2.5740
    6678       2.5978
    6679       2.8259
    6680       2.8503
    6681       2.9153
    6682       2.8401
    6683       2.9611
    6684       2.9817
    6685       2.8965
    6686       2.6977
    6687       2.6594
    6688       2.9168
    6689       2.6609
    6690       2.6316
    6691       2.5989
    6692       2.5484
    6693       2.5163
    6694       2.3400
    6695       2.3578
    6696       2.3274
    6697       2.2757
    6698       2.3275
    6699       2.3397
    6700       2.3984
    6701       2.3859
    6702       2.5216
    6703       2.5813
    6704       2.3665
    6705       2.5194
    6706       2.6810
    6707       2.5177
    6708       2.5044
    6709       2.5084
    6710       2.6562
    6711       2.6945
    6712       2.6996
    6713       2.6182
    6714       2.7595
    6715       2.6017
    6716       2.5972
    6717       2.6224
    6718       2.5130
    6719       2.5467
    6720       2.5482
    6721       2.6283
    6722       2.7744
    6723       2.6785
    6724       2.5627
    6725       2.4877
    6726       2.5633
    6727       2.5661
    6728       2.5332
    6729       2.6203
    6730       2.6974
    6731       2.5022
    6732       2.4939
    6733       2.3168
    6734       2.3339
    6735       2.5086
    6736       2.2316
    6737       2.3785
    6738       2.4695
    6739       2.4995
    6740       2.4466
    6741       2.4626
    6742       2.5521
    6743       2.5222
    6744       2.4653
    6745       2.4236
    6746       2.2819
    6747       2.2569
    6748       2.3320
    6749       2.5250
    6750       2.3748
    6751       2.5483
    6752       2.4864
    6753       2.3904
    6754       2.6582
    6755       2.6308
    6756       2.5076
    6757       2.3537
    6758       2.4041
    6759       2.4198
    6760       2.4055
    6761       2.3869
    6762       2.5690
    6763       2.5544
    6764       2.6903
    6765       2.6400
    6766       2.7219
    6767       2.7695
    6768       2.7787
    6769       3.0725
    6770       3.2111
    6771       3.2616
    6772       3.1967
    6773       3.3463
    6774       3.1622
    6775       3.0778
    6776       2.9994
    6777       2.9335
    6778       2.8407
    6779       2.7190
    6780       2.7107
    6781       2.5598
    6782       2.8314
    6783       2.7825
    6784       2.6663
    6785       2.7358
    6786       2.7865
    6787       2.8711
    6788       2.7742
    6789       2.9305
    6790       3.0276
    6791       3.0078
    6792       2.7410
    6793       2.9220
    6794       3.0605
    6795       2.9521
    6796       2.7478
    6797       2.7526
    6798       2.7792
    6799       2.6881
    6800       2.5024
    6801       2.3391
    6802       2.2788
    6803       2.3502
    6804       2.4222
    6805       2.2965
    6806       2.3302
    6807       2.4617
    6808       2.6058
    6809       2.8044
    6810       2.5248
    6811       2.7495
    6812       2.6364
    6813       2.5769
    6814       2.6277
    6815       2.6065
    6816       2.7230
    6817       2.6975
    6818       2.3279
    6819       2.4317
    6820       2.4776
    6821       2.5618
    6822       2.5808
    6823       2.6188
    6824       2.5084
    6825       2.2865
    6826       2.3101
    6827       2.3595
    6828       2.5127
    6829       2.4611
    6830       2.4596
    6831       2.5702
    6832       2.5686
    6833       2.8602
    6834       2.9491
    6835       2.7706
    6836       2.9319
    6837       2.7024
    6838       3.0220
    6839       2.7811
    6840       2.8565
    6841       2.6926
    6842       2.6436
    6843       2.6299
    6844       2.5759
    6845       2.4847
    6846       2.4557
    6847       2.4356
    6848       2.5061
    6849       2.4174
    6850       2.2989
    6851       2.4231
    6852       2.4201
    6853       2.4454
    6854       2.5810
    6855       2.4729
    6856       2.3243
    6857       2.4641
    6858       2.4696
    6859       2.7207
    6860       2.6963
    6861       3.0324
    6862       3.1784
    6863       3.0439
    6864       2.9031
    6865       2.9302
    6866       2.8328
    6867       2.7282
    6868       2.5948
    6869       2.5151
    6870       2.4512
    6871       2.6444
    6872       2.7903
    6873       2.9303
    6874       2.7558
    6875       2.8403
    6876       2.7160
    6877       2.7092
    6878       2.9373
    6879       3.0119
    6880       2.8753
    6881       2.8212
    6882       3.0143
    6883       3.0369
    6884       2.9749
    6885       2.9037
    6886       2.9071
    6887       2.8961
    6888       2.8394
    6889       3.0086
    6890       2.8097
    6891       2.8700
    6892       2.6813
    6893       2.7415
    6894       2.5640
    6895       2.4704
    6896       2.6222
    6897       2.5319
    6898       2.4941
    6899       2.3028
    6900       2.3023
    6901       2.4241
    6902       2.4502
    6903       2.3462
    6904       2.4697
    6905       2.1977
    6906       2.3674
    6907       2.2624
    6908       2.5724
    6909       2.6696
    6910       2.5668
    6911       2.3833
    6912       2.7223
    6913       2.7806
    6914       2.7952
    6915       2.7874
    6916       2.6949
    6917       2.8230
    6918       2.7137
    6919       2.7450
    6920       2.6512
    6921       2.6648
    6922       2.6178
    6923       2.5673
    6924       2.6718
    6925       2.6835
    6926       2.6201
    6927       2.5858
    6928       2.6919
    6929       2.6588
    6930       2.8230
    6931       2.5455
    6932       2.7272
    6933       2.4716
    6934       2.3762
    6935       2.4354
    6936       2.6317
    6937       2.6345
    6938       2.7493
    6939       2.8866
    6940       2.9724
    6941       2.6894
    6942       2.6338
    6943       2.7291
    6944       2.7376
    6945       2.6595
    6946       2.9658
    6947       3.1621
    6948       3.1193
    6949       2.7606
    6950       2.6772
    6951       2.5918
    6952       2.6672
    6953       2.6186
    6954       2.7086
    6955       2.7494
    6956       2.8759
    6957       2.7549
    6958       2.8072
    6959       2.6321
    6960       2.4312
    6961       2.4660
    6962       2.6175
    6963       2.5322
    6964       2.6881
    6965       2.6406
    6966       2.6130
    6967       2.5388
    6968       2.8670
    6969       2.9055
    6970       3.0009
    6971       3.0380
    6972       2.7374
    6973       2.6562
    6974       2.5788
    6975       2.4701
    6976       2.3070
    6977       2.5026
    6978       2.5940
    6979       2.6596
    6980       2.5958
    6981       2.4819
    6982       2.5952
    6983       2.3523
    6984       2.3279
    6985       2.1714
    6986       2.1918
    6987       2.2916
    6988       2.4718
    6989       2.3175
    6990       2.2623
    6991       2.1806
    6992       2.2573
    6993       2.3714
    6994       2.3296
    6995       2.1705
    6996       1.9980
    6997       2.1779
    6998       2.1122
    6999       2.2575
    7000       2.2060
    7001       2.3759
    7002       2.4312
    7003       2.3019
    7004       2.1519
    7005       2.2422
    7006       2.2800
    7007       2.3027
    7008       2.4211
    7009       2.3965
    7010       2.5055
    7011       2.7996
    7012       2.7688
    7013       2.6286
    7014       2.5312
    7015       2.6380
    7016       2.7269
    7017       2.4851
    7018       2.4878
    7019       2.5785
    7020       2.5066
    7021       2.6797
    7022       2.5551
    7023       2.5247
    7024       2.4655
    7025       2.3278
    7026       2.6092
    7027       2.4764
    7028       2.4525
    7029       2.4433
    7030       2.4048
    7031       2.4370
    7032       2.5879
    7033       2.5728
    7034       2.6704
    7035       2.7439
    7036       2.6375
    7037       2.6588
    7038       2.6068
    7039       2.5706
    7040       2.6463
    7041       2.7766
    7042       2.7980
    7043       2.6036
    7044       2.7097
    7045       2.6856
    7046       2.7466
    7047       2.6804
    7048       2.8137
    7049       2.8134
    7050       2.8243
    7051       2.9472
    7052       2.7923
    7053       2.9828
    7054       2.7869
    7055       2.7668
    7056       2.7327
    7057       2.6940
    7058       2.7327
    7059       2.7610
    7060       2.5986
    7061       2.6345
    7062       2.5775
    7063       2.6922
    7064       2.5780
    7065       2.5358
    7066       2.6377
    7067       2.7295
    7068       2.6462
    7069       2.5517
    7070       2.7017
    7071       2.8390
    7072       2.8814
    7073       2.8303
    7074       2.8653
    7075       2.9584
    7076       2.7844
    7077       2.9029
    7078       2.9215
    7079       2.9016
    7080       2.9644
    7081       3.0096
    7082       2.9790
    7083       2.9736
    7084       2.9862
    7085       3.1708
    7086       3.2118
    7087       3.1082
    7088       3.0752
    7089       3.1234
    7090       3.0400
    7091       2.9102
    7092       2.8182
    7093       2.4084
    7094       2.4766
    7095       2.4803
    7096       2.5146
    7097       2.4876
    7098       2.4920
    7099       2.7266
    7100       2.5874
    7101       2.5931
    7102       2.4470
    7103       2.4017
    7104       2.2812
    7105       2.3145
    7106       2.2864
    7107       2.3332
    7108       2.3034
    7109       2.2531
    7110       2.2305
    7111       2.2366
    7112       2.1344
    7113       2.1127
    7114       1.9730
    7115       2.1060
    7116       2.1945
    7117       2.1471
    7118       2.1126
    7119       2.1032
    7120       2.1498
    7121       2.1671
    7122       2.1003
    7123       1.9909
    7124       2.0572
    7125       2.0751
    7126       2.2725
    7127       2.1383
    7128       2.1064
    7129       2.0354
    7130       1.9228
    7131       1.9529
    7132       1.9366
    7133       1.9795
    7134       2.0065
    7135       1.8350
    7136       1.9711
    7137       1.9845
    7138       1.9272
    7139       1.8871
    7140       1.8803
    7141       1.9918
    7142       2.1838
    7143       2.2265
    7144       2.1336
    7145       2.2527
    7146       1.9967
    7147       2.1940
    7148       2.0966
    7149       2.0643
    7150       2.1021
    7151       2.1726
    7152       2.1270
    7153       2.2439
    7154       2.3883
    7155       2.3668
    7156       2.4518
    7157       2.3606
    7158       2.4815
    7159       2.4725
    7160       2.4929
    7161       2.6203
    7162       2.3692
    7163       2.3109
    7164       2.3309
    7165       2.3778
    7166       2.2837
    7167       2.3816
    7168       2.4462
    7169       2.6110
    7170       2.4535
    7171       2.2975
    7172       2.4806
    7173       2.3357
    7174       2.2604
    7175       2.1596
    7176       2.1421
    7177       2.1021
    7178       2.1562
    7179       2.2561
    7180       2.1811
    7181       2.3462
    7182       2.3948
    7183       2.3101
    7184       2.3593
    7185       2.4411
    7186       2.4746
    7187       2.5332
    7188       2.6599
    7189       2.5777
    7190       2.6379
    7191       2.5842
    7192       2.5013
    7193       2.4294
    7194       2.5200
    7195       2.5535
    7196       2.5547
    7197       2.6242
    7198       2.7247
    7199       2.7322
    7200       2.7143
    7201       2.7401
    7202       2.7562
    7203       2.7229
    7204       2.5383
    7205       2.6142
    7206       2.3801
    7207       2.4633
    7208       2.4657
    7209       2.4466
    7210       2.5543
    7211       2.6530
    7212       2.5166
    7213       2.6145
    7214       2.3750
    7215       2.5119
    7216       2.6467
    7217       2.6953
    7218       2.7325
    7219       2.8603
    7220       2.6769
    7221       2.6986
    7222       2.6240
    7223       2.6493
    7224       2.7598
    7225       2.8172
    7226       2.8263
    7227       2.7897
    7228       2.6574
    7229       2.7531
    7230       2.5954
    7231       2.6247
    7232       2.4491
    7233       2.5310
    7234       2.6379
    7235       2.6926
    7236       2.8092
    7237       2.7472
    7238       2.9082
    7239       2.7994
    7240       2.8776
    7241       2.6832
    7242       2.8960
    7243       2.7053
    7244       2.6702
    7245       2.6993
    7246       2.6817
    7247       2.7618
    7248       2.9193
    7249       3.0118
    7250       2.8251
    7251       2.9150
    7252       2.9382
    7253       2.9317
    7254       2.8921
    7255       2.6783
    7256       2.5565
    7257       2.6600
    7258       2.6045
    7259       2.7602
    7260       2.6415
    7261       2.8028
    7262       3.0372
    7263       3.0560
    7264       3.0904
    7265       3.1584
    7266       2.9272
    7267       3.0079
    7268       2.9255
    7269       2.7843
    7270       3.0247
    7271       2.8975
    7272       2.8307
    7273       2.7774
    7274       2.7440
    7275       2.6749
    7276       2.7428
    7277       2.7033
    7278       2.9455
    7279       2.9959
    7280       2.9803
    7281       2.9213
    7282       2.8240
    7283       2.7522
    7284       2.6979
    7285       2.8350
    7286       2.9874
    7287       2.8733
    7288       2.8916
    7289       2.9247
    7290       2.9048
    7291       2.9684
    7292       3.0338
    7293       3.1224
    7294       2.9826
    7295       2.9696
    7296       3.0610
    7297       3.2453
    7298       3.1599
    7299       3.3081
    7300       3.2231
    7301       3.2499
    7302       3.1059
    7303       3.0504
    7304       3.3493
    7305       3.3599
    7306       3.2424
    7307       3.4711
    7308       3.4392
    7309       3.4032
    7310       3.4641
    7311       3.2727
    7312       3.2321
    7313       3.3425
    7314       3.2106
    7315       2.9208
    7316       3.0590
    7317       2.9437
    7318       2.8939
    7319       2.8648
    7320       3.3374
    7321       3.2558
    7322       3.1472
    7323       3.3625
    7324       3.4963
    7325       3.2600
    7326       3.2389
    7327       3.1675
    7328       3.0395
    7329       2.9303
    7330       3.0205
    7331       3.2668
    7332       3.1965
    7333       3.3077
    7334       3.2687
    7335       3.1027
    7336       3.0464
    7337       2.9852
    7338       2.9358
    7339       3.0035
    7340       3.0979
    7341       3.1036
    7342       2.8730
    7343       3.1251
    7344       2.9473
    7345       2.9603
    7346       2.8151
    7347       2.9150
    7348       2.8662
    7349       2.8603
    7350       2.7685
    7351       2.8166
    7352       3.0722
    7353       3.0142
    7354       3.1053
    7355       3.1668
    7356       2.9948
    7357       3.3433
    7358       3.3503
    7359       3.2377
    7360       3.2852
    7361       3.2671
    7362       3.2045
    7363       3.1392
    7364       3.2084
    7365       3.0512
    7366       3.1115
    7367       2.7517
    7368       3.0921
    7369       3.2267
    7370       3.1435
    7371       2.8141
    7372       2.8979
    7373       3.0371
    7374       2.9027
    7375       3.0108
    7376       3.0565
    7377       3.0682
    7378       3.0902
    7379       3.0364
    7380       3.0617
    7381       3.3178
    7382       3.2036
    7383       3.1177
    7384       3.0398
    7385       2.9149
    7386       3.0792
    7387       2.8193
    7388       2.7237
    7389       2.8084
    7390       2.7865
    7391       2.6623
    7392       2.6560
    7393       2.8281
    7394       2.7803
    7395       2.7695
    7396       2.8451
    7397       2.9503
    7398       2.9137
    7399       2.9618
    7400       2.9007
    7401       2.9124
    7402       3.0276
    7403       3.0069
    7404       2.9962
    7405       2.8950
    7406       2.5771
    7407       2.8311
    7408       2.7340
    7409       2.7402
    7410       2.7997
    7411       2.6862
    7412       2.8476
    7413       2.9332
    7414       2.9305
    7415       3.1103
    7416       3.0861
    7417       3.0359
    7418       2.8342
    7419       2.8264
    7420       2.7933
    7421       2.5462
    7422       2.5500
    7423       2.6991
    7424       2.6818
    7425       2.7344
    7426       2.4653
    7427       2.6016
    7428       2.5626
    7429       2.6266
    7430       2.7488
    7431       2.9335
    7432       2.9016
    7433       2.9270
    7434       2.9445
    7435       3.0544
    7436       3.0071
    7437       3.3788
    7438       3.3282
    7439       3.2879
    7440       3.3024
    7441       3.4966
    7442       3.6764
    7443       3.6150
    7444       3.5821
    7445       3.5086
    7446       3.4558
    7447       3.4489
    7448       3.4435
    7449       3.8500
    7450       3.8019
    7451       4.0593
    7452       4.0225
    7453       3.9232
    7454       3.7667
    7455       3.8061
    7456       3.5227
    7457       3.6316
    7458       3.3984
    7459       3.4512
    7460       3.3565
    7461       3.5568
    7462       3.2309
    7463       3.1690
    7464       3.2690
    7465       3.3206
    7466       3.2194
    7467       3.3347
    7468       3.2351
    7469       3.2932
    7470       3.3346
    7471       3.3491
    7472       3.4242
    7473       3.5587
    7474       3.6188
    7475       3.5188
    7476       3.3313
    7477       3.2218
    7478       3.0145
    7479       2.9546
    7480       2.9790
    7481       3.0533
    7482       3.0419
    7483       2.9463
    7484       3.0408
    7485       3.0365
    7486       3.1369
    7487       3.2361
    7488       3.2098
    7489       3.2688
    7490       3.3544
    7491       3.6371
    7492       3.6286
    7493       3.4300
    7494       3.4925
    7495       3.6176
    7496       3.3701
    7497       3.6147
    7498       3.5688
    7499       3.5968
    7500       3.6325
    7501       3.4738
    7502       3.6244
    7503       3.7085
    7504       3.5755
    7505       3.4495
    7506       3.2356
    7507       3.2905
    7508       3.3902
    7509       3.4268
    7510       3.4434
    7511       3.5977
    7512       3.7625
    7513       3.7913
    7514       3.5019
    7515       3.4301
    7516       3.4288
    7517       3.3410
    7518       3.4089
    7519       3.5550
    7520       3.6358
    7521       3.5310
    7522       3.6400
    7523       3.6037
    7524       3.4808
    7525       3.4633
    7526       3.1948
    7527       3.1875
    7528       3.2548
    7529       3.3995
    7530       3.5581
    7531       3.4921
    7532       3.4685
    7533       3.3255
    7534       3.4665
    7535       3.0143
    7536       3.0997
    7537       3.3142
    7538       3.4215
    7539       3.1288
    7540       3.0513
    7541       3.3162
    7542       3.1700
    7543       3.2624
    7544       3.4982
    7545       3.2887
    7546       3.3295
    7547       3.1804
    7548       3.2055
    7549       3.1485
    7550       3.1434
    7551       3.1515
    7552       3.1920
    7553       3.0265
    7554       3.1603
    7555       3.1947
    7556       3.2000
    7557       3.1818
    7558       3.2639
    7559       3.3187
    7560       3.2997
    7561       3.2952
    7562       3.2329
    7563       3.3871
    7564       3.3485
    7565       3.3732
    7566       3.2147
    7567       3.2605
    7568       3.1672
    7569       3.3736
    7570       3.3645
    7571       3.3636
    7572       3.4765
    7573       3.3578
    7574       3.2672
    7575       3.2892
    7576       3.2841
    7577       3.2146
    7578       3.2929
    7579       2.9356
    7580       2.8851
    7581       2.7411
    7582       2.8644
    7583       3.0282
    7584       3.1449
    7585       2.9950
    7586       3.0001
    7587       3.2312
    7588       3.2919
    7589       3.4443
    7590       3.4877
    7591       3.2802
    7592       3.4051
    7593       3.4395
    7594       3.6039
    7595       3.7282
    7596       3.4887
    7597       3.6189
    7598       3.5073
    7599       3.5830
    7600       3.5891
    7601       3.6198
    7602       3.3484
    7603       3.2479
    7604       3.3556
    7605       3.5938
    7606       3.3199
    7607       3.6161
    7608       3.2900
    7609       3.1476
    7610       3.2418
    7611       3.3853
    7612       3.4034
    7613       3.5651
    7614       3.2710
    7615       3.2160
    7616       3.4873
    7617       3.8059
    7618       3.8769
    7619       3.9112
    7620       3.6664
    7621       3.5615
    7622       3.5028
    7623       3.6237
    7624       3.6804
    7625       3.6538
    7626       3.4967
    7627       3.3054
    7628       3.0957
    7629       2.9904
    7630       2.9186
    7631       3.1597
    7632       3.2754
    7633       3.3589
    7634       3.2603
    7635       3.2541
    7636       3.1628
    7637       3.1017
    7638       3.1222
    7639       3.1043
    7640       3.0488
    7641       3.1768
    7642       3.2848
    7643       3.1483
    7644       3.3676
    7645       3.3594
    7646       3.2930
    7647       3.4616
    7648       3.2869
    7649       3.3222
    7650       3.4428
    7651       3.4197
    7652       3.5408
    7653       3.2311
    7654       3.3858
    7655       3.2634
    7656       3.3277
    7657       3.2418
    7658       3.3158
    7659       3.3585
    7660       3.5003
    7661       3.5129
    7662       3.4596
    7663       3.3999
    7664       3.4136
    7665       3.5200
    7666       3.2769
    7667       3.3985
    7668       3.2685
    7669       3.2497
    7670       3.1380
    7671       3.2310
    7672       3.1472
    7673       3.2852
    7674       3.2014
    7675       3.0826
    7676       3.0575
    7677       3.2520
    7678       3.2464
    7679       3.2519
    7680       3.2000
    7681       3.2539
    7682       3.4286
    7683       3.5212
    7684       3.4279
    7685       3.5897
    7686       3.5388
    7687       3.5298
    7688       3.3938
    7689       3.6384
    7690       3.2449
    7691       3.3031
    7692       3.2546
    7693       3.2286
    7694       3.1803
    7695       3.1970
    7696       3.1794
    7697       2.8264
    7698       2.8942
    7699       2.8286
    7700       2.9716
    7701       2.9819
    7702       3.0118
    7703       2.8115
    7704       2.7947
    7705       2.7949
    7706       2.8613
    7707       2.8924
    7708       2.8665
    7709       2.6693
    7710       2.7683
    7711       2.5854
    7712       2.4896
    7713       2.6012
    7714       2.8056
    7715       2.7586
    7716       2.5957
    7717       2.7651
    7718       2.7530
    7719       2.7622
    7720       2.8625
    7721       2.7954
    7722       2.7159
    7723       2.8495
    7724       2.7960
    7725       2.7581
    7726       2.7948
    7727       2.9909
    7728       3.0784
    7729       3.1616
    7730       3.1260
    7731       3.1277
    7732       3.2393
    7733       3.3015
    7734       3.3785
    7735       3.1786
    7736       3.1231
    7737       2.9566
    7738       2.8935
    7739       2.7137
    7740       3.0015
    7741       2.9045
    7742       2.7764
    7743       2.6747
    7744       2.7716
    7745       3.0951
    7746       2.8992
    7747       2.8431
    7748       2.6963
    7749       2.6652
    7750       2.6750
    7751       2.8811
    7752       2.7695
    7753       2.5893
    7754       2.4787
    7755       2.3888
    7756       2.4663
    7757       2.6742
    7758       2.8261
    7759       2.7618
    7760       2.8164
    7761       2.8528
    7762       2.7963
    7763       2.7968
    7764       2.7429
    7765       2.7155
    7766       2.6368
    7767       2.7371
    7768       2.7732
    7769       2.5969
    7770       2.6359
    7771       2.6781
    7772       2.6164
    7773       2.6872
    7774       2.6822
    7775       2.7029
    7776       2.6304
    7777       2.5143
    7778       2.3043
    7779       2.5588
    7780       2.7320
    7781       2.7613
    7782       2.8501
    7783       2.8047
    7784       2.8672
    7785       2.6713
    7786       2.8389
    7787       2.8060
    7788       2.7627
    7789       2.5034
    7790       2.5127
    7791       2.4632
    7792       2.4897
    7793       2.6461
    7794       2.5770
    7795       2.6772
    7796       2.5464
    7797       2.5969
    7798       2.6496
    7799       2.7343
    7800       2.6587
    7801       2.5127
    7802       2.7356
    7803       2.5415
    7804       2.5723
    7805       2.5382
    7806       2.5064
    7807       2.6172
    7808       2.7976
    7809       2.5726
    7810       2.3941
    7811       2.4835
    7812       2.5140
    7813       2.6033
    7814       2.5631
    7815       2.6577
    7816       2.4759
    7817       2.2744
    7818       2.3928
    7819       2.3244
    7820       2.3551
    7821       2.4695
    7822       2.5587
    7823       2.4251
    7824       2.6641
    7825       2.6857
    7826       2.7043
    7827       2.5729
    7828       2.5622
    7829       2.3436
    7830       2.4672
    7831       2.5117
    7832       2.4280
    7833       2.4862
    7834       2.5183
    7835       2.4714
    7836       2.5730
    7837       2.5189
    7838       2.5285
    7839       2.5178
    7840       2.5088
    7841       2.4602
    7842       2.3055
    7843       2.2511
    7844       2.5061
    7845       2.5375
    7846       2.5645
    7847       2.2571
    7848       2.4052
    7849       2.4461
    7850       2.4165
    7851       2.4408
    7852       2.6131
    7853       2.7674
    7854       2.6593
    7855       2.6020
    7856       2.8107
    7857       2.6700
    7858       2.7919
    7859       2.7445
    7860       2.7276
    7861       2.5580
    7862       2.5990
    7863       2.5588
    7864       2.6051
    7865       2.7813
    7866       2.8166
    7867       2.7145
    7868       2.9439
    7869       2.9285
    7870       2.9548
    7871       3.0301
    7872       2.9383
    7873       2.9562
    7874       2.7542
    7875       2.8056
    7876       2.6281
    7877       2.8290
    7878       3.0112
    7879       2.9732
    7880       2.8178
    7881       2.7087
    7882       2.6207
    7883       2.6221
    7884       2.7891
    7885       2.6922
    7886       2.7199
    7887       2.5810
    7888       2.5308
    7889       2.4050
    7890       2.5777
    7891       2.7247
    7892       2.6590
    7893       2.6899
    7894       2.8236
    7895       2.6761
    7896       2.4294
    7897       2.5986
    7898       2.7526
    7899       2.6451
    7900       2.6649
    7901       2.4278
    7902       2.6729
    7903       2.9472
    7904       2.8177
    7905       2.7733
    7906       2.8702
    7907       2.6847
    7908       2.6725
    7909       2.7908
    7910       2.6605
    7911       2.6518
    7912       2.7876
    7913       2.7850
    7914       2.7919
    7915       2.9945
    7916       2.9961
    7917       2.9688
    7918       3.1508
    7919       2.9338
    7920       3.1057
    7921       3.0964
    7922       3.0219
    7923       2.9495
    7924       3.1706
    7925       3.1668
    7926       3.2799
    7927       3.1169
    7928       2.9345
    7929       2.9131
    7930       2.8023
    7931       2.8893
    7932       2.9532
    7933       2.9398
    7934       2.9725
    7935       2.8340
    7936       2.7580
    7937       2.7469
    7938       2.6333
    7939       2.6630
    7940       2.6680
    7941       2.8115
    7942       2.8287
    7943       2.8460
    7944       3.0011
    7945       3.1246
    7946       2.9672
    7947       2.8999
    7948       2.6941
    7949       2.7694
    7950       2.6752
    7951       2.8018
    7952       2.7686
    7953       2.6094
    7954       2.7175
    7955       2.8100
    7956       2.7492
    7957       2.4430
    7958       2.8546
    7959       2.5519
    7960       2.4706
    7961       2.7185
    7962       2.9917
    7963       2.9999
    7964       2.9924
    7965       2.7233
    7966       2.7995
    7967       2.8211
    7968       2.8137
    7969       2.8637
    7970       2.7339
    7971       2.6923
    7972       2.5700
    7973       2.8769
    7974       2.8281
    7975       2.7181
    7976       2.4413
    7977       2.6395
    7978       2.4032
    7979       2.3861
    7980       2.4894
    7981       2.5228
    7982       2.4728
    7983       2.6933
    7984       2.9452
    7985       2.7239
    7986       2.6924
    7987       2.8002
    7988       2.8128
    7989       2.7556
    7990       2.8983
    7991       2.9560
    7992       2.6411
    7993       2.8974
    7994       3.0425
    7995       3.0645
    7996       2.9762
    7997       2.8609
    7998       3.0833
    7999       3.0200
    8000       3.0161
    8001       2.9957
    8002       2.8253
    8003       2.6663
    8004       2.7326
    8005       2.7038
    8006       2.8454
    8007       2.5768
    8008       2.7006
    8009       2.8332
    8010       2.8721
    8011       2.7160
    8012       2.7601
    8013       2.6487
    8014       2.6997
    8015       2.8291
    8016       3.0098
    8017       2.7777
    8018       2.7366
    8019       2.7547
    8020       2.8949
    8021       2.9866
    8022       3.0465
    8023       2.9755
    8024       3.0593
    8025       3.2200
    8026       3.1803
    8027       3.1775
    8028       3.2168
    8029       3.0418
    8030       3.1329
    8031       3.0222
    8032       2.9317
    8033       2.8961
    8034       2.7885
    8035       2.7099
    8036       2.5176
    8037       2.5566
    8038       2.6604
    8039       2.5414
    8040       2.7789
    8041       2.6118
    8042       2.7006
    8043       2.7872
    8044       2.8189
    8045       2.8269
    8046       2.9224
    8047       3.1183
    8048       3.2533
    8049       3.1048
    8050       3.1888
    8051       3.0983
    8052       3.0447
    8053       3.0889
    8054       3.1765
    8055       3.1608
    8056       3.2043
    8057       3.0013
    8058       3.0046
    8059       3.0007
    8060       2.8964
    8061       2.7616
    8062       2.9209
    8063       3.1029
    8064       2.8800
    8065       2.7747
    8066       2.8897
    8067       2.8567
    8068       2.8352
    8069       2.9037
    8070       2.8084
    8071       2.7520
    8072       2.4173
    8073       2.5862
    8074       2.5597
    8075       2.6959
    8076       2.6579
    8077       2.7503
    8078       2.5702
    8079       2.7346
    8080       2.8409
    8081       2.8199
    8082       2.6217
    8083       2.8009
    8084       2.8058
    8085       2.7524
    8086       2.4904
    8087       2.4254
    8088       2.3247
    8089       2.3656
    8090       2.3093
    8091       2.4200
    8092       2.5223
    8093       2.4442
    8094       2.3016
    8095       2.5056
    8096       2.4240
    8097       2.3101
    8098       2.2843
    8099       2.2278
    8100       2.4103
    8101       2.4327
    8102       2.5405
    8103       2.4739
    8104       2.6267
    8105       2.6313
    8106       2.7161
    8107       2.8103
    8108       2.8882
    8109       2.8099
    8110       2.8714
    8111       2.9852
    8112       3.0554
    8113       2.9793
    8114       2.9865
    8115       2.9997
    8116       3.0549
    8117       2.9882
    8118       3.2685
    8119       3.2575
    8120       3.3303
    8121       3.3500
    8122       3.1703
    8123       3.0817
    8124       3.1553
    8125       3.0743
    8126       2.9650
    8127       3.1920
    8128       3.2796
    8129       3.2402
    8130       3.0375
    8131       3.0226
    8132       3.0893
    8133       3.1637
    8134       2.8480
    8135       2.8209
    8136       2.5796
    8137       2.4535
    8138       2.4147
    8139       2.4581
    8140       2.5533
    8141       2.6581
    8142       2.6834
    8143       2.7075
    8144       2.9121
    8145       2.9922
    8146       3.0661
    8147       2.9048
    8148       3.0697
    8149       3.0251
    8150       2.9776
    8151       2.9701
    8152       2.9621
    8153       2.9213
    8154       2.6788
    8155       2.7034
    8156       2.7308
    8157       2.9576
    8158       2.7712
    8159       2.9725
    8160       2.8313
    8161       2.8698
    8162       2.8222
    8163       2.7778
    8164       2.6441
    8165       2.6494
    8166       2.6250
    8167       2.4457
    8168       2.4290
    8169       2.6692
    8170       2.8383
    8171       2.6935
    8172       2.6987
    8173       2.7831
    8174       2.6950
    8175       2.7184
    8176       2.6768
    8177       2.7019
    8178       2.5868
    8179       2.6450
    8180       2.7460
    8181       2.6827
    8182       2.7159
    8183       2.4250
    8184       2.4685
    8185       2.6137
    8186       2.7539
    8187       2.6413
    8188       2.5242
    8189       2.5183
    8190       2.5500
    8191       2.6885
    8192       2.5401
    8193       2.7730
    8194       2.7192
    8195       2.7265
    8196       2.8085
    8197       2.7925
    8198       2.7379
    8199       2.7251
    8200       2.5617
    8201       2.7715
    8202       2.6142
    8203       2.4291
    8204       2.4767
    8205       2.4728
    8206       2.8129
    8207       2.6841
    8208       2.7019
    8209       2.6828
    8210       2.5305
    8211       2.3811
    8212       2.3573
    8213       2.3378
    8214       2.3147
    8215       2.2162
    8216       2.6014
    8217       2.6068
    8218       2.4955
    8219       2.4309
    8220       2.4372
    8221       2.4468
    8222       2.6521
    8223       2.8690
    8224       2.7165
    8225       2.5929
    8226       2.7010
    8227       2.5297
    8228       2.3451
    8229       2.5545
    8230       2.5081
    8231       2.6007
    8232       2.4125
    8233       2.4333
    8234       2.2664
    8235       2.6546
    8236       2.7354
    8237       2.6155
    8238       2.7168
    8239       2.7960
    8240       2.8140
    8241       2.6040
    8242       2.6819
    8243       2.6185
    8244       2.5983
    8245       2.5732
    8246       2.7153
    8247       2.5091
    8248       2.4541
    8249       2.3330
    8250       2.6846
    8251       2.6785
    8252       2.6496
    8253       2.7840
    8254       2.7680
    8255       2.5549
    8256       2.7163
    8257       2.6566
    8258       2.7698
    8259       2.7512
    8260       2.7473
    8261       2.6906
    8262       2.5436
    8263       2.7684
    8264       2.7152
    8265       2.4588
    8266       2.4106
    8267       2.2565
    8268       2.2565
    8269       2.4009
    8270       2.4514
    8271       2.2155
    8272       2.3088
    8273       2.2374
    8274       2.1373
    8275       2.2105
    8276       2.2015
    8277       2.3674
    8278       2.4429
    8279       2.3017
    8280       2.3180
    8281       2.6297
    8282       2.5784
    8283       2.6285
    8284       2.5809
    8285       2.5072
    8286       2.5212
    8287       2.6123
    8288       2.6386
    8289       2.4756
    8290       2.5433
    8291       2.7539
    8292       2.6984
    8293       2.5135
    8294       2.4742
    8295       2.3710
    8296       2.3030
    8297       2.2184
    8298       2.4146
    8299       2.5089
    8300       2.7131
    8301       2.5571
    8302       2.6970
    8303       2.5200
    8304       2.4597
    8305       2.5842
    8306       2.6089
    8307       2.3453
    8308       2.3295
    8309       2.6204
    8310       2.5880
    8311       2.3693
    8312       2.4208
    8313       2.5383
    8314       2.5404
    8315       2.3830
    8316       2.3479
    8317       2.2956
    8318       2.3136
    8319       2.4579
    8320       2.3974
    8321       2.3673
    8322       2.6021
    8323       2.7136
    8324       2.7345
    8325       2.8845
    8326       2.9592
    8327       2.8810
    8328       2.9373
    8329       2.7923
    8330       2.8318
    8331       2.9205
    8332       3.1174
    8333       3.0110
    8334       2.9361
    8335       3.0906
    8336       3.3885
    8337       3.4041
    8338       3.3668
    8339       3.0645
    8340       3.1303
    8341       3.2521
    8342       3.1401
    8343       2.7934
    8344       3.0218
    8345       3.0009
    8346       3.0399
    8347       3.0301
    8348       2.9132
    8349       2.9247
    8350       2.7801
    8351       2.8003
    8352       2.7815
    8353       2.7601
    8354       2.8793
    8355       2.8939
    8356       2.8407
    8357       2.9423
    8358       3.0344
    8359       3.1859
    8360       3.0050
    8361       3.0527
    8362       2.9244
    8363       2.7477
    8364       2.7606
    8365       2.6754
    8366       2.7158
    8367       2.4860
    8368       2.5298
    8369       2.5451
    8370       2.4486
    8371       2.4416
    8372       2.4669
    8373       2.7285
    8374       2.7029
    8375       2.7763
    8376       2.9353
    8377       2.9429
    8378       3.0274
    8379       3.1667
    8380       2.9581
    8381       2.7631
    8382       2.6595
    8383       2.7548
    8384       2.8927
    8385       2.8164
    8386       2.9386
    8387       3.0273
    8388       3.1351
    8389       3.3649
    8390       3.2605
    8391       3.2637
    8392       3.1577
    8393       2.9333
    8394       2.9537
    8395       2.9259
    8396       2.7303
    8397       2.7907
    8398       2.7611
    8399       2.7231
    8400       2.6912
    8401       2.5816
    8402       2.4966
    8403       2.5055
    8404       2.3642
    8405       2.3253
    8406       2.4566
    8407       2.3747
    8408       2.4327
    8409       2.6064
    8410       2.5542
    8411       2.5587
    8412       2.4900
    8413       2.4993
    8414       2.7560
    8415       2.6775
    8416       2.6682
    8417       2.9109
    8418       2.9765
    8419       3.0598
    8420       3.0278
    8421       3.1530
    8422       2.9876
    8423       3.0363
    8424       3.0367
    8425       2.9788
    8426       2.9342
    8427       2.7672
    8428       2.4964
    8429       2.6078
    8430       2.5719
    8431       2.6015
    8432       2.5747
    8433       2.5178
    8434       2.5932
    8435       2.8070
    8436       2.8046
    8437       3.1798
    8438       2.9648
    8439       2.8615
    8440       3.0462
    8441       2.9815
    8442       2.8636
    8443       2.6487
    8444       2.8999
    8445       2.7113
    8446       2.7765
    8447       2.9363
    8448       2.8352
    8449       2.9219
    8450       2.8159
    8451       2.8886
    8452       2.9503
    8453       2.9751
    8454       2.7967
    8455       3.0222
    8456       3.1093
    8457       3.0305
    8458       2.9814
    8459       2.7361
    8460       2.8812
    8461       2.8181
    8462       2.8871
    8463       2.8037
    8464       3.0220
    8465       3.0150
    8466       3.0703
    8467       3.1214
    8468       3.2046
    8469       3.1182
    8470       3.0424
    8471       3.0831
    8472       3.2780
    8473       3.1013
    8474       3.0572
    8475       3.3250
    8476       3.1783
    8477       3.0527
    8478       2.8197
    8479       2.6560
    8480       2.7188
    8481       2.8780
    8482       2.8354
    8483       2.9227
    8484       2.9780
    8485       3.0569
    8486       2.9556
    8487       2.8923
    8488       2.8365
    8489       2.8258
    8490       2.8581
    8491       3.0297
    8492       3.1270
    8493       2.9478
    8494       3.2270
    8495       3.1259
    8496       2.9456
    8497       3.1174
    8498       2.6828
    8499       2.7733
    8500       2.8132
    8501       2.7711
    8502       2.6157
    8503       2.6161
    8504       2.6143
    8505       2.7117
    8506       2.5031
    8507       2.4967
    8508       2.6171
    8509       2.5060
    8510       2.4597
    8511       2.3433
    8512       2.4583
    8513       2.5218
    8514       2.4510
    8515       2.3414
    8516       2.4394
    8517       2.5414
    8518       2.4787
    8519       2.3879
    8520       2.4995
    8521       2.3325
    8522       2.3333
    8523       2.4124
    8524       2.3793
    8525       2.5659
    8526       2.6033
    8527       2.5308
    8528       2.2715
    8529       2.2394
    8530       2.2034
    8531       2.2437
    8532       2.3730
    8533       2.4766
    8534       2.5772
    8535       2.6605
    8536       2.5007
    8537       2.5730
    8538       2.4681
    8539       2.6589
    8540       2.6443
    8541       2.6338
    8542       2.7058
    8543       2.6120
    8544       2.7188
    8545       2.8168
    8546       2.6056
    8547       2.5976
    8548       2.5663
    8549       2.5392
    8550       2.5224
    8551       2.5932
    8552       2.7020
    8553       2.7422
    8554       2.7255
    8555       2.6820
    8556       2.6628
    8557       2.8497
    8558       2.7350
    8559       2.6972
    8560       2.8436
    8561       2.6885
    8562       2.6637
    8563       2.3816
    8564       2.3158
    8565       2.5441
    8566       2.8071
    8567       2.7904
    8568       2.7513
    8569       2.6709
    8570       2.6236
    8571       2.6799
    8572       2.6360
    8573       2.4209
    8574       2.3289
    8575       2.2699
    8576       2.2445
    8577       2.0668
    8578       2.3753
    8579       2.4301
    8580       2.4893
    8581       2.3183
    8582       2.3128
    8583       2.3590
    8584       2.5139
    8585       2.3589
    8586       2.2932
    8587       2.1079
    8588       2.3430
    8589       2.4334
    8590       2.2791
    8591       2.4346
    8592       2.5441
    8593       2.3970
    8594       2.3809
    8595       2.4936
    8596       2.4754
    8597       2.4900
    8598       2.3501
    8599       2.4296
    8600       2.4401
    8601       2.4027
    8602       2.3058
    8603       2.3615
    8604       2.2813
    8605       2.1448
    8606       2.2821
    8607       2.3559
    8608       2.2413
    8609       2.1008
    8610       2.2445
    8611       2.1431
    8612       1.9829
    8613       1.9799
    8614       2.0709
    8615       2.1123
    8616       1.9885
    8617       2.1047
    8618       2.2246
    8619       2.1312
    8620       2.2730
    8621       2.4527
    8622       2.4235
    8623       2.6037
    8624       2.4074
    8625       2.4590
    8626       2.5243
    8627       2.4076
    8628       2.4508
    8629       2.3853
    8630       2.5356
    8631       2.7063
    8632       2.6181
    8633       2.6412
    8634       2.7435
    8635       2.7002
    8636       2.5181
    8637       2.5277
    8638       2.4216
    8639       2.4455
    8640       2.2691
    8641       2.2804
    8642       1.9353
    8643       1.9795
    8644       1.9436
    8645       2.0096
    8646       1.9708
    8647       2.0454
    8648       2.1322
    8649       2.0499
    8650       1.9488
    8651       2.1819
    8652       2.2644
    8653       2.1967
    8654       2.1772
    8655       2.1781
    8656       2.3898
    8657       2.4325
    8658       2.3541
    8659       2.2916
    8660       2.2092
    8661       2.2283
    8662       2.1447
    8663       2.3115
    8664       2.2384
    8665       2.4057
    8666       2.3526
    8667       2.2157
    8668       1.9132
    8669       2.0781
    8670       2.0493
    8671       2.0241
    8672       2.0144
    8673       2.1118
    8674       2.1227
    8675       2.1859
    8676       2.1568
    8677       1.9264
    8678       2.1144
    8679       2.1073
    8680       2.0762
    8681       1.8886
    8682       1.8767
    8683       2.1109
    8684       2.2006
    8685       2.2131
    8686       2.3767
    8687       2.5050
    8688       2.4312
    8689       2.4731
    8690       2.3189
    8691       2.0933
    8692       2.1861
    8693       2.0718
    8694       2.0801
    8695       2.1231
    8696       2.2111
    8697       2.1268
    8698       2.2905
    8699       2.1727
    8700       2.2788
    8701       2.2329
    8702       2.2922
    8703       2.4092
    8704       2.2993
    8705       2.5068
    8706       2.4626
    8707       2.4083
    8708       2.4775
    8709       2.6013
    8710       2.5870
    8711       2.6752
    8712       2.7961
    8713       2.9277
    8714       2.9495
    8715       2.9314
    8716       2.9515
    8717       2.7964
    8718       2.6601
    8719       2.6229
    8720       2.5320
    8721       2.3400
    8722       2.2120
    8723       2.4429
    8724       2.3499
    8725       2.6542
    8726       2.6167
    8727       2.7810
    8728       2.6608
    8729       2.3819
    8730       2.2267
    8731       2.2288
    8732       2.3041
    8733       2.1023
    8734       2.2290
    8735       2.3623
    8736       2.3790
    8737       2.3390
    8738       2.3779
    8739       2.5714
    8740       2.5351
    8741       2.7205
    8742       2.6072
    8743       2.2241
    8744       2.2419
    8745       2.2294
    8746       2.1518
    8747       2.2263
    8748       2.0252
    8749       2.1063
    8750       2.2343
    8751       2.3214
    8752       2.8181
    8753       2.9823
    8754       2.8255
    8755       2.9504
    8756       2.6814
    8757       2.7305
    8758       2.1914
    8759       2.4323
    8760       2.4164
    8761       2.6911
    8762       2.9407
    8763       2.7123
    8764       2.6752
    8765       2.6833
    8766       2.6720
    8767       2.6008
    8768       2.5775
    8769       2.5617
    8770       2.5484
    8771       2.5562
    8772       2.7009
    8773       2.6180
    8774       2.6755
    8775       2.8049
    8776       2.7536
    8777       2.9406
    8778       3.0914
    8779       3.2193
    8780       3.1989
    8781       3.0953
    8782       3.0583
    8783       3.0838
    8784       3.0337
    8785       3.0927
    8786       2.7883
    8787       2.9516
    8788       2.9852
    8789       3.0827
    8790       3.1693
    8791       3.1791
    8792       3.1219
    8793       3.3120
    8794       3.0424
    8795       2.9539
    8796       2.8164
    8797       2.8072
    8798       2.7804
    8799       2.8524
    8800       3.0502
    8801       2.8707
    8802       2.6956
    8803       2.9181
    8804       3.0078
    8805       2.9695
    8806       3.1230
    8807       2.9200
    8808       2.9405
    8809       2.7160
    8810       2.6527
    8811       2.7996
    8812       2.8966
    8813       2.8927
    8814       3.0098
    8815       3.0635
    8816       3.2724
    8817       3.2349
    8818       3.1731
    8819       3.1219
    8820       3.1953
    8821       3.2207
    8822       3.2716
    8823       2.8702
    8824       3.0451
    8825       2.9016
    8826       3.0089
    8827       3.0177
    8828       3.0918
    8829       3.2664
    8830       3.1007
    8831       3.1123
    8832       2.9498
    8833       3.1116
    8834       3.2676
    8835       3.3366
    8836       3.4195
    8837       3.4048
    8838       3.4058
    8839       3.1787
    8840       3.3548
    8841       3.3205
    8842       3.3515
    8843       3.2931
    8844       3.3186
    8845       3.0686
    8846       3.1398
    8847       2.9311
    8848       2.7403
    8849       2.7372
    8850       2.8766
    8851       2.7650
    8852       2.8936
    8853       3.0500
    8854       2.9983
    8855       3.0381
    8856       2.8392
    8857       2.5969
    8858       2.7747
    8859       2.8475
    8860       3.0746
    8861       3.0338
    8862       3.0505
    8863       3.1249
    8864       3.2428
    8865       3.2689
    8866       3.0584
    8867       3.1323
    8868       3.0268
    8869       2.9664
    8870       3.1072
    8871       3.0994
    8872       3.0054
    8873       2.8927
    8874       2.8918
    8875       2.7943
    8876       2.8123
    8877       2.6983
    8878       2.9196
    8879       3.0104
    8880       3.0027
    8881       3.0579
    8882       2.7145
    8883       2.7646
    8884       2.9131
    8885       3.0002
    8886       2.8027
    8887       2.8613
    8888       2.6979
    8889       2.7267
    8890       2.8411
    8891       2.8042
    8892       2.6678
    8893       2.5085
    8894       2.5063
    8895       2.5796
    8896       2.7190
    8897       2.9250
    8898       2.8355
    8899       2.7451
    8900       2.7615
    8901       2.9590
    8902       2.8851
    8903       3.0106
    8904       3.1243
    8905       3.0855
    8906       2.8735
    8907       2.9939
    8908       2.9957
    8909       3.1162
    8910       3.1018
    8911       3.0040
    8912       2.8817
    8913       2.9971
    8914       3.1669
    8915       2.9444
    8916       2.9030
    8917       2.7163
    8918       2.5494
    8919       2.7971
    8920       2.6772
    8921       2.8252
    8922       2.8788
    8923       2.7458
    8924       2.7228
    8925       2.8648
    8926       2.9115
    8927       3.0160
    8928       3.0778
    8929       3.1370
    8930       2.8793
    8931       2.9032
    8932       2.8184
    8933       2.7737
    8934       2.7759
    8935       2.8785
    8936       2.8071
    8937       2.5047
    8938       2.6433
    8939       2.7101
    8940       2.7773
    8941       2.9187
    8942       3.1847
    8943       3.2691
    8944       3.3963
    8945       3.3398
    8946       3.4303
    8947       3.4534
    8948       3.1561
    8949       3.2347
    8950       3.0797
    8951       3.0781
    8952       2.9074
    8953       2.8141
    8954       2.8406
    8955       2.8356
    8956       2.9061
    8957       2.8166
    8958       2.7490
    8959       2.6364
    8960       2.6553
    8961       2.7889
    8962       2.7221
    8963       2.7131
    8964       2.5451
    8965       2.7941
    8966       2.6387
    8967       2.5342
    8968       2.7307
    8969       2.5583
    8970       2.7137
    8971       2.7850
    8972       2.6886
    8973       2.6197
    8974       2.4526
    8975       2.2331
    8976       2.1978
    8977       2.2907
    8978       2.3772
    8979       2.2593
    8980       2.5376
    8981       2.5225
    8982       2.4885
    8983       2.4425
    8984       2.5161
    8985       2.5595
    8986       2.6592
    8987       2.4792
    8988       2.3490
    8989       2.3630
    8990       2.3636
    8991       2.3299
    8992       2.6341
    8993       2.6135
    8994       2.6622
    8995       2.7037
    8996       2.6282
    8997       2.6045
    8998       2.4009
    8999       2.4275
    9000       2.3659
    9001       2.5618
    9002       2.6841
    9003       2.7776
    9004       2.6995
    9005       2.9568
    9006       3.1777
    9007       3.3430
    9008       3.5144
    9009       3.3256
    9010       3.3316
    9011       3.4700
    9012       3.2994
    9013       3.1922
    9014       3.1211
    9015       3.1223
    9016       2.9506
    9017       3.0534
    9018       3.0591
    9019       3.0809
    9020       3.2100
    9021       3.3349
    9022       3.3184
    9023       3.2798
    9024       3.2915
    9025       3.1885
    9026       3.2071
    9027       3.0710
    9028       3.0127
    9029       2.9980
    9030       3.0555
    9031       3.3277
    9032       3.2915
    9033       3.4091
    9034       3.2947
    9035       3.1202
    9036       2.9514
    9037       3.2142
    9038       3.3838
    9039       3.3809
    9040       3.3339
    9041       3.1969
    9042       3.1193
    9043       3.2011
    9044       3.1086
    9045       2.9463
    9046       3.0342
    9047       2.9264
    9048       3.2000
    9049       3.2926
    9050       3.2046
    9051       3.2380
    9052       3.1351
    9053       3.0611
    9054       3.0366
    9055       3.3661
    9056       3.2306
    9057       3.1928
    9058       3.2606
    9059       3.2540
    9060       3.1646
    9061       3.1225
    9062       3.2746
    9063       3.3988
    9064       3.1954
    9065       3.1349
    9066       3.0451
    9067       3.2273
    9068       3.2526
    9069       3.3473
    9070       3.0979
    9071       2.9411
    9072       3.0991
    9073       2.9797
    9074       2.9676
    9075       2.9983
    9076       3.3767
    9077       3.1772
    9078       3.5494
    9079       3.4921
    9080       3.5084
    9081       3.4522
    9082       3.4210
    9083       3.5012
    9084       3.5259
    9085       3.6605
    9086       3.8608
    9087       3.8647
    9088       3.8620
    9089       3.7325
    9090       3.8645
    9091       3.6958
    9092       3.7152
    9093       3.4506
    9094       3.7037
    9095       3.6624
    9096       3.6137
    9097       3.3492
    9098       3.3488
    9099       3.5038
    9100       3.3655
    9101       3.2681
    9102       3.2452
    9103       3.2258
    9104       3.3088
    9105       3.1514
    9106       2.9665
    9107       2.9903
    9108       2.9959
    9109       3.0149
    9110       3.0875
    9111       3.2151
    9112       3.0497
    9113       3.0435
    9114       3.0344
    9115       3.1856
    9116       3.4561
    9117       3.3453
    9118       3.4883
    9119       3.1684
    9120       3.2542
    9121       3.3904
    9122       3.4127
    9123       3.7071
    9124       3.8113
    9125       3.6314
    9126       3.6052
    9127       3.3971
    9128       3.4202
    9129       3.3108
    9130       3.1747
    9131       3.0592
    9132       2.8511
    9133       3.0782
    9134       3.0053
    9135       3.2724
    9136       3.2152
    9137       3.2654
    9138       3.0921
    9139       2.9563
    9140       2.8280
    9141       2.9046
    9142       2.9316
    9143       2.9530
    9144       3.0541
    9145       2.9950
    9146       3.1307
    9147       3.2106
    9148       3.2175
    9149       3.1239
    9150       3.1093
    9151       2.7668
    9152       2.9349
    9153       2.9286
    9154       2.9177
    9155       3.0330
    9156       2.9135
    9157       2.9532
    9158       2.6779
    9159       2.6665
    9160       2.7857
    9161       2.7508
    9162       2.7943
    9163       2.9434
    9164       2.9102
    9165       2.9316
    9166       2.8726
    9167       2.9531
    9168       3.1016
    9169       2.9570
    9170       2.9962
    9171       2.8913
    9172       2.8106
    9173       2.9202
    9174       2.8289
    9175       2.8437
    9176       2.7330
    9177       2.7470
    9178       2.7756
    9179       2.5485
    9180       2.8548
    9181       2.7938
    9182       2.7350
    9183       2.8796
    9184       2.6959
    9185       2.9182
    9186       3.0134
    9187       2.8315
    9188       2.8487
    9189       3.0285
    9190       2.9042
    9191       2.9795
    9192       2.8226
    9193       2.8791
    9194       2.9203
    9195       2.9424
    9196       3.0911
    9197       3.2186
    9198       3.0712
    9199       2.8805
    9200       2.8528
    9201       2.6915
    9202       2.7905
    9203       3.1679
    9204       3.1708
    9205       3.1064
    9206       3.1953
    9207       3.1317
    9208       3.0327
    9209       2.9829
    9210       2.8949
    9211       3.0991
    9212       2.7728
    9213       2.9975
    9214       2.6957
    9215       2.4992
    9216       2.5580
    9217       2.5569
    9218       2.4970
    9219       2.4676
    9220       2.3596
    9221       2.5312
    9222       2.7476
    9223       2.8261
    9224       2.7901
    9225       2.8793
    9226       2.9354
    9227       2.8491
    9228       2.7945
    9229       2.8464
    9230       2.7403
    9231       2.6675
    9232       2.6178
    9233       2.5495
    9234       2.6390
    9235       2.5482
    9236       2.6036
    9237       2.5377
    9238       2.5776
    9239       2.7030
    9240       2.5516
    9241       2.7428
    9242       2.5793
    9243       2.5287
    9244       2.6167
    9245       2.7024
    9246       2.6678
    9247       2.4932
    9248       2.6818
    9249       2.9172
    9250       2.7192
    9251       2.7589
    9252       2.7230
    9253       2.9789
    9254       2.7342
    9255       2.6234
    9256       2.8039
    9257       2.8247
    9258       2.6555
    9259       2.8155
    9260       2.8275
    9261       2.7453
    9262       2.7393
    9263       2.4032
    9264       2.2478
    9265       2.3578
    9266       2.2834
    9267       2.1817
    9268       2.2109
    9269       2.3832
    9270       2.5924
    9271       2.7194
    9272       2.8763
    9273       2.8404
    9274       2.6877
    9275       2.8635
    9276       2.5576
    9277       2.4699
    9278       2.6168
    9279       2.5933
    9280       2.4302
    9281       2.6231
    9282       2.6223
    9283       2.7074
    9284       2.6573
    9285       2.8561
    9286       2.7474
    9287       2.9511
    9288       2.8238
    9289       2.7820
    9290       2.8284
    9291       2.9701
    9292       2.8654
    9293       2.7186
    9294       2.8698
    9295       2.7539
    9296       2.8416
    9297       2.9001
    9298       2.6633
    9299       2.5847
    9300       2.6143
    9301       2.5199
    9302       2.4786
    9303       2.5464
    9304       2.4715
    9305       2.2950
    9306       2.0641
    9307       2.1624
    9308       2.2223
    9309       2.2877
    9310       2.4562
    9311       2.5433
    9312       2.6028
    9313       2.5624
    9314       2.5526
    9315       2.6473
    9316       2.4907
    9317       2.3953
    9318       2.5638
    9319       2.7332
    9320       2.6413
    9321       2.6084
    9322       2.4482
    9323       2.5212
    9324       2.3670
    9325       2.4836
    9326       2.3760
    9327       2.3216
    9328       2.3245
    9329       2.3484
    9330       2.4172
    9331       2.4391
    9332       2.5532
    9333       2.5500
    9334       2.8416
    9335       2.8231
    9336       2.7343
    9337       2.9449
    9338       2.9138
    9339       3.0821
    9340       2.9746
    9341       2.9985
    9342       2.9994
    9343       2.8680
    9344       3.0179
    9345       2.9593
    9346       2.9352
    9347       2.9806
    9348       3.0491
    9349       2.9912
    9350       2.9902
    9351       2.9313
    9352       2.9660
    9353       3.1641
    9354       3.1210
    9355       2.9545
    9356       3.3462
    9357       3.2491
    9358       3.2543
    9359       3.0376
    9360       3.0011
    9361       2.9857
    9362       2.8113
    9363       3.0100
    9364       2.9063
    9365       2.8750
    9366       2.6824
    9367       2.7716
    9368       2.5680
    9369       2.6658
    9370       2.7081
    9371       2.8209
    9372       2.8037
    9373       2.8448
    9374       2.7489
    9375       2.8969
    9376       2.9505
    9377       2.9885
    9378       2.9502
    9379       2.7393
    9380       2.9605
    9381       3.1024
    9382       3.0837
    9383       3.2278
    9384       3.1138
    9385       3.2577
    9386       3.3956
    9387       3.2282
    9388       3.0077
    9389       2.8629
    9390       2.7765
    9391       2.7931
    9392       2.7889
    9393       2.5907
    9394       2.6593
    9395       2.8133
    9396       2.9010
    9397       2.8319
    9398       2.8554
    9399       2.9217
    9400       2.7395
    9401       2.9264
    9402       2.9396
    9403       3.1399
    9404       2.9277
    9405       2.7675
    9406       2.9127
    9407       2.8959
    9408       2.9360
    9409       2.7494
    9410       2.7852
    9411       2.8744
    9412       2.9331
    9413       2.7327
    9414       2.7821
    9415       2.8106
    9416       2.7080
    9417       2.6903
    9418       2.8017
    9419       2.8152
    9420       2.9445
    9421       3.1668
    9422       3.0851
    9423       3.1097
    9424       3.2020
    9425       3.1964
    9426       3.0322
    9427       3.1101
    9428       3.1002
    9429       3.0075
    9430       3.1218
    9431       3.1397
    9432       2.9871
    9433       2.9298
    9434       3.1152
    9435       2.9365
    9436       3.0977
    9437       3.0056
    9438       3.0672
    9439       2.8307
    9440       2.8174
    9441       2.9255
    9442       3.0892
    9443       2.9938
    9444       2.9802
    9445       2.7928
    9446       2.4673
    9447       2.4193
    9448       2.2995
    9449       2.2943
    9450       2.1589
    9451       2.1183
    9452       2.2264
    9453       2.2512
    9454       2.1351
    9455       2.2915
    9456       2.4919
    9457       2.6896
    9458       2.8380
    9459       3.0124
    9460       3.0084
    9461       2.8519
    9462       2.8671
    9463       2.8141
    9464       2.9098
    9465       2.7497
    9466       2.8054
    9467       2.7092
    9468       2.5264
    9469       2.5327
    9470       2.5323
    9471       2.4843
    9472       2.3574
    9473       2.2597
    9474       2.2866
    9475       2.2778
    9476       2.2094
    9477       2.2315
    9478       2.3329
    9479       2.3412
    9480       2.2563
    9481       2.2998
    9482       2.4119
    9483       2.4100
    9484       2.5890
    9485       2.5276
    9486       2.6237
    9487       2.4713
    9488       2.4096
    9489       2.3932
    9490       2.5067
    9491       2.3797
    9492       2.3827
    9493       2.5635
    9494       2.5954
    9495       2.6996
    9496       2.7742
    9497       2.8886
    9498       2.7286
    9499       2.7022
    9500       2.7732
    9501       2.7923
    9502       2.8265
    9503       2.8302
    9504       2.6268
    9505       2.5907
    9506       2.5350
    9507       2.4708
    9508       2.5918
    9509       2.5785
    9510       2.5701
    9511       2.4624
    9512       2.5056
    9513       2.5113
    9514       2.4770
    9515       2.4699
    9516       2.5779
    9517       2.6289
    9518       2.5838
    9519       2.5000
    9520       2.6362
    9521       2.6030
    9522       2.7701
    9523       2.6229
    9524       2.7483
    9525       2.8140
    9526       2.9866
    9527       2.8577
    9528       2.7319
    9529       2.7242
    9530       2.7026
    9531       2.6640
    9532       2.4845
    9533       2.4668
    9534       2.4253
    9535       2.5093
    9536       2.4869
    9537       2.5194
    9538       2.2439
    9539       2.3443
    9540       2.4510
    9541       2.4380
    9542       2.2703
    9543       2.5683
    9544       2.4167
    9545       2.2980
    9546       2.2395
    9547       2.2939
    9548       2.4592
    9549       2.3744
    9550       2.3709
    9551       2.2114
    9552       2.3553
    9553       2.3943
    9554       2.3850
    9555       2.2345
    9556       2.3593
    9557       2.3343
    9558       2.4075
    9559       2.3792
    9560       2.5628
    9561       2.4419
    9562       2.3076
    9563       2.6744
    9564       2.5582
    9565       2.3539
    9566       2.5161
    9567       2.4266
    9568       2.4639
    9569       2.3728
    9570       2.5489
    9571       2.6205
    9572       2.4407
    9573       2.3730
    9574       2.5238
    9575       2.3574
    9576       2.6846
    9577       2.5541
    9578       2.5381
    9579       2.6179
    9580       2.5694
    9581       2.5499
    9582       2.5012
    9583       2.3528
    9584       2.4429
    9585       2.3830
    9586       2.2939
    9587       2.2717
    9588       2.2145
    9589       2.2832
    9590       2.3315
    9591       2.4658
    9592       2.4449
    9593       2.2314
    9594       2.2808
    9595       2.3210
    9596       2.3271
    9597       2.2507
    9598       2.2275
    9599       2.3363
    9600       2.2753
    9601       2.3469
    9602       2.3786
    9603       2.3435
    9604       2.4517
    9605       2.4715
    9606       2.3809
    9607       2.6339
    9608       2.5845
    9609       2.4952
    9610       2.4523
    9611       2.1426
    9612       2.0759
    9613       2.0686
    9614       2.1971
    9615       2.1346
    9616       2.3136
    9617       2.2629
    9618       2.2630
    9619       2.3627
    9620       2.6237
    9621       2.6383
    9622       2.7675
    9623       2.7058
    9624       2.8774
    9625       2.7653
    9626       2.8187
    9627       2.4272
    9628       2.5582
    9629       2.5827
    9630       2.3849
    9631       2.4615
    9632       2.2638
    9633       2.3856
    9634       2.6545
    9635       2.4651
    9636       2.6106
    9637       2.4823
    9638       2.3858
    9639       2.3882
    9640       2.3617
    9641       2.5527
    9642       2.5871
    9643       2.5623
    9644       2.7438
    9645       2.7031
    9646       2.6641
    9647       2.5329
    9648       2.5478
    9649       2.7520
    9650       2.7533
    9651       2.8590
    9652       2.8889
    9653       2.8424
    9654       3.0576
    9655       3.2572
    9656       3.3400
    9657       3.3832
    9658       3.1237
    9659       3.1118
    9660       3.0078
    9661       2.9620
    9662       2.9485
    9663       3.0223
    9664       2.8532
    9665       3.0466
    9666       2.8716
    9667       2.9355
    9668       2.6672
    9669       2.7690
    9670       2.7181
    9671       2.5429
    9672       2.6018
    9673       2.4758
    9674       2.3999
    9675       2.2936
    9676       2.3854
    9677       2.4162
    9678       2.2778
    9679       2.4046
    9680       2.6657
    9681       2.7592
    9682       2.9080
    9683       2.9245
    9684       2.9008
    9685       2.7658
    9686       2.8479
    9687       2.7382
    9688       2.8332
    9689       2.8058
    9690       2.8534
    9691       2.7825
    9692       2.9217
    9693       2.8710
    9694       2.8760
    9695       2.7730
    9696       2.9414
    9697       2.7165
    9698       2.7486
    9699       2.8286
    9700       2.8738
    9701       2.8708
    9702       2.8817
    9703       2.9212
    9704       2.8976
    9705       3.0062
    9706       2.8800
    9707       3.0010
    9708       2.9013
    9709       2.8918
    9710       2.9100
    9711       2.9621
    9712       2.9120
    9713       2.9618
    9714       2.9219
    9715       3.1182
    9716       3.0358
    9717       2.9453
    9718       2.9297
    9719       2.8950
    9720       2.9353
    9721       2.9256
    9722       2.9196
    9723       2.8988
    9724       3.0458
    9725       3.0780
    9726       2.9666
    9727       2.9512
    9728       2.8410
    9729       2.8709
    9730       2.8704
    9731       2.7043
    9732       2.6132
    9733       2.5533
    9734       2.4599
    9735       2.5304
    9736       2.3744
    9737       2.5674
    9738       2.3787
    9739       2.4417
    9740       2.4528
    9741       2.4846
    9742       2.5530
    9743       2.6449
    9744       2.8265
    9745       3.0557
    9746       2.9304
    9747       2.9341
    9748       3.0229
    9749       3.0086
    9750       2.8968
    9751       2.6468
    9752       2.8397
    9753       2.6336
    9754       2.7679
    9755       2.9740
    9756       2.9360
    9757       2.7155
    9758       2.6300
    9759       2.5884
    9760       2.6713
    9761       2.4705
    9762       2.6428
    9763       2.7117
    9764       2.6035
    9765       2.4627
    9766       2.4331
    9767       2.5660
    9768       2.6397
    9769       2.5943
    9770       2.5668
    9771       2.5573
    9772       2.6058
    9773       2.4714
    9774       2.5699
    9775       2.6249
    9776       2.7307
    9777       2.7595
    9778       2.7636
    9779       2.6949
    9780       2.9166
    9781       2.9052
    9782       2.8364
    9783       2.6960
    9784       2.5782
    9785       2.5709
    9786       2.6582
    9787       2.6696
    9788       2.5654
    9789       2.7787
    9790       2.7348
    9791       2.8422
    9792       2.8591
    9793       2.9083
    9794       3.0069
    9795       3.0598
    9796       2.9348
    9797       3.0339
    9798       3.0128
    9799       2.8155
    9800       2.9375
    9801       2.9485
    9802       2.7324
    9803       2.7357
    9804       2.7515
    9805       2.8380
    9806       2.7487
    9807       2.8327
    9808       2.8276
    9809       2.6939
    9810       2.9536
    9811       2.9409
    9812       2.8416
    9813       2.8366
    9814       2.8741
    9815       2.8432
    9816       2.7833
    9817       2.8435
    9818       2.8632
    9819       2.7177
    9820       2.6932
    9821       2.8165
    9822       2.8611
    9823       2.8591
    9824       2.9361
    9825       3.0682
    9826       3.0672
    9827       3.2028
    9828       3.2397
    9829       2.9144
    9830       2.9692
    9831       3.3362
    9832       3.3477
    9833       3.1361
    9834       3.2127
    9835       3.2864
    9836       3.2518
    9837       3.1230
    9838       3.3246
    9839       3.1367
    9840       2.9988
    9841       3.2044
    9842       3.2652
    9843       3.3081
    9844       3.2402
    9845       3.1454
    9846       2.8242
    9847       3.0089
    9848       3.0967
    9849       3.1071
    9850       3.0244
    9851       3.0201
    9852       2.8920
    9853       3.1712
    9854       3.0391
    9855       3.2035
    9856       3.1066
    9857       3.1403
    9858       3.1413
    9859       3.1345
    9860       3.2079
    9861       2.8598
    9862       2.7046
    9863       2.6971
    9864       2.6322
    9865       2.7064
    9866       2.8679
    9867       2.8278
    9868       2.7869
    9869       2.7079
    9870       2.7535
    9871       2.8859
    9872       2.7215
    9873       2.7854
    9874       2.7531
    9875       2.4868
    9876       2.3683
    9877       2.3621
    9878       2.4935
    9879       2.6930
    9880       2.6642
    9881       2.6804
    9882       2.5516
    9883       2.4161
    9884       2.4605
    9885       2.5968
    9886       2.6907
    9887       2.6762
    9888       2.6073
    9889       2.7046
    9890       2.3940
    9891       2.5976
    9892       2.6355
    9893       2.6613
    9894       2.6717
    9895       2.5469
    9896       2.4752
    9897       2.5074
    9898       2.5937
    9899       2.4289
    9900       2.2757
    9901       2.4192
    9902       2.4241
    9903       2.3140
    9904       2.5575
    9905       2.8928
    9906       2.8355
    9907       3.0014
    9908       2.7035
    9909       2.6638
    9910       2.7116
    9911       2.8094
    9912       2.8234
    9913       2.8765
    9914       2.8233
    9915       2.7870
    9916       2.8095
    9917       2.6870
    9918       2.6909
    9919       2.7673
    9920       2.9140
    9921       2.8580
    9922       2.7483
    9923       2.7268
    9924       2.8507
    9925       2.8505
    9926       2.8344
    9927       2.7506
    9928       2.8605
    9929       2.7959
    9930       2.6878
    9931       2.8664
    9932       2.8860
    9933       2.7924
    9934       2.7718
    9935       2.7606
    9936       2.8631
    9937       2.9514
    9938       2.9472
    9939       3.0323
    9940       3.0900
    9941       3.0775
    9942       3.0001
    9943       2.9751
    9944       2.7924
    9945       3.1753
    9946       3.0331
    9947       3.0759
    9948       3.1217
    9949       2.8965
    9950       3.1528
    9951       3.0444
    9952       2.9272
    9953       2.9736
    9954       3.0395
    9955       3.0690
    9956       2.9014
    9957       2.9879
    9958       2.9160
    9959       2.5924
    9960       2.5013
    9961       2.5765
    9962       2.5415
    9963       2.5027
    9964       2.5304
    9965       2.7069
    9966       2.5801
    9967       2.7210
    9968       2.8498
    9969       2.8540
    9970       2.6059
    9971       2.5747
    9972       2.4720
    9973       2.4157
    9974       2.5272
    9975       2.7382
    9976       2.6794
    9977       2.6260
    9978       2.6100
    9979       2.6572
    9980       2.4281
    9981       2.4763
    9982       2.4546
    9983       2.5298
    9984       2.4576
    9985       2.6166
    9986       2.5923
    9987       2.5377
    9988       2.5650
    9989       2.4612
    9990       2.3358
    9991       2.3465
    9992       2.3207
    9993       2.2293
    9994       2.2308
    9995       2.3121
    9996       2.2171
    9997       2.4090
    9998       2.5575
    9999       2.5545
   10000       2.5515
