#Frame      RoG_00001
       1      27.9729
       2      27.9905
       3      28.0270
       4      28.0832
       5      28.1030
       6      28.1871
       7      28.2964
       8      28.3020
       9      28.1596
      10      28.2603
      11      28.2135
      12      28.2833
      13      28.2238
      14      28.2534
      15      28.3045
      16      28.3767
      17      28.2536
      18      28.2916
      19      28.3842
      20      28.3223
      21      28.3002
      22      28.2464
      23      28.3024
      24      28.2980
      25      28.3757
      26      28.3238
      27      28.3227
      28      28.3910
      29      28.3451
      30      28.3921
      31      28.4399
      32      28.4943
      33      28.3173
      34      28.4881
      35      28.4768
      36      28.3088
      37      28.3434
      38      28.3754
      39      28.3443
      40      28.3565
      41      28.2980
      42      28.3616
      43      28.3612
      44      28.3164
      45      28.3666
      46      28.3633
      47      28.3609
      48      28.3953
      49      28.3668
      50      28.3783
      51      28.3291
      52      28.3598
      53      28.5039
      54      28.4390
      55      28.3193
      56      28.3011
      57      28.3371
      58      28.3048
      59      28.3230
      60      28.2724
      61      28.3689
      62      28.3400
      63      28.3741
      64      28.3931
      65      28.4500
      66      28.5200
      67      28.5025
      68      28.5429
      69      28.4712
      70      28.4154
      71      28.4535
      72      28.4121
      73      28.4674
      74      28.3638
      75      28.3844
      76      28.4995
      77      28.5194
      78      28.3638
      79      28.3723
      80      28.2671
      81      28.2759
      82      28.4843
      83      28.3546
      84      28.3616
      85      28.3451
      86      28.4209
      87      28.3272
      88      28.3269
      89      28.3536
      90      28.4225
      91      28.3818
      92      28.4004
      93      28.3504
      94      28.3783
      95      28.4092
      96      28.3810
      97      28.4277
      98      28.4808
      99      28.4856
     100      28.5521
     101      28.4490
     102      28.4386
     103      28.3752
     104      28.4113
     105      28.3918
     106      28.4271
     107      28.5568
     108      28.5859
     109      28.6234
     110      28.5689
     111      28.5376
     112      28.6847
     113      28.6605
     114      28.6943
     115      28.6641
     116      28.5500
     117      28.4162
     118      28.4864
     119      28.3736
     120      28.3996
     121      28.4140
     122      28.4346
     123      28.4846
     124      28.4901
     125      28.6559
     126      28.5552
     127      28.4919
     128      28.4612
     129      28.6088
     130      28.6140
     131      28.5441
     132      28.6288
     133      28.4989
     134      28.4321
     135      28.4524
     136      28.5131
     137      28.5090
     138      28.4613
     139      28.5352
     140      28.5442
     141      28.5589
     142      28.6067
     143      28.5718
     144      28.4924
     145      28.5249
     146      28.6397
     147      28.4912
     148      28.5220
     149      28.4490
     150      28.5348
     151      28.6619
     152      28.6623
     153      28.6372
     154      28.5805
     155      28.5605
     156      28.5360
     157      28.6907
     158      28.6925
     159      28.6111
     160      28.7087
     161      28.5995
     162      28.5568
     163      28.5431
     164      28.5252
     165      28.6014
     166      28.5159
     167      28.5582
     168      28.6178
     169      28.5801
     170      28.6322
     171      28.5160
     172      28.5677
     173      28.6024
     174      28.5149
     175      28.5378
     176      28.5531
     177      28.6194
     178      28.4932
     179      28.5486
     180      28.6318
     181      28.4496
     182      28.5129
     183      28.6083
     184      28.5735
     185      28.5054
     186      28.5405
     187      28.5288
     188      28.4664
     189      28.5521
     190      28.5221
     191      28.4690
     192      28.5224
     193      28.4250
     194      28.4691
     195      28.5798
     196      28.5247
     197      28.5126
     198      28.6792
     199      28.5560
     200      28.5847
     201      28.5883
     202      28.6407
     203      28.5722
     204      28.5641
     205      28.5021
     206      28.5041
     207      28.5705
     208      28.5923
     209      28.5795
     210      28.4608
     211      28.5492
     212      28.5046
     213      28.5283
     214      28.4909
     215      28.5326
     216      28.4047
     217      28.4270
     218      28.4065
     219      28.4528
     220      28.4813
     221      28.4357
     222      28.4812
     223      28.5494
     224      28.4855
     225      28.5346
     226      28.4683
     227      28.5256
     228      28.4936
     229      28.6046
     230      28.5576
     231      28.5579
     232      28.4289
     233      28.4980
     234      28.5719
     235      28.5071
     236      28.5638
     237      28.4856
     238      28.4854
     239      28.5091
     240      28.4832
     241      28.5875
     242      28.5604
     243      28.4818
     244      28.3469
     245      28.4719
     246      28.4393
     247      28.5219
     248      28.5002
     249      28.4999
     250      28.4587
     251      28.4768
     252      28.4800
     253      28.4784
     254      28.4440
     255      28.5235
     256      28.4960
     257      28.4327
     258      28.4815
     259      28.3645
     260      28.3703
     261      28.4509
     262      28.4552
     263      28.4217
     264      28.4878
     265      28.5390
     266      28.4864
     267      28.4478
     268      28.4017
     269      28.4197
     270      28.4800
     271      28.4296
     272      28.5094
     273      28.4122
     274      28.4104
     275      28.4042
     276      28.3298
     277      28.3073
     278      28.3703
     279      28.4197
     280      28.4509
     281      28.5188
     282      28.4511
     283      28.4957
     284      28.6177
     285      28.4961
     286      28.4306
     287      28.4821
     288      28.4268
     289      28.4999
     290      28.5834
     291      28.5009
     292      28.4848
     293      28.3317
     294      28.4299
     295      28.4196
     296      28.5435
     297      28.4572
     298      28.5511
     299      28.5176
     300      28.3883
     301      28.4951
     302      28.4421
     303      28.4528
     304      28.4784
     305      28.3757
     306      28.4177
     307      28.4136
     308      28.4453
     309      28.4007
     310      28.4096
     311      28.4677
     312      28.4316
     313      28.4328
     314      28.3985
     315      28.3856
     316      28.4100
     317      28.4997
     318      28.4520
     319      28.5701
     320      28.5944
     321      28.4994
     322      28.5383
     323      28.5966
     324      28.4920
     325      28.5322
     326      28.5197
     327      28.5535
     328      28.4530
     329      28.4768
     330      28.4465
     331      28.5919
     332      28.5289
     333      28.4230
     334      28.5019
     335      28.4873
     336      28.5391
     337      28.5136
     338      28.4401
     339      28.4924
     340      28.4844
     341      28.5433
     342      28.4410
     343      28.5298
     344      28.5481
     345      28.5644
     346      28.5919
     347      28.7250
     348      28.5698
     349      28.5284
     350      28.6661
     351      28.6134
     352      28.5921
     353      28.5260
     354      28.6064
     355      28.5235
     356      28.5305
     357      28.5306
     358      28.7166
     359      28.6777
     360      28.6436
     361      28.5079
     362      28.6576
     363      28.6310
     364      28.6975
     365      28.4802
     366      28.4980
     367      28.5739
     368      28.6541
     369      28.6772
     370      28.7146
     371      28.7674
     372      28.6547
     373      28.6254
     374      28.6912
     375      28.6283
     376      28.6520
     377      28.5487
     378      28.6358
     379      28.5252
     380      28.5533
     381      28.6287
     382      28.5545
     383      28.6442
     384      28.5279
     385      28.5540
     386      28.3965
     387      28.5001
     388      28.3886
     389      28.5805
     390      28.4613
     391      28.4083
     392      28.3514
     393      28.4149
     394      28.3596
     395      28.4040
     396      28.4214
     397      28.3062
     398      28.4579
     399      28.5111
     400      28.3370
     401      28.4751
     402      28.4096
     403      28.4361
     404      28.4324
     405      28.3798
     406      28.5254
     407      28.4179
     408      28.5106
     409      28.4703
     410      28.4703
     411      28.4439
     412      28.3583
     413      28.4033
     414      28.5290
     415      28.4530
     416      28.5133
     417      28.4811
     418      28.6425
     419      28.4412
     420      28.5016
     421      28.5850
     422      28.5346
     423      28.5390
     424      28.5771
     425      28.4764
     426      28.5117
     427      28.4701
     428      28.4284
     429      28.3898
     430      28.5517
     431      28.5305
     432      28.5457
     433      28.5427
     434      28.5889
     435      28.5872
     436      28.6436
     437      28.6746
     438      28.5930
     439      28.5358
     440      28.5216
     441      28.4871
     442      28.5320
     443      28.5347
     444      28.5883
     445      28.4714
     446      28.4865
     447      28.4371
     448      28.4702
     449      28.4848
     450      28.4322
     451      28.5053
     452      28.5958
     453      28.4612
     454      28.4604
     455      28.4666
     456      28.5337
     457      28.4799
     458      28.5708
     459      28.4815
     460      28.3393
     461      28.2821
     462      28.3274
     463      28.3442
     464      28.4486
     465      28.4791
     466      28.5461
     467      28.5374
     468      28.5475
     469      28.6565
     470      28.5031
     471      28.5873
     472      28.4066
     473      28.4754
     474      28.5636
     475      28.3924
     476      28.5403
     477      28.5014
     478      28.2648
     479      28.4183
     480      28.4168
     481      28.3788
     482      28.4915
     483      28.4720
     484      28.6105
     485      28.5729
     486      28.5834
     487      28.5960
     488      28.5838
     489      28.5468
     490      28.5086
     491      28.4452
     492      28.6154
     493      28.5935
     494      28.6215
     495      28.6418
     496      28.5603
     497      28.6365
     498      28.6072
     499      28.6147
     500      28.5484
     501      28.6179
     502      28.5803
     503      28.5730
     504      28.7201
     505      28.6610
     506      28.7327
     507      28.6584
     508      28.6651
     509      28.6044
     510      28.5471
     511      28.5800
     512      28.4976
     513      28.4448
     514      28.4527
     515      28.4871
     516      28.5484
     517      28.5770
     518      28.5070
     519      28.4441
     520      28.5803
     521      28.5191
     522      28.4428
     523      28.4999
     524      28.3935
     525      28.4317
     526      28.4716
     527      28.4874
     528      28.5040
     529      28.5427
     530      28.5555
     531      28.6156
     532      28.5151
     533      28.5946
     534      28.5185
     535      28.5255
     536      28.5586
     537      28.4453
     538      28.5252
     539      28.6089
     540      28.5358
     541      28.5631
     542      28.6409
     543      28.6066
     544      28.7094
     545      28.5574
     546      28.4948
     547      28.5928
     548      28.5268
     549      28.4589
     550      28.5251
     551      28.5165
     552      28.4573
     553      28.5822
     554      28.6134
     555      28.6752
     556      28.6230
     557      28.5551
     558      28.4824
     559      28.5232
     560      28.4767
     561      28.5277
     562      28.4215
     563      28.4864
     564      28.4432
     565      28.3850
     566      28.5154
     567      28.3999
     568      28.3741
     569      28.4092
     570      28.4663
     571      28.5278
     572      28.4131
     573      28.4668
     574      28.5089
     575      28.5177
     576      28.5217
     577      28.5370
     578      28.5313
     579      28.4979
     580      28.5315
     581      28.5611
     582      28.5392
     583      28.5193
     584      28.5302
     585      28.5480
     586      28.5076
     587      28.5584
     588      28.5479
     589      28.4903
     590      28.4910
     591      28.4127
     592      28.4875
     593      28.4842
     594      28.5342
     595      28.5331
     596      28.5476
     597      28.5102
     598      28.4389
     599      28.3834
     600      28.3168
     601      28.3473
     602      28.3715
     603      28.3643
     604      28.2847
     605      28.4107
     606      28.4396
     607      28.4796
     608      28.3867
     609      28.4268
     610      28.5047
     611      28.3602
     612      28.3623
     613      28.4365
     614      28.4014
     615      28.4982
     616      28.5648
     617      28.4342
     618      28.3417
     619      28.3801
     620      28.3730
     621      28.2298
     622      28.3122
     623      28.3354
     624      28.2606
     625      28.3782
     626      28.3339
     627      28.3681
     628      28.3359
     629      28.2495
     630      28.2737
     631      28.3034
     632      28.4619
     633      28.4324
     634      28.4738
     635      28.6309
     636      28.5123
     637      28.4874
     638      28.4174
     639      28.4105
     640      28.4123
     641      28.3521
     642      28.4024
     643      28.4727
     644      28.4527
     645      28.4614
     646      28.3193
     647      28.2897
     648      28.3467
     649      28.4452
     650      28.5018
     651      28.4946
     652      28.3691
     653      28.3539
     654      28.5210
     655      28.4594
     656      28.5422
     657      28.5842
     658      28.6436
     659      28.5483
     660      28.5690
     661      28.3989
     662      28.4433
     663      28.3329
     664      28.3739
     665      28.3528
     666      28.3542
     667      28.3071
     668      28.3390
     669      28.3584
     670      28.3784
     671      28.3471
     672      28.3627
     673      28.3696
     674      28.3660
     675      28.2447
     676      28.2816
     677      28.4155
     678      28.3997
     679      28.2789
     680      28.3902
     681      28.4098
     682      28.4741
     683      28.5176
     684      28.4373
     685      28.3330
     686      28.3037
     687      28.4547
     688      28.5605
     689      28.4399
     690      28.3039
     691      28.3944
     692      28.4694
     693      28.5844
     694      28.4409
     695      28.2814
     696      28.3589
     697      28.2134
     698      28.4471
     699      28.5000
     700      28.4716
     701      28.4362
     702      28.5335
     703      28.4638
     704      28.5553
     705      28.4605
     706      28.3405
     707      28.4451
     708      28.3794
     709      28.2884
     710      28.2641
     711      28.3276
     712      28.4082
     713      28.4012
     714      28.4219
     715      28.3368
     716      28.4932
     717      28.3935
     718      28.3982
     719      28.4381
     720      28.4323
     721      28.4153
     722      28.4700
     723      28.4380
     724      28.2880
     725      28.4258
     726      28.4694
     727      28.4537
     728      28.3898
     729      28.4959
     730      28.5351
     731      28.4116
     732      28.4119
     733      28.3278
     734      28.3167
     735      28.4164
     736      28.4478
     737      28.4382
     738      28.3950
     739      28.4190
     740      28.4280
     741      28.4719
     742      28.2811
     743      28.2522
     744      28.3298
     745      28.3945
     746      28.4792
     747      28.5266
     748      28.3714
     749      28.4379
     750      28.4246
     751      28.4311
     752      28.3622
     753      28.4882
     754      28.4598
     755      28.4626
     756      28.4764
     757      28.3684
     758      28.2765
     759      28.1859
     760      28.1558
     761      28.2272
     762      28.1967
     763      28.1639
     764      28.2167
     765      28.1116
     766      28.0788
     767      28.1180
     768      28.1429
     769      28.1057
     770      28.1871
     771      28.1739
     772      28.2038
     773      28.1959
     774      28.1267
     775      28.1274
     776      28.1221
     777      28.1949
     778      28.1564
     779      28.3884
     780      28.3335
     781      28.3013
     782      28.2073
     783      28.2577
     784      28.2347
     785      28.1754
     786      28.2117
     787      28.1657
     788      28.2685
     789      28.1681
     790      28.1431
     791      28.2513
     792      28.1650
     793      28.3668
     794      28.4059
     795      28.3095
     796      28.2802
     797      28.3434
     798      28.3106
     799      28.2923
     800      28.2588
     801      28.3020
     802      28.2627
     803      28.2948
     804      28.3788
     805      28.2994
     806      28.3525
     807      28.3390
     808      28.3319
     809      28.3839
     810      28.4029
     811      28.3475
     812      28.2771
     813      28.3445
     814      28.3161
     815      28.3428
     816      28.4254
     817      28.3298
     818      28.2868
     819      28.2509
     820      28.2699
     821      28.2770
     822      28.2832
     823      28.3078
     824      28.1830
     825      28.2117
     826      28.2961
     827      28.2779
     828      28.1882
     829      28.1941
     830      28.2389
     831      28.2601
     832      28.2358
     833      28.2940
     834      28.2817
     835      28.3401
     836      28.2567
     837      28.0783
     838      28.1869
     839      28.2767
     840      28.2307
     841      28.2470
     842      28.2791
     843      28.1252
     844      28.2717
     845      28.2058
     846      28.2800
     847      28.3248
     848      28.2432
     849      28.1731
     850      28.1781
     851      28.1177
     852      28.1783
     853      28.2337
     854      28.1745
     855      28.2320
     856      28.2535
     857      28.2512
     858      28.2450
     859      28.2583
     860      28.2195
     861      28.1552
     862      28.3262
     863      28.4422
     864      28.3393
     865      28.3103
     866      28.3951
     867      28.4312
     868      28.5027
     869      28.4987
     870      28.6179
     871      28.4830
     872      28.3720
     873      28.4319
     874      28.4426
     875      28.4582
     876      28.4608
     877      28.5583
     878      28.6582
     879      28.7068
     880      28.6323
     881      28.5751
     882      28.4911
     883      28.5849
     884      28.6173
     885      28.6772
     886      28.5583
     887      28.5574
     888      28.5322
     889      28.6398
     890      28.5623
     891      28.4171
     892      28.4110
     893      28.3902
     894      28.3240
     895      28.4019
     896      28.4130
     897      28.4778
     898      28.5813
     899      28.4538
     900      28.4003
     901      28.3731
     902      28.4411
     903      28.3771
     904      28.4713
     905      28.4406
     906      28.3819
     907      28.4510
     908      28.3869
     909      28.3545
     910      28.4571
     911      28.4991
     912      28.4824
     913      28.5648
     914      28.3984
     915      28.4938
     916      28.3028
     917      28.3731
     918      28.3706
     919      28.3137
     920      28.3269
     921      28.3744
     922      28.2879
     923      28.4285
     924      28.3948
     925      28.3433
     926      28.5536
     927      28.4615
     928      28.5682
     929      28.4914
     930      28.4406
     931      28.3633
     932      28.3410
     933      28.4468
     934      28.3966
     935      28.3269
     936      28.2577
     937      28.2795
     938      28.2276
     939      28.2340
     940      28.1942
     941      28.2036
     942      28.2645
     943      28.3528
     944      28.3376
     945      28.2834
     946      28.3723
     947      28.4048
     948      28.4671
     949      28.4944
     950      28.6206
     951      28.6121
     952      28.7412
     953      28.6600
     954      28.5409
     955      28.5278
     956      28.5348
     957      28.5552
     958      28.6343
     959      28.5837
     960      28.4957
     961      28.5947
     962      28.6245
     963      28.5879
     964      28.6862
     965      28.5863
     966      28.5672
     967      28.6103
     968      28.6162
     969      28.6171
     970      28.4792
     971      28.5006
     972      28.4897
     973      28.4062
     974      28.4106
     975      28.4866
     976      28.6202
     977      28.6149
     978      28.5705
     979      28.5498
     980      28.5695
     981      28.5783
     982      28.6370
     983      28.6194
     984      28.5028
     985      28.6715
     986      28.5418
     987      28.4972
     988      28.3588
     989      28.4176
     990      28.5007
     991      28.4209
     992      28.4614
     993      28.4069
     994      28.5351
     995      28.5967
     996      28.5671
     997      28.6455
     998      28.5643
     999      28.5528
    1000      28.4355
    1001      28.4479
    1002      28.4070
    1003      28.5014
    1004      28.4606
    1005      28.4118
    1006      28.5254
    1007      28.4339
    1008      28.3829
    1009      28.4797
    1010      28.3709
    1011      28.5179
    1012      28.4198
    1013      28.3374
    1014      28.4761
    1015      28.4625
    1016      28.5669
    1017      28.6585
    1018      28.6778
    1019      28.5524
    1020      28.4467
    1021      28.3791
    1022      28.3198
    1023      28.2543
    1024      28.3179
    1025      28.3664
    1026      28.3789
    1027      28.3299
    1028      28.3364
    1029      28.3569
    1030      28.3107
    1031      28.2212
    1032      28.2149
    1033      28.3357
    1034      28.2365
    1035      28.3703
    1036      28.4045
    1037      28.4233
    1038      28.3889
    1039      28.4725
    1040      28.4333
    1041      28.5140
    1042      28.4554
    1043      28.4442
    1044      28.4898
    1045      28.5986
    1046      28.5202
    1047      28.4115
    1048      28.3946
    1049      28.3761
    1050      28.3920
    1051      28.3669
    1052      28.2883
    1053      28.3634
    1054      28.4068
    1055      28.4153
    1056      28.4464
    1057      28.4055
    1058      28.4466
    1059      28.4677
    1060      28.3947
    1061      28.4130
    1062      28.4067
    1063      28.3426
    1064      28.3461
    1065      28.2134
    1066      28.2325
    1067      28.3351
    1068      28.3523
    1069      28.3889
    1070      28.3599
    1071      28.3062
    1072      28.4131
    1073      28.3417
    1074      28.1607
    1075      28.3190
    1076      28.2631
    1077      28.3143
    1078      28.3304
    1079      28.2238
    1080      28.3149
    1081      28.2744
    1082      28.2846
    1083      28.3254
    1084      28.2744
    1085      28.2573
    1086      28.2968
    1087      28.2017
    1088      28.3444
    1089      28.2677
    1090      28.3184
    1091      28.2822
    1092      28.2649
    1093      28.1905
    1094      28.1814
    1095      28.3725
    1096      28.1887
    1097      28.2395
    1098      28.3372
    1099      28.3792
    1100      28.4067
    1101      28.3714
    1102      28.4570
    1103      28.4925
    1104      28.4000
    1105      28.4281
    1106      28.2752
    1107      28.3933
    1108      28.4047
    1109      28.3355
    1110      28.3232
    1111      28.3624
    1112      28.3615
    1113      28.3830
    1114      28.3940
    1115      28.4162
    1116      28.4564
    1117      28.4516
    1118      28.3982
    1119      28.3652
    1120      28.3846
    1121      28.4264
    1122      28.3401
    1123      28.4092
    1124      28.2032
    1125      28.1346
    1126      28.1297
    1127      28.0954
    1128      28.2256
    1129      28.2823
    1130      28.2597
    1131      28.3370
    1132      28.2545
    1133      28.3948
    1134      28.3651
    1135      28.3715
    1136      28.3381
    1137      28.3327
    1138      28.4424
    1139      28.3929
    1140      28.4701
    1141      28.4249
    1142      28.3973
    1143      28.3674
    1144      28.4353
    1145      28.3741
    1146      28.4439
    1147      28.4670
    1148      28.4656
    1149      28.4724
    1150      28.4849
    1151      28.4110
    1152      28.4709
    1153      28.4820
    1154      28.4464
    1155      28.4384
    1156      28.3653
    1157      28.5222
    1158      28.3746
    1159      28.5523
    1160      28.4712
    1161      28.5185
    1162      28.5045
    1163      28.4368
    1164      28.3371
    1165      28.2711
    1166      28.2997
    1167      28.3309
    1168      28.3343
    1169      28.2644
    1170      28.2981
    1171      28.3974
    1172      28.3258
    1173      28.2294
    1174      28.3171
    1175      28.3168
    1176      28.2348
    1177      28.2930
    1178      28.1393
    1179      28.2336
    1180      28.2176
    1181      28.3105
    1182      28.1865
    1183      28.2772
    1184      28.3087
    1185      28.3818
    1186      28.3583
    1187      28.4071
    1188      28.2328
    1189      28.2219
    1190      28.2423
    1191      28.2379
    1192      28.1200
    1193      28.0468
    1194      28.0794
    1195      28.1006
    1196      28.0314
    1197      28.1534
    1198      28.2550
    1199      28.2357
    1200      28.2675
    1201      28.2409
    1202      28.2708
    1203      28.2764
    1204      28.3070
    1205      28.2935
    1206      28.2901
    1207      28.2587
    1208      28.1732
    1209      28.3428
    1210      28.3828
    1211      28.3712
    1212      28.3458
    1213      28.2688
    1214      28.3506
    1215      28.3363
    1216      28.2784
    1217      28.4179
    1218      28.1721
    1219      28.2893
    1220      28.2304
    1221      28.2731
    1222      28.2880
    1223      28.3325
    1224      28.3492
    1225      28.3500
    1226      28.3880
    1227      28.3762
    1228      28.3517
    1229      28.3304
    1230      28.3030
    1231      28.2573
    1232      28.3033
    1233      28.3067
    1234      28.2638
    1235      28.3520
    1236      28.2133
    1237      28.1811
    1238      28.2769
    1239      28.1972
    1240      28.1515
    1241      28.2475
    1242      28.3368
    1243      28.3212
    1244      28.3065
    1245      28.3015
    1246      28.2472
    1247      28.2296
    1248      28.3010
    1249      28.3026
    1250      28.2388
    1251      28.2995
    1252      28.2746
    1253      28.2565
    1254      28.3200
    1255      28.4085
    1256      28.2569
    1257      28.2431
    1258      28.3685
    1259      28.3016
    1260      28.2876
    1261      28.3880
    1262      28.3645
    1263      28.3487
    1264      28.2879
    1265      28.2816
    1266      28.1948
    1267      28.2422
    1268      28.1731
    1269      28.2537
    1270      28.2604
    1271      28.2924
    1272      28.3215
    1273      28.3278
    1274      28.3132
    1275      28.4666
    1276      28.2910
    1277      28.1857
    1278      28.1828
    1279      28.3104
    1280      28.2285
    1281      28.3017
    1282      28.2605
    1283      28.2514
    1284      28.2356
    1285      28.1606
    1286      28.1761
    1287      28.0780
    1288      27.9931
    1289      28.0954
    1290      28.1889
    1291      28.1267
    1292      28.0935
    1293      28.2066
    1294      28.1854
    1295      28.2395
    1296      28.2285
    1297      28.2241
    1298      28.2078
    1299      28.2820
    1300      28.1155
    1301      28.1339
    1302      28.2236
    1303      28.2076
    1304      28.1723
    1305      28.2351
    1306      28.2419
    1307      28.1463
    1308      28.1842
    1309      28.2229
    1310      28.2039
    1311      28.1852
    1312      28.1324
    1313      28.1915
    1314      28.2250
    1315      28.2485
    1316      28.2269
    1317      28.2014
    1318      28.0989
    1319      28.2694
    1320      28.2135
    1321      28.1959
    1322      28.2958
    1323      28.2551
    1324      28.2250
    1325      28.1686
    1326      28.2516
    1327      28.1784
    1328      28.0761
    1329      28.1551
    1330      28.1405
    1331      28.2608
    1332      28.2227
    1333      28.2615
    1334      28.1468
    1335      28.0813
    1336      28.1177
    1337      28.1794
    1338      28.1251
    1339      28.2008
    1340      28.2826
    1341      28.2053
    1342      28.2828
    1343      28.2517
    1344      28.1433
    1345      28.2387
    1346      28.1738
    1347      28.1499
    1348      28.1942
    1349      28.1761
    1350      28.2613
    1351      28.1314
    1352      28.1500
    1353      28.2163
    1354      28.2128
    1355      28.1987
    1356      28.1497
    1357      28.1664
    1358      28.1330
    1359      28.1444
    1360      28.1222
    1361      28.0949
    1362      28.0614
    1363      28.0647
    1364      28.1117
    1365      28.0168
    1366      28.1793
    1367      28.1227
    1368      28.1722
    1369      28.1262
    1370      28.1889
    1371      28.1832
    1372      28.2393
    1373      28.1787
    1374      28.3354
    1375      28.2293
    1376      28.1660
    1377      28.1268
    1378      28.1357
    1379      28.2107
    1380      28.1261
    1381      28.1374
    1382      28.0509
    1383      28.1558
    1384      28.2136
    1385      28.1343
    1386      28.0788
    1387      28.1612
    1388      28.2644
    1389      28.2598
    1390      28.3208
    1391      28.3699
    1392      28.3209
    1393      28.3398
    1394      28.3295
    1395      28.1937
    1396      28.2355
    1397      28.4027
    1398      28.4228
    1399      28.3072
    1400      28.3279
    1401      28.4151
    1402      28.3014
    1403      28.2411
    1404      28.3006
    1405      28.2558
    1406      28.2843
    1407      28.3452
    1408      28.3044
    1409      28.2082
    1410      28.1931
    1411      28.1737
    1412      28.1707
    1413      28.2475
    1414      28.2228
    1415      28.3289
    1416      28.2696
    1417      28.3732
    1418      28.3467
    1419      28.3452
    1420      28.2815
    1421      28.3746
    1422      28.3463
    1423      28.3477
    1424      28.4838
    1425      28.3272
    1426      28.4483
    1427      28.3842
    1428      28.3876
    1429      28.2926
    1430      28.2754
    1431      28.2686
    1432      28.2998
    1433      28.3436
    1434      28.3371
    1435      28.3736
    1436      28.2931
    1437      28.3576
    1438      28.2934
    1439      28.2730
    1440      28.2858
    1441      28.2963
    1442      28.3779
    1443      28.3483
    1444      28.3594
    1445      28.4790
    1446      28.3597
    1447      28.2939
    1448      28.4110
    1449      28.4254
    1450      28.3997
    1451      28.4458
    1452      28.4944
    1453      28.4323
    1454      28.4424
    1455      28.3904
    1456      28.5149
    1457      28.4686
    1458      28.4365
    1459      28.4323
    1460      28.4393
    1461      28.3548
    1462      28.4299
    1463      28.3837
    1464      28.2943
    1465      28.2248
    1466      28.3087
    1467      28.2783
    1468      28.3893
    1469      28.4124
    1470      28.2668
    1471      28.2696
    1472      28.3158
    1473      28.2826
    1474      28.3362
    1475      28.3039
    1476      28.3651
    1477      28.3313
    1478      28.3384
    1479      28.4787
    1480      28.4222
    1481      28.4138
    1482      28.4343
    1483      28.3349
    1484      28.4310
    1485      28.3443
    1486      28.3785
    1487      28.3929
    1488      28.4165
    1489      28.4033
    1490      28.2977
    1491      28.3677
    1492      28.3655
    1493      28.4565
    1494      28.3927
    1495      28.3513
    1496      28.3663
    1497      28.2251
    1498      28.3449
    1499      28.3279
    1500      28.2803
    1501      28.3611
    1502      28.2777
    1503      28.2487
    1504      28.2058
    1505      28.2631
    1506      28.2619
    1507      28.3297
    1508      28.3673
    1509      28.3618
    1510      28.3636
    1511      28.3189
    1512      28.3345
    1513      28.3787
    1514      28.3238
    1515      28.3673
    1516      28.4235
    1517      28.3825
    1518      28.3380
    1519      28.3859
    1520      28.4242
    1521      28.3623
    1522      28.4125
    1523      28.3928
    1524      28.4560
    1525      28.4704
    1526      28.3191
    1527      28.3240
    1528      28.3418
    1529      28.2047
    1530      28.2695
    1531      28.2545
    1532      28.3083
    1533      28.3252
    1534      28.2900
    1535      28.2533
    1536      28.2635
    1537      28.2799
    1538      28.2761
    1539      28.3400
    1540      28.3227
    1541      28.2491
    1542      28.2665
    1543      28.2487
    1544      28.1733
    1545      28.1688
    1546      28.2220
    1547      28.1972
    1548      28.2485
    1549      28.2163
    1550      28.1848
    1551      28.2991
    1552      28.2055
    1553      28.2244
    1554      28.2255
    1555      28.1489
    1556      28.1347
    1557      28.0833
    1558      28.1612
    1559      28.1554
    1560      28.0604
    1561      28.1573
    1562      28.1999
    1563      28.2033
    1564      28.2248
    1565      28.1674
    1566      28.1174
    1567      28.0801
    1568      28.1099
    1569      28.0205
    1570      28.0761
    1571      28.1656
    1572      28.1185
    1573      28.0528
    1574      28.0731
    1575      28.0821
    1576      28.1108
    1577      28.1052
    1578      28.2909
    1579      28.1535
    1580      28.1773
    1581      28.1699
    1582      28.2030
    1583      28.1407
    1584      28.0532
    1585      28.0087
    1586      28.1324
    1587      28.0224
    1588      28.1507
    1589      28.0632
    1590      28.1373
    1591      28.1041
    1592      28.1032
    1593      28.1259
    1594      28.2049
    1595      28.2328
    1596      28.2858
    1597      28.2408
    1598      28.2896
    1599      28.3047
    1600      28.2775
    1601      28.3074
    1602      28.3358
    1603      28.3368
    1604      28.3148
    1605      28.3121
    1606      28.2376
    1607      28.3978
    1608      28.2738
    1609      28.3232
    1610      28.2218
    1611      28.3263
    1612      28.2366
    1613      28.1783
    1614      28.2097
    1615      28.3574
    1616      28.2358
    1617      28.2278
    1618      28.2893
    1619      28.2946
    1620      28.3061
    1621      28.3868
    1622      28.2172
    1623      28.1861
    1624      28.2987
    1625      28.2460
    1626      28.3138
    1627      28.3015
    1628      28.2273
    1629      28.3039
    1630      28.2613
    1631      28.3075
    1632      28.2932
    1633      28.2234
    1634      28.2109
    1635      28.0861
    1636      28.0206
    1637      28.2167
    1638      28.1017
    1639      28.1852
    1640      28.1373
    1641      28.1685
    1642      28.1794
    1643      28.1360
    1644      28.2011
    1645      28.2651
    1646      28.1801
    1647      28.2475
    1648      28.3945
    1649      28.3116
    1650      28.3097
    1651      28.2921
    1652      28.3815
    1653      28.2809
    1654      28.2985
    1655      28.4429
    1656      28.4249
    1657      28.5675
    1658      28.5176
    1659      28.4818
    1660      28.4964
    1661      28.5477
    1662      28.4085
    1663      28.4045
    1664      28.3724
    1665      28.4644
    1666      28.4987
    1667      28.3982
    1668      28.4070
    1669      28.5096
    1670      28.3559
    1671      28.3661
    1672      28.2582
    1673      28.3591
    1674      28.3200
    1675      28.3766
    1676      28.2959
    1677      28.4128
    1678      28.3602
    1679      28.2573
    1680      28.3255
    1681      28.3937
    1682      28.3063
    1683      28.4016
    1684      28.3490
    1685      28.2634
    1686      28.3442
    1687      28.3682
    1688      28.3255
    1689      28.4240
    1690      28.3875
    1691      28.5032
    1692      28.4234
    1693      28.2934
    1694      28.2279
    1695      28.2180
    1696      28.3298
    1697      28.4473
    1698      28.3916
    1699      28.2989
    1700      28.3461
    1701      28.2835
    1702      28.2633
    1703      28.1744
    1704      28.1592
    1705      28.1116
    1706      28.1271
    1707      28.1808
    1708      28.1711
    1709      28.2779
    1710      28.1001
    1711      28.1544
    1712      28.2334
    1713      28.2037
    1714      28.1277
    1715      28.2466
    1716      28.2701
    1717      28.2434
    1718      28.1778
    1719      28.1908
    1720      28.0840
    1721      28.1441
    1722      28.2710
    1723      28.2052
    1724      28.2332
    1725      28.3556
    1726      28.2932
    1727      28.2903
    1728      28.3243
    1729      28.3328
    1730      28.3429
    1731      28.2904
    1732      28.2471
    1733      28.2097
    1734      28.2348
    1735      28.1550
    1736      28.1864
    1737      28.2087
    1738      28.3465
    1739      28.3821
    1740      28.3067
    1741      28.3407
    1742      28.3044
    1743      28.1774
    1744      28.2296
    1745      28.2775
    1746      28.2228
    1747      28.1495
    1748      28.2234
    1749      28.1463
    1750      28.1986
    1751      28.2302
    1752      28.1432
    1753      28.1322
    1754      28.2281
    1755      28.1743
    1756      28.2083
    1757      28.2514
    1758      28.2075
    1759      28.2268
    1760      28.1993
    1761      28.3343
    1762      28.3860
    1763      28.4149
    1764      28.2890
    1765      28.3051
    1766      28.2176
    1767      28.2504
    1768      28.3197
    1769      28.3585
    1770      28.3779
    1771      28.4999
    1772      28.5934
    1773      28.4435
    1774      28.5510
    1775      28.4774
    1776      28.5157
    1777      28.4393
    1778      28.5636
    1779      28.5837
    1780      28.4896
    1781      28.5092
    1782      28.4891
    1783      28.4832
    1784      28.3735
    1785      28.3842
    1786      28.3451
    1787      28.3768
    1788      28.5219
    1789      28.4112
    1790      28.3886
    1791      28.3822
    1792      28.4541
    1793      28.3896
    1794      28.3873
    1795      28.3583
    1796      28.4043
    1797      28.4126
    1798      28.4181
    1799      28.4442
    1800      28.4371
    1801      28.4601
    1802      28.5205
    1803      28.5279
    1804      28.4695
    1805      28.3893
    1806      28.3231
    1807      28.3862
    1808      28.4425
    1809      28.4740
    1810      28.4213
    1811      28.4147
    1812      28.3462
    1813      28.3290
    1814      28.3734
    1815      28.4906
    1816      28.5030
    1817      28.4762
    1818      28.5771
    1819      28.4852
    1820      28.4512
    1821      28.4228
    1822      28.3484
    1823      28.4068
    1824      28.4099
    1825      28.4401
    1826      28.4668
    1827      28.3911
    1828      28.4568
    1829      28.5151
    1830      28.5107
    1831      28.4489
    1832      28.4347
    1833      28.5700
    1834      28.6053
    1835      28.5220
    1836      28.5622
    1837      28.6029
    1838      28.5742
    1839      28.5039
    1840      28.5944
    1841      28.5997
    1842      28.5466
    1843      28.5962
    1844      28.6332
    1845      28.5413
    1846      28.5915
    1847      28.5370
    1848      28.4793
    1849      28.3964
    1850      28.5237
    1851      28.4952
    1852      28.5541
    1853      28.5381
    1854      28.5107
    1855      28.5950
    1856      28.5433
    1857      28.5750
    1858      28.6214
    1859      28.5880
    1860      28.6332
    1861      28.5366
    1862      28.4850
    1863      28.5626
    1864      28.4635
    1865      28.5407
    1866      28.5855
    1867      28.5554
    1868      28.4317
    1869      28.5011
    1870      28.5317
    1871      28.4650
    1872      28.5730
    1873      28.5221
    1874      28.4802
    1875      28.4795
    1876      28.3621
    1877      28.4530
    1878      28.3154
    1879      28.3551
    1880      28.3669
    1881      28.3185
    1882      28.3229
    1883      28.2547
    1884      28.2777
    1885      28.3846
    1886      28.2804
    1887      28.2243
    1888      28.2180
    1889      28.2968
    1890      28.3364
    1891      28.2006
    1892      28.2635
    1893      28.2580
    1894      28.2796
    1895      28.2025
    1896      28.2994
    1897      28.1888
    1898      28.1082
    1899      28.3183
    1900      28.1491
    1901      28.1476
    1902      28.1586
    1903      28.2170
    1904      28.2047
    1905      28.2329
    1906      28.2686
    1907      28.2294
    1908      28.2503
    1909      28.3582
    1910      28.3055
    1911      28.3323
    1912      28.2858
    1913      28.4369
    1914      28.3900
    1915      28.3920
    1916      28.3864
    1917      28.4345
    1918      28.4272
    1919      28.3464
    1920      28.3357
    1921      28.3191
    1922      28.3057
    1923      28.3539
    1924      28.2896
    1925      28.3780
    1926      28.3150
    1927      28.3635
    1928      28.3541
    1929      28.3559
    1930      28.2476
    1931      28.3569
    1932      28.3586
    1933      28.3475
    1934      28.4130
    1935      28.2262
    1936      28.2193
    1937      28.1731
    1938      28.3504
    1939      28.1925
    1940      28.3014
    1941      28.3173
    1942      28.3562
    1943      28.3448
    1944      28.3028
    1945      28.2506
    1946      28.2153
    1947      28.3265
    1948      28.3691
    1949      28.4416
    1950      28.4401
    1951      28.4526
    1952      28.4704
    1953      28.4838
    1954      28.4364
    1955      28.3755
    1956      28.4555
    1957      28.4320
    1958      28.4497
    1959      28.4920
    1960      28.4716
    1961      28.3055
    1962      28.4161
    1963      28.3559
    1964      28.2859
    1965      28.3175
    1966      28.3466
    1967      28.3509
    1968      28.2820
    1969      28.2092
    1970      28.2709
    1971      28.3633
    1972      28.3331
    1973      28.3492
    1974      28.3853
    1975      28.3522
    1976      28.3402
    1977      28.4038
    1978      28.2811
    1979      28.4835
    1980      28.5281
    1981      28.4629
    1982      28.4340
    1983      28.4299
    1984      28.4763
    1985      28.3740
    1986      28.3819
    1987      28.3757
    1988      28.4049
    1989      28.5111
    1990      28.4057
    1991      28.4354
    1992      28.4314
    1993      28.4921
    1994      28.4838
    1995      28.5058
    1996      28.5732
    1997      28.5623
    1998      28.4350
    1999      28.5089
    2000      28.4659
    2001      28.3434
    2002      28.4888
    2003      28.5091
    2004      28.3571
    2005      28.4683
    2006      28.4178
    2007      28.4955
    2008      28.3714
    2009      28.3889
    2010      28.3680
    2011      28.3619
    2012      28.4679
    2013      28.4083
    2014      28.3566
    2015      28.4534
    2016      28.3708
    2017      28.3884
    2018      28.3593
    2019      28.3640
    2020      28.4407
    2021      28.4836
    2022      28.4471
    2023      28.3746
    2024      28.3843
    2025      28.4164
    2026      28.3951
    2027      28.3791
    2028      28.3031
    2029      28.2277
    2030      28.3850
    2031      28.3375
    2032      28.3171
    2033      28.3259
    2034      28.3604
    2035      28.2727
    2036      28.2000
    2037      28.1916
    2038      28.2197
    2039      28.3141
    2040      28.3459
    2041      28.2571
    2042      28.3397
    2043      28.3245
    2044      28.3701
    2045      28.3385
    2046      28.3664
    2047      28.3237
    2048      28.3149
    2049      28.2856
    2050      28.2591
    2051      28.2896
    2052      28.3691
    2053      28.3094
    2054      28.3718
    2055      28.4018
    2056      28.4552
    2057      28.4348
    2058      28.3978
    2059      28.3769
    2060      28.3582
    2061      28.4783
    2062      28.5404
    2063      28.4237
    2064      28.4655
    2065      28.3310
    2066      28.3963
    2067      28.3583
    2068      28.3039
    2069      28.4690
    2070      28.4632
    2071      28.5149
    2072      28.4419
    2073      28.4653
    2074      28.4851
    2075      28.4572
    2076      28.4408
    2077      28.4790
    2078      28.3947
    2079      28.3781
    2080      28.4023
    2081      28.4913
    2082      28.3224
    2083      28.5072
    2084      28.5012
    2085      28.3595
    2086      28.2391
    2087      28.3261
    2088      28.2010
    2089      28.2346
    2090      28.3856
    2091      28.2485
    2092      28.2524
    2093      28.2045
    2094      28.2359
    2095      28.3345
    2096      28.2723
    2097      28.3218
    2098      28.2788
    2099      28.3363
    2100      28.3382
    2101      28.3425
    2102      28.3737
    2103      28.3893
    2104      28.3763
    2105      28.3945
    2106      28.3426
    2107      28.4288
    2108      28.3615
    2109      28.4223
    2110      28.4790
    2111      28.4512
    2112      28.4117
    2113      28.4274
    2114      28.3454
    2115      28.3619
    2116      28.3816
    2117      28.2921
    2118      28.2767
    2119      28.3590
    2120      28.2525
    2121      28.3398
    2122      28.3676
    2123      28.4565
    2124      28.5272
    2125      28.5112
    2126      28.4800
    2127      28.5559
    2128      28.5262
    2129      28.4833
    2130      28.4608
    2131      28.4464
    2132      28.4557
    2133      28.3536
    2134      28.3835
    2135      28.5882
    2136      28.5262
    2137      28.4850
    2138      28.3862
    2139      28.3246
    2140      28.4244
    2141      28.3896
    2142      28.2717
    2143      28.3322
    2144      28.4195
    2145      28.4224
    2146      28.3457
    2147      28.3522
    2148      28.2572
    2149      28.4383
    2150      28.3633
    2151      28.3952
    2152      28.3769
    2153      28.4188
    2154      28.5906
    2155      28.4942
    2156      28.4957
    2157      28.4294
    2158      28.4063
    2159      28.4084
    2160      28.5016
    2161      28.6028
    2162      28.5557
    2163      28.4571
    2164      28.4953
    2165      28.4835
    2166      28.5412
    2167      28.5949
    2168      28.3990
    2169      28.5090
    2170      28.4521
    2171      28.4682
    2172      28.5509
    2173      28.4892
    2174      28.3531
    2175      28.3657
    2176      28.4234
    2177      28.4710
    2178      28.4669
    2179      28.4306
    2180      28.5348
    2181      28.5114
    2182      28.4447
    2183      28.5313
    2184      28.5262
    2185      28.5006
    2186      28.3759
    2187      28.4682
    2188      28.3997
    2189      28.4366
    2190      28.5729
    2191      28.5673
    2192      28.5843
    2193      28.3544
    2194      28.4710
    2195      28.5860
    2196      28.5696
    2197      28.5821
    2198      28.4613
    2199      28.4679
    2200      28.3840
    2201      28.3546
    2202      28.3567
    2203      28.5513
    2204      28.3799
    2205      28.3782
    2206      28.3973
    2207      28.2405
    2208      28.3230
    2209      28.2610
    2210      28.4571
    2211      28.3892
    2212      28.4027
    2213      28.5396
    2214      28.5849
    2215      28.5411
    2216      28.5548
    2217      28.5163
    2218      28.5666
    2219      28.4847
    2220      28.5300
    2221      28.5298
    2222      28.4971
    2223      28.4322
    2224      28.4660
    2225      28.3381
    2226      28.4741
    2227      28.4555
    2228      28.4720
    2229      28.5277
    2230      28.4787
    2231      28.6126
    2232      28.5624
    2233      28.5353
    2234      28.6405
    2235      28.5849
    2236      28.4166
    2237      28.4660
    2238      28.3920
    2239      28.4277
    2240      28.3328
    2241      28.3315
    2242      28.3116
    2243      28.3999
    2244      28.4294
    2245      28.4255
    2246      28.3690
    2247      28.4343
    2248      28.3781
    2249      28.4482
    2250      28.3963
    2251      28.5124
    2252      28.3481
    2253      28.5248
    2254      28.3759
    2255      28.4140
    2256      28.3457
    2257      28.4149
    2258      28.3714
    2259      28.5519
    2260      28.4069
    2261      28.4468
    2262      28.5008
    2263      28.3770
    2264      28.4079
    2265      28.2363
    2266      28.3222
    2267      28.4099
    2268      28.3407
    2269      28.4014
    2270      28.3780
    2271      28.5421
    2272      28.6193
    2273      28.6139
    2274      28.6733
    2275      28.6100
    2276      28.5989
    2277      28.6801
    2278      28.5641
    2279      28.5202
    2280      28.5146
    2281      28.3852
    2282      28.5176
    2283      28.4308
    2284      28.4740
    2285      28.4594
    2286      28.4062
    2287      28.3684
    2288      28.3660
    2289      28.2670
    2290      28.2516
    2291      28.2811
    2292      28.4209
    2293      28.3718
    2294      28.3407
    2295      28.3625
    2296      28.3063
    2297      28.4976
    2298      28.4560
    2299      28.4081
    2300      28.4291
    2301      28.3401
    2302      28.4152
    2303      28.4621
    2304      28.5111
    2305      28.4285
    2306      28.2997
    2307      28.4103
    2308      28.4138
    2309      28.4274
    2310      28.5339
    2311      28.5220
    2312      28.4784
    2313      28.4986
    2314      28.4617
    2315      28.3821
    2316      28.3215
    2317      28.2186
    2318      28.2522
    2319      28.3096
    2320      28.3593
    2321      28.2267
    2322      28.2133
    2323      28.2181
    2324      28.1829
    2325      28.2212
    2326      28.3831
    2327      28.2380
    2328      28.4144
    2329      28.3521
    2330      28.3180
    2331      28.2518
    2332      28.1109
    2333      28.2778
    2334      28.2879
    2335      28.3225
    2336      28.3178
    2337      28.4688
    2338      28.4405
    2339      28.3400
    2340      28.3868
    2341      28.4213
    2342      28.3934
    2343      28.5199
    2344      28.4395
    2345      28.4178
    2346      28.4054
    2347      28.4160
    2348      28.4130
    2349      28.5087
    2350      28.5587
    2351      28.4698
    2352      28.4961
    2353      28.4040
    2354      28.4496
    2355      28.5865
    2356      28.5922
    2357      28.5040
    2358      28.4831
    2359      28.5398
    2360      28.5732
    2361      28.5261
    2362      28.4807
    2363      28.4013
    2364      28.4072
    2365      28.2896
    2366      28.4493
    2367      28.3800
    2368      28.3085
    2369      28.3263
    2370      28.3061
    2371      28.3811
    2372      28.2817
    2373      28.2799
    2374      28.2974
    2375      28.3157
    2376      28.2632
    2377      28.2943
    2378      28.3499
    2379      28.3380
    2380      28.3662
    2381      28.4341
    2382      28.3419
    2383      28.3202
    2384      28.2273
    2385      28.2425
    2386      28.2910
    2387      28.3551
    2388      28.3215
    2389      28.3175
    2390      28.2438
    2391      28.1672
    2392      28.2741
    2393      28.2390
    2394      28.2259
    2395      28.1593
    2396      28.2103
    2397      28.1314
    2398      28.2109
    2399      28.2510
    2400      28.2586
    2401      28.3098
    2402      28.2387
    2403      28.3850
    2404      28.2651
    2405      28.3482
    2406      28.2991
    2407      28.3184
    2408      28.3692
    2409      28.2957
    2410      28.2740
    2411      28.3527
    2412      28.2703
    2413      28.3273
    2414      28.3407
    2415      28.3155
    2416      28.2887
    2417      28.1542
    2418      28.1645
    2419      28.2559
    2420      28.3563
    2421      28.4538
    2422      28.3120
    2423      28.2554
    2424      28.3555
    2425      28.2988
    2426      28.2659
    2427      28.3362
    2428      28.3504
    2429      28.2074
    2430      28.2746
    2431      28.2241
    2432      28.1543
    2433      28.1462
    2434      28.2036
    2435      28.3843
    2436      28.4449
    2437      28.4020
    2438      28.3897
    2439      28.3716
    2440      28.4055
    2441      28.4589
    2442      28.3649
    2443      28.4149
    2444      28.4360
    2445      28.3253
    2446      28.3235
    2447      28.3531
    2448      28.3785
    2449      28.4432
    2450      28.4469
    2451      28.3775
    2452      28.4054
    2453      28.2303
    2454      28.4045
    2455      28.4775
    2456      28.3084
    2457      28.3482
    2458      28.3593
    2459      28.4349
    2460      28.4361
    2461      28.3481
    2462      28.3763
    2463      28.4262
    2464      28.5345
    2465      28.3734
    2466      28.4078
    2467      28.4516
    2468      28.3965
    2469      28.3907
    2470      28.3892
    2471      28.3491
    2472      28.4425
    2473      28.3962
    2474      28.3724
    2475      28.2481
    2476      28.3271
    2477      28.3164
    2478      28.3655
    2479      28.3509
    2480      28.3558
    2481      28.2063
    2482      28.1807
    2483      28.2956
    2484      28.3309
    2485      28.3835
    2486      28.1683
    2487      28.3180
    2488      28.3233
    2489      28.2694
    2490      28.2301
    2491      28.1911
    2492      28.1818
    2493      28.1458
    2494      28.1477
    2495      28.1923
    2496      28.2308
    2497      28.3179
    2498      28.2211
    2499      28.2632
    2500      28.3942
    2501      28.3275
    2502      28.4411
    2503      28.3682
    2504      28.3384
    2505      28.4767
    2506      28.3525
    2507      28.3707
    2508      28.4212
    2509      28.4767
    2510      28.3643
    2511      28.3530
    2512      28.3616
    2513      28.3954
    2514      28.3380
    2515      28.4771
    2516      28.4145
    2517      28.3753
    2518      28.4736
    2519      28.4496
    2520      28.5187
    2521      28.4998
    2522      28.3816
    2523      28.4029
    2524      28.4712
    2525      28.3809
    2526      28.4147
    2527      28.3831
    2528      28.3500
    2529      28.3926
    2530      28.3863
    2531      28.4272
    2532      28.2766
    2533      28.3709
    2534      28.3618
    2535      28.3511
    2536      28.2855
    2537      28.3076
    2538      28.2673
    2539      28.2649
    2540      28.3000
    2541      28.3389
    2542      28.4600
    2543      28.4141
    2544      28.4286
    2545      28.4562
    2546      28.4468
    2547      28.4348
    2548      28.3934
    2549      28.5894
    2550      28.6121
    2551      28.4625
    2552      28.3337
    2553      28.3806
    2554      28.3046
    2555      28.4329
    2556      28.4419
    2557      28.2838
    2558      28.3715
    2559      28.2978
    2560      28.2910
    2561      28.3294
    2562      28.2420
    2563      28.3445
    2564      28.2447
    2565      28.1641
    2566      28.1710
    2567      28.2423
    2568      28.2812
    2569      28.3251
    2570      28.2992
    2571      28.2283
    2572      28.2944
    2573      28.2374
    2574      28.2424
    2575      28.1418
    2576      28.1496
    2577      28.2301
    2578      28.3195
    2579      28.3373
    2580      28.3086
    2581      28.3724
    2582      28.2567
    2583      28.3499
    2584      28.2605
    2585      28.3598
    2586      28.3046
    2587      28.3714
    2588      28.3812
    2589      28.4471
    2590      28.3293
    2591      28.3902
    2592      28.3729
    2593      28.2960
    2594      28.3353
    2595      28.4150
    2596      28.3977
    2597      28.2245
    2598      28.2706
    2599      28.2521
    2600      28.2644
    2601      28.3049
    2602      28.2805
    2603      28.3477
    2604      28.4843
    2605      28.3245
    2606      28.3750
    2607      28.3789
    2608      28.3652
    2609      28.3114
    2610      28.2880
    2611      28.3368
    2612      28.2830
    2613      28.3894
    2614      28.3246
    2615      28.2653
    2616      28.4635
    2617      28.4036
    2618      28.3085
    2619      28.3479
    2620      28.3756
    2621      28.2450
    2622      28.3457
    2623      28.3632
    2624      28.3886
    2625      28.3337
    2626      28.2485
    2627      28.2257
    2628      28.1400
    2629      28.1763
    2630      28.1996
    2631      28.2344
    2632      28.2804
    2633      28.2618
    2634      28.3118
    2635      28.1384
    2636      28.1632
    2637      28.1819
    2638      28.2498
    2639      28.2398
    2640      28.2504
    2641      28.1717
    2642      28.1452
    2643      28.2125
    2644      28.3439
    2645      28.3291
    2646      28.1885
    2647      28.1688
    2648      28.1013
    2649      28.1210
    2650      28.1272
    2651      28.1358
    2652      28.2834
    2653      28.3141
    2654      28.1724
    2655      28.2561
    2656      28.1871
    2657      28.2754
    2658      28.2884
    2659      28.3889
    2660      28.2855
    2661      28.2965
    2662      28.3691
    2663      28.3798
    2664      28.1961
    2665      28.2201
    2666      28.2542
    2667      28.2343
    2668      28.1923
    2669      28.1787
    2670      28.1519
    2671      28.0769
    2672      28.1024
    2673      28.0604
    2674      28.1176
    2675      28.0916
    2676      28.1158
    2677      28.1085
    2678      28.1304
    2679      28.1864
    2680      28.0988
    2681      28.0841
    2682      28.0830
    2683      28.1466
    2684      28.0495
    2685      28.1646
    2686      28.1814
    2687      28.1496
    2688      28.2043
    2689      28.1947
    2690      28.2857
    2691      28.2766
    2692      28.3677
    2693      28.3310
    2694      28.3685
    2695      28.3678
    2696      28.4226
    2697      28.3491
    2698      28.3673
    2699      28.3795
    2700      28.3425
    2701      28.1860
    2702      28.2177
    2703      28.2850
    2704      28.3219
    2705      28.2245
    2706      28.2789
    2707      28.2247
    2708      28.2731
    2709      28.3374
    2710      28.3377
    2711      28.3335
    2712      28.3074
    2713      28.3015
    2714      28.2612
    2715      28.3360
    2716      28.3343
    2717      28.2635
    2718      28.2088
    2719      28.2623
    2720      28.2134
    2721      28.1198
    2722      28.1085
    2723      28.0985
    2724      28.1177
    2725      28.1746
    2726      28.1847
    2727      28.1091
    2728      28.2309
    2729      28.1255
    2730      28.1801
    2731      28.1515
    2732      28.1893
    2733      28.1145
    2734      27.9850
    2735      28.0283
    2736      28.0782
    2737      28.2067
    2738      28.2781
    2739      28.2463
    2740      28.2582
    2741      28.2989
    2742      28.3117
    2743      28.3553
    2744      28.2703
    2745      28.2067
    2746      28.1543
    2747      28.1839
    2748      28.2454
    2749      28.1257
    2750      28.2039
    2751      28.2670
    2752      28.3455
    2753      28.3134
    2754      28.3357
    2755      28.3064
    2756      28.2608
    2757      28.2252
    2758      28.1865
    2759      28.1773
    2760      28.1747
    2761      28.1974
    2762      28.2147
    2763      28.2918
    2764      28.3123
    2765      28.3163
    2766      28.2680
    2767      28.4081
    2768      28.4507
    2769      28.4447
    2770      28.5097
    2771      28.3903
    2772      28.5004
    2773      28.4291
    2774      28.4620
    2775      28.5893
    2776      28.4087
    2777      28.4022
    2778      28.4586
    2779      28.3561
    2780      28.4162
    2781      28.4006
    2782      28.4041
    2783      28.2981
    2784      28.3061
    2785      28.2841
    2786      28.2444
    2787      28.2945
    2788      28.3091
    2789      28.2986
    2790      28.3733
    2791      28.4167
    2792      28.3882
    2793      28.4426
    2794      28.3972
    2795      28.4458
    2796      28.5471
    2797      28.4316
    2798      28.3114
    2799      28.3654
    2800      28.2967
    2801      28.3224
    2802      28.3542
    2803      28.3865
    2804      28.3434
    2805      28.3445
    2806      28.4041
    2807      28.4060
    2808      28.4321
    2809      28.2849
    2810      28.4143
    2811      28.3878
    2812      28.4533
    2813      28.4367
    2814      28.4509
    2815      28.4995
    2816      28.4093
    2817      28.3672
    2818      28.3938
    2819      28.4774
    2820      28.4043
    2821      28.3669
    2822      28.3831
    2823      28.4639
    2824      28.3947
    2825      28.4715
    2826      28.4203
    2827      28.3791
    2828      28.3497
    2829      28.3874
    2830      28.2448
    2831      28.3831
    2832      28.3934
    2833      28.4076
    2834      28.3193
    2835      28.3095
    2836      28.3333
    2837      28.2385
    2838      28.2535
    2839      28.3089
    2840      28.3211
    2841      28.2625
    2842      28.3502
    2843      28.3577
    2844      28.2855
    2845      28.3448
    2846      28.3256
    2847      28.3765
    2848      28.3148
    2849      28.3492
    2850      28.3685
    2851      28.4039
    2852      28.2906
    2853      28.2688
    2854      28.2755
    2855      28.2534
    2856      28.2529
    2857      28.2428
    2858      28.2590
    2859      28.2215
    2860      28.3130
    2861      28.2698
    2862      28.3089
    2863      28.2576
    2864      28.2454
    2865      28.2775
    2866      28.4467
    2867      28.3349
    2868      28.3265
    2869      28.2667
    2870      28.1977
    2871      28.2379
    2872      28.3272
    2873      28.2744
    2874      28.3058
    2875      28.2482
    2876      28.1232
    2877      28.1957
    2878      28.2942
    2879      28.2324
    2880      28.2692
    2881      28.2223
    2882      28.1527
    2883      28.0590
    2884      28.0346
    2885      28.1465
    2886      28.0010
    2887      27.9902
    2888      28.0365
    2889      28.0891
    2890      28.1208
    2891      28.1413
    2892      28.0872
    2893      28.0935
    2894      27.9866
    2895      28.0996
    2896      28.1279
    2897      28.0868
    2898      28.0061
    2899      28.0732
    2900      28.1460
    2901      28.1531
    2902      28.1545
    2903      28.1663
    2904      28.1982
    2905      28.1394
    2906      28.2180
    2907      28.2278
    2908      28.2989
    2909      28.3899
    2910      28.3751
    2911      28.3739
    2912      28.3012
    2913      28.3081
    2914      28.3793
    2915      28.2781
    2916      28.2326
    2917      28.3158
    2918      28.2926
    2919      28.1710
    2920      28.1981
    2921      28.2277
    2922      28.2237
    2923      28.1806
    2924      28.2605
    2925      28.1170
    2926      28.0299
    2927      28.1709
    2928      28.1431
    2929      28.1346
    2930      28.2165
    2931      28.2240
    2932      28.2987
    2933      28.3755
    2934      28.2550
    2935      28.2426
    2936      28.3442
    2937      28.3264
    2938      28.2957
    2939      28.2310
    2940      28.2686
    2941      28.2642
    2942      28.2088
    2943      28.2412
    2944      28.3250
    2945      28.2038
    2946      28.1514
    2947      28.2358
    2948      28.2806
    2949      28.2127
    2950      28.1202
    2951      28.0702
    2952      28.1560
    2953      28.1483
    2954      28.2060
    2955      28.2588
    2956      28.2524
    2957      28.0259
    2958      28.0791
    2959      28.1299
    2960      28.1472
    2961      28.1464
    2962      28.1010
    2963      28.1337
    2964      28.2568
    2965      28.2051
    2966      28.0826
    2967      28.0725
    2968      28.1021
    2969      28.1386
    2970      28.2060
    2971      28.1539
    2972      28.1915
    2973      28.2397
    2974      28.2117
    2975      28.2112
    2976      28.2638
    2977      28.2509
    2978      28.2796
    2979      28.3169
    2980      28.2871
    2981      28.1930
    2982      28.3856
    2983      28.2896
    2984      28.3054
    2985      28.2875
    2986      28.2289
    2987      28.3287
    2988      28.3515
    2989      28.4042
    2990      28.3062
    2991      28.3450
    2992      28.3830
    2993      28.3679
    2994      28.4862
    2995      28.3485
    2996      28.4237
    2997      28.4479
    2998      28.4833
    2999      28.4128
    3000      28.3184
    3001      28.4051
    3002      28.4327
    3003      28.5633
    3004      28.4423
    3005      28.3806
    3006      28.3443
    3007      28.4638
    3008      28.4026
    3009      28.4344
    3010      28.3065
    3011      28.4654
    3012      28.3531
    3013      28.3069
    3014      28.3364
    3015      28.2387
    3016      28.2724
    3017      28.2915
    3018      28.4745
    3019      28.3138
    3020      28.3289
    3021      28.2533
    3022      28.2332
    3023      28.2931
    3024      28.2395
    3025      28.2854
    3026      28.3510
    3027      28.3086
    3028      28.3215
    3029      28.2738
    3030      28.3072
    3031      28.3209
    3032      28.1798
    3033      28.3121
    3034      28.4435
    3035      28.3101
    3036      28.2992
    3037      28.1959
    3038      28.0579
    3039      28.1135
    3040      28.0446
    3041      28.0783
    3042      28.1520
    3043      28.2261
    3044      28.1592
    3045      28.2971
    3046      28.2582
    3047      28.2803
    3048      28.3458
    3049      28.3466
    3050      28.2991
    3051      28.2757
    3052      28.3545
    3053      28.3814
    3054      28.2690
    3055      28.3559
    3056      28.2273
    3057      28.2313
    3058      28.3743
    3059      28.4502
    3060      28.3600
    3061      28.3678
    3062      28.3876
    3063      28.4222
    3064      28.4067
    3065      28.2580
    3066      28.2446
    3067      28.2157
    3068      28.1903
    3069      28.1554
    3070      28.1567
    3071      28.2440
    3072      28.2721
    3073      28.2963
    3074      28.3246
    3075      28.4209
    3076      28.2484
    3077      28.3986
    3078      28.3251
    3079      28.3916
    3080      28.3682
    3081      28.3251
    3082      28.3398
    3083      28.3582
    3084      28.3136
    3085      28.3329
    3086      28.3069
    3087      28.2905
    3088      28.2925
    3089      28.3020
    3090      28.1611
    3091      28.2136
    3092      28.2405
    3093      28.2332
    3094      28.2993
    3095      28.2251
    3096      28.2212
    3097      28.3550
    3098      28.2723
    3099      28.1960
    3100      28.2208
    3101      28.1575
    3102      28.3151
    3103      28.3139
    3104      28.2991
    3105      28.4785
    3106      28.3918
    3107      28.4352
    3108      28.3162
    3109      28.3289
    3110      28.2844
    3111      28.3316
    3112      28.1340
    3113      28.1472
    3114      28.1758
    3115      28.0998
    3116      28.2672
    3117      28.2515
    3118      28.2121
    3119      28.1550
    3120      28.0504
    3121      28.1794
    3122      28.1510
    3123      28.1437
    3124      28.1174
    3125      28.1284
    3126      28.1548
    3127      28.1574
    3128      28.1851
    3129      28.2867
    3130      28.2318
    3131      28.3023
    3132      28.2568
    3133      28.1075
    3134      28.1064
    3135      28.1887
    3136      28.2868
    3137      28.1958
    3138      28.2346
    3139      28.2784
    3140      28.1235
    3141      28.0034
    3142      28.0882
    3143      28.1827
    3144      28.0952
    3145      28.2455
    3146      28.2268
    3147      28.1836
    3148      28.2671
    3149      28.2726
    3150      28.3182
    3151      28.2793
    3152      28.2531
    3153      28.3812
    3154      28.3928
    3155      28.2638
    3156      28.3312
    3157      28.3604
    3158      28.3670
    3159      28.4436
    3160      28.5680
    3161      28.4017
    3162      28.4391
    3163      28.3053
    3164      28.2401
    3165      28.3015
    3166      28.3475
    3167      28.4558
    3168      28.3356
    3169      28.2639
    3170      28.3504
    3171      28.2808
    3172      28.3296
    3173      28.3804
    3174      28.4328
    3175      28.4017
    3176      28.3427
    3177      28.3115
    3178      28.3215
    3179      28.2555
    3180      28.2904
    3181      28.1829
    3182      28.2240
    3183      28.2102
    3184      28.2665
    3185      28.2734
    3186      28.2158
    3187      28.2772
    3188      28.2472
    3189      28.3159
    3190      28.2731
    3191      28.2834
    3192      28.2452
    3193      28.1641
    3194      28.1804
    3195      28.3352
    3196      28.2779
    3197      28.2151
    3198      28.2170
    3199      28.2673
    3200      28.2562
    3201      28.4071
    3202      28.2932
    3203      28.3183
    3204      28.2620
    3205      28.1986
    3206      28.3185
    3207      28.3049
    3208      28.3145
    3209      28.3526
    3210      28.3632
    3211      28.2022
    3212      28.3123
    3213      28.3764
    3214      28.4011
    3215      28.4046
    3216      28.3683
    3217      28.4212
    3218      28.3798
    3219      28.3084
    3220      28.3928
    3221      28.2780
    3222      28.1662
    3223      28.2641
    3224      28.2508
    3225      28.2709
    3226      28.2172
    3227      28.2214
    3228      28.3027
    3229      28.4045
    3230      28.2830
    3231      28.4189
    3232      28.4360
    3233      28.4535
    3234      28.4267
    3235      28.2928
    3236      28.2928
    3237      28.3695
    3238      28.2801
    3239      28.2402
    3240      28.3440
    3241      28.2927
    3242      28.1791
    3243      28.1215
    3244      28.2200
    3245      28.2216
    3246      28.2806
    3247      28.2241
    3248      28.2824
    3249      28.3654
    3250      28.2514
    3251      28.3283
    3252      28.3327
    3253      28.2527
    3254      28.2339
    3255      28.2050
    3256      28.1933
    3257      28.1563
    3258      28.3015
    3259      28.2885
    3260      28.3203
    3261      28.2486
    3262      28.3054
    3263      28.3462
    3264      28.2553
    3265      28.3504
    3266      28.4317
    3267      28.3953
    3268      28.3732
    3269      28.3803
    3270      28.4618
    3271      28.4083
    3272      28.3253
    3273      28.3276
    3274      28.2042
    3275      28.1398
    3276      28.2338
    3277      28.2246
    3278      28.2619
    3279      28.1665
    3280      28.1694
    3281      28.2536
    3282      28.3295
    3283      28.3559
    3284      28.2828
    3285      28.3159
    3286      28.2944
    3287      28.3017
    3288      28.2205
    3289      28.1896
    3290      28.2098
    3291      28.1603
    3292      28.2137
    3293      28.0827
    3294      28.2288
    3295      28.1304
    3296      28.1111
    3297      28.0681
    3298      28.0530
    3299      28.0546
    3300      28.0212
    3301      28.1051
    3302      27.9977
    3303      28.0280
    3304      27.9246
    3305      28.0762
    3306      28.0453
    3307      28.0457
    3308      28.0617
    3309      28.0754
    3310      28.1009
    3311      28.2096
    3312      28.1676
    3313      28.1772
    3314      28.1130
    3315      28.1021
    3316      28.1739
    3317      28.0067
    3318      28.0108
    3319      28.0129
    3320      28.0687
    3321      28.1330
    3322      28.0721
    3323      28.0961
    3324      28.0861
    3325      28.1628
    3326      28.1644
    3327      28.1119
    3328      28.2499
    3329      28.1425
    3330      28.1082
    3331      28.0734
    3332      28.0667
    3333      27.9895
    3334      28.0774
    3335      28.2360
    3336      28.1109
    3337      28.2289
    3338      28.2661
    3339      28.2689
    3340      28.2467
    3341      28.1887
    3342      28.1813
    3343      28.1904
    3344      28.1675
    3345      28.1110
    3346      28.1399
    3347      28.1529
    3348      28.1438
    3349      28.2571
    3350      28.3763
    3351      28.3101
    3352      28.2971
    3353      28.3219
    3354      28.2172
    3355      28.3441
    3356      28.3039
    3357      28.3972
    3358      28.4276
    3359      28.3479
    3360      28.2922
    3361      28.2865
    3362      28.2418
    3363      28.2277
    3364      28.3041
    3365      28.2771
    3366      28.3156
    3367      28.2794
    3368      28.2970
    3369      28.2620
    3370      28.3709
    3371      28.4325
    3372      28.3511
    3373      28.2907
    3374      28.2815
    3375      28.2245
    3376      28.0360
    3377      28.1893
    3378      28.1546
    3379      28.1675
    3380      28.1949
    3381      28.1903
    3382      28.1169
    3383      28.1813
    3384      28.2973
    3385      28.2784
    3386      28.2340
    3387      28.0917
    3388      28.1650
    3389      28.1374
    3390      28.1474
    3391      28.1964
    3392      28.1151
    3393      28.1214
    3394      28.0811
    3395      28.0492
    3396      28.1030
    3397      28.1224
    3398      28.1705
    3399      28.1619
    3400      28.1336
    3401      28.1804
    3402      28.1129
    3403      28.1539
    3404      28.1769
    3405      28.0582
    3406      28.0504
    3407      28.1349
    3408      28.0142
    3409      28.1479
    3410      28.1056
    3411      28.0681
    3412      28.1234
    3413      28.2160
    3414      28.0673
    3415      28.1920
    3416      28.1666
    3417      28.0386
    3418      28.0546
    3419      28.1237
    3420      28.2048
    3421      28.2476
    3422      28.2004
    3423      28.0874
    3424      28.2085
    3425      28.2801
    3426      28.1986
    3427      28.1945
    3428      28.1220
    3429      28.1774
    3430      28.1945
    3431      28.0862
    3432      28.0906
    3433      28.1229
    3434      28.1988
    3435      28.2039
    3436      28.2893
    3437      28.2127
    3438      28.2269
    3439      28.3391
    3440      28.2258
    3441      28.1844
    3442      28.2579
    3443      28.1710
    3444      28.2523
    3445      28.3482
    3446      28.3702
    3447      28.4572
    3448      28.3987
    3449      28.4481
    3450      28.2882
    3451      28.3994
    3452      28.3199
    3453      28.2901
    3454      28.4270
    3455      28.3490
    3456      28.3272
    3457      28.3551
    3458      28.3792
    3459      28.4187
    3460      28.3716
    3461      28.4613
    3462      28.4472
    3463      28.5007
    3464      28.4725
    3465      28.3954
    3466      28.3688
    3467      28.2430
    3468      28.2704
    3469      28.2895
    3470      28.1879
    3471      28.2167
    3472      28.2700
    3473      28.2480
    3474      28.1249
    3475      28.1389
    3476      28.1487
    3477      28.2342
    3478      28.1299
    3479      28.1663
    3480      28.2396
    3481      28.1668
    3482      28.1576
    3483      28.1368
    3484      28.1325
    3485      28.0911
    3486      28.1765
    3487      28.1475
    3488      28.1623
    3489      28.2371
    3490      28.2113
    3491      28.1801
    3492      28.2428
    3493      28.2459
    3494      28.1450
    3495      28.2818
    3496      28.4154
    3497      28.3671
    3498      28.1612
    3499      28.1895
    3500      28.2863
    3501      28.1851
    3502      28.2929
    3503      28.2461
    3504      28.3230
    3505      28.3654
    3506      28.2981
    3507      28.3574
    3508      28.3407
    3509      28.3618
    3510      28.3734
    3511      28.3943
    3512      28.2077
    3513      28.2264
    3514      28.1854
    3515      28.3303
    3516      28.3720
    3517      28.4545
    3518      28.4787
    3519      28.4535
    3520      28.4557
    3521      28.5000
    3522      28.3450
    3523      28.4338
    3524      28.4617
    3525      28.4780
    3526      28.4396
    3527      28.4975
    3528      28.6124
    3529      28.4744
    3530      28.4481
    3531      28.4260
    3532      28.4370
    3533      28.3798
    3534      28.4787
    3535      28.3871
    3536      28.4685
    3537      28.3812
    3538      28.3916
    3539      28.4119
    3540      28.4916
    3541      28.5036
    3542      28.5096
    3543      28.5055
    3544      28.4668
    3545      28.4192
    3546      28.4209
    3547      28.4899
    3548      28.4242
    3549      28.4943
    3550      28.4864
    3551      28.3581
    3552      28.3484
    3553      28.3967
    3554      28.4231
    3555      28.3908
    3556      28.4777
    3557      28.4849
    3558      28.2893
    3559      28.2680
    3560      28.2529
    3561      28.2969
    3562      28.3717
    3563      28.4589
    3564      28.4247
    3565      28.4723
    3566      28.4059
    3567      28.3359
    3568      28.2696
    3569      28.2969
    3570      28.1674
    3571      28.2043
    3572      28.2952
    3573      28.3051
    3574      28.2743
    3575      28.3617
    3576      28.2922
    3577      28.3252
    3578      28.2055
    3579      28.3320
    3580      28.3349
    3581      28.3712
    3582      28.4516
    3583      28.3938
    3584      28.4759
    3585      28.3785
    3586      28.3337
    3587      28.3786
    3588      28.4130
    3589      28.4842
    3590      28.4999
    3591      28.3652
    3592      28.4768
    3593      28.5426
    3594      28.5049
    3595      28.3594
    3596      28.3574
    3597      28.4609
    3598      28.4057
    3599      28.2492
    3600      28.2466
    3601      28.1761
    3602      28.3090
    3603      28.3461
    3604      28.2336
    3605      28.2596
    3606      28.1996
    3607      28.2082
    3608      28.3109
    3609      28.3564
    3610      28.2706
    3611      28.2648
    3612      28.2001
    3613      28.2369
    3614      28.1935
    3615      28.1720
    3616      28.2092
    3617      28.2022
    3618      28.2003
    3619      28.3040
    3620      28.1306
    3621      28.1588
    3622      28.1538
    3623      28.1111
    3624      28.1717
    3625      28.2499
    3626      28.1638
    3627      28.2130
    3628      28.2434
    3629      28.3579
    3630      28.2843
    3631      28.2495
    3632      28.2648
    3633      28.2772
    3634      28.2775
    3635      28.2928
    3636      28.2387
    3637      28.2886
    3638      28.2524
    3639      28.3806
    3640      28.3667
    3641      28.3794
    3642      28.2938
    3643      28.3287
    3644      28.3403
    3645      28.3733
    3646      28.3280
    3647      28.3501
    3648      28.1859
    3649      28.1482
    3650      28.2664
    3651      28.2066
    3652      28.3014
    3653      28.2758
    3654      28.2513
    3655      28.4087
    3656      28.3094
    3657      28.2234
    3658      28.3605
    3659      28.2900
    3660      28.2134
    3661      28.2272
    3662      28.2473
    3663      28.3251
    3664      28.2956
    3665      28.2388
    3666      28.1962
    3667      28.1410
    3668      28.1897
    3669      28.2059
    3670      28.1544
    3671      28.2221
    3672      28.2140
    3673      28.1531
    3674      28.1790
    3675      28.2133
    3676      28.2182
    3677      28.2295
    3678      28.2962
    3679      28.2416
    3680      28.2325
    3681      28.3252
    3682      28.2840
    3683      28.2238
    3684      28.2147
    3685      28.2361
    3686      28.2326
    3687      28.2178
    3688      28.2862
    3689      28.2936
    3690      28.2624
    3691      28.2342
    3692      28.2108
    3693      28.3148
    3694      28.3095
    3695      28.2501
    3696      28.2687
    3697      28.3177
    3698      28.2939
    3699      28.3837
    3700      28.4523
    3701      28.4415
    3702      28.3601
    3703      28.3687
    3704      28.3938
    3705      28.2698
    3706      28.2399
    3707      28.2019
    3708      28.2562
    3709      28.2670
    3710      28.0728
    3711      28.0853
    3712      28.1025
    3713      28.1749
    3714      28.2298
    3715      28.2246
    3716      28.2527
    3717      28.2175
    3718      28.2836
    3719      28.1129
    3720      28.1797
    3721      28.2014
    3722      28.3653
    3723      28.3237
    3724      28.2962
    3725      28.2762
    3726      28.3570
    3727      28.1913
    3728      28.1474
    3729      28.1782
    3730      28.1091
    3731      28.0540
    3732      28.0672
    3733      28.0378
    3734      28.0132
    3735      27.9919
    3736      28.0647
    3737      28.0485
    3738      28.1361
    3739      28.0650
    3740      28.0593
    3741      28.0986
    3742      28.1370
    3743      28.2301
    3744      28.2049
    3745      28.2139
    3746      28.1829
    3747      28.2804
    3748      28.2336
    3749      28.2448
    3750      28.2473
    3751      28.2422
    3752      28.3377
    3753      28.1891
    3754      28.1871
    3755      28.3221
    3756      28.2663
    3757      28.2542
    3758      28.3519
    3759      28.2596
    3760      28.2303
    3761      28.1944
    3762      28.3019
    3763      28.3268
    3764      28.3909
    3765      28.4763
    3766      28.2760
    3767      28.2723
    3768      28.3235
    3769      28.2419
    3770      28.2135
    3771      28.2208
    3772      28.2676
    3773      28.2075
    3774      28.2811
    3775      28.3111
    3776      28.2719
    3777      28.2780
    3778      28.2777
    3779      28.3082
    3780      28.3297
    3781      28.3554
    3782      28.3550
    3783      28.3942
    3784      28.3786
    3785      28.3709
    3786      28.2662
    3787      28.3375
    3788      28.3832
    3789      28.4041
    3790      28.4309
    3791      28.5442
    3792      28.4800
    3793      28.4854
    3794      28.3987
    3795      28.4010
    3796      28.4957
    3797      28.4430
    3798      28.3804
    3799      28.4281
    3800      28.4875
    3801      28.4904
    3802      28.4624
    3803      28.3303
    3804      28.3616
    3805      28.2903
    3806      28.2349
    3807      28.2621
    3808      28.3008
    3809      28.3791
    3810      28.2519
    3811      28.3611
    3812      28.4449
    3813      28.4212
    3814      28.4220
    3815      28.2665
    3816      28.4096
    3817      28.2977
    3818      28.2012
    3819      28.3393
    3820      28.3160
    3821      28.4077
    3822      28.4132
    3823      28.4030
    3824      28.4119
    3825      28.3499
    3826      28.3312
    3827      28.3675
    3828      28.5210
    3829      28.3501
    3830      28.4532
    3831      28.3852
    3832      28.3484
    3833      28.4332
    3834      28.4298
    3835      28.4839
    3836      28.3928
    3837      28.3306
    3838      28.2792
    3839      28.2332
    3840      28.2828
    3841      28.3620
    3842      28.2043
    3843      28.2840
    3844      28.3442
    3845      28.4090
    3846      28.2893
    3847      28.2920
    3848      28.3393
    3849      28.2763
    3850      28.3009
    3851      28.2382
    3852      28.2323
    3853      28.3345
    3854      28.3604
    3855      28.3363
    3856      28.3232
    3857      28.3733
    3858      28.4256
    3859      28.3819
    3860      28.3846
    3861      28.4875
    3862      28.4704
    3863      28.3859
    3864      28.4050
    3865      28.4532
    3866      28.5157
    3867      28.4152
    3868      28.4612
    3869      28.5228
    3870      28.4673
    3871      28.3771
    3872      28.4395
    3873      28.5605
    3874      28.4628
    3875      28.4833
    3876      28.4877
    3877      28.5120
    3878      28.6356
    3879      28.4724
    3880      28.4843
    3881      28.4091
    3882      28.4286
    3883      28.5172
    3884      28.4115
    3885      28.5397
    3886      28.4755
    3887      28.5398
    3888      28.4704
    3889      28.5003
    3890      28.4293
    3891      28.4142
    3892      28.4423
    3893      28.3594
    3894      28.3681
    3895      28.3344
    3896      28.3082
    3897      28.1408
    3898      28.3678
    3899      28.4008
    3900      28.5166
    3901      28.5282
    3902      28.5099
    3903      28.4228
    3904      28.3786
    3905      28.3748
    3906      28.2966
    3907      28.2934
    3908      28.2685
    3909      28.2730
    3910      28.3328
    3911      28.3335
    3912      28.4384
    3913      28.3632
    3914      28.3479
    3915      28.2687
    3916      28.3238
    3917      28.3526
    3918      28.3825
    3919      28.3708
    3920      28.2574
    3921      28.3153
    3922      28.3359
    3923      28.3832
    3924      28.4104
    3925      28.4199
    3926      28.3466
    3927      28.4272
    3928      28.5425
    3929      28.6065
    3930      28.5005
    3931      28.5487
    3932      28.5247
    3933      28.5847
    3934      28.4774
    3935      28.4375
    3936      28.4033
    3937      28.3461
    3938      28.3763
    3939      28.4612
    3940      28.3678
    3941      28.3002
    3942      28.3635
    3943      28.3971
    3944      28.2813
    3945      28.2507
    3946      28.3499
    3947      28.3441
    3948      28.2702
    3949      28.2406
    3950      28.2758
    3951      28.2747
    3952      28.3313
    3953      28.3983
    3954      28.4381
    3955      28.3922
    3956      28.2812
    3957      28.4404
    3958      28.4778
    3959      28.5054
    3960      28.4671
    3961      28.4095
    3962      28.3673
    3963      28.4180
    3964      28.4768
    3965      28.4443
    3966      28.3457
    3967      28.3150
    3968      28.3229
    3969      28.3577
    3970      28.3931
    3971      28.3852
    3972      28.4067
    3973      28.4160
    3974      28.4250
    3975      28.5668
    3976      28.4685
    3977      28.5163
    3978      28.5488
    3979      28.3970
    3980      28.5091
    3981      28.4533
    3982      28.4963
    3983      28.5466
    3984      28.5357
    3985      28.4644
    3986      28.5338
    3987      28.5502
    3988      28.4742
    3989      28.4472
    3990      28.4713
    3991      28.4527
    3992      28.3344
    3993      28.2331
    3994      28.3096
    3995      28.2945
    3996      28.2946
    3997      28.3334
    3998      28.4136
    3999      28.3791
    4000      28.4565
    4001      28.5128
    4002      28.4063
    4003      28.4243
    4004      28.5111
    4005      28.6293
    4006      28.5454
    4007      28.5029
    4008      28.4696
    4009      28.5112
    4010      28.4148
    4011      28.4841
    4012      28.4544
    4013      28.4993
    4014      28.5365
    4015      28.5151
    4016      28.5249
    4017      28.5186
    4018      28.4579
    4019      28.3887
    4020      28.3362
    4021      28.4859
    4022      28.5095
    4023      28.4589
    4024      28.5092
    4025      28.4449
    4026      28.3362
    4027      28.1914
    4028      28.3533
    4029      28.2058
    4030      28.1928
    4031      28.2821
    4032      28.3833
    4033      28.3626
    4034      28.3372
    4035      28.2698
    4036      28.2881
    4037      28.2585
    4038      28.2714
    4039      28.2230
    4040      28.2906
    4041      28.1884
    4042      28.2562
    4043      28.3645
    4044      28.3376
    4045      28.4003
    4046      28.4446
    4047      28.3913
    4048      28.2179
    4049      28.3749
    4050      28.3317
    4051      28.3884
    4052      28.3528
    4053      28.4183
    4054      28.3662
    4055      28.2759
    4056      28.3639
    4057      28.3872
    4058      28.3231
    4059      28.4183
    4060      28.3248
    4061      28.2726
    4062      28.2093
    4063      28.4082
    4064      28.3841
    4065      28.4613
    4066      28.3560
    4067      28.3116
    4068      28.3375
    4069      28.4211
    4070      28.4430
    4071      28.4790
    4072      28.5041
    4073      28.4109
    4074      28.3957
    4075      28.5020
    4076      28.4806
    4077      28.3595
    4078      28.4058
    4079      28.4244
    4080      28.3608
    4081      28.2669
    4082      28.2304
    4083      28.1629
    4084      28.3333
    4085      28.2420
    4086      28.2795
    4087      28.2688
    4088      28.2252
    4089      28.2015
    4090      28.2081
    4091      28.3161
    4092      28.2594
    4093      28.3670
    4094      28.2424
    4095      28.3151
    4096      28.3857
    4097      28.4445
    4098      28.3799
    4099      28.3431
    4100      28.3055
    4101      28.3525
    4102      28.3494
    4103      28.3155
    4104      28.3036
    4105      28.2704
    4106      28.1943
    4107      28.4250
    4108      28.4055
    4109      28.4238
    4110      28.3824
    4111      28.4070
    4112      28.3675
    4113      28.1958
    4114      28.2272
    4115      28.3877
    4116      28.3978
    4117      28.3666
    4118      28.3027
    4119      28.2368
    4120      28.1398
    4121      28.1797
    4122      28.0649
    4123      28.1366
    4124      28.1449
    4125      28.1784
    4126      28.1051
    4127      28.1845
    4128      28.2411
    4129      28.0811
    4130      28.1449
    4131      28.1308
    4132      28.1063
    4133      27.9609
    4134      28.0607
    4135      28.0875
    4136      28.1649
    4137      28.2949
    4138      28.2833
    4139      28.2630
    4140      28.2315
    4141      28.1937
    4142      28.1138
    4143      28.2349
    4144      28.1979
    4145      28.2142
    4146      28.2627
    4147      28.2676
    4148      28.2761
    4149      28.1863
    4150      28.2523
    4151      28.2339
    4152      28.2642
    4153      28.3188
    4154      28.2449
    4155      28.2170
    4156      28.2963
    4157      28.3098
    4158      28.3703
    4159      28.3385
    4160      28.3378
    4161      28.2693
    4162      28.3634
    4163      28.4036
    4164      28.3732
    4165      28.4547
    4166      28.4195
    4167      28.4767
    4168      28.3329
    4169      28.2709
    4170      28.3861
    4171      28.1884
    4172      28.2089
    4173      28.2236
    4174      28.2510
    4175      28.3057
    4176      28.2920
    4177      28.3207
    4178      28.3137
    4179      28.2965
    4180      28.2318
    4181      28.2652
    4182      28.1636
    4183      28.2439
    4184      28.2655
    4185      28.2083
    4186      28.2120
    4187      28.2521
    4188      28.3089
    4189      28.2250
    4190      28.3115
    4191      28.2976
    4192      28.2351
    4193      28.3339
    4194      28.3606
    4195      28.2684
    4196      28.2394
    4197      28.1272
    4198      28.2557
    4199      28.3361
    4200      28.3476
    4201      28.3006
    4202      28.1323
    4203      28.1961
    4204      28.2251
    4205      28.3098
    4206      28.1871
    4207      28.2849
    4208      28.1890
    4209      28.2931
    4210      28.3132
    4211      28.3144
    4212      28.3578
    4213      28.2668
    4214      28.3528
    4215      28.1672
    4216      28.2281
    4217      28.1769
    4218      28.2412
    4219      28.2388
    4220      28.1612
    4221      28.0875
    4222      28.1432
    4223      28.0874
    4224      28.1479
    4225      28.1523
    4226      28.0788
    4227      28.0820
    4228      28.1018
    4229      28.0731
    4230      28.0977
    4231      28.0009
    4232      28.1872
    4233      28.0822
    4234      28.2168
    4235      28.1668
    4236      28.0240
    4237      28.0414
    4238      28.0706
    4239      28.0740
    4240      28.1342
    4241      28.0515
    4242      28.1354
    4243      28.1573
    4244      28.1874
    4245      28.2473
    4246      28.2401
    4247      28.1370
    4248      28.2405
    4249      28.2454
    4250      28.3074
    4251      28.2385
    4252      28.1992
    4253      28.2074
    4254      28.1731
    4255      28.2051
    4256      28.2976
    4257      28.2529
    4258      28.3046
    4259      28.2879
    4260      28.3306
    4261      28.3164
    4262      28.2543
    4263      28.3894
    4264      28.4219
    4265      28.3637
    4266      28.3502
    4267      28.3363
    4268      28.3054
    4269      28.2668
    4270      28.3046
    4271      28.3833
    4272      28.2662
    4273      28.1821
    4274      28.2966
    4275      28.2945
    4276      28.2483
    4277      28.1781
    4278      28.2591
    4279      28.2359
    4280      28.2361
    4281      28.2351
    4282      28.3393
    4283      28.1671
    4284      28.1766
    4285      28.0534
    4286      28.1884
    4287      28.2098
    4288      28.3664
    4289      28.2941
    4290      28.2293
    4291      28.1665
    4292      28.2287
    4293      28.2988
    4294      28.4199
    4295      28.3220
    4296      28.4731
    4297      28.4196
    4298      28.4496
    4299      28.4164
    4300      28.3501
    4301      28.3444
    4302      28.3257
    4303      28.2744
    4304      28.2398
    4305      28.3149
    4306      28.1966
    4307      28.3462
    4308      28.2466
    4309      28.3289
    4310      28.4123
    4311      28.3906
    4312      28.3449
    4313      28.3104
    4314      28.3768
    4315      28.3152
    4316      28.3826
    4317      28.3386
    4318      28.3670
    4319      28.3598
    4320      28.2526
    4321      28.3762
    4322      28.3251
    4323      28.3389
    4324      28.4435
    4325      28.4322
    4326      28.4131
    4327      28.4110
    4328      28.2805
    4329      28.3627
    4330      28.3115
    4331      28.1516
    4332      28.3082
    4333      28.3219
    4334      28.3084
    4335      28.3767
    4336      28.3729
    4337      28.2960
    4338      28.4179
    4339      28.3658
    4340      28.2882
    4341      28.3549
    4342      28.3898
    4343      28.4048
    4344      28.3302
    4345      28.2368
    4346      28.2898
    4347      28.3730
    4348      28.2459
    4349      28.2486
    4350      28.1827
    4351      28.2567
    4352      28.3256
    4353      28.3105
    4354      28.2966
    4355      28.2415
    4356      28.2003
    4357      28.3220
    4358      28.2470
    4359      28.2791
    4360      28.3957
    4361      28.3472
    4362      28.2463
    4363      28.3286
    4364      28.2426
    4365      28.2326
    4366      28.3066
    4367      28.2842
    4368      28.2915
    4369      28.3472
    4370      28.3118
    4371      28.3194
    4372      28.3087
    4373      28.2069
    4374      28.2921
    4375      28.3677
    4376      28.3663
    4377      28.2953
    4378      28.2423
    4379      28.3477
    4380      28.3817
    4381      28.2768
    4382      28.3901
    4383      28.3220
    4384      28.3292
    4385      28.3522
    4386      28.3649
    4387      28.2149
    4388      28.3754
    4389      28.3989
    4390      28.3277
    4391      28.1513
    4392      28.2952
    4393      28.2154
    4394      28.2241
    4395      28.1673
    4396      28.2020
    4397      28.2097
    4398      28.2918
    4399      28.1974
    4400      28.3091
    4401      28.3151
    4402      28.1782
    4403      28.1716
    4404      28.2310
    4405      28.2337
    4406      28.3225
    4407      28.3362
    4408      28.2822
    4409      28.3454
    4410      28.3056
    4411      28.2251
    4412      28.1837
    4413      28.1962
    4414      28.2542
    4415      28.2047
    4416      28.2150
    4417      28.2605
    4418      28.2080
    4419      28.2210
    4420      28.1716
    4421      28.1722
    4422      28.2501
    4423      28.1811
    4424      28.2646
    4425      28.1541
    4426      28.2784
    4427      28.2199
    4428      28.2387
    4429      28.1020
    4430      28.2315
    4431      28.1793
    4432      28.1119
    4433      28.1348
    4434      28.1626
    4435      28.2771
    4436      28.1194
    4437      28.2601
    4438      28.1582
    4439      28.2107
    4440      28.1713
    4441      28.2237
    4442      28.1488
    4443      28.1977
    4444      28.1764
    4445      28.0095
    4446      28.1298
    4447      28.3251
    4448      28.2930
    4449      28.2889
    4450      28.2599
    4451      28.3387
    4452      28.3488
    4453      28.3325
    4454      28.3763
    4455      28.3465
    4456      28.4680
    4457      28.3331
    4458      28.3869
    4459      28.3988
    4460      28.3908
    4461      28.2566
    4462      28.3969
    4463      28.3443
    4464      28.3509
    4465      28.3118
    4466      28.3144
    4467      28.3388
    4468      28.4114
    4469      28.2704
    4470      28.3136
    4471      28.3179
    4472      28.2785
    4473      28.2347
    4474      28.2537
    4475      28.2528
    4476      28.3576
    4477      28.3580
    4478      28.3970
    4479      28.3803
    4480      28.3248
    4481      28.4174
    4482      28.3065
    4483      28.2879
    4484      28.3457
    4485      28.3629
    4486      28.3537
    4487      28.2146
    4488      28.3020
    4489      28.2188
    4490      28.3228
    4491      28.2633
    4492      28.3058
    4493      28.2738
    4494      28.1702
    4495      28.1774
    4496      28.2805
    4497      28.3373
    4498      28.2799
    4499      28.3036
    4500      28.2166
    4501      28.2123
    4502      28.1521
    4503      28.1305
    4504      28.2138
    4505      28.0738
    4506      28.0524
    4507      27.9988
    4508      28.0094
    4509      28.1196
    4510      28.0421
    4511      28.1068
    4512      28.1434
    4513      28.1618
    4514      28.2314
    4515      28.1849
    4516      28.2336
    4517      28.1894
    4518      28.2779
    4519      28.2554
    4520      28.2141
    4521      28.1761
    4522      28.2759
    4523      28.3815
    4524      28.2609
    4525      28.3453
    4526      28.3251
    4527      28.3633
    4528      28.3544
    4529      28.4011
    4530      28.3939
    4531      28.2667
    4532      28.3957
    4533      28.2963
    4534      28.3872
    4535      28.3044
    4536      28.3276
    4537      28.2302
    4538      28.2379
    4539      28.3068
    4540      28.1799
    4541      28.2220
    4542      28.1818
    4543      28.2558
    4544      28.1953
    4545      28.2115
    4546      28.2640
    4547      28.1069
    4548      28.2672
    4549      28.2042
    4550      28.2410
    4551      28.1120
    4552      28.1822
    4553      28.1210
    4554      28.0701
    4555      28.1230
    4556      28.1206
    4557      28.2427
    4558      28.2354
    4559      28.3532
    4560      28.2234
    4561      28.1559
    4562      28.1614
    4563      28.2421
    4564      28.2109
    4565      28.2195
    4566      28.2028
    4567      28.2805
    4568      28.2733
    4569      28.1666
    4570      28.1961
    4571      28.1421
    4572      28.2061
    4573      28.1692
    4574      28.2028
    4575      28.1798
    4576      28.1491
    4577      28.2054
    4578      28.1673
    4579      28.1705
    4580      28.1050
    4581      28.1359
    4582      28.1924
    4583      28.2209
    4584      28.1257
    4585      28.0686
    4586      28.2126
    4587      28.1662
    4588      28.1892
    4589      28.1492
    4590      28.1007
    4591      28.1038
    4592      28.1550
    4593      28.0828
    4594      28.1515
    4595      28.1205
    4596      28.2148
    4597      28.2408
    4598      28.2585
    4599      28.2799
    4600      28.1964
    4601      28.1810
    4602      28.2879
    4603      28.3016
    4604      28.1591
    4605      28.2002
    4606      28.1976
    4607      28.1692
    4608      28.2264
    4609      28.3227
    4610      28.2342
    4611      28.1918
    4612      28.3160
    4613      28.2833
    4614      28.2579
    4615      28.2018
    4616      28.2119
    4617      28.1410
    4618      28.2115
    4619      28.2758
    4620      28.2276
    4621      28.2998
    4622      28.2649
    4623      28.2984
    4624      28.3599
    4625      28.3641
    4626      28.3020
    4627      28.2965
    4628      28.2922
    4629      28.3379
    4630      28.2724
    4631      28.4183
    4632      28.4407
    4633      28.4724
    4634      28.3609
    4635      28.3459
    4636      28.4080
    4637      28.3996
    4638      28.4438
    4639      28.4322
    4640      28.3997
    4641      28.3755
    4642      28.4974
    4643      28.4673
    4644      28.3850
    4645      28.3273
    4646      28.3347
    4647      28.3463
    4648      28.3339
    4649      28.2882
    4650      28.2738
    4651      28.1657
    4652      28.3199
    4653      28.1814
    4654      28.2627
    4655      28.2758
    4656      28.2099
    4657      28.2395
    4658      28.2419
    4659      28.3028
    4660      28.3765
    4661      28.3126
    4662      28.4026
    4663      28.3075
    4664      28.2472
    4665      28.2786
    4666      28.1869
    4667      28.2160
    4668      28.1842
    4669      28.2351
    4670      28.2294
    4671      28.2702
    4672      28.2432
    4673      28.2717
    4674      28.2673
    4675      28.3391
    4676      28.1773
    4677      28.0906
    4678      28.1534
    4679      28.1593
    4680      28.1620
    4681      28.1691
    4682      28.1961
    4683      28.0525
    4684      28.1934
    4685      28.2043
    4686      28.2176
    4687      28.2389
    4688      28.2945
    4689      28.1246
    4690      28.1615
    4691      28.1768
    4692      28.1553
    4693      28.1652
    4694      28.1567
    4695      28.1001
    4696      28.1102
    4697      28.1361
    4698      28.1143
    4699      28.1290
    4700      28.0223
    4701      28.0360
    4702      28.0864
    4703      28.0724
    4704      28.1734
    4705      27.9645
    4706      28.0018
    4707      28.2475
    4708      28.2493
    4709      28.1806
    4710      28.3138
    4711      28.3054
    4712      28.2666
    4713      28.2593
    4714      28.3654
    4715      28.1861
    4716      28.2194
    4717      28.2599
    4718      28.1575
    4719      28.2080
    4720      28.1847
    4721      28.1893
    4722      28.1679
    4723      28.1931
    4724      28.3006
    4725      28.2873
    4726      28.2471
    4727      28.2492
    4728      28.2361
    4729      28.2461
    4730      28.1148
    4731      28.1819
    4732      28.2305
    4733      28.0618
    4734      28.1512
    4735      28.2462
    4736      28.1531
    4737      28.1268
    4738      28.0841
    4739      28.0666
    4740      28.0747
    4741      28.1189
    4742      28.1195
    4743      28.1440
    4744      28.1338
    4745      28.0488
    4746      28.0740
    4747      28.1072
    4748      28.1386
    4749      28.0883
    4750      28.1831
    4751      28.1429
    4752      28.0785
    4753      28.1114
    4754      28.2061
    4755      28.2776
    4756      28.2648
    4757      28.1503
    4758      28.3153
    4759      28.3306
    4760      28.2559
    4761      28.2652
    4762      28.1990
    4763      28.1760
    4764      28.2070
    4765      28.1460
    4766      28.0729
    4767      28.1692
    4768      28.1659
    4769      28.1549
    4770      28.1985
    4771      28.2273
    4772      28.2670
    4773      28.1960
    4774      28.0106
    4775      28.2210
    4776      28.1774
    4777      27.9838
    4778      28.0035
    4779      28.0313
    4780      28.0407
    4781      28.0476
    4782      28.0787
    4783      28.0404
    4784      28.1321
    4785      28.1339
    4786      28.2164
    4787      28.1549
    4788      28.1663
    4789      28.2202
    4790      28.3569
    4791      28.2818
    4792      28.1521
    4793      28.1415
    4794      28.1270
    4795      28.3219
    4796      28.1670
    4797      28.1754
    4798      28.3270
    4799      28.2185
    4800      28.2553
    4801      28.2276
    4802      28.2661
    4803      28.3201
    4804      28.2450
    4805      28.0737
    4806      28.1935
    4807      28.1857
    4808      28.2598
    4809      28.0904
    4810      28.1667
    4811      28.1456
    4812      28.2774
    4813      28.2701
    4814      28.2744
    4815      28.2697
    4816      28.2317
    4817      28.1769
    4818      28.2122
    4819      28.1382
    4820      28.1463
    4821      28.1970
    4822      28.1234
    4823      28.1232
    4824      28.1718
    4825      28.2761
    4826      28.2829
    4827      28.3113
    4828      28.2961
    4829      28.2694
    4830      28.1825
    4831      28.2959
    4832      28.2838
    4833      28.3709
    4834      28.2999
    4835      28.2073
    4836      28.2554
    4837      28.2126
    4838      28.1250
    4839      28.2443
    4840      28.2986
    4841      28.2911
    4842      28.2649
    4843      28.2216
    4844      28.1722
    4845      28.2760
    4846      28.2828
    4847      28.2308
    4848      28.2814
    4849      28.2235
    4850      28.2455
    4851      28.2477
    4852      28.1997
    4853      28.2284
    4854      28.3571
    4855      28.2562
    4856      28.0777
    4857      28.2489
    4858      28.3116
    4859      28.2300
    4860      28.2680
    4861      28.2683
    4862      28.3117
    4863      28.2477
    4864      28.2433
    4865      28.1861
    4866      28.2877
    4867      28.2781
    4868      28.2341
    4869      28.3061
    4870      28.2909
    4871      28.2827
    4872      28.2534
    4873      28.1352
    4874      28.1081
    4875      28.0531
    4876      28.1088
    4877      28.0601
    4878      28.1225
    4879      28.1643
    4880      28.1947
    4881      28.1465
    4882      28.1658
    4883      28.1049
    4884      28.0737
    4885      28.1385
    4886      28.0894
    4887      28.0665
    4888      28.0573
    4889      27.9890
    4890      28.0807
    4891      28.1891
    4892      28.1421
    4893      28.1646
    4894      28.0993
    4895      28.1419
    4896      28.0497
    4897      28.0645
    4898      27.9970
    4899      28.0892
    4900      28.0621
    4901      28.2358
    4902      28.2525
    4903      28.2986
    4904      28.2686
    4905      28.2565
    4906      28.2420
    4907      28.2149
    4908      28.2269
    4909      28.1975
    4910      28.2593
    4911      28.1262
    4912      28.0735
    4913      28.1336
    4914      28.0672
    4915      28.0086
    4916      28.0397
    4917      28.0465
    4918      28.0793
    4919      28.0963
    4920      28.0959
    4921      28.0525
    4922      28.2405
    4923      28.1829
    4924      28.0479
    4925      28.2137
    4926      28.1539
    4927      28.2177
    4928      28.0838
    4929      28.1864
    4930      28.1091
    4931      28.1972
    4932      28.3220
    4933      28.4039
    4934      28.3173
    4935      28.3457
    4936      28.3791
    4937      28.4080
    4938      28.4913
    4939      28.3957
    4940      28.4559
    4941      28.3365
    4942      28.3011
    4943      28.4402
    4944      28.3536
    4945      28.3797
    4946      28.3804
    4947      28.3752
    4948      28.3602
    4949      28.3436
    4950      28.3104
    4951      28.2228
    4952      28.3687
    4953      28.4435
    4954      28.4346
    4955      28.4842
    4956      28.4555
    4957      28.3452
    4958      28.2969
    4959      28.2913
    4960      28.2435
    4961      28.2080
    4962      28.2621
    4963      28.2824
    4964      28.3644
    4965      28.3503
    4966      28.2859
    4967      28.1924
    4968      28.2766
    4969      28.2243
    4970      28.1528
    4971      28.1834
    4972      28.1894
    4973      28.1637
    4974      28.1982
    4975      28.0915
    4976      27.9766
    4977      28.0937
    4978      28.0274
    4979      28.1845
    4980      28.0665
    4981      28.0568
    4982      28.0888
    4983      28.1053
    4984      28.1401
    4985      28.0636
    4986      28.0857
    4987      28.0952
    4988      28.0832
    4989      28.0321
    4990      28.1333
    4991      28.1637
    4992      28.1244
    4993      28.1541
    4994      28.1732
    4995      28.2341
    4996      28.2143
    4997      28.2640
    4998      28.2142
    4999      28.0807
    5000      28.1705
    5001      28.0999
    5002      28.0590
    5003      28.0393
    5004      28.0685
    5005      28.0612
    5006      28.0966
    5007      28.2057
    5008      28.1930
    5009      28.2838
    5010      28.2867
    5011      28.3083
    5012      28.2743
    5013      28.2332
    5014      28.2269
    5015      28.2039
    5016      28.2249
    5017      28.2599
    5018      28.2452
    5019      28.2986
    5020      28.1858
    5021      28.2485
    5022      28.2598
    5023      28.3395
    5024      28.3309
    5025      28.1968
    5026      28.1532
    5027      28.2649
    5028      28.1683
    5029      28.2983
    5030      28.3358
    5031      28.3592
    5032      28.2859
    5033      28.3061
    5034      28.2761
    5035      28.3196
    5036      28.2151
    5037      28.2566
    5038      28.4732
    5039      28.3513
    5040      28.3339
    5041      28.3790
    5042      28.3937
    5043      28.2871
    5044      28.3157
    5045      28.3637
    5046      28.2799
    5047      28.4261
    5048      28.4395
    5049      28.3533
    5050      28.3392
    5051      28.3844
    5052      28.3827
    5053      28.3302
    5054      28.3991
    5055      28.3860
    5056      28.4661
    5057      28.3324
    5058      28.3062
    5059      28.3477
    5060      28.4233
    5061      28.5014
    5062      28.4818
    5063      28.4583
    5064      28.4961
    5065      28.4144
    5066      28.4378
    5067      28.3375
    5068      28.3626
    5069      28.3838
    5070      28.4111
    5071      28.4040
    5072      28.4845
    5073      28.4715
    5074      28.5145
    5075      28.4782
    5076      28.3911
    5077      28.4336
    5078      28.3475
    5079      28.3524
    5080      28.5089
    5081      28.2967
    5082      28.3102
    5083      28.3166
    5084      28.3874
    5085      28.3139
    5086      28.2460
    5087      28.3784
    5088      28.3656
    5089      28.3599
    5090      28.2715
    5091      28.2953
    5092      28.2643
    5093      28.2610
    5094      28.2746
    5095      28.1916
    5096      28.2045
    5097      28.2229
    5098      28.3503
    5099      28.4411
    5100      28.3495
    5101      28.2039
    5102      28.2859
    5103      28.3319
    5104      28.2855
    5105      28.3505
    5106      28.3895
    5107      28.3531
    5108      28.2920
    5109      28.3490
    5110      28.3004
    5111      28.3893
    5112      28.3549
    5113      28.5460
    5114      28.3605
    5115      28.3566
    5116      28.3245
    5117      28.3466
    5118      28.4769
    5119      28.3977
    5120      28.3985
    5121      28.5200
    5122      28.4037
    5123      28.5286
    5124      28.4229
    5125      28.4383
    5126      28.4739
    5127      28.3842
    5128      28.3862
    5129      28.4192
    5130      28.3643
    5131      28.5501
    5132      28.5699
    5133      28.5369
    5134      28.4209
    5135      28.3161
    5136      28.4152
    5137      28.5006
    5138      28.4421
    5139      28.4920
    5140      28.6111
    5141      28.5531
    5142      28.4466
    5143      28.4654
    5144      28.4856
    5145      28.4741
    5146      28.3826
    5147      28.4413
    5148      28.2755
    5149      28.3577
    5150      28.3546
    5151      28.3468
    5152      28.3942
    5153      28.3895
    5154      28.3888
    5155      28.3448
    5156      28.3262
    5157      28.3539
    5158      28.4471
    5159      28.4761
    5160      28.3907
    5161      28.3980
    5162      28.4875
    5163      28.5134
    5164      28.3744
    5165      28.4437
    5166      28.2576
    5167      28.4064
    5168      28.3448
    5169      28.2971
    5170      28.2992
    5171      28.4228
    5172      28.3607
    5173      28.4622
    5174      28.3831
    5175      28.4210
    5176      28.2866
    5177      28.2397
    5178      28.0154
    5179      28.1469
    5180      28.0327
    5181      28.1792
    5182      28.1914
    5183      28.2413
    5184      28.2295
    5185      28.2559
    5186      28.1833
    5187      28.2690
    5188      28.1247
    5189      28.1002
    5190      28.0478
    5191      28.1548
    5192      28.0441
    5193      28.0783
    5194      27.9734
    5195      28.1338
    5196      28.1392
    5197      28.0823
    5198      28.0606
    5199      28.1500
    5200      28.1043
    5201      28.1248
    5202      28.1129
    5203      28.1796
    5204      28.1688
    5205      28.1389
    5206      28.1665
    5207      28.2574
    5208      28.3667
    5209      28.2592
    5210      28.2839
    5211      28.2905
    5212      28.1554
    5213      28.2430
    5214      28.2588
    5215      28.2326
    5216      28.2824
    5217      28.3412
    5218      28.3898
    5219      28.4489
    5220      28.3245
    5221      28.3492
    5222      28.2622
    5223      28.2802
    5224      28.3537
    5225      28.3558
    5226      28.4232
    5227      28.3175
    5228      28.4886
    5229      28.3470
    5230      28.3103
    5231      28.4170
    5232      28.4677
    5233      28.4257
    5234      28.3410
    5235      28.2430
    5236      28.3714
    5237      28.4607
    5238      28.4514
    5239      28.3825
    5240      28.4956
    5241      28.4177
    5242      28.4803
    5243      28.3428
    5244      28.3613
    5245      28.3760
    5246      28.3065
    5247      28.3021
    5248      28.3095
    5249      28.5206
    5250      28.3064
    5251      28.2625
    5252      28.3518
    5253      28.3328
    5254      28.3401
    5255      28.4286
    5256      28.4086
    5257      28.3749
    5258      28.3823
    5259      28.3552
    5260      28.2947
    5261      28.2663
    5262      28.3058
    5263      28.2984
    5264      28.3732
    5265      28.2905
    5266      28.4087
    5267      28.4083
    5268      28.3336
    5269      28.2757
    5270      28.3005
    5271      28.3560
    5272      28.3754
    5273      28.3793
    5274      28.5091
    5275      28.4975
    5276      28.4764
    5277      28.3769
    5278      28.2890
    5279      28.4018
    5280      28.4074
    5281      28.3622
    5282      28.3454
    5283      28.3517
    5284      28.2718
    5285      28.2667
    5286      28.2336
    5287      28.3041
    5288      28.3914
    5289      28.2583
    5290      28.2616
    5291      28.3274
    5292      28.4018
    5293      28.5013
    5294      28.5517
    5295      28.4083
    5296      28.4794
    5297      28.3940
    5298      28.3394
    5299      28.3799
    5300      28.3399
    5301      28.3403
    5302      28.4026
    5303      28.4464
    5304      28.4974
    5305      28.5349
    5306      28.3948
    5307      28.3618
    5308      28.3206
    5309      28.2854
    5310      28.3057
    5311      28.2880
    5312      28.2865
    5313      28.2003
    5314      28.2536
    5315      28.2709
    5316      28.3416
    5317      28.3059
    5318      28.2948
    5319      28.2764
    5320      28.2363
    5321      28.1881
    5322      28.2147
    5323      28.1635
    5324      28.2137
    5325      28.2019
    5326      28.2477
    5327      28.3562
    5328      28.2254
    5329      28.2631
    5330      28.2069
    5331      28.2960
    5332      28.2622
    5333      28.2267
    5334      28.1280
    5335      28.2064
    5336      28.3018
    5337      28.3580
    5338      28.3100
    5339      28.3274
    5340      28.3781
    5341      28.4158
    5342      28.2893
    5343      28.3621
    5344      28.5313
    5345      28.3640
    5346      28.3732
    5347      28.3405
    5348      28.2636
    5349      28.3302
    5350      28.3121
    5351      28.4106
    5352      28.2683
    5353      28.3285
    5354      28.3090
    5355      28.3509
    5356      28.1666
    5357      28.2182
    5358      28.2893
    5359      28.2911
    5360      28.3683
    5361      28.2429
    5362      28.2662
    5363      28.2196
    5364      28.3561
    5365      28.2651
    5366      28.3236
    5367      28.2700
    5368      28.2785
    5369      28.2220
    5370      28.3016
    5371      28.2532
    5372      28.3238
    5373      28.3156
    5374      28.3353
    5375      28.2485
    5376      28.1846
    5377      28.1727
    5378      28.1814
    5379      28.1827
    5380      28.2544
    5381      28.2731
    5382      28.2504
    5383      28.1713
    5384      28.2696
    5385      28.2969
    5386      28.3391
    5387      28.3515
    5388      28.4153
    5389      28.4716
    5390      28.4413
    5391      28.4820
    5392      28.4477
    5393      28.4530
    5394      28.4246
    5395      28.2967
    5396      28.2802
    5397      28.0933
    5398      28.2330
    5399      28.3023
    5400      28.2610
    5401      28.2909
    5402      28.3898
    5403      28.4740
    5404      28.4040
    5405      28.3840
    5406      28.4190
    5407      28.5251
    5408      28.6518
    5409      28.5014
    5410      28.6207
    5411      28.6008
    5412      28.5046
    5413      28.5390
    5414      28.5825
    5415      28.5615
    5416      28.5041
    5417      28.4373
    5418      28.4539
    5419      28.4219
    5420      28.3247
    5421      28.2667
    5422      28.2955
    5423      28.3456
    5424      28.3449
    5425      28.3339
    5426      28.2454
    5427      28.3196
    5428      28.2931
    5429      28.2764
    5430      28.2762
    5431      28.3528
    5432      28.2853
    5433      28.1604
    5434      28.1403
    5435      28.2357
    5436      28.2539
    5437      28.2879
    5438      28.3775
    5439      28.4544
    5440      28.4750
    5441      28.4830
    5442      28.5067
    5443      28.4996
    5444      28.4462
    5445      28.5193
    5446      28.4796
    5447      28.3788
    5448      28.3963
    5449      28.3935
    5450      28.3759
    5451      28.3869
    5452      28.5510
    5453      28.5509
    5454      28.5170
    5455      28.4719
    5456      28.4678
    5457      28.4146
    5458      28.3968
    5459      28.5542
    5460      28.5380
    5461      28.4580
    5462      28.4471
    5463      28.4199
    5464      28.4515
    5465      28.4093
    5466      28.4294
    5467      28.3670
    5468      28.3447
    5469      28.4407
    5470      28.3643
    5471      28.2167
    5472      28.2817
    5473      28.2930
    5474      28.3353
    5475      28.4508
    5476      28.3824
    5477      28.3718
    5478      28.3441
    5479      28.3406
    5480      28.5470
    5481      28.5445
    5482      28.6072
    5483      28.4254
    5484      28.5504
    5485      28.5772
    5486      28.4797
    5487      28.4357
    5488      28.3883
    5489      28.3824
    5490      28.3187
    5491      28.3811
    5492      28.3620
    5493      28.4494
    5494      28.4734
    5495      28.3868
    5496      28.3753
    5497      28.3570
    5498      28.3795
    5499      28.4007
    5500      28.3945
    5501      28.3798
    5502      28.2550
    5503      28.3285
    5504      28.2228
    5505      28.2342
    5506      28.3018
    5507      28.2559
    5508      28.1370
    5509      28.2152
    5510      28.2120
    5511      28.2500
    5512      28.2544
    5513      28.1760
    5514      28.2447
    5515      28.1743
    5516      28.1253
    5517      28.1609
    5518      28.1540
    5519      28.1439
    5520      28.2041
    5521      28.2515
    5522      28.2385
    5523      28.1716
    5524      28.1655
    5525      28.2303
    5526      28.1196
    5527      28.2085
    5528      28.1590
    5529      28.2030
    5530      28.1420
    5531      28.2678
    5532      28.2394
    5533      28.2402
    5534      28.1966
    5535      28.1683
    5536      28.2267
    5537      28.2048
    5538      28.2773
    5539      28.2232
    5540      28.2900
    5541      28.3057
    5542      28.2309
    5543      28.2445
    5544      28.3232
    5545      28.2828
    5546      28.3353
    5547      28.2940
    5548      28.3667
    5549      28.3627
    5550      28.2273
    5551      28.2787
    5552      28.2743
    5553      28.2597
    5554      28.2119
    5555      28.3353
    5556      28.3526
    5557      28.2916
    5558      28.2915
    5559      28.2914
    5560      28.1900
    5561      28.0927
    5562      28.1035
    5563      28.1389
    5564      28.1455
    5565      28.2235
    5566      28.2158
    5567      28.2426
    5568      28.1568
    5569      28.1493
    5570      28.1982
    5571      28.1663
    5572      28.1529
    5573      28.1311
    5574      28.1422
    5575      28.1468
    5576      28.2695
    5577      28.1392
    5578      28.0829
    5579      28.0827
    5580      28.0881
    5581      28.0792
    5582      28.1057
    5583      28.1142
    5584      28.0675
    5585      28.1214
    5586      28.1166
    5587      28.0412
    5588      28.0922
    5589      28.0846
    5590      28.1786
    5591      28.1797
    5592      28.1832
    5593      28.1179
    5594      28.1157
    5595      28.0432
    5596      28.1271
    5597      28.2133
    5598      28.1596
    5599      28.2089
    5600      28.1770
    5601      28.2352
    5602      28.1749
    5603      28.2384
    5604      28.1707
    5605      28.2402
    5606      28.2542
    5607      28.2317
    5608      28.2925
    5609      28.2467
    5610      28.1615
    5611      28.1986
    5612      28.2394
    5613      28.2300
    5614      28.2032
    5615      28.2238
    5616      28.2355
    5617      28.2931
    5618      28.2777
    5619      28.1987
    5620      28.2164
    5621      28.1826
    5622      28.2695
    5623      28.2548
    5624      28.1702
    5625      28.3233
    5626      28.2309
    5627      28.2365
    5628      28.1683
    5629      28.1881
    5630      28.2788
    5631      28.3176
    5632      28.2477
    5633      28.2693
    5634      28.2081
    5635      28.2655
    5636      28.3146
    5637      28.1881
    5638      28.2584
    5639      28.2848
    5640      28.1479
    5641      28.1991
    5642      28.2853
    5643      28.2592
    5644      28.2305
    5645      28.2449
    5646      28.2361
    5647      28.2533
    5648      28.1624
    5649      28.1536
    5650      28.1659
    5651      28.1925
    5652      28.2123
    5653      28.2192
    5654      28.1637
    5655      28.2596
    5656      28.1759
    5657      28.1737
    5658      28.1365
    5659      28.1722
    5660      28.1348
    5661      28.0875
    5662      28.2440
    5663      28.2756
    5664      28.2744
    5665      28.3892
    5666      28.2844
    5667      28.3271
    5668      28.3463
    5669      28.1915
    5670      28.2670
    5671      28.2026
    5672      28.2776
    5673      28.2692
    5674      28.3240
    5675      28.3314
    5676      28.2083
    5677      28.2470
    5678      28.2733
    5679      28.2837
    5680      28.2434
    5681      28.2170
    5682      28.2105
    5683      28.2556
    5684      28.2243
    5685      28.2605
    5686      28.2187
    5687      28.2369
    5688      28.1288
    5689      28.1578
    5690      28.1971
    5691      28.3327
    5692      28.2781
    5693      28.1857
    5694      28.2355
    5695      28.3034
    5696      28.1704
    5697      28.1715
    5698      28.1634
    5699      28.1432
    5700      28.2369
    5701      28.2007
    5702      28.1169
    5703      28.0540
    5704      28.1358
    5705      28.1796
    5706      28.1638
    5707      28.1353
    5708      28.0710
    5709      28.1111
    5710      28.1337
    5711      28.1777
    5712      28.2550
    5713      28.1747
    5714      28.1805
    5715      28.1999
    5716      28.1520
    5717      28.1736
    5718      28.1950
    5719      28.1638
    5720      28.1981
    5721      28.1391
    5722      28.2065
    5723      28.1152
    5724      28.2026
    5725      28.1857
    5726      28.1356
    5727      28.1202
    5728      28.1524
    5729      28.0787
    5730      28.2040
    5731      28.1557
    5732      28.1742
    5733      28.1485
    5734      28.1073
    5735      28.1886
    5736      28.1943
    5737      28.0823
    5738      28.0885
    5739      28.1445
    5740      28.1888
    5741      28.2263
    5742      28.1191
    5743      28.1779
    5744      28.1654
    5745      28.2477
    5746      28.2796
    5747      28.1151
    5748      28.1719
    5749      28.2590
    5750      28.2411
    5751      28.0899
    5752      28.1014
    5753      28.1538
    5754      28.0902
    5755      28.1484
    5756      28.1340
    5757      28.1877
    5758      28.2141
    5759      28.1869
    5760      28.1037
    5761      28.2560
    5762      28.2463
    5763      28.2504
    5764      28.2151
    5765      28.2051
    5766      28.1915
    5767      28.2975
    5768      28.2499
    5769      28.1617
    5770      28.2280
    5771      28.2639
    5772      28.1999
    5773      28.1884
    5774      28.2019
    5775      28.2215
    5776      28.2071
    5777      28.1449
    5778      28.1709
    5779      28.2062
    5780      28.2079
    5781      28.1274
    5782      28.1374
    5783      28.1118
    5784      28.2065
    5785      28.2302
    5786      28.2524
    5787      28.1773
    5788      28.1624
    5789      28.1467
    5790      28.1656
    5791      28.2107
    5792      28.3238
    5793      28.2778
    5794      28.1785
    5795      28.2461
    5796      28.2554
    5797      28.2671
    5798      28.2218
    5799      28.1924
    5800      28.2773
    5801      28.2220
    5802      28.2850
    5803      28.3026
    5804      28.2357
    5805      28.1879
    5806      28.1685
    5807      28.2325
    5808      28.0725
    5809      28.1220
    5810      28.2363
    5811      28.2477
    5812      28.2715
    5813      28.2217
    5814      28.2337
    5815      28.2425
    5816      28.1231
    5817      28.2223
    5818      28.1876
    5819      28.2555
    5820      28.1186
    5821      28.1169
    5822      28.2046
    5823      28.2737
    5824      28.2797
    5825      28.2580
    5826      28.1327
    5827      28.1857
    5828      28.2472
    5829      28.2718
    5830      28.1538
    5831      28.2088
    5832      28.1175
    5833      28.0974
    5834      28.1875
    5835      28.1179
    5836      28.1020
    5837      28.1213
    5838      28.1312
    5839      28.1019
    5840      28.1627
    5841      28.1512
    5842      28.1057
    5843      28.1646
    5844      28.1808
    5845      28.1906
    5846      28.2129
    5847      28.2837
    5848      28.2095
    5849      28.1878
    5850      28.2439
    5851      28.1571
    5852      28.2025
    5853      28.2106
    5854      28.1562
    5855      28.1499
    5856      28.2252
    5857      28.2699
    5858      28.2601
    5859      28.1709
    5860      28.2002
    5861      28.1676
    5862      28.1526
    5863      28.1711
    5864      28.1484
    5865      28.1410
    5866      28.1599
    5867      28.1769
    5868      28.1724
    5869      28.1342
    5870      28.0771
    5871      28.0711
    5872      28.1870
    5873      28.1110
    5874      28.1378
    5875      28.1229
    5876      28.0874
    5877      28.2047
    5878      28.1623
    5879      28.1429
    5880      28.1644
    5881      28.0933
    5882      28.1110
    5883      28.2639
    5884      28.2214
    5885      28.2398
    5886      28.2691
    5887      28.2950
    5888      28.2470
    5889      28.2754
    5890      28.2354
    5891      28.2903
    5892      28.2617
    5893      28.2086
    5894      28.1665
    5895      28.2113
    5896      28.2972
    5897      28.2573
    5898      28.1526
    5899      28.1107
    5900      28.0821
    5901      28.2243
    5902      28.1979
    5903      28.1859
    5904      28.1613
    5905      28.2154
    5906      28.0825
    5907      28.0845
    5908      28.0620
    5909      28.1622
    5910      28.1411
    5911      28.0914
    5912      28.3114
    5913      28.2367
    5914      28.1778
    5915      28.1570
    5916      28.2129
    5917      28.3473
    5918      28.3051
    5919      28.2782
    5920      28.2969
    5921      28.2664
    5922      28.2393
    5923      28.2133
    5924      28.2228
    5925      28.1928
    5926      28.2101
    5927      28.2304
    5928      28.1896
    5929      28.1865
    5930      28.1490
    5931      28.2669
    5932      28.2067
    5933      28.1062
    5934      28.2205
    5935      28.3007
    5936      28.2359
    5937      28.1936
    5938      28.1519
    5939      28.1987
    5940      28.1412
    5941      28.1139
    5942      28.1971
    5943      28.1020
    5944      28.1868
    5945      28.1935
    5946      28.1429
    5947      28.1274
    5948      28.0912
    5949      28.2306
    5950      28.2104
    5951      28.1194
    5952      28.1532
    5953      28.2119
    5954      28.1557
    5955      28.2520
    5956      28.2724
    5957      28.1420
    5958      28.2137
    5959      28.2448
    5960      28.2250
    5961      28.0684
    5962      28.1610
    5963      28.1861
    5964      28.2045
    5965      28.1779
    5966      28.2117
    5967      28.1961
    5968      28.1603
    5969      28.1343
    5970      28.1600
    5971      28.1607
    5972      28.1364
    5973      28.1838
    5974      28.0598
    5975      28.2150
    5976      28.1049
    5977      28.1738
    5978      28.2748
    5979      28.1591
    5980      28.2064
    5981      28.2378
    5982      28.1844
    5983      28.2206
    5984      28.2903
    5985      28.1933
    5986      28.2315
    5987      28.2147
    5988      28.1824
    5989      28.1047
    5990      28.0215
    5991      28.1610
    5992      28.1381
    5993      28.1768
    5994      28.2316
    5995      28.3234
    5996      28.1852
    5997      28.2617
    5998      28.1877
    5999      28.1759
    6000      28.2055
    6001      28.1555
    6002      28.0649
    6003      28.1943
    6004      28.2466
    6005      28.1688
    6006      28.1844
    6007      28.2377
    6008      28.1899
    6009      28.1611
    6010      28.1960
    6011      28.1382
    6012      28.2308
    6013      28.1719
    6014      28.2457
    6015      28.1920
    6016      28.2704
    6017      28.2658
    6018      28.2727
    6019      28.1654
    6020      28.1900
    6021      28.2654
    6022      28.2635
    6023      28.2809
    6024      28.2769
    6025      28.2813
    6026      28.3126
    6027      28.2912
    6028      28.3501
    6029      28.2475
    6030      28.1966
    6031      28.2510
    6032      28.2510
    6033      28.2065
    6034      28.1811
    6035      28.2434
    6036      28.1897
    6037      28.1917
    6038      28.2422
    6039      28.2176
    6040      28.2166
    6041      28.2316
    6042      28.1848
    6043      28.1821
    6044      28.1735
    6045      28.2455
    6046      28.2014
    6047      28.1824
    6048      28.1506
    6049      28.0979
    6050      28.1410
    6051      28.0909
    6052      28.1118
    6053      28.1294
    6054      28.1343
    6055      28.2088
    6056      28.1903
    6057      28.1801
    6058      28.1587
    6059      28.1754
    6060      28.1860
    6061      28.1086
    6062      28.1910
    6063      28.1999
    6064      28.2737
    6065      28.1720
    6066      28.1831
    6067      28.1160
    6068      28.1409
    6069      28.1284
    6070      28.0874
    6071      28.1283
    6072      28.1063
    6073      28.1764
    6074      28.1585
    6075      28.0772
    6076      28.1259
    6077      28.1340
    6078      28.1949
    6079      28.2002
    6080      28.1748
    6081      28.1103
    6082      28.1541
    6083      28.1453
    6084      28.2337
    6085      28.1500
    6086      28.1289
    6087      28.1562
    6088      28.1203
    6089      28.1095
    6090      28.1396
    6091      28.1420
    6092      28.2546
    6093      28.2163
    6094      28.1956
    6095      28.1817
    6096      28.1833
    6097      28.1058
    6098      28.1532
    6099      28.1270
    6100      28.1102
    6101      28.1489
    6102      28.1034
    6103      28.1533
    6104      28.2234
    6105      28.1253
    6106      28.1208
    6107      28.1277
    6108      28.1795
    6109      28.1186
    6110      28.1276
    6111      28.1996
    6112      28.1442
    6113      28.2224
    6114      28.1426
    6115      28.1710
    6116      28.0551
    6117      28.1639
    6118      28.1178
    6119      28.1909
    6120      28.0690
    6121      28.0153
    6122      28.0662
    6123      28.1169
    6124      28.1146
    6125      28.1851
    6126      28.1694
    6127      28.1713
    6128      28.1432
    6129      28.0750
    6130      28.0777
    6131      28.0994
    6132      28.1598
    6133      28.0851
    6134      28.1587
    6135      28.1523
    6136      28.2113
    6137      28.1001
    6138      28.1969
    6139      28.1425
    6140      28.0929
    6141      28.0842
    6142      28.1083
    6143      28.1299
    6144      28.1479
    6145      28.0786
    6146      28.0909
    6147      27.9669
    6148      28.0205
    6149      27.9990
    6150      28.1422
    6151      28.0380
    6152      28.0095
    6153      28.0470
    6154      28.0167
    6155      28.0323
    6156      27.9456
    6157      28.0742
    6158      28.0887
    6159      28.1520
    6160      28.0959
    6161      28.0401
    6162      28.1133
    6163      28.0293
    6164      28.0269
    6165      28.0541
    6166      28.1719
    6167      28.0972
    6168      28.1691
    6169      28.2087
    6170      28.1542
    6171      28.2137
    6172      28.3403
    6173      28.4449
    6174      28.3195
    6175      28.2729
    6176      28.2161
    6177      28.2529
    6178      28.2214
    6179      28.1547
    6180      28.2001
    6181      28.1184
    6182      28.1274
    6183      28.1806
    6184      28.1142
    6185      28.2614
    6186      28.2019
    6187      28.2348
    6188      28.2542
    6189      28.3372
    6190      28.2631
    6191      28.3094
    6192      28.1845
    6193      28.2087
    6194      28.2259
    6195      28.2337
    6196      28.1112
    6197      28.1692
    6198      28.1522
    6199      28.3114
    6200      28.3416
    6201      28.3204
    6202      28.3298
    6203      28.3195
    6204      28.2931
    6205      28.2951
    6206      28.3925
    6207      28.3383
    6208      28.2191
    6209      28.2168
    6210      28.2213
    6211      28.3247
    6212      28.4253
    6213      28.2827
    6214      28.2643
    6215      28.2611
    6216      28.2811
    6217      28.2619
    6218      28.2923
    6219      28.1957
    6220      28.3097
    6221      28.3447
    6222      28.3200
    6223      28.2428
    6224      28.2534
    6225      28.2427
    6226      28.3339
    6227      28.2665
    6228      28.3026
    6229      28.3367
    6230      28.3901
    6231      28.3048
    6232      28.2258
    6233      28.2796
    6234      28.2396
    6235      28.2985
    6236      28.2320
    6237      28.2586
    6238      28.2371
    6239      28.2662
    6240      28.2928
    6241      28.2780
    6242      28.2771
    6243      28.2486
    6244      28.2478
    6245      28.2151
    6246      28.3109
    6247      28.3032
    6248      28.2126
    6249      28.2677
    6250      28.3594
    6251      28.3229
    6252      28.3744
    6253      28.2633
    6254      28.3245
    6255      28.2722
    6256      28.2355
    6257      28.2788
    6258      28.2579
    6259      28.2454
    6260      28.1866
    6261      28.2588
    6262      28.0965
    6263      28.1702
    6264      28.1911
    6265      28.2076
    6266      28.3012
    6267      28.1888
    6268      28.2157
    6269      28.2743
    6270      28.2487
    6271      28.2961
    6272      28.2896
    6273      28.3515
    6274      28.2847
    6275      28.2161
    6276      28.1969
    6277      28.2402
    6278      28.2156
    6279      28.1991
    6280      28.2740
    6281      28.3027
    6282      28.2281
    6283      28.2805
    6284      28.2498
    6285      28.1937
    6286      28.1546
    6287      28.1412
    6288      28.1917
    6289      28.1969
    6290      28.2629
    6291      28.3049
    6292      28.2855
    6293      28.2597
    6294      28.1432
    6295      28.1829
    6296      28.2049
    6297      28.1775
    6298      28.2296
    6299      28.2712
    6300      28.2104
    6301      28.2224
    6302      28.2387
    6303      28.1913
    6304      28.2534
    6305      28.2218
    6306      28.1729
    6307      28.1661
    6308      28.2124
    6309      28.2315
    6310      28.2502
    6311      28.3152
    6312      28.2035
    6313      28.2319
    6314      28.1805
    6315      28.1957
    6316      28.1989
    6317      28.1357
    6318      28.3175
    6319      28.3148
    6320      28.1654
    6321      28.1776
    6322      28.2593
    6323      28.1692
    6324      28.1809
    6325      28.2092
    6326      28.1744
    6327      28.2748
    6328      28.2240
    6329      28.1891
    6330      28.1696
    6331      28.2867
    6332      28.2158
    6333      28.2313
    6334      28.2766
    6335      28.1982
    6336      28.2573
    6337      28.2742
    6338      28.2808
    6339      28.3045
    6340      28.2246
    6341      28.2198
    6342      28.1922
    6343      28.3416
    6344      28.2359
    6345      28.2106
    6346      28.2759
    6347      28.2764
    6348      28.3503
    6349      28.2118
    6350      28.2716
    6351      28.2696
    6352      28.2305
    6353      28.2474
    6354      28.0845
    6355      28.0960
    6356      28.1728
    6357      28.1564
    6358      28.1520
    6359      28.1969
    6360      28.2051
    6361      28.1814
    6362      28.2373
    6363      28.2216
    6364      28.2927
    6365      28.2049
    6366      28.2919
    6367      28.3164
    6368      28.2614
    6369      28.1865
    6370      28.1745
    6371      28.1829
    6372      28.2287
    6373      28.2475
    6374      28.2576
    6375      28.2370
    6376      28.2308
    6377      28.1971
    6378      28.2874
    6379      28.2741
    6380      28.2424
    6381      28.2784
    6382      28.2314
    6383      28.1673
    6384      28.2809
    6385      28.1987
    6386      28.2051
    6387      28.2447
    6388      28.1131
    6389      28.2214
    6390      28.2409
    6391      28.3160
    6392      28.3136
    6393      28.2710
    6394      28.3422
    6395      28.2704
    6396      28.3966
    6397      28.3480
    6398      28.3805
    6399      28.2784
    6400      28.2284
    6401      28.1963
    6402      28.2621
    6403      28.2078
    6404      28.2596
    6405      28.2648
    6406      28.3051
    6407      28.2162
    6408      28.2267
    6409      28.3119
    6410      28.2427
    6411      28.2528
    6412      28.2016
    6413      28.2813
    6414      28.2172
    6415      28.3500
    6416      28.2544
    6417      28.2408
    6418      28.3318
    6419      28.3428
    6420      28.4311
    6421      28.4394
    6422      28.4283
    6423      28.4308
    6424      28.3849
    6425      28.3412
    6426      28.3254
    6427      28.2376
    6428      28.2518
    6429      28.3616
    6430      28.3483
    6431      28.3319
    6432      28.4061
    6433      28.3063
    6434      28.3491
    6435      28.3023
    6436      28.2578
    6437      28.2211
    6438      28.2444
    6439      28.2574
    6440      28.3369
    6441      28.2546
    6442      28.2514
    6443      28.3628
    6444      28.3452
    6445      28.5008
    6446      28.3826
    6447      28.2725
    6448      28.3403
    6449      28.3495
    6450      28.2699
    6451      28.3663
    6452      28.2849
    6453      28.2561
    6454      28.3404
    6455      28.2706
    6456      28.2891
    6457      28.3401
    6458      28.3193
    6459      28.3963
    6460      28.3676
    6461      28.3278
    6462      28.2710
    6463      28.3093
    6464      28.2814
    6465      28.2575
    6466      28.2693
    6467      28.2111
    6468      28.2630
    6469      28.4314
    6470      28.3525
    6471      28.3642
    6472      28.2484
    6473      28.1996
    6474      28.1966
    6475      28.3272
    6476      28.3549
    6477      28.2367
    6478      28.2731
    6479      28.2641
    6480      28.2528
    6481      28.3165
    6482      28.3514
    6483      28.3502
    6484      28.3821
    6485      28.3336
    6486      28.2175
    6487      28.2312
    6488      28.2620
    6489      28.3374
    6490      28.2807
    6491      28.2590
    6492      28.2885
    6493      28.3142
    6494      28.3122
    6495      28.4051
    6496      28.3456
    6497      28.2979
    6498      28.3455
    6499      28.3091
    6500      28.2954
    6501      28.2745
    6502      28.2181
    6503      28.2428
    6504      28.1397
    6505      28.2248
    6506      28.2406
    6507      28.2581
    6508      28.2541
    6509      28.3237
    6510      28.2176
    6511      28.2225
    6512      28.1468
    6513      28.1792
    6514      28.2028
    6515      28.1781
    6516      28.2613
    6517      28.3601
    6518      28.2480
    6519      28.3173
    6520      28.3082
    6521      28.3136
    6522      28.2938
    6523      28.3024
    6524      28.2325
    6525      28.2646
    6526      28.2756
    6527      28.2127
    6528      28.3357
    6529      28.4014
    6530      28.3063
    6531      28.3197
    6532      28.4462
    6533      28.3831
    6534      28.3875
    6535      28.4539
    6536      28.4625
    6537      28.3846
    6538      28.4225
    6539      28.4186
    6540      28.5034
    6541      28.4106
    6542      28.3796
    6543      28.4024
    6544      28.4698
    6545      28.4779
    6546      28.5331
    6547      28.4693
    6548      28.3169
    6549      28.3857
    6550      28.3204
    6551      28.3748
    6552      28.4176
    6553      28.4054
    6554      28.4635
    6555      28.4561
    6556      28.4647
    6557      28.4623
    6558      28.4465
    6559      28.5146
    6560      28.3415
    6561      28.2929
    6562      28.2922
    6563      28.3936
    6564      28.3837
    6565      28.3109
    6566      28.4186
    6567      28.3782
    6568      28.3780
    6569      28.3202
    6570      28.3151
    6571      28.2521
    6572      28.2269
    6573      28.2151
    6574      28.2642
    6575      28.1883
    6576      28.2086
    6577      28.1999
    6578      28.2923
    6579      28.2350
    6580      28.0916
    6581      28.2174
    6582      28.1169
    6583      28.0738
    6584      28.1576
    6585      28.2540
    6586      28.2838
    6587      28.3121
    6588      28.3564
    6589      28.3131
    6590      28.3170
    6591      28.3818
    6592      28.3608
    6593      28.2962
    6594      28.2949
    6595      28.2615
    6596      28.2239
    6597      28.2631
    6598      28.2127
    6599      28.2619
    6600      28.2478
    6601      28.2412
    6602      28.1962
    6603      28.1934
    6604      28.2304
    6605      28.2647
    6606      28.2340
    6607      28.1617
    6608      28.1076
    6609      28.2353
    6610      28.3002
    6611      28.2996
    6612      28.3486
    6613      28.3182
    6614      28.3305
    6615      28.3461
    6616      28.2831
    6617      28.2252
    6618      28.3675
    6619      28.3555
    6620      28.3302
    6621      28.1941
    6622      28.2929
    6623      28.1323
    6624      28.2229
    6625      28.2935
    6626      28.2399
    6627      28.2862
    6628      28.2372
    6629      28.2273
    6630      28.2205
    6631      28.2573
    6632      28.2133
    6633      28.4070
    6634      28.3606
    6635      28.3221
    6636      28.2411
    6637      28.3212
    6638      28.3278
    6639      28.3235
    6640      28.3432
    6641      28.5202
    6642      28.4077
    6643      28.3188
    6644      28.3353
    6645      28.2937
    6646      28.3154
    6647      28.3500
    6648      28.3567
    6649      28.4524
    6650      28.4061
    6651      28.4495
    6652      28.4275
    6653      28.4058
    6654      28.4128
    6655      28.4151
    6656      28.3315
    6657      28.4023
    6658      28.4019
    6659      28.3700
    6660      28.4474
    6661      28.3362
    6662      28.3825
    6663      28.2420
    6664      28.3113
    6665      28.3649
    6666      28.2087
    6667      28.3551
    6668      28.2201
    6669      28.2733
    6670      28.3546
    6671      28.4004
    6672      28.3765
    6673      28.3573
    6674      28.3293
    6675      28.3360
    6676      28.3378
    6677      28.2988
    6678      28.3025
    6679      28.3361
    6680      28.3369
    6681      28.3345
    6682      28.3563
    6683      28.3386
    6684      28.4814
    6685      28.4807
    6686      28.4807
    6687      28.4397
    6688      28.4563
    6689      28.3584
    6690      28.4198
    6691      28.3926
    6692      28.4677
    6693      28.4402
    6694      28.3441
    6695      28.3916
    6696      28.3569
    6697      28.3400
    6698      28.4086
    6699      28.4199
    6700      28.4196
    6701      28.3806
    6702      28.4684
    6703      28.4603
    6704      28.4573
    6705      28.4553
    6706      28.4733
    6707      28.5082
    6708      28.4942
    6709      28.4506
    6710      28.4570
    6711      28.4789
    6712      28.4608
    6713      28.4742
    6714      28.4610
    6715      28.4961
    6716      28.3081
    6717      28.3968
    6718      28.3708
    6719      28.3290
    6720      28.3408
    6721      28.4056
    6722      28.5031
    6723      28.4505
    6724      28.4154
    6725      28.4122
    6726      28.5241
    6727      28.5053
    6728      28.3816
    6729      28.4151
    6730      28.4954
    6731      28.4409
    6732      28.4784
    6733      28.5306
    6734      28.4182
    6735      28.4142
    6736      28.3673
    6737      28.3774
    6738      28.2849
    6739      28.3617
    6740      28.3312
    6741      28.2626
    6742      28.3416
    6743      28.4048
    6744      28.3981
    6745      28.3430
    6746      28.3554
    6747      28.3550
    6748      28.3786
    6749      28.3633
    6750      28.4722
    6751      28.4470
    6752      28.4122
    6753      28.4129
    6754      28.4104
    6755      28.4546
    6756      28.5419
    6757      28.4863
    6758      28.4359
    6759      28.4335
    6760      28.4210
    6761      28.3513
    6762      28.3688
    6763      28.3493
    6764      28.4342
    6765      28.3402
    6766      28.4459
    6767      28.4148
    6768      28.3499
    6769      28.3577
    6770      28.3015
    6771      28.3604
    6772      28.2775
    6773      28.3516
    6774      28.3090
    6775      28.2639
    6776      28.2171
    6777      28.1885
    6778      28.2909
    6779      28.3003
    6780      28.2601
    6781      28.2856
    6782      28.1743
    6783      28.3228
    6784      28.3346
    6785      28.2271
    6786      28.2689
    6787      28.3270
    6788      28.2820
    6789      28.2835
    6790      28.3834
    6791      28.2259
    6792      28.2226
    6793      28.2635
    6794      28.2335
    6795      28.2343
    6796      28.3194
    6797      28.2785
    6798      28.3147
    6799      28.2267
    6800      28.1894
    6801      28.2265
    6802      28.2419
    6803      28.2312
    6804      28.2586
    6805      28.2796
    6806      28.2534
    6807      28.2800
    6808      28.2050
    6809      28.2905
    6810      28.2549
    6811      28.2489
    6812      28.2985
    6813      28.3016
    6814      28.2082
    6815      28.2534
    6816      28.2606
    6817      28.3767
    6818      28.3306
    6819      28.4190
    6820      28.4235
    6821      28.3883
    6822      28.4337
    6823      28.4501
    6824      28.4505
    6825      28.3691
    6826      28.4876
    6827      28.4354
    6828      28.4576
    6829      28.4120
    6830      28.3832
    6831      28.3055
    6832      28.3009
    6833      28.3421
    6834      28.2879
    6835      28.3669
    6836      28.3346
    6837      28.3839
    6838      28.4826
    6839      28.4852
    6840      28.4085
    6841      28.4355
    6842      28.4873
    6843      28.3892
    6844      28.3629
    6845      28.2382
    6846      28.3041
    6847      28.3466
    6848      28.4331
    6849      28.4626
    6850      28.4541
    6851      28.3363
    6852      28.2846
    6853      28.3388
    6854      28.3961
    6855      28.3410
    6856      28.4306
    6857      28.5319
    6858      28.4985
    6859      28.5015
    6860      28.4656
    6861      28.4513
    6862      28.4738
    6863      28.4521
    6864      28.3264
    6865      28.3294
    6866      28.4124
    6867      28.3429
    6868      28.3880
    6869      28.3716
    6870      28.3245
    6871      28.3293
    6872      28.3407
    6873      28.3000
    6874      28.3377
    6875      28.3046
    6876      28.3137
    6877      28.2944
    6878      28.3555
    6879      28.3412
    6880      28.2508
    6881      28.3448
    6882      28.3629
    6883      28.2750
    6884      28.2714
    6885      28.3308
    6886      28.3096
    6887      28.3059
    6888      28.3308
    6889      28.3419
    6890      28.2975
    6891      28.3563
    6892      28.3029
    6893      28.3225
    6894      28.3283
    6895      28.3312
    6896      28.3999
    6897      28.4164
    6898      28.3422
    6899      28.3253
    6900      28.2988
    6901      28.2770
    6902      28.3694
    6903      28.3780
    6904      28.4066
    6905      28.3184
    6906      28.3582
    6907      28.3027
    6908      28.3309
    6909      28.2639
    6910      28.3091
    6911      28.2602
    6912      28.3135
    6913      28.2543
    6914      28.2228
    6915      28.3022
    6916      28.2631
    6917      28.1856
    6918      28.1693
    6919      28.2032
    6920      28.2263
    6921      28.2339
    6922      28.1865
    6923      28.1898
    6924      28.2779
    6925      28.3681
    6926      28.3295
    6927      28.3261
    6928      28.3588
    6929      28.3799
    6930      28.3989
    6931      28.2877
    6932      28.3190
    6933      28.3543
    6934      28.4557
    6935      28.4752
    6936      28.4064
    6937      28.3121
    6938      28.4050
    6939      28.4097
    6940      28.3619
    6941      28.3961
    6942      28.4157
    6943      28.4255
    6944      28.4048
    6945      28.3597
    6946      28.4770
    6947      28.3853
    6948      28.5171
    6949      28.5572
    6950      28.5316
    6951      28.4117
    6952      28.3487
    6953      28.3897
    6954      28.2165
    6955      28.3004
    6956      28.3913
    6957      28.4164
    6958      28.3394
    6959      28.4851
    6960      28.4238
    6961      28.3746
    6962      28.4267
    6963      28.4802
    6964      28.3989
    6965      28.3297
    6966      28.3812
    6967      28.3812
    6968      28.4426
    6969      28.3925
    6970      28.4032
    6971      28.4638
    6972      28.3935
    6973      28.3613
    6974      28.4497
    6975      28.4327
    6976      28.3660
    6977      28.3883
    6978      28.4609
    6979      28.3533
    6980      28.2802
    6981      28.3654
    6982      28.3494
    6983      28.4312
    6984      28.3620
    6985      28.3490
    6986      28.3788
    6987      28.3873
    6988      28.3371
    6989      28.3530
    6990      28.3526
    6991      28.3107
    6992      28.2414
    6993      28.3178
    6994      28.2600
    6995      28.3678
    6996      28.3906
    6997      28.3950
    6998      28.3512
    6999      28.5465
    7000      28.4474
    7001      28.3130
    7002      28.5218
    7003      28.4415
    7004      28.3908
    7005      28.5603
    7006      28.5540
    7007      28.5182
    7008      28.3497
    7009      28.4651
    7010      28.4341
    7011      28.4370
    7012      28.3925
    7013      28.3917
    7014      28.3469
    7015      28.4827
    7016      28.4378
    7017      28.4101
    7018      28.2784
    7019      28.3757
    7020      28.3825
    7021      28.4198
    7022      28.3659
    7023      28.3732
    7024      28.4894
    7025      28.4455
    7026      28.4870
    7027      28.5433
    7028      28.4734
    7029      28.4731
    7030      28.5617
    7031      28.6397
    7032      28.5225
    7033      28.5386
    7034      28.5712
    7035      28.6400
    7036      28.6245
    7037      28.4615
    7038      28.5064
    7039      28.4924
    7040      28.4677
    7041      28.4775
    7042      28.3962
    7043      28.4618
    7044      28.4219
    7045      28.3441
    7046      28.3787
    7047      28.4322
    7048      28.4354
    7049      28.3848
    7050      28.3496
    7051      28.4503
    7052      28.4138
    7053      28.3186
    7054      28.3902
    7055      28.4397
    7056      28.4298
    7057      28.3952
    7058      28.4477
    7059      28.4120
    7060      28.3935
    7061      28.4050
    7062      28.3892
    7063      28.3941
    7064      28.3481
    7065      28.3908
    7066      28.5129
    7067      28.4190
    7068      28.4396
    7069      28.3778
    7070      28.3735
    7071      28.3682
    7072      28.3658
    7073      28.3375
    7074      28.4831
    7075      28.4001
    7076      28.3754
    7077      28.3620
    7078      28.3554
    7079      28.4227
    7080      28.5118
    7081      28.4581
    7082      28.5624
    7083      28.3841
    7084      28.3651
    7085      28.3668
    7086      28.4025
    7087      28.3518
    7088      28.3411
    7089      28.3468
    7090      28.4078
    7091      28.4245
    7092      28.4478
    7093      28.4745
    7094      28.5786
    7095      28.5433
    7096      28.5477
    7097      28.5451
    7098      28.4066
    7099      28.3979
    7100      28.3881
    7101      28.4655
    7102      28.4966
    7103      28.5018
    7104      28.5009
    7105      28.4169
    7106      28.4504
    7107      28.4376
    7108      28.3713
    7109      28.4030
    7110      28.4759
    7111      28.4672
    7112      28.5273
    7113      28.5626
    7114      28.3903
    7115      28.3702
    7116      28.3815
    7117      28.3849
    7118      28.4553
    7119      28.3891
    7120      28.4201
    7121      28.4504
    7122      28.4391
    7123      28.4636
    7124      28.4099
    7125      28.4149
    7126      28.3776
    7127      28.3209
    7128      28.2990
    7129      28.3412
    7130      28.3175
    7131      28.2469
    7132      28.2175
    7133      28.2771
    7134      28.2388
    7135      28.3346
    7136      28.3105
    7137      28.3623
    7138      28.3538
    7139      28.3798
    7140      28.3446
    7141      28.4007
    7142      28.3277
    7143      28.3731
    7144      28.3557
    7145      28.3763
    7146      28.3727
    7147      28.4160
    7148      28.3679
    7149      28.3054
    7150      28.2957
    7151      28.4099
    7152      28.3171
    7153      28.3626
    7154      28.3359
    7155      28.3629
    7156      28.2891
    7157      28.3389
    7158      28.2743
    7159      28.3556
    7160      28.3804
    7161      28.2818
    7162      28.2812
    7163      28.3875
    7164      28.3168
    7165      28.2617
    7166      28.3222
    7167      28.4096
    7168      28.3504
    7169      28.3910
    7170      28.2719
    7171      28.3330
    7172      28.3845
    7173      28.2470
    7174      28.2651
    7175      28.2882
    7176      28.3148
    7177      28.3032
    7178      28.3385
    7179      28.2750
    7180      28.3531
    7181      28.4266
    7182      28.3139
    7183      28.3982
    7184      28.4032
    7185      28.4307
    7186      28.3512
    7187      28.3354
    7188      28.3255
    7189      28.4099
    7190      28.3108
    7191      28.3668
    7192      28.3196
    7193      28.3515
    7194      28.3374
    7195      28.3996
    7196      28.3679
    7197      28.3779
    7198      28.3463
    7199      28.3988
    7200      28.4404
    7201      28.3992
    7202      28.4228
    7203      28.4577
    7204      28.5304
    7205      28.4352
    7206      28.4580
    7207      28.3665
    7208      28.3901
    7209      28.3455
    7210      28.3799
    7211      28.4352
    7212      28.3418
    7213      28.2951
    7214      28.3026
    7215      28.3272
    7216      28.2992
    7217      28.2930
    7218      28.3150
    7219      28.2445
    7220      28.2321
    7221      28.3242
    7222      28.3414
    7223      28.2694
    7224      28.3171
    7225      28.2962
    7226      28.3421
    7227      28.3867
    7228      28.3426
    7229      28.3192
    7230      28.4204
    7231      28.3727
    7232      28.3659
    7233      28.3815
    7234      28.3843
    7235      28.3847
    7236      28.3765
    7237      28.3874
    7238      28.4242
    7239      28.5044
    7240      28.4746
    7241      28.4208
    7242      28.3931
    7243      28.4193
    7244      28.2739
    7245      28.2433
    7246      28.2407
    7247      28.2436
    7248      28.2423
    7249      28.2514
    7250      28.4103
    7251      28.4194
    7252      28.3486
    7253      28.4103
    7254      28.3501
    7255      28.2667
    7256      28.3169
    7257      28.2814
    7258      28.3458
    7259      28.3275
    7260      28.3737
    7261      28.4088
    7262      28.3253
    7263      28.4152
    7264      28.3773
    7265      28.3622
    7266      28.3838
    7267      28.3810
    7268      28.3468
    7269      28.2812
    7270      28.3085
    7271      28.2780
    7272      28.2720
    7273      28.3436
    7274      28.3824
    7275      28.4933
    7276      28.4513
    7277      28.4278
    7278      28.3950
    7279      28.4338
    7280      28.4054
    7281      28.4002
    7282      28.4009
    7283      28.3672
    7284      28.4394
    7285      28.3909
    7286      28.3585
    7287      28.4667
    7288      28.4236
    7289      28.4143
    7290      28.4082
    7291      28.4596
    7292      28.4081
    7293      28.4450
    7294      28.4740
    7295      28.5032
    7296      28.4149
    7297      28.4728
    7298      28.4300
    7299      28.4330
    7300      28.3960
    7301      28.2659
    7302      28.4911
    7303      28.5027
    7304      28.4197
    7305      28.5013
    7306      28.4523
    7307      28.3875
    7308      28.3884
    7309      28.3579
    7310      28.4088
    7311      28.4465
    7312      28.4818
    7313      28.5150
    7314      28.5049
    7315      28.5587
    7316      28.4684
    7317      28.4747
    7318      28.3739
    7319      28.4163
    7320      28.4384
    7321      28.3395
    7322      28.3700
    7323      28.2421
    7324      28.2577
    7325      28.3082
    7326      28.3378
    7327      28.3516
    7328      28.2784
    7329      28.3730
    7330      28.4443
    7331      28.3360
    7332      28.4198
    7333      28.3465
    7334      28.3469
    7335      28.3503
    7336      28.4312
    7337      28.3568
    7338      28.3904
    7339      28.4062
    7340      28.4199
    7341      28.4701
    7342      28.4423
    7343      28.4518
    7344      28.3534
    7345      28.3651
    7346      28.4401
    7347      28.4047
    7348      28.4049
    7349      28.4852
    7350      28.3944
    7351      28.3692
    7352      28.2911
    7353      28.2939
    7354      28.1588
    7355      28.1908
    7356      28.2506
    7357      28.2633
    7358      28.2656
    7359      28.2162
    7360      28.1702
    7361      28.1299
    7362      28.2397
    7363      28.1950
    7364      28.1470
    7365      28.2111
    7366      28.1294
    7367      28.0875
    7368      28.1519
    7369      28.2296
    7370      28.2003
    7371      28.2135
    7372      28.2148
    7373      28.1765
    7374      28.1593
    7375      28.1806
    7376      28.1609
    7377      28.1250
    7378      28.2965
    7379      28.1520
    7380      28.1659
    7381      28.1553
    7382      28.2338
    7383      28.1573
    7384      28.1287
    7385      28.2966
    7386      28.3183
    7387      28.2375
    7388      28.1909
    7389      28.2875
    7390      28.2898
    7391      28.3258
    7392      28.3051
    7393      28.2833
    7394      28.3188
    7395      28.3233
    7396      28.3057
    7397      28.3083
    7398      28.2979
    7399      28.2364
    7400      28.2185
    7401      28.2273
    7402      28.1965
    7403      28.2241
    7404      28.2327
    7405      28.2626
    7406      28.2747
    7407      28.3754
    7408      28.2364
    7409      28.2436
    7410      28.2126
    7411      28.1317
    7412      28.1821
    7413      28.1888
    7414      28.3141
    7415      28.2913
    7416      28.1658
    7417      28.2060
    7418      28.1856
    7419      28.1964
    7420      28.2673
    7421      28.1946
    7422      28.2836
    7423      28.2902
    7424      28.2537
    7425      28.3219
    7426      28.3213
    7427      28.2601
    7428      28.2091
    7429      28.2464
    7430      28.2568
    7431      28.2231
    7432      28.0833
    7433      28.0854
    7434      28.0979
    7435      28.0606
    7436      28.1839
    7437      28.2680
    7438      28.2321
    7439      28.1695
    7440      28.1603
    7441      28.2878
    7442      28.2628
    7443      28.3524
    7444      28.3070
    7445      28.2901
    7446      28.2454
    7447      28.3163
    7448      28.1984
    7449      28.3098
    7450      28.2728
    7451      28.3218
    7452      28.2710
    7453      28.2425
    7454      28.2814
    7455      28.2123
    7456      28.1825
    7457      28.1698
    7458      28.3010
    7459      28.2649
    7460      28.2292
    7461      28.1857
    7462      28.2141
    7463      28.2300
    7464      28.2138
    7465      28.2029
    7466      28.2488
    7467      28.2295
    7468      28.2403
    7469      28.2923
    7470      28.3070
    7471      28.2777
    7472      28.3455
    7473      28.3138
    7474      28.3402
    7475      28.4069
    7476      28.3074
    7477      28.3082
    7478      28.2635
    7479      28.3145
    7480      28.4008
    7481      28.3665
    7482      28.2004
    7483      28.2626
    7484      28.2665
    7485      28.3404
    7486      28.3901
    7487      28.3169
    7488      28.3265
    7489      28.2653
    7490      28.1889
    7491      28.2427
    7492      28.2605
    7493      28.2079
    7494      28.1684
    7495      28.2863
    7496      28.2847
    7497      28.3665
    7498      28.3382
    7499      28.3728
    7500      28.3722
    7501      28.4129
    7502      28.5104
    7503      28.5270
    7504      28.4212
    7505      28.3406
    7506      28.3168
    7507      28.3871
    7508      28.3176
    7509      28.2423
    7510      28.3375
    7511      28.3661
    7512      28.2521
    7513      28.2933
    7514      28.2512
    7515      28.1924
    7516      28.2698
    7517      28.2041
    7518      28.0889
    7519      28.0876
    7520      28.1627
    7521      28.1938
    7522      28.1680
    7523      28.1679
    7524      28.1593
    7525      28.1775
    7526      28.1085
    7527      28.1818
    7528      28.1909
    7529      28.2654
    7530      28.2221
    7531      28.2822
    7532      28.2241
    7533      28.2634
    7534      28.2577
    7535      28.2711
    7536      28.2616
    7537      28.2446
    7538      28.1576
    7539      28.1711
    7540      28.1879
    7541      28.1653
    7542      28.2294
    7543      28.1421
    7544      28.2213
    7545      28.1775
    7546      28.1555
    7547      28.1903
    7548      28.1502
    7549      28.2011
    7550      28.1958
    7551      28.2200
    7552      28.2354
    7553      28.1576
    7554      28.1851
    7555      28.2857
    7556      28.2639
    7557      28.1597
    7558      28.3095
    7559      28.2322
    7560      28.2125
    7561      28.1491
    7562      28.1013
    7563      28.1709
    7564      28.1440
    7565      28.2563
    7566      28.2536
    7567      28.2837
    7568      28.2029
    7569      28.2338
    7570      28.1704
    7571      28.2356
    7572      28.2534
    7573      28.2095
    7574      28.2338
    7575      28.2455
    7576      28.2718
    7577      28.3602
    7578      28.2928
    7579      28.2655
    7580      28.3020
    7581      28.2442
    7582      28.1340
    7583      28.1371
    7584      28.1317
    7585      28.1739
    7586      28.2426
    7587      28.1925
    7588      28.1414
    7589      28.1361
    7590      28.1179
    7591      28.1067
    7592      28.1867
    7593      28.2658
    7594      28.1309
    7595      28.1777
    7596      28.2047
    7597      28.1733
    7598      28.2100
    7599      28.1343
    7600      28.2295
    7601      28.2216
    7602      28.2071
    7603      28.2566
    7604      28.2342
    7605      28.2245
    7606      28.1829
    7607      28.2137
    7608      28.2919
    7609      28.2561
    7610      28.2334
    7611      28.1833
    7612      28.1856
    7613      28.2537
    7614      28.1659
    7615      28.1997
    7616      28.2754
    7617      28.1230
    7618      28.1454
    7619      28.2345
    7620      28.2839
    7621      28.3408
    7622      28.2492
    7623      28.2893
    7624      28.3319
    7625      28.1915
    7626      28.1816
    7627      28.3324
    7628      28.2418
    7629      28.3312
    7630      28.2491
    7631      28.2504
    7632      28.3632
    7633      28.3034
    7634      28.2796
    7635      28.2727
    7636      28.2482
    7637      28.1848
    7638      28.2578
    7639      28.1951
    7640      28.2126
    7641      28.1360
    7642      28.1963
    7643      28.2321
    7644      28.1558
    7645      28.2742
    7646      28.1774
    7647      28.2616
    7648      28.1785
    7649      28.1667
    7650      28.2280
    7651      28.1959
    7652      28.2495
    7653      28.2519
    7654      28.2267
    7655      28.2744
    7656      28.3008
    7657      28.2719
    7658      28.3273
    7659      28.2621
    7660      28.3453
    7661      28.3257
    7662      28.4726
    7663      28.3653
    7664      28.3504
    7665      28.3370
    7666      28.4221
    7667      28.4521
    7668      28.3486
    7669      28.3772
    7670      28.3171
    7671      28.3942
    7672      28.4026
    7673      28.3661
    7674      28.3371
    7675      28.2417
    7676      28.2756
    7677      28.2887
    7678      28.2652
    7679      28.3645
    7680      28.3477
    7681      28.4121
    7682      28.2908
    7683      28.3079
    7684      28.3366
    7685      28.2615
    7686      28.4133
    7687      28.4567
    7688      28.4793
    7689      28.4047
    7690      28.5738
    7691      28.4270
    7692      28.4257
    7693      28.4223
    7694      28.3995
    7695      28.3905
    7696      28.3972
    7697      28.4223
    7698      28.3839
    7699      28.4007
    7700      28.4155
    7701      28.3774
    7702      28.4092
    7703      28.3014
    7704      28.2869
    7705      28.2661
    7706      28.3549
    7707      28.3321
    7708      28.2350
    7709      28.3282
    7710      28.3464
    7711      28.4234
    7712      28.3711
    7713      28.2697
    7714      28.2128
    7715      28.3633
    7716      28.3235
    7717      28.2268
    7718      28.2712
    7719      28.2859
    7720      28.3711
    7721      28.3684
    7722      28.4563
    7723      28.3308
    7724      28.2938
    7725      28.3638
    7726      28.3708
    7727      28.3468
    7728      28.4845
    7729      28.4421
    7730      28.3807
    7731      28.3136
    7732      28.4663
    7733      28.4366
    7734      28.4029
    7735      28.3435
    7736      28.3882
    7737      28.3626
    7738      28.3797
    7739      28.5020
    7740      28.4512
    7741      28.3991
    7742      28.3933
    7743      28.3924
    7744      28.4457
    7745      28.3996
    7746      28.3229
    7747      28.4749
    7748      28.4508
    7749      28.4527
    7750      28.5140
    7751      28.4964
    7752      28.5087
    7753      28.6027
    7754      28.5549
    7755      28.6358
    7756      28.4797
    7757      28.5525
    7758      28.4810
    7759      28.5225
    7760      28.4499
    7761      28.4717
    7762      28.4481
    7763      28.5109
    7764      28.5557
    7765      28.4717
    7766      28.4523
    7767      28.4865
    7768      28.5300
    7769      28.4061
    7770      28.4663
    7771      28.5246
    7772      28.4751
    7773      28.5543
    7774      28.6127
    7775      28.6615
    7776      28.6692
    7777      28.5454
    7778      28.5574
    7779      28.6007
    7780      28.5876
    7781      28.5977
    7782      28.6267
    7783      28.4788
    7784      28.3763
    7785      28.3969
    7786      28.5514
    7787      28.4314
    7788      28.4666
    7789      28.4796
    7790      28.3749
    7791      28.4358
    7792      28.4187
    7793      28.4297
    7794      28.4150
    7795      28.4151
    7796      28.4523
    7797      28.4162
    7798      28.4113
    7799      28.4301
    7800      28.4969
    7801      28.4934
    7802      28.6087
    7803      28.5434
    7804      28.5379
    7805      28.4910
    7806      28.4325
    7807      28.5017
    7808      28.5077
    7809      28.5012
    7810      28.4984
    7811      28.4761
    7812      28.4889
    7813      28.5184
    7814      28.5927
    7815      28.5687
    7816      28.5225
    7817      28.6594
    7818      28.4810
    7819      28.5096
    7820      28.4643
    7821      28.6059
    7822      28.5276
    7823      28.5029
    7824      28.6316
    7825      28.5810
    7826      28.6037
    7827      28.5488
    7828      28.4592
    7829      28.5054
    7830      28.4967
    7831      28.4530
    7832      28.5148
    7833      28.4575
    7834      28.4850
    7835      28.5530
    7836      28.4591
    7837      28.5213
    7838      28.4619
    7839      28.4528
    7840      28.4347
    7841      28.4775
    7842      28.4308
    7843      28.5009
    7844      28.5664
    7845      28.5896
    7846      28.6007
    7847      28.6133
    7848      28.4933
    7849      28.4559
    7850      28.3777
    7851      28.4572
    7852      28.4411
    7853      28.4234
    7854      28.4802
    7855      28.4080
    7856      28.3446
    7857      28.4359
    7858      28.4341
    7859      28.4251
    7860      28.4097
    7861      28.5147
    7862      28.4471
    7863      28.4186
    7864      28.5264
    7865      28.4471
    7866      28.4877
    7867      28.4249
    7868      28.4958
    7869      28.4086
    7870      28.3259
    7871      28.3306
    7872      28.4237
    7873      28.4259
    7874      28.4433
    7875      28.2917
    7876      28.3058
    7877      28.3303
    7878      28.3741
    7879      28.3610
    7880      28.3402
    7881      28.3454
    7882      28.3593
    7883      28.3492
    7884      28.4195
    7885      28.5300
    7886      28.5513
    7887      28.4782
    7888      28.4796
    7889      28.5060
    7890      28.4270
    7891      28.4850
    7892      28.4971
    7893      28.5005
    7894      28.3970
    7895      28.5208
    7896      28.4279
    7897      28.3857
    7898      28.3819
    7899      28.4088
    7900      28.3321
    7901      28.3222
    7902      28.4210
    7903      28.4185
    7904      28.4226
    7905      28.3711
    7906      28.4587
    7907      28.3247
    7908      28.3657
    7909      28.3282
    7910      28.2810
    7911      28.2566
    7912      28.3356
    7913      28.2823
    7914      28.2982
    7915      28.2732
    7916      28.3331
    7917      28.3666
    7918      28.3812
    7919      28.3999
    7920      28.4071
    7921      28.3924
    7922      28.4573
    7923      28.4651
    7924      28.4721
    7925      28.4508
    7926      28.4624
    7927      28.5462
    7928      28.4502
    7929      28.4202
    7930      28.3397
    7931      28.3895
    7932      28.4660
    7933      28.5238
    7934      28.4909
    7935      28.4271
    7936      28.4809
    7937      28.5161
    7938      28.4295
    7939      28.4747
    7940      28.4995
    7941      28.5288
    7942      28.4418
    7943      28.4882
    7944      28.4820
    7945      28.4361
    7946      28.4282
    7947      28.4998
    7948      28.5584
    7949      28.4908
    7950      28.4197
    7951      28.4319
    7952      28.4898
    7953      28.4935
    7954      28.5052
    7955      28.5398
    7956      28.4870
    7957      28.4611
    7958      28.5898
    7959      28.4984
    7960      28.4766
    7961      28.5141
    7962      28.4223
    7963      28.4630
    7964      28.3559
    7965      28.4644
    7966      28.4622
    7967      28.5055
    7968      28.4151
    7969      28.4561
    7970      28.4750
    7971      28.3544
    7972      28.4872
    7973      28.5643
    7974      28.5875
    7975      28.5200
    7976      28.5097
    7977      28.4541
    7978      28.5209
    7979      28.4920
    7980      28.5471
    7981      28.5674
    7982      28.5779
    7983      28.6401
    7984      28.6097
    7985      28.6005
    7986      28.6504
    7987      28.7022
    7988      28.6042
    7989      28.6421
    7990      28.6679
    7991      28.5916
    7992      28.5484
    7993      28.5137
    7994      28.5916
    7995      28.6240
    7996      28.5644
    7997      28.6485
    7998      28.5871
    7999      28.5584
    8000      28.5663
    8001      28.5019
    8002      28.4369
    8003      28.5833
    8004      28.5288
    8005      28.5376
    8006      28.6594
    8007      28.6319
    8008      28.6606
    8009      28.6551
    8010      28.7296
    8011      28.7048
    8012      28.7406
    8013      28.7137
    8014      28.7241
    8015      28.6688
    8016      28.6915
    8017      28.7062
    8018      28.7403
    8019      28.6800
    8020      28.7389
    8021      28.6533
    8022      28.6671
    8023      28.6900
    8024      28.7189
    8025      28.6326
    8026      28.7323
    8027      28.7210
    8028      28.5697
    8029      28.7005
    8030      28.7320
    8031      28.6758
    8032      28.6245
    8033      28.6081
    8034      28.6678
    8035      28.6190
    8036      28.7958
    8037      28.7808
    8038      28.7202
    8039      28.7977
    8040      28.8042
    8041      28.7633
    8042      28.7303
    8043      28.6576
    8044      28.7606
    8045      28.8102
    8046      28.7567
    8047      28.8225
    8048      28.7419
    8049      28.8471
    8050      28.7937
    8051      28.8038
    8052      28.7296
    8053      28.6936
    8054      28.7273
    8055      28.7111
    8056      28.7794
    8057      28.7414
    8058      28.7042
    8059      28.6844
    8060      28.7842
    8061      28.7257
    8062      28.8093
    8063      28.7795
    8064      28.6755
    8065      28.8295
    8066      28.8937
    8067      28.8425
    8068      28.7263
    8069      28.7758
    8070      28.6844
    8071      28.7223
    8072      28.7028
    8073      28.6332
    8074      28.5272
    8075      28.4976
    8076      28.5474
    8077      28.4980
    8078      28.4757
    8079      28.5828
    8080      28.6640
    8081      28.6412
    8082      28.5097
    8083      28.3918
    8084      28.4556
    8085      28.4636
    8086      28.5099
    8087      28.5118
    8088      28.5799
    8089      28.5225
    8090      28.4158
    8091      28.4176
    8092      28.4548
    8093      28.6047
    8094      28.5789
    8095      28.5656
    8096      28.5647
    8097      28.4822
    8098      28.5373
    8099      28.5725
    8100      28.5711
    8101      28.5431
    8102      28.4618
    8103      28.4588
    8104      28.4950
    8105      28.4174
    8106      28.3834
    8107      28.4992
    8108      28.4461
    8109      28.4587
    8110      28.4533
    8111      28.4608
    8112      28.5199
    8113      28.5661
    8114      28.4851
    8115      28.5345
    8116      28.5527
    8117      28.5209
    8118      28.5197
    8119      28.4963
    8120      28.4946
    8121      28.5094
    8122      28.4975
    8123      28.5072
    8124      28.4744
    8125      28.5109
    8126      28.4833
    8127      28.5492
    8128      28.5896
    8129      28.4779
    8130      28.5236
    8131      28.3645
    8132      28.4100
    8133      28.3304
    8134      28.4288
    8135      28.4232
    8136      28.5144
    8137      28.5415
    8138      28.5634
    8139      28.5027
    8140      28.5710
    8141      28.5630
    8142      28.5271
    8143      28.3665
    8144      28.5596
    8145      28.5348
    8146      28.4549
    8147      28.5090
    8148      28.4805
    8149      28.4895
    8150      28.4331
    8151      28.3611
    8152      28.2943
    8153      28.4462
    8154      28.4209
    8155      28.3501
    8156      28.3493
    8157      28.3955
    8158      28.4185
    8159      28.3922
    8160      28.4926
    8161      28.3193
    8162      28.3862
    8163      28.3885
    8164      28.3886
    8165      28.4918
    8166      28.4006
    8167      28.4095
    8168      28.3976
    8169      28.4182
    8170      28.4436
    8171      28.4681
    8172      28.4751
    8173      28.4222
    8174      28.4226
    8175      28.3826
    8176      28.3780
    8177      28.3248
    8178      28.4060
    8179      28.3248
    8180      28.4659
    8181      28.5687
    8182      28.4869
    8183      28.4334
    8184      28.3833
    8185      28.3412
    8186      28.4000
    8187      28.4351
    8188      28.3675
    8189      28.2812
    8190      28.4820
    8191      28.4354
    8192      28.4816
    8193      28.5128
    8194      28.5130
    8195      28.4247
    8196      28.4680
    8197      28.4044
    8198      28.4176
    8199      28.3670
    8200      28.4336
    8201      28.4076
    8202      28.5032
    8203      28.4088
    8204      28.4446
    8205      28.3925
    8206      28.4596
    8207      28.4438
    8208      28.4345
    8209      28.4524
    8210      28.4002
    8211      28.4871
    8212      28.3730
    8213      28.4098
    8214      28.4449
    8215      28.2964
    8216      28.3610
    8217      28.4509
    8218      28.3384
    8219      28.4028
    8220      28.4201
    8221      28.4611
    8222      28.4444
    8223      28.4824
    8224      28.4927
    8225      28.5569
    8226      28.5000
    8227      28.5447
    8228      28.5210
    8229      28.4575
    8230      28.4165
    8231      28.4647
    8232      28.4082
    8233      28.4782
    8234      28.5418
    8235      28.5372
    8236      28.4630
    8237      28.5631
    8238      28.5414
    8239      28.5223
    8240      28.4068
    8241      28.4553
    8242      28.5016
    8243      28.5774
    8244      28.5261
    8245      28.5140
    8246      28.4322
    8247      28.3180
    8248      28.3787
    8249      28.4141
    8250      28.4342
    8251      28.4102
    8252      28.3931
    8253      28.3949
    8254      28.4192
    8255      28.4710
    8256      28.4346
    8257      28.5340
    8258      28.4962
    8259      28.5214
    8260      28.3318
    8261      28.3519
    8262      28.4281
    8263      28.3959
    8264      28.4651
    8265      28.5304
    8266      28.5266
    8267      28.5346
    8268      28.4682
    8269      28.4890
    8270      28.5343
    8271      28.6376
    8272      28.4707
    8273      28.3993
    8274      28.4156
    8275      28.3650
    8276      28.3558
    8277      28.4725
    8278      28.4710
    8279      28.4287
    8280      28.4791
    8281      28.4689
    8282      28.5171
    8283      28.6387
    8284      28.5239
    8285      28.5216
    8286      28.5252
    8287      28.5960
    8288      28.6866
    8289      28.4684
    8290      28.4603
    8291      28.5089
    8292      28.4230
    8293      28.4999
    8294      28.4969
    8295      28.4194
    8296      28.4563
    8297      28.5202
    8298      28.4988
    8299      28.4672
    8300      28.4932
    8301      28.4861
    8302      28.4931
    8303      28.4501
    8304      28.4488
    8305      28.4902
    8306      28.4682
    8307      28.4781
    8308      28.4604
    8309      28.4861
    8310      28.3888
    8311      28.4280
    8312      28.5163
    8313      28.5898
    8314      28.6009
    8315      28.6099
    8316      28.6147
    8317      28.4258
    8318      28.5175
    8319      28.4503
    8320      28.5410
    8321      28.5298
    8322      28.4311
    8323      28.4903
    8324      28.5264
    8325      28.4760
    8326      28.4289
    8327      28.4622
    8328      28.4709
    8329      28.4940
    8330      28.4898
    8331      28.4389
    8332      28.4793
    8333      28.4155
    8334      28.4023
    8335      28.4694
    8336      28.5648
    8337      28.6161
    8338      28.6468
    8339      28.5409
    8340      28.4904
    8341      28.5230
    8342      28.5286
    8343      28.4055
    8344      28.4683
    8345      28.6058
    8346      28.6350
    8347      28.4747
    8348      28.3599
    8349      28.5783
    8350      28.4662
    8351      28.4015
    8352      28.3615
    8353      28.4770
    8354      28.4756
    8355      28.5389
    8356      28.5159
    8357      28.5149
    8358      28.4886
    8359      28.5645
    8360      28.4777
    8361      28.4627
    8362      28.4136
    8363      28.3833
    8364      28.4495
    8365      28.4151
    8366      28.4752
    8367      28.4698
    8368      28.5300
    8369      28.4652
    8370      28.4485
    8371      28.4381
    8372      28.4780
    8373      28.4964
    8374      28.5563
    8375      28.5462
    8376      28.4835
    8377      28.4387
    8378      28.4198
    8379      28.4189
    8380      28.4829
    8381      28.5255
    8382      28.4013
    8383      28.4690
    8384      28.4320
    8385      28.4965
    8386      28.4992
    8387      28.4138
    8388      28.4494
    8389      28.4860
    8390      28.4586
    8391      28.3987
    8392      28.4515
    8393      28.5915
    8394      28.5170
    8395      28.4918
    8396      28.4612
    8397      28.4321
    8398      28.4373
    8399      28.4260
    8400      28.4623
    8401      28.4393
    8402      28.4443
    8403      28.4963
    8404      28.4890
    8405      28.5070
    8406      28.3855
    8407      28.5217
    8408      28.3757
    8409      28.5005
    8410      28.4652
    8411      28.5938
    8412      28.6064
    8413      28.6000
    8414      28.5159
    8415      28.4882
    8416      28.4655
    8417      28.4683
    8418      28.4720
    8419      28.5059
    8420      28.4967
    8421      28.5288
    8422      28.4564
    8423      28.4706
    8424      28.5130
    8425      28.4878
    8426      28.4611
    8427      28.4576
    8428      28.4844
    8429      28.4901
    8430      28.5152
    8431      28.5756
    8432      28.5107
    8433      28.4381
    8434      28.5451
    8435      28.5775
    8436      28.5301
    8437      28.5275
    8438      28.5348
    8439      28.4513
    8440      28.5506
    8441      28.4902
    8442      28.4992
    8443      28.5957
    8444      28.5394
    8445      28.4798
    8446      28.5880
    8447      28.4885
    8448      28.5395
    8449      28.4693
    8450      28.4942
    8451      28.5142
    8452      28.5813
    8453      28.5729
    8454      28.5439
    8455      28.4313
    8456      28.5012
    8457      28.5648
    8458      28.4758
    8459      28.4220
    8460      28.4850
    8461      28.4165
    8462      28.4205
    8463      28.4940
    8464      28.4366
    8465      28.4977
    8466      28.4466
    8467      28.4874
    8468      28.4592
    8469      28.4781
    8470      28.4053
    8471      28.5024
    8472      28.4840
    8473      28.5063
    8474      28.5357
    8475      28.4849
    8476      28.4775
    8477      28.5131
    8478      28.4797
    8479      28.4909
    8480      28.4415
    8481      28.4419
    8482      28.4214
    8483      28.3650
    8484      28.4145
    8485      28.4215
    8486      28.4383
    8487      28.4196
    8488      28.4375
    8489      28.4055
    8490      28.3677
    8491      28.3111
    8492      28.4512
    8493      28.4059
    8494      28.5004
    8495      28.4267
    8496      28.5197
    8497      28.4784
    8498      28.5806
    8499      28.6028
    8500      28.3942
    8501      28.4540
    8502      28.5981
    8503      28.5801
    8504      28.5332
    8505      28.4813
    8506      28.4769
    8507      28.4430
    8508      28.5141
    8509      28.5471
    8510      28.6260
    8511      28.5979
    8512      28.5320
    8513      28.5165
    8514      28.6093
    8515      28.6812
    8516      28.5610
    8517      28.4513
    8518      28.6126
    8519      28.5053
    8520      28.5936
    8521      28.5775
    8522      28.5518
    8523      28.4543
    8524      28.4285
    8525      28.4818
    8526      28.4602
    8527      28.4144
    8528      28.3614
    8529      28.3208
    8530      28.3554
    8531      28.3944
    8532      28.3680
    8533      28.3610
    8534      28.3852
    8535      28.4006
    8536      28.3808
    8537      28.4412
    8538      28.3530
    8539      28.4385
    8540      28.5124
    8541      28.5286
    8542      28.5505
    8543      28.5002
    8544      28.3693
    8545      28.3793
    8546      28.4143
    8547      28.3712
    8548      28.4379
    8549      28.3299
    8550      28.3599
    8551      28.4230
    8552      28.4285
    8553      28.3900
    8554      28.3361
    8555      28.4320
    8556      28.3206
    8557      28.4662
    8558      28.4029
    8559      28.3328
    8560      28.3920
    8561      28.4043
    8562      28.3335
    8563      28.3618
    8564      28.4486
    8565      28.3713
    8566      28.4981
    8567      28.4341
    8568      28.4537
    8569      28.3890
    8570      28.3192
    8571      28.3566
    8572      28.5159
    8573      28.4087
    8574      28.3885
    8575      28.3639
    8576      28.3687
    8577      28.4443
    8578      28.3452
    8579      28.3817
    8580      28.3964
    8581      28.3728
    8582      28.4298
    8583      28.3939
    8584      28.3458
    8585      28.3418
    8586      28.4849
    8587      28.4092
    8588      28.4818
    8589      28.4302
    8590      28.4089
    8591      28.3813
    8592      28.4532
    8593      28.3298
    8594      28.3486
    8595      28.3174
    8596      28.3382
    8597      28.3433
    8598      28.4814
    8599      28.4789
    8600      28.3999
    8601      28.4231
    8602      28.4160
    8603      28.3827
    8604      28.4385
    8605      28.5181
    8606      28.4068
    8607      28.4877
    8608      28.4328
    8609      28.3912
    8610      28.4204
    8611      28.5481
    8612      28.4610
    8613      28.4704
    8614      28.4624
    8615      28.3698
    8616      28.4728
    8617      28.4607
    8618      28.4890
    8619      28.4524
    8620      28.3915
    8621      28.3991
    8622      28.4155
    8623      28.4044
    8624      28.4133
    8625      28.4043
    8626      28.4624
    8627      28.4381
    8628      28.4146
    8629      28.4292
    8630      28.4335
    8631      28.3958
    8632      28.4093
    8633      28.4307
    8634      28.4995
    8635      28.5765
    8636      28.5111
    8637      28.5277
    8638      28.5250
    8639      28.5162
    8640      28.4667
    8641      28.4354
    8642      28.4212
    8643      28.4028
    8644      28.4925
    8645      28.3839
    8646      28.3948
    8647      28.4446
    8648      28.3455
    8649      28.3740
    8650      28.4055
    8651      28.4095
    8652      28.4220
    8653      28.4223
    8654      28.4641
    8655      28.4475
    8656      28.4009
    8657      28.4628
    8658      28.4918
    8659      28.4620
    8660      28.4626
    8661      28.4991
    8662      28.4318
    8663      28.4300
    8664      28.3385
    8665      28.3214
    8666      28.2674
    8667      28.3170
    8668      28.4088
    8669      28.3134
    8670      28.3757
    8671      28.2855
    8672      28.3782
    8673      28.3531
    8674      28.4160
    8675      28.4139
    8676      28.4474
    8677      28.3417
    8678      28.3618
    8679      28.3851
    8680      28.3316
    8681      28.4238
    8682      28.4382
    8683      28.4548
    8684      28.4342
    8685      28.3482
    8686      28.2087
    8687      28.3894
    8688      28.3381
    8689      28.4013
    8690      28.4336
    8691      28.4405
    8692      28.4149
    8693      28.3370
    8694      28.3126
    8695      28.3559
    8696      28.4157
    8697      28.4783
    8698      28.4128
    8699      28.4573
    8700      28.4319
    8701      28.4337
    8702      28.3291
    8703      28.4024
    8704      28.5006
    8705      28.4929
    8706      28.4062
    8707      28.3822
    8708      28.4589
    8709      28.4447
    8710      28.4484
    8711      28.3796
    8712      28.4703
    8713      28.5201
    8714      28.4832
    8715      28.4838
    8716      28.5354
    8717      28.4813
    8718      28.4757
    8719      28.3864
    8720      28.4516
    8721      28.3353
    8722      28.4761
    8723      28.5002
    8724      28.3350
    8725      28.4047
    8726      28.4126
    8727      28.3641
    8728      28.5071
    8729      28.4974
    8730      28.4731
    8731      28.4316
    8732      28.4363
    8733      28.4825
    8734      28.3956
    8735      28.3457
    8736      28.4321
    8737      28.4076
    8738      28.4235
    8739      28.4512
    8740      28.4400
    8741      28.5134
    8742      28.4694
    8743      28.3491
    8744      28.3940
    8745      28.4134
    8746      28.4295
    8747      28.4781
    8748      28.5010
    8749      28.3819
    8750      28.3862
    8751      28.4664
    8752      28.4399
    8753      28.4745
    8754      28.4415
    8755      28.4018
    8756      28.4485
    8757      28.4741
    8758      28.4766
    8759      28.5050
    8760      28.5097
    8761      28.4549
    8762      28.4044
    8763      28.4866
    8764      28.4862
    8765      28.4798
    8766      28.4934
    8767      28.4971
    8768      28.4892
    8769      28.4889
    8770      28.5010
    8771      28.3995
    8772      28.5504
    8773      28.5420
    8774      28.5950
    8775      28.5814
    8776      28.5739
    8777      28.4865
    8778      28.4868
    8779      28.4382
    8780      28.5365
    8781      28.4519
    8782      28.5093
    8783      28.4595
    8784      28.4777
    8785      28.4188
    8786      28.4939
    8787      28.4808
    8788      28.4768
    8789      28.4538
    8790      28.3569
    8791      28.3707
    8792      28.3625
    8793      28.3959
    8794      28.4340
    8795      28.3999
    8796      28.4324
    8797      28.4075
    8798      28.4054
    8799      28.4870
    8800      28.3768
    8801      28.5026
    8802      28.4552
    8803      28.4050
    8804      28.4798
    8805      28.4514
    8806      28.5361
    8807      28.4255
    8808      28.5103
    8809      28.4160
    8810      28.3672
    8811      28.3311
    8812      28.3188
    8813      28.2802
    8814      28.3762
    8815      28.3057
    8816      28.3740
    8817      28.3872
    8818      28.3876
    8819      28.3518
    8820      28.4082
    8821      28.4006
    8822      28.4259
    8823      28.3453
    8824      28.4416
    8825      28.4548
    8826      28.4134
    8827      28.4709
    8828      28.3372
    8829      28.3377
    8830      28.3923
    8831      28.3826
    8832      28.3749
    8833      28.3718
    8834      28.3198
    8835      28.3472
    8836      28.3270
    8837      28.3295
    8838      28.2967
    8839      28.2971
    8840      28.4252
    8841      28.4519
    8842      28.4509
    8843      28.3512
    8844      28.3533
    8845      28.3258
    8846      28.3895
    8847      28.3973
    8848      28.4686
    8849      28.3758
    8850      28.3049
    8851      28.4311
    8852      28.3681
    8853      28.2374
    8854      28.3161
    8855      28.3399
    8856      28.4185
    8857      28.3535
    8858      28.4884
    8859      28.4025
    8860      28.4171
    8861      28.4368
    8862      28.3342
    8863      28.3433
    8864      28.4221
    8865      28.3083
    8866      28.3300
    8867      28.3028
    8868      28.3622
    8869      28.3139
    8870      28.4363
    8871      28.4677
    8872      28.4211
    8873      28.3295
    8874      28.3690
    8875      28.4963
    8876      28.4615
    8877      28.4218
    8878      28.3453
    8879      28.3729
    8880      28.3677
    8881      28.3834
    8882      28.4408
    8883      28.3612
    8884      28.3910
    8885      28.3844
    8886      28.4266
    8887      28.4126
    8888      28.4111
    8889      28.4392
    8890      28.4665
    8891      28.4288
    8892      28.4471
    8893      28.4473
    8894      28.3672
    8895      28.5066
    8896      28.3607
    8897      28.3782
    8898      28.3428
    8899      28.4457
    8900      28.3924
    8901      28.4260
    8902      28.4043
    8903      28.4293
    8904      28.4148
    8905      28.2785
    8906      28.3846
    8907      28.4362
    8908      28.4346
    8909      28.4678
    8910      28.4556
    8911      28.4109
    8912      28.4219
    8913      28.4275
    8914      28.4188
    8915      28.4304
    8916      28.5215
    8917      28.5105
    8918      28.5696
    8919      28.5634
    8920      28.5486
    8921      28.5068
    8922      28.5441
    8923      28.5451
    8924      28.5094
    8925      28.3275
    8926      28.3788
    8927      28.4056
    8928      28.4056
    8929      28.3992
    8930      28.4000
    8931      28.4145
    8932      28.4190
    8933      28.3969
    8934      28.3104
    8935      28.3328
    8936      28.3331
    8937      28.3205
    8938      28.4137
    8939      28.3248
    8940      28.3328
    8941      28.3155
    8942      28.3991
    8943      28.4193
    8944      28.3402
    8945      28.4616
    8946      28.4379
    8947      28.4230
    8948      28.3616
    8949      28.4240
    8950      28.4262
    8951      28.4603
    8952      28.4663
    8953      28.4554
    8954      28.4658
    8955      28.4135
    8956      28.4426
    8957      28.3788
    8958      28.4841
    8959      28.4008
    8960      28.4652
    8961      28.4909
    8962      28.4330
    8963      28.4476
    8964      28.4456
    8965      28.4615
    8966      28.4905
    8967      28.5655
    8968      28.4965
    8969      28.4126
    8970      28.4741
    8971      28.5558
    8972      28.5338
    8973      28.4880
    8974      28.5152
    8975      28.5146
    8976      28.5613
    8977      28.5446
    8978      28.4615
    8979      28.4749
    8980      28.4124
    8981      28.4856
    8982      28.5039
    8983      28.4868
    8984      28.4623
    8985      28.4561
    8986      28.3756
    8987      28.4490
    8988      28.4901
    8989      28.4351
    8990      28.4226
    8991      28.4349
    8992      28.3951
    8993      28.3637
    8994      28.3466
    8995      28.3425
    8996      28.4381
    8997      28.3654
    8998      28.4394
    8999      28.4730
    9000      28.3692
    9001      28.4031
    9002      28.3970
    9003      28.4573
    9004      28.4802
    9005      28.3998
    9006      28.4015
    9007      28.3986
    9008      28.4344
    9009      28.4330
    9010      28.3812
    9011      28.3781
    9012      28.4600
    9013      28.4660
    9014      28.4066
    9015      28.3374
    9016      28.4651
    9017      28.4222
    9018      28.3690
    9019      28.3345
    9020      28.4741
    9021      28.4302
    9022      28.3364
    9023      28.4482
    9024      28.5286
    9025      28.3522
    9026      28.3878
    9027      28.3612
    9028      28.3537
    9029      28.3498
    9030      28.3479
    9031      28.4076
    9032      28.3730
    9033      28.4125
    9034      28.3431
    9035      28.3583
    9036      28.3860
    9037      28.4243
    9038      28.4792
    9039      28.4070
    9040      28.3560
    9041      28.4396
    9042      28.4762
    9043      28.3409
    9044      28.3287
    9045      28.3390
    9046      28.3928
    9047      28.3912
    9048      28.4392
    9049      28.3659
    9050      28.4204
    9051      28.3208
    9052      28.3150
    9053      28.3527
    9054      28.3858
    9055      28.4229
    9056      28.3492
    9057      28.3507
    9058      28.4079
    9059      28.3196
    9060      28.4069
    9061      28.3568
    9062      28.3790
    9063      28.4352
    9064      28.4469
    9065      28.3640
    9066      28.3566
    9067      28.4910
    9068      28.4894
    9069      28.4602
    9070      28.4488
    9071      28.4604
    9072      28.4757
    9073      28.4331
    9074      28.5435
    9075      28.4322
    9076      28.4563
    9077      28.3320
    9078      28.3661
    9079      28.4123
    9080      28.2933
    9081      28.3899
    9082      28.2997
    9083      28.3558
    9084      28.4061
    9085      28.4449
    9086      28.4233
    9087      28.3628
    9088      28.3472
    9089      28.3664
    9090      28.4763
    9091      28.3616
    9092      28.4019
    9093      28.3774
    9094      28.4536
    9095      28.4854
    9096      28.4257
    9097      28.3713
    9098      28.4592
    9099      28.3510
    9100      28.4340
    9101      28.4286
    9102      28.4042
    9103      28.3840
    9104      28.3785
    9105      28.3024
    9106      28.3979
    9107      28.3633
    9108      28.3774
    9109      28.3953
    9110      28.3045
    9111      28.3068
    9112      28.3426
    9113      28.3531
    9114      28.3454
    9115      28.4561
    9116      28.3523
    9117      28.3908
    9118      28.4076
    9119      28.3798
    9120      28.3923
    9121      28.5104
    9122      28.3898
    9123      28.4609
    9124      28.5189
    9125      28.4783
    9126      28.4584
    9127      28.4491
    9128      28.4784
    9129      28.5278
    9130      28.3865
    9131      28.4100
    9132      28.4225
    9133      28.4373
    9134      28.2788
    9135      28.4793
    9136      28.3584
    9137      28.3037
    9138      28.3038
    9139      28.2746
    9140      28.3771
    9141      28.3774
    9142      28.3390
    9143      28.3599
    9144      28.3252
    9145      28.2671
    9146      28.2994
    9147      28.3007
    9148      28.3092
    9149      28.2025
    9150      28.2973
    9151      28.3284
    9152      28.3077
    9153      28.2507
    9154      28.3049
    9155      28.3670
    9156      28.3040
    9157      28.4182
    9158      28.3564
    9159      28.3871
    9160      28.3848
    9161      28.3537
    9162      28.3408
    9163      28.2679
    9164      28.2937
    9165      28.3137
    9166      28.3089
    9167      28.3358
    9168      28.3362
    9169      28.4319
    9170      28.4928
    9171      28.4088
    9172      28.3606
    9173      28.4136
    9174      28.4658
    9175      28.3261
    9176      28.3837
    9177      28.3235
    9178      28.4112
    9179      28.3423
    9180      28.2834
    9181      28.2619
    9182      28.2780
    9183      28.3307
    9184      28.4457
    9185      28.4094
    9186      28.4093
    9187      28.3815
    9188      28.3874
    9189      28.4251
    9190      28.5173
    9191      28.4871
    9192      28.4987
    9193      28.6154
    9194      28.4639
    9195      28.4848
    9196      28.4282
    9197      28.4069
    9198      28.4972
    9199      28.5191
    9200      28.5252
    9201      28.5086
    9202      28.4043
    9203      28.4117
    9204      28.3903
    9205      28.4067
    9206      28.4643
    9207      28.3683
    9208      28.4045
    9209      28.4685
    9210      28.4902
    9211      28.3510
    9212      28.3343
    9213      28.3094
    9214      28.3274
    9215      28.4359
    9216      28.4472
    9217      28.4481
    9218      28.3726
    9219      28.3686
    9220      28.4182
    9221      28.3391
    9222      28.4340
    9223      28.3533
    9224      28.4053
    9225      28.4255
    9226      28.4694
    9227      28.4758
    9228      28.4154
    9229      28.4150
    9230      28.4114
    9231      28.4351
    9232      28.3554
    9233      28.2970
    9234      28.3248
    9235      28.3617
    9236      28.3636
    9237      28.3979
    9238      28.4607
    9239      28.3599
    9240      28.3514
    9241      28.3553
    9242      28.3429
    9243      28.4012
    9244      28.4415
    9245      28.4714
    9246      28.4274
    9247      28.4231
    9248      28.3868
    9249      28.3189
    9250      28.3755
    9251      28.2818
    9252      28.3353
    9253      28.3138
    9254      28.3525
    9255      28.3746
    9256      28.3512
    9257      28.3816
    9258      28.3438
    9259      28.4131
    9260      28.3431
    9261      28.3521
    9262      28.3417
    9263      28.2641
    9264      28.4386
    9265      28.2861
    9266      28.4401
    9267      28.4141
    9268      28.3775
    9269      28.2670
    9270      28.3516
    9271      28.3551
    9272      28.2697
    9273      28.2982
    9274      28.2430
    9275      28.2899
    9276      28.3266
    9277      28.3394
    9278      28.3976
    9279      28.3139
    9280      28.3155
    9281      28.4007
    9282      28.4484
    9283      28.5100
    9284      28.4739
    9285      28.4604
    9286      28.3619
    9287      28.4107
    9288      28.3538
    9289      28.3263
    9290      28.3853
    9291      28.4304
    9292      28.3027
    9293      28.3449
    9294      28.3202
    9295      28.2705
    9296      28.3323
    9297      28.4269
    9298      28.3733
    9299      28.3925
    9300      28.4023
    9301      28.4931
    9302      28.3885
    9303      28.4315
    9304      28.4393
    9305      28.4966
    9306      28.5219
    9307      28.3937
    9308      28.4196
    9309      28.4517
    9310      28.4422
    9311      28.5543
    9312      28.4994
    9313      28.4219
    9314      28.3928
    9315      28.4742
    9316      28.4881
    9317      28.4447
    9318      28.4751
    9319      28.5121
    9320      28.5012
    9321      28.5427
    9322      28.4380
    9323      28.4944
    9324      28.3853
    9325      28.4482
    9326      28.4310
    9327      28.4467
    9328      28.4771
    9329      28.3465
    9330      28.3711
    9331      28.3530
    9332      28.3335
    9333      28.3529
    9334      28.3581
    9335      28.4385
    9336      28.4198
    9337      28.4190
    9338      28.3885
    9339      28.4456
    9340      28.4541
    9341      28.4893
    9342      28.3399
    9343      28.4124
    9344      28.4691
    9345      28.3844
    9346      28.4692
    9347      28.5516
    9348      28.5351
    9349      28.4726
    9350      28.4313
    9351      28.3862
    9352      28.4321
    9353      28.4876
    9354      28.4619
    9355      28.4316
    9356      28.4109
    9357      28.3768
    9358      28.3694
    9359      28.4534
    9360      28.4343
    9361      28.4387
    9362      28.3680
    9363      28.3774
    9364      28.3596
    9365      28.3526
    9366      28.4759
    9367      28.4514
    9368      28.3298
    9369      28.3414
    9370      28.3645
    9371      28.3625
    9372      28.4291
    9373      28.3882
    9374      28.3873
    9375      28.4648
    9376      28.5521
    9377      28.4651
    9378      28.3288
    9379      28.4571
    9380      28.3756
    9381      28.3626
    9382      28.3738
    9383      28.3537
    9384      28.3736
    9385      28.4382
    9386      28.3925
    9387      28.3644
    9388      28.3274
    9389      28.4177
    9390      28.4084
    9391      28.3851
    9392      28.3549
    9393      28.4198
    9394      28.3720
    9395      28.4906
    9396      28.3817
    9397      28.3663
    9398      28.4258
    9399      28.4621
    9400      28.4337
    9401      28.4946
    9402      28.5189
    9403      28.4681
    9404      28.4027
    9405      28.5117
    9406      28.3886
    9407      28.3603
    9408      28.3618
    9409      28.4318
    9410      28.3899
    9411      28.4301
    9412      28.5226
    9413      28.4645
    9414      28.3853
    9415      28.4165
    9416      28.3263
    9417      28.4292
    9418      28.3053
    9419      28.3389
    9420      28.3722
    9421      28.3297
    9422      28.3085
    9423      28.3421
    9424      28.4149
    9425      28.4774
    9426      28.5250
    9427      28.4701
    9428      28.3824
    9429      28.4224
    9430      28.4252
    9431      28.4288
    9432      28.5305
    9433      28.4400
    9434      28.3999
    9435      28.3907
    9436      28.4316
    9437      28.3753
    9438      28.3430
    9439      28.3617
    9440      28.4018
    9441      28.3421
    9442      28.3809
    9443      28.4301
    9444      28.3884
    9445      28.4270
    9446      28.3891
    9447      28.3625
    9448      28.4196
    9449      28.3927
    9450      28.3770
    9451      28.3531
    9452      28.3268
    9453      28.2652
    9454      28.3814
    9455      28.3883
    9456      28.3531
    9457      28.3593
    9458      28.4133
    9459      28.4085
    9460      28.3718
    9461      28.3628
    9462      28.4272
    9463      28.3586
    9464      28.3912
    9465      28.3139
    9466      28.3617
    9467      28.4172
    9468      28.3975
    9469      28.4166
    9470      28.3396
    9471      28.3678
    9472      28.3859
    9473      28.4410
    9474      28.4398
    9475      28.4203
    9476      28.4552
    9477      28.3765
    9478      28.3258
    9479      28.3635
    9480      28.4371
    9481      28.3710
    9482      28.4016
    9483      28.3261
    9484      28.3574
    9485      28.3855
    9486      28.3953
    9487      28.3789
    9488      28.3173
    9489      28.2734
    9490      28.2473
    9491      28.2805
    9492      28.2919
    9493      28.2850
    9494      28.3594
    9495      28.3926
    9496      28.3756
    9497      28.3309
    9498      28.3006
    9499      28.3130
    9500      28.3138
    9501      28.3101
    9502      28.2729
    9503      28.2222
    9504      28.1932
    9505      28.3091
    9506      28.2895
    9507      28.3192
    9508      28.3961
    9509      28.4362
    9510      28.3210
    9511      28.2991
    9512      28.2955
    9513      28.3547
    9514      28.3397
    9515      28.3576
    9516      28.3152
    9517      28.3546
    9518      28.2942
    9519      28.2994
    9520      28.3998
    9521      28.4029
    9522      28.4376
    9523      28.4876
    9524      28.4867
    9525      28.4971
    9526      28.4509
    9527      28.4312
    9528      28.4264
    9529      28.4243
    9530      28.3572
    9531      28.3527
    9532      28.4299
    9533      28.4414
    9534      28.4415
    9535      28.3608
    9536      28.4100
    9537      28.4465
    9538      28.5115
    9539      28.4495
    9540      28.5009
    9541      28.5211
    9542      28.5017
    9543      28.4622
    9544      28.5152
    9545      28.4588
    9546      28.5193
    9547      28.4954
    9548      28.4723
    9549      28.4486
    9550      28.4649
    9551      28.4766
    9552      28.4746
    9553      28.5004
    9554      28.4894
    9555      28.4510
    9556      28.5410
    9557      28.5699
    9558      28.4672
    9559      28.4867
    9560      28.4184
    9561      28.4234
    9562      28.4913
    9563      28.4634
    9564      28.5493
    9565      28.5179
    9566      28.4618
    9567      28.4867
    9568      28.5003
    9569      28.4680
    9570      28.5179
    9571      28.5691
    9572      28.5227
    9573      28.4606
    9574      28.4677
    9575      28.4788
    9576      28.4612
    9577      28.5099
    9578      28.4971
    9579      28.4268
    9580      28.3998
    9581      28.3691
    9582      28.4200
    9583      28.4823
    9584      28.5764
    9585      28.5891
    9586      28.5744
    9587      28.5732
    9588      28.5362
    9589      28.5288
    9590      28.4265
    9591      28.3987
    9592      28.4143
    9593      28.5034
    9594      28.4497
    9595      28.3979
    9596      28.4361
    9597      28.4959
    9598      28.4944
    9599      28.4364
    9600      28.4932
    9601      28.4698
    9602      28.4426
    9603      28.4178
    9604      28.4167
    9605      28.4481
    9606      28.3947
    9607      28.3860
    9608      28.4067
    9609      28.4277
    9610      28.3459
    9611      28.4207
    9612      28.5232
    9613      28.3508
    9614      28.3647
    9615      28.3224
    9616      28.3497
    9617      28.3403
    9618      28.4053
    9619      28.3334
    9620      28.3614
    9621      28.3184
    9622      28.4886
    9623      28.4352
    9624      28.4272
    9625      28.5361
    9626      28.4296
    9627      28.4570
    9628      28.4313
    9629      28.4208
    9630      28.4459
    9631      28.4119
    9632      28.4065
    9633      28.4227
    9634      28.3806
    9635      28.3537
    9636      28.4184
    9637      28.4107
    9638      28.3865
    9639      28.4039
    9640      28.4355
    9641      28.5261
    9642      28.3321
    9643      28.5420
    9644      28.4587
    9645      28.4445
    9646      28.4696
    9647      28.4021
    9648      28.4344
    9649      28.4646
    9650      28.4589
    9651      28.3665
    9652      28.3892
    9653      28.3557
    9654      28.4017
    9655      28.4361
    9656      28.3002
    9657      28.3277
    9658      28.3737
    9659      28.4058
    9660      28.4728
    9661      28.4546
    9662      28.4727
    9663      28.4012
    9664      28.3979
    9665      28.5169
    9666      28.4830
    9667      28.5325
    9668      28.4814
    9669      28.5137
    9670      28.5139
    9671      28.4887
    9672      28.6155
    9673      28.6159
    9674      28.4866
    9675      28.4806
    9676      28.4175
    9677      28.4891
    9678      28.4668
    9679      28.4728
    9680      28.4669
    9681      28.5157
    9682      28.5032
    9683      28.3892
    9684      28.5476
    9685      28.5819
    9686      28.5320
    9687      28.5152
    9688      28.4149
    9689      28.4645
    9690      28.4545
    9691      28.4107
    9692      28.5217
    9693      28.4805
    9694      28.4681
    9695      28.4964
    9696      28.4489
    9697      28.4569
    9698      28.5051
    9699      28.4752
    9700      28.4074
    9701      28.4801
    9702      28.4171
    9703      28.4585
    9704      28.4885
    9705      28.4926
    9706      28.4821
    9707      28.5240
    9708      28.4317
    9709      28.3990
    9710      28.3245
    9711      28.4069
    9712      28.4486
    9713      28.4164
    9714      28.4074
    9715      28.4461
    9716      28.4255
    9717      28.5291
    9718      28.4982
    9719      28.4410
    9720      28.4468
    9721      28.4339
    9722      28.4554
    9723      28.3644
    9724      28.4625
    9725      28.3605
    9726      28.3584
    9727      28.3238
    9728      28.3906
    9729      28.3915
    9730      28.3646
    9731      28.3380
    9732      28.4987
    9733      28.4167
    9734      28.4809
    9735      28.2565
    9736      28.3337
    9737      28.3117
    9738      28.3558
    9739      28.4106
    9740      28.4760
    9741      28.4776
    9742      28.4519
    9743      28.3896
    9744      28.4059
    9745      28.4210
    9746      28.4922
    9747      28.4548
    9748      28.4578
    9749      28.5114
    9750      28.5217
    9751      28.4275
    9752      28.4626
    9753      28.4890
    9754      28.5195
    9755      28.5264
    9756      28.4614
    9757      28.4514
    9758      28.5336
    9759      28.5258
    9760      28.4742
    9761      28.4152
    9762      28.4944
    9763      28.4779
    9764      28.3387
    9765      28.3558
    9766      28.2909
    9767      28.2756
    9768      28.2502
    9769      28.3097
    9770      28.2356
    9771      28.2954
    9772      28.3162
    9773      28.3355
    9774      28.3439
    9775      28.2858
    9776      28.3226
    9777      28.3291
    9778      28.3861
    9779      28.3530
    9780      28.3637
    9781      28.3026
    9782      28.2743
    9783      28.2822
    9784      28.1897
    9785      28.2595
    9786      28.3644
    9787      28.2199
    9788      28.2528
    9789      28.2034
    9790      28.2715
    9791      28.3255
    9792      28.3305
    9793      28.2940
    9794      28.3473
    9795      28.3906
    9796      28.3292
    9797      28.3940
    9798      28.3638
    9799      28.4034
    9800      28.3710
    9801      28.3504
    9802      28.3113
    9803      28.4311
    9804      28.3695
    9805      28.4139
    9806      28.2865
    9807      28.3029
    9808      28.3037
    9809      28.3190
    9810      28.3644
    9811      28.3477
    9812      28.4305
    9813      28.3589
    9814      28.2819
    9815      28.3266
    9816      28.2288
    9817      28.2670
    9818      28.2551
    9819      28.2169
    9820      28.2932
    9821      28.2628
    9822      28.3249
    9823      28.3383
    9824      28.3119
    9825      28.3748
    9826      28.4755
    9827      28.4295
    9828      28.4605
    9829      28.4839
    9830      28.3874
    9831      28.3992
    9832      28.3238
    9833      28.3489
    9834      28.4165
    9835      28.4049
    9836      28.4048
    9837      28.3689
    9838      28.3042
    9839      28.3852
    9840      28.4992
    9841      28.4626
    9842      28.3920
    9843      28.4131
    9844      28.4228
    9845      28.3274
    9846      28.3093
    9847      28.3057
    9848      28.4034
    9849      28.3074
    9850      28.3727
    9851      28.4485
    9852      28.3979
    9853      28.4005
    9854      28.4261
    9855      28.3832
    9856      28.4356
    9857      28.4492
    9858      28.2785
    9859      28.3173
    9860      28.3342
    9861      28.3349
    9862      28.3742
    9863      28.3376
    9864      28.3032
    9865      28.4333
    9866      28.3550
    9867      28.3273
    9868      28.3128
    9869      28.3764
    9870      28.3564
    9871      28.3908
    9872      28.4287
    9873      28.4228
    9874      28.4446
    9875      28.2951
    9876      28.3851
    9877      28.3383
    9878      28.3038
    9879      28.3547
    9880      28.3985
    9881      28.3551
    9882      28.2755
    9883      28.3234
    9884      28.3321
    9885      28.3783
    9886      28.3922
    9887      28.4465
    9888      28.4661
    9889      28.3249
    9890      28.2838
    9891      28.4180
    9892      28.3631
    9893      28.3301
    9894      28.3411
    9895      28.3656
    9896      28.3294
    9897      28.3491
    9898      28.3165
    9899      28.2899
    9900      28.3800
    9901      28.3035
    9902      28.2938
    9903      28.3120
    9904      28.3166
    9905      28.2172
    9906      28.3312
    9907      28.3329
    9908      28.4236
    9909      28.2714
    9910      28.3898
    9911      28.4534
    9912      28.4067
    9913      28.4475
    9914      28.4294
    9915      28.3934
    9916      28.4188
    9917      28.3918
    9918      28.3144
    9919      28.3334
    9920      28.3459
    9921      28.3963
    9922      28.3724
    9923      28.3256
    9924      28.3046
    9925      28.4135
    9926      28.3503
    9927      28.3765
    9928      28.3050
    9929      28.3687
    9930      28.3343
    9931      28.3773
    9932      28.3620
    9933      28.2171
    9934      28.2343
    9935      28.2181
    9936      28.4124
    9937      28.3910
    9938      28.2800
    9939      28.3642
    9940      28.3973
    9941      28.3233
    9942      28.3840
    9943      28.4033
    9944      28.4178
    9945      28.4052
    9946      28.5055
    9947      28.3782
    9948      28.4913
    9949      28.3734
    9950      28.4719
    9951      28.4061
    9952      28.5139
    9953      28.4927
    9954      28.5435
    9955      28.3885
    9956      28.4830
    9957      28.4756
    9958      28.4535
    9959      28.3927
    9960      28.4772
    9961      28.3580
    9962      28.5029
    9963      28.4937
    9964      28.5699
    9965      28.4954
    9966      28.3963
    9967      28.4835
    9968      28.3993
    9969      28.4291
    9970      28.4490
    9971      28.4827
    9972      28.4546
    9973      28.3436
    9974      28.3367
    9975      28.3159
    9976      28.4465
    9977      28.4920
    9978      28.4416
    9979      28.4145
    9980      28.4687
    9981      28.4076
    9982      28.3515
    9983      28.4101
    9984      28.2696
    9985      28.4127
    9986      28.3583
    9987      28.4240
    9988      28.4604
    9989      28.4548
    9990      28.4837
    9991      28.4855
    9992      28.5137
    9993      28.5472
    9994      28.4377
    9995      28.3551
    9996      28.3618
    9997      28.4769
    9998      28.3843
    9999      28.4019
   10000      28.3859
