#Frame     RMSD_00002
       1       0.0000
       2       0.7282
       3       0.8738
       4       0.9754
       5       1.0143
       6       1.0119
       7       1.1755
       8       1.0197
       9       1.0787
      10       1.1464
      11       1.1995
      12       1.3538
      13       1.2612
      14       1.2557
      15       1.3337
      16       1.3802
      17       1.3469
      18       1.5594
      19       1.6306
      20       1.5690
      21       1.8529
      22       1.8872
      23       1.8536
      24       2.1008
      25       2.0178
      26       1.9607
      27       2.0867
      28       1.8998
      29       1.9621
      30       2.1674
      31       2.3069
      32       2.4504
      33       2.2758
      34       2.1696
      35       2.3312
      36       2.2854
      37       2.3209
      38       2.2412
      39       1.9374
      40       1.8603
      41       1.7660
      42       1.9407
      43       1.9132
      44       1.9027
      45       1.9109
      46       1.9768
      47       2.0759
      48       2.0964
      49       2.0320
      50       1.8186
      51       2.1200
      52       2.1160
      53       2.2219
      54       2.3967
      55       2.1573
      56       2.0142
      57       1.8862
      58       1.6641
      59       1.7091
      60       1.8091
      61       1.6666
      62       1.7533
      63       1.9099
      64       2.2396
      65       2.1396
      66       2.0205
      67       2.1303
      68       1.9419
      69       1.7479
      70       1.7686
      71       1.8637
      72       1.9325
      73       2.1802
      74       2.1004
      75       2.1667
      76       2.1195
      77       2.0748
      78       1.9924
      79       1.9937
      80       2.0282
      81       2.2022
      82       1.9597
      83       2.0430
      84       1.8908
      85       2.0750
      86       1.9516
      87       1.9578
      88       2.2233
      89       2.1659
      90       2.0456
      91       1.9060
      92       1.8322
      93       2.0482
      94       1.8753
      95       1.6001
      96       1.6914
      97       1.5363
      98       1.5700
      99       1.5952
     100       1.5643
     101       1.6532
     102       1.7473
     103       1.6979
     104       1.7861
     105       1.8674
     106       2.0256
     107       2.1546
     108       2.0508
     109       1.9377
     110       1.8551
     111       1.9328
     112       1.8827
     113       1.9380
     114       1.8201
     115       1.8794
     116       1.8956
     117       1.6438
     118       1.5871
     119       1.4546
     120       1.5519
     121       1.7372
     122       1.7132
     123       1.4973
     124       1.4890
     125       1.4415
     126       1.6207
     127       1.5557
     128       1.8263
     129       1.7491
     130       1.6265
     131       1.5137
     132       1.6680
     133       1.7715
     134       1.8376
     135       1.5695
     136       1.5669
     137       1.6348
     138       1.6830
     139       1.6491
     140       1.5851
     141       1.7459
     142       1.7122
     143       1.8616
     144       1.9268
     145       1.9888
     146       1.9132
     147       1.9441
     148       1.9503
     149       2.0005
     150       1.7568
     151       1.6363
     152       1.6692
     153       1.8680
     154       1.8870
     155       1.8794
     156       1.9159
     157       1.9631
     158       2.0123
     159       1.8945
     160       1.9339
     161       2.0449
     162       2.1325
     163       2.1008
     164       2.0033
     165       1.7621
     166       1.8549
     167       1.7511
     168       1.8900
     169       2.1000
     170       2.0279
     171       2.0479
     172       1.9704
     173       1.9442
     174       1.9775
     175       1.9903
     176       2.0921
     177       2.4789
     178       2.4121
     179       2.2194
     180       2.0346
     181       2.0200
     182       1.8473
     183       1.7903
     184       1.8789
     185       1.8636
     186       1.8571
     187       1.9056
     188       1.7702
     189       1.7971
     190       1.7527
     191       1.8536
     192       1.9832
     193       1.9237
     194       1.7872
     195       1.7342
     196       1.7280
     197       1.6976
     198       1.6687
     199       1.6034
     200       1.5243
     201       1.6992
     202       1.6568
     203       1.6489
     204       1.5789
     205       1.4095
     206       1.4787
     207       1.5369
     208       1.6494
     209       1.7013
     210       1.8042
     211       1.7030
     212       1.7028
     213       1.7703
     214       1.5649
     215       1.6049
     216       1.5886
     217       1.5247
     218       1.5169
     219       1.4323
     220       1.6305
     221       1.6535
     222       1.5550
     223       1.7799
     224       1.5766
     225       1.6122
     226       1.4216
     227       1.4269
     228       1.4231
     229       1.5457
     230       1.6547
     231       1.5211
     232       1.5641
     233       1.5112
     234       1.5851
     235       1.5074
     236       1.4895
     237       1.4812
     238       1.4931
     239       1.5862
     240       1.6638
     241       1.5281
     242       1.6386
     243       1.6298
     244       1.5124
     245       1.4228
     246       1.5063
     247       1.5543
     248       1.3517
     249       1.6098
     250       1.4732
     251       1.4415
     252       1.4933
     253       1.3430
     254       1.3963
     255       1.5764
     256       1.4323
     257       1.2646
     258       1.2832
     259       1.3283
     260       1.4841
     261       1.3969
     262       1.5009
     263       1.5674
     264       1.5482
     265       1.6761
     266       1.5078
     267       1.5831
     268       1.6021
     269       1.4855
     270       1.5232
     271       1.4831
     272       1.5350
     273       1.6371
     274       1.5142
     275       1.4780
     276       1.6154
     277       1.6510
     278       1.6035
     279       1.6520
     280       1.7451
     281       1.7228
     282       1.6670
     283       1.6658
     284       1.6722
     285       1.5105
     286       1.4800
     287       1.5535
     288       1.4964
     289       1.4323
     290       1.5776
     291       1.4888
     292       1.5650
     293       1.7700
     294       1.5202
     295       1.4837
     296       1.4742
     297       1.4371
     298       1.4088
     299       1.4498
     300       1.3863
     301       1.4205
     302       1.3706
     303       1.4047
     304       1.4114
     305       1.5234
     306       1.4347
     307       1.3164
     308       1.5621
     309       1.5299
     310       1.5088
     311       1.4689
     312       1.4228
     313       1.4054
     314       1.4789
     315       1.5895
     316       1.5715
     317       1.6025
     318       1.5880
     319       1.5276
     320       1.5300
     321       1.4538
     322       1.5926
     323       1.6612
     324       1.5657
     325       1.4895
     326       1.3707
     327       1.5801
     328       1.4546
     329       1.5279
     330       1.4489
     331       1.4062
     332       1.5427
     333       1.5191
     334       1.4329
     335       1.4342
     336       1.4691
     337       1.5020
     338       1.4854
     339       1.3170
     340       1.4096
     341       1.3397
     342       1.3780
     343       1.3210
     344       1.3972
     345       1.3674
     346       1.5363
     347       1.4717
     348       1.3444
     349       1.3836
     350       1.4105
     351       1.5560
     352       1.5006
     353       1.5485
     354       1.6825
     355       1.7171
     356       1.6871
     357       1.6447
     358       1.6882
     359       1.6843
     360       1.6717
     361       1.6485
     362       1.6397
     363       1.5796
     364       1.5933
     365       1.7255
     366       1.7890
     367       1.7979
     368       1.7742
     369       1.8320
     370       1.6790
     371       1.7050
     372       1.7183
     373       1.6923
     374       1.7237
     375       1.7986
     376       1.7798
     377       1.6433
     378       1.7698
     379       1.7755
     380       1.7164
     381       1.8854
     382       1.7200
     383       1.7633
     384       1.4448
     385       1.5433
     386       1.5374
     387       1.4031
     388       1.4393
     389       1.5143
     390       1.5144
     391       1.5555
     392       1.6138
     393       1.6729
     394       1.6228
     395       1.5045
     396       1.5450
     397       1.6468
     398       1.8095
     399       1.6535
     400       1.7003
     401       1.7516
     402       1.7515
     403       1.6726
     404       1.6833
     405       1.7474
     406       1.6646
     407       1.7228
     408       1.6833
     409       1.6116
     410       1.6444
     411       1.6361
     412       1.5833
     413       1.5788
     414       1.6352
     415       1.7863
     416       1.7280
     417       1.5767
     418       1.3800
     419       1.4867
     420       1.5213
     421       1.3497
     422       1.4178
     423       1.4599
     424       1.4280
     425       1.6115
     426       1.7676
     427       1.6622
     428       1.6817
     429       1.5659
     430       1.6123
     431       1.5615
     432       1.7214
     433       1.6243
     434       1.7550
     435       1.6586
     436       1.4042
     437       1.3990
     438       1.4256
     439       1.4759
     440       1.5810
     441       1.5239
     442       1.4911
     443       1.5456
     444       1.6524
     445       1.7604
     446       1.7175
     447       1.5987
     448       1.6137
     449       1.5944
     450       1.5768
     451       1.7979
     452       1.7133
     453       1.7719
     454       1.6540
     455       1.6296
     456       1.6217
     457       1.6282
     458       1.5932
     459       1.6369
     460       1.4899
     461       1.6630
     462       1.5927
     463       1.7815
     464       1.6899
     465       1.7319
     466       1.6769
     467       1.7651
     468       1.6880
     469       1.6487
     470       1.6397
     471       1.8154
     472       1.5987
     473       1.4776
     474       1.5554
     475       1.4925
     476       1.3545
     477       1.4619
     478       1.3331
     479       1.3691
     480       1.5527
     481       1.4717
     482       1.4911
     483       1.5318
     484       1.4847
     485       1.5633
     486       1.6101
     487       1.4931
     488       1.5051
     489       1.3931
     490       1.5552
     491       1.5560
     492       1.5822
     493       1.5233
     494       1.3440
     495       1.4495
     496       1.3986
     497       1.3978
     498       1.4646
     499       1.4514
     500       1.5022
     501       1.3731
     502       1.6092
     503       1.6537
     504       1.5687
     505       1.4970
     506       1.4730
     507       1.5491
     508       1.4502
     509       1.3977
     510       1.5258
     511       1.6851
     512       1.7205
     513       1.6403
     514       1.7148
     515       1.8706
     516       1.8267
     517       1.7911
     518       1.7171
     519       1.7361
     520       1.6916
     521       1.7396
     522       1.5246
     523       1.4396
     524       1.5928
     525       1.4790
     526       1.6762
     527       1.6074
     528       1.6274
     529       1.6410
     530       1.5629
     531       1.5523
     532       1.5895
     533       1.5414
     534       1.5483
     535       1.6107
     536       1.4819
     537       1.6371
     538       1.6039
     539       1.5403
     540       1.4746
     541       1.4921
     542       1.5393
     543       1.4036
     544       1.5113
     545       1.5448
     546       1.5916
     547       1.6050
     548       1.5515
     549       1.5874
     550       1.4371
     551       1.4742
     552       1.4128
     553       1.6936
     554       1.6117
     555       1.6096
     556       1.5689
     557       1.6421
     558       1.5472
     559       1.5372
     560       1.4259
     561       1.4535
     562       1.3903
     563       1.3124
     564       1.4420
     565       1.5799
     566       1.6635
     567       1.6123
     568       1.5883
     569       1.6268
     570       1.6946
     571       1.7288
     572       1.5942
     573       1.5186
     574       1.4849
     575       1.5615
     576       1.6542
     577       1.7530
     578       1.5011
     579       1.5818
     580       1.6336
     581       1.8120
     582       1.7896
     583       1.9109
     584       1.9063
     585       1.8580
     586       1.9334
     587       1.8077
     588       1.7732
     589       1.6674
     590       1.7206
     591       1.9786
     592       2.1107
     593       1.8837
     594       1.7761
     595       1.7338
     596       1.6351
     597       1.6551
     598       1.6850
     599       1.7585
     600       1.5434
     601       1.5310
     602       1.6373
     603       1.6918
     604       1.8272
     605       1.7651
     606       1.6890
     607       1.5053
     608       1.7913
     609       1.6329
     610       1.7534
     611       1.6873
     612       1.8151
     613       1.7983
     614       1.9110
     615       1.9344
     616       1.8509
     617       1.8545
     618       1.7189
     619       1.6886
     620       1.7752
     621       1.7079
     622       1.6207
     623       1.8413
     624       1.8010
     625       1.7929
     626       1.7696
     627       1.8902
     628       1.9299
     629       1.8710
     630       1.7223
     631       1.9013
     632       1.9054
     633       2.0203
     634       2.0943
     635       1.9882
     636       1.8959
     637       1.7666
     638       1.9241
     639       1.9367
     640       1.9580
     641       1.9646
     642       1.8442
     643       1.7442
     644       1.9308
     645       1.8754
     646       1.9158
     647       1.9029
     648       2.1410
     649       2.0477
     650       2.0016
     651       1.8556
     652       1.9719
     653       1.7497
     654       1.7291
     655       1.7463
     656       1.7034
     657       1.7359
     658       1.8779
     659       1.8774
     660       1.8074
     661       1.8852
     662       1.8970
     663       2.1351
     664       1.9077
     665       1.8182
     666       2.0291
     667       1.8228
     668       1.9295
     669       2.0744
     670       2.1734
     671       2.2083
     672       2.1683
     673       2.1075
     674       2.1202
     675       2.0682
     676       1.9311
     677       2.0229
     678       2.1354
     679       2.0409
     680       1.9342
     681       1.9796
     682       2.0172
     683       1.8796
     684       1.8303
     685       2.0541
     686       1.9266
     687       1.8878
     688       1.8732
     689       1.9462
     690       1.9486
     691       1.9853
     692       1.7552
     693       1.7361
     694       1.9568
     695       2.0498
     696       1.9928
     697       1.9392
     698       1.8815
     699       2.0047
     700       1.9065
     701       2.0034
     702       1.9028
     703       2.1044
     704       1.9730
     705       1.8118
     706       1.8151
     707       2.1012
     708       2.1119
     709       1.9649
     710       1.9676
     711       1.9141
     712       1.9922
     713       2.0793
     714       2.2180
     715       2.3683
     716       2.2285
     717       2.0372
     718       2.0640
     719       2.0299
     720       2.0395
     721       1.7604
     722       1.9977
     723       1.9249
     724       1.8939
     725       1.9873
     726       2.0317
     727       2.1263
     728       2.2663
     729       2.1924
     730       2.1594
     731       2.1225
     732       2.1449
     733       2.1730
     734       2.0316
     735       2.2489
     736       2.1312
     737       2.0073
     738       2.1570
     739       2.0190
     740       2.1659
     741       2.1948
     742       2.2068
     743       2.0642
     744       1.9927
     745       1.9309
     746       2.1590
     747       2.1133
     748       2.2003
     749       2.1384
     750       1.9362
     751       1.9856
     752       1.9080
     753       2.0413
     754       1.9569
     755       2.0138
     756       1.9547
     757       1.9305
     758       2.0697
     759       2.0890
     760       2.0178
     761       1.9896
     762       1.9150
     763       1.9983
     764       2.0249
     765       2.1291
     766       2.1671
     767       2.3024
     768       2.2563
     769       2.2519
     770       2.2855
     771       2.0754
     772       2.2936
     773       2.4210
     774       2.3243
     775       2.3936
     776       2.2953
     777       2.1847
     778       2.3196
     779       2.2060
     780       2.0876
     781       2.1034
     782       2.1540
     783       2.1122
     784       2.1950
     785       1.9557
     786       2.0245
     787       2.1843
     788       2.1306
     789       2.0455
     790       2.2152
     791       2.1395
     792       2.2679
     793       1.9624
     794       2.1567
     795       2.2202
     796       2.2023
     797       2.5024
     798       2.1851
     799       2.4579
     800       2.3357
     801       2.4120
     802       2.3221
     803       2.3855
     804       2.3674
     805       2.3033
     806       2.2422
     807       2.1963
     808       2.1036
     809       2.2319
     810       2.1914
     811       2.2164
     812       2.0446
     813       2.1148
     814       2.1193
     815       2.2304
     816       2.2894
     817       2.3053
     818       2.1928
     819       2.1204
     820       2.1058
     821       2.0706
     822       2.1181
     823       2.0046
     824       1.9565
     825       1.9664
     826       2.0497
     827       1.9225
     828       2.0459
     829       2.0057
     830       1.8961
     831       1.8857
     832       1.9928
     833       1.9622
     834       1.8963
     835       2.0278
     836       2.0968
     837       2.1448
     838       2.1781
     839       2.2344
     840       2.1630
     841       2.0592
     842       2.0651
     843       2.1108
     844       1.9979
     845       1.9831
     846       1.9320
     847       2.0133
     848       2.0256
     849       2.1960
     850       2.1578
     851       2.0483
     852       2.0244
     853       2.1301
     854       1.9533
     855       1.9401
     856       1.9524
     857       2.0094
     858       1.8564
     859       2.0197
     860       1.8818
     861       1.8607
     862       1.9512
     863       1.9910
     864       1.9719
     865       2.1783
     866       2.1424
     867       1.9806
     868       2.0994
     869       2.1014
     870       2.2113
     871       2.1765
     872       2.2645
     873       2.1749
     874       2.1634
     875       1.9924
     876       2.0644
     877       2.0739
     878       2.1698
     879       2.0753
     880       2.0612
     881       1.9988
     882       2.0089
     883       2.0707
     884       2.2388
     885       2.1525
     886       1.9808
     887       1.9286
     888       1.9433
     889       1.8902
     890       1.9383
     891       2.0557
     892       2.1134
     893       1.9642
     894       2.0983
     895       2.1424
     896       1.8895
     897       1.9446
     898       2.0019
     899       2.1231
     900       2.2962
     901       2.1002
     902       1.9571
     903       1.9682
     904       1.9707
     905       2.0877
     906       1.9432
     907       1.8340
     908       1.8326
     909       1.9164
     910       1.7380
     911       1.9753
     912       1.9857
     913       1.9170
     914       1.8222
     915       1.9008
     916       1.9155
     917       1.9017
     918       2.0480
     919       2.0590
     920       2.1686
     921       2.1561
     922       1.8647
     923       2.0927
     924       2.0193
     925       1.9823
     926       2.1427
     927       2.0990
     928       2.0841
     929       2.2614
     930       2.2796
     931       2.4706
     932       2.5676
     933       2.3720
     934       2.1898
     935       2.0572
     936       2.1614
     937       2.1517
     938       2.1323
     939       2.1727
     940       2.1228
     941       2.2702
     942       2.3917
     943       2.3926
     944       2.4797
     945       2.6528
     946       2.4533
     947       2.3472
     948       2.3324
     949       2.3609
     950       2.4219
     951       2.3806
     952       2.1167
     953       2.0661
     954       2.1009
     955       2.0798
     956       2.0804
     957       2.1697
     958       2.1438
     959       2.1283
     960       2.1621
     961       2.2867
     962       2.1556
     963       2.1808
     964       1.9839
     965       2.0788
     966       2.2172
     967       2.0642
     968       2.1196
     969       2.0864
     970       2.1249
     971       1.9210
     972       2.1637
     973       2.0327
     974       2.1045
     975       2.3127
     976       2.1839
     977       2.1112
     978       1.9986
     979       2.0676
     980       2.0234
     981       2.0079
     982       2.1877
     983       1.9311
     984       2.1190
     985       1.9995
     986       2.1694
     987       2.0067
     988       2.1017
     989       1.9665
     990       1.9434
     991       1.9655
     992       2.0674
     993       1.9451
     994       1.9543
     995       1.9822
     996       1.9210
     997       1.8719
     998       1.9398
     999       1.8618
    1000       1.8830
    1001       2.0624
    1002       2.0759
    1003       1.9089
    1004       1.9417
    1005       1.9817
    1006       1.9540
    1007       1.8104
    1008       1.8574
    1009       1.8793
    1010       2.1152
    1011       2.0467
    1012       2.0269
    1013       1.9647
    1014       1.9144
    1015       1.8020
    1016       1.9373
    1017       1.9104
    1018       1.8220
    1019       1.8235
    1020       1.8325
    1021       1.7048
    1022       1.8205
    1023       2.0297
    1024       2.1498
    1025       2.3046
    1026       2.1475
    1027       2.4738
    1028       2.0803
    1029       2.1007
    1030       2.1050
    1031       1.8821
    1032       1.9820
    1033       2.1353
    1034       2.0497
    1035       2.0514
    1036       2.0676
    1037       2.0258
    1038       2.1605
    1039       2.1867
    1040       2.1517
    1041       2.1448
    1042       2.0990
    1043       2.0423
    1044       1.9255
    1045       1.7664
    1046       1.7194
    1047       1.5791
    1048       1.6505
    1049       1.6380
    1050       1.5758
    1051       1.5809
    1052       1.7041
    1053       1.5520
    1054       1.6256
    1055       1.7506
    1056       1.7681
    1057       1.9227
    1058       1.6812
    1059       1.7560
    1060       1.7188
    1061       1.7066
    1062       1.9000
    1063       1.7372
    1064       1.7853
    1065       1.7130
    1066       1.5419
    1067       1.5891
    1068       1.6841
    1069       1.6569
    1070       1.6972
    1071       1.6884
    1072       1.8794
    1073       1.9262
    1074       2.0639
    1075       1.9661
    1076       1.8915
    1077       1.9736
    1078       1.7400
    1079       1.8413
    1080       1.7179
    1081       1.7734
    1082       1.8636
    1083       1.9492
    1084       1.7704
    1085       1.7733
    1086       1.5998
    1087       1.4938
    1088       1.6005
    1089       1.7116
    1090       1.6409
    1091       1.8692
    1092       1.7252
    1093       1.7063
    1094       1.8599
    1095       1.7997
    1096       2.0424
    1097       1.7258
    1098       1.7583
    1099       1.6958
    1100       1.8486
    1101       1.9629
    1102       1.9529
    1103       2.0958
    1104       2.1455
    1105       2.1405
    1106       2.0519
    1107       2.1782
    1108       2.0747
    1109       2.1274
    1110       2.2422
    1111       2.2955
    1112       2.2297
    1113       2.1057
    1114       2.3576
    1115       2.3847
    1116       2.6761
    1117       2.5488
    1118       2.2794
    1119       2.1442
    1120       2.1800
    1121       2.1864
    1122       2.2267
    1123       2.0401
    1124       2.0879
    1125       2.2046
    1126       2.0760
    1127       2.0774
    1128       1.9010
    1129       1.8441
    1130       1.6699
    1131       1.8413
    1132       1.7916
    1133       1.7840
    1134       1.8948
    1135       1.9934
    1136       1.9683
    1137       1.8654
    1138       1.8435
    1139       1.9547
    1140       1.9450
    1141       1.8970
    1142       1.9479
    1143       1.8727
    1144       1.8852
    1145       2.0020
    1146       2.1086
    1147       2.3058
    1148       2.1749
    1149       2.0518
    1150       1.9995
    1151       2.1308
    1152       2.0771
    1153       2.0622
    1154       1.9312
    1155       1.9045
    1156       2.1248
    1157       2.0013
    1158       2.2880
    1159       2.1690
    1160       2.0331
    1161       2.1509
    1162       1.9455
    1163       1.9039
    1164       1.9122
    1165       1.8919
    1166       1.8449
    1167       1.8933
    1168       1.7454
    1169       1.6374
    1170       1.7054
    1171       1.8353
    1172       1.8098
    1173       1.9659
    1174       2.1252
    1175       2.0720
    1176       1.9214
    1177       2.1139
    1178       2.3944
    1179       2.4195
    1180       2.5008
    1181       2.2244
    1182       2.1416
    1183       2.1711
    1184       2.0624
    1185       1.9901
    1186       2.0262
    1187       2.0389
    1188       2.0011
    1189       1.8278
    1190       1.7689
    1191       1.9589
    1192       1.8610
    1193       1.8658
    1194       1.8545
    1195       1.8548
    1196       1.9518
    1197       1.8808
    1198       1.7708
    1199       1.9808
    1200       2.1014
    1201       2.0135
    1202       2.1570
    1203       1.9707
    1204       1.9443
    1205       1.8102
    1206       1.8686
    1207       1.9453
    1208       2.0836
    1209       1.7900
    1210       1.7365
    1211       1.7013
    1212       1.6347
    1213       1.6636
    1214       1.6862
    1215       1.8452
    1216       1.8629
    1217       1.8507
    1218       1.9059
    1219       1.7230
    1220       1.7873
    1221       1.8206
    1222       2.0093
    1223       1.9546
    1224       1.7635
    1225       1.9507
    1226       1.9429
    1227       1.7395
    1228       1.6692
    1229       1.8103
    1230       1.8184
    1231       1.8873
    1232       1.9294
    1233       1.9710
    1234       1.9218
    1235       1.9987
    1236       2.0172
    1237       1.9622
    1238       2.0558
    1239       2.0911
    1240       2.1031
    1241       1.9634
    1242       1.9093
    1243       1.9098
    1244       1.9231
    1245       1.8375
    1246       1.7910
    1247       1.9815
    1248       1.9460
    1249       1.9249
    1250       1.7122
    1251       1.7407
    1252       1.7350
    1253       1.8001
    1254       1.7065
    1255       1.7532
    1256       1.6245
    1257       1.7431
    1258       1.8749
    1259       1.7091
    1260       1.7001
    1261       1.7700
    1262       1.8687
    1263       1.7784
    1264       1.9023
    1265       2.0417
    1266       2.1935
    1267       1.9700
    1268       1.7360
    1269       1.9014
    1270       1.9928
    1271       1.9223
    1272       1.9768
    1273       1.7906
    1274       1.9039
    1275       1.9246
    1276       1.7944
    1277       1.6582
    1278       1.7082
    1279       1.8387
    1280       1.8001
    1281       1.8927
    1282       1.9058
    1283       2.0374
    1284       2.0212
    1285       2.0911
    1286       2.1020
    1287       2.1800
    1288       2.2904
    1289       2.2933
    1290       2.2634
    1291       2.1279
    1292       2.1811
    1293       2.0601
    1294       2.1770
    1295       2.0247
    1296       2.0288
    1297       2.2025
    1298       2.2649
    1299       2.2716
    1300       1.9490
    1301       1.9527
    1302       1.9568
    1303       2.1044
    1304       1.7753
    1305       1.8356
    1306       1.8043
    1307       1.7933
    1308       1.9366
    1309       1.8551
    1310       1.8445
    1311       1.8375
    1312       1.8335
    1313       1.8771
    1314       1.8155
    1315       1.6783
    1316       1.7902
    1317       1.9205
    1318       1.7966
    1319       1.6510
    1320       1.8714
    1321       1.7771
    1322       1.7335
    1323       1.9618
    1324       1.8461
    1325       1.8375
    1326       2.0157
    1327       2.0029
    1328       2.0312
    1329       1.9577
    1330       1.9681
    1331       1.9757
    1332       2.0188
    1333       1.9742
    1334       1.8913
    1335       2.2116
    1336       2.0775
    1337       2.2171
    1338       2.1188
    1339       2.1404
    1340       2.1063
    1341       2.0776
    1342       2.1300
    1343       2.1474
    1344       1.9709
    1345       1.8034
    1346       1.7220
    1347       1.8467
    1348       1.8341
    1349       1.9732
    1350       1.9912
    1351       2.1311
    1352       2.1477
    1353       2.1236
    1354       2.2780
    1355       2.0668
    1356       1.9614
    1357       1.9219
    1358       2.0760
    1359       2.0293
    1360       2.1932
    1361       2.2254
    1362       2.2408
    1363       2.1856
    1364       2.2226
    1365       2.2236
    1366       2.1647
    1367       2.1977
    1368       2.1557
    1369       2.2704
    1370       2.3685
    1371       2.3436
    1372       2.4712
    1373       2.3305
    1374       2.3640
    1375       2.4456
    1376       2.4811
    1377       2.3174
    1378       2.4328
    1379       2.0613
    1380       2.2143
    1381       2.2502
    1382       2.5474
    1383       2.3017
    1384       2.1512
    1385       2.2516
    1386       2.2628
    1387       2.2743
    1388       2.2226
    1389       2.3218
    1390       2.2882
    1391       2.3294
    1392       2.3285
    1393       2.2539
    1394       2.2104
    1395       2.0837
    1396       2.1727
    1397       2.0653
    1398       2.0366
    1399       1.9217
    1400       1.9319
    1401       2.0256
    1402       2.0509
    1403       2.0083
    1404       1.9432
    1405       1.7065
    1406       1.7563
    1407       1.8025
    1408       1.7435
    1409       1.8503
    1410       2.0902
    1411       2.0166
    1412       1.8885
    1413       1.8799
    1414       2.0145
    1415       2.0784
    1416       1.9203
    1417       1.9180
    1418       1.9029
    1419       2.1896
    1420       2.2879
    1421       2.2035
    1422       2.2837
    1423       2.0869
    1424       1.9486
    1425       1.8908
    1426       2.0244
    1427       1.9750
    1428       1.6717
    1429       1.6159
    1430       1.6776
    1431       1.7956
    1432       1.6933
    1433       1.8801
    1434       2.0342
    1435       1.9188
    1436       1.8855
    1437       1.8379
    1438       1.7112
    1439       1.6874
    1440       1.7974
    1441       1.8911
    1442       1.8908
    1443       2.0423
    1444       1.9918
    1445       2.1655
    1446       2.0995
    1447       2.3502
    1448       2.3885
    1449       2.4239
    1450       2.5902
    1451       2.6009
    1452       2.3667
    1453       2.2971
    1454       2.3956
    1455       2.4796
    1456       2.1743
    1457       2.1589
    1458       2.4520
    1459       2.3904
    1460       2.4749
    1461       2.3115
    1462       2.3714
    1463       2.2116
    1464       2.5300
    1465       2.4281
    1466       2.0844
    1467       1.9767
    1468       1.7720
    1469       2.0438
    1470       1.9387
    1471       1.9616
    1472       1.9558
    1473       2.0579
    1474       2.0914
    1475       2.2720
    1476       2.4259
    1477       2.5625
    1478       2.1938
    1479       2.2456
    1480       2.1917
    1481       2.3852
    1482       2.3125
    1483       2.4816
    1484       2.3090
    1485       2.3340
    1486       2.2687
    1487       2.3700
    1488       2.2958
    1489       2.4264
    1490       2.3288
    1491       2.1787
    1492       1.9667
    1493       2.0143
    1494       2.1449
    1495       2.0532
    1496       2.0725
    1497       2.1605
    1498       1.9659
    1499       2.0100
    1500       2.1799
    1501       2.1116
    1502       2.1547
    1503       2.0570
    1504       2.0107
    1505       2.1935
    1506       2.2043
    1507       2.1704
    1508       2.0556
    1509       1.9404
    1510       1.9635
    1511       1.9462
    1512       1.9029
    1513       1.9578
    1514       1.9620
    1515       1.9906
    1516       2.0190
    1517       1.9886
    1518       1.9697
    1519       2.2662
    1520       2.1112
    1521       1.8833
    1522       1.8924
    1523       1.8041
    1524       1.9162
    1525       1.9856
    1526       1.9445
    1527       1.8915
    1528       2.0142
    1529       2.1779
    1530       2.2035
    1531       2.0811
    1532       2.3052
    1533       2.3929
    1534       2.0722
    1535       1.9649
    1536       1.8948
    1537       2.0697
    1538       1.9951
    1539       1.8948
    1540       1.9903
    1541       1.8673
    1542       1.7237
    1543       1.7224
    1544       1.7848
    1545       1.8415
    1546       1.7822
    1547       1.9099
    1548       1.9155
    1549       1.8891
    1550       1.8773
    1551       1.8704
    1552       2.0487
    1553       2.0222
    1554       2.0579
    1555       1.9740
    1556       1.8467
    1557       1.8706
    1558       1.8817
    1559       1.9767
    1560       2.0059
    1561       1.9893
    1562       2.0335
    1563       1.9589
    1564       1.9939
    1565       1.9333
    1566       1.9917
    1567       1.9607
    1568       2.2127
    1569       2.2412
    1570       2.1873
    1571       2.3060
    1572       2.1650
    1573       1.9526
    1574       1.9363
    1575       2.0147
    1576       2.0157
    1577       1.8516
    1578       1.9060
    1579       1.7945
    1580       1.8681
    1581       2.0474
    1582       1.9645
    1583       1.9011
    1584       2.0589
    1585       1.9540
    1586       2.1211
    1587       2.1399
    1588       2.1316
    1589       2.1661
    1590       2.1228
    1591       2.1244
    1592       2.1151
    1593       2.2138
    1594       2.4220
    1595       2.3784
    1596       2.3539
    1597       2.1940
    1598       2.2230
    1599       2.2438
    1600       2.3540
    1601       2.2649
    1602       2.2942
    1603       2.1438
    1604       2.2682
    1605       2.2296
    1606       2.1867
    1607       1.9786
    1608       2.1869
    1609       2.2460
    1610       2.2129
    1611       2.2716
    1612       2.2047
    1613       2.1816
    1614       2.1776
    1615       2.4513
    1616       2.4331
    1617       2.2652
    1618       2.1719
    1619       2.2782
    1620       2.1345
    1621       2.0594
    1622       2.1488
    1623       2.1985
    1624       2.0823
    1625       1.8966
    1626       1.8772
    1627       1.8670
    1628       1.8136
    1629       1.7392
    1630       1.7421
    1631       1.8476
    1632       1.9951
    1633       1.9102
    1634       1.9708
    1635       1.9782
    1636       1.8789
    1637       1.9988
    1638       1.9351
    1639       2.1702
    1640       2.0294
    1641       2.1220
    1642       2.1933
    1643       2.3704
    1644       2.3750
    1645       2.2932
    1646       2.2078
    1647       2.0771
    1648       2.2341
    1649       2.2611
    1650       2.3240
    1651       2.2683
    1652       2.1569
    1653       2.3192
    1654       2.2506
    1655       2.2335
    1656       1.9975
    1657       2.0060
    1658       2.0521
    1659       1.9053
    1660       2.0505
    1661       2.0325
    1662       2.1209
    1663       2.2725
    1664       2.3299
    1665       2.2351
    1666       2.4006
    1667       2.2347
    1668       2.1563
    1669       2.0900
    1670       2.1509
    1671       2.1220
    1672       2.0627
    1673       2.0725
    1674       2.0946
    1675       2.0519
    1676       2.0713
    1677       1.9717
    1678       1.9879
    1679       2.1493
    1680       2.2315
    1681       2.4533
    1682       2.4077
    1683       2.2727
    1684       2.3394
    1685       2.3299
    1686       2.1913
    1687       2.3553
    1688       2.4487
    1689       2.3003
    1690       2.1964
    1691       2.2110
    1692       2.2992
    1693       2.2286
    1694       2.1968
    1695       2.3418
    1696       2.1144
    1697       2.2434
    1698       2.2606
    1699       2.1576
    1700       2.1465
    1701       2.0806
    1702       2.0366
    1703       1.9963
    1704       2.0680
    1705       2.1919
    1706       2.2460
    1707       2.2919
    1708       1.9728
    1709       1.9252
    1710       2.1108
    1711       2.0463
    1712       2.1656
    1713       1.9311
    1714       1.9991
    1715       1.9658
    1716       2.1313
    1717       1.9145
    1718       1.9801
    1719       2.0139
    1720       1.9720
    1721       1.9022
    1722       1.8483
    1723       1.6799
    1724       1.8701
    1725       1.9709
    1726       1.7598
    1727       1.8168
    1728       1.9728
    1729       1.8222
    1730       1.8571
    1731       1.9236
    1732       2.0026
    1733       1.9959
    1734       2.0588
    1735       1.8207
    1736       2.0206
    1737       1.9629
    1738       1.9437
    1739       2.1450
    1740       2.1053
    1741       1.9711
    1742       1.9489
    1743       2.1741
    1744       2.2669
    1745       2.1814
    1746       1.9731
    1747       1.8566
    1748       1.9853
    1749       2.0365
    1750       1.9971
    1751       2.1049
    1752       2.0314
    1753       2.0603
    1754       1.9465
    1755       1.9916
    1756       2.0575
    1757       1.9443
    1758       1.7465
    1759       1.7149
    1760       1.7045
    1761       1.8563
    1762       1.8422
    1763       1.8030
    1764       1.8463
    1765       1.7095
    1766       1.7629
    1767       1.6256
    1768       1.8035
    1769       1.7289
    1770       1.7337
    1771       1.7394
    1772       1.6722
    1773       1.6581
    1774       1.5974
    1775       1.7095
    1776       1.7045
    1777       1.6941
    1778       1.6822
    1779       1.6803
    1780       1.7871
    1781       1.8792
    1782       1.9056
    1783       1.7233
    1784       1.7975
    1785       1.8138
    1786       2.0518
    1787       1.9458
    1788       1.9176
    1789       1.9699
    1790       2.1231
    1791       2.0167
    1792       2.2470
    1793       2.3226
    1794       2.0602
    1795       1.9759
    1796       1.8151
    1797       2.0965
    1798       2.0068
    1799       2.1342
    1800       1.9699
    1801       1.9758
    1802       1.9662
    1803       2.1541
    1804       2.1176
    1805       2.1976
    1806       1.9609
    1807       2.1778
    1808       2.0273
    1809       2.0173
    1810       1.9929
    1811       2.0649
    1812       2.0561
    1813       1.8276
    1814       1.8391
    1815       1.8041
    1816       1.8719
    1817       1.8924
    1818       1.9377
    1819       1.8933
    1820       1.8526
    1821       2.0136
    1822       1.8629
    1823       1.8776
    1824       1.8633
    1825       1.8636
    1826       1.8011
    1827       1.9951
    1828       1.9359
    1829       1.6854
    1830       1.6433
    1831       1.6759
    1832       1.7447
    1833       1.6917
    1834       1.6387
    1835       1.8162
    1836       1.7110
    1837       1.7660
    1838       1.7984
    1839       1.8465
    1840       1.7234
    1841       1.7489
    1842       1.7570
    1843       1.7344
    1844       1.6297
    1845       2.0451
    1846       1.9963
    1847       1.8365
    1848       1.7693
    1849       1.8940
    1850       2.0782
    1851       1.9680
    1852       2.0859
    1853       2.1655
    1854       2.3111
    1855       2.0660
    1856       2.1260
    1857       2.1656
    1858       2.1973
    1859       2.3129
    1860       2.2859
    1861       2.5094
    1862       2.0673
    1863       1.9786
    1864       1.9817
    1865       2.0796
    1866       2.1629
    1867       2.0593
    1868       2.1773
    1869       2.4052
    1870       2.2902
    1871       2.1031
    1872       2.0553
    1873       1.9313
    1874       1.7223
    1875       1.8766
    1876       1.6351
    1877       1.5469
    1878       1.6427
    1879       1.7844
    1880       1.7445
    1881       2.1693
    1882       1.9537
    1883       2.0778
    1884       2.1622
    1885       2.3148
    1886       2.2668
    1887       2.1135
    1888       2.0448
    1889       1.8874
    1890       1.8669
    1891       1.7707
    1892       1.8558
    1893       1.9276
    1894       1.8251
    1895       2.0103
    1896       1.9851
    1897       1.8157
    1898       1.7267
    1899       1.7651
    1900       1.7623
    1901       1.8805
    1902       1.7085
    1903       1.8313
    1904       1.8203
    1905       1.9000
    1906       2.1525
    1907       1.7828
    1908       1.8713
    1909       1.9220
    1910       2.0206
    1911       1.9592
    1912       1.9646
    1913       2.0959
    1914       2.1482
    1915       2.1877
    1916       2.1380
    1917       2.1841
    1918       2.0896
    1919       2.1953
    1920       2.0914
    1921       2.0757
    1922       1.9824
    1923       2.0696
    1924       2.1209
    1925       2.0025
    1926       2.0665
    1927       1.9813
    1928       1.8735
    1929       1.8896
    1930       1.9733
    1931       2.1186
    1932       2.2500
    1933       2.1650
    1934       1.9299
    1935       1.8473
    1936       1.8695
    1937       1.9313
    1938       1.6926
    1939       1.8194
    1940       1.6421
    1941       1.7584
    1942       1.8325
    1943       1.7583
    1944       1.7512
    1945       1.8661
    1946       1.8780
    1947       1.7685
    1948       1.8290
    1949       1.8230
    1950       1.8395
    1951       1.7846
    1952       1.8176
    1953       1.9114
    1954       2.0073
    1955       2.0583
    1956       2.0205
    1957       2.2544
    1958       2.3814
    1959       2.2738
    1960       2.1011
    1961       1.9663
    1962       1.8613
    1963       2.0615
    1964       2.1153
    1965       1.9932
    1966       1.7738
    1967       1.8672
    1968       1.7418
    1969       1.8461
    1970       1.8291
    1971       2.0318
    1972       2.0259
    1973       2.0301
    1974       2.0280
    1975       2.0770
    1976       2.1092
    1977       2.1086
    1978       2.1605
    1979       2.0014
    1980       2.0973
    1981       2.3031
    1982       2.1491
    1983       2.3790
    1984       2.2598
    1985       2.2404
    1986       2.0745
    1987       2.0859
    1988       2.2716
    1989       2.1338
    1990       2.1429
    1991       1.8905
    1992       2.0771
    1993       1.8761
    1994       1.6494
    1995       1.7484
    1996       1.8540
    1997       1.9631
    1998       1.9509
    1999       2.1364
    2000       2.0652
    2001       1.8980
    2002       1.9527
    2003       1.8269
    2004       2.0874
    2005       2.2024
    2006       2.0961
    2007       2.1122
    2008       2.1263
    2009       1.9137
    2010       1.9537
    2011       1.9464
    2012       2.0248
    2013       2.2081
    2014       2.3027
    2015       2.2581
    2016       2.0351
    2017       1.8784
    2018       2.0267
    2019       1.9769
    2020       2.0311
    2021       2.1272
    2022       2.1832
    2023       2.0999
    2024       2.1867
    2025       2.0596
    2026       1.9782
    2027       1.8635
    2028       1.9814
    2029       2.0947
    2030       2.1749
    2031       2.0874
    2032       2.0799
    2033       1.9888
    2034       1.9776
    2035       2.0348
    2036       2.0969
    2037       2.1447
    2038       2.1634
    2039       2.1445
    2040       2.0146
    2041       1.9746
    2042       1.9353
    2043       1.8879
    2044       1.9120
    2045       1.8640
    2046       1.7330
    2047       1.8716
    2048       1.8450
    2049       1.9296
    2050       1.9271
    2051       1.9577
    2052       1.7347
    2053       1.9264
    2054       1.9998
    2055       2.0462
    2056       2.0387
    2057       1.8602
    2058       1.7961
    2059       2.0626
    2060       1.9521
    2061       2.0638
    2062       2.0213
    2063       2.0174
    2064       1.9201
    2065       1.9083
    2066       1.8663
    2067       1.9540
    2068       2.1378
    2069       2.1221
    2070       2.1069
    2071       1.9877
    2072       2.0358
    2073       2.0288
    2074       1.9340
    2075       1.9454
    2076       2.1113
    2077       2.3037
    2078       2.2226
    2079       2.1267
    2080       2.1823
    2081       2.0179
    2082       2.0730
    2083       2.2433
    2084       2.0231
    2085       2.2608
    2086       2.2580
    2087       2.0649
    2088       2.0726
    2089       2.1227
    2090       2.1125
    2091       2.3342
    2092       2.3467
    2093       2.1050
    2094       2.1946
    2095       2.1412
    2096       2.1548
    2097       1.9614
    2098       1.8909
    2099       2.0800
    2100       2.2319
    2101       2.2994
    2102       2.2158
    2103       2.4630
    2104       2.3942
    2105       2.2242
    2106       2.2209
    2107       2.0814
    2108       2.2229
    2109       2.1019
    2110       1.8301
    2111       1.7801
    2112       1.7479
    2113       1.7946
    2114       1.7273
    2115       1.6573
    2116       1.6677
    2117       1.7674
    2118       1.7772
    2119       1.7287
    2120       1.6903
    2121       1.7638
    2122       1.7592
    2123       1.7986
    2124       1.6843
    2125       1.7355
    2126       1.7671
    2127       1.9216
    2128       2.0563
    2129       2.0227
    2130       2.1428
    2131       1.9271
    2132       1.9883
    2133       2.0439
    2134       1.8069
    2135       1.7734
    2136       1.8656
    2137       1.7755
    2138       1.9130
    2139       1.9715
    2140       2.0237
    2141       2.1594
    2142       2.1060
    2143       2.0647
    2144       2.0844
    2145       2.1548
    2146       1.9833
    2147       2.1165
    2148       2.2137
    2149       1.9915
    2150       1.9576
    2151       2.0547
    2152       2.0141
    2153       1.9930
    2154       1.8566
    2155       2.0522
    2156       1.8906
    2157       2.0292
    2158       2.0940
    2159       1.9308
    2160       1.9233
    2161       1.7417
    2162       1.7793
    2163       1.7743
    2164       1.8503
    2165       1.7075
    2166       1.6844
    2167       1.8797
    2168       2.0496
    2169       1.9418
    2170       1.8652
    2171       2.0248
    2172       2.0883
    2173       1.9763
    2174       2.0043
    2175       1.9154
    2176       2.0592
    2177       2.0685
    2178       2.0329
    2179       1.9512
    2180       2.0653
    2181       2.1378
    2182       2.1315
    2183       2.0496
    2184       1.8537
    2185       1.8695
    2186       1.9095
    2187       1.8752
    2188       1.8919
    2189       1.8789
    2190       1.8313
    2191       1.8157
    2192       1.7196
    2193       1.7393
    2194       1.8136
    2195       1.8030
    2196       1.8765
    2197       1.8009
    2198       1.7266
    2199       1.9833
    2200       1.8929
    2201       1.8050
    2202       1.8321
    2203       1.8650
    2204       1.6397
    2205       1.6409
    2206       1.5367
    2207       1.6681
    2208       1.7850
    2209       1.8972
    2210       2.0238
    2211       1.9745
    2212       1.7993
    2213       1.8194
    2214       1.7250
    2215       1.6951
    2216       1.9802
    2217       1.9637
    2218       2.0748
    2219       1.9928
    2220       1.7393
    2221       1.9637
    2222       1.8026
    2223       2.1505
    2224       2.3813
    2225       2.1349
    2226       2.2104
    2227       2.0017
    2228       2.0868
    2229       2.0271
    2230       2.0030
    2231       1.9859
    2232       1.8301
    2233       1.9065
    2234       1.8545
    2235       1.7413
    2236       1.7294
    2237       2.0241
    2238       1.7921
    2239       1.9000
    2240       1.7592
    2241       1.7819
    2242       1.8411
    2243       1.6378
    2244       1.6324
    2245       1.6631
    2246       1.7435
    2247       1.7727
    2248       1.9818
    2249       1.9289
    2250       2.1385
    2251       2.0688
    2252       1.9127
    2253       2.0251
    2254       2.0566
    2255       2.1842
    2256       1.9574
    2257       2.0412
    2258       2.0549
    2259       1.8446
    2260       1.6939
    2261       1.8114
    2262       1.9662
    2263       1.9731
    2264       1.9258
    2265       1.7715
    2266       1.6429
    2267       1.8674
    2268       1.8572
    2269       1.7335
    2270       1.7664
    2271       1.8783
    2272       1.8926
    2273       1.9005
    2274       1.9053
    2275       1.9764
    2276       2.0210
    2277       1.7728
    2278       1.8959
    2279       1.9102
    2280       1.9946
    2281       1.9419
    2282       1.8213
    2283       1.9333
    2284       1.9053
    2285       1.8852
    2286       1.9332
    2287       1.9261
    2288       1.9209
    2289       2.0843
    2290       2.0210
    2291       1.8555
    2292       1.8389
    2293       1.8353
    2294       1.9206
    2295       1.9501
    2296       2.0207
    2297       1.9199
    2298       2.1262
    2299       1.9788
    2300       1.9010
    2301       1.8854
    2302       1.8828
    2303       1.8796
    2304       2.0549
    2305       2.0613
    2306       1.9864
    2307       1.9514
    2308       2.0133
    2309       1.8711
    2310       2.0798
    2311       1.9599
    2312       1.8924
    2313       1.8381
    2314       1.9211
    2315       1.9363
    2316       1.8398
    2317       1.8660
    2318       1.9249
    2319       1.9765
    2320       1.7389
    2321       1.7695
    2322       1.6571
    2323       1.6169
    2324       1.6249
    2325       1.6724
    2326       1.7412
    2327       1.7490
    2328       1.7934
    2329       1.7300
    2330       1.8501
    2331       1.9450
    2332       2.0246
    2333       1.8232
    2334       1.7581
    2335       1.8341
    2336       1.8543
    2337       1.8679
    2338       2.0279
    2339       2.0484
    2340       1.9315
    2341       1.8559
    2342       1.9403
    2343       1.9498
    2344       1.8370
    2345       1.8728
    2346       1.9894
    2347       2.0820
    2348       1.9184
    2349       2.0846
    2350       2.0638
    2351       2.1506
    2352       2.0693
    2353       2.1889
    2354       2.0917
    2355       2.1527
    2356       2.2426
    2357       2.2469
    2358       2.0947
    2359       2.0147
    2360       2.0178
    2361       2.0897
    2362       2.0858
    2363       2.1657
    2364       2.1875
    2365       2.1309
    2366       1.8905
    2367       1.8582
    2368       2.0791
    2369       1.9635
    2370       2.0726
    2371       2.1901
    2372       2.2692
    2373       2.1952
    2374       2.2299
    2375       2.1709
    2376       2.0974
    2377       2.2264
    2378       2.2005
    2379       2.5275
    2380       2.5292
    2381       2.4207
    2382       2.3700
    2383       2.3734
    2384       2.2854
    2385       2.3092
    2386       2.2641
    2387       2.2785
    2388       2.2117
    2389       2.3118
    2390       2.3046
    2391       2.5373
    2392       2.4622
    2393       2.2966
    2394       2.1177
    2395       2.0887
    2396       2.1837
    2397       2.1670
    2398       2.2399
    2399       2.1340
    2400       2.0140
    2401       2.3174
    2402       2.1283
    2403       2.2177
    2404       2.1852
    2405       2.4943
    2406       2.3913
    2407       2.3723
    2408       2.1189
    2409       2.4062
    2410       2.2019
    2411       2.2989
    2412       2.0815
    2413       2.0895
    2414       2.1093
    2415       2.0624
    2416       1.9859
    2417       1.9400
    2418       1.9523
    2419       1.9336
    2420       1.9147
    2421       1.9135
    2422       1.7794
    2423       1.8216
    2424       1.8191
    2425       1.7474
    2426       1.7108
    2427       1.8914
    2428       1.8035
    2429       1.9066
    2430       2.1065
    2431       2.0237
    2432       2.0574
    2433       2.2043
    2434       2.0554
    2435       2.1137
    2436       2.2154
    2437       2.2502
    2438       2.0662
    2439       2.1190
    2440       1.9920
    2441       1.9678
    2442       1.8848
    2443       1.7798
    2444       1.7853
    2445       1.7534
    2446       1.8126
    2447       1.8774
    2448       1.9025
    2449       1.9793
    2450       1.7155
    2451       1.7637
    2452       1.8592
    2453       1.7685
    2454       1.9597
    2455       1.8664
    2456       2.0266
    2457       2.2384
    2458       2.1723
    2459       2.1275
    2460       2.1642
    2461       2.3577
    2462       2.5163
    2463       2.4644
    2464       2.2823
    2465       2.5430
    2466       2.2983
    2467       2.2387
    2468       2.1287
    2469       2.2046
    2470       2.3305
    2471       2.4129
    2472       2.4785
    2473       2.4703
    2474       2.4358
    2475       2.2516
    2476       2.0502
    2477       2.0533
    2478       2.0233
    2479       2.1601
    2480       2.1874
    2481       2.0442
    2482       2.1088
    2483       2.1541
    2484       2.2384
    2485       2.2653
    2486       2.1250
    2487       1.8670
    2488       1.8972
    2489       1.9498
    2490       1.9357
    2491       1.9183
    2492       1.9332
    2493       2.0932
    2494       1.9161
    2495       1.9930
    2496       1.8898
    2497       2.0693
    2498       2.0175
    2499       2.2431
    2500       2.1345
    2501       2.0694
    2502       2.0585
    2503       1.9746
    2504       1.9659
    2505       2.1259
    2506       2.1457
    2507       2.0423
    2508       2.1023
    2509       2.1268
    2510       2.1451
    2511       2.1695
    2512       2.0338
    2513       2.0131
    2514       2.0604
    2515       1.9936
    2516       1.9741
    2517       2.1362
    2518       2.1103
    2519       2.2894
    2520       2.0179
    2521       2.0040
    2522       1.9401
    2523       1.8419
    2524       2.0422
    2525       1.9099
    2526       2.1415
    2527       2.2504
    2528       2.0961
    2529       2.1814
    2530       2.0563
    2531       2.0206
    2532       2.0917
    2533       1.9692
    2534       1.9449
    2535       1.8777
    2536       1.9220
    2537       1.9122
    2538       2.1512
    2539       2.0390
    2540       1.8708
    2541       1.8823
    2542       2.0977
    2543       2.0536
    2544       1.9407
    2545       1.9066
    2546       1.9550
    2547       2.0289
    2548       2.0498
    2549       2.2603
    2550       2.2531
    2551       2.2145
    2552       2.0728
    2553       2.0565
    2554       2.0019
    2555       1.8787
    2556       1.7280
    2557       1.9028
    2558       1.9557
    2559       1.9315
    2560       1.7635
    2561       1.6848
    2562       1.6538
    2563       1.7616
    2564       1.6741
    2565       1.6671
    2566       1.8432
    2567       1.6839
    2568       1.6947
    2569       1.5975
    2570       1.8038
    2571       1.7980
    2572       1.6863
    2573       1.6823
    2574       1.6888
    2575       1.7838
    2576       1.6823
    2577       1.7342
    2578       1.7844
    2579       1.8412
    2580       1.9784
    2581       2.0199
    2582       1.9937
    2583       2.1020
    2584       2.1352
    2585       1.9705
    2586       2.0921
    2587       2.1072
    2588       2.1726
    2589       2.0112
    2590       2.0195
    2591       1.8833
    2592       1.7998
    2593       1.9176
    2594       1.9511
    2595       1.7885
    2596       1.8046
    2597       1.8570
    2598       2.0215
    2599       1.9350
    2600       1.9160
    2601       1.9673
    2602       1.8254
    2603       1.9759
    2604       1.9299
    2605       1.8429
    2606       1.8493
    2607       1.7362
    2608       1.7741
    2609       1.7351
    2610       1.7365
    2611       1.9654
    2612       2.0161
    2613       1.9856
    2614       1.8080
    2615       1.8725
    2616       1.7822
    2617       1.7891
    2618       1.7245
    2619       1.7365
    2620       1.7649
    2621       1.8252
    2622       1.8956
    2623       1.7123
    2624       1.7318
    2625       1.8686
    2626       1.7749
    2627       1.9919
    2628       2.0791
    2629       1.9410
    2630       1.8603
    2631       1.7149
    2632       1.6909
    2633       1.7575
    2634       1.7942
    2635       1.8621
    2636       1.8258
    2637       1.9774
    2638       1.8998
    2639       1.9288
    2640       1.9036
    2641       2.0264
    2642       2.0196
    2643       2.0866
    2644       2.0892
    2645       1.9420
    2646       2.1062
    2647       1.9610
    2648       1.8676
    2649       1.6860
    2650       1.7331
    2651       1.7599
    2652       1.7161
    2653       1.7415
    2654       1.8887
    2655       1.9171
    2656       1.8799
    2657       1.9560
    2658       1.9096
    2659       1.8809
    2660       1.8002
    2661       1.9491
    2662       1.9106
    2663       1.7493
    2664       1.8278
    2665       1.8414
    2666       1.8200
    2667       1.9433
    2668       1.9810
    2669       1.8982
    2670       1.9216
    2671       2.0186
    2672       1.8509
    2673       2.0190
    2674       1.8963
    2675       1.9946
    2676       2.0023
    2677       1.9791
    2678       1.9616
    2679       2.0080
    2680       1.8993
    2681       1.9997
    2682       1.9226
    2683       2.0541
    2684       2.0831
    2685       2.1577
    2686       2.1643
    2687       2.1785
    2688       2.1529
    2689       2.1573
    2690       2.0957
    2691       2.2010
    2692       2.0978
    2693       2.0638
    2694       2.1484
    2695       2.1085
    2696       2.0847
    2697       1.9211
    2698       1.9394
    2699       1.7495
    2700       1.9136
    2701       1.9414
    2702       1.9697
    2703       1.8747
    2704       2.1305
    2705       1.9848
    2706       2.0182
    2707       1.9113
    2708       1.9658
    2709       1.9598
    2710       2.0402
    2711       1.8563
    2712       1.8320
    2713       1.7196
    2714       1.8108
    2715       1.8915
    2716       1.9822
    2717       1.8651
    2718       1.7705
    2719       1.8957
    2720       1.9542
    2721       2.0130
    2722       1.7122
    2723       1.6920
    2724       1.8742
    2725       1.8948
    2726       1.8320
    2727       1.9189
    2728       1.9371
    2729       1.9381
    2730       2.1373
    2731       2.0570
    2732       2.1445
    2733       2.0527
    2734       1.9951
    2735       2.0908
    2736       1.9940
    2737       1.9126
    2738       1.9002
    2739       2.0677
    2740       2.1988
    2741       2.1342
    2742       2.2409
    2743       2.2613
    2744       2.2437
    2745       2.3446
    2746       2.1614
    2747       2.3360
    2748       2.1623
    2749       2.0705
    2750       2.1789
    2751       2.3383
    2752       2.4831
    2753       2.3945
    2754       2.4734
    2755       2.2093
    2756       2.1866
    2757       2.1635
    2758       2.2418
    2759       2.1988
    2760       2.0052
    2761       2.0188
    2762       1.8930
    2763       1.9788
    2764       2.0073
    2765       1.9372
    2766       2.0793
    2767       1.8864
    2768       1.8805
    2769       1.9335
    2770       1.8703
    2771       1.9199
    2772       1.9833
    2773       2.0480
    2774       2.2316
    2775       2.0772
    2776       1.9534
    2777       2.1555
    2778       1.8996
    2779       2.0244
    2780       1.9064
    2781       1.9448
    2782       2.0056
    2783       2.0368
    2784       2.0112
    2785       2.0843
    2786       1.9589
    2787       1.8874
    2788       1.9092
    2789       2.0151
    2790       1.9193
    2791       1.8205
    2792       1.7590
    2793       1.8845
    2794       1.8308
    2795       1.8118
    2796       1.8139
    2797       1.8210
    2798       1.8762
    2799       1.9639
    2800       2.0429
    2801       1.9015
    2802       2.0266
    2803       1.9326
    2804       1.9718
    2805       2.1531
    2806       1.9401
    2807       1.8214
    2808       1.5665
    2809       1.7451
    2810       1.8323
    2811       1.7692
    2812       1.7861
    2813       1.8430
    2814       1.8426
    2815       1.9437
    2816       1.8874
    2817       1.8451
    2818       1.9060
    2819       1.8706
    2820       1.8360
    2821       1.8878
    2822       1.7858
    2823       1.7591
    2824       1.7714
    2825       1.9604
    2826       1.9834
    2827       1.8467
    2828       1.7687
    2829       1.9206
    2830       1.7898
    2831       1.8036
    2832       1.8556
    2833       1.8986
    2834       2.0638
    2835       1.9399
    2836       1.9924
    2837       1.9399
    2838       1.9095
    2839       1.9424
    2840       1.9423
    2841       1.9122
    2842       1.8277
    2843       1.7574
    2844       1.7047
    2845       1.8720
    2846       1.8442
    2847       1.6894
    2848       1.8628
    2849       1.8531
    2850       1.7196
    2851       1.8215
    2852       1.9260
    2853       1.7316
    2854       1.8368
    2855       1.8196
    2856       1.8735
    2857       1.8176
    2858       1.8476
    2859       1.9407
    2860       2.0079
    2861       1.7954
    2862       1.8879
    2863       1.9068
    2864       1.7300
    2865       1.7281
    2866       1.8287
    2867       1.8850
    2868       1.7691
    2869       1.8533
    2870       1.8638
    2871       1.8982
    2872       1.9854
    2873       1.9989
    2874       2.1282
    2875       2.0795
    2876       1.9623
    2877       2.0666
    2878       2.0010
    2879       2.0194
    2880       1.8804
    2881       1.8096
    2882       1.8034
    2883       1.6366
    2884       1.5508
    2885       1.6808
    2886       1.7922
    2887       1.6439
    2888       1.8400
    2889       1.8278
    2890       1.9981
    2891       2.0306
    2892       1.8749
    2893       1.8117
    2894       1.7677
    2895       1.8735
    2896       1.8763
    2897       1.8581
    2898       1.7762
    2899       1.8370
    2900       1.8796
    2901       1.5889
    2902       1.5993
    2903       1.6409
    2904       1.6983
    2905       1.7891
    2906       1.7953
    2907       1.9797
    2908       1.8414
    2909       1.8762
    2910       1.8558
    2911       1.9487
    2912       1.7888
    2913       1.8123
    2914       1.8524
    2915       1.7924
    2916       1.7778
    2917       1.9305
    2918       1.8980
    2919       1.9223
    2920       1.8112
    2921       1.8611
    2922       1.8037
    2923       2.1099
    2924       2.0396
    2925       2.1283
    2926       2.1816
    2927       2.1074
    2928       2.1603
    2929       2.2374
    2930       2.3149
    2931       2.1457
    2932       2.1147
    2933       2.2075
    2934       2.0696
    2935       2.0769
    2936       2.1092
    2937       2.2737
    2938       2.2467
    2939       2.1527
    2940       2.1535
    2941       2.0646
    2942       2.0782
    2943       2.1627
    2944       2.0980
    2945       2.1012
    2946       2.1162
    2947       1.9821
    2948       2.2924
    2949       2.3008
    2950       2.1353
    2951       2.0541
    2952       1.9649
    2953       1.8933
    2954       1.8381
    2955       1.9439
    2956       2.0204
    2957       1.8055
    2958       2.0419
    2959       2.1282
    2960       1.9130
    2961       1.9505
    2962       2.0276
    2963       2.0521
    2964       2.1623
    2965       2.0464
    2966       2.0486
    2967       2.1352
    2968       2.0324
    2969       1.9904
    2970       1.9969
    2971       2.1042
    2972       2.1146
    2973       1.9497
    2974       2.0800
    2975       2.0215
    2976       2.0416
    2977       1.9439
    2978       2.0394
    2979       2.0583
    2980       2.1777
    2981       1.9383
    2982       1.9042
    2983       1.9928
    2984       1.9049
    2985       2.1008
    2986       2.0491
    2987       2.0161
    2988       2.1517
    2989       2.1074
    2990       1.9429
    2991       1.7075
    2992       1.7579
    2993       1.8031
    2994       1.9588
    2995       2.1442
    2996       2.0506
    2997       2.1405
    2998       2.1680
    2999       2.0717
    3000       2.1162
    3001       2.0838
    3002       2.0612
    3003       1.9528
    3004       1.8416
    3005       2.0887
    3006       1.8919
    3007       1.9714
    3008       1.9356
    3009       1.8705
    3010       1.8763
    3011       2.0306
    3012       1.8753
    3013       1.7793
    3014       1.8045
    3015       1.9330
    3016       1.9339
    3017       2.1739
    3018       2.0998
    3019       2.1058
    3020       1.9803
    3021       1.8238
    3022       1.7677
    3023       1.9169
    3024       2.0083
    3025       1.7440
    3026       1.8460
    3027       1.8273
    3028       1.7856
    3029       1.8720
    3030       1.8986
    3031       1.8809
    3032       1.7406
    3033       1.7551
    3034       1.7630
    3035       1.7684
    3036       1.8366
    3037       1.8075
    3038       1.8350
    3039       1.8559
    3040       1.9840
    3041       1.7886
    3042       1.8003
    3043       1.8040
    3044       1.7397
    3045       1.6737
    3046       1.6011
    3047       1.6110
    3048       1.6730
    3049       1.6987
    3050       1.6985
    3051       1.5905
    3052       1.6303
    3053       1.6150
    3054       1.7171
    3055       1.5383
    3056       1.6648
    3057       1.6656
    3058       1.6372
    3059       1.6284
    3060       1.7207
    3061       1.9128
    3062       1.7173
    3063       1.8124
    3064       1.8659
    3065       1.7284
    3066       1.8367
    3067       1.9548
    3068       2.0228
    3069       2.1410
    3070       2.0018
    3071       1.9045
    3072       1.8162
    3073       1.7716
    3074       1.7566
    3075       1.9031
    3076       1.7299
    3077       1.7956
    3078       1.7415
    3079       1.7936
    3080       1.8465
    3081       1.8620
    3082       1.8681
    3083       1.7686
    3084       1.7422
    3085       1.8737
    3086       1.9469
    3087       1.8281
    3088       1.8655
    3089       2.0267
    3090       1.9528
    3091       1.8340
    3092       2.0559
    3093       2.0545
    3094       2.1571
    3095       2.0563
    3096       1.9260
    3097       1.8512
    3098       1.8453
    3099       1.9720
    3100       1.8740
    3101       1.8959
    3102       1.7009
    3103       1.7780
    3104       1.9354
    3105       1.9304
    3106       2.0275
    3107       1.9997
    3108       1.9463
    3109       1.7748
    3110       1.9770
    3111       1.8437
    3112       1.9004
    3113       1.9053
    3114       1.8943
    3115       1.7122
    3116       1.8271
    3117       1.7994
    3118       1.9132
    3119       1.9809
    3120       1.8896
    3121       1.9060
    3122       1.9144
    3123       1.9336
    3124       2.0309
    3125       2.1082
    3126       2.2377
    3127       2.2673
    3128       2.0872
    3129       2.0072
    3130       2.0223
    3131       1.9946
    3132       2.0651
    3133       1.9868
    3134       1.9312
    3135       1.7544
    3136       1.7305
    3137       1.8190
    3138       1.9792
    3139       1.9051
    3140       1.9973
    3141       1.9749
    3142       2.0730
    3143       1.9840
    3144       1.9874
    3145       1.8891
    3146       1.9131
    3147       1.9790
    3148       2.0099
    3149       2.0001
    3150       1.8551
    3151       1.7901
    3152       1.8314
    3153       1.8231
    3154       1.7967
    3155       1.7472
    3156       1.7435
    3157       1.7876
    3158       1.8044
    3159       1.6185
    3160       1.6482
    3161       1.6762
    3162       1.6462
    3163       1.7372
    3164       1.7872
    3165       1.7106
    3166       1.7017
    3167       1.8523
    3168       1.7901
    3169       1.8725
    3170       1.8395
    3171       1.8109
    3172       1.8813
    3173       1.9253
    3174       1.7877
    3175       1.9567
    3176       1.8646
    3177       1.8399
    3178       1.8543
    3179       1.8287
    3180       1.8321
    3181       1.8081
    3182       1.9543
    3183       1.9736
    3184       1.9740
    3185       2.0320
    3186       2.0655
    3187       1.9164
    3188       1.8611
    3189       2.1618
    3190       2.2229
    3191       2.3525
    3192       2.3827
    3193       2.3021
    3194       2.4708
    3195       2.3267
    3196       2.1110
    3197       2.1919
    3198       2.0969
    3199       2.0100
    3200       2.0414
    3201       1.9020
    3202       2.1633
    3203       2.1866
    3204       2.0502
    3205       1.8979
    3206       1.8230
    3207       1.8377
    3208       1.8400
    3209       1.9458
    3210       2.0851
    3211       1.9529
    3212       1.9403
    3213       1.8195
    3214       1.9080
    3215       1.9714
    3216       1.9622
    3217       2.0286
    3218       2.1067
    3219       1.9686
    3220       1.9280
    3221       1.9308
    3222       1.9479
    3223       2.0301
    3224       2.2051
    3225       2.0440
    3226       2.2112
    3227       2.0849
    3228       2.2201
    3229       1.9832
    3230       2.0245
    3231       1.9185
    3232       1.9301
    3233       1.9603
    3234       2.0286
    3235       1.9887
    3236       2.0206
    3237       2.1070
    3238       2.0100
    3239       2.0835
    3240       2.1918
    3241       2.1114
    3242       2.0918
    3243       2.0354
    3244       2.0381
    3245       1.9847
    3246       2.0552
    3247       1.9555
    3248       2.1162
    3249       2.1254
    3250       2.1139
    3251       2.0611
    3252       2.2352
    3253       2.1051
    3254       2.1190
    3255       2.0793
    3256       1.9015
    3257       1.8301
    3258       1.9056
    3259       1.8173
    3260       1.6854
    3261       1.6964
    3262       1.8223
    3263       1.8829
    3264       1.9236
    3265       1.8028
    3266       1.8180
    3267       1.8803
    3268       1.7852
    3269       1.7415
    3270       1.6929
    3271       1.6966
    3272       1.6620
    3273       1.8314
    3274       1.8658
    3275       1.7714
    3276       1.7459
    3277       1.7235
    3278       1.6361
    3279       1.4802
    3280       1.5997
    3281       1.5762
    3282       1.6696
    3283       1.6811
    3284       1.7930
    3285       1.7994
    3286       1.8043
    3287       1.8411
    3288       1.8381
    3289       1.6853
    3290       1.9172
    3291       1.9013
    3292       1.8995
    3293       1.7437
    3294       1.9157
    3295       1.8532
    3296       2.0198
    3297       1.9428
    3298       1.7635
    3299       1.7695
    3300       1.7682
    3301       1.8383
    3302       1.7522
    3303       1.8420
    3304       1.8361
    3305       1.9429
    3306       1.9958
    3307       1.9402
    3308       1.9417
    3309       1.8474
    3310       1.7185
    3311       1.6018
    3312       1.6424
    3313       1.6724
    3314       1.7541
    3315       1.7218
    3316       1.7237
    3317       1.8688
    3318       1.7116
    3319       1.7809
    3320       1.8826
    3321       1.6886
    3322       1.6255
    3323       1.6834
    3324       1.8281
    3325       1.6644
    3326       1.6529
    3327       1.6560
    3328       1.7202
    3329       1.6849
    3330       1.6379
    3331       1.6592
    3332       1.8202
    3333       1.8009
    3334       1.7511
    3335       1.6772
    3336       1.6123
    3337       1.5419
    3338       1.5742
    3339       1.4616
    3340       1.5419
    3341       1.6009
    3342       1.6431
    3343       1.4635
    3344       1.5328
    3345       1.6918
    3346       1.6372
    3347       1.5418
    3348       1.5364
    3349       1.5443
    3350       1.5407
    3351       1.4666
    3352       1.5846
    3353       1.5132
    3354       1.5147
    3355       1.4848
    3356       1.5367
    3357       1.5093
    3358       1.4917
    3359       1.5076
    3360       1.5677
    3361       1.6354
    3362       1.6242
    3363       1.6122
    3364       1.6023
    3365       1.6562
    3366       1.6556
    3367       1.5422
    3368       1.5008
    3369       1.4770
    3370       1.5720
    3371       1.7347
    3372       1.6802
    3373       1.5654
    3374       1.8887
    3375       1.8124
    3376       1.6919
    3377       1.6569
    3378       1.5284
    3379       1.6709
    3380       1.6125
    3381       1.6540
    3382       1.8104
    3383       1.6904
    3384       1.7417
    3385       1.6731
    3386       1.7284
    3387       1.5841
    3388       1.4831
    3389       1.5894
    3390       1.5172
    3391       1.5657
    3392       1.5258
    3393       1.5418
    3394       1.6221
    3395       1.5329
    3396       1.6021
    3397       1.5542
    3398       1.7058
    3399       1.5997
    3400       1.6920
    3401       1.7368
    3402       1.8276
    3403       1.7936
    3404       1.7833
    3405       1.9546
    3406       1.7765
    3407       1.7540
    3408       1.8121
    3409       1.9440
    3410       1.8756
    3411       1.7474
    3412       1.6794
    3413       1.6442
    3414       1.5707
    3415       1.6579
    3416       1.7371
    3417       1.6054
    3418       1.5810
    3419       1.7270
    3420       1.7037
    3421       1.6940
    3422       1.7766
    3423       1.6531
    3424       1.7140
    3425       1.7954
    3426       1.7732
    3427       1.7317
    3428       1.8623
    3429       1.8418
    3430       1.7653
    3431       1.7170
    3432       1.6419
    3433       1.6980
    3434       1.6759
    3435       1.8110
    3436       1.6981
    3437       1.5641
    3438       1.7486
    3439       1.6883
    3440       1.6983
    3441       1.7536
    3442       1.8208
    3443       1.7802
    3444       1.7962
    3445       1.6666
    3446       1.6574
    3447       1.6563
    3448       1.8967
    3449       1.7956
    3450       1.8492
    3451       1.8396
    3452       1.8962
    3453       1.9432
    3454       1.7542
    3455       1.7092
    3456       1.7478
    3457       1.7621
    3458       1.7595
    3459       1.9490
    3460       1.7303
    3461       1.7764
    3462       1.8171
    3463       1.8338
    3464       1.8092
    3465       1.7255
    3466       1.7930
    3467       1.9020
    3468       1.9204
    3469       1.9444
    3470       1.9318
    3471       1.8836
    3472       1.9263
    3473       1.7618
    3474       1.8367
    3475       1.8456
    3476       1.8457
    3477       1.7606
    3478       1.7041
    3479       1.6760
    3480       1.7644
    3481       1.6997
    3482       1.8018
    3483       1.6556
    3484       1.5986
    3485       1.6361
    3486       1.5575
    3487       1.5494
    3488       1.5806
    3489       1.5919
    3490       1.6888
    3491       1.7509
    3492       1.7351
    3493       1.7550
    3494       1.8812
    3495       1.8921
    3496       1.7917
    3497       1.8856
    3498       1.8389
    3499       1.7797
    3500       1.8881
    3501       1.7886
    3502       1.8032
    3503       1.7147
    3504       1.8206
    3505       1.8170
    3506       1.8824
    3507       1.7460
    3508       1.8630
    3509       1.7957
    3510       1.8308
    3511       1.8628
    3512       1.6866
    3513       1.9272
    3514       1.9635
    3515       2.0215
    3516       1.9906
    3517       1.8682
    3518       1.8704
    3519       1.7649
    3520       1.8234
    3521       1.7430
    3522       1.8340
    3523       1.8652
    3524       1.9004
    3525       1.8651
    3526       1.8869
    3527       1.9224
    3528       2.1633
    3529       2.2510
    3530       2.1466
    3531       2.0849
    3532       1.9309
    3533       2.1078
    3534       2.2496
    3535       2.1481
    3536       2.1107
    3537       1.9906
    3538       1.9637
    3539       1.9335
    3540       1.9049
    3541       1.9043
    3542       1.9067
    3543       1.8874
    3544       2.0676
    3545       1.8749
    3546       1.9889
    3547       1.8746
    3548       1.9229
    3549       1.8601
    3550       2.1090
    3551       2.0589
    3552       2.1333
    3553       1.9334
    3554       1.8864
    3555       1.7519
    3556       1.6295
    3557       1.5972
    3558       1.5314
    3559       1.6860
    3560       1.7257
    3561       1.5934
    3562       1.6970
    3563       1.7038
    3564       1.7768
    3565       1.6948
    3566       1.7709
    3567       1.8309
    3568       1.6839
    3569       1.6957
    3570       1.7232
    3571       1.7192
    3572       1.6404
    3573       1.6392
    3574       1.7364
    3575       1.7884
    3576       1.8779
    3577       1.8656
    3578       1.8086
    3579       1.8424
    3580       1.7894
    3581       1.7930
    3582       1.9182
    3583       1.8333
    3584       1.8362
    3585       1.7615
    3586       1.7424
    3587       1.6001
    3588       1.6666
    3589       1.6703
    3590       1.6384
    3591       1.6771
    3592       1.6016
    3593       1.7820
    3594       1.7043
    3595       1.8906
    3596       1.9384
    3597       1.8149
    3598       1.7352
    3599       1.7564
    3600       1.7556
    3601       1.8255
    3602       1.6477
    3603       1.5929
    3604       1.6553
    3605       1.7230
    3606       1.6542
    3607       1.7831
    3608       1.8303
    3609       2.0018
    3610       1.9726
    3611       1.8783
    3612       1.9358
    3613       1.7105
    3614       1.7842
    3615       1.8804
    3616       1.8838
    3617       1.9593
    3618       1.9285
    3619       1.8501
    3620       1.7652
    3621       1.8303
    3622       1.8483
    3623       1.7789
    3624       1.7725
    3625       1.7342
    3626       1.7371
    3627       1.7066
    3628       1.8697
    3629       1.8118
    3630       1.9711
    3631       1.9507
    3632       2.0521
    3633       2.2001
    3634       2.1421
    3635       2.1861
    3636       2.1762
    3637       1.8952
    3638       1.9111
    3639       1.8498
    3640       1.8197
    3641       1.7656
    3642       1.7399
    3643       1.8047
    3644       1.7754
    3645       1.7719
    3646       1.9614
    3647       2.0593
    3648       2.0010
    3649       1.9864
    3650       2.0475
    3651       2.1171
    3652       2.1092
    3653       2.0317
    3654       1.9187
    3655       1.8873
    3656       1.8830
    3657       1.8421
    3658       1.8478
    3659       1.8293
    3660       1.9361
    3661       1.8395
    3662       2.0280
    3663       1.9240
    3664       2.1163
    3665       1.9751
    3666       2.2305
    3667       2.0424
    3668       2.0603
    3669       2.1792
    3670       2.0529
    3671       2.1619
    3672       2.1192
    3673       1.9823
    3674       1.9948
    3675       1.9427
    3676       2.0483
    3677       2.0368
    3678       1.9987
    3679       2.1002
    3680       2.0531
    3681       2.0538
    3682       2.1922
    3683       1.9705
    3684       2.0058
    3685       1.9565
    3686       2.0043
    3687       2.0997
    3688       1.8975
    3689       2.0556
    3690       1.9686
    3691       1.9296
    3692       1.9540
    3693       1.8564
    3694       1.7904
    3695       1.7427
    3696       1.7005
    3697       1.8536
    3698       1.8629
    3699       1.8428
    3700       1.8887
    3701       1.8146
    3702       1.7774
    3703       1.8165
    3704       1.6481
    3705       1.6766
    3706       1.6259
    3707       1.6601
    3708       1.4814
    3709       1.6588
    3710       1.6943
    3711       1.7576
    3712       1.5600
    3713       1.6711
    3714       1.5613
    3715       1.4980
    3716       1.6642
    3717       1.6317
    3718       1.7305
    3719       1.8170
    3720       1.8413
    3721       1.9745
    3722       1.7830
    3723       1.7013
    3724       1.7784
    3725       1.6283
    3726       1.6415
    3727       1.5642
    3728       1.5518
    3729       1.6171
    3730       1.5971
    3731       1.5809
    3732       1.4967
    3733       1.4947
    3734       1.5132
    3735       1.5805
    3736       1.6066
    3737       1.5712
    3738       1.6369
    3739       1.5774
    3740       1.6783
    3741       1.6328
    3742       1.6101
    3743       1.4744
    3744       1.6229
    3745       1.5360
    3746       1.6316
    3747       1.6388
    3748       1.6383
    3749       1.6991
    3750       1.5999
    3751       1.6424
    3752       1.6893
    3753       1.7248
    3754       1.8076
    3755       1.7338
    3756       1.7638
    3757       1.7205
    3758       1.7992
    3759       1.5865
    3760       1.7442
    3761       1.7129
    3762       1.8316
    3763       1.9129
    3764       1.8980
    3765       2.0235
    3766       1.9185
    3767       1.9793
    3768       1.9633
    3769       1.8781
    3770       1.7914
    3771       1.7892
    3772       1.7761
    3773       1.7514
    3774       1.7216
    3775       1.8017
    3776       1.8834
    3777       1.8092
    3778       1.8865
    3779       1.8098
    3780       1.9807
    3781       1.9336
    3782       1.8815
    3783       1.9382
    3784       1.8151
    3785       1.8911
    3786       1.9494
    3787       2.0777
    3788       2.0242
    3789       1.8548
    3790       1.9093
    3791       1.9019
    3792       1.8869
    3793       1.9107
    3794       1.8662
    3795       1.8322
    3796       1.7198
    3797       1.8468
    3798       1.7576
    3799       1.7056
    3800       1.7441
    3801       1.7642
    3802       1.8862
    3803       1.8735
    3804       1.7264
    3805       1.6212
    3806       1.5599
    3807       1.5359
    3808       1.4140
    3809       1.5955
    3810       1.6241
    3811       1.6530
    3812       1.7775
    3813       1.8046
    3814       1.7504
    3815       1.9371
    3816       1.8413
    3817       1.8751
    3818       1.8676
    3819       1.9883
    3820       1.9932
    3821       1.9223
    3822       1.9253
    3823       1.7154
    3824       1.7511
    3825       1.7066
    3826       1.8316
    3827       1.7595
    3828       1.7342
    3829       1.6811
    3830       1.6803
    3831       1.6858
    3832       1.5651
    3833       1.7184
    3834       1.6888
    3835       1.8613
    3836       1.8220
    3837       1.8777
    3838       1.9015
    3839       1.8334
    3840       1.7151
    3841       1.5832
    3842       1.6629
    3843       1.6981
    3844       1.8240
    3845       1.7081
    3846       1.6916
    3847       1.4860
    3848       1.6127
    3849       1.5870
    3850       1.8405
    3851       1.7219
    3852       1.8012
    3853       1.7298
    3854       1.7131
    3855       1.6855
    3856       1.5784
    3857       1.6712
    3858       1.7581
    3859       1.6223
    3860       1.6781
    3861       1.6099
    3862       1.6289
    3863       1.5450
    3864       1.5679
    3865       1.4838
    3866       1.5972
    3867       1.6686
    3868       1.6374
    3869       1.6057
    3870       1.5569
    3871       1.4709
    3872       1.5278
    3873       1.5027
    3874       1.5174
    3875       1.6265
    3876       1.6202
    3877       1.6609
    3878       1.6987
    3879       1.6036
    3880       1.6042
    3881       1.7413
    3882       1.6967
    3883       1.6900
    3884       1.4531
    3885       1.5920
    3886       1.5303
    3887       1.4881
    3888       1.4589
    3889       1.4398
    3890       1.4853
    3891       1.4480
    3892       1.4739
    3893       1.3677
    3894       1.4539
    3895       1.4906
    3896       1.6214
    3897       1.7071
    3898       1.6381
    3899       1.7437
    3900       1.7141
    3901       1.8542
    3902       1.8355
    3903       1.7994
    3904       1.7042
    3905       1.5940
    3906       1.5955
    3907       1.7437
    3908       1.6937
    3909       1.8181
    3910       1.7993
    3911       1.6646
    3912       1.6474
    3913       1.5192
    3914       1.5893
    3915       1.4283
    3916       1.4970
    3917       1.5908
    3918       1.5450
    3919       1.6213
    3920       1.6494
    3921       1.6026
    3922       1.6511
    3923       1.7997
    3924       1.8023
    3925       1.9038
    3926       1.6274
    3927       1.5807
    3928       1.6007
    3929       1.4354
    3930       1.5817
    3931       1.4845
    3932       1.5258
    3933       1.5341
    3934       1.5815
    3935       1.5555
    3936       1.6696
    3937       1.5797
    3938       1.6932
    3939       1.6660
    3940       1.5948
    3941       1.5610
    3942       1.5630
    3943       1.5413
    3944       1.6457
    3945       1.6724
    3946       1.6415
    3947       1.6422
    3948       1.5383
    3949       1.5712
    3950       1.5697
    3951       1.4976
    3952       1.4928
    3953       1.4004
    3954       1.4386
    3955       1.4331
    3956       1.4088
    3957       1.5567
    3958       1.6896
    3959       1.4932
    3960       1.5313
    3961       1.6017
    3962       1.6575
    3963       1.6470
    3964       1.6636
    3965       1.6704
    3966       1.6497
    3967       1.7008
    3968       1.6955
    3969       1.8419
    3970       1.8006
    3971       1.7942
    3972       1.8671
    3973       1.8847
    3974       1.8024
    3975       1.9811
    3976       1.7782
    3977       1.5944
    3978       1.5908
    3979       1.4546
    3980       1.5614
    3981       1.5593
    3982       1.6671
    3983       1.7101
    3984       1.7715
    3985       1.8509
    3986       1.7168
    3987       1.7043
    3988       1.6890
    3989       1.8468
    3990       1.8206
    3991       1.8652
    3992       2.0563
    3993       2.0913
    3994       1.9844
    3995       1.7984
    3996       1.8168
    3997       2.0147
    3998       1.8227
    3999       1.7490
    4000       1.8667
    4001       1.9060
    4002       1.9769
    4003       1.9478
    4004       2.1008
    4005       2.0973
    4006       2.2667
    4007       2.2522
    4008       2.1753
    4009       2.3396
    4010       2.1212
    4011       2.0062
    4012       2.0774
    4013       2.0967
    4014       2.1924
    4015       2.1907
    4016       2.1717
    4017       2.1210
    4018       2.0719
    4019       1.9096
    4020       1.7366
    4021       1.7855
    4022       1.8615
    4023       1.6622
    4024       1.7439
    4025       1.8449
    4026       1.8966
    4027       1.8954
    4028       1.7455
    4029       1.9278
    4030       1.7846
    4031       1.9588
    4032       1.9718
    4033       1.9648
    4034       1.8975
    4035       2.0636
    4036       1.9369
    4037       2.0922
    4038       2.2064
    4039       2.0554
    4040       2.0914
    4041       2.0324
    4042       1.8833
    4043       1.8149
    4044       1.9268
    4045       1.9582
    4046       2.0067
    4047       1.9694
    4048       1.9961
    4049       1.8726
    4050       2.0464
    4051       2.1297
    4052       2.1252
    4053       2.2163
    4054       2.1649
    4055       2.1801
    4056       2.0579
    4057       1.9064
    4058       1.9188
    4059       1.8592
    4060       1.8524
    4061       1.8866
    4062       1.6950
    4063       1.7271
    4064       1.7630
    4065       1.8572
    4066       1.8976
    4067       1.8752
    4068       1.9513
    4069       1.9294
    4070       1.9267
    4071       1.9602
    4072       1.7708
    4073       1.8152
    4074       1.8952
    4075       1.7063
    4076       1.8766
    4077       1.8805
    4078       1.9744
    4079       1.9365
    4080       1.9015
    4081       1.9184
    4082       1.8404
    4083       1.7909
    4084       1.6535
    4085       1.8587
    4086       1.9017
    4087       1.7532
    4088       1.8747
    4089       1.8548
    4090       1.7312
    4091       1.7346
    4092       1.8533
    4093       1.7340
    4094       1.6807
    4095       1.8776
    4096       1.8709
    4097       1.7763
    4098       1.7371
    4099       1.8185
    4100       1.7705
    4101       1.8050
    4102       1.8927
    4103       1.9879
    4104       2.0959
    4105       2.0758
    4106       1.9883
    4107       1.9981
    4108       2.1273
    4109       1.9749
    4110       1.9951
    4111       2.1784
    4112       2.0056
    4113       1.8680
    4114       1.9688
    4115       2.0486
    4116       1.9538
    4117       1.9633
    4118       2.0359
    4119       1.9515
    4120       1.9609
    4121       2.1212
    4122       1.9849
    4123       2.0275
    4124       1.7578
    4125       1.8367
    4126       1.7638
    4127       1.8961
    4128       1.7977
    4129       1.9509
    4130       1.9160
    4131       1.9224
    4132       1.8573
    4133       1.8304
    4134       1.7348
    4135       1.7700
    4136       1.6861
    4137       1.7456
    4138       1.7976
    4139       1.7454
    4140       1.6501
    4141       1.7472
    4142       1.8280
    4143       1.8329
    4144       1.8910
    4145       1.9997
    4146       1.9452
    4147       1.9869
    4148       1.9456
    4149       2.0719
    4150       1.9628
    4151       1.9615
    4152       1.8297
    4153       1.9119
    4154       1.8934
    4155       1.8618
    4156       1.7364
    4157       1.8894
    4158       2.0330
    4159       1.8441
    4160       1.8862
    4161       2.0631
    4162       1.9071
    4163       1.9943
    4164       1.8634
    4165       1.6192
    4166       1.6964
    4167       1.6862
    4168       1.6343
    4169       1.7311
    4170       1.5989
    4171       1.6447
    4172       1.6989
    4173       1.6820
    4174       1.6396
    4175       1.6795
    4176       1.5527
    4177       1.6088
    4178       1.8641
    4179       1.8046
    4180       1.8462
    4181       1.9053
    4182       1.7588
    4183       1.6243
    4184       1.6426
    4185       1.7685
    4186       1.5486
    4187       1.7631
    4188       1.6620
    4189       1.7683
    4190       1.7549
    4191       1.8181
    4192       1.8084
    4193       1.8190
    4194       1.7844
    4195       1.6396
    4196       1.5706
    4197       1.7736
    4198       1.8047
    4199       1.8443
    4200       1.9662
    4201       1.9545
    4202       1.6496
    4203       1.5889
    4204       1.6736
    4205       1.6278
    4206       1.4568
    4207       1.6398
    4208       1.6393
    4209       1.7291
    4210       1.6076
    4211       1.6493
    4212       1.6976
    4213       1.7288
    4214       1.8368
    4215       1.6956
    4216       1.6526
    4217       1.7848
    4218       1.7859
    4219       1.8960
    4220       1.6737
    4221       1.7725
    4222       1.8641
    4223       1.8337
    4224       1.7380
    4225       1.8436
    4226       1.8249
    4227       1.8427
    4228       1.6651
    4229       1.7783
    4230       1.7462
    4231       1.9845
    4232       1.9950
    4233       1.9129
    4234       1.7172
    4235       1.6737
    4236       1.6367
    4237       1.6615
    4238       1.7383
    4239       1.7932
    4240       1.7859
    4241       1.7462
    4242       1.5520
    4243       1.6205
    4244       1.5540
    4245       1.4692
    4246       1.5272
    4247       1.5368
    4248       1.5725
    4249       1.5679
    4250       1.7356
    4251       1.8386
    4252       1.8407
    4253       1.6144
    4254       1.7612
    4255       1.8539
    4256       1.8056
    4257       1.7747
    4258       1.8247
    4259       1.8125
    4260       1.7508
    4261       1.7938
    4262       1.7227
    4263       1.7853
    4264       1.9201
    4265       1.8863
    4266       1.9509
    4267       2.1462
    4268       2.1493
    4269       1.9578
    4270       1.8994
    4271       1.8450
    4272       1.8669
    4273       1.6793
    4274       1.6598
    4275       1.8743
    4276       1.9309
    4277       1.9651
    4278       1.8093
    4279       1.8135
    4280       1.8515
    4281       1.7284
    4282       1.8222
    4283       1.7054
    4284       1.8329
    4285       1.8301
    4286       1.7520
    4287       1.8255
    4288       1.8921
    4289       2.1189
    4290       1.9865
    4291       1.9317
    4292       1.9362
    4293       2.1408
    4294       2.1374
    4295       1.9408
    4296       1.9604
    4297       1.9036
    4298       1.9727
    4299       2.0040
    4300       1.9728
    4301       1.7924
    4302       1.6583
    4303       1.5922
    4304       1.5755
    4305       1.6226
    4306       1.6511
    4307       1.6362
    4308       1.7301
    4309       1.6231
    4310       1.7879
    4311       1.8019
    4312       1.8109
    4313       1.8521
    4314       1.8569
    4315       1.7128
    4316       1.8125
    4317       1.8780
    4318       1.9244
    4319       1.7768
    4320       1.7669
    4321       1.9654
    4322       1.7933
    4323       1.7368
    4324       1.7970
    4325       1.8131
    4326       1.7461
    4327       1.7012
    4328       1.8621
    4329       1.8563
    4330       1.6886
    4331       1.8645
    4332       1.9179
    4333       1.7921
    4334       1.7651
    4335       1.8529
    4336       1.9313
    4337       1.8578
    4338       2.0716
    4339       2.0066
    4340       2.1808
    4341       2.1719
    4342       1.9613
    4343       2.0205
    4344       2.0145
    4345       2.0109
    4346       1.9859
    4347       1.9992
    4348       1.8170
    4349       1.8641
    4350       1.9480
    4351       2.1027
    4352       1.8771
    4353       1.9146
    4354       1.8379
    4355       1.9423
    4356       1.8366
    4357       1.8550
    4358       1.9176
    4359       2.0083
    4360       2.0221
    4361       2.1428
    4362       2.0569
    4363       2.1518
    4364       2.1481
    4365       2.3066
    4366       2.3090
    4367       2.2225
    4368       2.1779
    4369       2.1877
    4370       2.0050
    4371       2.0433
    4372       1.8737
    4373       2.0217
    4374       2.0096
    4375       2.0391
    4376       1.9665
    4377       1.9474
    4378       2.0097
    4379       1.9522
    4380       1.9975
    4381       1.9235
    4382       1.8414
    4383       1.7610
    4384       1.5387
    4385       1.5670
    4386       1.8294
    4387       1.9245
    4388       1.7856
    4389       1.8946
    4390       1.9335
    4391       1.8490
    4392       2.0174
    4393       1.8679
    4394       1.9028
    4395       1.7539
    4396       1.8893
    4397       1.8971
    4398       1.9496
    4399       1.9018
    4400       1.8133
    4401       1.8268
    4402       1.7970
    4403       1.8495
    4404       1.8677
    4405       2.0074
    4406       1.8315
    4407       2.0013
    4408       1.7958
    4409       1.6767
    4410       1.6631
    4411       1.7612
    4412       1.5970
    4413       1.4934
    4414       1.6176
    4415       1.6221
    4416       1.7328
    4417       1.7266
    4418       1.6363
    4419       1.6589
    4420       1.5722
    4421       1.6440
    4422       1.5446
    4423       1.5762
    4424       1.6733
    4425       1.6082
    4426       1.6859
    4427       1.7927
    4428       1.9829
    4429       1.9283
    4430       1.8766
    4431       1.8689
    4432       1.9702
    4433       1.9419
    4434       2.0307
    4435       1.9344
    4436       1.9772
    4437       1.8616
    4438       2.0832
    4439       2.0841
    4440       2.0209
    4441       2.0468
    4442       1.9202
    4443       1.8517
    4444       1.9126
    4445       1.9642
    4446       1.9260
    4447       1.8938
    4448       1.8914
    4449       1.7038
    4450       1.9235
    4451       1.8463
    4452       1.9762
    4453       1.9910
    4454       2.0432
    4455       2.2093
    4456       2.0055
    4457       2.0199
    4458       2.0824
    4459       2.0822
    4460       2.0295
    4461       2.1079
    4462       2.0685
    4463       2.1439
    4464       2.0137
    4465       2.0869
    4466       2.2297
    4467       1.9385
    4468       2.0863
    4469       2.3766
    4470       2.1452
    4471       2.1764
    4472       2.0009
    4473       2.1502
    4474       2.0398
    4475       1.8616
    4476       1.9301
    4477       2.0812
    4478       2.2297
    4479       1.9879
    4480       2.1134
    4481       2.1332
    4482       2.1994
    4483       2.1653
    4484       2.1273
    4485       2.2296
    4486       1.8965
    4487       1.8034
    4488       1.9326
    4489       1.8433
    4490       1.9877
    4491       1.9269
    4492       1.8928
    4493       1.8803
    4494       2.0353
    4495       2.1038
    4496       2.1403
    4497       2.0813
    4498       1.9723
    4499       1.9361
    4500       1.9654
    4501       1.9293
    4502       1.9470
    4503       1.9808
    4504       1.9913
    4505       2.2392
    4506       2.1731
    4507       2.1052
    4508       2.0504
    4509       1.9231
    4510       1.8894
    4511       1.8465
    4512       1.8561
    4513       1.8993
    4514       1.8177
    4515       1.8771
    4516       1.8900
    4517       1.8035
    4518       1.8159
    4519       1.9375
    4520       1.8712
    4521       1.8606
    4522       1.8655
    4523       2.0179
    4524       1.7904
    4525       1.7421
    4526       1.7456
    4527       1.7813
    4528       1.7361
    4529       1.6940
    4530       1.7079
    4531       1.7095
    4532       1.7451
    4533       1.8807
    4534       1.8318
    4535       1.9235
    4536       1.9408
    4537       2.0732
    4538       2.0143
    4539       1.9830
    4540       2.0864
    4541       2.1380
    4542       2.0116
    4543       1.9362
    4544       2.0139
    4545       1.7994
    4546       1.9111
    4547       1.8741
    4548       1.9141
    4549       1.8036
    4550       2.0804
    4551       2.1327
    4552       2.1462
    4553       2.0460
    4554       2.0403
    4555       2.0379
    4556       1.8860
    4557       1.8154
    4558       2.0356
    4559       1.7728
    4560       1.7840
    4561       1.7591
    4562       1.8292
    4563       1.7356
    4564       1.7666
    4565       1.8938
    4566       1.8972
    4567       1.9866
    4568       1.9988
    4569       1.9812
    4570       1.9415
    4571       2.0731
    4572       1.9968
    4573       2.2299
    4574       2.2427
    4575       2.1188
    4576       1.9943
    4577       1.8393
    4578       2.0126
    4579       1.9750
    4580       2.1626
    4581       2.3189
    4582       2.1658
    4583       2.0427
    4584       1.9288
    4585       1.9991
    4586       1.9784
    4587       1.9683
    4588       1.8345
    4589       1.8336
    4590       1.8184
    4591       1.8184
    4592       1.8604
    4593       1.7913
    4594       1.8276
    4595       1.7388
    4596       1.7119
    4597       1.8152
    4598       1.8139
    4599       1.9020
    4600       2.1352
    4601       1.9399
    4602       2.0349
    4603       2.0443
    4604       1.9450
    4605       1.9572
    4606       1.8801
    4607       2.0112
    4608       1.8147
    4609       1.8847
    4610       1.8079
    4611       1.9497
    4612       1.9539
    4613       1.7928
    4614       1.8508
    4615       1.7767
    4616       1.7491
    4617       1.7724
    4618       1.8978
    4619       1.8088
    4620       1.9599
    4621       2.0032
    4622       1.9268
    4623       1.7651
    4624       1.9248
    4625       1.8214
    4626       1.8646
    4627       2.0842
    4628       1.9979
    4629       1.9364
    4630       1.9440
    4631       1.8587
    4632       2.0382
    4633       2.0021
    4634       1.8196
    4635       1.6678
    4636       1.7738
    4637       1.7660
    4638       1.7656
    4639       1.7346
    4640       1.6595
    4641       1.8412
    4642       1.8830
    4643       1.9042
    4644       2.0919
    4645       2.0218
    4646       2.0423
    4647       1.9557
    4648       1.9432
    4649       1.9088
    4650       2.0354
    4651       1.7946
    4652       1.8215
    4653       1.7298
    4654       1.8740
    4655       1.8987
    4656       1.7142
    4657       1.8861
    4658       1.9011
    4659       1.9934
    4660       1.9931
    4661       1.9974
    4662       2.1814
    4663       1.9294
    4664       2.0174
    4665       1.9514
    4666       1.8596
    4667       1.7881
    4668       1.9017
    4669       2.0382
    4670       2.0066
    4671       2.0092
    4672       1.9596
    4673       2.0780
    4674       2.3581
    4675       2.3253
    4676       2.2481
    4677       2.1800
    4678       1.9503
    4679       1.9506
    4680       1.9136
    4681       1.8379
    4682       1.9250
    4683       1.9526
    4684       1.9575
    4685       1.9020
    4686       1.8308
    4687       1.8936
    4688       1.7988
    4689       1.7795
    4690       1.7436
    4691       1.6594
    4692       1.6174
    4693       1.5918
    4694       1.5257
    4695       1.5197
    4696       1.5425
    4697       1.5463
    4698       1.5531
    4699       1.4978
    4700       1.6630
    4701       1.6472
    4702       1.6555
    4703       1.8135
    4704       1.5749
    4705       1.6999
    4706       1.6187
    4707       1.6080
    4708       1.7180
    4709       1.6673
    4710       1.9050
    4711       1.8339
    4712       1.7322
    4713       1.8326
    4714       1.9505
    4715       1.9747
    4716       1.8442
    4717       1.9937
    4718       2.0701
    4719       2.1019
    4720       1.8643
    4721       1.8786
    4722       1.8682
    4723       1.8642
    4724       1.9291
    4725       2.0103
    4726       1.7600
    4727       1.7904
    4728       1.7658
    4729       1.7286
    4730       1.8387
    4731       1.9317
    4732       2.0315
    4733       1.7534
    4734       1.9049
    4735       1.8283
    4736       1.8990
    4737       1.9387
    4738       2.0662
    4739       2.0479
    4740       1.9814
    4741       2.1188
    4742       2.1894
    4743       2.0625
    4744       2.0072
    4745       1.8680
    4746       2.0478
    4747       2.1524
    4748       2.1443
    4749       2.1745
    4750       2.2580
    4751       2.3231
    4752       2.0886
    4753       2.1323
    4754       2.2413
    4755       2.2830
    4756       2.2016
    4757       2.0765
    4758       2.0409
    4759       2.2125
    4760       2.0780
    4761       2.0143
    4762       2.2770
    4763       2.3354
    4764       2.1862
    4765       2.1573
    4766       2.1985
    4767       1.9637
    4768       1.9754
    4769       2.0697
    4770       1.8111
    4771       1.8089
    4772       1.7563
    4773       1.5847
    4774       1.5540
    4775       1.5494
    4776       1.6295
    4777       1.5830
    4778       1.6513
    4779       1.6455
    4780       1.6497
    4781       1.7620
    4782       1.8192
    4783       1.6340
    4784       1.6960
    4785       1.6368
    4786       1.6680
    4787       1.6478
    4788       1.7056
    4789       1.8411
    4790       1.7313
    4791       1.9190
    4792       1.7790
    4793       1.8761
    4794       1.8573
    4795       1.9016
    4796       1.9769
    4797       1.8782
    4798       1.9309
    4799       2.0844
    4800       2.0831
    4801       1.9392
    4802       1.7969
    4803       1.7337
    4804       1.9300
    4805       1.9099
    4806       1.9757
    4807       1.8246
    4808       1.9031
    4809       1.9895
    4810       1.9237
    4811       1.9551
    4812       2.0130
    4813       2.0283
    4814       2.0300
    4815       1.9837
    4816       1.9439
    4817       1.9780
    4818       1.8809
    4819       2.1400
    4820       2.1024
    4821       2.2278
    4822       2.2461
    4823       2.2634
    4824       2.1554
    4825       2.3054
    4826       2.4131
    4827       2.3764
    4828       2.0762
    4829       1.9170
    4830       1.9437
    4831       2.1185
    4832       2.3249
    4833       2.3408
    4834       2.3630
    4835       2.4315
    4836       2.2848
    4837       2.1866
    4838       2.0457
    4839       2.0706
    4840       2.1051
    4841       2.1068
    4842       2.2343
    4843       2.1131
    4844       2.1076
    4845       2.1307
    4846       2.1779
    4847       2.1627
    4848       2.0187
    4849       1.7878
    4850       1.8928
    4851       1.7062
    4852       1.8131
    4853       1.7768
    4854       1.9615
    4855       1.9982
    4856       2.0222
    4857       2.1526
    4858       1.9719
    4859       2.0220
    4860       1.9980
    4861       2.0440
    4862       1.9702
    4863       1.8549
    4864       1.8393
    4865       1.7995
    4866       1.7960
    4867       1.6804
    4868       1.7567
    4869       1.8296
    4870       1.8575
    4871       1.8656
    4872       1.7656
    4873       1.7402
    4874       1.7560
    4875       1.8073
    4876       1.9656
    4877       1.9685
    4878       1.9359
    4879       1.8934
    4880       1.9281
    4881       1.7415
    4882       1.8045
    4883       1.8302
    4884       1.7729
    4885       1.8446
    4886       1.8895
    4887       2.0037
    4888       2.0317
    4889       2.0222
    4890       2.1482
    4891       2.0360
    4892       2.1343
    4893       2.1524
    4894       2.2556
    4895       2.3819
    4896       2.1920
    4897       2.1059
    4898       1.8831
    4899       1.9399
    4900       1.9709
    4901       1.9539
    4902       1.8448
    4903       1.9718
    4904       1.9826
    4905       2.0041
    4906       2.1111
    4907       2.0043
    4908       1.9001
    4909       1.7310
    4910       1.8149
    4911       1.7423
    4912       1.7490
    4913       1.8664
    4914       1.8419
    4915       1.8962
    4916       1.8013
    4917       2.1265
    4918       2.0608
    4919       2.0899
    4920       1.8863
    4921       1.8939
    4922       1.8924
    4923       2.1294
    4924       2.0938
    4925       1.8626
    4926       1.6793
    4927       1.8514
    4928       1.7406
    4929       1.8029
    4930       1.5943
    4931       1.5633
    4932       1.5981
    4933       1.6031
    4934       1.6761
    4935       1.5795
    4936       1.7103
    4937       1.6758
    4938       1.5628
    4939       1.6688
    4940       1.6632
    4941       1.6803
    4942       1.6595
    4943       1.7766
    4944       1.8752
    4945       1.9193
    4946       1.6872
    4947       1.9078
    4948       1.8238
    4949       1.6382
    4950       1.5001
    4951       1.7039
    4952       1.7698
    4953       1.7547
    4954       1.7621
    4955       1.6572
    4956       1.7443
    4957       1.7380
    4958       1.7059
    4959       1.7328
    4960       1.8032
    4961       1.8343
    4962       1.8010
    4963       1.7683
    4964       1.8210
    4965       1.7643
    4966       1.8340
    4967       1.8659
    4968       2.1223
    4969       1.9553
    4970       2.3936
    4971       2.2276
    4972       2.3042
    4973       2.1546
    4974       2.2501
    4975       2.1492
    4976       2.2358
    4977       1.9763
    4978       2.1254
    4979       2.0991
    4980       2.1427
    4981       2.0127
    4982       2.0569
    4983       1.9740
    4984       2.0552
    4985       2.0848
    4986       2.0196
    4987       1.9732
    4988       1.9780
    4989       1.6782
    4990       1.9045
    4991       1.8833
    4992       1.7423
    4993       2.0879
    4994       2.1212
    4995       2.0417
    4996       2.0452
    4997       2.1138
    4998       2.0639
    4999       1.9741
    5000       2.0994
    5001       2.0622
    5002       2.1363
    5003       2.0762
    5004       1.9877
    5005       2.0382
    5006       1.9589
    5007       1.8202
    5008       1.7765
    5009       1.8070
    5010       1.8352
    5011       1.7649
    5012       1.8602
    5013       1.9216
    5014       1.8080
    5015       1.9097
    5016       1.8060
    5017       2.0326
    5018       1.9757
    5019       1.8666
    5020       1.8698
    5021       1.8220
    5022       1.8803
    5023       1.7626
    5024       1.6434
    5025       1.7030
    5026       1.8727
    5027       1.9253
    5028       1.9710
    5029       2.0533
    5030       1.8669
    5031       1.7430
    5032       1.8175
    5033       1.8850
    5034       1.7954
    5035       1.8317
    5036       2.0566
    5037       2.0210
    5038       2.1039
    5039       1.8754
    5040       2.0491
    5041       2.1610
    5042       2.0213
    5043       1.8952
    5044       1.7760
    5045       1.7006
    5046       1.8778
    5047       1.8673
    5048       1.8679
    5049       2.1224
    5050       2.1666
    5051       2.1511
    5052       2.0927
    5053       2.0561
    5054       2.2777
    5055       2.2915
    5056       2.2518
    5057       2.1389
    5058       2.0128
    5059       1.9340
    5060       1.9650
    5061       2.0361
    5062       2.0488
    5063       2.1410
    5064       2.1847
    5065       2.1765
    5066       2.3038
    5067       2.2336
    5068       2.2743
    5069       2.1469
    5070       2.2943
    5071       2.1248
    5072       2.2342
    5073       2.2922
    5074       2.2893
    5075       2.2725
    5076       2.1646
    5077       2.1160
    5078       2.1777
    5079       2.0894
    5080       2.1482
    5081       2.2052
    5082       1.9896
    5083       2.1049
    5084       2.1282
    5085       1.8717
    5086       2.0365
    5087       2.1530
    5088       2.2818
    5089       2.0946
    5090       1.9697
    5091       1.9415
    5092       1.8999
    5093       1.9630
    5094       2.0476
    5095       1.8580
    5096       2.0362
    5097       2.0792
    5098       2.0518
    5099       2.0312
    5100       1.9635
    5101       1.8333
    5102       1.9024
    5103       1.9969
    5104       1.9525
    5105       1.9982
    5106       1.8916
    5107       1.9310
    5108       2.0324
    5109       2.1391
    5110       2.1954
    5111       2.2078
    5112       1.9889
    5113       2.0336
    5114       1.9905
    5115       2.0661
    5116       1.9113
    5117       1.8303
    5118       1.8263
    5119       1.6399
    5120       1.6734
    5121       1.6543
    5122       1.7089
    5123       1.6811
    5124       1.6556
    5125       1.6190
    5126       1.5430
    5127       1.6706
    5128       1.7335
    5129       1.5327
    5130       1.6147
    5131       1.6543
    5132       1.6052
    5133       1.5921
    5134       1.6621
    5135       1.7144
    5136       1.8071
    5137       1.7835
    5138       1.9778
    5139       1.7931
    5140       1.8860
    5141       1.7418
    5142       1.8875
    5143       1.8034
    5144       1.7720
    5145       1.9045
    5146       1.9644
    5147       1.9591
    5148       1.9396
    5149       1.8671
    5150       1.8104
    5151       1.7721
    5152       1.8788
    5153       1.9663
    5154       1.8831
    5155       1.8470
    5156       2.0607
    5157       1.9773
    5158       2.0566
    5159       2.1326
    5160       2.1228
    5161       2.1180
    5162       2.1314
    5163       1.9766
    5164       1.8024
    5165       1.8533
    5166       1.9301
    5167       1.8434
    5168       1.8300
    5169       1.8799
    5170       1.6404
    5171       1.6715
    5172       1.7629
    5173       2.0191
    5174       1.8778
    5175       1.9278
    5176       1.8531
    5177       1.8519
    5178       1.9339
    5179       2.0072
    5180       1.7581
    5181       1.6164
    5182       1.8924
    5183       1.7525
    5184       1.6909
    5185       1.7121
    5186       1.8122
    5187       2.0438
    5188       1.9501
    5189       2.0221
    5190       1.9458
    5191       1.9513
    5192       1.8733
    5193       1.9349
    5194       1.9033
    5195       1.9041
    5196       1.8673
    5197       1.8356
    5198       1.9135
    5199       2.0405
    5200       2.0247
    5201       2.2978
    5202       2.1854
    5203       2.1546
    5204       2.1699
    5205       2.2121
    5206       2.1496
    5207       2.2712
    5208       2.0766
    5209       1.9904
    5210       2.0755
    5211       2.1615
    5212       2.2172
    5213       2.2465
    5214       2.3534
    5215       2.3181
    5216       2.2028
    5217       2.3702
    5218       2.4350
    5219       2.4243
    5220       2.6025
    5221       2.5366
    5222       2.7903
    5223       2.7229
    5224       2.6187
    5225       2.4714
    5226       2.3913
    5227       2.2544
    5228       2.4890
    5229       2.3698
    5230       2.3198
    5231       2.3365
    5232       2.4322
    5233       2.6038
    5234       2.4972
    5235       2.3268
    5236       2.3826
    5237       2.5852
    5238       2.7252
    5239       2.9577
    5240       2.8219
    5241       2.6551
    5242       2.4106
    5243       2.5043
    5244       2.6323
    5245       2.3957
    5246       2.3700
    5247       2.3048
    5248       2.3426
    5249       2.2764
    5250       2.1552
    5251       2.2455
    5252       2.2902
    5253       2.3024
    5254       2.4445
    5255       2.5493
    5256       2.5622
    5257       2.4320
    5258       2.2014
    5259       2.3954
    5260       2.3055
    5261       2.5017
    5262       2.5662
    5263       2.4493
    5264       2.3974
    5265       2.4336
    5266       2.3601
    5267       2.3585
    5268       2.2300
    5269       2.2465
    5270       2.3595
    5271       2.3460
    5272       2.4411
    5273       2.3581
    5274       2.5110
    5275       2.2643
    5276       2.3652
    5277       2.4732
    5278       2.3642
    5279       1.9760
    5280       2.0278
    5281       2.1031
    5282       2.2121
    5283       2.3741
    5284       2.2129
    5285       2.5427
    5286       2.2425
    5287       2.2342
    5288       2.3697
    5289       2.2489
    5290       2.1055
    5291       2.3544
    5292       2.2689
    5293       2.5019
    5294       2.4154
    5295       2.4715
    5296       2.2640
    5297       2.2056
    5298       2.0575
    5299       2.0446
    5300       1.9932
    5301       1.9246
    5302       1.9308
    5303       1.8918
    5304       1.9271
    5305       2.0134
    5306       1.9981
    5307       2.0456
    5308       1.9736
    5309       2.0596
    5310       2.0561
    5311       2.2289
    5312       2.0682
    5313       1.9615
    5314       2.0610
    5315       2.0225
    5316       2.0355
    5317       1.9156
    5318       1.8527
    5319       1.8795
    5320       1.7790
    5321       1.8691
    5322       1.9370
    5323       1.8583
    5324       1.9959
    5325       1.9333
    5326       1.8547
    5327       1.8164
    5328       1.7988
    5329       1.8132
    5330       1.8823
    5331       1.9237
    5332       1.8039
    5333       1.7976
    5334       1.9451
    5335       1.8358
    5336       1.7464
    5337       1.7110
    5338       1.6934
    5339       1.8651
    5340       1.8754
    5341       1.9210
    5342       1.8501
    5343       1.8567
    5344       2.1143
    5345       2.0701
    5346       2.0939
    5347       2.2351
    5348       2.1849
    5349       2.0721
    5350       2.0298
    5351       1.9971
    5352       1.9046
    5353       1.8515
    5354       2.0877
    5355       1.8518
    5356       1.9070
    5357       1.6969
    5358       1.7690
    5359       1.7321
    5360       1.7170
    5361       1.8516
    5362       1.8622
    5363       1.8116
    5364       1.7424
    5365       1.8015
    5366       1.7924
    5367       1.9521
    5368       1.7774
    5369       1.7274
    5370       1.7666
    5371       1.6495
    5372       1.6956
    5373       1.6908
    5374       1.8332
    5375       2.1470
    5376       2.0072
    5377       2.1489
    5378       2.2295
    5379       2.2366
    5380       2.2201
    5381       2.0671
    5382       1.9270
    5383       1.9684
    5384       1.9146
    5385       2.0495
    5386       2.0792
    5387       2.1122
    5388       1.9853
    5389       2.0316
    5390       2.0347
    5391       1.9042
    5392       2.0193
    5393       2.0781
    5394       1.8166
    5395       1.7314
    5396       1.7485
    5397       1.7606
    5398       1.8437
    5399       1.7299
    5400       1.6438
    5401       1.5971
    5402       1.7210
    5403       1.7113
    5404       1.7447
    5405       1.6929
    5406       1.7223
    5407       1.8122
    5408       1.7648
    5409       1.7769
    5410       1.8189
    5411       1.7570
    5412       1.9622
    5413       1.8899
    5414       1.9020
    5415       2.0786
    5416       1.9609
    5417       1.8077
    5418       1.7861
    5419       1.7669
    5420       1.5754
    5421       1.7359
    5422       1.8171
    5423       1.6535
    5424       1.6162
    5425       1.6559
    5426       1.5957
    5427       1.8027
    5428       1.8589
    5429       1.7474
    5430       1.8910
    5431       1.8726
    5432       2.0459
    5433       2.0801
    5434       2.1271
    5435       1.9691
    5436       1.8980
    5437       1.8643
    5438       1.7889
    5439       1.7119
    5440       1.6777
    5441       1.7181
    5442       1.6895
    5443       1.6311
    5444       1.7890
    5445       1.8153
    5446       1.7890
    5447       1.7867
    5448       1.8234
    5449       1.8115
    5450       1.7032
    5451       1.7188
    5452       1.7973
    5453       1.9242
    5454       1.8945
    5455       1.7389
    5456       1.7244
    5457       1.5970
    5458       1.6391
    5459       1.7290
    5460       1.8768
    5461       1.6946
    5462       1.7495
    5463       1.7109
    5464       1.6625
    5465       1.7524
    5466       1.5975
    5467       1.4932
    5468       1.4722
    5469       1.5964
    5470       1.7171
    5471       1.6455
    5472       1.6868
    5473       1.8015
    5474       1.7363
    5475       1.9376
    5476       1.7277
    5477       1.8065
    5478       1.7414
    5479       1.7475
    5480       1.7408
    5481       1.7346
    5482       1.7459
    5483       1.7885
    5484       1.7603
    5485       1.8121
    5486       1.8971
    5487       1.7969
    5488       1.7598
    5489       1.7861
    5490       1.7383
    5491       1.7009
    5492       1.7368
    5493       1.6144
    5494       1.6316
    5495       1.4942
    5496       1.4766
    5497       1.3897
    5498       1.5617
    5499       1.5413
    5500       1.5524
    5501       1.6946
    5502       1.6282
    5503       1.6928
    5504       1.6428
    5505       1.5350
    5506       1.5891
    5507       1.5590
    5508       1.6812
    5509       1.8444
    5510       1.8796
    5511       1.6492
    5512       1.6640
    5513       1.6518
    5514       1.6912
    5515       1.6792
    5516       1.5603
    5517       1.7339
    5518       1.7881
    5519       1.8217
    5520       2.1096
    5521       1.9677
    5522       1.8760
    5523       1.9004
    5524       1.8568
    5525       1.9355
    5526       1.6846
    5527       1.7922
    5528       1.7834
    5529       1.6740
    5530       1.7140
    5531       1.7243
    5532       1.7488
    5533       1.7495
    5534       1.9359
    5535       1.8273
    5536       1.7680
    5537       1.7545
    5538       1.8561
    5539       1.9402
    5540       1.8019
    5541       1.9588
    5542       1.7114
    5543       1.7162
    5544       1.7402
    5545       1.8501
    5546       1.6423
    5547       1.6534
    5548       1.5536
    5549       1.6769
    5550       1.6340
    5551       1.6241
    5552       1.6229
    5553       1.6614
    5554       1.5547
    5555       1.6413
    5556       1.6390
    5557       1.5735
    5558       1.6111
    5559       1.5814
    5560       1.5522
    5561       1.5610
    5562       1.6614
    5563       1.5296
    5564       1.4845
    5565       1.6454
    5566       1.5350
    5567       1.5930
    5568       1.5782
    5569       1.5242
    5570       1.5642
    5571       1.7467
    5572       1.6651
    5573       1.5925
    5574       1.5892
    5575       1.5572
    5576       1.6638
    5577       1.5474
    5578       1.6169
    5579       1.7456
    5580       1.5164
    5581       1.7016
    5582       1.7590
    5583       1.5804
    5584       1.6328
    5585       1.7413
    5586       1.7887
    5587       1.8220
    5588       1.9247
    5589       1.9916
    5590       2.1263
    5591       2.1374
    5592       1.8481
    5593       1.9225
    5594       1.8380
    5595       1.6865
    5596       1.7635
    5597       1.9337
    5598       2.0658
    5599       1.9781
    5600       1.9363
    5601       1.8436
    5602       1.6296
    5603       1.5866
    5604       1.6114
    5605       1.8158
    5606       1.7172
    5607       1.7758
    5608       1.8621
    5609       1.7836
    5610       1.9931
    5611       1.7750
    5612       1.7705
    5613       1.7358
    5614       1.5375
    5615       1.5541
    5616       1.5027
    5617       1.4460
    5618       1.4647
    5619       1.6068
    5620       1.8398
    5621       1.7908
    5622       1.6895
    5623       1.6086
    5624       1.5319
    5625       1.5790
    5626       1.7382
    5627       1.6790
    5628       1.6118
    5629       1.5312
    5630       1.5824
    5631       1.5411
    5632       1.5298
    5633       1.6591
    5634       1.4841
    5635       1.4817
    5636       1.4574
    5637       1.5202
    5638       1.4612
    5639       1.5849
    5640       1.4934
    5641       1.5553
    5642       1.6320
    5643       1.5288
    5644       1.4532
    5645       1.4937
    5646       1.6294
    5647       1.5024
    5648       1.5391
    5649       1.5453
    5650       1.6098
    5651       1.7575
    5652       1.8430
    5653       1.8329
    5654       1.6848
    5655       1.7592
    5656       1.7532
    5657       1.6927
    5658       1.7059
    5659       1.5440
    5660       1.5182
    5661       1.6071
    5662       1.5852
    5663       1.5537
    5664       1.7066
    5665       1.7414
    5666       1.8460
    5667       1.7529
    5668       1.8384
    5669       1.7736
    5670       1.7688
    5671       1.8202
    5672       1.7898
    5673       1.7313
    5674       1.5955
    5675       1.7426
    5676       1.6845
    5677       1.6783
    5678       1.8060
    5679       1.7634
    5680       1.7496
    5681       1.7593
    5682       1.5833
    5683       1.4751
    5684       1.5487
    5685       1.6234
    5686       1.7411
    5687       1.7715
    5688       1.7573
    5689       1.7842
    5690       1.7726
    5691       1.9249
    5692       1.9911
    5693       2.0190
    5694       1.8824
    5695       1.8687
    5696       1.8053
    5697       1.7105
    5698       1.8154
    5699       1.8523
    5700       1.7669
    5701       1.7511
    5702       1.8955
    5703       1.8727
    5704       2.0235
    5705       1.9077
    5706       1.9573
    5707       2.0170
    5708       1.7701
    5709       1.6782
    5710       1.5148
    5711       1.6318
    5712       1.7107
    5713       1.5984
    5714       1.4982
    5715       1.5544
    5716       1.6305
    5717       1.6270
    5718       1.6548
    5719       1.6900
    5720       1.4950
    5721       1.5858
    5722       1.5862
    5723       1.6537
    5724       1.6826
    5725       1.6597
    5726       1.6465
    5727       1.4746
    5728       1.4219
    5729       1.6563
    5730       1.5608
    5731       1.5257
    5732       1.5010
    5733       1.5539
    5734       1.5606
    5735       1.6609
    5736       1.6062
    5737       1.7157
    5738       1.6874
    5739       1.7066
    5740       1.6413
    5741       1.5851
    5742       1.5138
    5743       1.6734
    5744       1.6504
    5745       1.6749
    5746       1.5934
    5747       1.6085
    5748       1.6197
    5749       1.5516
    5750       1.5274
    5751       1.6769
    5752       1.6701
    5753       1.6718
    5754       1.6291
    5755       1.5979
    5756       1.5338
    5757       1.4885
    5758       1.5979
    5759       1.6879
    5760       1.7788
    5761       1.7972
    5762       1.8103
    5763       1.7500
    5764       1.7600
    5765       1.6646
    5766       1.7081
    5767       1.6109
    5768       1.6859
    5769       1.5807
    5770       1.5925
    5771       1.5875
    5772       1.6225
    5773       1.7745
    5774       1.7155
    5775       1.6818
    5776       1.5816
    5777       1.7195
    5778       1.6555
    5779       1.6420
    5780       1.5762
    5781       1.6178
    5782       1.7037
    5783       1.7411
    5784       1.8470
    5785       1.5767
    5786       1.5375
    5787       1.5283
    5788       1.5890
    5789       1.5449
    5790       1.4704
    5791       1.6012
    5792       1.5379
    5793       1.6408
    5794       1.6631
    5795       1.6799
    5796       1.5574
    5797       1.5127
    5798       1.6064
    5799       1.7045
    5800       1.7068
    5801       1.6857
    5802       1.7845
    5803       1.8206
    5804       1.6784
    5805       1.6449
    5806       1.6142
    5807       1.4472
    5808       1.4447
    5809       1.4814
    5810       1.4083
    5811       1.5324
    5812       1.5045
    5813       1.4540
    5814       1.4512
    5815       1.4162
    5816       1.4450
    5817       1.4531
    5818       1.4427
    5819       1.5095
    5820       1.5527
    5821       1.5913
    5822       1.5550
    5823       1.5765
    5824       1.5905
    5825       1.5599
    5826       1.6209
    5827       1.8091
    5828       1.6159
    5829       1.5478
    5830       1.5359
    5831       1.5540
    5832       1.5272
    5833       1.6594
    5834       1.7080
    5835       1.6311
    5836       1.6638
    5837       1.4895
    5838       1.5799
    5839       1.5824
    5840       1.6268
    5841       1.6376
    5842       1.5537
    5843       1.6494
    5844       1.5694
    5845       1.6821
    5846       1.7284
    5847       1.6561
    5848       1.7681
    5849       1.8660
    5850       1.8615
    5851       1.6924
    5852       1.7790
    5853       1.6533
    5854       1.8043
    5855       1.7282
    5856       1.7009
    5857       1.6780
    5858       1.7917
    5859       1.9067
    5860       1.8089
    5861       1.9388
    5862       1.9864
    5863       1.9058
    5864       1.9032
    5865       1.7613
    5866       1.7096
    5867       1.8622
    5868       1.9252
    5869       1.9117
    5870       1.8144
    5871       1.7782
    5872       1.8306
    5873       1.9218
    5874       1.7660
    5875       1.6173
    5876       1.5001
    5877       1.5408
    5878       1.6198
    5879       1.6834
    5880       1.7573
    5881       1.7298
    5882       1.8546
    5883       1.6971
    5884       1.7472
    5885       1.5512
    5886       1.7431
    5887       1.7388
    5888       1.7851
    5889       1.7284
    5890       1.8265
    5891       1.6994
    5892       1.6157
    5893       1.6799
    5894       1.6372
    5895       1.7002
    5896       1.5309
    5897       1.7128
    5898       1.8094
    5899       1.7012
    5900       1.7754
    5901       1.7615
    5902       1.7079
    5903       1.6577
    5904       1.7235
    5905       1.6800
    5906       1.5934
    5907       1.5865
    5908       1.6456
    5909       1.6143
    5910       1.6836
    5911       1.6045
    5912       1.5474
    5913       1.4862
    5914       1.5262
    5915       1.4997
    5916       1.5492
    5917       1.5413
    5918       1.6323
    5919       1.7548
    5920       1.7622
    5921       1.6828
    5922       1.6636
    5923       1.7140
    5924       1.6402
    5925       1.6351
    5926       1.6064
    5927       1.7164
    5928       1.6124
    5929       1.6521
    5930       1.5745
    5931       1.6201
    5932       1.6825
    5933       1.6756
    5934       1.7545
    5935       1.6851
    5936       1.6152
    5937       1.7027
    5938       1.8806
    5939       1.7362
    5940       1.6474
    5941       1.7386
    5942       1.7072
    5943       1.7257
    5944       1.5657
    5945       1.5884
    5946       1.5149
    5947       1.5668
    5948       1.6520
    5949       1.7314
    5950       1.6373
    5951       1.6749
    5952       1.6093
    5953       1.5152
    5954       1.5218
    5955       1.6575
    5956       1.8158
    5957       1.7329
    5958       1.6494
    5959       1.7215
    5960       1.7086
    5961       1.6182
    5962       1.6075
    5963       1.7257
    5964       1.7323
    5965       1.6698
    5966       1.7676
    5967       1.6953
    5968       1.6403
    5969       1.7786
    5970       1.7935
    5971       1.6585
    5972       1.6806
    5973       1.8392
    5974       1.7181
    5975       1.7936
    5976       1.7128
    5977       1.6790
    5978       1.6503
    5979       1.8464
    5980       1.7156
    5981       1.5776
    5982       1.6736
    5983       1.5482
    5984       1.4875
    5985       1.5893
    5986       1.4677
    5987       1.5212
    5988       1.6648
    5989       1.7236
    5990       1.6638
    5991       1.5517
    5992       1.6840
    5993       1.7910
    5994       1.6703
    5995       1.5880
    5996       1.7080
    5997       1.8625
    5998       1.7544
    5999       1.5976
    6000       1.5582
    6001       1.5494
    6002       1.7038
    6003       1.6974
    6004       1.6806
    6005       1.6122
    6006       1.5819
    6007       1.5779
    6008       1.7720
    6009       1.5170
    6010       1.4588
    6011       1.5217
    6012       1.6340
    6013       1.5927
    6014       1.5636
    6015       1.6068
    6016       1.5970
    6017       1.6131
    6018       1.6787
    6019       1.7353
    6020       1.7523
    6021       1.7463
    6022       1.7213
    6023       1.6662
    6024       1.7850
    6025       1.8108
    6026       1.7558
    6027       1.5765
    6028       1.6735
    6029       1.6783
    6030       1.7069
    6031       1.5875
    6032       1.6363
    6033       1.6968
    6034       1.6965
    6035       1.6486
    6036       1.6519
    6037       1.6363
    6038       1.6183
    6039       1.7195
    6040       1.7132
    6041       1.7476
    6042       1.7779
    6043       1.7290
    6044       1.7336
    6045       1.5194
    6046       1.6533
    6047       1.5373
    6048       1.6967
    6049       1.6861
    6050       1.7745
    6051       1.8814
    6052       1.8176
    6053       2.0991
    6054       1.9521
    6055       2.0095
    6056       1.9017
    6057       1.9498
    6058       1.9968
    6059       1.7510
    6060       1.8892
    6061       1.8772
    6062       1.9610
    6063       1.9544
    6064       1.9701
    6065       1.8810
    6066       2.0891
    6067       1.9220
    6068       1.9279
    6069       2.0106
    6070       1.9272
    6071       1.8705
    6072       1.9723
    6073       1.9102
    6074       2.0256
    6075       2.0143
    6076       2.2171
    6077       2.1181
    6078       1.9954
    6079       2.0680
    6080       2.0277
    6081       1.9229
    6082       1.8997
    6083       1.9897
    6084       2.1038
    6085       1.9012
    6086       1.8673
    6087       1.8127
    6088       1.9727
    6089       1.9217
    6090       1.9486
    6091       1.9736
    6092       1.8062
    6093       1.7554
    6094       1.7224
    6095       1.8872
    6096       1.8426
    6097       1.7705
    6098       1.7057
    6099       1.5839
    6100       1.5704
    6101       1.4906
    6102       1.4067
    6103       1.4895
    6104       1.6115
    6105       1.6354
    6106       1.6036
    6107       1.6483
    6108       1.7882
    6109       1.6681
    6110       1.6708
    6111       1.6096
    6112       1.5859
    6113       1.6247
    6114       1.5994
    6115       1.5592
    6116       1.5006
    6117       1.5219
    6118       1.6428
    6119       1.7273
    6120       1.7792
    6121       1.6710
    6122       1.6337
    6123       1.6555
    6124       1.7348
    6125       1.6568
    6126       1.7478
    6127       1.6489
    6128       1.7032
    6129       1.7289
    6130       1.7887
    6131       1.6736
    6132       1.6230
    6133       1.5582
    6134       1.5999
    6135       1.6628
    6136       1.5934
    6137       1.5782
    6138       1.6796
    6139       1.7106
    6140       1.6889
    6141       1.8049
    6142       1.8128
    6143       1.6332
    6144       1.6798
    6145       1.6800
    6146       1.6642
    6147       1.5737
    6148       1.4316
    6149       1.5255
    6150       1.5181
    6151       1.6947
    6152       1.6981
    6153       1.5729
    6154       1.5975
    6155       1.5881
    6156       1.7087
    6157       1.6834
    6158       1.7522
    6159       1.8567
    6160       1.9730
    6161       1.9783
    6162       1.8904
    6163       1.9682
    6164       1.8774
    6165       1.8254
    6166       1.8205
    6167       1.7964
    6168       1.7270
    6169       1.7885
    6170       1.9463
    6171       2.0557
    6172       1.8560
    6173       1.8193
    6174       1.9068
    6175       1.9032
    6176       1.8692
    6177       1.9349
    6178       1.8534
    6179       1.6789
    6180       1.8145
    6181       1.8913
    6182       1.8065
    6183       1.9231
    6184       1.7772
    6185       1.7828
    6186       1.8042
    6187       1.8231
    6188       1.7978
    6189       1.9067
    6190       1.8430
    6191       1.8750
    6192       1.9280
    6193       2.0144
    6194       1.7690
    6195       1.6821
    6196       1.8253
    6197       1.9378
    6198       2.0132
    6199       1.9039
    6200       1.7788
    6201       1.9807
    6202       1.7991
    6203       1.6720
    6204       1.7401
    6205       1.8010
    6206       1.7963
    6207       1.6841
    6208       1.6613
    6209       1.5804
    6210       1.6827
    6211       1.7089
    6212       1.6846
    6213       1.6724
    6214       1.6332
    6215       1.5820
    6216       1.6476
    6217       1.8448
    6218       1.8545
    6219       1.9410
    6220       2.0252
    6221       1.8767
    6222       1.6739
    6223       1.4888
    6224       1.5743
    6225       1.6429
    6226       1.5438
    6227       1.6142
    6228       1.6193
    6229       1.6425
    6230       1.7146
    6231       1.5768
    6232       1.5764
    6233       1.5062
    6234       1.5646
    6235       1.4717
    6236       1.5821
    6237       1.5889
    6238       1.6923
    6239       1.6753
    6240       1.7158
    6241       1.8431
    6242       1.8012
    6243       1.6079
    6244       1.6679
    6245       1.8051
    6246       1.6848
    6247       1.6515
    6248       1.6727
    6249       1.6476
    6250       1.6908
    6251       1.7447
    6252       1.8764
    6253       1.7897
    6254       1.9140
    6255       1.8837
    6256       1.9713
    6257       1.9213
    6258       1.9529
    6259       1.8555
    6260       1.8422
    6261       1.7913
    6262       1.7166
    6263       1.7807
    6264       1.8467
    6265       1.6206
    6266       1.6890
    6267       1.7622
    6268       1.7035
    6269       1.6744
    6270       1.7298
    6271       1.7287
    6272       1.6859
    6273       1.6901
    6274       1.5818
    6275       1.6253
    6276       1.5604
    6277       1.6777
    6278       1.6346
    6279       1.7451
    6280       1.5949
    6281       1.5853
    6282       1.7080
    6283       1.7136
    6284       1.6359
    6285       1.6421
    6286       1.6520
    6287       1.7578
    6288       1.8009
    6289       1.7151
    6290       1.6407
    6291       1.7826
    6292       1.8334
    6293       1.7567
    6294       1.7270
    6295       1.7177
    6296       1.7645
    6297       1.6978
    6298       1.8103
    6299       1.7931
    6300       1.8549
    6301       1.8548
    6302       1.9794
    6303       1.7750
    6304       1.7586
    6305       1.7007
    6306       1.8038
    6307       1.7200
    6308       1.8191
    6309       1.8346
    6310       1.7658
    6311       1.7667
    6312       1.8045
    6313       1.6850
    6314       1.6213
    6315       1.5757
    6316       1.8286
    6317       1.6930
    6318       1.7886
    6319       1.6329
    6320       1.6271
    6321       1.6003
    6322       1.5800
    6323       1.5182
    6324       1.6754
    6325       1.7121
    6326       1.5600
    6327       1.6869
    6328       1.7240
    6329       1.7307
    6330       1.7643
    6331       1.6554
    6332       1.7290
    6333       1.6989
    6334       1.5990
    6335       1.5287
    6336       1.5245
    6337       1.6104
    6338       1.5454
    6339       1.5977
    6340       1.6868
    6341       1.6052
    6342       1.7124
    6343       1.6121
    6344       1.5633
    6345       1.6773
    6346       1.7118
    6347       1.9171
    6348       1.8681
    6349       1.7670
    6350       1.7867
    6351       1.7090
    6352       1.8650
    6353       1.7845
    6354       1.7601
    6355       1.8298
    6356       1.9355
    6357       1.8202
    6358       1.7122
    6359       1.8728
    6360       1.7975
    6361       1.7159
    6362       1.5433
    6363       1.5480
    6364       1.6820
    6365       1.6243
    6366       1.6766
    6367       1.8511
    6368       1.7834
    6369       1.8397
    6370       1.6935
    6371       1.6901
    6372       1.7336
    6373       1.6780
    6374       1.7693
    6375       1.6779
    6376       1.7045
    6377       1.6252
    6378       1.7016
    6379       1.5683
    6380       1.5547
    6381       1.5222
    6382       1.6041
    6383       1.6820
    6384       1.6885
    6385       1.8183
    6386       1.8457
    6387       1.8432
    6388       1.7778
    6389       1.7969
    6390       1.7835
    6391       1.6953
    6392       1.7038
    6393       1.7586
    6394       1.7848
    6395       1.7709
    6396       1.8441
    6397       1.6867
    6398       1.9199
    6399       2.0059
    6400       1.8476
    6401       1.8494
    6402       1.8151
    6403       1.8288
    6404       1.8552
    6405       1.7784
    6406       1.7857
    6407       1.7280
    6408       1.9555
    6409       1.9483
    6410       1.9820
    6411       1.8227
    6412       1.8414
    6413       1.7676
    6414       1.7000
    6415       1.5714
    6416       1.5929
    6417       1.7056
    6418       1.7465
    6419       1.7337
    6420       1.8226
    6421       1.9897
    6422       1.9058
    6423       1.7936
    6424       1.7675
    6425       1.7193
    6426       1.6814
    6427       1.7007
    6428       1.7413
    6429       1.7337
    6430       1.7074
    6431       1.5828
    6432       1.7574
    6433       1.9244
    6434       1.9454
    6435       1.9405
    6436       2.0537
    6437       1.7970
    6438       1.8883
    6439       1.7157
    6440       1.6067
    6441       1.7127
    6442       1.7388
    6443       1.7259
    6444       1.7975
    6445       1.8361
    6446       1.7491
    6447       1.6617
    6448       1.6715
    6449       1.6886
    6450       1.6716
    6451       1.5909
    6452       1.7260
    6453       1.6824
    6454       1.5731
    6455       1.7404
    6456       1.5508
    6457       1.6141
    6458       1.6372
    6459       1.6300
    6460       1.6274
    6461       1.6487
    6462       1.6082
    6463       1.7870
    6464       1.6490
    6465       1.6597
    6466       1.5159
    6467       1.4577
    6468       1.4933
    6469       1.6079
    6470       1.6691
    6471       1.5415
    6472       1.6208
    6473       1.6428
    6474       1.7951
    6475       1.8327
    6476       1.7186
    6477       1.9487
    6478       1.9568
    6479       1.9006
    6480       1.8687
    6481       1.9439
    6482       1.7855
    6483       2.0063
    6484       2.1699
    6485       2.0719
    6486       2.1039
    6487       1.9926
    6488       1.7855
    6489       1.7962
    6490       1.7347
    6491       1.7646
    6492       1.8564
    6493       1.6778
    6494       1.7840
    6495       1.8785
    6496       1.9650
    6497       1.7480
    6498       1.9381
    6499       1.9858
    6500       1.7914
    6501       1.9293
    6502       1.8927
    6503       1.8633
    6504       1.8030
    6505       1.8312
    6506       1.5933
    6507       1.6699
    6508       1.7905
    6509       1.8445
    6510       1.8041
    6511       1.8193
    6512       1.7896
    6513       1.8588
    6514       1.8353
    6515       1.8060
    6516       1.8026
    6517       1.7486
    6518       1.8410
    6519       1.9003
    6520       1.8507
    6521       1.8287
    6522       1.8637
    6523       1.8156
    6524       1.6529
    6525       1.9606
    6526       2.0253
    6527       2.0668
    6528       2.1186
    6529       1.9221
    6530       2.0334
    6531       1.7515
    6532       1.7709
    6533       1.8186
    6534       1.8929
    6535       1.9046
    6536       1.8750
    6537       1.7627
    6538       1.8171
    6539       2.0335
    6540       2.0130
    6541       1.8048
    6542       1.8341
    6543       2.0049
    6544       2.0610
    6545       2.0442
    6546       1.9615
    6547       1.9183
    6548       1.9510
    6549       1.7698
    6550       1.7307
    6551       1.6349
    6552       1.5922
    6553       1.5635
    6554       1.5484
    6555       1.5171
    6556       1.6029
    6557       1.5587
    6558       1.5310
    6559       1.5707
    6560       1.5939
    6561       1.7607
    6562       1.6592
    6563       1.7445
    6564       1.5881
    6565       1.5634
    6566       1.6059
    6567       1.5338
    6568       1.5896
    6569       1.5586
    6570       1.5320
    6571       1.6008
    6572       1.6138
    6573       1.7464
    6574       1.6636
    6575       1.6166
    6576       1.5991
    6577       1.5528
    6578       1.5960
    6579       1.5475
    6580       1.7839
    6581       1.7511
    6582       1.5643
    6583       1.5227
    6584       1.6639
    6585       1.6710
    6586       1.6096
    6587       1.6034
    6588       1.5878
    6589       1.6315
    6590       1.6490
    6591       1.5784
    6592       1.5834
    6593       1.5964
    6594       1.5354
    6595       1.5022
    6596       1.5193
    6597       1.7311
    6598       1.7441
    6599       1.8306
    6600       1.8231
    6601       1.8524
    6602       1.6691
    6603       1.9561
    6604       1.7299
    6605       1.7224
    6606       1.9223
    6607       1.8909
    6608       1.8323
    6609       1.9267
    6610       2.0737
    6611       1.9606
    6612       1.9021
    6613       1.9268
    6614       1.9285
    6615       1.9625
    6616       1.8332
    6617       1.6491
    6618       1.6631
    6619       1.7987
    6620       1.5264
    6621       1.5175
    6622       1.6241
    6623       1.7034
    6624       1.6691
    6625       1.7032
    6626       1.7881
    6627       1.8027
    6628       1.6947
    6629       1.7004
    6630       1.7902
    6631       1.7586
    6632       1.7863
    6633       1.8980
    6634       1.8123
    6635       1.8734
    6636       1.8642
    6637       2.0310
    6638       1.8494
    6639       1.9478
    6640       1.9626
    6641       1.9525
    6642       1.9569
    6643       1.7475
    6644       1.8508
    6645       1.7760
    6646       1.8387
    6647       1.8853
    6648       1.7467
    6649       1.7393
    6650       1.8123
    6651       1.8512
    6652       1.6802
    6653       1.8125
    6654       1.8834
    6655       1.8365
    6656       1.9343
    6657       1.9431
    6658       1.8546
    6659       1.8995
    6660       1.9959
    6661       1.8427
    6662       1.9704
    6663       1.9768
    6664       1.9495
    6665       2.0005
    6666       1.8545
    6667       1.8200
    6668       1.9078
    6669       1.9248
    6670       1.9280
    6671       1.9717
    6672       1.8691
    6673       1.8235
    6674       1.8622
    6675       1.8193
    6676       1.8853
    6677       1.9219
    6678       2.0488
    6679       1.8237
    6680       1.8234
    6681       1.7833
    6682       1.7297
    6683       1.8584
    6684       1.9897
    6685       2.1342
    6686       1.9283
    6687       1.8138
    6688       1.8167
    6689       1.9866
    6690       1.9035
    6691       1.8000
    6692       1.7894
    6693       1.6473
    6694       1.7206
    6695       1.8353
    6696       1.8106
    6697       1.9135
    6698       1.9689
    6699       2.0784
    6700       1.8427
    6701       1.9327
    6702       1.9226
    6703       1.9271
    6704       1.7977
    6705       1.9501
    6706       1.7804
    6707       1.7981
    6708       1.8191
    6709       1.7844
    6710       1.8157
    6711       1.7103
    6712       1.8134
    6713       1.6784
    6714       1.6889
    6715       1.7451
    6716       1.5520
    6717       1.6173
    6718       1.6450
    6719       1.6579
    6720       1.6062
    6721       1.5979
    6722       1.6742
    6723       1.7288
    6724       1.7220
    6725       1.6387
    6726       1.8829
    6727       1.8489
    6728       1.9085
    6729       1.9428
    6730       1.9317
    6731       1.8308
    6732       1.9793
    6733       2.0333
    6734       1.9330
    6735       1.9059
    6736       1.9040
    6737       1.9268
    6738       1.8673
    6739       1.8146
    6740       1.7875
    6741       1.6856
    6742       1.7016
    6743       1.7624
    6744       1.8940
    6745       1.8151
    6746       1.7314
    6747       1.7242
    6748       1.7843
    6749       1.5711
    6750       1.5321
    6751       1.6472
    6752       1.7101
    6753       1.6751
    6754       1.7116
    6755       1.7361
    6756       1.7678
    6757       1.8002
    6758       1.6987
    6759       1.6051
    6760       1.5283
    6761       1.4819
    6762       1.5822
    6763       1.5987
    6764       1.7569
    6765       1.6556
    6766       1.6241
    6767       1.6107
    6768       1.6152
    6769       1.5865
    6770       1.7621
    6771       1.8643
    6772       1.8438
    6773       1.7956
    6774       1.7594
    6775       1.7757
    6776       1.8208
    6777       1.7798
    6778       1.8418
    6779       1.7403
    6780       1.8098
    6781       1.8663
    6782       1.8063
    6783       1.8806
    6784       1.8035
    6785       2.1374
    6786       2.1088
    6787       1.9531
    6788       1.9679
    6789       1.8852
    6790       2.0093
    6791       2.0677
    6792       2.1837
    6793       2.2887
    6794       2.2130
    6795       1.9375
    6796       1.9566
    6797       2.0330
    6798       1.9459
    6799       2.1597
    6800       2.0999
    6801       2.1221
    6802       2.2239
    6803       2.1127
    6804       2.0349
    6805       2.0377
    6806       2.1071
    6807       2.2198
    6808       2.1410
    6809       2.2064
    6810       2.3004
    6811       2.2853
    6812       2.2337
    6813       2.3198
    6814       2.4184
    6815       2.2431
    6816       2.4133
    6817       2.3069
    6818       2.2421
    6819       2.0585
    6820       2.0571
    6821       2.0938
    6822       2.1284
    6823       2.2605
    6824       2.3292
    6825       2.3230
    6826       2.3436
    6827       2.2900
    6828       2.2511
    6829       2.2855
    6830       2.3939
    6831       2.1620
    6832       2.1255
    6833       1.9894
    6834       1.8643
    6835       1.9824
    6836       1.9637
    6837       1.8180
    6838       1.8999
    6839       2.0907
    6840       2.0082
    6841       1.9354
    6842       1.9174
    6843       2.0646
    6844       1.9588
    6845       1.9231
    6846       1.9160
    6847       2.0082
    6848       1.9671
    6849       1.7451
    6850       1.9042
    6851       1.8422
    6852       1.8197
    6853       1.8435
    6854       1.7998
    6855       1.8763
    6856       1.7095
    6857       1.6902
    6858       1.6734
    6859       1.6327
    6860       1.5254
    6861       1.7113
    6862       1.7917
    6863       1.7236
    6864       1.7684
    6865       1.9372
    6866       1.9976
    6867       1.9620
    6868       1.9067
    6869       2.0017
    6870       1.8388
    6871       1.9609
    6872       1.9274
    6873       1.9577
    6874       1.9183
    6875       1.7319
    6876       1.9479
    6877       1.9725
    6878       2.0211
    6879       1.9771
    6880       1.9564
    6881       1.9441
    6882       1.9645
    6883       1.8656
    6884       1.8844
    6885       1.8295
    6886       1.8002
    6887       1.8670
    6888       1.7851
    6889       1.6970
    6890       1.7265
    6891       1.6354
    6892       1.5992
    6893       1.7461
    6894       1.6699
    6895       1.5943
    6896       1.6051
    6897       1.5990
    6898       1.7022
    6899       1.7292
    6900       1.9772
    6901       1.7778
    6902       1.8178
    6903       1.6736
    6904       1.7472
    6905       1.6560
    6906       1.7093
    6907       1.7134
    6908       1.6575
    6909       1.7119
    6910       1.7713
    6911       1.5771
    6912       1.6305
    6913       1.6812
    6914       1.6908
    6915       1.7990
    6916       1.7350
    6917       1.6972
    6918       1.5949
    6919       1.8137
    6920       1.9998
    6921       2.1852
    6922       2.1903
    6923       2.1491
    6924       2.0731
    6925       2.0220
    6926       1.9090
    6927       1.9800
    6928       1.9960
    6929       1.6824
    6930       1.6667
    6931       1.8595
    6932       2.0561
    6933       1.9760
    6934       1.6686
    6935       1.8552
    6936       1.9726
    6937       1.8142
    6938       1.8163
    6939       1.9327
    6940       1.8513
    6941       1.9942
    6942       2.0631
    6943       1.9954
    6944       1.9749
    6945       1.7614
    6946       1.5718
    6947       1.5415
    6948       1.5964
    6949       1.5377
    6950       1.6261
    6951       1.5520
    6952       1.5034
    6953       1.5686
    6954       1.5685
    6955       1.5943
    6956       1.6643
    6957       1.6920
    6958       1.7809
    6959       1.6423
    6960       1.5783
    6961       1.5749
    6962       1.5770
    6963       1.7306
    6964       1.7890
    6965       1.4880
    6966       1.5042
    6967       1.6679
    6968       1.5350
    6969       1.6090
    6970       1.5935
    6971       1.4135
    6972       1.5080
    6973       1.4539
    6974       1.4826
    6975       1.3838
    6976       1.5094
    6977       1.4481
    6978       1.4901
    6979       1.6803
    6980       1.6030
    6981       1.5690
    6982       1.5816
    6983       1.6465
    6984       1.6944
    6985       1.5653
    6986       1.4943
    6987       1.5339
    6988       1.5133
    6989       1.4638
    6990       1.4427
    6991       1.5203
    6992       1.4912
    6993       1.4288
    6994       1.4677
    6995       1.5457
    6996       1.6008
    6997       1.5400
    6998       1.5667
    6999       1.6360
    7000       1.6551
    7001       1.6615
    7002       1.7240
    7003       1.7412
    7004       1.7308
    7005       1.6406
    7006       1.5750
    7007       1.5163
    7008       1.6260
    7009       1.5632
    7010       1.6520
    7011       1.5541
    7012       1.4634
    7013       1.5047
    7014       1.6579
    7015       1.6895
    7016       1.6567
    7017       1.6956
    7018       1.7559
    7019       1.6954
    7020       1.5650
    7021       1.4880
    7022       1.5738
    7023       1.4339
    7024       1.5484
    7025       1.4589
    7026       1.4404
    7027       1.5352
    7028       1.5106
    7029       1.5572
    7030       1.6148
    7031       1.6165
    7032       1.5405
    7033       1.5429
    7034       1.6393
    7035       1.6670
    7036       1.7352
    7037       1.8284
    7038       1.7027
    7039       1.7321
    7040       1.6931
    7041       1.7868
    7042       1.8798
    7043       1.6556
    7044       1.6409
    7045       1.5770
    7046       1.6462
    7047       1.6131
    7048       1.5375
    7049       1.6483
    7050       1.5825
    7051       1.6573
    7052       1.5620
    7053       1.6470
    7054       1.5616
    7055       1.5362
    7056       1.5034
    7057       1.3789
    7058       1.5202
    7059       1.3858
    7060       1.4881
    7061       1.4423
    7062       1.4073
    7063       1.4224
    7064       1.3514
    7065       1.5260
    7066       1.5821
    7067       1.5386
    7068       1.4860
    7069       1.5549
    7070       1.3869
    7071       1.6336
    7072       1.7380
    7073       1.6400
    7074       1.6721
    7075       1.5779
    7076       1.4705
    7077       1.4871
    7078       1.3910
    7079       1.4979
    7080       1.5092
    7081       1.3887
    7082       1.4089
    7083       1.5274
    7084       1.5091
    7085       1.5216
    7086       1.6006
    7087       1.5265
    7088       1.5623
    7089       1.6630
    7090       1.5094
    7091       1.4430
    7092       1.6948
    7093       1.7095
    7094       1.7382
    7095       1.7250
    7096       1.7600
    7097       1.6714
    7098       1.6379
    7099       1.5050
    7100       1.6633
    7101       1.6288
    7102       1.6341
    7103       1.6561
    7104       1.7700
    7105       1.8713
    7106       1.7294
    7107       1.7282
    7108       1.5977
    7109       1.5370
    7110       1.5329
    7111       1.5931
    7112       1.5207
    7113       1.4593
    7114       1.4661
    7115       1.5756
    7116       1.6386
    7117       1.5532
    7118       1.5609
    7119       1.4545
    7120       1.5233
    7121       1.5726
    7122       1.5047
    7123       1.6255
    7124       1.6429
    7125       1.6264
    7126       1.5788
    7127       1.5717
    7128       1.6405
    7129       1.7080
    7130       1.6769
    7131       1.9238
    7132       1.9159
    7133       1.7911
    7134       1.9426
    7135       1.8958
    7136       1.8352
    7137       1.6362
    7138       1.5347
    7139       1.4551
    7140       1.6463
    7141       1.6568
    7142       1.6618
    7143       1.6469
    7144       1.7067
    7145       1.7568
    7146       1.6909
    7147       1.4676
    7148       1.7365
    7149       1.7403
    7150       1.8311
    7151       1.7716
    7152       1.7404
    7153       1.6135
    7154       1.7299
    7155       1.6881
    7156       1.6060
    7157       1.5296
    7158       1.6081
    7159       1.5313
    7160       1.5570
    7161       1.6406
    7162       1.6521
    7163       1.6047
    7164       1.6334
    7165       1.4566
    7166       1.6001
    7167       1.6570
    7168       1.8218
    7169       1.8936
    7170       1.6852
    7171       1.6721
    7172       1.8664
    7173       1.7776
    7174       1.6904
    7175       1.7594
    7176       1.7808
    7177       1.7970
    7178       1.7676
    7179       1.7538
    7180       1.5462
    7181       1.7125
    7182       1.6769
    7183       1.6756
    7184       1.6387
    7185       1.6616
    7186       1.6807
    7187       1.5847
    7188       1.5410
    7189       1.5721
    7190       1.6086
    7191       1.5669
    7192       1.5888
    7193       1.5128
    7194       1.7088
    7195       1.6750
    7196       1.6595
    7197       1.5583
    7198       1.4834
    7199       1.4879
    7200       1.4970
    7201       1.4384
    7202       1.3990
    7203       1.3907
    7204       1.5615
    7205       1.3959
    7206       1.4518
    7207       1.6331
    7208       1.5566
    7209       1.6286
    7210       1.5908
    7211       1.5529
    7212       1.6643
    7213       1.5705
    7214       1.4585
    7215       1.5282
    7216       1.4947
    7217       1.4986
    7218       1.5836
    7219       1.4874
    7220       1.4850
    7221       1.6185
    7222       1.6935
    7223       1.5042
    7224       1.5523
    7225       1.5861
    7226       1.5172
    7227       1.6380
    7228       1.5654
    7229       1.5310
    7230       1.5853
    7231       1.5628
    7232       1.4631
    7233       1.5491
    7234       1.5521
    7235       1.4740
    7236       1.5338
    7237       1.5497
    7238       1.5371
    7239       1.5181
    7240       1.4377
    7241       1.4929
    7242       1.4238
    7243       1.4468
    7244       1.5375
    7245       1.4748
    7246       1.5681
    7247       1.6830
    7248       1.5530
    7249       1.4871
    7250       1.5221
    7251       1.4614
    7252       1.4293
    7253       1.4757
    7254       1.4532
    7255       1.6110
    7256       1.6465
    7257       1.5979
    7258       1.6130
    7259       1.6067
    7260       1.5238
    7261       1.5655
    7262       1.6362
    7263       1.5345
    7264       1.5316
    7265       1.6062
    7266       1.5798
    7267       1.5233
    7268       1.4113
    7269       1.3749
    7270       1.4222
    7271       1.4805
    7272       1.4642
    7273       1.4282
    7274       1.3918
    7275       1.5017
    7276       1.4430
    7277       1.4442
    7278       1.5434
    7279       1.6237
    7280       1.5143
    7281       1.5507
    7282       1.6101
    7283       1.4920
    7284       1.5374
    7285       1.5251
    7286       1.3837
    7287       1.3505
    7288       1.4862
    7289       1.5132
    7290       1.3755
    7291       1.4329
    7292       1.4474
    7293       1.4996
    7294       1.5484
    7295       1.5485
    7296       1.5673
    7297       1.4828
    7298       1.6252
    7299       1.4514
    7300       1.3910
    7301       1.4545
    7302       1.5089
    7303       1.4758
    7304       1.5620
    7305       1.5362
    7306       1.5414
    7307       1.5421
    7308       1.5711
    7309       1.6165
    7310       1.5992
    7311       1.5569
    7312       1.6175
    7313       1.6020
    7314       1.4847
    7315       1.5585
    7316       1.6362
    7317       1.6088
    7318       1.5369
    7319       1.6174
    7320       1.6541
    7321       1.5810
    7322       1.5778
    7323       1.6498
    7324       1.4726
    7325       1.5183
    7326       1.4167
    7327       1.5173
    7328       1.5108
    7329       1.7200
    7330       1.7266
    7331       1.5872
    7332       1.5481
    7333       1.6523
    7334       1.7568
    7335       1.5756
    7336       1.5718
    7337       1.6294
    7338       1.4644
    7339       1.4729
    7340       1.4840
    7341       1.5113
    7342       1.5059
    7343       1.5385
    7344       1.5471
    7345       1.4918
    7346       1.4461
    7347       1.5714
    7348       1.6716
    7349       1.6019
    7350       1.5807
    7351       1.5801
    7352       1.6705
    7353       1.5584
    7354       1.6074
    7355       1.6726
    7356       1.7039
    7357       1.5929
    7358       1.7685
    7359       1.7342
    7360       1.5623
    7361       1.6382
    7362       1.5635
    7363       1.6007
    7364       1.4410
    7365       1.5343
    7366       1.5285
    7367       1.5282
    7368       1.6177
    7369       1.6496
    7370       1.7058
    7371       1.7018
    7372       1.6995
    7373       1.6268
    7374       1.6652
    7375       1.6115
    7376       1.5330
    7377       1.5313
    7378       1.5239
    7379       1.5748
    7380       1.5512
    7381       1.4985
    7382       1.6053
    7383       1.5902
    7384       1.6343
    7385       1.5113
    7386       1.5454
    7387       1.6181
    7388       1.6968
    7389       1.6041
    7390       1.5394
    7391       1.5235
    7392       1.5473
    7393       1.5519
    7394       1.8929
    7395       1.8217
    7396       1.7043
    7397       1.7123
    7398       1.6557
    7399       1.6659
    7400       1.7457
    7401       1.6347
    7402       1.8060
    7403       1.7949
    7404       1.6699
    7405       1.6849
    7406       1.8048
    7407       2.0062
    7408       2.0181
    7409       1.8417
    7410       1.8314
    7411       1.7813
    7412       1.6170
    7413       1.8156
    7414       1.8181
    7415       1.7032
    7416       1.6786
    7417       1.7156
    7418       1.7770
    7419       1.9062
    7420       1.8574
    7421       1.8293
    7422       1.7291
    7423       1.6970
    7424       1.6141
    7425       1.6938
    7426       1.6485
    7427       1.7518
    7428       1.6811
    7429       1.7833
    7430       1.7999
    7431       1.8538
    7432       1.6741
    7433       1.7141
    7434       1.7264
    7435       1.8895
    7436       1.8466
    7437       1.8059
    7438       1.7943
    7439       1.7027
    7440       1.7417
    7441       1.5940
    7442       1.6324
    7443       1.6664
    7444       1.7613
    7445       1.7410
    7446       1.6657
    7447       1.6836
    7448       1.7366
    7449       1.7518
    7450       1.5922
    7451       1.6841
    7452       1.6034
    7453       1.6651
    7454       1.6241
    7455       1.5256
    7456       1.5116
    7457       1.5877
    7458       1.7068
    7459       1.6442
    7460       1.7440
    7461       1.6561
    7462       1.7320
    7463       1.7176
    7464       1.6486
    7465       1.6402
    7466       1.7658
    7467       1.7238
    7468       1.7650
    7469       1.6488
    7470       1.7755
    7471       1.7755
    7472       1.6627
    7473       1.7598
    7474       1.7886
    7475       1.8037
    7476       1.8495
    7477       1.7165
    7478       1.7115
    7479       1.6808
    7480       1.6570
    7481       1.5854
    7482       1.5802
    7483       1.5018
    7484       1.7134
    7485       1.5921
    7486       1.6557
    7487       1.5866
    7488       1.6228
    7489       1.6121
    7490       1.6740
    7491       1.6274
    7492       1.6403
    7493       1.6610
    7494       1.5599
    7495       1.5779
    7496       1.5813
    7497       1.7048
    7498       1.6102
    7499       1.6128
    7500       1.7305
    7501       1.6679
    7502       1.6699
    7503       1.7574
    7504       1.7110
    7505       1.6240
    7506       1.5542
    7507       1.5347
    7508       1.4480
    7509       1.4798
    7510       1.5888
    7511       1.5958
    7512       1.5846
    7513       1.6704
    7514       1.6202
    7515       1.6543
    7516       1.6019
    7517       1.4894
    7518       1.5555
    7519       1.5584
    7520       1.5088
    7521       1.4487
    7522       1.4990
    7523       1.4280
    7524       1.4152
    7525       1.4462
    7526       1.3978
    7527       1.4297
    7528       1.4153
    7529       1.4597
    7530       1.4245
    7531       1.4840
    7532       1.5829
    7533       1.4435
    7534       1.4332
    7535       1.3911
    7536       1.4966
    7537       1.6135
    7538       1.6913
    7539       1.7502
    7540       1.5804
    7541       1.6849
    7542       1.7367
    7543       1.7677
    7544       1.8201
    7545       1.8389
    7546       1.7314
    7547       1.6806
    7548       1.6287
    7549       1.6717
    7550       1.6979
    7551       1.8184
    7552       1.8720
    7553       1.8337
    7554       1.7341
    7555       1.7695
    7556       1.7054
    7557       1.7680
    7558       1.6217
    7559       1.7941
    7560       1.7727
    7561       1.7013
    7562       1.6551
    7563       1.6681
    7564       1.5944
    7565       1.6558
    7566       1.6626
    7567       1.7655
    7568       1.7232
    7569       1.8102
    7570       1.8270
    7571       1.8073
    7572       1.6989
    7573       1.6374
    7574       1.7087
    7575       1.6612
    7576       1.6831
    7577       1.7125
    7578       1.7514
    7579       1.6379
    7580       1.7956
    7581       1.6498
    7582       1.5367
    7583       1.6139
    7584       1.4662
    7585       1.6185
    7586       1.5744
    7587       1.5463
    7588       1.5426
    7589       1.5833
    7590       1.4707
    7591       1.5360
    7592       1.4815
    7593       1.5262
    7594       1.5344
    7595       1.6437
    7596       1.5812
    7597       1.6629
    7598       1.5094
    7599       1.5775
    7600       1.5414
    7601       1.5199
    7602       1.6149
    7603       1.6126
    7604       1.5553
    7605       1.7266
    7606       1.6209
    7607       1.5585
    7608       1.6019
    7609       1.6222
    7610       1.5721
    7611       1.5774
    7612       1.6667
    7613       1.6199
    7614       1.5278
    7615       1.5338
    7616       1.5024
    7617       1.4269
    7618       1.5031
    7619       1.4769
    7620       1.5381
    7621       1.6278
    7622       1.6916
    7623       1.6615
    7624       1.6511
    7625       1.6597
    7626       1.5345
    7627       1.5368
    7628       1.6230
    7629       1.5405
    7630       1.5800
    7631       1.5914
    7632       1.6258
    7633       1.4733
    7634       1.5684
    7635       1.5720
    7636       1.7934
    7637       1.5538
    7638       1.5257
    7639       1.4631
    7640       1.5591
    7641       1.4819
    7642       1.4901
    7643       1.6251
    7644       1.4785
    7645       1.4572
    7646       1.5735
    7647       1.5524
    7648       1.5952
    7649       1.5957
    7650       1.5719
    7651       1.6880
    7652       1.7372
    7653       1.6594
    7654       1.5666
    7655       1.4643
    7656       1.5748
    7657       1.5571
    7658       1.5130
    7659       1.5959
    7660       1.6202
    7661       1.5528
    7662       1.6028
    7663       1.6109
    7664       1.6109
    7665       1.5742
    7666       1.5546
    7667       1.5256
    7668       1.4601
    7669       1.5576
    7670       1.6621
    7671       1.5795
    7672       1.7173
    7673       1.5724
    7674       1.5909
    7675       1.5819
    7676       1.4648
    7677       1.4695
    7678       1.5372
    7679       1.5507
    7680       1.5547
    7681       1.6400
    7682       1.6650
    7683       1.5278
    7684       1.4711
    7685       1.5986
    7686       1.4645
    7687       1.5576
    7688       1.5393
    7689       1.4882
    7690       1.6073
    7691       1.5522
    7692       1.5635
    7693       1.5802
    7694       1.5480
    7695       1.6473
    7696       1.5814
    7697       1.5632
    7698       1.5047
    7699       1.5541
    7700       1.4794
    7701       1.5722
    7702       1.6456
    7703       1.6196
    7704       1.7056
    7705       1.6424
    7706       1.6233
    7707       1.5934
    7708       1.5680
    7709       1.5314
    7710       1.5252
    7711       1.5261
    7712       1.5698
    7713       1.6080
    7714       1.6510
    7715       1.7626
    7716       1.7093
    7717       1.6580
    7718       1.7236
    7719       1.6250
    7720       1.7071
    7721       1.8840
    7722       1.7915
    7723       1.9081
    7724       1.8516
    7725       1.8490
    7726       1.7713
    7727       1.7635
    7728       1.7174
    7729       1.6758
    7730       1.6419
    7731       1.6923
    7732       1.6898
    7733       1.5152
    7734       1.6022
    7735       1.7118
    7736       1.7579
    7737       1.7616
    7738       1.7031
    7739       1.6736
    7740       1.6571
    7741       1.6511
    7742       1.6979
    7743       1.6457
    7744       1.7870
    7745       1.7756
    7746       1.8223
    7747       1.7265
    7748       1.7095
    7749       1.7662
    7750       1.5621
    7751       1.5699
    7752       1.6533
    7753       1.5861
    7754       1.5698
    7755       1.6238
    7756       1.8932
    7757       1.8338
    7758       1.7916
    7759       1.7184
    7760       1.6599
    7761       1.7330
    7762       1.9255
    7763       1.8331
    7764       1.8294
    7765       1.7318
    7766       1.7591
    7767       1.8801
    7768       1.8040
    7769       1.7020
    7770       1.7209
    7771       1.8096
    7772       1.7456
    7773       1.6171
    7774       1.6377
    7775       1.6796
    7776       1.6258
    7777       1.5527
    7778       1.5695
    7779       1.6313
    7780       1.6422
    7781       1.6070
    7782       1.6515
    7783       1.7471
    7784       1.9143
    7785       1.8563
    7786       1.7793
    7787       1.7395
    7788       1.6302
    7789       1.6322
    7790       1.5195
    7791       1.5842
    7792       1.6193
    7793       1.6838
    7794       1.6541
    7795       1.5403
    7796       1.6507
    7797       1.5095
    7798       1.5218
    7799       1.5157
    7800       1.5242
    7801       1.4758
    7802       1.4958
    7803       1.5782
    7804       1.7028
    7805       1.6359
    7806       1.5605
    7807       1.6000
    7808       1.6907
    7809       1.4894
    7810       1.5070
    7811       1.4830
    7812       1.5029
    7813       1.4867
    7814       1.6216
    7815       1.6028
    7816       1.7211
    7817       1.6440
    7818       1.4594
    7819       1.5943
    7820       1.5937
    7821       1.6727
    7822       1.5415
    7823       1.6404
    7824       1.6610
    7825       1.6719
    7826       1.5617
    7827       1.5227
    7828       1.6476
    7829       1.6167
    7830       1.5599
    7831       1.6977
    7832       1.7138
    7833       1.7091
    7834       1.7100
    7835       1.7862
    7836       1.6555
    7837       1.7398
    7838       1.7827
    7839       1.6401
    7840       1.4860
    7841       1.5311
    7842       1.5604
    7843       1.5288
    7844       1.6269
    7845       1.6613
    7846       1.6216
    7847       1.5918
    7848       1.5395
    7849       1.5868
    7850       1.7029
    7851       1.7185
    7852       1.5226
    7853       1.4968
    7854       1.5609
    7855       1.6732
    7856       1.6516
    7857       1.6125
    7858       1.5787
    7859       1.5152
    7860       1.5050
    7861       1.5301
    7862       1.4091
    7863       1.5867
    7864       1.7116
    7865       1.6831
    7866       1.8008
    7867       1.6844
    7868       1.7157
    7869       1.7815
    7870       1.7255
    7871       1.6461
    7872       1.7565
    7873       1.6914
    7874       1.6192
    7875       1.6131
    7876       1.8279
    7877       1.7299
    7878       1.5242
    7879       1.5569
    7880       1.5334
    7881       1.5508
    7882       1.6941
    7883       1.8734
    7884       1.8004
    7885       1.9667
    7886       1.8604
    7887       1.8971
    7888       2.0128
    7889       1.8528
    7890       1.7086
    7891       1.6724
    7892       1.5346
    7893       1.6391
    7894       1.6226
    7895       1.4543
    7896       1.5529
    7897       1.4629
    7898       1.3742
    7899       1.4503
    7900       1.5016
    7901       1.6737
    7902       1.6095
    7903       1.4966
    7904       1.6440
    7905       1.6010
    7906       1.5393
    7907       1.6581
    7908       1.7368
    7909       1.7108
    7910       1.8741
    7911       1.8647
    7912       1.7864
    7913       1.6322
    7914       1.6026
    7915       1.6383
    7916       1.5067
    7917       1.5676
    7918       1.5844
    7919       1.4804
    7920       1.7591
    7921       1.7614
    7922       1.6782
    7923       1.6632
    7924       1.5906
    7925       1.6555
    7926       1.7752
    7927       1.8068
    7928       1.7850
    7929       1.7104
    7930       1.6914
    7931       1.6831
    7932       1.5816
    7933       1.4871
    7934       1.5547
    7935       1.6373
    7936       1.5941
    7937       1.7040
    7938       1.6974
    7939       1.5736
    7940       1.5518
    7941       1.5673
    7942       1.6382
    7943       1.6250
    7944       1.6066
    7945       1.5207
    7946       1.6002
    7947       1.5370
    7948       1.4937
    7949       1.6454
    7950       1.6171
    7951       1.7030
    7952       1.7237
    7953       1.8721
    7954       1.7963
    7955       1.8948
    7956       1.8368
    7957       1.6322
    7958       1.7471
    7959       1.6941
    7960       1.7820
    7961       1.8262
    7962       1.8478
    7963       1.7288
    7964       1.8625
    7965       1.8460
    7966       1.7882
    7967       1.8346
    7968       1.7969
    7969       1.8139
    7970       1.6961
    7971       1.6691
    7972       1.8267
    7973       1.6604
    7974       1.8208
    7975       1.7573
    7976       1.6870
    7977       1.8536
    7978       1.8318
    7979       1.8501
    7980       1.7990
    7981       1.6482
    7982       1.7003
    7983       1.6507
    7984       1.5003
    7985       1.6408
    7986       1.6841
    7987       1.7187
    7988       1.8416
    7989       1.8194
    7990       1.8566
    7991       1.9154
    7992       1.8954
    7993       1.8818
    7994       1.8638
    7995       1.8374
    7996       1.7273
    7997       1.7385
    7998       1.8963
    7999       1.8874
    8000       1.8945
    8001       1.8049
    8002       1.7022
    8003       1.7094
    8004       1.7894
    8005       1.6393
    8006       1.7300
    8007       1.5000
    8008       1.5361
    8009       1.5371
    8010       1.5816
    8011       1.5707
    8012       1.5350
    8013       1.5711
    8014       1.6035
    8015       1.7120
    8016       1.7186
    8017       1.5880
    8018       1.7477
    8019       1.6143
    8020       1.6185
    8021       1.5123
    8022       1.5480
    8023       1.4535
    8024       1.5534
    8025       1.5257
    8026       1.6816
    8027       1.6623
    8028       1.7813
    8029       1.7304
    8030       1.7102
    8031       1.5713
    8032       1.6693
    8033       1.7349
    8034       1.7012
    8035       1.6333
    8036       1.8656
    8037       1.7857
    8038       1.7829
    8039       1.7080
    8040       1.6993
    8041       1.7017
    8042       1.7036
    8043       1.7210
    8044       1.8675
    8045       2.0298
    8046       2.1506
    8047       1.9407
    8048       1.7435
    8049       1.6239
    8050       1.7054
    8051       1.6502
    8052       1.8725
    8053       1.8666
    8054       2.0187
    8055       1.9364
    8056       2.0242
    8057       1.9456
    8058       1.9423
    8059       1.7699
    8060       1.7662
    8061       1.8111
    8062       1.7892
    8063       1.7353
    8064       1.7071
    8065       1.7680
    8066       1.8586
    8067       1.8948
    8068       1.8685
    8069       1.9697
    8070       1.9169
    8071       1.8250
    8072       1.7189
    8073       1.7554
    8074       1.8940
    8075       1.9504
    8076       2.0589
    8077       1.9837
    8078       1.9349
    8079       1.9992
    8080       1.8675
    8081       1.8660
    8082       1.8628
    8083       1.7615
    8084       1.8092
    8085       1.7699
    8086       2.0216
    8087       2.0364
    8088       2.2433
    8089       2.4368
    8090       2.7015
    8091       2.3286
    8092       2.1907
    8093       2.1540
    8094       2.0340
    8095       1.8340
    8096       2.0180
    8097       2.1112
    8098       2.1477
    8099       2.2306
    8100       2.3942
    8101       2.3764
    8102       2.1534
    8103       2.2697
    8104       2.2258
    8105       2.2613
    8106       2.3470
    8107       2.2743
    8108       2.0913
    8109       2.1406
    8110       2.0743
    8111       2.0713
    8112       1.9999
    8113       2.1871
    8114       1.8791
    8115       1.9170
    8116       1.9053
    8117       1.9386
    8118       1.8494
    8119       1.7896
    8120       2.0758
    8121       1.9034
    8122       1.9028
    8123       2.1246
    8124       2.2126
    8125       2.2419
    8126       2.2026
    8127       2.2595
    8128       2.2629
    8129       2.3399
    8130       2.4735
    8131       2.3829
    8132       2.4471
    8133       2.5999
    8134       2.5648
    8135       2.4392
    8136       2.5153
    8137       2.5410
    8138       2.5459
    8139       2.4922
    8140       2.4191
    8141       2.3922
    8142       2.4857
    8143       2.3592
    8144       1.9787
    8145       2.0845
    8146       2.0739
    8147       2.2244
    8148       2.1806
    8149       2.3876
    8150       2.4744
    8151       2.2662
    8152       2.1182
    8153       2.2164
    8154       2.2101
    8155       2.1062
    8156       2.0676
    8157       2.0206
    8158       2.0485
    8159       2.1058
    8160       1.9257
    8161       2.0846
    8162       2.0367
    8163       2.0216
    8164       1.9698
    8165       2.0980
    8166       2.0526
    8167       2.1463
    8168       2.2558
    8169       2.1134
    8170       2.1817
    8171       2.0146
    8172       1.9545
    8173       1.9481
    8174       1.8473
    8175       1.8357
    8176       1.9092
    8177       2.0381
    8178       2.1179
    8179       2.1941
    8180       2.3187
    8181       2.1961
    8182       2.1921
    8183       2.2311
    8184       2.0795
    8185       2.2140
    8186       2.2392
    8187       2.0224
    8188       1.9636
    8189       1.9296
    8190       1.9747
    8191       2.0271
    8192       2.1942
    8193       2.2968
    8194       2.0897
    8195       2.3772
    8196       2.3089
    8197       2.3613
    8198       2.3443
    8199       2.2227
    8200       2.1820
    8201       2.2112
    8202       2.3032
    8203       2.2549
    8204       2.2843
    8205       2.2069
    8206       2.3622
    8207       2.3253
    8208       2.4115
    8209       2.2496
    8210       2.1906
    8211       2.3021
    8212       2.3619
    8213       2.5088
    8214       2.4060
    8215       2.3351
    8216       2.2852
    8217       2.4041
    8218       2.3931
    8219       2.4194
    8220       2.1911
    8221       2.2659
    8222       2.3349
    8223       2.3012
    8224       2.1685
    8225       2.1200
    8226       2.3142
    8227       2.2052
    8228       2.3697
    8229       2.3920
    8230       2.2771
    8231       2.2870
    8232       2.1649
    8233       2.2604
    8234       2.1183
    8235       2.0615
    8236       2.2653
    8237       2.2481
    8238       2.1424
    8239       2.0700
    8240       2.0798
    8241       2.1763
    8242       2.0702
    8243       2.0623
    8244       2.3424
    8245       2.2539
    8246       2.1462
    8247       2.1700
    8248       2.1418
    8249       1.9943
    8250       2.0116
    8251       1.9482
    8252       2.0111
    8253       1.9495
    8254       1.9352
    8255       1.9871
    8256       1.8079
    8257       1.8796
    8258       1.8575
    8259       1.8069
    8260       1.7724
    8261       1.7598
    8262       1.8473
    8263       1.9085
    8264       1.9195
    8265       1.9965
    8266       2.0293
    8267       2.0329
    8268       2.0287
    8269       1.7799
    8270       1.8107
    8271       1.9342
    8272       1.9376
    8273       1.8611
    8274       1.9341
    8275       2.0467
    8276       1.8679
    8277       1.9877
    8278       1.9038
    8279       1.7664
    8280       1.7482
    8281       1.8534
    8282       1.8645
    8283       1.9055
    8284       1.9246
    8285       1.9722
    8286       1.9302
    8287       1.9679
    8288       1.8593
    8289       1.9110
    8290       1.9381
    8291       1.9148
    8292       1.9043
    8293       1.8117
    8294       1.8857
    8295       1.6983
    8296       1.6048
    8297       1.6535
    8298       1.5542
    8299       1.6929
    8300       1.6429
    8301       1.7729
    8302       1.7116
    8303       1.7408
    8304       1.8013
    8305       1.7960
    8306       1.7859
    8307       1.8489
    8308       1.8385
    8309       1.6753
    8310       1.7875
    8311       1.6012
    8312       1.5839
    8313       1.7147
    8314       1.8417
    8315       1.7482
    8316       1.7910
    8317       1.7377
    8318       1.7883
    8319       1.7258
    8320       1.8288
    8321       1.8105
    8322       1.7827
    8323       1.9909
    8324       1.7849
    8325       1.6764
    8326       1.7628
    8327       1.8127
    8328       1.8256
    8329       1.7445
    8330       1.7597
    8331       1.9006
    8332       1.6877
    8333       1.7466
    8334       1.8392
    8335       1.8498
    8336       1.7396
    8337       1.6698
    8338       1.7669
    8339       1.7600
    8340       1.6964
    8341       1.6391
    8342       1.7145
    8343       1.6179
    8344       1.8116
    8345       1.6964
    8346       1.7461
    8347       1.7820
    8348       1.8110
    8349       1.7213
    8350       1.7512
    8351       1.7330
    8352       1.5795
    8353       1.6415
    8354       1.7395
    8355       1.6212
    8356       1.6859
    8357       1.5787
    8358       1.5749
    8359       1.6229
    8360       1.7676
    8361       1.7383
    8362       1.8097
    8363       1.8209
    8364       1.6291
    8365       1.6254
    8366       1.5579
    8367       1.7038
    8368       1.7614
    8369       1.7096
    8370       1.7611
    8371       1.7117
    8372       1.6839
    8373       1.6635
    8374       1.6177
    8375       1.5630
    8376       1.5489
    8377       1.5120
    8378       1.5260
    8379       1.6149
    8380       1.5816
    8381       1.6324
    8382       1.5755
    8383       1.6582
    8384       1.7439
    8385       1.7116
    8386       1.7658
    8387       1.6316
    8388       1.6089
    8389       1.5851
    8390       1.7545
    8391       1.7539
    8392       1.7484
    8393       1.7129
    8394       1.9572
    8395       1.8051
    8396       1.9276
    8397       1.8715
    8398       1.8529
    8399       1.9272
    8400       1.9384
    8401       2.0690
    8402       1.8415
    8403       1.6764
    8404       1.7733
    8405       1.7286
    8406       1.7325
    8407       1.7700
    8408       1.7774
    8409       1.6883
    8410       1.6293
    8411       1.7457
    8412       1.9377
    8413       1.9150
    8414       1.9008
    8415       1.7984
    8416       1.7277
    8417       1.7656
    8418       1.9427
    8419       1.9062
    8420       1.7957
    8421       1.9197
    8422       1.9480
    8423       1.7978
    8424       1.8186
    8425       1.8689
    8426       1.8475
    8427       1.9192
    8428       1.8234
    8429       1.8297
    8430       1.8390
    8431       1.9006
    8432       1.8621
    8433       1.7245
    8434       1.5706
    8435       1.7247
    8436       1.7166
    8437       1.6778
    8438       1.6539
    8439       1.9054
    8440       1.9434
    8441       1.9277
    8442       1.9330
    8443       1.6980
    8444       1.6773
    8445       1.6946
    8446       1.7943
    8447       1.8489
    8448       1.6701
    8449       1.6850
    8450       1.6195
    8451       1.7408
    8452       1.8801
    8453       1.6856
    8454       1.6417
    8455       1.7606
    8456       1.7208
    8457       1.6994
    8458       1.7331
    8459       1.6783
    8460       1.6818
    8461       1.7700
    8462       1.7329
    8463       1.7724
    8464       1.6947
    8465       1.8310
    8466       1.7475
    8467       1.7486
    8468       1.7354
    8469       1.9444
    8470       1.8259
    8471       1.7678
    8472       1.6377
    8473       1.7788
    8474       1.7062
    8475       1.7863
    8476       1.6084
    8477       1.5435
    8478       1.7470
    8479       1.6861
    8480       1.7082
    8481       1.8530
    8482       1.8636
    8483       1.8317
    8484       1.7421
    8485       1.5814
    8486       1.5595
    8487       1.6769
    8488       1.6790
    8489       1.6539
    8490       1.7511
    8491       1.7567
    8492       1.6579
    8493       1.5460
    8494       1.6863
    8495       1.5098
    8496       1.4530
    8497       1.4806
    8498       1.4404
    8499       1.5455
    8500       1.4958
    8501       1.5425
    8502       1.6156
    8503       1.5257
    8504       1.6978
    8505       1.5933
    8506       1.5912
    8507       1.5289
    8508       1.5651
    8509       1.5867
    8510       1.6095
    8511       1.6557
    8512       1.5755
    8513       1.4788
    8514       1.6610
    8515       1.6818
    8516       1.7208
    8517       1.7534
    8518       1.7573
    8519       1.7959
    8520       1.6627
    8521       1.7987
    8522       1.8474
    8523       1.9666
    8524       2.0341
    8525       1.9537
    8526       1.9136
    8527       1.8891
    8528       1.7582
    8529       1.7364
    8530       1.8475
    8531       1.8936
    8532       1.9803
    8533       1.7730
    8534       1.8256
    8535       1.8821
    8536       1.7645
    8537       1.7812
    8538       1.7582
    8539       1.7788
    8540       1.7345
    8541       1.7697
    8542       1.9256
    8543       1.7646
    8544       1.6942
    8545       1.7970
    8546       1.6946
    8547       1.6775
    8548       1.5552
    8549       1.5195
    8550       1.6569
    8551       1.8916
    8552       1.8988
    8553       1.8366
    8554       1.8802
    8555       2.0028
    8556       2.0667
    8557       2.1107
    8558       2.0446
    8559       2.1801
    8560       2.1302
    8561       2.1488
    8562       2.1763
    8563       2.0219
    8564       1.9013
    8565       1.8298
    8566       1.7795
    8567       1.8601
    8568       1.7242
    8569       1.8096
    8570       1.6810
    8571       1.8386
    8572       1.6872
    8573       1.7542
    8574       1.8553
    8575       1.7930
    8576       1.7868
    8577       1.6696
    8578       1.7565
    8579       1.7349
    8580       1.8060
    8581       1.8628
    8582       1.8843
    8583       1.8688
    8584       1.7910
    8585       1.7629
    8586       1.8152
    8587       1.7868
    8588       1.8138
    8589       1.8108
    8590       1.9122
    8591       1.9240
    8592       1.8815
    8593       1.9512
    8594       1.9187
    8595       1.8973
    8596       1.7462
    8597       1.6484
    8598       1.6775
    8599       1.7406
    8600       1.8613
    8601       1.8371
    8602       1.8148
    8603       1.8177
    8604       1.8295
    8605       1.7463
    8606       1.8577
    8607       1.7519
    8608       1.8812
    8609       1.9571
    8610       1.8736
    8611       1.8908
    8612       1.8938
    8613       1.9657
    8614       1.9738
    8615       1.8586
    8616       1.8402
    8617       1.7586
    8618       1.8341
    8619       1.8742
    8620       1.9113
    8621       1.9166
    8622       1.9692
    8623       1.8904
    8624       1.8801
    8625       1.8319
    8626       1.6713
    8627       1.8354
    8628       1.8872
    8629       1.7876
    8630       1.6967
    8631       1.6615
    8632       1.7151
    8633       1.6980
    8634       1.7866
    8635       1.9481
    8636       1.8737
    8637       1.8357
    8638       1.7390
    8639       1.6947
    8640       1.6785
    8641       1.6646
    8642       1.6861
    8643       1.7944
    8644       1.6371
    8645       1.6189
    8646       1.7028
    8647       1.6562
    8648       1.5697
    8649       1.7324
    8650       1.7545
    8651       1.7656
    8652       1.7742
    8653       1.7361
    8654       1.8720
    8655       1.8794
    8656       1.6256
    8657       1.5509
    8658       1.6057
    8659       1.5478
    8660       1.6041
    8661       1.5626
    8662       1.5627
    8663       1.5924
    8664       1.7095
    8665       1.7011
    8666       1.6451
    8667       1.7320
    8668       1.9728
    8669       2.1593
    8670       2.1004
    8671       2.0967
    8672       1.9144
    8673       1.8127
    8674       1.9076
    8675       2.0037
    8676       1.8773
    8677       1.8057
    8678       1.9062
    8679       2.0670
    8680       2.0969
    8681       1.9862
    8682       2.1807
    8683       2.0803
    8684       2.1392
    8685       1.9512
    8686       2.0238
    8687       1.9384
    8688       2.1225
    8689       1.9753
    8690       1.9869
    8691       1.9693
    8692       1.9798
    8693       1.7268
    8694       1.8939
    8695       1.7563
    8696       1.7262
    8697       1.8794
    8698       1.9092
    8699       1.9162
    8700       1.8052
    8701       1.8975
    8702       1.9427
    8703       1.9046
    8704       1.9237
    8705       1.8208
    8706       1.9411
    8707       1.9132
    8708       1.8773
    8709       1.8991
    8710       1.7435
    8711       1.7631
    8712       1.8769
    8713       2.0057
    8714       1.8367
    8715       1.7839
    8716       1.7426
    8717       1.6852
    8718       1.6201
    8719       1.6738
    8720       1.7203
    8721       1.7285
    8722       1.7597
    8723       1.7083
    8724       1.7671
    8725       1.7579
    8726       1.6905
    8727       1.8527
    8728       1.7466
    8729       1.8218
    8730       1.6572
    8731       1.5585
    8732       1.6269
    8733       1.6827
    8734       1.6209
    8735       1.7119
    8736       1.6672
    8737       1.6794
    8738       1.6645
    8739       1.7545
    8740       1.7361
    8741       1.5961
    8742       1.6792
    8743       1.7321
    8744       1.7630
    8745       1.7264
    8746       1.6295
    8747       1.6358
    8748       1.6416
    8749       1.6354
    8750       1.7492
    8751       1.7190
    8752       1.6878
    8753       1.6986
    8754       1.7300
    8755       1.6514
    8756       1.6159
    8757       1.6403
    8758       1.6225
    8759       1.5773
    8760       1.5086
    8761       1.5371
    8762       1.6566
    8763       1.7063
    8764       1.6335
    8765       1.5755
    8766       1.5947
    8767       1.5861
    8768       1.7136
    8769       1.6902
    8770       1.7177
    8771       1.6395
    8772       1.6842
    8773       1.6742
    8774       1.7417
    8775       1.8200
    8776       1.8099
    8777       1.7332
    8778       1.6912
    8779       1.6976
    8780       1.8062
    8781       1.7330
    8782       1.7734
    8783       1.6554
    8784       1.6079
    8785       1.6101
    8786       1.5603
    8787       1.5680
    8788       1.4977
    8789       1.6086
    8790       1.5788
    8791       1.5355
    8792       1.6628
    8793       1.6115
    8794       1.6447
    8795       1.5811
    8796       1.6774
    8797       1.6279
    8798       1.6938
    8799       1.6285
    8800       1.6532
    8801       1.6137
    8802       1.6067
    8803       1.6759
    8804       1.7124
    8805       1.6892
    8806       1.7970
    8807       1.7381
    8808       1.7326
    8809       1.7079
    8810       1.5379
    8811       1.5295
    8812       1.4542
    8813       1.5874
    8814       1.6336
    8815       1.5829
    8816       1.6854
    8817       1.6136
    8818       1.7472
    8819       1.5816
    8820       1.6749
    8821       1.5665
    8822       1.5508
    8823       1.6108
    8824       1.6325
    8825       1.6894
    8826       1.8100
    8827       1.8192
    8828       1.8204
    8829       1.9193
    8830       1.7486
    8831       1.8330
    8832       1.7836
    8833       1.8516
    8834       2.0197
    8835       1.9245
    8836       1.8542
    8837       1.8556
    8838       1.7838
    8839       1.8313
    8840       1.7973
    8841       1.8529
    8842       2.0276
    8843       1.8455
    8844       1.9270
    8845       1.8265
    8846       1.7562
    8847       1.8305
    8848       1.9769
    8849       1.9127
    8850       1.8020
    8851       1.9871
    8852       2.0524
    8853       1.9892
    8854       1.9266
    8855       2.0862
    8856       2.0023
    8857       2.1092
    8858       2.1090
    8859       2.0195
    8860       2.0323
    8861       1.9640
    8862       1.9331
    8863       2.0590
    8864       2.0547
    8865       2.0565
    8866       2.0818
    8867       2.1354
    8868       2.2925
    8869       2.1563
    8870       2.1092
    8871       2.0483
    8872       1.9857
    8873       1.9251
    8874       1.7904
    8875       1.7300
    8876       1.6435
    8877       1.7122
    8878       1.6647
    8879       1.8458
    8880       1.8839
    8881       1.8020
    8882       1.6647
    8883       1.7100
    8884       1.7539
    8885       1.7889
    8886       1.6670
    8887       1.7928
    8888       1.7379
    8889       1.7548
    8890       1.8890
    8891       1.8679
    8892       1.8583
    8893       1.9365
    8894       1.8980
    8895       1.8788
    8896       1.8910
    8897       1.8760
    8898       1.6936
    8899       1.6228
    8900       1.6475
    8901       1.6687
    8902       1.7592
    8903       1.7488
    8904       1.7334
    8905       1.8052
    8906       1.7529
    8907       1.6869
    8908       1.5889
    8909       1.6077
    8910       1.7080
    8911       1.7069
    8912       1.5524
    8913       1.5998
    8914       1.5959
    8915       1.5514
    8916       1.5946
    8917       1.6365
    8918       1.7215
    8919       1.6304
    8920       1.6560
    8921       1.6582
    8922       1.5447
    8923       1.6208
    8924       1.6034
    8925       1.5755
    8926       1.7105
    8927       1.6354
    8928       1.5842
    8929       1.7405
    8930       1.6113
    8931       1.5818
    8932       1.5916
    8933       1.5879
    8934       1.5981
    8935       1.5559
    8936       1.6163
    8937       1.6358
    8938       1.5503
    8939       1.6194
    8940       1.6645
    8941       1.5803
    8942       1.6003
    8943       1.5845
    8944       1.5196
    8945       1.5143
    8946       1.6086
    8947       1.6714
    8948       1.6579
    8949       1.8130
    8950       1.7378
    8951       1.7689
    8952       1.6225
    8953       1.7563
    8954       1.7065
    8955       1.7757
    8956       1.7437
    8957       1.5963
    8958       1.7270
    8959       1.7366
    8960       1.6896
    8961       1.6675
    8962       1.5809
    8963       1.6307
    8964       1.4628
    8965       1.6500
    8966       1.5717
    8967       1.6141
    8968       1.7000
    8969       1.6521
    8970       1.7236
    8971       1.7806
    8972       1.9071
    8973       1.8646
    8974       1.9004
    8975       1.9260
    8976       1.8292
    8977       1.7595
    8978       1.7525
    8979       1.8873
    8980       1.7973
    8981       1.6959
    8982       1.7493
    8983       1.7726
    8984       1.8505
    8985       1.9607
    8986       1.9128
    8987       1.9531
    8988       1.8677
    8989       1.8178
    8990       1.8038
    8991       1.8177
    8992       1.7819
    8993       1.8183
    8994       1.8207
    8995       1.8146
    8996       1.9276
    8997       1.9063
    8998       1.8871
    8999       1.9602
    9000       1.9005
    9001       1.9730
    9002       2.1222
    9003       2.0687
    9004       2.0015
    9005       1.9055
    9006       1.9178
    9007       1.8873
    9008       1.8018
    9009       1.7423
    9010       1.7143
    9011       1.7487
    9012       1.7310
    9013       1.8029
    9014       1.6887
    9015       1.7783
    9016       1.6874
    9017       1.8283
    9018       1.7588
    9019       1.6629
    9020       1.6607
    9021       1.7221
    9022       1.7569
    9023       1.7675
    9024       1.7464
    9025       1.6186
    9026       1.7211
    9027       1.6461
    9028       1.6351
    9029       1.7130
    9030       1.8221
    9031       1.8807
    9032       1.6698
    9033       1.7705
    9034       1.8739
    9035       1.9096
    9036       2.0817
    9037       2.1124
    9038       1.9640
    9039       1.7335
    9040       1.7186
    9041       1.6674
    9042       1.7439
    9043       1.5629
    9044       1.6693
    9045       1.6204
    9046       1.6073
    9047       1.7419
    9048       1.6154
    9049       1.7667
    9050       1.7542
    9051       1.6607
    9052       1.6654
    9053       1.7076
    9054       1.7402
    9055       1.7306
    9056       1.6737
    9057       1.6526
    9058       1.6948
    9059       1.6346
    9060       1.5934
    9061       1.7760
    9062       1.9141
    9063       1.7359
    9064       1.7570
    9065       1.8150
    9066       1.8530
    9067       1.8320
    9068       1.7842
    9069       1.7916
    9070       1.5954
    9071       1.6200
    9072       1.6308
    9073       1.5511
    9074       1.5552
    9075       1.5303
    9076       1.6677
    9077       1.5691
    9078       1.6801
    9079       1.7250
    9080       1.6994
    9081       1.5551
    9082       1.7201
    9083       1.6234
    9084       1.7350
    9085       1.5648
    9086       1.7470
    9087       1.9191
    9088       1.8318
    9089       1.8278
    9090       1.7664
    9091       1.9565
    9092       2.0231
    9093       1.9373
    9094       1.9529
    9095       1.8537
    9096       1.7923
    9097       1.6019
    9098       1.6560
    9099       1.6724
    9100       1.6201
    9101       1.6059
    9102       1.6210
    9103       1.6178
    9104       1.5323
    9105       1.5653
    9106       1.7828
    9107       1.6661
    9108       1.8252
    9109       1.7563
    9110       1.5665
    9111       1.5987
    9112       1.5812
    9113       1.5734
    9114       1.5598
    9115       1.7747
    9116       1.7914
    9117       1.8244
    9118       1.8933
    9119       1.8615
    9120       1.8286
    9121       1.8423
    9122       1.8546
    9123       1.7906
    9124       1.8659
    9125       1.7054
    9126       1.6151
    9127       1.8180
    9128       1.9678
    9129       1.8667
    9130       2.0423
    9131       2.0215
    9132       2.1523
    9133       2.0184
    9134       1.9750
    9135       2.1047
    9136       1.9084
    9137       1.8696
    9138       1.8724
    9139       1.8545
    9140       1.9383
    9141       1.9895
    9142       1.6805
    9143       1.7086
    9144       1.6874
    9145       1.7213
    9146       1.6435
    9147       1.7285
    9148       1.7096
    9149       1.7234
    9150       1.7950
    9151       1.7708
    9152       1.6833
    9153       1.7701
    9154       1.6899
    9155       1.5720
    9156       1.6921
    9157       1.6942
    9158       1.7977
    9159       1.9208
    9160       1.9051
    9161       1.8578
    9162       1.9266
    9163       1.8202
    9164       1.8265
    9165       2.0021
    9166       1.8903
    9167       1.9387
    9168       1.9115
    9169       1.9646
    9170       1.9770
    9171       1.8677
    9172       1.9516
    9173       1.8090
    9174       1.6992
    9175       1.5515
    9176       1.7912
    9177       1.6815
    9178       1.5042
    9179       1.4552
    9180       1.6273
    9181       1.5641
    9182       1.7030
    9183       1.6679
    9184       1.6564
    9185       1.6571
    9186       1.6659
    9187       1.6235
    9188       1.7468
    9189       1.6567
    9190       1.6225
    9191       1.7456
    9192       1.8658
    9193       1.7901
    9194       1.9315
    9195       1.9147
    9196       1.9092
    9197       1.8313
    9198       1.8401
    9199       1.7764
    9200       1.9276
    9201       2.0402
    9202       2.2173
    9203       2.0701
    9204       1.9145
    9205       1.8486
    9206       1.8762
    9207       1.8238
    9208       1.7655
    9209       1.9412
    9210       2.2084
    9211       2.0704
    9212       2.0537
    9213       2.0591
    9214       2.2041
    9215       2.2478
    9216       2.0968
    9217       2.0641
    9218       1.9674
    9219       1.8648
    9220       1.7944
    9221       1.7052
    9222       1.5787
    9223       1.6535
    9224       1.8001
    9225       1.7878
    9226       1.9037
    9227       1.9089
    9228       1.8230
    9229       1.9234
    9230       1.9472
    9231       2.0218
    9232       2.1874
    9233       2.1514
    9234       2.0717
    9235       1.9287
    9236       1.9440
    9237       1.8311
    9238       1.7340
    9239       1.8028
    9240       1.8846
    9241       1.7796
    9242       1.6721
    9243       1.6152
    9244       1.6071
    9245       1.7008
    9246       1.8736
    9247       1.8341
    9248       1.7200
    9249       1.7609
    9250       1.7454
    9251       1.8102
    9252       1.8315
    9253       1.7572
    9254       1.8007
    9255       1.8668
    9256       1.7986
    9257       1.8574
    9258       1.8368
    9259       1.8808
    9260       1.7405
    9261       1.8337
    9262       1.8487
    9263       1.8593
    9264       1.6524
    9265       1.8137
    9266       1.6479
    9267       1.8150
    9268       1.9858
    9269       1.8154
    9270       1.9498
    9271       1.9516
    9272       1.6881
    9273       1.8206
    9274       1.7409
    9275       1.8293
    9276       1.7453
    9277       1.7160
    9278       1.8439
    9279       1.8525
    9280       1.9961
    9281       1.9983
    9282       2.1080
    9283       2.1804
    9284       2.0822
    9285       1.9707
    9286       1.9509
    9287       2.0667
    9288       2.1083
    9289       2.0832
    9290       1.9965
    9291       1.8619
    9292       2.0221
    9293       2.1138
    9294       2.0494
    9295       2.2485
    9296       2.1325
    9297       2.0144
    9298       1.8397
    9299       1.9989
    9300       1.9939
    9301       2.1856
    9302       2.1580
    9303       2.0844
    9304       2.1056
    9305       2.1765
    9306       2.0976
    9307       2.1573
    9308       2.1152
    9309       2.1801
    9310       2.1780
    9311       2.0541
    9312       2.1778
    9313       2.0491
    9314       2.2377
    9315       2.0955
    9316       2.0990
    9317       2.1186
    9318       2.1847
    9319       2.2293
    9320       2.1536
    9321       2.0813
    9322       2.0086
    9323       1.9310
    9324       1.8516
    9325       1.9375
    9326       1.8479
    9327       1.7495
    9328       1.8919
    9329       1.7636
    9330       2.0360
    9331       1.9352
    9332       1.8649
    9333       1.9047
    9334       1.8716
    9335       1.8816
    9336       1.7762
    9337       1.7022
    9338       1.8536
    9339       1.9162
    9340       2.0023
    9341       1.7772
    9342       1.8705
    9343       1.8936
    9344       1.9908
    9345       1.9265
    9346       1.9793
    9347       2.0967
    9348       2.0338
    9349       1.9571
    9350       2.0570
    9351       1.9190
    9352       2.2077
    9353       2.1779
    9354       2.2579
    9355       2.1415
    9356       2.1381
    9357       2.0112
    9358       1.9893
    9359       1.8464
    9360       1.9805
    9361       1.8208
    9362       1.7941
    9363       1.6854
    9364       1.6900
    9365       1.7841
    9366       1.7216
    9367       1.6729
    9368       1.8465
    9369       1.6824
    9370       1.7484
    9371       1.6634
    9372       1.7095
    9373       1.6592
    9374       1.7035
    9375       1.6266
    9376       1.6918
    9377       1.6529
    9378       1.5746
    9379       1.6634
    9380       1.6822
    9381       1.6246
    9382       1.4984
    9383       1.6264
    9384       1.8610
    9385       1.6626
    9386       1.7000
    9387       1.9411
    9388       1.9860
    9389       1.9423
    9390       1.8446
    9391       1.9352
    9392       2.0437
    9393       2.0633
    9394       1.9843
    9395       1.8402
    9396       1.9970
    9397       2.0530
    9398       2.1304
    9399       1.8413
    9400       1.9518
    9401       1.8849
    9402       1.8392
    9403       1.7707
    9404       1.8185
    9405       1.6894
    9406       1.6615
    9407       1.4981
    9408       1.6726
    9409       1.5551
    9410       1.6271
    9411       1.7309
    9412       1.8655
    9413       1.7087
    9414       1.6604
    9415       1.6009
    9416       1.7264
    9417       1.8760
    9418       2.0445
    9419       1.8875
    9420       1.8259
    9421       1.8830
    9422       1.9062
    9423       1.8019
    9424       1.7331
    9425       1.6362
    9426       1.7260
    9427       1.8837
    9428       1.9285
    9429       1.7961
    9430       1.7316
    9431       1.9907
    9432       1.8683
    9433       1.9415
    9434       1.9107
    9435       2.0466
    9436       1.8178
    9437       1.8654
    9438       1.8657
    9439       1.6868
    9440       1.6962
    9441       1.8459
    9442       1.6180
    9443       1.6593
    9444       1.7000
    9445       1.6132
    9446       1.5157
    9447       1.5324
    9448       1.6677
    9449       1.9131
    9450       1.8369
    9451       1.7236
    9452       1.7019
    9453       1.7402
    9454       1.7212
    9455       1.8519
    9456       1.7325
    9457       1.7371
    9458       1.8168
    9459       1.8007
    9460       1.9054
    9461       1.8576
    9462       2.0162
    9463       2.0271
    9464       1.9352
    9465       2.0598
    9466       2.1777
    9467       2.1820
    9468       2.0269
    9469       2.0982
    9470       1.9444
    9471       2.0313
    9472       1.8631
    9473       1.9565
    9474       1.7769
    9475       1.8545
    9476       1.8683
    9477       1.9376
    9478       1.9226
    9479       1.8087
    9480       1.7044
    9481       1.6624
    9482       1.8230
    9483       1.7575
    9484       1.7673
    9485       1.7801
    9486       1.6362
    9487       1.6574
    9488       1.7603
    9489       1.9547
    9490       2.0179
    9491       1.9350
    9492       2.0917
    9493       1.9187
    9494       1.9301
    9495       1.9408
    9496       1.9891
    9497       2.1383
    9498       2.0943
    9499       2.0794
    9500       2.1132
    9501       2.2112
    9502       2.2685
    9503       2.1909
    9504       2.1006
    9505       2.1529
    9506       2.0508
    9507       2.1096
    9508       1.9996
    9509       2.1453
    9510       2.1340
    9511       2.1749
    9512       2.1546
    9513       2.0505
    9514       2.1633
    9515       2.2257
    9516       2.1682
    9517       2.1429
    9518       2.0419
    9519       1.9902
    9520       2.0533
    9521       1.9760
    9522       2.0865
    9523       2.0948
    9524       2.0464
    9525       2.1594
    9526       2.1711
    9527       2.1443
    9528       2.0844
    9529       2.0028
    9530       1.9175
    9531       2.0044
    9532       1.9193
    9533       1.9301
    9534       1.7757
    9535       1.9903
    9536       2.0169
    9537       2.0223
    9538       1.9784
    9539       2.0253
    9540       1.9995
    9541       2.0326
    9542       1.9808
    9543       1.9165
    9544       1.8607
    9545       1.9147
    9546       2.0774
    9547       1.9498
    9548       1.9907
    9549       1.9170
    9550       1.8825
    9551       1.7871
    9552       1.8480
    9553       1.8152
    9554       1.7917
    9555       1.7968
    9556       1.9891
    9557       2.1196
    9558       1.9034
    9559       1.7778
    9560       1.7390
    9561       1.7993
    9562       1.8031
    9563       1.6858
    9564       1.6299
    9565       1.7331
    9566       1.7552
    9567       1.7532
    9568       1.7966
    9569       1.9813
    9570       2.0044
    9571       2.0269
    9572       1.9823
    9573       2.0530
    9574       2.0322
    9575       1.8724
    9576       1.9651
    9577       1.9914
    9578       1.8991
    9579       1.9545
    9580       1.8659
    9581       1.7971
    9582       1.8315
    9583       1.7739
    9584       1.7558
    9585       1.8286
    9586       1.7354
    9587       1.7742
    9588       1.7658
    9589       1.8130
    9590       1.7264
    9591       1.8109
    9592       1.8628
    9593       1.9848
    9594       1.9553
    9595       2.1276
    9596       2.1327
    9597       2.2134
    9598       2.0114
    9599       2.0550
    9600       1.8684
    9601       1.9238
    9602       1.9045
    9603       2.1658
    9604       2.1072
    9605       1.9135
    9606       2.0612
    9607       1.9841
    9608       2.0263
    9609       2.1400
    9610       2.0125
    9611       2.0422
    9612       2.0814
    9613       2.0553
    9614       2.1105
    9615       2.0344
    9616       1.8515
    9617       1.8261
    9618       1.8693
    9619       1.7684
    9620       1.8824
    9621       1.8601
    9622       1.8867
    9623       1.8745
    9624       1.7664
    9625       1.7122
    9626       1.6542
    9627       1.6636
    9628       1.5197
    9629       1.6199
    9630       1.6066
    9631       1.5649
    9632       1.5724
    9633       1.5198
    9634       1.4475
    9635       1.5679
    9636       1.3883
    9637       1.3916
    9638       1.5282
    9639       1.4372
    9640       1.6097
    9641       1.4039
    9642       1.5836
    9643       1.5706
    9644       1.5157
    9645       1.6826
    9646       1.6419
    9647       1.5157
    9648       1.5595
    9649       1.6400
    9650       1.8449
    9651       1.7349
    9652       1.6458
    9653       1.6595
    9654       1.7701
    9655       1.7673
    9656       1.6571
    9657       1.8276
    9658       1.7081
    9659       1.7513
    9660       1.8495
    9661       1.8190
    9662       1.7919
    9663       2.0159
    9664       1.8629
    9665       1.9620
    9666       1.9421
    9667       1.8897
    9668       1.7070
    9669       1.5579
    9670       1.6822
    9671       1.7028
    9672       1.6849
    9673       1.6697
    9674       1.5549
    9675       1.5463
    9676       1.5888
    9677       1.5767
    9678       1.6052
    9679       1.6688
    9680       1.6492
    9681       1.7266
    9682       1.6984
    9683       1.7927
    9684       1.6995
    9685       1.6125
    9686       1.5499
    9687       1.6269
    9688       1.7507
    9689       1.6470
    9690       1.7160
    9691       1.6595
    9692       1.7222
    9693       1.8102
    9694       1.9883
    9695       2.0022
    9696       2.0145
    9697       2.0063
    9698       2.0565
    9699       1.9719
    9700       1.7801
    9701       1.6631
    9702       1.7225
    9703       1.7073
    9704       1.4027
    9705       1.4580
    9706       1.3535
    9707       1.4810
    9708       1.4350
    9709       1.5430
    9710       1.5739
    9711       1.4947
    9712       1.4880
    9713       1.4939
    9714       1.5702
    9715       1.5704
    9716       1.5799
    9717       1.6041
    9718       1.6111
    9719       1.6486
    9720       1.6380
    9721       1.6525
    9722       1.8396
    9723       1.7637
    9724       1.6657
    9725       1.4785
    9726       1.5956
    9727       1.5448
    9728       1.5062
    9729       1.5110
    9730       1.5084
    9731       1.4453
    9732       1.5347
    9733       1.6119
    9734       1.7317
    9735       1.7014
    9736       1.7097
    9737       1.6699
    9738       1.6261
    9739       1.6279
    9740       1.5980
    9741       1.4664
    9742       1.4936
    9743       1.5566
    9744       1.5246
    9745       1.5841
    9746       1.6332
    9747       1.6972
    9748       1.6524
    9749       1.5519
    9750       1.6009
    9751       1.4734
    9752       1.6278
    9753       1.4653
    9754       1.6405
    9755       1.6325
    9756       1.6654
    9757       1.6146
    9758       1.6509
    9759       1.4699
    9760       1.5011
    9761       1.5502
    9762       1.6426
    9763       1.7308
    9764       1.5725
    9765       1.5938
    9766       1.6057
    9767       1.5966
    9768       1.5564
    9769       1.6750
    9770       1.5427
    9771       1.5641
    9772       1.5845
    9773       1.5959
    9774       1.7139
    9775       1.5317
    9776       1.6645
    9777       1.6416
    9778       1.6678
    9779       1.7011
    9780       1.7254
    9781       1.6823
    9782       1.7280
    9783       1.6645
    9784       1.8199
    9785       1.6859
    9786       1.8224
    9787       1.7275
    9788       1.7216
    9789       1.7339
    9790       1.6527
    9791       1.8274
    9792       1.7321
    9793       1.7340
    9794       1.7241
    9795       1.7630
    9796       1.6661
    9797       1.6763
    9798       1.5657
    9799       1.6254
    9800       1.5835
    9801       1.6694
    9802       1.6664
    9803       1.6620
    9804       1.6672
    9805       1.6982
    9806       1.7282
    9807       1.8207
    9808       1.7050
    9809       1.6686
    9810       1.7640
    9811       1.7220
    9812       1.6961
    9813       1.6372
    9814       1.6254
    9815       1.6514
    9816       1.5663
    9817       1.5361
    9818       1.4623
    9819       1.5128
    9820       1.6007
    9821       1.5522
    9822       1.5925
    9823       1.6219
    9824       1.7253
    9825       1.7681
    9826       1.6886
    9827       1.6966
    9828       1.6102
    9829       1.5356
    9830       1.4960
    9831       1.4158
    9832       1.5308
    9833       1.6387
    9834       1.5224
    9835       1.5115
    9836       1.4080
    9837       1.3094
    9838       1.4477
    9839       1.4627
    9840       1.5209
    9841       1.5215
    9842       1.5225
    9843       1.3448
    9844       1.4312
    9845       1.5011
    9846       1.5267
    9847       1.5758
    9848       1.5021
    9849       1.4927
    9850       1.5604
    9851       1.5187
    9852       1.5066
    9853       1.5446
    9854       1.5095
    9855       1.5692
    9856       1.5333
    9857       1.6528
    9858       1.6907
    9859       1.4754
    9860       1.5835
    9861       1.5829
    9862       1.6274
    9863       1.5885
    9864       1.6436
    9865       1.5601
    9866       1.4833
    9867       1.5897
    9868       1.4987
    9869       1.5048
    9870       1.5557
    9871       1.5574
    9872       1.6840
    9873       1.6092
    9874       1.7702
    9875       1.5453
    9876       1.4888
    9877       1.5382
    9878       1.5124
    9879       1.4309
    9880       1.4612
    9881       1.4016
    9882       1.4061
    9883       1.4820
    9884       1.4699
    9885       1.4784
    9886       1.5262
    9887       1.5601
    9888       1.5913
    9889       1.6700
    9890       1.6153
    9891       1.5836
    9892       1.5501
    9893       1.7829
    9894       1.7718
    9895       1.7814
    9896       1.6256
    9897       1.5110
    9898       1.6122
    9899       1.6364
    9900       1.5670
    9901       1.5142
    9902       1.5657
    9903       1.4902
    9904       1.6375
    9905       1.6019
    9906       1.5049
    9907       1.6144
    9908       1.5194
    9909       1.4174
    9910       1.4773
    9911       1.4722
    9912       1.4645
    9913       1.4094
    9914       1.4546
    9915       1.4508
    9916       1.4039
    9917       1.5486
    9918       1.6144
    9919       1.5798
    9920       1.5516
    9921       1.5456
    9922       1.6615
    9923       1.5102
    9924       1.5046
    9925       1.4406
    9926       1.5247
    9927       1.4026
    9928       1.4874
    9929       1.5631
    9930       1.4585
    9931       1.4204
    9932       1.4872
    9933       1.4858
    9934       1.3908
    9935       1.4589
    9936       1.5110
    9937       1.5426
    9938       1.7019
    9939       1.6370
    9940       1.7555
    9941       1.6970
    9942       1.4754
    9943       1.5384
    9944       1.6259
    9945       1.5069
    9946       1.5307
    9947       1.4428
    9948       1.5305
    9949       1.5797
    9950       1.6017
    9951       1.5254
    9952       1.5758
    9953       1.5768
    9954       1.4755
    9955       1.3739
    9956       1.2904
    9957       1.4319
    9958       1.2928
    9959       1.3376
    9960       1.3797
    9961       1.4356
    9962       1.4313
    9963       1.4698
    9964       1.4683
    9965       1.6599
    9966       1.5780
    9967       1.5364
    9968       1.6413
    9969       1.6635
    9970       1.5371
    9971       1.5396
    9972       1.4865
    9973       1.4704
    9974       1.5083
    9975       1.5264
    9976       1.4923
    9977       1.5198
    9978       1.5510
    9979       1.6095
    9980       1.5673
    9981       1.5731
    9982       1.5360
    9983       1.5705
    9984       1.5859
    9985       1.4580
    9986       1.2793
    9987       1.4520
    9988       1.4022
    9989       1.4860
    9990       1.4339
    9991       1.3953
    9992       1.5080
    9993       1.4873
    9994       1.3690
    9995       1.4323
    9996       1.4451
    9997       1.5182
    9998       1.5331
    9999       1.6187
   10000       1.6414
