#Frame     RMSD_00002
       1       0.0000
       2       0.6983
       3       0.9483
       4       1.2021
       5       1.2841
       6       1.4008
       7       1.3338
       8       1.5074
       9       1.4741
      10       1.4309
      11       1.4215
      12       1.4643
      13       1.2808
      14       1.3120
      15       1.2501
      16       1.1605
      17       1.3407
      18       1.4781
      19       1.5128
      20       1.5733
      21       1.4622
      22       1.3541
      23       1.4955
      24       1.4191
      25       1.4271
      26       1.3606
      27       1.3322
      28       1.3535
      29       1.4495
      30       1.4415
      31       1.4786
      32       1.3377
      33       1.5260
      34       1.4261
      35       1.5883
      36       1.6946
      37       1.7878
      38       1.5573
      39       1.7458
      40       1.7510
      41       1.7301
      42       1.5682
      43       1.5372
      44       1.5474
      45       1.5391
      46       1.5603
      47       1.6351
      48       1.8205
      49       1.8763
      50       1.9504
      51       1.7645
      52       1.7974
      53       1.6275
      54       1.6424
      55       1.5956
      56       1.4506
      57       1.4772
      58       1.4526
      59       1.5039
      60       1.5132
      61       1.6537
      62       1.6016
      63       1.5153
      64       1.6170
      65       1.6397
      66       1.5893
      67       1.5589
      68       1.5922
      69       1.7569
      70       1.6796
      71       1.8549
      72       1.7150
      73       1.7265
      74       1.7337
      75       1.5860
      76       1.8324
      77       1.7662
      78       1.7863
      79       1.8426
      80       1.8543
      81       1.7754
      82       1.8755
      83       1.7916
      84       1.8756
      85       1.7981
      86       1.6414
      87       1.7499
      88       1.5857
      89       1.5016
      90       1.7007
      91       1.6722
      92       1.6077
      93       1.7293
      94       1.9075
      95       1.8220
      96       1.8395
      97       1.9471
      98       2.0455
      99       1.8162
     100       1.8438
     101       1.9878
     102       1.9800
     103       1.8644
     104       1.8123
     105       1.9106
     106       1.9524
     107       1.9664
     108       1.9677
     109       1.9008
     110       1.7109
     111       1.9000
     112       1.9798
     113       1.9632
     114       1.9018
     115       1.8449
     116       1.8810
     117       1.8815
     118       1.8822
     119       1.8676
     120       1.9945
     121       2.0613
     122       2.0257
     123       1.9500
     124       1.9521
     125       1.8736
     126       1.8113
     127       1.7562
     128       2.1542
     129       2.2315
     130       1.9302
     131       1.9005
     132       1.9602
     133       2.1588
     134       2.2458
     135       2.3089
     136       2.4446
     137       2.3749
     138       2.2763
     139       2.5044
     140       2.4016
     141       2.2428
     142       2.0907
     143       2.1100
     144       2.1337
     145       2.0473
     146       1.9862
     147       2.0374
     148       1.9265
     149       2.3258
     150       2.4151
     151       2.4321
     152       2.4942
     153       2.3544
     154       2.3736
     155       2.3048
     156       2.3542
     157       2.2487
     158       2.1303
     159       2.0721
     160       2.0072
     161       2.1407
     162       2.1257
     163       2.0558
     164       2.0427
     165       1.9168
     166       2.0347
     167       2.1124
     168       2.1600
     169       2.2202
     170       2.3498
     171       2.3949
     172       2.5375
     173       2.4540
     174       2.2869
     175       2.2430
     176       2.3954
     177       2.6468
     178       2.5523
     179       2.5843
     180       2.5408
     181       2.1548
     182       2.2547
     183       2.2138
     184       2.3140
     185       2.3219
     186       2.2139
     187       2.3798
     188       2.3319
     189       2.4113
     190       2.1641
     191       2.3548
     192       2.1619
     193       2.2292
     194       2.2399
     195       2.3644
     196       2.5893
     197       2.4340
     198       2.5503
     199       2.4090
     200       2.5787
     201       2.4965
     202       2.4676
     203       2.1071
     204       2.2560
     205       2.2002
     206       2.3391
     207       2.2106
     208       2.4466
     209       2.4179
     210       2.5070
     211       2.2927
     212       2.2264
     213       2.2006
     214       2.1107
     215       2.2776
     216       2.3862
     217       2.3276
     218       2.3751
     219       2.3356
     220       2.1074
     221       2.2860
     222       2.3403
     223       2.5757
     224       2.6061
     225       2.7133
     226       2.7834
     227       2.6640
     228       2.7176
     229       2.7633
     230       2.5578
     231       2.4904
     232       2.6236
     233       2.6105
     234       2.7399
     235       2.4568
     236       2.3050
     237       2.1262
     238       2.0212
     239       2.1032
     240       2.4164
     241       2.2092
     242       2.3461
     243       2.2959
     244       2.2212
     245       2.4642
     246       2.2846
     247       2.3387
     248       2.2738
     249       2.5500
     250       2.6391
     251       2.4981
     252       2.5761
     253       2.8108
     254       2.8536
     255       2.7431
     256       2.8605
     257       2.5717
     258       2.3934
     259       2.4184
     260       2.4637
     261       2.3313
     262       2.1648
     263       2.2562
     264       2.4382
     265       2.5700
     266       2.5043
     267       2.6822
     268       2.6432
     269       2.5263
     270       2.5868
     271       2.4502
     272       2.6417
     273       2.7160
     274       2.8377
     275       2.9834
     276       2.9319
     277       2.6490
     278       2.6028
     279       2.6864
     280       2.6104
     281       2.2244
     282       2.4429
     283       2.3764
     284       2.4422
     285       2.4866
     286       2.4764
     287       2.1611
     288       2.0832
     289       2.2731
     290       2.2753
     291       2.1721
     292       2.2095
     293       2.2924
     294       2.2140
     295       2.2590
     296       2.6652
     297       2.5473
     298       2.5047
     299       2.4387
     300       2.2065
     301       2.0972
     302       2.0924
     303       2.1746
     304       2.0897
     305       1.9970
     306       1.9783
     307       1.7456
     308       1.8106
     309       1.8111
     310       2.0905
     311       2.0236
     312       2.1605
     313       2.1492
     314       2.0039
     315       2.0814
     316       1.7744
     317       1.7936
     318       1.8317
     319       1.7932
     320       1.7929
     321       1.8393
     322       1.8551
     323       1.9489
     324       1.8589
     325       1.9539
     326       1.8675
     327       1.8777
     328       1.8738
     329       2.0314
     330       2.0972
     331       1.9131
     332       1.8901
     333       1.8888
     334       1.7578
     335       1.7312
     336       1.6640
     337       1.6358
     338       1.6284
     339       1.7634
     340       1.7847
     341       1.8428
     342       1.8894
     343       1.9540
     344       1.8784
     345       2.0268
     346       1.9200
     347       1.8774
     348       1.8680
     349       1.6715
     350       1.5535
     351       1.6926
     352       1.6378
     353       1.6059
     354       1.6371
     355       1.5236
     356       1.3870
     357       1.4867
     358       1.5113
     359       1.4325
     360       1.4234
     361       1.3175
     362       1.4317
     363       1.4438
     364       1.5276
     365       1.4806
     366       1.4883
     367       1.4794
     368       1.4380
     369       1.3664
     370       1.4792
     371       1.4751
     372       1.3915
     373       1.4547
     374       1.4569
     375       1.6610
     376       1.6079
     377       1.7275
     378       1.6898
     379       1.7365
     380       1.8568
     381       1.8370
     382       1.8499
     383       1.7250
     384       1.6814
     385       1.7434
     386       1.6929
     387       1.7165
     388       1.5469
     389       1.7337
     390       1.6951
     391       1.6724
     392       1.7333
     393       1.6550
     394       1.6069
     395       1.5743
     396       1.5951
     397       1.5449
     398       1.5751
     399       1.5626
     400       1.5649
     401       1.5902
     402       1.7090
     403       1.7648
     404       1.7632
     405       1.6871
     406       1.6555
     407       1.5798
     408       1.6394
     409       1.5825
     410       1.6880
     411       1.5690
     412       1.5367
     413       1.5754
     414       1.4192
     415       1.5112
     416       1.4387
     417       1.5211
     418       1.4087
     419       1.4298
     420       1.4416
     421       1.3849
     422       1.3007
     423       1.3712
     424       1.5187
     425       1.4751
     426       1.4864
     427       1.4835
     428       1.5718
     429       1.6556
     430       1.6176
     431       1.5793
     432       1.6749
     433       1.6750
     434       1.6289
     435       1.6723
     436       1.5930
     437       1.6366
     438       1.5862
     439       1.5757
     440       1.5293
     441       1.5092
     442       1.4384
     443       1.6279
     444       1.6381
     445       1.5238
     446       1.5605
     447       1.5226
     448       1.4117
     449       1.3937
     450       1.4624
     451       1.4518
     452       1.4422
     453       1.6180
     454       1.7765
     455       1.6938
     456       1.7585
     457       1.8168
     458       1.8970
     459       1.8649
     460       1.8645
     461       1.6800
     462       1.6952
     463       1.6373
     464       1.5979
     465       1.6499
     466       1.6673
     467       1.7001
     468       1.8560
     469       1.6186
     470       1.6520
     471       1.6014
     472       1.7211
     473       1.8077
     474       1.8125
     475       1.7342
     476       1.6789
     477       1.7399
     478       1.9448
     479       1.8862
     480       1.7507
     481       1.7250
     482       1.8313
     483       1.9277
     484       1.8206
     485       1.8616
     486       1.9088
     487       1.8914
     488       1.9097
     489       1.6838
     490       1.7687
     491       1.8708
     492       1.8478
     493       1.6361
     494       1.7681
     495       1.7539
     496       1.7087
     497       1.7348
     498       1.6384
     499       1.7240
     500       1.7285
     501       1.7380
     502       1.7045
     503       1.7532
     504       1.7336
     505       1.6997
     506       1.8366
     507       1.7368
     508       1.7460
     509       1.7665
     510       1.6574
     511       1.5379
     512       1.6535
     513       1.5114
     514       1.5315
     515       1.6902
     516       1.7735
     517       1.8828
     518       1.9027
     519       1.8829
     520       1.7427
     521       1.8092
     522       1.7981
     523       1.8367
     524       1.7289
     525       1.7034
     526       1.6972
     527       1.7673
     528       1.7500
     529       1.7366
     530       1.8689
     531       1.7810
     532       1.6237
     533       1.7769
     534       1.7665
     535       1.7263
     536       1.6161
     537       1.6295
     538       1.6972
     539       1.7577
     540       1.7875
     541       1.9008
     542       1.9930
     543       1.9331
     544       2.0685
     545       1.9762
     546       1.8133
     547       1.7222
     548       1.7499
     549       1.5528
     550       1.6173
     551       1.5644
     552       1.6871
     553       1.6888
     554       1.5648
     555       1.4779
     556       1.4681
     557       1.4628
     558       1.5012
     559       1.5233
     560       1.5540
     561       1.4792
     562       1.4693
     563       1.4461
     564       1.4482
     565       1.5453
     566       1.4645
     567       1.5193
     568       1.4497
     569       1.5039
     570       1.5190
     571       1.4907
     572       1.5175
     573       1.5255
     574       1.6091
     575       1.5863
     576       1.5196
     577       1.5124
     578       1.6218
     579       1.7354
     580       1.6776
     581       1.5938
     582       1.6025
     583       1.5596
     584       1.5741
     585       1.7629
     586       1.6646
     587       1.7059
     588       1.7342
     589       1.6968
     590       1.6403
     591       1.7369
     592       1.7390
     593       1.7092
     594       1.7756
     595       1.9292
     596       1.7828
     597       1.7989
     598       1.7858
     599       1.7643
     600       1.8545
     601       1.8519
     602       1.8617
     603       1.8359
     604       1.8521
     605       1.7554
     606       1.7016
     607       1.5817
     608       1.7031
     609       1.6213
     610       1.5222
     611       1.6165
     612       1.6943
     613       1.8071
     614       1.6374
     615       1.5113
     616       1.6117
     617       1.6521
     618       1.5590
     619       1.7371
     620       1.6859
     621       1.7286
     622       1.6454
     623       1.7472
     624       1.7145
     625       1.9012
     626       1.8899
     627       1.7571
     628       1.6465
     629       1.7359
     630       1.6614
     631       1.7400
     632       1.7614
     633       1.7477
     634       1.6094
     635       1.7713
     636       1.9283
     637       1.7289
     638       1.8033
     639       1.8225
     640       1.7970
     641       1.9608
     642       1.6544
     643       1.5882
     644       1.6685
     645       1.7676
     646       1.7410
     647       1.7534
     648       1.5360
     649       1.5404
     650       1.6442
     651       1.6517
     652       1.7276
     653       1.5699
     654       1.5580
     655       1.6716
     656       1.6074
     657       1.5521
     658       1.4555
     659       1.4186
     660       1.5251
     661       1.5811
     662       1.6077
     663       1.5889
     664       1.6729
     665       1.5999
     666       1.6847
     667       1.5967
     668       1.7303
     669       1.6758
     670       1.7435
     671       1.7364
     672       1.6799
     673       1.7082
     674       1.7512
     675       1.6921
     676       1.6749
     677       1.6507
     678       1.6828
     679       1.6668
     680       1.6422
     681       1.7177
     682       1.7132
     683       1.5628
     684       1.5565
     685       1.6140
     686       1.7121
     687       1.8906
     688       1.7731
     689       1.7539
     690       1.7221
     691       1.7348
     692       1.7882
     693       1.8424
     694       1.8028
     695       1.6867
     696       1.5505
     697       1.5549
     698       1.6005
     699       1.6794
     700       1.5419
     701       1.6949
     702       1.7183
     703       1.6882
     704       1.7190
     705       1.7698
     706       1.7478
     707       1.6769
     708       1.6935
     709       1.7721
     710       1.6489
     711       1.8090
     712       1.7073
     713       1.6803
     714       1.6848
     715       1.6143
     716       1.7354
     717       1.8336
     718       1.7745
     719       1.7774
     720       1.8148
     721       1.7257
     722       1.7495
     723       1.6914
     724       1.7462
     725       1.6813
     726       1.7900
     727       1.8023
     728       1.6544
     729       1.6377
     730       1.7509
     731       1.7094
     732       1.7440
     733       1.6966
     734       1.5302
     735       1.6205
     736       1.7021
     737       1.6461
     738       1.7131
     739       1.9330
     740       1.9279
     741       1.9188
     742       1.8411
     743       1.8411
     744       1.7080
     745       1.7325
     746       1.8152
     747       1.8202
     748       1.7632
     749       1.8107
     750       1.8059
     751       1.7763
     752       1.7712
     753       1.6525
     754       1.6317
     755       1.5796
     756       1.5491
     757       1.5797
     758       1.5936
     759       1.6868
     760       1.6543
     761       1.6299
     762       1.7879
     763       1.8739
     764       1.8419
     765       1.8474
     766       1.7206
     767       1.6645
     768       1.6654
     769       1.7371
     770       1.6402
     771       1.6308
     772       1.6006
     773       1.5944
     774       1.7073
     775       1.5049
     776       1.5515
     777       1.5693
     778       1.7914
     779       1.6742
     780       1.6131
     781       1.6440
     782       1.7505
     783       1.7589
     784       1.7384
     785       1.8003
     786       1.8378
     787       1.7754
     788       1.8133
     789       1.6940
     790       1.6887
     791       1.8575
     792       1.9385
     793       1.8982
     794       1.7968
     795       1.6740
     796       1.7110
     797       1.6480
     798       1.6537
     799       1.7063
     800       1.6657
     801       1.5364
     802       1.5634
     803       1.5693
     804       1.6660
     805       1.7686
     806       1.7598
     807       1.7681
     808       1.8605
     809       1.7376
     810       1.9021
     811       1.6633
     812       1.8176
     813       1.6479
     814       1.7131
     815       1.6042
     816       1.7188
     817       1.7856
     818       1.9539
     819       1.9977
     820       2.0295
     821       1.9720
     822       1.8831
     823       1.7443
     824       1.7624
     825       1.8470
     826       1.9509
     827       1.8756
     828       1.9859
     829       1.9508
     830       2.1478
     831       2.1295
     832       1.9779
     833       1.7943
     834       1.8818
     835       2.0840
     836       2.1349
     837       2.5394
     838       2.3439
     839       2.0549
     840       2.0726
     841       2.0942
     842       2.3723
     843       2.4868
     844       2.2744
     845       2.2844
     846       2.1704
     847       2.2602
     848       1.8864
     849       2.1142
     850       1.8445
     851       1.8611
     852       1.9860
     853       1.9915
     854       1.8826
     855       1.7143
     856       1.6815
     857       1.7095
     858       1.7844
     859       1.8412
     860       1.8119
     861       1.7583
     862       1.8566
     863       2.0589
     864       2.0551
     865       1.8629
     866       1.8863
     867       1.9739
     868       2.1457
     869       1.8955
     870       1.8304
     871       2.0618
     872       2.0674
     873       1.9908
     874       1.9909
     875       2.1889
     876       2.0383
     877       1.9379
     878       2.0845
     879       2.1283
     880       2.2807
     881       2.1744
     882       2.2216
     883       2.1452
     884       2.1266
     885       2.0605
     886       2.0326
     887       2.0534
     888       2.0868
     889       2.3312
     890       2.1791
     891       2.5115
     892       2.6267
     893       2.4863
     894       2.3715
     895       2.2233
     896       2.1623
     897       2.1675
     898       2.1232
     899       2.0261
     900       1.9531
     901       1.8809
     902       1.9111
     903       1.8465
     904       1.7839
     905       1.9038
     906       1.9735
     907       2.0276
     908       1.9275
     909       1.8736
     910       1.9523
     911       1.9266
     912       2.0327
     913       1.7387
     914       1.8191
     915       1.9225
     916       1.9505
     917       1.9492
     918       1.9223
     919       1.9798
     920       1.7912
     921       1.9096
     922       1.7215
     923       1.6428
     924       1.6304
     925       1.8283
     926       1.8802
     927       1.9641
     928       2.0454
     929       2.0421
     930       2.0593
     931       2.0779
     932       1.8231
     933       1.8097
     934       1.8050
     935       1.6603
     936       1.6351
     937       1.7094
     938       1.7590
     939       1.8555
     940       1.7833
     941       1.9363
     942       1.8959
     943       2.1008
     944       2.2008
     945       2.0039
     946       1.9522
     947       1.9255
     948       1.8903
     949       1.8867
     950       1.8471
     951       2.0106
     952       1.9178
     953       1.9788
     954       1.9351
     955       1.9353
     956       2.0453
     957       1.8650
     958       1.9115
     959       1.7691
     960       1.7329
     961       1.7592
     962       1.6966
     963       1.5974
     964       1.7121
     965       1.8128
     966       1.6683
     967       1.6755
     968       1.7782
     969       1.8326
     970       1.6391
     971       1.5950
     972       1.5785
     973       1.7628
     974       1.7901
     975       1.7406
     976       1.8452
     977       1.8701
     978       1.8988
     979       1.7967
     980       1.8202
     981       1.9278
     982       1.9336
     983       1.8667
     984       1.8323
     985       1.7883
     986       1.7217
     987       1.8233
     988       1.8642
     989       1.8765
     990       1.8338
     991       1.6493
     992       1.5821
     993       1.6159
     994       1.7031
     995       1.8459
     996       1.7180
     997       1.8161
     998       1.8989
     999       1.9855
    1000       2.1816
    1001       1.9801
    1002       1.9312
    1003       1.9394
    1004       1.9127
    1005       1.8789
    1006       2.0153
    1007       2.0210
    1008       1.8272
    1009       1.8296
    1010       1.8279
    1011       1.9171
    1012       2.1941
    1013       2.2189
    1014       2.1749
    1015       2.1495
    1016       2.2246
    1017       2.2876
    1018       2.3414
    1019       2.3686
    1020       2.2220
    1021       2.3124
    1022       2.1617
    1023       2.2921
    1024       2.2481
    1025       2.2039
    1026       2.1219
    1027       2.2599
    1028       2.0477
    1029       2.0610
    1030       1.9730
    1031       1.9772
    1032       1.8133
    1033       2.0949
    1034       2.1556
    1035       2.0260
    1036       1.8580
    1037       1.7464
    1038       1.9814
    1039       2.0096
    1040       1.8073
    1041       1.8603
    1042       1.8358
    1043       1.8080
    1044       1.8296
    1045       1.7548
    1046       1.6606
    1047       1.7627
    1048       1.9728
    1049       1.8184
    1050       1.8846
    1051       1.7541
    1052       1.6834
    1053       1.6392
    1054       1.7859
    1055       1.8248
    1056       1.7561
    1057       1.8271
    1058       1.7900
    1059       1.8246
    1060       1.7746
    1061       1.6553
    1062       1.7953
    1063       1.6557
    1064       1.7457
    1065       1.7833
    1066       1.8181
    1067       1.7555
    1068       1.8243
    1069       1.7475
    1070       1.6975
    1071       1.8439
    1072       1.7644
    1073       1.7568
    1074       1.8053
    1075       1.8070
    1076       1.7945
    1077       1.9397
    1078       1.8900
    1079       1.9023
    1080       1.8868
    1081       1.8880
    1082       1.7934
    1083       1.8290
    1084       1.5973
    1085       1.6948
    1086       1.6970
    1087       1.6978
    1088       1.8358
    1089       1.9494
    1090       1.9944
    1091       1.9736
    1092       2.0672
    1093       2.0341
    1094       1.9328
    1095       2.0946
    1096       2.0208
    1097       2.0022
    1098       1.9517
    1099       2.0939
    1100       2.0877
    1101       1.8692
    1102       1.9318
    1103       1.8067
    1104       1.9129
    1105       1.7137
    1106       1.9318
    1107       1.8806
    1108       1.9410
    1109       1.9619
    1110       1.8158
    1111       1.7977
    1112       1.8342
    1113       1.8417
    1114       1.7962
    1115       1.8370
    1116       1.8815
    1117       1.9990
    1118       1.9112
    1119       1.8471
    1120       1.8902
    1121       1.8935
    1122       1.9315
    1123       1.8838
    1124       1.7207
    1125       1.7011
    1126       1.6332
    1127       1.6799
    1128       1.6156
    1129       1.6501
    1130       1.6351
    1131       1.7146
    1132       1.6170
    1133       1.7348
    1134       1.6805
    1135       1.6857
    1136       1.7209
    1137       1.7069
    1138       1.6091
    1139       1.5888
    1140       1.6210
    1141       1.8461
    1142       1.9294
    1143       1.9727
    1144       2.1022
    1145       2.0116
    1146       2.1077
    1147       1.9886
    1148       1.7451
    1149       1.7970
    1150       1.7787
    1151       1.8540
    1152       1.8241
    1153       2.0711
    1154       1.8466
    1155       1.7957
    1156       1.8267
    1157       1.7451
    1158       1.8398
    1159       1.9642
    1160       1.9185
    1161       1.9059
    1162       1.8396
    1163       1.8003
    1164       1.8854
    1165       1.9309
    1166       1.8574
    1167       1.9522
    1168       2.1769
    1169       1.8031
    1170       1.9265
    1171       1.9116
    1172       1.9697
    1173       1.9793
    1174       1.8816
    1175       1.8850
    1176       2.0034
    1177       2.2079
    1178       2.2881
    1179       2.4462
    1180       2.3346
    1181       2.2993
    1182       2.1788
    1183       2.2968
    1184       2.0656
    1185       2.1446
    1186       2.0638
    1187       2.1130
    1188       2.2206
    1189       1.9817
    1190       2.0284
    1191       2.0638
    1192       1.9679
    1193       1.8507
    1194       1.9159
    1195       1.9101
    1196       1.9622
    1197       1.9310
    1198       1.7910
    1199       1.8016
    1200       1.7886
    1201       1.6607
    1202       1.6746
    1203       1.8644
    1204       1.8808
    1205       1.9982
    1206       1.9962
    1207       2.1802
    1208       2.0003
    1209       2.0664
    1210       2.1594
    1211       2.0003
    1212       1.9697
    1213       2.1034
    1214       2.1323
    1215       2.1925
    1216       2.2497
    1217       2.4539
    1218       2.3663
    1219       2.2287
    1220       2.2882
    1221       2.2116
    1222       2.1586
    1223       2.2486
    1224       2.3185
    1225       2.4007
    1226       2.2332
    1227       2.3573
    1228       2.5783
    1229       2.6242
    1230       2.7234
    1231       2.6278
    1232       2.6971
    1233       2.3802
    1234       2.3838
    1235       2.3946
    1236       2.5943
    1237       2.4049
    1238       2.4156
    1239       2.3403
    1240       2.4134
    1241       2.5944
    1242       2.3610
    1243       2.3758
    1244       2.2046
    1245       2.2497
    1246       2.1581
    1247       2.0734
    1248       2.2137
    1249       1.9277
    1250       1.8876
    1251       1.9946
    1252       1.9233
    1253       1.9723
    1254       1.9984
    1255       1.8489
    1256       1.8598
    1257       1.8841
    1258       1.8645
    1259       1.9878
    1260       1.9230
    1261       1.9017
    1262       1.7379
    1263       1.6804
    1264       1.7294
    1265       1.7809
    1266       1.8605
    1267       1.9584
    1268       1.9290
    1269       1.9004
    1270       1.9261
    1271       2.0353
    1272       2.2541
    1273       2.2715
    1274       2.3561
    1275       2.3578
    1276       2.4034
    1277       2.1671
    1278       2.0326
    1279       2.0973
    1280       2.2776
    1281       2.3796
    1282       2.3041
    1283       2.1507
    1284       2.1062
    1285       2.0898
    1286       1.8668
    1287       2.0151
    1288       2.1536
    1289       2.2028
    1290       2.2030
    1291       2.4200
    1292       2.1815
    1293       2.2192
    1294       2.3172
    1295       2.5396
    1296       2.4864
    1297       2.2643
    1298       2.4256
    1299       2.2208
    1300       2.1884
    1301       2.3181
    1302       2.4348
    1303       2.3074
    1304       2.3616
    1305       2.3868
    1306       2.6383
    1307       2.4699
    1308       2.5483
    1309       2.4575
    1310       2.3307
    1311       2.2719
    1312       2.1372
    1313       2.1626
    1314       2.5236
    1315       2.3104
    1316       2.0672
    1317       2.2274
    1318       2.2689
    1319       2.2607
    1320       2.0799
    1321       2.1537
    1322       2.2300
    1323       2.3532
    1324       2.2181
    1325       2.0941
    1326       1.9799
    1327       2.3034
    1328       2.3254
    1329       2.3057
    1330       2.2206
    1331       2.3925
    1332       2.2735
    1333       2.1758
    1334       2.4345
    1335       2.3486
    1336       2.4054
    1337       2.2500
    1338       2.2606
    1339       2.1761
    1340       2.1820
    1341       2.1559
    1342       2.0892
    1343       2.0457
    1344       2.2153
    1345       2.1284
    1346       2.1843
    1347       2.2057
    1348       2.2441
    1349       2.1818
    1350       2.2550
    1351       2.3251
    1352       2.4592
    1353       2.5011
    1354       2.2875
    1355       2.3326
    1356       2.2990
    1357       2.1974
    1358       2.2267
    1359       2.2374
    1360       2.3542
    1361       2.1985
    1362       2.1341
    1363       2.1489
    1364       2.2785
    1365       2.1102
    1366       2.1789
    1367       2.2699
    1368       2.2956
    1369       2.1855
    1370       2.0818
    1371       2.0834
    1372       1.9204
    1373       2.0195
    1374       1.9613
    1375       1.9550
    1376       2.0582
    1377       2.1899
    1378       2.4146
    1379       2.2907
    1380       2.3916
    1381       2.4712
    1382       2.5873
    1383       2.6105
    1384       2.3898
    1385       2.4258
    1386       2.2999
    1387       2.2233
    1388       2.2938
    1389       2.2048
    1390       2.2372
    1391       2.2778
    1392       2.4123
    1393       2.2735
    1394       2.1836
    1395       2.2628
    1396       2.2348
    1397       2.2779
    1398       2.4027
    1399       2.3654
    1400       2.4069
    1401       2.3883
    1402       2.5214
    1403       2.3706
    1404       2.4423
    1405       2.3077
    1406       2.1598
    1407       2.0393
    1408       1.8401
    1409       2.0464
    1410       1.9179
    1411       2.0821
    1412       2.0215
    1413       2.1125
    1414       2.0224
    1415       2.0688
    1416       2.1462
    1417       2.0054
    1418       1.9972
    1419       1.9754
    1420       1.9490
    1421       2.1880
    1422       2.2667
    1423       2.2557
    1424       2.2505
    1425       2.3617
    1426       2.2102
    1427       1.9833
    1428       1.9512
    1429       2.0425
    1430       2.1604
    1431       2.2837
    1432       2.4524
    1433       2.5153
    1434       2.3642
    1435       2.1802
    1436       2.3353
    1437       2.2576
    1438       2.5146
    1439       2.4316
    1440       2.3478
    1441       2.2847
    1442       2.2217
    1443       2.3557
    1444       2.2530
    1445       2.4687
    1446       2.3229
    1447       2.3395
    1448       2.2568
    1449       2.1812
    1450       2.1269
    1451       1.9724
    1452       2.1243
    1453       2.2700
    1454       2.3456
    1455       2.5222
    1456       2.2992
    1457       2.1892
    1458       2.0610
    1459       1.9462
    1460       1.9028
    1461       2.1013
    1462       2.1793
    1463       2.1475
    1464       2.2146
    1465       2.2491
    1466       2.2294
    1467       2.1596
    1468       2.4155
    1469       2.3369
    1470       2.2186
    1471       2.1933
    1472       2.1831
    1473       2.1493
    1474       2.1803
    1475       2.1846
    1476       2.0988
    1477       2.2679
    1478       2.2140
    1479       2.1870
    1480       2.1161
    1481       2.1965
    1482       2.2181
    1483       2.2006
    1484       2.3849
    1485       2.3945
    1486       2.4886
    1487       2.5111
    1488       2.4129
    1489       2.4836
    1490       2.4216
    1491       2.4384
    1492       2.2893
    1493       2.1406
    1494       2.3597
    1495       2.4366
    1496       2.3335
    1497       2.4607
    1498       2.2914
    1499       2.2607
    1500       2.4129
    1501       2.2159
    1502       1.9982
    1503       1.9906
    1504       1.9067
    1505       2.1028
    1506       2.1717
    1507       2.1425
    1508       2.1761
    1509       1.9352
    1510       1.9810
    1511       1.7720
    1512       1.8484
    1513       2.0367
    1514       2.1126
    1515       1.9069
    1516       1.9159
    1517       1.9657
    1518       1.9525
    1519       1.9017
    1520       1.9367
    1521       1.8958
    1522       1.7214
    1523       1.7292
    1524       1.6927
    1525       1.6969
    1526       1.6645
    1527       1.7668
    1528       1.8709
    1529       1.8541
    1530       1.7437
    1531       1.8553
    1532       1.8005
    1533       1.7463
    1534       1.8318
    1535       1.8658
    1536       2.0025
    1537       1.9490
    1538       2.1421
    1539       2.2150
    1540       2.1832
    1541       2.0851
    1542       1.9916
    1543       2.1264
    1544       2.0285
    1545       1.9463
    1546       2.3074
    1547       2.3173
    1548       2.3152
    1549       2.0399
    1550       2.1602
    1551       2.3231
    1552       2.1131
    1553       2.1040
    1554       2.2188
    1555       2.0387
    1556       2.0078
    1557       2.1054
    1558       2.2950
    1559       1.9601
    1560       2.0170
    1561       1.9620
    1562       2.0271
    1563       1.8550
    1564       1.7004
    1565       1.7713
    1566       1.7277
    1567       1.8369
    1568       1.9816
    1569       2.0382
    1570       2.0763
    1571       2.1009
    1572       1.9407
    1573       2.1175
    1574       2.1107
    1575       1.8894
    1576       1.9718
    1577       2.0674
    1578       2.1821
    1579       2.0698
    1580       2.0050
    1581       1.8587
    1582       1.9281
    1583       1.9238
    1584       1.9326
    1585       1.8426
    1586       1.7811
    1587       1.8427
    1588       1.8145
    1589       1.8623
    1590       1.9798
    1591       1.9820
    1592       1.9240
    1593       1.8512
    1594       1.6551
    1595       1.8100
    1596       1.9387
    1597       1.9524
    1598       1.9234
    1599       1.9511
    1600       1.8609
    1601       1.8363
    1602       1.8177
    1603       1.8568
    1604       1.6282
    1605       1.6643
    1606       1.5731
    1607       1.6564
    1608       1.6605
    1609       1.6842
    1610       1.6888
    1611       1.7104
    1612       1.6196
    1613       1.5324
    1614       1.6544
    1615       1.6441
    1616       1.6030
    1617       1.5813
    1618       1.6336
    1619       1.6740
    1620       1.5386
    1621       1.5349
    1622       1.6235
    1623       1.6814
    1624       1.5832
    1625       1.5339
    1626       1.6333
    1627       1.7032
    1628       1.7002
    1629       1.6051
    1630       1.6139
    1631       1.5820
    1632       1.6814
    1633       1.5925
    1634       1.5582
    1635       1.6507
    1636       1.5302
    1637       1.6807
    1638       1.6343
    1639       1.7517
    1640       1.6703
    1641       1.7067
    1642       1.7329
    1643       1.7024
    1644       1.6554
    1645       1.8135
    1646       1.9892
    1647       1.7828
    1648       1.6064
    1649       1.5429
    1650       1.5746
    1651       1.6340
    1652       1.5669
    1653       1.7420
    1654       1.5645
    1655       1.6180
    1656       1.6035
    1657       1.6461
    1658       1.5614
    1659       1.5089
    1660       1.5121
    1661       1.6183
    1662       1.6214
    1663       1.6158
    1664       1.5440
    1665       1.5203
    1666       1.4903
    1667       1.6330
    1668       1.7040
    1669       1.6980
    1670       1.5906
    1671       1.6506
    1672       1.5397
    1673       1.6596
    1674       1.7805
    1675       1.6939
    1676       1.6325
    1677       1.6568
    1678       1.7797
    1679       1.6041
    1680       1.6423
    1681       1.6771
    1682       1.7300
    1683       1.7077
    1684       1.6957
    1685       1.7603
    1686       1.7012
    1687       1.8495
    1688       1.7330
    1689       1.8049
    1690       1.7011
    1691       1.5580
    1692       1.4877
    1693       1.5069
    1694       1.6545
    1695       1.6413
    1696       1.6877
    1697       1.5994
    1698       1.6691
    1699       1.6157
    1700       1.6915
    1701       1.7365
    1702       1.8244
    1703       1.7490
    1704       1.6839
    1705       1.8573
    1706       1.8578
    1707       1.7760
    1708       1.7314
    1709       1.7114
    1710       1.6845
    1711       1.7394
    1712       1.5967
    1713       1.6544
    1714       1.6893
    1715       1.6086
    1716       1.6741
    1717       1.9013
    1718       1.8386
    1719       1.8344
    1720       1.9412
    1721       2.0091
    1722       1.9348
    1723       1.7390
    1724       1.6953
    1725       1.6985
    1726       1.6500
    1727       1.7105
    1728       1.6252
    1729       1.6687
    1730       1.6296
    1731       1.6078
    1732       1.7256
    1733       1.6574
    1734       1.6242
    1735       1.7048
    1736       1.6675
    1737       1.7005
    1738       1.7319
    1739       1.6181
    1740       1.7313
    1741       1.8388
    1742       1.8477
    1743       2.0251
    1744       2.1583
    1745       2.1945
    1746       2.1156
    1747       2.2455
    1748       2.2254
    1749       2.2945
    1750       2.2367
    1751       2.2071
    1752       2.1580
    1753       1.8438
    1754       1.7507
    1755       1.7761
    1756       1.6921
    1757       1.7091
    1758       1.8173
    1759       1.8880
    1760       1.8211
    1761       1.6524
    1762       1.6083
    1763       1.8627
    1764       1.8562
    1765       1.7307
    1766       1.6382
    1767       1.8533
    1768       1.6555
    1769       1.6414
    1770       1.6168
    1771       1.5804
    1772       1.5063
    1773       1.5172
    1774       1.4543
    1775       1.5915
    1776       1.6491
    1777       1.4907
    1778       1.5562
    1779       1.7448
    1780       1.7383
    1781       1.6186
    1782       1.5639
    1783       1.5323
    1784       1.7122
    1785       1.5803
    1786       1.6250
    1787       1.5648
    1788       1.6729
    1789       1.6960
    1790       1.7229
    1791       1.6586
    1792       1.7393
    1793       1.7461
    1794       1.7349
    1795       1.7031
    1796       1.6766
    1797       1.5807
    1798       1.6039
    1799       1.5795
    1800       1.5260
    1801       1.7144
    1802       1.7704
    1803       1.7654
    1804       1.7334
    1805       1.8070
    1806       1.7973
    1807       1.8371
    1808       1.9689
    1809       1.9083
    1810       1.8326
    1811       1.8599
    1812       1.8691
    1813       1.6699
    1814       1.7651
    1815       1.8020
    1816       1.7331
    1817       1.8406
    1818       1.9186
    1819       1.9006
    1820       1.9044
    1821       2.0628
    1822       1.9067
    1823       1.7425
    1824       1.6415
    1825       1.5490
    1826       1.6310
    1827       1.5760
    1828       1.5707
    1829       1.5653
    1830       1.5336
    1831       1.6093
    1832       1.7624
    1833       2.0048
    1834       1.8140
    1835       1.8012
    1836       1.9137
    1837       1.8261
    1838       1.7181
    1839       1.4767
    1840       1.6544
    1841       1.8389
    1842       1.7209
    1843       1.7147
    1844       1.5670
    1845       1.7305
    1846       1.7909
    1847       1.6841
    1848       1.5303
    1849       1.7133
    1850       1.5928
    1851       1.6155
    1852       1.6155
    1853       1.5715
    1854       1.5966
    1855       1.7256
    1856       1.6557
    1857       1.7128
    1858       1.7617
    1859       1.6517
    1860       1.5937
    1861       1.5690
    1862       1.6685
    1863       1.5704
    1864       1.6516
    1865       1.5818
    1866       1.5767
    1867       1.6146
    1868       1.6869
    1869       1.7075
    1870       1.5874
    1871       1.6192
    1872       1.6720
    1873       1.5992
    1874       1.5967
    1875       1.6058
    1876       1.5722
    1877       1.6339
    1878       1.5498
    1879       1.5795
    1880       1.6549
    1881       1.6020
    1882       1.5113
    1883       1.4476
    1884       1.5809
    1885       1.8244
    1886       1.6186
    1887       1.7517
    1888       1.6188
    1889       1.5618
    1890       1.5978
    1891       1.5889
    1892       1.7038
    1893       1.5771
    1894       1.6019
    1895       1.5445
    1896       1.6483
    1897       1.4573
    1898       1.4353
    1899       1.4879
    1900       1.4500
    1901       1.4616
    1902       1.6235
    1903       1.6065
    1904       1.4806
    1905       1.4172
    1906       1.4678
    1907       1.5249
    1908       1.6667
    1909       1.5267
    1910       1.7646
    1911       1.6098
    1912       1.6752
    1913       1.5904
    1914       1.5334
    1915       1.4775
    1916       1.5157
    1917       1.4590
    1918       1.5313
    1919       1.5693
    1920       1.6050
    1921       1.5113
    1922       1.6150
    1923       1.4948
    1924       1.6512
    1925       1.5689
    1926       1.6068
    1927       1.7149
    1928       1.7317
    1929       1.6191
    1930       1.6043
    1931       1.6287
    1932       1.5004
    1933       1.5350
    1934       1.5022
    1935       1.4946
    1936       1.4544
    1937       1.4598
    1938       1.5357
    1939       1.5656
    1940       1.5298
    1941       1.5397
    1942       1.6045
    1943       1.5118
    1944       1.5406
    1945       1.6543
    1946       1.5078
    1947       1.4977
    1948       1.4638
    1949       1.4877
    1950       1.5149
    1951       1.4734
    1952       1.4956
    1953       1.5241
    1954       1.5909
    1955       1.7060
    1956       1.6417
    1957       1.6445
    1958       1.6883
    1959       1.7960
    1960       1.8118
    1961       1.9432
    1962       1.9822
    1963       1.8391
    1964       1.7880
    1965       1.8270
    1966       1.9848
    1967       1.8295
    1968       1.7555
    1969       1.7177
    1970       1.7742
    1971       1.6303
    1972       1.6700
    1973       1.8255
    1974       1.6855
    1975       1.8230
    1976       1.6664
    1977       1.7988
    1978       1.8379
    1979       1.8723
    1980       1.8813
    1981       1.7656
    1982       1.7633
    1983       1.9018
    1984       1.9109
    1985       1.8644
    1986       1.8434
    1987       1.6905
    1988       1.8030
    1989       1.8104
    1990       1.8077
    1991       1.8446
    1992       1.7666
    1993       1.6692
    1994       1.7552
    1995       1.6408
    1996       1.7760
    1997       1.6676
    1998       1.6528
    1999       1.6714
    2000       1.6743
    2001       1.5456
    2002       1.6574
    2003       1.6077
    2004       1.6589
    2005       1.7027
    2006       1.5365
    2007       1.4978
    2008       1.5203
    2009       1.4607
    2010       1.5350
    2011       1.4812
    2012       1.5269
    2013       1.6430
    2014       1.7000
    2015       1.8314
    2016       1.7987
    2017       1.8136
    2018       1.8549
    2019       1.7560
    2020       1.8722
    2021       1.8453
    2022       1.7598
    2023       1.7064
    2024       1.7768
    2025       1.6628
    2026       1.6102
    2027       1.6700
    2028       1.7455
    2029       1.7254
    2030       1.7014
    2031       1.6235
    2032       1.7194
    2033       1.8581
    2034       1.8711
    2035       1.7931
    2036       1.9310
    2037       1.8507
    2038       1.6733
    2039       1.6957
    2040       1.6662
    2041       1.6997
    2042       1.7943
    2043       1.7849
    2044       1.7362
    2045       1.7046
    2046       1.7697
    2047       1.5717
    2048       1.6810
    2049       1.7081
    2050       1.8014
    2051       1.7597
    2052       1.5832
    2053       1.5749
    2054       1.4169
    2055       1.5486
    2056       1.8586
    2057       1.8645
    2058       1.7389
    2059       1.6542
    2060       1.6696
    2061       1.7315
    2062       1.7620
    2063       1.7744
    2064       1.7564
    2065       1.7346
    2066       1.8561
    2067       1.8362
    2068       1.7497
    2069       1.6551
    2070       1.6810
    2071       1.7516
    2072       1.7886
    2073       1.8289
    2074       1.9231
    2075       1.9401
    2076       1.8801
    2077       1.9019
    2078       1.7424
    2079       1.6622
    2080       1.7227
    2081       1.7375
    2082       1.7360
    2083       2.0065
    2084       1.6891
    2085       1.7059
    2086       1.6830
    2087       1.8290
    2088       1.8052
    2089       1.7898
    2090       1.8158
    2091       1.8828
    2092       1.8794
    2093       1.8690
    2094       1.8303
    2095       1.6686
    2096       1.7088
    2097       1.7741
    2098       1.8138
    2099       1.6478
    2100       1.5245
    2101       1.5785
    2102       1.6957
    2103       1.7153
    2104       1.7991
    2105       1.8459
    2106       1.8127
    2107       1.6905
    2108       1.6063
    2109       1.7124
    2110       1.7835
    2111       1.7533
    2112       1.8807
    2113       1.7639
    2114       1.6680
    2115       1.8481
    2116       1.7290
    2117       1.8182
    2118       1.8570
    2119       1.9085
    2120       1.8857
    2121       1.8158
    2122       1.9494
    2123       2.0262
    2124       2.0141
    2125       2.0043
    2126       1.9879
    2127       2.1536
    2128       2.0117
    2129       1.8170
    2130       1.8610
    2131       1.7486
    2132       1.7577
    2133       1.8710
    2134       1.9119
    2135       1.9257
    2136       2.0343
    2137       1.9276
    2138       1.8937
    2139       1.9501
    2140       1.8039
    2141       1.6724
    2142       1.7286
    2143       1.7579
    2144       1.7040
    2145       1.6402
    2146       1.5897
    2147       1.7256
    2148       1.6403
    2149       1.6065
    2150       1.6188
    2151       1.7704
    2152       1.4730
    2153       1.4090
    2154       1.4696
    2155       1.4463
    2156       1.5322
    2157       1.4818
    2158       1.4460
    2159       1.4892
    2160       1.5219
    2161       1.5542
    2162       1.5517
    2163       1.5675
    2164       1.5172
    2165       1.7029
    2166       1.5356
    2167       1.4106
    2168       1.4761
    2169       1.6296
    2170       1.4883
    2171       1.4491
    2172       1.4204
    2173       1.5004
    2174       1.6055
    2175       1.6142
    2176       1.6554
    2177       1.5492
    2178       1.6508
    2179       1.7419
    2180       1.6382
    2181       1.6515
    2182       1.5283
    2183       1.3839
    2184       1.4894
    2185       1.4569
    2186       1.3482
    2187       1.4818
    2188       1.6098
    2189       1.5751
    2190       1.5030
    2191       1.4533
    2192       1.5531
    2193       1.6264
    2194       1.6117
    2195       1.6774
    2196       1.5216
    2197       1.5207
    2198       1.6513
    2199       1.4899
    2200       1.5604
    2201       1.5640
    2202       1.6312
    2203       1.6473
    2204       1.7448
    2205       1.7115
    2206       1.6769
    2207       1.7872
    2208       1.6308
    2209       1.6962
    2210       1.6133
    2211       1.6302
    2212       1.7484
    2213       1.6308
    2214       1.6133
    2215       1.6551
    2216       1.6548
    2217       1.5310
    2218       1.5977
    2219       1.5788
    2220       1.6332
    2221       1.6886
    2222       1.5629
    2223       1.7042
    2224       1.7988
    2225       1.7929
    2226       1.6622
    2227       1.5955
    2228       1.6154
    2229       1.5376
    2230       1.5658
    2231       1.6592
    2232       1.5146
    2233       1.6487
    2234       1.5064
    2235       1.5819
    2236       1.4427
    2237       1.5487
    2238       1.5633
    2239       1.4128
    2240       1.4592
    2241       1.5123
    2242       1.4159
    2243       1.4876
    2244       1.5103
    2245       1.4257
    2246       1.5206
    2247       1.6330
    2248       1.5882
    2249       1.6172
    2250       1.5703
    2251       1.5823
    2252       1.4959
    2253       1.4825
    2254       1.4935
    2255       1.4843
    2256       1.4610
    2257       1.4737
    2258       1.4037
    2259       1.5230
    2260       1.4992
    2261       1.3945
    2262       1.5417
    2263       1.4778
    2264       1.5314
    2265       1.5013
    2266       1.5483
    2267       1.6460
    2268       1.4913
    2269       1.5339
    2270       1.5367
    2271       1.5244
    2272       1.4794
    2273       1.4966
    2274       1.5973
    2275       1.6848
    2276       1.7250
    2277       1.6232
    2278       1.5391
    2279       1.6340
    2280       1.6649
    2281       1.6427
    2282       1.6802
    2283       1.6363
    2284       1.5164
    2285       1.5272
    2286       1.5294
    2287       1.5578
    2288       1.5988
    2289       1.6149
    2290       1.8540
    2291       1.7564
    2292       1.5337
    2293       1.6914
    2294       1.6601
    2295       1.5935
    2296       1.5323
    2297       1.6291
    2298       1.5828
    2299       1.5201
    2300       1.5840
    2301       1.5003
    2302       1.5138
    2303       1.5521
    2304       1.6025
    2305       1.5996
    2306       1.4856
    2307       1.4647
    2308       1.6020
    2309       1.7095
    2310       1.7635
    2311       1.6185
    2312       1.6600
    2313       1.6806
    2314       1.7182
    2315       1.7360
    2316       1.5943
    2317       1.7163
    2318       1.6271
    2319       1.6897
    2320       1.6342
    2321       1.6254
    2322       1.6038
    2323       1.7149
    2324       1.6954
    2325       1.7002
    2326       1.8504
    2327       1.8408
    2328       1.7055
    2329       1.5860
    2330       1.6296
    2331       1.6604
    2332       1.7124
    2333       1.6594
    2334       1.6944
    2335       1.7917
    2336       1.7110
    2337       1.6918
    2338       1.8199
    2339       1.7667
    2340       1.7310
    2341       1.6377
    2342       1.6222
    2343       1.7918
    2344       1.8815
    2345       1.9239
    2346       1.8054
    2347       1.7837
    2348       1.8370
    2349       1.5358
    2350       1.7158
    2351       1.7021
    2352       1.6367
    2353       1.8148
    2354       1.8119
    2355       1.6510
    2356       1.6886
    2357       1.6842
    2358       1.6072
    2359       1.7124
    2360       1.6882
    2361       1.6920
    2362       1.7022
    2363       1.7577
    2364       1.7448
    2365       1.6697
    2366       1.7396
    2367       1.7189
    2368       1.7312
    2369       1.6535
    2370       1.7085
    2371       1.6472
    2372       1.7017
    2373       1.5758
    2374       1.5406
    2375       1.5238
    2376       1.4945
    2377       1.6484
    2378       1.6064
    2379       1.6735
    2380       1.5977
    2381       1.6562
    2382       1.6322
    2383       1.5819
    2384       1.6454
    2385       1.6326
    2386       1.6310
    2387       1.6833
    2388       1.7657
    2389       1.8334
    2390       1.6813
    2391       1.7135
    2392       1.7468
    2393       1.9208
    2394       1.8334
    2395       1.8656
    2396       1.7206
    2397       1.7779
    2398       1.7581
    2399       1.8627
    2400       1.7859
    2401       1.7508
    2402       1.8217
    2403       1.8192
    2404       1.6975
    2405       1.6072
    2406       1.5835
    2407       1.7164
    2408       1.7371
    2409       1.7652
    2410       1.7832
    2411       1.7871
    2412       1.6007
    2413       1.6365
    2414       1.6441
    2415       1.6449
    2416       1.6723
    2417       1.5583
    2418       1.7302
    2419       1.6000
    2420       1.5417
    2421       1.6035
    2422       1.6647
    2423       1.5742
    2424       1.7430
    2425       1.7963
    2426       1.8474
    2427       1.7411
    2428       1.8668
    2429       1.8859
    2430       1.8056
    2431       1.7707
    2432       1.9465
    2433       1.8353
    2434       1.8354
    2435       1.9973
    2436       1.8195
    2437       1.6944
    2438       1.7841
    2439       1.8685
    2440       1.8014
    2441       1.7644
    2442       1.8733
    2443       1.7276
    2444       1.6241
    2445       1.8049
    2446       1.7608
    2447       1.8265
    2448       1.9163
    2449       1.8129
    2450       1.7451
    2451       1.7435
    2452       1.7002
    2453       1.8694
    2454       1.8495
    2455       1.8263
    2456       1.7588
    2457       1.6979
    2458       1.8158
    2459       1.8108
    2460       1.8209
    2461       1.6348
    2462       1.5863
    2463       1.6365
    2464       1.7462
    2465       1.6735
    2466       1.5762
    2467       1.5146
    2468       1.6402
    2469       1.6196
    2470       1.5912
    2471       1.5010
    2472       1.4336
    2473       1.4893
    2474       1.5779
    2475       1.5566
    2476       1.6613
    2477       1.6533
    2478       1.6555
    2479       1.5944
    2480       1.6668
    2481       1.7251
    2482       1.7490
    2483       1.7987
    2484       1.9455
    2485       1.9325
    2486       1.9696
    2487       1.9054
    2488       1.8197
    2489       1.7054
    2490       1.6718
    2491       1.8641
    2492       1.8286
    2493       1.8592
    2494       1.8175
    2495       2.0097
    2496       1.9572
    2497       1.9952
    2498       1.7914
    2499       1.6841
    2500       1.6559
    2501       1.7991
    2502       1.6676
    2503       1.7607
    2504       1.8283
    2505       1.8472
    2506       1.8270
    2507       1.7573
    2508       1.8121
    2509       1.7941
    2510       1.7442
    2511       1.7658
    2512       1.8132
    2513       1.7506
    2514       1.7364
    2515       1.8405
    2516       2.0495
    2517       2.1179
    2518       2.2772
    2519       2.1640
    2520       2.0428
    2521       2.0854
    2522       1.8272
    2523       1.7689
    2524       1.7662
    2525       1.7210
    2526       1.6652
    2527       1.6836
    2528       1.7344
    2529       1.6515
    2530       1.5996
    2531       1.6822
    2532       1.5952
    2533       1.5693
    2534       1.6115
    2535       1.6234
    2536       1.5544
    2537       1.6030
    2538       1.5456
    2539       1.8213
    2540       1.7153
    2541       1.6273
    2542       1.6350
    2543       1.6247
    2544       1.6246
    2545       1.6569
    2546       1.7249
    2547       1.8131
    2548       1.7137
    2549       1.7007
    2550       1.7520
    2551       1.6310
    2552       1.5967
    2553       1.6214
    2554       1.5301
    2555       1.5313
    2556       1.6446
    2557       1.5582
    2558       1.5501
    2559       1.6305
    2560       1.6998
    2561       1.8121
    2562       1.8691
    2563       1.8923
    2564       1.8107
    2565       1.7610
    2566       1.6541
    2567       1.6877
    2568       1.7003
    2569       1.6461
    2570       1.8770
    2571       1.7787
    2572       1.7005
    2573       1.6946
    2574       1.5945
    2575       1.5370
    2576       1.5663
    2577       1.6219
    2578       1.5350
    2579       1.5942
    2580       1.6146
    2581       1.6087
    2582       1.5923
    2583       1.4845
    2584       1.5814
    2585       1.5783
    2586       1.7831
    2587       1.7650
    2588       1.7992
    2589       1.9317
    2590       1.7962
    2591       1.7298
    2592       1.5890
    2593       1.6534
    2594       1.6938
    2595       1.7318
    2596       1.6263
    2597       1.6418
    2598       1.6332
    2599       1.6210
    2600       1.5938
    2601       1.7161
    2602       1.9528
    2603       1.9608
    2604       1.8029
    2605       1.6351
    2606       1.7874
    2607       1.8027
    2608       1.6782
    2609       1.5246
    2610       1.5856
    2611       1.6444
    2612       1.6021
    2613       1.7027
    2614       1.7243
    2615       1.7984
    2616       1.8239
    2617       1.8695
    2618       1.8722
    2619       1.9499
    2620       1.8998
    2621       1.9195
    2622       2.1050
    2623       2.0607
    2624       1.9105
    2625       1.8674
    2626       1.8767
    2627       2.0538
    2628       1.8657
    2629       1.9580
    2630       1.9403
    2631       1.9345
    2632       1.6731
    2633       1.8334
    2634       2.0620
    2635       1.8811
    2636       2.0958
    2637       2.1637
    2638       2.0949
    2639       1.9094
    2640       1.9919
    2641       1.9916
    2642       2.0572
    2643       1.8860
    2644       1.8620
    2645       1.8171
    2646       1.7484
    2647       1.6788
    2648       1.8279
    2649       1.7376
    2650       1.7797
    2651       1.7938
    2652       1.6511
    2653       1.6750
    2654       1.8092
    2655       1.7607
    2656       1.6765
    2657       1.8134
    2658       1.8211
    2659       1.8006
    2660       1.7892
    2661       1.8433
    2662       1.7614
    2663       1.8187
    2664       1.9084
    2665       1.8684
    2666       1.8678
    2667       1.8783
    2668       1.8415
    2669       1.8208
    2670       1.8480
    2671       1.7780
    2672       1.8254
    2673       1.9483
    2674       1.8512
    2675       1.6667
    2676       1.8549
    2677       1.7113
    2678       1.6867
    2679       1.8670
    2680       1.8677
    2681       1.8758
    2682       1.8672
    2683       1.8684
    2684       2.0021
    2685       1.9401
    2686       1.8016
    2687       1.9247
    2688       1.8240
    2689       1.7867
    2690       1.7961
    2691       1.9087
    2692       1.8020
    2693       1.7470
    2694       1.5626
    2695       1.8715
    2696       1.6930
    2697       1.6888
    2698       1.6948
    2699       1.9231
    2700       1.8486
    2701       1.7602
    2702       1.8395
    2703       1.8540
    2704       1.7879
    2705       1.6268
    2706       1.5841
    2707       1.5279
    2708       1.4847
    2709       1.4988
    2710       1.4966
    2711       1.6091
    2712       1.6962
    2713       1.7685
    2714       1.8263
    2715       1.8031
    2716       1.8907
    2717       1.7835
    2718       1.9319
    2719       1.8184
    2720       2.0221
    2721       1.7905
    2722       1.7977
    2723       1.8749
    2724       1.7179
    2725       1.7913
    2726       1.8501
    2727       1.9970
    2728       2.0383
    2729       1.9441
    2730       2.0229
    2731       1.9588
    2732       2.0287
    2733       1.9454
    2734       1.9809
    2735       1.8233
    2736       1.9678
    2737       1.8749
    2738       1.9233
    2739       1.9205
    2740       1.8465
    2741       1.9551
    2742       1.7698
    2743       1.8453
    2744       1.7191
    2745       1.7720
    2746       1.7545
    2747       1.8766
    2748       1.6770
    2749       1.6983
    2750       1.8287
    2751       1.7776
    2752       1.6762
    2753       1.6427
    2754       1.7094
    2755       1.7356
    2756       1.9495
    2757       1.7204
    2758       1.7109
    2759       1.8669
    2760       1.7838
    2761       1.6540
    2762       1.6891
    2763       1.5751
    2764       1.6141
    2765       1.6058
    2766       1.7113
    2767       1.7146
    2768       1.7194
    2769       1.7849
    2770       1.8827
    2771       2.0362
    2772       1.7870
    2773       1.8096
    2774       1.7782
    2775       1.7831
    2776       1.8964
    2777       1.8309
    2778       1.7064
    2779       1.6653
    2780       1.5397
    2781       1.5154
    2782       1.7292
    2783       1.7223
    2784       1.7007
    2785       1.7438
    2786       1.5683
    2787       1.6955
    2788       1.6090
    2789       1.5311
    2790       1.4841
    2791       1.5019
    2792       1.5237
    2793       1.7148
    2794       1.7173
    2795       1.7178
    2796       1.5310
    2797       1.5841
    2798       1.6598
    2799       1.6858
    2800       1.6031
    2801       1.5747
    2802       1.7055
    2803       1.6231
    2804       1.6249
    2805       1.5942
    2806       1.5021
    2807       1.6839
    2808       1.6615
    2809       1.7507
    2810       1.6125
    2811       1.5890
    2812       1.5784
    2813       1.6792
    2814       1.7805
    2815       1.8697
    2816       1.8836
    2817       1.8454
    2818       1.6979
    2819       1.6441
    2820       1.7092
    2821       1.7052
    2822       1.8422
    2823       1.8070
    2824       1.6039
    2825       1.6433
    2826       1.6499
    2827       1.6877
    2828       1.5977
    2829       1.7449
    2830       1.7447
    2831       1.6881
    2832       1.7369
    2833       1.7051
    2834       1.7702
    2835       1.7683
    2836       1.6971
    2837       1.5948
    2838       1.7332
    2839       1.6831
    2840       1.6529
    2841       1.6711
    2842       1.7078
    2843       1.5571
    2844       1.6550
    2845       1.6946
    2846       1.8324
    2847       1.7168
    2848       1.7525
    2849       1.7778
    2850       1.8204
    2851       1.7120
    2852       1.6706
    2853       1.8562
    2854       1.7031
    2855       1.7011
    2856       1.6967
    2857       1.6303
    2858       1.6583
    2859       1.7640
    2860       1.6970
    2861       1.7415
    2862       1.7604
    2863       1.6584
    2864       1.5736
    2865       1.5681
    2866       1.6389
    2867       1.6187
    2868       1.7081
    2869       1.7699
    2870       1.7011
    2871       1.6858
    2872       1.7362
    2873       1.7775
    2874       1.8987
    2875       1.8523
    2876       1.8230
    2877       1.8666
    2878       1.8510
    2879       1.8475
    2880       1.8297
    2881       1.7773
    2882       1.7744
    2883       1.6903
    2884       1.7210
    2885       1.8634
    2886       1.7917
    2887       1.8310
    2888       1.8989
    2889       1.8456
    2890       1.7602
    2891       1.6436
    2892       1.6379
    2893       1.8270
    2894       1.7356
    2895       1.7609
    2896       1.6329
    2897       1.7353
    2898       1.7134
    2899       1.6238
    2900       1.5219
    2901       1.6058
    2902       1.5226
    2903       1.4395
    2904       1.5482
    2905       1.6229
    2906       1.6007
    2907       1.6991
    2908       1.7300
    2909       1.6592
    2910       1.7740
    2911       1.8477
    2912       2.0073
    2913       2.0117
    2914       1.9066
    2915       1.9539
    2916       1.8028
    2917       1.8895
    2918       2.0257
    2919       2.0875
    2920       1.8240
    2921       1.8902
    2922       1.8392
    2923       1.7904
    2924       1.6437
    2925       1.7473
    2926       1.6713
    2927       1.8117
    2928       1.7076
    2929       1.6393
    2930       1.8695
    2931       1.7323
    2932       1.7210
    2933       1.7711
    2934       1.8056
    2935       1.7197
    2936       1.6987
    2937       1.7243
    2938       1.7025
    2939       1.9068
    2940       2.0520
    2941       2.1550
    2942       1.8568
    2943       1.8775
    2944       1.7954
    2945       1.7709
    2946       1.8736
    2947       1.8420
    2948       1.7474
    2949       1.6152
    2950       1.6591
    2951       1.5336
    2952       1.4893
    2953       1.6358
    2954       1.7049
    2955       1.6883
    2956       1.5461
    2957       1.5909
    2958       1.5991
    2959       1.6648
    2960       1.7303
    2961       1.5847
    2962       1.6611
    2963       1.6117
    2964       1.6959
    2965       1.7211
    2966       1.7166
    2967       1.6700
    2968       1.7417
    2969       1.6327
    2970       1.6640
    2971       1.6864
    2972       1.7454
    2973       1.8053
    2974       1.8324
    2975       1.7871
    2976       1.6974
    2977       1.6655
    2978       1.7199
    2979       1.7522
    2980       1.7547
    2981       1.7750
    2982       1.8230
    2983       1.7050
    2984       1.6991
    2985       1.7708
    2986       1.7944
    2987       1.7945
    2988       1.8604
    2989       1.7833
    2990       1.9785
    2991       1.8816
    2992       1.9773
    2993       2.0306
    2994       2.0664
    2995       1.9549
    2996       1.7354
    2997       1.7740
    2998       1.9258
    2999       1.8844
    3000       1.6890
    3001       1.6523
    3002       1.6982
    3003       1.6790
    3004       1.7808
    3005       1.8152
    3006       1.7118
    3007       1.9967
    3008       1.8871
    3009       1.7397
    3010       1.8231
    3011       1.8931
    3012       1.8710
    3013       1.8555
    3014       1.8782
    3015       1.9730
    3016       2.0128
    3017       1.9993
    3018       1.9097
    3019       2.1061
    3020       2.0456
    3021       2.1553
    3022       2.1719
    3023       2.1255
    3024       2.0236
    3025       2.0020
    3026       1.9120
    3027       1.9770
    3028       2.0384
    3029       1.9132
    3030       1.9575
    3031       1.8793
    3032       1.8802
    3033       1.9238
    3034       2.0352
    3035       2.0027
    3036       2.1288
    3037       2.1272
    3038       1.9479
    3039       1.8244
    3040       1.8386
    3041       2.0153
    3042       1.9470
    3043       1.9831
    3044       1.8399
    3045       1.8239
    3046       1.7901
    3047       1.7133
    3048       1.7193
    3049       1.8985
    3050       1.6242
    3051       1.6855
    3052       1.6400
    3053       1.6777
    3054       1.7017
    3055       1.5894
    3056       1.6963
    3057       1.7225
    3058       1.8021
    3059       1.7746
    3060       1.7789
    3061       1.7853
    3062       1.7971
    3063       1.7008
    3064       1.6490
    3065       1.7042
    3066       1.8045
    3067       1.6784
    3068       1.6774
    3069       1.8465
    3070       2.0222
    3071       1.8254
    3072       1.7378
    3073       1.6534
    3074       1.7336
    3075       1.7403
    3076       1.7157
    3077       1.7362
    3078       1.7076
    3079       1.6787
    3080       1.6943
    3081       1.6838
    3082       1.6383
    3083       1.7466
    3084       1.8758
    3085       1.7940
    3086       1.9412
    3087       1.8963
    3088       2.0175
    3089       2.1411
    3090       1.9864
    3091       1.8240
    3092       1.8543
    3093       1.9600
    3094       1.9953
    3095       1.9855
    3096       1.9852
    3097       1.9680
    3098       1.9586
    3099       1.9123
    3100       2.0748
    3101       1.9990
    3102       1.7975
    3103       1.9395
    3104       1.9630
    3105       1.8580
    3106       1.7511
    3107       1.8165
    3108       1.9110
    3109       1.9485
    3110       2.0752
    3111       1.9955
    3112       2.0088
    3113       1.8585
    3114       1.8483
    3115       1.8749
    3116       1.9138
    3117       1.9505
    3118       1.8609
    3119       2.0768
    3120       1.9221
    3121       1.9114
    3122       2.0391
    3123       2.0373
    3124       1.9425
    3125       1.8887
    3126       1.8442
    3127       1.8010
    3128       1.8681
    3129       1.9165
    3130       1.8395
    3131       1.9098
    3132       1.8903
    3133       1.9647
    3134       1.9204
    3135       1.9289
    3136       1.8833
    3137       1.8037
    3138       1.7983
    3139       1.8473
    3140       1.7820
    3141       1.8627
    3142       1.8446
    3143       1.7832
    3144       1.8401
    3145       1.9002
    3146       1.6809
    3147       1.8055
    3148       1.7109
    3149       1.8029
    3150       1.7843
    3151       1.8261
    3152       1.8708
    3153       1.8860
    3154       1.9480
    3155       1.9666
    3156       1.9125
    3157       1.8372
    3158       1.8734
    3159       1.7957
    3160       1.8062
    3161       1.8846
    3162       1.8248
    3163       1.6997
    3164       1.7304
    3165       1.6573
    3166       1.6759
    3167       1.6298
    3168       1.6420
    3169       1.5377
    3170       1.6234
    3171       1.4515
    3172       1.5588
    3173       1.4887
    3174       1.5171
    3175       1.5979
    3176       1.5430
    3177       1.6528
    3178       1.6474
    3179       1.6892
    3180       1.6125
    3181       1.6799
    3182       1.7352
    3183       1.7076
    3184       1.5981
    3185       1.5797
    3186       1.7008
    3187       1.7314
    3188       1.7518
    3189       1.6537
    3190       1.7552
    3191       1.7531
    3192       1.7163
    3193       1.8274
    3194       1.7868
    3195       1.6606
    3196       1.8310
    3197       1.6746
    3198       1.7616
    3199       1.6498
    3200       1.6656
    3201       1.5763
    3202       1.6121
    3203       1.6754
    3204       1.6487
    3205       1.7663
    3206       1.6465
    3207       1.8428
    3208       1.7387
    3209       1.9045
    3210       2.0062
    3211       2.0265
    3212       2.0588
    3213       1.9182
    3214       1.8779
    3215       1.9036
    3216       1.8415
    3217       1.8302
    3218       1.9003
    3219       1.8837
    3220       2.0715
    3221       2.0738
    3222       2.0420
    3223       1.9437
    3224       1.7957
    3225       1.6842
    3226       1.7247
    3227       1.8359
    3228       1.8609
    3229       1.9703
    3230       1.8538
    3231       1.9433
    3232       1.9078
    3233       1.9594
    3234       1.8394
    3235       1.7615
    3236       1.8711
    3237       1.7587
    3238       1.7210
    3239       1.8095
    3240       1.7309
    3241       1.8296
    3242       1.7783
    3243       1.8020
    3244       1.6767
    3245       1.8227
    3246       1.7198
    3247       1.7654
    3248       1.6808
    3249       1.6188
    3250       1.6746
    3251       1.7685
    3252       1.6880
    3253       1.6843
    3254       1.6600
    3255       1.6080
    3256       1.6261
    3257       1.5803
    3258       1.5246
    3259       1.5249
    3260       1.5859
    3261       1.7041
    3262       1.7420
    3263       1.7852
    3264       1.7031
    3265       1.9061
    3266       1.7358
    3267       1.6748
    3268       1.6914
    3269       1.8864
    3270       1.7284
    3271       1.7596
    3272       1.7031
    3273       1.6934
    3274       1.7403
    3275       1.7100
    3276       1.7878
    3277       1.6987
    3278       1.8299
    3279       1.8995
    3280       1.9947
    3281       1.9132
    3282       2.0035
    3283       1.8103
    3284       1.8978
    3285       1.8536
    3286       1.8305
    3287       1.9109
    3288       1.8556
    3289       1.9394
    3290       1.8180
    3291       1.7479
    3292       1.7701
    3293       1.9184
    3294       1.7408
    3295       1.6036
    3296       1.7196
    3297       1.6829
    3298       1.7211
    3299       1.9406
    3300       1.7557
    3301       1.8314
    3302       1.9586
    3303       1.9417
    3304       1.9710
    3305       1.8903
    3306       1.8950
    3307       1.8598
    3308       1.8058
    3309       1.7546
    3310       1.9570
    3311       1.8359
    3312       1.7514
    3313       1.8836
    3314       1.6945
    3315       1.7312
    3316       1.8003
    3317       1.8571
    3318       1.8434
    3319       2.0412
    3320       1.9240
    3321       1.8720
    3322       1.7498
    3323       1.8368
    3324       1.8377
    3325       2.0760
    3326       2.0463
    3327       1.7824
    3328       1.7766
    3329       1.6599
    3330       1.7772
    3331       1.8723
    3332       1.7885
    3333       1.9928
    3334       1.9220
    3335       1.8637
    3336       1.7985
    3337       1.7025
    3338       1.7055
    3339       1.9291
    3340       1.9660
    3341       2.2008
    3342       2.2320
    3343       2.1118
    3344       2.1278
    3345       1.9560
    3346       1.8150
    3347       1.8335
    3348       1.8603
    3349       1.7893
    3350       1.8893
    3351       1.8170
    3352       1.9334
    3353       2.0572
    3354       1.9075
    3355       1.8439
    3356       1.9390
    3357       1.8393
    3358       1.7681
    3359       1.7006
    3360       1.5668
    3361       1.7295
    3362       1.8011
    3363       1.8492
    3364       1.8326
    3365       1.7876
    3366       1.7236
    3367       1.7838
    3368       1.7682
    3369       1.8500
    3370       1.7087
    3371       1.6602
    3372       1.7666
    3373       1.7024
    3374       1.6821
    3375       1.8060
    3376       1.6372
    3377       1.6818
    3378       1.6442
    3379       1.6849
    3380       1.6452
    3381       1.7310
    3382       1.7051
    3383       1.6214
    3384       1.6756
    3385       1.6384
    3386       1.7113
    3387       1.7675
    3388       1.7617
    3389       1.7903
    3390       1.7654
    3391       1.6440
    3392       1.5623
    3393       1.5808
    3394       1.7220
    3395       1.5606
    3396       1.4544
    3397       1.4077
    3398       1.5779
    3399       1.6808
    3400       1.6723
    3401       1.7090
    3402       1.8200
    3403       1.8701
    3404       1.9006
    3405       1.8283
    3406       1.7542
    3407       1.6896
    3408       1.8889
    3409       1.7845
    3410       1.6449
    3411       1.6694
    3412       1.7136
    3413       1.7971
    3414       1.7589
    3415       1.7512
    3416       1.9467
    3417       1.7772
    3418       1.7883
    3419       1.8614
    3420       1.6911
    3421       1.6965
    3422       1.7968
    3423       1.7932
    3424       1.8113
    3425       1.7785
    3426       1.6766
    3427       1.6891
    3428       1.6029
    3429       1.7705
    3430       1.7876
    3431       1.9728
    3432       1.8624
    3433       1.9212
    3434       1.8808
    3435       1.7932
    3436       1.8182
    3437       1.8209
    3438       1.8448
    3439       1.9222
    3440       1.9546
    3441       1.8936
    3442       1.7527
    3443       1.8099
    3444       1.6703
    3445       1.6281
    3446       1.6217
    3447       1.8450
    3448       1.8084
    3449       1.8610
    3450       1.7197
    3451       1.6028
    3452       1.5615
    3453       1.5819
    3454       1.5232
    3455       1.6067
    3456       1.6761
    3457       1.5992
    3458       1.5739
    3459       1.6187
    3460       1.5397
    3461       1.4754
    3462       1.6260
    3463       1.5560
    3464       1.6766
    3465       1.8204
    3466       1.7075
    3467       1.7814
    3468       1.6798
    3469       1.5007
    3470       1.6460
    3471       1.6283
    3472       1.6693
    3473       1.6941
    3474       1.6520
    3475       1.6724
    3476       1.7655
    3477       1.8291
    3478       1.7422
    3479       1.7754
    3480       1.8987
    3481       1.8132
    3482       1.8282
    3483       1.8118
    3484       1.8079
    3485       1.7405
    3486       1.5264
    3487       1.5416
    3488       1.6827
    3489       1.6749
    3490       1.8153
    3491       1.7318
    3492       1.7555
    3493       1.8060
    3494       1.8740
    3495       2.0118
    3496       1.9207
    3497       1.7123
    3498       1.7975
    3499       1.7705
    3500       1.7830
    3501       1.7017
    3502       1.6949
    3503       1.6862
    3504       1.8276
    3505       1.8764
    3506       1.8140
    3507       1.7843
    3508       1.6380
    3509       1.5954
    3510       1.5410
    3511       1.5297
    3512       1.5848
    3513       1.7821
    3514       1.6911
    3515       1.6175
    3516       1.6741
    3517       1.5593
    3518       1.6807
    3519       1.6808
    3520       1.5463
    3521       1.5855
    3522       1.7216
    3523       1.8328
    3524       1.8267
    3525       1.7722
    3526       1.7347
    3527       1.7756
    3528       1.8526
    3529       1.7289
    3530       1.7638
    3531       1.8626
    3532       1.7645
    3533       1.6792
    3534       1.8594
    3535       1.7586
    3536       1.7748
    3537       1.7534
    3538       1.7525
    3539       1.6804
    3540       1.7282
    3541       1.7999
    3542       1.7726
    3543       1.6890
    3544       1.5944
    3545       1.6161
    3546       1.5419
    3547       1.7351
    3548       1.6907
    3549       1.7211
    3550       1.7462
    3551       1.7552
    3552       1.8852
    3553       1.7493
    3554       1.6918
    3555       1.7979
    3556       1.8767
    3557       1.7080
    3558       1.8341
    3559       1.7922
    3560       1.7476
    3561       1.7055
    3562       1.8160
    3563       1.7614
    3564       1.8213
    3565       1.7209
    3566       1.7621
    3567       1.7417
    3568       1.6424
    3569       1.6155
    3570       1.5354
    3571       1.7001
    3572       1.7214
    3573       1.5999
    3574       1.5990
    3575       1.7221
    3576       1.6830
    3577       1.7660
    3578       1.6017
    3579       1.6387
    3580       1.6688
    3581       1.7054
    3582       1.8106
    3583       1.6642
    3584       1.7288
    3585       1.7464
    3586       1.8110
    3587       1.6137
    3588       1.6409
    3589       1.7602
    3590       1.7907
    3591       1.7272
    3592       1.6256
    3593       1.7283
    3594       1.7364
    3595       1.7766
    3596       1.7388
    3597       1.8650
    3598       1.8279
    3599       1.7420
    3600       1.7924
    3601       1.7549
    3602       1.7245
    3603       1.9470
    3604       1.8467
    3605       1.8676
    3606       1.9146
    3607       1.7235
    3608       1.7147
    3609       1.6960
    3610       1.6101
    3611       1.5320
    3612       1.5426
    3613       1.5725
    3614       1.5295
    3615       1.5507
    3616       1.5158
    3617       1.5086
    3618       1.6683
    3619       1.6956
    3620       1.6010
    3621       1.5382
    3622       1.5488
    3623       1.5648
    3624       1.5234
    3625       1.5608
    3626       1.6663
    3627       1.5597
    3628       1.6018
    3629       1.6454
    3630       1.5347
    3631       1.4740
    3632       1.5034
    3633       1.4227
    3634       1.4559
    3635       1.5058
    3636       1.5395
    3637       1.4981
    3638       1.5356
    3639       1.5926
    3640       1.6164
    3641       1.5407
    3642       1.5337
    3643       1.6255
    3644       1.4600
    3645       1.5711
    3646       1.5109
    3647       1.6573
    3648       1.5652
    3649       1.5272
    3650       1.6551
    3651       1.6218
    3652       1.6337
    3653       1.7035
    3654       1.7199
    3655       1.8148
    3656       1.7667
    3657       1.7169
    3658       1.6858
    3659       1.6610
    3660       1.7372
    3661       1.7721
    3662       1.7163
    3663       1.8412
    3664       1.6265
    3665       1.6840
    3666       1.7236
    3667       1.7644
    3668       1.6988
    3669       1.7601
    3670       1.8653
    3671       1.8612
    3672       1.8046
    3673       1.7605
    3674       1.8494
    3675       1.8285
    3676       1.6883
    3677       1.8575
    3678       1.7558
    3679       1.8281
    3680       1.7852
    3681       1.8103
    3682       1.7220
    3683       1.5574
    3684       1.6076
    3685       1.6448
    3686       1.5565
    3687       1.4862
    3688       1.5884
    3689       1.5941
    3690       1.6343
    3691       1.6698
    3692       1.5718
    3693       1.5617
    3694       1.6396
    3695       1.4645
    3696       1.5641
    3697       1.6206
    3698       1.6099
    3699       1.6999
    3700       1.5431
    3701       1.6863
    3702       1.5752
    3703       1.4632
    3704       1.4245
    3705       1.3771
    3706       1.3789
    3707       1.4942
    3708       1.3836
    3709       1.5497
    3710       1.5114
    3711       1.5358
    3712       1.5957
    3713       1.3904
    3714       1.4560
    3715       1.4025
    3716       1.4366
    3717       1.4371
    3718       1.4633
    3719       1.4853
    3720       1.4713
    3721       1.4021
    3722       1.4724
    3723       1.6306
    3724       1.6427
    3725       1.6289
    3726       1.7323
    3727       1.6749
    3728       1.7344
    3729       1.7121
    3730       1.7444
    3731       1.6611
    3732       1.6327
    3733       1.6182
    3734       1.6783
    3735       1.5657
    3736       1.5225
    3737       1.6168
    3738       1.5978
    3739       1.5017
    3740       1.6467
    3741       1.7270
    3742       1.6682
    3743       1.6404
    3744       1.5729
    3745       1.6293
    3746       1.7019
    3747       1.6407
    3748       1.5683
    3749       1.6809
    3750       1.6336
    3751       1.6981
    3752       1.7386
    3753       1.6883
    3754       1.7043
    3755       1.6058
    3756       1.5978
    3757       1.6224
    3758       1.6403
    3759       1.5682
    3760       1.7569
    3761       1.7187
    3762       1.6300
    3763       1.6302
    3764       1.6246
    3765       1.4882
    3766       1.6356
    3767       1.5443
    3768       1.5494
    3769       1.6287
    3770       1.5001
    3771       1.5242
    3772       1.5380
    3773       1.5887
    3774       1.6343
    3775       1.5806
    3776       1.5654
    3777       1.5920
    3778       1.5806
    3779       1.5389
    3780       1.5783
    3781       1.3933
    3782       1.5320
    3783       1.5992
    3784       1.5919
    3785       1.6278
    3786       1.6470
    3787       1.6417
    3788       1.6628
    3789       1.6671
    3790       1.5851
    3791       1.5444
    3792       1.6629
    3793       1.6550
    3794       1.6896
    3795       1.8324
    3796       1.9021
    3797       1.9948
    3798       1.8527
    3799       1.6551
    3800       1.7900
    3801       1.8294
    3802       1.7916
    3803       1.7226
    3804       1.8294
    3805       1.6336
    3806       1.8305
    3807       1.7889
    3808       1.7657
    3809       1.7393
    3810       1.6149
    3811       1.5835
    3812       1.5668
    3813       1.5479
    3814       1.6024
    3815       1.6535
    3816       1.8427
    3817       1.6704
    3818       1.6235
    3819       1.5328
    3820       1.5433
    3821       1.7653
    3822       1.7534
    3823       1.6827
    3824       1.6572
    3825       1.5700
    3826       1.6346
    3827       1.6643
    3828       1.5731
    3829       1.5389
    3830       1.5800
    3831       1.6196
    3832       1.7045
    3833       1.6625
    3834       1.5497
    3835       1.5922
    3836       1.5391
    3837       1.5734
    3838       1.6451
    3839       1.6855
    3840       1.6446
    3841       1.5039
    3842       1.5567
    3843       1.6492
    3844       1.4243
    3845       1.4149
    3846       1.5007
    3847       1.4727
    3848       1.5559
    3849       1.6430
    3850       1.6942
    3851       1.6991
    3852       1.7396
    3853       1.5879
    3854       1.6877
    3855       1.7056
    3856       1.6331
    3857       1.7625
    3858       1.7201
    3859       1.7143
    3860       1.7738
    3861       1.8065
    3862       1.7428
    3863       1.6916
    3864       1.6894
    3865       1.6740
    3866       1.7374
    3867       1.7635
    3868       1.8414
    3869       1.7762
    3870       1.8314
    3871       1.8912
    3872       1.8626
    3873       1.8638
    3874       1.8200
    3875       2.0424
    3876       1.9475
    3877       1.8508
    3878       1.7516
    3879       1.6469
    3880       1.6933
    3881       1.6656
    3882       1.6204
    3883       1.5373
    3884       1.5161
    3885       1.5858
    3886       1.5829
    3887       1.6737
    3888       1.5893
    3889       1.6621
    3890       1.6982
    3891       1.6932
    3892       1.6711
    3893       1.6977
    3894       1.7363
    3895       1.7467
    3896       1.7347
    3897       1.8704
    3898       1.8166
    3899       1.7194
    3900       1.7451
    3901       1.7018
    3902       1.7449
    3903       1.7583
    3904       1.6102
    3905       1.5910
    3906       1.7049
    3907       1.6847
    3908       1.8620
    3909       1.7567
    3910       1.6499
    3911       1.6768
    3912       1.6371
    3913       1.6945
    3914       1.7523
    3915       1.8066
    3916       1.8222
    3917       1.7769
    3918       1.6204
    3919       1.7450
    3920       1.7836
    3921       1.7522
    3922       1.6813
    3923       1.7186
    3924       1.7698
    3925       1.7236
    3926       1.7846
    3927       1.7564
    3928       1.9372
    3929       2.0183
    3930       2.0735
    3931       2.0085
    3932       1.9199
    3933       1.9534
    3934       2.0384
    3935       1.9085
    3936       2.0603
    3937       2.0280
    3938       1.7462
    3939       1.8135
    3940       1.9467
    3941       1.9288
    3942       1.9961
    3943       1.9426
    3944       1.9755
    3945       2.0063
    3946       2.0655
    3947       2.1465
    3948       2.0643
    3949       2.0790
    3950       2.0237
    3951       1.8128
    3952       1.8357
    3953       1.9298
    3954       1.9594
    3955       1.9264
    3956       1.9612
    3957       1.9166
    3958       1.9547
    3959       1.9460
    3960       1.8867
    3961       1.8675
    3962       1.8201
    3963       1.9496
    3964       1.9684
    3965       1.8612
    3966       1.9831
    3967       2.0384
    3968       2.0044
    3969       1.9628
    3970       2.0280
    3971       1.8124
    3972       1.8104
    3973       1.8430
    3974       1.7354
    3975       1.7980
    3976       1.8553
    3977       1.8615
    3978       1.9506
    3979       1.8431
    3980       1.9773
    3981       1.8739
    3982       1.9607
    3983       1.9884
    3984       1.9823
    3985       1.9449
    3986       1.8851
    3987       1.8308
    3988       1.8161
    3989       1.8683
    3990       1.7568
    3991       1.6900
    3992       1.6416
    3993       1.6549
    3994       1.8245
    3995       2.1285
    3996       2.0822
    3997       2.2396
    3998       1.9854
    3999       1.9422
    4000       1.9781
    4001       1.8716
    4002       1.9597
    4003       1.7662
    4004       1.8499
    4005       1.9737
    4006       1.8182
    4007       1.9247
    4008       1.9896
    4009       2.0705
    4010       1.9469
    4011       1.8788
    4012       1.9388
    4013       1.9245
    4014       1.8262
    4015       1.9767
    4016       1.8743
    4017       1.7129
    4018       1.7401
    4019       1.6487
    4020       1.7371
    4021       1.8232
    4022       1.9902
    4023       1.7875
    4024       1.8130
    4025       1.6673
    4026       1.5946
    4027       1.6695
    4028       1.6052
    4029       1.6596
    4030       1.6681
    4031       1.7036
    4032       1.7964
    4033       1.8571
    4034       1.8071
    4035       1.9879
    4036       2.1918
    4037       2.3267
    4038       2.1992
    4039       2.1273
    4040       2.0358
    4041       1.9003
    4042       1.9974
    4043       2.0951
    4044       2.1314
    4045       1.9911
    4046       1.9728
    4047       1.9532
    4048       1.9133
    4049       1.9112
    4050       1.7775
    4051       1.8169
    4052       1.7993
    4053       1.8952
    4054       1.9464
    4055       1.9252
    4056       1.8310
    4057       1.9700
    4058       2.2665
    4059       2.2477
    4060       2.1958
    4061       1.9709
    4062       1.9390
    4063       1.9166
    4064       2.0006
    4065       2.0635
    4066       1.7991
    4067       1.8108
    4068       2.0579
    4069       2.1521
    4070       1.9683
    4071       2.1439
    4072       2.0845
    4073       2.1147
    4074       2.1684
    4075       2.0924
    4076       2.0741
    4077       1.8638
    4078       1.9286
    4079       1.7824
    4080       1.9182
    4081       1.7508
    4082       1.8721
    4083       1.8750
    4084       1.8469
    4085       2.0064
    4086       1.8511
    4087       1.7303
    4088       1.8644
    4089       1.7804
    4090       1.7630
    4091       1.7727
    4092       1.8553
    4093       1.6589
    4094       1.6867
    4095       1.8320
    4096       1.5782
    4097       1.7246
    4098       1.6582
    4099       1.7006
    4100       1.6796
    4101       1.6871
    4102       1.6551
    4103       1.7490
    4104       1.9113
    4105       1.8380
    4106       1.7834
    4107       1.6715
    4108       1.7710
    4109       1.5731
    4110       1.7727
    4111       1.5528
    4112       1.6739
    4113       1.6843
    4114       1.7741
    4115       1.7716
    4116       1.6486
    4117       1.7300
    4118       1.6827
    4119       1.7403
    4120       1.7616
    4121       1.6573
    4122       1.6956
    4123       1.7104
    4124       1.5150
    4125       1.5541
    4126       1.7718
    4127       1.7702
    4128       1.7798
    4129       1.7876
    4130       1.7377
    4131       1.6847
    4132       1.7828
    4133       1.6364
    4134       1.7273
    4135       1.7196
    4136       1.7080
    4137       1.7884
    4138       1.7355
    4139       1.6990
    4140       1.7266
    4141       1.6291
    4142       1.6423
    4143       1.7402
    4144       1.6944
    4145       1.4593
    4146       1.5131
    4147       1.5821
    4148       1.6257
    4149       1.6203
    4150       1.5662
    4151       1.5036
    4152       1.3802
    4153       1.5769
    4154       1.5593
    4155       1.6054
    4156       1.5532
    4157       1.6173
    4158       1.5326
    4159       1.4918
    4160       1.4661
    4161       1.5198
    4162       1.6390
    4163       1.5937
    4164       1.5782
    4165       1.5092
    4166       1.7138
    4167       1.5770
    4168       1.5180
    4169       1.6245
    4170       1.6664
    4171       1.7051
    4172       1.6634
    4173       1.7757
    4174       1.6398
    4175       1.6450
    4176       1.7729
    4177       1.8393
    4178       1.8030
    4179       1.7519
    4180       1.8269
    4181       1.8626
    4182       1.8301
    4183       1.7959
    4184       1.8131
    4185       1.7901
    4186       1.9040
    4187       1.7933
    4188       1.8934
    4189       2.0099
    4190       1.8259
    4191       1.7471
    4192       1.5928
    4193       1.7353
    4194       1.6537
    4195       1.6113
    4196       1.5776
    4197       1.5215
    4198       1.4932
    4199       1.5977
    4200       1.5872
    4201       1.6496
    4202       1.6323
    4203       1.5971
    4204       1.6077
    4205       1.5593
    4206       1.6033
    4207       1.6085
    4208       1.6277
    4209       1.6530
    4210       1.7783
    4211       1.7667
    4212       1.8267
    4213       1.7073
    4214       1.6746
    4215       1.6678
    4216       1.7132
    4217       1.6424
    4218       1.6130
    4219       1.6602
    4220       1.7748
    4221       1.8023
    4222       1.7683
    4223       1.7446
    4224       1.8433
    4225       1.8942
    4226       1.8612
    4227       1.7292
    4228       1.7709
    4229       1.6755
    4230       1.6839
    4231       1.7487
    4232       1.6549
    4233       1.6731
    4234       1.8083
    4235       1.6191
    4236       1.6931
    4237       1.5832
    4238       1.5961
    4239       1.6655
    4240       1.6881
    4241       1.6612
    4242       1.6505
    4243       1.7967
    4244       1.7182
    4245       1.7462
    4246       1.7221
    4247       1.9014
    4248       1.8195
    4249       1.7217
    4250       1.7423
    4251       1.7749
    4252       1.6688
    4253       1.7316
    4254       1.7408
    4255       1.6963
    4256       1.7215
    4257       1.7429
    4258       1.7008
    4259       1.5795
    4260       1.5602
    4261       1.6079
    4262       1.6826
    4263       1.7699
    4264       1.8055
    4265       1.6915
    4266       1.6229
    4267       1.6619
    4268       1.7431
    4269       1.7564
    4270       1.6788
    4271       1.6210
    4272       1.6342
    4273       1.6906
    4274       1.6610
    4275       1.7140
    4276       1.6674
    4277       1.6305
    4278       1.7851
    4279       1.6535
    4280       1.7025
    4281       1.7933
    4282       1.8188
    4283       1.7695
    4284       1.6917
    4285       1.7461
    4286       1.8278
    4287       1.7369
    4288       1.7543
    4289       1.7444
    4290       1.7342
    4291       1.8118
    4292       1.7658
    4293       1.7926
    4294       1.7936
    4295       1.6865
    4296       1.7419
    4297       1.8095
    4298       1.8903
    4299       1.9222
    4300       1.9265
    4301       1.8874
    4302       1.8755
    4303       1.7538
    4304       1.7118
    4305       1.6816
    4306       1.7293
    4307       1.7027
    4308       1.8351
    4309       1.7194
    4310       1.7006
    4311       1.7879
    4312       1.6585
    4313       1.7538
    4314       1.6879
    4315       1.7722
    4316       1.7270
    4317       1.6290
    4318       1.5878
    4319       1.5484
    4320       1.5579
    4321       1.6446
    4322       1.8069
    4323       1.7059
    4324       1.7207
    4325       1.6896
    4326       1.7070
    4327       1.7198
    4328       1.7685
    4329       1.5948
    4330       1.7879
    4331       1.7824
    4332       1.7852
    4333       1.7803
    4334       1.7812
    4335       1.8465
    4336       1.7761
    4337       1.7967
    4338       1.8376
    4339       1.8270
    4340       1.8914
    4341       1.8393
    4342       1.8640
    4343       1.8805
    4344       1.8761
    4345       1.8414
    4346       1.7441
    4347       1.7086
    4348       1.7021
    4349       1.6368
    4350       1.6366
    4351       1.7436
    4352       1.7545
    4353       1.7083
    4354       1.7140
    4355       1.6178
    4356       1.7250
    4357       1.6513
    4358       1.8393
    4359       1.8612
    4360       1.8548
    4361       1.7938
    4362       1.7673
    4363       1.6304
    4364       1.5987
    4365       1.5312
    4366       1.5225
    4367       1.6150
    4368       1.7617
    4369       1.6952
    4370       1.5993
    4371       1.5521
    4372       1.6222
    4373       1.5827
    4374       1.8575
    4375       1.8794
    4376       1.8531
    4377       1.9298
    4378       1.8356
    4379       1.7347
    4380       1.5672
    4381       1.5039
    4382       1.5798
    4383       1.5867
    4384       1.6361
    4385       1.5988
    4386       1.5901
    4387       1.7005
    4388       1.7647
    4389       1.7087
    4390       1.5001
    4391       1.7220
    4392       1.7983
    4393       1.7937
    4394       1.7781
    4395       1.7678
    4396       1.8729
    4397       1.7724
    4398       1.7964
    4399       1.7003
    4400       1.7114
    4401       1.6683
    4402       1.7197
    4403       1.6749
    4404       1.7222
    4405       1.7566
    4406       1.8697
    4407       1.9089
    4408       1.7309
    4409       1.8507
    4410       1.7518
    4411       1.6827
    4412       1.8272
    4413       1.7408
    4414       1.6027
    4415       1.6151
    4416       1.7342
    4417       1.6650
    4418       1.6087
    4419       1.6138
    4420       1.7107
    4421       1.7710
    4422       1.8350
    4423       1.6958
    4424       1.7634
    4425       1.7315
    4426       1.6458
    4427       1.6986
    4428       1.8292
    4429       1.7500
    4430       1.7281
    4431       1.8241
    4432       1.9830
    4433       1.8849
    4434       1.7881
    4435       1.7978
    4436       1.7736
    4437       1.8360
    4438       1.7632
    4439       1.7346
    4440       1.6279
    4441       1.6953
    4442       1.6969
    4443       1.6125
    4444       1.6342
    4445       1.6002
    4446       1.6603
    4447       1.6073
    4448       1.6465
    4449       1.6130
    4450       1.6644
    4451       1.5852
    4452       1.5819
    4453       1.7372
    4454       1.7506
    4455       1.7923
    4456       1.7526
    4457       1.8482
    4458       1.7244
    4459       1.8425
    4460       1.7519
    4461       1.7175
    4462       1.8577
    4463       1.7942
    4464       1.7554
    4465       1.7206
    4466       1.7278
    4467       1.6482
    4468       1.6908
    4469       1.6714
    4470       1.6916
    4471       1.6619
    4472       1.7859
    4473       1.8348
    4474       1.7452
    4475       1.6884
    4476       1.6722
    4477       1.6144
    4478       1.7097
    4479       1.6562
    4480       1.5974
    4481       1.6709
    4482       1.6793
    4483       1.7362
    4484       1.7333
    4485       1.7578
    4486       1.7286
    4487       1.6697
    4488       1.5932
    4489       1.6187
    4490       1.7463
    4491       1.7198
    4492       1.7606
    4493       1.7666
    4494       1.7044
    4495       1.6527
    4496       1.7403
    4497       1.6873
    4498       1.6009
    4499       1.6738
    4500       1.6418
    4501       1.6677
    4502       1.6610
    4503       1.7541
    4504       1.7686
    4505       1.8063
    4506       1.7720
    4507       1.7330
    4508       1.7293
    4509       1.6641
    4510       1.7425
    4511       1.7296
    4512       1.6931
    4513       1.6860
    4514       1.6188
    4515       1.7183
    4516       1.7069
    4517       1.6272
    4518       1.6840
    4519       1.5141
    4520       1.6176
    4521       1.6271
    4522       1.6270
    4523       1.6569
    4524       1.6436
    4525       1.5577
    4526       1.6095
    4527       1.6383
    4528       1.7322
    4529       1.7291
    4530       1.7994
    4531       1.8261
    4532       1.8467
    4533       1.9092
    4534       1.9934
    4535       2.2238
    4536       2.1249
    4537       1.9517
    4538       1.8765
    4539       1.8390
    4540       1.7327
    4541       1.7212
    4542       1.6401
    4543       1.6045
    4544       1.5650
    4545       1.5439
    4546       1.5766
    4547       1.4535
    4548       1.4898
    4549       1.5312
    4550       1.4950
    4551       1.6095
    4552       1.5886
    4553       1.6021
    4554       1.7996
    4555       1.8084
    4556       1.7565
    4557       1.6893
    4558       1.8078
    4559       1.7578
    4560       1.6611
    4561       1.8129
    4562       1.9765
    4563       1.9894
    4564       1.7140
    4565       1.7696
    4566       1.5786
    4567       1.6857
    4568       1.6499
    4569       1.6950
    4570       1.6170
    4571       1.5140
    4572       1.6406
    4573       1.7331
    4574       1.7837
    4575       1.7056
    4576       1.7015
    4577       1.8548
    4578       1.9510
    4579       1.8708
    4580       1.8971
    4581       1.8241
    4582       1.8582
    4583       1.8334
    4584       1.8467
    4585       1.7777
    4586       1.7797
    4587       1.7950
    4588       1.7811
    4589       1.7766
    4590       1.6980
    4591       1.7420
    4592       1.7484
    4593       1.7864
    4594       1.8090
    4595       1.8103
    4596       1.8896
    4597       1.9137
    4598       1.8022
    4599       1.9262
    4600       1.8009
    4601       1.6917
    4602       1.7077
    4603       1.8348
    4604       1.7576
    4605       1.9990
    4606       1.9967
    4607       1.9137
    4608       1.9518
    4609       2.0702
    4610       2.0864
    4611       2.0718
    4612       1.9540
    4613       2.0178
    4614       2.0726
    4615       1.9266
    4616       1.8725
    4617       1.8422
    4618       1.9097
    4619       1.8751
    4620       1.8358
    4621       1.8266
    4622       1.6745
    4623       1.5200
    4624       1.5398
    4625       1.5948
    4626       1.5449
    4627       1.5625
    4628       1.5301
    4629       1.5963
    4630       1.6096
    4631       1.4818
    4632       1.5583
    4633       1.5810
    4634       1.7014
    4635       1.6557
    4636       1.6490
    4637       1.5215
    4638       1.5178
    4639       1.6609
    4640       1.8087
    4641       1.7140
    4642       1.5854
    4643       1.6997
    4644       1.5740
    4645       1.7265
    4646       1.7242
    4647       1.6752
    4648       1.7632
    4649       1.8649
    4650       1.9175
    4651       1.9279
    4652       2.0433
    4653       1.8442
    4654       1.9730
    4655       2.0329
    4656       2.1076
    4657       1.9568
    4658       1.9170
    4659       1.8440
    4660       1.9161
    4661       1.9209
    4662       1.9916
    4663       1.7139
    4664       1.7269
    4665       1.7476
    4666       1.8112
    4667       1.7535
    4668       1.7913
    4669       1.9422
    4670       1.8131
    4671       1.9812
    4672       2.1644
    4673       2.0171
    4674       2.0744
    4675       1.9370
    4676       1.7787
    4677       1.7840
    4678       1.6326
    4679       1.5837
    4680       1.6311
    4681       1.6035
    4682       1.8015
    4683       1.7993
    4684       1.9320
    4685       1.8427
    4686       1.8901
    4687       2.0250
    4688       1.7794
    4689       1.7586
    4690       1.8312
    4691       1.8851
    4692       1.7271
    4693       1.8182
    4694       1.8221
    4695       1.9114
    4696       1.8591
    4697       1.5923
    4698       1.6100
    4699       1.6454
    4700       1.6512
    4701       1.6184
    4702       1.6756
    4703       1.7496
    4704       1.6997
    4705       1.6239
    4706       1.6277
    4707       1.5111
    4708       1.5030
    4709       1.5258
    4710       1.6170
    4711       1.6091
    4712       1.6431
    4713       1.6013
    4714       1.7041
    4715       1.5585
    4716       1.5935
    4717       1.5493
    4718       1.5722
    4719       1.5660
    4720       1.6026
    4721       1.5834
    4722       1.5021
    4723       1.5393
    4724       1.5276
    4725       1.5265
    4726       1.4639
    4727       1.6680
    4728       1.5536
    4729       1.4608
    4730       1.5254
    4731       1.6127
    4732       1.5935
    4733       1.6436
    4734       1.5362
    4735       1.5968
    4736       1.4856
    4737       1.5657
    4738       1.4698
    4739       1.5059
    4740       1.4621
    4741       1.4773
    4742       1.4504
    4743       1.4780
    4744       1.4424
    4745       1.4318
    4746       1.5017
    4747       1.4720
    4748       1.4371
    4749       1.5540
    4750       1.6068
    4751       1.6317
    4752       1.5428
    4753       1.4827
    4754       1.4455
    4755       1.5016
    4756       1.6046
    4757       1.5834
    4758       1.5486
    4759       1.5985
    4760       1.5311
    4761       1.5803
    4762       1.6633
    4763       1.5395
    4764       1.5670
    4765       1.5709
    4766       1.4582
    4767       1.4528
    4768       1.4600
    4769       1.6250
    4770       1.6033
    4771       1.5328
    4772       1.4925
    4773       1.5028
    4774       1.4595
    4775       1.6237
    4776       1.5172
    4777       1.6837
    4778       1.6111
    4779       1.7156
    4780       1.6859
    4781       1.5830
    4782       1.6750
    4783       1.6555
    4784       1.5792
    4785       1.6764
    4786       1.6315
    4787       1.5450
    4788       1.5502
    4789       1.5148
    4790       1.4447
    4791       1.4982
    4792       1.4947
    4793       1.5712
    4794       1.6120
    4795       1.7205
    4796       1.7773
    4797       1.7822
    4798       1.6899
    4799       1.6064
    4800       1.6587
    4801       1.6986
    4802       1.5868
    4803       1.6797
    4804       1.7251
    4805       1.6847
    4806       1.6396
    4807       1.5824
    4808       1.5248
    4809       1.5828
    4810       1.6156
    4811       1.7189
    4812       1.6757
    4813       1.7040
    4814       1.7272
    4815       1.6008
    4816       1.6557
    4817       1.7207
    4818       1.6907
    4819       1.7933
    4820       1.7522
    4821       1.6628
    4822       1.8124
    4823       1.6723
    4824       1.6156
    4825       1.7299
    4826       1.8845
    4827       1.8657
    4828       1.7191
    4829       1.6949
    4830       1.6733
    4831       1.7776
    4832       1.8706
    4833       1.9284
    4834       1.8609
    4835       1.8272
    4836       1.8364
    4837       1.8577
    4838       1.7062
    4839       1.7460
    4840       1.7013
    4841       1.6732
    4842       1.6462
    4843       1.7782
    4844       1.8510
    4845       1.6616
    4846       1.7850
    4847       1.6233
    4848       1.6403
    4849       1.7545
    4850       1.5800
    4851       1.5975
    4852       1.4982
    4853       1.5290
    4854       1.5954
    4855       1.6388
    4856       1.6893
    4857       1.6957
    4858       1.7361
    4859       1.7687
    4860       1.9137
    4861       1.7544
    4862       1.6528
    4863       1.7102
    4864       1.7370
    4865       1.7551
    4866       1.7559
    4867       1.7003
    4868       1.6893
    4869       1.7086
    4870       1.7429
    4871       1.7185
    4872       1.7117
    4873       1.7734
    4874       1.9281
    4875       1.9161
    4876       1.7937
    4877       1.6930
    4878       1.6267
    4879       1.6394
    4880       1.7199
    4881       1.6989
    4882       1.6925
    4883       1.7996
    4884       1.5502
    4885       1.6140
    4886       1.6738
    4887       1.7464
    4888       1.7538
    4889       1.7084
    4890       1.5755
    4891       1.6464
    4892       1.7419
    4893       1.7011
    4894       1.6398
    4895       1.7623
    4896       1.6216
    4897       1.7338
    4898       1.6965
    4899       1.6530
    4900       1.6788
    4901       1.6958
    4902       1.7434
    4903       1.7683
    4904       1.9342
    4905       1.8481
    4906       1.8687
    4907       1.7182
    4908       1.8960
    4909       1.9132
    4910       1.7617
    4911       1.7609
    4912       1.6095
    4913       1.7083
    4914       1.7408
    4915       1.7744
    4916       1.7256
    4917       1.8020
    4918       1.8719
    4919       1.9658
    4920       2.0320
    4921       2.0319
    4922       1.8630
    4923       1.8288
    4924       1.8179
    4925       1.8757
    4926       1.7955
    4927       1.7890
    4928       1.6307
    4929       1.7480
    4930       1.6717
    4931       1.6125
    4932       1.6458
    4933       1.7215
    4934       1.5619
    4935       1.5005
    4936       1.6286
    4937       1.6603
    4938       1.6151
    4939       1.7637
    4940       1.7508
    4941       1.7662
    4942       1.7128
    4943       1.6915
    4944       1.6352
    4945       1.6052
    4946       1.6444
    4947       1.7867
    4948       1.6374
    4949       1.8100
    4950       1.7168
    4951       1.7658
    4952       1.7389
    4953       1.6256
    4954       1.6918
    4955       1.8451
    4956       1.6935
    4957       1.6563
    4958       1.7740
    4959       1.6053
    4960       1.6052
    4961       1.7057
    4962       1.6895
    4963       1.5446
    4964       1.5347
    4965       1.5338
    4966       1.5622
    4967       1.5442
    4968       1.5758
    4969       1.5160
    4970       1.5135
    4971       1.6391
    4972       1.6555
    4973       1.6652
    4974       1.6872
    4975       2.0321
    4976       1.8522
    4977       1.7221
    4978       1.6727
    4979       1.6246
    4980       1.7338
    4981       1.7960
    4982       1.7726
    4983       1.7917
    4984       1.8204
    4985       1.6537
    4986       1.5719
    4987       1.5421
    4988       1.6337
    4989       1.7192
    4990       1.5964
    4991       1.5208
    4992       1.5761
    4993       1.5174
    4994       1.5987
    4995       1.6385
    4996       1.7028
    4997       1.7588
    4998       1.7181
    4999       1.6546
    5000       1.7009
    5001       1.6849
    5002       1.6989
    5003       1.6033
    5004       1.6436
    5005       1.6361
    5006       1.7126
    5007       1.6893
    5008       1.6325
    5009       1.6638
    5010       1.6421
    5011       1.8060
    5012       1.6998
    5013       1.7898
    5014       1.8223
    5015       1.7611
    5016       1.7355
    5017       1.7701
    5018       1.7891
    5019       1.8100
    5020       1.6650
    5021       1.7124
    5022       1.6758
    5023       1.7108
    5024       1.8536
    5025       1.8663
    5026       1.8405
    5027       1.6184
    5028       1.7742
    5029       1.6695
    5030       1.8069
    5031       1.8809
    5032       1.7906
    5033       1.6322
    5034       1.7425
    5035       1.7285
    5036       1.7882
    5037       1.7590
    5038       1.7924
    5039       1.8378
    5040       1.8742
    5041       1.8472
    5042       1.9471
    5043       1.8780
    5044       1.7614
    5045       1.7658
    5046       1.8076
    5047       1.6575
    5048       1.7911
    5049       1.6652
    5050       1.7036
    5051       1.7293
    5052       1.7250
    5053       1.7571
    5054       1.8324
    5055       1.6902
    5056       1.6419
    5057       1.7560
    5058       1.7297
    5059       1.5692
    5060       1.7127
    5061       1.7531
    5062       1.8338
    5063       1.7964
    5064       1.7933
    5065       1.7392
    5066       1.6485
    5067       1.7824
    5068       1.7358
    5069       1.8184
    5070       1.8379
    5071       1.8339
    5072       1.7462
    5073       1.5910
    5074       1.6174
    5075       1.7003
    5076       1.5972
    5077       1.5417
    5078       1.6810
    5079       1.7305
    5080       1.6575
    5081       1.5679
    5082       1.5896
    5083       1.6807
    5084       1.5966
    5085       1.5107
    5086       1.5041
    5087       1.4906
    5088       1.4749
    5089       1.5210
    5090       1.5057
    5091       1.5798
    5092       1.5274
    5093       1.3970
    5094       1.4491
    5095       1.4361
    5096       1.4008
    5097       1.4385
    5098       1.5004
    5099       1.4909
    5100       1.6622
    5101       1.5962
    5102       1.5863
    5103       1.5907
    5104       1.5971
    5105       1.6125
    5106       1.5681
    5107       1.6312
    5108       1.6602
    5109       1.6778
    5110       1.9156
    5111       1.8547
    5112       1.7390
    5113       1.7471
    5114       1.7714
    5115       1.8091
    5116       1.7128
    5117       1.6646
    5118       1.7130
    5119       1.7323
    5120       1.7458
    5121       1.7372
    5122       1.7074
    5123       1.7228
    5124       1.7726
    5125       1.7910
    5126       1.7956
    5127       1.8446
    5128       1.7610
    5129       1.7150
    5130       1.7197
    5131       1.7199
    5132       1.7038
    5133       1.7383
    5134       1.7517
    5135       1.7419
    5136       1.8318
    5137       1.8217
    5138       1.8593
    5139       1.7818
    5140       1.8055
    5141       1.8320
    5142       1.7782
    5143       1.8685
    5144       1.7291
    5145       1.6388
    5146       1.6459
    5147       1.5113
    5148       1.5724
    5149       1.6483
    5150       1.6338
    5151       1.5745
    5152       1.6438
    5153       1.5659
    5154       1.5995
    5155       1.6097
    5156       1.8035
    5157       1.7912
    5158       1.6432
    5159       1.5742
    5160       1.7203
    5161       1.7176
    5162       1.6023
    5163       1.6465
    5164       1.5354
    5165       1.5636
    5166       1.6024
    5167       1.5482
    5168       1.7104
    5169       1.7004
    5170       1.7360
    5171       1.5717
    5172       1.5681
    5173       1.5801
    5174       1.7260
    5175       1.5607
    5176       1.6732
    5177       1.6361
    5178       1.5523
    5179       1.5605
    5180       1.4857
    5181       1.5028
    5182       1.4958
    5183       1.5432
    5184       1.6045
    5185       1.4442
    5186       1.5576
    5187       1.5722
    5188       1.5796
    5189       1.6755
    5190       1.6545
    5191       1.6549
    5192       1.5694
    5193       1.6524
    5194       1.6730
    5195       1.6848
    5196       1.7353
    5197       1.6694
    5198       1.6012
    5199       1.6922
    5200       1.8292
    5201       2.0381
    5202       1.9054
    5203       1.9679
    5204       1.9542
    5205       1.8381
    5206       1.6225
    5207       1.5583
    5208       1.5369
    5209       1.6508
    5210       1.5901
    5211       1.6893
    5212       1.7573
    5213       1.8300
    5214       1.8492
    5215       1.7635
    5216       1.7744
    5217       1.7360
    5218       1.7436
    5219       1.6721
    5220       1.6067
    5221       1.6275
    5222       1.6579
    5223       1.8030
    5224       1.6802
    5225       1.6854
    5226       1.7042
    5227       1.7073
    5228       1.7111
    5229       1.6134
    5230       1.5093
    5231       1.5871
    5232       1.7633
    5233       1.7795
    5234       1.7445
    5235       1.6963
    5236       1.7409
    5237       1.7565
    5238       1.6539
    5239       1.5408
    5240       1.6286
    5241       1.7876
    5242       1.8623
    5243       1.6455
    5244       1.8689
    5245       1.8184
    5246       1.8922
    5247       1.7839
    5248       1.7116
    5249       1.6040
    5250       1.7245
    5251       1.8444
    5252       1.7786
    5253       1.7593
    5254       1.8653
    5255       1.8070
    5256       1.7906
    5257       1.7965
    5258       1.6693
    5259       1.8410
    5260       1.8728
    5261       1.8432
    5262       1.8805
    5263       1.8831
    5264       1.7668
    5265       1.8005
    5266       1.8038
    5267       1.7264
    5268       1.6762
    5269       1.6461
    5270       1.6877
    5271       1.6036
    5272       1.6783
    5273       1.7305
    5274       1.8859
    5275       1.9586
    5276       1.8498
    5277       1.7537
    5278       1.6675
    5279       1.7966
    5280       1.7166
    5281       1.7292
    5282       1.6219
    5283       1.6068
    5284       1.7150
    5285       1.7109
    5286       1.6942
    5287       1.6721
    5288       1.6713
    5289       1.7053
    5290       1.6395
    5291       1.7549
    5292       1.6974
    5293       1.7322
    5294       1.6455
    5295       1.6201
    5296       1.5973
    5297       1.6433
    5298       1.5985
    5299       1.6291
    5300       1.5920
    5301       1.5002
    5302       1.6573
    5303       1.6361
    5304       1.5401
    5305       1.6061
    5306       1.5858
    5307       1.5036
    5308       1.6280
    5309       1.6535
    5310       1.6375
    5311       1.6813
    5312       1.7122
    5313       1.6780
    5314       1.6472
    5315       1.6550
    5316       1.7398
    5317       1.7255
    5318       1.7639
    5319       1.7399
    5320       1.7168
    5321       1.6041
    5322       1.5821
    5323       1.7181
    5324       1.6408
    5325       1.7728
    5326       1.7514
    5327       1.6490
    5328       1.7255
    5329       1.6609
    5330       1.6523
    5331       1.7892
    5332       1.7864
    5333       1.7661
    5334       1.8116
    5335       1.7024
    5336       1.6319
    5337       1.4976
    5338       1.6018
    5339       1.7253
    5340       1.6861
    5341       1.6885
    5342       1.5804
    5343       1.6395
    5344       1.6034
    5345       1.6528
    5346       1.6073
    5347       1.8171
    5348       1.8554
    5349       1.6980
    5350       1.8281
    5351       1.8262
    5352       1.7858
    5353       1.7574
    5354       1.7973
    5355       1.8397
    5356       1.8070
    5357       1.5514
    5358       1.7967
    5359       1.8963
    5360       1.8829
    5361       1.8025
    5362       1.7780
    5363       1.8219
    5364       1.8844
    5365       1.8301
    5366       1.7551
    5367       1.8444
    5368       1.6842
    5369       1.8087
    5370       1.7424
    5371       1.8237
    5372       1.7545
    5373       1.6534
    5374       1.6971
    5375       1.6237
    5376       1.7019
    5377       1.6455
    5378       1.6520
    5379       1.7738
    5380       1.8073
    5381       1.8511
    5382       1.7425
    5383       1.5691
    5384       1.6875
    5385       1.7507
    5386       1.7176
    5387       1.7115
    5388       1.7340
    5389       1.6920
    5390       1.6312
    5391       1.7770
    5392       1.7652
    5393       1.7813
    5394       1.8673
    5395       1.6868
    5396       1.6576
    5397       1.5909
    5398       1.6601
    5399       1.6943
    5400       1.7104
    5401       1.6754
    5402       1.7069
    5403       1.7807
    5404       1.7365
    5405       1.7239
    5406       1.7715
    5407       1.6663
    5408       1.8889
    5409       1.9782
    5410       1.8993
    5411       1.8956
    5412       1.9699
    5413       2.0107
    5414       1.9415
    5415       2.0571
    5416       2.0905
    5417       2.0492
    5418       2.1041
    5419       2.0461
    5420       1.9208
    5421       1.9041
    5422       1.9219
    5423       1.9069
    5424       1.8736
    5425       1.8818
    5426       1.9743
    5427       1.9454
    5428       1.9225
    5429       1.8586
    5430       1.8082
    5431       1.8700
    5432       1.8301
    5433       1.8164
    5434       1.7277
    5435       1.7921
    5436       1.6826
    5437       1.7755
    5438       1.7375
    5439       1.8379
    5440       1.9534
    5441       1.8643
    5442       1.7156
    5443       1.6880
    5444       1.6738
    5445       1.7135
    5446       1.9072
    5447       1.8632
    5448       1.8682
    5449       1.8387
    5450       1.8420
    5451       1.6833
    5452       1.6712
    5453       1.6915
    5454       1.8257
    5455       1.7746
    5456       1.7617
    5457       1.7320
    5458       1.7962
    5459       1.7117
    5460       1.7023
    5461       1.7443
    5462       1.8418
    5463       1.7808
    5464       1.7083
    5465       1.7266
    5466       1.6817
    5467       1.5899
    5468       1.5428
    5469       1.6126
    5470       1.7520
    5471       1.8645
    5472       1.8883
    5473       1.8361
    5474       1.8248
    5475       1.8115
    5476       1.8281
    5477       1.8396
    5478       1.7430
    5479       1.8258
    5480       1.9078
    5481       1.9359
    5482       1.7930
    5483       1.8379
    5484       1.8358
    5485       1.8232
    5486       1.7839
    5487       1.7546
    5488       1.7682
    5489       1.8080
    5490       1.7249
    5491       1.6746
    5492       1.8500
    5493       1.8777
    5494       1.9802
    5495       1.9395
    5496       1.8431
    5497       1.7496
    5498       1.8150
    5499       1.8852
    5500       1.8730
    5501       1.8450
    5502       1.7964
    5503       1.8236
    5504       1.8866
    5505       1.9277
    5506       1.8841
    5507       1.7538
    5508       1.7832
    5509       1.8517
    5510       1.7572
    5511       1.8831
    5512       1.7906
    5513       1.6742
    5514       1.8408
    5515       1.7971
    5516       1.7774
    5517       1.7641
    5518       1.7322
    5519       1.7286
    5520       1.6519
    5521       1.6884
    5522       1.7656
    5523       1.8750
    5524       1.7456
    5525       1.7524
    5526       1.7071
    5527       1.7690
    5528       1.7945
    5529       1.7126
    5530       1.7664
    5531       1.7796
    5532       1.7638
    5533       1.7913
    5534       1.9394
    5535       1.8548
    5536       1.7939
    5537       1.7389
    5538       1.7431
    5539       1.8098
    5540       1.8768
    5541       1.7760
    5542       1.8536
    5543       1.7833
    5544       1.8359
    5545       1.7765
    5546       1.7612
    5547       1.8659
    5548       1.8182
    5549       1.7711
    5550       1.6723
    5551       1.7940
    5552       1.8559
    5553       1.7770
    5554       1.8012
    5555       1.7378
    5556       1.8005
    5557       1.8003
    5558       1.7810
    5559       1.7880
    5560       1.7902
    5561       1.7591
    5562       1.7968
    5563       1.8680
    5564       1.7748
    5565       1.7455
    5566       1.8073
    5567       1.8120
    5568       1.8621
    5569       1.8399
    5570       1.8832
    5571       2.0319
    5572       1.9470
    5573       1.9243
    5574       1.8322
    5575       1.7970
    5576       1.8154
    5577       1.8482
    5578       1.8951
    5579       1.8533
    5580       1.7499
    5581       1.7384
    5582       1.7513
    5583       1.8047
    5584       1.7705
    5585       1.7779
    5586       1.8232
    5587       1.7806
    5588       1.8332
    5589       1.7894
    5590       1.7569
    5591       1.8524
    5592       1.8211
    5593       1.8750
    5594       1.7813
    5595       1.7183
    5596       1.7981
    5597       1.9444
    5598       1.9820
    5599       1.8100
    5600       1.7599
    5601       1.8891
    5602       1.8723
    5603       2.0078
    5604       1.9498
    5605       2.0235
    5606       1.9574
    5607       1.8690
    5608       1.8043
    5609       1.6732
    5610       1.7485
    5611       1.8821
    5612       1.7322
    5613       1.7141
    5614       1.6132
    5615       1.7951
    5616       1.8306
    5617       1.7675
    5618       1.7386
    5619       1.6958
    5620       1.7872
    5621       1.8139
    5622       1.8183
    5623       1.7569
    5624       1.7320
    5625       1.8199
    5626       1.7508
    5627       1.8773
    5628       1.8427
    5629       1.8062
    5630       1.8145
    5631       1.7114
    5632       1.7225
    5633       1.7413
    5634       1.7245
    5635       1.7385
    5636       1.7862
    5637       1.8560
    5638       1.7482
    5639       1.6876
    5640       1.6425
    5641       1.6751
    5642       1.6098
    5643       1.8192
    5644       1.8495
    5645       1.8414
    5646       1.7381
    5647       1.6762
    5648       1.6791
    5649       1.7714
    5650       1.6913
    5651       1.8911
    5652       1.8806
    5653       1.9790
    5654       1.9761
    5655       1.9971
    5656       1.8884
    5657       1.9978
    5658       1.9117
    5659       1.9036
    5660       1.8278
    5661       1.8053
    5662       1.8290
    5663       1.9293
    5664       1.9264
    5665       1.8644
    5666       1.8087
    5667       1.7559
    5668       1.7760
    5669       1.8650
    5670       1.7971
    5671       1.8339
    5672       1.8713
    5673       1.9569
    5674       2.0505
    5675       2.0439
    5676       2.0588
    5677       1.9074
    5678       1.8687
    5679       1.8596
    5680       2.0444
    5681       1.9307
    5682       1.8567
    5683       1.8912
    5684       1.9304
    5685       1.8408
    5686       1.7120
    5687       1.8266
    5688       1.9657
    5689       1.9171
    5690       1.8201
    5691       1.7343
    5692       1.6407
    5693       1.6716
    5694       1.7755
    5695       1.7393
    5696       1.9422
    5697       1.8336
    5698       1.6649
    5699       1.8315
    5700       1.7422
    5701       1.7381
    5702       1.5696
    5703       1.6897
    5704       1.6343
    5705       1.5977
    5706       1.5643
    5707       1.6440
    5708       1.4930
    5709       1.6082
    5710       1.6171
    5711       1.7725
    5712       1.8392
    5713       1.7326
    5714       1.8678
    5715       1.8099
    5716       1.7919
    5717       1.8332
    5718       1.7023
    5719       1.6211
    5720       1.7158
    5721       1.6766
    5722       1.6175
    5723       1.5868
    5724       1.6660
    5725       1.6326
    5726       1.5941
    5727       1.5552
    5728       1.5251
    5729       1.6675
    5730       1.5797
    5731       1.5370
    5732       1.6044
    5733       1.7697
    5734       1.7739
    5735       1.9174
    5736       1.7604
    5737       1.6399
    5738       1.6623
    5739       1.5398
    5740       1.5517
    5741       1.5453
    5742       1.6322
    5743       1.6307
    5744       1.6880
    5745       1.5964
    5746       1.5127
    5747       1.5866
    5748       1.5844
    5749       1.5048
    5750       1.5511
    5751       1.5733
    5752       1.4734
    5753       1.4603
    5754       1.5353
    5755       1.5623
    5756       1.5678
    5757       1.7597
    5758       1.8383
    5759       1.7502
    5760       1.7419
    5761       1.6662
    5762       1.7792
    5763       1.7189
    5764       1.6935
    5765       1.6250
    5766       1.6287
    5767       1.6325
    5768       1.5819
    5769       1.5050
    5770       1.6129
    5771       1.6648
    5772       1.6177
    5773       1.6764
    5774       1.6708
    5775       1.7893
    5776       1.6535
    5777       1.6425
    5778       1.5482
    5779       1.6210
    5780       1.7303
    5781       1.6338
    5782       1.7488
    5783       1.7517
    5784       1.6620
    5785       1.8089
    5786       1.7078
    5787       1.7189
    5788       1.7473
    5789       1.8695
    5790       1.8244
    5791       1.7981
    5792       1.8045
    5793       1.7644
    5794       1.7614
    5795       1.7900
    5796       1.8202
    5797       1.6270
    5798       1.6298
    5799       1.7194
    5800       1.6983
    5801       1.7633
    5802       1.7734
    5803       1.6913
    5804       1.7209
    5805       1.7485
    5806       1.6745
    5807       1.6784
    5808       1.5848
    5809       1.6484
    5810       1.7221
    5811       1.7501
    5812       1.8235
    5813       1.8458
    5814       1.7716
    5815       1.7622
    5816       1.5746
    5817       1.6266
    5818       1.6633
    5819       1.7180
    5820       1.6939
    5821       1.6705
    5822       1.5663
    5823       1.6386
    5824       1.8294
    5825       1.8297
    5826       1.8183
    5827       1.7651
    5828       1.7348
    5829       1.6932
    5830       1.7422
    5831       1.8888
    5832       1.9314
    5833       1.7950
    5834       1.8011
    5835       1.8264
    5836       1.7346
    5837       1.7992
    5838       1.7993
    5839       1.7583
    5840       1.7900
    5841       1.7596
    5842       1.7657
    5843       1.7749
    5844       1.7557
    5845       1.7151
    5846       1.5413
    5847       1.6574
    5848       1.7295
    5849       1.9119
    5850       1.8361
    5851       1.7660
    5852       1.8161
    5853       1.7687
    5854       1.6902
    5855       1.7239
    5856       1.8080
    5857       1.7112
    5858       1.5608
    5859       1.6790
    5860       1.8397
    5861       1.8182
    5862       1.7598
    5863       1.6937
    5864       1.6714
    5865       1.6502
    5866       1.6701
    5867       1.6126
    5868       1.6803
    5869       1.7015
    5870       1.8112
    5871       1.7357
    5872       1.6935
    5873       1.7975
    5874       1.7532
    5875       1.8612
    5876       1.7845
    5877       1.7886
    5878       1.7395
    5879       1.6448
    5880       1.6884
    5881       1.6717
    5882       1.6598
    5883       1.7522
    5884       1.5814
    5885       1.5714
    5886       1.6424
    5887       1.6950
    5888       1.6643
    5889       1.6906
    5890       1.6669
    5891       1.7818
    5892       1.6371
    5893       1.7555
    5894       1.6675
    5895       1.8125
    5896       1.6621
    5897       1.6992
    5898       1.6638
    5899       1.6364
    5900       1.6230
    5901       1.6428
    5902       1.7092
    5903       1.8131
    5904       1.7505
    5905       1.8382
    5906       1.8052
    5907       1.7948
    5908       1.7893
    5909       1.8091
    5910       1.6945
    5911       1.6127
    5912       1.6466
    5913       1.7877
    5914       1.6013
    5915       1.6050
    5916       1.6598
    5917       1.7070
    5918       1.6148
    5919       1.7217
    5920       1.8075
    5921       1.5931
    5922       1.6525
    5923       1.7584
    5924       1.8646
    5925       1.8871
    5926       1.7721
    5927       1.8286
    5928       1.7215
    5929       1.7817
    5930       1.6585
    5931       1.6584
    5932       1.6729
    5933       1.6670
    5934       1.6347
    5935       1.5555
    5936       1.6435
    5937       1.7006
    5938       1.7067
    5939       1.7056
    5940       1.7098
    5941       1.6525
    5942       1.6627
    5943       1.6100
    5944       1.6821
    5945       1.6510
    5946       1.6194
    5947       1.5146
    5948       1.5781
    5949       1.5845
    5950       1.5832
    5951       1.5921
    5952       1.6666
    5953       1.6653
    5954       1.7423
    5955       1.6589
    5956       1.6210
    5957       1.6660
    5958       1.7041
    5959       1.6934
    5960       1.7244
    5961       1.6601
    5962       1.6650
    5963       1.7027
    5964       1.8263
    5965       1.6620
    5966       1.8082
    5967       1.7787
    5968       1.8342
    5969       1.7817
    5970       1.8623
    5971       1.8126
    5972       1.6902
    5973       1.7904
    5974       1.8063
    5975       1.9768
    5976       2.0216
    5977       1.9053
    5978       1.7870
    5979       1.8761
    5980       1.9630
    5981       1.9442
    5982       2.0074
    5983       1.8726
    5984       1.9543
    5985       1.9336
    5986       2.0793
    5987       2.1291
    5988       2.0883
    5989       1.9945
    5990       2.0515
    5991       1.8771
    5992       1.7668
    5993       1.7153
    5994       1.8432
    5995       1.7813
    5996       1.8856
    5997       1.9281
    5998       2.0857
    5999       2.1678
    6000       2.0918
    6001       1.9769
    6002       2.0990
    6003       2.0923
    6004       2.0227
    6005       2.0744
    6006       1.9645
    6007       1.8983
    6008       1.7148
    6009       1.6826
    6010       1.7490
    6011       1.7498
    6012       1.7115
    6013       1.7091
    6014       1.7431
    6015       1.6895
    6016       1.8025
    6017       1.7101
    6018       1.8267
    6019       1.8605
    6020       1.7971
    6021       1.9322
    6022       1.7750
    6023       1.6951
    6024       1.9134
    6025       1.8483
    6026       1.8614
    6027       1.8676
    6028       1.9505
    6029       2.0822
    6030       1.9594
    6031       1.9760
    6032       1.9485
    6033       1.8868
    6034       1.9703
    6035       1.8159
    6036       1.8566
    6037       1.8778
    6038       1.6666
    6039       1.7131
    6040       1.8389
    6041       1.6916
    6042       1.8013
    6043       1.6643
    6044       1.5809
    6045       1.7796
    6046       1.7389
    6047       1.7389
    6048       1.7639
    6049       1.7540
    6050       1.8176
    6051       1.9188
    6052       1.9317
    6053       1.8167
    6054       1.9311
    6055       1.8548
    6056       1.8974
    6057       1.9880
    6058       1.9642
    6059       1.8041
    6060       1.7701
    6061       1.6378
    6062       1.7171
    6063       1.8300
    6064       1.9162
    6065       1.7733
    6066       1.8122
    6067       1.8202
    6068       1.9838
    6069       2.0611
    6070       2.0079
    6071       1.9758
    6072       1.8038
    6073       1.8863
    6074       1.9040
    6075       1.9562
    6076       2.0730
    6077       1.8934
    6078       1.8082
    6079       1.7942
    6080       1.7955
    6081       1.8112
    6082       1.7083
    6083       1.7951
    6084       1.6442
    6085       1.7226
    6086       1.9607
    6087       1.8845
    6088       1.9266
    6089       1.7737
    6090       1.8888
    6091       1.8636
    6092       1.8066
    6093       1.6733
    6094       1.7528
    6095       1.8026
    6096       1.8602
    6097       1.7808
    6098       1.7897
    6099       1.7983
    6100       1.8361
    6101       1.7758
    6102       1.7861
    6103       1.8833
    6104       1.7391
    6105       1.8111
    6106       1.8223
    6107       1.8033
    6108       1.8178
    6109       1.8319
    6110       1.8297
    6111       1.7645
    6112       1.8572
    6113       1.8935
    6114       1.8236
    6115       1.7495
    6116       1.8296
    6117       1.8999
    6118       1.8604
    6119       1.8246
    6120       1.8365
    6121       1.8701
    6122       1.7736
    6123       1.7406
    6124       1.7923
    6125       1.7615
    6126       1.7616
    6127       1.8084
    6128       1.7234
    6129       1.8021
    6130       1.6858
    6131       1.8410
    6132       1.7635
    6133       1.7147
    6134       1.6726
    6135       1.6687
    6136       1.6076
    6137       1.5914
    6138       1.6862
    6139       1.7723
    6140       1.8491
    6141       1.8793
    6142       1.7922
    6143       1.7432
    6144       1.6346
    6145       1.7378
    6146       1.6400
    6147       1.6620
    6148       1.6585
    6149       1.7707
    6150       1.7433
    6151       1.7975
    6152       1.8621
    6153       1.7576
    6154       1.7667
    6155       1.7854
    6156       1.7797
    6157       1.6899
    6158       1.6481
    6159       1.6680
    6160       1.6688
    6161       1.7848
    6162       1.6849
    6163       1.8755
    6164       2.0560
    6165       2.1995
    6166       2.0693
    6167       1.9528
    6168       1.9443
    6169       1.8079
    6170       1.8612
    6171       1.8828
    6172       1.8827
    6173       1.9539
    6174       1.8737
    6175       1.9115
    6176       1.7796
    6177       1.8198
    6178       1.7645
    6179       1.7533
    6180       1.7233
    6181       1.6846
    6182       1.6860
    6183       1.6572
    6184       1.7188
    6185       1.6928
    6186       1.7216
    6187       1.7924
    6188       1.6871
    6189       1.7148
    6190       1.7794
    6191       1.8080
    6192       1.7710
    6193       1.8166
    6194       1.7588
    6195       1.8279
    6196       1.7459
    6197       1.7186
    6198       1.6167
    6199       1.6687
    6200       1.7814
    6201       1.8103
    6202       1.9397
    6203       1.9326
    6204       1.8675
    6205       1.8691
    6206       1.7217
    6207       1.7991
    6208       1.7315
    6209       1.7972
    6210       1.7777
    6211       1.8281
    6212       1.8281
    6213       1.6574
    6214       1.6686
    6215       1.7053
    6216       1.7829
    6217       1.9391
    6218       2.0029
    6219       1.9394
    6220       1.9360
    6221       1.9415
    6222       1.7405
    6223       1.8996
    6224       2.0261
    6225       2.0711
    6226       2.0867
    6227       2.1393
    6228       1.9757
    6229       1.8790
    6230       1.8931
    6231       1.8766
    6232       1.9179
    6233       1.9552
    6234       1.8687
    6235       1.8326
    6236       1.7903
    6237       1.7551
    6238       1.8222
    6239       1.8379
    6240       1.9207
    6241       1.9019
    6242       1.8461
    6243       1.6816
    6244       1.7469
    6245       1.9317
    6246       1.9294
    6247       1.9597
    6248       1.9983
    6249       1.8533
    6250       1.8636
    6251       1.9209
    6252       1.8554
    6253       1.8118
    6254       1.6780
    6255       1.6988
    6256       1.6673
    6257       1.6149
    6258       1.6417
    6259       1.6427
    6260       1.5991
    6261       1.6470
    6262       1.6619
    6263       1.6170
    6264       1.5873
    6265       1.7697
    6266       1.8088
    6267       1.6683
    6268       1.8437
    6269       1.9108
    6270       1.9128
    6271       1.8205
    6272       1.7478
    6273       1.7778
    6274       1.9870
    6275       1.9831
    6276       2.0194
    6277       2.0402
    6278       2.0364
    6279       1.8308
    6280       1.7614
    6281       2.0463
    6282       2.2595
    6283       2.0439
    6284       1.9340
    6285       1.9690
    6286       2.0505
    6287       2.0571
    6288       1.9216
    6289       1.8407
    6290       1.8939
    6291       2.0338
    6292       1.9788
    6293       1.9990
    6294       1.9171
    6295       1.7405
    6296       1.8298
    6297       1.8456
    6298       1.7772
    6299       1.8166
    6300       1.8991
    6301       1.8134
    6302       1.9161
    6303       1.7684
    6304       1.7780
    6305       1.8347
    6306       1.8237
    6307       1.9261
    6308       1.8727
    6309       1.7595
    6310       1.8661
    6311       1.9241
    6312       1.8288
    6313       1.8663
    6314       1.7434
    6315       1.8687
    6316       2.0187
    6317       2.1018
    6318       1.9681
    6319       1.8980
    6320       1.9715
    6321       1.8556
    6322       1.9445
    6323       1.7812
    6324       1.8052
    6325       1.8085
    6326       1.9004
    6327       1.8845
    6328       1.9121
    6329       1.8242
    6330       1.7672
    6331       1.8338
    6332       1.9118
    6333       1.8775
    6334       1.9910
    6335       2.0133
    6336       1.8443
    6337       1.8494
    6338       1.8305
    6339       1.7146
    6340       1.8161
    6341       1.9283
    6342       1.7494
    6343       1.7058
    6344       1.6488
    6345       1.6813
    6346       1.7180
    6347       1.8612
    6348       1.6808
    6349       1.7147
    6350       1.8023
    6351       1.9150
    6352       1.9557
    6353       2.1131
    6354       2.0815
    6355       1.9823
    6356       1.8691
    6357       1.7250
    6358       1.8597
    6359       1.7855
    6360       1.7579
    6361       1.8555
    6362       1.7018
    6363       1.7586
    6364       1.8304
    6365       1.8134
    6366       1.8529
    6367       1.7813
    6368       1.7418
    6369       1.7705
    6370       1.6554
    6371       1.6359
    6372       1.6679
    6373       1.6310
    6374       1.6117
    6375       1.5421
    6376       1.6054
    6377       1.4933
    6378       1.5730
    6379       1.5887
    6380       1.5672
    6381       1.5471
    6382       1.6541
    6383       1.7082
    6384       1.6440
    6385       1.6805
    6386       1.5587
    6387       1.5667
    6388       1.6723
    6389       1.8983
    6390       1.7340
    6391       1.5991
    6392       1.5550
    6393       1.5110
    6394       1.5135
    6395       1.5547
    6396       1.5850
    6397       1.6277
    6398       1.5452
    6399       1.7545
    6400       1.7297
    6401       1.7514
    6402       1.7991
    6403       1.7791
    6404       1.7733
    6405       1.7598
    6406       1.7762
    6407       1.6555
    6408       1.8309
    6409       1.7975
    6410       1.9212
    6411       1.6933
    6412       1.7039
    6413       1.6838
    6414       1.6521
    6415       1.7449
    6416       1.7400
    6417       1.7111
    6418       1.7695
    6419       1.7244
    6420       1.7481
    6421       1.7043
    6422       1.6811
    6423       1.6850
    6424       1.7513
    6425       1.6789
    6426       1.7193
    6427       1.7570
    6428       1.7001
    6429       1.6233
    6430       1.7130
    6431       1.6643
    6432       1.6925
    6433       1.7967
    6434       1.7057
    6435       1.7447
    6436       1.7337
    6437       1.7824
    6438       1.7657
    6439       1.7749
    6440       1.7343
    6441       1.7279
    6442       1.8003
    6443       1.7943
    6444       1.7690
    6445       1.7652
    6446       1.7059
    6447       1.6674
    6448       1.7430
    6449       1.7203
    6450       1.8065
    6451       1.7205
    6452       1.7797
    6453       1.6398
    6454       1.5724
    6455       1.5234
    6456       1.5930
    6457       1.6352
    6458       1.5522
    6459       1.6566
    6460       1.7222
    6461       1.6395
    6462       1.5481
    6463       1.5432
    6464       1.4967
    6465       1.4480
    6466       1.5434
    6467       1.4988
    6468       1.5625
    6469       1.6285
    6470       1.5646
    6471       1.4949
    6472       1.5445
    6473       1.6607
    6474       1.6769
    6475       1.6182
    6476       1.5727
    6477       1.6118
    6478       1.5947
    6479       1.5949
    6480       1.6268
    6481       1.6603
    6482       1.7076
    6483       1.5655
    6484       1.6392
    6485       1.6750
    6486       1.6650
    6487       1.7068
    6488       1.7625
    6489       1.6261
    6490       1.7042
    6491       1.7250
    6492       1.7657
    6493       1.7040
    6494       1.6750
    6495       1.7057
    6496       1.6202
    6497       1.6481
    6498       1.6155
    6499       1.6363
    6500       1.7221
    6501       1.6035
    6502       1.5857
    6503       1.6372
    6504       1.6102
    6505       1.5981
    6506       1.6236
    6507       1.6289
    6508       1.5509
    6509       1.6450
    6510       1.5797
    6511       1.5384
    6512       1.5523
    6513       1.6186
    6514       1.5893
    6515       1.7027
    6516       1.7591
    6517       1.7793
    6518       1.7181
    6519       1.7490
    6520       1.4950
    6521       1.7193
    6522       1.6897
    6523       1.7923
    6524       1.7661
    6525       1.7754
    6526       1.7274
    6527       1.8207
    6528       1.9285
    6529       1.8230
    6530       1.8278
    6531       1.8329
    6532       1.8841
    6533       1.8740
    6534       1.9747
    6535       1.9926
    6536       1.9182
    6537       1.9106
    6538       1.8817
    6539       1.9570
    6540       1.9858
    6541       2.0104
    6542       1.8996
    6543       2.0026
    6544       2.0047
    6545       1.9289
    6546       1.7477
    6547       1.8639
    6548       1.7927
    6549       1.7748
    6550       1.8133
    6551       1.7434
    6552       1.7031
    6553       1.6266
    6554       1.6403
    6555       1.6968
    6556       1.7426
    6557       1.8065
    6558       1.7761
    6559       1.6856
    6560       1.7433
    6561       1.7541
    6562       1.7783
    6563       1.7991
    6564       1.7555
    6565       1.7564
    6566       1.7916
    6567       1.6993
    6568       1.7037
    6569       1.7146
    6570       1.6766
    6571       1.7229
    6572       1.7844
    6573       1.7638
    6574       1.6751
    6575       1.6436
    6576       1.6635
    6577       1.6502
    6578       1.7767
    6579       1.6316
    6580       1.6513
    6581       1.6558
    6582       1.6548
    6583       1.6827
    6584       1.7436
    6585       1.6993
    6586       1.7217
    6587       1.5993
    6588       1.7291
    6589       1.7105
    6590       1.8530
    6591       1.7336
    6592       1.7834
    6593       1.7322
    6594       1.6693
    6595       1.7966
    6596       1.7535
    6597       1.6952
    6598       1.7852
    6599       1.7580
    6600       1.7844
    6601       1.7990
    6602       1.7469
    6603       1.6961
    6604       1.8457
    6605       1.7709
    6606       1.6746
    6607       1.6946
    6608       1.7134
    6609       1.7046
    6610       1.6387
    6611       1.8442
    6612       1.8102
    6613       1.7852
    6614       1.7706
    6615       1.9310
    6616       1.8890
    6617       1.9155
    6618       1.9555
    6619       1.7574
    6620       1.8174
    6621       1.7484
    6622       1.7285
    6623       1.7256
    6624       1.7387
    6625       1.7327
    6626       1.6805
    6627       1.5514
    6628       1.6997
    6629       1.6994
    6630       1.6696
    6631       1.6325
    6632       1.8623
    6633       1.8217
    6634       1.9093
    6635       1.9087
    6636       1.7461
    6637       1.7689
    6638       1.8795
    6639       1.7852
    6640       1.6636
    6641       1.6146
    6642       1.5860
    6643       1.5967
    6644       1.6833
    6645       1.6742
    6646       1.6750
    6647       1.6401
    6648       1.6391
    6649       1.6856
    6650       1.7843
    6651       1.6420
    6652       1.6674
    6653       1.7948
    6654       1.7520
    6655       1.7396
    6656       1.8078
    6657       1.9074
    6658       2.0210
    6659       1.9351
    6660       1.8517
    6661       1.7062
    6662       1.6841
    6663       1.7147
    6664       1.7320
    6665       1.7964
    6666       1.7769
    6667       1.8773
    6668       1.8287
    6669       1.8769
    6670       1.8365
    6671       1.8159
    6672       1.8661
    6673       1.8911
    6674       1.8920
    6675       1.9572
    6676       1.8982
    6677       1.7903
    6678       1.6541
    6679       1.5250
    6680       1.5838
    6681       1.5938
    6682       1.7311
    6683       1.5983
    6684       1.7420
    6685       1.6904
    6686       1.7210
    6687       1.5748
    6688       1.6923
    6689       1.8498
    6690       1.8003
    6691       1.9090
    6692       1.9613
    6693       1.7759
    6694       1.8342
    6695       1.8431
    6696       1.9323
    6697       1.8218
    6698       1.7596
    6699       1.6388
    6700       1.6656
    6701       1.6836
    6702       1.7984
    6703       1.7622
    6704       1.7427
    6705       1.9145
    6706       1.8546
    6707       1.8690
    6708       1.8552
    6709       1.7570
    6710       1.7377
    6711       1.8691
    6712       1.8257
    6713       1.8579
    6714       1.9132
    6715       1.8747
    6716       1.9131
    6717       1.8882
    6718       1.7635
    6719       1.7153
    6720       1.6841
    6721       1.7377
    6722       1.6662
    6723       1.6126
    6724       1.6631
    6725       1.6913
    6726       1.6724
    6727       1.7137
    6728       1.6500
    6729       1.6300
    6730       1.6070
    6731       1.6292
    6732       1.8616
    6733       1.7968
    6734       1.7202
    6735       1.8150
    6736       1.5988
    6737       1.5173
    6738       1.6641
    6739       1.7156
    6740       1.7047
    6741       1.7606
    6742       1.7868
    6743       1.6468
    6744       1.8867
    6745       1.6612
    6746       1.7079
    6747       1.8501
    6748       1.8832
    6749       1.7777
    6750       1.7957
    6751       1.7364
    6752       1.7195
    6753       1.8497
    6754       1.5991
    6755       1.6857
    6756       1.5294
    6757       1.5755
    6758       1.6174
    6759       1.6403
    6760       1.5350
    6761       1.5867
    6762       1.6337
    6763       1.8162
    6764       1.6837
    6765       1.6974
    6766       1.6028
    6767       1.6044
    6768       1.4859
    6769       1.4674
    6770       1.5025
    6771       1.4656
    6772       1.5539
    6773       1.6621
    6774       1.6257
    6775       1.6302
    6776       1.5562
    6777       1.6404
    6778       1.6863
    6779       1.6985
    6780       1.5431
    6781       1.5097
    6782       1.6339
    6783       1.7147
    6784       1.5557
    6785       1.6514
    6786       1.5473
    6787       1.5178
    6788       1.4830
    6789       1.5011
    6790       1.4974
    6791       1.5489
    6792       1.5268
    6793       1.5006
    6794       1.5379
    6795       1.4745
    6796       1.6634
    6797       1.5864
    6798       1.5862
    6799       1.5704
    6800       1.5177
    6801       1.4899
    6802       1.5405
    6803       1.5466
    6804       1.6207
    6805       1.5654
    6806       1.5991
    6807       1.5065
    6808       1.5035
    6809       1.5469
    6810       1.5361
    6811       1.4654
    6812       1.5661
    6813       1.5129
    6814       1.6427
    6815       1.5849
    6816       1.7220
    6817       1.8116
    6818       1.8426
    6819       1.6516
    6820       1.7045
    6821       1.7065
    6822       1.6825
    6823       1.6776
    6824       1.6647
    6825       1.6632
    6826       1.6965
    6827       1.5487
    6828       1.5649
    6829       1.5697
    6830       1.5841
    6831       1.6737
    6832       1.7012
    6833       1.6638
    6834       1.6355
    6835       1.7358
    6836       1.6364
    6837       1.6666
    6838       1.6525
    6839       1.5784
    6840       1.6494
    6841       1.6475
    6842       1.6022
    6843       1.5584
    6844       1.5980
    6845       1.6925
    6846       1.6602
    6847       1.6212
    6848       1.7030
    6849       1.7141
    6850       1.6839
    6851       1.6447
    6852       1.7158
    6853       1.7428
    6854       1.7374
    6855       1.7143
    6856       1.7977
    6857       1.7724
    6858       1.6973
    6859       1.7204
    6860       1.7784
    6861       1.8303
    6862       1.6506
    6863       1.6510
    6864       1.7533
    6865       1.7028
    6866       1.6551
    6867       1.7823
    6868       1.6368
    6869       1.5716
    6870       1.6160
    6871       1.6498
    6872       1.6799
    6873       1.7665
    6874       1.6470
    6875       1.6838
    6876       1.6409
    6877       1.7202
    6878       1.7285
    6879       1.6904
    6880       1.7752
    6881       1.6614
    6882       1.6728
    6883       1.6405
    6884       1.6950
    6885       1.7763
    6886       1.8218
    6887       1.7459
    6888       1.6577
    6889       1.6798
    6890       1.8235
    6891       1.7274
    6892       1.5984
    6893       1.6552
    6894       1.8014
    6895       1.6507
    6896       1.7360
    6897       1.7579
    6898       1.7265
    6899       1.6568
    6900       1.7059
    6901       1.7197
    6902       1.6294
    6903       1.7066
    6904       1.7455
    6905       1.6882
    6906       1.7000
    6907       1.5672
    6908       1.6351
    6909       1.5855
    6910       1.6460
    6911       1.5642
    6912       1.6023
    6913       1.5700
    6914       1.6417
    6915       1.7255
    6916       1.8007
    6917       1.9750
    6918       1.9523
    6919       1.8495
    6920       1.7066
    6921       1.7714
    6922       1.7322
    6923       1.6928
    6924       1.6344
    6925       1.6352
    6926       1.6862
    6927       1.7405
    6928       1.6981
    6929       1.6932
    6930       1.6842
    6931       1.7368
    6932       1.8525
    6933       1.7189
    6934       1.7254
    6935       1.6564
    6936       1.7126
    6937       1.6360
    6938       1.7054
    6939       1.7791
    6940       1.7426
    6941       1.7828
    6942       1.6947
    6943       1.5996
    6944       1.6280
    6945       1.5763
    6946       1.6163
    6947       1.5728
    6948       1.6494
    6949       1.6049
    6950       1.6956
    6951       1.7886
    6952       1.6917
    6953       1.6140
    6954       1.7463
    6955       1.6745
    6956       1.7945
    6957       1.7147
    6958       1.7442
    6959       1.6350
    6960       1.6346
    6961       1.6546
    6962       1.7786
    6963       1.6962
    6964       1.6200
    6965       1.7063
    6966       1.6441
    6967       1.5604
    6968       1.5764
    6969       1.6606
    6970       1.5673
    6971       1.5322
    6972       1.6712
    6973       1.5581
    6974       1.6385
    6975       1.5794
    6976       1.6082
    6977       1.6599
    6978       1.6184
    6979       1.5031
    6980       1.5409
    6981       1.5704
    6982       1.6504
    6983       1.5747
    6984       1.7027
    6985       1.6710
    6986       1.7341
    6987       1.5949
    6988       1.5988
    6989       1.6611
    6990       1.5850
    6991       1.5742
    6992       1.6762
    6993       1.7976
    6994       1.7929
    6995       1.7791
    6996       1.8288
    6997       1.7451
    6998       1.6404
    6999       1.6607
    7000       1.6350
    7001       1.5756
    7002       1.5992
    7003       1.6808
    7004       1.7035
    7005       1.5694
    7006       1.7114
    7007       1.6571
    7008       1.6403
    7009       1.7029
    7010       1.8367
    7011       1.7448
    7012       1.7166
    7013       1.8191
    7014       1.8034
    7015       1.7635
    7016       1.8705
    7017       1.7034
    7018       1.6770
    7019       1.5909
    7020       1.7460
    7021       1.6790
    7022       1.7389
    7023       1.6650
    7024       1.7700
    7025       1.7183
    7026       1.6942
    7027       1.6563
    7028       1.6581
    7029       1.6457
    7030       1.6631
    7031       1.7300
    7032       1.6481
    7033       1.6254
    7034       1.6191
    7035       1.7241
    7036       1.6196
    7037       1.5805
    7038       1.4598
    7039       1.6590
    7040       1.6666
    7041       1.8420
    7042       1.7286
    7043       1.8235
    7044       1.8087
    7045       1.6932
    7046       1.6172
    7047       1.5802
    7048       1.6376
    7049       1.6146
    7050       1.5475
    7051       1.5887
    7052       1.7334
    7053       1.6823
    7054       1.6607
    7055       1.6874
    7056       1.6823
    7057       1.6562
    7058       1.6143
    7059       1.6732
    7060       1.6467
    7061       1.6369
    7062       1.5994
    7063       1.5857
    7064       1.6754
    7065       1.6743
    7066       1.6194
    7067       1.7873
    7068       1.6842
    7069       1.5952
    7070       1.6962
    7071       1.7619
    7072       1.6341
    7073       1.6864
    7074       1.7363
    7075       1.5905
    7076       1.6219
    7077       1.6110
    7078       1.6558
    7079       1.6504
    7080       1.6548
    7081       1.6779
    7082       1.7775
    7083       1.8607
    7084       1.7439
    7085       1.7072
    7086       1.6921
    7087       1.7168
    7088       1.8032
    7089       1.7764
    7090       1.7303
    7091       1.7319
    7092       1.7313
    7093       1.7316
    7094       1.8553
    7095       1.7540
    7096       1.7714
    7097       1.8736
    7098       1.7958
    7099       1.5724
    7100       1.4879
    7101       1.6345
    7102       1.6097
    7103       1.7272
    7104       1.6451
    7105       1.7929
    7106       1.5986
    7107       1.6578
    7108       1.7446
    7109       1.7809
    7110       1.6955
    7111       1.6738
    7112       1.5769
    7113       1.6090
    7114       1.5949
    7115       1.6778
    7116       1.7913
    7117       1.6688
    7118       1.6887
    7119       1.8228
    7120       1.7284
    7121       1.6364
    7122       1.7085
    7123       1.6395
    7124       1.7013
    7125       1.7621
    7126       1.6482
    7127       1.6618
    7128       1.7201
    7129       1.7726
    7130       1.7429
    7131       1.6633
    7132       1.6783
    7133       1.6023
    7134       1.6044
    7135       1.5736
    7136       1.4646
    7137       1.5457
    7138       1.5359
    7139       1.4966
    7140       1.5367
    7141       1.5073
    7142       1.5858
    7143       1.6054
    7144       1.7400
    7145       1.4887
    7146       1.5359
    7147       1.6056
    7148       1.6069
    7149       1.6006
    7150       1.6923
    7151       1.5348
    7152       1.5782
    7153       1.5888
    7154       1.4561
    7155       1.5288
    7156       1.5047
    7157       1.6607
    7158       1.6312
    7159       1.6881
    7160       1.6156
    7161       1.6493
    7162       1.7337
    7163       1.6055
    7164       1.6674
    7165       1.7062
    7166       1.6625
    7167       1.6830
    7168       1.6503
    7169       1.5613
    7170       1.5733
    7171       1.4518
    7172       1.4971
    7173       1.5084
    7174       1.5845
    7175       1.6124
    7176       1.5033
    7177       1.6368
    7178       1.5642
    7179       1.6761
    7180       1.6696
    7181       1.6118
    7182       1.5521
    7183       1.6740
    7184       1.6499
    7185       1.4987
    7186       1.6121
    7187       1.6785
    7188       1.6134
    7189       1.7494
    7190       1.7509
    7191       1.5618
    7192       1.5975
    7193       1.4741
    7194       1.5744
    7195       1.4530
    7196       1.5275
    7197       1.5420
    7198       1.5512
    7199       1.6028
    7200       1.4634
    7201       1.4822
    7202       1.5070
    7203       1.4476
    7204       1.4781
    7205       1.4585
    7206       1.5320
    7207       1.6255
    7208       1.7242
    7209       1.6336
    7210       1.5982
    7211       1.4823
    7212       1.4569
    7213       1.4810
    7214       1.4977
    7215       1.5422
    7216       1.4282
    7217       1.5248
    7218       1.5469
    7219       1.5127
    7220       1.5796
    7221       1.6051
    7222       1.7969
    7223       1.6622
    7224       1.6493
    7225       1.6915
    7226       1.8731
    7227       1.6372
    7228       1.6825
    7229       1.7143
    7230       1.8185
    7231       1.6864
    7232       1.5744
    7233       1.5764
    7234       1.4968
    7235       1.5483
    7236       1.3867
    7237       1.4830
    7238       1.6321
    7239       1.6481
    7240       1.6894
    7241       1.6301
    7242       1.5391
    7243       1.4872
    7244       1.6093
    7245       1.7662
    7246       1.6870
    7247       1.6304
    7248       1.5431
    7249       1.5822
    7250       1.5760
    7251       1.5174
    7252       1.6728
    7253       1.6950
    7254       1.6763
    7255       1.6734
    7256       1.6674
    7257       1.7600
    7258       1.8272
    7259       1.6392
    7260       1.8067
    7261       1.7213
    7262       1.7742
    7263       1.6410
    7264       1.7452
    7265       1.6928
    7266       1.7047
    7267       1.6610
    7268       1.8450
    7269       1.8750
    7270       1.7277
    7271       1.7513
    7272       1.7373
    7273       1.6852
    7274       1.5750
    7275       1.6897
    7276       1.6912
    7277       1.8174
    7278       1.7792
    7279       1.7201
    7280       1.6484
    7281       1.7229
    7282       1.6326
    7283       1.8040
    7284       1.7935
    7285       1.6366
    7286       1.5643
    7287       1.7061
    7288       1.6725
    7289       1.7220
    7290       1.6171
    7291       1.7085
    7292       1.7593
    7293       1.6414
    7294       1.7772
    7295       1.8299
    7296       1.7838
    7297       1.6936
    7298       1.6094
    7299       1.6021
    7300       1.5886
    7301       1.5779
    7302       1.4978
    7303       1.6284
    7304       1.6126
    7305       1.6277
    7306       1.6338
    7307       1.6931
    7308       1.8136
    7309       1.6765
    7310       1.7156
    7311       1.7319
    7312       1.7696
    7313       1.6267
    7314       1.5068
    7315       1.5719
    7316       1.6724
    7317       1.5547
    7318       1.5795
    7319       1.4706
    7320       1.4269
    7321       1.4354
    7322       1.4151
    7323       1.3476
    7324       1.5191
    7325       1.4990
    7326       1.4664
    7327       1.5722
    7328       1.4590
    7329       1.5287
    7330       1.5376
    7331       1.5443
    7332       1.4835
    7333       1.5405
    7334       1.5779
    7335       1.5057
    7336       1.4672
    7337       1.4980
    7338       1.4901
    7339       1.5069
    7340       1.4972
    7341       1.5188
    7342       1.6196
    7343       1.5283
    7344       1.5675
    7345       1.5254
    7346       1.4709
    7347       1.5307
    7348       1.4759
    7349       1.4688
    7350       1.4619
    7351       1.4817
    7352       1.6433
    7353       1.6904
    7354       1.6090
    7355       1.5706
    7356       1.6750
    7357       1.5682
    7358       1.5663
    7359       1.5763
    7360       1.5386
    7361       1.5647
    7362       1.5716
    7363       1.5824
    7364       1.6062
    7365       1.6280
    7366       1.5473
    7367       1.6998
    7368       1.7368
    7369       1.5792
    7370       1.6319
    7371       1.6819
    7372       1.6396
    7373       1.6809
    7374       1.6659
    7375       1.6836
    7376       1.6752
    7377       1.5963
    7378       1.5808
    7379       1.6042
    7380       1.6560
    7381       1.6614
    7382       1.6802
    7383       1.6619
    7384       1.5870
    7385       1.5392
    7386       1.5647
    7387       1.6869
    7388       1.6656
    7389       1.4919
    7390       1.4674
    7391       1.4826
    7392       1.5353
    7393       1.5960
    7394       1.5346
    7395       1.4685
    7396       1.4555
    7397       1.4127
    7398       1.4734
    7399       1.5884
    7400       1.4988
    7401       1.5103
    7402       1.4807
    7403       1.4333
    7404       1.4637
    7405       1.5292
    7406       1.4672
    7407       1.5714
    7408       1.4959
    7409       1.4968
    7410       1.5339
    7411       1.4577
    7412       1.4613
    7413       1.4925
    7414       1.5204
    7415       1.5638
    7416       1.5854
    7417       1.5678
    7418       1.6118
    7419       1.6506
    7420       1.7575
    7421       1.7670
    7422       1.6054
    7423       1.6204
    7424       1.5545
    7425       1.4638
    7426       1.6478
    7427       1.6458
    7428       1.6541
    7429       1.6371
    7430       1.6605
    7431       1.6770
    7432       1.6960
    7433       1.7184
    7434       1.6891
    7435       1.6434
    7436       1.5294
    7437       1.5497
    7438       1.5583
    7439       1.5579
    7440       1.6908
    7441       1.6933
    7442       1.6505
    7443       1.6437
    7444       1.7832
    7445       1.7053
    7446       1.6915
    7447       1.7407
    7448       1.7742
    7449       1.7650
    7450       1.7720
    7451       1.7681
    7452       1.8779
    7453       1.8610
    7454       1.8551
    7455       1.6816
    7456       1.6520
    7457       1.6468
    7458       1.6595
    7459       1.7337
    7460       1.6524
    7461       1.6757
    7462       1.6211
    7463       1.6847
    7464       1.5919
    7465       1.6881
    7466       1.6389
    7467       1.5846
    7468       1.6165
    7469       1.6943
    7470       1.6602
    7471       1.7117
    7472       1.6434
    7473       1.7933
    7474       1.6815
    7475       1.6763
    7476       1.7474
    7477       1.7678
    7478       1.7044
    7479       1.6927
    7480       1.6926
    7481       1.6761
    7482       1.6800
    7483       1.8240
    7484       1.8905
    7485       1.9218
    7486       1.8147
    7487       1.7458
    7488       1.7693
    7489       1.6745
    7490       1.6563
    7491       1.4990
    7492       1.5308
    7493       1.5422
    7494       1.4296
    7495       1.7588
    7496       1.5768
    7497       1.5047
    7498       1.5423
    7499       1.4776
    7500       1.5824
    7501       1.4741
    7502       1.4592
    7503       1.4234
    7504       1.5306
    7505       1.4773
    7506       1.5830
    7507       1.6478
    7508       1.6369
    7509       1.5810
    7510       1.7103
    7511       1.7493
    7512       1.7888
    7513       1.6237
    7514       1.7002
    7515       1.6838
    7516       1.7456
    7517       1.7702
    7518       1.6655
    7519       1.7048
    7520       1.7151
    7521       1.6666
    7522       1.5437
    7523       1.6609
    7524       1.8450
    7525       1.7097
    7526       1.5929
    7527       1.6768
    7528       1.6638
    7529       1.6920
    7530       1.8240
    7531       1.7635
    7532       1.5668
    7533       1.5613
    7534       1.5342
    7535       1.8394
    7536       1.6907
    7537       1.7104
    7538       1.6342
    7539       1.6836
    7540       1.6206
    7541       1.6776
    7542       1.8115
    7543       1.7480
    7544       1.7862
    7545       1.5555
    7546       1.5268
    7547       1.5763
    7548       1.5722
    7549       1.5554
    7550       1.6462
    7551       1.5565
    7552       1.5516
    7553       1.8375
    7554       1.7046
    7555       1.6763
    7556       1.8003
    7557       1.8006
    7558       1.8782
    7559       1.8082
    7560       1.8164
    7561       1.9286
    7562       2.0066
    7563       1.9477
    7564       1.8775
    7565       1.7892
    7566       1.7229
    7567       1.7815
    7568       1.9523
    7569       1.7235
    7570       1.8769
    7571       1.9796
    7572       1.9336
    7573       1.9538
    7574       2.1243
    7575       2.0395
    7576       1.9355
    7577       1.8099
    7578       1.7525
    7579       1.7624
    7580       1.6655
    7581       1.6269
    7582       1.5165
    7583       1.4568
    7584       1.6188
    7585       1.6954
    7586       1.7349
    7587       1.6993
    7588       1.6751
    7589       1.6133
    7590       1.8945
    7591       1.6391
    7592       1.6481
    7593       1.5996
    7594       1.4735
    7595       1.6602
    7596       1.6481
    7597       1.5974
    7598       1.6549
    7599       1.5725
    7600       1.6457
    7601       1.7171
    7602       1.7430
    7603       1.8398
    7604       1.7990
    7605       1.6943
    7606       1.7422
    7607       1.8200
    7608       1.7476
    7609       1.8395
    7610       1.8000
    7611       1.8123
    7612       1.7801
    7613       1.6994
    7614       1.8431
    7615       1.7590
    7616       1.7514
    7617       1.6832
    7618       1.5520
    7619       1.6194
    7620       1.7704
    7621       1.7400
    7622       1.6333
    7623       1.6808
    7624       1.5947
    7625       1.6969
    7626       1.7097
    7627       1.6284
    7628       1.6784
    7629       1.7467
    7630       1.7749
    7631       1.6725
    7632       1.6481
    7633       1.6326
    7634       1.6766
    7635       1.5992
    7636       1.6076
    7637       1.6536
    7638       1.6683
    7639       1.6655
    7640       1.6841
    7641       1.6117
    7642       1.6451
    7643       1.7334
    7644       1.5784
    7645       1.5822
    7646       1.7117
    7647       1.6369
    7648       1.5911
    7649       1.6888
    7650       1.5775
    7651       1.5898
    7652       1.6804
    7653       1.6577
    7654       1.6815
    7655       1.5873
    7656       1.7596
    7657       1.8310
    7658       1.8623
    7659       1.7450
    7660       1.7621
    7661       1.7502
    7662       1.7660
    7663       1.6791
    7664       1.6830
    7665       1.6292
    7666       1.7287
    7667       1.7285
    7668       1.8106
    7669       1.6704
    7670       1.7192
    7671       1.6730
    7672       1.5625
    7673       1.6211
    7674       1.5655
    7675       1.6217
    7676       1.5749
    7677       1.5505
    7678       1.5999
    7679       1.6075
    7680       1.5357
    7681       1.6534
    7682       1.5669
    7683       1.5400
    7684       1.5810
    7685       1.6344
    7686       1.5441
    7687       1.6420
    7688       1.6654
    7689       1.5982
    7690       1.4858
    7691       1.4398
    7692       1.5568
    7693       1.5186
    7694       1.6877
    7695       1.7155
    7696       1.6381
    7697       1.6291
    7698       1.8245
    7699       1.6902
    7700       1.9426
    7701       1.8680
    7702       1.8308
    7703       1.6770
    7704       1.8536
    7705       1.7703
    7706       1.8178
    7707       1.6291
    7708       1.5987
    7709       1.7260
    7710       1.7335
    7711       1.7608
    7712       1.6372
    7713       1.6016
    7714       1.5948
    7715       1.5612
    7716       1.5728
    7717       1.5152
    7718       1.6488
    7719       1.5617
    7720       1.4683
    7721       1.5327
    7722       1.5851
    7723       1.4620
    7724       1.5037
    7725       1.5488
    7726       1.4846
    7727       1.4151
    7728       1.4837
    7729       1.4621
    7730       1.4330
    7731       1.4994
    7732       1.5403
    7733       1.6340
    7734       1.6255
    7735       1.5118
    7736       1.4827
    7737       1.5306
    7738       1.5375
    7739       1.5649
    7740       1.6115
    7741       1.6185
    7742       1.6145
    7743       1.6265
    7744       1.5671
    7745       1.5950
    7746       1.5630
    7747       1.5341
    7748       1.5835
    7749       1.6116
    7750       1.7256
    7751       1.6701
    7752       1.6696
    7753       1.7498
    7754       1.6759
    7755       1.8853
    7756       1.8248
    7757       1.8503
    7758       1.8221
    7759       1.9104
    7760       1.9446
    7761       1.8699
    7762       1.9155
    7763       2.0164
    7764       1.9689
    7765       2.0842
    7766       2.0480
    7767       1.7889
    7768       1.7513
    7769       1.8464
    7770       1.8402
    7771       1.6608
    7772       1.8073
    7773       1.6871
    7774       1.6636
    7775       1.5770
    7776       1.6013
    7777       1.5992
    7778       1.6512
    7779       1.7837
    7780       1.7304
    7781       1.7194
    7782       1.6046
    7783       1.6150
    7784       1.7354
    7785       1.8471
    7786       1.8269
    7787       1.7819
    7788       1.7942
    7789       1.8117
    7790       1.7765
    7791       1.9351
    7792       1.8744
    7793       1.8204
    7794       1.6539
    7795       1.7652
    7796       1.7066
    7797       1.9708
    7798       1.8623
    7799       1.8621
    7800       1.7304
    7801       1.6660
    7802       1.7443
    7803       1.6447
    7804       1.5313
    7805       1.6661
    7806       1.5317
    7807       1.5043
    7808       1.5385
    7809       1.6097
    7810       1.5517
    7811       1.5383
    7812       1.4727
    7813       1.5652
    7814       1.5156
    7815       1.5009
    7816       1.4903
    7817       1.4309
    7818       1.5017
    7819       1.5213
    7820       1.4361
    7821       1.5123
    7822       1.5619
    7823       1.5326
    7824       1.5457
    7825       1.6151
    7826       1.6235
    7827       1.6466
    7828       1.6542
    7829       1.6323
    7830       1.6328
    7831       1.5746
    7832       1.7248
    7833       1.8933
    7834       1.6750
    7835       1.7101
    7836       1.7745
    7837       1.8410
    7838       1.7236
    7839       1.7345
    7840       1.8424
    7841       1.8771
    7842       1.8201
    7843       1.8982
    7844       2.0884
    7845       2.2036
    7846       2.1258
    7847       1.9777
    7848       1.8682
    7849       1.6640
    7850       1.6672
    7851       1.7507
    7852       1.6544
    7853       1.6493
    7854       1.6598
    7855       1.5511
    7856       1.6971
    7857       1.7675
    7858       1.8121
    7859       1.7612
    7860       1.8866
    7861       1.6637
    7862       1.8113
    7863       1.8448
    7864       1.6474
    7865       1.6221
    7866       1.6273
    7867       1.6571
    7868       1.6456
    7869       1.7359
    7870       1.6774
    7871       1.6841
    7872       1.6799
    7873       1.6583
    7874       1.5581
    7875       1.6932
    7876       1.5822
    7877       1.5477
    7878       1.7154
    7879       1.6570
    7880       1.5758
    7881       1.6231
    7882       1.6724
    7883       1.6808
    7884       1.6048
    7885       1.5858
    7886       1.5078
    7887       1.4398
    7888       1.5316
    7889       1.5452
    7890       1.5077
    7891       1.6417
    7892       1.7659
    7893       1.7963
    7894       1.7114
    7895       1.7904
    7896       1.7779
    7897       1.6623
    7898       1.6379
    7899       1.6592
    7900       1.5618
    7901       1.5194
    7902       1.5966
    7903       1.6608
    7904       1.7892
    7905       1.8838
    7906       1.8393
    7907       1.7859
    7908       1.9262
    7909       1.9035
    7910       1.7586
    7911       1.8342
    7912       1.7707
    7913       1.7503
    7914       1.8736
    7915       1.8766
    7916       1.8326
    7917       1.9058
    7918       2.0054
    7919       1.9711
    7920       1.9357
    7921       1.9536
    7922       1.9902
    7923       2.0554
    7924       2.2293
    7925       2.0648
    7926       2.0154
    7927       1.9959
    7928       1.8032
    7929       1.8424
    7930       1.7451
    7931       1.6766
    7932       1.5544
    7933       1.5184
    7934       1.5085
    7935       1.6515
    7936       1.6667
    7937       1.6326
    7938       1.7369
    7939       1.8661
    7940       1.7596
    7941       1.7990
    7942       1.9016
    7943       1.7867
    7944       1.7397
    7945       1.6904
    7946       1.7236
    7947       1.8220
    7948       1.9266
    7949       1.7465
    7950       1.6460
    7951       1.7298
    7952       1.8159
    7953       1.8326
    7954       1.9036
    7955       1.7853
    7956       1.7461
    7957       1.8969
    7958       1.9020
    7959       1.9083
    7960       1.8960
    7961       1.8983
    7962       2.0399
    7963       1.8403
    7964       1.7951
    7965       1.8956
    7966       1.8106
    7967       1.8113
    7968       1.8509
    7969       1.7775
    7970       1.7939
    7971       1.6652
    7972       1.6455
    7973       1.7635
    7974       1.6912
    7975       1.6859
    7976       1.6851
    7977       1.6154
    7978       1.5465
    7979       1.6349
    7980       1.5795
    7981       1.5718
    7982       1.5857
    7983       1.6387
    7984       1.5885
    7985       1.6011
    7986       1.6590
    7987       1.7407
    7988       1.7320
    7989       1.7669
    7990       1.9521
    7991       1.7773
    7992       1.6867
    7993       1.7016
    7994       1.6949
    7995       1.6826
    7996       1.5849
    7997       1.4880
    7998       1.6908
    7999       1.6336
    8000       1.5321
    8001       1.6100
    8002       1.6030
    8003       1.5897
    8004       1.4974
    8005       1.4321
    8006       1.5219
    8007       1.6738
    8008       1.7965
    8009       1.8785
    8010       1.9564
    8011       1.8273
    8012       1.6707
    8013       1.8265
    8014       1.6284
    8015       1.6637
    8016       1.7078
    8017       1.8323
    8018       1.6418
    8019       1.7067
    8020       1.7737
    8021       1.8129
    8022       1.7336
    8023       1.8378
    8024       1.8611
    8025       1.9198
    8026       1.8217
    8027       1.7750
    8028       1.6428
    8029       1.6570
    8030       1.4933
    8031       1.6112
    8032       1.6559
    8033       1.6107
    8034       1.6408
    8035       1.6650
    8036       1.5644
    8037       1.6652
    8038       1.6529
    8039       1.6216
    8040       1.6101
    8041       1.7801
    8042       1.6971
    8043       1.6954
    8044       1.6720
    8045       1.6624
    8046       1.5524
    8047       1.5835
    8048       1.6840
    8049       1.6433
    8050       1.6097
    8051       1.6923
    8052       1.5293
    8053       1.5384
    8054       1.5821
    8055       1.6150
    8056       1.7571
    8057       1.8362
    8058       1.9191
    8059       1.7273
    8060       1.6511
    8061       1.6398
    8062       1.5832
    8063       1.5514
    8064       1.6150
    8065       1.6118
    8066       1.6067
    8067       1.5679
    8068       1.5236
    8069       1.5389
    8070       1.4333
    8071       1.5136
    8072       1.6123
    8073       1.5247
    8074       1.5478
    8075       1.4731
    8076       1.4643
    8077       1.5547
    8078       1.4287
    8079       1.5115
    8080       1.4668
    8081       1.4201
    8082       1.4744
    8083       1.5195
    8084       1.4451
    8085       1.3861
    8086       1.4804
    8087       1.4143
    8088       1.4162
    8089       1.3968
    8090       1.4949
    8091       1.4982
    8092       1.5041
    8093       1.4957
    8094       1.4807
    8095       1.4875
    8096       1.4354
    8097       1.4848
    8098       1.5895
    8099       1.5545
    8100       1.5669
    8101       1.6843
    8102       1.6695
    8103       1.6087
    8104       1.6772
    8105       1.6431
    8106       1.5194
    8107       1.5874
    8108       1.5180
    8109       1.6692
    8110       1.6922
    8111       1.6582
    8112       1.6274
    8113       1.5718
    8114       1.4353
    8115       1.5239
    8116       1.5852
    8117       1.5642
    8118       1.5735
    8119       1.4833
    8120       1.5978
    8121       1.5835
    8122       1.5574
    8123       1.7606
    8124       1.6732
    8125       1.7097
    8126       1.5782
    8127       1.7180
    8128       1.5859
    8129       1.6839
    8130       1.6829
    8131       1.5788
    8132       1.6728
    8133       1.6695
    8134       1.6779
    8135       1.6511
    8136       1.7276
    8137       1.7169
    8138       1.7015
    8139       1.6597
    8140       1.6175
    8141       1.5094
    8142       1.4975
    8143       1.5280
    8144       1.5434
    8145       1.5914
    8146       1.5978
    8147       1.5596
    8148       1.6610
    8149       1.6705
    8150       1.6563
    8151       1.5533
    8152       1.5043
    8153       1.6314
    8154       1.5119
    8155       1.5239
    8156       1.5199
    8157       1.4566
    8158       1.4329
    8159       1.5219
    8160       1.5228
    8161       1.5199
    8162       1.6856
    8163       1.6947
    8164       1.5531
    8165       1.6915
    8166       1.6012
    8167       1.5174
    8168       1.5721
    8169       1.6099
    8170       1.6327
    8171       1.5593
    8172       1.4999
    8173       1.6125
    8174       1.6048
    8175       1.6054
    8176       1.6305
    8177       1.5630
    8178       1.5406
    8179       1.6213
    8180       1.6152
    8181       1.6390
    8182       1.6766
    8183       1.7284
    8184       1.8460
    8185       1.7883
    8186       1.6738
    8187       1.7439
    8188       1.7646
    8189       1.7390
    8190       1.7636
    8191       1.6350
    8192       1.6839
    8193       1.7248
    8194       1.7912
    8195       1.7527
    8196       1.9727
    8197       1.7430
    8198       1.7293
    8199       1.7050
    8200       1.7100
    8201       1.7280
    8202       1.6726
    8203       1.7239
    8204       1.5956
    8205       1.5720
    8206       1.6463
    8207       1.7270
    8208       1.6579
    8209       1.6828
    8210       1.6954
    8211       1.6779
    8212       1.5726
    8213       1.5725
    8214       1.5628
    8215       1.6247
    8216       1.7871
    8217       1.7913
    8218       1.7707
    8219       1.6577
    8220       1.5312
    8221       1.5603
    8222       1.5584
    8223       1.6598
    8224       1.7465
    8225       1.9570
    8226       2.1241
    8227       1.9810
    8228       2.0454
    8229       1.9353
    8230       2.0095
    8231       2.0888
    8232       1.9505
    8233       2.0819
    8234       1.9745
    8235       2.0208
    8236       1.9024
    8237       1.8274
    8238       2.0495
    8239       1.7995
    8240       1.7017
    8241       1.8507
    8242       1.8364
    8243       1.6969
    8244       1.7414
    8245       1.7165
    8246       1.6694
    8247       1.7131
    8248       1.6255
    8249       1.6757
    8250       1.5849
    8251       1.7316
    8252       1.7826
    8253       1.7554
    8254       1.7693
    8255       1.7425
    8256       1.7364
    8257       1.6716
    8258       1.9031
    8259       1.8128
    8260       1.6779
    8261       1.7105
    8262       1.8296
    8263       1.8795
    8264       1.7857
    8265       1.8262
    8266       1.8721
    8267       1.9446
    8268       1.7334
    8269       1.8822
    8270       1.7175
    8271       1.7923
    8272       1.8581
    8273       1.9334
    8274       1.9480
    8275       1.9387
    8276       2.0183
    8277       2.2242
    8278       2.0152
    8279       2.0030
    8280       1.8422
    8281       1.8589
    8282       1.7014
    8283       1.7016
    8284       1.6642
    8285       1.5786
    8286       1.5415
    8287       1.5593
    8288       1.6172
    8289       1.5216
    8290       1.7149
    8291       1.6209
    8292       1.6678
    8293       1.8287
    8294       1.7735
    8295       2.0053
    8296       1.7834
    8297       1.8585
    8298       1.9802
    8299       1.9372
    8300       2.0629
    8301       1.9548
    8302       1.9035
    8303       1.9407
    8304       1.8567
    8305       1.7618
    8306       1.7530
    8307       1.7939
    8308       1.7778
    8309       1.7470
    8310       1.6679
    8311       1.5773
    8312       1.5881
    8313       1.5918
    8314       1.6007
    8315       1.7226
    8316       1.6012
    8317       1.7524
    8318       1.8072
    8319       1.9582
    8320       1.9822
    8321       1.9750
    8322       1.8802
    8323       1.9279
    8324       1.9096
    8325       1.7814
    8326       1.8090
    8327       1.8696
    8328       1.8370
    8329       1.6156
    8330       1.6679
    8331       1.6800
    8332       1.5303
    8333       1.5075
    8334       1.5514
    8335       1.7377
    8336       1.6971
    8337       1.5415
    8338       1.7482
    8339       1.7151
    8340       1.5206
    8341       1.5858
    8342       1.6210
    8343       1.7240
    8344       1.6818
    8345       1.7655
    8346       1.6437
    8347       1.6515
    8348       1.6350
    8349       1.7023
    8350       1.7484
    8351       1.7041
    8352       1.6718
    8353       1.6655
    8354       1.5637
    8355       1.5272
    8356       1.4945
    8357       1.5738
    8358       1.4632
    8359       1.4907
    8360       1.6448
    8361       1.6387
    8362       1.5936
    8363       1.7027
    8364       1.7133
    8365       1.8259
    8366       1.7829
    8367       1.7836
    8368       1.7733
    8369       1.8417
    8370       1.9750
    8371       2.0165
    8372       1.8276
    8373       1.7428
    8374       1.7141
    8375       1.7603
    8376       1.7245
    8377       1.7326
    8378       1.7532
    8379       1.5864
    8380       1.6983
    8381       1.7427
    8382       1.7046
    8383       1.6972
    8384       1.6295
    8385       1.5924
    8386       1.6836
    8387       1.6356
    8388       1.5453
    8389       1.6829
    8390       1.6211
    8391       1.6352
    8392       1.5981
    8393       1.6097
    8394       1.7581
    8395       1.7493
    8396       1.6422
    8397       1.6149
    8398       1.7320
    8399       1.7802
    8400       1.7602
    8401       1.7269
    8402       1.7127
    8403       1.7633
    8404       1.6720
    8405       1.5991
    8406       1.6663
    8407       1.8041
    8408       1.8983
    8409       1.6952
    8410       1.9155
    8411       1.9204
    8412       1.8021
    8413       1.6835
    8414       1.8632
    8415       2.0395
    8416       1.8671
    8417       1.8279
    8418       1.7150
    8419       1.7121
    8420       1.8088
    8421       1.9266
    8422       1.9322
    8423       1.8686
    8424       1.7330
    8425       1.7549
    8426       1.8392
    8427       1.7753
    8428       1.8825
    8429       1.7651
    8430       1.7441
    8431       1.8579
    8432       1.8520
    8433       1.7504
    8434       1.6341
    8435       1.6454
    8436       1.5733
    8437       1.5812
    8438       1.7427
    8439       1.7132
    8440       1.7292
    8441       1.8323
    8442       1.8718
    8443       1.8262
    8444       1.7101
    8445       1.6869
    8446       1.6486
    8447       1.7177
    8448       1.5871
    8449       1.6674
    8450       1.5800
    8451       1.6607
    8452       1.5785
    8453       1.6292
    8454       1.5673
    8455       1.6595
    8456       1.7235
    8457       1.5829
    8458       1.6241
    8459       1.6496
    8460       1.6469
    8461       1.7787
    8462       1.6825
    8463       1.7052
    8464       1.5955
    8465       1.6630
    8466       1.6705
    8467       1.6918
    8468       1.6435
    8469       1.6898
    8470       1.7189
    8471       1.8172
    8472       1.8048
    8473       1.7588
    8474       1.7346
    8475       1.6583
    8476       1.6170
    8477       1.6321
    8478       1.5865
    8479       1.6998
    8480       1.5489
    8481       1.6008
    8482       1.5616
    8483       1.6360
    8484       1.6290
    8485       1.6402
    8486       1.6449
    8487       1.6993
    8488       1.6620
    8489       1.8708
    8490       1.9645
    8491       1.8366
    8492       1.7440
    8493       1.6882
    8494       1.6625
    8495       1.6201
    8496       1.5858
    8497       1.6626
    8498       1.5968
    8499       1.5399
    8500       1.5535
    8501       1.5829
    8502       1.6300
    8503       1.6246
    8504       1.4563
    8505       1.5854
    8506       1.5399
    8507       1.5204
    8508       1.5553
    8509       1.4112
    8510       1.5015
    8511       1.3981
    8512       1.4805
    8513       1.4443
    8514       1.4626
    8515       1.4639
    8516       1.4307
    8517       1.4187
    8518       1.4221
    8519       1.3498
    8520       1.3771
    8521       1.4933
    8522       1.4375
    8523       1.4788
    8524       1.4568
    8525       1.4314
    8526       1.5084
    8527       1.4672
    8528       1.4839
    8529       1.5304
    8530       1.4855
    8531       1.5227
    8532       1.5557
    8533       1.5061
    8534       1.4704
    8535       1.6279
    8536       1.6332
    8537       1.6183
    8538       1.6258
    8539       1.6255
    8540       1.6633
    8541       1.7635
    8542       1.6540
    8543       1.5411
    8544       1.4554
    8545       1.4850
    8546       1.6264
    8547       1.5172
    8548       1.6020
    8549       1.7379
    8550       1.6213
    8551       1.4872
    8552       1.5021
    8553       1.5582
    8554       1.5080
    8555       1.6367
    8556       1.7554
    8557       1.6169
    8558       1.4948
    8559       1.4686
    8560       1.5864
    8561       1.5110
    8562       1.4863
    8563       1.5391
    8564       1.5100
    8565       1.5140
    8566       1.5605
    8567       1.6519
    8568       1.5734
    8569       1.5845
    8570       1.6325
    8571       1.5910
    8572       1.6947
    8573       1.6022
    8574       1.5486
    8575       1.6176
    8576       1.6810
    8577       1.6774
    8578       1.6966
    8579       1.8213
    8580       1.7523
    8581       1.7830
    8582       1.8032
    8583       1.7747
    8584       1.7914
    8585       1.7186
    8586       1.6564
    8587       1.7447
    8588       1.6349
    8589       1.6548
    8590       1.7984
    8591       1.7567
    8592       1.7887
    8593       1.7037
    8594       1.6871
    8595       1.7670
    8596       1.7942
    8597       1.6422
    8598       1.5819
    8599       1.5939
    8600       1.5861
    8601       1.7568
    8602       1.6593
    8603       1.7301
    8604       1.8378
    8605       1.7159
    8606       1.7506
    8607       1.6950
    8608       1.8830
    8609       1.8951
    8610       1.8645
    8611       1.8410
    8612       1.8779
    8613       1.9239
    8614       2.0526
    8615       1.8487
    8616       1.8417
    8617       1.8286
    8618       1.7178
    8619       1.6957
    8620       1.7178
    8621       1.8145
    8622       1.6844
    8623       1.6719
    8624       1.7397
    8625       1.7026
    8626       1.7734
    8627       1.8408
    8628       1.7007
    8629       1.7709
    8630       1.7713
    8631       1.7519
    8632       1.7526
    8633       1.6731
    8634       1.7043
    8635       1.6982
    8636       1.7597
    8637       1.8282
    8638       1.9180
    8639       1.9175
    8640       1.6671
    8641       1.7570
    8642       1.8183
    8643       1.9777
    8644       1.7262
    8645       1.6902
    8646       1.7527
    8647       1.6166
    8648       1.8447
    8649       1.7901
    8650       1.8399
    8651       1.7187
    8652       1.7191
    8653       1.6937
    8654       1.6079
    8655       1.8589
    8656       1.9127
    8657       2.0429
    8658       2.0588
    8659       2.1538
    8660       2.0172
    8661       2.0094
    8662       1.9147
    8663       1.8053
    8664       1.9858
    8665       1.8433
    8666       1.8503
    8667       1.7056
    8668       1.6659
    8669       1.8161
    8670       1.9845
    8671       1.9447
    8672       1.9957
    8673       2.0918
    8674       2.0334
    8675       2.0814
    8676       2.1402
    8677       1.9477
    8678       2.1042
    8679       2.1244
    8680       2.2467
    8681       2.0656
    8682       1.7558
    8683       1.7779
    8684       1.8464
    8685       1.7791
    8686       2.0056
    8687       1.9076
    8688       1.9329
    8689       1.8870
    8690       1.8869
    8691       1.7937
    8692       1.7783
    8693       1.9089
    8694       1.7616
    8695       1.7337
    8696       1.7113
    8697       1.6250
    8698       1.7624
    8699       1.6675
    8700       1.7334
    8701       1.6627
    8702       1.5501
    8703       1.6438
    8704       1.7176
    8705       1.7301
    8706       1.7249
    8707       1.8586
    8708       1.7769
    8709       1.7426
    8710       1.7660
    8711       1.8601
    8712       1.7542
    8713       1.8121
    8714       1.6180
    8715       1.6441
    8716       1.6323
    8717       1.6214
    8718       1.5468
    8719       1.5670
    8720       1.6463
    8721       1.4847
    8722       1.5372
    8723       1.5745
    8724       1.9206
    8725       1.7931
    8726       1.7426
    8727       1.6227
    8728       1.4413
    8729       1.5572
    8730       1.4702
    8731       1.5329
    8732       1.5861
    8733       1.5710
    8734       1.3761
    8735       1.4619
    8736       1.5134
    8737       1.4544
    8738       1.5267
    8739       1.7225
    8740       1.7537
    8741       1.7576
    8742       1.7725
    8743       1.6047
    8744       1.6310
    8745       1.5539
    8746       1.5989
    8747       1.7509
    8748       1.5646
    8749       1.3649
    8750       1.4478
    8751       1.3727
    8752       1.5258
    8753       1.5381
    8754       1.4733
    8755       1.4924
    8756       1.3928
    8757       1.4141
    8758       1.3941
    8759       1.4469
    8760       1.4173
    8761       1.5079
    8762       1.5130
    8763       1.4903
    8764       1.5069
    8765       1.5051
    8766       1.3823
    8767       1.5099
    8768       1.5494
    8769       1.4828
    8770       1.4114
    8771       1.4419
    8772       1.4847
    8773       1.4324
    8774       1.4510
    8775       1.5526
    8776       1.5007
    8777       1.5003
    8778       1.5331
    8779       1.4191
    8780       1.4587
    8781       1.4766
    8782       1.4428
    8783       1.5670
    8784       1.5915
    8785       1.6118
    8786       1.6340
    8787       1.6251
    8788       1.6950
    8789       1.7605
    8790       1.6678
    8791       1.6214
    8792       1.6497
    8793       1.5408
    8794       1.5835
    8795       1.6426
    8796       1.6128
    8797       1.6341
    8798       1.6077
    8799       1.5225
    8800       1.6121
    8801       1.7162
    8802       1.7620
    8803       1.6353
    8804       1.5195
    8805       1.5183
    8806       1.5075
    8807       1.4645
    8808       1.5031
    8809       1.5643
    8810       1.6683
    8811       1.5596
    8812       1.5641
    8813       1.5117
    8814       1.5746
    8815       1.6146
    8816       1.4600
    8817       1.5222
    8818       1.5561
    8819       1.5151
    8820       1.5796
    8821       1.7004
    8822       1.5434
    8823       1.5296
    8824       1.7019
    8825       1.8167
    8826       1.8049
    8827       1.5991
    8828       1.5808
    8829       1.4281
    8830       1.4972
    8831       1.4844
    8832       1.4903
    8833       1.6375
    8834       1.6397
    8835       1.6306
    8836       1.8061
    8837       1.6895
    8838       1.6106
    8839       1.6282
    8840       1.4473
    8841       1.5927
    8842       1.5428
    8843       1.6710
    8844       1.4995
    8845       1.6797
    8846       1.7348
    8847       1.6930
    8848       1.8014
    8849       1.6644
    8850       1.7026
    8851       1.7335
    8852       1.6986
    8853       1.6736
    8854       1.4893
    8855       1.5372
    8856       1.8302
    8857       1.6594
    8858       1.7470
    8859       1.6861
    8860       1.7817
    8861       1.7113
    8862       1.7485
    8863       1.8405
    8864       1.8145
    8865       1.6738
    8866       1.5788
    8867       1.6033
    8868       1.7110
    8869       1.5946
    8870       1.5995
    8871       1.5848
    8872       1.5953
    8873       1.5074
    8874       1.5871
    8875       1.6860
    8876       1.7027
    8877       1.6610
    8878       1.4686
    8879       1.4889
    8880       1.4808
    8881       1.5028
    8882       1.6193
    8883       1.7625
    8884       1.7050
    8885       1.6645
    8886       1.7475
    8887       1.6897
    8888       1.6139
    8889       1.5003
    8890       1.6707
    8891       1.7084
    8892       1.7556
    8893       1.7612
    8894       1.6139
    8895       1.6455
    8896       1.6102
    8897       1.7306
    8898       1.8225
    8899       1.8294
    8900       2.0221
    8901       1.9450
    8902       1.8245
    8903       1.8265
    8904       1.7951
    8905       1.8134
    8906       1.7974
    8907       1.7558
    8908       1.8632
    8909       1.8394
    8910       1.8261
    8911       1.6345
    8912       1.6018
    8913       1.6173
    8914       1.5856
    8915       1.7288
    8916       1.7754
    8917       1.7768
    8918       1.7100
    8919       1.6964
    8920       1.5364
    8921       1.6806
    8922       1.6232
    8923       1.7971
    8924       1.5965
    8925       1.5409
    8926       1.7928
    8927       1.6083
    8928       1.5238
    8929       1.5062
    8930       1.6338
    8931       1.8820
    8932       1.7388
    8933       1.5851
    8934       1.5164
    8935       1.4673
    8936       1.5419
    8937       1.5360
    8938       1.4813
    8939       1.4511
    8940       1.5260
    8941       1.5717
    8942       1.5581
    8943       1.5922
    8944       1.8287
    8945       1.5669
    8946       1.7129
    8947       1.7397
    8948       1.6982
    8949       1.6547
    8950       1.5007
    8951       1.5068
    8952       1.5570
    8953       1.6302
    8954       1.6874
    8955       1.7016
    8956       1.6095
    8957       1.6128
    8958       1.4410
    8959       1.5085
    8960       1.5673
    8961       1.5680
    8962       1.6058
    8963       1.6044
    8964       1.5522
    8965       1.6034
    8966       1.4621
    8967       1.4905
    8968       1.5390
    8969       1.5529
    8970       1.3422
    8971       1.5553
    8972       1.5484
    8973       1.6369
    8974       1.6960
    8975       1.6620
    8976       1.7757
    8977       1.7856
    8978       1.6497
    8979       1.7779
    8980       1.8867
    8981       1.8410
    8982       1.8196
    8983       1.8471
    8984       1.8556
    8985       1.7715
    8986       1.7743
    8987       1.5936
    8988       1.6464
    8989       1.6024
    8990       1.5190
    8991       1.5547
    8992       1.5008
    8993       1.4081
    8994       1.5297
    8995       1.5706
    8996       1.5547
    8997       1.7714
    8998       1.7692
    8999       1.8958
    9000       1.8447
    9001       1.7626
    9002       1.6499
    9003       1.6291
    9004       1.6103
    9005       1.7444
    9006       1.5966
    9007       1.4793
    9008       1.5558
    9009       1.7181
    9010       1.8285
    9011       1.5626
    9012       1.5719
    9013       1.7347
    9014       1.6750
    9015       1.6244
    9016       1.8888
    9017       1.7073
    9018       1.7027
    9019       1.5900
    9020       1.6719
    9021       1.6135
    9022       1.5479
    9023       1.5655
    9024       1.6231
    9025       1.5966
    9026       1.5154
    9027       1.5075
    9028       1.3883
    9029       1.3871
    9030       1.4722
    9031       1.4671
    9032       1.4758
    9033       1.5068
    9034       1.4094
    9035       1.4863
    9036       1.4113
    9037       1.4825
    9038       1.4137
    9039       1.5108
    9040       1.5033
    9041       1.4594
    9042       1.4709
    9043       1.4896
    9044       1.6302
    9045       1.4854
    9046       1.6453
    9047       1.5286
    9048       1.6885
    9049       1.5907
    9050       1.5170
    9051       1.5766
    9052       1.7271
    9053       1.6345
    9054       1.5860
    9055       1.4924
    9056       1.5184
    9057       1.6170
    9058       1.5238
    9059       1.5007
    9060       1.6747
    9061       1.7064
    9062       1.4851
    9063       1.5254
    9064       1.4937
    9065       1.5084
    9066       1.4600
    9067       1.4889
    9068       1.5764
    9069       1.5392
    9070       1.4783
    9071       1.5602
    9072       1.6028
    9073       1.6397
    9074       1.8064
    9075       1.7875
    9076       1.9428
    9077       1.7419
    9078       1.5883
    9079       1.7087
    9080       1.6846
    9081       1.7185
    9082       1.6448
    9083       1.6411
    9084       1.7320
    9085       1.9518
    9086       1.9664
    9087       1.9684
    9088       1.8830
    9089       1.6823
    9090       1.5806
    9091       1.6427
    9092       1.5625
    9093       1.5380
    9094       1.5866
    9095       1.5952
    9096       1.6702
    9097       1.6640
    9098       1.7493
    9099       1.8341
    9100       1.6728
    9101       1.7086
    9102       1.6219
    9103       1.5813
    9104       1.5206
    9105       1.5891
    9106       1.4204
    9107       1.4425
    9108       1.4801
    9109       1.5066
    9110       1.6311
    9111       1.5427
    9112       1.6574
    9113       1.6389
    9114       1.6804
    9115       1.6012
    9116       1.6946
    9117       1.7218
    9118       1.8015
    9119       1.6783
    9120       1.6568
    9121       1.5772
    9122       1.7321
    9123       1.5644
    9124       1.6561
    9125       1.6889
    9126       1.6032
    9127       1.6149
    9128       1.7735
    9129       1.6855
    9130       1.7051
    9131       1.6659
    9132       1.5802
    9133       1.7128
    9134       1.7303
    9135       1.5286
    9136       1.6005
    9137       1.8265
    9138       1.7423
    9139       1.5405
    9140       1.5915
    9141       1.6507
    9142       1.6201
    9143       1.6064
    9144       1.5799
    9145       1.6341
    9146       1.5992
    9147       1.5891
    9148       1.5162
    9149       1.5366
    9150       1.6600
    9151       1.4647
    9152       1.4700
    9153       1.5991
    9154       1.6052
    9155       1.5675
    9156       1.5910
    9157       1.4329
    9158       1.4973
    9159       1.5898
    9160       1.5131
    9161       1.5786
    9162       1.5556
    9163       1.5769
    9164       1.5497
    9165       1.5635
    9166       1.6600
    9167       1.5226
    9168       1.4947
    9169       1.4556
    9170       1.4960
    9171       1.4718
    9172       1.4751
    9173       1.5098
    9174       1.4870
    9175       1.5288
    9176       1.4660
    9177       1.4555
    9178       1.4934
    9179       1.5311
    9180       1.4786
    9181       1.4749
    9182       1.4660
    9183       1.5798
    9184       1.5821
    9185       1.5738
    9186       1.4169
    9187       1.5058
    9188       1.5422
    9189       1.4442
    9190       1.4945
    9191       1.5226
    9192       1.4650
    9193       1.5345
    9194       1.5680
    9195       1.4700
    9196       1.4240
    9197       1.5014
    9198       1.5252
    9199       1.6071
    9200       1.5516
    9201       1.6483
    9202       1.5495
    9203       1.6641
    9204       1.6485
    9205       1.7332
    9206       1.7686
    9207       1.7864
    9208       1.7794
    9209       1.9015
    9210       1.7704
    9211       1.6608
    9212       1.6301
    9213       1.6682
    9214       1.5901
    9215       1.5996
    9216       1.6049
    9217       1.6319
    9218       1.5983
    9219       1.6462
    9220       1.6703
    9221       1.5682
    9222       1.6559
    9223       1.7648
    9224       1.6796
    9225       1.7006
    9226       1.6615
    9227       1.7579
    9228       1.8433
    9229       1.7425
    9230       1.8027
    9231       1.8643
    9232       1.7936
    9233       1.7052
    9234       1.6746
    9235       1.7325
    9236       1.7206
    9237       1.7194
    9238       1.7406
    9239       1.7376
    9240       1.7176
    9241       1.7397
    9242       1.7242
    9243       1.8177
    9244       1.8566
    9245       1.7594
    9246       1.6588
    9247       1.7314
    9248       1.7552
    9249       1.7163
    9250       1.8137
    9251       1.6438
    9252       1.6800
    9253       1.7093
    9254       1.6713
    9255       1.6817
    9256       1.6448
    9257       1.7020
    9258       1.7831
    9259       1.9228
    9260       1.7354
    9261       1.7793
    9262       1.6418
    9263       1.5305
    9264       1.6309
    9265       1.6273
    9266       1.5624
    9267       1.5616
    9268       1.4688
    9269       1.3730
    9270       1.4803
    9271       1.5488
    9272       1.6824
    9273       1.5440
    9274       1.4919
    9275       1.5377
    9276       1.5753
    9277       1.6944
    9278       1.7518
    9279       1.6605
    9280       1.5914
    9281       1.5401
    9282       1.4406
    9283       1.4937
    9284       1.5499
    9285       1.4845
    9286       1.4601
    9287       1.4818
    9288       1.6117
    9289       1.6624
    9290       1.6878
    9291       1.7692
    9292       1.8418
    9293       1.9237
    9294       1.9035
    9295       1.6853
    9296       1.6720
    9297       1.5627
    9298       1.4059
    9299       1.4283
    9300       1.4492
    9301       1.4970
    9302       1.5219
    9303       1.4969
    9304       1.5917
    9305       1.3617
    9306       1.3742
    9307       1.4219
    9308       1.5165
    9309       1.3871
    9310       1.4111
    9311       1.4674
    9312       1.4551
    9313       1.4983
    9314       1.5561
    9315       1.5349
    9316       1.5095
    9317       1.4650
    9318       1.4806
    9319       1.4670
    9320       1.6108
    9321       1.6450
    9322       1.5944
    9323       1.5374
    9324       1.5532
    9325       1.6351
    9326       1.5886
    9327       1.6107
    9328       1.7774
    9329       1.6641
    9330       1.5433
    9331       1.5361
    9332       1.6295
    9333       1.7045
    9334       1.6743
    9335       1.5968
    9336       1.5701
    9337       1.4946
    9338       1.5620
    9339       1.5833
    9340       1.5234
    9341       1.4973
    9342       1.4711
    9343       1.5804
    9344       1.5326
    9345       1.4801
    9346       1.6003
    9347       1.5608
    9348       1.5818
    9349       1.5946
    9350       1.5374
    9351       1.5866
    9352       1.6530
    9353       1.7207
    9354       1.6521
    9355       1.4954
    9356       1.5068
    9357       1.6456
    9358       1.4992
    9359       1.5706
    9360       1.5187
    9361       1.4686
    9362       1.4900
    9363       1.5310
    9364       1.5080
    9365       1.4555
    9366       1.4640
    9367       1.4274
    9368       1.3759
    9369       1.3661
    9370       1.3614
    9371       1.5154
    9372       1.4488
    9373       1.4464
    9374       1.4542
    9375       1.5125
    9376       1.4168
    9377       1.4788
    9378       1.3726
    9379       1.4207
    9380       1.3618
    9381       1.3591
    9382       1.4030
    9383       1.4942
    9384       1.5530
    9385       1.5027
    9386       1.5336
    9387       1.4717
    9388       1.4536
    9389       1.4571
    9390       1.4988
    9391       1.5842
    9392       1.5001
    9393       1.4942
    9394       1.4311
    9395       1.4538
    9396       1.5063
    9397       1.4436
    9398       1.4753
    9399       1.5178
    9400       1.4831
    9401       1.5928
    9402       1.5407
    9403       1.5213
    9404       1.4381
    9405       1.4679
    9406       1.5135
    9407       1.5320
    9408       1.5144
    9409       1.5643
    9410       1.6412
    9411       1.6815
    9412       1.7271
    9413       1.6952
    9414       1.6393
    9415       1.5805
    9416       1.6165
    9417       1.5672
    9418       1.4529
    9419       1.5858
    9420       1.6303
    9421       1.6632
    9422       1.8140
    9423       1.8314
    9424       1.7837
    9425       1.7973
    9426       1.8880
    9427       1.7649
    9428       1.7396
    9429       1.7000
    9430       1.6568
    9431       1.6432
    9432       1.7818
    9433       1.8850
    9434       1.7744
    9435       1.8554
    9436       1.8088
    9437       1.9875
    9438       1.8973
    9439       1.8836
    9440       1.8457
    9441       1.7970
    9442       1.6848
    9443       1.5963
    9444       1.6621
    9445       1.5653
    9446       1.6036
    9447       1.6081
    9448       1.6589
    9449       1.6802
    9450       1.5977
    9451       1.6714
    9452       1.7114
    9453       1.7489
    9454       1.7853
    9455       1.6935
    9456       1.6691
    9457       1.5284
    9458       1.5983
    9459       1.5845
    9460       1.5802
    9461       1.6438
    9462       1.6269
    9463       1.5319
    9464       1.4758
    9465       1.5400
    9466       1.5568
    9467       1.6279
    9468       1.6423
    9469       1.7966
    9470       1.6971
    9471       1.5905
    9472       1.5633
    9473       1.6411
    9474       1.5743
    9475       1.5932
    9476       1.7850
    9477       1.6904
    9478       1.5604
    9479       1.6290
    9480       1.8047
    9481       1.7161
    9482       1.6523
    9483       1.5315
    9484       1.6839
    9485       1.6529
    9486       1.6804
    9487       1.6985
    9488       1.7376
    9489       1.5199
    9490       1.5011
    9491       1.5851
    9492       1.5828
    9493       1.6337
    9494       1.6837
    9495       1.6460
    9496       1.7109
    9497       1.6918
    9498       1.6175
    9499       1.6003
    9500       1.6222
    9501       1.7156
    9502       1.7880
    9503       1.7563
    9504       1.8559
    9505       1.8476
    9506       1.9092
    9507       1.7346
    9508       1.8169
    9509       1.7580
    9510       1.6528
    9511       1.6684
    9512       1.5715
    9513       1.5812
    9514       1.6956
    9515       1.5693
    9516       1.5362
    9517       1.6673
    9518       1.6506
    9519       1.6854
    9520       1.6639
    9521       1.5664
    9522       1.5692
    9523       1.7658
    9524       1.6052
    9525       1.5981
    9526       1.7816
    9527       1.7443
    9528       1.8341
    9529       1.7289
    9530       1.6968
    9531       1.6155
    9532       1.6586
    9533       1.6494
    9534       1.7659
    9535       1.5610
    9536       1.9164
    9537       1.9247
    9538       1.8983
    9539       1.9197
    9540       1.9054
    9541       2.1070
    9542       2.1341
    9543       2.0233
    9544       2.0871
    9545       2.1574
    9546       2.1586
    9547       1.9527
    9548       1.8519
    9549       1.8185
    9550       1.8684
    9551       1.9209
    9552       1.7530
    9553       1.7988
    9554       1.6975
    9555       1.7004
    9556       1.6644
    9557       1.8949
    9558       1.6993
    9559       1.6392
    9560       1.6379
    9561       1.6536
    9562       1.8174
    9563       1.6729
    9564       1.6890
    9565       1.7800
    9566       1.8462
    9567       1.8832
    9568       1.7931
    9569       1.6970
    9570       1.7187
    9571       1.8043
    9572       1.8406
    9573       1.7987
    9574       1.8078
    9575       1.7401
    9576       1.6623
    9577       1.7989
    9578       1.8276
    9579       1.7438
    9580       1.6217
    9581       1.7428
    9582       1.7796
    9583       1.8820
    9584       1.8416
    9585       1.7299
    9586       1.7964
    9587       1.8210
    9588       1.8536
    9589       1.8235
    9590       1.6756
    9591       1.7755
    9592       1.6987
    9593       1.8116
    9594       1.7861
    9595       1.7211
    9596       1.6613
    9597       1.6469
    9598       1.7142
    9599       1.8312
    9600       1.8729
    9601       1.8646
    9602       1.8179
    9603       1.8204
    9604       1.7566
    9605       1.8673
    9606       1.8276
    9607       1.8308
    9608       1.7524
    9609       1.6678
    9610       1.6602
    9611       1.7519
    9612       1.7063
    9613       1.6663
    9614       1.5804
    9615       1.6305
    9616       1.7327
    9617       1.6553
    9618       1.7332
    9619       1.6719
    9620       1.6718
    9621       1.6928
    9622       1.6414
    9623       1.7022
    9624       1.6623
    9625       1.6109
    9626       1.5790
    9627       1.5362
    9628       1.6655
    9629       1.4138
    9630       1.4712
    9631       1.6361
    9632       1.5318
    9633       1.6259
    9634       1.5462
    9635       1.4910
    9636       1.5914
    9637       1.6525
    9638       1.5647
    9639       1.5664
    9640       1.6500
    9641       1.6539
    9642       1.6216
    9643       1.5917
    9644       1.6742
    9645       1.7313
    9646       1.5495
    9647       1.5875
    9648       1.5806
    9649       1.5660
    9650       1.5240
    9651       1.5280
    9652       1.5517
    9653       1.4422
    9654       1.5474
    9655       1.5108
    9656       1.5166
    9657       1.6061
    9658       1.5558
    9659       1.6148
    9660       1.5865
    9661       1.6455
    9662       1.6440
    9663       1.6691
    9664       1.6370
    9665       1.8403
    9666       1.7890
    9667       1.9010
    9668       1.8398
    9669       1.7055
    9670       1.8618
    9671       1.8607
    9672       1.7608
    9673       1.5680
    9674       1.6271
    9675       1.5272
    9676       1.5516
    9677       1.7051
    9678       1.5320
    9679       1.5449
    9680       1.5521
    9681       1.5161
    9682       1.6028
    9683       1.6479
    9684       1.6331
    9685       1.5311
    9686       1.6135
    9687       1.6505
    9688       1.6002
    9689       1.5906
    9690       1.5430
    9691       1.5800
    9692       1.6750
    9693       1.7097
    9694       1.7360
    9695       1.7076
    9696       1.8163
    9697       1.8082
    9698       1.7339
    9699       1.8303
    9700       1.7659
    9701       1.7894
    9702       1.7096
    9703       1.7310
    9704       1.7136
    9705       1.6162
    9706       1.6702
    9707       1.6291
    9708       1.5008
    9709       1.6062
    9710       1.5110
    9711       1.6535
    9712       1.7197
    9713       1.7072
    9714       1.6369
    9715       1.5492
    9716       1.5661
    9717       1.5802
    9718       1.5946
    9719       1.5196
    9720       1.7247
    9721       1.6151
    9722       1.6467
    9723       1.6346
    9724       1.6353
    9725       1.7533
    9726       1.5243
    9727       1.6859
    9728       1.9016
    9729       1.9233
    9730       1.7440
    9731       1.7587
    9732       1.7362
    9733       1.7295
    9734       1.6094
    9735       1.5648
    9736       1.5505
    9737       1.6571
    9738       1.6826
    9739       1.6516
    9740       1.6342
    9741       1.6478
    9742       1.5761
    9743       1.4565
    9744       1.4726
    9745       1.6447
    9746       1.5818
    9747       1.7462
    9748       1.7130
    9749       1.6978
    9750       1.9333
    9751       1.9020
    9752       1.9032
    9753       1.8196
    9754       1.7429
    9755       1.8531
    9756       1.5959
    9757       1.6806
    9758       1.7375
    9759       1.7717
    9760       1.7508
    9761       1.8200
    9762       1.7667
    9763       1.7745
    9764       1.8382
    9765       1.7856
    9766       1.6612
    9767       1.6090
    9768       1.4982
    9769       1.7333
    9770       1.5779
    9771       1.5623
    9772       1.6214
    9773       1.5887
    9774       1.6047
    9775       1.6501
    9776       1.5615
    9777       1.5389
    9778       1.5949
    9779       1.5597
    9780       1.6462
    9781       1.5947
    9782       1.5410
    9783       1.6272
    9784       1.5258
    9785       1.6496
    9786       1.6412
    9787       1.7424
    9788       1.6465
    9789       1.6311
    9790       1.5990
    9791       1.5915
    9792       1.5790
    9793       1.5638
    9794       1.6934
    9795       1.5757
    9796       1.5228
    9797       1.6218
    9798       1.4808
    9799       1.4255
    9800       1.4317
    9801       1.5783
    9802       1.5765
    9803       1.6185
    9804       1.6659
    9805       1.5187
    9806       1.5514
    9807       1.5887
    9808       1.4906
    9809       1.5888
    9810       1.5685
    9811       1.6218
    9812       1.6820
    9813       1.5753
    9814       1.5354
    9815       1.5262
    9816       1.5945
    9817       1.5229
    9818       1.6250
    9819       1.6687
    9820       1.4646
    9821       1.4707
    9822       1.4131
    9823       1.3878
    9824       1.4542
    9825       1.5306
    9826       1.5699
    9827       1.4889
    9828       1.5822
    9829       1.6095
    9830       1.6372
    9831       1.6585
    9832       1.7437
    9833       1.7255
    9834       1.7093
    9835       1.7696
    9836       1.7196
    9837       1.7981
    9838       1.6675
    9839       1.8615
    9840       1.9754
    9841       1.8954
    9842       1.8535
    9843       1.8893
    9844       1.6510
    9845       1.6691
    9846       1.6551
    9847       1.5473
    9848       1.7120
    9849       1.7504
    9850       1.7206
    9851       1.7782
    9852       1.6514
    9853       1.7412
    9854       1.6173
    9855       1.5158
    9856       1.3975
    9857       1.6057
    9858       1.6259
    9859       1.5595
    9860       1.5847
    9861       1.5835
    9862       1.5893
    9863       1.5928
    9864       1.6700
    9865       1.5999
    9866       1.7040
    9867       1.6141
    9868       1.5518
    9869       1.5695
    9870       1.6825
    9871       1.5763
    9872       1.5830
    9873       1.5914
    9874       1.5377
    9875       1.5299
    9876       1.5305
    9877       1.5767
    9878       1.5559
    9879       1.5434
    9880       1.5785
    9881       1.5904
    9882       1.7488
    9883       1.6175
    9884       1.5350
    9885       1.5020
    9886       1.5183
    9887       1.4128
    9888       1.3792
    9889       1.4989
    9890       1.4448
    9891       1.5469
    9892       1.6547
    9893       1.6339
    9894       1.5758
    9895       1.5440
    9896       1.5807
    9897       1.5931
    9898       1.7115
    9899       1.6181
    9900       1.6043
    9901       1.5911
    9902       1.5883
    9903       1.5205
    9904       1.5897
    9905       1.4624
    9906       1.6728
    9907       1.5792
    9908       1.5541
    9909       1.6780
    9910       1.7014
    9911       1.6117
    9912       1.5939
    9913       1.6903
    9914       1.6140
    9915       1.5065
    9916       1.6673
    9917       1.7889
    9918       1.7456
    9919       1.7368
    9920       1.5910
    9921       1.5938
    9922       1.6378
    9923       1.5211
    9924       1.6869
    9925       1.7373
    9926       1.5552
    9927       1.5388
    9928       1.4518
    9929       1.4142
    9930       1.4327
    9931       1.5249
    9932       1.5655
    9933       1.6253
    9934       1.8717
    9935       1.7659
    9936       1.7686
    9937       1.8428
    9938       1.6620
    9939       1.5985
    9940       1.5827
    9941       1.5613
    9942       1.6353
    9943       1.6088
    9944       1.5193
    9945       1.5962
    9946       1.5899
    9947       1.8795
    9948       1.6617
    9949       1.6637
    9950       1.6733
    9951       1.6187
    9952       1.4422
    9953       1.5013
    9954       1.5152
    9955       1.6509
    9956       1.5780
    9957       1.5722
    9958       1.6409
    9959       1.5758
    9960       1.6365
    9961       1.5943
    9962       1.5806
    9963       1.6509
    9964       1.6386
    9965       1.5953
    9966       1.5849
    9967       1.4693
    9968       1.5003
    9969       1.5114
    9970       1.5874
    9971       1.5739
    9972       1.6801
    9973       1.7672
    9974       1.8643
    9975       1.6403
    9976       1.4920
    9977       1.5697
    9978       1.5283
    9979       1.6435
    9980       1.6277
    9981       1.7565
    9982       1.7919
    9983       1.6324
    9984       1.5566
    9985       1.5382
    9986       1.4675
    9987       1.4356
    9988       1.4441
    9989       1.5962
    9990       1.7538
    9991       1.5774
    9992       1.7274
    9993       1.7091
    9994       1.5896
    9995       1.5115
    9996       1.6814
    9997       1.7307
    9998       1.6495
    9999       1.4935
   10000       1.6322
