1,28.0093
2,28.1355
3,28.0607
4,28.1411
5,28.2386
6,28.2887
7,28.2642
8,28.2832
9,28.3065
10,28.3079
11,28.2535
12,28.289
13,28.2624
14,28.2345
15,28.2577
16,28.3534
17,28.3997
18,28.4527
19,28.4132
20,28.4277
21,28.3898
22,28.4135
23,28.3172
24,28.398
25,28.3729
26,28.3389
27,28.2399
28,28.2488
29,28.3932
30,28.4672
31,28.3853
32,28.268
33,28.3719
34,28.3536
35,28.3027
36,28.3127
37,28.3579
38,28.4074
39,28.4179
40,28.4135
41,28.2858
42,28.3303
43,28.4678
44,28.3656
45,28.4797
46,28.3968
47,28.3057
48,28.2351
49,28.176
50,28.2922
51,28.323
52,28.3144
53,28.3019
54,28.3387
55,28.3438
56,28.3945
57,28.3362
58,28.3836
59,28.4616
60,28.3419
61,28.2547
62,28.3177
63,28.4744
64,28.4202
65,28.4109
66,28.3818
67,28.3836
68,28.4182
69,28.3791
70,28.4434
71,28.373
72,28.4732
73,28.473
74,28.4361
75,28.4396
76,28.3882
77,28.4007
78,28.435
79,28.3673
80,28.4093
81,28.5297
82,28.4208
83,28.4577
84,28.3334
85,28.4734
86,28.4937
87,28.4947
88,28.3689
89,28.3256
90,28.3465
91,28.3827
92,28.4109
93,28.4546
94,28.4603
95,28.4486
96,28.4973
97,28.5415
98,28.5206
99,28.4436
100,28.5081
101,28.3576
102,28.531
103,28.5577
104,28.4401
105,28.604
106,28.4986
107,28.4729
108,28.3581
109,28.4048
110,28.4067
111,28.3489
112,28.4346
113,28.5215
114,28.4404
115,28.4334
116,28.3212
117,28.4709
118,28.5194
119,28.5112
120,28.592
121,28.5016
122,28.4749
123,28.3859
124,28.4647
125,28.4336
126,28.5371
127,28.5225
128,28.5309
129,28.5025
130,28.4566
131,28.4762
132,28.4855
133,28.6658
134,28.4627
135,28.5876
136,28.5053
137,28.572
138,28.5208
139,28.4835
140,28.4219
141,28.4249
142,28.4588
143,28.5913
144,28.5067
145,28.5851
146,28.522
147,28.6677
148,28.6132
149,28.4584
150,28.5841
151,28.593
152,28.5784
153,28.6415
154,28.687
155,28.6516
156,28.5997
157,28.6259
158,28.5776
159,28.5967
160,28.5735
161,28.6248
162,28.6437
163,28.6486
164,28.552
165,28.6734
166,28.5793
167,28.5117
168,28.5039
169,28.5098
170,28.5503
171,28.5347
172,28.5283
173,28.5385
174,28.6123
175,28.486
176,28.4452
177,28.5167
178,28.5195
179,28.5093
180,28.5849
181,28.5013
182,28.5335
183,28.4458
184,28.3978
185,28.4783
186,28.4852
187,28.501
188,28.6614
189,28.6823
190,28.715
191,28.7439
192,28.5157
193,28.4583
194,28.526
195,28.4198
196,28.4533
197,28.3523
198,28.3863
199,28.4316
200,28.4133
201,28.5317
202,28.5368
203,28.4592
204,28.477
205,28.4193
206,28.4027
207,28.442
208,28.4433
209,28.493
210,28.533
211,28.4888
212,28.476
213,28.4
214,28.3751
215,28.4256
216,28.4968
217,28.4772
218,28.4343
219,28.5548
220,28.6983
221,28.7128
222,28.6412
223,28.7006
224,28.6079
225,28.6203
226,28.6536
227,28.6121
228,28.561
229,28.5185
230,28.5247
231,28.5428
232,28.5185
233,28.613
234,28.4711
235,28.4663
236,28.3198
237,28.3923
238,28.3669
239,28.3672
240,28.4355
241,28.3179
242,28.2875
243,28.4002
244,28.4868
245,28.5264
246,28.485
247,28.4116
248,28.3682
249,28.3412
250,28.2975
251,28.3421
252,28.3708
253,28.3663
254,28.396
255,28.303
256,28.3157
257,28.243
258,28.3236
259,28.2986
260,28.3663
261,28.3473
262,28.3893
263,28.3838
264,28.2447
265,28.3401
266,28.427
267,28.3845
268,28.3902
269,28.4727
270,28.3917
271,28.495
272,28.4524
273,28.4416
274,28.5203
275,28.4754
276,28.4548
277,28.3967
278,28.3865
279,28.4702
280,28.3686
281,28.4144
282,28.4138
283,28.4159
284,28.4138
285,28.4572
286,28.4153
287,28.4553
288,28.3112
289,28.3547
290,28.4609
291,28.2914
292,28.3527
293,28.3642
294,28.5167
295,28.5395
296,28.5242
297,28.5559
298,28.593
299,28.5258
300,28.4145
301,28.3764
302,28.4176
303,28.3817
304,28.4481
305,28.4474
306,28.5186
307,28.3838
308,28.3735
309,28.4361
310,28.4561
311,28.3725
312,28.3581
313,28.355
314,28.4966
315,28.555
316,28.5235
317,28.5355
318,28.4458
319,28.4963
320,28.3823
321,28.4367
322,28.4322
323,28.4473
324,28.6364
325,28.5514
326,28.5043
327,28.4425
328,28.4362
329,28.4423
330,28.4816
331,28.5049
332,28.5357
333,28.5385
334,28.3623
335,28.4185
336,28.4808
337,28.4251
338,28.4003
339,28.4203
340,28.4345
341,28.4279
342,28.5048
343,28.3842
344,28.4918
345,28.4484
346,28.4952
347,28.4819
348,28.493
349,28.5092
350,28.4903
351,28.5127
352,28.5164
353,28.5662
354,28.5339
355,28.4549
356,28.5632
357,28.5861
358,28.5549
359,28.5923
360,28.5577
361,28.5405
362,28.4343
363,28.4983
364,28.4235
365,28.5447
366,28.5581
367,28.5824
368,28.5089
369,28.6259
370,28.5582
371,28.6288
372,28.7078
373,28.5691
374,28.5877
375,28.5009
376,28.4414
377,28.5678
378,28.64
379,28.5735
380,28.5574
381,28.5555
382,28.695
383,28.7103
384,28.5844
385,28.6824
386,28.6383
387,28.6444
388,28.7159
389,28.7894
390,28.6965
391,28.6593
392,28.6898
393,28.5934
394,28.5737
395,28.6661
396,28.6734
397,28.6846
398,28.5883
399,28.6846
400,28.7221
401,28.6182
402,28.8078
403,28.585
404,28.6224
405,28.6483
406,28.6449
407,28.7182
408,28.7071
409,28.7686
410,28.7993
411,28.764
412,28.6288
413,28.7294
414,28.7144
415,28.8239
416,28.6744
417,28.7673
418,28.7891
419,28.751
420,28.7238
421,28.8387
422,28.8154
423,28.6131
424,28.717
425,28.685
426,28.6959
427,28.7725
428,28.7436
429,28.6587
430,28.6856
431,28.7487
432,28.7157
433,28.5653
434,28.7692
435,28.7868
436,28.6967
437,28.6719
438,28.6803
439,28.7384
440,28.5909
441,28.5458
442,28.5329
443,28.5848
444,28.4954
445,28.524
446,28.4828
447,28.6056
448,28.5914
449,28.5333
450,28.6187
451,28.6965
452,28.6449
453,28.5813
454,28.6066
455,28.5644
456,28.599
457,28.571
458,28.5683
459,28.5967
460,28.5634
461,28.5479
462,28.6162
463,28.6355
464,28.6224
465,28.5987
466,28.6107
467,28.5954
468,28.7549
469,28.6994
470,28.6722
471,28.535
472,28.5627
473,28.6412
474,28.5227
475,28.5388
476,28.5206
477,28.5905
478,28.5556
479,28.4913
480,28.6401
481,28.7303
482,28.7028
483,28.7689
484,28.8102
485,28.8103
486,28.8082
487,28.7126
488,28.574
489,28.6405
490,28.6017
491,28.6794
492,28.6034
493,28.5946
494,28.5949
495,28.5657
496,28.6643
497,28.6622
498,28.7068
499,28.6096
500,28.5306
501,28.4923
502,28.6208
503,28.6217
504,28.6241
505,28.8055
506,28.6852
507,28.6849
508,28.768
509,28.6581
510,28.6223
511,28.645
512,28.6085
513,28.5457
514,28.595
515,28.5546
516,28.5604
517,28.6756
518,28.6436
519,28.6551
520,28.6528
521,28.6645
522,28.7251
523,28.6159
524,28.5147
525,28.5069
526,28.5961
527,28.6679
528,28.5882
529,28.4314
530,28.489
531,28.5011
532,28.47
533,28.5353
534,28.5287
535,28.5719
536,28.5721
537,28.5457
538,28.4722
539,28.6
540,28.5434
541,28.4525
542,28.3943
543,28.4637
544,28.4356
545,28.4573
546,28.4655
547,28.5302
548,28.548
549,28.5905
550,28.4729
551,28.5492
552,28.4651
553,28.4496
554,28.5515
555,28.4961
556,28.6545
557,28.6698
558,28.623
559,28.5609
560,28.5888
561,28.501
562,28.534
563,28.4959
564,28.5021
565,28.5554
566,28.6066
567,28.6361
568,28.4905
569,28.643
570,28.5597
571,28.6358
572,28.6533
573,28.589
574,28.66
575,28.7676
576,28.6047
577,28.6794
578,28.5733
579,28.7363
580,28.7106
581,28.6989
582,28.6899
583,28.6494
584,28.6665
585,28.6182
586,28.6892
587,28.5079
588,28.456
589,28.586
590,28.5301
591,28.6269
592,28.5008
593,28.568
594,28.5369
595,28.6288
596,28.6041
597,28.5053
598,28.6979
599,28.5628
600,28.5544
601,28.5616
602,28.6696
603,28.5877
604,28.6851
605,28.6204
606,28.6022
607,28.5686
608,28.7038
609,28.7423
610,28.639
611,28.557
612,28.6756
613,28.6196
614,28.6617
615,28.6656
616,28.6888
617,28.6584
618,28.7124
619,28.6927
620,28.7324
621,28.7016
622,28.8388
623,28.81
624,28.6959
625,28.6383
626,28.7325
627,28.7629
628,28.7016
629,28.6873
630,28.7081
631,28.7586
632,28.776
633,28.667
634,28.7177
635,28.7129
636,28.59
637,28.6777
638,28.5892
639,28.7335
640,28.6953
641,28.699
642,28.6683
643,28.566
644,28.5168
645,28.5528
646,28.6027
647,28.595
648,28.5845
649,28.7026
650,28.6992
651,28.8459
652,28.6225
653,28.8059
654,28.6638
655,28.731
656,28.7053
657,28.7611
658,28.7071
659,28.675
660,28.5848
661,28.7684
662,28.6901
663,28.6466
664,28.6202
665,28.6743
666,28.5795
667,28.5802
668,28.5877
669,28.7658
670,28.6402
671,28.618
672,28.6886
673,28.7423
674,28.7121
675,28.6724
676,28.7128
677,28.5842
678,28.6821
679,28.6709
680,28.7864
681,28.7368
682,28.8499
683,28.7859
684,28.8399
685,28.5963
686,28.7538
687,28.6885
688,28.5901
689,28.7071
690,28.7734
691,28.7259
692,28.8439
693,28.8057
694,28.7246
695,28.7424
696,28.6369
697,28.5288
698,28.604
699,28.6813
700,28.7065
701,28.7069
702,28.6551
703,28.5346
704,28.5788
705,28.5822
706,28.6351
707,28.5881
708,28.5844
709,28.6109
710,28.679
711,28.611
712,28.673
713,28.7166
714,28.6542
715,28.6138
716,28.5942
717,28.7102
718,28.7815
719,28.6926
720,28.7542
721,28.7276
722,28.6937
723,28.5249
724,28.6285
725,28.5417
726,28.5886
727,28.5794
728,28.4924
729,28.4937
730,28.5811
731,28.6556
732,28.5649
733,28.5671
734,28.5537
735,28.479
736,28.4785
737,28.5388
738,28.4367
739,28.5182
740,28.5637
741,28.5867
742,28.5959
743,28.6268
744,28.5971
745,28.6807
746,28.6379
747,28.5735
748,28.5921
749,28.496
750,28.5692
751,28.5101
752,28.4435
753,28.5998
754,28.4807
755,28.5277
756,28.5249
757,28.5133
758,28.488
759,28.5837
760,28.5739
761,28.4398
762,28.5615
763,28.5013
764,28.5434
765,28.5183
766,28.5206
767,28.6052
768,28.4559
769,28.4671
770,28.6214
771,28.5626
772,28.5724
773,28.6118
774,28.5275
775,28.5458
776,28.4891
777,28.4826
778,28.554
779,28.4471
780,28.4846
781,28.5843
782,28.6575
783,28.6224
784,28.6488
785,28.6197
786,28.6844
787,28.6695
788,28.6755
789,28.5891
790,28.7797
791,28.6988
792,28.6869
793,28.6691
794,28.7482
795,28.6788
796,28.6433
797,28.6344
798,28.5784
799,28.6012
800,28.6876
801,28.6643
802,28.698
803,28.7784
804,28.6762
805,28.7686
806,28.8096
807,28.8617
808,28.8292
809,28.7674
810,28.742
811,28.6274
812,28.7277
813,28.6022
814,28.6388
815,28.615
816,28.6852
817,28.7674
818,28.7009
819,28.5997
820,28.6009
821,28.6755
822,28.5695
823,28.6607
824,28.7053
825,28.6461
826,28.6305
827,28.5582
828,28.5513
829,28.6575
830,28.6042
831,28.7447
832,28.7165
833,28.7661
834,28.7815
835,28.7768
836,28.6539
837,28.6458
838,28.6595
839,28.5389
840,28.5505
841,28.6532
842,28.5906
843,28.6733
844,28.6201
845,28.7494
846,28.6805
847,28.6257
848,28.5644
849,28.713
850,28.8297
851,28.867
852,28.7844
853,28.7138
854,28.6921
855,28.6904
856,28.6264
857,28.7432
858,28.7974
859,28.6666
860,28.7442
861,28.7169
862,28.6773
863,28.5745
864,28.7725
865,28.6156
866,28.6538
867,28.6769
868,28.5841
869,28.5942
870,28.5213
871,28.4567
872,28.5424
873,28.4725
874,28.48
875,28.5527
876,28.498
877,28.5604
878,28.4864
879,28.454
880,28.4927
881,28.5611
882,28.4388
883,28.3687
884,28.4526
885,28.5275
886,28.5674
887,28.5772
888,28.5165
889,28.4084
890,28.4389
891,28.5702
892,28.5726
893,28.4645
894,28.3013
895,28.4542
896,28.5579
897,28.5051
898,28.5583
899,28.5778
900,28.669
901,28.6011
902,28.7284
903,28.6666
904,28.6865
905,28.7043
906,28.6799
907,28.6606
908,28.7449
909,28.5905
910,28.5319
911,28.4955
912,28.6761
913,28.6956
914,28.6587
915,28.6471
916,28.6163
917,28.4679
918,28.4526
919,28.467
920,28.5127
921,28.5005
922,28.5371
923,28.4485
924,28.5508
925,28.4312
926,28.3817
927,28.5119
928,28.5315
929,28.4534
930,28.5431
931,28.489
932,28.531
933,28.533
934,28.6635
935,28.507
936,28.5936
937,28.6132
938,28.6535
939,28.6643
940,28.5343
941,28.5221
942,28.5745
943,28.5971
944,28.52
945,28.5292
946,28.5162
947,28.5116
948,28.5314
949,28.6054
950,28.5294
951,28.6154
952,28.6134
953,28.7041
954,28.7095
955,28.6234
956,28.6223
957,28.6149
958,28.6453
959,28.65
960,28.6077
961,28.6238
962,28.6074
963,28.673
964,28.6089
965,28.6187
966,28.619
967,28.6058
968,28.4737
969,28.5403
970,28.5532
971,28.5106
972,28.5813
973,28.618
974,28.5977
975,28.5107
976,28.5255
977,28.5783
978,28.7356
979,28.6593
980,28.6158
981,28.5916
982,28.6384
983,28.6142
984,28.658
985,28.641
986,28.6694
987,28.6413
988,28.7019
989,28.692
990,28.6827
991,28.6788
992,28.6027
993,28.6168
994,28.5837
995,28.6717
996,28.6719
997,28.5933
998,28.5953
999,28.6021
1000,28.6917
1001,28.625
1002,28.5573
1003,28.5306
1004,28.5794
1005,28.4774
1006,28.5834
1007,28.4564
1008,28.5891
1009,28.5371
1010,28.5482
1011,28.4318
1012,28.5379
1013,28.6467
1014,28.6773
1015,28.5756
1016,28.6674
1017,28.7693
1018,28.7015
1019,28.7197
1020,28.708
1021,28.6848
1022,28.7014
1023,28.7491
1024,28.7078
1025,28.6372
1026,28.6208
1027,28.5277
1028,28.6009
1029,28.5641
1030,28.481
1031,28.4523
1032,28.5939
1033,28.4997
1034,28.501
1035,28.5172
1036,28.5301
1037,28.6251
1038,28.6454
1039,28.6252
1040,28.5645
1041,28.4214
1042,28.5751
1043,28.4202
1044,28.4579
1045,28.5945
1046,28.5071
1047,28.533
1048,28.5921
1049,28.6203
1050,28.6036
1051,28.5618
1052,28.5561
1053,28.566
1054,28.6406
1055,28.5554
1056,28.6208
1057,28.5685
1058,28.5285
1059,28.6639
1060,28.4585
1061,28.5727
1062,28.5784
1063,28.4901
1064,28.5427
1065,28.6185
1066,28.535
1067,28.4927
1068,28.4646
1069,28.5365
1070,28.555
1071,28.5326
1072,28.4488
1073,28.4984
1074,28.3749
1075,28.4563
1076,28.4944
1077,28.5906
1078,28.5267
1079,28.5061
1080,28.4824
1081,28.5694
1082,28.5278
1083,28.6077
1084,28.4955
1085,28.4109
1086,28.3908
1087,28.5108
1088,28.4194
1089,28.5198
1090,28.6334
1091,28.4258
1092,28.4502
1093,28.4571
1094,28.552
1095,28.5087
1096,28.6152
1097,28.5599
1098,28.6008
1099,28.5635
1100,28.4609
1101,28.5616
1102,28.729
1103,28.5754
1104,28.5873
1105,28.7159
1106,28.707
1107,28.6779
1108,28.6794
1109,28.7911
1110,28.7942
1111,28.6398
1112,28.6645
1113,28.6743
1114,28.6454
1115,28.7654
1116,28.7285
1117,28.6006
1118,28.7539
1119,28.7024
1120,28.5913
1121,28.6141
1122,28.679
1123,28.6242
1124,28.6097
1125,28.4312
1126,28.5555
1127,28.6283
1128,28.7306
1129,28.6422
1130,28.6092
1131,28.5997
1132,28.5462
1133,28.5652
1134,28.4508
1135,28.4774
1136,28.5646
1137,28.6222
1138,28.6362
1139,28.6035
1140,28.6659
1141,28.5494
1142,28.5201
1143,28.5131
1144,28.5669
1145,28.554
1146,28.6624
1147,28.6657
1148,28.597
1149,28.6383
1150,28.6298
1151,28.6767
1152,28.5375
1153,28.528
1154,28.507
1155,28.5796
1156,28.5708
1157,28.6882
1158,28.6385
1159,28.6767
1160,28.5347
1161,28.5534
1162,28.61
1163,28.5415
1164,28.5528
1165,28.6048
1166,28.6438
1167,28.7275
1168,28.6652
1169,28.6621
1170,28.6128
1171,28.5801
1172,28.5806
1173,28.5886
1174,28.5367
1175,28.5668
1176,28.4906
1177,28.6499
1178,28.6301
1179,28.5769
1180,28.586
1181,28.5192
1182,28.5451
1183,28.5353
1184,28.4487
1185,28.5311
1186,28.5491
1187,28.3818
1188,28.4286
1189,28.3183
1190,28.3924
1191,28.4125
1192,28.4153
1193,28.4071
1194,28.4967
1195,28.5071
1196,28.5077
1197,28.5328
1198,28.4975
1199,28.4439
1200,28.5541
1201,28.4719
1202,28.5415
1203,28.51
1204,28.6099
1205,28.5762
1206,28.5035
1207,28.5034
1208,28.5249
1209,28.5409
1210,28.4785
1211,28.4319
1212,28.6044
1213,28.487
1214,28.5479
1215,28.6822
1216,28.4969
1217,28.6285
1218,28.6464
1219,28.5674
1220,28.5854
1221,28.6324
1222,28.5897
1223,28.5693
1224,28.6083
1225,28.6549
1226,28.5332
1227,28.5665
1228,28.6088
1229,28.5091
1230,28.5404
1231,28.5749
1232,28.6909
1233,28.721
1234,28.7637
1235,28.6578
1236,28.6532
1237,28.6198
1238,28.6473
1239,28.6879
1240,28.6559
1241,28.657
1242,28.692
1243,28.6718
1244,28.6255
1245,28.553
1246,28.6106
1247,28.5902
1248,28.617
1249,28.6243
1250,28.6029
1251,28.6576
1252,28.6601
1253,28.5759
1254,28.5047
1255,28.6207
1256,28.5441
1257,28.6303
1258,28.6136
1259,28.5235
1260,28.5325
1261,28.4955
1262,28.4689
1263,28.4527
1264,28.5864
1265,28.6453
1266,28.6513
1267,28.5592
1268,28.5573
1269,28.5983
1270,28.6617
1271,28.6477
1272,28.6864
1273,28.613
1274,28.6147
1275,28.7431
1276,28.739
1277,28.618
1278,28.6558
1279,28.6372
1280,28.6158
1281,28.6676
1282,28.7807
1283,28.7398
1284,28.7228
1285,28.6596
1286,28.5993
1287,28.7057
1288,28.6197
1289,28.6823
1290,28.7118
1291,28.5833
1292,28.5762
1293,28.5225
1294,28.5669
1295,28.5841
1296,28.6409
1297,28.6917
1298,28.6945
1299,28.7975
1300,28.7184
1301,28.7579
1302,28.7137
1303,28.797
1304,28.8386
1305,28.7114
1306,28.5903
1307,28.618
1308,28.6481
1309,28.6289
1310,28.5675
1311,28.5525
1312,28.6329
1313,28.7489
1314,28.7067
1315,28.6752
1316,28.7076
1317,28.6715
1318,28.6483
1319,28.7201
1320,28.6996
1321,28.6472
1322,28.6031
1323,28.7343
1324,28.5906
1325,28.5432
1326,28.5894
1327,28.4892
1328,28.456
1329,28.475
1330,28.5617
1331,28.5986
1332,28.6884
1333,28.5624
1334,28.6215
1335,28.5991
1336,28.6711
1337,28.5145
1338,28.6217
1339,28.5617
1340,28.6805
1341,28.6608
1342,28.6352
1343,28.5864
1344,28.6608
1345,28.6096
1346,28.5758
1347,28.6155
1348,28.7863
1349,28.7583
1350,28.6838
1351,28.7438
1352,28.724
1353,28.6629
1354,28.7381
1355,28.6415
1356,28.6304
1357,28.6073
1358,28.5923
1359,28.5759
1360,28.5829
1361,28.5502
1362,28.5679
1363,28.6384
1364,28.6403
1365,28.5633
1366,28.6283
1367,28.634
1368,28.6259
1369,28.7099
1370,28.7239
1371,28.7438
1372,28.7224
1373,28.6538
1374,28.7611
1375,28.6804
1376,28.7939
1377,28.7315
1378,28.7381
1379,28.7334
1380,28.7483
1381,28.6585
1382,28.6915
1383,28.6085
1384,28.6269
1385,28.6323
1386,28.6653
1387,28.6155
1388,28.6309
1389,28.6378
1390,28.5576
1391,28.6414
1392,28.6281
1393,28.6162
1394,28.6299
1395,28.4752
1396,28.5332
1397,28.598
1398,28.5803
1399,28.6456
1400,28.6504
1401,28.7208
1402,28.7143
1403,28.6971
1404,28.6248
1405,28.6026
1406,28.5464
1407,28.6682
1408,28.7451
1409,28.6895
1410,28.7035
1411,28.668
1412,28.6574
1413,28.6816
1414,28.6446
1415,28.7284
1416,28.6905
1417,28.6898
1418,28.7849
1419,28.7713
1420,28.7104
1421,28.6294
1422,28.6238
1423,28.4993
1424,28.6099
1425,28.6131
1426,28.5316
1427,28.5576
1428,28.5465
1429,28.6548
1430,28.7163
1431,28.6384
1432,28.736
1433,28.6873
1434,28.7413
1435,28.7322
1436,28.6708
1437,28.5869
1438,28.7508
1439,28.7416
1440,28.7027
1441,28.6653
1442,28.6671
1443,28.6704
1444,28.718
1445,28.7039
1446,28.6534
1447,28.7282
1448,28.8156
1449,28.7548
1450,28.6591
1451,28.701
1452,28.5654
1453,28.5994
1454,28.5426
1455,28.543
1456,28.5365
1457,28.4757
1458,28.6085
1459,28.522
1460,28.4661
1461,28.56
1462,28.5575
1463,28.549
1464,28.5235
1465,28.6103
1466,28.6165
1467,28.588
1468,28.5496
1469,28.5827
1470,28.6233
1471,28.7423
1472,28.5963
1473,28.7097
1474,28.6341
1475,28.6933
1476,28.6505
1477,28.5287
1478,28.4542
1479,28.6389
1480,28.5665
1481,28.6188
1482,28.5635
1483,28.519
1484,28.5129
1485,28.6066
1486,28.4882
1487,28.5135
1488,28.5754
1489,28.5118
1490,28.6391
1491,28.5712
1492,28.6705
1493,28.6178
1494,28.7397
1495,28.652
1496,28.6016
1497,28.5043
1498,28.5861
1499,28.616
1500,28.6304
1501,28.771
1502,28.607
1503,28.796
1504,28.7759
1505,28.7262
1506,28.6772
1507,28.7367
1508,28.6885
1509,28.7345
1510,28.6164
1511,28.7585
1512,28.6876
1513,28.6475
1514,28.782
1515,28.699
1516,28.6066
1517,28.7889
1518,28.6506
1519,28.5963
1520,28.6432
1521,28.5623
1522,28.5103
1523,28.6307
1524,28.5739
1525,28.4501
1526,28.5232
1527,28.5086
1528,28.502
1529,28.6761
1530,28.6634
1531,28.6394
1532,28.6179
1533,28.6273
1534,28.7346
1535,28.6199
1536,28.7322
1537,28.6887
1538,28.6613
1539,28.6063
1540,28.6168
1541,28.4766
1542,28.5805
1543,28.7054
1544,28.6256
1545,28.6155
1546,28.6071
1547,28.6313
1548,28.6099
1549,28.6366
1550,28.6198
1551,28.5848
1552,28.5979
1553,28.7611
1554,28.673
1555,28.7625
1556,28.6682
1557,28.7091
1558,28.6219
1559,28.6602
1560,28.5109
1561,28.3603
1562,28.4901
1563,28.5451
1564,28.4822
1565,28.5321
1566,28.5475
1567,28.6867
1568,28.5719
1569,28.6313
1570,28.5985
1571,28.561
1572,28.5972
1573,28.6721
1574,28.7214
1575,28.665
1576,28.651
1577,28.6676
1578,28.754
1579,28.7286
1580,28.6743
1581,28.6424
1582,28.6699
1583,28.7019
1584,28.6689
1585,28.6802
1586,28.7357
1587,28.8009
1588,28.7412
1589,28.7225
1590,28.768
1591,28.7347
1592,28.617
1593,28.6901
1594,28.6165
1595,28.698
1596,28.6279
1597,28.6322
1598,28.5712
1599,28.693
1600,28.6553
1601,28.6147
1602,28.6344
1603,28.723
1604,28.6174
1605,28.7032
1606,28.7503
1607,28.7962
1608,28.7879
1609,28.7561
1610,28.9079
1611,28.7328
1612,28.7165
1613,28.6431
1614,28.6671
1615,28.6607
1616,28.696
1617,28.615
1618,28.7397
1619,28.7088
1620,28.6024
1621,28.6666
1622,28.6852
1623,28.6642
1624,28.6715
1625,28.7509
1626,28.7055
1627,28.7216
1628,28.7403
1629,28.6993
1630,28.6088
1631,28.6904
1632,28.6289
1633,28.5303
1634,28.6383
1635,28.6471
1636,28.6737
1637,28.5985
1638,28.6757
1639,28.768
1640,28.7133
1641,28.744
1642,28.637
1643,28.6513
1644,28.6969
1645,28.5849
1646,28.7389
1647,28.6638
1648,28.6178
1649,28.6574
1650,28.6227
1651,28.7285
1652,28.8009
1653,28.72
1654,28.6414
1655,28.6589
1656,28.6991
1657,28.6643
1658,28.5997
1659,28.5692
1660,28.6086
1661,28.6052
1662,28.6066
1663,28.6703
1664,28.6238
1665,28.6804
1666,28.5737
1667,28.5863
1668,28.7163
1669,28.7929
1670,28.7459
1671,28.6921
1672,28.6302
1673,28.5933
1674,28.5349
1675,28.6352
1676,28.5539
1677,28.765
1678,28.7371
1679,28.9275
1680,28.7217
1681,28.8495
1682,28.7523
1683,28.8103
1684,28.7204
1685,28.6534
1686,28.7398
1687,28.7427
1688,28.7574
1689,28.7744
1690,28.6668
1691,28.6421
1692,28.6162
1693,28.6602
1694,28.5073
1695,28.5143
1696,28.5703
1697,28.5709
1698,28.555
1699,28.6053
1700,28.6111
1701,28.4984
1702,28.6581
1703,28.6053
1704,28.6643
1705,28.5497
1706,28.6509
1707,28.6466
1708,28.6344
1709,28.6483
1710,28.5885
1711,28.6015
1712,28.6998
1713,28.5622
1714,28.5721
1715,28.4731
1716,28.5011
1717,28.5903
1718,28.6416
1719,28.5467
1720,28.5725
1721,28.7182
1722,28.6398
1723,28.7078
1724,28.7101
1725,28.7889
1726,28.6999
1727,28.6488
1728,28.6312
1729,28.7245
1730,28.7524
1731,28.7994
1732,28.6999
1733,28.7594
1734,28.7541
1735,28.7384
1736,28.6565
1737,28.6297
1738,28.6438
1739,28.5742
1740,28.5875
1741,28.6935
1742,28.7907
1743,28.7183
1744,28.8502
1745,28.7294
1746,28.7789
1747,28.7197
1748,28.7241
1749,28.6542
1750,28.6831
1751,28.7722
1752,28.7698
1753,28.7909
1754,28.8151
1755,28.6699
1756,28.6874
1757,28.7424
1758,28.785
1759,28.7092
1760,28.7903
1761,28.6971
1762,28.7934
1763,28.7395
1764,28.8604
1765,28.9177
1766,28.8123
1767,28.8395
1768,28.6738
1769,28.7042
1770,28.7042
1771,28.7334
1772,28.7778
1773,28.8571
1774,28.7689
1775,28.6998
1776,28.7013
1777,28.8034
1778,28.6159
1779,28.7031
1780,28.7707
1781,28.7399
1782,28.8297
1783,28.7699
1784,28.7898
1785,28.7393
1786,28.7085
1787,28.7762
1788,28.7327
1789,28.7449
1790,28.6674
1791,28.781
1792,28.7613
1793,28.8299
1794,28.5569
1795,28.6076
1796,28.6495
1797,28.7174
1798,28.6966
1799,28.7246
1800,28.7597
1801,28.8149
1802,28.7776
1803,28.8071
1804,28.7287
1805,28.6823
1806,28.6931
1807,28.8113
1808,28.7045
1809,28.7084
1810,28.7546
1811,28.7097
1812,28.7557
1813,28.6698
1814,28.5932
1815,28.7033
1816,28.6345
1817,28.7381
1818,28.63
1819,28.6625
1820,28.6051
1821,28.598
1822,28.6449
1823,28.6916
1824,28.7521
1825,28.7336
1826,28.6838
1827,28.68
1828,28.6602
1829,28.6698
1830,28.6435
1831,28.6061
1832,28.6081
1833,28.6561
1834,28.6806
1835,28.6414
1836,28.6542
1837,28.6372
1838,28.6812
1839,28.698
1840,28.8261
1841,28.8604
1842,28.7495
1843,28.8196
1844,28.7639
1845,28.6458
1846,28.7541
1847,28.7514
1848,28.7616
1849,28.7833
1850,28.7962
1851,28.7797
1852,28.8965
1853,28.756
1854,28.921
1855,28.9614
1856,28.9249
1857,28.869
1858,28.9272
1859,28.8511
1860,28.7662
1861,28.7858
1862,28.7104
1863,28.7707
1864,28.7744
1865,28.7481
1866,28.8087
1867,28.787
1868,28.7311
1869,28.6837
1870,28.5851
1871,28.7505
1872,28.6964
1873,28.7399
1874,28.7115
1875,28.6895
1876,28.6231
1877,28.7289
1878,28.6296
1879,28.5548
1880,28.6492
1881,28.6318
1882,28.5845
1883,28.6471
1884,28.5839
1885,28.6171
1886,28.5945
1887,28.6732
1888,28.7437
1889,28.6558
1890,28.7583
1891,28.5841
1892,28.5312
1893,28.7232
1894,28.526
1895,28.6298
1896,28.5786
1897,28.5539
1898,28.678
1899,28.5554
1900,28.5714
1901,28.7001
1902,28.7223
1903,28.6336
1904,28.7288
1905,28.727
1906,28.5631
1907,28.6403
1908,28.7354
1909,28.6868
1910,28.7458
1911,28.8765
1912,28.8117
1913,28.7091
1914,28.7681
1915,28.7653
1916,28.7758
1917,28.7616
1918,28.6797
1919,28.6165
1920,28.6112
1921,28.7393
1922,28.8225
1923,28.6706
1924,28.6232
1925,28.6152
1926,28.5997
1927,28.6338
1928,28.6734
1929,28.6446
1930,28.5793
1931,28.6527
1932,28.8008
1933,28.8009
1934,28.7404
1935,28.7632
1936,28.754
1937,28.7488
1938,28.7596
1939,28.7148
1940,28.7509
1941,28.671
1942,28.5728
1943,28.6824
1944,28.6834
1945,28.7049
1946,28.6012
1947,28.6977
1948,28.7597
1949,28.7906
1950,28.7433
1951,28.7176
1952,28.6294
1953,28.7121
1954,28.7095
1955,28.6714
1956,28.6884
1957,28.7038
1958,28.6668
1959,28.6071
1960,28.6614
1961,28.6915
1962,28.684
1963,28.6833
1964,28.6961
1965,28.7011
1966,28.7172
1967,28.7415
1968,28.7637
1969,28.7174
1970,28.7524
1971,28.7412
1972,28.765
1973,28.7545
1974,28.865
1975,28.7647
1976,28.8183
1977,28.77
1978,28.7193
1979,28.834
1980,28.8949
1981,28.7036
1982,28.6233
1983,28.6848
1984,28.801
1985,28.7408
1986,28.693
1987,28.843
1988,28.7989
1989,28.8512
1990,28.8787
1991,28.7701
1992,28.7827
1993,28.8345
1994,28.6993
1995,28.7785
1996,28.7367
1997,28.7876
1998,28.8817
1999,28.7541
2000,28.6638
2001,28.7175
2002,28.6257
2003,28.6985
2004,28.6167
2005,28.6886
2006,28.8249
2007,28.664
2008,28.7398
2009,28.6643
2010,28.6145
2011,28.6506
2012,28.7273
2013,28.7671
2014,28.8003
2015,28.7647
2016,28.6919
2017,28.655
2018,28.6686
2019,28.7046
2020,28.5932
2021,28.6544
2022,28.6702
2023,28.7812
2024,28.8011
2025,28.8897
2026,28.8203
2027,28.7725
2028,28.8154
2029,28.9145
2030,28.8696
2031,28.7632
2032,28.7874
2033,28.8463
2034,28.7255
2035,28.7898
2036,28.6789
2037,28.7848
2038,28.7488
2039,28.8198
2040,28.7616
2041,28.5615
2042,28.6157
2043,28.7725
2044,28.8105
2045,28.7757
2046,28.7782
2047,28.7081
2048,28.6723
2049,28.8281
2050,28.731
2051,28.7319
2052,28.7022
2053,28.6742
2054,28.7263
2055,28.7905
2056,28.6871
2057,28.7685
2058,28.6976
2059,28.7959
2060,28.6669
2061,28.7471
2062,28.8246
2063,28.8236
2064,28.8871
2065,28.8047
2066,28.9021
2067,28.8737
2068,28.9835
2069,28.8194
2070,28.8889
2071,28.8166
2072,28.8324
2073,28.7954
2074,28.8562
2075,28.8063
2076,28.8702
2077,28.8913
2078,28.8196
2079,28.7216
2080,28.7533
2081,28.7008
2082,28.6706
2083,28.8106
2084,28.7278
2085,28.7745
2086,28.8263
2087,28.676
2088,28.7375
2089,28.7921
2090,28.7473
2091,28.8755
2092,28.871
2093,28.7319
2094,28.7348
2095,28.7323
2096,28.6709
2097,28.7581
2098,28.6307
2099,28.7482
2100,28.7896
2101,28.7816
2102,28.6791
2103,28.7676
2104,28.7751
2105,28.7545
2106,28.7371
2107,28.7696
2108,28.675
2109,28.6396
2110,28.7372
2111,28.7255
2112,28.7534
2113,28.6973
2114,28.6591
2115,28.7342
2116,28.8464
2117,28.8643
2118,28.7383
2119,28.66
2120,28.7425
2121,28.6866
2122,28.6342
2123,28.7736
2124,28.7765
2125,28.8224
2126,28.7872
2127,28.7815
2128,28.7803
2129,28.7959
2130,28.8007
2131,28.9031
2132,28.7582
2133,28.6906
2134,28.8067
2135,28.8212
2136,28.7152
2137,28.845
2138,28.7317
2139,28.6937
2140,28.6653
2141,28.7183
2142,28.558
2143,28.646
2144,28.6808
2145,28.6982
2146,28.6478
2147,28.6639
2148,28.6959
2149,28.7723
2150,28.8045
2151,28.8164
2152,28.7476
2153,28.7518
2154,28.7909
2155,28.8077
2156,28.8044
2157,28.7574
2158,28.825
2159,28.8049
2160,28.6701
2161,28.7481
2162,28.6695
2163,28.7911
2164,28.8351
2165,28.8332
2166,28.7848
2167,28.7036
2168,28.7032
2169,28.562
2170,28.5761
2171,28.5766
2172,28.7314
2173,28.616
2174,28.6664
2175,28.7181
2176,28.5866
2177,28.5795
2178,28.6399
2179,28.5984
2180,28.7249
2181,28.7003
2182,28.6805
2183,28.7071
2184,28.7504
2185,28.7519
2186,28.8062
2187,28.8386
2188,28.8671
2189,28.8127
2190,28.7522
2191,28.765
2192,28.6797
2193,28.7955
2194,28.7237
2195,28.8078
2196,28.6677
2197,28.718
2198,28.625
2199,28.6396
2200,28.797
2201,28.7884
2202,28.7541
2203,28.6667
2204,28.5931
2205,28.6781
2206,28.7664
2207,28.7724
2208,28.7479
2209,28.7987
2210,28.898
2211,28.8164
2212,28.7978
2213,28.8656
2214,28.8951
2215,28.7544
2216,28.7674
2217,28.7825
2218,28.7764
2219,28.6824
2220,28.7097
2221,28.8103
2222,28.778
2223,28.7314
2224,28.7085
2225,28.8456
2226,28.8175
2227,28.804
2228,28.8269
2229,28.8375
2230,28.8089
2231,28.8223
2232,28.7457
2233,28.8054
2234,28.904
2235,28.8843
2236,28.8673
2237,28.8574
2238,28.9196
2239,28.8748
2240,28.9788
2241,28.881
2242,28.9437
2243,28.9052
2244,28.8667
2245,28.9318
2246,28.8681
2247,28.8966
2248,28.8931
2249,28.8741
2250,28.8377
2251,28.9325
2252,28.9734
2253,28.825
2254,28.8504
2255,28.9016
2256,28.8824
2257,28.8885
2258,29.0874
2259,28.9506
2260,28.8617
2261,28.9061
2262,28.8545
2263,28.8535
2264,28.801
2265,28.7901
2266,28.7063
2267,28.9265
2268,28.8234
2269,28.7541
2270,28.7523
2271,28.7402
2272,28.7524
2273,28.7467
2274,28.7881
2275,28.6713
2276,28.7526
2277,28.7276
2278,28.6342
2279,28.6976
2280,28.7374
2281,28.6621
2282,28.7301
2283,28.6606
2284,28.8472
2285,28.8356
2286,28.8458
2287,28.8373
2288,28.8477
2289,28.8053
2290,28.8975
2291,28.9244
2292,28.7647
2293,28.7857
2294,28.8313
2295,28.8322
2296,28.8913
2297,28.8995
2298,28.8266
2299,28.6191
2300,28.7026
2301,28.788
2302,28.6243
2303,28.7039
2304,28.6152
2305,28.775
2306,28.6069
2307,28.6444
2308,28.5456
2309,28.6898
2310,28.5601
2311,28.5878
2312,28.6591
2313,28.6181
2314,28.6756
2315,28.7431
2316,28.698
2317,28.5702
2318,28.6584
2319,28.6465
2320,28.7539
2321,28.738
2322,28.6065
2323,28.5726
2324,28.7216
2325,28.7929
2326,28.7986
2327,28.8313
2328,28.9632
2329,29.048
2330,28.9579
2331,28.8166
2332,28.8917
2333,28.9286
2334,28.9839
2335,28.8649
2336,28.9269
2337,28.7687
2338,28.933
2339,28.8658
2340,28.8965
2341,28.9002
2342,28.9577
2343,29.0266
2344,28.9258
2345,28.9554
2346,28.9674
2347,28.96
2348,28.9894
2349,29.0107
2350,28.9405
2351,28.8873
2352,28.9228
2353,28.7663
2354,28.9397
2355,28.8634
2356,28.8527
2357,28.8695
2358,28.7696
2359,28.7447
2360,28.6902
2361,28.7762
2362,28.8384
2363,28.736
2364,28.7744
2365,28.8745
2366,28.8921
2367,28.7114
2368,28.7822
2369,28.7959
2370,28.7655
2371,28.6378
2372,28.8079
2373,28.7354
2374,28.7008
2375,28.7621
2376,28.7159
2377,28.783
2378,28.766
2379,28.7107
2380,28.7217
2381,28.7705
2382,28.6355
2383,28.8236
2384,28.7522
2385,28.707
2386,28.7059
2387,28.6307
2388,28.7271
2389,28.7723
2390,28.7904
2391,28.8457
2392,28.8649
2393,28.7351
2394,28.6771
2395,28.6979
2396,28.8836
2397,28.774
2398,28.8392
2399,28.7541
2400,28.771
2401,28.7439
2402,28.8035
2403,28.8475
2404,28.7464
2405,28.719
2406,28.6582
2407,28.6312
2408,28.6735
2409,28.5374
2410,28.4813
2411,28.5631
2412,28.6208
2413,28.712
2414,28.6969
2415,28.7582
2416,28.7288
2417,28.7343
2418,28.712
2419,28.6859
2420,28.7685
2421,28.7943
2422,28.7195
2423,28.7289
2424,28.6843
2425,28.6494
2426,28.6831
2427,28.6569
2428,28.8032
2429,28.7923
2430,28.8076
2431,28.7655
2432,28.8449
2433,28.7749
2434,28.6482
2435,28.7899
2436,28.7744
2437,28.6895
2438,28.6782
2439,28.7362
2440,28.7041
2441,28.847
2442,28.7475
2443,28.8342
2444,28.7761
2445,28.6843
2446,28.7031
2447,28.7418
2448,28.8379
2449,28.8069
2450,28.7809
2451,28.7828
2452,28.7568
2453,28.7291
2454,28.7633
2455,28.8165
2456,28.65
2457,28.7085
2458,28.7383
2459,28.8413
2460,28.7321
2461,28.7398
2462,28.8207
2463,28.7331
2464,28.7744
2465,28.9117
2466,28.7885
2467,28.7445
2468,28.6648
2469,28.7658
2470,28.7486
2471,28.8477
2472,28.8824
2473,28.8086
2474,28.9445
2475,28.7961
2476,28.8166
2477,28.846
2478,28.8124
2479,28.6243
2480,28.6716
2481,28.7444
2482,28.7296
2483,28.7275
2484,28.7459
2485,28.7328
2486,28.7247
2487,28.7254
2488,28.864
2489,28.698
2490,28.6848
2491,28.8132
2492,28.8295
2493,28.8825
2494,28.8785
2495,28.8516
2496,28.8362
2497,28.7793
2498,28.7658
2499,28.6971
2500,28.909
2501,28.8719
2502,28.834
2503,28.8747
2504,28.8806
2505,28.8427
2506,28.8503
2507,28.815
2508,28.8739
2509,28.8416
2510,28.7409
2511,28.649
2512,28.6062
2513,28.7242
2514,28.7242
2515,28.7154
2516,28.7191
2517,28.8095
2518,28.7551
2519,28.8657
2520,28.7353
2521,28.7451
2522,28.8348
2523,28.8037
2524,28.8141
2525,28.7451
2526,28.7117
2527,28.7986
2528,28.7058
2529,28.7214
2530,28.6199
2531,28.7982
2532,28.7409
2533,28.8538
2534,28.7474
2535,28.8032
2536,28.6855
2537,28.8617
2538,28.8682
2539,28.9293
2540,28.7829
2541,28.8025
2542,28.7859
2543,28.7857
2544,28.8459
2545,28.7564
2546,28.7945
2547,28.7765
2548,28.6931
2549,28.9081
2550,28.8358
2551,28.886
2552,28.7799
2553,28.8462
2554,28.8242
2555,28.8309
2556,28.9578
2557,28.9399
2558,29.0018
2559,29.0342
2560,28.99
2561,28.9916
2562,28.9072
2563,28.9427
2564,29.0022
2565,28.8416
2566,28.8041
2567,28.7804
2568,28.6826
2569,28.6508
2570,28.6994
2571,28.7927
2572,28.8195
2573,28.7909
2574,28.7315
2575,28.75
2576,28.8461
2577,28.7803
2578,28.7411
2579,28.7457
2580,28.7787
2581,28.8418
2582,28.7156
2583,28.6317
2584,28.6539
2585,28.7534
2586,28.7893
2587,28.7995
2588,28.8171
2589,28.7684
2590,28.738
2591,28.6904
2592,28.6399
2593,28.5791
2594,28.6555
2595,28.7748
2596,28.6011
2597,28.6862
2598,28.7167
2599,28.5959
2600,28.6871
2601,28.6906
2602,28.7757
2603,28.7235
2604,28.7898
2605,28.6019
2606,28.7681
2607,28.7136
2608,28.8444
2609,28.7677
2610,28.7818
2611,28.7492
2612,28.714
2613,28.7577
2614,28.7372
2615,28.7657
2616,28.7331
2617,28.7638
2618,28.776
2619,28.6955
2620,28.7317
2621,28.7149
2622,28.7757
2623,28.7077
2624,28.6786
2625,28.729
2626,28.7133
2627,28.7758
2628,28.8119
2629,28.8331
2630,28.8207
2631,28.7514
2632,28.6919
2633,28.6844
2634,28.7078
2635,28.6459
2636,28.7446
2637,28.7251
2638,28.7603
2639,28.6972
2640,28.6855
2641,28.6634
2642,28.7517
2643,28.6945
2644,28.7905
2645,28.7244
2646,28.8533
2647,28.8166
2648,28.7992
2649,28.7915
2650,28.9895
2651,28.8561
2652,28.651
2653,28.7152
2654,28.709
2655,28.706
2656,28.8336
2657,28.7273
2658,28.7343
2659,28.7487
2660,28.7858
2661,28.7766
2662,28.7942
2663,28.6705
2664,28.7531
2665,28.7251
2666,28.7782
2667,28.7402
2668,28.8031
2669,28.7207
2670,28.6979
2671,28.6774
2672,28.7273
2673,28.7172
2674,28.598
2675,28.7132
2676,28.8639
2677,28.843
2678,28.8087
2679,28.8082
2680,28.855
2681,28.8894
2682,28.855
2683,28.7946
2684,28.8433
2685,28.8398
2686,28.8323
2687,28.8391
2688,28.9346
2689,28.8711
2690,28.7869
2691,28.701
2692,28.7599
2693,28.7874
2694,28.7444
2695,28.7253
2696,28.7997
2697,28.8222
2698,28.7902
2699,28.771
2700,28.7126
2701,28.8419
2702,28.7289
2703,28.8484
2704,28.8806
2705,28.8438
2706,28.7853
2707,28.7511
2708,28.7626
2709,28.7131
2710,28.7028
2711,28.7537
2712,28.744
2713,28.7016
2714,28.7819
2715,28.664
2716,28.8152
2717,28.7878
2718,28.8709
2719,28.7901
2720,28.7806
2721,28.8631
2722,28.7536
2723,28.731
2724,28.8196
2725,28.718
2726,28.7092
2727,28.809
2728,28.6962
2729,28.7915
2730,28.7694
2731,28.802
2732,28.702
2733,28.6316
2734,28.8153
2735,28.7759
2736,28.6904
2737,28.7099
2738,28.7355
2739,28.7888
2740,28.6937
2741,28.7257
2742,28.7545
2743,28.8176
2744,28.7877
2745,28.775
2746,28.8474
2747,28.8471
2748,28.8291
2749,28.7639
2750,28.7848
2751,28.8671
2752,28.8961
2753,28.9044
2754,28.874
2755,28.8131
2756,28.7456
2757,28.7561
2758,28.6747
2759,28.638
2760,28.8378
2761,28.7694
2762,28.7807
2763,28.7036
2764,28.7842
2765,28.703
2766,28.7023
2767,28.73
2768,28.6936
2769,28.7288
2770,28.7043
2771,28.7835
2772,28.6678
2773,28.7406
2774,28.7142
2775,28.8311
2776,28.7037
2777,28.7505
2778,28.8272
2779,28.792
2780,28.8361
2781,28.7812
2782,28.821
2783,28.7852
2784,28.772
2785,28.7967
2786,28.8182
2787,28.7507
2788,28.7535
2789,28.8829
2790,28.8011
2791,28.7236
2792,28.868
2793,28.7896
2794,28.7622
2795,28.8104
2796,28.8366
2797,28.7661
2798,28.8508
2799,28.8373
2800,28.8458
2801,28.8051
2802,28.6546
2803,28.7614
2804,28.8571
2805,28.6682
2806,28.7605
2807,28.6356
2808,28.7289
2809,28.6436
2810,28.6968
2811,28.679
2812,28.7184
2813,28.7142
2814,28.735
2815,28.817
2816,28.7782
2817,28.7334
2818,28.8143
2819,28.7476
2820,28.6864
2821,28.7306
2822,28.9223
2823,28.7745
2824,28.8789
2825,28.7623
2826,28.8161
2827,28.8547
2828,28.8768
2829,28.8032
2830,28.8098
2831,28.8165
2832,28.7411
2833,28.6825
2834,28.7472
2835,28.7441
2836,28.6468
2837,28.6249
2838,28.7847
2839,28.6516
2840,28.7578
2841,28.6763
2842,28.7231
2843,28.7588
2844,28.6815
2845,28.6705
2846,28.7639
2847,28.7151
2848,28.7488
2849,28.8178
2850,28.8512
2851,28.7925
2852,28.6989
2853,28.6843
2854,28.8021
2855,28.8196
2856,28.8888
2857,28.9194
2858,28.9162
2859,28.8615
2860,28.8198
2861,28.8527
2862,28.8737
2863,28.8437
2864,28.9105
2865,28.8366
2866,28.8648
2867,28.8998
2868,28.7995
2869,28.7244
2870,28.7893
2871,28.7136
2872,28.6484
2873,28.692
2874,28.7842
2875,28.7908
2876,28.8014
2877,28.7702
2878,28.8962
2879,28.7069
2880,28.7425
2881,28.753
2882,28.7621
2883,28.7068
2884,28.7909
2885,28.822
2886,28.8496
2887,28.8737
2888,28.8385
2889,28.8445
2890,28.8396
2891,28.7882
2892,28.6968
2893,28.7909
2894,28.8465
2895,28.7163
2896,28.7326
2897,28.628
2898,28.7959
2899,28.6585
2900,28.8047
2901,28.7405
2902,28.8174
2903,28.7661
2904,28.8184
2905,28.7754
2906,28.675
2907,28.6335
2908,28.7476
2909,28.7074
2910,28.82
2911,28.7358
2912,28.8273
2913,28.7867
2914,28.7331
2915,28.746
2916,28.8306
2917,28.7946
2918,28.803
2919,28.7978
2920,28.77
2921,28.7508
2922,28.6954
2923,28.6455
2924,28.693
2925,28.7161
2926,28.7983
2927,28.6646
2928,28.5758
2929,28.6638
2930,28.6941
2931,28.6021
2932,28.7197
2933,28.6425
2934,28.5951
2935,28.6807
2936,28.8498
2937,28.7258
2938,28.6914
2939,28.704
2940,28.5404
2941,28.6515
2942,28.6439
2943,28.6431
2944,28.613
2945,28.7136
2946,28.7851
2947,28.8091
2948,28.7319
2949,28.7327
2950,28.721
2951,28.7755
2952,28.7669
2953,28.6927
2954,28.6936
2955,28.756
2956,28.6109
2957,28.6118
2958,28.706
2959,28.5109
2960,28.6565
2961,28.581
2962,28.8038
2963,28.6599
2964,28.7204
2965,28.7448
2966,28.8012
2967,28.8513
2968,28.7709
2969,28.7854
2970,28.7842
2971,28.7581
2972,28.7695
2973,28.7761
2974,28.7465
2975,28.756
2976,28.7278
2977,28.7324
2978,28.8497
2979,28.8615
2980,28.7742
2981,28.7585
2982,28.699
2983,28.771
2984,28.7555
2985,28.7143
2986,28.7452
2987,28.7016
2988,28.7038
2989,28.6892
2990,28.6605
2991,28.721
2992,28.5571
2993,28.6812
2994,28.774
2995,28.6722
2996,28.6897
2997,28.7775
2998,28.7188
2999,28.708
3000,28.708
3001,28.6755
3002,28.653
3003,28.5718
3004,28.6095
3005,28.5982
3006,28.5495
3007,28.5563
3008,28.6672
3009,28.5707
3010,28.5757
3011,28.7197
3012,28.6832
3013,28.6826
3014,28.5903
3015,28.6293
3016,28.6908
3017,28.6904
3018,28.7107
3019,28.7755
3020,28.8313
3021,28.7527
3022,28.782
3023,28.7039
3024,28.6908
3025,28.6776
3026,28.5961
3027,28.8008
3028,28.8091
3029,28.6832
3030,28.6108
3031,28.5654
3032,28.6098
3033,28.6096
3034,28.613
3035,28.7018
3036,28.8563
3037,28.819
3038,28.788
3039,28.8019
3040,28.8577
3041,28.8397
3042,28.6767
3043,28.7815
3044,28.6476
3045,28.7105
3046,28.6884
3047,28.6874
3048,28.7261
3049,28.7406
3050,28.7896
3051,28.7779
3052,28.7327
3053,28.759
3054,28.6667
3055,28.688
3056,28.6597
3057,28.7285
3058,28.5926
3059,28.6197
3060,28.6192
3061,28.5446
3062,28.5702
3063,28.5687
3064,28.5818
3065,28.5585
3066,28.5413
3067,28.57
3068,28.6022
3069,28.7325
3070,28.7247
3071,28.6036
3072,28.7436
3073,28.7579
3074,28.736
3075,28.7791
3076,28.7708
3077,28.8521
3078,28.782
3079,28.8203
3080,28.6804
3081,28.627
3082,28.6992
3083,28.7959
3084,28.76
3085,28.8408
3086,28.7178
3087,28.6919
3088,28.8227
3089,28.6977
3090,28.7239
3091,28.7473
3092,28.8773
3093,28.7487
3094,28.6352
3095,28.6529
3096,28.6995
3097,28.6781
3098,28.6933
3099,28.6379
3100,28.7472
3101,28.689
3102,28.8283
3103,28.6661
3104,28.7776
3105,28.7642
3106,28.665
3107,28.7014
3108,28.6349
3109,28.8172
3110,28.7559
3111,28.8253
3112,28.7789
3113,28.8474
3114,28.7734
3115,28.7073
3116,28.7124
3117,28.7239
3118,28.7718
3119,28.8775
3120,28.8799
3121,28.7295
3122,28.7802
3123,28.7917
3124,28.7737
3125,28.7993
3126,28.723
3127,28.8167
3128,28.671
3129,28.7489
3130,28.7356
3131,28.706
3132,28.699
3133,28.7864
3134,28.7034
3135,28.7559
3136,28.6404
3137,28.6993
3138,28.7941
3139,28.7489
3140,28.732
3141,28.8452
3142,28.7771
3143,28.8235
3144,28.7486
3145,28.7905
3146,28.6468
3147,28.7948
3148,28.6938
3149,28.8004
3150,28.7572
3151,28.663
3152,28.6684
3153,28.6542
3154,28.6098
3155,28.5874
3156,28.7159
3157,28.7667
3158,28.6702
3159,28.8388
3160,28.8848
3161,28.8578
3162,28.8966
3163,28.8729
3164,28.8127
3165,28.7421
3166,28.6969
3167,28.7656
3168,28.7877
3169,28.7792
3170,28.7256
3171,28.7433
3172,28.7941
3173,28.7398
3174,28.7826
3175,28.8794
3176,28.8194
3177,28.8118
3178,28.8139
3179,28.8012
3180,28.7409
3181,28.7839
3182,28.887
3183,28.7595
3184,28.7098
3185,28.7427
3186,28.7674
3187,28.7169
3188,28.6995
3189,28.5413
3190,28.7041
3191,28.8185
3192,28.6844
3193,28.7794
3194,28.7717
3195,28.7439
3196,28.8514
3197,28.8145
3198,28.6402
3199,28.7464
3200,28.7814
3201,28.8227
3202,28.8366
3203,28.8601
3204,28.8186
3205,28.6673
3206,28.6663
3207,28.645
3208,28.506
3209,28.6016
3210,28.6419
3211,28.721
3212,28.6408
3213,28.6903
3214,28.6692
3215,28.631
3216,28.6388
3217,28.6576
3218,28.7691
3219,28.7894
3220,28.8295
3221,28.7722
3222,28.8489
3223,28.9531
3224,28.9381
3225,28.7132
3226,28.7185
3227,28.8227
3228,28.8924
3229,28.8313
3230,28.8387
3231,28.8143
3232,28.7378
3233,28.7778
3234,28.7312
3235,28.7315
3236,28.8102
3237,28.7966
3238,28.6572
3239,28.6429
3240,28.7538
3241,28.7162
3242,28.7045
3243,28.7214
3244,28.8245
3245,28.7135
3246,28.7675
3247,28.7568
3248,28.7198
3249,28.6705
3250,28.6248
3251,28.5921
3252,28.6267
3253,28.6441
3254,28.6587
3255,28.7136
3256,28.7001
3257,28.6873
3258,28.756
3259,28.7886
3260,28.8578
3261,28.8424
3262,28.9117
3263,28.7714
3264,28.8205
3265,28.9022
3266,28.8128
3267,28.9076
3268,28.8677
3269,28.8725
3270,28.8201
3271,28.7443
3272,28.8201
3273,28.8382
3274,28.8002
3275,28.7361
3276,28.6514
3277,28.7287
3278,28.7598
3279,28.6911
3280,28.4759
3281,28.683
3282,28.664
3283,28.7353
3284,28.6914
3285,28.6788
3286,28.8358
3287,28.7966
3288,28.848
3289,28.7336
3290,28.6769
3291,28.7359
3292,28.6532
3293,28.7789
3294,28.7567
3295,28.7407
3296,28.7495
3297,28.6148
3298,28.6474
3299,28.6888
3300,28.701
3301,28.7202
3302,28.6593
3303,28.4258
3304,28.5441
3305,28.5333
3306,28.5967
3307,28.6422
3308,28.7336
3309,28.5603
3310,28.6193
3311,28.6575
3312,28.7126
3313,28.6296
3314,28.6451
3315,28.7244
3316,28.6809
3317,28.7619
3318,28.64
3319,28.6856
3320,28.6057
3321,28.6653
3322,28.5818
3323,28.6519
3324,28.5768
3325,28.614
3326,28.5872
3327,28.4996
3328,28.4843
3329,28.696
3330,28.713
3331,28.5936
3332,28.6973
3333,28.7322
3334,28.6263
3335,28.6634
3336,28.6
3337,28.7049
3338,28.6903
3339,28.6889
3340,28.718
3341,28.6921
3342,28.7238
3343,28.7197
3344,28.6394
3345,28.7261
3346,28.5969
3347,28.6844
3348,28.655
3349,28.6557
3350,28.7439
3351,28.6767
3352,28.6766
3353,28.6364
3354,28.6909
3355,28.5868
3356,28.7086
3357,28.771
3358,28.7231
3359,28.6888
3360,28.6692
3361,28.6603
3362,28.7227
3363,28.6863
3364,28.6219
3365,28.5496
3366,28.7107
3367,28.7226
3368,28.7212
3369,28.5785
3370,28.6775
3371,28.6571
3372,28.6294
3373,28.5967
3374,28.7114
3375,28.6886
3376,28.7217
3377,28.6626
3378,28.6305
3379,28.7725
3380,28.7707
3381,28.6991
3382,28.7567
3383,28.7028
3384,28.6478
3385,28.6376
3386,28.6763
3387,28.7118
3388,28.7603
3389,28.7239
3390,28.7479
3391,28.6543
3392,28.6693
3393,28.6798
3394,28.6553
3395,28.6936
3396,28.7112
3397,28.6175
3398,28.6331
3399,28.6135
3400,28.579
3401,28.6367
3402,28.5234
3403,28.565
3404,28.5155
3405,28.5233
3406,28.5998
3407,28.5806
3408,28.6499
3409,28.5723
3410,28.6934
3411,28.6272
3412,28.6667
3413,28.5934
3414,28.6951
3415,28.6765
3416,28.6394
3417,28.7277
3418,28.7503
3419,28.7111
3420,28.6949
3421,28.6414
3422,28.7269
3423,28.785
3424,28.8897
3425,28.8474
3426,28.9247
3427,28.8353
3428,28.7745
3429,28.7132
3430,28.6957
3431,28.6649
3432,28.662
3433,28.6187
3434,28.5469
3435,28.6233
3436,28.7068
3437,28.6865
3438,28.6983
3439,28.6643
3440,28.6933
3441,28.6987
3442,28.6408
3443,28.6969
3444,28.672
3445,28.6283
3446,28.7336
3447,28.6608
3448,28.6541
3449,28.78
3450,28.6916
3451,28.7731
3452,28.7668
3453,28.7714
3454,28.6324
3455,28.6315
3456,28.6539
3457,28.6046
3458,28.4927
3459,28.5639
3460,28.512
3461,28.6029
3462,28.7306
3463,28.5746
3464,28.6545
3465,28.7202
3466,28.7001
3467,28.7567
3468,28.6148
3469,28.6571
3470,28.6833
3471,28.6998
3472,28.7081
3473,28.721
3474,28.6981
3475,28.6851
3476,28.5952
3477,28.6648
3478,28.7007
3479,28.6493
3480,28.7552
3481,28.6483
3482,28.5607
3483,28.6604
3484,28.7526
3485,28.6657
3486,28.6174
3487,28.6957
3488,28.6761
3489,28.6698
3490,28.509
3491,28.622
3492,28.5975
3493,28.7137
3494,28.628
3495,28.6382
3496,28.5239
3497,28.6379
3498,28.5617
3499,28.6021
3500,28.7236
3501,28.5106
3502,28.5704
3503,28.5741
3504,28.5997
3505,28.6995
3506,28.7844
3507,28.7733
3508,28.8192
3509,28.6833
3510,28.6887
3511,28.658
3512,28.7847
3513,28.7048
3514,28.6957
3515,28.7064
3516,28.6614
3517,28.6634
3518,28.6527
3519,28.5802
3520,28.6058
3521,28.58
3522,28.6253
3523,28.6244
3524,28.5858
3525,28.6165
3526,28.7673
3527,28.6397
3528,28.6544
3529,28.6869
3530,28.6792
3531,28.568
3532,28.6236
3533,28.4803
3534,28.6098
3535,28.7313
3536,28.6926
3537,28.7392
3538,28.6061
3539,28.6701
3540,28.5667
3541,28.5827
3542,28.6721
3543,28.6178
3544,28.5582
3545,28.6657
3546,28.5854
3547,28.5308
3548,28.5379
3549,28.5828
3550,28.6119
3551,28.6556
3552,28.5098
3553,28.6038
3554,28.6556
3555,28.5948
3556,28.6948
3557,28.7942
3558,28.6069
3559,28.6233
3560,28.5702
3561,28.6548
3562,28.7454
3563,28.6104
3564,28.566
3565,28.59
3566,28.6256
3567,28.5496
3568,28.5543
3569,28.6449
3570,28.6999
3571,28.7537
3572,28.6364
3573,28.6122
3574,28.5844
3575,28.6154
3576,28.6075
3577,28.6641
3578,28.5665
3579,28.5369
3580,28.5539
3581,28.5733
3582,28.5632
3583,28.5853
3584,28.5738
3585,28.6558
3586,28.5022
3587,28.5587
3588,28.6888
3589,28.6775
3590,28.6165
3591,28.6044
3592,28.6204
3593,28.6449
3594,28.6764
3595,28.6574
3596,28.6448
3597,28.6385
3598,28.5951
3599,28.5213
3600,28.5349
3601,28.5848
3602,28.5782
3603,28.525
3604,28.602
3605,28.5978
3606,28.6599
3607,28.5803
3608,28.5692
3609,28.5892
3610,28.5401
3611,28.6239
3612,28.6201
3613,28.5594
3614,28.3885
3615,28.4499
3616,28.6391
3617,28.5639
3618,28.66
3619,28.5878
3620,28.5823
3621,28.5852
3622,28.5433
3623,28.5597
3624,28.6039
3625,28.5387
3626,28.4693
3627,28.5124
3628,28.5288
3629,28.545
3630,28.6921
3631,28.5824
3632,28.5909
3633,28.5667
3634,28.5673
3635,28.5544
3636,28.4996
3637,28.5949
3638,28.5058
3639,28.5053
3640,28.6428
3641,28.6711
3642,28.6406
3643,28.6977
3644,28.6078
3645,28.6934
3646,28.6257
3647,28.5741
3648,28.5858
3649,28.6722
3650,28.5517
3651,28.6174
3652,28.6731
3653,28.7066
3654,28.7509
3655,28.6008
3656,28.6005
3657,28.5882
3658,28.6876
3659,28.645
3660,28.7341
3661,28.6881
3662,28.7526
3663,28.7341
3664,28.6686
3665,28.6631
3666,28.6783
3667,28.6167
3668,28.7069
3669,28.6614
3670,28.6686
3671,28.6682
3672,28.6352
3673,28.583
3674,28.6304
3675,28.7344
3676,28.5829
3677,28.5295
3678,28.6316
3679,28.6355
3680,28.5711
3681,28.5226
3682,28.6417
3683,28.6539
3684,28.6217
3685,28.6454
3686,28.5982
3687,28.6333
3688,28.6558
3689,28.6222
3690,28.6742
3691,28.7647
3692,28.6813
3693,28.6225
3694,28.6411
3695,28.6795
3696,28.5691
3697,28.6357
3698,28.6051
3699,28.6422
3700,28.6355
3701,28.5271
3702,28.508
3703,28.4876
3704,28.5152
3705,28.5506
3706,28.6038
3707,28.56
3708,28.6675
3709,28.7012
3710,28.7219
3711,28.8553
3712,28.6524
3713,28.6227
3714,28.6222
3715,28.5904
3716,28.5458
3717,28.56
3718,28.5671
3719,28.5358
3720,28.5479
3721,28.4813
3722,28.6014
3723,28.6174
3724,28.5802
3725,28.5558
3726,28.5978
3727,28.4556
3728,28.5659
3729,28.6439
3730,28.6746
3731,28.7419
3732,28.6856
3733,28.7899
3734,28.6315
3735,28.6363
3736,28.586
3737,28.6945
3738,28.7078
3739,28.6651
3740,28.681
3741,28.6227
3742,28.7022
3743,28.6353
3744,28.7272
3745,28.6787
3746,28.6025
3747,28.7157
3748,28.6541
3749,28.6048
3750,28.6561
3751,28.5693
3752,28.69
3753,28.5211
3754,28.543
3755,28.6423
3756,28.6348
3757,28.4834
3758,28.5736
3759,28.6228
3760,28.6861
3761,28.676
3762,28.625
3763,28.6439
3764,28.6258
3765,28.5125
3766,28.5761
3767,28.6749
3768,28.6365
3769,28.5936
3770,28.5449
3771,28.7396
3772,28.7263
3773,28.6256
3774,28.6377
3775,28.5281
3776,28.5795
3777,28.6308
3778,28.7038
3779,28.5184
3780,28.6688
3781,28.6115
3782,28.6337
3783,28.6431
3784,28.6662
3785,28.7038
3786,28.7133
3787,28.6475
3788,28.6402
3789,28.6009
3790,28.6663
3791,28.7017
3792,28.7388
3793,28.7075
3794,28.6214
3795,28.6996
3796,28.8742
3797,28.7118
3798,28.6364
3799,28.7656
3800,28.8697
3801,28.8046
3802,28.8346
3803,28.7601
3804,28.6864
3805,28.6096
3806,28.6315
3807,28.7375
3808,28.7258
3809,28.8083
3810,28.8568
3811,28.7314
3812,28.8396
3813,28.7888
3814,28.7756
3815,28.7341
3816,28.5969
3817,28.6017
3818,28.6228
3819,28.6431
3820,28.6051
3821,28.5611
3822,28.6524
3823,28.621
3824,28.6662
3825,28.5935
3826,28.6217
3827,28.5837
3828,28.6059
3829,28.4904
3830,28.5113
3831,28.6803
3832,28.587
3833,28.5524
3834,28.5683
3835,28.5031
3836,28.6761
3837,28.5747
3838,28.5317
3839,28.5482
3840,28.4405
3841,28.5395
3842,28.5785
3843,28.6857
3844,28.6933
3845,28.6269
3846,28.6647
3847,28.6651
3848,28.5701
3849,28.6756
3850,28.7687
3851,28.8325
3852,28.785
3853,28.8187
3854,28.6846
3855,28.8396
3856,28.6647
3857,28.8062
3858,28.7713
3859,28.6912
3860,28.7264
3861,28.7478
3862,28.609
3863,28.6689
3864,28.6029
3865,28.6612
3866,28.7419
3867,28.701
3868,28.6674
3869,28.6156
3870,28.5859
3871,28.6292
3872,28.5369
3873,28.6686
3874,28.6101
3875,28.7438
3876,28.7313
3877,28.6645
3878,28.7192
3879,28.6736
3880,28.7239
3881,28.5818
3882,28.8017
3883,28.7382
3884,28.5726
3885,28.5458
3886,28.6283
3887,28.7327
3888,28.8472
3889,28.665
3890,28.6282
3891,28.6502
3892,28.7367
3893,28.6582
3894,28.6123
3895,28.5604
3896,28.6174
3897,28.6366
3898,28.7271
3899,28.6949
3900,28.6253
3901,28.6125
3902,28.705
3903,28.6633
3904,28.6156
3905,28.6855
3906,28.4895
3907,28.6478
3908,28.5025
3909,28.6566
3910,28.5831
3911,28.6275
3912,28.6199
3913,28.5629
3914,28.6116
3915,28.6389
3916,28.5976
3917,28.6777
3918,28.8047
3919,28.6875
3920,28.5455
3921,28.5793
3922,28.5741
3923,28.4764
3924,28.6214
3925,28.5843
3926,28.6402
3927,28.5859
3928,28.5423
3929,28.5943
3930,28.4507
3931,28.5442
3932,28.4653
3933,28.5785
3934,28.6207
3935,28.6902
3936,28.6142
3937,28.6835
3938,28.6693
3939,28.5776
3940,28.7226
3941,28.6006
3942,28.6064
3943,28.6589
3944,28.5369
3945,28.6175
3946,28.6606
3947,28.7095
3948,28.7066
3949,28.8671
3950,28.7865
3951,28.8276
3952,28.8417
3953,28.7389
3954,28.6913
3955,28.6319
3956,28.641
3957,28.6436
3958,28.6729
3959,28.6007
3960,28.6501
3961,28.6241
3962,28.7087
3963,28.7158
3964,28.7235
3965,28.6988
3966,28.6829
3967,28.6837
3968,28.621
3969,28.6155
3970,28.6688
3971,28.7914
3972,28.6414
3973,28.5777
3974,28.5964
3975,28.6926
3976,28.7783
3977,28.6541
3978,28.7505
3979,28.6421
3980,28.6105
3981,28.647
3982,28.5927
3983,28.6001
3984,28.6722
3985,28.6518
3986,28.7173
3987,28.593
3988,28.4979
3989,28.4884
3990,28.5568
3991,28.5801
3992,28.5701
3993,28.7602
3994,28.6511
3995,28.6834
3996,28.5383
3997,28.5573
3998,28.6592
3999,28.6397
4000,28.6389
4001,28.6858
4002,28.7754
4003,28.7448
4004,28.7129
4005,28.7154
4006,28.787
4007,28.8694
4008,28.7906
4009,28.836
4010,28.6812
4011,28.7899
4012,28.6988
4013,28.7143
4014,28.6034
4015,28.6351
4016,28.6389
4017,28.6967
4018,28.6699
4019,28.6313
4020,28.6031
4021,28.7149
4022,28.7327
4023,28.5756
4024,28.7014
4025,28.7197
4026,28.7803
4027,28.7709
4028,28.7532
4029,28.7763
4030,28.6902
4031,28.7478
4032,28.6851
4033,28.608
4034,28.5676
4035,28.592
4036,28.8243
4037,28.7315
4038,28.8307
4039,28.7012
4040,28.7025
4041,28.8402
4042,28.7641
4043,28.7537
4044,28.6026
4045,28.6433
4046,28.7715
4047,28.7301
4048,28.7574
4049,28.744
4050,28.689
4051,28.4125
4052,28.5743
4053,28.65
4054,28.7468
4055,28.6765
4056,28.6726
4057,28.727
4058,28.5958
4059,28.6371
4060,28.6975
4061,28.5893
4062,28.5536
4063,28.6207
4064,28.6042
4065,28.6343
4066,28.625
4067,28.4686
4068,28.5939
4069,28.4426
4070,28.5773
4071,28.57
4072,28.5437
4073,28.5224
4074,28.6553
4075,28.5521
4076,28.6122
4077,28.5604
4078,28.6358
4079,28.6761
4080,28.713
4081,28.6392
4082,28.6808
4083,28.7589
4084,28.7484
4085,28.6721
4086,28.6229
4087,28.6096
4088,28.5437
4089,28.5158
4090,28.5295
4091,28.7305
4092,28.6093
4093,28.6303
4094,28.6315
4095,28.7249
4096,28.6387
4097,28.5681
4098,28.7053
4099,28.6381
4100,28.6911
4101,28.6213
4102,28.5803
4103,28.4585
4104,28.6248
4105,28.5828
4106,28.5738
4107,28.6683
4108,28.5697
4109,28.4686
4110,28.5772
4111,28.6754
4112,28.5855
4113,28.6572
4114,28.6454
4115,28.6817
4116,28.6183
4117,28.622
4118,28.4504
4119,28.4904
4120,28.6315
4121,28.578
4122,28.5912
4123,28.5405
4124,28.6611
4125,28.7012
4126,28.7407
4127,28.6451
4128,28.5989
4129,28.6003
4130,28.4303
4131,28.5591
4132,28.4815
4133,28.4937
4134,28.3901
4135,28.483
4136,28.4863
4137,28.6684
4138,28.5995
4139,28.6379
4140,28.7029
4141,28.5706
4142,28.5728
4143,28.5535
4144,28.6383
4145,28.6118
4146,28.5815
4147,28.6041
4148,28.559
4149,28.5784
4150,28.6153
4151,28.6544
4152,28.6298
4153,28.5557
4154,28.7116
4155,28.8288
4156,28.7423
4157,28.6441
4158,28.7169
4159,28.7203
4160,28.6864
4161,28.642
4162,28.7271
4163,28.6945
4164,28.604
4165,28.6897
4166,28.603
4167,28.665
4168,28.6457
4169,28.6455
4170,28.5808
4171,28.6421
4172,28.6761
4173,28.6783
4174,28.6593
4175,28.7036
4176,28.6941
4177,28.7786
4178,28.8391
4179,28.8059
4180,28.7372
4181,28.6568
4182,28.6922
4183,28.636
4184,28.6321
4185,28.6687
4186,28.648
4187,28.7863
4188,28.7183
4189,28.6679
4190,28.6712
4191,28.6693
4192,28.6798
4193,28.7472
4194,28.6593
4195,28.6657
4196,28.7153
4197,28.7602
4198,28.7373
4199,28.57
4200,28.6469
4201,28.6021
4202,28.6637
4203,28.5546
4204,28.6512
4205,28.6063
4206,28.6862
4207,28.6537
4208,28.5729
4209,28.6475
4210,28.5623
4211,28.5421
4212,28.5136
4213,28.673
4214,28.4969
4215,28.4236
4216,28.5789
4217,28.5134
4218,28.6012
4219,28.6144
4220,28.6759
4221,28.5719
4222,28.669
4223,28.6526
4224,28.7414
4225,28.5722
4226,28.5598
4227,28.6113
4228,28.5761
4229,28.7164
4230,28.6242
4231,28.5553
4232,28.7403
4233,28.6636
4234,28.6902
4235,28.5415
4236,28.6821
4237,28.5719
4238,28.5591
4239,28.5503
4240,28.5059
4241,28.5058
4242,28.6035
4243,28.5178
4244,28.5805
4245,28.5067
4246,28.5001
4247,28.5371
4248,28.5957
4249,28.654
4250,28.5485
4251,28.6428
4252,28.581
4253,28.5942
4254,28.6374
4255,28.7137
4256,28.6124
4257,28.5827
4258,28.5066
4259,28.4423
4260,28.4705
4261,28.4497
4262,28.3907
4263,28.4833
4264,28.4597
4265,28.5251
4266,28.5534
4267,28.5405
4268,28.6908
4269,28.6568
4270,28.7362
4271,28.5089
4272,28.5393
4273,28.7227
4274,28.608
4275,28.6304
4276,28.6267
4277,28.622
4278,28.7782
4279,28.7134
4280,28.7402
4281,28.6448
4282,28.6059
4283,28.6437
4284,28.6686
4285,28.5764
4286,28.4873
4287,28.5803
4288,28.6369
4289,28.5545
4290,28.7007
4291,28.6879
4292,28.474
4293,28.5103
4294,28.6212
4295,28.5837
4296,28.7206
4297,28.5262
4298,28.4886
4299,28.5203
4300,28.4634
4301,28.5444
4302,28.735
4303,28.6377
4304,28.62
4305,28.6473
4306,28.6698
4307,28.6175
4308,28.6763
4309,28.6888
4310,28.6005
4311,28.7042
4312,28.6665
4313,28.6516
4314,28.7561
4315,28.6668
4316,28.6708
4317,28.6495
4318,28.7684
4319,28.729
4320,28.6641
4321,28.6647
4322,28.6708
4323,28.5437
4324,28.7944
4325,28.7245
4326,28.6458
4327,28.67
4328,28.6275
4329,28.6962
4330,28.8016
4331,28.7964
4332,28.743
4333,28.6738
4334,28.6088
4335,28.5062
4336,28.6688
4337,28.644
4338,28.6697
4339,28.7824
4340,28.6942
4341,28.7651
4342,28.7548
4343,28.6985
4344,28.6525
4345,28.7042
4346,28.6145
4347,28.5923
4348,28.504
4349,28.5668
4350,28.6538
4351,28.6338
4352,28.6547
4353,28.679
4354,28.6568
4355,28.6777
4356,28.5814
4357,28.6012
4358,28.7299
4359,28.6691
4360,28.6315
4361,28.6126
4362,28.7421
4363,28.7351
4364,28.7614
4365,28.7307
4366,28.8027
4367,28.7328
4368,28.8016
4369,28.8083
4370,28.8274
4371,28.7452
4372,28.7101
4373,28.7482
4374,28.6817
4375,28.6121
4376,28.5744
4377,28.5637
4378,28.6394
4379,28.7504
4380,28.6136
4381,28.6325
4382,28.6958
4383,28.6671
4384,28.6471
4385,28.6539
4386,28.5982
4387,28.5542
4388,28.6427
4389,28.533
4390,28.5148
4391,28.6015
4392,28.44
4393,28.5118
4394,28.4841
4395,28.5405
4396,28.6497
4397,28.6317
4398,28.7008
4399,28.7491
4400,28.7408
4401,28.6253
4402,28.5751
4403,28.6267
4404,28.5055
4405,28.4901
4406,28.4785
4407,28.439
4408,28.3657
4409,28.4417
4410,28.4876
4411,28.5799
4412,28.6044
4413,28.6206
4414,28.5417
4415,28.6336
4416,28.625
4417,28.6258
4418,28.5328
4419,28.5868
4420,28.5915
4421,28.7176
4422,28.6972
4423,28.6793
4424,28.5873
4425,28.6116
4426,28.6721
4427,28.6829
4428,28.6433
4429,28.5477
4430,28.6598
4431,28.6134
4432,28.4092
4433,28.5424
4434,28.41
4435,28.5928
4436,28.5393
4437,28.5692
4438,28.5342
4439,28.599
4440,28.6604
4441,28.6051
4442,28.6474
4443,28.6933
4444,28.5556
4445,28.6386
4446,28.5746
4447,28.6477
4448,28.6761
4449,28.6433
4450,28.5084
4451,28.533
4452,28.5533
4453,28.555
4454,28.556
4455,28.6349
4456,28.6254
4457,28.6039
4458,28.6234
4459,28.6162
4460,28.592
4461,28.6729
4462,28.7338
4463,28.8094
4464,28.7962
4465,28.7663
4466,28.6412
4467,28.7124
4468,28.6819
4469,28.7587
4470,29.0013
4471,28.8579
4472,28.9192
4473,28.8839
4474,28.8596
4475,28.6945
4476,28.7268
4477,28.7422
4478,28.6032
4479,28.7158
4480,28.5452
4481,28.6892
4482,28.5932
4483,28.5917
4484,28.676
4485,28.7232
4486,28.6865
4487,28.7363
4488,28.7115
4489,28.7944
4490,28.6493
4491,28.7079
4492,28.5741
4493,28.531
4494,28.6752
4495,28.5233
4496,28.6201
4497,28.6267
4498,28.7298
4499,28.6909
4500,28.6089
4501,28.5927
4502,28.6597
4503,28.6625
4504,28.6924
4505,28.6768
4506,28.7692
4507,28.6189
4508,28.6288
4509,28.5802
4510,28.5651
4511,28.6646
4512,28.5973
4513,28.6348
4514,28.6858
4515,28.6813
4516,28.702
4517,28.678
4518,28.7277
4519,28.7229
4520,28.5985
4521,28.584
4522,28.6069
4523,28.698
4524,28.6593
4525,28.68
4526,28.6153
4527,28.6953
4528,28.7018
4529,28.6794
4530,28.6501
4531,28.7473
4532,28.6379
4533,28.6538
4534,28.6417
4535,28.619
4536,28.6894
4537,28.7598
4538,28.7373
4539,28.691
4540,28.5853
4541,28.5902
4542,28.6336
4543,28.6507
4544,28.7217
4545,28.6955
4546,28.6451
4547,28.5418
4548,28.6281
4549,28.5601
4550,28.396
4551,28.4806
4552,28.5424
4553,28.5883
4554,28.5606
4555,28.5985
4556,28.5988
4557,28.5575
4558,28.5931
4559,28.6065
4560,28.6474
4561,28.4837
4562,28.479
4563,28.5059
4564,28.5648
4565,28.5492
4566,28.5564
4567,28.6159
4568,28.6094
4569,28.5948
4570,28.5943
4571,28.5085
4572,28.5847
4573,28.5882
4574,28.6797
4575,28.6443
4576,28.4617
4577,28.5799
4578,28.5724
4579,28.5694
4580,28.4567
4581,28.5247
4582,28.5165
4583,28.525
4584,28.4702
4585,28.4963
4586,28.5232
4587,28.5546
4588,28.6295
4589,28.7229
4590,28.6233
4591,28.5365
4592,28.6347
4593,28.5878
4594,28.579
4595,28.6546
4596,28.568
4597,28.5336
4598,28.5965
4599,28.4662
4600,28.5749
4601,28.5865
4602,28.6702
4603,28.5572
4604,28.6318
4605,28.5577
4606,28.4844
4607,28.5686
4608,28.4783
4609,28.589
4610,28.5537
4611,28.4564
4612,28.4952
4613,28.5804
4614,28.6029
4615,28.5621
4616,28.7404
4617,28.6668
4618,28.6454
4619,28.7471
4620,28.7383
4621,28.5906
4622,28.6127
4623,28.6591
4624,28.6317
4625,28.6207
4626,28.5435
4627,28.6546
4628,28.6496
4629,28.6034
4630,28.5737
4631,28.5589
4632,28.6287
4633,28.6633
4634,28.6048
4635,28.6114
4636,28.6177
4637,28.5257
4638,28.5028
4639,28.6424
4640,28.5376
4641,28.5796
4642,28.4512
4643,28.5223
4644,28.6023
4645,28.6376
4646,28.6787
4647,28.5458
4648,28.6406
4649,28.6482
4650,28.6144
4651,28.5235
4652,28.5811
4653,28.5162
4654,28.5179
4655,28.517
4656,28.526
4657,28.6097
4658,28.7122
4659,28.7631
4660,28.7326
4661,28.6879
4662,28.6608
4663,28.7345
4664,28.6209
4665,28.5668
4666,28.7211
4667,28.6211
4668,28.6735
4669,28.6345
4670,28.6228
4671,28.686
4672,28.6548
4673,28.5409
4674,28.5894
4675,28.7623
4676,28.6508
4677,28.5879
4678,28.6772
4679,28.5785
4680,28.4881
4681,28.5754
4682,28.6363
4683,28.6568
4684,28.7537
4685,28.7028
4686,28.7145
4687,28.675
4688,28.6718
4689,28.6521
4690,28.5675
4691,28.718
4692,28.6661
4693,28.5902
4694,28.6192
4695,28.7058
4696,28.6667
4697,28.5897
4698,28.6098
4699,28.5867
4700,28.6344
4701,28.6691
4702,28.6712
4703,28.5981
4704,28.7221
4705,28.6579
4706,28.6423
4707,28.6401
4708,28.7055
4709,28.7437
4710,28.6808
4711,28.6641
4712,28.7005
4713,28.5773
4714,28.6094
4715,28.5854
4716,28.628
4717,28.51
4718,28.5621
4719,28.5147
4720,28.651
4721,28.5566
4722,28.6645
4723,28.7124
4724,28.7024
4725,28.7177
4726,28.6351
4727,28.5996
4728,28.5797
4729,28.5689
4730,28.5216
4731,28.6205
4732,28.6792
4733,28.7956
4734,28.8399
4735,28.6481
4736,28.7618
4737,28.7452
4738,28.7714
4739,28.8158
4740,28.8651
4741,28.8441
4742,28.8972
4743,28.8011
4744,28.677
4745,28.8346
4746,28.7635
4747,28.7379
4748,28.7414
4749,28.7966
4750,28.7768
4751,28.7307
4752,28.7664
4753,28.7432
4754,28.6713
4755,28.7474
4756,28.6711
4757,28.6886
4758,28.6928
4759,28.5501
4760,28.671
4761,28.7506
4762,28.6541
4763,28.6433
4764,28.6817
4765,28.5957
4766,28.7202
4767,28.622
4768,28.5754
4769,28.6613
4770,28.682
4771,28.6761
4772,28.6961
4773,28.7519
4774,28.7642
4775,28.8517
4776,28.7634
4777,28.6292
4778,28.7293
4779,28.6785
4780,28.787
4781,28.6655
4782,28.7583
4783,28.7688
4784,28.8583
4785,28.7145
4786,28.8047
4787,28.7538
4788,28.6944
4789,28.6958
4790,28.7
4791,28.6229
4792,28.6619
4793,28.7535
4794,28.761
4795,28.735
4796,28.7799
4797,28.6433
4798,28.6797
4799,28.6164
4800,28.5261
4801,28.433
4802,28.4883
4803,28.7149
4804,28.6333
4805,28.6294
4806,28.688
4807,28.6276
4808,28.5383
4809,28.6774
4810,28.6125
4811,28.6063
4812,28.578
4813,28.6706
4814,28.6011
4815,28.5905
4816,28.6873
4817,28.6609
4818,28.6594
4819,28.716
4820,28.6129
4821,28.6679
4822,28.5744
4823,28.5563
4824,28.4497
4825,28.5713
4826,28.6455
4827,28.5045
4828,28.5324
4829,28.6353
4830,28.7045
4831,28.642
4832,28.7283
4833,28.7041
4834,28.6896
4835,28.5671
4836,28.6769
4837,28.6728
4838,28.6043
4839,28.4968
4840,28.5269
4841,28.4837
4842,28.6602
4843,28.6612
4844,28.6309
4845,28.5175
4846,28.5233
4847,28.5044
4848,28.5623
4849,28.6123
4850,28.5168
4851,28.5609
4852,28.4512
4853,28.4649
4854,28.4726
4855,28.6204
4856,28.6338
4857,28.5862
4858,28.6466
4859,28.6392
4860,28.6463
4861,28.5343
4862,28.5371
4863,28.5571
4864,28.5441
4865,28.4881
4866,28.3825
4867,28.4634
4868,28.373
4869,28.3347
4870,28.416
4871,28.3401
4872,28.4838
4873,28.4007
4874,28.3859
4875,28.3915
4876,28.4424
4877,28.4688
4878,28.5257
4879,28.513
4880,28.5799
4881,28.5017
4882,28.5307
4883,28.4492
4884,28.3817
4885,28.5068
4886,28.4909
4887,28.5391
4888,28.5542
4889,28.5086
4890,28.5244
4891,28.5806
4892,28.5128
4893,28.5477
4894,28.4166
4895,28.5077
4896,28.4222
4897,28.4671
4898,28.4955
4899,28.4915
4900,28.5029
4901,28.5017
4902,28.4724
4903,28.388
4904,28.3869
4905,28.4733
4906,28.5832
4907,28.4514
4908,28.4665
4909,28.4673
4910,28.4552
4911,28.6067
4912,28.3678
4913,28.4978
4914,28.3926
4915,28.3224
4916,28.4444
4917,28.4548
4918,28.4503
4919,28.5455
4920,28.4805
4921,28.5133
4922,28.5027
4923,28.3998
4924,28.3405
4925,28.3442
4926,28.3684
4927,28.4142
4928,28.3249
4929,28.521
4930,28.4868
4931,28.4528
4932,28.5306
4933,28.6179
4934,28.6232
4935,28.62
4936,28.5931
4937,28.627
4938,28.6235
4939,28.6322
4940,28.56
4941,28.5904
4942,28.6929
4943,28.6286
4944,28.4387
4945,28.6024
4946,28.6906
4947,28.7006
4948,28.5335
4949,28.693
4950,28.7626
4951,28.6801
4952,28.671
4953,28.7071
4954,28.7646
4955,28.6935
4956,28.6228
4957,28.7672
4958,28.69
4959,28.717
4960,28.6175
4961,28.6292
4962,28.5427
4963,28.5458
4964,28.6667
4965,28.6513
4966,28.6827
4967,28.6717
4968,28.6222
4969,28.6017
4970,28.6249
4971,28.6124
4972,28.6521
4973,28.6569
4974,28.5551
4975,28.5112
4976,28.6038
4977,28.5126
4978,28.5057
4979,28.5324
4980,28.6318
4981,28.5304
4982,28.6319
4983,28.6037
4984,28.5693
4985,28.5343
4986,28.5083
4987,28.6173
4988,28.6173
4989,28.6043
4990,28.5297
4991,28.54
4992,28.5366
4993,28.6281
4994,28.6765
4995,28.6105
4996,28.6108
4997,28.5784
4998,28.6319
4999,28.6801
5000,28.7227
5001,28.7473
5002,28.6503
5003,28.5259
5004,28.6226
5005,28.6995
5006,28.6731
5007,28.5317
5008,28.6862
5009,28.7194
5010,28.6693
5011,28.6509
5012,28.5944
5013,28.6091
5014,28.4289
5015,28.6151
5016,28.6046
5017,28.4844
5018,28.6178
5019,28.6103
5020,28.589
5021,28.6372
5022,28.6971
5023,28.6988
5024,28.6908
5025,28.7279
5026,28.7155
5027,28.7264
5028,28.8093
5029,28.7836
5030,28.6774
5031,28.6188
5032,28.6926
5033,28.6888
5034,28.6151
5035,28.5722
5036,28.5957
5037,28.6122
5038,28.65
5039,28.5614
5040,28.5445
5041,28.6906
5042,28.5154
5043,28.5045
5044,28.5811
5045,28.6529
5046,28.5147
5047,28.6446
5048,28.6301
5049,28.5754
5050,28.576
5051,28.5532
5052,28.5754
5053,28.5399
5054,28.6186
5055,28.7566
5056,28.6072
5057,28.5625
5058,28.5398
5059,28.6022
5060,28.607
5061,28.6126
5062,28.622
5063,28.4695
5064,28.5453
5065,28.4484
5066,28.4622
5067,28.4695
5068,28.4496
5069,28.4623
5070,28.466
5071,28.6095
5072,28.5741
5073,28.7212
5074,28.807
5075,28.6616
5076,28.734
5077,28.7258
5078,28.7222
5079,28.5996
5080,28.7154
5081,28.6359
5082,28.6442
5083,28.684
5084,28.5414
5085,28.7035
5086,28.7017
5087,28.7095
5088,28.6586
5089,28.6295
5090,28.7082
5091,28.6828
5092,28.5695
5093,28.6904
5094,28.6824
5095,28.6606
5096,28.692
5097,28.6797
5098,28.5778
5099,28.6344
5100,28.7919
5101,28.6758
5102,28.7058
5103,28.5747
5104,28.4885
5105,28.6502
5106,28.6331
5107,28.573
5108,28.5776
5109,28.6066
5110,28.5742
5111,28.6225
5112,28.665
5113,28.6443
5114,28.6521
5115,28.7483
5116,28.6483
5117,28.7148
5118,28.591
5119,28.6215
5120,28.5896
5121,28.6018
5122,28.7638
5123,28.7177
5124,28.6339
5125,28.6368
5126,28.7415
5127,28.6547
5128,28.7077
5129,28.6454
5130,28.6984
5131,28.6683
5132,28.8198
5133,28.6184
5134,28.6397
5135,28.7002
5136,28.5962
5137,28.6581
5138,28.6996
5139,28.7498
5140,28.6804
5141,28.6319
5142,28.6453
5143,28.666
5144,28.5831
5145,28.6578
5146,28.7107
5147,28.671
5148,28.7319
5149,28.6381
5150,28.6349
5151,28.5252
5152,28.6506
5153,28.6057
5154,28.6806
5155,28.6575
5156,28.5929
5157,28.6738
5158,28.5528
5159,28.5954
5160,28.6323
5161,28.5747
5162,28.6002
5163,28.7333
5164,28.7908
5165,28.66
5166,28.6238
5167,28.6634
5168,28.7059
5169,28.6805
5170,28.6475
5171,28.6993
5172,28.7281
5173,28.6662
5174,28.7282
5175,28.6784
5176,28.7205
5177,28.735
5178,28.7925
5179,28.6735
5180,28.7538
5181,28.6867
5182,28.7014
5183,28.7671
5184,28.7532
5185,28.8259
5186,28.7268
5187,28.6286
5188,28.8011
5189,28.6461
5190,28.7182
5191,28.6389
5192,28.6303
5193,28.6376
5194,28.662
5195,28.654
5196,28.6077
5197,28.6873
5198,28.7026
5199,28.6401
5200,28.6191
5201,28.6064
5202,28.7239
5203,28.7372
5204,28.9162
5205,28.8655
5206,28.7223
5207,28.7834
5208,28.6692
5209,28.7912
5210,28.8439
5211,28.7466
5212,28.7803
5213,28.6764
5214,28.7011
5215,28.6484
5216,28.6107
5217,28.7214
5218,28.6003
5219,28.6671
5220,28.697
5221,28.7873
5222,28.6563
5223,28.6826
5224,28.6688
5225,28.712
5226,28.6735
5227,28.5665
5228,28.6663
5229,28.7718
5230,28.664
5231,28.7327
5232,28.7173
5233,28.8393
5234,28.7692
5235,28.8052
5236,28.708
5237,28.7514
5238,28.8041
5239,28.7764
5240,28.8715
5241,28.766
5242,28.7033
5243,28.7006
5244,28.6404
5245,28.7154
5246,28.672
5247,28.8002
5248,28.5952
5249,28.5852
5250,28.6824
5251,28.6132
5252,28.6626
5253,28.654
5254,28.7882
5255,28.597
5256,28.5836
5257,28.7119
5258,28.7825
5259,28.7975
5260,28.6635
5261,28.7462
5262,28.7466
5263,28.7218
5264,28.6998
5265,28.6007
5266,28.6735
5267,28.6813
5268,28.7099
5269,28.6492
5270,28.7733
5271,28.8396
5272,28.9004
5273,28.8983
5274,28.8283
5275,28.7789
5276,28.9073
5277,28.7711
5278,28.9123
5279,28.746
5280,28.7571
5281,28.6771
5282,28.7545
5283,28.7557
5284,28.7676
5285,28.7229
5286,28.7358
5287,28.772
5288,28.5534
5289,28.6854
5290,28.6954
5291,28.7716
5292,28.7819
5293,28.8103
5294,28.6549
5295,28.6654
5296,28.6637
5297,28.6231
5298,28.5991
5299,28.7415
5300,28.619
5301,28.6535
5302,28.7075
5303,28.7468
5304,28.8118
5305,28.7118
5306,28.6687
5307,28.6863
5308,28.8363
5309,28.7693
5310,28.8772
5311,28.6841
5312,28.8223
5313,28.8786
5314,28.8558
5315,28.906
5316,28.9727
5317,28.9482
5318,28.8419
5319,28.651
5320,28.8464
5321,28.6453
5322,28.7752
5323,28.7101
5324,28.7407
5325,28.693
5326,28.7251
5327,28.583
5328,28.5963
5329,28.6376
5330,28.6521
5331,28.7768
5332,28.7978
5333,28.7085
5334,28.8438
5335,28.7438
5336,28.7459
5337,28.706
5338,28.7078
5339,28.6889
5340,28.7194
5341,28.5997
5342,28.679
5343,28.7959
5344,28.6773
5345,28.7712
5346,28.8395
5347,28.7861
5348,28.6896
5349,28.8207
5350,28.7397
5351,28.6647
5352,28.7081
5353,28.7386
5354,28.7179
5355,28.7236
5356,28.7116
5357,28.7865
5358,28.724
5359,28.7377
5360,28.7431
5361,28.7098
5362,28.7923
5363,28.7509
5364,28.7938
5365,28.8175
5366,28.8413
5367,28.7158
5368,28.686
5369,28.6005
5370,28.6794
5371,28.6814
5372,28.6048
5373,28.6189
5374,28.6021
5375,28.6372
5376,28.7587
5377,28.6345
5378,28.6878
5379,28.7247
5380,28.6766
5381,28.5995
5382,28.6443
5383,28.6608
5384,28.648
5385,28.6772
5386,28.6068
5387,28.6346
5388,28.6175
5389,28.6574
5390,28.6912
5391,28.6161
5392,28.6715
5393,28.6418
5394,28.7894
5395,28.6911
5396,28.7152
5397,28.692
5398,28.7026
5399,28.7616
5400,28.8078
5401,28.7979
5402,28.8592
5403,28.823
5404,28.6994
5405,28.7429
5406,28.8223
5407,28.7621
5408,28.7721
5409,28.7957
5410,28.8316
5411,28.86
5412,28.872
5413,28.8416
5414,28.7576
5415,28.8023
5416,28.792
5417,28.8274
5418,28.7091
5419,28.8021
5420,28.7819
5421,28.7553
5422,28.8741
5423,28.7371
5424,28.7711
5425,28.809
5426,28.8776
5427,28.8479
5428,28.7824
5429,28.7789
5430,28.6796
5431,28.741
5432,28.726
5433,28.7698
5434,28.5802
5435,28.6756
5436,28.749
5437,28.581
5438,28.6798
5439,28.6411
5440,28.563
5441,28.665
5442,28.6829
5443,28.7501
5444,28.7258
5445,28.7985
5446,28.8628
5447,28.7592
5448,28.647
5449,28.6474
5450,28.7212
5451,28.6741
5452,28.721
5453,28.6881
5454,28.5953
5455,28.6442
5456,28.7916
5457,28.6915
5458,28.609
5459,28.7077
5460,28.7259
5461,28.6308
5462,28.7252
5463,28.8051
5464,28.7455
5465,28.5634
5466,28.5975
5467,28.7228
5468,28.6612
5469,28.8072
5470,28.6835
5471,28.671
5472,28.7735
5473,28.6885
5474,28.6703
5475,28.625
5476,28.7841
5477,28.7472
5478,28.6693
5479,28.6262
5480,28.6389
5481,28.7327
5482,28.7979
5483,28.7888
5484,28.796
5485,28.6323
5486,28.5878
5487,28.5593
5488,28.5799
5489,28.6712
5490,28.6504
5491,28.7076
5492,28.6635
5493,28.6994
5494,28.628
5495,28.6399
5496,28.5918
5497,28.4893
5498,28.6524
5499,28.6457
5500,28.698
5501,28.7176
5502,28.7896
5503,28.8256
5504,28.9619
5505,28.8873
5506,28.8717
5507,28.9351
5508,28.9905
5509,28.7242
5510,28.7991
5511,28.8367
5512,28.7805
5513,28.8252
5514,28.7883
5515,28.7919
5516,28.6915
5517,28.6153
5518,28.659
5519,28.6991
5520,28.6364
5521,28.621
5522,28.6103
5523,28.6391
5524,28.714
5525,28.5965
5526,28.6547
5527,28.71
5528,28.6597
5529,28.8112
5530,28.8395
5531,28.8068
5532,28.8914
5533,28.8086
5534,28.8571
5535,28.8375
5536,28.9174
5537,28.7896
5538,28.8797
5539,28.7376
5540,28.6431
5541,28.6783
5542,28.7929
5543,28.7203
5544,28.8002
5545,28.7814
5546,28.8358
5547,28.7703
5548,28.7254
5549,28.8643
5550,28.7326
5551,28.8018
5552,28.7703
5553,28.9493
5554,28.8438
5555,28.7998
5556,28.7418
5557,28.7971
5558,28.7862
5559,28.703
5560,28.7685
5561,28.7108
5562,28.6707
5563,28.7587
5564,28.6091
5565,28.6984
5566,28.7607
5567,28.7014
5568,28.7123
5569,28.7392
5570,28.8062
5571,28.8951
5572,28.749
5573,28.8338
5574,28.8547
5575,28.7525
5576,28.716
5577,28.688
5578,28.8372
5579,28.7645
5580,28.6342
5581,28.7252
5582,28.6743
5583,28.6431
5584,28.7207
5585,28.7146
5586,28.7384
5587,28.6599
5588,28.8516
5589,28.7047
5590,28.6729
5591,28.6677
5592,28.6267
5593,28.5993
5594,28.535
5595,28.6831
5596,28.6246
5597,28.7139
5598,28.5713
5599,28.6047
5600,28.6096
5601,28.5399
5602,28.7206
5603,28.6978
5604,28.5908
5605,28.637
5606,28.6498
5607,28.6024
5608,28.54
5609,28.637
5610,28.6344
5611,28.5086
5612,28.6175
5613,28.6209
5614,28.6977
5615,28.6647
5616,28.6007
5617,28.7478
5618,28.6434
5619,28.6666
5620,28.7499
5621,28.6834
5622,28.74
5623,28.6315
5624,28.6027
5625,28.6277
5626,28.6137
5627,28.6484
5628,28.6656
5629,28.6865
5630,28.7589
5631,28.7337
5632,28.7639
5633,28.7785
5634,28.5948
5635,28.725
5636,28.7558
5637,28.7208
5638,28.695
5639,28.67
5640,28.6606
5641,28.6555
5642,28.6467
5643,28.6797
5644,28.7817
5645,28.7406
5646,28.6879
5647,28.6967
5648,28.6678
5649,28.5845
5650,28.5741
5651,28.5607
5652,28.6063
5653,28.7281
5654,28.6834
5655,28.707
5656,28.6365
5657,28.5722
5658,28.465
5659,28.4988
5660,28.5261
5661,28.5085
5662,28.772
5663,28.7653
5664,28.6522
5665,28.6182
5666,28.4839
5667,28.592
5668,28.503
5669,28.618
5670,28.6065
5671,28.5896
5672,28.6151
5673,28.5127
5674,28.5227
5675,28.5168
5676,28.547
5677,28.4159
5678,28.6851
5679,28.7674
5680,28.7586
5681,28.6645
5682,28.7111
5683,28.6246
5684,28.7079
5685,28.5671
5686,28.473
5687,28.5918
5688,28.5114
5689,28.529
5690,28.5292
5691,28.5726
5692,28.5142
5693,28.471
5694,28.4107
5695,28.4073
5696,28.4885
5697,28.5908
5698,28.6688
5699,28.625
5700,28.5334
5701,28.6775
5702,28.6117
5703,28.6125
5704,28.6999
5705,28.7164
5706,28.6793
5707,28.6577
5708,28.6756
5709,28.6762
5710,28.6348
5711,28.6585
5712,28.5599
5713,28.5351
5714,28.5103
5715,28.5514
5716,28.5949
5717,28.6559
5718,28.7483
5719,28.6626
5720,28.7239
5721,28.6823
5722,28.5478
5723,28.6153
5724,28.7059
5725,28.6911
5726,28.7583
5727,28.7063
5728,28.6806
5729,28.7758
5730,28.7132
5731,28.7881
5732,28.6914
5733,28.6151
5734,28.6648
5735,28.6313
5736,28.7242
5737,28.7035
5738,28.6637
5739,28.5389
5740,28.6474
5741,28.5289
5742,28.5781
5743,28.5897
5744,28.6962
5745,28.6278
5746,28.7282
5747,28.5907
5748,28.6257
5749,28.5101
5750,28.6185
5751,28.6622
5752,28.6435
5753,28.5651
5754,28.5688
5755,28.5166
5756,28.5386
5757,28.5951
5758,28.5961
5759,28.5507
5760,28.6206
5761,28.4186
5762,28.354
5763,28.4525
5764,28.4739
5765,28.5383
5766,28.5655
5767,28.4717
5768,28.6337
5769,28.6249
5770,28.6401
5771,28.6572
5772,28.6965
5773,28.6584
5774,28.6503
5775,28.5331
5776,28.7067
5777,28.6155
5778,28.5721
5779,28.7306
5780,28.6912
5781,28.6942
5782,28.6249
5783,28.6707
5784,28.6929
5785,28.5945
5786,28.663
5787,28.6693
5788,28.545
5789,28.619
5790,28.5595
5791,28.5513
5792,28.5796
5793,28.5979
5794,28.6021
5795,28.6946
5796,28.6746
5797,28.6626
5798,28.7094
5799,28.6293
5800,28.7013
5801,28.6138
5802,28.6297
5803,28.591
5804,28.6117
5805,28.6238
5806,28.574
5807,28.6919
5808,28.6001
5809,28.6559
5810,28.6234
5811,28.581
5812,28.6445
5813,28.601
5814,28.6887
5815,28.503
5816,28.5699
5817,28.5591
5818,28.5787
5819,28.5673
5820,28.5778
5821,28.6529
5822,28.5785
5823,28.5453
5824,28.573
5825,28.594
5826,28.5561
5827,28.7048
5828,28.5577
5829,28.4952
5830,28.4798
5831,28.4909
5832,28.4856
5833,28.525
5834,28.5236
5835,28.6158
5836,28.5866
5837,28.6744
5838,28.6533
5839,28.6422
5840,28.6558
5841,28.703
5842,28.7422
5843,28.6915
5844,28.6988
5845,28.6122
5846,28.6291
5847,28.581
5848,28.5951
5849,28.5309
5850,28.4838
5851,28.5053
5852,28.5065
5853,28.6246
5854,28.6133
5855,28.5575
5856,28.5554
5857,28.5743
5858,28.632
5859,28.669
5860,28.4678
5861,28.5374
5862,28.4753
5863,28.5776
5864,28.5923
5865,28.6539
5866,28.4786
5867,28.5635
5868,28.458
5869,28.5206
5870,28.5377
5871,28.6324
5872,28.5957
5873,28.6406
5874,28.6121
5875,28.5779
5876,28.5773
5877,28.5594
5878,28.5433
5879,28.6295
5880,28.702
5881,28.6271
5882,28.7533
5883,28.575
5884,28.6113
5885,28.6537
5886,28.6517
5887,28.5683
5888,28.5278
5889,28.5026
5890,28.4306
5891,28.4934
5892,28.4496
5893,28.5256
5894,28.4839
5895,28.4361
5896,28.4325
5897,28.4925
5898,28.5544
5899,28.6345
5900,28.6984
5901,28.4916
5902,28.4699
5903,28.4705
5904,28.3967
5905,28.4568
5906,28.4768
5907,28.4965
5908,28.5646
5909,28.5433
5910,28.4255
5911,28.4808
5912,28.443
5913,28.5123
5914,28.5468
5915,28.5293
5916,28.3894
5917,28.5627
5918,28.5574
5919,28.5445
5920,28.5555
5921,28.529
5922,28.5495
5923,28.5475
5924,28.5245
5925,28.5247
5926,28.5805
5927,28.5177
5928,28.5464
5929,28.4802
5930,28.5174
5931,28.4588
5932,28.3831
5933,28.4089
5934,28.504
5935,28.3531
5936,28.4673
5937,28.5395
5938,28.5226
5939,28.5928
5940,28.4597
5941,28.5841
5942,28.5591
5943,28.585
5944,28.6017
5945,28.5419
5946,28.4477
5947,28.5056
5948,28.5575
5949,28.5074
5950,28.4639
5951,28.4194
5952,28.5184
5953,28.6066
5954,28.626
5955,28.5008
5956,28.5232
5957,28.5396
5958,28.5512
5959,28.5666
5960,28.6333
5961,28.6092
5962,28.6441
5963,28.5209
5964,28.6613
5965,28.667
5966,28.6239
5967,28.6811
5968,28.6241
5969,28.6916
5970,28.583
5971,28.5026
5972,28.5696
5973,28.5051
5974,28.5192
5975,28.5286
5976,28.715
5977,28.6029
5978,28.6656
5979,28.6859
5980,28.4696
5981,28.6232
5982,28.5704
5983,28.5797
5984,28.5955
5985,28.4879
5986,28.5439
5987,28.5705
5988,28.4681
5989,28.5797
5990,28.5714
5991,28.5959
5992,28.6059
5993,28.6259
5994,28.6444
5995,28.6667
5996,28.5962
5997,28.6834
5998,28.6748
5999,28.6362
6000,28.8088
6001,28.7553
6002,28.7417
6003,28.575
6004,28.6773
6005,28.6416
6006,28.522
6007,28.6167
6008,28.6397
6009,28.6057
6010,28.6532
6011,28.667
6012,28.5673
6013,28.7037
6014,28.6731
6015,28.5741
6016,28.5613
6017,28.6123
6018,28.6582
6019,28.6513
6020,28.7094
6021,28.7751
6022,28.8209
6023,28.7585
6024,28.5826
6025,28.6624
6026,28.6264
6027,28.5861
6028,28.6539
6029,28.6507
6030,28.608
6031,28.4672
6032,28.4645
6033,28.506
6034,28.5266
6035,28.4935
6036,28.4139
6037,28.5127
6038,28.4855
6039,28.6338
6040,28.5517
6041,28.5072
6042,28.5205
6043,28.5648
6044,28.4406
6045,28.472
6046,28.5406
6047,28.6295
6048,28.592
6049,28.5566
6050,28.5907
6051,28.6333
6052,28.5993
6053,28.633
6054,28.6014
6055,28.588
6056,28.5386
6057,28.5723
6058,28.7318
6059,28.6838
6060,28.6996
6061,28.7096
6062,28.6998
6063,28.6279
6064,28.6598
6065,28.6435
6066,28.705
6067,28.7078
6068,28.7083
6069,28.5739
6070,28.5942
6071,28.6583
6072,28.57
6073,28.6515
6074,28.7316
6075,28.6733
6076,28.6668
6077,28.6426
6078,28.7769
6079,28.7533
6080,28.6602
6081,28.731
6082,28.6875
6083,28.624
6084,28.6029
6085,28.6653
6086,28.6291
6087,28.6429
6088,28.5783
6089,28.6896
6090,28.6309
6091,28.5247
6092,28.6569
6093,28.5742
6094,28.5338
6095,28.6391
6096,28.4937
6097,28.5567
6098,28.6691
6099,28.6007
6100,28.7003
6101,28.7279
6102,28.6941
6103,28.6546
6104,28.5677
6105,28.5759
6106,28.6131
6107,28.7049
6108,28.6909
6109,28.6149
6110,28.6278
6111,28.7143
6112,28.6585
6113,28.7575
6114,28.7314
6115,28.6016
6116,28.6943
6117,28.7168
6118,28.6662
6119,28.6732
6120,28.7973
6121,28.6407
6122,28.6771
6123,28.7104
6124,28.6473
6125,28.6998
6126,28.6115
6127,28.5954
6128,28.6158
6129,28.5287
6130,28.6498
6131,28.643
6132,28.5857
6133,28.4933
6134,28.5681
6135,28.5734
6136,28.566
6137,28.6252
6138,28.7364
6139,28.6845
6140,28.6772
6141,28.6573
6142,28.6387
6143,28.5346
6144,28.6349
6145,28.5257
6146,28.6029
6147,28.6018
6148,28.6259
6149,28.5063
6150,28.5626
6151,28.6366
6152,28.5869
6153,28.5825
6154,28.4299
6155,28.5697
6156,28.5679
6157,28.6301
6158,28.5192
6159,28.5764
6160,28.5065
6161,28.5626
6162,28.6076
6163,28.5681
6164,28.5342
6165,28.6362
6166,28.5307
6167,28.4477
6168,28.5703
6169,28.6281
6170,28.628
6171,28.6791
6172,28.7161
6173,28.7309
6174,28.7447
6175,28.6849
6176,28.5851
6177,28.6173
6178,28.5691
6179,28.6508
6180,28.5112
6181,28.6408
6182,28.6696
6183,28.5608
6184,28.5492
6185,28.5344
6186,28.3801
6187,28.5125
6188,28.454
6189,28.6535
6190,28.5572
6191,28.5132
6192,28.4978
6193,28.5331
6194,28.5877
6195,28.5841
6196,28.4279
6197,28.5267
6198,28.6062
6199,28.5401
6200,28.5984
6201,28.526
6202,28.5225
6203,28.524
6204,28.429
6205,28.4725
6206,28.5794
6207,28.5285
6208,28.5651
6209,28.6168
6210,28.4586
6211,28.5139
6212,28.4832
6213,28.5624
6214,28.5239
6215,28.4523
6216,28.4286
6217,28.3663
6218,28.4321
6219,28.4088
6220,28.3825
6221,28.405
6222,28.3875
6223,28.415
6224,28.4112
6225,28.4619
6226,28.5008
6227,28.4597
6228,28.4578
6229,28.5319
6230,28.5096
6231,28.5104
6232,28.5487
6233,28.5061
6234,28.4082
6235,28.5021
6236,28.438
6237,28.4443
6238,28.561
6239,28.4902
6240,28.4597
6241,28.5443
6242,28.5892
6243,28.5421
6244,28.5173
6245,28.535
6246,28.4454
6247,28.4273
6248,28.3779
6249,28.4109
6250,28.4844
6251,28.4698
6252,28.505
6253,28.5912
6254,28.516
6255,28.5116
6256,28.5268
6257,28.527
6258,28.6194
6259,28.6825
6260,28.6241
6261,28.6883
6262,28.6849
6263,28.6162
6264,28.6787
6265,28.5837
6266,28.6655
6267,28.576
6268,28.6651
6269,28.5802
6270,28.7928
6271,28.6763
6272,28.8278
6273,28.6479
6274,28.6517
6275,28.6234
6276,28.7117
6277,28.8189
6278,28.7812
6279,28.747
6280,28.6941
6281,28.7116
6282,28.6073
6283,28.5579
6284,28.6317
6285,28.5925
6286,28.6693
6287,28.6813
6288,28.6086
6289,28.6459
6290,28.6526
6291,28.6685
6292,28.5862
6293,28.6715
6294,28.7359
6295,28.5958
6296,28.6052
6297,28.5375
6298,28.5673
6299,28.5906
6300,28.5884
6301,28.7367
6302,28.5757
6303,28.6161
6304,28.5613
6305,28.5864
6306,28.6363
6307,28.7184
6308,28.7422
6309,28.6136
6310,28.5948
6311,28.6106
6312,28.5836
6313,28.5634
6314,28.5141
6315,28.4567
6316,28.4468
6317,28.4415
6318,28.4172
6319,28.5386
6320,28.4178
6321,28.3864
6322,28.385
6323,28.5647
6324,28.5269
6325,28.523
6326,28.5293
6327,28.4909
6328,28.5039
6329,28.6707
6330,28.4637
6331,28.4347
6332,28.4643
6333,28.4796
6334,28.4344
6335,28.4995
6336,28.5045
6337,28.4889
6338,28.5493
6339,28.5103
6340,28.5951
6341,28.5649
6342,28.5884
6343,28.617
6344,28.6734
6345,28.6322
6346,28.4998
6347,28.5323
6348,28.4808
6349,28.5794
6350,28.5372
6351,28.6226
6352,28.4399
6353,28.5484
6354,28.5634
6355,28.5055
6356,28.4362
6357,28.4371
6358,28.4596
6359,28.4995
6360,28.4726
6361,28.5588
6362,28.4999
6363,28.525
6364,28.5883
6365,28.5408
6366,28.5207
6367,28.6718
6368,28.7227
6369,28.7316
6370,28.6514
6371,28.6107
6372,28.6003
6373,28.6117
6374,28.684
6375,28.7331
6376,28.7517
6377,28.7888
6378,28.7273
6379,28.6387
6380,28.7115
6381,28.6958
6382,28.6987
6383,28.6584
6384,28.6737
6385,28.6146
6386,28.6781
6387,28.6041
6388,28.6934
6389,28.71
6390,28.752
6391,28.6286
6392,28.6021
6393,28.6275
6394,28.7366
6395,28.6104
6396,28.7877
6397,28.6939
6398,28.6373
6399,28.6586
6400,28.6496
6401,28.6435
6402,28.5939
6403,28.6563
6404,28.6847
6405,28.7164
6406,28.6403
6407,28.6785
6408,28.5467
6409,28.6988
6410,28.6828
6411,28.6706
6412,28.6216
6413,28.6859
6414,28.7325
6415,28.6634
6416,28.619
6417,28.5421
6418,28.5428
6419,28.5651
6420,28.4841
6421,28.562
6422,28.4975
6423,28.601
6424,28.6175
6425,28.6499
6426,28.5508
6427,28.6079
6428,28.5146
6429,28.7066
6430,28.5998
6431,28.6928
6432,28.7395
6433,28.6545
6434,28.6498
6435,28.662
6436,28.6118
6437,28.5411
6438,28.6384
6439,28.5765
6440,28.6235
6441,28.6105
6442,28.6819
6443,28.6525
6444,28.6871
6445,28.6872
6446,28.6537
6447,28.6364
6448,28.706
6449,28.6359
6450,28.6702
6451,28.6031
6452,28.5859
6453,28.5898
6454,28.65
6455,28.6815
6456,28.6151
6457,28.743
6458,28.5961
6459,28.5473
6460,28.6654
6461,28.5813
6462,28.618
6463,28.6458
6464,28.6384
6465,28.5491
6466,28.5657
6467,28.5769
6468,28.7084
6469,28.6323
6470,28.6307
6471,28.6863
6472,28.6172
6473,28.7103
6474,28.5222
6475,28.5477
6476,28.5309
6477,28.5767
6478,28.585
6479,28.5806
6480,28.6139
6481,28.5881
6482,28.5818
6483,28.5408
6484,28.3937
6485,28.4845
6486,28.3501
6487,28.4645
6488,28.4858
6489,28.4986
6490,28.631
6491,28.5962
6492,28.6208
6493,28.582
6494,28.6193
6495,28.5743
6496,28.5072
6497,28.5987
6498,28.5899
6499,28.6252
6500,28.5716
6501,28.505
6502,28.5712
6503,28.5243
6504,28.5738
6505,28.5752
6506,28.5787
6507,28.5767
6508,28.5911
6509,28.7329
6510,28.7018
6511,28.6431
6512,28.6674
6513,28.6131
6514,28.6744
6515,28.6464
6516,28.5739
6517,28.6462
6518,28.6179
6519,28.5751
6520,28.5519
6521,28.5374
6522,28.5856
6523,28.6411
6524,28.6152
6525,28.6372
6526,28.544
6527,28.5822
6528,28.5883
6529,28.6811
6530,28.6663
6531,28.6083
6532,28.5596
6533,28.5405
6534,28.5478
6535,28.565
6536,28.6375
6537,28.5424
6538,28.6133
6539,28.7547
6540,28.6497
6541,28.6378
6542,28.4653
6543,28.55
6544,28.5732
6545,28.72
6546,28.7675
6547,28.7263
6548,28.6814
6549,28.6923
6550,28.6699
6551,28.6296
6552,28.5748
6553,28.6676
6554,28.7148
6555,28.6859
6556,28.6226
6557,28.6964
6558,28.6134
6559,28.5829
6560,28.6196
6561,28.6221
6562,28.6472
6563,28.7263
6564,28.6655
6565,28.669
6566,28.6599
6567,28.5953
6568,28.6448
6569,28.6818
6570,28.7372
6571,28.6353
6572,28.7877
6573,28.7492
6574,28.6582
6575,28.5817
6576,28.718
6577,28.7389
6578,28.7547
6579,28.692
6580,28.6548
6581,28.6129
6582,28.6935
6583,28.7987
6584,28.8283
6585,28.752
6586,28.858
6587,28.8714
6588,28.9297
6589,28.6945
6590,28.724
6591,28.7695
6592,28.7845
6593,28.6859
6594,28.7303
6595,28.687
6596,28.6642
6597,28.7548
6598,28.6828
6599,28.671
6600,28.6024
6601,28.6349
6602,28.6711
6603,28.5274
6604,28.6056
6605,28.63
6606,28.5994
6607,28.6198
6608,28.6265
6609,28.6465
6610,28.664
6611,28.7738
6612,28.7569
6613,28.6894
6614,28.6865
6615,28.571
6616,28.5589
6617,28.5947
6618,28.6831
6619,28.5644
6620,28.5865
6621,28.5976
6622,28.5797
6623,28.5503
6624,28.5141
6625,28.5325
6626,28.5946
6627,28.4451
6628,28.5311
6629,28.5889
6630,28.4779
6631,28.5275
6632,28.6024
6633,28.5585
6634,28.5416
6635,28.5097
6636,28.4537
6637,28.5585
6638,28.5707
6639,28.61
6640,28.5204
6641,28.6311
6642,28.5345
6643,28.4345
6644,28.5167
6645,28.5022
6646,28.4653
6647,28.5577
6648,28.5827
6649,28.5715
6650,28.5325
6651,28.449
6652,28.5307
6653,28.6048
6654,28.5211
6655,28.5893
6656,28.6896
6657,28.5298
6658,28.6059
6659,28.7157
6660,28.7337
6661,28.581
6662,28.5568
6663,28.5091
6664,28.4934
6665,28.4346
6666,28.5447
6667,28.4953
6668,28.4904
6669,28.4841
6670,28.5006
6671,28.5756
6672,28.5453
6673,28.5572
6674,28.5904
6675,28.5606
6676,28.6209
6677,28.5566
6678,28.5596
6679,28.5519
6680,28.6617
6681,28.556
6682,28.6033
6683,28.4325
6684,28.5674
6685,28.4951
6686,28.5515
6687,28.4801
6688,28.5327
6689,28.4991
6690,28.4626
6691,28.5201
6692,28.5296
6693,28.4986
6694,28.511
6695,28.5567
6696,28.5578
6697,28.5413
6698,28.602
6699,28.5983
6700,28.5343
6701,28.5497
6702,28.4735
6703,28.5015
6704,28.5541
6705,28.5811
6706,28.5505
6707,28.5575
6708,28.6814
6709,28.6162
6710,28.5411
6711,28.7302
6712,28.6862
6713,28.6406
6714,28.5595
6715,28.4633
6716,28.445
6717,28.5121
6718,28.5405
6719,28.4764
6720,28.5029
6721,28.5295
6722,28.4829
6723,28.4999
6724,28.5297
6725,28.5782
6726,28.6132
6727,28.503
6728,28.4579
6729,28.5083
6730,28.4296
6731,28.5964
6732,28.4788
6733,28.5863
6734,28.4922
6735,28.5014
6736,28.5177
6737,28.5134
6738,28.4429
6739,28.5504
6740,28.5879
6741,28.4491
6742,28.4815
6743,28.4542
6744,28.4544
6745,28.4459
6746,28.4389
6747,28.5452
6748,28.4408
6749,28.3798
6750,28.4819
6751,28.4415
6752,28.4879
6753,28.4697
6754,28.3373
6755,28.3689
6756,28.3786
6757,28.4113
6758,28.478
6759,28.5203
6760,28.4574
6761,28.4729
6762,28.3066
6763,28.4048
6764,28.5437
6765,28.4161
6766,28.4856
6767,28.4416
6768,28.4852
6769,28.6119
6770,28.6039
6771,28.6341
6772,28.574
6773,28.6128
6774,28.5557
6775,28.5713
6776,28.5531
6777,28.5597
6778,28.4508
6779,28.5817
6780,28.5628
6781,28.6341
6782,28.6343
6783,28.6658
6784,28.5556
6785,28.4852
6786,28.6397
6787,28.6649
6788,28.5198
6789,28.4193
6790,28.5906
6791,28.6311
6792,28.6719
6793,28.5315
6794,28.5096
6795,28.4957
6796,28.5222
6797,28.5706
6798,28.6846
6799,28.6383
6800,28.5496
6801,28.6701
6802,28.6321
6803,28.5344
6804,28.5625
6805,28.6575
6806,28.6965
6807,28.7217
6808,28.6706
6809,28.6643
6810,28.5777
6811,28.6525
6812,28.7082
6813,28.6262
6814,28.6359
6815,28.5893
6816,28.6669
6817,28.6598
6818,28.4933
6819,28.6271
6820,28.5883
6821,28.5899
6822,28.5752
6823,28.5394
6824,28.444
6825,28.4637
6826,28.5122
6827,28.5367
6828,28.4331
6829,28.4006
6830,28.4238
6831,28.4754
6832,28.4575
6833,28.5387
6834,28.5163
6835,28.5033
6836,28.5415
6837,28.4424
6838,28.4087
6839,28.4706
6840,28.47
6841,28.4717
6842,28.5628
6843,28.5386
6844,28.611
6845,28.6159
6846,28.5683
6847,28.6228
6848,28.6015
6849,28.4997
6850,28.4329
6851,28.5623
6852,28.5455
6853,28.4099
6854,28.4077
6855,28.4377
6856,28.532
6857,28.4773
6858,28.5593
6859,28.4817
6860,28.5256
6861,28.4329
6862,28.598
6863,28.4211
6864,28.3508
6865,28.3578
6866,28.3673
6867,28.4394
6868,28.463
6869,28.4201
6870,28.4209
6871,28.4324
6872,28.3254
6873,28.429
6874,28.3704
6875,28.4037
6876,28.5482
6877,28.4946
6878,28.526
6879,28.4605
6880,28.5297
6881,28.4959
6882,28.5061
6883,28.5609
6884,28.492
6885,28.4958
6886,28.5185
6887,28.4406
6888,28.3765
6889,28.3894
6890,28.4668
6891,28.4281
6892,28.5027
6893,28.4834
6894,28.5109
6895,28.5785
6896,28.5557
6897,28.6533
6898,28.5791
6899,28.6141
6900,28.6505
6901,28.5335
6902,28.4389
6903,28.461
6904,28.5391
6905,28.5756
6906,28.5158
6907,28.5618
6908,28.5654
6909,28.566
6910,28.5474
6911,28.477
6912,28.4252
6913,28.4502
6914,28.4238
6915,28.4234
6916,28.4662
6917,28.5815
6918,28.5791
6919,28.4647
6920,28.4003
6921,28.4182
6922,28.4344
6923,28.4779
6924,28.4154
6925,28.4877
6926,28.4059
6927,28.5668
6928,28.525
6929,28.4854
6930,28.385
6931,28.4789
6932,28.5595
6933,28.4632
6934,28.3767
6935,28.3465
6936,28.3589
6937,28.2812
6938,28.2137
6939,28.3086
6940,28.2222
6941,28.2313
6942,28.248
6943,28.2528
6944,28.2606
6945,28.3121
6946,28.3626
6947,28.3434
6948,28.3519
6949,28.4495
6950,28.3193
6951,28.3184
6952,28.3441
6953,28.2835
6954,28.336
6955,28.3349
6956,28.4246
6957,28.4295
6958,28.4695
6959,28.4248
6960,28.1692
6961,28.1484
6962,28.186
6963,28.3029
6964,28.4185
6965,28.4298
6966,28.3301
6967,28.2719
6968,28.3938
6969,28.3118
6970,28.3661
6971,28.4582
6972,28.603
6973,28.5024
6974,28.5481
6975,28.5142
6976,28.4271
6977,28.3845
6978,28.3884
6979,28.3175
6980,28.393
6981,28.4318
6982,28.4216
6983,28.5048
6984,28.5212
6985,28.3213
6986,28.3061
6987,28.3199
6988,28.2936
6989,28.2212
6990,28.2379
6991,28.2784
6992,28.1708
6993,28.1859
6994,28.3094
6995,28.3877
6996,28.439
6997,28.4204
6998,28.2993
6999,28.3296
7000,28.307
7001,28.3419
7002,28.2573
7003,28.3206
7004,28.2481
7005,28.1572
7006,28.3194
7007,28.2516
7008,28.3035
7009,28.2938
7010,28.4134
7011,28.3575
7012,28.3135
7013,28.4322
7014,28.4426
7015,28.5288
7016,28.4026
7017,28.4952
7018,28.3973
7019,28.3946
7020,28.2809
7021,28.4141
7022,28.4966
7023,28.4469
7024,28.44
7025,28.3596
7026,28.4566
7027,28.4301
7028,28.3325
7029,28.3649
7030,28.3411
7031,28.3653
7032,28.2928
7033,28.2641
7034,28.3186
7035,28.3854
7036,28.3816
7037,28.3602
7038,28.3788
7039,28.2475
7040,28.256
7041,28.2809
7042,28.3154
7043,28.3659
7044,28.3326
7045,28.3656
7046,28.1758
7047,28.3053
7048,28.3111
7049,28.306
7050,28.3308
7051,28.379
7052,28.3268
7053,28.2803
7054,28.3059
7055,28.2416
7056,28.377
7057,28.4376
7058,28.3425
7059,28.3541
7060,28.386
7061,28.4357
7062,28.411
7063,28.3828
7064,28.3383
7065,28.3486
7066,28.3166
7067,28.3557
7068,28.3313
7069,28.3469
7070,28.1941
7071,28.3689
7072,28.2169
7073,28.2174
7074,28.2256
7075,28.0984
7076,28.2688
7077,28.2955
7078,28.2025
7079,28.1906
7080,28.2378
7081,28.3366
7082,28.4505
7083,28.2942
7084,28.3541
7085,28.3864
7086,28.4431
7087,28.2902
7088,28.3361
7089,28.3764
7090,28.3371
7091,28.3486
7092,28.3577
7093,28.2861
7094,28.3367
7095,28.3539
7096,28.294
7097,28.3821
7098,28.3484
7099,28.3255
7100,28.3456
7101,28.3249
7102,28.3
7103,28.3318
7104,28.3499
7105,28.3805
7106,28.2827
7107,28.3543
7108,28.3509
7109,28.3192
7110,28.533
7111,28.3412
7112,28.2302
7113,28.2418
7114,28.3807
7115,28.1805
7116,28.2913
7117,28.3463
7118,28.163
7119,28.1914
7120,28.3068
7121,28.1573
7122,28.1194
7123,28.1713
7124,28.2688
7125,28.2767
7126,28.3234
7127,28.2869
7128,28.2784
7129,28.2759
7130,28.292
7131,28.303
7132,28.4358
7133,28.457
7134,28.3907
7135,28.3706
7136,28.4221
7137,28.3116
7138,28.3108
7139,28.2217
7140,28.2812
7141,28.3078
7142,28.2463
7143,28.3027
7144,28.3868
7145,28.4089
7146,28.4169
7147,28.449
7148,28.3735
7149,28.3093
7150,28.2646
7151,28.2034
7152,28.1709
7153,28.2655
7154,28.2297
7155,28.3188
7156,28.2749
7157,28.311
7158,28.2406
7159,28.2239
7160,28.3584
7161,28.2875
7162,28.4608
7163,28.4846
7164,28.471
7165,28.3942
7166,28.3638
7167,28.4507
7168,28.3615
7169,28.4957
7170,28.4893
7171,28.4799
7172,28.3818
7173,28.4593
7174,28.4105
7175,28.4772
7176,28.4772
7177,28.6218
7178,28.5915
7179,28.4646
7180,28.4291
7181,28.5049
7182,28.5627
7183,28.5854
7184,28.6987
7185,28.6395
7186,28.7204
7187,28.6808
7188,28.6076
7189,28.5483
7190,28.5196
7191,28.5286
7192,28.5714
7193,28.492
7194,28.5177
7195,28.4899
7196,28.463
7197,28.5746
7198,28.6493
7199,28.5474
7200,28.6358
7201,28.5228
7202,28.5106
7203,28.4879
7204,28.374
7205,28.5847
7206,28.5483
7207,28.5247
7208,28.6589
7209,28.5458
7210,28.59
7211,28.6326
7212,28.6301
7213,28.5783
7214,28.6378
7215,28.5604
7216,28.5642
7217,28.5098
7218,28.5348
7219,28.5448
7220,28.5052
7221,28.5773
7222,28.6187
7223,28.5896
7224,28.6744
7225,28.6178
7226,28.6476
7227,28.572
7228,28.5652
7229,28.6695
7230,28.6412
7231,28.7664
7232,28.5681
7233,28.5164
7234,28.5385
7235,28.5919
7236,28.6029
7237,28.6994
7238,28.611
7239,28.6096
7240,28.6303
7241,28.635
7242,28.5856
7243,28.4384
7244,28.5511
7245,28.6356
7246,28.5404
7247,28.5824
7248,28.5573
7249,28.6944
7250,28.6462
7251,28.7504
7252,28.5194
7253,28.4693
7254,28.5768
7255,28.5387
7256,28.4334
7257,28.4338
7258,28.4667
7259,28.4604
7260,28.569
7261,28.5945
7262,28.625
7263,28.6202
7264,28.5914
7265,28.5
7266,28.5295
7267,28.5751
7268,28.5046
7269,28.4768
7270,28.5021
7271,28.5397
7272,28.5526
7273,28.5813
7274,28.5931
7275,28.6172
7276,28.5475
7277,28.6581
7278,28.5785
7279,28.4867
7280,28.5817
7281,28.6478
7282,28.7108
7283,28.6404
7284,28.4713
7285,28.5603
7286,28.5907
7287,28.6587
7288,28.6035
7289,28.5277
7290,28.4687
7291,28.542
7292,28.5805
7293,28.5137
7294,28.5658
7295,28.5452
7296,28.6052
7297,28.6099
7298,28.6456
7299,28.6626
7300,28.6694
7301,28.5551
7302,28.6144
7303,28.4674
7304,28.5188
7305,28.5265
7306,28.5198
7307,28.604
7308,28.5543
7309,28.5659
7310,28.5875
7311,28.5587
7312,28.5191
7313,28.5671
7314,28.4525
7315,28.3866
7316,28.3912
7317,28.388
7318,28.4681
7319,28.6175
7320,28.5445
7321,28.5028
7322,28.5498
7323,28.5222
7324,28.5388
7325,28.5487
7326,28.5265
7327,28.5307
7328,28.4308
7329,28.5011
7330,28.4704
7331,28.5325
7332,28.4371
7333,28.654
7334,28.499
7335,28.5582
7336,28.4919
7337,28.4498
7338,28.4759
7339,28.3889
7340,28.3203
7341,28.3574
7342,28.3941
7343,28.4186
7344,28.536
7345,28.41
7346,28.469
7347,28.3466
7348,28.3703
7349,28.4432
7350,28.4094
7351,28.3708
7352,28.369
7353,28.2928
7354,28.356
7355,28.5288
7356,28.3666
7357,28.4393
7358,28.3806
7359,28.3937
7360,28.3588
7361,28.4002
7362,28.3966
7363,28.4942
7364,28.4635
7365,28.4088
7366,28.3218
7367,28.3348
7368,28.4286
7369,28.5075
7370,28.3576
7371,28.5455
7372,28.5201
7373,28.5265
7374,28.5028
7375,28.5464
7376,28.5689
7377,28.5141
7378,28.5359
7379,28.5675
7380,28.5789
7381,28.5346
7382,28.5621
7383,28.4771
7384,28.4482
7385,28.4463
7386,28.5285
7387,28.4468
7388,28.4544
7389,28.5641
7390,28.5242
7391,28.5258
7392,28.5214
7393,28.5016
7394,28.4468
7395,28.552
7396,28.4201
7397,28.6118
7398,28.5405
7399,28.4597
7400,28.5096
7401,28.553
7402,28.7061
7403,28.5997
7404,28.635
7405,28.615
7406,28.5927
7407,28.5813
7408,28.5296
7409,28.49
7410,28.5402
7411,28.6913
7412,28.6248
7413,28.6527
7414,28.6734
7415,28.5916
7416,28.6293
7417,28.6542
7418,28.6943
7419,28.6773
7420,28.6639
7421,28.6725
7422,28.6996
7423,28.5974
7424,28.6678
7425,28.6964
7426,28.7268
7427,28.6758
7428,28.5886
7429,28.578
7430,28.6139
7431,28.5892
7432,28.594
7433,28.7375
7434,28.7832
7435,28.6381
7436,28.6184
7437,28.6301
7438,28.5529
7439,28.6455
7440,28.62
7441,28.6166
7442,28.6338
7443,28.5998
7444,28.6089
7445,28.5133
7446,28.4811
7447,28.4762
7448,28.5707
7449,28.7078
7450,28.5995
7451,28.6743
7452,28.5696
7453,28.5026
7454,28.5659
7455,28.6112
7456,28.5786
7457,28.5265
7458,28.6116
7459,28.5879
7460,28.5349
7461,28.6495
7462,28.5709
7463,28.5887
7464,28.5928
7465,28.5371
7466,28.6319
7467,28.5458
7468,28.6298
7469,28.6004
7470,28.5651
7471,28.6504
7472,28.6379
7473,28.6165
7474,28.6299
7475,28.6023
7476,28.581
7477,28.4746
7478,28.6069
7479,28.4901
7480,28.5335
7481,28.6139
7482,28.4908
7483,28.576
7484,28.5971
7485,28.5681
7486,28.5518
7487,28.436
7488,28.4542
7489,28.4361
7490,28.5482
7491,28.5486
7492,28.6079
7493,28.5279
7494,28.5694
7495,28.5459
7496,28.5295
7497,28.5159
7498,28.5889
7499,28.5429
7500,28.3559
7501,28.4309
7502,28.4307
7503,28.4761
7504,28.5029
7505,28.6017
7506,28.5737
7507,28.5011
7508,28.5641
7509,28.4525
7510,28.4431
7511,28.4567
7512,28.5175
7513,28.5222
7514,28.5891
7515,28.5079
7516,28.5774
7517,28.4847
7518,28.5133
7519,28.5242
7520,28.5397
7521,28.5292
7522,28.5652
7523,28.6267
7524,28.5456
7525,28.5101
7526,28.6275
7527,28.6014
7528,28.6224
7529,28.5743
7530,28.6625
7531,28.5826
7532,28.6104
7533,28.6457
7534,28.6721
7535,28.6028
7536,28.5688
7537,28.5691
7538,28.5057
7539,28.5528
7540,28.5439
7541,28.3815
7542,28.5143
7543,28.3757
7544,28.4883
7545,28.5125
7546,28.4519
7547,28.5069
7548,28.5469
7549,28.6683
7550,28.5811
7551,28.5693
7552,28.4292
7553,28.4372
7554,28.4577
7555,28.4845
7556,28.4643
7557,28.4974
7558,28.4152
7559,28.5254
7560,28.5881
7561,28.6645
7562,28.6395
7563,28.6764
7564,28.6297
7565,28.5522
7566,28.5215
7567,28.4926
7568,28.5701
7569,28.564
7570,28.5057
7571,28.6302
7572,28.5907
7573,28.534
7574,28.5547
7575,28.5055
7576,28.5517
7577,28.5262
7578,28.6601
7579,28.6275
7580,28.5376
7581,28.5307
7582,28.498
7583,28.5052
7584,28.4818
7585,28.581
7586,28.5691
7587,28.4569
7588,28.473
7589,28.5101
7590,28.4798
7591,28.4386
7592,28.4141
7593,28.5237
7594,28.4056
7595,28.5816
7596,28.6212
7597,28.68
7598,28.6782
7599,28.6595
7600,28.6269
7601,28.6651
7602,28.6784
7603,28.6598
7604,28.612
7605,28.5669
7606,28.6466
7607,28.5709
7608,28.5803
7609,28.7363
7610,28.6064
7611,28.5599
7612,28.5618
7613,28.5735
7614,28.6215
7615,28.6631
7616,28.6464
7617,28.6346
7618,28.638
7619,28.6944
7620,28.6505
7621,28.6577
7622,28.5424
7623,28.6214
7624,28.6437
7625,28.5791
7626,28.6119
7627,28.6322
7628,28.6191
7629,28.6141
7630,28.7098
7631,28.6346
7632,28.7067
7633,28.7011
7634,28.6861
7635,28.6255
7636,28.6508
7637,28.6609
7638,28.6793
7639,28.5202
7640,28.5275
7641,28.5021
7642,28.656
7643,28.6789
7644,28.6161
7645,28.5865
7646,28.6007
7647,28.5085
7648,28.6311
7649,28.6477
7650,28.6286
7651,28.4576
7652,28.5536
7653,28.4909
7654,28.4117
7655,28.4659
7656,28.5548
7657,28.6135
7658,28.554
7659,28.5435
7660,28.6984
7661,28.6563
7662,28.7086
7663,28.6144
7664,28.5587
7665,28.5918
7666,28.5066
7667,28.5865
7668,28.6484
7669,28.6533
7670,28.6328
7671,28.6366
7672,28.5865
7673,28.6076
7674,28.7403
7675,28.6835
7676,28.671
7677,28.6102
7678,28.6206
7679,28.6371
7680,28.5372
7681,28.5731
7682,28.6895
7683,28.7031
7684,28.7523
7685,28.6186
7686,28.6555
7687,28.6951
7688,28.5835
7689,28.6151
7690,28.5294
7691,28.5531
7692,28.4938
7693,28.6953
7694,28.5743
7695,28.5621
7696,28.4988
7697,28.5771
7698,28.665
7699,28.6337
7700,28.6797
7701,28.7625
7702,28.5704
7703,28.6628
7704,28.6346
7705,28.5747
7706,28.7104
7707,28.6904
7708,28.6448
7709,28.6465
7710,28.6493
7711,28.6256
7712,28.6094
7713,28.6561
7714,28.75
7715,28.6796
7716,28.6436
7717,28.6382
7718,28.7467
7719,28.6987
7720,28.7455
7721,28.6444
7722,28.5536
7723,28.6074
7724,28.6079
7725,28.5437
7726,28.5749
7727,28.5933
7728,28.6087
7729,28.7045
7730,28.6961
7731,28.8177
7732,28.744
7733,28.6493
7734,28.6049
7735,28.5808
7736,28.7237
7737,28.7309
7738,28.7147
7739,28.7292
7740,28.7543
7741,28.8105
7742,28.6739
7743,28.6276
7744,28.6113
7745,28.7008
7746,28.716
7747,28.696
7748,28.6138
7749,28.5935
7750,28.6661
7751,28.7453
7752,28.7202
7753,28.7549
7754,28.7286
7755,28.691
7756,28.6804
7757,28.5553
7758,28.6834
7759,28.6417
7760,28.7739
7761,28.6457
7762,28.6381
7763,28.629
7764,28.7675
7765,28.6666
7766,28.7167
7767,28.6951
7768,28.7075
7769,28.5412
7770,28.7174
7771,28.8219
7772,28.754
7773,28.6711
7774,28.6817
7775,28.6924
7776,28.7492
7777,28.7356
7778,28.6295
7779,28.7421
7780,28.7886
7781,28.7314
7782,28.6552
7783,28.7193
7784,28.6823
7785,28.7031
7786,28.6982
7787,28.7514
7788,28.6942
7789,28.6182
7790,28.6461
7791,28.7937
7792,28.625
7793,28.6365
7794,28.6259
7795,28.6419
7796,28.7163
7797,28.6663
7798,28.6102
7799,28.7344
7800,28.7026
7801,28.7005
7802,28.6504
7803,28.6774
7804,28.6687
7805,28.7654
7806,28.7007
7807,28.7685
7808,28.6708
7809,28.616
7810,28.6509
7811,28.6037
7812,28.7151
7813,28.624
7814,28.6823
7815,28.7621
7816,28.6335
7817,28.6979
7818,28.6305
7819,28.6792
7820,28.6308
7821,28.7481
7822,28.6065
7823,28.5397
7824,28.6456
7825,28.7461
7826,28.5865
7827,28.6691
7828,28.6844
7829,28.7323
7830,28.5688
7831,28.5739
7832,28.6072
7833,28.6021
7834,28.6695
7835,28.6434
7836,28.6258
7837,28.5074
7838,28.5554
7839,28.6055
7840,28.5765
7841,28.6501
7842,28.6627
7843,28.5661
7844,28.6151
7845,28.5908
7846,28.544
7847,28.6189
7848,28.5287
7849,28.5592
7850,28.6432
7851,28.62
7852,28.5922
7853,28.5868
7854,28.6308
7855,28.687
7856,28.6303
7857,28.6686
7858,28.6027
7859,28.7266
7860,28.7114
7861,28.6791
7862,28.7219
7863,28.5867
7864,28.5623
7865,28.5263
7866,28.5932
7867,28.5603
7868,28.6027
7869,28.6446
7870,28.6424
7871,28.5289
7872,28.5832
7873,28.6166
7874,28.5411
7875,28.5047
7876,28.562
7877,28.6654
7878,28.6487
7879,28.6237
7880,28.6276
7881,28.6377
7882,28.7349
7883,28.7108
7884,28.6584
7885,28.6925
7886,28.6816
7887,28.6835
7888,28.6048
7889,28.6811
7890,28.7279
7891,28.6833
7892,28.5493
7893,28.5198
7894,28.5376
7895,28.6012
7896,28.6818
7897,28.549
7898,28.4637
7899,28.5554
7900,28.5607
7901,28.4962
7902,28.5038
7903,28.5298
7904,28.6458
7905,28.6768
7906,28.6053
7907,28.5639
7908,28.6069
7909,28.5313
7910,28.6294
7911,28.5559
7912,28.5717
7913,28.5923
7914,28.5604
7915,28.4767
7916,28.5122
7917,28.5246
7918,28.6525
7919,28.4775
7920,28.4807
7921,28.46
7922,28.5088
7923,28.6202
7924,28.6051
7925,28.6281
7926,28.688
7927,28.575
7928,28.7621
7929,28.6717
7930,28.6531
7931,28.6481
7932,28.6546
7933,28.626
7934,28.6722
7935,28.6627
7936,28.6289
7937,28.7383
7938,28.6808
7939,28.7709
7940,28.6618
7941,28.6405
7942,28.6784
7943,28.6011
7944,28.6635
7945,28.5487
7946,28.4423
7947,28.4767
7948,28.5293
7949,28.4637
7950,28.5301
7951,28.6604
7952,28.5823
7953,28.549
7954,28.592
7955,28.722
7956,28.6164
7957,28.5845
7958,28.5714
7959,28.7026
7960,28.5382
7961,28.6018
7962,28.6095
7963,28.5323
7964,28.5206
7965,28.4905
7966,28.5661
7967,28.5429
7968,28.5363
7969,28.4802
7970,28.4968
7971,28.5779
7972,28.6766
7973,28.7465
7974,28.5162
7975,28.6456
7976,28.5921
7977,28.5152
7978,28.6555
7979,28.6594
7980,28.5564
7981,28.5498
7982,28.4965
7983,28.6156
7984,28.719
7985,28.5264
7986,28.6266
7987,28.674
7988,28.6021
7989,28.6203
7990,28.573
7991,28.6242
7992,28.6754
7993,28.6623
7994,28.6735
7995,28.6305
7996,28.6283
7997,28.6907
7998,28.5401
7999,28.5029
8000,28.5628
8001,28.7236
8002,28.6194
8003,28.5398
8004,28.6113
8005,28.6442
8006,28.7053
8007,28.6025
8008,28.5151
8009,28.5086
8010,28.5853
8011,28.5422
8012,28.5871
8013,28.6272
8014,28.5532
8015,28.5045
8016,28.6076
8017,28.4467
8018,28.5469
8019,28.4816
8020,28.482
8021,28.4611
8022,28.5899
8023,28.4498
8024,28.4608
8025,28.5635
8026,28.5462
8027,28.612
8028,28.6365
8029,28.5825
8030,28.6861
8031,28.6083
8032,28.643
8033,28.7777
8034,28.6591
8035,28.6679
8036,28.5909
8037,28.5006
8038,28.5328
8039,28.5453
8040,28.5949
8041,28.5384
8042,28.5708
8043,28.5257
8044,28.5444
8045,28.4813
8046,28.5288
8047,28.5577
8048,28.5623
8049,28.6181
8050,28.6623
8051,28.7219
8052,28.6772
8053,28.6479
8054,28.5341
8055,28.5534
8056,28.6013
8057,28.5018
8058,28.4519
8059,28.5205
8060,28.5629
8061,28.5481
8062,28.6426
8063,28.621
8064,28.6404
8065,28.4979
8066,28.5411
8067,28.4973
8068,28.4669
8069,28.5396
8070,28.4838
8071,28.5089
8072,28.5197
8073,28.5532
8074,28.6259
8075,28.6249
8076,28.6529
8077,28.6394
8078,28.615
8079,28.5833
8080,28.5994
8081,28.6765
8082,28.6384
8083,28.6024
8084,28.6636
8085,28.6131
8086,28.6224
8087,28.6808
8088,28.5765
8089,28.7152
8090,28.6176
8091,28.7061
8092,28.6662
8093,28.7834
8094,28.8006
8095,28.6638
8096,28.7126
8097,28.7561
8098,28.6759
8099,28.6401
8100,28.6567
8101,28.6853
8102,28.5868
8103,28.598
8104,28.5743
8105,28.638
8106,28.6107
8107,28.6381
8108,28.5635
8109,28.668
8110,28.6605
8111,28.5895
8112,28.5999
8113,28.5824
8114,28.5837
8115,28.5353
8116,28.629
8117,28.672
8118,28.7048
8119,28.6435
8120,28.726
8121,28.746
8122,28.7091
8123,28.7004
8124,28.5955
8125,28.5139
8126,28.6563
8127,28.5669
8128,28.5611
8129,28.5784
8130,28.5746
8131,28.6161
8132,28.6955
8133,28.7466
8134,28.7006
8135,28.7646
8136,28.7424
8137,28.8058
8138,28.6993
8139,28.6339
8140,28.694
8141,28.6668
8142,28.7204
8143,28.6091
8144,28.6005
8145,28.6425
8146,28.6305
8147,28.5317
8148,28.6384
8149,28.6032
8150,28.6503
8151,28.6239
8152,28.6479
8153,28.7178
8154,28.6659
8155,28.6875
8156,28.8327
8157,28.7645
8158,28.7309
8159,28.6762
8160,28.6461
8161,28.5728
8162,28.7151
8163,28.6122
8164,28.605
8165,28.6468
8166,28.6605
8167,28.745
8168,28.7996
8169,28.7262
8170,28.8228
8171,28.6776
8172,28.773
8173,28.7365
8174,28.7515
8175,28.6253
8176,28.7415
8177,28.6789
8178,28.7203
8179,28.6051
8180,28.5616
8181,28.5735
8182,28.5588
8183,28.6398
8184,28.6707
8185,28.7408
8186,28.6844
8187,28.6332
8188,28.5831
8189,28.6325
8190,28.6412
8191,28.5543
8192,28.5891
8193,28.643
8194,28.5736
8195,28.5482
8196,28.6241
8197,28.5166
8198,28.5181
8199,28.4695
8200,28.4457
8201,28.4921
8202,28.5298
8203,28.4738
8204,28.3649
8205,28.5148
8206,28.5654
8207,28.5921
8208,28.5333
8209,28.5123
8210,28.5436
8211,28.5994
8212,28.5735
8213,28.5844
8214,28.5661
8215,28.6071
8216,28.6481
8217,28.5367
8218,28.6406
8219,28.596
8220,28.5007
8221,28.6419
8222,28.6233
8223,28.6676
8224,28.6281
8225,28.6781
8226,28.6483
8227,28.6735
8228,28.652
8229,28.5898
8230,28.4992
8231,28.4317
8232,28.5202
8233,28.4746
8234,28.2976
8235,28.4831
8236,28.3936
8237,28.4121
8238,28.4149
8239,28.5188
8240,28.4451
8241,28.5379
8242,28.5091
8243,28.5684
8244,28.5457
8245,28.5431
8246,28.5297
8247,28.5105
8248,28.5329
8249,28.5567
8250,28.6968
8251,28.6754
8252,28.605
8253,28.5837
8254,28.49
8255,28.5573
8256,28.4394
8257,28.4641
8258,28.6056
8259,28.5541
8260,28.55
8261,28.4865
8262,28.5588
8263,28.5404
8264,28.6684
8265,28.5547
8266,28.6651
8267,28.4772
8268,28.6259
8269,28.6221
8270,28.6569
8271,28.5696
8272,28.5557
8273,28.5711
8274,28.5526
8275,28.448
8276,28.603
8277,28.5059
8278,28.5349
8279,28.5389
8280,28.5609
8281,28.5319
8282,28.5403
8283,28.6002
8284,28.665
8285,28.5518
8286,28.4577
8287,28.4685
8288,28.4539
8289,28.4456
8290,28.5331
8291,28.509
8292,28.4657
8293,28.4815
8294,28.4552
8295,28.4509
8296,28.6026
8297,28.6127
8298,28.5551
8299,28.5806
8300,28.548
8301,28.6754
8302,28.572
8303,28.5998
8304,28.5575
8305,28.6363
8306,28.5382
8307,28.6155
8308,28.5048
8309,28.5901
8310,28.6124
8311,28.6626
8312,28.5743
8313,28.6631
8314,28.5544
8315,28.5759
8316,28.7202
8317,28.6617
8318,28.6686
8319,28.6632
8320,28.6918
8321,28.6798
8322,28.6943
8323,28.6872
8324,28.6994
8325,28.5943
8326,28.593
8327,28.5594
8328,28.5682
8329,28.6765
8330,28.62
8331,28.7492
8332,28.6995
8333,28.8342
8334,28.6251
8335,28.6159
8336,28.6531
8337,28.5876
8338,28.6345
8339,28.6587
8340,28.7234
8341,28.6747
8342,28.5926
8343,28.624
8344,28.6216
8345,28.5967
8346,28.5867
8347,28.6088
8348,28.6939
8349,28.6467
8350,28.6663
8351,28.6712
8352,28.5396
8353,28.6189
8354,28.6588
8355,28.6633
8356,28.7507
8357,28.6197
8358,28.7228
8359,28.6101
8360,28.7299
8361,28.6982
8362,28.6505
8363,28.5919
8364,28.5376
8365,28.5682
8366,28.6271
8367,28.4544
8368,28.5586
8369,28.608
8370,28.488
8371,28.548
8372,28.4648
8373,28.5162
8374,28.5052
8375,28.5448
8376,28.5724
8377,28.5715
8378,28.5357
8379,28.5139
8380,28.5929
8381,28.4908
8382,28.5573
8383,28.5119
8384,28.5769
8385,28.656
8386,28.6393
8387,28.6582
8388,28.6202
8389,28.5269
8390,28.6374
8391,28.6721
8392,28.5923
8393,28.6651
8394,28.4964
8395,28.5317
8396,28.5665
8397,28.6042
8398,28.6419
8399,28.64
8400,28.6886
8401,28.6456
8402,28.6311
8403,28.632
8404,28.5361
8405,28.5145
8406,28.5918
8407,28.6282
8408,28.5395
8409,28.5506
8410,28.6021
8411,28.6669
8412,28.6716
8413,28.6632
8414,28.5592
8415,28.5943
8416,28.5306
8417,28.4614
8418,28.4976
8419,28.5108
8420,28.4576
8421,28.5735
8422,28.6241
8423,28.5843
8424,28.5448
8425,28.5214
8426,28.5026
8427,28.4361
8428,28.4828
8429,28.5439
8430,28.6277
8431,28.4994
8432,28.5296
8433,28.5166
8434,28.5329
8435,28.5271
8436,28.5474
8437,28.4989
8438,28.5001
8439,28.5342
8440,28.5654
8441,28.6565
8442,28.6069
8443,28.6758
8444,28.6868
8445,28.5954
8446,28.5413
8447,28.5828
8448,28.5719
8449,28.5707
8450,28.5516
8451,28.5529
8452,28.607
8453,28.6313
8454,28.6381
8455,28.5897
8456,28.5664
8457,28.6648
8458,28.5266
8459,28.6257
8460,28.599
8461,28.6351
8462,28.6038
8463,28.6108
8464,28.6793
8465,28.6816
8466,28.6477
8467,28.6043
8468,28.578
8469,28.6101
8470,28.4861
8471,28.5938
8472,28.6056
8473,28.6134
8474,28.5856
8475,28.6161
8476,28.6495
8477,28.518
8478,28.535
8479,28.527
8480,28.6555
8481,28.5858
8482,28.5308
8483,28.6224
8484,28.5995
8485,28.4853
8486,28.5668
8487,28.633
8488,28.5866
8489,28.6875
8490,28.647
8491,28.6469
8492,28.6343
8493,28.5573
8494,28.6119
8495,28.6241
8496,28.5635
8497,28.6329
8498,28.634
8499,28.5906
8500,28.609
8501,28.6437
8502,28.5919
8503,28.6675
8504,28.6367
8505,28.639
8506,28.6236
8507,28.6223
8508,28.6094
8509,28.5872
8510,28.5749
8511,28.539
8512,28.5599
8513,28.6301
8514,28.7435
8515,28.6571
8516,28.6534
8517,28.5349
8518,28.5617
8519,28.6489
8520,28.6566
8521,28.5955
8522,28.7592
8523,28.6619
8524,28.7564
8525,28.6383
8526,28.6442
8527,28.639
8528,28.636
8529,28.5908
8530,28.5915
8531,28.5804
8532,28.6567
8533,28.5899
8534,28.71
8535,28.7772
8536,28.7007
8537,28.5793
8538,28.5394
8539,28.6395
8540,28.5051
8541,28.534
8542,28.67
8543,28.592
8544,28.6399
8545,28.6627
8546,28.6718
8547,28.5725
8548,28.5331
8549,28.6452
8550,28.7336
8551,28.6934
8552,28.6783
8553,28.6502
8554,28.4647
8555,28.5732
8556,28.5161
8557,28.5974
8558,28.6146
8559,28.5789
8560,28.5479
8561,28.567
8562,28.6577
8563,28.5519
8564,28.5707
8565,28.6174
8566,28.5914
8567,28.5949
8568,28.5885
8569,28.5867
8570,28.6124
8571,28.6444
8572,28.4881
8573,28.5734
8574,28.6173
8575,28.6116
8576,28.5953
8577,28.6029
8578,28.5941
8579,28.5521
8580,28.5716
8581,28.5024
8582,28.4357
8583,28.5619
8584,28.4886
8585,28.5627
8586,28.491
8587,28.6158
8588,28.4884
8589,28.5838
8590,28.7058
8591,28.6434
8592,28.4759
8593,28.5215
8594,28.5722
8595,28.5804
8596,28.5277
8597,28.5934
8598,28.6055
8599,28.4952
8600,28.6072
8601,28.6714
8602,28.5613
8603,28.6579
8604,28.6758
8605,28.7266
8606,28.6358
8607,28.7053
8608,28.6473
8609,28.6426
8610,28.6972
8611,28.6463
8612,28.5718
8613,28.5357
8614,28.5684
8615,28.6484
8616,28.5932
8617,28.6166
8618,28.6003
8619,28.5475
8620,28.5801
8621,28.641
8622,28.5547
8623,28.6963
8624,28.6391
8625,28.6273
8626,28.6319
8627,28.7623
8628,28.6866
8629,28.6649
8630,28.729
8631,28.7027
8632,28.6715
8633,28.705
8634,28.6379
8635,28.6394
8636,28.6926
8637,28.654
8638,28.6586
8639,28.6508
8640,28.5355
8641,28.5245
8642,28.5508
8643,28.8209
8644,28.6568
8645,28.536
8646,28.632
8647,28.5629
8648,28.6188
8649,28.7781
8650,28.7266
8651,28.7427
8652,28.6887
8653,28.7386
8654,28.6712
8655,28.5748
8656,28.6696
8657,28.6501
8658,28.6694
8659,28.6805
8660,28.624
8661,28.7215
8662,28.6547
8663,28.6749
8664,28.579
8665,28.6705
8666,28.5724
8667,28.526
8668,28.5437
8669,28.5492
8670,28.5227
8671,28.5566
8672,28.5101
8673,28.5933
8674,28.5142
8675,28.4989
8676,28.4772
8677,28.6539
8678,28.5262
8679,28.6284
8680,28.6837
8681,28.5882
8682,28.562
8683,28.6099
8684,28.6491
8685,28.696
8686,28.607
8687,28.7234
8688,28.6398
8689,28.5894
8690,28.5677
8691,28.7247
8692,28.6199
8693,28.6241
8694,28.592
8695,28.5612
8696,28.5932
8697,28.5802
8698,28.561
8699,28.5753
8700,28.5494
8701,28.3845
8702,28.3716
8703,28.4753
8704,28.472
8705,28.4903
8706,28.4999
8707,28.4234
8708,28.5127
8709,28.4144
8710,28.4574
8711,28.4628
8712,28.3609
8713,28.4009
8714,28.4506
8715,28.3364
8716,28.356
8717,28.5076
8718,28.4736
8719,28.5498
8720,28.5599
8721,28.5209
8722,28.445
8723,28.5778
8724,28.5013
8725,28.4368
8726,28.5256
8727,28.512
8728,28.5364
8729,28.5687
8730,28.5912
8731,28.5543
8732,28.4812
8733,28.4831
8734,28.598
8735,28.5697
8736,28.5937
8737,28.5657
8738,28.5592
8739,28.5129
8740,28.5474
8741,28.417
8742,28.4129
8743,28.522
8744,28.4186
8745,28.4362
8746,28.5285
8747,28.5264
8748,28.4914
8749,28.486
8750,28.4333
8751,28.4735
8752,28.5657
8753,28.4535
8754,28.4212
8755,28.5251
8756,28.5467
8757,28.5463
8758,28.5684
8759,28.519
8760,28.4137
8761,28.5128
8762,28.5509
8763,28.5093
8764,28.4941
8765,28.5493
8766,28.5217
8767,28.4564
8768,28.5294
8769,28.5604
8770,28.5357
8771,28.4849
8772,28.5066
8773,28.4913
8774,28.476
8775,28.631
8776,28.6185
8777,28.6376
8778,28.6721
8779,28.6257
8780,28.5381
8781,28.5877
8782,28.5765
8783,28.4934
8784,28.6087
8785,28.5005
8786,28.5475
8787,28.5758
8788,28.6015
8789,28.6874
8790,28.5988
8791,28.5905
8792,28.6026
8793,28.6153
8794,28.6247
8795,28.567
8796,28.6017
8797,28.5485
8798,28.5287
8799,28.5043
8800,28.5228
8801,28.5441
8802,28.5618
8803,28.4392
8804,28.5659
8805,28.6239
8806,28.5303
8807,28.594
8808,28.5638
8809,28.5507
8810,28.5134
8811,28.6266
8812,28.5929
8813,28.6091
8814,28.602
8815,28.5819
8816,28.5669
8817,28.5688
8818,28.6407
8819,28.6312
8820,28.5769
8821,28.656
8822,28.6535
8823,28.5787
8824,28.6542
8825,28.6436
8826,28.6487
8827,28.5308
8828,28.5687
8829,28.5248
8830,28.5667
8831,28.6429
8832,28.7083
8833,28.599
8834,28.5448
8835,28.5478
8836,28.6189
8837,28.6044
8838,28.578
8839,28.5284
8840,28.4855
8841,28.5854
8842,28.4763
8843,28.5597
8844,28.6164
8845,28.5131
8846,28.5164
8847,28.5353
8848,28.5081
8849,28.5433
8850,28.5455
8851,28.5943
8852,28.504
8853,28.5901
8854,28.5239
8855,28.5192
8856,28.5457
8857,28.5337
8858,28.6398
8859,28.5129
8860,28.5503
8861,28.5292
8862,28.4995
8863,28.5931
8864,28.5276
8865,28.6278
8866,28.6016
8867,28.6168
8868,28.505
8869,28.5082
8870,28.6412
8871,28.6917
8872,28.6128
8873,28.589
8874,28.591
8875,28.5075
8876,28.6435
8877,28.7401
8878,28.6582
8879,28.595
8880,28.6286
8881,28.5573
8882,28.6284
8883,28.6419
8884,28.7727
8885,28.686
8886,28.7016
8887,28.6199
8888,28.668
8889,28.6976
8890,28.7557
8891,28.6748
8892,28.6805
8893,28.6662
8894,28.6127
8895,28.6459
8896,28.579
8897,28.486
8898,28.495
8899,28.6271
8900,28.5475
8901,28.7415
8902,28.7395
8903,28.6353
8904,28.5691
8905,28.6325
8906,28.5817
8907,28.5803
8908,28.5983
8909,28.5774
8910,28.5743
8911,28.5593
8912,28.6798
8913,28.7397
8914,28.638
8915,28.6789
8916,28.6413
8917,28.6652
8918,28.5954
8919,28.5845
8920,28.6159
8921,28.6065
8922,28.6612
8923,28.5869
8924,28.6038
8925,28.5312
8926,28.6039
8927,28.6178
8928,28.4374
8929,28.5149
8930,28.5241
8931,28.5424
8932,28.5999
8933,28.4267
8934,28.4701
8935,28.4473
8936,28.4108
8937,28.5324
8938,28.6
8939,28.5235
8940,28.5578
8941,28.5368
8942,28.562
8943,28.5123
8944,28.5982
8945,28.5198
8946,28.5248
8947,28.6082
8948,28.5927
8949,28.602
8950,28.5832
8951,28.5616
8952,28.4934
8953,28.6097
8954,28.6788
8955,28.6112
8956,28.6314
8957,28.7572
8958,28.6357
8959,28.6336
8960,28.5747
8961,28.7089
8962,28.6264
8963,28.5654
8964,28.6241
8965,28.5079
8966,28.4677
8967,28.447
8968,28.3536
8969,28.5272
8970,28.5231
8971,28.4811
8972,28.4567
8973,28.4715
8974,28.5164
8975,28.3743
8976,28.3561
8977,28.3809
8978,28.3862
8979,28.3727
8980,28.4581
8981,28.481
8982,28.4997
8983,28.383
8984,28.3822
8985,28.4814
8986,28.4734
8987,28.6086
8988,28.5355
8989,28.4581
8990,28.4785
8991,28.5482
8992,28.5032
8993,28.5198
8994,28.4518
8995,28.383
8996,28.3874
8997,28.3826
8998,28.3815
8999,28.4148
9000,28.547
9001,28.4692
9002,28.3965
9003,28.4275
9004,28.4792
9005,28.3545
9006,28.4514
9007,28.4939
9008,28.425
9009,28.4622
9010,28.4397
9011,28.4527
9012,28.5053
9013,28.4517
9014,28.4463
9015,28.5109
9016,28.4323
9017,28.4233
9018,28.4104
9019,28.4156
9020,28.5081
9021,28.4271
9022,28.3765
9023,28.503
9024,28.5829
9025,28.5468
9026,28.6019
9027,28.6479
9028,28.5856
9029,28.6628
9030,28.5545
9031,28.6003
9032,28.5716
9033,28.5745
9034,28.6718
9035,28.7234
9036,28.7273
9037,28.6988
9038,28.6483
9039,28.7351
9040,28.7309
9041,28.7801
9042,28.9187
9043,28.7365
9044,28.7466
9045,28.7781
9046,28.877
9047,28.8866
9048,28.9159
9049,28.8378
9050,28.864
9051,28.8835
9052,28.9049
9053,28.7287
9054,28.8006
9055,28.7877
9056,28.7604
9057,28.6074
9058,28.662
9059,28.6648
9060,28.6462
9061,28.6726
9062,28.6973
9063,28.6532
9064,28.6027
9065,28.6143
9066,28.5965
9067,28.6576
9068,28.5897
9069,28.6395
9070,28.5791
9071,28.487
9072,28.5225
9073,28.4166
9074,28.4337
9075,28.4353
9076,28.4285
9077,28.4317
9078,28.4621
9079,28.5379
9080,28.5771
9081,28.6571
9082,28.6498
9083,28.6761
9084,28.6459
9085,28.6349
9086,28.4642
9087,28.6971
9088,28.712
9089,28.6502
9090,28.6379
9091,28.688
9092,28.6559
9093,28.5689
9094,28.7284
9095,28.6393
9096,28.7214
9097,28.6384
9098,28.6496
9099,28.6184
9100,28.6031
9101,28.5807
9102,28.6621
9103,28.6262
9104,28.7368
9105,28.6469
9106,28.6029
9107,28.5454
9108,28.6154
9109,28.5982
9110,28.5396
9111,28.6825
9112,28.6662
9113,28.6448
9114,28.6815
9115,28.6019
9116,28.5454
9117,28.5428
9118,28.5341
9119,28.5851
9120,28.6988
9121,28.5574
9122,28.5555
9123,28.5228
9124,28.4697
9125,28.5765
9126,28.5454
9127,28.5844
9128,28.5781
9129,28.5994
9130,28.5408
9131,28.6138
9132,28.6021
9133,28.6205
9134,28.5463
9135,28.57
9136,28.5586
9137,28.476
9138,28.569
9139,28.419
9140,28.6204
9141,28.6781
9142,28.5663
9143,28.6977
9144,28.6892
9145,28.6454
9146,28.6169
9147,28.5566
9148,28.5189
9149,28.5493
9150,28.5658
9151,28.5111
9152,28.5976
9153,28.5076
9154,28.5075
9155,28.4905
9156,28.4398
9157,28.5721
9158,28.5792
9159,28.5897
9160,28.5167
9161,28.4952
9162,28.4994
9163,28.4417
9164,28.4392
9165,28.5438
9166,28.5059
9167,28.4627
9168,28.4901
9169,28.5018
9170,28.4557
9171,28.4485
9172,28.3667
9173,28.4712
9174,28.4495
9175,28.4662
9176,28.5477
9177,28.6004
9178,28.6141
9179,28.511
9180,28.6478
9181,28.5151
9182,28.5712
9183,28.5142
9184,28.6477
9185,28.5483
9186,28.4817
9187,28.4557
9188,28.4498
9189,28.4474
9190,28.4199
9191,28.3881
9192,28.4689
9193,28.5372
9194,28.5118
9195,28.4618
9196,28.479
9197,28.4627
9198,28.5822
9199,28.7031
9200,28.7005
9201,28.6363
9202,28.6315
9203,28.5668
9204,28.5928
9205,28.5284
9206,28.4476
9207,28.5329
9208,28.5458
9209,28.4758
9210,28.4917
9211,28.4998
9212,28.5019
9213,28.5182
9214,28.535
9215,28.57
9216,28.6157
9217,28.5179
9218,28.436
9219,28.5024
9220,28.5801
9221,28.4549
9222,28.4703
9223,28.5799
9224,28.4668
9225,28.3797
9226,28.4392
9227,28.4384
9228,28.512
9229,28.3986
9230,28.4593
9231,28.4624
9232,28.4996
9233,28.4676
9234,28.5134
9235,28.459
9236,28.498
9237,28.5944
9238,28.5385
9239,28.4514
9240,28.5827
9241,28.5612
9242,28.502
9243,28.453
9244,28.5469
9245,28.5278
9246,28.4591
9247,28.4823
9248,28.5561
9249,28.5564
9250,28.588
9251,28.5851
9252,28.4958
9253,28.5832
9254,28.6101
9255,28.5906
9256,28.6807
9257,28.6192
9258,28.4871
9259,28.4724
9260,28.4777
9261,28.4821
9262,28.6131
9263,28.6473
9264,28.6526
9265,28.5595
9266,28.5626
9267,28.6244
9268,28.6743
9269,28.5792
9270,28.6566
9271,28.5633
9272,28.5253
9273,28.5639
9274,28.6011
9275,28.6293
9276,28.6516
9277,28.5703
9278,28.5928
9279,28.6245
9280,28.6079
9281,28.5754
9282,28.7349
9283,28.7502
9284,28.691
9285,28.6699
9286,28.6487
9287,28.7238
9288,28.5826
9289,28.5881
9290,28.6282
9291,28.5373
9292,28.63
9293,28.577
9294,28.6116
9295,28.6751
9296,28.5591
9297,28.5317
9298,28.5925
9299,28.456
9300,28.5687
9301,28.6007
9302,28.5486
9303,28.4772
9304,28.5159
9305,28.4867
9306,28.4422
9307,28.519
9308,28.6157
9309,28.6024
9310,28.5499
9311,28.4813
9312,28.6008
9313,28.5566
9314,28.5316
9315,28.532
9316,28.5397
9317,28.5175
9318,28.6253
9319,28.5716
9320,28.6431
9321,28.5693
9322,28.6313
9323,28.55
9324,28.6838
9325,28.6681
9326,28.5646
9327,28.5206
9328,28.5445
9329,28.5144
9330,28.6121
9331,28.5298
9332,28.4435
9333,28.3279
9334,28.3965
9335,28.3225
9336,28.4232
9337,28.4722
9338,28.5168
9339,28.4429
9340,28.4824
9341,28.4086
9342,28.4541
9343,28.418
9344,28.4964
9345,28.494
9346,28.5783
9347,28.575
9348,28.5949
9349,28.5509
9350,28.5691
9351,28.5462
9352,28.4737
9353,28.446
9354,28.4928
9355,28.4916
9356,28.408
9357,28.3737
9358,28.3245
9359,28.432
9360,28.3653
9361,28.3479
9362,28.3968
9363,28.3879
9364,28.4116
9365,28.3876
9366,28.4048
9367,28.4048
9368,28.4588
9369,28.3967
9370,28.4822
9371,28.4249
9372,28.4808
9373,28.4684
9374,28.3804
9375,28.3638
9376,28.476
9377,28.4333
9378,28.4115
9379,28.407
9380,28.4396
9381,28.3712
9382,28.3444
9383,28.4138
9384,28.3441
9385,28.3831
9386,28.3312
9387,28.3832
9388,28.3548
9389,28.2883
9390,28.3651
9391,28.316
9392,28.2535
9393,28.2631
9394,28.3273
9395,28.3669
9396,28.377
9397,28.3032
9398,28.2986
9399,28.3525
9400,28.2471
9401,28.3178
9402,28.3995
9403,28.4175
9404,28.3592
9405,28.3657
9406,28.4061
9407,28.3954
9408,28.3696
9409,28.3076
9410,28.3809
9411,28.4417
9412,28.3338
9413,28.3386
9414,28.5194
9415,28.4634
9416,28.4388
9417,28.3948
9418,28.3881
9419,28.4484
9420,28.4874
9421,28.4268
9422,28.3209
9423,28.4379
9424,28.4016
9425,28.4052
9426,28.4893
9427,28.4289
9428,28.396
9429,28.4023
9430,28.2857
9431,28.3629
9432,28.3599
9433,28.291
9434,28.4284
9435,28.4756
9436,28.4482
9437,28.4933
9438,28.4853
9439,28.4434
9440,28.4832
9441,28.4058
9442,28.3977
9443,28.3954
9444,28.3997
9445,28.332
9446,28.2196
9447,28.4203
9448,28.4573
9449,28.2988
9450,28.2964
9451,28.4178
9452,28.4037
9453,28.3551
9454,28.3792
9455,28.3776
9456,28.3389
9457,28.3419
9458,28.3791
9459,28.4036
9460,28.3294
9461,28.2927
9462,28.3741
9463,28.3847
9464,28.2692
9465,28.2444
9466,28.3347
9467,28.4256
9468,28.3901
9469,28.4105
9470,28.4352
9471,28.4492
9472,28.3758
9473,28.412
9474,28.505
9475,28.4484
9476,28.4786
9477,28.3618
9478,28.5139
9479,28.4105
9480,28.3804
9481,28.4683
9482,28.4891
9483,28.4453
9484,28.4699
9485,28.4756
9486,28.3448
9487,28.4254
9488,28.4225
9489,28.3253
9490,28.2507
9491,28.448
9492,28.3649
9493,28.317
9494,28.3458
9495,28.3492
9496,28.3926
9497,28.4149
9498,28.4897
9499,28.5008
9500,28.3179
9501,28.5095
9502,28.4269
9503,28.4973
9504,28.4117
9505,28.4389
9506,28.5057
9507,28.4382
9508,28.3527
9509,28.422
9510,28.3702
9511,28.5426
9512,28.395
9513,28.4914
9514,28.3458
9515,28.5618
9516,28.4967
9517,28.3398
9518,28.3169
9519,28.3874
9520,28.3758
9521,28.4231
9522,28.4347
9523,28.3328
9524,28.3556
9525,28.5275
9526,28.5183
9527,28.4542
9528,28.5461
9529,28.4918
9530,28.4425
9531,28.4737
9532,28.5627
9533,28.4684
9534,28.4192
9535,28.36
9536,28.4146
9537,28.4176
9538,28.4052
9539,28.3436
9540,28.407
9541,28.4356
9542,28.432
9543,28.4911
9544,28.4783
9545,28.4495
9546,28.3553
9547,28.4615
9548,28.452
9549,28.4761
9550,28.5552
9551,28.5735
9552,28.4763
9553,28.4592
9554,28.3787
9555,28.4546
9556,28.4062
9557,28.3545
9558,28.587
9559,28.4549
9560,28.4034
9561,28.4447
9562,28.3116
9563,28.4095
9564,28.3712
9565,28.4757
9566,28.3834
9567,28.3653
9568,28.4863
9569,28.4155
9570,28.4953
9571,28.5434
9572,28.4451
9573,28.5333
9574,28.5458
9575,28.3978
9576,28.4045
9577,28.4678
9578,28.391
9579,28.42
9580,28.476
9581,28.471
9582,28.5503
9583,28.3928
9584,28.4773
9585,28.4582
9586,28.4655
9587,28.4667
9588,28.4046
9589,28.3753
9590,28.447
9591,28.3971
9592,28.3948
9593,28.4283
9594,28.3708
9595,28.445
9596,28.3641
9597,28.4186
9598,28.4268
9599,28.4079
9600,28.4162
9601,28.4809
9602,28.5063
9603,28.5461
9604,28.4957
9605,28.4078
9606,28.5654
9607,28.4747
9608,28.5289
9609,28.4034
9610,28.4033
9611,28.4841
9612,28.6
9613,28.5876
9614,28.6584
9615,28.4755
9616,28.6186
9617,28.5821
9618,28.5076
9619,28.5958
9620,28.5618
9621,28.5641
9622,28.4318
9623,28.5547
9624,28.417
9625,28.4411
9626,28.4224
9627,28.469
9628,28.4177
9629,28.4542
9630,28.4413
9631,28.4079
9632,28.3815
9633,28.3825
9634,28.3685
9635,28.3599
9636,28.3418
9637,28.3355
9638,28.2555
9639,28.3921
9640,28.3255
9641,28.3116
9642,28.3122
9643,28.2511
9644,28.2477
9645,28.3117
9646,28.393
9647,28.3477
9648,28.3263
9649,28.3898
9650,28.4436
9651,28.3784
9652,28.4338
9653,28.4048
9654,28.3689
9655,28.3581
9656,28.3892
9657,28.3034
9658,28.36
9659,28.3393
9660,28.3303
9661,28.3893
9662,28.4532
9663,28.3992
9664,28.5116
9665,28.5269
9666,28.4461
9667,28.3392
9668,28.4002
9669,28.3912
9670,28.4609
9671,28.3858
9672,28.3642
9673,28.3542
9674,28.3895
9675,28.4516
9676,28.4601
9677,28.4256
9678,28.4123
9679,28.5064
9680,28.2884
9681,28.3561
9682,28.4129
9683,28.3895
9684,28.3141
9685,28.2878
9686,28.3858
9687,28.3844
9688,28.3276
9689,28.2843
9690,28.325
9691,28.3189
9692,28.3561
9693,28.3556
9694,28.3838
9695,28.4508
9696,28.3778
9697,28.4508
9698,28.4546
9699,28.3515
9700,28.4092
9701,28.3716
9702,28.5028
9703,28.3539
9704,28.3459
9705,28.3554
9706,28.3343
9707,28.4158
9708,28.2911
9709,28.3886
9710,28.3566
9711,28.3518
9712,28.3972
9713,28.4406
9714,28.3286
9715,28.3483
9716,28.2909
9717,28.4382
9718,28.4341
9719,28.4169
9720,28.4594
9721,28.3862
9722,28.4096
9723,28.4263
9724,28.4548
9725,28.445
9726,28.4838
9727,28.5715
9728,28.495
9729,28.4656
9730,28.4663
9731,28.3012
9732,28.3583
9733,28.397
9734,28.4929
9735,28.4459
9736,28.3732
9737,28.3852
9738,28.4346
9739,28.3399
9740,28.4211
9741,28.453
9742,28.3593
9743,28.4586
9744,28.4768
9745,28.407
9746,28.457
9747,28.3932
9748,28.3756
9749,28.353
9750,28.3399
9751,28.3538
9752,28.4177
9753,28.3832
9754,28.4883
9755,28.4963
9756,28.4989
9757,28.3742
9758,28.4765
9759,28.3959
9760,28.5192
9761,28.5816
9762,28.5217
9763,28.4736
9764,28.4405
9765,28.45
9766,28.4608
9767,28.3592
9768,28.2838
9769,28.1923
9770,28.294
9771,28.3861
9772,28.421
9773,28.4219
9774,28.3859
9775,28.3857
9776,28.4051
9777,28.501
9778,28.3901
9779,28.5303
9780,28.5106
9781,28.3763
9782,28.5251
9783,28.534
9784,28.4511
9785,28.5108
9786,28.5164
9787,28.5123
9788,28.5548
9789,28.5259
9790,28.4523
9791,28.4463
9792,28.5303
9793,28.4627
9794,28.4036
9795,28.3872
9796,28.463
9797,28.3891
9798,28.4656
9799,28.5268
9800,28.399
9801,28.5643
9802,28.4728
9803,28.4803
9804,28.4049
9805,28.2404
9806,28.3849
9807,28.3908
9808,28.5471
9809,28.3933
9810,28.4609
9811,28.3597
9812,28.4171
9813,28.4428
9814,28.3766
9815,28.4418
9816,28.4141
9817,28.4811
9818,28.4011
9819,28.401
9820,28.3766
9821,28.4942
9822,28.5256
9823,28.4799
9824,28.5588
9825,28.4379
9826,28.3326
9827,28.2773
9828,28.4239
9829,28.5098
9830,28.4227
9831,28.4938
9832,28.4554
9833,28.4344
9834,28.5565
9835,28.4656
9836,28.4699
9837,28.4777
9838,28.5062
9839,28.4393
9840,28.4857
9841,28.4958
9842,28.4566
9843,28.435
9844,28.4415
9845,28.4632
9846,28.418
9847,28.4268
9848,28.6573
9849,28.662
9850,28.6351
9851,28.5767
9852,28.6841
9853,28.5567
9854,28.5185
9855,28.6387
9856,28.5201
9857,28.6118
9858,28.7044
9859,28.7007
9860,28.6557
9861,28.8393
9862,28.7168
9863,28.6345
9864,28.6975
9865,28.6356
9866,28.6977
9867,28.6773
9868,28.633
9869,28.6658
9870,28.6796
9871,28.7781
9872,28.6975
9873,28.6937
9874,28.6481
9875,28.6037
9876,28.6759
9877,28.5938
9878,28.5758
9879,28.4704
9880,28.5661
9881,28.523
9882,28.5335
9883,28.5289
9884,28.5737
9885,28.5438
9886,28.617
9887,28.5935
9888,28.6402
9889,28.496
9890,28.5457
9891,28.6573
9892,28.5439
9893,28.5484
9894,28.6022
9895,28.4852
9896,28.5258
9897,28.4102
9898,28.4324
9899,28.3302
9900,28.2666
9901,28.3968
9902,28.3375
9903,28.3325
9904,28.3452
9905,28.4401
9906,28.3884
9907,28.3346
9908,28.3337
9909,28.3999
9910,28.4054
9911,28.4004
9912,28.4117
9913,28.2718
9914,28.3099
9915,28.3121
9916,28.4123
9917,28.2748
9918,28.4586
9919,28.3419
9920,28.3516
9921,28.2514
9922,28.4047
9923,28.3942
9924,28.4065
9925,28.3558
9926,28.4409
9927,28.3485
9928,28.4327
9929,28.4692
9930,28.2572
9931,28.3421
9932,28.2979
9933,28.3939
9934,28.3413
9935,28.2485
9936,28.2856
9937,28.1977
9938,28.4112
9939,28.3351
9940,28.3605
9941,28.3241
9942,28.2558
9943,28.2419
9944,28.3253
9945,28.2432
9946,28.2957
9947,28.3788
9948,28.218
9949,28.2628
9950,28.3475
9951,28.2955
9952,28.3442
9953,28.4586
9954,28.4018
9955,28.3459
9956,28.4123
9957,28.3833
9958,28.3737
9959,28.3518
9960,28.3658
9961,28.3243
9962,28.2976
9963,28.4003
9964,28.4738
9965,28.3879
9966,28.3955
9967,28.3731
9968,28.5298
9969,28.6077
9970,28.5712
9971,28.5395
9972,28.493
9973,28.4713
9974,28.4803
9975,28.5377
9976,28.4849
9977,28.4786
9978,28.4651
9979,28.4628
9980,28.4901
9981,28.4694
9982,28.5117
9983,28.5471
9984,28.4414
9985,28.4543
9986,28.5097
9987,28.4328
9988,28.496
9989,28.5024
9990,28.4487
9991,28.3856
9992,28.4967
9993,28.5019
9994,28.5306
9995,28.587
9996,28.3865
9997,28.4577
9998,28.3838
9999,28.5419
10000,28.4947
