#Frame      RoG_00001
       1      28.0704
       2      28.1917
       3      28.1676
       4      28.1956
       5      28.2355
       6      28.2148
       7      28.2532
       8      28.1816
       9      28.1590
      10      28.1711
      11      28.1298
      12      28.1723
      13      28.2166
      14      28.2197
      15      28.0535
      16      28.2781
      17      28.1191
      18      28.1382
      19      28.1483
      20      28.2603
      21      28.2957
      22      28.2532
      23      28.2437
      24      28.2555
      25      28.4124
      26      28.4578
      27      28.4523
      28      28.4224
      29      28.4440
      30      28.2830
      31      28.4429
      32      28.3738
      33      28.2589
      34      28.2787
      35      28.2765
      36      28.1883
      37      28.2546
      38      28.2415
      39      28.2063
      40      28.3561
      41      28.2843
      42      28.3690
      43      28.3073
      44      28.3249
      45      28.3333
      46      28.1242
      47      28.1401
      48      28.0873
      49      28.0225
      50      28.0600
      51      28.1274
      52      28.1887
      53      28.2784
      54      28.1920
      55      28.2561
      56      28.1916
      57      28.2234
      58      28.2506
      59      28.2141
      60      28.3220
      61      28.2956
      62      28.3283
      63      28.4703
      64      28.2893
      65      28.4168
      66      28.3092
      67      28.3623
      68      28.3659
      69      28.3650
      70      28.3205
      71      28.2512
      72      28.3963
      73      28.2980
      74      28.2723
      75      28.2706
      76      28.3357
      77      28.3744
      78      28.3213
      79      28.3441
      80      28.4077
      81      28.3570
      82      28.3610
      83      28.5578
      84      28.5206
      85      28.4598
      86      28.4568
      87      28.4563
      88      28.4287
      89      28.2988
      90      28.4302
      91      28.5248
      92      28.4049
      93      28.3674
      94      28.4615
      95      28.5452
      96      28.5399
      97      28.4929
      98      28.5557
      99      28.5616
     100      28.4663
     101      28.4627
     102      28.4790
     103      28.4045
     104      28.5159
     105      28.4353
     106      28.3232
     107      28.5013
     108      28.4369
     109      28.4837
     110      28.5710
     111      28.4541
     112      28.4048
     113      28.4203
     114      28.4743
     115      28.4460
     116      28.5290
     117      28.5311
     118      28.4921
     119      28.4424
     120      28.5236
     121      28.4903
     122      28.3664
     123      28.5318
     124      28.2990
     125      28.2262
     126      28.4115
     127      28.2807
     128      28.2449
     129      28.3614
     130      28.3506
     131      28.3206
     132      28.2119
     133      28.2477
     134      28.3626
     135      28.3812
     136      28.2906
     137      28.2437
     138      28.3539
     139      28.2774
     140      28.2575
     141      28.3145
     142      28.2337
     143      28.1417
     144      28.2050
     145      28.2333
     146      28.2227
     147      28.1560
     148      28.1835
     149      28.2032
     150      28.1199
     151      28.1896
     152      28.1795
     153      28.2410
     154      28.1551
     155      28.0985
     156      28.1693
     157      28.1855
     158      28.0700
     159      28.1404
     160      28.1042
     161      28.1091
     162      28.0904
     163      28.1385
     164      28.1398
     165      28.1873
     166      28.1613
     167      28.2614
     168      28.1623
     169      28.1559
     170      28.0464
     171      28.1056
     172      28.0666
     173      28.1110
     174      28.0202
     175      28.1662
     176      28.1128
     177      28.0981
     178      28.2424
     179      28.1090
     180      28.1425
     181      28.2093
     182      28.3105
     183      28.1409
     184      28.2291
     185      28.2514
     186      28.2595
     187      28.3025
     188      28.3037
     189      28.2580
     190      28.1402
     191      28.2402
     192      28.2918
     193      28.2129
     194      28.1314
     195      28.0976
     196      28.2001
     197      28.1376
     198      28.1448
     199      28.1374
     200      28.0840
     201      28.1892
     202      28.1285
     203      28.1551
     204      28.1004
     205      28.1636
     206      28.2147
     207      28.2596
     208      28.2000
     209      28.2108
     210      28.2993
     211      28.1853
     212      28.1783
     213      28.1980
     214      28.2046
     215      28.3351
     216      28.2179
     217      28.1276
     218      28.1798
     219      28.1068
     220      28.1990
     221      28.1140
     222      28.0823
     223      28.0997
     224      28.0708
     225      28.0278
     226      28.0409
     227      28.1009
     228      28.0271
     229      28.1620
     230      28.0323
     231      28.1441
     232      28.1198
     233      28.1747
     234      28.2424
     235      28.2638
     236      28.1825
     237      28.1560
     238      28.0722
     239      28.0982
     240      28.1173
     241      28.1173
     242      28.0858
     243      28.1128
     244      28.0871
     245      28.1530
     246      28.1115
     247      28.1820
     248      28.2018
     249      28.2571
     250      28.2287
     251      28.2505
     252      28.2727
     253      28.1933
     254      28.2039
     255      28.2566
     256      28.1315
     257      28.1192
     258      28.0373
     259      28.1827
     260      28.0893
     261      28.1856
     262      28.2371
     263      28.1936
     264      28.1421
     265      28.1542
     266      28.1436
     267      28.1009
     268      28.0018
     269      28.0248
     270      28.0138
     271      28.0840
     272      28.1013
     273      28.1227
     274      28.0836
     275      28.0737
     276      28.1695
     277      28.0503
     278      28.0847
     279      27.9681
     280      28.0342
     281      28.1369
     282      28.0755
     283      28.0695
     284      28.0548
     285      28.1801
     286      28.1698
     287      28.1480
     288      28.0028
     289      28.0232
     290      27.9481
     291      28.0406
     292      28.0030
     293      28.0441
     294      28.1139
     295      28.0831
     296      28.0648
     297      28.1213
     298      28.1392
     299      28.1216
     300      28.1845
     301      28.1495
     302      28.0312
     303      28.0934
     304      28.0687
     305      28.0890
     306      28.1334
     307      28.0802
     308      28.0596
     309      28.1213
     310      28.0986
     311      28.1247
     312      28.1772
     313      28.0765
     314      28.1696
     315      28.0113
     316      28.1045
     317      28.1644
     318      28.0868
     319      28.1392
     320      28.2416
     321      28.1860
     322      28.1018
     323      28.0974
     324      28.1028
     325      28.1017
     326      28.1561
     327      28.0693
     328      28.0707
     329      28.1205
     330      28.0485
     331      28.1535
     332      28.0013
     333      27.9849
     334      28.1193
     335      28.0826
     336      28.2192
     337      28.2995
     338      28.2677
     339      28.2361
     340      28.2678
     341      28.2393
     342      28.2317
     343      28.2766
     344      28.2162
     345      28.2181
     346      28.2608
     347      28.4012
     348      28.3482
     349      28.3498
     350      28.2514
     351      28.2217
     352      28.2792
     353      28.2189
     354      28.2647
     355      28.2603
     356      28.2788
     357      28.2598
     358      28.3337
     359      28.2344
     360      28.2208
     361      28.2791
     362      28.2325
     363      28.2137
     364      28.3067
     365      28.2776
     366      28.2353
     367      28.2841
     368      28.2572
     369      28.2448
     370      28.3679
     371      28.3804
     372      28.3353
     373      28.3162
     374      28.4014
     375      28.2525
     376      28.3345
     377      28.2867
     378      28.2291
     379      28.2787
     380      28.2585
     381      28.2151
     382      28.3837
     383      28.2728
     384      28.3905
     385      28.3436
     386      28.3338
     387      28.4564
     388      28.4356
     389      28.3317
     390      28.3911
     391      28.4089
     392      28.3071
     393      28.2282
     394      28.3944
     395      28.3664
     396      28.4276
     397      28.5508
     398      28.4705
     399      28.5076
     400      28.3717
     401      28.4059
     402      28.4280
     403      28.4253
     404      28.4643
     405      28.4239
     406      28.3792
     407      28.4567
     408      28.4393
     409      28.4068
     410      28.2215
     411      28.3529
     412      28.2754
     413      28.3796
     414      28.3502
     415      28.3089
     416      28.3002
     417      28.2599
     418      28.3049
     419      28.3194
     420      28.3935
     421      28.3601
     422      28.4921
     423      28.3451
     424      28.2182
     425      28.2506
     426      28.1458
     427      28.2029
     428      28.1765
     429      28.3020
     430      28.2012
     431      28.1848
     432      28.3015
     433      28.2846
     434      28.2647
     435      28.3899
     436      28.3374
     437      28.3334
     438      28.3505
     439      28.3078
     440      28.3339
     441      28.5472
     442      28.3867
     443      28.3705
     444      28.3974
     445      28.3539
     446      28.2977
     447      28.2291
     448      28.2403
     449      28.2967
     450      28.2521
     451      28.1804
     452      28.2800
     453      28.2833
     454      28.2526
     455      28.2128
     456      28.2294
     457      28.3041
     458      28.1830
     459      28.1979
     460      28.2191
     461      28.1760
     462      28.3028
     463      28.3016
     464      28.3715
     465      28.3299
     466      28.3767
     467      28.3184
     468      28.3431
     469      28.3844
     470      28.4084
     471      28.3399
     472      28.4241
     473      28.3544
     474      28.3107
     475      28.3620
     476      28.4298
     477      28.4023
     478      28.3766
     479      28.3587
     480      28.3081
     481      28.3783
     482      28.5204
     483      28.3325
     484      28.2323
     485      28.2795
     486      28.3149
     487      28.2666
     488      28.3044
     489      28.3026
     490      28.2733
     491      28.2615
     492      28.1800
     493      28.1883
     494      28.2364
     495      28.1678
     496      28.2319
     497      28.1241
     498      28.2321
     499      28.2480
     500      28.3014
     501      28.1996
     502      28.1230
     503      28.2415
     504      28.2151
     505      28.1462
     506      28.1575
     507      28.2481
     508      28.3154
     509      28.4192
     510      28.3080
     511      28.3384
     512      28.1643
     513      28.1723
     514      28.2292
     515      28.2253
     516      28.3225
     517      28.2507
     518      28.3268
     519      28.3872
     520      28.2926
     521      28.2490
     522      28.4292
     523      28.4202
     524      28.4776
     525      28.3450
     526      28.3423
     527      28.4311
     528      28.4579
     529      28.3246
     530      28.2611
     531      28.2555
     532      28.1777
     533      28.2250
     534      28.1575
     535      28.1004
     536      28.1906
     537      28.2412
     538      28.2237
     539      28.2406
     540      28.3041
     541      28.3252
     542      28.3914
     543      28.2552
     544      28.1975
     545      28.0819
     546      28.2075
     547      28.2213
     548      28.3394
     549      28.3045
     550      28.3778
     551      28.2706
     552      28.3255
     553      28.3324
     554      28.2840
     555      28.1986
     556      28.2821
     557      28.2529
     558      28.3129
     559      28.3497
     560      28.4340
     561      28.4057
     562      28.4059
     563      28.3935
     564      28.3617
     565      28.3757
     566      28.4812
     567      28.4073
     568      28.3835
     569      28.4494
     570      28.4176
     571      28.3636
     572      28.3371
     573      28.3407
     574      28.4253
     575      28.4217
     576      28.3688
     577      28.3635
     578      28.3539
     579      28.3763
     580      28.4266
     581      28.3295
     582      28.4324
     583      28.3470
     584      28.4207
     585      28.5046
     586      28.4963
     587      28.5004
     588      28.5375
     589      28.5059
     590      28.5768
     591      28.5264
     592      28.4640
     593      28.4836
     594      28.3477
     595      28.5299
     596      28.5222
     597      28.3731
     598      28.4165
     599      28.4075
     600      28.3999
     601      28.5204
     602      28.4918
     603      28.3403
     604      28.4402
     605      28.3941
     606      28.4890
     607      28.4306
     608      28.3389
     609      28.4571
     610      28.4440
     611      28.3216
     612      28.3458
     613      28.2703
     614      28.3591
     615      28.3366
     616      28.2898
     617      28.3183
     618      28.2766
     619      28.2720
     620      28.2024
     621      28.1961
     622      28.2814
     623      28.2179
     624      28.2605
     625      28.2821
     626      28.1637
     627      28.2192
     628      28.2083
     629      28.1682
     630      28.1872
     631      28.1975
     632      28.1787
     633      28.1161
     634      28.1901
     635      28.1966
     636      28.2193
     637      28.1455
     638      28.2219
     639      28.3052
     640      28.2167
     641      28.2905
     642      28.3311
     643      28.2767
     644      28.2275
     645      28.1831
     646      28.2198
     647      28.2437
     648      28.2664
     649      28.3385
     650      28.2549
     651      28.3094
     652      28.3487
     653      28.2864
     654      28.2262
     655      28.3667
     656      28.2983
     657      28.2052
     658      28.1852
     659      28.1733
     660      28.2321
     661      28.3555
     662      28.2310
     663      28.3236
     664      28.1961
     665      28.1041
     666      28.2896
     667      28.2891
     668      28.2685
     669      28.3235
     670      28.2451
     671      28.3453
     672      28.4024
     673      28.2285
     674      28.2334
     675      28.1790
     676      28.3176
     677      28.2662
     678      28.3123
     679      28.3177
     680      28.2767
     681      28.2291
     682      28.3511
     683      28.3428
     684      28.2108
     685      28.2320
     686      28.1633
     687      28.2524
     688      28.2303
     689      28.1803
     690      28.2985
     691      28.3059
     692      28.3776
     693      28.2809
     694      28.3116
     695      28.2766
     696      28.2522
     697      28.3167
     698      28.3121
     699      28.2578
     700      28.3342
     701      28.3153
     702      28.3137
     703      28.2571
     704      28.4162
     705      28.4274
     706      28.3198
     707      28.2534
     708      28.2927
     709      28.2156
     710      28.2572
     711      28.2544
     712      28.2787
     713      28.3788
     714      28.3167
     715      28.3240
     716      28.2902
     717      28.4124
     718      28.4692
     719      28.3976
     720      28.4191
     721      28.4639
     722      28.2598
     723      28.2714
     724      28.2265
     725      28.3810
     726      28.2826
     727      28.2683
     728      28.2696
     729      28.2350
     730      28.3798
     731      28.3478
     732      28.3429
     733      28.3223
     734      28.3381
     735      28.3963
     736      28.3377
     737      28.4522
     738      28.3591
     739      28.3124
     740      28.3256
     741      28.3271
     742      28.3863
     743      28.3084
     744      28.3725
     745      28.3487
     746      28.4506
     747      28.3657
     748      28.4492
     749      28.2907
     750      28.3081
     751      28.3270
     752      28.3637
     753      28.3267
     754      28.1480
     755      28.2766
     756      28.1616
     757      28.3096
     758      28.2122
     759      28.2668
     760      28.2075
     761      28.2772
     762      28.1909
     763      28.1666
     764      28.1901
     765      28.1319
     766      28.1318
     767      28.2614
     768      28.2234
     769      28.1978
     770      28.1873
     771      28.1757
     772      28.1368
     773      28.1901
     774      28.1911
     775      28.2288
     776      28.2173
     777      28.1937
     778      28.2221
     779      28.1340
     780      28.1654
     781      28.2421
     782      28.2349
     783      28.1874
     784      28.2800
     785      28.1948
     786      28.2311
     787      28.2866
     788      28.1856
     789      28.2930
     790      28.1906
     791      28.2101
     792      28.1807
     793      28.2281
     794      28.1626
     795      28.0945
     796      28.2047
     797      28.1976
     798      28.1939
     799      28.2697
     800      28.2217
     801      28.2898
     802      28.3423
     803      28.3770
     804      28.3244
     805      28.3440
     806      28.2103
     807      28.2331
     808      28.1443
     809      28.1783
     810      28.1900
     811      28.2692
     812      28.1833
     813      28.2541
     814      28.1658
     815      28.2725
     816      28.3458
     817      28.2148
     818      28.1539
     819      28.1912
     820      28.1367
     821      28.1906
     822      28.1120
     823      28.1866
     824      28.3031
     825      28.2607
     826      28.1683
     827      28.1719
     828      28.1234
     829      28.1000
     830      28.1333
     831      28.0774
     832      28.1243
     833      28.1764
     834      28.2511
     835      28.2936
     836      28.2871
     837      28.3054
     838      28.3116
     839      28.3148
     840      28.3075
     841      28.3578
     842      28.3044
     843      28.2307
     844      28.3283
     845      28.2742
     846      28.2461
     847      28.2322
     848      28.1837
     849      28.1515
     850      28.1155
     851      28.1719
     852      28.2273
     853      28.1466
     854      28.1007
     855      28.1375
     856      28.1350
     857      28.2682
     858      28.2213
     859      28.2725
     860      28.2026
     861      28.2216
     862      28.1327
     863      28.2883
     864      28.2284
     865      28.2371
     866      28.2744
     867      28.3289
     868      28.2998
     869      28.2202
     870      28.1755
     871      28.1765
     872      28.2737
     873      28.2567
     874      28.1338
     875      28.1777
     876      28.2124
     877      28.2430
     878      28.2347
     879      28.2378
     880      28.2656
     881      28.2449
     882      28.1726
     883      28.1620
     884      28.2799
     885      28.2743
     886      28.2051
     887      28.2623
     888      28.2111
     889      28.2189
     890      28.2685
     891      28.1738
     892      28.2755
     893      28.2151
     894      28.2035
     895      28.2924
     896      28.3105
     897      28.2825
     898      28.2862
     899      28.2679
     900      28.1173
     901      28.2161
     902      28.2544
     903      28.2224
     904      28.2647
     905      28.2084
     906      28.3108
     907      28.1475
     908      28.1292
     909      28.1513
     910      28.1891
     911      28.2979
     912      28.1952
     913      28.2291
     914      28.2951
     915      28.3379
     916      28.3103
     917      28.2386
     918      28.2643
     919      28.2769
     920      28.2877
     921      28.2804
     922      28.3291
     923      28.3768
     924      28.1306
     925      28.2093
     926      28.2262
     927      28.2056
     928      28.3849
     929      28.2567
     930      28.2738
     931      28.1850
     932      28.2162
     933      28.1253
     934      28.2131
     935      28.2156
     936      28.2535
     937      28.2931
     938      28.1788
     939      28.2722
     940      28.2492
     941      28.2676
     942      28.2425
     943      28.3031
     944      28.3412
     945      28.2857
     946      28.2254
     947      28.2540
     948      28.1984
     949      28.2901
     950      28.3283
     951      28.2376
     952      28.2526
     953      28.2486
     954      28.3191
     955      28.2742
     956      28.2251
     957      28.2432
     958      28.3037
     959      28.3533
     960      28.3365
     961      28.2523
     962      28.2743
     963      28.2839
     964      28.1878
     965      28.3179
     966      28.2538
     967      28.2447
     968      28.2974
     969      28.3042
     970      28.3217
     971      28.3090
     972      28.1932
     973      28.2403
     974      28.1612
     975      28.3119
     976      28.2293
     977      28.3120
     978      28.2096
     979      28.3622
     980      28.1794
     981      28.2398
     982      28.2446
     983      28.3135
     984      28.2442
     985      28.3079
     986      28.3306
     987      28.4076
     988      28.2896
     989      28.2862
     990      28.3394
     991      28.3420
     992      28.3717
     993      28.3280
     994      28.3328
     995      28.4540
     996      28.3550
     997      28.2421
     998      28.2536
     999      28.2873
    1000      28.3831
    1001      28.4500
    1002      28.3379
    1003      28.4286
    1004      28.3607
    1005      28.5052
    1006      28.3903
    1007      28.4248
    1008      28.4082
    1009      28.2717
    1010      28.2215
    1011      28.1938
    1012      28.1392
    1013      28.3482
    1014      28.4188
    1015      28.3986
    1016      28.2960
    1017      28.3325
    1018      28.2603
    1019      28.2163
    1020      28.0821
    1021      28.2107
    1022      28.1698
    1023      28.1598
    1024      28.1585
    1025      28.2089
    1026      28.1010
    1027      28.1183
    1028      28.1704
    1029      28.1276
    1030      28.1629
    1031      28.1618
    1032      28.1571
    1033      28.3327
    1034      28.2509
    1035      28.2007
    1036      28.2235
    1037      28.1104
    1038      28.1982
    1039      28.3911
    1040      28.2971
    1041      28.2243
    1042      28.2196
    1043      28.2457
    1044      28.2332
    1045      28.2785
    1046      28.2748
    1047      28.2270
    1048      28.1473
    1049      28.1342
    1050      28.1401
    1051      28.1668
    1052      28.1676
    1053      28.2460
    1054      28.2013
    1055      28.1381
    1056      28.2124
    1057      28.1255
    1058      28.2563
    1059      28.2795
    1060      28.3263
    1061      28.4418
    1062      28.3681
    1063      28.3520
    1064      28.3358
    1065      28.1890
    1066      28.2767
    1067      28.1786
    1068      28.0873
    1069      28.1832
    1070      28.2344
    1071      28.2370
    1072      28.2344
    1073      28.3393
    1074      28.1943
    1075      28.0720
    1076      28.2437
    1077      28.2023
    1078      28.1279
    1079      28.2831
    1080      28.3015
    1081      28.2123
    1082      28.2218
    1083      28.2308
    1084      28.1815
    1085      28.2824
    1086      28.1791
    1087      28.2398
    1088      28.3359
    1089      28.2629
    1090      28.3202
    1091      28.2648
    1092      28.3340
    1093      28.2355
    1094      28.2343
    1095      28.2910
    1096      28.2894
    1097      28.1079
    1098      28.1490
    1099      28.1022
    1100      28.1220
    1101      28.0900
    1102      28.0982
    1103      28.0908
    1104      28.2234
    1105      28.1667
    1106      28.1694
    1107      28.1297
    1108      28.1093
    1109      28.1075
    1110      28.1263
    1111      28.1774
    1112      28.1692
    1113      28.2940
    1114      28.1342
    1115      28.1712
    1116      28.2979
    1117      28.2340
    1118      28.2053
    1119      28.2551
    1120      28.2521
    1121      28.1510
    1122      28.1698
    1123      28.1455
    1124      28.1867
    1125      28.2090
    1126      28.1653
    1127      28.2170
    1128      28.1585
    1129      28.1213
    1130      28.0655
    1131      28.2405
    1132      28.0717
    1133      28.0840
    1134      28.1659
    1135      28.0758
    1136      28.0221
    1137      28.1669
    1138      28.0807
    1139      28.1231
    1140      28.1529
    1141      28.1886
    1142      28.1895
    1143      28.1088
    1144      28.2112
    1145      28.2199
    1146      28.0556
    1147      28.2020
    1148      28.1401
    1149      28.0449
    1150      28.1198
    1151      28.1454
    1152      28.0957
    1153      28.2866
    1154      28.3127
    1155      28.2066
    1156      28.1535
    1157      28.1738
    1158      28.1150
    1159      28.0694
    1160      28.1833
    1161      28.1524
    1162      28.1605
    1163      28.1565
    1164      28.1197
    1165      28.1434
    1166      28.2176
    1167      28.1695
    1168      28.0316
    1169      28.2502
    1170      28.2496
    1171      28.2237
    1172      28.1584
    1173      28.1681
    1174      28.1357
    1175      28.1996
    1176      28.2389
    1177      28.2725
    1178      28.1825
    1179      28.0802
    1180      28.0604
    1181      28.1084
    1182      28.2015
    1183      28.0333
    1184      28.1495
    1185      28.1594
    1186      28.3275
    1187      28.3038
    1188      28.3316
    1189      28.2125
    1190      28.2323
    1191      28.1328
    1192      28.1675
    1193      28.1742
    1194      28.1402
    1195      28.1599
    1196      28.1962
    1197      28.3106
    1198      28.2341
    1199      28.2734
    1200      28.2149
    1201      28.3938
    1202      28.2144
    1203      28.1860
    1204      28.2046
    1205      28.2286
    1206      28.1834
    1207      28.1457
    1208      28.1530
    1209      28.1386
    1210      28.0657
    1211      28.0867
    1212      28.0819
    1213      28.1826
    1214      28.2328
    1215      28.2330
    1216      28.2070
    1217      28.1987
    1218      28.2182
    1219      28.3176
    1220      28.2389
    1221      28.2609
    1222      28.0819
    1223      28.1971
    1224      28.2689
    1225      28.2242
    1226      28.2181
    1227      28.2913
    1228      28.2685
    1229      28.2789
    1230      28.2356
    1231      28.2616
    1232      28.2150
    1233      28.3339
    1234      28.2216
    1235      28.2865
    1236      28.3230
    1237      28.2539
    1238      28.2731
    1239      28.2239
    1240      28.2887
    1241      28.2023
    1242      28.1725
    1243      28.2297
    1244      28.2347
    1245      28.2784
    1246      28.2614
    1247      28.1652
    1248      28.1925
    1249      28.1706
    1250      28.1774
    1251      28.2467
    1252      28.1682
    1253      28.1792
    1254      28.1488
    1255      28.2480
    1256      28.2880
    1257      28.2820
    1258      28.2715
    1259      28.3342
    1260      28.2397
    1261      28.2182
    1262      28.2640
    1263      28.1901
    1264      28.1997
    1265      28.1987
    1266      28.1597
    1267      28.2261
    1268      28.1772
    1269      28.1904
    1270      28.2261
    1271      28.1798
    1272      28.0623
    1273      28.1209
    1274      28.1171
    1275      28.1392
    1276      28.2877
    1277      28.1680
    1278      28.1806
    1279      28.1969
    1280      28.2684
    1281      28.1812
    1282      28.2034
    1283      28.3008
    1284      28.3086
    1285      28.2688
    1286      28.2093
    1287      28.1878
    1288      28.0664
    1289      28.1234
    1290      28.1063
    1291      28.2507
    1292      28.1162
    1293      28.0432
    1294      28.1637
    1295      28.0550
    1296      28.1742
    1297      28.1031
    1298      28.0859
    1299      28.1944
    1300      28.2041
    1301      28.2154
    1302      28.2946
    1303      28.2658
    1304      28.3542
    1305      28.3620
    1306      28.2155
    1307      28.1769
    1308      28.1422
    1309      28.1880
    1310      28.2110
    1311      28.1669
    1312      28.1555
    1313      28.1867
    1314      28.1614
    1315      28.0751
    1316      28.0768
    1317      28.0570
    1318      28.0644
    1319      28.1708
    1320      28.1050
    1321      28.0282
    1322      28.1037
    1323      28.1338
    1324      28.1149
    1325      28.0769
    1326      28.2031
    1327      28.1203
    1328      28.1671
    1329      28.1124
    1330      28.0770
    1331      28.1364
    1332      28.1708
    1333      28.1983
    1334      28.1473
    1335      28.0509
    1336      28.0798
    1337      28.0328
    1338      28.0951
    1339      28.0382
    1340      28.0080
    1341      28.1012
    1342      28.0996
    1343      28.1233
    1344      28.1596
    1345      28.1570
    1346      28.0910
    1347      28.0845
    1348      28.0596
    1349      28.1424
    1350      28.0277
    1351      28.1514
    1352      28.2182
    1353      28.1325
    1354      28.1716
    1355      28.1340
    1356      28.0980
    1357      28.1632
    1358      28.1043
    1359      28.1641
    1360      28.1788
    1361      28.0533
    1362      28.1602
    1363      28.0848
    1364      28.0702
    1365      28.1565
    1366      28.1640
    1367      28.1748
    1368      28.1474
    1369      28.2110
    1370      28.2352
    1371      28.2449
    1372      28.2030
    1373      28.1701
    1374      28.2580
    1375      28.2123
    1376      28.1597
    1377      28.1567
    1378      28.2409
    1379      28.3440
    1380      28.1811
    1381      28.2138
    1382      28.2043
    1383      28.0467
    1384      28.1702
    1385      28.1362
    1386      28.1617
    1387      28.1666
    1388      28.1337
    1389      28.0597
    1390      28.0943
    1391      28.1247
    1392      28.0942
    1393      28.1042
    1394      28.1736
    1395      28.1419
    1396      28.1364
    1397      28.0949
    1398      28.2400
    1399      28.1363
    1400      28.2061
    1401      28.1616
    1402      28.2146
    1403      28.0488
    1404      28.0802
    1405      28.1093
    1406      28.1202
    1407      28.2360
    1408      28.3054
    1409      28.2170
    1410      28.2422
    1411      28.1492
    1412      28.1715
    1413      28.1536
    1414      28.1491
    1415      28.0985
    1416      28.1251
    1417      28.0404
    1418      28.1360
    1419      28.0901
    1420      28.0729
    1421      28.1371
    1422      28.1489
    1423      28.1491
    1424      28.1010
    1425      28.1079
    1426      28.1512
    1427      28.2385
    1428      28.1388
    1429      28.1146
    1430      28.0996
    1431      28.0944
    1432      28.0921
    1433      28.2509
    1434      28.1523
    1435      28.1999
    1436      28.2857
    1437      28.1291
    1438      28.1751
    1439      28.2191
    1440      28.1443
    1441      28.1972
    1442      28.2032
    1443      28.1693
    1444      28.1390
    1445      28.3067
    1446      28.2142
    1447      28.2239
    1448      28.1512
    1449      28.1918
    1450      28.2896
    1451      28.1581
    1452      28.2777
    1453      28.2469
    1454      28.0993
    1455      28.1334
    1456      28.2559
    1457      28.1855
    1458      28.1884
    1459      28.1921
    1460      28.1613
    1461      28.1821
    1462      28.2002
    1463      28.1556
    1464      28.2089
    1465      28.0860
    1466      28.1081
    1467      28.2686
    1468      28.2715
    1469      28.1668
    1470      28.2616
    1471      28.0378
    1472      28.1357
    1473      28.0771
    1474      28.1407
    1475      28.1528
    1476      28.2329
    1477      28.1373
    1478      28.1299
    1479      28.0643
    1480      28.2054
    1481      28.1086
    1482      28.2145
    1483      28.2807
    1484      28.2987
    1485      28.1927
    1486      28.2575
    1487      28.1995
    1488      28.1479
    1489      28.1586
    1490      28.1189
    1491      28.3138
    1492      28.2413
    1493      28.1771
    1494      28.2083
    1495      28.2712
    1496      28.2045
    1497      28.3310
    1498      28.2296
    1499      28.1928
    1500      28.2221
    1501      28.2775
    1502      28.3696
    1503      28.3388
    1504      28.3567
    1505      28.2216
    1506      28.1670
    1507      28.2735
    1508      28.1843
    1509      28.1633
    1510      28.2810
    1511      28.2319
    1512      28.3394
    1513      28.3233
    1514      28.2361
    1515      28.3381
    1516      28.2631
    1517      28.2749
    1518      28.2849
    1519      28.2078
    1520      28.2141
    1521      28.1656
    1522      28.2227
    1523      28.2991
    1524      28.2055
    1525      28.2621
    1526      28.2936
    1527      28.3466
    1528      28.2390
    1529      28.2012
    1530      28.1759
    1531      28.2984
    1532      28.2674
    1533      28.2106
    1534      28.2415
    1535      28.1025
    1536      28.1174
    1537      28.2327
    1538      28.1622
    1539      28.1192
    1540      28.0045
    1541      28.1149
    1542      28.0937
    1543      28.2005
    1544      28.0320
    1545      28.0954
    1546      28.0157
    1547      28.1361
    1548      28.1211
    1549      28.0998
    1550      28.1656
    1551      28.0683
    1552      28.1927
    1553      28.2413
    1554      28.0973
    1555      28.1136
    1556      28.0958
    1557      28.0942
    1558      28.0132
    1559      28.0148
    1560      28.0756
    1561      28.1239
    1562      28.0491
    1563      28.0291
    1564      28.0928
    1565      28.0176
    1566      28.1012
    1567      28.1612
    1568      28.1994
    1569      28.1525
    1570      28.2175
    1571      28.3066
    1572      28.1825
    1573      28.2233
    1574      28.2373
    1575      28.1161
    1576      28.1536
    1577      28.1475
    1578      28.1258
    1579      28.1281
    1580      28.1148
    1581      28.0565
    1582      28.0732
    1583      28.1243
    1584      27.9723
    1585      28.1121
    1586      28.0994
    1587      28.1356
    1588      28.2408
    1589      28.2352
    1590      28.2640
    1591      28.1932
    1592      28.2031
    1593      28.2976
    1594      28.2025
    1595      28.0308
    1596      28.0450
    1597      27.9718
    1598      28.0028
    1599      28.0644
    1600      28.1240
    1601      28.1108
    1602      28.1193
    1603      28.1021
    1604      28.0205
    1605      27.9988
    1606      28.0640
    1607      27.9915
    1608      27.9687
    1609      28.0463
    1610      28.1303
    1611      28.1085
    1612      28.1961
    1613      28.1498
    1614      28.1192
    1615      28.0986
    1616      28.1635
    1617      28.1261
    1618      28.1545
    1619      28.1662
    1620      28.1401
    1621      28.0565
    1622      28.1453
    1623      28.1028
    1624      28.1057
    1625      28.2018
    1626      28.1100
    1627      28.2791
    1628      28.1861
    1629      28.1829
    1630      28.1730
    1631      28.1797
    1632      28.0659
    1633      28.0350
    1634      28.0741
    1635      28.0381
    1636      28.0340
    1637      28.0613
    1638      28.0425
    1639      28.1094
    1640      27.9759
    1641      27.9933
    1642      28.0823
    1643      28.1719
    1644      28.1697
    1645      28.2213
    1646      28.1799
    1647      28.2257
    1648      28.1515
    1649      28.2092
    1650      28.0827
    1651      28.1827
    1652      28.1371
    1653      28.1223
    1654      28.1929
    1655      28.1357
    1656      28.0896
    1657      28.0621
    1658      28.1132
    1659      28.0852
    1660      28.0483
    1661      28.0804
    1662      28.0544
    1663      28.0892
    1664      28.0579
    1665      28.0200
    1666      27.9400
    1667      27.9623
    1668      28.1766
    1669      28.1546
    1670      28.2135
    1671      28.2532
    1672      28.3012
    1673      28.2853
    1674      28.1633
    1675      28.1603
    1676      28.3176
    1677      28.2863
    1678      28.3617
    1679      28.3367
    1680      28.1673
    1681      28.0558
    1682      28.1298
    1683      28.1529
    1684      28.1254
    1685      28.1443
    1686      28.1300
    1687      28.0666
    1688      28.1604
    1689      28.2116
    1690      28.2548
    1691      28.2353
    1692      28.2239
    1693      28.3468
    1694      28.4167
    1695      28.4200
    1696      28.4975
    1697      28.3925
    1698      28.4172
    1699      28.4481
    1700      28.4446
    1701      28.3098
    1702      28.3202
    1703      28.2794
    1704      28.3128
    1705      28.1921
    1706      28.4072
    1707      28.3078
    1708      28.3511
    1709      28.3172
    1710      28.2362
    1711      28.2629
    1712      28.2427
    1713      28.1470
    1714      28.1681
    1715      28.2062
    1716      28.2377
    1717      28.1830
    1718      28.1395
    1719      28.2306
    1720      28.1510
    1721      28.2503
    1722      28.2361
    1723      28.2158
    1724      28.2748
    1725      28.2567
    1726      28.3037
    1727      28.2365
    1728      28.2731
    1729      28.1866
    1730      28.2296
    1731      28.2340
    1732      28.1746
    1733      28.2219
    1734      28.3286
    1735      28.2774
    1736      28.2213
    1737      28.3045
    1738      28.2725
    1739      28.2662
    1740      28.1964
    1741      28.1529
    1742      28.1787
    1743      28.2080
    1744      28.2086
    1745      28.2739
    1746      28.2066
    1747      28.2401
    1748      28.2347
    1749      28.2683
    1750      28.2585
    1751      28.2618
    1752      28.3545
    1753      28.3337
    1754      28.2823
    1755      28.2067
    1756      28.3043
    1757      28.2201
    1758      28.2584
    1759      28.2314
    1760      28.2357
    1761      28.2647
    1762      28.1990
    1763      28.2177
    1764      28.1058
    1765      28.0759
    1766      28.0603
    1767      28.1415
    1768      28.1851
    1769      28.2113
    1770      28.2685
    1771      28.2160
    1772      28.1862
    1773      28.1106
    1774      28.1364
    1775      28.2173
    1776      28.2324
    1777      28.1655
    1778      28.1291
    1779      28.1127
    1780      28.2076
    1781      28.2021
    1782      28.1813
    1783      28.2058
    1784      28.2946
    1785      28.0865
    1786      28.2548
    1787      28.1640
    1788      28.1454
    1789      28.0588
    1790      28.0967
    1791      28.1089
    1792      28.0928
    1793      28.1631
    1794      28.0770
    1795      28.0839
    1796      28.0936
    1797      28.1561
    1798      28.1082
    1799      28.1087
    1800      28.0631
    1801      27.9622
    1802      28.0416
    1803      28.0647
    1804      28.0717
    1805      28.0006
    1806      28.0434
    1807      28.1210
    1808      28.1451
    1809      28.0365
    1810      28.1608
    1811      28.0473
    1812      28.0798
    1813      28.1721
    1814      28.1171
    1815      28.1280
    1816      28.1336
    1817      28.1723
    1818      28.1686
    1819      28.1036
    1820      28.1529
    1821      28.0702
    1822      28.1642
    1823      28.1060
    1824      28.0843
    1825      28.1371
    1826      28.0039
    1827      28.0418
    1828      28.0206
    1829      27.9969
    1830      27.9950
    1831      28.0071
    1832      28.0410
    1833      28.0348
    1834      27.9704
    1835      28.0259
    1836      28.1778
    1837      28.0498
    1838      28.1225
    1839      28.0918
    1840      28.0808
    1841      28.0767
    1842      28.0338
    1843      28.0049
    1844      27.9836
    1845      28.0416
    1846      28.1179
    1847      28.0447
    1848      28.1619
    1849      28.0460
    1850      28.0860
    1851      28.0244
    1852      28.1835
    1853      28.1188
    1854      28.1474
    1855      28.0936
    1856      28.0179
    1857      28.0743
    1858      28.0886
    1859      28.1156
    1860      28.1363
    1861      28.1076
    1862      28.1002
    1863      28.1939
    1864      28.1984
    1865      28.1384
    1866      28.2072
    1867      28.1366
    1868      28.1692
    1869      28.2224
    1870      28.1780
    1871      28.2201
    1872      28.2271
    1873      28.1409
    1874      28.2095
    1875      28.2315
    1876      28.1533
    1877      28.2495
    1878      28.2766
    1879      28.1748
    1880      28.3090
    1881      28.3734
    1882      28.1931
    1883      28.2521
    1884      28.1530
    1885      28.1824
    1886      28.0645
    1887      28.2124
    1888      28.2186
    1889      28.1911
    1890      28.2066
    1891      28.2936
    1892      28.2821
    1893      28.2208
    1894      28.1998
    1895      28.2111
    1896      28.1495
    1897      28.1866
    1898      28.1754
    1899      28.1925
    1900      28.2122
    1901      28.1608
    1902      28.1510
    1903      28.2218
    1904      28.3058
    1905      28.2305
    1906      28.2149
    1907      28.2549
    1908      28.2177
    1909      28.2000
    1910      28.1853
    1911      28.2052
    1912      28.2687
    1913      28.1862
    1914      28.3207
    1915      28.3094
    1916      28.2164
    1917      28.1918
    1918      28.2658
    1919      28.1183
    1920      28.1400
    1921      28.1559
    1922      28.2026
    1923      28.1753
    1924      28.0519
    1925      28.1329
    1926      28.1229
    1927      28.1835
    1928      28.1741
    1929      28.1635
    1930      28.2065
    1931      28.1606
    1932      28.1510
    1933      28.1506
    1934      28.1749
    1935      28.1897
    1936      28.1076
    1937      28.0629
    1938      28.1280
    1939      28.1035
    1940      28.1741
    1941      28.0719
    1942      28.2410
    1943      28.1207
    1944      28.1077
    1945      28.1557
    1946      28.2404
    1947      28.1785
    1948      28.1733
    1949      28.0874
    1950      28.1507
    1951      28.1482
    1952      28.2657
    1953      28.1733
    1954      28.1717
    1955      28.0916
    1956      28.1669
    1957      28.1499
    1958      28.2395
    1959      28.2272
    1960      28.2454
    1961      28.1270
    1962      28.2239
    1963      28.1587
    1964      28.1768
    1965      28.2456
    1966      28.1387
    1967      28.0996
    1968      28.0725
    1969      27.9968
    1970      28.1599
    1971      28.0803
    1972      28.1969
    1973      28.1367
    1974      28.1566
    1975      28.1928
    1976      28.1772
    1977      28.2555
    1978      28.1924
    1979      28.0363
    1980      28.1070
    1981      28.0826
    1982      28.0117
    1983      28.0920
    1984      28.1328
    1985      28.1360
    1986      28.2175
    1987      28.2122
    1988      28.1762
    1989      28.0001
    1990      28.1042
    1991      28.1218
    1992      28.1267
    1993      28.1741
    1994      28.2186
    1995      28.1186
    1996      28.1122
    1997      28.2118
    1998      28.1997
    1999      28.1809
    2000      28.1852
    2001      28.0957
    2002      28.0897
    2003      28.1998
    2004      28.0082
    2005      28.0560
    2006      28.0713
    2007      28.0457
    2008      28.0947
    2009      28.1077
    2010      28.1272
    2011      28.0888
    2012      28.0693
    2013      28.0974
    2014      28.2447
    2015      28.1658
    2016      28.1893
    2017      28.2275
    2018      28.1331
    2019      28.1479
    2020      28.0652
    2021      28.1211
    2022      28.0881
    2023      27.9487
    2024      28.0464
    2025      28.0385
    2026      28.0580
    2027      28.0765
    2028      28.1115
    2029      28.1871
    2030      28.2287
    2031      28.1296
    2032      28.0666
    2033      28.0800
    2034      27.9598
    2035      28.0524
    2036      28.0923
    2037      28.2781
    2038      28.2918
    2039      28.1874
    2040      28.1222
    2041      28.1025
    2042      28.1809
    2043      28.0275
    2044      28.1136
    2045      28.0729
    2046      28.1180
    2047      28.1354
    2048      28.1195
    2049      28.0964
    2050      28.0941
    2051      28.1434
    2052      28.1926
    2053      28.1219
    2054      28.2286
    2055      27.9749
    2056      28.0437
    2057      28.0684
    2058      28.0955
    2059      28.0912
    2060      28.0038
    2061      28.2034
    2062      28.0703
    2063      28.1169
    2064      28.1243
    2065      28.1703
    2066      28.1521
    2067      28.0920
    2068      28.2993
    2069      28.2044
    2070      28.2102
    2071      28.2867
    2072      28.2017
    2073      28.2118
    2074      28.0739
    2075      28.0661
    2076      28.0485
    2077      28.1781
    2078      28.0817
    2079      28.1202
    2080      28.1584
    2081      28.2862
    2082      28.3367
    2083      28.2306
    2084      28.2226
    2085      28.2904
    2086      28.2348
    2087      28.2287
    2088      28.1866
    2089      28.0887
    2090      28.2309
    2091      28.2186
    2092      28.2608
    2093      28.1815
    2094      28.2205
    2095      28.2298
    2096      28.1571
    2097      28.1907
    2098      28.2659
    2099      28.1061
    2100      28.1661
    2101      28.1729
    2102      28.2851
    2103      28.3509
    2104      28.3783
    2105      28.3490
    2106      28.2475
    2107      28.1507
    2108      28.2337
    2109      28.2674
    2110      28.2598
    2111      28.1820
    2112      28.1905
    2113      28.2995
    2114      28.3244
    2115      28.1537
    2116      28.2571
    2117      28.2761
    2118      28.2081
    2119      28.2299
    2120      28.2741
    2121      28.3578
    2122      28.3818
    2123      28.3652
    2124      28.3369
    2125      28.4133
    2126      28.3483
    2127      28.3903
    2128      28.3401
    2129      28.3991
    2130      28.3684
    2131      28.2815
    2132      28.2949
    2133      28.2624
    2134      28.2421
    2135      28.2455
    2136      28.2811
    2137      28.2775
    2138      28.4062
    2139      28.4955
    2140      28.3466
    2141      28.4298
    2142      28.4194
    2143      28.3436
    2144      28.4337
    2145      28.3701
    2146      28.3724
    2147      28.3922
    2148      28.3618
    2149      28.3571
    2150      28.3605
    2151      28.4207
    2152      28.3260
    2153      28.4952
    2154      28.3107
    2155      28.2213
    2156      28.1568
    2157      28.2380
    2158      28.2340
    2159      28.2719
    2160      28.2295
    2161      28.1443
    2162      28.1871
    2163      28.2942
    2164      28.1064
    2165      28.3301
    2166      28.3123
    2167      28.2782
    2168      28.2921
    2169      28.2072
    2170      28.1880
    2171      28.2199
    2172      28.3024
    2173      28.2608
    2174      28.1722
    2175      28.2321
    2176      28.1873
    2177      28.2132
    2178      28.2622
    2179      28.2388
    2180      28.2672
    2181      28.3765
    2182      28.4413
    2183      28.2194
    2184      28.2645
    2185      28.2214
    2186      28.2538
    2187      28.2771
    2188      28.2737
    2189      28.2279
    2190      28.3233
    2191      28.3423
    2192      28.2963
    2193      28.2511
    2194      28.1972
    2195      28.1568
    2196      28.0632
    2197      28.1862
    2198      28.0962
    2199      28.1394
    2200      28.1359
    2201      28.1191
    2202      28.0666
    2203      28.0156
    2204      28.1366
    2205      28.0714
    2206      28.0288
    2207      28.0970
    2208      28.0401
    2209      28.0596
    2210      28.0379
    2211      28.0896
    2212      28.0591
    2213      28.2105
    2214      28.1645
    2215      28.1457
    2216      28.1562
    2217      28.1171
    2218      28.1253
    2219      28.1264
    2220      28.1126
    2221      28.0886
    2222      28.2161
    2223      28.1623
    2224      28.0513
    2225      28.1994
    2226      28.0448
    2227      28.0689
    2228      28.2008
    2229      28.1743
    2230      28.0174
    2231      28.0940
    2232      28.0631
    2233      28.0565
    2234      28.0895
    2235      27.9987
    2236      28.0429
    2237      27.9834
    2238      28.0203
    2239      27.9625
    2240      28.0601
    2241      28.1107
    2242      28.1152
    2243      28.1462
    2244      28.1197
    2245      28.0942
    2246      28.0660
    2247      28.1324
    2248      28.0996
    2249      28.0751
    2250      28.1050
    2251      28.0819
    2252      28.1142
    2253      28.0689
    2254      28.0794
    2255      28.1192
    2256      28.0486
    2257      28.0759
    2258      28.1160
    2259      28.0355
    2260      28.1648
    2261      28.0511
    2262      28.0397
    2263      28.0452
    2264      28.0586
    2265      27.9944
    2266      28.0977
    2267      28.0553
    2268      28.0196
    2269      28.1048
    2270      28.1077
    2271      28.1175
    2272      28.0095
    2273      27.9444
    2274      28.0165
    2275      27.9966
    2276      28.1026
    2277      28.1075
    2278      28.1272
    2279      28.1115
    2280      28.0599
    2281      28.2360
    2282      28.1989
    2283      28.2068
    2284      28.1823
    2285      28.1765
    2286      28.1225
    2287      28.1727
    2288      28.1414
    2289      28.1935
    2290      28.1902
    2291      28.1289
    2292      28.1447
    2293      28.0997
    2294      28.1163
    2295      28.0971
    2296      28.1467
    2297      28.1816
    2298      28.0796
    2299      28.0259
    2300      28.1457
    2301      28.0217
    2302      28.1491
    2303      28.0550
    2304      28.1935
    2305      28.1519
    2306      28.1214
    2307      28.0693
    2308      28.0722
    2309      28.1169
    2310      28.2178
    2311      28.2335
    2312      28.1954
    2313      28.1253
    2314      28.1196
    2315      28.0314
    2316      28.1080
    2317      28.0504
    2318      27.9574
    2319      28.1179
    2320      28.0036
    2321      28.1146
    2322      28.0072
    2323      28.1962
    2324      28.0565
    2325      27.9963
    2326      28.0171
    2327      28.1100
    2328      28.1562
    2329      28.1057
    2330      28.1489
    2331      28.1543
    2332      28.0891
    2333      28.1334
    2334      28.1744
    2335      28.1290
    2336      28.0992
    2337      28.1999
    2338      28.1585
    2339      28.1010
    2340      28.2032
    2341      28.1273
    2342      28.0704
    2343      28.1221
    2344      28.0441
    2345      28.1136
    2346      28.0427
    2347      28.0254
    2348      28.1192
    2349      28.1286
    2350      28.0802
    2351      28.1394
    2352      28.0205
    2353      27.9879
    2354      28.0991
    2355      28.0449
    2356      28.0326
    2357      28.0912
    2358      27.9746
    2359      28.0489
    2360      27.9482
    2361      28.0421
    2362      27.9528
    2363      27.9555
    2364      27.9062
    2365      27.9160
    2366      27.9555
    2367      27.8626
    2368      27.9352
    2369      27.9239
    2370      27.9530
    2371      27.9590
    2372      27.9851
    2373      28.0179
    2374      27.9502
    2375      27.9846
    2376      28.0719
    2377      28.1106
    2378      28.1037
    2379      28.1019
    2380      27.9545
    2381      28.0202
    2382      28.0247
    2383      28.0535
    2384      28.1450
    2385      28.1791
    2386      28.1588
    2387      28.0962
    2388      28.1410
    2389      28.1135
    2390      28.1406
    2391      28.0897
    2392      28.0525
    2393      28.1174
    2394      28.1494
    2395      28.1607
    2396      28.1940
    2397      28.1267
    2398      28.1739
    2399      28.1786
    2400      28.1855
    2401      28.0528
    2402      28.0599
    2403      28.1607
    2404      28.2117
    2405      28.1293
    2406      28.1055
    2407      28.2821
    2408      28.1318
    2409      28.1760
    2410      28.2823
    2411      28.2474
    2412      28.3776
    2413      28.2818
    2414      28.3222
    2415      28.2046
    2416      28.2378
    2417      28.3713
    2418      28.3121
    2419      28.3561
    2420      28.2457
    2421      28.2681
    2422      28.2015
    2423      28.1581
    2424      28.1622
    2425      28.0188
    2426      28.1265
    2427      28.1507
    2428      28.2014
    2429      28.1787
    2430      28.2100
    2431      28.2539
    2432      28.2439
    2433      28.2908
    2434      28.2773
    2435      28.2658
    2436      28.3370
    2437      28.3046
    2438      28.1920
    2439      28.2597
    2440      28.2469
    2441      28.2949
    2442      28.2027
    2443      28.2474
    2444      28.2206
    2445      28.0705
    2446      28.2877
    2447      28.2087
    2448      28.1636
    2449      28.1352
    2450      28.1608
    2451      28.0860
    2452      28.2332
    2453      28.2876
    2454      28.2829
    2455      28.2059
    2456      28.3332
    2457      28.1725
    2458      28.0980
    2459      28.1307
    2460      28.1930
    2461      28.1133
    2462      28.1756
    2463      28.1003
    2464      28.1740
    2465      28.2135
    2466      28.2179
    2467      28.1278
    2468      28.2709
    2469      28.1682
    2470      28.2281
    2471      28.1655
    2472      28.0658
    2473      28.1392
    2474      28.1806
    2475      28.0264
    2476      28.1098
    2477      28.0046
    2478      28.0464
    2479      28.0769
    2480      28.1080
    2481      28.1407
    2482      28.0023
    2483      28.0465
    2484      28.0114
    2485      28.1103
    2486      28.0958
    2487      28.0935
    2488      28.0643
    2489      28.1009
    2490      28.1162
    2491      28.0296
    2492      28.1052
    2493      28.3059
    2494      28.1156
    2495      28.1600
    2496      28.2799
    2497      28.3407
    2498      28.1946
    2499      28.0773
    2500      28.0989
    2501      28.0168
    2502      28.1251
    2503      28.1370
    2504      28.1343
    2505      28.0903
    2506      28.1603
    2507      28.0850
    2508      28.0412
    2509      28.0743
    2510      28.1619
    2511      28.0237
    2512      28.0156
    2513      28.0396
    2514      27.9917
    2515      28.1186
    2516      27.9945
    2517      28.0780
    2518      27.9490
    2519      28.0367
    2520      28.0343
    2521      28.0001
    2522      28.1139
    2523      28.1294
    2524      28.1305
    2525      28.1364
    2526      28.1240
    2527      28.0933
    2528      28.1532
    2529      28.2219
    2530      28.1806
    2531      28.1223
    2532      28.0507
    2533      28.2087
    2534      28.2584
    2535      28.1809
    2536      28.1364
    2537      27.9986
    2538      28.0966
    2539      28.1209
    2540      28.1831
    2541      28.2569
    2542      28.1172
    2543      28.1906
    2544      28.1898
    2545      28.1985
    2546      28.2984
    2547      28.2691
    2548      28.1928
    2549      28.2461
    2550      28.2408
    2551      28.1410
    2552      28.2301
    2553      28.1388
    2554      28.2820
    2555      28.1835
    2556      28.2434
    2557      28.2266
    2558      28.3132
    2559      28.1251
    2560      28.2109
    2561      28.1649
    2562      28.2418
    2563      28.2333
    2564      28.2949
    2565      28.1966
    2566      28.3193
    2567      28.2985
    2568      28.3420
    2569      28.2447
    2570      28.0797
    2571      28.2128
    2572      28.1208
    2573      28.1990
    2574      28.1218
    2575      28.1421
    2576      28.1224
    2577      28.2065
    2578      28.1904
    2579      28.2372
    2580      28.2358
    2581      28.1394
    2582      28.2441
    2583      28.2306
    2584      28.1640
    2585      28.1728
    2586      28.1791
    2587      28.2657
    2588      28.1460
    2589      28.2473
    2590      28.2452
    2591      28.1980
    2592      28.2759
    2593      28.0582
    2594      28.1196
    2595      28.1315
    2596      28.1588
    2597      28.1515
    2598      28.1537
    2599      28.0783
    2600      28.1585
    2601      28.1338
    2602      28.1620
    2603      28.1785
    2604      28.1224
    2605      28.1163
    2606      28.1432
    2607      28.1028
    2608      28.1558
    2609      28.1982
    2610      28.1882
    2611      28.1588
    2612      28.1999
    2613      28.2031
    2614      28.1846
    2615      28.1948
    2616      28.1800
    2617      28.2317
    2618      28.1623
    2619      28.1306
    2620      28.1596
    2621      28.2095
    2622      28.2285
    2623      28.2687
    2624      28.2051
    2625      28.1855
    2626      28.0992
    2627      28.1955
    2628      28.2177
    2629      28.1404
    2630      28.0997
    2631      28.1278
    2632      28.1174
    2633      28.1368
    2634      28.1472
    2635      28.0451
    2636      28.0237
    2637      28.1034
    2638      28.0304
    2639      27.9864
    2640      28.1119
    2641      28.0458
    2642      28.0836
    2643      28.0536
    2644      28.1218
    2645      28.0911
    2646      28.0762
    2647      28.0668
    2648      28.1176
    2649      28.0848
    2650      28.1644
    2651      28.1333
    2652      28.1138
    2653      28.1646
    2654      28.1073
    2655      28.0108
    2656      27.9671
    2657      28.1607
    2658      28.1425
    2659      28.1466
    2660      28.2333
    2661      28.1770
    2662      28.2290
    2663      28.1566
    2664      28.1290
    2665      28.0579
    2666      28.1242
    2667      28.1452
    2668      28.0995
    2669      28.1403
    2670      28.1777
    2671      28.1519
    2672      28.1248
    2673      28.1645
    2674      28.1340
    2675      28.1593
    2676      28.2578
    2677      28.1937
    2678      28.2021
    2679      28.2107
    2680      28.2105
    2681      28.1442
    2682      28.2028
    2683      28.1911
    2684      28.1119
    2685      28.2601
    2686      28.2545
    2687      28.1320
    2688      28.3471
    2689      28.2349
    2690      28.2596
    2691      28.2514
    2692      28.2502
    2693      28.2890
    2694      28.2918
    2695      28.1674
    2696      28.1203
    2697      28.2785
    2698      28.1783
    2699      28.1252
    2700      28.2129
    2701      28.2439
    2702      28.1665
    2703      28.1633
    2704      28.1604
    2705      28.1689
    2706      28.1984
    2707      28.1835
    2708      28.1935
    2709      28.1221
    2710      28.1935
    2711      28.0968
    2712      28.2160
    2713      28.2233
    2714      28.1010
    2715      28.1726
    2716      28.1198
    2717      28.0890
    2718      28.0647
    2719      28.0934
    2720      28.0949
    2721      28.0899
    2722      28.1553
    2723      28.0646
    2724      28.1344
    2725      28.0924
    2726      28.0853
    2727      28.1355
    2728      28.0695
    2729      28.1695
    2730      28.0816
    2731      28.1286
    2732      28.2152
    2733      28.2584
    2734      28.2048
    2735      28.2735
    2736      28.2018
    2737      28.2012
    2738      28.1252
    2739      28.1993
    2740      28.1245
    2741      28.2142
    2742      28.2553
    2743      28.1746
    2744      28.1593
    2745      28.2024
    2746      28.1241
    2747      28.1954
    2748      28.1875
    2749      28.1392
    2750      28.2084
    2751      28.1146
    2752      28.2436
    2753      28.1705
    2754      28.1762
    2755      28.1523
    2756      27.9838
    2757      27.9958
    2758      28.1186
    2759      28.1159
    2760      28.2744
    2761      28.1036
    2762      28.1136
    2763      28.1384
    2764      28.1147
    2765      28.2089
    2766      28.2037
    2767      28.1536
    2768      28.2288
    2769      28.1077
    2770      28.0675
    2771      28.0615
    2772      28.1026
    2773      28.0689
    2774      28.0643
    2775      28.0358
    2776      28.0772
    2777      28.0820
    2778      28.0508
    2779      28.0357
    2780      28.1274
    2781      28.0642
    2782      28.0604
    2783      28.0517
    2784      28.1836
    2785      28.1189
    2786      28.0489
    2787      28.1494
    2788      28.0792
    2789      28.0672
    2790      28.0766
    2791      28.0327
    2792      28.0587
    2793      27.9552
    2794      28.0328
    2795      28.0412
    2796      28.0417
    2797      28.1377
    2798      28.1764
    2799      28.1067
    2800      28.0826
    2801      28.1327
    2802      28.1300
    2803      28.0103
    2804      28.0573
    2805      27.9430
    2806      28.1011
    2807      28.1249
    2808      28.0769
    2809      27.9749
    2810      27.9672
    2811      27.9080
    2812      27.9902
    2813      27.9017
    2814      27.9454
    2815      28.0123
    2816      28.0242
    2817      28.0171
    2818      28.1101
    2819      28.0889
    2820      27.9376
    2821      28.0252
    2822      28.1342
    2823      28.1539
    2824      28.0584
    2825      28.1113
    2826      28.0461
    2827      28.0216
    2828      27.9753
    2829      28.1076
    2830      28.1212
    2831      28.0900
    2832      28.1637
    2833      28.1339
    2834      28.1187
    2835      28.2002
    2836      28.0470
    2837      28.0221
    2838      28.1087
    2839      28.1530
    2840      28.0951
    2841      28.1550
    2842      28.1949
    2843      28.1997
    2844      28.1624
    2845      28.1601
    2846      28.0464
    2847      28.1039
    2848      28.0336
    2849      28.0816
    2850      28.1117
    2851      28.0900
    2852      28.1436
    2853      28.2037
    2854      28.1704
    2855      28.1864
    2856      28.2185
    2857      28.2577
    2858      28.3140
    2859      28.2024
    2860      28.1694
    2861      28.1891
    2862      28.1272
    2863      28.1140
    2864      28.1786
    2865      28.1641
    2866      28.1267
    2867      28.1823
    2868      28.2343
    2869      28.0074
    2870      28.1658
    2871      28.1519
    2872      28.2561
    2873      28.1304
    2874      28.1417
    2875      28.1997
    2876      28.1973
    2877      28.2285
    2878      28.2544
    2879      28.1718
    2880      28.1990
    2881      28.2292
    2882      28.2480
    2883      28.1610
    2884      28.1565
    2885      28.1025
    2886      28.1413
    2887      28.0887
    2888      28.0851
    2889      28.0685
    2890      28.0955
    2891      28.2525
    2892      28.2151
    2893      28.1559
    2894      28.1585
    2895      28.1644
    2896      28.2912
    2897      28.1514
    2898      28.2220
    2899      28.1553
    2900      28.2317
    2901      28.1810
    2902      28.1254
    2903      28.1351
    2904      28.2409
    2905      28.2300
    2906      28.2261
    2907      28.2658
    2908      28.2884
    2909      28.2482
    2910      28.2427
    2911      28.0793
    2912      28.2225
    2913      28.1936
    2914      28.2755
    2915      28.3210
    2916      28.2774
    2917      28.2425
    2918      28.2583
    2919      28.2395
    2920      28.1855
    2921      28.1102
    2922      28.1403
    2923      28.3136
    2924      28.3450
    2925      28.3651
    2926      28.3079
    2927      28.3039
    2928      28.3748
    2929      28.3764
    2930      28.3268
    2931      28.3417
    2932      28.3133
    2933      28.3273
    2934      28.2700
    2935      28.2827
    2936      28.2146
    2937      28.2640
    2938      28.1894
    2939      28.2815
    2940      28.3560
    2941      28.3171
    2942      28.2281
    2943      28.2980
    2944      28.2772
    2945      28.2317
    2946      28.3239
    2947      28.2980
    2948      28.2495
    2949      28.3158
    2950      28.3293
    2951      28.1740
    2952      28.2369
    2953      28.3060
    2954      28.1276
    2955      28.2042
    2956      28.2563
    2957      28.3152
    2958      28.1601
    2959      28.2041
    2960      28.1554
    2961      28.1608
    2962      28.2444
    2963      28.1680
    2964      28.1780
    2965      28.1547
    2966      28.1060
    2967      28.0980
    2968      28.0998
    2969      28.1261
    2970      28.1509
    2971      28.1256
    2972      28.0599
    2973      28.0861
    2974      28.1125
    2975      28.1022
    2976      28.1557
    2977      28.2315
    2978      28.1409
    2979      28.2100
    2980      28.0533
    2981      28.2205
    2982      28.2492
    2983      28.1576
    2984      28.1755
    2985      28.1560
    2986      28.1306
    2987      28.0234
    2988      28.0022
    2989      27.9683
    2990      27.8857
    2991      27.8398
    2992      27.9979
    2993      28.0168
    2994      28.0612
    2995      27.9834
    2996      28.0565
    2997      28.0819
    2998      28.1277
    2999      28.1335
    3000      27.9976
    3001      27.9945
    3002      28.0766
    3003      28.0919
    3004      28.1318
    3005      28.1963
    3006      28.2644
    3007      28.1560
    3008      28.1939
    3009      28.2628
    3010      28.1356
    3011      28.0996
    3012      28.0750
    3013      28.1230
    3014      28.0943
    3015      28.0949
    3016      28.1021
    3017      28.1308
    3018      28.0725
    3019      27.9859
    3020      28.0561
    3021      28.1390
    3022      28.0684
    3023      28.0235
    3024      28.1380
    3025      28.0830
    3026      28.1473
    3027      28.0912
    3028      28.1593
    3029      28.1822
    3030      28.1831
    3031      28.2690
    3032      28.1981
    3033      28.2474
    3034      28.2287
    3035      28.1099
    3036      28.2595
    3037      28.1881
    3038      28.1447
    3039      28.1091
    3040      28.0069
    3041      28.0237
    3042      28.0051
    3043      28.1046
    3044      28.0133
    3045      28.1200
    3046      28.0378
    3047      28.0334
    3048      27.9733
    3049      28.0337
    3050      28.0946
    3051      28.1368
    3052      28.0078
    3053      28.0783
    3054      28.0711
    3055      28.0479
    3056      27.9385
    3057      28.0492
    3058      28.1756
    3059      28.1769
    3060      28.2036
    3061      28.1251
    3062      28.1239
    3063      28.1239
    3064      28.0314
    3065      28.0048
    3066      28.0880
    3067      28.0384
    3068      27.9673
    3069      28.0464
    3070      28.0522
    3071      28.0022
    3072      28.0003
    3073      28.0764
    3074      28.1641
    3075      28.1732
    3076      28.2527
    3077      28.1481
    3078      28.1994
    3079      28.2628
    3080      28.1914
    3081      28.1821
    3082      28.0961
    3083      28.1767
    3084      27.9985
    3085      28.0214
    3086      28.0604
    3087      28.1300
    3088      28.0850
    3089      28.0368
    3090      28.0223
    3091      27.9675
    3092      28.0715
    3093      28.0092
    3094      28.0303
    3095      28.0058
    3096      28.0008
    3097      27.9719
    3098      28.1053
    3099      28.0727
    3100      28.1247
    3101      28.0805
    3102      28.0979
    3103      28.0876
    3104      28.1380
    3105      28.1900
    3106      28.2207
    3107      28.1199
    3108      28.0946
    3109      28.1620
    3110      28.2074
    3111      28.3114
    3112      28.2246
    3113      28.3188
    3114      28.2994
    3115      28.3007
    3116      28.2362
    3117      28.2547
    3118      28.2378
    3119      28.1874
    3120      28.2083
    3121      28.2076
    3122      28.2386
    3123      28.2128
    3124      28.3007
    3125      28.2230
    3126      28.0672
    3127      28.2199
    3128      28.2393
    3129      28.1641
    3130      28.1764
    3131      28.1707
    3132      28.1726
    3133      28.1599
    3134      28.1898
    3135      28.1877
    3136      28.1439
    3137      28.1564
    3138      28.1406
    3139      28.2244
    3140      28.0743
    3141      28.1086
    3142      28.0338
    3143      28.0809
    3144      28.0988
    3145      28.1262
    3146      28.2082
    3147      28.3018
    3148      28.3095
    3149      28.2224
    3150      28.2868
    3151      28.2297
    3152      28.2413
    3153      28.1401
    3154      28.2712
    3155      28.2858
    3156      28.1573
    3157      28.1337
    3158      28.1358
    3159      28.1885
    3160      28.1078
    3161      28.1075
    3162      28.1691
    3163      28.2174
    3164      28.2018
    3165      28.2436
    3166      28.2181
    3167      28.0856
    3168      28.0351
    3169      28.0130
    3170      28.1532
    3171      28.1196
    3172      28.0899
    3173      28.0555
    3174      28.0839
    3175      28.1227
    3176      28.1477
    3177      28.1482
    3178      28.1072
    3179      28.0918
    3180      28.1549
    3181      28.1457
    3182      28.1006
    3183      28.1061
    3184      28.0474
    3185      28.0444
    3186      28.1120
    3187      28.1544
    3188      28.1696
    3189      28.2163
    3190      28.0880
    3191      28.0547
    3192      28.0891
    3193      28.2710
    3194      28.1342
    3195      28.0845
    3196      28.2078
    3197      28.2966
    3198      28.2541
    3199      28.2803
    3200      28.2071
    3201      28.2224
    3202      28.2370
    3203      28.2567
    3204      28.2185
    3205      28.3976
    3206      28.3896
    3207      28.3490
    3208      28.3078
    3209      28.3856
    3210      28.2637
    3211      28.2536
    3212      28.1802
    3213      28.1915
    3214      28.3065
    3215      28.2529
    3216      28.1660
    3217      28.1481
    3218      28.1498
    3219      28.1745
    3220      28.0316
    3221      28.2537
    3222      28.1723
    3223      28.2604
    3224      28.2167
    3225      28.3149
    3226      28.3070
    3227      28.2942
    3228      28.3335
    3229      28.2892
    3230      28.2615
    3231      28.2722
    3232      28.2909
    3233      28.3145
    3234      28.2962
    3235      28.2894
    3236      28.2967
    3237      28.3404
    3238      28.2528
    3239      28.1813
    3240      28.2190
    3241      28.2588
    3242      28.2352
    3243      28.2788
    3244      28.2678
    3245      28.2795
    3246      28.2030
    3247      28.2346
    3248      28.2584
    3249      28.3527
    3250      28.3216
    3251      28.2953
    3252      28.2429
    3253      28.2343
    3254      28.2394
    3255      28.2608
    3256      28.2387
    3257      28.2843
    3258      28.3545
    3259      28.2962
    3260      28.3844
    3261      28.3232
    3262      28.2428
    3263      28.1926
    3264      28.1925
    3265      28.2756
    3266      28.2743
    3267      28.3542
    3268      28.3828
    3269      28.2931
    3270      28.3387
    3271      28.1777
    3272      28.3402
    3273      28.3900
    3274      28.2804
    3275      28.3194
    3276      28.2954
    3277      28.3413
    3278      28.2745
    3279      28.1769
    3280      28.1647
    3281      28.1892
    3282      28.2698
    3283      28.0999
    3284      28.0979
    3285      28.1556
    3286      28.1816
    3287      28.1745
    3288      28.2653
    3289      28.2419
    3290      28.1941
    3291      28.2176
    3292      28.1897
    3293      28.2023
    3294      28.2069
    3295      28.2940
    3296      28.1925
    3297      28.2449
    3298      28.2602
    3299      28.3066
    3300      28.1967
    3301      28.2923
    3302      28.2183
    3303      28.2492
    3304      28.2700
    3305      28.3599
    3306      28.4014
    3307      28.3321
    3308      28.2714
    3309      28.4089
    3310      28.3276
    3311      28.3500
    3312      28.2136
    3313      28.3174
    3314      28.3284
    3315      28.2207
    3316      28.1844
    3317      28.2809
    3318      28.2328
    3319      28.2202
    3320      28.1876
    3321      28.1066
    3322      28.1066
    3323      28.2488
    3324      28.1189
    3325      28.0412
    3326      28.1720
    3327      28.1802
    3328      28.1929
    3329      28.1821
    3330      28.1403
    3331      28.2259
    3332      28.1942
    3333      28.2401
    3334      28.1842
    3335      28.2810
    3336      28.3358
    3337      28.2659
    3338      28.2776
    3339      28.2733
    3340      28.2024
    3341      28.1771
    3342      28.1876
    3343      28.1837
    3344      28.1142
    3345      28.1588
    3346      28.1755
    3347      28.1862
    3348      28.1167
    3349      28.2610
    3350      28.2604
    3351      28.2017
    3352      28.2785
    3353      28.2124
    3354      28.2586
    3355      28.2074
    3356      28.2991
    3357      28.1824
    3358      28.2048
    3359      28.2071
    3360      28.1747
    3361      28.1693
    3362      28.1520
    3363      28.1121
    3364      28.1159
    3365      28.1521
    3366      28.2462
    3367      28.1251
    3368      28.1041
    3369      28.0983
    3370      28.0792
    3371      28.1454
    3372      28.1883
    3373      28.1173
    3374      28.2456
    3375      28.2426
    3376      28.3139
    3377      28.2773
    3378      28.2088
    3379      28.2289
    3380      28.2675
    3381      28.3347
    3382      28.2907
    3383      28.2368
    3384      28.2760
    3385      28.2596
    3386      28.1932
    3387      28.2182
    3388      28.1051
    3389      28.1120
    3390      28.0830
    3391      28.1199
    3392      28.1012
    3393      28.1793
    3394      28.1049
    3395      28.1934
    3396      28.2640
    3397      28.3409
    3398      28.3470
    3399      28.3267
    3400      28.3095
    3401      28.2749
    3402      28.1909
    3403      28.2027
    3404      28.2396
    3405      28.1977
    3406      28.2314
    3407      28.1844
    3408      28.2556
    3409      28.1071
    3410      28.1468
    3411      28.2924
    3412      28.3121
    3413      28.2737
    3414      28.2034
    3415      28.2592
    3416      28.2347
    3417      28.3042
    3418      28.2992
    3419      28.2129
    3420      28.2607
    3421      28.3352
    3422      28.3995
    3423      28.3341
    3424      28.2589
    3425      28.3006
    3426      28.3075
    3427      28.2632
    3428      28.2359
    3429      28.1881
    3430      28.2428
    3431      28.1067
    3432      28.1745
    3433      28.2795
    3434      28.2293
    3435      28.2111
    3436      28.2187
    3437      28.1743
    3438      28.1593
    3439      28.2048
    3440      28.2271
    3441      28.2887
    3442      28.1983
    3443      28.2092
    3444      28.2718
    3445      28.3320
    3446      28.3318
    3447      28.4396
    3448      28.2929
    3449      28.2342
    3450      28.3071
    3451      28.2344
    3452      28.2411
    3453      28.3114
    3454      28.3184
    3455      28.3621
    3456      28.3689
    3457      28.3516
    3458      28.3897
    3459      28.2375
    3460      28.3459
    3461      28.4280
    3462      28.3262
    3463      28.2603
    3464      28.2546
    3465      28.3213
    3466      28.3132
    3467      28.3916
    3468      28.2595
    3469      28.2416
    3470      28.2943
    3471      28.2658
    3472      28.2820
    3473      28.2920
    3474      28.2539
    3475      28.3925
    3476      28.1600
    3477      28.2461
    3478      28.3244
    3479      28.3027
    3480      28.3853
    3481      28.3570
    3482      28.2898
    3483      28.2889
    3484      28.3678
    3485      28.2788
    3486      28.3005
    3487      28.3137
    3488      28.3846
    3489      28.3345
    3490      28.3431
    3491      28.2368
    3492      28.2662
    3493      28.3850
    3494      28.4203
    3495      28.5034
    3496      28.4405
    3497      28.4146
    3498      28.4410
    3499      28.5655
    3500      28.4878
    3501      28.4597
    3502      28.4015
    3503      28.4081
    3504      28.4838
    3505      28.4769
    3506      28.3620
    3507      28.3941
    3508      28.3854
    3509      28.3552
    3510      28.4035
    3511      28.5058
    3512      28.4636
    3513      28.3375
    3514      28.3447
    3515      28.3975
    3516      28.2939
    3517      28.3127
    3518      28.2942
    3519      28.1666
    3520      28.1811
    3521      28.1807
    3522      28.1298
    3523      28.2151
    3524      28.1440
    3525      28.2454
    3526      28.2224
    3527      28.1805
    3528      28.1744
    3529      28.1973
    3530      28.1484
    3531      28.0956
    3532      28.0959
    3533      28.1207
    3534      28.1558
    3535      28.1537
    3536      28.2850
    3537      28.2058
    3538      28.2847
    3539      28.3678
    3540      28.3277
    3541      28.2258
    3542      28.1973
    3543      28.2646
    3544      28.2709
    3545      28.2794
    3546      28.2869
    3547      28.3002
    3548      28.3116
    3549      28.3434
    3550      28.2549
    3551      28.2997
    3552      28.2854
    3553      28.2269
    3554      28.1630
    3555      28.1274
    3556      28.2193
    3557      28.1528
    3558      28.1596
    3559      28.2111
    3560      28.3036
    3561      28.4153
    3562      28.3293
    3563      28.3502
    3564      28.3326
    3565      28.2619
    3566      28.3411
    3567      28.3276
    3568      28.3469
    3569      28.3590
    3570      28.4064
    3571      28.2883
    3572      28.2723
    3573      28.3000
    3574      28.4205
    3575      28.4311
    3576      28.3899
    3577      28.4171
    3578      28.3488
    3579      28.3112
    3580      28.3134
    3581      28.2338
    3582      28.1673
    3583      28.1585
    3584      28.1530
    3585      28.2524
    3586      28.2233
    3587      28.2585
    3588      28.2430
    3589      28.2397
    3590      28.2406
    3591      28.1419
    3592      28.1995
    3593      28.2698
    3594      28.0819
    3595      28.0930
    3596      28.1451
    3597      28.1986
    3598      28.2624
    3599      28.2312
    3600      28.2019
    3601      28.1416
    3602      28.1693
    3603      28.2038
    3604      28.1296
    3605      28.0998
    3606      28.1943
    3607      28.2601
    3608      28.2602
    3609      28.1811
    3610      28.1860
    3611      28.2304
    3612      28.2263
    3613      28.2466
    3614      28.2360
    3615      28.2584
    3616      28.2453
    3617      28.2645
    3618      28.3003
    3619      28.1862
    3620      28.1992
    3621      28.1560
    3622      28.1062
    3623      28.2658
    3624      28.2136
    3625      28.2780
    3626      28.1829
    3627      28.1968
    3628      28.3129
    3629      28.1550
    3630      28.1042
    3631      28.2226
    3632      28.2801
    3633      28.3307
    3634      28.2711
    3635      28.2039
    3636      28.2777
    3637      28.3199
    3638      28.3550
    3639      28.2110
    3640      28.1857
    3641      28.2050
    3642      28.2214
    3643      28.3018
    3644      28.2271
    3645      28.2196
    3646      28.1857
    3647      28.2109
    3648      28.1129
    3649      28.1535
    3650      28.2558
    3651      28.1653
    3652      28.1346
    3653      28.1191
    3654      28.2367
    3655      28.2989
    3656      28.1377
    3657      28.2124
    3658      28.2526
    3659      28.1568
    3660      28.1613
    3661      28.2065
    3662      28.1465
    3663      28.1302
    3664      28.1013
    3665      28.1005
    3666      28.1302
    3667      28.1359
    3668      28.1427
    3669      28.1066
    3670      28.0451
    3671      28.1720
    3672      28.1136
    3673      28.1278
    3674      28.1521
    3675      28.1393
    3676      28.2420
    3677      28.1152
    3678      28.1434
    3679      28.1474
    3680      28.1416
    3681      28.0997
    3682      28.1336
    3683      28.1495
    3684      28.1514
    3685      28.1947
    3686      28.1485
    3687      28.1166
    3688      28.2051
    3689      28.0782
    3690      28.1043
    3691      28.0845
    3692      28.1603
    3693      28.2131
    3694      28.1174
    3695      28.1090
    3696      28.1651
    3697      28.0938
    3698      28.0780
    3699      28.0550
    3700      28.0351
    3701      28.0945
    3702      28.1208
    3703      28.1768
    3704      28.1898
    3705      28.0848
    3706      28.0550
    3707      28.0657
    3708      28.0721
    3709      28.0879
    3710      28.0333
    3711      28.1283
    3712      28.0586
    3713      28.0230
    3714      28.1180
    3715      28.0209
    3716      28.0661
    3717      28.1184
    3718      28.1017
    3719      28.1177
    3720      28.0916
    3721      28.0955
    3722      28.1196
    3723      28.1383
    3724      28.1697
    3725      28.1071
    3726      28.1233
    3727      28.0852
    3728      28.1731
    3729      28.1462
    3730      28.0707
    3731      28.0260
    3732      28.0854
    3733      28.2203
    3734      28.2790
    3735      28.2323
    3736      28.1547
    3737      28.1898
    3738      28.1230
    3739      28.1612
    3740      28.0152
    3741      28.1545
    3742      28.0655
    3743      28.1766
    3744      28.1708
    3745      28.1707
    3746      28.1118
    3747      28.1314
    3748      28.2831
    3749      28.0834
    3750      28.1034
    3751      28.0967
    3752      28.1204
    3753      28.1574
    3754      28.1548
    3755      27.9729
    3756      28.1745
    3757      28.2185
    3758      28.1043
    3759      28.1541
    3760      28.1724
    3761      28.0996
    3762      28.1721
    3763      28.1859
    3764      28.0636
    3765      28.0863
    3766      28.1636
    3767      28.1180
    3768      28.1158
    3769      28.1752
    3770      28.2178
    3771      28.1903
    3772      28.2033
    3773      28.1387
    3774      28.2137
    3775      28.0908
    3776      28.2282
    3777      28.1847
    3778      28.2331
    3779      28.2194
    3780      28.2276
    3781      28.1936
    3782      28.2393
    3783      28.1838
    3784      28.2601
    3785      28.2143
    3786      28.0905
    3787      28.2385
    3788      28.1750
    3789      28.2552
    3790      28.3236
    3791      28.2392
    3792      28.2756
    3793      28.2932
    3794      28.3347
    3795      28.2007
    3796      28.1924
    3797      28.2101
    3798      28.3055
    3799      28.2587
    3800      28.2499
    3801      28.4080
    3802      28.2833
    3803      28.3942
    3804      28.5025
    3805      28.2986
    3806      28.3294
    3807      28.1387
    3808      28.2170
    3809      28.2003
    3810      28.1964
    3811      28.0972
    3812      28.1984
    3813      28.2777
    3814      28.1326
    3815      28.1998
    3816      28.1477
    3817      28.1545
    3818      28.1564
    3819      28.1839
    3820      28.1241
    3821      28.1417
    3822      28.1209
    3823      28.0880
    3824      28.2258
    3825      28.1844
    3826      28.0753
    3827      28.0791
    3828      28.2037
    3829      28.1079
    3830      28.0802
    3831      28.0898
    3832      28.1639
    3833      28.2017
    3834      28.0922
    3835      28.0483
    3836      28.1044
    3837      28.1237
    3838      28.0143
    3839      28.1674
    3840      28.1976
    3841      28.1604
    3842      28.0416
    3843      28.0885
    3844      28.0388
    3845      28.1053
    3846      28.1510
    3847      28.1233
    3848      28.0157
    3849      28.1021
    3850      28.0379
    3851      28.0840
    3852      28.1544
    3853      28.0700
    3854      28.1092
    3855      28.2287
    3856      28.2083
    3857      28.1698
    3858      28.0741
    3859      28.0948
    3860      28.0924
    3861      28.1295
    3862      28.0873
    3863      28.1101
    3864      28.1453
    3865      28.1205
    3866      28.1309
    3867      28.0315
    3868      27.9927
    3869      28.1381
    3870      28.0997
    3871      28.1172
    3872      28.1331
    3873      28.1380
    3874      28.1475
    3875      28.1457
    3876      28.2058
    3877      28.1150
    3878      28.2551
    3879      28.2329
    3880      28.2492
    3881      28.0868
    3882      28.2103
    3883      28.1382
    3884      28.0678
    3885      28.0793
    3886      28.0632
    3887      28.0866
    3888      28.0943
    3889      28.0691
    3890      28.1826
    3891      28.2708
    3892      28.2217
    3893      28.2099
    3894      28.1764
    3895      28.1944
    3896      28.2054
    3897      28.3699
    3898      28.2033
    3899      28.1825
    3900      28.1717
    3901      28.1884
    3902      28.0389
    3903      28.0533
    3904      28.1377
    3905      28.1600
    3906      28.1571
    3907      28.1685
    3908      28.0388
    3909      28.1985
    3910      28.2314
    3911      28.1607
    3912      28.2406
    3913      28.1990
    3914      28.1917
    3915      28.1407
    3916      28.1387
    3917      28.2067
    3918      28.2020
    3919      28.2471
    3920      28.2592
    3921      28.3792
    3922      28.3385
    3923      28.3863
    3924      28.4000
    3925      28.3645
    3926      28.3728
    3927      28.3037
    3928      28.4493
    3929      28.3601
    3930      28.2663
    3931      28.2665
    3932      28.2444
    3933      28.3742
    3934      28.2559
    3935      28.1488
    3936      28.2479
    3937      28.2495
    3938      28.3114
    3939      28.3609
    3940      28.2719
    3941      28.2535
    3942      28.2525
    3943      28.2699
    3944      28.2805
    3945      28.1229
    3946      28.1640
    3947      28.1446
    3948      28.2410
    3949      28.2194
    3950      28.1705
    3951      28.2013
    3952      28.1833
    3953      28.3119
    3954      28.2788
    3955      28.2678
    3956      28.3103
    3957      28.3398
    3958      28.2025
    3959      28.2784
    3960      28.1663
    3961      28.2450
    3962      28.2250
    3963      28.2871
    3964      28.3596
    3965      28.2514
    3966      28.3021
    3967      28.2593
    3968      28.2133
    3969      28.2352
    3970      28.1997
    3971      28.2397
    3972      28.1854
    3973      28.2178
    3974      28.1512
    3975      28.1041
    3976      28.2007
    3977      28.1009
    3978      28.1449
    3979      28.1927
    3980      28.0649
    3981      28.1290
    3982      28.0869
    3983      28.1252
    3984      28.1190
    3985      28.1368
    3986      28.0209
    3987      28.2733
    3988      28.0263
    3989      28.1511
    3990      28.0657
    3991      28.0269
    3992      28.1098
    3993      28.1186
    3994      28.2279
    3995      28.1943
    3996      28.1500
    3997      28.1008
    3998      28.1446
    3999      28.1878
    4000      28.1606
    4001      28.1639
    4002      28.1714
    4003      27.9762
    4004      28.1376
    4005      28.0611
    4006      28.1150
    4007      28.1768
    4008      28.1251
    4009      28.0386
    4010      27.9743
    4011      28.0484
    4012      28.1311
    4013      28.0783
    4014      28.0425
    4015      28.0247
    4016      28.0444
    4017      28.0283
    4018      28.1182
    4019      28.0534
    4020      28.0840
    4021      28.0816
    4022      28.1192
    4023      28.1540
    4024      28.0554
    4025      28.0386
    4026      28.0097
    4027      28.0028
    4028      27.9641
    4029      27.9834
    4030      27.9654
    4031      28.0472
    4032      27.9652
    4033      27.9339
    4034      28.1124
    4035      28.0414
    4036      28.0746
    4037      27.9639
    4038      28.0378
    4039      28.1195
    4040      28.0496
    4041      28.1025
    4042      28.1784
    4043      28.0892
    4044      28.0533
    4045      28.0963
    4046      28.1250
    4047      28.1588
    4048      27.9923
    4049      28.0731
    4050      28.0647
    4051      28.0813
    4052      28.1026
    4053      28.0694
    4054      28.0647
    4055      28.0030
    4056      28.0708
    4057      28.1343
    4058      28.0532
    4059      28.0333
    4060      28.1225
    4061      28.0881
    4062      28.1254
    4063      28.2303
    4064      28.0812
    4065      28.0906
    4066      28.1857
    4067      28.1740
    4068      28.2114
    4069      28.1242
    4070      28.1455
    4071      28.1818
    4072      28.2271
    4073      28.1558
    4074      28.2634
    4075      28.1836
    4076      28.1361
    4077      28.1965
    4078      28.2893
    4079      28.1284
    4080      28.2095
    4081      28.1320
    4082      28.1035
    4083      28.1575
    4084      28.2179
    4085      28.0870
    4086      28.0617
    4087      28.0967
    4088      28.1968
    4089      28.2970
    4090      28.2285
    4091      28.2320
    4092      28.2284
    4093      28.1778
    4094      28.1970
    4095      28.1115
    4096      28.1782
    4097      28.1468
    4098      28.1379
    4099      28.0279
    4100      28.1602
    4101      28.1139
    4102      28.1673
    4103      28.0942
    4104      28.1729
    4105      28.0576
    4106      28.1590
    4107      28.2127
    4108      28.1195
    4109      28.1885
    4110      28.1973
    4111      28.2869
    4112      28.1707
    4113      28.1993
    4114      28.1970
    4115      28.2172
    4116      28.2651
    4117      28.2363
    4118      28.2220
    4119      28.2018
    4120      28.2664
    4121      28.2350
    4122      28.2411
    4123      28.2218
    4124      28.2879
    4125      28.2530
    4126      28.1858
    4127      28.3497
    4128      28.2864
    4129      28.2442
    4130      28.2983
    4131      28.2837
    4132      28.2630
    4133      28.2272
    4134      28.2128
    4135      28.3626
    4136      28.3469
    4137      28.2611
    4138      28.4200
    4139      28.4107
    4140      28.2183
    4141      28.2957
    4142      28.3544
    4143      28.2074
    4144      28.1619
    4145      28.0651
    4146      28.0185
    4147      28.1556
    4148      28.1900
    4149      28.1942
    4150      28.2680
    4151      28.1844
    4152      28.2042
    4153      28.1272
    4154      28.2289
    4155      28.2274
    4156      28.3389
    4157      28.2855
    4158      28.2916
    4159      28.2670
    4160      28.3057
    4161      28.2864
    4162      28.2567
    4163      28.3846
    4164      28.2710
    4165      28.3113
    4166      28.3104
    4167      28.3077
    4168      28.3489
    4169      28.4038
    4170      28.3450
    4171      28.3491
    4172      28.2735
    4173      28.2591
    4174      28.2489
    4175      28.2236
    4176      28.2108
    4177      28.1912
    4178      28.2032
    4179      28.2686
    4180      28.3486
    4181      28.2988
    4182      28.2056
    4183      28.2339
    4184      28.3822
    4185      28.4324
    4186      28.4150
    4187      28.3875
    4188      28.3789
    4189      28.2996
    4190      28.3711
    4191      28.3632
    4192      28.4385
    4193      28.3138
    4194      28.4209
    4195      28.3266
    4196      28.2923
    4197      28.2787
    4198      28.3477
    4199      28.3953
    4200      28.2727
    4201      28.3411
    4202      28.2971
    4203      28.3299
    4204      28.3843
    4205      28.3660
    4206      28.4282
    4207      28.3268
    4208      28.3117
    4209      28.3068
    4210      28.2661
    4211      28.3014
    4212      28.3815
    4213      28.4401
    4214      28.3479
    4215      28.3184
    4216      28.2336
    4217      28.3003
    4218      28.3771
    4219      28.3048
    4220      28.2397
    4221      28.1845
    4222      28.2666
    4223      28.2305
    4224      28.2982
    4225      28.2924
    4226      28.2897
    4227      28.2212
    4228      28.1550
    4229      28.2316
    4230      28.2862
    4231      28.2273
    4232      28.2740
    4233      28.3204
    4234      28.2533
    4235      28.2811
    4236      28.3297
    4237      28.3492
    4238      28.2069
    4239      28.2042
    4240      28.2284
    4241      28.2338
    4242      28.2796
    4243      28.3315
    4244      28.3931
    4245      28.2896
    4246      28.3141
    4247      28.2779
    4248      28.1795
    4249      28.3226
    4250      28.1787
    4251      28.2324
    4252      28.2884
    4253      28.2761
    4254      28.3300
    4255      28.2527
    4256      28.3056
    4257      28.2447
    4258      28.1930
    4259      28.2100
    4260      28.2703
    4261      28.3192
    4262      28.2448
    4263      28.3122
    4264      28.2345
    4265      28.1788
    4266      28.2128
    4267      28.1781
    4268      28.1028
    4269      28.0604
    4270      28.2105
    4271      28.2147
    4272      28.0515
    4273      28.0687
    4274      28.0810
    4275      28.1058
    4276      28.0702
    4277      28.1008
    4278      28.1112
    4279      28.1377
    4280      28.1312
    4281      28.2180
    4282      28.1217
    4283      28.2626
    4284      28.2106
    4285      28.3019
    4286      28.2701
    4287      28.2868
    4288      28.2991
    4289      28.2879
    4290      28.2418
    4291      28.2277
    4292      28.1613
    4293      28.1900
    4294      28.2148
    4295      28.1706
    4296      28.2361
    4297      28.2079
    4298      28.1337
    4299      28.1775
    4300      28.2536
    4301      28.2345
    4302      28.2411
    4303      28.2412
    4304      28.3252
    4305      28.2337
    4306      28.2275
    4307      28.3066
    4308      28.2488
    4309      28.2212
    4310      28.3182
    4311      28.2806
    4312      28.1107
    4313      28.2773
    4314      28.2216
    4315      28.1776
    4316      28.2142
    4317      28.2440
    4318      28.2251
    4319      28.2222
    4320      28.2025
    4321      28.2637
    4322      28.3005
    4323      28.2496
    4324      28.3105
    4325      28.2759
    4326      28.2320
    4327      28.3579
    4328      28.2650
    4329      28.2796
    4330      28.3345
    4331      28.4130
    4332      28.3675
    4333      28.3112
    4334      28.3425
    4335      28.3050
    4336      28.3314
    4337      28.4393
    4338      28.3460
    4339      28.3223
    4340      28.3239
    4341      28.3383
    4342      28.4366
    4343      28.3459
    4344      28.2772
    4345      28.3380
    4346      28.4000
    4347      28.4249
    4348      28.3156
    4349      28.4193
    4350      28.3308
    4351      28.2668
    4352      28.2351
    4353      28.1325
    4354      28.2585
    4355      28.2341
    4356      28.2230
    4357      28.2779
    4358      28.2282
    4359      28.2513
    4360      28.2411
    4361      28.2128
    4362      28.1486
    4363      28.2164
    4364      28.2335
    4365      28.2318
    4366      28.3026
    4367      28.2842
    4368      28.2848
    4369      28.1893
    4370      28.2218
    4371      28.1969
    4372      28.3214
    4373      28.3302
    4374      28.1722
    4375      28.1963
    4376      28.1550
    4377      28.2170
    4378      28.1567
    4379      28.1072
    4380      28.0950
    4381      28.1515
    4382      28.1396
    4383      28.0903
    4384      28.1398
    4385      28.0682
    4386      28.0893
    4387      28.1512
    4388      28.1068
    4389      28.1447
    4390      28.2129
    4391      28.1607
    4392      28.1293
    4393      28.2639
    4394      28.3086
    4395      28.3422
    4396      28.3472
    4397      28.3730
    4398      28.2494
    4399      28.2506
    4400      28.2717
    4401      28.3069
    4402      28.3293
    4403      28.2443
    4404      28.2960
    4405      28.2943
    4406      28.3169
    4407      28.3616
    4408      28.3129
    4409      28.2914
    4410      28.2408
    4411      28.2083
    4412      28.1699
    4413      28.2142
    4414      28.1128
    4415      28.0937
    4416      28.2946
    4417      28.2142
    4418      28.2064
    4419      28.3450
    4420      28.2572
    4421      28.2153
    4422      28.2777
    4423      28.1753
    4424      28.2124
    4425      28.2049
    4426      28.2338
    4427      28.1910
    4428      28.2098
    4429      28.1663
    4430      28.1458
    4431      28.0061
    4432      28.0035
    4433      28.0827
    4434      28.1566
    4435      28.1951
    4436      28.0250
    4437      28.0298
    4438      28.2348
    4439      28.1003
    4440      28.1343
    4441      28.0956
    4442      28.1554
    4443      28.1072
    4444      28.1104
    4445      28.0046
    4446      28.0120
    4447      28.0753
    4448      28.0840
    4449      28.0941
    4450      28.0053
    4451      28.0107
    4452      28.1587
    4453      28.0680
    4454      27.8820
    4455      28.0152
    4456      27.9744
    4457      28.0149
    4458      28.1349
    4459      28.1274
    4460      28.1250
    4461      28.1010
    4462      28.1437
    4463      28.0866
    4464      28.1074
    4465      28.0539
    4466      28.1155
    4467      28.1191
    4468      28.0389
    4469      28.0278
    4470      28.1267
    4471      28.1818
    4472      28.2226
    4473      28.1438
    4474      28.1908
    4475      28.1442
    4476      28.1760
    4477      28.1050
    4478      28.1622
    4479      28.1779
    4480      28.1257
    4481      28.2114
    4482      28.2106
    4483      28.0827
    4484      28.2062
    4485      28.1426
    4486      28.2010
    4487      28.1812
    4488      28.2542
    4489      28.1689
    4490      28.1742
    4491      28.1397
    4492      28.1092
    4493      28.1891
    4494      28.2465
    4495      28.0249
    4496      28.0571
    4497      28.0857
    4498      28.1459
    4499      28.1331
    4500      28.2043
    4501      28.1556
    4502      28.1792
    4503      28.1407
    4504      28.2209
    4505      28.2360
    4506      28.3140
    4507      28.2505
    4508      28.2225
    4509      28.1339
    4510      28.1775
    4511      28.0354
    4512      28.0955
    4513      28.0742
    4514      28.1350
    4515      28.0996
    4516      28.1411
    4517      28.2103
    4518      28.1116
    4519      28.0945
    4520      28.0786
    4521      28.1261
    4522      28.0427
    4523      28.0119
    4524      27.9859
    4525      28.1405
    4526      28.0742
    4527      28.1607
    4528      28.1118
    4529      28.1299
    4530      28.1228
    4531      28.1148
    4532      28.0689
    4533      28.0906
    4534      28.1284
    4535      28.1082
    4536      28.1462
    4537      28.0017
    4538      28.0223
    4539      28.0078
    4540      27.9906
    4541      27.8865
    4542      27.9396
    4543      28.0171
    4544      28.0928
    4545      28.1371
    4546      28.1085
    4547      28.0904
    4548      28.0946
    4549      28.0325
    4550      28.0598
    4551      27.9779
    4552      28.0542
    4553      28.0430
    4554      28.0929
    4555      28.0907
    4556      28.1231
    4557      28.0442
    4558      28.1560
    4559      27.9677
    4560      27.9486
    4561      28.0073
    4562      27.9797
    4563      28.0920
    4564      28.0893
    4565      28.0031
    4566      28.0252
    4567      28.1972
    4568      28.1079
    4569      28.1823
    4570      28.1823
    4571      28.1210
    4572      28.2091
    4573      28.1602
    4574      28.0973
    4575      27.9724
    4576      28.0567
    4577      28.1576
    4578      28.0789
    4579      27.9543
    4580      28.0115
    4581      27.9987
    4582      28.0898
    4583      28.0813
    4584      28.0224
    4585      28.0614
    4586      28.1569
    4587      28.1558
    4588      28.0760
    4589      28.0578
    4590      28.0531
    4591      27.8994
    4592      28.0579
    4593      28.0920
    4594      27.9858
    4595      28.1043
    4596      28.0490
    4597      28.0933
    4598      28.0302
    4599      28.0159
    4600      28.2172
    4601      28.0535
    4602      28.1124
    4603      28.0271
    4604      28.1026
    4605      28.1513
    4606      28.1006
    4607      28.0635
    4608      28.0237
    4609      28.0216
    4610      28.1484
    4611      28.1091
    4612      28.0811
    4613      28.0864
    4614      28.1218
    4615      28.0853
    4616      28.1083
    4617      28.0786
    4618      27.9780
    4619      28.1241
    4620      28.0600
    4621      28.0366
    4622      28.0288
    4623      28.1857
    4624      27.9936
    4625      28.1269
    4626      28.0088
    4627      28.0086
    4628      28.1201
    4629      27.9798
    4630      27.9722
    4631      28.0950
    4632      28.1346
    4633      28.0547
    4634      28.0952
    4635      28.0419
    4636      28.1551
    4637      28.1299
    4638      28.1712
    4639      28.1502
    4640      28.0562
    4641      28.0672
    4642      28.1262
    4643      28.0888
    4644      28.0630
    4645      28.0194
    4646      27.9735
    4647      27.9320
    4648      27.9868
    4649      28.0666
    4650      28.0346
    4651      28.0917
    4652      28.1462
    4653      28.1535
    4654      28.0535
    4655      28.1676
    4656      28.0604
    4657      28.0713
    4658      28.0146
    4659      27.9926
    4660      28.0929
    4661      28.0219
    4662      28.0399
    4663      27.9840
    4664      28.1115
    4665      28.1134
    4666      28.1212
    4667      28.1407
    4668      28.0124
    4669      28.0046
    4670      28.0134
    4671      28.0767
    4672      28.0830
    4673      27.9987
    4674      28.0758
    4675      28.0345
    4676      28.1077
    4677      28.0327
    4678      28.0196
    4679      28.0461
    4680      28.0884
    4681      28.1012
    4682      28.0808
    4683      28.1205
    4684      28.1051
    4685      28.0510
    4686      28.0745
    4687      28.0098
    4688      28.1539
    4689      28.1523
    4690      28.1575
    4691      28.0572
    4692      28.1420
    4693      28.1544
    4694      27.9969
    4695      28.0518
    4696      28.1629
    4697      27.9816
    4698      28.0941
    4699      28.1091
    4700      28.0549
    4701      28.0702
    4702      28.0827
    4703      27.9654
    4704      28.0666
    4705      27.9496
    4706      27.9854
    4707      27.9871
    4708      28.0212
    4709      28.0065
    4710      28.0393
    4711      28.0771
    4712      28.0081
    4713      28.1841
    4714      28.1622
    4715      28.1245
    4716      28.0686
    4717      28.1030
    4718      28.0006
    4719      28.0511
    4720      28.1028
    4721      28.1258
    4722      28.0575
    4723      28.1601
    4724      28.1546
    4725      28.1820
    4726      28.1476
    4727      28.2056
    4728      28.2035
    4729      28.2613
    4730      28.2519
    4731      28.2600
    4732      28.2469
    4733      28.1353
    4734      28.2147
    4735      28.1507
    4736      28.1358
    4737      28.0580
    4738      28.1353
    4739      28.1292
    4740      28.2071
    4741      28.1506
    4742      28.2048
    4743      28.2128
    4744      28.3328
    4745      28.2626
    4746      28.3406
    4747      28.3505
    4748      28.1838
    4749      28.1805
    4750      28.1326
    4751      28.1071
    4752      27.9628
    4753      28.1527
    4754      28.0977
    4755      28.0649
    4756      28.0816
    4757      28.1769
    4758      28.1028
    4759      28.1191
    4760      28.1512
    4761      28.0509
    4762      28.1035
    4763      28.1274
    4764      28.0668
    4765      28.0718
    4766      28.1835
    4767      28.1434
    4768      28.1757
    4769      28.2278
    4770      28.1624
    4771      28.1574
    4772      28.0596
    4773      28.0518
    4774      27.9638
    4775      28.0343
    4776      28.0752
    4777      27.9739
    4778      27.9012
    4779      27.8511
    4780      27.8748
    4781      27.8519
    4782      27.8999
    4783      27.8425
    4784      27.8531
    4785      27.8695
    4786      27.8795
    4787      27.9745
    4788      27.9083
    4789      27.8894
    4790      28.0644
    4791      27.9935
    4792      28.0606
    4793      28.0512
    4794      28.0290
    4795      27.9722
    4796      28.0053
    4797      28.0512
    4798      28.0391
    4799      28.1710
    4800      28.0592
    4801      28.0932
    4802      28.0377
    4803      27.9944
    4804      27.9837
    4805      28.1021
    4806      28.0866
    4807      28.1027
    4808      28.1257
    4809      28.1836
    4810      28.0745
    4811      28.1394
    4812      28.2497
    4813      28.2680
    4814      28.2620
    4815      28.3726
    4816      28.3795
    4817      28.3248
    4818      28.3557
    4819      28.3766
    4820      28.2946
    4821      28.3326
    4822      28.2401
    4823      28.1275
    4824      28.1254
    4825      28.2533
    4826      28.1898
    4827      28.2144
    4828      28.0747
    4829      28.1413
    4830      28.1858
    4831      28.0580
    4832      28.1416
    4833      28.0555
    4834      28.0611
    4835      28.0730
    4836      28.0815
    4837      28.0177
    4838      27.9613
    4839      28.0387
    4840      28.0246
    4841      27.9964
    4842      28.0227
    4843      28.0382
    4844      27.9792
    4845      28.0495
    4846      28.0873
    4847      27.9973
    4848      27.9936
    4849      28.1122
    4850      28.1748
    4851      28.1730
    4852      28.1113
    4853      28.1829
    4854      28.1495
    4855      28.1806
    4856      28.0725
    4857      28.2206
    4858      28.0515
    4859      28.1171
    4860      28.0228
    4861      28.0800
    4862      27.8926
    4863      27.9526
    4864      28.1738
    4865      28.0426
    4866      28.0422
    4867      27.9276
    4868      28.0799
    4869      27.9984
    4870      27.9974
    4871      28.0032
    4872      27.9719
    4873      28.0306
    4874      28.0080
    4875      28.0132
    4876      28.0415
    4877      28.0167
    4878      28.0003
    4879      28.0591
    4880      28.2730
    4881      28.2119
    4882      28.1477
    4883      28.1834
    4884      28.1564
    4885      28.1737
    4886      28.2216
    4887      28.1378
    4888      28.1418
    4889      28.1281
    4890      28.1403
    4891      28.0989
    4892      28.1674
    4893      28.1780
    4894      28.1176
    4895      28.0639
    4896      28.1911
    4897      28.0546
    4898      28.0787
    4899      28.1273
    4900      28.1007
    4901      28.0114
    4902      28.1064
    4903      28.1149
    4904      28.1345
    4905      28.0974
    4906      28.0639
    4907      28.1452
    4908      28.1127
    4909      28.1195
    4910      28.0758
    4911      28.1303
    4912      28.1227
    4913      28.1221
    4914      28.2259
    4915      28.1887
    4916      28.1133
    4917      28.1666
    4918      28.0385
    4919      28.0185
    4920      28.0018
    4921      28.0255
    4922      28.1397
    4923      28.0198
    4924      28.0534
    4925      28.0125
    4926      28.1551
    4927      28.0219
    4928      28.1228
    4929      28.0111
    4930      28.0386
    4931      28.0638
    4932      28.0364
    4933      28.0558
    4934      28.0846
    4935      28.0471
    4936      27.9907
    4937      28.1100
    4938      28.0516
    4939      28.0447
    4940      28.0999
    4941      28.1176
    4942      28.1258
    4943      28.0697
    4944      27.9422
    4945      27.8737
    4946      27.9217
    4947      27.9339
    4948      28.0437
    4949      27.8863
    4950      28.0413
    4951      28.0095
    4952      28.0654
    4953      28.0259
    4954      28.0650
    4955      28.1263
    4956      28.0792
    4957      28.0075
    4958      28.0297
    4959      28.0173
    4960      27.9886
    4961      28.1233
    4962      28.0140
    4963      28.0275
    4964      28.1598
    4965      28.1536
    4966      28.0418
    4967      27.9968
    4968      28.0294
    4969      27.9662
    4970      28.0011
    4971      28.0295
    4972      28.1294
    4973      28.0882
    4974      28.2319
    4975      28.1036
    4976      28.0929
    4977      28.0443
    4978      28.0044
    4979      28.0646
    4980      27.9858
    4981      28.0985
    4982      28.0773
    4983      28.0695
    4984      27.9602
    4985      28.0857
    4986      28.1099
    4987      28.1351
    4988      28.1630
    4989      28.1208
    4990      28.0187
    4991      28.0298
    4992      28.1627
    4993      28.1155
    4994      28.0087
    4995      28.1110
    4996      28.0661
    4997      28.0804
    4998      28.1360
    4999      27.9332
    5000      27.9743
    5001      28.0274
    5002      28.0099
    5003      27.9236
    5004      28.0550
    5005      28.0077
    5006      27.9729
    5007      27.9534
    5008      28.0826
    5009      27.9803
    5010      28.1158
    5011      28.0151
    5012      28.0758
    5013      28.0239
    5014      28.0752
    5015      28.0852
    5016      28.0703
    5017      28.1307
    5018      28.2018
    5019      28.1802
    5020      28.1789
    5021      28.1156
    5022      28.1729
    5023      28.2388
    5024      28.1714
    5025      28.1806
    5026      28.1892
    5027      28.1939
    5028      28.2330
    5029      28.0955
    5030      27.9571
    5031      28.0376
    5032      28.1426
    5033      28.1005
    5034      28.1648
    5035      28.2599
    5036      28.2272
    5037      28.2546
    5038      28.2094
    5039      28.0720
    5040      28.0519
    5041      28.0330
    5042      27.9870
    5043      27.9592
    5044      28.1457
    5045      28.1571
    5046      28.2978
    5047      28.2265
    5048      28.2385
    5049      28.3088
    5050      28.2444
    5051      28.2457
    5052      28.2265
    5053      28.3100
    5054      28.2320
    5055      28.3484
    5056      28.2727
    5057      28.3785
    5058      28.1859
    5059      28.2171
    5060      28.2125
    5061      28.2538
    5062      28.2384
    5063      28.1440
    5064      28.1811
    5065      28.1317
    5066      28.2344
    5067      28.1304
    5068      28.1808
    5069      28.1186
    5070      28.1035
    5071      28.0672
    5072      28.0722
    5073      28.0388
    5074      28.0032
    5075      28.0614
    5076      28.1012
    5077      27.9900
    5078      27.9859
    5079      27.9638
    5080      27.9732
    5081      28.0609
    5082      27.9910
    5083      28.0112
    5084      28.0094
    5085      28.0672
    5086      28.0363
    5087      28.1746
    5088      28.1268
    5089      28.1152
    5090      28.0502
    5091      27.9871
    5092      27.9560
    5093      28.0909
    5094      27.9489
    5095      28.1129
    5096      28.0474
    5097      28.0019
    5098      28.0815
    5099      28.1273
    5100      28.0381
    5101      28.1368
    5102      28.1523
    5103      28.2094
    5104      28.1967
    5105      28.2041
    5106      28.2408
    5107      28.1879
    5108      28.2319
    5109      28.1958
    5110      28.2200
    5111      28.1477
    5112      28.0957
    5113      28.0362
    5114      28.0691
    5115      28.0234
    5116      28.1224
    5117      28.1804
    5118      28.2019
    5119      28.1571
    5120      28.2583
    5121      28.1620
    5122      28.2555
    5123      28.1778
    5124      28.0892
    5125      28.1060
    5126      28.1224
    5127      28.1591
    5128      28.1071
    5129      28.0975
    5130      28.1060
    5131      28.1993
    5132      28.1018
    5133      28.1738
    5134      28.2263
    5135      28.2002
    5136      28.2386
    5137      28.2883
    5138      28.2980
    5139      28.2068
    5140      28.1419
    5141      28.0853
    5142      28.1862
    5143      28.1567
    5144      28.0935
    5145      28.1529
    5146      28.2277
    5147      28.2370
    5148      28.2112
    5149      28.3949
    5150      28.3302
    5151      28.2889
    5152      28.3677
    5153      28.4058
    5154      28.4211
    5155      28.3881
    5156      28.2974
    5157      28.2820
    5158      28.2470
    5159      28.2722
    5160      28.3205
    5161      28.2303
    5162      28.3353
    5163      28.3044
    5164      28.3995
    5165      28.4385
    5166      28.3928
    5167      28.3752
    5168      28.3605
    5169      28.3838
    5170      28.4707
    5171      28.3005
    5172      28.2990
    5173      28.3764
    5174      28.3903
    5175      28.3902
    5176      28.5387
    5177      28.3604
    5178      28.5130
    5179      28.5594
    5180      28.5865
    5181      28.5380
    5182      28.4769
    5183      28.4286
    5184      28.3772
    5185      28.4139
    5186      28.3965
    5187      28.2853
    5188      28.3595
    5189      28.2447
    5190      28.2219
    5191      28.1763
    5192      28.2055
    5193      28.3747
    5194      28.3779
    5195      28.3724
    5196      28.5605
    5197      28.4533
    5198      28.5169
    5199      28.4943
    5200      28.3170
    5201      28.4158
    5202      28.3393
    5203      28.3325
    5204      28.4208
    5205      28.2940
    5206      28.3495
    5207      28.4032
    5208      28.2812
    5209      28.3187
    5210      28.4308
    5211      28.4592
    5212      28.4589
    5213      28.3968
    5214      28.3566
    5215      28.4320
    5216      28.4685
    5217      28.3934
    5218      28.4537
    5219      28.4600
    5220      28.4451
    5221      28.3806
    5222      28.3428
    5223      28.4411
    5224      28.3136
    5225      28.3544
    5226      28.2179
    5227      28.2271
    5228      28.2106
    5229      28.2081
    5230      28.2632
    5231      28.1398
    5232      28.2222
    5233      28.2587
    5234      28.2279
    5235      28.1851
    5236      28.1698
    5237      28.1862
    5238      28.2303
    5239      28.2715
    5240      28.2623
    5241      28.2900
    5242      28.3349
    5243      28.2609
    5244      28.2015
    5245      28.2441
    5246      28.2075
    5247      28.2450
    5248      28.3209
    5249      28.2867
    5250      28.2594
    5251      28.1738
    5252      28.2403
    5253      28.1691
    5254      28.1967
    5255      28.3035
    5256      28.3191
    5257      28.3659
    5258      28.3509
    5259      28.2535
    5260      28.2478
    5261      28.2420
    5262      28.1538
    5263      28.1293
    5264      28.1444
    5265      28.2921
    5266      28.2408
    5267      28.1766
    5268      28.2689
    5269      28.1954
    5270      28.2267
    5271      28.1297
    5272      28.1965
    5273      28.1828
    5274      28.1569
    5275      28.1817
    5276      28.2603
    5277      28.3382
    5278      28.2262
    5279      28.2322
    5280      28.2021
    5281      28.1931
    5282      28.3218
    5283      28.2260
    5284      28.1768
    5285      28.2303
    5286      28.1861
    5287      28.1786
    5288      28.1962
    5289      28.2368
    5290      28.2222
    5291      28.1920
    5292      28.1136
    5293      28.2330
    5294      28.3053
    5295      28.2142
    5296      28.1979
    5297      28.1692
    5298      28.1743
    5299      28.1525
    5300      28.2601
    5301      28.1859
    5302      28.2732
    5303      28.2554
    5304      28.2118
    5305      28.1544
    5306      28.1735
    5307      28.1202
    5308      28.1807
    5309      28.3124
    5310      28.2579
    5311      28.1614
    5312      28.2531
    5313      28.1199
    5314      28.1899
    5315      28.1746
    5316      28.1914
    5317      28.2103
    5318      28.1983
    5319      28.1381
    5320      28.1720
    5321      28.0083
    5322      28.0741
    5323      28.0988
    5324      28.1193
    5325      28.0633
    5326      28.1706
    5327      28.1707
    5328      28.1393
    5329      28.1612
    5330      28.2581
    5331      28.2429
    5332      28.1864
    5333      28.2054
    5334      28.0096
    5335      28.1334
    5336      28.2334
    5337      28.1293
    5338      28.1194
    5339      28.0942
    5340      28.0816
    5341      28.1966
    5342      28.1190
    5343      28.1318
    5344      28.1003
    5345      28.0814
    5346      28.0196
    5347      28.0509
    5348      28.0266
    5349      27.9606
    5350      28.0262
    5351      28.1669
    5352      28.0686
    5353      28.0837
    5354      28.1019
    5355      28.1040
    5356      28.0264
    5357      28.2492
    5358      28.1119
    5359      28.0802
    5360      28.0393
    5361      28.0885
    5362      28.1590
    5363      28.1964
    5364      28.2095
    5365      28.0652
    5366      28.0921
    5367      28.2012
    5368      28.1888
    5369      28.1487
    5370      28.2119
    5371      28.2406
    5372      28.1515
    5373      28.2322
    5374      28.2074
    5375      28.1909
    5376      28.2578
    5377      28.3718
    5378      28.3664
    5379      28.3605
    5380      28.1400
    5381      28.1924
    5382      28.2335
    5383      28.3501
    5384      28.2620
    5385      28.3444
    5386      28.4041
    5387      28.3230
    5388      28.3108
    5389      28.2897
    5390      28.3340
    5391      28.3836
    5392      28.3382
    5393      28.3468
    5394      28.3919
    5395      28.3510
    5396      28.3647
    5397      28.4188
    5398      28.3578
    5399      28.4079
    5400      28.3176
    5401      28.2691
    5402      28.2780
    5403      28.3709
    5404      28.2104
    5405      28.2697
    5406      28.1971
    5407      28.1606
    5408      28.3153
    5409      28.2025
    5410      28.2969
    5411      28.3167
    5412      28.3119
    5413      28.3295
    5414      28.2967
    5415      28.2373
    5416      28.3477
    5417      28.2978
    5418      28.3147
    5419      28.3484
    5420      28.2532
    5421      28.3083
    5422      28.3680
    5423      28.2928
    5424      28.3558
    5425      28.3043
    5426      28.2651
    5427      28.2744
    5428      28.2885
    5429      28.3497
    5430      28.3734
    5431      28.3044
    5432      28.2046
    5433      28.1525
    5434      28.2608
    5435      28.1870
    5436      28.1396
    5437      28.1634
    5438      28.1031
    5439      28.1772
    5440      28.1987
    5441      28.2043
    5442      28.2609
    5443      28.2756
    5444      28.2433
    5445      28.2230
    5446      28.1986
    5447      28.2005
    5448      28.1078
    5449      28.1383
    5450      28.0759
    5451      28.1931
    5452      28.1678
    5453      28.1139
    5454      28.0759
    5455      28.0395
    5456      28.0935
    5457      28.1369
    5458      28.1936
    5459      28.2573
    5460      28.2449
    5461      28.2304
    5462      28.2665
    5463      28.2816
    5464      28.3332
    5465      28.2286
    5466      28.3002
    5467      28.1867
    5468      28.1964
    5469      28.2006
    5470      28.1807
    5471      28.2504
    5472      28.2389
    5473      28.1894
    5474      28.1714
    5475      28.1666
    5476      28.4100
    5477      28.3670
    5478      28.2478
    5479      28.3220
    5480      28.2374
    5481      28.2600
    5482      28.2578
    5483      28.2331
    5484      28.1649
    5485      28.2332
    5486      28.1828
    5487      28.2087
    5488      28.3071
    5489      28.2524
    5490      28.3181
    5491      28.2156
    5492      28.1806
    5493      28.1652
    5494      28.1697
    5495      28.1899
    5496      28.2690
    5497      28.3142
    5498      28.2423
    5499      28.2177
    5500      28.2384
    5501      28.1108
    5502      28.1766
    5503      28.1216
    5504      28.1778
    5505      28.2010
    5506      28.3069
    5507      28.1581
    5508      28.2180
    5509      28.2393
    5510      28.2515
    5511      28.2521
    5512      28.2508
    5513      28.3752
    5514      28.3726
    5515      28.3472
    5516      28.3139
    5517      28.1898
    5518      28.2675
    5519      28.2513
    5520      28.3358
    5521      28.2587
    5522      28.2225
    5523      28.2686
    5524      28.3484
    5525      28.2553
    5526      28.2995
    5527      28.1997
    5528      28.3000
    5529      28.2018
    5530      28.3307
    5531      28.3752
    5532      28.2145
    5533      28.2361
    5534      28.2484
    5535      28.2721
    5536      28.2906
    5537      28.1862
    5538      28.2374
    5539      28.1829
    5540      28.2228
    5541      28.2103
    5542      28.2651
    5543      28.2317
    5544      28.2718
    5545      28.2405
    5546      28.2627
    5547      28.3092
    5548      28.3500
    5549      28.2014
    5550      28.2448
    5551      28.3095
    5552      28.2564
    5553      28.2746
    5554      28.2214
    5555      28.2557
    5556      28.1858
    5557      28.2901
    5558      28.3046
    5559      28.3016
    5560      28.2606
    5561      28.2348
    5562      28.1884
    5563      28.2113
    5564      28.2122
    5565      28.2842
    5566      28.2494
    5567      28.2830
    5568      28.2191
    5569      28.2852
    5570      28.2565
    5571      28.3400
    5572      28.2917
    5573      28.3716
    5574      28.2671
    5575      28.2996
    5576      28.1918
    5577      28.2329
    5578      28.3444
    5579      28.2345
    5580      28.2433
    5581      28.2228
    5582      28.1952
    5583      28.2641
    5584      28.1812
    5585      28.0771
    5586      28.1962
    5587      28.2177
    5588      28.1706
    5589      28.2097
    5590      28.2164
    5591      28.1093
    5592      28.0279
    5593      28.1792
    5594      28.2854
    5595      28.2986
    5596      28.1693
    5597      28.3330
    5598      28.2503
    5599      28.2073
    5600      28.1600
    5601      28.1812
    5602      28.2040
    5603      28.1477
    5604      28.2865
    5605      28.3015
    5606      28.2087
    5607      28.2167
    5608      28.2762
    5609      28.2646
    5610      28.1787
    5611      28.3735
    5612      28.3277
    5613      28.2514
    5614      28.2367
    5615      28.3056
    5616      28.2053
    5617      28.3243
    5618      28.4366
    5619      28.2704
    5620      28.3075
    5621      28.2031
    5622      28.2869
    5623      28.2348
    5624      28.2937
    5625      28.1951
    5626      28.2309
    5627      28.2952
    5628      28.1760
    5629      28.2760
    5630      28.1674
    5631      28.2274
    5632      28.2143
    5633      28.1244
    5634      28.1555
    5635      28.1622
    5636      28.1566
    5637      28.1968
    5638      28.1499
    5639      28.1567
    5640      28.1992
    5641      28.3596
    5642      28.2315
    5643      28.2243
    5644      28.1558
    5645      28.2042
    5646      28.2904
    5647      28.2955
    5648      28.2742
    5649      28.2733
    5650      28.2385
    5651      28.2603
    5652      28.2558
    5653      28.3128
    5654      28.2077
    5655      28.1053
    5656      28.2222
    5657      28.1522
    5658      28.2043
    5659      28.2383
    5660      28.2873
    5661      28.3016
    5662      28.1547
    5663      28.1446
    5664      28.1432
    5665      28.1290
    5666      28.1478
    5667      28.1737
    5668      28.1434
    5669      28.1119
    5670      28.2475
    5671      28.2131
    5672      28.1900
    5673      28.0479
    5674      28.1707
    5675      28.2463
    5676      28.1758
    5677      28.0110
    5678      27.9915
    5679      28.0491
    5680      28.0585
    5681      28.0466
    5682      28.0354
    5683      28.0981
    5684      28.0643
    5685      28.0913
    5686      28.1672
    5687      28.1033
    5688      28.1646
    5689      28.2037
    5690      28.1555
    5691      28.0915
    5692      28.0572
    5693      28.1254
    5694      28.1927
    5695      28.1267
    5696      28.0743
    5697      28.1671
    5698      28.2752
    5699      28.1564
    5700      28.1261
    5701      28.2045
    5702      28.1144
    5703      27.9465
    5704      28.0217
    5705      28.0699
    5706      28.1228
    5707      28.1694
    5708      28.1295
    5709      28.2837
    5710      28.3232
    5711      28.1860
    5712      28.2712
    5713      28.2535
    5714      28.2635
    5715      28.2027
    5716      28.1194
    5717      28.1605
    5718      28.0888
    5719      28.0624
    5720      28.1319
    5721      28.2804
    5722      28.2567
    5723      28.0569
    5724      28.2166
    5725      28.2395
    5726      28.2551
    5727      28.1180
    5728      28.2555
    5729      28.2032
    5730      28.2338
    5731      28.2862
    5732      28.1598
    5733      28.2536
    5734      28.2529
    5735      28.2768
    5736      28.2441
    5737      28.2355
    5738      28.0759
    5739      28.0573
    5740      28.1554
    5741      28.1313
    5742      28.1347
    5743      28.1381
    5744      28.1601
    5745      28.1364
    5746      28.2471
    5747      28.1670
    5748      28.2253
    5749      28.2698
    5750      28.2417
    5751      28.3196
    5752      28.2188
    5753      28.2659
    5754      28.2595
    5755      28.2023
    5756      28.1140
    5757      28.1788
    5758      28.1064
    5759      28.3168
    5760      28.1748
    5761      28.2396
    5762      28.3052
    5763      28.2416
    5764      28.2842
    5765      28.3143
    5766      28.1222
    5767      28.1402
    5768      28.0789
    5769      28.2245
    5770      28.1429
    5771      28.2177
    5772      28.1444
    5773      28.0389
    5774      28.0766
    5775      28.1562
    5776      28.1510
    5777      28.1342
    5778      27.9747
    5779      28.1847
    5780      28.1254
    5781      28.2560
    5782      28.1849
    5783      28.1573
    5784      28.1532
    5785      28.0844
    5786      28.0578
    5787      27.9373
    5788      28.0136
    5789      28.1170
    5790      28.1374
    5791      28.0671
    5792      28.2352
    5793      28.1314
    5794      28.1712
    5795      28.1331
    5796      28.1198
    5797      28.1386
    5798      28.1270
    5799      28.1353
    5800      28.1103
    5801      28.1550
    5802      28.1203
    5803      28.0841
    5804      28.1542
    5805      28.1106
    5806      28.2273
    5807      28.2319
    5808      28.2942
    5809      28.1682
    5810      28.2326
    5811      28.2918
    5812      28.2724
    5813      28.2461
    5814      28.1692
    5815      28.1789
    5816      28.1531
    5817      28.2112
    5818      28.3277
    5819      28.1823
    5820      28.1923
    5821      28.2640
    5822      28.2324
    5823      28.3053
    5824      28.2257
    5825      28.1693
    5826      28.2043
    5827      28.1776
    5828      28.1951
    5829      28.1691
    5830      28.0547
    5831      28.1410
    5832      28.0969
    5833      28.1271
    5834      28.1724
    5835      28.1835
    5836      28.3149
    5837      28.1453
    5838      28.1630
    5839      28.2398
    5840      28.1248
    5841      28.1932
    5842      28.2270
    5843      28.3096
    5844      28.2006
    5845      28.0466
    5846      28.1969
    5847      28.2636
    5848      28.2768
    5849      28.2308
    5850      28.1736
    5851      28.1245
    5852      28.0741
    5853      28.1321
    5854      28.1920
    5855      28.0542
    5856      28.2098
    5857      28.2419
    5858      28.3018
    5859      28.2015
    5860      28.2522
    5861      28.1899
    5862      28.1840
    5863      28.1674
    5864      28.1999
    5865      28.2012
    5866      28.2601
    5867      28.1585
    5868      28.1862
    5869      28.1954
    5870      28.2314
    5871      28.3310
    5872      28.2909
    5873      28.3714
    5874      28.3492
    5875      28.3063
    5876      28.3231
    5877      28.2762
    5878      28.3181
    5879      28.3328
    5880      28.2501
    5881      28.3134
    5882      28.2460
    5883      28.2685
    5884      28.2132
    5885      28.2213
    5886      28.2588
    5887      28.2349
    5888      28.2791
    5889      28.3208
    5890      28.3773
    5891      28.4027
    5892      28.3761
    5893      28.2453
    5894      28.3914
    5895      28.2874
    5896      28.2744
    5897      28.1930
    5898      28.2357
    5899      28.2041
    5900      28.1851
    5901      28.1960
    5902      28.1746
    5903      28.1606
    5904      28.0444
    5905      28.0591
    5906      28.2531
    5907      28.2499
    5908      28.1277
    5909      28.1948
    5910      28.3178
    5911      28.2518
    5912      28.2920
    5913      28.2804
    5914      28.2652
    5915      28.2398
    5916      28.3016
    5917      28.1831
    5918      28.2104
    5919      28.1446
    5920      28.0749
    5921      28.1859
    5922      28.1420
    5923      28.1170
    5924      28.0962
    5925      28.1743
    5926      28.1205
    5927      28.0289
    5928      28.0198
    5929      28.0967
    5930      27.9610
    5931      28.0093
    5932      28.0361
    5933      28.0645
    5934      28.0708
    5935      28.1195
    5936      28.1171
    5937      28.1385
    5938      28.0568
    5939      28.0292
    5940      28.0993
    5941      28.1345
    5942      28.0806
    5943      28.0844
    5944      28.1350
    5945      28.1780
    5946      28.1785
    5947      28.2374
    5948      28.2587
    5949      28.1749
    5950      28.1168
    5951      28.0153
    5952      28.0742
    5953      28.1359
    5954      28.2237
    5955      28.0689
    5956      28.0959
    5957      28.1488
    5958      28.1098
    5959      28.1278
    5960      28.0809
    5961      28.1078
    5962      28.1913
    5963      28.2483
    5964      28.1808
    5965      28.2133
    5966      28.2165
    5967      28.1361
    5968      28.1076
    5969      28.1543
    5970      28.0061
    5971      28.0149
    5972      28.0844
    5973      28.0444
    5974      27.9843
    5975      28.1791
    5976      28.2188
    5977      28.1076
    5978      28.0368
    5979      28.1992
    5980      28.1323
    5981      28.0910
    5982      28.0189
    5983      28.1097
    5984      28.0210
    5985      28.0779
    5986      28.2420
    5987      28.0488
    5988      28.0408
    5989      28.2132
    5990      28.1967
    5991      28.2338
    5992      28.2750
    5993      28.2624
    5994      28.2785
    5995      28.2040
    5996      28.2572
    5997      28.0773
    5998      28.1448
    5999      28.0459
    6000      28.0741
    6001      28.0531
    6002      28.1167
    6003      28.1141
    6004      28.0573
    6005      28.0249
    6006      28.0406
    6007      28.0628
    6008      28.0609
    6009      28.0390
    6010      28.1690
    6011      28.2186
    6012      28.1809
    6013      28.2606
    6014      28.2154
    6015      28.1735
    6016      28.2166
    6017      28.2628
    6018      28.1625
    6019      28.1876
    6020      28.1828
    6021      28.1456
    6022      28.1214
    6023      28.1197
    6024      28.2502
    6025      28.2456
    6026      28.1541
    6027      28.1597
    6028      28.2278
    6029      28.1029
    6030      28.1180
    6031      28.1166
    6032      28.2181
    6033      28.0847
    6034      28.2009
    6035      28.1348
    6036      28.1233
    6037      28.1759
    6038      28.1888
    6039      28.2124
    6040      28.2742
    6041      28.1738
    6042      28.1884
    6043      28.1744
    6044      28.0921
    6045      28.1162
    6046      28.1478
    6047      28.1517
    6048      28.0520
    6049      28.2220
    6050      28.2798
    6051      28.1772
    6052      28.1401
    6053      28.2986
    6054      28.2959
    6055      28.2596
    6056      28.3246
    6057      28.3134
    6058      28.2194
    6059      28.2572
    6060      28.2169
    6061      28.2572
    6062      28.2210
    6063      28.3427
    6064      28.1749
    6065      28.3045
    6066      28.2592
    6067      28.2338
    6068      28.1509
    6069      28.1851
    6070      28.1536
    6071      28.1902
    6072      28.1774
    6073      28.1929
    6074      28.2121
    6075      28.2222
    6076      28.1548
    6077      28.2059
    6078      28.2436
    6079      28.1844
    6080      28.2387
    6081      28.1769
    6082      28.2539
    6083      28.3141
    6084      28.3254
    6085      28.3545
    6086      28.2792
    6087      28.3068
    6088      28.2916
    6089      28.3220
    6090      28.2473
    6091      28.1858
    6092      28.2227
    6093      28.2084
    6094      28.2226
    6095      28.2003
    6096      28.2105
    6097      28.1476
    6098      28.2262
    6099      28.1195
    6100      28.1632
    6101      28.2553
    6102      28.2459
    6103      28.2197
    6104      28.1732
    6105      28.1676
    6106      28.0868
    6107      28.2242
    6108      28.2536
    6109      28.2271
    6110      28.1790
    6111      28.1741
    6112      28.1339
    6113      28.1256
    6114      28.0998
    6115      28.1088
    6116      28.1418
    6117      28.2026
    6118      28.2556
    6119      28.1823
    6120      28.0928
    6121      28.1740
    6122      28.0790
    6123      28.1070
    6124      28.0985
    6125      28.1402
    6126      28.1144
    6127      27.9963
    6128      28.0969
    6129      28.0379
    6130      28.0961
    6131      28.0032
    6132      28.1009
    6133      28.1145
    6134      28.2129
    6135      28.1457
    6136      28.1360
    6137      28.2071
    6138      28.1531
    6139      28.1132
    6140      28.0438
    6141      28.0242
    6142      28.0376
    6143      27.9207
    6144      28.0083
    6145      28.0451
    6146      28.0873
    6147      28.1131
    6148      28.1416
    6149      28.1433
    6150      28.0976
    6151      28.0611
    6152      28.0192
    6153      28.0993
    6154      28.0657
    6155      28.0700
    6156      28.1188
    6157      28.1722
    6158      28.1273
    6159      28.0742
    6160      28.1388
    6161      28.1458
    6162      27.9887
    6163      28.0965
    6164      28.0055
    6165      28.1439
    6166      28.0601
    6167      28.0905
    6168      28.0226
    6169      28.1427
    6170      28.0920
    6171      28.1048
    6172      28.2149
    6173      28.2506
    6174      28.0845
    6175      28.1071
    6176      28.1299
    6177      28.0616
    6178      28.1415
    6179      28.0549
    6180      28.1503
    6181      28.1420
    6182      28.0416
    6183      28.1718
    6184      28.0297
    6185      28.1265
    6186      28.1521
    6187      28.1258
    6188      28.1688
    6189      28.1199
    6190      28.1756
    6191      28.1032
    6192      28.1636
    6193      28.1069
    6194      28.1487
    6195      28.0456
    6196      28.0520
    6197      28.0948
    6198      28.1004
    6199      28.0477
    6200      28.1538
    6201      28.1314
    6202      28.1418
    6203      28.1212
    6204      28.0861
    6205      28.2292
    6206      28.1159
    6207      28.1619
    6208      28.0798
    6209      28.0902
    6210      28.0569
    6211      28.1542
    6212      28.1149
    6213      28.0609
    6214      28.1883
    6215      28.0202
    6216      28.1526
    6217      28.0824
    6218      28.0299
    6219      28.0899
    6220      28.0120
    6221      28.0179
    6222      27.9972
    6223      28.0342
    6224      28.0655
    6225      28.1452
    6226      28.1872
    6227      28.0914
    6228      28.0802
    6229      28.0940
    6230      28.1457
    6231      28.1470
    6232      28.2038
    6233      28.1745
    6234      28.1233
    6235      28.1303
    6236      28.0509
    6237      28.1378
    6238      28.2680
    6239      28.1867
    6240      28.1659
    6241      28.1892
    6242      28.1612
    6243      28.2100
    6244      28.0840
    6245      28.1479
    6246      28.1373
    6247      28.1513
    6248      28.1505
    6249      28.1696
    6250      28.0557
    6251      28.0873
    6252      28.1270
    6253      28.0693
    6254      28.1797
    6255      28.1667
    6256      28.1586
    6257      28.1663
    6258      28.1890
    6259      28.1275
    6260      28.1899
    6261      28.1377
    6262      28.0697
    6263      28.2034
    6264      28.1349
    6265      28.1724
    6266      28.1360
    6267      28.2104
    6268      28.1485
    6269      28.1510
    6270      28.2570
    6271      28.3064
    6272      28.3001
    6273      28.1075
    6274      28.2772
    6275      28.1230
    6276      28.1189
    6277      28.1437
    6278      28.1733
    6279      28.1786
    6280      28.1477
    6281      28.2172
    6282      28.1965
    6283      28.2182
    6284      28.1342
    6285      28.0395
    6286      28.1666
    6287      28.2177
    6288      28.1867
    6289      28.1436
    6290      28.1451
    6291      27.9894
    6292      28.0821
    6293      27.9897
    6294      28.1798
    6295      28.1597
    6296      27.9881
    6297      28.0900
    6298      28.0400
    6299      27.9789
    6300      28.0567
    6301      28.1558
    6302      28.0580
    6303      28.0520
    6304      28.0996
    6305      28.0949
    6306      28.1068
    6307      28.0855
    6308      27.9905
    6309      28.0455
    6310      28.0295
    6311      28.0331
    6312      28.0326
    6313      28.0130
    6314      28.0902
    6315      28.0629
    6316      28.1102
    6317      28.0648
    6318      28.0936
    6319      28.0497
    6320      28.1121
    6321      28.0656
    6322      28.0756
    6323      28.0864
    6324      28.1044
    6325      27.9916
    6326      28.0516
    6327      28.2784
    6328      28.1754
    6329      28.1461
    6330      28.1739
    6331      28.1805
    6332      28.2055
    6333      28.2097
    6334      28.2653
    6335      28.2585
    6336      28.2970
    6337      28.2367
    6338      28.2471
    6339      28.2256
    6340      28.1309
    6341      28.2193
    6342      28.1907
    6343      28.1173
    6344      28.1761
    6345      28.1697
    6346      28.1472
    6347      28.1463
    6348      28.1018
    6349      28.1508
    6350      28.0190
    6351      28.0630
    6352      28.0677
    6353      28.0091
    6354      28.0207
    6355      28.0033
    6356      28.1464
    6357      28.0722
    6358      28.0442
    6359      28.1546
    6360      28.1150
    6361      28.1710
    6362      28.1647
    6363      28.0638
    6364      28.1300
    6365      28.1992
    6366      28.1492
    6367      28.1172
    6368      28.1344
    6369      28.0604
    6370      28.1219
    6371      27.9926
    6372      28.1347
    6373      28.1855
    6374      28.1721
    6375      28.1878
    6376      28.1436
    6377      28.2226
    6378      28.1418
    6379      28.1380
    6380      28.2667
    6381      28.1008
    6382      28.1920
    6383      28.1988
    6384      28.1292
    6385      28.0782
    6386      28.0685
    6387      27.9869
    6388      28.0941
    6389      28.0784
    6390      28.0351
    6391      28.0392
    6392      28.1696
    6393      28.2222
    6394      28.2678
    6395      28.1385
    6396      28.2100
    6397      28.1336
    6398      28.1535
    6399      28.1153
    6400      28.2286
    6401      28.1594
    6402      28.1155
    6403      28.1153
    6404      28.1665
    6405      28.1576
    6406      28.2095
    6407      28.0530
    6408      28.0343
    6409      28.1230
    6410      28.0546
    6411      28.1544
    6412      28.1286
    6413      28.1099
    6414      28.0439
    6415      28.1062
    6416      28.0228
    6417      28.1666
    6418      28.0994
    6419      28.1050
    6420      28.1638
    6421      28.1632
    6422      28.1841
    6423      28.2320
    6424      28.2535
    6425      28.2203
    6426      28.2140
    6427      28.1224
    6428      28.1783
    6429      28.1235
    6430      28.2306
    6431      28.1457
    6432      28.1430
    6433      28.1746
    6434      28.1115
    6435      28.1927
    6436      28.1520
    6437      28.1300
    6438      28.1429
    6439      28.0904
    6440      28.1237
    6441      28.1838
    6442      28.1434
    6443      28.1756
    6444      28.2065
    6445      28.1401
    6446      28.1280
    6447      28.1845
    6448      28.2713
    6449      28.2245
    6450      28.1777
    6451      28.2077
    6452      28.1807
    6453      28.1518
    6454      28.0908
    6455      28.0664
    6456      28.0803
    6457      28.1835
    6458      28.1039
    6459      28.0891
    6460      28.1543
    6461      28.1571
    6462      28.1397
    6463      28.0697
    6464      28.1604
    6465      28.1983
    6466      28.0922
    6467      28.0413
    6468      28.0310
    6469      28.0422
    6470      28.0477
    6471      28.0882
    6472      28.1026
    6473      28.0671
    6474      28.0471
    6475      28.1297
    6476      28.0693
    6477      28.0947
    6478      28.0320
    6479      28.0408
    6480      28.0826
    6481      28.0639
    6482      28.1431
    6483      28.0700
    6484      28.0610
    6485      28.1316
    6486      28.0951
    6487      28.0940
    6488      28.1300
    6489      28.0357
    6490      28.0856
    6491      28.0799
    6492      28.1971
    6493      28.1069
    6494      28.1596
    6495      28.0927
    6496      28.1764
    6497      28.2728
    6498      28.2894
    6499      28.2361
    6500      28.2152
    6501      28.3492
    6502      28.1911
    6503      28.2162
    6504      28.2983
    6505      28.3219
    6506      28.2666
    6507      28.1661
    6508      28.1194
    6509      28.1729
    6510      28.2010
    6511      28.1152
    6512      28.2075
    6513      28.0795
    6514      28.0914
    6515      28.1664
    6516      28.1913
    6517      28.0668
    6518      28.1144
    6519      28.2228
    6520      28.1590
    6521      28.1525
    6522      28.1993
    6523      28.1039
    6524      28.2251
    6525      28.3073
    6526      28.2059
    6527      28.2766
    6528      28.2116
    6529      28.2224
    6530      28.1890
    6531      28.1614
    6532      28.1067
    6533      28.0463
    6534      28.0465
    6535      28.1663
    6536      28.1727
    6537      28.0542
    6538      28.1216
    6539      28.1227
    6540      28.2111
    6541      28.2298
    6542      28.2923
    6543      28.2462
    6544      28.1906
    6545      28.2238
    6546      28.2229
    6547      28.2411
    6548      28.1939
    6549      28.2830
    6550      28.2583
    6551      28.2791
    6552      28.1953
    6553      28.2883
    6554      28.2775
    6555      28.2849
    6556      28.2422
    6557      28.1720
    6558      28.1981
    6559      28.1650
    6560      28.2359
    6561      28.3080
    6562      28.2263
    6563      28.2424
    6564      28.1988
    6565      28.1244
    6566      28.1102
    6567      28.1993
    6568      28.1662
    6569      28.2552
    6570      28.2964
    6571      28.3213
    6572      28.2630
    6573      28.2848
    6574      28.3310
    6575      28.2880
    6576      28.2456
    6577      28.2666
    6578      28.2659
    6579      28.3140
    6580      28.2385
    6581      28.3135
    6582      28.3006
    6583      28.2412
    6584      28.1845
    6585      28.1734
    6586      28.2133
    6587      28.2239
    6588      28.1257
    6589      28.1458
    6590      28.2071
    6591      28.2508
    6592      28.2247
    6593      28.2027
    6594      28.2213
    6595      28.3116
    6596      28.2633
    6597      28.2236
    6598      28.2866
    6599      28.3133
    6600      28.2832
    6601      28.2442
    6602      28.2977
    6603      28.3062
    6604      28.2692
    6605      28.3090
    6606      28.2554
    6607      28.3298
    6608      28.3148
    6609      28.3222
    6610      28.3363
    6611      28.3564
    6612      28.3231
    6613      28.2990
    6614      28.2923
    6615      28.3357
    6616      28.3240
    6617      28.2038
    6618      28.1119
    6619      28.3027
    6620      28.1712
    6621      28.2413
    6622      28.2319
    6623      28.2969
    6624      28.2265
    6625      28.2889
    6626      28.2665
    6627      28.1677
    6628      28.1962
    6629      28.2035
    6630      28.2757
    6631      28.2353
    6632      28.2223
    6633      28.2281
    6634      28.2991
    6635      28.2864
    6636      28.3036
    6637      28.2724
    6638      28.2638
    6639      28.3469
    6640      28.2904
    6641      28.2169
    6642      28.2849
    6643      28.3644
    6644      28.3309
    6645      28.3458
    6646      28.3314
    6647      28.2462
    6648      28.2970
    6649      28.2285
    6650      28.3204
    6651      28.3857
    6652      28.2765
    6653      28.3217
    6654      28.2712
    6655      28.2997
    6656      28.2713
    6657      28.3473
    6658      28.2449
    6659      28.2776
    6660      28.2082
    6661      28.2241
    6662      28.2933
    6663      28.2836
    6664      28.3308
    6665      28.1508
    6666      28.2129
    6667      28.1852
    6668      28.2135
    6669      28.1910
    6670      28.2704
    6671      28.2066
    6672      28.1349
    6673      28.1513
    6674      28.1587
    6675      28.1509
    6676      28.1637
    6677      28.2083
    6678      28.1107
    6679      28.1467
    6680      28.1685
    6681      28.2162
    6682      28.1901
    6683      28.1907
    6684      28.1569
    6685      28.2766
    6686      28.1573
    6687      28.2274
    6688      28.2765
    6689      28.2318
    6690      28.2043
    6691      28.2048
    6692      28.2994
    6693      28.3352
    6694      28.3746
    6695      28.3208
    6696      28.3374
    6697      28.3528
    6698      28.3568
    6699      28.3302
    6700      28.3872
    6701      28.2208
    6702      28.3349
    6703      28.3576
    6704      28.4098
    6705      28.4303
    6706      28.3495
    6707      28.2459
    6708      28.3832
    6709      28.3234
    6710      28.3822
    6711      28.3850
    6712      28.3924
    6713      28.4360
    6714      28.2882
    6715      28.4232
    6716      28.4675
    6717      28.5096
    6718      28.4905
    6719      28.4394
    6720      28.3902
    6721      28.3316
    6722      28.3779
    6723      28.2939
    6724      28.3088
    6725      28.3474
    6726      28.2659
    6727      28.2311
    6728      28.3546
    6729      28.4125
    6730      28.3949
    6731      28.3130
    6732      28.2887
    6733      28.2045
    6734      28.2365
    6735      28.2195
    6736      28.2139
    6737      28.2521
    6738      28.1668
    6739      28.2010
    6740      28.2448
    6741      28.2531
    6742      28.2232
    6743      28.1864
    6744      28.1329
    6745      28.2716
    6746      28.2631
    6747      28.2768
    6748      28.3566
    6749      28.3607
    6750      28.2589
    6751      28.2781
    6752      28.3198
    6753      28.2714
    6754      28.2037
    6755      28.2620
    6756      28.3822
    6757      28.2782
    6758      28.2377
    6759      28.2644
    6760      28.1913
    6761      28.2353
    6762      28.2317
    6763      28.2264
    6764      28.2179
    6765      28.1455
    6766      28.1940
    6767      28.2722
    6768      28.2361
    6769      28.2626
    6770      28.1889
    6771      28.0951
    6772      28.0439
    6773      28.1443
    6774      28.1306
    6775      28.0972
    6776      28.1479
    6777      28.1930
    6778      28.2429
    6779      28.2050
    6780      28.3090
    6781      28.2507
    6782      28.2136
    6783      28.1861
    6784      28.1554
    6785      28.1651
    6786      28.1791
    6787      28.1922
    6788      28.1943
    6789      28.1574
    6790      28.1658
    6791      28.2450
    6792      28.2237
    6793      28.2348
    6794      28.2660
    6795      28.1862
    6796      28.2151
    6797      28.2147
    6798      28.1851
    6799      28.1670
    6800      28.3202
    6801      28.1693
    6802      28.2623
    6803      28.3012
    6804      28.2620
    6805      28.1967
    6806      28.2197
    6807      28.2238
    6808      28.1599
    6809      28.1975
    6810      28.2492
    6811      28.2688
    6812      28.2717
    6813      28.1754
    6814      28.2092
    6815      28.2570
    6816      28.1499
    6817      28.1430
    6818      28.1704
    6819      28.1022
    6820      28.1762
    6821      28.2737
    6822      28.2477
    6823      28.1900
    6824      28.2567
    6825      28.3323
    6826      28.3347
    6827      28.2114
    6828      28.3015
    6829      28.3368
    6830      28.3043
    6831      28.3191
    6832      28.2923
    6833      28.2777
    6834      28.1909
    6835      28.2947
    6836      28.3106
    6837      28.2977
    6838      28.3520
    6839      28.3644
    6840      28.2957
    6841      28.2556
    6842      28.2489
    6843      28.1834
    6844      28.1972
    6845      28.2757
    6846      28.2367
    6847      28.1655
    6848      28.2000
    6849      28.2363
    6850      28.2622
    6851      28.3006
    6852      28.2037
    6853      28.1697
    6854      28.2273
    6855      28.2003
    6856      28.2967
    6857      28.2773
    6858      28.1816
    6859      28.2613
    6860      28.2353
    6861      28.3316
    6862      28.2609
    6863      28.3993
    6864      28.3027
    6865      28.2512
    6866      28.2949
    6867      28.3061
    6868      28.2870
    6869      28.3069
    6870      28.2991
    6871      28.2072
    6872      28.2935
    6873      28.2919
    6874      28.1984
    6875      28.2717
    6876      28.2737
    6877      28.2738
    6878      28.2177
    6879      28.1580
    6880      28.2202
    6881      28.2117
    6882      28.3420
    6883      28.2074
    6884      28.2171
    6885      28.2349
    6886      28.2861
    6887      28.1874
    6888      28.2538
    6889      28.2381
    6890      28.1329
    6891      28.1682
    6892      28.2256
    6893      28.2158
    6894      28.2308
    6895      28.1312
    6896      28.1313
    6897      28.3069
    6898      28.2455
    6899      28.1662
    6900      28.1472
    6901      28.2141
    6902      28.1760
    6903      28.1900
    6904      28.2012
    6905      28.3633
    6906      28.2914
    6907      28.2693
    6908      28.2493
    6909      28.2232
    6910      28.3052
    6911      28.2679
    6912      28.4082
    6913      28.2946
    6914      28.3009
    6915      28.2252
    6916      28.3021
    6917      28.2950
    6918      28.2562
    6919      28.2748
    6920      28.2164
    6921      28.1357
    6922      28.2267
    6923      28.3340
    6924      28.2599
    6925      28.2340
    6926      28.2487
    6927      28.3092
    6928      28.2784
    6929      28.3014
    6930      28.3163
    6931      28.2920
    6932      28.2407
    6933      28.2622
    6934      28.2834
    6935      28.2265
    6936      28.1978
    6937      28.2485
    6938      28.1938
    6939      28.2169
    6940      28.1791
    6941      28.2443
    6942      28.2533
    6943      28.3094
    6944      28.2848
    6945      28.2181
    6946      28.1531
    6947      28.1513
    6948      28.2218
    6949      28.2611
    6950      28.2334
    6951      28.3282
    6952      28.2850
    6953      28.3636
    6954      28.2941
    6955      28.3048
    6956      28.3283
    6957      28.3169
    6958      28.3377
    6959      28.3536
    6960      28.3265
    6961      28.3081
    6962      28.3047
    6963      28.3365
    6964      28.3133
    6965      28.2962
    6966      28.2869
    6967      28.2231
    6968      28.2395
    6969      28.2595
    6970      28.2979
    6971      28.3056
    6972      28.3408
    6973      28.3529
    6974      28.2776
    6975      28.2743
    6976      28.2895
    6977      28.2912
    6978      28.2769
    6979      28.3315
    6980      28.2626
    6981      28.3078
    6982      28.1802
    6983      28.2334
    6984      28.2489
    6985      28.2728
    6986      28.2038
    6987      28.2968
    6988      28.1559
    6989      28.1184
    6990      28.2016
    6991      28.3015
    6992      28.3057
    6993      28.2605
    6994      28.1979
    6995      28.3212
    6996      28.3161
    6997      28.3245
    6998      28.3171
    6999      28.3233
    7000      28.2369
    7001      28.3073
    7002      28.4551
    7003      28.3589
    7004      28.2482
    7005      28.2436
    7006      28.3304
    7007      28.2496
    7008      28.2465
    7009      28.2102
    7010      28.2371
    7011      28.2971
    7012      28.3003
    7013      28.1892
    7014      28.2470
    7015      28.2858
    7016      28.3944
    7017      28.3832
    7018      28.3619
    7019      28.4177
    7020      28.2973
    7021      28.3323
    7022      28.3660
    7023      28.3390
    7024      28.3634
    7025      28.2903
    7026      28.3976
    7027      28.3251
    7028      28.3236
    7029      28.3126
    7030      28.3182
    7031      28.3001
    7032      28.3150
    7033      28.4096
    7034      28.3078
    7035      28.3153
    7036      28.3227
    7037      28.3391
    7038      28.4038
    7039      28.3471
    7040      28.3915
    7041      28.3029
    7042      28.3167
    7043      28.3623
    7044      28.3640
    7045      28.3707
    7046      28.3082
    7047      28.3709
    7048      28.3804
    7049      28.3285
    7050      28.3037
    7051      28.3742
    7052      28.2522
    7053      28.3133
    7054      28.2285
    7055      28.2629
    7056      28.3481
    7057      28.2733
    7058      28.3115
    7059      28.3015
    7060      28.3414
    7061      28.3478
    7062      28.1845
    7063      28.1910
    7064      28.1786
    7065      28.1921
    7066      28.2004
    7067      28.1991
    7068      28.2255
    7069      28.2462
    7070      28.2836
    7071      28.2707
    7072      28.2815
    7073      28.3427
    7074      28.2897
    7075      28.2775
    7076      28.2282
    7077      28.2665
    7078      28.2043
    7079      28.3994
    7080      28.3423
    7081      28.2935
    7082      28.3170
    7083      28.3439
    7084      28.3077
    7085      28.2540
    7086      28.2070
    7087      28.2912
    7088      28.2871
    7089      28.2608
    7090      28.2905
    7091      28.2553
    7092      28.2335
    7093      28.2543
    7094      28.2047
    7095      28.3109
    7096      28.2925
    7097      28.2299
    7098      28.2045
    7099      28.1762
    7100      28.2124
    7101      28.1787
    7102      28.2264
    7103      28.2388
    7104      28.2181
    7105      28.2252
    7106      28.1346
    7107      28.2091
    7108      28.2395
    7109      28.3191
    7110      28.2260
    7111      28.2438
    7112      28.2360
    7113      28.2071
    7114      28.2244
    7115      28.1475
    7116      28.2386
    7117      28.2417
    7118      28.2506
    7119      28.1737
    7120      28.2346
    7121      28.2675
    7122      28.3916
    7123      28.3631
    7124      28.2983
    7125      28.2173
    7126      28.2290
    7127      28.1546
    7128      28.2083
    7129      28.1986
    7130      28.0980
    7131      28.2548
    7132      28.1239
    7133      28.1277
    7134      28.1829
    7135      28.1167
    7136      28.2775
    7137      28.2393
    7138      28.2113
    7139      28.2231
    7140      28.1718
    7141      28.0965
    7142      28.2210
    7143      28.2395
    7144      28.1208
    7145      28.2814
    7146      28.2230
    7147      28.2251
    7148      28.1372
    7149      28.1563
    7150      28.2600
    7151      28.2965
    7152      28.2482
    7153      28.3366
    7154      28.3457
    7155      28.2859
    7156      28.1669
    7157      28.2557
    7158      28.3251
    7159      28.2749
    7160      28.3034
    7161      28.2295
    7162      28.2170
    7163      28.2643
    7164      28.2461
    7165      28.1261
    7166      28.1727
    7167      28.1878
    7168      28.1242
    7169      28.1928
    7170      28.1200
    7171      28.1275
    7172      28.1932
    7173      28.2073
    7174      28.2144
    7175      28.1832
    7176      28.1173
    7177      28.2440
    7178      28.1791
    7179      28.2846
    7180      28.3516
    7181      28.2888
    7182      28.3359
    7183      28.2324
    7184      28.1456
    7185      28.1776
    7186      28.2753
    7187      28.2830
    7188      28.3808
    7189      28.3859
    7190      28.3249
    7191      28.3234
    7192      28.3015
    7193      28.3172
    7194      28.3157
    7195      28.2860
    7196      28.3271
    7197      28.3452
    7198      28.3768
    7199      28.3530
    7200      28.4374
    7201      28.3029
    7202      28.3204
    7203      28.3357
    7204      28.2190
    7205      28.3387
    7206      28.3702
    7207      28.3704
    7208      28.3912
    7209      28.2945
    7210      28.4377
    7211      28.4268
    7212      28.3762
    7213      28.4106
    7214      28.4146
    7215      28.3753
    7216      28.2817
    7217      28.2106
    7218      28.2963
    7219      28.3353
    7220      28.2725
    7221      28.1488
    7222      28.3034
    7223      28.2908
    7224      28.1709
    7225      28.2779
    7226      28.2120
    7227      28.2208
    7228      28.1374
    7229      28.2372
    7230      28.1966
    7231      28.2740
    7232      28.3253
    7233      28.3490
    7234      28.2887
    7235      28.2556
    7236      28.2537
    7237      28.2013
    7238      28.2680
    7239      28.3254
    7240      28.2265
    7241      28.2456
    7242      28.2984
    7243      28.2757
    7244      28.3536
    7245      28.3721
    7246      28.2747
    7247      28.2634
    7248      28.3350
    7249      28.3405
    7250      28.2999
    7251      28.3186
    7252      28.3252
    7253      28.3154
    7254      28.3673
    7255      28.2645
    7256      28.3314
    7257      28.4258
    7258      28.2636
    7259      28.3280
    7260      28.3089
    7261      28.2064
    7262      28.2634
    7263      28.2537
    7264      28.3269
    7265      28.2329
    7266      28.2136
    7267      28.2279
    7268      28.2463
    7269      28.2745
    7270      28.2363
    7271      28.3236
    7272      28.3623
    7273      28.2907
    7274      28.3355
    7275      28.3105
    7276      28.2654
    7277      28.3306
    7278      28.3338
    7279      28.3075
    7280      28.3403
    7281      28.2737
    7282      28.3348
    7283      28.2984
    7284      28.3070
    7285      28.4185
    7286      28.3123
    7287      28.3269
    7288      28.3110
    7289      28.3983
    7290      28.4005
    7291      28.3889
    7292      28.3931
    7293      28.3043
    7294      28.2949
    7295      28.3171
    7296      28.2469
    7297      28.2928
    7298      28.3734
    7299      28.2490
    7300      28.3005
    7301      28.2569
    7302      28.3017
    7303      28.1842
    7304      28.3221
    7305      28.3086
    7306      28.2745
    7307      28.2985
    7308      28.3285
    7309      28.3063
    7310      28.3198
    7311      28.3215
    7312      28.3685
    7313      28.3333
    7314      28.3407
    7315      28.3439
    7316      28.3015
    7317      28.2350
    7318      28.3447
    7319      28.2977
    7320      28.3935
    7321      28.2605
    7322      28.3897
    7323      28.2782
    7324      28.2215
    7325      28.2017
    7326      28.1951
    7327      28.3071
    7328      28.2304
    7329      28.2539
    7330      28.3683
    7331      28.3358
    7332      28.3162
    7333      28.2783
    7334      28.2450
    7335      28.2039
    7336      28.2906
    7337      28.2406
    7338      28.2054
    7339      28.1728
    7340      28.2687
    7341      28.2464
    7342      28.2663
    7343      28.1927
    7344      28.2240
    7345      28.2275
    7346      28.2573
    7347      28.2477
    7348      28.2843
    7349      28.2508
    7350      28.3249
    7351      28.3252
    7352      28.2754
    7353      28.2839
    7354      28.3292
    7355      28.3435
    7356      28.2403
    7357      28.3515
    7358      28.3182
    7359      28.3385
    7360      28.3897
    7361      28.2941
    7362      28.4003
    7363      28.2738
    7364      28.1681
    7365      28.1504
    7366      28.1766
    7367      28.2751
    7368      28.2402
    7369      28.3063
    7370      28.2364
    7371      28.2507
    7372      28.2231
    7373      28.2520
    7374      28.2685
    7375      28.2529
    7376      28.3139
    7377      28.3190
    7378      28.2697
    7379      28.2878
    7380      28.2574
    7381      28.2988
    7382      28.3299
    7383      28.3924
    7384      28.3948
    7385      28.4008
    7386      28.3963
    7387      28.3828
    7388      28.3499
    7389      28.2969
    7390      28.2917
    7391      28.3640
    7392      28.2672
    7393      28.3300
    7394      28.2981
    7395      28.2911
    7396      28.2764
    7397      28.3597
    7398      28.4002
    7399      28.3146
    7400      28.2954
    7401      28.3320
    7402      28.3916
    7403      28.2650
    7404      28.3756
    7405      28.3007
    7406      28.3301
    7407      28.2829
    7408      28.3443
    7409      28.2311
    7410      28.2786
    7411      28.2981
    7412      28.2445
    7413      28.2388
    7414      28.2328
    7415      28.3083
    7416      28.2560
    7417      28.4060
    7418      28.3973
    7419      28.3354
    7420      28.3264
    7421      28.3482
    7422      28.3387
    7423      28.3386
    7424      28.2767
    7425      28.2121
    7426      28.2460
    7427      28.2101
    7428      28.2370
    7429      28.1572
    7430      28.2606
    7431      28.2917
    7432      28.2220
    7433      28.2741
    7434      28.2122
    7435      28.2588
    7436      28.2997
    7437      28.3027
    7438      28.2465
    7439      28.1880
    7440      28.2186
    7441      28.3060
    7442      28.2381
    7443      28.2629
    7444      28.3081
    7445      28.3334
    7446      28.3718
    7447      28.3448
    7448      28.4238
    7449      28.3711
    7450      28.3342
    7451      28.3477
    7452      28.3081
    7453      28.3261
    7454      28.3595
    7455      28.2623
    7456      28.3604
    7457      28.3037
    7458      28.3581
    7459      28.3741
    7460      28.3044
    7461      28.2603
    7462      28.4195
    7463      28.3530
    7464      28.3078
    7465      28.3624
    7466      28.2972
    7467      28.3874
    7468      28.4037
    7469      28.3395
    7470      28.2799
    7471      28.2994
    7472      28.3240
    7473      28.3308
    7474      28.3607
    7475      28.2687
    7476      28.3250
    7477      28.3164
    7478      28.2879
    7479      28.2922
    7480      28.1953
    7481      28.3210
    7482      28.2993
    7483      28.2847
    7484      28.2150
    7485      28.2619
    7486      28.2973
    7487      28.3298
    7488      28.4647
    7489      28.3522
    7490      28.2243
    7491      28.2971
    7492      28.2459
    7493      28.1287
    7494      28.2448
    7495      28.2214
    7496      28.3843
    7497      28.3081
    7498      28.2378
    7499      28.3683
    7500      28.2777
    7501      28.2998
    7502      28.3418
    7503      28.2247
    7504      28.3011
    7505      28.3056
    7506      28.3868
    7507      28.3132
    7508      28.3590
    7509      28.3624
    7510      28.3162
    7511      28.3366
    7512      28.2361
    7513      28.3103
    7514      28.2234
    7515      28.1468
    7516      28.2880
    7517      28.2313
    7518      28.2356
    7519      28.1922
    7520      28.2978
    7521      28.2911
    7522      28.3050
    7523      28.3304
    7524      28.3221
    7525      28.2665
    7526      28.3434
    7527      28.3416
    7528      28.2930
    7529      28.2591
    7530      28.3263
    7531      28.2926
    7532      28.3746
    7533      28.3283
    7534      28.2924
    7535      28.2324
    7536      28.2807
    7537      28.3176
    7538      28.2643
    7539      28.2812
    7540      28.3105
    7541      28.3383
    7542      28.3804
    7543      28.3531
    7544      28.3808
    7545      28.3187
    7546      28.3030
    7547      28.2085
    7548      28.2806
    7549      28.3067
    7550      28.3530
    7551      28.3155
    7552      28.2786
    7553      28.2953
    7554      28.3397
    7555      28.3465
    7556      28.3581
    7557      28.3191
    7558      28.3725
    7559      28.4422
    7560      28.2872
    7561      28.3197
    7562      28.1997
    7563      28.3732
    7564      28.4262
    7565      28.3135
    7566      28.2949
    7567      28.4516
    7568      28.2789
    7569      28.4656
    7570      28.4350
    7571      28.3582
    7572      28.3492
    7573      28.3329
    7574      28.2733
    7575      28.2716
    7576      28.3068
    7577      28.2363
    7578      28.2369
    7579      28.1911
    7580      28.1918
    7581      28.2069
    7582      28.2443
    7583      28.1312
    7584      28.2959
    7585      28.2182
    7586      28.1876
    7587      28.1879
    7588      28.2194
    7589      28.1878
    7590      28.1513
    7591      28.2212
    7592      28.1950
    7593      28.2535
    7594      28.1803
    7595      28.2093
    7596      28.2130
    7597      28.2127
    7598      28.2467
    7599      28.1866
    7600      28.2700
    7601      28.1797
    7602      28.1866
    7603      28.2731
    7604      28.2932
    7605      28.3902
    7606      28.2796
    7607      28.3674
    7608      28.4148
    7609      28.3282
    7610      28.3298
    7611      28.3819
    7612      28.3703
    7613      28.2562
    7614      28.2892
    7615      28.2554
    7616      28.3523
    7617      28.1949
    7618      28.2383
    7619      28.1878
    7620      28.2659
    7621      28.1819
    7622      28.3157
    7623      28.2878
    7624      28.3085
    7625      28.2510
    7626      28.3028
    7627      28.4048
    7628      28.2651
    7629      28.2658
    7630      28.2944
    7631      28.3173
    7632      28.2977
    7633      28.2420
    7634      28.2283
    7635      28.3241
    7636      28.3190
    7637      28.2601
    7638      28.2402
    7639      28.2955
    7640      28.2834
    7641      28.2469
    7642      28.2655
    7643      28.2329
    7644      28.3512
    7645      28.2813
    7646      28.2135
    7647      28.2595
    7648      28.2354
    7649      28.2216
    7650      28.1921
    7651      28.2515
    7652      28.3159
    7653      28.3030
    7654      28.2638
    7655      28.3077
    7656      28.2954
    7657      28.2331
    7658      28.2797
    7659      28.3456
    7660      28.2286
    7661      28.2828
    7662      28.3647
    7663      28.3110
    7664      28.2947
    7665      28.2434
    7666      28.2839
    7667      28.2886
    7668      28.2164
    7669      28.3147
    7670      28.3353
    7671      28.2980
    7672      28.3132
    7673      28.2926
    7674      28.2956
    7675      28.3723
    7676      28.3004
    7677      28.3827
    7678      28.3218
    7679      28.2959
    7680      28.2889
    7681      28.2590
    7682      28.2207
    7683      28.3469
    7684      28.2635
    7685      28.3269
    7686      28.2978
    7687      28.3581
    7688      28.3758
    7689      28.4124
    7690      28.3122
    7691      28.3417
    7692      28.3842
    7693      28.3629
    7694      28.3362
    7695      28.2660
    7696      28.2684
    7697      28.2660
    7698      28.3566
    7699      28.2683
    7700      28.3342
    7701      28.2687
    7702      28.2577
    7703      28.3365
    7704      28.2991
    7705      28.3007
    7706      28.3281
    7707      28.3113
    7708      28.3020
    7709      28.4186
    7710      28.4020
    7711      28.3768
    7712      28.3446
    7713      28.3193
    7714      28.2560
    7715      28.2057
    7716      28.3052
    7717      28.3157
    7718      28.3405
    7719      28.3150
    7720      28.3124
    7721      28.3690
    7722      28.3039
    7723      28.4120
    7724      28.2910
    7725      28.3363
    7726      28.3897
    7727      28.3129
    7728      28.3170
    7729      28.3045
    7730      28.2940
    7731      28.3100
    7732      28.3579
    7733      28.3204
    7734      28.3845
    7735      28.4011
    7736      28.3286
    7737      28.3219
    7738      28.3115
    7739      28.3513
    7740      28.3459
    7741      28.4182
    7742      28.4113
    7743      28.3249
    7744      28.4948
    7745      28.3639
    7746      28.3753
    7747      28.3747
    7748      28.4251
    7749      28.4951
    7750      28.4443
    7751      28.4900
    7752      28.4866
    7753      28.4243
    7754      28.4430
    7755      28.3972
    7756      28.3728
    7757      28.3096
    7758      28.3404
    7759      28.2832
    7760      28.4442
    7761      28.3892
    7762      28.4107
    7763      28.4091
    7764      28.4092
    7765      28.4509
    7766      28.4405
    7767      28.4431
    7768      28.4181
    7769      28.3470
    7770      28.3136
    7771      28.3756
    7772      28.3945
    7773      28.4235
    7774      28.3691
    7775      28.4955
    7776      28.4027
    7777      28.4652
    7778      28.4152
    7779      28.4705
    7780      28.4312
    7781      28.4348
    7782      28.3927
    7783      28.4137
    7784      28.3652
    7785      28.4058
    7786      28.3264
    7787      28.3414
    7788      28.4186
    7789      28.3503
    7790      28.3345
    7791      28.3925
    7792      28.4147
    7793      28.4021
    7794      28.4242
    7795      28.4384
    7796      28.4433
    7797      28.4233
    7798      28.3632
    7799      28.3499
    7800      28.3951
    7801      28.3880
    7802      28.4562
    7803      28.5324
    7804      28.5445
    7805      28.4495
    7806      28.5574
    7807      28.4367
    7808      28.5433
    7809      28.4338
    7810      28.3748
    7811      28.3784
    7812      28.4589
    7813      28.4866
    7814      28.4499
    7815      28.4791
    7816      28.5067
    7817      28.4718
    7818      28.4933
    7819      28.3594
    7820      28.4441
    7821      28.4462
    7822      28.5013
    7823      28.4913
    7824      28.4286
    7825      28.4449
    7826      28.5570
    7827      28.4045
    7828      28.4708
    7829      28.5551
    7830      28.4608
    7831      28.4596
    7832      28.4611
    7833      28.4229
    7834      28.4759
    7835      28.4673
    7836      28.5136
    7837      28.4986
    7838      28.4949
    7839      28.4492
    7840      28.3848
    7841      28.4124
    7842      28.4889
    7843      28.4537
    7844      28.3913
    7845      28.3575
    7846      28.3949
    7847      28.3599
    7848      28.3861
    7849      28.3981
    7850      28.3891
    7851      28.4180
    7852      28.3706
    7853      28.4546
    7854      28.4130
    7855      28.3598
    7856      28.3686
    7857      28.3898
    7858      28.3757
    7859      28.3918
    7860      28.4489
    7861      28.4263
    7862      28.3765
    7863      28.3297
    7864      28.2950
    7865      28.4593
    7866      28.4488
    7867      28.3879
    7868      28.4284
    7869      28.4647
    7870      28.3427
    7871      28.4267
    7872      28.3510
    7873      28.3221
    7874      28.2924
    7875      28.3428
    7876      28.3783
    7877      28.4110
    7878      28.2540
    7879      28.2218
    7880      28.2379
    7881      28.3495
    7882      28.3027
    7883      28.2450
    7884      28.3310
    7885      28.3050
    7886      28.2353
    7887      28.3394
    7888      28.2493
    7889      28.1696
    7890      28.3089
    7891      28.3459
    7892      28.2612
    7893      28.3279
    7894      28.3512
    7895      28.3629
    7896      28.3325
    7897      28.4149
    7898      28.3831
    7899      28.2974
    7900      28.3739
    7901      28.3198
    7902      28.3057
    7903      28.3148
    7904      28.3247
    7905      28.3925
    7906      28.3529
    7907      28.4165
    7908      28.2630
    7909      28.4105
    7910      28.3739
    7911      28.3800
    7912      28.3645
    7913      28.3318
    7914      28.3832
    7915      28.3424
    7916      28.3929
    7917      28.3059
    7918      28.3595
    7919      28.4608
    7920      28.4439
    7921      28.4370
    7922      28.4573
    7923      28.3480
    7924      28.4044
    7925      28.4170
    7926      28.4268
    7927      28.3333
    7928      28.3973
    7929      28.3154
    7930      28.2455
    7931      28.3805
    7932      28.3477
    7933      28.3855
    7934      28.3960
    7935      28.3772
    7936      28.3234
    7937      28.2690
    7938      28.2901
    7939      28.4204
    7940      28.2697
    7941      28.3287
    7942      28.2996
    7943      28.2742
    7944      28.3695
    7945      28.2626
    7946      28.3542
    7947      28.3708
    7948      28.3634
    7949      28.4069
    7950      28.3177
    7951      28.3342
    7952      28.2998
    7953      28.3526
    7954      28.4617
    7955      28.3146
    7956      28.3972
    7957      28.4348
    7958      28.3885
    7959      28.4359
    7960      28.4077
    7961      28.3823
    7962      28.4504
    7963      28.4113
    7964      28.4066
    7965      28.4275
    7966      28.4675
    7967      28.3787
    7968      28.3236
    7969      28.4114
    7970      28.3352
    7971      28.3421
    7972      28.3054
    7973      28.3530
    7974      28.3608
    7975      28.3111
    7976      28.2700
    7977      28.2530
    7978      28.2564
    7979      28.3219
    7980      28.2933
    7981      28.2147
    7982      28.2254
    7983      28.2012
    7984      28.2699
    7985      28.2556
    7986      28.2096
    7987      28.2431
    7988      28.3178
    7989      28.3902
    7990      28.2836
    7991      28.2659
    7992      28.2785
    7993      28.3102
    7994      28.3268
    7995      28.2713
    7996      28.2818
    7997      28.3013
    7998      28.3403
    7999      28.3631
    8000      28.2892
    8001      28.2496
    8002      28.2716
    8003      28.3230
    8004      28.3944
    8005      28.3090
    8006      28.2791
    8007      28.1788
    8008      28.2773
    8009      28.2782
    8010      28.3736
    8011      28.2626
    8012      28.2138
    8013      28.2534
    8014      28.2368
    8015      28.2943
    8016      28.2134
    8017      28.3281
    8018      28.3532
    8019      28.2738
    8020      28.2898
    8021      28.2397
    8022      28.2656
    8023      28.2498
    8024      28.2107
    8025      28.2540
    8026      28.2940
    8027      28.2926
    8028      28.2573
    8029      28.2007
    8030      28.3337
    8031      28.3778
    8032      28.4327
    8033      28.3682
    8034      28.4196
    8035      28.3593
    8036      28.4056
    8037      28.3438
    8038      28.3599
    8039      28.2361
    8040      28.2623
    8041      28.2857
    8042      28.3909
    8043      28.2848
    8044      28.3338
    8045      28.2786
    8046      28.3163
    8047      28.2970
    8048      28.2959
    8049      28.1906
    8050      28.1880
    8051      28.3044
    8052      28.2712
    8053      28.2120
    8054      28.2519
    8055      28.3147
    8056      28.3096
    8057      28.3384
    8058      28.3237
    8059      28.3191
    8060      28.4240
    8061      28.3479
    8062      28.3967
    8063      28.3982
    8064      28.3797
    8065      28.3615
    8066      28.3325
    8067      28.3844
    8068      28.4745
    8069      28.2532
    8070      28.3772
    8071      28.3162
    8072      28.3723
    8073      28.4445
    8074      28.4396
    8075      28.4480
    8076      28.5177
    8077      28.3883
    8078      28.4403
    8079      28.3792
    8080      28.3395
    8081      28.4455
    8082      28.3434
    8083      28.3608
    8084      28.3820
    8085      28.3663
    8086      28.4480
    8087      28.4065
    8088      28.3930
    8089      28.4140
    8090      28.3669
    8091      28.4142
    8092      28.2877
    8093      28.4139
    8094      28.4171
    8095      28.4548
    8096      28.3665
    8097      28.3822
    8098      28.3468
    8099      28.4363
    8100      28.3978
    8101      28.3424
    8102      28.2973
    8103      28.3404
    8104      28.3864
    8105      28.4330
    8106      28.4384
    8107      28.3386
    8108      28.3720
    8109      28.4168
    8110      28.3462
    8111      28.3283
    8112      28.3984
    8113      28.3737
    8114      28.4486
    8115      28.3746
    8116      28.3940
    8117      28.3927
    8118      28.3213
    8119      28.3580
    8120      28.3011
    8121      28.3516
    8122      28.3037
    8123      28.3560
    8124      28.3601
    8125      28.3583
    8126      28.3147
    8127      28.4247
    8128      28.3464
    8129      28.3289
    8130      28.3940
    8131      28.3202
    8132      28.4227
    8133      28.4006
    8134      28.3918
    8135      28.4388
    8136      28.2922
    8137      28.3226
    8138      28.3541
    8139      28.2674
    8140      28.3647
    8141      28.3060
    8142      28.3340
    8143      28.4118
    8144      28.4051
    8145      28.3372
    8146      28.3550
    8147      28.2719
    8148      28.3640
    8149      28.2874
    8150      28.2718
    8151      28.2519
    8152      28.2236
    8153      28.3007
    8154      28.3553
    8155      28.3838
    8156      28.4372
    8157      28.3643
    8158      28.3568
    8159      28.3890
    8160      28.3284
    8161      28.4273
    8162      28.3599
    8163      28.2974
    8164      28.3571
    8165      28.3856
    8166      28.2987
    8167      28.3363
    8168      28.3240
    8169      28.3094
    8170      28.3905
    8171      28.3618
    8172      28.4113
    8173      28.5304
    8174      28.4122
    8175      28.4947
    8176      28.4172
    8177      28.4508
    8178      28.4565
    8179      28.4244
    8180      28.4005
    8181      28.4042
    8182      28.3335
    8183      28.4240
    8184      28.4073
    8185      28.3932
    8186      28.4291
    8187      28.3575
    8188      28.4506
    8189      28.3210
    8190      28.3693
    8191      28.3782
    8192      28.3706
    8193      28.3930
    8194      28.4001
    8195      28.3168
    8196      28.3659
    8197      28.2573
    8198      28.3705
    8199      28.3417
    8200      28.4076
    8201      28.3293
    8202      28.3983
    8203      28.4568
    8204      28.4276
    8205      28.3956
    8206      28.4227
    8207      28.3691
    8208      28.3809
    8209      28.3579
    8210      28.3758
    8211      28.3128
    8212      28.2938
    8213      28.3550
    8214      28.3365
    8215      28.2749
    8216      28.3327
    8217      28.3851
    8218      28.3070
    8219      28.2949
    8220      28.4467
    8221      28.4079
    8222      28.3838
    8223      28.3702
    8224      28.3196
    8225      28.3723
    8226      28.4038
    8227      28.3791
    8228      28.3501
    8229      28.2511
    8230      28.3394
    8231      28.3211
    8232      28.3616
    8233      28.2659
    8234      28.3452
    8235      28.3658
    8236      28.3409
    8237      28.3069
    8238      28.3635
    8239      28.3308
    8240      28.3648
    8241      28.3903
    8242      28.3720
    8243      28.3651
    8244      28.3728
    8245      28.3752
    8246      28.3623
    8247      28.3342
    8248      28.4011
    8249      28.3822
    8250      28.3551
    8251      28.4448
    8252      28.3719
    8253      28.3839
    8254      28.3444
    8255      28.3764
    8256      28.3790
    8257      28.3619
    8258      28.3181
    8259      28.2858
    8260      28.2697
    8261      28.3446
    8262      28.2745
    8263      28.3137
    8264      28.2451
    8265      28.2652
    8266      28.1962
    8267      28.2339
    8268      28.2684
    8269      28.2658
    8270      28.2384
    8271      28.3090
    8272      28.3275
    8273      28.3226
    8274      28.3126
    8275      28.3294
    8276      28.2561
    8277      28.3683
    8278      28.3133
    8279      28.3855
    8280      28.3467
    8281      28.3082
    8282      28.4210
    8283      28.3524
    8284      28.3169
    8285      28.2990
    8286      28.4123
    8287      28.3683
    8288      28.2893
    8289      28.3551
    8290      28.2839
    8291      28.3349
    8292      28.3307
    8293      28.2646
    8294      28.2794
    8295      28.3421
    8296      28.2948
    8297      28.3194
    8298      28.3587
    8299      28.3240
    8300      28.3054
    8301      28.3056
    8302      28.3320
    8303      28.3124
    8304      28.2782
    8305      28.4381
    8306      28.3011
    8307      28.4100
    8308      28.3702
    8309      28.3769
    8310      28.4049
    8311      28.3269
    8312      28.3133
    8313      28.2865
    8314      28.3398
    8315      28.3665
    8316      28.4140
    8317      28.3273
    8318      28.3556
    8319      28.3552
    8320      28.3960
    8321      28.3270
    8322      28.3889
    8323      28.4145
    8324      28.3552
    8325      28.2794
    8326      28.4297
    8327      28.4214
    8328      28.3718
    8329      28.2421
    8330      28.3176
    8331      28.1732
    8332      28.2616
    8333      28.2477
    8334      28.3305
    8335      28.3238
    8336      28.3565
    8337      28.3874
    8338      28.3791
    8339      28.4725
    8340      28.3970
    8341      28.3513
    8342      28.3495
    8343      28.3188
    8344      28.4084
    8345      28.4008
    8346      28.4270
    8347      28.4575
    8348      28.4901
    8349      28.4703
    8350      28.4113
    8351      28.3758
    8352      28.3502
    8353      28.3380
    8354      28.4136
    8355      28.4206
    8356      28.4777
    8357      28.4283
    8358      28.3908
    8359      28.4031
    8360      28.4071
    8361      28.4915
    8362      28.4311
    8363      28.4287
    8364      28.3292
    8365      28.3684
    8366      28.4319
    8367      28.3758
    8368      28.2991
    8369      28.2894
    8370      28.3761
    8371      28.4103
    8372      28.4085
    8373      28.3218
    8374      28.2883
    8375      28.3775
    8376      28.2930
    8377      28.3647
    8378      28.3613
    8379      28.3598
    8380      28.3000
    8381      28.2164
    8382      28.4007
    8383      28.3529
    8384      28.3523
    8385      28.2741
    8386      28.2340
    8387      28.2221
    8388      28.2962
    8389      28.1934
    8390      28.1836
    8391      28.2344
    8392      28.2253
    8393      28.1743
    8394      28.2799
    8395      28.2353
    8396      28.2434
    8397      28.2370
    8398      28.3000
    8399      28.1942
    8400      28.1948
    8401      28.2338
    8402      28.1697
    8403      28.2325
    8404      28.1761
    8405      28.2098
    8406      28.2173
    8407      28.2404
    8408      28.0745
    8409      28.1273
    8410      28.0830
    8411      28.1148
    8412      28.1635
    8413      28.1993
    8414      28.2692
    8415      28.2669
    8416      28.2239
    8417      28.2483
    8418      28.2207
    8419      28.1613
    8420      28.2030
    8421      28.2279
    8422      28.2746
    8423      28.2804
    8424      28.2289
    8425      28.2102
    8426      28.2558
    8427      28.1975
    8428      28.1653
    8429      28.2110
    8430      28.2134
    8431      28.2477
    8432      28.2210
    8433      28.2771
    8434      28.2867
    8435      28.3278
    8436      28.3467
    8437      28.3556
    8438      28.2612
    8439      28.3372
    8440      28.3213
    8441      28.3338
    8442      28.2894
    8443      28.3887
    8444      28.2619
    8445      28.2542
    8446      28.2647
    8447      28.2303
    8448      28.2043
    8449      28.2993
    8450      28.2355
    8451      28.2279
    8452      28.2343
    8453      28.2315
    8454      28.1681
    8455      28.2632
    8456      28.2914
    8457      28.1945
    8458      28.2344
    8459      28.2985
    8460      28.2892
    8461      28.3154
    8462      28.2202
    8463      28.3069
    8464      28.2656
    8465      28.2991
    8466      28.2799
    8467      28.2802
    8468      28.2871
    8469      28.2382
    8470      28.2162
    8471      28.2506
    8472      28.3071
    8473      28.3922
    8474      28.3501
    8475      28.3309
    8476      28.3186
    8477      28.2911
    8478      28.3088
    8479      28.3204
    8480      28.3114
    8481      28.1794
    8482      28.2349
    8483      28.2712
    8484      28.3173
    8485      28.3480
    8486      28.2468
    8487      28.2898
    8488      28.3523
    8489      28.3446
    8490      28.4406
    8491      28.3710
    8492      28.3896
    8493      28.2872
    8494      28.4154
    8495      28.3777
    8496      28.3563
    8497      28.3800
    8498      28.4336
    8499      28.4124
    8500      28.4086
    8501      28.4823
    8502      28.3565
    8503      28.3706
    8504      28.4204
    8505      28.3571
    8506      28.3399
    8507      28.3630
    8508      28.3907
    8509      28.4435
    8510      28.4555
    8511      28.4593
    8512      28.4149
    8513      28.4729
    8514      28.3965
    8515      28.4671
    8516      28.5893
    8517      28.4468
    8518      28.4350
    8519      28.4592
    8520      28.4925
    8521      28.5414
    8522      28.4426
    8523      28.5129
    8524      28.4298
    8525      28.3473
    8526      28.4704
    8527      28.3994
    8528      28.4831
    8529      28.4904
    8530      28.4814
    8531      28.4518
    8532      28.4546
    8533      28.4325
    8534      28.5178
    8535      28.3896
    8536      28.4609
    8537      28.4140
    8538      28.5207
    8539      28.4390
    8540      28.4865
    8541      28.4536
    8542      28.4153
    8543      28.3374
    8544      28.3518
    8545      28.3591
    8546      28.4090
    8547      28.4289
    8548      28.4213
    8549      28.4342
    8550      28.4608
    8551      28.3588
    8552      28.4041
    8553      28.3941
    8554      28.4451
    8555      28.4417
    8556      28.3950
    8557      28.4435
    8558      28.3625
    8559      28.4814
    8560      28.4078
    8561      28.4242
    8562      28.3864
    8563      28.3758
    8564      28.3263
    8565      28.3386
    8566      28.3218
    8567      28.2639
    8568      28.2357
    8569      28.2098
    8570      28.3204
    8571      28.3427
    8572      28.3613
    8573      28.3741
    8574      28.4012
    8575      28.4317
    8576      28.4114
    8577      28.3139
    8578      28.1811
    8579      28.2419
    8580      28.3429
    8581      28.2470
    8582      28.2718
    8583      28.3158
    8584      28.2591
    8585      28.3057
    8586      28.3148
    8587      28.3028
    8588      28.3225
    8589      28.2757
    8590      28.3819
    8591      28.3929
    8592      28.3471
    8593      28.4090
    8594      28.3964
    8595      28.4843
    8596      28.4260
    8597      28.3635
    8598      28.3111
    8599      28.2804
    8600      28.3485
    8601      28.3798
    8602      28.3570
    8603      28.3613
    8604      28.3466
    8605      28.2669
    8606      28.3705
    8607      28.2928
    8608      28.1996
    8609      28.2569
    8610      28.1568
    8611      28.1951
    8612      28.2124
    8613      28.3435
    8614      28.2773
    8615      28.3499
    8616      28.2502
    8617      28.2950
    8618      28.3681
    8619      28.4084
    8620      28.4275
    8621      28.4080
    8622      28.3166
    8623      28.4201
    8624      28.3795
    8625      28.3884
    8626      28.4032
    8627      28.4286
    8628      28.2973
    8629      28.2612
    8630      28.3141
    8631      28.3750
    8632      28.2731
    8633      28.3046
    8634      28.3076
    8635      28.2327
    8636      28.3589
    8637      28.3195
    8638      28.3809
    8639      28.3544
    8640      28.3492
    8641      28.3925
    8642      28.3405
    8643      28.3130
    8644      28.3097
    8645      28.3743
    8646      28.2999
    8647      28.3160
    8648      28.3591
    8649      28.3131
    8650      28.2704
    8651      28.2416
    8652      28.3654
    8653      28.4232
    8654      28.3436
    8655      28.3300
    8656      28.3504
    8657      28.3991
    8658      28.4652
    8659      28.4825
    8660      28.3773
    8661      28.4222
    8662      28.3250
    8663      28.4073
    8664      28.4257
    8665      28.3510
    8666      28.3735
    8667      28.4561
    8668      28.4099
    8669      28.3309
    8670      28.3965
    8671      28.3504
    8672      28.3631
    8673      28.4359
    8674      28.3854
    8675      28.3117
    8676      28.3725
    8677      28.3462
    8678      28.3372
    8679      28.3426
    8680      28.3472
    8681      28.4443
    8682      28.3523
    8683      28.3979
    8684      28.4071
    8685      28.3152
    8686      28.3796
    8687      28.3476
    8688      28.2614
    8689      28.3384
    8690      28.4007
    8691      28.3727
    8692      28.4220
    8693      28.3011
    8694      28.3623
    8695      28.4338
    8696      28.3492
    8697      28.3694
    8698      28.4164
    8699      28.3272
    8700      28.3055
    8701      28.3459
    8702      28.2854
    8703      28.4070
    8704      28.4041
    8705      28.3673
    8706      28.3934
    8707      28.2667
    8708      28.1780
    8709      28.2725
    8710      28.2468
    8711      28.1926
    8712      28.2891
    8713      28.3494
    8714      28.2529
    8715      28.3953
    8716      28.3686
    8717      28.3734
    8718      28.2701
    8719      28.3048
    8720      28.3139
    8721      28.2273
    8722      28.2784
    8723      28.1756
    8724      28.1796
    8725      28.1803
    8726      28.2997
    8727      28.3408
    8728      28.2471
    8729      28.3196
    8730      28.3223
    8731      28.2653
    8732      28.3526
    8733      28.2828
    8734      28.3825
    8735      28.3360
    8736      28.2917
    8737      28.2812
    8738      28.2342
    8739      28.2852
    8740      28.2990
    8741      28.3180
    8742      28.3028
    8743      28.2588
    8744      28.3006
    8745      28.2971
    8746      28.1511
    8747      28.2498
    8748      28.2199
    8749      28.3314
    8750      28.2563
    8751      28.2636
    8752      28.2929
    8753      28.3063
    8754      28.3105
    8755      28.3139
    8756      28.2281
    8757      28.2624
    8758      28.2609
    8759      28.3042
    8760      28.2751
    8761      28.2783
    8762      28.2507
    8763      28.2883
    8764      28.2982
    8765      28.3016
    8766      28.3183
    8767      28.3686
    8768      28.4233
    8769      28.3722
    8770      28.3672
    8771      28.3942
    8772      28.3071
    8773      28.3072
    8774      28.3089
    8775      28.3917
    8776      28.2462
    8777      28.3106
    8778      28.2450
    8779      28.3095
    8780      28.2350
    8781      28.3706
    8782      28.3873
    8783      28.4175
    8784      28.3544
    8785      28.2942
    8786      28.2625
    8787      28.2390
    8788      28.2614
    8789      28.3031
    8790      28.2481
    8791      28.3094
    8792      28.3179
    8793      28.2821
    8794      28.3639
    8795      28.3748
    8796      28.3210
    8797      28.4660
    8798      28.3535
    8799      28.2897
    8800      28.3651
    8801      28.3973
    8802      28.5113
    8803      28.4155
    8804      28.3085
    8805      28.3546
    8806      28.2592
    8807      28.3504
    8808      28.3466
    8809      28.3825
    8810      28.4278
    8811      28.4180
    8812      28.3515
    8813      28.3043
    8814      28.3475
    8815      28.3198
    8816      28.3644
    8817      28.3278
    8818      28.3348
    8819      28.4091
    8820      28.3487
    8821      28.3026
    8822      28.3854
    8823      28.3572
    8824      28.2756
    8825      28.3487
    8826      28.3569
    8827      28.3903
    8828      28.2746
    8829      28.3053
    8830      28.4387
    8831      28.3340
    8832      28.3307
    8833      28.3416
    8834      28.3907
    8835      28.3695
    8836      28.3235
    8837      28.3772
    8838      28.4154
    8839      28.3459
    8840      28.4492
    8841      28.3859
    8842      28.2729
    8843      28.3485
    8844      28.4260
    8845      28.4800
    8846      28.4629
    8847      28.4116
    8848      28.4732
    8849      28.4368
    8850      28.5234
    8851      28.4513
    8852      28.3953
    8853      28.4338
    8854      28.3993
    8855      28.4367
    8856      28.4230
    8857      28.4143
    8858      28.4439
    8859      28.5100
    8860      28.4500
    8861      28.5261
    8862      28.4300
    8863      28.3953
    8864      28.4908
    8865      28.5752
    8866      28.4887
    8867      28.4780
    8868      28.3618
    8869      28.4982
    8870      28.5512
    8871      28.4705
    8872      28.4388
    8873      28.3751
    8874      28.3137
    8875      28.3057
    8876      28.3474
    8877      28.3846
    8878      28.4293
    8879      28.4738
    8880      28.4199
    8881      28.4352
    8882      28.4243
    8883      28.4285
    8884      28.3797
    8885      28.4894
    8886      28.3560
    8887      28.3515
    8888      28.3445
    8889      28.3008
    8890      28.3272
    8891      28.3156
    8892      28.2652
    8893      28.3857
    8894      28.2818
    8895      28.3354
    8896      28.2919
    8897      28.2899
    8898      28.3054
    8899      28.3251
    8900      28.3359
    8901      28.3742
    8902      28.2771
    8903      28.2838
    8904      28.3440
    8905      28.3903
    8906      28.3759
    8907      28.2837
    8908      28.3033
    8909      28.3240
    8910      28.3205
    8911      28.2919
    8912      28.3272
    8913      28.3735
    8914      28.3333
    8915      28.4101
    8916      28.4070
    8917      28.4440
    8918      28.3628
    8919      28.2691
    8920      28.3150
    8921      28.3366
    8922      28.2913
    8923      28.4180
    8924      28.3793
    8925      28.3719
    8926      28.3216
    8927      28.4296
    8928      28.2664
    8929      28.3415
    8930      28.3209
    8931      28.3736
    8932      28.3573
    8933      28.3653
    8934      28.3475
    8935      28.2205
    8936      28.3470
    8937      28.3788
    8938      28.3461
    8939      28.4320
    8940      28.2553
    8941      28.2667
    8942      28.2766
    8943      28.2801
    8944      28.2282
    8945      28.2359
    8946      28.2883
    8947      28.2815
    8948      28.3178
    8949      28.2817
    8950      28.2241
    8951      28.2621
    8952      28.2613
    8953      28.1251
    8954      28.2474
    8955      28.2499
    8956      28.2925
    8957      28.3052
    8958      28.3030
    8959      28.2456
    8960      28.2705
    8961      28.2546
    8962      28.2603
    8963      28.2828
    8964      28.3454
    8965      28.2696
    8966      28.3893
    8967      28.3077
    8968      28.2988
    8969      28.2447
    8970      28.2444
    8971      28.2115
    8972      28.1922
    8973      28.1562
    8974      28.1751
    8975      28.3714
    8976      28.1328
    8977      28.2396
    8978      28.1674
    8979      28.2494
    8980      28.2491
    8981      28.2213
    8982      28.1283
    8983      28.1013
    8984      28.3095
    8985      28.2240
    8986      28.2488
    8987      28.2411
    8988      28.3292
    8989      28.2596
    8990      28.3241
    8991      28.3512
    8992      28.2299
    8993      28.2283
    8994      28.2713
    8995      28.2520
    8996      28.3001
    8997      28.2896
    8998      28.2020
    8999      28.1973
    9000      28.2744
    9001      28.2774
    9002      28.3832
    9003      28.3360
    9004      28.4006
    9005      28.3057
    9006      28.3456
    9007      28.3518
    9008      28.3813
    9009      28.3846
    9010      28.3831
    9011      28.3964
    9012      28.2517
    9013      28.3628
    9014      28.2798
    9015      28.3030
    9016      28.3356
    9017      28.3190
    9018      28.3335
    9019      28.2852
    9020      28.2743
    9021      28.3934
    9022      28.3436
    9023      28.3205
    9024      28.4193
    9025      28.3737
    9026      28.3796
    9027      28.3777
    9028      28.4499
    9029      28.4307
    9030      28.3915
    9031      28.2634
    9032      28.2651
    9033      28.3214
    9034      28.2696
    9035      28.2986
    9036      28.4173
    9037      28.2993
    9038      28.3033
    9039      28.2713
    9040      28.3678
    9041      28.3694
    9042      28.3309
    9043      28.4590
    9044      28.4494
    9045      28.4156
    9046      28.3437
    9047      28.2131
    9048      28.3407
    9049      28.3302
    9050      28.2874
    9051      28.2877
    9052      28.2373
    9053      28.3142
    9054      28.3722
    9055      28.3560
    9056      28.3763
    9057      28.4338
    9058      28.3449
    9059      28.3448
    9060      28.2603
    9061      28.2987
    9062      28.3601
    9063      28.3846
    9064      28.4297
    9065      28.4413
    9066      28.4660
    9067      28.4572
    9068      28.3969
    9069      28.3122
    9070      28.3347
    9071      28.3047
    9072      28.3811
    9073      28.3400
    9074      28.3886
    9075      28.4009
    9076      28.4159
    9077      28.3987
    9078      28.4448
    9079      28.3931
    9080      28.4247
    9081      28.3645
    9082      28.4279
    9083      28.4194
    9084      28.3086
    9085      28.3421
    9086      28.3147
    9087      28.3119
    9088      28.3606
    9089      28.3438
    9090      28.3183
    9091      28.2439
    9092      28.3531
    9093      28.2964
    9094      28.3811
    9095      28.3230
    9096      28.4606
    9097      28.4526
    9098      28.3734
    9099      28.4884
    9100      28.5698
    9101      28.4506
    9102      28.4418
    9103      28.3057
    9104      28.3668
    9105      28.3904
    9106      28.3389
    9107      28.3005
    9108      28.3669
    9109      28.2914
    9110      28.3296
    9111      28.2313
    9112      28.3322
    9113      28.3359
    9114      28.3975
    9115      28.4226
    9116      28.3424
    9117      28.2854
    9118      28.4357
    9119      28.3564
    9120      28.3604
    9121      28.3406
    9122      28.3992
    9123      28.4005
    9124      28.2996
    9125      28.3106
    9126      28.3017
    9127      28.3956
    9128      28.2423
    9129      28.3190
    9130      28.3286
    9131      28.2576
    9132      28.2900
    9133      28.3455
    9134      28.3099
    9135      28.2914
    9136      28.4604
    9137      28.3832
    9138      28.3703
    9139      28.4205
    9140      28.3271
    9141      28.3124
    9142      28.2717
    9143      28.2066
    9144      28.3075
    9145      28.2504
    9146      28.2610
    9147      28.3022
    9148      28.3551
    9149      28.3355
    9150      28.3864
    9151      28.3614
    9152      28.2899
    9153      28.3768
    9154      28.3153
    9155      28.3293
    9156      28.2901
    9157      28.3278
    9158      28.3613
    9159      28.4566
    9160      28.4179
    9161      28.3157
    9162      28.3288
    9163      28.3254
    9164      28.2930
    9165      28.3385
    9166      28.2050
    9167      28.2734
    9168      28.3948
    9169      28.2250
    9170      28.3150
    9171      28.2477
    9172      28.2781
    9173      28.2453
    9174      28.1964
    9175      28.3091
    9176      28.2117
    9177      28.2341
    9178      28.3054
    9179      28.2445
    9180      28.1436
    9181      28.2553
    9182      28.2587
    9183      28.2197
    9184      28.3021
    9185      28.2926
    9186      28.2859
    9187      28.2476
    9188      28.3779
    9189      28.3692
    9190      28.3122
    9191      28.2258
    9192      28.2651
    9193      28.2594
    9194      28.2654
    9195      28.1722
    9196      28.2535
    9197      28.2717
    9198      28.2831
    9199      28.4280
    9200      28.3507
    9201      28.4082
    9202      28.3596
    9203      28.3371
    9204      28.2860
    9205      28.3245
    9206      28.3824
    9207      28.3398
    9208      28.2991
    9209      28.2826
    9210      28.3438
    9211      28.2682
    9212      28.3399
    9213      28.3138
    9214      28.2795
    9215      28.3095
    9216      28.2373
    9217      28.2533
    9218      28.3671
    9219      28.3856
    9220      28.2544
    9221      28.3087
    9222      28.2000
    9223      28.1785
    9224      28.2230
    9225      28.2876
    9226      28.3008
    9227      28.3009
    9228      28.3141
    9229      28.2806
    9230      28.3029
    9231      28.2550
    9232      28.2762
    9233      28.3384
    9234      28.4000
    9235      28.3224
    9236      28.3064
    9237      28.4515
    9238      28.4087
    9239      28.3725
    9240      28.3609
    9241      28.3169
    9242      28.3198
    9243      28.1956
    9244      28.2938
    9245      28.2598
    9246      28.2294
    9247      28.2592
    9248      28.3221
    9249      28.2805
    9250      28.1858
    9251      28.2564
    9252      28.2119
    9253      28.2278
    9254      28.2491
    9255      28.3288
    9256      28.1737
    9257      28.2221
    9258      28.1989
    9259      28.2398
    9260      28.1820
    9261      28.1443
    9262      28.2365
    9263      28.2788
    9264      28.2570
    9265      28.3114
    9266      28.3666
    9267      28.3073
    9268      28.2573
    9269      28.2539
    9270      28.1646
    9271      28.2029
    9272      28.2539
    9273      28.2896
    9274      28.3517
    9275      28.3013
    9276      28.2973
    9277      28.2844
    9278      28.2434
    9279      28.1865
    9280      28.2477
    9281      28.3297
    9282      28.2415
    9283      28.2573
    9284      28.2258
    9285      28.2487
    9286      28.2285
    9287      28.1994
    9288      28.2379
    9289      28.2368
    9290      28.3005
    9291      28.3610
    9292      28.3389
    9293      28.2570
    9294      28.2422
    9295      28.2476
    9296      28.2841
    9297      28.2952
    9298      28.2719
    9299      28.2092
    9300      28.2003
    9301      28.1005
    9302      28.1905
    9303      28.1609
    9304      28.1635
    9305      28.0716
    9306      28.1091
    9307      28.1148
    9308      28.1798
    9309      28.1392
    9310      28.1303
    9311      28.1161
    9312      28.1634
    9313      28.1831
    9314      28.1047
    9315      28.2106
    9316      28.1884
    9317      28.1564
    9318      28.1185
    9319      28.2940
    9320      28.1964
    9321      28.1391
    9322      28.2488
    9323      28.1380
    9324      28.1436
    9325      28.0953
    9326      28.1952
    9327      28.2535
    9328      28.2492
    9329      28.2982
    9330      28.1840
    9331      28.2172
    9332      28.1844
    9333      28.2752
    9334      28.1730
    9335      28.1804
    9336      28.2466
    9337      28.2535
    9338      28.1989
    9339      28.2591
    9340      28.3068
    9341      28.2384
    9342      28.2535
    9343      28.2515
    9344      28.1534
    9345      28.1883
    9346      28.2861
    9347      28.1910
    9348      28.1760
    9349      28.1542
    9350      28.2295
    9351      28.2043
    9352      28.2393
    9353      28.1906
    9354      28.2087
    9355      28.1935
    9356      28.1668
    9357      28.2075
    9358      28.2557
    9359      28.2535
    9360      28.1972
    9361      28.2152
    9362      28.2024
    9363      28.2150
    9364      28.2526
    9365      28.2394
    9366      28.2440
    9367      28.2385
    9368      28.2110
    9369      28.2586
    9370      28.2415
    9371      28.2776
    9372      28.2228
    9373      28.1599
    9374      28.1904
    9375      28.3003
    9376      28.2444
    9377      28.2987
    9378      28.2592
    9379      28.2206
    9380      28.2060
    9381      28.3307
    9382      28.2447
    9383      28.2602
    9384      28.2821
    9385      28.3180
    9386      28.3383
    9387      28.3490
    9388      28.3415
    9389      28.2474
    9390      28.1624
    9391      28.1248
    9392      28.1507
    9393      28.1425
    9394      28.1782
    9395      28.1985
    9396      28.2303
    9397      28.1732
    9398      28.1433
    9399      28.1809
    9400      28.2412
    9401      28.2124
    9402      28.1537
    9403      28.2186
    9404      28.2349
    9405      28.2508
    9406      28.2747
    9407      28.1974
    9408      28.2524
    9409      28.2641
    9410      28.2402
    9411      28.2375
    9412      28.2248
    9413      28.2220
    9414      28.2743
    9415      28.2256
    9416      28.2681
    9417      28.2668
    9418      28.2455
    9419      28.1853
    9420      28.2259
    9421      28.2164
    9422      28.3180
    9423      28.3069
    9424      28.2098
    9425      28.1427
    9426      28.1197
    9427      28.1932
    9428      28.2178
    9429      28.1326
    9430      28.2633
    9431      28.3113
    9432      28.1940
    9433      28.2309
    9434      28.2717
    9435      28.2575
    9436      28.2233
    9437      28.2788
    9438      28.2756
    9439      28.2385
    9440      28.3229
    9441      28.2498
    9442      28.2955
    9443      28.3048
    9444      28.3417
    9445      28.3073
    9446      28.3011
    9447      28.2444
    9448      28.3472
    9449      28.2896
    9450      28.3192
    9451      28.2225
    9452      28.3147
    9453      28.1654
    9454      28.2626
    9455      28.3553
    9456      28.2889
    9457      28.2557
    9458      28.2685
    9459      28.2758
    9460      28.3280
    9461      28.2594
    9462      28.3487
    9463      28.2754
    9464      28.1894
    9465      28.2533
    9466      28.2685
    9467      28.1748
    9468      28.1732
    9469      28.2503
    9470      28.3190
    9471      28.2775
    9472      28.2022
    9473      28.3262
    9474      28.2656
    9475      28.2532
    9476      28.2585
    9477      28.2522
    9478      28.2477
    9479      28.3157
    9480      28.2613
    9481      28.2419
    9482      28.1846
    9483      28.2428
    9484      28.2387
    9485      28.2564
    9486      28.3531
    9487      28.2852
    9488      28.2753
    9489      28.2290
    9490      28.1087
    9491      28.1092
    9492      28.1839
    9493      28.0352
    9494      28.0153
    9495      28.0827
    9496      28.2577
    9497      28.1430
    9498      28.0723
    9499      28.0722
    9500      28.0650
    9501      28.1021
    9502      28.1736
    9503      28.1266
    9504      28.1166
    9505      28.1379
    9506      28.2114
    9507      28.1671
    9508      28.1627
    9509      28.1607
    9510      28.2071
    9511      28.1747
    9512      28.0894
    9513      28.1202
    9514      28.1554
    9515      28.1214
    9516      28.0860
    9517      28.1907
    9518      28.1842
    9519      28.1749
    9520      28.1722
    9521      28.1724
    9522      28.1986
    9523      28.0957
    9524      28.1494
    9525      28.1323
    9526      28.1936
    9527      28.1940
    9528      28.2213
    9529      28.2149
    9530      28.0997
    9531      28.0866
    9532      28.1387
    9533      28.1147
    9534      28.1690
    9535      28.2299
    9536      28.2383
    9537      28.2364
    9538      28.2776
    9539      28.2794
    9540      28.2884
    9541      28.2265
    9542      28.2339
    9543      28.1850
    9544      28.2239
    9545      28.2157
    9546      28.3037
    9547      28.2325
    9548      28.2266
    9549      28.0851
    9550      28.2568
    9551      28.2794
    9552      28.1593
    9553      28.1780
    9554      28.2502
    9555      28.3138
    9556      28.2780
    9557      28.3483
    9558      28.2181
    9559      28.2652
    9560      28.3358
    9561      28.2878
    9562      28.1989
    9563      28.2550
    9564      28.2543
    9565      28.2855
    9566      28.2096
    9567      28.2418
    9568      28.2908
    9569      28.2006
    9570      28.3672
    9571      28.2610
    9572      28.2431
    9573      28.1708
    9574      28.2341
    9575      28.2539
    9576      28.2180
    9577      28.3299
    9578      28.3033
    9579      28.2750
    9580      28.2149
    9581      28.1992
    9582      28.2544
    9583      28.1640
    9584      28.1376
    9585      28.1129
    9586      28.1452
    9587      28.2179
    9588      28.1732
    9589      28.3234
    9590      28.3598
    9591      28.2750
    9592      28.3464
    9593      28.4247
    9594      28.3205
    9595      28.3528
    9596      28.3270
    9597      28.2774
    9598      28.2043
    9599      28.3350
    9600      28.3582
    9601      28.2018
    9602      28.1777
    9603      28.2381
    9604      28.1644
    9605      28.2099
    9606      28.2357
    9607      28.2667
    9608      28.2850
    9609      28.3687
    9610      28.3033
    9611      28.2699
    9612      28.2596
    9613      28.2645
    9614      28.2145
    9615      28.2610
    9616      28.2417
    9617      28.1884
    9618      28.2809
    9619      28.2793
    9620      28.2367
    9621      28.2068
    9622      28.2011
    9623      28.1354
    9624      28.2263
    9625      28.1497
    9626      28.1572
    9627      28.1930
    9628      28.1314
    9629      28.2290
    9630      28.1516
    9631      28.1403
    9632      28.1541
    9633      28.1099
    9634      28.1917
    9635      28.1646
    9636      28.1400
    9637      28.1930
    9638      28.1591
    9639      28.2069
    9640      28.2218
    9641      28.1755
    9642      28.2051
    9643      28.1935
    9644      28.2047
    9645      28.1732
    9646      28.1978
    9647      28.2994
    9648      28.2187
    9649      28.2939
    9650      28.1631
    9651      28.2218
    9652      28.2917
    9653      28.2412
    9654      28.2424
    9655      28.2122
    9656      28.2077
    9657      28.0857
    9658      28.1105
    9659      28.2111
    9660      28.1648
    9661      28.1622
    9662      28.1630
    9663      28.2003
    9664      28.1211
    9665      28.2638
    9666      28.1704
    9667      28.2287
    9668      28.2392
    9669      28.3304
    9670      28.2614
    9671      28.2352
    9672      28.2270
    9673      28.1718
    9674      28.2522
    9675      28.2340
    9676      28.2282
    9677      28.2744
    9678      28.2086
    9679      28.2110
    9680      28.2107
    9681      28.1939
    9682      28.2029
    9683      28.2373
    9684      28.2480
    9685      28.2649
    9686      28.3426
    9687      28.2181
    9688      28.1954
    9689      28.2358
    9690      28.2331
    9691      28.2712
    9692      28.2275
    9693      28.3121
    9694      28.3674
    9695      28.3010
    9696      28.2467
    9697      28.1808
    9698      28.1529
    9699      28.1964
    9700      28.1809
    9701      28.2612
    9702      28.3011
    9703      28.1835
    9704      28.1883
    9705      28.1988
    9706      28.2104
    9707      28.1467
    9708      28.2081
    9709      28.1657
    9710      28.2093
    9711      28.1904
    9712      28.2904
    9713      28.2720
    9714      28.2355
    9715      28.2479
    9716      28.2322
    9717      28.2037
    9718      28.1797
    9719      28.2288
    9720      28.2360
    9721      28.2812
    9722      28.2274
    9723      28.2345
    9724      28.2140
    9725      28.1919
    9726      28.2152
    9727      28.2352
    9728      28.2438
    9729      28.2671
    9730      28.2560
    9731      28.1580
    9732      28.2069
    9733      28.1332
    9734      28.1407
    9735      28.1467
    9736      28.2136
    9737      28.1878
    9738      28.2416
    9739      28.2884
    9740      28.2027
    9741      28.2046
    9742      28.1484
    9743      28.2048
    9744      28.1575
    9745      28.2097
    9746      28.2949
    9747      28.2310
    9748      28.1864
    9749      28.2436
    9750      28.2777
    9751      28.3036
    9752      28.2796
    9753      28.2667
    9754      28.2610
    9755      28.1999
    9756      28.1927
    9757      28.2847
    9758      28.2240
    9759      28.2955
    9760      28.2704
    9761      28.2418
    9762      28.1406
    9763      28.2633
    9764      28.2264
    9765      28.2580
    9766      28.2268
    9767      28.1708
    9768      28.2095
    9769      28.1985
    9770      28.1929
    9771      28.2773
    9772      28.2328
    9773      28.1723
    9774      28.1257
    9775      28.1629
    9776      28.1490
    9777      28.1952
    9778      28.1934
    9779      28.2448
    9780      28.1649
    9781      28.2013
    9782      28.2335
    9783      28.2396
    9784      28.2045
    9785      28.2336
    9786      28.2403
    9787      28.2775
    9788      28.2443
    9789      28.1532
    9790      28.3397
    9791      28.2128
    9792      28.2472
    9793      28.1645
    9794      28.1777
    9795      28.1373
    9796      28.2850
    9797      28.3330
    9798      28.2492
    9799      28.3556
    9800      28.3467
    9801      28.2286
    9802      28.2050
    9803      28.1392
    9804      28.2190
    9805      28.2993
    9806      28.3064
    9807      28.2317
    9808      28.3145
    9809      28.2933
    9810      28.2905
    9811      28.3001
    9812      28.2501
    9813      28.2014
    9814      28.3270
    9815      28.2903
    9816      28.3491
    9817      28.2982
    9818      28.3478
    9819      28.2703
    9820      28.3067
    9821      28.2216
    9822      28.2602
    9823      28.2497
    9824      28.2099
    9825      28.3695
    9826      28.3682
    9827      28.3703
    9828      28.3014
    9829      28.2906
    9830      28.2292
    9831      28.2768
    9832      28.2407
    9833      28.2607
    9834      28.1792
    9835      28.3173
    9836      28.3278
    9837      28.4123
    9838      28.2041
    9839      28.2540
    9840      28.2484
    9841      28.1893
    9842      28.2681
    9843      28.2445
    9844      28.3010
    9845      28.2661
    9846      28.2653
    9847      28.2726
    9848      28.3384
    9849      28.2981
    9850      28.3111
    9851      28.3179
    9852      28.2591
    9853      28.2399
    9854      28.3320
    9855      28.2236
    9856      28.3063
    9857      28.3007
    9858      28.1842
    9859      28.1896
    9860      28.2837
    9861      28.2530
    9862      28.2536
    9863      28.3605
    9864      28.2740
    9865      28.1965
    9866      28.3402
    9867      28.2440
    9868      28.2770
    9869      28.3042
    9870      28.2907
    9871      28.3011
    9872      28.2878
    9873      28.2962
    9874      28.3029
    9875      28.2644
    9876      28.1781
    9877      28.1289
    9878      28.2181
    9879      28.2080
    9880      28.2219
    9881      28.2001
    9882      28.2262
    9883      28.2097
    9884      28.3166
    9885      28.3187
    9886      28.1892
    9887      28.2260
    9888      28.2528
    9889      28.2067
    9890      28.2471
    9891      28.2249
    9892      28.2476
    9893      28.2092
    9894      28.2289
    9895      28.2711
    9896      28.1976
    9897      28.3301
    9898      28.2679
    9899      28.2114
    9900      28.2055
    9901      28.3013
    9902      28.3010
    9903      28.3062
    9904      28.3446
    9905      28.3052
    9906      28.3095
    9907      28.4277
    9908      28.3476
    9909      28.2372
    9910      28.3166
    9911      28.3046
    9912      28.2729
    9913      28.2903
    9914      28.2725
    9915      28.2463
    9916      28.2589
    9917      28.3699
    9918      28.2717
    9919      28.1930
    9920      28.2715
    9921      28.2355
    9922      28.2928
    9923      28.3065
    9924      28.3025
    9925      28.2690
    9926      28.3374
    9927      28.3518
    9928      28.2363
    9929      28.3478
    9930      28.3555
    9931      28.3639
    9932      28.2881
    9933      28.3402
    9934      28.3735
    9935      28.4543
    9936      28.4031
    9937      28.4855
    9938      28.4280
    9939      28.3627
    9940      28.3534
    9941      28.3723
    9942      28.3764
    9943      28.3401
    9944      28.3190
    9945      28.3537
    9946      28.3184
    9947      28.3536
    9948      28.3321
    9949      28.3129
    9950      28.2948
    9951      28.3343
    9952      28.2524
    9953      28.2656
    9954      28.2422
    9955      28.2675
    9956      28.2606
    9957      28.2403
    9958      28.2560
    9959      28.1734
    9960      28.2244
    9961      28.2866
    9962      28.2810
    9963      28.2075
    9964      28.3771
    9965      28.3276
    9966      28.2529
    9967      28.2679
    9968      28.3159
    9969      28.2625
    9970      28.2250
    9971      28.3163
    9972      28.3470
    9973      28.3658
    9974      28.3649
    9975      28.3004
    9976      28.3815
    9977      28.3258
    9978      28.3322
    9979      28.4339
    9980      28.4037
    9981      28.3492
    9982      28.3224
    9983      28.3212
    9984      28.3822
    9985      28.3330
    9986      28.3269
    9987      28.3615
    9988      28.3071
    9989      28.2817
    9990      28.3141
    9991      28.3451
    9992      28.2977
    9993      28.3350
    9994      28.3266
    9995      28.3106
    9996      28.3007
    9997      28.2623
    9998      28.3061
    9999      28.2836
   10000      28.2475
