1,28.1128
2,28.1336
3,28.2164
4,28.1573
5,28.2146
6,28.2809
7,28.2565
8,28.3683
9,28.2529
10,28.2231
11,28.2128
12,28.192
13,28.1765
14,28.2773
15,28.2141
16,28.2367
17,28.1648
18,28.2181
19,28.2275
20,28.2176
21,28.1961
22,28.2043
23,28.2209
24,28.1891
25,28.2478
26,28.1967
27,28.143
28,28.1261
29,28.3315
30,28.2853
31,28.3011
32,28.3241
33,28.3651
34,28.2683
35,28.3779
36,28.2923
37,28.3604
38,28.3426
39,28.3752
40,28.3778
41,28.3695
42,28.2942
43,28.247
44,28.2463
45,28.2051
46,28.2039
47,28.3524
48,28.2787
49,28.3004
50,28.2597
51,28.1668
52,28.1434
53,28.2124
54,28.2948
55,28.3274
56,28.2953
57,28.3312
58,28.3383
59,28.2378
60,28.1874
61,28.3274
62,28.3371
63,28.3534
64,28.3443
65,28.2925
66,28.4127
67,28.3676
68,28.3284
69,28.2959
70,28.2525
71,28.3039
72,28.3728
73,28.2642
74,28.3128
75,28.3429
76,28.1805
77,28.2496
78,28.1885
79,28.2705
80,28.2194
81,28.3213
82,28.2234
83,28.2866
84,28.2034
85,28.2507
86,28.2139
87,28.3457
88,28.3653
89,28.2202
90,28.2989
91,28.289
92,28.144
93,28.2276
94,28.2022
95,28.3649
96,28.3766
97,28.3111
98,28.3193
99,28.3568
100,28.2306
101,28.2105
102,28.3116
103,28.3276
104,28.3956
105,28.4288
106,28.4028
107,28.4474
108,28.3914
109,28.3992
110,28.3267
111,28.3437
112,28.5001
113,28.4218
114,28.5472
115,28.4415
116,28.3426
117,28.4791
118,28.4267
119,28.3217
120,28.2972
121,28.2251
122,28.2606
123,28.3117
124,28.3035
125,28.3024
126,28.2503
127,28.304
128,28.4131
129,28.391
130,28.3179
131,28.2821
132,28.325
133,28.3678
134,28.3047
135,28.2778
136,28.3251
137,28.3264
138,28.4685
139,28.3947
140,28.2571
141,28.2147
142,28.3499
143,28.403
144,28.3801
145,28.4058
146,28.3253
147,28.332
148,28.3995
149,28.3912
150,28.491
151,28.4317
152,28.5106
153,28.4774
154,28.5502
155,28.4985
156,28.5074
157,28.5106
158,28.5456
159,28.5987
160,28.4423
161,28.4689
162,28.363
163,28.3615
164,28.3749
165,28.3114
166,28.4577
167,28.4837
168,28.5041
169,28.415
170,28.5191
171,28.5428
172,28.5315
173,28.377
174,28.3955
175,28.2884
176,28.3499
177,28.3105
178,28.245
179,28.3317
180,28.445
181,28.3765
182,28.3449
183,28.4634
184,28.458
185,28.4208
186,28.531
187,28.4086
188,28.4619
189,28.4965
190,28.6664
191,28.6153
192,28.6526
193,28.4962
194,28.502
195,28.473
196,28.4474
197,28.491
198,28.5588
199,28.4953
200,28.5483
201,28.4451
202,28.4867
203,28.5761
204,28.4909
205,28.3779
206,28.4337
207,28.3857
208,28.3688
209,28.4077
210,28.4397
211,28.5208
212,28.5909
213,28.4763
214,28.4827
215,28.4125
216,28.4743
217,28.3379
218,28.4876
219,28.2655
220,28.3361
221,28.4356
222,28.34
223,28.3252
224,28.3747
225,28.3234
226,28.4106
227,28.4234
228,28.4267
229,28.4354
230,28.4692
231,28.4487
232,28.41
233,28.4095
234,28.5227
235,28.5707
236,28.6011
237,28.4713
238,28.6288
239,28.5846
240,28.5078
241,28.4478
242,28.4099
243,28.4993
244,28.3783
245,28.5055
246,28.4099
247,28.4309
248,28.4463
249,28.4844
250,28.4816
251,28.3824
252,28.4003
253,28.3778
254,28.41
255,28.311
256,28.3278
257,28.537
258,28.4758
259,28.4559
260,28.3544
261,28.4293
262,28.3449
263,28.4551
264,28.4305
265,28.4811
266,28.4531
267,28.4325
268,28.4518
269,28.429
270,28.4762
271,28.5278
272,28.4111
273,28.5028
274,28.3876
275,28.3551
276,28.3855
277,28.4292
278,28.4444
279,28.4987
280,28.4366
281,28.5294
282,28.5461
283,28.5344
284,28.3857
285,28.3591
286,28.335
287,28.4253
288,28.4613
289,28.4173
290,28.492
291,28.5554
292,28.4728
293,28.4756
294,28.3494
295,28.4789
296,28.4757
297,28.3702
298,28.4483
299,28.5642
300,28.5162
301,28.5439
302,28.5809
303,28.4555
304,28.4182
305,28.3621
306,28.452
307,28.381
308,28.3511
309,28.3808
310,28.4661
311,28.4539
312,28.3
313,28.2908
314,28.346
315,28.4635
316,28.4354
317,28.5128
318,28.512
319,28.4221
320,28.4886
321,28.4768
322,28.4501
323,28.4442
324,28.4639
325,28.3079
326,28.3662
327,28.3938
328,28.3704
329,28.411
330,28.4951
331,28.4686
332,28.3487
333,28.2849
334,28.3317
335,28.3187
336,28.3209
337,28.354
338,28.2501
339,28.2558
340,28.3417
341,28.2886
342,28.3171
343,28.2595
344,28.2831
345,28.2855
346,28.2134
347,28.2676
348,28.2003
349,28.3763
350,28.3781
351,28.449
352,28.3494
353,28.4053
354,28.3623
355,28.2882
356,28.3832
357,28.3578
358,28.5445
359,28.4521
360,28.4206
361,28.4114
362,28.2785
363,28.4582
364,28.446
365,28.4088
366,28.5276
367,28.4823
368,28.423
369,28.3418
370,28.4055
371,28.4194
372,28.3917
373,28.3478
374,28.4925
375,28.4374
376,28.4377
377,28.4029
378,28.4856
379,28.4758
380,28.4257
381,28.3359
382,28.4201
383,28.5029
384,28.4973
385,28.579
386,28.6716
387,28.4652
388,28.4659
389,28.4774
390,28.37
391,28.3327
392,28.3028
393,28.3686
394,28.3679
395,28.29
396,28.3751
397,28.3784
398,28.3242
399,28.3768
400,28.4127
401,28.4448
402,28.3461
403,28.2835
404,28.3324
405,28.2834
406,28.1457
407,28.2326
408,28.3188
409,28.3023
410,28.3532
411,28.3735
412,28.4773
413,28.4353
414,28.4939
415,28.4083
416,28.3194
417,28.3242
418,28.5577
419,28.453
420,28.4488
421,28.533
422,28.5421
423,28.4658
424,28.4646
425,28.5032
426,28.5095
427,28.4207
428,28.4574
429,28.4144
430,28.4924
431,28.4024
432,28.4041
433,28.5037
434,28.464
435,28.5536
436,28.4681
437,28.3778
438,28.4586
439,28.4781
440,28.4963
441,28.4928
442,28.5427
443,28.593
444,28.5341
445,28.5168
446,28.3905
447,28.5734
448,28.423
449,28.4286
450,28.4368
451,28.4014
452,28.3053
453,28.3798
454,28.4079
455,28.4875
456,28.3575
457,28.3422
458,28.2759
459,28.287
460,28.349
461,28.3836
462,28.4528
463,28.3605
464,28.3278
465,28.4529
466,28.367
467,28.4222
468,28.4436
469,28.344
470,28.3003
471,28.3535
472,28.405
473,28.3709
474,28.4878
475,28.4003
476,28.5235
477,28.4079
478,28.4209
479,28.4834
480,28.3796
481,28.301
482,28.2868
483,28.2439
484,28.2982
485,28.4249
486,28.337
487,28.3192
488,28.3979
489,28.3482
490,28.3818
491,28.3672
492,28.4104
493,28.4638
494,28.4265
495,28.3643
496,28.4272
497,28.4116
498,28.3128
499,28.4869
500,28.3984
501,28.3659
502,28.3082
503,28.3359
504,28.2936
505,28.2909
506,28.2907
507,28.3254
508,28.2717
509,28.3307
510,28.2594
511,28.2543
512,28.2388
513,28.4232
514,28.3398
515,28.3886
516,28.3907
517,28.2665
518,28.3535
519,28.2651
520,28.3359
521,28.2143
522,28.2732
523,28.2577
524,28.2501
525,28.2303
526,28.3267
527,28.3834
528,28.4097
529,28.3848
530,28.2764
531,28.2852
532,28.1985
533,28.3267
534,28.2905
535,28.2956
536,28.2086
537,28.2793
538,28.3254
539,28.4125
540,28.2269
541,28.3386
542,28.3545
543,28.2956
544,28.3575
545,28.3693
546,28.2177
547,28.3084
548,28.3115
549,28.294
550,28.3202
551,28.3379
552,28.3162
553,28.2841
554,28.2808
555,28.4318
556,28.4124
557,28.3345
558,28.4045
559,28.4067
560,28.4027
561,28.3456
562,28.3967
563,28.4923
564,28.5618
565,28.3928
566,28.4531
567,28.4993
568,28.3889
569,28.4395
570,28.4378
571,28.319
572,28.3891
573,28.3493
574,28.326
575,28.389
576,28.3101
577,28.4312
578,28.4932
579,28.3458
580,28.3363
581,28.4425
582,28.3666
583,28.227
584,28.3386
585,28.2226
586,28.3495
587,28.409
588,28.4167
589,28.5344
590,28.5037
591,28.5273
592,28.4607
593,28.4882
594,28.3133
595,28.3793
596,28.3619
597,28.4255
598,28.5869
599,28.4526
600,28.4219
601,28.3396
602,28.3354
603,28.4441
604,28.4159
605,28.5437
606,28.4337
607,28.462
608,28.6122
609,28.5616
610,28.7424
611,28.5937
612,28.4767
613,28.3486
614,28.407
615,28.3674
616,28.457
617,28.5408
618,28.379
619,28.4825
620,28.4696
621,28.3861
622,28.3966
623,28.4161
624,28.337
625,28.3328
626,28.2948
627,28.3801
628,28.3965
629,28.348
630,28.4709
631,28.3284
632,28.3727
633,28.3398
634,28.3158
635,28.3831
636,28.3656
637,28.5354
638,28.4541
639,28.4687
640,28.4957
641,28.4929
642,28.4196
643,28.3195
644,28.3768
645,28.4748
646,28.4583
647,28.4416
648,28.3918
649,28.3238
650,28.331
651,28.4434
652,28.2553
653,28.342
654,28.3457
655,28.428
656,28.2769
657,28.3312
658,28.2955
659,28.417
660,28.3068
661,28.3681
662,28.3104
663,28.3787
664,28.3748
665,28.4892
666,28.3703
667,28.3413
668,28.4383
669,28.4369
670,28.5576
671,28.5184
672,28.512
673,28.463
674,28.4871
675,28.554
676,28.4513
677,28.5049
678,28.4294
679,28.5621
680,28.4292
681,28.4741
682,28.5405
683,28.5593
684,28.5518
685,28.5455
686,28.4333
687,28.4555
688,28.4674
689,28.4219
690,28.5308
691,28.4108
692,28.4698
693,28.4783
694,28.5211
695,28.5432
696,28.5481
697,28.479
698,28.4083
699,28.3574
700,28.3636
701,28.4184
702,28.4336
703,28.3175
704,28.4382
705,28.3416
706,28.3355
707,28.2813
708,28.4068
709,28.3178
710,28.4082
711,28.3544
712,28.3921
713,28.4518
714,28.3208
715,28.4416
716,28.4775
717,28.4062
718,28.3667
719,28.4663
720,28.5495
721,28.603
722,28.5683
723,28.4849
724,28.5338
725,28.6014
726,28.479
727,28.5626
728,28.5979
729,28.5528
730,28.5991
731,28.5192
732,28.5465
733,28.4722
734,28.4383
735,28.503
736,28.5357
737,28.4685
738,28.6415
739,28.5806
740,28.4141
741,28.3511
742,28.4396
743,28.4046
744,28.3654
745,28.3639
746,28.4271
747,28.4253
748,28.4742
749,28.4475
750,28.4053
751,28.4415
752,28.3491
753,28.4276
754,28.472
755,28.4326
756,28.3569
757,28.3556
758,28.5697
759,28.6494
760,28.6836
761,28.6821
762,28.7143
763,28.6257
764,28.5572
765,28.3581
766,28.5465
767,28.475
768,28.553
769,28.5105
770,28.5409
771,28.4736
772,28.4886
773,28.4048
774,28.3406
775,28.3688
776,28.4466
777,28.3726
778,28.4036
779,28.3576
780,28.4686
781,28.418
782,28.3478
783,28.444
784,28.3384
785,28.3315
786,28.3808
787,28.4015
788,28.4127
789,28.4422
790,28.402
791,28.3696
792,28.3521
793,28.4291
794,28.399
795,28.3212
796,28.3695
797,28.3321
798,28.3937
799,28.4288
800,28.3443
801,28.3654
802,28.5053
803,28.4833
804,28.4859
805,28.4595
806,28.5367
807,28.4368
808,28.4884
809,28.4623
810,28.498
811,28.4791
812,28.4359
813,28.4607
814,28.4893
815,28.5927
816,28.5674
817,28.5497
818,28.3815
819,28.3707
820,28.4096
821,28.3744
822,28.4193
823,28.4066
824,28.4365
825,28.4356
826,28.4211
827,28.4036
828,28.4705
829,28.5926
830,28.475
831,28.4926
832,28.5099
833,28.3705
834,28.4997
835,28.4534
836,28.4773
837,28.4717
838,28.5061
839,28.3379
840,28.4652
841,28.4628
842,28.5001
843,28.4997
844,28.3243
845,28.3775
846,28.3055
847,28.3887
848,28.3352
849,28.3857
850,28.4279
851,28.3588
852,28.3291
853,28.3401
854,28.3565
855,28.3846
856,28.3782
857,28.4336
858,28.3036
859,28.2809
860,28.3173
861,28.2656
862,28.2517
863,28.1859
864,28.3338
865,28.1641
866,28.29
867,28.3295
868,28.1924
869,28.2256
870,28.2822
871,28.3618
872,28.3659
873,28.3591
874,28.4017
875,28.4119
876,28.3631
877,28.3228
878,28.3623
879,28.1818
880,28.2858
881,28.3861
882,28.2835
883,28.1865
884,28.1831
885,28.3187
886,28.3023
887,28.3502
888,28.3757
889,28.4196
890,28.4553
891,28.3174
892,28.397
893,28.5027
894,28.3837
895,28.3872
896,28.3874
897,28.3009
898,28.3608
899,28.4966
900,28.5272
901,28.4284
902,28.5046
903,28.4655
904,28.527
905,28.3418
906,28.3492
907,28.3581
908,28.3105
909,28.391
910,28.3667
911,28.4601
912,28.3659
913,28.4102
914,28.413
915,28.4389
916,28.3301
917,28.397
918,28.3514
919,28.3642
920,28.3834
921,28.3887
922,28.3173
923,28.2231
924,28.4481
925,28.3052
926,28.2604
927,28.2818
928,28.3181
929,28.2827
930,28.2673
931,28.2527
932,28.1992
933,28.2395
934,28.1558
935,28.226
936,28.3038
937,28.3572
938,28.2384
939,28.2988
940,28.3646
941,28.3242
942,28.4077
943,28.4073
944,28.3403
945,28.3835
946,28.2421
947,28.2886
948,28.3881
949,28.4598
950,28.337
951,28.2756
952,28.26
953,28.3072
954,28.3546
955,28.3546
956,28.4229
957,28.4169
958,28.4516
959,28.3416
960,28.3988
961,28.3608
962,28.2675
963,28.4937
964,28.3577
965,28.3058
966,28.3473
967,28.4591
968,28.3654
969,28.4401
970,28.4265
971,28.299
972,28.3827
973,28.267
974,28.3559
975,28.3433
976,28.2324
977,28.2979
978,28.3318
979,28.338
980,28.2618
981,28.347
982,28.3457
983,28.3411
984,28.4089
985,28.2773
986,28.3533
987,28.3719
988,28.4134
989,28.3826
990,28.356
991,28.3459
992,28.3239
993,28.2796
994,28.2971
995,28.2584
996,28.2418
997,28.3195
998,28.2228
999,28.329
1000,28.3551
1001,28.2926
1002,28.3391
1003,28.2895
1004,28.364
1005,28.3625
1006,28.313
1007,28.4657
1008,28.3802
1009,28.3873
1010,28.3633
1011,28.3214
1012,28.2614
1013,28.327
1014,28.3405
1015,28.2765
1016,28.3177
1017,28.2211
1018,28.3193
1019,28.3952
1020,28.3501
1021,28.3168
1022,28.3182
1023,28.3457
1024,28.3356
1025,28.4043
1026,28.3439
1027,28.4126
1028,28.382
1029,28.2683
1030,28.3165
1031,28.3839
1032,28.4149
1033,28.3143
1034,28.36
1035,28.303
1036,28.2534
1037,28.312
1038,28.2383
1039,28.3713
1040,28.3263
1041,28.3114
1042,28.2808
1043,28.3927
1044,28.4994
1045,28.4477
1046,28.4652
1047,28.4033
1048,28.422
1049,28.5125
1050,28.5089
1051,28.5258
1052,28.4696
1053,28.3619
1054,28.4255
1055,28.4254
1056,28.3838
1057,28.3212
1058,28.3752
1059,28.3513
1060,28.4067
1061,28.3542
1062,28.3788
1063,28.4602
1064,28.3933
1065,28.282
1066,28.2866
1067,28.361
1068,28.348
1069,28.456
1070,28.4141
1071,28.5052
1072,28.5034
1073,28.4099
1074,28.3678
1075,28.3793
1076,28.3523
1077,28.4307
1078,28.3707
1079,28.284
1080,28.3165
1081,28.4133
1082,28.435
1083,28.4772
1084,28.4102
1085,28.4944
1086,28.4159
1087,28.3688
1088,28.4316
1089,28.3218
1090,28.2943
1091,28.3878
1092,28.4276
1093,28.313
1094,28.3099
1095,28.3118
1096,28.4687
1097,28.4344
1098,28.4181
1099,28.3744
1100,28.4052
1101,28.3776
1102,28.4697
1103,28.4046
1104,28.4196
1105,28.5109
1106,28.4475
1107,28.4333
1108,28.4441
1109,28.3589
1110,28.5629
1111,28.4815
1112,28.4873
1113,28.4479
1114,28.4139
1115,28.4316
1116,28.4341
1117,28.4678
1118,28.4831
1119,28.4566
1120,28.5188
1121,28.488
1122,28.4673
1123,28.4555
1124,28.4388
1125,28.5551
1126,28.6002
1127,28.4365
1128,28.4789
1129,28.38
1130,28.4626
1131,28.4453
1132,28.4999
1133,28.5367
1134,28.541
1135,28.3969
1136,28.5056
1137,28.3906
1138,28.4578
1139,28.4659
1140,28.4185
1141,28.3821
1142,28.3964
1143,28.4259
1144,28.4212
1145,28.3369
1146,28.3775
1147,28.4668
1148,28.4579
1149,28.3724
1150,28.3703
1151,28.3999
1152,28.4645
1153,28.3048
1154,28.3116
1155,28.3347
1156,28.3505
1157,28.2799
1158,28.2722
1159,28.2112
1160,28.2413
1161,28.2442
1162,28.324
1163,28.3142
1164,28.3785
1165,28.2966
1166,28.2347
1167,28.2859
1168,28.312
1169,28.2291
1170,28.2605
1171,28.2662
1172,28.3467
1173,28.3342
1174,28.3236
1175,28.4442
1176,28.3153
1177,28.3544
1178,28.3755
1179,28.4592
1180,28.5084
1181,28.3838
1182,28.3812
1183,28.3127
1184,28.3493
1185,28.2814
1186,28.3771
1187,28.3181
1188,28.3835
1189,28.3898
1190,28.3802
1191,28.4636
1192,28.478
1193,28.4622
1194,28.4611
1195,28.4553
1196,28.3961
1197,28.295
1198,28.2591
1199,28.3061
1200,28.2793
1201,28.3763
1202,28.3622
1203,28.3229
1204,28.2973
1205,28.3801
1206,28.2964
1207,28.2989
1208,28.2282
1209,28.3505
1210,28.4362
1211,28.4138
1212,28.2903
1213,28.3106
1214,28.2369
1215,28.2777
1216,28.3362
1217,28.3842
1218,28.4644
1219,28.3702
1220,28.4601
1221,28.4361
1222,28.4441
1223,28.4088
1224,28.2978
1225,28.3924
1226,28.4434
1227,28.4699
1228,28.3639
1229,28.4246
1230,28.5034
1231,28.4492
1232,28.4285
1233,28.4878
1234,28.3977
1235,28.4022
1236,28.4765
1237,28.4133
1238,28.4261
1239,28.4037
1240,28.4299
1241,28.4217
1242,28.4651
1243,28.4656
1244,28.4363
1245,28.5314
1246,28.5003
1247,28.4339
1248,28.5466
1249,28.5479
1250,28.4131
1251,28.5108
1252,28.4272
1253,28.4581
1254,28.5145
1255,28.4019
1256,28.3901
1257,28.4273
1258,28.4259
1259,28.3909
1260,28.2993
1261,28.4039
1262,28.4309
1263,28.4295
1264,28.4489
1265,28.493
1266,28.4642
1267,28.5164
1268,28.4755
1269,28.5094
1270,28.442
1271,28.3585
1272,28.3833
1273,28.4548
1274,28.4997
1275,28.5026
1276,28.5517
1277,28.4187
1278,28.3655
1279,28.4623
1280,28.5682
1281,28.4399
1282,28.4416
1283,28.5401
1284,28.426
1285,28.3734
1286,28.4379
1287,28.506
1288,28.4498
1289,28.4493
1290,28.3784
1291,28.4349
1292,28.4471
1293,28.3705
1294,28.5517
1295,28.4475
1296,28.4564
1297,28.3387
1298,28.4315
1299,28.442
1300,28.4828
1301,28.4057
1302,28.4849
1303,28.4772
1304,28.5539
1305,28.4944
1306,28.5797
1307,28.5251
1308,28.6822
1309,28.5378
1310,28.6131
1311,28.4936
1312,28.5271
1313,28.5312
1314,28.496
1315,28.3666
1316,28.4189
1317,28.5288
1318,28.4966
1319,28.5999
1320,28.5673
1321,28.5215
1322,28.4631
1323,28.4839
1324,28.5143
1325,28.5091
1326,28.564
1327,28.5042
1328,28.4913
1329,28.4183
1330,28.5071
1331,28.417
1332,28.4104
1333,28.4995
1334,28.429
1335,28.4628
1336,28.4793
1337,28.4969
1338,28.526
1339,28.5481
1340,28.6194
1341,28.5786
1342,28.4911
1343,28.5201
1344,28.4584
1345,28.4404
1346,28.4538
1347,28.475
1348,28.3699
1349,28.4152
1350,28.455
1351,28.5323
1352,28.4808
1353,28.4391
1354,28.4506
1355,28.4335
1356,28.3727
1357,28.4607
1358,28.4708
1359,28.3682
1360,28.4552
1361,28.3878
1362,28.5676
1363,28.5166
1364,28.5505
1365,28.5078
1366,28.509
1367,28.5438
1368,28.5314
1369,28.6244
1370,28.6303
1371,28.6117
1372,28.6065
1373,28.5853
1374,28.4371
1375,28.484
1376,28.4936
1377,28.5838
1378,28.5805
1379,28.6052
1380,28.5785
1381,28.518
1382,28.589
1383,28.5559
1384,28.5022
1385,28.4153
1386,28.376
1387,28.5554
1388,28.552
1389,28.5272
1390,28.5207
1391,28.5234
1392,28.5377
1393,28.4641
1394,28.4764
1395,28.4252
1396,28.5499
1397,28.5151
1398,28.4464
1399,28.4827
1400,28.5198
1401,28.5311
1402,28.5061
1403,28.509
1404,28.4735
1405,28.4592
1406,28.4398
1407,28.4891
1408,28.5097
1409,28.6519
1410,28.7185
1411,28.5628
1412,28.6643
1413,28.4539
1414,28.6129
1415,28.5518
1416,28.3989
1417,28.4268
1418,28.4085
1419,28.4404
1420,28.4865
1421,28.4825
1422,28.3662
1423,28.3453
1424,28.2939
1425,28.5123
1426,28.4463
1427,28.4309
1428,28.4601
1429,28.5084
1430,28.565
1431,28.5484
1432,28.4077
1433,28.4287
1434,28.5397
1435,28.5217
1436,28.55
1437,28.5648
1438,28.5616
1439,28.4089
1440,28.4634
1441,28.5814
1442,28.5732
1443,28.4413
1444,28.5134
1445,28.5014
1446,28.5234
1447,28.5315
1448,28.4537
1449,28.4556
1450,28.6066
1451,28.705
1452,28.6788
1453,28.6065
1454,28.6602
1455,28.669
1456,28.6286
1457,28.5614
1458,28.5316
1459,28.4829
1460,28.5661
1461,28.4943
1462,28.4635
1463,28.6073
1464,28.6235
1465,28.4931
1466,28.452
1467,28.4007
1468,28.4398
1469,28.3117
1470,28.4602
1471,28.564
1472,28.4732
1473,28.4184
1474,28.4691
1475,28.5741
1476,28.534
1477,28.5265
1478,28.5433
1479,28.5235
1480,28.4754
1481,28.445
1482,28.555
1483,28.4222
1484,28.3342
1485,28.3305
1486,28.3916
1487,28.523
1488,28.5551
1489,28.5995
1490,28.6159
1491,28.6887
1492,28.6717
1493,28.6878
1494,28.6475
1495,28.6378
1496,28.6611
1497,28.6314
1498,28.648
1499,28.699
1500,28.7264
1501,28.5886
1502,28.5516
1503,28.454
1504,28.4925
1505,28.4733
1506,28.5239
1507,28.5232
1508,28.5595
1509,28.673
1510,28.5749
1511,28.5112
1512,28.537
1513,28.6278
1514,28.4662
1515,28.4679
1516,28.4599
1517,28.5121
1518,28.6363
1519,28.5735
1520,28.5042
1521,28.5273
1522,28.5396
1523,28.5171
1524,28.5003
1525,28.5483
1526,28.5518
1527,28.5052
1528,28.5486
1529,28.6697
1530,28.5344
1531,28.6267
1532,28.5826
1533,28.5772
1534,28.5595
1535,28.6169
1536,28.5966
1537,28.6585
1538,28.655
1539,28.5738
1540,28.8083
1541,28.7002
1542,28.7501
1543,28.6
1544,28.5779
1545,28.6198
1546,28.6074
1547,28.6167
1548,28.6219
1549,28.675
1550,28.6277
1551,28.667
1552,28.65
1553,28.5838
1554,28.6495
1555,28.4887
1556,28.6544
1557,28.6045
1558,28.5252
1559,28.5553
1560,28.5855
1561,28.6254
1562,28.5899
1563,28.4664
1564,28.5413
1565,28.4405
1566,28.424
1567,28.5481
1568,28.5289
1569,28.5973
1570,28.5469
1571,28.4966
1572,28.3981
1573,28.5646
1574,28.5335
1575,28.5859
1576,28.5225
1577,28.4053
1578,28.5034
1579,28.4936
1580,28.4244
1581,28.5362
1582,28.4432
1583,28.4875
1584,28.413
1585,28.3749
1586,28.3593
1587,28.3766
1588,28.4202
1589,28.3551
1590,28.539
1591,28.5621
1592,28.5335
1593,28.4931
1594,28.5196
1595,28.4767
1596,28.3974
1597,28.5635
1598,28.6656
1599,28.5573
1600,28.7779
1601,28.7618
1602,28.6242
1603,28.5528
1604,28.5497
1605,28.5332
1606,28.4929
1607,28.4509
1608,28.5595
1609,28.4252
1610,28.5127
1611,28.5983
1612,28.5394
1613,28.4712
1614,28.434
1615,28.5628
1616,28.5634
1617,28.5554
1618,28.4862
1619,28.5523
1620,28.4712
1621,28.6051
1622,28.5737
1623,28.616
1624,28.6152
1625,28.6196
1626,28.5653
1627,28.6305
1628,28.7602
1629,28.576
1630,28.6618
1631,28.6534
1632,28.6083
1633,28.4916
1634,28.643
1635,28.5634
1636,28.5014
1637,28.5302
1638,28.4963
1639,28.5279
1640,28.5959
1641,28.4958
1642,28.4509
1643,28.5052
1644,28.5885
1645,28.5691
1646,28.4334
1647,28.4427
1648,28.6029
1649,28.573
1650,28.5962
1651,28.4712
1652,28.5707
1653,28.6505
1654,28.6074
1655,28.5569
1656,28.4914
1657,28.6271
1658,28.5787
1659,28.5971
1660,28.5807
1661,28.6326
1662,28.6066
1663,28.6097
1664,28.6301
1665,28.5925
1666,28.5737
1667,28.5404
1668,28.5301
1669,28.5423
1670,28.3902
1671,28.4335
1672,28.4752
1673,28.4058
1674,28.4088
1675,28.4377
1676,28.4421
1677,28.4188
1678,28.429
1679,28.5653
1680,28.4377
1681,28.4577
1682,28.5881
1683,28.5151
1684,28.3762
1685,28.3722
1686,28.4473
1687,28.4771
1688,28.3543
1689,28.3595
1690,28.3698
1691,28.3958
1692,28.2776
1693,28.3011
1694,28.3245
1695,28.4138
1696,28.4245
1697,28.433
1698,28.5233
1699,28.4706
1700,28.4286
1701,28.4083
1702,28.3723
1703,28.3529
1704,28.4005
1705,28.4121
1706,28.4554
1707,28.4987
1708,28.463
1709,28.4334
1710,28.3024
1711,28.4062
1712,28.4196
1713,28.4529
1714,28.4376
1715,28.5278
1716,28.4784
1717,28.5176
1718,28.3982
1719,28.3865
1720,28.3894
1721,28.4669
1722,28.5568
1723,28.4811
1724,28.5169
1725,28.4952
1726,28.4727
1727,28.4647
1728,28.4556
1729,28.4116
1730,28.5211
1731,28.3936
1732,28.38
1733,28.4681
1734,28.3498
1735,28.3708
1736,28.4206
1737,28.4391
1738,28.4883
1739,28.4003
1740,28.5547
1741,28.4493
1742,28.4207
1743,28.5399
1744,28.448
1745,28.4574
1746,28.5253
1747,28.4363
1748,28.4671
1749,28.5252
1750,28.4971
1751,28.3781
1752,28.3841
1753,28.444
1754,28.4293
1755,28.4087
1756,28.5084
1757,28.3981
1758,28.432
1759,28.3362
1760,28.5462
1761,28.4574
1762,28.4688
1763,28.5993
1764,28.495
1765,28.4446
1766,28.4851
1767,28.4218
1768,28.5327
1769,28.5938
1770,28.526
1771,28.5553
1772,28.48
1773,28.5203
1774,28.4757
1775,28.6198
1776,28.5754
1777,28.6541
1778,28.503
1779,28.5163
1780,28.6022
1781,28.5435
1782,28.5178
1783,28.6051
1784,28.5674
1785,28.6387
1786,28.5775
1787,28.5387
1788,28.544
1789,28.5588
1790,28.6909
1791,28.5958
1792,28.5374
1793,28.7135
1794,28.6813
1795,28.4844
1796,28.4982
1797,28.434
1798,28.3493
1799,28.5012
1800,28.4231
1801,28.4565
1802,28.5167
1803,28.4322
1804,28.3922
1805,28.4832
1806,28.4655
1807,28.4807
1808,28.495
1809,28.379
1810,28.4068
1811,28.5136
1812,28.5094
1813,28.4542
1814,28.4875
1815,28.5174
1816,28.6534
1817,28.4173
1818,28.5161
1819,28.5277
1820,28.4189
1821,28.5344
1822,28.5753
1823,28.4635
1824,28.5172
1825,28.4247
1826,28.4259
1827,28.4522
1828,28.5107
1829,28.3911
1830,28.3121
1831,28.5329
1832,28.5007
1833,28.5162
1834,28.5492
1835,28.571
1836,28.5988
1837,28.494
1838,28.4134
1839,28.4249
1840,28.3796
1841,28.4125
1842,28.4273
1843,28.3882
1844,28.3862
1845,28.4895
1846,28.4868
1847,28.5239
1848,28.5949
1849,28.4718
1850,28.5555
1851,28.618
1852,28.52
1853,28.5093
1854,28.5983
1855,28.6055
1856,28.6462
1857,28.7001
1858,28.6706
1859,28.6375
1860,28.6719
1861,28.5867
1862,28.6342
1863,28.5318
1864,28.4019
1865,28.5031
1866,28.5112
1867,28.5309
1868,28.6286
1869,28.5183
1870,28.5348
1871,28.5495
1872,28.6535
1873,28.6597
1874,28.5795
1875,28.5965
1876,28.5698
1877,28.5712
1878,28.6171
1879,28.609
1880,28.6714
1881,28.6875
1882,28.6119
1883,28.5341
1884,28.5152
1885,28.5954
1886,28.6043
1887,28.5394
1888,28.4591
1889,28.483
1890,28.3824
1891,28.4747
1892,28.5278
1893,28.5186
1894,28.4533
1895,28.4384
1896,28.5416
1897,28.4513
1898,28.5242
1899,28.4443
1900,28.5662
1901,28.6301
1902,28.5677
1903,28.5874
1904,28.6081
1905,28.6518
1906,28.5831
1907,28.6233
1908,28.6494
1909,28.5613
1910,28.4936
1911,28.5517
1912,28.6052
1913,28.5193
1914,28.5893
1915,28.6095
1916,28.5007
1917,28.5906
1918,28.5168
1919,28.506
1920,28.5826
1921,28.5533
1922,28.6581
1923,28.443
1924,28.5302
1925,28.5506
1926,28.5504
1927,28.5324
1928,28.6055
1929,28.5414
1930,28.5524
1931,28.6272
1932,28.6511
1933,28.6709
1934,28.5275
1935,28.5497
1936,28.5204
1937,28.5942
1938,28.5535
1939,28.6194
1940,28.6178
1941,28.594
1942,28.6431
1943,28.6022
1944,28.6896
1945,28.6918
1946,28.7224
1947,28.7187
1948,28.7008
1949,28.6797
1950,28.6779
1951,28.6746
1952,28.5638
1953,28.5461
1954,28.569
1955,28.6674
1956,28.5425
1957,28.485
1958,28.6534
1959,28.6897
1960,28.7076
1961,28.6607
1962,28.622
1963,28.682
1964,28.632
1965,28.5637
1966,28.576
1967,28.5981
1968,28.5373
1969,28.471
1970,28.6174
1971,28.6532
1972,28.6139
1973,28.5493
1974,28.6694
1975,28.5944
1976,28.581
1977,28.695
1978,28.5779
1979,28.5486
1980,28.5563
1981,28.6254
1982,28.4965
1983,28.5011
1984,28.5757
1985,28.4403
1986,28.3545
1987,28.4512
1988,28.4597
1989,28.5106
1990,28.4794
1991,28.6606
1992,28.6608
1993,28.5492
1994,28.626
1995,28.5724
1996,28.6071
1997,28.5455
1998,28.5885
1999,28.6703
2000,28.5891
2001,28.5364
2002,28.6335
2003,28.5568
2004,28.6924
2005,28.651
2006,28.6387
2007,28.6543
2008,28.6771
2009,28.6416
2010,28.6482
2011,28.699
2012,28.7458
2013,28.6847
2014,28.6186
2015,28.5548
2016,28.6545
2017,28.5959
2018,28.6737
2019,28.5904
2020,28.5623
2021,28.6638
2022,28.5066
2023,28.4777
2024,28.5221
2025,28.6785
2026,28.6041
2027,28.7021
2028,28.6705
2029,28.4439
2030,28.5595
2031,28.5915
2032,28.5419
2033,28.5215
2034,28.4598
2035,28.6138
2036,28.5469
2037,28.5319
2038,28.633
2039,28.578
2040,28.6914
2041,28.6929
2042,28.6103
2043,28.5432
2044,28.6149
2045,28.6952
2046,28.5775
2047,28.6851
2048,28.5827
2049,28.6734
2050,28.6235
2051,28.5515
2052,28.5761
2053,28.6165
2054,28.6363
2055,28.5419
2056,28.5792
2057,28.59
2058,28.5066
2059,28.5022
2060,28.6468
2061,28.5233
2062,28.5113
2063,28.654
2064,28.6034
2065,28.5769
2066,28.602
2067,28.6271
2068,28.5307
2069,28.6587
2070,28.6309
2071,28.544
2072,28.6041
2073,28.5429
2074,28.6226
2075,28.7243
2076,28.5837
2077,28.6653
2078,28.7329
2079,28.7614
2080,28.7398
2081,28.6986
2082,28.6165
2083,28.6835
2084,28.7322
2085,28.7153
2086,28.6946
2087,28.7034
2088,28.6867
2089,28.622
2090,28.785
2091,28.6929
2092,28.7247
2093,28.7368
2094,28.7159
2095,28.6506
2096,28.6409
2097,28.8007
2098,28.7564
2099,28.6921
2100,28.626
2101,28.7132
2102,28.7034
2103,28.6288
2104,28.5829
2105,28.6389
2106,28.6062
2107,28.7082
2108,28.6622
2109,28.7559
2110,28.7772
2111,28.6617
2112,28.7416
2113,28.7914
2114,28.7044
2115,28.7126
2116,28.75
2117,28.6492
2118,28.6883
2119,28.5839
2120,28.7811
2121,28.6214
2122,28.614
2123,28.5502
2124,28.676
2125,28.6905
2126,28.6458
2127,28.6347
2128,28.6172
2129,28.6411
2130,28.4855
2131,28.5637
2132,28.602
2133,28.4733
2134,28.3982
2135,28.3812
2136,28.4266
2137,28.4108
2138,28.5369
2139,28.5163
2140,28.4977
2141,28.5691
2142,28.4972
2143,28.5438
2144,28.453
2145,28.5725
2146,28.5427
2147,28.5367
2148,28.6184
2149,28.6854
2150,28.6315
2151,28.4963
2152,28.5066
2153,28.4716
2154,28.4927
2155,28.6237
2156,28.6307
2157,28.5118
2158,28.6549
2159,28.6999
2160,28.6555
2161,28.5832
2162,28.5964
2163,28.64
2164,28.5596
2165,28.5427
2166,28.5601
2167,28.6602
2168,28.5459
2169,28.5133
2170,28.5356
2171,28.5421
2172,28.4764
2173,28.4545
2174,28.4974
2175,28.5548
2176,28.5897
2177,28.6195
2178,28.5357
2179,28.5485
2180,28.7469
2181,28.7499
2182,28.559
2183,28.449
2184,28.4675
2185,28.5729
2186,28.6286
2187,28.5282
2188,28.5234
2189,28.4595
2190,28.7163
2191,28.6477
2192,28.5836
2193,28.519
2194,28.4457
2195,28.5081
2196,28.4966
2197,28.4892
2198,28.4831
2199,28.5761
2200,28.5702
2201,28.5343
2202,28.5385
2203,28.5561
2204,28.4758
2205,28.4286
2206,28.5617
2207,28.6235
2208,28.6075
2209,28.5597
2210,28.6691
2211,28.5716
2212,28.4674
2213,28.5555
2214,28.6825
2215,28.4383
2216,28.4598
2217,28.4393
2218,28.3768
2219,28.3665
2220,28.4192
2221,28.5204
2222,28.5655
2223,28.5195
2224,28.5208
2225,28.4995
2226,28.432
2227,28.4873
2228,28.5634
2229,28.5303
2230,28.4385
2231,28.6076
2232,28.6619
2233,28.6596
2234,28.6426
2235,28.6244
2236,28.6733
2237,28.5667
2238,28.621
2239,28.6478
2240,28.7158
2241,28.6196
2242,28.7527
2243,28.6666
2244,28.7181
2245,28.6613
2246,28.6644
2247,28.634
2248,28.6782
2249,28.6511
2250,28.5209
2251,28.459
2252,28.4287
2253,28.4336
2254,28.5213
2255,28.618
2256,28.4184
2257,28.4323
2258,28.3607
2259,28.4845
2260,28.5557
2261,28.5596
2262,28.4712
2263,28.5468
2264,28.5218
2265,28.5398
2266,28.5989
2267,28.6546
2268,28.5875
2269,28.4964
2270,28.64
2271,28.511
2272,28.4938
2273,28.5808
2274,28.5835
2275,28.715
2276,28.6338
2277,28.6779
2278,28.5722
2279,28.5115
2280,28.4856
2281,28.6231
2282,28.5244
2283,28.5593
2284,28.5485
2285,28.4719
2286,28.4653
2287,28.4534
2288,28.4834
2289,28.5338
2290,28.5435
2291,28.5099
2292,28.6587
2293,28.6155
2294,28.6189
2295,28.6755
2296,28.697
2297,28.6297
2298,28.44
2299,28.5298
2300,28.5902
2301,28.5346
2302,28.556
2303,28.4472
2304,28.5848
2305,28.4993
2306,28.6374
2307,28.544
2308,28.5888
2309,28.6227
2310,28.6376
2311,28.4458
2312,28.5731
2313,28.5852
2314,28.5113
2315,28.4771
2316,28.5058
2317,28.5638
2318,28.6178
2319,28.589
2320,28.5446
2321,28.5592
2322,28.4947
2323,28.5531
2324,28.4972
2325,28.4808
2326,28.4914
2327,28.6068
2328,28.5157
2329,28.5937
2330,28.5398
2331,28.5068
2332,28.5342
2333,28.7023
2334,28.6341
2335,28.663
2336,28.7246
2337,28.7039
2338,28.7182
2339,28.6927
2340,28.673
2341,28.6727
2342,28.6666
2343,28.7486
2344,28.6582
2345,28.5373
2346,28.5966
2347,28.5033
2348,28.4688
2349,28.5207
2350,28.5936
2351,28.6105
2352,28.6588
2353,28.6109
2354,28.6498
2355,28.6533
2356,28.6439
2357,28.6004
2358,28.735
2359,28.8272
2360,28.716
2361,28.5793
2362,28.8762
2363,28.7195
2364,28.6913
2365,28.6917
2366,28.5769
2367,28.6047
2368,28.6379
2369,28.7589
2370,28.6691
2371,28.6728
2372,28.6795
2373,28.5764
2374,28.5715
2375,28.6791
2376,28.6527
2377,28.6954
2378,28.7477
2379,28.571
2380,28.6118
2381,28.7408
2382,28.7441
2383,28.8091
2384,28.6698
2385,28.7602
2386,28.797
2387,28.7423
2388,28.8418
2389,28.9034
2390,28.844
2391,28.6936
2392,28.6384
2393,28.6109
2394,28.65
2395,28.7719
2396,28.6659
2397,28.4443
2398,28.412
2399,28.4063
2400,28.4719
2401,28.4994
2402,28.4114
2403,28.2611
2404,28.3747
2405,28.3474
2406,28.3319
2407,28.4107
2408,28.4083
2409,28.408
2410,28.396
2411,28.4793
2412,28.4149
2413,28.4804
2414,28.5219
2415,28.5898
2416,28.5446
2417,28.4207
2418,28.4372
2419,28.3783
2420,28.2693
2421,28.2956
2422,28.2495
2423,28.387
2424,28.4959
2425,28.5936
2426,28.5309
2427,28.4788
2428,28.5316
2429,28.5115
2430,28.5472
2431,28.5048
2432,28.5193
2433,28.4122
2434,28.5253
2435,28.4774
2436,28.5673
2437,28.5545
2438,28.6368
2439,28.6505
2440,28.5473
2441,28.6392
2442,28.5586
2443,28.6668
2444,28.6788
2445,28.644
2446,28.4929
2447,28.513
2448,28.449
2449,28.5064
2450,28.4288
2451,28.5098
2452,28.4359
2453,28.4527
2454,28.4977
2455,28.4899
2456,28.5772
2457,28.5183
2458,28.4437
2459,28.5138
2460,28.4082
2461,28.4642
2462,28.4979
2463,28.5335
2464,28.5901
2465,28.6
2466,28.4548
2467,28.4588
2468,28.4646
2469,28.6434
2470,28.6899
2471,28.5298
2472,28.6217
2473,28.5558
2474,28.5122
2475,28.4604
2476,28.3498
2477,28.4235
2478,28.3747
2479,28.5149
2480,28.512
2481,28.4587
2482,28.5615
2483,28.5488
2484,28.5634
2485,28.6082
2486,28.5637
2487,28.6708
2488,28.6956
2489,28.6713
2490,28.6486
2491,28.6954
2492,28.6513
2493,28.7823
2494,28.8289
2495,28.8207
2496,28.7998
2497,28.8273
2498,28.8598
2499,28.799
2500,28.7267
2501,28.7934
2502,28.8799
2503,28.7921
2504,28.7377
2505,28.6966
2506,28.7531
2507,28.6594
2508,28.6737
2509,28.5607
2510,28.6189
2511,28.6997
2512,28.7271
2513,28.6474
2514,28.681
2515,28.6382
2516,28.6054
2517,28.5359
2518,28.6441
2519,28.7122
2520,28.8645
2521,28.7816
2522,28.7203
2523,28.7365
2524,28.761
2525,28.701
2526,28.6604
2527,28.6312
2528,28.514
2529,28.6872
2530,28.6019
2531,28.6224
2532,28.5599
2533,28.5506
2534,28.6463
2535,28.6446
2536,28.5964
2537,28.5828
2538,28.649
2539,28.519
2540,28.668
2541,28.5573
2542,28.429
2543,28.4124
2544,28.4079
2545,28.3983
2546,28.4335
2547,28.403
2548,28.457
2549,28.4668
2550,28.5178
2551,28.4264
2552,28.4427
2553,28.3965
2554,28.3144
2555,28.4378
2556,28.449
2557,28.4033
2558,28.5021
2559,28.5285
2560,28.4929
2561,28.45
2562,28.4745
2563,28.4846
2564,28.5864
2565,28.4656
2566,28.4366
2567,28.364
2568,28.3081
2569,28.4225
2570,28.4909
2571,28.3978
2572,28.4681
2573,28.4003
2574,28.3879
2575,28.4702
2576,28.4825
2577,28.5751
2578,28.4623
2579,28.4871
2580,28.5347
2581,28.5136
2582,28.4241
2583,28.4639
2584,28.3841
2585,28.5133
2586,28.3115
2587,28.4177
2588,28.3989
2589,28.3697
2590,28.3767
2591,28.5204
2592,28.4637
2593,28.5782
2594,28.3815
2595,28.3901
2596,28.4232
2597,28.3063
2598,28.2611
2599,28.3813
2600,28.5453
2601,28.4252
2602,28.4034
2603,28.3146
2604,28.4172
2605,28.4145
2606,28.3528
2607,28.3139
2608,28.5079
2609,28.3782
2610,28.4274
2611,28.2742
2612,28.4019
2613,28.2857
2614,28.439
2615,28.454
2616,28.3857
2617,28.4506
2618,28.3164
2619,28.4376
2620,28.3074
2621,28.4484
2622,28.4741
2623,28.4643
2624,28.4727
2625,28.5999
2626,28.5879
2627,28.5041
2628,28.5399
2629,28.5933
2630,28.6173
2631,28.5955
2632,28.5861
2633,28.6984
2634,28.6907
2635,28.7629
2636,28.6577
2637,28.641
2638,28.6116
2639,28.5675
2640,28.5413
2641,28.6508
2642,28.5963
2643,28.6276
2644,28.614
2645,28.6126
2646,28.6996
2647,28.5618
2648,28.5949
2649,28.5573
2650,28.5774
2651,28.5904
2652,28.6132
2653,28.5928
2654,28.6456
2655,28.7023
2656,28.577
2657,28.6544
2658,28.6241
2659,28.6785
2660,28.5748
2661,28.5152
2662,28.5804
2663,28.7022
2664,28.7242
2665,28.7688
2666,28.6975
2667,28.6934
2668,28.6468
2669,28.5817
2670,28.5052
2671,28.6099
2672,28.6196
2673,28.6482
2674,28.6279
2675,28.8261
2676,28.8234
2677,28.8356
2678,28.7927
2679,28.7905
2680,28.7142
2681,28.5747
2682,28.636
2683,28.6754
2684,28.5632
2685,28.6931
2686,28.6293
2687,28.5409
2688,28.4966
2689,28.6443
2690,28.5822
2691,28.5334
2692,28.7039
2693,28.6086
2694,28.6197
2695,28.4782
2696,28.5915
2697,28.522
2698,28.5515
2699,28.5842
2700,28.6752
2701,28.6548
2702,28.5593
2703,28.6555
2704,28.7323
2705,28.6996
2706,28.653
2707,28.7905
2708,28.6941
2709,28.7824
2710,28.7298
2711,28.6776
2712,28.6596
2713,28.6635
2714,28.6456
2715,28.6671
2716,28.7368
2717,28.6003
2718,28.6259
2719,28.6574
2720,28.533
2721,28.6129
2722,28.598
2723,28.6886
2724,28.6206
2725,28.6283
2726,28.6392
2727,28.6233
2728,28.4867
2729,28.5881
2730,28.5616
2731,28.6383
2732,28.6479
2733,28.5778
2734,28.5296
2735,28.5555
2736,28.5339
2737,28.6524
2738,28.5544
2739,28.5856
2740,28.5639
2741,28.6285
2742,28.6636
2743,28.5351
2744,28.5625
2745,28.5614
2746,28.5776
2747,28.6582
2748,28.5667
2749,28.7063
2750,28.6436
2751,28.6597
2752,28.6937
2753,28.6395
2754,28.7565
2755,28.8378
2756,28.7856
2757,28.7807
2758,28.6989
2759,28.7076
2760,28.6538
2761,28.7092
2762,28.8213
2763,28.6379
2764,28.589
2765,28.6409
2766,28.6324
2767,28.5318
2768,28.6139
2769,28.5849
2770,28.5371
2771,28.5041
2772,28.4902
2773,28.4524
2774,28.4655
2775,28.4972
2776,28.4114
2777,28.5556
2778,28.6072
2779,28.5959
2780,28.6419
2781,28.6603
2782,28.6545
2783,28.5626
2784,28.6078
2785,28.5523
2786,28.579
2787,28.4961
2788,28.5956
2789,28.5946
2790,28.5351
2791,28.5456
2792,28.6707
2793,28.5828
2794,28.5289
2795,28.6203
2796,28.6343
2797,28.6394
2798,28.5669
2799,28.659
2800,28.5615
2801,28.5568
2802,28.6516
2803,28.7158
2804,28.6383
2805,28.6002
2806,28.6308
2807,28.6152
2808,28.5359
2809,28.6116
2810,28.6371
2811,28.6718
2812,28.5859
2813,28.6013
2814,28.7715
2815,28.5246
2816,28.729
2817,28.6845
2818,28.6082
2819,28.6656
2820,28.453
2821,28.5154
2822,28.4969
2823,28.5517
2824,28.4102
2825,28.4649
2826,28.4437
2827,28.5527
2828,28.6499
2829,28.5652
2830,28.5542
2831,28.5718
2832,28.514
2833,28.5704
2834,28.6663
2835,28.7517
2836,28.7733
2837,28.645
2838,28.6581
2839,28.6941
2840,28.6841
2841,28.6774
2842,28.6744
2843,28.7247
2844,28.735
2845,28.7546
2846,28.7355
2847,28.7681
2848,28.7209
2849,28.75
2850,28.733
2851,28.821
2852,28.7283
2853,28.6746
2854,28.5953
2855,28.5157
2856,28.5917
2857,28.6038
2858,28.5778
2859,28.6406
2860,28.5764
2861,28.5013
2862,28.4836
2863,28.5622
2864,28.4212
2865,28.4523
2866,28.5043
2867,28.6005
2868,28.5479
2869,28.5282
2870,28.5072
2871,28.4622
2872,28.4557
2873,28.5347
2874,28.5688
2875,28.654
2876,28.5275
2877,28.4907
2878,28.4866
2879,28.4845
2880,28.3874
2881,28.433
2882,28.4522
2883,28.3457
2884,28.3469
2885,28.3406
2886,28.3865
2887,28.4804
2888,28.3579
2889,28.374
2890,28.366
2891,28.515
2892,28.4173
2893,28.4813
2894,28.5518
2895,28.5239
2896,28.5199
2897,28.473
2898,28.4162
2899,28.4002
2900,28.4514
2901,28.5804
2902,28.5226
2903,28.5152
2904,28.4511
2905,28.3868
2906,28.4208
2907,28.3499
2908,28.3271
2909,28.3043
2910,28.3071
2911,28.4718
2912,28.4396
2913,28.4287
2914,28.4459
2915,28.52
2916,28.4458
2917,28.4767
2918,28.4708
2919,28.5116
2920,28.5685
2921,28.3957
2922,28.3613
2923,28.3725
2924,28.4711
2925,28.3401
2926,28.367
2927,28.2815
2928,28.4304
2929,28.4237
2930,28.395
2931,28.4227
2932,28.3147
2933,28.5496
2934,28.5421
2935,28.5219
2936,28.401
2937,28.4168
2938,28.3895
2939,28.3499
2940,28.4143
2941,28.5133
2942,28.4954
2943,28.5018
2944,28.4803
2945,28.523
2946,28.6001
2947,28.5341
2948,28.588
2949,28.5197
2950,28.5322
2951,28.5084
2952,28.5793
2953,28.6107
2954,28.5934
2955,28.5155
2956,28.4993
2957,28.5909
2958,28.74
2959,28.7288
2960,28.5788
2961,28.5683
2962,28.6508
2963,28.7447
2964,28.7533
2965,28.6301
2966,28.6904
2967,28.5977
2968,28.4725
2969,28.4864
2970,28.5659
2971,28.6098
2972,28.5681
2973,28.5424
2974,28.5472
2975,28.5372
2976,28.4287
2977,28.5303
2978,28.4711
2979,28.4822
2980,28.6061
2981,28.581
2982,28.6277
2983,28.6864
2984,28.7189
2985,28.6577
2986,28.6916
2987,28.7006
2988,28.6578
2989,28.6366
2990,28.6043
2991,28.5638
2992,28.4628
2993,28.5732
2994,28.52
2995,28.6146
2996,28.4726
2997,28.5118
2998,28.4562
2999,28.4574
3000,28.4724
3001,28.4364
3002,28.4392
3003,28.5227
3004,28.6805
3005,28.5328
3006,28.5288
3007,28.5128
3008,28.5397
3009,28.4707
3010,28.5938
3011,28.5734
3012,28.5235
3013,28.5687
3014,28.5931
3015,28.5389
3016,28.7403
3017,28.6002
3018,28.6894
3019,28.5778
3020,28.5431
3021,28.6969
3022,28.6512
3023,28.7118
3024,28.6472
3025,28.6316
3026,28.548
3027,28.6126
3028,28.6268
3029,28.5702
3030,28.5746
3031,28.5877
3032,28.6302
3033,28.5813
3034,28.6698
3035,28.6562
3036,28.6244
3037,28.6142
3038,28.6991
3039,28.691
3040,28.5569
3041,28.5869
3042,28.5676
3043,28.4955
3044,28.4656
3045,28.5422
3046,28.5811
3047,28.6325
3048,28.6303
3049,28.5548
3050,28.6374
3051,28.5688
3052,28.5055
3053,28.5774
3054,28.4664
3055,28.475
3056,28.4722
3057,28.4901
3058,28.6264
3059,28.6235
3060,28.4784
3061,28.5601
3062,28.6
3063,28.6264
3064,28.5102
3065,28.5686
3066,28.5752
3067,28.5109
3068,28.4948
3069,28.5435
3070,28.6035
3071,28.622
3072,28.5676
3073,28.5789
3074,28.5306
3075,28.4826
3076,28.5419
3077,28.5129
3078,28.5165
3079,28.587
3080,28.6105
3081,28.4988
3082,28.4938
3083,28.5
3084,28.5045
3085,28.5186
3086,28.4717
3087,28.5242
3088,28.6654
3089,28.6326
3090,28.4991
3091,28.41
3092,28.4015
3093,28.4047
3094,28.367
3095,28.3729
3096,28.2818
3097,28.3715
3098,28.4322
3099,28.466
3100,28.5369
3101,28.4505
3102,28.3861
3103,28.5518
3104,28.5951
3105,28.4336
3106,28.4369
3107,28.4226
3108,28.4344
3109,28.435
3110,28.431
3111,28.5606
3112,28.5414
3113,28.5342
3114,28.58
3115,28.6393
3116,28.5626
3117,28.5591
3118,28.5777
3119,28.5759
3120,28.589
3121,28.579
3122,28.5014
3123,28.4479
3124,28.4032
3125,28.4734
3126,28.5396
3127,28.5462
3128,28.5628
3129,28.4004
3130,28.4429
3131,28.399
3132,28.3997
3133,28.4789
3134,28.4993
3135,28.4183
3136,28.3531
3137,28.3749
3138,28.3607
3139,28.4577
3140,28.4264
3141,28.4919
3142,28.5259
3143,28.4865
3144,28.4607
3145,28.4479
3146,28.4502
3147,28.5756
3148,28.461
3149,28.3026
3150,28.3085
3151,28.3133
3152,28.4004
3153,28.3465
3154,28.4145
3155,28.3893
3156,28.3068
3157,28.4083
3158,28.4865
3159,28.4168
3160,28.3507
3161,28.3756
3162,28.3198
3163,28.3444
3164,28.4415
3165,28.4628
3166,28.3866
3167,28.4682
3168,28.4579
3169,28.3997
3170,28.3272
3171,28.3489
3172,28.4599
3173,28.4677
3174,28.4626
3175,28.4204
3176,28.418
3177,28.4186
3178,28.4119
3179,28.384
3180,28.4395
3181,28.5345
3182,28.4738
3183,28.4903
3184,28.5066
3185,28.4614
3186,28.5016
3187,28.442
3188,28.3676
3189,28.4246
3190,28.4225
3191,28.4733
3192,28.3969
3193,28.4876
3194,28.4969
3195,28.4838
3196,28.4896
3197,28.4982
3198,28.3863
3199,28.4714
3200,28.3671
3201,28.4421
3202,28.4153
3203,28.4313
3204,28.4454
3205,28.5005
3206,28.4344
3207,28.4586
3208,28.4885
3209,28.5551
3210,28.4947
3211,28.416
3212,28.5032
3213,28.4362
3214,28.5116
3215,28.4811
3216,28.4164
3217,28.4447
3218,28.4525
3219,28.4905
3220,28.5033
3221,28.3824
3222,28.3608
3223,28.4725
3224,28.623
3225,28.4439
3226,28.3769
3227,28.3993
3228,28.4629
3229,28.504
3230,28.5261
3231,28.5597
3232,28.4733
3233,28.5928
3234,28.5876
3235,28.6075
3236,28.51
3237,28.5509
3238,28.6441
3239,28.5389
3240,28.4661
3241,28.5367
3242,28.5139
3243,28.4788
3244,28.5803
3245,28.5197
3246,28.5742
3247,28.5973
3248,28.5203
3249,28.4362
3250,28.5192
3251,28.4967
3252,28.4272
3253,28.2813
3254,28.4751
3255,28.3679
3256,28.4783
3257,28.4181
3258,28.3589
3259,28.3105
3260,28.344
3261,28.3763
3262,28.4466
3263,28.4381
3264,28.4173
3265,28.4888
3266,28.5009
3267,28.5172
3268,28.3346
3269,28.4834
3270,28.4907
3271,28.4789
3272,28.5464
3273,28.506
3274,28.434
3275,28.4024
3276,28.4127
3277,28.3907
3278,28.3395
3279,28.3132
3280,28.4146
3281,28.4564
3282,28.4371
3283,28.4259
3284,28.4392
3285,28.4683
3286,28.4216
3287,28.3082
3288,28.5203
3289,28.4774
3290,28.4124
3291,28.5524
3292,28.4446
3293,28.4531
3294,28.4928
3295,28.5685
3296,28.3796
3297,28.3322
3298,28.4906
3299,28.4704
3300,28.4759
3301,28.4406
3302,28.4801
3303,28.4999
3304,28.5154
3305,28.5743
3306,28.5301
3307,28.5723
3308,28.5852
3309,28.5838
3310,28.4474
3311,28.4214
3312,28.52
3313,28.5555
3314,28.5701
3315,28.4854
3316,28.5155
3317,28.6093
3318,28.679
3319,28.5467
3320,28.4887
3321,28.4971
3322,28.4603
3323,28.4432
3324,28.5034
3325,28.5267
3326,28.4718
3327,28.5402
3328,28.4379
3329,28.5169
3330,28.4562
3331,28.4888
3332,28.4477
3333,28.5816
3334,28.425
3335,28.4626
3336,28.4897
3337,28.3994
3338,28.3877
3339,28.449
3340,28.3623
3341,28.2852
3342,28.3201
3343,28.3541
3344,28.47
3345,28.437
3346,28.4241
3347,28.3941
3348,28.4401
3349,28.4349
3350,28.39
3351,28.3701
3352,28.3588
3353,28.2816
3354,28.3812
3355,28.4345
3356,28.4214
3357,28.3586
3358,28.3585
3359,28.355
3360,28.3418
3361,28.4552
3362,28.4789
3363,28.4147
3364,28.3065
3365,28.4234
3366,28.3579
3367,28.4073
3368,28.4427
3369,28.3689
3370,28.2027
3371,28.2301
3372,28.3996
3373,28.4543
3374,28.5026
3375,28.4662
3376,28.3279
3377,28.3154
3378,28.3085
3379,28.3646
3380,28.4032
3381,28.3461
3382,28.3381
3383,28.3458
3384,28.3485
3385,28.4938
3386,28.4191
3387,28.4676
3388,28.3022
3389,28.3095
3390,28.1706
3391,28.289
3392,28.3365
3393,28.4132
3394,28.4286
3395,28.3639
3396,28.2834
3397,28.2748
3398,28.3371
3399,28.2932
3400,28.2541
3401,28.4183
3402,28.3991
3403,28.249
3404,28.3742
3405,28.2924
3406,28.3465
3407,28.4076
3408,28.3978
3409,28.4319
3410,28.3991
3411,28.3907
3412,28.3599
3413,28.379
3414,28.3549
3415,28.3564
3416,28.4375
3417,28.4698
3418,28.3952
3419,28.2966
3420,28.393
3421,28.3874
3422,28.2525
3423,28.3763
3424,28.1665
3425,28.1601
3426,28.2325
3427,28.2706
3428,28.1993
3429,28.3048
3430,28.2631
3431,28.2216
3432,28.2989
3433,28.3344
3434,28.4062
3435,28.3245
3436,28.38
3437,28.3187
3438,28.2558
3439,28.3717
3440,28.2876
3441,28.3557
3442,28.1715
3443,28.2829
3444,28.2714
3445,28.191
3446,28.195
3447,28.2912
3448,28.3528
3449,28.3378
3450,28.3388
3451,28.3971
3452,28.3132
3453,28.2432
3454,28.3268
3455,28.3587
3456,28.43
3457,28.4348
3458,28.3439
3459,28.3844
3460,28.3128
3461,28.3045
3462,28.2381
3463,28.2239
3464,28.3783
3465,28.3358
3466,28.3487
3467,28.3789
3468,28.3736
3469,28.292
3470,28.2499
3471,28.2747
3472,28.3177
3473,28.2736
3474,28.2839
3475,28.2925
3476,28.4464
3477,28.5415
3478,28.4045
3479,28.3584
3480,28.5498
3481,28.5282
3482,28.4529
3483,28.4358
3484,28.4033
3485,28.487
3486,28.3586
3487,28.5437
3488,28.4515
3489,28.4118
3490,28.3677
3491,28.3431
3492,28.3992
3493,28.2928
3494,28.3508
3495,28.3153
3496,28.2708
3497,28.3233
3498,28.4264
3499,28.2919
3500,28.3857
3501,28.5388
3502,28.4904
3503,28.3809
3504,28.3405
3505,28.3729
3506,28.3353
3507,28.3348
3508,28.3035
3509,28.327
3510,28.357
3511,28.3358
3512,28.3338
3513,28.3451
3514,28.3202
3515,28.4109
3516,28.4133
3517,28.4314
3518,28.4399
3519,28.4041
3520,28.4856
3521,28.4237
3522,28.3878
3523,28.3888
3524,28.4096
3525,28.4407
3526,28.5145
3527,28.4709
3528,28.4623
3529,28.3425
3530,28.5423
3531,28.5168
3532,28.4205
3533,28.3907
3534,28.4044
3535,28.409
3536,28.516
3537,28.4659
3538,28.4437
3539,28.4906
3540,28.5616
3541,28.4061
3542,28.3942
3543,28.314
3544,28.3516
3545,28.3773
3546,28.265
3547,28.3425
3548,28.2895
3549,28.347
3550,28.19
3551,28.2965
3552,28.2749
3553,28.2524
3554,28.3983
3555,28.3538
3556,28.3892
3557,28.3554
3558,28.3283
3559,28.3502
3560,28.3352
3561,28.2755
3562,28.2094
3563,28.2033
3564,28.207
3565,28.2773
3566,28.1851
3567,28.1373
3568,28.2685
3569,28.1745
3570,28.3299
3571,28.205
3572,28.2127
3573,28.1814
3574,28.2869
3575,28.2154
3576,28.1828
3577,28.1283
3578,28.2868
3579,28.2906
3580,28.2699
3581,28.2115
3582,28.2456
3583,28.3955
3584,28.3836
3585,28.3701
3586,28.2967
3587,28.2294
3588,28.2045
3589,28.2707
3590,28.2734
3591,28.3198
3592,28.2317
3593,28.1953
3594,28.3061
3595,28.247
3596,28.2795
3597,28.3489
3598,28.3111
3599,28.2392
3600,28.318
3601,28.2638
3602,28.2269
3603,28.2051
3604,28.1646
3605,28.283
3606,28.2683
3607,28.2894
3608,28.3122
3609,28.3586
3610,28.2879
3611,28.2986
3612,28.2969
3613,28.3448
3614,28.281
3615,28.3899
3616,28.352
3617,28.2913
3618,28.3076
3619,28.2825
3620,28.2613
3621,28.2436
3622,28.3276
3623,28.2865
3624,28.2953
3625,28.2304
3626,28.3401
3627,28.3251
3628,28.3424
3629,28.3241
3630,28.3618
3631,28.3826
3632,28.3795
3633,28.2718
3634,28.285
3635,28.3532
3636,28.3334
3637,28.3342
3638,28.3483
3639,28.3748
3640,28.3317
3641,28.3219
3642,28.261
3643,28.2895
3644,28.2908
3645,28.3177
3646,28.258
3647,28.3829
3648,28.3171
3649,28.204
3650,28.2456
3651,28.2361
3652,28.3218
3653,28.3002
3654,28.3653
3655,28.3949
3656,28.2505
3657,28.2363
3658,28.312
3659,28.3482
3660,28.3224
3661,28.3354
3662,28.3473
3663,28.3084
3664,28.3228
3665,28.2897
3666,28.3378
3667,28.3308
3668,28.2434
3669,28.2557
3670,28.3106
3671,28.3612
3672,28.3551
3673,28.3525
3674,28.4031
3675,28.4306
3676,28.3992
3677,28.3386
3678,28.3733
3679,28.3752
3680,28.3793
3681,28.4017
3682,28.3018
3683,28.1917
3684,28.2192
3685,28.2711
3686,28.276
3687,28.2812
3688,28.1581
3689,28.2855
3690,28.2714
3691,28.2447
3692,28.2253
3693,28.3549
3694,28.3884
3695,28.3256
3696,28.2314
3697,28.2107
3698,28.207
3699,28.2029
3700,28.2742
3701,28.1944
3702,28.3397
3703,28.3832
3704,28.2638
3705,28.2738
3706,28.2173
3707,28.2145
3708,28.31
3709,28.3099
3710,28.215
3711,28.2433
3712,28.2828
3713,28.3534
3714,28.3044
3715,28.2857
3716,28.3238
3717,28.2501
3718,28.2483
3719,28.3505
3720,28.3855
3721,28.3318
3722,28.2299
3723,28.265
3724,28.2081
3725,28.2029
3726,28.2593
3727,28.1543
3728,28.2865
3729,28.2111
3730,28.3876
3731,28.3069
3732,28.3398
3733,28.31
3734,28.2775
3735,28.4032
3736,28.4198
3737,28.41
3738,28.4134
3739,28.2672
3740,28.3508
3741,28.3162
3742,28.3454
3743,28.2531
3744,28.2925
3745,28.2244
3746,28.1847
3747,28.1576
3748,28.2735
3749,28.3546
3750,28.3341
3751,28.3288
3752,28.4139
3753,28.4016
3754,28.4082
3755,28.5213
3756,28.3496
3757,28.3579
3758,28.338
3759,28.2355
3760,28.356
3761,28.2921
3762,28.2369
3763,28.307
3764,28.3794
3765,28.2396
3766,28.3078
3767,28.323
3768,28.3265
3769,28.2841
3770,28.3189
3771,28.3351
3772,28.2997
3773,28.3356
3774,28.3558
3775,28.239
3776,28.2479
3777,28.3826
3778,28.4263
3779,28.3308
3780,28.4888
3781,28.3984
3782,28.4646
3783,28.5045
3784,28.4426
3785,28.365
3786,28.281
3787,28.2845
3788,28.2813
3789,28.2831
3790,28.2076
3791,28.1375
3792,28.2347
3793,28.3088
3794,28.3841
3795,28.3277
3796,28.3639
3797,28.4511
3798,28.4589
3799,28.3959
3800,28.4562
3801,28.562
3802,28.4047
3803,28.433
3804,28.3865
3805,28.3373
3806,28.4113
3807,28.3544
3808,28.3298
3809,28.285
3810,28.3368
3811,28.2997
3812,28.366
3813,28.2971
3814,28.4008
3815,28.4311
3816,28.394
3817,28.423
3818,28.3806
3819,28.4482
3820,28.2997
3821,28.3268
3822,28.3919
3823,28.4185
3824,28.3814
3825,28.4218
3826,28.4039
3827,28.338
3828,28.2762
3829,28.2812
3830,28.1756
3831,28.286
3832,28.3494
3833,28.2384
3834,28.2759
3835,28.3204
3836,28.421
3837,28.4399
3838,28.4821
3839,28.4268
3840,28.4576
3841,28.3756
3842,28.3023
3843,28.2373
3844,28.3037
3845,28.3297
3846,28.3347
3847,28.2688
3848,28.2974
3849,28.2717
3850,28.388
3851,28.3255
3852,28.3511
3853,28.37
3854,28.3874
3855,28.4449
3856,28.3881
3857,28.44
3858,28.5065
3859,28.5297
3860,28.4041
3861,28.3975
3862,28.5012
3863,28.3691
3864,28.4196
3865,28.4448
3866,28.375
3867,28.3882
3868,28.3348
3869,28.3747
3870,28.304
3871,28.3809
3872,28.3325
3873,28.2742
3874,28.4253
3875,28.3964
3876,28.404
3877,28.4495
3878,28.4493
3879,28.4361
3880,28.4068
3881,28.5487
3882,28.4191
3883,28.318
3884,28.3182
3885,28.2576
3886,28.3499
3887,28.3573
3888,28.2703
3889,28.2882
3890,28.3112
3891,28.2894
3892,28.2774
3893,28.3699
3894,28.2494
3895,28.3005
3896,28.269
3897,28.2407
3898,28.1998
3899,28.2742
3900,28.248
3901,28.1756
3902,28.2222
3903,28.2583
3904,28.2808
3905,28.2677
3906,28.1967
3907,28.3435
3908,28.2411
3909,28.3544
3910,28.3693
3911,28.4219
3912,28.4691
3913,28.4892
3914,28.4349
3915,28.4161
3916,28.4335
3917,28.4041
3918,28.3689
3919,28.4338
3920,28.4824
3921,28.4398
3922,28.4453
3923,28.4371
3924,28.5244
3925,28.593
3926,28.5466
3927,28.4936
3928,28.5244
3929,28.4694
3930,28.585
3931,28.5014
3932,28.4714
3933,28.4185
3934,28.3924
3935,28.4878
3936,28.4817
3937,28.5572
3938,28.5066
3939,28.3921
3940,28.4568
3941,28.3684
3942,28.385
3943,28.3978
3944,28.4425
3945,28.457
3946,28.4509
3947,28.4352
3948,28.4309
3949,28.3083
3950,28.4997
3951,28.4014
3952,28.5109
3953,28.4141
3954,28.4042
3955,28.3622
3956,28.4275
3957,28.3266
3958,28.2957
3959,28.2546
3960,28.3112
3961,28.3852
3962,28.3887
3963,28.4763
3964,28.474
3965,28.4424
3966,28.337
3967,28.2848
3968,28.2013
3969,28.2792
3970,28.3755
3971,28.2093
3972,28.3434
3973,28.2811
3974,28.2788
3975,28.1403
3976,28.356
3977,28.2941
3978,28.2384
3979,28.3805
3980,28.3648
3981,28.3339
3982,28.3866
3983,28.2983
3984,28.1912
3985,28.3085
3986,28.2909
3987,28.2928
3988,28.2633
3989,28.3048
3990,28.525
3991,28.2625
3992,28.3672
3993,28.3181
3994,28.2672
3995,28.3965
3996,28.4446
3997,28.3491
3998,28.264
3999,28.2911
4000,28.3172
4001,28.3288
4002,28.3255
4003,28.3798
4004,28.2742
4005,28.3304
4006,28.3234
4007,28.4097
4008,28.4125
4009,28.4654
4010,28.2973
4011,28.4768
4012,28.5851
4013,28.5219
4014,28.453
4015,28.5566
4016,28.5004
4017,28.5463
4018,28.428
4019,28.5127
4020,28.3631
4021,28.4248
4022,28.4054
4023,28.4259
4024,28.4127
4025,28.4125
4026,28.4305
4027,28.4514
4028,28.3982
4029,28.4502
4030,28.436
4031,28.4079
4032,28.3792
4033,28.3993
4034,28.415
4035,28.4502
4036,28.4828
4037,28.3991
4038,28.5021
4039,28.3898
4040,28.4584
4041,28.3768
4042,28.3487
4043,28.4049
4044,28.3934
4045,28.3648
4046,28.366
4047,28.3116
4048,28.3543
4049,28.4684
4050,28.4114
4051,28.4748
4052,28.2597
4053,28.3601
4054,28.3961
4055,28.2987
4056,28.1744
4057,28.1438
4058,28.1287
4059,28.1822
4060,28.23
4061,28.2845
4062,28.1677
4063,28.2588
4064,28.4104
4065,28.4522
4066,28.4262
4067,28.4003
4068,28.3669
4069,28.378
4070,28.2114
4071,28.2753
4072,28.3105
4073,28.3168
4074,28.3965
4075,28.333
4076,28.4416
4077,28.5094
4078,28.4471
4079,28.4818
4080,28.4124
4081,28.342
4082,28.365
4083,28.3847
4084,28.312
4085,28.298
4086,28.2361
4087,28.1743
4088,28.2221
4089,28.284
4090,28.2355
4091,28.2911
4092,28.2817
4093,28.3792
4094,28.4297
4095,28.403
4096,28.3547
4097,28.3348
4098,28.3362
4099,28.2438
4100,28.261
4101,28.2974
4102,28.3387
4103,28.2498
4104,28.3264
4105,28.2649
4106,28.3538
4107,28.3545
4108,28.2506
4109,28.2163
4110,28.2838
4111,28.2034
4112,28.1709
4113,28.3966
4114,28.3355
4115,28.4448
4116,28.3585
4117,28.4295
4118,28.4229
4119,28.4763
4120,28.4349
4121,28.3821
4122,28.3085
4123,28.3817
4124,28.4846
4125,28.5167
4126,28.5327
4127,28.4513
4128,28.5804
4129,28.4372
4130,28.42
4131,28.3498
4132,28.3517
4133,28.3702
4134,28.3443
4135,28.5898
4136,28.6591
4137,28.6299
4138,28.5512
4139,28.4532
4140,28.4992
4141,28.4477
4142,28.511
4143,28.4921
4144,28.5244
4145,28.5355
4146,28.4033
4147,28.4339
4148,28.3394
4149,28.3343
4150,28.3815
4151,28.4494
4152,28.6337
4153,28.542
4154,28.5005
4155,28.2569
4156,28.3854
4157,28.3735
4158,28.2879
4159,28.3084
4160,28.2688
4161,28.1957
4162,28.2011
4163,28.2781
4164,28.2609
4165,28.3552
4166,28.3486
4167,28.3966
4168,28.4189
4169,28.3833
4170,28.3908
4171,28.3299
4172,28.381
4173,28.3436
4174,28.3
4175,28.3797
4176,28.35
4177,28.3964
4178,28.2911
4179,28.4073
4180,28.4268
4181,28.4933
4182,28.3666
4183,28.3167
4184,28.4322
4185,28.383
4186,28.4435
4187,28.224
4188,28.2526
4189,28.3169
4190,28.4306
4191,28.3615
4192,28.3453
4193,28.4577
4194,28.4587
4195,28.4128
4196,28.4896
4197,28.3881
4198,28.3212
4199,28.2364
4200,28.1517
4201,28.1881
4202,28.1934
4203,28.1612
4204,28.203
4205,28.2804
4206,28.3612
4207,28.2308
4208,28.2315
4209,28.3359
4210,28.3575
4211,28.3243
4212,28.3999
4213,28.3497
4214,28.2419
4215,28.3451
4216,28.409
4217,28.3964
4218,28.3423
4219,28.2057
4220,28.2959
4221,28.2112
4222,28.2624
4223,28.3282
4224,28.3073
4225,28.2187
4226,28.2687
4227,28.3354
4228,28.2876
4229,28.2917
4230,28.3093
4231,28.4132
4232,28.2087
4233,28.3287
4234,28.4434
4235,28.224
4236,28.2648
4237,28.3421
4238,28.3784
4239,28.3434
4240,28.3882
4241,28.3392
4242,28.457
4243,28.4266
4244,28.3947
4245,28.328
4246,28.3026
4247,28.2766
4248,28.3979
4249,28.2911
4250,28.3085
4251,28.3492
4252,28.3443
4253,28.5562
4254,28.4953
4255,28.4353
4256,28.42
4257,28.3997
4258,28.2842
4259,28.2777
4260,28.3355
4261,28.5161
4262,28.4631
4263,28.5012
4264,28.6301
4265,28.4582
4266,28.5613
4267,28.4188
4268,28.3942
4269,28.4034
4270,28.3813
4271,28.4782
4272,28.3692
4273,28.39
4274,28.3176
4275,28.3862
4276,28.3683
4277,28.3328
4278,28.2667
4279,28.3534
4280,28.3852
4281,28.2764
4282,28.3131
4283,28.4965
4284,28.3123
4285,28.4647
4286,28.4518
4287,28.5338
4288,28.409
4289,28.4293
4290,28.422
4291,28.4583
4292,28.4203
4293,28.4604
4294,28.3499
4295,28.436
4296,28.4083
4297,28.2823
4298,28.4216
4299,28.4322
4300,28.3513
4301,28.3
4302,28.2916
4303,28.3224
4304,28.3716
4305,28.4352
4306,28.4816
4307,28.4205
4308,28.3936
4309,28.335
4310,28.4094
4311,28.2943
4312,28.37
4313,28.3264
4314,28.2985
4315,28.3263
4316,28.3254
4317,28.4028
4318,28.3631
4319,28.3844
4320,28.4759
4321,28.4174
4322,28.4946
4323,28.4645
4324,28.4612
4325,28.4683
4326,28.3727
4327,28.3401
4328,28.3318
4329,28.3417
4330,28.3371
4331,28.3098
4332,28.4289
4333,28.4698
4334,28.4944
4335,28.4327
4336,28.4133
4337,28.3942
4338,28.3909
4339,28.4118
4340,28.4181
4341,28.4119
4342,28.3785
4343,28.5381
4344,28.5346
4345,28.4097
4346,28.4198
4347,28.3703
4348,28.4848
4349,28.3775
4350,28.4268
4351,28.4672
4352,28.4885
4353,28.4336
4354,28.3809
4355,28.2855
4356,28.2545
4357,28.3112
4358,28.2742
4359,28.2229
4360,28.1743
4361,28.2105
4362,28.2737
4363,28.2533
4364,28.239
4365,28.2783
4366,28.3704
4367,28.328
4368,28.4844
4369,28.3889
4370,28.318
4371,28.3096
4372,28.3649
4373,28.3526
4374,28.3507
4375,28.3599
4376,28.3166
4377,28.473
4378,28.4375
4379,28.3896
4380,28.4247
4381,28.335
4382,28.3177
4383,28.2979
4384,28.2986
4385,28.3018
4386,28.2677
4387,28.2492
4388,28.3112
4389,28.2675
4390,28.2934
4391,28.2485
4392,28.3644
4393,28.3176
4394,28.3051
4395,28.3292
4396,28.3801
4397,28.3031
4398,28.3649
4399,28.3783
4400,28.2717
4401,28.3322
4402,28.2817
4403,28.4966
4404,28.4004
4405,28.4182
4406,28.3952
4407,28.3659
4408,28.5108
4409,28.5047
4410,28.3855
4411,28.4256
4412,28.5389
4413,28.5262
4414,28.5194
4415,28.3588
4416,28.352
4417,28.3109
4418,28.3483
4419,28.4105
4420,28.5152
4421,28.4128
4422,28.4647
4423,28.3606
4424,28.4073
4425,28.394
4426,28.3993
4427,28.3557
4428,28.356
4429,28.31
4430,28.3325
4431,28.3036
4432,28.2669
4433,28.2738
4434,28.2043
4435,28.321
4436,28.3769
4437,28.3097
4438,28.4011
4439,28.3736
4440,28.41
4441,28.377
4442,28.4391
4443,28.5453
4444,28.4144
4445,28.5027
4446,28.6098
4447,28.5451
4448,28.4867
4449,28.5433
4450,28.3511
4451,28.4313
4452,28.495
4453,28.3558
4454,28.4841
4455,28.3893
4456,28.4121
4457,28.3054
4458,28.2336
4459,28.3293
4460,28.1955
4461,28.3445
4462,28.2598
4463,28.3156
4464,28.1988
4465,28.3976
4466,28.3567
4467,28.3706
4468,28.3257
4469,28.2324
4470,28.4426
4471,28.5606
4472,28.3925
4473,28.3281
4474,28.3778
4475,28.3494
4476,28.4867
4477,28.3957
4478,28.3632
4479,28.392
4480,28.2863
4481,28.3289
4482,28.4424
4483,28.3232
4484,28.3253
4485,28.4648
4486,28.4766
4487,28.4955
4488,28.5165
4489,28.3656
4490,28.3355
4491,28.4302
4492,28.4584
4493,28.4267
4494,28.3832
4495,28.4693
4496,28.5019
4497,28.4978
4498,28.4873
4499,28.4411
4500,28.4294
4501,28.4571
4502,28.4833
4503,28.3424
4504,28.2959
4505,28.2757
4506,28.3973
4507,28.2956
4508,28.3053
4509,28.3347
4510,28.3521
4511,28.28
4512,28.4038
4513,28.3893
4514,28.3911
4515,28.3456
4516,28.3172
4517,28.4252
4518,28.4729
4519,28.422
4520,28.4284
4521,28.3602
4522,28.4004
4523,28.4078
4524,28.4877
4525,28.4092
4526,28.4602
4527,28.6149
4528,28.622
4529,28.5967
4530,28.5666
4531,28.4656
4532,28.498
4533,28.4869
4534,28.5068
4535,28.4679
4536,28.4946
4537,28.5559
4538,28.4653
4539,28.4106
4540,28.407
4541,28.4549
4542,28.4063
4543,28.4021
4544,28.4556
4545,28.4912
4546,28.3473
4547,28.2782
4548,28.2981
4549,28.3432
4550,28.4109
4551,28.4458
4552,28.3314
4553,28.5077
4554,28.3818
4555,28.4056
4556,28.4311
4557,28.4485
4558,28.3779
4559,28.4191
4560,28.4972
4561,28.2118
4562,28.295
4563,28.2856
4564,28.3784
4565,28.3014
4566,28.3145
4567,28.4266
4568,28.2998
4569,28.3723
4570,28.4427
4571,28.4004
4572,28.3512
4573,28.3028
4574,28.343
4575,28.3652
4576,28.4002
4577,28.3921
4578,28.5838
4579,28.4635
4580,28.4247
4581,28.4679
4582,28.4778
4583,28.3734
4584,28.3822
4585,28.3623
4586,28.3657
4587,28.3473
4588,28.3617
4589,28.2594
4590,28.2822
4591,28.129
4592,28.2439
4593,28.1918
4594,28.2923
4595,28.283
4596,28.2929
4597,28.2462
4598,28.3746
4599,28.402
4600,28.4283
4601,28.2922
4602,28.3589
4603,28.4072
4604,28.4744
4605,28.4332
4606,28.3582
4607,28.3572
4608,28.4052
4609,28.1697
4610,28.307
4611,28.2585
4612,28.2232
4613,28.3887
4614,28.2928
4615,28.3791
4616,28.2694
4617,28.2599
4618,28.1636
4619,28.2469
4620,28.1287
4621,28.1996
4622,28.1091
4623,28.2914
4624,28.3665
4625,28.253
4626,28.298
4627,28.3231
4628,28.2829
4629,28.2908
4630,28.2696
4631,28.1801
4632,28.1662
4633,28.2637
4634,28.2617
4635,28.2895
4636,28.2199
4637,28.2388
4638,28.2628
4639,28.278
4640,28.2225
4641,28.2659
4642,28.1551
4643,28.18
4644,28.2742
4645,28.3487
4646,28.2377
4647,28.3254
4648,28.3489
4649,28.2615
4650,28.3703
4651,28.2904
4652,28.2973
4653,28.3335
4654,28.2722
4655,28.2459
4656,28.2033
4657,28.3154
4658,28.409
4659,28.4407
4660,28.3666
4661,28.3743
4662,28.3475
4663,28.467
4664,28.4125
4665,28.4128
4666,28.2909
4667,28.2741
4668,28.3776
4669,28.3844
4670,28.3675
4671,28.4389
4672,28.3077
4673,28.3647
4674,28.2614
4675,28.3731
4676,28.3606
4677,28.3047
4678,28.2699
4679,28.2622
4680,28.3571
4681,28.3957
4682,28.2733
4683,28.3045
4684,28.3742
4685,28.3278
4686,28.4042
4687,28.4651
4688,28.428
4689,28.444
4690,28.4109
4691,28.4913
4692,28.5226
4693,28.6046
4694,28.4703
4695,28.4312
4696,28.4587
4697,28.4278
4698,28.5891
4699,28.3958
4700,28.5127
4701,28.5777
4702,28.6218
4703,28.6072
4704,28.5136
4705,28.5042
4706,28.568
4707,28.5622
4708,28.5973
4709,28.6222
4710,28.6894
4711,28.5183
4712,28.5392
4713,28.5141
4714,28.5432
4715,28.5934
4716,28.521
4717,28.5394
4718,28.6141
4719,28.5547
4720,28.5397
4721,28.5904
4722,28.6288
4723,28.5586
4724,28.5149
4725,28.4291
4726,28.4686
4727,28.4377
4728,28.399
4729,28.2683
4730,28.4091
4731,28.3492
4732,28.475
4733,28.41
4734,28.4062
4735,28.4268
4736,28.3979
4737,28.3951
4738,28.4
4739,28.4388
4740,28.478
4741,28.4051
4742,28.4271
4743,28.3916
4744,28.3781
4745,28.3855
4746,28.3537
4747,28.2982
4748,28.3592
4749,28.4666
4750,28.5409
4751,28.5545
4752,28.4572
4753,28.4346
4754,28.5273
4755,28.5022
4756,28.5177
4757,28.5161
4758,28.4521
4759,28.4519
4760,28.4537
4761,28.3749
4762,28.3133
4763,28.3762
4764,28.3107
4765,28.3047
4766,28.28
4767,28.2641
4768,28.3304
4769,28.2989
4770,28.3394
4771,28.1587
4772,28.1717
4773,28.2081
4774,28.3169
4775,28.2072
4776,28.2869
4777,28.2842
4778,28.2973
4779,28.3254
4780,28.1802
4781,28.254
4782,28.1809
4783,28.2231
4784,28.2518
4785,28.2461
4786,28.2388
4787,28.2545
4788,28.2454
4789,28.2658
4790,28.3489
4791,28.3479
4792,28.3271
4793,28.3788
4794,28.4311
4795,28.5104
4796,28.4487
4797,28.3291
4798,28.3914
4799,28.4007
4800,28.2614
4801,28.3806
4802,28.2919
4803,28.3849
4804,28.4581
4805,28.4082
4806,28.3955
4807,28.3869
4808,28.3549
4809,28.3139
4810,28.316
4811,28.2869
4812,28.3348
4813,28.3007
4814,28.3716
4815,28.3733
4816,28.4397
4817,28.4577
4818,28.4697
4819,28.5251
4820,28.4046
4821,28.4023
4822,28.5174
4823,28.3159
4824,28.2016
4825,28.3286
4826,28.3375
4827,28.4494
4828,28.4884
4829,28.5142
4830,28.4727
4831,28.3894
4832,28.4252
4833,28.3961
4834,28.4307
4835,28.4436
4836,28.5051
4837,28.4241
4838,28.3236
4839,28.4678
4840,28.3688
4841,28.4027
4842,28.4538
4843,28.4201
4844,28.364
4845,28.3763
4846,28.4713
4847,28.3615
4848,28.342
4849,28.3525
4850,28.3807
4851,28.5452
4852,28.5446
4853,28.4835
4854,28.456
4855,28.4566
4856,28.4896
4857,28.521
4858,28.3937
4859,28.3917
4860,28.3856
4861,28.3372
4862,28.3166
4863,28.3109
4864,28.3779
4865,28.3514
4866,28.2827
4867,28.3239
4868,28.329
4869,28.2957
4870,28.3104
4871,28.3651
4872,28.3422
4873,28.3921
4874,28.4022
4875,28.3511
4876,28.4525
4877,28.4388
4878,28.3501
4879,28.3974
4880,28.3996
4881,28.4522
4882,28.3537
4883,28.4124
4884,28.544
4885,28.4537
4886,28.5058
4887,28.4759
4888,28.4545
4889,28.584
4890,28.574
4891,28.4678
4892,28.522
4893,28.4433
4894,28.3685
4895,28.5078
4896,28.5486
4897,28.5396
4898,28.4197
4899,28.4769
4900,28.4215
4901,28.4377
4902,28.3918
4903,28.3387
4904,28.3459
4905,28.2664
4906,28.2646
4907,28.2223
4908,28.2131
4909,28.2375
4910,28.2231
4911,28.3138
4912,28.2557
4913,28.1583
4914,28.2139
4915,28.2464
4916,28.3028
4917,28.3937
4918,28.3488
4919,28.3668
4920,28.3678
4921,28.4125
4922,28.411
4923,28.4482
4924,28.2946
4925,28.2141
4926,28.3479
4927,28.3572
4928,28.29
4929,28.2492
4930,28.2086
4931,28.1852
4932,28.3105
4933,28.2947
4934,28.2637
4935,28.3962
4936,28.2897
4937,28.3399
4938,28.3263
4939,28.2341
4940,28.2782
4941,28.2322
4942,28.2023
4943,28.2603
4944,28.1748
4945,28.1694
4946,28.2742
4947,28.2284
4948,28.2335
4949,28.25
4950,28.1832
4951,28.2257
4952,28.2533
4953,28.21
4954,28.1675
4955,28.2573
4956,28.2397
4957,28.2413
4958,28.3115
4959,28.3353
4960,28.2901
4961,28.3189
4962,28.2636
4963,28.1676
4964,28.3009
4965,28.3447
4966,28.2379
4967,28.1809
4968,28.2168
4969,28.2475
4970,28.1698
4971,28.1796
4972,28.1694
4973,28.2192
4974,28.1619
4975,28.1245
4976,28.2032
4977,28.183
4978,28.1338
4979,28.2266
4980,28.1581
4981,28.1392
4982,28.1662
4983,28.1352
4984,28.0827
4985,28.098
4986,28.031
4987,28.2365
4988,28.2853
4989,28.1935
4990,28.1177
4991,28.1318
4992,28.2044
4993,28.2245
4994,28.1878
4995,28.1957
4996,28.184
4997,28.1883
4998,28.1475
4999,28.1331
5000,28.2361
5001,28.1451
5002,28.1557
5003,28.1304
5004,28.1483
5005,28.1131
5006,28.0252
5007,28.0913
5008,28.0453
5009,28.1216
5010,28.234
5011,28.1781
5012,28.163
5013,28.1491
5014,28.1336
5015,28.2859
5016,28.3171
5017,28.2227
5018,28.2189
5019,28.2704
5020,28.3398
5021,28.2722
5022,28.2977
5023,28.4009
5024,28.2978
5025,28.2177
5026,28.2316
5027,28.2633
5028,28.217
5029,28.3146
5030,28.3449
5031,28.3408
5032,28.3418
5033,28.4878
5034,28.5061
5035,28.5046
5036,28.5458
5037,28.5636
5038,28.4776
5039,28.474
5040,28.4254
5041,28.4325
5042,28.3902
5043,28.2503
5044,28.2914
5045,28.3297
5046,28.3647
5047,28.3595
5048,28.3084
5049,28.3756
5050,28.4388
5051,28.3782
5052,28.4057
5053,28.3401
5054,28.3295
5055,28.3339
5056,28.2634
5057,28.2207
5058,28.2755
5059,28.2644
5060,28.2259
5061,28.2086
5062,28.2989
5063,28.3305
5064,28.3072
5065,28.2457
5066,28.2641
5067,28.3647
5068,28.3806
5069,28.4527
5070,28.4558
5071,28.4064
5072,28.4555
5073,28.3184
5074,28.3679
5075,28.3076
5076,28.371
5077,28.297
5078,28.3484
5079,28.3831
5080,28.3623
5081,28.4827
5082,28.2474
5083,28.2088
5084,28.1588
5085,28.2124
5086,28.2275
5087,28.0573
5088,28.1647
5089,28.2655
5090,28.1593
5091,28.1958
5092,28.263
5093,28.2982
5094,28.3551
5095,28.3797
5096,28.358
5097,28.4103
5098,28.3347
5099,28.2908
5100,28.4399
5101,28.4715
5102,28.4517
5103,28.5897
5104,28.4325
5105,28.3081
5106,28.3055
5107,28.3654
5108,28.3104
5109,28.364
5110,28.3977
5111,28.4546
5112,28.3925
5113,28.4294
5114,28.3952
5115,28.5184
5116,28.5942
5117,28.4963
5118,28.4559
5119,28.5326
5120,28.4859
5121,28.4558
5122,28.5089
5123,28.4281
5124,28.5551
5125,28.4863
5126,28.3619
5127,28.4021
5128,28.5622
5129,28.4205
5130,28.4259
5131,28.3776
5132,28.3354
5133,28.4596
5134,28.5292
5135,28.4195
5136,28.4734
5137,28.3435
5138,28.2831
5139,28.2351
5140,28.4257
5141,28.4678
5142,28.4533
5143,28.4834
5144,28.4726
5145,28.3245
5146,28.3463
5147,28.3549
5148,28.3996
5149,28.3629
5150,28.4449
5151,28.4096
5152,28.3055
5153,28.3557
5154,28.4294
5155,28.3353
5156,28.527
5157,28.3535
5158,28.5175
5159,28.5166
5160,28.4874
5161,28.4379
5162,28.4872
5163,28.5469
5164,28.3899
5165,28.4334
5166,28.5132
5167,28.3956
5168,28.4122
5169,28.36
5170,28.4548
5171,28.5102
5172,28.5694
5173,28.4577
5174,28.552
5175,28.5239
5176,28.5557
5177,28.5519
5178,28.546
5179,28.4547
5180,28.4943
5181,28.4561
5182,28.2386
5183,28.3696
5184,28.3553
5185,28.3362
5186,28.4552
5187,28.4485
5188,28.5197
5189,28.4137
5190,28.4671
5191,28.6282
5192,28.5516
5193,28.5284
5194,28.5002
5195,28.4529
5196,28.4359
5197,28.3151
5198,28.3517
5199,28.4252
5200,28.4114
5201,28.395
5202,28.4079
5203,28.415
5204,28.3942
5205,28.4225
5206,28.4799
5207,28.5135
5208,28.502
5209,28.4094
5210,28.4888
5211,28.3921
5212,28.4062
5213,28.3664
5214,28.3897
5215,28.2979
5216,28.3574
5217,28.4817
5218,28.3964
5219,28.5054
5220,28.5323
5221,28.4766
5222,28.4464
5223,28.5436
5224,28.5491
5225,28.496
5226,28.4563
5227,28.562
5228,28.5055
5229,28.562
5230,28.5818
5231,28.4771
5232,28.3678
5233,28.4383
5234,28.574
5235,28.5465
5236,28.5183
5237,28.5335
5238,28.4991
5239,28.3292
5240,28.3536
5241,28.4456
5242,28.4346
5243,28.3586
5244,28.3296
5245,28.3362
5246,28.5154
5247,28.4677
5248,28.4895
5249,28.4595
5250,28.484
5251,28.4378
5252,28.4688
5253,28.4629
5254,28.4994
5255,28.4135
5256,28.3359
5257,28.3584
5258,28.329
5259,28.4338
5260,28.5041
5261,28.4541
5262,28.3921
5263,28.4192
5264,28.4218
5265,28.4725
5266,28.3314
5267,28.3703
5268,28.3283
5269,28.352
5270,28.4421
5271,28.4739
5272,28.395
5273,28.4588
5274,28.4598
5275,28.4252
5276,28.4249
5277,28.4881
5278,28.4552
5279,28.4228
5280,28.4645
5281,28.4384
5282,28.549
5283,28.5654
5284,28.6014
5285,28.6637
5286,28.5734
5287,28.6713
5288,28.6021
5289,28.6797
5290,28.6626
5291,28.6913
5292,28.7411
5293,28.8311
5294,28.7126
5295,28.747
5296,28.5601
5297,28.6264
5298,28.6002
5299,28.6247
5300,28.6641
5301,28.6091
5302,28.6259
5303,28.6018
5304,28.5567
5305,28.6995
5306,28.7786
5307,28.716
5308,28.7465
5309,28.7309
5310,28.766
5311,28.8147
5312,28.865
5313,28.8951
5314,28.8192
5315,28.8007
5316,28.6345
5317,28.6209
5318,28.5733
5319,28.6561
5320,28.6222
5321,28.5464
5322,28.685
5323,28.7285
5324,28.7163
5325,28.6781
5326,28.5241
5327,28.5327
5328,28.6315
5329,28.4462
5330,28.5149
5331,28.476
5332,28.507
5333,28.6035
5334,28.655
5335,28.5302
5336,28.6066
5337,28.4974
5338,28.4859
5339,28.5732
5340,28.6538
5341,28.6463
5342,28.6464
5343,28.5669
5344,28.7642
5345,28.6614
5346,28.5983
5347,28.6493
5348,28.597
5349,28.5979
5350,28.7618
5351,28.749
5352,28.6792
5353,28.7068
5354,28.7396
5355,28.6728
5356,28.6313
5357,28.6316
5358,28.6081
5359,28.5563
5360,28.6329
5361,28.5719
5362,28.5748
5363,28.5395
5364,28.509
5365,28.6187
5366,28.4341
5367,28.5857
5368,28.4327
5369,28.4751
5370,28.6243
5371,28.4916
5372,28.487
5373,28.5567
5374,28.442
5375,28.5114
5376,28.649
5377,28.5007
5378,28.522
5379,28.5914
5380,28.5486
5381,28.5436
5382,28.5323
5383,28.5998
5384,28.5362
5385,28.5411
5386,28.5935
5387,28.5904
5388,28.6839
5389,28.5062
5390,28.6154
5391,28.6307
5392,28.6284
5393,28.5972
5394,28.6192
5395,28.6622
5396,28.6009
5397,28.571
5398,28.627
5399,28.6989
5400,28.6506
5401,28.6479
5402,28.7457
5403,28.7241
5404,28.6584
5405,28.7218
5406,28.6516
5407,28.6868
5408,28.6546
5409,28.6591
5410,28.669
5411,28.6632
5412,28.6161
5413,28.5257
5414,28.6164
5415,28.6202
5416,28.6035
5417,28.7299
5418,28.6484
5419,28.7197
5420,28.7275
5421,28.7129
5422,28.6749
5423,28.6421
5424,28.741
5425,28.7283
5426,28.7248
5427,28.7044
5428,28.7316
5429,28.6912
5430,28.746
5431,28.689
5432,28.6481
5433,28.7882
5434,28.7627
5435,28.6285
5436,28.6572
5437,28.6937
5438,28.6685
5439,28.6481
5440,28.6361
5441,28.6202
5442,28.5198
5443,28.4927
5444,28.5333
5445,28.5662
5446,28.6399
5447,28.6394
5448,28.7542
5449,28.6292
5450,28.6107
5451,28.5856
5452,28.6324
5453,28.5235
5454,28.7322
5455,28.6176
5456,28.4466
5457,28.5557
5458,28.5546
5459,28.5419
5460,28.4681
5461,28.4521
5462,28.505
5463,28.5242
5464,28.5622
5465,28.605
5466,28.6834
5467,28.6371
5468,28.5034
5469,28.4993
5470,28.5006
5471,28.5779
5472,28.5041
5473,28.4847
5474,28.4597
5475,28.4246
5476,28.4056
5477,28.388
5478,28.3768
5479,28.3666
5480,28.3526
5481,28.3348
5482,28.3377
5483,28.4222
5484,28.4083
5485,28.3883
5486,28.3696
5487,28.3922
5488,28.3612
5489,28.5002
5490,28.5105
5491,28.4263
5492,28.3855
5493,28.4048
5494,28.3896
5495,28.4623
5496,28.3495
5497,28.444
5498,28.4806
5499,28.4735
5500,28.4962
5501,28.4488
5502,28.4442
5503,28.3625
5504,28.3953
5505,28.3741
5506,28.5003
5507,28.4402
5508,28.4355
5509,28.4848
5510,28.5675
5511,28.6012
5512,28.4779
5513,28.4992
5514,28.4389
5515,28.365
5516,28.4543
5517,28.4112
5518,28.4146
5519,28.448
5520,28.499
5521,28.4226
5522,28.4393
5523,28.4455
5524,28.3606
5525,28.3561
5526,28.4738
5527,28.3234
5528,28.3668
5529,28.386
5530,28.4376
5531,28.4124
5532,28.4269
5533,28.4086
5534,28.4844
5535,28.3858
5536,28.4299
5537,28.4886
5538,28.4429
5539,28.3984
5540,28.4158
5541,28.3847
5542,28.4399
5543,28.3449
5544,28.3183
5545,28.3778
5546,28.4024
5547,28.2844
5548,28.4191
5549,28.4866
5550,28.4647
5551,28.4341
5552,28.5049
5553,28.6061
5554,28.5294
5555,28.5178
5556,28.4712
5557,28.4879
5558,28.4611
5559,28.5612
5560,28.5643
5561,28.4569
5562,28.3541
5563,28.4646
5564,28.435
5565,28.3914
5566,28.4078
5567,28.3755
5568,28.4105
5569,28.4667
5570,28.4485
5571,28.4794
5572,28.4115
5573,28.3734
5574,28.4302
5575,28.4538
5576,28.4632
5577,28.4709
5578,28.4024
5579,28.2829
5580,28.5394
5581,28.5307
5582,28.531
5583,28.6281
5584,28.5096
5585,28.524
5586,28.3776
5587,28.4747
5588,28.445
5589,28.3145
5590,28.4726
5591,28.3847
5592,28.4635
5593,28.5034
5594,28.4484
5595,28.5528
5596,28.3595
5597,28.4679
5598,28.4284
5599,28.388
5600,28.4204
5601,28.461
5602,28.5041
5603,28.457
5604,28.485
5605,28.4625
5606,28.5756
5607,28.4395
5608,28.5679
5609,28.422
5610,28.4847
5611,28.4606
5612,28.4722
5613,28.3334
5614,28.3677
5615,28.3036
5616,28.3757
5617,28.3935
5618,28.4249
5619,28.4196
5620,28.4784
5621,28.4223
5622,28.435
5623,28.4274
5624,28.5404
5625,28.4614
5626,28.4868
5627,28.4798
5628,28.4298
5629,28.5343
5630,28.5076
5631,28.4523
5632,28.4048
5633,28.4792
5634,28.5497
5635,28.4347
5636,28.4961
5637,28.4666
5638,28.4373
5639,28.4044
5640,28.3771
5641,28.4525
5642,28.4435
5643,28.3526
5644,28.3789
5645,28.4194
5646,28.3273
5647,28.3809
5648,28.3783
5649,28.4598
5650,28.4263
5651,28.4453
5652,28.4742
5653,28.369
5654,28.4582
5655,28.4485
5656,28.4935
5657,28.4353
5658,28.5213
5659,28.4573
5660,28.4918
5661,28.4897
5662,28.4429
5663,28.3881
5664,28.404
5665,28.3661
5666,28.4709
5667,28.3714
5668,28.5443
5669,28.4922
5670,28.446
5671,28.5172
5672,28.4391
5673,28.4859
5674,28.5472
5675,28.4952
5676,28.5245
5677,28.5612
5678,28.5029
5679,28.4348
5680,28.3416
5681,28.3721
5682,28.2926
5683,28.2692
5684,28.3449
5685,28.3623
5686,28.4389
5687,28.4261
5688,28.3465
5689,28.4072
5690,28.4063
5691,28.4117
5692,28.3974
5693,28.4625
5694,28.4331
5695,28.4812
5696,28.413
5697,28.3174
5698,28.3736
5699,28.3321
5700,28.2953
5701,28.3616
5702,28.2458
5703,28.163
5704,28.3202
5705,28.4277
5706,28.3074
5707,28.3645
5708,28.3764
5709,28.4555
5710,28.4627
5711,28.2338
5712,28.3746
5713,28.4063
5714,28.4112
5715,28.6171
5716,28.4923
5717,28.4643
5718,28.4661
5719,28.4623
5720,28.5508
5721,28.477
5722,28.4591
5723,28.3755
5724,28.4115
5725,28.4355
5726,28.4547
5727,28.5576
5728,28.5519
5729,28.491
5730,28.4885
5731,28.4292
5732,28.3609
5733,28.4713
5734,28.5246
5735,28.5127
5736,28.4938
5737,28.5358
5738,28.5263
5739,28.5406
5740,28.5011
5741,28.6373
5742,28.508
5743,28.5191
5744,28.517
5745,28.5046
5746,28.5482
5747,28.5699
5748,28.6021
5749,28.4604
5750,28.4972
5751,28.5609
5752,28.4171
5753,28.6121
5754,28.5475
5755,28.4836
5756,28.4346
5757,28.2794
5758,28.3107
5759,28.3585
5760,28.3896
5761,28.3283
5762,28.392
5763,28.4049
5764,28.4043
5765,28.3408
5766,28.5219
5767,28.4513
5768,28.4053
5769,28.3899
5770,28.416
5771,28.4177
5772,28.4258
5773,28.4016
5774,28.4359
5775,28.3455
5776,28.417
5777,28.3644
5778,28.4564
5779,28.4896
5780,28.5237
5781,28.6012
5782,28.5819
5783,28.4918
5784,28.5258
5785,28.5225
5786,28.5101
5787,28.561
5788,28.5723
5789,28.6522
5790,28.561
5791,28.4669
5792,28.5419
5793,28.5318
5794,28.5851
5795,28.4661
5796,28.5126
5797,28.5746
5798,28.507
5799,28.5628
5800,28.5649
5801,28.6216
5802,28.5871
5803,28.4794
5804,28.3316
5805,28.4183
5806,28.3508
5807,28.5652
5808,28.5322
5809,28.4673
5810,28.3855
5811,28.4286
5812,28.4408
5813,28.4693
5814,28.3309
5815,28.3953
5816,28.5336
5817,28.4711
5818,28.447
5819,28.5351
5820,28.607
5821,28.5439
5822,28.4795
5823,28.6032
5824,28.5381
5825,28.5337
5826,28.615
5827,28.5232
5828,28.5382
5829,28.4958
5830,28.5518
5831,28.5326
5832,28.4959
5833,28.4614
5834,28.4482
5835,28.522
5836,28.4848
5837,28.5631
5838,28.5305
5839,28.5361
5840,28.5557
5841,28.5474
5842,28.5212
5843,28.5082
5844,28.4648
5845,28.4248
5846,28.5838
5847,28.412
5848,28.505
5849,28.4499
5850,28.4081
5851,28.4499
5852,28.6212
5853,28.4797
5854,28.5296
5855,28.4444
5856,28.4547
5857,28.4451
5858,28.414
5859,28.4627
5860,28.5213
5861,28.5951
5862,28.6348
5863,28.5752
5864,28.6496
5865,28.6118
5866,28.5792
5867,28.5747
5868,28.5411
5869,28.6641
5870,28.6461
5871,28.5809
5872,28.5954
5873,28.5964
5874,28.5553
5875,28.5406
5876,28.6533
5877,28.6375
5878,28.5821
5879,28.6747
5880,28.5569
5881,28.5213
5882,28.4407
5883,28.4294
5884,28.4098
5885,28.3363
5886,28.373
5887,28.3404
5888,28.3743
5889,28.424
5890,28.4599
5891,28.3517
5892,28.4769
5893,28.3783
5894,28.4165
5895,28.3712
5896,28.2757
5897,28.2425
5898,28.2999
5899,28.3906
5900,28.4817
5901,28.3598
5902,28.4544
5903,28.473
5904,28.4866
5905,28.5759
5906,28.4297
5907,28.4167
5908,28.513
5909,28.4501
5910,28.4557
5911,28.4702
5912,28.5399
5913,28.5446
5914,28.5947
5915,28.4656
5916,28.5482
5917,28.5853
5918,28.5784
5919,28.6052
5920,28.6111
5921,28.5873
5922,28.4783
5923,28.5905
5924,28.4865
5925,28.5153
5926,28.4683
5927,28.5062
5928,28.4139
5929,28.3886
5930,28.463
5931,28.5156
5932,28.5429
5933,28.4999
5934,28.4939
5935,28.5275
5936,28.5024
5937,28.4119
5938,28.4661
5939,28.4329
5940,28.4219
5941,28.4994
5942,28.4528
5943,28.4473
5944,28.455
5945,28.3625
5946,28.4603
5947,28.4298
5948,28.4171
5949,28.3893
5950,28.4851
5951,28.4778
5952,28.5483
5953,28.6012
5954,28.5305
5955,28.4821
5956,28.5464
5957,28.4231
5958,28.425
5959,28.4405
5960,28.4651
5961,28.519
5962,28.5589
5963,28.6325
5964,28.536
5965,28.5763
5966,28.5366
5967,28.6748
5968,28.587
5969,28.5326
5970,28.5369
5971,28.5744
5972,28.4415
5973,28.6103
5974,28.6038
5975,28.5626
5976,28.5609
5977,28.446
5978,28.5658
5979,28.4342
5980,28.3018
5981,28.4677
5982,28.3952
5983,28.4392
5984,28.4016
5985,28.3203
5986,28.4129
5987,28.4024
5988,28.436
5989,28.3964
5990,28.4343
5991,28.4761
5992,28.3817
5993,28.3373
5994,28.2678
5995,28.3138
5996,28.3839
5997,28.3061
5998,28.3929
5999,28.485
6000,28.5308
6001,28.4854
6002,28.3765
6003,28.4098
6004,28.438
6005,28.3949
6006,28.3456
6007,28.326
6008,28.389
6009,28.5146
6010,28.4147
6011,28.4129
6012,28.3022
6013,28.3945
6014,28.3424
6015,28.3246
6016,28.4955
6017,28.4932
6018,28.557
6019,28.6293
6020,28.5691
6021,28.5922
6022,28.456
6023,28.5077
6024,28.5879
6025,28.4756
6026,28.6393
6027,28.5132
6028,28.5538
6029,28.5364
6030,28.421
6031,28.3736
6032,28.4856
6033,28.4809
6034,28.3954
6035,28.351
6036,28.32
6037,28.3468
6038,28.349
6039,28.2646
6040,28.3281
6041,28.3601
6042,28.353
6043,28.4667
6044,28.4481
6045,28.4586
6046,28.4039
6047,28.3406
6048,28.365
6049,28.4054
6050,28.3467
6051,28.4041
6052,28.4864
6053,28.5159
6054,28.5177
6055,28.4396
6056,28.461
6057,28.4009
6058,28.4092
6059,28.5068
6060,28.3922
6061,28.2599
6062,28.2719
6063,28.3714
6064,28.2652
6065,28.2974
6066,28.2638
6067,28.2304
6068,28.2418
6069,28.2077
6070,28.2726
6071,28.2622
6072,28.3172
6073,28.2909
6074,28.3539
6075,28.3457
6076,28.4255
6077,28.3266
6078,28.293
6079,28.4199
6080,28.3262
6081,28.271
6082,28.3794
6083,28.4264
6084,28.3971
6085,28.4
6086,28.3774
6087,28.2848
6088,28.2475
6089,28.3704
6090,28.3838
6091,28.3438
6092,28.3666
6093,28.3501
6094,28.3838
6095,28.4794
6096,28.4853
6097,28.5077
6098,28.3558
6099,28.3075
6100,28.3683
6101,28.3165
6102,28.2404
6103,28.4268
6104,28.3032
6105,28.3406
6106,28.2446
6107,28.1858
6108,28.2829
6109,28.3924
6110,28.2966
6111,28.2193
6112,28.3526
6113,28.271
6114,28.2136
6115,28.2083
6116,28.2227
6117,28.3233
6118,28.3518
6119,28.295
6120,28.3516
6121,28.3686
6122,28.355
6123,28.3305
6124,28.339
6125,28.3321
6126,28.456
6127,28.5068
6128,28.5355
6129,28.3903
6130,28.4836
6131,28.3687
6132,28.3464
6133,28.392
6134,28.3286
6135,28.3894
6136,28.3707
6137,28.3417
6138,28.4455
6139,28.4114
6140,28.4434
6141,28.3183
6142,28.4906
6143,28.5323
6144,28.4361
6145,28.3777
6146,28.4512
6147,28.4518
6148,28.514
6149,28.3214
6150,28.3767
6151,28.4653
6152,28.4881
6153,28.5053
6154,28.5064
6155,28.4699
6156,28.4988
6157,28.5161
6158,28.6663
6159,28.5576
6160,28.7454
6161,28.5807
6162,28.544
6163,28.5947
6164,28.462
6165,28.4657
6166,28.375
6167,28.4351
6168,28.6085
6169,28.5067
6170,28.4668
6171,28.5187
6172,28.5582
6173,28.4307
6174,28.5268
6175,28.4835
6176,28.4386
6177,28.4119
6178,28.4235
6179,28.4491
6180,28.4648
6181,28.5087
6182,28.5069
6183,28.33
6184,28.1921
6185,28.2461
6186,28.2003
6187,28.1853
6188,28.3737
6189,28.3373
6190,28.2431
6191,28.2529
6192,28.3193
6193,28.2774
6194,28.3141
6195,28.3125
6196,28.2215
6197,28.2504
6198,28.2463
6199,28.2409
6200,28.1693
6201,28.1178
6202,28.2236
6203,28.3465
6204,28.2727
6205,28.195
6206,28.1528
6207,28.3247
6208,28.3086
6209,28.3385
6210,28.2313
6211,28.1463
6212,28.3065
6213,28.213
6214,28.2118
6215,28.2525
6216,28.2069
6217,28.2092
6218,28.1378
6219,28.2108
6220,28.2226
6221,28.2549
6222,28.2316
6223,28.3614
6224,28.3038
6225,28.2678
6226,28.2881
6227,28.278
6228,28.3656
6229,28.3753
6230,28.4544
6231,28.407
6232,28.4627
6233,28.5028
6234,28.4606
6235,28.637
6236,28.64
6237,28.6181
6238,28.6096
6239,28.5016
6240,28.5428
6241,28.5159
6242,28.6261
6243,28.571
6244,28.5163
6245,28.3996
6246,28.5635
6247,28.4244
6248,28.3106
6249,28.2654
6250,28.3913
6251,28.3934
6252,28.4432
6253,28.5108
6254,28.4587
6255,28.3524
6256,28.2272
6257,28.2721
6258,28.3798
6259,28.3543
6260,28.3813
6261,28.2444
6262,28.2645
6263,28.4315
6264,28.2858
6265,28.3882
6266,28.2889
6267,28.3577
6268,28.3832
6269,28.3043
6270,28.3125
6271,28.3249
6272,28.3783
6273,28.3757
6274,28.3644
6275,28.3094
6276,28.3364
6277,28.2909
6278,28.2587
6279,28.3917
6280,28.2689
6281,28.2884
6282,28.3138
6283,28.4078
6284,28.3094
6285,28.368
6286,28.3656
6287,28.4369
6288,28.4788
6289,28.4549
6290,28.2902
6291,28.4657
6292,28.5544
6293,28.4843
6294,28.4108
6295,28.4814
6296,28.5386
6297,28.4654
6298,28.4009
6299,28.3565
6300,28.4948
6301,28.4966
6302,28.4483
6303,28.4852
6304,28.435
6305,28.4628
6306,28.4405
6307,28.4504
6308,28.4071
6309,28.373
6310,28.3519
6311,28.343
6312,28.2091
6313,28.2527
6314,28.2062
6315,28.2809
6316,28.2425
6317,28.2378
6318,28.2857
6319,28.2987
6320,28.2078
6321,28.3271
6322,28.3438
6323,28.3318
6324,28.2713
6325,28.2567
6326,28.3674
6327,28.3344
6328,28.3525
6329,28.3932
6330,28.3627
6331,28.4132
6332,28.3753
6333,28.2911
6334,28.3721
6335,28.3835
6336,28.3663
6337,28.309
6338,28.2758
6339,28.3942
6340,28.3941
6341,28.5292
6342,28.3475
6343,28.3072
6344,28.3358
6345,28.3526
6346,28.2872
6347,28.2722
6348,28.2252
6349,28.1706
6350,28.3801
6351,28.4549
6352,28.3866
6353,28.3933
6354,28.3356
6355,28.3688
6356,28.4654
6357,28.3784
6358,28.5137
6359,28.42
6360,28.5213
6361,28.4455
6362,28.5908
6363,28.5162
6364,28.5056
6365,28.6792
6366,28.6755
6367,28.6026
6368,28.4874
6369,28.4367
6370,28.3759
6371,28.4703
6372,28.3099
6373,28.3943
6374,28.2852
6375,28.3022
6376,28.3265
6377,28.339
6378,28.3499
6379,28.3198
6380,28.2301
6381,28.2676
6382,28.3225
6383,28.2634
6384,28.3008
6385,28.2943
6386,28.3396
6387,28.3991
6388,28.3154
6389,28.3425
6390,28.2919
6391,28.2699
6392,28.3044
6393,28.275
6394,28.3448
6395,28.2738
6396,28.3771
6397,28.2803
6398,28.3242
6399,28.3408
6400,28.2653
6401,28.1947
6402,28.1747
6403,28.1697
6404,28.116
6405,28.1759
6406,28.2026
6407,28.2166
6408,28.2817
6409,28.3228
6410,28.3184
6411,28.3063
6412,28.257
6413,28.3069
6414,28.3262
6415,28.2938
6416,28.3773
6417,28.3595
6418,28.3434
6419,28.3385
6420,28.3999
6421,28.4616
6422,28.4356
6423,28.5042
6424,28.3645
6425,28.3214
6426,28.2903
6427,28.2877
6428,28.1879
6429,28.289
6430,28.3427
6431,28.3884
6432,28.2202
6433,28.3358
6434,28.4205
6435,28.2694
6436,28.2994
6437,28.3563
6438,28.4516
6439,28.4196
6440,28.4389
6441,28.3929
6442,28.3226
6443,28.3013
6444,28.2801
6445,28.2806
6446,28.2318
6447,28.2884
6448,28.2471
6449,28.1985
6450,28.2947
6451,28.2508
6452,28.3613
6453,28.3108
6454,28.4572
6455,28.2658
6456,28.2718
6457,28.2298
6458,28.2318
6459,28.26
6460,28.2561
6461,28.2485
6462,28.2288
6463,28.1589
6464,28.3284
6465,28.2698
6466,28.3222
6467,28.238
6468,28.3614
6469,28.2913
6470,28.3463
6471,28.2407
6472,28.2617
6473,28.3595
6474,28.3696
6475,28.262
6476,28.2867
6477,28.2832
6478,28.264
6479,28.3413
6480,28.2856
6481,28.4136
6482,28.4449
6483,28.3146
6484,28.44
6485,28.4009
6486,28.4576
6487,28.5207
6488,28.5502
6489,28.4413
6490,28.3599
6491,28.4055
6492,28.4529
6493,28.3842
6494,28.4272
6495,28.4245
6496,28.4109
6497,28.479
6498,28.3745
6499,28.3705
6500,28.2833
6501,28.2392
6502,28.3673
6503,28.3186
6504,28.3729
6505,28.3836
6506,28.3659
6507,28.2953
6508,28.3461
6509,28.3051
6510,28.2747
6511,28.3075
6512,28.2976
6513,28.2181
6514,28.3837
6515,28.3777
6516,28.327
6517,28.3214
6518,28.3367
6519,28.3776
6520,28.338
6521,28.3195
6522,28.3689
6523,28.425
6524,28.4784
6525,28.3631
6526,28.3082
6527,28.3181
6528,28.4609
6529,28.4587
6530,28.5048
6531,28.3483
6532,28.3588
6533,28.2872
6534,28.3835
6535,28.4512
6536,28.4427
6537,28.3083
6538,28.3792
6539,28.2929
6540,28.2848
6541,28.3655
6542,28.3461
6543,28.4205
6544,28.3039
6545,28.3618
6546,28.3522
6547,28.2949
6548,28.3277
6549,28.2424
6550,28.337
6551,28.3164
6552,28.4391
6553,28.3769
6554,28.4625
6555,28.4302
6556,28.3299
6557,28.3414
6558,28.3181
6559,28.2407
6560,28.2739
6561,28.2629
6562,28.3861
6563,28.2927
6564,28.2681
6565,28.3027
6566,28.2531
6567,28.3845
6568,28.4074
6569,28.3378
6570,28.3476
6571,28.3214
6572,28.4075
6573,28.5201
6574,28.5217
6575,28.4478
6576,28.5081
6577,28.3073
6578,28.2553
6579,28.3525
6580,28.282
6581,28.3153
6582,28.3011
6583,28.3623
6584,28.34
6585,28.3104
6586,28.3108
6587,28.3181
6588,28.4022
6589,28.3196
6590,28.3745
6591,28.4943
6592,28.4548
6593,28.4222
6594,28.4178
6595,28.4551
6596,28.3344
6597,28.5529
6598,28.4727
6599,28.4112
6600,28.4578
6601,28.3945
6602,28.5062
6603,28.3402
6604,28.38
6605,28.5707
6606,28.6085
6607,28.6001
6608,28.5924
6609,28.5953
6610,28.5652
6611,28.607
6612,28.641
6613,28.6245
6614,28.5656
6615,28.5097
6616,28.5518
6617,28.6596
6618,28.5469
6619,28.5823
6620,28.3639
6621,28.5757
6622,28.6692
6623,28.6562
6624,28.6881
6625,28.7432
6626,28.7089
6627,28.8061
6628,28.6451
6629,28.528
6630,28.5181
6631,28.5905
6632,28.4872
6633,28.5675
6634,28.4779
6635,28.5975
6636,28.5818
6637,28.5502
6638,28.4311
6639,28.527
6640,28.5192
6641,28.4271
6642,28.4911
6643,28.4236
6644,28.4747
6645,28.506
6646,28.4681
6647,28.4075
6648,28.5099
6649,28.5755
6650,28.6651
6651,28.704
6652,28.7333
6653,28.6318
6654,28.5959
6655,28.5652
6656,28.5675
6657,28.5847
6658,28.6601
6659,28.7655
6660,28.6165
6661,28.5765
6662,28.4968
6663,28.4439
6664,28.5566
6665,28.4679
6666,28.4561
6667,28.4877
6668,28.5282
6669,28.5722
6670,28.6932
6671,28.6797
6672,28.6386
6673,28.5658
6674,28.5142
6675,28.5597
6676,28.4856
6677,28.4538
6678,28.4932
6679,28.4537
6680,28.5854
6681,28.6058
6682,28.4803
6683,28.5555
6684,28.5818
6685,28.5123
6686,28.5148
6687,28.5236
6688,28.5595
6689,28.5313
6690,28.461
6691,28.4796
6692,28.418
6693,28.4054
6694,28.3913
6695,28.3397
6696,28.3444
6697,28.325
6698,28.4178
6699,28.393
6700,28.4766
6701,28.4287
6702,28.5733
6703,28.5511
6704,28.492
6705,28.4483
6706,28.4942
6707,28.402
6708,28.5021
6709,28.4429
6710,28.4122
6711,28.484
6712,28.5297
6713,28.3733
6714,28.4952
6715,28.4454
6716,28.5148
6717,28.513
6718,28.4661
6719,28.5259
6720,28.362
6721,28.5333
6722,28.4287
6723,28.4314
6724,28.3983
6725,28.4071
6726,28.474
6727,28.4025
6728,28.3982
6729,28.3283
6730,28.2998
6731,28.4176
6732,28.3947
6733,28.4738
6734,28.4767
6735,28.5276
6736,28.573
6737,28.4558
6738,28.428
6739,28.4283
6740,28.4167
6741,28.38
6742,28.3804
6743,28.266
6744,28.2473
6745,28.282
6746,28.3343
6747,28.2396
6748,28.3997
6749,28.4616
6750,28.4349
6751,28.3314
6752,28.3689
6753,28.2613
6754,28.3053
6755,28.4687
6756,28.4341
6757,28.4221
6758,28.4723
6759,28.3921
6760,28.4219
6761,28.4076
6762,28.2457
6763,28.3547
6764,28.4537
6765,28.3965
6766,28.4505
6767,28.5603
6768,28.5151
6769,28.5323
6770,28.3861
6771,28.465
6772,28.4256
6773,28.3733
6774,28.3039
6775,28.3518
6776,28.4697
6777,28.5037
6778,28.4806
6779,28.4284
6780,28.4925
6781,28.4598
6782,28.5032
6783,28.445
6784,28.4184
6785,28.5212
6786,28.5276
6787,28.5807
6788,28.5113
6789,28.4637
6790,28.4218
6791,28.3851
6792,28.5048
6793,28.4688
6794,28.4703
6795,28.317
6796,28.3696
6797,28.361
6798,28.4447
6799,28.4429
6800,28.4678
6801,28.5631
6802,28.5583
6803,28.5656
6804,28.5326
6805,28.5086
6806,28.5136
6807,28.3968
6808,28.464
6809,28.3633
6810,28.3737
6811,28.3107
6812,28.4416
6813,28.3645
6814,28.3368
6815,28.3642
6816,28.4321
6817,28.3221
6818,28.5048
6819,28.4043
6820,28.3826
6821,28.4055
6822,28.4046
6823,28.4308
6824,28.4402
6825,28.5436
6826,28.403
6827,28.4406
6828,28.4278
6829,28.5107
6830,28.5771
6831,28.477
6832,28.4371
6833,28.3531
6834,28.2876
6835,28.3268
6836,28.223
6837,28.2079
6838,28.1676
6839,28.2396
6840,28.2386
6841,28.185
6842,28.3209
6843,28.3057
6844,28.3176
6845,28.2982
6846,28.2739
6847,28.33
6848,28.3836
6849,28.3827
6850,28.3697
6851,28.3902
6852,28.3791
6853,28.3873
6854,28.4102
6855,28.2943
6856,28.2477
6857,28.3351
6858,28.3143
6859,28.3661
6860,28.4118
6861,28.4197
6862,28.3738
6863,28.4165
6864,28.4827
6865,28.4531
6866,28.4098
6867,28.3383
6868,28.4377
6869,28.4747
6870,28.4716
6871,28.3471
6872,28.3621
6873,28.3327
6874,28.4091
6875,28.3995
6876,28.513
6877,28.357
6878,28.4759
6879,28.4151
6880,28.4589
6881,28.3936
6882,28.2973
6883,28.3859
6884,28.3652
6885,28.4093
6886,28.4157
6887,28.4126
6888,28.4502
6889,28.4073
6890,28.4189
6891,28.4426
6892,28.4947
6893,28.4513
6894,28.5123
6895,28.497
6896,28.4028
6897,28.4553
6898,28.509
6899,28.4753
6900,28.5906
6901,28.5202
6902,28.4745
6903,28.4421
6904,28.5657
6905,28.5195
6906,28.6692
6907,28.6469
6908,28.5976
6909,28.5945
6910,28.6278
6911,28.5188
6912,28.527
6913,28.5362
6914,28.5529
6915,28.5752
6916,28.5212
6917,28.4849
6918,28.4829
6919,28.5187
6920,28.4989
6921,28.4247
6922,28.368
6923,28.5501
6924,28.5965
6925,28.4796
6926,28.4016
6927,28.5048
6928,28.4689
6929,28.3629
6930,28.3851
6931,28.3158
6932,28.2747
6933,28.3898
6934,28.4191
6935,28.4666
6936,28.3654
6937,28.4125
6938,28.3695
6939,28.4093
6940,28.3924
6941,28.3458
6942,28.3829
6943,28.5068
6944,28.3369
6945,28.3128
6946,28.3432
6947,28.4768
6948,28.4253
6949,28.452
6950,28.4534
6951,28.4773
6952,28.4427
6953,28.4579
6954,28.5478
6955,28.519
6956,28.6292
6957,28.5276
6958,28.5196
6959,28.5478
6960,28.5073
6961,28.6413
6962,28.56
6963,28.4902
6964,28.5866
6965,28.5148
6966,28.629
6967,28.6829
6968,28.4972
6969,28.5594
6970,28.5508
6971,28.5456
6972,28.638
6973,28.6405
6974,28.5088
6975,28.4472
6976,28.4706
6977,28.5022
6978,28.577
6979,28.5544
6980,28.6351
6981,28.4736
6982,28.5721
6983,28.6461
6984,28.6389
6985,28.6741
6986,28.6478
6987,28.6988
6988,28.6103
6989,28.5603
6990,28.6155
6991,28.5966
6992,28.5262
6993,28.5305
6994,28.4783
6995,28.3914
6996,28.5185
6997,28.5363
6998,28.5087
6999,28.4524
7000,28.546
7001,28.5975
7002,28.5518
7003,28.6323
7004,28.5702
7005,28.5397
7006,28.4485
7007,28.5324
7008,28.5494
7009,28.6737
7010,28.6023
7011,28.5577
7012,28.5795
7013,28.5718
7014,28.5267
7015,28.5397
7016,28.533
7017,28.4988
7018,28.5877
7019,28.4738
7020,28.61
7021,28.6453
7022,28.6272
7023,28.6041
7024,28.6049
7025,28.5859
7026,28.6796
7027,28.6092
7028,28.7132
7029,28.8277
7030,28.6145
7031,28.6333
7032,28.6494
7033,28.6941
7034,28.4701
7035,28.5492
7036,28.5837
7037,28.5564
7038,28.6003
7039,28.5686
7040,28.4711
7041,28.5517
7042,28.4694
7043,28.52
7044,28.5635
7045,28.5321
7046,28.5138
7047,28.5597
7048,28.3982
7049,28.5114
7050,28.3777
7051,28.4417
7052,28.4403
7053,28.4855
7054,28.4753
7055,28.5741
7056,28.5522
7057,28.5659
7058,28.6025
7059,28.5143
7060,28.5282
7061,28.5576
7062,28.4274
7063,28.4126
7064,28.473
7065,28.4764
7066,28.4181
7067,28.4071
7068,28.4622
7069,28.6003
7070,28.4827
7071,28.384
7072,28.3471
7073,28.4033
7074,28.3525
7075,28.4004
7076,28.3986
7077,28.438
7078,28.4461
7079,28.3826
7080,28.4047
7081,28.3263
7082,28.3713
7083,28.3291
7084,28.3376
7085,28.3616
7086,28.3655
7087,28.3766
7088,28.3698
7089,28.4845
7090,28.4308
7091,28.3671
7092,28.3611
7093,28.3366
7094,28.3476
7095,28.3521
7096,28.4243
7097,28.2547
7098,28.3293
7099,28.3594
7100,28.3275
7101,28.3326
7102,28.3826
7103,28.3203
7104,28.258
7105,28.2339
7106,28.2318
7107,28.2498
7108,28.2559
7109,28.2894
7110,28.3312
7111,28.2373
7112,28.3025
7113,28.3618
7114,28.2798
7115,28.2882
7116,28.1085
7117,28.117
7118,28.164
7119,28.254
7120,28.2769
7121,28.4188
7122,28.3006
7123,28.4241
7124,28.2901
7125,28.4089
7126,28.4287
7127,28.3679
7128,28.3191
7129,28.2697
7130,28.3178
7131,28.3853
7132,28.2882
7133,28.2404
7134,28.3664
7135,28.2664
7136,28.2179
7137,28.2544
7138,28.3848
7139,28.3519
7140,28.3743
7141,28.2614
7142,28.3296
7143,28.2923
7144,28.3375
7145,28.3787
7146,28.3508
7147,28.377
7148,28.3216
7149,28.2272
7150,28.2964
7151,28.4194
7152,28.3664
7153,28.3606
7154,28.2998
7155,28.3683
7156,28.3804
7157,28.289
7158,28.2201
7159,28.3744
7160,28.4425
7161,28.4092
7162,28.3923
7163,28.3485
7164,28.5139
7165,28.3785
7166,28.4318
7167,28.5689
7168,28.4841
7169,28.4366
7170,28.3817
7171,28.4156
7172,28.4039
7173,28.3638
7174,28.3483
7175,28.4078
7176,28.3725
7177,28.4333
7178,28.4076
7179,28.3455
7180,28.3354
7181,28.3896
7182,28.4478
7183,28.3046
7184,28.3824
7185,28.3892
7186,28.4496
7187,28.4137
7188,28.4557
7189,28.4291
7190,28.392
7191,28.4777
7192,28.4337
7193,28.4846
7194,28.3942
7195,28.3621
7196,28.5136
7197,28.4531
7198,28.5156
7199,28.4152
7200,28.4125
7201,28.4231
7202,28.4517
7203,28.3857
7204,28.4755
7205,28.4668
7206,28.4791
7207,28.4431
7208,28.4916
7209,28.4919
7210,28.391
7211,28.4231
7212,28.4165
7213,28.3394
7214,28.4065
7215,28.4249
7216,28.4847
7217,28.3827
7218,28.3711
7219,28.415
7220,28.3552
7221,28.5286
7222,28.3838
7223,28.2944
7224,28.3615
7225,28.3856
7226,28.2624
7227,28.4019
7228,28.4401
7229,28.42
7230,28.3456
7231,28.4581
7232,28.4009
7233,28.3591
7234,28.4217
7235,28.3827
7236,28.307
7237,28.2844
7238,28.3197
7239,28.3989
7240,28.4308
7241,28.3865
7242,28.3045
7243,28.4465
7244,28.477
7245,28.4648
7246,28.4387
7247,28.3867
7248,28.4108
7249,28.4107
7250,28.4098
7251,28.438
7252,28.369
7253,28.4797
7254,28.3632
7255,28.3299
7256,28.422
7257,28.3852
7258,28.4085
7259,28.4673
7260,28.3506
7261,28.3867
7262,28.462
7263,28.4859
7264,28.479
7265,28.4268
7266,28.4217
7267,28.3133
7268,28.3584
7269,28.4268
7270,28.3899
7271,28.3468
7272,28.3609
7273,28.3847
7274,28.3633
7275,28.3904
7276,28.3594
7277,28.479
7278,28.4836
7279,28.4466
7280,28.3545
7281,28.3633
7282,28.4084
7283,28.4047
7284,28.4228
7285,28.3455
7286,28.4835
7287,28.329
7288,28.3981
7289,28.4043
7290,28.4817
7291,28.417
7292,28.353
7293,28.3008
7294,28.2961
7295,28.335
7296,28.4173
7297,28.4024
7298,28.5082
7299,28.4562
7300,28.2954
7301,28.3088
7302,28.3181
7303,28.3716
7304,28.41
7305,28.3866
7306,28.3525
7307,28.4146
7308,28.4017
7309,28.3372
7310,28.3083
7311,28.3636
7312,28.4361
7313,28.4048
7314,28.3893
7315,28.4479
7316,28.3776
7317,28.3334
7318,28.387
7319,28.4161
7320,28.3239
7321,28.2863
7322,28.4411
7323,28.4438
7324,28.5798
7325,28.43
7326,28.2628
7327,28.3618
7328,28.2842
7329,28.4321
7330,28.4903
7331,28.3959
7332,28.3547
7333,28.4319
7334,28.4369
7335,28.4324
7336,28.4011
7337,28.488
7338,28.4869
7339,28.4621
7340,28.4787
7341,28.3201
7342,28.4307
7343,28.3773
7344,28.4082
7345,28.4492
7346,28.5272
7347,28.5491
7348,28.4915
7349,28.4437
7350,28.5307
7351,28.4197
7352,28.4356
7353,28.5047
7354,28.5131
7355,28.5664
7356,28.6424
7357,28.6582
7358,28.6333
7359,28.5327
7360,28.5528
7361,28.4852
7362,28.5785
7363,30.6599
7364,30.598
7365,30.6268
7366,28.5215
7367,28.4776
7368,30.6036
7369,28.4416
7370,28.4096
7371,28.4985
7372,28.5378
7373,28.5412
7374,28.5663
7375,28.4484
7376,28.5231
7377,28.3993
7378,30.5655
7379,30.6217
7380,30.5902
7381,30.6078
7382,30.535
7383,28.3763
7384,30.553
7385,30.6412
7386,30.5137
7387,30.5328
7388,30.6167
7389,30.5418
7390,30.6437
7391,30.4875
7392,30.5549
7393,30.6279
7394,30.6404
7395,30.549
7396,30.5246
7397,30.5027
7398,30.47
7399,30.4623
7400,30.3434
7401,30.3709
7402,30.4077
7403,30.3933
7404,30.3819
7405,30.4661
7406,30.3984
7407,30.3264
7408,30.3512
7409,30.4371
7410,30.3953
7411,30.4775
7412,30.5048
7413,30.5064
7414,30.4545
7415,30.4221
7416,30.4415
7417,30.5364
7418,30.4528
7419,30.4781
7420,30.4119
7421,30.3974
7422,30.4317
7423,30.4618
7424,30.3702
7425,30.4133
7426,30.3635
7427,30.4027
7428,30.3116
7429,30.3395
7430,30.4073
7431,30.3218
7432,30.3857
7433,30.4424
7434,30.3663
7435,30.3783
7436,30.4629
7437,30.412
7438,30.4158
7439,30.3674
7440,30.5024
7441,30.4544
7442,30.55
7443,30.4126
7444,30.4467
7445,30.4036
7446,30.4913
7447,30.3839
7448,30.4517
7449,30.4599
7450,30.3926
7451,30.4413
7452,30.4016
7453,30.3725
7454,30.4166
7455,30.4094
7456,30.5926
7457,30.5164
7458,30.4045
7459,30.4682
7460,30.4308
7461,30.4192
7462,30.3545
7463,30.4002
7464,30.3663
7465,30.4288
7466,30.4117
7467,30.3215
7468,30.4563
7469,30.406
7470,30.3569
7471,30.3808
7472,30.3249
7473,30.31
7474,30.3976
7475,30.3107
7476,30.2816
7477,30.3027
7478,30.2339
7479,30.4176
7480,30.4473
7481,30.466
7482,30.3604
7483,30.4417
7484,30.3988
7485,30.3766
7486,30.3306
7487,30.3145
7488,30.2427
7489,30.3664
7490,30.3238
7491,30.2744
7492,30.2655
7493,30.2199
7494,30.2696
7495,30.3176
7496,30.3107
7497,30.3504
7498,30.345
7499,30.3458
7500,30.3016
7501,30.3254
7502,30.3719
7503,30.3772
7504,30.3415
7505,30.3414
7506,28.1538
7507,30.2214
7508,30.2001
7509,30.2914
7510,28.0687
7511,28.2715
7512,28.2153
7513,28.2618
7514,28.2275
7515,28.2175
7516,28.2322
7517,28.2093
7518,28.2388
7519,28.1099
7520,28.2304
7521,28.179
7522,28.1724
7523,28.2017
7524,28.3678
7525,28.2691
7526,28.2256
7527,28.2753
7528,28.1809
7529,28.1812
7530,28.1825
7531,28.23
7532,28.1209
7533,28.184
7534,28.2114
7535,28.2242
7536,28.1679
7537,28.1821
7538,28.2099
7539,28.2316
7540,28.254
7541,28.3048
7542,28.1804
7543,28.2305
7544,28.3083
7545,28.1792
7546,28.3366
7547,28.3451
7548,28.202
7549,28.1707
7550,28.0555
7551,28.1226
7552,28.1037
7553,28.2708
7554,28.0446
7555,28.339
7556,28.2741
7557,28.3296
7558,30.3766
7559,30.3302
7560,30.4102
7561,30.3796
7562,30.4585
7563,30.3841
7564,30.3411
7565,30.3444
7566,30.2758
7567,30.3395
7568,30.3453
7569,30.2966
7570,30.3735
7571,30.2999
7572,30.2178
7573,30.2831
7574,30.4168
7575,30.3463
7576,30.3643
7577,30.3219
7578,30.4191
7579,30.3655
7580,30.3754
7581,30.3358
7582,30.3448
7583,30.3303
7584,30.3526
7585,30.3251
7586,30.3666
7587,30.4389
7588,30.4668
7589,30.4536
7590,30.4733
7591,30.4761
7592,30.5237
7593,30.6035
7594,30.4788
7595,30.366
7596,30.4647
7597,28.2784
7598,28.2356
7599,28.2507
7600,28.1373
7601,28.3049
7602,30.3649
7603,30.4546
7604,30.4475
7605,30.4815
7606,30.4249
7607,28.3467
7608,30.489
7609,30.4417
7610,30.445
7611,30.5378
7612,30.5526
7613,30.5921
7614,30.5525
7615,30.551
7616,30.5435
7617,30.5567
7618,30.5432
7619,30.6527
7620,30.5499
7621,30.4992
7622,28.4752
7623,28.4218
7624,30.4808
7625,28.3924
7626,30.6114
7627,30.5747
7628,30.6618
7629,30.6232
7630,30.6356
7631,30.6814
7632,30.5571
7633,30.6082
7634,30.596
7635,30.6331
7636,30.6418
7637,30.5656
7638,30.6066
7639,30.6106
7640,30.5756
7641,30.5699
7642,30.4242
7643,30.5469
7644,30.6144
7645,30.6045
7646,30.4681
7647,30.5293
7648,30.5061
7649,30.404
7650,30.4026
7651,30.4897
7652,30.4818
7653,30.4946
7654,30.5107
7655,30.5023
7656,30.4227
7657,30.5024
7658,30.6543
7659,30.6263
7660,30.5716
7661,30.486
7662,30.5116
7663,30.5366
7664,30.5488
7665,30.5901
7666,30.6682
7667,30.5758
7668,30.6289
7669,30.636
7670,30.5833
7671,30.5308
7672,30.5611
7673,30.6033
7674,30.5878
7675,30.5538
7676,30.6503
7677,30.5863
7678,30.5525
7679,30.6136
7680,30.6174
7681,30.5539
7682,30.4479
7683,30.5448
7684,30.5291
7685,30.5179
7686,30.5389
7687,30.5078
7688,30.5817
7689,30.5481
7690,30.6086
7691,30.6702
7692,30.7284
7693,30.7358
7694,30.625
7695,30.6801
7696,30.6743
7697,30.5788
7698,30.622
7699,30.678
7700,30.5586
7701,30.5311
7702,30.4909
7703,30.4067
7704,30.5271
7705,30.369
7706,30.5401
7707,30.5916
7708,30.5353
7709,30.5548
7710,30.5482
7711,30.5291
7712,30.4882
7713,30.4395
7714,30.4657
7715,30.5472
7716,30.4942
7717,30.523
7718,30.4607
7719,30.4048
7720,30.3725
7721,30.5141
7722,30.4656
7723,30.4921
7724,30.4552
7725,30.5001
7726,30.4281
7727,30.4619
7728,30.4383
7729,30.4981
7730,30.4945
7731,30.5051
7732,30.4366
7733,30.4677
7734,30.5974
7735,30.5163
7736,30.5393
7737,30.5009
7738,30.4564
7739,30.614
7740,30.619
7741,30.6402
7742,30.6723
7743,30.5971
7744,30.5715
7745,30.6031
7746,30.6917
7747,30.6556
7748,30.5782
7749,30.6485
7750,30.5265
7751,30.5294
7752,30.5763
7753,30.4584
7754,30.5418
7755,30.6097
7756,30.545
7757,30.6003
7758,30.6562
7759,30.5191
7760,30.4796
7761,30.5681
7762,30.5637
7763,30.5785
7764,30.5409
7765,30.4483
7766,30.5943
7767,30.521
7768,30.5244
7769,30.5692
7770,30.5438
7771,30.5511
7772,30.6218
7773,30.5642
7774,30.585
7775,30.4616
7776,30.5537
7777,30.585
7778,30.6201
7779,30.5963
7780,30.5199
7781,30.5413
7782,30.5481
7783,30.587
7784,30.5713
7785,30.5197
7786,30.5356
7787,30.5508
7788,30.5561
7789,30.5458
7790,30.5388
7791,30.5849
7792,30.6692
7793,30.525
7794,30.5885
7795,30.5865
7796,30.6173
7797,30.5998
7798,30.6281
7799,30.6708
7800,30.5222
7801,30.5602
7802,30.5478
7803,30.5259
7804,30.5259
7805,30.6401
7806,30.5468
7807,30.5274
7808,30.6025
7809,30.5828
7810,30.5612
7811,30.5746
7812,30.6138
7813,30.4696
7814,30.6331
7815,28.4421
7816,30.6497
7817,28.4185
7818,30.6017
7819,30.6394
7820,30.5904
7821,30.6781
7822,30.6626
7823,30.7059
7824,30.7632
7825,30.6993
7826,30.6515
7827,30.6737
7828,28.4528
7829,30.5411
7830,30.6007
7831,30.639
7832,30.608
7833,30.6223
7834,30.6407
7835,28.458
7836,28.5029
7837,28.4242
7838,28.3785
7839,28.4244
7840,28.4486
7841,28.458
7842,28.4694
7843,28.3037
7844,28.426
7845,28.4427
7846,28.5703
7847,28.5222
7848,28.4684
7849,28.3435
7850,28.3185
7851,28.3835
7852,28.458
7853,28.4618
7854,28.3903
7855,28.5353
7856,28.4556
7857,28.4036
7858,28.4548
7859,28.403
7860,28.3774
7861,28.4278
7862,28.3852
7863,28.5588
7864,28.5543
7865,28.429
7866,28.4046
7867,28.3572
7868,28.3436
7869,28.5061
7870,28.4537
7871,28.4794
7872,28.3906
7873,28.5062
7874,28.4574
7875,28.5097
7876,28.4955
7877,28.5065
7878,28.571
7879,28.502
7880,28.4158
7881,28.4523
7882,28.4372
7883,28.5712
7884,28.5299
7885,28.4407
7886,28.4443
7887,28.4665
7888,28.3539
7889,28.3826
7890,28.453
7891,28.4322
7892,28.4198
7893,28.3942
7894,28.4859
7895,28.4225
7896,28.4634
7897,28.3948
7898,28.4808
7899,28.5839
7900,28.4587
7901,28.3962
7902,28.3908
7903,28.3686
7904,28.3771
7905,28.3646
7906,28.4604
7907,28.5537
7908,28.4119
7909,28.4641
7910,28.3882
7911,28.4441
7912,28.4684
7913,28.4155
7914,28.3505
7915,28.4373
7916,28.4544
7917,28.5262
7918,28.4892
7919,28.4086
7920,28.3739
7921,28.327
7922,28.2854
7923,28.3854
7924,28.3447
7925,28.3284
7926,28.3378
7927,28.3769
7928,28.3587
7929,28.4029
7930,28.4573
7931,28.3835
7932,28.3481
7933,28.2987
7934,28.2477
7935,28.2418
7936,28.2879
7937,28.35
7938,28.3238
7939,28.3107
7940,28.3396
7941,28.4258
7942,28.322
7943,28.4179
7944,28.2629
7945,28.3653
7946,28.3605
7947,28.3855
7948,28.376
7949,28.3913
7950,28.316
7951,28.3791
7952,28.3908
7953,28.469
7954,28.404
7955,28.4679
7956,28.5332
7957,28.5119
7958,28.471
7959,28.4043
7960,28.3876
7961,28.3267
7962,28.411
7963,28.3063
7964,28.3129
7965,28.3843
7966,28.3839
7967,28.4972
7968,28.3772
7969,28.3922
7970,28.3355
7971,28.4178
7972,28.4643
7973,28.357
7974,28.5086
7975,28.4892
7976,28.4538
7977,28.5261
7978,28.4055
7979,28.5498
7980,28.4285
7981,28.4112
7982,28.5144
7983,28.5168
7984,28.4748
7985,28.4444
7986,28.418
7987,28.3616
7988,28.3072
7989,28.4097
7990,28.3599
7991,28.3885
7992,28.5133
7993,28.4138
7994,28.3603
7995,28.377
7996,28.4479
7997,28.4282
7998,28.4286
7999,28.5198
8000,28.5076
8001,28.5694
8002,28.4742
8003,28.4396
8004,28.5084
8005,28.4699
8006,28.4889
8007,28.4345
8008,28.5691
8009,28.5347
8010,28.6029
8011,28.4667
8012,28.6004
8013,28.4949
8014,28.4505
8015,28.4658
8016,28.4933
8017,28.4898
8018,28.5044
8019,28.4153
8020,28.4703
8021,28.4375
8022,28.5099
8023,28.4342
8024,28.4048
8025,28.4337
8026,28.4115
8027,28.4807
8028,28.5544
8029,28.3878
8030,28.4139
8031,28.4262
8032,28.3941
8033,28.4648
8034,28.4691
8035,28.485
8036,28.5397
8037,28.4838
8038,28.5591
8039,28.544
8040,28.4505
8041,28.5432
8042,28.641
8043,28.5602
8044,28.5937
8045,28.5496
8046,28.5742
8047,28.5305
8048,28.6593
8049,28.486
8050,28.6322
8051,28.6485
8052,28.5988
8053,28.5657
8054,28.6533
8055,28.5631
8056,28.5816
8057,30.8013
8058,30.7939
8059,28.5719
8060,28.5794
8061,28.5277
8062,28.5664
8063,28.5071
8064,28.5709
8065,28.5673
8066,28.5943
8067,28.6598
8068,28.6523
8069,28.683
8070,28.653
8071,28.5976
8072,28.5663
8073,28.5485
8074,28.5486
8075,28.6519
8076,28.5101
8077,28.5149
8078,28.5576
8079,28.5618
8080,28.4943
8081,28.4715
8082,28.4366
8083,28.4899
8084,28.5297
8085,28.4636
8086,28.4379
8087,28.5372
8088,28.5125
8089,30.5623
8090,28.4747
8091,28.4278
8092,28.4667
8093,28.5081
8094,28.4666
8095,28.4473
8096,28.4747
8097,28.5293
8098,28.5247
8099,28.6553
8100,28.6816
8101,28.6798
8102,28.6889
8103,28.5638
8104,28.5862
8105,28.6068
8106,28.5858
8107,28.4246
8108,28.6166
8109,28.5395
8110,28.5556
8111,28.6461
8112,28.5492
8113,28.5488
8114,28.6157
8115,28.6752
8116,28.5923
8117,28.4825
8118,28.5771
8119,28.4761
8120,28.5183
8121,28.5998
8122,28.5386
8123,28.5716
8124,28.5399
8125,28.5742
8126,28.5351
8127,28.4819
8128,28.4627
8129,28.4401
8130,28.5564
8131,28.3735
8132,28.3844
8133,28.4702
8134,28.3817
8135,28.3654
8136,28.3927
8137,28.4004
8138,28.4244
8139,28.4626
8140,28.5016
8141,28.4359
8142,28.4283
8143,28.3854
8144,28.5237
8145,28.5038
8146,28.5074
8147,28.539
8148,28.4995
8149,28.4362
8150,28.6154
8151,28.545
8152,28.4895
8153,28.5222
8154,28.5337
8155,28.4674
8156,28.4197
8157,28.4035
8158,28.4347
8159,28.5617
8160,28.5276
8161,28.4734
8162,28.5514
8163,28.4381
8164,28.4559
8165,28.5968
8166,28.58
8167,28.3899
8168,28.5088
8169,28.4914
8170,28.4139
8171,28.4153
8172,28.5427
8173,28.4998
8174,28.5625
8175,28.5584
8176,28.5701
8177,28.5222
8178,28.5719
8179,28.5044
8180,28.533
8181,28.6539
8182,28.5846
8183,28.66
8184,28.5866
8185,28.5864
8186,28.5438
8187,28.6875
8188,28.6136
8189,28.6702
8190,28.6634
8191,28.6223
8192,28.6212
8193,28.6713
8194,28.6123
8195,28.5729
8196,28.503
8197,28.5154
8198,28.4877
8199,28.4805
8200,28.527
8201,28.447
8202,28.4673
8203,28.5068
8204,28.5154
8205,28.4225
8206,28.4976
8207,28.5448
8208,28.5599
8209,28.6218
8210,28.5027
8211,28.519
8212,28.5752
8213,28.5078
8214,28.4593
8215,28.4528
8216,28.4858
8217,28.5133
8218,28.5363
8219,28.4672
8220,28.4482
8221,28.4119
8222,28.3397
8223,28.4086
8224,28.4295
8225,28.5157
8226,28.4945
8227,28.5113
8228,28.5296
8229,28.5322
8230,28.5022
8231,28.5474
8232,28.517
8233,28.4851
8234,28.5254
8235,28.4378
8236,28.632
8237,28.4729
8238,28.3561
8239,28.4774
8240,28.4447
8241,28.4645
8242,28.4404
8243,28.5301
8244,28.4814
8245,28.4551
8246,28.4798
8247,28.4037
8248,28.3702
8249,28.3134
8250,28.3479
8251,28.4112
8252,28.4332
8253,28.4949
8254,28.4275
8255,28.4351
8256,28.3659
8257,28.3715
8258,28.3341
8259,28.3226
8260,28.3768
8261,28.4501
8262,28.3871
8263,28.3797
8264,28.3558
8265,28.4208
8266,28.408
8267,28.4532
8268,28.5446
8269,28.512
8270,28.5449
8271,28.5445
8272,28.4842
8273,28.5421
8274,28.5157
8275,28.5254
8276,28.5744
8277,28.5161
8278,28.5374
8279,28.4715
8280,28.5055
8281,28.4757
8282,28.4349
8283,28.4171
8284,28.5409
8285,28.5814
8286,28.5058
8287,28.5325
8288,28.4664
8289,28.4896
8290,28.5299
8291,28.5626
8292,28.5086
8293,28.471
8294,28.4214
8295,28.4345
8296,28.3636
8297,28.3824
8298,28.5214
8299,28.5122
8300,28.4056
8301,28.4447
8302,28.4954
8303,28.5396
8304,28.4443
8305,28.4819
8306,28.4575
8307,28.5094
8308,28.4555
8309,28.4361
8310,28.4591
8311,28.4407
8312,28.5282
8313,28.572
8314,28.4771
8315,28.5543
8316,28.5728
8317,28.6034
8318,28.605
8319,28.5842
8320,28.6779
8321,28.5604
8322,28.5513
8323,28.5042
8324,28.5262
8325,28.5512
8326,28.4569
8327,28.5019
8328,28.5758
8329,28.6296
8330,28.596
8331,28.5879
8332,28.566
8333,28.5579
8334,28.566
8335,28.543
8336,28.5629
8337,28.6214
8338,28.5442
8339,28.5793
8340,28.3813
8341,28.4303
8342,28.4254
8343,28.5664
8344,28.4657
8345,28.5016
8346,28.5961
8347,28.5619
8348,28.5434
8349,28.5929
8350,28.6689
8351,28.627
8352,28.5606
8353,28.6027
8354,28.6867
8355,28.6103
8356,28.551
8357,28.6246
8358,28.5174
8359,28.5799
8360,28.5148
8361,28.5071
8362,28.7781
8363,28.6512
8364,28.608
8365,28.5987
8366,28.5461
8367,28.5549
8368,28.5432
8369,28.5813
8370,28.6058
8371,28.55
8372,28.5494
8373,28.6749
8374,28.643
8375,28.5581
8376,28.5556
8377,28.4926
8378,28.5976
8379,28.5493
8380,28.4798
8381,28.4201
8382,28.5056
8383,28.5179
8384,28.4917
8385,28.4902
8386,28.6131
8387,28.5862
8388,28.6652
8389,28.4955
8390,28.4992
8391,28.4445
8392,28.6072
8393,28.63
8394,28.4782
8395,28.5395
8396,28.5271
8397,28.4202
8398,28.4515
8399,28.4894
8400,28.4957
8401,28.6224
8402,28.6331
8403,28.5288
8404,28.6243
8405,28.5737
8406,28.4868
8407,28.5168
8408,28.5533
8409,28.6304
8410,28.5847
8411,28.4832
8412,28.596
8413,28.5439
8414,28.554
8415,28.4657
8416,28.4818
8417,28.4199
8418,28.4837
8419,28.5527
8420,28.4765
8421,28.5611
8422,28.5304
8423,28.5294
8424,28.4554
8425,28.5537
8426,28.4558
8427,28.5061
8428,28.4854
8429,28.4789
8430,28.3915
8431,28.4506
8432,28.4361
8433,28.5302
8434,28.5155
8435,28.4216
8436,28.4472
8437,28.4765
8438,28.6056
8439,28.5913
8440,28.4875
8441,28.4685
8442,28.4944
8443,28.45
8444,28.5038
8445,28.4638
8446,28.5516
8447,28.463
8448,28.5164
8449,28.4329
8450,28.4651
8451,28.3742
8452,28.3874
8453,28.4234
8454,28.4484
8455,28.4431
8456,28.4397
8457,28.5987
8458,28.5401
8459,28.5486
8460,28.4883
8461,28.5499
8462,28.5253
8463,28.5686
8464,28.4896
8465,28.4852
8466,28.4939
8467,28.4564
8468,28.3888
8469,28.3658
8470,28.4026
8471,28.2259
8472,28.4007
8473,28.2912
8474,28.3343
8475,28.2352
8476,28.2029
8477,28.2384
8478,28.2585
8479,28.2054
8480,28.3207
8481,28.2897
8482,28.3708
8483,28.287
8484,28.4709
8485,28.4152
8486,28.4177
8487,28.3328
8488,28.3729
8489,28.4109
8490,28.3166
8491,28.2678
8492,28.3876
8493,28.3873
8494,28.4647
8495,28.3368
8496,28.3597
8497,28.3039
8498,28.2779
8499,28.4067
8500,28.3796
8501,28.4004
8502,28.4333
8503,28.4092
8504,28.3308
8505,28.3872
8506,28.3824
8507,28.4064
8508,28.4102
8509,28.4473
8510,28.2296
8511,28.2799
8512,28.3441
8513,28.2997
8514,28.3282
8515,28.3512
8516,28.3489
8517,28.4259
8518,28.4998
8519,28.3596
8520,28.4211
8521,28.3563
8522,28.3808
8523,28.2808
8524,28.3717
8525,28.4029
8526,28.329
8527,28.3834
8528,28.5077
8529,28.3789
8530,28.4152
8531,28.4308
8532,28.4422
8533,28.408
8534,28.4304
8535,28.3517
8536,28.4276
8537,28.3575
8538,28.403
8539,28.2801
8540,28.3759
8541,28.4648
8542,28.5282
8543,28.4349
8544,28.4399
8545,28.5015
8546,28.5062
8547,28.4445
8548,28.3707
8549,28.4887
8550,28.4576
8551,28.4726
8552,28.4394
8553,28.3362
8554,28.235
8555,28.4043
8556,28.4034
8557,28.518
8558,28.4584
8559,28.3823
8560,28.3399
8561,28.3501
8562,28.3257
8563,28.3447
8564,28.2687
8565,28.3695
8566,28.3582
8567,28.4151
8568,28.4524
8569,28.4592
8570,28.4363
8571,28.5342
8572,28.4652
8573,28.4353
8574,28.4821
8575,28.5024
8576,28.436
8577,28.4918
8578,28.4701
8579,28.4397
8580,28.4831
8581,28.4544
8582,28.4644
8583,28.4681
8584,28.407
8585,28.402
8586,28.4813
8587,28.5979
8588,28.5239
8589,28.4648
8590,28.4488
8591,28.4907
8592,28.3386
8593,28.4136
8594,28.3341
8595,28.3067
8596,28.3869
8597,28.3348
8598,28.2438
8599,28.2435
8600,28.3553
8601,28.4346
8602,28.4722
8603,28.4721
8604,28.404
8605,28.4692
8606,28.3997
8607,28.4714
8608,28.3492
8609,28.4308
8610,28.4183
8611,28.4068
8612,28.3841
8613,28.5354
8614,28.4033
8615,28.361
8616,28.456
8617,28.596
8618,28.5764
8619,28.5928
8620,28.6756
8621,28.6024
8622,28.5951
8623,28.5635
8624,28.5495
8625,28.4692
8626,28.5403
8627,28.4703
8628,28.4293
8629,28.3959
8630,28.3684
8631,28.3527
8632,28.3753
8633,28.4701
8634,28.5431
8635,28.5288
8636,28.3518
8637,28.3887
8638,28.4689
8639,28.4576
8640,28.4768
8641,28.5787
8642,28.6738
8643,28.6988
8644,28.6478
8645,28.6623
8646,28.6883
8647,28.6448
8648,28.7221
8649,28.61
8650,28.6396
8651,28.6644
8652,28.6568
8653,28.6421
8654,28.627
8655,28.539
8656,28.5252
8657,28.5238
8658,28.5119
8659,28.6187
8660,28.4942
8661,28.54
8662,28.6432
8663,28.6274
8664,28.5477
8665,28.547
8666,28.4887
8667,28.4683
8668,28.4077
8669,28.485
8670,28.4835
8671,28.3666
8672,28.4265
8673,28.4499
8674,28.4401
8675,28.5109
8676,28.3946
8677,28.3977
8678,28.5184
8679,28.4
8680,28.4475
8681,28.4332
8682,28.4555
8683,28.42
8684,28.4132
8685,28.5151
8686,28.4771
8687,28.5303
8688,28.4957
8689,28.5251
8690,28.5465
8691,28.4396
8692,28.5003
8693,28.4333
8694,28.5305
8695,28.5248
8696,28.3963
8697,28.6046
8698,28.5102
8699,28.5167
8700,28.4606
8701,28.539
8702,28.6538
8703,28.5651
8704,28.4987
8705,28.4425
8706,28.4278
8707,28.4096
8708,28.4634
8709,28.4222
8710,28.4711
8711,28.3542
8712,28.4685
8713,28.3888
8714,28.323
8715,28.3753
8716,28.497
8717,28.4367
8718,28.4835
8719,28.55
8720,28.5869
8721,28.5757
8722,28.5528
8723,28.5188
8724,28.375
8725,28.4303
8726,28.5202
8727,28.5843
8728,28.5401
8729,28.4828
8730,28.4571
8731,28.5739
8732,28.5311
8733,28.5064
8734,28.413
8735,28.5478
8736,28.4297
8737,28.5313
8738,28.4643
8739,28.4563
8740,28.5422
8741,28.4944
8742,28.5015
8743,28.4579
8744,28.3901
8745,28.4107
8746,28.5142
8747,28.5687
8748,28.4386
8749,28.3902
8750,28.4516
8751,28.3017
8752,28.4388
8753,28.5234
8754,28.4323
8755,28.3584
8756,28.3605
8757,28.354
8758,28.3711
8759,28.4811
8760,28.3311
8761,28.4169
8762,28.4068
8763,28.3546
8764,28.3506
8765,28.3828
8766,28.4852
8767,28.3757
8768,28.335
8769,28.6437
8770,28.6548
8771,28.5619
8772,28.6069
8773,28.5243
8774,28.5882
8775,28.6041
8776,28.5091
8777,28.5418
8778,28.532
8779,28.5187
8780,28.4329
8781,28.4709
8782,28.5227
8783,28.6372
8784,28.5563
8785,28.6602
8786,28.4803
8787,28.5013
8788,28.5452
8789,28.4955
8790,28.3703
8791,28.4377
8792,28.424
8793,28.3952
8794,28.4767
8795,28.544
8796,28.4883
8797,28.559
8798,28.6031
8799,28.4923
8800,28.4694
8801,28.5402
8802,28.468
8803,28.581
8804,28.5551
8805,28.3763
8806,28.512
8807,28.5659
8808,28.5378
8809,28.5299
8810,28.4876
8811,28.4696
8812,28.5656
8813,28.3671
8814,28.5817
8815,28.4252
8816,28.3245
8817,28.4261
8818,28.438
8819,28.3532
8820,28.4295
8821,28.4583
8822,28.5214
8823,28.4245
8824,28.4548
8825,28.4395
8826,28.4336
8827,28.6313
8828,28.5844
8829,28.4934
8830,28.5015
8831,28.4284
8832,28.4602
8833,28.5541
8834,28.5751
8835,28.5136
8836,28.4612
8837,28.4784
8838,28.4293
8839,28.4415
8840,28.4891
8841,28.4478
8842,28.4379
8843,28.3869
8844,28.3848
8845,28.2943
8846,28.3654
8847,28.4099
8848,28.4292
8849,28.4513
8850,28.4947
8851,28.511
8852,28.5806
8853,28.6679
8854,28.4881
8855,28.6456
8856,28.572
8857,28.564
8858,28.6129
8859,28.6921
8860,28.5578
8861,28.5322
8862,28.5529
8863,28.5936
8864,28.5495
8865,28.4315
8866,28.477
8867,28.5773
8868,28.5612
8869,28.5346
8870,28.5748
8871,28.5695
8872,28.5416
8873,28.564
8874,28.4516
8875,28.5714
8876,28.4885
8877,28.5737
8878,28.5008
8879,28.5438
8880,28.5926
8881,28.4985
8882,28.4895
8883,28.3994
8884,28.4644
8885,28.5023
8886,28.3935
8887,28.513
8888,28.5281
8889,28.5588
8890,28.6251
8891,28.6355
8892,28.6079
8893,28.5074
8894,28.4656
8895,28.569
8896,28.4965
8897,28.5961
8898,28.503
8899,28.5446
8900,28.5525
8901,28.4598
8902,28.5213
8903,28.4914
8904,28.4251
8905,28.4689
8906,28.4774
8907,28.4132
8908,28.4706
8909,28.4588
8910,28.481
8911,28.4501
8912,28.4675
8913,28.4156
8914,28.4686
8915,28.5473
8916,28.5811
8917,28.5896
8918,28.5251
8919,28.5452
8920,28.4964
8921,28.501
8922,28.4914
8923,28.5054
8924,28.6014
8925,28.5886
8926,28.5891
8927,28.6031
8928,28.5731
8929,28.6253
8930,28.5361
8931,28.5237
8932,28.5725
8933,28.567
8934,28.6425
8935,28.5737
8936,28.5223
8937,28.4347
8938,28.4574
8939,28.5689
8940,28.5904
8941,28.4993
8942,28.4435
8943,28.5496
8944,28.5155
8945,28.4493
8946,28.5756
8947,28.5905
8948,28.624
8949,28.6314
8950,28.6838
8951,28.6864
8952,28.6791
8953,28.7214
8954,28.873
8955,28.6921
8956,28.7296
8957,28.8094
8958,28.7337
8959,28.617
8960,28.6604
8961,28.6003
8962,28.6399
8963,28.7379
8964,28.532
8965,28.6688
8966,28.58
8967,28.5114
8968,28.5433
8969,28.4635
8970,28.5244
8971,28.4935
8972,28.5679
8973,28.6027
8974,28.6042
8975,28.6088
8976,28.6803
8977,28.6638
8978,28.641
8979,28.5305
8980,28.6576
8981,28.6333
8982,28.6265
8983,28.6467
8984,28.5728
8985,28.458
8986,28.5391
8987,28.5479
8988,28.5511
8989,28.6299
8990,28.4784
8991,28.4341
8992,28.6381
8993,28.646
8994,28.5251
8995,28.6227
8996,28.4977
8997,28.5504
8998,28.5557
8999,28.5723
9000,28.5959
9001,28.5945
9002,28.6771
9003,28.616
9004,28.6365
9005,28.5817
9006,28.4605
9007,28.4689
9008,28.4512
9009,28.5162
9010,28.6452
9011,28.451
9012,28.4413
9013,28.4212
9014,28.4653
9015,28.5267
9016,28.4596
9017,28.5184
9018,28.5581
9019,28.4486
9020,28.5448
9021,28.6372
9022,28.6373
9023,28.5712
9024,28.5996
9025,28.4681
9026,28.5467
9027,28.5458
9028,28.5798
9029,28.5684
9030,28.5807
9031,28.4593
9032,28.6173
9033,28.5072
9034,28.44
9035,28.3867
9036,28.5009
9037,28.4887
9038,28.5586
9039,28.535
9040,28.4787
9041,28.4754
9042,28.5259
9043,28.4575
9044,28.4896
9045,28.4572
9046,28.6224
9047,28.5944
9048,28.5492
9049,28.6655
9050,28.4796
9051,28.61
9052,28.4562
9053,28.5111
9054,28.6711
9055,28.5336
9056,28.7039
9057,28.6075
9058,28.5607
9059,28.5464
9060,28.5048
9061,28.4665
9062,28.4869
9063,28.6103
9064,28.4848
9065,28.5173
9066,28.5424
9067,28.5509
9068,28.4897
9069,28.5306
9070,28.5458
9071,28.6604
9072,28.6289
9073,28.6596
9074,28.5269
9075,28.5367
9076,28.6461
9077,28.4887
9078,28.4981
9079,28.6439
9080,28.5999
9081,28.6434
9082,28.5842
9083,28.7474
9084,28.7634
9085,28.7187
9086,28.7213
9087,28.6802
9088,28.6804
9089,28.7547
9090,28.6622
9091,28.7122
9092,28.7765
9093,28.6965
9094,28.8396
9095,28.7633
9096,28.625
9097,28.6115
9098,28.4855
9099,28.4005
9100,28.48
9101,28.5243
9102,28.4376
9103,28.4573
9104,28.4772
9105,28.5352
9106,28.4932
9107,28.4757
9108,28.5568
9109,28.6572
9110,28.5902
9111,28.4695
9112,28.5446
9113,28.6583
9114,28.5835
9115,28.569
9116,28.6616
9117,28.6828
9118,28.5505
9119,28.4567
9120,28.5279
9121,28.525
9122,28.5104
9123,28.539
9124,28.5419
9125,28.525
9126,28.6689
9127,28.5984
9128,28.6668
9129,28.4863
9130,28.5671
9131,28.7206
9132,28.7504
9133,28.716
9134,28.6888
9135,28.7733
9136,28.682
9137,28.682
9138,28.6266
9139,28.6059
9140,28.6529
9141,28.5792
9142,28.572
9143,28.6818
9144,28.4906
9145,28.6125
9146,28.7479
9147,28.7623
9148,28.6231
9149,28.5909
9150,28.5135
9151,28.6151
9152,28.5571
9153,28.4211
9154,28.603
9155,28.529
9156,28.5897
9157,28.5711
9158,28.524
9159,28.5304
9160,28.5916
9161,28.5821
9162,28.4859
9163,28.4081
9164,28.4472
9165,28.4533
9166,28.5437
9167,28.4367
9168,28.4941
9169,28.5565
9170,28.6051
9171,28.5784
9172,28.6043
9173,28.5904
9174,28.6521
9175,28.5615
9176,28.4799
9177,28.5374
9178,28.4849
9179,28.5514
9180,28.5104
9181,28.4508
9182,28.5546
9183,28.4907
9184,28.461
9185,28.3502
9186,28.4395
9187,28.486
9188,28.49
9189,28.4452
9190,28.4035
9191,28.5171
9192,28.4592
9193,28.461
9194,28.4924
9195,28.4108
9196,28.5329
9197,28.5706
9198,28.5728
9199,28.5316
9200,28.5315
9201,28.4168
9202,28.6183
9203,28.575
9204,28.4946
9205,28.5416
9206,28.5051
9207,28.6922
9208,28.6155
9209,28.7115
9210,28.6299
9211,28.4621
9212,28.5681
9213,28.5612
9214,28.5582
9215,28.5221
9216,28.4986
9217,28.5384
9218,28.5738
9219,28.4816
9220,28.5122
9221,28.4996
9222,28.5426
9223,28.6272
9224,28.564
9225,28.4408
9226,28.5442
9227,28.4724
9228,28.4944
9229,28.5517
9230,28.4875
9231,28.4362
9232,28.4337
9233,28.3956
9234,28.4012
9235,28.3859
9236,28.4095
9237,28.4699
9238,28.5282
9239,28.6092
9240,28.5699
9241,28.5763
9242,28.7518
9243,28.6611
9244,28.5962
9245,28.5757
9246,28.7171
9247,28.6966
9248,28.7214
9249,28.6136
9250,28.5768
9251,28.5666
9252,28.5659
9253,28.6732
9254,28.596
9255,28.6311
9256,28.6763
9257,28.565
9258,28.4348
9259,28.412
9260,28.4466
9261,28.5607
9262,28.3773
9263,28.5051
9264,28.451
9265,28.5466
9266,28.4272
9267,28.4549
9268,28.4325
9269,28.5613
9270,28.5447
9271,28.4369
9272,28.4153
9273,28.501
9274,28.5005
9275,28.4839
9276,28.5551
9277,28.4552
9278,28.5962
9279,28.4887
9280,28.51
9281,28.5139
9282,28.5277
9283,28.5986
9284,28.5362
9285,28.4798
9286,28.5947
9287,28.4847
9288,28.5208
9289,28.6299
9290,28.6375
9291,28.5427
9292,28.5179
9293,28.5399
9294,28.6213
9295,28.5593
9296,28.6234
9297,28.5234
9298,28.5362
9299,28.5492
9300,28.4673
9301,28.3183
9302,28.4262
9303,28.3635
9304,28.377
9305,28.4462
9306,28.3687
9307,28.4328
9308,28.443
9309,28.565
9310,28.5415
9311,28.4901
9312,28.5153
9313,28.6183
9314,28.4962
9315,28.521
9316,28.4512
9317,28.4665
9318,28.4653
9319,28.4085
9320,28.4055
9321,28.5865
9322,28.6258
9323,28.5586
9324,28.5536
9325,28.4754
9326,28.5165
9327,28.4707
9328,28.4861
9329,28.6213
9330,28.5133
9331,28.5264
9332,28.5575
9333,28.3939
9334,28.5052
9335,28.5793
9336,28.4973
9337,28.6108
9338,28.714
9339,28.6169
9340,28.5606
9341,28.5157
9342,28.5619
9343,28.7017
9344,28.6347
9345,28.6151
9346,28.5482
9347,28.552
9348,28.5522
9349,28.5607
9350,28.6479
9351,28.6649
9352,28.6924
9353,28.69
9354,28.6687
9355,28.6576
9356,28.5636
9357,28.5987
9358,28.5573
9359,28.6011
9360,28.734
9361,28.6361
9362,28.581
9363,28.6717
9364,28.5987
9365,28.6688
9366,28.7129
9367,28.5614
9368,28.6588
9369,28.5638
9370,28.5766
9371,28.641
9372,28.7827
9373,28.6863
9374,28.7888
9375,28.7177
9376,28.6934
9377,28.7578
9378,28.598
9379,28.7117
9380,28.5974
9381,28.577
9382,28.6026
9383,28.512
9384,28.4583
9385,28.4854
9386,28.3954
9387,28.4226
9388,28.3893
9389,28.39
9390,28.4433
9391,28.4363
9392,28.5456
9393,28.5248
9394,28.4384
9395,28.482
9396,28.4106
9397,28.4812
9398,28.5226
9399,28.496
9400,28.5702
9401,28.5311
9402,28.5718
9403,28.6128
9404,28.5896
9405,28.5136
9406,28.6842
9407,28.5745
9408,28.5758
9409,28.4415
9410,28.5022
9411,28.5926
9412,28.5971
9413,28.6774
9414,28.6809
9415,28.6532
9416,28.5673
9417,28.5537
9418,28.6157
9419,28.6281
9420,28.6264
9421,28.6163
9422,28.7279
9423,28.6282
9424,28.6107
9425,28.6065
9426,28.5393
9427,28.606
9428,28.5675
9429,28.6935
9430,28.7
9431,28.6166
9432,28.5794
9433,28.5749
9434,28.6595
9435,28.5398
9436,28.6183
9437,28.6953
9438,28.7381
9439,28.7812
9440,28.7002
9441,28.7515
9442,28.7375
9443,28.7748
9444,28.7396
9445,28.7481
9446,28.7245
9447,28.6427
9448,28.7709
9449,28.7341
9450,28.6878
9451,28.6209
9452,28.6628
9453,28.6864
9454,28.7237
9455,28.6897
9456,28.5922
9457,28.6608
9458,28.5857
9459,28.7284
9460,28.6603
9461,28.7073
9462,28.8161
9463,28.724
9464,28.6546
9465,28.5548
9466,28.5909
9467,28.6152
9468,28.593
9469,28.6289
9470,28.6075
9471,28.5991
9472,28.6403
9473,28.5791
9474,28.5645
9475,28.6874
9476,28.6203
9477,28.535
9478,28.628
9479,28.6313
9480,28.6797
9481,28.5841
9482,28.5632
9483,28.7015
9484,28.698
9485,28.8399
9486,28.8342
9487,28.7874
9488,28.8493
9489,28.7905
9490,28.7045
9491,28.8591
9492,28.7429
9493,28.7038
9494,28.6974
9495,28.6107
9496,28.6097
9497,28.5902
9498,28.7183
9499,28.676
9500,28.6523
9501,28.5739
9502,28.6089
9503,28.5832
9504,28.7112
9505,28.6124
9506,28.5813
9507,28.6218
9508,28.5034
9509,28.4854
9510,28.5226
9511,28.5981
9512,28.5786
9513,28.4946
9514,28.5032
9515,28.4818
9516,28.5485
9517,28.5797
9518,28.5387
9519,28.5096
9520,28.5359
9521,28.6201
9522,28.6159
9523,28.5201
9524,28.5855
9525,28.5647
9526,28.6203
9527,28.6147
9528,28.6375
9529,28.6038
9530,28.6202
9531,28.5298
9532,28.6083
9533,28.6852
9534,28.6029
9535,28.678
9536,28.5654
9537,28.618
9538,28.6218
9539,28.6197
9540,28.6009
9541,28.4097
9542,28.6609
9543,28.656
9544,28.7036
9545,28.6689
9546,28.685
9547,28.5385
9548,28.619
9549,28.5969
9550,28.6694
9551,28.6215
9552,28.6067
9553,28.561
9554,28.5185
9555,28.7332
9556,28.6298
9557,28.6647
9558,28.6629
9559,28.5953
9560,28.619
9561,28.5732
9562,28.6663
9563,28.5955
9564,28.6515
9565,28.5379
9566,28.4858
9567,28.5689
9568,28.6177
9569,28.5897
9570,28.7066
9571,28.5328
9572,28.6441
9573,28.5882
9574,28.6913
9575,28.5004
9576,28.5826
9577,28.4375
9578,28.5197
9579,28.496
9580,28.6381
9581,28.6014
9582,28.5119
9583,28.605
9584,28.5835
9585,28.5025
9586,28.5354
9587,28.5076
9588,28.51
9589,28.574
9590,28.5944
9591,28.6956
9592,28.7794
9593,28.7188
9594,28.6379
9595,28.5669
9596,28.5261
9597,28.6943
9598,28.6121
9599,28.6544
9600,28.6486
9601,28.668
9602,28.6287
9603,28.58
9604,28.6103
9605,28.597
9606,28.4773
9607,28.4395
9608,28.5691
9609,28.5234
9610,28.4159
9611,28.4283
9612,28.5033
9613,28.5178
9614,28.4669
9615,28.4463
9616,28.4052
9617,28.4285
9618,28.355
9619,28.3743
9620,28.3923
9621,28.3038
9622,28.4111
9623,28.3715
9624,28.3512
9625,28.2848
9626,28.442
9627,28.3689
9628,28.4056
9629,28.3918
9630,28.403
9631,28.3523
9632,28.2861
9633,28.3606
9634,28.4036
9635,28.3566
9636,28.3956
9637,28.4285
9638,28.3519
9639,28.3341
9640,28.3281
9641,28.4667
9642,28.482
9643,28.3265
9644,28.3546
9645,28.3452
9646,28.3774
9647,28.346
9648,28.4068
9649,28.4329
9650,28.3353
9651,28.3285
9652,28.1946
9653,28.2022
9654,28.3222
9655,28.2284
9656,28.3011
9657,28.2979
9658,28.2421
9659,28.2905
9660,28.3545
9661,28.2447
9662,28.2213
9663,28.1531
9664,28.2898
9665,28.2769
9666,28.4297
9667,28.2893
9668,28.351
9669,28.4533
9670,28.4563
9671,28.5162
9672,28.4308
9673,28.3839
9674,28.4259
9675,28.417
9676,28.3992
9677,28.5091
9678,28.5108
9679,28.5677
9680,28.5258
9681,28.6454
9682,28.6037
9683,28.5393
9684,28.6347
9685,28.5232
9686,28.6502
9687,28.5791
9688,28.5948
9689,28.5543
9690,28.5139
9691,28.5816
9692,28.5578
9693,28.5375
9694,28.5966
9695,28.4923
9696,28.574
9697,28.4866
9698,28.4095
9699,28.4383
9700,28.4185
9701,28.4436
9702,28.4125
9703,28.5236
9704,28.4987
9705,28.4803
9706,28.5045
9707,28.5447
9708,28.5745
9709,28.4036
9710,28.4677
9711,28.6263
9712,28.615
9713,28.6969
9714,28.6394
9715,28.4067
9716,28.3948
9717,28.5195
9718,28.4761
9719,28.3416
9720,28.4621
9721,28.4592
9722,28.5416
9723,28.4861
9724,28.5704
9725,28.4583
9726,28.5291
9727,28.5262
9728,28.3469
9729,28.4188
9730,28.3382
9731,28.3681
9732,28.3256
9733,28.3997
9734,28.448
9735,28.4331
9736,28.4022
9737,28.4135
9738,28.5164
9739,28.3865
9740,28.3818
9741,28.4257
9742,28.535
9743,28.5261
9744,28.5816
9745,28.552
9746,28.4944
9747,28.4925
9748,28.5316
9749,28.4124
9750,28.5198
9751,28.4748
9752,28.4063
9753,28.4522
9754,28.5535
9755,28.6631
9756,28.6457
9757,28.5021
9758,28.5545
9759,28.4854
9760,28.4555
9761,28.5051
9762,28.4864
9763,28.5471
9764,28.4719
9765,28.4132
9766,28.5301
9767,28.5581
9768,28.5515
9769,28.5214
9770,28.6163
9771,28.6396
9772,28.5991
9773,28.5176
9774,28.5828
9775,28.4816
9776,28.6008
9777,28.6952
9778,28.6546
9779,28.5948
9780,28.5556
9781,28.491
9782,28.5454
9783,28.5174
9784,28.547
9785,28.5191
9786,28.5622
9787,28.5324
9788,28.5983
9789,28.5569
9790,28.6197
9791,28.6886
9792,28.5773
9793,28.6499
9794,28.5733
9795,28.5347
9796,28.621
9797,28.5202
9798,28.6449
9799,28.5748
9800,28.5766
9801,28.5647
9802,28.5575
9803,28.511
9804,28.6032
9805,28.436
9806,28.5799
9807,28.7097
9808,28.5495
9809,28.5663
9810,28.5146
9811,28.5775
9812,28.5332
9813,28.4926
9814,28.4718
9815,28.476
9816,28.4694
9817,28.571
9818,28.4368
9819,28.5763
9820,28.5405
9821,28.446
9822,28.3981
9823,28.5495
9824,28.569
9825,28.5283
9826,28.607
9827,28.576
9828,28.5348
9829,28.6436
9830,28.5157
9831,28.4912
9832,28.6001
9833,28.5366
9834,28.5426
9835,28.6047
9836,28.5319
9837,28.5322
9838,28.5604
9839,28.6093
9840,28.6809
9841,28.5256
9842,28.6012
9843,28.5661
9844,28.6395
9845,28.5897
9846,28.6277
9847,28.5311
9848,28.4179
9849,28.4229
9850,28.4555
9851,28.4481
9852,28.4867
9853,28.4422
9854,28.4602
9855,28.4834
9856,28.4359
9857,28.4149
9858,28.363
9859,28.3584
9860,28.3375
9861,28.5054
9862,28.4673
9863,28.4502
9864,28.5904
9865,28.5118
9866,28.5381
9867,28.5244
9868,28.5611
9869,28.635
9870,28.5307
9871,28.5026
9872,28.4457
9873,28.5404
9874,28.4506
9875,28.4078
9876,28.4231
9877,28.4779
9878,28.5138
9879,28.3618
9880,28.4925
9881,28.4065
9882,28.3815
9883,28.5245
9884,28.4611
9885,28.5675
9886,28.4987
9887,28.5672
9888,28.6245
9889,28.5655
9890,28.4798
9891,28.4039
9892,28.5071
9893,28.4333
9894,28.5755
9895,28.4694
9896,28.4315
9897,28.3742
9898,28.3344
9899,28.4316
9900,28.4365
9901,28.4728
9902,28.5902
9903,28.3653
9904,28.5509
9905,28.4452
9906,28.5087
9907,28.5175
9908,28.6545
9909,28.3613
9910,28.4325
9911,28.4965
9912,28.5418
9913,28.5304
9914,28.5842
9915,28.4659
9916,28.4751
9917,28.4867
9918,28.486
9919,28.4769
9920,28.5018
9921,28.5657
9922,28.4692
9923,28.4644
9924,28.5509
9925,28.5865
9926,28.5268
9927,28.4381
9928,28.3543
9929,28.5071
9930,28.5252
9931,28.5748
9932,28.424
9933,28.4246
9934,28.4186
9935,28.5343
9936,28.4195
9937,28.422
9938,28.5455
9939,28.5061
9940,28.5713
9941,28.4572
9942,28.4991
9943,28.5539
9944,28.5912
9945,28.5326
9946,28.5716
9947,28.5307
9948,28.5683
9949,28.4971
9950,28.514
9951,28.5407
9952,28.4834
9953,28.5843
9954,28.5188
9955,28.4811
9956,28.3762
9957,28.4205
9958,28.4048
9959,28.3707
9960,28.4841
9961,28.4805
9962,28.5114
9963,28.5995
9964,28.5801
9965,28.6178
9966,28.4953
9967,28.5285
9968,28.5436
9969,28.5136
9970,28.6375
9971,28.5373
9972,28.6236
9973,28.5302
9974,28.401
9975,28.425
9976,28.3863
9977,28.4659
9978,28.4842
9979,28.5205
9980,28.506
9981,28.4773
9982,28.4663
9983,28.5119
9984,28.617
9985,28.5712
9986,28.4142
9987,28.4937
9988,28.5165
9989,28.4992
9990,28.6118
9991,28.5259
9992,28.5756
9993,28.3577
9994,28.4561
9995,28.375
9996,28.4265
9997,28.4008
9998,28.4762
9999,28.4418
10000,28.3897
