#Frame     RMSD_00002
       1       0.0000
       2       0.7129
       3       0.8970
       4       0.9628
       5       0.9880
       6       0.9077
       7       1.0494
       8       0.9819
       9       0.9959
      10       1.0056
      11       0.9762
      12       0.9099
      13       1.0938
      14       0.9979
      15       0.9619
      16       0.9555
      17       1.0887
      18       1.1493
      19       0.9828
      20       0.9923
      21       0.9927
      22       0.9539
      23       0.9442
      24       0.9224
      25       1.0090
      26       0.9689
      27       1.0263
      28       0.9177
      29       0.8857
      30       0.9541
      31       0.9135
      32       1.1093
      33       0.9931
      34       1.1228
      35       1.0396
      36       0.9331
      37       0.9187
      38       0.9937
      39       0.9964
      40       0.9479
      41       1.0110
      42       1.0005
      43       1.0927
      44       1.0974
      45       0.9253
      46       0.9651
      47       1.1155
      48       0.9396
      49       0.9953
      50       0.9849
      51       0.9701
      52       0.9621
      53       1.0456
      54       1.0370
      55       1.0099
      56       1.0035
      57       1.1493
      58       1.0157
      59       0.9734
      60       1.0864
      61       1.0314
      62       1.0013
      63       0.9975
      64       1.0466
      65       1.0551
      66       1.1492
      67       1.0185
      68       1.0262
      69       1.0210
      70       1.0802
      71       1.1924
      72       1.0362
      73       1.1340
      74       1.0782
      75       1.2259
      76       1.0557
      77       1.1210
      78       1.0960
      79       1.2283
      80       1.2928
      81       1.2031
      82       1.1386
      83       1.1605
      84       1.0669
      85       1.0700
      86       1.1892
      87       1.2006
      88       1.1190
      89       1.1441
      90       1.1259
      91       1.2240
      92       1.2349
      93       1.1419
      94       1.1204
      95       1.2724
      96       1.3080
      97       1.2225
      98       1.1077
      99       1.3011
     100       1.1638
     101       1.0678
     102       1.2218
     103       1.2582
     104       1.2278
     105       1.2305
     106       1.2314
     107       1.2393
     108       1.3647
     109       1.1868
     110       1.2417
     111       1.2965
     112       1.1826
     113       1.2580
     114       1.2686
     115       1.1781
     116       1.2605
     117       1.3445
     118       1.3322
     119       1.2689
     120       1.2831
     121       1.3868
     122       1.3044
     123       1.2019
     124       1.1859
     125       1.1490
     126       1.1623
     127       1.2408
     128       1.1592
     129       1.1843
     130       1.1653
     131       1.2842
     132       1.0922
     133       1.1785
     134       1.1898
     135       1.1725
     136       1.0785
     137       1.0376
     138       1.1265
     139       1.0964
     140       1.0302
     141       1.1982
     142       1.1291
     143       1.2899
     144       1.2354
     145       1.1754
     146       1.2368
     147       1.1912
     148       1.1524
     149       1.1572
     150       1.1704
     151       1.1830
     152       1.2155
     153       1.1630
     154       1.1098
     155       1.1977
     156       1.3317
     157       1.1542
     158       1.1390
     159       1.1309
     160       1.1678
     161       1.2507
     162       1.1881
     163       1.1467
     164       1.1020
     165       1.1093
     166       1.0719
     167       0.9860
     168       1.0802
     169       1.0444
     170       1.1609
     171       1.1632
     172       1.2850
     173       1.4045
     174       1.3267
     175       1.2219
     176       1.1600
     177       1.0085
     178       1.0576
     179       1.1411
     180       1.2135
     181       1.1797
     182       1.2145
     183       1.1334
     184       1.0664
     185       1.0859
     186       1.0001
     187       1.0661
     188       1.2125
     189       1.1757
     190       1.2070
     191       1.1081
     192       1.3302
     193       1.2576
     194       1.2285
     195       1.1331
     196       1.2202
     197       1.1791
     198       1.2162
     199       1.1061
     200       1.0765
     201       1.1961
     202       1.0736
     203       1.1496
     204       1.1741
     205       1.0935
     206       1.1276
     207       1.2097
     208       1.2264
     209       1.2529
     210       1.1543
     211       1.1796
     212       1.3277
     213       1.3598
     214       1.1095
     215       1.1066
     216       1.2544
     217       1.2111
     218       1.1898
     219       1.1947
     220       1.1194
     221       1.2171
     222       1.2637
     223       1.2182
     224       1.2233
     225       1.2000
     226       1.1750
     227       1.1575
     228       1.1831
     229       1.4572
     230       1.3629
     231       1.4160
     232       1.3302
     233       1.1558
     234       1.2707
     235       1.1563
     236       1.0854
     237       1.0477
     238       1.1032
     239       1.2816
     240       1.2380
     241       1.1644
     242       1.3105
     243       1.2363
     244       1.4135
     245       1.3807
     246       1.2391
     247       1.1166
     248       1.3526
     249       1.4106
     250       1.3740
     251       1.2906
     252       1.5280
     253       1.4880
     254       1.4429
     255       1.4129
     256       1.2335
     257       1.2299
     258       1.2395
     259       1.2259
     260       1.2376
     261       1.2004
     262       1.2379
     263       1.2555
     264       1.2822
     265       1.3811
     266       1.3079
     267       1.3091
     268       1.3574
     269       1.4454
     270       1.2882
     271       1.2526
     272       1.3183
     273       1.3870
     274       1.4007
     275       1.4759
     276       1.4749
     277       1.3640
     278       1.4286
     279       1.5297
     280       1.4810
     281       1.4334
     282       1.2898
     283       1.2608
     284       1.2190
     285       1.1759
     286       1.2844
     287       1.3121
     288       1.4194
     289       1.4064
     290       1.2553
     291       1.3110
     292       1.3875
     293       1.1986
     294       1.2350
     295       1.4232
     296       1.2655
     297       1.3264
     298       1.3450
     299       1.1296
     300       1.1757
     301       1.3081
     302       1.2756
     303       1.2244
     304       1.3244
     305       1.2909
     306       1.1186
     307       1.0529
     308       1.1027
     309       1.1272
     310       1.1241
     311       1.1714
     312       1.2895
     313       1.2407
     314       1.2183
     315       1.4023
     316       1.4338
     317       1.4980
     318       1.3916
     319       1.3507
     320       1.4363
     321       1.4972
     322       1.5751
     323       1.4714
     324       1.3485
     325       1.4682
     326       1.3572
     327       1.3906
     328       1.2902
     329       1.2942
     330       1.1324
     331       1.1986
     332       1.2995
     333       1.4048
     334       1.4131
     335       1.4074
     336       1.4541
     337       1.4560
     338       1.4743
     339       1.4438
     340       1.3283
     341       1.5872
     342       1.5082
     343       1.4260
     344       1.4564
     345       1.3619
     346       1.3298
     347       1.4585
     348       1.5640
     349       1.4905
     350       1.5580
     351       1.4659
     352       1.5456
     353       1.3869
     354       1.3409
     355       1.5370
     356       1.5989
     357       1.5514
     358       1.4665
     359       1.5655
     360       1.7420
     361       1.7181
     362       1.9475
     363       1.9920
     364       1.7090
     365       1.7881
     366       1.7851
     367       1.9806
     368       1.7067
     369       1.8820
     370       1.7042
     371       1.7553
     372       1.6862
     373       1.8574
     374       1.9749
     375       1.9182
     376       2.0067
     377       1.7682
     378       1.6275
     379       1.6181
     380       1.4840
     381       1.6634
     382       1.7140
     383       1.6252
     384       1.7546
     385       1.6388
     386       1.7037
     387       1.5436
     388       1.6664
     389       1.6659
     390       1.7733
     391       1.9494
     392       2.0954
     393       2.0733
     394       2.1326
     395       2.2214
     396       2.0774
     397       2.1234
     398       2.1152
     399       2.2968
     400       2.2022
     401       2.0281
     402       2.0262
     403       1.9972
     404       1.9597
     405       1.7764
     406       2.0176
     407       2.1669
     408       1.9027
     409       2.1362
     410       2.1016
     411       2.1627
     412       1.9738
     413       2.0266
     414       2.1738
     415       1.9482
     416       1.9595
     417       2.0079
     418       1.7290
     419       1.7137
     420       1.6696
     421       1.8360
     422       1.8201
     423       1.6692
     424       1.7901
     425       1.9255
     426       1.7754
     427       1.8759
     428       1.8447
     429       1.8133
     430       1.7394
     431       1.7946
     432       1.6857
     433       1.5604
     434       1.6756
     435       1.8604
     436       1.7620
     437       1.5901
     438       1.5933
     439       1.5056
     440       1.4151
     441       1.3725
     442       1.4227
     443       1.5638
     444       1.7487
     445       1.4085
     446       1.4789
     447       1.3538
     448       1.4923
     449       1.5865
     450       1.5865
     451       1.5324
     452       1.6276
     453       1.3836
     454       1.3169
     455       1.3013
     456       1.3817
     457       1.4042
     458       1.5527
     459       1.4801
     460       1.6002
     461       1.5565
     462       1.5569
     463       1.6289
     464       1.6443
     465       1.9157
     466       1.8765
     467       1.9820
     468       1.7926
     469       1.8671
     470       1.8179
     471       1.8007
     472       1.7153
     473       1.7679
     474       1.8613
     475       1.9213
     476       1.8854
     477       1.7045
     478       1.7264
     479       1.8791
     480       1.8441
     481       1.9623
     482       1.8554
     483       1.7731
     484       1.8861
     485       1.9442
     486       1.8651
     487       1.7898
     488       1.7410
     489       1.5623
     490       1.4576
     491       1.5387
     492       1.7256
     493       1.7386
     494       1.7649
     495       1.8238
     496       1.6587
     497       1.7449
     498       1.7634
     499       1.8401
     500       1.8433
     501       1.8394
     502       1.6543
     503       1.8000
     504       1.9461
     505       1.8181
     506       1.8329
     507       1.8992
     508       1.8983
     509       1.8507
     510       2.0285
     511       2.1368
     512       1.9057
     513       1.9084
     514       1.9219
     515       1.9356
     516       2.0892
     517       2.0736
     518       2.0691
     519       1.7734
     520       1.7034
     521       1.6308
     522       1.5938
     523       1.6591
     524       1.7044
     525       1.6851
     526       1.7782
     527       1.7240
     528       1.7435
     529       1.9278
     530       1.9842
     531       1.8932
     532       1.7700
     533       1.7472
     534       1.7148
     535       1.9544
     536       1.8776
     537       1.7920
     538       1.6566
     539       1.5703
     540       1.7414
     541       1.6477
     542       1.7370
     543       1.6663
     544       1.6329
     545       1.7739
     546       1.6675
     547       1.5536
     548       1.5476
     549       1.5930
     550       1.5055
     551       1.6079
     552       1.6117
     553       1.6234
     554       1.7695
     555       1.8986
     556       1.7992
     557       1.6962
     558       1.7077
     559       1.6022
     560       1.4896
     561       1.5411
     562       1.6819
     563       1.7207
     564       1.8623
     565       2.0065
     566       2.0059
     567       2.0717
     568       2.0927
     569       2.1912
     570       1.9460
     571       2.1382
     572       2.1831
     573       2.1195
     574       2.1306
     575       2.1824
     576       2.4831
     577       2.4760
     578       2.2299
     579       2.1794
     580       2.1075
     581       2.0542
     582       1.8992
     583       1.9730
     584       1.9649
     585       1.9505
     586       1.7151
     587       1.9281
     588       1.9225
     589       1.8121
     590       1.9178
     591       1.9164
     592       1.9547
     593       2.0190
     594       2.3256
     595       2.0825
     596       2.1065
     597       2.1734
     598       2.2948
     599       2.2314
     600       2.1942
     601       2.3801
     602       2.0106
     603       1.8171
     604       1.8198
     605       1.8798
     606       1.7280
     607       1.6988
     608       1.5286
     609       1.5551
     610       1.4561
     611       1.5554
     612       1.4098
     613       1.3645
     614       1.2663
     615       1.3767
     616       1.5135
     617       1.4979
     618       1.7888
     619       1.4818
     620       1.3796
     621       1.5254
     622       1.3765
     623       1.4057
     624       1.4916
     625       1.3659
     626       1.2551
     627       1.3463
     628       1.4390
     629       1.4703
     630       1.5627
     631       1.5337
     632       1.5522
     633       1.4709
     634       1.5037
     635       1.5523
     636       1.4342
     637       1.4689
     638       1.5701
     639       1.5360
     640       1.6515
     641       1.4262
     642       1.4811
     643       1.5344
     644       1.7526
     645       1.7509
     646       1.6277
     647       1.6086
     648       1.8363
     649       1.6649
     650       1.5604
     651       1.4018
     652       1.3001
     653       1.4781
     654       1.4047
     655       1.3896
     656       1.4151
     657       1.3624
     658       1.4729
     659       1.6124
     660       1.4681
     661       1.4017
     662       1.4131
     663       1.4757
     664       1.5206
     665       1.3539
     666       1.3507
     667       1.4220
     668       1.3046
     669       1.3294
     670       1.3962
     671       1.5567
     672       1.6442
     673       1.7276
     674       1.7478
     675       1.8182
     676       1.7787
     677       1.6481
     678       1.5782
     679       1.5484
     680       1.6041
     681       1.7630
     682       1.5895
     683       1.7453
     684       1.8614
     685       1.7635
     686       1.6284
     687       1.8066
     688       1.8434
     689       1.6648
     690       1.7768
     691       1.7704
     692       1.6196
     693       1.7049
     694       1.8398
     695       1.5010
     696       1.4954
     697       1.4777
     698       1.6153
     699       1.6451
     700       1.6922
     701       1.7107
     702       1.6399
     703       1.5049
     704       1.4780
     705       1.5573
     706       1.5990
     707       1.6082
     708       1.5623
     709       1.7908
     710       1.8981
     711       2.0361
     712       1.8813
     713       1.8013
     714       1.7325
     715       1.6669
     716       1.8797
     717       1.8919
     718       1.8567
     719       1.9863
     720       1.8237
     721       1.8919
     722       1.7598
     723       1.7167
     724       1.7943
     725       1.9254
     726       1.8607
     727       1.7228
     728       1.7238
     729       1.8056
     730       1.7066
     731       1.5819
     732       1.6099
     733       1.6422
     734       1.5887
     735       1.8745
     736       1.7239
     737       1.6119
     738       1.5145
     739       1.6067
     740       1.4730
     741       1.3490
     742       1.3781
     743       1.5282
     744       1.6530
     745       1.5619
     746       1.6481
     747       1.6010
     748       1.5534
     749       1.6667
     750       1.6857
     751       1.7389
     752       1.6083
     753       1.5294
     754       1.7880
     755       1.4875
     756       1.4514
     757       1.4953
     758       1.4427
     759       1.4845
     760       1.6042
     761       1.4867
     762       1.5718
     763       1.5453
     764       1.5514
     765       1.6174
     766       1.4961
     767       1.6824
     768       1.6586
     769       1.6112
     770       1.5899
     771       1.5987
     772       1.5394
     773       1.5648
     774       1.5185
     775       1.4638
     776       1.3589
     777       1.4649
     778       1.4998
     779       1.4166
     780       1.4234
     781       1.5082
     782       1.4339
     783       1.5990
     784       1.6614
     785       1.6759
     786       1.5560
     787       1.5454
     788       1.6076
     789       1.5738
     790       1.8393
     791       1.8842
     792       1.7207
     793       1.7251
     794       1.6835
     795       1.7225
     796       1.7819
     797       1.7268
     798       1.7714
     799       1.7459
     800       1.9556
     801       2.0335
     802       2.1609
     803       2.1571
     804       2.1264
     805       2.1504
     806       1.9547
     807       1.8785
     808       1.8760
     809       1.8821
     810       1.8558
     811       1.8563
     812       1.7585
     813       1.7509
     814       1.8051
     815       1.6997
     816       1.6344
     817       1.6640
     818       1.7338
     819       1.6675
     820       1.8997
     821       1.9190
     822       1.7403
     823       1.7154
     824       1.7382
     825       1.5333
     826       1.6666
     827       1.6652
     828       1.6723
     829       1.7136
     830       1.7216
     831       1.7092
     832       1.6155
     833       1.8096
     834       1.9201
     835       1.8756
     836       1.8394
     837       1.7650
     838       1.7158
     839       1.7123
     840       1.5991
     841       1.6251
     842       1.5512
     843       1.6904
     844       1.3945
     845       1.5115
     846       1.5220
     847       1.5487
     848       1.5962
     849       1.3853
     850       1.4300
     851       1.4976
     852       1.4606
     853       1.6211
     854       1.4798
     855       1.4903
     856       1.5522
     857       1.6497
     858       1.5929
     859       1.6002
     860       1.5080
     861       1.6383
     862       1.6028
     863       1.5255
     864       1.2964
     865       1.5197
     866       1.4760
     867       1.4960
     868       1.6174
     869       1.5306
     870       1.4937
     871       1.4045
     872       1.4745
     873       1.4798
     874       1.3933
     875       1.2903
     876       1.2076
     877       1.3259
     878       1.4278
     879       1.3648
     880       1.3287
     881       1.5611
     882       1.4136
     883       1.2827
     884       1.4018
     885       1.5548
     886       1.4060
     887       1.4076
     888       1.5479
     889       1.5304
     890       1.3127
     891       1.3343
     892       1.3456
     893       1.3955
     894       1.3741
     895       1.3610
     896       1.5450
     897       1.5022
     898       1.4648
     899       1.5366
     900       1.5257
     901       1.5184
     902       1.3745
     903       1.5197
     904       1.5028
     905       1.5267
     906       1.4264
     907       1.6525
     908       1.5802
     909       1.6156
     910       1.6506
     911       1.7710
     912       1.5715
     913       1.3047
     914       1.3850
     915       1.3992
     916       1.4182
     917       1.3308
     918       1.4688
     919       1.4078
     920       1.2681
     921       1.3595
     922       1.4642
     923       1.4944
     924       1.5312
     925       1.3819
     926       1.3859
     927       1.3320
     928       1.3540
     929       1.3589
     930       1.2982
     931       1.3540
     932       1.3202
     933       1.2595
     934       1.3529
     935       1.4134
     936       1.3822
     937       1.3698
     938       1.2650
     939       1.3714
     940       1.2704
     941       1.2918
     942       1.3813
     943       1.5303
     944       1.6089
     945       1.7271
     946       1.6531
     947       1.5694
     948       1.6535
     949       1.7133
     950       1.6501
     951       1.5851
     952       1.5235
     953       1.4136
     954       1.3825
     955       1.3263
     956       1.2964
     957       1.2867
     958       1.4007
     959       1.6232
     960       1.4747
     961       1.3759
     962       1.5943
     963       1.4819
     964       1.5335
     965       1.3811
     966       1.4346
     967       1.5895
     968       1.6504
     969       1.6944
     970       1.6511
     971       1.6141
     972       1.4576
     973       1.4757
     974       1.3775
     975       1.3807
     976       1.3111
     977       1.3654
     978       1.4340
     979       1.4520
     980       1.4094
     981       1.4345
     982       1.5751
     983       1.4796
     984       1.3740
     985       1.5321
     986       1.4562
     987       1.3878
     988       1.4731
     989       1.6060
     990       1.4008
     991       1.4045
     992       1.4635
     993       1.4984
     994       1.5532
     995       1.3802
     996       1.5744
     997       1.5444
     998       1.6591
     999       1.7341
    1000       1.6383
    1001       1.6188
    1002       1.7430
    1003       1.8447
    1004       1.7473
    1005       1.6846
    1006       1.8465
    1007       1.7180
    1008       1.7472
    1009       1.7525
    1010       1.7832
    1011       1.6823
    1012       1.6436
    1013       1.6247
    1014       1.8148
    1015       1.9927
    1016       1.9490
    1017       1.8841
    1018       1.9041
    1019       2.0779
    1020       2.0269
    1021       2.1142
    1022       2.1074
    1023       2.0502
    1024       2.0922
    1025       2.0452
    1026       2.0364
    1027       2.1552
    1028       2.1055
    1029       2.0738
    1030       1.7837
    1031       1.8621
    1032       1.9921
    1033       1.8229
    1034       1.7469
    1035       1.5560
    1036       1.7612
    1037       1.5786
    1038       1.6000
    1039       1.7029
    1040       1.6234
    1041       1.5613
    1042       1.5521
    1043       1.7831
    1044       1.7284
    1045       1.6261
    1046       1.7107
    1047       1.8306
    1048       1.7416
    1049       1.7701
    1050       1.8561
    1051       1.8679
    1052       1.9217
    1053       1.8999
    1054       2.0053
    1055       2.0060
    1056       2.1473
    1057       2.0222
    1058       2.1932
    1059       2.0819
    1060       2.3416
    1061       2.3811
    1062       2.4127
    1063       2.3755
    1064       2.1951
    1065       2.2206
    1066       2.1894
    1067       2.3923
    1068       2.5421
    1069       2.5282
    1070       2.3280
    1071       2.3327
    1072       2.3515
    1073       2.4044
    1074       2.3898
    1075       2.2029
    1076       2.4084
    1077       2.1986
    1078       2.0956
    1079       2.3717
    1080       2.3337
    1081       2.5949
    1082       2.5919
    1083       2.5086
    1084       2.3451
    1085       2.1812
    1086       2.1952
    1087       2.1849
    1088       2.2404
    1089       2.2963
    1090       2.4410
    1091       2.3361
    1092       2.4702
    1093       2.8199
    1094       2.9090
    1095       2.8770
    1096       2.9089
    1097       2.9589
    1098       3.2111
    1099       3.0964
    1100       3.0489
    1101       2.9684
    1102       3.0242
    1103       2.9770
    1104       2.8725
    1105       2.9070
    1106       3.0382
    1107       2.9429
    1108       3.2217
    1109       3.2353
    1110       3.4247
    1111       3.1130
    1112       3.0814
    1113       2.9078
    1114       2.7374
    1115       2.7936
    1116       2.8156
    1117       2.8103
    1118       2.7065
    1119       2.5953
    1120       2.6063
    1121       2.7320
    1122       2.4078
    1123       2.3698
    1124       2.7802
    1125       2.7620
    1126       3.1058
    1127       2.8952
    1128       2.7558
    1129       2.6200
    1130       2.7620
    1131       2.7026
    1132       2.7578
    1133       2.9480
    1134       2.9377
    1135       2.7913
    1136       2.7483
    1137       2.6454
    1138       2.9885
    1139       2.9750
    1140       2.9275
    1141       3.1765
    1142       3.0543
    1143       3.1374
    1144       2.9395
    1145       2.8150
    1146       2.4996
    1147       2.4845
    1148       2.6362
    1149       2.9796
    1150       2.7455
    1151       2.6382
    1152       2.7619
    1153       2.6405
    1154       2.6723
    1155       2.5524
    1156       2.4309
    1157       2.5107
    1158       2.2959
    1159       2.3648
    1160       2.3701
    1161       2.3287
    1162       2.3555
    1163       2.2682
    1164       2.6565
    1165       2.6469
    1166       2.6063
    1167       2.6586
    1168       2.3272
    1169       2.3799
    1170       2.5310
    1171       2.6033
    1172       2.5472
    1173       2.7373
    1174       2.6236
    1175       2.6423
    1176       2.5164
    1177       2.7203
    1178       2.6611
    1179       2.7033
    1180       2.6483
    1181       2.4516
    1182       2.6112
    1183       2.5893
    1184       2.5598
    1185       2.3138
    1186       2.3685
    1187       2.2790
    1188       2.2421
    1189       2.4998
    1190       2.2632
    1191       2.2037
    1192       2.0307
    1193       2.2262
    1194       2.2392
    1195       2.1210
    1196       2.2026
    1197       2.1931
    1198       2.1391
    1199       1.8626
    1200       2.0271
    1201       2.1594
    1202       2.2355
    1203       2.1940
    1204       2.1421
    1205       2.1485
    1206       2.4178
    1207       2.3227
    1208       2.4839
    1209       2.4037
    1210       2.3311
    1211       2.3801
    1212       2.4661
    1213       2.2690
    1214       2.3193
    1215       2.3773
    1216       2.2819
    1217       2.1989
    1218       2.5610
    1219       2.4651
    1220       2.4069
    1221       2.5644
    1222       2.6602
    1223       2.6265
    1224       2.6780
    1225       2.6611
    1226       2.6946
    1227       2.7466
    1228       2.5855
    1229       2.6476
    1230       2.5803
    1231       2.4608
    1232       2.3232
    1233       2.4432
    1234       2.3124
    1235       2.2367
    1236       2.2958
    1237       2.2529
    1238       2.3979
    1239       2.5815
    1240       2.4245
    1241       2.4875
    1242       2.4183
    1243       2.4405
    1244       2.4616
    1245       2.1949
    1246       2.2283
    1247       2.5088
    1248       2.3425
    1249       2.3811
    1250       2.4701
    1251       2.5693
    1252       2.4309
    1253       2.4130
    1254       2.3996
    1255       2.2545
    1256       2.4023
    1257       2.1202
    1258       2.1414
    1259       2.0874
    1260       1.9930
    1261       2.3134
    1262       2.1471
    1263       2.1092
    1264       1.8678
    1265       1.8506
    1266       1.9629
    1267       2.1213
    1268       2.1613
    1269       2.2030
    1270       2.2620
    1271       2.3894
    1272       2.2495
    1273       2.2908
    1274       2.3170
    1275       2.0939
    1276       2.1527
    1277       1.9978
    1278       2.0626
    1279       2.0075
    1280       2.0076
    1281       1.9725
    1282       1.8948
    1283       2.0499
    1284       2.0192
    1285       1.8566
    1286       2.0572
    1287       2.2215
    1288       2.1807
    1289       2.1328
    1290       2.0543
    1291       1.9502
    1292       1.9676
    1293       1.8745
    1294       1.8534
    1295       2.1707
    1296       2.0964
    1297       2.1018
    1298       2.1851
    1299       2.4030
    1300       2.4523
    1301       2.4129
    1302       2.5637
    1303       2.4425
    1304       2.4904
    1305       2.5510
    1306       2.7208
    1307       2.5812
    1308       2.4856
    1309       2.6832
    1310       2.8526
    1311       2.7467
    1312       2.6724
    1313       2.7459
    1314       2.8859
    1315       2.9707
    1316       3.0078
    1317       2.9505
    1318       3.0184
    1319       2.9214
    1320       2.9263
    1321       2.7155
    1322       2.5939
    1323       2.6344
    1324       2.8350
    1325       2.8596
    1326       2.7470
    1327       2.9420
    1328       2.9964
    1329       3.1146
    1330       3.0867
    1331       3.1965
    1332       2.9832
    1333       2.9094
    1334       2.9566
    1335       3.0370
    1336       3.0807
    1337       2.7990
    1338       2.7867
    1339       2.9453
    1340       2.6865
    1341       2.7308
    1342       2.7920
    1343       2.7600
    1344       2.8243
    1345       2.9043
    1346       2.8576
    1347       2.8531
    1348       2.8535
    1349       2.9096
    1350       3.0119
    1351       3.0153
    1352       3.0581
    1353       3.1159
    1354       2.9853
    1355       2.9606
    1356       3.0553
    1357       3.0019
    1358       2.9066
    1359       2.7535
    1360       2.6745
    1361       2.6707
    1362       2.7008
    1363       2.6870
    1364       2.4796
    1365       2.5145
    1366       2.4414
    1367       2.5770
    1368       2.7188
    1369       2.5766
    1370       2.6780
    1371       2.6316
    1372       2.6986
    1373       2.7537
    1374       2.8065
    1375       3.0276
    1376       2.9148
    1377       2.7878
    1378       2.7661
    1379       2.8374
    1380       3.1784
    1381       2.8671
    1382       2.7569
    1383       2.5621
    1384       2.6568
    1385       2.5939
    1386       2.5018
    1387       2.5084
    1388       2.6206
    1389       2.6019
    1390       2.7742
    1391       2.6220
    1392       2.5115
    1393       2.6308
    1394       2.4627
    1395       2.4721
    1396       2.4229
    1397       2.3751
    1398       2.2296
    1399       2.4790
    1400       2.3618
    1401       2.3215
    1402       2.1680
    1403       2.1339
    1404       2.3239
    1405       2.4630
    1406       2.6304
    1407       2.6100
    1408       2.5080
    1409       2.5443
    1410       2.6066
    1411       2.3280
    1412       2.4384
    1413       2.5112
    1414       2.6091
    1415       2.5188
    1416       2.6542
    1417       2.6735
    1418       2.7006
    1419       2.6506
    1420       2.5195
    1421       2.4937
    1422       2.5650
    1423       2.6965
    1424       2.7170
    1425       2.7565
    1426       2.6309
    1427       2.6633
    1428       2.5595
    1429       2.5516
    1430       2.5726
    1431       2.5241
    1432       2.3414
    1433       2.5723
    1434       2.3451
    1435       2.4816
    1436       2.5742
    1437       2.2437
    1438       2.2480
    1439       2.2182
    1440       2.2537
    1441       2.0774
    1442       2.1936
    1443       2.1574
    1444       2.2314
    1445       2.0825
    1446       2.0595
    1447       2.0921
    1448       2.1280
    1449       2.2898
    1450       2.2643
    1451       2.1410
    1452       2.2418
    1453       2.2792
    1454       2.3975
    1455       2.4324
    1456       2.3897
    1457       2.2550
    1458       2.0720
    1459       2.2132
    1460       2.1518
    1461       2.1110
    1462       2.2976
    1463       2.1210
    1464       2.2291
    1465       2.4190
    1466       2.4021
    1467       2.2946
    1468       2.3453
    1469       2.2189
    1470       2.1879
    1471       2.2866
    1472       2.2549
    1473       2.3390
    1474       2.4088
    1475       2.3320
    1476       2.1346
    1477       2.4506
    1478       2.3824
    1479       2.3395
    1480       2.3532
    1481       2.1364
    1482       2.0185
    1483       2.2186
    1484       2.2595
    1485       2.3613
    1486       2.4599
    1487       2.4319
    1488       2.4275
    1489       2.4826
    1490       2.5494
    1491       2.5710
    1492       2.4724
    1493       2.5933
    1494       2.8665
    1495       2.6346
    1496       2.5564
    1497       2.4888
    1498       2.5974
    1499       2.6506
    1500       2.8139
    1501       2.7033
    1502       2.6840
    1503       2.6471
    1504       2.6608
    1505       2.6371
    1506       2.5717
    1507       2.5712
    1508       2.4723
    1509       2.4306
    1510       2.3898
    1511       2.2662
    1512       2.1831
    1513       2.2405
    1514       2.2683
    1515       2.2974
    1516       2.1837
    1517       2.1341
    1518       2.0637
    1519       2.1284
    1520       2.1569
    1521       2.3066
    1522       2.3521
    1523       2.1196
    1524       2.2051
    1525       2.2536
    1526       2.2519
    1527       2.3482
    1528       2.2248
    1529       2.2063
    1530       2.2553
    1531       2.2850
    1532       2.2813
    1533       2.3342
    1534       2.3805
    1535       2.3569
    1536       2.2516
    1537       2.3095
    1538       2.4097
    1539       2.4692
    1540       2.5201
    1541       2.5050
    1542       2.5439
    1543       2.5186
    1544       2.7264
    1545       2.7014
    1546       2.5997
    1547       2.7162
    1548       2.7896
    1549       2.7273
    1550       2.5681
    1551       2.5190
    1552       2.1503
    1553       2.3800
    1554       2.4142
    1555       2.5120
    1556       2.7003
    1557       2.6998
    1558       2.6493
    1559       2.5187
    1560       2.5795
    1561       2.7806
    1562       2.6632
    1563       2.7877
    1564       2.6925
    1565       2.5454
    1566       2.8288
    1567       2.8211
    1568       2.6757
    1569       2.6181
    1570       2.5605
    1571       2.5510
    1572       2.6732
    1573       2.7593
    1574       2.7600
    1575       2.9117
    1576       3.1144
    1577       3.0079
    1578       3.0628
    1579       3.0319
    1580       2.9865
    1581       2.8680
    1582       3.0716
    1583       3.0603
    1584       2.8561
    1585       2.7122
    1586       3.0226
    1587       2.9540
    1588       2.8822
    1589       2.6547
    1590       2.7201
    1591       2.6607
    1592       2.8461
    1593       2.7762
    1594       3.0453
    1595       3.0932
    1596       3.0597
    1597       3.1466
    1598       3.2618
    1599       3.3780
    1600       3.2600
    1601       3.3383
    1602       3.3382
    1603       3.2016
    1604       3.1565
    1605       3.0789
    1606       3.2468
    1607       3.1808
    1608       3.1580
    1609       3.2303
    1610       3.2017
    1611       2.9121
    1612       2.9742
    1613       3.1815
    1614       3.0652
    1615       2.9736
    1616       2.9411
    1617       3.0098
    1618       3.0520
    1619       3.2058
    1620       2.8984
    1621       2.8458
    1622       2.9214
    1623       2.8233
    1624       2.8479
    1625       2.9192
    1626       2.7831
    1627       2.7495
    1628       2.8269
    1629       2.9094
    1630       3.0197
    1631       2.8621
    1632       3.0000
    1633       3.1115
    1634       3.0357
    1635       3.0774
    1636       3.1818
    1637       3.1752
    1638       3.3910
    1639       3.2088
    1640       3.1126
    1641       3.1177
    1642       3.0873
    1643       3.0816
    1644       3.0532
    1645       3.0168
    1646       2.8646
    1647       3.0132
    1648       3.1754
    1649       3.2939
    1650       3.0195
    1651       3.1866
    1652       3.1223
    1653       3.0929
    1654       3.2107
    1655       3.3202
    1656       3.3609
    1657       3.4667
    1658       3.3906
    1659       3.2927
    1660       3.3048
    1661       3.2134
    1662       3.2085
    1663       3.0985
    1664       3.2737
    1665       2.9876
    1666       3.3404
    1667       3.3110
    1668       3.4098
    1669       3.3278
    1670       3.2491
    1671       3.1003
    1672       3.1713
    1673       3.2774
    1674       3.1771
    1675       3.1914
    1676       3.1864
    1677       3.1867
    1678       3.2094
    1679       3.3522
    1680       3.4469
    1681       3.2589
    1682       3.1161
    1683       3.0570
    1684       3.0694
    1685       3.0141
    1686       3.0140
    1687       3.2127
    1688       3.1906
    1689       3.1766
    1690       3.1947
    1691       3.0117
    1692       3.1217
    1693       3.0737
    1694       3.2217
    1695       3.4433
    1696       3.4708
    1697       3.4762
    1698       3.2621
    1699       3.2555
    1700       3.3937
    1701       3.1049
    1702       3.1460
    1703       3.2644
    1704       3.2717
    1705       3.2237
    1706       3.0470
    1707       3.3450
    1708       3.4304
    1709       3.3615
    1710       3.4851
    1711       3.7077
    1712       3.6601
    1713       3.6969
    1714       3.8300
    1715       3.6770
    1716       3.4779
    1717       3.4880
    1718       3.4507
    1719       3.4144
    1720       3.4208
    1721       3.5434
    1722       3.6104
    1723       3.4920
    1724       3.3144
    1725       3.2837
    1726       3.3526
    1727       3.5456
    1728       3.5201
    1729       3.5706
    1730       3.6915
    1731       3.7589
    1732       3.8805
    1733       3.7642
    1734       3.7216
    1735       3.7283
    1736       3.6150
    1737       3.8206
    1738       3.9240
    1739       3.8344
    1740       3.7992
    1741       3.8609
    1742       3.9351
    1743       3.8555
    1744       3.9505
    1745       3.8746
    1746       3.8872
    1747       3.9583
    1748       3.8582
    1749       4.1649
    1750       3.9409
    1751       3.9517
    1752       3.8197
    1753       3.8073
    1754       3.9154
    1755       3.9717
    1756       3.8908
    1757       3.9780
    1758       3.8803
    1759       3.6321
    1760       3.6802
    1761       3.6885
    1762       3.7819
    1763       3.8683
    1764       3.8164
    1765       3.9592
    1766       3.7944
    1767       3.9055
    1768       3.6762
    1769       3.4255
    1770       3.3779
    1771       3.3703
    1772       3.3634
    1773       3.1923
    1774       3.2749
    1775       3.1559
    1776       2.9606
    1777       3.2548
    1778       3.3782
    1779       3.3886
    1780       3.3568
    1781       3.5153
    1782       3.3592
    1783       3.3361
    1784       3.1664
    1785       3.1140
    1786       3.1831
    1787       3.2178
    1788       3.2658
    1789       3.2787
    1790       3.3686
    1791       3.4029
    1792       3.2988
    1793       3.3130
    1794       3.5896
    1795       3.5557
    1796       3.4599
    1797       3.4092
    1798       3.3943
    1799       3.0999
    1800       3.2671
    1801       3.3004
    1802       3.4063
    1803       3.4247
    1804       3.2177
    1805       3.3479
    1806       3.6569
    1807       3.6890
    1808       3.5718
    1809       3.5212
    1810       3.8097
    1811       3.8773
    1812       3.7062
    1813       3.7438
    1814       3.9112
    1815       3.7760
    1816       4.0142
    1817       3.7395
    1818       3.9843
    1819       4.0803
    1820       4.0886
    1821       4.0326
    1822       4.2081
    1823       4.3286
    1824       4.4502
    1825       4.4204
    1826       4.3877
    1827       4.1190
    1828       4.1432
    1829       4.1717
    1830       3.9508
    1831       3.7861
    1832       3.8627
    1833       3.8443
    1834       3.4500
    1835       3.5444
    1836       3.5823
    1837       3.5960
    1838       3.4346
    1839       3.4044
    1840       3.2199
    1841       3.3926
    1842       3.3840
    1843       3.5944
    1844       3.6449
    1845       3.6995
    1846       3.4635
    1847       3.4808
    1848       3.3168
    1849       3.4659
    1850       3.4901
    1851       3.5063
    1852       3.3284
    1853       3.4166
    1854       3.4430
    1855       3.4321
    1856       3.7827
    1857       3.7119
    1858       3.8650
    1859       3.6777
    1860       3.8321
    1861       4.0181
    1862       4.0052
    1863       3.9543
    1864       4.0040
    1865       3.9510
    1866       4.0155
    1867       3.8576
    1868       3.8613
    1869       3.9622
    1870       4.0505
    1871       3.9664
    1872       3.8368
    1873       3.7749
    1874       3.7099
    1875       3.5873
    1876       3.6143
    1877       3.7339
    1878       3.7362
    1879       3.7639
    1880       3.7680
    1881       3.6793
    1882       3.8971
    1883       3.8155
    1884       3.7817
    1885       3.7486
    1886       3.8171
    1887       3.9995
    1888       3.9041
    1889       3.7648
    1890       3.7659
    1891       3.9258
    1892       3.7857
    1893       3.9282
    1894       4.0813
    1895       4.0178
    1896       4.0537
    1897       4.2990
    1898       4.1228
    1899       3.9836
    1900       4.0839
    1901       4.0087
    1902       3.7309
    1903       3.7115
    1904       3.4309
    1905       3.4188
    1906       3.4393
    1907       3.6821
    1908       3.8995
    1909       3.9230
    1910       3.6053
    1911       3.5240
    1912       3.5775
    1913       3.5353
    1914       3.7075
    1915       3.7676
    1916       3.7059
    1917       3.7925
    1918       3.7721
    1919       3.7962
    1920       3.8543
    1921       3.7053
    1922       3.8172
    1923       3.9809
    1924       3.6507
    1925       3.7150
    1926       3.5552
    1927       3.7367
    1928       3.9122
    1929       4.1519
    1930       4.4038
    1931       4.3886
    1932       4.2221
    1933       4.0516
    1934       3.6145
    1935       3.5453
    1936       3.6760
    1937       3.5765
    1938       3.6568
    1939       3.4105
    1940       3.6127
    1941       3.7746
    1942       3.6892
    1943       3.7354
    1944       3.6086
    1945       3.5268
    1946       3.5693
    1947       3.4804
    1948       3.3897
    1949       3.5213
    1950       3.5609
    1951       3.5490
    1952       3.3877
    1953       3.2815
    1954       3.3680
    1955       3.3849
    1956       3.2797
    1957       3.4745
    1958       3.4930
    1959       3.4797
    1960       3.3894
    1961       3.3169
    1962       3.3310
    1963       3.3610
    1964       3.4026
    1965       3.3786
    1966       3.1904
    1967       3.2062
    1968       3.1773
    1969       3.2705
    1970       3.2123
    1971       3.1991
    1972       3.5788
    1973       3.6007
    1974       3.3660
    1975       3.4673
    1976       3.4900
    1977       3.4952
    1978       3.3707
    1979       3.2887
    1980       3.1832
    1981       3.3572
    1982       3.3984
    1983       3.4477
    1984       3.5655
    1985       3.2387
    1986       3.2307
    1987       3.1811
    1988       3.1442
    1989       3.1318
    1990       3.2131
    1991       3.3212
    1992       3.3116
    1993       3.3455
    1994       3.4847
    1995       3.4144
    1996       3.4381
    1997       3.3527
    1998       3.3943
    1999       3.3018
    2000       3.2954
    2001       3.3053
    2002       3.4077
    2003       3.2546
    2004       3.1420
    2005       3.1478
    2006       3.2594
    2007       3.0975
    2008       3.1249
    2009       3.0961
    2010       3.2013
    2011       3.0056
    2012       2.9664
    2013       2.7316
    2014       2.8275
    2015       2.7925
    2016       3.0413
    2017       2.9501
    2018       2.7452
    2019       2.6730
    2020       2.7672
    2021       2.8339
    2022       3.1027
    2023       3.0708
    2024       3.2117
    2025       3.1009
    2026       3.6044
    2027       3.2812
    2028       3.1950
    2029       3.0597
    2030       3.0632
    2031       2.9997
    2032       3.1809
    2033       3.0504
    2034       2.8551
    2035       2.8512
    2036       2.9823
    2037       2.9787
    2038       3.0431
    2039       2.9245
    2040       3.0345
    2041       2.8889
    2042       2.9399
    2043       2.7469
    2044       2.6172
    2045       2.6731
    2046       2.5955
    2047       2.5324
    2048       2.4138
    2049       2.4342
    2050       2.4672
    2051       2.3222
    2052       2.1897
    2053       2.1893
    2054       2.1689
    2055       2.1708
    2056       2.0452
    2057       2.0922
    2058       2.2025
    2059       2.1172
    2060       2.1931
    2061       2.1035
    2062       2.2141
    2063       2.4880
    2064       2.4184
    2065       2.5285
    2066       2.3334
    2067       2.3112
    2068       2.2903
    2069       2.1868
    2070       2.3454
    2071       2.3330
    2072       2.4622
    2073       2.4026
    2074       2.4416
    2075       2.4669
    2076       2.7000
    2077       2.6348
    2078       2.8568
    2079       2.9360
    2080       3.0518
    2081       3.1268
    2082       3.3388
    2083       3.2987
    2084       3.3837
    2085       3.4892
    2086       3.3376
    2087       3.3918
    2088       3.4928
    2089       3.4363
    2090       3.3005
    2091       3.2030
    2092       3.0958
    2093       3.1011
    2094       3.0868
    2095       3.1443
    2096       3.1295
    2097       3.1522
    2098       3.1028
    2099       3.2362
    2100       3.1579
    2101       3.2600
    2102       3.1394
    2103       3.2787
    2104       3.2169
    2105       3.3518
    2106       3.3511
    2107       3.1464
    2108       3.3490
    2109       3.3113
    2110       3.3004
    2111       3.3397
    2112       3.3540
    2113       3.3938
    2114       3.2587
    2115       3.2172
    2116       3.4068
    2117       3.3065
    2118       3.3126
    2119       3.4607
    2120       3.4125
    2121       3.4174
    2122       3.3346
    2123       3.3132
    2124       3.3163
    2125       3.2721
    2126       3.3840
    2127       3.0344
    2128       3.0035
    2129       3.0225
    2130       2.9906
    2131       3.1045
    2132       3.0759
    2133       3.0335
    2134       3.0272
    2135       3.1196
    2136       3.0979
    2137       3.3266
    2138       3.2858
    2139       3.2136
    2140       3.0855
    2141       3.0762
    2142       3.0998
    2143       3.2025
    2144       3.1792
    2145       3.3521
    2146       3.6247
    2147       3.3595
    2148       3.4408
    2149       3.5050
    2150       3.2151
    2151       3.2312
    2152       3.2981
    2153       3.5580
    2154       3.5161
    2155       3.3998
    2156       3.5623
    2157       3.7117
    2158       3.6138
    2159       3.7037
    2160       3.7751
    2161       3.8135
    2162       3.4641
    2163       3.6089
    2164       3.6134
    2165       3.5119
    2166       3.3164
    2167       3.0373
    2168       2.9733
    2169       2.8486
    2170       2.9514
    2171       2.7536
    2172       2.7588
    2173       2.5907
    2174       2.6829
    2175       2.7241
    2176       2.6313
    2177       2.6505
    2178       2.8076
    2179       2.6600
    2180       2.6052
    2181       2.5588
    2182       2.5343
    2183       2.9121
    2184       3.0239
    2185       2.8988
    2186       2.8320
    2187       2.7203
    2188       2.6709
    2189       2.8751
    2190       2.7583
    2191       2.8051
    2192       2.7532
    2193       2.8834
    2194       2.7730
    2195       2.9536
    2196       2.7322
    2197       2.6095
    2198       2.4946
    2199       2.4316
    2200       2.4800
    2201       2.6275
    2202       2.5854
    2203       2.6016
    2204       2.6221
    2205       2.5569
    2206       2.7291
    2207       2.5214
    2208       2.6174
    2209       2.5803
    2210       2.6015
    2211       2.7727
    2212       2.7403
    2213       2.7688
    2214       2.7145
    2215       2.7850
    2216       2.7729
    2217       2.6658
    2218       2.7316
    2219       2.5146
    2220       2.5504
    2221       2.6087
    2222       2.5817
    2223       2.4664
    2224       2.4893
    2225       2.4840
    2226       2.5722
    2227       2.7884
    2228       2.6019
    2229       2.5442
    2230       2.5644
    2231       2.7369
    2232       2.6091
    2233       2.6543
    2234       2.8641
    2235       2.9222
    2236       2.9112
    2237       2.8884
    2238       2.7735
    2239       2.7775
    2240       2.7083
    2241       2.8550
    2242       2.9652
    2243       3.1549
    2244       3.3017
    2245       3.4478
    2246       3.5558
    2247       3.6383
    2248       3.6745
    2249       3.6910
    2250       3.8557
    2251       3.8885
    2252       4.0060
    2253       3.8240
    2254       3.8521
    2255       3.7754
    2256       3.5820
    2257       3.6521
    2258       3.6436
    2259       3.7125
    2260       3.7593
    2261       3.8157
    2262       3.8956
    2263       3.8093
    2264       3.7011
    2265       3.7206
    2266       3.5259
    2267       3.2374
    2268       3.4255
    2269       3.7899
    2270       3.9603
    2271       3.7330
    2272       3.8505
    2273       3.5908
    2274       3.4107
    2275       3.5864
    2276       3.5959
    2277       3.5611
    2278       3.6267
    2279       3.7899
    2280       3.5955
    2281       3.6550
    2282       3.7046
    2283       3.5656
    2284       3.5925
    2285       3.5338
    2286       3.2952
    2287       3.3763
    2288       3.3073
    2289       3.1814
    2290       3.1458
    2291       3.2433
    2292       3.0981
    2293       2.9654
    2294       2.9732
    2295       3.0606
    2296       2.9435
    2297       3.0613
    2298       3.3097
    2299       3.1917
    2300       3.1431
    2301       3.1721
    2302       3.1249
    2303       3.1781
    2304       3.0812
    2305       3.0301
    2306       3.0720
    2307       3.2164
    2308       3.2347
    2309       3.1348
    2310       3.2414
    2311       3.1044
    2312       2.8721
    2313       2.7406
    2314       2.6872
    2315       2.6754
    2316       3.0061
    2317       3.0221
    2318       3.0152
    2319       2.9813
    2320       2.9375
    2321       2.8081
    2322       2.8199
    2323       2.7595
    2324       2.8549
    2325       3.1066
    2326       2.9638
    2327       3.0209
    2328       2.9497
    2329       2.9429
    2330       2.9508
    2331       3.2825
    2332       3.3130
    2333       3.3886
    2334       3.2907
    2335       3.3796
    2336       3.5112
    2337       3.3588
    2338       3.4147
    2339       3.4139
    2340       3.5890
    2341       3.5582
    2342       3.3811
    2343       3.3194
    2344       3.3164
    2345       3.2866
    2346       3.2694
    2347       3.0588
    2348       3.2382
    2349       3.0164
    2350       3.2399
    2351       3.1171
    2352       3.1252
    2353       3.4019
    2354       3.4333
    2355       3.2062
    2356       3.2911
    2357       3.1983
    2358       3.3738
    2359       3.1873
    2360       3.5942
    2361       3.8991
    2362       3.7739
    2363       3.8390
    2364       3.5924
    2365       3.5433
    2366       3.4891
    2367       3.6697
    2368       3.6161
    2369       3.8201
    2370       3.8279
    2371       3.6184
    2372       3.8833
    2373       3.9434
    2374       3.9486
    2375       3.7237
    2376       3.5856
    2377       3.7424
    2378       3.7505
    2379       3.5315
    2380       3.7892
    2381       3.6704
    2382       3.5883
    2383       3.5608
    2384       3.3837
    2385       3.2761
    2386       3.4312
    2387       3.2260
    2388       3.4625
    2389       3.5914
    2390       3.6258
    2391       3.6565
    2392       3.2543
    2393       3.3342
    2394       3.3609
    2395       3.1098
    2396       3.0790
    2397       3.3420
    2398       3.3089
    2399       3.1729
    2400       3.1977
    2401       3.2543
    2402       3.5313
    2403       3.2230
    2404       2.9379
    2405       2.8034
    2406       2.9696
    2407       2.9204
    2408       2.8259
    2409       3.0978
    2410       2.7577
    2411       2.6581
    2412       2.8895
    2413       2.9617
    2414       2.7158
    2415       2.7047
    2416       2.8785
    2417       2.8500
    2418       2.8424
    2419       2.7372
    2420       2.8580
    2421       2.7569
    2422       2.6748
    2423       2.6567
    2424       2.3638
    2425       2.2712
    2426       2.2163
    2427       2.2867
    2428       2.1686
    2429       2.3473
    2430       2.2352
    2431       2.3029
    2432       2.5230
    2433       2.4500
    2434       2.5805
    2435       2.6503
    2436       2.7355
    2437       2.8170
    2438       2.7998
    2439       2.8677
    2440       2.6544
    2441       2.7570
    2442       2.7038
    2443       2.8406
    2444       2.7192
    2445       2.6695
    2446       2.5983
    2447       2.5867
    2448       2.8022
    2449       2.6783
    2450       2.4492
    2451       2.5321
    2452       2.6229
    2453       2.7504
    2454       2.8318
    2455       2.7994
    2456       2.6390
    2457       2.6359
    2458       2.6241
    2459       2.5140
    2460       2.5706
    2461       2.4416
    2462       2.6056
    2463       2.5932
    2464       2.8682
    2465       2.8218
    2466       2.7792
    2467       2.5357
    2468       2.5243
    2469       2.5617
    2470       2.5436
    2471       2.5820
    2472       2.6521
    2473       2.6200
    2474       2.6557
    2475       2.6644
    2476       2.5259
    2477       2.5531
    2478       2.3734
    2479       2.5160
    2480       2.4940
    2481       2.5061
    2482       2.5954
    2483       2.6887
    2484       2.7268
    2485       2.6556
    2486       2.9435
    2487       3.0345
    2488       3.1547
    2489       2.9876
    2490       2.8465
    2491       2.8637
    2492       2.7434
    2493       2.5465
    2494       2.4593
    2495       2.5227
    2496       2.5675
    2497       2.3722
    2498       2.4098
    2499       2.4931
    2500       2.5284
    2501       2.4759
    2502       2.7414
    2503       2.7905
    2504       2.7136
    2505       2.6512
    2506       2.7883
    2507       2.7689
    2508       2.6477
    2509       2.9580
    2510       2.8621
    2511       2.9735
    2512       3.0379
    2513       3.0957
    2514       3.3245
    2515       3.2527
    2516       3.3188
    2517       3.2938
    2518       3.5919
    2519       3.5982
    2520       3.6662
    2521       3.5870
    2522       3.3275
    2523       3.2213
    2524       3.2122
    2525       3.0851
    2526       2.9912
    2527       2.8452
    2528       2.8958
    2529       2.8757
    2530       2.9138
    2531       3.0777
    2532       2.9874
    2533       2.9924
    2534       2.9276
    2535       3.0196
    2536       3.2074
    2537       3.0080
    2538       3.0250
    2539       2.9830
    2540       3.0557
    2541       3.1408
    2542       3.1288
    2543       3.1687
    2544       3.1397
    2545       3.1433
    2546       3.1692
    2547       3.1013
    2548       3.2276
    2549       3.1782
    2550       3.2359
    2551       3.0277
    2552       3.0708
    2553       3.1935
    2554       3.0275
    2555       2.9869
    2556       2.6366
    2557       2.7748
    2558       2.7249
    2559       2.9172
    2560       2.8176
    2561       2.6117
    2562       2.5505
    2563       2.4981
    2564       2.5011
    2565       2.4640
    2566       2.5777
    2567       2.6685
    2568       2.7759
    2569       2.8242
    2570       2.8851
    2571       2.9718
    2572       2.9292
    2573       2.9455
    2574       3.0113
    2575       2.7756
    2576       2.6884
    2577       2.6731
    2578       2.7709
    2579       2.6871
    2580       2.7550
    2581       2.6550
    2582       2.5779
    2583       2.4895
    2584       2.8251
    2585       2.7774
    2586       2.7113
    2587       2.8146
    2588       2.5242
    2589       2.3622
    2590       2.1861
    2591       2.2164
    2592       2.3416
    2593       2.6369
    2594       2.5294
    2595       2.5103
    2596       2.5729
    2597       2.7735
    2598       2.8700
    2599       2.8590
    2600       3.0195
    2601       3.0383
    2602       2.9863
    2603       2.9747
    2604       2.9616
    2605       3.0108
    2606       2.9322
    2607       3.2388
    2608       3.0504
    2609       3.2914
    2610       3.4123
    2611       3.2193
    2612       3.3178
    2613       3.5405
    2614       3.5512
    2615       3.5624
    2616       3.5771
    2617       3.4919
    2618       3.7481
    2619       3.6638
    2620       3.6651
    2621       3.8144
    2622       3.6312
    2623       3.2878
    2624       3.4282
    2625       3.6500
    2626       3.6829
    2627       3.5782
    2628       3.7011
    2629       3.4259
    2630       3.5510
    2631       3.6248
    2632       3.7754
    2633       3.4815
    2634       3.3966
    2635       3.5224
    2636       3.6260
    2637       3.6268
    2638       3.3369
    2639       3.4523
    2640       3.6258
    2641       3.8731
    2642       3.8609
    2643       3.7912
    2644       3.6652
    2645       3.7466
    2646       3.7575
    2647       3.7509
    2648       3.8067
    2649       3.7732
    2650       3.6913
    2651       3.9021
    2652       3.6542
    2653       3.7549
    2654       3.7597
    2655       3.8015
    2656       3.9692
    2657       4.0747
    2658       3.8566
    2659       3.8124
    2660       3.7013
    2661       3.7824
    2662       3.9507
    2663       3.8681
    2664       3.7256
    2665       3.7272
    2666       3.5906
    2667       3.7490
    2668       3.8912
    2669       4.0452
    2670       3.8907
    2671       3.9240
    2672       4.0425
    2673       4.0254
    2674       3.9561
    2675       3.8481
    2676       3.7407
    2677       3.7523
    2678       3.5350
    2679       3.5877
    2680       3.5549
    2681       3.7124
    2682       3.7503
    2683       3.6615
    2684       3.7685
    2685       3.7866
    2686       3.5821
    2687       3.5955
    2688       3.6138
    2689       3.5837
    2690       3.5324
    2691       3.5767
    2692       3.4313
    2693       3.3981
    2694       3.3871
    2695       3.5374
    2696       3.4144
    2697       3.2617
    2698       3.4775
    2699       3.4662
    2700       3.6680
    2701       3.6214
    2702       3.7083
    2703       3.7331
    2704       3.5159
    2705       3.4902
    2706       3.2095
    2707       3.3098
    2708       3.1488
    2709       3.3266
    2710       3.3655
    2711       3.3087
    2712       3.5349
    2713       3.3499
    2714       3.2708
    2715       3.3744
    2716       3.4127
    2717       3.3197
    2718       3.4066
    2719       3.4148
    2720       3.5281
    2721       3.4853
    2722       3.5008
    2723       3.3783
    2724       3.6272
    2725       3.4718
    2726       3.3216
    2727       3.5069
    2728       3.5771
    2729       3.6647
    2730       3.5608
    2731       3.4393
    2732       3.2483
    2733       3.3565
    2734       3.0431
    2735       2.9701
    2736       2.9597
    2737       2.9342
    2738       3.2652
    2739       3.3527
    2740       3.4192
    2741       3.2747
    2742       3.4127
    2743       3.1955
    2744       3.2694
    2745       3.1628
    2746       3.1418
    2747       2.9916
    2748       3.0660
    2749       3.3074
    2750       3.1240
    2751       3.1315
    2752       2.8630
    2753       2.8608
    2754       2.7756
    2755       2.8776
    2756       2.7530
    2757       2.8304
    2758       2.9431
    2759       3.1202
    2760       3.0998
    2761       3.0986
    2762       3.1786
    2763       3.2806
    2764       3.3068
    2765       2.9316
    2766       3.0010
    2767       2.8784
    2768       2.7592
    2769       2.8364
    2770       2.9920
    2771       2.9518
    2772       2.8261
    2773       2.8949
    2774       2.9687
    2775       2.8746
    2776       2.9189
    2777       2.8648
    2778       2.8580
    2779       2.8537
    2780       2.8626
    2781       2.9048
    2782       2.9644
    2783       3.0661
    2784       3.1502
    2785       3.2372
    2786       3.1598
    2787       2.9867
    2788       3.0265
    2789       3.1479
    2790       3.0486
    2791       2.9670
    2792       2.9390
    2793       3.1041
    2794       3.1796
    2795       3.3021
    2796       3.3436
    2797       3.2673
    2798       3.3485
    2799       3.2545
    2800       2.9518
    2801       2.9976
    2802       3.1333
    2803       3.1127
    2804       3.2299
    2805       3.1432
    2806       3.1312
    2807       3.1155
    2808       3.1701
    2809       3.2299
    2810       3.2592
    2811       3.2144
    2812       3.1613
    2813       3.1823
    2814       3.2477
    2815       3.1031
    2816       3.2712
    2817       2.9966
    2818       3.1778
    2819       3.2170
    2820       2.9260
    2821       3.0081
    2822       2.9330
    2823       3.0544
    2824       2.9203
    2825       3.0253
    2826       3.3227
    2827       3.1845
    2828       3.3591
    2829       3.3089
    2830       3.2774
    2831       3.0405
    2832       3.3041
    2833       3.2126
    2834       3.1778
    2835       3.1345
    2836       2.9455
    2837       2.6030
    2838       2.7581
    2839       3.0213
    2840       2.9696
    2841       2.6974
    2842       2.6943
    2843       2.9147
    2844       2.9617
    2845       2.7640
    2846       2.8070
    2847       2.7510
    2848       2.8458
    2849       2.8950
    2850       3.0125
    2851       2.9007
    2852       2.9260
    2853       2.8268
    2854       2.7584
    2855       3.0465
    2856       2.8246
    2857       3.0412
    2858       2.9857
    2859       3.1394
    2860       2.7791
    2861       2.8099
    2862       2.9873
    2863       2.7491
    2864       2.8083
    2865       2.7361
    2866       2.8813
    2867       2.9084
    2868       2.7612
    2869       3.0710
    2870       2.9233
    2871       2.9212
    2872       2.9938
    2873       3.0430
    2874       3.0105
    2875       3.0912
    2876       2.9195
    2877       2.8649
    2878       3.0161
    2879       3.0222
    2880       2.9385
    2881       2.8535
    2882       2.8597
    2883       3.0080
    2884       2.9356
    2885       3.0077
    2886       2.8570
    2887       3.0473
    2888       2.9774
    2889       3.0375
    2890       3.0157
    2891       2.8855
    2892       2.8824
    2893       2.8745
    2894       3.0240
    2895       2.9638
    2896       2.8995
    2897       2.8656
    2898       2.8655
    2899       2.7039
    2900       2.7813
    2901       2.6405
    2902       2.6779
    2903       2.5755
    2904       2.6961
    2905       2.6448
    2906       2.9627
    2907       2.7707
    2908       2.8735
    2909       3.0064
    2910       2.9270
    2911       2.8505
    2912       2.9417
    2913       2.8368
    2914       2.9617
    2915       2.8701
    2916       2.8736
    2917       2.7032
    2918       2.6278
    2919       2.7922
    2920       2.7781
    2921       2.9478
    2922       2.9314
    2923       2.8053
    2924       2.8399
    2925       2.8241
    2926       2.7398
    2927       2.8445
    2928       2.9118
    2929       3.1094
    2930       2.9442
    2931       3.0337
    2932       3.0083
    2933       3.0025
    2934       2.7556
    2935       2.9364
    2936       3.0456
    2937       3.0715
    2938       3.1747
    2939       3.0578
    2940       3.0248
    2941       3.0963
    2942       2.9605
    2943       2.9575
    2944       2.9793
    2945       2.9388
    2946       2.9394
    2947       3.1269
    2948       3.1686
    2949       3.0039
    2950       3.3497
    2951       3.1900
    2952       3.2915
    2953       3.2995
    2954       3.2487
    2955       3.4466
    2956       3.1968
    2957       3.1734
    2958       3.2017
    2959       3.0598
    2960       3.0853
    2961       3.0802
    2962       3.1511
    2963       3.1336
    2964       3.1840
    2965       3.0668
    2966       3.0979
    2967       2.9630
    2968       2.9880
    2969       2.9756
    2970       3.0346
    2971       3.1455
    2972       3.1615
    2973       3.0183
    2974       3.1336
    2975       3.2440
    2976       3.0872
    2977       3.2031
    2978       3.1364
    2979       3.2362
    2980       3.1777
    2981       3.1618
    2982       3.0775
    2983       3.2210
    2984       3.1780
    2985       3.2203
    2986       3.1605
    2987       3.3972
    2988       3.3301
    2989       3.3138
    2990       3.1490
    2991       3.2750
    2992       3.4776
    2993       3.3847
    2994       3.3395
    2995       3.1740
    2996       3.0974
    2997       3.1561
    2998       3.3879
    2999       3.2850
    3000       3.2750
    3001       3.2437
    3002       3.2130
    3003       3.2911
    3004       3.3596
    3005       3.3332
    3006       3.3357
    3007       3.2238
    3008       3.4669
    3009       3.2474
    3010       3.2080
    3011       3.2700
    3012       3.5623
    3013       3.4833
    3014       3.7529
    3015       3.8102
    3016       3.8479
    3017       3.7519
    3018       3.8064
    3019       3.7327
    3020       3.6531
    3021       3.5675
    3022       3.6140
    3023       3.6369
    3024       3.7562
    3025       3.7928
    3026       3.5032
    3027       3.5935
    3028       3.5337
    3029       3.5996
    3030       3.5844
    3031       3.5920
    3032       3.5074
    3033       3.6067
    3034       3.6237
    3035       3.4847
    3036       3.4980
    3037       3.3713
    3038       3.3771
    3039       3.4360
    3040       3.5144
    3041       3.5630
    3042       3.7168
    3043       3.7720
    3044       3.5716
    3045       3.7430
    3046       3.8493
    3047       3.8291
    3048       3.5946
    3049       3.6392
    3050       3.4652
    3051       3.7711
    3052       3.7682
    3053       3.5933
    3054       3.6668
    3055       3.6787
    3056       3.6278
    3057       3.8622
    3058       3.5118
    3059       3.3529
    3060       3.2468
    3061       3.3661
    3062       3.3902
    3063       3.4775
    3064       3.4920
    3065       3.1268
    3066       3.1595
    3067       3.1643
    3068       3.2175
    3069       3.3335
    3070       3.2777
    3071       3.1117
    3072       3.1387
    3073       3.3341
    3074       3.5595
    3075       3.6296
    3076       3.7459
    3077       3.4914
    3078       3.7005
    3079       3.6058
    3080       3.5852
    3081       3.5153
    3082       3.3647
    3083       3.2752
    3084       3.4525
    3085       3.5842
    3086       3.6921
    3087       3.8154
    3088       3.6409
    3089       3.4638
    3090       3.2951
    3091       3.3165
    3092       3.2500
    3093       3.2883
    3094       3.2337
    3095       3.2392
    3096       3.0840
    3097       3.1407
    3098       3.0418
    3099       3.1231
    3100       3.1991
    3101       3.1709
    3102       3.1718
    3103       2.9970
    3104       3.2184
    3105       3.2013
    3106       3.0258
    3107       3.1498
    3108       2.7968
    3109       3.0087
    3110       3.0853
    3111       2.9644
    3112       3.1135
    3113       3.2891
    3114       3.3447
    3115       3.2729
    3116       3.1814
    3117       3.3941
    3118       3.3692
    3119       3.5289
    3120       3.4986
    3121       3.6747
    3122       3.6750
    3123       3.6319
    3124       3.7574
    3125       3.6563
    3126       3.5360
    3127       3.4128
    3128       3.4632
    3129       3.4094
    3130       3.5215
    3131       3.3459
    3132       3.2193
    3133       3.3900
    3134       3.3047
    3135       3.1831
    3136       3.2528
    3137       3.3253
    3138       3.3228
    3139       3.4036
    3140       3.3745
    3141       3.4378
    3142       3.5757
    3143       3.5443
    3144       3.5760
    3145       3.2348
    3146       3.0809
    3147       3.1494
    3148       3.2939
    3149       3.2698
    3150       3.3559
    3151       3.2278
    3152       3.0624
    3153       3.1011
    3154       3.1510
    3155       3.0319
    3156       3.1470
    3157       2.9383
    3158       3.0144
    3159       3.2035
    3160       3.1617
    3161       3.1970
    3162       3.3130
    3163       3.2582
    3164       3.3690
    3165       3.3228
    3166       3.1740
    3167       3.0542
    3168       2.9445
    3169       2.7013
    3170       2.7152
    3171       2.6376
    3172       2.6139
    3173       2.6841
    3174       2.7425
    3175       2.8431
    3176       2.7252
    3177       2.7053
    3178       2.5508
    3179       2.6243
    3180       2.5060
    3181       2.5498
    3182       2.5877
    3183       2.6791
    3184       2.5668
    3185       2.5005
    3186       2.8108
    3187       2.6627
    3188       2.6805
    3189       2.7166
    3190       2.9476
    3191       2.9007
    3192       2.8441
    3193       3.1598
    3194       3.0487
    3195       3.0924
    3196       3.1594
    3197       3.1557
    3198       3.1166
    3199       3.0449
    3200       3.0571
    3201       2.9971
    3202       3.0105
    3203       3.3009
    3204       3.0708
    3205       3.2585
    3206       3.3358
    3207       3.2757
    3208       3.2370
    3209       3.2017
    3210       3.0827
    3211       3.0873
    3212       3.0838
    3213       2.9663
    3214       2.7554
    3215       3.0605
    3216       3.0805
    3217       2.9769
    3218       3.1892
    3219       3.2155
    3220       3.2541
    3221       3.3499
    3222       3.2238
    3223       3.0546
    3224       3.1578
    3225       3.0767
    3226       3.0462
    3227       3.0914
    3228       3.1133
    3229       3.2013
    3230       3.3592
    3231       3.1676
    3232       3.0618
    3233       3.1229
    3234       3.2900
    3235       3.4061
    3236       3.2729
    3237       3.2073
    3238       3.1064
    3239       3.1880
    3240       3.1972
    3241       3.2369
    3242       3.2925
    3243       3.3050
    3244       3.4549
    3245       3.4649
    3246       3.3576
    3247       3.1518
    3248       3.3308
    3249       3.3069
    3250       3.2302
    3251       3.4000
    3252       3.1493
    3253       3.1133
    3254       3.2810
    3255       3.4162
    3256       3.3840
    3257       3.1890
    3258       3.1691
    3259       3.2705
    3260       3.2433
    3261       3.0267
    3262       2.8497
    3263       3.0106
    3264       3.0279
    3265       2.7771
    3266       2.7805
    3267       2.5973
    3268       2.5188
    3269       2.6692
    3270       2.7355
    3271       2.7071
    3272       2.8516
    3273       2.6866
    3274       2.6626
    3275       2.5489
    3276       2.6616
    3277       2.7149
    3278       2.5592
    3279       2.5853
    3280       2.5043
    3281       2.5637
    3282       2.3707
    3283       2.1161
    3284       2.2032
    3285       2.2724
    3286       2.3010
    3287       2.4716
    3288       2.5441
    3289       2.6753
    3290       2.6745
    3291       2.5731
    3292       2.2613
    3293       2.5454
    3294       2.5383
    3295       2.6444
    3296       2.7759
    3297       2.6378
    3298       2.7483
    3299       2.7676
    3300       2.8140
    3301       2.8333
    3302       2.9649
    3303       2.9861
    3304       2.8996
    3305       2.9529
    3306       2.9327
    3307       2.9067
    3308       3.1209
    3309       3.2522
    3310       3.2524
    3311       3.3203
    3312       3.3244
    3313       3.5559
    3314       3.6152
    3315       3.5337
    3316       3.3703
    3317       3.2358
    3318       3.2216
    3319       3.0293
    3320       3.2295
    3321       2.9552
    3322       2.8737
    3323       3.0002
    3324       3.0947
    3325       2.9260
    3326       3.2754
    3327       3.2929
    3328       3.3557
    3329       3.2845
    3330       3.1889
    3331       3.3294
    3332       3.1240
    3333       3.0551
    3334       3.1413
    3335       3.0343
    3336       3.0612
    3337       3.2106
    3338       3.2947
    3339       3.3586
    3340       3.0683
    3341       3.0221
    3342       3.0399
    3343       2.8649
    3344       2.8351
    3345       2.9644
    3346       3.1469
    3347       2.9754
    3348       2.9452
    3349       2.8790
    3350       2.8113
    3351       2.8583
    3352       3.1146
    3353       3.0818
    3354       2.8150
    3355       2.8816
    3356       3.1169
    3357       3.0098
    3358       2.8142
    3359       2.9980
    3360       3.0266
    3361       2.8472
    3362       3.1389
    3363       3.1020
    3364       3.1898
    3365       3.1295
    3366       3.3695
    3367       3.4378
    3368       3.4015
    3369       3.2273
    3370       3.1991
    3371       3.2217
    3372       3.2595
    3373       3.1697
    3374       2.9947
    3375       3.0313
    3376       3.0373
    3377       3.0863
    3378       3.1102
    3379       2.9586
    3380       3.1748
    3381       3.1676
    3382       3.1635
    3383       3.2068
    3384       3.0252
    3385       3.0396
    3386       3.0567
    3387       3.0641
    3388       3.0706
    3389       2.9996
    3390       3.1669
    3391       3.1217
    3392       3.2014
    3393       3.2575
    3394       3.0665
    3395       3.0716
    3396       2.9594
    3397       2.8433
    3398       2.9794
    3399       3.0593
    3400       3.1913
    3401       3.2320
    3402       3.2623
    3403       3.2676
    3404       3.1749
    3405       3.4007
    3406       3.4112
    3407       3.6233
    3408       3.5877
    3409       3.6406
    3410       3.4000
    3411       3.4080
    3412       3.6645
    3413       3.5814
    3414       3.4994
    3415       3.5700
    3416       3.4845
    3417       3.4931
    3418       3.5791
    3419       3.6198
    3420       3.4209
    3421       3.4927
    3422       3.4211
    3423       3.2791
    3424       3.3261
    3425       3.3834
    3426       3.1795
    3427       3.3416
    3428       3.5990
    3429       3.5448
    3430       3.5216
    3431       3.3240
    3432       3.4143
    3433       3.5541
    3434       3.3352
    3435       3.3472
    3436       3.2647
    3437       3.2593
    3438       3.4194
    3439       3.3947
    3440       3.2153
    3441       3.3202
    3442       3.2414
    3443       3.4417
    3444       3.3193
    3445       3.3359
    3446       3.3663
    3447       3.3916
    3448       3.3299
    3449       3.6422
    3450       3.5176
    3451       3.4209
    3452       3.4267
    3453       3.2832
    3454       3.5536
    3455       3.3757
    3456       3.0271
    3457       3.0782
    3458       3.0202
    3459       3.1967
    3460       3.1292
    3461       3.2974
    3462       3.2216
    3463       3.2989
    3464       3.0455
    3465       3.0306
    3466       3.0306
    3467       3.0774
    3468       3.1402
    3469       3.2661
    3470       3.3097
    3471       3.3319
    3472       3.2653
    3473       3.2801
    3474       3.2192
    3475       3.4266
    3476       3.3099
    3477       3.4368
    3478       3.3775
    3479       3.4384
    3480       3.4382
    3481       3.3366
    3482       3.3950
    3483       3.3374
    3484       3.2447
    3485       3.1090
    3486       3.2724
    3487       3.1318
    3488       3.0200
    3489       3.2294
    3490       3.2682
    3491       3.0997
    3492       3.2158
    3493       3.4742
    3494       3.6546
    3495       3.6474
    3496       3.6988
    3497       3.5216
    3498       3.6276
    3499       3.6338
    3500       3.8173
    3501       3.7835
    3502       3.8326
    3503       3.8417
    3504       3.7404
    3505       3.8070
    3506       3.8856
    3507       3.8606
    3508       3.7888
    3509       3.6422
    3510       3.5652
    3511       3.6990
    3512       3.4484
    3513       3.5513
    3514       3.6024
    3515       3.7262
    3516       3.4051
    3517       3.3755
    3518       3.2498
    3519       3.3377
    3520       2.9904
    3521       2.9827
    3522       3.1977
    3523       3.1592
    3524       3.4287
    3525       3.6090
    3526       3.4581
    3527       3.5150
    3528       3.5413
    3529       3.5146
    3530       3.4536
    3531       3.3357
    3532       3.2727
    3533       3.1645
    3534       3.1416
    3535       3.2882
    3536       3.3438
    3537       3.4161
    3538       3.6423
    3539       3.4659
    3540       3.5389
    3541       3.4125
    3542       3.4278
    3543       3.4952
    3544       3.3743
    3545       3.3906
    3546       3.2643
    3547       3.3072
    3548       3.2945
    3549       3.4258
    3550       3.2685
    3551       3.0674
    3552       3.2438
    3553       2.9471
    3554       3.0775
    3555       2.9845
    3556       2.8093
    3557       2.7589
    3558       2.8095
    3559       3.1737
    3560       3.0942
    3561       3.2075
    3562       3.4481
    3563       3.5358
    3564       3.5281
    3565       3.4875
    3566       3.4362
    3567       3.5671
    3568       3.3981
    3569       3.3259
    3570       3.2708
    3571       3.3844
    3572       3.2326
    3573       3.2908
    3574       3.2581
    3575       3.0768
    3576       3.1553
    3577       3.2196
    3578       3.2086
    3579       3.1668
    3580       3.2580
    3581       3.1338
    3582       3.0280
    3583       3.3184
    3584       3.3417
    3585       3.2066
    3586       3.2252
    3587       3.0704
    3588       3.1659
    3589       3.2556
    3590       3.2516
    3591       3.1744
    3592       3.1326
    3593       3.3457
    3594       3.1936
    3595       3.1457
    3596       3.0555
    3597       3.2502
    3598       3.2025
    3599       3.0352
    3600       3.1243
    3601       2.9627
    3602       3.0308
    3603       3.2121
    3604       3.2812
    3605       3.2163
    3606       3.1611
    3607       3.2922
    3608       3.2690
    3609       3.4754
    3610       3.3060
    3611       3.2324
    3612       3.2318
    3613       3.1003
    3614       3.0247
    3615       3.1614
    3616       3.3088
    3617       3.2232
    3618       3.3398
    3619       3.5490
    3620       3.5589
    3621       3.4835
    3622       3.2697
    3623       3.2629
    3624       3.2613
    3625       3.3298
    3626       3.6692
    3627       3.7006
    3628       3.6984
    3629       3.7107
    3630       3.8505
    3631       3.7177
    3632       3.6839
    3633       3.6681
    3634       3.7577
    3635       3.7025
    3636       3.6816
    3637       3.5274
    3638       3.5748
    3639       3.8131
    3640       3.6404
    3641       3.6287
    3642       3.8223
    3643       3.7318
    3644       3.6580
    3645       3.7373
    3646       3.5786
    3647       3.5717
    3648       3.6034
    3649       3.4363
    3650       3.4297
    3651       3.5501
    3652       3.6735
    3653       3.6963
    3654       3.7299
    3655       3.9310
    3656       3.6900
    3657       3.5451
    3658       3.5270
    3659       3.3461
    3660       3.3460
    3661       3.2972
    3662       3.3037
    3663       3.2285
    3664       3.2756
    3665       3.1908
    3666       3.2279
    3667       3.1571
    3668       3.6225
    3669       3.4566
    3670       3.5819
    3671       3.5754
    3672       3.6498
    3673       3.5241
    3674       3.5293
    3675       3.5944
    3676       3.4846
    3677       3.6096
    3678       3.5777
    3679       3.4538
    3680       3.5079
    3681       3.4828
    3682       3.3349
    3683       3.1517
    3684       3.2505
    3685       3.2066
    3686       3.0797
    3687       3.1472
    3688       3.2278
    3689       3.4793
    3690       3.3442
    3691       3.2235
    3692       3.0772
    3693       3.0801
    3694       3.2980
    3695       3.1833
    3696       2.9904
    3697       3.2208
    3698       3.3005
    3699       3.0610
    3700       2.9897
    3701       3.1510
    3702       3.3506
    3703       3.3877
    3704       3.3137
    3705       3.3474
    3706       3.3416
    3707       3.4058
    3708       3.4911
    3709       3.4291
    3710       3.4701
    3711       3.2307
    3712       3.3395
    3713       3.4150
    3714       3.4353
    3715       3.1759
    3716       3.2653
    3717       3.1724
    3718       3.1187
    3719       3.2019
    3720       3.2810
    3721       3.1705
    3722       3.1926
    3723       3.1622
    3724       3.0765
    3725       3.0052
    3726       2.8182
    3727       3.0465
    3728       3.0943
    3729       3.0282
    3730       2.8828
    3731       2.8126
    3732       2.8379
    3733       2.7633
    3734       2.8225
    3735       2.8437
    3736       2.7902
    3737       3.0620
    3738       3.1146
    3739       3.2486
    3740       3.2476
    3741       3.1571
    3742       3.0304
    3743       2.9089
    3744       2.9430
    3745       3.0210
    3746       2.8810
    3747       3.0846
    3748       3.0018
    3749       3.1306
    3750       2.9751
    3751       2.8184
    3752       2.8595
    3753       3.0044
    3754       2.8668
    3755       2.9253
    3756       3.0203
    3757       2.9895
    3758       2.8936
    3759       3.0892
    3760       3.1343
    3761       2.9141
    3762       2.8147
    3763       2.9295
    3764       2.8625
    3765       2.8886
    3766       3.0531
    3767       2.9985
    3768       3.1701
    3769       3.2553
    3770       3.1463
    3771       3.1945
    3772       3.2895
    3773       3.4280
    3774       3.1359
    3775       3.0210
    3776       2.9936
    3777       3.0875
    3778       3.1142
    3779       2.9707
    3780       3.0565
    3781       3.2075
    3782       2.9007
    3783       2.9622
    3784       2.8040
    3785       2.7989
    3786       2.9746
    3787       2.9261
    3788       2.9286
    3789       3.0701
    3790       3.0236
    3791       2.9300
    3792       3.0471
    3793       3.0559
    3794       3.1768
    3795       3.2802
    3796       3.2305
    3797       3.2811
    3798       3.2422
    3799       3.1575
    3800       3.3695
    3801       3.4345
    3802       3.2949
    3803       3.5101
    3804       3.4415
    3805       3.2345
    3806       3.1493
    3807       3.1689
    3808       3.2136
    3809       3.2644
    3810       3.1556
    3811       3.0459
    3812       3.0913
    3813       3.1249
    3814       2.9947
    3815       3.0846
    3816       3.2801
    3817       3.3824
    3818       3.2473
    3819       3.2126
    3820       3.1508
    3821       3.0959
    3822       3.2129
    3823       3.1985
    3824       3.1651
    3825       3.0079
    3826       3.3093
    3827       3.0927
    3828       3.0590
    3829       3.1559
    3830       2.9176
    3831       2.8626
    3832       2.8944
    3833       2.8960
    3834       2.8318
    3835       2.9559
    3836       2.9976
    3837       3.1247
    3838       3.0286
    3839       2.9662
    3840       3.0538
    3841       3.0479
    3842       3.0188
    3843       3.1845
    3844       3.2569
    3845       3.2092
    3846       3.2875
    3847       3.5875
    3848       3.4750
    3849       3.5021
    3850       3.4447
    3851       3.6321
    3852       3.7696
    3853       3.4649
    3854       3.6159
    3855       3.4465
    3856       3.6546
    3857       3.5622
    3858       3.4338
    3859       3.5476
    3860       3.5600
    3861       3.5492
    3862       3.6134
    3863       3.6904
    3864       3.4799
    3865       3.5131
    3866       3.8569
    3867       3.7832
    3868       3.7136
    3869       3.7244
    3870       3.8314
    3871       3.4516
    3872       3.5268
    3873       3.5257
    3874       3.4759
    3875       3.6165
    3876       3.4469
    3877       3.4612
    3878       3.4624
    3879       3.3741
    3880       3.5073
    3881       3.4803
    3882       3.3485
    3883       3.3553
    3884       3.4444
    3885       3.4974
    3886       3.5313
    3887       3.2627
    3888       3.2612
    3889       3.4498
    3890       3.2156
    3891       3.3919
    3892       3.4531
    3893       3.5778
    3894       3.7209
    3895       3.5852
    3896       3.3818
    3897       3.3392
    3898       3.1518
    3899       3.3898
    3900       3.1367
    3901       3.0409
    3902       3.1828
    3903       3.1623
    3904       3.1810
    3905       3.1946
    3906       3.1402
    3907       3.3264
    3908       3.3678
    3909       3.5065
    3910       3.6065
    3911       3.5254
    3912       3.5724
    3913       3.5247
    3914       3.7295
    3915       3.8059
    3916       3.7108
    3917       3.6669
    3918       3.4602
    3919       3.4265
    3920       3.4694
    3921       3.5258
    3922       3.8489
    3923       3.6586
    3924       3.6235
    3925       3.6436
    3926       3.6154
    3927       3.4303
    3928       3.6147
    3929       3.6002
    3930       3.3388
    3931       3.3908
    3932       3.3236
    3933       3.3766
    3934       3.2715
    3935       3.3461
    3936       3.4125
    3937       3.3905
    3938       3.4399
    3939       3.0705
    3940       3.1727
    3941       3.2184
    3942       3.0180
    3943       3.1281
    3944       3.0966
    3945       3.1001
    3946       3.0165
    3947       3.1143
    3948       3.1991
    3949       3.0931
    3950       2.9407
    3951       2.8512
    3952       2.7691
    3953       2.7479
    3954       2.6164
    3955       2.7108
    3956       2.9113
    3957       2.7206
    3958       2.7251
    3959       2.8067
    3960       2.7802
    3961       2.8256
    3962       2.5258
    3963       2.5340
    3964       2.6781
    3965       2.4676
    3966       2.6434
    3967       2.6685
    3968       2.6070
    3969       2.6362
    3970       2.7549
    3971       2.9099
    3972       2.8057
    3973       2.8488
    3974       2.7423
    3975       2.7556
    3976       2.6615
    3977       2.7046
    3978       2.8142
    3979       2.6852
    3980       2.7284
    3981       2.8250
    3982       2.6742
    3983       2.5694
    3984       2.6166
    3985       2.6567
    3986       2.8245
    3987       2.7871
    3988       2.6543
    3989       2.8177
    3990       2.5687
    3991       2.6116
    3992       2.6662
    3993       2.6581
    3994       2.8241
    3995       2.7348
    3996       2.7877
    3997       2.7517
    3998       2.8473
    3999       2.7384
    4000       2.8250
    4001       2.6664
    4002       2.6538
    4003       2.7279
    4004       2.5943
    4005       2.6996
    4006       2.7661
    4007       2.6351
    4008       2.6186
    4009       2.8463
    4010       2.8817
    4011       2.7684
    4012       2.4101
    4013       2.6700
    4014       2.6941
    4015       2.6557
    4016       2.4881
    4017       2.7426
    4018       2.7159
    4019       2.6542
    4020       2.6867
    4021       2.5847
    4022       2.6063
    4023       2.5267
    4024       2.5530
    4025       2.4172
    4026       2.4544
    4027       2.4777
    4028       2.4777
    4029       2.5988
    4030       2.8062
    4031       2.8547
    4032       2.9184
    4033       2.9910
    4034       2.7995
    4035       2.8163
    4036       2.7192
    4037       2.7819
    4038       2.7202
    4039       2.8087
    4040       2.9171
    4041       3.1072
    4042       3.0851
    4043       3.0872
    4044       3.0311
    4045       2.9340
    4046       2.8022
    4047       2.7423
    4048       2.7548
    4049       2.7373
    4050       2.7663
    4051       2.6004
    4052       2.5958
    4053       2.6768
    4054       2.6857
    4055       2.7016
    4056       2.6375
    4057       2.6784
    4058       2.8387
    4059       2.7825
    4060       2.8444
    4061       2.9093
    4062       2.9979
    4063       3.1694
    4064       3.2140
    4065       3.1736
    4066       3.2728
    4067       3.3872
    4068       3.3995
    4069       3.4040
    4070       3.2691
    4071       3.2237
    4072       3.1325
    4073       3.0309
    4074       3.0577
    4075       3.0403
    4076       2.9952
    4077       3.0434
    4078       3.2523
    4079       2.9912
    4080       3.1415
    4081       3.1066
    4082       3.2689
    4083       3.2257
    4084       2.9716
    4085       3.0351
    4086       2.9626
    4087       2.9271
    4088       3.1849
    4089       3.0384
    4090       3.1377
    4091       2.9808
    4092       3.0334
    4093       3.1020
    4094       3.1316
    4095       2.8445
    4096       3.0994
    4097       3.0685
    4098       3.0371
    4099       2.9770
    4100       2.8583
    4101       2.8275
    4102       2.8753
    4103       2.7824
    4104       2.8413
    4105       2.7498
    4106       2.7596
    4107       2.9286
    4108       2.6265
    4109       2.6105
    4110       2.7228
    4111       2.7041
    4112       2.7752
    4113       2.6821
    4114       2.5620
    4115       2.5604
    4116       2.8971
    4117       2.9208
    4118       2.9090
    4119       2.8335
    4120       2.7242
    4121       2.6261
    4122       2.6339
    4123       2.6339
    4124       2.4955
    4125       2.4975
    4126       2.5550
    4127       2.4037
    4128       2.5560
    4129       2.6272
    4130       2.6836
    4131       2.9056
    4132       3.0348
    4133       2.9963
    4134       2.8238
    4135       3.0127
    4136       2.9372
    4137       2.8604
    4138       2.7848
    4139       2.7775
    4140       2.7949
    4141       2.6355
    4142       2.6640
    4143       2.6216
    4144       2.5636
    4145       2.7449
    4146       2.9236
    4147       2.9148
    4148       2.8322
    4149       2.8899
    4150       2.8401
    4151       2.7485
    4152       2.6701
    4153       2.6492
    4154       2.5273
    4155       2.5092
    4156       2.6854
    4157       2.8430
    4158       2.7282
    4159       2.6392
    4160       2.4948
    4161       2.4657
    4162       2.5461
    4163       2.4890
    4164       2.6448
    4165       2.5123
    4166       2.4627
    4167       2.5896
    4168       2.5147
    4169       2.2990
    4170       2.5094
    4171       2.6674
    4172       2.6712
    4173       2.6733
    4174       2.7501
    4175       2.8925
    4176       3.1354
    4177       3.2416
    4178       3.3089
    4179       3.2935
    4180       3.1906
    4181       3.2161
    4182       2.9836
    4183       3.0246
    4184       3.0532
    4185       2.8373
    4186       2.8394
    4187       2.8071
    4188       2.5957
    4189       2.3304
    4190       2.3073
    4191       2.1982
    4192       2.3143
    4193       2.3308
    4194       2.2168
    4195       2.3361
    4196       2.4024
    4197       2.2886
    4198       2.2460
    4199       2.3008
    4200       2.1391
    4201       1.9739
    4202       1.9929
    4203       2.2736
    4204       2.4631
    4205       2.2717
    4206       2.3542
    4207       2.3267
    4208       2.2894
    4209       2.1318
    4210       2.2064
    4211       2.0823
    4212       2.0312
    4213       2.0215
    4214       2.0132
    4215       2.1158
    4216       2.1325
    4217       2.2320
    4218       2.2636
    4219       2.0726
    4220       1.9462
    4221       1.8638
    4222       2.0494
    4223       1.9746
    4224       2.2139
    4225       2.3439
    4226       2.2893
    4227       2.4230
    4228       2.3404
    4229       2.2394
    4230       2.4303
    4231       2.3125
    4232       2.2740
    4233       2.3061
    4234       2.1233
    4235       2.0592
    4236       2.0847
    4237       2.2457
    4238       2.2034
    4239       2.3621
    4240       2.0390
    4241       2.0201
    4242       2.0350
    4243       2.1678
    4244       2.0806
    4245       2.1508
    4246       2.1632
    4247       1.9455
    4248       2.2038
    4249       2.2471
    4250       2.2226
    4251       2.2877
    4252       2.2071
    4253       2.0155
    4254       2.1025
    4255       2.1406
    4256       2.1198
    4257       1.9464
    4258       1.8243
    4259       1.9005
    4260       1.9892
    4261       1.9297
    4262       1.8010
    4263       1.8814
    4264       1.8417
    4265       1.9269
    4266       2.0417
    4267       1.9552
    4268       2.1428
    4269       1.9259
    4270       1.9048
    4271       1.8936
    4272       2.0338
    4273       2.1239
    4274       2.1130
    4275       2.1306
    4276       2.2587
    4277       2.1097
    4278       2.1585
    4279       2.2607
    4280       2.2258
    4281       2.1020
    4282       2.2091
    4283       2.2833
    4284       2.3892
    4285       2.3942
    4286       2.1696
    4287       2.2577
    4288       2.0303
    4289       2.1535
    4290       2.2366
    4291       2.1963
    4292       2.1073
    4293       2.0808
    4294       2.1547
    4295       2.1729
    4296       2.0354
    4297       2.1790
    4298       2.2151
    4299       2.2651
    4300       2.1084
    4301       1.9633
    4302       2.0537
    4303       2.2052
    4304       2.3037
    4305       2.4812
    4306       2.7088
    4307       2.3961
    4308       2.3121
    4309       2.2581
    4310       2.5223
    4311       2.3286
    4312       2.3239
    4313       2.2888
    4314       2.2098
    4315       2.1823
    4316       2.1754
    4317       2.0735
    4318       2.0680
    4319       2.2277
    4320       2.0921
    4321       2.1596
    4322       2.1236
    4323       2.0324
    4324       2.1009
    4325       2.1496
    4326       2.0720
    4327       2.0350
    4328       1.9534
    4329       1.9668
    4330       2.1147
    4331       2.1633
    4332       2.1344
    4333       2.0788
    4334       2.1064
    4335       2.2621
    4336       2.1839
    4337       2.0407
    4338       1.9691
    4339       1.7607
    4340       1.8186
    4341       1.7978
    4342       1.9687
    4343       1.9354
    4344       2.0739
    4345       2.0127
    4346       2.0002
    4347       2.0612
    4348       2.1326
    4349       2.1288
    4350       2.0237
    4351       1.8859
    4352       2.0369
    4353       2.1712
    4354       2.1938
    4355       2.0952
    4356       1.9298
    4357       1.9925
    4358       1.9359
    4359       1.9693
    4360       2.1498
    4361       2.1147
    4362       2.0483
    4363       2.1243
    4364       2.0655
    4365       2.0710
    4366       1.9868
    4367       1.8648
    4368       1.9036
    4369       1.9552
    4370       1.8817
    4371       1.9336
    4372       1.9398
    4373       1.8429
    4374       1.8170
    4375       1.8462
    4376       1.9496
    4377       1.9931
    4378       1.9117
    4379       1.8661
    4380       2.0154
    4381       2.0975
    4382       2.2821
    4383       2.2329
    4384       2.1145
    4385       1.9435
    4386       1.8563
    4387       1.8775
    4388       1.8537
    4389       2.0171
    4390       1.9655
    4391       1.8530
    4392       1.8843
    4393       1.9099
    4394       1.8494
    4395       1.8529
    4396       1.8822
    4397       1.9151
    4398       1.9609
    4399       2.0315
    4400       2.0250
    4401       1.9549
    4402       2.1011
    4403       2.0479
    4404       2.0400
    4405       1.9403
    4406       1.9443
    4407       1.9536
    4408       2.0729
    4409       2.1135
    4410       2.1866
    4411       2.2631
    4412       2.1313
    4413       2.1284
    4414       2.0249
    4415       1.9490
    4416       2.0935
    4417       2.0241
    4418       2.0158
    4419       2.0320
    4420       2.1155
    4421       1.9489
    4422       1.8850
    4423       1.7739
    4424       1.7742
    4425       1.7956
    4426       1.7526
    4427       1.7215
    4428       1.7312
    4429       1.7398
    4430       1.8492
    4431       1.8984
    4432       1.9603
    4433       1.9825
    4434       2.1243
    4435       2.0359
    4436       2.0537
    4437       2.0394
    4438       2.2051
    4439       2.0876
    4440       2.2005
    4441       2.1611
    4442       2.1811
    4443       2.2745
    4444       2.1614
    4445       2.2422
    4446       2.1632
    4447       2.0968
    4448       1.9691
    4449       1.9959
    4450       2.0308
    4451       2.1665
    4452       2.2583
    4453       2.2786
    4454       2.1874
    4455       2.2932
    4456       2.2104
    4457       2.2284
    4458       2.2772
    4459       2.1172
    4460       2.2386
    4461       2.2078
    4462       2.1536
    4463       2.2246
    4464       2.2974
    4465       2.2918
    4466       2.2539
    4467       2.2080
    4468       2.0629
    4469       1.9385
    4470       1.9097
    4471       2.0915
    4472       2.2443
    4473       2.1948
    4474       2.1364
    4475       2.2722
    4476       2.2441
    4477       2.2792
    4478       2.3800
    4479       2.4817
    4480       2.3815
    4481       2.2020
    4482       2.4291
    4483       2.3326
    4484       2.3236
    4485       2.3827
    4486       2.5014
    4487       2.3247
    4488       2.3501
    4489       2.2964
    4490       2.2669
    4491       2.4025
    4492       2.3086
    4493       2.3347
    4494       2.3830
    4495       2.5124
    4496       2.2850
    4497       2.3812
    4498       2.2707
    4499       2.2389
    4500       2.3133
    4501       2.2974
    4502       2.2089
    4503       2.0432
    4504       2.0859
    4505       2.1964
    4506       2.1152
    4507       2.2719
    4508       2.4697
    4509       2.2970
    4510       2.3305
    4511       2.3123
    4512       2.3074
    4513       2.2944
    4514       2.3514
    4515       2.2293
    4516       2.2689
    4517       2.4490
    4518       2.4653
    4519       2.4371
    4520       2.5236
    4521       2.5742
    4522       2.6052
    4523       2.4598
    4524       2.4502
    4525       2.6141
    4526       2.7740
    4527       2.5916
    4528       2.6913
    4529       2.6994
    4530       2.8117
    4531       2.8602
    4532       2.8106
    4533       2.7335
    4534       2.6182
    4535       2.6061
    4536       2.5920
    4537       2.6708
    4538       2.6271
    4539       2.6071
    4540       2.7736
    4541       3.0165
    4542       2.8630
    4543       3.0368
    4544       3.1207
    4545       2.9099
    4546       3.0110
    4547       3.0261
    4548       3.0131
    4549       3.0613
    4550       3.0187
    4551       2.9091
    4552       2.9357
    4553       2.9868
    4554       3.0020
    4555       3.0694
    4556       2.8893
    4557       2.7038
    4558       2.5621
    4559       2.7627
    4560       2.5082
    4561       2.5831
    4562       2.5141
    4563       2.6255
    4564       2.6458
    4565       2.7865
    4566       2.7966
    4567       2.9591
    4568       2.7783
    4569       2.5839
    4570       2.4155
    4571       2.2323
    4572       2.3855
    4573       2.3209
    4574       2.3123
    4575       2.2080
    4576       2.2705
    4577       2.4296
    4578       2.5695
    4579       2.2955
    4580       2.1854
    4581       2.2064
    4582       2.2172
    4583       2.2601
    4584       2.3500
    4585       2.2677
    4586       2.4172
    4587       2.5005
    4588       2.5358
    4589       2.4275
    4590       2.4431
    4591       2.3832
    4592       2.4538
    4593       2.6518
    4594       2.5404
    4595       2.6195
    4596       2.6351
    4597       2.5399
    4598       2.6462
    4599       2.6567
    4600       2.5838
    4601       2.5511
    4602       2.4318
    4603       2.7017
    4604       2.4947
    4605       2.6190
    4606       2.5945
    4607       2.6860
    4608       2.6823
    4609       2.6239
    4610       2.5957
    4611       2.6538
    4612       2.4797
    4613       2.6402
    4614       2.5826
    4615       2.5167
    4616       2.4847
    4617       2.7830
    4618       2.6873
    4619       2.5778
    4620       2.8032
    4621       2.8487
    4622       2.6417
    4623       2.5593
    4624       2.5878
    4625       2.7907
    4626       2.7843
    4627       2.8757
    4628       2.7045
    4629       2.8527
    4630       2.8846
    4631       2.8483
    4632       2.9984
    4633       2.9652
    4634       2.8207
    4635       2.7715
    4636       2.8257
    4637       2.8238
    4638       2.6854
    4639       2.6228
    4640       2.7501
    4641       2.7859
    4642       2.9508
    4643       2.7912
    4644       2.6909
    4645       2.6432
    4646       2.4978
    4647       2.6806
    4648       2.6539
    4649       2.7391
    4650       2.5937
    4651       2.5962
    4652       2.4256
    4653       2.5681
    4654       2.3580
    4655       2.5365
    4656       2.5216
    4657       2.4328
    4658       2.6639
    4659       2.5141
    4660       2.5627
    4661       2.5431
    4662       2.5787
    4663       2.5755
    4664       2.6216
    4665       2.6990
    4666       2.7227
    4667       2.6978
    4668       2.6509
    4669       2.7493
    4670       2.7843
    4671       2.7258
    4672       2.5891
    4673       2.6511
    4674       2.8147
    4675       2.9008
    4676       2.7173
    4677       2.7304
    4678       2.6477
    4679       2.6846
    4680       2.8583
    4681       2.8460
    4682       2.7735
    4683       2.9364
    4684       2.9009
    4685       2.8231
    4686       2.9060
    4687       2.6953
    4688       2.6015
    4689       2.7771
    4690       2.8763
    4691       2.8476
    4692       2.5880
    4693       2.5204
    4694       2.6974
    4695       2.8624
    4696       2.7298
    4697       2.7144
    4698       2.9106
    4699       2.9852
    4700       3.0327
    4701       2.8267
    4702       2.9225
    4703       2.6560
    4704       2.6482
    4705       2.5635
    4706       2.5476
    4707       2.5930
    4708       2.4110
    4709       2.5467
    4710       2.6057
    4711       2.7219
    4712       2.5419
    4713       2.7331
    4714       2.8480
    4715       2.8261
    4716       2.7939
    4717       2.7080
    4718       2.5997
    4719       2.6163
    4720       2.6870
    4721       2.6730
    4722       2.7571
    4723       2.5655
    4724       2.6591
    4725       2.6439
    4726       2.5998
    4727       2.7290
    4728       2.6009
    4729       2.5860
    4730       2.8407
    4731       2.9261
    4732       2.7200
    4733       2.6952
    4734       2.6320
    4735       2.5854
    4736       2.7859
    4737       2.8318
    4738       2.7499
    4739       2.5658
    4740       2.5938
    4741       2.3377
    4742       2.6206
    4743       2.6566
    4744       2.4755
    4745       2.7772
    4746       2.9495
    4747       2.8864
    4748       2.8425
    4749       2.8565
    4750       2.6755
    4751       2.6554
    4752       2.6718
    4753       2.7934
    4754       2.5685
    4755       2.6220
    4756       2.7330
    4757       2.6369
    4758       2.5513
    4759       2.6267
    4760       2.4235
    4761       2.4339
    4762       2.5193
    4763       2.5223
    4764       2.5632
    4765       2.6002
    4766       2.5642
    4767       2.2335
    4768       2.3669
    4769       2.4360
    4770       2.5796
    4771       2.7722
    4772       2.9152
    4773       2.9951
    4774       2.8055
    4775       2.9658
    4776       2.8710
    4777       2.7742
    4778       2.7466
    4779       2.7878
    4780       2.6775
    4781       2.7774
    4782       2.7135
    4783       2.5841
    4784       2.5962
    4785       2.5210
    4786       2.5637
    4787       2.5737
    4788       2.6445
    4789       2.6206
    4790       2.9724
    4791       2.8963
    4792       2.9390
    4793       2.6061
    4794       2.8345
    4795       2.8333
    4796       2.6702
    4797       2.7921
    4798       2.9732
    4799       2.9954
    4800       3.1483
    4801       2.9741
    4802       2.9501
    4803       2.8331
    4804       2.9840
    4805       2.7224
    4806       2.6515
    4807       2.7730
    4808       2.5351
    4809       2.6432
    4810       2.7993
    4811       2.7601
    4812       2.8741
    4813       2.7620
    4814       2.6907
    4815       2.6279
    4816       2.6380
    4817       2.7498
    4818       2.6684
    4819       2.7707
    4820       2.7061
    4821       2.6161
    4822       2.7196
    4823       2.5654
    4824       2.7282
    4825       2.6169
    4826       2.4643
    4827       2.4067
    4828       2.4025
    4829       2.5256
    4830       2.7624
    4831       2.6567
    4832       2.4863
    4833       2.5775
    4834       2.7148
    4835       2.7170
    4836       2.6172
    4837       2.6507
    4838       2.4983
    4839       2.3488
    4840       2.4389
    4841       2.4690
    4842       2.6110
    4843       2.6076
    4844       2.7008
    4845       2.9455
    4846       2.8368
    4847       3.1092
    4848       2.7782
    4849       2.6739
    4850       2.7093
    4851       2.7702
    4852       2.6496
    4853       2.6292
    4854       2.7601
    4855       2.8656
    4856       2.9206
    4857       2.8671
    4858       2.8541
    4859       2.8011
    4860       2.7284
    4861       2.5316
    4862       2.6250
    4863       2.6956
    4864       2.8550
    4865       2.6279
    4866       2.6856
    4867       2.4626
    4868       2.6642
    4869       2.5358
    4870       2.6301
    4871       2.6681
    4872       2.6210
    4873       2.5665
    4874       2.4422
    4875       2.5671
    4876       2.7416
    4877       2.9318
    4878       2.8549
    4879       3.0354
    4880       2.9344
    4881       2.9485
    4882       3.0115
    4883       2.9486
    4884       2.8870
    4885       2.8175
    4886       2.8782
    4887       2.8966
    4888       2.8776
    4889       2.7747
    4890       2.7825
    4891       2.8034
    4892       2.7806
    4893       2.7917
    4894       2.7614
    4895       2.7013
    4896       2.8277
    4897       2.8672
    4898       2.8440
    4899       2.7917
    4900       2.8827
    4901       2.6690
    4902       2.8660
    4903       2.7189
    4904       2.7305
    4905       2.6917
    4906       2.7044
    4907       2.5207
    4908       2.5143
    4909       2.8003
    4910       2.8490
    4911       2.8575
    4912       2.8527
    4913       2.9577
    4914       2.8019
    4915       2.7153
    4916       2.7608
    4917       2.6836
    4918       2.6181
    4919       2.7334
    4920       2.5122
    4921       2.3911
    4922       2.3406
    4923       2.5541
    4924       2.7366
    4925       2.6369
    4926       2.6632
    4927       2.7648
    4928       2.7565
    4929       2.6225
    4930       2.5943
    4931       2.6078
    4932       2.6822
    4933       2.5770
    4934       2.5296
    4935       2.6575
    4936       2.6923
    4937       2.5692
    4938       2.6729
    4939       2.7785
    4940       2.7640
    4941       2.5019
    4942       2.4711
    4943       2.5911
    4944       2.5880
    4945       2.5584
    4946       2.4791
    4947       2.4698
    4948       2.4920
    4949       2.5080
    4950       2.6570
    4951       2.6712
    4952       2.6729
    4953       2.5050
    4954       2.7117
    4955       2.8319
    4956       2.6852
    4957       2.6251
    4958       2.7597
    4959       2.6415
    4960       2.6338
    4961       2.5022
    4962       2.7872
    4963       2.8657
    4964       2.9099
    4965       3.0058
    4966       2.8090
    4967       2.9202
    4968       2.9724
    4969       3.2035
    4970       3.3012
    4971       3.1998
    4972       3.0199
    4973       2.8216
    4974       2.8979
    4975       2.9091
    4976       2.7615
    4977       2.7873
    4978       2.6207
    4979       2.6465
    4980       2.5798
    4981       2.5074
    4982       2.3754
    4983       2.3707
    4984       2.5240
    4985       2.5193
    4986       2.5854
    4987       2.5394
    4988       2.4652
    4989       2.4967
    4990       2.4112
    4991       2.4323
    4992       2.3980
    4993       2.4321
    4994       2.3954
    4995       2.4663
    4996       2.3348
    4997       2.4042
    4998       2.4217
    4999       2.4699
    5000       2.5848
    5001       2.5790
    5002       2.7771
    5003       2.7060
    5004       2.5318
    5005       2.6175
    5006       2.7688
    5007       2.8063
    5008       2.8316
    5009       2.7840
    5010       2.9466
    5011       2.9975
    5012       3.1070
    5013       2.8091
    5014       2.9084
    5015       2.8323
    5016       2.9820
    5017       2.9168
    5018       2.9929
    5019       2.9882
    5020       3.0409
    5021       3.0798
    5022       2.9662
    5023       2.9058
    5024       2.8354
    5025       2.8748
    5026       2.8959
    5027       3.0134
    5028       3.0050
    5029       2.9159
    5030       2.7658
    5031       2.6297
    5032       2.4970
    5033       2.6423
    5034       2.6688
    5035       2.7010
    5036       2.6685
    5037       2.5005
    5038       2.5357
    5039       2.6910
    5040       2.6852
    5041       2.6970
    5042       2.7984
    5043       2.7978
    5044       2.6924
    5045       2.8295
    5046       3.0312
    5047       2.9827
    5048       2.8208
    5049       2.7818
    5050       2.8137
    5051       2.8360
    5052       2.8728
    5053       2.7898
    5054       2.7007
    5055       2.9238
    5056       2.8603
    5057       2.8368
    5058       3.1108
    5059       3.0912
    5060       3.0490
    5061       2.9435
    5062       3.0059
    5063       2.7755
    5064       2.9977
    5065       2.8358
    5066       2.9109
    5067       2.7583
    5068       3.0199
    5069       3.0919
    5070       2.9740
    5071       3.0654
    5072       2.9378
    5073       3.1287
    5074       3.2035
    5075       3.0027
    5076       2.9242
    5077       2.9094
    5078       2.9680
    5079       3.0208
    5080       3.0825
    5081       3.1695
    5082       3.0642
    5083       3.0921
    5084       2.8490
    5085       2.8367
    5086       2.9528
    5087       3.0122
    5088       3.1134
    5089       3.0967
    5090       3.0435
    5091       2.8228
    5092       3.0304
    5093       2.9407
    5094       2.9663
    5095       2.9533
    5096       3.2324
    5097       3.1678
    5098       3.0309
    5099       3.0456
    5100       3.0761
    5101       3.1001
    5102       2.7903
    5103       2.9069
    5104       3.0701
    5105       2.9384
    5106       3.2062
    5107       3.1273
    5108       3.0411
    5109       3.0537
    5110       2.9134
    5111       2.8290
    5112       2.9986
    5113       3.2061
    5114       3.0538
    5115       3.1573
    5116       3.1446
    5117       3.0140
    5118       2.9917
    5119       2.9498
    5120       3.0174
    5121       2.8757
    5122       2.8493
    5123       2.8452
    5124       2.7340
    5125       2.7437
    5126       2.8764
    5127       2.8067
    5128       2.8347
    5129       2.8696
    5130       2.9015
    5131       2.9901
    5132       2.9232
    5133       2.7935
    5134       2.7086
    5135       2.7162
    5136       2.9378
    5137       2.7244
    5138       2.6730
    5139       2.7636
    5140       2.8630
    5141       2.9569
    5142       2.8647
    5143       2.7982
    5144       2.7379
    5145       2.6841
    5146       2.7981
    5147       2.7469
    5148       2.6759
    5149       2.5608
    5150       2.6575
    5151       2.6229
    5152       2.7405
    5153       2.7712
    5154       2.7678
    5155       2.7613
    5156       2.7678
    5157       2.6799
    5158       2.6385
    5159       2.6322
    5160       2.6088
    5161       2.4985
    5162       2.4893
    5163       2.7874
    5164       2.5604
    5165       2.6255
    5166       2.3990
    5167       2.3778
    5168       2.3900
    5169       2.4346
    5170       2.5186
    5171       2.4567
    5172       2.3627
    5173       2.3981
    5174       2.4345
    5175       2.5390
    5176       2.4997
    5177       2.6741
    5178       2.6572
    5179       2.5585
    5180       3.0083
    5181       2.9769
    5182       2.9689
    5183       2.8456
    5184       2.8248
    5185       2.9081
    5186       2.9030
    5187       2.9472
    5188       2.9666
    5189       2.8874
    5190       2.6965
    5191       2.7612
    5192       2.5302
    5193       2.5345
    5194       2.5988
    5195       2.5888
    5196       2.5487
    5197       2.4806
    5198       2.4408
    5199       2.5915
    5200       2.3965
    5201       2.4187
    5202       2.6927
    5203       2.5977
    5204       2.5616
    5205       2.7851
    5206       2.6885
    5207       2.6149
    5208       2.6857
    5209       2.5271
    5210       2.5729
    5211       2.6687
    5212       2.8070
    5213       2.6119
    5214       2.5337
    5215       2.5809
    5216       2.3331
    5217       2.3669
    5218       2.7748
    5219       2.5714
    5220       2.4993
    5221       2.7047
    5222       2.6777
    5223       2.7483
    5224       2.7215
    5225       2.7106
    5226       2.8421
    5227       2.6963
    5228       2.7657
    5229       2.6138
    5230       2.5205
    5231       2.6219
    5232       2.5966
    5233       2.6880
    5234       2.6075
    5235       2.4338
    5236       2.5196
    5237       2.6029
    5238       2.4733
    5239       2.4822
    5240       2.4324
    5241       2.5104
    5242       2.5499
    5243       2.6497
    5244       2.6115
    5245       2.5977
    5246       2.8625
    5247       2.8238
    5248       2.6002
    5249       2.8783
    5250       2.8506
    5251       2.8587
    5252       3.0272
    5253       2.9382
    5254       2.8538
    5255       2.9793
    5256       2.8549
    5257       2.8630
    5258       2.8088
    5259       2.5466
    5260       2.5326
    5261       2.6855
    5262       2.5312
    5263       2.6601
    5264       2.8231
    5265       2.6841
    5266       2.6941
    5267       2.8685
    5268       2.6920
    5269       2.7509
    5270       2.7757
    5271       2.8683
    5272       2.7971
    5273       2.7856
    5274       2.8373
    5275       3.0273
    5276       2.8715
    5277       2.9870
    5278       2.8621
    5279       2.8779
    5280       3.0306
    5281       2.8458
    5282       2.8710
    5283       2.8101
    5284       2.7536
    5285       2.8970
    5286       2.8120
    5287       2.7315
    5288       2.6429
    5289       2.6762
    5290       2.7205
    5291       2.8510
    5292       2.6634
    5293       2.7782
    5294       2.6778
    5295       2.6402
    5296       2.6607
    5297       2.6478
    5298       2.8094
    5299       2.9288
    5300       2.7615
    5301       2.7393
    5302       2.8022
    5303       2.6157
    5304       2.7438
    5305       2.8027
    5306       2.6556
    5307       2.8446
    5308       2.6064
    5309       2.7957
    5310       2.8457
    5311       2.7559
    5312       2.6905
    5313       2.5387
    5314       2.5613
    5315       2.4178
    5316       2.4888
    5317       2.3372
    5318       2.5656
    5319       2.5660
    5320       2.5239
    5321       2.4492
    5322       2.5823
    5323       2.5928
    5324       2.6232
    5325       2.6926
    5326       2.7032
    5327       2.6155
    5328       2.5909
    5329       2.5911
    5330       2.5450
    5331       2.3616
    5332       2.3326
    5333       2.3684
    5334       2.4999
    5335       2.5274
    5336       2.6445
    5337       2.6623
    5338       2.5732
    5339       2.3123
    5340       2.3621
    5341       2.3679
    5342       2.3573
    5343       2.4100
    5344       2.6325
    5345       2.4696
    5346       2.4384
    5347       2.4459
    5348       2.5616
    5349       2.3909
    5350       2.5127
    5351       2.4444
    5352       2.6396
    5353       2.7829
    5354       2.7200
    5355       2.6978
    5356       2.5110
    5357       2.4435
    5358       2.5477
    5359       2.5015
    5360       2.6990
    5361       2.7901
    5362       2.8015
    5363       2.8190
    5364       2.6451
    5365       2.7053
    5366       2.6725
    5367       2.7551
    5368       2.6585
    5369       2.5901
    5370       2.7858
    5371       2.8731
    5372       2.9297
    5373       2.9393
    5374       2.8452
    5375       2.8057
    5376       2.9720
    5377       2.8944
    5378       2.7742
    5379       2.9843
    5380       3.0278
    5381       2.9553
    5382       3.0852
    5383       3.0022
    5384       3.0748
    5385       2.9648
    5386       2.9696
    5387       3.0865
    5388       3.1605
    5389       2.8961
    5390       3.0311
    5391       2.8172
    5392       2.6413
    5393       2.8484
    5394       2.7810
    5395       2.7946
    5396       2.8358
    5397       2.7507
    5398       2.7706
    5399       2.9909
    5400       2.6871
    5401       2.6349
    5402       2.7454
    5403       2.7462
    5404       2.6997
    5405       2.5109
    5406       2.4238
    5407       2.6740
    5408       2.7427
    5409       2.6128
    5410       2.6087
    5411       2.8304
    5412       2.6876
    5413       2.5315
    5414       2.3988
    5415       2.6482
    5416       2.5613
    5417       2.5371
    5418       2.5472
    5419       2.6131
    5420       2.5228
    5421       2.5779
    5422       2.6352
    5423       2.9019
    5424       2.8476
    5425       2.9686
    5426       2.7324
    5427       2.9553
    5428       2.9921
    5429       2.8970
    5430       3.0124
    5431       3.0812
    5432       2.9917
    5433       2.8322
    5434       2.6829
    5435       2.9548
    5436       2.7832
    5437       2.8490
    5438       2.8141
    5439       2.9882
    5440       2.8235
    5441       2.7775
    5442       2.8658
    5443       2.9095
    5444       3.0285
    5445       2.8571
    5446       2.9292
    5447       2.9880
    5448       2.7246
    5449       2.7431
    5450       2.7883
    5451       2.7341
    5452       2.8634
    5453       2.7155
    5454       2.7359
    5455       2.6987
    5456       2.8087
    5457       2.8336
    5458       2.8401
    5459       3.0013
    5460       2.7792
    5461       2.7321
    5462       2.8398
    5463       2.7039
    5464       2.7005
    5465       2.5628
    5466       2.5567
    5467       2.7888
    5468       2.9342
    5469       2.8621
    5470       2.6908
    5471       2.5833
    5472       2.6912
    5473       2.6188
    5474       2.6230
    5475       2.3795
    5476       2.3794
    5477       2.4129
    5478       2.4935
    5479       2.3555
    5480       2.5642
    5481       2.4968
    5482       2.5439
    5483       2.6678
    5484       2.6574
    5485       2.7021
    5486       2.5716
    5487       2.7565
    5488       2.7204
    5489       2.6332
    5490       2.4897
    5491       2.5072
    5492       2.4207
    5493       2.3658
    5494       2.4315
    5495       2.3558
    5496       2.3937
    5497       2.3251
    5498       2.4804
    5499       2.5439
    5500       2.6960
    5501       2.8453
    5502       2.9249
    5503       2.9886
    5504       2.9684
    5505       3.1803
    5506       3.0164
    5507       2.8045
    5508       2.7796
    5509       2.8655
    5510       3.0602
    5511       2.9703
    5512       2.9592
    5513       2.9673
    5514       2.9566
    5515       3.2249
    5516       3.2268
    5517       3.1864
    5518       2.9153
    5519       2.9944
    5520       3.1327
    5521       3.0780
    5522       2.8942
    5523       3.0748
    5524       3.1161
    5525       2.9465
    5526       3.1433
    5527       3.1423
    5528       3.0984
    5529       3.0010
    5530       3.0382
    5531       2.9357
    5532       3.1719
    5533       2.8752
    5534       2.8842
    5535       2.7838
    5536       2.9638
    5537       2.9394
    5538       2.8617
    5539       2.8883
    5540       2.8951
    5541       2.9069
    5542       2.9145
    5543       2.8441
    5544       2.8620
    5545       2.7517
    5546       2.7764
    5547       2.6608
    5548       2.6608
    5549       2.7343
    5550       2.7057
    5551       2.6121
    5552       2.6275
    5553       2.7320
    5554       2.7554
    5555       2.8752
    5556       2.8991
    5557       2.9901
    5558       2.8673
    5559       2.7851
    5560       2.7900
    5561       2.8207
    5562       2.7613
    5563       2.7887
    5564       2.6204
    5565       2.5556
    5566       2.4482
    5567       2.7096
    5568       2.5675
    5569       2.5643
    5570       2.5153
    5571       2.5671
    5572       2.7998
    5573       2.7545
    5574       2.7531
    5575       2.8122
    5576       2.8350
    5577       2.8270
    5578       2.6479
    5579       2.7462
    5580       2.6419
    5581       2.7117
    5582       2.8535
    5583       2.8444
    5584       2.7426
    5585       2.7476
    5586       2.8591
    5587       2.7798
    5588       2.7599
    5589       2.8168
    5590       2.7532
    5591       2.8927
    5592       2.7893
    5593       2.5816
    5594       2.8687
    5595       2.8848
    5596       3.0286
    5597       2.8436
    5598       2.7721
    5599       2.6153
    5600       2.7205
    5601       2.6916
    5602       2.6541
    5603       2.5299
    5604       2.6150
    5605       2.5654
    5606       2.6996
    5607       2.6855
    5608       2.7147
    5609       2.8476
    5610       2.8349
    5611       2.9764
    5612       2.9983
    5613       2.9471
    5614       2.8481
    5615       2.8528
    5616       2.9714
    5617       2.7650
    5618       2.7713
    5619       2.6566
    5620       2.5843
    5621       2.5261
    5622       2.5927
    5623       2.4912
    5624       2.4643
    5625       2.5072
    5626       2.4891
    5627       2.5404
    5628       2.6446
    5629       2.6365
    5630       2.4834
    5631       2.4209
    5632       2.3124
    5633       2.3146
    5634       2.4170
    5635       2.4009
    5636       2.4511
    5637       2.4664
    5638       2.3986
    5639       2.3344
    5640       2.3720
    5641       2.4738
    5642       2.3113
    5643       2.3493
    5644       2.1929
    5645       2.2749
    5646       2.3983
    5647       2.5976
    5648       2.5812
    5649       2.6124
    5650       2.6329
    5651       2.5823
    5652       2.5131
    5653       2.5342
    5654       2.5108
    5655       2.5655
    5656       2.6078
    5657       2.4910
    5658       2.4873
    5659       2.4267
    5660       2.2451
    5661       2.2614
    5662       2.4807
    5663       2.3199
    5664       2.3815
    5665       2.2773
    5666       2.2435
    5667       2.3688
    5668       2.3824
    5669       2.4302
    5670       2.4304
    5671       2.4689
    5672       2.6505
    5673       2.7170
    5674       2.6291
    5675       2.5453
    5676       2.6509
    5677       2.6900
    5678       2.5092
    5679       2.3849
    5680       2.4000
    5681       2.5641
    5682       2.5024
    5683       2.6386
    5684       2.6970
    5685       2.6164
    5686       2.5409
    5687       2.5843
    5688       2.6587
    5689       2.7906
    5690       2.7719
    5691       2.8162
    5692       3.1322
    5693       3.1693
    5694       3.1360
    5695       3.0122
    5696       2.9779
    5697       3.0709
    5698       3.1341
    5699       3.0306
    5700       2.9547
    5701       2.8198
    5702       3.0403
    5703       2.9522
    5704       2.9129
    5705       3.0481
    5706       2.8961
    5707       2.7197
    5708       2.7497
    5709       2.7260
    5710       2.6730
    5711       2.4758
    5712       2.7199
    5713       2.6863
    5714       2.7169
    5715       2.5208
    5716       2.3694
    5717       2.4760
    5718       2.5601
    5719       2.4976
    5720       2.5762
    5721       2.4623
    5722       2.4693
    5723       2.5022
    5724       2.5200
    5725       2.5963
    5726       2.5136
    5727       2.3643
    5728       2.2313
    5729       2.2163
    5730       2.2966
    5731       2.3396
    5732       2.2893
    5733       2.2815
    5734       2.3639
    5735       2.3225
    5736       2.2902
    5737       2.3583
    5738       2.2091
    5739       2.3215
    5740       2.4654
    5741       2.4174
    5742       2.2714
    5743       2.4033
    5744       2.4723
    5745       2.5758
    5746       2.4650
    5747       2.4641
    5748       2.4522
    5749       2.3382
    5750       2.3275
    5751       2.4333
    5752       2.2972
    5753       2.4122
    5754       2.3245
    5755       2.5191
    5756       2.2917
    5757       2.1789
    5758       2.3021
    5759       2.2814
    5760       2.1608
    5761       2.0847
    5762       2.1747
    5763       2.1321
    5764       2.2205
    5765       2.2209
    5766       2.2152
    5767       2.5283
    5768       2.3101
    5769       2.3722
    5770       2.3931
    5771       2.4615
    5772       2.2954
    5773       2.2604
    5774       2.2231
    5775       2.1537
    5776       2.3074
    5777       2.2941
    5778       2.4581
    5779       2.3200
    5780       2.1132
    5781       2.3273
    5782       2.2881
    5783       2.4086
    5784       2.4997
    5785       2.4857
    5786       2.6157
    5787       2.8137
    5788       2.7366
    5789       2.5977
    5790       2.5647
    5791       2.5614
    5792       2.7005
    5793       2.7194
    5794       2.6780
    5795       2.5740
    5796       2.6260
    5797       2.5123
    5798       2.6476
    5799       2.7379
    5800       2.4581
    5801       2.4362
    5802       2.5599
    5803       2.6407
    5804       2.6076
    5805       2.5960
    5806       2.8179
    5807       2.6445
    5808       2.5739
    5809       2.5237
    5810       2.5714
    5811       2.5415
    5812       2.5038
    5813       2.4385
    5814       2.2369
    5815       2.2774
    5816       2.3859
    5817       2.3033
    5818       2.4388
    5819       2.4817
    5820       2.3605
    5821       2.5457
    5822       2.5151
    5823       2.6317
    5824       2.4120
    5825       2.3968
    5826       2.4085
    5827       2.2753
    5828       2.3650
    5829       2.3483
    5830       2.2945
    5831       2.3249
    5832       2.3718
    5833       2.3402
    5834       2.3507
    5835       2.3945
    5836       2.5102
    5837       2.3849
    5838       2.5637
    5839       2.5864
    5840       2.5212
    5841       2.4677
    5842       2.3581
    5843       2.4399
    5844       2.7041
    5845       2.7866
    5846       2.6909
    5847       2.6028
    5848       2.5271
    5849       2.5339
    5850       2.5385
    5851       2.4614
    5852       2.4871
    5853       2.4489
    5854       2.3010
    5855       2.3981
    5856       2.3087
    5857       2.3717
    5858       2.5057
    5859       2.4268
    5860       2.4239
    5861       2.1341
    5862       2.2631
    5863       2.4809
    5864       2.4472
    5865       2.4379
    5866       2.3510
    5867       2.4577
    5868       2.5405
    5869       2.4912
    5870       2.4477
    5871       2.3775
    5872       2.2095
    5873       2.2689
    5874       2.4843
    5875       2.4181
    5876       2.3153
    5877       2.2350
    5878       2.4071
    5879       2.4231
    5880       2.4368
    5881       2.4762
    5882       2.6236
    5883       2.4788
    5884       2.4328
    5885       2.4102
    5886       2.3192
    5887       2.1957
    5888       2.2179
    5889       2.2224
    5890       2.2748
    5891       2.2848
    5892       2.2282
    5893       2.2801
    5894       2.3893
    5895       2.4292
    5896       2.4761
    5897       2.3955
    5898       2.2715
    5899       2.2829
    5900       2.2805
    5901       2.2559
    5902       2.2280
    5903       2.3747
    5904       2.4833
    5905       2.4556
    5906       2.3443
    5907       2.3018
    5908       2.2391
    5909       2.1201
    5910       2.2367
    5911       2.2566
    5912       2.3796
    5913       2.3897
    5914       2.4270
    5915       2.4004
    5916       2.3022
    5917       2.4389
    5918       2.3510
    5919       2.2744
    5920       2.4569
    5921       2.4853
    5922       2.4017
    5923       2.4197
    5924       2.5148
    5925       2.3415
    5926       2.2795
    5927       2.4942
    5928       2.5019
    5929       2.5276
    5930       2.4275
    5931       2.4652
    5932       2.5595
    5933       2.5835
    5934       2.4659
    5935       2.3355
    5936       2.1200
    5937       2.3391
    5938       2.3821
    5939       2.3594
    5940       2.2933
    5941       2.3403
    5942       2.4240
    5943       2.4930
    5944       2.3184
    5945       2.4613
    5946       2.4076
    5947       2.4787
    5948       2.6329
    5949       2.5446
    5950       2.5146
    5951       2.5234
    5952       2.6016
    5953       2.4319
    5954       2.5665
    5955       2.5199
    5956       2.4933
    5957       2.5046
    5958       2.6206
    5959       2.5519
    5960       2.3010
    5961       2.3019
    5962       2.4221
    5963       2.4133
    5964       2.5156
    5965       2.3574
    5966       2.3098
    5967       2.5061
    5968       2.5217
    5969       2.5221
    5970       2.5293
    5971       2.4396
    5972       2.5044
    5973       2.5412
    5974       2.3775
    5975       2.4611
    5976       2.4032
    5977       2.3738
    5978       2.2816
    5979       2.2941
    5980       2.2764
    5981       2.3259
    5982       2.3115
    5983       2.4583
    5984       2.6268
    5985       2.6586
    5986       2.5904
    5987       2.6119
    5988       2.8121
    5989       2.6835
    5990       2.5978
    5991       2.5319
    5992       2.4509
    5993       2.5277
    5994       2.5038
    5995       2.6017
    5996       2.6781
    5997       2.5579
    5998       2.6492
    5999       2.7443
    6000       2.5422
    6001       2.5419
    6002       2.5517
    6003       2.7007
    6004       2.8154
    6005       2.7079
    6006       2.6438
    6007       2.5114
    6008       2.4997
    6009       2.5640
    6010       2.5973
    6011       2.5315
    6012       2.5639
    6013       2.5015
    6014       2.5070
    6015       2.6879
    6016       2.7026
    6017       2.7831
    6018       2.6412
    6019       2.6145
    6020       2.6642
    6021       2.6833
    6022       2.8020
    6023       2.7368
    6024       2.8077
    6025       2.7852
    6026       2.7129
    6027       2.5907
    6028       2.8409
    6029       2.7834
    6030       2.7647
    6031       2.7182
    6032       2.5819
    6033       2.5827
    6034       2.5976
    6035       2.7408
    6036       2.6056
    6037       2.6733
    6038       2.7814
    6039       2.7452
    6040       2.5399
    6041       2.7234
    6042       2.7147
    6043       2.6973
    6044       2.6055
    6045       2.6531
    6046       2.3910
    6047       2.4668
    6048       2.3877
    6049       2.5286
    6050       2.5268
    6051       2.6582
    6052       2.7294
    6053       2.7896
    6054       2.9289
    6055       2.7543
    6056       2.8090
    6057       2.7502
    6058       2.9170
    6059       2.6538
    6060       2.7954
    6061       2.6425
    6062       2.6543
    6063       2.7225
    6064       2.6060
    6065       2.5420
    6066       2.8066
    6067       2.6672
    6068       2.6769
    6069       2.6720
    6070       2.5670
    6071       2.4587
    6072       2.6371
    6073       2.6442
    6074       2.7542
    6075       2.7513
    6076       2.6175
    6077       2.4423
    6078       2.5767
    6079       2.4258
    6080       2.5999
    6081       2.7306
    6082       2.5988
    6083       2.5666
    6084       2.6545
    6085       2.6203
    6086       2.5076
    6087       2.5684
    6088       2.4355
    6089       2.4334
    6090       2.3892
    6091       2.4280
    6092       2.3919
    6093       2.3931
    6094       2.3795
    6095       2.6003
    6096       2.4345
    6097       2.5923
    6098       2.7152
    6099       2.5625
    6100       2.4822
    6101       2.5355
    6102       2.4407
    6103       2.5319
    6104       2.5563
    6105       2.5122
    6106       2.4225
    6107       2.3414
    6108       2.2529
    6109       2.2897
    6110       2.3274
    6111       2.2452
    6112       2.2601
    6113       2.1982
    6114       2.1739
    6115       2.2229
    6116       2.1788
    6117       2.1571
    6118       2.2071
    6119       2.1631
    6120       2.4335
    6121       2.5703
    6122       2.4357
    6123       2.5100
    6124       2.4010
    6125       2.3682
    6126       2.5722
    6127       2.4189
    6128       2.5546
    6129       2.6130
    6130       2.5359
    6131       2.4999
    6132       2.6323
    6133       2.5143
    6134       2.3534
    6135       2.3276
    6136       2.2504
    6137       2.2631
    6138       2.1359
    6139       2.2309
    6140       2.1018
    6141       2.1853
    6142       2.0803
    6143       2.3046
    6144       2.2015
    6145       2.3666
    6146       2.4201
    6147       2.6008
    6148       2.3365
    6149       2.5695
    6150       2.7138
    6151       2.6715
    6152       2.7103
    6153       2.7942
    6154       2.7780
    6155       2.8428
    6156       2.9722
    6157       2.8510
    6158       2.9444
    6159       2.8752
    6160       2.6804
    6161       2.6336
    6162       2.7607
    6163       2.6832
    6164       2.7345
    6165       2.6449
    6166       2.5933
    6167       2.7461
    6168       2.7536
    6169       2.8285
    6170       2.6846
    6171       2.6524
    6172       2.6134
    6173       2.6971
    6174       2.8285
    6175       2.6389
    6176       2.7396
    6177       2.7847
    6178       2.9181
    6179       2.8791
    6180       2.6480
    6181       2.7646
    6182       2.7294
    6183       2.7713
    6184       3.0178
    6185       2.9994
    6186       3.0154
    6187       2.8830
    6188       2.7303
    6189       2.7365
    6190       2.8097
    6191       2.7697
    6192       2.6415
    6193       2.5224
    6194       2.5065
    6195       2.5738
    6196       2.5829
    6197       2.7569
    6198       2.6005
    6199       2.4816
    6200       2.5457
    6201       2.6966
    6202       2.5981
    6203       2.6216
    6204       2.6033
    6205       2.5963
    6206       2.6011
    6207       2.6032
    6208       2.6464
    6209       2.5417
    6210       2.5145
    6211       2.3892
    6212       2.4348
    6213       2.4046
    6214       2.3074
    6215       2.4241
    6216       2.5736
    6217       2.4413
    6218       2.3389
    6219       2.4328
    6220       2.3379
    6221       2.4483
    6222       2.5190
    6223       2.6371
    6224       2.6244
    6225       2.7419
    6226       2.6271
    6227       2.6119
    6228       2.4256
    6229       2.4038
    6230       2.3720
    6231       2.4911
    6232       2.5005
    6233       2.5392
    6234       2.4077
    6235       2.3445
    6236       2.4942
    6237       2.6492
    6238       2.5200
    6239       2.5318
    6240       2.3836
    6241       2.1993
    6242       2.3033
    6243       2.3807
    6244       2.3405
    6245       2.3426
    6246       2.3225
    6247       2.3633
    6248       2.3163
    6249       2.5635
    6250       2.6512
    6251       2.5781
    6252       2.5426
    6253       2.3954
    6254       2.4399
    6255       2.4623
    6256       2.4200
    6257       2.5225
    6258       2.7474
    6259       2.9152
    6260       2.8632
    6261       2.9459
    6262       3.0675
    6263       2.8729
    6264       2.8366
    6265       2.8331
    6266       2.7659
    6267       2.6542
    6268       2.7393
    6269       2.9112
    6270       2.5482
    6271       2.5769
    6272       2.8819
    6273       2.5546
    6274       2.6961
    6275       2.5336
    6276       2.5378
    6277       2.5957
    6278       2.5745
    6279       2.6460
    6280       2.5311
    6281       2.7500
    6282       2.9123
    6283       2.8520
    6284       2.8900
    6285       2.8418
    6286       2.7840
    6287       2.8522
    6288       2.5919
    6289       2.5656
    6290       2.7774
    6291       2.6031
    6292       2.4705
    6293       2.2643
    6294       2.5151
    6295       2.5432
    6296       2.5590
    6297       2.5729
    6298       2.3995
    6299       2.4037
    6300       2.5432
    6301       2.5440
    6302       2.3886
    6303       2.4731
    6304       2.3098
    6305       2.3260
    6306       2.3440
    6307       2.4310
    6308       2.3455
    6309       2.4693
    6310       2.2651
    6311       2.3517
    6312       2.2773
    6313       2.2643
    6314       2.4446
    6315       2.3020
    6316       2.2141
    6317       2.1167
    6318       2.0648
    6319       2.0725
    6320       2.0789
    6321       2.1548
    6322       2.1378
    6323       2.1594
    6324       2.1882
    6325       2.1043
    6326       2.2678
    6327       2.1867
    6328       2.1600
    6329       1.8456
    6330       1.9851
    6331       1.8959
    6332       1.9292
    6333       1.8695
    6334       1.7808
    6335       1.7506
    6336       1.6770
    6337       1.6993
    6338       1.7733
    6339       1.9525
    6340       1.9187
    6341       2.0084
    6342       1.8993
    6343       1.8763
    6344       2.0379
    6345       2.0976
    6346       2.2111
    6347       2.1229
    6348       2.0333
    6349       1.9706
    6350       1.9406
    6351       2.0552
    6352       2.1164
    6353       2.1410
    6354       1.8788
    6355       1.8804
    6356       1.9654
    6357       1.9393
    6358       1.9633
    6359       2.0284
    6360       2.0350
    6361       2.1113
    6362       2.1398
    6363       2.0909
    6364       2.1542
    6365       2.1175
    6366       2.2303
    6367       2.1825
    6368       2.2702
    6369       2.0338
    6370       1.9182
    6371       1.9527
    6372       1.8970
    6373       1.8215
    6374       1.9961
    6375       1.9484
    6376       1.8857
    6377       1.9285
    6378       1.8542
    6379       1.8650
    6380       1.9348
    6381       1.9603
    6382       2.0010
    6383       1.9858
    6384       2.0150
    6385       1.9905
    6386       1.9282
    6387       1.9704
    6388       1.8470
    6389       1.7767
    6390       1.7786
    6391       1.5821
    6392       1.6106
    6393       1.6507
    6394       1.5456
    6395       1.7300
    6396       1.6690
    6397       1.6763
    6398       1.5809
    6399       1.6236
    6400       1.5917
    6401       1.5406
    6402       1.7194
    6403       1.6789
    6404       1.6573
    6405       1.5433
    6406       1.5452
    6407       1.6428
    6408       1.6458
    6409       1.6587
    6410       1.8896
    6411       1.9433
    6412       1.9347
    6413       1.8939
    6414       1.9802
    6415       1.9012
    6416       1.8550
    6417       1.7881
    6418       1.7739
    6419       1.9689
    6420       2.0885
    6421       2.1399
    6422       2.0805
    6423       1.9657
    6424       1.9910
    6425       2.1244
    6426       1.9656
    6427       1.8382
    6428       1.9058
    6429       1.9010
    6430       2.1133
    6431       1.6782
    6432       1.9461
    6433       2.0346
    6434       2.1143
    6435       2.2490
    6436       2.0978
    6437       2.1203
    6438       2.2430
    6439       2.1927
    6440       2.1850
    6441       2.2898
    6442       2.3433
    6443       2.3814
    6444       2.2756
    6445       2.1166
    6446       2.2597
    6447       2.3398
    6448       2.3197
    6449       2.3138
    6450       2.4472
    6451       2.4056
    6452       2.2487
    6453       2.2348
    6454       2.5026
    6455       2.5130
    6456       2.6404
    6457       2.5951
    6458       2.4987
    6459       2.5500
    6460       2.5119
    6461       2.4388
    6462       2.6753
    6463       2.3993
    6464       2.4200
    6465       2.4752
    6466       2.5643
    6467       2.4564
    6468       2.8270
    6469       2.7554
    6470       2.7500
    6471       2.5565
    6472       2.8139
    6473       2.6463
    6474       2.6417
    6475       2.5492
    6476       2.5101
    6477       2.3567
    6478       2.2702
    6479       2.4623
    6480       2.4323
    6481       2.5374
    6482       2.5189
    6483       2.4215
    6484       2.5247
    6485       2.3699
    6486       2.2568
    6487       2.2205
    6488       2.3052
    6489       2.2744
    6490       2.3536
    6491       2.3949
    6492       2.3313
    6493       2.3394
    6494       2.5154
    6495       2.5577
    6496       2.4823
    6497       2.4400
    6498       2.5093
    6499       2.6997
    6500       2.4126
    6501       2.5094
    6502       2.5061
    6503       2.2913
    6504       2.2150
    6505       2.2749
    6506       2.3214
    6507       2.3930
    6508       2.4728
    6509       2.4851
    6510       2.3548
    6511       2.5543
    6512       2.5501
    6513       2.4952
    6514       2.4536
    6515       2.3538
    6516       2.3261
    6517       2.1270
    6518       2.3374
    6519       2.4995
    6520       2.5396
    6521       2.5715
    6522       2.6560
    6523       2.4167
    6524       2.5156
    6525       2.3841
    6526       2.6622
    6527       2.6702
    6528       2.8113
    6529       2.7502
    6530       2.7000
    6531       2.6573
    6532       2.8313
    6533       2.8510
    6534       2.8664
    6535       2.8293
    6536       2.5758
    6537       2.6101
    6538       2.7157
    6539       2.7523
    6540       2.8629
    6541       3.0193
    6542       2.9893
    6543       2.9173
    6544       3.0479
    6545       3.0005
    6546       2.8498
    6547       2.8963
    6548       2.9497
    6549       2.9140
    6550       2.6428
    6551       2.6575
    6552       2.6018
    6553       2.5943
    6554       2.6811
    6555       2.7721
    6556       2.8200
    6557       2.7417
    6558       2.9502
    6559       2.9442
    6560       2.8491
    6561       2.8900
    6562       2.8836
    6563       2.9203
    6564       3.2703
    6565       3.1650
    6566       3.3698
    6567       3.2067
    6568       3.2305
    6569       3.3546
    6570       3.4626
    6571       3.4773
    6572       3.4215
    6573       3.2559
    6574       3.2201
    6575       3.0957
    6576       3.0808
    6577       3.1846
    6578       3.2275
    6579       3.0971
    6580       3.2079
    6581       3.3030
    6582       3.3385
    6583       3.3458
    6584       3.2872
    6585       3.1092
    6586       3.0999
    6587       3.0240
    6588       2.9289
    6589       3.0458
    6590       2.9070
    6591       2.7945
    6592       3.1052
    6593       3.1017
    6594       2.9821
    6595       3.1416
    6596       3.2411
    6597       3.2343
    6598       3.1913
    6599       3.1585
    6600       3.0501
    6601       3.0722
    6602       3.0338
    6603       2.8988
    6604       2.8764
    6605       3.1899
    6606       2.9500
    6607       3.1116
    6608       2.9401
    6609       2.8164
    6610       2.9403
    6611       2.9351
    6612       2.8671
    6613       2.7745
    6614       2.6650
    6615       2.8211
    6616       2.8806
    6617       3.0807
    6618       3.0324
    6619       3.2337
    6620       3.2922
    6621       3.2267
    6622       3.2751
    6623       3.2746
    6624       3.4269
    6625       3.4045
    6626       3.5089
    6627       3.3152
    6628       3.4572
    6629       3.2993
    6630       3.3268
    6631       3.1866
    6632       3.1438
    6633       3.0321
    6634       3.2063
    6635       3.3166
    6636       3.0978
    6637       3.1485
    6638       3.2244
    6639       3.2349
    6640       3.2688
    6641       3.3603
    6642       3.2106
    6643       3.2204
    6644       3.0370
    6645       3.0372
    6646       3.1692
    6647       3.0577
    6648       3.1888
    6649       3.2433
    6650       3.1088
    6651       3.1413
    6652       2.9094
    6653       2.9433
    6654       2.9980
    6655       3.1455
    6656       3.0117
    6657       2.9658
    6658       2.9665
    6659       2.8636
    6660       2.9048
    6661       3.1245
    6662       3.2472
    6663       3.3713
    6664       3.4084
    6665       3.1442
    6666       2.8935
    6667       3.0001
    6668       3.0275
    6669       2.9186
    6670       2.8205
    6671       3.0157
    6672       3.0817
    6673       3.0167
    6674       2.9448
    6675       3.2132
    6676       3.1480
    6677       3.0628
    6678       3.0855
    6679       3.2498
    6680       3.0920
    6681       3.1048
    6682       3.3213
    6683       3.2226
    6684       3.4035
    6685       3.4621
    6686       3.3358
    6687       3.2989
    6688       3.3538
    6689       3.3130
    6690       3.4930
    6691       3.6448
    6692       3.5957
    6693       3.4376
    6694       3.5718
    6695       3.4181
    6696       3.4076
    6697       3.3279
    6698       3.3395
    6699       3.2722
    6700       3.0742
    6701       3.1986
    6702       3.1716
    6703       3.3149
    6704       3.4489
    6705       3.2909
    6706       3.2849
    6707       3.2608
    6708       3.2257
    6709       3.1047
    6710       3.1918
    6711       3.1507
    6712       3.3343
    6713       3.3994
    6714       3.3879
    6715       3.4356
    6716       3.3436
    6717       3.2738
    6718       3.2020
    6719       3.1539
    6720       3.1953
    6721       3.2341
    6722       3.2226
    6723       3.0018
    6724       2.9915
    6725       2.9861
    6726       3.0442
    6727       3.0135
    6728       3.2013
    6729       3.2193
    6730       3.1286
    6731       3.2013
    6732       3.2450
    6733       3.1102
    6734       3.3269
    6735       3.2090
    6736       3.2596
    6737       3.2900
    6738       3.4202
    6739       3.2494
    6740       3.1168
    6741       3.0032
    6742       3.0611
    6743       3.0856
    6744       3.1092
    6745       3.0852
    6746       2.9507
    6747       3.1047
    6748       3.0671
    6749       3.1222
    6750       3.0807
    6751       2.9846
    6752       3.0732
    6753       2.9344
    6754       3.0769
    6755       3.1291
    6756       3.0962
    6757       3.1370
    6758       3.0680
    6759       3.1647
    6760       3.2202
    6761       2.9936
    6762       3.1413
    6763       2.9207
    6764       3.0403
    6765       2.9512
    6766       2.9085
    6767       3.0408
    6768       3.2093
    6769       3.1619
    6770       2.9800
    6771       2.8854
    6772       2.8396
    6773       3.1219
    6774       3.0488
    6775       2.8494
    6776       2.9311
    6777       2.9787
    6778       3.0932
    6779       3.0373
    6780       2.9290
    6781       2.7708
    6782       2.9378
    6783       2.9376
    6784       3.1490
    6785       3.1045
    6786       3.0977
    6787       2.9900
    6788       3.0078
    6789       2.9320
    6790       2.8496
    6791       2.9319
    6792       3.0990
    6793       3.0964
    6794       3.1160
    6795       2.9142
    6796       2.9428
    6797       2.9877
    6798       3.1631
    6799       3.1394
    6800       3.0632
    6801       2.9594
    6802       2.9631
    6803       2.8205
    6804       2.9154
    6805       2.9025
    6806       3.2057
    6807       3.1482
    6808       3.0751
    6809       3.3425
    6810       3.5120
    6811       3.6993
    6812       3.5567
    6813       3.2635
    6814       3.1006
    6815       3.0958
    6816       3.0478
    6817       3.1258
    6818       2.7843
    6819       2.6733
    6820       2.6069
    6821       2.7433
    6822       2.7015
    6823       3.0108
    6824       2.9873
    6825       2.8635
    6826       2.8839
    6827       2.8038
    6828       2.9441
    6829       3.0116
    6830       2.8622
    6831       3.1116
    6832       3.0491
    6833       3.1035
    6834       2.9988
    6835       2.8168
    6836       2.7523
    6837       2.8141
    6838       2.8134
    6839       2.8048
    6840       2.7418
    6841       2.9499
    6842       3.0082
    6843       2.7519
    6844       2.7408
    6845       2.7403
    6846       2.8053
    6847       2.9940
    6848       2.6771
    6849       2.6396
    6850       2.8338
    6851       2.9502
    6852       3.0473
    6853       2.9907
    6854       2.9725
    6855       2.8300
    6856       2.8808
    6857       2.7448
    6858       2.6802
    6859       2.7798
    6860       2.8302
    6861       2.8911
    6862       2.6596
    6863       2.6498
    6864       2.7215
    6865       2.8565
    6866       2.9252
    6867       3.2001
    6868       3.1673
    6869       3.1766
    6870       3.0623
    6871       2.9262
    6872       2.9419
    6873       2.9634
    6874       2.8010
    6875       2.7694
    6876       2.6388
    6877       2.7749
    6878       2.8103
    6879       2.9577
    6880       2.9859
    6881       3.1863
    6882       3.1926
    6883       3.1269
    6884       2.9802
    6885       2.9104
    6886       2.9055
    6887       2.8976
    6888       2.7176
    6889       2.7617
    6890       2.6535
    6891       2.7244
    6892       2.5383
    6893       2.5447
    6894       2.6158
    6895       2.6511
    6896       2.3626
    6897       2.3179
    6898       2.4835
    6899       2.7388
    6900       2.8082
    6901       2.7260
    6902       2.7064
    6903       2.6271
    6904       2.6371
    6905       2.6669
    6906       2.5544
    6907       2.6052
    6908       2.5416
    6909       2.6444
    6910       2.6579
    6911       2.7233
    6912       2.7981
    6913       2.7044
    6914       2.7406
    6915       2.5883
    6916       2.6317
    6917       2.5406
    6918       2.5726
    6919       2.5185
    6920       2.5897
    6921       2.6801
    6922       2.6110
    6923       2.6295
    6924       2.6341
    6925       2.5247
    6926       2.3712
    6927       2.6847
    6928       2.6144
    6929       2.4836
    6930       2.6142
    6931       2.6725
    6932       2.7803
    6933       2.9217
    6934       2.6713
    6935       2.6940
    6936       2.5546
    6937       2.6725
    6938       2.6667
    6939       2.6907
    6940       2.7704
    6941       2.8273
    6942       2.7744
    6943       2.7460
    6944       2.7838
    6945       2.8398
    6946       2.7895
    6947       2.8174
    6948       2.7996
    6949       2.8582
    6950       2.7344
    6951       2.7326
    6952       2.6485
    6953       2.8176
    6954       2.6542
    6955       2.6019
    6956       2.7203
    6957       2.7661
    6958       2.6302
    6959       2.8048
    6960       2.6587
    6961       2.7004
    6962       2.8821
    6963       2.8763
    6964       2.9358
    6965       2.7267
    6966       2.6840
    6967       2.8110
    6968       2.8661
    6969       2.8670
    6970       2.8459
    6971       2.9107
    6972       2.6954
    6973       2.4685
    6974       2.7512
    6975       2.7482
    6976       2.7268
    6977       2.5965
    6978       2.6723
    6979       2.8174
    6980       2.7891
    6981       2.8411
    6982       2.8724
    6983       2.9454
    6984       3.0327
    6985       3.0850
    6986       2.8130
    6987       2.9007
    6988       3.0072
    6989       2.9930
    6990       2.9171
    6991       2.9704
    6992       2.7971
    6993       2.9276
    6994       2.7830
    6995       2.8940
    6996       2.8355
    6997       2.8790
    6998       2.9409
    6999       2.9191
    7000       2.8471
    7001       3.0169
    7002       3.0999
    7003       2.9807
    7004       3.0206
    7005       2.8980
    7006       2.8872
    7007       2.8628
    7008       2.9255
    7009       2.9527
    7010       2.8961
    7011       2.8209
    7012       2.7843
    7013       2.8214
    7014       2.8558
    7015       2.9760
    7016       3.0348
    7017       2.8889
    7018       2.8081
    7019       2.9010
    7020       2.7187
    7021       3.0286
    7022       3.0345
    7023       2.9614
    7024       3.0929
    7025       3.1564
    7026       3.1374
    7027       3.1040
    7028       3.0957
    7029       3.1158
    7030       3.0514
    7031       3.0222
    7032       2.9374
    7033       2.8889
    7034       3.0854
    7035       3.0391
    7036       2.9360
    7037       2.9387
    7038       2.8253
    7039       2.7119
    7040       2.9278
    7041       2.7602
    7042       2.5538
    7043       2.6590
    7044       2.6574
    7045       2.7697
    7046       2.6817
    7047       2.7515
    7048       2.9098
    7049       3.0343
    7050       2.8966
    7051       3.0385
    7052       3.1772
    7053       3.2616
    7054       3.0903
    7055       3.1080
    7056       3.1481
    7057       3.2962
    7058       3.3131
    7059       3.5911
    7060       3.4320
    7061       3.6731
    7062       3.5940
    7063       3.4737
    7064       3.5590
    7065       3.8607
    7066       3.7851
    7067       3.6777
    7068       3.6176
    7069       3.5738
    7070       3.5693
    7071       3.4321
    7072       3.6369
    7073       3.5206
    7074       3.5959
    7075       3.3313
    7076       3.3246
    7077       3.3687
    7078       3.2918
    7079       3.1107
    7080       3.2502
    7081       3.2629
    7082       3.2161
    7083       3.3397
    7084       3.3562
    7085       3.2923
    7086       3.1330
    7087       3.2238
    7088       3.2296
    7089       3.2387
    7090       3.3313
    7091       3.2961
    7092       3.3513
    7093       3.4699
    7094       3.6169
    7095       3.5981
    7096       3.5081
    7097       3.4294
    7098       3.7892
    7099       3.8410
    7100       3.7490
    7101       3.7051
    7102       3.5890
    7103       3.4887
    7104       3.6276
    7105       3.5281
    7106       3.4042
    7107       3.2375
    7108       3.3091
    7109       3.4917
    7110       3.4511
    7111       3.4891
    7112       3.3457
    7113       3.2230
    7114       3.2771
    7115       3.2536
    7116       3.2280
    7117       3.2402
    7118       3.3798
    7119       3.4361
    7120       3.4002
    7121       3.1129
    7122       3.2450
    7123       3.5358
    7124       3.2953
    7125       3.3841
    7126       3.3084
    7127       3.1409
    7128       3.3050
    7129       3.3351
    7130       3.1657
    7131       3.1101
    7132       3.1054
    7133       3.2479
    7134       3.2320
    7135       3.1145
    7136       3.1014
    7137       3.0125
    7138       2.8498
    7139       2.9859
    7140       3.0122
    7141       2.9364
    7142       2.8466
    7143       2.9792
    7144       3.0367
    7145       2.9410
    7146       3.0021
    7147       3.0405
    7148       3.0071
    7149       3.0156
    7150       3.0282
    7151       3.1408
    7152       3.0416
    7153       2.9526
    7154       2.8300
    7155       3.0093
    7156       3.0508
    7157       3.0632
    7158       3.0166
    7159       3.1119
    7160       3.1918
    7161       3.1470
    7162       3.0578
    7163       2.9809
    7164       3.1300
    7165       3.1142
    7166       3.1397
    7167       3.1270
    7168       3.2116
    7169       3.1458
    7170       3.0265
    7171       3.0220
    7172       3.0913
    7173       3.0897
    7174       3.2648
    7175       3.1961
    7176       3.3959
    7177       3.4179
    7178       3.4693
    7179       3.4270
    7180       3.3416
    7181       3.2789
    7182       3.0958
    7183       3.2281
    7184       3.2277
    7185       3.3802
    7186       3.2159
    7187       3.1220
    7188       3.2116
    7189       3.2534
    7190       3.4970
    7191       3.4034
    7192       3.4557
    7193       3.5736
    7194       3.3273
    7195       3.2092
    7196       3.2579
    7197       3.3524
    7198       3.2281
    7199       3.2441
    7200       3.1714
    7201       3.1502
    7202       3.0226
    7203       3.0385
    7204       3.1882
    7205       3.1833
    7206       3.0398
    7207       3.1641
    7208       3.2196
    7209       3.2521
    7210       3.1862
    7211       3.1385
    7212       3.1427
    7213       3.0873
    7214       3.0356
    7215       2.9436
    7216       2.8048
    7217       2.9390
    7218       2.9744
    7219       3.0152
    7220       3.0256
    7221       3.1260
    7222       3.0217
    7223       3.1025
    7224       3.2308
    7225       3.3389
    7226       3.2253
    7227       3.1174
    7228       3.1935
    7229       3.2311
    7230       3.3338
    7231       3.1821
    7232       3.1887
    7233       3.0774
    7234       3.0762
    7235       3.0681
    7236       2.8453
    7237       2.9707
    7238       3.0317
    7239       2.9827
    7240       2.9700
    7241       3.1397
    7242       3.1233
    7243       3.2016
    7244       3.4135
    7245       3.5862
    7246       3.5123
    7247       3.4638
    7248       3.3169
    7249       3.3532
    7250       3.2641
    7251       3.1376
    7252       3.3286
    7253       3.5891
    7254       3.5277
    7255       3.5586
    7256       3.5430
    7257       3.4241
    7258       3.5647
    7259       3.5138
    7260       3.4591
    7261       3.5038
    7262       3.4619
    7263       3.6266
    7264       3.4490
    7265       3.3626
    7266       3.4351
    7267       3.2586
    7268       3.4692
    7269       3.3417
    7270       3.2739
    7271       3.2854
    7272       3.4086
    7273       3.3460
    7274       3.2557
    7275       3.0891
    7276       2.8202
    7277       3.2175
    7278       3.1504
    7279       3.0594
    7280       3.1152
    7281       3.3034
    7282       3.2360
    7283       3.3229
    7284       3.2968
    7285       3.2557
    7286       3.1792
    7287       3.0926
    7288       3.1684
    7289       3.0293
    7290       2.9819
    7291       2.9304
    7292       2.8930
    7293       2.9528
    7294       3.0199
    7295       3.1766
    7296       3.1128
    7297       3.1851
    7298       3.4851
    7299       3.4728
    7300       3.5288
    7301       3.6100
    7302       3.3932
    7303       3.4201
    7304       3.3736
    7305       3.5528
    7306       3.7073
    7307       3.6450
    7308       3.6425
    7309       3.7244
    7310       3.5361
    7311       3.3662
    7312       3.3092
    7313       3.5393
    7314       3.5886
    7315       3.3448
    7316       3.4022
    7317       3.4722
    7318       3.5315
    7319       3.7109
    7320       3.6403
    7321       3.6900
    7322       3.4972
    7323       3.5505
    7324       3.6007
    7325       3.6340
    7326       3.3945
    7327       3.5458
    7328       3.4772
    7329       3.4714
    7330       3.2539
    7331       3.1717
    7332       3.1914
    7333       3.1914
    7334       3.4344
    7335       3.3308
    7336       3.1851
    7337       3.2020
    7338       3.2835
    7339       3.1610
    7340       3.1973
    7341       3.2798
    7342       3.2945
    7343       3.3769
    7344       3.3694
    7345       3.5360
    7346       3.6323
    7347       3.6281
    7348       3.6952
    7349       3.5914
    7350       3.7044
    7351       3.7719
    7352       3.7544
    7353       3.6528
    7354       3.4163
    7355       3.5773
    7356       3.6144
    7357       3.6367
    7358       3.4378
    7359       3.3015
    7360       3.4368
    7361       3.5839
    7362       3.6060
    7363       3.5060
    7364       3.7195
    7365       3.7454
    7366       3.6600
    7367       3.5730
    7368       3.5214
    7369       3.5835
    7370       3.6602
    7371       3.8295
    7372       3.9728
    7373       3.8750
    7374       3.8525
    7375       3.7950
    7376       3.7443
    7377       3.5453
    7378       3.5430
    7379       3.4766
    7380       3.2694
    7381       3.1368
    7382       3.2303
    7383       3.1567
    7384       3.2965
    7385       3.3794
    7386       3.2679
    7387       3.2345
    7388       3.3204
    7389       3.3009
    7390       3.2236
    7391       3.2107
    7392       3.2753
    7393       3.1877
    7394       2.8865
    7395       3.0204
    7396       2.9884
    7397       3.2558
    7398       3.2852
    7399       3.2167
    7400       3.1061
    7401       2.9968
    7402       3.0675
    7403       3.0669
    7404       3.0973
    7405       3.1126
    7406       3.1424
    7407       3.1792
    7408       3.2034
    7409       3.2862
    7410       3.3124
    7411       3.1828
    7412       3.2226
    7413       3.3024
    7414       3.3818
    7415       3.1975
    7416       3.0550
    7417       3.2954
    7418       3.3117
    7419       3.4346
    7420       3.4016
    7421       3.3291
    7422       3.4662
    7423       3.4091
    7424       3.6606
    7425       3.5149
    7426       3.7184
    7427       3.7423
    7428       3.4340
    7429       3.7186
    7430       3.8296
    7431       3.8618
    7432       3.8934
    7433       3.7464
    7434       3.8568
    7435       3.9485
    7436       3.8820
    7437       3.9970
    7438       3.9188
    7439       3.9316
    7440       3.8143
    7441       3.6181
    7442       3.3324
    7443       3.4645
    7444       3.7831
    7445       3.6203
    7446       3.5309
    7447       3.4635
    7448       3.4176
    7449       3.3573
    7450       3.2059
    7451       3.2012
    7452       3.3233
    7453       3.3560
    7454       3.5847
    7455       3.5163
    7456       3.4279
    7457       3.5005
    7458       3.3004
    7459       3.2445
    7460       3.1165
    7461       3.0307
    7462       3.0312
    7463       3.1440
    7464       3.1470
    7465       3.1371
    7466       3.3753
    7467       3.3962
    7468       3.4564
    7469       3.3996
    7470       3.5183
    7471       3.4686
    7472       3.5112
    7473       3.5870
    7474       3.4408
    7475       3.5801
    7476       3.6047
    7477       3.8144
    7478       3.6260
    7479       3.6375
    7480       3.5807
    7481       3.7302
    7482       3.6662
    7483       3.7829
    7484       3.9129
    7485       3.8703
    7486       3.9166
    7487       3.9470
    7488       3.7239
    7489       3.9874
    7490       3.8225
    7491       3.7710
    7492       3.6130
    7493       3.5910
    7494       3.6903
    7495       3.5832
    7496       3.4581
    7497       3.7808
    7498       3.7571
    7499       3.8435
    7500       3.9182
    7501       3.9458
    7502       3.9387
    7503       3.8555
    7504       4.0982
    7505       3.7597
    7506       3.8201
    7507       3.8055
    7508       3.7088
    7509       3.7627
    7510       3.5402
    7511       3.4620
    7512       3.5886
    7513       3.4053
    7514       3.3561
    7515       3.5034
    7516       3.6461
    7517       3.6730
    7518       3.6972
    7519       3.6727
    7520       3.8333
    7521       3.5820
    7522       3.7630
    7523       3.7279
    7524       3.4937
    7525       3.5417
    7526       3.5327
    7527       3.4767
    7528       3.7293
    7529       3.5254
    7530       3.4893
    7531       3.4865
    7532       3.5321
    7533       3.4807
    7534       3.3487
    7535       3.3627
    7536       3.3300
    7537       3.2615
    7538       3.2311
    7539       3.2569
    7540       3.3552
    7541       3.2977
    7542       3.2013
    7543       3.3944
    7544       3.2959
    7545       3.1872
    7546       3.1385
    7547       3.3116
    7548       3.1170
    7549       3.0466
    7550       3.0546
    7551       3.0660
    7552       2.9373
    7553       2.8202
    7554       2.9165
    7555       2.8545
    7556       2.8859
    7557       2.9353
    7558       2.8837
    7559       2.9531
    7560       3.0961
    7561       3.0104
    7562       2.9269
    7563       2.9872
    7564       2.8293
    7565       2.7617
    7566       2.7653
    7567       2.6003
    7568       2.6723
    7569       2.6582
    7570       2.6421
    7571       2.7553
    7572       2.8902
    7573       2.8324
    7574       2.8260
    7575       2.7085
    7576       2.6940
    7577       2.8800
    7578       2.8682
    7579       2.6995
    7580       2.9398
    7581       2.9639
    7582       2.6683
    7583       2.8529
    7584       2.8349
    7585       2.8981
    7586       2.9655
    7587       2.9465
    7588       3.0608
    7589       3.2317
    7590       3.2623
    7591       3.2161
    7592       3.2821
    7593       3.4701
    7594       3.2802
    7595       3.2476
    7596       3.3881
    7597       3.4603
    7598       3.4641
    7599       3.5140
    7600       3.3689
    7601       3.3618
    7602       3.4270
    7603       3.3643
    7604       3.1804
    7605       2.9695
    7606       3.1569
    7607       3.2144
    7608       2.9756
    7609       3.0690
    7610       3.0259
    7611       3.0050
    7612       3.1006
    7613       2.9445
    7614       2.8584
    7615       2.9792
    7616       2.9066
    7617       3.1140
    7618       3.0831
    7619       3.1080
    7620       3.2967
    7621       3.4042
    7622       3.2367
    7623       3.3485
    7624       3.4151
    7625       3.3296
    7626       3.2845
    7627       3.2699
    7628       3.1351
    7629       3.1658
    7630       3.3318
    7631       3.3621
    7632       3.3850
    7633       3.4334
    7634       3.2871
    7635       3.4695
    7636       3.4219
    7637       3.3779
    7638       3.2924
    7639       3.3797
    7640       3.3209
    7641       3.4469
    7642       3.5382
    7643       3.4863
    7644       3.3730
    7645       3.4277
    7646       3.3111
    7647       3.3650
    7648       3.3239
    7649       3.3025
    7650       3.3858
    7651       3.3271
    7652       3.3191
    7653       3.4567
    7654       3.4052
    7655       3.4052
    7656       3.5578
    7657       3.6850
    7658       3.7236
    7659       3.5162
    7660       3.5301
    7661       3.5328
    7662       3.4889
    7663       3.4789
    7664       3.3602
    7665       3.4622
    7666       3.2905
    7667       3.3209
    7668       3.3589
    7669       3.3069
    7670       3.3256
    7671       3.2832
    7672       3.3521
    7673       3.4274
    7674       3.5229
    7675       3.4967
    7676       3.6147
    7677       3.4869
    7678       3.4292
    7679       3.6182
    7680       3.6010
    7681       3.5900
    7682       3.2732
    7683       3.4088
    7684       3.1597
    7685       3.1743
    7686       3.1634
    7687       2.9604
    7688       2.8924
    7689       2.9044
    7690       3.0182
    7691       2.8328
    7692       2.7899
    7693       2.7892
    7694       2.6574
    7695       2.5446
    7696       2.7006
    7697       2.7637
    7698       2.8387
    7699       2.8817
    7700       2.8265
    7701       2.9617
    7702       2.7568
    7703       2.9414
    7704       2.9390
    7705       3.0311
    7706       3.1517
    7707       3.1721
    7708       3.1306
    7709       3.1783
    7710       3.2899
    7711       3.2270
    7712       3.3092
    7713       3.1840
    7714       3.3189
    7715       3.5139
    7716       3.4786
    7717       3.5638
    7718       3.3544
    7719       3.4136
    7720       3.3586
    7721       3.2495
    7722       3.1323
    7723       3.2874
    7724       3.2825
    7725       3.3837
    7726       3.2029
    7727       3.0006
    7728       3.1973
    7729       3.0677
    7730       3.1944
    7731       3.1663
    7732       3.1208
    7733       3.2661
    7734       3.3642
    7735       3.2182
    7736       3.2157
    7737       3.1535
    7738       3.1051
    7739       3.3196
    7740       3.1974
    7741       3.1320
    7742       2.9883
    7743       3.0984
    7744       3.1855
    7745       3.0529
    7746       3.0660
    7747       3.1375
    7748       3.3270
    7749       3.3112
    7750       2.9728
    7751       3.0585
    7752       3.2066
    7753       3.1222
    7754       3.2327
    7755       3.0142
    7756       3.0517
    7757       3.0157
    7758       3.1134
    7759       3.1291
    7760       3.1207
    7761       3.0518
    7762       3.0861
    7763       3.0404
    7764       2.8856
    7765       2.9486
    7766       2.9917
    7767       3.0079
    7768       2.7989
    7769       2.9372
    7770       3.1212
    7771       3.1363
    7772       3.0397
    7773       2.9202
    7774       3.0510
    7775       3.0313
    7776       3.0298
    7777       3.1837
    7778       3.1575
    7779       3.1346
    7780       3.1260
    7781       3.3663
    7782       3.4427
    7783       3.5050
    7784       3.2242
    7785       3.4443
    7786       3.2719
    7787       3.2373
    7788       3.2784
    7789       3.1067
    7790       3.0842
    7791       2.7858
    7792       2.6645
    7793       2.6610
    7794       2.8904
    7795       2.9566
    7796       2.9916
    7797       3.0814
    7798       3.0223
    7799       3.2147
    7800       3.2374
    7801       3.1902
    7802       3.1515
    7803       3.1924
    7804       3.3166
    7805       3.2970
    7806       3.2754
    7807       3.3215
    7808       3.1998
    7809       3.3016
    7810       3.3021
    7811       3.3448
    7812       3.5244
    7813       3.4286
    7814       3.3741
    7815       3.2875
    7816       3.3416
    7817       3.3482
    7818       3.2704
    7819       3.1253
    7820       3.1977
    7821       3.2474
    7822       3.1886
    7823       3.1367
    7824       3.1327
    7825       3.1142
    7826       3.2704
    7827       3.2046
    7828       3.2377
    7829       3.0592
    7830       2.9728
    7831       3.0571
    7832       3.0999
    7833       3.2205
    7834       3.1435
    7835       3.2090
    7836       3.3243
    7837       3.1557
    7838       3.1916
    7839       3.2498
    7840       3.1399
    7841       3.2577
    7842       3.3368
    7843       3.5375
    7844       3.5401
    7845       3.3929
    7846       3.4855
    7847       3.2651
    7848       3.2823
    7849       3.3189
    7850       3.3733
    7851       3.2641
    7852       3.5023
    7853       3.6422
    7854       3.6071
    7855       3.5147
    7856       3.4254
    7857       3.5425
    7858       3.4340
    7859       3.5820
    7860       3.3927
    7861       3.2978
    7862       3.1859
    7863       3.2513
    7864       3.2111
    7865       3.2110
    7866       3.2342
    7867       3.0058
    7868       2.9643
    7869       2.9708
    7870       3.1770
    7871       3.1711
    7872       2.9512
    7873       3.1298
    7874       3.1028
    7875       3.1822
    7876       3.2410
    7877       3.1720
    7878       3.3481
    7879       3.2938
    7880       3.1367
    7881       3.0579
    7882       3.2672
    7883       2.8579
    7884       2.8233
    7885       2.9072
    7886       2.8827
    7887       2.7957
    7888       2.7444
    7889       2.6872
    7890       2.5852
    7891       2.7085
    7892       2.6815
    7893       2.7617
    7894       2.6685
    7895       2.7309
    7896       2.7276
    7897       2.7380
    7898       2.8927
    7899       2.7933
    7900       2.7362
    7901       2.6579
    7902       2.8813
    7903       2.8127
    7904       2.7349
    7905       2.8707
    7906       2.9678
    7907       3.0015
    7908       2.9794
    7909       3.0007
    7910       3.0351
    7911       3.0247
    7912       2.9474
    7913       2.8884
    7914       3.1253
    7915       3.0217
    7916       2.8450
    7917       3.0301
    7918       3.0684
    7919       3.0394
    7920       3.1781
    7921       3.3119
    7922       3.2741
    7923       3.3340
    7924       3.1289
    7925       3.1193
    7926       2.9401
    7927       3.1250
    7928       3.1419
    7929       3.1531
    7930       3.0319
    7931       3.2225
    7932       3.0761
    7933       3.0588
    7934       2.9468
    7935       3.0355
    7936       2.9672
    7937       2.9971
    7938       2.8199
    7939       3.0259
    7940       3.1716
    7941       3.0705
    7942       3.1496
    7943       3.0688
    7944       3.1284
    7945       3.1299
    7946       3.2175
    7947       3.2148
    7948       2.9972
    7949       3.3590
    7950       3.3260
    7951       3.1546
    7952       3.0721
    7953       3.1948
    7954       3.2027
    7955       2.9579
    7956       3.0150
    7957       3.1292
    7958       2.9236
    7959       2.9796
    7960       2.8676
    7961       2.7519
    7962       2.8787
    7963       2.8977
    7964       2.8449
    7965       2.8749
    7966       2.8837
    7967       3.0016
    7968       2.9024
    7969       2.8967
    7970       2.6923
    7971       2.8202
    7972       2.7454
    7973       2.6311
    7974       2.7169
    7975       2.8119
    7976       2.7618
    7977       2.9780
    7978       2.9676
    7979       2.9852
    7980       2.9605
    7981       3.0110
    7982       2.8500
    7983       2.9073
    7984       2.9455
    7985       2.9431
    7986       2.9609
    7987       2.9058
    7988       2.8153
    7989       2.7513
    7990       2.8235
    7991       2.8073
    7992       2.6889
    7993       2.7915
    7994       2.8771
    7995       2.9506
    7996       2.8299
    7997       2.8573
    7998       2.9946
    7999       2.8795
    8000       2.9306
    8001       2.9757
    8002       3.0358
    8003       3.1069
    8004       2.9585
    8005       2.9603
    8006       2.8358
    8007       2.9658
    8008       2.8530
    8009       2.9351
    8010       2.9420
    8011       2.8944
    8012       2.9587
    8013       2.7764
    8014       2.8692
    8015       2.8916
    8016       2.9692
    8017       2.8007
    8018       2.8623
    8019       2.9649
    8020       3.0226
    8021       2.9799
    8022       2.9076
    8023       2.9458
    8024       3.0811
    8025       2.9602
    8026       2.9739
    8027       2.9993
    8028       3.0618
    8029       3.0382
    8030       3.0351
    8031       2.8484
    8032       2.9772
    8033       3.0536
    8034       2.7975
    8035       2.6419
    8036       2.7144
    8037       2.7011
    8038       2.8234
    8039       2.8776
    8040       2.7938
    8041       2.8427
    8042       2.8016
    8043       2.9685
    8044       2.9298
    8045       2.8461
    8046       2.8418
    8047       2.9069
    8048       2.7976
    8049       2.9141
    8050       2.8671
    8051       2.7578
    8052       2.7143
    8053       2.7343
    8054       2.8554
    8055       2.9715
    8056       2.9983
    8057       3.1411
    8058       3.0029
    8059       2.8962
    8060       2.9032
    8061       2.8475
    8062       2.8037
    8063       2.7649
    8064       2.8030
    8065       2.6723
    8066       2.4631
    8067       2.3352
    8068       2.3787
    8069       2.4394
    8070       2.4703
    8071       2.5275
    8072       2.5258
    8073       2.6477
    8074       2.5043
    8075       2.5825
    8076       2.5036
    8077       2.4752
    8078       2.5557
    8079       2.4545
    8080       2.4414
    8081       2.4968
    8082       2.4659
    8083       2.6620
    8084       2.5854
    8085       2.7697
    8086       2.6760
    8087       2.5528
    8088       2.6730
    8089       2.6319
    8090       2.3742
    8091       2.2756
    8092       2.2543
    8093       2.2798
    8094       2.2280
    8095       2.3755
    8096       2.2203
    8097       2.2654
    8098       2.4665
    8099       2.3995
    8100       2.2075
    8101       2.2413
    8102       2.1250
    8103       2.3977
    8104       2.3499
    8105       2.1447
    8106       2.3216
    8107       2.3562
    8108       2.2208
    8109       2.3664
    8110       2.3597
    8111       2.3620
    8112       2.3106
    8113       2.2019
    8114       2.4678
    8115       2.3921
    8116       2.3604
    8117       2.3531
    8118       2.3611
    8119       2.5875
    8120       2.5880
    8121       2.6157
    8122       2.7110
    8123       2.6509
    8124       2.6264
    8125       2.6958
    8126       2.6593
    8127       2.4622
    8128       2.6328
    8129       2.6164
    8130       2.5733
    8131       2.6267
    8132       2.6474
    8133       2.7455
    8134       2.8053
    8135       2.8722
    8136       2.6701
    8137       2.6133
    8138       2.6768
    8139       2.6726
    8140       2.6899
    8141       2.6913
    8142       2.9196
    8143       2.6224
    8144       2.4518
    8145       2.4587
    8146       2.3688
    8147       2.4842
    8148       2.7858
    8149       2.7200
    8150       2.8130
    8151       2.7219
    8152       2.6797
    8153       2.7116
    8154       2.5670
    8155       2.5133
    8156       2.6425
    8157       2.7072
    8158       2.6703
    8159       2.9174
    8160       2.7630
    8161       2.8407
    8162       2.8821
    8163       3.0069
    8164       2.9813
    8165       2.7046
    8166       2.7339
    8167       2.6835
    8168       2.8625
    8169       2.8387
    8170       2.7706
    8171       2.7566
    8172       2.7550
    8173       2.6391
    8174       2.6716
    8175       2.7465
    8176       2.6286
    8177       2.7461
    8178       2.7221
    8179       2.7683
    8180       2.8615
    8181       2.9925
    8182       2.9912
    8183       3.0570
    8184       3.1797
    8185       3.2511
    8186       3.1587
    8187       3.0054
    8188       3.1020
    8189       3.1781
    8190       3.0284
    8191       3.1009
    8192       3.0486
    8193       2.9475
    8194       3.0726
    8195       3.3456
    8196       3.2992
    8197       3.1741
    8198       3.1040
    8199       3.1149
    8200       3.1377
    8201       3.0286
    8202       3.0554
    8203       3.0869
    8204       3.1601
    8205       3.2168
    8206       3.2630
    8207       3.2764
    8208       3.1745
    8209       3.1709
    8210       3.2255
    8211       3.1486
    8212       3.0508
    8213       2.9767
    8214       3.0101
    8215       2.9679
    8216       3.0733
    8217       2.9693
    8218       2.9612
    8219       2.9048
    8220       2.8988
    8221       3.0130
    8222       2.8998
    8223       2.7094
    8224       2.7405
    8225       2.7718
    8226       2.6962
    8227       2.9904
    8228       3.1197
    8229       2.9406
    8230       2.9572
    8231       2.7980
    8232       3.1306
    8233       3.1287
    8234       3.1095
    8235       2.9602
    8236       3.0830
    8237       2.8519
    8238       2.8751
    8239       2.9820
    8240       3.1516
    8241       3.0362
    8242       3.0627
    8243       2.9574
    8244       3.0146
    8245       2.9021
    8246       3.1792
    8247       3.0434
    8248       2.8919
    8249       3.0132
    8250       3.0574
    8251       3.1190
    8252       3.0610
    8253       3.1661
    8254       3.1824
    8255       3.1509
    8256       2.9778
    8257       3.0683
    8258       2.9848
    8259       2.8928
    8260       3.0029
    8261       2.8468
    8262       3.1299
    8263       3.2101
    8264       3.0560
    8265       3.0488
    8266       3.0860
    8267       3.0339
    8268       3.0383
    8269       3.0667
    8270       3.1052
    8271       3.0281
    8272       3.1189
    8273       3.1035
    8274       3.1555
    8275       3.0271
    8276       2.9370
    8277       2.9277
    8278       3.0240
    8279       2.9744
    8280       2.9394
    8281       2.9801
    8282       2.8442
    8283       2.9059
    8284       2.9092
    8285       3.0355
    8286       2.8828
    8287       3.2047
    8288       3.0479
    8289       3.2274
    8290       3.1239
    8291       3.0168
    8292       3.0366
    8293       3.0309
    8294       2.8938
    8295       2.8421
    8296       2.7569
    8297       2.8223
    8298       2.8710
    8299       2.8473
    8300       2.8307
    8301       2.8574
    8302       2.8658
    8303       2.8680
    8304       2.8485
    8305       2.6711
    8306       2.6804
    8307       2.6802
    8308       2.7025
    8309       2.7420
    8310       2.6678
    8311       2.6467
    8312       2.7572
    8313       2.7522
    8314       2.7835
    8315       2.8123
    8316       2.8541
    8317       2.8972
    8318       2.8172
    8319       2.7904
    8320       2.8916
    8321       2.7251
    8322       2.9470
    8323       2.8290
    8324       2.7394
    8325       2.7357
    8326       2.7561
    8327       2.9023
    8328       2.9929
    8329       3.0307
    8330       2.9738
    8331       2.9154
    8332       2.9866
    8333       2.9882
    8334       2.9163
    8335       2.9715
    8336       3.0231
    8337       3.0364
    8338       3.0658
    8339       3.0605
    8340       2.9221
    8341       2.8847
    8342       2.8644
    8343       2.7358
    8344       2.7985
    8345       2.7434
    8346       2.7672
    8347       2.9037
    8348       2.8872
    8349       2.9070
    8350       2.8339
    8351       2.8996
    8352       2.8034
    8353       2.7870
    8354       2.8992
    8355       3.0346
    8356       3.1976
    8357       3.2575
    8358       3.1159
    8359       3.1040
    8360       2.9043
    8361       3.0255
    8362       3.2269
    8363       3.3755
    8364       3.2871
    8365       3.2062
    8366       3.1009
    8367       3.0221
    8368       3.1849
    8369       3.2401
    8370       3.2689
    8371       3.0642
    8372       3.0260
    8373       3.1592
    8374       3.2075
    8375       3.4596
    8376       3.3760
    8377       3.3366
    8378       3.4872
    8379       3.4745
    8380       3.5762
    8381       3.5742
    8382       3.4511
    8383       3.2616
    8384       3.2554
    8385       3.3817
    8386       3.2297
    8387       3.2928
    8388       3.2306
    8389       3.2813
    8390       3.2241
    8391       3.2695
    8392       3.5474
    8393       3.2222
    8394       3.2079
    8395       3.2142
    8396       3.1591
    8397       3.0913
    8398       3.2176
    8399       3.1805
    8400       3.1034
    8401       3.0741
    8402       3.1715
    8403       3.1135
    8404       3.1596
    8405       3.0539
    8406       3.1738
    8407       3.1729
    8408       2.9861
    8409       3.2390
    8410       3.3051
    8411       3.2470
    8412       3.3564
    8413       3.1597
    8414       3.0517
    8415       2.9600
    8416       2.9927
    8417       3.0220
    8418       3.0929
    8419       2.8649
    8420       2.9503
    8421       3.0212
    8422       3.0227
    8423       3.0050
    8424       2.8837
    8425       2.8922
    8426       2.8286
    8427       2.7640
    8428       2.8726
    8429       2.9882
    8430       3.0041
    8431       3.0092
    8432       3.0540
    8433       3.2027
    8434       3.1683
    8435       3.1884
    8436       3.2302
    8437       3.1365
    8438       3.0622
    8439       2.9719
    8440       2.8023
    8441       2.8244
    8442       2.9397
    8443       2.8747
    8444       2.9941
    8445       2.9702
    8446       3.0704
    8447       2.9559
    8448       2.9302
    8449       2.7528
    8450       2.7946
    8451       2.8778
    8452       2.9851
    8453       2.9921
    8454       3.1410
    8455       2.8499
    8456       2.8493
    8457       2.8710
    8458       3.0863
    8459       2.7938
    8460       2.8157
    8461       2.6839
    8462       2.7086
    8463       2.5275
    8464       2.6675
    8465       2.6011
    8466       2.6791
    8467       2.6539
    8468       2.8817
    8469       2.8335
    8470       2.7427
    8471       2.8418
    8472       2.8142
    8473       2.5997
    8474       2.5007
    8475       2.6110
    8476       2.5523
    8477       2.5414
    8478       2.5837
    8479       2.4892
    8480       2.4473
    8481       2.5226
    8482       2.4130
    8483       2.6500
    8484       2.5374
    8485       2.4786
    8486       2.5736
    8487       2.6174
    8488       2.6058
    8489       2.6289
    8490       2.7556
    8491       2.7199
    8492       2.8152
    8493       2.8527
    8494       2.7910
    8495       2.6471
    8496       2.7190
    8497       2.6023
    8498       2.7485
    8499       2.8834
    8500       2.8216
    8501       2.7507
    8502       2.8399
    8503       2.8191
    8504       3.0231
    8505       2.8611
    8506       2.7619
    8507       2.7519
    8508       2.7717
    8509       2.9192
    8510       2.9408
    8511       2.8803
    8512       2.7769
    8513       2.7710
    8514       2.8520
    8515       2.9967
    8516       2.9889
    8517       3.0002
    8518       3.1276
    8519       3.0322
    8520       3.2744
    8521       3.2796
    8522       3.1766
    8523       3.0620
    8524       3.0611
    8525       3.2187
    8526       3.3330
    8527       3.3089
    8528       3.3552
    8529       3.3383
    8530       3.1870
    8531       2.9476
    8532       2.8328
    8533       2.8471
    8534       3.0101
    8535       2.9482
    8536       3.0957
    8537       3.2168
    8538       3.2795
    8539       3.2286
    8540       3.0284
    8541       3.1592
    8542       3.2017
    8543       3.1018
    8544       3.1901
    8545       3.2445
    8546       3.1300
    8547       3.1360
    8548       3.2327
    8549       3.1178
    8550       2.9321
    8551       2.8778
    8552       2.6683
    8553       2.8954
    8554       2.9509
    8555       3.0574
    8556       3.0382
    8557       3.0548
    8558       3.0561
    8559       3.0396
    8560       2.9194
    8561       2.9421
    8562       2.9050
    8563       2.9276
    8564       3.0463
    8565       3.0540
    8566       3.0180
    8567       2.9814
    8568       3.1731
    8569       3.1984
    8570       3.2471
    8571       3.1377
    8572       3.3141
    8573       3.3954
    8574       3.4771
    8575       3.3775
    8576       3.6466
    8577       3.6075
    8578       3.4259
    8579       3.4831
    8580       3.2367
    8581       3.3832
    8582       3.3254
    8583       3.3596
    8584       3.1980
    8585       3.1704
    8586       3.1055
    8587       3.2361
    8588       3.3323
    8589       3.5602
    8590       3.3804
    8591       3.4803
    8592       3.4955
    8593       3.3091
    8594       3.1710
    8595       3.1077
    8596       3.2930
    8597       3.4509
    8598       3.3090
    8599       3.2736
    8600       3.2022
    8601       3.1001
    8602       3.0847
    8603       3.1621
    8604       3.1994
    8605       3.2512
    8606       3.1016
    8607       3.0873
    8608       3.0496
    8609       3.1840
    8610       3.0332
    8611       3.0058
    8612       3.0309
    8613       3.2080
    8614       3.2867
    8615       3.4658
    8616       3.4970
    8617       3.1334
    8618       3.0874
    8619       3.0096
    8620       2.9081
    8621       2.8447
    8622       2.8779
    8623       2.8814
    8624       2.8009
    8625       2.6035
    8626       2.5717
    8627       2.6805
    8628       2.7388
    8629       2.9318
    8630       3.0029
    8631       2.7717
    8632       2.9607
    8633       2.7460
    8634       2.6943
    8635       2.7705
    8636       2.7719
    8637       2.7944
    8638       2.7715
    8639       2.7981
    8640       2.6620
    8641       2.6054
    8642       2.5748
    8643       2.6071
    8644       2.7350
    8645       2.7824
    8646       2.7543
    8647       2.8610
    8648       2.8913
    8649       2.8528
    8650       2.9098
    8651       2.7026
    8652       2.9343
    8653       2.9009
    8654       2.6522
    8655       2.6201
    8656       2.6898
    8657       2.8760
    8658       2.7534
    8659       2.7604
    8660       2.8356
    8661       2.7135
    8662       2.7085
    8663       2.8476
    8664       2.9715
    8665       3.0433
    8666       2.8275
    8667       2.7499
    8668       2.7594
    8669       2.7308
    8670       2.6791
    8671       2.5889
    8672       2.4560
    8673       2.2605
    8674       2.3233
    8675       2.3293
    8676       2.2605
    8677       2.4619
    8678       2.5572
    8679       2.3583
    8680       2.1986
    8681       2.4451
    8682       2.5478
    8683       2.5135
    8684       2.3738
    8685       2.4291
    8686       2.4512
    8687       2.4024
    8688       2.5804
    8689       2.5318
    8690       2.8529
    8691       3.1277
    8692       3.1632
    8693       2.9907
    8694       2.9646
    8695       2.7210
    8696       2.7386
    8697       2.8132
    8698       2.7779
    8699       2.7797
    8700       2.8134
    8701       2.9054
    8702       2.8086
    8703       2.8976
    8704       2.8725
    8705       2.8074
    8706       2.8553
    8707       2.8468
    8708       2.8200
    8709       2.7240
    8710       2.7761
    8711       2.6538
    8712       2.8247
    8713       2.5691
    8714       2.5777
    8715       2.6185
    8716       2.6571
    8717       2.5869
    8718       2.5769
    8719       2.6092
    8720       2.6533
    8721       2.6710
    8722       2.8361
    8723       3.0321
    8724       2.9189
    8725       2.6646
    8726       2.5443
    8727       2.4507
    8728       2.6048
    8729       2.6210
    8730       2.4136
    8731       2.4446
    8732       2.4660
    8733       2.4613
    8734       2.4025
    8735       2.3885
    8736       2.4697
    8737       2.3592
    8738       2.2170
    8739       2.3640
    8740       2.3711
    8741       2.3571
    8742       2.5487
    8743       2.5614
    8744       2.5930
    8745       2.5299
    8746       2.4182
    8747       2.4424
    8748       2.4313
    8749       2.4352
    8750       2.4640
    8751       2.5895
    8752       2.6765
    8753       2.2607
    8754       2.4467
    8755       2.3593
    8756       2.3247
    8757       2.4802
    8758       2.4265
    8759       2.5476
    8760       2.7096
    8761       2.7264
    8762       2.8044
    8763       2.8383
    8764       2.6154
    8765       2.7768
    8766       2.8432
    8767       2.8150
    8768       2.6179
    8769       2.8942
    8770       2.9436
    8771       2.7224
    8772       2.7091
    8773       2.7273
    8774       2.6715
    8775       2.5771
    8776       2.5065
    8777       2.6285
    8778       2.7695
    8779       2.4677
    8780       2.5024
    8781       2.5288
    8782       2.6661
    8783       2.6466
    8784       2.4899
    8785       2.6807
    8786       2.7431
    8787       2.6611
    8788       2.7551
    8789       2.6835
    8790       2.7647
    8791       2.7904
    8792       2.8368
    8793       2.7522
    8794       2.9315
    8795       2.6363
    8796       2.5871
    8797       2.6664
    8798       2.6594
    8799       2.7019
    8800       2.7889
    8801       2.6722
    8802       2.6201
    8803       2.6979
    8804       2.4348
    8805       2.4031
    8806       2.3364
    8807       2.2910
    8808       2.4778
    8809       2.4336
    8810       2.5070
    8811       2.5048
    8812       2.6783
    8813       2.5573
    8814       2.4883
    8815       2.6023
    8816       2.4943
    8817       2.6753
    8818       2.7594
    8819       2.6717
    8820       2.6792
    8821       2.7787
    8822       2.8566
    8823       2.7758
    8824       3.0156
    8825       3.0107
    8826       2.8723
    8827       3.2430
    8828       3.2754
    8829       3.3849
    8830       3.2425
    8831       3.0486
    8832       3.0746
    8833       3.1971
    8834       3.0341
    8835       3.0691
    8836       3.0496
    8837       3.1474
    8838       3.0144
    8839       2.9669
    8840       3.1612
    8841       3.0420
    8842       3.2203
    8843       2.9752
    8844       2.8922
    8845       2.8399
    8846       2.7630
    8847       2.7412
    8848       2.8492
    8849       2.7870
    8850       2.9185
    8851       2.9625
    8852       3.0304
    8853       3.1854
    8854       3.0123
    8855       2.9112
    8856       2.9232
    8857       2.6303
    8858       2.7292
    8859       2.6270
    8860       2.5498
    8861       2.7260
    8862       2.5662
    8863       2.5169
    8864       2.6847
    8865       2.8144
    8866       2.8337
    8867       2.8519
    8868       2.8657
    8869       2.7565
    8870       2.5584
    8871       2.5596
    8872       2.4915
    8873       2.4186
    8874       2.6079
    8875       2.6446
    8876       2.4693
    8877       2.6507
    8878       2.7313
    8879       2.7642
    8880       2.8732
    8881       2.7117
    8882       2.7009
    8883       2.6391
    8884       2.4970
    8885       2.6954
    8886       2.6944
    8887       2.6536
    8888       2.8542
    8889       3.0126
    8890       2.9710
    8891       2.8671
    8892       2.7580
    8893       2.8914
    8894       2.9886
    8895       3.0455
    8896       3.1060
    8897       3.0225
    8898       3.0325
    8899       3.0355
    8900       2.9808
    8901       3.0033
    8902       2.8757
    8903       3.0444
    8904       3.2299
    8905       3.1980
    8906       3.1435
    8907       3.1102
    8908       3.1754
    8909       3.0788
    8910       3.0294
    8911       2.9328
    8912       3.0961
    8913       3.1043
    8914       3.1958
    8915       3.2020
    8916       2.9581
    8917       2.9966
    8918       2.9860
    8919       2.8694
    8920       2.8512
    8921       2.7291
    8922       2.7027
    8923       2.8939
    8924       2.9831
    8925       2.9298
    8926       2.8688
    8927       2.7696
    8928       3.0825
    8929       3.0374
    8930       2.9811
    8931       2.9168
    8932       2.9167
    8933       2.6828
    8934       2.6871
    8935       2.8807
    8936       2.8212
    8937       2.8553
    8938       2.7064
    8939       2.5601
    8940       2.4433
    8941       2.6380
    8942       2.6195
    8943       2.6932
    8944       2.7598
    8945       2.6677
    8946       2.8103
    8947       2.7642
    8948       2.6585
    8949       2.8288
    8950       2.7788
    8951       2.6483
    8952       2.7209
    8953       2.8105
    8954       2.7397
    8955       2.7690
    8956       2.8145
    8957       2.8367
    8958       2.8832
    8959       2.7789
    8960       2.8842
    8961       2.9562
    8962       2.9685
    8963       2.8602
    8964       2.7851
    8965       2.6570
    8966       2.7259
    8967       2.6689
    8968       2.6396
    8969       2.5988
    8970       2.6070
    8971       2.7586
    8972       2.5943
    8973       2.6456
    8974       2.8160
    8975       2.9440
    8976       2.9532
    8977       3.0882
    8978       3.2499
    8979       3.1750
    8980       3.2043
    8981       3.2937
    8982       3.1625
    8983       3.1183
    8984       2.8804
    8985       2.9719
    8986       3.1223
    8987       3.1239
    8988       3.1436
    8989       3.1682
    8990       3.2904
    8991       3.0315
    8992       3.0879
    8993       3.0747
    8994       2.9717
    8995       2.9036
    8996       3.0083
    8997       2.8858
    8998       2.9618
    8999       2.9717
    9000       3.1197
    9001       3.2972
    9002       3.1806
    9003       3.0995
    9004       3.2685
    9005       3.5918
    9006       3.5903
    9007       3.4807
    9008       3.3744
    9009       3.3332
    9010       3.2928
    9011       3.2675
    9012       3.3175
    9013       3.4176
    9014       3.2544
    9015       3.2424
    9016       3.1765
    9017       2.9963
    9018       2.8612
    9019       3.0856
    9020       2.9823
    9021       3.0215
    9022       2.9701
    9023       2.9422
    9024       2.8856
    9025       2.8581
    9026       3.0902
    9027       2.7966
    9028       2.8656
    9029       2.8833
    9030       2.8624
    9031       2.9885
    9032       2.9119
    9033       2.9876
    9034       3.0165
    9035       3.0421
    9036       2.8534
    9037       2.7667
    9038       2.8248
    9039       2.8806
    9040       3.0068
    9041       2.8903
    9042       2.8828
    9043       2.9870
    9044       2.9088
    9045       2.8982
    9046       2.8113
    9047       2.7466
    9048       2.6134
    9049       2.5685
    9050       2.5173
    9051       2.7007
    9052       2.6773
    9053       2.6708
    9054       2.6295
    9055       2.5993
    9056       2.5474
    9057       2.6413
    9058       2.7357
    9059       2.6818
    9060       2.6220
    9061       2.5160
    9062       2.3793
    9063       2.4306
    9064       2.4804
    9065       2.3156
    9066       2.2647
    9067       2.1553
    9068       2.4450
    9069       2.2889
    9070       2.4470
    9071       2.4142
    9072       2.3236
    9073       2.4070
    9074       2.2331
    9075       2.1337
    9076       2.1259
    9077       2.2487
    9078       2.1086
    9079       2.1986
    9080       2.1181
    9081       2.0187
    9082       1.9973
    9083       2.1093
    9084       2.1368
    9085       2.0882
    9086       2.2866
    9087       2.5068
    9088       2.4658
    9089       2.4116
    9090       2.3427
    9091       2.2224
    9092       2.2682
    9093       2.3694
    9094       2.3972
    9095       2.3389
    9096       2.3807
    9097       2.5490
    9098       2.5866
    9099       2.4751
    9100       2.4728
    9101       2.4266
    9102       2.5159
    9103       2.2978
    9104       2.2570
    9105       2.3771
    9106       2.3120
    9107       2.2735
    9108       2.2727
    9109       2.2826
    9110       2.3293
    9111       2.3453
    9112       2.4142
    9113       2.7628
    9114       2.5238
    9115       2.5110
    9116       2.5508
    9117       2.4136
    9118       2.4726
    9119       2.3486
    9120       2.4597
    9121       2.3183
    9122       2.2852
    9123       2.3204
    9124       2.4673
    9125       2.5800
    9126       2.5747
    9127       2.6823
    9128       2.8933
    9129       2.9197
    9130       2.8200
    9131       2.9595
    9132       2.7991
    9133       2.8809
    9134       2.9260
    9135       2.8009
    9136       2.7165
    9137       2.5715
    9138       2.4370
    9139       2.5405
    9140       2.5525
    9141       2.5092
    9142       2.2946
    9143       2.5833
    9144       2.8456
    9145       2.6953
    9146       2.7264
    9147       2.7775
    9148       2.8458
    9149       2.9128
    9150       2.8633
    9151       2.8014
    9152       2.8699
    9153       2.9913
    9154       3.0164
    9155       3.0678
    9156       2.9786
    9157       2.8816
    9158       2.8241
    9159       2.9015
    9160       2.7692
    9161       2.7054
    9162       2.7066
    9163       2.7155
    9164       2.6687
    9165       2.7038
    9166       2.6593
    9167       2.8439
    9168       2.7312
    9169       2.5578
    9170       2.7316
    9171       2.5958
    9172       2.6186
    9173       2.6419
    9174       2.5940
    9175       2.7094
    9176       2.7307
    9177       2.7557
    9178       2.3831
    9179       2.5016
    9180       2.4817
    9181       2.6141
    9182       2.6797
    9183       2.7673
    9184       2.8223
    9185       2.6801
    9186       2.6934
    9187       2.7684
    9188       2.6976
    9189       2.7211
    9190       2.6875
    9191       2.5407
    9192       2.5679
    9193       2.4151
    9194       2.5352
    9195       2.5818
    9196       2.6863
    9197       2.5698
    9198       2.5898
    9199       2.6756
    9200       2.5775
    9201       2.6682
    9202       2.5202
    9203       2.5851
    9204       2.5890
    9205       2.5507
    9206       2.7250
    9207       2.7479
    9208       2.8002
    9209       2.7746
    9210       2.7422
    9211       2.6518
    9212       2.6647
    9213       2.7363
    9214       2.8543
    9215       2.7475
    9216       2.6951
    9217       2.8323
    9218       2.6948
    9219       2.6005
    9220       2.7885
    9221       2.9030
    9222       2.7720
    9223       2.5715
    9224       2.7812
    9225       2.8537
    9226       2.9780
    9227       2.8539
    9228       2.7864
    9229       2.7804
    9230       2.8734
    9231       2.9364
    9232       2.8102
    9233       2.7929
    9234       2.8830
    9235       2.9594
    9236       2.8921
    9237       2.7794
    9238       2.7842
    9239       2.7091
    9240       2.6826
    9241       2.5561
    9242       2.5681
    9243       2.7540
    9244       2.7436
    9245       2.6496
    9246       2.6052
    9247       2.7622
    9248       2.8428
    9249       2.9256
    9250       2.9329
    9251       2.8903
    9252       3.0538
    9253       2.9931
    9254       3.0635
    9255       2.9872
    9256       3.0633
    9257       3.1472
    9258       3.0749
    9259       3.1884
    9260       3.0506
    9261       3.0678
    9262       3.0724
    9263       3.0980
    9264       2.9723
    9265       2.8033
    9266       2.7735
    9267       2.9192
    9268       2.8298
    9269       2.8880
    9270       2.9735
    9271       2.8220
    9272       2.9152
    9273       2.9047
    9274       2.7741
    9275       2.8090
    9276       2.8269
    9277       2.8907
    9278       2.8888
    9279       2.8954
    9280       2.8920
    9281       2.9356
    9282       2.9343
    9283       2.8593
    9284       2.8740
    9285       2.9171
    9286       2.8065
    9287       2.6401
    9288       2.8065
    9289       2.7053
    9290       2.7031
    9291       2.9170
    9292       2.9437
    9293       2.8866
    9294       2.8182
    9295       2.9996
    9296       2.6792
    9297       2.7459
    9298       2.6894
    9299       2.7371
    9300       2.7246
    9301       2.6790
    9302       2.7508
    9303       2.8282
    9304       2.6174
    9305       2.6921
    9306       2.7076
    9307       2.8348
    9308       2.8508
    9309       2.7439
    9310       2.4972
    9311       2.4486
    9312       2.4757
    9313       2.5682
    9314       2.6782
    9315       2.9190
    9316       2.9807
    9317       2.9881
    9318       2.9422
    9319       3.0123
    9320       3.0140
    9321       3.0875
    9322       2.9900
    9323       3.1529
    9324       2.9467
    9325       3.0086
    9326       2.8239
    9327       2.9108
    9328       2.9064
    9329       2.7980
    9330       2.9467
    9331       2.9110
    9332       2.9093
    9333       2.9640
    9334       2.7332
    9335       2.8949
    9336       2.8415
    9337       3.0375
    9338       2.9733
    9339       2.9637
    9340       2.9917
    9341       2.9699
    9342       3.1247
    9343       3.2637
    9344       3.3330
    9345       3.1581
    9346       3.1746
    9347       3.0802
    9348       3.1300
    9349       3.1390
    9350       3.1458
    9351       3.0350
    9352       2.9260
    9353       3.1378
    9354       3.1526
    9355       3.1146
    9356       2.9095
    9357       2.9811
    9358       3.0554
    9359       2.9945
    9360       2.8930
    9361       2.9257
    9362       2.9715
    9363       2.9157
    9364       3.0293
    9365       2.8934
    9366       2.9405
    9367       3.0706
    9368       2.9453
    9369       2.8942
    9370       3.0773
    9371       3.0688
    9372       3.0694
    9373       3.0349
    9374       2.9924
    9375       3.1429
    9376       3.1566
    9377       3.2151
    9378       3.0998
    9379       3.1320
    9380       3.0870
    9381       2.9867
    9382       3.1428
    9383       3.2113
    9384       3.1352
    9385       3.2391
    9386       2.9729
    9387       2.8842
    9388       2.7970
    9389       2.8555
    9390       3.0379
    9391       2.8775
    9392       2.9306
    9393       3.0524
    9394       2.9480
    9395       3.1414
    9396       3.1219
    9397       2.9228
    9398       2.9508
    9399       3.0607
    9400       2.9055
    9401       2.8219
    9402       2.9037
    9403       2.9801
    9404       3.3054
    9405       3.2357
    9406       3.1640
    9407       2.9992
    9408       3.0607
    9409       3.0757
    9410       3.1935
    9411       3.2930
    9412       3.3177
    9413       3.2184
    9414       3.3052
    9415       3.1628
    9416       3.1548
    9417       3.0498
    9418       3.1687
    9419       3.0232
    9420       3.1416
    9421       3.0046
    9422       3.1307
    9423       3.1533
    9424       3.0954
    9425       3.0079
    9426       3.0930
    9427       2.9212
    9428       2.9370
    9429       3.0817
    9430       3.0210
    9431       3.2695
    9432       3.0343
    9433       2.9681
    9434       3.2539
    9435       3.0527
    9436       3.1069
    9437       2.8526
    9438       2.8513
    9439       3.0072
    9440       3.0587
    9441       2.9465
    9442       3.0946
    9443       3.1819
    9444       3.1138
    9445       2.9479
    9446       2.8736
    9447       2.8444
    9448       2.8771
    9449       2.9573
    9450       2.9303
    9451       3.0814
    9452       3.0447
    9453       2.7803
    9454       3.0048
    9455       3.0538
    9456       3.0424
    9457       3.0448
    9458       3.1371
    9459       3.2205
    9460       2.9830
    9461       2.9333
    9462       2.9453
    9463       2.8767
    9464       2.9196
    9465       3.0159
    9466       2.9881
    9467       2.9857
    9468       3.0372
    9469       3.0596
    9470       3.0303
    9471       3.0386
    9472       3.0954
    9473       3.1532
    9474       3.1310
    9475       3.4277
    9476       3.3360
    9477       3.1374
    9478       3.1211
    9479       3.1616
    9480       3.1510
    9481       2.9202
    9482       3.0654
    9483       2.9309
    9484       3.0590
    9485       3.1238
    9486       2.9472
    9487       2.9531
    9488       2.9364
    9489       3.0488
    9490       2.8531
    9491       2.8789
    9492       2.7875
    9493       2.8236
    9494       2.9033
    9495       2.9518
    9496       3.0792
    9497       2.9037
    9498       2.9794
    9499       2.8950
    9500       2.7426
    9501       2.8566
    9502       2.8568
    9503       2.7220
    9504       2.7200
    9505       2.7834
    9506       2.5772
    9507       2.6841
    9508       2.6649
    9509       2.6630
    9510       2.5580
    9511       2.6663
    9512       2.7709
    9513       2.8212
    9514       2.8767
    9515       2.9858
    9516       3.1580
    9517       2.8977
    9518       2.9265
    9519       2.8112
    9520       2.9483
    9521       3.0345
    9522       2.9614
    9523       3.0921
    9524       3.0850
    9525       2.8080
    9526       2.9569
    9527       3.0606
    9528       3.0378
    9529       2.9186
    9530       2.8460
    9531       2.6951
    9532       2.7210
    9533       2.8421
    9534       2.9431
    9535       2.8945
    9536       3.0220
    9537       2.9477
    9538       3.0642
    9539       3.0104
    9540       3.1694
    9541       3.0503
    9542       3.3030
    9543       3.2435
    9544       3.0253
    9545       3.0345
    9546       2.9958
    9547       2.9970
    9548       2.8821
    9549       2.8555
    9550       2.7062
    9551       2.8550
    9552       2.7193
    9553       2.7544
    9554       2.9622
    9555       2.9407
    9556       2.7335
    9557       2.8105
    9558       2.7821
    9559       2.8640
    9560       2.9637
    9561       2.9977
    9562       3.1442
    9563       2.8486
    9564       2.8633
    9565       2.7739
    9566       2.8192
    9567       2.7420
    9568       2.9205
    9569       2.8000
    9570       2.7921
    9571       2.8039
    9572       2.7703
    9573       2.7035
    9574       2.6795
    9575       2.7506
    9576       2.9089
    9577       3.0046
    9578       3.1801
    9579       3.0319
    9580       3.0081
    9581       3.0825
    9582       3.1379
    9583       3.0628
    9584       3.0846
    9585       3.1579
    9586       3.1484
    9587       3.1013
    9588       3.2348
    9589       3.0180
    9590       3.1792
    9591       3.1150
    9592       2.9456
    9593       2.7365
    9594       2.9283
    9595       3.2408
    9596       3.1261
    9597       3.2745
    9598       3.4770
    9599       3.5031
    9600       3.5246
    9601       3.4916
    9602       3.3986
    9603       3.5471
    9604       3.4786
    9605       3.5208
    9606       3.3931
    9607       3.3490
    9608       3.1667
    9609       3.3648
    9610       3.2983
    9611       3.2764
    9612       3.3035
    9613       3.5066
    9614       3.6056
    9615       3.6375
    9616       3.6083
    9617       3.7166
    9618       3.5902
    9619       3.6900
    9620       3.6761
    9621       3.7428
    9622       3.8381
    9623       3.6246
    9624       3.7023
    9625       3.7686
    9626       3.6879
    9627       3.5886
    9628       3.4713
    9629       3.5653
    9630       3.4803
    9631       3.3208
    9632       3.2703
    9633       3.4808
    9634       3.5003
    9635       3.3206
    9636       3.2981
    9637       3.1481
    9638       3.0577
    9639       3.1334
    9640       2.9701
    9641       3.2332
    9642       3.2210
    9643       3.0785
    9644       3.3623
    9645       3.3066
    9646       3.3819
    9647       3.3034
    9648       3.4639
    9649       3.2119
    9650       3.2211
    9651       3.2193
    9652       3.0984
    9653       3.2016
    9654       3.4785
    9655       3.5254
    9656       3.4952
    9657       3.5647
    9658       3.4726
    9659       3.5679
    9660       3.4242
    9661       3.3990
    9662       3.3504
    9663       3.3785
    9664       3.3732
    9665       3.2371
    9666       3.1496
    9667       3.2083
    9668       3.3118
    9669       3.4913
    9670       3.3786
    9671       3.0850
    9672       3.0649
    9673       3.2400
    9674       3.1229
    9675       3.2099
    9676       3.1881
    9677       3.3536
    9678       3.2479
    9679       3.2637
    9680       3.3034
    9681       3.3188
    9682       3.2981
    9683       3.3313
    9684       3.2644
    9685       3.1996
    9686       3.0361
    9687       3.0378
    9688       3.1596
    9689       3.0989
    9690       3.1171
    9691       3.2078
    9692       3.2863
    9693       3.2808
    9694       3.2952
    9695       3.2311
    9696       3.2722
    9697       3.2828
    9698       3.1218
    9699       3.2106
    9700       3.1766
    9701       3.0297
    9702       3.1495
    9703       3.4549
    9704       3.3261
    9705       3.2240
    9706       3.1165
    9707       3.0525
    9708       3.0760
    9709       3.0985
    9710       3.3206
    9711       3.3464
    9712       3.4630
    9713       3.3666
    9714       3.3066
    9715       3.4010
    9716       3.4033
    9717       3.3033
    9718       3.1953
    9719       3.0232
    9720       3.1237
    9721       3.1867
    9722       3.3734
    9723       3.4972
    9724       3.4611
    9725       3.3565
    9726       3.4338
    9727       3.4403
    9728       3.2099
    9729       3.1574
    9730       3.1338
    9731       3.1217
    9732       3.1833
    9733       3.4350
    9734       3.3550
    9735       3.2216
    9736       3.2399
    9737       3.1640
    9738       2.9398
    9739       2.8084
    9740       2.8219
    9741       3.0308
    9742       3.0508
    9743       3.1794
    9744       3.0993
    9745       3.2485
    9746       3.0947
    9747       3.2917
    9748       3.4262
    9749       3.3910
    9750       3.4661
    9751       3.2671
    9752       3.3042
    9753       3.4314
    9754       3.4142
    9755       3.4478
    9756       3.4467
    9757       3.2786
    9758       3.3099
    9759       3.4622
    9760       3.3698
    9761       3.3625
    9762       3.2112
    9763       3.0794
    9764       2.9976
    9765       3.1770
    9766       3.3037
    9767       3.2173
    9768       3.1994
    9769       3.3905
    9770       3.3023
    9771       3.3717
    9772       3.2303
    9773       3.2127
    9774       3.0039
    9775       3.0951
    9776       3.1656
    9777       3.0479
    9778       3.2241
    9779       3.0894
    9780       3.1310
    9781       3.1664
    9782       3.1220
    9783       3.0589
    9784       3.1651
    9785       3.2361
    9786       3.3627
    9787       3.1914
    9788       3.1345
    9789       3.2489
    9790       3.1952
    9791       3.1186
    9792       2.9747
    9793       2.9923
    9794       3.1604
    9795       3.0510
    9796       3.1352
    9797       3.0646
    9798       3.1996
    9799       3.1614
    9800       3.0593
    9801       2.9747
    9802       3.0201
    9803       3.1628
    9804       3.0731
    9805       3.1683
    9806       3.3211
    9807       3.3639
    9808       3.4098
    9809       3.3954
    9810       3.5240
    9811       3.3408
    9812       3.3602
    9813       3.2338
    9814       3.2210
    9815       3.1044
    9816       3.0459
    9817       3.0354
    9818       3.1692
    9819       3.2887
    9820       3.1893
    9821       3.1308
    9822       3.2768
    9823       3.1582
    9824       3.2262
    9825       3.1567
    9826       2.9815
    9827       3.1072
    9828       3.2229
    9829       3.0826
    9830       3.1673
    9831       3.0893
    9832       2.9485
    9833       2.8645
    9834       2.9578
    9835       2.8444
    9836       2.8943
    9837       2.7590
    9838       2.9572
    9839       2.9322
    9840       2.8783
    9841       2.8127
    9842       2.9845
    9843       2.9645
    9844       3.0821
    9845       3.0447
    9846       3.0760
    9847       2.9940
    9848       2.8715
    9849       3.0019
    9850       2.9179
    9851       2.9489
    9852       2.8647
    9853       2.9448
    9854       3.0039
    9855       3.1223
    9856       3.1960
    9857       3.1634
    9858       3.1243
    9859       3.1271
    9860       3.1033
    9861       3.0117
    9862       3.1396
    9863       3.0053
    9864       3.0418
    9865       3.0755
    9866       3.0743
    9867       3.1509
    9868       3.1878
    9869       3.3775
    9870       3.3211
    9871       3.1727
    9872       3.2333
    9873       3.0504
    9874       2.9105
    9875       2.9114
    9876       2.9355
    9877       3.0572
    9878       3.1260
    9879       3.1419
    9880       3.0716
    9881       2.9681
    9882       2.8823
    9883       2.9040
    9884       2.6276
    9885       2.5824
    9886       2.4904
    9887       2.6275
    9888       2.7053
    9889       2.6626
    9890       2.6072
    9891       2.5541
    9892       2.6303
    9893       2.4398
    9894       2.3885
    9895       2.6578
    9896       2.7508
    9897       2.6226
    9898       2.4809
    9899       2.6415
    9900       2.6794
    9901       2.7377
    9902       2.6719
    9903       2.6777
    9904       2.6316
    9905       2.6811
    9906       2.6474
    9907       2.6396
    9908       2.6595
    9909       2.5541
    9910       2.5891
    9911       2.5955
    9912       2.5714
    9913       2.6854
    9914       2.7433
    9915       2.8010
    9916       2.7744
    9917       2.6178
    9918       2.7956
    9919       2.6269
    9920       2.7174
    9921       2.7378
    9922       2.7508
    9923       2.7273
    9924       2.6025
    9925       2.8328
    9926       2.9454
    9927       2.8888
    9928       2.7339
    9929       2.6955
    9930       2.7096
    9931       2.6666
    9932       2.8269
    9933       2.8090
    9934       2.8258
    9935       2.7478
    9936       2.8567
    9937       2.9338
    9938       3.0017
    9939       2.9698
    9940       3.0756
    9941       3.1571
    9942       3.0427
    9943       2.9244
    9944       2.9383
    9945       2.8883
    9946       2.8057
    9947       2.7995
    9948       3.0571
    9949       3.1851
    9950       3.1453
    9951       3.2191
    9952       3.2559
    9953       3.2515
    9954       3.2006
    9955       3.0595
    9956       2.8140
    9957       2.9655
    9958       3.0644
    9959       3.2665
    9960       3.2118
    9961       3.1548
    9962       3.4162
    9963       3.0672
    9964       3.2449
    9965       3.4010
    9966       3.3244
    9967       3.4942
    9968       3.3889
    9969       3.3215
    9970       3.5177
    9971       3.4311
    9972       3.2861
    9973       3.4593
    9974       3.3100
    9975       3.3085
    9976       3.1569
    9977       2.8961
    9978       2.7063
    9979       2.9405
    9980       2.9697
    9981       2.8927
    9982       2.8932
    9983       2.8272
    9984       2.8413
    9985       3.1616
    9986       3.2121
    9987       2.9721
    9988       3.1699
    9989       3.1018
    9990       3.0117
    9991       3.0603
    9992       2.9443
    9993       3.1412
    9994       3.0363
    9995       3.0924
    9996       3.2305
    9997       3.1440
    9998       3.0245
    9999       3.0733
   10000       3.0543
