#Frame     RMSD_00002
       1       0.0000
       2       0.8000
       3       0.8409
       4       0.9288
       5       1.0297
       6       1.1477
       7       1.0530
       8       0.9610
       9       0.8417
      10       0.9041
      11       0.9746
      12       0.9777
      13       0.9891
      14       1.1562
      15       1.0702
      16       1.0119
      17       1.1504
      18       1.0997
      19       1.0246
      20       1.1655
      21       1.2225
      22       1.2282
      23       1.1770
      24       1.1007
      25       1.1144
      26       1.0603
      27       1.0604
      28       1.1171
      29       1.1050
      30       1.1961
      31       1.1285
      32       1.0825
      33       1.4563
      34       1.1819
      35       1.0716
      36       1.0617
      37       1.0795
      38       1.2766
      39       1.1989
      40       1.2354
      41       1.4302
      42       1.2959
      43       1.3461
      44       1.3542
      45       1.3569
      46       1.3607
      47       1.2874
      48       1.3349
      49       1.3721
      50       1.3991
      51       1.2904
      52       1.2370
      53       1.1980
      54       1.2759
      55       1.4687
      56       1.4849
      57       1.4149
      58       1.2674
      59       1.2852
      60       1.3930
      61       1.5331
      62       1.6098
      63       1.5770
      64       1.8292
      65       1.8123
      66       1.7289
      67       1.9501
      68       1.9152
      69       2.0172
      70       1.8502
      71       1.7347
      72       1.5840
      73       1.5367
      74       1.4323
      75       1.6470
      76       1.6044
      77       1.6503
      78       1.5070
      79       1.5786
      80       1.3886
      81       1.2844
      82       1.3132
      83       1.3672
      84       1.5952
      85       1.5905
      86       1.4673
      87       1.4090
      88       1.3481
      89       1.4423
      90       1.4108
      91       1.2851
      92       1.2729
      93       1.4246
      94       1.5760
      95       1.4954
      96       1.3764
      97       1.4250
      98       1.5471
      99       1.6239
     100       1.3845
     101       1.4031
     102       1.5276
     103       1.3964
     104       1.6103
     105       1.6048
     106       1.6497
     107       1.4864
     108       1.7294
     109       1.5952
     110       1.6322
     111       1.6437
     112       1.4799
     113       1.5657
     114       1.5419
     115       1.4582
     116       1.5432
     117       1.6243
     118       1.8955
     119       1.7994
     120       1.7682
     121       1.8774
     122       1.5705
     123       1.5325
     124       1.8333
     125       1.7745
     126       1.7547
     127       1.7823
     128       1.6296
     129       1.7034
     130       1.6739
     131       1.4066
     132       1.4893
     133       1.4725
     134       1.5428
     135       1.4788
     136       1.5941
     137       1.5328
     138       1.5368
     139       1.3823
     140       1.4256
     141       1.1469
     142       1.2181
     143       1.2702
     144       1.1608
     145       1.3620
     146       1.2730
     147       1.2673
     148       1.1880
     149       1.3619
     150       1.6119
     151       1.4415
     152       1.4472
     153       1.4702
     154       1.5293
     155       1.4461
     156       1.3436
     157       1.3935
     158       1.5175
     159       1.4806
     160       1.6187
     161       1.6741
     162       1.7721
     163       1.7665
     164       1.6993
     165       1.5337
     166       1.5686
     167       1.7097
     168       1.5654
     169       1.4052
     170       1.5399
     171       1.5759
     172       1.4976
     173       1.7081
     174       1.6221
     175       1.7617
     176       1.7337
     177       1.6522
     178       1.7298
     179       1.5041
     180       1.5568
     181       1.6220
     182       1.5620
     183       1.5136
     184       1.4781
     185       1.5029
     186       1.4647
     187       1.6822
     188       1.8844
     189       1.8491
     190       1.8136
     191       2.0329
     192       2.0389
     193       2.0304
     194       1.9270
     195       1.9928
     196       1.9340
     197       2.0234
     198       2.0038
     199       1.9861
     200       1.9426
     201       2.0138
     202       2.0400
     203       1.8125
     204       1.8356
     205       2.0505
     206       1.9181
     207       1.8506
     208       1.8856
     209       1.8709
     210       1.8580
     211       1.8930
     212       1.7777
     213       1.7932
     214       1.8590
     215       1.8524
     216       1.8107
     217       1.8427
     218       1.8238
     219       1.6898
     220       1.9529
     221       2.0114
     222       2.0874
     223       2.1151
     224       2.0268
     225       2.1256
     226       1.9722
     227       1.8699
     228       1.8926
     229       2.0556
     230       2.0814
     231       1.9676
     232       1.9719
     233       2.0405
     234       2.1131
     235       2.0138
     236       2.0441
     237       2.0367
     238       1.9463
     239       1.9198
     240       1.7397
     241       1.8100
     242       1.8608
     243       1.7179
     244       1.8254
     245       1.8640
     246       1.8055
     247       1.9626
     248       2.2012
     249       2.2408
     250       2.1990
     251       2.2911
     252       2.0900
     253       2.2278
     254       2.0081
     255       1.7215
     256       1.8778
     257       1.9936
     258       1.8384
     259       1.8281
     260       1.9063
     261       1.9630
     262       1.9336
     263       1.9449
     264       1.9547
     265       1.8883
     266       1.8196
     267       1.6544
     268       1.9555
     269       1.8884
     270       1.9931
     271       2.0384
     272       1.8865
     273       1.7506
     274       1.7448
     275       1.6639
     276       1.6266
     277       1.7022
     278       1.7876
     279       1.6311
     280       1.7451
     281       1.6111
     282       1.6791
     283       1.7268
     284       1.8220
     285       1.7621
     286       1.6968
     287       1.6453
     288       1.6519
     289       1.3983
     290       1.4677
     291       1.5162
     292       1.5808
     293       1.6126
     294       1.7679
     295       1.7319
     296       1.5923
     297       1.5431
     298       1.6446
     299       1.6965
     300       1.7059
     301       1.6959
     302       1.6532
     303       1.6626
     304       1.5271
     305       1.8267
     306       1.6494
     307       1.6083
     308       1.6647
     309       1.6405
     310       1.6302
     311       1.5542
     312       1.6950
     313       1.6170
     314       1.6062
     315       1.7164
     316       1.5749
     317       1.6979
     318       1.5807
     319       1.5367
     320       1.4418
     321       1.6169
     322       1.4987
     323       1.5074
     324       1.5609
     325       1.5620
     326       1.5865
     327       1.4461
     328       1.5164
     329       1.6604
     330       1.7219
     331       1.8030
     332       1.6547
     333       1.7031
     334       1.6229
     335       1.6311
     336       1.7128
     337       1.8744
     338       1.7508
     339       1.7426
     340       1.7198
     341       1.5657
     342       1.5761
     343       1.4670
     344       1.5272
     345       1.4498
     346       1.3552
     347       1.3517
     348       1.4022
     349       1.5064
     350       1.5150
     351       1.3962
     352       1.5229
     353       1.5098
     354       1.5202
     355       1.6214
     356       1.5872
     357       1.6868
     358       1.7493
     359       1.7198
     360       1.7035
     361       1.7328
     362       1.7115
     363       1.5831
     364       1.4509
     365       1.6733
     366       1.5372
     367       1.4325
     368       1.4999
     369       1.4268
     370       1.4973
     371       1.5262
     372       1.4438
     373       1.4437
     374       1.4000
     375       1.3216
     376       1.2900
     377       1.4121
     378       1.3156
     379       1.4538
     380       1.3842
     381       1.3726
     382       1.5153
     383       1.4818
     384       1.4876
     385       1.4850
     386       1.4243
     387       1.3398
     388       1.2809
     389       1.2326
     390       1.4660
     391       1.3631
     392       1.3923
     393       1.3650
     394       1.6008
     395       1.6561
     396       1.5545
     397       1.4945
     398       1.7868
     399       1.7202
     400       1.6510
     401       1.6672
     402       1.6422
     403       1.5883
     404       1.6507
     405       1.7720
     406       1.9123
     407       1.8447
     408       1.8179
     409       1.8628
     410       1.7826
     411       1.7888
     412       1.7337
     413       1.4782
     414       1.5955
     415       1.6329
     416       1.7480
     417       1.5676
     418       1.6760
     419       1.7081
     420       1.5263
     421       1.7596
     422       1.5807
     423       1.5348
     424       1.6577
     425       1.5049
     426       1.7078
     427       1.8377
     428       1.7421
     429       1.9478
     430       2.0088
     431       1.7101
     432       1.7851
     433       1.9161
     434       1.8335
     435       1.9032
     436       1.6970
     437       1.6434
     438       1.6077
     439       1.5932
     440       1.5904
     441       1.5577
     442       1.6626
     443       1.5525
     444       1.7108
     445       1.7440
     446       1.7143
     447       1.8044
     448       1.7668
     449       1.6423
     450       1.6500
     451       1.7531
     452       1.6878
     453       1.7925
     454       1.7455
     455       1.6822
     456       1.6432
     457       1.5970
     458       1.6681
     459       1.6491
     460       1.6382
     461       1.5391
     462       1.4729
     463       1.4859
     464       1.4262
     465       1.3903
     466       1.4518
     467       1.4750
     468       1.4419
     469       1.5428
     470       1.6482
     471       1.5770
     472       1.6610
     473       1.7363
     474       1.7248
     475       1.7978
     476       1.8176
     477       1.7696
     478       1.7842
     479       1.7604
     480       1.8260
     481       1.8957
     482       1.8310
     483       1.7357
     484       1.5278
     485       1.6081
     486       1.7276
     487       1.5726
     488       1.5388
     489       1.4150
     490       1.4356
     491       1.5978
     492       1.4859
     493       1.7904
     494       1.7621
     495       1.6044
     496       1.6314
     497       1.6624
     498       1.6438
     499       1.7411
     500       1.8918
     501       1.7230
     502       1.8031
     503       1.7681
     504       1.7541
     505       1.6920
     506       1.5903
     507       1.6373
     508       1.8275
     509       1.8313
     510       1.8121
     511       2.0303
     512       2.0087
     513       2.1364
     514       2.0194
     515       1.9005
     516       1.8381
     517       1.9002
     518       1.6955
     519       1.5915
     520       1.6692
     521       1.6873
     522       1.8139
     523       1.6339
     524       1.6792
     525       1.7672
     526       1.5450
     527       1.5813
     528       1.7357
     529       1.8946
     530       1.9695
     531       1.7721
     532       1.9171
     533       1.8419
     534       1.8272
     535       1.7898
     536       1.5804
     537       1.7007
     538       1.4280
     539       1.4078
     540       1.4565
     541       1.4812
     542       1.5387
     543       1.5311
     544       1.6013
     545       1.8258
     546       1.8139
     547       1.7349
     548       1.7024
     549       1.4878
     550       1.6260
     551       1.7546
     552       1.9137
     553       1.9240
     554       1.8702
     555       1.8654
     556       1.7697
     557       1.7711
     558       1.8461
     559       1.7366
     560       1.7610
     561       1.7785
     562       1.7485
     563       1.6841
     564       1.8192
     565       1.6983
     566       1.5547
     567       1.6988
     568       1.8334
     569       1.7404
     570       1.6553
     571       1.6757
     572       1.6466
     573       1.6696
     574       1.7053
     575       1.4749
     576       1.5866
     577       1.5235
     578       1.5398
     579       1.5051
     580       1.4220
     581       1.4463
     582       1.4602
     583       1.3671
     584       1.4559
     585       1.4142
     586       1.5314
     587       1.6398
     588       1.6938
     589       1.4982
     590       1.4085
     591       1.4788
     592       1.5366
     593       1.5049
     594       1.5445
     595       1.4797
     596       1.4632
     597       1.5507
     598       1.3912
     599       1.5811
     600       1.4266
     601       1.4638
     602       1.4834
     603       1.5175
     604       1.4572
     605       1.6109
     606       1.5151
     607       1.4784
     608       1.5993
     609       1.5864
     610       1.5525
     611       1.6208
     612       1.7093
     613       1.6326
     614       1.4637
     615       1.4060
     616       1.3509
     617       1.4141
     618       1.5104
     619       1.5289
     620       1.6387
     621       1.6096
     622       1.8107
     623       1.8730
     624       1.9505
     625       2.0828
     626       1.9964
     627       2.0638
     628       1.7007
     629       1.7046
     630       1.6231
     631       1.5401
     632       1.5729
     633       1.6589
     634       1.7574
     635       1.5585
     636       1.6675
     637       1.5582
     638       1.6731
     639       1.7287
     640       1.6499
     641       1.6497
     642       1.6179
     643       1.5678
     644       1.6631
     645       1.6988
     646       1.7824
     647       1.6199
     648       1.6046
     649       1.7613
     650       1.6352
     651       1.8228
     652       1.8932
     653       1.8610
     654       1.8510
     655       1.7658
     656       1.7804
     657       1.8142
     658       1.8517
     659       1.7399
     660       1.8946
     661       1.9515
     662       1.8512
     663       1.9055
     664       1.8817
     665       1.8331
     666       1.9120
     667       1.7103
     668       1.6886
     669       1.7589
     670       1.7977
     671       1.5889
     672       1.6940
     673       1.7545
     674       1.5894
     675       1.8305
     676       1.6449
     677       1.7241
     678       1.6930
     679       1.5346
     680       1.6982
     681       1.8293
     682       1.8306
     683       1.8444
     684       1.8248
     685       1.8619
     686       1.9324
     687       1.9585
     688       1.7494
     689       1.7388
     690       1.7165
     691       1.7892
     692       1.7788
     693       1.7231
     694       1.5692
     695       1.5388
     696       1.5634
     697       1.6489
     698       1.5704
     699       1.4595
     700       1.3924
     701       1.3822
     702       1.5414
     703       1.4672
     704       1.6399
     705       1.6856
     706       1.6629
     707       1.6804
     708       1.6213
     709       1.6811
     710       1.6949
     711       1.8239
     712       1.7581
     713       1.7650
     714       1.7107
     715       1.7474
     716       1.5629
     717       1.6397
     718       1.6127
     719       1.6342
     720       1.5196
     721       1.4556
     722       1.4942
     723       1.5115
     724       1.6164
     725       1.4911
     726       1.6189
     727       1.5585
     728       1.5118
     729       1.5606
     730       1.4315
     731       1.6359
     732       1.6422
     733       1.6551
     734       1.4553
     735       1.4389
     736       1.4807
     737       1.4020
     738       1.5504
     739       1.3653
     740       1.3885
     741       1.4663
     742       1.4117
     743       1.3587
     744       1.3484
     745       1.5220
     746       1.5492
     747       1.5238
     748       1.5500
     749       1.5519
     750       1.7242
     751       1.6941
     752       1.6672
     753       1.6784
     754       1.6657
     755       1.6668
     756       1.6778
     757       1.7434
     758       1.6629
     759       1.7423
     760       1.7706
     761       1.7897
     762       1.7103
     763       1.6125
     764       1.6235
     765       1.6635
     766       1.6370
     767       1.7978
     768       1.7695
     769       1.4996
     770       1.6247
     771       1.7217
     772       1.5918
     773       1.6505
     774       1.6854
     775       1.5710
     776       1.6816
     777       1.6850
     778       1.6273
     779       1.5379
     780       1.5847
     781       1.6512
     782       1.6275
     783       1.5951
     784       1.6509
     785       1.5209
     786       1.4830
     787       1.3817
     788       1.3628
     789       1.4789
     790       1.4554
     791       1.4486
     792       1.4645
     793       1.6175
     794       1.5547
     795       1.4396
     796       1.5777
     797       1.3835
     798       1.3574
     799       1.3722
     800       1.3325
     801       1.5961
     802       1.6910
     803       1.6818
     804       1.4121
     805       1.5769
     806       1.6159
     807       1.5349
     808       1.6552
     809       1.6652
     810       1.5556
     811       1.5924
     812       1.6338
     813       1.5624
     814       1.5381
     815       1.4216
     816       1.5790
     817       1.6374
     818       1.6433
     819       1.6512
     820       1.6419
     821       1.5918
     822       1.5402
     823       1.5755
     824       1.4369
     825       1.5287
     826       1.5624
     827       1.5299
     828       1.6622
     829       1.5021
     830       1.5942
     831       1.4649
     832       1.5072
     833       1.5200
     834       1.4714
     835       1.4396
     836       1.5107
     837       1.4886
     838       1.4075
     839       1.4855
     840       1.5775
     841       1.6362
     842       1.6181
     843       1.5827
     844       1.5681
     845       1.6507
     846       1.6093
     847       1.6199
     848       1.6311
     849       1.7128
     850       1.7359
     851       1.8558
     852       1.7853
     853       1.7532
     854       1.9158
     855       1.7427
     856       1.8122
     857       2.0075
     858       1.9472
     859       1.9972
     860       1.9897
     861       1.8720
     862       1.8257
     863       1.9412
     864       1.8842
     865       1.9153
     866       1.8489
     867       1.8567
     868       2.0399
     869       1.7463
     870       1.7020
     871       1.6032
     872       1.6808
     873       1.6976
     874       1.7539
     875       1.8239
     876       1.9624
     877       1.8272
     878       1.8113
     879       1.7726
     880       1.7324
     881       1.8120
     882       1.7651
     883       1.7603
     884       1.8354
     885       1.9010
     886       1.9580
     887       1.7112
     888       1.6152
     889       1.7843
     890       1.7079
     891       1.5701
     892       1.7721
     893       1.8543
     894       1.8275
     895       1.7869
     896       1.6574
     897       1.6078
     898       1.5677
     899       1.6830
     900       1.7146
     901       1.8627
     902       1.8158
     903       1.7967
     904       1.6633
     905       1.5880
     906       1.6322
     907       1.7190
     908       1.6809
     909       1.7634
     910       1.7189
     911       1.5053
     912       1.5767
     913       1.5843
     914       1.7046
     915       1.5963
     916       1.5171
     917       1.7283
     918       1.6733
     919       1.7472
     920       1.6869
     921       1.5944
     922       1.6075
     923       1.6603
     924       1.6980
     925       1.5856
     926       1.6770
     927       1.7007
     928       1.7789
     929       1.7428
     930       1.8305
     931       1.7698
     932       1.8433
     933       1.8648
     934       1.8129
     935       1.8621
     936       1.7191
     937       1.6874
     938       1.7216
     939       1.7546
     940       1.7386
     941       1.7582
     942       1.7352
     943       1.7854
     944       1.8610
     945       1.7216
     946       1.7532
     947       1.8002
     948       1.8816
     949       1.8387
     950       1.8156
     951       1.7655
     952       1.9068
     953       1.8396
     954       1.7726
     955       1.6658
     956       1.5259
     957       1.5665
     958       1.6110
     959       1.6626
     960       1.7074
     961       1.6318
     962       1.6965
     963       1.6976
     964       1.5958
     965       1.6712
     966       1.7672
     967       1.7087
     968       1.7810
     969       1.7889
     970       1.7732
     971       1.9279
     972       1.7983
     973       1.7827
     974       2.0111
     975       1.9679
     976       1.7291
     977       1.7143
     978       1.5581
     979       1.7082
     980       1.7206
     981       1.7221
     982       1.6874
     983       1.6265
     984       1.5501
     985       1.6652
     986       1.7148
     987       1.4689
     988       1.5054
     989       1.6511
     990       1.6903
     991       1.7528
     992       1.8292
     993       1.6610
     994       1.8362
     995       1.8383
     996       1.7703
     997       1.6023
     998       1.5787
     999       1.7098
    1000       1.6697
    1001       1.6011
    1002       1.5503
    1003       1.5996
    1004       1.5921
    1005       1.6278
    1006       1.7324
    1007       1.7704
    1008       1.7142
    1009       1.6996
    1010       1.9802
    1011       1.8726
    1012       1.9329
    1013       2.0901
    1014       1.9781
    1015       1.7756
    1016       1.8875
    1017       1.8894
    1018       1.8220
    1019       1.8179
    1020       1.8388
    1021       1.7042
    1022       1.5008
    1023       1.4989
    1024       1.5094
    1025       1.5600
    1026       1.6319
    1027       1.7297
    1028       1.6780
    1029       1.6547
    1030       1.6156
    1031       1.9171
    1032       1.8655
    1033       1.6076
    1034       1.6946
    1035       1.6962
    1036       1.8998
    1037       1.7378
    1038       1.6658
    1039       1.7461
    1040       1.6814
    1041       1.6033
    1042       1.5576
    1043       1.6245
    1044       1.6612
    1045       1.6772
    1046       1.6813
    1047       1.7245
    1048       1.6647
    1049       1.6645
    1050       1.9021
    1051       1.9738
    1052       2.0752
    1053       1.8745
    1054       1.8818
    1055       1.8559
    1056       1.8360
    1057       1.8422
    1058       1.8957
    1059       1.7915
    1060       1.8230
    1061       1.8257
    1062       1.8248
    1063       1.7757
    1064       1.7046
    1065       1.7530
    1066       1.6079
    1067       1.5858
    1068       1.5696
    1069       1.4471
    1070       1.4916
    1071       1.4138
    1072       1.5525
    1073       1.5225
    1074       1.3701
    1075       1.5473
    1076       1.6028
    1077       1.5320
    1078       1.5795
    1079       1.7051
    1080       1.5925
    1081       1.6393
    1082       1.6635
    1083       1.6901
    1084       1.6986
    1085       1.7103
    1086       1.6083
    1087       1.7435
    1088       1.7288
    1089       1.7953
    1090       1.7278
    1091       1.6181
    1092       1.6861
    1093       1.8462
    1094       1.6130
    1095       1.6502
    1096       1.7384
    1097       1.6674
    1098       1.5986
    1099       1.6667
    1100       1.6719
    1101       1.6795
    1102       1.7124
    1103       1.7445
    1104       1.8553
    1105       1.9588
    1106       1.8872
    1107       1.9099
    1108       1.8414
    1109       1.7187
    1110       1.6596
    1111       1.5323
    1112       1.5413
    1113       1.6116
    1114       1.6020
    1115       1.6640
    1116       1.6554
    1117       1.5879
    1118       1.5656
    1119       1.5841
    1120       1.6735
    1121       1.7168
    1122       1.5362
    1123       1.5098
    1124       1.5385
    1125       1.4817
    1126       1.5174
    1127       1.5004
    1128       1.5613
    1129       1.6596
    1130       1.5943
    1131       1.5930
    1132       1.6435
    1133       1.7199
    1134       1.8275
    1135       1.7099
    1136       1.6289
    1137       1.6125
    1138       1.7539
    1139       1.7454
    1140       1.7610
    1141       1.9256
    1142       1.9858
    1143       1.8587
    1144       1.9193
    1145       1.8915
    1146       1.8572
    1147       1.7667
    1148       1.5815
    1149       1.5024
    1150       1.6337
    1151       1.8148
    1152       1.7183
    1153       1.6866
    1154       1.6685
    1155       1.5584
    1156       1.6149
    1157       1.5090
    1158       1.5949
    1159       1.7208
    1160       1.6346
    1161       1.6135
    1162       1.7302
    1163       1.8526
    1164       1.9975
    1165       2.0292
    1166       2.1831
    1167       1.9618
    1168       1.9607
    1169       2.0163
    1170       2.0028
    1171       1.9315
    1172       1.8352
    1173       1.9063
    1174       1.9601
    1175       1.9383
    1176       1.9916
    1177       1.9756
    1178       2.0605
    1179       2.1400
    1180       2.0992
    1181       2.0240
    1182       2.0335
    1183       2.1943
    1184       2.1135
    1185       2.0044
    1186       1.9924
    1187       1.9499
    1188       1.9426
    1189       1.8233
    1190       1.8313
    1191       1.7891
    1192       1.7996
    1193       1.7796
    1194       1.9072
    1195       1.9500
    1196       1.7856
    1197       1.7525
    1198       1.7463
    1199       1.6846
    1200       1.7169
    1201       1.7261
    1202       1.9060
    1203       1.9430
    1204       1.8928
    1205       1.8283
    1206       1.8825
    1207       1.7812
    1208       1.9418
    1209       1.9130
    1210       1.8473
    1211       1.8941
    1212       1.8732
    1213       1.7629
    1214       1.8311
    1215       1.7398
    1216       1.8044
    1217       1.8319
    1218       1.7447
    1219       1.7383
    1220       1.7563
    1221       1.7364
    1222       1.7599
    1223       1.7594
    1224       1.7095
    1225       1.7118
    1226       1.8671
    1227       1.7102
    1228       1.6499
    1229       1.6376
    1230       1.6778
    1231       1.7359
    1232       1.6372
    1233       1.6257
    1234       1.7228
    1235       1.5882
    1236       1.5736
    1237       1.6436
    1238       1.5642
    1239       1.6952
    1240       1.6874
    1241       1.5678
    1242       1.7259
    1243       1.7911
    1244       1.7928
    1245       1.7062
    1246       1.7401
    1247       1.7566
    1248       1.7644
    1249       1.6000
    1250       1.4286
    1251       1.4416
    1252       1.4796
    1253       1.4765
    1254       1.7030
    1255       1.7169
    1256       1.6127
    1257       1.6519
    1258       1.6887
    1259       1.6767
    1260       1.6508
    1261       1.7499
    1262       1.8421
    1263       1.7241
    1264       1.7647
    1265       1.6735
    1266       1.8321
    1267       1.9841
    1268       2.0153
    1269       1.8437
    1270       1.7006
    1271       1.6998
    1272       1.7749
    1273       1.5309
    1274       1.8019
    1275       1.6447
    1276       1.6091
    1277       1.5878
    1278       1.6886
    1279       1.7461
    1280       1.6034
    1281       1.4886
    1282       1.5433
    1283       1.5839
    1284       1.6389
    1285       1.6692
    1286       1.6977
    1287       1.6606
    1288       1.7740
    1289       1.7612
    1290       1.7853
    1291       1.8103
    1292       1.8645
    1293       1.8066
    1294       1.7605
    1295       1.7650
    1296       1.7263
    1297       1.8095
    1298       1.8105
    1299       1.8097
    1300       1.7394
    1301       1.7891
    1302       1.7722
    1303       1.7203
    1304       1.8941
    1305       1.8768
    1306       1.9124
    1307       1.9879
    1308       1.8790
    1309       1.9290
    1310       1.9988
    1311       1.7937
    1312       1.9250
    1313       1.9986
    1314       1.8944
    1315       1.8960
    1316       1.9339
    1317       1.8028
    1318       1.9588
    1319       1.8908
    1320       1.9003
    1321       1.7557
    1322       1.8499
    1323       1.8057
    1324       1.8428
    1325       1.7268
    1326       1.7962
    1327       1.9306
    1328       1.9788
    1329       1.8550
    1330       1.7071
    1331       1.8251
    1332       1.8424
    1333       1.6188
    1334       1.6354
    1335       1.5932
    1336       1.6058
    1337       1.6052
    1338       1.5555
    1339       1.5934
    1340       1.5662
    1341       1.5644
    1342       1.5681
    1343       1.5743
    1344       1.5099
    1345       1.6180
    1346       1.6468
    1347       1.7655
    1348       1.7374
    1349       1.7940
    1350       1.8026
    1351       1.8698
    1352       1.7484
    1353       1.6691
    1354       1.6681
    1355       1.5876
    1356       1.7330
    1357       1.4682
    1358       1.6235
    1359       1.4458
    1360       1.4711
    1361       1.5531
    1362       1.5783
    1363       1.5405
    1364       1.5871
    1365       1.5392
    1366       1.6135
    1367       1.4961
    1368       1.6228
    1369       1.6317
    1370       1.5357
    1371       1.4637
    1372       1.5059
    1373       1.6230
    1374       1.5878
    1375       1.6083
    1376       1.5774
    1377       1.6071
    1378       1.4990
    1379       1.6947
    1380       1.6769
    1381       1.7163
    1382       1.7175
    1383       1.6467
    1384       1.7080
    1385       1.7260
    1386       1.6848
    1387       1.6640
    1388       1.5342
    1389       1.5473
    1390       1.5013
    1391       1.4859
    1392       1.5670
    1393       1.6626
    1394       1.5954
    1395       1.5285
    1396       1.5348
    1397       1.5774
    1398       1.6289
    1399       1.6351
    1400       1.6254
    1401       1.4680
    1402       1.5559
    1403       1.6216
    1404       1.5423
    1405       1.5674
    1406       1.8109
    1407       1.7781
    1408       1.7681
    1409       1.8910
    1410       1.9935
    1411       2.0660
    1412       1.9584
    1413       1.8226
    1414       1.9521
    1415       1.8804
    1416       1.8872
    1417       1.9873
    1418       2.0870
    1419       1.9787
    1420       1.9439
    1421       1.9573
    1422       2.0164
    1423       1.9423
    1424       1.8415
    1425       1.6071
    1426       1.7623
    1427       1.8372
    1428       1.8865
    1429       1.7027
    1430       1.7285
    1431       1.7511
    1432       1.8308
    1433       1.6352
    1434       1.5754
    1435       1.7477
    1436       1.8052
    1437       1.6684
    1438       1.6767
    1439       1.6295
    1440       1.6880
    1441       1.7063
    1442       1.5360
    1443       1.6357
    1444       1.7006
    1445       1.6913
    1446       1.7669
    1447       1.8216
    1448       1.8998
    1449       1.8844
    1450       2.0368
    1451       1.8473
    1452       1.7424
    1453       1.4653
    1454       1.4704
    1455       1.6101
    1456       1.4742
    1457       1.4847
    1458       1.4487
    1459       1.5563
    1460       1.4959
    1461       1.4847
    1462       1.5286
    1463       1.7739
    1464       1.8814
    1465       1.7252
    1466       1.8543
    1467       2.0115
    1468       2.0160
    1469       1.9561
    1470       2.0623
    1471       2.1551
    1472       2.1285
    1473       1.9202
    1474       2.0475
    1475       1.9296
    1476       1.9171
    1477       1.8336
    1478       1.7981
    1479       1.9586
    1480       1.7354
    1481       1.6981
    1482       1.8106
    1483       1.7953
    1484       1.9671
    1485       1.9058
    1486       2.0302
    1487       2.0089
    1488       1.9803
    1489       2.2090
    1490       2.1209
    1491       2.1744
    1492       2.1268
    1493       1.9679
    1494       1.8627
    1495       1.9737
    1496       1.8379
    1497       1.8892
    1498       1.8688
    1499       1.7579
    1500       1.6592
    1501       1.6971
    1502       1.6298
    1503       1.7120
    1504       1.6898
    1505       1.6321
    1506       1.8469
    1507       1.7637
    1508       1.7110
    1509       1.5125
    1510       1.5280
    1511       1.6637
    1512       1.8414
    1513       1.6821
    1514       1.5998
    1515       1.6810
    1516       1.8942
    1517       1.6996
    1518       1.6116
    1519       1.7251
    1520       1.6819
    1521       1.7721
    1522       1.6036
    1523       1.5634
    1524       1.6012
    1525       1.6063
    1526       1.5759
    1527       1.6037
    1528       1.6147
    1529       1.6092
    1530       1.6717
    1531       1.5920
    1532       1.6159
    1533       1.6151
    1534       1.6497
    1535       1.6536
    1536       1.5450
    1537       1.5796
    1538       1.5976
    1539       1.7505
    1540       1.7197
    1541       1.5925
    1542       1.6864
    1543       1.5991
    1544       1.6963
    1545       1.6590
    1546       1.5628
    1547       1.5921
    1548       1.5827
    1549       1.6654
    1550       1.5989
    1551       1.6620
    1552       1.4920
    1553       1.4993
    1554       1.4802
    1555       1.5980
    1556       1.6753
    1557       1.6153
    1558       1.6232
    1559       1.6053
    1560       1.6541
    1561       1.7480
    1562       1.7691
    1563       1.8321
    1564       1.7281
    1565       1.9061
    1566       1.9004
    1567       1.9244
    1568       1.9695
    1569       2.0142
    1570       2.0633
    1571       1.9363
    1572       1.9773
    1573       1.9619
    1574       1.8728
    1575       1.8435
    1576       1.8985
    1577       2.0281
    1578       2.0119
    1579       1.9052
    1580       1.9948
    1581       1.9966
    1582       1.9996
    1583       1.8351
    1584       1.8526
    1585       1.9298
    1586       2.1456
    1587       1.9492
    1588       2.0197
    1589       1.9974
    1590       1.9500
    1591       1.7555
    1592       1.7626
    1593       1.7818
    1594       1.7298
    1595       1.8462
    1596       1.9117
    1597       1.8178
    1598       1.8271
    1599       1.8573
    1600       2.0016
    1601       2.0630
    1602       2.0113
    1603       1.7785
    1604       1.7264
    1605       1.7406
    1606       1.7751
    1607       1.8219
    1608       1.6067
    1609       1.6887
    1610       1.7630
    1611       1.8228
    1612       1.8978
    1613       1.7456
    1614       1.8146
    1615       1.9004
    1616       1.8853
    1617       1.8927
    1618       1.9945
    1619       1.8765
    1620       1.9701
    1621       1.9315
    1622       1.8163
    1623       2.0714
    1624       2.0442
    1625       2.1198
    1626       2.1287
    1627       2.0350
    1628       2.1999
    1629       2.0566
    1630       2.0358
    1631       2.2170
    1632       1.9308
    1633       2.0028
    1634       2.0661
    1635       2.0223
    1636       2.0015
    1637       1.8259
    1638       1.9189
    1639       1.8509
    1640       1.8318
    1641       1.8114
    1642       2.2036
    1643       1.9826
    1644       2.1674
    1645       2.0401
    1646       1.8475
    1647       1.8705
    1648       1.8026
    1649       1.8437
    1650       1.9439
    1651       1.9794
    1652       2.0277
    1653       2.0734
    1654       2.2378
    1655       2.0018
    1656       1.9731
    1657       2.0663
    1658       2.0864
    1659       1.9398
    1660       1.8444
    1661       1.7969
    1662       1.8387
    1663       1.9115
    1664       1.8150
    1665       1.8210
    1666       1.7708
    1667       1.7728
    1668       1.8577
    1669       1.8738
    1670       1.7309
    1671       1.5923
    1672       1.7145
    1673       1.7959
    1674       1.8582
    1675       1.9746
    1676       1.8842
    1677       1.7926
    1678       1.6944
    1679       1.7381
    1680       1.8321
    1681       1.8032
    1682       1.8464
    1683       1.7175
    1684       1.7225
    1685       1.9912
    1686       1.9426
    1687       2.0856
    1688       1.8599
    1689       1.7143
    1690       1.7793
    1691       1.7105
    1692       1.8252
    1693       1.8555
    1694       1.7938
    1695       1.8554
    1696       1.7635
    1697       1.7389
    1698       1.7874
    1699       1.7274
    1700       1.6761
    1701       1.7112
    1702       1.7424
    1703       1.7145
    1704       1.8362
    1705       1.8773
    1706       2.0032
    1707       1.8383
    1708       1.8052
    1709       1.8392
    1710       1.9240
    1711       1.9060
    1712       1.7953
    1713       1.8546
    1714       1.7044
    1715       1.6155
    1716       1.6452
    1717       1.6370
    1718       1.6946
    1719       1.7457
    1720       1.6770
    1721       1.7337
    1722       1.8079
    1723       1.7472
    1724       1.8732
    1725       1.9313
    1726       1.9101
    1727       1.8525
    1728       1.9383
    1729       1.9462
    1730       1.8306
    1731       1.9084
    1732       1.9009
    1733       1.8912
    1734       1.7317
    1735       1.7440
    1736       1.7446
    1737       1.9191
    1738       1.9394
    1739       1.9419
    1740       1.9295
    1741       1.8821
    1742       1.7071
    1743       1.9875
    1744       2.0155
    1745       1.8375
    1746       1.9639
    1747       2.0655
    1748       2.1620
    1749       2.0754
    1750       2.0509
    1751       2.0348
    1752       2.1088
    1753       1.8987
    1754       2.0574
    1755       2.0714
    1756       2.0861
    1757       2.1291
    1758       2.1956
    1759       2.0864
    1760       2.1616
    1761       1.9981
    1762       1.9812
    1763       1.9642
    1764       2.1068
    1765       2.2049
    1766       2.0712
    1767       1.8620
    1768       1.8226
    1769       1.7733
    1770       1.7495
    1771       1.7246
    1772       1.8409
    1773       1.7472
    1774       1.7810
    1775       1.7729
    1776       1.7582
    1777       1.7285
    1778       1.7152
    1779       1.7598
    1780       1.7941
    1781       1.8862
    1782       1.8431
    1783       1.9075
    1784       1.7992
    1785       1.7324
    1786       1.9116
    1787       1.8863
    1788       1.9984
    1789       1.8290
    1790       1.7605
    1791       1.9141
    1792       1.7371
    1793       1.8087
    1794       1.7170
    1795       1.6214
    1796       1.7756
    1797       1.7032
    1798       1.6044
    1799       1.6566
    1800       1.6456
    1801       1.7169
    1802       1.7125
    1803       1.6822
    1804       1.7182
    1805       1.7503
    1806       1.6986
    1807       1.7562
    1808       1.5698
    1809       1.8014
    1810       1.8003
    1811       1.7446
    1812       1.7447
    1813       1.7097
    1814       1.6155
    1815       1.8792
    1816       1.7704
    1817       1.7975
    1818       1.8293
    1819       1.9585
    1820       1.8294
    1821       1.7834
    1822       1.9340
    1823       1.8530
    1824       2.0391
    1825       2.0311
    1826       1.9845
    1827       1.8509
    1828       1.9727
    1829       1.8240
    1830       1.9044
    1831       2.0087
    1832       2.1677
    1833       1.9635
    1834       2.1067
    1835       1.9905
    1836       2.0018
    1837       1.9748
    1838       2.0451
    1839       2.0429
    1840       1.9755
    1841       1.7509
    1842       1.7709
    1843       1.7505
    1844       1.7880
    1845       1.8098
    1846       1.7915
    1847       1.9092
    1848       1.9874
    1849       1.9394
    1850       2.0619
    1851       1.8372
    1852       1.9393
    1853       1.7385
    1854       1.8367
    1855       1.8758
    1856       2.0586
    1857       2.0784
    1858       1.9050
    1859       1.9638
    1860       1.9425
    1861       1.9286
    1862       1.9852
    1863       2.0279
    1864       2.0926
    1865       2.0244
    1866       2.2037
    1867       1.9818
    1868       2.0068
    1869       2.1054
    1870       1.9947
    1871       2.1165
    1872       2.0092
    1873       2.0671
    1874       2.0807
    1875       1.8160
    1876       1.6960
    1877       1.9633
    1878       1.9213
    1879       1.7616
    1880       1.7498
    1881       1.7339
    1882       1.7599
    1883       1.7913
    1884       1.9650
    1885       1.9763
    1886       2.0180
    1887       2.1149
    1888       2.0374
    1889       2.1049
    1890       2.0623
    1891       2.0033
    1892       2.0537
    1893       2.1892
    1894       2.0769
    1895       2.0317
    1896       2.0307
    1897       2.2292
    1898       2.1272
    1899       2.1936
    1900       2.1459
    1901       2.1182
    1902       2.1179
    1903       2.0579
    1904       2.0391
    1905       1.8121
    1906       1.9804
    1907       1.8710
    1908       1.9752
    1909       1.7825
    1910       1.7813
    1911       1.9887
    1912       2.0012
    1913       2.0512
    1914       1.8732
    1915       1.8702
    1916       1.9126
    1917       1.9576
    1918       1.8763
    1919       1.9924
    1920       2.0226
    1921       2.1140
    1922       2.1770
    1923       2.0584
    1924       2.1861
    1925       2.2067
    1926       2.1020
    1927       2.1635
    1928       2.0326
    1929       1.8568
    1930       1.8563
    1931       1.8290
    1932       1.8531
    1933       2.0672
    1934       2.0001
    1935       1.8829
    1936       1.9097
    1937       1.8517
    1938       1.8451
    1939       1.6890
    1940       1.8622
    1941       1.7973
    1942       1.8040
    1943       1.7748
    1944       1.7387
    1945       1.6961
    1946       1.6544
    1947       1.8519
    1948       1.7412
    1949       1.7589
    1950       1.6287
    1951       1.6454
    1952       1.6304
    1953       1.6617
    1954       1.7664
    1955       1.7954
    1956       1.8278
    1957       1.7924
    1958       1.7660
    1959       1.7250
    1960       1.8890
    1961       1.8557
    1962       1.7460
    1963       1.7766
    1964       1.6978
    1965       1.7430
    1966       1.8590
    1967       1.6327
    1968       1.7135
    1969       1.6661
    1970       1.6169
    1971       1.7038
    1972       1.7663
    1973       1.8397
    1974       1.7027
    1975       1.7398
    1976       1.7225
    1977       1.6940
    1978       1.6489
    1979       1.8150
    1980       1.7140
    1981       1.8766
    1982       1.9572
    1983       2.0044
    1984       2.0430
    1985       1.9908
    1986       2.0128
    1987       2.0532
    1988       1.8458
    1989       1.8099
    1990       1.8339
    1991       1.7967
    1992       1.8525
    1993       1.9215
    1994       1.9474
    1995       2.0445
    1996       1.9712
    1997       1.8490
    1998       1.9638
    1999       2.0143
    2000       1.9310
    2001       1.8955
    2002       1.9255
    2003       1.8379
    2004       1.9272
    2005       1.9359
    2006       1.9008
    2007       1.7482
    2008       1.9181
    2009       1.7848
    2010       1.6862
    2011       1.7137
    2012       1.7041
    2013       1.7121
    2014       1.7520
    2015       1.7803
    2016       1.7694
    2017       1.6223
    2018       1.5411
    2019       1.7418
    2020       1.8018
    2021       1.7286
    2022       1.8836
    2023       1.8755
    2024       1.9815
    2025       1.7266
    2026       1.8907
    2027       2.0841
    2028       1.9663
    2029       1.8384
    2030       1.9049
    2031       1.7809
    2032       1.8418
    2033       1.7474
    2034       1.6831
    2035       1.6738
    2036       1.7213
    2037       1.7101
    2038       1.6317
    2039       1.7714
    2040       1.7159
    2041       1.7265
    2042       1.7305
    2043       1.8391
    2044       1.7536
    2045       1.7706
    2046       1.8751
    2047       1.9067
    2048       1.6990
    2049       1.7535
    2050       1.7519
    2051       1.9791
    2052       1.9765
    2053       1.9094
    2054       1.8865
    2055       1.7410
    2056       1.5540
    2057       1.5954
    2058       1.5637
    2059       1.6127
    2060       1.6315
    2061       1.6378
    2062       1.5951
    2063       1.6198
    2064       1.6529
    2065       1.6729
    2066       1.6278
    2067       1.7687
    2068       1.7929
    2069       1.6636
    2070       1.6944
    2071       1.8071
    2072       1.8874
    2073       1.8753
    2074       1.8300
    2075       1.8279
    2076       1.6402
    2077       1.7494
    2078       1.7834
    2079       1.9091
    2080       2.0608
    2081       1.8707
    2082       1.8972
    2083       1.9378
    2084       2.0413
    2085       2.1206
    2086       2.0771
    2087       1.9608
    2088       1.8930
    2089       2.0094
    2090       1.8201
    2091       1.8868
    2092       1.8319
    2093       1.8615
    2094       1.6277
    2095       1.6379
    2096       1.7270
    2097       1.9035
    2098       1.9524
    2099       1.9353
    2100       2.0539
    2101       1.9553
    2102       1.9097
    2103       1.8834
    2104       1.7886
    2105       1.8382
    2106       1.7621
    2107       1.7729
    2108       1.8102
    2109       1.7061
    2110       1.8269
    2111       1.6505
    2112       1.7057
    2113       1.5940
    2114       1.7332
    2115       1.8429
    2116       1.8785
    2117       1.6776
    2118       1.7276
    2119       1.7756
    2120       1.7963
    2121       1.8429
    2122       1.9360
    2123       1.8265
    2124       1.7544
    2125       1.6890
    2126       1.8216
    2127       1.8324
    2128       1.9954
    2129       1.9071
    2130       1.7128
    2131       1.7256
    2132       1.6366
    2133       1.7249
    2134       1.8103
    2135       1.7989
    2136       1.7214
    2137       1.7875
    2138       1.7092
    2139       1.7389
    2140       1.7474
    2141       1.6895
    2142       1.7138
    2143       1.7126
    2144       1.8008
    2145       1.6555
    2146       1.7521
    2147       1.6884
    2148       1.6710
    2149       1.5393
    2150       1.6179
    2151       1.6817
    2152       1.7321
    2153       1.6763
    2154       1.8062
    2155       1.5966
    2156       1.6596
    2157       1.6073
    2158       1.5587
    2159       1.6446
    2160       1.5737
    2161       1.5876
    2162       1.6172
    2163       1.5849
    2164       1.7486
    2165       1.7770
    2166       1.7409
    2167       1.7064
    2168       1.5768
    2169       1.7619
    2170       1.7408
    2171       1.6550
    2172       1.5699
    2173       1.7021
    2174       1.6249
    2175       1.6169
    2176       1.7978
    2177       1.8466
    2178       1.7305
    2179       1.7873
    2180       1.8459
    2181       1.7585
    2182       1.8806
    2183       1.8160
    2184       1.6936
    2185       1.7296
    2186       1.8264
    2187       1.9259
    2188       1.8310
    2189       1.8314
    2190       1.7748
    2191       1.8062
    2192       1.8012
    2193       1.7885
    2194       1.8284
    2195       1.7448
    2196       2.0408
    2197       1.7783
    2198       1.8432
    2199       1.8040
    2200       1.8275
    2201       1.6319
    2202       1.7063
    2203       1.6946
    2204       1.7754
    2205       1.6701
    2206       1.7932
    2207       1.7118
    2208       1.7376
    2209       1.8152
    2210       1.7884
    2211       1.7197
    2212       1.8377
    2213       1.8487
    2214       2.0374
    2215       2.0034
    2216       1.8182
    2217       1.8420
    2218       1.9544
    2219       1.8571
    2220       1.8588
    2221       1.7352
    2222       1.6421
    2223       1.7821
    2224       1.9013
    2225       1.8314
    2226       1.8857
    2227       1.9370
    2228       1.9514
    2229       1.7854
    2230       1.8314
    2231       1.9043
    2232       1.9605
    2233       2.0241
    2234       1.8892
    2235       1.7630
    2236       1.7187
    2237       1.6779
    2238       1.7410
    2239       1.6097
    2240       1.6232
    2241       1.6018
    2242       1.6232
    2243       1.5916
    2244       1.6421
    2245       1.5500
    2246       1.5359
    2247       1.6464
    2248       1.5846
    2249       1.5646
    2250       1.6761
    2251       1.6459
    2252       1.7444
    2253       1.7926
    2254       1.8077
    2255       1.8643
    2256       1.8146
    2257       1.7251
    2258       1.7454
    2259       1.7696
    2260       1.6797
    2261       1.7952
    2262       1.8329
    2263       1.8596
    2264       1.8171
    2265       1.8001
    2266       1.7154
    2267       1.8162
    2268       1.8054
    2269       1.8892
    2270       1.8172
    2271       1.8543
    2272       1.6491
    2273       1.8025
    2274       1.8130
    2275       1.7874
    2276       1.7410
    2277       1.6544
    2278       1.5781
    2279       1.6516
    2280       1.6546
    2281       1.7185
    2282       1.5634
    2283       1.6086
    2284       1.7265
    2285       1.6284
    2286       1.5929
    2287       1.5168
    2288       1.5311
    2289       1.5810
    2290       1.5388
    2291       1.5398
    2292       1.5925
    2293       1.5410
    2294       1.6459
    2295       1.5199
    2296       1.6732
    2297       1.6762
    2298       1.5270
    2299       1.6332
    2300       1.6700
    2301       1.7672
    2302       1.7910
    2303       1.5640
    2304       1.7509
    2305       1.7483
    2306       1.5969
    2307       1.5433
    2308       1.5544
    2309       1.5848
    2310       1.5634
    2311       1.5603
    2312       1.6021
    2313       1.7086
    2314       1.6897
    2315       1.7306
    2316       1.6481
    2317       1.6718
    2318       1.7971
    2319       1.7892
    2320       1.6722
    2321       1.8593
    2322       1.7184
    2323       1.6714
    2324       1.6765
    2325       1.6143
    2326       1.7703
    2327       1.7224
    2328       1.7974
    2329       1.7282
    2330       1.6596
    2331       1.7629
    2332       1.7072
    2333       1.8575
    2334       2.0534
    2335       1.9060
    2336       1.8740
    2337       1.8003
    2338       1.6265
    2339       1.5768
    2340       1.5353
    2341       1.6622
    2342       1.7289
    2343       1.5305
    2344       1.6768
    2345       1.6062
    2346       1.5521
    2347       1.5911
    2348       1.6298
    2349       1.6525
    2350       1.9555
    2351       1.8428
    2352       1.7580
    2353       1.6259
    2354       1.7547
    2355       1.6677
    2356       1.6818
    2357       1.5845
    2358       1.5902
    2359       1.6250
    2360       1.4696
    2361       1.6907
    2362       1.7688
    2363       1.7877
    2364       1.7995
    2365       1.8245
    2366       1.7764
    2367       1.8274
    2368       1.8468
    2369       1.8439
    2370       1.8119
    2371       1.6944
    2372       1.6081
    2373       1.6250
    2374       1.6933
    2375       1.5761
    2376       1.5690
    2377       1.6430
    2378       1.6451
    2379       1.7126
    2380       1.7762
    2381       1.5834
    2382       1.5965
    2383       1.6212
    2384       1.7721
    2385       1.7357
    2386       1.7254
    2387       1.7885
    2388       1.6916
    2389       1.7612
    2390       1.8200
    2391       1.8432
    2392       1.9241
    2393       1.8444
    2394       1.7994
    2395       1.7441
    2396       1.8174
    2397       1.7276
    2398       1.6760
    2399       1.8042
    2400       1.6465
    2401       1.6567
    2402       1.6257
    2403       1.6054
    2404       1.7121
    2405       1.6451
    2406       1.6066
    2407       1.7195
    2408       1.7443
    2409       1.5631
    2410       1.8386
    2411       1.8885
    2412       1.8832
    2413       1.7504
    2414       1.8422
    2415       1.8561
    2416       1.9363
    2417       1.9135
    2418       1.8749
    2419       2.0322
    2420       1.8777
    2421       1.9864
    2422       1.7537
    2423       1.8731
    2424       1.9324
    2425       1.9210
    2426       1.9767
    2427       2.0404
    2428       1.8027
    2429       1.8163
    2430       1.9099
    2431       1.8670
    2432       1.9662
    2433       1.9704
    2434       1.9964
    2435       2.0580
    2436       1.9394
    2437       1.9679
    2438       1.8758
    2439       1.9225
    2440       2.0367
    2441       1.9962
    2442       1.9190
    2443       1.8895
    2444       1.8449
    2445       1.8005
    2446       1.7888
    2447       1.7692
    2448       1.9763
    2449       1.8292
    2450       1.8629
    2451       1.7905
    2452       1.7637
    2453       1.7991
    2454       1.8681
    2455       1.9148
    2456       2.1068
    2457       2.0384
    2458       2.1444
    2459       1.9219
    2460       2.0717
    2461       2.1444
    2462       2.0001
    2463       1.9176
    2464       1.8304
    2465       1.7652
    2466       1.8270
    2467       1.7882
    2468       2.0259
    2469       2.3939
    2470       2.3219
    2471       2.3424
    2472       2.2007
    2473       2.0693
    2474       2.1698
    2475       2.1114
    2476       2.0259
    2477       2.0211
    2478       1.9179
    2479       1.7973
    2480       1.8564
    2481       1.8418
    2482       1.9332
    2483       1.8337
    2484       1.9264
    2485       1.8117
    2486       1.8155
    2487       1.9265
    2488       2.0419
    2489       1.9976
    2490       2.1056
    2491       1.9689
    2492       1.9404
    2493       2.0989
    2494       2.0411
    2495       2.0513
    2496       2.0198
    2497       1.9182
    2498       1.8732
    2499       1.8910
    2500       1.9776
    2501       2.0939
    2502       2.1608
    2503       2.0300
    2504       2.0374
    2505       2.0945
    2506       1.9933
    2507       1.9239
    2508       1.8254
    2509       1.8773
    2510       1.9124
    2511       2.0048
    2512       1.9319
    2513       1.9830
    2514       1.9626
    2515       1.8346
    2516       1.9058
    2517       1.8035
    2518       1.7873
    2519       1.8781
    2520       2.0147
    2521       1.9436
    2522       1.9874
    2523       2.0844
    2524       1.9006
    2525       1.8496
    2526       1.9771
    2527       2.0899
    2528       2.0673
    2529       2.1437
    2530       1.9410
    2531       2.0359
    2532       2.0156
    2533       1.8995
    2534       2.0851
    2535       2.1589
    2536       2.1162
    2537       1.9963
    2538       1.9754
    2539       2.0211
    2540       2.0718
    2541       2.0298
    2542       2.0229
    2543       1.9842
    2544       1.9653
    2545       2.1730
    2546       2.0374
    2547       1.9781
    2548       2.0854
    2549       2.0054
    2550       1.9992
    2551       2.1526
    2552       2.0309
    2553       2.2164
    2554       2.1837
    2555       2.1809
    2556       2.0157
    2557       2.1716
    2558       2.1179
    2559       2.0389
    2560       2.0358
    2561       1.9552
    2562       2.1182
    2563       2.1001
    2564       2.0671
    2565       2.0624
    2566       2.1683
    2567       2.0681
    2568       2.3189
    2569       2.1859
    2570       2.0444
    2571       2.1616
    2572       2.0800
    2573       2.0156
    2574       2.1018
    2575       2.3495
    2576       1.8793
    2577       1.8529
    2578       1.9357
    2579       2.0496
    2580       1.9528
    2581       1.9687
    2582       2.1199
    2583       2.1601
    2584       1.9582
    2585       1.9131
    2586       2.0234
    2587       1.8205
    2588       1.9039
    2589       1.8372
    2590       1.7508
    2591       1.8174
    2592       1.8371
    2593       1.8153
    2594       1.8065
    2595       1.8221
    2596       1.8795
    2597       1.9772
    2598       1.8593
    2599       1.8252
    2600       1.6860
    2601       1.8407
    2602       1.7728
    2603       1.7474
    2604       1.7529
    2605       1.8353
    2606       1.7394
    2607       1.6561
    2608       1.7829
    2609       2.0124
    2610       2.0907
    2611       1.9509
    2612       2.0259
    2613       2.0415
    2614       1.8929
    2615       1.8634
    2616       1.9363
    2617       1.8644
    2618       1.9767
    2619       2.0484
    2620       2.1772
    2621       2.1226
    2622       1.9897
    2623       1.8720
    2624       1.8337
    2625       1.7296
    2626       1.8806
    2627       1.8829
    2628       1.8327
    2629       1.9442
    2630       1.7665
    2631       1.7917
    2632       1.7161
    2633       1.7809
    2634       1.7045
    2635       1.7473
    2636       1.7085
    2637       1.8470
    2638       1.8719
    2639       1.9816
    2640       1.8423
    2641       1.9889
    2642       1.8439
    2643       1.8486
    2644       1.8529
    2645       2.1224
    2646       2.0186
    2647       1.9419
    2648       1.9440
    2649       1.9496
    2650       2.0341
    2651       2.0747
    2652       2.0627
    2653       2.4097
    2654       2.1705
    2655       2.1453
    2656       2.0112
    2657       2.1124
    2658       2.1818
    2659       2.1719
    2660       2.0101
    2661       1.8843
    2662       2.0503
    2663       2.0024
    2664       2.0224
    2665       1.9588
    2666       1.8470
    2667       1.7987
    2668       1.8784
    2669       1.8706
    2670       1.8704
    2671       1.9302
    2672       1.8749
    2673       1.7607
    2674       1.8966
    2675       2.0935
    2676       2.0440
    2677       2.1789
    2678       2.0168
    2679       2.0380
    2680       2.0303
    2681       1.8293
    2682       1.7861
    2683       1.8170
    2684       2.0281
    2685       1.9343
    2686       2.1011
    2687       1.8679
    2688       1.8700
    2689       1.7795
    2690       1.6712
    2691       1.8605
    2692       1.8567
    2693       1.8602
    2694       2.1042
    2695       2.2211
    2696       2.2231
    2697       2.0526
    2698       2.1553
    2699       2.0778
    2700       2.1487
    2701       2.0887
    2702       1.9176
    2703       1.9327
    2704       1.9962
    2705       1.8287
    2706       2.0791
    2707       2.1816
    2708       2.0973
    2709       2.0622
    2710       1.9967
    2711       1.9613
    2712       1.9779
    2713       2.1152
    2714       2.1354
    2715       2.2007
    2716       2.1653
    2717       2.0595
    2718       1.9550
    2719       1.9035
    2720       1.8450
    2721       1.9168
    2722       1.8255
    2723       1.7351
    2724       1.8686
    2725       1.6793
    2726       1.7253
    2727       1.6541
    2728       1.6499
    2729       1.8014
    2730       1.6493
    2731       1.7237
    2732       1.6894
    2733       1.8268
    2734       1.7230
    2735       1.6582
    2736       1.6878
    2737       1.7661
    2738       1.7716
    2739       1.8304
    2740       1.8858
    2741       1.8531
    2742       1.7133
    2743       1.7198
    2744       1.6395
    2745       1.7632
    2746       1.9088
    2747       1.7662
    2748       2.0255
    2749       1.7288
    2750       1.6912
    2751       1.8020
    2752       1.7842
    2753       1.8166
    2754       1.7452
    2755       1.7297
    2756       1.8849
    2757       1.8291
    2758       1.8535
    2759       1.9350
    2760       1.8901
    2761       1.8144
    2762       1.7399
    2763       1.6739
    2764       1.6331
    2765       1.7469
    2766       1.7279
    2767       1.5915
    2768       1.7482
    2769       1.6860
    2770       1.6780
    2771       1.7649
    2772       1.8176
    2773       1.6810
    2774       1.8257
    2775       1.9134
    2776       1.9495
    2777       1.8723
    2778       1.8315
    2779       1.7498
    2780       1.7337
    2781       1.6824
    2782       1.7252
    2783       1.6737
    2784       1.7144
    2785       1.7084
    2786       1.7967
    2787       1.6562
    2788       1.7031
    2789       1.6872
    2790       1.7526
    2791       1.8430
    2792       1.8693
    2793       1.7854
    2794       1.6799
    2795       1.7977
    2796       1.9552
    2797       1.9823
    2798       1.9341
    2799       1.7115
    2800       1.8329
    2801       1.7209
    2802       1.6705
    2803       1.8589
    2804       1.7480
    2805       1.6398
    2806       1.5465
    2807       1.5868
    2808       1.6432
    2809       1.7229
    2810       1.9023
    2811       1.8824
    2812       1.7431
    2813       1.6197
    2814       1.6921
    2815       1.7097
    2816       1.7394
    2817       1.7291
    2818       1.8088
    2819       1.9011
    2820       1.9517
    2821       1.9885
    2822       1.9085
    2823       1.8255
    2824       1.7932
    2825       1.7305
    2826       1.5464
    2827       1.6827
    2828       1.7172
    2829       1.6515
    2830       1.5527
    2831       1.7081
    2832       1.7065
    2833       1.7530
    2834       1.8258
    2835       1.7447
    2836       1.6573
    2837       1.5269
    2838       1.6990
    2839       1.7760
    2840       1.7526
    2841       1.8091
    2842       1.7490
    2843       1.6416
    2844       1.7067
    2845       1.7367
    2846       1.6925
    2847       1.7873
    2848       1.6703
    2849       1.7356
    2850       1.7991
    2851       1.8218
    2852       1.8334
    2853       1.8386
    2854       2.0746
    2855       1.9713
    2856       1.9685
    2857       1.8390
    2858       1.8436
    2859       1.7939
    2860       1.8549
    2861       1.8294
    2862       1.8955
    2863       2.0900
    2864       1.9423
    2865       1.7812
    2866       1.8877
    2867       1.9813
    2868       2.1786
    2869       2.1654
    2870       2.0237
    2871       1.8486
    2872       1.8632
    2873       1.7582
    2874       1.8043
    2875       1.7963
    2876       1.7239
    2877       1.6208
    2878       1.6297
    2879       1.8306
    2880       1.7882
    2881       1.9068
    2882       2.0826
    2883       1.9677
    2884       1.9675
    2885       2.0595
    2886       1.9201
    2887       1.9792
    2888       1.8731
    2889       1.9062
    2890       1.9546
    2891       1.9437
    2892       1.9277
    2893       1.9272
    2894       1.9996
    2895       1.9697
    2896       1.9688
    2897       2.0663
    2898       2.0405
    2899       2.0516
    2900       1.9982
    2901       1.8238
    2902       1.8173
    2903       1.6824
    2904       1.7715
    2905       1.7707
    2906       1.8363
    2907       1.7963
    2908       1.8481
    2909       1.9187
    2910       1.8744
    2911       1.7691
    2912       1.9584
    2913       1.9451
    2914       2.0554
    2915       1.7902
    2916       1.9769
    2917       1.9235
    2918       1.7851
    2919       1.8015
    2920       1.7338
    2921       1.9024
    2922       1.9351
    2923       1.7222
    2924       1.6987
    2925       1.8937
    2926       1.8747
    2927       1.6936
    2928       1.7486
    2929       1.6235
    2930       1.6805
    2931       1.6494
    2932       1.6953
    2933       1.6396
    2934       1.7297
    2935       1.7614
    2936       1.9557
    2937       1.8608
    2938       1.8364
    2939       1.8696
    2940       1.8016
    2941       1.8764
    2942       1.7722
    2943       1.8128
    2944       1.7513
    2945       1.8218
    2946       1.9598
    2947       1.8571
    2948       1.6797
    2949       1.6795
    2950       1.7707
    2951       1.7841
    2952       1.9076
    2953       1.8735
    2954       1.8888
    2955       1.7819
    2956       1.8096
    2957       1.7632
    2958       1.8406
    2959       1.8900
    2960       2.0866
    2961       2.0279
    2962       1.8738
    2963       2.0341
    2964       1.9675
    2965       2.0073
    2966       1.9663
    2967       1.9873
    2968       2.0445
    2969       1.9874
    2970       1.9167
    2971       1.9208
    2972       1.8337
    2973       1.7652
    2974       1.8933
    2975       1.9104
    2976       1.8237
    2977       1.8519
    2978       1.6856
    2979       1.8064
    2980       1.7643
    2981       1.8370
    2982       1.9867
    2983       2.0590
    2984       2.0795
    2985       2.0635
    2986       1.9389
    2987       1.9952
    2988       2.1097
    2989       1.8802
    2990       1.9839
    2991       2.0037
    2992       1.9375
    2993       2.0055
    2994       1.8994
    2995       1.6677
    2996       1.6056
    2997       1.5561
    2998       1.6346
    2999       1.5495
    3000       1.7899
    3001       1.8402
    3002       1.7298
    3003       1.7153
    3004       1.7159
    3005       1.8511
    3006       1.8866
    3007       1.8477
    3008       1.9560
    3009       1.9668
    3010       2.0071
    3011       1.9450
    3012       2.1154
    3013       1.9267
    3014       1.9147
    3015       1.8604
    3016       1.8513
    3017       1.7836
    3018       1.9070
    3019       1.8048
    3020       1.9552
    3021       1.9504
    3022       2.1094
    3023       2.2903
    3024       2.2854
    3025       2.2443
    3026       2.0824
    3027       2.0681
    3028       2.1003
    3029       2.1764
    3030       2.2144
    3031       1.9463
    3032       1.9476
    3033       1.8541
    3034       1.9049
    3035       1.8293
    3036       1.7295
    3037       1.5847
    3038       1.6345
    3039       1.6243
    3040       1.7182
    3041       1.9136
    3042       1.8297
    3043       1.8027
    3044       1.7550
    3045       1.7677
    3046       1.9328
    3047       1.8086
    3048       2.0167
    3049       1.7775
    3050       1.8917
    3051       2.0469
    3052       2.1215
    3053       1.9802
    3054       1.8321
    3055       1.7507
    3056       1.6320
    3057       1.7907
    3058       1.9122
    3059       1.9305
    3060       1.8202
    3061       1.8205
    3062       1.7839
    3063       1.9400
    3064       1.7836
    3065       1.9430
    3066       1.9127
    3067       1.8347
    3068       1.7809
    3069       1.8747
    3070       1.7659
    3071       1.7529
    3072       1.8100
    3073       1.9971
    3074       2.0216
    3075       1.7568
    3076       1.7362
    3077       1.6835
    3078       1.9895
    3079       1.8634
    3080       1.8387
    3081       1.8450
    3082       1.9229
    3083       1.8891
    3084       1.8996
    3085       1.8349
    3086       1.9456
    3087       1.7449
    3088       1.8643
    3089       1.8824
    3090       1.7789
    3091       1.7633
    3092       1.8977
    3093       1.8937
    3094       1.8518
    3095       1.9956
    3096       1.7433
    3097       1.6876
    3098       1.7216
    3099       1.6604
    3100       1.6739
    3101       1.6232
    3102       1.5810
    3103       1.7218
    3104       1.5139
    3105       1.4887
    3106       1.6215
    3107       1.6455
    3108       1.5085
    3109       1.7470
    3110       1.8771
    3111       1.9485
    3112       1.9343
    3113       1.9676
    3114       1.9008
    3115       1.9362
    3116       1.8347
    3117       1.9348
    3118       1.8846
    3119       1.8546
    3120       1.9305
    3121       1.9957
    3122       1.8122
    3123       1.9924
    3124       1.8103
    3125       1.8639
    3126       2.0447
    3127       2.0277
    3128       1.9268
    3129       1.6889
    3130       1.6940
    3131       1.7159
    3132       1.6719
    3133       1.8305
    3134       1.8981
    3135       1.9681
    3136       1.8683
    3137       1.8382
    3138       1.8430
    3139       1.7846
    3140       1.8403
    3141       1.9135
    3142       1.9240
    3143       1.8463
    3144       1.8306
    3145       1.7626
    3146       1.8358
    3147       1.8000
    3148       1.7813
    3149       1.6596
    3150       1.7862
    3151       1.7547
    3152       1.8903
    3153       1.6706
    3154       1.6098
    3155       1.6461
    3156       1.6503
    3157       1.7021
    3158       1.6769
    3159       1.6957
    3160       1.6494
    3161       1.7209
    3162       1.7643
    3163       1.6807
    3164       1.7422
    3165       1.8114
    3166       1.7698
    3167       1.7182
    3168       1.8727
    3169       1.9139
    3170       2.1465
    3171       2.1273
    3172       1.8930
    3173       1.9896
    3174       1.9276
    3175       1.9723
    3176       1.8575
    3177       1.6757
    3178       1.7769
    3179       1.7615
    3180       1.8403
    3181       1.8577
    3182       1.8747
    3183       1.9816
    3184       1.9323
    3185       1.9491
    3186       2.1411
    3187       1.9917
    3188       2.1632
    3189       2.0656
    3190       2.0881
    3191       2.1316
    3192       1.8686
    3193       1.8464
    3194       2.0949
    3195       2.0615
    3196       1.9354
    3197       1.9838
    3198       1.9417
    3199       1.9735
    3200       1.8392
    3201       1.9095
    3202       1.7445
    3203       1.8319
    3204       1.9569
    3205       1.9887
    3206       1.9745
    3207       1.9461
    3208       1.8173
    3209       1.8519
    3210       1.8636
    3211       1.8409
    3212       1.9272
    3213       1.9181
    3214       1.9375
    3215       2.0181
    3216       1.8280
    3217       1.8945
    3218       1.9244
    3219       1.9146
    3220       1.7346
    3221       1.8638
    3222       1.8796
    3223       1.9787
    3224       2.0397
    3225       2.0280
    3226       2.0013
    3227       2.0740
    3228       2.1523
    3229       1.9021
    3230       1.9243
    3231       1.8723
    3232       1.8134
    3233       1.6367
    3234       1.5896
    3235       1.6130
    3236       1.5541
    3237       1.5752
    3238       1.6206
    3239       1.7033
    3240       1.7725
    3241       1.7247
    3242       1.7233
    3243       1.8716
    3244       1.9735
    3245       1.9851
    3246       1.9853
    3247       1.8874
    3248       1.7356
    3249       1.7102
    3250       1.7213
    3251       1.7921
    3252       1.8999
    3253       1.9028
    3254       1.8146
    3255       1.9074
    3256       1.8805
    3257       1.7589
    3258       1.9580
    3259       2.1057
    3260       1.9672
    3261       2.1297
    3262       1.8978
    3263       1.8095
    3264       1.7019
    3265       1.7920
    3266       1.6046
    3267       1.7474
    3268       1.7837
    3269       1.9808
    3270       1.9929
    3271       1.9745
    3272       2.0226
    3273       1.7798
    3274       1.9000
    3275       2.0142
    3276       1.9690
    3277       1.9442
    3278       1.8639
    3279       1.6817
    3280       1.7016
    3281       1.8993
    3282       1.9946
    3283       1.8165
    3284       1.9374
    3285       1.9264
    3286       2.1260
    3287       2.0803
    3288       2.0854
    3289       1.9731
    3290       2.0247
    3291       1.8948
    3292       1.8728
    3293       1.7785
    3294       1.8473
    3295       1.6462
    3296       1.6455
    3297       1.8075
    3298       1.7353
    3299       1.7607
    3300       1.7422
    3301       1.6760
    3302       1.7401
    3303       1.6372
    3304       1.6913
    3305       1.6702
    3306       1.9778
    3307       1.8770
    3308       1.9295
    3309       1.6623
    3310       1.7367
    3311       1.7012
    3312       1.8605
    3313       1.6876
    3314       1.8608
    3315       1.7488
    3316       1.6397
    3317       1.7090
    3318       1.8313
    3319       1.7570
    3320       1.8724
    3321       1.7811
    3322       1.6971
    3323       1.6403
    3324       1.5900
    3325       1.5474
    3326       1.5925
    3327       1.7277
    3328       1.6314
    3329       1.6659
    3330       1.6232
    3331       1.6316
    3332       1.6230
    3333       1.5816
    3334       1.6261
    3335       1.7004
    3336       1.5817
    3337       1.5255
    3338       1.5852
    3339       1.6315
    3340       1.6991
    3341       1.5104
    3342       1.6044
    3343       1.5592
    3344       1.6546
    3345       1.7208
    3346       1.7083
    3347       1.7815
    3348       1.6707
    3349       1.6000
    3350       1.6816
    3351       1.6889
    3352       1.7401
    3353       1.8683
    3354       1.8376
    3355       1.9372
    3356       1.8312
    3357       1.8311
    3358       1.6919
    3359       1.6425
    3360       1.6349
    3361       1.7298
    3362       1.8341
    3363       1.8543
    3364       1.8999
    3365       1.7567
    3366       1.7691
    3367       1.7716
    3368       1.7626
    3369       1.7667
    3370       1.6980
    3371       1.7743
    3372       1.7558
    3373       1.6606
    3374       1.6928
    3375       1.6763
    3376       1.6215
    3377       1.5565
    3378       1.7688
    3379       1.6585
    3380       1.6305
    3381       1.7619
    3382       1.8073
    3383       1.8022
    3384       1.8374
    3385       1.7821
    3386       1.9033
    3387       1.9605
    3388       1.9531
    3389       1.7670
    3390       1.7910
    3391       1.8181
    3392       1.6648
    3393       1.7706
    3394       1.7857
    3395       1.9289
    3396       1.7614
    3397       1.8445
    3398       1.8360
    3399       1.7694
    3400       1.7494
    3401       1.7539
    3402       1.8015
    3403       1.7210
    3404       1.8269
    3405       1.7458
    3406       1.8266
    3407       1.8622
    3408       2.0399
    3409       2.1876
    3410       2.1851
    3411       2.0220
    3412       1.8233
    3413       1.9457
    3414       2.0790
    3415       2.0831
    3416       2.0789
    3417       2.0987
    3418       2.1035
    3419       1.9427
    3420       1.8312
    3421       1.9139
    3422       1.9553
    3423       1.9607
    3424       2.0406
    3425       1.9450
    3426       2.0269
    3427       1.8054
    3428       1.8579
    3429       1.8115
    3430       1.9226
    3431       1.9621
    3432       1.8321
    3433       1.7158
    3434       1.7385
    3435       1.7171
    3436       1.8237
    3437       1.8352
    3438       1.6993
    3439       1.7670
    3440       1.8344
    3441       1.9329
    3442       2.0156
    3443       2.0308
    3444       2.0000
    3445       1.9161
    3446       1.8520
    3447       1.9056
    3448       1.7880
    3449       1.8063
    3450       1.7572
    3451       1.9333
    3452       1.9902
    3453       1.8628
    3454       1.8027
    3455       1.8470
    3456       1.7449
    3457       1.9692
    3458       1.8519
    3459       1.8308
    3460       1.7774
    3461       1.7201
    3462       1.7831
    3463       1.8972
    3464       1.6026
    3465       1.6756
    3466       1.6049
    3467       1.5479
    3468       1.6042
    3469       1.6276
    3470       1.6625
    3471       1.6791
    3472       1.7894
    3473       1.5984
    3474       1.7115
    3475       1.7383
    3476       1.6595
    3477       1.6291
    3478       1.5072
    3479       1.5941
    3480       1.6268
    3481       1.5030
    3482       1.6028
    3483       1.5689
    3484       1.7562
    3485       1.8689
    3486       1.9141
    3487       1.8186
    3488       1.7753
    3489       1.6776
    3490       1.7471
    3491       1.6701
    3492       1.7589
    3493       1.6631
    3494       1.8489
    3495       1.9477
    3496       1.9241
    3497       1.8355
    3498       1.8530
    3499       2.0282
    3500       1.8851
    3501       1.8316
    3502       1.7287
    3503       1.8308
    3504       1.8172
    3505       1.9058
    3506       1.7713
    3507       1.6009
    3508       1.8220
    3509       1.8756
    3510       1.8672
    3511       1.7253
    3512       1.6693
    3513       1.5983
    3514       1.6823
    3515       1.6087
    3516       1.6080
    3517       1.6861
    3518       1.6460
    3519       1.6769
    3520       1.6772
    3521       1.6257
    3522       1.9340
    3523       1.8794
    3524       1.7528
    3525       1.7605
    3526       1.7644
    3527       1.8111
    3528       1.7784
    3529       1.6989
    3530       1.7299
    3531       1.8485
    3532       1.8077
    3533       1.7676
    3534       1.8067
    3535       1.8893
    3536       1.9310
    3537       1.9939
    3538       1.9216
    3539       1.9250
    3540       1.9828
    3541       2.0802
    3542       2.1375
    3543       2.1250
    3544       2.0489
    3545       1.9941
    3546       2.1200
    3547       2.0339
    3548       2.0153
    3549       1.6726
    3550       1.7218
    3551       1.7537
    3552       1.8505
    3553       1.9314
    3554       1.9479
    3555       1.9446
    3556       2.0100
    3557       1.9034
    3558       1.8838
    3559       2.0026
    3560       1.8906
    3561       1.9554
    3562       1.8487
    3563       1.8566
    3564       1.9037
    3565       1.8999
    3566       1.8790
    3567       1.9040
    3568       1.8480
    3569       1.8344
    3570       1.8645
    3571       1.9590
    3572       1.8884
    3573       1.8978
    3574       1.9879
    3575       1.7204
    3576       1.6837
    3577       1.6013
    3578       1.6663
    3579       1.6334
    3580       1.6039
    3581       1.5899
    3582       1.5002
    3583       1.5686
    3584       1.6430
    3585       1.7351
    3586       1.8704
    3587       1.7198
    3588       1.7856
    3589       1.6837
    3590       1.7860
    3591       1.7798
    3592       1.7272
    3593       1.7001
    3594       1.8105
    3595       1.7401
    3596       1.8244
    3597       1.9127
    3598       1.7450
    3599       1.8373
    3600       1.9448
    3601       1.8446
    3602       1.9335
    3603       1.9202
    3604       1.9339
    3605       1.8962
    3606       1.9088
    3607       1.9334
    3608       1.9502
    3609       1.9487
    3610       1.8884
    3611       1.8689
    3612       1.6369
    3613       1.8227
    3614       1.7103
    3615       1.8142
    3616       1.8476
    3617       1.8109
    3618       1.8327
    3619       1.8574
    3620       1.7711
    3621       1.8295
    3622       1.7538
    3623       1.8322
    3624       1.6876
    3625       1.7805
    3626       1.7487
    3627       1.8169
    3628       1.7783
    3629       1.8272
    3630       1.7674
    3631       1.9106
    3632       1.8442
    3633       1.8704
    3634       1.9473
    3635       2.0419
    3636       1.9538
    3637       2.0925
    3638       2.0427
    3639       1.9272
    3640       1.9559
    3641       1.8928
    3642       1.7093
    3643       1.8326
    3644       1.8475
    3645       1.8555
    3646       1.6978
    3647       1.6746
    3648       1.7456
    3649       1.6744
    3650       1.8280
    3651       1.9651
    3652       1.8767
    3653       1.8497
    3654       1.9818
    3655       1.9958
    3656       2.0342
    3657       1.8088
    3658       1.8922
    3659       1.6633
    3660       1.5768
    3661       1.6199
    3662       1.5886
    3663       1.5544
    3664       1.6892
    3665       1.6466
    3666       1.8123
    3667       1.7768
    3668       1.6484
    3669       1.6802
    3670       1.7591
    3671       1.7151
    3672       1.7418
    3673       1.8278
    3674       1.8372
    3675       1.7044
    3676       1.5921
    3677       1.7184
    3678       1.7478
    3679       1.7083
    3680       1.7782
    3681       1.7986
    3682       1.8057
    3683       1.6169
    3684       1.7999
    3685       1.7032
    3686       1.6941
    3687       1.7208
    3688       1.7048
    3689       1.7010
    3690       1.6852
    3691       1.6001
    3692       1.6445
    3693       1.6918
    3694       1.6245
    3695       1.7218
    3696       1.6599
    3697       1.5802
    3698       1.5703
    3699       1.7162
    3700       1.7622
    3701       1.5439
    3702       1.7100
    3703       1.6865
    3704       1.7381
    3705       1.6943
    3706       1.6396
    3707       1.8496
    3708       2.0823
    3709       2.0075
    3710       2.1637
    3711       2.1197
    3712       2.2677
    3713       2.0951
    3714       2.0096
    3715       2.0905
    3716       2.1530
    3717       1.9761
    3718       1.9822
    3719       2.0727
    3720       2.1217
    3721       2.1046
    3722       2.1278
    3723       2.1966
    3724       2.1967
    3725       2.0913
    3726       2.0836
    3727       1.9301
    3728       2.0391
    3729       1.9937
    3730       1.8241
    3731       1.8990
    3732       1.8738
    3733       1.6423
    3734       1.5240
    3735       1.6680
    3736       1.6438
    3737       1.6468
    3738       1.6777
    3739       1.6979
    3740       1.8048
    3741       1.7525
    3742       1.7413
    3743       1.8690
    3744       1.8037
    3745       1.8439
    3746       1.8015
    3747       1.8270
    3748       1.9802
    3749       1.9746
    3750       2.0038
    3751       2.1505
    3752       2.1099
    3753       1.8048
    3754       1.7704
    3755       1.9977
    3756       1.9084
    3757       1.9528
    3758       1.8778
    3759       1.8498
    3760       1.8038
    3761       1.8406
    3762       1.7909
    3763       1.6297
    3764       1.6898
    3765       1.6349
    3766       1.6386
    3767       1.7187
    3768       1.7138
    3769       1.6311
    3770       1.7268
    3771       1.7897
    3772       1.7925
    3773       1.8743
    3774       2.1998
    3775       1.9565
    3776       1.9463
    3777       1.7622
    3778       1.6276
    3779       1.7640
    3780       1.7002
    3781       1.6796
    3782       1.5657
    3783       1.6718
    3784       1.6880
    3785       1.4639
    3786       1.5955
    3787       1.5396
    3788       1.5037
    3789       1.5857
    3790       1.4685
    3791       1.5192
    3792       1.5097
    3793       1.4399
    3794       1.6302
    3795       1.5012
    3796       1.6346
    3797       1.6072
    3798       1.6874
    3799       1.6971
    3800       1.6934
    3801       1.6295
    3802       1.7550
    3803       1.8832
    3804       1.6539
    3805       1.7175
    3806       1.6734
    3807       1.8103
    3808       1.6345
    3809       1.7035
    3810       1.8390
    3811       1.7355
    3812       1.7141
    3813       1.7539
    3814       1.5083
    3815       1.5046
    3816       1.4708
    3817       1.5390
    3818       1.5146
    3819       1.5607
    3820       1.6128
    3821       1.7098
    3822       1.7150
    3823       1.7562
    3824       1.7734
    3825       1.9555
    3826       1.9896
    3827       1.8786
    3828       1.9531
    3829       1.8996
    3830       1.7962
    3831       1.7760
    3832       1.8584
    3833       1.8633
    3834       1.7822
    3835       1.7614
    3836       1.7336
    3837       1.9263
    3838       2.1050
    3839       2.0384
    3840       1.9285
    3841       1.9117
    3842       1.8761
    3843       1.7615
    3844       1.6686
    3845       1.6981
    3846       1.8774
    3847       1.9950
    3848       1.9657
    3849       1.9916
    3850       1.9976
    3851       1.9689
    3852       1.9421
    3853       1.8640
    3854       1.7253
    3855       1.8574
    3856       1.9142
    3857       1.9178
    3858       1.9423
    3859       1.8610
    3860       1.9847
    3861       1.7930
    3862       1.9392
    3863       1.8495
    3864       1.7331
    3865       1.7656
    3866       1.8049
    3867       1.7560
    3868       1.7758
    3869       1.8167
    3870       1.7186
    3871       1.6292
    3872       1.6406
    3873       1.6997
    3874       1.6965
    3875       1.6115
    3876       1.9116
    3877       1.8974
    3878       1.7404
    3879       1.6888
    3880       1.8792
    3881       2.0054
    3882       1.9369
    3883       1.8339
    3884       1.7352
    3885       1.7497
    3886       1.8589
    3887       1.8590
    3888       1.8003
    3889       1.7535
    3890       1.7799
    3891       1.6668
    3892       1.6970
    3893       1.6336
    3894       1.5631
    3895       1.5212
    3896       1.6293
    3897       1.6710
    3898       1.7791
    3899       1.7297
    3900       1.6037
    3901       1.6760
    3902       1.5644
    3903       1.5653
    3904       1.5638
    3905       1.5070
    3906       1.5893
    3907       1.5647
    3908       1.5475
    3909       1.6805
    3910       1.6584
    3911       1.8435
    3912       1.8555
    3913       1.8083
    3914       1.7396
    3915       1.5923
    3916       1.6724
    3917       1.6654
    3918       1.7222
    3919       1.7686
    3920       1.7134
    3921       1.7505
    3922       1.7103
    3923       1.6906
    3924       1.5915
    3925       1.5947
    3926       1.5864
    3927       1.6665
    3928       1.7692
    3929       1.8085
    3930       1.7530
    3931       1.7647
    3932       1.8202
    3933       1.7864
    3934       1.7048
    3935       1.6295
    3936       1.7607
    3937       1.7219
    3938       1.7234
    3939       1.6562
    3940       1.5964
    3941       1.5132
    3942       1.5051
    3943       1.6108
    3944       1.7688
    3945       1.7162
    3946       1.6751
    3947       1.7233
    3948       1.6962
    3949       1.8320
    3950       1.7904
    3951       1.7548
    3952       1.6139
    3953       1.6654
    3954       1.7026
    3955       1.7310
    3956       1.6729
    3957       1.8771
    3958       1.7970
    3959       1.8472
    3960       1.7292
    3961       1.8537
    3962       1.8963
    3963       1.7114
    3964       1.6711
    3965       1.5603
    3966       1.5442
    3967       1.3797
    3968       1.4123
    3969       1.5580
    3970       1.4610
    3971       1.5669
    3972       1.4502
    3973       1.5293
    3974       1.4783
    3975       1.5746
    3976       1.4352
    3977       1.3886
    3978       1.4718
    3979       1.4629
    3980       1.5419
    3981       1.4812
    3982       1.5080
    3983       1.5964
    3984       1.5621
    3985       1.5988
    3986       1.5339
    3987       1.4233
    3988       1.5647
    3989       1.5461
    3990       1.5110
    3991       1.4693
    3992       1.5323
    3993       1.6490
    3994       1.5906
    3995       1.5628
    3996       1.5708
    3997       1.6941
    3998       1.6597
    3999       1.6753
    4000       1.6764
    4001       1.7032
    4002       1.6239
    4003       1.6140
    4004       1.6773
    4005       1.7218
    4006       1.8454
    4007       1.8939
    4008       1.8295
    4009       1.7615
    4010       1.9610
    4011       1.9343
    4012       1.9513
    4013       1.8192
    4014       1.8276
    4015       1.9530
    4016       2.0465
    4017       2.0544
    4018       2.0847
    4019       2.2575
    4020       2.0829
    4021       2.0492
    4022       2.0247
    4023       2.0360
    4024       1.9845
    4025       1.8645
    4026       2.0453
    4027       1.9092
    4028       1.8563
    4029       1.7942
    4030       1.8339
    4031       1.8754
    4032       1.7377
    4033       1.6870
    4034       1.7849
    4035       1.8785
    4036       1.8700
    4037       1.7253
    4038       1.8761
    4039       2.0040
    4040       2.0229
    4041       2.0035
    4042       1.8832
    4043       2.0278
    4044       2.1808
    4045       2.0978
    4046       2.1584
    4047       2.1351
    4048       2.1367
    4049       2.0609
    4050       1.9891
    4051       1.9195
    4052       2.0981
    4053       2.0172
    4054       1.9906
    4055       2.0442
    4056       2.0600
    4057       2.0731
    4058       2.0889
    4059       2.1117
    4060       2.2137
    4061       2.2148
    4062       2.2050
    4063       2.1334
    4064       2.0919
    4065       2.1713
    4066       2.0561
    4067       2.0145
    4068       1.8328
    4069       1.8460
    4070       1.8992
    4071       1.8250
    4072       1.9208
    4073       1.9170
    4074       1.9311
    4075       1.9311
    4076       2.0394
    4077       1.7165
    4078       1.7014
    4079       1.6791
    4080       1.7750
    4081       1.7110
    4082       1.7150
    4083       1.6796
    4084       1.6277
    4085       1.5701
    4086       1.5529
    4087       1.6178
    4088       1.7637
    4089       1.8103
    4090       1.8722
    4091       1.9197
    4092       1.7404
    4093       1.6314
    4094       1.7807
    4095       1.8782
    4096       1.8559
    4097       1.8098
    4098       1.7619
    4099       1.8879
    4100       1.8991
    4101       1.8420
    4102       1.7108
    4103       1.7448
    4104       1.5926
    4105       1.6577
    4106       1.5603
    4107       1.5838
    4108       1.4857
    4109       1.4460
    4110       1.5716
    4111       1.6626
    4112       1.6723
    4113       1.5081
    4114       1.5725
    4115       1.5876
    4116       1.6222
    4117       1.6264
    4118       1.6672
    4119       1.6878
    4120       1.6810
    4121       1.5589
    4122       1.7063
    4123       1.7230
    4124       1.8330
    4125       1.8506
    4126       1.7888
    4127       1.7987
    4128       1.8421
    4129       1.8816
    4130       1.7828
    4131       1.7230
    4132       1.6616
    4133       1.6931
    4134       1.7381
    4135       1.6739
    4136       1.6215
    4137       1.5575
    4138       1.6469
    4139       1.5573
    4140       1.5736
    4141       1.6410
    4142       1.5969
    4143       1.6695
    4144       1.5849
    4145       1.6026
    4146       1.6212
    4147       1.6344
    4148       1.6709
    4149       1.8159
    4150       1.8416
    4151       1.8728
    4152       1.8316
    4153       1.7883
    4154       1.7575
    4155       1.7154
    4156       1.8353
    4157       1.6639
    4158       1.7134
    4159       1.6564
    4160       1.7651
    4161       1.5777
    4162       1.6803
    4163       1.6984
    4164       1.5992
    4165       1.7039
    4166       1.6583
    4167       1.8298
    4168       1.7105
    4169       1.7479
    4170       1.9093
    4171       1.7404
    4172       1.7530
    4173       1.7537
    4174       1.9555
    4175       2.0497
    4176       1.9621
    4177       1.9780
    4178       1.9922
    4179       2.1820
    4180       2.1399
    4181       2.0531
    4182       1.9718
    4183       1.9762
    4184       1.8717
    4185       1.8319
    4186       1.7968
    4187       1.9615
    4188       1.7258
    4189       1.7336
    4190       1.8795
    4191       1.8556
    4192       1.7975
    4193       1.7866
    4194       1.8621
    4195       1.7566
    4196       1.7539
    4197       1.7053
    4198       1.8429
    4199       1.9222
    4200       1.8849
    4201       1.7807
    4202       1.8491
    4203       1.7773
    4204       1.7907
    4205       1.8006
    4206       1.7461
    4207       1.8403
    4208       1.6794
    4209       1.9791
    4210       1.9889
    4211       1.8462
    4212       1.9192
    4213       1.7287
    4214       1.7858
    4215       1.7735
    4216       1.7055
    4217       1.8800
    4218       1.7520
    4219       1.6578
    4220       1.8966
    4221       1.7851
    4222       1.6553
    4223       1.8119
    4224       1.7687
    4225       1.8633
    4226       1.7606
    4227       1.6206
    4228       1.6428
    4229       1.5298
    4230       1.5914
    4231       1.6660
    4232       1.5293
    4233       1.6370
    4234       1.7509
    4235       1.7094
    4236       1.7697
    4237       1.9247
    4238       1.9122
    4239       1.8478
    4240       1.9453
    4241       1.9870
    4242       1.9198
    4243       2.1734
    4244       2.2083
    4245       2.0158
    4246       1.9902
    4247       1.7364
    4248       1.8712
    4249       1.8661
    4250       1.8000
    4251       1.6268
    4252       1.5531
    4253       1.5634
    4254       1.5842
    4255       1.8242
    4256       1.9104
    4257       1.8080
    4258       1.7984
    4259       1.8042
    4260       1.8046
    4261       1.7812
    4262       1.9388
    4263       1.8284
    4264       1.7258
    4265       1.7100
    4266       1.7215
    4267       1.8558
    4268       1.6812
    4269       1.7300
    4270       1.8497
    4271       1.7245
    4272       1.7221
    4273       1.7859
    4274       1.8164
    4275       1.7080
    4276       1.7969
    4277       1.7318
    4278       1.8086
    4279       1.6509
    4280       1.5879
    4281       1.5405
    4282       1.6234
    4283       1.4342
    4284       1.5108
    4285       1.7246
    4286       1.6680
    4287       1.6988
    4288       1.7148
    4289       1.7670
    4290       1.7314
    4291       1.6729
    4292       1.5468
    4293       1.5439
    4294       1.6233
    4295       1.8057
    4296       1.8315
    4297       1.6270
    4298       1.5874
    4299       1.6250
    4300       1.5932
    4301       1.6239
    4302       1.6152
    4303       1.8914
    4304       1.7385
    4305       1.6247
    4306       1.5266
    4307       1.5294
    4308       1.5603
    4309       1.6305
    4310       1.6879
    4311       1.7940
    4312       1.8326
    4313       1.8802
    4314       1.8782
    4315       1.8575
    4316       1.7842
    4317       1.7880
    4318       1.8743
    4319       1.9040
    4320       1.7295
    4321       1.7176
    4322       1.7108
    4323       1.7625
    4324       1.8489
    4325       1.8662
    4326       1.9556
    4327       1.7712
    4328       1.7083
    4329       1.7475
    4330       1.9146
    4331       1.9239
    4332       2.0809
    4333       1.8742
    4334       1.9614
    4335       1.9418
    4336       1.8662
    4337       1.9485
    4338       1.8777
    4339       1.7731
    4340       1.8218
    4341       1.9053
    4342       1.8980
    4343       1.9327
    4344       1.9655
    4345       1.9159
    4346       1.8505
    4347       1.7622
    4348       1.7891
    4349       1.7547
    4350       1.8628
    4351       1.8573
    4352       1.8566
    4353       1.8193
    4354       1.7625
    4355       1.7400
    4356       1.7518
    4357       1.8621
    4358       1.8357
    4359       1.7994
    4360       1.7765
    4361       1.7423
    4362       1.9792
    4363       1.9281
    4364       1.8436
    4365       1.7068
    4366       1.7122
    4367       1.7393
    4368       1.7123
    4369       1.8413
    4370       1.9126
    4371       1.9134
    4372       1.7882
    4373       1.8816
    4374       1.8161
    4375       1.7100
    4376       1.8597
    4377       1.9132
    4378       1.8255
    4379       1.7630
    4380       1.8822
    4381       1.8382
    4382       1.7791
    4383       1.9001
    4384       2.0122
    4385       1.9671
    4386       2.0315
    4387       1.9439
    4388       1.9858
    4389       2.0054
    4390       1.8958
    4391       1.9602
    4392       2.0789
    4393       1.9599
    4394       1.8876
    4395       1.9575
    4396       1.9335
    4397       1.8919
    4398       1.8944
    4399       1.8670
    4400       1.8220
    4401       1.8466
    4402       1.7501
    4403       1.7080
    4404       1.8862
    4405       1.8078
    4406       1.8855
    4407       1.9672
    4408       1.9527
    4409       1.9786
    4410       1.8164
    4411       1.7232
    4412       1.5685
    4413       1.6178
    4414       1.6912
    4415       1.7430
    4416       1.6938
    4417       1.7772
    4418       1.8515
    4419       1.8320
    4420       1.9265
    4421       1.8385
    4422       1.9641
    4423       2.1325
    4424       1.9751
    4425       2.1872
    4426       2.1101
    4427       2.1168
    4428       1.9952
    4429       1.8477
    4430       1.8000
    4431       1.7653
    4432       1.7373
    4433       1.6942
    4434       1.6154
    4435       1.7568
    4436       1.8246
    4437       1.9463
    4438       1.7781
    4439       1.9432
    4440       1.8540
    4441       1.8208
    4442       1.8334
    4443       1.8553
    4444       2.0687
    4445       2.0103
    4446       2.0950
    4447       2.0021
    4448       1.9510
    4449       1.9824
    4450       2.0401
    4451       2.0390
    4452       1.9367
    4453       1.8940
    4454       1.8591
    4455       1.9552
    4456       1.9738
    4457       2.0763
    4458       1.9448
    4459       1.9516
    4460       2.0174
    4461       1.9832
    4462       1.8301
    4463       1.9284
    4464       1.9414
    4465       2.0717
    4466       1.9702
    4467       2.0429
    4468       2.0721
    4469       2.2692
    4470       2.0941
    4471       1.9220
    4472       2.0065
    4473       1.9727
    4474       2.0967
    4475       2.0708
    4476       1.9901
    4477       1.8929
    4478       1.9613
    4479       1.8363
    4480       1.9517
    4481       1.8490
    4482       1.9235
    4483       1.8801
    4484       1.7855
    4485       1.9073
    4486       1.9487
    4487       1.7993
    4488       1.7877
    4489       2.0821
    4490       2.0248
    4491       1.9951
    4492       2.0245
    4493       2.0305
    4494       1.9529
    4495       1.8884
    4496       1.9609
    4497       1.8007
    4498       1.9859
    4499       1.9192
    4500       1.8519
    4501       1.6996
    4502       1.7788
    4503       1.8281
    4504       1.8352
    4505       1.6774
    4506       1.9053
    4507       1.8311
    4508       1.8672
    4509       1.8905
    4510       1.6655
    4511       1.6908
    4512       1.5982
    4513       1.5477
    4514       1.6195
    4515       1.6110
    4516       1.7898
    4517       1.6616
    4518       1.7953
    4519       1.8692
    4520       1.7659
    4521       1.7788
    4522       1.7769
    4523       1.6871
    4524       1.6292
    4525       1.6513
    4526       1.6401
    4527       1.6224
    4528       1.5672
    4529       1.7912
    4530       1.6193
    4531       1.6630
    4532       1.6582
    4533       1.5962
    4534       1.6201
    4535       1.6586
    4536       1.6944
    4537       1.5242
    4538       1.6618
    4539       1.6300
    4540       1.7471
    4541       1.6626
    4542       1.6538
    4543       1.6784
    4544       1.7374
    4545       1.6850
    4546       1.7142
    4547       1.7631
    4548       1.8157
    4549       1.9717
    4550       1.8428
    4551       1.8510
    4552       1.8413
    4553       1.8399
    4554       1.8476
    4555       1.7650
    4556       1.7095
    4557       1.7347
    4558       1.6326
    4559       1.7326
    4560       1.6142
    4561       1.7629
    4562       1.8806
    4563       1.6743
    4564       1.6164
    4565       1.6914
    4566       1.8410
    4567       1.8470
    4568       1.6869
    4569       1.6555
    4570       1.4677
    4571       1.5844
    4572       1.5251
    4573       1.7056
    4574       1.7351
    4575       1.7512
    4576       1.7550
    4577       1.5914
    4578       1.6517
    4579       1.6806
    4580       1.6434
    4581       1.5614
    4582       1.4938
    4583       1.5456
    4584       1.4685
    4585       1.5477
    4586       1.5071
    4587       1.4852
    4588       1.6301
    4589       1.5885
    4590       1.4893
    4591       1.5061
    4592       1.6686
    4593       1.5840
    4594       1.5146
    4595       1.6856
    4596       1.5606
    4597       1.5178
    4598       1.5903
    4599       1.5880
    4600       1.6002
    4601       1.5982
    4602       1.6795
    4603       1.6931
    4604       1.7825
    4605       1.7798
    4606       1.7131
    4607       1.7361
    4608       1.8291
    4609       1.8202
    4610       1.7919
    4611       1.6884
    4612       1.6587
    4613       1.7920
    4614       1.8932
    4615       1.8686
    4616       1.7773
    4617       1.9404
    4618       1.8270
    4619       1.8367
    4620       1.9860
    4621       1.9280
    4622       1.7772
    4623       1.8106
    4624       1.7862
    4625       1.8409
    4626       1.9084
    4627       1.7059
    4628       1.7951
    4629       1.8710
    4630       1.7389
    4631       1.7775
    4632       1.9082
    4633       1.8178
    4634       1.8020
    4635       1.6889
    4636       1.6782
    4637       1.7898
    4638       1.5862
    4639       1.6520
    4640       1.7334
    4641       1.8491
    4642       1.8490
    4643       1.8224
    4644       1.9270
    4645       1.8501
    4646       1.9380
    4647       1.9405
    4648       1.8368
    4649       1.8517
    4650       1.7164
    4651       1.7228
    4652       1.7882
    4653       1.5181
    4654       1.5198
    4655       1.7299
    4656       1.7750
    4657       1.6795
    4658       1.7507
    4659       1.6065
    4660       1.6624
    4661       1.6348
    4662       1.6826
    4663       1.6466
    4664       1.6392
    4665       1.6345
    4666       1.6594
    4667       1.6923
    4668       1.6038
    4669       1.6406
    4670       1.7045
    4671       1.6427
    4672       1.6063
    4673       1.7124
    4674       1.8127
    4675       1.8259
    4676       1.6707
    4677       1.7741
    4678       1.6786
    4679       1.7011
    4680       1.6345
    4681       1.4880
    4682       1.4418
    4683       1.4438
    4684       1.4577
    4685       1.5045
    4686       1.4738
    4687       1.5841
    4688       1.6016
    4689       1.6655
    4690       1.6583
    4691       1.8229
    4692       1.9129
    4693       1.8446
    4694       1.7598
    4695       1.6529
    4696       1.8774
    4697       1.8818
    4698       1.8971
    4699       1.8027
    4700       1.6166
    4701       1.7616
    4702       1.8454
    4703       1.7865
    4704       1.8166
    4705       1.9427
    4706       1.8734
    4707       1.8377
    4708       1.8052
    4709       1.9152
    4710       1.8114
    4711       1.6831
    4712       1.6606
    4713       1.6352
    4714       1.7376
    4715       1.8323
    4716       1.7346
    4717       1.6755
    4718       1.6014
    4719       1.5463
    4720       1.7329
    4721       1.7366
    4722       1.7764
    4723       1.8185
    4724       1.7877
    4725       1.6764
    4726       1.6405
    4727       1.7019
    4728       1.6457
    4729       1.6163
    4730       1.6952
    4731       1.8302
    4732       1.7979
    4733       1.7493
    4734       1.6051
    4735       1.5895
    4736       1.7221
    4737       1.7828
    4738       1.8567
    4739       1.9695
    4740       1.9556
    4741       1.9469
    4742       2.1243
    4743       2.0967
    4744       2.0813
    4745       2.0270
    4746       1.8602
    4747       1.7810
    4748       1.9087
    4749       1.9580
    4750       1.7380
    4751       1.7336
    4752       1.7160
    4753       1.6568
    4754       1.6416
    4755       1.8474
    4756       1.8360
    4757       1.7917
    4758       1.7289
    4759       1.5821
    4760       1.7516
    4761       1.7464
    4762       1.7273
    4763       1.8182
    4764       1.8145
    4765       1.8902
    4766       2.0131
    4767       1.8234
    4768       1.7753
    4769       1.9700
    4770       1.8957
    4771       1.7839
    4772       1.8149
    4773       1.9409
    4774       2.0598
    4775       2.0015
    4776       1.8265
    4777       2.0087
    4778       1.9808
    4779       2.0385
    4780       2.0866
    4781       2.1022
    4782       2.1079
    4783       2.0889
    4784       2.1597
    4785       2.1871
    4786       2.1093
    4787       2.1253
    4788       2.1300
    4789       2.2857
    4790       2.2413
    4791       2.2599
    4792       2.0618
    4793       1.9744
    4794       1.8866
    4795       1.9305
    4796       2.0512
    4797       1.8187
    4798       1.7861
    4799       1.9918
    4800       2.0170
    4801       1.9560
    4802       1.8847
    4803       1.7974
    4804       1.7525
    4805       1.9039
    4806       1.9695
    4807       1.9648
    4808       1.7424
    4809       1.9083
    4810       1.9886
    4811       1.8517
    4812       1.8286
    4813       1.9063
    4814       1.8271
    4815       1.8613
    4816       1.8938
    4817       1.9356
    4818       1.7721
    4819       1.7838
    4820       1.9023
    4821       1.9438
    4822       1.8902
    4823       1.8143
    4824       1.9595
    4825       1.9867
    4826       2.0624
    4827       2.0410
    4828       2.0831
    4829       1.9281
    4830       1.7966
    4831       1.8656
    4832       1.8389
    4833       1.8534
    4834       1.7728
    4835       1.9004
    4836       1.8287
    4837       1.8547
    4838       1.7959
    4839       1.7153
    4840       1.7594
    4841       1.8416
    4842       1.9677
    4843       2.1492
    4844       1.9294
    4845       1.9625
    4846       1.9117
    4847       1.8942
    4848       1.8598
    4849       1.7497
    4850       1.8108
    4851       1.7626
    4852       1.6756
    4853       1.6166
    4854       1.5956
    4855       1.5637
    4856       1.5033
    4857       1.5161
    4858       1.4884
    4859       1.5300
    4860       1.6471
    4861       1.6604
    4862       1.7716
    4863       1.7664
    4864       1.7166
    4865       1.8079
    4866       1.7512
    4867       1.6986
    4868       1.5311
    4869       1.4771
    4870       1.6550
    4871       1.5629
    4872       1.5239
    4873       1.4555
    4874       1.6182
    4875       1.6811
    4876       1.6469
    4877       1.8286
    4878       1.6727
    4879       1.8359
    4880       1.9233
    4881       1.7879
    4882       1.7626
    4883       1.7183
    4884       1.6310
    4885       1.5898
    4886       1.6114
    4887       1.5679
    4888       1.6704
    4889       1.6374
    4890       1.8146
    4891       1.9132
    4892       1.7063
    4893       1.7158
    4894       1.7748
    4895       1.6655
    4896       1.5888
    4897       1.6568
    4898       1.6527
    4899       1.5692
    4900       1.5125
    4901       1.5988
    4902       1.6392
    4903       1.6679
    4904       1.5827
    4905       1.5095
    4906       1.5107
    4907       1.5482
    4908       1.6766
    4909       1.6920
    4910       1.5576
    4911       1.5160
    4912       1.6323
    4913       1.6885
    4914       1.6390
    4915       1.6673
    4916       1.6004
    4917       1.6736
    4918       1.5693
    4919       1.6479
    4920       1.6802
    4921       1.7502
    4922       1.6146
    4923       1.6738
    4924       1.6532
    4925       1.5937
    4926       1.5901
    4927       1.5856
    4928       1.7003
    4929       1.7181
    4930       1.6756
    4931       1.6187
    4932       1.8135
    4933       1.9324
    4934       1.7889
    4935       1.8489
    4936       1.9914
    4937       1.9184
    4938       1.7869
    4939       1.7250
    4940       1.8192
    4941       1.7666
    4942       1.7742
    4943       1.7933
    4944       1.7414
    4945       1.7072
    4946       1.8136
    4947       1.7816
    4948       1.7335
    4949       1.6685
    4950       1.6919
    4951       1.5367
    4952       1.5753
    4953       1.5541
    4954       1.5075
    4955       1.5149
    4956       1.6610
    4957       1.7052
    4958       1.6096
    4959       1.6576
    4960       1.5974
    4961       1.5596
    4962       1.6879
    4963       1.6712
    4964       1.6138
    4965       1.6829
    4966       1.7851
    4967       1.7026
    4968       1.9422
    4969       2.1015
    4970       2.0792
    4971       1.9749
    4972       2.0892
    4973       2.0678
    4974       2.0426
    4975       1.9599
    4976       2.0593
    4977       1.9991
    4978       2.0718
    4979       1.9027
    4980       1.7524
    4981       1.8079
    4982       1.6948
    4983       1.7455
    4984       1.6756
    4985       1.7387
    4986       1.7661
    4987       1.8178
    4988       1.8519
    4989       1.8409
    4990       1.7239
    4991       1.7892
    4992       1.7882
    4993       1.7475
    4994       1.7787
    4995       1.8471
    4996       1.9174
    4997       2.0324
    4998       1.9994
    4999       1.8684
    5000       1.9554
    5001       1.9976
    5002       1.8521
    5003       1.7935
    5004       1.7934
    5005       1.7799
    5006       1.9374
    5007       1.9513
    5008       1.8417
    5009       1.8915
    5010       1.9071
    5011       1.9137
    5012       1.8753
    5013       1.7928
    5014       1.7763
    5015       1.6939
    5016       1.7125
    5017       1.9827
    5018       1.7444
    5019       1.7784
    5020       1.7059
    5021       1.8039
    5022       1.7006
    5023       1.7412
    5024       1.7227
    5025       1.7620
    5026       1.9559
    5027       2.1127
    5028       2.0401
    5029       2.0780
    5030       1.9453
    5031       1.9710
    5032       2.0214
    5033       1.8088
    5034       1.7858
    5035       1.7891
    5036       1.7779
    5037       1.7074
    5038       1.8214
    5039       1.9462
    5040       1.8139
    5041       1.9542
    5042       1.8950
    5043       1.8925
    5044       1.7764
    5045       1.8329
    5046       1.7821
    5047       1.7763
    5048       1.9895
    5049       1.9805
    5050       2.0710
    5051       1.9252
    5052       1.9865
    5053       1.9396
    5054       1.8739
    5055       1.8885
    5056       1.7571
    5057       1.6903
    5058       1.8164
    5059       1.7506
    5060       1.8258
    5061       1.8567
    5062       1.9469
    5063       1.8391
    5064       1.8456
    5065       1.8966
    5066       1.8794
    5067       1.9234
    5068       1.9955
    5069       2.0550
    5070       2.1587
    5071       2.2252
    5072       2.2007
    5073       2.1875
    5074       2.1904
    5075       2.0404
    5076       1.9606
    5077       2.0535
    5078       2.0829
    5079       2.2101
    5080       2.1945
    5081       1.9562
    5082       1.9695
    5083       2.0005
    5084       2.2302
    5085       1.9160
    5086       2.0523
    5087       2.0301
    5088       2.0243
    5089       2.0822
    5090       2.0562
    5091       2.0659
    5092       2.2971
    5093       2.1334
    5094       2.2832
    5095       2.1702
    5096       2.1983
    5097       2.0461
    5098       1.9745
    5099       2.0594
    5100       1.9080
    5101       1.8936
    5102       1.8997
    5103       1.9378
    5104       2.0082
    5105       2.0284
    5106       1.9860
    5107       2.1376
    5108       2.2538
    5109       2.1416
    5110       2.1539
    5111       2.1639
    5112       2.0924
    5113       2.1010
    5114       2.0182
    5115       2.1375
    5116       2.1470
    5117       2.1348
    5118       1.9883
    5119       1.8972
    5120       1.7237
    5121       2.0573
    5122       2.1111
    5123       2.1741
    5124       2.0042
    5125       2.0048
    5126       1.9237
    5127       1.9480
    5128       2.0008
    5129       2.0016
    5130       2.0861
    5131       2.0020
    5132       1.9307
    5133       2.1033
    5134       2.1060
    5135       2.3314
    5136       2.1103
    5137       2.0889
    5138       2.0520
    5139       1.9896
    5140       2.0052
    5141       1.9803
    5142       2.1320
    5143       2.1047
    5144       1.8221
    5145       1.7994
    5146       1.7294
    5147       1.6821
    5148       1.7596
    5149       1.9885
    5150       1.8508
    5151       1.8107
    5152       1.9441
    5153       1.9812
    5154       1.8549
    5155       1.8119
    5156       1.7584
    5157       1.8094
    5158       1.8369
    5159       1.6831
    5160       1.5807
    5161       1.5311
    5162       1.5744
    5163       1.5381
    5164       1.5208
    5165       1.5389
    5166       1.6192
    5167       1.7770
    5168       1.7879
    5169       1.6304
    5170       1.7346
    5171       1.9296
    5172       1.7261
    5173       1.7653
    5174       1.7134
    5175       1.7069
    5176       1.7242
    5177       1.7553
    5178       1.6777
    5179       1.7193
    5180       1.6402
    5181       1.5962
    5182       1.6706
    5183       1.8138
    5184       1.6863
    5185       1.6633
    5186       1.7442
    5187       1.6526
    5188       1.6796
    5189       1.8918
    5190       1.7725
    5191       1.6980
    5192       1.7237
    5193       1.8990
    5194       1.6142
    5195       1.8029
    5196       1.7617
    5197       1.7543
    5198       1.7754
    5199       1.6544
    5200       1.8892
    5201       1.7397
    5202       1.6991
    5203       1.8134
    5204       1.6975
    5205       1.7269
    5206       1.7561
    5207       1.7302
    5208       1.6957
    5209       1.6909
    5210       1.7314
    5211       1.6074
    5212       1.6029
    5213       1.5522
    5214       1.5321
    5215       1.4806
    5216       1.4547
    5217       1.5266
    5218       1.5488
    5219       1.4823
    5220       1.5052
    5221       1.4187
    5222       1.4289
    5223       1.5167
    5224       1.5209
    5225       1.5666
    5226       1.5748
    5227       1.6448
    5228       1.7542
    5229       1.6195
    5230       1.7284
    5231       1.7482
    5232       1.6265
    5233       1.5850
    5234       1.5561
    5235       1.5060
    5236       1.4946
    5237       1.5205
    5238       1.5714
    5239       1.4853
    5240       1.5013
    5241       1.6375
    5242       1.6410
    5243       1.6473
    5244       1.6504
    5245       1.7397
    5246       1.6114
    5247       1.6929
    5248       1.6071
    5249       1.6875
    5250       1.6768
    5251       1.7330
    5252       1.6850
    5253       1.7560
    5254       1.8142
    5255       1.7595
    5256       1.7288
    5257       1.7143
    5258       1.5876
    5259       1.6164
    5260       1.5189
    5261       1.5790
    5262       1.6081
    5263       1.6669
    5264       1.5940
    5265       1.6895
    5266       1.7043
    5267       1.6880
    5268       1.6046
    5269       1.6448
    5270       1.7141
    5271       1.6979
    5272       1.9519
    5273       1.8707
    5274       1.6504
    5275       1.6301
    5276       1.6241
    5277       1.6046
    5278       1.5210
    5279       1.5893
    5280       1.7382
    5281       1.8697
    5282       1.8281
    5283       1.6904
    5284       1.6938
    5285       1.6960
    5286       1.7017
    5287       1.6040
    5288       1.7469
    5289       1.9232
    5290       1.8545
    5291       1.7841
    5292       1.7311
    5293       1.8172
    5294       1.9728
    5295       1.9966
    5296       1.9330
    5297       1.8245
    5298       1.7310
    5299       1.9156
    5300       1.8611
    5301       1.9148
    5302       1.7921
    5303       1.6543
    5304       1.7535
    5305       1.7717
    5306       1.6493
    5307       1.7405
    5308       1.7525
    5309       1.7904
    5310       1.7762
    5311       1.7997
    5312       1.8364
    5313       1.8749
    5314       1.9481
    5315       1.9992
    5316       1.8121
    5317       1.6985
    5318       1.7275
    5319       1.7482
    5320       1.7504
    5321       1.8206
    5322       1.8525
    5323       1.7806
    5324       1.8476
    5325       1.7856
    5326       1.8005
    5327       1.8475
    5328       1.8062
    5329       1.8644
    5330       1.8046
    5331       1.7722
    5332       1.8372
    5333       1.7414
    5334       1.6580
    5335       1.7062
    5336       1.7067
    5337       1.6569
    5338       1.8231
    5339       1.6713
    5340       1.6607
    5341       1.6995
    5342       1.7743
    5343       1.7018
    5344       1.9066
    5345       1.8526
    5346       1.7569
    5347       1.6679
    5348       1.7316
    5349       1.7068
    5350       1.7060
    5351       1.5252
    5352       1.7332
    5353       1.6987
    5354       1.6041
    5355       1.6095
    5356       1.6627
    5357       1.7906
    5358       1.7907
    5359       1.6312
    5360       1.7374
    5361       1.6909
    5362       1.5830
    5363       1.5880
    5364       1.6791
    5365       1.6382
    5366       1.6726
    5367       1.5545
    5368       1.5750
    5369       1.5145
    5370       1.5105
    5371       1.6415
    5372       1.7194
    5373       1.7193
    5374       1.6596
    5375       1.6537
    5376       1.6586
    5377       1.7748
    5378       1.7812
    5379       1.8355
    5380       1.8450
    5381       1.7750
    5382       1.7102
    5383       1.5718
    5384       1.7003
    5385       1.7103
    5386       1.7189
    5387       1.6465
    5388       1.6562
    5389       1.8183
    5390       1.7364
    5391       1.8313
    5392       1.8405
    5393       1.8900
    5394       1.8225
    5395       1.7395
    5396       1.8171
    5397       1.8850
    5398       2.0561
    5399       2.0180
    5400       1.8807
    5401       1.8752
    5402       2.0991
    5403       2.0128
    5404       2.0213
    5405       2.1262
    5406       2.0055
    5407       1.9602
    5408       2.1169
    5409       2.1317
    5410       2.1414
    5411       2.2366
    5412       2.0257
    5413       2.1135
    5414       2.0858
    5415       2.0671
    5416       2.0607
    5417       1.9864
    5418       2.0674
    5419       2.1611
    5420       2.1596
    5421       2.3924
    5422       2.4967
    5423       2.3771
    5424       2.3365
    5425       2.1831
    5426       2.2173
    5427       2.1913
    5428       2.1706
    5429       1.9846
    5430       2.0106
    5431       2.0297
    5432       2.1903
    5433       2.1062
    5434       1.9652
    5435       2.0947
    5436       2.0215
    5437       2.0489
    5438       2.0088
    5439       1.9640
    5440       1.8411
    5441       1.8313
    5442       1.8540
    5443       1.8155
    5444       1.7851
    5445       1.8085
    5446       1.7209
    5447       1.6370
    5448       1.8041
    5449       1.7245
    5450       1.8196
    5451       1.7000
    5452       1.8052
    5453       1.8895
    5454       1.7453
    5455       1.7424
    5456       1.6621
    5457       1.7250
    5458       1.7263
    5459       1.7513
    5460       1.7253
    5461       1.6551
    5462       1.8418
    5463       1.7981
    5464       1.6586
    5465       1.6914
    5466       1.7272
    5467       1.7206
    5468       1.9091
    5469       1.8228
    5470       1.8888
    5471       1.9115
    5472       1.8824
    5473       1.9088
    5474       1.8156
    5475       1.8246
    5476       1.7146
    5477       1.7465
    5478       1.7089
    5479       1.7182
    5480       1.6117
    5481       1.7055
    5482       1.6747
    5483       1.7502
    5484       1.7705
    5485       1.7134
    5486       1.7181
    5487       1.8697
    5488       1.8355
    5489       1.9535
    5490       1.8264
    5491       1.7071
    5492       1.6503
    5493       1.6772
    5494       1.6430
    5495       1.5959
    5496       1.6352
    5497       1.5825
    5498       1.5545
    5499       1.6000
    5500       1.6211
    5501       1.7651
    5502       1.8599
    5503       1.8570
    5504       1.8265
    5505       1.7599
    5506       1.6552
    5507       1.8065
    5508       1.8700
    5509       1.7921
    5510       1.7094
    5511       1.6765
    5512       1.7654
    5513       1.8408
    5514       1.8093
    5515       1.8219
    5516       1.7808
    5517       1.9701
    5518       2.0008
    5519       2.0746
    5520       2.0562
    5521       1.8552
    5522       1.7620
    5523       1.8948
    5524       1.9319
    5525       1.8464
    5526       1.9443
    5527       1.9998
    5528       1.9346
    5529       1.7629
    5530       1.7716
    5531       1.8061
    5532       1.9708
    5533       1.9017
    5534       1.7907
    5535       1.7813
    5536       1.7518
    5537       1.7099
    5538       1.7588
    5539       1.7057
    5540       1.7205
    5541       1.7760
    5542       1.6630
    5543       1.7083
    5544       1.5992
    5545       1.6305
    5546       1.6308
    5547       1.6391
    5548       1.7386
    5549       1.7298
    5550       1.7242
    5551       1.8276
    5552       1.8550
    5553       1.7663
    5554       1.7803
    5555       1.8419
    5556       1.8886
    5557       1.8726
    5558       1.7111
    5559       1.6911
    5560       1.7227
    5561       1.7531
    5562       1.7593
    5563       1.6300
    5564       1.6825
    5565       1.8462
    5566       1.8862
    5567       1.9397
    5568       1.8674
    5569       1.8245
    5570       1.7239
    5571       1.8998
    5572       1.8837
    5573       1.8525
    5574       1.8685
    5575       1.9875
    5576       1.9092
    5577       1.9278
    5578       1.8874
    5579       1.8979
    5580       1.8658
    5581       1.8084
    5582       1.6794
    5583       1.6836
    5584       1.5655
    5585       1.5850
    5586       1.5957
    5587       1.6292
    5588       1.6195
    5589       1.7590
    5590       1.6872
    5591       1.5543
    5592       1.7224
    5593       1.7289
    5594       1.9052
    5595       1.7133
    5596       1.7322
    5597       1.5732
    5598       1.7319
    5599       1.6958
    5600       1.6013
    5601       1.6285
    5602       1.6451
    5603       1.9077
    5604       1.8268
    5605       1.8455
    5606       1.7905
    5607       1.6995
    5608       1.7050
    5609       1.6084
    5610       1.6965
    5611       1.8758
    5612       1.9125
    5613       1.7748
    5614       1.8894
    5615       1.9783
    5616       1.9584
    5617       2.1054
    5618       2.0009
    5619       1.8659
    5620       2.0180
    5621       1.9444
    5622       1.8840
    5623       1.8832
    5624       1.7782
    5625       1.7611
    5626       1.8366
    5627       1.8097
    5628       1.8947
    5629       1.9488
    5630       2.0072
    5631       1.8602
    5632       1.7846
    5633       1.7073
    5634       1.8105
    5635       1.7478
    5636       1.7989
    5637       1.8894
    5638       1.7752
    5639       1.7518
    5640       1.8460
    5641       1.7981
    5642       1.8553
    5643       1.7948
    5644       1.6380
    5645       1.7053
    5646       1.6032
    5647       1.6121
    5648       1.7001
    5649       1.8165
    5650       1.7859
    5651       1.7259
    5652       1.6976
    5653       1.8886
    5654       1.7439
    5655       1.7574
    5656       1.6919
    5657       1.7075
    5658       1.6655
    5659       1.7097
    5660       1.8241
    5661       1.7632
    5662       1.8029
    5663       1.8839
    5664       1.9161
    5665       1.8919
    5666       1.7158
    5667       1.6617
    5668       1.8070
    5669       1.8413
    5670       1.8456
    5671       1.8712
    5672       1.7855
    5673       1.8574
    5674       1.6156
    5675       1.6998
    5676       1.6044
    5677       1.7126
    5678       1.7894
    5679       1.8418
    5680       1.8702
    5681       1.8064
    5682       1.6771
    5683       1.7757
    5684       1.7404
    5685       1.6817
    5686       1.7462
    5687       1.7104
    5688       1.7620
    5689       1.7655
    5690       1.7809
    5691       1.7277
    5692       1.8693
    5693       1.7827
    5694       1.7810
    5695       1.7904
    5696       1.8965
    5697       1.8393
    5698       1.8102
    5699       1.7369
    5700       1.8008
    5701       1.7793
    5702       1.8147
    5703       1.6972
    5704       1.9263
    5705       1.7677
    5706       1.8597
    5707       1.9718
    5708       2.0564
    5709       2.1042
    5710       2.1459
    5711       2.1350
    5712       2.0352
    5713       2.1115
    5714       2.0608
    5715       2.0873
    5716       1.9078
    5717       2.0273
    5718       2.0144
    5719       1.9301
    5720       1.8795
    5721       1.9028
    5722       2.0157
    5723       1.9841
    5724       2.0006
    5725       2.1283
    5726       2.3121
    5727       2.1214
    5728       2.0589
    5729       2.2429
    5730       2.1826
    5731       2.1012
    5732       2.1300
    5733       2.3154
    5734       2.0422
    5735       2.2698
    5736       2.0757
    5737       2.0114
    5738       2.1704
    5739       2.2032
    5740       2.0197
    5741       2.1372
    5742       2.1742
    5743       2.0588
    5744       1.7761
    5745       1.7959
    5746       1.7335
    5747       1.6561
    5748       1.6212
    5749       1.6630
    5750       1.6188
    5751       1.6932
    5752       1.5858
    5753       1.6063
    5754       1.6301
    5755       1.5915
    5756       1.7712
    5757       1.7616
    5758       1.6621
    5759       1.6155
    5760       1.8785
    5761       1.7084
    5762       1.7452
    5763       1.7028
    5764       1.8255
    5765       1.8768
    5766       1.9555
    5767       1.8033
    5768       1.7977
    5769       1.8208
    5770       2.0939
    5771       2.0515
    5772       1.8535
    5773       1.9040
    5774       1.8250
    5775       1.8013
    5776       1.8070
    5777       1.6901
    5778       1.7673
    5779       1.8752
    5780       1.6946
    5781       1.7599
    5782       1.7015
    5783       1.8104
    5784       1.8933
    5785       1.7188
    5786       1.7048
    5787       1.7400
    5788       1.8681
    5789       1.8677
    5790       1.8303
    5791       1.7161
    5792       1.5936
    5793       1.6454
    5794       1.4912
    5795       1.5134
    5796       1.6622
    5797       1.5591
    5798       1.4789
    5799       1.3580
    5800       1.5474
    5801       1.5871
    5802       1.6910
    5803       1.9219
    5804       1.9056
    5805       1.7594
    5806       1.5644
    5807       1.5546
    5808       1.6312
    5809       1.6152
    5810       1.7285
    5811       1.8243
    5812       1.8043
    5813       1.7563
    5814       1.7173
    5815       1.7690
    5816       1.7944
    5817       1.8795
    5818       1.7935
    5819       1.8298
    5820       2.0555
    5821       1.9950
    5822       1.9695
    5823       2.0500
    5824       2.0773
    5825       2.1183
    5826       1.8926
    5827       2.1003
    5828       2.0479
    5829       1.9932
    5830       2.0146
    5831       1.9226
    5832       2.0207
    5833       2.1594
    5834       2.0034
    5835       2.0160
    5836       1.9696
    5837       2.0838
    5838       2.0366
    5839       2.0779
    5840       2.0911
    5841       2.0477
    5842       1.8985
    5843       1.8406
    5844       1.8894
    5845       1.8342
    5846       1.8077
    5847       1.8042
    5848       1.9335
    5849       1.7647
    5850       1.8398
    5851       1.7852
    5852       1.8221
    5853       1.7911
    5854       1.6856
    5855       1.6503
    5856       1.6275
    5857       1.7859
    5858       2.0004
    5859       1.7916
    5860       1.7298
    5861       1.7174
    5862       1.8220
    5863       1.8840
    5864       1.8819
    5865       1.8883
    5866       1.7114
    5867       1.7091
    5868       1.6804
    5869       1.7092
    5870       1.8672
    5871       1.9170
    5872       1.9917
    5873       2.0150
    5874       1.9199
    5875       1.9962
    5876       1.8557
    5877       1.9557
    5878       1.8572
    5879       1.9361
    5880       1.8734
    5881       1.9488
    5882       1.9121
    5883       1.8214
    5884       1.7918
    5885       1.9339
    5886       1.9585
    5887       2.0502
    5888       2.1239
    5889       2.1287
    5890       2.0091
    5891       2.0796
    5892       1.9038
    5893       1.8966
    5894       2.0149
    5895       2.0375
    5896       2.1053
    5897       2.1659
    5898       2.1325
    5899       2.0135
    5900       1.8980
    5901       1.8607
    5902       1.9850
    5903       1.7632
    5904       1.7789
    5905       1.7035
    5906       1.6541
    5907       1.6812
    5908       1.7680
    5909       1.7245
    5910       1.8569
    5911       1.6323
    5912       1.7212
    5913       1.6837
    5914       1.7173
    5915       1.6677
    5916       1.8067
    5917       1.6136
    5918       1.7089
    5919       1.7509
    5920       1.8910
    5921       1.7676
    5922       1.8718
    5923       1.9325
    5924       1.8797
    5925       1.9213
    5926       1.8491
    5927       1.8902
    5928       1.9658
    5929       1.6896
    5930       1.8006
    5931       1.7879
    5932       1.9558
    5933       1.8864
    5934       1.8245
    5935       1.8410
    5936       1.8199
    5937       1.7800
    5938       1.7781
    5939       1.9501
    5940       1.8406
    5941       1.8960
    5942       1.8148
    5943       1.7869
    5944       1.8138
    5945       1.8454
    5946       1.8113
    5947       1.6486
    5948       1.5902
    5949       1.8230
    5950       1.9690
    5951       1.8403
    5952       1.9680
    5953       1.9097
    5954       1.9667
    5955       1.9131
    5956       1.8740
    5957       1.8649
    5958       1.8969
    5959       1.9841
    5960       1.8220
    5961       1.9097
    5962       1.9321
    5963       2.2126
    5964       2.1304
    5965       1.9532
    5966       1.9544
    5967       2.0099
    5968       1.8729
    5969       1.8122
    5970       1.9450
    5971       1.8759
    5972       1.7638
    5973       1.8324
    5974       1.7096
    5975       1.7680
    5976       1.7538
    5977       1.8609
    5978       1.8958
    5979       1.8151
    5980       1.7762
    5981       1.9290
    5982       1.9720
    5983       1.8459
    5984       1.9222
    5985       2.0411
    5986       2.1326
    5987       2.0658
    5988       1.9341
    5989       1.9158
    5990       2.1467
    5991       2.0388
    5992       2.0636
    5993       2.0556
    5994       2.1012
    5995       2.0977
    5996       2.1599
    5997       2.0998
    5998       2.2357
    5999       2.3163
    6000       1.9708
    6001       1.9981
    6002       1.9701
    6003       2.0316
    6004       1.9378
    6005       1.8350
    6006       1.9288
    6007       1.8381
    6008       1.9467
    6009       2.0107
    6010       2.1493
    6011       2.0328
    6012       2.1118
    6013       2.0717
    6014       2.0673
    6015       1.9993
    6016       2.2024
    6017       2.0042
    6018       2.1836
    6019       2.2313
    6020       2.1727
    6021       2.1097
    6022       2.1149
    6023       2.1261
    6024       2.0248
    6025       2.1046
    6026       1.9527
    6027       1.9165
    6028       1.8485
    6029       1.8348
    6030       1.8898
    6031       2.0121
    6032       1.8851
    6033       2.1351
    6034       2.2045
    6035       2.0908
    6036       2.3737
    6037       2.2062
    6038       2.1838
    6039       2.0601
    6040       2.0200
    6041       2.1303
    6042       2.1984
    6043       2.2361
    6044       2.1195
    6045       2.0587
    6046       1.9355
    6047       2.0000
    6048       2.0655
    6049       2.0293
    6050       1.9222
    6051       1.8123
    6052       1.8768
    6053       1.8432
    6054       1.7825
    6055       1.9440
    6056       2.0063
    6057       1.8262
    6058       2.0016
    6059       1.8986
    6060       2.0396
    6061       1.9096
    6062       1.8245
    6063       1.8891
    6064       1.9448
    6065       1.9152
    6066       1.8064
    6067       1.8152
    6068       1.8951
    6069       1.8301
    6070       1.7846
    6071       1.8231
    6072       1.8956
    6073       1.9991
    6074       2.0550
    6075       1.9149
    6076       1.9492
    6077       1.9699
    6078       1.8132
    6079       1.6986
    6080       1.7071
    6081       1.7192
    6082       1.8653
    6083       1.7487
    6084       1.9106
    6085       1.9719
    6086       1.9626
    6087       1.8119
    6088       1.9325
    6089       1.8274
    6090       1.8153
    6091       1.7399
    6092       1.7441
    6093       1.6940
    6094       1.6486
    6095       1.6815
    6096       1.5971
    6097       1.7052
    6098       1.7351
    6099       1.7450
    6100       1.9029
    6101       1.9080
    6102       1.8503
    6103       1.8859
    6104       1.8829
    6105       2.0108
    6106       2.0103
    6107       2.0098
    6108       1.9126
    6109       1.6684
    6110       1.5728
    6111       1.7653
    6112       1.7877
    6113       1.7948
    6114       1.8120
    6115       1.7728
    6116       1.6831
    6117       1.8119
    6118       1.7222
    6119       1.7867
    6120       1.8479
    6121       1.6912
    6122       1.7054
    6123       1.8136
    6124       1.7935
    6125       1.8413
    6126       1.8216
    6127       1.8098
    6128       1.7934
    6129       1.6898
    6130       1.6665
    6131       1.8175
    6132       1.8130
    6133       1.7244
    6134       1.7329
    6135       1.6540
    6136       1.6926
    6137       1.7522
    6138       1.6832
    6139       1.5670
    6140       1.6467
    6141       1.7916
    6142       1.7720
    6143       1.8395
    6144       1.7557
    6145       1.8238
    6146       1.8781
    6147       1.8958
    6148       1.8588
    6149       1.9196
    6150       1.7142
    6151       1.6946
    6152       1.7767
    6153       1.8801
    6154       1.7215
    6155       1.7822
    6156       1.7116
    6157       1.7629
    6158       1.6818
    6159       1.6986
    6160       1.6866
    6161       1.7256
    6162       1.7823
    6163       1.8026
    6164       1.8515
    6165       1.8621
    6166       1.7596
    6167       1.9096
    6168       1.8461
    6169       1.9480
    6170       1.8744
    6171       1.9328
    6172       1.9139
    6173       1.9038
    6174       1.9967
    6175       1.8889
    6176       1.8568
    6177       1.8153
    6178       1.7664
    6179       1.8830
    6180       1.9656
    6181       1.9368
    6182       1.8200
    6183       1.8934
    6184       1.7756
    6185       1.7800
    6186       1.9618
    6187       1.8069
    6188       1.7681
    6189       1.7543
    6190       1.8155
    6191       1.8446
    6192       1.8434
    6193       1.9584
    6194       1.8651
    6195       1.8602
    6196       1.9286
    6197       1.7660
    6198       1.6736
    6199       1.7019
    6200       1.7732
    6201       1.6695
    6202       1.7641
    6203       1.7427
    6204       1.8505
    6205       1.8275
    6206       1.8997
    6207       1.9245
    6208       1.9840
    6209       1.8584
    6210       1.9146
    6211       1.6635
    6212       1.6852
    6213       1.7427
    6214       1.7607
    6215       1.8265
    6216       1.7787
    6217       1.6903
    6218       1.9411
    6219       2.0511
    6220       1.9956
    6221       2.0171
    6222       1.9107
    6223       1.8097
    6224       1.9348
    6225       1.8502
    6226       1.8589
    6227       1.8372
    6228       1.8713
    6229       1.9056
    6230       1.8762
    6231       1.8193
    6232       1.7845
    6233       1.9057
    6234       1.8122
    6235       1.8391
    6236       1.8512
    6237       1.7554
    6238       1.8744
    6239       1.8538
    6240       1.8542
    6241       1.8827
    6242       1.6726
    6243       1.8357
    6244       2.0148
    6245       2.0297
    6246       1.9614
    6247       1.8128
    6248       1.6374
    6249       1.6312
    6250       1.5677
    6251       1.6387
    6252       1.5960
    6253       1.6977
    6254       1.6640
    6255       1.5973
    6256       1.6227
    6257       1.6448
    6258       1.6651
    6259       1.6005
    6260       1.5847
    6261       1.7206
    6262       1.7806
    6263       1.8435
    6264       1.8725
    6265       1.9168
    6266       1.9006
    6267       1.7801
    6268       1.9153
    6269       1.8506
    6270       1.7183
    6271       1.7535
    6272       1.8161
    6273       1.8186
    6274       1.9183
    6275       1.9089
    6276       1.8093
    6277       1.7298
    6278       1.8268
    6279       1.9204
    6280       1.8643
    6281       1.7579
    6282       1.8529
    6283       1.8886
    6284       1.7690
    6285       1.6918
    6286       1.7859
    6287       1.8710
    6288       1.7965
    6289       1.7893
    6290       1.8478
    6291       1.9491
    6292       1.9862
    6293       2.1233
    6294       2.0482
    6295       2.0382
    6296       1.9414
    6297       1.7767
    6298       1.8578
    6299       1.9239
    6300       1.7762
    6301       1.7481
    6302       1.6413
    6303       1.6691
    6304       1.7432
    6305       1.7139
    6306       1.6519
    6307       1.9353
    6308       1.8866
    6309       1.7834
    6310       1.7131
    6311       1.7656
    6312       1.7918
    6313       1.9582
    6314       1.9323
    6315       1.8766
    6316       1.8105
    6317       1.7722
    6318       1.9362
    6319       1.8090
    6320       1.8396
    6321       1.9116
    6322       1.9785
    6323       1.7749
    6324       1.8271
    6325       1.8668
    6326       1.8681
    6327       1.8057
    6328       1.7738
    6329       1.7104
    6330       1.8035
    6331       1.8837
    6332       1.8400
    6333       1.7511
    6334       1.6951
    6335       1.6157
    6336       1.5814
    6337       1.5797
    6338       1.5666
    6339       1.6691
    6340       1.7608
    6341       1.6762
    6342       1.7385
    6343       1.7900
    6344       1.7007
    6345       1.5958
    6346       1.7422
    6347       1.7972
    6348       1.9145
    6349       1.7732
    6350       1.7154
    6351       1.7265
    6352       1.7862
    6353       1.8721
    6354       1.8090
    6355       1.7164
    6356       1.7128
    6357       1.7854
    6358       1.8157
    6359       1.8439
    6360       1.8824
    6361       1.7388
    6362       1.7685
    6363       1.7513
    6364       1.9383
    6365       1.9162
    6366       1.7984
    6367       1.7426
    6368       1.9919
    6369       1.8833
    6370       1.9599
    6371       1.9143
    6372       1.8007
    6373       1.6755
    6374       1.7587
    6375       1.8700
    6376       1.9947
    6377       1.8688
    6378       1.9443
    6379       2.0392
    6380       1.9822
    6381       1.9079
    6382       1.8677
    6383       1.7525
    6384       1.7201
    6385       1.7066
    6386       1.7812
    6387       1.8788
    6388       1.9042
    6389       1.8501
    6390       1.8157
    6391       2.0038
    6392       1.9098
    6393       1.6683
    6394       1.7451
    6395       1.6999
    6396       1.7451
    6397       1.6644
    6398       1.7190
    6399       1.6307
    6400       1.6699
    6401       1.7103
    6402       1.7235
    6403       1.7948
    6404       1.7649
    6405       1.6783
    6406       1.6597
    6407       1.5323
    6408       1.6966
    6409       1.7300
    6410       1.7201
    6411       1.8667
    6412       1.8392
    6413       1.9406
    6414       1.7810
    6415       1.8631
    6416       1.8264
    6417       1.8110
    6418       1.8378
    6419       1.8487
    6420       1.7026
    6421       1.6798
    6422       1.6783
    6423       1.7061
    6424       1.7622
    6425       1.7163
    6426       1.7661
    6427       1.6733
    6428       1.8062
    6429       1.6658
    6430       1.8254
    6431       1.8398
    6432       1.8047
    6433       1.8186
    6434       1.7042
    6435       1.8565
    6436       1.7957
    6437       1.9199
    6438       1.8237
    6439       1.7932
    6440       1.7883
    6441       1.7638
    6442       1.8671
    6443       1.9001
    6444       1.9821
    6445       1.9616
    6446       2.1750
    6447       2.3201
    6448       2.1469
    6449       2.0486
    6450       1.8725
    6451       1.8806
    6452       2.0389
    6453       2.0220
    6454       1.8808
    6455       1.9716
    6456       2.1333
    6457       2.1981
    6458       1.9842
    6459       2.0426
    6460       1.8824
    6461       1.9001
    6462       2.0313
    6463       2.1968
    6464       2.1883
    6465       2.1072
    6466       2.0203
    6467       2.0821
    6468       2.1465
    6469       1.9892
    6470       1.9928
    6471       2.0182
    6472       1.9972
    6473       1.8420
    6474       1.7009
    6475       1.7493
    6476       1.8887
    6477       1.7801
    6478       1.7645
    6479       1.6843
    6480       1.6503
    6481       1.7430
    6482       1.7976
    6483       1.9090
    6484       1.9291
    6485       2.0023
    6486       2.0368
    6487       1.8602
    6488       1.8056
    6489       2.0291
    6490       2.1695
    6491       2.1314
    6492       2.0954
    6493       1.9604
    6494       1.7958
    6495       1.8274
    6496       1.8076
    6497       1.9602
    6498       2.0589
    6499       1.9695
    6500       2.0819
    6501       1.8027
    6502       1.8418
    6503       1.7921
    6504       1.8641
    6505       1.9214
    6506       1.7636
    6507       1.7964
    6508       1.7681
    6509       1.7082
    6510       1.6308
    6511       1.6520
    6512       1.7199
    6513       1.8807
    6514       1.8296
    6515       1.9912
    6516       2.1316
    6517       1.9164
    6518       1.8114
    6519       1.7536
    6520       1.6434
    6521       1.6808
    6522       1.6257
    6523       1.7411
    6524       1.9424
    6525       1.8258
    6526       1.7683
    6527       1.6445
    6528       1.6792
    6529       1.8929
    6530       1.8542
    6531       2.0157
    6532       1.8395
    6533       1.8021
    6534       1.8425
    6535       1.8890
    6536       1.9793
    6537       1.7496
    6538       1.7357
    6539       1.8201
    6540       1.7540
    6541       1.7114
    6542       1.8185
    6543       1.8298
    6544       1.8963
    6545       2.1292
    6546       2.0489
    6547       1.8062
    6548       1.9015
    6549       1.8888
    6550       1.9033
    6551       1.7277
    6552       1.8301
    6553       1.9542
    6554       2.0130
    6555       1.8123
    6556       1.9235
    6557       1.8672
    6558       1.7492
    6559       1.8245
    6560       1.9066
    6561       1.9439
    6562       2.0086
    6563       1.9821
    6564       2.0235
    6565       1.9037
    6566       1.8772
    6567       2.0274
    6568       2.0054
    6569       2.1106
    6570       2.0554
    6571       2.0303
    6572       2.0175
    6573       2.2154
    6574       1.9097
    6575       1.9355
    6576       1.8981
    6577       2.1169
    6578       2.1258
    6579       1.9808
    6580       2.0735
    6581       1.9966
    6582       1.9584
    6583       2.1134
    6584       2.0824
    6585       2.0521
    6586       1.9894
    6587       2.0977
    6588       2.0339
    6589       1.8305
    6590       1.7003
    6591       1.5965
    6592       1.6470
    6593       1.7318
    6594       1.8027
    6595       1.9067
    6596       1.6273
    6597       1.7885
    6598       1.7654
    6599       1.6906
    6600       1.7374
    6601       1.6320
    6602       1.8628
    6603       1.8894
    6604       1.7861
    6605       1.6705
    6606       1.6679
    6607       1.7290
    6608       1.8754
    6609       1.8049
    6610       1.7302
    6611       1.6980
    6612       1.8319
    6613       2.0752
    6614       1.9111
    6615       2.0353
    6616       2.1264
    6617       1.9399
    6618       2.0061
    6619       2.0573
    6620       1.9108
    6621       2.0730
    6622       1.9534
    6623       1.9048
    6624       1.8627
    6625       1.7553
    6626       1.7197
    6627       1.7482
    6628       1.7177
    6629       1.7663
    6630       1.7525
    6631       1.9086
    6632       1.7830
    6633       1.8899
    6634       1.9055
    6635       1.9461
    6636       1.9510
    6637       1.8237
    6638       1.7357
    6639       1.8331
    6640       2.0017
    6641       2.1578
    6642       2.0715
    6643       2.0211
    6644       1.9281
    6645       2.1446
    6646       1.8955
    6647       1.8724
    6648       1.8593
    6649       1.7851
    6650       1.7237
    6651       1.7734
    6652       1.7870
    6653       1.7988
    6654       1.7616
    6655       1.7377
    6656       1.7046
    6657       1.8155
    6658       1.8308
    6659       1.7309
    6660       1.7606
    6661       1.8951
    6662       1.7344
    6663       1.7115
    6664       1.7961
    6665       1.6606
    6666       1.6542
    6667       1.6915
    6668       1.7413
    6669       1.6127
    6670       1.7567
    6671       1.7975
    6672       1.7035
    6673       1.7461
    6674       1.7074
    6675       1.6541
    6676       1.6873
    6677       1.9082
    6678       1.7426
    6679       1.7476
    6680       1.9224
    6681       1.9831
    6682       1.9850
    6683       1.8930
    6684       1.9658
    6685       1.9776
    6686       1.9624
    6687       1.9431
    6688       1.9653
    6689       1.9773
    6690       1.8774
    6691       1.9768
    6692       1.9187
    6693       1.8213
    6694       1.7713
    6695       1.8211
    6696       1.9525
    6697       1.7759
    6698       1.8505
    6699       1.8528
    6700       1.9527
    6701       1.8869
    6702       1.9253
    6703       1.9407
    6704       1.7824
    6705       1.9226
    6706       1.7767
    6707       1.7032
    6708       1.7720
    6709       1.7791
    6710       1.8271
    6711       1.7868
    6712       1.8722
    6713       1.8549
    6714       1.8649
    6715       1.7628
    6716       1.6986
    6717       1.7476
    6718       1.7691
    6719       1.7230
    6720       1.9469
    6721       1.8354
    6722       1.8363
    6723       1.9205
    6724       1.7696
    6725       1.8192
    6726       1.7557
    6727       1.7325
    6728       1.8067
    6729       1.7761
    6730       1.8671
    6731       1.7343
    6732       1.7516
    6733       1.7625
    6734       1.7280
    6735       1.7142
    6736       1.8910
    6737       2.0584
    6738       1.8958
    6739       2.0174
    6740       1.6832
    6741       1.8671
    6742       1.8960
    6743       2.0136
    6744       1.9511
    6745       1.8390
    6746       1.8114
    6747       1.7990
    6748       1.7880
    6749       1.8469
    6750       1.9006
    6751       1.7568
    6752       1.8931
    6753       1.8659
    6754       1.9464
    6755       1.8490
    6756       1.7828
    6757       1.7882
    6758       1.8635
    6759       1.8891
    6760       1.9524
    6761       1.9691
    6762       1.9561
    6763       1.8498
    6764       1.7958
    6765       1.7874
    6766       1.5914
    6767       1.7462
    6768       1.6970
    6769       1.6840
    6770       1.7057
    6771       1.7748
    6772       1.6227
    6773       1.7124
    6774       1.9717
    6775       1.8728
    6776       1.9440
    6777       1.8130
    6778       1.8709
    6779       1.8144
    6780       1.9547
    6781       1.9448
    6782       1.8773
    6783       1.7410
    6784       1.6857
    6785       1.9432
    6786       1.7980
    6787       1.9371
    6788       1.9995
    6789       1.9820
    6790       1.8730
    6791       1.8154
    6792       1.8450
    6793       1.8962
    6794       1.8659
    6795       2.0009
    6796       1.8455
    6797       1.8460
    6798       1.9816
    6799       1.8864
    6800       1.8858
    6801       1.8525
    6802       1.7084
    6803       1.6145
    6804       1.5477
    6805       1.7033
    6806       1.7176
    6807       1.7016
    6808       1.9668
    6809       1.7683
    6810       1.7086
    6811       1.7256
    6812       1.8347
    6813       1.9035
    6814       1.9171
    6815       2.0221
    6816       1.9631
    6817       1.9871
    6818       2.0512
    6819       1.9405
    6820       1.7975
    6821       1.8489
    6822       1.9513
    6823       2.0511
    6824       1.7206
    6825       1.7194
    6826       1.7870
    6827       1.8667
    6828       1.7302
    6829       1.7528
    6830       1.6705
    6831       1.5081
    6832       1.5975
    6833       1.7158
    6834       1.6307
    6835       1.6901
    6836       1.8267
    6837       1.6829
    6838       1.7634
    6839       1.7716
    6840       1.7043
    6841       1.7532
    6842       1.8840
    6843       1.9175
    6844       1.9652
    6845       1.9225
    6846       1.9858
    6847       2.0652
    6848       2.1767
    6849       2.2619
    6850       2.1522
    6851       2.1690
    6852       2.0462
    6853       2.2517
    6854       2.2149
    6855       2.1879
    6856       2.2529
    6857       2.2292
    6858       2.1978
    6859       2.1713
    6860       2.1612
    6861       2.0145
    6862       2.0987
    6863       2.3109
    6864       2.1342
    6865       1.9972
    6866       1.8855
    6867       1.8830
    6868       1.9077
    6869       1.9484
    6870       1.7569
    6871       1.7747
    6872       1.8926
    6873       1.9220
    6874       1.8104
    6875       1.7750
    6876       1.8828
    6877       1.7353
    6878       1.8641
    6879       1.8234
    6880       2.0167
    6881       2.0471
    6882       2.0764
    6883       1.9827
    6884       2.0159
    6885       2.0680
    6886       2.0265
    6887       2.1031
    6888       2.2814
    6889       2.3175
    6890       2.1626
    6891       2.0631
    6892       2.2524
    6893       2.2266
    6894       2.2905
    6895       2.4767
    6896       2.2091
    6897       2.4336
    6898       2.3122
    6899       2.3918
    6900       2.3800
    6901       2.2187
    6902       2.2350
    6903       1.9875
    6904       1.9408
    6905       1.9707
    6906       2.0074
    6907       2.1293
    6908       2.2715
    6909       2.2505
    6910       2.1634
    6911       1.9550
    6912       1.9993
    6913       2.0076
    6914       1.7953
    6915       1.8065
    6916       1.7352
    6917       1.7221
    6918       1.8088
    6919       1.6889
    6920       1.7369
    6921       1.8948
    6922       1.8456
    6923       1.9983
    6924       2.0378
    6925       1.8937
    6926       1.8760
    6927       2.1303
    6928       2.1676
    6929       2.1789
    6930       2.3049
    6931       2.0950
    6932       2.0856
    6933       1.8724
    6934       1.9015
    6935       1.8245
    6936       1.9771
    6937       1.9075
    6938       1.8646
    6939       2.0480
    6940       2.1057
    6941       2.1468
    6942       2.0807
    6943       1.9299
    6944       1.9560
    6945       2.0412
    6946       2.1021
    6947       1.9696
    6948       1.9175
    6949       2.0469
    6950       2.1820
    6951       2.0671
    6952       1.9515
    6953       2.1438
    6954       2.2718
    6955       2.1069
    6956       2.0878
    6957       2.0349
    6958       2.0526
    6959       2.0819
    6960       1.9556
    6961       1.9632
    6962       2.2231
    6963       1.9947
    6964       2.1102
    6965       2.0880
    6966       1.9704
    6967       1.7299
    6968       1.7999
    6969       1.8166
    6970       1.8145
    6971       1.9066
    6972       1.8065
    6973       1.9065
    6974       1.9610
    6975       1.8405
    6976       1.8126
    6977       1.9462
    6978       1.9019
    6979       1.7993
    6980       1.8708
    6981       1.9368
    6982       1.8666
    6983       1.8402
    6984       1.9322
    6985       1.9345
    6986       1.8151
    6987       1.8465
    6988       2.0981
    6989       2.0624
    6990       1.9844
    6991       1.8888
    6992       2.0370
    6993       1.9825
    6994       1.8947
    6995       1.7228
    6996       1.8104
    6997       1.8348
    6998       1.7564
    6999       1.6736
    7000       1.7295
    7001       1.6628
    7002       1.7558
    7003       1.6893
    7004       1.7752
    7005       1.7836
    7006       1.8684
    7007       2.0348
    7008       1.9482
    7009       1.9381
    7010       1.9098
    7011       1.8903
    7012       1.7895
    7013       1.8939
    7014       1.8584
    7015       1.9540
    7016       1.9284
    7017       1.9541
    7018       1.8401
    7019       1.8331
    7020       1.8877
    7021       1.7989
    7022       1.9280
    7023       1.7984
    7024       1.7228
    7025       1.7085
    7026       1.9379
    7027       1.9713
    7028       1.9181
    7029       1.9810
    7030       2.0944
    7031       1.8973
    7032       1.9697
    7033       1.9636
    7034       1.8052
    7035       1.7692
    7036       1.8925
    7037       1.9629
    7038       1.8704
    7039       1.7921
    7040       1.8989
    7041       1.9969
    7042       1.9496
    7043       1.9592
    7044       2.0246
    7045       1.8796
    7046       1.8720
    7047       1.8524
    7048       1.8782
    7049       2.0050
    7050       1.8068
    7051       1.9828
    7052       1.7760
    7053       1.8135
    7054       1.8124
    7055       1.9814
    7056       1.8335
    7057       1.8169
    7058       1.9416
    7059       1.9243
    7060       1.6872
    7061       1.7444
    7062       1.7650
    7063       1.7299
    7064       1.7937
    7065       1.7004
    7066       1.7658
    7067       1.8728
    7068       2.0184
    7069       1.9675
    7070       1.8905
    7071       1.7789
    7072       1.8456
    7073       1.8133
    7074       1.9027
    7075       1.9542
    7076       1.8425
    7077       1.9211
    7078       1.8382
    7079       1.8950
    7080       1.8419
    7081       1.6798
    7082       1.6674
    7083       1.7339
    7084       1.7362
    7085       1.7044
    7086       1.8092
    7087       1.9111
    7088       1.7598
    7089       1.7943
    7090       1.6754
    7091       1.7525
    7092       1.7651
    7093       1.7345
    7094       1.7357
    7095       1.9232
    7096       1.8682
    7097       1.8882
    7098       1.8882
    7099       1.8266
    7100       1.7232
    7101       1.9140
    7102       1.7608
    7103       1.6408
    7104       1.8138
    7105       1.6449
    7106       1.7248
    7107       1.7205
    7108       1.8747
    7109       1.7775
    7110       1.6953
    7111       1.7521
    7112       1.7919
    7113       1.7256
    7114       1.7199
    7115       1.7181
    7116       1.7995
    7117       1.7766
    7118       1.8221
    7119       1.8047
    7120       1.7428
    7121       1.6672
    7122       1.6209
    7123       1.6155
    7124       1.4700
    7125       1.5525
    7126       1.6394
    7127       1.6967
    7128       1.7054
    7129       1.6994
    7130       1.6469
    7131       1.6522
    7132       1.7374
    7133       1.7069
    7134       1.6621
    7135       1.6197
    7136       1.7159
    7137       1.7320
    7138       1.7598
    7139       1.8650
    7140       1.8139
    7141       1.8111
    7142       1.7622
    7143       1.8250
    7144       1.6687
    7145       1.7185
    7146       1.5991
    7147       1.5892
    7148       1.5605
    7149       1.5767
    7150       1.5810
    7151       1.5825
    7152       1.7499
    7153       1.7400
    7154       1.7713
    7155       1.5721
    7156       1.5627
    7157       1.5360
    7158       1.6178
    7159       1.6644
    7160       1.6511
    7161       1.6917
    7162       1.6427
    7163       1.7654
    7164       1.6805
    7165       1.7174
    7166       1.6609
    7167       1.7768
    7168       1.7871
    7169       1.9353
    7170       1.8085
    7171       1.7392
    7172       1.6115
    7173       1.7436
    7174       1.7791
    7175       1.7639
    7176       1.6670
    7177       1.6998
    7178       1.7758
    7179       1.6942
    7180       1.6079
    7181       1.6044
    7182       1.5568
    7183       1.6294
    7184       1.6552
    7185       1.5697
    7186       1.6062
    7187       1.7417
    7188       1.8690
    7189       1.6816
    7190       1.8071
    7191       1.7311
    7192       1.7469
    7193       1.7186
    7194       1.8249
    7195       1.8057
    7196       1.6749
    7197       1.8862
    7198       1.9250
    7199       1.8391
    7200       1.9237
    7201       1.8523
    7202       1.8367
    7203       1.7320
    7204       1.9151
    7205       1.7821
    7206       1.6870
    7207       1.6383
    7208       1.7861
    7209       1.9531
    7210       2.0085
    7211       1.9503
    7212       2.1436
    7213       1.9445
    7214       1.9961
    7215       1.9609
    7216       1.8379
    7217       1.8761
    7218       1.9219
    7219       1.9709
    7220       1.9004
    7221       1.7943
    7222       1.7665
    7223       1.7738
    7224       1.6139
    7225       1.7230
    7226       1.6969
    7227       1.7447
    7228       1.8069
    7229       1.9280
    7230       1.9798
    7231       1.8980
    7232       2.0591
    7233       1.9292
    7234       2.0413
    7235       1.8190
    7236       1.8614
    7237       1.8415
    7238       1.7524
    7239       1.7229
    7240       1.6528
    7241       1.5520
    7242       1.6117
    7243       1.7314
    7244       1.6871
    7245       1.7369
    7246       1.6428
    7247       1.6290
    7248       1.6321
    7249       1.6215
    7250       1.5100
    7251       1.6311
    7252       1.6132
    7253       1.5395
    7254       1.7590
    7255       1.7654
    7256       1.6603
    7257       1.6845
    7258       1.6131
    7259       1.5447
    7260       1.5659
    7261       1.7839
    7262       1.7889
    7263       1.7790
    7264       1.6179
    7265       1.5761
    7266       1.8413
    7267       1.7765
    7268       1.8865
    7269       1.8167
    7270       1.9551
    7271       1.9847
    7272       1.8404
    7273       1.7966
    7274       1.8300
    7275       1.7576
    7276       1.6669
    7277       1.6432
    7278       1.6518
    7279       1.6359
    7280       1.6934
    7281       1.6314
    7282       1.6291
    7283       1.6397
    7284       1.6238
    7285       1.6140
    7286       1.5202
    7287       1.5333
    7288       1.5364
    7289       1.6198
    7290       1.6268
    7291       1.6742
    7292       1.7436
    7293       1.6997
    7294       1.6896
    7295       1.7654
    7296       1.7545
    7297       1.7706
    7298       1.7985
    7299       1.8033
    7300       1.9455
    7301       1.8970
    7302       1.8899
    7303       1.7889
    7304       1.8752
    7305       1.8538
    7306       2.0643
    7307       2.0714
    7308       2.0900
    7309       1.8719
    7310       1.9744
    7311       1.9842
    7312       2.0494
    7313       1.8216
    7314       1.9151
    7315       2.0614
    7316       1.8324
    7317       1.8575
    7318       1.6741
    7319       1.7396
    7320       1.7578
    7321       1.7296
    7322       1.8038
    7323       1.8588
    7324       1.8722
    7325       1.8484
    7326       1.9529
    7327       2.1795
    7328       2.0482
    7329       2.0425
    7330       2.0506
    7331       1.8520
    7332       1.6422
    7333       1.7775
    7334       1.8431
    7335       1.7635
    7336       1.8949
    7337       1.8521
    7338       1.7402
    7339       1.8524
    7340       1.8127
    7341       1.9384
    7342       1.8394
    7343       1.7331
    7344       1.6990
    7345       1.8011
    7346       1.9114
    7347       1.9085
    7348       1.9533
    7349       1.8447
    7350       1.8121
    7351       1.7977
    7352       1.8674
    7353       1.8414
    7354       1.9175
    7355       1.9024
    7356       1.8997
    7357       1.7900
    7358       1.7273
    7359       1.9092
    7360       1.7773
    7361       1.8526
    7362       1.9104
    7363       1.7624
    7364       1.8118
    7365       1.8017
    7366       1.8478
    7367       1.8959
    7368       2.0295
    7369       1.8895
    7370       1.8015
    7371       1.8515
    7372       1.8474
    7373       1.9037
    7374       1.9115
    7375       1.8677
    7376       1.7845
    7377       2.0728
    7378       2.0863
    7379       2.0835
    7380       2.0238
    7381       1.9689
    7382       2.0396
    7383       1.9705
    7384       1.7813
    7385       1.6776
    7386       1.9195
    7387       1.9865
    7388       1.8464
    7389       1.6735
    7390       1.7950
    7391       1.7741
    7392       1.7663
    7393       1.6587
    7394       1.7383
    7395       1.7814
    7396       1.8601
    7397       2.0432
    7398       2.0326
    7399       2.0492
    7400       1.9535
    7401       2.1232
    7402       2.1493
    7403       2.2143
    7404       2.2435
    7405       2.4268
    7406       2.1998
    7407       1.9828
    7408       1.8655
    7409       1.7459
    7410       1.9180
    7411       2.0395
    7412       2.2380
    7413       1.8706
    7414       1.9152
    7415       1.8428
    7416       1.9674
    7417       1.8231
    7418       2.1655
    7419       2.0375
    7420       2.0525
    7421       2.2134
    7422       1.8748
    7423       2.0402
    7424       1.8668
    7425       2.0603
    7426       2.2026
    7427       1.9585
    7428       2.0965
    7429       2.1763
    7430       2.0613
    7431       1.9907
    7432       1.9180
    7433       1.9037
    7434       1.9162
    7435       1.9303
    7436       2.0143
    7437       1.8693
    7438       1.9076
    7439       1.9313
    7440       1.8758
    7441       1.9723
    7442       1.9001
    7443       1.9097
    7444       1.7529
    7445       1.8548
    7446       1.9451
    7447       1.8332
    7448       1.8819
    7449       1.8248
    7450       1.8478
    7451       1.8580
    7452       1.7986
    7453       1.9146
    7454       1.9018
    7455       2.0381
    7456       2.0001
    7457       2.0061
    7458       1.7833
    7459       1.6705
    7460       1.7473
    7461       1.7429
    7462       1.7369
    7463       1.7505
    7464       1.8099
    7465       1.7434
    7466       1.8033
    7467       1.7488
    7468       1.7555
    7469       1.9224
    7470       1.8229
    7471       1.9859
    7472       1.9631
    7473       1.9275
    7474       1.8468
    7475       1.8819
    7476       1.8648
    7477       1.7580
    7478       1.7491
    7479       1.6899
    7480       1.7315
    7481       1.6838
    7482       1.8029
    7483       1.6540
    7484       1.7714
    7485       1.8585
    7486       1.7436
    7487       1.8150
    7488       1.9752
    7489       1.9780
    7490       1.8963
    7491       1.8323
    7492       1.7815
    7493       1.9501
    7494       1.9225
    7495       1.8764
    7496       1.9127
    7497       1.8856
    7498       1.7635
    7499       1.7521
    7500       1.9055
    7501       1.9751
    7502       2.0533
    7503       2.1443
    7504       2.2112
    7505       2.1999
    7506       1.7706
    7507       1.9032
    7508       1.8955
    7509       1.9063
    7510       1.8962
    7511       1.7695
    7512       1.8665
    7513       1.6949
    7514       1.7377
    7515       1.8638
    7516       1.7929
    7517       1.7987
    7518       1.6935
    7519       1.7675
    7520       1.8860
    7521       2.1157
    7522       2.1766
    7523       2.1076
    7524       2.0188
    7525       1.9291
    7526       1.9483
    7527       2.0259
    7528       2.0117
    7529       2.0171
    7530       2.0212
    7531       1.9630
    7532       1.7986
    7533       1.7699
    7534       1.7632
    7535       1.9102
    7536       1.7378
    7537       1.9078
    7538       1.8498
    7539       2.0299
    7540       2.0789
    7541       2.1152
    7542       1.9720
    7543       1.9629
    7544       1.9994
    7545       1.8729
    7546       1.8102
    7547       1.8856
    7548       1.9749
    7549       1.9631
    7550       1.9167
    7551       1.8670
    7552       1.9491
    7553       1.7937
    7554       1.6974
    7555       1.8030
    7556       1.7170
    7557       1.9777
    7558       1.8677
    7559       1.8772
    7560       1.8491
    7561       1.8516
    7562       1.8767
    7563       1.9485
    7564       2.0733
    7565       1.9747
    7566       1.8557
    7567       1.9774
    7568       1.8024
    7569       2.2215
    7570       2.0939
    7571       2.2265
    7572       2.0356
    7573       1.9839
    7574       1.9118
    7575       1.8411
    7576       1.8191
    7577       1.8409
    7578       1.9203
    7579       1.8341
    7580       1.9001
    7581       1.8265
    7582       1.8718
    7583       1.9089
    7584       1.8915
    7585       1.9445
    7586       2.1241
    7587       1.9985
    7588       1.8708
    7589       1.8690
    7590       1.7477
    7591       1.6338
    7592       1.7597
    7593       1.8588
    7594       1.7155
    7595       1.7353
    7596       1.6842
    7597       1.5527
    7598       1.6686
    7599       1.5355
    7600       1.5497
    7601       1.6595
    7602       1.8551
    7603       1.8249
    7604       1.8740
    7605       1.9409
    7606       1.8593
    7607       1.7482
    7608       1.8709
    7609       1.9626
    7610       1.8681
    7611       1.8952
    7612       1.7816
    7613       1.6408
    7614       1.6527
    7615       1.6819
    7616       1.7131
    7617       1.8113
    7618       1.9107
    7619       1.9456
    7620       2.0973
    7621       1.7536
    7622       1.8170
    7623       1.8948
    7624       1.8501
    7625       1.8537
    7626       1.8472
    7627       1.8428
    7628       1.7408
    7629       1.7235
    7630       1.7338
    7631       1.6805
    7632       1.6676
    7633       1.6523
    7634       1.7600
    7635       1.7398
    7636       1.5865
    7637       1.6445
    7638       1.6998
    7639       1.7206
    7640       1.6035
    7641       1.6159
    7642       1.5992
    7643       1.8086
    7644       1.7484
    7645       1.6375
    7646       1.6080
    7647       1.6048
    7648       1.6692
    7649       1.6072
    7650       1.5832
    7651       1.6361
    7652       1.5542
    7653       1.6992
    7654       1.7137
    7655       1.9510
    7656       1.9024
    7657       1.8547
    7658       1.8611
    7659       1.7934
    7660       1.7711
    7661       1.6072
    7662       1.8081
    7663       1.8998
    7664       1.8428
    7665       1.8316
    7666       1.9142
    7667       1.8336
    7668       1.7897
    7669       1.7245
    7670       1.6879
    7671       1.7475
    7672       1.6745
    7673       1.9108
    7674       1.9491
    7675       1.8700
    7676       1.8915
    7677       2.0176
    7678       1.9600
    7679       1.9298
    7680       2.0557
    7681       2.2229
    7682       2.0308
    7683       1.9762
    7684       1.7674
    7685       1.9481
    7686       1.8910
    7687       1.9108
    7688       2.0008
    7689       1.8482
    7690       1.8578
    7691       1.8923
    7692       1.8473
    7693       1.8069
    7694       1.8313
    7695       1.8073
    7696       1.7823
    7697       1.7907
    7698       1.7769
    7699       1.8303
    7700       1.7057
    7701       1.7532
    7702       1.5606
    7703       1.7560
    7704       1.8613
    7705       1.9435
    7706       1.8602
    7707       1.8167
    7708       1.7357
    7709       1.8307
    7710       1.7814
    7711       1.9002
    7712       1.8963
    7713       1.8595
    7714       1.8348
    7715       1.8497
    7716       1.8205
    7717       1.9806
    7718       2.0794
    7719       1.8703
    7720       1.9065
    7721       2.0241
    7722       2.0222
    7723       1.9188
    7724       1.7307
    7725       1.8020
    7726       1.7067
    7727       1.9912
    7728       1.9697
    7729       2.0763
    7730       2.0059
    7731       1.8212
    7732       2.0442
    7733       1.9680
    7734       2.0951
    7735       2.0797
    7736       1.8789
    7737       1.7777
    7738       1.8102
    7739       1.8079
    7740       1.8155
    7741       1.7621
    7742       1.6928
    7743       1.6244
    7744       1.6664
    7745       1.5427
    7746       1.4817
    7747       1.5427
    7748       1.7676
    7749       1.6702
    7750       1.8334
    7751       2.0164
    7752       1.9116
    7753       1.9574
    7754       1.7973
    7755       1.9057
    7756       2.0665
    7757       1.8802
    7758       1.8664
    7759       1.7491
    7760       1.6918
    7761       1.8635
    7762       1.8549
    7763       1.9266
    7764       1.9261
    7765       1.9341
    7766       1.9023
    7767       1.9998
    7768       1.7618
    7769       1.8903
    7770       1.7434
    7771       1.6360
    7772       1.8077
    7773       1.7458
    7774       1.7780
    7775       1.8525
    7776       1.7561
    7777       1.7948
    7778       1.9498
    7779       1.7865
    7780       1.7245
    7781       1.5907
    7782       1.5850
    7783       1.6891
    7784       1.7123
    7785       1.7131
    7786       1.7332
    7787       1.5849
    7788       1.7164
    7789       1.9336
    7790       1.9527
    7791       1.9398
    7792       1.9968
    7793       1.9812
    7794       1.9855
    7795       2.4622
    7796       2.5220
    7797       2.3869
    7798       2.3021
    7799       2.3721
    7800       2.2330
    7801       2.0945
    7802       1.8949
    7803       1.8393
    7804       1.8251
    7805       1.8116
    7806       2.0780
    7807       2.0854
    7808       2.0593
    7809       1.9638
    7810       1.9839
    7811       1.9615
    7812       2.0265
    7813       1.9146
    7814       1.9014
    7815       1.8966
    7816       2.1109
    7817       1.8524
    7818       1.9990
    7819       2.0119
    7820       1.8989
    7821       2.0329
    7822       1.8249
    7823       1.9340
    7824       1.9686
    7825       2.1280
    7826       1.8918
    7827       1.7677
    7828       1.7041
    7829       1.7191
    7830       1.7970
    7831       1.8667
    7832       1.7475
    7833       1.8031
    7834       1.9769
    7835       2.0601
    7836       2.2621
    7837       2.0848
    7838       2.0797
    7839       2.0242
    7840       2.1351
    7841       2.0236
    7842       1.8298
    7843       1.7389
    7844       1.7972
    7845       1.6227
    7846       1.6372
    7847       1.7983
    7848       1.5920
    7849       1.5492
    7850       1.5849
    7851       1.5664
    7852       1.8450
    7853       1.7552
    7854       1.9209
    7855       1.9652
    7856       1.8286
    7857       1.8295
    7858       1.7830
    7859       1.8534
    7860       1.8460
    7861       1.7613
    7862       1.7756
    7863       1.7944
    7864       1.8719
    7865       1.8888
    7866       1.9415
    7867       1.8417
    7868       1.7743
    7869       1.8393
    7870       1.8522
    7871       1.8431
    7872       1.8334
    7873       1.8360
    7874       1.7785
    7875       1.7523
    7876       1.6707
    7877       1.6558
    7878       1.5312
    7879       1.5807
    7880       1.6988
    7881       1.6858
    7882       1.6624
    7883       1.6098
    7884       1.8481
    7885       1.6683
    7886       1.6776
    7887       1.6342
    7888       1.5337
    7889       1.5271
    7890       1.4929
    7891       1.3516
    7892       1.5334
    7893       1.5809
    7894       1.7676
    7895       1.6087
    7896       1.5634
    7897       1.5829
    7898       1.6548
    7899       1.5335
    7900       1.6745
    7901       1.6510
    7902       1.5469
    7903       1.6117
    7904       1.6431
    7905       1.5666
    7906       1.6582
    7907       1.8296
    7908       1.7367
    7909       1.9230
    7910       1.6796
    7911       1.6877
    7912       1.7257
    7913       1.6180
    7914       1.8034
    7915       1.8128
    7916       1.7266
    7917       1.8700
    7918       1.7758
    7919       1.7429
    7920       1.8802
    7921       1.8599
    7922       1.8452
    7923       1.9841
    7924       1.7957
    7925       1.7691
    7926       1.8794
    7927       1.8952
    7928       1.7501
    7929       1.7830
    7930       1.7750
    7931       1.8545
    7932       1.7315
    7933       1.7108
    7934       1.7534
    7935       1.7715
    7936       1.8077
    7937       1.8706
    7938       1.8530
    7939       1.9010
    7940       1.7566
    7941       1.7765
    7942       1.9044
    7943       2.0658
    7944       2.1242
    7945       1.9313
    7946       1.8554
    7947       1.8646
    7948       1.9016
    7949       1.8741
    7950       1.8427
    7951       1.8874
    7952       2.0206
    7953       1.9444
    7954       1.9887
    7955       2.0410
    7956       1.9574
    7957       1.9082
    7958       1.8997
    7959       1.9058
    7960       1.9437
    7961       1.9680
    7962       1.7844
    7963       1.8761
    7964       2.0452
    7965       1.9317
    7966       1.8824
    7967       1.6970
    7968       1.8298
    7969       1.9819
    7970       1.9887
    7971       1.9191
    7972       2.1390
    7973       1.9187
    7974       1.9550
    7975       1.7896
    7976       1.6645
    7977       1.8592
    7978       1.8374
    7979       1.7327
    7980       1.7176
    7981       1.8962
    7982       1.7487
    7983       1.8971
    7984       1.7873
    7985       1.8690
    7986       1.9029
    7987       1.9013
    7988       1.7914
    7989       1.9292
    7990       1.9019
    7991       1.9362
    7992       1.8028
    7993       1.8253
    7994       1.8685
    7995       1.8009
    7996       1.7841
    7997       1.8476
    7998       1.8545
    7999       1.9193
    8000       1.8726
    8001       1.8911
    8002       1.9244
    8003       2.1069
    8004       1.9851
    8005       2.0220
    8006       1.9238
    8007       1.7699
    8008       1.7830
    8009       1.8305
    8010       1.8631
    8011       1.7384
    8012       1.8914
    8013       1.9108
    8014       1.8279
    8015       1.7688
    8016       1.9471
    8017       2.0138
    8018       1.9378
    8019       1.8173
    8020       1.7060
    8021       1.5644
    8022       1.6823
    8023       1.7513
    8024       1.7578
    8025       1.8613
    8026       1.9723
    8027       1.8683
    8028       1.9118
    8029       1.8620
    8030       1.8863
    8031       1.9864
    8032       1.8369
    8033       1.8483
    8034       1.7969
    8035       1.7747
    8036       1.8527
    8037       2.0118
    8038       1.8150
    8039       1.8571
    8040       1.8754
    8041       1.8578
    8042       1.9607
    8043       1.9422
    8044       2.0033
    8045       1.8792
    8046       1.7495
    8047       1.8386
    8048       1.8785
    8049       2.0583
    8050       1.9339
    8051       1.7924
    8052       1.8534
    8053       1.7065
    8054       1.7160
    8055       1.7459
    8056       1.6730
    8057       1.7408
    8058       1.7461
    8059       1.7040
    8060       1.8335
    8061       1.8022
    8062       1.9650
    8063       1.9662
    8064       1.7626
    8065       1.7722
    8066       1.8525
    8067       1.8811
    8068       1.9332
    8069       1.8389
    8070       1.8467
    8071       1.8331
    8072       1.8947
    8073       1.8609
    8074       1.7929
    8075       1.7303
    8076       1.6997
    8077       1.7537
    8078       1.7102
    8079       1.7767
    8080       1.7630
    8081       1.8218
    8082       1.7481
    8083       1.6068
    8084       1.7375
    8085       1.7974
    8086       1.8382
    8087       1.8846
    8088       1.9542
    8089       1.8586
    8090       1.8290
    8091       1.9167
    8092       1.9318
    8093       1.7337
    8094       1.7443
    8095       1.5905
    8096       1.6062
    8097       1.5888
    8098       1.6579
    8099       1.6453
    8100       1.7237
    8101       1.8759
    8102       1.7708
    8103       1.7357
    8104       1.7943
    8105       1.7206
    8106       1.7961
    8107       1.8116
    8108       1.9204
    8109       1.7535
    8110       1.7026
    8111       1.9042
    8112       1.7480
    8113       1.7083
    8114       1.7331
    8115       1.6620
    8116       1.6273
    8117       1.5495
    8118       1.6306
    8119       1.6343
    8120       1.7396
    8121       1.8252
    8122       1.6876
    8123       1.6285
    8124       1.6415
    8125       1.5351
    8126       1.6996
    8127       1.6486
    8128       1.6855
    8129       1.7525
    8130       1.5603
    8131       1.9198
    8132       1.7708
    8133       1.8433
    8134       1.9357
    8135       1.9530
    8136       2.0367
    8137       2.1313
    8138       2.2130
    8139       2.1342
    8140       2.1170
    8141       2.2078
    8142       2.2220
    8143       2.2541
    8144       2.0306
    8145       1.9553
    8146       2.1042
    8147       1.9180
    8148       2.0299
    8149       1.9977
    8150       1.9912
    8151       1.9723
    8152       2.0870
    8153       2.1305
    8154       2.0248
    8155       1.9547
    8156       1.9857
    8157       1.9470
    8158       2.0702
    8159       2.1390
    8160       2.1687
    8161       1.9872
    8162       2.0610
    8163       1.9752
    8164       1.9892
    8165       1.8629
    8166       1.7185
    8167       1.7297
    8168       1.8218
    8169       1.9279
    8170       2.0038
    8171       1.9641
    8172       1.9512
    8173       1.9728
    8174       2.0529
    8175       2.0925
    8176       1.9898
    8177       1.7269
    8178       1.6563
    8179       1.7656
    8180       1.8243
    8181       1.6418
    8182       1.5420
    8183       1.5688
    8184       1.6049
    8185       1.7044
    8186       1.8326
    8187       1.7060
    8188       1.5619
    8189       1.6191
    8190       1.4898
    8191       1.5170
    8192       1.5651
    8193       1.5723
    8194       1.5612
    8195       1.7019
    8196       1.6650
    8197       1.5364
    8198       1.6026
    8199       1.5438
    8200       1.5223
    8201       1.5197
    8202       1.4139
    8203       1.5227
    8204       1.8217
    8205       1.6441
    8206       1.5661
    8207       1.5860
    8208       1.8253
    8209       1.7449
    8210       1.7058
    8211       1.8195
    8212       1.7103
    8213       1.6360
    8214       1.6985
    8215       1.6179
    8216       1.7649
    8217       1.7929
    8218       1.7747
    8219       1.6329
    8220       1.5799
    8221       1.5739
    8222       1.4896
    8223       1.4778
    8224       1.3754
    8225       1.3608
    8226       1.5564
    8227       1.4762
    8228       1.4377
    8229       1.5416
    8230       1.4093
    8231       1.6528
    8232       1.4884
    8233       1.5438
    8234       1.4890
    8235       1.6767
    8236       1.8528
    8237       1.6427
    8238       1.6008
    8239       1.5889
    8240       1.6776
    8241       1.6652
    8242       1.6607
    8243       1.6533
    8244       1.7364
    8245       1.7505
    8246       1.6128
    8247       1.5407
    8248       1.4766
    8249       1.5672
    8250       1.5585
    8251       1.7091
    8252       1.7733
    8253       1.7297
    8254       1.5670
    8255       1.6289
    8256       1.5475
    8257       1.4852
    8258       1.4871
    8259       1.5474
    8260       1.5599
    8261       1.6368
    8262       1.6427
    8263       1.6087
    8264       1.5956
    8265       1.6295
    8266       1.6299
    8267       1.6716
    8268       1.7453
    8269       1.7561
    8270       1.6729
    8271       1.5743
    8272       1.5734
    8273       1.6479
    8274       1.6637
    8275       1.7721
    8276       1.6611
    8277       1.5429
    8278       1.6350
    8279       1.5093
    8280       1.5069
    8281       1.5310
    8282       1.5670
    8283       1.5530
    8284       1.5571
    8285       1.4963
    8286       1.5202
    8287       1.5958
    8288       1.6251
    8289       1.6135
    8290       1.5857
    8291       1.5892
    8292       1.5874
    8293       1.7346
    8294       1.6311
    8295       1.6742
    8296       1.5975
    8297       1.6641
    8298       1.4976
    8299       1.4719
    8300       1.4609
    8301       1.4412
    8302       1.5405
    8303       1.5486
    8304       1.6546
    8305       1.6765
    8306       1.6746
    8307       1.8429
    8308       1.8466
    8309       1.8044
    8310       2.0118
    8311       1.9972
    8312       1.9068
    8313       1.8615
    8314       1.6896
    8315       1.7067
    8316       1.7279
    8317       1.6585
    8318       1.6621
    8319       1.8138
    8320       1.7011
    8321       1.8841
    8322       1.7032
    8323       1.7741
    8324       1.8175
    8325       1.8554
    8326       1.7183
    8327       1.6323
    8328       1.5406
    8329       1.4554
    8330       1.4941
    8331       1.4346
    8332       1.4005
    8333       1.3943
    8334       1.5499
    8335       1.4630
    8336       1.4518
    8337       1.4671
    8338       1.4002
    8339       1.5077
    8340       1.5893
    8341       1.4918
    8342       1.5409
    8343       1.4957
    8344       1.5730
    8345       1.4908
    8346       1.4827
    8347       1.5447
    8348       1.6158
    8349       1.6690
    8350       1.5957
    8351       1.5201
    8352       1.7136
    8353       2.0001
    8354       2.0356
    8355       1.7389
    8356       1.8356
    8357       2.0866
    8358       2.1643
    8359       2.0304
    8360       1.9533
    8361       1.8910
    8362       1.8123
    8363       1.5914
    8364       1.6296
    8365       1.6265
    8366       1.7275
    8367       1.7645
    8368       1.6154
    8369       1.8885
    8370       1.9265
    8371       1.7215
    8372       1.7555
    8373       1.7450
    8374       1.6126
    8375       1.8825
    8376       2.0692
    8377       2.0458
    8378       1.8747
    8379       1.9272
    8380       1.8288
    8381       2.0663
    8382       1.9071
    8383       2.0272
    8384       2.0233
    8385       1.9166
    8386       1.8378
    8387       1.6854
    8388       1.7705
    8389       1.5971
    8390       1.7500
    8391       1.7371
    8392       1.6309
    8393       1.6813
    8394       1.5996
    8395       1.5994
    8396       1.5565
    8397       1.4085
    8398       1.4045
    8399       1.4449
    8400       1.4980
    8401       1.4757
    8402       1.5295
    8403       1.4320
    8404       1.5863
    8405       1.5500
    8406       1.5394
    8407       1.5857
    8408       1.6875
    8409       1.6754
    8410       1.7641
    8411       1.6554
    8412       1.5941
    8413       1.6411
    8414       1.6039
    8415       1.5821
    8416       1.4998
    8417       1.7313
    8418       1.6212
    8419       1.6588
    8420       1.6392
    8421       1.6734
    8422       1.6793
    8423       1.6013
    8424       1.5487
    8425       1.4898
    8426       1.5860
    8427       1.5348
    8428       1.3131
    8429       1.2792
    8430       1.4178
    8431       1.4733
    8432       1.4214
    8433       1.5610
    8434       1.5473
    8435       1.5822
    8436       1.5031
    8437       1.4255
    8438       1.3671
    8439       1.4454
    8440       1.4691
    8441       1.5533
    8442       1.4857
    8443       1.5219
    8444       1.4212
    8445       1.4727
    8446       1.5059
    8447       1.4432
    8448       1.4114
    8449       1.4273
    8450       1.4234
    8451       1.4230
    8452       1.4952
    8453       1.4155
    8454       1.3514
    8455       1.4195
    8456       1.3252
    8457       1.2595
    8458       1.3334
    8459       1.4285
    8460       1.3557
    8461       1.3913
    8462       1.3526
    8463       1.3416
    8464       1.3653
    8465       1.5012
    8466       1.4447
    8467       1.5805
    8468       1.5786
    8469       1.5059
    8470       1.5963
    8471       1.7498
    8472       1.7695
    8473       1.7391
    8474       1.6977
    8475       1.7324
    8476       1.6695
    8477       1.6066
    8478       1.5649
    8479       1.6760
    8480       1.7378
    8481       1.8844
    8482       1.9297
    8483       1.9963
    8484       2.0365
    8485       1.9205
    8486       1.9000
    8487       1.8461
    8488       1.6804
    8489       1.7833
    8490       1.9189
    8491       1.6854
    8492       1.6236
    8493       1.4050
    8494       1.5416
    8495       1.6379
    8496       1.5832
    8497       1.5635
    8498       1.7458
    8499       1.8485
    8500       1.6273
    8501       1.7254
    8502       1.7040
    8503       1.6813
    8504       1.6035
    8505       1.5513
    8506       1.6611
    8507       1.8136
    8508       1.9184
    8509       2.1070
    8510       1.9387
    8511       1.9215
    8512       1.8539
    8513       1.9184
    8514       1.8186
    8515       1.8322
    8516       1.7628
    8517       1.8772
    8518       1.9685
    8519       2.0619
    8520       2.1009
    8521       2.0244
    8522       2.0376
    8523       1.9805
    8524       2.0231
    8525       2.0665
    8526       1.9895
    8527       1.9893
    8528       1.9252
    8529       2.2211
    8530       2.1146
    8531       2.1909
    8532       2.1664
    8533       2.2372
    8534       2.2963
    8535       2.4365
    8536       2.3677
    8537       2.3587
    8538       2.1933
    8539       2.0913
    8540       2.0553
    8541       2.1179
    8542       2.1766
    8543       2.3106
    8544       2.3555
    8545       2.4617
    8546       2.4330
    8547       2.4488
    8548       2.6616
    8549       2.5534
    8550       2.4588
    8551       2.4367
    8552       2.5687
    8553       2.5023
    8554       2.6163
    8555       2.6763
    8556       2.5338
    8557       2.6924
    8558       2.7231
    8559       2.7484
    8560       2.8730
    8561       2.8904
    8562       2.7097
    8563       2.7171
    8564       2.7647
    8565       2.6529
    8566       2.7462
    8567       2.7041
    8568       2.6474
    8569       2.6529
    8570       2.7196
    8571       2.6565
    8572       2.7420
    8573       2.5228
    8574       2.4256
    8575       2.5856
    8576       2.5014
    8577       2.5585
    8578       2.6981
    8579       2.6360
    8580       2.6033
    8581       2.5736
    8582       2.4909
    8583       2.4348
    8584       2.5048
    8585       2.4465
    8586       2.4546
    8587       2.3836
    8588       2.3289
    8589       2.3909
    8590       2.3192
    8591       2.3113
    8592       2.3968
    8593       2.3603
    8594       2.3870
    8595       2.3118
    8596       2.3502
    8597       2.3575
    8598       2.3753
    8599       2.2361
    8600       2.0477
    8601       1.9914
    8602       2.1795
    8603       2.1592
    8604       2.2468
    8605       2.0321
    8606       1.9320
    8607       2.0625
    8608       2.1958
    8609       2.2990
    8610       2.4222
    8611       2.3892
    8612       2.2895
    8613       2.4581
    8614       2.2086
    8615       2.1479
    8616       2.3494
    8617       2.1938
    8618       2.4511
    8619       2.4446
    8620       2.3777
    8621       2.3656
    8622       2.2742
    8623       2.1636
    8624       2.2529
    8625       2.2456
    8626       2.2152
    8627       2.4105
    8628       2.4666
    8629       2.2875
    8630       2.0907
    8631       2.1894
    8632       2.2077
    8633       2.1420
    8634       2.1638
    8635       2.0191
    8636       1.8498
    8637       1.7804
    8638       1.8074
    8639       1.7379
    8640       1.7791
    8641       2.0175
    8642       1.9843
    8643       1.8199
    8644       1.9597
    8645       1.8421
    8646       1.7117
    8647       1.6355
    8648       1.9603
    8649       1.7552
    8650       1.6610
    8651       1.7558
    8652       1.7152
    8653       1.8124
    8654       1.7605
    8655       1.9778
    8656       1.9711
    8657       1.9790
    8658       1.9788
    8659       1.9359
    8660       1.9316
    8661       2.0169
    8662       1.9383
    8663       1.9642
    8664       2.0326
    8665       1.9255
    8666       1.9427
    8667       1.8864
    8668       1.9440
    8669       1.8766
    8670       2.0172
    8671       1.7818
    8672       1.8279
    8673       1.6957
    8674       1.7079
    8675       1.7673
    8676       1.8768
    8677       1.7339
    8678       1.9123
    8679       1.8862
    8680       1.8631
    8681       1.9738
    8682       1.9132
    8683       1.8829
    8684       1.9957
    8685       1.7454
    8686       1.9711
    8687       2.0815
    8688       2.0704
    8689       1.9881
    8690       1.9971
    8691       1.9963
    8692       2.1879
    8693       2.1734
    8694       2.1038
    8695       2.0808
    8696       2.0961
    8697       2.0671
    8698       2.1568
    8699       2.3381
    8700       2.2299
    8701       2.1950
    8702       2.1872
    8703       2.2137
    8704       2.2491
    8705       2.2670
    8706       2.3563
    8707       2.4554
    8708       2.5402
    8709       2.5263
    8710       2.4703
    8711       2.3170
    8712       2.3476
    8713       2.5555
    8714       2.4612
    8715       2.3507
    8716       2.3018
    8717       2.2311
    8718       2.0371
    8719       1.9887
    8720       2.0735
    8721       2.0940
    8722       2.0291
    8723       1.8672
    8724       1.7595
    8725       1.9212
    8726       1.9244
    8727       1.9038
    8728       2.0648
    8729       2.3081
    8730       2.4710
    8731       2.3108
    8732       2.3364
    8733       2.5517
    8734       2.3226
    8735       2.4550
    8736       2.5789
    8737       2.6074
    8738       2.6187
    8739       2.5967
    8740       2.5710
    8741       2.3012
    8742       2.4475
    8743       2.4968
    8744       2.6978
    8745       2.4853
    8746       2.4128
    8747       2.1781
    8748       2.2895
    8749       2.3025
    8750       2.2802
    8751       2.3472
    8752       2.4436
    8753       2.2563
    8754       2.3681
    8755       2.3000
    8756       2.3854
    8757       2.3625
    8758       2.2161
    8759       2.2397
    8760       2.1583
    8761       2.2022
    8762       2.2758
    8763       2.4071
    8764       2.5800
    8765       2.4268
    8766       2.4012
    8767       2.4906
    8768       2.4307
    8769       2.4793
    8770       2.6112
    8771       2.7264
    8772       2.8504
    8773       2.8208
    8774       2.5367
    8775       2.4049
    8776       2.5853
    8777       2.5742
    8778       2.5397
    8779       2.4800
    8780       2.5904
    8781       2.5761
    8782       2.4545
    8783       2.5066
    8784       2.5938
    8785       2.6298
    8786       2.6899
    8787       2.5677
    8788       2.4638
    8789       2.8324
    8790       2.8146
    8791       2.6862
    8792       2.6033
    8793       2.6859
    8794       2.7314
    8795       2.6773
    8796       2.9206
    8797       3.1025
    8798       3.3109
    8799       3.3812
    8800       3.1510
    8801       3.3544
    8802       3.0163
    8803       3.0657
    8804       3.1714
    8805       2.9401
    8806       3.0709
    8807       2.9277
    8808       2.9047
    8809       2.8294
    8810       2.9836
    8811       3.0173
    8812       2.9668
    8813       2.7413
    8814       2.9127
    8815       2.7836
    8816       2.9188
    8817       2.9357
    8818       2.8042
    8819       2.7515
    8820       2.8108
    8821       2.6678
    8822       2.8894
    8823       2.8657
    8824       2.9062
    8825       2.8736
    8826       2.7412
    8827       2.6762
    8828       2.6775
    8829       2.6940
    8830       2.7926
    8831       2.8680
    8832       2.9036
    8833       2.9187
    8834       2.8132
    8835       2.8434
    8836       2.8315
    8837       2.7254
    8838       2.7623
    8839       2.8236
    8840       3.0151
    8841       2.9226
    8842       3.1578
    8843       3.2332
    8844       3.1703
    8845       3.3091
    8846       3.5217
    8847       3.3385
    8848       3.1859
    8849       3.2952
    8850       3.3531
    8851       3.1681
    8852       3.2874
    8853       3.2776
    8854       3.2604
    8855       3.2410
    8856       3.2706
    8857       3.2515
    8858       3.1589
    8859       3.1410
    8860       3.1667
    8861       3.4213
    8862       3.5344
    8863       3.4148
    8864       3.4898
    8865       3.4464
    8866       3.2967
    8867       3.4388
    8868       3.4961
    8869       3.4091
    8870       3.2128
    8871       3.0971
    8872       3.0629
    8873       3.0420
    8874       3.1792
    8875       3.1962
    8876       3.2290
    8877       3.1562
    8878       2.9905
    8879       2.9954
    8880       3.0598
    8881       2.7927
    8882       2.9348
    8883       3.0314
    8884       3.0713
    8885       3.1036
    8886       3.2525
    8887       3.3673
    8888       3.4480
    8889       3.2419
    8890       3.3026
    8891       3.5039
    8892       3.5431
    8893       3.5285
    8894       3.3982
    8895       3.3518
    8896       3.3165
    8897       3.4614
    8898       3.3234
    8899       3.2028
    8900       3.2095
    8901       3.2358
    8902       3.1505
    8903       3.2065
    8904       3.1508
    8905       3.0888
    8906       3.4258
    8907       3.4262
    8908       3.4528
    8909       3.4834
    8910       3.5139
    8911       3.5337
    8912       3.3671
    8913       3.4477
    8914       3.6195
    8915       3.3914
    8916       3.3925
    8917       3.2040
    8918       3.1660
    8919       3.1699
    8920       3.3000
    8921       3.2239
    8922       3.4313
    8923       3.5991
    8924       3.3237
    8925       3.2761
    8926       3.1844
    8927       3.1550
    8928       2.9921
    8929       3.2065
    8930       3.2038
    8931       2.9672
    8932       2.9460
    8933       2.6517
    8934       2.7813
    8935       2.5264
    8936       2.7984
    8937       2.8938
    8938       2.9076
    8939       2.9889
    8940       2.9022
    8941       2.8228
    8942       3.1342
    8943       3.2796
    8944       3.1598
    8945       2.9598
    8946       2.8083
    8947       2.7998
    8948       2.9515
    8949       2.9039
    8950       2.9802
    8951       3.0976
    8952       2.8105
    8953       2.8725
    8954       2.8954
    8955       2.9734
    8956       2.8863
    8957       2.8637
    8958       2.9700
    8959       3.1844
    8960       3.1226
    8961       3.1582
    8962       3.1814
    8963       3.2180
    8964       3.2432
    8965       3.2199
    8966       3.3121
    8967       3.1522
    8968       3.1800
    8969       3.1597
    8970       3.1260
    8971       3.0927
    8972       3.2525
    8973       3.1625
    8974       3.2073
    8975       3.1451
    8976       3.1997
    8977       3.0314
    8978       3.1673
    8979       3.1935
    8980       3.3022
    8981       3.3367
    8982       3.3389
    8983       3.4316
    8984       3.4045
    8985       3.1534
    8986       3.2072
    8987       2.9521
    8988       3.0155
    8989       3.0923
    8990       3.0449
    8991       3.0519
    8992       3.0905
    8993       2.9511
    8994       2.8976
    8995       2.8637
    8996       2.9569
    8997       2.9546
    8998       3.1140
    8999       3.2950
    9000       3.2750
    9001       3.2476
    9002       3.0743
    9003       3.2480
    9004       3.1787
    9005       3.1726
    9006       3.0913
    9007       3.2005
    9008       3.2893
    9009       3.3313
    9010       3.4650
    9011       3.4398
    9012       3.5961
    9013       3.5930
    9014       3.4065
    9015       3.3472
    9016       3.2316
    9017       3.2186
    9018       3.3226
    9019       3.3686
    9020       3.3117
    9021       3.3148
    9022       3.3718
    9023       3.5760
    9024       3.5801
    9025       3.6382
    9026       3.5883
    9027       3.4932
    9028       3.3111
    9029       3.2622
    9030       3.2166
    9031       3.3067
    9032       3.1667
    9033       3.0816
    9034       3.0379
    9035       3.1755
    9036       3.0803
    9037       3.0862
    9038       3.2214
    9039       3.2663
    9040       3.3280
    9041       3.2272
    9042       3.3975
    9043       3.3871
    9044       3.1190
    9045       3.0716
    9046       3.1349
    9047       3.0231
    9048       2.9226
    9049       2.8796
    9050       3.0997
    9051       3.2065
    9052       3.1317
    9053       3.1481
    9054       2.8882
    9055       2.9930
    9056       3.0968
    9057       2.9007
    9058       2.8581
    9059       2.8875
    9060       3.0334
    9061       2.9117
    9062       2.8004
    9063       2.7839
    9064       2.7869
    9065       2.8401
    9066       2.7695
    9067       2.8076
    9068       2.6989
    9069       2.8607
    9070       2.8477
    9071       2.8955
    9072       2.8600
    9073       3.0490
    9074       3.2318
    9075       3.4276
    9076       3.2634
    9077       3.1907
    9078       2.9432
    9079       3.0322
    9080       2.9296
    9081       2.8998
    9082       2.9860
    9083       3.0142
    9084       2.8136
    9085       2.7401
    9086       2.8520
    9087       3.1696
    9088       3.2900
    9089       3.1263
    9090       3.0528
    9091       3.0893
    9092       3.2660
    9093       3.3109
    9094       3.2355
    9095       3.1521
    9096       3.3792
    9097       3.3267
    9098       3.2544
    9099       3.3770
    9100       3.1412
    9101       2.9667
    9102       2.8078
    9103       2.8940
    9104       2.8522
    9105       2.6761
    9106       2.8979
    9107       2.6700
    9108       2.6874
    9109       2.6163
    9110       2.6492
    9111       2.6760
    9112       2.7724
    9113       2.8293
    9114       2.7473
    9115       2.6680
    9116       2.6828
    9117       2.8500
    9118       2.8541
    9119       2.8531
    9120       2.7404
    9121       2.7243
    9122       2.6274
    9123       2.6578
    9124       2.6410
    9125       2.6701
    9126       2.6520
    9127       2.8021
    9128       2.7793
    9129       2.7597
    9130       2.7933
    9131       2.8474
    9132       2.7627
    9133       2.9634
    9134       3.1710
    9135       3.1688
    9136       3.1702
    9137       3.0925
    9138       3.1739
    9139       3.1139
    9140       3.1254
    9141       3.0748
    9142       2.9706
    9143       3.0727
    9144       3.1289
    9145       2.9949
    9146       3.0832
    9147       3.3014
    9148       3.0671
    9149       3.2104
    9150       3.3531
    9151       3.0690
    9152       3.1923
    9153       3.3976
    9154       3.1389
    9155       3.1889
    9156       3.1642
    9157       2.8876
    9158       2.7724
    9159       2.7995
    9160       2.7166
    9161       2.8064
    9162       2.9912
    9163       2.9060
    9164       3.0672
    9165       2.9393
    9166       2.8790
    9167       2.8159
    9168       2.8561
    9169       2.9114
    9170       3.1448
    9171       3.2025
    9172       2.9212
    9173       2.8888
    9174       2.8363
    9175       2.8477
    9176       3.1485
    9177       3.0077
    9178       2.9724
    9179       2.9622
    9180       2.9041
    9181       2.8102
    9182       2.6937
    9183       2.6175
    9184       2.8975
    9185       2.8348
    9186       2.6634
    9187       2.8309
    9188       2.8089
    9189       2.7388
    9190       3.0205
    9191       2.8945
    9192       2.7199
    9193       2.6786
    9194       2.7930
    9195       2.7668
    9196       2.5601
    9197       2.6692
    9198       2.7587
    9199       2.3891
    9200       2.7354
    9201       2.6311
    9202       2.5922
    9203       2.7951
    9204       2.9784
    9205       2.9706
    9206       2.8872
    9207       2.7783
    9208       2.5491
    9209       2.7288
    9210       2.6532
    9211       2.7725
    9212       2.7927
    9213       2.5110
    9214       2.7745
    9215       2.6859
    9216       2.8179
    9217       2.4291
    9218       2.5243
    9219       2.6398
    9220       2.5841
    9221       2.7217
    9222       2.7763
    9223       2.8031
    9224       2.5074
    9225       2.6739
    9226       3.0022
    9227       2.8505
    9228       2.8919
    9229       2.8428
    9230       2.9372
    9231       3.0069
    9232       2.8862
    9233       2.8905
    9234       2.8558
    9235       3.0391
    9236       3.1446
    9237       3.0512
    9238       3.0578
    9239       2.8299
    9240       2.7904
    9241       2.7450
    9242       2.6160
    9243       2.6353
    9244       2.5906
    9245       2.5576
    9246       2.5711
    9247       2.6413
    9248       2.6920
    9249       2.7352
    9250       2.5494
    9251       2.8575
    9252       2.7766
    9253       2.7026
    9254       2.5169
    9255       2.6232
    9256       2.5014
    9257       2.4251
    9258       2.6038
    9259       2.6062
    9260       2.5377
    9261       2.6663
    9262       2.6226
    9263       2.7225
    9264       2.5201
    9265       2.6630
    9266       2.8724
    9267       3.0280
    9268       2.9974
    9269       2.9426
    9270       2.8460
    9271       2.8008
    9272       2.6760
    9273       2.6015
    9274       2.6438
    9275       2.4346
    9276       2.5336
    9277       2.4734
    9278       2.5221
    9279       2.4214
    9280       2.4960
    9281       2.5484
    9282       2.6812
    9283       2.6700
    9284       2.7973
    9285       2.9221
    9286       2.9551
    9287       2.8563
    9288       2.5525
    9289       2.5956
    9290       2.6251
    9291       2.6606
    9292       2.8529
    9293       2.8055
    9294       2.9097
    9295       2.9876
    9296       2.8783
    9297       3.0885
    9298       3.0341
    9299       3.0695
    9300       3.1547
    9301       3.0970
    9302       3.1013
    9303       3.1741
    9304       3.2056
    9305       3.3785
    9306       3.2572
    9307       3.3317
    9308       3.3684
    9309       3.5355
    9310       3.4687
    9311       3.4683
    9312       3.4976
    9313       3.3613
    9314       3.4127
    9315       3.5625
    9316       3.6232
    9317       3.4705
    9318       3.5515
    9319       3.4238
    9320       3.4174
    9321       3.2943
    9322       3.0885
    9323       3.0298
    9324       3.1097
    9325       3.0041
    9326       2.9914
    9327       3.0458
    9328       3.1019
    9329       3.1719
    9330       3.3074
    9331       3.4593
    9332       3.4993
    9333       3.5569
    9334       3.6876
    9335       3.5422
    9336       3.4219
    9337       3.2945
    9338       3.4427
    9339       3.4089
    9340       3.3886
    9341       3.5431
    9342       3.1013
    9343       3.1307
    9344       3.0750
    9345       3.0273
    9346       2.9032
    9347       2.8512
    9348       2.8555
    9349       2.8657
    9350       2.8679
    9351       2.9836
    9352       2.9317
    9353       2.9678
    9354       3.0040
    9355       2.9025
    9356       2.8234
    9357       2.9310
    9358       2.8001
    9359       2.7343
    9360       2.7460
    9361       2.8661
    9362       3.0204
    9363       2.8964
    9364       2.9700
    9365       2.9065
    9366       3.1903
    9367       3.1272
    9368       2.9343
    9369       3.0262
    9370       3.3577
    9371       3.5532
    9372       3.3729
    9373       3.1694
    9374       3.2339
    9375       2.9804
    9376       2.8341
    9377       2.8550
    9378       2.9592
    9379       2.8374
    9380       3.0030
    9381       3.2382
    9382       3.1959
    9383       3.1268
    9384       3.1976
    9385       3.2832
    9386       3.2379
    9387       3.1426
    9388       3.3212
    9389       3.4498
    9390       3.5000
    9391       3.3469
    9392       3.2661
    9393       3.2923
    9394       3.2556
    9395       3.1867
    9396       3.3418
    9397       3.2770
    9398       3.1517
    9399       3.0487
    9400       3.1304
    9401       3.0636
    9402       3.0785
    9403       3.0360
    9404       3.0218
    9405       2.9813
    9406       3.1767
    9407       2.8814
    9408       2.9108
    9409       2.9951
    9410       2.9005
    9411       2.9182
    9412       2.8636
    9413       2.9975
    9414       3.0577
    9415       2.8642
    9416       3.0892
    9417       3.1173
    9418       3.1219
    9419       3.1681
    9420       3.0340
    9421       3.2866
    9422       3.0606
    9423       3.2184
    9424       3.1032
    9425       3.1655
    9426       3.1716
    9427       3.1169
    9428       3.1013
    9429       2.9559
    9430       2.9645
    9431       3.2038
    9432       3.2507
    9433       3.2002
    9434       3.0826
    9435       3.0846
    9436       3.0670
    9437       2.9946
    9438       3.1173
    9439       3.0971
    9440       3.1086
    9441       3.1591
    9442       3.3190
    9443       3.3513
    9444       3.4239
    9445       3.6110
    9446       3.6065
    9447       3.6691
    9448       3.8088
    9449       3.8657
    9450       4.2047
    9451       4.1068
    9452       3.9475
    9453       4.1351
    9454       3.9446
    9455       3.7486
    9456       3.7955
    9457       3.5632
    9458       3.5004
    9459       3.6079
    9460       3.5712
    9461       3.7422
    9462       3.6217
    9463       3.8133
    9464       3.7456
    9465       3.7567
    9466       3.8438
    9467       3.9174
    9468       3.9076
    9469       3.9183
    9470       3.8821
    9471       3.8825
    9472       3.9240
    9473       4.1246
    9474       3.8998
    9475       3.9647
    9476       3.8379
    9477       3.7627
    9478       3.7680
    9479       3.5777
    9480       3.3399
    9481       3.4606
    9482       3.3880
    9483       3.2174
    9484       3.3831
    9485       3.5282
    9486       3.4627
    9487       3.3917
    9488       3.5013
    9489       3.6003
    9490       3.4573
    9491       3.4725
    9492       3.6646
    9493       3.4470
    9494       3.5313
    9495       3.4940
    9496       3.4118
    9497       3.4493
    9498       3.5344
    9499       3.3568
    9500       3.4471
    9501       3.6135
    9502       3.4897
    9503       3.7830
    9504       3.6071
    9505       3.4691
    9506       3.5736
    9507       3.4572
    9508       3.4349
    9509       3.5263
    9510       3.6306
    9511       3.6596
    9512       3.6270
    9513       3.8641
    9514       3.5711
    9515       3.5148
    9516       3.6509
    9517       3.5524
    9518       3.6706
    9519       3.5203
    9520       3.5771
    9521       3.5861
    9522       3.4099
    9523       3.3708
    9524       3.5484
    9525       3.6666
    9526       3.6703
    9527       3.9283
    9528       3.5886
    9529       3.9007
    9530       3.9578
    9531       4.1266
    9532       3.8725
    9533       3.7837
    9534       3.9599
    9535       3.6817
    9536       3.5843
    9537       3.6126
    9538       3.5455
    9539       3.7781
    9540       4.0053
    9541       3.9044
    9542       3.9841
    9543       3.8731
    9544       3.8954
    9545       3.7452
    9546       3.7557
    9547       3.7938
    9548       3.8412
    9549       3.8983
    9550       3.7298
    9551       3.7476
    9552       3.8198
    9553       3.7590
    9554       3.6511
    9555       3.5997
    9556       3.5917
    9557       3.6347
    9558       3.5436
    9559       3.7149
    9560       3.6793
    9561       3.9823
    9562       4.1405
    9563       4.0223
    9564       3.8668
    9565       4.2410
    9566       4.0157
    9567       3.8292
    9568       3.9058
    9569       3.8660
    9570       3.9662
    9571       4.1661
    9572       4.1566
    9573       3.9709
    9574       4.0189
    9575       4.2359
    9576       4.2137
    9577       4.0654
    9578       4.1104
    9579       4.2639
    9580       4.1524
    9581       3.8578
    9582       4.0092
    9583       4.0748
    9584       3.8460
    9585       3.6455
    9586       3.7752
    9587       3.8118
    9588       3.9143
    9589       3.7870
    9590       3.6107
    9591       3.6560
    9592       3.6240
    9593       3.5015
    9594       3.4742
    9595       3.2684
    9596       3.2841
    9597       3.1528
    9598       3.2026
    9599       3.1674
    9600       3.2763
    9601       3.3844
    9602       3.3704
    9603       3.3525
    9604       3.2437
    9605       3.2902
    9606       3.2840
    9607       3.2218
    9608       3.0632
    9609       3.2005
    9610       3.1776
    9611       3.1954
    9612       3.2414
    9613       3.3082
    9614       3.3058
    9615       3.3533
    9616       3.2464
    9617       3.1170
    9618       3.3450
    9619       3.4038
    9620       3.2806
    9621       3.2492
    9622       3.4173
    9623       3.2891
    9624       3.4124
    9625       3.1962
    9626       3.2955
    9627       3.1509
    9628       3.2812
    9629       3.2588
    9630       3.2713
    9631       3.4999
    9632       3.2949
    9633       3.2103
    9634       3.2474
    9635       3.2239
    9636       3.1333
    9637       3.2845
    9638       3.3382
    9639       3.3077
    9640       3.2012
    9641       3.3892
    9642       3.4541
    9643       3.3378
    9644       3.2662
    9645       3.3511
    9646       3.4207
    9647       3.5552
    9648       3.5223
    9649       3.6196
    9650       3.5846
    9651       3.6248
    9652       3.4414
    9653       3.2988
    9654       3.1776
    9655       3.0182
    9656       3.1763
    9657       3.1065
    9658       3.2689
    9659       3.3266
    9660       3.3068
    9661       3.2595
    9662       3.2216
    9663       3.2827
    9664       3.3463
    9665       3.4149
    9666       3.7007
    9667       3.4696
    9668       3.4979
    9669       3.5734
    9670       3.7304
    9671       3.3284
    9672       3.2422
    9673       3.2392
    9674       3.4300
    9675       3.4384
    9676       3.5214
    9677       3.3187
    9678       3.3314
    9679       3.3531
    9680       3.5089
    9681       3.6343
    9682       3.5460
    9683       3.6687
    9684       3.7863
    9685       3.9284
    9686       4.0443
    9687       3.8838
    9688       3.9766
    9689       3.9797
    9690       3.8733
    9691       3.7575
    9692       3.7955
    9693       3.6532
    9694       3.6642
    9695       3.7248
    9696       3.7847
    9697       3.5667
    9698       3.7202
    9699       4.0620
    9700       3.7622
    9701       3.7995
    9702       3.6570
    9703       3.7176
    9704       3.8233
    9705       3.8308
    9706       3.7380
    9707       3.7618
    9708       3.5651
    9709       3.5145
    9710       3.5502
    9711       3.7241
    9712       3.6400
    9713       3.8823
    9714       3.8322
    9715       3.7560
    9716       3.8519
    9717       3.7113
    9718       3.4335
    9719       3.3573
    9720       3.4760
    9721       3.3896
    9722       3.4144
    9723       3.4502
    9724       3.6035
    9725       3.3906
    9726       3.1605
    9727       2.9127
    9728       2.7084
    9729       2.9557
    9730       2.9633
    9731       2.9444
    9732       2.9816
    9733       2.9429
    9734       2.8790
    9735       2.9210
    9736       2.9945
    9737       2.8851
    9738       2.9659
    9739       2.8009
    9740       2.7735
    9741       2.7661
    9742       2.6853
    9743       2.8337
    9744       2.6835
    9745       2.5869
    9746       2.7595
    9747       3.0112
    9748       2.9634
    9749       3.0835
    9750       3.0941
    9751       2.8857
    9752       2.8539
    9753       3.1030
    9754       3.2419
    9755       3.3730
    9756       3.1750
    9757       3.2360
    9758       3.2614
    9759       3.2319
    9760       3.2826
    9761       3.2062
    9762       3.2738
    9763       3.2165
    9764       3.1942
    9765       3.2060
    9766       3.1821
    9767       3.2919
    9768       3.2250
    9769       3.3139
    9770       3.2152
    9771       3.1645
    9772       3.1239
    9773       2.9632
    9774       3.1584
    9775       3.1265
    9776       3.0180
    9777       3.1918
    9778       3.2166
    9779       3.3653
    9780       3.1450
    9781       3.1022
    9782       3.2992
    9783       3.3385
    9784       3.2208
    9785       3.2333
    9786       3.3034
    9787       3.4433
    9788       3.5950
    9789       3.7529
    9790       3.8396
    9791       3.4715
    9792       3.5226
    9793       3.7221
    9794       3.4640
    9795       3.7185
    9796       3.6919
    9797       3.7360
    9798       3.6355
    9799       3.6579
    9800       3.5502
    9801       3.6124
    9802       3.4410
    9803       3.8223
    9804       3.6509
    9805       3.7330
    9806       3.4979
    9807       3.5302
    9808       3.4918
    9809       3.4946
    9810       3.5037
    9811       3.4980
    9812       3.5623
    9813       3.6775
    9814       3.3698
    9815       3.3574
    9816       3.5001
    9817       3.7012
    9818       3.7098
    9819       3.5303
    9820       3.6555
    9821       3.6159
    9822       3.7334
    9823       3.5433
    9824       3.3882
    9825       3.3845
    9826       3.3255
    9827       3.3193
    9828       3.1342
    9829       3.2933
    9830       3.4912
    9831       3.3495
    9832       3.3701
    9833       3.4542
    9834       3.7119
    9835       3.5722
    9836       3.7576
    9837       3.7965
    9838       3.7064
    9839       3.8064
    9840       3.8986
    9841       3.8612
    9842       3.7999
    9843       3.7302
    9844       3.7578
    9845       3.9745
    9846       4.0345
    9847       4.0396
    9848       4.0509
    9849       3.8560
    9850       3.6641
    9851       3.6966
    9852       3.5449
    9853       3.5094
    9854       3.4659
    9855       3.2667
    9856       3.3691
    9857       3.1399
    9858       3.1110
    9859       3.1448
    9860       2.8782
    9861       2.8216
    9862       2.9212
    9863       3.0748
    9864       3.1461
    9865       3.1409
    9866       3.1721
    9867       3.2050
    9868       3.3559
    9869       3.3080
    9870       3.3674
    9871       3.5275
    9872       3.2625
    9873       3.2032
    9874       3.2400
    9875       3.2213
    9876       3.0625
    9877       3.1120
    9878       3.0312
    9879       2.9715
    9880       3.0926
    9881       2.9242
    9882       2.8323
    9883       2.8623
    9884       2.7693
    9885       2.6740
    9886       2.6551
    9887       2.7290
    9888       2.6382
    9889       2.5784
    9890       2.7186
    9891       2.5182
    9892       2.2224
    9893       2.2186
    9894       2.2866
    9895       2.3838
    9896       2.5353
    9897       2.5215
    9898       2.5360
    9899       2.6929
    9900       2.7496
    9901       2.7779
    9902       2.7724
    9903       2.8556
    9904       2.8376
    9905       2.6931
    9906       2.7268
    9907       2.6740
    9908       2.5931
    9909       2.5818
    9910       2.5813
    9911       2.4589
    9912       2.5112
    9913       2.4124
    9914       2.5027
    9915       2.4223
    9916       2.4644
    9917       2.3143
    9918       2.4320
    9919       2.3810
    9920       2.4069
    9921       2.4056
    9922       2.3241
    9923       2.2452
    9924       2.3920
    9925       2.4777
    9926       2.5332
    9927       2.5982
    9928       2.5770
    9929       2.4873
    9930       2.5767
    9931       2.8997
    9932       2.8605
    9933       2.7558
    9934       2.8197
    9935       2.7271
    9936       2.5469
    9937       2.5295
    9938       2.7384
    9939       2.5596
    9940       2.6802
    9941       2.7640
    9942       2.6787
    9943       2.5333
    9944       2.4547
    9945       2.5022
    9946       2.4216
    9947       2.4623
    9948       2.4224
    9949       2.5294
    9950       2.4225
    9951       2.3101
    9952       2.3435
    9953       2.1857
    9954       2.1959
    9955       2.2934
    9956       2.4497
    9957       2.5690
    9958       2.6965
    9959       2.6693
    9960       2.7723
    9961       2.6328
    9962       2.5863
    9963       2.7431
    9964       2.8186
    9965       2.8698
    9966       2.8318
    9967       2.9204
    9968       2.7696
    9969       2.8211
    9970       3.0007
    9971       3.1264
    9972       3.0173
    9973       2.7609
    9974       2.7157
    9975       2.7550
    9976       2.8106
    9977       2.8322
    9978       2.9321
    9979       2.8301
    9980       2.9936
    9981       3.0059
    9982       3.0199
    9983       2.9557
    9984       3.1999
    9985       3.3833
    9986       3.2204
    9987       3.1831
    9988       2.9911
    9989       2.9863
    9990       2.8776
    9991       2.8748
    9992       2.9773
    9993       3.1134
    9994       3.1914
    9995       3.1643
    9996       3.0885
    9997       3.1902
    9998       3.2731
    9999       3.4729
   10000       3.5608
