#Frame     RMSD_00002
       1       0.0000
       2       0.7739
       3       0.7988
       4       0.8646
       5       0.8233
       6       0.8717
       7       0.9497
       8       0.9564
       9       1.0473
      10       1.1205
      11       1.0527
      12       1.2629
      13       1.3380
      14       1.4074
      15       1.3774
      16       1.4207
      17       1.5605
      18       1.7811
      19       1.8607
      20       1.7266
      21       1.8335
      22       1.8624
      23       2.0326
      24       1.8456
      25       1.9172
      26       2.0934
      27       1.8803
      28       1.8648
      29       1.7072
      30       1.8846
      31       2.0997
      32       2.3734
      33       2.2256
      34       2.2523
      35       2.2425
      36       2.0090
      37       1.9499
      38       1.7824
      39       1.7116
      40       1.7114
      41       1.7805
      42       1.7515
      43       1.3973
      44       1.4165
      45       1.3947
      46       1.3511
      47       1.5310
      48       1.3367
      49       1.3089
      50       1.4924
      51       1.6396
      52       1.6147
      53       1.6155
      54       1.4356
      55       1.3803
      56       1.4551
      57       1.5666
      58       1.7424
      59       1.9190
      60       1.8203
      61       1.8357
      62       1.8797
      63       1.7999
      64       1.9092
      65       1.8724
      66       1.9910
      67       2.0614
      68       1.8403
      69       1.8446
      70       1.8797
      71       1.7877
      72       1.6348
      73       1.7641
      74       1.8557
      75       1.7730
      76       1.7560
      77       1.7601
      78       1.9619
      79       2.0193
      80       1.8631
      81       2.2471
      82       2.3165
      83       2.1421
      84       2.1339
      85       2.2529
      86       2.3112
      87       2.0933
      88       1.9424
      89       1.9258
      90       2.0071
      91       2.0363
      92       1.9884
      93       1.8094
      94       1.9074
      95       2.1052
      96       2.1595
      97       2.2068
      98       2.2238
      99       2.2058
     100       2.3687
     101       2.6213
     102       2.4610
     103       2.3059
     104       2.3382
     105       2.1492
     106       2.0437
     107       1.9971
     108       2.0912
     109       1.9743
     110       2.0501
     111       2.0466
     112       2.0247
     113       1.9984
     114       1.9197
     115       2.0740
     116       2.1692
     117       2.2075
     118       2.2693
     119       2.3405
     120       2.3141
     121       2.1646
     122       1.8854
     123       1.9884
     124       2.0896
     125       1.9775
     126       1.9547
     127       1.9443
     128       1.8832
     129       2.2026
     130       2.0155
     131       2.0769
     132       2.0623
     133       2.0150
     134       1.8791
     135       1.9233
     136       1.8835
     137       1.9473
     138       1.8864
     139       2.0771
     140       1.9868
     141       2.1493
     142       2.1513
     143       2.0741
     144       2.1102
     145       1.9237
     146       1.7443
     147       1.6268
     148       1.9412
     149       2.0979
     150       2.0745
     151       2.0503
     152       1.9093
     153       2.0509
     154       2.0141
     155       1.9509
     156       1.9697
     157       2.1124
     158       1.9471
     159       1.9363
     160       1.9196
     161       2.0311
     162       1.9826
     163       2.1219
     164       2.2013
     165       2.2857
     166       2.5300
     167       2.3472
     168       2.1783
     169       2.0247
     170       1.9777
     171       2.1000
     172       2.1728
     173       2.0271
     174       2.0544
     175       2.0461
     176       1.9970
     177       1.9924
     178       2.0080
     179       2.0503
     180       2.1470
     181       1.9741
     182       1.8811
     183       1.8878
     184       1.9715
     185       1.9412
     186       1.9480
     187       1.9942
     188       1.9416
     189       1.9556
     190       2.0757
     191       2.2827
     192       2.0675
     193       2.1193
     194       1.9274
     195       2.0491
     196       2.1528
     197       2.3177
     198       2.1301
     199       2.1032
     200       2.0856
     201       2.1592
     202       2.2458
     203       2.2962
     204       2.3129
     205       2.3270
     206       2.3333
     207       2.3610
     208       2.2504
     209       2.1594
     210       2.2342
     211       2.2458
     212       2.1894
     213       2.0489
     214       1.9072
     215       2.1039
     216       1.9826
     217       2.0836
     218       2.1844
     219       2.2539
     220       1.9361
     221       1.9231
     222       2.2383
     223       2.2228
     224       2.1695
     225       2.0778
     226       1.8105
     227       2.0082
     228       1.9522
     229       2.0710
     230       2.3493
     231       2.2308
     232       2.1188
     233       2.0993
     234       2.0296
     235       2.2383
     236       2.3994
     237       2.6315
     238       2.4805
     239       2.3255
     240       2.4052
     241       2.2596
     242       2.1048
     243       2.0581
     244       2.0709
     245       1.9666
     246       1.9947
     247       1.7616
     248       2.0001
     249       2.2969
     250       2.2765
     251       2.1960
     252       2.1475
     253       2.2140
     254       1.9446
     255       2.1889
     256       1.9990
     257       2.0565
     258       2.0114
     259       2.3537
     260       2.3222
     261       2.2684
     262       2.3208
     263       2.5060
     264       2.3538
     265       2.4760
     266       2.4058
     267       2.1974
     268       2.0758
     269       2.1311
     270       1.9983
     271       2.0636
     272       2.0664
     273       1.8102
     274       1.9399
     275       1.8902
     276       1.8293
     277       1.7379
     278       1.7263
     279       1.6018
     280       1.7024
     281       1.8718
     282       1.7636
     283       1.8314
     284       1.9426
     285       1.8729
     286       2.0326
     287       2.0077
     288       2.0369
     289       2.0690
     290       2.0164
     291       1.9364
     292       2.0703
     293       2.1199
     294       2.1137
     295       2.1625
     296       2.1596
     297       2.2901
     298       2.1411
     299       2.1483
     300       2.1894
     301       2.2438
     302       2.1308
     303       2.2992
     304       2.3593
     305       2.2783
     306       2.2372
     307       2.0680
     308       2.1145
     309       2.1149
     310       2.1752
     311       2.0930
     312       2.0257
     313       2.0307
     314       1.9640
     315       2.2508
     316       2.2679
     317       2.2005
     318       2.1470
     319       2.1255
     320       1.9746
     321       2.1756
     322       2.1385
     323       2.1147
     324       2.2982
     325       1.8804
     326       2.0671
     327       2.1673
     328       2.2243
     329       2.2097
     330       2.1549
     331       2.0035
     332       2.0104
     333       1.9878
     334       1.9871
     335       2.0471
     336       2.0399
     337       2.1518
     338       2.1592
     339       2.2960
     340       2.5445
     341       2.4488
     342       2.3246
     343       2.3630
     344       2.4300
     345       2.5674
     346       2.5407
     347       2.4119
     348       2.4376
     349       2.3800
     350       2.6505
     351       2.5296
     352       2.2346
     353       2.2074
     354       2.4167
     355       2.3144
     356       2.4239
     357       2.7002
     358       2.4221
     359       2.2035
     360       2.3443
     361       2.4508
     362       2.4409
     363       2.4721
     364       2.4270
     365       2.4487
     366       2.4880
     367       2.7034
     368       2.7614
     369       2.7032
     370       2.4445
     371       2.5989
     372       2.5792
     373       2.7756
     374       2.7677
     375       2.8923
     376       2.8250
     377       2.7677
     378       2.9726
     379       2.9322
     380       2.8098
     381       2.8201
     382       2.8058
     383       2.7066
     384       2.6046
     385       2.5311
     386       2.5494
     387       2.7475
     388       2.7103
     389       2.7471
     390       2.9949
     391       3.0478
     392       2.7703
     393       2.6371
     394       2.6254
     395       2.4738
     396       2.3213
     397       2.3936
     398       2.3795
     399       2.3455
     400       2.3277
     401       2.3406
     402       2.3450
     403       2.2697
     404       2.1662
     405       2.0375
     406       2.0135
     407       2.1238
     408       2.1460
     409       2.0679
     410       1.9159
     411       1.7779
     412       1.8382
     413       1.7774
     414       1.8756
     415       2.0107
     416       2.1177
     417       2.0442
     418       2.2691
     419       2.3727
     420       1.9776
     421       1.7908
     422       1.7648
     423       1.8818
     424       2.0725
     425       2.2905
     426       2.1221
     427       1.9781
     428       2.0052
     429       1.8894
     430       2.0747
     431       2.1781
     432       2.2392
     433       2.3534
     434       2.2490
     435       2.1315
     436       2.2036
     437       2.2255
     438       2.2453
     439       2.3535
     440       2.2147
     441       2.3142
     442       2.4033
     443       2.4573
     444       2.2785
     445       2.1818
     446       2.1463
     447       2.0364
     448       2.0675
     449       2.2193
     450       2.2273
     451       2.4886
     452       2.5210
     453       2.4365
     454       2.3983
     455       2.2489
     456       2.2602
     457       2.2996
     458       2.4483
     459       2.2474
     460       2.1717
     461       2.2553
     462       2.0166
     463       2.0849
     464       2.1071
     465       2.2922
     466       2.3450
     467       2.3175
     468       2.3545
     469       2.3564
     470       2.4974
     471       2.4565
     472       2.4748
     473       2.4910
     474       2.4667
     475       2.5273
     476       2.5408
     477       2.3972
     478       2.5250
     479       2.5391
     480       2.5064
     481       2.5453
     482       2.6313
     483       2.6364
     484       2.4791
     485       2.5363
     486       2.6411
     487       2.6927
     488       2.6604
     489       2.8224
     490       2.5193
     491       2.6004
     492       2.6790
     493       2.6578
     494       2.5444
     495       2.6541
     496       2.5931
     497       2.8143
     498       2.5980
     499       2.4353
     500       2.6895
     501       2.5857
     502       2.4178
     503       2.7013
     504       2.4564
     505       2.4693
     506       2.1707
     507       2.1039
     508       2.2538
     509       2.3606
     510       2.3957
     511       2.2715
     512       2.4713
     513       2.5819
     514       2.6103
     515       2.6768
     516       2.6440
     517       2.7701
     518       2.8349
     519       2.8739
     520       2.9618
     521       2.8707
     522       2.8646
     523       2.8350
     524       2.8095
     525       2.6997
     526       2.5429
     527       2.3752
     528       2.3856
     529       2.3309
     530       2.4814
     531       2.4602
     532       2.2462
     533       2.3362
     534       2.1316
     535       2.2708
     536       2.1240
     537       2.2274
     538       2.2992
     539       2.1139
     540       2.2832
     541       2.2874
     542       2.2902
     543       2.5376
     544       2.6792
     545       2.5987
     546       2.6192
     547       2.3382
     548       2.2902
     549       2.2636
     550       2.1724
     551       2.1381
     552       2.2180
     553       2.1941
     554       2.5030
     555       2.3913
     556       2.4556
     557       2.4472
     558       2.3042
     559       2.2753
     560       2.3393
     561       2.3047
     562       2.4584
     563       2.2220
     564       2.2713
     565       2.2959
     566       2.5826
     567       2.6004
     568       2.6606
     569       2.4258
     570       2.2798
     571       2.4529
     572       2.3341
     573       2.4592
     574       2.5887
     575       2.7565
     576       2.5449
     577       2.5931
     578       2.7451
     579       2.7243
     580       2.9029
     581       2.8305
     582       2.4991
     583       2.3902
     584       2.2192
     585       2.1812
     586       1.9827
     587       2.1509
     588       2.2367
     589       2.2863
     590       2.4507
     591       2.5852
     592       2.5714
     593       2.4789
     594       2.4635
     595       2.2276
     596       1.9150
     597       2.1016
     598       2.1325
     599       1.9234
     600       2.0555
     601       2.1107
     602       2.1983
     603       2.1715
     604       2.2403
     605       2.1422
     606       2.3106
     607       2.2964
     608       2.1600
     609       2.3192
     610       2.3842
     611       2.1479
     612       1.8141
     613       1.9426
     614       2.0407
     615       2.0916
     616       2.2076
     617       2.2465
     618       2.1376
     619       2.0770
     620       2.3459
     621       2.3122
     622       2.1662
     623       2.1719
     624       2.0275
     625       2.1479
     626       2.1861
     627       2.1619
     628       2.5988
     629       2.2767
     630       2.0838
     631       2.2248
     632       2.3032
     633       2.2267
     634       2.1435
     635       2.2657
     636       2.3676
     637       2.2854
     638       2.3864
     639       2.5104
     640       2.5541
     641       2.4730
     642       2.5519
     643       2.4278
     644       2.1888
     645       2.1315
     646       2.1769
     647       2.2720
     648       2.3647
     649       2.3069
     650       2.4983
     651       2.3434
     652       2.3742
     653       2.4792
     654       2.4821
     655       2.5103
     656       2.6570
     657       2.6031
     658       2.5207
     659       2.6934
     660       2.8765
     661       2.7020
     662       2.6643
     663       2.4154
     664       2.4184
     665       2.3629
     666       2.1845
     667       2.1476
     668       2.2317
     669       2.1344
     670       2.2693
     671       2.2799
     672       2.2663
     673       2.4682
     674       2.2411
     675       2.3357
     676       2.2209
     677       2.3892
     678       2.5148
     679       2.3394
     680       2.5433
     681       2.5162
     682       2.4185
     683       2.1753
     684       2.2437
     685       1.9984
     686       2.1507
     687       2.2268
     688       2.2924
     689       2.1341
     690       2.2586
     691       2.1981
     692       2.0698
     693       2.1436
     694       2.0589
     695       1.8445
     696       1.9109
     697       1.9819
     698       1.9906
     699       1.8158
     700       2.0827
     701       1.9526
     702       2.0153
     703       2.1561
     704       2.0598
     705       2.0118
     706       2.0766
     707       2.2265
     708       2.1906
     709       2.2693
     710       2.1121
     711       2.2517
     712       2.0891
     713       2.1333
     714       2.0129
     715       2.2347
     716       2.2628
     717       2.2417
     718       2.2467
     719       2.3891
     720       2.4184
     721       2.2019
     722       2.1872
     723       2.2741
     724       2.2181
     725       2.2370
     726       2.2052
     727       2.0234
     728       2.2098
     729       2.3366
     730       2.3143
     731       2.4119
     732       2.3756
     733       2.2538
     734       2.4631
     735       2.5082
     736       2.3817
     737       2.2822
     738       2.3726
     739       2.4676
     740       2.1851
     741       1.8024
     742       1.9468
     743       2.3448
     744       2.3552
     745       2.4238
     746       2.4211
     747       2.4047
     748       2.5388
     749       2.4380
     750       2.2761
     751       2.2658
     752       2.1972
     753       2.3390
     754       2.5428
     755       2.4275
     756       2.4169
     757       2.2212
     758       2.2094
     759       2.1642
     760       2.1504
     761       2.1924
     762       2.0261
     763       2.1142
     764       2.2673
     765       2.1526
     766       2.2359
     767       2.0947
     768       2.1424
     769       2.2357
     770       1.8985
     771       1.9342
     772       1.7626
     773       2.0150
     774       2.0411
     775       2.0219
     776       2.1283
     777       2.2510
     778       2.2488
     779       2.3087
     780       2.2189
     781       2.1894
     782       2.2512
     783       2.1525
     784       2.0468
     785       2.0958
     786       1.7553
     787       1.9446
     788       1.9770
     789       2.0082
     790       1.8922
     791       2.1079
     792       1.9804
     793       2.0856
     794       1.9400
     795       1.9458
     796       1.8434
     797       1.9952
     798       2.0958
     799       1.9830
     800       1.7795
     801       1.8276
     802       1.9420
     803       1.8215
     804       1.7494
     805       1.8859
     806       1.8304
     807       1.8187
     808       1.8666
     809       1.9279
     810       2.0754
     811       1.8411
     812       1.8000
     813       1.7232
     814       1.7298
     815       1.9129
     816       1.9294
     817       1.9364
     818       1.8845
     819       2.0217
     820       2.1113
     821       2.1374
     822       2.1902
     823       2.3093
     824       2.1420
     825       2.1968
     826       2.2313
     827       2.0518
     828       2.1951
     829       2.2135
     830       2.3412
     831       2.5586
     832       2.2818
     833       2.1005
     834       1.9534
     835       1.9303
     836       1.9004
     837       1.8703
     838       1.9228
     839       1.9743
     840       1.8838
     841       1.9281
     842       1.9995
     843       1.8913
     844       1.8048
     845       1.8050
     846       1.8033
     847       1.8948
     848       1.9187
     849       1.8663
     850       1.9943
     851       2.0599
     852       2.2736
     853       2.3471
     854       2.4129
     855       2.3960
     856       2.3578
     857       2.4675
     858       2.7062
     859       2.5020
     860       2.5506
     861       2.5407
     862       2.5496
     863       2.4833
     864       2.7018
     865       2.7236
     866       2.6285
     867       2.4501
     868       2.3076
     869       2.3271
     870       1.9854
     871       1.7873
     872       2.0358
     873       2.2133
     874       2.2241
     875       2.3540
     876       2.6617
     877       2.6355
     878       2.8355
     879       2.6361
     880       2.5665
     881       2.3231
     882       2.2083
     883       2.3625
     884       2.6113
     885       2.8473
     886       2.5795
     887       2.8450
     888       2.7471
     889       2.4799
     890       2.6375
     891       2.5200
     892       2.6490
     893       2.4325
     894       2.3905
     895       2.1875
     896       2.2927
     897       2.3419
     898       2.3967
     899       2.4523
     900       2.4524
     901       2.5916
     902       2.5905
     903       2.6738
     904       2.6076
     905       2.7361
     906       2.4860
     907       2.4778
     908       2.5406
     909       2.7624
     910       2.6889
     911       2.6760
     912       2.3262
     913       2.2627
     914       2.4150
     915       2.2439
     916       2.2471
     917       2.3903
     918       2.4321
     919       2.2113
     920       2.3489
     921       2.4384
     922       2.1413
     923       2.0065
     924       1.9259
     925       1.9125
     926       2.0978
     927       2.0338
     928       2.0786
     929       2.1810
     930       2.1113
     931       2.2046
     932       1.9526
     933       1.9600
     934       2.1030
     935       1.9942
     936       1.8843
     937       1.8219
     938       1.8215
     939       1.9875
     940       1.8632
     941       1.7874
     942       1.9492
     943       2.1755
     944       2.2136
     945       2.3298
     946       2.2402
     947       2.2487
     948       2.1304
     949       2.2504
     950       2.3495
     951       2.3963
     952       2.4227
     953       2.4033
     954       2.5215
     955       2.5384
     956       2.4508
     957       2.2040
     958       2.3516
     959       2.3789
     960       2.5243
     961       2.4550
     962       2.4534
     963       2.5271
     964       2.6734
     965       2.5446
     966       2.3313
     967       2.2666
     968       2.4791
     969       2.3463
     970       2.2806
     971       2.1004
     972       2.2055
     973       2.0841
     974       2.2968
     975       2.1677
     976       2.0468
     977       2.0749
     978       2.1387
     979       2.1368
     980       2.1266
     981       2.0439
     982       1.9585
     983       2.0777
     984       2.1972
     985       2.4343
     986       2.5404
     987       2.4315
     988       2.7210
     989       2.4753
     990       2.3838
     991       2.6732
     992       2.7494
     993       2.6328
     994       2.3646
     995       2.3618
     996       2.2778
     997       2.2994
     998       2.2186
     999       2.2628
    1000       2.4189
    1001       2.3707
    1002       2.5128
    1003       2.3106
    1004       2.2101
    1005       2.0708
    1006       1.8913
    1007       2.0220
    1008       2.0045
    1009       1.8053
    1010       1.7837
    1011       1.8426
    1012       1.9041
    1013       1.7496
    1014       1.6423
    1015       1.6285
    1016       1.7656
    1017       1.6247
    1018       1.9632
    1019       1.9584
    1020       1.9712
    1021       1.9802
    1022       2.1081
    1023       1.9412
    1024       2.0164
    1025       1.8627
    1026       2.1081
    1027       1.9335
    1028       2.0834
    1029       2.0394
    1030       1.9520
    1031       1.9390
    1032       1.9490
    1033       1.9285
    1034       2.0400
    1035       2.1210
    1036       2.2071
    1037       2.1858
    1038       2.0883
    1039       2.1106
    1040       2.2936
    1041       2.1222
    1042       2.1492
    1043       2.2288
    1044       2.3145
    1045       2.1451
    1046       2.0520
    1047       2.0923
    1048       2.0267
    1049       2.2393
    1050       2.0837
    1051       2.0893
    1052       2.1628
    1053       2.4154
    1054       2.0959
    1055       1.9048
    1056       1.8774
    1057       1.8949
    1058       1.9764
    1059       2.0718
    1060       1.8056
    1061       2.0507
    1062       1.9050
    1063       2.0869
    1064       1.8331
    1065       1.8272
    1066       1.9074
    1067       1.9103
    1068       1.9803
    1069       2.0545
    1070       2.0395
    1071       1.9940
    1072       1.9845
    1073       1.9305
    1074       1.8224
    1075       1.8334
    1076       1.7974
    1077       1.8198
    1078       1.7514
    1079       1.7320
    1080       1.8157
    1081       1.7696
    1082       1.6238
    1083       1.7762
    1084       1.7911
    1085       1.7721
    1086       1.7836
    1087       1.6559
    1088       1.6870
    1089       1.6733
    1090       1.6862
    1091       1.5323
    1092       1.5965
    1093       1.5387
    1094       1.5727
    1095       1.5669
    1096       1.6677
    1097       1.6526
    1098       1.7965
    1099       1.8479
    1100       2.0734
    1101       2.1763
    1102       2.2557
    1103       2.0647
    1104       2.0721
    1105       2.1891
    1106       2.3249
    1107       2.3353
    1108       2.3233
    1109       2.1995
    1110       2.1744
    1111       2.2436
    1112       2.3643
    1113       2.2248
    1114       2.1891
    1115       2.3343
    1116       2.1121
    1117       2.0407
    1118       1.8918
    1119       1.9318
    1120       2.0706
    1121       1.9953
    1122       2.0160
    1123       1.9309
    1124       1.8912
    1125       1.7420
    1126       1.8348
    1127       1.8722
    1128       1.7826
    1129       1.8993
    1130       1.9246
    1131       2.0460
    1132       2.0082
    1133       2.2315
    1134       2.3260
    1135       2.3496
    1136       2.3585
    1137       2.2356
    1138       2.2995
    1139       2.4476
    1140       2.4996
    1141       2.5374
    1142       2.5607
    1143       2.4531
    1144       2.2770
    1145       2.1645
    1146       2.1711
    1147       2.3358
    1148       2.4530
    1149       2.5473
    1150       2.5587
    1151       2.4012
    1152       2.2762
    1153       2.3429
    1154       2.3692
    1155       2.3813
    1156       2.3228
    1157       2.5397
    1158       2.5739
    1159       2.1465
    1160       2.3072
    1161       2.3080
    1162       2.4036
    1163       2.6665
    1164       2.4375
    1165       2.3127
    1166       2.3096
    1167       2.2541
    1168       2.2593
    1169       2.4633
    1170       2.5914
    1171       2.4181
    1172       2.2721
    1173       2.2660
    1174       2.2189
    1175       2.3340
    1176       2.1152
    1177       2.0627
    1178       2.0609
    1179       2.1299
    1180       2.2139
    1181       2.1691
    1182       2.3750
    1183       2.6466
    1184       2.4189
    1185       2.4277
    1186       2.5400
    1187       2.5731
    1188       2.6251
    1189       2.7503
    1190       2.9627
    1191       2.7166
    1192       2.4875
    1193       2.4329
    1194       2.7443
    1195       2.5228
    1196       2.4951
    1197       2.4087
    1198       2.3098
    1199       2.3235
    1200       2.5623
    1201       2.5898
    1202       2.7641
    1203       2.5190
    1204       2.4861
    1205       2.4428
    1206       2.4193
    1207       2.3776
    1208       2.3426
    1209       2.2170
    1210       2.3877
    1211       2.2964
    1212       2.2230
    1213       2.3416
    1214       2.5023
    1215       2.5488
    1216       2.4839
    1217       2.5107
    1218       2.5037
    1219       2.2776
    1220       2.3799
    1221       2.6096
    1222       2.5043
    1223       2.7140
    1224       2.8002
    1225       2.7226
    1226       2.7960
    1227       2.5419
    1228       2.4554
    1229       2.4188
    1230       2.4050
    1231       2.2420
    1232       2.3441
    1233       2.4558
    1234       2.7149
    1235       2.8728
    1236       2.6021
    1237       2.5832
    1238       2.6618
    1239       2.7594
    1240       2.6585
    1241       2.4860
    1242       2.6593
    1243       2.5410
    1244       2.6360
    1245       2.7395
    1246       2.7401
    1247       2.6164
    1248       2.8077
    1249       2.6387
    1250       2.6937
    1251       2.7126
    1252       2.5270
    1253       2.5450
    1254       2.4883
    1255       2.4362
    1256       2.7475
    1257       2.6030
    1258       2.4256
    1259       2.3659
    1260       2.3403
    1261       2.5683
    1262       2.3284
    1263       2.2282
    1264       2.1393
    1265       1.9550
    1266       1.9443
    1267       1.8628
    1268       2.0539
    1269       1.8835
    1270       1.9398
    1271       1.8975
    1272       1.9733
    1273       2.0185
    1274       2.0345
    1275       2.0585
    1276       2.2672
    1277       2.2867
    1278       2.1836
    1279       2.2129
    1280       2.1870
    1281       2.1754
    1282       2.1461
    1283       2.1411
    1284       2.2271
    1285       2.2409
    1286       2.6384
    1287       2.4831
    1288       2.5437
    1289       2.2998
    1290       2.3343
    1291       2.2602
    1292       2.1858
    1293       1.9396
    1294       1.8768
    1295       1.8687
    1296       1.7381
    1297       1.9730
    1298       1.8788
    1299       1.9300
    1300       2.0883
    1301       2.2890
    1302       2.3086
    1303       2.1011
    1304       2.2390
    1305       2.2938
    1306       2.5655
    1307       2.2859
    1308       2.5056
    1309       2.2678
    1310       2.2801
    1311       2.1936
    1312       1.9809
    1313       2.2195
    1314       2.3482
    1315       2.3374
    1316       2.3793
    1317       2.4552
    1318       2.4132
    1319       2.4588
    1320       2.2340
    1321       2.2524
    1322       2.3502
    1323       2.3426
    1324       2.3323
    1325       2.2848
    1326       2.2272
    1327       2.1939
    1328       2.3128
    1329       2.4357
    1330       2.3410
    1331       2.3202
    1332       2.3563
    1333       2.4754
    1334       2.4561
    1335       2.2538
    1336       1.9758
    1337       1.9120
    1338       2.0665
    1339       1.9315
    1340       1.8006
    1341       1.8280
    1342       1.7660
    1343       1.8345
    1344       1.7633
    1345       1.8447
    1346       1.7886
    1347       1.8624
    1348       1.9234
    1349       1.8967
    1350       1.7984
    1351       1.8791
    1352       1.6345
    1353       1.6065
    1354       1.5037
    1355       1.6169
    1356       1.4632
    1357       1.6577
    1358       1.5433
    1359       1.6512
    1360       1.8578
    1361       2.0053
    1362       2.0605
    1363       1.7215
    1364       1.7668
    1365       1.8777
    1366       1.8322
    1367       1.8575
    1368       1.7932
    1369       1.9706
    1370       1.8151
    1371       1.8467
    1372       1.8707
    1373       1.7403
    1374       1.9734
    1375       1.8249
    1376       1.8177
    1377       1.7290
    1378       1.7632
    1379       1.6219
    1380       1.9019
    1381       1.8801
    1382       1.8538
    1383       1.8455
    1384       2.0147
    1385       2.1326
    1386       1.9279
    1387       1.9325
    1388       1.9207
    1389       1.9719
    1390       2.0485
    1391       2.2261
    1392       2.0307
    1393       2.2570
    1394       2.0847
    1395       2.1827
    1396       1.9802
    1397       1.9793
    1398       1.9824
    1399       2.0458
    1400       1.9801
    1401       1.9398
    1402       1.8009
    1403       1.9256
    1404       1.9185
    1405       1.9745
    1406       1.9306
    1407       1.9144
    1408       1.8544
    1409       1.7761
    1410       1.8165
    1411       1.9356
    1412       1.8410
    1413       1.6773
    1414       1.5284
    1415       1.7804
    1416       1.7569
    1417       1.7466
    1418       1.8035
    1419       1.9704
    1420       2.0735
    1421       1.9868
    1422       1.8995
    1423       1.9520
    1424       2.0317
    1425       1.9999
    1426       2.1540
    1427       1.9633
    1428       2.1060
    1429       2.0800
    1430       1.8568
    1431       1.9661
    1432       1.9240
    1433       1.9288
    1434       2.0439
    1435       1.9453
    1436       2.0552
    1437       2.3218
    1438       2.4634
    1439       2.7579
    1440       2.6624
    1441       2.2677
    1442       2.1757
    1443       2.4448
    1444       2.3934
    1445       2.3917
    1446       2.2725
    1447       2.2005
    1448       2.1373
    1449       2.1051
    1450       2.2073
    1451       2.2265
    1452       2.0346
    1453       2.0412
    1454       2.1681
    1455       2.3504
    1456       2.3759
    1457       2.3529
    1458       2.2176
    1459       2.2140
    1460       2.2391
    1461       2.2204
    1462       2.2715
    1463       2.1167
    1464       2.1133
    1465       1.9292
    1466       1.8326
    1467       1.7012
    1468       1.7934
    1469       1.9618
    1470       2.1180
    1471       2.0698
    1472       2.0889
    1473       1.9146
    1474       2.1292
    1475       1.8772
    1476       1.8000
    1477       2.0009
    1478       1.8907
    1479       1.7182
    1480       1.7147
    1481       1.9229
    1482       1.7371
    1483       1.7870
    1484       1.9088
    1485       1.6694
    1486       1.5377
    1487       1.7332
    1488       1.5825
    1489       1.6430
    1490       1.6674
    1491       1.6577
    1492       1.7511
    1493       1.7357
    1494       1.7878
    1495       1.7807
    1496       1.8711
    1497       1.7463
    1498       1.6393
    1499       1.7834
    1500       1.7190
    1501       1.7269
    1502       1.7570
    1503       1.8326
    1504       1.8197
    1505       1.6796
    1506       1.6067
    1507       1.9923
    1508       2.0210
    1509       1.8600
    1510       1.6570
    1511       1.5877
    1512       1.6679
    1513       1.6725
    1514       1.6011
    1515       1.5510
    1516       1.6084
    1517       1.5903
    1518       1.5897
    1519       1.6363
    1520       1.6920
    1521       1.8031
    1522       1.9047
    1523       1.9350
    1524       1.8438
    1525       1.7721
    1526       1.8060
    1527       1.7171
    1528       1.8361
    1529       1.7304
    1530       1.7453
    1531       1.8344
    1532       1.8715
    1533       1.9589
    1534       1.8133
    1535       2.0041
    1536       1.9093
    1537       2.1384
    1538       1.9642
    1539       1.8265
    1540       1.7547
    1541       1.7975
    1542       1.7498
    1543       1.8181
    1544       1.9249
    1545       1.6238
    1546       1.8517
    1547       1.7245
    1548       1.8327
    1549       1.7510
    1550       1.6685
    1551       1.8370
    1552       1.7311
    1553       1.7781
    1554       1.8019
    1555       1.6450
    1556       1.6971
    1557       1.7358
    1558       1.5380
    1559       1.6880
    1560       1.7911
    1561       1.7846
    1562       1.8585
    1563       1.7651
    1564       1.8358
    1565       1.6731
    1566       1.7053
    1567       1.7962
    1568       1.7317
    1569       1.7506
    1570       1.6537
    1571       1.8146
    1572       1.9314
    1573       1.8542
    1574       1.7070
    1575       1.6793
    1576       1.8180
    1577       1.7282
    1578       1.5312
    1579       1.6535
    1580       1.5911
    1581       1.4954
    1582       1.5089
    1583       1.5183
    1584       1.4878
    1585       1.5762
    1586       1.5711
    1587       1.6703
    1588       1.7388
    1589       1.6859
    1590       1.7493
    1591       1.7712
    1592       1.5987
    1593       1.7159
    1594       1.6779
    1595       1.5881
    1596       1.7224
    1597       1.7316
    1598       1.7723
    1599       1.8633
    1600       1.6240
    1601       1.6385
    1602       1.6404
    1603       1.6039
    1604       1.7210
    1605       1.8673
    1606       1.8614
    1607       1.7089
    1608       1.9155
    1609       1.7438
    1610       1.8287
    1611       1.7735
    1612       2.0095
    1613       2.0106
    1614       1.9433
    1615       1.8122
    1616       1.9062
    1617       1.8009
    1618       1.9062
    1619       1.8656
    1620       1.8874
    1621       1.7859
    1622       1.8525
    1623       1.9046
    1624       1.9082
    1625       1.9374
    1626       1.8658
    1627       1.8554
    1628       1.8294
    1629       1.9149
    1630       2.0141
    1631       1.8984
    1632       1.9289
    1633       1.9675
    1634       2.0762
    1635       2.0294
    1636       2.3357
    1637       2.3295
    1638       2.2823
    1639       2.2062
    1640       2.1334
    1641       2.1971
    1642       2.0218
    1643       1.9412
    1644       1.9051
    1645       1.8681
    1646       1.7110
    1647       1.5662
    1648       1.6857
    1649       1.7344
    1650       1.6533
    1651       1.7492
    1652       1.7378
    1653       1.7745
    1654       1.8218
    1655       1.6500
    1656       1.5648
    1657       1.5446
    1658       1.5455
    1659       1.4979
    1660       1.5575
    1661       1.5409
    1662       1.5516
    1663       1.4531
    1664       1.5478
    1665       1.4816
    1666       1.5160
    1667       1.5231
    1668       1.5106
    1669       1.5415
    1670       1.5647
    1671       1.5282
    1672       1.5600
    1673       1.6143
    1674       1.7817
    1675       1.8689
    1676       1.9707
    1677       2.0165
    1678       2.0037
    1679       2.0689
    1680       1.9083
    1681       1.9341
    1682       2.0307
    1683       1.8607
    1684       2.1001
    1685       2.0799
    1686       2.2147
    1687       2.2581
    1688       1.9857
    1689       1.9371
    1690       1.8995
    1691       1.9404
    1692       2.0224
    1693       2.0520
    1694       1.9000
    1695       2.0533
    1696       1.8563
    1697       1.9929
    1698       1.7780
    1699       1.5652
    1700       1.7877
    1701       1.8219
    1702       1.9258
    1703       1.7817
    1704       1.9680
    1705       1.8971
    1706       2.0808
    1707       2.0138
    1708       1.9828
    1709       1.9803
    1710       1.9067
    1711       1.6777
    1712       1.8177
    1713       1.8846
    1714       1.8609
    1715       2.0002
    1716       1.9440
    1717       1.8865
    1718       1.8614
    1719       1.8312
    1720       1.8291
    1721       1.9253
    1722       1.7938
    1723       1.8554
    1724       1.7518
    1725       1.6464
    1726       1.5506
    1727       1.5903
    1728       1.7324
    1729       1.7723
    1730       1.7919
    1731       1.8939
    1732       1.9588
    1733       1.8488
    1734       1.8082
    1735       1.6887
    1736       1.8918
    1737       1.7255
    1738       1.8339
    1739       2.0628
    1740       1.9693
    1741       1.9228
    1742       2.0189
    1743       1.9431
    1744       1.8824
    1745       1.8283
    1746       1.7399
    1747       1.7778
    1748       1.7497
    1749       1.6999
    1750       1.8707
    1751       1.9601
    1752       1.8783
    1753       2.0797
    1754       1.9758
    1755       1.8990
    1756       2.0285
    1757       1.8703
    1758       1.7389
    1759       1.8515
    1760       1.9531
    1761       2.0658
    1762       2.0431
    1763       2.1444
    1764       2.2125
    1765       2.0853
    1766       2.1629
    1767       2.3071
    1768       2.3371
    1769       2.0386
    1770       1.9326
    1771       1.8756
    1772       1.8412
    1773       1.8397
    1774       1.8154
    1775       1.8982
    1776       1.8254
    1777       1.9145
    1778       2.0075
    1779       2.0084
    1780       1.9584
    1781       2.1802
    1782       2.0353
    1783       1.9138
    1784       1.9177
    1785       1.9014
    1786       2.0602
    1787       2.0427
    1788       2.1808
    1789       2.1066
    1790       2.1277
    1791       2.0852
    1792       2.1188
    1793       2.1977
    1794       2.1169
    1795       2.1568
    1796       2.2403
    1797       2.1910
    1798       2.0412
    1799       1.9383
    1800       1.9841
    1801       1.9765
    1802       1.7732
    1803       1.7730
    1804       1.8705
    1805       1.9902
    1806       1.9182
    1807       2.2299
    1808       2.1508
    1809       2.1691
    1810       2.0150
    1811       2.1843
    1812       2.0965
    1813       2.1643
    1814       2.1869
    1815       2.0547
    1816       2.0844
    1817       2.0755
    1818       2.1671
    1819       2.0472
    1820       2.1219
    1821       2.3607
    1822       2.3195
    1823       2.2679
    1824       2.2280
    1825       2.1920
    1826       2.1430
    1827       2.0697
    1828       2.1952
    1829       2.1938
    1830       2.1668
    1831       2.1912
    1832       2.2624
    1833       2.1629
    1834       2.1647
    1835       2.3203
    1836       2.3785
    1837       2.5681
    1838       2.3819
    1839       2.1617
    1840       2.2368
    1841       2.0484
    1842       2.0295
    1843       2.0418
    1844       2.2212
    1845       2.2654
    1846       2.2866
    1847       2.3097
    1848       2.1516
    1849       2.0266
    1850       1.9412
    1851       2.0603
    1852       2.1818
    1853       2.2726
    1854       2.1738
    1855       2.1814
    1856       2.1742
    1857       2.3616
    1858       2.2864
    1859       2.4113
    1860       2.5788
    1861       2.4324
    1862       2.5218
    1863       2.7103
    1864       2.6544
    1865       2.7379
    1866       2.5600
    1867       2.2953
    1868       2.3803
    1869       2.3857
    1870       2.3230
    1871       2.1357
    1872       2.0106
    1873       2.3283
    1874       2.4603
    1875       2.3337
    1876       2.3646
    1877       2.0536
    1878       2.0473
    1879       2.0938
    1880       2.0722
    1881       2.1095
    1882       1.8937
    1883       2.0345
    1884       2.0574
    1885       2.1990
    1886       2.2560
    1887       2.1084
    1888       2.1916
    1889       2.5028
    1890       2.3049
    1891       2.4370
    1892       2.3372
    1893       2.3302
    1894       2.1775
    1895       2.1803
    1896       2.3089
    1897       2.0747
    1898       2.0335
    1899       2.2097
    1900       2.2008
    1901       2.2488
    1902       2.4760
    1903       2.1924
    1904       2.1817
    1905       2.0577
    1906       2.0772
    1907       1.9720
    1908       1.7723
    1909       1.6920
    1910       2.0065
    1911       2.0557
    1912       2.2155
    1913       2.4141
    1914       2.2553
    1915       2.2845
    1916       2.4487
    1917       2.2901
    1918       2.5049
    1919       2.3854
    1920       2.3044
    1921       2.1183
    1922       2.3467
    1923       2.6205
    1924       2.2801
    1925       2.4860
    1926       2.4730
    1927       2.4318
    1928       2.1963
    1929       1.8116
    1930       2.1637
    1931       2.3764
    1932       2.3923
    1933       2.2739
    1934       2.3142
    1935       2.3760
    1936       2.2345
    1937       2.4378
    1938       2.3509
    1939       2.4249
    1940       2.8277
    1941       2.6184
    1942       2.4367
    1943       2.4427
    1944       2.3233
    1945       2.1770
    1946       2.2810
    1947       2.1100
    1948       2.2694
    1949       2.2354
    1950       2.2107
    1951       2.1973
    1952       2.3218
    1953       2.3110
    1954       2.1837
    1955       2.1755
    1956       2.2528
    1957       2.0542
    1958       2.2292
    1959       2.1621
    1960       2.1946
    1961       2.3074
    1962       2.2763
    1963       2.4291
    1964       2.1995
    1965       2.2190
    1966       2.0582
    1967       2.1274
    1968       2.2269
    1969       2.2324
    1970       2.2072
    1971       2.5145
    1972       2.2676
    1973       2.2437
    1974       2.1775
    1975       2.2007
    1976       2.2018
    1977       2.3937
    1978       2.1862
    1979       2.1555
    1980       2.0434
    1981       2.2486
    1982       2.4697
    1983       2.7234
    1984       2.5567
    1985       2.4486
    1986       2.4431
    1987       2.4516
    1988       2.4456
    1989       2.1788
    1990       2.0823
    1991       2.2947
    1992       2.0482
    1993       2.0380
    1994       2.1385
    1995       2.0573
    1996       2.1807
    1997       2.0196
    1998       2.0261
    1999       2.0369
    2000       2.0476
    2001       1.9279
    2002       1.8170
    2003       1.6841
    2004       1.7326
    2005       1.7810
    2006       1.8661
    2007       2.0755
    2008       2.1197
    2009       2.0451
    2010       1.9774
    2011       2.0437
    2012       2.0435
    2013       1.9555
    2014       1.9991
    2015       1.9414
    2016       1.8158
    2017       1.8422
    2018       1.8983
    2019       2.0239
    2020       2.0183
    2021       2.0387
    2022       1.8960
    2023       1.9635
    2024       2.0617
    2025       2.2192
    2026       2.3334
    2027       2.1789
    2028       2.0489
    2029       2.1310
    2030       2.1678
    2031       2.2676
    2032       2.1953
    2033       2.0151
    2034       2.1068
    2035       2.2430
    2036       2.0527
    2037       2.0270
    2038       2.0956
    2039       2.0193
    2040       2.0737
    2041       2.1343
    2042       1.9147
    2043       1.9703
    2044       1.8404
    2045       1.8448
    2046       1.7835
    2047       1.7953
    2048       1.9494
    2049       1.8693
    2050       2.0436
    2051       1.8681
    2052       1.8902
    2053       2.0492
    2054       2.1634
    2055       2.0387
    2056       2.0756
    2057       2.1069
    2058       1.9202
    2059       1.8168
    2060       1.8657
    2061       1.8246
    2062       1.9766
    2063       2.1848
    2064       2.1046
    2065       2.2016
    2066       2.2197
    2067       2.3690
    2068       2.3825
    2069       2.4376
    2070       2.2975
    2071       2.2750
    2072       2.3378
    2073       2.3128
    2074       2.4647
    2075       2.5998
    2076       2.5986
    2077       2.5346
    2078       2.4404
    2079       2.1325
    2080       1.8300
    2081       1.9597
    2082       2.1014
    2083       2.0449
    2084       2.3074
    2085       2.2428
    2086       2.4593
    2087       2.4527
    2088       2.5017
    2089       2.4402
    2090       2.3411
    2091       2.2870
    2092       2.2181
    2093       2.0898
    2094       2.2558
    2095       2.2369
    2096       2.1807
    2097       2.0788
    2098       2.1450
    2099       2.3617
    2100       2.3877
    2101       2.5450
    2102       2.4366
    2103       2.5788
    2104       2.5674
    2105       2.5419
    2106       2.5332
    2107       2.4003
    2108       2.2925
    2109       2.1425
    2110       2.2346
    2111       2.2310
    2112       2.2389
    2113       2.2108
    2114       2.0683
    2115       2.3343
    2116       2.2794
    2117       2.2287
    2118       2.2297
    2119       2.1023
    2120       2.1830
    2121       2.1949
    2122       2.3147
    2123       2.1587
    2124       2.4915
    2125       2.3718
    2126       2.4551
    2127       2.2634
    2128       2.2492
    2129       2.0510
    2130       2.0525
    2131       1.9290
    2132       1.7544
    2133       2.1102
    2134       2.0557
    2135       2.2147
    2136       2.1726
    2137       2.0066
    2138       1.9384
    2139       2.2309
    2140       2.3123
    2141       2.1207
    2142       2.0275
    2143       2.0989
    2144       2.3100
    2145       2.3738
    2146       2.3335
    2147       2.3323
    2148       2.2598
    2149       2.2953
    2150       2.3985
    2151       2.2606
    2152       2.2907
    2153       2.2867
    2154       2.3047
    2155       2.3432
    2156       2.2843
    2157       2.3291
    2158       2.5680
    2159       2.7093
    2160       2.5907
    2161       2.4087
    2162       2.2040
    2163       2.3086
    2164       2.2260
    2165       2.2138
    2166       2.1711
    2167       2.4264
    2168       2.5114
    2169       2.5537
    2170       2.4276
    2171       2.2935
    2172       2.1286
    2173       2.3508
    2174       2.4234
    2175       2.3546
    2176       2.2001
    2177       2.1961
    2178       2.0884
    2179       2.2023
    2180       2.3280
    2181       2.1303
    2182       2.2907
    2183       2.2639
    2184       2.3280
    2185       2.1482
    2186       2.1111
    2187       2.1612
    2188       2.2966
    2189       2.1699
    2190       2.2608
    2191       2.2139
    2192       2.3187
    2193       2.3565
    2194       2.3817
    2195       2.2987
    2196       2.1976
    2197       2.1424
    2198       2.3666
    2199       2.3285
    2200       2.4387
    2201       2.3840
    2202       2.3681
    2203       2.3713
    2204       2.4505
    2205       2.4538
    2206       2.4856
    2207       2.3787
    2208       2.4934
    2209       2.4606
    2210       2.5902
    2211       2.7081
    2212       2.4087
    2213       2.3086
    2214       2.3909
    2215       2.5120
    2216       2.3933
    2217       2.2870
    2218       2.1818
    2219       2.2826
    2220       2.2483
    2221       2.3229
    2222       2.4738
    2223       2.4855
    2224       2.3702
    2225       2.4977
    2226       2.5642
    2227       2.4586
    2228       2.1905
    2229       2.0739
    2230       2.1385
    2231       2.1941
    2232       2.3731
    2233       2.1104
    2234       2.2855
    2235       2.1146
    2236       2.1129
    2237       2.0270
    2238       2.0239
    2239       2.2248
    2240       2.2844
    2241       2.2266
    2242       2.1911
    2243       2.2635
    2244       2.2168
    2245       2.3990
    2246       2.4402
    2247       2.4972
    2248       2.3533
    2249       2.3547
    2250       2.2540
    2251       2.1963
    2252       2.1588
    2253       2.0814
    2254       2.2978
    2255       2.2366
    2256       2.2974
    2257       2.2765
    2258       2.3721
    2259       2.3619
    2260       2.3473
    2261       2.2695
    2262       2.5015
    2263       2.5549
    2264       2.3019
    2265       2.3316
    2266       2.1459
    2267       2.2544
    2268       2.5244
    2269       2.6446
    2270       2.4157
    2271       2.3806
    2272       2.2393
    2273       2.3457
    2274       2.2868
    2275       2.3621
    2276       2.4173
    2277       2.5643
    2278       2.3763
    2279       2.3180
    2280       2.3582
    2281       2.5014
    2282       2.4513
    2283       2.6907
    2284       2.6574
    2285       2.3322
    2286       2.2925
    2287       2.0996
    2288       2.0527
    2289       1.9397
    2290       1.9062
    2291       1.9904
    2292       2.1059
    2293       2.0032
    2294       2.0203
    2295       1.9972
    2296       1.9408
    2297       2.0440
    2298       2.0284
    2299       2.1283
    2300       2.1351
    2301       2.0969
    2302       2.3229
    2303       2.3283
    2304       2.5075
    2305       2.6009
    2306       2.2651
    2307       2.3504
    2308       2.4010
    2309       2.3748
    2310       2.3469
    2311       2.5639
    2312       2.5006
    2313       2.6654
    2314       2.6365
    2315       2.4884
    2316       2.4358
    2317       2.2945
    2318       2.3851
    2319       2.4057
    2320       2.5087
    2321       2.6049
    2322       2.7481
    2323       2.6260
    2324       2.4051
    2325       2.2890
    2326       2.2337
    2327       2.3715
    2328       2.2575
    2329       2.4219
    2330       2.5862
    2331       2.6900
    2332       2.5837
    2333       2.3809
    2334       2.2080
    2335       2.3682
    2336       2.5524
    2337       2.5248
    2338       2.2403
    2339       2.2590
    2340       2.0119
    2341       1.9087
    2342       1.8350
    2343       1.8303
    2344       2.0494
    2345       2.1252
    2346       2.0289
    2347       1.9935
    2348       2.0540
    2349       1.9844
    2350       2.0145
    2351       1.9991
    2352       1.9480
    2353       2.0522
    2354       2.1946
    2355       2.2196
    2356       2.0322
    2357       2.0946
    2358       2.1064
    2359       2.0982
    2360       1.9078
    2361       2.1489
    2362       2.1486
    2363       2.2200
    2364       2.3664
    2365       2.2583
    2366       2.3953
    2367       2.1569
    2368       2.2183
    2369       2.0823
    2370       1.9480
    2371       2.0549
    2372       1.9256
    2373       1.8945
    2374       1.8226
    2375       1.8413
    2376       1.7056
    2377       1.7937
    2378       1.7680
    2379       1.8195
    2380       2.0631
    2381       1.9734
    2382       2.1712
    2383       1.9140
    2384       1.9160
    2385       1.7281
    2386       1.7364
    2387       1.6675
    2388       1.6883
    2389       1.6597
    2390       1.6021
    2391       1.7464
    2392       1.8197
    2393       1.6847
    2394       1.5378
    2395       1.6992
    2396       1.7352
    2397       1.5776
    2398       1.6051
    2399       1.5903
    2400       1.7425
    2401       1.8896
    2402       1.8737
    2403       1.9163
    2404       1.9642
    2405       1.9278
    2406       1.7759
    2407       1.7912
    2408       1.8827
    2409       1.9244
    2410       1.9615
    2411       1.7616
    2412       1.7028
    2413       1.6650
    2414       1.9837
    2415       2.0371
    2416       1.9427
    2417       1.7900
    2418       1.8749
    2419       1.8617
    2420       1.8659
    2421       1.5877
    2422       1.6876
    2423       1.7152
    2424       1.6962
    2425       1.7808
    2426       1.7713
    2427       1.8172
    2428       1.8815
    2429       1.8269
    2430       1.7964
    2431       1.7576
    2432       1.7120
    2433       1.7887
    2434       1.7418
    2435       1.9322
    2436       1.8493
    2437       2.2413
    2438       2.3719
    2439       2.2641
    2440       2.1789
    2441       1.9706
    2442       1.9888
    2443       2.0454
    2444       2.1308
    2445       2.0711
    2446       2.0656
    2447       1.9796
    2448       1.9564
    2449       1.7535
    2450       1.9052
    2451       2.1054
    2452       1.9286
    2453       2.0155
    2454       2.0888
    2455       2.0252
    2456       1.9403
    2457       1.7637
    2458       1.8103
    2459       1.7760
    2460       1.8046
    2461       1.7856
    2462       1.9666
    2463       2.1642
    2464       2.3804
    2465       2.2407
    2466       2.2508
    2467       2.2580
    2468       2.4656
    2469       2.4586
    2470       2.3097
    2471       2.1904
    2472       2.2968
    2473       2.3539
    2474       2.3333
    2475       2.1859
    2476       2.1016
    2477       2.1772
    2478       2.0155
    2479       2.1760
    2480       2.1379
    2481       2.2465
    2482       2.0406
    2483       2.0695
    2484       1.9795
    2485       1.7950
    2486       1.8504
    2487       1.6509
    2488       1.7153
    2489       1.8757
    2490       1.8788
    2491       1.9567
    2492       1.8668
    2493       2.1626
    2494       1.9722
    2495       1.7021
    2496       1.8248
    2497       1.9341
    2498       2.0900
    2499       1.9290
    2500       2.1450
    2501       2.1313
    2502       2.1202
    2503       2.1801
    2504       2.2850
    2505       2.1153
    2506       1.9930
    2507       2.0314
    2508       1.9020
    2509       1.9140
    2510       1.9753
    2511       1.8009
    2512       1.7638
    2513       1.8746
    2514       1.9865
    2515       2.0796
    2516       2.0494
    2517       1.8711
    2518       1.7858
    2519       1.7331
    2520       1.7174
    2521       1.7139
    2522       1.6224
    2523       1.7584
    2524       1.8781
    2525       1.8243
    2526       1.6753
    2527       1.6353
    2528       1.7000
    2529       1.7247
    2530       1.7989
    2531       1.8989
    2532       1.9436
    2533       1.9051
    2534       1.9349
    2535       1.8686
    2536       1.7327
    2537       1.5950
    2538       1.5192
    2539       1.5168
    2540       1.5639
    2541       1.4221
    2542       1.4912
    2543       1.6675
    2544       1.7026
    2545       1.6579
    2546       1.8854
    2547       2.0210
    2548       1.8403
    2549       1.8249
    2550       1.8356
    2551       1.7083
    2552       1.6460
    2553       1.6084
    2554       1.5885
    2555       1.6066
    2556       1.6439
    2557       1.6496
    2558       1.7380
    2559       1.7384
    2560       1.6859
    2561       1.6690
    2562       1.6851
    2563       1.7234
    2564       1.6498
    2565       1.9308
    2566       1.7957
    2567       1.7151
    2568       1.7591
    2569       1.8165
    2570       1.7960
    2571       1.7071
    2572       1.7799
    2573       1.9686
    2574       1.9105
    2575       2.0910
    2576       2.1048
    2577       2.0373
    2578       1.9624
    2579       1.9694
    2580       1.9487
    2581       1.9523
    2582       1.7768
    2583       1.7644
    2584       1.7357
    2585       1.7290
    2586       1.6764
    2587       1.6370
    2588       1.6086
    2589       1.6351
    2590       1.8868
    2591       1.7755
    2592       1.7448
    2593       1.7497
    2594       1.8096
    2595       1.9581
    2596       1.7952
    2597       1.6459
    2598       2.0107
    2599       1.7054
    2600       1.7903
    2601       1.6943
    2602       1.7301
    2603       1.6793
    2604       1.6805
    2605       1.8374
    2606       1.8475
    2607       1.6092
    2608       1.5629
    2609       1.7921
    2610       1.7220
    2611       1.8847
    2612       2.0739
    2613       2.1585
    2614       2.0024
    2615       2.0512
    2616       1.9143
    2617       1.9843
    2618       1.9098
    2619       1.9747
    2620       1.8805
    2621       2.0179
    2622       1.9553
    2623       2.0363
    2624       1.8390
    2625       1.8657
    2626       1.8735
    2627       1.9703
    2628       1.9291
    2629       1.9385
    2630       1.8437
    2631       1.7264
    2632       1.6972
    2633       1.6957
    2634       1.6822
    2635       1.8060
    2636       1.9006
    2637       1.6857
    2638       1.7511
    2639       1.6675
    2640       1.9040
    2641       1.7297
    2642       1.7367
    2643       1.9163
    2644       1.9557
    2645       1.9697
    2646       2.1459
    2647       2.1340
    2648       1.8874
    2649       1.8605
    2650       1.8777
    2651       1.9883
    2652       1.9673
    2653       1.8429
    2654       1.8609
    2655       1.7940
    2656       1.9904
    2657       1.8153
    2658       1.9749
    2659       2.0200
    2660       2.1408
    2661       1.9023
    2662       1.7754
    2663       1.6900
    2664       1.9101
    2665       1.8151
    2666       1.7916
    2667       1.8533
    2668       2.0199
    2669       1.9911
    2670       2.0854
    2671       1.9867
    2672       1.8436
    2673       1.7393
    2674       1.5988
    2675       1.6501
    2676       1.5952
    2677       1.5778
    2678       1.6323
    2679       1.5821
    2680       1.5902
    2681       1.5275
    2682       1.6253
    2683       1.7628
    2684       1.8369
    2685       1.7582
    2686       1.9271
    2687       1.8171
    2688       1.7439
    2689       1.7599
    2690       1.8356
    2691       1.8741
    2692       1.8080
    2693       1.9528
    2694       1.8814
    2695       1.8879
    2696       1.7939
    2697       1.8664
    2698       2.0642
    2699       2.0062
    2700       1.9272
    2701       1.8591
    2702       2.0355
    2703       2.0789
    2704       2.1582
    2705       2.0629
    2706       1.8623
    2707       1.7327
    2708       1.7403
    2709       1.6376
    2710       1.7226
    2711       1.7318
    2712       1.5169
    2713       1.5096
    2714       1.6354
    2715       1.5870
    2716       1.5504
    2717       1.5696
    2718       1.5860
    2719       1.7535
    2720       1.6544
    2721       1.7777
    2722       1.8342
    2723       1.7879
    2724       1.9572
    2725       1.8778
    2726       1.8750
    2727       1.9351
    2728       1.8829
    2729       1.7605
    2730       1.8407
    2731       1.7153
    2732       1.6929
    2733       1.7691
    2734       1.7940
    2735       1.8772
    2736       1.8833
    2737       1.8435
    2738       1.8940
    2739       2.0359
    2740       2.0336
    2741       1.9068
    2742       2.0238
    2743       2.0563
    2744       2.1948
    2745       1.9849
    2746       1.8547
    2747       1.8229
    2748       1.8417
    2749       1.8628
    2750       1.9239
    2751       1.9240
    2752       2.0866
    2753       2.0847
    2754       1.9919
    2755       1.8242
    2756       1.9419
    2757       1.9290
    2758       1.9568
    2759       1.9789
    2760       2.1600
    2761       1.9872
    2762       1.8679
    2763       1.7920
    2764       1.7807
    2765       1.7161
    2766       1.7223
    2767       1.6744
    2768       1.8076
    2769       1.8818
    2770       1.9655
    2771       1.9150
    2772       1.8806
    2773       1.9913
    2774       1.8097
    2775       1.7542
    2776       1.5823
    2777       1.6269
    2778       1.6231
    2779       1.6943
    2780       1.7779
    2781       1.8482
    2782       1.9321
    2783       2.0454
    2784       1.9120
    2785       1.9171
    2786       1.9538
    2787       1.9133
    2788       1.9019
    2789       1.8531
    2790       1.6665
    2791       1.6265
    2792       1.6460
    2793       1.6962
    2794       1.7556
    2795       1.7593
    2796       1.9331
    2797       1.9470
    2798       2.0900
    2799       2.0891
    2800       1.9738
    2801       2.1476
    2802       2.2207
    2803       2.2054
    2804       2.0261
    2805       2.2129
    2806       2.2021
    2807       2.2461
    2808       2.2295
    2809       2.1791
    2810       2.0937
    2811       2.3546
    2812       2.0251
    2813       2.2435
    2814       2.1529
    2815       2.0148
    2816       1.9585
    2817       1.8452
    2818       1.9195
    2819       1.7963
    2820       1.8778
    2821       1.7499
    2822       1.8493
    2823       1.6954
    2824       1.5755
    2825       1.6174
    2826       1.5112
    2827       1.4128
    2828       1.4189
    2829       1.4822
    2830       1.6531
    2831       1.5770
    2832       1.6257
    2833       1.6286
    2834       1.7712
    2835       1.6364
    2836       1.6986
    2837       1.7024
    2838       1.7451
    2839       1.7622
    2840       1.7316
    2841       1.5892
    2842       1.7628
    2843       1.7769
    2844       1.8907
    2845       1.7158
    2846       1.5635
    2847       1.6007
    2848       1.5381
    2849       1.5011
    2850       1.7464
    2851       1.7139
    2852       1.6085
    2853       1.6653
    2854       1.5709
    2855       1.5558
    2856       1.4874
    2857       1.5489
    2858       1.5454
    2859       1.5949
    2860       1.5681
    2861       1.5652
    2862       1.4685
    2863       1.5023
    2864       1.5304
    2865       1.4334
    2866       1.5253
    2867       1.5490
    2868       1.6083
    2869       1.6746
    2870       1.6578
    2871       1.7964
    2872       1.7667
    2873       1.7319
    2874       1.7691
    2875       1.5720
    2876       1.5203
    2877       1.5792
    2878       1.7714
    2879       1.8436
    2880       1.8611
    2881       2.1140
    2882       2.1236
    2883       2.1036
    2884       1.9294
    2885       1.7271
    2886       1.5649
    2887       1.7674
    2888       2.0391
    2889       2.1931
    2890       1.9710
    2891       1.9188
    2892       1.9112
    2893       1.8726
    2894       1.9134
    2895       1.7983
    2896       1.9644
    2897       2.0106
    2898       1.7683
    2899       1.7397
    2900       1.7993
    2901       1.7999
    2902       1.7824
    2903       1.9480
    2904       1.5884
    2905       1.5686
    2906       1.4554
    2907       1.4390
    2908       1.3859
    2909       1.5312
    2910       1.5504
    2911       1.6164
    2912       1.4890
    2913       1.5335
    2914       1.5203
    2915       1.4773
    2916       1.4619
    2917       1.5787
    2918       1.5613
    2919       1.5858
    2920       1.4377
    2921       1.5416
    2922       1.5767
    2923       1.5043
    2924       1.4885
    2925       1.5781
    2926       1.6294
    2927       1.5840
    2928       1.5584
    2929       1.5980
    2930       1.8008
    2931       1.7419
    2932       1.5903
    2933       1.5211
    2934       1.7793
    2935       1.8097
    2936       1.9329
    2937       1.8027
    2938       1.7990
    2939       2.0108
    2940       1.9699
    2941       2.0087
    2942       1.9333
    2943       1.8981
    2944       1.7954
    2945       1.8948
    2946       1.9448
    2947       1.9908
    2948       1.7669
    2949       1.7469
    2950       1.7745
    2951       1.6064
    2952       1.6662
    2953       1.6994
    2954       1.8002
    2955       1.6831
    2956       1.7223
    2957       1.6980
    2958       1.7731
    2959       1.8919
    2960       1.9846
    2961       1.7232
    2962       1.7119
    2963       1.6428
    2964       1.7669
    2965       1.5635
    2966       1.4812
    2967       1.4280
    2968       1.5321
    2969       1.4250
    2970       1.5017
    2971       1.5283
    2972       1.5296
    2973       1.6829
    2974       1.5436
    2975       1.7031
    2976       1.7009
    2977       1.7952
    2978       1.8645
    2979       1.7015
    2980       1.7860
    2981       1.5834
    2982       1.5965
    2983       1.6299
    2984       1.5806
    2985       1.6612
    2986       1.6521
    2987       1.5152
    2988       1.5297
    2989       1.4487
    2990       1.5110
    2991       1.7178
    2992       1.5677
    2993       1.4582
    2994       1.4412
    2995       1.5593
    2996       1.5520
    2997       1.6891
    2998       1.6269
    2999       1.6021
    3000       1.7016
    3001       1.6575
    3002       1.6889
    3003       1.6226
    3004       1.5261
    3005       1.5960
    3006       1.6585
    3007       1.6137
    3008       1.7341
    3009       1.5907
    3010       1.6591
    3011       1.6010
    3012       1.7651
    3013       1.7238
    3014       1.6069
    3015       1.6232
    3016       1.6248
    3017       1.6451
    3018       1.6371
    3019       1.7303
    3020       1.7387
    3021       1.8628
    3022       1.5795
    3023       1.5792
    3024       1.6859
    3025       1.5911
    3026       1.5424
    3027       1.5527
    3028       1.5637
    3029       1.7153
    3030       1.7208
    3031       1.7775
    3032       1.8255
    3033       1.6763
    3034       1.9247
    3035       1.9525
    3036       2.0151
    3037       2.1519
    3038       2.1284
    3039       1.7628
    3040       1.8490
    3041       2.0338
    3042       1.9794
    3043       2.0426
    3044       2.1160
    3045       1.9263
    3046       1.9689
    3047       1.9943
    3048       1.7579
    3049       1.7281
    3050       1.8085
    3051       1.8130
    3052       1.6274
    3053       1.6766
    3054       1.6784
    3055       1.5911
    3056       1.5636
    3057       1.5546
    3058       1.6238
    3059       1.7907
    3060       1.9791
    3061       1.9575
    3062       1.9405
    3063       1.9010
    3064       1.9080
    3065       1.7908
    3066       1.8885
    3067       1.7252
    3068       1.6897
    3069       1.7313
    3070       1.6940
    3071       1.6908
    3072       1.6903
    3073       1.7476
    3074       1.7395
    3075       2.0157
    3076       2.2089
    3077       2.0440
    3078       2.0027
    3079       1.8144
    3080       2.0930
    3081       2.0381
    3082       1.8998
    3083       1.9275
    3084       2.0274
    3085       2.0280
    3086       1.7770
    3087       1.6100
    3088       1.8603
    3089       1.7019
    3090       1.7386
    3091       1.7877
    3092       1.8367
    3093       1.8217
    3094       1.9608
    3095       1.9949
    3096       2.0685
    3097       2.1083
    3098       2.2360
    3099       2.0299
    3100       2.1667
    3101       2.1895
    3102       2.2022
    3103       2.0988
    3104       2.2486
    3105       2.2426
    3106       2.3069
    3107       2.5349
    3108       2.4029
    3109       2.2157
    3110       2.3014
    3111       2.3335
    3112       2.6016
    3113       2.7450
    3114       2.6751
    3115       2.6552
    3116       2.7205
    3117       2.6071
    3118       2.5037
    3119       2.5670
    3120       2.6300
    3121       2.6948
    3122       2.7242
    3123       2.6494
    3124       2.5613
    3125       2.5061
    3126       2.5574
    3127       2.4124
    3128       2.3168
    3129       2.3883
    3130       2.3728
    3131       2.3816
    3132       2.2797
    3133       2.3527
    3134       2.4667
    3135       2.4778
    3136       2.4349
    3137       2.3898
    3138       2.3941
    3139       2.2895
    3140       2.2421
    3141       2.2046
    3142       2.1201
    3143       2.1287
    3144       2.1166
    3145       2.0618
    3146       2.1259
    3147       2.0879
    3148       2.0693
    3149       1.9625
    3150       1.9383
    3151       2.0772
    3152       2.1034
    3153       2.1701
    3154       2.1965
    3155       2.5036
    3156       2.3904
    3157       2.2518
    3158       2.2265
    3159       2.0628
    3160       2.0916
    3161       2.0625
    3162       2.1059
    3163       2.1592
    3164       2.2247
    3165       2.2570
    3166       2.1817
    3167       2.2791
    3168       2.1757
    3169       1.9665
    3170       1.9810
    3171       2.0470
    3172       1.9993
    3173       2.1229
    3174       2.1042
    3175       2.0772
    3176       2.0999
    3177       2.2757
    3178       2.1327
    3179       2.1076
    3180       2.0602
    3181       2.2232
    3182       2.2567
    3183       2.2785
    3184       2.3507
    3185       2.3721
    3186       2.3667
    3187       2.5912
    3188       2.6819
    3189       2.4704
    3190       2.4598
    3191       2.5061
    3192       2.6748
    3193       2.6601
    3194       2.6583
    3195       2.5844
    3196       2.5225
    3197       2.5591
    3198       2.3184
    3199       2.4482
    3200       2.7950
    3201       2.5595
    3202       2.1472
    3203       2.3581
    3204       2.2979
    3205       2.1758
    3206       2.2578
    3207       2.2541
    3208       2.2034
    3209       2.4734
    3210       2.3032
    3211       2.3452
    3212       2.0331
    3213       2.0571
    3214       2.2452
    3215       2.0497
    3216       1.8616
    3217       1.9902
    3218       1.9874
    3219       2.0863
    3220       2.1633
    3221       1.9555
    3222       1.9452
    3223       2.0383
    3224       1.8143
    3225       2.3195
    3226       2.1068
    3227       2.1054
    3228       2.1370
    3229       2.2386
    3230       1.9525
    3231       2.0837
    3232       2.0223
    3233       2.0675
    3234       1.9181
    3235       1.8925
    3236       1.9635
    3237       1.9359
    3238       2.0190
    3239       1.8554
    3240       1.8411
    3241       2.0231
    3242       1.9035
    3243       1.8960
    3244       1.8542
    3245       1.8782
    3246       1.8906
    3247       2.1838
    3248       2.0952
    3249       1.8969
    3250       1.8809
    3251       2.1313
    3252       2.2468
    3253       2.2301
    3254       2.2132
    3255       2.3417
    3256       2.1613
    3257       2.0002
    3258       2.1649
    3259       2.1552
    3260       2.0834
    3261       2.0302
    3262       1.8908
    3263       1.9117
    3264       1.7873
    3265       1.6948
    3266       1.8702
    3267       2.0327
    3268       1.9931
    3269       2.0627
    3270       1.9349
    3271       1.8082
    3272       1.7228
    3273       1.6975
    3274       1.7864
    3275       1.7295
    3276       1.8111
    3277       1.8053
    3278       1.8211
    3279       2.0209
    3280       1.9965
    3281       2.0090
    3282       2.0187
    3283       1.7215
    3284       1.9738
    3285       2.1381
    3286       2.0994
    3287       2.1014
    3288       2.2177
    3289       2.1262
    3290       2.1803
    3291       2.0734
    3292       2.1706
    3293       2.1588
    3294       2.1104
    3295       2.3818
    3296       2.3620
    3297       2.1925
    3298       2.2171
    3299       2.1722
    3300       2.2143
    3301       2.0356
    3302       2.1528
    3303       2.0451
    3304       1.8074
    3305       1.9997
    3306       1.8282
    3307       1.8618
    3308       1.9045
    3309       1.8145
    3310       1.9241
    3311       2.0082
    3312       1.9096
    3313       1.9624
    3314       1.9932
    3315       2.0246
    3316       2.0029
    3317       1.9823
    3318       1.8787
    3319       1.7857
    3320       1.8437
    3321       1.7229
    3322       1.7369
    3323       1.9011
    3324       1.8248
    3325       1.8418
    3326       1.7802
    3327       1.7110
    3328       1.4956
    3329       1.4745
    3330       1.5249
    3331       1.6098
    3332       1.5430
    3333       1.5882
    3334       1.3943
    3335       1.5917
    3336       1.6019
    3337       1.5901
    3338       1.6143
    3339       1.5485
    3340       1.5787
    3341       1.5418
    3342       1.5791
    3343       1.6800
    3344       1.7439
    3345       1.6220
    3346       1.6092
    3347       1.5875
    3348       1.7765
    3349       1.8694
    3350       1.6399
    3351       1.8550
    3352       1.7937
    3353       1.8533
    3354       1.7789
    3355       1.7101
    3356       1.6246
    3357       1.5517
    3358       1.4745
    3359       1.4715
    3360       1.6044
    3361       1.5906
    3362       1.4401
    3363       1.4679
    3364       1.5823
    3365       1.4864
    3366       1.6555
    3367       1.6554
    3368       1.5691
    3369       1.5706
    3370       1.5448
    3371       1.7130
    3372       1.6133
    3373       1.6941
    3374       1.6464
    3375       1.6341
    3376       1.8208
    3377       1.6394
    3378       1.6153
    3379       1.6198
    3380       1.7539
    3381       1.6416
    3382       1.5322
    3383       1.7252
    3384       1.6420
    3385       1.6720
    3386       1.9359
    3387       2.0381
    3388       2.1503
    3389       2.2548
    3390       2.2818
    3391       2.0056
    3392       1.8159
    3393       1.9065
    3394       2.0799
    3395       2.0396
    3396       2.0655
    3397       1.9173
    3398       2.0369
    3399       1.9783
    3400       1.9266
    3401       1.8654
    3402       1.7110
    3403       1.6263
    3404       1.5706
    3405       1.8286
    3406       1.8780
    3407       1.8722
    3408       1.9095
    3409       2.0742
    3410       1.9880
    3411       1.9125
    3412       1.7671
    3413       1.7505
    3414       1.6851
    3415       1.5196
    3416       1.4459
    3417       1.6974
    3418       1.7229
    3419       1.7020
    3420       1.8579
    3421       1.8172
    3422       1.7870
    3423       1.7975
    3424       1.6630
    3425       1.6487
    3426       1.8698
    3427       1.8705
    3428       1.9782
    3429       1.9219
    3430       1.9499
    3431       1.8348
    3432       2.0453
    3433       2.0350
    3434       1.9627
    3435       1.9686
    3436       1.8775
    3437       1.8522
    3438       1.8275
    3439       1.9347
    3440       1.8932
    3441       1.9680
    3442       1.9511
    3443       1.9527
    3444       1.7179
    3445       1.6330
    3446       1.7272
    3447       1.6434
    3448       1.8186
    3449       1.8678
    3450       1.9958
    3451       2.1072
    3452       1.8982
    3453       1.8086
    3454       1.6690
    3455       1.7767
    3456       1.6540
    3457       1.6011
    3458       1.6265
    3459       1.7972
    3460       1.7835
    3461       1.9128
    3462       2.0373
    3463       1.9756
    3464       1.7818
    3465       1.5505
    3466       1.6047
    3467       1.5960
    3468       1.6673
    3469       1.6058
    3470       1.5446
    3471       1.5640
    3472       1.7958
    3473       1.6147
    3474       1.8608
    3475       1.9923
    3476       2.0760
    3477       2.0797
    3478       1.8578
    3479       1.7913
    3480       1.8733
    3481       1.7315
    3482       1.7527
    3483       1.8044
    3484       1.6886
    3485       1.9217
    3486       1.9954
    3487       1.6492
    3488       1.6326
    3489       1.7027
    3490       1.4861
    3491       1.6459
    3492       1.7000
    3493       1.7533
    3494       1.8099
    3495       1.7466
    3496       1.7240
    3497       1.9445
    3498       1.8132
    3499       1.6369
    3500       1.5356
    3501       1.6197
    3502       1.5724
    3503       1.6968
    3504       1.7919
    3505       1.6635
    3506       1.5724
    3507       1.6045
    3508       1.4942
    3509       1.4953
    3510       1.6416
    3511       1.4863
    3512       1.6422
    3513       1.6999
    3514       1.5459
    3515       1.6928
    3516       1.6380
    3517       1.4840
    3518       1.5419
    3519       1.5490
    3520       1.3572
    3521       1.4699
    3522       1.4730
    3523       1.4721
    3524       1.3302
    3525       1.2899
    3526       1.6464
    3527       1.6540
    3528       1.7072
    3529       1.6702
    3530       1.8082
    3531       1.9172
    3532       1.9031
    3533       1.9420
    3534       1.7991
    3535       1.8129
    3536       1.9402
    3537       2.1060
    3538       1.9431
    3539       1.9221
    3540       2.1614
    3541       2.1568
    3542       1.9610
    3543       1.8634
    3544       2.0724
    3545       2.0616
    3546       1.8229
    3547       1.9065
    3548       2.2947
    3549       2.4032
    3550       2.2848
    3551       2.2751
    3552       2.1150
    3553       2.1311
    3554       2.2710
    3555       2.5102
    3556       2.3546
    3557       2.3571
    3558       2.3556
    3559       2.1428
    3560       2.1266
    3561       1.9545
    3562       2.2905
    3563       2.2486
    3564       2.3660
    3565       2.4650
    3566       2.4320
    3567       2.2968
    3568       2.2451
    3569       2.0600
    3570       2.0357
    3571       2.0764
    3572       2.0107
    3573       2.0289
    3574       1.9113
    3575       1.8242
    3576       1.8483
    3577       1.7333
    3578       1.9114
    3579       1.7732
    3580       1.7991
    3581       1.7304
    3582       1.7137
    3583       1.8715
    3584       1.7799
    3585       1.7847
    3586       1.6902
    3587       1.7268
    3588       1.7832
    3589       1.9264
    3590       1.9109
    3591       1.7883
    3592       1.7073
    3593       1.5405
    3594       1.5688
    3595       1.7194
    3596       1.6829
    3597       1.6732
    3598       1.5828
    3599       1.4700
    3600       1.5306
    3601       1.6640
    3602       1.6963
    3603       1.5956
    3604       1.5391
    3605       1.4590
    3606       1.6201
    3607       1.6206
    3608       1.5326
    3609       1.5902
    3610       1.3758
    3611       1.3943
    3612       1.3863
    3613       1.5063
    3614       1.5056
    3615       1.5633
    3616       1.6531
    3617       1.7016
    3618       1.9157
    3619       1.9417
    3620       1.9750
    3621       2.0267
    3622       1.9608
    3623       2.0259
    3624       2.0204
    3625       1.8703
    3626       2.0780
    3627       2.2094
    3628       2.2949
    3629       2.3073
    3630       2.3076
    3631       2.1508
    3632       2.0941
    3633       1.9992
    3634       2.1175
    3635       2.1249
    3636       2.0943
    3637       1.9607
    3638       1.7728
    3639       1.9081
    3640       1.9022
    3641       1.6379
    3642       1.7326
    3643       1.8071
    3644       1.7627
    3645       1.8952
    3646       1.7226
    3647       1.8768
    3648       1.7272
    3649       1.8604
    3650       1.9743
    3651       2.0956
    3652       1.9824
    3653       1.7613
    3654       1.7004
    3655       1.7185
    3656       1.6374
    3657       1.7475
    3658       1.7543
    3659       1.5981
    3660       1.7710
    3661       1.8374
    3662       1.9432
    3663       1.7919
    3664       1.8995
    3665       1.8484
    3666       1.9056
    3667       2.2086
    3668       2.1971
    3669       2.0786
    3670       2.2539
    3671       2.1604
    3672       2.0981
    3673       2.2164
    3674       2.1536
    3675       2.1740
    3676       2.2468
    3677       2.3071
    3678       2.1565
    3679       2.1186
    3680       2.1120
    3681       2.0164
    3682       2.1674
    3683       2.2980
    3684       2.1897
    3685       2.4113
    3686       2.1560
    3687       1.9433
    3688       1.8890
    3689       1.9633
    3690       2.0525
    3691       1.8354
    3692       1.8590
    3693       1.7906
    3694       1.7985
    3695       1.7451
    3696       1.6479
    3697       1.7011
    3698       1.7319
    3699       1.7794
    3700       1.9546
    3701       1.9512
    3702       1.9053
    3703       2.1924
    3704       2.2201
    3705       2.2428
    3706       2.0426
    3707       2.1647
    3708       2.0606
    3709       1.9863
    3710       2.1293
    3711       2.2279
    3712       2.3080
    3713       2.4298
    3714       2.1940
    3715       2.3739
    3716       2.2810
    3717       2.2100
    3718       2.0537
    3719       1.9604
    3720       1.9871
    3721       2.2163
    3722       2.1668
    3723       2.0533
    3724       1.9861
    3725       2.1919
    3726       2.2638
    3727       2.2946
    3728       2.3674
    3729       2.0688
    3730       2.1707
    3731       2.1549
    3732       2.1000
    3733       1.9858
    3734       2.0463
    3735       1.9309
    3736       1.9663
    3737       1.8081
    3738       1.7678
    3739       1.8977
    3740       1.9302
    3741       1.8723
    3742       1.8801
    3743       1.9927
    3744       1.9981
    3745       1.9005
    3746       1.8972
    3747       1.8291
    3748       2.0629
    3749       1.8291
    3750       1.9585
    3751       1.9655
    3752       1.8969
    3753       2.1981
    3754       2.3063
    3755       2.1365
    3756       2.1321
    3757       2.2274
    3758       2.1445
    3759       2.0323
    3760       1.8890
    3761       2.2341
    3762       2.4388
    3763       2.2942
    3764       2.2470
    3765       2.2744
    3766       2.4031
    3767       2.1618
    3768       2.1872
    3769       2.1646
    3770       2.3293
    3771       2.1374
    3772       2.0158
    3773       1.9253
    3774       1.8978
    3775       1.9574
    3776       1.9515
    3777       1.8163
    3778       1.8824
    3779       1.8467
    3780       1.8567
    3781       1.7637
    3782       1.8974
    3783       1.8371
    3784       1.8803
    3785       1.8720
    3786       1.8758
    3787       1.7063
    3788       1.5587
    3789       1.5730
    3790       1.5056
    3791       1.6215
    3792       1.6650
    3793       1.7019
    3794       1.8726
    3795       1.9118
    3796       1.7354
    3797       1.8463
    3798       1.9506
    3799       1.8371
    3800       1.8587
    3801       1.7328
    3802       1.7013
    3803       1.8220
    3804       1.7750
    3805       1.8428
    3806       1.7368
    3807       1.6960
    3808       1.5963
    3809       1.7549
    3810       1.6519
    3811       1.6456
    3812       1.6495
    3813       1.4934
    3814       1.4576
    3815       1.5267
    3816       1.5595
    3817       1.6733
    3818       1.6655
    3819       1.6746
    3820       1.8087
    3821       1.9055
    3822       1.8993
    3823       1.8726
    3824       1.6000
    3825       1.8467
    3826       1.7477
    3827       1.7585
    3828       1.6312
    3829       1.6028
    3830       1.6366
    3831       1.5314
    3832       1.6068
    3833       1.6649
    3834       1.6895
    3835       1.6290
    3836       1.5362
    3837       1.5916
    3838       1.6137
    3839       1.6259
    3840       1.5385
    3841       1.5216
    3842       1.5916
    3843       1.5398
    3844       1.4011
    3845       1.4792
    3846       1.4081
    3847       1.3900
    3848       1.3928
    3849       1.4108
    3850       1.5039
    3851       1.5622
    3852       1.6682
    3853       1.6351
    3854       1.6288
    3855       1.7108
    3856       1.6297
    3857       1.7533
    3858       1.7793
    3859       1.6422
    3860       1.8381
    3861       1.9615
    3862       1.8418
    3863       1.9542
    3864       2.0267
    3865       2.0558
    3866       2.2076
    3867       2.0843
    3868       1.8137
    3869       1.6640
    3870       1.7260
    3871       1.6582
    3872       1.8167
    3873       1.9079
    3874       1.8562
    3875       1.7508
    3876       1.5856
    3877       1.6260
    3878       1.5695
    3879       1.5538
    3880       1.7141
    3881       1.6486
    3882       1.6192
    3883       1.5965
    3884       1.6872
    3885       1.6872
    3886       1.5376
    3887       1.6796
    3888       1.6969
    3889       1.5831
    3890       1.6409
    3891       1.6452
    3892       1.6291
    3893       1.5724
    3894       1.4680
    3895       1.6099
    3896       1.5136
    3897       1.5687
    3898       1.5303
    3899       1.4591
    3900       1.7953
    3901       1.6555
    3902       1.5454
    3903       1.7405
    3904       1.8335
    3905       1.7572
    3906       1.5738
    3907       1.6750
    3908       1.4351
    3909       1.5171
    3910       1.6874
    3911       1.5530
    3912       1.5894
    3913       1.6113
    3914       1.5422
    3915       1.5276
    3916       1.5546
    3917       1.6324
    3918       1.4545
    3919       1.3084
    3920       1.4218
    3921       1.4389
    3922       1.4465
    3923       1.5941
    3924       1.7542
    3925       1.8099
    3926       1.9190
    3927       1.8796
    3928       1.8629
    3929       1.8500
    3930       1.8024
    3931       1.8859
    3932       1.6584
    3933       1.6812
    3934       1.7321
    3935       1.7288
    3936       1.5615
    3937       1.4388
    3938       1.4372
    3939       1.4724
    3940       1.5461
    3941       1.5310
    3942       1.7505
    3943       1.7247
    3944       1.8554
    3945       1.9325
    3946       2.0031
    3947       1.9155
    3948       1.9088
    3949       1.8167
    3950       1.8527
    3951       1.9675
    3952       2.1677
    3953       2.0070
    3954       2.1687
    3955       2.1040
    3956       1.8887
    3957       1.9222
    3958       1.7714
    3959       1.9137
    3960       1.8038
    3961       1.7342
    3962       1.6321
    3963       1.6531
    3964       1.6940
    3965       1.9550
    3966       1.8786
    3967       1.9050
    3968       1.7685
    3969       1.8947
    3970       1.8526
    3971       1.8345
    3972       1.8947
    3973       1.9967
    3974       1.9906
    3975       2.0682
    3976       1.9119
    3977       1.8314
    3978       2.0280
    3979       2.0950
    3980       1.9896
    3981       1.9378
    3982       2.1210
    3983       2.0454
    3984       2.0501
    3985       2.1649
    3986       2.0064
    3987       2.0714
    3988       2.1402
    3989       1.8938
    3990       1.8685
    3991       1.9682
    3992       2.0056
    3993       1.7929
    3994       1.8827
    3995       1.9293
    3996       2.1020
    3997       2.0066
    3998       2.1173
    3999       2.0625
    4000       2.2937
    4001       2.2887
    4002       2.3967
    4003       2.3699
    4004       2.3976
    4005       2.2787
    4006       2.1578
    4007       2.0257
    4008       2.0502
    4009       2.1403
    4010       2.0784
    4011       2.1213
    4012       2.2022
    4013       2.2551
    4014       2.2082
    4015       2.3822
    4016       2.4434
    4017       2.3163
    4018       2.2935
    4019       2.2777
    4020       2.1666
    4021       2.1478
    4022       2.1486
    4023       2.0861
    4024       1.9348
    4025       2.0215
    4026       1.9809
    4027       2.1127
    4028       2.1909
    4029       2.1261
    4030       2.1184
    4031       1.9495
    4032       1.9809
    4033       1.8867
    4034       2.0010
    4035       2.2030
    4036       2.0610
    4037       2.0605
    4038       1.9504
    4039       1.9615
    4040       1.8886
    4041       1.9010
    4042       1.9176
    4043       1.6566
    4044       1.7605
    4045       1.7606
    4046       1.9407
    4047       1.9104
    4048       2.0521
    4049       2.2716
    4050       2.1001
    4051       2.0436
    4052       1.9677
    4053       1.8887
    4054       1.8499
    4055       1.7859
    4056       1.8117
    4057       1.7050
    4058       1.4930
    4059       1.4126
    4060       1.5407
    4061       1.5838
    4062       1.6158
    4063       1.6083
    4064       1.7102
    4065       2.0240
    4066       2.2539
    4067       2.3094
    4068       2.3861
    4069       2.3528
    4070       2.2878
    4071       2.5681
    4072       2.5169
    4073       2.2356
    4074       2.2750
    4075       2.2805
    4076       2.3456
    4077       2.2386
    4078       2.2139
    4079       2.2598
    4080       2.1325
    4081       2.3009
    4082       2.1057
    4083       2.0315
    4084       1.9644
    4085       1.8640
    4086       1.7952
    4087       1.7473
    4088       1.6981
    4089       1.8749
    4090       1.7379
    4091       1.7959
    4092       1.8189
    4093       1.8929
    4094       1.7853
    4095       1.7376
    4096       1.9319
    4097       1.9154
    4098       1.7000
    4099       1.6012
    4100       1.6455
    4101       1.6263
    4102       1.7489
    4103       1.8404
    4104       1.9534
    4105       2.0957
    4106       1.9328
    4107       2.0627
    4108       2.0794
    4109       2.1100
    4110       2.1415
    4111       2.0493
    4112       2.1933
    4113       2.3053
    4114       2.0930
    4115       2.0603
    4116       2.0087
    4117       2.0587
    4118       1.9508
    4119       2.0042
    4120       2.2634
    4121       2.0221
    4122       2.0411
    4123       2.0818
    4124       1.9519
    4125       2.0669
    4126       2.0589
    4127       1.8741
    4128       1.7599
    4129       1.7614
    4130       1.8146
    4131       1.7360
    4132       1.9207
    4133       1.9944
    4134       1.8916
    4135       1.9638
    4136       2.1945
    4137       2.0979
    4138       1.9440
    4139       1.8308
    4140       1.7432
    4141       1.7167
    4142       1.8268
    4143       1.6265
    4144       1.6648
    4145       1.7825
    4146       1.8200
    4147       1.9135
    4148       1.9154
    4149       1.9719
    4150       1.8647
    4151       2.0333
    4152       1.9523
    4153       1.9282
    4154       2.0590
    4155       1.9520
    4156       1.8916
    4157       1.7926
    4158       2.0184
    4159       2.0540
    4160       2.0332
    4161       1.9572
    4162       1.8830
    4163       1.7629
    4164       1.8466
    4165       1.7969
    4166       1.7390
    4167       1.5494
    4168       1.6418
    4169       1.6015
    4170       1.5196
    4171       1.4243
    4172       1.6324
    4173       1.7981
    4174       1.5560
    4175       1.6241
    4176       1.6135
    4177       1.6557
    4178       1.7216
    4179       1.7771
    4180       1.8856
    4181       2.1048
    4182       1.9213
    4183       1.8783
    4184       1.6844
    4185       1.6275
    4186       1.5543
    4187       1.7009
    4188       1.7579
    4189       1.7488
    4190       1.8042
    4191       1.8861
    4192       1.7919
    4193       1.7006
    4194       1.7099
    4195       1.7812
    4196       1.6487
    4197       1.8120
    4198       1.6878
    4199       1.6678
    4200       1.7206
    4201       1.7425
    4202       1.6718
    4203       1.7587
    4204       1.7729
    4205       1.6854
    4206       1.7415
    4207       1.7100
    4208       1.7890
    4209       1.7915
    4210       1.7899
    4211       1.8065
    4212       1.7885
    4213       1.8652
    4214       1.6839
    4215       1.5851
    4216       1.5204
    4217       1.6926
    4218       1.7074
    4219       1.8408
    4220       1.9662
    4221       2.2274
    4222       2.2505
    4223       2.1682
    4224       2.1767
    4225       2.0730
    4226       2.0251
    4227       2.0899
    4228       2.2339
    4229       1.9413
    4230       1.9152
    4231       1.8984
    4232       1.8831
    4233       2.0283
    4234       1.8561
    4235       1.7111
    4236       1.5180
    4237       1.6971
    4238       1.7313
    4239       1.8298
    4240       1.8623
    4241       1.8639
    4242       1.8457
    4243       1.8421
    4244       1.9193
    4245       1.6934
    4246       1.6799
    4247       1.6050
    4248       1.6640
    4249       1.7299
    4250       1.6853
    4251       1.7682
    4252       1.7832
    4253       1.7672
    4254       1.7273
    4255       1.7475
    4256       1.9408
    4257       1.9309
    4258       1.8027
    4259       1.8800
    4260       1.7451
    4261       1.8423
    4262       1.9907
    4263       1.9898
    4264       1.8372
    4265       1.9308
    4266       1.8572
    4267       1.9689
    4268       1.8941
    4269       2.0575
    4270       1.6554
    4271       1.8571
    4272       1.8054
    4273       1.6644
    4274       1.7524
    4275       1.7996
    4276       1.7201
    4277       1.6753
    4278       1.7553
    4279       1.7900
    4280       1.7493
    4281       1.6554
    4282       1.6352
    4283       1.8675
    4284       1.6487
    4285       1.7099
    4286       1.7164
    4287       1.7320
    4288       1.8383
    4289       1.8159
    4290       1.6373
    4291       1.7542
    4292       1.6657
    4293       1.8568
    4294       1.7373
    4295       1.7912
    4296       1.7581
    4297       1.8069
    4298       1.8713
    4299       1.7444
    4300       1.7464
    4301       1.8331
    4302       1.7779
    4303       1.7259
    4304       1.7774
    4305       1.7496
    4306       1.7455
    4307       1.8794
    4308       2.0285
    4309       1.8816
    4310       1.7788
    4311       1.8522
    4312       1.7859
    4313       1.7282
    4314       1.9788
    4315       2.0165
    4316       2.0046
    4317       2.1588
    4318       2.1393
    4319       2.0532
    4320       1.9358
    4321       1.9635
    4322       1.8184
    4323       1.8863
    4324       1.9096
    4325       1.7535
    4326       1.7252
    4327       1.8734
    4328       1.9157
    4329       1.9786
    4330       1.8645
    4331       1.8386
    4332       1.9267
    4333       2.0208
    4334       2.0552
    4335       2.0650
    4336       1.9794
    4337       1.7712
    4338       1.8673
    4339       1.7791
    4340       1.6426
    4341       1.6981
    4342       1.7744
    4343       1.8036
    4344       1.7146
    4345       1.8288
    4346       1.8656
    4347       1.9601
    4348       1.7835
    4349       1.8033
    4350       1.9004
    4351       1.7362
    4352       1.7398
    4353       1.8295
    4354       1.7788
    4355       1.8368
    4356       1.8633
    4357       1.8733
    4358       2.1210
    4359       1.9354
    4360       2.1305
    4361       2.1936
    4362       2.1578
    4363       2.1399
    4364       1.9054
    4365       2.0877
    4366       2.0788
    4367       1.9180
    4368       1.7882
    4369       1.8057
    4370       1.7931
    4371       1.8023
    4372       1.9078
    4373       1.7132
    4374       1.5607
    4375       1.6337
    4376       1.6335
    4377       1.6717
    4378       1.8274
    4379       2.0429
    4380       2.1880
    4381       2.2610
    4382       2.0154
    4383       2.0223
    4384       2.0763
    4385       2.0969
    4386       2.1173
    4387       2.0066
    4388       2.2445
    4389       2.3399
    4390       2.1602
    4391       2.2192
    4392       2.0403
    4393       2.1660
    4394       1.9825
    4395       1.9555
    4396       1.8223
    4397       1.8813
    4398       1.9705
    4399       1.9277
    4400       1.8846
    4401       1.8810
    4402       1.7884
    4403       1.7985
    4404       1.8563
    4405       1.7569
    4406       1.8014
    4407       1.7454
    4408       1.7283
    4409       1.7287
    4410       1.7532
    4411       1.7573
    4412       1.7341
    4413       1.7062
    4414       1.6998
    4415       1.7139
    4416       1.7586
    4417       1.8216
    4418       1.8602
    4419       1.9101
    4420       2.0134
    4421       2.0867
    4422       2.0054
    4423       1.9123
    4424       1.9067
    4425       2.0141
    4426       1.8795
    4427       1.8954
    4428       1.8391
    4429       1.7974
    4430       1.8001
    4431       1.7500
    4432       1.7272
    4433       1.8026
    4434       1.6889
    4435       1.8569
    4436       1.8739
    4437       1.8544
    4438       1.8379
    4439       2.0259
    4440       1.8940
    4441       2.0274
    4442       1.9648
    4443       1.9346
    4444       1.8937
    4445       1.8028
    4446       1.8440
    4447       1.8365
    4448       2.0108
    4449       2.1363
    4450       2.0333
    4451       2.0435
    4452       2.0114
    4453       2.2313
    4454       2.0987
    4455       2.0271
    4456       2.2150
    4457       2.0495
    4458       2.1200
    4459       2.1118
    4460       2.1247
    4461       1.9637
    4462       1.9487
    4463       1.8949
    4464       1.9509
    4465       1.8203
    4466       1.8552
    4467       1.7967
    4468       1.8483
    4469       1.9066
    4470       2.0278
    4471       1.9847
    4472       1.8895
    4473       1.8890
    4474       1.7844
    4475       1.6624
    4476       1.6097
    4477       1.7942
    4478       2.0034
    4479       1.9667
    4480       1.9150
    4481       2.0179
    4482       1.8977
    4483       1.8402
    4484       1.7896
    4485       1.7307
    4486       1.8045
    4487       1.8680
    4488       1.8767
    4489       1.7182
    4490       1.7853
    4491       1.8602
    4492       1.8191
    4493       1.7767
    4494       1.7877
    4495       1.7273
    4496       1.9672
    4497       1.8719
    4498       1.9688
    4499       1.8327
    4500       1.7531
    4501       1.7977
    4502       1.7093
    4503       1.7133
    4504       1.9640
    4505       1.9498
    4506       1.9419
    4507       1.9265
    4508       2.0899
    4509       2.1346
    4510       2.1304
    4511       2.1804
    4512       2.2522
    4513       2.3550
    4514       2.3070
    4515       2.0526
    4516       1.9840
    4517       1.9686
    4518       1.8457
    4519       1.8721
    4520       1.7350
    4521       1.8542
    4522       2.0155
    4523       1.9749
    4524       1.7171
    4525       1.7680
    4526       1.7909
    4527       1.7987
    4528       1.8842
    4529       1.8960
    4530       1.8908
    4531       1.9815
    4532       2.1509
    4533       1.8904
    4534       1.8440
    4535       1.7044
    4536       1.7695
    4537       1.7474
    4538       1.7744
    4539       1.7178
    4540       1.7438
    4541       1.7934
    4542       1.8006
    4543       1.8176
    4544       1.9299
    4545       2.0159
    4546       2.2324
    4547       2.2012
    4548       2.1339
    4549       2.0614
    4550       1.9069
    4551       2.0501
    4552       2.2072
    4553       2.0882
    4554       2.2235
    4555       1.9915
    4556       1.9062
    4557       1.8544
    4558       1.8650
    4559       1.8699
    4560       1.8670
    4561       1.9961
    4562       2.0429
    4563       2.2648
    4564       2.3545
    4565       2.3067
    4566       2.4885
    4567       2.4008
    4568       2.3907
    4569       2.3108
    4570       2.2435
    4571       2.1426
    4572       2.0478
    4573       1.9452
    4574       2.0076
    4575       2.1197
    4576       2.1584
    4577       2.1414
    4578       2.1088
    4579       2.2532
    4580       2.2001
    4581       2.1177
    4582       2.2887
    4583       2.1566
    4584       2.1258
    4585       2.0962
    4586       2.0621
    4587       1.9242
    4588       2.0506
    4589       2.0648
    4590       2.2080
    4591       2.0279
    4592       1.9901
    4593       2.0116
    4594       1.9001
    4595       1.8436
    4596       1.8322
    4597       1.9057
    4598       1.9507
    4599       2.0099
    4600       1.6991
    4601       1.6772
    4602       1.7076
    4603       1.8659
    4604       1.7283
    4605       1.6871
    4606       1.7240
    4607       1.7881
    4608       1.8750
    4609       1.8644
    4610       1.7912
    4611       1.7366
    4612       1.6895
    4613       1.5821
    4614       1.6245
    4615       1.6253
    4616       1.5079
    4617       1.6085
    4618       1.4537
    4619       1.6327
    4620       1.5809
    4621       1.5115
    4622       1.4590
    4623       1.4989
    4624       1.5494
    4625       1.5880
    4626       1.6109
    4627       1.7552
    4628       1.6573
    4629       1.5600
    4630       1.5520
    4631       1.5455
    4632       1.6947
    4633       1.5194
    4634       1.4718
    4635       1.3826
    4636       1.4528
    4637       1.4127
    4638       1.4332
    4639       1.5438
    4640       1.4379
    4641       1.4148
    4642       1.6408
    4643       1.6044
    4644       1.5708
    4645       1.7197
    4646       1.6683
    4647       1.6763
    4648       1.7355
    4649       1.7072
    4650       1.6058
    4651       1.6128
    4652       1.7420
    4653       1.5770
    4654       1.6938
    4655       1.6224
    4656       1.7347
    4657       1.6006
    4658       1.9178
    4659       1.9676
    4660       1.8995
    4661       1.9116
    4662       1.8870
    4663       1.7256
    4664       1.8886
    4665       1.8562
    4666       1.8918
    4667       1.9326
    4668       1.7773
    4669       1.8823
    4670       1.7941
    4671       1.8482
    4672       1.9272
    4673       1.8459
    4674       1.7978
    4675       1.6673
    4676       1.8416
    4677       1.7754
    4678       1.7657
    4679       1.7511
    4680       1.7285
    4681       1.5730
    4682       1.6256
    4683       1.6547
    4684       1.6614
    4685       1.6134
    4686       1.4960
    4687       1.5330
    4688       1.4991
    4689       1.5548
    4690       1.5155
    4691       1.5065
    4692       1.5207
    4693       1.5049
    4694       1.5365
    4695       1.6643
    4696       1.6304
    4697       1.5432
    4698       1.5565
    4699       1.4913
    4700       1.7166
    4701       1.6527
    4702       1.7384
    4703       1.8256
    4704       1.7830
    4705       1.8407
    4706       1.7928
    4707       1.6673
    4708       1.8972
    4709       1.7865
    4710       1.8331
    4711       1.8283
    4712       1.7823
    4713       1.7602
    4714       1.9278
    4715       1.9020
    4716       1.9098
    4717       2.0139
    4718       1.8351
    4719       2.0181
    4720       2.0243
    4721       2.0304
    4722       2.1405
    4723       1.9862
    4724       2.1199
    4725       2.2762
    4726       2.3590
    4727       2.4361
    4728       2.3278
    4729       2.2781
    4730       2.2112
    4731       2.2400
    4732       2.2036
    4733       2.0841
    4734       2.1025
    4735       1.9816
    4736       2.2364
    4737       2.3390
    4738       2.3473
    4739       2.1606
    4740       2.1332
    4741       2.1279
    4742       2.1236
    4743       2.2412
    4744       2.0564
    4745       2.2543
    4746       2.1596
    4747       2.1875
    4748       2.2652
    4749       2.3101
    4750       2.2470
    4751       2.1175
    4752       2.2548
    4753       1.9814
    4754       1.9285
    4755       1.9582
    4756       2.0290
    4757       2.1515
    4758       2.0758
    4759       1.9917
    4760       1.9517
    4761       1.7139
    4762       1.7339
    4763       1.7719
    4764       1.6272
    4765       1.7742
    4766       1.7629
    4767       1.8876
    4768       2.0840
    4769       1.8656
    4770       1.7850
    4771       1.8330
    4772       1.9031
    4773       1.9080
    4774       1.9082
    4775       2.0130
    4776       2.1043
    4777       1.8785
    4778       1.8407
    4779       1.9006
    4780       1.9336
    4781       1.9947
    4782       1.9856
    4783       1.9421
    4784       1.8888
    4785       1.7900
    4786       1.8323
    4787       1.8636
    4788       2.0138
    4789       2.0416
    4790       2.1092
    4791       2.1639
    4792       2.0715
    4793       1.8978
    4794       1.7569
    4795       1.8440
    4796       1.7408
    4797       2.0761
    4798       2.0978
    4799       1.9462
    4800       1.8717
    4801       2.1008
    4802       1.8999
    4803       1.8327
    4804       1.8127
    4805       1.8915
    4806       1.7797
    4807       1.8328
    4808       1.9361
    4809       1.6887
    4810       1.9103
    4811       1.9375
    4812       1.9864
    4813       1.9550
    4814       1.9166
    4815       1.9354
    4816       2.0132
    4817       1.9859
    4818       1.9093
    4819       2.1881
    4820       2.0559
    4821       1.9986
    4822       1.9855
    4823       1.8355
    4824       1.8705
    4825       1.9309
    4826       2.0002
    4827       2.0679
    4828       1.9075
    4829       1.8478
    4830       1.7898
    4831       1.6747
    4832       1.6974
    4833       1.6703
    4834       1.5623
    4835       1.5361
    4836       1.7565
    4837       1.7022
    4838       1.7598
    4839       1.6376
    4840       1.6113
    4841       1.8026
    4842       1.8048
    4843       1.8100
    4844       1.9291
    4845       1.8947
    4846       1.7686
    4847       1.6866
    4848       1.8617
    4849       1.7235
    4850       1.7463
    4851       1.7922
    4852       1.7461
    4853       1.8189
    4854       1.7669
    4855       1.9024
    4856       1.8492
    4857       1.8438
    4858       1.7631
    4859       1.8165
    4860       1.8706
    4861       1.7580
    4862       1.7342
    4863       1.8497
    4864       1.6160
    4865       1.6886
    4866       1.7604
    4867       1.6043
    4868       1.5993
    4869       1.5818
    4870       1.4702
    4871       1.4069
    4872       1.4126
    4873       1.6099
    4874       1.4649
    4875       1.4364
    4876       1.5118
    4877       1.5275
    4878       1.6101
    4879       1.4298
    4880       1.5056
    4881       1.5241
    4882       1.6108
    4883       1.6411
    4884       1.6005
    4885       1.4230
    4886       1.5255
    4887       1.7683
    4888       1.8936
    4889       1.8286
    4890       1.6486
    4891       1.9452
    4892       1.8788
    4893       1.8277
    4894       2.0008
    4895       1.9128
    4896       1.7960
    4897       1.6637
    4898       1.6741
    4899       1.5805
    4900       1.6368
    4901       1.5808
    4902       1.8781
    4903       1.7371
    4904       1.7185
    4905       1.7921
    4906       1.8189
    4907       1.7982
    4908       1.6243
    4909       1.7474
    4910       1.6089
    4911       1.5199
    4912       1.7240
    4913       1.6272
    4914       1.5938
    4915       1.6490
    4916       1.7455
    4917       1.6963
    4918       1.7271
    4919       1.6188
    4920       1.6348
    4921       1.6505
    4922       1.7160
    4923       1.7285
    4924       1.7067
    4925       1.5783
    4926       1.6734
    4927       1.6390
    4928       1.5930
    4929       1.7461
    4930       1.7762
    4931       1.6923
    4932       1.6229
    4933       1.7418
    4934       1.6855
    4935       1.8151
    4936       1.7228
    4937       1.7650
    4938       1.9432
    4939       1.9509
    4940       1.9831
    4941       1.8643
    4942       1.7079
    4943       1.6437
    4944       1.6573
    4945       1.5712
    4946       1.6108
    4947       1.6005
    4948       1.5703
    4949       1.6200
    4950       1.5812
    4951       1.5237
    4952       1.4697
    4953       1.5442
    4954       1.4879
    4955       1.5144
    4956       1.4835
    4957       1.5655
    4958       1.5807
    4959       1.4226
    4960       1.5235
    4961       1.4113
    4962       1.4538
    4963       1.4371
    4964       1.5576
    4965       1.5073
    4966       1.5416
    4967       1.5290
    4968       1.4961
    4969       1.4150
    4970       1.4516
    4971       1.4876
    4972       1.4715
    4973       1.5247
    4974       1.5418
    4975       1.5201
    4976       1.6088
    4977       1.4317
    4978       1.4703
    4979       1.4516
    4980       1.5169
    4981       1.5293
    4982       1.6377
    4983       1.6448
    4984       1.6014
    4985       1.5861
    4986       1.4952
    4987       1.5696
    4988       1.4847
    4989       1.5904
    4990       1.5288
    4991       1.6224
    4992       1.6333
    4993       1.6383
    4994       1.6562
    4995       1.7198
    4996       1.6124
    4997       1.6946
    4998       1.6425
    4999       1.7007
    5000       1.8810
    5001       1.8240
    5002       1.8534
    5003       1.9525
    5004       1.9503
    5005       1.9400
    5006       1.9771
    5007       2.1253
    5008       2.1712
    5009       2.0581
    5010       1.9846
    5011       1.9389
    5012       1.8712
    5013       1.8803
    5014       1.8493
    5015       1.9321
    5016       1.9984
    5017       2.0950
    5018       1.8300
    5019       1.7378
    5020       1.9423
    5021       2.0337
    5022       2.1141
    5023       2.0640
    5024       2.0300
    5025       2.0364
    5026       2.0906
    5027       1.9897
    5028       1.7811
    5029       1.8240
    5030       1.7406
    5031       1.9285
    5032       1.8062
    5033       1.7684
    5034       1.7069
    5035       1.6939
    5036       1.8300
    5037       1.9167
    5038       1.7006
    5039       1.6136
    5040       1.7638
    5041       1.5686
    5042       1.5779
    5043       1.6963
    5044       1.5615
    5045       1.6498
    5046       1.7897
    5047       1.8444
    5048       1.8348
    5049       1.7182
    5050       1.7925
    5051       1.6921
    5052       1.5269
    5053       1.6708
    5054       1.5526
    5055       1.5689
    5056       1.5776
    5057       1.5794
    5058       1.6378
    5059       1.5405
    5060       1.5840
    5061       1.5621
    5062       1.6697
    5063       1.6428
    5064       1.6799
    5065       1.5349
    5066       1.5550
    5067       1.5957
    5068       1.6367
    5069       1.6658
    5070       1.5874
    5071       1.7704
    5072       1.7850
    5073       1.6144
    5074       1.4850
    5075       1.4870
    5076       1.5567
    5077       1.6807
    5078       1.5367
    5079       1.4979
    5080       1.4477
    5081       1.4808
    5082       1.5307
    5083       1.6455
    5084       1.5753
    5085       1.5988
    5086       1.5383
    5087       1.5365
    5088       1.5816
    5089       1.5893
    5090       1.5421
    5091       1.6131
    5092       1.5428
    5093       1.5516
    5094       1.6057
    5095       1.6068
    5096       1.7648
    5097       1.6733
    5098       1.6638
    5099       1.7638
    5100       1.8509
    5101       1.7225
    5102       1.8113
    5103       1.7002
    5104       1.6045
    5105       1.7141
    5106       1.6829
    5107       1.8557
    5108       1.7489
    5109       1.9743
    5110       2.0531
    5111       1.8879
    5112       1.8630
    5113       1.7948
    5114       1.7003
    5115       1.8263
    5116       1.7869
    5117       1.7585
    5118       1.8827
    5119       1.9513
    5120       1.8886
    5121       1.8255
    5122       1.8188
    5123       1.6596
    5124       1.6522
    5125       1.6654
    5126       1.6888
    5127       1.7608
    5128       1.6825
    5129       1.8375
    5130       1.8118
    5131       1.9480
    5132       1.8407
    5133       1.7615
    5134       1.9584
    5135       1.8994
    5136       1.9458
    5137       1.8396
    5138       1.8582
    5139       1.7797
    5140       1.8986
    5141       1.8613
    5142       1.7689
    5143       1.7022
    5144       1.6993
    5145       1.7125
    5146       1.6117
    5147       1.7762
    5148       1.7575
    5149       1.8211
    5150       1.8201
    5151       1.9185
    5152       2.0291
    5153       1.8702
    5154       1.8658
    5155       1.8584
    5156       1.8039
    5157       1.7581
    5158       1.7877
    5159       1.8598
    5160       1.9901
    5161       1.9329
    5162       1.6843
    5163       1.6709
    5164       1.6433
    5165       1.6942
    5166       1.6285
    5167       1.6296
    5168       1.7417
    5169       1.8254
    5170       1.7291
    5171       1.8171
    5172       1.7946
    5173       1.8128
    5174       2.0141
    5175       1.8467
    5176       1.8619
    5177       1.8501
    5178       1.8115
    5179       1.9100
    5180       1.8202
    5181       1.8237
    5182       1.8164
    5183       1.7237
    5184       1.6963
    5185       1.6771
    5186       1.7800
    5187       1.7487
    5188       1.7997
    5189       1.6827
    5190       1.5705
    5191       1.7020
    5192       1.7765
    5193       1.8351
    5194       1.9156
    5195       1.8542
    5196       1.7783
    5197       1.9197
    5198       1.9356
    5199       1.9135
    5200       1.8568
    5201       1.9684
    5202       2.0416
    5203       1.8314
    5204       1.9333
    5205       1.8905
    5206       1.9662
    5207       1.8675
    5208       1.9329
    5209       1.8657
    5210       1.9128
    5211       2.0795
    5212       2.0713
    5213       2.0411
    5214       2.0827
    5215       2.0627
    5216       2.0818
    5217       2.2803
    5218       2.1861
    5219       2.2787
    5220       2.0655
    5221       2.1780
    5222       1.8515
    5223       1.8173
    5224       1.7871
    5225       1.7631
    5226       1.7561
    5227       1.7651
    5228       1.6149
    5229       1.7050
    5230       1.6955
    5231       1.5839
    5232       1.6701
    5233       1.6505
    5234       1.6927
    5235       1.6979
    5236       1.7432
    5237       1.6648
    5238       1.4754
    5239       1.5228
    5240       1.6274
    5241       1.5779
    5242       1.6075
    5243       1.6095
    5244       1.6026
    5245       1.7192
    5246       1.8901
    5247       1.9103
    5248       1.9433
    5249       2.0535
    5250       2.1531
    5251       1.9290
    5252       1.9726
    5253       1.9952
    5254       2.1381
    5255       2.1060
    5256       1.9780
    5257       1.9008
    5258       1.9064
    5259       1.8121
    5260       1.7483
    5261       1.6947
    5262       1.9157
    5263       1.9167
    5264       1.9241
    5265       1.7942
    5266       1.7504
    5267       1.8700
    5268       1.7670
    5269       1.8836
    5270       1.7513
    5271       1.8342
    5272       1.9953
    5273       1.8540
    5274       1.7751
    5275       1.9279
    5276       1.8692
    5277       1.9531
    5278       1.9369
    5279       1.9353
    5280       1.9794
    5281       1.8906
    5282       1.9521
    5283       1.8325
    5284       1.9018
    5285       1.9801
    5286       1.9716
    5287       2.1025
    5288       1.9080
    5289       1.7369
    5290       1.6181
    5291       1.6850
    5292       1.6387
    5293       1.5575
    5294       1.5498
    5295       1.6479
    5296       1.7688
    5297       1.8394
    5298       2.0098
    5299       1.8930
    5300       2.0567
    5301       2.1637
    5302       2.1270
    5303       2.2973
    5304       2.3560
    5305       2.2575
    5306       2.2513
    5307       2.1656
    5308       2.3247
    5309       2.5188
    5310       2.1908
    5311       2.2148
    5312       2.1550
    5313       2.2153
    5314       2.1809
    5315       2.2117
    5316       2.3652
    5317       2.2083
    5318       2.1650
    5319       2.1612
    5320       2.0830
    5321       1.8925
    5322       1.9848
    5323       1.8521
    5324       1.7888
    5325       1.7619
    5326       1.8636
    5327       1.9909
    5328       1.9696
    5329       2.0676
    5330       1.9482
    5331       2.0360
    5332       1.8387
    5333       1.8644
    5334       1.7372
    5335       1.8407
    5336       2.0406
    5337       2.0065
    5338       1.9797
    5339       1.9627
    5340       1.7521
    5341       1.8063
    5342       1.7780
    5343       1.9286
    5344       1.8565
    5345       1.8609
    5346       1.9022
    5347       1.9759
    5348       2.0477
    5349       2.0909
    5350       2.1013
    5351       2.0033
    5352       2.2580
    5353       2.3995
    5354       2.2476
    5355       2.1021
    5356       1.8383
    5357       2.0019
    5358       1.9840
    5359       2.0924
    5360       2.2431
    5361       2.2057
    5362       2.1465
    5363       1.9232
    5364       1.8868
    5365       2.0451
    5366       2.0876
    5367       2.1750
    5368       1.9717
    5369       1.8087
    5370       1.7557
    5371       1.8614
    5372       1.9437
    5373       1.7085
    5374       1.7525
    5375       1.7864
    5376       1.7657
    5377       1.7968
    5378       1.8382
    5379       1.9660
    5380       2.1019
    5381       2.1192
    5382       2.0799
    5383       2.1418
    5384       2.1908
    5385       2.4671
    5386       2.2841
    5387       2.4402
    5388       2.1815
    5389       2.2793
    5390       2.1020
    5391       2.0592
    5392       2.0494
    5393       1.9406
    5394       1.7688
    5395       2.0674
    5396       2.0908
    5397       2.1195
    5398       1.9415
    5399       2.0691
    5400       1.9010
    5401       1.9562
    5402       2.0909
    5403       2.0993
    5404       1.9679
    5405       2.0316
    5406       2.0647
    5407       2.0311
    5408       2.2610
    5409       2.1085
    5410       2.0113
    5411       1.9764
    5412       1.8457
    5413       1.7933
    5414       1.8146
    5415       1.8219
    5416       1.8339
    5417       1.9189
    5418       2.0794
    5419       1.8481
    5420       1.8908
    5421       1.7792
    5422       1.8710
    5423       1.7991
    5424       1.8259
    5425       1.7408
    5426       1.7800
    5427       1.8579
    5428       1.9700
    5429       1.9433
    5430       1.9844
    5431       2.0882
    5432       2.3325
    5433       2.2326
    5434       2.2289
    5435       2.2994
    5436       2.0610
    5437       1.8357
    5438       1.9956
    5439       2.1403
    5440       2.1601
    5441       2.1521
    5442       2.1207
    5443       1.9692
    5444       2.0234
    5445       1.9229
    5446       1.9396
    5447       2.1968
    5448       2.2000
    5449       2.1163
    5450       2.1226
    5451       2.0401
    5452       2.0596
    5453       2.0900
    5454       2.2307
    5455       2.0746
    5456       2.2011
    5457       2.2418
    5458       2.0989
    5459       2.1802
    5460       1.9860
    5461       2.0931
    5462       2.2203
    5463       2.0092
    5464       1.7490
    5465       1.8521
    5466       1.8610
    5467       1.8279
    5468       1.8115
    5469       1.6932
    5470       1.8166
    5471       1.6778
    5472       1.7173
    5473       1.6408
    5474       1.6213
    5475       1.5848
    5476       1.5165
    5477       1.5173
    5478       1.5385
    5479       1.6551
    5480       1.7042
    5481       1.8593
    5482       1.8005
    5483       1.8455
    5484       1.9177
    5485       1.8651
    5486       1.7317
    5487       1.7433
    5488       1.9071
    5489       1.8349
    5490       1.8696
    5491       1.8590
    5492       1.8548
    5493       1.9542
    5494       1.7344
    5495       2.0501
    5496       2.0792
    5497       2.0536
    5498       1.8826
    5499       1.8645
    5500       1.8914
    5501       1.9723
    5502       2.0359
    5503       2.1057
    5504       2.1686
    5505       2.1865
    5506       2.1803
    5507       2.0747
    5508       2.0657
    5509       2.0883
    5510       2.3491
    5511       2.3338
    5512       2.3446
    5513       2.2586
    5514       2.0775
    5515       2.0714
    5516       2.0647
    5517       2.2191
    5518       2.3302
    5519       2.3206
    5520       2.5076
    5521       2.2776
    5522       2.2459
    5523       1.9479
    5524       2.0114
    5525       2.1701
    5526       2.0893
    5527       1.9571
    5528       1.7335
    5529       1.8036
    5530       1.8144
    5531       1.8341
    5532       1.7198
    5533       1.8205
    5534       1.7286
    5535       1.7875
    5536       1.8931
    5537       1.8278
    5538       1.9960
    5539       2.0430
    5540       1.9967
    5541       1.9095
    5542       1.8553
    5543       1.8799
    5544       1.7764
    5545       1.6752
    5546       1.7349
    5547       1.6854
    5548       1.7553
    5549       1.8896
    5550       1.8418
    5551       1.9417
    5552       1.7114
    5553       1.7203
    5554       1.7452
    5555       1.8106
    5556       1.7243
    5557       1.6627
    5558       1.6915
    5559       1.7332
    5560       1.7327
    5561       1.7750
    5562       1.7965
    5563       1.8778
    5564       1.7992
    5565       1.6577
    5566       1.7382
    5567       1.7025
    5568       1.8133
    5569       1.7943
    5570       1.9631
    5571       2.0294
    5572       2.0272
    5573       1.9697
    5574       1.9435
    5575       1.9389
    5576       1.7650
    5577       1.8219
    5578       1.9604
    5579       1.8961
    5580       1.8510
    5581       1.8661
    5582       1.9343
    5583       1.8711
    5584       2.0691
    5585       2.0139
    5586       1.8749
    5587       1.9136
    5588       1.8408
    5589       1.8536
    5590       1.8293
    5591       1.6354
    5592       1.8112
    5593       1.9423
    5594       1.8188
    5595       1.9231
    5596       2.0096
    5597       1.9452
    5598       1.9962
    5599       1.9554
    5600       2.0093
    5601       2.0454
    5602       2.1380
    5603       1.9732
    5604       1.9971
    5605       1.8906
    5606       1.8978
    5607       1.9652
    5608       1.8303
    5609       1.9790
    5610       1.8768
    5611       1.9585
    5612       1.7398
    5613       1.7002
    5614       1.8990
    5615       1.8209
    5616       1.9195
    5617       2.0228
    5618       1.9357
    5619       2.0349
    5620       1.7413
    5621       1.7600
    5622       1.7729
    5623       1.7841
    5624       1.6984
    5625       1.7505
    5626       1.8374
    5627       1.7523
    5628       1.8056
    5629       1.9506
    5630       1.8861
    5631       1.9119
    5632       1.8163
    5633       1.6781
    5634       1.7088
    5635       1.6840
    5636       1.9048
    5637       1.8245
    5638       1.8808
    5639       2.0457
    5640       1.9627
    5641       2.0492
    5642       2.0359
    5643       1.9824
    5644       2.0114
    5645       2.1174
    5646       2.1430
    5647       2.1950
    5648       2.0427
    5649       1.9614
    5650       1.9576
    5651       1.8145
    5652       1.6103
    5653       1.7971
    5654       1.6569
    5655       1.8016
    5656       1.8524
    5657       1.8612
    5658       1.7487
    5659       1.7228
    5660       1.7592
    5661       1.7754
    5662       1.7606
    5663       1.7597
    5664       1.6415
    5665       1.6403
    5666       1.6730
    5667       1.6654
    5668       1.6601
    5669       1.7167
    5670       1.5569
    5671       1.6876
    5672       1.8229
    5673       1.8089
    5674       1.7772
    5675       1.8447
    5676       1.9550
    5677       1.8361
    5678       1.8339
    5679       1.9277
    5680       1.9092
    5681       1.8007
    5682       1.7813
    5683       1.7808
    5684       1.7898
    5685       1.6045
    5686       1.7935
    5687       1.8931
    5688       1.7701
    5689       1.7920
    5690       1.8838
    5691       1.8410
    5692       1.8706
    5693       1.8455
    5694       1.6833
    5695       1.6737
    5696       1.5760
    5697       1.6688
    5698       1.6947
    5699       1.6573
    5700       1.5718
    5701       1.5558
    5702       1.6884
    5703       1.6666
    5704       1.7008
    5705       1.7092
    5706       1.7982
    5707       1.7038
    5708       1.7177
    5709       1.6940
    5710       1.8379
    5711       1.7634
    5712       1.8178
    5713       1.9132
    5714       2.0211
    5715       1.9725
    5716       1.8770
    5717       1.7672
    5718       1.7467
    5719       1.8198
    5720       1.8339
    5721       1.9474
    5722       1.9463
    5723       1.9551
    5724       1.9060
    5725       1.9811
    5726       1.9416
    5727       1.9252
    5728       1.8753
    5729       1.9340
    5730       2.0128
    5731       1.9444
    5732       2.0832
    5733       2.1088
    5734       2.0193
    5735       2.0490
    5736       2.0552
    5737       1.9505
    5738       1.9278
    5739       2.0559
    5740       2.0252
    5741       2.1119
    5742       2.1838
    5743       2.0855
    5744       2.0326
    5745       2.0217
    5746       1.8865
    5747       1.8112
    5748       1.7422
    5749       1.7148
    5750       1.6737
    5751       1.6898
    5752       1.4905
    5753       1.5799
    5754       1.6568
    5755       1.7244
    5756       1.6162
    5757       1.6244
    5758       1.7286
    5759       1.6094
    5760       1.6625
    5761       1.6652
    5762       1.8266
    5763       1.9380
    5764       1.8920
    5765       1.7814
    5766       1.8919
    5767       1.8796
    5768       1.9933
    5769       1.8794
    5770       1.8781
    5771       1.8587
    5772       1.8272
    5773       1.7827
    5774       1.8730
    5775       1.9410
    5776       2.0993
    5777       2.1078
    5778       2.2038
    5779       2.2694
    5780       2.0242
    5781       1.9517
    5782       2.1252
    5783       2.1001
    5784       2.3027
    5785       2.1440
    5786       2.0977
    5787       2.0796
    5788       2.1019
    5789       2.0889
    5790       2.1688
    5791       2.1898
    5792       2.3794
    5793       2.3497
    5794       2.3956
    5795       2.5078
    5796       2.2504
    5797       2.1308
    5798       2.1046
    5799       2.1082
    5800       2.0274
    5801       2.0882
    5802       2.1469
    5803       2.0556
    5804       2.2326
    5805       2.4667
    5806       2.3607
    5807       2.3063
    5808       2.2659
    5809       2.2973
    5810       2.2319
    5811       2.3531
    5812       2.2446
    5813       2.3386
    5814       2.4867
    5815       2.2430
    5816       2.4282
    5817       2.3244
    5818       2.2433
    5819       2.2323
    5820       2.0621
    5821       2.1757
    5822       2.0354
    5823       2.0341
    5824       2.0001
    5825       2.0449
    5826       1.9445
    5827       1.9071
    5828       1.7435
    5829       1.8158
    5830       1.9442
    5831       1.9635
    5832       2.0943
    5833       2.1668
    5834       2.1381
    5835       1.9836
    5836       2.0121
    5837       2.0640
    5838       2.0217
    5839       2.1358
    5840       1.9683
    5841       1.9804
    5842       1.9722
    5843       2.0329
    5844       2.1161
    5845       2.0026
    5846       2.0047
    5847       2.0945
    5848       2.1677
    5849       2.1994
    5850       2.2601
    5851       2.0420
    5852       2.2386
    5853       2.2305
    5854       2.3526
    5855       2.1863
    5856       2.3057
    5857       2.3650
    5858       2.2117
    5859       2.1132
    5860       2.1108
    5861       1.9556
    5862       2.1022
    5863       1.9384
    5864       2.0195
    5865       2.0940
    5866       2.0554
    5867       1.9776
    5868       2.0425
    5869       1.9933
    5870       1.8694
    5871       1.8931
    5872       1.8434
    5873       1.8715
    5874       1.9771
    5875       1.9654
    5876       2.0142
    5877       2.1464
    5878       2.1672
    5879       2.2506
    5880       2.1257
    5881       2.1110
    5882       2.1511
    5883       2.1274
    5884       2.1307
    5885       2.2251
    5886       2.2244
    5887       2.3707
    5888       2.3761
    5889       2.1078
    5890       2.1785
    5891       2.1528
    5892       2.1881
    5893       2.2605
    5894       2.0879
    5895       1.9111
    5896       2.3122
    5897       2.3228
    5898       2.3000
    5899       2.5736
    5900       2.4845
    5901       2.3904
    5902       2.3582
    5903       2.2945
    5904       2.2089
    5905       2.0704
    5906       2.2197
    5907       2.0896
    5908       2.0699
    5909       2.1843
    5910       2.2422
    5911       2.3452
    5912       2.0640
    5913       2.1809
    5914       2.1736
    5915       2.1958
    5916       2.2407
    5917       2.2146
    5918       2.3429
    5919       2.3111
    5920       2.1168
    5921       2.0337
    5922       2.1154
    5923       2.0677
    5924       2.0296
    5925       2.3441
    5926       2.1997
    5927       2.1873
    5928       2.0340
    5929       1.9661
    5930       2.0277
    5931       1.8822
    5932       1.9270
    5933       1.8407
    5934       1.7788
    5935       1.7085
    5936       1.7505
    5937       1.9164
    5938       1.9008
    5939       1.8264
    5940       2.0715
    5941       2.0211
    5942       1.9767
    5943       1.9637
    5944       2.1229
    5945       1.9419
    5946       1.8727
    5947       1.9172
    5948       1.9182
    5949       1.6263
    5950       1.6204
    5951       1.8422
    5952       1.8254
    5953       1.9407
    5954       1.8580
    5955       1.8321
    5956       1.5843
    5957       1.6795
    5958       1.9681
    5959       1.8014
    5960       1.7442
    5961       1.7252
    5962       1.6989
    5963       1.6491
    5964       1.6128
    5965       1.5822
    5966       1.6440
    5967       1.7357
    5968       1.6731
    5969       1.6253
    5970       1.6027
    5971       1.5204
    5972       1.6298
    5973       1.6991
    5974       1.7143
    5975       1.6954
    5976       1.6227
    5977       1.7484
    5978       1.8490
    5979       2.0168
    5980       1.8380
    5981       1.6918
    5982       1.6678
    5983       1.7465
    5984       1.6103
    5985       1.6345
    5986       1.6545
    5987       1.6262
    5988       1.6218
    5989       1.6201
    5990       1.6249
    5991       1.8262
    5992       1.7142
    5993       1.7130
    5994       1.7594
    5995       1.7747
    5996       1.6545
    5997       1.6330
    5998       1.6500
    5999       1.6635
    6000       1.8045
    6001       1.9054
    6002       1.8083
    6003       1.8158
    6004       1.7140
    6005       1.7618
    6006       1.8271
    6007       1.6042
    6008       1.6159
    6009       1.5664
    6010       1.4988
    6011       1.5129
    6012       1.5353
    6013       1.6563
    6014       1.5578
    6015       1.5591
    6016       1.6053
    6017       1.7884
    6018       1.8020
    6019       1.8034
    6020       1.6739
    6021       1.7996
    6022       1.8147
    6023       1.7578
    6024       1.9194
    6025       2.0278
    6026       1.9194
    6027       2.0366
    6028       1.9478
    6029       2.0160
    6030       1.9170
    6031       1.7929
    6032       1.7919
    6033       1.8234
    6034       1.7149
    6035       1.7080
    6036       1.7330
    6037       1.7791
    6038       1.8918
    6039       1.8412
    6040       1.7940
    6041       1.8016
    6042       1.7369
    6043       1.6647
    6044       1.6613
    6045       1.6350
    6046       1.6335
    6047       1.8267
    6048       1.9466
    6049       2.0143
    6050       2.0312
    6051       1.9677
    6052       1.9920
    6053       1.9922
    6054       1.7892
    6055       1.8429
    6056       1.8460
    6057       1.7617
    6058       1.9080
    6059       1.7064
    6060       1.7149
    6061       1.6642
    6062       1.6972
    6063       1.5931
    6064       1.7611
    6065       1.6936
    6066       1.7099
    6067       1.8027
    6068       1.6967
    6069       1.8144
    6070       1.9133
    6071       1.9095
    6072       1.8166
    6073       1.8240
    6074       1.7621
    6075       1.7750
    6076       1.9418
    6077       1.8591
    6078       1.8125
    6079       1.7701
    6080       1.8015
    6081       1.7690
    6082       1.8713
    6083       1.7749
    6084       1.8776
    6085       1.6936
    6086       1.7432
    6087       1.6616
    6088       1.7042
    6089       1.6718
    6090       1.7977
    6091       1.7945
    6092       1.8669
    6093       1.7839
    6094       1.9267
    6095       1.8885
    6096       1.9820
    6097       1.9811
    6098       1.8811
    6099       1.8818
    6100       1.8985
    6101       1.8574
    6102       1.7957
    6103       1.5912
    6104       1.7332
    6105       1.6375
    6106       1.6663
    6107       1.7428
    6108       1.6323
    6109       1.7537
    6110       1.8217
    6111       1.8399
    6112       1.7438
    6113       1.8451
    6114       1.9049
    6115       2.0045
    6116       1.9978
    6117       2.0199
    6118       1.8901
    6119       1.9086
    6120       1.7878
    6121       1.6748
    6122       1.7804
    6123       1.6520
    6124       1.7933
    6125       1.9488
    6126       2.1461
    6127       2.1841
    6128       2.0720
    6129       2.1091
    6130       2.0070
    6131       1.7200
    6132       1.8773
    6133       1.9173
    6134       1.7940
    6135       2.0461
    6136       1.7073
    6137       1.7124
    6138       1.8676
    6139       1.9101
    6140       1.9613
    6141       1.9275
    6142       1.8432
    6143       1.8260
    6144       1.6436
    6145       1.6860
    6146       1.7999
    6147       1.7189
    6148       1.5947
    6149       1.5921
    6150       1.5380
    6151       1.5752
    6152       1.6597
    6153       1.8595
    6154       1.7432
    6155       1.9929
    6156       1.8878
    6157       1.7517
    6158       1.8536
    6159       1.7845
    6160       1.9069
    6161       1.8699
    6162       1.8224
    6163       1.9060
    6164       1.9461
    6165       1.8411
    6166       1.6627
    6167       1.6883
    6168       1.6757
    6169       1.8820
    6170       1.8083
    6171       1.7256
    6172       1.6950
    6173       1.8071
    6174       1.9348
    6175       1.9125
    6176       1.9718
    6177       1.7453
    6178       1.8261
    6179       1.9470
    6180       1.8223
    6181       1.8249
    6182       1.7532
    6183       1.6599
    6184       1.8080
    6185       1.6797
    6186       1.7916
    6187       1.7070
    6188       1.7484
    6189       1.9138
    6190       1.9714
    6191       1.8790
    6192       1.7787
    6193       1.5555
    6194       1.5372
    6195       1.7016
    6196       1.9495
    6197       1.8479
    6198       1.7343
    6199       1.7690
    6200       1.6696
    6201       1.6789
    6202       1.6604
    6203       1.6778
    6204       1.9697
    6205       1.8262
    6206       1.9629
    6207       1.8808
    6208       1.9898
    6209       1.9331
    6210       1.9315
    6211       1.9999
    6212       1.9057
    6213       1.9856
    6214       1.9768
    6215       1.9883
    6216       1.9873
    6217       2.0897
    6218       1.9316
    6219       1.8363
    6220       1.8420
    6221       1.9560
    6222       1.8366
    6223       1.8015
    6224       1.8110
    6225       1.6761
    6226       1.7086
    6227       1.8357
    6228       1.6629
    6229       1.5616
    6230       1.6299
    6231       1.7093
    6232       1.6790
    6233       1.5997
    6234       1.8362
    6235       1.7960
    6236       1.8280
    6237       1.7028
    6238       1.6998
    6239       1.6330
    6240       1.5937
    6241       1.7324
    6242       1.5970
    6243       1.8095
    6244       1.7851
    6245       1.5649
    6246       1.5566
    6247       1.4759
    6248       1.5444
    6249       1.5367
    6250       1.6228
    6251       1.7778
    6252       1.7766
    6253       1.6555
    6254       1.7557
    6255       1.6839
    6256       1.6194
    6257       1.8245
    6258       1.7289
    6259       1.7393
    6260       1.7732
    6261       1.8339
    6262       1.6806
    6263       1.6569
    6264       1.6511
    6265       1.6028
    6266       1.5471
    6267       1.6966
    6268       1.7573
    6269       1.7916
    6270       1.7784
    6271       1.6591
    6272       1.6879
    6273       1.5445
    6274       1.7047
    6275       1.7073
    6276       1.5942
    6277       1.7192
    6278       1.6437
    6279       1.5688
    6280       1.6860
    6281       1.7997
    6282       1.6622
    6283       1.5437
    6284       1.6277
    6285       1.5837
    6286       1.6083
    6287       1.6356
    6288       1.6689
    6289       1.5587
    6290       1.4908
    6291       1.4288
    6292       1.5475
    6293       1.3577
    6294       1.3942
    6295       1.4376
    6296       1.3882
    6297       1.3766
    6298       1.4702
    6299       1.4917
    6300       1.4648
    6301       1.4290
    6302       1.4735
    6303       1.5128
    6304       1.4778
    6305       1.4290
    6306       1.4897
    6307       1.4295
    6308       1.4289
    6309       1.3482
    6310       1.4228
    6311       1.3883
    6312       1.6182
    6313       1.5001
    6314       1.5204
    6315       1.4768
    6316       1.5433
    6317       1.5206
    6318       1.4713
    6319       1.4859
    6320       1.6396
    6321       1.5545
    6322       1.5593
    6323       1.7361
    6324       1.6223
    6325       1.6428
    6326       1.8476
    6327       1.7824
    6328       1.5942
    6329       1.5054
    6330       1.5119
    6331       1.6850
    6332       1.6081
    6333       1.4704
    6334       1.4640
    6335       1.3962
    6336       1.4375
    6337       1.5825
    6338       1.5023
    6339       1.4345
    6340       1.4778
    6341       1.3761
    6342       1.3664
    6343       1.4750
    6344       1.4568
    6345       1.4771
    6346       1.4174
    6347       1.5067
    6348       1.4408
    6349       1.4294
    6350       1.3793
    6351       1.4592
    6352       1.5773
    6353       1.5730
    6354       1.5324
    6355       1.6156
    6356       1.6621
    6357       1.7908
    6358       1.7158
    6359       1.7993
    6360       1.9960
    6361       1.9437
    6362       2.0196
    6363       2.1380
    6364       1.9763
    6365       1.9972
    6366       1.8547
    6367       1.7560
    6368       1.7013
    6369       1.7886
    6370       1.7316
    6371       1.8204
    6372       1.6698
    6373       1.6145
    6374       1.6282
    6375       1.6540
    6376       1.7732
    6377       1.8398
    6378       1.7306
    6379       2.1406
    6380       2.0543
    6381       1.9868
    6382       2.0306
    6383       1.9458
    6384       1.8068
    6385       1.7613
    6386       1.7729
    6387       1.7593
    6388       1.7374
    6389       1.6784
    6390       1.6936
    6391       1.4882
    6392       1.5259
    6393       1.7174
    6394       1.6550
    6395       1.6752
    6396       1.7449
    6397       1.6651
    6398       1.6229
    6399       1.7020
    6400       1.8262
    6401       1.8177
    6402       1.7987
    6403       1.7985
    6404       1.7756
    6405       1.6247
    6406       1.7573
    6407       1.9133
    6408       1.9652
    6409       2.0201
    6410       1.9007
    6411       1.6699
    6412       1.8226
    6413       1.7362
    6414       1.6549
    6415       1.6146
    6416       1.5827
    6417       1.5149
    6418       1.4414
    6419       1.5902
    6420       1.5723
    6421       1.6100
    6422       1.6985
    6423       1.9772
    6424       1.8509
    6425       1.8553
    6426       1.8447
    6427       1.8160
    6428       1.8331
    6429       1.8513
    6430       1.8963
    6431       1.7932
    6432       1.7540
    6433       1.6380
    6434       1.6653
    6435       1.6391
    6436       1.5958
    6437       1.5472
    6438       1.5826
    6439       1.6711
    6440       1.6720
    6441       1.6649
    6442       1.5964
    6443       1.5595
    6444       1.5611
    6445       1.6567
    6446       1.6276
    6447       1.6840
    6448       1.6611
    6449       1.6140
    6450       1.6756
    6451       1.7268
    6452       1.5976
    6453       1.4325
    6454       1.4191
    6455       1.5039
    6456       1.4166
    6457       1.4651
    6458       1.5558
    6459       1.4527
    6460       1.4851
    6461       1.4239
    6462       1.5078
    6463       1.4660
    6464       1.4302
    6465       1.5182
    6466       1.5718
    6467       1.3801
    6468       1.3596
    6469       1.4115
    6470       1.5198
    6471       1.4018
    6472       1.4082
    6473       1.4550
    6474       1.5583
    6475       1.5059
    6476       1.5297
    6477       1.5200
    6478       1.5089
    6479       1.4967
    6480       1.5439
    6481       1.4652
    6482       1.4677
    6483       1.4500
    6484       1.4962
    6485       1.6389
    6486       1.7181
    6487       1.7290
    6488       1.6897
    6489       1.6032
    6490       1.6130
    6491       1.6036
    6492       1.5647
    6493       1.6205
    6494       1.5249
    6495       1.5551
    6496       1.6140
    6497       1.5692
    6498       1.4704
    6499       1.5775
    6500       1.7242
    6501       1.6610
    6502       1.6198
    6503       1.7161
    6504       1.5589
    6505       1.6271
    6506       1.5624
    6507       1.5149
    6508       1.4312
    6509       1.4466
    6510       1.4452
    6511       1.3500
    6512       1.4450
    6513       1.3895
    6514       1.5070
    6515       1.5856
    6516       1.5419
    6517       1.5222
    6518       1.5475
    6519       1.6081
    6520       1.5617
    6521       1.5513
    6522       1.6525
    6523       1.5496
    6524       1.5762
    6525       1.5233
    6526       1.5448
    6527       1.4996
    6528       1.6526
    6529       1.5494
    6530       1.5807
    6531       1.6471
    6532       1.5906
    6533       1.7010
    6534       1.6555
    6535       1.6500
    6536       1.5968
    6537       1.4919
    6538       1.4545
    6539       1.5622
    6540       1.4695
    6541       1.4233
    6542       1.4654
    6543       1.5373
    6544       1.4065
    6545       1.5254
    6546       1.6625
    6547       1.7159
    6548       1.7123
    6549       1.6844
    6550       1.7148
    6551       1.6866
    6552       1.6014
    6553       1.5104
    6554       1.6607
    6555       1.6385
    6556       1.6121
    6557       1.6047
    6558       1.5714
    6559       1.6808
    6560       1.8852
    6561       1.8105
    6562       1.9597
    6563       1.9217
    6564       2.0901
    6565       1.8311
    6566       1.6819
    6567       1.6526
    6568       1.7237
    6569       1.6543
    6570       1.7301
    6571       1.6342
    6572       1.6673
    6573       1.6480
    6574       1.6720
    6575       1.8942
    6576       1.7563
    6577       1.6746
    6578       1.6809
    6579       1.8624
    6580       1.8729
    6581       1.6619
    6582       1.8162
    6583       1.7218
    6584       1.8220
    6585       1.6014
    6586       1.7815
    6587       1.6686
    6588       1.6161
    6589       1.6558
    6590       1.6149
    6591       1.6776
    6592       1.7704
    6593       1.7700
    6594       1.7637
    6595       1.6689
    6596       1.7374
    6597       1.8208
    6598       1.7366
    6599       1.6289
    6600       1.6499
    6601       1.6917
    6602       1.6335
    6603       1.6898
    6604       1.6469
    6605       1.7509
    6606       1.6955
    6607       1.7708
    6608       1.6423
    6609       1.6209
    6610       1.5409
    6611       1.5774
    6612       1.4189
    6613       1.4312
    6614       1.4319
    6615       1.4349
    6616       1.3451
    6617       1.4501
    6618       1.4634
    6619       1.4582
    6620       1.4494
    6621       1.4875
    6622       1.3908
    6623       1.3683
    6624       1.4547
    6625       1.5095
    6626       1.4489
    6627       1.4092
    6628       1.4724
    6629       1.4796
    6630       1.6415
    6631       1.5929
    6632       1.6056
    6633       1.6579
    6634       1.6837
    6635       1.6269
    6636       1.6747
    6637       1.6833
    6638       1.8098
    6639       1.8870
    6640       1.8012
    6641       1.6068
    6642       1.5598
    6643       1.6525
    6644       1.6935
    6645       1.5438
    6646       1.6468
    6647       1.7544
    6648       1.6173
    6649       1.4574
    6650       1.6800
    6651       1.6725
    6652       1.6360
    6653       1.6986
    6654       1.6049
    6655       1.6824
    6656       1.5859
    6657       1.7785
    6658       1.6493
    6659       1.7609
    6660       1.6254
    6661       1.5936
    6662       1.5128
    6663       1.4174
    6664       1.5378
    6665       1.6210
    6666       1.6046
    6667       1.4947
    6668       1.8348
    6669       1.8249
    6670       1.8244
    6671       1.8570
    6672       1.8075
    6673       1.9052
    6674       1.9778
    6675       1.8591
    6676       1.8876
    6677       1.9190
    6678       1.9730
    6679       2.0891
    6680       2.0333
    6681       2.0844
    6682       2.0936
    6683       2.1990
    6684       2.1428
    6685       2.0486
    6686       2.0164
    6687       1.9573
    6688       1.9296
    6689       1.8120
    6690       1.6786
    6691       1.7865
    6692       1.8261
    6693       1.9099
    6694       1.8553
    6695       1.9107
    6696       1.8753
    6697       1.9033
    6698       1.8161
    6699       1.8138
    6700       1.8361
    6701       1.8432
    6702       1.7994
    6703       1.7572
    6704       1.6735
    6705       1.7751
    6706       1.8532
    6707       1.7609
    6708       1.7756
    6709       1.6752
    6710       1.5855
    6711       1.5960
    6712       1.6692
    6713       1.6497
    6714       1.4952
    6715       1.6411
    6716       1.7142
    6717       1.7193
    6718       1.7160
    6719       1.7188
    6720       1.8227
    6721       1.8073
    6722       1.8500
    6723       1.8756
    6724       1.8220
    6725       1.8260
    6726       1.8118
    6727       1.6656
    6728       1.6513
    6729       1.7037
    6730       1.8908
    6731       1.9970
    6732       1.8669
    6733       1.7090
    6734       1.6771
    6735       1.6669
    6736       1.7984
    6737       1.6572
    6738       1.7606
    6739       1.6513
    6740       1.7248
    6741       1.7351
    6742       1.8834
    6743       1.8642
    6744       1.8886
    6745       1.7383
    6746       1.8511
    6747       1.9026
    6748       1.8621
    6749       1.7829
    6750       1.7645
    6751       1.7662
    6752       2.0159
    6753       2.0186
    6754       1.9585
    6755       2.2424
    6756       2.1362
    6757       2.1477
    6758       2.1338
    6759       2.2205
    6760       2.2810
    6761       2.0781
    6762       2.1831
    6763       2.3583
    6764       2.3508
    6765       2.3874
    6766       2.2411
    6767       2.4120
    6768       2.3971
    6769       2.3280
    6770       2.3889
    6771       2.2498
    6772       2.1742
    6773       2.2725
    6774       2.3382
    6775       2.2575
    6776       2.2546
    6777       2.2866
    6778       2.0930
    6779       2.1237
    6780       2.0503
    6781       2.1443
    6782       2.0226
    6783       1.9858
    6784       2.0159
    6785       2.1839
    6786       2.0960
    6787       2.1616
    6788       2.1469
    6789       2.0795
    6790       2.1577
    6791       2.2322
    6792       2.2395
    6793       2.1885
    6794       2.1642
    6795       1.9639
    6796       1.9585
    6797       1.9943
    6798       1.9860
    6799       2.0020
    6800       2.0317
    6801       1.9834
    6802       1.9819
    6803       1.8663
    6804       1.9458
    6805       1.7983
    6806       1.6826
    6807       1.8757
    6808       1.9178
    6809       1.9687
    6810       1.9085
    6811       2.0714
    6812       2.0518
    6813       2.0625
    6814       2.0712
    6815       1.9130
    6816       1.8474
    6817       1.9600
    6818       2.0721
    6819       2.0645
    6820       2.0257
    6821       1.9713
    6822       2.1985
    6823       2.1543
    6824       2.0555
    6825       2.1561
    6826       2.1378
    6827       2.0338
    6828       1.9483
    6829       2.1910
    6830       2.1231
    6831       2.0427
    6832       2.0627
    6833       2.0294
    6834       1.9337
    6835       1.8330
    6836       1.9203
    6837       2.1933
    6838       2.0343
    6839       2.0411
    6840       1.9295
    6841       1.9356
    6842       2.0743
    6843       2.0776
    6844       2.0604
    6845       2.1122
    6846       1.8875
    6847       1.9281
    6848       1.9604
    6849       1.9174
    6850       1.9268
    6851       1.9308
    6852       1.7897
    6853       1.8974
    6854       1.8362
    6855       1.8616
    6856       1.8393
    6857       1.8631
    6858       1.9416
    6859       1.9750
    6860       1.8318
    6861       1.8184
    6862       1.8320
    6863       1.9590
    6864       1.9600
    6865       1.8687
    6866       1.9201
    6867       2.1183
    6868       1.9513
    6869       1.9379
    6870       1.9354
    6871       1.9299
    6872       1.8463
    6873       1.9092
    6874       2.0360
    6875       1.9959
    6876       1.8565
    6877       1.9449
    6878       1.7975
    6879       1.8116
    6880       1.7374
    6881       1.9357
    6882       1.8921
    6883       1.8486
    6884       1.9675
    6885       2.0959
    6886       1.9747
    6887       1.9794
    6888       1.9186
    6889       1.8507
    6890       1.7575
    6891       1.8772
    6892       1.8729
    6893       1.8948
    6894       1.8629
    6895       1.9586
    6896       1.9323
    6897       1.9971
    6898       1.9013
    6899       1.7820
    6900       1.8058
    6901       1.9522
    6902       1.9428
    6903       1.7761
    6904       1.7367
    6905       1.6902
    6906       1.8781
    6907       1.8877
    6908       1.7487
    6909       1.7784
    6910       1.8601
    6911       1.8025
    6912       1.6661
    6913       1.7247
    6914       1.7873
    6915       1.8172
    6916       1.9396
    6917       1.7566
    6918       1.8571
    6919       1.8701
    6920       1.9161
    6921       1.9229
    6922       1.9360
    6923       1.8635
    6924       1.8358
    6925       1.9705
    6926       1.8391
    6927       1.7799
    6928       1.7207
    6929       1.6749
    6930       1.6843
    6931       1.7687
    6932       1.6919
    6933       1.6577
    6934       1.7123
    6935       1.7144
    6936       1.8198
    6937       1.8130
    6938       1.8848
    6939       1.9331
    6940       1.9405
    6941       1.9663
    6942       1.8989
    6943       1.8966
    6944       1.9233
    6945       1.9213
    6946       1.9998
    6947       1.7924
    6948       1.9238
    6949       2.0412
    6950       1.7985
    6951       1.7514
    6952       1.8134
    6953       1.9442
    6954       1.9196
    6955       1.9040
    6956       1.8517
    6957       1.8073
    6958       1.9084
    6959       1.8193
    6960       1.8939
    6961       1.7947
    6962       1.7159
    6963       1.9315
    6964       1.9113
    6965       1.8130
    6966       1.9146
    6967       1.9385
    6968       1.8708
    6969       1.7843
    6970       1.8597
    6971       1.9591
    6972       1.8540
    6973       1.9674
    6974       2.0944
    6975       2.1123
    6976       1.8937
    6977       1.8885
    6978       1.8107
    6979       1.8091
    6980       1.6657
    6981       1.7056
    6982       1.7741
    6983       1.7130
    6984       2.0126
    6985       2.0136
    6986       1.8485
    6987       1.7567
    6988       1.8083
    6989       1.7258
    6990       1.6110
    6991       1.6001
    6992       1.5830
    6993       1.7178
    6994       1.7482
    6995       1.7095
    6996       1.5968
    6997       1.6938
    6998       1.7741
    6999       1.6612
    7000       1.7451
    7001       1.7636
    7002       1.8939
    7003       1.9237
    7004       1.7245
    7005       1.7900
    7006       1.9224
    7007       1.8942
    7008       1.8205
    7009       1.9864
    7010       2.0658
    7011       1.9517
    7012       1.9579
    7013       1.9285
    7014       2.0743
    7015       1.9799
    7016       1.8278
    7017       1.7612
    7018       2.0392
    7019       1.9672
    7020       1.9692
    7021       2.0561
    7022       2.1293
    7023       2.1473
    7024       2.2583
    7025       2.2021
    7026       2.3747
    7027       2.3306
    7028       2.4078
    7029       2.2892
    7030       2.2821
    7031       2.2305
    7032       2.2390
    7033       2.1286
    7034       2.2305
    7035       1.8035
    7036       1.8541
    7037       1.9219
    7038       1.8907
    7039       1.8235
    7040       1.7728
    7041       1.8523
    7042       1.8075
    7043       1.8816
    7044       1.9826
    7045       1.9709
    7046       2.1468
    7047       2.2226
    7048       2.2435
    7049       2.3063
    7050       2.2372
    7051       2.4094
    7052       2.4777
    7053       2.3145
    7054       2.3321
    7055       2.2183
    7056       2.2650
    7057       2.3114
    7058       2.1370
    7059       2.2159
    7060       1.9916
    7061       1.8209
    7062       2.0929
    7063       2.0569
    7064       1.9623
    7065       1.9705
    7066       1.9888
    7067       1.9505
    7068       1.7915
    7069       1.7620
    7070       1.7078
    7071       1.7214
    7072       1.6969
    7073       1.5480
    7074       1.6150
    7075       1.7256
    7076       1.6222
    7077       1.5592
    7078       1.6116
    7079       1.4914
    7080       1.7025
    7081       1.7089
    7082       1.7072
    7083       1.6883
    7084       1.6011
    7085       1.5299
    7086       1.5044
    7087       1.5046
    7088       1.4571
    7089       1.4923
    7090       1.5745
    7091       1.7029
    7092       1.6445
    7093       1.5858
    7094       1.6630
    7095       1.7250
    7096       1.7108
    7097       1.6835
    7098       1.7384
    7099       1.7879
    7100       1.7763
    7101       1.8165
    7102       1.9560
    7103       2.0653
    7104       1.9884
    7105       1.8615
    7106       2.0245
    7107       2.1314
    7108       2.2006
    7109       2.1644
    7110       2.1208
    7111       2.1034
    7112       2.0257
    7113       2.0046
    7114       1.9859
    7115       1.9450
    7116       2.0144
    7117       1.8710
    7118       1.7860
    7119       1.8240
    7120       1.8840
    7121       1.9337
    7122       1.8953
    7123       2.0011
    7124       2.0344
    7125       2.0710
    7126       2.0259
    7127       1.9481
    7128       2.1194
    7129       2.0598
    7130       2.0759
    7131       2.1103
    7132       2.0596
    7133       1.9190
    7134       1.9453
    7135       1.9278
    7136       2.1591
    7137       1.9646
    7138       1.8901
    7139       2.0075
    7140       1.9414
    7141       1.9996
    7142       2.0639
    7143       1.9383
    7144       2.0506
    7145       1.9234
    7146       2.0145
    7147       1.8469
    7148       1.9765
    7149       1.8979
    7150       1.9009
    7151       1.9272
    7152       1.9275
    7153       1.6792
    7154       1.8357
    7155       1.7611
    7156       1.6718
    7157       1.7190
    7158       1.8783
    7159       1.7405
    7160       1.6098
    7161       1.6307
    7162       1.6512
    7163       1.5792
    7164       1.6885
    7165       1.7798
    7166       1.7744
    7167       1.6942
    7168       1.7673
    7169       1.7785
    7170       1.8340
    7171       1.8443
    7172       1.6938
    7173       1.7081
    7174       1.7866
    7175       1.8536
    7176       1.8701
    7177       1.7577
    7178       1.7934
    7179       1.9182
    7180       1.8530
    7181       1.8052
    7182       1.7461
    7183       1.5641
    7184       1.6056
    7185       1.5521
    7186       1.5591
    7187       1.5612
    7188       1.5521
    7189       1.5490
    7190       1.5542
    7191       1.5116
    7192       1.6169
    7193       1.4849
    7194       1.6433
    7195       1.6835
    7196       1.5757
    7197       1.5887
    7198       1.6173
    7199       1.7048
    7200       1.6605
    7201       1.7839
    7202       1.6991
    7203       1.6377
    7204       1.6597
    7205       1.6757
    7206       1.6246
    7207       1.5978
    7208       1.5775
    7209       1.6914
    7210       1.5276
    7211       1.5251
    7212       1.5117
    7213       1.6353
    7214       1.6274
    7215       1.4808
    7216       1.5628
    7217       1.5522
    7218       1.6425
    7219       1.5436
    7220       1.6274
    7221       1.5458
    7222       1.5477
    7223       1.5758
    7224       1.6662
    7225       1.5980
    7226       1.5315
    7227       1.6046
    7228       1.4710
    7229       1.6096
    7230       1.6961
    7231       1.6990
    7232       1.7402
    7233       1.9306
    7234       1.8293
    7235       1.8558
    7236       1.8703
    7237       1.8805
    7238       1.8924
    7239       1.8755
    7240       1.8538
    7241       1.9235
    7242       1.8426
    7243       1.7506
    7244       1.7282
    7245       1.7000
    7246       1.5734
    7247       1.7612
    7248       1.8092
    7249       1.8963
    7250       1.9025
    7251       1.8868
    7252       1.7620
    7253       1.6876
    7254       1.6211
    7255       1.7380
    7256       1.7619
    7257       1.8021
    7258       1.6995
    7259       1.7238
    7260       1.6624
    7261       1.6205
    7262       1.8078
    7263       1.7321
    7264       1.6095
    7265       1.5555
    7266       1.5734
    7267       1.5220
    7268       1.6333
    7269       1.6119
    7270       1.7055
    7271       1.5942
    7272       1.5490
    7273       1.6608
    7274       1.5696
    7275       1.5744
    7276       1.5242
    7277       1.5698
    7278       1.6006
    7279       1.6945
    7280       1.6503
    7281       1.6125
    7282       1.8193
    7283       1.8630
    7284       1.8906
    7285       1.7889
    7286       1.8727
    7287       1.7889
    7288       1.5518
    7289       1.7434
    7290       1.6597
    7291       1.6822
    7292       1.6736
    7293       1.7919
    7294       1.7041
    7295       1.6129
    7296       1.6403
    7297       1.6418
    7298       1.6224
    7299       1.6596
    7300       1.5684
    7301       1.5966
    7302       1.4826
    7303       1.4382
    7304       1.3554
    7305       1.4346
    7306       1.4272
    7307       1.3734
    7308       1.2957
    7309       1.5217
    7310       1.5061
    7311       1.5148
    7312       1.4971
    7313       1.4582
    7314       1.5481
    7315       1.6146
    7316       1.6776
    7317       1.6720
    7318       1.6572
    7319       1.6407
    7320       1.5860
    7321       1.6264
    7322       1.7133
    7323       1.7218
    7324       1.7130
    7325       1.7663
    7326       1.7084
    7327       1.8281
    7328       1.8679
    7329       1.6726
    7330       1.5312
    7331       1.6292
    7332       1.6615
    7333       1.7501
    7334       1.6323
    7335       1.5735
    7336       1.7736
    7337       1.5660
    7338       1.5538
    7339       1.6329
    7340       1.6808
    7341       1.6486
    7342       1.7512
    7343       1.8333
    7344       1.9910
    7345       2.0527
    7346       1.8872
    7347       1.8170
    7348       1.8290
    7349       1.7453
    7350       1.7281
    7351       1.8566
    7352       1.8517
    7353       1.8319
    7354       1.7572
    7355       1.7264
    7356       1.8605
    7357       1.9264
    7358       2.0216
    7359       1.9676
    7360       2.0657
    7361       2.0800
    7362       2.0883
    7363       1.9629
    7364       1.9483
    7365       2.0882
    7366       2.0438
    7367       2.2744
    7368       1.8889
    7369       2.0031
    7370       2.0858
    7371       2.1588
    7372       2.0599
    7373       2.2218
    7374       2.1245
    7375       2.2205
    7376       2.1635
    7377       2.3062
    7378       2.2308
    7379       2.4122
    7380       2.1663
    7381       2.1076
    7382       1.9985
    7383       1.9276
    7384       2.1311
    7385       2.0414
    7386       1.9602
    7387       1.7054
    7388       1.6841
    7389       1.6435
    7390       1.7355
    7391       1.7753
    7392       1.7924
    7393       1.7937
    7394       1.7389
    7395       1.7756
    7396       1.8616
    7397       1.7947
    7398       1.6941
    7399       1.7274
    7400       1.6442
    7401       1.7762
    7402       1.7378
    7403       1.7975
    7404       1.8427
    7405       1.7693
    7406       1.7507
    7407       1.8489
    7408       1.7345
    7409       1.8111
    7410       1.9278
    7411       1.8344
    7412       1.8007
    7413       1.6785
    7414       1.7559
    7415       1.8429
    7416       1.6702
    7417       1.7166
    7418       1.7247
    7419       1.6662
    7420       1.6630
    7421       1.6335
    7422       1.7537
    7423       1.7153
    7424       1.5352
    7425       1.7253
    7426       1.8975
    7427       1.8196
    7428       1.7273
    7429       1.7684
    7430       1.7409
    7431       1.8039
    7432       1.9114
    7433       1.8442
    7434       1.9493
    7435       1.8134
    7436       1.7344
    7437       1.6596
    7438       1.6484
    7439       1.6625
    7440       1.7143
    7441       1.6020
    7442       1.5765
    7443       1.4843
    7444       1.4162
    7445       1.4783
    7446       1.4578
    7447       1.4795
    7448       1.6206
    7449       1.6936
    7450       1.6076
    7451       1.6978
    7452       1.6694
    7453       1.6190
    7454       1.6481
    7455       1.5915
    7456       1.6719
    7457       1.6785
    7458       1.7182
    7459       1.5019
    7460       1.6035
    7461       1.6846
    7462       1.5690
    7463       1.5927
    7464       1.5271
    7465       1.4538
    7466       1.5608
    7467       1.4475
    7468       1.4681
    7469       1.4742
    7470       1.5272
    7471       1.6383
    7472       1.7405
    7473       1.7886
    7474       1.8042
    7475       1.7679
    7476       1.7775
    7477       1.6908
    7478       1.7907
    7479       1.7265
    7480       1.7662
    7481       1.6413
    7482       1.8167
    7483       1.7339
    7484       1.7246
    7485       1.7923
    7486       1.7891
    7487       1.8048
    7488       1.9046
    7489       1.7420
    7490       1.7214
    7491       1.7385
    7492       1.7838
    7493       1.8408
    7494       1.9458
    7495       1.9783
    7496       1.8335
    7497       2.0369
    7498       1.8512
    7499       1.7838
    7500       1.8824
    7501       1.7671
    7502       1.7962
    7503       1.8151
    7504       1.8140
    7505       1.7741
    7506       1.7716
    7507       1.8480
    7508       1.7364
    7509       1.7911
    7510       1.8038
    7511       1.7520
    7512       1.6950
    7513       1.7384
    7514       1.6189
    7515       1.6320
    7516       1.8506
    7517       1.7399
    7518       1.8963
    7519       1.8002
    7520       1.9353
    7521       1.8121
    7522       1.8277
    7523       1.8856
    7524       1.8928
    7525       2.0067
    7526       1.9701
    7527       1.9754
    7528       2.1849
    7529       1.9878
    7530       1.8289
    7531       1.7823
    7532       1.9396
    7533       2.1474
    7534       2.2208
    7535       2.2804
    7536       2.2123
    7537       2.2912
    7538       2.5059
    7539       2.4016
    7540       2.2224
    7541       2.2487
    7542       2.3673
    7543       2.2012
    7544       1.9811
    7545       1.8935
    7546       1.9734
    7547       2.0332
    7548       2.1250
    7549       2.0986
    7550       2.0254
    7551       1.9988
    7552       1.8063
    7553       1.9513
    7554       2.1178
    7555       1.9872
    7556       2.0989
    7557       1.9555
    7558       1.8714
    7559       1.8390
    7560       1.8303
    7561       1.9109
    7562       1.7668
    7563       1.8548
    7564       1.8180
    7565       1.8487
    7566       1.8687
    7567       2.0175
    7568       2.0635
    7569       2.2177
    7570       2.2050
    7571       2.3542
    7572       2.3450
    7573       2.4134
    7574       2.3276
    7575       2.2424
    7576       2.2710
    7577       2.2358
    7578       2.4648
    7579       2.5448
    7580       2.2963
    7581       2.1315
    7582       2.1264
    7583       2.0594
    7584       1.8687
    7585       2.0458
    7586       1.8343
    7587       1.7781
    7588       1.8253
    7589       1.9213
    7590       2.0034
    7591       1.8027
    7592       1.9516
    7593       1.9034
    7594       2.2361
    7595       2.1438
    7596       2.2726
    7597       2.3082
    7598       2.4091
    7599       2.3440
    7600       2.2847
    7601       2.2474
    7602       2.2416
    7603       2.5165
    7604       2.4715
    7605       2.5058
    7606       2.5851
    7607       2.3105
    7608       2.3688
    7609       2.1850
    7610       2.3709
    7611       2.2743
    7612       2.2386
    7613       2.1290
    7614       2.1665
    7615       2.0543
    7616       2.0976
    7617       2.0642
    7618       2.0112
    7619       1.8341
    7620       2.1339
    7621       2.1099
    7622       2.1368
    7623       2.0509
    7624       1.9560
    7625       1.8540
    7626       2.1157
    7627       2.3361
    7628       2.3449
    7629       2.0676
    7630       1.9875
    7631       1.9086
    7632       2.0396
    7633       2.0250
    7634       2.1279
    7635       2.2754
    7636       2.1894
    7637       2.2249
    7638       2.2299
    7639       2.2608
    7640       2.3272
    7641       2.2010
    7642       2.0211
    7643       2.1559
    7644       2.0831
    7645       2.2093
    7646       2.3781
    7647       2.3698
    7648       2.3603
    7649       2.3571
    7650       2.1747
    7651       2.2504
    7652       2.4476
    7653       2.3069
    7654       2.3776
    7655       2.3313
    7656       2.2669
    7657       2.2460
    7658       2.4041
    7659       2.3226
    7660       2.2577
    7661       2.3430
    7662       2.3496
    7663       2.3195
    7664       2.1101
    7665       2.0633
    7666       2.1177
    7667       1.8676
    7668       1.8331
    7669       1.9062
    7670       1.8151
    7671       2.0540
    7672       2.1358
    7673       2.3019
    7674       2.0313
    7675       2.0614
    7676       2.0782
    7677       2.2041
    7678       2.2637
    7679       2.2281
    7680       2.3025
    7681       2.3066
    7682       2.1738
    7683       2.1398
    7684       2.2125
    7685       2.4197
    7686       2.4729
    7687       2.3609
    7688       2.3691
    7689       2.3735
    7690       2.2374
    7691       2.1296
    7692       2.2115
    7693       2.2295
    7694       2.2093
    7695       2.0283
    7696       2.1863
    7697       2.1709
    7698       2.3841
    7699       2.4946
    7700       2.3766
    7701       2.6483
    7702       2.5240
    7703       2.5035
    7704       2.3732
    7705       2.4724
    7706       2.6266
    7707       2.4129
    7708       2.2769
    7709       2.3505
    7710       2.2945
    7711       2.3858
    7712       2.3161
    7713       2.1771
    7714       2.3835
    7715       2.3156
    7716       2.3723
    7717       2.3734
    7718       2.5154
    7719       2.4094
    7720       2.4888
    7721       2.5392
    7722       2.4227
    7723       2.2909
    7724       2.2448
    7725       2.4513
    7726       2.5249
    7727       2.2374
    7728       2.3232
    7729       2.2897
    7730       2.2976
    7731       2.3718
    7732       2.1757
    7733       2.2416
    7734       2.1585
    7735       2.1911
    7736       2.0590
    7737       2.0358
    7738       2.3084
    7739       2.3858
    7740       2.4042
    7741       2.4274
    7742       2.3686
    7743       2.3194
    7744       2.3208
    7745       2.4413
    7746       2.2694
    7747       2.3911
    7748       2.4059
    7749       2.4827
    7750       2.7275
    7751       2.6759
    7752       2.6244
    7753       2.4392
    7754       2.4459
    7755       2.1090
    7756       2.0464
    7757       1.9862
    7758       1.9093
    7759       1.9495
    7760       1.7412
    7761       1.6466
    7762       1.8617
    7763       1.9616
    7764       1.9649
    7765       1.6712
    7766       1.6239
    7767       1.7430
    7768       1.7185
    7769       1.7444
    7770       1.7078
    7771       1.6864
    7772       1.7294
    7773       1.6501
    7774       1.5922
    7775       1.7139
    7776       1.6152
    7777       1.6888
    7778       1.6399
    7779       1.7362
    7780       1.7159
    7781       1.7012
    7782       1.9798
    7783       1.8493
    7784       1.7600
    7785       1.8111
    7786       1.7652
    7787       1.6936
    7788       1.6749
    7789       1.5854
    7790       1.6599
    7791       1.5662
    7792       1.5430
    7793       1.7492
    7794       1.6730
    7795       1.7360
    7796       1.6168
    7797       1.5775
    7798       1.6772
    7799       1.6932
    7800       1.6403
    7801       1.6048
    7802       1.5476
    7803       1.5567
    7804       1.6724
    7805       1.7739
    7806       1.7153
    7807       1.6663
    7808       1.7087
    7809       1.5465
    7810       1.5281
    7811       1.5403
    7812       1.5562
    7813       1.5009
    7814       1.5345
    7815       1.6505
    7816       1.5865
    7817       1.7227
    7818       1.7786
    7819       1.7342
    7820       1.8751
    7821       1.7914
    7822       1.9209
    7823       1.7744
    7824       1.7069
    7825       1.7656
    7826       1.8489
    7827       1.9889
    7828       1.8664
    7829       1.8373
    7830       1.7582
    7831       1.8499
    7832       1.7674
    7833       1.8381
    7834       1.6892
    7835       1.7014
    7836       1.7469
    7837       1.7255
    7838       1.7914
    7839       1.9093
    7840       1.9634
    7841       2.0180
    7842       1.9842
    7843       1.9701
    7844       2.0098
    7845       1.9766
    7846       2.0490
    7847       2.0600
    7848       2.1419
    7849       2.0018
    7850       1.9507
    7851       2.0687
    7852       2.0570
    7853       2.0442
    7854       2.0893
    7855       2.0467
    7856       2.0884
    7857       2.2456
    7858       1.9657
    7859       2.0930
    7860       1.9593
    7861       1.9069
    7862       1.9263
    7863       1.8845
    7864       1.8194
    7865       1.8036
    7866       1.8502
    7867       1.8156
    7868       1.7853
    7869       1.7663
    7870       1.6860
    7871       1.6784
    7872       1.7547
    7873       1.7715
    7874       1.7975
    7875       1.8999
    7876       1.8252
    7877       1.9534
    7878       1.8496
    7879       1.7910
    7880       1.8681
    7881       2.0477
    7882       1.9376
    7883       1.9100
    7884       1.8745
    7885       1.8467
    7886       1.8284
    7887       1.8736
    7888       1.8118
    7889       1.7024
    7890       1.7239
    7891       1.7203
    7892       1.9546
    7893       1.8848
    7894       1.8098
    7895       1.8742
    7896       1.7600
    7897       1.7346
    7898       1.6200
    7899       1.6324
    7900       1.6351
    7901       1.6804
    7902       1.8880
    7903       1.6216
    7904       1.6608
    7905       1.6206
    7906       1.7218
    7907       1.7915
    7908       1.6834
    7909       1.7992
    7910       1.7489
    7911       1.9274
    7912       1.9194
    7913       1.8432
    7914       1.8635
    7915       1.7759
    7916       1.8854
    7917       1.8111
    7918       1.7428
    7919       1.7438
    7920       1.6994
    7921       1.6405
    7922       1.7298
    7923       1.7852
    7924       1.9680
    7925       1.8605
    7926       1.7998
    7927       1.8823
    7928       2.0336
    7929       2.1442
    7930       1.9202
    7931       2.0042
    7932       2.1519
    7933       2.0632
    7934       2.1433
    7935       2.0835
    7936       2.1998
    7937       2.0569
    7938       2.0732
    7939       1.9373
    7940       1.8506
    7941       1.9272
    7942       1.8902
    7943       1.7799
    7944       1.7284
    7945       1.7959
    7946       1.8257
    7947       1.7444
    7948       1.6627
    7949       1.7000
    7950       1.5790
    7951       1.7026
    7952       1.9296
    7953       1.8618
    7954       1.6963
    7955       1.9037
    7956       1.9156
    7957       1.7709
    7958       1.7944
    7959       1.7075
    7960       1.6136
    7961       1.6739
    7962       1.6552
    7963       1.6389
    7964       1.5776
    7965       1.5616
    7966       1.5531
    7967       1.5052
    7968       1.6061
    7969       1.6925
    7970       1.6450
    7971       1.7220
    7972       1.8082
    7973       1.8383
    7974       1.8022
    7975       1.7070
    7976       1.6033
    7977       1.6965
    7978       1.8432
    7979       1.8150
    7980       1.7468
    7981       1.9731
    7982       1.7296
    7983       1.6694
    7984       1.6172
    7985       1.5634
    7986       1.6810
    7987       1.6794
    7988       1.7099
    7989       1.7119
    7990       1.7868
    7991       1.6422
    7992       1.8068
    7993       1.5953
    7994       1.5439
    7995       1.5712
    7996       1.6893
    7997       1.7233
    7998       1.6897
    7999       1.6186
    8000       1.5938
    8001       1.5491
    8002       1.6549
    8003       1.5013
    8004       1.4771
    8005       1.7343
    8006       1.7311
    8007       1.5743
    8008       1.6390
    8009       1.7256
    8010       1.7373
    8011       1.7213
    8012       1.8587
    8013       1.8232
    8014       1.7524
    8015       1.7057
    8016       1.8271
    8017       1.8173
    8018       1.8699
    8019       1.8064
    8020       1.6595
    8021       1.7439
    8022       1.7975
    8023       1.6753
    8024       1.7522
    8025       1.7383
    8026       1.6458
    8027       1.8504
    8028       2.0645
    8029       1.9960
    8030       1.9766
    8031       1.8495
    8032       1.7560
    8033       1.6892
    8034       1.6922
    8035       1.7663
    8036       1.7293
    8037       1.6723
    8038       1.6977
    8039       1.7324
    8040       1.7681
    8041       1.8385
    8042       1.8689
    8043       2.0173
    8044       1.9742
    8045       1.8389
    8046       1.9011
    8047       1.8271
    8048       1.7850
    8049       1.7977
    8050       2.0305
    8051       1.9122
    8052       1.7929
    8053       1.7605
    8054       1.7488
    8055       2.0072
    8056       1.9661
    8057       1.9305
    8058       1.9604
    8059       1.8652
    8060       1.9224
    8061       1.9565
    8062       1.9977
    8063       1.9310
    8064       1.7667
    8065       1.8644
    8066       1.9292
    8067       1.8976
    8068       1.9561
    8069       1.8683
    8070       1.8566
    8071       2.1957
    8072       2.1464
    8073       2.3050
    8074       2.0871
    8075       1.8856
    8076       1.9046
    8077       1.7274
    8078       1.6301
    8079       1.6747
    8080       1.6195
    8081       1.6689
    8082       1.6264
    8083       1.6756
    8084       1.6844
    8085       1.6747
    8086       1.7308
    8087       1.5903
    8088       1.7204
    8089       1.6510
    8090       1.5516
    8091       1.5165
    8092       1.5230
    8093       1.6197
    8094       1.6872
    8095       1.7056
    8096       1.9151
    8097       1.8578
    8098       1.8198
    8099       1.7772
    8100       1.7518
    8101       1.6608
    8102       1.7891
    8103       1.6714
    8104       1.7091
    8105       1.6553
    8106       1.8632
    8107       1.9112
    8108       2.0682
    8109       1.8512
    8110       1.8801
    8111       1.6886
    8112       1.6841
    8113       1.7036
    8114       1.6008
    8115       1.5950
    8116       1.6936
    8117       1.6660
    8118       1.6085
    8119       1.7267
    8120       1.6593
    8121       1.7368
    8122       1.7108
    8123       1.6583
    8124       1.6835
    8125       1.5542
    8126       1.5823
    8127       1.5827
    8128       1.5959
    8129       1.6306
    8130       1.5446
    8131       1.6518
    8132       1.6098
    8133       1.5755
    8134       1.5380
    8135       1.4532
    8136       1.4580
    8137       1.4443
    8138       1.2889
    8139       1.3890
    8140       1.4635
    8141       1.4741
    8142       1.4888
    8143       1.5521
    8144       1.6123
    8145       1.6651
    8146       1.6397
    8147       1.6829
    8148       1.5958
    8149       1.5443
    8150       1.5212
    8151       1.5254
    8152       1.5777
    8153       1.6352
    8154       1.6424
    8155       1.5934
    8156       1.5939
    8157       1.5220
    8158       1.5410
    8159       1.5860
    8160       1.6321
    8161       1.7722
    8162       1.8642
    8163       1.7914
    8164       1.7889
    8165       1.8372
    8166       1.7446
    8167       1.9151
    8168       1.8808
    8169       1.7779
    8170       1.7865
    8171       1.8672
    8172       1.7944
    8173       1.9879
    8174       2.0880
    8175       1.9116
    8176       1.8631
    8177       1.9102
    8178       1.6816
    8179       1.8160
    8180       1.7004
    8181       1.7311
    8182       1.7913
    8183       1.7843
    8184       1.6136
    8185       1.7637
    8186       1.8044
    8187       1.6253
    8188       1.7955
    8189       1.8361
    8190       1.7867
    8191       2.0197
    8192       1.9434
    8193       1.9911
    8194       2.0539
    8195       1.9800
    8196       2.1057
    8197       2.1257
    8198       2.0346
    8199       1.9848
    8200       2.3772
    8201       2.2685
    8202       2.3705
    8203       2.1264
    8204       2.0020
    8205       1.9992
    8206       1.9748
    8207       1.9679
    8208       1.9227
    8209       1.9588
    8210       2.0468
    8211       1.8720
    8212       1.8796
    8213       1.9416
    8214       1.8442
    8215       1.9471
    8216       1.8537
    8217       1.6609
    8218       1.7514
    8219       1.8057
    8220       1.8200
    8221       1.6814
    8222       1.6762
    8223       1.6515
    8224       1.6686
    8225       1.7952
    8226       1.8040
    8227       1.7285
    8228       1.7128
    8229       1.5818
    8230       1.5255
    8231       1.6668
    8232       1.5248
    8233       1.5184
    8234       1.6462
    8235       1.6883
    8236       1.7133
    8237       1.7984
    8238       1.8030
    8239       1.7080
    8240       1.8282
    8241       1.7172
    8242       1.9190
    8243       1.9116
    8244       1.8472
    8245       1.9974
    8246       2.1131
    8247       1.8015
    8248       1.8924
    8249       1.6379
    8250       1.7528
    8251       1.8787
    8252       1.8766
    8253       1.8500
    8254       1.7471
    8255       1.7215
    8256       1.6736
    8257       1.7365
    8258       1.7434
    8259       1.7699
    8260       1.7717
    8261       1.8574
    8262       1.8859
    8263       1.7091
    8264       1.7889
    8265       1.7530
    8266       1.7598
    8267       1.7373
    8268       1.7511
    8269       1.7264
    8270       1.7641
    8271       1.6156
    8272       1.7453
    8273       1.7563
    8274       1.6728
    8275       1.6629
    8276       1.6723
    8277       1.7487
    8278       1.8912
    8279       1.8703
    8280       1.7688
    8281       1.8060
    8282       1.7217
    8283       1.5693
    8284       1.5433
    8285       1.4720
    8286       1.5492
    8287       1.5667
    8288       1.5616
    8289       1.5817
    8290       1.6647
    8291       1.7494
    8292       1.7177
    8293       1.6728
    8294       1.8632
    8295       1.8011
    8296       1.8137
    8297       1.8067
    8298       1.9046
    8299       1.9310
    8300       2.0784
    8301       1.9476
    8302       1.8258
    8303       1.7899
    8304       1.8110
    8305       1.8364
    8306       1.7389
    8307       1.8165
    8308       1.8237
    8309       1.9140
    8310       1.9406
    8311       1.9206
    8312       1.9437
    8313       1.9648
    8314       1.8789
    8315       1.8592
    8316       1.8735
    8317       1.8094
    8318       1.8398
    8319       1.8115
    8320       1.8114
    8321       1.8687
    8322       1.8513
    8323       1.8561
    8324       1.9404
    8325       1.8395
    8326       1.7180
    8327       1.8183
    8328       1.9972
    8329       1.8744
    8330       1.8151
    8331       1.7783
    8332       1.8092
    8333       1.8073
    8334       1.7595
    8335       1.7443
    8336       1.6763
    8337       1.6697
    8338       1.6783
    8339       1.6446
    8340       1.5744
    8341       1.4885
    8342       1.5483
    8343       1.5665
    8344       1.6917
    8345       1.5905
    8346       1.7266
    8347       1.8324
    8348       1.7851
    8349       1.8613
    8350       1.7151
    8351       1.8856
    8352       1.8561
    8353       1.7444
    8354       1.7948
    8355       1.7858
    8356       1.6635
    8357       1.7084
    8358       1.7665
    8359       1.8191
    8360       1.5445
    8361       1.5709
    8362       1.7234
    8363       1.6249
    8364       1.6723
    8365       1.6107
    8366       1.5725
    8367       1.7583
    8368       1.6054
    8369       1.7228
    8370       1.8043
    8371       1.7039
    8372       1.9633
    8373       1.9840
    8374       2.2497
    8375       2.0100
    8376       1.8587
    8377       2.0164
    8378       2.0309
    8379       1.9515
    8380       2.0770
    8381       1.9217
    8382       2.0342
    8383       2.0356
    8384       2.0310
    8385       1.9552
    8386       1.9809
    8387       2.1733
    8388       2.0685
    8389       1.9886
    8390       1.9987
    8391       1.9817
    8392       2.0779
    8393       1.7288
    8394       1.8220
    8395       1.9058
    8396       1.8742
    8397       2.0058
    8398       1.9223
    8399       1.8311
    8400       1.8224
    8401       1.8378
    8402       1.9197
    8403       1.7922
    8404       1.5957
    8405       1.6725
    8406       1.6711
    8407       1.6445
    8408       1.9286
    8409       1.7782
    8410       1.8056
    8411       1.6640
    8412       1.6196
    8413       1.6992
    8414       1.8388
    8415       1.6168
    8416       1.7921
    8417       1.9049
    8418       1.8873
    8419       1.8137
    8420       1.7930
    8421       1.7437
    8422       1.6819
    8423       1.8222
    8424       1.7257
    8425       1.7764
    8426       2.0137
    8427       1.9149
    8428       2.0111
    8429       2.0031
    8430       2.1025
    8431       2.0212
    8432       1.9300
    8433       1.8129
    8434       1.9735
    8435       1.9805
    8436       2.0222
    8437       1.9215
    8438       2.1807
    8439       2.0368
    8440       1.8638
    8441       1.9030
    8442       1.8384
    8443       1.8224
    8444       1.8519
    8445       1.8554
    8446       1.7069
    8447       1.7006
    8448       1.7336
    8449       1.7858
    8450       1.8058
    8451       1.7663
    8452       1.9472
    8453       1.9103
    8454       1.8037
    8455       1.9341
    8456       1.8637
    8457       1.8846
    8458       1.9805
    8459       1.8982
    8460       1.8274
    8461       1.7995
    8462       1.7416
    8463       1.6278
    8464       1.5746
    8465       1.6948
    8466       1.7928
    8467       1.9108
    8468       1.8868
    8469       1.7519
    8470       1.7973
    8471       1.7065
    8472       1.6849
    8473       1.6787
    8474       1.8707
    8475       1.8840
    8476       1.9607
    8477       1.9715
    8478       1.8398
    8479       1.8064
    8480       1.8434
    8481       1.8736
    8482       1.9144
    8483       1.8470
    8484       1.9152
    8485       1.8182
    8486       1.9757
    8487       1.9240
    8488       1.7866
    8489       1.7102
    8490       1.6904
    8491       1.7142
    8492       1.7682
    8493       1.9060
    8494       1.8937
    8495       1.8681
    8496       1.8504
    8497       1.7601
    8498       1.7489
    8499       1.7547
    8500       1.7726
    8501       1.5957
    8502       1.5170
    8503       1.5830
    8504       1.5968
    8505       1.7424
    8506       1.5557
    8507       1.6385
    8508       1.6008
    8509       1.5868
    8510       1.6139
    8511       1.7372
    8512       1.8399
    8513       1.8925
    8514       1.8125
    8515       1.8506
    8516       1.7823
    8517       1.6726
    8518       1.6317
    8519       1.6198
    8520       1.6395
    8521       1.6201
    8522       1.6220
    8523       1.5113
    8524       1.5125
    8525       1.4070
    8526       1.5445
    8527       1.7343
    8528       1.6802
    8529       1.6382
    8530       1.7518
    8531       1.7804
    8532       1.8010
    8533       1.7357
    8534       1.7805
    8535       1.7068
    8536       1.7104
    8537       1.6158
    8538       1.5812
    8539       1.5604
    8540       1.7639
    8541       1.7613
    8542       1.5979
    8543       1.6917
    8544       1.7011
    8545       1.6197
    8546       1.6726
    8547       1.7385
    8548       1.7273
    8549       1.6904
    8550       1.5691
    8551       1.6606
    8552       1.5415
    8553       1.5620
    8554       1.6716
    8555       1.6535
    8556       1.5980
    8557       1.6350
    8558       1.4919
    8559       1.4372
    8560       1.4416
    8561       1.3706
    8562       1.3605
    8563       1.3829
    8564       1.4714
    8565       1.4305
    8566       1.5076
    8567       1.6856
    8568       1.4773
    8569       1.4440
    8570       1.4840
    8571       1.6041
    8572       1.6281
    8573       1.5399
    8574       1.5583
    8575       1.5274
    8576       1.5664
    8577       1.5392
    8578       1.4808
    8579       1.6846
    8580       1.7050
    8581       1.6759
    8582       1.5204
    8583       1.4756
    8584       1.3664
    8585       1.3941
    8586       1.4423
    8587       1.4612
    8588       1.4962
    8589       1.4506
    8590       1.4843
    8591       1.4829
    8592       1.4179
    8593       1.4212
    8594       1.4547
    8595       1.4673
    8596       1.4897
    8597       1.4855
    8598       1.5071
    8599       1.5465
    8600       1.6284
    8601       1.6302
    8602       1.5334
    8603       1.5817
    8604       1.6355
    8605       1.5769
    8606       1.5600
    8607       1.5050
    8608       1.8125
    8609       1.7259
    8610       1.6719
    8611       1.6047
    8612       1.6654
    8613       1.5410
    8614       1.7427
    8615       1.7640
    8616       1.7581
    8617       1.6094
    8618       1.6835
    8619       1.5279
    8620       1.6093
    8621       1.6421
    8622       1.6961
    8623       1.5703
    8624       1.5027
    8625       1.5556
    8626       1.6602
    8627       1.6182
    8628       1.6318
    8629       1.5330
    8630       1.4926
    8631       1.4222
    8632       1.4331
    8633       1.4865
    8634       1.6430
    8635       1.7605
    8636       1.6560
    8637       1.7230
    8638       1.7409
    8639       1.7756
    8640       1.5818
    8641       1.6756
    8642       1.6961
    8643       1.9197
    8644       1.8699
    8645       2.0089
    8646       1.7881
    8647       1.9000
    8648       1.7981
    8649       1.8064
    8650       1.6945
    8651       1.5680
    8652       1.6275
    8653       1.6751
    8654       1.7289
    8655       1.7198
    8656       1.7488
    8657       1.6255
    8658       1.5600
    8659       1.5476
    8660       1.5136
    8661       1.6351
    8662       1.6966
    8663       1.6453
    8664       1.4929
    8665       1.4982
    8666       1.4509
    8667       1.5852
    8668       1.4295
    8669       1.5231
    8670       1.5834
    8671       1.5059
    8672       1.5242
    8673       1.5315
    8674       1.4679
    8675       1.3704
    8676       1.5325
    8677       1.4673
    8678       1.4818
    8679       1.4632
    8680       1.5726
    8681       1.5541
    8682       1.6138
    8683       1.6998
    8684       1.5822
    8685       1.5020
    8686       1.5691
    8687       1.6187
    8688       1.6847
    8689       1.6829
    8690       1.7266
    8691       1.5806
    8692       1.6306
    8693       1.5527
    8694       1.4929
    8695       1.5705
    8696       1.6778
    8697       1.7206
    8698       1.8376
    8699       1.8994
    8700       1.9597
    8701       1.9798
    8702       1.9455
    8703       2.0169
    8704       2.0348
    8705       1.8993
    8706       2.0083
    8707       2.0061
    8708       1.9337
    8709       1.8493
    8710       1.9077
    8711       1.7152
    8712       1.6239
    8713       1.8183
    8714       1.9113
    8715       1.8283
    8716       1.9798
    8717       2.0766
    8718       1.9369
    8719       1.9708
    8720       1.9063
    8721       1.7625
    8722       1.7030
    8723       1.8473
    8724       1.7206
    8725       1.8110
    8726       1.8065
    8727       1.8599
    8728       1.7748
    8729       1.8902
    8730       1.8244
    8731       1.9042
    8732       1.8182
    8733       1.8635
    8734       1.8869
    8735       1.7607
    8736       1.7970
    8737       1.6571
    8738       1.6607
    8739       1.6318
    8740       1.7831
    8741       1.7395
    8742       1.6370
    8743       1.6925
    8744       1.6465
    8745       1.6461
    8746       1.6362
    8747       1.5956
    8748       1.5165
    8749       1.6257
    8750       1.5477
    8751       1.5518
    8752       1.6445
    8753       1.6602
    8754       1.5306
    8755       1.5392
    8756       1.4855
    8757       1.5120
    8758       1.4162
    8759       1.5852
    8760       1.6080
    8761       1.6057
    8762       1.5327
    8763       1.5163
    8764       1.5725
    8765       1.4522
    8766       1.4814
    8767       1.5096
    8768       1.5535
    8769       1.5720
    8770       1.4644
    8771       1.4274
    8772       1.5559
    8773       1.5130
    8774       1.4455
    8775       1.4882
    8776       1.4572
    8777       1.6333
    8778       1.5986
    8779       1.5861
    8780       1.5435
    8781       1.6731
    8782       1.6319
    8783       1.5459
    8784       1.5058
    8785       1.5573
    8786       1.5041
    8787       1.5987
    8788       1.5555
    8789       1.5963
    8790       1.6145
    8791       1.5299
    8792       1.4818
    8793       1.5257
    8794       1.5991
    8795       1.5738
    8796       1.5341
    8797       1.5493
    8798       1.5357
    8799       1.5498
    8800       1.6530
    8801       1.6375
    8802       1.5146
    8803       1.6420
    8804       1.6704
    8805       1.5080
    8806       1.4652
    8807       1.5181
    8808       1.6232
    8809       1.4306
    8810       1.5309
    8811       1.5784
    8812       1.6448
    8813       1.7018
    8814       1.6533
    8815       1.7605
    8816       1.5930
    8817       1.6223
    8818       1.6917
    8819       1.7015
    8820       1.7081
    8821       1.6199
    8822       1.5669
    8823       1.3614
    8824       1.3702
    8825       1.5346
    8826       1.4392
    8827       1.4739
    8828       1.5469
    8829       1.4481
    8830       1.5435
    8831       1.5411
    8832       1.6162
    8833       1.6446
    8834       1.5956
    8835       1.6694
    8836       1.5595
    8837       1.7330
    8838       1.7443
    8839       1.5743
    8840       1.6511
    8841       1.7457
    8842       1.7026
    8843       1.7379
    8844       1.7735
    8845       1.8098
    8846       1.8041
    8847       1.6844
    8848       1.6227
    8849       1.7582
    8850       1.6112
    8851       1.6682
    8852       1.7416
    8853       1.7192
    8854       1.7121
    8855       1.8216
    8856       1.7409
    8857       1.8086
    8858       1.8157
    8859       1.7966
    8860       2.0505
    8861       1.8255
    8862       1.8662
    8863       1.8717
    8864       1.8845
    8865       1.8062
    8866       1.7728
    8867       1.8723
    8868       1.8354
    8869       1.7337
    8870       1.8399
    8871       1.8140
    8872       1.7215
    8873       1.8530
    8874       1.7977
    8875       1.6743
    8876       1.7220
    8877       1.8503
    8878       1.6589
    8879       1.7131
    8880       1.7305
    8881       1.7495
    8882       1.7202
    8883       1.6720
    8884       1.7444
    8885       1.5650
    8886       1.5786
    8887       1.6656
    8888       1.7412
    8889       1.7578
    8890       1.6153
    8891       1.6573
    8892       1.6349
    8893       1.8216
    8894       1.7999
    8895       1.6759
    8896       1.7054
    8897       1.7284
    8898       1.6852
    8899       1.7670
    8900       1.7672
    8901       1.5360
    8902       1.4842
    8903       1.6236
    8904       1.5525
    8905       1.6057
    8906       1.7271
    8907       1.6628
    8908       1.7584
    8909       1.7001
    8910       1.5675
    8911       1.6170
    8912       1.5648
    8913       1.6657
    8914       1.6112
    8915       1.7064
    8916       1.6529
    8917       1.7360
    8918       1.6847
    8919       1.6912
    8920       1.7025
    8921       1.6581
    8922       1.6752
    8923       1.7142
    8924       1.7725
    8925       1.8088
    8926       1.6204
    8927       1.6369
    8928       1.6492
    8929       1.6292
    8930       1.6466
    8931       1.6235
    8932       1.6104
    8933       1.6128
    8934       1.6693
    8935       1.6515
    8936       1.6132
    8937       1.6557
    8938       1.6235
    8939       1.7200
    8940       1.7534
    8941       1.7346
    8942       1.6723
    8943       1.7184
    8944       1.5959
    8945       1.6171
    8946       1.6001
    8947       1.5864
    8948       1.6589
    8949       1.5369
    8950       1.4431
    8951       1.4410
    8952       1.4744
    8953       1.5851
    8954       1.5901
    8955       1.6072
    8956       1.5455
    8957       1.4834
    8958       1.5536
    8959       1.5041
    8960       1.5132
    8961       1.4867
    8962       1.4781
    8963       1.4258
    8964       1.4261
    8965       1.5295
    8966       1.4954
    8967       1.4750
    8968       1.4661
    8969       1.4733
    8970       1.5887
    8971       1.6109
    8972       1.6208
    8973       1.6766
    8974       1.6652
    8975       1.4727
    8976       1.5010
    8977       1.5357
    8978       1.4653
    8979       1.4208
    8980       1.4229
    8981       1.3402
    8982       1.4697
    8983       1.5505
    8984       1.5085
    8985       1.4969
    8986       1.4053
    8987       1.4740
    8988       1.4578
    8989       1.5416
    8990       1.4718
    8991       1.4849
    8992       1.5742
    8993       1.5087
    8994       1.5551
    8995       1.4893
    8996       1.4725
    8997       1.7305
    8998       1.6245
    8999       1.7100
    9000       1.6354
    9001       1.6805
    9002       1.5826
    9003       1.6943
    9004       1.6851
    9005       1.6399
    9006       1.7871
    9007       1.9171
    9008       1.7641
    9009       1.7115
    9010       1.7486
    9011       1.6355
    9012       1.6391
    9013       1.8301
    9014       1.6795
    9015       1.5779
    9016       1.5850
    9017       1.5908
    9018       1.4582
    9019       1.5633
    9020       1.5082
    9021       1.5071
    9022       1.5074
    9023       1.5224
    9024       1.5847
    9025       1.5313
    9026       1.5092
    9027       1.5103
    9028       1.5353
    9029       1.5366
    9030       1.5566
    9031       1.5908
    9032       1.6274
    9033       1.6135
    9034       1.5062
    9035       1.5604
    9036       1.5258
    9037       1.4942
    9038       1.5492
    9039       1.4692
    9040       1.5088
    9041       1.6250
    9042       1.5681
    9043       1.5261
    9044       1.5269
    9045       1.5273
    9046       1.5318
    9047       1.4494
    9048       1.4317
    9049       1.6722
    9050       1.5312
    9051       1.5211
    9052       1.4983
    9053       1.6735
    9054       1.5648
    9055       1.5111
    9056       1.6191
    9057       1.5560
    9058       1.6223
    9059       1.5856
    9060       1.5805
    9061       1.6095
    9062       1.6204
    9063       1.6455
    9064       1.6250
    9065       1.5501
    9066       1.6580
    9067       1.5509
    9068       1.5763
    9069       1.6684
    9070       1.6562
    9071       1.6668
    9072       1.5666
    9073       1.6182
    9074       1.7209
    9075       1.5866
    9076       1.6565
    9077       1.6108
    9078       1.6998
    9079       1.6128
    9080       1.5913
    9081       1.6766
    9082       1.7713
    9083       1.7465
    9084       1.7309
    9085       1.6948
    9086       1.5571
    9087       1.5830
    9088       1.6669
    9089       1.6562
    9090       1.7884
    9091       1.6630
    9092       1.6642
    9093       1.6295
    9094       1.7490
    9095       1.6309
    9096       1.6933
    9097       1.7131
    9098       1.6686
    9099       1.6394
    9100       1.6961
    9101       1.5774
    9102       1.6174
    9103       1.5840
    9104       1.6643
    9105       1.6442
    9106       1.6616
    9107       1.6341
    9108       1.6027
    9109       1.6258
    9110       1.6335
    9111       1.7077
    9112       1.6857
    9113       1.7683
    9114       1.8425
    9115       1.6826
    9116       1.7008
    9117       1.7177
    9118       1.6674
    9119       1.6997
    9120       1.6677
    9121       1.5641
    9122       1.5444
    9123       1.5744
    9124       1.4581
    9125       1.5208
    9126       1.5766
    9127       1.5693
    9128       1.5050
    9129       1.4591
    9130       1.4848
    9131       1.4799
    9132       1.4820
    9133       1.6229
    9134       1.6902
    9135       1.6072
    9136       1.6116
    9137       1.4753
    9138       1.5441
    9139       1.4995
    9140       1.4824
    9141       1.4684
    9142       1.5419
    9143       1.6230
    9144       1.5525
    9145       1.3974
    9146       1.6439
    9147       1.4759
    9148       1.4459
    9149       1.4785
    9150       1.5698
    9151       1.5860
    9152       1.4630
    9153       1.4981
    9154       1.4905
    9155       1.6531
    9156       1.5997
    9157       1.6596
    9158       1.6790
    9159       1.6532
    9160       1.6048
    9161       1.6012
    9162       1.6188
    9163       1.6658
    9164       1.5870
    9165       1.6566
    9166       1.6550
    9167       1.6238
    9168       1.6025
    9169       1.5039
    9170       1.5056
    9171       1.4484
    9172       1.5073
    9173       1.6117
    9174       1.6897
    9175       1.5468
    9176       1.6286
    9177       1.4412
    9178       1.4825
    9179       1.4428
    9180       1.4296
    9181       1.4421
    9182       1.5660
    9183       1.5677
    9184       1.4195
    9185       1.4362
    9186       1.4333
    9187       1.4642
    9188       1.4841
    9189       1.6172
    9190       1.6229
    9191       1.6388
    9192       1.5762
    9193       1.5774
    9194       1.5461
    9195       1.5152
    9196       1.5755
    9197       1.6776
    9198       1.6542
    9199       1.5420
    9200       1.7440
    9201       1.6239
    9202       1.6612
    9203       1.5591
    9204       1.6378
    9205       1.6602
    9206       1.5279
    9207       1.6280
    9208       1.5196
    9209       1.5157
    9210       1.5689
    9211       1.6034
    9212       1.6603
    9213       1.5907
    9214       1.5051
    9215       1.5943
    9216       1.6082
    9217       1.6969
    9218       1.5815
    9219       1.5670
    9220       1.5552
    9221       1.5166
    9222       1.5935
    9223       1.5988
    9224       1.6399
    9225       1.6284
    9226       1.5163
    9227       1.5353
    9228       1.4701
    9229       1.4525
    9230       1.5499
    9231       1.4542
    9232       1.4080
    9233       1.5315
    9234       1.5531
    9235       1.5586
    9236       1.6672
    9237       1.5870
    9238       1.5932
    9239       1.5587
    9240       1.4781
    9241       1.5988
    9242       1.4141
    9243       1.5018
    9244       1.5122
    9245       1.5287
    9246       1.6004
    9247       1.6245
    9248       1.5971
    9249       1.7195
    9250       1.5350
    9251       1.5355
    9252       1.5418
    9253       1.6178
    9254       1.6451
    9255       1.5339
    9256       1.4698
    9257       1.4865
    9258       1.4557
    9259       1.4707
    9260       1.4368
    9261       1.5250
    9262       1.4981
    9263       1.5922
    9264       1.4595
    9265       1.5817
    9266       1.5795
    9267       1.5373
    9268       1.5058
    9269       1.4804
    9270       1.7345
    9271       1.6301
    9272       1.6819
    9273       1.6372
    9274       1.5665
    9275       1.5522
    9276       1.5468
    9277       1.6274
    9278       1.6914
    9279       1.7970
    9280       1.6721
    9281       1.6915
    9282       1.6530
    9283       1.7156
    9284       1.6559
    9285       1.5931
    9286       1.7383
    9287       1.7638
    9288       1.6973
    9289       1.6828
    9290       1.6815
    9291       1.5815
    9292       1.6704
    9293       1.7176
    9294       1.6528
    9295       1.7019
    9296       1.8175
    9297       1.8560
    9298       1.8506
    9299       1.8427
    9300       1.8201
    9301       1.8179
    9302       1.8105
    9303       1.7358
    9304       1.7142
    9305       1.7147
    9306       1.7312
    9307       1.6810
    9308       1.7365
    9309       1.6708
    9310       1.5950
    9311       1.6604
    9312       1.6101
    9313       1.6952
    9314       1.7898
    9315       1.7749
    9316       1.7772
    9317       1.7073
    9318       1.8995
    9319       1.8355
    9320       1.8303
    9321       1.7843
    9322       1.8098
    9323       1.7419
    9324       1.7189
    9325       1.6836
    9326       1.6133
    9327       1.6358
    9328       1.7423
    9329       1.6541
    9330       1.6562
    9331       1.7484
    9332       1.6629
    9333       1.6425
    9334       1.7252
    9335       1.8068
    9336       1.8693
    9337       1.8040
    9338       1.7656
    9339       1.8134
    9340       1.6903
    9341       1.7137
    9342       1.8665
    9343       1.8908
    9344       1.6648
    9345       1.8192
    9346       1.8045
    9347       1.9705
    9348       1.7750
    9349       1.9882
    9350       1.8753
    9351       1.9211
    9352       1.8938
    9353       1.9576
    9354       1.9071
    9355       1.8462
    9356       1.9647
    9357       1.8593
    9358       1.7457
    9359       1.7128
    9360       1.7717
    9361       1.8479
    9362       1.8137
    9363       1.8997
    9364       1.8220
    9365       1.7833
    9366       1.8587
    9367       1.9617
    9368       1.8437
    9369       1.8599
    9370       1.8002
    9371       1.9917
    9372       1.7529
    9373       1.7375
    9374       1.8000
    9375       1.6832
    9376       1.7911
    9377       1.7794
    9378       1.8372
    9379       1.8527
    9380       1.8272
    9381       1.9012
    9382       1.9637
    9383       1.9884
    9384       1.8868
    9385       1.8617
    9386       1.9368
    9387       1.9639
    9388       2.0185
    9389       2.0642
    9390       1.9789
    9391       1.8290
    9392       1.9206
    9393       1.9838
    9394       1.8327
    9395       1.8986
    9396       2.0031
    9397       2.0654
    9398       2.0022
    9399       1.8773
    9400       1.8696
    9401       1.8558
    9402       1.9526
    9403       1.9437
    9404       2.0622
    9405       1.9575
    9406       2.2271
    9407       2.0740
    9408       1.9696
    9409       2.1651
    9410       2.0858
    9411       2.0941
    9412       1.9261
    9413       1.9039
    9414       1.8708
    9415       1.9470
    9416       1.8441
    9417       1.9236
    9418       1.7071
    9419       1.7722
    9420       1.8714
    9421       1.8810
    9422       1.8275
    9423       1.7491
    9424       1.8681
    9425       1.7795
    9426       1.8748
    9427       1.8323
    9428       1.8178
    9429       1.7681
    9430       1.6197
    9431       1.7021
    9432       1.6271
    9433       1.6176
    9434       1.7188
    9435       1.7573
    9436       1.6922
    9437       1.6711
    9438       1.7205
    9439       1.8043
    9440       1.6505
    9441       1.6424
    9442       1.8288
    9443       1.8889
    9444       1.8657
    9445       1.8237
    9446       1.9471
    9447       1.8956
    9448       1.7227
    9449       1.8113
    9450       1.8791
    9451       1.8261
    9452       1.8492
    9453       1.8886
    9454       1.8179
    9455       1.8175
    9456       1.8566
    9457       1.8594
    9458       1.8637
    9459       1.7645
    9460       1.8767
    9461       1.8626
    9462       2.0217
    9463       1.9525
    9464       1.7933
    9465       1.8112
    9466       1.8979
    9467       1.7959
    9468       1.8268
    9469       1.7467
    9470       1.7884
    9471       1.6910
    9472       1.8348
    9473       1.9467
    9474       1.8621
    9475       1.8201
    9476       1.8956
    9477       1.8266
    9478       1.8328
    9479       1.9004
    9480       1.9800
    9481       2.1173
    9482       2.0430
    9483       1.8325
    9484       1.9039
    9485       1.9062
    9486       1.9675
    9487       1.9607
    9488       1.8771
    9489       1.8770
    9490       1.7333
    9491       1.8407
    9492       1.8192
    9493       1.7111
    9494       1.7491
    9495       1.8184
    9496       1.8642
    9497       1.8385
    9498       1.8725
    9499       1.9065
    9500       2.0411
    9501       2.0349
    9502       2.0145
    9503       1.9590
    9504       2.0528
    9505       2.0994
    9506       1.9119
    9507       2.0644
    9508       1.9947
    9509       2.0185
    9510       1.8790
    9511       1.8208
    9512       1.7677
    9513       1.9503
    9514       1.8465
    9515       1.7341
    9516       1.7081
    9517       1.8562
    9518       1.7050
    9519       1.7186
    9520       1.7290
    9521       1.7618
    9522       1.6462
    9523       1.8749
    9524       1.9459
    9525       2.0604
    9526       1.9345
    9527       1.7413
    9528       1.8333
    9529       1.7240
    9530       1.7305
    9531       1.7457
    9532       1.8243
    9533       1.7728
    9534       1.8687
    9535       1.9092
    9536       1.8865
    9537       1.7391
    9538       1.6937
    9539       1.6635
    9540       1.5843
    9541       1.7216
    9542       1.8014
    9543       1.8289
    9544       1.8013
    9545       1.8009
    9546       1.8545
    9547       1.6642
    9548       1.7798
    9549       1.8039
    9550       1.8071
    9551       1.7806
    9552       1.8441
    9553       1.7415
    9554       1.7711
    9555       1.9124
    9556       1.8948
    9557       1.8410
    9558       1.8719
    9559       1.8105
    9560       1.8843
    9561       1.8244
    9562       1.8233
    9563       1.8616
    9564       1.7635
    9565       1.8535
    9566       1.7358
    9567       1.6464
    9568       1.7595
    9569       1.7909
    9570       1.7614
    9571       1.7387
    9572       1.6842
    9573       1.6245
    9574       1.7526
    9575       1.9264
    9576       2.0252
    9577       1.9922
    9578       1.8298
    9579       1.8527
    9580       1.8088
    9581       1.7198
    9582       1.7017
    9583       1.7467
    9584       1.7708
    9585       1.7712
    9586       1.7466
    9587       1.7643
    9588       1.7084
    9589       1.7094
    9590       1.6190
    9591       1.5516
    9592       1.6656
    9593       1.6962
    9594       1.7177
    9595       1.6529
    9596       1.7459
    9597       1.7491
    9598       1.7124
    9599       1.7549
    9600       1.7201
    9601       1.5675
    9602       1.6593
    9603       1.6787
    9604       1.7626
    9605       1.6406
    9606       1.6445
    9607       1.6322
    9608       1.6791
    9609       1.5760
    9610       1.6010
    9611       1.7365
    9612       1.6701
    9613       1.7223
    9614       1.8076
    9615       1.8647
    9616       1.8590
    9617       1.8468
    9618       1.7990
    9619       1.8150
    9620       1.8811
    9621       1.8346
    9622       1.9044
    9623       1.7253
    9624       1.8197
    9625       1.7295
    9626       1.9452
    9627       2.0326
    9628       1.8288
    9629       1.8603
    9630       1.8133
    9631       1.7854
    9632       1.6650
    9633       1.7583
    9634       1.7111
    9635       1.6194
    9636       1.5513
    9637       1.5488
    9638       1.6482
    9639       1.7096
    9640       1.6460
    9641       1.6116
    9642       1.5334
    9643       1.7537
    9644       1.7258
    9645       1.7774
    9646       1.7512
    9647       1.6637
    9648       1.5937
    9649       1.5911
    9650       1.6373
    9651       1.6678
    9652       1.6639
    9653       1.6414
    9654       1.6075
    9655       1.6369
    9656       1.5860
    9657       1.6243
    9658       1.6558
    9659       1.6124
    9660       1.6076
    9661       1.6310
    9662       1.5839
    9663       1.5988
    9664       1.6131
    9665       1.7048
    9666       1.6247
    9667       1.5225
    9668       1.5672
    9669       1.4577
    9670       1.5292
    9671       1.5432
    9672       1.5217
    9673       1.5925
    9674       1.5438
    9675       1.5453
    9676       1.5230
    9677       1.5607
    9678       1.5335
    9679       1.4999
    9680       1.5954
    9681       1.6134
    9682       1.6889
    9683       1.6087
    9684       1.6898
    9685       1.7279
    9686       1.6646
    9687       1.6518
    9688       1.6500
    9689       1.5970
    9690       1.6475
    9691       1.6604
    9692       1.7291
    9693       1.7475
    9694       1.8270
    9695       1.7822
    9696       1.9557
    9697       2.0254
    9698       1.9172
    9699       1.9677
    9700       1.9891
    9701       2.0703
    9702       2.0365
    9703       1.9743
    9704       1.8976
    9705       1.9101
    9706       1.9538
    9707       1.8793
    9708       1.8694
    9709       1.8519
    9710       1.7634
    9711       1.8226
    9712       1.6799
    9713       1.7217
    9714       1.6753
    9715       1.6686
    9716       1.6959
    9717       1.7281
    9718       1.8594
    9719       1.9433
    9720       1.9724
    9721       1.8867
    9722       1.8550
    9723       1.9352
    9724       1.9157
    9725       1.8739
    9726       1.8400
    9727       1.9439
    9728       1.8329
    9729       1.8560
    9730       1.9230
    9731       1.9282
    9732       1.7772
    9733       1.7846
    9734       2.0326
    9735       1.9859
    9736       2.0728
    9737       1.9669
    9738       2.0505
    9739       1.9725
    9740       2.0256
    9741       1.8313
    9742       1.8295
    9743       1.8108
    9744       1.7972
    9745       1.8162
    9746       1.8519
    9747       1.8696
    9748       1.8145
    9749       1.9366
    9750       1.8953
    9751       1.9493
    9752       1.9110
    9753       1.8351
    9754       1.7760
    9755       1.6904
    9756       1.8401
    9757       1.9609
    9758       2.0799
    9759       2.0989
    9760       1.9863
    9761       1.9910
    9762       1.9539
    9763       1.7123
    9764       1.7673
    9765       1.7240
    9766       1.7865
    9767       1.6933
    9768       1.6499
    9769       1.6180
    9770       1.7199
    9771       1.7921
    9772       1.8068
    9773       1.7984
    9774       1.6679
    9775       1.7907
    9776       1.9623
    9777       1.8709
    9778       1.8062
    9779       1.7182
    9780       1.7357
    9781       1.7091
    9782       1.6779
    9783       1.7159
    9784       1.6976
    9785       1.7703
    9786       1.7905
    9787       1.8541
    9788       1.8665
    9789       1.8232
    9790       1.8123
    9791       1.6594
    9792       1.5834
    9793       1.6116
    9794       1.6814
    9795       1.7084
    9796       1.7741
    9797       1.6849
    9798       1.5944
    9799       1.6855
    9800       1.7101
    9801       1.7040
    9802       1.6775
    9803       1.7425
    9804       1.6424
    9805       1.5845
    9806       1.6602
    9807       1.6703
    9808       1.7422
    9809       1.7038
    9810       1.7204
    9811       1.7878
    9812       1.6513
    9813       1.8793
    9814       1.9910
    9815       1.9207
    9816       1.9588
    9817       1.9722
    9818       1.9442
    9819       1.7381
    9820       1.9254
    9821       1.7588
    9822       1.7109
    9823       1.7319
    9824       1.6370
    9825       1.7479
    9826       1.7545
    9827       1.7299
    9828       1.6606
    9829       1.6658
    9830       1.7479
    9831       1.6741
    9832       1.8017
    9833       1.8677
    9834       1.8509
    9835       1.7031
    9836       1.8240
    9837       1.8947
    9838       1.8282
    9839       1.7084
    9840       1.9100
    9841       1.7750
    9842       1.8900
    9843       1.8397
    9844       1.7085
    9845       1.6904
    9846       1.6798
    9847       1.7218
    9848       1.8292
    9849       1.8106
    9850       1.8200
    9851       1.8293
    9852       1.9117
    9853       1.7701
    9854       1.6870
    9855       1.7041
    9856       1.6955
    9857       1.7222
    9858       1.7831
    9859       1.7429
    9860       1.6441
    9861       1.7330
    9862       1.6646
    9863       1.6704
    9864       1.7488
    9865       1.7310
    9866       1.6550
    9867       1.5688
    9868       1.6052
    9869       1.6981
    9870       1.7081
    9871       1.6982
    9872       1.6608
    9873       1.7097
    9874       1.7607
    9875       1.7311
    9876       1.7445
    9877       1.7060
    9878       1.6945
    9879       1.6970
    9880       1.7388
    9881       1.7119
    9882       1.6047
    9883       1.6487
    9884       1.7302
    9885       1.7166
    9886       1.7243
    9887       1.7069
    9888       1.6356
    9889       1.7616
    9890       1.5938
    9891       1.6903
    9892       1.5997
    9893       1.7043
    9894       1.7487
    9895       1.6882
    9896       1.8232
    9897       1.6970
    9898       1.7319
    9899       1.6957
    9900       1.7153
    9901       1.8104
    9902       1.7796
    9903       1.6901
    9904       1.5875
    9905       1.7407
    9906       1.6837
    9907       1.6212
    9908       1.7037
    9909       1.6877
    9910       1.6697
    9911       1.7605
    9912       1.6781
    9913       1.6520
    9914       1.7348
    9915       1.5382
    9916       1.6975
    9917       1.5061
    9918       1.5365
    9919       1.6094
    9920       1.6851
    9921       1.6664
    9922       1.5281
    9923       1.6994
    9924       1.7052
    9925       1.7045
    9926       1.6262
    9927       1.6167
    9928       1.6222
    9929       1.6112
    9930       1.6693
    9931       1.6332
    9932       1.5914
    9933       1.6263
    9934       1.6686
    9935       1.7111
    9936       1.6870
    9937       1.7721
    9938       1.7659
    9939       1.7496
    9940       1.6713
    9941       1.7134
    9942       1.6152
    9943       1.6808
    9944       1.7764
    9945       1.7458
    9946       1.7728
    9947       1.7150
    9948       1.8275
    9949       1.8803
    9950       1.7359
    9951       1.7456
    9952       1.7052
    9953       1.8652
    9954       2.0552
    9955       1.9170
    9956       1.8389
    9957       1.8035
    9958       1.8081
    9959       1.8593
    9960       1.8657
    9961       1.7534
    9962       1.6851
    9963       1.7549
    9964       1.7885
    9965       1.8207
    9966       1.8696
    9967       1.9083
    9968       1.6822
    9969       1.7716
    9970       1.7786
    9971       1.7740
    9972       1.6311
    9973       1.6359
    9974       1.6486
    9975       1.6191
    9976       1.6339
    9977       1.7455
    9978       1.7313
    9979       1.7343
    9980       1.6845
    9981       1.6383
    9982       1.6647
    9983       1.6072
    9984       1.5948
    9985       1.6974
    9986       1.6789
    9987       1.7468
    9988       1.8137
    9989       1.6963
    9990       1.6902
    9991       1.6408
    9992       1.7720
    9993       1.6391
    9994       1.6173
    9995       1.6046
    9996       1.6954
    9997       1.6456
    9998       1.5697
    9999       1.5614
   10000       1.5746
