#Frame     RMSD_00002
       1       0.0000
       2       0.6808
       3       0.7349
       4       0.7055
       5       0.8344
       6       0.7831
       7       1.0527
       8       1.0502
       9       1.0545
      10       1.2600
      11       1.2560
      12       1.2966
      13       1.2376
      14       1.1917
      15       1.2260
      16       1.1378
      17       1.2188
      18       1.2085
      19       1.1925
      20       1.1549
      21       1.2195
      22       1.3391
      23       1.2851
      24       1.2034
      25       1.2263
      26       1.2219
      27       1.1551
      28       1.2606
      29       1.2580
      30       1.2034
      31       1.1777
      32       1.2315
      33       1.3301
      34       1.2573
      35       1.4399
      36       1.4661
      37       1.4165
      38       1.3629
      39       1.4258
      40       1.3256
      41       1.2993
      42       1.1856
      43       1.3460
      44       1.4786
      45       1.4340
      46       1.4112
      47       1.3612
      48       1.4817
      49       1.6124
      50       1.5919
      51       1.7467
      52       1.6299
      53       1.8680
      54       1.9048
      55       1.7136
      56       1.6565
      57       1.6104
      58       1.5954
      59       1.8023
      60       1.8891
      61       2.1451
      62       1.9036
      63       2.0031
      64       1.8168
      65       1.9294
      66       1.9141
      67       1.8027
      68       1.7850
      69       1.6483
      70       1.8044
      71       1.9534
      72       1.7588
      73       1.6262
      74       1.6251
      75       1.6629
      76       1.7585
      77       1.5386
      78       1.5485
      79       1.7018
      80       1.8049
      81       1.8379
      82       1.5641
      83       1.8316
      84       2.0433
      85       1.9149
      86       2.1183
      87       1.9732
      88       1.9205
      89       1.9014
      90       1.7899
      91       1.8948
      92       1.8650
      93       1.9042
      94       1.6377
      95       1.5919
      96       1.5351
      97       1.3814
      98       1.5504
      99       1.5044
     100       1.5978
     101       1.5783
     102       1.5413
     103       1.5187
     104       1.4029
     105       1.4511
     106       1.4356
     107       1.7312
     108       1.7961
     109       1.5179
     110       1.4325
     111       1.3375
     112       1.5465
     113       1.5650
     114       1.7103
     115       1.4286
     116       1.5479
     117       1.6063
     118       1.4939
     119       1.4249
     120       1.3483
     121       1.4988
     122       1.5058
     123       1.3812
     124       1.5061
     125       1.4918
     126       1.5118
     127       1.3672
     128       1.4199
     129       1.4096
     130       1.1943
     131       1.2233
     132       1.3194
     133       1.3681
     134       1.3776
     135       1.4965
     136       1.6445
     137       1.4824
     138       1.6881
     139       1.6300
     140       1.7630
     141       1.8122
     142       1.6040
     143       1.6888
     144       1.7273
     145       1.4394
     146       1.4450
     147       1.3962
     148       1.5088
     149       1.4497
     150       1.3784
     151       1.3213
     152       1.4308
     153       1.3392
     154       1.4958
     155       1.3502
     156       1.3023
     157       1.2317
     158       1.2961
     159       1.3414
     160       1.4376
     161       1.5654
     162       1.4695
     163       1.4991
     164       1.5554
     165       1.5188
     166       1.4489
     167       1.4551
     168       1.3930
     169       1.3907
     170       1.3318
     171       1.2715
     172       1.3773
     173       1.4874
     174       1.5017
     175       1.6617
     176       1.4973
     177       1.3669
     178       1.3179
     179       1.2833
     180       1.2223
     181       1.3160
     182       1.4559
     183       1.4858
     184       1.5569
     185       1.6231
     186       1.5136
     187       1.5680
     188       1.3826
     189       1.4904
     190       1.2764
     191       1.2847
     192       1.3589
     193       1.3963
     194       1.2165
     195       1.3708
     196       1.4661
     197       1.4051
     198       1.3936
     199       1.4197
     200       1.3755
     201       1.6023
     202       1.5770
     203       1.6077
     204       1.7229
     205       1.7052
     206       1.6155
     207       1.6783
     208       1.6799
     209       1.7075
     210       1.6701
     211       1.6865
     212       1.6344
     213       1.7773
     214       1.6862
     215       1.9592
     216       1.7242
     217       1.6765
     218       1.6823
     219       1.7021
     220       1.8161
     221       2.0410
     222       2.0626
     223       2.0247
     224       1.6964
     225       1.9021
     226       2.1930
     227       2.3146
     228       2.2221
     229       2.1448
     230       1.9885
     231       1.8458
     232       1.9566
     233       1.8496
     234       1.9609
     235       1.8307
     236       2.0162
     237       1.8269
     238       1.8136
     239       1.7498
     240       1.8111
     241       1.8573
     242       1.7931
     243       1.6799
     244       1.5703
     245       1.5856
     246       1.5057
     247       1.6084
     248       1.5894
     249       1.5829
     250       1.4526
     251       1.5162
     252       1.5569
     253       1.7217
     254       1.6621
     255       1.6899
     256       1.9150
     257       1.8092
     258       1.7261
     259       1.7504
     260       1.8160
     261       1.7785
     262       1.7556
     263       1.6587
     264       1.6024
     265       1.6404
     266       1.4905
     267       1.6677
     268       1.5720
     269       1.5050
     270       1.5020
     271       1.4685
     272       1.5361
     273       1.7136
     274       1.8830
     275       1.7975
     276       1.7062
     277       1.7778
     278       1.8479
     279       1.6900
     280       1.7779
     281       1.8934
     282       1.8431
     283       1.7525
     284       1.7218
     285       1.7379
     286       1.8912
     287       1.9344
     288       2.1171
     289       2.2037
     290       2.1434
     291       2.0552
     292       1.9875
     293       2.0590
     294       2.1451
     295       1.8979
     296       1.9551
     297       2.1512
     298       2.1638
     299       1.9848
     300       1.9566
     301       1.9568
     302       2.0426
     303       1.9963
     304       2.1687
     305       2.1108
     306       2.1105
     307       2.1060
     308       2.2356
     309       2.1516
     310       2.1130
     311       2.0635
     312       1.9338
     313       2.0333
     314       2.0905
     315       2.1731
     316       1.9941
     317       2.0561
     318       2.1117
     319       1.9981
     320       2.0871
     321       2.1923
     322       1.9790
     323       1.9509
     324       2.1039
     325       2.1037
     326       1.9797
     327       2.0670
     328       2.2076
     329       2.0573
     330       2.3107
     331       2.1521
     332       2.2154
     333       2.3994
     334       2.4090
     335       2.0811
     336       2.0884
     337       2.0969
     338       2.0633
     339       2.2653
     340       2.1372
     341       2.1996
     342       2.1567
     343       2.2342
     344       2.0418
     345       1.9649
     346       2.1936
     347       2.0712
     348       2.0364
     349       2.0436
     350       1.9205
     351       1.8849
     352       2.1683
     353       2.0741
     354       2.1346
     355       2.0683
     356       2.1163
     357       1.9324
     358       2.0523
     359       1.9535
     360       2.0669
     361       1.9543
     362       1.8139
     363       1.8923
     364       1.8389
     365       1.8943
     366       1.9162
     367       2.0145
     368       2.1287
     369       2.2601
     370       2.0741
     371       2.0194
     372       1.8448
     373       1.8821
     374       2.0692
     375       1.8873
     376       1.8161
     377       1.8494
     378       1.8286
     379       1.9072
     380       1.8541
     381       2.0162
     382       2.1039
     383       2.0674
     384       2.1157
     385       2.2099
     386       2.1463
     387       2.2720
     388       2.2029
     389       2.2799
     390       2.2343
     391       2.2560
     392       2.3181
     393       2.0741
     394       2.2231
     395       2.2210
     396       2.2891
     397       2.3448
     398       2.3252
     399       2.4310
     400       2.4326
     401       2.5116
     402       2.5272
     403       2.3692
     404       2.2577
     405       2.1759
     406       2.1605
     407       1.9582
     408       2.0651
     409       1.9465
     410       2.1281
     411       2.1290
     412       2.2269
     413       2.2323
     414       2.2665
     415       2.1758
     416       2.1331
     417       2.1297
     418       2.0652
     419       1.9171
     420       1.6935
     421       1.6946
     422       1.7025
     423       1.8318
     424       1.8104
     425       1.9697
     426       1.8342
     427       2.1606
     428       2.0841
     429       1.9590
     430       1.8860
     431       1.7235
     432       1.8406
     433       2.0514
     434       1.9263
     435       1.9897
     436       2.0975
     437       1.9004
     438       2.0347
     439       2.1761
     440       2.1435
     441       2.1224
     442       2.1442
     443       2.0255
     444       2.1953
     445       2.1123
     446       2.2164
     447       2.0693
     448       1.9001
     449       1.9470
     450       1.8216
     451       1.7170
     452       1.8943
     453       1.9307
     454       1.9734
     455       1.9473
     456       1.8589
     457       1.7606
     458       1.8967
     459       1.9254
     460       1.8041
     461       1.8682
     462       1.6501
     463       1.7451
     464       1.7273
     465       1.9189
     466       2.0330
     467       1.9135
     468       1.9592
     469       2.0343
     470       2.2056
     471       1.9752
     472       2.1267
     473       2.0550
     474       2.0535
     475       2.0986
     476       2.2205
     477       2.3190
     478       2.2884
     479       2.1226
     480       2.1019
     481       2.3123
     482       2.1368
     483       2.1576
     484       2.2716
     485       2.3231
     486       2.5601
     487       2.6459
     488       2.5306
     489       2.3373
     490       2.5926
     491       2.4908
     492       2.2267
     493       2.0505
     494       2.0993
     495       2.2707
     496       2.1597
     497       2.0264
     498       2.0140
     499       2.3872
     500       2.1717
     501       2.5152
     502       2.4423
     503       2.2531
     504       2.2518
     505       2.3618
     506       2.1606
     507       2.0951
     508       2.1575
     509       2.2045
     510       2.1894
     511       2.3682
     512       2.3253
     513       2.2940
     514       2.2165
     515       2.1413
     516       2.0193
     517       2.0479
     518       2.0226
     519       2.0883
     520       2.0513
     521       1.8015
     522       1.9550
     523       1.8571
     524       2.0367
     525       2.0081
     526       2.1279
     527       2.2403
     528       2.1133
     529       2.2889
     530       2.3207
     531       2.2178
     532       2.3121
     533       2.3520
     534       2.4017
     535       2.3029
     536       2.2862
     537       1.9090
     538       2.0173
     539       2.1972
     540       2.0257
     541       2.1718
     542       2.2775
     543       2.4554
     544       2.1825
     545       1.9963
     546       2.0497
     547       1.9582
     548       2.0442
     549       1.9442
     550       1.9417
     551       1.9979
     552       2.2152
     553       2.1314
     554       2.1667
     555       1.9769
     556       2.1280
     557       2.0676
     558       1.9936
     559       1.8719
     560       1.8728
     561       1.9064
     562       1.8782
     563       1.7199
     564       1.9568
     565       1.9435
     566       2.0418
     567       1.9398
     568       1.8180
     569       2.0719
     570       2.0387
     571       2.1146
     572       1.9527
     573       1.9110
     574       2.0941
     575       2.1443
     576       1.9926
     577       1.9434
     578       2.2475
     579       1.9726
     580       1.9863
     581       1.9486
     582       1.8682
     583       1.8459
     584       1.9836
     585       1.9718
     586       2.1478
     587       1.9056
     588       1.7087
     589       1.8369
     590       1.8289
     591       1.9207
     592       2.1535
     593       2.1798
     594       2.0199
     595       1.8500
     596       1.8968
     597       1.8192
     598       1.6675
     599       1.7049
     600       1.8021
     601       1.8465
     602       1.7508
     603       1.6423
     604       1.6637
     605       1.8702
     606       1.6890
     607       1.7468
     608       1.7139
     609       2.0144
     610       2.0865
     611       2.0064
     612       1.9832
     613       2.0245
     614       1.8618
     615       1.8325
     616       1.9991
     617       1.9867
     618       2.0936
     619       2.0507
     620       2.0214
     621       1.9304
     622       1.9761
     623       1.9920
     624       2.1165
     625       1.8063
     626       1.8854
     627       1.8962
     628       1.8185
     629       1.8249
     630       1.7332
     631       2.0254
     632       1.9219
     633       1.7026
     634       1.8864
     635       1.8686
     636       1.7635
     637       1.7260
     638       1.5941
     639       1.6170
     640       1.5810
     641       1.6937
     642       1.7694
     643       1.6511
     644       1.8085
     645       1.7593
     646       1.7709
     647       1.6770
     648       1.7039
     649       1.7235
     650       1.8333
     651       1.8571
     652       1.7256
     653       1.8941
     654       1.7983
     655       1.9375
     656       1.9475
     657       1.9443
     658       2.0076
     659       2.0171
     660       1.9761
     661       1.7690
     662       1.8073
     663       1.9972
     664       1.9095
     665       2.0139
     666       2.0327
     667       2.1699
     668       2.0161
     669       2.0234
     670       2.0586
     671       2.0181
     672       2.0778
     673       2.2070
     674       2.0859
     675       2.2665
     676       2.2165
     677       2.1462
     678       2.1089
     679       1.8267
     680       1.8959
     681       1.6602
     682       1.8524
     683       1.7533
     684       1.7913
     685       1.9495
     686       2.0825
     687       2.0836
     688       1.9682
     689       2.1499
     690       2.1057
     691       2.0362
     692       1.9928
     693       1.9108
     694       1.8140
     695       1.9042
     696       1.7839
     697       1.7753
     698       1.7892
     699       1.8697
     700       2.0255
     701       1.8860
     702       2.0247
     703       1.8788
     704       2.0175
     705       2.0518
     706       2.0335
     707       1.9791
     708       1.9009
     709       2.1006
     710       1.9158
     711       2.0452
     712       1.9271
     713       1.9052
     714       1.6538
     715       1.7852
     716       2.0322
     717       2.0278
     718       1.9499
     719       2.2620
     720       2.2457
     721       2.1465
     722       2.2634
     723       2.3112
     724       1.9977
     725       2.0364
     726       1.8423
     727       1.8797
     728       1.8629
     729       2.0373
     730       1.9664
     731       2.0225
     732       1.9149
     733       1.7901
     734       1.9223
     735       1.9911
     736       1.8341
     737       1.9233
     738       1.9746
     739       2.0307
     740       1.9257
     741       1.9499
     742       2.0744
     743       1.9809
     744       2.2084
     745       2.2736
     746       2.0288
     747       1.9378
     748       1.8459
     749       1.8464
     750       1.7690
     751       1.8080
     752       1.8586
     753       1.9616
     754       1.8536
     755       1.9528
     756       1.8513
     757       1.9036
     758       1.7591
     759       1.8408
     760       1.6940
     761       1.6482
     762       1.6986
     763       1.7780
     764       1.8013
     765       1.8253
     766       1.6288
     767       1.4686
     768       1.5616
     769       1.7904
     770       1.9330
     771       1.7595
     772       1.9498
     773       2.2172
     774       2.0850
     775       1.9963
     776       2.1685
     777       2.0672
     778       2.0426
     779       2.2166
     780       1.9199
     781       1.9913
     782       1.8251
     783       1.8603
     784       1.9126
     785       1.8980
     786       1.8987
     787       2.1231
     788       2.1156
     789       2.2488
     790       2.1736
     791       2.2278
     792       1.9488
     793       1.9738
     794       1.7757
     795       1.8568
     796       1.8497
     797       1.7543
     798       1.6683
     799       1.7354
     800       1.8710
     801       1.9013
     802       2.1159
     803       2.1766
     804       2.1885
     805       2.1041
     806       2.0117
     807       2.0455
     808       1.9753
     809       2.0516
     810       1.7559
     811       1.9294
     812       1.8091
     813       1.8429
     814       1.8401
     815       1.9846
     816       1.7000
     817       1.9186
     818       1.9786
     819       1.9605
     820       1.9568
     821       2.0086
     822       1.9576
     823       2.0621
     824       2.1693
     825       2.1180
     826       1.9846
     827       1.9042
     828       1.9114
     829       2.1175
     830       1.9205
     831       1.8822
     832       2.1210
     833       2.2910
     834       2.2599
     835       2.2245
     836       2.1157
     837       2.0545
     838       2.0479
     839       2.1772
     840       2.2203
     841       2.3350
     842       2.1960
     843       2.1385
     844       2.1425
     845       2.0872
     846       2.2135
     847       2.0549
     848       2.2129
     849       2.0299
     850       2.1138
     851       2.2320
     852       2.0662
     853       2.1911
     854       2.0372
     855       2.0499
     856       1.9965
     857       2.1943
     858       2.1197
     859       2.3954
     860       2.2743
     861       2.3053
     862       2.2084
     863       2.1715
     864       2.3301
     865       2.1139
     866       1.9221
     867       1.9397
     868       2.0535
     869       1.8850
     870       1.9237
     871       2.1711
     872       2.3974
     873       2.5463
     874       2.4572
     875       2.3483
     876       2.0582
     877       1.8647
     878       2.1089
     879       2.2043
     880       2.1633
     881       2.3760
     882       2.2856
     883       2.3045
     884       2.3546
     885       2.1861
     886       2.2175
     887       2.3247
     888       2.2183
     889       2.0766
     890       2.1397
     891       2.4305
     892       2.7009
     893       2.6386
     894       2.8065
     895       2.5759
     896       2.5161
     897       2.6942
     898       2.5953
     899       2.4738
     900       2.3945
     901       2.3156
     902       2.3516
     903       2.4596
     904       2.2480
     905       2.2194
     906       2.1507
     907       2.1938
     908       2.1445
     909       2.0012
     910       2.0457
     911       2.1057
     912       2.2397
     913       1.9597
     914       1.9525
     915       2.0864
     916       2.2340
     917       1.9787
     918       2.0368
     919       2.1883
     920       2.1099
     921       2.1838
     922       2.2378
     923       2.0811
     924       2.0256
     925       1.9151
     926       2.0948
     927       2.0908
     928       2.1205
     929       1.9983
     930       2.1613
     931       2.0403
     932       2.2291
     933       2.0563
     934       2.1319
     935       2.3634
     936       2.1859
     937       2.1253
     938       2.4158
     939       2.3222
     940       2.3599
     941       2.2611
     942       1.9949
     943       2.0507
     944       2.2755
     945       2.0863
     946       2.0271
     947       2.2161
     948       2.1974
     949       2.0562
     950       2.1551
     951       2.1251
     952       2.2303
     953       2.0082
     954       2.0374
     955       1.8210
     956       1.8557
     957       1.7809
     958       1.7807
     959       1.9882
     960       1.9008
     961       1.9034
     962       1.7628
     963       1.9062
     964       2.0598
     965       1.9051
     966       2.0978
     967       2.1785
     968       2.0221
     969       2.1668
     970       2.1330
     971       1.9775
     972       1.9731
     973       2.0846
     974       2.0096
     975       1.9897
     976       2.0731
     977       2.1541
     978       1.8703
     979       1.9114
     980       1.9137
     981       1.8285
     982       1.9712
     983       1.8781
     984       1.8985
     985       1.8238
     986       1.6536
     987       1.7632
     988       1.8225
     989       1.8253
     990       1.9188
     991       1.9849
     992       2.1462
     993       2.0445
     994       1.9121
     995       1.8081
     996       1.8394
     997       1.9977
     998       1.8303
     999       2.0005
    1000       2.0767
    1001       2.1333
    1002       2.1282
    1003       1.9699
    1004       1.9946
    1005       2.1167
    1006       2.1146
    1007       1.9820
    1008       1.9178
    1009       1.7702
    1010       1.7897
    1011       1.7829
    1012       1.7033
    1013       1.7963
    1014       1.8634
    1015       1.7865
    1016       1.9144
    1017       1.7891
    1018       1.6691
    1019       1.8199
    1020       1.8394
    1021       2.0954
    1022       2.1062
    1023       1.8779
    1024       1.9099
    1025       1.8826
    1026       2.0688
    1027       1.9295
    1028       2.0883
    1029       2.1377
    1030       2.1596
    1031       2.1831
    1032       1.9228
    1033       1.8488
    1034       1.8698
    1035       1.9837
    1036       1.9909
    1037       1.8692
    1038       2.0021
    1039       2.2644
    1040       2.1969
    1041       2.2190
    1042       2.3606
    1043       1.9852
    1044       2.1992
    1045       2.1994
    1046       2.3175
    1047       2.1944
    1048       2.0902
    1049       2.1537
    1050       1.9881
    1051       1.9926
    1052       1.8197
    1053       2.0124
    1054       2.2487
    1055       2.0721
    1056       1.9763
    1057       2.1387
    1058       2.1997
    1059       1.9965
    1060       2.1533
    1061       2.1511
    1062       2.1250
    1063       2.0834
    1064       1.9169
    1065       1.9592
    1066       1.8013
    1067       1.8045
    1068       1.8295
    1069       2.0301
    1070       2.0718
    1071       1.9881
    1072       1.8797
    1073       1.9988
    1074       2.2243
    1075       2.4182
    1076       2.2021
    1077       2.3074
    1078       2.2195
    1079       2.3328
    1080       2.4886
    1081       2.5972
    1082       2.5934
    1083       2.6338
    1084       2.6078
    1085       2.3601
    1086       2.3281
    1087       2.1358
    1088       2.1435
    1089       2.0732
    1090       2.1228
    1091       2.1284
    1092       1.8720
    1093       2.0808
    1094       2.0424
    1095       2.0604
    1096       1.9209
    1097       1.9730
    1098       1.8115
    1099       1.7504
    1100       1.7835
    1101       1.6619
    1102       1.8597
    1103       1.6663
    1104       1.8440
    1105       2.1488
    1106       1.8399
    1107       1.9932
    1108       1.9466
    1109       1.9738
    1110       1.8082
    1111       1.9374
    1112       1.9462
    1113       1.8540
    1114       1.8515
    1115       1.7048
    1116       1.6627
    1117       1.6557
    1118       1.6779
    1119       1.7332
    1120       1.5431
    1121       1.6213
    1122       1.8447
    1123       1.7408
    1124       1.7595
    1125       1.6908
    1126       1.7098
    1127       1.8293
    1128       1.7610
    1129       1.8886
    1130       2.0394
    1131       2.0031
    1132       1.9841
    1133       1.9398
    1134       1.9666
    1135       1.9459
    1136       1.9507
    1137       1.8855
    1138       1.9213
    1139       1.6806
    1140       1.6841
    1141       1.7068
    1142       1.8542
    1143       1.9809
    1144       2.0519
    1145       1.9144
    1146       1.9804
    1147       1.9274
    1148       1.9552
    1149       2.0350
    1150       1.9308
    1151       1.9460
    1152       2.1201
    1153       2.1314
    1154       1.9816
    1155       1.8661
    1156       2.1724
    1157       2.2027
    1158       2.0954
    1159       1.8808
    1160       1.8707
    1161       2.2892
    1162       2.1689
    1163       2.2177
    1164       2.1836
    1165       2.0288
    1166       2.0577
    1167       2.1982
    1168       2.2713
    1169       2.3634
    1170       2.2464
    1171       2.4460
    1172       2.2556
    1173       1.9897
    1174       2.1091
    1175       2.0235
    1176       2.0027
    1177       2.1346
    1178       2.1191
    1179       1.8514
    1180       2.1274
    1181       2.2826
    1182       2.2838
    1183       2.1275
    1184       2.0014
    1185       2.0327
    1186       2.0673
    1187       2.1016
    1188       2.1595
    1189       2.0862
    1190       1.9168
    1191       1.8285
    1192       1.8234
    1193       1.9257
    1194       1.8400
    1195       1.7557
    1196       1.6654
    1197       1.8546
    1198       1.8266
    1199       1.8447
    1200       1.7335
    1201       1.6758
    1202       1.6522
    1203       1.8073
    1204       1.7184
    1205       1.7748
    1206       1.7975
    1207       1.8230
    1208       1.9615
    1209       2.1236
    1210       1.8879
    1211       1.9665
    1212       1.7581
    1213       1.8745
    1214       1.8596
    1215       1.9593
    1216       1.8906
    1217       2.0467
    1218       1.6487
    1219       1.6660
    1220       1.8087
    1221       1.8141
    1222       1.8209
    1223       1.9530
    1224       1.9947
    1225       1.9798
    1226       1.9043
    1227       1.9981
    1228       1.8413
    1229       1.6103
    1230       1.6214
    1231       1.6633
    1232       1.7487
    1233       1.9169
    1234       1.7303
    1235       1.8239
    1236       2.0204
    1237       2.1659
    1238       2.0213
    1239       2.1064
    1240       2.0889
    1241       1.9982
    1242       2.0859
    1243       2.1728
    1244       2.0057
    1245       2.1666
    1246       1.9693
    1247       1.9755
    1248       2.1216
    1249       1.9693
    1250       2.0917
    1251       2.0461
    1252       1.9606
    1253       2.1350
    1254       2.0003
    1255       1.9217
    1256       2.0657
    1257       1.9554
    1258       2.0890
    1259       1.9866
    1260       1.9370
    1261       1.9629
    1262       1.8760
    1263       1.9029
    1264       1.7650
    1265       1.8460
    1266       1.9002
    1267       1.8737
    1268       1.9790
    1269       1.9550
    1270       1.9554
    1271       1.8647
    1272       1.9662
    1273       1.9850
    1274       2.0260
    1275       2.0871
    1276       2.1249
    1277       2.0559
    1278       1.9771
    1279       2.0599
    1280       2.1266
    1281       1.8570
    1282       1.9162
    1283       1.7563
    1284       1.9851
    1285       2.0176
    1286       2.0073
    1287       2.0883
    1288       2.0415
    1289       2.0190
    1290       1.9891
    1291       1.8591
    1292       1.8793
    1293       2.0585
    1294       2.0246
    1295       1.8828
    1296       1.9027
    1297       1.9988
    1298       1.9141
    1299       1.8770
    1300       2.0342
    1301       2.0205
    1302       1.8325
    1303       1.6654
    1304       1.8407
    1305       1.8052
    1306       1.9767
    1307       1.8611
    1308       1.9232
    1309       1.8976
    1310       2.0063
    1311       1.9272
    1312       2.1083
    1313       2.0859
    1314       2.0364
    1315       1.9465
    1316       1.9590
    1317       1.9968
    1318       1.8588
    1319       2.0262
    1320       2.2579
    1321       2.0921
    1322       2.0748
    1323       2.0495
    1324       2.0041
    1325       1.8859
    1326       1.8862
    1327       1.9586
    1328       1.8026
    1329       1.9625
    1330       2.1373
    1331       1.9706
    1332       1.8903
    1333       1.8477
    1334       1.8550
    1335       1.9326
    1336       1.8374
    1337       1.7784
    1338       1.7951
    1339       2.0034
    1340       2.0347
    1341       1.7731
    1342       1.9475
    1343       2.0161
    1344       1.9298
    1345       2.1420
    1346       2.1634
    1347       2.1742
    1348       2.0767
    1349       2.0714
    1350       2.1764
    1351       1.9979
    1352       2.0800
    1353       2.0919
    1354       2.1848
    1355       2.0780
    1356       2.0226
    1357       2.1503
    1358       2.1249
    1359       1.9844
    1360       1.8326
    1361       2.0622
    1362       2.0516
    1363       2.0283
    1364       1.9327
    1365       1.9481
    1366       2.1278
    1367       2.0836
    1368       1.9701
    1369       2.1726
    1370       2.4567
    1371       2.2081
    1372       2.3512
    1373       2.4359
    1374       2.5202
    1375       2.4707
    1376       2.3250
    1377       2.3158
    1378       2.1023
    1379       2.1233
    1380       1.9825
    1381       1.8214
    1382       1.8029
    1383       1.9383
    1384       1.9096
    1385       1.9293
    1386       1.8742
    1387       1.8518
    1388       1.9433
    1389       1.8013
    1390       1.7831
    1391       1.9235
    1392       1.8396
    1393       1.8132
    1394       1.7847
    1395       1.6917
    1396       1.8801
    1397       1.7940
    1398       1.9186
    1399       1.9790
    1400       2.0748
    1401       2.1691
    1402       2.1346
    1403       2.1549
    1404       1.9577
    1405       1.9001
    1406       1.9488
    1407       1.7979
    1408       1.8634
    1409       2.0345
    1410       2.2257
    1411       1.9252
    1412       1.8830
    1413       1.8763
    1414       2.0290
    1415       1.8634
    1416       1.8002
    1417       2.0860
    1418       2.0699
    1419       1.9566
    1420       2.0527
    1421       2.1534
    1422       2.1789
    1423       2.2045
    1424       2.0712
    1425       2.1662
    1426       2.0933
    1427       2.0433
    1428       2.0172
    1429       2.0306
    1430       2.1497
    1431       1.9885
    1432       2.0525
    1433       1.9864
    1434       1.8781
    1435       1.8723
    1436       2.0037
    1437       1.8871
    1438       1.8424
    1439       1.7139
    1440       1.6661
    1441       1.7380
    1442       1.8435
    1443       1.8711
    1444       1.8200
    1445       1.6659
    1446       1.8983
    1447       1.9037
    1448       1.8969
    1449       1.7448
    1450       1.8928
    1451       2.0104
    1452       1.9969
    1453       2.0443
    1454       1.9791
    1455       1.7991
    1456       1.7668
    1457       1.7872
    1458       1.8665
    1459       1.9960
    1460       2.0509
    1461       2.0520
    1462       1.9847
    1463       2.2323
    1464       2.2204
    1465       2.0560
    1466       2.0585
    1467       1.8963
    1468       1.9766
    1469       1.7207
    1470       1.5736
    1471       1.6180
    1472       1.7886
    1473       1.7185
    1474       1.5348
    1475       1.6094
    1476       1.7276
    1477       1.7757
    1478       1.7428
    1479       1.5836
    1480       1.7534
    1481       1.5959
    1482       1.5959
    1483       1.5659
    1484       1.5324
    1485       1.5596
    1486       1.6006
    1487       1.5920
    1488       1.6187
    1489       1.6320
    1490       1.5841
    1491       1.7671
    1492       1.5906
    1493       1.5889
    1494       1.6713
    1495       1.7707
    1496       2.0855
    1497       1.9555
    1498       1.9693
    1499       2.0098
    1500       2.0339
    1501       2.1246
    1502       1.9783
    1503       2.0887
    1504       1.9711
    1505       1.9744
    1506       1.9848
    1507       1.8271
    1508       1.8115
    1509       1.8976
    1510       1.7832
    1511       1.7744
    1512       1.8134
    1513       1.8173
    1514       1.8177
    1515       1.7281
    1516       1.6393
    1517       1.5076
    1518       1.6894
    1519       1.7287
    1520       1.8369
    1521       1.8102
    1522       1.8198
    1523       1.8092
    1524       1.6206
    1525       1.7463
    1526       1.8456
    1527       2.1655
    1528       2.1201
    1529       2.0650
    1530       1.9373
    1531       1.6661
    1532       1.7112
    1533       1.7706
    1534       1.7470
    1535       1.9669
    1536       2.0797
    1537       1.9438
    1538       2.0616
    1539       2.0636
    1540       1.8895
    1541       1.7910
    1542       1.8560
    1543       1.8866
    1544       1.8151
    1545       1.7387
    1546       1.9149
    1547       1.8939
    1548       1.8587
    1549       1.9683
    1550       2.0679
    1551       2.0842
    1552       2.0382
    1553       1.9952
    1554       1.9651
    1555       2.0106
    1556       2.0344
    1557       1.9601
    1558       2.1151
    1559       1.9817
    1560       1.9146
    1561       1.8959
    1562       1.9939
    1563       1.8711
    1564       1.9819
    1565       1.9265
    1566       1.8114
    1567       1.6845
    1568       1.9600
    1569       1.9145
    1570       1.9972
    1571       2.0148
    1572       2.0916
    1573       1.8041
    1574       1.8021
    1575       1.9455
    1576       1.9267
    1577       1.8612
    1578       2.0301
    1579       2.0468
    1580       2.0575
    1581       2.1154
    1582       2.0672
    1583       2.0430
    1584       2.1288
    1585       1.9023
    1586       1.8486
    1587       1.7501
    1588       1.7604
    1589       1.7428
    1590       1.8791
    1591       1.7528
    1592       1.9934
    1593       2.2527
    1594       2.3811
    1595       2.3032
    1596       2.2606
    1597       2.2872
    1598       2.0998
    1599       1.9766
    1600       1.9865
    1601       1.9672
    1602       2.1032
    1603       2.3112
    1604       2.3935
    1605       2.3556
    1606       2.4546
    1607       2.3107
    1608       2.4135
    1609       2.2686
    1610       2.2479
    1611       2.2109
    1612       2.3249
    1613       2.2429
    1614       2.1911
    1615       2.2903
    1616       2.1104
    1617       2.2906
    1618       2.2957
    1619       2.2714
    1620       2.3737
    1621       2.1916
    1622       2.2565
    1623       2.4437
    1624       2.3796
    1625       2.5159
    1626       2.1960
    1627       2.2999
    1628       2.5557
    1629       2.3291
    1630       2.2899
    1631       2.1452
    1632       2.1098
    1633       2.0365
    1634       2.1206
    1635       2.3039
    1636       2.1827
    1637       2.1719
    1638       2.0407
    1639       2.2537
    1640       2.2824
    1641       2.0249
    1642       2.0410
    1643       1.9578
    1644       1.9988
    1645       1.9306
    1646       1.9897
    1647       2.1107
    1648       2.0083
    1649       1.7818
    1650       1.7824
    1651       1.7307
    1652       1.6648
    1653       1.6645
    1654       1.9928
    1655       1.9897
    1656       2.2072
    1657       2.3265
    1658       2.3658
    1659       2.2115
    1660       2.0242
    1661       2.0609
    1662       2.1786
    1663       2.1919
    1664       2.0916
    1665       2.1250
    1666       2.4017
    1667       2.3335
    1668       2.0705
    1669       2.1120
    1670       2.1395
    1671       2.0053
    1672       2.1007
    1673       2.1109
    1674       2.1004
    1675       2.1233
    1676       2.1109
    1677       2.1321
    1678       2.2444
    1679       2.2849
    1680       2.3152
    1681       2.2522
    1682       2.2082
    1683       2.2189
    1684       2.2253
    1685       2.0764
    1686       2.1912
    1687       2.1707
    1688       2.2139
    1689       2.2110
    1690       2.1952
    1691       2.2481
    1692       2.1702
    1693       2.0799
    1694       1.9545
    1695       1.9467
    1696       2.0547
    1697       2.0168
    1698       2.1420
    1699       1.9729
    1700       1.9982
    1701       2.0673
    1702       2.0510
    1703       2.1105
    1704       1.9232
    1705       2.0089
    1706       1.9289
    1707       2.0153
    1708       2.1384
    1709       1.9664
    1710       1.8241
    1711       1.9692
    1712       2.0511
    1713       1.9730
    1714       1.9399
    1715       1.8632
    1716       1.8298
    1717       1.8838
    1718       1.9796
    1719       1.8375
    1720       1.9176
    1721       2.0258
    1722       1.7980
    1723       1.6687
    1724       1.8697
    1725       2.0931
    1726       1.9924
    1727       1.8889
    1728       1.9170
    1729       2.1024
    1730       2.1419
    1731       1.6991
    1732       1.8153
    1733       1.6965
    1734       1.7032
    1735       1.9256
    1736       1.7627
    1737       1.9075
    1738       1.6834
    1739       1.6542
    1740       1.9092
    1741       2.0679
    1742       2.0061
    1743       1.9523
    1744       1.9983
    1745       2.0508
    1746       2.0523
    1747       2.0766
    1748       1.9677
    1749       1.9867
    1750       1.9083
    1751       1.8315
    1752       1.9728
    1753       2.2258
    1754       2.3849
    1755       2.2252
    1756       2.0976
    1757       2.0341
    1758       2.1499
    1759       2.2080
    1760       2.3079
    1761       2.0522
    1762       2.1526
    1763       2.3028
    1764       2.2159
    1765       2.1585
    1766       2.1294
    1767       2.0940
    1768       2.3521
    1769       2.1972
    1770       2.1576
    1771       1.9875
    1772       2.2192
    1773       2.4001
    1774       2.2830
    1775       2.2669
    1776       2.2535
    1777       2.4939
    1778       2.3337
    1779       2.2478
    1780       1.9972
    1781       2.1372
    1782       2.2050
    1783       1.9923
    1784       2.1584
    1785       1.8639
    1786       1.8846
    1787       2.1317
    1788       2.0676
    1789       2.0719
    1790       2.0311
    1791       2.1790
    1792       2.0353
    1793       2.0112
    1794       2.0110
    1795       2.0941
    1796       2.3011
    1797       2.3186
    1798       2.2304
    1799       2.4720
    1800       2.4017
    1801       2.3332
    1802       2.4721
    1803       2.1055
    1804       2.1763
    1805       2.4229
    1806       2.2133
    1807       2.2103
    1808       2.2051
    1809       2.3597
    1810       2.2284
    1811       2.1758
    1812       2.1632
    1813       2.1589
    1814       2.1798
    1815       2.1529
    1816       2.2027
    1817       2.3375
    1818       2.3165
    1819       2.2957
    1820       2.4913
    1821       2.3191
    1822       2.3621
    1823       2.2434
    1824       2.2573
    1825       2.1689
    1826       2.5283
    1827       2.5287
    1828       2.6290
    1829       2.7297
    1830       2.5917
    1831       2.5326
    1832       2.5204
    1833       2.3771
    1834       2.3301
    1835       2.4226
    1836       2.3548
    1837       2.2367
    1838       2.1297
    1839       2.1481
    1840       2.2716
    1841       2.5009
    1842       2.4712
    1843       2.6861
    1844       2.7495
    1845       2.7289
    1846       2.6976
    1847       2.5551
    1848       2.4872
    1849       2.3848
    1850       2.4215
    1851       2.2895
    1852       2.3491
    1853       2.5824
    1854       2.7557
    1855       2.6822
    1856       2.8448
    1857       2.9179
    1858       2.7504
    1859       2.4562
    1860       2.4649
    1861       2.7223
    1862       2.6948
    1863       2.7427
    1864       2.7439
    1865       2.8577
    1866       2.5556
    1867       2.3636
    1868       2.2884
    1869       2.4107
    1870       2.3756
    1871       2.3127
    1872       2.3325
    1873       2.3425
    1874       2.2502
    1875       2.4709
    1876       2.4714
    1877       2.3910
    1878       2.4549
    1879       2.2097
    1880       2.0684
    1881       2.4697
    1882       2.2352
    1883       2.1265
    1884       2.0283
    1885       2.1022
    1886       2.1883
    1887       2.2717
    1888       2.3197
    1889       2.2856
    1890       2.0849
    1891       2.3164
    1892       2.3586
    1893       2.3341
    1894       2.0846
    1895       2.2264
    1896       2.1449
    1897       2.2342
    1898       2.3506
    1899       2.3933
    1900       2.4913
    1901       2.3918
    1902       2.4910
    1903       2.1724
    1904       2.3366
    1905       2.2803
    1906       2.4495
    1907       2.3819
    1908       2.5300
    1909       2.6078
    1910       2.7072
    1911       2.6171
    1912       2.4622
    1913       2.6650
    1914       2.8827
    1915       2.8902
    1916       2.6366
    1917       2.4303
    1918       2.4840
    1919       2.3339
    1920       2.2928
    1921       2.1916
    1922       2.1366
    1923       2.2155
    1924       2.2825
    1925       2.3246
    1926       2.4406
    1927       2.3343
    1928       2.2088
    1929       2.2939
    1930       2.0581
    1931       2.1467
    1932       2.0864
    1933       1.9619
    1934       1.9708
    1935       1.8124
    1936       1.9653
    1937       2.1078
    1938       2.0579
    1939       1.8900
    1940       1.9226
    1941       2.0357
    1942       1.8326
    1943       1.9218
    1944       1.8190
    1945       1.6654
    1946       1.7100
    1947       1.6546
    1948       1.5921
    1949       1.5160
    1950       1.6448
    1951       1.8857
    1952       1.9008
    1953       1.8877
    1954       1.7082
    1955       1.8796
    1956       1.8890
    1957       1.8381
    1958       2.0412
    1959       1.8942
    1960       1.9814
    1961       2.1118
    1962       2.0045
    1963       1.8488
    1964       1.7713
    1965       1.7555
    1966       1.8301
    1967       1.9304
    1968       2.0524
    1969       2.3376
    1970       2.3464
    1971       2.1668
    1972       2.1088
    1973       2.2958
    1974       2.1452
    1975       2.1517
    1976       2.2200
    1977       1.9758
    1978       1.9525
    1979       2.0794
    1980       2.0684
    1981       1.9877
    1982       2.0760
    1983       1.8585
    1984       2.2680
    1985       2.0899
    1986       2.1357
    1987       2.0608
    1988       2.1020
    1989       2.2976
    1990       2.1964
    1991       2.1149
    1992       2.2444
    1993       2.1718
    1994       2.1358
    1995       1.8422
    1996       1.8861
    1997       1.8278
    1998       1.8768
    1999       1.7926
    2000       1.8519
    2001       2.0497
    2002       2.0975
    2003       2.2235
    2004       2.2365
    2005       2.1063
    2006       2.1541
    2007       2.3454
    2008       2.2280
    2009       2.1068
    2010       2.1210
    2011       2.1346
    2012       2.2868
    2013       2.2915
    2014       2.2237
    2015       2.1153
    2016       2.0661
    2017       2.1486
    2018       2.1714
    2019       2.0966
    2020       2.1783
    2021       2.3702
    2022       2.2549
    2023       2.0940
    2024       2.2698
    2025       2.4606
    2026       2.4414
    2027       2.3411
    2028       2.4931
    2029       2.5648
    2030       2.5862
    2031       2.5189
    2032       2.5223
    2033       2.6006
    2034       2.8103
    2035       2.5356
    2036       2.7786
    2037       2.4699
    2038       2.7083
    2039       2.7846
    2040       2.6685
    2041       2.5651
    2042       2.4914
    2043       2.5705
    2044       2.7234
    2045       2.5408
    2046       2.6473
    2047       2.6583
    2048       2.5322
    2049       2.8694
    2050       2.7056
    2051       2.8378
    2052       2.8002
    2053       2.7452
    2054       2.8481
    2055       3.0566
    2056       2.9599
    2057       2.9550
    2058       2.8675
    2059       2.9503
    2060       2.9139
    2061       3.0692
    2062       3.0298
    2063       2.9924
    2064       2.9988
    2065       3.0029
    2066       2.9700
    2067       3.0050
    2068       2.9960
    2069       2.8550
    2070       2.9926
    2071       3.1111
    2072       3.1955
    2073       3.2302
    2074       3.1499
    2075       2.9602
    2076       2.9928
    2077       2.9158
    2078       2.7719
    2079       2.7680
    2080       2.7250
    2081       2.5756
    2082       2.7254
    2083       2.5936
    2084       2.6658
    2085       2.8953
    2086       2.9047
    2087       3.0191
    2088       3.2548
    2089       3.1361
    2090       3.0625
    2091       2.8502
    2092       2.8700
    2093       2.9302
    2094       2.8255
    2095       2.9966
    2096       2.8632
    2097       2.8527
    2098       3.0634
    2099       3.1373
    2100       2.9830
    2101       2.9639
    2102       3.0136
    2103       2.9793
    2104       2.9570
    2105       2.8209
    2106       2.6305
    2107       2.7878
    2108       2.8048
    2109       2.7116
    2110       2.6592
    2111       2.7165
    2112       2.6163
    2113       2.7831
    2114       2.7722
    2115       2.4832
    2116       2.5429
    2117       2.6726
    2118       2.6465
    2119       2.6252
    2120       2.4930
    2121       2.5250
    2122       2.4005
    2123       2.5000
    2124       2.5226
    2125       2.6526
    2126       2.6077
    2127       2.5414
    2128       2.4170
    2129       2.4844
    2130       2.6486
    2131       2.8551
    2132       2.9299
    2133       2.8347
    2134       2.7408
    2135       2.8032
    2136       2.9548
    2137       2.8278
    2138       2.4947
    2139       2.5995
    2140       2.4888
    2141       2.6028
    2142       2.5670
    2143       2.7749
    2144       2.6426
    2145       2.9302
    2146       2.6298
    2147       2.7354
    2148       2.6107
    2149       2.6062
    2150       2.3652
    2151       2.3329
    2152       2.3348
    2153       2.3502
    2154       2.3208
    2155       2.2726
    2156       2.2155
    2157       2.2650
    2158       2.1995
    2159       2.2326
    2160       2.1345
    2161       1.8954
    2162       1.8784
    2163       2.0356
    2164       1.9082
    2165       2.0004
    2166       1.9888
    2167       1.9279
    2168       2.1263
    2169       2.3994
    2170       2.5485
    2171       2.3606
    2172       2.3613
    2173       2.3817
    2174       2.4921
    2175       2.4305
    2176       2.3281
    2177       2.2573
    2178       2.3561
    2179       2.3365
    2180       2.3388
    2181       2.3142
    2182       2.5098
    2183       2.3897
    2184       2.5037
    2185       2.6776
    2186       2.7042
    2187       2.7770
    2188       2.8604
    2189       2.9193
    2190       2.8445
    2191       2.8585
    2192       2.7544
    2193       2.5810
    2194       2.5950
    2195       2.3468
    2196       2.3271
    2197       2.3951
    2198       2.3975
    2199       2.2423
    2200       2.2630
    2201       2.2807
    2202       2.2399
    2203       2.2560
    2204       2.1961
    2205       2.1615
    2206       2.1041
    2207       2.0895
    2208       2.3244
    2209       2.2048
    2210       2.2584
    2211       2.5245
    2212       2.6451
    2213       2.4658
    2214       2.4101
    2215       2.5901
    2216       2.6602
    2217       2.6784
    2218       2.4476
    2219       2.4854
    2220       2.3982
    2221       2.2479
    2222       2.2754
    2223       2.2750
    2224       2.2018
    2225       2.3066
    2226       2.2692
    2227       2.3973
    2228       2.3274
    2229       2.5005
    2230       2.3646
    2231       2.2222
    2232       2.2375
    2233       2.2843
    2234       2.3110
    2235       2.3924
    2236       2.3428
    2237       2.4549
    2238       2.3459
    2239       2.2393
    2240       2.1860
    2241       2.2632
    2242       2.1683
    2243       2.2215
    2244       2.4430
    2245       2.2414
    2246       2.1272
    2247       2.3999
    2248       2.2839
    2249       2.4141
    2250       2.3190
    2251       2.5422
    2252       2.5722
    2253       2.5989
    2254       2.3411
    2255       2.3954
    2256       2.4125
    2257       2.4403
    2258       2.5092
    2259       2.2516
    2260       2.4464
    2261       2.5364
    2262       2.2394
    2263       2.4111
    2264       2.3600
    2265       2.3027
    2266       2.3221
    2267       2.2688
    2268       2.3033
    2269       2.1726
    2270       2.2170
    2271       2.2178
    2272       2.1150
    2273       2.1323
    2274       2.1844
    2275       2.2177
    2276       2.2826
    2277       2.2979
    2278       2.2565
    2279       2.1008
    2280       2.2904
    2281       2.1634
    2282       2.0729
    2283       2.1115
    2284       2.1544
    2285       2.1506
    2286       1.9514
    2287       1.8429
    2288       2.0527
    2289       2.0455
    2290       2.2022
    2291       2.2624
    2292       2.3549
    2293       2.4082
    2294       2.4770
    2295       2.4140
    2296       2.4762
    2297       2.3348
    2298       2.3345
    2299       2.1700
    2300       2.2105
    2301       2.2803
    2302       2.4268
    2303       2.2775
    2304       2.2052
    2305       2.1843
    2306       2.0939
    2307       2.2014
    2308       2.2866
    2309       2.1704
    2310       2.3074
    2311       2.2111
    2312       2.2173
    2313       2.1614
    2314       2.1898
    2315       2.2729
    2316       2.2359
    2317       2.4002
    2318       2.2198
    2319       2.2944
    2320       2.3813
    2321       2.2394
    2322       2.1434
    2323       2.1209
    2324       2.2064
    2325       2.0975
    2326       1.9366
    2327       2.0058
    2328       1.8670
    2329       1.9782
    2330       1.9699
    2331       1.9236
    2332       1.9134
    2333       1.9158
    2334       1.9712
    2335       2.0362
    2336       2.0077
    2337       2.0169
    2338       2.0199
    2339       2.1534
    2340       2.1417
    2341       2.0923
    2342       2.3536
    2343       2.2194
    2344       2.2880
    2345       2.3362
    2346       2.4457
    2347       2.5879
    2348       2.5923
    2349       2.4055
    2350       2.4868
    2351       2.5283
    2352       2.7166
    2353       2.4745
    2354       2.3187
    2355       2.3702
    2356       2.4491
    2357       2.3677
    2358       2.3295
    2359       2.3092
    2360       2.2058
    2361       2.2760
    2362       2.4315
    2363       2.2682
    2364       2.0197
    2365       1.9421
    2366       1.9024
    2367       1.9864
    2368       2.1271
    2369       2.2440
    2370       2.3109
    2371       2.1680
    2372       2.2447
    2373       2.2033
    2374       2.2333
    2375       2.2487
    2376       2.2024
    2377       2.0182
    2378       2.2336
    2379       2.0603
    2380       2.0139
    2381       1.8285
    2382       1.8866
    2383       1.9380
    2384       1.9951
    2385       2.0657
    2386       2.0158
    2387       1.9673
    2388       1.9470
    2389       1.9381
    2390       2.0261
    2391       2.0010
    2392       2.0397
    2393       1.9466
    2394       1.8597
    2395       2.0251
    2396       2.0105
    2397       1.8165
    2398       1.9176
    2399       2.0644
    2400       2.1690
    2401       2.1629
    2402       2.5127
    2403       2.3562
    2404       2.3620
    2405       2.3744
    2406       2.4077
    2407       2.3994
    2408       2.4163
    2409       2.2180
    2410       2.3945
    2411       2.3564
    2412       2.5936
    2413       2.5155
    2414       2.5469
    2415       2.6357
    2416       2.5456
    2417       2.4718
    2418       2.4496
    2419       2.4456
    2420       2.5536
    2421       2.5252
    2422       2.4434
    2423       2.3157
    2424       2.2243
    2425       2.3257
    2426       2.2338
    2427       2.1247
    2428       2.2344
    2429       2.1713
    2430       2.1611
    2431       1.9821
    2432       1.9950
    2433       1.9649
    2434       2.2375
    2435       2.1970
    2436       2.0608
    2437       1.9730
    2438       2.1150
    2439       2.1307
    2440       2.1409
    2441       2.1893
    2442       2.1791
    2443       2.1077
    2444       2.1562
    2445       1.9814
    2446       2.0961
    2447       2.1452
    2448       2.1090
    2449       2.0660
    2450       2.1000
    2451       2.2578
    2452       2.3496
    2453       2.1440
    2454       2.1039
    2455       2.1470
    2456       2.1118
    2457       1.9534
    2458       2.0278
    2459       2.0375
    2460       1.9538
    2461       1.9894
    2462       1.9359
    2463       1.8013
    2464       1.9298
    2465       2.0021
    2466       1.9621
    2467       2.1518
    2468       2.1465
    2469       2.1975
    2470       2.0920
    2471       1.9548
    2472       2.0294
    2473       2.1866
    2474       1.8972
    2475       1.8941
    2476       2.0073
    2477       2.0631
    2478       1.7619
    2479       1.9495
    2480       1.8443
    2481       1.8984
    2482       1.9371
    2483       1.9689
    2484       2.1141
    2485       1.9766
    2486       2.0260
    2487       2.1405
    2488       2.3366
    2489       2.2578
    2490       2.2771
    2491       2.4140
    2492       2.4594
    2493       2.4311
    2494       2.5453
    2495       2.5646
    2496       2.5663
    2497       2.6111
    2498       2.7234
    2499       2.6239
    2500       2.5001
    2501       2.4960
    2502       2.2956
    2503       2.1962
    2504       2.1960
    2505       2.2415
    2506       2.2334
    2507       2.2995
    2508       2.3306
    2509       2.3874
    2510       2.4181
    2511       2.5183
    2512       2.4453
    2513       2.3686
    2514       2.2541
    2515       1.9895
    2516       2.1123
    2517       2.1486
    2518       2.1441
    2519       2.0969
    2520       2.1873
    2521       2.1446
    2522       1.9579
    2523       2.0176
    2524       1.9249
    2525       1.8565
    2526       2.0122
    2527       1.9822
    2528       2.1095
    2529       2.1526
    2530       2.1088
    2531       2.2332
    2532       2.2215
    2533       2.1481
    2534       2.1256
    2535       2.1947
    2536       2.3219
    2537       2.2866
    2538       2.2836
    2539       2.3503
    2540       2.1287
    2541       2.0622
    2542       2.1437
    2543       2.1313
    2544       2.0203
    2545       1.9237
    2546       1.9871
    2547       1.9812
    2548       2.0265
    2549       1.9829
    2550       2.1076
    2551       2.3064
    2552       2.2213
    2553       2.1711
    2554       1.9905
    2555       2.0936
    2556       1.9881
    2557       2.2419
    2558       2.2416
    2559       2.3674
    2560       2.1717
    2561       2.1146
    2562       2.1800
    2563       2.0039
    2564       2.2047
    2565       2.3604
    2566       2.3833
    2567       2.0836
    2568       2.1842
    2569       2.1476
    2570       2.0356
    2571       2.1551
    2572       2.2934
    2573       2.2543
    2574       2.1859
    2575       2.1050
    2576       2.0675
    2577       1.8659
    2578       1.8851
    2579       1.9671
    2580       2.0259
    2581       2.1072
    2582       2.1360
    2583       2.1825
    2584       2.2501
    2585       2.2021
    2586       2.2735
    2587       2.2043
    2588       2.3081
    2589       2.1103
    2590       2.1337
    2591       1.9781
    2592       1.9218
    2593       2.0387
    2594       1.9371
    2595       2.0187
    2596       2.0869
    2597       2.0369
    2598       2.0090
    2599       2.0595
    2600       1.9964
    2601       1.8442
    2602       1.8765
    2603       2.0858
    2604       1.9508
    2605       2.0320
    2606       2.0691
    2607       1.9968
    2608       2.0466
    2609       2.1412
    2610       2.0597
    2611       2.2306
    2612       2.3089
    2613       2.2941
    2614       2.2989
    2615       2.3442
    2616       2.3305
    2617       2.2971
    2618       2.0963
    2619       2.0935
    2620       2.0337
    2621       1.8954
    2622       1.8599
    2623       1.7839
    2624       1.7787
    2625       1.8390
    2626       2.1056
    2627       2.0547
    2628       2.0658
    2629       2.1194
    2630       1.9883
    2631       2.0358
    2632       1.8500
    2633       1.9420
    2634       2.1376
    2635       2.1231
    2636       2.1358
    2637       1.9433
    2638       2.0192
    2639       1.9882
    2640       2.2066
    2641       2.3368
    2642       2.4679
    2643       2.6750
    2644       2.7122
    2645       2.6920
    2646       2.6151
    2647       2.6757
    2648       2.6774
    2649       2.7630
    2650       2.8360
    2651       2.7625
    2652       2.7547
    2653       2.5350
    2654       2.5575
    2655       2.4825
    2656       2.5735
    2657       2.5616
    2658       2.4437
    2659       2.4097
    2660       2.5667
    2661       2.2956
    2662       2.6467
    2663       2.5032
    2664       2.4943
    2665       2.1956
    2666       2.2748
    2667       2.3850
    2668       2.3685
    2669       2.2491
    2670       2.3250
    2671       2.3625
    2672       2.4753
    2673       2.4855
    2674       2.4377
    2675       2.5798
    2676       2.6599
    2677       2.3176
    2678       2.3287
    2679       2.3172
    2680       2.2298
    2681       2.0354
    2682       2.0800
    2683       1.8861
    2684       2.0448
    2685       2.1508
    2686       2.4651
    2687       2.3035
    2688       2.3096
    2689       2.4139
    2690       2.4151
    2691       2.3436
    2692       2.2299
    2693       2.4474
    2694       2.2299
    2695       2.3461
    2696       2.2612
    2697       2.3516
    2698       2.4917
    2699       2.3918
    2700       2.4376
    2701       2.4083
    2702       2.1136
    2703       2.1069
    2704       2.0394
    2705       1.8725
    2706       1.9836
    2707       2.3281
    2708       2.1627
    2709       2.4184
    2710       2.5751
    2711       2.5142
    2712       2.5897
    2713       2.6509
    2714       2.6618
    2715       2.7652
    2716       2.6260
    2717       2.7821
    2718       2.8776
    2719       2.8449
    2720       3.1068
    2721       3.1918
    2722       3.0258
    2723       2.9349
    2724       3.1291
    2725       3.0013
    2726       2.8636
    2727       2.8123
    2728       2.7185
    2729       2.8606
    2730       2.6227
    2731       2.6453
    2732       2.7259
    2733       2.8661
    2734       2.8635
    2735       3.1322
    2736       3.1059
    2737       3.1398
    2738       3.3327
    2739       3.5323
    2740       3.3608
    2741       3.3208
    2742       3.2945
    2743       3.4406
    2744       3.4442
    2745       3.3482
    2746       3.5882
    2747       3.6218
    2748       3.8676
    2749       4.1141
    2750       4.2800
    2751       4.0421
    2752       4.0648
    2753       3.9880
    2754       4.1829
    2755       4.2332
    2756       4.4054
    2757       4.3903
    2758       4.3704
    2759       4.4959
    2760       4.6861
    2761       4.7271
    2762       4.8266
    2763       4.6681
    2764       4.7038
    2765       4.5387
    2766       4.5304
    2767       4.5530
    2768       4.6532
    2769       4.4993
    2770       4.3822
    2771       4.4600
    2772       4.1205
    2773       4.0030
    2774       4.2129
    2775       4.3001
    2776       4.5703
    2777       4.3528
    2778       4.3226
    2779       4.3257
    2780       4.1738
    2781       4.0931
    2782       4.1741
    2783       3.9354
    2784       4.0162
    2785       3.9819
    2786       4.0563
    2787       4.1979
    2788       3.9429
    2789       3.8530
    2790       4.0528
    2791       3.7470
    2792       3.5007
    2793       3.5846
    2794       3.7774
    2795       3.6989
    2796       3.5083
    2797       3.5295
    2798       3.5505
    2799       3.5577
    2800       3.3544
    2801       3.4638
    2802       3.5918
    2803       3.4188
    2804       3.3964
    2805       3.5146
    2806       3.3697
    2807       3.6692
    2808       3.5841
    2809       3.9359
    2810       3.8286
    2811       4.1496
    2812       4.0796
    2813       4.0545
    2814       4.0757
    2815       3.9861
    2816       3.9760
    2817       3.8357
    2818       3.8966
    2819       3.8764
    2820       4.0428
    2821       4.1617
    2822       4.2222
    2823       4.2563
    2824       4.3626
    2825       4.2991
    2826       4.1791
    2827       4.2892
    2828       4.1925
    2829       4.2554
    2830       4.3123
    2831       4.3607
    2832       4.4435
    2833       4.5668
    2834       4.5549
    2835       4.4124
    2836       4.4790
    2837       4.5262
    2838       4.6691
    2839       4.7762
    2840       4.7181
    2841       4.4647
    2842       4.3116
    2843       4.1181
    2844       4.1142
    2845       4.2564
    2846       3.9618
    2847       4.1104
    2848       4.0490
    2849       4.2405
    2850       4.1293
    2851       4.1526
    2852       3.8296
    2853       4.2067
    2854       4.0865
    2855       4.0806
    2856       4.1628
    2857       4.0878
    2858       4.1760
    2859       4.1740
    2860       4.1390
    2861       4.1803
    2862       4.4331
    2863       4.4247
    2864       4.2323
    2865       4.1845
    2866       4.0089
    2867       3.9560
    2868       4.1582
    2869       3.8964
    2870       3.8334
    2871       3.8419
    2872       3.5761
    2873       3.6719
    2874       3.6147
    2875       3.4071
    2876       3.5857
    2877       3.5402
    2878       3.6383
    2879       3.6535
    2880       3.6153
    2881       3.8726
    2882       3.7027
    2883       3.7162
    2884       3.7752
    2885       3.5651
    2886       3.5980
    2887       3.6129
    2888       3.5581
    2889       3.5175
    2890       3.5280
    2891       3.5363
    2892       3.3671
    2893       3.6528
    2894       3.7527
    2895       3.6236
    2896       3.3892
    2897       3.4096
    2898       3.2773
    2899       3.0569
    2900       3.2691
    2901       3.1512
    2902       3.2895
    2903       3.3178
    2904       3.4471
    2905       3.4754
    2906       3.2264
    2907       3.1037
    2908       3.0414
    2909       3.1204
    2910       3.2883
    2911       3.2537
    2912       3.4861
    2913       3.3857
    2914       3.4190
    2915       3.3634
    2916       3.3193
    2917       3.2394
    2918       3.3689
    2919       3.2739
    2920       3.4016
    2921       3.4188
    2922       3.4998
    2923       3.7426
    2924       3.5406
    2925       3.4386
    2926       3.3990
    2927       3.3546
    2928       3.1997
    2929       3.1543
    2930       3.4678
    2931       3.5805
    2932       3.5125
    2933       3.5628
    2934       3.5073
    2935       3.1607
    2936       3.2262
    2937       3.3826
    2938       3.3453
    2939       3.3781
    2940       3.4260
    2941       3.2334
    2942       3.5106
    2943       3.3330
    2944       3.3725
    2945       3.2249
    2946       3.5300
    2947       3.6589
    2948       3.7403
    2949       3.6264
    2950       3.5252
    2951       3.6039
    2952       3.8515
    2953       3.6033
    2954       3.6252
    2955       3.6404
    2956       3.8397
    2957       3.7430
    2958       3.7183
    2959       3.6916
    2960       3.7820
    2961       3.8837
    2962       3.7330
    2963       3.6432
    2964       3.5635
    2965       3.4128
    2966       3.3844
    2967       3.2324
    2968       3.0625
    2969       2.8791
    2970       2.9764
    2971       2.9934
    2972       3.2345
    2973       3.2123
    2974       3.1220
    2975       3.2404
    2976       3.3053
    2977       3.3964
    2978       3.4309
    2979       3.4017
    2980       3.3197
    2981       3.4326
    2982       3.4549
    2983       3.4425
    2984       3.4076
    2985       3.5660
    2986       3.5907
    2987       3.7843
    2988       4.0064
    2989       4.0047
    2990       4.0938
    2991       4.2387
    2992       3.9946
    2993       3.9984
    2994       3.8503
    2995       3.8582
    2996       3.9332
    2997       4.0586
    2998       3.9204
    2999       4.2099
    3000       3.9417
    3001       4.2400
    3002       3.7995
    3003       3.6858
    3004       3.6763
    3005       3.7767
    3006       4.0504
    3007       3.9214
    3008       4.2206
    3009       3.9880
    3010       3.9371
    3011       3.7548
    3012       3.7257
    3013       4.0736
    3014       3.7895
    3015       3.8226
    3016       4.1295
    3017       4.2658
    3018       4.2224
    3019       4.3435
    3020       4.3197
    3021       4.3594
    3022       4.6794
    3023       4.8480
    3024       4.4731
    3025       4.3305
    3026       4.3172
    3027       4.2284
    3028       3.9782
    3029       4.0335
    3030       3.8805
    3031       4.1478
    3032       4.0122
    3033       3.6427
    3034       3.6576
    3035       3.5275
    3036       3.4541
    3037       3.3629
    3038       3.3868
    3039       3.0494
    3040       3.0972
    3041       3.3481
    3042       3.2902
    3043       3.2074
    3044       3.3220
    3045       3.5102
    3046       3.5540
    3047       3.8259
    3048       3.6888
    3049       3.6429
    3050       3.5747
    3051       3.7871
    3052       3.6574
    3053       3.5957
    3054       3.6936
    3055       3.5452
    3056       3.5960
    3057       3.6668
    3058       3.2985
    3059       3.5967
    3060       3.5050
    3061       3.6386
    3062       3.6329
    3063       3.5368
    3064       3.2651
    3065       3.3256
    3066       3.1720
    3067       3.2098
    3068       3.2123
    3069       3.3579
    3070       3.4332
    3071       3.2509
    3072       3.2685
    3073       3.1791
    3074       3.4830
    3075       3.2938
    3076       3.1836
    3077       3.0562
    3078       3.1029
    3079       3.1156
    3080       3.1895
    3081       3.2568
    3082       3.0137
    3083       2.9341
    3084       2.5980
    3085       2.5539
    3086       2.5571
    3087       2.5916
    3088       2.7377
    3089       2.6012
    3090       2.4710
    3091       2.7092
    3092       2.8803
    3093       2.8707
    3094       2.8281
    3095       2.7751
    3096       2.7218
    3097       2.8267
    3098       3.0403
    3099       3.1312
    3100       3.2371
    3101       3.1291
    3102       3.2691
    3103       3.0922
    3104       3.3866
    3105       3.5821
    3106       3.4473
    3107       3.3791
    3108       3.3856
    3109       3.5076
    3110       3.7001
    3111       3.9324
    3112       4.0000
    3113       3.7618
    3114       3.7965
    3115       3.7533
    3116       3.9111
    3117       3.8392
    3118       3.8307
    3119       3.7775
    3120       3.7008
    3121       3.8558
    3122       3.8952
    3123       3.6818
    3124       3.5642
    3125       3.4707
    3126       3.2051
    3127       3.2059
    3128       3.3196
    3129       3.3543
    3130       3.1856
    3131       3.1059
    3132       3.0723
    3133       3.2994
    3134       3.1219
    3135       3.4044
    3136       3.4540
    3137       3.6130
    3138       3.7197
    3139       3.5695
    3140       3.7178
    3141       3.5055
    3142       3.2430
    3143       3.2497
    3144       3.2231
    3145       3.4218
    3146       3.4263
    3147       3.5800
    3148       3.3763
    3149       3.3097
    3150       3.3137
    3151       3.5567
    3152       3.5058
    3153       3.3188
    3154       3.3907
    3155       3.5701
    3156       3.4818
    3157       3.4464
    3158       3.2677
    3159       3.3705
    3160       3.5672
    3161       3.4362
    3162       3.2986
    3163       3.0769
    3164       3.0887
    3165       3.1409
    3166       3.1190
    3167       3.3075
    3168       3.3243
    3169       3.4861
    3170       3.3954
    3171       3.3618
    3172       3.5195
    3173       3.5511
    3174       3.6648
    3175       3.5546
    3176       3.4936
    3177       3.7173
    3178       3.7768
    3179       3.7710
    3180       3.7429
    3181       3.9625
    3182       4.0327
    3183       4.0179
    3184       4.0489
    3185       3.9096
    3186       3.7522
    3187       3.5754
    3188       3.6857
    3189       3.5590
    3190       3.7222
    3191       3.5783
    3192       3.6384
    3193       3.6731
    3194       3.6140
    3195       3.6412
    3196       3.9637
    3197       3.9111
    3198       3.6316
    3199       3.4071
    3200       3.2143
    3201       3.2474
    3202       3.1767
    3203       3.4728
    3204       3.5250
    3205       3.6270
    3206       3.9707
    3207       3.8819
    3208       3.9509
    3209       4.1096
    3210       4.0492
    3211       4.0243
    3212       4.2226
    3213       4.3790
    3214       4.1528
    3215       4.1553
    3216       3.8975
    3217       4.0520
    3218       3.6362
    3219       3.5993
    3220       3.4934
    3221       3.5875
    3222       3.6467
    3223       3.6063
    3224       3.4647
    3225       3.6699
    3226       3.4914
    3227       3.4053
    3228       3.6056
    3229       3.6177
    3230       3.4945
    3231       3.4561
    3232       3.5138
    3233       3.4488
    3234       3.2512
    3235       3.4744
    3236       3.4807
    3237       3.6596
    3238       3.6507
    3239       3.2253
    3240       3.3403
    3241       3.4066
    3242       3.6350
    3243       3.2475
    3244       3.0811
    3245       3.1579
    3246       3.2490
    3247       3.1252
    3248       3.2079
    3249       3.1383
    3250       3.2155
    3251       3.3054
    3252       3.3085
    3253       3.3449
    3254       3.4400
    3255       3.2934
    3256       3.4511
    3257       3.4181
    3258       3.3061
    3259       3.3749
    3260       3.4840
    3261       3.5137
    3262       3.3148
    3263       3.1352
    3264       3.2997
    3265       3.2567
    3266       3.1632
    3267       3.2029
    3268       3.2163
    3269       3.0714
    3270       2.9915
    3271       2.9571
    3272       3.0129
    3273       3.2317
    3274       3.2165
    3275       3.2148
    3276       3.3664
    3277       3.2369
    3278       3.1888
    3279       3.1131
    3280       3.2456
    3281       3.1087
    3282       3.2900
    3283       3.3150
    3284       3.4326
    3285       3.0762
    3286       3.1785
    3287       3.0708
    3288       3.1176
    3289       3.1035
    3290       3.1358
    3291       3.1298
    3292       3.1649
    3293       3.0307
    3294       3.2339
    3295       3.3863
    3296       3.4768
    3297       3.4513
    3298       3.4012
    3299       3.0696
    3300       3.1358
    3301       2.8769
    3302       2.7817
    3303       2.6771
    3304       2.5041
    3305       2.5909
    3306       2.8027
    3307       2.6773
    3308       2.7844
    3309       2.8294
    3310       2.8392
    3311       2.9010
    3312       2.8193
    3313       2.9528
    3314       2.9166
    3315       3.0515
    3316       3.1072
    3317       3.1602
    3318       3.0145
    3319       2.8233
    3320       2.7304
    3321       2.7156
    3322       2.8573
    3323       2.9455
    3324       3.0385
    3325       2.8860
    3326       2.7181
    3327       2.9990
    3328       3.1253
    3329       2.9555
    3330       3.0046
    3331       2.9290
    3332       2.9446
    3333       2.9133
    3334       2.9602
    3335       2.9465
    3336       2.7584
    3337       2.8684
    3338       2.6742
    3339       2.6706
    3340       2.6888
    3341       2.4458
    3342       2.4063
    3343       2.3284
    3344       2.4659
    3345       2.2643
    3346       2.1522
    3347       2.2438
    3348       2.3101
    3349       2.4095
    3350       2.3533
    3351       2.1938
    3352       2.2930
    3353       2.0037
    3354       2.2119
    3355       2.1712
    3356       2.1517
    3357       2.0879
    3358       2.1472
    3359       2.2241
    3360       2.1364
    3361       2.2900
    3362       2.3054
    3363       2.1951
    3364       2.0574
    3365       2.0260
    3366       2.1789
    3367       2.1556
    3368       2.2026
    3369       2.3072
    3370       2.1172
    3371       2.1778
    3372       2.3891
    3373       2.4626
    3374       2.1944
    3375       2.2294
    3376       2.1675
    3377       2.0441
    3378       2.2446
    3379       2.2167
    3380       2.1735
    3381       2.1245
    3382       2.1508
    3383       2.2056
    3384       2.1439
    3385       2.1907
    3386       2.2888
    3387       2.3428
    3388       2.4081
    3389       2.5233
    3390       2.4277
    3391       2.3781
    3392       2.3786
    3393       2.3872
    3394       2.3522
    3395       2.3079
    3396       2.2427
    3397       2.2104
    3398       2.2860
    3399       2.2840
    3400       2.2683
    3401       2.1914
    3402       2.2968
    3403       2.1326
    3404       2.2322
    3405       2.0901
    3406       2.1237
    3407       2.0882
    3408       2.1397
    3409       2.3052
    3410       2.2317
    3411       2.1347
    3412       2.1444
    3413       2.1585
    3414       2.0738
    3415       1.9440
    3416       1.9910
    3417       2.0889
    3418       2.1600
    3419       2.3914
    3420       2.2791
    3421       2.2903
    3422       2.2584
    3423       2.3200
    3424       2.3490
    3425       2.3469
    3426       2.6081
    3427       2.5437
    3428       2.6183
    3429       2.6231
    3430       2.6014
    3431       2.6851
    3432       2.6596
    3433       2.8320
    3434       3.0245
    3435       3.0431
    3436       3.1230
    3437       2.7494
    3438       2.9155
    3439       2.9163
    3440       2.7624
    3441       2.9813
    3442       2.8761
    3443       2.9020
    3444       2.6495
    3445       2.5965
    3446       2.5781
    3447       2.7650
    3448       2.9135
    3449       2.9337
    3450       2.9952
    3451       2.8179
    3452       3.0330
    3453       2.9940
    3454       3.0550
    3455       2.8894
    3456       2.6305
    3457       2.7186
    3458       2.8743
    3459       2.7340
    3460       2.7185
    3461       2.7314
    3462       2.9041
    3463       2.8389
    3464       2.8784
    3465       2.8845
    3466       2.9674
    3467       2.7406
    3468       2.8490
    3469       2.7559
    3470       2.8909
    3471       2.7439
    3472       2.7542
    3473       2.6674
    3474       2.8879
    3475       2.8739
    3476       2.9454
    3477       2.9459
    3478       2.8904
    3479       2.8181
    3480       2.6883
    3481       2.7809
    3482       2.6150
    3483       2.7712
    3484       2.5594
    3485       2.5090
    3486       2.6133
    3487       2.5305
    3488       2.5954
    3489       2.5456
    3490       2.6246
    3491       2.4850
    3492       2.3716
    3493       2.5028
    3494       2.3010
    3495       2.2402
    3496       2.1251
    3497       2.1176
    3498       2.2217
    3499       2.1673
    3500       2.4056
    3501       2.3857
    3502       2.4528
    3503       2.4817
    3504       2.5888
    3505       2.4818
    3506       2.5205
    3507       2.4522
    3508       2.3341
    3509       2.5497
    3510       2.3867
    3511       2.3343
    3512       2.3460
    3513       2.3675
    3514       2.5006
    3515       2.3937
    3516       2.2400
    3517       2.3276
    3518       2.0717
    3519       2.0486
    3520       2.1955
    3521       2.0743
    3522       2.1641
    3523       2.0114
    3524       2.1659
    3525       2.2535
    3526       2.2635
    3527       2.1752
    3528       2.1964
    3529       2.2089
    3530       2.3057
    3531       2.1938
    3532       2.2475
    3533       2.2440
    3534       2.3742
    3535       2.1544
    3536       2.3491
    3537       2.6116
    3538       2.7412
    3539       2.7251
    3540       2.4878
    3541       2.3850
    3542       2.3447
    3543       2.4070
    3544       2.1512
    3545       2.1850
    3546       2.1408
    3547       2.0150
    3548       2.0555
    3549       2.1131
    3550       2.0247
    3551       2.1595
    3552       2.3452
    3553       2.4204
    3554       2.3994
    3555       2.3619
    3556       2.2925
    3557       2.3431
    3558       2.4601
    3559       2.4355
    3560       2.3411
    3561       2.4282
    3562       2.3329
    3563       2.3915
    3564       2.4001
    3565       2.2748
    3566       2.2854
    3567       2.2745
    3568       2.3478
    3569       2.2098
    3570       2.2203
    3571       2.2231
    3572       2.2770
    3573       2.3627
    3574       2.1082
    3575       2.2590
    3576       2.3456
    3577       2.3172
    3578       2.2327
    3579       2.2056
    3580       2.1711
    3581       2.1215
    3582       2.1743
    3583       2.2491
    3584       2.1930
    3585       2.1257
    3586       1.9763
    3587       2.1196
    3588       1.8472
    3589       2.0022
    3590       1.9538
    3591       2.0460
    3592       1.7904
    3593       1.9079
    3594       2.1075
    3595       2.1747
    3596       2.1538
    3597       2.1675
    3598       2.0388
    3599       2.2388
    3600       2.1946
    3601       2.3185
    3602       2.0729
    3603       1.9949
    3604       2.1594
    3605       2.2846
    3606       2.3332
    3607       2.4161
    3608       2.3323
    3609       2.3202
    3610       2.3004
    3611       2.2154
    3612       2.2341
    3613       2.1725
    3614       2.1495
    3615       2.0352
    3616       2.0990
    3617       2.1620
    3618       2.1612
    3619       1.8783
    3620       1.9867
    3621       2.0127
    3622       1.8890
    3623       1.9173
    3624       1.8640
    3625       1.8068
    3626       1.7416
    3627       1.7162
    3628       1.7488
    3629       1.6917
    3630       1.6049
    3631       1.5403
    3632       1.6626
    3633       1.6566
    3634       1.6484
    3635       1.6583
    3636       1.6982
    3637       1.8174
    3638       1.5625
    3639       1.6827
    3640       1.8212
    3641       1.9540
    3642       1.8606
    3643       1.7703
    3644       1.7130
    3645       1.7388
    3646       1.6573
    3647       1.8621
    3648       1.8467
    3649       1.8050
    3650       1.6773
    3651       1.6706
    3652       1.6703
    3653       1.7641
    3654       1.7044
    3655       1.6259
    3656       1.6025
    3657       1.6682
    3658       1.6822
    3659       1.6421
    3660       1.6832
    3661       1.7162
    3662       1.6797
    3663       1.6197
    3664       1.6928
    3665       1.5164
    3666       1.5488
    3667       1.4227
    3668       1.5559
    3669       1.5859
    3670       1.6924
    3671       1.5685
    3672       1.7212
    3673       1.5232
    3674       1.6528
    3675       1.5804
    3676       1.7259
    3677       1.6801
    3678       1.8359
    3679       1.7055
    3680       1.7314
    3681       1.7156
    3682       1.6016
    3683       1.7415
    3684       1.6193
    3685       1.6996
    3686       1.6333
    3687       1.5855
    3688       1.6993
    3689       1.6367
    3690       1.5573
    3691       1.5265
    3692       1.4703
    3693       1.6413
    3694       1.6015
    3695       1.5871
    3696       1.6023
    3697       1.5479
    3698       1.5813
    3699       1.5709
    3700       1.5785
    3701       1.6122
    3702       1.6510
    3703       1.6048
    3704       1.6528
    3705       1.8416
    3706       1.9838
    3707       1.9105
    3708       1.7568
    3709       1.7612
    3710       1.6722
    3711       1.6841
    3712       1.7778
    3713       1.7637
    3714       1.7511
    3715       1.8134
    3716       1.6606
    3717       1.7712
    3718       1.6901
    3719       1.6435
    3720       1.5617
    3721       1.6982
    3722       1.8095
    3723       1.7360
    3724       1.7984
    3725       1.6814
    3726       1.6993
    3727       1.8157
    3728       1.9151
    3729       1.8521
    3730       1.7904
    3731       1.9169
    3732       1.7226
    3733       1.7105
    3734       1.7514
    3735       1.7955
    3736       1.9487
    3737       1.9584
    3738       1.9327
    3739       2.1072
    3740       2.2457
    3741       1.9250
    3742       2.0482
    3743       2.1621
    3744       2.0141
    3745       1.9663
    3746       1.8321
    3747       1.8029
    3748       1.8067
    3749       1.7125
    3750       1.8356
    3751       1.7588
    3752       1.7499
    3753       1.8643
    3754       1.8515
    3755       1.8919
    3756       1.9074
    3757       1.7093
    3758       1.7772
    3759       1.7093
    3760       1.8510
    3761       1.6863
    3762       1.6703
    3763       1.7103
    3764       1.8428
    3765       1.7802
    3766       1.8846
    3767       1.8511
    3768       1.9798
    3769       1.8803
    3770       1.7631
    3771       1.6820
    3772       1.6359
    3773       1.8211
    3774       1.9051
    3775       1.8656
    3776       2.0766
    3777       1.9420
    3778       1.7441
    3779       1.6155
    3780       1.5425
    3781       1.7141
    3782       1.6606
    3783       1.7726
    3784       1.8290
    3785       1.7330
    3786       1.6679
    3787       1.6366
    3788       1.7282
    3789       1.7895
    3790       1.7268
    3791       1.8390
    3792       1.7450
    3793       1.7604
    3794       1.7774
    3795       1.6795
    3796       1.7542
    3797       1.7345
    3798       1.6542
    3799       1.5099
    3800       1.5397
    3801       1.5712
    3802       1.5782
    3803       1.5422
    3804       1.5539
    3805       1.6790
    3806       1.5387
    3807       1.5809
    3808       1.5640
    3809       1.5901
    3810       1.5647
    3811       1.5093
    3812       1.4829
    3813       1.5235
    3814       1.5672
    3815       1.6830
    3816       1.7327
    3817       1.6508
    3818       1.6264
    3819       1.6166
    3820       1.5971
    3821       1.5304
    3822       1.5216
    3823       1.4915
    3824       1.5172
    3825       1.5445
    3826       1.7077
    3827       1.7715
    3828       1.6424
    3829       1.6866
    3830       1.6610
    3831       1.5855
    3832       1.8164
    3833       1.7296
    3834       1.5758
    3835       1.6346
    3836       1.7273
    3837       1.6564
    3838       1.6569
    3839       1.6557
    3840       1.6790
    3841       1.7440
    3842       1.7705
    3843       1.7228
    3844       1.7031
    3845       1.7689
    3846       1.5996
    3847       1.6913
    3848       1.8299
    3849       1.7594
    3850       1.7998
    3851       1.7732
    3852       1.8152
    3853       1.6944
    3854       1.6888
    3855       1.7520
    3856       1.6671
    3857       1.6836
    3858       1.5918
    3859       1.6394
    3860       1.6003
    3861       1.7834
    3862       1.7481
    3863       1.6650
    3864       1.4922
    3865       1.4926
    3866       1.5294
    3867       1.4992
    3868       1.5284
    3869       1.5948
    3870       1.6532
    3871       1.7551
    3872       1.5668
    3873       1.6405
    3874       1.6864
    3875       1.8634
    3876       1.6938
    3877       1.7936
    3878       1.7808
    3879       1.7233
    3880       1.8696
    3881       1.8075
    3882       1.7746
    3883       1.8008
    3884       1.7431
    3885       1.7848
    3886       1.9353
    3887       2.0487
    3888       1.9690
    3889       1.8622
    3890       2.1349
    3891       2.0619
    3892       2.0232
    3893       2.1537
    3894       2.2504
    3895       2.0253
    3896       2.0605
    3897       1.9083
    3898       1.8741
    3899       1.8470
    3900       1.9961
    3901       1.7367
    3902       1.6875
    3903       1.8853
    3904       1.9919
    3905       1.9673
    3906       1.7914
    3907       1.6891
    3908       1.6970
    3909       1.6547
    3910       1.6547
    3911       1.7640
    3912       1.7336
    3913       1.7651
    3914       1.8233
    3915       1.6292
    3916       1.6276
    3917       1.6086
    3918       1.5527
    3919       1.6800
    3920       1.9721
    3921       1.7910
    3922       1.6843
    3923       1.6299
    3924       1.6385
    3925       1.5894
    3926       1.6594
    3927       1.7970
    3928       1.6211
    3929       1.8745
    3930       1.8339
    3931       1.7476
    3932       1.6451
    3933       1.6773
    3934       1.7216
    3935       1.6082
    3936       1.5358
    3937       1.7023
    3938       1.7219
    3939       1.6914
    3940       1.6602
    3941       1.5469
    3942       1.5470
    3943       1.6832
    3944       1.5305
    3945       1.6147
    3946       1.6239
    3947       1.5455
    3948       1.5681
    3949       1.5286
    3950       1.7203
    3951       1.7722
    3952       1.7228
    3953       1.6884
    3954       1.6029
    3955       1.7143
    3956       1.8306
    3957       1.6342
    3958       1.7745
    3959       1.7613
    3960       1.6780
    3961       1.6081
    3962       1.7184
    3963       1.8332
    3964       1.6720
    3965       1.8050
    3966       1.6470
    3967       1.7295
    3968       1.5867
    3969       1.5292
    3970       1.4738
    3971       1.5888
    3972       1.6331
    3973       1.6425
    3974       1.6459
    3975       1.5251
    3976       1.5361
    3977       1.4091
    3978       1.4994
    3979       1.7193
    3980       1.6805
    3981       1.7269
    3982       1.8058
    3983       1.8803
    3984       1.7465
    3985       1.5770
    3986       1.4839
    3987       1.5534
    3988       1.4602
    3989       1.4938
    3990       1.5125
    3991       1.7110
    3992       1.6385
    3993       1.5425
    3994       1.4788
    3995       1.5721
    3996       1.6035
    3997       1.7456
    3998       1.6915
    3999       1.7442
    4000       1.6912
    4001       1.6867
    4002       1.7154
    4003       1.6331
    4004       1.6213
    4005       1.4879
    4006       1.5165
    4007       1.5053
    4008       1.5782
    4009       1.4425
    4010       1.5832
    4011       1.5861
    4012       1.5764
    4013       1.6245
    4014       1.4452
    4015       1.4571
    4016       1.5112
    4017       1.6959
    4018       1.6982
    4019       1.7593
    4020       1.7430
    4021       1.9184
    4022       1.7398
    4023       1.6983
    4024       1.6806
    4025       1.6296
    4026       1.6543
    4027       1.5112
    4028       1.5424
    4029       1.5378
    4030       1.5665
    4031       1.5492
    4032       1.5860
    4033       1.5687
    4034       1.6014
    4035       1.6583
    4036       1.8220
    4037       1.8150
    4038       1.7222
    4039       1.8006
    4040       1.6734
    4041       1.7783
    4042       1.7085
    4043       1.7398
    4044       1.8356
    4045       1.8003
    4046       1.8980
    4047       1.8456
    4048       1.9070
    4049       1.8506
    4050       1.6490
    4051       1.7750
    4052       2.0123
    4053       2.1084
    4054       2.0652
    4055       2.0521
    4056       2.1772
    4057       2.1263
    4058       2.0604
    4059       2.1272
    4060       2.1308
    4061       2.3682
    4062       2.0310
    4063       2.1433
    4064       2.2169
    4065       2.1727
    4066       1.9582
    4067       1.8913
    4068       1.7662
    4069       1.8349
    4070       1.8818
    4071       1.8886
    4072       1.7500
    4073       1.8790
    4074       1.8043
    4075       1.7555
    4076       1.7214
    4077       1.7459
    4078       1.6623
    4079       1.6046
    4080       1.5230
    4081       1.6246
    4082       1.6913
    4083       1.5054
    4084       1.5347
    4085       1.5104
    4086       1.4916
    4087       1.5368
    4088       1.5255
    4089       1.5716
    4090       1.5749
    4091       1.5329
    4092       1.4398
    4093       1.6556
    4094       1.5372
    4095       1.5355
    4096       1.4456
    4097       1.4659
    4098       1.5802
    4099       1.5940
    4100       1.6079
    4101       1.6382
    4102       1.5419
    4103       1.5305
    4104       1.6094
    4105       1.5225
    4106       1.5280
    4107       1.5999
    4108       1.6320
    4109       1.6674
    4110       1.6308
    4111       1.6263
    4112       1.7301
    4113       1.5427
    4114       1.5722
    4115       1.5024
    4116       1.4367
    4117       1.3083
    4118       1.5148
    4119       1.5840
    4120       1.6514
    4121       1.6757
    4122       1.6350
    4123       1.6940
    4124       1.5003
    4125       1.6302
    4126       1.7667
    4127       1.7325
    4128       1.7955
    4129       1.7585
    4130       1.8376
    4131       1.7168
    4132       1.5592
    4133       1.8632
    4134       1.6706
    4135       1.7345
    4136       1.6605
    4137       1.6166
    4138       1.5816
    4139       1.6922
    4140       1.6478
    4141       1.5559
    4142       1.5205
    4143       1.5358
    4144       1.7589
    4145       1.7210
    4146       1.8410
    4147       1.7515
    4148       1.8870
    4149       2.0310
    4150       1.6725
    4151       1.6897
    4152       1.3725
    4153       1.3345
    4154       1.4598
    4155       1.5012
    4156       1.4517
    4157       1.5453
    4158       1.5009
    4159       1.5257
    4160       1.5089
    4161       1.3276
    4162       1.4643
    4163       1.4605
    4164       1.4968
    4165       1.5433
    4166       1.5546
    4167       1.5713
    4168       1.6580
    4169       1.6763
    4170       1.5682
    4171       1.7223
    4172       1.5557
    4173       1.4442
    4174       1.5150
    4175       1.4351
    4176       1.6283
    4177       1.5153
    4178       1.5138
    4179       1.5679
    4180       1.6598
    4181       1.6138
    4182       1.5222
    4183       1.6678
    4184       1.7675
    4185       1.7311
    4186       1.6118
    4187       1.7473
    4188       1.5767
    4189       1.7067
    4190       1.9582
    4191       1.9288
    4192       1.8991
    4193       1.9616
    4194       1.6386
    4195       1.6296
    4196       1.6733
    4197       1.5368
    4198       1.6048
    4199       1.5616
    4200       1.5808
    4201       1.5256
    4202       1.5672
    4203       1.5847
    4204       1.6726
    4205       1.6530
    4206       1.7009
    4207       1.7574
    4208       1.7806
    4209       1.7206
    4210       1.8681
    4211       1.7658
    4212       1.5973
    4213       1.6019
    4214       1.5462
    4215       1.6413
    4216       1.7420
    4217       1.6428
    4218       1.7411
    4219       1.9617
    4220       1.7576
    4221       1.7153
    4222       1.8635
    4223       2.0287
    4224       1.7568
    4225       1.9373
    4226       1.7384
    4227       1.9343
    4228       1.8621
    4229       1.8875
    4230       1.9576
    4231       2.0916
    4232       1.8755
    4233       2.1682
    4234       2.1872
    4235       2.2090
    4236       2.0807
    4237       2.1197
    4238       2.0398
    4239       2.0452
    4240       2.3951
    4241       2.1361
    4242       2.1099
    4243       2.2631
    4244       2.3098
    4245       2.2339
    4246       2.1863
    4247       1.9750
    4248       1.8991
    4249       1.8957
    4250       1.8086
    4251       1.8891
    4252       1.8467
    4253       1.8477
    4254       1.8062
    4255       1.5892
    4256       1.7329
    4257       1.8077
    4258       1.6434
    4259       1.6168
    4260       1.8157
    4261       1.7775
    4262       1.8705
    4263       1.7934
    4264       1.6061
    4265       1.6512
    4266       1.7952
    4267       1.7252
    4268       2.0025
    4269       2.0999
    4270       2.0003
    4271       1.9522
    4272       2.0294
    4273       1.9588
    4274       2.1342
    4275       2.1119
    4276       1.8719
    4277       1.9859
    4278       1.8826
    4279       2.0127
    4280       1.9901
    4281       1.8305
    4282       1.7803
    4283       1.6435
    4284       1.6195
    4285       1.7872
    4286       1.7347
    4287       1.5359
    4288       1.7700
    4289       1.7770
    4290       1.7037
    4291       1.6612
    4292       1.6852
    4293       1.6932
    4294       1.8636
    4295       1.6630
    4296       1.6869
    4297       1.6190
    4298       1.8409
    4299       1.8656
    4300       1.9130
    4301       1.7899
    4302       1.7275
    4303       1.9115
    4304       1.7872
    4305       1.9468
    4306       1.9721
    4307       1.8319
    4308       1.8852
    4309       1.9427
    4310       2.0246
    4311       2.0332
    4312       2.0236
    4313       2.1604
    4314       2.1557
    4315       2.2682
    4316       2.3280
    4317       2.1651
    4318       1.9547
    4319       1.9139
    4320       1.9927
    4321       2.0097
    4322       2.0498
    4323       1.9260
    4324       1.8736
    4325       1.7927
    4326       1.9575
    4327       1.8602
    4328       1.8364
    4329       1.9021
    4330       1.9413
    4331       1.7540
    4332       1.8540
    4333       1.8590
    4334       1.8730
    4335       1.7805
    4336       1.8585
    4337       1.9691
    4338       1.8193
    4339       1.8595
    4340       1.8765
    4341       1.7941
    4342       1.8985
    4343       1.8551
    4344       2.0498
    4345       2.0364
    4346       2.2239
    4347       2.0595
    4348       1.9555
    4349       2.0084
    4350       1.9746
    4351       1.8633
    4352       1.7456
    4353       1.7813
    4354       1.8047
    4355       1.8677
    4356       1.8498
    4357       1.9705
    4358       1.8326
    4359       1.6888
    4360       1.6263
    4361       1.5403
    4362       1.6170
    4363       1.5698
    4364       1.5359
    4365       1.7113
    4366       1.6156
    4367       1.6591
    4368       2.0863
    4369       2.0755
    4370       2.1335
    4371       2.1445
    4372       2.2887
    4373       2.1503
    4374       2.1643
    4375       1.9798
    4376       2.0830
    4377       1.7524
    4378       1.8263
    4379       2.0020
    4380       1.8147
    4381       1.8904
    4382       1.8652
    4383       1.8907
    4384       1.9811
    4385       2.0596
    4386       2.0563
    4387       2.1305
    4388       2.0336
    4389       2.1765
    4390       2.2790
    4391       2.0340
    4392       1.9857
    4393       2.0913
    4394       1.7487
    4395       1.6999
    4396       1.8316
    4397       1.6448
    4398       1.6184
    4399       1.5392
    4400       1.5165
    4401       1.5928
    4402       1.6196
    4403       1.4992
    4404       1.6354
    4405       1.6990
    4406       1.8211
    4407       1.8044
    4408       1.7187
    4409       1.8243
    4410       1.7445
    4411       1.7239
    4412       1.6369
    4413       1.6660
    4414       1.8523
    4415       1.8130
    4416       1.9473
    4417       1.8828
    4418       1.8816
    4419       1.9802
    4420       2.0000
    4421       1.8616
    4422       2.0523
    4423       2.0733
    4424       2.1522
    4425       2.4278
    4426       2.1734
    4427       2.1976
    4428       2.1190
    4429       2.1653
    4430       2.0298
    4431       2.3148
    4432       2.3554
    4433       2.1950
    4434       2.1587
    4435       2.1921
    4436       1.9079
    4437       1.6901
    4438       1.6685
    4439       1.7507
    4440       1.7199
    4441       1.5587
    4442       1.7058
    4443       1.7855
    4444       1.7277
    4445       1.7160
    4446       1.7154
    4447       1.6099
    4448       1.8362
    4449       1.8364
    4450       1.6837
    4451       1.6652
    4452       1.6312
    4453       1.5707
    4454       1.6354
    4455       1.7216
    4456       1.7362
    4457       1.7723
    4458       1.6532
    4459       1.8001
    4460       1.6624
    4461       1.7607
    4462       1.7829
    4463       1.9027
    4464       1.8138
    4465       1.8790
    4466       1.9386
    4467       1.9975
    4468       2.0495
    4469       1.8325
    4470       1.8873
    4471       1.8369
    4472       1.8602
    4473       1.8334
    4474       1.6943
    4475       1.5833
    4476       1.6098
    4477       1.7340
    4478       1.9031
    4479       1.9063
    4480       1.9079
    4481       1.8831
    4482       2.0063
    4483       1.8621
    4484       1.7940
    4485       1.8634
    4486       1.8628
    4487       1.7672
    4488       1.7591
    4489       1.7816
    4490       1.7431
    4491       1.7083
    4492       1.7903
    4493       1.8116
    4494       1.7669
    4495       1.6013
    4496       1.7371
    4497       1.7408
    4498       1.5843
    4499       1.6556
    4500       1.5196
    4501       1.6686
    4502       1.6875
    4503       1.8315
    4504       1.7667
    4505       1.8009
    4506       1.7032
    4507       1.8237
    4508       1.8229
    4509       2.0254
    4510       2.0588
    4511       2.1024
    4512       2.1231
    4513       2.1605
    4514       2.2055
    4515       2.2568
    4516       2.1803
    4517       2.3020
    4518       2.1085
    4519       2.1913
    4520       2.1534
    4521       2.0520
    4522       2.1245
    4523       1.9409
    4524       1.8773
    4525       1.9472
    4526       2.0857
    4527       1.9823
    4528       2.0712
    4529       2.0312
    4530       1.8486
    4531       2.0205
    4532       1.9137
    4533       2.1044
    4534       2.0824
    4535       2.1575
    4536       2.0995
    4537       2.1980
    4538       2.0430
    4539       2.0556
    4540       2.0620
    4541       1.9474
    4542       2.1335
    4543       2.2519
    4544       2.2097
    4545       2.0365
    4546       1.9716
    4547       2.1784
    4548       2.2714
    4549       2.1557
    4550       2.1877
    4551       2.0041
    4552       2.1874
    4553       2.1349
    4554       2.0832
    4555       2.0718
    4556       2.1711
    4557       2.0977
    4558       2.0074
    4559       2.1348
    4560       2.1733
    4561       2.2175
    4562       2.2189
    4563       2.1726
    4564       2.0631
    4565       1.9240
    4566       1.8046
    4567       1.6884
    4568       1.8413
    4569       1.8032
    4570       1.6143
    4571       1.8245
    4572       1.7777
    4573       2.0155
    4574       1.9902
    4575       2.0531
    4576       2.0902
    4577       2.1795
    4578       2.1243
    4579       2.0099
    4580       2.0636
    4581       2.1312
    4582       2.1078
    4583       2.1098
    4584       1.9344
    4585       1.9917
    4586       2.1902
    4587       2.1610
    4588       2.2006
    4589       2.2553
    4590       2.2967
    4591       2.1478
    4592       2.1440
    4593       2.0787
    4594       2.0245
    4595       1.9919
    4596       2.0920
    4597       2.0766
    4598       2.0539
    4599       1.9021
    4600       1.8921
    4601       1.9708
    4602       2.1747
    4603       2.1903
    4604       2.2753
    4605       2.1524
    4606       2.1072
    4607       2.1760
    4608       2.2894
    4609       2.1198
    4610       2.0982
    4611       2.0024
    4612       2.1146
    4613       2.2098
    4614       2.2072
    4615       2.0747
    4616       2.1344
    4617       2.3025
    4618       2.2708
    4619       2.2879
    4620       2.3649
    4621       2.2344
    4622       2.2284
    4623       2.1450
    4624       2.1767
    4625       2.1075
    4626       2.2207
    4627       2.1149
    4628       1.9034
    4629       2.0962
    4630       1.9966
    4631       2.0878
    4632       2.0516
    4633       2.0588
    4634       2.0146
    4635       2.0866
    4636       2.1081
    4637       2.1891
    4638       2.2272
    4639       2.2106
    4640       2.1918
    4641       2.3304
    4642       2.0368
    4643       2.2069
    4644       2.3027
    4645       2.2947
    4646       2.2422
    4647       2.0486
    4648       2.0933
    4649       2.1869
    4650       2.0452
    4651       2.1420
    4652       2.3251
    4653       2.4001
    4654       2.5601
    4655       2.4653
    4656       2.4701
    4657       2.1748
    4658       2.1709
    4659       2.2029
    4660       2.1889
    4661       2.1824
    4662       2.1738
    4663       2.0802
    4664       2.3899
    4665       2.2788
    4666       2.3015
    4667       2.3234
    4668       2.3854
    4669       2.4069
    4670       2.4845
    4671       2.3760
    4672       2.5051
    4673       2.3980
    4674       2.2080
    4675       2.2515
    4676       2.1325
    4677       2.2534
    4678       2.2764
    4679       2.3702
    4680       2.3314
    4681       2.4307
    4682       2.3433
    4683       2.2347
    4684       2.2368
    4685       2.2295
    4686       2.0913
    4687       2.0216
    4688       2.1185
    4689       1.9351
    4690       1.9845
    4691       1.9161
    4692       1.9155
    4693       1.9290
    4694       1.8404
    4695       1.8409
    4696       2.0638
    4697       2.2120
    4698       2.2676
    4699       2.3334
    4700       2.4586
    4701       2.4112
    4702       2.3750
    4703       2.2023
    4704       2.1051
    4705       2.1941
    4706       2.1316
    4707       2.0750
    4708       2.1396
    4709       2.1311
    4710       2.2316
    4711       2.2255
    4712       2.1977
    4713       2.3613
    4714       2.4044
    4715       2.3937
    4716       2.3683
    4717       2.3888
    4718       2.2799
    4719       2.2558
    4720       2.2534
    4721       2.3163
    4722       2.1878
    4723       2.2066
    4724       2.3115
    4725       2.1304
    4726       2.1620
    4727       2.3104
    4728       2.3775
    4729       2.5048
    4730       2.4329
    4731       2.3531
    4732       2.3914
    4733       2.3843
    4734       2.3850
    4735       2.2390
    4736       2.1836
    4737       2.4160
    4738       2.3722
    4739       2.3698
    4740       2.3106
    4741       2.2593
    4742       2.3010
    4743       2.1461
    4744       1.9823
    4745       2.1082
    4746       2.2474
    4747       2.0706
    4748       2.0838
    4749       1.9972
    4750       2.0607
    4751       2.0473
    4752       2.0748
    4753       1.9643
    4754       2.0480
    4755       2.2239
    4756       2.1928
    4757       2.2805
    4758       2.3789
    4759       2.3446
    4760       2.6353
    4761       2.3522
    4762       2.2752
    4763       2.2515
    4764       2.4150
    4765       2.3814
    4766       2.2505
    4767       2.1575
    4768       2.0498
    4769       2.0720
    4770       2.0456
    4771       2.0798
    4772       2.2322
    4773       2.4678
    4774       2.3828
    4775       2.3327
    4776       2.3773
    4777       2.3385
    4778       2.4103
    4779       2.3379
    4780       2.2549
    4781       2.2728
    4782       2.1966
    4783       2.2355
    4784       2.2342
    4785       1.9893
    4786       2.1285
    4787       1.9217
    4788       2.1606
    4789       2.4774
    4790       2.3737
    4791       2.4754
    4792       2.2522
    4793       2.2383
    4794       2.3048
    4795       2.3297
    4796       2.1262
    4797       2.2331
    4798       2.2115
    4799       2.2504
    4800       2.2771
    4801       2.2825
    4802       2.2182
    4803       2.2613
    4804       2.3097
    4805       2.1798
    4806       2.0955
    4807       2.3305
    4808       2.4424
    4809       2.4229
    4810       2.4677
    4811       2.3953
    4812       2.2343
    4813       2.1960
    4814       2.2086
    4815       2.1155
    4816       2.2504
    4817       2.4844
    4818       2.6986
    4819       2.4893
    4820       2.2427
    4821       2.1212
    4822       2.2438
    4823       2.2260
    4824       2.2482
    4825       2.1419
    4826       2.1989
    4827       2.2819
    4828       2.3203
    4829       2.4554
    4830       2.3799
    4831       2.0811
    4832       2.0070
    4833       2.0584
    4834       1.9037
    4835       1.9000
    4836       2.0366
    4837       2.1850
    4838       1.9989
    4839       2.1375
    4840       2.2369
    4841       2.2543
    4842       2.2052
    4843       2.0689
    4844       2.0178
    4845       2.2080
    4846       1.9948
    4847       2.0025
    4848       1.9099
    4849       1.9938
    4850       2.1386
    4851       2.1226
    4852       1.9745
    4853       2.0149
    4854       2.0347
    4855       2.1350
    4856       2.1994
    4857       2.3032
    4858       2.3242
    4859       2.4228
    4860       2.3152
    4861       2.2834
    4862       2.2229
    4863       2.1434
    4864       2.1042
    4865       2.2782
    4866       2.3757
    4867       2.4162
    4868       2.3387
    4869       2.2472
    4870       1.9561
    4871       1.9222
    4872       1.8819
    4873       1.9222
    4874       1.7399
    4875       1.7543
    4876       1.8572
    4877       1.8188
    4878       1.8899
    4879       2.1069
    4880       2.4844
    4881       2.2572
    4882       2.2707
    4883       2.0798
    4884       1.8635
    4885       1.8573
    4886       1.7922
    4887       1.9346
    4888       1.9413
    4889       1.9535
    4890       1.9860
    4891       1.9503
    4892       1.8310
    4893       1.9366
    4894       1.8027
    4895       2.0756
    4896       1.9601
    4897       1.9008
    4898       1.9261
    4899       1.9601
    4900       1.9689
    4901       1.8499
    4902       1.9982
    4903       1.8567
    4904       1.8075
    4905       1.7929
    4906       1.8433
    4907       1.8546
    4908       1.7108
    4909       1.8744
    4910       1.9440
    4911       1.8355
    4912       1.9273
    4913       1.8056
    4914       1.7321
    4915       1.8441
    4916       1.9596
    4917       1.7982
    4918       1.9426
    4919       2.0095
    4920       1.9140
    4921       1.9612
    4922       1.9959
    4923       2.2556
    4924       2.0967
    4925       1.9745
    4926       2.0065
    4927       1.7289
    4928       1.6776
    4929       1.6811
    4930       1.8303
    4931       1.7380
    4932       1.7789
    4933       1.6898
    4934       1.8570
    4935       1.9577
    4936       1.7624
    4937       1.7669
    4938       1.8777
    4939       1.7330
    4940       1.8301
    4941       1.7993
    4942       2.0785
    4943       2.1508
    4944       1.9979
    4945       1.8076
    4946       1.8429
    4947       1.8194
    4948       1.8215
    4949       1.8496
    4950       1.8158
    4951       1.6070
    4952       1.5714
    4953       1.6240
    4954       1.6636
    4955       1.6386
    4956       1.6543
    4957       1.6413
    4958       1.7988
    4959       1.8434
    4960       1.7361
    4961       1.6432
    4962       1.6053
    4963       1.8107
    4964       1.7910
    4965       1.8275
    4966       1.6287
    4967       1.7841
    4968       1.6999
    4969       1.9637
    4970       1.9987
    4971       1.8740
    4972       1.9353
    4973       1.8980
    4974       1.8629
    4975       1.9592
    4976       1.8191
    4977       1.8919
    4978       2.0323
    4979       2.1812
    4980       2.0738
    4981       2.1990
    4982       2.0300
    4983       1.8592
    4984       1.6446
    4985       1.7506
    4986       1.5800
    4987       1.7034
    4988       1.7421
    4989       1.8316
    4990       1.6529
    4991       1.6401
    4992       1.7602
    4993       1.7631
    4994       1.7581
    4995       1.6540
    4996       1.7276
    4997       1.7174
    4998       1.7698
    4999       1.6944
    5000       1.8098
    5001       1.8555
    5002       1.8102
    5003       1.9833
    5004       1.8170
    5005       1.7629
    5006       1.8130
    5007       1.5272
    5008       1.5748
    5009       1.7467
    5010       1.6735
    5011       1.7836
    5012       1.8252
    5013       1.8855
    5014       1.7446
    5015       1.7953
    5016       1.6681
    5017       1.8137
    5018       1.6638
    5019       1.7056
    5020       1.7806
    5021       1.7559
    5022       1.8419
    5023       1.9030
    5024       1.9245
    5025       1.9749
    5026       1.9788
    5027       2.1505
    5028       2.0045
    5029       1.9605
    5030       1.6202
    5031       1.6733
    5032       1.7518
    5033       1.8046
    5034       1.7875
    5035       1.7205
    5036       1.6628
    5037       1.6467
    5038       1.6443
    5039       1.6233
    5040       1.7294
    5041       1.7986
    5042       1.9764
    5043       1.8267
    5044       1.8620
    5045       1.6958
    5046       1.9528
    5047       1.7709
    5048       1.5882
    5049       1.8011
    5050       1.8183
    5051       1.7560
    5052       1.7268
    5053       1.8050
    5054       1.8740
    5055       1.8164
    5056       1.9127
    5057       1.9163
    5058       1.8856
    5059       1.9626
    5060       1.8220
    5061       1.9133
    5062       2.0525
    5063       2.0532
    5064       1.9697
    5065       2.1378
    5066       2.2817
    5067       2.1997
    5068       2.3855
    5069       2.4016
    5070       2.1602
    5071       2.0351
    5072       1.9788
    5073       1.9988
    5074       1.8789
    5075       1.7541
    5076       1.8113
    5077       1.6926
    5078       1.8624
    5079       1.6910
    5080       1.7751
    5081       1.7885
    5082       1.7362
    5083       1.7453
    5084       1.8354
    5085       1.8665
    5086       1.7754
    5087       1.9016
    5088       1.8615
    5089       1.9725
    5090       2.1264
    5091       1.9839
    5092       2.1292
    5093       2.1524
    5094       1.9212
    5095       1.9383
    5096       1.9910
    5097       2.0075
    5098       2.0971
    5099       2.0948
    5100       1.9080
    5101       1.9119
    5102       2.0147
    5103       2.1632
    5104       2.2931
    5105       2.2959
    5106       2.2268
    5107       2.3592
    5108       2.3605
    5109       2.6362
    5110       2.3276
    5111       2.2397
    5112       2.1592
    5113       2.1513
    5114       2.0676
    5115       1.9823
    5116       1.8683
    5117       1.8494
    5118       2.0856
    5119       2.0037
    5120       2.0064
    5121       1.8280
    5122       1.6623
    5123       1.5144
    5124       1.5830
    5125       1.7690
    5126       1.9632
    5127       1.7298
    5128       1.7836
    5129       1.8623
    5130       1.9280
    5131       1.9693
    5132       1.9737
    5133       1.9528
    5134       1.9553
    5135       1.9854
    5136       1.8083
    5137       1.8689
    5138       1.8807
    5139       1.8839
    5140       1.9388
    5141       1.7336
    5142       1.6755
    5143       1.5427
    5144       1.6780
    5145       1.9793
    5146       1.8785
    5147       1.8986
    5148       2.0036
    5149       1.7791
    5150       1.6715
    5151       1.6496
    5152       1.7064
    5153       1.7133
    5154       1.4780
    5155       1.6195
    5156       1.7334
    5157       1.4694
    5158       1.6665
    5159       1.8756
    5160       1.9105
    5161       1.7544
    5162       1.7132
    5163       1.4691
    5164       1.4185
    5165       1.4136
    5166       1.4287
    5167       1.4858
    5168       1.4498
    5169       1.7474
    5170       1.8477
    5171       1.8446
    5172       1.7875
    5173       1.7342
    5174       1.8824
    5175       1.7205
    5176       1.8374
    5177       1.9117
    5178       1.8639
    5179       1.8082
    5180       1.8355
    5181       1.7741
    5182       1.7166
    5183       1.5562
    5184       1.6466
    5185       1.8149
    5186       1.8090
    5187       1.7103
    5188       1.7295
    5189       1.7524
    5190       1.6483
    5191       1.4394
    5192       1.5983
    5193       1.7191
    5194       1.7639
    5195       1.7090
    5196       1.7596
    5197       1.8708
    5198       1.7786
    5199       1.7406
    5200       1.6326
    5201       1.5645
    5202       1.6818
    5203       1.6553
    5204       1.8937
    5205       1.7893
    5206       1.8620
    5207       1.8193
    5208       1.8573
    5209       1.7394
    5210       1.8381
    5211       1.7445
    5212       1.6572
    5213       1.6108
    5214       1.8079
    5215       1.8201
    5216       1.8683
    5217       1.8950
    5218       1.8356
    5219       1.8685
    5220       1.6445
    5221       1.7605
    5222       1.6277
    5223       1.7846
    5224       1.8341
    5225       1.7411
    5226       1.7406
    5227       1.5920
    5228       1.6079
    5229       1.5780
    5230       1.6631
    5231       1.5915
    5232       1.6205
    5233       1.6869
    5234       1.4902
    5235       1.6315
    5236       1.6895
    5237       1.6802
    5238       1.7469
    5239       2.0062
    5240       1.9114
    5241       1.6769
    5242       1.6663
    5243       1.8901
    5244       1.6814
    5245       1.7045
    5246       1.7239
    5247       1.7139
    5248       1.6918
    5249       1.5843
    5250       1.7377
    5251       1.7319
    5252       1.5604
    5253       1.5652
    5254       1.7103
    5255       1.8363
    5256       1.9749
    5257       2.2267
    5258       1.9904
    5259       1.8765
    5260       1.9099
    5261       2.0945
    5262       1.9569
    5263       1.9182
    5264       1.7999
    5265       1.9947
    5266       2.0165
    5267       1.8629
    5268       1.9020
    5269       1.7967
    5270       1.7366
    5271       1.8181
    5272       1.8168
    5273       1.8498
    5274       1.8715
    5275       1.8508
    5276       1.8853
    5277       1.8374
    5278       1.7746
    5279       1.7438
    5280       1.9627
    5281       1.8858
    5282       1.8232
    5283       1.6268
    5284       1.8016
    5285       1.8896
    5286       1.7539
    5287       1.9994
    5288       1.7696
    5289       1.9282
    5290       1.9775
    5291       1.9024
    5292       1.8036
    5293       1.9186
    5294       1.9478
    5295       1.9560
    5296       1.8044
    5297       1.9062
    5298       1.7031
    5299       1.6961
    5300       1.8910
    5301       1.8311
    5302       1.9655
    5303       1.9651
    5304       1.8234
    5305       1.8148
    5306       2.0918
    5307       2.1600
    5308       2.0646
    5309       2.0890
    5310       1.9180
    5311       1.7717
    5312       1.8872
    5313       1.7900
    5314       1.6176
    5315       1.7139
    5316       1.8796
    5317       2.0020
    5318       1.9175
    5319       1.7947
    5320       1.9751
    5321       1.9401
    5322       1.8250
    5323       1.7418
    5324       1.6325
    5325       1.5610
    5326       1.6085
    5327       1.7090
    5328       1.7694
    5329       1.8010
    5330       1.8355
    5331       1.7197
    5332       1.7807
    5333       1.6473
    5334       1.5021
    5335       1.5690
    5336       1.6179
    5337       1.7848
    5338       1.8605
    5339       1.8577
    5340       1.7728
    5341       1.8554
    5342       1.9097
    5343       1.9035
    5344       1.9009
    5345       1.8706
    5346       1.9428
    5347       1.9143
    5348       1.9704
    5349       1.8908
    5350       1.6833
    5351       1.7389
    5352       1.5670
    5353       1.7200
    5354       1.7430
    5355       1.7202
    5356       1.7601
    5357       1.7452
    5358       1.7535
    5359       1.8434
    5360       1.9105
    5361       2.0451
    5362       2.0553
    5363       2.3225
    5364       2.1112
    5365       2.1355
    5366       2.2738
    5367       2.2231
    5368       2.1760
    5369       2.1211
    5370       2.1432
    5371       2.1937
    5372       2.1907
    5373       2.2360
    5374       2.1051
    5375       1.8352
    5376       2.0918
    5377       1.8656
    5378       1.7632
    5379       1.9435
    5380       1.7203
    5381       1.8702
    5382       1.9765
    5383       2.0335
    5384       2.0149
    5385       2.2207
    5386       2.1387
    5387       2.1996
    5388       2.1779
    5389       2.2232
    5390       2.3250
    5391       2.3246
    5392       2.3560
    5393       2.2452
    5394       2.0726
    5395       2.3544
    5396       2.2792
    5397       2.2097
    5398       2.3286
    5399       2.4199
    5400       2.4121
    5401       2.4469
    5402       2.2562
    5403       2.1437
    5404       2.0771
    5405       1.9962
    5406       2.0516
    5407       1.9524
    5408       1.9972
    5409       1.7706
    5410       1.6955
    5411       1.8234
    5412       1.8749
    5413       1.9170
    5414       2.0650
    5415       1.9508
    5416       1.7541
    5417       1.7582
    5418       1.7542
    5419       1.8911
    5420       1.8383
    5421       1.8330
    5422       1.8397
    5423       1.8293
    5424       1.8956
    5425       1.9138
    5426       1.7807
    5427       1.7385
    5428       1.7882
    5429       1.9271
    5430       1.6833
    5431       1.9169
    5432       1.9600
    5433       1.9717
    5434       1.9671
    5435       1.9073
    5436       1.7563
    5437       2.0890
    5438       2.1103
    5439       1.9852
    5440       1.9611
    5441       1.8541
    5442       1.8748
    5443       1.8708
    5444       1.9370
    5445       1.8737
    5446       1.9659
    5447       1.7082
    5448       1.7504
    5449       1.6957
    5450       1.7739
    5451       1.8859
    5452       1.9792
    5453       2.0164
    5454       2.0014
    5455       2.0793
    5456       1.8686
    5457       1.8413
    5458       1.9002
    5459       2.0722
    5460       2.0024
    5461       1.9945
    5462       1.9304
    5463       2.0551
    5464       2.1692
    5465       2.2439
    5466       1.9633
    5467       2.1688
    5468       2.2397
    5469       2.0027
    5470       2.0668
    5471       2.0210
    5472       2.2422
    5473       2.3893
    5474       2.4218
    5475       2.1790
    5476       2.1087
    5477       2.0655
    5478       2.1772
    5479       2.1165
    5480       2.1216
    5481       2.0165
    5482       2.0628
    5483       2.1435
    5484       2.1874
    5485       1.9455
    5486       2.0116
    5487       1.8701
    5488       1.9615
    5489       1.7939
    5490       1.7840
    5491       1.8005
    5492       1.7660
    5493       1.8904
    5494       1.7237
    5495       1.7412
    5496       1.8290
    5497       1.9512
    5498       1.9874
    5499       1.8116
    5500       1.9518
    5501       2.0821
    5502       1.8511
    5503       1.9683
    5504       2.0345
    5505       2.1043
    5506       1.9671
    5507       2.0238
    5508       1.8703
    5509       1.9491
    5510       2.0994
    5511       2.0735
    5512       2.0306
    5513       1.8905
    5514       1.9463
    5515       1.8190
    5516       1.8141
    5517       1.8543
    5518       1.9137
    5519       1.8505
    5520       1.9365
    5521       1.9137
    5522       1.9416
    5523       1.8921
    5524       1.9521
    5525       1.9623
    5526       2.1268
    5527       2.0920
    5528       2.0996
    5529       1.8492
    5530       1.9312
    5531       1.9333
    5532       1.8166
    5533       1.7397
    5534       1.8134
    5535       1.7800
    5536       1.6858
    5537       1.7464
    5538       1.7212
    5539       1.6933
    5540       1.7800
    5541       1.7959
    5542       1.8615
    5543       1.7344
    5544       1.8287
    5545       1.9917
    5546       1.9875
    5547       2.0793
    5548       2.2108
    5549       2.2001
    5550       1.9771
    5551       1.8617
    5552       1.9059
    5553       1.7800
    5554       1.8390
    5555       1.7937
    5556       2.1266
    5557       2.0684
    5558       2.0196
    5559       2.0033
    5560       1.9616
    5561       1.8850
    5562       2.0925
    5563       1.9855
    5564       1.9993
    5565       1.9879
    5566       2.3058
    5567       2.3747
    5568       2.3040
    5569       2.3054
    5570       2.0915
    5571       2.1307
    5572       2.0994
    5573       2.0417
    5574       2.1844
    5575       2.1470
    5576       1.9790
    5577       2.1431
    5578       2.0146
    5579       1.8640
    5580       1.8125
    5581       1.8184
    5582       1.8513
    5583       1.7529
    5584       1.8721
    5585       1.8559
    5586       1.9398
    5587       2.0178
    5588       2.0409
    5589       1.8574
    5590       2.0188
    5591       1.9588
    5592       2.0893
    5593       2.0294
    5594       2.0856
    5595       2.1380
    5596       1.9088
    5597       2.2641
    5598       2.2434
    5599       2.1625
    5600       2.1919
    5601       2.2474
    5602       2.3129
    5603       2.1597
    5604       2.2415
    5605       2.1306
    5606       2.0335
    5607       1.9457
    5608       1.9477
    5609       1.8253
    5610       1.9072
    5611       1.6648
    5612       1.5220
    5613       1.4873
    5614       1.4516
    5615       1.6146
    5616       1.5070
    5617       1.5586
    5618       1.6224
    5619       1.6131
    5620       1.6494
    5621       1.6706
    5622       1.7745
    5623       1.8543
    5624       1.8363
    5625       1.6987
    5626       1.7202
    5627       1.8975
    5628       1.9597
    5629       1.7860
    5630       1.6820
    5631       1.8454
    5632       1.6182
    5633       1.8422
    5634       1.9767
    5635       1.9276
    5636       2.2140
    5637       2.1195
    5638       2.0318
    5639       1.9292
    5640       1.9766
    5641       1.9198
    5642       1.9131
    5643       1.9892
    5644       2.0479
    5645       1.9947
    5646       2.1372
    5647       2.1394
    5648       2.1775
    5649       1.9883
    5650       2.1125
    5651       2.1000
    5652       2.1408
    5653       1.9191
    5654       1.9968
    5655       2.1248
    5656       2.2011
    5657       2.1928
    5658       2.0791
    5659       2.1256
    5660       2.1476
    5661       1.9335
    5662       1.9544
    5663       2.0721
    5664       2.1132
    5665       1.8974
    5666       1.8910
    5667       1.8748
    5668       1.9387
    5669       1.9408
    5670       1.8550
    5671       1.8653
    5672       1.8475
    5673       1.7644
    5674       1.8056
    5675       1.8315
    5676       1.7846
    5677       1.5108
    5678       1.5556
    5679       1.5568
    5680       1.6307
    5681       1.5100
    5682       1.5663
    5683       1.7500
    5684       1.8829
    5685       1.9603
    5686       2.0065
    5687       2.0454
    5688       1.8701
    5689       2.0471
    5690       1.9115
    5691       1.9556
    5692       1.9893
    5693       1.9808
    5694       2.0953
    5695       2.1663
    5696       2.0862
    5697       2.0095
    5698       2.0350
    5699       2.2103
    5700       2.0619
    5701       2.1285
    5702       2.1843
    5703       2.1064
    5704       2.3150
    5705       2.2203
    5706       2.0880
    5707       1.9611
    5708       1.9151
    5709       1.9954
    5710       1.9528
    5711       2.1820
    5712       2.1679
    5713       2.1272
    5714       2.4475
    5715       2.3516
    5716       2.7034
    5717       2.3307
    5718       2.3844
    5719       2.1420
    5720       2.0077
    5721       2.0721
    5722       1.8816
    5723       1.8295
    5724       1.9588
    5725       2.0303
    5726       1.9013
    5727       1.9914
    5728       2.1087
    5729       2.0091
    5730       1.9467
    5731       2.0040
    5732       1.9145
    5733       1.9318
    5734       2.0563
    5735       2.2096
    5736       2.0814
    5737       2.1222
    5738       2.0545
    5739       2.1510
    5740       2.2769
    5741       2.2207
    5742       2.3184
    5743       2.3455
    5744       2.3809
    5745       2.2183
    5746       2.0736
    5747       2.2502
    5748       2.2557
    5749       2.0610
    5750       1.9678
    5751       2.0818
    5752       2.1211
    5753       1.9870
    5754       2.0840
    5755       2.0733
    5756       2.2778
    5757       2.1938
    5758       2.1193
    5759       2.0830
    5760       2.0241
    5761       2.0375
    5762       1.9868
    5763       1.9261
    5764       1.9686
    5765       1.9717
    5766       1.8678
    5767       1.9933
    5768       2.0838
    5769       2.0619
    5770       1.8106
    5771       1.9277
    5772       1.9373
    5773       1.9461
    5774       1.9732
    5775       1.8859
    5776       1.9476
    5777       1.9698
    5778       2.0447
    5779       1.9719
    5780       1.9289
    5781       1.8692
    5782       2.0381
    5783       1.9490
    5784       1.9634
    5785       2.0630
    5786       2.1596
    5787       2.2625
    5788       2.0587
    5789       2.0032
    5790       1.9227
    5791       1.9082
    5792       1.7174
    5793       1.6846
    5794       1.8541
    5795       1.8995
    5796       1.9352
    5797       1.9271
    5798       2.0134
    5799       1.9897
    5800       1.8853
    5801       1.6817
    5802       1.9427
    5803       1.7300
    5804       1.9332
    5805       1.8426
    5806       1.9448
    5807       2.0794
    5808       2.0014
    5809       2.0578
    5810       1.9825
    5811       2.0840
    5812       2.0279
    5813       2.2296
    5814       2.2923
    5815       2.1059
    5816       2.0600
    5817       2.0460
    5818       2.1774
    5819       2.0541
    5820       2.1922
    5821       1.9954
    5822       2.0739
    5823       1.9636
    5824       1.9277
    5825       2.0537
    5826       1.9762
    5827       1.9746
    5828       1.9723
    5829       1.7367
    5830       1.7145
    5831       1.6262
    5832       1.7994
    5833       1.9363
    5834       1.9140
    5835       1.9174
    5836       1.8999
    5837       1.7329
    5838       1.9655
    5839       1.9479
    5840       1.9002
    5841       1.8182
    5842       1.8849
    5843       1.7990
    5844       1.8188
    5845       1.9506
    5846       2.0651
    5847       1.9340
    5848       1.9851
    5849       1.9497
    5850       2.0237
    5851       1.9978
    5852       1.9328
    5853       2.0412
    5854       1.9809
    5855       1.6665
    5856       1.8270
    5857       1.9452
    5858       2.0706
    5859       2.1663
    5860       2.1221
    5861       1.8857
    5862       1.9978
    5863       1.9131
    5864       2.0944
    5865       2.0594
    5866       1.9569
    5867       1.8822
    5868       1.8945
    5869       1.8615
    5870       2.0047
    5871       1.9397
    5872       1.8577
    5873       1.8226
    5874       1.7384
    5875       1.7152
    5876       1.7887
    5877       1.7865
    5878       1.8741
    5879       1.9183
    5880       1.7257
    5881       1.7580
    5882       1.6987
    5883       1.7670
    5884       1.8422
    5885       1.9134
    5886       1.9028
    5887       1.8407
    5888       1.8564
    5889       1.9886
    5890       1.9840
    5891       2.0896
    5892       1.9333
    5893       1.7876
    5894       1.8317
    5895       1.8154
    5896       1.7934
    5897       1.6860
    5898       1.8468
    5899       1.7815
    5900       1.6492
    5901       1.6549
    5902       1.7769
    5903       1.6415
    5904       1.5751
    5905       1.7754
    5906       1.7405
    5907       1.7698
    5908       1.7545
    5909       1.8543
    5910       1.7959
    5911       1.6336
    5912       1.6720
    5913       1.5421
    5914       1.6265
    5915       1.5384
    5916       1.7265
    5917       1.5362
    5918       1.5398
    5919       1.4981
    5920       1.6021
    5921       1.5758
    5922       1.6460
    5923       1.7926
    5924       1.7468
    5925       1.6914
    5926       1.5459
    5927       1.5389
    5928       1.6648
    5929       1.7610
    5930       1.6425
    5931       1.8586
    5932       1.9218
    5933       2.0186
    5934       1.8260
    5935       1.7314
    5936       1.7775
    5937       1.6163
    5938       1.7410
    5939       1.6805
    5940       1.7131
    5941       1.8269
    5942       1.9958
    5943       1.9267
    5944       1.9478
    5945       1.9291
    5946       1.9220
    5947       2.0045
    5948       1.9009
    5949       2.0360
    5950       1.7525
    5951       1.7187
    5952       1.9073
    5953       1.8536
    5954       1.7200
    5955       1.7141
    5956       1.6686
    5957       1.7630
    5958       1.7270
    5959       1.8277
    5960       1.6759
    5961       2.0281
    5962       1.9641
    5963       1.7780
    5964       1.9711
    5965       1.8981
    5966       1.8473
    5967       1.8098
    5968       1.8464
    5969       1.9050
    5970       1.8188
    5971       1.7485
    5972       1.7620
    5973       1.8707
    5974       1.7792
    5975       1.9281
    5976       2.0121
    5977       1.8601
    5978       1.8865
    5979       1.8688
    5980       1.8863
    5981       1.9268
    5982       2.0397
    5983       1.8349
    5984       2.0844
    5985       1.8685
    5986       1.8423
    5987       1.7319
    5988       1.8103
    5989       1.7468
    5990       1.7296
    5991       1.6463
    5992       1.7284
    5993       1.7161
    5994       1.6396
    5995       1.7140
    5996       1.7402
    5997       1.7237
    5998       1.7286
    5999       1.7243
    6000       1.6370
    6001       1.4999
    6002       1.5881
    6003       1.5570
    6004       1.5244
    6005       1.6182
    6006       1.6325
    6007       1.7348
    6008       1.5805
    6009       1.6362
    6010       1.7827
    6011       1.7480
    6012       1.7122
    6013       1.6629
    6014       1.5117
    6015       1.5073
    6016       1.6083
    6017       1.6695
    6018       1.5013
    6019       1.6588
    6020       1.6943
    6021       1.6000
    6022       1.7659
    6023       1.6360
    6024       1.6937
    6025       1.5945
    6026       1.4888
    6027       1.5660
    6028       1.7182
    6029       1.6075
    6030       1.5789
    6031       1.7681
    6032       1.7611
    6033       1.7778
    6034       1.6646
    6035       1.7443
    6036       1.7083
    6037       1.8100
    6038       1.7098
    6039       1.5670
    6040       1.5561
    6041       1.6246
    6042       1.5654
    6043       1.7852
    6044       1.8170
    6045       1.7257
    6046       1.8364
    6047       2.0102
    6048       1.8508
    6049       1.6460
    6050       1.7157
    6051       1.8178
    6052       1.7762
    6053       1.7554
    6054       1.9283
    6055       1.7983
    6056       1.8639
    6057       1.5617
    6058       1.5996
    6059       1.7088
    6060       1.5322
    6061       1.5370
    6062       1.6874
    6063       1.5793
    6064       1.6954
    6065       1.9082
    6066       1.7579
    6067       1.7694
    6068       2.0087
    6069       1.8878
    6070       1.6297
    6071       1.6658
    6072       1.5925
    6073       1.8632
    6074       1.7484
    6075       1.7948
    6076       1.9702
    6077       1.8584
    6078       1.8405
    6079       1.8249
    6080       1.6359
    6081       1.6175
    6082       1.6926
    6083       1.7961
    6084       1.7712
    6085       1.9335
    6086       1.8372
    6087       1.9538
    6088       1.9465
    6089       1.8802
    6090       1.7740
    6091       1.8449
    6092       1.9281
    6093       1.6752
    6094       1.8090
    6095       1.8788
    6096       1.9117
    6097       1.8512
    6098       1.9646
    6099       1.9400
    6100       2.1184
    6101       2.0290
    6102       1.7878
    6103       1.8998
    6104       2.0990
    6105       2.1338
    6106       2.1456
    6107       2.0681
    6108       2.0618
    6109       2.1010
    6110       2.1372
    6111       2.0996
    6112       2.0380
    6113       1.9466
    6114       2.0540
    6115       2.0802
    6116       1.8820
    6117       1.7595
    6118       1.7996
    6119       1.5350
    6120       1.7608
    6121       1.7807
    6122       1.7394
    6123       1.7819
    6124       1.8296
    6125       1.7853
    6126       1.9442
    6127       1.9084
    6128       2.0497
    6129       1.9689
    6130       1.9864
    6131       2.0560
    6132       2.1132
    6133       1.8792
    6134       1.8178
    6135       1.9650
    6136       2.0278
    6137       2.0393
    6138       1.9366
    6139       1.9727
    6140       1.9179
    6141       1.6540
    6142       1.8555
    6143       1.8700
    6144       1.8474
    6145       1.8681
    6146       1.8840
    6147       1.7697
    6148       1.6674
    6149       1.6965
    6150       1.8933
    6151       2.0119
    6152       1.9034
    6153       1.8686
    6154       1.9589
    6155       1.7011
    6156       1.8966
    6157       2.0094
    6158       1.8628
    6159       1.8844
    6160       1.8444
    6161       1.8506
    6162       1.8788
    6163       1.7927
    6164       1.7263
    6165       1.7381
    6166       1.6958
    6167       1.5372
    6168       1.5873
    6169       1.6667
    6170       1.6699
    6171       1.5369
    6172       1.6690
    6173       1.7095
    6174       1.6971
    6175       1.6447
    6176       1.7005
    6177       1.8825
    6178       1.7316
    6179       1.8938
    6180       1.8251
    6181       1.8137
    6182       1.9969
    6183       2.0430
    6184       1.9747
    6185       2.0541
    6186       2.0616
    6187       2.0152
    6188       1.9965
    6189       1.9150
    6190       1.7973
    6191       1.7844
    6192       1.9625
    6193       1.8051
    6194       1.7065
    6195       1.7700
    6196       1.9213
    6197       1.9708
    6198       1.8998
    6199       1.8594
    6200       1.8926
    6201       1.8900
    6202       1.8289
    6203       1.8633
    6204       1.8367
    6205       1.9638
    6206       2.0476
    6207       2.0797
    6208       1.8815
    6209       1.8580
    6210       1.7784
    6211       1.6979
    6212       1.6580
    6213       1.6842
    6214       1.5899
    6215       1.5715
    6216       1.6136
    6217       1.7384
    6218       1.6707
    6219       1.6691
    6220       1.6790
    6221       1.6392
    6222       1.5684
    6223       1.7545
    6224       1.7299
    6225       1.8144
    6226       1.7523
    6227       1.6521
    6228       1.7265
    6229       1.5848
    6230       1.6690
    6231       1.5830
    6232       1.7235
    6233       1.7889
    6234       1.9532
    6235       2.0481
    6236       2.0302
    6237       1.8991
    6238       1.8405
    6239       1.8889
    6240       1.8536
    6241       1.8991
    6242       1.8097
    6243       1.7445
    6244       1.7788
    6245       1.9842
    6246       2.0026
    6247       2.1613
    6248       1.9278
    6249       1.7765
    6250       1.7572
    6251       1.8431
    6252       2.0050
    6253       2.1427
    6254       1.9697
    6255       1.7503
    6256       1.7585
    6257       1.7418
    6258       1.6383
    6259       1.5313
    6260       1.7227
    6261       1.6761
    6262       1.5265
    6263       1.5689
    6264       1.5060
    6265       1.7685
    6266       1.5967
    6267       1.5624
    6268       1.5970
    6269       1.6211
    6270       1.6669
    6271       1.6498
    6272       1.6701
    6273       1.7497
    6274       1.7170
    6275       1.7548
    6276       1.8389
    6277       1.8699
    6278       1.8320
    6279       1.6147
    6280       1.7191
    6281       1.4898
    6282       1.4438
    6283       1.4457
    6284       1.4662
    6285       1.5015
    6286       1.3910
    6287       1.4646
    6288       1.4560
    6289       1.6092
    6290       1.6783
    6291       1.7562
    6292       1.7272
    6293       1.7457
    6294       1.8337
    6295       1.8622
    6296       1.7539
    6297       1.6844
    6298       1.6366
    6299       1.5267
    6300       1.6332
    6301       1.5132
    6302       1.5437
    6303       1.5010
    6304       1.5959
    6305       1.4989
    6306       1.5180
    6307       1.5966
    6308       1.6028
    6309       1.5932
    6310       1.7938
    6311       1.9405
    6312       1.7438
    6313       1.9327
    6314       1.7861
    6315       1.9594
    6316       1.9562
    6317       1.8256
    6318       1.8548
    6319       1.8093
    6320       1.7526
    6321       1.7364
    6322       1.8666
    6323       1.7966
    6324       1.8232
    6325       1.6607
    6326       1.7828
    6327       1.7604
    6328       1.7415
    6329       1.7351
    6330       1.6903
    6331       1.7982
    6332       1.9227
    6333       1.8319
    6334       1.7445
    6335       1.7817
    6336       1.7414
    6337       1.6228
    6338       1.5635
    6339       1.7009
    6340       1.5294
    6341       1.6972
    6342       1.6632
    6343       1.7572
    6344       1.5962
    6345       1.6432
    6346       1.7044
    6347       1.7404
    6348       1.6461
    6349       1.6245
    6350       1.5976
    6351       1.6564
    6352       1.6557
    6353       1.5042
    6354       1.6152
    6355       1.6392
    6356       1.6600
    6357       1.8521
    6358       1.8692
    6359       1.9362
    6360       1.9282
    6361       2.1605
    6362       1.9499
    6363       2.0357
    6364       1.8937
    6365       1.7469
    6366       1.7731
    6367       1.8837
    6368       1.7506
    6369       1.9038
    6370       1.9463
    6371       1.9847
    6372       2.0207
    6373       2.0798
    6374       2.1275
    6375       2.0311
    6376       2.0638
    6377       1.7753
    6378       1.8042
    6379       2.1105
    6380       2.1477
    6381       1.9583
    6382       2.0448
    6383       1.9658
    6384       1.8278
    6385       1.7257
    6386       1.6952
    6387       1.5588
    6388       1.7973
    6389       2.0204
    6390       1.9672
    6391       1.9679
    6392       2.0261
    6393       1.8242
    6394       1.6112
    6395       1.7177
    6396       1.8419
    6397       1.8083
    6398       1.7903
    6399       1.9748
    6400       1.8089
    6401       1.8493
    6402       1.8346
    6403       2.0676
    6404       1.8123
    6405       1.8430
    6406       1.6419
    6407       1.6872
    6408       1.7092
    6409       1.6193
    6410       1.4954
    6411       1.5231
    6412       1.5498
    6413       1.5648
    6414       1.5401
    6415       1.7063
    6416       1.8161
    6417       1.6312
    6418       1.5807
    6419       1.6543
    6420       1.6838
    6421       1.4951
    6422       1.4233
    6423       1.5388
    6424       1.6051
    6425       1.6013
    6426       1.5879
    6427       1.7976
    6428       1.7773
    6429       1.5897
    6430       1.5960
    6431       1.6768
    6432       1.6741
    6433       1.6346
    6434       1.6331
    6435       1.6793
    6436       1.7399
    6437       1.7676
    6438       1.5422
    6439       1.5900
    6440       1.7528
    6441       1.8262
    6442       1.8125
    6443       1.7516
    6444       1.7668
    6445       1.7812
    6446       1.6745
    6447       1.8471
    6448       1.7932
    6449       1.6228
    6450       1.6982
    6451       1.9410
    6452       1.8414
    6453       1.9998
    6454       1.8240
    6455       1.7870
    6456       1.9191
    6457       1.9055
    6458       1.8165
    6459       1.9138
    6460       1.8735
    6461       1.9836
    6462       1.9392
    6463       1.8365
    6464       1.6652
    6465       1.8445
    6466       1.8377
    6467       1.8912
    6468       1.7841
    6469       1.8201
    6470       1.6333
    6471       1.7712
    6472       1.8605
    6473       1.7393
    6474       1.5974
    6475       1.6104
    6476       1.6721
    6477       1.6908
    6478       1.6053
    6479       1.5292
    6480       1.5156
    6481       1.6609
    6482       1.7989
    6483       1.9376
    6484       1.8816
    6485       2.1415
    6486       2.1125
    6487       2.0874
    6488       2.0408
    6489       2.0062
    6490       2.0984
    6491       2.1347
    6492       2.2432
    6493       2.5074
    6494       2.4893
    6495       2.0350
    6496       2.0417
    6497       2.1335
    6498       1.8693
    6499       1.7710
    6500       1.8170
    6501       1.8698
    6502       1.9198
    6503       1.9072
    6504       2.0843
    6505       2.1318
    6506       1.8477
    6507       1.6800
    6508       1.7328
    6509       1.7914
    6510       2.0067
    6511       1.9247
    6512       1.8996
    6513       1.7461
    6514       1.6466
    6515       1.7078
    6516       1.6157
    6517       1.7617
    6518       1.8366
    6519       1.8912
    6520       1.8468
    6521       1.7330
    6522       1.7560
    6523       1.8343
    6524       1.7565
    6525       1.9539
    6526       1.8669
    6527       1.8560
    6528       1.9324
    6529       1.9836
    6530       1.9921
    6531       1.9987
    6532       1.9590
    6533       1.8533
    6534       1.7689
    6535       1.7337
    6536       1.8910
    6537       1.7568
    6538       1.7561
    6539       1.9852
    6540       1.8637
    6541       2.0789
    6542       1.8591
    6543       2.0003
    6544       1.8551
    6545       1.7566
    6546       1.9224
    6547       1.8634
    6548       1.7621
    6549       1.8148
    6550       1.8878
    6551       1.8197
    6552       1.8682
    6553       2.1530
    6554       1.9962
    6555       2.0346
    6556       1.8535
    6557       1.8236
    6558       2.0336
    6559       1.8746
    6560       1.9098
    6561       1.8619
    6562       1.8894
    6563       1.9189
    6564       2.0036
    6565       2.1051
    6566       2.1460
    6567       2.1446
    6568       1.9315
    6569       1.8415
    6570       1.8341
    6571       1.6905
    6572       1.8037
    6573       1.9080
    6574       1.9485
    6575       1.9970
    6576       1.8207
    6577       1.9175
    6578       1.8712
    6579       1.9896
    6580       1.9337
    6581       2.0803
    6582       2.0732
    6583       1.9944
    6584       1.9853
    6585       1.8152
    6586       1.9707
    6587       2.1380
    6588       2.1155
    6589       2.1256
    6590       2.1666
    6591       2.1191
    6592       1.9345
    6593       1.9370
    6594       2.0165
    6595       2.2401
    6596       2.2126
    6597       2.2916
    6598       2.2092
    6599       2.1141
    6600       2.1276
    6601       2.1021
    6602       2.1258
    6603       1.9688
    6604       2.0136
    6605       1.9953
    6606       2.0416
    6607       2.0769
    6608       2.0664
    6609       2.0216
    6610       1.9036
    6611       2.1899
    6612       1.9800
    6613       1.7608
    6614       2.0658
    6615       2.1454
    6616       2.2730
    6617       2.1919
    6618       2.1027
    6619       2.0875
    6620       2.1609
    6621       2.1624
    6622       2.3638
    6623       2.5244
    6624       2.4604
    6625       2.5179
    6626       2.4865
    6627       2.4131
    6628       2.2169
    6629       2.2544
    6630       2.2128
    6631       2.2766
    6632       2.3489
    6633       2.4893
    6634       2.4668
    6635       2.4883
    6636       2.3790
    6637       2.3060
    6638       2.3232
    6639       2.4046
    6640       2.3686
    6641       2.3392
    6642       2.3241
    6643       2.2104
    6644       2.1633
    6645       2.2318
    6646       2.2255
    6647       2.1749
    6648       2.0518
    6649       2.2387
    6650       2.1258
    6651       2.1122
    6652       2.1087
    6653       1.9787
    6654       2.0251
    6655       2.1081
    6656       2.0518
    6657       2.0622
    6658       2.1059
    6659       2.0425
    6660       2.0658
    6661       1.9513
    6662       1.9283
    6663       2.1812
    6664       2.1591
    6665       2.1404
    6666       2.0896
    6667       2.0505
    6668       1.8271
    6669       1.9165
    6670       1.8264
    6671       1.9003
    6672       1.9495
    6673       1.9239
    6674       1.9404
    6675       1.8729
    6676       1.9172
    6677       1.9183
    6678       1.9229
    6679       1.8502
    6680       1.9221
    6681       1.7326
    6682       1.7979
    6683       1.8069
    6684       1.7089
    6685       1.7491
    6686       1.6579
    6687       1.6287
    6688       1.7514
    6689       1.8816
    6690       1.9738
    6691       2.1177
    6692       1.9886
    6693       1.9457
    6694       2.1553
    6695       1.8668
    6696       1.9058
    6697       1.9052
    6698       2.0792
    6699       2.1189
    6700       2.0603
    6701       2.1198
    6702       2.2834
    6703       2.1770
    6704       2.1463
    6705       2.1352
    6706       2.0560
    6707       2.0236
    6708       2.2284
    6709       2.1719
    6710       1.9917
    6711       2.0464
    6712       1.9506
    6713       1.9167
    6714       1.9479
    6715       1.9526
    6716       1.8670
    6717       1.7350
    6718       1.9156
    6719       1.9337
    6720       1.9577
    6721       1.8053
    6722       1.8363
    6723       1.8778
    6724       1.8388
    6725       1.9664
    6726       1.9106
    6727       2.0208
    6728       1.8977
    6729       1.9379
    6730       1.7247
    6731       1.7513
    6732       1.7283
    6733       1.8660
    6734       1.8743
    6735       1.7321
    6736       1.7435
    6737       1.7219
    6738       1.8884
    6739       1.7957
    6740       1.9139
    6741       1.9758
    6742       2.0115
    6743       1.9743
    6744       1.9808
    6745       1.8180
    6746       1.8141
    6747       1.6739
    6748       1.7150
    6749       1.8486
    6750       2.0847
    6751       1.8038
    6752       1.9494
    6753       2.0500
    6754       1.9866
    6755       1.8611
    6756       1.9403
    6757       2.0670
    6758       2.0998
    6759       2.0856
    6760       2.0767
    6761       2.1901
    6762       2.1132
    6763       1.7528
    6764       1.7153
    6765       1.7852
    6766       1.8522
    6767       1.8191
    6768       1.8156
    6769       1.8585
    6770       2.0090
    6771       1.7902
    6772       1.7550
    6773       1.8019
    6774       1.9420
    6775       1.9193
    6776       1.9242
    6777       1.8461
    6778       1.8982
    6779       1.8679
    6780       1.9292
    6781       2.1677
    6782       2.2022
    6783       2.1695
    6784       2.2299
    6785       2.2436
    6786       2.3917
    6787       2.1762
    6788       2.0042
    6789       2.1587
    6790       2.1547
    6791       2.0451
    6792       1.9764
    6793       1.9193
    6794       1.8912
    6795       1.9174
    6796       1.8174
    6797       1.8437
    6798       1.9339
    6799       2.0786
    6800       1.9381
    6801       2.0121
    6802       2.0254
    6803       1.8789
    6804       1.7939
    6805       1.8085
    6806       1.6776
    6807       1.7087
    6808       1.8264
    6809       1.6937
    6810       1.9443
    6811       1.7391
    6812       1.7919
    6813       1.9846
    6814       1.8582
    6815       1.6976
    6816       1.9001
    6817       1.9591
    6818       1.7462
    6819       1.9113
    6820       1.8754
    6821       1.9079
    6822       1.8723
    6823       2.1315
    6824       2.0688
    6825       1.9251
    6826       1.9173
    6827       2.0358
    6828       2.0019
    6829       1.8776
    6830       1.8578
    6831       2.0603
    6832       2.0749
    6833       2.1484
    6834       2.2868
    6835       2.2451
    6836       2.0837
    6837       1.9703
    6838       2.0785
    6839       2.0205
    6840       2.1701
    6841       2.1407
    6842       1.8494
    6843       1.9508
    6844       1.8716
    6845       1.8969
    6846       2.0068
    6847       1.9459
    6848       1.7689
    6849       1.7373
    6850       1.7581
    6851       1.6638
    6852       1.7256
    6853       1.7402
    6854       1.7910
    6855       1.9295
    6856       1.8479
    6857       1.6847
    6858       1.8923
    6859       1.8821
    6860       1.8471
    6861       1.8640
    6862       2.0417
    6863       1.9930
    6864       1.8131
    6865       1.8072
    6866       1.7307
    6867       1.9425
    6868       2.0202
    6869       1.8966
    6870       2.1508
    6871       2.1263
    6872       2.0385
    6873       2.1207
    6874       1.9537
    6875       1.8741
    6876       1.8056
    6877       1.9236
    6878       1.7974
    6879       1.7055
    6880       1.7618
    6881       1.8342
    6882       1.8444
    6883       1.9772
    6884       1.9856
    6885       1.7352
    6886       1.9609
    6887       1.8424
    6888       1.8641
    6889       1.9510
    6890       1.7136
    6891       1.7824
    6892       2.0030
    6893       1.8062
    6894       1.8330
    6895       1.8976
    6896       1.8570
    6897       1.9642
    6898       1.8627
    6899       1.8920
    6900       1.8275
    6901       1.9166
    6902       1.9809
    6903       1.9867
    6904       1.8839
    6905       1.8957
    6906       1.9401
    6907       2.0174
    6908       2.0520
    6909       2.1575
    6910       1.9648
    6911       1.9574
    6912       1.7923
    6913       1.8932
    6914       1.7496
    6915       1.6985
    6916       1.7411
    6917       1.5734
    6918       1.7326
    6919       1.8199
    6920       1.8418
    6921       1.8512
    6922       2.0176
    6923       1.8945
    6924       1.8529
    6925       1.9134
    6926       1.8832
    6927       1.9346
    6928       1.9136
    6929       1.8282
    6930       2.0319
    6931       2.0448
    6932       2.1093
    6933       2.0449
    6934       2.2881
    6935       2.0777
    6936       1.9544
    6937       1.9439
    6938       1.7617
    6939       2.0178
    6940       1.8921
    6941       1.8113
    6942       1.8299
    6943       1.6474
    6944       1.8113
    6945       1.9272
    6946       1.8381
    6947       1.9124
    6948       2.0944
    6949       1.9081
    6950       1.8045
    6951       1.6193
    6952       1.6549
    6953       1.6444
    6954       1.6594
    6955       1.7764
    6956       1.7796
    6957       1.7420
    6958       1.7256
    6959       1.8709
    6960       1.8782
    6961       1.7091
    6962       1.7994
    6963       1.8771
    6964       1.9201
    6965       2.0193
    6966       1.9996
    6967       1.9903
    6968       1.9865
    6969       1.9937
    6970       2.1804
    6971       2.1394
    6972       2.0437
    6973       2.0252
    6974       2.0707
    6975       1.9629
    6976       1.9476
    6977       1.8994
    6978       1.7790
    6979       2.0004
    6980       2.0002
    6981       2.0844
    6982       2.0126
    6983       1.9378
    6984       1.8946
    6985       1.8315
    6986       2.0385
    6987       1.7974
    6988       1.7690
    6989       1.8688
    6990       1.9238
    6991       1.9845
    6992       1.7725
    6993       1.9958
    6994       2.0191
    6995       2.0394
    6996       1.9676
    6997       1.8413
    6998       1.9637
    6999       2.1540
    7000       2.1470
    7001       2.0605
    7002       1.9526
    7003       1.9120
    7004       1.7441
    7005       1.8307
    7006       1.7900
    7007       1.7432
    7008       1.7326
    7009       1.7887
    7010       1.9189
    7011       1.8626
    7012       2.0091
    7013       1.8509
    7014       1.6567
    7015       1.6067
    7016       1.6287
    7017       1.6348
    7018       1.7079
    7019       1.7743
    7020       1.7200
    7021       1.7928
    7022       1.6086
    7023       1.7086
    7024       1.9522
    7025       1.9095
    7026       1.9720
    7027       1.8664
    7028       2.0060
    7029       2.0985
    7030       2.1069
    7031       2.1147
    7032       2.1972
    7033       2.0658
    7034       2.0054
    7035       1.9677
    7036       1.9039
    7037       1.7153
    7038       1.8555
    7039       1.8863
    7040       1.9449
    7041       1.8572
    7042       2.0181
    7043       1.7942
    7044       1.8040
    7045       1.7936
    7046       1.7977
    7047       1.8128
    7048       1.6600
    7049       1.6854
    7050       1.6753
    7051       1.7010
    7052       1.7796
    7053       1.7214
    7054       1.6750
    7055       1.6708
    7056       1.7016
    7057       1.7654
    7058       1.7909
    7059       1.7760
    7060       1.9005
    7061       1.8301
    7062       1.8650
    7063       1.8474
    7064       1.9078
    7065       1.8499
    7066       1.9322
    7067       1.9244
    7068       1.9780
    7069       1.8606
    7070       1.9812
    7071       1.8716
    7072       1.9261
    7073       1.8227
    7074       1.9071
    7075       2.0999
    7076       2.0191
    7077       1.8589
    7078       1.8355
    7079       1.9961
    7080       1.9676
    7081       1.9106
    7082       1.8898
    7083       2.0867
    7084       2.0916
    7085       1.9226
    7086       1.8426
    7087       1.7553
    7088       1.9796
    7089       1.8779
    7090       1.9286
    7091       1.9435
    7092       2.0159
    7093       1.9576
    7094       1.9846
    7095       2.1895
    7096       2.2296
    7097       2.0097
    7098       2.0561
    7099       2.2006
    7100       2.3463
    7101       2.3506
    7102       2.1569
    7103       2.0692
    7104       2.2056
    7105       2.1575
    7106       2.2573
    7107       1.8742
    7108       2.0552
    7109       2.0066
    7110       1.8231
    7111       1.9440
    7112       1.9259
    7113       1.9932
    7114       1.9778
    7115       2.0190
    7116       2.0827
    7117       2.1530
    7118       2.0545
    7119       2.1294
    7120       2.1753
    7121       2.3809
    7122       2.3635
    7123       2.4098
    7124       2.1949
    7125       2.1663
    7126       2.2645
    7127       2.3445
    7128       2.4285
    7129       2.3009
    7130       2.0953
    7131       2.2165
    7132       2.2661
    7133       2.3367
    7134       2.2084
    7135       2.3064
    7136       2.4399
    7137       2.4254
    7138       2.4026
    7139       2.1419
    7140       2.1323
    7141       2.1120
    7142       2.4474
    7143       2.3688
    7144       2.4951
    7145       2.4318
    7146       2.4430
    7147       2.3574
    7148       2.2554
    7149       2.3520
    7150       2.4271
    7151       2.5409
    7152       2.5344
    7153       2.0720
    7154       1.9512
    7155       2.1478
    7156       2.0281
    7157       1.8077
    7158       1.9688
    7159       1.9083
    7160       2.0468
    7161       2.2480
    7162       2.5891
    7163       2.3725
    7164       2.2054
    7165       2.2508
    7166       2.1509
    7167       2.0721
    7168       2.2693
    7169       2.1154
    7170       2.0132
    7171       2.0810
    7172       2.0530
    7173       2.3461
    7174       2.1255
    7175       1.9858
    7176       1.9058
    7177       1.8936
    7178       2.2310
    7179       2.3972
    7180       2.2832
    7181       1.9256
    7182       2.0178
    7183       1.8523
    7184       2.0110
    7185       1.7321
    7186       1.8327
    7187       1.8123
    7188       1.7893
    7189       1.6844
    7190       1.7037
    7191       1.5945
    7192       1.8451
    7193       1.9333
    7194       1.9578
    7195       1.9787
    7196       2.0471
    7197       2.1174
    7198       2.2528
    7199       2.0350
    7200       2.0951
    7201       1.9367
    7202       1.9820
    7203       1.8773
    7204       1.8115
    7205       1.8061
    7206       1.9305
    7207       1.9666
    7208       2.1275
    7209       2.1918
    7210       2.2051
    7211       2.0476
    7212       1.8732
    7213       1.9484
    7214       1.9426
    7215       2.0359
    7216       2.0118
    7217       1.8305
    7218       1.8492
    7219       1.9963
    7220       1.8344
    7221       1.7171
    7222       1.9045
    7223       1.8569
    7224       1.8296
    7225       1.7870
    7226       1.8936
    7227       1.8498
    7228       1.8572
    7229       1.9688
    7230       1.8574
    7231       1.9092
    7232       2.0405
    7233       1.9403
    7234       1.9321
    7235       1.9794
    7236       1.8722
    7237       1.7678
    7238       1.9209
    7239       1.6685
    7240       1.8252
    7241       1.9549
    7242       1.8272
    7243       1.8643
    7244       1.8465
    7245       1.7072
    7246       1.7899
    7247       1.7106
    7248       1.7190
    7249       1.7842
    7250       1.7484
    7251       1.7904
    7252       1.7380
    7253       1.7917
    7254       1.8183
    7255       1.7945
    7256       1.6966
    7257       1.8041
    7258       1.6971
    7259       1.8324
    7260       1.8377
    7261       1.9845
    7262       2.0727
    7263       2.0704
    7264       2.2327
    7265       2.2232
    7266       2.0233
    7267       2.0652
    7268       1.8373
    7269       1.8467
    7270       1.8266
    7271       1.9836
    7272       2.1029
    7273       2.0067
    7274       1.7386
    7275       2.0096
    7276       2.0172
    7277       1.8310
    7278       1.8512
    7279       2.0337
    7280       2.2157
    7281       1.9905
    7282       1.9890
    7283       1.9907
    7284       2.0427
    7285       2.1732
    7286       2.0665
    7287       2.2336
    7288       2.3984
    7289       2.3845
    7290       2.5382
    7291       2.5968
    7292       2.2132
    7293       2.1867
    7294       2.2272
    7295       2.1714
    7296       2.2356
    7297       2.1117
    7298       2.1619
    7299       2.3362
    7300       2.4169
    7301       2.3986
    7302       2.0862
    7303       2.0714
    7304       2.0908
    7305       1.9552
    7306       2.1425
    7307       2.1146
    7308       2.1971
    7309       1.9580
    7310       2.0738
    7311       2.0546
    7312       2.1551
    7313       2.2681
    7314       2.0992
    7315       2.0705
    7316       2.0314
    7317       1.9238
    7318       1.8552
    7319       1.9874
    7320       1.8307
    7321       1.6441
    7322       1.8365
    7323       1.8247
    7324       1.8735
    7325       1.8827
    7326       1.8811
    7327       1.9868
    7328       2.1742
    7329       2.2459
    7330       2.1327
    7331       2.1528
    7332       2.3208
    7333       2.1045
    7334       2.0533
    7335       2.2471
    7336       1.9692
    7337       1.9393
    7338       2.0559
    7339       2.0526
    7340       2.1324
    7341       2.1262
    7342       2.1316
    7343       2.2415
    7344       2.2550
    7345       2.1341
    7346       1.8610
    7347       1.7871
    7348       1.8288
    7349       1.8869
    7350       2.1398
    7351       2.1271
    7352       1.9316
    7353       2.0080
    7354       2.0853
    7355       2.0524
    7356       1.9152
    7357       1.8176
    7358       1.9824
    7359       1.8609
    7360       1.9146
    7361       2.0530
    7362       2.0159
    7363       2.0795
    7364       2.1997
    7365       2.1516
    7366       2.2375
    7367       2.2109
    7368       2.2766
    7369       2.3280
    7370       2.2373
    7371       2.3098
    7372       2.1190
    7373       1.9993
    7374       2.1117
    7375       1.8866
    7376       2.0535
    7377       1.8712
    7378       2.0953
    7379       1.9141
    7380       1.9575
    7381       1.8220
    7382       1.7992
    7383       1.6940
    7384       1.8493
    7385       1.9282
    7386       1.9456
    7387       1.9240
    7388       1.9852
    7389       1.9419
    7390       2.2046
    7391       1.9881
    7392       2.0505
    7393       2.1315
    7394       2.1066
    7395       2.1414
    7396       2.2642
    7397       2.5018
    7398       2.3962
    7399       2.4367
    7400       2.2568
    7401       2.1933
    7402       2.3430
    7403       2.2348
    7404       2.0815
    7405       2.0803
    7406       2.1982
    7407       2.3112
    7408       2.3319
    7409       2.4211
    7410       2.2578
    7411       2.0521
    7412       1.9742
    7413       2.0946
    7414       1.9792
    7415       1.8214
    7416       1.8752
    7417       1.9077
    7418       1.8907
    7419       1.8608
    7420       1.6979
    7421       1.7853
    7422       1.6721
    7423       1.7617
    7424       1.7774
    7425       1.7983
    7426       1.9571
    7427       2.0467
    7428       1.9423
    7429       2.1810
    7430       2.1353
    7431       2.0708
    7432       1.9990
    7433       1.9826
    7434       1.9482
    7435       2.0189
    7436       1.9615
    7437       2.1409
    7438       2.1145
    7439       2.0542
    7440       1.9834
    7441       2.1821
    7442       1.9022
    7443       1.8337
    7444       1.9510
    7445       1.9363
    7446       1.9497
    7447       2.0502
    7448       2.1075
    7449       2.4537
    7450       2.3494
    7451       2.3664
    7452       1.9851
    7453       2.1613
    7454       1.8949
    7455       1.9331
    7456       1.8549
    7457       1.9724
    7458       1.7395
    7459       1.8649
    7460       1.7841
    7461       1.9712
    7462       2.0120
    7463       2.1750
    7464       2.0992
    7465       2.0610
    7466       2.0700
    7467       2.2591
    7468       2.1680
    7469       2.0873
    7470       2.0355
    7471       1.8568
    7472       2.0550
    7473       2.1018
    7474       2.0804
    7475       2.0364
    7476       1.8819
    7477       1.8579
    7478       1.9548
    7479       1.8974
    7480       1.9997
    7481       1.8746
    7482       2.0104
    7483       1.9355
    7484       1.8330
    7485       1.8375
    7486       1.8054
    7487       1.8917
    7488       1.9843
    7489       2.1163
    7490       1.9629
    7491       1.8465
    7492       2.1797
    7493       2.1163
    7494       2.2404
    7495       2.1494
    7496       2.1224
    7497       2.1881
    7498       2.1531
    7499       2.2284
    7500       2.1141
    7501       1.9711
    7502       1.8102
    7503       1.8905
    7504       1.8328
    7505       1.9918
    7506       2.0113
    7507       1.9786
    7508       1.9928
    7509       1.9227
    7510       2.1104
    7511       2.0763
    7512       1.9438
    7513       1.9490
    7514       1.7694
    7515       1.9780
    7516       2.2100
    7517       2.1415
    7518       2.0909
    7519       1.8665
    7520       1.9575
    7521       1.8964
    7522       1.9483
    7523       1.9789
    7524       1.9703
    7525       2.0483
    7526       2.0127
    7527       1.9543
    7528       1.8664
    7529       1.9441
    7530       1.9330
    7531       2.0178
    7532       1.8878
    7533       1.7890
    7534       1.9085
    7535       1.8112
    7536       2.0166
    7537       2.0718
    7538       2.0710
    7539       2.1461
    7540       2.1338
    7541       2.0935
    7542       2.0254
    7543       1.9755
    7544       2.0399
    7545       2.0404
    7546       2.2342
    7547       2.1303
    7548       2.0199
    7549       2.0055
    7550       2.1067
    7551       2.1975
    7552       2.1266
    7553       2.2385
    7554       2.3555
    7555       2.4176
    7556       2.3486
    7557       2.4490
    7558       2.4402
    7559       2.4044
    7560       2.3474
    7561       2.2564
    7562       2.3814
    7563       2.2213
    7564       2.1052
    7565       2.2908
    7566       2.0505
    7567       1.9493
    7568       2.0313
    7569       2.1292
    7570       2.0763
    7571       2.2112
    7572       2.1099
    7573       2.1232
    7574       2.1725
    7575       1.9586
    7576       1.9744
    7577       2.1030
    7578       2.1524
    7579       2.1195
    7580       2.0517
    7581       2.1074
    7582       2.1828
    7583       2.2474
    7584       2.1912
    7585       2.2652
    7586       2.3082
    7587       2.1751
    7588       2.0912
    7589       2.2085
    7590       2.1820
    7591       2.1481
    7592       2.2652
    7593       2.3905
    7594       2.2451
    7595       2.3075
    7596       1.9935
    7597       2.0661
    7598       2.1627
    7599       2.3018
    7600       2.3932
    7601       2.2894
    7602       2.3012
    7603       2.2225
    7604       2.1208
    7605       2.2440
    7606       2.3444
    7607       2.1574
    7608       2.3299
    7609       2.3378
    7610       2.2070
    7611       2.1400
    7612       2.2514
    7613       2.0814
    7614       2.1700
    7615       2.1387
    7616       2.2469
    7617       2.3475
    7618       2.4251
    7619       2.3236
    7620       2.2567
    7621       2.2499
    7622       2.1821
    7623       1.9257
    7624       1.9034
    7625       2.0468
    7626       2.2688
    7627       2.3463
    7628       2.1250
    7629       2.3218
    7630       2.4980
    7631       2.4754
    7632       2.4099
    7633       2.3563
    7634       2.3926
    7635       2.3364
    7636       2.3916
    7637       2.4521
    7638       2.3497
    7639       2.5967
    7640       2.5503
    7641       2.3271
    7642       2.4630
    7643       2.3152
    7644       2.3276
    7645       2.4469
    7646       2.5773
    7647       2.8077
    7648       2.6661
    7649       2.8032
    7650       2.7671
    7651       2.6417
    7652       2.4906
    7653       2.4307
    7654       2.5122
    7655       2.2861
    7656       2.4338
    7657       2.3010
    7658       2.3118
    7659       2.2902
    7660       2.1679
    7661       2.1518
    7662       2.1475
    7663       2.1857
    7664       2.2117
    7665       2.1138
    7666       2.1574
    7667       2.2238
    7668       2.3333
    7669       2.3674
    7670       2.4349
    7671       2.3345
    7672       2.4057
    7673       2.4766
    7674       2.4758
    7675       2.5376
    7676       2.5705
    7677       2.4109
    7678       2.3148
    7679       2.2559
    7680       2.1234
    7681       2.3132
    7682       2.0025
    7683       2.0441
    7684       1.8165
    7685       1.9104
    7686       1.9577
    7687       1.9698
    7688       2.0719
    7689       2.1654
    7690       2.2206
    7691       2.1885
    7692       2.0993
    7693       2.1714
    7694       2.3442
    7695       2.1282
    7696       2.1244
    7697       2.1409
    7698       2.0288
    7699       1.9403
    7700       2.1442
    7701       2.1957
    7702       1.9345
    7703       1.9976
    7704       2.0830
    7705       2.2908
    7706       2.2650
    7707       2.2038
    7708       2.2190
    7709       2.2642
    7710       2.1062
    7711       2.1467
    7712       2.0735
    7713       2.0066
    7714       2.1522
    7715       1.9729
    7716       1.9209
    7717       2.0285
    7718       2.0414
    7719       2.1316
    7720       2.4216
    7721       2.3053
    7722       2.2112
    7723       2.2458
    7724       2.2880
    7725       2.1670
    7726       2.2061
    7727       2.2554
    7728       2.1826
    7729       2.3456
    7730       2.1605
    7731       2.2123
    7732       2.2927
    7733       2.3828
    7734       2.3329
    7735       2.3374
    7736       2.3160
    7737       2.2200
    7738       2.2460
    7739       2.2679
    7740       2.3473
    7741       2.2629
    7742       2.3753
    7743       2.4023
    7744       2.4285
    7745       2.5064
    7746       2.5544
    7747       2.3704
    7748       2.6259
    7749       2.7137
    7750       2.7601
    7751       2.9513
    7752       2.8698
    7753       2.8562
    7754       2.6475
    7755       2.8865
    7756       2.5866
    7757       2.5245
    7758       2.5995
    7759       2.5295
    7760       2.6684
    7761       2.6851
    7762       2.7727
    7763       2.6274
    7764       2.8056
    7765       2.9257
    7766       2.6929
    7767       2.6319
    7768       2.4384
    7769       2.5906
    7770       2.3748
    7771       2.5862
    7772       2.4239
    7773       2.5243
    7774       2.4560
    7775       2.7010
    7776       2.4452
    7777       2.5793
    7778       2.7151
    7779       2.6509
    7780       2.5821
    7781       2.5001
    7782       2.5793
    7783       2.6485
    7784       2.5504
    7785       2.5603
    7786       2.5646
    7787       2.7452
    7788       2.7274
    7789       2.7087
    7790       2.4958
    7791       2.3407
    7792       2.5106
    7793       2.5437
    7794       2.3673
    7795       2.5072
    7796       2.5560
    7797       2.5113
    7798       2.3746
    7799       2.3439
    7800       2.3890
    7801       2.3870
    7802       2.4492
    7803       2.3373
    7804       2.3101
    7805       2.2770
    7806       2.3171
    7807       2.2947
    7808       2.4673
    7809       2.4603
    7810       2.4843
    7811       2.7476
    7812       2.9679
    7813       2.8883
    7814       2.9244
    7815       2.8090
    7816       2.5478
    7817       2.4597
    7818       2.2736
    7819       2.4138
    7820       2.4665
    7821       2.3825
    7822       2.3747
    7823       2.3625
    7824       2.5651
    7825       2.4401
    7826       2.3449
    7827       2.6693
    7828       2.6037
    7829       2.4309
    7830       2.5600
    7831       2.6044
    7832       2.4900
    7833       2.2788
    7834       2.2270
    7835       2.3682
    7836       2.4797
    7837       2.3434
    7838       2.2716
    7839       2.3830
    7840       2.2970
    7841       2.4648
    7842       2.5615
    7843       2.5366
    7844       2.5067
    7845       2.3887
    7846       2.1986
    7847       2.2395
    7848       2.2890
    7849       2.4725
    7850       2.2033
    7851       2.1795
    7852       2.1391
    7853       2.3078
    7854       2.3938
    7855       2.3252
    7856       2.3414
    7857       2.1287
    7858       2.2469
    7859       2.3403
    7860       2.3496
    7861       2.2045
    7862       2.2728
    7863       2.2556
    7864       2.2174
    7865       2.2123
    7866       2.0474
    7867       2.0750
    7868       1.8755
    7869       2.0092
    7870       2.1014
    7871       2.2421
    7872       2.3464
    7873       2.3515
    7874       2.2616
    7875       2.1750
    7876       2.1116
    7877       2.1687
    7878       2.3368
    7879       2.2576
    7880       2.2748
    7881       2.2697
    7882       2.1611
    7883       2.2773
    7884       2.3861
    7885       2.4211
    7886       2.3103
    7887       2.3221
    7888       2.3678
    7889       2.2671
    7890       2.4769
    7891       2.3384
    7892       2.2693
    7893       2.3429
    7894       2.3154
    7895       2.3650
    7896       2.1890
    7897       2.1732
    7898       2.2547
    7899       2.2379
    7900       2.4289
    7901       2.4277
    7902       2.3856
    7903       2.3318
    7904       2.2619
    7905       2.2179
    7906       2.3308
    7907       2.4388
    7908       2.6622
    7909       2.4973
    7910       2.4385
    7911       2.4494
    7912       2.4304
    7913       2.3667
    7914       2.3991
    7915       2.4122
    7916       2.5715
    7917       2.5282
    7918       2.5856
    7919       2.3588
    7920       2.3111
    7921       2.1962
    7922       2.1593
    7923       2.1749
    7924       2.3662
    7925       2.3967
    7926       2.6111
    7927       2.5171
    7928       2.3546
    7929       2.4407
    7930       2.4008
    7931       2.3912
    7932       2.4178
    7933       2.3333
    7934       2.2724
    7935       2.3526
    7936       2.1791
    7937       2.2270
    7938       2.3417
    7939       2.4303
    7940       2.3909
    7941       2.2930
    7942       2.3373
    7943       2.6257
    7944       2.7318
    7945       2.4845
    7946       2.2960
    7947       2.2654
    7948       2.4756
    7949       2.4234
    7950       2.2743
    7951       2.2383
    7952       2.2676
    7953       2.1085
    7954       2.1160
    7955       2.1044
    7956       2.2353
    7957       2.0979
    7958       2.0825
    7959       2.1689
    7960       2.1538
    7961       2.3014
    7962       2.2933
    7963       2.4726
    7964       2.2827
    7965       2.1476
    7966       2.2060
    7967       2.1077
    7968       2.1826
    7969       2.0197
    7970       2.2407
    7971       2.1902
    7972       2.2510
    7973       2.0076
    7974       2.1359
    7975       2.1040
    7976       2.2266
    7977       2.3080
    7978       2.3293
    7979       2.1748
    7980       2.1688
    7981       2.1317
    7982       2.0722
    7983       2.2275
    7984       2.1064
    7985       2.0963
    7986       2.2044
    7987       2.1567
    7988       2.1908
    7989       2.1287
    7990       2.1846
    7991       2.1106
    7992       2.1990
    7993       2.1286
    7994       2.2371
    7995       2.2660
    7996       2.1503
    7997       2.2899
    7998       2.0422
    7999       2.0592
    8000       2.2529
    8001       2.3062
    8002       2.2241
    8003       2.3182
    8004       2.3643
    8005       2.4304
    8006       2.2874
    8007       2.2739
    8008       2.1401
    8009       2.1088
    8010       1.9884
    8011       2.0523
    8012       1.9670
    8013       2.0307
    8014       2.1351
    8015       2.1568
    8016       2.1303
    8017       2.2336
    8018       2.0605
    8019       2.2089
    8020       2.4149
    8021       2.4720
    8022       2.4843
    8023       2.3832
    8024       2.2787
    8025       2.1535
    8026       2.0982
    8027       2.0792
    8028       2.1993
    8029       2.1092
    8030       2.1936
    8031       2.2057
    8032       2.3138
    8033       2.1741
    8034       2.2458
    8035       2.2015
    8036       2.3066
    8037       2.2969
    8038       2.3045
    8039       2.2945
    8040       2.2109
    8041       2.2764
    8042       2.1543
    8043       2.1350
    8044       2.2103
    8045       2.1927
    8046       2.1242
    8047       2.0428
    8048       1.9817
    8049       1.9207
    8050       1.9720
    8051       1.8553
    8052       1.8966
    8053       1.9778
    8054       2.0241
    8055       1.8730
    8056       1.8856
    8057       2.1160
    8058       2.0626
    8059       2.0384
    8060       1.9183
    8061       2.0764
    8062       2.0666
    8063       2.1145
    8064       2.0161
    8065       1.9810
    8066       2.1052
    8067       2.2485
    8068       2.2943
    8069       2.2089
    8070       2.0558
    8071       2.1274
    8072       2.1861
    8073       2.1942
    8074       2.0405
    8075       2.1801
    8076       1.9861
    8077       1.9280
    8078       1.9449
    8079       1.9736
    8080       2.1026
    8081       2.1609
    8082       2.0751
    8083       1.9608
    8084       2.1134
    8085       2.1732
    8086       2.1838
    8087       2.2719
    8088       2.0494
    8089       2.1404
    8090       2.2144
    8091       2.2286
    8092       2.1694
    8093       2.2157
    8094       2.0912
    8095       2.1946
    8096       2.0265
    8097       2.0341
    8098       2.3137
    8099       1.9678
    8100       2.1434
    8101       2.1552
    8102       2.2646
    8103       2.1349
    8104       2.1090
    8105       2.0461
    8106       2.2154
    8107       1.9816
    8108       2.0094
    8109       1.9443
    8110       2.1467
    8111       2.2934
    8112       2.3048
    8113       2.1675
    8114       2.1962
    8115       2.2909
    8116       2.3896
    8117       2.2217
    8118       2.1883
    8119       2.2621
    8120       2.1787
    8121       1.9741
    8122       2.1521
    8123       2.0760
    8124       2.2051
    8125       2.0646
    8126       2.1310
    8127       2.1795
    8128       2.1983
    8129       2.0306
    8130       1.8181
    8131       2.0566
    8132       2.0072
    8133       1.9483
    8134       1.9661
    8135       1.9262
    8136       1.8906
    8137       2.1407
    8138       2.1215
    8139       1.9630
    8140       2.0395
    8141       2.0458
    8142       1.9535
    8143       1.9072
    8144       1.8872
    8145       2.0459
    8146       2.0728
    8147       2.1069
    8148       2.0092
    8149       1.9882
    8150       1.9682
    8151       1.8757
    8152       1.8462
    8153       1.9242
    8154       1.9706
    8155       2.1399
    8156       2.0563
    8157       1.9934
    8158       2.1299
    8159       2.0775
    8160       2.1698
    8161       2.0616
    8162       2.0091
    8163       2.1747
    8164       2.2625
    8165       2.1760
    8166       2.1975
    8167       2.1557
    8168       2.2404
    8169       2.0689
    8170       2.0741
    8171       2.1672
    8172       2.0778
    8173       1.9138
    8174       2.1150
    8175       2.1734
    8176       2.1811
    8177       2.1769
    8178       2.0836
    8179       1.8430
    8180       1.7749
    8181       1.8488
    8182       2.0780
    8183       2.0191
    8184       1.9653
    8185       1.9841
    8186       1.9612
    8187       1.8870
    8188       1.9351
    8189       1.8474
    8190       1.8013
    8191       1.8637
    8192       2.0336
    8193       2.2457
    8194       2.1749
    8195       2.3583
    8196       2.4152
    8197       2.4474
    8198       2.3885
    8199       2.4109
    8200       2.3016
    8201       2.3180
    8202       2.3085
    8203       2.4460
    8204       2.3575
    8205       2.2907
    8206       2.2210
    8207       2.0858
    8208       2.0676
    8209       2.1080
    8210       2.0536
    8211       2.5397
    8212       2.4061
    8213       2.3724
    8214       2.1233
    8215       2.0180
    8216       2.1054
    8217       2.1182
    8218       2.1485
    8219       2.0610
    8220       1.9012
    8221       1.8995
    8222       1.9546
    8223       1.9707
    8224       2.0816
    8225       2.2835
    8226       2.1724
    8227       2.1672
    8228       2.1112
    8229       2.3013
    8230       2.1926
    8231       2.3076
    8232       2.3451
    8233       2.1758
    8234       2.0416
    8235       2.1241
    8236       2.1932
    8237       2.2201
    8238       2.3435
    8239       2.1588
    8240       2.2136
    8241       2.2475
    8242       2.2824
    8243       2.4046
    8244       2.4674
    8245       2.2789
    8246       2.1663
    8247       2.2316
    8248       2.3206
    8249       2.4947
    8250       2.3131
    8251       2.3471
    8252       2.2676
    8253       2.1424
    8254       2.2933
    8255       2.1757
    8256       2.1473
    8257       2.0621
    8258       2.1473
    8259       2.2095
    8260       2.0506
    8261       2.1433
    8262       2.2000
    8263       2.2631
    8264       2.1985
    8265       2.2565
    8266       2.2343
    8267       2.2811
    8268       2.2256
    8269       2.1758
    8270       2.1935
    8271       2.1933
    8272       2.1358
    8273       2.1436
    8274       2.1075
    8275       1.9588
    8276       2.1000
    8277       2.0844
    8278       2.1862
    8279       2.1792
    8280       2.3202
    8281       2.5260
    8282       2.3117
    8283       2.3662
    8284       2.5503
    8285       2.5226
    8286       2.4646
    8287       2.5887
    8288       2.5773
    8289       2.6586
    8290       2.7308
    8291       2.6480
    8292       2.7051
    8293       2.7902
    8294       2.7736
    8295       2.8646
    8296       2.9513
    8297       2.9360
    8298       2.6036
    8299       2.6651
    8300       2.8949
    8301       2.9378
    8302       2.9216
    8303       2.8026
    8304       2.7472
    8305       2.8068
    8306       2.9072
    8307       2.6865
    8308       2.7521
    8309       2.9294
    8310       2.7749
    8311       2.7374
    8312       2.9132
    8313       2.8527
    8314       2.9352
    8315       2.7799
    8316       2.6493
    8317       2.7973
    8318       3.0151
    8319       3.0899
    8320       2.8530
    8321       2.8087
    8322       2.8701
    8323       2.9661
    8324       3.0250
    8325       2.8919
    8326       2.5029
    8327       2.4579
    8328       2.6587
    8329       2.4039
    8330       2.1849
    8331       2.2109
    8332       2.3092
    8333       2.2882
    8334       2.3289
    8335       2.2286
    8336       2.2681
    8337       2.3472
    8338       2.4040
    8339       2.3433
    8340       2.5164
    8341       2.4242
    8342       2.4777
    8343       2.3963
    8344       2.5694
    8345       2.5481
    8346       2.4036
    8347       2.2485
    8348       2.4941
    8349       2.5203
    8350       2.3214
    8351       2.2460
    8352       2.4644
    8353       2.4256
    8354       2.4440
    8355       2.4638
    8356       2.5373
    8357       2.5300
    8358       2.4718
    8359       2.5246
    8360       2.3736
    8361       2.4095
    8362       2.3203
    8363       2.3320
    8364       2.2069
    8365       2.2611
    8366       2.1767
    8367       2.1773
    8368       2.1467
    8369       2.5119
    8370       2.5161
    8371       2.4750
    8372       2.5208
    8373       2.6339
    8374       2.3023
    8375       2.5001
    8376       2.4572
    8377       2.4571
    8378       2.4681
    8379       2.4503
    8380       2.5669
    8381       2.3740
    8382       2.4884
    8383       2.5560
    8384       2.3889
    8385       2.3904
    8386       2.2054
    8387       2.2899
    8388       2.1312
    8389       1.9660
    8390       2.0364
    8391       1.8851
    8392       2.1524
    8393       2.1720
    8394       2.4670
    8395       2.4303
    8396       2.6274
    8397       2.2124
    8398       2.1342
    8399       2.2234
    8400       2.2646
    8401       2.2456
    8402       2.3726
    8403       2.3110
    8404       2.0724
    8405       2.1304
    8406       2.3101
    8407       2.1798
    8408       2.2776
    8409       2.2906
    8410       2.4362
    8411       2.2277
    8412       2.3550
    8413       2.2803
    8414       2.3672
    8415       2.2538
    8416       2.2633
    8417       2.2372
    8418       2.2685
    8419       2.3244
    8420       2.3369
    8421       2.4465
    8422       2.1791
    8423       2.0471
    8424       2.0200
    8425       2.0833
    8426       1.9741
    8427       2.1699
    8428       2.1149
    8429       1.9556
    8430       2.0627
    8431       2.2115
    8432       2.3884
    8433       2.2251
    8434       2.3442
    8435       2.2895
    8436       2.2871
    8437       2.1403
    8438       2.3788
    8439       2.4623
    8440       2.3373
    8441       2.2718
    8442       2.0986
    8443       1.9827
    8444       2.0402
    8445       2.1441
    8446       2.1600
    8447       2.3275
    8448       2.3250
    8449       2.3328
    8450       2.2642
    8451       2.3555
    8452       2.1330
    8453       2.0888
    8454       2.3119
    8455       2.3924
    8456       2.3578
    8457       2.3202
    8458       2.3258
    8459       2.4355
    8460       2.4662
    8461       2.4465
    8462       2.2139
    8463       2.2834
    8464       2.2055
    8465       2.3165
    8466       2.2517
    8467       2.3488
    8468       2.2488
    8469       2.0533
    8470       2.0372
    8471       2.1746
    8472       2.1332
    8473       2.1554
    8474       2.0900
    8475       2.1020
    8476       2.0486
    8477       2.0896
    8478       2.1000
    8479       2.1855
    8480       2.1107
    8481       2.0431
    8482       2.1764
    8483       2.0124
    8484       2.1430
    8485       2.0915
    8486       2.0227
    8487       2.0222
    8488       2.1809
    8489       2.1290
    8490       2.0656
    8491       1.9598
    8492       2.1856
    8493       2.2349
    8494       2.0425
    8495       1.9984
    8496       1.8592
    8497       2.0538
    8498       2.0919
    8499       2.1771
    8500       2.1907
    8501       2.3297
    8502       2.2757
    8503       2.3876
    8504       2.2960
    8505       2.3049
    8506       2.1874
    8507       2.3774
    8508       2.3582
    8509       2.2976
    8510       2.3773
    8511       2.3146
    8512       2.2588
    8513       2.5026
    8514       2.5547
    8515       2.3206
    8516       2.5644
    8517       2.5347
    8518       2.3269
    8519       2.1124
    8520       2.0025
    8521       2.2324
    8522       2.2291
    8523       2.1474
    8524       2.2609
    8525       2.2570
    8526       2.1612
    8527       2.1631
    8528       2.1938
    8529       2.1653
    8530       2.1794
    8531       2.3078
    8532       2.2315
    8533       2.1130
    8534       2.2759
    8535       2.3213
    8536       2.2023
    8537       1.9211
    8538       2.1858
    8539       2.2094
    8540       2.2245
    8541       2.2171
    8542       2.2339
    8543       2.1127
    8544       2.2691
    8545       2.1605
    8546       2.1849
    8547       2.1551
    8548       2.2610
    8549       2.3147
    8550       2.2746
    8551       2.2312
    8552       2.3155
    8553       2.3555
    8554       2.2910
    8555       2.3282
    8556       2.3745
    8557       2.2612
    8558       2.1882
    8559       2.1646
    8560       2.0925
    8561       2.1042
    8562       2.1592
    8563       2.3637
    8564       2.1956
    8565       2.1929
    8566       2.2312
    8567       2.1677
    8568       2.6005
    8569       2.4315
    8570       2.3647
    8571       2.3139
    8572       2.4368
    8573       2.3412
    8574       2.3154
    8575       2.1178
    8576       2.1035
    8577       2.2034
    8578       2.2119
    8579       2.1829
    8580       2.1528
    8581       2.2718
    8582       2.4474
    8583       2.4038
    8584       2.1992
    8585       2.3687
    8586       2.3390
    8587       2.3370
    8588       2.2104
    8589       2.1201
    8590       2.1048
    8591       2.4244
    8592       2.4690
    8593       2.3409
    8594       2.2716
    8595       2.1239
    8596       2.2233
    8597       2.1757
    8598       2.0590
    8599       2.1675
    8600       2.0362
    8601       2.1560
    8602       2.2157
    8603       2.1278
    8604       2.1998
    8605       2.3571
    8606       2.2042
    8607       2.0688
    8608       2.0116
    8609       1.8132
    8610       2.0121
    8611       2.0367
    8612       2.0733
    8613       2.1294
    8614       2.0525
    8615       2.0963
    8616       2.0349
    8617       2.0761
    8618       2.1492
    8619       2.0422
    8620       2.0927
    8621       1.9394
    8622       2.0214
    8623       2.0416
    8624       1.9600
    8625       1.9243
    8626       1.8046
    8627       1.9158
    8628       1.8806
    8629       1.8379
    8630       1.8560
    8631       1.8033
    8632       1.7195
    8633       1.7940
    8634       1.7939
    8635       1.8192
    8636       1.9703
    8637       1.8936
    8638       1.8561
    8639       1.9318
    8640       2.0336
    8641       1.8016
    8642       1.7693
    8643       1.8723
    8644       1.9074
    8645       2.0500
    8646       1.9496
    8647       1.9462
    8648       1.9657
    8649       2.0916
    8650       2.1614
    8651       2.2070
    8652       2.0763
    8653       2.0656
    8654       2.1112
    8655       1.9827
    8656       1.9444
    8657       2.0441
    8658       1.9515
    8659       1.9920
    8660       2.0441
    8661       2.1646
    8662       2.0940
    8663       2.0057
    8664       2.1706
    8665       2.1883
    8666       2.1605
    8667       2.1253
    8668       2.2730
    8669       2.2029
    8670       2.2898
    8671       2.3407
    8672       2.3589
    8673       2.2234
    8674       2.2204
    8675       2.1756
    8676       2.2005
    8677       2.3295
    8678       2.2876
    8679       2.4827
    8680       2.3550
    8681       2.2109
    8682       2.1125
    8683       2.1600
    8684       2.1657
    8685       2.1041
    8686       2.0123
    8687       2.0438
    8688       2.0450
    8689       2.1452
    8690       2.2101
    8691       2.2795
    8692       2.2765
    8693       2.2959
    8694       2.4011
    8695       2.3606
    8696       2.2498
    8697       2.2246
    8698       2.2538
    8699       2.3095
    8700       2.3941
    8701       2.2580
    8702       2.1849
    8703       2.2770
    8704       2.1348
    8705       2.1807
    8706       2.3076
    8707       2.2321
    8708       2.2215
    8709       2.2607
    8710       2.4688
    8711       2.3750
    8712       2.2909
    8713       2.4218
    8714       2.4565
    8715       2.6055
    8716       2.2876
    8717       2.2836
    8718       2.2787
    8719       2.1705
    8720       2.4020
    8721       2.2845
    8722       2.3309
    8723       2.4429
    8724       2.3155
    8725       2.4061
    8726       2.3793
    8727       2.4969
    8728       2.4930
    8729       2.4882
    8730       2.4995
    8731       2.5858
    8732       2.2652
    8733       2.4765
    8734       2.4690
    8735       2.5495
    8736       2.2995
    8737       2.3339
    8738       2.2799
    8739       2.0586
    8740       2.1463
    8741       2.1089
    8742       2.1596
    8743       2.0224
    8744       2.2250
    8745       2.1399
    8746       2.2869
    8747       2.2221
    8748       2.3140
    8749       2.5372
    8750       2.6120
    8751       2.4702
    8752       2.4505
    8753       2.4884
    8754       2.4233
    8755       2.1495
    8756       2.5796
    8757       2.5714
    8758       2.6040
    8759       2.7615
    8760       2.8383
    8761       2.8433
    8762       2.5510
    8763       2.4150
    8764       2.3107
    8765       2.3033
    8766       2.5059
    8767       2.3987
    8768       2.5062
    8769       2.5107
    8770       2.4432
    8771       2.5845
    8772       2.5860
    8773       2.5665
    8774       2.5479
    8775       2.5068
    8776       2.4535
    8777       2.6734
    8778       2.4411
    8779       2.4090
    8780       2.3590
    8781       2.3723
    8782       2.2635
    8783       2.3755
    8784       2.4642
    8785       2.3979
    8786       2.6048
    8787       2.6144
    8788       2.6753
    8789       2.5360
    8790       2.8060
    8791       2.9629
    8792       3.0311
    8793       2.9528
    8794       3.2809
    8795       3.1956
    8796       3.2105
    8797       3.0835
    8798       2.9840
    8799       2.9511
    8800       2.9675
    8801       2.9703
    8802       3.1077
    8803       3.1492
    8804       3.0318
    8805       2.9199
    8806       2.8253
    8807       2.5751
    8808       2.6507
    8809       2.6830
    8810       2.7133
    8811       2.9298
    8812       2.9301
    8813       2.8992
    8814       2.8763
    8815       2.8131
    8816       2.8081
    8817       2.6433
    8818       2.7536
    8819       2.5510
    8820       2.7087
    8821       2.8227
    8822       2.7472
    8823       2.5948
    8824       2.7687
    8825       2.8143
    8826       3.0016
    8827       2.9951
    8828       2.9849
    8829       3.0046
    8830       2.8521
    8831       2.8160
    8832       2.8569
    8833       2.8399
    8834       2.6034
    8835       2.5441
    8836       2.5997
    8837       2.4685
    8838       2.5374
    8839       2.6597
    8840       2.7739
    8841       2.9757
    8842       3.0365
    8843       2.8938
    8844       2.8113
    8845       2.6212
    8846       2.5689
    8847       2.3728
    8848       2.3582
    8849       2.1081
    8850       2.2094
    8851       2.2506
    8852       2.5203
    8853       2.6466
    8854       2.6999
    8855       2.6442
    8856       2.4187
    8857       2.4428
    8858       2.4258
    8859       2.3359
    8860       2.5382
    8861       2.6415
    8862       2.7468
    8863       2.6510
    8864       2.4308
    8865       2.6329
    8866       2.7741
    8867       2.7889
    8868       2.5881
    8869       2.7278
    8870       2.6186
    8871       2.6738
    8872       2.6977
    8873       2.6117
    8874       2.5217
    8875       2.3883
    8876       2.3557
    8877       2.4821
    8878       2.4754
    8879       2.3534
    8880       2.2716
    8881       2.2025
    8882       2.1771
    8883       2.1755
    8884       2.2225
    8885       2.2048
    8886       2.2954
    8887       2.4167
    8888       2.4028
    8889       2.6522
    8890       2.5880
    8891       2.8184
    8892       2.6241
    8893       2.6304
    8894       2.7392
    8895       2.5915
    8896       2.3899
    8897       2.3170
    8898       2.2930
    8899       2.3933
    8900       2.4697
    8901       2.3739
    8902       2.3068
    8903       2.4600
    8904       2.3512
    8905       2.5802
    8906       2.3952
    8907       2.3956
    8908       2.3732
    8909       2.4249
    8910       2.1900
    8911       2.1963
    8912       2.3805
    8913       2.3620
    8914       2.2980
    8915       2.2092
    8916       2.3384
    8917       2.2963
    8918       2.2153
    8919       2.1154
    8920       2.0582
    8921       2.1207
    8922       2.2310
    8923       2.1997
    8924       2.1223
    8925       2.1393
    8926       2.1084
    8927       2.2307
    8928       2.2734
    8929       2.4905
    8930       2.4555
    8931       2.5852
    8932       2.5033
    8933       2.6935
    8934       2.7963
    8935       2.7226
    8936       2.7471
    8937       2.6104
    8938       2.7981
    8939       2.8886
    8940       2.7929
    8941       2.7602
    8942       2.7993
    8943       2.7729
    8944       2.6013
    8945       2.7361
    8946       2.6077
    8947       2.6780
    8948       2.5672
    8949       2.5552
    8950       2.6241
    8951       2.6669
    8952       2.6758
    8953       2.6946
    8954       2.6962
    8955       2.7840
    8956       2.7042
    8957       2.5808
    8958       2.6245
    8959       2.4271
    8960       2.3668
    8961       2.3491
    8962       2.3182
    8963       2.1248
    8964       2.2312
    8965       2.1905
    8966       2.2839
    8967       2.2097
    8968       2.1591
    8969       2.1004
    8970       2.0268
    8971       2.3117
    8972       2.4288
    8973       2.3605
    8974       2.3259
    8975       2.2495
    8976       2.3592
    8977       2.4079
    8978       2.4269
    8979       2.4619
    8980       2.2739
    8981       2.3460
    8982       2.3714
    8983       2.1739
    8984       1.9793
    8985       1.9531
    8986       1.9647
    8987       1.9292
    8988       1.9669
    8989       2.0660
    8990       1.9851
    8991       2.2828
    8992       2.2833
    8993       2.3137
    8994       2.1883
    8995       2.2683
    8996       2.2990
    8997       2.1931
    8998       2.2973
    8999       2.3418
    9000       2.3417
    9001       2.3209
    9002       2.3186
    9003       2.1811
    9004       2.3585
    9005       2.2083
    9006       2.2629
    9007       2.3975
    9008       2.3573
    9009       2.2129
    9010       2.2875
    9011       2.3284
    9012       2.4596
    9013       2.6239
    9014       2.4310
    9015       2.3960
    9016       2.3010
    9017       2.2335
    9018       2.1252
    9019       2.3194
    9020       2.4497
    9021       2.6062
    9022       2.5468
    9023       2.5171
    9024       2.4228
    9025       2.4495
    9026       2.3150
    9027       2.5061
    9028       2.7028
    9029       2.6544
    9030       2.6253
    9031       2.6819
    9032       2.8930
    9033       3.0073
    9034       3.0838
    9035       3.0745
    9036       3.0774
    9037       2.9499
    9038       2.9712
    9039       3.2107
    9040       3.0566
    9041       3.1867
    9042       3.1954
    9043       3.1073
    9044       3.0729
    9045       3.0403
    9046       2.9407
    9047       2.9281
    9048       2.9435
    9049       2.7598
    9050       2.8739
    9051       2.8729
    9052       2.9878
    9053       2.9266
    9054       2.9024
    9055       2.9188
    9056       2.6036
    9057       2.7056
    9058       2.7729
    9059       2.7345
    9060       2.7868
    9061       2.9143
    9062       3.0620
    9063       2.8405
    9064       2.7876
    9065       2.7827
    9066       2.7918
    9067       2.8007
    9068       2.5449
    9069       2.7066
    9070       2.6647
    9071       2.6346
    9072       2.6698
    9073       2.6502
    9074       2.6358
    9075       2.6212
    9076       2.5357
    9077       2.7381
    9078       2.7009
    9079       2.6542
    9080       2.6358
    9081       2.6884
    9082       2.7347
    9083       2.6828
    9084       2.7417
    9085       2.7776
    9086       2.8041
    9087       2.7994
    9088       2.8220
    9089       2.7988
    9090       2.8389
    9091       2.9210
    9092       2.8225
    9093       2.7449
    9094       2.6108
    9095       2.5842
    9096       2.5644
    9097       2.6212
    9098       2.5295
    9099       2.4597
    9100       2.5426
    9101       2.4222
    9102       2.4099
    9103       2.5645
    9104       2.7174
    9105       2.7079
    9106       2.6394
    9107       2.6535
    9108       2.7713
    9109       2.7066
    9110       2.8489
    9111       2.7573
    9112       2.7805
    9113       2.8802
    9114       2.7094
    9115       2.7980
    9116       2.7910
    9117       2.7657
    9118       2.7433
    9119       2.6854
    9120       2.7490
    9121       2.6348
    9122       2.6835
    9123       2.5999
    9124       2.5831
    9125       2.4322
    9126       2.3274
    9127       2.4927
    9128       2.3931
    9129       2.4334
    9130       2.4387
    9131       2.6077
    9132       2.6472
    9133       2.5984
    9134       2.6327
    9135       2.8287
    9136       2.6383
    9137       2.6281
    9138       2.8025
    9139       3.0020
    9140       2.8949
    9141       2.8177
    9142       2.6645
    9143       2.6454
    9144       2.7548
    9145       2.6677
    9146       2.5453
    9147       2.5026
    9148       2.4369
    9149       2.4776
    9150       2.5031
    9151       2.5003
    9152       2.5405
    9153       2.8092
    9154       2.8282
    9155       2.7849
    9156       2.7198
    9157       2.8057
    9158       2.5939
    9159       2.6253
    9160       2.3550
    9161       2.3809
    9162       2.5094
    9163       2.6997
    9164       2.6605
    9165       2.6229
    9166       2.6464
    9167       2.8403
    9168       2.7452
    9169       2.7652
    9170       2.7277
    9171       2.8267
    9172       2.7938
    9173       2.6510
    9174       2.5784
    9175       2.4886
    9176       2.3426
    9177       2.5792
    9178       2.4689
    9179       2.4299
    9180       2.5172
    9181       2.6865
    9182       2.6531
    9183       2.7121
    9184       2.5429
    9185       2.7150
    9186       2.8932
    9187       2.5951
    9188       2.7552
    9189       2.7618
    9190       2.9103
    9191       2.8081
    9192       2.7374
    9193       2.6742
    9194       2.6421
    9195       2.5824
    9196       2.6854
    9197       2.5717
    9198       2.7033
    9199       2.6646
    9200       2.7957
    9201       2.7299
    9202       2.7033
    9203       2.9074
    9204       2.7287
    9205       2.6377
    9206       2.8662
    9207       2.7115
    9208       2.7556
    9209       2.8636
    9210       2.8466
    9211       2.6919
    9212       2.7284
    9213       2.6446
    9214       2.6723
    9215       2.8765
    9216       2.6554
    9217       2.5955
    9218       2.5962
    9219       2.5559
    9220       2.7243
    9221       2.6895
    9222       2.8533
    9223       3.0201
    9224       3.0043
    9225       2.8406
    9226       2.7466
    9227       2.8193
    9228       2.9314
    9229       2.7720
    9230       2.6397
    9231       2.5846
    9232       2.5324
    9233       2.7189
    9234       2.8752
    9235       2.9222
    9236       2.8178
    9237       2.9300
    9238       2.9663
    9239       2.9532
    9240       2.9223
    9241       3.0695
    9242       2.7495
    9243       2.6693
    9244       2.5893
    9245       2.4857
    9246       2.4012
    9247       2.4507
    9248       2.4491
    9249       2.6252
    9250       2.6136
    9251       2.6885
    9252       2.6566
    9253       2.7800
    9254       2.7949
    9255       2.7891
    9256       2.7844
    9257       3.0228
    9258       2.9975
    9259       2.9739
    9260       2.9395
    9261       2.8213
    9262       2.9107
    9263       2.7808
    9264       2.8350
    9265       2.9633
    9266       3.0578
    9267       2.9635
    9268       2.8681
    9269       2.8917
    9270       2.9042
    9271       2.9912
    9272       2.9454
    9273       3.1333
    9274       2.9906
    9275       2.8082
    9276       2.6092
    9277       2.8060
    9278       2.9387
    9279       2.9596
    9280       2.8240
    9281       2.9339
    9282       2.8632
    9283       3.0048
    9284       2.9027
    9285       3.0405
    9286       2.9831
    9287       3.1106
    9288       2.9950
    9289       2.8352
    9290       3.0136
    9291       2.9174
    9292       2.8591
    9293       3.0540
    9294       3.0683
    9295       2.9460
    9296       2.9043
    9297       2.9826
    9298       2.8693
    9299       2.8206
    9300       2.7057
    9301       2.6958
    9302       2.8262
    9303       2.9247
    9304       2.9438
    9305       3.0472
    9306       3.0624
    9307       2.9537
    9308       2.9294
    9309       2.8887
    9310       2.5688
    9311       2.7861
    9312       2.7638
    9313       2.5902
    9314       2.7485
    9315       2.6511
    9316       2.5487
    9317       2.6209
    9318       2.6399
    9319       2.8170
    9320       2.7792
    9321       3.0271
    9322       2.9992
    9323       3.0147
    9324       3.1658
    9325       3.0745
    9326       3.0359
    9327       3.0928
    9328       2.7714
    9329       2.6325
    9330       2.8330
    9331       2.8717
    9332       2.9627
    9333       2.8368
    9334       2.7418
    9335       2.7097
    9336       2.7238
    9337       2.7135
    9338       2.6352
    9339       2.7689
    9340       2.8984
    9341       2.9840
    9342       2.7723
    9343       2.7256
    9344       2.6359
    9345       2.7064
    9346       2.7409
    9347       2.7024
    9348       2.8942
    9349       2.6680
    9350       2.6877
    9351       2.7246
    9352       2.8034
    9353       2.8468
    9354       2.8447
    9355       2.9613
    9356       3.1111
    9357       3.1533
    9358       3.0966
    9359       3.2547
    9360       2.9368
    9361       2.8418
    9362       2.9564
    9363       2.7799
    9364       2.7089
    9365       2.8547
    9366       2.7971
    9367       2.7819
    9368       2.7835
    9369       2.7334
    9370       2.7956
    9371       2.8280
    9372       2.7927
    9373       2.7877
    9374       2.6520
    9375       2.7640
    9376       2.7746
    9377       2.8202
    9378       2.7119
    9379       2.6986
    9380       2.6371
    9381       2.5013
    9382       2.4487
    9383       2.3994
    9384       2.6345
    9385       2.7896
    9386       2.6793
    9387       2.7973
    9388       3.1051
    9389       2.9479
    9390       2.9732
    9391       3.1018
    9392       3.2634
    9393       3.3934
    9394       3.3363
    9395       3.5885
    9396       3.4091
    9397       3.4453
    9398       3.4871
    9399       3.2852
    9400       3.2470
    9401       3.2391
    9402       3.2324
    9403       3.1095
    9404       3.0911
    9405       2.9174
    9406       2.8242
    9407       2.8765
    9408       2.8404
    9409       2.9245
    9410       3.0115
    9411       3.0368
    9412       3.0928
    9413       3.1563
    9414       3.3066
    9415       3.3361
    9416       3.4540
    9417       3.3001
    9418       3.3429
    9419       3.6250
    9420       3.5076
    9421       3.8140
    9422       3.8511
    9423       3.6976
    9424       3.6790
    9425       3.6145
    9426       3.4901
    9427       3.6501
    9428       3.4289
    9429       3.4867
    9430       3.5491
    9431       3.2947
    9432       3.1339
    9433       3.2395
    9434       3.1724
    9435       3.2872
    9436       3.2108
    9437       3.0786
    9438       2.8834
    9439       2.8572
    9440       3.0214
    9441       2.9567
    9442       3.0524
    9443       2.9183
    9444       2.8332
    9445       2.8572
    9446       2.9559
    9447       3.0050
    9448       2.8095
    9449       2.7516
    9450       2.7453
    9451       2.9659
    9452       2.8722
    9453       2.8987
    9454       2.7914
    9455       2.7565
    9456       2.8093
    9457       2.7433
    9458       2.8976
    9459       3.0446
    9460       2.9219
    9461       3.1067
    9462       2.9470
    9463       2.9426
    9464       2.9206
    9465       2.9245
    9466       2.8843
    9467       3.0405
    9468       3.0293
    9469       2.8767
    9470       3.0226
    9471       2.9284
    9472       3.0375
    9473       2.8998
    9474       2.8850
    9475       2.6418
    9476       2.6410
    9477       2.8068
    9478       2.8265
    9479       3.0073
    9480       3.1369
    9481       3.1534
    9482       2.9779
    9483       3.1666
    9484       3.1639
    9485       3.0096
    9486       3.1276
    9487       3.1311
    9488       3.1574
    9489       3.0822
    9490       3.0646
    9491       3.1543
    9492       3.1219
    9493       2.9598
    9494       3.1568
    9495       2.9400
    9496       2.9332
    9497       2.8317
    9498       2.9773
    9499       3.0149
    9500       3.1855
    9501       2.9207
    9502       2.9202
    9503       3.0028
    9504       2.8667
    9505       2.9231
    9506       2.9155
    9507       3.0547
    9508       2.9277
    9509       3.0456
    9510       2.9329
    9511       3.3009
    9512       3.3497
    9513       3.4602
    9514       2.9968
    9515       3.1735
    9516       3.1939
    9517       3.2422
    9518       3.0960
    9519       3.1694
    9520       3.2117
    9521       3.1801
    9522       3.1556
    9523       2.9664
    9524       3.0128
    9525       3.0571
    9526       2.9430
    9527       2.9761
    9528       3.1035
    9529       2.9607
    9530       2.8660
    9531       2.9918
    9532       2.9518
    9533       3.0379
    9534       3.0371
    9535       3.0923
    9536       3.1691
    9537       3.1451
    9538       3.2489
    9539       3.2729
    9540       3.2034
    9541       3.1450
    9542       3.0339
    9543       3.1075
    9544       3.0756
    9545       3.2675
    9546       3.2158
    9547       3.0350
    9548       3.1019
    9549       3.0390
    9550       2.9774
    9551       2.9730
    9552       3.0692
    9553       2.8910
    9554       2.9520
    9555       3.3391
    9556       3.0764
    9557       3.1930
    9558       3.0688
    9559       3.1875
    9560       3.2521
    9561       3.0830
    9562       3.2562
    9563       3.1663
    9564       3.2273
    9565       3.1847
    9566       3.1640
    9567       3.2606
    9568       3.1134
    9569       2.9040
    9570       2.9991
    9571       3.0430
    9572       3.0159
    9573       2.9736
    9574       3.0413
    9575       2.8871
    9576       2.9203
    9577       2.9138
    9578       2.9394
    9579       2.9783
    9580       2.8666
    9581       2.7408
    9582       2.7067
    9583       2.7614
    9584       2.8057
    9585       2.8729
    9586       2.9810
    9587       2.7927
    9588       2.9556
    9589       3.1780
    9590       3.0007
    9591       2.9514
    9592       2.9947
    9593       3.0285
    9594       2.8329
    9595       2.8355
    9596       2.9261
    9597       2.8071
    9598       2.9444
    9599       2.8365
    9600       2.8614
    9601       2.9134
    9602       2.8347
    9603       2.9367
    9604       3.0417
    9605       2.9973
    9606       2.9285
    9607       2.9194
    9608       2.9517
    9609       3.0863
    9610       2.8255
    9611       3.0696
    9612       2.9258
    9613       3.1654
    9614       3.0253
    9615       3.0272
    9616       2.9611
    9617       2.9561
    9618       2.9949
    9619       3.0471
    9620       2.9096
    9621       2.9168
    9622       2.7507
    9623       2.7219
    9624       2.8776
    9625       2.9005
    9626       3.0167
    9627       2.8678
    9628       2.8511
    9629       2.7927
    9630       2.9163
    9631       2.7182
    9632       2.8349
    9633       2.8232
    9634       2.8120
    9635       2.5828
    9636       2.6399
    9637       2.6601
    9638       2.7510
    9639       2.6640
    9640       2.9210
    9641       2.7529
    9642       2.7482
    9643       2.6230
    9644       2.7496
    9645       2.9073
    9646       2.8759
    9647       2.8469
    9648       2.8726
    9649       2.8681
    9650       2.9934
    9651       2.9101
    9652       3.0718
    9653       3.1903
    9654       3.1586
    9655       3.0553
    9656       3.0569
    9657       2.8985
    9658       2.8482
    9659       2.7993
    9660       2.9181
    9661       2.7652
    9662       2.9122
    9663       2.7699
    9664       2.7945
    9665       2.7268
    9666       2.9987
    9667       2.7659
    9668       2.8837
    9669       2.7735
    9670       2.7827
    9671       2.9087
    9672       3.0089
    9673       2.7177
    9674       2.6753
    9675       2.8104
    9676       2.8966
    9677       2.7852
    9678       2.7177
    9679       2.7659
    9680       2.8912
    9681       2.9146
    9682       2.8911
    9683       2.8209
    9684       2.9277
    9685       3.0859
    9686       2.9989
    9687       3.1868
    9688       2.9915
    9689       3.0020
    9690       2.9167
    9691       2.9017
    9692       2.8078
    9693       2.9091
    9694       2.8693
    9695       2.7601
    9696       2.7338
    9697       2.7163
    9698       2.7348
    9699       2.7050
    9700       2.7900
    9701       2.6508
    9702       2.5987
    9703       2.7131
    9704       2.6935
    9705       2.8516
    9706       2.7567
    9707       2.8148
    9708       2.6825
    9709       2.6245
    9710       2.7350
    9711       2.6900
    9712       2.5469
    9713       2.6183
    9714       2.5640
    9715       2.6527
    9716       2.4695
    9717       2.6070
    9718       2.6449
    9719       2.5935
    9720       2.4803
    9721       2.4875
    9722       2.5460
    9723       2.5981
    9724       2.7265
    9725       2.8282
    9726       2.8764
    9727       2.7545
    9728       2.8778
    9729       2.6465
    9730       2.5680
    9731       2.6935
    9732       2.6590
    9733       2.7303
    9734       2.6776
    9735       2.6353
    9736       2.6398
    9737       2.8820
    9738       2.7805
    9739       2.8535
    9740       2.8607
    9741       2.7430
    9742       2.7404
    9743       2.6624
    9744       2.7877
    9745       2.7925
    9746       2.7023
    9747       2.8182
    9748       2.8090
    9749       2.8039
    9750       2.7657
    9751       2.7159
    9752       2.6327
    9753       2.5983
    9754       2.5713
    9755       2.5573
    9756       2.7746
    9757       2.6035
    9758       2.7329
    9759       2.8247
    9760       3.0113
    9761       2.9710
    9762       2.9959
    9763       2.8515
    9764       2.9034
    9765       2.8993
    9766       2.7760
    9767       2.5466
    9768       2.6876
    9769       2.7294
    9770       2.7340
    9771       2.6181
    9772       2.5824
    9773       2.6191
    9774       2.7194
    9775       2.7557
    9776       3.0331
    9777       2.9927
    9778       2.7941
    9779       2.6586
    9780       2.8255
    9781       2.8090
    9782       2.9126
    9783       2.8498
    9784       2.7369
    9785       2.7270
    9786       2.6620
    9787       2.7215
    9788       2.6235
    9789       2.7290
    9790       2.8064
    9791       2.7341
    9792       2.7442
    9793       2.6703
    9794       2.5808
    9795       2.7710
    9796       2.9653
    9797       3.1688
    9798       3.1624
    9799       3.2558
    9800       3.1333
    9801       3.3997
    9802       3.4175
    9803       3.4311
    9804       3.4695
    9805       3.5675
    9806       3.4118
    9807       3.2344
    9808       3.4059
    9809       3.5188
    9810       3.3628
    9811       3.3115
    9812       3.2503
    9813       3.3258
    9814       3.3723
    9815       3.3518
    9816       3.4500
    9817       3.5532
    9818       3.5468
    9819       3.5926
    9820       3.3301
    9821       3.4009
    9822       3.5025
    9823       3.4974
    9824       3.1605
    9825       3.2657
    9826       3.2524
    9827       3.0532
    9828       3.1635
    9829       3.2236
    9830       3.1732
    9831       3.1341
    9832       3.2114
    9833       3.0129
    9834       3.0518
    9835       3.0142
    9836       3.0129
    9837       3.0585
    9838       2.8748
    9839       2.9159
    9840       2.8317
    9841       2.9714
    9842       2.9886
    9843       2.8793
    9844       2.9627
    9845       2.8559
    9846       2.9305
    9847       2.8121
    9848       2.7119
    9849       2.6396
    9850       2.8323
    9851       2.7591
    9852       2.9958
    9853       2.9808
    9854       3.0431
    9855       3.1006
    9856       3.0427
    9857       3.1786
    9858       3.0094
    9859       2.8495
    9860       2.9643
    9861       2.9723
    9862       2.6769
    9863       2.8287
    9864       2.8034
    9865       2.8845
    9866       2.9374
    9867       2.9794
    9868       2.8710
    9869       2.8499
    9870       2.8736
    9871       2.7618
    9872       2.7689
    9873       2.6076
    9874       2.7923
    9875       2.9926
    9876       2.8636
    9877       2.9426
    9878       2.8763
    9879       2.8217
    9880       2.6883
    9881       2.6428
    9882       2.6793
    9883       2.6413
    9884       2.6149
    9885       2.5524
    9886       2.6166
    9887       2.6259
    9888       2.6105
    9889       2.7960
    9890       2.9406
    9891       2.8577
    9892       2.9813
    9893       2.8777
    9894       2.6168
    9895       2.6628
    9896       2.7028
    9897       2.6347
    9898       2.6293
    9899       2.6616
    9900       2.7422
    9901       2.7875
    9902       2.7076
    9903       2.6596
    9904       2.8612
    9905       2.8159
    9906       2.7268
    9907       2.8063
    9908       2.6749
    9909       2.8327
    9910       2.9462
    9911       2.9281
    9912       2.9538
    9913       2.8210
    9914       2.9832
    9915       2.7878
    9916       2.7452
    9917       2.8125
    9918       2.9230
    9919       3.0376
    9920       3.0682
    9921       2.9802
    9922       3.0353
    9923       2.7919
    9924       2.9065
    9925       3.0292
    9926       2.8706
    9927       2.9407
    9928       2.9652
    9929       2.8977
    9930       2.9870
    9931       3.0842
    9932       3.0662
    9933       3.0396
    9934       3.0263
    9935       2.9560
    9936       2.9804
    9937       3.0396
    9938       2.8093
    9939       2.8865
    9940       2.7852
    9941       2.8069
    9942       2.9912
    9943       2.9780
    9944       2.9437
    9945       2.8805
    9946       2.9843
    9947       3.0361
    9948       3.0792
    9949       2.9264
    9950       2.7635
    9951       2.9195
    9952       2.8278
    9953       2.8488
    9954       2.9289
    9955       2.9986
    9956       3.1397
    9957       3.1241
    9958       2.9784
    9959       2.9146
    9960       2.8853
    9961       2.8511
    9962       2.7807
    9963       2.9419
    9964       2.8051
    9965       2.9266
    9966       2.9063
    9967       2.8274
    9968       2.9457
    9969       2.8966
    9970       2.9141
    9971       2.8837
    9972       2.9903
    9973       2.9389
    9974       2.8045
    9975       2.8669
    9976       2.8280
    9977       2.7911
    9978       2.8819
    9979       2.8919
    9980       2.9257
    9981       2.7766
    9982       3.0955
    9983       2.9448
    9984       3.0610
    9985       3.1015
    9986       3.0109
    9987       3.0230
    9988       2.8275
    9989       2.8672
    9990       3.0606
    9991       2.9337
    9992       2.9575
    9993       2.8834
    9994       2.8004
    9995       2.8283
    9996       2.7099
    9997       2.7749
    9998       2.8919
    9999       2.8814
   10000       2.7688
