Ligand,default2017_BestMode,default2017_Affinity,default2017_Intramol,default2017_CNNpose,default2017_CNNaffinity,crossdock_default2018_BestMode,crossdock_default2018_Affinity,crossdock_default2018_Intramol,crossdock_default2018_CNNpose,crossdock_default2018_CNNaffinity,redock_default2018_BestMode,redock_default2018_Affinity,redock_default2018_Intramol,redock_default2018_CNNpose,redock_default2018_CNNaffinity,dense_BestMode,dense_Affinity,dense_Intramol,dense_CNNpose,dense_CNNaffinity,general_default2018_BestMode,general_default2018_Affinity,general_default2018_Intramol,general_default2018_CNNpose,general_default2018_CNNaffinity
E0019_1,7,-6.63236,-0.91461,0.80295,4.81961,1,-7.19973,-1.20286,0.28819,5.50269,1,-7.19973,-1.20286,0.30363,5.23869,1,-7.19973,-1.20286,0.7156,4.34835,4,-6.97562,-0.94542,0.22627,4.09294
E0019_2,2,-7.20878,-0.96531,0.82789,4.86797,1,-5.7508,-1.34394,0.36224,5.11434,2,-7.20878,-0.96531,0.4447,5.35276,7,-6.05378,-1.03122,0.72346,4.95005,1,-5.7508,-1.34394,0.35838,4.01621
E0019_3,9,-7.25128,-1.22952,0.66884,4.46458,8,-5.57768,-0.72759,0.31404,5.3315,1,-6.1381,-0.79237,0.27946,4.92486,1,-6.1381,-0.79237,0.76816,4.78893,6,-6.96346,-1.09673,0.45724,4.14521
E0019,1,-7.28365,-0.20543,0.82496,5.15097,7,-6.83772,-1.24201,0.25905,5.36245,1,-7.28365,-0.20543,0.46732,5.49594,7,-6.83772,-1.24201,0.76921,4.21432,4,-6.2086,-1.2044,0.31482,4.22098
E0125_1,8,-7.20865,0.83907,0.47315,5.47545,6,-6.49252,-0.74138,0.28674,5.30923,5,-5.79872,0.61688,0.09861,4.8581,4,-5.72293,-0.6242,0.36906,4.46653,8,-7.20865,0.83907,0.124,4.03636
E0125_2,2,-6.58225,0.1118,0.47743,5.62835,6,-5.81908,-0.75175,0.35408,4.81886,8,-6.7486,-0.54567,0.07923,5.08332,7,-6.25342,-0.08213,0.56949,3.90938,2,-6.58225,0.1118,0.15347,4.24354
E0125_3,6,-6.51359,0.74302,0.41534,5.85028,2,-6.00499,-0.76573,0.23807,4.7529,1,-5.7186,-0.67325,0.04689,4.67115,4,-6.36577,-0.29123,0.71068,4.21724,5,-6.71493,-0.78916,0.08399,4.11299
E0125,9,-6.64588,0.21226,0.38253,5.37777,10,-6.39946,-0.30017,0.38525,5.23518,1,-5.63555,-0.78121,0.12273,4.68804,6,-6.13614,0.04603,0.46393,4.02405,6,-6.13614,0.04603,0.10812,4.10163
E0144_1,8,-7.271,-0.01051,0.24297,5.67051,7,-6.70639,0.1267,0.23222,5.27354,9,-7.48947,0.45396,0.03998,4.79315,2,-6.51901,-0.29103,0.44629,3.7042,2,-6.51901,-0.29103,0.02277,3.62114
E0144_2,4,-7.551,-0.21147,0.26805,5.16971,9,-6.83207,-0.25078,0.21373,4.95856,9,-6.83207,-0.25078,0.05822,4.61622,3,-6.172,-0.14151,0.19806,3.8852,3,-6.172,-0.14151,0.08156,4.09363
E0144_3,2,-6.47054,0.39893,0.3321,4.47898,7,-7.43341,1.05726,0.21011,5.15193,7,-7.43341,1.05726,0.05233,4.70319,3,-6.38325,0.70864,0.28606,3.39456,7,-7.43341,1.05726,0.03217,3.85161
E0144,6,-6.36756,-0.5216,0.39036,5.22018,1,-6.90187,-0.75535,0.24748,5.01506,3,-7.3543,-0.52406,0.05595,4.82153,7,-7.28117,-0.49763,0.16695,3.23511,1,-6.90187,-0.75535,0.05571,4.31385
E0167_1,3,-7.374,0.21362,0.85685,4.37088,3,-7.374,0.21362,0.61607,5.29782,3,-7.374,0.21362,0.73048,4.58954,5,-7.16006,0.41592,0.68268,3.97859,3,-7.374,0.21362,0.89967,4.8277
E0167,1,-6.32625,-0.00403,0.81433,4.87554,5,-7.49403,1.13388,0.4308,5.10958,3,-7.71594,0.68842,0.68063,4.55546,5,-7.49403,1.13388,0.81862,4.17974,1,-6.32625,-0.00403,0.92717,4.82542
E0174_1,9,-6.77579,-0.15788,0.37325,5.37317,9,-6.77579,-0.15788,0.74311,5.41608,9,-6.77579,-0.15788,0.46712,4.89671,6,-9.6664,-0.30867,0.6113,6.37933,9,-6.77579,-0.15788,0.72326,4.82011
E0174_2,9,-8.21896,0.41023,0.3563,5.43468,3,-9.20003,0.66808,0.79182,5.88091,3,-9.20003,0.66808,0.5075,5.41119,3,-9.20003,0.66808,0.62426,6.70974,3,-9.20003,0.66808,0.67285,5.23165
E0174_3,1,-7.18567,0.01651,0.41589,4.6338,4,-9.55408,0.44476,0.79026,5.93672,1,-7.18567,0.01651,0.52881,5.33025,3,-9.64548,-0.30952,0.75623,6.54768,1,-7.18567,0.01651,0.83797,5.18655
E0174,8,-7.1948,0.71574,0.21062,5.39467,6,-9.69563,0.62446,0.73102,5.78953,4,-9.14281,0.82769,0.29907,5.37282,4,-9.14281,0.82769,0.33673,6.0638,2,-6.86865,-0.1132,0.63179,4.82073
E0177_1,7,-9.36522,-0.45507,0.62286,7.11925,2,-7.0226,-0.25931,0.73119,5.20701,1,-7.17015,-0.6004,0.73305,5.56398,1,-7.17015,-0.6004,0.87738,5.25624,1,-7.17015,-0.6004,0.93968,6.33339
E0177,3,-9.85395,-0.30828,0.83287,7.76328,1,-10.04712,-0.17892,0.62682,5.98516,1,-10.04712,-0.17892,0.67736,5.87163,4,-7.25012,1.27804,0.29721,4.38733,5,-9.29122,0.27526,0.73019,6.0102
E0529_1,8,-5.49236,-0.90111,0.54984,4.92405,1,-5.41816,-1.48361,0.38641,4.96091,6,-5.4953,-0.45978,0.25389,4.33998,2,-5.29233,-0.90679,0.53693,3.91841,8,-5.49236,-0.90111,0.29077,4.35285
E0529,10,-5.84972,-1.264,0.56972,4.41214,4,-6.3096,-0.57388,0.20932,4.92616,9,-5.555,-0.56946,0.15075,4.37564,3,-5.3759,-0.96266,0.19101,3.43081,10,-5.84972,-1.264,0.12643,3.92051
E0530_1,2,-8.17605,0.30768,0.91148,7.02133,4,-6.6381,1.51296,0.74892,5.70223,4,-6.6381,1.51296,0.5802,5.32574,8,-7.33697,-0.10591,0.70701,5.75705,3,-6.80973,-0.46391,0.95901,5.93467
E0530,10,-8.71297,0.42059,0.53544,6.29849,3,-6.71863,-0.72382,0.72199,5.61429,3,-6.71863,-0.72382,0.58476,5.33329,1,-8.00782,-0.62369,0.89208,6.43317,1,-8.00782,-0.62369,0.94129,6.38887
E0706_1,2,-6.77997,0.2468,0.21734,4.97433,2,-6.77997,0.2468,0.39523,5.51982,4,-6.90691,0.2557,0.15318,4.87441,7,-6.86883,-0.32393,0.38438,4.83454,3,-6.67419,0.51383,0.06401,3.9019
E0706_2,3,-7.14517,-0.02915,0.11263,5.09283,1,-7.18364,-1.03928,0.56568,5.53695,4,-6.81256,-0.08523,0.20257,4.93816,3,-7.14517,-0.02915,0.79037,5.57511,5,-6.67102,-0.30153,0.05384,3.83624
E0706_3,1,-6.41799,-0.22715,0.16606,5.18766,2,-6.8166,0.25565,0.54398,5.52211,3,-6.72285,-0.20596,0.21539,5.32502,1,-6.41799,-0.22715,0.6894,5.42692,8,-7.40614,0.19316,0.27492,4.61466
E0706,2,-6.86717,0.47403,0.18828,4.7328,2,-6.86717,0.47403,0.32206,5.54723,1,-6.76071,0.06653,0.17139,4.89533,1,-6.76071,0.06653,0.40687,5.18656,6,-7.41057,0.03808,0.02814,3.95897
E0742_1,5,-6.38944,0.60097,0.67326,6.18446,7,-6.72536,0.17212,0.64247,5.55297,3,-5.85191,0.3788,0.49595,5.00964,3,-5.85191,0.3788,0.77072,5.88572,1,-5.92616,2.33039,0.88927,5.23115
E0742,4,-6.81671,0.02953,0.58867,6.01896,6,-7.3038,1.06627,0.75819,5.60976,2,-6.02599,3.06266,0.38505,5.32145,1,-6.8766,0.18133,0.75461,5.66935,1,-6.8766,0.18133,0.87577,5.98532
E1243_1,5,-9.38214,0.08686,0.78058,3.39841,7,-6.78302,-0.11342,0.32836,4.45794,1,-7.38654,0.06586,0.18052,4.43227,3,-7.66411,-0.85304,0.77444,4.26306,4,-6.73713,-0.76497,0.22795,3.45101
E1243,1,-8.40256,3.50714,0.94472,3.42771,8,-6.569,-0.12605,0.34899,4.41408,6,-8.07931,2.35058,0.13694,4.26216,2,-7.65179,-0.8032,0.91422,5.2337,1,-8.40256,3.50714,0.43642,3.1339
E2872_1,3,-9.95609,0.40015,0.33437,7.54227,10,-6.95084,0.71217,0.77919,5.5831,5,-7.69122,0.10296,0.63724,5.47906,1,-6.36168,0.27903,0.82774,5.87596,4,-6.69863,0.17386,0.74803,5.7943
E2872,8,-7.08062,-0.43773,0.47324,7.3471,1,-6.49628,-0.47872,0.78022,5.86766,5,-7.00399,-0.48627,0.70331,5.43982,1,-6.49628,-0.47872,0.76157,5.7578,7,-7.78551,0.56028,0.90156,6.1304
E2901_1,6,-6.66831,-0.19132,0.50062,3.74303,2,-5.35621,-0.5511,0.48651,4.04675,6,-6.66831,-0.19132,0.24859,4.13141,7,-5.34464,-0.3148,0.63822,4.09364,6,-6.66831,-0.19132,0.09667,3.01779
E2901,10,-5.60865,-0.64312,0.30629,3.66389,5,-6.40477,-0.38975,0.47915,4.27853,5,-6.40477,-0.38975,0.22715,4.11402,8,-5.17964,-0.24684,0.44236,3.99417,5,-6.40477,-0.38975,0.07904,3.05062
E4421_1,7,-6.64092,-0.50419,0.59536,6.00901,1,-6.86178,-0.44019,0.74013,5.466,1,-6.86178,-0.44019,0.7044,5.22844,1,-6.86178,-0.44019,0.83304,4.73259,1,-6.86178,-0.44019,0.93734,5.47782
E4421,6,-6.36015,-0.4001,0.55463,6.19516,2,-6.41653,0.52785,0.66645,5.44753,2,-6.41653,0.52785,0.63664,5.2084,1,-6.38966,-0.22965,0.65027,5.13288,1,-6.38966,-0.22965,0.82259,5.72037
E4422_1,5,-6.11418,-0.15734,0.29627,3.64636,6,-4.92459,-0.12716,0.61636,3.5178,6,-4.92459,-0.12716,0.63493,3.64369,4,-5.49979,-0.13107,0.8369,4.25938,4,-5.49979,-0.13107,0.22726,2.72851
E4422_2,2,-4.98839,-0.22399,0.18719,3.26128,1,-5.05711,-0.13377,0.43572,3.65755,1,-5.05711,-0.13377,0.27677,3.54685,3,-5.16385,-0.18979,0.59857,3.73705,3,-5.16385,-0.18979,0.10514,2.42754
E4422_3,5,-5.75795,-0.15214,0.35849,3.75759,2,-5.09928,-0.21159,0.57367,3.82856,2,-5.09928,-0.21159,0.26207,3.61187,7,-6.16174,-0.1745,0.70025,3.42964,5,-5.75795,-0.15214,0.14237,2.89454
E4422,3,-5.0065,-0.22707,0.21702,3.47906,3,-5.0065,-0.22707,0.58984,3.75783,8,-4.96135,-0.19292,0.40842,3.6845,9,-4.94798,-0.13366,0.59716,4.07356,9,-4.94798,-0.13366,0.13395,2.37774
E4472_1,1,-5.75286,-0.3772,0.83639,4.28122,10,-5.3982,-0.09331,0.63326,3.7818,1,-5.75286,-0.3772,0.75984,3.88743,1,-5.75286,-0.3772,0.74508,3.27693,1,-5.75286,-0.3772,0.85258,3.82894
E4472,9,-6.01302,-0.15053,0.91111,4.47095,9,-6.01302,-0.15053,0.62761,3.89736,3,-6.16679,-0.14691,0.69021,3.51491,5,-5.12881,-0.40743,0.87349,3.54704,3,-6.16679,-0.14691,0.95524,3.68672
S0088_1,8,-7.01433,-0.20977,0.18772,6.98228,1,-7.03381,-0.79612,0.18648,5.73035,4,-7.90194,-0.82444,0.04948,5.67764,8,-7.01433,-0.20977,0.41702,5.77805,2,-6.85876,-0.56475,0.03174,4.264
S0088_2,7,-7.563,0.4977,0.23157,6.64185,2,-7.08667,0.11754,0.23796,5.75498,2,-7.08667,0.11754,0.06495,5.48299,9,-6.95094,-0.26411,0.20924,5.73566,2,-7.08667,0.11754,0.07012,4.9327
S0088,2,-7.11248,-1.13135,0.29066,6.30048,1,-6.81498,-0.24662,0.31842,5.68798,1,-6.81498,-0.24662,0.0884,5.44182,3,-6.65617,-0.59951,0.23507,5.99955,1,-6.81498,-0.24662,0.22923,5.23984
S0398_1,5,-9.06568,-0.90473,0.27207,5.96558,3,-7.67866,-1.27184,0.22857,5.65011,9,-7.89255,-1.26794,0.02854,5.65711,1,-7.76133,-0.28789,0.34237,3.63669,4,-8.38803,-1.21572,0.00414,4.70174
S0398_2,2,-9.11987,-0.99096,0.35257,5.64702,4,-7.36558,-1.02524,0.30155,5.8149,1,-8.22025,-0.94886,0.0317,5.47134,2,-9.11987,-0.99096,0.2953,4.24085,1,-8.22025,-0.94886,0.01639,4.80673
S0398_3,1,-7.85298,-0.53268,0.18695,5.71605,7,-8.44477,-0.9518,0.19372,5.9449,4,-7.61174,-0.82923,0.02252,5.48645,2,-7.55582,-1.094,0.49747,4.22679,9,-9.14137,-0.67937,0.0052,5.05844
S0398,3,-7.53204,-1.16751,0.28921,5.86583,8,-8.02876,-1.66988,0.31277,6.13997,6,-7.78685,-1.24465,0.04004,5.39492,1,-7.33208,-1.24523,0.42985,4.85494,10,-9.39417,-1.46291,0.01107,4.97973
S1008_1,1,-7.73872,0.05587,0.46281,6.91075,2,-6.49952,-0.7,0.26019,5.59661,8,-7.37503,-0.13743,0.09768,5.65847,1,-7.73872,0.05587,0.64167,5.17006,4,-6.60269,-0.96787,0.15573,4.8769
S1008,2,-6.31217,-1.08499,0.23639,6.27026,9,-6.96519,0.191,0.28095,5.9003,9,-6.96519,0.191,0.15396,5.55346,2,-6.31217,-1.08499,0.70152,5.41735,1,-6.85303,-0.80511,0.29415,4.92632
S1010_1,4,-7.69081,-0.93923,0.1774,4.62359,1,-7.88979,-2.33282,0.36083,6.48525,6,-7.81264,-1.82093,0.17894,5.9208,10,-7.57661,-1.96022,0.15076,5.1305,1,-7.88979,-2.33282,0.05697,5.04914
S1010_2,7,-8.90804,1.13971,0.28949,4.5394,9,-7.93137,0.66061,0.41178,6.28156,2,-7.61433,-1.40376,0.19548,6.01672,9,-7.93137,0.66061,0.29436,4.82852,9,-7.93137,0.66061,0.16778,5.77792
S1010,6,-7.81693,-2.20746,0.15393,4.09516,2,-7.62512,-1.7126,0.42408,6.18042,1,-8.25449,-0.40075,0.29953,5.87082,10,-6.42298,0.76204,0.49829,5.20102,6,-7.81693,-2.20746,0.07816,5.11645
S1014_1,9,-7.51507,-0.83111,0.41257,7.64039,1,-7.52924,-0.0054,0.62751,6.78526,1,-7.52924,-0.0054,0.19471,6.4799,7,-7.28339,-0.47032,0.22429,4.30757,1,-7.52924,-0.0054,0.11162,5.34573
S1014_2,8,-7.34668,-0.09259,0.14957,6.63312,2,-7.03911,-0.02899,0.42711,6.57853,3,-6.73346,-1.3143,0.11744,5.74673,1,-7.00019,-0.25297,0.28411,4.96788,4,-6.89057,-0.17703,0.06278,4.95177
S1014,1,-6.95513,0.49613,0.15638,6.30822,1,-6.95513,0.49613,0.46766,6.446,3,-6.87592,-1.34576,0.08659,6.13709,1,-6.95513,0.49613,0.1548,4.71072,1,-6.95513,0.49613,0.15572,5.04447
S1046_1,1,-7.15915,-0.90495,0.40862,6.37701,1,-7.15915,-0.90495,0.45099,6.26158,1,-7.15915,-0.90495,0.05682,5.76884,7,-7.22832,-1.03074,0.28739,3.79035,1,-7.15915,-0.90495,0.03337,4.60914
S1046,10,-7.52754,-0.35501,0.12839,5.88059,4,-7.42645,-0.72686,0.23381,5.93857,3,-7.04944,-0.85661,0.05434,5.30825,5,-7.56106,-0.78532,0.35897,4.54236,2,-7.66161,0.03866,0.00994,4.2182
S1149_1,9,-6.88104,0.43792,0.78058,3.36996,5,-6.52958,0.52053,0.37578,4.13645,3,-6.05277,0.46113,0.10593,3.65672,1,-6.99904,-0.35492,0.69847,4.26114,9,-6.88104,0.43792,0.24407,2.90926
S1149_2,6,-6.31678,0.25578,0.87542,3.85372,8,-6.06774,0.33233,0.49838,4.03929,1,-6.80551,0.34298,0.3848,4.2194,3,-6.22653,-0.60785,0.88889,4.55046,2,-7.31209,0.00608,0.61642,3.02973
S1149_3,5,-6.93908,-0.40799,0.82093,3.5055,1,-6.50858,0.34842,0.42374,4.71469,5,-6.93908,-0.40799,0.21808,3.94674,2,-7.2404,-0.4275,0.66774,3.81438,5,-6.93908,-0.40799,0.45417,3.0506
S1149,3,-6.29023,-0.55664,0.66711,2.75464,6,-6.22682,0.37357,0.32818,4.45674,2,-6.5887,-0.04601,0.15355,4.04465,9,-6.26241,-0.40248,0.88151,4.64018,4,-6.59382,-0.55874,0.54372,3.22704
S1156_1,5,-6.79754,0.12339,0.67396,5.10232,6,-6.50354,-0.09291,0.31108,4.6475,4,-6.21856,-0.06177,0.29829,4.51737,3,-6.36538,-0.56019,0.78813,4.32968,7,-7.69004,0.27341,0.58358,4.34203
S1156,4,-8.35902,-0.87976,0.8462,4.39864,9,-6.05106,-0.9154,0.53184,4.70925,9,-6.05106,-0.9154,0.17703,4.25871,7,-6.18512,-0.19561,0.71143,5.2686,4,-8.35902,-0.87976,0.44719,4.06013
S1196_1,8,-8.05429,0,0.67752,6.3702,1,-6.60646,0,0.72191,5.29765,1,-6.60646,0,0.47083,4.88731,1,-6.60646,0,0.77112,4.98734,1,-6.60646,0,0.86166,5.17106
S1196,4,-6.54388,0,0.61159,5.05541,4,-6.54388,0,0.74373,5.21571,1,-6.87576,0,0.59348,4.99741,2,-6.41541,0,0.65399,4.99612,1,-6.87576,0,0.84794,5.15533
S1202_1,2,-8.72379,-0.75737,0.41557,5.78794,1,-7.66198,-0.60587,0.71835,6.01257,1,-7.66198,-0.60587,0.24244,5.43832,7,-8.46875,-0.07486,0.54265,5.6562,1,-7.66198,-0.60587,0.27539,4.97468
S1202,6,-7.84439,-0.93816,0.16052,4.04198,6,-7.84439,-0.93816,0.37341,6.04399,4,-9.29547,-0.3117,0.19954,6.11347,1,1.70492,4.37507,0.95802,6.17321,3,-8.32629,-0.64026,0.13389,5.7268
S1218_1,3,-6.96386,-0.1184,0.73367,3.74302,3,-6.96386,-0.1184,0.51043,4.66776,3,-6.96386,-0.1184,0.11242,4.24791,2,-6.84321,-0.25543,0.81146,3.54622,10,-6.78344,-0.49088,0.20289,3.26897
S1218,6,-6.76791,-0.23641,0.74375,3.86933,6,-6.76791,-0.23641,0.7018,4.83627,6,-6.76791,-0.23641,0.1128,4.20238,5,-6.48757,-0.04829,0.71217,4.71155,6,-6.76791,-0.23641,0.1687,3.39238
S1233_1,3,-7.62221,-0.07142,0.53918,3.554,8,-7.25235,-0.07804,0.57978,5.16822,1,-6.88144,-0.07523,0.47844,5.0496,1,-6.88144,-0.07523,0.91817,4.94581,3,-7.62221,-0.07142,0.7817,5.07948
S1233,6,-6.81342,-0.07227,0.33071,3.50156,6,-6.81342,-0.07227,0.61332,5.13284,3,-6.61618,-0.08898,0.4818,4.90256,1,-6.21613,0.81126,0.74857,5.0623,6,-6.81342,-0.07227,0.63683,4.54484
S1250,3,-8.07039,-0.93253,0.59912,5.49488,1,-6.24915,-0.6799,0.65419,5.66641,1,-6.24915,-0.6799,0.26892,4.81675,1,-6.24915,-0.6799,0.90593,6.30214,1,-6.24915,-0.6799,0.19372,4.74717
S1251_1,6,-6.90588,-0.22938,0.39619,6.06225,3,-6.36969,-0.12847,0.64636,5.20073,3,-6.36969,-0.12847,0.59486,5.09571,3,-6.36969,-0.12847,0.53089,4.65264,2,-6.53231,-0.27108,0.79185,5.12369
S1251,5,-6.81593,-0.30705,0.45967,5.88635,1,-6.23233,-0.31012,0.68111,5.20971,4,-6.94934,-0.22006,0.41434,5.2393,1,-6.23233,-0.31012,0.75561,5.32308,1,-6.23233,-0.31012,0.6865,5.2317
S1280_1,8,-6.78242,-0.93024,0.52608,4.65726,1,-6.43157,-1.01353,0.45715,5.19206,1,-6.43157,-1.01353,0.47538,4.95534,2,-6.89217,-0.59205,0.34356,3.86857,4,-6.85763,-0.6803,0.12041,4.24505
S1280,7,-6.57484,-1.17728,0.50099,4.98872,2,-6.79671,-0.38794,0.35025,5.23201,9,-6.23404,-1.22611,0.33524,4.95453,7,-6.57484,-1.17728,0.45549,4.19248,6,-6.86694,-1.00309,0.11281,4.19102
S1283_1,9,-7.6544,0,0.34745,4.60609,10,-5.64793,0,0.49622,4.81752,10,-5.64793,0,0.30468,4.45141,1,-6.49419,0,0.63349,3.43306,10,-5.64793,0,0.39898,3.95834
S1283,8,-7.12614,0,0.48574,4.59291,8,-7.12614,0,0.41341,5.13995,9,-5.54753,0,0.20447,4.56003,1,-6.37888,0,0.71809,3.78566,8,-7.12614,0,0.09377,3.97487
S1286_1,2,-6.42627,0.83326,0.54172,6.08477,1,-6.07652,-0.38025,0.84437,5.24,1,-6.07652,-0.38025,0.52784,4.79197,9,-6.38774,-0.22019,0.92404,5.95034,1,-6.07652,-0.38025,0.95408,5.25794
S1286,5,-6.94962,-0.61751,0.63759,6.16195,5,-6.94962,-0.61751,0.77621,5.36926,6,-6.0978,-0.79821,0.47421,5.18442,10,-6.85342,-0.31406,0.90637,6.28263,2,-7.46317,0.22905,0.88988,5.90731
S1300_1,1,-6.40904,-0.19031,0.85425,4.17136,1,-6.40904,-0.19031,0.92807,4.8788,1,-6.40904,-0.19031,0.62313,4.18049,1,-6.40904,-0.19031,0.98056,3.61027,1,-6.40904,-0.19031,0.87577,3.42664
S1300_2,1,-5.73393,0.44382,0.86948,4.09114,1,-5.73393,0.44382,0.77445,4.50423,5,-5.87216,0.37897,0.25589,4.04339,1,-5.73393,0.44382,0.88837,3.16437,1,-5.73393,0.44382,0.71456,3.04241
S1300_3,1,-5.6814,-0.18778,0.90308,3.87741,1,-5.6814,-0.18778,0.84107,4.67177,1,-5.6814,-0.18778,0.36359,3.96557,1,-5.6814,-0.18778,0.93444,3.19225,1,-5.6814,-0.18778,0.79171,3.2018
S1300,1,-6.2276,0.17592,0.89523,4.41496,1,-6.2276,0.17592,0.89796,4.76033,1,-6.2276,0.17592,0.49844,4.05573,1,-6.2276,0.17592,0.97644,3.59694,1,-6.2276,0.17592,0.86673,3.37288
S1304_1,6,-7.18097,-0.12996,0.66469,6.06892,1,-6.93478,0.01653,0.6757,5.5288,2,-6.50081,0.53149,0.58228,5.40172,2,-6.50081,0.53149,0.82217,5.40684,1,-6.93478,0.01653,0.7986,5.2983
S1304,5,-6.48753,0.04761,0.53752,5.69524,3,-6.61762,-0.05158,0.73094,5.3753,2,-6.41723,0.37739,0.57947,5.41262,2,-6.41723,0.37739,0.74474,5.93744,5,-6.48753,0.04761,0.92476,5.31393
S1314_1,7,-5.83323,1.11574,0.92768,4.46913,7,-5.83323,1.11574,0.64868,4.35228,7,-5.83323,1.11574,0.92446,4.43172,7,-5.83323,1.11574,0.77843,4.5737,7,-5.83323,1.11574,0.856,3.92656
S1314_2,1,-5.69855,0.11856,0.94529,4.56569,6,-6.17779,-0.10209,0.68441,4.08837,6,-6.17779,-0.10209,0.88033,4.03104,6,-6.17779,-0.10209,0.77912,5.61801,5,-5.57444,-0.175,0.71904,3.96952
S1314_3,10,-6.68693,1.16087,0.91843,4.79232,1,-5.93317,1.12226,0.77247,4.40662,5,-6.44488,-0.18109,0.90929,4.18508,8,-5.78261,0.1595,0.73574,5.48046,2,-6.06941,0.41316,0.86843,4.014
S1314_4,6,-5.77681,0.06699,0.91155,5.02502,1,-5.19527,0.67625,0.75392,4.3344,3,-6.48114,-0.20057,0.9197,4.29477,1,-5.19527,0.67625,0.86434,4.84923,8,-6.07511,-0.36886,0.81688,4.37512
S1314_5,2,-6.56,0.51975,0.91661,5.38419,3,-6.46059,-0.45576,0.67211,4.30686,2,-6.56,0.51975,0.8985,4.23595,3,-6.46059,-0.45576,0.90495,5.38754,6,-5.84882,0.2423,0.87136,4.40221
S1314,6,-6.53387,0.70656,0.93635,4.76215,5,-5.54881,0.41673,0.66628,3.91902,4,-6.46183,-0.21937,0.82746,4.09948,2,-5.73508,0.41315,0.71019,5.12925,2,-5.73508,0.41315,0.88736,4.25455
S1322_1,3,-6.43333,-0.19794,0.47815,4.88315,1,-6.43603,0.90144,0.79801,5.3119,1,-6.43603,0.90144,0.53979,4.96429,3,-6.43333,-0.19794,0.84418,5.68391,3,-6.43333,-0.19794,0.88242,5.71339
S1322,10,-9.86244,0.76932,0.54185,6.03309,2,-6.28712,0.56956,0.74883,5.16941,2,-6.28712,0.56956,0.67612,4.95623,4,-7.34794,0.488,0.68439,5.65613,6,-8.74651,0.74707,0.84397,6.04136
S1339_1,1,-7.35334,-0.07125,0.87445,5.27262,9,-6.4503,-0.09913,0.54376,4.80817,2,-6.07694,-0.0721,0.27861,4.3144,5,-6.21463,-0.06771,0.61074,3.60221,1,-7.35334,-0.07125,0.8776,4.96406
S1339_2,1,-7.12211,-0.09409,0.91642,5.57237,1,-7.12211,-0.09409,0.51877,5.49034,5,-6.01694,-0.07929,0.18304,4.19391,1,-7.12211,-0.09409,0.60297,4.41761,1,-7.12211,-0.09409,0.95578,4.84036
S1339_3,7,-7.15454,1.14049,0.61198,4.456,2,-6.18486,-0.09762,0.36094,4.6001,2,-6.18486,-0.09762,0.30844,4.39945,5,-6.4219,-0.09846,0.7433,4.54056,3,-6.41478,-0.07313,0.74127,4.69069
S1339,1,-7.01227,-0.09496,0.90053,5.42919,4,-5.99001,-0.07974,0.5407,4.81186,4,-5.99001,-0.07974,0.46752,4.69457,2,-5.68792,-0.09372,0.6665,4.4298,1,-7.01227,-0.09496,0.87937,4.78413
S1353_1,2,-7.6475,-0.21571,0.24232,6.43751,1,-7.91133,-0.32713,0.17471,5.9216,1,-7.91133,-0.32713,0.07148,5.82184,1,-7.91133,-0.32713,0.12519,4.70008,1,-7.91133,-0.32713,0.06312,4.47341
S1353_2,1,-8.68647,1.06986,0.41887,6.02441,2,-7.5208,-0.82299,0.21581,5.51991,2,-7.5208,-0.82299,0.09787,5.39721,10,-7.63789,-0.78733,0.37162,4.80364,1,-8.68647,1.06986,0.07742,4.50493
S1353_3,6,-8.87635,0.36687,0.50733,6.39976,6,-8.87635,0.36687,0.21822,6.06587,7,-7.91855,-0.63578,0.04206,5.34508,1,-8.45338,1.74929,0.19471,4.10397,1,-8.45338,1.74929,0.02215,3.71969
S1353_4,5,-9.03899,-0.11151,0.1645,5.98544,4,-8.58436,1.01918,0.11612,5.5151,1,-7.90105,-0.91443,0.02637,5.52862,1,-7.90105,-0.91443,0.07873,4.44452,2,-8.2881,-0.83112,0.1031,4.46806
S1353_5,9,-8.21636,2.66683,0.46083,6.84555,4,-9.02909,-0.16564,0.08958,5.75622,4,-9.02909,-0.16564,0.06417,5.70081,9,-8.21636,2.66683,0.25409,4.66472,9,-8.21636,2.66683,0.04725,3.82811
S1353_6,4,-8.03976,0.50813,0.26472,5.9019,4,-8.03976,0.50813,0.16073,6.14946,8,-8.63081,-0.50013,0.03084,5.51341,2,-8.21864,0.12595,0.0892,3.40466,2,-8.21864,0.12595,0.08471,4.40073
S1353_7,2,-8.24693,-0.0025,0.20164,5.94042,2,-8.24693,-0.0025,0.2751,5.89197,9,-7.91848,-0.69643,0.04307,5.23922,2,-8.24693,-0.0025,0.525,4.50268,1,-7.98236,-0.03066,0.02101,3.96254
S1353,8,-8.17349,-0.79295,0.53482,6.32302,7,-7.587,-0.55232,0.19319,5.62168,3,-7.57771,-0.8364,0.08413,5.38906,8,-8.17349,-0.79295,0.22904,4.55069,2,-7.22096,-0.20732,0.02538,4.15281
S1376_1,1,-6.16911,1.09892,0.62309,6.34692,5,-5.77247,-0.38439,0.65032,5.13163,2,-6.22643,-0.54887,0.61076,5.13155,3,-6.56302,-0.54314,0.79403,5.36623,1,-6.16911,1.09892,0.95967,6.08862
S1376,4,-5.81639,-0.46365,0.42294,5.39202,2,-5.76109,-0.46798,0.7444,5.20564,4,-5.81639,-0.46365,0.45381,5.00279,7,-5.82813,-0.49252,0.68534,5.27657,1,-6.73692,-0.51034,0.81905,5.75693
S1377_1,10,-7.3042,0,0.47906,6.24922,3,-7.42612,0,0.6109,5.45044,3,-7.42612,0,0.42922,5.23915,10,-7.3042,0,0.5808,5.83536,1,-7.0599,0,0.8722,5.93501
S1377,1,-7.36021,0,0.47012,6.15888,2,-7.35765,0,0.6661,5.62116,2,-7.35765,0,0.61426,5.4403,9,-6.98951,0,0.6387,5.19532,7,-7.03061,0,0.76787,5.41143
S1397_1,5,-6.47578,2.94109,0.12661,5.87577,2,-5.85603,-0.98637,0.56301,5.85027,2,-5.85603,-0.98637,0.23089,5.7122,6,-4.90096,0.12669,0.85885,5.54969,2,-5.85603,-0.98637,0.3314,4.89457
S1397_2,5,-6.36684,1.55201,0.12338,5.82038,9,-6.42113,0.41805,0.63731,5.73876,5,-6.36684,1.55201,0.45918,5.94867,1,-5.90258,1.42259,0.57829,6.2316,4,-6.86451,0.49186,0.36634,5.52894
S1397_3,2,-6.70212,-0.86548,0.26386,6.46617,5,-6.04784,5.25956,0.65455,6.11953,5,-6.04784,5.25956,0.45509,6.02475,2,-6.70212,-0.86548,0.2322,5.15685,5,-6.04784,5.25956,0.28314,5.24954
S1397,7,-7.23472,-1.36344,0.3032,7.32747,2,-6.6716,2.13898,0.62789,6.01324,2,-6.6716,2.13898,0.3065,5.97267,1,-6.40272,0.10264,0.22489,4.53558,2,-6.6716,2.13898,0.31919,5.19857
S1404_1,3,-7.02462,-0.07187,0.53474,6.34043,1,-5.99447,-0.07197,0.73402,5.27691,4,-6.15002,-0.07196,0.57963,4.82505,10,-5.96781,-0.07198,0.77757,5.75566,6,-7.76781,-0.07187,0.98629,6.22687
S1404,8,-6.94779,-0.06957,0.6887,6.77031,5,-6.02124,-0.06945,0.75483,5.19236,2,-6.60957,-0.06946,0.45497,4.93026,6,-6.55483,-0.06956,0.51425,5.05778,7,-7.0607,-0.06945,0.82002,5.62386
S1405_1,5,-6.44471,2.7599,0.25777,7.11667,3,-6.16486,1.76099,0.58222,6.04865,3,-6.16486,1.76099,0.16477,5.87543,2,-6.4314,0.32622,0.44612,5.69197,5,-6.44471,2.7599,0.09539,5.29256
S1405,2,-6.38809,-0.40017,0.23337,7.10564,7,-6.15662,-0.35784,0.59422,6.09166,5,-7.74375,-1.30769,0.38672,6.21851,2,-6.38809,-0.40017,0.31939,5.22999,5,-7.74375,-1.30769,0.42343,5.63232
S1415_1,1,-5.79938,-0.82126,0.61356,3.88964,3,-5.88306,0.28586,0.4243,5.29873,8,-6.1499,-0.09563,0.10493,4.65096,1,-5.79938,-0.82126,0.76289,4.64027,1,-5.79938,-0.82126,0.72038,3.89977
S1415_2,2,-6.22893,-0.49163,0.61811,4.64847,2,-6.22893,-0.49163,0.30623,5.21602,2,-6.22893,-0.49163,0.09347,4.82528,6,-6.55105,0.296,0.58324,3.63358,7,-7.48076,1.05922,0.6126,4.11346
S1415_3,3,-6.1464,3.43843,0.65376,3.60722,3,-6.1464,3.43843,0.36317,5.1178,1,-5.45919,-0.62686,0.09152,4.46145,3,-6.1464,3.43843,0.36242,3.84359,8,-6.0433,-0.27391,0.5179,3.87279
S1415,4,-6.85819,-0.06155,0.71495,4.14037,3,-6.05119,0.492,0.37219,4.9755,1,-6.39472,-0.38344,0.11427,4.93875,1,-6.39472,-0.38344,0.51828,2.97591,9,-7.46279,1.13694,0.60526,3.9812
S1428_1,5,-7.15926,0.99403,0.96712,3.39039,1,-6.25032,1.7501,0.79145,4.56145,2,-6.61236,-0.2729,0.92959,4.71894,2,-6.61236,-0.2729,0.90359,5.50857,2,-6.61236,-0.2729,0.91722,4.41612
S1428_2,6,-7.28544,1.34439,0.95606,4.01646,1,-6.32084,1.39378,0.85763,4.71377,1,-6.32084,1.39378,0.85952,4.58475,4,-6.59673,0.10808,0.92518,4.67601,1,-6.32084,1.39378,0.78705,4.31882
S1428_3,5,-6.46715,0.88528,0.73556,3.14253,9,-6.89274,0.52015,0.79671,4.52777,9,-6.89274,0.52015,0.89514,4.41473,5,-6.46715,0.88528,0.91508,5.84627,10,-6.4075,0.8766,0.77137,4.12997
S1428_4,3,-7.27541,1.04149,0.94475,3.16615,6,-5.99403,0.28457,0.71789,4.09144,1,-7.23374,-0.07986,0.8786,4.38139,4,-6.43534,-0.23368,0.82555,5.5455,4,-6.43534,-0.23368,0.82112,4.17069
S1428,8,-7.32217,0.99738,0.92839,3.49597,2,-6.62087,-0.07811,0.80293,4.62437,2,-6.62087,-0.07811,0.94889,4.77195,1,-6.07844,1.00635,0.89412,4.87508,2,-6.62087,-0.07811,0.8829,4.29216
S1430_1,8,-6.88159,-0.45714,0.63735,4.68573,1,-6.98338,-0.51244,0.49691,5.08185,1,-6.98338,-0.51244,0.17297,4.40048,4,-6.19492,-0.50397,0.65005,4.85432,2,-6.90742,1.01372,0.35151,3.99091
S1430,5,-5.90576,-0.40454,0.59107,4.36259,1,-5.29409,0.43916,0.56576,4.7883,1,-5.29409,0.43916,0.17095,4.11255,1,-5.29409,0.43916,0.67122,5.06933,8,-6.88794,-0.41216,0.3529,3.94312
S1437_1,1,-6.05678,-0.16207,0.50942,5.11839,1,-6.05678,-0.16207,0.46749,4.7269,3,-6.21509,0.12246,0.13338,4.55151,1,-6.05678,-0.16207,0.70898,4.07689,3,-6.21509,0.12246,0.23254,3.68078
S1437,8,-6.16521,-0.34773,0.54938,4.92378,1,-6.33785,-0.32785,0.3875,4.68024,1,-6.33785,-0.32785,0.22725,4.71879,1,-6.33785,-0.32785,0.89827,4.26868,1,-6.33785,-0.32785,0.37496,3.76832
S1441_1,7,-6.46153,4.17587,0.23141,4.19029,9,-6.39847,0.4268,0.33328,4.79378,5,-5.44567,-0.63445,0.14381,4.49757,7,-6.46153,4.17587,0.38431,2.76711,5,-5.44567,-0.63445,0.09204,3.54834
S1441,1,-5.71701,0.35201,0.28974,4.18112,3,-5.27501,-0.61435,0.37216,4.5361,8,-5.37179,-0.58745,0.18399,4.6615,9,-5.57709,-0.66593,0.44933,3.47783,5,-5.82466,-0.65742,0.15916,4.05916
S1463_1,10,-6.7883,0.80191,0.36542,6.49207,1,-6.89066,-0.60319,0.27505,5.34036,1,-6.89066,-0.60319,0.16102,4.91748,4,-7.20475,-0.61018,0.46116,4.84,5,-6.99266,1.03745,0.15647,3.56825
S1463_2,1,-7.17838,-0.33973,0.33979,6.6358,3,-6.96912,-0.85282,0.542,5.40492,4,-7.01868,-0.35436,0.44955,5.06081,2,-7.25394,0.72076,0.77166,5.43652,2,-7.25394,0.72076,0.30426,4.13591
S1463_3,4,-7.45021,-0.43291,0.40922,6.32612,4,-7.45021,-0.43291,0.47067,5.47873,3,-6.86111,-0.43738,0.36476,5.02095,5,-7.32078,-0.3924,0.68271,5.23928,9,-6.55897,-0.52275,0.26318,3.89857
S1463_4,1,-7.32086,-0.28005,0.42218,6.44794,3,-6.26519,-0.32321,0.49217,5.49433,3,-6.26519,-0.32321,0.77504,5.49291,8,-5.86785,-0.02908,0.65685,5.72043,3,-6.26519,-0.32321,0.45922,5.23467
S1463_5,4,-7.06211,0.03268,0.42217,6.37961,3,-6.24832,-0.48158,0.45901,5.62409,2,-6.83768,-0.15452,0.35969,5.05905,2,-6.83768,-0.15452,0.6262,5.31143,3,-6.24832,-0.48158,0.31339,5.09668
S1463_6,4,-7.38596,-0.09607,0.52412,6.53989,2,-6.26125,-0.18106,0.62471,5.51635,2,-6.26125,-0.18106,0.85093,5.57293,3,-6.93117,-0.46853,0.76696,5.45452,1,-6.57312,-0.41086,0.75068,5.49188
S1463_7,2,-7.06911,-0.71111,0.5066,6.71713,1,-6.30209,-0.45081,0.53651,5.52763,2,-7.06911,-0.71111,0.2946,5.14474,3,-6.11454,-0.67616,0.79544,5.54907,1,-6.30209,-0.45081,0.48192,5.18526
S1463,1,-7.16368,-0.43004,0.29219,6.52514,3,-6.36302,-0.16178,0.40334,5.30544,2,-6.83864,-0.41784,0.27722,4.92023,7,-6.82334,-0.16577,0.58311,5.26776,2,-6.83864,-0.41784,0.16361,3.72106
S1464_1,6,-6.34913,-0.46969,0.40307,6.55656,6,-6.34913,-0.46969,0.52486,5.3981,5,-6.31708,-0.49619,0.72017,5.42956,3,-6.86005,-0.38365,0.59781,5.10337,5,-6.31708,-0.49619,0.37174,5.21907
S1464,3,-6.71702,-0.59151,0.34097,6.44279,3,-6.71702,-0.59151,0.54992,5.42747,3,-6.71702,-0.59151,0.44727,5.22596,6,-6.82821,-0.16139,0.38827,4.78311,3,-6.71702,-0.59151,0.4356,4.59807
S1467_1,7,-6.92659,0.75024,0.31979,4.86326,5,-9.34961,-1.21844,0.39543,5.95129,3,-7.65929,-1.27589,0.20109,5.67511,8,-8.10905,-0.58992,0.7699,5.83864,3,-7.65929,-1.27589,0.19696,5.1429
S1467,9,-7.04463,0.00241,0.24375,5.32243,1,-6.85511,-1.2396,0.64226,5.52271,6,-6.97005,-0.61141,0.28506,5.92919,1,-6.85511,-1.2396,0.86471,5.66878,2,-7.21141,-0.91021,0.67195,5.91397
S1468_1,6,-6.70885,-0.78899,0.38768,5.01522,4,-7.27055,-0.80936,0.67235,6.00048,4,-7.27055,-0.80936,0.52928,6.07693,4,-7.27055,-0.80936,0.56265,5.89002,4,-7.27055,-0.80936,0.83043,6.07931
S1468,6,-8.58738,-1.44692,0.39115,6.00205,5,-8.68343,-0.06707,0.5404,5.99784,9,-8.16121,-1.25781,0.22937,5.84013,10,-7.13498,-0.67525,0.65715,5.86878,9,-8.16121,-1.25781,0.28637,5.62559
S1469_1,2,-7.12629,-0.67178,0.40874,5.80713,1,-6.837,-0.56368,0.66075,5.51092,2,-7.12629,-0.67178,0.4391,5.96212,2,-7.12629,-0.67178,0.77974,6.03681,2,-7.12629,-0.67178,0.77898,6.10046
S1469,1,-6.96814,-0.37912,0.39311,5.88421,3,-6.74787,-0.36914,0.62349,5.67975,1,-6.96814,-0.37912,0.57635,5.94528,1,-6.96814,-0.37912,0.52924,5.67767,2,-7.01902,-1.52704,0.81362,6.1369
S1491_1,6,-6.83857,-0.64798,0.20459,2.75208,1,-7.064,-0.07825,0.26938,4.55122,6,-6.83857,-0.64798,0.0646,4.16861,6,-6.83857,-0.64798,0.93817,4.2179,3,-7.08061,-0.41857,0.18683,2.91327
S1491,1,-7.56153,-0.53537,0.51332,3.23228,2,-6.8343,-0.08722,0.59488,4.4777,2,-6.8343,-0.08722,0.1351,4.06672,3,-7.4908,-0.5256,0.72425,4.27982,3,-7.4908,-0.5256,0.09855,3.08231
S1500_1,3,-6.43333,-0.19794,0.47815,4.88315,1,-6.43603,0.90144,0.79801,5.3119,1,-6.43603,0.90144,0.53979,4.96429,3,-6.43333,-0.19794,0.84418,5.68391,3,-6.43333,-0.19794,0.88242,5.71339
S1500,10,-9.86244,0.76932,0.54185,6.03309,2,-6.28712,0.56956,0.74883,5.16941,2,-6.28712,0.56956,0.67612,4.95623,4,-7.34794,0.488,0.68439,5.65613,6,-8.74651,0.74707,0.84397,6.04136
S1509_1,3,-5.96153,-0.32855,0.19649,5.7466,1,-6.25549,0.05663,0.58265,5.18325,5,-6.66593,-0.59553,0.57154,4.89133,7,-6.57647,-0.40752,0.86911,4.91075,5,-6.66593,-0.59553,0.23845,3.97081
S1509,3,-6.08368,-0.50381,0.20288,5.4843,3,-6.08368,-0.50381,0.46008,5.33723,3,-6.08368,-0.50381,0.59202,5.25101,3,-6.08368,-0.50381,0.57053,4.86012,3,-6.08368,-0.50381,0.47425,5.2787
S1516_1,2,-6.69261,-0.6364,0.86127,3.68762,8,-6.69857,-0.49544,0.55567,4.49851,8,-6.69857,-0.49544,0.53691,4.29126,9,-6.6727,-0.17771,0.93257,4.53995,9,-6.6727,-0.17771,0.39168,3.21517
S1516_2,4,-6.37324,-0.34827,0.82113,4.04431,1,-6.8412,-0.24581,0.49733,4.58466,1,-6.8412,-0.24581,0.70606,4.47676,10,-6.16821,-0.17919,0.93848,4.209,7,-6.97194,-0.24525,0.77858,2.91022
S1516_3,5,-5.89611,-0.49632,0.65259,3.37806,1,-6.68968,-0.46975,0.52773,4.63236,1,-6.68968,-0.46975,0.55574,4.41641,1,-6.68968,-0.46975,0.95124,4.62315,10,-6.86041,-0.55002,0.72718,2.80878
S1516,4,-6.2838,-0.60229,0.83772,3.72001,4,-6.2838,-0.60229,0.76434,4.7901,6,-7.07324,-0.23294,0.74003,4.52848,4,-6.2838,-0.60229,0.98115,5.1213,5,-7.01028,-0.09842,0.8024,3.09972
S1601_1,10,-8.84748,3.99258,0.04983,4.9417,2,-6.76276,-0.25084,0.25601,6.11886,2,-6.76276,-0.25084,0.07654,5.53124,8,-7.02087,-1.08952,0.60325,4.99122,10,-8.84748,3.99258,0.04973,5.17839
S1601_2,7,-8.2454,-1.40141,0.03894,4.10633,5,-6.79609,-1.07884,0.48923,6.03995,5,-6.79609,-1.07884,0.28374,5.38189,5,-6.79609,-1.07884,0.26883,5.95747,6,-7.75031,1.759,0.2101,5.47746
S1601_3,8,-6.79286,1.9418,0.05757,3.58069,3,-7.09721,-1.20089,0.54033,6.15892,3,-7.09721,-1.20089,0.48747,5.61754,1,-6.7875,-0.10452,0.3489,5.82718,6,-6.69824,3.285,0.39801,5.56842
S1601,7,-7.19766,-1.19988,0.11532,4.54436,3,-6.9141,-1.24016,0.63209,5.99086,3,-6.9141,-1.24016,0.60466,5.57475,2,-7.09465,-0.21528,0.31904,6.23327,3,-6.9141,-1.24016,0.25065,4.95649
S1624_1,4,-5.32931,-0.25617,0.72805,3.15948,1,-5.80726,-0.22142,0.72426,4.07243,1,-5.80726,-0.22142,0.8007,3.85316,5,-5.68638,0.00994,0.85539,5.29088,2,-5.7154,0.19023,0.68187,4.26573
S1624_2,7,-5.04943,-0.68399,0.85301,4.2938,1,-5.77624,-0.24995,0.78128,4.1586,1,-5.77624,-0.24995,0.84036,3.98617,1,-5.77624,-0.24995,0.95873,5.94453,1,-5.77624,-0.24995,0.73286,4.63072
S1624,9,-6.03687,-0.30965,0.73459,3.63887,2,-5.33725,-0.54636,0.66443,3.94527,8,-6.15807,-0.44767,0.86869,4.0003,8,-6.15807,-0.44767,0.82801,5.64955,8,-6.15807,-0.44767,0.77026,4.49534
S1628_1,5,-7.02409,0.9919,0.46743,5.59857,2,-6.73008,-0.3876,0.77413,5.39151,5,-7.02409,0.9919,0.42514,4.82903,1,-7.0685,-0.23972,0.93793,5.86903,1,-7.0685,-0.23972,0.92625,6.20726
S1628,9,-9.393,1.3457,0.50656,6.82602,5,-6.67349,0.06732,0.82508,5.37896,5,-6.67349,0.06732,0.4879,4.75579,5,-6.67349,0.06732,0.78688,5.71485,5,-6.67349,0.06732,0.90831,4.9813
S1648_1,4,-7.03671,0.23691,0.54486,2.9143,3,-5.99979,0.60839,0.31047,3.75751,10,-6.52448,0.07899,0.1679,3.82253,4,-7.03671,0.23691,0.81203,3.19785,10,-6.52448,0.07899,0.2283,3.02744
S1648,2,-6.54677,-0.55296,0.76492,3.29341,7,-6.27196,-0.59487,0.46722,4.2366,2,-6.54677,-0.55296,0.17711,3.68931,7,-6.27196,-0.59487,0.86891,4.03996,3,-7.02217,0.1398,0.54607,2.99236
S1669_1,2,-7.31051,3.37938,0.73904,6.27706,5,-6.1588,-0.95421,0.71977,5.70796,5,-6.1588,-0.95421,0.35594,5.37198,3,-7.49967,-0.25376,0.93552,6.38895,3,-7.49967,-0.25376,0.96486,6.75491
S1669,1,-8.54842,2.98482,0.66938,6.63907,3,-8.11933,1.04622,0.68164,5.79889,3,-8.11933,1.04622,0.48541,5.57864,1,-8.54842,2.98482,0.87858,5.81512,1,-8.54842,2.98482,0.93501,6.2693
S1675_1,1,-5.96377,-2.23254,0.85151,6.80463,3,-6.01227,-0.81985,0.42033,5.3769,4,-6.61045,-1.39079,0.39429,5.17045,3,-6.01227,-0.81985,0.37104,4.71544,7,-6.94541,-1.26852,0.7317,5.81112
S1675,4,-6.38524,-0.6436,0.91937,6.59733,1,-6.18731,-1.59046,0.55435,5.99895,1,-6.18731,-1.59046,0.56309,5.47726,3,-6.25875,-1.19046,0.63445,5.00985,1,-6.18731,-1.59046,0.6846,5.57037
S1688_1,3,-8.72515,1.16365,0.96704,7.89188,8,-6.16067,-0.26155,0.74116,5.74377,1,-6.81315,1.02932,0.59371,5.73878,2,-8.64962,1.82338,0.37178,5.78298,3,-8.72515,1.16365,0.78446,6.43218
S1688,10,-8.48231,1.27603,0.76685,7.49329,9,-6.12733,0.55262,0.82714,5.80722,8,-6.0587,-0.73847,0.30021,5.19594,4,-6.59117,-0.26781,0.73631,5.39123,6,-6.87567,-0.85326,0.87064,5.91941
S1690_1,2,-9.5907,0.02946,0.85603,7.67825,7,-6.61165,0.05959,0.8457,5.7175,6,-6.59437,0.70985,0.46508,5.61675,1,-8.73558,0.4635,0.81349,5.68779,1,-8.73558,0.4635,0.71855,5.93394
S1690,1,-7.99327,-0.45806,0.93753,8.1488,4,-6.1188,-0.24725,0.80046,5.91533,3,-6.69361,1.19577,0.48813,5.70254,5,-7.30871,2.1646,0.49681,5.52436,1,-7.99327,-0.45806,0.69863,6.03767
S1701_1,7,-9.03069,1.52817,0.5648,6.50978,4,-6.76032,-0.24874,0.85539,5.31024,1,-6.71413,-0.40268,0.64269,5.2449,7,-9.03069,1.52817,0.81546,6.01014,4,-6.76032,-0.24874,0.93162,5.1649
S1701,6,-8.82714,0.25034,0.88021,7.36985,2,-6.62268,-0.43044,0.8578,5.4485,4,-6.71959,1.3748,0.48256,5.07908,7,-6.27474,-0.31118,0.78017,5.21362,2,-6.62268,-0.43044,0.9423,5.28848
S1704_1,5,-5.86168,0.30838,0.69087,3.86845,5,-5.86168,0.30838,0.42876,4.5968,1,-6.35165,-0.14622,0.3241,4.29419,1,-6.35165,-0.14622,0.83729,4.64322,1,-6.35165,-0.14622,0.3757,2.86649
S1704,1,-6.23508,0.00164,0.45807,3.64686,9,-5.53149,-0.3005,0.23596,3.91684,9,-5.53149,-0.3005,0.21752,3.98402,4,-6.03331,0.75369,0.86403,3.8569,1,-6.23508,0.00164,0.50539,3.29595
S1705_1,9,-6.7662,-0.19294,0.55115,5.43554,1,-6.31532,-0.1063,0.70243,5.30659,1,-6.31532,-0.1063,0.67013,5.12482,2,-6.32721,0.10769,0.71292,5.21561,1,-6.31532,-0.1063,0.81882,5.15854
S1705,6,-6.22789,-0.19363,0.61051,5.9196,1,-6.36157,-0.21722,0.63441,5.2906,1,-6.36157,-0.21722,0.72563,5.16366,1,-6.36157,-0.21722,0.83485,5.0428,1,-6.36157,-0.21722,0.91226,5.38029
S1707_1,1,-5.90486,0.37095,0.49715,5.21902,1,-5.90486,0.37095,0.75509,5.28099,6,-6.1048,0.37521,0.55214,5.09393,2,-5.32295,0.41117,0.74584,5.52846,10,-5.97258,0.99574,0.87002,5.57303
S1707,2,-6.62147,-0.39386,0.58839,5.28688,1,-6.06928,-0.2985,0.77685,5.32376,7,-6.31258,-0.40448,0.47176,4.7471,7,-6.31258,-0.40448,0.87347,5.83972,3,-6.12102,-0.3717,0.89959,5.08768
S1714_1,9,-6.88104,0.43792,0.78058,3.36996,5,-6.52958,0.52053,0.37578,4.13645,3,-6.05277,0.46113,0.10593,3.65672,1,-6.99904,-0.35492,0.69847,4.26114,9,-6.88104,0.43792,0.24407,2.90926
S1714_2,6,-6.31678,0.25578,0.87542,3.85372,8,-6.06774,0.33233,0.49838,4.03929,1,-6.80551,0.34298,0.3848,4.2194,3,-6.22653,-0.60785,0.88889,4.55046,2,-7.31209,0.00608,0.61642,3.02973
S1714_3,5,-6.93908,-0.40799,0.82093,3.5055,1,-6.50858,0.34842,0.42374,4.71469,5,-6.93908,-0.40799,0.21808,3.94674,2,-7.2404,-0.4275,0.66774,3.81438,5,-6.93908,-0.40799,0.45417,3.0506
S1714,3,-6.29023,-0.55664,0.66711,2.75464,6,-6.22682,0.37357,0.32818,4.45674,2,-6.5887,-0.04601,0.15355,4.04465,9,-6.26241,-0.40248,0.88151,4.64018,4,-6.59382,-0.55874,0.54372,3.22704
S1727_1,4,-6.82685,0.75578,0.53706,5.4974,5,-6.58125,-0.42712,0.64948,5.40011,1,-6.14677,-0.72986,0.61579,5.32054,5,-6.58125,-0.42712,0.74156,5.28409,1,-6.14677,-0.72986,0.94553,5.82072
S1727,2,-5.85483,-0.8341,0.5278,5.85887,6,-6.18077,1.5542,0.71346,5.21074,2,-5.85483,-0.8341,0.4011,5.11222,4,-6.3122,-0.49135,0.74621,5.24779,3,-6.42182,-0.84771,0.86361,5.66663
S1736_1,1,-6.53854,-0.77692,0.84959,3.6652,1,-6.53854,-0.77692,0.73839,4.94956,1,-6.53854,-0.77692,0.86711,4.83631,1,-6.53854,-0.77692,0.88063,3.51298,1,-6.53854,-0.77692,0.95131,3.60124
S1736,1,-6.4739,-0.53121,0.92228,3.37617,1,-6.4739,-0.53121,0.77644,4.9223,1,-6.4739,-0.53121,0.81023,4.68301,1,-6.4739,-0.53121,0.91213,3.07044,1,-6.4739,-0.53121,0.9424,3.58935
S1756_1,2,-6.10191,-0.43491,0.20422,5.30856,1,-6.24809,-0.59192,0.63019,5.09212,2,-6.10191,-0.43491,0.49305,5.08408,1,-6.24809,-0.59192,0.80074,5.45211,2,-6.10191,-0.43491,0.47432,5.11389
S1756_2,2,-5.9371,-0.13178,0.10689,4.51576,8,-6.81877,-0.15707,0.32681,5.00202,6,-6.58944,-0.30814,0.2753,4.78788,3,-6.43625,-0.41668,0.62843,5.20268,5,-6.20624,-0.36954,0.04043,3.50442
S1756,3,-6.11097,-0.40982,0.1395,4.87176,3,-6.11097,-0.40982,0.45993,5.24698,3,-6.11097,-0.40982,0.46578,5.05315,5,-6.37397,0.39917,0.75834,5.20527,3,-6.11097,-0.40982,0.34918,5.02816
S1782_1,7,-6.94634,-0.00627,0.65056,3.42968,1,-6.59493,-0.39844,0.1963,3.73593,1,-6.59493,-0.39844,0.08457,3.5896,8,-6.60439,-0.22576,0.8436,4.0763,7,-6.94634,-0.00627,0.08344,3.03117
S1782_2,2,-7.13191,0.48607,0.74133,3.57463,3,-6.78929,-0.47132,0.33211,3.90892,1,-6.81981,-0.29613,0.17461,3.88222,1,-6.81981,-0.29613,0.96978,4.96903,1,-6.81981,-0.29613,0.48365,2.96153
S1782_3,8,-6.49516,-0.45231,0.58008,3.60874,8,-6.49516,-0.45231,0.21462,3.71677,8,-6.49516,-0.45231,0.14538,3.64282,4,-6.95258,-0.12041,0.75534,4.01764,2,-6.67414,-0.16863,0.09965,2.57457
S1782,1,-7.37917,-0.31507,0.87901,3.40616,1,-7.37917,-0.31507,0.42848,4.54649,4,-6.961,-0.21298,0.16835,3.68295,1,-7.37917,-0.31507,0.92306,4.43439,1,-7.37917,-0.31507,0.53268,3.27536
S1789_1,1,-5.17595,0.08629,0.31068,2.83971,1,-5.17595,0.08629,0.5098,4.87831,1,-5.17595,0.08629,0.22446,4.39536,4,-5.30539,0.19903,0.45369,3.66713,7,-5.76549,-0.38031,0.15343,3.79147
S1789_2,8,-6.23155,1.03899,0.57392,4.41299,2,-5.30822,-0.27263,0.39101,4.83649,3,-5.47,-0.3072,0.39408,4.61292,6,-6.14805,0.18113,0.26396,4.02168,7,-7.81264,-0.21689,0.22107,4.25271
S1789_3,1,-5.37261,-0.00061,0.36543,3.52424,1,-5.37261,-0.00061,0.56374,5.01359,1,-5.37261,-0.00061,0.30891,4.47822,9,-5.49085,0.07293,0.44289,4.18172,7,-6.10941,-0.20884,0.23928,3.69232
S1789,5,-5.94485,-0.23423,0.25815,4.17363,3,-5.18796,0.87918,0.5829,5.15094,2,-5.19666,-0.36611,0.51458,4.75268,8,-5.40549,-0.42285,0.43544,3.07411,4,-6.08323,-0.257,0.22778,4.8125
S1792_1,8,-7.78154,-0.51683,0.70805,6.7383,4,-8.07517,-1.086,0.6683,6.46857,6,-7.64554,-1.14293,0.29929,5.56492,4,-8.07517,-1.086,0.57055,5.66269,1,-7.91142,-0.88046,0.41204,5.51451
S1792,7,-6.83909,-1.58683,0.68451,5.57849,2,-8.19486,-1.46915,0.68677,6.45865,7,-6.83909,-1.58683,0.3005,5.29535,8,-6.88469,-0.73758,0.57491,5.30104,5,-8.16155,0.16744,0.34711,5.65775
S1801_1,10,-6.10568,0.08395,0.09417,4.72751,2,-5.0033,-0.84746,0.22015,4.47725,3,-5.01677,-0.56742,0.07135,4.40702,2,-5.0033,-0.84746,0.70876,3.97632,2,-5.0033,-0.84746,0.07736,3.32926
S1801,5,-4.92163,-0.84173,0.18338,4.35515,3,-5.66871,0.14004,0.10903,4.10614,3,-5.66871,0.14004,0.06818,4.49148,5,-4.92163,-0.84173,0.53659,3.44495,3,-5.66871,0.14004,0.03077,3.29436
S1833_1,2,-6.48843,-2.0496,0.24472,4.40242,5,-6.39309,-1.30556,0.19446,6.22218,1,-6.16718,-0.19424,0.03633,5.55382,7,-6.44923,-0.83779,0.18334,4.43738,5,-6.39309,-1.30556,0.04178,4.50529
S1833_2,5,-6.35312,-1.24997,0.26483,4.70478,2,-6.64304,-1.11298,0.27284,6.12165,1,-6.52465,-0.91297,0.08814,5.73706,3,-6.56242,0.04029,0.61054,4.64066,1,-6.52465,-0.91297,0.07798,4.73556
S1833_3,2,-6.4339,-1.26243,0.2881,4.28997,7,-6.99084,-1.10174,0.23313,6.27563,7,-6.99084,-1.10174,0.03154,5.71251,2,-6.4339,-1.26243,0.21984,5.30579,2,-6.4339,-1.26243,0.26341,5.09651
S1833,2,-6.34533,-1.52344,0.34647,4.71127,2,-6.34533,-1.52344,0.24713,6.13318,3,-6.20698,-1.29802,0.10653,5.86991,7,-6.2291,-1.01206,0.233,5.02956,1,-6.51571,-1.42421,0.17859,5.07047
S1865_1,6,-5.55677,-0.04328,0.32785,4.27677,3,-5.21102,-0.32204,0.47465,5.50767,3,-5.21102,-0.32204,0.312,5.24927,4,-5.57959,-1.10566,0.38769,4.81447,1,-5.2723,-0.97942,0.3299,4.05075
S1865_2,3,-6.10728,-0.94368,0.49536,4.33546,3,-6.10728,-0.94368,0.52119,5.64435,3,-6.10728,-0.94368,0.47643,5.28658,9,-5.47491,-1.17564,0.32274,5.29764,5,-5.72613,-1.21955,0.77544,5.03935
S1865_3,4,-6.38335,-0.54033,0.55221,4.4688,9,-6.56075,-0.13471,0.59914,5.75373,2,-6.27607,-0.21544,0.27745,5.07043,8,-5.66894,-0.19435,0.27904,4.2836,5,-6.68236,-0.73262,0.80379,4.81408
S1865,3,-5.50372,-1.16655,0.42184,5.27107,9,-5.8368,-1.29113,0.49147,5.4827,8,-5.41349,-0.93941,0.51351,5.0476,1,-5.69956,-1.2081,0.46339,4.10833,8,-5.41349,-0.93941,0.52739,4.11109
S1888_1,9,-8.1771,0.05932,0.72674,7.07236,3,-6.09066,0.01857,0.62833,5.6544,3,-6.09066,0.01857,0.41414,5.3385,1,-6.38003,-0.43304,0.76164,5.35305,5,-7.08434,-0.4815,0.83724,5.25511
S1888,9,-7.9684,0.40912,0.71606,7.32897,6,-6.86149,-0.60311,0.70475,5.6688,3,-6.98584,0.57427,0.60753,5.39907,2,-6.65842,-0.35655,0.58522,4.75681,8,-9.11121,-0.2017,0.92362,6.52228
S1890,6,-5.7194,-0.14426,0.10893,4.11855,7,-5.81778,-0.20302,0.14813,4.36886,2,-4.85799,-0.71055,0.08967,5.01904,10,-5.25143,0.27846,0.82865,4.11343,1,-5.4413,-0.66387,0.07135,3.78718
S1907,7,-5.03348,0.4783,0.36825,2.97925,1,-4.64574,-0.16367,0.53441,4.26831,8,-4.38458,-0.03827,0.33695,3.51248,2,-4.97522,-0.28209,0.81084,4.12364,3,-4.75501,-0.18361,0.71382,2.99673
S1910_1,7,-6.8945,0.34799,0.61531,6.21412,9,-6.1788,-0.44777,0.11125,5.56124,7,-6.8945,0.34799,0.03447,5.55417,1,-5.77566,-0.74849,0.39936,4.02737,7,-6.8945,0.34799,0.11181,3.68537
S1910_2,3,-6.16934,-0.50262,0.57965,5.35118,1,-5.92034,-0.84821,0.46823,5.73913,2,-5.98413,-1.00315,0.09296,5.43784,1,-5.92034,-0.84821,0.32888,4.14046,1,-5.92034,-0.84821,0.30983,4.72693
S1910_3,3,-7.14192,-0.79823,0.50111,5.63282,1,-6.2023,-0.7576,0.33306,5.85672,7,-6.57104,0.07315,0.03603,5.55579,1,-6.2023,-0.7576,0.48631,4.84142,1,-6.2023,-0.7576,0.20346,4.13501
S1910,3,-6.30918,0.08009,0.61356,5.89295,9,-6.69126,0.72193,0.25076,5.77906,9,-6.69126,0.72193,0.03152,5.28581,5,-5.7664,-0.40478,0.30427,4.61316,10,-6.27051,-0.86909,0.15865,3.79845
S1914_1,9,-6.55826,0.67294,0.41536,4.6861,1,-6.2994,0.41841,0.60453,5.14127,2,-6.38862,0.35652,0.62048,5.26959,1,-6.2994,0.41841,0.6287,4.9319,2,-6.38862,0.35652,0.77739,5.79405
S1914,2,-6.57561,0.41681,0.49884,6.04115,5,-6.1788,-0.19056,0.65257,5.10566,4,-7.08382,0.41921,0.5579,5.24024,3,-6.87881,0.3488,0.57721,5.18386,1,-6.36999,-0.01911,0.88758,5.87395
S1933_1,1,-6.93627,0.20323,0.44866,4.45429,4,-6.87543,0.81422,0.82677,5.1661,1,-6.93627,0.20323,0.54163,4.99692,1,-6.93627,0.20323,0.90431,5.31702,1,-6.93627,0.20323,0.88674,5.65713
S1933,9,-9.38006,0.08034,0.55798,6.37963,4,-7.4589,0.50902,0.80717,5.35772,4,-7.4589,0.50902,0.61295,4.97968,7,-6.60357,-0.03738,0.79594,4.88629,4,-7.4589,0.50902,0.90868,5.50105
S1939_1,7,-4.9842,-0.15962,0.44075,3.3126,3,-4.75031,-0.16394,0.72724,4.19179,3,-4.75031,-0.16394,0.67159,4.25533,6,-4.93624,-0.15671,0.74405,3.04804,1,-5.08493,-0.1513,0.60375,3.52222
S1939_2,9,-5.68907,-0.17766,0.43542,3.78934,5,-4.66999,-0.18549,0.53657,3.89173,7,-5.5565,-0.17884,0.2483,4.26243,7,-5.5565,-0.17884,0.85483,2.82215,2,-6.09836,-0.1775,0.54908,3.19932
S1939_3,8,-4.97453,-0.16197,0.37322,3.95699,1,-4.76706,-0.17727,0.46454,4.13771,1,-4.76706,-0.17727,0.60323,4.28424,1,-4.76706,-0.17727,0.71231,3.16332,1,-4.76706,-0.17727,0.42887,3.95588
S1939,1,-5.75209,-0.15475,0.22762,3.71144,2,-6.2301,-0.15726,0.56595,4.24114,2,-6.2301,-0.15726,0.25335,4.13143,1,-5.75209,-0.15475,0.89452,3.11742,3,-6.21436,-0.15772,0.8137,3.49683
S1940_1,10,-6.7883,0.80191,0.36542,6.49207,1,-6.89066,-0.60319,0.27505,5.34036,1,-6.89066,-0.60319,0.16102,4.91748,4,-7.20475,-0.61018,0.46116,4.84,5,-6.99266,1.03745,0.15647,3.56825
S1940_2,1,-7.17838,-0.33973,0.33979,6.6358,3,-6.96912,-0.85282,0.542,5.40492,4,-7.01868,-0.35436,0.44955,5.06081,2,-7.25394,0.72076,0.77166,5.43652,2,-7.25394,0.72076,0.30426,4.13591
S1940_3,4,-7.45021,-0.43291,0.40922,6.32612,4,-7.45021,-0.43291,0.47067,5.47873,3,-6.86111,-0.43738,0.36476,5.02095,5,-7.32078,-0.3924,0.68271,5.23928,9,-6.55897,-0.52275,0.26318,3.89857
S1940_4,1,-7.32086,-0.28005,0.42218,6.44794,3,-6.26519,-0.32321,0.49217,5.49433,3,-6.26519,-0.32321,0.77504,5.49291,8,-5.86785,-0.02908,0.65685,5.72043,3,-6.26519,-0.32321,0.45922,5.23467
S1940_5,4,-7.06211,0.03268,0.42217,6.37961,3,-6.24832,-0.48158,0.45901,5.62409,2,-6.83768,-0.15452,0.35969,5.05905,2,-6.83768,-0.15452,0.6262,5.31143,3,-6.24832,-0.48158,0.31339,5.09668
S1940_6,4,-7.38596,-0.09607,0.52412,6.53989,2,-6.26125,-0.18106,0.62471,5.51635,2,-6.26125,-0.18106,0.85093,5.57293,3,-6.93117,-0.46853,0.76696,5.45452,1,-6.57312,-0.41086,0.75068,5.49188
S1940_7,2,-7.06911,-0.71111,0.5066,6.71713,1,-6.30209,-0.45081,0.53651,5.52763,2,-7.06911,-0.71111,0.2946,5.14474,3,-6.11454,-0.67616,0.79544,5.54907,1,-6.30209,-0.45081,0.48192,5.18526
S1940,1,-7.16368,-0.43004,0.29219,6.52514,3,-6.36302,-0.16178,0.40334,5.30544,2,-6.83864,-0.41784,0.27722,4.92023,7,-6.82334,-0.16577,0.58311,5.26776,2,-6.83864,-0.41784,0.16361,3.72106
S1956_1,10,-6.49951,-0.48978,0.59837,6.00316,4,-6.73455,-0.74671,0.12845,5.85546,2,-6.4646,-0.62053,0.05816,5.43273,2,-6.4646,-0.62053,0.41748,4.40386,5,-6.85262,-0.58947,0.11706,4.361
S1956_2,4,-7.1968,-0.08391,0.71486,5.6593,4,-7.1968,-0.08391,0.2975,6.32,2,-7.06302,-0.72761,0.05659,5.6692,10,-6.37896,-0.16234,0.51755,3.86436,9,-6.73248,-0.00304,0.22441,4.4883
S1956_3,1,-6.96835,-0.90995,0.75467,5.60427,6,-7.16183,-0.79663,0.207,5.86939,8,-6.80795,-0.75764,0.03596,5.43265,9,-6.65613,-0.2439,0.60335,3.98773,3,-7.8779,-0.43829,0.06719,3.41069
S1956,3,-7.28627,-0.43602,0.53659,5.46831,1,-6.34763,1.07919,0.19734,5.93045,3,-7.28627,-0.43602,0.03417,5.535,7,-6.48311,-0.43429,0.3108,4.85276,7,-6.48311,-0.43429,0.12362,4.32424
S1958_1,4,-5.83655,0.20623,0.59405,4.6157,2,-6.04819,0.57565,0.39305,4.31498,2,-6.04819,0.57565,0.58505,3.64482,6,-5.51635,0.19625,0.76589,3.45808,10,-5.58016,0.19336,0.83054,3.88616
S1958,8,-5.43436,-0.19742,0.60679,4.20058,8,-5.43436,-0.19742,0.6201,4.20412,7,-6.13811,-0.16668,0.58647,3.71506,2,-5.58877,-0.10716,0.53817,3.59436,1,-6.1273,-0.16125,0.79622,4.01371
S1987_1,1,-7.79849,0.39556,0.73748,7.13881,7,-7.25229,2.54417,0.76486,6.14592,2,-6.95407,1.48097,0.42463,5.72978,8,-6.85713,4.02178,0.51263,5.38219,5,-8.18989,1.13371,0.67853,5.93789
S1987,7,-6.68337,0.1177,0.73147,7.39467,2,-5.84507,-0.35783,0.78327,5.86664,3,-5.97392,-0.32266,0.32387,5.49226,8,-7.90874,1.11015,0.82343,6.52999,7,-6.68337,0.1177,0.76049,5.62865
S1990,6,-6.76141,-0.51707,0.46159,5.21746,1,-6.13786,-0.48324,0.58334,4.75942,1,-6.13786,-0.48324,0.65772,4.74913,1,-6.13786,-0.48324,0.65799,3.969,1,-6.13786,-0.48324,0.44902,4.20361
S1992_1,5,-6.20427,0.4085,0.54393,6.01194,5,-6.20427,0.4085,0.79736,5.80693,3,-6.04324,0.65124,0.66508,5.69339,1,-6.68638,0.07829,0.69784,5.93044,5,-6.20427,0.4085,0.72944,4.92018
S1992,7,-7.76707,0.03394,0.84919,7.43175,1,-6.57385,0.03732,0.80906,6.15099,1,-6.57385,0.03732,0.69286,5.75781,1,-6.57385,0.03732,0.75683,5.64142,5,-9.35638,0.4089,0.70832,6.2564
S2031_1,2,-7.78422,-0.6152,0.56899,7.5121,1,-8.58985,-1.05516,0.282,6.15701,5,-8.12883,-0.84299,0.02782,5.60732,9,-8.02725,0.22807,0.1765,4.05832,5,-8.12883,-0.84299,0.01147,3.80744
S2031_2,5,-8.34089,-0.17095,0.461,6.1345,2,-8.58363,-1.03709,0.37498,6.33605,1,-6.75976,-1.11002,0.07633,5.29977,2,-8.58363,-1.03709,0.34852,3.77459,5,-8.34089,-0.17095,0.06024,4.1412
S2031_3,8,-7.94025,-0.47818,0.54431,6.17396,2,-8.76026,-0.85457,0.28043,6.24355,5,-7.06428,-1.36646,0.0303,5.58962,2,-8.76026,-0.85457,0.29329,3.9986,2,-8.76026,-0.85457,0.03822,3.64325
S2031,2,-8.18278,-0.71946,0.56944,6.61655,1,-8.45887,-0.8159,0.26522,6.14495,7,-7.29733,-0.48057,0.02646,5.46427,2,-8.18278,-0.71946,0.46224,4.02534,6,-8.02839,-0.51199,0.02283,4.29562
S2042_1,7,-7.57757,-0.55261,0.38895,6.34977,9,-6.32902,-0.48791,0.6889,5.4691,2,-6.72228,-0.22641,0.6873,5.65653,2,-6.72228,-0.22641,0.64245,5.99923,7,-7.57757,-0.55261,0.85486,6.23045
S2042,10,-7.27539,0.29454,0.39815,6.88297,7,-5.94632,0.18833,0.71694,5.384,7,-5.94632,0.18833,0.54954,4.91861,2,-7.14814,0.18919,0.83862,5.68376,2,-7.14814,0.18919,0.81054,5.93605
S2045_1,1,-7.25765,-0.22148,0.91314,4.55045,1,-7.25765,-0.22148,0.91506,4.88658,1,-7.25765,-0.22148,0.74704,4.32669,1,-7.25765,-0.22148,0.98818,4.05919,1,-7.25765,-0.22148,0.92063,3.63956
S2045_2,2,-7.2727,-0.01473,0.89162,4.34377,4,-5.98707,-0.16722,0.55673,4.26834,9,-6.13993,-0.12597,0.25135,3.7069,1,-6.30824,0.30898,0.90061,3.87642,4,-5.98707,-0.16722,0.60116,3.49762
S2045_3,3,-6.51635,0.32143,0.78507,3.82109,3,-6.51635,0.32143,0.53339,4.69239,5,-6.5223,0.27812,0.21461,4.05209,1,-6.74071,-0.18745,0.89282,4.03718,2,-6.69382,-0.1276,0.68244,3.5361
S2045,1,-6.33405,0.20139,0.92616,4.63166,1,-6.33405,0.20139,0.90001,4.58284,1,-6.33405,0.20139,0.56601,3.98338,1,-6.33405,0.20139,0.97608,3.45553,1,-6.33405,0.20139,0.82092,3.16005
S2047,8,-5.97647,0.81314,0.35791,5.18105,1,-5.83102,-0.2259,0.50199,5.01711,5,-6.88671,-0.03053,0.1018,4.52181,2,-6.12579,-0.36546,0.85056,5.1809,9,-6.16458,-0.07044,0.18089,3.64787
S2050,1,-7.17557,0.49832,0.5162,3.18414,3,-7.0354,-0.15394,0.58987,4.83603,3,-7.0354,-0.15394,0.73807,4.06186,9,-7.61741,-0.34484,0.78731,5.74649,3,-7.0354,-0.15394,0.9455,4.63685
S2053_1,4,-7.03671,0.23691,0.54486,2.9143,3,-5.99979,0.60839,0.31047,3.75751,10,-6.52448,0.07899,0.1679,3.82253,4,-7.03671,0.23691,0.81203,3.19785,10,-6.52448,0.07899,0.2283,3.02744
S2053,2,-6.54677,-0.55296,0.76492,3.29341,7,-6.27196,-0.59487,0.46722,4.2366,2,-6.54677,-0.55296,0.17711,3.68931,7,-6.27196,-0.59487,0.86891,4.03996,3,-7.02217,0.1398,0.54607,2.99236
S2066_1,4,-5.88237,-0.31294,0.57913,4.77377,5,-5.78516,-0.21328,0.48629,4.8373,1,-5.53099,-0.06143,0.10121,4.76735,10,-5.98112,-0.2788,0.78936,2.9654,5,-5.78516,-0.21328,0.21573,2.94163
S2066,1,-5.78087,-0.34157,0.68679,5.10029,1,-5.78087,-0.34157,0.49923,4.83931,1,-5.78087,-0.34157,0.13881,4.7304,1,-5.78087,-0.34157,0.86166,3.82195,1,-5.78087,-0.34157,0.41905,3.42912
S2067_1,10,-5.93325,-0.1939,0.27913,4.45007,2,-5.46293,-0.35937,0.3881,4.45573,1,-5.65314,-0.14904,0.32272,4.20606,4,-5.10185,-0.3444,0.79187,4.38325,5,-5.45449,-0.29129,0.13809,2.7548
S2067,1,-5.2294,-0.35124,0.42233,4.35347,1,-5.2294,-0.35124,0.50387,4.30305,5,-5.11797,-0.32714,0.50295,4.35618,2,-5.09171,-0.12993,0.78062,4.68759,1,-5.2294,-0.35124,0.4841,3.72753
S2071_1,6,-8.05911,-0.72492,0.34321,5.24692,9,-8.49894,-0.70934,0.18974,6.03636,8,-8.90707,-0.46609,0.0785,5.2518,3,-8.36584,-0.32206,0.12579,3.6319,8,-8.90707,-0.46609,0.03345,3.91677
S2071_2,8,-7.56282,-0.54148,0.164,6.03013,2,-7.46734,-0.27206,0.53749,5.55716,2,-7.46734,-0.27206,0.10349,4.86615,2,-7.46734,-0.27206,0.45623,5.26298,2,-7.46734,-0.27206,0.07775,4.24973
S2071_3,1,-7.31289,-0.27661,0.38287,5.48397,7,-8.11146,-0.02975,0.3823,5.60123,2,-7.64196,0.2019,0.14678,5.10304,4,-7.32934,-0.6637,0.48237,5.12768,1,-7.31289,-0.27661,0.13177,4.57022
S2071_4,4,-8.7097,-0.42746,0.57896,5.96436,1,-9.70074,1.20987,0.57575,6.29226,2,-8.57923,-0.08776,0.10248,5.26245,3,-8.62654,0.41461,0.33764,4.30225,9,-9.91464,0.84786,0.42941,4.91727
S2071_5,5,-8.69912,0.83947,0.33078,6.22814,1,-8.04897,0.69707,0.49448,5.97712,10,-9.33446,-0.27215,0.19036,5.40144,2,-8.07328,-0.29926,0.59021,5.3558,5,-8.69912,0.83947,0.13607,4.59033
S2071,5,-8.45487,-0.28746,0.36132,5.68615,1,-8.21281,0.29867,0.23587,5.76083,7,-8.01346,1.3339,0.10083,5.21481,2,-8.72317,0.2965,0.17061,4.93377,6,-9.52053,1.13684,0.09154,4.4853
S2080_1,7,-6.07084,-0.9479,0.2957,4.42709,1,-5.5367,-1.44923,0.48218,5.55929,1,-5.5367,-1.44923,0.21917,4.87076,3,-6.70836,-1.01985,0.69884,5.42928,3,-6.70836,-1.01985,0.84399,6.05865
S2080,2,-7.60971,-1.12691,0.92225,6.8154,1,-5.84991,-1.16918,0.42076,5.59785,2,-7.60971,-1.12691,0.33496,5.67535,1,-5.84991,-1.16918,0.39305,4.9737,2,-7.60971,-1.12691,0.72704,5.16727
S2085_1,8,-6.72612,-0.62425,0.22082,4.95881,2,-6.24888,-0.46829,0.18958,5.3176,2,-6.24888,-0.46829,0.13412,4.98674,4,-6.8236,-0.84177,0.26193,3.30109,2,-6.24888,-0.46829,0.29638,3.55805
S2085_2,9,-6.27007,-0.73958,0.34064,3.74427,1,-6.77733,-0.53776,0.6405,5.68637,1,-6.77733,-0.53776,0.25637,5.19695,10,-6.43476,-0.7097,0.14445,3.05043,1,-6.77733,-0.53776,0.85068,4.70654
S2085_3,1,-6.27626,-1.77602,0.4539,3.54468,1,-6.27626,-1.77602,0.32552,5.61069,1,-6.27626,-1.77602,0.05876,5.02159,6,-6.78922,0.08139,0.14992,3.55589,1,-6.27626,-1.77602,0.4114,4.13554
S2085,10,-7.46467,0.1432,0.36001,4.08634,4,-6.11543,0.84931,0.26745,5.25558,4,-6.11543,0.84931,0.15773,4.8038,5,-6.35539,0.45058,0.17204,3.7437,10,-7.46467,0.1432,0.1226,3.66151
S2086_1,7,-7.85233,-1.1219,0.29453,4.59544,3,-7.15596,-0.95434,0.24522,5.19052,3,-7.15596,-0.95434,0.0806,5.22401,2,-6.92211,-0.88039,0.1407,4.45618,8,-8.56596,-0.67724,0.02149,4.85343
S2086,5,-7.13589,-0.84317,0.34651,4.60203,1,-7.94986,-1.06638,0.25851,5.8597,10,-7.40094,-0.93979,0.02424,5.19231,2,-7.3472,1.04341,0.15698,3.60706,1,-7.94986,-1.06638,0.01392,4.65061
S2127_1,8,-6.88159,-0.45714,0.63735,4.68573,1,-6.98338,-0.51244,0.49691,5.08185,1,-6.98338,-0.51244,0.17297,4.40048,4,-6.19492,-0.50397,0.65005,4.85432,2,-6.90742,1.01372,0.35151,3.99091
S2127,5,-5.90576,-0.40454,0.59107,4.36259,1,-5.29409,0.43916,0.56576,4.7883,1,-5.29409,0.43916,0.17095,4.11255,1,-5.29409,0.43916,0.67122,5.06933,8,-6.88794,-0.41216,0.3529,3.94312
S2129_1,8,-4.91086,-0.15605,0.41655,3.90627,3,-3.78535,-0.14407,0.63676,3.52457,5,-4.65107,-0.17484,0.74821,3.71433,6,-3.85179,-0.16286,0.90639,3.58154,2,-4.62972,-0.00644,0.88737,3.96469
S2129_2,1,-3.80845,-0.11448,0.61592,4.67806,1,-3.80845,-0.11448,0.69287,3.42888,1,-3.80845,-0.11448,0.80076,3.48586,5,-4.1676,-0.12083,0.83518,4.18041,1,-3.80845,-0.11448,0.90974,3.57398
S2129_3,1,-4.64215,-0.09278,0.5663,4.59428,3,-4.09793,-0.12964,0.54003,3.28299,1,-4.64215,-0.09278,0.82034,3.90055,3,-4.09793,-0.12964,0.9511,4.25989,1,-4.64215,-0.09278,0.94967,3.95672
S2129,4,-4.68605,-0.28155,0.36482,3.60452,2,-3.93839,-0.07963,0.43326,3.41772,2,-3.93839,-0.07963,0.57473,3.36524,2,-3.93839,-0.07963,0.88388,3.9579,5,-4.53183,-0.10286,0.72275,3.5051
S2131,1,-6.07447,-1.44276,0.37145,5.71909,1,-6.07447,-1.44276,0.30278,5.77955,1,-6.07447,-1.44276,0.20026,5.28632,9,-6.32271,-1.04229,0.36237,4.10969,3,-6.40123,-0.88014,0.11627,3.98501
S2199_1,3,-6.92295,-0.83656,0.41823,6.26601,10,-7.30258,-2.47461,0.6399,6.81389,10,-7.30258,-2.47461,0.24949,6.44012,3,-6.92295,-0.83656,0.19885,4.43474,9,-7.34972,-1.77,0.26131,6.26472
S2199_2,7,-6.81318,-1.76774,0.48116,7.66478,4,-7.53311,-1.64379,0.55287,6.42533,8,-7.66173,-1.84469,0.11107,6.42587,7,-6.81318,-1.76774,0.1773,4.69448,10,-7.50531,-1.76301,0.09981,6.1118
S2199_3,5,-7.65729,-0.98875,0.58298,8.19145,2,-7.40471,-2.0428,0.39385,6.54624,10,-7.59893,-2.17311,0.05092,6.20919,1,-7.94337,-1.70329,0.08001,4.33296,3,-7.18759,-0.8801,0.04227,5.81088
S2199,9,-6.80557,-3.04242,0.6829,7.40862,8,-7.6706,-1.72548,0.44363,6.70859,10,-7.35244,-1.79217,0.1638,6.41592,2,-6.80102,-2.28519,0.07963,4.88004,3,-7.47557,-1.21938,0.04219,5.70067
S2206_1,2,-9.3566,-0.18126,0.38869,5.91516,3,-8.10447,-0.81347,0.43445,6.17979,8,-8.84385,-0.06236,0.19742,5.84047,4,-8.4357,0.50031,0.44438,6.65315,8,-8.84385,-0.06236,0.08319,5.17269
S2206,6,-9.23732,-0.74137,0.5858,6.09479,10,-8.04059,-0.7451,0.30454,5.75679,6,-9.23732,-0.74137,0.10028,6.25307,3,-8.10673,-0.6418,0.2111,6.2758,6,-9.23732,-0.74137,0.11388,5.01722
S2266_1,2,-6.28076,-0.27914,0.5231,5.51395,10,-6.04325,-0.4704,0.64523,5.39391,4,-6.44634,-0.46314,0.4166,5.92478,1,-5.71021,-0.2725,0.88377,6.22992,2,-6.28076,-0.27914,0.82583,5.46225
S2266_2,8,-6.41344,-0.4031,0.30081,4.48598,3,-6.20871,-0.40254,0.80558,5.28798,3,-6.20871,-0.40254,0.52497,5.40253,2,-6.27183,-0.29363,0.84271,6.27891,3,-6.20871,-0.40254,0.89087,5.02917
S2266_3,2,-6.71764,0.33688,0.31779,5.91159,3,-6.43283,-0.27884,0.70748,5.39764,1,-6.30919,-0.32948,0.55311,5.48748,4,-6.10111,-0.21975,0.81027,6.62307,7,-6.28597,0.17859,0.84717,5.24603
S2266,2,-5.93335,0.63503,0.23988,4.80959,4,-6.09874,-0.2139,0.76628,5.29883,1,-6.21123,0.1439,0.59095,5.55731,1,-6.21123,0.1439,0.88614,6.3306,4,-6.09874,-0.2139,0.87274,5.08649
S2270_1,5,-7.06058,-0.11929,0.48082,3.7378,1,-7.03985,-0.06438,0.44597,4.26179,3,-8.34091,0.07542,0.34391,4.20234,3,-8.34091,0.07542,0.42756,4.38684,8,-7.80945,0.0422,0.44233,2.64643
S2270_2,5,-7.4663,0.36572,0.42917,3.62962,3,-6.63026,-0.10936,0.41518,4.40008,10,-7.38261,-0.34422,0.20779,3.73448,1,-7.99289,-0.34304,0.43806,4.46326,5,-7.4663,0.36572,0.8494,2.99428
S2270_3,3,-6.97145,-0.09931,0.33964,3.68725,5,-6.48587,-0.05577,0.56115,4.18237,5,-6.48587,-0.05577,0.21636,3.57628,4,-6.87804,0.28645,0.53964,4.52618,1,-7.73536,-0.25227,0.75478,3.34649
S2270_4,2,-8.00105,-0.33508,0.66974,4.75751,1,-7.03741,-0.26369,0.69206,4.35314,9,-6.58937,-0.09525,0.52944,3.81899,5,-6.94632,-0.11743,0.43897,4.53181,5,-6.94632,-0.11743,0.87407,3.1151
S2270_5,1,-7.10443,-0.26726,0.64448,3.87746,4,-6.50566,-0.08832,0.70033,4.52261,4,-6.50566,-0.08832,0.83369,4.00704,9,-6.7121,-0.07855,0.78756,4.28648,2,-8.44988,0.8757,0.76528,3.19294
S2270,5,-7.60863,1.24821,0.48643,3.42438,5,-7.60863,1.24821,0.39104,4.17114,5,-7.60863,1.24821,0.30051,3.7827,1,-6.99407,-0.10853,0.75959,4.95629,1,-6.99407,-0.10853,0.78768,3.27679
S2284_1,2,-6.7547,0.48216,0.40056,2.96185,1,-5.7308,0.27175,0.40691,5.49973,1,-5.7308,0.27175,0.10682,4.63038,5,-5.43824,0.2924,0.50327,4.97086,2,-6.7547,0.48216,0.23538,3.95492
S2284,7,-7.93332,-0.20258,0.64085,3.64567,3,-5.6056,0.6035,0.66651,5.84835,3,-5.6056,0.6035,0.36692,5.04094,1,-6.07349,0.91592,0.74409,4.96213,7,-7.93332,-0.20258,0.51303,4.26954
S2296_1,10,-7.84569,0.31289,0.34381,6.21422,8,-6.5892,0.28914,0.72581,5.54605,1,-6.21387,-0.08046,0.36748,5.44313,7,-6.44045,0.00088,0.61116,6.79152,1,-6.21387,-0.08046,0.90334,5.477
S2296,3,-6.40053,-0.10469,0.364,5.64563,3,-6.40053,-0.10469,0.7366,5.57571,1,-7.23521,-0.10066,0.47921,5.64478,1,-7.23521,-0.10066,0.83525,6.76188,3,-6.40053,-0.10469,0.94912,5.35938
S2308_1,7,-6.92307,-0.3282,0.34053,5.40831,2,-8.07788,-0.3623,0.72219,5.10493,5,-7.50414,-0.33197,0.40127,4.1631,6,-6.69704,0.63722,0.8311,5.55567,2,-8.07788,-0.3623,0.77836,3.74675
S2308_2,2,-8.78386,0.10817,0.69756,5.18679,2,-8.78386,0.10817,0.81289,5.63706,2,-8.78386,0.10817,0.53441,4.71293,4,-6.55578,-0.34765,0.73592,5.09431,2,-8.78386,0.10817,0.90516,3.9611
S2308_3,7,-8.51343,-0.38209,0.6645,5.58734,7,-8.51343,-0.38209,0.75434,5.26899,7,-8.51343,-0.38209,0.34034,4.35942,1,-8.1033,-0.31213,0.63705,4.26293,7,-8.51343,-0.38209,0.94059,3.71024
S2308_4,5,-7.11816,-0.32275,0.44355,5.00293,2,-8.35123,-0.34855,0.58784,5.21389,10,-7.18259,-0.37728,0.45652,4.38446,5,-7.11816,-0.32275,0.64841,3.93813,10,-7.18259,-0.37728,0.65736,3.27967
S2308_5,9,-7.28397,-0.33797,0.3696,4.67403,2,-8.08811,-0.33479,0.59463,5.1603,9,-7.28397,-0.33797,0.49867,4.17518,3,-8.22648,-0.35663,0.5704,4.16733,2,-8.08811,-0.33479,0.70973,3.53534
S2308,7,-7.60262,-0.35383,0.37456,5.46638,2,-8.29552,-0.3486,0.72363,5.17419,8,-7.54344,-0.35177,0.61542,4.22731,1,-6.33923,-0.23557,0.84271,5.88394,2,-8.29552,-0.3486,0.71895,3.61517
S2339_1,9,-4.66883,-0.15258,0.78943,2.43426,8,-4.3262,-0.16051,0.59626,3.9968,8,-4.3262,-0.16051,0.50358,3.33949,9,-4.66883,-0.15258,0.71012,3.03706,1,-4.50379,-0.10926,0.83216,2.82328
S2339,1,-4.93674,-0.16524,0.64014,3.36868,3,-4.95564,-0.02327,0.64142,3.87077,3,-4.95564,-0.02327,0.5814,3.51862,3,-4.95564,-0.02327,0.70823,3.59304,3,-4.95564,-0.02327,0.84604,2.91725
S2348_1,4,-6.60759,-0.26462,0.44886,5.48084,9,-6.11252,-0.37937,0.44672,5.23003,3,-6.80011,-0.26178,0.60333,5.01551,8,-5.96901,-0.34837,0.87284,5.56386,6,-8.57575,1.2456,0.51964,3.86344
S2348,4,-5.84228,-0.35993,0.49774,4.82785,3,-6.32515,-0.39109,0.56417,5.43246,8,-6.29389,-0.33781,0.4957,4.5839,3,-6.32515,-0.39109,0.5951,5.94934,8,-6.29389,-0.33781,0.55926,4.29748
S2359_1,6,-6.35558,-0.17071,0.20387,4.56012,3,-5.89824,-0.1631,0.43568,4.75228,2,-6.63022,-0.1556,0.17287,4.50693,1,-6.17567,1.02846,0.49664,4.48362,4,-7.68647,-0.1628,0.72936,4.68158
S2359_2,9,-6.18914,0.02569,0.59371,5.1104,3,-5.65538,-0.19837,0.5638,4.86896,3,-5.65538,-0.19837,0.50075,4.76075,5,-5.71839,-0.17258,0.32629,4.49517,3,-5.65538,-0.19837,0.44995,4.84839
S2359_3,1,-5.82721,-0.16926,0.10605,3.79512,2,-5.83072,-0.17573,0.49102,4.59867,1,-5.82721,-0.16926,0.38183,4.72546,3,-5.90823,-0.18831,0.42721,4.03068,9,-6.46501,-0.05607,0.3152,4.32987
S2359,7,-6.58227,-0.20954,0.3594,4.05942,7,-6.58227,-0.20954,0.521,5.0083,2,-5.70932,-0.19753,0.46629,4.76397,1,-6.71808,-0.15013,0.56902,4.12023,9,-5.77548,-0.20209,0.67877,4.61755
S2379_1,1,-9.93381,-2.7709,0.69995,6.95394,3,-9.46723,-1.812,0.58972,6.53144,4,-10.92483,-0.13202,0.10841,6.18752,2,-10.25941,-0.54635,0.39437,6.74777,2,-10.25941,-0.54635,0.27396,5.43645
S2379,10,-9.9872,-1.35255,0.68249,7.65554,1,-9.71372,-0.92916,0.39288,6.32717,1,-9.71372,-0.92916,0.08486,6.19691,1,-9.71372,-0.92916,0.13407,6.73781,1,-9.71372,-0.92916,0.18179,5.35329
S2422,4,-6.04432,-0.36634,0.41407,4.90509,2,-5.70168,-0.47697,0.52021,5.08722,2,-5.70168,-0.47697,0.5148,4.46126,7,-5.89107,-0.56754,0.60676,4.32047,4,-6.04432,-0.36634,0.20799,4.54002
S2437_1,2,-5.63204,-0.06262,0.39922,3.22732,1,-5.56439,-0.16735,0.35463,4.99193,6,-5.34822,0.07564,0.17878,4.55291,2,-5.63204,-0.06262,0.72673,4.73502,4,-5.54471,-0.07322,0.03349,2.82829
S2437_2,1,-5.86229,-0.01312,0.55888,3.09539,2,-5.55814,-0.08441,0.51021,5.55144,2,-5.55814,-0.08441,0.40123,5.07733,8,-6.35668,0.0193,0.45733,4.33454,3,-5.63941,-0.11575,0.35752,3.82797
S2437_3,8,-5.60997,-0.12812,0.39206,2.80953,4,-5.59747,-0.12362,0.36753,5.34428,2,-5.4916,-0.14032,0.39104,4.97673,9,-5.48159,-0.15416,0.31151,4.76107,9,-5.48159,-0.15416,0.05712,3.0329
S2437,5,-5.66159,-0.22234,0.48549,3.54331,1,-5.17199,-0.19897,0.52287,5.09823,7,-5.35529,-0.19445,0.34997,4.89186,3,-5.18071,-0.24264,0.47113,4.72085,1,-5.17199,-0.19897,0.09875,3.63474
S2441_1,7,-8.45511,-0.09711,0.40825,6.09836,9,-6.29064,-0.5914,0.47297,5.37557,5,-8.46751,-0.55662,0.33742,5.76431,1,-7.30855,1.11275,0.86692,6.4479,1,-7.30855,1.11275,0.27956,5.2238
S2441_2,8,-6.96027,1.66898,0.3092,4.53911,1,-6.6203,-0.58159,0.59083,5.72816,4,-6.54978,-0.84451,0.55996,5.53722,3,-6.88445,0.49377,0.85205,6.07743,1,-6.6203,-0.58159,0.15255,4.85321
S2441_3,4,-8.06848,0.15851,0.34966,4.85922,2,-6.26822,-0.93359,0.71099,5.60279,1,-6.09933,0.10637,0.72255,5.94146,1,-6.09933,0.10637,0.85483,6.11769,1,-6.09933,0.10637,0.91099,6.14563
S2441,6,-7.03696,0.43006,0.37013,4.77845,3,-7.42458,-0.42537,0.44756,5.91721,3,-7.42458,-0.42537,0.41753,5.72277,2,-7.08257,-0.067,0.78054,6.7678,3,-7.42458,-0.42537,0.21113,5.20754
S2447_1,1,-4.80074,6.18494,0.38441,5.7186,1,-4.80074,6.18494,0.73381,5.99893,10,-5.1487,-1.3588,0.21263,5.63595,4,-4.85019,-1.14378,0.95598,6.67706,3,-4.81038,-1.23159,0.21475,5.08125
S2447,1,-5.68952,-0.16607,0.10161,4.851,3,-6.21758,1.43337,0.4712,6.36291,4,-6.60315,1.0819,0.26459,5.87476,7,-6.24153,-0.87555,0.48923,6.14636,4,-6.60315,1.0819,0.03255,5.26976
S2458_1,3,-5.38927,-0.19661,0.54147,5.06791,5,-6.01198,-0.02348,0.62494,4.72399,4,-6.00199,-0.00569,0.37612,4.61138,2,-5.51458,-0.21012,0.85993,3.44431,4,-6.00199,-0.00569,0.46434,3.31058
S2458,2,-5.51051,-0.29453,0.48965,4.83504,1,-5.5385,-0.30024,0.56802,4.74598,3,-5.0771,-0.30319,0.34022,4.65969,2,-5.51051,-0.29453,0.86361,3.81899,1,-5.5385,-0.30024,0.34113,3.33841
S2462_1,5,-7.03953,-0.84502,0.17341,5.60138,1,-6.87788,-0.67313,0.29114,5.23533,2,-6.93674,-0.67461,0.06921,4.83997,3,-7.19884,-0.51931,0.62729,4.65448,1,-6.87788,-0.67313,0.024,3.52246
S2462,10,-8.54268,0.18134,0.29008,5.73964,1,-8.4561,-0.43321,0.2859,5.47762,1,-8.4561,-0.43321,0.07778,5.1626,1,-8.4561,-0.43321,0.2809,3.52302,10,-8.54268,0.18134,0.12006,4.32717
S2470_1,4,-7.05046,-0.24763,0.63823,5.66834,8,-7.35094,-0.39364,0.83507,5.71754,8,-7.35094,-0.39364,0.71473,5.24615,9,-6.0632,-0.34831,0.85199,5.87905,9,-6.0632,-0.34831,0.76428,4.70368
S2470,8,-6.3643,-0.57268,0.5079,5.93128,1,-7.24959,-0.32174,0.81774,5.67135,6,-6.14195,-0.44271,0.67776,4.91949,6,-6.14195,-0.44271,0.88864,5.50349,1,-7.24959,-0.32174,0.87874,5.40824
S2496_1,10,-5.93325,-0.1939,0.27913,4.45007,2,-5.46293,-0.35937,0.3881,4.45573,1,-5.65314,-0.14904,0.32272,4.20606,4,-5.10185,-0.3444,0.79187,4.38325,5,-5.45449,-0.29129,0.13809,2.7548
S2496,1,-5.2294,-0.35124,0.42233,4.35347,1,-5.2294,-0.35124,0.50387,4.30305,5,-5.11797,-0.32714,0.50295,4.35618,2,-5.09171,-0.12993,0.78062,4.68759,1,-5.2294,-0.35124,0.4841,3.72753
S2507_1,4,-5.68814,-0.66347,0.5671,4.01648,8,-5.93415,-0.84501,0.46544,4.14517,10,-6.8239,-0.31168,0.22356,4.12162,3,-5.90815,-0.14985,0.39983,3.77631,10,-6.8239,-0.31168,0.2628,3.36702
S2507,4,-5.90933,0.33274,0.37753,3.3484,5,-5.37389,-0.28516,0.42188,4.24153,2,-6.22638,-0.24443,0.22272,3.98834,10,-5.51635,-0.30853,0.56869,3.53819,8,-5.8319,-0.26817,0.23125,3.188
S2512,3,-7.214,0.25501,0.61312,4.48617,2,-5.84283,-0.4697,0.66963,5.0722,2,-5.84283,-0.4697,0.39151,4.45229,1,-6.59799,0.35698,0.63259,4.2086,2,-5.84283,-0.4697,0.14644,3.63405
S2521_1,5,-6.11418,-0.15734,0.29627,3.64636,6,-4.92459,-0.12716,0.61636,3.5178,6,-4.92459,-0.12716,0.63493,3.64369,4,-5.49979,-0.13107,0.8369,4.25938,4,-5.49979,-0.13107,0.22726,2.72851
S2521_2,2,-4.98839,-0.22399,0.18719,3.26128,1,-5.05711,-0.13377,0.43572,3.65755,1,-5.05711,-0.13377,0.27677,3.54685,3,-5.16385,-0.18979,0.59857,3.73705,3,-5.16385,-0.18979,0.10514,2.42754
S2521_3,5,-5.75795,-0.15214,0.35849,3.75759,2,-5.09928,-0.21159,0.57367,3.82856,2,-5.09928,-0.21159,0.26207,3.61187,7,-6.16174,-0.1745,0.70025,3.42964,5,-5.75795,-0.15214,0.14237,2.89454
S2521,3,-5.0065,-0.22707,0.21702,3.47906,3,-5.0065,-0.22707,0.58984,3.75783,8,-4.96135,-0.19292,0.40842,3.6845,9,-4.94798,-0.13366,0.59716,4.07356,9,-4.94798,-0.13366,0.13395,2.37774
S2527_1,7,-8.8598,0.26473,0.18184,3.51946,10,-7.12294,-0.58122,0.6536,5.06327,6,-8.60516,3.42697,0.36245,4.71193,8,-5.71977,-0.33578,0.81148,4.60031,1,-7.21965,3.43188,0.15462,4.4293
S2527_2,7,-7.60775,0.60675,0.10472,2.38193,3,-7.25186,0.55213,0.81171,5.35303,3,-7.25186,0.55213,0.63886,4.6965,4,-7.30761,0.76316,0.67962,5.34267,3,-7.25186,0.55213,0.43251,4.13951
S2527_3,9,-9.01397,-0.53464,0.16516,3.5784,3,-7.20958,-0.494,0.73462,5.12451,2,-7.64044,2.8107,0.3754,4.70147,1,-6.79077,-0.50625,0.4269,4.84568,6,-7.44,2.80855,0.30108,4.80564
S2527_4,2,-6.93349,-0.54446,0.23969,3.76988,5,-6.72481,0.68424,0.81445,5.11392,6,-9.33508,0.65945,0.34905,4.70531,3,-6.82667,0.8369,0.60767,5.36039,4,-8.59445,0.6878,0.53326,4.7544
S2527_5,8,-7.32507,2.75086,0.09205,5.25281,2,-7.37204,3.47395,0.80568,5.34551,2,-7.37204,3.47395,0.42589,4.50103,1,-7.17376,-0.42149,0.62321,4.87631,2,-7.37204,3.47395,0.36483,4.94691
S2527_6,7,-7.02392,-0.50575,0.07157,3.0142,5,-6.953,-0.5333,0.71327,4.98067,6,-6.88841,-0.54681,0.47638,4.49875,4,-7.72086,-0.46922,0.83675,5.31036,6,-6.88841,-0.54681,0.128,3.52183
S2527_7,1,-7.51753,3.49164,0.08255,3.30968,1,-7.51753,3.49164,0.77011,5.38453,10,-6.8492,3.50358,0.28193,4.33879,7,-9.96801,3.29656,0.66088,5.76433,1,-7.51753,3.49164,0.23334,4.7934
S2527_8,1,-6.85895,7.03013,0.2635,3.66705,3,-7.43238,7.06888,0.74951,5.24862,5,-6.21609,6.94515,0.39848,4.30238,4,-4.22593,-0.31265,0.94813,5.33897,2,-6.48126,-0.31199,0.66443,4.51407
S2527_9,3,-7.4956,2.38854,0.26251,4.79036,6,-6.96472,-0.55266,0.82122,5.3439,2,-7.05966,2.43617,0.46061,4.47675,4,-6.68664,2.48321,0.7729,5.36981,3,-7.4956,2.38854,0.44131,4.78392
S2527,2,-7.58446,-0.4635,0.08456,2.32785,3,-7.25867,0.66261,0.80834,5.28191,5,-7.55516,1.25178,0.66233,4.87048,2,-7.58446,-0.4635,0.70884,5.05007,4,-5.99143,-0.34813,0.43081,4.56293
S2530_1,5,-5.72997,-0.60414,0.65459,4.79035,9,-5.46776,-0.51568,0.44429,3.88976,2,-6.44566,-0.60315,0.38001,4.04315,1,-6.0827,-0.41953,0.73542,3.89945,1,-6.0827,-0.41953,0.82262,4.39075
S2530_2,3,-5.50621,-0.46646,0.34831,3.98461,3,-5.50621,-0.46646,0.47605,4.09185,2,-6.80536,-0.37779,0.72283,4.25809,2,-6.80536,-0.37779,0.94042,4.7368,2,-6.80536,-0.37779,0.8553,4.20604
S2530_3,6,-5.62733,-0.61386,0.19422,4.34688,7,-5.44026,-0.52156,0.41099,3.88965,2,-6.50481,-0.43174,0.47843,4.07803,1,-6.18834,-0.5439,0.66945,4.01626,1,-6.18834,-0.5439,0.67099,4.14205
S2530,4,-5.8907,-0.42594,0.60245,4.98617,1,-5.43252,-0.4386,0.55317,3.99248,4,-5.8907,-0.42594,0.6834,4.34885,5,-6.60992,0.1159,0.53106,3.39058,4,-5.8907,-0.42594,0.76585,4.41866
S2534_1,6,-6.12225,1.88983,0.79435,6.72055,2,-7.05457,-0.31567,0.20044,5.98656,1,-6.52238,-1.45577,0.02465,5.37923,7,-7.16756,0.06467,0.36741,5.12904,1,-6.52238,-1.45577,0.16042,4.5131
S2534_2,1,-7.02456,-1.04238,0.71378,5.38976,5,-7.0043,-0.25069,0.21992,6.09903,2,-6.22194,0.42423,0.0524,5.3638,2,-6.22194,0.42423,0.52541,5.01525,2,-6.22194,0.42423,0.20198,4.34822
S2534_3,5,-7.25018,-0.19148,0.4355,5.06626,1,-6.4057,-0.69267,0.33079,5.8839,1,-6.4057,-0.69267,0.07444,5.45351,1,-6.4057,-0.69267,0.50503,4.52627,1,-6.4057,-0.69267,0.4621,5.0664
S2534,3,-6.38727,-1.03386,0.50996,5.285,2,-6.29281,-1.26151,0.30521,6.02575,1,-6.47078,-1.27352,0.10493,5.77412,6,-7.13166,0.57499,0.26728,4.89211,2,-6.29281,-1.26151,0.35719,4.85866
S2535_1,7,-6.61651,-0.85737,0.7115,6.20349,1,-6.94661,-1.14274,0.2688,5.72536,1,-6.94661,-1.14274,0.13258,5.56755,3,-6.61831,-1.00761,0.29337,4.62621,1,-6.94661,-1.14274,0.65964,4.70844
S2535_2,8,-7.09763,-0.09034,0.75862,5.65126,2,-6.39487,-0.4008,0.32692,5.79662,3,-6.05528,0.00167,0.05179,4.89521,1,-6.24045,-0.32115,0.38247,4.43609,1,-6.24045,-0.32115,0.29425,4.0683
S2535_3,3,-6.56652,-0.66676,0.52991,4.65537,2,-6.12855,-0.58743,0.33269,5.67966,2,-6.12855,-0.58743,0.12942,5.39413,1,-6.15452,0.02022,0.37645,4.46538,2,-6.12855,-0.58743,0.63336,4.79408
S2535,5,-6.87831,-0.32023,0.77828,5.96808,3,-5.99977,-1.47623,0.16131,5.56507,2,-7.3265,0.25339,0.06234,5.5067,1,-6.01679,-0.57657,0.33018,3.69356,4,-5.94308,-0.66104,0.07081,3.83003
S2536_1,10,-6.49951,-0.48978,0.59837,6.00316,4,-6.73455,-0.74671,0.12845,5.85546,2,-6.4646,-0.62053,0.05816,5.43273,2,-6.4646,-0.62053,0.41748,4.40386,5,-6.85262,-0.58947,0.11706,4.361
S2536_2,4,-7.1968,-0.08391,0.71486,5.6593,4,-7.1968,-0.08391,0.2975,6.32,2,-7.06302,-0.72761,0.05659,5.6692,10,-6.37896,-0.16234,0.51755,3.86436,9,-6.73248,-0.00304,0.22441,4.4883
S2536_3,1,-6.96835,-0.90995,0.75467,5.60427,6,-7.16183,-0.79663,0.207,5.86939,8,-6.80795,-0.75764,0.03596,5.43265,9,-6.65613,-0.2439,0.60335,3.98773,3,-7.8779,-0.43829,0.06719,3.41069
S2536,3,-7.28627,-0.43602,0.53659,5.46831,1,-6.34763,1.07919,0.19734,5.93045,3,-7.28627,-0.43602,0.03417,5.535,7,-6.48311,-0.43429,0.3108,4.85276,7,-6.48311,-0.43429,0.12362,4.32424
S2539_1,9,-6.20456,-0.52558,0.19786,6.2202,5,-6.23066,-0.39076,0.30041,5.21963,2,-6.98752,-0.30725,0.38422,5.06247,5,-6.23066,-0.39076,0.40725,5.19201,9,-6.20456,-0.52558,0.25227,5.64476
S2539_2,4,-7.19434,-0.06196,0.22361,6.50382,1,-6.58606,-0.78589,0.51938,5.41691,3,-6.90018,-0.23821,0.61793,5.20094,3,-6.90018,-0.23821,0.8341,5.86084,7,-6.3934,-0.3631,0.14672,3.9372
S2539_3,4,-6.82277,-0.58145,0.29415,6.72209,2,-6.31922,-0.80862,0.58876,5.3811,2,-6.31922,-0.80862,0.48323,4.99879,4,-6.82277,-0.58145,0.79599,6.03652,4,-6.82277,-0.58145,0.23128,4.47065
S2539_4,5,-6.88351,-0.45769,0.2261,5.96252,5,-6.88351,-0.45769,0.28756,5.42464,1,-6.42108,-0.38789,0.2995,4.95767,1,-6.42108,-0.38789,0.37619,5.41645,1,-6.42108,-0.38789,0.09859,3.96275
S2539_5,10,-7.47315,-0.29073,0.25144,6.1605,7,-6.3003,-0.13845,0.4783,5.64663,7,-6.3003,-0.13845,0.56761,5.46497,2,-6.94591,-0.23474,0.40198,5.32547,7,-6.3003,-0.13845,0.70004,6.01515
S2539,7,-6.38217,-0.03379,0.23857,6.34427,8,-6.67144,0.87756,0.28981,5.34652,2,-6.78433,-0.53003,0.31677,4.85013,8,-6.67144,0.87756,0.53385,5.70354,1,-6.522,-0.32967,0.08514,3.97286
S2551_1,4,-5.83655,0.20623,0.59405,4.6157,2,-6.04819,0.57565,0.39305,4.31498,2,-6.04819,0.57565,0.58505,3.64482,6,-5.51635,0.19625,0.76589,3.45808,10,-5.58016,0.19336,0.83054,3.88616
S2551,8,-5.43436,-0.19742,0.60679,4.20058,8,-5.43436,-0.19742,0.6201,4.20412,7,-6.13811,-0.16668,0.58647,3.71506,2,-5.58877,-0.10716,0.53817,3.59436,1,-6.1273,-0.16125,0.79622,4.01371
S2565_1,9,-7.50743,-0.08447,0.41887,5.1529,1,-6.85483,-0.74433,0.37257,4.55832,3,-7.18306,-0.61165,0.27772,4.36834,2,-8.10316,-0.46658,0.81414,5.31155,3,-7.18306,-0.61165,0.62802,4.73969
S2565_2,2,-7.24151,-0.29899,0.42266,4.542,2,-7.24151,-0.29899,0.50411,4.89728,3,-7.90053,-0.3096,0.32546,4.63169,6,-6.55423,-0.62006,0.39797,5.07418,1,-7.19249,-0.17744,0.33682,4.55168
S2565_3,9,-6.929,-0.55818,0.35255,4.24145,1,-6.83066,0.178,0.32759,4.74325,8,-7.03581,-0.53722,0.22383,4.36153,7,-8.02246,0.28132,0.77097,4.7579,7,-8.02246,0.28132,0.35096,4.46741
S2565,2,-7.3979,-0.33318,0.3021,5.39934,1,-8.38074,-0.07658,0.57597,5.15081,1,-8.38074,-0.07658,0.18912,4.62034,1,-8.38074,-0.07658,0.5679,3.98251,1,-8.38074,-0.07658,0.64302,4.68048
S2566_1,6,-6.66831,-0.19132,0.50062,3.74303,2,-5.35621,-0.5511,0.48651,4.04675,6,-6.66831,-0.19132,0.24859,4.13141,7,-5.34464,-0.3148,0.63822,4.09364,6,-6.66831,-0.19132,0.09667,3.01779
S2566,10,-5.60865,-0.64312,0.30629,3.66389,5,-6.40477,-0.38975,0.47915,4.27853,5,-6.40477,-0.38975,0.22715,4.11402,8,-5.17964,-0.24684,0.44236,3.99417,5,-6.40477,-0.38975,0.07904,3.05062
S2567_1,8,-6.27093,0.05938,0.54421,5.94653,3,-6.97657,-0.43226,0.78061,5.68981,3,-6.97657,-0.43226,0.78269,5.57,3,-6.97657,-0.43226,0.73453,5.24553,4,-6.62116,2.68206,0.83206,6.04977
S2567,5,-7.31008,-0.93373,0.65198,6.28865,6,-6.10092,-0.15766,0.69849,5.41193,1,-6.05073,-0.46613,0.53313,5.36091,6,-6.10092,-0.15766,0.48533,5.34943,6,-6.10092,-0.15766,0.89075,5.22219
S2584_1,2,-9.51156,0.14614,0.91265,7.79944,4,-6.0653,0.12192,0.79225,5.56346,3,-5.91647,0.22892,0.41532,5.20791,4,-6.0653,0.12192,0.65031,6.30259,3,-5.91647,0.22892,0.88895,5.48611
S2584,1,-6.15581,2.12035,0.49898,6.97036,4,-6.0068,0.43125,0.73557,5.54438,1,-6.15581,2.12035,0.6883,5.72531,1,-6.15581,2.12035,0.93704,6.45033,1,-6.15581,2.12035,0.83283,5.93905
S2600,2,-6.036,-0.17946,0.57196,5.26391,5,-5.39567,0.08863,0.28039,4.60945,5,-5.39567,0.08863,0.08093,4.11478,7,-5.80244,-0.3689,0.61927,4.11583,7,-5.80244,-0.3689,0.19419,3.1933
S2602,1,-7.64053,-0.68694,0.7045,5.05541,9,-7.0266,-0.88999,0.44762,5.65567,5,-7.42487,-1.02992,0.49254,5.05269,3,-7.66088,-0.80284,0.80847,4.75344,5,-7.42487,-1.02992,0.59213,4.43641
S2606_1,2,-6.89161,-1.27774,0.4441,4.19735,6,-5.95189,-1.29325,0.72194,5.51455,1,-5.94048,-1.23329,0.64594,5.98315,4,-6.35463,-1.03246,0.91793,6.17462,4,-6.35463,-1.03246,0.86626,5.73816
S2606_2,5,-6.52792,-1.27158,0.15834,2.92113,1,-6.71638,-1.34055,0.63568,5.82067,9,-6.56114,-1.32285,0.3873,5.89702,3,-6.13009,-1.35602,0.69171,6.50679,3,-6.13009,-1.35602,0.85491,5.80463
S2606_3,3,-6.96691,-1.29609,0.15058,3.56279,5,-6.67139,-0.4595,0.72321,5.73632,1,-5.95328,-1.19955,0.635,5.98078,5,-6.67139,-0.4595,0.92394,6.03482,5,-6.67139,-0.4595,0.83246,5.72277
S2606,1,-6.73574,-1.32758,0.33867,3.86559,3,-6.54348,-1.17149,0.68442,5.65926,3,-6.54348,-1.17149,0.59809,5.70528,3,-6.54348,-1.17149,0.89427,6.16177,3,-6.54348,-1.17149,0.84559,5.55083
S2608_1,1,-7.30934,-0.60856,0.70618,6.26296,8,-7.006,-0.59143,0.82478,5.65627,4,-6.62162,-0.51426,0.78309,5.30426,3,-6.86519,-0.51283,0.90513,6.12073,1,-7.30934,-0.60856,0.86092,5.51523
S2608,2,-7.34242,-0.53061,0.70464,6.57412,2,-7.34242,-0.53061,0.82838,5.73924,3,-6.92272,-0.24745,0.87258,5.49795,4,-7.04272,-0.27755,0.7551,5.47616,4,-7.04272,-0.27755,0.91888,5.49517
S2611_1,5,-6.10141,-0.18077,0.54728,5.96571,4,-6.34232,-0.18082,0.76156,5.31402,3,-6.28005,-0.18108,0.3927,5.13059,9,-6.26659,-0.18079,0.78372,5.46463,1,-6.08523,-0.18077,0.81764,5.78418
S2611,2,-6.60448,-0.40706,0.48542,5.72946,3,-6.70609,-0.40659,0.69935,5.29984,6,-6.62649,-0.4102,0.5401,5.26633,9,-6.12456,-0.40567,0.77926,5.58868,3,-6.70609,-0.40659,0.82717,5.09363
S2765_1,7,-8.53443,-0.64043,0.36187,6.5373,1,-7.2821,-0.60144,0.52842,5.9469,4,-6.7374,-0.80365,0.15937,5.21876,2,-7.85465,-0.95844,0.42546,5.17295,5,-7.58366,-0.68578,0.08915,4.30666
S2765,9,-9.1254,-0.72771,0.5859,6.87596,8,-7.12717,-0.49135,0.65328,5.8651,3,-7.19174,-0.58889,0.15674,5.27564,2,-7.14382,0.58259,0.68809,4.97613,5,-8.17121,-0.12731,0.27116,4.58561
S2840,5,-7.29482,-0.14036,0.55893,5.80287,2,-6.73949,-0.46407,0.61462,6.4219,2,-6.73949,-0.46407,0.24819,5.566,1,-6.86107,-0.60895,0.68,6.04728,5,-7.29482,-0.14036,0.07693,4.44626
S2934_1,2,-8.64316,0.28789,0.43923,7.58425,1,-8.72165,-0.04752,0.6348,5.84826,1,-8.72165,-0.04752,0.18605,5.33984,2,-8.64316,0.28789,0.37641,5.65307,2,-8.64316,0.28789,0.01051,4.58756
S2934_2,10,-9.1341,-0.77318,0.22242,7.65622,1,-8.33192,0.18076,0.35099,5.74614,6,-8.72107,-0.93245,0.07396,5.50404,9,-10.83414,-0.84895,0.28699,5.25132,10,-9.1341,-0.77318,0.04974,5.35457
S2934_3,7,-10.39948,-0.77242,0.32519,7.95486,6,-10.06104,-0.18267,0.27338,6.44819,2,-9.47499,-0.08739,0.07828,5.60841,10,-9.08383,-0.41889,0.45585,6.02965,2,-9.47499,-0.08739,0.0076,4.58511
S2934,1,-8.68907,-0.10501,0.54164,7.77649,1,-8.68907,-0.10501,0.60705,6.20841,1,-8.68907,-0.10501,0.17511,5.6145,1,-8.68907,-0.10501,0.4184,5.67905,4,-8.43649,0.09723,0.01049,4.68411
S3005_1,6,-7.47068,-0.83693,0.23171,3.7774,4,-7.37609,-1.1798,0.47499,5.58234,1,-7.01982,-0.82528,0.1983,4.79298,1,-7.01982,-0.82528,0.52682,4.48318,1,-7.01982,-0.82528,0.77397,4.21401
S3005,1,-6.46537,-1.31914,0.15765,3.22295,7,-6.66777,-2.00349,0.38538,5.43276,3,-6.58372,-0.50064,0.05991,4.61613,9,-8.17526,-0.44898,0.65629,3.44006,1,-6.46537,-1.31914,0.09063,3.52959
S3007_1,1,-7.18979,-0.25457,0.58688,4.95185,2,-7.54357,-1.2377,0.45809,4.84568,2,-7.54357,-1.2377,0.48134,4.76835,2,-7.54357,-1.2377,0.76323,4.66208,1,-7.18979,-0.25457,0.50563,3.98574
S3007,2,-7.67821,-0.70611,0.96626,6.05979,2,-7.67821,-0.70611,0.67702,5.07805,2,-7.67821,-0.70611,0.64731,4.69947,2,-7.67821,-0.70611,0.86411,4.8487,2,-7.67821,-0.70611,0.84106,5.18185
S3015_1,2,-7.3979,-0.33318,0.3021,5.39934,1,-8.38074,-0.07658,0.57597,5.15081,1,-8.38074,-0.07658,0.18912,4.62034,1,-8.38074,-0.07658,0.5679,3.98251,1,-8.38074,-0.07658,0.64302,4.68048
S3015_2,9,-6.929,-0.55818,0.35255,4.24145,1,-6.83066,0.178,0.32759,4.74325,8,-7.03581,-0.53722,0.22383,4.36153,7,-8.02246,0.28132,0.77097,4.7579,7,-8.02246,0.28132,0.35096,4.46741
S3015_3,2,-7.24151,-0.29899,0.42266,4.542,2,-7.24151,-0.29899,0.50411,4.89728,3,-7.90053,-0.3096,0.32546,4.63169,6,-6.55423,-0.62006,0.39797,5.07418,1,-7.19249,-0.17744,0.33682,4.55168
S3015,9,-7.50743,-0.08447,0.41887,5.1529,1,-6.85483,-0.74433,0.37257,4.55832,3,-7.18306,-0.61165,0.27772,4.36834,2,-8.10316,-0.46658,0.81414,5.31155,3,-7.18306,-0.61165,0.62802,4.73969
S3022_1,4,-6.90707,-1.02841,0.38138,6.61328,1,-7.77849,-3.4631,0.79195,7.55213,4,-6.90707,-1.02841,0.6459,6.25745,3,-6.94474,-2.15527,0.65624,6.29148,6,-8.47886,-1.84531,0.81068,7.02916
S3022,10,-7.64931,-2.61684,0.28435,6.70819,2,-7.94064,-2.33432,0.78822,7.46831,3,-6.8842,-1.47882,0.76154,6.21188,2,-7.94064,-2.33432,0.73702,7.33462,7,-7.09533,3.35602,0.77085,6.29978
S3045_1,10,-8.60846,-0.30015,0.04873,4.00825,1,-6.91017,-0.32554,0.19412,5.33508,1,-6.91017,-0.32554,0.09814,5.16771,4,-6.89181,0.02191,0.26754,4.59956,1,-6.91017,-0.32554,0.1216,4.52466
S3045,3,-7.50221,-0.50725,0.24583,4.32107,9,-6.52291,-0.52243,0.20065,5.22338,9,-6.52291,-0.52243,0.05846,4.89018,3,-7.50221,-0.50725,0.39492,3.73727,5,-8.33832,-0.29318,0.15908,4.58783
S3061_1,5,-6.11418,-0.15734,0.29627,3.64636,6,-4.92459,-0.12716,0.61636,3.5178,6,-4.92459,-0.12716,0.63493,3.64369,4,-5.49979,-0.13107,0.8369,4.25938,4,-5.49979,-0.13107,0.22726,2.72851
S3061_2,2,-4.98839,-0.22399,0.18719,3.26128,1,-5.05711,-0.13377,0.43572,3.65755,1,-5.05711,-0.13377,0.27677,3.54685,3,-5.16385,-0.18979,0.59857,3.73705,3,-5.16385,-0.18979,0.10514,2.42754
S3061_3,5,-5.75795,-0.15214,0.35849,3.75759,2,-5.09928,-0.21159,0.57367,3.82856,2,-5.09928,-0.21159,0.26207,3.61187,7,-6.16174,-0.1745,0.70025,3.42964,5,-5.75795,-0.15214,0.14237,2.89454
S3061,3,-5.0065,-0.22707,0.21702,3.47906,3,-5.0065,-0.22707,0.58984,3.75783,8,-4.96135,-0.19292,0.40842,3.6845,9,-4.94798,-0.13366,0.59716,4.07356,9,-4.94798,-0.13366,0.13395,2.37774
S3077_1,3,-7.374,0.21362,0.85685,4.37088,3,-7.374,0.21362,0.61607,5.29782,3,-7.374,0.21362,0.73048,4.58954,5,-7.16006,0.41592,0.68268,3.97859,3,-7.374,0.21362,0.89967,4.8277
S3077,1,-6.32625,-0.00403,0.81433,4.87554,5,-7.49403,1.13388,0.4308,5.10958,3,-7.71594,0.68842,0.68063,4.55546,5,-7.49403,1.13388,0.81862,4.17974,1,-6.32625,-0.00403,0.92717,4.82542
S3078_1,5,-9.13124,2.58614,0.91857,8.24945,1,-6.4394,1.65006,0.78445,6.04734,2,-7.0527,0.97613,0.64182,5.93107,2,-7.0527,0.97613,0.64799,5.88909,7,-7.17895,0.68436,0.94535,6.05082
S3078,3,-8.43255,0.2741,0.65706,8.1126,4,-5.91967,1.45643,0.7909,6.00735,1,-6.09376,-1.24584,0.65935,5.92476,1,-6.09376,-1.24584,0.69274,6.19193,1,-6.09376,-1.24584,0.74602,5.98323
S3081_1,9,-6.82601,-0.58078,0.46512,4.95328,5,-5.85957,-1.32202,0.67406,5.77269,1,-5.98026,-1.51482,0.68316,5.66608,1,-5.98026,-1.51482,0.96291,5.98007,1,-5.98026,-1.51482,0.81008,5.65092
S3081_2,10,-6.82794,1.23961,0.17025,3.95373,1,-6.31117,-1.37286,0.71573,5.87231,3,-6.78209,-1.07079,0.70025,6.13334,4,-6.20447,-1.62554,0.62316,5.68632,1,-6.31117,-1.37286,0.74322,5.83325
S3081_3,8,-6.09038,-0.65761,0.15397,3.89521,5,-5.52954,-0.4163,0.70415,5.7824,1,-5.93337,-1.53287,0.60796,5.58503,1,-5.93337,-1.53287,0.91585,5.81978,1,-5.93337,-1.53287,0.7738,5.45866
S3081,7,-6.40243,-1.22487,0.24126,4.71675,7,-6.40243,-1.22487,0.73861,5.94032,1,-5.08439,-1.54543,0.63363,5.61053,1,-5.08439,-1.54543,0.86041,6.7242,3,-5.8651,0.14608,0.83118,5.80491
S3104_1,6,-6.01059,-0.43699,0.59025,4.96539,1,-6.91893,-0.53666,0.43,5.46218,7,-5.97318,-0.57298,0.31291,4.57145,1,-6.91893,-0.53666,0.31343,3.15272,7,-5.97318,-0.57298,0.67281,4.04884
S3104,1,-7.0226,-0.79232,0.58823,4.56941,3,-7.0496,-0.2093,0.31691,4.89574,1,-7.0226,-0.79232,0.12172,4.85028,2,-6.2539,0.16838,0.38251,3.36885,2,-6.2539,0.16838,0.88998,4.38747
S3114_1,9,-5.97227,-0.50593,0.74307,3.9152,1,-4.78663,-0.32794,0.79167,3.76611,5,-5.11757,0.00579,0.6388,3.27914,10,-4.91539,-0.50968,0.80936,4.03372,1,-4.78663,-0.32794,0.97781,3.17464
S3114,2,-5.29648,-0.11817,0.64339,3.51277,3,-5.38443,-0.12964,0.70167,3.45445,6,-5.69772,-0.11625,0.71386,3.38884,3,-5.38443,-0.12964,0.81465,3.43737,4,-5.69694,-0.13946,0.82308,2.68079
S3124_1,10,-8.37891,-0.66029,0.79538,7.71561,1,-7.02691,-0.53833,0.7041,5.66542,1,-7.02691,-0.53833,0.57174,5.39417,2,-6.81225,0.41611,0.79427,5.63832,10,-8.37891,-0.66029,0.81183,6.1828
S3124,10,-7.14008,1.58897,0.54347,6.77227,2,-6.65999,-0.65525,0.69614,5.24483,1,-6.90058,0.16328,0.6102,5.34624,1,-6.90058,0.16328,0.83551,5.56149,1,-6.90058,0.16328,0.8131,5.64004
S3146_1,10,-5.59776,-0.51986,0.33118,4.56904,5,-5.15857,-0.42341,0.34403,4.6149,5,-5.15857,-0.42341,0.29896,4.96863,5,-5.15857,-0.42341,0.57433,3.21422,5,-5.15857,-0.42341,0.05919,3.88996
S3146,9,-5.55537,-0.50501,0.46584,4.73959,3,-5.49127,-0.36702,0.34278,4.47445,3,-5.49127,-0.36702,0.13484,4.66873,4,-6.30241,-0.38728,0.47671,2.85033,3,-5.49127,-0.36702,0.07247,3.11588
S3150_1,1,-5.26877,-0.76334,0.8614,4.34094,1,-5.26877,-0.76334,0.55336,5.18627,4,-5.48379,-0.93647,0.54034,4.92282,1,-5.26877,-0.76334,0.81399,3.62014,5,-5.66071,-1.01106,0.57237,3.91621
S3150_2,4,-5.66818,-0.88774,0.64918,4.82815,1,-5.20869,-1.04293,0.46253,5.03411,3,-5.81015,-0.45708,0.36739,4.89788,1,-5.20869,-1.04293,0.61421,3.31785,7,-5.86997,-0.66344,0.37503,3.99775
S3150_3,1,-5.02909,-0.91458,0.85484,4.81011,4,-5.54258,-0.8308,0.48743,5.04069,4,-5.54258,-0.8308,0.5762,4.95396,2,-5.6038,-0.77886,0.65874,3.79223,1,-5.02909,-0.91458,0.86846,4.1594
S3150,4,-5.29181,-0.60829,0.69026,4.49747,7,-5.43051,-0.97533,0.44729,5.19481,6,-5.3667,-0.83364,0.43046,4.79824,2,-5.15134,0.11503,0.69738,3.42527,3,-5.69638,-0.64952,0.4108,3.53644
S3161_1,3,-7.69471,0.6603,0.71655,6.6718,2,-7.82867,-0.85008,0.14157,6.1789,2,-7.82867,-0.85008,0.01963,5.79621,1,-7.10753,-0.12534,0.22234,4.04617,10,-7.02315,-0.89168,0.05275,4.32223
S3161_2,1,-7.07225,-0.91579,0.50277,4.5224,1,-7.07225,-0.91579,0.27425,6.34682,1,-7.07225,-0.91579,0.03388,5.806,3,-7.55031,-0.5603,0.5467,4.08311,6,-6.92434,-0.5306,0.08235,4.38702
S3161_3,4,-7.20592,-0.62639,0.59619,5.53608,2,-8.15016,-0.67822,0.17453,6.25976,5,-7.05851,-0.28403,0.02525,5.63819,6,-7.191,-0.87036,0.41293,4.31867,9,-7.14092,-0.6578,0.05698,4.24174
S3161,7,-7.45163,-0.91269,0.78293,6.93662,3,-7.56845,-0.42008,0.23126,6.25055,1,-7.3331,-1.21031,0.06042,5.85841,2,-7.16059,-0.28797,0.28799,4.05876,1,-7.3331,-1.21031,0.2284,5.03667
S3167_1,10,-6.86246,-0.31194,0.67145,6.32864,1,-6.42562,-0.24286,0.68667,5.04836,1,-6.42562,-0.24286,0.6295,5.03119,5,-6.38513,-0.41,0.9261,5.44266,3,-7.12696,-0.23426,0.824,5.80765
S3167,10,-6.53776,0.66266,0.51205,5.51623,2,-7.71754,-0.2032,0.68155,5.47251,2,-7.71754,-0.2032,0.71891,5.47438,1,-6.66781,-0.22347,0.8438,5.35901,2,-7.71754,-0.2032,0.88825,5.86072
S3170_1,5,-8.81454,0.46175,0.40564,5.46906,1,-6.30023,-0.72877,0.46931,4.59496,2,-7.04918,-0.44657,0.16288,4.35863,6,-7.46815,-0.56849,0.2872,4.05603,5,-8.81454,0.46175,0.24147,4.64636
S3170_2,2,-8.09906,0.16359,0.312,4.79638,6,-6.84351,-0.18508,0.51189,4.8635,4,-7.89222,-0.35256,0.24358,4.61268,1,-6.93255,1.47394,0.70569,3.85417,2,-8.09906,0.16359,0.39653,4.26523
S3170_3,3,-6.54626,-0.56959,0.30668,3.8785,4,-6.70053,0.63231,0.44788,4.709,1,-6.59498,0.13599,0.34067,4.34637,8,-7.11782,0.24466,0.82749,5.2393,1,-6.59498,0.13599,0.4773,4.70704
S3170,6,-6.91873,-0.25162,0.50617,5.50239,1,-7.76439,-0.34528,0.36306,5.27347,3,-7.70012,-0.03917,0.11641,4.57626,3,-7.70012,-0.03917,0.79044,5.05225,7,-7.3709,0.52753,0.30604,4.59724
S3179_1,2,-7.827,-0.47116,0.31688,5.38997,3,-8.76739,0.89194,0.60381,5.53735,3,-8.76739,0.89194,0.38222,4.73963,2,-7.827,-0.47116,0.76087,4.78418,2,-7.827,-0.47116,0.88244,5.67134
S3179,1,-7.87978,-0.12705,0.1768,4.90645,2,-7.38181,-0.06013,0.33857,5.11989,4,-7.35223,0.15443,0.19186,4.54063,3,-7.45872,0.14211,0.77357,5.24137,2,-7.38181,-0.06013,0.5791,5.18529
S3193_1,4,-7.94922,-0.56868,0.27613,5.14117,10,-6.10379,-0.38572,0.44875,5.01585,1,-7.74451,0.46881,0.27075,4.69117,2,-7.79866,-0.33059,0.69066,5.5239,1,-7.74451,0.46881,0.85828,5.52743
S3193,2,-7.52187,-0.82113,0.21524,5.28218,8,-6.14502,-0.53259,0.26078,5.07762,1,-7.1535,-0.05213,0.2387,4.6886,2,-7.52187,-0.82113,0.59674,5.42489,2,-7.52187,-0.82113,0.74585,5.38263
S3199_1,3,-6.81485,0.48509,0.76062,5.45902,2,-5.97046,-0.58314,0.45116,4.9433,2,-5.97046,-0.58314,0.08472,4.47282,5,-6.52261,-0.88631,0.30272,3.7141,3,-6.81485,0.48509,0.41232,3.04664
S3199_2,1,-7.03325,-0.9974,0.8396,5.26803,5,-6.34001,-0.24866,0.39697,5.03367,1,-7.03325,-0.9974,0.07203,4.91309,4,-7.05127,0.54748,0.21217,2.50396,3,-6.48807,-0.43296,0.32153,3.56172
S3199_3,2,-6.97861,2.30001,0.87621,5.62941,7,-6.03341,-1.0727,0.23795,4.7059,1,-6.21274,2.09678,0.07993,4.79555,5,-6.63931,-0.92041,0.35126,3.90197,2,-6.97861,2.30001,0.61811,3.36331
S3199,3,-6.82723,-0.36246,0.79857,6.06649,2,-5.7337,0.90683,0.44693,4.90792,3,-6.82723,-0.36246,0.1055,4.98147,2,-5.7337,0.90683,0.43566,3.8413,2,-5.7337,0.90683,0.44829,2.94135
S3501,5,-7.18894,0.81868,0.26355,5.79521,2,-7.15972,0.40222,0.29189,5.25635,2,-7.15972,0.40222,0.05462,4.39879,6,-7.30266,-0.47238,0.41241,3.33608,8,-6.61413,0.11706,0.01269,3.23751
S3562_1,3,-7.31873,-0.25742,0.23665,5.38246,6,-7.80214,-0.56135,0.25983,6.12479,3,-7.31873,-0.25742,0.27282,5.75509,2,-7.32794,-0.58513,0.18766,4.8209,6,-7.80214,-0.56135,0.12844,4.88666
S3562_2,1,-7.26192,-1.1331,0.04296,3.68754,4,-6.96037,-0.70988,0.25958,5.64596,4,-6.96037,-0.70988,0.20612,5.28167,7,-7.33061,0.77325,0.24693,4.30705,8,-8.69299,-0.54566,0.21714,5.25621
S3562_3,4,-7.06197,-0.42278,0.33944,5.62777,3,-7.03659,-0.98296,0.55669,6.01687,3,-7.03659,-0.98296,0.44347,5.44696,1,-6.79162,1.13935,0.40585,6.61005,3,-7.03659,-0.98296,0.40271,5.08896
S3562,5,-7.04049,-1.24747,0.21925,4.87281,4,-7.1123,-0.75892,0.17566,6.12964,4,-7.1123,-0.75892,0.1568,5.70916,2,-7.0507,1.41811,0.1183,4.68443,9,-9.60601,3.22553,0.14672,5.293
S3635_1,4,-6.48341,-0.2036,0.70692,6.64208,6,-6.49779,0.09389,0.66133,5.16183,1,-6.55202,-0.16913,0.56957,5.31687,1,-6.55202,-0.16913,0.77558,5.41542,4,-6.48341,-0.2036,0.8549,5.47593
S3635,10,-7.23761,0.68116,0.77963,6.54833,6,-7.55204,0.06177,0.82417,5.56644,2,-7.01196,-0.12092,0.65346,5.33667,1,-6.08886,0.24455,0.71798,5.63341,3,-6.42666,-0.13107,0.85856,5.45738
S3650_1,1,-5.64573,0.22451,0.69351,4.64037,1,-5.64573,0.22451,0.7217,4.83053,3,-6.55323,-0.25388,0.3116,4.38044,2,-7.5409,0.11362,0.79253,4.93434,10,-6.17201,-0.55416,0.64321,4.48562
S3650,6,-7.74714,-0.28891,0.31148,5.10437,2,-8.3401,-0.25964,0.39145,5.47311,2,-8.3401,-0.25964,0.22803,4.82395,5,-7.46071,-0.296,0.41445,4.54283,2,-8.3401,-0.25964,0.66812,4.5745
S3656_1,1,-6.77325,0.26173,0.29408,3.68562,6,-6.40556,-0.29689,0.16484,4.4586,10,-6.62624,-0.3467,0.03767,4.41269,2,-6.97861,0.27243,0.55919,3.00969,1,-6.77325,0.26173,0.09372,2.68258
S3656,1,-6.70005,0.60662,0.18797,3.40244,1,-6.70005,0.60662,0.26553,4.76312,6,-7.34914,-0.27203,0.07168,4.72611,5,-6.51327,-0.47477,0.42509,3.20379,6,-7.34914,-0.27203,0.02992,2.9171
S3659_1,3,-8.05208,-0.39659,0.70084,6.96921,1,-9.35883,-0.36624,0.77338,5.95201,6,-7.50585,-0.21292,0.65978,5.29198,9,-9.00688,0.36598,0.56201,5.08687,4,-7.74693,-0.10591,0.87467,5.57944
S3659,8,-9.73625,-0.00473,0.62086,6.91411,10,-8.70987,-0.11144,0.76534,5.92082,1,-6.57052,-0.38319,0.54697,5.16913,1,-6.57052,-0.38319,0.87967,5.50504,2,-9.4779,-0.29894,0.95572,6.17291
S3730_1,2,-6.78422,0.09485,0.8217,4.62707,3,-5.92166,-0.26524,0.70429,4.39298,1,-6.78048,-0.16941,0.32155,4.28349,3,-5.92166,-0.26524,0.73043,3.89497,2,-6.78422,0.09485,0.76084,3.44653
S3730,1,-6.83291,-0.29216,0.79733,4.53447,4,-5.62086,-0.26883,0.57621,4.06982,3,-6.3018,-0.28904,0.24538,4.06345,2,-6.8541,-0.30347,0.62601,2.75622,4,-5.62086,-0.26883,0.81608,3.81322
S3739_1,10,-9.32996,-0.4209,0.44517,7.00616,1,-7.49949,-0.08984,0.58729,5.71801,5,-9.30949,-0.26173,0.41651,6.16706,1,-7.49949,-0.08984,0.60354,5.43587,1,-7.49949,-0.08984,0.69089,5.89076
S3739,4,-7.19918,-0.34084,0.38174,5.17056,4,-7.19918,-0.34084,0.44344,5.76803,7,-8.18387,-0.62165,0.3392,6.02118,4,-7.19918,-0.34084,0.66126,6.22653,9,-8.19495,-1.26405,0.29488,5.25298
S3758_1,6,-6.35558,-0.17071,0.20387,4.56012,3,-5.89824,-0.1631,0.43568,4.75228,2,-6.63022,-0.1556,0.17287,4.50693,1,-6.17567,1.02846,0.49664,4.48362,4,-7.68647,-0.1628,0.72936,4.68158
S3758_2,9,-6.18914,0.02569,0.59371,5.1104,3,-5.65538,-0.19837,0.5638,4.86896,3,-5.65538,-0.19837,0.50075,4.76075,5,-5.71839,-0.17258,0.32629,4.49517,3,-5.65538,-0.19837,0.44995,4.84839
S3758_3,1,-5.82721,-0.16926,0.10605,3.79512,2,-5.83072,-0.17573,0.49102,4.59867,1,-5.82721,-0.16926,0.38183,4.72546,3,-5.90823,-0.18831,0.42721,4.03068,9,-6.46501,-0.05607,0.3152,4.32987
S3758,7,-6.58227,-0.20954,0.3594,4.05942,7,-6.58227,-0.20954,0.521,5.0083,2,-5.70932,-0.19753,0.46629,4.76397,1,-6.71808,-0.15013,0.56902,4.12023,9,-5.77548,-0.20209,0.67877,4.61755
S3781_1,8,-8.64667,0.47478,0.79385,5.9947,1,-6.62014,0.46016,0.47908,4.40905,7,-7.87969,0.48953,0.83013,4.38468,6,-7.8423,0.72021,0.47035,5.28519,7,-7.87969,0.48953,0.92103,4.61794
S3781_2,9,-9.72318,0.62761,0.62246,5.64433,1,-6.7617,-0.13593,0.58966,4.55847,1,-6.7617,-0.13593,0.87638,4.22335,3,-6.72456,0.05677,0.27616,3.49667,6,-7.90646,0.06459,0.93752,4.99113
S3781_3,3,-8.36748,0.07564,0.803,6.03518,7,-6.9733,0.2565,0.47524,4.4607,9,-7.94488,0.07659,0.88749,4.43545,7,-6.9733,0.2565,0.27796,4.08716,9,-7.94488,0.07659,0.95161,4.97439
S3781,9,-7.62326,0.45499,0.46763,5.26348,8,-6.61649,0.45063,0.50232,4.30258,5,-7.89556,0.46456,0.84755,4.43729,7,-7.81903,0.62683,0.604,5.63856,5,-7.89556,0.46456,0.89277,4.59162
S3801,9,-5.96338,-1.38699,0.78575,5.74269,3,-5.26291,-0.86368,0.48329,4.72747,9,-5.96338,-1.38699,0.46886,4.84764,6,-4.9316,-0.93702,0.73136,4.68389,5,-5.35365,-0.92402,0.48977,4.6773
S3809,8,-7.60301,-0.26303,0.81632,4.15724,3,-7.74722,-0.40459,0.72833,5.3996,3,-7.74722,-0.40459,0.19811,4.6014,1,-7.47744,-0.33025,0.67603,3.67883,2,-6.96446,-0.36222,0.82188,3.79388
S3821_1,3,-6.18323,0.32887,0.31332,3.1388,9,-7.69108,-0.03143,0.38142,4.97238,3,-6.18323,0.32887,0.12951,4.38926,1,-5.46109,1.54206,0.64154,4.64203,9,-7.69108,-0.03143,0.1853,4.09795
S3821_2,5,-5.96569,0.06356,0.47054,3.21744,3,-5.74778,0.31818,0.32032,4.90991,1,-5.75577,-0.02695,0.04936,4.30457,1,-5.75577,-0.02695,0.43022,4.55922,5,-5.96569,0.06356,0.07496,3.13028
S3821_3,4,-6.15985,0.31082,0.35741,3.02447,6,-5.76951,-0.00139,0.37807,5.14964,6,-5.76951,-0.00139,0.1255,4.65397,10,-6.66644,-0.03657,0.52452,4.43632,9,-7.25312,-0.06043,0.26959,4.01843
S3821,4,-6.12409,0.38153,0.26203,3.37648,10,-5.92974,2.51293,0.32195,4.90692,10,-5.92974,2.51293,0.04089,4.1465,8,-6.26771,-0.05271,0.47242,4.55144,10,-5.92974,2.51293,0.03426,3.19862
S3835_1,1,-8.54134,0.34126,0.74581,5.97135,5,-7.89016,-0.48005,0.48576,4.64414,5,-7.89016,-0.48005,0.5748,4.50828,1,-8.54134,0.34126,0.64235,4.60114,5,-7.89016,-0.48005,0.71506,4.61235
S3835,1,-7.98322,-0.83162,0.50347,5.07156,2,-7.09292,-0.98321,0.56349,4.50492,5,-7.09095,-0.71127,0.53897,4.40987,5,-7.09095,-0.71127,0.70568,5.07794,1,-7.98322,-0.83162,0.63618,4.69345
S3854_1,2,-5.63204,-0.06262,0.39922,3.22732,1,-5.56439,-0.16735,0.35463,4.99193,6,-5.34822,0.07564,0.17878,4.55291,2,-5.63204,-0.06262,0.72673,4.73502,4,-5.54471,-0.07322,0.03349,2.82829
S3854_2,1,-5.86229,-0.01312,0.55888,3.09539,2,-5.55814,-0.08441,0.51021,5.55144,2,-5.55814,-0.08441,0.40123,5.07733,8,-6.35668,0.0193,0.45733,4.33454,3,-5.63941,-0.11575,0.35752,3.82797
S3854_3,8,-5.60997,-0.12812,0.39206,2.80953,4,-5.59747,-0.12362,0.36753,5.34428,2,-5.4916,-0.14032,0.39104,4.97673,9,-5.48159,-0.15416,0.31151,4.76107,9,-5.48159,-0.15416,0.05712,3.0329
S3854,5,-5.66159,-0.22234,0.48549,3.54331,1,-5.17199,-0.19897,0.52287,5.09823,7,-5.35529,-0.19445,0.34997,4.89186,3,-5.18071,-0.24264,0.47113,4.72085,1,-5.17199,-0.19897,0.09875,3.63474
S3861_1,10,-5.77621,0.26979,0.66225,3.95049,3,-6.2127,0.08703,0.58981,4.01079,8,-6.1187,0.18976,0.715,3.43431,10,-5.77621,0.26979,0.57405,3.87843,8,-6.1187,0.18976,0.94132,3.47402
S3861,8,-5.8873,-0.22081,0.75351,4.1291,6,-5.40227,-0.23385,0.66262,3.94928,2,-5.62683,0.13972,0.7594,3.43617,1,-6.03619,0.16399,0.57122,4.00314,6,-5.40227,-0.23385,0.95037,4.07194
S3866_1,1,-7.35334,-0.07125,0.87445,5.27262,9,-6.4503,-0.09913,0.54376,4.80817,2,-6.07694,-0.0721,0.27861,4.3144,5,-6.21463,-0.06771,0.61074,3.60221,1,-7.35334,-0.07125,0.8776,4.96406
S3866_2,1,-7.12211,-0.09409,0.91642,5.57237,1,-7.12211,-0.09409,0.51877,5.49034,5,-6.01694,-0.07929,0.18304,4.19391,1,-7.12211,-0.09409,0.60297,4.41761,1,-7.12211,-0.09409,0.95578,4.84036
S3866_3,7,-7.15454,1.14049,0.61198,4.456,2,-6.18486,-0.09762,0.36094,4.6001,2,-6.18486,-0.09762,0.30844,4.39945,5,-6.4219,-0.09846,0.7433,4.54056,3,-6.41478,-0.07313,0.74127,4.69069
S3866,1,-7.01227,-0.09496,0.90053,5.42919,4,-5.99001,-0.07974,0.5407,4.81186,4,-5.99001,-0.07974,0.46752,4.69457,2,-5.68792,-0.09372,0.6665,4.4298,1,-7.01227,-0.09496,0.87937,4.78413
S3899_1,3,-6.32138,-0.21379,0.34489,5.44407,10,-6.05963,-0.16408,0.6925,5.38923,2,-6.39526,-0.41045,0.53188,5.80173,2,-6.39526,-0.41045,0.89086,6.75648,2,-6.39526,-0.41045,0.92859,5.87697
S3899_2,2,-6.57828,-0.35565,0.53304,5.70868,1,-6.9367,0.57887,0.79113,5.74456,8,-6.54802,0.49746,0.45619,5.59913,5,-6.13138,0.46889,0.76959,6.70453,1,-6.9367,0.57887,0.8843,5.50307
S3899_3,10,-8.67615,-0.14962,0.45578,6.00661,4,-5.98007,-0.04847,0.73761,5.55183,3,-6.36634,-0.38434,0.50046,5.80567,3,-6.36634,-0.38434,0.87041,6.64219,3,-6.36634,-0.38434,0.95555,5.92339
S3899,5,-6.95913,0.47393,0.53421,5.28512,5,-6.95913,0.47393,0.64889,5.69936,4,-5.95664,-0.38367,0.59114,5.62135,10,-6.35815,-0.33265,0.69614,6.67397,5,-6.95913,0.47393,0.88158,5.55718
S3907_1,10,-5.91392,4.3151,0.50188,5.90035,3,-5.34976,4.44498,0.55104,5.76024,3,-5.34976,4.44498,0.39173,5.51807,6,-4.99517,-0.96155,0.43332,5.39916,7,-5.38615,-1.12338,0.78158,5.55183
S3907_2,5,-5.3632,-0.81704,0.24607,5.18884,1,-5.87826,-0.47483,0.51716,6.04106,2,-5.19862,-0.44953,0.67054,5.58956,3,-5.31674,-1.12146,0.59616,5.12243,5,-5.3632,-0.81704,0.87916,5.39814
S3907_3,10,-5.67092,0.28549,0.36282,5.8247,2,-5.86986,-1.16271,0.43913,6.09867,3,-5.68722,3.66447,0.56449,5.7868,1,-6.02485,4.20648,0.40698,4.73339,8,-5.48804,14.84522,0.88971,5.79244
S3907,2,-5.38272,3.13409,0.21107,5.81063,6,-5.56195,-2.29947,0.5325,5.91295,3,-5.62482,3.09854,0.59012,5.79264,10,-5.3281,-1.61889,0.58263,5.35619,8,-5.79836,5.3769,0.5059,5.99151
S3909_1,7,-7.94902,-0.54288,0.61197,5.25784,1,-7.65696,0.24562,0.46668,4.08557,1,-7.65696,0.24562,0.44447,4.03483,1,-7.65696,0.24562,0.6777,3.77571,7,-7.94902,-0.54288,0.45496,3.96221
S3909,6,-7.53345,-0.58118,0.62968,5.28983,6,-7.53345,-0.58118,0.49441,4.41018,1,-7.6848,-0.66218,0.63462,4.20178,6,-7.53345,-0.58118,0.31057,4.06988,6,-7.53345,-0.58118,0.87099,4.3598
S3921_1,10,-7.31706,0,0.23287,4.23324,5,-7.24386,0,0.73253,4.93906,5,-7.24386,0,0.53551,4.80922,6,-6.35479,0,0.91147,4.75295,1,-6.11748,0,0.87881,5.23839
S3921,1,-6.42704,0,0.58081,4.99205,5,-6.30385,0,0.77983,4.92581,5,-6.30385,0,0.43006,4.60128,7,-6.0119,0,0.83842,4.50437,1,-6.42704,0,0.80885,5.14052
S3935,5,-5.78899,-0.55334,0.47728,5.27879,4,-6.36563,-0.87845,0.3624,5.09047,4,-6.36563,-0.87845,0.10865,4.74308,2,-5.89987,-0.5951,0.54309,4.40998,4,-6.36563,-0.87845,0.11065,4.04029
S3966_1,1,-6.89814,-0.20658,0.6888,3.77847,2,-5.82822,-0.34859,0.28987,4.46607,2,-5.82822,-0.34859,0.26891,4.23728,2,-5.82822,-0.34859,0.88686,4.16832,2,-5.82822,-0.34859,0.57798,4.45638
S3966,1,-6.08387,-0.34247,0.35221,3.68705,10,-5.52929,-0.37635,0.30332,4.20596,2,-6.2864,-0.40458,0.16204,4.43146,1,-6.08387,-0.34247,0.70294,3.63899,6,-6.08814,-0.41849,0.31895,3.50657
S3970_1,3,-5.85972,-0.88726,0.04588,3.08634,3,-5.85972,-0.88726,0.45667,5.31083,2,-5.38632,-0.8637,0.56174,5.17034,1,-5.4386,-1.1601,0.5918,4.94872,3,-5.85972,-0.88726,0.41789,4.80784
S3970_2,2,-5.88716,-0.75876,0.26212,3.82451,3,-5.77024,-0.98584,0.43077,5.51258,7,-6.00009,3.61529,0.37462,5.03405,3,-5.77024,-0.98584,0.4289,4.9949,7,-6.00009,3.61529,0.56181,4.94128
S3970_3,7,-5.72234,-1.03038,0.07483,4.16976,7,-5.72234,-1.03038,0.41991,5.38428,3,-5.64018,1.43029,0.33086,5.26753,2,-5.73282,-1.17201,0.35501,4.78201,2,-5.73282,-1.17201,0.3649,4.82637
S3970,10,-5.63016,-1.07656,0.06787,3.26306,1,-5.18949,-1.01303,0.45813,5.43716,1,-5.18949,-1.01303,0.68155,5.3452,8,-5.53425,3.5663,0.61141,4.48544,3,-5.43931,3.5507,0.61483,5.15703
S3999_1,3,-6.01616,0,0.52683,4.32504,3,-6.01616,0,0.63809,4.72621,5,-6.0988,0,0.28602,4.06939,2,-6.75116,0,0.80692,4.59273,2,-6.75116,0,0.77515,4.55003
S3999,6,-6.58529,0,0.72274,4.94899,4,-5.88933,0,0.6425,4.68743,2,-5.90987,0,0.34715,4.11812,1,-6.88212,0,0.62328,4.03839,4,-5.88933,0,0.7576,4.21698
S4002_1,1,-7.76374,-0.80686,0.19024,5.36518,5,-8.35491,-0.40183,0.38489,5.42831,1,-7.76374,-0.80686,0.06173,5.52249,2,-7.77845,-0.54548,0.41293,3.98168,4,-8.56622,-0.50928,0.04566,4.09249
S4002,8,-9.10648,-0.41047,0.24082,5.59473,7,-7.7004,-0.17982,0.26177,5.71986,7,-7.7004,-0.17982,0.08097,5.24324,5,-9.6451,-0.58054,0.33384,4.20698,6,-9.27764,-0.62972,0.02852,4.57172
S4028_1,9,-6.77579,-0.15788,0.37325,5.37317,9,-6.77579,-0.15788,0.74311,5.41608,9,-6.77579,-0.15788,0.46712,4.89671,6,-9.6664,-0.30867,0.6113,6.37933,9,-6.77579,-0.15788,0.72326,4.82011
S4028_2,9,-8.21896,0.41023,0.3563,5.43468,3,-9.20003,0.66808,0.79182,5.88091,3,-9.20003,0.66808,0.5075,5.41119,3,-9.20003,0.66808,0.62426,6.70974,3,-9.20003,0.66808,0.67285,5.23165
S4028_3,1,-7.18567,0.01651,0.41589,4.6338,4,-9.55408,0.44476,0.79026,5.93672,1,-7.18567,0.01651,0.52881,5.33025,3,-9.64548,-0.30952,0.75623,6.54768,1,-7.18567,0.01651,0.83797,5.18655
S4028,8,-7.1948,0.71574,0.21062,5.39467,6,-9.69563,0.62446,0.73102,5.78953,4,-9.14281,0.82769,0.29907,5.37282,4,-9.14281,0.82769,0.33673,6.0638,2,-6.86865,-0.1132,0.63179,4.82073
S4040_1,10,-6.20013,-0.17669,0.30637,5.20862,8,-5.8426,-0.17697,0.62334,4.85264,9,-6.35162,-0.17673,0.32532,4.8852,3,-5.96744,-0.1768,0.70143,4.92679,1,-5.83059,-0.1767,0.6894,4.99809
S4040,2,-6.37749,-0.17468,0.38282,5.55291,6,-6.2263,-0.17429,0.77659,5.16473,6,-6.2263,-0.17429,0.57531,4.94249,6,-6.2263,-0.17429,0.83959,4.8213,6,-6.2263,-0.17429,0.84466,5.07712
S4042_1,9,-7.7428,-0.00391,0.26771,5.30158,1,-9.68518,-0.38007,0.44769,5.76809,2,-9.75333,-0.24342,0.24901,5.15472,1,-9.68518,-0.38007,0.36666,4.26805,1,-9.68518,-0.38007,0.72563,5.63423
S4042,1,-6.64379,-1.0771,0.57593,5.31449,1,-6.64379,-1.0771,0.39484,5.3448,1,-6.64379,-1.0771,0.11687,4.73199,1,-6.64379,-1.0771,0.72531,4.96504,1,-6.64379,-1.0771,0.36067,5.44131
S4050_1,1,-6.50902,-1.49497,0.40383,5.2462,10,-6.64664,-0.09268,0.16743,4.52318,2,-7.96214,-1.10861,0.15158,5.03583,3,-7.72931,-0.73215,0.55937,4.14715,2,-7.96214,-1.10861,0.30225,5.27471
S4050_2,1,-7.96672,-1.04409,0.58462,6.72886,3,-6.72285,1.18549,0.35816,5.17862,3,-6.72285,1.18549,0.13829,4.77057,8,-7.62993,-0.99191,0.45703,3.76786,7,-7.01487,-0.7429,0.50123,4.92748
S4050_3,7,-6.9423,-0.57519,0.27002,5.08743,1,-7.2276,-0.93333,0.27772,4.81657,1,-7.2276,-0.93333,0.13942,4.67561,8,-6.77531,-0.46171,0.52026,4.49956,2,-6.66025,-0.56487,0.31213,4.39688
S4050,1,-6.4874,-1.27506,0.28308,4.73171,1,-6.4874,-1.27506,0.19748,4.84513,1,-6.4874,-1.27506,0.1332,4.65304,2,-6.30471,-0.74406,0.78874,4.59666,3,-7.0056,-0.04337,0.11189,4.58046
S4054_1,2,-6.83878,0.08381,0.52852,6.87693,9,-6.93889,-0.44839,0.63928,5.83056,2,-6.83878,0.08381,0.60108,5.5098,7,-6.23232,-0.2576,0.74004,6.21561,1,-6.55732,-0.35481,0.87537,6.32853
S4054,3,-6.74756,-0.57568,0.59098,7.31335,3,-6.74756,-0.57568,0.6245,5.92482,1,-6.43762,4.17419,0.53583,5.54327,1,-6.43762,4.17419,0.87641,6.13122,3,-6.74756,-0.57568,0.89824,6.31948
S4071_1,1,-6.21603,-0.22176,0.34539,3.92782,6,-6.06555,-0.26715,0.62575,5.21224,6,-6.06555,-0.26715,0.47156,4.5488,2,-5.78542,-0.37834,0.40076,4.81148,1,-6.21603,-0.22176,0.7541,4.06694
S4071,7,-5.83858,-0.3515,0.43581,4.1968,2,-5.82865,-0.31174,0.46729,5.12287,1,-5.87121,-0.29359,0.30111,4.49245,7,-5.83858,-0.3515,0.50106,4.76843,10,-6.99613,1.45381,0.65551,3.90955
S4088_1,6,-7.01074,0.84118,0.40875,5.07262,4,-7.99587,0.09215,0.81959,5.83901,3,-7.50032,-0.21865,0.52733,5.04779,1,-9.14673,0.15081,0.85724,6.12756,1,-9.14673,0.15081,0.83789,6.04658
S4088,3,-7.28025,1.20337,0.64333,6.2981,10,-8.48951,0.43639,0.86223,5.84685,10,-8.48951,0.43639,0.8336,5.5554,1,-6.3495,0.55734,0.92941,6.04819,10,-8.48951,0.43639,0.93972,5.98078
S4089_1,9,-6.88877,-0.19778,0.54837,6.81431,4,-7.09517,0.35414,0.81264,6.14652,7,-6.2995,0.25428,0.59088,5.57734,1,-5.92557,0.7798,0.85535,5.53851,9,-6.88877,-0.19778,0.67039,5.15727
S4089,7,-7.23549,3.33217,0.49915,7.36916,4,-6.18041,-0.31218,0.82449,5.7943,1,-6.47168,0.00436,0.89629,5.7794,2,-6.07114,3.20338,0.7987,6.057,1,-6.47168,0.00436,0.51246,5.41931
S4090_1,6,-6.03685,-0.28715,0.32272,4.53432,5,-5.69055,-0.3103,0.47259,4.43257,8,-6.40489,-0.31068,0.08884,4.11035,1,-5.683,-0.21608,0.53076,4.05935,2,-6.31454,-0.37393,0.08134,3.35432
S4090_2,7,-7.12581,-0.10749,0.10817,3.92912,1,-5.90174,-0.34145,0.66306,4.32007,1,-5.90174,-0.34145,0.29387,4.04571,9,-5.93474,-0.37424,0.53332,3.53853,7,-7.12581,-0.10749,0.44186,4.17852
S4090,6,-5.6783,-0.63068,0.16271,3.34139,1,-6.05341,-0.53638,0.6882,4.39034,1,-6.05341,-0.53638,0.17738,4.08592,4,-6.28115,-0.26524,0.54489,3.86628,5,-6.46045,-0.34052,0.40843,4.07856
S4094_1,7,-4.9842,-0.15962,0.44075,3.3126,3,-4.75031,-0.16394,0.72724,4.19179,3,-4.75031,-0.16394,0.67159,4.25533,6,-4.93624,-0.15671,0.74405,3.04804,1,-5.08493,-0.1513,0.60375,3.52222
S4094_2,9,-5.68907,-0.17766,0.43542,3.78934,5,-4.66999,-0.18549,0.53657,3.89173,7,-5.5565,-0.17884,0.2483,4.26243,7,-5.5565,-0.17884,0.85483,2.82215,2,-6.09836,-0.1775,0.54908,3.19932
S4094_3,8,-4.97453,-0.16197,0.37322,3.95699,1,-4.76706,-0.17727,0.46454,4.13771,1,-4.76706,-0.17727,0.60323,4.28424,1,-4.76706,-0.17727,0.71231,3.16332,1,-4.76706,-0.17727,0.42887,3.95588
S4094,1,-5.75209,-0.15475,0.22762,3.71144,2,-6.2301,-0.15726,0.56595,4.24114,2,-6.2301,-0.15726,0.25335,4.13143,1,-5.75209,-0.15475,0.89452,3.11742,3,-6.21436,-0.15772,0.8137,3.49683
S4095_1,3,-7.12534,0.12943,0.70476,6.68915,1,-6.27175,-0.65912,0.75701,6.04935,1,-6.27175,-0.65912,0.56552,5.53856,1,-6.27175,-0.65912,0.64394,6.23409,3,-7.12534,0.12943,0.89942,5.72705
S4095,8,-8.28847,0.49165,0.94264,7.94147,3,-6.88057,-0.98894,0.82123,6.04228,5,-6.93196,0.70479,0.73629,5.74178,4,-6.92904,1.39563,0.70883,6.06542,1,-7.2055,-0.602,0.89126,5.78687
S4097_1,4,-7.60989,0.43383,0.54851,5.76999,3,-6.48579,0.21562,0.65871,5.20387,2,-6.68799,1.14467,0.57555,5.2223,1,-6.43295,0.06704,0.73239,5.46408,1,-6.43295,0.06704,0.80316,5.68225
S4097,5,-6.96005,-0.09075,0.5181,6.03158,1,-6.33562,0.28949,0.64362,5.38847,1,-6.33562,0.28949,0.78219,5.35355,3,-7.28566,-0.10153,0.70021,4.83705,1,-6.33562,0.28949,0.88807,5.81161
S4098_1,3,-6.64058,-0.38255,0.47287,6.21459,1,-6.33824,-0.26757,0.8138,5.72248,1,-6.33824,-0.26757,0.76201,5.39447,1,-6.33824,-0.26757,0.75702,5.5901,1,-6.33824,-0.26757,0.93752,5.92798
S4098,10,-7.19708,-0.27968,0.40097,5.72494,2,-6.16708,-0.43702,0.77778,5.41038,7,-6.79376,-0.37174,0.53344,5.25107,9,-6.33008,-0.01138,0.71529,6.10906,1,-6.57198,-0.30849,0.71424,6.00477
S4101_1,2,-6.91598,-0.2548,0.67782,3.81227,1,-6.23316,-0.42333,0.83643,3.93704,1,-6.23316,-0.42333,0.76035,3.93977,2,-6.91598,-0.2548,0.69375,4.51184,1,-6.23316,-0.42333,0.53559,3.40627
S4101_2,2,-6.53058,-0.07161,0.35904,3.94913,3,-6.06148,-0.58403,0.29147,3.78364,3,-6.06148,-0.58403,0.11271,3.63514,10,-6.22257,-0.42613,0.40264,3.16413,3,-6.06148,-0.58403,0.07875,3.66707
S4101_3,1,-6.83349,0.71023,0.78594,4.36181,1,-6.83349,0.71023,0.53415,4.31263,1,-6.83349,0.71023,0.21974,4.11106,1,-6.83349,0.71023,0.78464,4.59662,1,-6.83349,0.71023,0.09506,3.76003
S4101,7,-6.32027,0.01264,0.15611,2.6553,8,-6.84358,-0.345,0.31599,3.67308,8,-6.84358,-0.345,0.32691,3.84235,3,-5.88596,-0.50102,0.86019,3.14104,8,-6.84358,-0.345,0.05118,4.09688
S4120_1,2,-6.98075,-0.46406,0.45235,6.41812,6,-7.00098,-0.52291,0.16543,5.89905,9,-6.62504,0.37885,0.02734,5.28288,1,-6.31215,-0.46547,0.22135,3.42255,3,-6.15924,-0.40536,0.06,4.30224
S4120_2,8,-7.0002,-0.30906,0.66695,5.97898,1,-6.25095,-1.07297,0.21983,5.7921,8,-7.0002,-0.30906,0.04603,5.68466,5,-6.46023,-0.35727,0.4022,3.45601,1,-6.25095,-1.07297,0.81968,5.31451
S4120_3,7,-7.37161,0.21205,0.49042,6.39456,1,-6.43292,-1.05271,0.26308,5.81429,1,-6.43292,-1.05271,0.06704,5.54002,6,-7.41147,-0.30796,0.25489,2.93281,1,-6.43292,-1.05271,0.59436,5.12164
S4120,5,-7.14264,-0.88129,0.48879,5.72298,2,-6.18163,-1.07918,0.15271,5.60869,5,-7.14264,-0.88129,0.05124,5.44159,7,-6.92919,-0.58685,0.26933,3.33198,1,-6.1134,-1.30367,0.26862,4.723
S4123_1,4,-6.80505,-0.53746,0.76836,4.29706,3,-5.46668,-0.69122,0.09778,4.19431,5,-6.14632,-0.17699,0.0605,4.74693,5,-6.14632,-0.17699,0.609,3.25545,4,-6.80505,-0.53746,0.12023,4.07721
S4123,2,-6.79437,-0.35661,0.7568,4.41115,5,-5.3093,-0.99457,0.1472,4.5022,7,-5.3767,-0.75389,0.0638,4.44935,9,-5.62355,-0.55039,0.49436,3.59386,3,-5.47663,-0.72543,0.07191,3.98106
S4128_1,2,-5.76994,-0.08527,0.51384,3.28965,2,-5.76994,-0.08527,0.47999,4.63731,2,-5.76994,-0.08527,0.25108,4.36402,7,-5.46537,-0.34105,0.34248,3.57787,2,-5.76994,-0.08527,0.27454,3.19978
S4128,8,-5.5389,-0.32793,0.33377,3.62386,1,-5.48525,-0.42549,0.35532,4.41295,8,-5.5389,-0.32793,0.14083,4.34678,2,-5.63627,-0.26488,0.46778,3.953,2,-5.63627,-0.26488,0.16285,3.29859
S4135_1,2,-4.52828,-0.41057,0.45775,3.61371,5,-4.84882,-0.3687,0.51114,4.47147,8,-5.29595,-0.26065,0.28431,4.14517,3,-4.74589,0.14266,0.78472,3.07865,4,-5.18203,-0.15327,0.27245,3.02181
S4135,5,-5.15701,-0.53411,0.40692,3.82497,6,-5.31798,-0.36343,0.52303,4.26899,1,-4.69823,-0.26142,0.35042,3.90804,7,-5.98543,-0.23952,0.56699,3.27741,6,-5.31798,-0.36343,0.34036,3.05535
S4144_1,2,-5.61051,-0.30514,0.52015,4.55807,2,-5.61051,-0.30514,0.36445,5.20085,3,-5.20316,0.11238,0.06037,4.51025,7,-5.646,0.41185,0.71173,4.70364,2,-5.61051,-0.30514,0.34456,3.51144
S4144,5,-6.13814,-0.55539,0.20135,3.67295,2,-5.50461,-0.48676,0.30607,4.7183,3,-6.04164,-0.33788,0.09486,4.74593,10,-5.16127,-0.51428,0.74734,3.90778,7,-6.18375,-0.23656,0.03006,3.11807
S4148_1,6,-6.91873,-0.25162,0.50617,5.50239,1,-7.76439,-0.34528,0.36306,5.27347,3,-7.70012,-0.03917,0.11641,4.57626,3,-7.70012,-0.03917,0.79044,5.05225,7,-7.3709,0.52753,0.30604,4.59724
S4148_2,3,-6.54626,-0.56959,0.30668,3.8785,4,-6.70053,0.63231,0.44788,4.709,1,-6.59498,0.13599,0.34067,4.34637,8,-7.11782,0.24466,0.82749,5.2393,1,-6.59498,0.13599,0.4773,4.70704
S4148_3,2,-8.09906,0.16359,0.312,4.79638,6,-6.84351,-0.18508,0.51189,4.8635,4,-7.89222,-0.35256,0.24358,4.61268,1,-6.93255,1.47394,0.70569,3.85417,2,-8.09906,0.16359,0.39653,4.26523
S4148,5,-8.81454,0.46175,0.40564,5.46906,1,-6.30023,-0.72877,0.46931,4.59496,2,-7.04918,-0.44657,0.16288,4.35863,6,-7.46815,-0.56849,0.2872,4.05603,5,-8.81454,0.46175,0.24147,4.64636
S4192_1,2,-5.58344,0,0.47658,4.41626,6,-5.05274,0,0.73698,4.89296,6,-5.05274,0,0.52285,4.64693,5,-5.79436,0,0.84135,4.01676,2,-5.58344,0,0.59292,3.12279
S4192,1,-5.90216,0,0.8977,3.8176,1,-5.90216,0,0.81932,5.64281,1,-5.90216,0,0.5094,4.90679,1,-5.90216,0,0.8815,3.56224,1,-5.90216,0,0.82882,3.29102
S4202_1,8,-6.64736,-0.74973,0.53476,4.95861,1,-7.30827,-0.74872,0.27703,5.95541,1,-7.30827,-0.74872,0.03038,5.73821,10,-6.24581,-1.14984,0.0503,3.82035,5,-7.35614,-0.4299,0.08654,4.98491
S4202_2,1,-6.47085,-0.14404,0.24131,4.31044,6,-6.86341,-1.20287,0.246,6.13705,2,-6.76702,-1.3118,0.0382,5.40068,1,-6.47085,-0.14404,0.04642,3.94069,1,-6.47085,-0.14404,0.13352,4.99466
S4202_3,9,-7.7187,-0.92879,0.28396,5.05304,1,-7.35054,-0.55803,0.3394,6.11939,1,-7.35054,-0.55803,0.10378,5.82067,10,-7.17383,-0.79165,0.02748,2.9586,3,-7.51718,-0.24075,0.05293,5.08821
S4202,4,-7.36249,-0.8221,0.20154,4.83792,2,-6.78322,-0.95717,0.1922,5.79319,1,-6.42683,-1.39987,0.04178,5.81683,3,-6.53188,-0.86897,0.063,4.16632,1,-6.42683,-1.39987,0.0185,4.82359
S4203_1,6,-7.52857,-0.47886,0.29098,3.59656,2,-6.15878,-0.42862,0.29346,4.37907,2,-6.15878,-0.42862,0.22466,4.3494,1,-6.75846,-0.51155,0.53366,3.14438,10,-6.48875,0.65148,0.12924,3.59547
S4203_2,1,-7.67043,0.29465,0.76358,5.38749,6,-6.5811,-0.51696,0.17365,4.37925,3,-7.3554,-0.52672,0.13859,4.28631,10,-6.3258,-0.06034,0.74711,3.51562,1,-7.67043,0.29465,0.28522,3.68945
S4203_3,5,-6.0759,-0.30535,0.54046,4.53979,1,-6.2721,-0.48876,0.47586,4.35493,1,-6.2721,-0.48876,0.11179,4.06061,5,-6.0759,-0.30535,0.55882,3.9097,1,-6.2721,-0.48876,0.15537,3.04204
S4203,3,-8.04338,0.11448,0.56474,4.62593,1,-6.75987,-0.49049,0.32693,4.52307,4,-7.73628,-0.54724,0.35963,4.53382,6,-6.33639,-0.51644,0.81539,3.75917,1,-6.75987,-0.49049,0.25051,3.59205
S4226_1,1,-6.72141,-0.70766,0.1739,3.90916,6,-6.92296,-0.22207,0.75409,5.33031,2,-6.84875,-0.29709,0.45832,5.05713,3,-5.25953,2.27102,0.90495,5.78882,1,-6.72141,-0.70766,0.67592,5.26259
S4226_2,3,-6.31562,-0.74604,0.239,3.40862,5,-6.57936,1.8807,0.7795,5.29505,5,-6.57936,1.8807,0.37157,4.56601,2,-6.83006,-0.54367,0.65336,5.37811,5,-6.57936,1.8807,0.80414,4.85402
S4226_3,9,-10.47021,-0.03615,0.15303,5.2042,5,-6.46537,1.74093,0.78208,5.32322,2,-6.48515,-0.33519,0.41736,4.58415,2,-6.48515,-0.33519,0.80147,5.41178,1,-6.67401,-0.24326,0.24229,4.46392
S4226_4,5,-6.76448,1.80229,0.30022,4.64011,9,-6.8856,2.77749,0.7186,5.47916,6,-6.55309,0.31099,0.43981,4.76197,1,-6.35575,0.82139,0.36428,5.16105,4,-9.9489,2.10102,0.38559,6.03827
S4226_5,1,-7.17018,-0.3226,0.11789,4.69941,3,-6.53914,-0.21603,0.77133,5.23233,1,-7.17018,-0.3226,0.38994,4.84004,7,-7.40784,-0.02608,0.3815,5.45809,1,-7.17018,-0.3226,0.73814,5.18482
S4226,8,-5.80961,2.46806,0.3527,3.7367,2,-6.48711,-0.75392,0.81718,5.18839,2,-6.48711,-0.75392,0.5236,4.71299,1,-6.34107,-0.6772,0.59145,5.47507,2,-6.48711,-0.75392,0.85492,4.68448
S4228_1,10,-7.85576,-0.05787,0.6299,6.82703,1,-6.45756,0.10288,0.82346,5.72352,1,-6.45756,0.10288,0.6743,5.37013,1,-6.45756,0.10288,0.8322,5.53974,1,-6.45756,0.10288,0.79808,5.74614
S4228,4,-6.63048,-0.4482,0.5359,6.16578,6,-6.38252,-0.41106,0.79339,5.36464,2,-6.82834,-0.13665,0.56244,5.38389,1,-5.97774,-0.35766,0.85362,5.60708,2,-6.82834,-0.13665,0.739,5.85426
S4243_1,1,-6.50214,0.64378,0.56944,5.87357,3,-6.98592,-0.30802,0.57616,5.65446,2,-6.41509,0.31999,0.61545,5.42561,1,-6.50214,0.64378,0.66398,5.86742,1,-6.50214,0.64378,0.90874,5.57121
S4243,6,-6.84338,-0.18928,0.6519,6.80852,1,-7.5884,0.529,0.68946,5.74071,1,-7.5884,0.529,0.75115,5.57862,6,-6.84338,-0.18928,0.7315,5.44686,1,-7.5884,0.529,0.93864,6.11127
S4253_1,1,-6.89237,0,0.41898,4.35591,1,-6.89237,0,0.47957,5.10255,3,-6.47871,0,0.20343,4.44718,4,-7.3525,0,0.79434,4.35308,1,-6.89237,0,0.15349,3.63789
S4253_2,3,-7.83332,0,0.61065,3.94204,5,-7.9829,0,0.46877,4.95856,9,-6.00942,0,0.18021,4.23267,1,-6.0743,0,0.64897,3.67396,2,-7.57121,0,0.45891,4.20983
S4253_3,1,-7.50282,0,0.57829,4.37826,2,-6.1647,0,0.38615,4.81235,2,-6.1647,0,0.26172,4.36287,8,-6.90262,0,0.67354,3.62177,1,-7.50282,0,0.19809,3.50715
S4253,2,-7.72606,0,0.56002,4.12101,3,-5.97034,0,0.46981,4.49307,3,-5.97034,0,0.45088,4.27542,2,-7.72606,0,0.69841,4.29269,3,-5.97034,0,0.31704,3.34175
S4332_1,5,-6.44809,-0.45839,0.49247,5.64027,7,-6.65145,-0.08375,0.72878,5.2217,1,-6.87629,-0.0151,0.43017,5.2287,5,-6.44809,-0.45839,0.59126,5.23172,6,-6.65076,0.05519,0.79128,5.39902
S4332,9,-6.92855,-0.19191,0.46868,5.72201,6,-6.39439,-0.04304,0.70522,5.16142,2,-6.33114,-0.15926,0.5454,5.15966,1,-6.54219,-0.1889,0.65979,5.1303,1,-6.54219,-0.1889,0.85939,5.68279
S4344_1,6,-6.08009,-0.83445,0.67307,4.55842,3,-5.36333,-1.21407,0.32379,4.60711,9,-6.31937,-0.60672,0.10428,4.53515,6,-6.08009,-0.83445,0.56965,2.95024,1,-5.36665,-0.69287,0.15436,3.04107
S4344,7,-5.91496,-0.83206,0.47619,4.33062,1,-4.90995,-0.8602,0.45007,4.43738,4,-5.22048,-0.62153,0.08455,4.07517,2,-5.02674,-0.85173,0.47884,3.12299,1,-4.90995,-0.8602,0.07194,2.95204
S4351_1,1,-6.99852,-0.42719,0.17799,3.47402,2,-6.55867,-0.44711,0.36337,4.49605,9,-6.8428,-0.57698,0.13225,4.6915,1,-6.99852,-0.42719,0.51979,4.04253,1,-6.99852,-0.42719,0.12486,3.74186
S4351_2,4,-6.59558,-1.65611,0.22692,5.68871,3,-7.79779,-0.60467,0.31623,4.7813,8,-6.47995,-0.59945,0.10448,4.3485,7,-6.62429,-0.65585,0.51725,4.28908,3,-7.79779,-0.60467,0.05094,3.53425
S4351_3,4,-6.93881,-1.4434,0.25596,5.27926,2,-6.86645,-0.56168,0.44299,4.67245,1,-6.40462,-0.72065,0.0985,4.06832,3,-6.38134,-0.74037,0.38908,3.73429,2,-6.86645,-0.56168,0.09227,3.42848
S4351,8,-6.41308,-1.13813,0.21957,4.73497,2,-6.84542,-0.41137,0.42261,4.85726,2,-6.84542,-0.41137,0.17431,4.54942,7,-6.34078,-0.48821,0.5684,4.09468,2,-6.84542,-0.41137,0.04215,3.44347
S4361_1,5,-6.69823,-0.44697,0.28605,3.41986,1,-6.50156,-0.44564,0.74936,4.84908,2,-6.59767,-0.38197,0.6035,4.33301,1,-6.50156,-0.44564,0.97118,5.53092,9,-6.71174,-0.26017,0.40773,3.56191
S4361,1,-6.14227,-0.29166,0.5884,3.9809,1,-6.14227,-0.29166,0.51343,4.79887,7,-6.00709,-0.27431,0.4578,4.10499,2,-6.47596,-0.03741,0.70097,4.15134,1,-6.14227,-0.29166,0.44783,3.1101
S4368_1,1,-5.89519,1.87884,0.59114,7.00415,4,-6.92542,-0.37713,0.68263,6.03329,9,-6.9423,-0.32367,0.36362,5.72123,1,-5.89519,1.87884,0.84309,7.29677,1,-5.89519,1.87884,0.91573,5.84523
S4368,4,-6.68485,-0.57076,0.25692,6.13746,5,-6.69479,-0.66716,0.73253,5.84737,5,-6.69479,-0.66716,0.75856,5.90875,1,-6.56209,0.68323,0.81749,6.90749,5,-6.69479,-0.66716,0.96449,5.72301
S4373_1,9,-5.75916,-0.85153,0.40947,5.6868,2,-5.38064,-0.7302,0.26457,5.17138,7,-6.24388,-0.70371,0.06099,5.20151,1,-6.2024,-0.84713,0.24509,2.89694,4,-5.29799,-0.57978,0.14041,4.8847
S4373,4,-6.21713,-0.30671,0.57834,6.09381,1,-5.26163,-0.71316,0.32938,4.85235,8,-5.6715,-0.83188,0.07882,4.84127,7,-5.26044,-0.01984,0.2926,3.49554,6,-5.32549,-0.75456,0.04327,4.19256
S4423_1,8,-7.72361,2.67297,0.50817,7.35914,1,-7.58016,-1.36509,0.72033,6.77131,1,-7.58016,-1.36509,0.32428,6.43197,2,-7.94657,3.90971,0.7346,6.86157,4,-7.55421,0.64046,0.2605,6.07036
S4423_2,1,-8.58293,-0.84638,0.46378,7.36725,1,-8.58293,-0.84638,0.64834,7.5439,3,-8.24554,0.73369,0.19969,6.38927,1,-8.58293,-0.84638,0.43272,6.60541,4,-7.59121,0.60606,0.21287,6.43149
S4423_3,1,-7.55825,-2.19053,0.60912,7.19049,1,-7.55825,-2.19053,0.67493,6.90471,1,-7.55825,-2.19053,0.32248,6.51201,5,-8.18715,2.12416,0.30973,6.09429,1,-7.55825,-2.19053,0.21181,6.24736
S4423,5,-7.80469,-0.39022,0.45979,7.53717,2,-7.54839,-1.36904,0.68562,6.74602,2,-7.54839,-1.36904,0.18985,6.32094,3,-7.93652,0.08711,0.50175,6.31545,5,-7.80469,-0.39022,0.17016,6.91703
S4429_1,8,-8.9837,0.87315,0.33328,5.38568,7,-7.21381,-0.15395,0.36542,6.02344,5,-7.40292,-1.55237,0.12415,5.79746,10,-6.90343,-0.49175,0.24147,5.78268,4,-8.59297,0.78329,0.62784,5.89298
S4429_2,9,-7.12222,-0.73432,0.20574,4.97343,2,-7.13237,-0.63894,0.3771,5.83847,6,-7.37512,-0.40402,0.14722,5.40265,4,-7.23234,-0.61188,0.51123,6.18299,6,-7.37512,-0.40402,0.03596,4.85457
S4429_3,6,-9.68294,0.0627,0.12766,5.25052,2,-7.30174,-0.52674,0.4146,5.7298,2,-7.30174,-0.52674,0.16771,5.48674,2,-7.30174,-0.52674,0.60498,6.31576,2,-7.30174,-0.52674,0.04956,4.81276
S4429,8,-7.32969,0.06616,0.17377,4.47967,1,-6.97834,-0.35578,0.4603,5.58798,1,-6.97834,-0.35578,0.18062,5.401,3,-7.05673,-0.99333,0.59693,6.58271,10,-7.05684,-0.4201,0.07,5.17707
S4496_1,1,-6.94458,-0.41842,0.77427,3.91469,3,-7.6658,-1.0433,0.41567,4.18228,3,-7.6658,-1.0433,0.60568,4.33529,1,-6.94458,-0.41842,0.33371,3.39938,1,-6.94458,-0.41842,0.9197,4.27412
S4496,10,-7.43577,0.01802,0.75413,4.35837,5,-6.58931,-0.80811,0.30371,3.80316,1,-7.20521,-0.61188,0.47189,4.11647,4,-6.38598,-0.88575,0.20811,2.68776,1,-7.20521,-0.61188,0.45344,3.66935
S4507_1,2,-6.29795,-0.1947,0.63082,6.5386,4,-6.41001,0.64796,0.77583,5.11054,3,-6.6105,-0.25449,0.46693,5.04621,7,-6.39872,0.28983,0.72844,5.48347,2,-6.29795,-0.1947,0.88163,5.57759
S4507,2,-7.68533,-0.12113,0.58801,5.91558,5,-6.87997,0.19531,0.71401,5.24057,1,-6.72794,0.02556,0.61474,5.22278,1,-6.72794,0.02556,0.70155,4.98285,2,-7.68533,-0.12113,0.79237,5.17471
S4528,9,-5.93185,-0.27322,0.8164,3.87857,8,-5.90727,-0.27787,0.64128,4.2961,8,-5.90727,-0.27787,0.54744,3.82092,4,-7.47895,-0.21531,0.85666,3.27016,8,-5.90727,-0.27787,0.50042,3.09505
S4536_1,5,-6.99055,0.13259,0.8804,3.43074,4,-5.71763,-0.27814,0.47736,4.25605,1,-7.47325,-0.28004,0.4479,4.38517,2,-7.94229,-0.2444,0.89657,3.39706,5,-6.99055,0.13259,0.58544,3.60805
S4536,3,-7.61075,-0.18942,0.75566,3.89271,4,-5.97301,0.33786,0.60011,4.40527,1,-5.80859,-0.29975,0.69111,4.1995,3,-7.61075,-0.18942,0.8695,3.8274,1,-5.80859,-0.29975,0.5815,4.40366
S4543_1,6,-5.61971,0.27261,0.75698,4.15478,5,-5.40345,-0.12779,0.19364,4.02368,5,-5.40345,-0.12779,0.05767,4.1326,3,-5.9198,-0.33052,0.22407,2.68966,7,-5.71467,0.49495,0.25418,3.26396
S4543_2,8,-5.39273,0.1141,0.34866,3.65862,5,-5.00481,0.03232,0.42098,4.16261,1,-5.53134,-0.35359,0.06998,4.12554,6,-5.07217,-0.29945,0.17514,2.80724,8,-5.39273,0.1141,0.19729,3.21716
S4543,4,-5.53965,0.31558,0.4371,4.20314,2,-5.35076,-0.19165,0.34104,4.20332,7,-5.31252,-0.20793,0.22122,4.50416,8,-4.91022,0.21109,0.27677,2.82372,2,-5.35076,-0.19165,0.14321,2.73887
S4566_1,3,-5.11996,-0.41379,0.67533,3.64043,3,-5.11996,-0.41379,0.71614,4.17321,3,-5.11996,-0.41379,0.48579,4.07108,7,-4.96976,1.25972,0.89626,3.4966,6,-4.81804,-0.28091,0.45709,3.78902
S4566,2,-4.77195,-0.35462,0.34091,3.07057,2,-4.77195,-0.35462,0.59873,3.92057,6,-4.56837,-0.7363,0.35138,3.87715,8,-5.06336,-0.36271,0.75994,3.64951,1,-5.08878,-0.13429,0.67932,3.59747
S4593_1,10,-6.86857,-0.61913,0.43673,5.98911,5,-6.38917,-0.30482,0.69364,5.57797,3,-6.92362,-0.78771,0.60751,5.50684,1,-6.29138,1.46832,0.82706,5.97275,1,-6.29138,1.46832,0.85033,6.02078
S4593,8,-7.20718,-0.27033,0.39218,6.11282,5,-6.01385,1.01311,0.715,5.322,1,-6.34364,-0.19505,0.74476,5.57775,1,-6.34364,-0.19505,0.87494,5.85451,1,-6.34364,-0.19505,0.91032,6.23087
S4594_1,5,-5.83322,-0.7728,0.10507,3.7789,9,-6.06623,-0.81056,0.40183,4.96609,5,-5.83322,-0.7728,0.38584,4.40033,3,-6.60874,0.373,0.83285,5.14215,1,-6.20346,-0.84798,0.79785,5.15835
S4594,5,-7.53125,-0.86707,0.298,5.08785,1,-7.27627,-0.7759,0.34007,5.17632,8,-6.07631,-0.58326,0.2805,4.48814,8,-6.07631,-0.58326,0.62123,5.5165,1,-7.27627,-0.7759,0.41085,4.94634
S4604_1,10,-6.7883,0.80191,0.36542,6.49207,1,-6.89066,-0.60319,0.27505,5.34036,1,-6.89066,-0.60319,0.16102,4.91748,4,-7.20475,-0.61018,0.46116,4.84,5,-6.99266,1.03745,0.15647,3.56825
S4604_2,1,-7.17838,-0.33973,0.33979,6.6358,3,-6.96912,-0.85282,0.542,5.40492,4,-7.01868,-0.35436,0.44955,5.06081,2,-7.25394,0.72076,0.77166,5.43652,2,-7.25394,0.72076,0.30426,4.13591
S4604_3,4,-7.45021,-0.43291,0.40922,6.32612,4,-7.45021,-0.43291,0.47067,5.47873,3,-6.86111,-0.43738,0.36476,5.02095,5,-7.32078,-0.3924,0.68271,5.23928,9,-6.55897,-0.52275,0.26318,3.89857
S4604_4,1,-7.32086,-0.28005,0.42218,6.44794,3,-6.26519,-0.32321,0.49217,5.49433,3,-6.26519,-0.32321,0.77504,5.49291,8,-5.86785,-0.02908,0.65685,5.72043,3,-6.26519,-0.32321,0.45922,5.23467
S4604_5,4,-7.06211,0.03268,0.42217,6.37961,3,-6.24832,-0.48158,0.45901,5.62409,2,-6.83768,-0.15452,0.35969,5.05905,2,-6.83768,-0.15452,0.6262,5.31143,3,-6.24832,-0.48158,0.31339,5.09668
S4604_6,4,-7.38596,-0.09607,0.52412,6.53989,2,-6.26125,-0.18106,0.62471,5.51635,2,-6.26125,-0.18106,0.85093,5.57293,3,-6.93117,-0.46853,0.76696,5.45452,1,-6.57312,-0.41086,0.75068,5.49188
S4604_7,2,-7.06911,-0.71111,0.5066,6.71713,1,-6.30209,-0.45081,0.53651,5.52763,2,-7.06911,-0.71111,0.2946,5.14474,3,-6.11454,-0.67616,0.79544,5.54907,1,-6.30209,-0.45081,0.48192,5.18526
S4604,1,-7.16368,-0.43004,0.29219,6.52514,3,-6.36302,-0.16178,0.40334,5.30544,2,-6.83864,-0.41784,0.27722,4.92023,7,-6.82334,-0.16577,0.58311,5.26776,2,-6.83864,-0.41784,0.16361,3.72106
S4646_1,5,-8.3201,0.29076,0.6993,7.78622,1,-7.2744,-0.79253,0.74395,5.96288,1,-7.2744,-0.79253,0.20733,5.39513,3,-6.96673,-0.10843,0.45549,6.71367,5,-8.3201,0.29076,0.93263,6.77564
S4646,2,-7.18946,-0.92121,0.47548,7.60904,6,-7.6334,-0.97048,0.76033,5.95497,4,-6.75372,-1.27082,0.60433,5.64392,2,-7.18946,-0.92121,0.63692,5.69034,4,-6.75372,-1.27082,0.90558,5.91607
S4674_1,2,-7.02026,-0.40353,0.68301,6.61969,3,-6.20134,-0.27562,0.76186,5.97587,3,-6.20134,-0.27562,0.73621,5.81566,2,-7.02026,-0.40353,0.91659,7.0702,2,-7.02026,-0.40353,0.75823,6.24877
S4674,3,-6.80651,-1.00604,0.87117,6.60092,5,-7.07901,-0.92461,0.68293,6.03298,1,-6.05468,0.0706,0.67793,5.7721,2,-6.08762,-1.43346,0.4709,6.25817,7,-6.76466,-1.03371,0.58613,5.38774
S4695_1,3,-5.11996,-0.41379,0.67533,3.64043,3,-5.11996,-0.41379,0.71614,4.17321,3,-5.11996,-0.41379,0.48579,4.07108,7,-4.96976,1.25972,0.89626,3.4966,6,-4.81804,-0.28091,0.45709,3.78902
S4695,2,-4.77195,-0.35462,0.34091,3.07057,2,-4.77195,-0.35462,0.59873,3.92057,6,-4.56837,-0.7363,0.35138,3.87715,8,-5.06336,-0.36271,0.75994,3.64951,1,-5.08878,-0.13429,0.67932,3.59747
S4753_1,2,-7.83313,-1.24876,0.69059,7.72036,1,-7.10255,-0.22976,0.7715,5.64301,1,-7.10255,-0.22976,0.53637,5.43521,1,-7.10255,-0.22976,0.72337,6.10708,1,-7.10255,-0.22976,0.7742,5.08978
S4753,3,-9.82017,0.10457,0.8003,8.13911,4,-10.10485,0.47006,0.75631,6.52437,1,-9.65698,0.18393,0.53854,6.24742,5,-7.72165,0.02217,0.51024,6.27995,1,-9.65698,0.18393,0.69397,6.40039
S4768_1,3,-7.40361,-0.88714,0.80434,4.00571,1,-7.79196,-0.7592,0.47916,3.9699,1,-7.79196,-0.7592,0.45473,4.09745,4,-6.91517,-0.83809,0.43747,3.52452,7,-6.98759,-0.09119,0.8003,3.96456
S4768,10,-6.87046,1.36941,0.88393,4.16254,1,-7.81777,-0.98274,0.56356,4.04605,1,-7.81777,-0.98274,0.56889,4.17867,7,-6.7616,-0.35919,0.84749,3.48295,1,-7.81777,-0.98274,0.8763,4.23869
S4812_1,1,-8.32517,1.42329,0.16041,4.61225,4,-6.52422,0.29757,0.40556,5.3259,4,-6.52422,0.29757,0.33505,5.05395,1,-8.32517,1.42329,0.63343,4.42896,4,-6.52422,0.29757,0.65194,4.37477
S4812,1,-7.13413,-0.44998,0.46805,4.60224,4,-6.56147,-0.94346,0.35815,5.04179,1,-7.13413,-0.44998,0.27459,5.10453,10,-6.73634,-0.3169,0.80671,4.76486,1,-7.13413,-0.44998,0.66749,4.99361
S4830_1,1,-6.94458,-0.41842,0.77427,3.91469,3,-7.6658,-1.0433,0.41567,4.18228,3,-7.6658,-1.0433,0.60568,4.33529,1,-6.94458,-0.41842,0.33371,3.39938,1,-6.94458,-0.41842,0.9197,4.27412
S4830,10,-7.43577,0.01802,0.75413,4.35837,5,-6.58931,-0.80811,0.30371,3.80316,1,-7.20521,-0.61188,0.47189,4.11647,4,-6.38598,-0.88575,0.20811,2.68776,1,-7.20521,-0.61188,0.45344,3.66935
S4831,3,-5.15766,-0.69923,0.82749,4.28035,3,-5.15766,-0.69923,0.38649,4.77033,3,-5.15766,-0.69923,0.08154,4.35316,3,-5.15766,-0.69923,0.43615,2.88292,1,-4.97853,-0.72515,0.87247,4.50287
S4838_1,9,-7.52627,-1.24989,0.26413,5.8429,3,-6.57283,-0.10536,0.40208,5.03032,8,-7.33706,0.59656,0.21086,5.22069,2,-6.96342,-0.37723,0.355,4.53231,8,-7.33706,0.59656,0.26957,4.59302
S4838,1,-6.5837,-1.01812,0.33179,5.64173,4,-6.68757,0.47118,0.31509,5.45078,4,-6.68757,0.47118,0.27323,5.3493,5,-6.64267,-0.99874,0.28659,4.24863,4,-6.68757,0.47118,0.23693,4.52624
S4847_1,1,-7.02522,-0.50698,0.7016,5.07739,2,-5.70575,-0.73336,0.54472,4.32269,2,-5.70575,-0.73336,0.54438,4.02232,3,-6.7826,-0.56619,0.73876,4.03148,1,-7.02522,-0.50698,0.93426,4.72832
S4847,1,-6.99664,-0.23988,0.48751,4.69118,2,-5.87619,-0.42881,0.56617,4.38913,2,-5.87619,-0.42881,0.63179,4.13229,8,-6.61993,-0.09098,0.71276,3.98652,1,-6.99664,-0.23988,0.90389,4.55821
S4851_1,8,-6.89853,-1.11901,0.62895,6.57337,2,-7.09047,-1.62955,0.37385,6.04496,8,-6.89853,-1.11901,0.15914,5.77525,5,-7.31442,-1.1439,0.18158,4.07539,1,-7.55427,-0.58533,0.38962,5.70775
S4851,1,-8.09501,-1.75138,0.86739,7.58243,1,-8.09501,-1.75138,0.64746,6.4404,1,-8.09501,-1.75138,0.32263,5.97998,8,-7.76337,-0.38358,0.34283,4.43711,1,-8.09501,-1.75138,0.724,5.9061
S4868_1,10,-6.48206,-0.40919,0.24487,5.18585,3,-5.75724,-0.43181,0.21418,4.39094,3,-5.75724,-0.43181,0.0538,4.29861,5,-5.69924,-0.8138,0.33437,3.38268,10,-6.48206,-0.40919,0.04946,3.56297
S4868_2,5,-7.04137,-0.45324,0.14152,3.92506,3,-6.34389,-0.44271,0.17375,4.41805,5,-7.04137,-0.45324,0.05547,4.44656,7,-5.97879,1.43555,0.35101,3.74456,9,-6.90309,0.05398,0.08222,3.25865
S4868_3,10,-6.27602,-0.26836,0.0723,3.36797,4,-5.83316,-0.71726,0.17099,4.46301,3,-5.92903,-0.70518,0.0364,4.45264,3,-5.92903,-0.70518,0.29355,3.7543,1,-6.79248,-0.77912,0.02331,3.08635
S4868,2,-6.1858,-0.06335,0.10809,4.11979,10,-5.56499,-0.37362,0.16303,4.39721,2,-6.1858,-0.06335,0.04928,4.39971,5,-6.19913,0.41789,0.30683,3.53308,6,-7.01247,-0.64498,0.03403,3.42931
S4894_1,3,-6.16417,0,0.82935,3.77518,1,-5.43173,0,0.71562,3.32769,3,-6.16417,0,0.61689,3.52679,9,-5.13346,0,0.76958,3.4904,6,-5.87093,0,0.66268,2.40925
S4894,5,-6.81591,0,0.84961,3.78147,5,-6.81591,0,0.6256,3.61542,5,-6.81591,0,0.62626,3.43054,7,-5.11464,0,0.63409,3.02099,5,-6.81591,0,0.8007,2.82154
S4899,8,-5.13293,-0.09988,0.67993,3.67828,6,-5.22602,-0.12504,0.72839,4.12883,6,-5.22602,-0.12504,0.64366,3.59259,5,-4.95882,-0.10971,0.70875,3.59912,10,-5.4647,-0.11012,0.65955,2.75213
S4944_1,2,-9.3566,-0.18126,0.38869,5.91516,3,-8.10447,-0.81347,0.43445,6.17979,8,-8.84385,-0.06236,0.19742,5.84047,4,-8.4357,0.50031,0.44438,6.65315,8,-8.84385,-0.06236,0.08319,5.17269
S4944,6,-9.23732,-0.74137,0.5858,6.09479,10,-8.04059,-0.7451,0.30454,5.75679,6,-9.23732,-0.74137,0.10028,6.25307,3,-8.10673,-0.6418,0.2111,6.2758,6,-9.23732,-0.74137,0.11388,5.01722
S5007_1,9,-7.89129,-1.6198,0.438,5.68493,3,-7.77272,-0.51631,0.27142,5.47118,3,-7.77272,-0.51631,0.11812,4.96364,3,-7.77272,-0.51631,0.44996,5.46327,6,-8.54252,-0.87747,0.03462,4.23902
S5007_2,1,-8.37146,-1.24154,0.18239,6.0708,2,-8.1084,-0.94641,0.21889,5.34859,2,-8.1084,-0.94641,0.07014,4.98763,1,-8.37146,-1.24154,0.37663,5.31046,1,-8.37146,-1.24154,0.04103,4.33079
S5007_3,5,-8.51946,-0.99509,0.36576,6.44431,1,-8.13131,-1.02739,0.45407,5.95459,1,-8.13131,-1.02739,0.10016,5.28604,5,-8.51946,-0.99509,0.30055,4.33461,1,-8.13131,-1.02739,0.08912,4.65165
S5007,6,-7.61796,-1.41905,0.3512,5.70385,1,-7.87284,-1.6529,0.56245,5.72266,1,-7.87284,-1.6529,0.32449,5.09819,5,-7.72932,-1.12408,0.3968,5.27141,1,-7.87284,-1.6529,0.19153,4.93952
S5017_1,2,-6.71052,-0.5385,0.36476,5.28753,1,-8.01155,1.323,0.54792,6.26208,1,-8.01155,1.323,0.22818,5.60511,3,-6.44114,-0.69441,0.62565,5.33909,1,-8.01155,1.323,0.32044,4.36019
S5017,5,-6.73587,0.81218,0.59499,7.40899,2,-6.81944,-0.72989,0.61371,5.93637,2,-6.81944,-0.72989,0.32057,5.53684,1,-7.88804,0.99769,0.92543,5.39046,5,-6.73587,0.81218,0.42255,4.7245
S5029,3,-5.35685,-0.10628,0.43245,3.72148,5,-4.96513,-0.17987,0.42797,4.08332,2,-5.08912,-0.12735,0.13315,3.76496,8,-5.7292,-0.20118,0.78568,3.89775,1,-5.6374,-0.12614,0.15357,2.54993
S5033_1,2,-8.36975,0.15924,0.38402,6.80072,9,-7.92543,-0.9159,0.24367,5.76794,9,-7.92543,-0.9159,0.05751,5.58242,8,-7.49772,-0.7824,0.15947,4.88353,9,-7.92543,-0.9159,0.05383,3.82461
S5033_2,9,-9.17737,0.94788,0.27122,6.63016,3,-7.11327,-0.76291,0.20481,5.42487,3,-7.11327,-0.76291,0.08334,5.3476,9,-9.17737,0.94788,0.1481,3.66827,1,-8.32256,-0.34245,0.05306,4.30942
S5033_3,4,-7.27172,0.21725,0.36933,6.33438,4,-7.27172,0.21725,0.34804,5.93496,10,-7.63442,0.01881,0.11943,5.68461,8,-8.4802,-0.23598,0.32735,4.43843,1,-7.09673,-1.32594,0.07259,4.91931
S5033_4,3,-8.73554,1.16225,0.08958,6.15222,8,-9.40918,2.08607,0.17808,6.16134,6,-7.54035,0.64134,0.02752,5.48435,3,-8.73554,1.16225,0.14748,3.9381,1,-8.61095,-0.48966,0.02181,4.3188
S5033_5,5,-7.67172,-0.72385,0.21918,6.29915,5,-7.67172,-0.72385,0.19989,5.93282,7,-7.55326,-0.88616,0.03678,5.37503,5,-7.67172,-0.72385,0.35197,4.26772,2,-7.88429,0.43425,0.09232,4.31676
S5033,6,-8.05205,-0.75764,0.38224,6.60842,3,-7.87801,-0.55464,0.22011,5.76468,4,-8.41351,-0.34476,0.05357,5.63887,5,-7.93912,-0.35755,0.16828,4.37818,5,-7.93912,-0.35755,0.02617,4.14986
S5053_1,4,-5.21308,0.25293,0.64174,5.67747,2,-5.44132,-0.51595,0.26059,4.9651,2,-5.44132,-0.51595,0.2551,5.0435,4,-5.21308,0.25293,0.6474,3.79293,2,-5.44132,-0.51595,0.5307,3.93076
S5053_2,7,-5.86841,-0.54816,0.70729,5.69593,1,-6.2385,0.59055,0.32859,5.45642,8,-6.1005,-0.44267,0.08387,4.77732,1,-6.2385,0.59055,0.48445,3.00397,1,-6.2385,0.59055,0.41156,3.32665
S5053_3,5,-5.40828,0.13126,0.79461,5.3957,5,-5.40828,0.13126,0.24983,5.22081,3,-6.06069,0.2146,0.07059,4.77528,3,-6.06069,0.2146,0.69785,4.08424,3,-6.06069,0.2146,0.40815,3.61207
S5053,1,-6.21761,0.37952,0.69031,5.77471,2,-5.53248,-0.43488,0.26191,5.24154,2,-5.53248,-0.43488,0.07271,4.9596,2,-5.53248,-0.43488,0.77704,3.97113,1,-6.21761,0.37952,0.37981,3.50058
S5054_1,2,-5.01623,-0.46381,0.476,6.18749,9,-5.55712,-0.45964,0.81588,6.12556,10,-5.64701,-0.96436,0.3898,5.87645,7,-5.55282,-0.62776,0.97799,6.79351,8,-5.77673,-0.70167,0.88079,5.43367
S5054_2,10,-7.77376,-0.3057,0.58741,6.80669,1,-6.56329,-0.32459,0.77265,6.39275,1,-6.56329,-0.32459,0.31478,5.95831,9,-5.67631,0.52303,0.982,6.85602,1,-6.56329,-0.32459,0.69662,5.26483
S5054_3,2,-6.52086,0.0667,0.28615,6.26609,4,-5.43174,-0.31788,0.79607,6.21522,1,-5.66515,0.1097,0.42937,5.79552,1,-5.66515,0.1097,0.97823,6.38774,4,-5.43174,-0.31788,0.73576,5.43868
S5054_4,2,-7.45049,1.31852,0.19655,7.0422,6,-5.82211,0.68823,0.79159,6.00434,4,-7.37705,-0.49928,0.43124,6.15372,4,-7.37705,-0.49928,0.96681,7.30419,6,-5.82211,0.68823,0.63929,5.44941
S5054_5,2,-7.39728,1.64232,0.41937,6.41338,1,-6.42797,2.17944,0.83246,6.112,1,-6.42797,2.17944,0.62662,5.83003,8,-5.4791,1.71702,0.94488,7.17047,1,-6.42797,2.17944,0.84947,5.76744
S5054_6,1,-6.07269,-0.1861,0.41514,6.17273,9,-5.26639,-0.23327,0.74569,6.28233,5,-6.83643,-0.2612,0.60106,6.30536,9,-5.26639,-0.23327,0.97554,6.74471,3,-6.87472,-0.19646,0.79824,5.39588
S5054_7,4,-7.82534,-0.0234,0.51503,6.03137,1,-6.11733,-0.34311,0.72986,6.3753,1,-6.11733,-0.34311,0.4693,5.90301,3,-7.42759,0.29225,0.97451,7.40996,5,-7.38691,-0.29434,0.68254,5.71825
S5054,3,-6.74767,-0.21246,0.23457,5.99927,1,-6.29233,-0.09599,0.80422,6.09719,2,-5.80217,-0.10286,0.42704,5.86324,1,-6.29233,-0.09599,0.98873,6.51832,1,-6.29233,-0.09599,0.6226,5.57992
S5073_1,5,-7.03953,-0.84502,0.17341,5.60138,1,-6.87788,-0.67313,0.29114,5.23533,2,-6.93674,-0.67461,0.06921,4.83997,3,-7.19884,-0.51931,0.62729,4.65448,1,-6.87788,-0.67313,0.024,3.52246
S5073,10,-8.54268,0.18134,0.29008,5.73964,1,-8.4561,-0.43321,0.2859,5.47762,1,-8.4561,-0.43321,0.07778,5.1626,1,-8.4561,-0.43321,0.2809,3.52302,10,-8.54268,0.18134,0.12006,4.32717
S5075_1,9,-7.52627,-1.24989,0.26413,5.8429,3,-6.57283,-0.10536,0.40208,5.03032,8,-7.33706,0.59656,0.21086,5.22069,2,-6.96342,-0.37723,0.355,4.53231,8,-7.33706,0.59656,0.26957,4.59302
S5075,1,-6.5837,-1.01812,0.33179,5.64173,4,-6.68757,0.47118,0.31509,5.45078,4,-6.68757,0.47118,0.27323,5.3493,5,-6.64267,-0.99874,0.28659,4.24863,4,-6.68757,0.47118,0.23693,4.52624
S5079_1,1,-7.76374,-0.80686,0.19024,5.36518,5,-8.35491,-0.40183,0.38489,5.42831,1,-7.76374,-0.80686,0.06173,5.52249,2,-7.77845,-0.54548,0.41293,3.98168,4,-8.56622,-0.50928,0.04566,4.09249
S5079,8,-9.10648,-0.41047,0.24082,5.59473,7,-7.7004,-0.17982,0.26177,5.71986,7,-7.7004,-0.17982,0.08097,5.24324,5,-9.6451,-0.58054,0.33384,4.20698,6,-9.27764,-0.62972,0.02852,4.57172
S5082,4,-7.91561,-1.64009,0.57901,7.12312,8,-8.58265,-0.12322,0.54567,5.78804,3,-7.55814,-0.86558,0.15486,5.92885,2,-7.54514,-1.79847,0.29575,5.5948,10,-8.51077,-1.37461,0.15174,5.88233
S5084_1,6,-5.87485,-0.21173,0.33282,3.91202,2,-5.60772,-0.19666,0.42344,4.03379,3,-6.25175,-0.20522,0.17352,3.94734,7,-6.69364,-0.16961,0.73002,3.50592,7,-6.69364,-0.16961,0.36355,4.25771
S5084_2,3,-6.00479,-0.18083,0.24378,3.19397,2,-6.26717,-0.18999,0.57148,4.37527,2,-6.26717,-0.18999,0.20832,3.93249,7,-6.09853,-0.17663,0.86968,3.88199,1,-6.43044,-0.20218,0.10991,3.62655
S5084_3,6,-5.86493,-0.2056,0.23339,3.40163,1,-5.77908,-0.21379,0.73615,4.59083,1,-5.77908,-0.21379,0.75441,4.31098,2,-5.65579,-0.05151,0.51994,4.73359,1,-5.77908,-0.21379,0.43057,4.70414
S5084,7,-6.219,-0.14327,0.55584,4.33576,5,-5.89647,-0.18143,0.4725,4.32941,5,-5.89647,-0.18143,0.29664,3.86912,4,-6.53748,-0.2121,0.6563,3.68225,3,-5.99674,-0.19083,0.65528,4.61341
S5085,1,-6.87848,-0.4051,0.81586,4.74993,1,-6.87848,-0.4051,0.65511,5.11428,4,-6.53803,-0.58465,0.33883,4.76348,3,-5.84927,-0.39813,0.51277,3.92029,1,-6.87848,-0.4051,0.89897,3.8736
S5093_1,5,-8.23907,-0.96773,0.367,4.88686,2,-7.2549,-0.32469,0.45959,5.61863,2,-7.2549,-0.32469,0.0573,4.93256,8,-6.51716,-0.6702,0.59496,5.87081,5,-8.23907,-0.96773,0.07153,4.3851
S5093,2,-8.26942,-0.39258,0.19511,5.27187,2,-8.26942,-0.39258,0.47778,6.14145,2,-8.26942,-0.39258,0.08019,5.32184,1,-8.1332,-0.37552,0.76489,5.70558,9,-9.15015,-0.67486,0.06107,4.50274
S5184_1,3,-8.26867,-2.31828,0.91193,9.75694,1,-8.59135,-2.29869,0.71127,7.8974,7,-8.31074,-1.70898,0.09443,6.74911,10,-7.29016,-1.41122,0.30771,6.10692,1,-8.59135,-2.29869,0.5556,6.86232
S5184,1,-6.98025,-1.0592,0.78506,8.06715,1,-6.98025,-1.0592,0.7065,6.60926,2,-6.61695,-1.89835,0.4726,6.55478,6,-7.14454,-0.91517,0.36126,6.54099,10,-7.4702,-2.43774,0.66836,6.68747
S5209_1,2,-6.10191,-0.43491,0.20422,5.30856,1,-6.24809,-0.59192,0.63019,5.09212,2,-6.10191,-0.43491,0.49305,5.08408,1,-6.24809,-0.59192,0.80074,5.45211,2,-6.10191,-0.43491,0.47432,5.11389
S5209_2,2,-5.9371,-0.13178,0.10689,4.51576,8,-6.81877,-0.15707,0.32681,5.00202,6,-6.58944,-0.30814,0.2753,4.78788,3,-6.43625,-0.41668,0.62843,5.20268,5,-6.20624,-0.36954,0.04043,3.50442
S5209,3,-6.11097,-0.40982,0.1395,4.87176,3,-6.11097,-0.40982,0.45993,5.24698,3,-6.11097,-0.40982,0.46578,5.05315,5,-6.37397,0.39917,0.75834,5.20527,3,-6.11097,-0.40982,0.34918,5.02816
S5228,5,-7.92639,-0.42769,0.69154,4.3588,2,-5.87662,-0.40364,0.20388,4.46322,2,-5.87662,-0.40364,0.10382,4.12021,9,-5.9288,-0.4874,0.86543,4.46239,5,-7.92639,-0.42769,0.12073,3.85378
S5239_1,6,-7.47068,-0.83693,0.23171,3.7774,4,-7.37609,-1.1798,0.47499,5.58234,1,-7.01982,-0.82528,0.1983,4.79298,1,-7.01982,-0.82528,0.52682,4.48318,1,-7.01982,-0.82528,0.77397,4.21401
S5239,1,-6.46537,-1.31914,0.15765,3.22295,7,-6.66777,-2.00349,0.38538,5.43276,3,-6.58372,-0.50064,0.05991,4.61613,9,-8.17526,-0.44898,0.65629,3.44006,1,-6.46537,-1.31914,0.09063,3.52959
S5252_1,10,-5.93325,-0.1939,0.27913,4.45007,2,-5.46293,-0.35937,0.3881,4.45573,1,-5.65314,-0.14904,0.32272,4.20606,4,-5.10185,-0.3444,0.79187,4.38325,5,-5.45449,-0.29129,0.13809,2.7548
S5252,1,-5.2294,-0.35124,0.42233,4.35347,1,-5.2294,-0.35124,0.50387,4.30305,5,-5.11797,-0.32714,0.50295,4.35618,2,-5.09171,-0.12993,0.78062,4.68759,1,-5.2294,-0.35124,0.4841,3.72753
S5266_1,3,-6.01586,-0.31936,0.42817,2.50613,9,-6.44035,-0.36179,0.42536,4.62926,4,-5.49688,-0.31837,0.19374,4.04018,1,-5.47453,-0.29407,0.751,4.36278,8,-6.6111,-0.06904,0.38907,3.49192
S5266,1,-5.37656,-0.30478,0.32228,2.56902,3,-5.47279,-0.37145,0.55754,4.5876,3,-5.47279,-0.37145,0.53227,4.3104,1,-5.37656,-0.30478,0.65858,3.26801,1,-5.37656,-0.30478,0.30936,3.28017
S5273_1,3,-6.95298,0,0.53415,6.35728,2,-6.8202,0,0.71691,5.13396,2,-6.8202,0,0.53323,4.7309,3,-6.95298,0,0.74107,5.20674,2,-6.8202,0,0.90058,4.97554
S5273,4,-6.96625,0,0.5525,5.64283,6,-6.52855,0,0.70145,5.27601,6,-6.52855,0,0.58702,5.0102,7,-6.79638,0,0.72168,5.17215,1,-6.90124,0,0.78382,5.69424
S5298_1,2,-7.3979,-0.33318,0.3021,5.39934,1,-8.38074,-0.07658,0.57597,5.15081,1,-8.38074,-0.07658,0.18912,4.62034,1,-8.38074,-0.07658,0.5679,3.98251,1,-8.38074,-0.07658,0.64302,4.68048
S5298_2,9,-6.929,-0.55818,0.35255,4.24145,1,-6.83066,0.178,0.32759,4.74325,8,-7.03581,-0.53722,0.22383,4.36153,7,-8.02246,0.28132,0.77097,4.7579,7,-8.02246,0.28132,0.35096,4.46741
S5298_3,2,-7.24151,-0.29899,0.42266,4.542,2,-7.24151,-0.29899,0.50411,4.89728,3,-7.90053,-0.3096,0.32546,4.63169,6,-6.55423,-0.62006,0.39797,5.07418,1,-7.19249,-0.17744,0.33682,4.55168
S5298,9,-7.50743,-0.08447,0.41887,5.1529,1,-6.85483,-0.74433,0.37257,4.55832,3,-7.18306,-0.61165,0.27772,4.36834,2,-8.10316,-0.46658,0.81414,5.31155,3,-7.18306,-0.61165,0.62802,4.73969
S5299_1,4,-6.63876,-0.92452,0.32546,6.10536,5,-6.79763,-0.5544,0.37953,5.70837,1,-7.44843,-0.58632,0.20011,5.16753,8,-6.64746,-0.91016,0.44305,5.59,4,-6.63876,-0.92452,0.02384,4.97925
S5299_2,3,-6.87041,-1.0888,0.13319,5.67057,8,-7.01348,-0.73915,0.50677,5.84627,3,-6.87041,-1.0888,0.23908,5.21885,3,-6.87041,-1.0888,0.86824,5.84527,3,-6.87041,-1.0888,0.05063,4.28677
S5299_3,9,-6.82112,-1.16231,0.11204,5.72591,2,-8.06649,0.88051,0.51173,5.99555,1,-7.33982,-0.9115,0.30401,5.28713,2,-8.06649,0.88051,0.73474,5.47722,6,-6.9547,-0.86619,0.0458,4.15095
S5299,7,-6.70841,-0.39948,0.13486,6.01916,10,-6.73375,-1.02433,0.27158,5.7731,9,-7.5222,-0.76788,0.10771,5.11716,10,-6.73375,-1.02433,0.73242,5.92014,5,-6.6855,-1.03378,0.01993,4.2063
S5333_1,3,-8.19664,-0.1847,0.32041,5.06572,2,-7.81942,1.01168,0.42509,5.59463,6,-8.40413,0.75475,0.17763,4.48991,2,-7.81942,1.01168,0.90904,4.77077,2,-7.81942,1.01168,0.50636,5.06617
S5333,2,-8.93537,-0.44162,0.50495,5.76464,8,-8.41356,-0.14788,0.54979,5.32871,2,-8.93537,-0.44162,0.33409,4.75641,1,-7.6104,-0.01433,0.7936,4.66292,8,-8.41356,-0.14788,0.65993,5.64353
S5359_1,2,-6.48843,-2.0496,0.24472,4.40242,5,-6.39309,-1.30556,0.19446,6.22218,1,-6.16718,-0.19424,0.03633,5.55382,7,-6.44923,-0.83779,0.18334,4.43738,5,-6.39309,-1.30556,0.04178,4.50529
S5359_2,5,-6.35312,-1.24997,0.26483,4.70478,2,-6.64304,-1.11298,0.27284,6.12165,1,-6.52465,-0.91297,0.08814,5.73706,3,-6.56242,0.04029,0.61054,4.64066,1,-6.52465,-0.91297,0.07798,4.73556
S5359_3,2,-6.4339,-1.26243,0.2881,4.28997,7,-6.99084,-1.10174,0.23313,6.27563,7,-6.99084,-1.10174,0.03154,5.71251,2,-6.4339,-1.26243,0.21984,5.30579,2,-6.4339,-1.26243,0.26341,5.09651
S5359,2,-6.34533,-1.52344,0.34647,4.71127,2,-6.34533,-1.52344,0.24713,6.13318,3,-6.20698,-1.29802,0.10653,5.86991,7,-6.2291,-1.01206,0.233,5.02956,1,-6.51571,-1.42421,0.17859,5.07047
S5360_1,6,-7.01074,0.84118,0.40875,5.07262,4,-7.99587,0.09215,0.81959,5.83901,3,-7.50032,-0.21865,0.52733,5.04779,1,-9.14673,0.15081,0.85724,6.12756,1,-9.14673,0.15081,0.83789,6.04658
S5360,3,-7.28025,1.20337,0.64333,6.2981,10,-8.48951,0.43639,0.86223,5.84685,10,-8.48951,0.43639,0.8336,5.5554,1,-6.3495,0.55734,0.92941,6.04819,10,-8.48951,0.43639,0.93972,5.98078
S5366_1,2,-6.36932,-0.81765,0.22959,5.94566,7,-6.24744,-1.19487,0.26065,5.52353,1,-6.52303,-0.66441,0.07644,5.08115,9,-6.65312,-1.05327,0.41119,6.11787,1,-6.52303,-0.66441,0.06276,4.62711
S5366,7,-6.49778,-0.72151,0.20719,6.00589,4,-6.30026,-0.81758,0.263,5.84528,6,-6.43551,-0.57758,0.08337,5.01675,6,-6.43551,-0.57758,0.57641,6.31587,1,-6.11482,-0.68917,0.06173,4.48027
S5384_1,2,-9.9115,-1.38334,0.83364,3.86779,1,-9.75243,-1.05094,0.65396,4.8557,7,-9.28837,0.08114,0.61034,4.60628,2,-9.9115,-1.38334,0.79401,5.23317,7,-9.28837,0.08114,0.871,4.7616
S5384_2,1,-10.73752,-0.85715,0.91873,3.97449,2,-9.76766,-0.49692,0.88601,5.17179,1,-10.73752,-0.85715,0.90661,5.11729,4,-9.50313,-1.47933,0.94465,5.92917,1,-10.73752,-0.85715,0.95272,4.84876
S5384_3,2,-9.76592,-1.45966,0.91653,3.88282,1,-9.2038,-0.69175,0.70418,4.87463,4,-9.19127,-0.28538,0.5158,4.59223,1,-9.2038,-0.69175,0.88606,5.80501,6,-8.57016,-0.46407,0.93951,4.68161
S5384,2,-10.6306,-0.88426,0.93575,4.24993,3,-9.94611,-0.73689,0.88753,5.11548,2,-10.6306,-0.88426,0.898,5.06013,1,-7.84883,-1.02801,0.97719,5.63317,1,-7.84883,-1.02801,0.97691,4.93267
S5402_1,5,-8.30667,0.51453,0.42586,6.1245,1,-7.8578,0.94241,0.57557,6.62631,6,-8.50114,0.46807,0.32914,5.83525,1,-7.8578,0.94241,0.86591,6.23769,1,-7.8578,0.94241,0.1872,5.27311
S5402,6,-7.20637,-0.36536,0.41645,5.35888,3,-6.95341,-0.31815,0.40829,6.09508,1,-7.27165,0.04151,0.1045,5.2691,7,-7.65723,0.42918,0.73355,6.66353,5,-7.00062,0.37802,0.10569,5.21045
S5413_1,7,-8.86933,-1.23823,0.45046,5.09354,1,-8.61263,-0.63159,0.41386,5.37402,4,-7.19153,-0.82913,0.12225,4.6027,3,-7.51222,-1.457,0.12697,3.91228,7,-8.86933,-1.23823,0.04026,3.61427
S5413,8,-8.34495,-0.56173,0.25966,4.47276,1,-7.29869,-1.11872,0.28227,5.15649,1,-7.29869,-1.11872,0.06558,4.60964,1,-7.29869,-1.11872,0.28389,4.37102,6,-9.01578,-0.41552,0.03211,3.33845
S5414_1,4,-7.96894,0.34384,0.48717,7.3088,5,-6.43034,-0.40163,0.68131,5.65391,5,-6.43034,-0.40163,0.32552,5.14414,1,-8.31574,0.99168,0.36375,5.18443,1,-8.31574,0.99168,0.54579,5.87021
S5414,10,-8.94649,0.18481,0.42295,6.98735,1,-6.49775,-0.50599,0.81307,5.83473,1,-6.49775,-0.50599,0.69006,5.47785,1,-6.49775,-0.50599,0.67267,6.24026,1,-6.49775,-0.50599,0.68565,5.22947
S5481_1,8,-5.57034,-0.35608,0.30589,3.52951,3,-5.78768,-0.38388,0.66468,5.22957,3,-5.78768,-0.38388,0.35649,4.80667,5,-5.49872,0.03847,0.64698,4.11216,1,-6.15311,1.50293,0.14358,3.38475
S5481_2,2,-5.83378,-0.42196,0.68753,4.35389,2,-5.83378,-0.42196,0.49507,5.06769,1,-6.26985,-0.41473,0.08146,4.61104,1,-6.26985,-0.41473,0.86649,3.62948,6,-5.623,-0.40399,0.2388,3.8282
S5481_3,2,-6.1072,0.0412,0.51056,4.26469,4,-5.72355,-0.34659,0.75938,4.95268,5,-5.48228,1.20951,0.33189,4.70847,2,-6.1072,0.0412,0.79766,3.64679,8,-6.3368,1.09871,0.13975,3.93751
S5481,1,-6.30612,-0.40926,0.69098,4.44497,4,-5.70539,-0.14509,0.4885,5.14937,1,-6.30612,-0.40926,0.11756,4.70941,1,-6.30612,-0.40926,0.83434,3.58857,1,-6.30612,-0.40926,0.0914,3.3136
S5483_1,3,-6.05542,-0.78586,0.32542,4.54469,6,-6.28829,-0.70699,0.33211,4.93349,7,-6.54185,-0.54114,0.06729,4.70601,7,-6.54185,-0.54114,0.23672,3.36159,7,-6.54185,-0.54114,0.07565,3.16607
S5483,4,-5.96269,-0.63753,0.38616,4.40626,1,-6.27206,-0.57983,0.32446,4.95596,1,-6.27206,-0.57983,0.0966,4.71266,4,-5.96269,-0.63753,0.37186,4.08778,6,-6.65685,-0.70701,0.09976,3.31273
S5486_1,6,-6.54136,-0.20966,0.51493,4.77967,3,-6.35818,-0.20955,0.79307,5.20236,6,-6.54136,-0.20966,0.46367,5.02895,2,-7.26828,0.27578,0.77546,5.24271,1,-6.60468,-0.14108,0.86114,5.42424
S5486,9,-8.30035,0.2736,0.5123,5.45905,4,-6.46613,0.28332,0.81378,5.38655,4,-6.46613,0.28332,0.3309,4.83481,1,-6.37055,0.59844,0.56176,5.0204,5,-6.46228,0.33476,0.80341,5.19269
S5491_1,9,-6.20456,-0.52558,0.19786,6.2202,5,-6.23066,-0.39076,0.30041,5.21963,2,-6.98752,-0.30725,0.38422,5.06247,5,-6.23066,-0.39076,0.40725,5.19201,9,-6.20456,-0.52558,0.25227,5.64476
S5491_2,4,-7.19434,-0.06196,0.22361,6.50382,1,-6.58606,-0.78589,0.51938,5.41691,3,-6.90018,-0.23821,0.61793,5.20094,3,-6.90018,-0.23821,0.8341,5.86084,7,-6.3934,-0.3631,0.14672,3.9372
S5491_3,4,-6.82277,-0.58145,0.29415,6.72209,2,-6.31922,-0.80862,0.58876,5.3811,2,-6.31922,-0.80862,0.48323,4.99879,4,-6.82277,-0.58145,0.79599,6.03652,4,-6.82277,-0.58145,0.23128,4.47065
S5491_4,5,-6.88351,-0.45769,0.2261,5.96252,5,-6.88351,-0.45769,0.28756,5.42464,1,-6.42108,-0.38789,0.2995,4.95767,1,-6.42108,-0.38789,0.37619,5.41645,1,-6.42108,-0.38789,0.09859,3.96275
S5491_5,10,-7.47315,-0.29073,0.25144,6.1605,7,-6.3003,-0.13845,0.4783,5.64663,7,-6.3003,-0.13845,0.56761,5.46497,2,-6.94591,-0.23474,0.40198,5.32547,7,-6.3003,-0.13845,0.70004,6.01515
S5491,7,-6.38217,-0.03379,0.23857,6.34427,8,-6.67144,0.87756,0.28981,5.34652,2,-6.78433,-0.53003,0.31677,4.85013,8,-6.67144,0.87756,0.53385,5.70354,1,-6.522,-0.32967,0.08514,3.97286
S5492_1,7,-6.61651,-0.85737,0.7115,6.20349,1,-6.94661,-1.14274,0.2688,5.72536,1,-6.94661,-1.14274,0.13258,5.56755,3,-6.61831,-1.00761,0.29337,4.62621,1,-6.94661,-1.14274,0.65964,4.70844
S5492_2,8,-7.09763,-0.09034,0.75862,5.65126,2,-6.39487,-0.4008,0.32692,5.79662,3,-6.05528,0.00167,0.05179,4.89521,1,-6.24045,-0.32115,0.38247,4.43609,1,-6.24045,-0.32115,0.29425,4.0683
S5492_3,3,-6.56652,-0.66676,0.52991,4.65537,2,-6.12855,-0.58743,0.33269,5.67966,2,-6.12855,-0.58743,0.12942,5.39413,1,-6.15452,0.02022,0.37645,4.46538,2,-6.12855,-0.58743,0.63336,4.79408
S5492,5,-6.87831,-0.32023,0.77828,5.96808,3,-5.99977,-1.47623,0.16131,5.56507,2,-7.3265,0.25339,0.06234,5.5067,1,-6.01679,-0.57657,0.33018,3.69356,4,-5.94308,-0.66104,0.07081,3.83003
S5494_1,4,-5.68814,-0.66347,0.5671,4.01648,8,-5.93415,-0.84501,0.46544,4.14517,10,-6.8239,-0.31168,0.22356,4.12162,3,-5.90815,-0.14985,0.39983,3.77631,10,-6.8239,-0.31168,0.2628,3.36702
S5494,4,-5.90933,0.33274,0.37753,3.3484,5,-5.37389,-0.28516,0.42188,4.24153,2,-6.22638,-0.24443,0.22272,3.98834,10,-5.51635,-0.30853,0.56869,3.53819,8,-5.8319,-0.26817,0.23125,3.188
S5501_1,3,-7.49972,-0.52012,0.77052,6.59445,4,-6.50985,-0.45967,0.70105,4.96332,1,-6.70301,-0.33681,0.58474,5.23008,9,-7.72763,-0.4486,0.83493,5.84631,3,-7.49972,-0.52012,0.8841,5.81135
S5501,2,-6.89591,0.67867,0.65592,6.40207,1,-7.85477,-0.22947,0.73914,5.52232,6,-6.67806,-0.1661,0.67894,5.19059,2,-6.89591,0.67867,0.82995,5.24785,1,-7.85477,-0.22947,0.9088,5.48774
S5507_1,8,-6.72612,-0.62425,0.22082,4.95881,2,-6.24888,-0.46829,0.18958,5.3176,2,-6.24888,-0.46829,0.13412,4.98674,4,-6.8236,-0.84177,0.26193,3.30109,2,-6.24888,-0.46829,0.29638,3.55805
S5507_2,9,-6.27007,-0.73958,0.34064,3.74427,1,-6.77733,-0.53776,0.6405,5.68637,1,-6.77733,-0.53776,0.25637,5.19695,10,-6.43476,-0.7097,0.14445,3.05043,1,-6.77733,-0.53776,0.85068,4.70654
S5507_3,1,-6.27626,-1.77602,0.4539,3.54468,1,-6.27626,-1.77602,0.32552,5.61069,1,-6.27626,-1.77602,0.05876,5.02159,6,-6.78922,0.08139,0.14992,3.55589,1,-6.27626,-1.77602,0.4114,4.13554
S5507,10,-7.46467,0.1432,0.36001,4.08634,4,-6.11543,0.84931,0.26745,5.25558,4,-6.11543,0.84931,0.15773,4.8038,5,-6.35539,0.45058,0.17204,3.7437,10,-7.46467,0.1432,0.1226,3.66151
S5537_1,1,-6.05678,-0.16207,0.50942,5.11839,1,-6.05678,-0.16207,0.46749,4.7269,3,-6.21509,0.12246,0.13338,4.55151,1,-6.05678,-0.16207,0.70898,4.07689,3,-6.21509,0.12246,0.23254,3.68078
S5537,8,-6.16521,-0.34773,0.54938,4.92378,1,-6.33785,-0.32785,0.3875,4.68024,1,-6.33785,-0.32785,0.22725,4.71879,1,-6.33785,-0.32785,0.89827,4.26868,1,-6.33785,-0.32785,0.37496,3.76832
S5555_1,6,-5.82238,0,0.71457,3.7482,4,-4.65495,0,0.46467,4.16509,4,-4.65495,0,0.17017,3.48717,9,-5.11946,0,0.90859,3.08916,2,-6.04879,0,0.42537,2.9667
S5555,2,-5.49254,0,0.75553,3.42632,2,-5.49254,0,0.60199,4.88206,2,-5.49254,0,0.28125,4.26804,10,-4.73942,0,0.82958,3.86741,2,-5.49254,0,0.76965,3.13701
S5558_1,2,-6.44407,-0.49303,0.48171,4.75244,2,-6.44407,-0.49303,0.54969,4.22026,2,-6.44407,-0.49303,0.54615,4.01719,5,-4.85376,-0.87291,0.5792,3.25811,10,-5.49125,-0.37696,0.81893,3.87333
S5558,7,-5.57397,-0.50377,0.70158,4.33571,4,-4.94355,-0.40987,0.63944,4.01799,4,-4.94355,-0.40987,0.46921,3.71484,10,-5.05605,-0.30273,0.80478,3.83486,7,-5.57397,-0.50377,0.7685,4.02192
S5559_1,2,-5.63204,-0.06262,0.39922,3.22732,1,-5.56439,-0.16735,0.35463,4.99193,6,-5.34822,0.07564,0.17878,4.55291,2,-5.63204,-0.06262,0.72673,4.73502,4,-5.54471,-0.07322,0.03349,2.82829
S5559_2,1,-5.86229,-0.01312,0.55888,3.09539,2,-5.55814,-0.08441,0.51021,5.55144,2,-5.55814,-0.08441,0.40123,5.07733,8,-6.35668,0.0193,0.45733,4.33454,3,-5.63941,-0.11575,0.35752,3.82797
S5559_3,8,-5.60997,-0.12812,0.39206,2.80953,4,-5.59747,-0.12362,0.36753,5.34428,2,-5.4916,-0.14032,0.39104,4.97673,9,-5.48159,-0.15416,0.31151,4.76107,9,-5.48159,-0.15416,0.05712,3.0329
S5559,5,-5.66159,-0.22234,0.48549,3.54331,1,-5.17199,-0.19897,0.52287,5.09823,7,-5.35529,-0.19445,0.34997,4.89186,3,-5.18071,-0.24264,0.47113,4.72085,1,-5.17199,-0.19897,0.09875,3.63474
S5582_1,4,-7.03671,0.23691,0.54486,2.9143,3,-5.99979,0.60839,0.31047,3.75751,10,-6.52448,0.07899,0.1679,3.82253,4,-7.03671,0.23691,0.81203,3.19785,10,-6.52448,0.07899,0.2283,3.02744
S5582,2,-6.54677,-0.55296,0.76492,3.29341,7,-6.27196,-0.59487,0.46722,4.2366,2,-6.54677,-0.55296,0.17711,3.68931,7,-6.27196,-0.59487,0.86891,4.03996,3,-7.02217,0.1398,0.54607,2.99236
S5655_1,7,-6.46153,4.17587,0.23141,4.19029,9,-6.39847,0.4268,0.33328,4.79378,5,-5.44567,-0.63445,0.14381,4.49757,7,-6.46153,4.17587,0.38431,2.76711,5,-5.44567,-0.63445,0.09204,3.54834
S5655,1,-5.71701,0.35201,0.28974,4.18112,3,-5.27501,-0.61435,0.37216,4.5361,8,-5.37179,-0.58745,0.18399,4.6615,9,-5.57709,-0.66593,0.44933,3.47783,5,-5.82466,-0.65742,0.15916,4.05916
S5662_1,10,-6.10568,0.08395,0.09417,4.72751,2,-5.0033,-0.84746,0.22015,4.47725,3,-5.01677,-0.56742,0.07135,4.40702,2,-5.0033,-0.84746,0.70876,3.97632,2,-5.0033,-0.84746,0.07736,3.32926
S5662,5,-4.92163,-0.84173,0.18338,4.35515,3,-5.66871,0.14004,0.10903,4.10614,3,-5.66871,0.14004,0.06818,4.49148,5,-4.92163,-0.84173,0.53659,3.44495,3,-5.66871,0.14004,0.03077,3.29436
S5671_1,6,-8.05082,0.39663,0.85906,7.02716,3,-7.47844,-0.47107,0.79235,5.75859,9,-6.88895,-0.70824,0.88032,5.50335,3,-7.47844,-0.47107,0.66341,6.00335,1,-7.74604,-0.65889,0.85485,5.81785
S5671,4,-7.53895,-0.42103,0.83339,7.28148,1,-7.25587,-0.33329,0.81838,5.73586,6,-6.74579,-0.39911,0.61632,5.198,5,-6.6043,-0.37224,0.77531,6.18133,1,-7.25587,-0.33329,0.89059,5.53296
S5673_1,7,-7.06467,0.36693,0.03629,5.93842,1,-7.26769,-2.09912,0.27459,8.08562,2,-7.16973,-1.39052,0.09053,7.87621,5,-7.49644,-3.05092,0.0059,5.04135,2,-7.16973,-1.39052,0.00671,6.02501
S5673,1,-7.30873,-5.35445,0.2229,6.08653,9,-7.54265,-1.3516,0.14925,8.44905,3,-7.84363,-3.18749,0.02319,8.1425,5,-7.92566,-2.34165,0.00543,4.02968,1,-7.30873,-5.35445,0.00971,5.8917
S5682,10,-5.58153,-1.6376,0.56387,5.70238,4,-5.27475,-0.37258,0.30488,4.98391,7,-5.296,-1.50528,0.21598,5.25522,2,-5.63498,-0.63271,0.84996,4.83025,10,-5.58153,-1.6376,0.11208,4.96386
S5685_1,10,-6.93326,0.80093,0.43269,5.28346,3,-6.25346,0.64637,0.75685,5.34632,1,-6.38759,0.02053,0.64056,5.25971,2,-6.8446,1.19904,0.91683,5.95826,3,-6.25346,0.64637,0.89247,5.10408
S5685,2,-7.58489,0.4239,0.42586,5.88105,3,-6.19464,0.95745,0.74162,5.10173,3,-6.19464,0.95745,0.31058,4.66946,3,-6.19464,0.95745,0.69626,5.24036,6,-6.31929,-0.01191,0.62854,5.31188
S5709_1,4,-6.82685,0.75578,0.53706,5.4974,5,-6.58125,-0.42712,0.64948,5.40011,1,-6.14677,-0.72986,0.61579,5.32054,5,-6.58125,-0.42712,0.74156,5.28409,1,-6.14677,-0.72986,0.94553,5.82072
S5709,2,-5.85483,-0.8341,0.5278,5.85887,6,-6.18077,1.5542,0.71346,5.21074,2,-5.85483,-0.8341,0.4011,5.11222,4,-6.3122,-0.49135,0.74621,5.24779,3,-6.42182,-0.84771,0.86361,5.66663
S5716_1,5,-9.29797,-0.09413,0.23792,7.64873,5,-9.29797,-0.09413,0.16147,6.30393,5,-9.29797,-0.09413,0.04048,6.48225,9,-8.21928,-0.28953,0.13976,5.48126,5,-9.29797,-0.09413,0.00676,5.14407
S5716_2,1,-8.50416,-0.67565,0.19527,7.15854,5,-7.98008,0.20394,0.12608,5.7753,5,-7.98008,0.20394,0.04407,5.75881,2,-8.17429,-0.42991,0.10793,5.4502,6,-8.45388,-0.59442,0.0025,4.74246
S5716_3,2,-7.75971,-1.13694,0.23446,7.52555,4,-8.57881,-0.59782,0.13224,6.16338,3,-8.30385,-0.46802,0.07239,6.43806,7,-9.23164,-0.56324,0.16209,5.26755,2,-7.75971,-1.13694,0.00254,5.12742
S5716,8,-9.16513,-0.47106,0.07257,7.05466,2,-7.91382,-0.70508,0.20575,5.78555,2,-7.91382,-0.70508,0.04713,5.86918,2,-7.91382,-0.70508,0.13513,4.67425,7,-8.22558,-0.74233,0.003,4.84876
S5719_1,6,-6.47279,-0.75819,0.38919,4.54471,1,-7.24744,1.30555,0.4423,5.32907,1,-7.24744,1.30555,0.16026,4.84139,1,-7.24744,1.30555,0.59939,4.68006,6,-6.47279,-0.75819,0.71909,5.10574
S5719,8,-6.69078,0.94922,0.05357,3.44856,1,-6.86508,0.47849,0.25762,4.93817,10,-6.28891,-0.48196,0.11345,4.59271,2,-6.08066,-1.1444,0.62916,5.0352,3,-6.72311,-0.68213,0.15688,4.44129
S5737,1,-6.93399,0.60058,0.36181,3.86553,1,-6.93399,0.60058,0.67235,5.88435,1,-6.93399,0.60058,0.57989,5.21664,1,-6.93399,0.60058,0.65354,4.30023,1,-6.93399,0.60058,0.57661,3.75925
S5738_1,7,-6.34105,0.57313,0.53687,5.71481,4,-6.35469,1.09426,0.7029,5.33249,4,-6.35469,1.09426,0.57439,5.16145,1,-6.79457,-0.17951,0.46343,5.04057,4,-6.35469,1.09426,0.77174,5.25159
S5738,9,-7.74027,0.06657,0.67385,6.10314,7,-7.80464,0.54149,0.73505,5.53202,1,-7.09347,-0.17289,0.65661,5.31911,2,-6.53789,-0.26515,0.82526,5.65297,2,-6.53789,-0.26515,0.91895,6.07477
S5759,5,-4.89557,-1.71467,0.5752,6.16266,2,-5.59011,-1.41767,0.31918,5.28592,7,-5.60202,-1.39356,0.26881,5.30765,6,-5.54411,-1.3133,0.72984,4.49279,7,-5.60202,-1.39356,0.12139,4.94802
S5767_1,3,-6.92295,-0.83656,0.41823,6.26601,10,-7.30258,-2.47461,0.6399,6.81389,10,-7.30258,-2.47461,0.24949,6.44012,3,-6.92295,-0.83656,0.19885,4.43474,9,-7.34972,-1.77,0.26131,6.26472
S5767_2,7,-6.81318,-1.76774,0.48116,7.66478,4,-7.53311,-1.64379,0.55287,6.42533,8,-7.66173,-1.84469,0.11107,6.42587,7,-6.81318,-1.76774,0.1773,4.69448,10,-7.50531,-1.76301,0.09981,6.1118
S5767_3,5,-7.65729,-0.98875,0.58298,8.19145,2,-7.40471,-2.0428,0.39385,6.54624,10,-7.59893,-2.17311,0.05092,6.20919,1,-7.94337,-1.70329,0.08001,4.33296,3,-7.18759,-0.8801,0.04227,5.81088
S5767,9,-6.80557,-3.04242,0.6829,7.40862,8,-7.6706,-1.72548,0.44363,6.70859,10,-7.35244,-1.79217,0.1638,6.41592,2,-6.80102,-2.28519,0.07963,4.88004,3,-7.47557,-1.21938,0.04219,5.70067
S5779_1,6,-5.61971,0.27261,0.75698,4.15478,5,-5.40345,-0.12779,0.19364,4.02368,5,-5.40345,-0.12779,0.05767,4.1326,3,-5.9198,-0.33052,0.22407,2.68966,7,-5.71467,0.49495,0.25418,3.26396
S5779_2,8,-5.39273,0.1141,0.34866,3.65862,5,-5.00481,0.03232,0.42098,4.16261,1,-5.53134,-0.35359,0.06998,4.12554,6,-5.07217,-0.29945,0.17514,2.80724,8,-5.39273,0.1141,0.19729,3.21716
S5779,4,-5.53965,0.31558,0.4371,4.20314,2,-5.35076,-0.19165,0.34104,4.20332,7,-5.31252,-0.20793,0.22122,4.50416,8,-4.91022,0.21109,0.27677,2.82372,2,-5.35076,-0.19165,0.14321,2.73887
S5808_1,7,-6.94994,-0.35286,0.45366,6.32167,2,-6.91893,-1.11572,0.3619,6.77719,3,-6.56555,-1.03932,0.05376,6.06037,3,-6.56555,-1.03932,0.6944,7.38467,7,-6.94994,-0.35286,0.17553,5.44051
S5808,1,-7.19267,-1.28961,0.3324,6.28961,1,-7.19267,-1.28961,0.42674,6.77869,1,-7.19267,-1.28961,0.13823,6.09718,8,-6.53323,-0.84612,0.61675,6.70944,1,-7.19267,-1.28961,0.24759,5.34812
S5908_1,2,-6.69868,-0.3622,0.43925,5.51832,5,-6.78418,-0.73647,0.51099,5.84357,10,-6.58992,-0.85383,0.51477,5.27743,1,-6.71054,-0.39851,0.7936,6.17734,8,-6.66146,-1.02802,0.45264,5.56258
S5908_2,3,-6.53466,0.04735,0.54767,5.62081,1,-6.7142,0.17983,0.69091,5.9757,3,-6.53466,0.04735,0.33492,5.03948,2,-7.4859,-0.54754,0.90506,6.0136,4,-5.79054,1.01161,0.15791,4.66608
S5908_3,2,-6.24615,-0.46196,0.45395,5.6959,2,-6.24615,-0.46196,0.57835,5.82774,9,-6.75855,-0.78061,0.69978,5.41763,1,-6.80242,-1.34802,0.87072,5.719,3,-6.92306,-0.75588,0.61803,5.74177
S5908_4,2,-7.2513,1.73429,0.46349,6.05972,4,-6.9441,-0.69644,0.40186,5.8399,5,-6.70572,-1.0551,0.18245,5.19403,5,-6.70572,-1.0551,0.48872,5.1852,5,-6.70572,-1.0551,0.43611,5.55563
S5908_5,5,-7.29435,0.66862,0.3799,6.11175,1,-6.71646,-0.07244,0.37938,5.90276,3,-7.20605,0.20029,0.19708,4.8586,4,-6.92547,-0.44991,0.72249,5.4441,1,-6.71646,-0.07244,0.08844,4.28083
S5908,1,-6.68884,0.10376,0.44591,5.14789,4,-6.84255,-0.91145,0.48167,5.82355,3,-6.43995,-0.45283,0.31017,4.96205,1,-6.68884,0.10376,0.60416,5.60803,9,-7.49977,-0.1482,0.20551,4.72813
S5952_1,6,-6.06874,-0.13372,0.28941,4.35121,1,-6.24037,0.0242,0.64039,6.39179,1,-6.24037,0.0242,0.59184,5.72993,1,-6.24037,0.0242,0.93748,6.53895,1,-6.24037,0.0242,0.80797,5.84241
S5952,1,-7.29414,-0.38464,0.34168,3.2875,3,-6.17711,-1.10226,0.69881,6.44119,3,-6.17711,-1.10226,0.5287,5.7235,1,-7.29414,-0.38464,0.60439,5.66198,1,-7.29414,-0.38464,0.60714,5.5794
S5956_1,9,-6.77579,-0.15788,0.37325,5.37317,9,-6.77579,-0.15788,0.74311,5.41608,9,-6.77579,-0.15788,0.46712,4.89671,6,-9.6664,-0.30867,0.6113,6.37933,9,-6.77579,-0.15788,0.72326,4.82011
S5956_2,9,-8.21896,0.41023,0.3563,5.43468,3,-9.20003,0.66808,0.79182,5.88091,3,-9.20003,0.66808,0.5075,5.41119,3,-9.20003,0.66808,0.62426,6.70974,3,-9.20003,0.66808,0.67285,5.23165
S5956_3,1,-7.18567,0.01651,0.41589,4.6338,4,-9.55408,0.44476,0.79026,5.93672,1,-7.18567,0.01651,0.52881,5.33025,3,-9.64548,-0.30952,0.75623,6.54768,1,-7.18567,0.01651,0.83797,5.18655
S5956,8,-7.1948,0.71574,0.21062,5.39467,6,-9.69563,0.62446,0.73102,5.78953,4,-9.14281,0.82769,0.29907,5.37282,4,-9.14281,0.82769,0.33673,6.0638,2,-6.86865,-0.1132,0.63179,4.82073
S5961_1,2,-9.6966,0.12853,0.30272,6.07065,1,-6.93747,-0.24089,0.62354,5.20552,3,-9.97118,0.17067,0.697,5.6316,7,-10.12545,-0.0657,0.68426,6.49869,2,-9.6966,0.12853,0.88685,5.737
S5961_2,7,-9.50506,0.44937,0.74026,6.30873,7,-9.50506,0.44937,0.82306,5.82601,1,-9.26619,0.03366,0.7025,5.58547,8,-6.48083,-0.3296,0.73412,5.46203,2,-7.15593,-0.23662,0.78545,5.17346
S5961_3,2,-9.90762,0.53769,0.54757,6.06749,2,-9.90762,0.53769,0.83108,5.84742,2,-9.90762,0.53769,0.6432,5.62208,6,-9.99953,0.15366,0.81603,6.73577,4,-9.6558,0.34607,0.88846,5.76983
S5961,5,-9.91482,0.27374,0.55309,6.46799,1,-7.46332,0.19944,0.75817,5.59893,1,-7.46332,0.19944,0.79329,5.51196,9,-10.29775,0.26885,0.85628,6.70256,1,-7.46332,0.19944,0.98288,6.0787
S5972_1,7,-9.36522,-0.45507,0.62286,7.11925,2,-7.0226,-0.25931,0.73119,5.20701,1,-7.17015,-0.6004,0.73305,5.56398,1,-7.17015,-0.6004,0.87738,5.25624,1,-7.17015,-0.6004,0.93968,6.33339
S5972,3,-9.85395,-0.30828,0.83287,7.76328,1,-10.04712,-0.17892,0.62682,5.98516,1,-10.04712,-0.17892,0.67736,5.87163,4,-7.25012,1.27804,0.29721,4.38733,5,-9.29122,0.27526,0.73019,6.0102
S5973_1,6,-8.80039,0.99845,0.70245,7.06416,3,-8.61098,-0.29865,0.81895,5.86659,2,-7.2265,-0.39281,0.43484,5.36587,4,-6.86518,0.92396,0.74134,6.33303,1,-7.90985,-0.06576,0.93235,5.59508
S5973,3,-6.98906,0.20825,0.4291,6.41431,1,-6.99071,-0.49452,0.62859,5.5849,6,-6.80374,-0.42601,0.27893,5.17973,8,-7.00492,-0.48728,0.80945,5.6827,4,-9.64268,-0.37032,0.92962,6.28266
S6041,4,-5.01011,-1.06195,0.85444,5.65487,1,-5.30466,-0.93379,0.406,5.23624,1,-5.30466,-0.93379,0.27255,4.92412,2,-4.64541,0.10919,0.72835,4.07211,9,-5.13628,-0.99344,0.54169,5.12592
S6047_1,1,-6.94458,-0.41842,0.77427,3.91469,3,-7.6658,-1.0433,0.41567,4.18228,3,-7.6658,-1.0433,0.60568,4.33529,1,-6.94458,-0.41842,0.33371,3.39938,1,-6.94458,-0.41842,0.9197,4.27412
S6047,10,-7.43577,0.01802,0.75413,4.35837,5,-6.58931,-0.80811,0.30371,3.80316,1,-7.20521,-0.61188,0.47189,4.11647,4,-6.38598,-0.88575,0.20811,2.68776,1,-7.20521,-0.61188,0.45344,3.66935
S6172_1,2,-6.41019,-0.17262,0.21212,3.42308,5,-5.74464,-0.17382,0.52588,5.40004,4,-5.74768,-0.18876,0.442,5.09043,5,-5.74464,-0.17382,0.31665,4.77347,5,-5.74464,-0.17382,0.19522,3.80528
S6172_2,5,-7.37498,-0.19231,0.35125,4.22317,3,-6.51542,-0.18299,0.50661,5.449,7,-5.9421,-0.19219,0.25576,4.94196,1,-6.50293,-0.04109,0.3735,4.75854,1,-6.50293,-0.04109,0.934,6.01209
S6172_3,3,-5.94069,-0.21842,0.4157,4.5711,1,-6.30329,-0.21856,0.327,5.48945,6,-6.29706,-0.20876,0.46109,5.13183,7,-6.73833,-0.25509,0.36423,4.47282,2,-6.96924,-0.18895,0.8812,5.31274
S6172,1,-6.02177,-0.19862,0.14484,2.83245,2,-6.08827,-0.19912,0.63362,5.30696,9,-5.878,-0.19505,0.54157,5.01372,4,-5.81308,0.17723,0.44604,4.74934,2,-6.08827,-0.19912,0.79289,4.66377
S6407_1,6,-5.21906,0.00775,0.59579,4.26024,4,-5.51836,-0.26022,0.57423,4.53241,9,-5.19722,-0.25218,0.19723,4.18897,6,-5.21906,0.00775,0.64707,2.90247,7,-5.56509,0.21821,0.42906,3.35788
S6407,5,-5.112,-0.47941,0.68069,3.73343,3,-5.56395,-0.60542,0.5422,4.39607,5,-5.112,-0.47941,0.40732,4.55742,9,-4.96627,-0.238,0.66071,3.26267,3,-5.56395,-0.60542,0.15586,2.97435
S6409,2,-5.98543,0.59302,0.36834,5.35143,1,-5.93175,-0.70282,0.38979,4.99545,7,-5.8675,-0.54524,0.12249,4.46253,10,-6.54385,-0.31214,0.42173,4.42677,5,-6.66643,-0.70411,0.05595,4.05874
S6456_1,10,-7.84569,0.31289,0.34381,6.21422,8,-6.5892,0.28914,0.72581,5.54605,1,-6.21387,-0.08046,0.36748,5.44313,7,-6.44045,0.00088,0.61116,6.79152,1,-6.21387,-0.08046,0.90334,5.477
S6456,3,-6.40053,-0.10469,0.364,5.64563,3,-6.40053,-0.10469,0.7366,5.57571,1,-7.23521,-0.10066,0.47921,5.64478,1,-7.23521,-0.10066,0.83525,6.76188,3,-6.40053,-0.10469,0.94912,5.35938
S6467_1,1,-7.47956,0.92206,0.77843,4.7627,4,-7.97114,1.77003,0.78356,5.98054,1,-7.47956,0.92206,0.42056,5.49781,2,-7.39181,0.90575,0.69259,5.61722,3,-7.28583,1.33202,0.56928,4.37571
S6467,6,-6.72325,0.61706,0.74075,3.76473,2,-7.70752,1.23527,0.7367,6.10112,1,-7.25156,0.09235,0.43148,5.35411,1,-7.25156,0.09235,0.66626,4.91927,2,-7.70752,1.23527,0.74622,4.36193
S6478_1,4,-7.34394,-0.60751,0.28728,4.48488,2,-8.15227,0.42209,0.24393,5.47719,5,-7.02872,-0.26429,0.05793,4.45808,4,-7.34394,-0.60751,0.60207,3.90848,4,-7.34394,-0.60751,0.17766,3.53479
S6478,1,-8.48711,-0.63804,0.53272,4.92127,1,-8.48711,-0.63804,0.24779,5.43719,10,-6.73087,-0.10231,0.06888,4.39411,3,-8.99505,-0.1979,0.66853,3.75614,1,-8.48711,-0.63804,0.30646,3.92948
S6484_1,1,-7.20621,-0.45834,0.98667,4.94455,1,-7.20621,-0.45834,0.71438,5.3602,6,-6.05729,-1.03903,0.76601,4.42486,1,-7.20621,-0.45834,0.61576,4.23929,3,-6.47182,-1.3731,0.95957,5.31212
S6484,3,-6.43497,-0.06592,0.76019,4.34484,3,-6.43497,-0.06592,0.42504,5.13435,1,-7.07558,0.79699,0.55298,4.95095,3,-6.43497,-0.06592,0.70753,4.37402,1,-7.07558,0.79699,0.87845,4.94038
S6487_1,4,-6.835,-0.20679,0.6388,6.72594,3,-7.08361,-0.11301,0.75163,5.92013,1,-6.2685,1.06388,0.33896,5.38873,2,-6.29602,0.88022,0.55948,5.76298,8,-7.71737,0.62607,0.58587,5.13777
S6487,3,-6.82641,-0.69894,0.56634,6.44701,1,-6.23487,0.54522,0.69133,5.87852,4,-6.99691,-0.66736,0.43628,5.51583,10,-6.29145,-0.76519,0.61293,6.09699,3,-6.82641,-0.69894,0.77303,5.06234
S6587_1,3,-8.09123,1.0715,0.63486,6.88371,8,-6.00555,-0.71649,0.75628,5.87927,2,-6.14023,0.64996,0.52482,5.30765,2,-6.14023,0.64996,0.88748,6.61053,3,-8.09123,1.0715,0.96506,6.53319
S6587,1,-7.73913,1.57419,0.84609,7.04081,1,-7.73913,1.57419,0.80386,6.48535,3,-6.15105,-0.14585,0.33952,5.59241,1,-7.73913,1.57419,0.88331,6.51311,1,-7.73913,1.57419,0.95728,6.39945
S6588_1,6,-6.96406,-0.84036,0.4178,6.47814,3,-7.13808,-0.32879,0.76826,5.4787,5,-7.9284,0.32177,0.52417,5.4582,3,-7.13808,-0.32879,0.72386,5.61787,2,-7.49187,-0.93084,0.92056,5.49156
S6588,6,-8.05886,0.22297,0.52596,7.28921,5,-7.17238,-0.1985,0.67808,5.90855,5,-7.17238,-0.1985,0.49109,5.46368,2,-7.05266,-0.48057,0.76701,5.82205,1,-8.42954,0.66895,0.78093,5.65579
S6589_1,10,-5.89087,-1.32543,0.66279,7.30461,1,-5.87052,-0.6645,0.61107,5.55245,9,-5.96213,-1.12098,0.23244,5.76898,3,-5.96273,-0.96397,0.6539,5.36444,1,-5.87052,-0.6645,0.73399,5.59898
S6589,10,-7.75361,-1.52802,0.76601,7.8304,5,-6.12242,-1.15147,0.54901,5.80793,6,-6.66284,-2.39948,0.10402,5.78925,4,-6.23302,-0.71136,0.70067,5.88627,6,-6.66284,-2.39948,0.21504,5.57067
S6590_1,4,-7.59103,1.08364,0.77315,7.19952,2,-7.26837,0.11045,0.7646,5.69535,1,-6.28433,1.66573,0.26847,5.01822,2,-7.26837,0.11045,0.63217,5.9671,1,-6.28433,1.66573,0.78971,5.0887
S6590,6,-7.65349,-0.99447,0.64548,6.34964,8,-5.8728,-0.29888,0.78155,5.25452,1,-6.17166,1.55131,0.56602,5.48713,1,-6.17166,1.55131,0.75935,5.63752,1,-6.17166,1.55131,0.60273,5.62136
S6593_1,7,-6.54517,-0.77412,0.38648,6.03343,1,-6.47738,-0.49943,0.77707,5.38999,3,-6.62279,-0.10089,0.70145,5.4153,3,-6.62279,-0.10089,0.75549,5.28095,1,-6.47738,-0.49943,0.9741,5.90497
S6593,8,-9.19041,-0.48367,0.55685,7.62012,5,-7.04788,-0.09783,0.72552,5.65466,5,-7.04788,-0.09783,0.46692,5.2004,2,-7.27621,-0.4317,0.32372,5.19538,3,-8.89597,-0.60028,0.70101,5.87207
S6659_1,2,-11.29737,3.84448,0.15822,5.44816,1,-8.50813,-0.97533,0.23207,5.94843,1,-8.50813,-0.97533,0.09389,5.56893,5,-9.03928,1.21124,0.10062,5.64365,4,-8.50797,0.46601,0.01601,5.14755
S6659_2,6,-10.28361,2.79932,0.33398,5.9643,1,-9.00551,1.20018,0.28784,6.34217,1,-9.00551,1.20018,0.05132,5.75212,10,-9.52505,-0.18966,0.23795,5.14736,6,-10.28361,2.79932,0.14332,5.94858
S6659_3,1,-10.72825,0.03443,0.16579,6.33745,7,-9.34527,0.64067,0.39999,6.22427,7,-9.34527,0.64067,0.04302,5.5028,5,-9.14877,-0.13193,0.30154,6.12764,5,-9.14877,-0.13193,0.0241,4.86533
S6659,5,-9.01615,-0.70012,0.52488,5.73407,7,-8.98794,0.8275,0.22183,6.89663,1,-9.37674,-0.7181,0.02411,5.83709,3,-10.38403,-0.69822,0.16956,4.27318,3,-10.38403,-0.69822,0.02152,5.40993
S6729_1,3,-6.49404,0.01658,0.72762,5.45105,1,-6.79836,-0.47578,0.69417,5.28722,1,-6.79836,-0.47578,0.66287,5.04575,6,-6.20263,0.20732,0.51689,4.63689,1,-6.79836,-0.47578,0.94369,4.21679
S6729,1,-6.96742,-0.21632,0.66487,5.07469,3,-7.54595,-0.51545,0.68172,5.14996,3,-7.54595,-0.51545,0.62774,4.90051,1,-6.96742,-0.21632,0.955,5.12925,3,-7.54595,-0.51545,0.73696,4.26909
S6896_1,4,-7.4113,-0.45088,0.69525,6.36557,3,-5.67131,-0.40259,0.69558,5.33195,2,-5.88191,0.54049,0.48843,5.26453,7,-7.14544,0.67238,0.78871,5.60827,3,-5.67131,-0.40259,0.78388,5.09431
S6896,5,-7.53007,-0.70562,0.79348,6.51124,9,-7.26606,0.11841,0.69916,5.77835,5,-7.53007,-0.70562,0.32618,5.39004,1,-6.27289,-0.2969,0.74695,5.31041,3,-5.83961,-0.74163,0.81876,5.56835
S7000_1,1,-7.2556,-0.16999,0.22228,6.58666,3,-7.31227,-0.62054,0.38434,5.72091,2,-6.98624,-1.47107,0.08443,5.81931,6,-6.90802,-0.47677,0.21673,4.73845,3,-7.31227,-0.62054,0.01788,5.08849
S7000_2,6,-8.92439,-1.35543,0.08516,6.11679,1,-7.63155,-1.30125,0.1282,5.92994,2,-7.56803,-1.13455,0.01677,5.95287,1,-7.63155,-1.30125,0.30991,4.2364,1,-7.63155,-1.30125,0.00857,4.9612
S7000,1,-7.94166,-0.9238,0.26758,6.83608,6,-6.9026,-1.01061,0.19694,5.58948,6,-6.9026,-1.01061,0.04016,5.59866,9,-7.15312,-0.66561,0.15234,5.38241,4,-7.23783,-0.50385,0.01256,4.87146
S7059_1,6,-7.87176,-0.15023,0.11009,5.45917,2,-7.80432,-0.19188,0.52659,5.87144,2,-7.80432,-0.19188,0.35268,5.45066,5,-8.10983,0.01103,0.4359,5.72545,2,-7.80432,-0.19188,0.29709,5.0919
S7059,7,-7.59142,0.46415,0.15784,5.74838,3,-7.89799,-0.05292,0.60803,5.95829,5,-7.33474,-0.3767,0.22047,5.13748,6,-7.33682,0.52774,0.53117,6.65763,1,-7.49937,-0.07054,0.16972,5.2002
S7158_1,5,-9.29797,-0.09413,0.23792,7.64873,5,-9.29797,-0.09413,0.16147,6.30393,5,-9.29797,-0.09413,0.04048,6.48225,9,-8.21928,-0.28953,0.13976,5.48126,5,-9.29797,-0.09413,0.00676,5.14407
S7158_2,1,-8.50416,-0.67565,0.19527,7.15854,5,-7.98008,0.20394,0.12608,5.7753,5,-7.98008,0.20394,0.04407,5.75881,2,-8.17429,-0.42991,0.10793,5.4502,6,-8.45388,-0.59442,0.0025,4.74246
S7158_3,2,-7.75971,-1.13694,0.23446,7.52555,4,-8.57881,-0.59782,0.13224,6.16338,3,-8.30385,-0.46802,0.07239,6.43806,7,-9.23164,-0.56324,0.16209,5.26755,2,-7.75971,-1.13694,0.00254,5.12742
S7158,8,-9.16513,-0.47106,0.07257,7.05466,2,-7.91382,-0.70508,0.20575,5.78555,2,-7.91382,-0.70508,0.04713,5.86918,2,-7.91382,-0.70508,0.13513,4.67425,7,-8.22558,-0.74233,0.003,4.84876
S7280_1,8,-8.9837,0.87315,0.33328,5.38568,7,-7.21381,-0.15395,0.36542,6.02344,5,-7.40292,-1.55237,0.12415,5.79746,10,-6.90343,-0.49175,0.24147,5.78268,4,-8.59297,0.78329,0.62784,5.89298
S7280_2,9,-7.12222,-0.73432,0.20574,4.97343,2,-7.13237,-0.63894,0.3771,5.83847,6,-7.37512,-0.40402,0.14722,5.40265,4,-7.23234,-0.61188,0.51123,6.18299,6,-7.37512,-0.40402,0.03596,4.85457
S7280_3,6,-9.68294,0.0627,0.12766,5.25052,2,-7.30174,-0.52674,0.4146,5.7298,2,-7.30174,-0.52674,0.16771,5.48674,2,-7.30174,-0.52674,0.60498,6.31576,2,-7.30174,-0.52674,0.04956,4.81276
S7280,8,-7.32969,0.06616,0.17377,4.47967,1,-6.97834,-0.35578,0.4603,5.58798,1,-6.97834,-0.35578,0.18062,5.401,3,-7.05673,-0.99333,0.59693,6.58271,10,-7.05684,-0.4201,0.07,5.17707
S7594_1,1,-7.03626,0.7995,0.59472,5.00701,3,-7.24815,0.69054,0.63553,5.13169,3,-7.24815,0.69054,0.64449,4.7145,1,-7.03626,0.7995,0.8027,4.67888,3,-7.24815,0.69054,0.88766,4.89624
S7594_2,4,-7.6893,-0.59132,0.59609,4.80443,4,-7.6893,-0.59132,0.59016,5.00389,4,-7.6893,-0.59132,0.59251,4.78838,1,-7.4625,0.30349,0.94922,5.25825,1,-7.4625,0.30349,0.91664,5.15114
S7594_3,6,-7.00478,-0.00914,0.54814,5.03194,3,-7.21068,0.51415,0.80407,5.16421,3,-7.21068,0.51415,0.75053,4.82167,6,-7.00478,-0.00914,0.87823,4.89314,3,-7.21068,0.51415,0.82972,4.77811
S7594,2,-6.72887,0.0582,0.74939,4.66912,2,-6.72887,0.0582,0.66249,5.32812,8,-7.38606,0.21053,0.54506,4.6887,1,-7.366,0.19493,0.75789,5.13853,1,-7.366,0.19493,0.84403,5.14324
S7672_1,2,-5.65064,-0.47221,0.29941,5.94628,2,-5.65064,-0.47221,0.70282,6.17253,1,-6.43368,-0.67826,0.44346,6.17687,2,-5.65064,-0.47221,0.89346,6.5378,2,-5.65064,-0.47221,0.93455,5.72857
S7672,1,-8.66403,0.21347,0.63788,8.65693,7,-6.02373,-0.55544,0.74229,6.08887,4,-5.77086,-0.482,0.60765,6.08298,9,-6.17705,3.68042,0.87203,6.52316,1,-8.66403,0.21347,0.88475,7.32882
S7852_1,2,-6.13938,-1.31015,0.4686,4.74509,3,-6.17798,-1.07947,0.26049,5.38,7,-7.41728,-1.30597,0.04697,5.06391,1,-6.22826,-1.0346,0.33768,3.53497,7,-7.41728,-1.30597,0.01655,4.47281
S7852_2,3,-6.46246,-1.14365,0.3388,4.84069,8,-6.92639,0.48684,0.34406,5.94109,9,-7.00736,-0.0559,0.04748,5.15313,5,-6.99643,0.20749,0.22387,3.71093,1,-6.56158,-1.37426,0.19483,5.01158
S7852_3,3,-7.20971,-0.97086,0.34778,5.76838,6,-7.19749,0.97807,0.39374,5.68868,3,-7.20971,-0.97086,0.07885,5.25913,1,-6.28755,-1.2171,0.22738,3.47284,2,-6.27723,-1.65241,0.3149,5.10266
S7852,3,-6.31075,-1.22386,0.46432,4.83081,2,-7.13518,-0.38071,0.34555,5.68611,8,-7.20881,-1.0855,0.02524,5.10605,1,-6.387,-1.07935,0.53203,4.16017,2,-7.13518,-0.38071,0.00723,4.36389
S8078_1,9,-6.64321,2.81037,0.47995,6.58211,4,-6.49504,-0.28844,0.7197,5.83018,1,-6.13024,-0.41225,0.60482,5.84734,5,-5.87281,-0.21879,0.79121,6.57339,1,-6.13024,-0.41225,0.94165,5.82426
S8078,6,-6.2333,0.2025,0.50161,6.53756,3,-5.70284,-0.15834,0.72575,5.8429,9,-5.70894,-0.13946,0.65185,5.93907,7,-5.48814,0.14548,0.85659,7.24462,9,-5.70894,-0.13946,0.92673,5.89167
S8135,5,-7.5494,-1.07531,0.15427,4.87311,3,-7.36927,-0.98805,0.32666,5.51763,1,-9.05261,-0.73986,0.06433,5.78786,5,-7.5494,-1.07531,0.46473,3.86034,3,-7.36927,-0.98805,0.03245,4.33222
S8144_1,7,-7.74201,-0.32477,0.19651,5.37725,3,-7.64417,-1.01747,0.33522,5.61543,3,-7.64417,-1.01747,0.06874,5.26486,2,-7.88731,-0.42613,0.39985,4.27479,4,-7.29655,-0.39436,0.0566,4.52932
S8144_2,3,-7.90606,-0.84492,0.4456,5.87508,2,-7.72207,-0.56673,0.2998,5.10316,6,-7.31304,-0.51823,0.08029,4.9679,5,-7.29727,-0.42783,0.55454,3.90433,3,-7.90606,-0.84492,0.11818,4.20144
S8144_3,5,-7.2435,-0.70737,0.29786,5.74543,9,-7.40763,1.53307,0.25218,5.16405,5,-7.2435,-0.70737,0.10971,4.93505,3,-7.22293,-0.65858,0.73723,4.83391,6,-8.58706,-0.42732,0.09103,4.2566
S8144,1,-7.80196,-0.62822,0.49996,5.04568,2,-7.91464,-0.48429,0.23485,5.35302,2,-7.91464,-0.48429,0.08045,4.94271,2,-7.91464,-0.48429,0.60853,3.89562,7,-8.22836,-0.71853,0.08218,4.16954
S8432_1,6,-9.70205,-0.11884,0.88074,7.2205,4,-9.70988,1.59784,0.72784,6.41917,4,-9.70988,1.59784,0.10094,5.21094,1,-9.70968,-0.66254,0.78281,4.67347,6,-9.70205,-0.11884,0.67703,5.55865
S8432_2,1,-8.58775,-0.60488,0.40851,5.95808,7,-7.885,-1.03159,0.42021,5.92161,9,-8.48416,-0.55675,0.10122,4.84691,4,-7.97221,0.40374,0.42936,4.82675,1,-8.58775,-0.60488,0.38212,5.09704
S8432_3,9,-9.7248,0.23484,0.93448,7.51624,1,-7.75877,-1.72193,0.56559,6.21054,1,-7.75877,-1.72193,0.22896,5.29868,5,-8.91118,-0.542,0.43067,4.65203,1,-7.75877,-1.72193,0.75086,5.34098
S8432,10,-9.11953,0.0145,0.46551,6.72025,1,-7.94263,-0.70283,0.49312,6.11853,3,-7.73209,-0.60616,0.16356,4.86381,3,-7.73209,-0.60616,0.32142,5.06785,10,-9.11953,0.0145,0.37208,5.11211
S8830_1,9,-7.21472,-0.50276,0.26584,6.24862,6,-6.96744,-0.30315,0.38754,6.77009,7,-7.44375,-1.94262,0.08483,6.3994,4,-7.4563,-0.42726,0.50294,6.66277,3,-7.34288,0.41635,0.08689,5.79255
S8830_2,4,-7.81137,0.45355,0.62219,6.53445,6,-6.96915,-1.96668,0.35649,6.86769,1,-7.24696,-1.29816,0.11402,6.52709,10,-7.72858,1.29047,0.2778,6.22722,2,-7.87499,0.40746,0.0879,5.80332
S8830_3,9,-7.85207,-1.18407,0.28709,6.47746,1,-6.8844,-2.29657,0.39128,6.82684,1,-6.8844,-2.29657,0.06347,6.18729,5,-7.30608,-1.1941,0.45157,6.23934,1,-6.8844,-2.29657,0.02993,5.36674
S8830,9,-8.34413,-0.50823,0.57686,6.78238,5,-7.30273,-2.18077,0.26627,6.68942,10,-7.50582,1.53503,0.03236,6.19059,5,-7.30273,-2.18077,0.44732,5.7564,9,-8.34413,-0.50823,0.07211,6.02438
S8848_1,2,-7.34573,-0.1442,0.29523,5.39952,6,-6.97716,-0.72819,0.28306,5.58568,3,-7.61667,-0.56145,0.05715,5.22545,6,-6.97716,-0.72819,0.23978,5.49176,3,-7.61667,-0.56145,0.04989,4.73441
S8848,9,-7.12773,-0.31651,0.18878,4.8387,4,-6.81858,-0.34243,0.19723,5.50458,6,-7.20934,-0.44588,0.04634,5.19089,9,-7.12773,-0.31651,0.50435,5.29337,2,-7.96811,-0.77436,0.01846,4.41295
S8873_1,7,-6.99148,-1.73745,0.29761,4.11639,1,-6.3853,-1.40108,0.28938,6.23705,4,-6.40652,-1.33938,0.06992,5.59304,4,-6.40652,-1.33938,0.37008,5.92412,2,-6.83992,-1.68499,0.06701,4.74062
S8873,1,-8.16316,-0.74596,0.33303,4.42627,8,-6.33338,-1.09,0.49309,6.85086,8,-6.33338,-1.09,0.09455,6.21839,10,-6.33371,-1.71367,0.76495,5.33714,1,-8.16316,-0.74596,0.30381,5.52253
S8884_1,10,-9.83883,-1.37912,0.54918,6.35496,1,-7.46141,-0.42866,0.39373,6.48442,3,-7.25753,-1.30276,0.06125,6.18522,8,-7.50276,-1.19021,0.18293,4.69823,1,-7.46141,-0.42866,0.10944,5.75448
S8884_2,5,-8.49209,-0.11161,0.15871,5.64632,3,-7.51621,-0.26627,0.25478,6.74498,3,-7.51621,-0.26627,0.1827,6.54728,1,-7.50192,-1.00094,0.43331,5.27036,2,-7.84392,-0.39849,0.03545,5.65581
S8884_3,2,-8.23938,-0.09477,0.06713,5.38065,2,-8.23938,-0.09477,0.27061,6.55203,1,-8.42573,-1.78916,0.03063,6.26891,2,-8.23938,-0.09477,0.18203,5.0478,3,-8.10931,0.33513,0.01305,5.1793
S8884,8,-8.03358,-1.34564,0.15322,5.82954,1,-7.34902,-0.97546,0.23631,6.14552,3,-7.38722,-2.08351,0.02822,6.19398,8,-8.03358,-1.34564,0.33443,6.05589,1,-7.34902,-0.97546,0.01087,5.2526
S8955_1,9,-7.21472,-0.50276,0.26584,6.24862,6,-6.96744,-0.30315,0.38754,6.77009,7,-7.44375,-1.94262,0.08483,6.3994,4,-7.4563,-0.42726,0.50294,6.66277,3,-7.34288,0.41635,0.08689,5.79255
S8955_2,4,-7.81137,0.45355,0.62219,6.53445,6,-6.96915,-1.96668,0.35649,6.86769,1,-7.24696,-1.29816,0.11402,6.52709,10,-7.72858,1.29047,0.2778,6.22722,2,-7.87499,0.40746,0.0879,5.80332
S8955_3,9,-7.85207,-1.18407,0.28709,6.47746,1,-6.8844,-2.29657,0.39128,6.82684,1,-6.8844,-2.29657,0.06347,6.18729,5,-7.30608,-1.1941,0.45157,6.23934,1,-6.8844,-2.29657,0.02993,5.36674
S8955,9,-8.34413,-0.50823,0.57686,6.78238,5,-7.30273,-2.18077,0.26627,6.68942,10,-7.50582,1.53503,0.03236,6.19059,5,-7.30273,-2.18077,0.44732,5.7564,9,-8.34413,-0.50823,0.07211,6.02438
S9015_1,2,-7.50899,-1.4692,0.28493,5.42294,2,-7.50899,-1.4692,0.57252,6.3272,3,-6.94968,-1.27879,0.26355,5.316,6,-6.98529,-2.0052,0.327,5.20449,8,-7.92196,-2.02682,0.43444,5.71392
S9015_2,8,-7.79067,0.50622,0.48125,5.80269,1,-7.3288,-2.21314,0.81037,6.5826,1,-7.3288,-2.21314,0.72928,5.98266,1,-7.3288,-2.21314,0.46081,4.84176,1,-7.3288,-2.21314,0.98979,6.1523
S9015_3,3,-8.78779,-2.0731,0.25564,6.21689,1,-6.79129,-2.69301,0.66368,6.18483,6,-6.61126,-1.77599,0.38255,5.28255,2,-7.12541,-0.62145,0.34487,4.50462,3,-8.78779,-2.0731,0.72292,6.01494
S9015,10,-7.73232,-1.91105,0.21363,5.67138,1,-7.62144,-2.57762,0.69431,6.66004,2,-6.74684,-2.10408,0.5217,5.58652,2,-6.74684,-2.10408,0.12908,5.13679,1,-7.62144,-2.57762,0.85948,5.87122
S9019_1,6,-6.64181,0.15677,0.70992,6.05665,4,-7.11206,0.37903,0.74604,5.83019,3,-6.44628,-0.19712,0.56662,5.59348,5,-6.47019,-0.1003,0.91135,6.5702,5,-6.47019,-0.1003,0.91949,5.32485
S9019,10,-7.00269,0.55592,0.74741,6.82122,5,-7.16444,-0.41745,0.71933,5.72754,3,-6.03047,-0.42912,0.57065,5.55372,4,-6.11748,-0.22595,0.9156,6.65915,3,-6.03047,-0.42912,0.94389,5.4091
S9024_1,3,-7.59305,-0.13365,0.20413,5.77117,4,-6.59517,-0.19083,0.69164,5.75286,4,-6.59517,-0.19083,0.61936,5.76283,1,-5.92914,-0.19483,0.8516,6.44248,1,-5.92914,-0.19483,0.87117,5.41859
S9024,7,-6.17193,0.19294,0.25312,5.55447,7,-6.17193,0.19294,0.66319,5.81955,6,-7.22018,0.12782,0.49555,5.80781,1,-6.5449,-0.21502,0.64453,6.96288,6,-7.22018,0.12782,0.88115,5.7077
S9032,8,-6.9734,0,0.26168,4.34399,1,-6.61587,0,0.5021,5.19345,4,-6.66117,0,0.52246,4.58312,3,-6.62651,0,0.66954,6.08475,1,-6.61587,0,0.16539,3.84475
S9063_1,6,-8.06755,-0.41426,0.39549,6.55984,2,-7.30146,-0.76684,0.51675,6.06612,1,-6.63933,-2.50799,0.17548,5.36096,2,-7.30146,-0.76684,0.21008,4.54215,2,-7.30146,-0.76684,0.75934,5.8132
S9063_2,4,-6.82743,-2.81454,0.27933,4.95334,6,-6.76612,-2.3213,0.36789,5.69453,1,-6.6425,-0.35024,0.22381,5.06673,7,-6.79417,-2.58922,0.10698,3.56558,4,-6.82743,-2.81454,0.30341,5.13335
S9063_3,1,-7.62297,-1.58294,0.55774,5.89294,1,-7.62297,-1.58294,0.7022,6.24647,1,-7.62297,-1.58294,0.39557,5.59431,1,-7.62297,-1.58294,0.37558,4.83978,1,-7.62297,-1.58294,0.63568,5.30733
S9063,1,-7.18857,-1.49248,0.19663,6.56738,3,-6.79014,-2.4615,0.46538,6.04724,3,-6.79014,-2.4615,0.25896,5.45246,1,-7.18857,-1.49248,0.4357,4.83139,1,-7.18857,-1.49248,0.9638,6.54581
S9086,9,-5.76078,-0.66941,0.33423,5.31077,8,-6.83383,-0.74424,0.49968,5.29016,8,-6.83383,-0.74424,0.34914,5.05551,4,-6.70203,-0.49217,0.53356,3.81511,8,-6.83383,-0.74424,0.61784,4.43521
S9102_1,1,-8.07078,0.29324,0.32361,4.77109,7,-7.25729,-0.88648,0.14639,5.33222,2,-6.91274,-1.02634,0.04452,4.76764,4,-7.40655,0.48547,0.18402,3.63011,1,-8.07078,0.29324,0.20134,3.86507
S9102,10,-8.0645,-0.37402,0.24907,5.1855,9,-6.59367,-0.51826,0.20319,5.13109,5,-6.55543,0.16126,0.07137,4.46534,2,-5.92858,0.22837,0.14451,3.85157,10,-8.0645,-0.37402,0.26894,3.66788
S9183_1,7,-7.3959,0,0.48736,7.37067,10,-6.7466,0,0.78117,5.3597,4,-7.22922,0,0.56997,5.12214,4,-7.22922,0,0.9207,5.9896,4,-7.22922,0,0.92445,5.11881
S9183,7,-7.68304,0,0.47743,6.87868,9,-6.51554,0,0.82373,5.20864,6,-7.37974,0,0.5921,5.54149,3,-6.57005,0,0.90793,5.72152,2,-7.18461,0,0.95893,6.01698
S9193,3,-6.88133,-0.16601,0.87614,3.37629,2,-6.99826,0.13214,0.51585,5.32345,1,-6.44495,-0.13436,0.28553,4.2343,4,-6.41219,-0.17948,0.67051,5.01127,3,-6.88133,-0.16601,0.73012,3.97569
S9252_1,3,-5.15065,1.27611,0.24419,2.23007,1,-5.46728,-0.1604,0.57378,5.07372,1,-5.46728,-0.1604,0.37559,4.5529,3,-5.15065,1.27611,0.81525,5.03762,1,-5.46728,-0.1604,0.17078,3.31722
S9252_2,5,-6.30278,-0.13214,0.63932,3.037,3,-6.24384,-0.11529,0.56023,5.80444,3,-6.24384,-0.11529,0.40689,5.41394,3,-6.24384,-0.11529,0.49439,4.95431,1,-5.33473,0.12514,0.35035,3.89646
S9252_3,3,-5.62996,-0.15514,0.33279,2.55717,1,-5.71722,-0.00321,0.50516,5.60646,1,-5.71722,-0.00321,0.19498,4.98146,7,-5.4238,1.58381,0.39531,5.01434,3,-5.62996,-0.15514,0.08212,3.39356
S9252,3,-6.26269,-0.11497,0.46091,3.06606,3,-6.26269,-0.11497,0.47782,5.25379,3,-6.26269,-0.11497,0.14553,4.51462,10,-4.6874,0.27148,0.24113,4.94763,3,-6.26269,-0.11497,0.19504,3.57554
S9288,5,-6.18879,0.28897,0.16755,4.32146,5,-6.18879,0.28897,0.38183,5.2527,5,-6.18879,0.28897,0.13737,4.40232,3,-8.40205,-0.42963,0.47713,4.53236,3,-8.40205,-0.42963,0.57977,3.31507
S9416_1,2,-7.3631,0.56094,0.89849,6.17643,1,-6.929,0.56863,0.64727,5.00841,1,-6.929,0.56863,0.22011,4.21907,1,-6.929,0.56863,0.31129,4.91557,3,-8.57971,-0.23263,0.67216,5.27321
S9416,8,-7.58057,0.99921,0.89648,5.94947,4,-6.94321,0.50398,0.52838,5.05652,4,-6.94321,0.50398,0.48419,4.47616,2,-7.2426,0.59858,0.69392,5.38526,1,-6.84958,0.58209,0.70729,4.84785
S9451_1,3,-7.83307,-1.02136,0.7914,3.96389,1,-8.74072,0.36915,0.56077,4.89511,1,-8.74072,0.36915,0.54936,4.55758,6,-6.67515,-0.4531,0.65506,3.84973,1,-8.74072,0.36915,0.82556,3.56777
S9451_2,1,-8.7498,-0.83193,0.93399,4.42167,1,-8.7498,-0.83193,0.93757,4.9167,1,-8.7498,-0.83193,0.84269,4.52654,1,-8.7498,-0.83193,0.9944,5.00429,1,-8.7498,-0.83193,0.92338,4.06513
S9451_3,4,-7.5625,-0.13368,0.91322,4.58895,1,-8.24785,-0.32521,0.88096,4.72443,2,-8.23754,-0.24071,0.66643,4.28739,1,-8.24785,-0.32521,0.98591,4.72257,6,-7.8171,-0.13132,0.79251,3.89836
S9451,1,-8.8582,-0.27548,0.849,4.12304,3,-7.25497,-0.52676,0.93173,4.81017,1,-8.8582,-0.27548,0.9374,4.58826,1,-8.8582,-0.27548,0.98932,5.47128,1,-8.8582,-0.27548,0.93475,3.70135
S9500_1,1,-8.35697,1.93773,0.49314,6.37267,3,-5.99304,-0.87832,0.34879,5.75555,3,-5.99304,-0.87832,0.10762,5.26294,7,-5.51885,-0.9909,0.6745,5.11866,1,-8.35697,1.93773,0.07163,5.07884
S9500_2,3,-5.44352,-0.91353,0.24196,4.94727,8,-5.35625,-1.34398,0.47686,5.49634,8,-5.35625,-1.34398,0.15784,5.19797,1,-5.3396,-1.18755,0.67516,5.07921,7,-5.3761,-1.18418,0.06424,3.92212
S9500_3,3,-8.41112,1.86025,0.42329,6.22095,4,-5.97877,-0.98528,0.43493,5.44657,4,-5.97877,-0.98528,0.10343,5.02848,1,-5.51368,-0.81729,0.7205,5.1001,3,-8.41112,1.86025,0.05358,4.97053
S9500_4,8,-6.1282,-1.30672,0.46104,5.70317,1,-5.72762,-1.30081,0.64193,5.89472,1,-5.72762,-1.30081,0.32401,5.47331,1,-5.72762,-1.30081,0.26244,4.35156,5,-5.50718,-1.85437,0.42432,4.60377
S9500_5,3,-8.3704,1.75191,0.67709,6.51738,4,-5.6297,1.36734,0.59674,5.54014,2,-5.60824,-0.85951,0.17677,5.00783,2,-5.60824,-0.85951,0.33691,5.12129,4,-5.6297,1.36734,0.60946,5.04462
S9500,4,-6.0211,-1.84005,0.47347,5.1237,2,-5.71488,-1.28272,0.44382,5.62213,2,-5.71488,-1.28272,0.26499,5.39939,6,-5.33509,-1.28691,0.26114,3.56268,4,-6.0211,-1.84005,0.14604,4.79332
S9502_1,2,-7.07665,0.76039,0.37126,5.98879,9,-6.11582,-0.31947,0.70659,5.44707,5,-6.29574,0.83756,0.41127,5.36223,6,-6.22002,-0.28369,0.8496,6.59579,6,-6.22002,-0.28369,0.86001,5.32055
S9502_2,1,-6.09956,-0.42557,0.39658,4.50611,6,-6.417,-0.45863,0.83264,5.21948,8,-6.57052,-0.45799,0.58703,5.5964,1,-6.09956,-0.42557,0.92084,6.12562,7,-6.53708,-0.24137,0.97615,5.54166
S9502_3,8,-9.87922,0.66267,0.28475,7.2938,2,-6.27447,-0.2312,0.75783,5.33458,5,-6.47249,0.67775,0.44572,5.41857,4,-6.23635,-0.23604,0.8897,6.50904,6,-6.41478,-0.40774,0.97507,5.55848
S9502,9,-6.51564,-0.48334,0.17514,4.93649,5,-6.15562,-0.53443,0.80327,5.24778,5,-6.15562,-0.53443,0.56595,5.34684,1,-6.28559,-0.50477,0.85087,6.21363,7,-6.34441,-0.32133,0.95484,5.48288
S9509,9,-7.02312,-0.73322,0.52324,5.34955,5,-6.0645,-0.52207,0.28796,4.78437,6,-6.05982,-0.81313,0.27193,4.65505,1,-5.30809,-0.4998,0.7061,3.89854,9,-7.02312,-0.73322,0.11828,4.15505
S9693,8,-9.36958,-0.71961,0.20999,5.66541,7,-7.37551,-0.95977,0.18791,5.46109,8,-9.36958,-0.71961,0.06412,5.58716,10,-7.55831,-0.99146,0.48901,6.04133,8,-9.36958,-0.71961,0.053,4.9143
S9715_1,5,-7.08256,-0.86811,0.07268,5.44591,4,-7.47245,-0.83475,0.22609,5.6279,4,-7.47245,-0.83475,0.12621,5.92188,7,-7.19452,-0.84992,0.56476,5.57904,4,-7.47245,-0.83475,0.06373,4.69868
S9715_2,2,-8.10638,0.41864,0.03387,4.80498,5,-8.05786,-0.89537,0.18327,5.39252,1,-7.54102,0.56023,0.04915,5.40201,7,-7.80233,-0.95073,0.25584,4.07282,5,-8.05786,-0.89537,0.00421,4.39145
S9715,7,-8.82896,-0.4531,0.10358,5.0231,9,-7.62491,-0.88862,0.1755,5.53864,1,-8.3908,-0.86562,0.04197,5.85406,5,-7.56632,0.07837,0.39893,5.69916,7,-8.82896,-0.4531,0.00979,4.73601
S9825_1,2,-9.36869,-0.66987,0.47954,6.19227,3,-8.51407,-0.42285,0.48621,5.88814,3,-8.51407,-0.42285,0.11459,5.40482,2,-9.36869,-0.66987,0.5413,4.71754,8,-8.57408,-1.13586,0.09626,4.58615
S9825,5,-7.91625,-1.35442,0.43101,5.86301,5,-7.91625,-1.35442,0.46864,5.79265,5,-7.91625,-1.35442,0.29498,5.3368,4,-7.76173,-1.48536,0.31883,4.41152,5,-7.91625,-1.35442,0.05266,4.57884
