#Frame      RoG_00001
       1      30.1996
       2      30.1853
       3      30.2283
       4      30.1699
       5      30.0971
       6      30.1516
       7      30.2107
       8      30.1642
       9      30.2641
      10      30.2606
      11      30.3294
      12      30.1527
      13      30.2428
      14      30.2712
      15      30.2965
      16      30.2258
      17      30.1806
      18      30.2510
      19      30.2017
      20      30.2584
      21      30.1375
      22      30.1446
      23      30.2192
      24      30.1443
      25      30.1707
      26      30.1882
      27      30.1586
      28      30.1905
      29      30.1811
      30      30.2987
      31      30.1087
      32      30.0531
      33      30.1251
      34      30.0913
      35      30.1932
      36      30.1533
      37      30.1795
      38      30.0756
      39      30.1135
      40      30.0697
      41      30.2159
      42      30.1303
      43      30.1614
      44      30.0864
      45      30.1494
      46      30.1687
      47      30.1691
      48      30.1544
      49      30.1866
      50      30.2085
      51      30.2381
      52      30.0661
      53      30.0300
      54      30.1697
      55      30.1901
      56      30.1299
      57      30.0936
      58      30.1313
      59      30.1269
      60      30.1244
      61      30.2188
      62      30.0849
      63      30.0488
      64      30.0619
      65      30.1050
      66      30.1042
      67      30.1411
      68      30.0992
      69      30.1740
      70      30.1554
      71      30.2197
      72      30.1941
      73      30.2018
      74      30.1931
      75      30.2007
      76      30.1975
      77      30.2098
      78      30.0957
      79      30.1789
      80      30.2655
      81      30.2348
      82      30.2377
      83      30.1372
      84      30.2109
      85      30.2264
      86      30.1181
      87      30.1787
      88      30.1345
      89      30.2095
      90      30.0860
      91      30.1565
      92      30.2001
      93      30.1285
      94      30.1594
      95      30.2135
      96      30.1587
      97      30.1092
      98      30.1239
      99      30.1899
     100      30.0231
     101      30.1216
     102      30.1195
     103      30.2134
     104      30.0965
     105      30.1325
     106      30.0196
     107      30.1947
     108      30.1625
     109      30.1397
     110      30.1769
     111      30.2001
     112      30.2338
     113      30.1410
     114      30.0721
     115      30.0366
     116      30.1159
     117      30.0799
     118      30.1331
     119      30.0925
     120      30.1043
     121      30.1627
     122      30.1752
     123      30.1438
     124      30.1446
     125      30.0657
     126      30.2273
     127      30.1222
     128      30.1058
     129      30.1226
     130      30.1547
     131      30.0742
     132      30.1085
     133      30.0459
     134      29.9995
     135      30.0691
     136      30.0935
     137      30.1276
     138      30.1299
     139      30.0644
     140      30.0088
     141      29.9748
     142      30.0285
     143      30.0340
     144      30.0483
     145      30.1404
     146      30.1271
     147      30.1591
     148      30.1844
     149      30.1960
     150      30.1902
     151      30.2648
     152      30.2044
     153      30.1909
     154      30.1615
     155      30.1102
     156      30.2210
     157      30.1402
     158      30.2026
     159      30.0851
     160      30.2020
     161      30.3019
     162      30.2056
     163      30.1719
     164      30.1752
     165      30.1338
     166      30.1524
     167      30.2202
     168      30.1851
     169      30.1752
     170      30.2407
     171      30.1906
     172      30.2205
     173      30.2922
     174      30.3095
     175      30.2674
     176      30.2015
     177      30.2442
     178      30.1532
     179      30.2516
     180      30.1002
     181      30.2340
     182      30.1894
     183      30.1595
     184      30.1624
     185      30.2671
     186      30.1981
     187      30.2466
     188      30.3036
     189      30.2680
     190      30.2565
     191      30.2292
     192      30.2586
     193      30.2455
     194      30.2489
     195      30.2190
     196      30.1880
     197      30.1704
     198      30.2146
     199      30.2016
     200      30.1769
     201      30.1501
     202      30.1250
     203      30.1287
     204      30.1197
     205      30.1320
     206      30.1141
     207      30.1544
     208      30.1280
     209      30.1547
     210      30.1551
     211      30.1853
     212      30.1060
     213      30.1787
     214      30.1054
     215      30.0619
     216      30.0602
     217      30.1057
     218      30.1486
     219      30.1889
     220      30.1196
     221      30.1095
     222      30.0787
     223      30.1705
     224      30.1450
     225      30.1475
     226      30.1226
     227      30.2294
     228      30.2535
     229      30.2615
     230      30.2603
     231      30.2372
     232      30.2165
     233      30.3223
     234      30.2086
     235      30.2876
     236      30.1672
     237      30.2127
     238      30.1590
     239      30.3063
     240      30.2721
     241      30.2444
     242      30.1440
     243      30.2085
     244      30.2225
     245      30.1623
     246      30.1884
     247      30.1962
     248      30.1616
     249      30.1609
     250      30.1045
     251      30.2125
     252      30.1690
     253      30.1458
     254      30.1213
     255      30.1081
     256      30.1414
     257      30.1011
     258      30.0901
     259      30.1758
     260      30.1645
     261      30.2287
     262      30.1945
     263      30.1768
     264      30.2324
     265      30.2224
     266      30.1432
     267      30.1858
     268      30.2437
     269      30.1447
     270      30.1679
     271      30.1831
     272      30.2068
     273      30.1077
     274      30.1866
     275      30.1597
     276      30.0955
     277      30.1202
     278      30.1518
     279      30.1743
     280      30.1271
     281      30.0788
     282      30.0527
     283      30.1012
     284      30.0036
     285      30.0130
     286      30.0482
     287      30.0880
     288      30.1128
     289      30.0662
     290      30.1079
     291      30.0884
     292      30.1454
     293      30.0378
     294      30.0633
     295      30.0117
     296      30.0451
     297      30.1164
     298      30.0114
     299      30.0559
     300      30.1800
     301      30.0644
     302      30.0949
     303      30.0988
     304      30.1232
     305      30.0149
     306      30.1894
     307      30.1798
     308      30.0947
     309      29.9727
     310      30.1137
     311      30.0339
     312      29.9819
     313      30.0248
     314      30.1210
     315      30.0705
     316      30.0825
     317      29.9834
     318      30.0852
     319      30.1175
     320      30.1344
     321      30.1210
     322      30.1618
     323      30.1063
     324      30.0630
     325      30.0753
     326      30.0895
     327      30.0385
     328      30.0877
     329      30.0391
     330      30.1311
     331      30.0863
     332      30.1357
     333      30.1915
     334      30.0869
     335      30.1010
     336      30.1098
     337      30.0326
     338      30.1087
     339      30.1609
     340      30.0290
     341      30.1366
     342      30.2309
     343      30.2969
     344      30.2788
     345      30.2144
     346      30.2684
     347      30.1836
     348      30.2315
     349      30.1975
     350      30.2041
     351      30.1348
     352      30.2056
     353      30.1771
     354      30.2387
     355      30.1911
     356      30.0860
     357      30.2393
     358      30.1335
     359      30.1887
     360      30.1997
     361      30.2619
     362      30.1742
     363      30.1393
     364      30.1938
     365      30.0968
     366      30.1634
     367      30.0416
     368      30.1733
     369      30.1952
     370      30.1523
     371      30.1497
     372      30.1791
     373      30.1613
     374      30.1624
     375      30.1905
     376      30.1755
     377      30.3136
     378      30.1823
     379      30.1780
     380      30.1707
     381      30.1914
     382      30.2190
     383      30.1545
     384      30.1129
     385      30.1565
     386      30.1392
     387      30.1942
     388      30.2823
     389      30.2314
     390      30.2711
     391      30.2378
     392      30.1965
     393      30.2732
     394      30.3035
     395      30.2989
     396      30.3046
     397      30.2639
     398      30.1926
     399      30.2775
     400      30.2111
     401      30.2138
     402      30.3085
     403      30.2751
     404      30.2277
     405      30.2721
     406      30.2322
     407      30.1121
     408      30.1348
     409      30.1924
     410      30.1958
     411      30.1447
     412      30.0245
     413      30.1654
     414      30.1001
     415      30.0735
     416      30.1927
     417      30.0838
     418      30.1349
     419      30.0612
     420      30.0918
     421      30.0338
     422      30.1448
     423      30.1259
     424      30.0744
     425      30.1185
     426      30.1111
     427      30.1048
     428      30.1039
     429      30.1066
     430      30.0790
     431      30.1743
     432      30.1010
     433      30.0336
     434      30.1203
     435      30.1669
     436      30.1390
     437      30.1843
     438      30.0709
     439      30.2148
     440      30.1418
     441      30.1162
     442      30.0355
     443      30.1571
     444      30.0515
     445      30.0995
     446      30.1574
     447      30.1861
     448      30.1176
     449      29.9954
     450      30.1273
     451      30.1372
     452      30.1352
     453      30.1122
     454      30.0838
     455      30.1296
     456      30.1215
     457      30.1250
     458      30.1604
     459      30.2500
     460      30.1541
     461      30.1342
     462      30.1393
     463      30.1689
     464      30.2007
     465      30.1621
     466      30.0931
     467      30.1096
     468      30.1683
     469      30.0745
     470      30.1372
     471      30.2291
     472      30.2583
     473      30.2807
     474      30.2271
     475      30.2348
     476      30.1385
     477      30.1536
     478      30.0675
     479      30.0441
     480      30.0365
     481      30.1120
     482      30.0168
     483      30.0290
     484      30.1033
     485      30.1069
     486      30.0503
     487      30.1877
     488      30.1725
     489      30.1464
     490      30.2040
     491      30.2988
     492      30.2385
     493      30.2852
     494      30.2745
     495      30.2397
     496      30.2855
     497      30.1787
     498      30.1856
     499      30.2008
     500      30.2968
     501      30.1792
     502      30.2321
     503      30.2118
     504      30.2254
     505      30.2656
     506      30.0927
     507      30.2609
     508      30.1024
     509      30.1698
     510      30.1953
     511      30.1134
     512      30.1423
     513      30.2009
     514      30.1735
     515      30.2224
     516      30.1738
     517      30.1819
     518      30.1478
     519      30.0901
     520      30.0881
     521      30.0719
     522      30.0590
     523      30.0628
     524      30.0908
     525      30.1107
     526      30.0577
     527      30.1156
     528      30.0405
     529      30.0806
     530      30.0632
     531      30.1102
     532      30.0767
     533      30.0795
     534      30.0112
     535      30.1547
     536      30.0919
     537      30.1445
     538      30.0805
     539      30.0959
     540      30.0547
     541      30.0962
     542      30.1375
     543      30.1001
     544      30.1095
     545      30.1426
     546      30.0096
     547      30.1141
     548      30.2246
     549      30.1152
     550      30.0815
     551      30.0942
     552      30.0773
     553      30.0330
     554      30.0910
     555      30.2008
     556      30.0968
     557      30.1365
     558      28.0742
     559      28.2057
     560      30.1719
     561      28.1228
     562      28.0317
     563      28.1482
     564      28.1109
     565      28.0449
     566      28.0593
     567      28.0477
     568      28.0412
     569      28.0261
     570      28.1836
     571      28.0538
     572      28.1646
     573      28.0115
     574      28.0893
     575      28.0753
     576      28.0387
     577      28.1377
     578      28.0096
     579      28.0495
     580      27.9842
     581      28.0902
     582      28.0946
     583      27.9233
     584      27.9885
     585      27.9600
     586      27.9779
     587      28.0174
     588      28.1766
     589      28.0810
     590      28.1388
     591      28.1979
     592      28.1238
     593      28.1569
     594      28.1066
     595      28.1492
     596      28.1220
     597      28.1739
     598      28.1553
     599      28.2058
     600      28.2721
     601      28.1241
     602      28.0635
     603      28.1360
     604      28.1839
     605      28.3413
     606      28.1725
     607      28.2330
     608      28.1744
     609      28.3056
     610      28.1558
     611      28.1374
     612      28.0635
     613      28.2366
     614      28.2310
     615      28.0214
     616      28.1232
     617      28.1286
     618      28.1892
     619      28.1744
     620      28.2116
     621      28.1595
     622      28.1792
     623      28.2007
     624      28.2199
     625      28.1027
     626      28.1781
     627      28.2360
     628      28.1619
     629      28.1671
     630      28.2259
     631      28.1658
     632      28.1627
     633      28.1024
     634      28.1206
     635      28.1424
     636      28.1631
     637      28.2427
     638      28.1242
     639      28.1638
     640      28.2383
     641      28.1688
     642      28.1022
     643      28.0978
     644      28.0492
     645      28.0215
     646      28.1288
     647      28.0618
     648      28.0658
     649      28.0855
     650      28.0578
     651      28.0461
     652      28.1287
     653      28.1177
     654      28.0222
     655      28.0059
     656      28.0225
     657      27.9322
     658      28.1255
     659      28.1358
     660      28.0242
     661      28.0308
     662      28.0588
     663      28.0019
     664      28.0441
     665      28.0766
     666      28.1039
     667      28.0372
     668      28.0006
     669      28.1058
     670      28.1301
     671      28.0468
     672      28.1438
     673      28.0961
     674      28.1946
     675      28.1271
     676      27.9875
     677      28.0184
     678      28.0797
     679      28.1646
     680      28.1697
     681      28.0937
     682      28.1387
     683      28.1250
     684      28.0991
     685      28.1676
     686      28.1049
     687      28.2157
     688      28.0869
     689      28.1835
     690      28.0351
     691      28.1503
     692      28.1565
     693      28.2981
     694      28.2378
     695      28.2532
     696      28.3324
     697      28.3761
     698      28.1983
     699      28.2454
     700      28.1663
     701      28.0734
     702      28.0438
     703      28.0563
     704      28.1082
     705      28.0418
     706      28.1191
     707      28.0999
     708      28.1468
     709      28.2320
     710      28.1724
     711      28.2750
     712      28.1858
     713      28.0846
     714      28.0876
     715      28.0593
     716      28.0785
     717      28.0376
     718      27.9301
     719      27.9617
     720      28.0753
     721      28.0786
     722      28.0942
     723      28.0916
     724      28.0916
     725      28.0663
     726      28.0019
     727      28.0793
     728      28.0010
     729      27.9216
     730      28.0877
     731      27.9599
     732      30.0788
     733      28.0268
     734      30.0521
     735      30.0265
     736      30.0654
     737      30.0134
     738      29.9917
     739      30.1044
     740      30.0747
     741      30.1126
     742      30.1005
     743      30.1272
     744      30.1278
     745      30.1923
     746      30.1390
     747      30.2217
     748      30.2206
     749      30.1239
     750      30.1044
     751      30.1131
     752      30.0034
     753      29.9595
     754      30.1091
     755      30.1289
     756      30.0529
     757      30.0861
     758      29.9698
     759      30.0492
     760      30.1133
     761      29.9985
     762      30.0495
     763      30.0245
     764      30.0072
     765      30.0251
     766      29.9982
     767      29.9769
     768      30.0505
     769      30.0522
     770      30.0851
     771      30.0436
     772      30.0911
     773      30.1136
     774      29.9743
     775      30.1205
     776      30.0741
     777      30.1346
     778      30.1112
     779      30.0538
     780      30.0382
     781      30.0387
     782      30.0886
     783      30.1052
     784      30.0467
     785      30.1194
     786      30.0844
     787      30.1065
     788      30.1358
     789      30.1767
     790      30.2387
     791      30.2365
     792      30.2381
     793      30.2033
     794      30.2330
     795      30.1731
     796      30.1971
     797      30.2419
     798      30.1793
     799      30.2451
     800      30.2756
     801      30.2340
     802      30.1643
     803      30.1361
     804      30.1586
     805      30.1181
     806      30.0329
     807      30.0363
     808      30.0533
     809      30.0677
     810      28.1016
     811      28.0821
     812      28.0487
     813      28.0490
     814      28.0833
     815      30.1071
     816      30.1472
     817      30.1555
     818      28.0229
     819      27.9957
     820      27.9855
     821      28.0908
     822      27.9513
     823      27.9161
     824      28.0016
     825      28.0976
     826      28.1512
     827      28.0883
     828      28.1218
     829      28.0876
     830      28.1531
     831      28.1010
     832      28.1178
     833      28.0891
     834      28.0552
     835      28.1342
     836      28.0860
     837      28.1740
     838      28.1520
     839      28.1560
     840      28.2384
     841      28.0955
     842      28.0559
     843      28.0727
     844      28.1752
     845      28.0454
     846      28.1675
     847      28.2033
     848      28.2459
     849      28.2083
     850      28.2024
     851      28.1450
     852      28.2855
     853      28.2986
     854      28.1746
     855      28.1744
     856      28.3002
     857      28.1956
     858      28.2156
     859      28.2087
     860      28.2071
     861      28.1642
     862      28.2422
     863      28.3801
     864      28.3534
     865      28.3545
     866      28.3209
     867      28.2384
     868      28.2976
     869      28.2131
     870      28.1445
     871      28.2049
     872      28.1644
     873      28.2115
     874      28.0236
     875      28.0052
     876      28.0995
     877      28.1287
     878      28.1029
     879      28.1692
     880      28.0488
     881      28.1435
     882      28.2116
     883      28.2266
     884      28.2107
     885      28.2124
     886      28.2829
     887      28.2884
     888      28.3487
     889      28.2569
     890      28.2033
     891      28.1533
     892      28.3037
     893      28.0986
     894      28.1706
     895      28.1589
     896      28.1527
     897      28.1450
     898      28.0984
     899      28.1585
     900      28.1197
     901      28.1765
     902      28.1914
     903      28.0280
     904      28.1405
     905      28.0975
     906      28.0447
     907      28.2049
     908      28.1811
     909      28.1836
     910      28.1874
     911      28.2537
     912      28.2429
     913      28.1932
     914      28.1196
     915      28.1686
     916      28.1669
     917      28.0193
     918      28.0490
     919      28.0795
     920      28.1051
     921      28.2296
     922      28.2349
     923      28.2654
     924      28.2336
     925      28.1740
     926      28.1553
     927      28.1892
     928      28.1832
     929      28.2536
     930      28.2638
     931      28.1582
     932      28.1308
     933      28.1894
     934      28.2512
     935      28.1466
     936      28.3188
     937      28.2320
     938      28.1651
     939      28.2137
     940      28.2678
     941      28.1831
     942      28.0584
     943      28.0852
     944      28.1416
     945      28.1109
     946      28.0572
     947      28.0528
     948      28.0545
     949      28.1464
     950      28.1237
     951      28.0997
     952      27.9910
     953      28.0624
     954      28.0706
     955      27.8752
     956      28.0797
     957      27.9272
     958      28.1077
     959      28.1595
     960      28.0992
     961      27.9527
     962      28.0568
     963      28.1010
     964      28.0937
     965      28.1762
     966      28.0651
     967      28.2547
     968      28.2174
     969      28.1853
     970      28.1475
     971      28.2229
     972      28.0439
     973      27.9999
     974      28.0169
     975      28.2117
     976      28.0767
     977      28.0533
     978      28.1547
     979      28.2321
     980      28.1619
     981      27.9852
     982      28.1686
     983      28.1410
     984      28.0331
     985      28.1605
     986      28.1194
     987      28.0775
     988      28.0576
     989      28.1786
     990      28.1398
     991      28.0536
     992      28.0466
     993      28.1614
     994      28.0428
     995      28.1460
     996      28.0816
     997      28.0645
     998      28.0840
     999      28.0162
    1000      28.0694
    1001      28.0669
    1002      28.0708
    1003      28.0698
    1004      28.2010
    1005      28.0675
    1006      28.0175
    1007      28.1130
    1008      28.0908
    1009      28.0979
    1010      28.1134
    1011      28.1580
    1012      28.0969
    1013      28.0969
    1014      28.1781
    1015      28.1948
    1016      28.1928
    1017      28.2515
    1018      28.2922
    1019      28.3288
    1020      28.2765
    1021      28.1913
    1022      28.2333
    1023      28.0788
    1024      28.1909
    1025      28.2795
    1026      28.0959
    1027      28.1651
    1028      28.1989
    1029      28.0727
    1030      28.2352
    1031      28.2629
    1032      28.2891
    1033      28.2799
    1034      28.3158
    1035      28.2323
    1036      28.2746
    1037      28.2856
    1038      28.2511
    1039      28.2970
    1040      28.2482
    1041      28.1584
    1042      28.1696
    1043      28.0789
    1044      28.0361
    1045      28.0586
    1046      28.2411
    1047      28.1892
    1048      28.2246
    1049      28.1811
    1050      28.1707
    1051      28.2057
    1052      28.1693
    1053      28.1551
    1054      28.1284
    1055      28.1108
    1056      28.2860
    1057      28.1778
    1058      28.1133
    1059      28.1000
    1060      28.2259
    1061      28.2164
    1062      28.1352
    1063      28.1845
    1064      28.1516
    1065      28.0892
    1066      28.1425
    1067      28.2011
    1068      28.1319
    1069      28.1864
    1070      28.2029
    1071      28.1434
    1072      28.1611
    1073      28.2073
    1074      28.1439
    1075      28.1315
    1076      28.1926
    1077      28.1298
    1078      28.1729
    1079      28.1303
    1080      28.0676
    1081      28.1246
    1082      28.1833
    1083      28.1485
    1084      28.1752
    1085      28.1254
    1086      28.0736
    1087      28.1386
    1088      28.2296
    1089      28.0715
    1090      28.2437
    1091      28.1768
    1092      28.1984
    1093      28.2367
    1094      28.2421
    1095      28.1025
    1096      28.2635
    1097      28.1626
    1098      28.1744
    1099      28.1378
    1100      28.0858
    1101      28.1171
    1102      28.0419
    1103      28.0372
    1104      28.0351
    1105      28.0498
    1106      28.1541
    1107      28.1645
    1108      28.1380
    1109      28.1749
    1110      28.2219
    1111      28.2854
    1112      28.2485
    1113      28.1666
    1114      28.2831
    1115      28.2563
    1116      28.2257
    1117      28.1856
    1118      28.2622
    1119      28.1695
    1120      28.1229
    1121      28.0795
    1122      28.2280
    1123      28.0711
    1124      28.1133
    1125      28.1267
    1126      28.0961
    1127      28.1754
    1128      28.1251
    1129      28.1617
    1130      28.1263
    1131      28.0705
    1132      28.2067
    1133      28.1741
    1134      28.1201
    1135      28.0911
    1136      28.2052
    1137      28.1066
    1138      28.2193
    1139      28.2148
    1140      28.2321
    1141      28.2288
    1142      28.3000
    1143      28.2268
    1144      28.1422
    1145      28.1482
    1146      28.2494
    1147      28.3293
    1148      28.1971
    1149      28.0738
    1150      28.1546
    1151      28.1961
    1152      28.2447
    1153      28.3005
    1154      28.2162
    1155      28.1466
    1156      28.1489
    1157      28.1699
    1158      28.2423
    1159      28.2417
    1160      28.3264
    1161      28.2130
    1162      28.2494
    1163      28.1384
    1164      28.2109
    1165      28.1320
    1166      28.1552
    1167      28.1834
    1168      28.0962
    1169      28.0716
    1170      28.1683
    1171      28.2502
    1172      28.2935
    1173      28.2182
    1174      28.1171
    1175      28.1067
    1176      28.1491
    1177      28.1572
    1178      28.1676
    1179      28.1629
    1180      28.2092
    1181      28.2008
    1182      28.0881
    1183      28.1979
    1184      28.1508
    1185      28.0977
    1186      28.1787
    1187      28.0094
    1188      28.0094
    1189      28.0332
    1190      28.0151
    1191      28.1007
    1192      28.0225
    1193      28.1195
    1194      28.0434
    1195      28.0398
    1196      28.0401
    1197      28.0836
    1198      27.9767
    1199      28.0835
    1200      28.1254
    1201      28.0435
    1202      28.0782
    1203      28.0619
    1204      28.1711
    1205      28.0441
    1206      27.9953
    1207      28.0732
    1208      28.1042
    1209      28.0893
    1210      28.1821
    1211      28.0571
    1212      28.1770
    1213      28.0199
    1214      28.0363
    1215      27.9956
    1216      27.9206
    1217      28.0092
    1218      28.0906
    1219      28.0330
    1220      28.0958
    1221      28.0770
    1222      28.0584
    1223      28.1078
    1224      27.9977
    1225      28.1191
    1226      28.0867
    1227      28.0828
    1228      28.0699
    1229      28.1674
    1230      28.1607
    1231      28.1723
    1232      28.1046
    1233      28.0502
    1234      28.0082
    1235      28.1171
    1236      28.0771
    1237      28.1038
    1238      28.1848
    1239      28.3372
    1240      28.3422
    1241      28.1408
    1242      28.0454
    1243      28.1059
    1244      28.0381
    1245      27.9926
    1246      28.0712
    1247      28.1635
    1248      28.1180
    1249      28.1453
    1250      28.1210
    1251      28.1536
    1252      28.1861
    1253      28.1573
    1254      28.0416
    1255      28.0663
    1256      28.0335
    1257      28.0625
    1258      28.1024
    1259      28.1933
    1260      28.1297
    1261      28.0458
    1262      28.1018
    1263      28.0586
    1264      28.0899
    1265      28.0798
    1266      28.0912
    1267      28.1041
    1268      28.1215
    1269      28.1011
    1270      28.0646
    1271      28.1559
    1272      28.1696
    1273      28.2345
    1274      28.1577
    1275      28.0727
    1276      28.1611
    1277      28.0736
    1278      28.0904
    1279      28.1546
    1280      28.0645
    1281      28.1095
    1282      28.0966
    1283      28.1020
    1284      28.1860
    1285      28.1759
    1286      28.2751
    1287      28.2383
    1288      28.2135
    1289      28.1307
    1290      28.1700
    1291      28.1649
    1292      28.1468
    1293      28.2551
    1294      28.1052
    1295      28.1520
    1296      28.0584
    1297      28.0742
    1298      28.0874
    1299      28.1384
    1300      28.0347
    1301      28.0413
    1302      27.9912
    1303      28.1136
    1304      28.0815
    1305      28.0449
    1306      28.0643
    1307      28.0204
    1308      28.0100
    1309      27.9479
    1310      28.1122
    1311      28.0532
    1312      28.1656
    1313      28.0452
    1314      28.1689
    1315      28.1788
    1316      28.1239
    1317      28.1285
    1318      28.0795
    1319      28.0857
    1320      28.1237
    1321      28.1977
    1322      28.1484
    1323      28.2101
    1324      28.1551
    1325      28.1181
    1326      28.1231
    1327      28.1320
    1328      28.1680
    1329      28.1748
    1330      28.1193
    1331      28.1834
    1332      28.1129
    1333      28.1400
    1334      28.2164
    1335      28.1606
    1336      28.2635
    1337      28.1385
    1338      28.1310
    1339      28.2527
    1340      28.0723
    1341      28.1515
    1342      28.1298
    1343      28.0163
    1344      28.0712
    1345      28.1249
    1346      28.1622
    1347      28.1571
    1348      28.1396
    1349      28.1461
    1350      28.1043
    1351      28.2041
    1352      28.1916
    1353      28.1783
    1354      28.2331
    1355      28.2554
    1356      28.1696
    1357      28.2583
    1358      28.2352
    1359      28.2575
    1360      28.2532
    1361      28.3156
    1362      28.2736
    1363      28.3068
    1364      28.2517
    1365      28.1552
    1366      28.2793
    1367      28.2628
    1368      28.3984
    1369      28.2660
    1370      28.2469
    1371      28.2157
    1372      28.3270
    1373      28.3627
    1374      28.3310
    1375      28.3134
    1376      28.1954
    1377      28.0869
    1378      28.0799
    1379      28.2441
    1380      28.2585
    1381      28.1173
    1382      28.2692
    1383      28.2138
    1384      28.0897
    1385      28.0481
    1386      28.1095
    1387      28.1140
    1388      28.0557
    1389      28.0824
    1390      28.1219
    1391      28.1413
    1392      28.1981
    1393      28.2519
    1394      28.3082
    1395      28.1431
    1396      28.2305
    1397      28.1729
    1398      28.1662
    1399      28.1184
    1400      28.2751
    1401      28.1909
    1402      28.1014
    1403      28.2356
    1404      28.1899
    1405      28.2213
    1406      28.2541
    1407      28.2263
    1408      28.3029
    1409      28.2029
    1410      28.3048
    1411      28.2360
    1412      28.2250
    1413      28.3484
    1414      28.2252
    1415      28.1561
    1416      28.1861
    1417      28.1751
    1418      28.1350
    1419      28.1382
    1420      28.2074
    1421      28.2635
    1422      28.1083
    1423      28.2048
    1424      28.0657
    1425      28.1170
    1426      28.1018
    1427      28.3025
    1428      28.3243
    1429      28.2737
    1430      28.2778
    1431      28.3069
    1432      28.3105
    1433      28.1656
    1434      28.1947
    1435      28.2068
    1436      28.2428
    1437      28.2260
    1438      28.1865
    1439      28.1836
    1440      28.1840
    1441      28.1657
    1442      28.2015
    1443      28.2089
    1444      28.2850
    1445      28.1792
    1446      28.2647
    1447      28.1754
    1448      28.2734
    1449      28.3071
    1450      28.2151
    1451      28.2378
    1452      28.2200
    1453      28.2559
    1454      28.2705
    1455      28.2546
    1456      28.4039
    1457      28.3950
    1458      28.2809
    1459      28.1291
    1460      28.2398
    1461      28.1681
    1462      28.2735
    1463      28.1196
    1464      28.1704
    1465      28.0861
    1466      28.1029
    1467      28.1961
    1468      28.2021
    1469      28.2447
    1470      28.1150
    1471      28.2548
    1472      28.0967
    1473      28.2107
    1474      28.3335
    1475      28.3073
    1476      28.2702
    1477      28.2171
    1478      28.2893
    1479      28.3069
    1480      28.2280
    1481      28.3247
    1482      28.2506
    1483      28.2441
    1484      28.2176
    1485      28.2197
    1486      28.3190
    1487      28.2714
    1488      28.3615
    1489      28.2944
    1490      28.2684
    1491      28.2968
    1492      28.1508
    1493      28.1549
    1494      28.1787
    1495      28.1935
    1496      28.1797
    1497      28.1434
    1498      28.1162
    1499      28.1312
    1500      28.1127
    1501      28.2246
    1502      28.2188
    1503      28.3385
    1504      28.2609
    1505      28.3109
    1506      28.2240
    1507      28.3317
    1508      28.2201
    1509      28.1711
    1510      28.2414
    1511      28.1930
    1512      28.1929
    1513      28.2435
    1514      28.1956
    1515      28.2650
    1516      28.2144
    1517      28.1704
    1518      28.1993
    1519      28.2662
    1520      28.1842
    1521      28.2261
    1522      28.0773
    1523      28.2435
    1524      28.1735
    1525      28.0986
    1526      28.0748
    1527      28.1212
    1528      28.0581
    1529      28.1464
    1530      28.1229
    1531      28.0557
    1532      28.0814
    1533      28.1600
    1534      28.1899
    1535      28.1183
    1536      28.1013
    1537      28.1681
    1538      28.2322
    1539      28.2666
    1540      28.2696
    1541      28.1941
    1542      28.2141
    1543      28.0711
    1544      28.1572
    1545      28.1765
    1546      28.1909
    1547      28.2142
    1548      28.0935
    1549      28.2336
    1550      28.3187
    1551      28.2836
    1552      28.1983
    1553      28.2326
    1554      28.2294
    1555      28.3027
    1556      28.1862
    1557      28.1567
    1558      28.0280
    1559      28.1383
    1560      28.1049
    1561      28.1212
    1562      28.1654
    1563      28.1185
    1564      28.2437
    1565      28.2316
    1566      28.1940
    1567      28.1795
    1568      28.2170
    1569      28.1758
    1570      28.2420
    1571      28.1755
    1572      28.1599
    1573      28.1956
    1574      28.1148
    1575      28.2113
    1576      28.2104
    1577      28.2265
    1578      28.1610
    1579      28.2144
    1580      28.3066
    1581      28.3641
    1582      28.2148
    1583      28.1863
    1584      28.1601
    1585      28.1933
    1586      28.2631
    1587      28.1834
    1588      28.1062
    1589      28.1588
    1590      28.1957
    1591      28.2723
    1592      28.1595
    1593      28.2232
    1594      28.3213
    1595      28.2550
    1596      28.2727
    1597      28.3217
    1598      28.2464
    1599      28.2768
    1600      28.2713
    1601      28.3084
    1602      28.2949
    1603      28.4295
    1604      28.4267
    1605      28.3525
    1606      28.2692
    1607      28.3310
    1608      28.1993
    1609      28.1724
    1610      28.1876
    1611      28.2530
    1612      28.2366
    1613      28.2653
    1614      28.2081
    1615      28.2418
    1616      28.2511
    1617      28.3227
    1618      28.2427
    1619      28.2422
    1620      28.3024
    1621      28.3270
    1622      28.2395
    1623      28.3380
    1624      28.3245
    1625      28.2801
    1626      28.2937
    1627      28.2977
    1628      28.3051
    1629      28.2792
    1630      28.2550
    1631      28.1910
    1632      28.2170
    1633      28.2312
    1634      28.2772
    1635      28.3043
    1636      28.2302
    1637      28.3677
    1638      28.2964
    1639      28.1900
    1640      28.2703
    1641      28.2906
    1642      28.2375
    1643      28.3113
    1644      28.3073
    1645      28.3320
    1646      28.2924
    1647      28.3031
    1648      28.4163
    1649      28.2738
    1650      28.2674
    1651      28.3021
    1652      28.3102
    1653      28.4391
    1654      28.2773
    1655      28.3224
    1656      28.2583
    1657      28.3577
    1658      28.3843
    1659      28.3739
    1660      28.3502
    1661      28.3548
    1662      28.3524
    1663      28.2893
    1664      28.4131
    1665      28.3714
    1666      28.4349
    1667      28.4290
    1668      28.3908
    1669      28.3909
    1670      28.3539
    1671      28.3108
    1672      28.3196
    1673      28.2650
    1674      28.3351
    1675      28.3149
    1676      28.3814
    1677      28.4272
    1678      28.4781
    1679      28.3528
    1680      28.3376
    1681      28.3582
    1682      28.3503
    1683      28.3094
    1684      28.3721
    1685      28.2473
    1686      28.3408
    1687      28.2755
    1688      28.2695
    1689      28.3453
    1690      28.3063
    1691      28.2441
    1692      28.3279
    1693      28.3283
    1694      28.3150
    1695      28.3650
    1696      28.2863
    1697      28.2199
    1698      28.2491
    1699      28.2748
    1700      28.3746
    1701      28.3550
    1702      28.3025
    1703      28.3597
    1704      28.3615
    1705      28.2472
    1706      28.2791
    1707      28.2882
    1708      28.3473
    1709      28.2275
    1710      28.2267
    1711      28.2613
    1712      28.2863
    1713      28.2109
    1714      28.1686
    1715      28.2225
    1716      28.2324
    1717      28.2941
    1718      28.3718
    1719      28.2834
    1720      28.1305
    1721      28.1036
    1722      28.2625
    1723      28.2955
    1724      28.2291
    1725      28.2332
    1726      28.1930
    1727      28.2386
    1728      28.2076
    1729      28.2747
    1730      28.2142
    1731      28.2401
    1732      28.2123
    1733      28.2191
    1734      28.2691
    1735      28.3148
    1736      28.2404
    1737      28.2209
    1738      28.2481
    1739      28.2600
    1740      28.2590
    1741      28.2829
    1742      28.2242
    1743      28.2011
    1744      28.2072
    1745      28.2294
    1746      28.1663
    1747      28.2970
    1748      28.2024
    1749      28.1595
    1750      28.1263
    1751      28.1680
    1752      28.2547
    1753      28.2098
    1754      28.1749
    1755      28.2375
    1756      28.3215
    1757      28.2202
    1758      28.3391
    1759      28.2930
    1760      28.3195
    1761      28.2918
    1762      28.3194
    1763      28.3625
    1764      28.3233
    1765      28.2794
    1766      28.3488
    1767      28.3212
    1768      28.2750
    1769      28.2852
    1770      28.3354
    1771      28.3372
    1772      28.2413
    1773      28.1984
    1774      28.2226
    1775      28.2938
    1776      28.3371
    1777      28.3709
    1778      28.2013
    1779      28.3905
    1780      28.3712
    1781      28.4643
    1782      28.3958
    1783      28.4242
    1784      28.3706
    1785      28.3639
    1786      28.3851
    1787      28.2829
    1788      28.3248
    1789      28.4232
    1790      28.3254
    1791      28.3737
    1792      28.4036
    1793      28.4136
    1794      28.3925
    1795      28.3449
    1796      28.3615
    1797      28.3175
    1798      28.3177
    1799      28.3431
    1800      28.3892
    1801      28.3096
    1802      28.2642
    1803      28.2622
    1804      28.3552
    1805      28.3848
    1806      28.4560
    1807      28.3338
    1808      28.3401
    1809      28.4447
    1810      28.4189
    1811      28.3431
    1812      28.3921
    1813      28.4173
    1814      28.3740
    1815      28.3447
    1816      28.3637
    1817      28.3189
    1818      28.3248
    1819      28.3531
    1820      28.4452
    1821      28.4395
    1822      28.4106
    1823      28.1647
    1824      28.2851
    1825      28.3154
    1826      28.2829
    1827      28.3234
    1828      28.2677
    1829      28.3676
    1830      28.3159
    1831      28.4503
    1832      28.3876
    1833      28.4027
    1834      28.3614
    1835      28.3498
    1836      28.3375
    1837      28.4252
    1838      28.3394
    1839      28.3193
    1840      28.2967
    1841      28.3681
    1842      28.3729
    1843      28.3169
    1844      28.3663
    1845      28.4507
    1846      28.3238
    1847      28.3784
    1848      28.3941
    1849      28.4707
    1850      28.4761
    1851      28.3633
    1852      28.3069
    1853      28.3538
    1854      28.3395
    1855      28.2903
    1856      28.2413
    1857      28.2447
    1858      28.2663
    1859      28.2266
    1860      28.2298
    1861      28.2724
    1862      28.2532
    1863      28.2689
    1864      28.1939
    1865      28.2458
    1866      28.2622
    1867      28.3016
    1868      28.2702
    1869      28.2780
    1870      28.3206
    1871      28.3689
    1872      28.3198
    1873      28.3215
    1874      28.3927
    1875      28.2926
    1876      28.3829
    1877      28.2633
    1878      28.2127
    1879      28.2824
    1880      28.2346
    1881      28.3621
    1882      28.3234
    1883      28.3606
    1884      28.4290
    1885      28.4608
    1886      28.3689
    1887      28.4086
    1888      28.4260
    1889      28.3726
    1890      28.4051
    1891      28.4108
    1892      28.4588
    1893      28.3377
    1894      28.3621
    1895      28.1973
    1896      28.3727
    1897      28.3243
    1898      28.3636
    1899      28.3339
    1900      28.2975
    1901      28.1913
    1902      28.2241
    1903      28.1895
    1904      28.1706
    1905      28.1427
    1906      28.2120
    1907      28.1130
    1908      28.2552
    1909      28.3121
    1910      28.2852
    1911      28.2904
    1912      28.3829
    1913      28.2772
    1914      28.3463
    1915      28.2721
    1916      28.3575
    1917      28.3293
    1918      28.3451
    1919      28.2741
    1920      28.1913
    1921      28.3262
    1922      28.3499
    1923      28.3346
    1924      28.2510
    1925      28.3002
    1926      28.4270
    1927      28.2644
    1928      28.4142
    1929      28.3225
    1930      28.2721
    1931      28.3170
    1932      28.3967
    1933      28.4060
    1934      28.4408
    1935      28.3690
    1936      28.2794
    1937      28.2320
    1938      28.3188
    1939      28.3412
    1940      28.3074
    1941      28.4061
    1942      28.3203
    1943      28.4910
    1944      28.3338
    1945      28.4254
    1946      28.3551
    1947      28.4096
    1948      28.3848
    1949      28.2272
    1950      28.2897
    1951      28.3476
    1952      28.2395
    1953      28.2640
    1954      28.2824
    1955      28.2294
    1956      28.2491
    1957      28.2702
    1958      28.3221
    1959      28.3261
    1960      28.3156
    1961      28.3767
    1962      28.3323
    1963      28.3950
    1964      28.3748
    1965      28.4010
    1966      28.3603
    1967      28.3155
    1968      28.3456
    1969      28.4023
    1970      28.4703
    1971      28.4870
    1972      28.4421
    1973      28.3862
    1974      28.4067
    1975      28.4387
    1976      28.4352
    1977      28.3847
    1978      28.5447
    1979      28.4004
    1980      28.3126
    1981      28.2569
    1982      28.3546
    1983      28.4109
    1984      28.4130
    1985      28.4282
    1986      28.4456
    1987      28.3061
    1988      28.3985
    1989      28.3841
    1990      28.2218
    1991      28.2528
    1992      28.3413
    1993      28.2400
    1994      28.3340
    1995      28.2209
    1996      28.3120
    1997      28.2622
    1998      28.2644
    1999      28.2857
    2000      28.3582
    2001      28.2476
    2002      28.3520
    2003      28.1982
    2004      28.3069
    2005      28.1735
    2006      28.2408
    2007      28.2582
    2008      28.2397
    2009      28.1928
    2010      28.2431
    2011      28.2379
    2012      28.3529
    2013      28.3259
    2014      28.2689
    2015      28.2662
    2016      28.3091
    2017      28.3248
    2018      28.4166
    2019      28.3841
    2020      28.3374
    2021      28.4293
    2022      28.3609
    2023      28.3602
    2024      28.2948
    2025      28.2892
    2026      28.3251
    2027      28.1749
    2028      28.1362
    2029      28.1204
    2030      28.2526
    2031      28.1916
    2032      28.1797
    2033      28.1749
    2034      28.1436
    2035      28.2409
    2036      28.2661
    2037      28.1752
    2038      28.2548
    2039      28.1381
    2040      28.2655
    2041      28.2312
    2042      28.2735
    2043      28.3956
    2044      28.3714
    2045      28.3215
    2046      28.2796
    2047      28.3026
    2048      28.2597
    2049      28.2467
    2050      28.2500
    2051      28.1988
    2052      28.2691
    2053      28.3465
    2054      28.2098
    2055      28.2011
    2056      28.2229
    2057      28.1364
    2058      28.1686
    2059      28.1940
    2060      28.2014
    2061      28.1744
    2062      28.1484
    2063      28.1791
    2064      28.1920
    2065      28.1635
    2066      28.1416
    2067      28.1716
    2068      28.2064
    2069      28.3051
    2070      28.2484
    2071      28.2520
    2072      28.1703
    2073      28.2998
    2074      28.3610
    2075      28.3343
    2076      28.3610
    2077      28.3314
    2078      28.3813
    2079      28.3507
    2080      28.3392
    2081      28.4715
    2082      28.4315
    2083      28.4825
    2084      28.3526
    2085      28.3083
    2086      28.2768
    2087      28.4010
    2088      28.3585
    2089      28.3763
    2090      28.4593
    2091      28.4570
    2092      28.3652
    2093      28.3794
    2094      28.3249
    2095      28.3579
    2096      28.3309
    2097      28.4307
    2098      28.3336
    2099      28.2589
    2100      28.1940
    2101      28.1937
    2102      28.2278
    2103      28.1982
    2104      28.3331
    2105      28.2415
    2106      28.2658
    2107      28.2711
    2108      28.2202
    2109      28.1755
    2110      28.2216
    2111      28.2762
    2112      28.3303
    2113      28.2359
    2114      28.2426
    2115      28.2057
    2116      28.3153
    2117      28.2856
    2118      28.3647
    2119      28.2711
    2120      28.3465
    2121      28.3936
    2122      28.3853
    2123      28.4436
    2124      28.4789
    2125      28.4758
    2126      28.4102
    2127      28.4112
    2128      28.4635
    2129      28.3711
    2130      28.4063
    2131      28.4666
    2132      28.4436
    2133      28.4695
    2134      28.4555
    2135      28.4426
    2136      28.4161
    2137      28.3896
    2138      28.4612
    2139      28.4730
    2140      28.3941
    2141      28.3669
    2142      28.4281
    2143      28.4048
    2144      28.4222
    2145      28.4322
    2146      28.3669
    2147      28.3819
    2148      28.4115
    2149      28.3061
    2150      28.3218
    2151      28.4281
    2152      28.3683
    2153      28.4250
    2154      28.3551
    2155      28.3371
    2156      28.2951
    2157      28.3939
    2158      28.3383
    2159      28.4116
    2160      28.2292
    2161      28.2730
    2162      28.2519
    2163      28.1944
    2164      28.2887
    2165      28.2465
    2166      28.1775
    2167      28.2409
    2168      28.2968
    2169      28.2780
    2170      28.2496
    2171      28.2938
    2172      28.2942
    2173      28.3368
    2174      28.3271
    2175      28.2758
    2176      28.4014
    2177      28.2854
    2178      28.2899
    2179      28.2184
    2180      28.3446
    2181      28.3314
    2182      28.3303
    2183      28.2613
    2184      28.3042
    2185      28.2914
    2186      28.2675
    2187      28.2634
    2188      28.2530
    2189      28.3094
    2190      28.2758
    2191      28.3058
    2192      28.2778
    2193      28.2729
    2194      28.4028
    2195      28.3344
    2196      28.2045
    2197      28.2685
    2198      28.3703
    2199      28.2641
    2200      28.1311
    2201      28.2871
    2202      28.3158
    2203      28.2605
    2204      28.2768
    2205      28.2616
    2206      28.3485
    2207      28.3657
    2208      28.4555
    2209      28.3844
    2210      28.4245
    2211      28.4017
    2212      28.4460
    2213      28.4501
    2214      28.3110
    2215      28.3337
    2216      28.3210
    2217      28.3099
    2218      28.2875
    2219      28.2141
    2220      28.2639
    2221      28.2656
    2222      28.3072
    2223      28.2656
    2224      28.3734
    2225      28.4139
    2226      28.3679
    2227      28.3363
    2228      28.3761
    2229      28.3424
    2230      28.2824
    2231      28.3114
    2232      28.2567
    2233      28.3367
    2234      28.3717
    2235      28.3344
    2236      28.2534
    2237      28.3311
    2238      28.3698
    2239      28.2198
    2240      28.4134
    2241      28.4022
    2242      28.3217
    2243      28.3539
    2244      28.4710
    2245      28.3484
    2246      28.4214
    2247      28.3802
    2248      28.4267
    2249      28.3894
    2250      28.3815
    2251      28.3180
    2252      28.2564
    2253      28.2796
    2254      28.2604
    2255      28.3633
    2256      28.2755
    2257      28.2763
    2258      28.3163
    2259      28.4239
    2260      28.4258
    2261      28.3615
    2262      28.2721
    2263      28.2719
    2264      28.2122
    2265      28.3319
    2266      28.3538
    2267      28.3168
    2268      28.3467
    2269      28.2905
    2270      28.3448
    2271      28.2716
    2272      28.2880
    2273      28.3252
    2274      28.2260
    2275      28.2189
    2276      28.3231
    2277      28.3403
    2278      28.2068
    2279      28.1456
    2280      28.2860
    2281      28.2161
    2282      28.3248
    2283      28.2788
    2284      28.1335
    2285      28.2622
    2286      28.2676
    2287      28.2150
    2288      28.3695
    2289      28.2264
    2290      28.2652
    2291      28.3019
    2292      28.2326
    2293      28.3493
    2294      28.3402
    2295      28.3501
    2296      28.3322
    2297      28.2703
    2298      28.3241
    2299      28.3489
    2300      28.2442
    2301      28.2243
    2302      28.2445
    2303      28.2816
    2304      28.2457
    2305      28.1465
    2306      28.1878
    2307      28.2090
    2308      28.3574
    2309      28.2588
    2310      28.2597
    2311      28.3050
    2312      28.1781
    2313      28.2250
    2314      28.2937
    2315      28.3424
    2316      28.4493
    2317      28.3637
    2318      28.3190
    2319      28.2040
    2320      28.0671
    2321      28.1081
    2322      28.1668
    2323      28.2300
    2324      28.3135
    2325      28.3747
    2326      28.3564
    2327      28.3040
    2328      28.2916
    2329      28.3587
    2330      28.2455
    2331      28.3515
    2332      28.3857
    2333      28.3802
    2334      28.3657
    2335      28.2890
    2336      28.3007
    2337      28.2158
    2338      28.2228
    2339      28.3536
    2340      28.3389
    2341      28.4113
    2342      28.3666
    2343      28.1871
    2344      28.2787
    2345      28.3275
    2346      28.2086
    2347      28.3697
    2348      28.3227
    2349      28.2023
    2350      28.2535
    2351      28.2780
    2352      28.2200
    2353      28.2750
    2354      28.3535
    2355      28.1670
    2356      28.1623
    2357      28.1580
    2358      28.1390
    2359      28.1174
    2360      28.1097
    2361      28.1188
    2362      28.2293
    2363      28.1948
    2364      28.2069
    2365      28.1809
    2366      28.1519
    2367      28.2057
    2368      28.2029
    2369      28.2998
    2370      28.1925
    2371      28.2083
    2372      28.2828
    2373      28.2773
    2374      28.2316
    2375      28.2576
    2376      28.3263
    2377      28.2832
    2378      28.2551
    2379      28.3572
    2380      28.2732
    2381      28.3269
    2382      28.2997
    2383      28.2464
    2384      28.2428
    2385      28.2555
    2386      28.1365
    2387      28.1722
    2388      28.2854
    2389      28.2738
    2390      28.2939
    2391      28.3366
    2392      28.2631
    2393      28.3812
    2394      28.2482
    2395      28.2102
    2396      28.2131
    2397      28.2717
    2398      28.2969
    2399      28.2956
    2400      28.2490
    2401      28.1432
    2402      28.2466
    2403      28.2700
    2404      28.2169
    2405      28.1581
    2406      28.2651
    2407      28.2878
    2408      28.2475
    2409      28.3290
    2410      28.3037
    2411      28.3046
    2412      28.3502
    2413      28.2726
    2414      28.2781
    2415      28.2506
    2416      28.2161
    2417      28.3300
    2418      28.2293
    2419      28.2718
    2420      28.2574
    2421      28.2438
    2422      28.3911
    2423      28.3300
    2424      28.1857
    2425      28.2369
    2426      28.1190
    2427      28.2111
    2428      28.1981
    2429      28.2747
    2430      28.2798
    2431      28.2530
    2432      28.2432
    2433      28.0618
    2434      28.2371
    2435      28.2520
    2436      28.1757
    2437      28.2706
    2438      28.2091
    2439      28.2269
    2440      28.1643
    2441      28.2214
    2442      28.2689
    2443      28.1919
    2444      28.2325
    2445      28.3234
    2446      28.3335
    2447      28.2733
    2448      28.1497
    2449      28.2337
    2450      28.4169
    2451      28.3405
    2452      28.3342
    2453      28.1479
    2454      28.2000
    2455      28.2121
    2456      28.2657
    2457      28.1604
    2458      28.2522
    2459      28.4151
    2460      28.3356
    2461      28.3991
    2462      28.2970
    2463      28.2912
    2464      28.3072
    2465      28.1936
    2466      28.1757
    2467      28.2066
    2468      28.1866
    2469      28.2236
    2470      28.1273
    2471      28.2843
    2472      28.2577
    2473      28.3480
    2474      28.3012
    2475      28.1956
    2476      28.3055
    2477      28.2652
    2478      28.2209
    2479      28.3285
    2480      28.3886
    2481      28.3610
    2482      28.3974
    2483      28.3111
    2484      28.2478
    2485      28.3510
    2486      28.3601
    2487      28.2077
    2488      28.2658
    2489      28.2366
    2490      28.1986
    2491      28.2508
    2492      28.1578
    2493      28.2636
    2494      28.2975
    2495      28.1640
    2496      28.1801
    2497      28.1907
    2498      28.2240
    2499      28.1685
    2500      28.1922
    2501      28.2470
    2502      28.2973
    2503      28.3324
    2504      28.3419
    2505      28.4012
    2506      28.2540
    2507      28.2694
    2508      28.2176
    2509      28.2104
    2510      28.3027
    2511      28.2244
    2512      28.1863
    2513      28.1786
    2514      28.2502
    2515      28.2558
    2516      28.1713
    2517      28.3120
    2518      28.3284
    2519      28.4211
    2520      28.3814
    2521      28.3306
    2522      28.2959
    2523      28.2944
    2524      28.2217
    2525      28.1803
    2526      28.1884
    2527      28.2481
    2528      28.2316
    2529      28.2128
    2530      28.2069
    2531      28.3405
    2532      28.2662
    2533      28.2050
    2534      28.2045
    2535      28.1827
    2536      28.2938
    2537      28.2204
    2538      28.2263
    2539      28.2733
    2540      28.2867
    2541      28.2109
    2542      28.1494
    2543      28.1783
    2544      28.2131
    2545      28.0554
    2546      28.1967
    2547      28.1501
    2548      28.0618
    2549      28.1803
    2550      28.1320
    2551      28.1840
    2552      28.2629
    2553      28.2625
    2554      28.2174
    2555      28.2465
    2556      28.2450
    2557      28.2500
    2558      28.2567
    2559      28.1850
    2560      28.2259
    2561      28.0980
    2562      28.0604
    2563      28.1144
    2564      28.1222
    2565      28.1619
    2566      28.1178
    2567      28.2479
    2568      28.2669
    2569      28.1440
    2570      28.2034
    2571      28.2686
    2572      28.2453
    2573      28.2202
    2574      28.3425
    2575      28.2453
    2576      28.3480
    2577      28.3103
    2578      28.3853
    2579      28.2929
    2580      28.2592
    2581      28.3134
    2582      28.2749
    2583      28.2686
    2584      28.1928
    2585      28.2257
    2586      28.1778
    2587      28.1797
    2588      28.1887
    2589      28.2530
    2590      28.2270
    2591      28.1840
    2592      28.2601
    2593      28.3753
    2594      28.2408
    2595      28.3029
    2596      28.3084
    2597      28.3986
    2598      28.3482
    2599      28.1832
    2600      28.3353
    2601      28.2211
    2602      28.2751
    2603      28.2008
    2604      28.1700
    2605      28.2087
    2606      28.2139
    2607      28.2991
    2608      28.3491
    2609      28.2862
    2610      28.2260
    2611      28.3445
    2612      28.3805
    2613      28.3621
    2614      28.3813
    2615      28.3462
    2616      28.3765
    2617      28.2901
    2618      28.3167
    2619      28.2283
    2620      28.0645
    2621      28.2530
    2622      28.2115
    2623      28.0870
    2624      28.1258
    2625      28.1380
    2626      28.0796
    2627      28.1827
    2628      28.1419
    2629      28.1332
    2630      28.2126
    2631      28.2046
    2632      28.2241
    2633      28.2353
    2634      28.2202
    2635      28.1361
    2636      28.2321
    2637      28.2765
    2638      28.1609
    2639      28.0581
    2640      28.1496
    2641      28.1933
    2642      28.1749
    2643      28.3335
    2644      28.2460
    2645      28.1576
    2646      28.1717
    2647      28.1631
    2648      28.1464
    2649      28.1657
    2650      28.1025
    2651      28.1445
    2652      28.1621
    2653      28.2679
    2654      28.2135
    2655      28.2689
    2656      28.2157
    2657      28.2502
    2658      28.3275
    2659      28.3310
    2660      28.3365
    2661      28.3097
    2662      28.2873
    2663      28.2995
    2664      28.2784
    2665      28.2511
    2666      28.2882
    2667      28.2809
    2668      28.2809
    2669      28.2077
    2670      28.2816
    2671      28.2304
    2672      28.2177
    2673      28.2863
    2674      28.3158
    2675      28.3563
    2676      28.3292
    2677      28.3506
    2678      28.1544
    2679      28.2032
    2680      28.1994
    2681      28.1429
    2682      28.1801
    2683      28.2182
    2684      28.1777
    2685      28.1404
    2686      28.2078
    2687      28.1035
    2688      28.2340
    2689      28.1458
    2690      28.1865
    2691      28.2684
    2692      28.2353
    2693      28.3201
    2694      28.1942
    2695      28.3372
    2696      28.2536
    2697      28.2753
    2698      28.3404
    2699      28.3854
    2700      28.2702
    2701      28.2941
    2702      28.3167
    2703      28.2797
    2704      28.2367
    2705      28.3100
    2706      28.3198
    2707      28.2867
    2708      28.2616
    2709      28.2660
    2710      28.3159
    2711      28.2401
    2712      28.2365
    2713      28.3114
    2714      28.3675
    2715      28.3667
    2716      28.3772
    2717      28.3730
    2718      28.2983
    2719      28.2880
    2720      28.3000
    2721      28.3462
    2722      28.3592
    2723      28.2651
    2724      28.2717
    2725      28.2886
    2726      28.3509
    2727      28.3171
    2728      28.3172
    2729      28.3606
    2730      28.4233
    2731      28.2990
    2732      28.4148
    2733      28.4793
    2734      28.3895
    2735      28.4884
    2736      28.2600
    2737      28.2810
    2738      28.2110
    2739      28.2136
    2740      28.2542
    2741      28.3087
    2742      28.3384
    2743      28.3253
    2744      28.3646
    2745      28.4346
    2746      28.2493
    2747      28.2154
    2748      28.3273
    2749      28.3507
    2750      28.3339
    2751      28.3180
    2752      28.2963
    2753      28.3475
    2754      28.3456
    2755      28.3070
    2756      28.2034
    2757      28.3299
    2758      28.2375
    2759      28.2050
    2760      28.2981
    2761      28.3873
    2762      28.3825
    2763      28.2928
    2764      28.3171
    2765      28.3589
    2766      28.2768
    2767      28.3665
    2768      28.3893
    2769      28.3051
    2770      28.3437
    2771      28.3819
    2772      28.2846
    2773      28.3185
    2774      28.3267
    2775      28.3998
    2776      28.3657
    2777      28.3259
    2778      28.2786
    2779      28.2671
    2780      28.2469
    2781      28.2851
    2782      28.2672
    2783      28.2909
    2784      28.1757
    2785      28.2197
    2786      28.2071
    2787      28.2499
    2788      28.2265
    2789      28.1319
    2790      28.1335
    2791      28.2681
    2792      28.3066
    2793      28.3080
    2794      28.2671
    2795      28.2171
    2796      28.2781
    2797      28.3686
    2798      28.3146
    2799      28.3799
    2800      28.3177
    2801      28.4021
    2802      28.3913
    2803      28.4305
    2804      28.4412
    2805      28.4354
    2806      28.4062
    2807      28.2976
    2808      28.4073
    2809      28.2915
    2810      28.2539
    2811      28.3650
    2812      28.3122
    2813      28.3665
    2814      28.2921
    2815      28.2595
    2816      28.0868
    2817      28.2043
    2818      28.2559
    2819      28.2326
    2820      28.2550
    2821      28.2604
    2822      28.2387
    2823      28.2380
    2824      28.3177
    2825      28.2400
    2826      28.2142
    2827      28.2318
    2828      28.2227
    2829      28.2598
    2830      28.1513
    2831      28.0788
    2832      28.1750
    2833      28.2933
    2834      28.3404
    2835      28.2622
    2836      28.2698
    2837      28.2739
    2838      28.2821
    2839      28.2269
    2840      28.2864
    2841      28.2301
    2842      28.3044
    2843      28.1806
    2844      28.1394
    2845      28.1583
    2846      28.1949
    2847      28.2007
    2848      28.1981
    2849      28.2185
    2850      28.3118
    2851      28.2331
    2852      28.1814
    2853      28.2092
    2854      28.2081
    2855      28.1214
    2856      28.2109
    2857      28.2613
    2858      28.3413
    2859      28.2978
    2860      28.3345
    2861      28.3146
    2862      28.2066
    2863      28.1677
    2864      28.2795
    2865      28.2887
    2866      28.3345
    2867      28.4225
    2868      28.4610
    2869      28.3281
    2870      28.2899
    2871      28.4307
    2872      28.3917
    2873      28.3935
    2874      28.3258
    2875      28.3542
    2876      28.3633
    2877      28.4387
    2878      28.4585
    2879      28.3445
    2880      28.3657
    2881      28.3004
    2882      28.3964
    2883      28.4132
    2884      28.4628
    2885      28.4432
    2886      28.3465
    2887      28.3463
    2888      28.4437
    2889      28.3933
    2890      28.3880
    2891      28.3933
    2892      28.3683
    2893      28.4415
    2894      28.4896
    2895      28.4925
    2896      28.4287
    2897      28.4543
    2898      28.4070
    2899      28.3882
    2900      28.5024
    2901      28.3512
    2902      28.3769
    2903      28.3451
    2904      28.3357
    2905      28.2599
    2906      28.3266
    2907      28.2310
    2908      28.2011
    2909      28.2283
    2910      28.1687
    2911      28.2616
    2912      28.2530
    2913      28.2856
    2914      28.2567
    2915      28.1697
    2916      28.2808
    2917      28.2475
    2918      28.2868
    2919      28.3877
    2920      28.3156
    2921      28.3370
    2922      28.2701
    2923      28.3603
    2924      28.3785
    2925      28.3561
    2926      28.3720
    2927      28.4535
    2928      28.4284
    2929      28.5051
    2930      28.4211
    2931      28.4027
    2932      28.3354
    2933      28.4463
    2934      28.4473
    2935      28.4742
    2936      28.4084
    2937      28.3067
    2938      28.3199
    2939      28.3243
    2940      28.3352
    2941      28.4063
    2942      28.3683
    2943      28.2952
    2944      28.2998
    2945      28.4084
    2946      28.4634
    2947      28.3870
    2948      28.5320
    2949      28.5253
    2950      28.4393
    2951      28.4491
    2952      28.3564
    2953      28.3244
    2954      28.3491
    2955      28.3469
    2956      28.3759
    2957      28.3473
    2958      28.3718
    2959      28.2543
    2960      28.2466
    2961      28.2816
    2962      28.3691
    2963      28.3432
    2964      28.3921
    2965      28.4180
    2966      28.3899
    2967      28.3320
    2968      28.3401
    2969      28.2635
    2970      28.3116
    2971      28.2804
    2972      28.2874
    2973      28.2778
    2974      28.2964
    2975      28.4740
    2976      28.4701
    2977      28.5847
    2978      28.4599
    2979      28.4491
    2980      28.3969
    2981      28.5273
    2982      28.4466
    2983      28.2911
    2984      28.3125
    2985      28.2456
    2986      28.2672
    2987      28.3565
    2988      28.3003
    2989      28.3145
    2990      28.3255
    2991      28.3188
    2992      28.3383
    2993      28.3592
    2994      28.3475
    2995      28.2879
    2996      28.2780
    2997      28.3020
    2998      28.3107
    2999      28.3495
    3000      28.3112
    3001      28.3318
    3002      28.2994
    3003      28.3449
    3004      28.2949
    3005      28.2910
    3006      28.4111
    3007      28.4598
    3008      28.4336
    3009      28.4050
    3010      28.3488
    3011      28.4097
    3012      28.4514
    3013      28.3655
    3014      28.3685
    3015      28.3180
    3016      28.3287
    3017      28.3285
    3018      28.3682
    3019      28.2858
    3020      28.4478
    3021      28.2974
    3022      28.3258
    3023      28.2564
    3024      28.3455
    3025      28.3754
    3026      28.3012
    3027      28.3025
    3028      28.3026
    3029      28.2825
    3030      28.2648
    3031      28.2230
    3032      28.2359
    3033      28.3157
    3034      28.3533
    3035      28.3856
    3036      28.2625
    3037      28.2861
    3038      28.3174
    3039      28.4087
    3040      28.4019
    3041      28.4401
    3042      28.3011
    3043      28.2615
    3044      28.3493
    3045      28.2877
    3046      28.3651
    3047      28.4053
    3048      28.4845
    3049      28.4464
    3050      28.3774
    3051      28.4030
    3052      28.3245
    3053      28.4354
    3054      28.3678
    3055      28.2607
    3056      28.3442
    3057      28.3553
    3058      28.3183
    3059      28.3537
    3060      28.3078
    3061      28.3792
    3062      28.4049
    3063      28.4229
    3064      28.4182
    3065      28.3533
    3066      28.3519
    3067      28.2935
    3068      28.2243
    3069      28.2911
    3070      28.2557
    3071      28.2316
    3072      28.2555
    3073      28.2200
    3074      28.3520
    3075      28.2874
    3076      28.2256
    3077      28.3323
    3078      28.2538
    3079      28.2700
    3080      28.1278
    3081      28.1510
    3082      28.2428
    3083      28.1967
    3084      28.2421
    3085      28.2332
    3086      28.2023
    3087      28.1487
    3088      28.1252
    3089      28.1313
    3090      28.1210
    3091      28.0984
    3092      28.1448
    3093      28.1032
    3094      28.2227
    3095      28.1429
    3096      28.1843
    3097      28.2240
    3098      28.3329
    3099      28.3142
    3100      28.3062
    3101      28.3063
    3102      28.2383
    3103      28.1977
    3104      28.2832
    3105      28.2991
    3106      28.4025
    3107      28.2312
    3108      28.3866
    3109      28.4063
    3110      28.4050
    3111      28.4610
    3112      28.3752
    3113      28.3788
    3114      28.4163
    3115      28.3801
    3116      28.3652
    3117      28.3890
    3118      28.4646
    3119      28.4644
    3120      28.5927
    3121      28.5327
    3122      28.4863
    3123      28.5250
    3124      28.4504
    3125      28.3916
    3126      28.3867
    3127      28.3191
    3128      28.4502
    3129      28.2825
    3130      28.2851
    3131      28.2558
    3132      28.3039
    3133      28.4223
    3134      28.3820
    3135      28.3185
    3136      28.3722
    3137      28.4181
    3138      28.3396
    3139      28.2342
    3140      28.3019
    3141      28.3828
    3142      28.3907
    3143      28.3439
    3144      28.4486
    3145      28.2891
    3146      28.2282
    3147      28.2986
    3148      28.2117
    3149      28.2024
    3150      28.3412
    3151      28.2270
    3152      28.1923
    3153      28.2555
    3154      28.2875
    3155      28.3558
    3156      28.1809
    3157      28.1732
    3158      28.3790
    3159      28.2894
    3160      28.3281
    3161      28.2436
    3162      28.2822
    3163      28.2573
    3164      28.2065
    3165      28.2708
    3166      28.3346
    3167      28.3248
    3168      28.3931
    3169      28.2014
    3170      28.2445
    3171      28.2394
    3172      28.2821
    3173      28.2884
    3174      28.3021
    3175      28.3013
    3176      28.2101
    3177      28.2341
    3178      28.3280
    3179      28.3733
    3180      28.2874
    3181      28.2984
    3182      28.2922
    3183      28.2596
    3184      28.3238
    3185      28.2376
    3186      28.2854
    3187      28.2427
    3188      28.2051
    3189      28.2748
    3190      28.3968
    3191      28.3365
    3192      28.3405
    3193      28.3331
    3194      28.3384
    3195      28.4027
    3196      28.3107
    3197      28.3619
    3198      28.3041
    3199      28.2896
    3200      28.3377
    3201      28.3858
    3202      28.3808
    3203      28.3945
    3204      28.4330
    3205      28.4225
    3206      28.3541
    3207      28.4314
    3208      28.3036
    3209      28.3107
    3210      28.3219
    3211      28.3403
    3212      28.3032
    3213      28.3513
    3214      28.3445
    3215      28.4143
    3216      28.4328
    3217      28.3317
    3218      28.4145
    3219      28.3644
    3220      28.4015
    3221      28.4284
    3222      28.3260
    3223      28.3850
    3224      28.3684
    3225      28.2930
    3226      28.3027
    3227      28.2063
    3228      28.2749
    3229      28.1775
    3230      28.2386
    3231      28.3054
    3232      28.2872
    3233      28.3216
    3234      28.2499
    3235      28.3036
    3236      28.3265
    3237      28.2692
    3238      28.2747
    3239      28.3355
    3240      28.3023
    3241      28.2587
    3242      28.2961
    3243      28.3816
    3244      28.3300
    3245      28.2933
    3246      28.2549
    3247      28.3119
    3248      28.2685
    3249      28.2604
    3250      28.3438
    3251      28.2032
    3252      28.3393
    3253      28.4232
    3254      28.4218
    3255      28.3403
    3256      28.4206
    3257      28.3835
    3258      28.3538
    3259      28.3053
    3260      28.4267
    3261      28.3035
    3262      28.3199
    3263      28.3097
    3264      28.4060
    3265      28.3971
    3266      28.4027
    3267      28.3630
    3268      28.3389
    3269      28.4123
    3270      28.2816
    3271      28.3615
    3272      28.4155
    3273      28.3038
    3274      28.3674
    3275      28.3628
    3276      28.4100
    3277      28.4725
    3278      28.4636
    3279      28.4552
    3280      28.4475
    3281      28.3462
    3282      28.3057
    3283      28.3755
    3284      28.2479
    3285      28.2431
    3286      28.3337
    3287      28.3443
    3288      28.2818
    3289      28.2815
    3290      28.3605
    3291      28.4377
    3292      28.4305
    3293      28.4150
    3294      28.2972
    3295      28.3840
    3296      28.2897
    3297      28.2715
    3298      28.1943
    3299      28.2206
    3300      28.4380
    3301      28.3506
    3302      28.3514
    3303      28.3500
    3304      28.3020
    3305      28.2912
    3306      28.2263
    3307      28.3062
    3308      28.2960
    3309      28.3070
    3310      28.4045
    3311      28.3444
    3312      28.3992
    3313      28.4259
    3314      28.4142
    3315      28.4442
    3316      28.3376
    3317      28.3317
    3318      28.4559
    3319      28.4883
    3320      28.2982
    3321      28.3915
    3322      28.3925
    3323      28.2978
    3324      28.4158
    3325      28.4416
    3326      28.4852
    3327      28.4330
    3328      28.3883
    3329      28.3971
    3330      28.2792
    3331      28.2420
    3332      28.2974
    3333      28.3522
    3334      28.2573
    3335      28.2446
    3336      28.3065
    3337      28.2622
    3338      28.2536
    3339      28.2412
    3340      28.2138
    3341      28.3000
    3342      28.3689
    3343      28.3714
    3344      28.2483
    3345      28.2810
    3346      28.3677
    3347      28.4195
    3348      28.3407
    3349      28.3841
    3350      28.3055
    3351      28.3429
    3352      28.2712
    3353      28.2875
    3354      28.3516
    3355      28.2898
    3356      28.2970
    3357      28.2134
    3358      28.2343
    3359      28.2224
    3360      28.2559
    3361      28.2385
    3362      28.1284
    3363      28.2800
    3364      28.2999
    3365      28.3070
    3366      28.2723
    3367      28.2594
    3368      28.3235
    3369      28.3724
    3370      28.3290
    3371      28.2992
    3372      28.3297
    3373      28.1376
    3374      28.3161
    3375      28.3771
    3376      28.2999
    3377      28.4694
    3378      28.4091
    3379      28.3491
    3380      28.3047
    3381      28.3177
    3382      28.3597
    3383      28.3559
    3384      28.2321
    3385      28.2515
    3386      28.3326
    3387      28.4015
    3388      28.3712
    3389      28.3112
    3390      28.3773
    3391      28.3309
    3392      28.2675
    3393      28.2872
    3394      28.2713
    3395      28.2241
    3396      28.3992
    3397      28.4055
    3398      28.4571
    3399      28.4535
    3400      28.3550
    3401      28.4742
    3402      28.4033
    3403      28.3586
    3404      28.3919
    3405      28.3826
    3406      28.3908
    3407      28.3503
    3408      28.3132
    3409      28.2636
    3410      28.2615
    3411      28.2261
    3412      28.3298
    3413      28.4501
    3414      28.3877
    3415      28.3062
    3416      28.2484
    3417      28.3010
    3418      28.3040
    3419      28.3281
    3420      28.2437
    3421      28.1704
    3422      28.1759
    3423      28.1534
    3424      28.2489
    3425      28.1760
    3426      28.1768
    3427      28.1474
    3428      28.2168
    3429      28.1921
    3430      28.2871
    3431      28.2469
    3432      28.2638
    3433      28.2676
    3434      28.3167
    3435      28.2904
    3436      28.1641
    3437      28.2075
    3438      28.2730
    3439      28.1995
    3440      28.3144
    3441      28.2599
    3442      28.2193
    3443      28.3018
    3444      28.1618
    3445      28.2757
    3446      28.3497
    3447      28.3935
    3448      28.4324
    3449      28.3174
    3450      28.3192
    3451      28.2608
    3452      28.4245
    3453      28.4224
    3454      28.4486
    3455      28.3911
    3456      28.4430
    3457      28.3559
    3458      28.3673
    3459      28.3947
    3460      28.3762
    3461      28.3668
    3462      28.3839
    3463      28.4783
    3464      28.4384
    3465      28.4127
    3466      28.3752
    3467      28.4857
    3468      28.3524
    3469      28.3202
    3470      28.3606
    3471      28.3698
    3472      28.4279
    3473      28.4331
    3474      28.4145
    3475      28.3298
    3476      28.3855
    3477      28.3411
    3478      28.4321
    3479      28.3908
    3480      28.3122
    3481      28.2970
    3482      28.3127
    3483      28.2656
    3484      28.3775
    3485      28.2256
    3486      28.3924
    3487      28.3901
    3488      28.3723
    3489      28.3365
    3490      28.3178
    3491      28.3309
    3492      28.3086
    3493      28.3517
    3494      28.3070
    3495      28.3234
    3496      28.3273
    3497      28.3837
    3498      28.3354
    3499      28.4511
    3500      28.3816
    3501      28.4154
    3502      28.4316
    3503      28.4671
    3504      28.3821
    3505      28.4283
    3506      28.3824
    3507      28.3627
    3508      28.3027
    3509      28.3316
    3510      28.3247
    3511      28.3698
    3512      28.4133
    3513      28.4084
    3514      28.3946
    3515      28.5201
    3516      28.3677
    3517      28.4152
    3518      28.3961
    3519      28.3182
    3520      28.3831
    3521      28.3758
    3522      28.2768
    3523      28.3316
    3524      28.3909
    3525      28.3076
    3526      28.3071
    3527      28.3879
    3528      28.4192
    3529      28.3700
    3530      28.3233
    3531      28.3277
    3532      28.4334
    3533      28.4645
    3534      28.4621
    3535      28.5086
    3536      28.4441
    3537      28.4450
    3538      28.5164
    3539      28.3207
    3540      28.3644
    3541      28.2984
    3542      28.2469
    3543      28.2860
    3544      28.3333
    3545      28.3035
    3546      28.3424
    3547      28.2122
    3548      28.1981
    3549      28.2926
    3550      28.3545
    3551      28.4275
    3552      28.2933
    3553      28.2613
    3554      28.3489
    3555      28.2806
    3556      28.3480
    3557      28.3253
    3558      28.3130
    3559      28.3422
    3560      28.3249
    3561      28.2384
    3562      28.2047
    3563      28.2362
    3564      28.2453
    3565      28.2737
    3566      28.3029
    3567      28.2692
    3568      28.3281
    3569      28.2201
    3570      28.2452
    3571      28.1930
    3572      28.2888
    3573      28.2501
    3574      28.2367
    3575      28.2031
    3576      28.1220
    3577      28.2089
    3578      28.2687
    3579      28.2330
    3580      28.3022
    3581      28.3629
    3582      28.4247
    3583      28.3688
    3584      28.3600
    3585      28.3829
    3586      28.4020
    3587      28.4586
    3588      28.4448
    3589      28.4267
    3590      28.5526
    3591      28.5137
    3592      28.4106
    3593      28.3610
    3594      28.4007
    3595      28.3700
    3596      28.4525
    3597      28.2984
    3598      28.4889
    3599      28.3241
    3600      28.3578
    3601      28.2947
    3602      28.3081
    3603      28.3138
    3604      28.2951
    3605      28.2772
    3606      28.3655
    3607      28.3331
    3608      28.5487
    3609      28.3944
    3610      28.4684
    3611      28.4588
    3612      28.3922
    3613      28.3937
    3614      28.3799
    3615      28.3842
    3616      28.3385
    3617      28.4099
    3618      28.2966
    3619      28.2771
    3620      28.3637
    3621      28.3505
    3622      28.2073
    3623      28.2117
    3624      28.2159
    3625      28.2941
    3626      28.3104
    3627      28.3159
    3628      28.3012
    3629      28.3392
    3630      28.3011
    3631      28.2749
    3632      28.2468
    3633      28.2645
    3634      28.2968
    3635      28.3068
    3636      28.2377
    3637      28.2230
    3638      28.1554
    3639      28.1646
    3640      28.1970
    3641      28.2656
    3642      28.1815
    3643      28.3099
    3644      28.3436
    3645      28.3745
    3646      28.4593
    3647      28.3417
    3648      28.3073
    3649      28.2803
    3650      28.1597
    3651      28.2338
    3652      28.3256
    3653      28.2402
    3654      28.2859
    3655      28.3141
    3656      28.1974
    3657      28.2574
    3658      28.2162
    3659      28.1913
    3660      28.2965
    3661      28.2971
    3662      28.4271
    3663      28.4592
    3664      28.4365
    3665      28.4251
    3666      28.2733
    3667      28.3650
    3668      28.3483
    3669      28.3101
    3670      28.3881
    3671      28.4707
    3672      28.3373
    3673      28.3121
    3674      28.4252
    3675      28.3989
    3676      28.3250
    3677      28.4123
    3678      28.3464
    3679      28.3518
    3680      28.4386
    3681      28.4251
    3682      28.4692
    3683      28.3656
    3684      28.3999
    3685      28.3708
    3686      28.4482
    3687      28.4240
    3688      28.2920
    3689      28.4685
    3690      28.4330
    3691      28.4461
    3692      28.3888
    3693      28.4389
    3694      28.3640
    3695      28.2780
    3696      28.3641
    3697      28.3199
    3698      28.2838
    3699      28.3370
    3700      28.3956
    3701      28.3921
    3702      28.3989
    3703      28.3863
    3704      28.4511
    3705      28.4643
    3706      28.3199
    3707      28.4289
    3708      28.3579
    3709      28.3684
    3710      28.3623
    3711      28.2985
    3712      28.3147
    3713      28.3048
    3714      28.3699
    3715      28.3662
    3716      28.2138
    3717      28.3206
    3718      28.2368
    3719      28.2888
    3720      28.3178
    3721      28.2955
    3722      28.2864
    3723      28.2163
    3724      28.3230
    3725      28.2461
    3726      28.3326
    3727      28.4003
    3728      28.2799
    3729      28.1626
    3730      28.2309
    3731      28.3095
    3732      28.1982
    3733      28.2966
    3734      28.2667
    3735      28.3023
    3736      28.3093
    3737      28.2880
    3738      28.1623
    3739      28.2666
    3740      28.2447
    3741      28.3300
    3742      28.2989
    3743      28.2212
    3744      28.2706
    3745      28.3214
    3746      28.2688
    3747      28.2725
    3748      28.2593
    3749      28.3878
    3750      28.3225
    3751      28.2930
    3752      28.2793
    3753      28.2282
    3754      28.2669
    3755      28.2160
    3756      28.2754
    3757      28.2007
    3758      28.2234
    3759      28.1439
    3760      28.1279
    3761      28.2888
    3762      28.2187
    3763      28.2026
    3764      28.2529
    3765      28.2134
    3766      28.1901
    3767      28.1742
    3768      28.2961
    3769      28.2448
    3770      28.1352
    3771      28.2334
    3772      28.2794
    3773      28.3333
    3774      28.2740
    3775      28.2910
    3776      28.3365
    3777      28.3337
    3778      28.2529
    3779      28.2104
    3780      28.2021
    3781      28.3807
    3782      28.3257
    3783      28.2781
    3784      28.3041
    3785      28.3709
    3786      28.3555
    3787      28.2233
    3788      28.3401
    3789      28.4012
    3790      28.2494
    3791      28.2738
    3792      28.3264
    3793      28.3306
    3794      28.3444
    3795      28.3783
    3796      28.3567
    3797      28.3221
    3798      28.3854
    3799      28.3260
    3800      28.3866
    3801      28.2706
    3802      28.3356
    3803      28.2809
    3804      28.1954
    3805      28.2742
    3806      28.2977
    3807      28.3449
    3808      28.2811
    3809      28.2800
    3810      28.2336
    3811      28.2560
    3812      28.3136
    3813      28.3382
    3814      28.2623
    3815      28.3570
    3816      28.2756
    3817      28.3012
    3818      28.2845
    3819      28.1807
    3820      28.3862
    3821      28.3328
    3822      28.3585
    3823      28.3757
    3824      28.4207
    3825      28.3623
    3826      28.4819
    3827      28.4836
    3828      28.3931
    3829      28.4148
    3830      28.1547
    3831      28.2316
    3832      28.2337
    3833      28.2243
    3834      28.2148
    3835      28.2732
    3836      28.1762
    3837      28.2268
    3838      28.2918
    3839      28.3322
    3840      28.3961
    3841      28.3642
    3842      28.3959
    3843      28.3548
    3844      28.3603
    3845      28.3549
    3846      28.4170
    3847      28.2859
    3848      28.2493
    3849      28.3310
    3850      28.3201
    3851      28.4051
    3852      28.4147
    3853      28.3047
    3854      28.2917
    3855      28.2205
    3856      28.1505
    3857      28.1927
    3858      28.2730
    3859      28.4118
    3860      28.3286
    3861      28.2980
    3862      28.3567
    3863      28.3804
    3864      28.3189
    3865      28.3382
    3866      28.4432
    3867      28.4277
    3868      28.4467
    3869      28.4002
    3870      28.4034
    3871      28.3859
    3872      28.4073
    3873      28.3835
    3874      28.3927
    3875      28.3453
    3876      28.4993
    3877      28.4341
    3878      28.4036
    3879      28.3752
    3880      28.3649
    3881      28.2977
    3882      28.2730
    3883      28.2944
    3884      28.3063
    3885      28.2811
    3886      28.2910
    3887      28.3996
    3888      28.2845
    3889      28.1928
    3890      28.2418
    3891      28.1178
    3892      28.2724
    3893      28.2462
    3894      28.3089
    3895      28.0946
    3896      28.2777
    3897      28.2408
    3898      28.3272
    3899      28.1438
    3900      28.2089
    3901      28.1541
    3902      28.2550
    3903      28.2780
    3904      28.2280
    3905      28.2009
    3906      28.2065
    3907      28.1776
    3908      28.2547
    3909      28.1487
    3910      28.2034
    3911      28.0847
    3912      28.1879
    3913      28.2233
    3914      28.3204
    3915      28.2685
    3916      28.2301
    3917      28.3581
    3918      28.3623
    3919      28.2017
    3920      28.2636
    3921      28.2268
    3922      28.2698
    3923      28.2137
    3924      28.2962
    3925      28.3586
    3926      28.3416
    3927      28.4895
    3928      28.4748
    3929      28.3785
    3930      28.2638
    3931      28.3430
    3932      28.2343
    3933      28.1774
    3934      28.2257
    3935      28.1292
    3936      28.1133
    3937      28.1291
    3938      28.1621
    3939      28.2674
    3940      28.2256
    3941      28.2251
    3942      28.3176
    3943      28.3254
    3944      28.3190
    3945      28.4086
    3946      28.3399
    3947      28.3314
    3948      28.3607
    3949      28.3957
    3950      28.4711
    3951      28.4660
    3952      28.3954
    3953      28.3269
    3954      28.3544
    3955      28.2696
    3956      28.3151
    3957      28.2254
    3958      28.2689
    3959      28.3333
    3960      28.3420
    3961      28.2335
    3962      28.3567
    3963      28.2985
    3964      28.3954
    3965      28.3123
    3966      28.3145
    3967      28.3238
    3968      28.3553
    3969      28.4067
    3970      28.3430
    3971      28.2649
    3972      28.2237
    3973      28.2351
    3974      28.1988
    3975      28.2034
    3976      28.3325
    3977      28.1890
    3978      28.2962
    3979      28.2562
    3980      28.2225
    3981      28.2169
    3982      28.2317
    3983      28.2671
    3984      28.2402
    3985      28.2258
    3986      28.1875
    3987      28.2185
    3988      28.1128
    3989      28.1386
    3990      28.1953
    3991      28.2523
    3992      28.3320
    3993      28.1518
    3994      28.1994
    3995      28.1593
    3996      28.1582
    3997      28.0876
    3998      28.1506
    3999      28.2452
    4000      28.2257
    4001      28.2093
    4002      28.2498
    4003      28.2340
    4004      28.2984
    4005      28.4044
    4006      28.3561
    4007      28.3695
    4008      28.3531
    4009      28.3791
    4010      28.3146
    4011      28.3545
    4012      28.4522
    4013      28.3749
    4014      28.2435
    4015      28.3104
    4016      28.2437
    4017      28.2111
    4018      28.2597
    4019      28.3683
    4020      28.2909
    4021      28.3274
    4022      28.3397
    4023      28.3225
    4024      28.2936
    4025      28.3080
    4026      28.3065
    4027      28.3164
    4028      28.3365
    4029      28.4085
    4030      28.3274
    4031      28.3487
    4032      28.3668
    4033      28.3361
    4034      28.2543
    4035      28.2992
    4036      28.2487
    4037      28.3109
    4038      28.3901
    4039      28.3382
    4040      28.3409
    4041      28.2963
    4042      28.3206
    4043      28.4112
    4044      28.3289
    4045      28.4657
    4046      28.3324
    4047      28.3943
    4048      28.3389
    4049      28.3746
    4050      28.4242
    4051      28.3017
    4052      28.2558
    4053      28.3572
    4054      28.3415
    4055      28.3532
    4056      28.3419
    4057      28.4095
    4058      28.2623
    4059      28.2588
    4060      28.3183
    4061      28.2603
    4062      28.4678
    4063      28.3628
    4064      28.2602
    4065      28.3271
    4066      28.3450
    4067      28.3136
    4068      28.3747
    4069      28.2712
    4070      28.4322
    4071      28.3326
    4072      28.2663
    4073      28.3084
    4074      28.3692
    4075      28.3056
    4076      28.3165
    4077      28.2194
    4078      28.2511
    4079      28.2666
    4080      28.3459
    4081      28.3248
    4082      28.3459
    4083      28.2429
    4084      28.3457
    4085      28.3380
    4086      28.2634
    4087      28.3824
    4088      28.2634
    4089      28.3311
    4090      28.4066
    4091      28.3856
    4092      28.3412
    4093      28.2902
    4094      28.3078
    4095      28.2973
    4096      28.3251
    4097      28.2891
    4098      28.3121
    4099      28.3205
    4100      28.3362
    4101      28.3548
    4102      28.3446
    4103      28.3791
    4104      28.3895
    4105      28.3502
    4106      28.2577
    4107      28.3116
    4108      28.2728
    4109      28.3667
    4110      28.4111
    4111      28.4936
    4112      28.2866
    4113      28.3495
    4114      28.3700
    4115      28.3612
    4116      28.3079
    4117      28.2606
    4118      28.2203
    4119      28.2622
    4120      28.2986
    4121      28.3472
    4122      28.2479
    4123      28.3029
    4124      28.3217
    4125      28.3208
    4126      28.3323
    4127      28.1752
    4128      28.2603
    4129      28.2803
    4130      28.4055
    4131      28.3130
    4132      28.3687
    4133      28.3632
    4134      28.2930
    4135      28.2588
    4136      28.3563
    4137      28.3629
    4138      28.2995
    4139      28.2832
    4140      28.2130
    4141      28.1870
    4142      28.1321
    4143      28.1687
    4144      28.1290
    4145      28.1963
    4146      28.2254
    4147      28.2884
    4148      28.3069
    4149      28.2543
    4150      28.2937
    4151      28.2580
    4152      28.2472
    4153      28.3399
    4154      28.3607
    4155      28.2794
    4156      28.3809
    4157      28.3774
    4158      28.3759
    4159      28.3518
    4160      28.2908
    4161      28.3212
    4162      28.2903
    4163      28.1688
    4164      28.2436
    4165      28.2209
    4166      28.1887
    4167      28.1947
    4168      28.1587
    4169      28.1801
    4170      28.0327
    4171      28.1180
    4172      28.1443
    4173      28.1708
    4174      28.2015
    4175      28.1614
    4176      28.1628
    4177      28.2642
    4178      28.2611
    4179      28.2455
    4180      28.3798
    4181      28.2567
    4182      28.2484
    4183      28.1573
    4184      28.0630
    4185      28.1502
    4186      28.2736
    4187      28.3405
    4188      28.2996
    4189      28.1444
    4190      28.2210
    4191      28.2197
    4192      28.3377
    4193      28.3136
    4194      28.3007
    4195      28.3053
    4196      28.2851
    4197      28.3282
    4198      28.3348
    4199      28.2983
    4200      28.3390
    4201      28.3199
    4202      28.2733
    4203      28.3134
    4204      28.3128
    4205      28.3432
    4206      28.3368
    4207      28.2572
    4208      28.3179
    4209      28.2818
    4210      28.3491
    4211      28.3926
    4212      28.4197
    4213      28.3839
    4214      28.2654
    4215      28.3911
    4216      28.4233
    4217      28.4905
    4218      28.3971
    4219      28.4031
    4220      28.4137
    4221      28.3155
    4222      28.3084
    4223      28.3207
    4224      28.3774
    4225      28.2435
    4226      28.3642
    4227      28.2361
    4228      28.1970
    4229      28.2361
    4230      28.3076
    4231      28.2724
    4232      28.3052
    4233      28.3131
    4234      28.2646
    4235      28.2472
    4236      28.1850
    4237      28.2398
    4238      28.2517
    4239      28.3194
    4240      28.2790
    4241      28.2216
    4242      28.2684
    4243      28.2400
    4244      28.2513
    4245      28.3158
    4246      28.3775
    4247      28.4341
    4248      28.4178
    4249      28.3480
    4250      28.2858
    4251      28.3247
    4252      28.2940
    4253      28.2872
    4254      28.3439
    4255      28.3281
    4256      28.3073
    4257      28.2479
    4258      28.2818
    4259      28.2145
    4260      28.2871
    4261      28.1643
    4262      28.2258
    4263      28.1485
    4264      28.1464
    4265      28.2202
    4266      28.2748
    4267      28.3147
    4268      28.3238
    4269      28.3502
    4270      28.4032
    4271      28.3455
    4272      28.3393
    4273      28.2820
    4274      28.3208
    4275      28.3021
    4276      28.2641
    4277      28.3147
    4278      28.3539
    4279      28.3116
    4280      28.3209
    4281      28.2876
    4282      28.3738
    4283      28.3525
    4284      28.3892
    4285      28.3470
    4286      28.3013
    4287      28.3391
    4288      28.3068
    4289      28.4359
    4290      28.3467
    4291      28.3853
    4292      28.3396
    4293      28.3481
    4294      28.2248
    4295      28.2103
    4296      28.1069
    4297      28.1194
    4298      28.2117
    4299      28.3797
    4300      28.3992
    4301      28.3868
    4302      28.3393
    4303      28.3728
    4304      28.2710
    4305      28.1998
    4306      28.3432
    4307      28.3608
    4308      28.4066
    4309      28.3766
    4310      28.2705
    4311      28.2901
    4312      28.2990
    4313      28.2432
    4314      28.3162
    4315      28.3982
    4316      28.3717
    4317      28.3279
    4318      28.3649
    4319      28.3571
    4320      28.2750
    4321      28.2513
    4322      28.2133
    4323      28.1641
    4324      28.2332
    4325      28.2848
    4326      28.1836
    4327      28.3036
    4328      28.3464
    4329      28.2110
    4330      28.3104
    4331      28.2037
    4332      28.2456
    4333      28.2891
    4334      28.3719
    4335      28.3494
    4336      28.2192
    4337      28.2712
    4338      28.2650
    4339      28.2692
    4340      28.2982
    4341      28.3160
    4342      28.4248
    4343      28.3560
    4344      28.3699
    4345      28.3291
    4346      28.3411
    4347      28.3826
    4348      28.4333
    4349      28.3635
    4350      28.4837
    4351      28.4463
    4352      28.5221
    4353      28.3924
    4354      28.3585
    4355      28.2932
    4356      28.1474
    4357      28.2773
    4358      28.3638
    4359      28.2885
    4360      28.2420
    4361      28.3573
    4362      28.3060
    4363      28.3949
    4364      28.3024
    4365      28.3499
    4366      28.3510
    4367      28.3018
    4368      28.2923
    4369      28.2784
    4370      28.1996
    4371      28.3731
    4372      28.1822
    4373      28.3099
    4374      28.3202
    4375      28.3985
    4376      28.4884
    4377      28.4193
    4378      28.3834
    4379      28.4542
    4380      28.4646
    4381      28.3642
    4382      28.3342
    4383      28.3579
    4384      28.4490
    4385      28.3607
    4386      28.2661
    4387      28.1773
    4388      28.2722
    4389      28.3749
    4390      28.3291
    4391      28.3810
    4392      28.3613
    4393      28.4185
    4394      28.3508
    4395      28.3279
    4396      28.2551
    4397      28.2560
    4398      28.2993
    4399      28.2732
    4400      28.3297
    4401      28.3265
    4402      28.2957
    4403      28.2872
    4404      28.2429
    4405      28.2922
    4406      28.3225
    4407      30.5542
    4408      28.3887
    4409      30.5551
    4410      30.5786
    4411      30.5584
    4412      30.6972
    4413      30.6347
    4414      28.3942
    4415      30.5841
    4416      30.5683
    4417      28.3937
    4418      30.4138
    4419      30.5105
    4420      30.4620
    4421      30.4365
    4422      30.4451
    4423      30.5092
    4424      30.5744
    4425      30.5779
    4426      30.5104
    4427      30.5142
    4428      30.5415
    4429      30.5479
    4430      30.3997
    4431      28.2431
    4432      30.4419
    4433      30.3664
    4434      28.3258
    4435      28.2867
    4436      28.3536
    4437      28.2595
    4438      28.3199
    4439      28.3434
    4440      28.2393
    4441      28.3137
    4442      28.4375
    4443      28.3961
    4444      28.3527
    4445      28.3355
    4446      28.4095
    4447      28.3216
    4448      28.3493
    4449      28.2316
    4450      28.3133
    4451      28.2693
    4452      28.3981
    4453      28.3722
    4454      28.4314
    4455      28.4088
    4456      28.4102
    4457      28.4316
    4458      28.4523
    4459      28.4807
    4460      28.2761
    4461      28.3619
    4462      28.3294
    4463      28.3421
    4464      28.2331
    4465      28.2683
    4466      28.3441
    4467      28.3186
    4468      28.3353
    4469      28.2791
    4470      28.3373
    4471      28.2833
    4472      28.3933
    4473      28.3669
    4474      28.2545
    4475      28.3213
    4476      28.2738
    4477      28.3442
    4478      28.3499
    4479      28.2566
    4480      28.3007
    4481      28.3766
    4482      28.3198
    4483      28.3877
    4484      28.2573
    4485      28.3361
    4486      28.2891
    4487      28.2802
    4488      28.2646
    4489      28.3290
    4490      28.2471
    4491      28.2078
    4492      28.3099
    4493      28.1278
    4494      28.1658
    4495      28.2490
    4496      28.2880
    4497      28.2967
    4498      28.2955
    4499      28.3111
    4500      28.3334
    4501      28.2203
    4502      28.1187
    4503      28.3991
    4504      28.3436
    4505      28.2616
    4506      28.2851
    4507      28.3684
    4508      28.3276
    4509      28.2987
    4510      28.3186
    4511      28.3540
    4512      28.3385
    4513      28.1652
    4514      28.2065
    4515      28.1788
    4516      28.1483
    4517      28.1464
    4518      28.1330
    4519      28.1017
    4520      28.0932
    4521      28.1396
    4522      28.1108
    4523      28.1756
    4524      28.1312
    4525      28.1557
    4526      28.0722
    4527      28.1970
    4528      28.2521
    4529      28.2067
    4530      28.2354
    4531      28.2302
    4532      28.2391
    4533      28.2588
    4534      28.3703
    4535      28.3839
    4536      28.4347
    4537      28.4183
    4538      28.4460
    4539      28.4062
    4540      28.2226
    4541      28.3152
    4542      28.3244
    4543      28.2779
    4544      28.3305
    4545      28.2500
    4546      28.2320
    4547      28.1773
    4548      28.2239
    4549      28.1058
    4550      28.1479
    4551      28.1815
    4552      28.3460
    4553      28.2687
    4554      28.2937
    4555      28.2072
    4556      28.2126
    4557      28.2812
    4558      28.5220
    4559      28.5084
    4560      28.3407
    4561      28.3761
    4562      28.4033
    4563      28.3601
    4564      28.3265
    4565      28.2290
    4566      28.4255
    4567      28.3317
    4568      28.3043
    4569      28.3272
    4570      28.3348
    4571      28.4918
    4572      28.4096
    4573      28.3093
    4574      28.2479
    4575      28.2241
    4576      28.2706
    4577      28.4087
    4578      28.3458
    4579      28.3947
    4580      28.4397
    4581      28.5149
    4582      28.4471
    4583      28.4412
    4584      28.5439
    4585      28.4079
    4586      28.4450
    4587      28.5459
    4588      28.6465
    4589      28.4974
    4590      28.5065
    4591      28.5790
    4592      28.7048
    4593      28.5965
    4594      28.5376
    4595      28.5609
    4596      28.5243
    4597      28.5585
    4598      28.3993
    4599      28.5385
    4600      28.5474
    4601      28.5251
    4602      28.5041
    4603      30.6346
    4604      30.7009
    4605      30.7674
    4606      28.7019
    4607      28.6052
    4608      28.6181
    4609      28.6515
    4610      28.5829
    4611      28.6316
    4612      28.7180
    4613      28.5664
    4614      30.6091
    4615      30.5992
    4616      30.6275
    4617      28.6541
    4618      28.6526
    4619      28.7278
    4620      28.9732
    4621      28.8914
    4622      28.7318
    4623      28.8634
    4624      28.8258
    4625      28.7377
    4626      28.7507
    4627      30.8380
    4628      30.8013
    4629      28.7049
    4630      28.7562
    4631      28.6898
    4632      28.7676
    4633      30.7354
    4634      30.8435
    4635      30.7854
    4636      30.7121
    4637      30.8053
    4638      28.7837
    4639      28.7527
    4640      28.7041
    4641      28.6370
    4642      28.7090
    4643      28.7632
    4644      28.6727
    4645      28.6050
    4646      28.4770
    4647      28.6614
    4648      28.6920
    4649      28.6462
    4650      30.6404
    4651      28.7394
    4652      28.6883
    4653      28.6568
    4654      28.6609
    4655      28.7106
    4656      28.6479
    4657      28.6055
    4658      28.5750
    4659      28.4617
    4660      28.5548
    4661      28.4075
    4662      28.4114
    4663      28.4814
    4664      28.6176
    4665      28.5372
    4666      28.6463
    4667      28.7351
    4668      28.6887
    4669      28.6545
    4670      28.7115
    4671      28.7699
    4672      28.7513
    4673      28.7369
    4674      28.6534
    4675      28.5804
    4676      28.5325
    4677      28.6962
    4678      28.5818
    4679      28.5850
    4680      28.5157
    4681      28.3827
    4682      28.4794
    4683      28.5478
    4684      28.5119
    4685      28.6004
    4686      28.5730
    4687      28.5365
    4688      28.7115
    4689      28.5549
    4690      28.7122
    4691      28.5766
    4692      28.5415
    4693      28.5674
    4694      28.5920
    4695      28.6887
    4696      28.7348
    4697      28.6963
    4698      28.6761
    4699      28.6765
    4700      28.5414
    4701      28.5064
    4702      28.5843
    4703      28.5375
    4704      28.5503
    4705      28.4525
    4706      28.4304
    4707      28.5425
    4708      28.5556
    4709      28.5303
    4710      28.4558
    4711      28.3872
    4712      28.3564
    4713      28.3602
    4714      28.4232
    4715      28.3713
    4716      28.3930
    4717      28.3739
    4718      28.4699
    4719      28.3945
    4720      28.5406
    4721      28.6005
    4722      28.4393
    4723      28.4619
    4724      28.4087
    4725      28.3860
    4726      28.2687
    4727      28.3485
    4728      28.2778
    4729      28.4640
    4730      28.4984
    4731      28.5238
    4732      28.4287
    4733      28.3327
    4734      28.3758
    4735      28.3966
    4736      28.4298
    4737      28.5011
    4738      28.5056
    4739      28.4432
    4740      28.5797
    4741      28.5510
    4742      28.5091
    4743      28.6229
    4744      28.5045
    4745      28.5723
    4746      28.6497
    4747      28.5379
    4748      28.5663
    4749      28.5193
    4750      28.4337
    4751      28.2875
    4752      28.3963
    4753      28.3566
    4754      28.4845
    4755      28.5421
    4756      28.4501
    4757      28.4684
    4758      28.5199
    4759      28.5564
    4760      28.6299
    4761      28.6328
    4762      28.6299
    4763      28.6745
    4764      28.6291
    4765      28.4247
    4766      28.4999
    4767      28.3821
    4768      28.4345
    4769      28.3095
    4770      28.4190
    4771      28.5817
    4772      28.5527
    4773      28.4810
    4774      28.5350
    4775      28.5303
    4776      28.4128
    4777      28.4731
    4778      28.5483
    4779      28.4567
    4780      28.4732
    4781      28.4311
    4782      28.5393
    4783      28.5157
    4784      28.5659
    4785      28.5898
    4786      28.4629
    4787      28.4663
    4788      28.4646
    4789      28.5545
    4790      28.3375
    4791      28.4241
    4792      28.3182
    4793      28.2221
    4794      28.4181
    4795      28.3922
    4796      28.4471
    4797      28.4274
    4798      28.5223
    4799      28.5420
    4800      28.5884
    4801      28.4327
    4802      28.5813
    4803      28.4797
    4804      28.6495
    4805      28.5734
    4806      28.5098
    4807      28.4463
    4808      28.5860
    4809      28.5244
    4810      28.5281
    4811      28.4717
    4812      28.4418
    4813      28.4353
    4814      28.3723
    4815      28.4044
    4816      28.4153
    4817      28.3568
    4818      28.4073
    4819      28.3987
    4820      28.3571
    4821      28.4283
    4822      28.2629
    4823      28.3716
    4824      28.3683
    4825      30.6097
    4826      30.6253
    4827      30.5543
    4828      30.5909
    4829      30.4611
    4830      30.3781
    4831      30.3224
    4832      30.3161
    4833      30.4129
    4834      30.4746
    4835      30.4414
    4836      30.5600
    4837      30.6000
    4838      30.5332
    4839      30.5004
    4840      30.5453
    4841      28.2224
    4842      28.2728
    4843      28.2469
    4844      28.1833
    4845      28.3039
    4846      28.3763
    4847      30.6111
    4848      30.5522
    4849      30.5637
    4850      30.5027
    4851      30.4875
    4852      30.4464
    4853      30.4849
    4854      30.5129
    4855      30.5809
    4856      30.4469
    4857      30.5164
    4858      30.4700
    4859      30.5943
    4860      28.3042
    4861      28.2071
    4862      28.2771
    4863      28.2353
    4864      28.1868
    4865      28.2143
    4866      28.1183
    4867      28.2712
    4868      28.1598
    4869      28.2541
    4870      28.0523
    4871      28.1199
    4872      28.1241
    4873      28.2004
    4874      28.0693
    4875      28.2077
    4876      28.1327
    4877      28.3163
    4878      28.1754
    4879      28.2131
    4880      28.2221
    4881      28.2504
    4882      28.1863
    4883      28.2901
    4884      28.2873
    4885      28.2060
    4886      28.1798
    4887      28.1091
    4888      28.1714
    4889      28.1829
    4890      28.0923
    4891      28.1083
    4892      28.2494
    4893      28.2184
    4894      28.2104
    4895      28.1906
    4896      28.1557
    4897      28.3115
    4898      28.3678
    4899      28.1850
    4900      28.1257
    4901      28.2285
    4902      28.2419
    4903      28.2338
    4904      28.2545
    4905      28.2392
    4906      28.1715
    4907      28.0973
    4908      28.1069
    4909      28.1814
    4910      28.2265
    4911      30.3482
    4912      28.1642
    4913      28.2501
    4914      28.1730
    4915      28.1778
    4916      28.1522
    4917      28.1993
    4918      28.3032
    4919      28.2977
    4920      28.0467
    4921      30.2405
    4922      30.2241
    4923      30.2820
    4924      28.1206
    4925      30.3250
    4926      30.4600
    4927      30.4500
    4928      30.4598
    4929      30.3926
    4930      30.2929
    4931      30.2752
    4932      30.2238
    4933      30.3827
    4934      30.3087
    4935      30.3383
    4936      30.3529
    4937      30.2491
    4938      30.2055
    4939      30.1659
    4940      30.1660
    4941      30.2851
    4942      30.2718
    4943      30.2721
    4944      30.4330
    4945      30.4286
    4946      30.2941
    4947      30.2837
    4948      30.2993
    4949      30.2183
    4950      30.2808
    4951      30.1809
    4952      30.2270
    4953      30.1996
    4954      30.1013
    4955      30.0456
    4956      30.0956
    4957      30.0968
    4958      30.0917
    4959      30.1202
    4960      30.0808
    4961      29.9373
    4962      30.0961
    4963      30.0051
    4964      30.0884
    4965      30.1039
    4966      30.0609
    4967      30.1143
    4968      29.9948
    4969      29.9969
    4970      30.1017
    4971      30.1157
    4972      30.1440
    4973      30.1895
    4974      30.2095
    4975      30.2699
    4976      30.1165
    4977      30.1086
    4978      30.2177
    4979      30.1782
    4980      30.2059
    4981      30.2041
    4982      30.2327
    4983      30.2970
    4984      30.3937
    4985      30.3858
    4986      30.3862
    4987      30.3318
    4988      30.4305
    4989      30.3558
    4990      28.0052
    4991      30.4478
    4992      28.1605
    4993      30.4271
    4994      30.5587
    4995      30.4668
    4996      30.4546
    4997      30.4459
    4998      30.4821
    4999      30.4827
    5000      28.1135
    5001      28.1548
    5002      28.2406
    5003      28.2624
    5004      28.2501
    5005      28.2007
    5006      28.1842
    5007      28.2583
    5008      28.1724
    5009      28.0630
    5010      28.1027
    5011      28.1509
    5012      28.1130
    5013      28.2584
    5014      28.1561
    5015      28.1106
    5016      28.1313
    5017      28.0560
    5018      28.2055
    5019      28.2321
    5020      28.1995
    5021      28.1760
    5022      28.1340
    5023      28.0675
    5024      28.1389
    5025      28.1909
    5026      28.1222
    5027      28.1553
    5028      28.1186
    5029      28.1879
    5030      28.1904
    5031      28.2048
    5032      28.1837
    5033      28.1782
    5034      28.2268
    5035      28.3480
    5036      28.2906
    5037      28.2330
    5038      28.2986
    5039      28.1997
    5040      28.2833
    5041      28.2859
    5042      28.3000
    5043      28.1872
    5044      28.2199
    5045      28.2018
    5046      28.1823
    5047      28.1339
    5048      28.1125
    5049      28.0417
    5050      28.1391
    5051      28.1289
    5052      28.1740
    5053      28.1341
    5054      28.0688
    5055      28.1199
    5056      28.0017
    5057      28.1167
    5058      28.1881
    5059      28.1231
    5060      28.1314
    5061      28.1984
    5062      28.1658
    5063      28.1766
    5064      28.1540
    5065      28.1442
    5066      28.1240
    5067      28.0743
    5068      28.3117
    5069      28.1542
    5070      28.1926
    5071      28.0511
    5072      30.4848
    5073      30.5376
    5074      30.5023
    5075      30.6393
    5076      30.5015
    5077      30.4874
    5078      30.3956
    5079      30.4379
    5080      30.5590
    5081      30.6361
    5082      30.5970
    5083      30.6507
    5084      30.5943
    5085      30.5346
    5086      30.7260
    5087      30.6308
    5088      30.5698
    5089      30.4804
    5090      30.5320
    5091      30.5148
    5092      30.4594
    5093      30.4372
    5094      30.4156
    5095      30.4051
    5096      30.5593
    5097      30.5379
    5098      30.3797
    5099      30.3376
    5100      30.3588
    5101      30.3259
    5102      30.5328
    5103      30.5361
    5104      30.6677
    5105      30.6113
    5106      30.6429
    5107      30.5198
    5108      30.6675
    5109      30.5787
    5110      30.6047
    5111      30.5838
    5112      30.5705
    5113      30.7208
    5114      30.6216
    5115      30.6169
    5116      30.6236
    5117      30.5851
    5118      30.5395
    5119      30.5726
    5120      30.5336
    5121      30.6423
    5122      30.6720
    5123      30.6210
    5124      30.6809
    5125      30.7212
    5126      30.6508
    5127      30.7671
    5128      30.6741
    5129      30.7003
    5130      30.6585
    5131      30.6266
    5132      30.7032
    5133      30.7894
    5134      30.8537
    5135      30.9016
    5136      30.8509
    5137      30.8659
    5138      30.8485
    5139      30.8658
    5140      30.9304
    5141      30.7872
    5142      30.8330
    5143      30.9204
    5144      30.8535
    5145      30.7704
    5146      30.5797
    5147      30.6202
    5148      30.7494
    5149      30.7241
    5150      30.6375
    5151      30.6642
    5152      30.6702
    5153      30.6022
    5154      30.7115
    5155      30.5317
    5156      30.6235
    5157      30.6271
    5158      30.6291
    5159      30.7015
    5160      30.6549
    5161      30.6203
    5162      30.7132
    5163      30.6677
    5164      30.7140
    5165      30.6078
    5166      30.6458
    5167      30.6160
    5168      30.6118
    5169      30.6744
    5170      30.6569
    5171      30.6492
    5172      30.7481
    5173      30.6708
    5174      30.6179
    5175      30.6461
    5176      30.6049
    5177      30.6736
    5178      30.5666
    5179      30.5605
    5180      30.5525
    5181      30.6103
    5182      30.5889
    5183      30.6120
    5184      30.7255
    5185      30.6167
    5186      30.5076
    5187      30.6056
    5188      30.6420
    5189      30.5762
    5190      30.5368
    5191      30.6086
    5192      30.5379
    5193      30.5519
    5194      30.5550
    5195      30.6054
    5196      30.5723
    5197      30.5927
    5198      30.5321
    5199      30.4709
    5200      30.4604
    5201      30.4326
    5202      30.4242
    5203      30.5638
    5204      30.5176
    5205      30.5444
    5206      30.4771
    5207      30.6142
    5208      30.5644
    5209      30.5360
    5210      30.5404
    5211      30.5149
    5212      30.4561
    5213      30.4353
    5214      30.4868
    5215      30.4248
    5216      30.5458
    5217      30.4969
    5218      30.5892
    5219      30.5425
    5220      30.5139
    5221      30.4503
    5222      30.4919
    5223      30.4408
    5224      30.4522
    5225      30.4561
    5226      30.4669
    5227      30.4773
    5228      30.5829
    5229      30.5227
    5230      30.5376
    5231      30.5432
    5232      30.4339
    5233      30.4469
    5234      30.4843
    5235      30.5487
    5236      30.5200
    5237      30.4584
    5238      30.4827
    5239      30.6136
    5240      30.6207
    5241      30.5850
    5242      30.6414
    5243      30.6142
    5244      30.5728
    5245      30.6005
    5246      30.7066
    5247      30.6204
    5248      30.6060
    5249      30.7119
    5250      30.6449
    5251      30.5315
    5252      30.5219
    5253      30.5634
    5254      30.6356
    5255      30.6351
    5256      30.5876
    5257      30.7266
    5258      30.7310
    5259      30.5928
    5260      30.6168
    5261      30.5670
    5262      30.5638
    5263      30.5483
    5264      30.5952
    5265      30.6038
    5266      30.5796
    5267      30.6636
    5268      30.6562
    5269      30.5395
    5270      30.5718
    5271      30.6380
    5272      30.6171
    5273      30.5676
    5274      30.5972
    5275      30.6561
    5276      30.6906
    5277      30.5843
    5278      30.6157
    5279      30.6593
    5280      30.6627
    5281      28.1614
    5282      30.6679
    5283      30.5844
    5284      30.5399
    5285      30.6516
    5286      30.7459
    5287      30.7209
    5288      28.2774
    5289      30.7605
    5290      30.6268
    5291      28.1412
    5292      28.1797
    5293      28.2599
    5294      28.0919
    5295      30.7390
    5296      28.2025
    5297      30.7896
    5298      30.7052
    5299      28.1590
    5300      28.0853
    5301      28.2670
    5302      28.1152
    5303      28.1143
    5304      28.2040
    5305      28.1868
    5306      28.1423
    5307      28.1123
    5308      28.1892
    5309      28.0846
    5310      28.1130
    5311      28.1020
    5312      28.0845
    5313      28.1446
    5314      28.1039
    5315      28.1437
    5316      28.2047
    5317      28.1860
    5318      28.1276
    5319      28.1073
    5320      28.1109
    5321      28.1806
    5322      28.1220
    5323      28.2664
    5324      28.2020
    5325      28.1338
    5326      28.2366
    5327      28.1100
    5328      28.0660
    5329      28.1645
    5330      28.0914
    5331      28.1595
    5332      28.1290
    5333      28.0425
    5334      28.1317
    5335      28.2013
    5336      28.1644
    5337      28.1158
    5338      28.1021
    5339      28.0606
    5340      28.1282
    5341      28.2457
    5342      28.1580
    5343      28.2441
    5344      28.2489
    5345      28.2154
    5346      28.2462
    5347      28.1756
    5348      28.1660
    5349      28.1227
    5350      28.2221
    5351      28.1619
    5352      28.1842
    5353      28.1227
    5354      28.1347
    5355      28.1397
    5356      28.1105
    5357      28.0567
    5358      27.9991
    5359      28.1709
    5360      27.9971
    5361      28.0763
    5362      28.1043
    5363      28.2583
    5364      28.0766
    5365      28.1033
    5366      28.1884
    5367      28.1538
    5368      28.1385
    5369      28.0697
    5370      28.0585
    5371      28.0995
    5372      28.2004
    5373      28.2027
    5374      28.1821
    5375      28.1145
    5376      28.1296
    5377      28.1544
    5378      28.1449
    5379      28.2860
    5380      28.0890
    5381      28.1649
    5382      28.1448
    5383      28.1413
    5384      28.0863
    5385      28.1142
    5386      28.1727
    5387      28.1419
    5388      28.2103
    5389      28.1251
    5390      28.2628
    5391      28.1531
    5392      28.1478
    5393      28.1497
    5394      28.1355
    5395      28.1642
    5396      28.0901
    5397      28.0864
    5398      28.1701
    5399      28.1085
    5400      28.0966
    5401      28.1110
    5402      28.1161
    5403      28.1896
    5404      28.2025
    5405      28.2338
    5406      28.2286
    5407      28.1659
    5408      28.1860
    5409      28.1328
    5410      28.1134
    5411      28.2010
    5412      28.2810
    5413      28.2378
    5414      28.2018
    5415      28.2076
    5416      28.2250
    5417      28.1793
    5418      28.1707
    5419      28.1017
    5420      28.0492
    5421      28.1217
    5422      28.1911
    5423      28.1187
    5424      28.2412
    5425      28.2397
    5426      28.1688
    5427      28.1521
    5428      28.0672
    5429      28.0960
    5430      28.0734
    5431      28.1223
    5432      28.0903
    5433      28.1354
    5434      28.0952
    5435      28.1066
    5436      28.0396
    5437      28.1096
    5438      28.1769
    5439      28.1595
    5440      28.0731
    5441      28.1709
    5442      28.1498
    5443      28.0342
    5444      28.0840
    5445      30.5448
    5446      28.0854
    5447      28.2269
    5448      30.6210
    5449      30.5990
    5450      30.6925
    5451      28.1857
    5452      28.1931
    5453      28.1243
    5454      28.1816
    5455      30.6337
    5456      30.6609
    5457      30.6590
    5458      30.5527
    5459      30.5909
    5460      30.6306
    5461      30.6034
    5462      30.6405
    5463      30.5058
    5464      30.5967
    5465      30.6519
    5466      30.5486
    5467      30.5797
    5468      30.5990
    5469      28.1234
    5470      28.1864
    5471      28.2858
    5472      30.7584
    5473      28.2091
    5474      28.1518
    5475      28.2396
    5476      30.7658
    5477      28.2403
    5478      28.1296
    5479      28.1815
    5480      28.0442
    5481      28.0949
    5482      28.1913
    5483      28.1053
    5484      28.1505
    5485      28.1446
    5486      28.1704
    5487      28.2077
    5488      28.1987
    5489      28.2973
    5490      28.1350
    5491      28.1553
    5492      28.2497
    5493      28.1804
    5494      28.2232
    5495      28.1999
    5496      28.2795
    5497      28.2189
    5498      28.2111
    5499      28.2307
    5500      28.2053
    5501      30.6878
    5502      30.6913
    5503      30.7115
    5504      28.1236
    5505      28.2376
    5506      30.7398
    5507      30.5723
    5508      30.6278
    5509      30.6652
    5510      30.5461
    5511      30.4693
    5512      30.4376
    5513      30.5491
    5514      30.6453
    5515      30.6087
    5516      30.5674
    5517      30.6269
    5518      30.6600
    5519      30.5989
    5520      30.4898
    5521      30.5536
    5522      30.5611
    5523      30.4731
    5524      30.4793
    5525      30.4912
    5526      30.5826
    5527      30.6308
    5528      30.5187
    5529      30.5575
    5530      30.4746
    5531      30.5258
    5532      30.5180
    5533      30.4551
    5534      30.4823
    5535      30.4915
    5536      30.5619
    5537      30.6141
    5538      30.5841
    5539      30.5492
    5540      30.6259
    5541      30.5870
    5542      30.5350
    5543      30.6295
    5544      30.6133
    5545      30.6357
    5546      30.5822
    5547      30.5361
    5548      30.5706
    5549      30.5750
    5550      30.4996
    5551      30.6206
    5552      30.7076
    5553      30.6338
    5554      30.5550
    5555      30.5411
    5556      30.5761
    5557      30.5248
    5558      30.5421
    5559      30.6038
    5560      30.5085
    5561      30.3676
    5562      30.4975
    5563      30.5427
    5564      30.5626
    5565      30.5583
    5566      30.4596
    5567      30.5377
    5568      30.5626
    5569      30.5957
    5570      30.5879
    5571      30.4805
    5572      30.4834
    5573      30.4529
    5574      30.4735
    5575      30.4726
    5576      30.4704
    5577      30.5019
    5578      30.4170
    5579      30.4695
    5580      30.5071
    5581      30.4891
    5582      30.5171
    5583      30.6065
    5584      30.4718
    5585      30.4459
    5586      30.4317
    5587      30.3298
    5588      30.3708
    5589      30.3669
    5590      30.3608
    5591      30.4525
    5592      30.3689
    5593      30.3692
    5594      30.4600
    5595      30.3978
    5596      30.3900
    5597      30.4437
    5598      30.5083
    5599      30.3795
    5600      30.4880
    5601      30.4848
    5602      30.5612
    5603      30.4501
    5604      30.5551
    5605      30.5247
    5606      30.3932
    5607      30.3824
    5608      30.3436
    5609      30.2640
    5610      30.3292
    5611      30.2745
    5612      30.3141
    5613      30.2470
    5614      30.2822
    5615      30.3744
    5616      30.3672
    5617      30.2711
    5618      30.3383
    5619      30.2671
    5620      30.3269
    5621      30.3373
    5622      30.4011
    5623      30.2665
    5624      30.3762
    5625      30.3531
    5626      30.4510
    5627      30.4547
    5628      30.4248
    5629      30.2748
    5630      30.3468
    5631      30.2475
    5632      30.2961
    5633      30.3595
    5634      30.4059
    5635      30.3508
    5636      30.2573
    5637      30.2057
    5638      30.3082
    5639      30.3227
    5640      30.2523
    5641      30.3158
    5642      30.3591
    5643      30.3295
    5644      30.4284
    5645      30.3452
    5646      30.3733
    5647      30.3602
    5648      30.3291
    5649      30.4411
    5650      30.3682
    5651      30.3980
    5652      30.3902
    5653      30.2990
    5654      30.3577
    5655      30.3338
    5656      30.3580
    5657      30.3289
    5658      30.2789
    5659      30.3085
    5660      30.3135
    5661      30.2858
    5662      30.2237
    5663      30.3295
    5664      30.2767
    5665      30.3104
    5666      30.2510
    5667      30.2506
    5668      30.3002
    5669      30.4109
    5670      30.3010
    5671      30.3090
    5672      30.2302
    5673      30.2683
    5674      30.3322
    5675      30.3439
    5676      30.2226
    5677      30.2867
    5678      30.3053
    5679      30.3088
    5680      30.3309
    5681      30.2641
    5682      30.2991
    5683      30.2985
    5684      30.2920
    5685      30.3176
    5686      30.3247
    5687      30.2487
    5688      30.2815
    5689      30.2945
    5690      30.2741
    5691      30.2649
    5692      30.1631
    5693      30.1821
    5694      30.2651
    5695      30.3040
    5696      30.3076
    5697      30.2178
    5698      30.2789
    5699      30.3084
    5700      30.1900
    5701      30.2844
    5702      30.2457
    5703      30.2402
    5704      30.2159
    5705      30.1671
    5706      30.1795
    5707      30.2435
    5708      30.2338
    5709      30.2500
    5710      30.3437
    5711      30.3649
    5712      30.2433
    5713      30.1723
    5714      30.2086
    5715      30.1709
    5716      30.2797
    5717      30.2354
    5718      30.2972
    5719      30.4427
    5720      30.3835
    5721      30.3224
    5722      30.3156
    5723      30.3203
    5724      30.4090
    5725      30.3525
    5726      30.3130
    5727      30.3828
    5728      30.4004
    5729      30.4551
    5730      30.3906
    5731      30.4612
    5732      30.4222
    5733      30.4078
    5734      30.3039
    5735      30.3032
    5736      30.3090
    5737      30.2921
    5738      30.3435
    5739      30.4174
    5740      30.3296
    5741      30.3669
    5742      30.3184
    5743      30.3939
    5744      30.3039
    5745      30.3638
    5746      30.3835
    5747      30.2983
    5748      30.3263
    5749      30.3214
    5750      30.2781
    5751      30.2564
    5752      30.2591
    5753      30.2440
    5754      30.3031
    5755      30.2920
    5756      30.3298
    5757      30.3532
    5758      30.3567
    5759      30.3450
    5760      30.3067
    5761      30.4313
    5762      30.3926
    5763      30.4474
    5764      30.5065
    5765      30.4310
    5766      30.4249
    5767      30.4834
    5768      30.3731
    5769      30.2998
    5770      30.3849
    5771      30.4622
    5772      30.3645
    5773      30.3909
    5774      30.4150
    5775      30.4238
    5776      30.3941
    5777      30.4544
    5778      30.4246
    5779      30.4366
    5780      30.4461
    5781      30.4362
    5782      30.5022
    5783      30.4315
    5784      30.3485
    5785      30.4320
    5786      30.5034
    5787      30.5410
    5788      30.5032
    5789      30.5532
    5790      30.5256
    5791      30.5236
    5792      30.5587
    5793      30.5332
    5794      30.6177
    5795      30.6126
    5796      30.6943
    5797      30.6310
    5798      30.7757
    5799      30.6742
    5800      30.6351
    5801      30.6535
    5802      28.2749
    5803      30.6980
    5804      30.7886
    5805      30.7387
    5806      30.7510
    5807      30.5744
    5808      30.5886
    5809      30.6175
    5810      30.7036
    5811      30.7094
    5812      30.6475
    5813      30.7384
    5814      30.6771
    5815      30.5913
    5816      30.5944
    5817      30.5781
    5818      30.6784
    5819      30.5594
    5820      30.5673
    5821      30.6963
    5822      30.6788
    5823      30.5970
    5824      30.6774
    5825      30.6332
    5826      30.5264
    5827      30.5737
    5828      30.5023
    5829      30.6174
    5830      30.6433
    5831      30.6565
    5832      30.6490
    5833      30.6085
    5834      30.6193
    5835      28.1863
    5836      28.1501
    5837      28.1256
    5838      28.1374
    5839      30.5815
    5840      30.6344
    5841      30.6337
    5842      30.6533
    5843      30.6376
    5844      28.0696
    5845      28.1818
    5846      30.5904
    5847      28.1891
    5848      30.6516
    5849      30.6264
    5850      30.5462
    5851      28.1599
    5852      28.1557
    5853      28.2050
    5854      28.0313
    5855      28.1534
    5856      30.5987
    5857      30.6492
    5858      30.6028
    5859      30.6973
    5860      30.6999
    5861      30.6148
    5862      30.6211
    5863      30.5690
    5864      30.6307
    5865      30.5617
    5866      30.5936
    5867      30.6197
    5868      30.7250
    5869      30.7453
    5870      30.6654
    5871      30.6620
    5872      30.6660
    5873      30.5597
    5874      30.5453
    5875      30.5603
    5876      30.6172
    5877      30.5323
    5878      30.5072
    5879      30.6325
    5880      30.5991
    5881      30.5850
    5882      30.6421
    5883      30.6183
    5884      30.5369
    5885      30.4511
    5886      30.6412
    5887      30.5027
    5888      30.5783
    5889      30.3534
    5890      30.3474
    5891      30.4111
    5892      30.3351
    5893      30.4314
    5894      30.4353
    5895      30.4568
    5896      30.4147
    5897      30.4574
    5898      30.3918
    5899      30.5718
    5900      30.5095
    5901      30.6100
    5902      30.6687
    5903      30.7204
    5904      30.6834
    5905      30.4854
    5906      30.6329
    5907      30.4897
    5908      30.5368
    5909      30.5433
    5910      30.5921
    5911      30.4199
    5912      30.4418
    5913      30.4769
    5914      30.5852
    5915      30.5721
    5916      30.5131
    5917      30.5620
    5918      30.4981
    5919      30.4213
    5920      30.5880
    5921      30.4527
    5922      30.5924
    5923      30.3780
    5924      30.5240
    5925      30.5132
    5926      30.5410
    5927      30.5949
    5928      30.6129
    5929      30.5783
    5930      30.6034
    5931      30.6172
    5932      30.5942
    5933      30.6490
    5934      30.5535
    5935      30.6274
    5936      30.6343
    5937      30.6444
    5938      28.1489
    5939      28.2088
    5940      28.3197
    5941      30.6644
    5942      28.1763
    5943      30.7014
    5944      30.7249
    5945      30.6092
    5946      30.6798
    5947      30.7306
    5948      30.7134
    5949      30.6318
    5950      30.6371
    5951      30.6114
    5952      30.7429
    5953      30.6774
    5954      30.6742
    5955      30.7853
    5956      30.8063
    5957      30.6617
    5958      30.7221
    5959      30.7062
    5960      30.8413
    5961      30.6319
    5962      30.7155
    5963      30.6491
    5964      30.6767
    5965      30.6516
    5966      30.7323
    5967      30.7257
    5968      30.7627
    5969      30.7451
    5970      30.7793
    5971      30.7672
    5972      30.7429
    5973      30.8127
    5974      28.4071
    5975      28.4115
    5976      30.7814
    5977      30.7960
    5978      30.8266
    5979      30.8575
    5980      30.8873
    5981      30.8821
    5982      31.0370
    5983      28.3882
    5984      28.4334
    5985      28.3101
    5986      28.3897
    5987      28.4098
    5988      28.3769
    5989      28.3546
    5990      28.4033
    5991      28.4040
    5992      28.4308
    5993      28.4532
    5994      28.3423
    5995      28.4168
    5996      28.3677
    5997      28.2876
    5998      28.3787
    5999      28.2975
    6000      28.3057
    6001      28.1276
    6002      28.0616
    6003      28.1404
    6004      28.1802
    6005      28.2046
    6006      28.1058
    6007      28.2270
    6008      28.1620
    6009      28.2298
    6010      28.1929
    6011      28.1863
    6012      28.1968
    6013      28.2948
    6014      28.1509
    6015      28.2366
    6016      28.1253
    6017      28.2410
    6018      28.2534
    6019      28.2759
    6020      28.3195
    6021      28.3420
    6022      28.2840
    6023      28.3178
    6024      28.2328
    6025      28.2533
    6026      28.2333
    6027      28.2619
    6028      28.2689
    6029      28.4407
    6030      28.3613
    6031      28.2615
    6032      28.2232
    6033      28.2968
    6034      28.2819
    6035      28.2576
    6036      28.2099
    6037      28.1901
    6038      28.2750
    6039      28.3658
    6040      28.2782
    6041      28.2652
    6042      28.2604
    6043      28.1437
    6044      28.2882
    6045      28.3344
    6046      28.2215
    6047      28.2450
    6048      28.2248
    6049      28.2648
    6050      28.2368
    6051      28.3679
    6052      28.3201
    6053      28.2506
    6054      28.1309
    6055      28.2912
    6056      28.2357
    6057      28.1369
    6058      28.1838
    6059      28.0670
    6060      28.1388
    6061      28.1983
    6062      28.1733
    6063      28.1277
    6064      28.3286
    6065      28.2300
    6066      28.3530
    6067      28.2635
    6068      28.2561
    6069      28.2689
    6070      28.3494
    6071      28.2936
    6072      28.3307
    6073      28.2182
    6074      28.1897
    6075      28.2921
    6076      28.2357
    6077      28.1926
    6078      28.2019
    6079      28.1760
    6080      28.1887
    6081      28.1547
    6082      28.2450
    6083      28.2828
    6084      28.3377
    6085      28.3887
    6086      28.4129
    6087      28.4287
    6088      28.3349
    6089      28.3343
    6090      28.3274
    6091      28.3702
    6092      28.2998
    6093      28.2084
    6094      28.1924
    6095      28.1215
    6096      28.2010
    6097      28.2003
    6098      28.2625
    6099      28.2276
    6100      28.2668
    6101      28.2813
    6102      28.2892
    6103      28.2781
    6104      28.3212
    6105      28.3411
    6106      28.3404
    6107      28.2710
    6108      28.1061
    6109      28.2513
    6110      28.2586
    6111      28.1785
    6112      28.2277
    6113      28.2006
    6114      28.2442
    6115      28.2629
    6116      28.2605
    6117      28.1810
    6118      28.1992
    6119      28.2091
    6120      28.1824
    6121      28.1909
    6122      28.2051
    6123      28.2315
    6124      28.2923
    6125      28.2279
    6126      28.2456
    6127      28.2396
    6128      28.2954
    6129      28.2352
    6130      28.1752
    6131      28.1946
    6132      28.1532
    6133      28.1769
    6134      28.2448
    6135      28.2014
    6136      28.1207
    6137      28.1827
    6138      28.2931
    6139      28.2236
    6140      28.3333
    6141      28.3112
    6142      28.3586
    6143      28.3391
    6144      28.3358
    6145      28.3273
    6146      28.2370
    6147      28.3595
    6148      28.3267
    6149      28.4377
    6150      28.2994
    6151      28.3679
    6152      28.4408
    6153      28.2878
    6154      28.3579
    6155      28.3985
    6156      28.4690
    6157      28.4633
    6158      28.3729
    6159      28.3520
    6160      28.4062
    6161      28.4339
    6162      28.3957
    6163      28.5117
    6164      28.4872
    6165      28.5247
    6166      28.4414
    6167      28.4211
    6168      28.5397
    6169      28.5771
    6170      28.4757
    6171      28.4936
    6172      28.5074
    6173      28.4301
    6174      28.3909
    6175      28.5088
    6176      28.4585
    6177      28.4709
    6178      28.3974
    6179      28.3880
    6180      28.3326
    6181      28.3892
    6182      28.4742
    6183      28.3618
    6184      28.4660
    6185      28.3210
    6186      28.4427
    6187      28.4314
    6188      28.4521
    6189      28.4180
    6190      28.3572
    6191      28.2854
    6192      28.4024
    6193      28.2163
    6194      28.3275
    6195      28.4222
    6196      28.4788
    6197      28.5450
    6198      28.3826
    6199      28.5370
    6200      28.4624
    6201      28.4593
    6202      28.5340
    6203      28.4855
    6204      28.4327
    6205      28.4090
    6206      28.4613
    6207      28.5668
    6208      28.4741
    6209      28.4295
    6210      28.4822
    6211      28.3976
    6212      28.3025
    6213      28.2210
    6214      28.3449
    6215      28.3741
    6216      28.2409
    6217      28.2874
    6218      28.3283
    6219      28.3514
    6220      28.3018
    6221      28.3438
    6222      28.3599
    6223      28.3229
    6224      28.4387
    6225      28.3481
    6226      28.3946
    6227      28.3477
    6228      28.4460
    6229      28.3356
    6230      28.2720
    6231      28.3024
    6232      28.4088
    6233      28.3916
    6234      28.4305
    6235      28.3539
    6236      28.5126
    6237      28.3766
    6238      28.3952
    6239      28.3864
    6240      28.4808
    6241      28.4447
    6242      28.4351
    6243      28.3661
    6244      28.4615
    6245      28.4244
    6246      28.3829
    6247      28.3736
    6248      28.4378
    6249      28.4010
    6250      28.3886
    6251      28.3082
    6252      28.3616
    6253      28.3014
    6254      28.3141
    6255      28.2213
    6256      28.2908
    6257      28.3968
    6258      28.2986
    6259      28.2805
    6260      28.3260
    6261      28.2513
    6262      28.3703
    6263      28.2744
    6264      28.2542
    6265      28.2044
    6266      28.3112
    6267      28.3649
    6268      28.2156
    6269      28.3928
    6270      28.3820
    6271      28.4367
    6272      28.4000
    6273      28.3251
    6274      28.2992
    6275      28.3296
    6276      28.3102
    6277      28.2282
    6278      28.2726
    6279      28.4012
    6280      28.2869
    6281      28.4600
    6282      28.5269
    6283      28.3710
    6284      28.4528
    6285      28.3705
    6286      28.3107
    6287      28.2816
    6288      28.2894
    6289      28.3692
    6290      28.4071
    6291      28.4050
    6292      28.4292
    6293      28.3990
    6294      28.3112
    6295      28.2752
    6296      28.4271
    6297      28.5140
    6298      28.4776
    6299      28.3738
    6300      28.3242
    6301      28.3804
    6302      28.3934
    6303      28.3248
    6304      28.4783
    6305      28.4789
    6306      28.3729
    6307      28.4679
    6308      28.5120
    6309      28.3997
    6310      28.5621
    6311      28.6141
    6312      28.4829
    6313      28.5881
    6314      28.6143
    6315      28.5697
    6316      28.6205
    6317      28.3502
    6318      28.4133
    6319      28.5179
    6320      28.4414
    6321      28.4773
    6322      28.5664
    6323      28.5373
    6324      28.5126
    6325      28.6065
    6326      28.5522
    6327      28.6186
    6328      28.6336
    6329      28.5607
    6330      28.5095
    6331      28.5382
    6332      28.4433
    6333      28.3424
    6334      28.5279
    6335      28.5091
    6336      28.5235
    6337      28.5020
    6338      28.5351
    6339      28.5622
    6340      28.4762
    6341      28.4713
    6342      28.4223
    6343      28.5295
    6344      28.5261
    6345      28.4225
    6346      28.4800
    6347      28.3594
    6348      28.3759
    6349      28.3817
    6350      28.3848
    6351      28.4003
    6352      28.2636
    6353      28.3687
    6354      28.3776
    6355      28.4221
    6356      28.3961
    6357      28.3542
    6358      28.3968
    6359      28.3966
    6360      28.3839
    6361      28.3799
    6362      28.2845
    6363      28.3635
    6364      28.3878
    6365      28.3926
    6366      28.4145
    6367      28.3594
    6368      28.4744
    6369      28.3955
    6370      28.3865
    6371      28.4643
    6372      28.3597
    6373      28.2848
    6374      28.3650
    6375      28.3229
    6376      28.2122
    6377      28.2910
    6378      28.2513
    6379      28.2575
    6380      28.1982
    6381      28.2859
    6382      28.2744
    6383      28.1916
    6384      28.2141
    6385      28.1390
    6386      28.1520
    6387      28.1740
    6388      28.0869
    6389      28.1120
    6390      28.2466
    6391      28.2397
    6392      28.1819
    6393      28.2674
    6394      28.2959
    6395      28.2858
    6396      28.1798
    6397      28.3172
    6398      28.2192
    6399      28.2356
    6400      28.1795
    6401      28.3469
    6402      28.2991
    6403      28.2043
    6404      28.2862
    6405      28.2428
    6406      28.3443
    6407      28.4219
    6408      28.2660
    6409      28.3146
    6410      28.1997
    6411      28.2950
    6412      28.3479
    6413      28.3080
    6414      28.4154
    6415      28.2725
    6416      28.3817
    6417      28.2945
    6418      28.3485
    6419      28.5173
    6420      28.5407
    6421      28.4552
    6422      28.5741
    6423      28.5274
    6424      28.4543
    6425      28.5699
    6426      28.5298
    6427      28.5253
    6428      28.3806
    6429      28.4108
    6430      28.4565
    6431      28.4053
    6432      28.5038
    6433      28.4875
    6434      28.4988
    6435      28.4111
    6436      28.3849
    6437      28.3095
    6438      28.3419
    6439      28.3948
    6440      28.4146
    6441      28.5840
    6442      28.5803
    6443      28.5885
    6444      28.4383
    6445      28.4703
    6446      28.3624
    6447      28.4969
    6448      28.4368
    6449      28.4321
    6450      28.4349
    6451      28.5264
    6452      28.4256
    6453      28.4360
    6454      28.2618
    6455      28.3825
    6456      28.4087
    6457      28.4339
    6458      28.3523
    6459      28.3091
    6460      28.4126
    6461      28.4401
    6462      28.4949
    6463      28.4536
    6464      28.3768
    6465      28.5198
    6466      28.4524
    6467      28.4641
    6468      28.4320
    6469      28.3564
    6470      28.4027
    6471      28.3621
    6472      28.5584
    6473      28.5418
    6474      28.4603
    6475      28.4703
    6476      28.4040
    6477      28.4555
    6478      28.4648
    6479      28.4138
    6480      28.5336
    6481      28.4629
    6482      28.5475
    6483      28.5449
    6484      28.4261
    6485      28.4399
    6486      28.4976
    6487      28.4171
    6488      28.5311
    6489      28.4459
    6490      28.4047
    6491      28.4922
    6492      28.4720
    6493      28.4568
    6494      28.4335
    6495      28.4064
    6496      28.4269
    6497      28.4861
    6498      28.3948
    6499      28.3046
    6500      28.3231
    6501      28.4325
    6502      28.4179
    6503      28.4054
    6504      28.4351
    6505      28.4059
    6506      28.3198
    6507      28.3191
    6508      28.2349
    6509      28.3110
    6510      28.4646
    6511      28.3319
    6512      28.3941
    6513      28.4869
    6514      28.4498
    6515      28.3666
    6516      28.4910
    6517      28.4776
    6518      28.5026
    6519      28.5565
    6520      28.5700
    6521      28.4998
    6522      28.5660
    6523      28.5472
    6524      28.5407
    6525      28.5996
    6526      28.5206
    6527      28.4286
    6528      28.4377
    6529      28.4510
    6530      28.3934
    6531      28.4625
    6532      28.4307
    6533      28.5177
    6534      28.4452
    6535      28.3119
    6536      28.4011
    6537      28.3494
    6538      28.3375
    6539      28.2903
    6540      28.3055
    6541      28.3759
    6542      28.3950
    6543      28.4503
    6544      28.3755
    6545      28.3037
    6546      28.3371
    6547      28.3182
    6548      28.3662
    6549      28.3805
    6550      28.3246
    6551      28.3358
    6552      28.2897
    6553      28.2608
    6554      28.3037
    6555      28.3821
    6556      28.3465
    6557      28.3147
    6558      28.3097
    6559      28.2498
    6560      28.3332
    6561      28.3880
    6562      28.3331
    6563      28.4471
    6564      28.3836
    6565      28.3589
    6566      28.3407
    6567      28.3831
    6568      28.3519
    6569      28.3622
    6570      28.3616
    6571      28.4608
    6572      28.4599
    6573      28.3518
    6574      28.4349
    6575      28.2741
    6576      28.2571
    6577      28.2139
    6578      28.3988
    6579      28.4943
    6580      28.4483
    6581      28.3746
    6582      28.3653
    6583      28.4660
    6584      28.4170
    6585      28.3612
    6586      28.3986
    6587      28.4109
    6588      28.5143
    6589      28.4044
    6590      28.4207
    6591      28.3521
    6592      28.3882
    6593      28.3526
    6594      28.4480
    6595      28.4468
    6596      28.5303
    6597      28.3665
    6598      28.4134
    6599      28.4201
    6600      28.4443
    6601      28.3772
    6602      28.5311
    6603      28.3266
    6604      28.3673
    6605      28.3647
    6606      28.2725
    6607      28.3906
    6608      28.3941
    6609      28.3487
    6610      28.3082
    6611      28.3248
    6612      28.2729
    6613      28.3748
    6614      28.3209
    6615      28.3442
    6616      28.2387
    6617      28.1861
    6618      28.1069
    6619      28.1689
    6620      28.3045
    6621      28.2976
    6622      28.3207
    6623      28.3534
    6624      28.4461
    6625      28.3384
    6626      28.3750
    6627      28.4314
    6628      28.4341
    6629      28.3475
    6630      28.3874
    6631      28.4820
    6632      28.3972
    6633      28.3145
    6634      28.2755
    6635      28.3733
    6636      28.3431
    6637      28.2249
    6638      28.1954
    6639      28.3118
    6640      28.2838
    6641      28.2150
    6642      28.4102
    6643      28.2668
    6644      28.3066
    6645      28.3564
    6646      28.2698
    6647      28.3279
    6648      28.3644
    6649      28.2593
    6650      28.2792
    6651      28.2874
    6652      28.2240
    6653      28.3896
    6654      28.2476
    6655      28.3750
    6656      28.2900
    6657      28.3522
    6658      28.3450
    6659      28.3475
    6660      28.2758
    6661      28.3200
    6662      28.2499
    6663      28.3082
    6664      28.3804
    6665      28.3880
    6666      28.4257
    6667      28.3824
    6668      28.2980
    6669      28.3915
    6670      28.4084
    6671      28.5283
    6672      28.3333
    6673      28.3351
    6674      28.3412
    6675      28.3772
    6676      28.4530
    6677      28.2662
    6678      28.3968
    6679      28.3423
    6680      28.3595
    6681      28.2716
    6682      28.4564
    6683      28.4687
    6684      28.3933
    6685      28.3320
    6686      28.3519
    6687      28.4774
    6688      28.3871
    6689      28.4585
    6690      28.3998
    6691      28.4600
    6692      28.4033
    6693      28.3944
    6694      28.4200
    6695      28.3410
    6696      28.4832
    6697      28.4203
    6698      28.3939
    6699      28.3316
    6700      28.3774
    6701      28.3185
    6702      28.3409
    6703      28.3898
    6704      28.3150
    6705      28.3235
    6706      28.3426
    6707      28.4106
    6708      28.4244
    6709      28.2952
    6710      28.3708
    6711      28.4347
    6712      28.4386
    6713      28.5216
    6714      28.4348
    6715      28.4967
    6716      28.4939
    6717      28.5098
    6718      28.4572
    6719      28.4229
    6720      28.5086
    6721      28.5202
    6722      28.4913
    6723      28.4385
    6724      28.3991
    6725      28.4338
    6726      28.4240
    6727      28.4646
    6728      28.3614
    6729      28.4111
    6730      28.2685
    6731      28.3356
    6732      28.3750
    6733      28.3574
    6734      28.3904
    6735      28.3014
    6736      28.4032
    6737      28.4780
    6738      28.4223
    6739      28.5378
    6740      28.6010
    6741      28.5336
    6742      28.5989
    6743      28.5406
    6744      28.3889
    6745      28.4728
    6746      28.5655
    6747      28.6305
    6748      28.6500
    6749      28.6856
    6750      28.7020
    6751      28.6689
    6752      28.6110
    6753      28.6509
    6754      28.5797
    6755      28.5940
    6756      28.5484
    6757      28.6566
    6758      28.5435
    6759      28.6124
    6760      28.5347
    6761      28.5054
    6762      28.6465
    6763      28.6662
    6764      28.6885
    6765      28.6242
    6766      28.6293
    6767      28.5628
    6768      28.6136
    6769      28.5196
    6770      28.5662
    6771      28.4684
    6772      28.5733
    6773      28.5817
    6774      28.5687
    6775      28.5980
    6776      28.5363
    6777      28.5283
    6778      28.4875
    6779      28.4558
    6780      28.4076
    6781      28.3998
    6782      28.4554
    6783      28.5476
    6784      28.4809
    6785      28.5162
    6786      28.5621
    6787      28.4908
    6788      28.4382
    6789      28.3764
    6790      28.4701
    6791      28.4458
    6792      28.5179
    6793      28.5507
    6794      28.4167
    6795      28.3139
    6796      28.4081
    6797      28.4976
    6798      28.3517
    6799      28.4637
    6800      28.5261
    6801      28.4987
    6802      28.5233
    6803      28.5896
    6804      28.5567
    6805      28.4832
    6806      28.4277
    6807      28.4595
    6808      28.4936
    6809      28.4410
    6810      28.3913
    6811      28.4123
    6812      28.4053
    6813      28.3972
    6814      28.4331
    6815      28.3450
    6816      28.3095
    6817      28.3221
    6818      28.3937
    6819      28.3401
    6820      28.4576
    6821      28.4309
    6822      28.3689
    6823      28.4094
    6824      28.4150
    6825      28.4965
    6826      28.4849
    6827      28.4434
    6828      28.4420
    6829      28.4440
    6830      28.4403
    6831      28.5148
    6832      28.4101
    6833      28.3819
    6834      28.3391
    6835      28.3735
    6836      28.3458
    6837      28.4155
    6838      28.3272
    6839      28.3516
    6840      28.4553
    6841      28.4719
    6842      28.4653
    6843      28.4605
    6844      28.4931
    6845      28.4713
    6846      28.4734
    6847      28.4461
    6848      28.5579
    6849      28.4135
    6850      28.4605
    6851      28.4122
    6852      28.4515
    6853      28.4740
    6854      28.4239
    6855      28.4961
    6856      28.4765
    6857      28.4230
    6858      28.4654
    6859      28.3959
    6860      28.4023
    6861      28.3990
    6862      28.3907
    6863      28.2725
    6864      28.1806
    6865      28.1727
    6866      28.1333
    6867      28.1936
    6868      28.2723
    6869      28.2199
    6870      28.2801
    6871      28.2592
    6872      28.2314
    6873      28.3948
    6874      28.1816
    6875      28.2011
    6876      28.2186
    6877      28.2630
    6878      28.2403
    6879      28.3927
    6880      28.3946
    6881      28.4351
    6882      28.4396
    6883      28.3467
    6884      28.4207
    6885      28.3228
    6886      28.4296
    6887      28.4867
    6888      28.3712
    6889      28.4628
    6890      28.4100
    6891      28.3186
    6892      28.2824
    6893      28.2997
    6894      28.4164
    6895      28.4886
    6896      28.4967
    6897      28.4890
    6898      28.4722
    6899      28.4954
    6900      28.3741
    6901      28.5195
    6902      28.4477
    6903      28.3502
    6904      28.4483
    6905      28.3521
    6906      28.3099
    6907      28.3864
    6908      28.2961
    6909      28.3326
    6910      28.3311
    6911      28.3772
    6912      28.3716
    6913      28.4626
    6914      28.3356
    6915      28.2972
    6916      28.3888
    6917      28.4029
    6918      28.5235
    6919      28.4662
    6920      28.4274
    6921      28.5206
    6922      28.3888
    6923      28.4523
    6924      28.3638
    6925      28.3794
    6926      28.4352
    6927      28.4517
    6928      28.3127
    6929      28.3933
    6930      28.3797
    6931      28.3585
    6932      28.3989
    6933      28.3154
    6934      28.4681
    6935      28.3600
    6936      28.4389
    6937      28.4016
    6938      28.4326
    6939      28.3759
    6940      28.4941
    6941      28.4067
    6942      28.4124
    6943      28.3266
    6944      28.5446
    6945      28.5711
    6946      28.5887
    6947      28.5876
    6948      28.4839
    6949      28.5198
    6950      28.3648
    6951      28.3336
    6952      28.4591
    6953      28.4163
    6954      28.4965
    6955      28.3816
    6956      28.3762
    6957      28.2451
    6958      28.3050
    6959      28.4618
    6960      28.3970
    6961      28.2908
    6962      28.3082
    6963      28.3827
    6964      28.4327
    6965      28.3976
    6966      28.4537
    6967      28.3766
    6968      28.3266
    6969      28.3675
    6970      28.4096
    6971      28.4390
    6972      28.3709
    6973      28.3827
    6974      28.2988
    6975      28.3016
    6976      28.3877
    6977      28.3404
    6978      28.4043
    6979      28.4163
    6980      28.4587
    6981      28.4229
    6982      28.4185
    6983      28.4276
    6984      28.4411
    6985      28.4974
    6986      28.4474
    6987      28.4267
    6988      28.5383
    6989      28.4563
    6990      28.4213
    6991      28.4364
    6992      28.4058
    6993      28.3542
    6994      28.4290
    6995      28.3705
    6996      28.4477
    6997      28.4846
    6998      28.5252
    6999      28.5727
    7000      28.5491
    7001      28.4906
    7002      28.5640
    7003      28.5595
    7004      28.4070
    7005      28.4810
    7006      28.3897
    7007      28.4403
    7008      28.3800
    7009      28.3984
    7010      28.5447
    7011      28.4367
    7012      28.4365
    7013      28.3129
    7014      28.4233
    7015      28.4875
    7016      28.5057
    7017      28.5578
    7018      28.4262
    7019      28.4118
    7020      28.3724
    7021      28.4282
    7022      28.3728
    7023      28.4007
    7024      28.4023
    7025      28.4365
    7026      28.4780
    7027      28.4747
    7028      28.4317
    7029      28.4349
    7030      28.3066
    7031      28.4477
    7032      28.2667
    7033      28.4195
    7034      28.2876
    7035      28.4426
    7036      28.3580
    7037      28.3151
    7038      28.4752
    7039      28.3674
    7040      28.2870
    7041      28.2466
    7042      28.3761
    7043      28.2967
    7044      28.3067
    7045      28.3810
    7046      28.3889
    7047      28.3356
    7048      28.3804
    7049      28.4154
    7050      28.4295
    7051      28.3153
    7052      28.2981
    7053      28.4473
    7054      28.3919
    7055      28.5338
    7056      28.4048
    7057      28.3751
    7058      28.4029
    7059      28.3180
    7060      28.2659
    7061      28.3748
    7062      28.3280
    7063      28.4308
    7064      28.4236
    7065      28.3735
    7066      28.3983
    7067      28.4177
    7068      28.3511
    7069      28.3199
    7070      28.4789
    7071      28.4344
    7072      28.3980
    7073      28.4168
    7074      28.4273
    7075      28.3656
    7076      28.2898
    7077      28.3308
    7078      28.3556
    7079      28.3480
    7080      28.2887
    7081      28.2825
    7082      28.2895
    7083      28.3009
    7084      28.3272
    7085      28.3002
    7086      28.2365
    7087      28.3526
    7088      28.2663
    7089      28.3690
    7090      28.2734
    7091      28.4323
    7092      28.3186
    7093      28.3281
    7094      28.2748
    7095      28.2388
    7096      28.2352
    7097      28.1521
    7098      28.1793
    7099      28.1929
    7100      28.1753
    7101      28.2464
    7102      28.2152
    7103      28.1916
    7104      28.2075
    7105      28.2955
    7106      28.2749
    7107      28.3947
    7108      28.2193
    7109      28.2477
    7110      28.3286
    7111      28.3319
    7112      28.2388
    7113      28.2499
    7114      28.2804
    7115      28.2650
    7116      28.2963
    7117      28.2573
    7118      28.3761
    7119      28.3842
    7120      28.3327
    7121      28.3633
    7122      28.3116
    7123      28.3550
    7124      28.3421
    7125      28.4041
    7126      28.3773
    7127      28.2995
    7128      28.4137
    7129      28.3578
    7130      28.3816
    7131      28.3922
    7132      28.4849
    7133      28.3432
    7134      28.4421
    7135      28.3683
    7136      28.3388
    7137      28.4179
    7138      28.4673
    7139      28.3873
    7140      28.4587
    7141      28.4407
    7142      28.4142
    7143      28.3220
    7144      28.3309
    7145      28.2933
    7146      28.3425
    7147      28.3956
    7148      28.3602
    7149      28.3992
    7150      28.4041
    7151      28.4112
    7152      28.3824
    7153      28.4063
    7154      28.3807
    7155      28.4264
    7156      28.3559
    7157      28.3928
    7158      28.3653
    7159      28.3955
    7160      28.3829
    7161      28.3808
    7162      28.3027
    7163      28.2220
    7164      28.3024
    7165      28.3293
    7166      28.3187
    7167      28.3227
    7168      28.3453
    7169      28.3636
    7170      28.3204
    7171      28.3529
    7172      28.3140
    7173      28.3300
    7174      28.4024
    7175      28.4608
    7176      28.3167
    7177      28.4215
    7178      28.2956
    7179      28.2138
    7180      28.2818
    7181      28.3614
    7182      28.2281
    7183      28.1430
    7184      28.2196
    7185      28.2018
    7186      28.2260
    7187      28.2588
    7188      28.3081
    7189      28.3070
    7190      28.3554
    7191      28.3340
    7192      28.3190
    7193      28.2838
    7194      28.2614
    7195      28.3591
    7196      28.2236
    7197      28.3296
    7198      28.2334
    7199      28.2321
    7200      28.3496
    7201      28.2323
    7202      28.1437
    7203      28.0984
    7204      28.1510
    7205      28.0844
    7206      28.0650
    7207      28.1911
    7208      28.1466
    7209      28.1439
    7210      28.1186
    7211      28.0665
    7212      28.1989
    7213      28.0964
    7214      28.1924
    7215      28.1857
    7216      28.1726
    7217      28.1707
    7218      28.2615
    7219      28.3204
    7220      28.2798
    7221      28.2212
    7222      28.1577
    7223      28.1598
    7224      28.2822
    7225      28.2647
    7226      28.3424
    7227      28.3381
    7228      28.3317
    7229      28.4642
    7230      28.3159
    7231      28.4095
    7232      28.4574
    7233      28.4085
    7234      28.3241
    7235      28.3206
    7236      28.3903
    7237      28.4207
    7238      28.3353
    7239      28.3682
    7240      28.3358
    7241      28.3077
    7242      28.3608
    7243      28.4050
    7244      28.3360
    7245      28.2851
    7246      28.2960
    7247      28.3704
    7248      28.3172
    7249      28.3836
    7250      28.2747
    7251      28.3510
    7252      28.4147
    7253      28.4643
    7254      28.4009
    7255      28.3632
    7256      28.3990
    7257      28.3807
    7258      28.3356
    7259      28.4150
    7260      28.3745
    7261      28.4382
    7262      28.3106
    7263      28.3172
    7264      28.4136
    7265      28.3519
    7266      28.3797
    7267      28.3462
    7268      28.3931
    7269      28.3438
    7270      28.3262
    7271      28.2924
    7272      28.3208
    7273      28.3429
    7274      28.4324
    7275      28.3490
    7276      28.3672
    7277      28.2444
    7278      28.3623
    7279      28.4241
    7280      28.5192
    7281      28.5350
    7282      28.6339
    7283      28.5389
    7284      28.5551
    7285      28.3571
    7286      28.4129
    7287      28.3886
    7288      28.2733
    7289      28.4097
    7290      28.3933
    7291      28.3629
    7292      28.3155
    7293      28.3804
    7294      28.3211
    7295      28.3290
    7296      28.3667
    7297      28.3713
    7298      28.2784
    7299      28.2733
    7300      28.2828
    7301      28.3110
    7302      28.3782
    7303      28.2736
    7304      28.3213
    7305      28.3233
    7306      28.4263
    7307      28.3612
    7308      28.4503
    7309      28.3445
    7310      28.4860
    7311      28.5403
    7312      28.5081
    7313      28.4476
    7314      28.4783
    7315      28.3772
    7316      28.2100
    7317      28.3640
    7318      28.1595
    7319      28.2543
    7320      28.2555
    7321      28.3019
    7322      28.2823
    7323      28.2573
    7324      28.4113
    7325      28.3343
    7326      28.3983
    7327      28.4567
    7328      28.3186
    7329      28.3316
    7330      28.3215
    7331      28.2254
    7332      28.4300
    7333      28.4135
    7334      28.3150
    7335      28.2170
    7336      28.2238
    7337      28.2956
    7338      28.3266
    7339      28.3472
    7340      28.3394
    7341      28.3469
    7342      28.3093
    7343      28.3411
    7344      28.3025
    7345      28.3506
    7346      28.3316
    7347      28.1792
    7348      28.2518
    7349      28.2101
    7350      28.2686
    7351      28.2991
    7352      28.1922
    7353      28.2412
    7354      28.2202
    7355      28.2311
    7356      28.2041
    7357      28.1921
    7358      28.0501
    7359      28.1118
    7360      28.1076
    7361      28.2526
    7362      28.2533
    7363      28.3237
    7364      28.1889
    7365      28.2188
    7366      28.2318
    7367      28.1486
    7368      28.2048
    7369      28.1371
    7370      28.1010
    7371      28.1171
    7372      28.1410
    7373      28.1620
    7374      28.2051
    7375      28.1585
    7376      28.1110
    7377      28.0847
    7378      28.1490
    7379      28.1913
    7380      28.0786
    7381      28.1779
    7382      28.1676
    7383      28.2322
    7384      28.2415
    7385      28.1896
    7386      28.1687
    7387      28.2956
    7388      28.1932
    7389      28.2584
    7390      28.1170
    7391      28.0351
    7392      28.1018
    7393      28.1397
    7394      28.0388
    7395      28.0844
    7396      28.0276
    7397      27.9690
    7398      28.0038
    7399      28.1009
    7400      28.2046
    7401      28.1798
    7402      28.1639
    7403      28.1233
    7404      28.1263
    7405      28.0765
    7406      28.0004
    7407      28.0050
    7408      27.9874
    7409      28.0866
    7410      28.1573
    7411      28.2784
    7412      28.1800
    7413      28.2275
    7414      28.1677
    7415      28.1651
    7416      28.1240
    7417      28.1127
    7418      28.0978
    7419      27.9541
    7420      27.9837
    7421      28.0380
    7422      28.0902
    7423      28.1244
    7424      28.1393
    7425      28.1678
    7426      28.2020
    7427      28.2143
    7428      27.9605
    7429      28.1420
    7430      28.1953
    7431      28.2173
    7432      28.1340
    7433      28.0975
    7434      28.0974
    7435      28.1449
    7436      28.1401
    7437      28.1154
    7438      28.0832
    7439      28.1898
    7440      28.1932
    7441      28.2293
    7442      28.1941
    7443      28.3013
    7444      28.3448
    7445      28.3526
    7446      28.2505
    7447      28.3006
    7448      28.3201
    7449      28.1912
    7450      28.0571
    7451      28.0766
    7452      28.1627
    7453      28.1415
    7454      28.2254
    7455      28.2558
    7456      28.1465
    7457      28.1316
    7458      28.1010
    7459      27.9844
    7460      28.0369
    7461      28.2160
    7462      28.2055
    7463      28.1494
    7464      28.2607
    7465      28.1668
    7466      28.1368
    7467      28.0912
    7468      28.1500
    7469      28.0849
    7470      28.1513
    7471      28.1594
    7472      28.1347
    7473      28.1238
    7474      28.0659
    7475      28.0675
    7476      28.1376
    7477      28.0016
    7478      28.0832
    7479      28.0907
    7480      28.1371
    7481      28.2164
    7482      28.1769
    7483      28.0976
    7484      28.1967
    7485      28.2017
    7486      28.1019
    7487      28.0649
    7488      28.0927
    7489      28.0809
    7490      28.0891
    7491      28.0352
    7492      27.9959
    7493      28.0554
    7494      28.0508
    7495      28.0655
    7496      28.0189
    7497      28.0676
    7498      28.1357
    7499      28.1352
    7500      28.1358
    7501      28.0898
    7502      28.0738
    7503      28.0179
    7504      28.2007
    7505      28.1276
    7506      27.9866
    7507      28.1476
    7508      28.0701
    7509      28.0766
    7510      28.0559
    7511      28.0477
    7512      27.9983
    7513      28.1158
    7514      28.0875
    7515      28.0954
    7516      28.0934
    7517      28.1125
    7518      28.1452
    7519      28.1264
    7520      28.1785
    7521      28.1177
    7522      28.2969
    7523      28.1693
    7524      28.2151
    7525      28.2085
    7526      28.2506
    7527      28.2186
    7528      28.1926
    7529      28.1657
    7530      28.1875
    7531      28.1967
    7532      28.1692
    7533      28.1008
    7534      28.1677
    7535      28.1322
    7536      28.1859
    7537      28.2144
    7538      28.2264
    7539      28.2006
    7540      28.1139
    7541      28.1492
    7542      28.2574
    7543      28.1737
    7544      28.1502
    7545      28.1444
    7546      28.2944
    7547      28.2273
    7548      28.2627
    7549      28.2522
    7550      28.3599
    7551      28.2258
    7552      28.4077
    7553      28.3338
    7554      28.2996
    7555      28.3558
    7556      28.3569
    7557      28.3205
    7558      28.2318
    7559      28.2111
    7560      28.1208
    7561      28.1099
    7562      28.2003
    7563      28.1978
    7564      28.1754
    7565      28.1622
    7566      28.1734
    7567      28.2270
    7568      28.2222
    7569      28.1886
    7570      28.2035
    7571      28.2993
    7572      28.4530
    7573      28.3293
    7574      28.3296
    7575      28.2761
    7576      28.3504
    7577      28.2650
    7578      28.3019
    7579      28.3331
    7580      28.3909
    7581      28.4352
    7582      28.2644
    7583      28.2706
    7584      28.3383
    7585      28.3247
    7586      28.3475
    7587      28.2552
    7588      28.3072
    7589      28.2914
    7590      28.3529
    7591      28.3445
    7592      28.3268
    7593      28.3958
    7594      28.4283
    7595      28.3111
    7596      28.3072
    7597      28.2559
    7598      28.2687
    7599      28.3069
    7600      28.2865
    7601      28.2931
    7602      28.2076
    7603      28.1834
    7604      28.1095
    7605      28.1710
    7606      28.2897
    7607      28.2470
    7608      28.1870
    7609      28.1665
    7610      28.1590
    7611      28.2085
    7612      28.2148
    7613      28.2463
    7614      28.2341
    7615      28.1766
    7616      28.1748
    7617      28.2280
    7618      28.2550
    7619      28.1988
    7620      28.1908
    7621      28.2169
    7622      28.3378
    7623      28.3553
    7624      28.3836
    7625      28.3050
    7626      28.2571
    7627      28.2595
    7628      28.3606
    7629      28.3659
    7630      28.3673
    7631      28.3918
    7632      28.3505
    7633      28.3251
    7634      28.2960
    7635      28.2733
    7636      28.2762
    7637      28.2774
    7638      28.2286
    7639      28.2762
    7640      28.3855
    7641      28.3105
    7642      28.3034
    7643      28.3087
    7644      28.3702
    7645      28.2943
    7646      28.2662
    7647      28.2801
    7648      28.3166
    7649      28.3027
    7650      28.2653
    7651      28.2166
    7652      28.2186
    7653      28.1722
    7654      28.2014
    7655      28.2674
    7656      28.2331
    7657      28.2393
    7658      28.3365
    7659      28.3517
    7660      28.3236
    7661      28.3062
    7662      28.2730
    7663      28.3832
    7664      28.2692
    7665      28.3773
    7666      28.2218
    7667      28.2754
    7668      28.2843
    7669      28.4503
    7670      28.4799
    7671      28.4425
    7672      28.4953
    7673      28.4020
    7674      28.3505
    7675      28.3731
    7676      28.5056
    7677      28.4552
    7678      28.2896
    7679      28.3204
    7680      28.3543
    7681      28.2038
    7682      28.3270
    7683      28.2686
    7684      28.3046
    7685      28.2770
    7686      28.2512
    7687      28.2889
    7688      28.1352
    7689      28.1998
    7690      28.0739
    7691      28.1306
    7692      28.1906
    7693      28.2516
    7694      28.2661
    7695      28.2426
    7696      28.2936
    7697      28.2282
    7698      28.2820
    7699      28.3474
    7700      28.3191
    7701      28.2302
    7702      28.2642
    7703      28.3816
    7704      28.3385
    7705      28.3114
    7706      28.3159
    7707      28.3691
    7708      28.2718
    7709      28.2442
    7710      28.2696
    7711      28.2695
    7712      28.3708
    7713      28.4265
    7714      28.4505
    7715      28.3712
    7716      28.3028
    7717      28.3621
    7718      28.4571
    7719      28.3979
    7720      28.2919
    7721      28.3419
    7722      28.3206
    7723      28.3765
    7724      28.3630
    7725      28.3323
    7726      28.2351
    7727      28.2158
    7728      28.3134
    7729      28.3074
    7730      28.2657
    7731      28.2974
    7732      28.4053
    7733      28.3317
    7734      28.3074
    7735      28.2621
    7736      28.2968
    7737      28.2695
    7738      28.2037
    7739      28.2674
    7740      28.3626
    7741      28.3285
    7742      28.3924
    7743      28.2696
    7744      28.3508
    7745      28.2981
    7746      28.3994
    7747      28.3972
    7748      28.5326
    7749      28.5057
    7750      28.5130
    7751      28.4134
    7752      28.4408
    7753      28.4316
    7754      28.2795
    7755      28.3798
    7756      28.4138
    7757      28.4443
    7758      28.4837
    7759      28.4184
    7760      28.4244
    7761      28.4901
    7762      28.5093
    7763      28.4640
    7764      28.4380
    7765      28.5300
    7766      28.4819
    7767      28.4756
    7768      28.4599
    7769      28.4998
    7770      28.4506
    7771      28.4532
    7772      28.4274
    7773      28.3461
    7774      28.4475
    7775      28.4230
    7776      28.4436
    7777      28.4291
    7778      28.4060
    7779      28.4264
    7780      28.4050
    7781      28.4086
    7782      28.4010
    7783      28.4500
    7784      28.3234
    7785      28.3404
    7786      28.3604
    7787      28.3611
    7788      28.4660
    7789      28.4282
    7790      28.4062
    7791      28.3574
    7792      28.3820
    7793      28.3735
    7794      28.3638
    7795      28.4385
    7796      28.3819
    7797      28.2952
    7798      28.3641
    7799      28.3771
    7800      28.5305
    7801      28.5261
    7802      28.3292
    7803      28.3004
    7804      28.3657
    7805      28.3721
    7806      28.4018
    7807      28.4133
    7808      28.2852
    7809      28.4288
    7810      28.3931
    7811      28.4030
    7812      28.2927
    7813      28.3828
    7814      28.4307
    7815      28.3936
    7816      28.2254
    7817      28.2509
    7818      28.2509
    7819      28.3240
    7820      28.3166
    7821      28.2781
    7822      28.1910
    7823      28.1352
    7824      28.1989
    7825      28.2576
    7826      28.2219
    7827      28.1687
    7828      28.3950
    7829      28.3466
    7830      28.3140
    7831      28.2999
    7832      28.3212
    7833      28.2499
    7834      28.3650
    7835      28.3387
    7836      28.2841
    7837      28.4238
    7838      28.3845
    7839      28.2862
    7840      28.3803
    7841      28.3383
    7842      28.3177
    7843      28.3211
    7844      28.4051
    7845      28.4444
    7846      28.3977
    7847      28.4188
    7848      28.4527
    7849      28.5273
    7850      28.3976
    7851      28.3511
    7852      28.4169
    7853      28.4182
    7854      28.3249
    7855      28.3571
    7856      28.3259
    7857      28.3686
    7858      28.2708
    7859      28.3070
    7860      28.2529
    7861      28.3342
    7862      28.3574
    7863      28.3237
    7864      28.4313
    7865      28.4802
    7866      28.4527
    7867      28.4548
    7868      28.3952
    7869      28.4223
    7870      28.4898
    7871      28.4080
    7872      28.4290
    7873      28.4429
    7874      28.5031
    7875      28.4004
    7876      28.2970
    7877      28.3725
    7878      28.4783
    7879      28.4428
    7880      28.4479
    7881      28.3507
    7882      28.3752
    7883      28.3915
    7884      28.5168
    7885      28.4566
    7886      28.3109
    7887      28.5780
    7888      28.4332
    7889      28.4346
    7890      28.4905
    7891      28.4000
    7892      28.3945
    7893      28.4092
    7894      28.4144
    7895      28.4408
    7896      28.4011
    7897      28.4201
    7898      28.4638
    7899      28.4476
    7900      28.4536
    7901      28.4427
    7902      28.4325
    7903      28.3297
    7904      28.2880
    7905      28.4643
    7906      28.3824
    7907      28.3293
    7908      28.3233
    7909      28.2933
    7910      28.3902
    7911      28.2375
    7912      28.2485
    7913      28.2940
    7914      28.3319
    7915      28.2477
    7916      28.2050
    7917      28.1853
    7918      28.2193
    7919      28.2676
    7920      28.2834
    7921      28.2642
    7922      28.2616
    7923      28.3458
    7924      28.2490
    7925      28.2249
    7926      28.2667
    7927      28.2561
    7928      28.2736
    7929      28.2539
    7930      28.4425
    7931      28.3379
    7932      28.3945
    7933      28.3458
    7934      28.3361
    7935      28.4293
    7936      28.2860
    7937      28.2351
    7938      28.2502
    7939      28.2665
    7940      28.3112
    7941      28.3384
    7942      28.3326
    7943      28.3910
    7944      28.4925
    7945      28.4962
    7946      28.4462
    7947      28.3901
    7948      28.4701
    7949      28.3593
    7950      28.4276
    7951      28.4465
    7952      28.4856
    7953      28.5501
    7954      28.5508
    7955      28.5797
    7956      28.5910
    7957      28.4816
    7958      28.4090
    7959      28.5136
    7960      28.4847
    7961      28.3624
    7962      28.5545
    7963      28.4663
    7964      28.3883
    7965      28.3651
    7966      28.4629
    7967      28.4082
    7968      28.4780
    7969      28.4110
    7970      28.5215
    7971      28.3448
    7972      28.4875
    7973      28.4440
    7974      28.4753
    7975      28.5092
    7976      28.3897
    7977      28.3912
    7978      28.4770
    7979      28.3474
    7980      28.4053
    7981      28.4057
    7982      28.3557
    7983      28.3623
    7984      28.4361
    7985      28.5127
    7986      28.5306
    7987      28.4332
    7988      28.4336
    7989      28.4240
    7990      28.3892
    7991      28.5018
    7992      28.4503
    7993      28.4138
    7994      28.4203
    7995      28.4444
    7996      28.3372
    7997      28.3544
    7998      28.4092
    7999      28.4100
    8000      28.2838
    8001      28.3558
    8002      28.2864
    8003      28.3372
    8004      28.3698
    8005      28.3536
    8006      28.3047
    8007      28.2668
    8008      28.2859
    8009      28.1658
    8010      28.2642
    8011      28.3174
    8012      28.2454
    8013      28.3738
    8014      28.4233
    8015      28.4031
    8016      28.3415
    8017      28.4399
    8018      28.4996
    8019      28.4472
    8020      28.5189
    8021      28.4366
    8022      28.5676
    8023      28.4713
    8024      28.4839
    8025      28.4545
    8026      28.4271
    8027      28.3411
    8028      28.2954
    8029      28.2279
    8030      28.2790
    8031      28.2907
    8032      28.2618
    8033      28.3376
    8034      28.2088
    8035      28.3162
    8036      28.2798
    8037      28.2304
    8038      28.3149
    8039      28.3090
    8040      28.3545
    8041      28.2462
    8042      28.1871
    8043      28.1107
    8044      28.2182
    8045      28.2498
    8046      28.2988
    8047      28.4579
    8048      28.3714
    8049      28.2940
    8050      28.3552
    8051      28.3530
    8052      28.2807
    8053      28.3643
    8054      28.1379
    8055      28.3357
    8056      28.2931
    8057      28.2714
    8058      28.2911
    8059      28.2323
    8060      28.2599
    8061      28.3138
    8062      28.3437
    8063      28.3812
    8064      28.3449
    8065      28.3192
    8066      28.3892
    8067      28.3159
    8068      28.3169
    8069      28.2867
    8070      28.4366
    8071      28.3466
    8072      28.2515
    8073      28.2544
    8074      28.1431
    8075      28.1431
    8076      28.2601
    8077      28.1830
    8078      28.2466
    8079      28.2531
    8080      28.1855
    8081      28.2914
    8082      28.3841
    8083      28.2834
    8084      28.3213
    8085      28.4469
    8086      28.3445
    8087      28.2604
    8088      28.2664
    8089      28.2650
    8090      28.3651
    8091      28.4098
    8092      28.4309
    8093      28.3136
    8094      28.3632
    8095      28.2706
    8096      28.3125
    8097      28.3294
    8098      28.2790
    8099      28.2666
    8100      28.2585
    8101      28.1379
    8102      28.1754
    8103      28.1745
    8104      28.1701
    8105      28.2508
    8106      28.1837
    8107      28.1341
    8108      28.1767
    8109      28.2565
    8110      28.2832
    8111      28.1478
    8112      28.2511
    8113      28.2958
    8114      28.3120
    8115      28.3504
    8116      28.2067
    8117      28.1727
    8118      28.1799
    8119      28.2172
    8120      28.1977
    8121      28.2145
    8122      28.3720
    8123      28.3276
    8124      28.3279
    8125      28.3317
    8126      28.3499
    8127      28.1848
    8128      28.2127
    8129      28.2400
    8130      28.1455
    8131      28.2285
    8132      28.2944
    8133      28.2612
    8134      28.2439
    8135      28.2288
    8136      28.1738
    8137      28.2545
    8138      28.2300
    8139      28.2208
    8140      28.2363
    8141      28.2252
    8142      28.3067
    8143      28.2095
    8144      28.1656
    8145      28.2548
    8146      28.2341
    8147      28.1978
    8148      28.2623
    8149      28.1772
    8150      28.2386
    8151      28.3102
    8152      28.3180
    8153      28.3399
    8154      28.3655
    8155      28.3470
    8156      28.2993
    8157      28.2905
    8158      28.2996
    8159      28.2706
    8160      28.3714
    8161      28.3648
    8162      28.4323
    8163      28.4375
    8164      28.4126
    8165      28.3161
    8166      28.3443
    8167      28.2429
    8168      28.3993
    8169      28.4547
    8170      28.3770
    8171      28.2637
    8172      28.3024
    8173      28.2672
    8174      28.2457
    8175      28.2563
    8176      28.4253
    8177      28.3448
    8178      28.3192
    8179      28.3564
    8180      28.4470
    8181      28.4680
    8182      28.3565
    8183      28.4505
    8184      28.4630
    8185      28.3562
    8186      28.4247
    8187      28.4501
    8188      28.3427
    8189      28.3984
    8190      28.3612
    8191      28.3709
    8192      28.4728
    8193      28.4996
    8194      28.3502
    8195      28.3696
    8196      28.3791
    8197      28.4330
    8198      28.4836
    8199      28.4777
    8200      28.5476
    8201      28.4156
    8202      28.4620
    8203      28.3230
    8204      28.3603
    8205      28.4415
    8206      28.3346
    8207      28.4080
    8208      28.3634
    8209      28.3460
    8210      28.4573
    8211      28.4202
    8212      28.3819
    8213      28.4713
    8214      28.4699
    8215      28.3758
    8216      28.3299
    8217      28.3499
    8218      28.4360
    8219      28.4505
    8220      28.4045
    8221      28.4725
    8222      28.4362
    8223      28.4155
    8224      28.4624
    8225      28.4660
    8226      28.3368
    8227      28.4295
    8228      28.3969
    8229      28.3072
    8230      28.2734
    8231      28.3123
    8232      28.2094
    8233      28.2854
    8234      28.2911
    8235      28.3252
    8236      28.3087
    8237      28.2435
    8238      28.3348
    8239      28.3113
    8240      28.3512
    8241      28.2913
    8242      28.3165
    8243      28.4378
    8244      28.3959
    8245      28.3819
    8246      28.4216
    8247      28.4209
    8248      28.3888
    8249      28.3508
    8250      28.3108
    8251      28.4163
    8252      28.3044
    8253      28.2961
    8254      28.2971
    8255      28.2823
    8256      28.1985
    8257      28.2390
    8258      28.2245
    8259      28.3184
    8260      28.4006
    8261      28.3651
    8262      28.4660
    8263      28.4608
    8264      28.3841
    8265      28.3964
    8266      28.3461
    8267      28.2089
    8268      28.2344
    8269      28.3427
    8270      28.3143
    8271      28.3213
    8272      28.3030
    8273      28.2977
    8274      28.3069
    8275      28.3517
    8276      28.3846
    8277      28.3713
    8278      28.2307
    8279      28.2684
    8280      28.3535
    8281      28.2929
    8282      28.3489
    8283      28.3468
    8284      28.3289
    8285      28.1711
    8286      28.1964
    8287      28.2711
    8288      28.2283
    8289      28.3474
    8290      28.2546
    8291      28.3204
    8292      28.2618
    8293      28.2482
    8294      28.2526
    8295      28.2551
    8296      28.3118
    8297      28.3467
    8298      28.3533
    8299      28.4045
    8300      28.3845
    8301      28.3687
    8302      28.4028
    8303      28.3669
    8304      28.3304
    8305      28.3394
    8306      28.3314
    8307      28.4009
    8308      28.3470
    8309      28.4153
    8310      28.3408
    8311      28.3102
    8312      28.4256
    8313      28.3560
    8314      28.3970
    8315      28.3838
    8316      28.3811
    8317      28.4700
    8318      28.5040
    8319      28.4921
    8320      28.4989
    8321      28.4452
    8322      28.2997
    8323      28.3192
    8324      28.3616
    8325      28.3151
    8326      28.2867
    8327      28.2727
    8328      28.3502
    8329      28.2937
    8330      28.4246
    8331      28.3791
    8332      28.2363
    8333      28.2891
    8334      28.3492
    8335      28.4240
    8336      28.3479
    8337      28.3446
    8338      28.3294
    8339      28.3732
    8340      28.3752
    8341      28.3430
    8342      28.3071
    8343      28.2474
    8344      28.2702
    8345      28.2942
    8346      28.2992
    8347      28.2230
    8348      28.3517
    8349      28.2263
    8350      28.2990
    8351      28.2736
    8352      28.3619
    8353      28.2862
    8354      28.3345
    8355      28.3570
    8356      28.2838
    8357      28.2594
    8358      28.2509
    8359      28.3155
    8360      28.2759
    8361      28.3433
    8362      28.3973
    8363      28.4091
    8364      28.3013
    8365      28.3547
    8366      28.3008
    8367      28.3771
    8368      28.4228
    8369      28.3767
    8370      28.3592
    8371      28.3072
    8372      28.4503
    8373      28.3733
    8374      28.3880
    8375      28.4527
    8376      28.4347
    8377      28.4233
    8378      28.5020
    8379      28.3978
    8380      28.4549
    8381      28.3139
    8382      28.3550
    8383      28.3097
    8384      28.3245
    8385      28.2996
    8386      28.2884
    8387      28.2978
    8388      28.2601
    8389      28.3216
    8390      28.2699
    8391      28.3047
    8392      28.3563
    8393      28.2807
    8394      28.2678
    8395      28.2000
    8396      28.2166
    8397      28.2070
    8398      28.2691
    8399      28.2522
    8400      28.2534
    8401      28.2274
    8402      28.2315
    8403      28.3494
    8404      28.3577
    8405      28.4386
    8406      28.4333
    8407      28.5057
    8408      28.3779
    8409      28.3076
    8410      28.3790
    8411      28.4061
    8412      28.4306
    8413      28.4358
    8414      28.4269
    8415      28.4077
    8416      28.4057
    8417      28.4099
    8418      28.4316
    8419      28.4499
    8420      28.4608
    8421      28.5117
    8422      28.5639
    8423      28.4002
    8424      28.3551
    8425      28.3602
    8426      28.4068
    8427      28.4686
    8428      28.3940
    8429      28.3922
    8430      28.3458
    8431      28.4758
    8432      28.5036
    8433      28.4249
    8434      28.3904
    8435      28.4086
    8436      28.3580
    8437      28.3735
    8438      28.2856
    8439      28.3664
    8440      28.3127
    8441      28.3150
    8442      28.3764
    8443      28.3187
    8444      28.4036
    8445      28.3998
    8446      28.3689
    8447      28.3141
    8448      28.3090
    8449      28.2020
    8450      28.3690
    8451      28.3785
    8452      28.3926
    8453      28.3531
    8454      28.3566
    8455      28.3583
    8456      28.3985
    8457      28.3295
    8458      28.3087
    8459      28.2413
    8460      28.3533
    8461      28.4322
    8462      28.3960
    8463      28.2568
    8464      28.1790
    8465      28.2063
    8466      28.2186
    8467      28.2739
    8468      28.2191
    8469      28.2799
    8470      28.3007
    8471      28.2864
    8472      28.3501
    8473      28.4054
    8474      28.4422
    8475      28.4409
    8476      28.3588
    8477      28.3035
    8478      28.2951
    8479      28.3579
    8480      28.2514
    8481      28.2921
    8482      28.3455
    8483      28.3216
    8484      28.2880
    8485      28.2337
    8486      28.2729
    8487      28.3006
    8488      28.2872
    8489      28.2445
    8490      28.2787
    8491      28.3658
    8492      28.3686
    8493      28.4158
    8494      28.3265
    8495      28.3204
    8496      28.3501
    8497      28.3597
    8498      28.2924
    8499      28.4109
    8500      28.4378
    8501      28.3766
    8502      28.3230
    8503      28.3330
    8504      28.3622
    8505      28.4029
    8506      28.3321
    8507      28.3666
    8508      28.3482
    8509      28.4323
    8510      28.3869
    8511      28.2912
    8512      28.3597
    8513      28.2167
    8514      28.3394
    8515      28.2697
    8516      28.2286
    8517      28.2398
    8518      28.2695
    8519      28.3194
    8520      28.2720
    8521      28.3223
    8522      28.3141
    8523      28.2675
    8524      28.2500
    8525      28.3367
    8526      28.2473
    8527      28.3149
    8528      28.2639
    8529      28.3464
    8530      28.4880
    8531      28.3624
    8532      28.3841
    8533      28.3940
    8534      28.3544
    8535      28.2605
    8536      28.3974
    8537      28.3115
    8538      28.3613
    8539      28.3464
    8540      28.3269
    8541      28.3276
    8542      28.4239
    8543      28.3098
    8544      28.3379
    8545      28.4141
    8546      28.3381
    8547      28.3911
    8548      28.4390
    8549      28.5142
    8550      28.5412
    8551      28.4019
    8552      28.4475
    8553      28.4099
    8554      28.4102
    8555      28.3567
    8556      28.4357
    8557      28.4683
    8558      28.4371
    8559      28.4205
    8560      28.4408
    8561      28.4829
    8562      28.4452
    8563      28.4346
    8564      28.4240
    8565      28.4602
    8566      28.5164
    8567      28.4347
    8568      28.4945
    8569      28.5672
    8570      28.4487
    8571      28.5191
    8572      28.5304
    8573      28.6138
    8574      28.6101
    8575      28.6703
    8576      28.5886
    8577      28.5831
    8578      28.4751
    8579      28.5447
    8580      28.5521
    8581      28.5210
    8582      28.5681
    8583      28.5288
    8584      28.5473
    8585      28.5089
    8586      28.5347
    8587      28.4422
    8588      28.3773
    8589      28.4245
    8590      28.4721
    8591      28.4773
    8592      28.4183
    8593      28.3814
    8594      28.3829
    8595      28.3497
    8596      28.4698
    8597      28.3597
    8598      28.3635
    8599      28.4450
    8600      28.3636
    8601      28.4511
    8602      28.5049
    8603      28.5316
    8604      28.4742
    8605      28.5395
    8606      28.4530
    8607      28.4317
    8608      28.4397
    8609      28.3853
    8610      28.5030
    8611      28.3880
    8612      28.4089
    8613      28.4492
    8614      28.5246
    8615      28.4348
    8616      28.3772
    8617      28.3618
    8618      28.3316
    8619      28.3598
    8620      28.2715
    8621      28.4521
    8622      28.4317
    8623      28.3634
    8624      28.4913
    8625      28.4035
    8626      28.4699
    8627      28.5785
    8628      28.4680
    8629      28.4668
    8630      28.3194
    8631      28.5067
    8632      28.5247
    8633      28.5399
    8634      28.4766
    8635      28.4797
    8636      28.6073
    8637      28.5409
    8638      28.5509
    8639      28.5024
    8640      28.4765
    8641      28.4334
    8642      28.3386
    8643      28.4543
    8644      28.4369
    8645      28.4394
    8646      28.4255
    8647      28.5751
    8648      28.4586
    8649      28.4383
    8650      28.5300
    8651      28.4645
    8652      28.3992
    8653      28.4964
    8654      28.5011
    8655      28.3987
    8656      28.4310
    8657      28.4902
    8658      28.4963
    8659      28.3705
    8660      28.4175
    8661      28.5096
    8662      28.4675
    8663      28.5318
    8664      28.4863
    8665      28.5158
    8666      28.4059
    8667      28.4600
    8668      28.3917
    8669      28.4230
    8670      28.3676
    8671      28.4021
    8672      28.5612
    8673      28.5882
    8674      28.4646
    8675      28.4845
    8676      28.4456
    8677      28.4952
    8678      28.5042
    8679      28.4420
    8680      28.4747
    8681      28.4760
    8682      28.4552
    8683      28.4228
    8684      28.4002
    8685      28.3721
    8686      28.3359
    8687      28.4177
    8688      28.5170
    8689      28.5199
    8690      28.5144
    8691      28.5059
    8692      28.4713
    8693      28.4743
    8694      28.5076
    8695      28.4920
    8696      28.5829
    8697      28.5539
    8698      28.4298
    8699      28.4333
    8700      28.3886
    8701      28.5127
    8702      28.4707
    8703      28.4806
    8704      28.5232
    8705      28.4802
    8706      28.5342
    8707      28.5147
    8708      28.4667
    8709      28.3848
    8710      28.5327
    8711      28.5418
    8712      28.5113
    8713      28.5135
    8714      28.4796
    8715      28.4854
    8716      28.5490
    8717      28.6188
    8718      28.5618
    8719      28.4957
    8720      28.5751
    8721      28.4342
    8722      28.4562
    8723      28.5172
    8724      28.4184
    8725      28.5249
    8726      28.5435
    8727      28.3896
    8728      28.4229
    8729      28.5114
    8730      28.5260
    8731      28.5363
    8732      28.5945
    8733      28.5329
    8734      28.4971
    8735      28.4673
    8736      28.5147
    8737      28.4586
    8738      28.5465
    8739      28.4389
    8740      28.5120
    8741      28.4217
    8742      28.4586
    8743      28.5340
    8744      28.4412
    8745      28.4102
    8746      28.3815
    8747      28.4016
    8748      28.5544
    8749      28.4290
    8750      28.4277
    8751      28.5580
    8752      28.4984
    8753      28.5340
    8754      28.4650
    8755      28.4357
    8756      28.4958
    8757      28.4531
    8758      28.4710
    8759      28.4114
    8760      28.4483
    8761      28.3815
    8762      28.4348
    8763      28.4669
    8764      28.4080
    8765      28.4671
    8766      28.3953
    8767      28.5008
    8768      28.5501
    8769      28.5534
    8770      28.4733
    8771      28.5278
    8772      28.5138
    8773      28.5135
    8774      28.4042
    8775      28.4486
    8776      28.4852
    8777      28.4081
    8778      28.3675
    8779      28.4472
    8780      28.4754
    8781      28.5354
    8782      28.4311
    8783      28.4144
    8784      28.4393
    8785      28.4908
    8786      28.5632
    8787      28.5408
    8788      28.6363
    8789      28.6234
    8790      28.5421
    8791      28.6192
    8792      28.4463
    8793      28.4241
    8794      28.4153
    8795      28.4395
    8796      28.3141
    8797      28.2008
    8798      28.3177
    8799      28.4630
    8800      28.5571
    8801      28.4744
    8802      28.4329
    8803      28.3254
    8804      28.4045
    8805      28.3316
    8806      28.3770
    8807      28.4447
    8808      28.4392
    8809      28.4535
    8810      28.3411
    8811      28.3266
    8812      28.4247
    8813      28.3961
    8814      28.4374
    8815      28.4852
    8816      28.5083
    8817      28.4744
    8818      28.3796
    8819      28.4379
    8820      28.3770
    8821      28.4040
    8822      28.3673
    8823      28.4426
    8824      28.4707
    8825      28.4345
    8826      28.3767
    8827      28.3714
    8828      28.3672
    8829      28.3691
    8830      28.4187
    8831      28.4218
    8832      28.3953
    8833      28.4443
    8834      28.4479
    8835      28.4085
    8836      28.5153
    8837      28.4892
    8838      28.4853
    8839      28.5227
    8840      28.4650
    8841      28.4300
    8842      28.5293
    8843      28.5447
    8844      28.4622
    8845      28.5078
    8846      28.6136
    8847      28.5828
    8848      28.5095
    8849      28.4786
    8850      28.5215
    8851      28.4169
    8852      28.3855
    8853      28.4153
    8854      28.3983
    8855      28.5254
    8856      28.5089
    8857      28.4163
    8858      28.3904
    8859      28.4326
    8860      28.4685
    8861      28.5047
    8862      28.3896
    8863      28.4245
    8864      28.4509
    8865      28.4699
    8866      28.4910
    8867      28.4686
    8868      28.3578
    8869      28.4178
    8870      28.2384
    8871      28.2919
    8872      28.2352
    8873      28.2542
    8874      28.2142
    8875      28.2433
    8876      28.3985
    8877      28.3540
    8878      28.3728
    8879      28.3081
    8880      28.3851
    8881      28.4290
    8882      28.4634
    8883      28.4403
    8884      28.4403
    8885      28.3574
    8886      28.2734
    8887      28.3983
    8888      28.3477
    8889      28.3744
    8890      28.4959
    8891      28.4347
    8892      28.4024
    8893      28.4038
    8894      28.5136
    8895      28.4055
    8896      28.4293
    8897      28.4996
    8898      28.4613
    8899      28.4345
    8900      28.4612
    8901      28.4372
    8902      28.3888
    8903      28.3827
    8904      28.4712
    8905      28.4114
    8906      28.4091
    8907      28.3976
    8908      28.3686
    8909      28.4486
    8910      28.4473
    8911      28.5195
    8912      28.4852
    8913      28.4628
    8914      28.5232
    8915      28.4755
    8916      28.4645
    8917      28.4071
    8918      28.3898
    8919      28.4585
    8920      28.4152
    8921      28.4617
    8922      28.4015
    8923      28.3773
    8924      28.3972
    8925      28.3545
    8926      28.4969
    8927      28.3909
    8928      28.3364
    8929      28.2740
    8930      28.2737
    8931      28.2946
    8932      28.3442
    8933      28.5013
    8934      28.3505
    8935      28.4744
    8936      28.4069
    8937      28.3590
    8938      28.3512
    8939      28.2489
    8940      28.3090
    8941      28.3601
    8942      28.3509
    8943      28.3705
    8944      28.3382
    8945      28.3133
    8946      28.2922
    8947      28.3391
    8948      28.3950
    8949      29.6904
    8950      29.7988
    8951      28.3238
    8952      29.7955
    8953      28.3381
    8954      28.3202
    8955      29.7580
    8956      28.3626
    8957      28.3965
    8958      29.7396
    8959      28.1792
    8960      28.2343
    8961      29.7911
    8962      29.7709
    8963      29.7329
    8964      29.8547
    8965      29.8110
    8966      29.7126
    8967      29.7096
    8968      29.6493
    8969      29.7442
    8970      29.7364
    8971      29.8037
    8972      29.7653
    8973      29.8541
    8974      29.7857
    8975      29.7810
    8976      29.7405
    8977      29.7402
    8978      29.7509
    8979      29.6968
    8980      29.7754
    8981      29.7228
    8982      29.7333
    8983      29.7207
    8984      29.7975
    8985      29.7760
    8986      29.7898
    8987      29.7163
    8988      29.7392
    8989      29.7529
    8990      29.7948
    8991      29.6999
    8992      29.6952
    8993      29.7342
    8994      29.8359
    8995      29.8609
    8996      29.7783
    8997      29.7730
    8998      29.7002
    8999      29.7353
    9000      29.7914
    9001      29.7771
    9002      29.7321
    9003      29.7183
    9004      29.8092
    9005      29.7177
    9006      29.7708
    9007      29.7499
    9008      29.8193
    9009      29.9116
    9010      29.8917
    9011      29.9020
    9012      29.7885
    9013      29.7645
    9014      29.7373
    9015      29.7853
    9016      29.7834
    9017      29.9060
    9018      29.9932
    9019      29.8509
    9020      29.8386
    9021      29.9129
    9022      29.8404
    9023      29.8310
    9024      29.8390
    9025      29.8508
    9026      29.9061
    9027      29.8903
    9028      30.0119
    9029      29.9208
    9030      29.9469
    9031      29.8598
    9032      29.8834
    9033      29.8210
    9034      29.8781
    9035      29.8265
    9036      29.9470
    9037      29.8915
    9038      29.8114
    9039      29.7271
    9040      29.8141
    9041      29.7867
    9042      29.8812
    9043      29.7592
    9044      29.8039
    9045      29.8724
    9046      29.8034
    9047      29.8259
    9048      29.8300
    9049      29.7882
    9050      29.7512
    9051      29.7571
    9052      29.8103
    9053      29.7683
    9054      29.7867
    9055      29.9125
    9056      29.8720
    9057      29.8831
    9058      29.9382
    9059      29.9105
    9060      29.9815
    9061      29.9767
    9062      30.0002
    9063      29.8651
    9064      29.8264
    9065      29.8214
    9066      29.8732
    9067      29.8124
    9068      29.8303
    9069      29.8942
    9070      29.8482
    9071      29.8027
    9072      29.8541
    9073      29.8449
    9074      29.8969
    9075      29.7763
    9076      29.8977
    9077      29.8116
    9078      29.9476
    9079      29.9354
    9080      30.0733
    9081      29.8447
    9082      28.2668
    9083      28.4133
    9084      28.3200
    9085      28.4400
    9086      28.3977
    9087      30.0686
    9088      28.4627
    9089      28.4226
    9090      29.9929
    9091      28.4468
    9092      29.9441
    9093      29.8861
    9094      28.2913
    9095      28.3995
    9096      28.4061
    9097      28.3952
    9098      28.4823
    9099      29.9411
    9100      29.8928
    9101      29.8975
    9102      29.8823
    9103      28.4892
    9104      29.8928
    9105      28.3959
    9106      29.8428
    9107      29.7803
    9108      28.2569
    9109      29.8692
    9110      28.2663
    9111      28.3018
    9112      29.7714
    9113      29.7281
    9114      29.7272
    9115      29.7833
    9116      29.8517
    9117      29.9288
    9118      29.8567
    9119      29.8808
    9120      28.2858
    9121      28.3519
    9122      28.3256
    9123      29.9390
    9124      29.9150
    9125      29.9218
    9126      29.8597
    9127      29.8604
    9128      29.9032
    9129      29.9211
    9130      29.9037
    9131      29.8661
    9132      29.8530
    9133      29.8259
    9134      29.7166
    9135      29.7585
    9136      29.7934
    9137      29.9190
    9138      29.8050
    9139      29.7728
    9140      29.8570
    9141      29.7690
    9142      29.7623
    9143      29.7799
    9144      29.7578
    9145      29.7572
    9146      29.8295
    9147      29.7930
    9148      29.8671
    9149      29.7659
    9150      29.8289
    9151      29.8054
    9152      29.8387
    9153      29.7732
    9154      29.8789
    9155      29.8584
    9156      29.7878
    9157      29.8191
    9158      29.8273
    9159      28.2021
    9160      29.6875
    9161      29.7433
    9162      29.7544
    9163      29.8316
    9164      29.8597
    9165      29.8220
    9166      29.7959
    9167      29.8481
    9168      29.8167
    9169      29.7207
    9170      29.7904
    9171      29.7409
    9172      29.7251
    9173      29.7720
    9174      29.7636
    9175      29.7168
    9176      29.6480
    9177      29.7048
    9178      28.2904
    9179      29.7026
    9180      29.7315
    9181      28.3092
    9182      28.3428
    9183      28.4568
    9184      28.4263
    9185      29.7696
    9186      29.8741
    9187      29.8776
    9188      28.3344
    9189      29.7323
    9190      29.7325
    9191      29.7914
    9192      29.7747
    9193      28.3912
    9194      29.7299
    9195      28.3641
    9196      29.7253
    9197      28.3216
    9198      29.7011
    9199      28.2876
    9200      28.3266
    9201      29.8147
    9202      28.4329
    9203      29.7596
    9204      28.4568
    9205      29.8363
    9206      29.6883
    9207      29.7317
    9208      29.7920
    9209      29.8519
    9210      29.7838
    9211      29.7748
    9212      29.7625
    9213      29.7478
    9214      29.8384
    9215      29.7807
    9216      28.3595
    9217      28.4596
    9218      28.4088
    9219      28.2773
    9220      28.3104
    9221      28.3669
    9222      28.4334
    9223      28.3929
    9224      28.3096
    9225      28.3732
    9226      28.4558
    9227      28.3094
    9228      28.3675
    9229      28.2884
    9230      28.4448
    9231      28.3000
    9232      28.3655
    9233      28.3823
    9234      28.3507
    9235      29.6677
    9236      28.4047
    9237      28.3791
    9238      28.4006
    9239      28.2940
    9240      28.2234
    9241      28.2003
    9242      29.6450
    9243      29.7150
    9244      29.6802
    9245      29.7232
    9246      29.7371
    9247      29.8045
    9248      29.7513
    9249      29.7345
    9250      29.7226
    9251      29.7297
    9252      29.6952
    9253      29.6392
    9254      29.7172
    9255      29.6672
    9256      29.6365
    9257      29.5516
    9258      29.7163
    9259      29.5774
    9260      29.7036
    9261      29.5833
    9262      29.4990
    9263      29.4432
    9264      29.5344
    9265      29.6064
    9266      29.5704
    9267      29.6306
    9268      29.6792
    9269      29.7365
    9270      29.6884
    9271      29.6304
    9272      29.6014
    9273      29.6647
    9274      29.6248
    9275      29.6601
    9276      29.6331
    9277      29.6575
    9278      29.5983
    9279      29.5044
    9280      29.5553
    9281      29.5451
    9282      29.6469
    9283      29.6146
    9284      29.7246
    9285      29.6742
    9286      29.6678
    9287      29.6346
    9288      29.6423
    9289      29.6664
    9290      29.6500
    9291      29.6557
    9292      29.5285
    9293      29.5114
    9294      29.5716
    9295      29.4702
    9296      29.5614
    9297      29.5583
    9298      29.6203
    9299      29.5630
    9300      29.4546
    9301      29.5373
    9302      29.5208
    9303      29.6058
    9304      29.5669
    9305      29.5748
    9306      29.6596
    9307      29.5557
    9308      29.6086
    9309      29.6256
    9310      29.4845
    9311      29.5156
    9312      29.5426
    9313      29.5316
    9314      29.6147
    9315      29.5937
    9316      29.5820
    9317      29.5846
    9318      29.5953
    9319      29.5031
    9320      29.5088
    9321      29.5719
    9322      29.5526
    9323      29.5783
    9324      29.5095
    9325      29.5809
    9326      29.6327
    9327      29.5473
    9328      29.6221
    9329      29.6210
    9330      29.6118
    9331      29.5852
    9332      29.5739
    9333      29.7100
    9334      29.6276
    9335      29.5952
    9336      29.7220
    9337      29.6493
    9338      29.6839
    9339      29.7024
    9340      29.5827
    9341      29.6231
    9342      29.6513
    9343      29.7443
    9344      29.6069
    9345      29.7055
    9346      29.5801
    9347      29.5119
    9348      29.6314
    9349      29.6829
    9350      29.6334
    9351      29.5793
    9352      29.5612
    9353      29.6317
    9354      29.6052
    9355      29.6478
    9356      29.6203
    9357      29.5448
    9358      29.5466
    9359      29.5404
    9360      29.5770
    9361      29.6984
    9362      29.5666
    9363      29.6267
    9364      29.5948
    9365      29.6157
    9366      29.5918
    9367      29.5203
    9368      29.4903
    9369      29.6313
    9370      29.5380
    9371      29.5809
    9372      29.5443
    9373      29.6756
    9374      29.6515
    9375      29.6497
    9376      29.5790
    9377      29.5960
    9378      29.6299
    9379      29.6046
    9380      29.6400
    9381      29.6456
    9382      29.5596
    9383      29.6202
    9384      29.6845
    9385      29.6616
    9386      29.5903
    9387      29.6289
    9388      29.6817
    9389      29.6986
    9390      29.6754
    9391      29.6657
    9392      29.5755
    9393      29.5547
    9394      29.6360
    9395      29.6619
    9396      29.6446
    9397      29.6670
    9398      29.6438
    9399      29.6813
    9400      29.6249
    9401      29.7007
    9402      29.7137
    9403      29.6707
    9404      29.7179
    9405      29.6719
    9406      29.7120
    9407      29.6603
    9408      29.7116
    9409      29.6418
    9410      29.6960
    9411      29.6146
    9412      29.6547
    9413      29.6504
    9414      29.6900
    9415      29.6236
    9416      29.6094
    9417      29.6344
    9418      29.5976
    9419      29.6230
    9420      29.5550
    9421      29.6262
    9422      29.5390
    9423      29.5946
    9424      29.5892
    9425      29.5667
    9426      29.5151
    9427      29.6108
    9428      29.6162
    9429      29.7207
    9430      29.5975
    9431      29.6268
    9432      29.5766
    9433      29.5787
    9434      29.6766
    9435      29.6420
    9436      29.6487
    9437      29.6007
    9438      29.6442
    9439      29.6584
    9440      29.7072
    9441      29.7260
    9442      29.7422
    9443      29.7654
    9444      29.7052
    9445      29.6987
    9446      29.6684
    9447      29.6100
    9448      29.6303
    9449      29.6655
    9450      29.6636
    9451      29.6739
    9452      29.5919
    9453      29.5726
    9454      29.5114
    9455      29.5634
    9456      29.5850
    9457      29.7017
    9458      29.5889
    9459      29.6250
    9460      29.6564
    9461      29.5924
    9462      29.5737
    9463      29.6598
    9464      29.6244
    9465      29.6084
    9466      29.5795
    9467      29.6996
    9468      29.7424
    9469      29.6632
    9470      29.6338
    9471      29.5575
    9472      29.4693
    9473      29.4730
    9474      29.6844
    9475      29.6227
    9476      29.5257
    9477      29.5770
    9478      29.6708
    9479      29.6078
    9480      29.6182
    9481      29.5224
    9482      29.5594
    9483      29.5227
    9484      29.5751
    9485      29.5978
    9486      29.5542
    9487      29.6119
    9488      29.7525
    9489      29.5663
    9490      29.7273
    9491      29.6099
    9492      29.6436
    9493      29.5362
    9494      29.5429
    9495      29.6473
    9496      29.6313
    9497      29.6621
    9498      29.7197
    9499      29.6953
    9500      29.6903
    9501      29.7072
    9502      29.7702
    9503      29.7562
    9504      29.7842
    9505      29.7198
    9506      29.8512
    9507      29.8230
    9508      29.7351
    9509      29.7897
    9510      29.7766
    9511      29.7846
    9512      29.7514
    9513      29.8319
    9514      29.6916
    9515      29.7576
    9516      29.8140
    9517      29.8247
    9518      29.9356
    9519      29.8468
    9520      29.7661
    9521      29.8827
    9522      29.8509
    9523      29.8776
    9524      30.0415
    9525      29.8980
    9526      29.9081
    9527      29.8025
    9528      29.8371
    9529      29.8156
    9530      29.7540
    9531      29.7497
    9532      29.7076
    9533      29.7860
    9534      29.8084
    9535      29.7497
    9536      29.7670
    9537      29.8063
    9538      29.8315
    9539      29.7871
    9540      29.7767
    9541      29.8482
    9542      29.6835
    9543      29.8723
    9544      29.9042
    9545      29.8585
    9546      29.8355
    9547      29.8201
    9548      29.8156
    9549      29.8200
    9550      29.8293
    9551      29.9218
    9552      29.9577
    9553      29.8151
    9554      29.8591
    9555      29.8688
    9556      29.8527
    9557      29.8343
    9558      29.8449
    9559      29.8755
    9560      29.7945
    9561      29.8672
    9562      29.8073
    9563      29.8789
    9564      29.8736
    9565      29.8372
    9566      29.8354
    9567      29.8299
    9568      29.7685
    9569      29.8038
    9570      29.8032
    9571      29.7720
    9572      29.6871
    9573      29.8334
    9574      29.7832
    9575      29.8112
    9576      29.7402
    9577      29.8119
    9578      29.9085
    9579      29.8322
    9580      29.8450
    9581      29.8436
    9582      29.7896
    9583      29.8377
    9584      29.8370
    9585      29.8141
    9586      29.8044
    9587      29.9159
    9588      29.8912
    9589      29.9202
    9590      29.8894
    9591      29.8341
    9592      29.9259
    9593      29.9171
    9594      29.9985
    9595      29.9187
    9596      29.9962
    9597      29.9796
    9598      29.9045
    9599      29.9646
    9600      29.9525
    9601      29.8663
    9602      29.8024
    9603      29.8769
    9604      29.8888
    9605      29.8598
    9606      29.9647
    9607      30.0105
    9608      30.0248
    9609      30.0248
    9610      29.9679
    9611      29.9626
    9612      30.0225
    9613      30.0485
    9614      29.9783
    9615      29.9295
    9616      29.9111
    9617      29.8062
    9618      29.8310
    9619      29.8340
    9620      29.9267
    9621      29.8786
    9622      29.9048
    9623      29.9386
    9624      29.8057
    9625      29.8431
    9626      29.8642
    9627      29.8160
    9628      29.8524
    9629      29.9240
    9630      29.9287
    9631      29.8869
    9632      29.8968
    9633      29.7980
    9634      29.9100
    9635      29.8484
    9636      29.9227
    9637      29.9740
    9638      29.9326
    9639      29.9756
    9640      29.9374
    9641      29.9186
    9642      30.0605
    9643      29.9499
    9644      29.9169
    9645      29.9004
    9646      29.9623
    9647      29.9371
    9648      29.9523
    9649      29.9419
    9650      30.0070
    9651      30.0283
    9652      29.9497
    9653      29.9937
    9654      30.0617
    9655      30.1340
    9656      30.1058
    9657      30.0634
    9658      30.0465
    9659      29.9725
    9660      29.8610
    9661      29.9845
    9662      29.8619
    9663      29.9060
    9664      29.8338
    9665      29.9361
    9666      29.8451
    9667      29.8971
    9668      29.9131
    9669      29.8340
    9670      29.8333
    9671      29.9004
    9672      29.9372
    9673      29.9337
    9674      29.9576
    9675      30.0485
    9676      29.9285
    9677      29.8396
    9678      29.9361
    9679      30.0089
    9680      29.9399
    9681      29.9372
    9682      30.0132
    9683      29.9638
    9684      30.0250
    9685      29.7856
    9686      29.8647
    9687      29.8980
    9688      28.1427
    9689      29.9273
    9690      29.9335
    9691      28.0777
    9692      28.1020
    9693      28.0519
    9694      28.1254
    9695      29.8985
    9696      29.8663
    9697      29.9124
    9698      29.8606
    9699      29.9482
    9700      29.9818
    9701      29.8968
    9702      29.9880
    9703      29.9747
    9704      29.9184
    9705      29.8967
    9706      29.8704
    9707      29.9450
    9708      29.9986
    9709      29.9497
    9710      30.0239
    9711      29.9942
    9712      30.0294
    9713      29.9671
    9714      30.0554
    9715      29.9345
    9716      29.9865
    9717      30.0131
    9718      29.9603
    9719      29.9632
    9720      29.9090
    9721      29.9751
    9722      29.9912
    9723      30.0376
    9724      29.9764
    9725      30.0460
    9726      30.0126
    9727      29.9606
    9728      30.0343
    9729      29.9405
    9730      29.9627
    9731      29.8860
    9732      29.9579
    9733      30.0405
    9734      30.0412
    9735      29.9351
    9736      29.9898
    9737      29.9535
    9738      30.0343
    9739      30.1422
    9740      30.0460
    9741      30.0046
    9742      29.9827
    9743      29.9937
    9744      30.0148
    9745      30.0286
    9746      30.0973
    9747      30.0284
    9748      30.1089
    9749      28.3620
    9750      28.4463
    9751      30.1495
    9752      30.1756
    9753      30.1294
    9754      30.1318
    9755      30.1590
    9756      30.1723
    9757      30.1242
    9758      30.0933
    9759      30.1439
    9760      30.1190
    9761      30.1005
    9762      29.9452
    9763      30.0435
    9764      30.0865
    9765      30.1341
    9766      30.1587
    9767      30.0857
    9768      30.0845
    9769      30.0498
    9770      30.1390
    9771      30.0445
    9772      30.0395
    9773      30.0988
    9774      28.3688
    9775      30.1227
    9776      30.0647
    9777      30.1402
    9778      28.2623
    9779      28.3996
    9780      28.3555
    9781      28.2737
    9782      28.4164
    9783      28.3401
    9784      28.2291
    9785      30.0848
    9786      30.1057
    9787      28.2954
    9788      30.0915
    9789      28.2917
    9790      28.3695
    9791      28.3281
    9792      30.2219
    9793      30.2234
    9794      30.3013
    9795      30.3253
    9796      30.2788
    9797      30.2142
    9798      30.1384
    9799      30.1956
    9800      30.1691
    9801      30.1243
    9802      30.1779
    9803      30.3384
    9804      30.3339
    9805      30.2464
    9806      30.2576
    9807      30.2452
    9808      30.1771
    9809      30.2403
    9810      28.3927
    9811      30.3670
    9812      30.3890
    9813      30.2390
    9814      30.2284
    9815      30.3023
    9816      30.2705
    9817      30.2546
    9818      30.2861
    9819      30.2828
    9820      30.2279
    9821      30.2923
    9822      30.2713
    9823      30.2890
    9824      30.3300
    9825      30.2783
    9826      30.2921
    9827      30.4758
    9828      30.2897
    9829      30.1618
    9830      30.3529
    9831      30.3053
    9832      30.2787
    9833      30.3417
    9834      30.3897
    9835      30.3626
    9836      30.2879
    9837      30.3080
    9838      30.2188
    9839      30.2793
    9840      30.2879
    9841      30.3095
    9842      30.3458
    9843      30.3828
    9844      30.3742
    9845      30.2055
    9846      30.2512
    9847      30.2644
    9848      30.1493
    9849      30.2539
    9850      30.2056
    9851      30.3064
    9852      30.3516
    9853      30.2945
    9854      30.2710
    9855      30.3778
    9856      30.3285
    9857      30.2394
    9858      30.2298
    9859      30.1795
    9860      30.1939
    9861      30.2335
    9862      30.2755
    9863      30.2402
    9864      30.1969
    9865      30.2339
    9866      30.1622
    9867      30.1367
    9868      30.0192
    9869      29.9993
    9870      30.0275
    9871      30.0720
    9872      30.1175
    9873      30.0179
    9874      30.0581
    9875      30.0741
    9876      29.9770
    9877      29.9980
    9878      30.1223
    9879      30.1227
    9880      30.0750
    9881      30.1076
    9882      30.1507
    9883      30.1045
    9884      30.0485
    9885      29.9992
    9886      30.0700
    9887      30.0875
    9888      30.1242
    9889      30.0509
    9890      30.0578
    9891      30.0497
    9892      30.1210
    9893      30.1555
    9894      30.0516
    9895      29.9987
    9896      30.0487
    9897      30.0162
    9898      30.1037
    9899      29.9588
    9900      30.0969
    9901      30.0154
    9902      30.0606
    9903      30.0538
    9904      29.9078
    9905      29.9777
    9906      30.0682
    9907      30.0620
    9908      30.0858
    9909      30.0176
    9910      29.9917
    9911      30.0570
    9912      30.0681
    9913      29.9692
    9914      29.9723
    9915      30.0503
    9916      30.0100
    9917      29.9934
    9918      30.0349
    9919      29.8791
    9920      29.9923
    9921      29.9799
    9922      29.9555
    9923      29.9634
    9924      29.9837
    9925      29.9833
    9926      30.0376
    9927      30.0323
    9928      30.0515
    9929      30.0507
    9930      30.0545
    9931      30.1167
    9932      30.0855
    9933      30.0405
    9934      30.0760
    9935      30.1759
    9936      29.9753
    9937      29.9958
    9938      30.0488
    9939      29.9683
    9940      29.9404
    9941      29.9657
    9942      29.8984
    9943      29.9169
    9944      29.9254
    9945      29.8960
    9946      29.9270
    9947      29.9876
    9948      29.9433
    9949      30.0505
    9950      29.9666
    9951      29.9059
    9952      29.9291
    9953      29.9350
    9954      29.8910
    9955      29.8548
    9956      29.8131
    9957      29.8166
    9958      29.8251
    9959      29.7453
    9960      29.8164
    9961      29.8341
    9962      29.8181
    9963      29.8466
    9964      29.8744
    9965      29.8508
    9966      29.8346
    9967      29.8503
    9968      29.8142
    9969      29.6926
    9970      29.7174
    9971      29.8331
    9972      29.7460
    9973      29.7573
    9974      29.7570
    9975      29.7304
    9976      29.6766
    9977      29.7521
    9978      29.7855
    9979      29.8019
    9980      29.7681
    9981      29.7394
    9982      29.7906
    9983      29.7944
    9984      29.7523
    9985      29.6879
    9986      29.8189
    9987      29.7995
    9988      29.7512
    9989      29.7078
    9990      29.6790
    9991      29.6308
    9992      29.7292
    9993      29.6817
    9994      29.7768
    9995      29.8242
    9996      29.7592
    9997      29.7016
    9998      29.6932
    9999      29.7292
   10000      29.7519
