1,28.0988
2,27.9937
3,28.2023
4,28.2278
5,28.2648
6,28.1594
7,28.1845
8,28.1701
9,28.2102
10,28.1153
11,28.1338
12,28.0767
13,28.1316
14,28.0102
15,28.0049
16,28.054
17,28.1752
18,28.0855
19,28.1001
20,28.1913
21,28.1731
22,28.1378
23,28.1456
24,28.1375
25,28.1482
26,28.2605
27,28.2125
28,28.3558
29,28.1805
30,28.1987
31,28.1542
32,28.0807
33,28.1048
34,28.2093
35,28.1631
36,28.195
37,28.1427
38,28.0383
39,28.1191
40,28.2363
41,28.1684
42,28.1667
43,28.129
44,28.0977
45,28.1726
46,28.1869
47,28.0736
48,27.9769
49,28.1601
50,28.1269
51,28.1029
52,28.153
53,28.1305
54,28.1133
55,28.1334
56,28.2151
57,28.0919
58,28.1226
59,28.0907
60,28.0704
61,28.2046
62,28.1948
63,28.1695
64,28.1313
65,28.1543
66,28.0774
67,28.0625
68,28.0601
69,28.1224
70,28.0775
71,28.0162
72,28.2305
73,28.1355
74,28.2189
75,28.1844
76,28.1098
77,28.0573
78,28.1128
79,28.1518
80,28.0718
81,28.1515
82,28.1876
83,28.2557
84,28.2183
85,28.2387
86,28.2953
87,28.2546
88,28.2313
89,28.1686
90,28.206
91,28.2217
92,28.2316
93,28.2534
94,28.2544
95,28.3355
96,28.2198
97,28.3064
98,28.1948
99,28.3011
100,28.1982
101,28.2376
102,28.2723
103,28.1629
104,28.3234
105,28.3343
106,28.3007
107,28.2234
108,28.3753
109,28.4084
110,28.4071
111,28.3766
112,28.4389
113,28.5177
114,28.5164
115,28.5284
116,28.3978
117,28.4188
118,28.391
119,28.4408
120,28.5082
121,28.3889
122,28.4349
123,28.4685
124,28.4665
125,28.3977
126,28.2394
127,28.2976
128,28.3414
129,28.399
130,28.4397
131,28.5954
132,28.3972
133,28.4923
134,28.5104
135,28.3719
136,28.5345
137,28.5066
138,28.5585
139,28.4657
140,28.5161
141,28.4445
142,28.6181
143,28.4982
144,28.4414
145,28.4213
146,28.4422
147,28.4244
148,28.6145
149,28.4583
150,28.2408
151,28.3601
152,28.3163
153,28.2629
154,28.2317
155,28.3026
156,28.3409
157,28.3448
158,28.268
159,28.3084
160,28.3472
161,28.2774
162,28.4491
163,28.4725
164,28.4133
165,28.3746
166,28.4062
167,28.4745
168,28.3587
169,28.438
170,28.3606
171,28.4389
172,28.4319
173,28.3803
174,28.4468
175,28.4837
176,28.5297
177,28.4524
178,28.3438
179,28.4176
180,28.3601
181,28.3995
182,28.4457
183,28.4034
184,28.5031
185,28.4517
186,28.4424
187,28.3487
188,28.4223
189,28.251
190,28.3536
191,28.4636
192,28.4767
193,28.4353
194,28.4123
195,28.3833
196,28.6196
197,28.3911
198,28.3036
199,28.3425
200,28.3574
201,28.3662
202,28.3528
203,28.3095
204,28.4273
205,28.3592
206,28.3426
207,28.3194
208,28.3177
209,28.2124
210,28.2935
211,28.3693
212,28.2785
213,28.4173
214,28.3374
215,28.2386
216,28.1937
217,28.1888
218,28.2475
219,28.2273
220,28.2957
221,28.3301
222,28.2539
223,28.283
224,28.3385
225,28.3801
226,28.3236
227,28.5264
228,28.5744
229,28.3648
230,28.3868
231,28.418
232,28.4198
233,28.3185
234,28.3897
235,28.3881
236,28.4027
237,28.3252
238,28.476
239,28.4422
240,28.3774
241,28.2263
242,28.373
243,28.3692
244,28.3702
245,28.2997
246,28.4061
247,28.3792
248,28.358
249,28.3389
250,28.3016
251,28.2955
252,28.2649
253,28.2578
254,28.2298
255,28.2395
256,28.2675
257,28.2876
258,28.3238
259,28.4026
260,28.4463
261,28.5599
262,28.4688
263,28.4564
264,28.2769
265,28.3812
266,28.3748
267,28.2911
268,28.4819
269,28.4419
270,28.4069
271,28.4282
272,28.2827
273,28.4163
274,28.3558
275,28.3525
276,28.2563
277,28.2607
278,28.2813
279,28.3954
280,28.3963
281,28.2552
282,28.3219
283,28.4373
284,28.3885
285,28.3699
286,28.5735
287,28.3946
288,28.4665
289,28.4588
290,28.3911
291,28.2434
292,28.325
293,28.2745
294,28.1822
295,28.131
296,28.274
297,28.3476
298,28.2635
299,28.2489
300,28.411
301,28.3059
302,28.3827
303,28.373
304,28.3331
305,28.3728
306,28.2309
307,28.3289
308,28.3046
309,28.2918
310,28.2478
311,28.297
312,28.3008
313,28.2794
314,28.2932
315,28.3143
316,28.2755
317,28.216
318,28.2863
319,28.3223
320,28.4189
321,28.4324
322,28.3084
323,28.3853
324,28.4248
325,28.4282
326,28.47
327,28.5326
328,28.3651
329,28.2685
330,28.3117
331,28.3491
332,28.3619
333,28.425
334,28.2832
335,28.3429
336,28.3355
337,28.194
338,28.3597
339,28.3869
340,28.4088
341,28.3921
342,28.283
343,28.2305
344,28.3613
345,28.3193
346,28.3043
347,28.4767
348,28.3888
349,28.3685
350,28.4042
351,28.2331
352,28.3323
353,28.3412
354,28.4097
355,28.374
356,28.3976
357,28.3794
358,28.4153
359,28.2465
360,28.3416
361,28.3481
362,28.3988
363,28.3043
364,28.2959
365,28.272
366,28.2135
367,28.3029
368,28.4654
369,28.428
370,28.3073
371,28.3044
372,28.3183
373,28.3063
374,28.3836
375,28.4184
376,28.344
377,28.4032
378,28.4249
379,28.3383
380,28.3539
381,28.345
382,28.2993
383,28.4388
384,28.3217
385,28.4287
386,28.3808
387,28.4878
388,28.3343
389,28.4584
390,28.4026
391,28.4505
392,28.3887
393,28.4225
394,28.5091
395,28.4433
396,28.3196
397,28.4151
398,28.4161
399,28.4156
400,28.426
401,28.4402
402,28.4486
403,28.4527
404,28.4245
405,28.4692
406,28.3727
407,28.3737
408,28.3784
409,28.5132
410,28.4778
411,28.4715
412,28.3826
413,28.555
414,28.5181
415,28.4198
416,28.4135
417,28.4244
418,28.4168
419,28.4093
420,28.4635
421,28.6413
422,28.6223
423,28.6203
424,28.6784
425,28.5948
426,28.6076
427,28.5947
428,28.5417
429,28.5024
430,28.4856
431,28.469
432,28.5805
433,28.4829
434,28.6836
435,28.6773
436,28.6267
437,28.5232
438,28.5996
439,28.6884
440,28.7115
441,28.6951
442,28.6465
443,28.6425
444,28.6445
445,28.7782
446,28.7987
447,28.6462
448,28.737
449,28.7402
450,28.6299
451,28.5986
452,28.713
453,28.6514
454,28.4984
455,28.5836
456,28.7186
457,28.7108
458,28.7541
459,28.7883
460,28.713
461,28.7507
462,28.7666
463,28.6466
464,28.588
465,28.7477
466,28.72
467,28.7953
468,28.7338
469,28.7355
470,28.8133
471,28.8097
472,28.7774
473,28.6555
474,28.6528
475,28.729
476,28.8174
477,28.7706
478,28.7552
479,28.7507
480,28.8631
481,28.8393
482,28.7312
483,28.6886
484,28.5794
485,28.7337
486,28.5955
487,28.7093
488,28.6503
489,28.6725
490,28.6576
491,28.6586
492,28.6188
493,28.6857
494,28.6539
495,28.542
496,28.4939
497,28.5651
498,28.6082
499,28.6512
500,28.646
501,28.7196
502,28.5285
503,28.5451
504,28.5254
505,28.574
506,28.5377
507,28.6098
508,28.5334
509,28.4168
510,28.4744
511,28.5641
512,28.5483
513,28.6025
514,28.5685
515,28.5707
516,28.5792
517,28.4837
518,28.5697
519,28.4813
520,28.5211
521,28.5754
522,28.536
523,28.4738
524,28.4788
525,28.5031
526,28.5249
527,28.4927
528,28.5825
529,28.4532
530,28.5596
531,28.4894
532,28.5328
533,28.4336
534,28.56
535,28.3229
536,28.3313
537,28.3406
538,28.419
539,28.4144
540,28.4565
541,28.537
542,28.5869
543,28.5676
544,28.6015
545,28.5925
546,28.5892
547,28.4628
548,28.3642
549,28.5462
550,28.4827
551,28.5317
552,28.507
553,28.3225
554,28.4468
555,28.3484
556,28.3088
557,28.2374
558,28.3379
559,28.3173
560,28.3997
561,28.463
562,28.3009
563,28.3778
564,28.4068
565,28.4325
566,28.4422
567,28.398
568,28.3448
569,28.2747
570,28.2324
571,28.2301
572,28.2779
573,28.3121
574,28.2914
575,28.3379
576,28.3053
577,28.3163
578,28.2881
579,28.2962
580,28.2711
581,28.1857
582,28.1943
583,28.202
584,28.1693
585,28.1619
586,28.129
587,28.14
588,28.1265
589,28.2003
590,28.2038
591,28.1708
592,28.1437
593,28.0849
594,28.1768
595,28.217
596,28.2633
597,28.2058
598,28.1331
599,28.1896
600,28.1426
601,28.146
602,28.0818
603,28.064
604,28.1412
605,28.167
606,28.1361
607,28.1534
608,28.0591
609,28.0585
610,28.1506
611,28.0653
612,28.132
613,28.1558
614,28.0567
615,28.2516
616,28.1144
617,28.1403
618,28.1274
619,28.1803
620,28.0984
621,28.1496
622,28.0698
623,28.0754
624,28.165
625,28.1324
626,28.2552
627,28.3136
628,28.2069
629,28.2505
630,28.3008
631,28.2701
632,28.2356
633,28.1626
634,28.2324
635,28.1665
636,28.2227
637,28.1842
638,28.2661
639,28.1811
640,28.0515
641,28.0722
642,28.0558
643,28.0555
644,28.0478
645,28.1221
646,28.1268
647,28.1618
648,28.2273
649,28.263
650,28.156
651,28.1201
652,28.1498
653,28.2013
654,28.1753
655,28.2408
656,28.1716
657,28.0947
658,28.0823
659,28.056
660,28.0431
661,28.0694
662,28.0527
663,28.122
664,28.1497
665,28.1592
666,28.1776
667,28.0861
668,28.142
669,28.06
670,28.097
671,28.1016
672,28.0576
673,28.1637
674,28.1022
675,28.1407
676,28.2322
677,28.1863
678,28.1234
679,28.1411
680,28.2696
681,28.2581
682,28.2087
683,28.0858
684,28.0359
685,28.0799
686,28.1564
687,28.1273
688,28.1679
689,28.1399
690,28.1052
691,28.107
692,28.1903
693,28.1486
694,28.141
695,28.1402
696,28.2191
697,28.1511
698,28.0997
699,28.1439
700,28.2067
701,28.1043
702,28.1507
703,28.2224
704,28.1465
705,28.0796
706,28.1633
707,28.115
708,28.241
709,28.0895
710,28.064
711,28.1244
712,28.2233
713,28.2214
714,28.2544
715,28.0851
716,28.0552
717,28.054
718,28.0903
719,28.1139
720,28.0321
721,28.0626
722,28.1691
723,28.1664
724,28.1321
725,28.171
726,28.0767
727,28.1048
728,28.0633
729,28.0163
730,28.0264
731,27.9678
732,27.9775
733,27.9637
734,28.0493
735,28.075
736,27.9883
737,28.0205
738,27.9929
739,28.048
740,28.0574
741,28.0072
742,28.0478
743,28.0463
744,28.0319
745,28.0841
746,27.9592
747,28.0167
748,28.0303
749,27.9954
750,28.0468
751,28.1344
752,28.0683
753,28.0287
754,28.0339
755,28.0679
756,27.9944
757,28.1063
758,27.9797
759,27.9821
760,28.0489
761,28.0465
762,28.1009
763,28.0458
764,27.9203
765,27.9699
766,28.0237
767,27.9799
768,27.99
769,28.0331
770,28.011
771,28.0774
772,28.0964
773,28.046
774,28.0491
775,28.0527
776,27.958
777,27.8384
778,28.0977
779,28.0362
780,27.9548
781,27.8716
782,27.9453
783,28.0821
784,28.2479
785,28.176
786,28.0369
787,28.0713
788,28.0148
789,28.012
790,28.03
791,28.0166
792,27.898
793,27.8743
794,27.9215
795,27.9813
796,27.9457
797,27.894
798,27.9998
799,27.9167
800,27.9424
801,27.9063
802,27.8739
803,27.9411
804,27.9376
805,27.9497
806,27.8911
807,27.8816
808,27.8947
809,27.9958
810,27.9987
811,27.9147
812,27.8971
813,28.0217
814,27.9575
815,28.0293
816,28.0411
817,28.0849
818,28.0802
819,27.9769
820,27.9949
821,27.9809
822,27.996
823,27.9283
824,27.9796
825,28.0791
826,28.0011
827,27.9615
828,27.9273
829,27.8602
830,27.968
831,27.9535
832,27.951
833,27.9519
834,27.9374
835,28.0454
836,28.0124
837,27.9334
838,27.964
839,28.0131
840,27.987
841,27.9365
842,28.005
843,27.9373
844,27.9984
845,28.0546
846,28.0323
847,27.9888
848,27.9703
849,28.0297
850,27.9796
851,28.1137
852,28.0024
853,28.0312
854,28.0443
855,27.9972
856,27.9045
857,27.9812
858,28.0124
859,28.093
860,28.2133
861,28.1467
862,28.1595
863,28.0034
864,28.1102
865,28.1528
866,28.0516
867,28.055
868,28.1453
869,28.1343
870,28.2079
871,28.11
872,28.1279
873,28.1901
874,28.2727
875,28.244
876,28.1795
877,28.0615
878,28.1407
879,28.0747
880,28.082
881,28.0772
882,28.0887
883,28.0525
884,28.1064
885,28.1561
886,28.1213
887,28.1481
888,28.0778
889,28.072
890,27.9772
891,28.0148
892,27.9495
893,28.0413
894,28.0606
895,28.0304
896,27.9948
897,28.0049
898,28.0465
899,28.0042
900,28.0451
901,27.9651
902,27.9453
903,27.9996
904,28.0276
905,27.9835
906,27.9219
907,27.8168
908,27.8834
909,27.9471
910,27.9625
911,27.8871
912,27.8683
913,27.8684
914,27.8593
915,27.8582
916,27.7538
917,27.8667
918,27.9127
919,27.9343
920,27.9919
921,27.9074
922,27.9765
923,28.0014
924,28.0411
925,27.9899
926,27.9532
927,27.9429
928,28.0897
929,28.0182
930,28.0575
931,28.2511
932,28.2439
933,28.2186
934,28.1453
935,28.0963
936,28.1402
937,28.1656
938,28.0977
939,28.1203
940,28.0519
941,27.9931
942,28.0722
943,27.9849
944,27.9944
945,28.1546
946,27.9733
947,28.0819
948,27.9843
949,28.0546
950,28.0707
951,28.0424
952,28.1028
953,28.0058
954,28.051
955,28.1103
956,28.0523
957,28.1043
958,28.2031
959,28.3144
960,28.2224
961,28.1495
962,28.1633
963,28.0749
964,28.0999
965,28.1957
966,28.1993
967,28.1479
968,28.1048
969,28.1039
970,28.0643
971,28.0862
972,27.9888
973,28.0245
974,28.039
975,28.0183
976,27.9783
977,27.896
978,27.9306
979,27.9722
980,28.0544
981,28.0341
982,28.0123
983,27.9589
984,27.9238
985,27.9929
986,27.962
987,27.9377
988,27.9445
989,27.9261
990,28.0125
991,28.049
992,28.0516
993,28.0374
994,28.0609
995,27.9047
996,28.0534
997,27.996
998,28.0051
999,27.896
1000,27.8521
1001,27.9515
1002,27.877
1003,27.9961
1004,27.9595
1005,27.9866
1006,27.9847
1007,27.9429
1008,27.9404
1009,27.9034
1010,27.9106
1011,27.9362
1012,28.0359
1013,27.9655
1014,28.0291
1015,28.0414
1016,28.1388
1017,28.0238
1018,28.0392
1019,28.0823
1020,28.1291
1021,28.084
1022,28.0515
1023,28.0435
1024,28.0596
1025,28.0159
1026,28.0815
1027,28.0818
1028,28.1226
1029,28.1219
1030,28.0412
1031,28.1017
1032,28.0879
1033,27.9956
1034,27.9299
1035,27.9245
1036,27.9656
1037,27.8804
1038,27.9775
1039,27.8701
1040,27.9177
1041,27.8305
1042,27.9477
1043,27.972
1044,27.965
1045,28.0037
1046,27.9934
1047,28.0188
1048,28.0706
1049,28.0812
1050,27.9874
1051,27.9878
1052,28.0422
1053,27.9516
1054,28.0681
1055,28.0606
1056,28.0603
1057,28.0625
1058,27.9909
1059,28.0293
1060,28.0564
1061,28.1145
1062,28.0675
1063,28.0824
1064,28.0377
1065,27.9283
1066,28.0729
1067,28.0015
1068,27.9382
1069,27.8986
1070,27.877
1071,27.9766
1072,27.9722
1073,28.0365
1074,28.0967
1075,28.1044
1076,28.0821
1077,28.1404
1078,28.0894
1079,28.0232
1080,28.0128
1081,28.014
1082,27.9406
1083,27.8851
1084,27.9743
1085,27.9164
1086,27.948
1087,27.9029
1088,27.8806
1089,27.8453
1090,27.916
1091,27.8935
1092,28.0881
1093,28.0249
1094,27.9266
1095,27.9521
1096,28.0573
1097,28.0639
1098,28.0974
1099,28.0557
1100,28.0261
1101,28.0377
1102,28.0455
1103,28.0581
1104,27.987
1105,28.037
1106,28.0324
1107,27.937
1108,27.9684
1109,28.017
1110,28.0287
1111,28.0541
1112,27.9826
1113,28.1053
1114,28.0132
1115,28.0141
1116,28.0195
1117,28.1129
1118,28.0019
1119,28.0401
1120,28.0724
1121,27.9663
1122,28.045
1123,27.8706
1124,27.9944
1125,28.0359
1126,27.9152
1127,27.9346
1128,27.9295
1129,27.83
1130,27.8788
1131,27.9095
1132,27.9665
1133,28.1225
1134,27.9478
1135,28.0121
1136,27.9663
1137,27.9602
1138,27.9482
1139,27.9335
1140,27.9538
1141,27.9019
1142,27.8723
1143,27.9971
1144,27.9927
1145,28.0395
1146,28.0023
1147,28.0017
1148,28.0497
1149,28.065
1150,27.9695
1151,27.9098
1152,27.9647
1153,27.9264
1154,27.9306
1155,28.0043
1156,28.0061
1157,28.0437
1158,28.0296
1159,27.9954
1160,28.0597
1161,28.0695
1162,28.0223
1163,28.1187
1164,27.994
1165,28.0858
1166,28.0335
1167,28.094
1168,28.0116
1169,27.9596
1170,28.0161
1171,28.1159
1172,28.0451
1173,28.0042
1174,27.995
1175,27.9712
1176,27.9192
1177,27.9606
1178,27.9734
1179,28.001
1180,28.0437
1181,28.069
1182,27.8472
1183,27.9701
1184,28.0133
1185,27.8819
1186,27.8563
1187,27.9985
1188,27.901
1189,27.8823
1190,28.0089
1191,27.9847
1192,28.0058
1193,27.9897
1194,27.9953
1195,27.986
1196,27.9142
1197,27.9178
1198,27.9134
1199,27.9619
1200,27.9568
1201,27.8401
1202,27.9873
1203,28.0199
1204,27.8978
1205,28.0151
1206,27.9933
1207,27.931
1208,27.9847
1209,27.9781
1210,28.0085
1211,27.9441
1212,28.0197
1213,28.1247
1214,28.1479
1215,28.0466
1216,28.0005
1217,28.0082
1218,27.9376
1219,28.0638
1220,28.2273
1221,28.0796
1222,28.0912
1223,28.1088
1224,28.1162
1225,28.0269
1226,28.1302
1227,28.0546
1228,28.0211
1229,28.0316
1230,28.033
1231,27.999
1232,27.9208
1233,27.9957
1234,28.0095
1235,28.1247
1236,28.0193
1237,28.0072
1238,27.924
1239,27.9771
1240,28
1241,27.9469
1242,27.9901
1243,28.0716
1244,28.0363
1245,28.1339
1246,28.0389
1247,28.0902
1248,28.1028
1249,28.2262
1250,28.0672
1251,28.2103
1252,28.1596
1253,28.1273
1254,28.204
1255,28.2437
1256,28.1317
1257,28.2226
1258,28.1775
1259,28.2241
1260,28.1949
1261,28.0776
1262,28.0166
1263,27.9503
1264,27.9836
1265,27.9743
1266,27.9887
1267,28.0372
1268,28.1152
1269,28.177
1270,28.1193
1271,28.0656
1272,28.1075
1273,28.0619
1274,28.1759
1275,28.0288
1276,28.0559
1277,27.9993
1278,28.103
1279,27.9825
1280,28.0014
1281,27.9324
1282,27.9198
1283,28.1288
1284,28.0974
1285,27.957
1286,28.0583
1287,28.1338
1288,28.0229
1289,27.8745
1290,27.9504
1291,28.0078
1292,28.0463
1293,28.0759
1294,28.0546
1295,28.0954
1296,28.0319
1297,28.0492
1298,28.0336
1299,28.0532
1300,28.0819
1301,28.0244
1302,28.0268
1303,28.0839
1304,28.0061
1305,28.0715
1306,28.1391
1307,28.1063
1308,28.0555
1309,28.1154
1310,28.0292
1311,27.9895
1312,28.0295
1313,28.0178
1314,28.0512
1315,28.0403
1316,28.0738
1317,28.0173
1318,28.1187
1319,28.1163
1320,27.9843
1321,27.9211
1322,27.9511
1323,28.0003
1324,28.0891
1325,28.1411
1326,28.0738
1327,28.1011
1328,28.0076
1329,28.1139
1330,28.1383
1331,28.0684
1332,27.9329
1333,27.9558
1334,28.0334
1335,28.0172
1336,28.0217
1337,27.9253
1338,27.9938
1339,27.9709
1340,27.9995
1341,28.023
1342,28.0744
1343,27.9885
1344,27.9952
1345,28.0427
1346,27.9612
1347,28.0727
1348,28.0214
1349,28.1398
1350,28.1881
1351,28.1119
1352,28.0168
1353,28.0092
1354,27.9469
1355,28.0012
1356,28.1219
1357,28.0503
1358,28.0983
1359,28.0839
1360,28.0457
1361,28.0058
1362,27.9417
1363,28.0766
1364,28.0445
1365,28.0496
1366,28.0602
1367,28.0394
1368,28.1031
1369,28.1742
1370,28.1134
1371,27.9827
1372,28.0652
1373,28.0428
1374,28.0835
1375,28.0992
1376,28.0101
1377,27.9431
1378,27.9374
1379,27.8816
1380,27.8733
1381,27.9528
1382,28.0404
1383,28.1166
1384,28.1891
1385,28.0984
1386,28.0691
1387,28.1336
1388,28.0115
1389,28.0049
1390,28.0242
1391,28.0801
1392,27.9679
1393,27.9542
1394,27.9153
1395,27.9739
1396,27.9635
1397,27.8621
1398,27.9717
1399,27.9352
1400,27.9908
1401,28.0202
1402,27.922
1403,27.9713
1404,28.0071
1405,28.0006
1406,28.0465
1407,28.0773
1408,28.1304
1409,28.0739
1410,28.0092
1411,28.0808
1412,28.0373
1413,28.0236
1414,28.0448
1415,28.0456
1416,28.0025
1417,28.1211
1418,28.1231
1419,28.0969
1420,28.022
1421,27.9117
1422,27.9687
1423,27.9869
1424,28.1293
1425,28.0038
1426,28.0167
1427,28.0132
1428,27.9689
1429,28.0237
1430,28.1355
1431,27.948
1432,27.9257
1433,27.9757
1434,27.9862
1435,28.0075
1436,28.0584
1437,28.0556
1438,28.0362
1439,28.0441
1440,28.0594
1441,28.0288
1442,28.017
1443,28.0524
1444,28.1088
1445,28.0841
1446,28.0526
1447,27.9253
1448,27.9333
1449,28.025
1450,27.9481
1451,27.9575
1452,27.985
1453,28.0904
1454,27.9845
1455,27.981
1456,27.9981
1457,28.059
1458,27.9922
1459,28.1043
1460,28.051
1461,28.0598
1462,28.0999
1463,28.0678
1464,28.1009
1465,27.9327
1466,28.0701
1467,28.0542
1468,28.0315
1469,27.9541
1470,28.0408
1471,28.0248
1472,27.9648
1473,28.0658
1474,28.0173
1475,27.998
1476,27.9776
1477,28.0167
1478,28.012
1479,28.0602
1480,28.0827
1481,28.1333
1482,28
1483,28.0362
1484,28.055
1485,28.0874
1486,27.9793
1487,28.0949
1488,27.9458
1489,28.0695
1490,28.0252
1491,28.106
1492,28.0802
1493,28.0894
1494,28.0905
1495,28.0399
1496,28.0158
1497,28.0098
1498,27.956
1499,28.0135
1500,27.9542
1501,27.9299
1502,27.9906
1503,27.934
1504,27.9773
1505,27.9889
1506,28.082
1507,28.1228
1508,28.1743
1509,28.095
1510,28.0483
1511,28.0421
1512,28.0913
1513,28.0657
1514,28.1093
1515,28.0462
1516,28.1302
1517,27.9394
1518,27.9198
1519,28.0681
1520,28.04
1521,28.083
1522,28.0761
1523,28.062
1524,28.0827
1525,28.0435
1526,28.1207
1527,28.0371
1528,28.0377
1529,28.0094
1530,28.1798
1531,28.0344
1532,28.1058
1533,28.0453
1534,28.0584
1535,28.1061
1536,28.065
1537,28.0545
1538,28.197
1539,28.1763
1540,28.0568
1541,28.1738
1542,28.2225
1543,28.2495
1544,28.153
1545,28.1656
1546,28.0997
1547,28.1514
1548,28.103
1549,28.1236
1550,28.1325
1551,28.1727
1552,28.0426
1553,28.094
1554,28.0966
1555,28.0373
1556,28.1274
1557,28.1303
1558,28.0602
1559,28.0556
1560,27.9595
1561,27.9291
1562,27.8089
1563,27.8864
1564,27.9673
1565,27.9387
1566,28.0656
1567,28.0087
1568,28.0503
1569,28.0752
1570,28.0254
1571,28.0193
1572,28.1338
1573,28.1095
1574,28.0557
1575,27.9767
1576,27.9834
1577,27.9227
1578,27.9904
1579,28.0712
1580,27.9952
1581,28.0656
1582,28.0854
1583,28.1215
1584,28.1737
1585,28.2119
1586,28.2318
1587,28.2544
1588,28.1458
1589,28.0664
1590,28.1834
1591,28.1357
1592,28.2367
1593,28.0342
1594,28.1396
1595,28.1383
1596,27.9788
1597,28.0733
1598,28.1234
1599,28.1509
1600,28.1172
1601,28.147
1602,28.1152
1603,28.0817
1604,28.0776
1605,28.1546
1606,28.1676
1607,28.215
1608,28.1108
1609,28.1752
1610,28.1043
1611,28.025
1612,28.0678
1613,28.1478
1614,28.08
1615,28.0163
1616,27.9844
1617,28.0848
1618,28.0188
1619,27.9587
1620,28.0391
1621,28.1101
1622,28.0422
1623,28.083
1624,28.0874
1625,28.0998
1626,28.1531
1627,28.1668
1628,28.1513
1629,28.2019
1630,28.1269
1631,28.1419
1632,28.2296
1633,28.1627
1634,28.1401
1635,28.1889
1636,28.2214
1637,28.1428
1638,28.1657
1639,28.1072
1640,28.0495
1641,28.0878
1642,28.1095
1643,28.2564
1644,28.1313
1645,28.1924
1646,28.1581
1647,28.1794
1648,28.2109
1649,28.2022
1650,28.209
1651,28.1775
1652,28.1827
1653,28.1395
1654,28.2908
1655,28.1885
1656,28.2789
1657,28.2415
1658,28.155
1659,28.1007
1660,28.1523
1661,28.206
1662,28.2139
1663,28.1069
1664,28.1459
1665,28.1518
1666,28.169
1667,28.1854
1668,28.1755
1669,28.0968
1670,28.224
1671,28.0882
1672,28.1616
1673,28.1041
1674,28.1936
1675,28.1551
1676,28.1171
1677,28.1679
1678,28.1396
1679,28.0395
1680,28.0428
1681,28.0912
1682,28.0396
1683,28.0367
1684,28.1069
1685,28.0479
1686,28.0148
1687,28.0314
1688,28.089
1689,28.1396
1690,28.0073
1691,28.1909
1692,28.124
1693,28.1789
1694,28.1846
1695,28.0711
1696,28.0111
1697,28.0354
1698,28.0695
1699,28.1015
1700,28.1022
1701,28.0607
1702,28.1523
1703,28.0495
1704,28.0291
1705,28.0605
1706,27.9991
1707,28.2074
1708,28.1466
1709,28.14
1710,28.0972
1711,28.0759
1712,28.1001
1713,28.1731
1714,28.1494
1715,28.1207
1716,28.1772
1717,28.1492
1718,28.0831
1719,28.1148
1720,28.0444
1721,27.9692
1722,28.0019
1723,28.02
1724,27.9996
1725,28.08
1726,27.9442
1727,28.0242
1728,27.9328
1729,27.9185
1730,27.9833
1731,27.9687
1732,27.9339
1733,27.9519
1734,27.9573
1735,27.951
1736,27.903
1737,27.991
1738,27.9368
1739,28.0419
1740,27.9747
1741,28.097
1742,28.0145
1743,28.0951
1744,28.0496
1745,27.9944
1746,27.9649
1747,28.0994
1748,28.0053
1749,28.0323
1750,28.0816
1751,28.0522
1752,28.0983
1753,28.1151
1754,28.1392
1755,28.1086
1756,28.0938
1757,28.091
1758,28.0483
1759,27.9675
1760,27.9616
1761,27.9641
1762,27.9327
1763,27.9948
1764,28.0469
1765,27.8961
1766,27.9554
1767,27.9638
1768,27.9459
1769,27.9076
1770,27.8936
1771,27.9248
1772,27.962
1773,28.0301
1774,28.0139
1775,28.1073
1776,28.0129
1777,27.9839
1778,28.1061
1779,28.1091
1780,27.9683
1781,28.0193
1782,27.9731
1783,27.9561
1784,27.9705
1785,27.9288
1786,27.9798
1787,28.116
1788,28.1659
1789,28.0897
1790,28.0833
1791,28.078
1792,28.0796
1793,28.0992
1794,28.1584
1795,28.1063
1796,28.1719
1797,28.3154
1798,28.3081
1799,28.306
1800,28.2872
1801,28.2796
1802,28.2028
1803,28.2057
1804,28.1923
1805,28.0822
1806,28.0338
1807,28.1634
1808,28.0911
1809,28.0861
1810,28.2813
1811,28.2603
1812,28.2422
1813,28.4022
1814,28.315
1815,28.3314
1816,28.2632
1817,28.2323
1818,28.317
1819,28.2696
1820,28.2212
1821,28.1606
1822,28.2352
1823,28.2267
1824,28.1603
1825,28.213
1826,28.279
1827,28.1788
1828,28.2597
1829,28.3097
1830,28.2317
1831,28.3645
1832,28.2371
1833,28.1956
1834,28.2075
1835,28.2118
1836,28.2689
1837,28.2356
1838,28.2835
1839,28.3524
1840,28.3364
1841,28.3692
1842,28.3268
1843,28.2624
1844,28.3209
1845,28.1374
1846,28.2102
1847,28.3218
1848,28.3231
1849,28.3083
1850,28.1854
1851,28.0588
1852,28.1604
1853,28.1338
1854,28.1131
1855,28.1586
1856,28.1692
1857,28.0642
1858,28.1821
1859,28.0771
1860,28.0937
1861,28.0466
1862,28.1449
1863,28.1502
1864,28.0623
1865,28.0502
1866,28.0962
1867,28.1035
1868,28.0105
1869,27.9477
1870,28.1346
1871,27.9679
1872,28.0235
1873,28.1382
1874,28.0556
1875,28.0459
1876,28.0332
1877,28.1543
1878,28.1134
1879,28.1336
1880,28.1253
1881,28.0915
1882,28.0956
1883,28.1895
1884,28.2499
1885,28.1625
1886,28.1922
1887,28.1616
1888,28.1192
1889,28.1779
1890,28.195
1891,28.1734
1892,28.0934
1893,28.1325
1894,28.0875
1895,28.0327
1896,28.1963
1897,28.1818
1898,28.0867
1899,28.1014
1900,28.1225
1901,28.1201
1902,28.1217
1903,28.0976
1904,27.9744
1905,27.9994
1906,28.163
1907,28.0865
1908,28.1078
1909,28.1093
1910,28.2205
1911,28.1407
1912,28.1643
1913,28.2319
1914,28.1709
1915,28.318
1916,28.3022
1917,28.4316
1918,28.1917
1919,28.2658
1920,28.1215
1921,28.2659
1922,28.1924
1923,28.1012
1924,28.2181
1925,28.2187
1926,28.2483
1927,28.1839
1928,28.2159
1929,28.1902
1930,28.1545
1931,28.1427
1932,28.1667
1933,28.0694
1934,28
1935,27.864
1936,28.0018
1937,27.9137
1938,27.9209
1939,27.9266
1940,27.9559
1941,28.0048
1942,27.9504
1943,27.8728
1944,27.912
1945,28.0277
1946,28.0097
1947,27.9563
1948,28.1076
1949,28.1628
1950,28.1268
1951,28.0396
1952,28.0995
1953,28.0976
1954,28.0401
1955,28.0787
1956,28.1358
1957,28.0641
1958,28.1181
1959,28.0126
1960,28.0942
1961,28.189
1962,28.2098
1963,28.1062
1964,28.1602
1965,28.0784
1966,28.0625
1967,28.1404
1968,28.1269
1969,28.1312
1970,28.187
1971,28.0784
1972,28.0867
1973,28.0891
1974,28.1421
1975,27.9518
1976,28.0345
1977,27.9862
1978,28.0214
1979,28.0049
1980,27.967
1981,27.9574
1982,27.9703
1983,28.0037
1984,27.985
1985,27.963
1986,27.9845
1987,28.0603
1988,27.9789
1989,28.0795
1990,27.9607
1991,28.0206
1992,28.0873
1993,28.0697
1994,28.0821
1995,28.103
1996,28.228
1997,28.1314
1998,28.094
1999,28.0642
2000,28.1514
2001,28.1704
2002,28.2508
2003,28.1933
2004,28.1534
2005,28.1502
2006,28.1719
2007,28.0329
2008,28.0863
2009,28.1597
2010,28.2224
2011,28.1574
2012,28.1665
2013,28.2672
2014,28.1017
2015,28.2142
2016,28.1661
2017,28.1416
2018,28.0431
2019,28.0912
2020,28.0839
2021,28.0731
2022,28.1612
2023,28.0737
2024,28.0613
2025,28.1141
2026,28.0768
2027,28.1042
2028,28.1373
2029,28.0835
2030,28.1934
2031,28.1776
2032,28.0918
2033,28.098
2034,28.1393
2035,28.0006
2036,28.1097
2037,27.9704
2038,28.0174
2039,28.0563
2040,28.1586
2041,28.1122
2042,28.0633
2043,28.0392
2044,28.0422
2045,28.0843
2046,28.057
2047,28.1332
2048,28.1411
2049,28.1647
2050,28.1191
2051,28.107
2052,28.055
2053,28.0982
2054,28.096
2055,28.0908
2056,28.0737
2057,28.0901
2058,28.1263
2059,28.1434
2060,28.1449
2061,28.1529
2062,28.1301
2063,28.17
2064,28.2067
2065,28.0788
2066,28.0135
2067,27.9828
2068,28.0661
2069,28.0925
2070,28.0632
2071,27.9905
2072,28.0618
2073,28.1724
2074,28.1082
2075,28.1597
2076,28.1461
2077,28.1107
2078,28.0419
2079,28.0129
2080,27.9527
2081,28.1105
2082,28.1189
2083,28.1102
2084,28.0214
2085,28.0496
2086,28.0488
2087,28.0027
2088,27.9423
2089,28.0688
2090,28.0457
2091,28.0114
2092,27.8528
2093,27.9622
2094,28.0271
2095,27.9616
2096,27.9919
2097,28.0792
2098,28.0868
2099,27.9695
2100,27.9691
2101,27.8541
2102,27.9402
2103,27.9696
2104,27.9453
2105,27.9618
2106,28.0325
2107,28.0176
2108,28.0626
2109,28.0761
2110,28.1356
2111,28.1053
2112,28.0541
2113,28.0689
2114,28.108
2115,27.9677
2116,28.0607
2117,28.0253
2118,28.0225
2119,28.0271
2120,28.0437
2121,27.997
2122,27.9531
2123,27.8884
2124,28.0336
2125,27.9709
2126,27.914
2127,27.8724
2128,27.9189
2129,27.9348
2130,27.9566
2131,27.8741
2132,27.8121
2133,27.9321
2134,27.9435
2135,27.9979
2136,27.957
2137,28.0292
2138,27.8515
2139,27.8405
2140,27.9453
2141,27.9753
2142,27.9489
2143,27.951
2144,28.0412
2145,28.0271
2146,28.0451
2147,27.9822
2148,28.0862
2149,28.1175
2150,28.0702
2151,28.0981
2152,28.0379
2153,28.0577
2154,28.0926
2155,28.0073
2156,28.1144
2157,28.0721
2158,28.1229
2159,28.0166
2160,28.1157
2161,28.0771
2162,28.0686
2163,27.9899
2164,27.9438
2165,28.0373
2166,27.9864
2167,27.9025
2168,27.9533
2169,28.0208
2170,27.9193
2171,28.0154
2172,27.9757
2173,27.9605
2174,28.0812
2175,28.0958
2176,27.963
2177,28.1133
2178,28.0863
2179,28.0987
2180,28.069
2181,28.0862
2182,28.0323
2183,27.9991
2184,27.9712
2185,28.0185
2186,27.9347
2187,27.9208
2188,27.9474
2189,27.8916
2190,27.9094
2191,27.9309
2192,27.9982
2193,27.9607
2194,27.9218
2195,27.903
2196,28.0176
2197,27.9533
2198,27.9265
2199,27.92
2200,27.8055
2201,27.845
2202,28.0155
2203,27.9602
2204,28.0194
2205,27.8765
2206,27.9648
2207,27.8865
2208,27.8432
2209,27.8593
2210,27.9362
2211,28.0212
2212,28.1045
2213,27.9876
2214,28.0311
2215,27.967
2216,27.8491
2217,27.8697
2218,27.8606
2219,27.8763
2220,27.8983
2221,27.8156
2222,27.8318
2223,27.8886
2224,27.9449
2225,27.9257
2226,28.0043
2227,27.9391
2228,27.8724
2229,27.9579
2230,27.9373
2231,27.7865
2232,27.7867
2233,27.8188
2234,27.701
2235,27.8282
2236,27.903
2237,27.8983
2238,27.8849
2239,27.9734
2240,27.8732
2241,27.8149
2242,27.9126
2243,27.8569
2244,27.8366
2245,27.954
2246,27.9089
2247,27.875
2248,27.7284
2249,27.8231
2250,27.8991
2251,27.9439
2252,27.9611
2253,27.9697
2254,27.9644
2255,27.8706
2256,27.9298
2257,27.9326
2258,27.9713
2259,28.0433
2260,28.0742
2261,27.9906
2262,27.9926
2263,28.0995
2264,28.0193
2265,27.9279
2266,28.038
2267,27.997
2268,27.9943
2269,28.0664
2270,28.1178
2271,28.0248
2272,28.0579
2273,28.1426
2274,27.9558
2275,28.07
2276,27.9478
2277,27.9663
2278,27.9563
2279,27.9242
2280,27.9401
2281,28.0192
2282,27.947
2283,28.0147
2284,28.03
2285,28.0627
2286,27.9785
2287,28.0695
2288,28.0561
2289,28.035
2290,28.0163
2291,28.1348
2292,27.9716
2293,28.0745
2294,28.0825
2295,28.014
2296,28.0835
2297,28.0147
2298,28.0261
2299,28.1198
2300,28.07
2301,27.9984
2302,28.0469
2303,28.1231
2304,28.2086
2305,28.0778
2306,28.0808
2307,28.0452
2308,28.1155
2309,28.0326
2310,28.0206
2311,28.1425
2312,28.0933
2313,28.1293
2314,28.0951
2315,28.0676
2316,28.0852
2317,28.0953
2318,28.0636
2319,28.0479
2320,28.1278
2321,28.1677
2322,28.1003
2323,28.2074
2324,28.2137
2325,28.205
2326,28.0818
2327,28.0844
2328,28.0657
2329,28.0041
2330,28.0976
2331,28.0832
2332,28.1024
2333,28.1627
2334,28.076
2335,28.0717
2336,28.0162
2337,27.9062
2338,28.0434
2339,28.004
2340,28.074
2341,28.0575
2342,28.1408
2343,28.0572
2344,27.9199
2345,27.9507
2346,28.0032
2347,28.0673
2348,28.0866
2349,28.0558
2350,28.0103
2351,28.1434
2352,27.9843
2353,27.9248
2354,27.9736
2355,27.913
2356,27.9536
2357,27.9262
2358,27.9693
2359,27.9939
2360,28.0365
2361,28.0349
2362,27.974
2363,27.989
2364,28.0124
2365,28.0643
2366,27.9311
2367,28.03
2368,27.9502
2369,27.8666
2370,27.9456
2371,27.9808
2372,27.9263
2373,27.953
2374,27.9708
2375,27.8642
2376,27.9402
2377,27.8773
2378,27.9428
2379,27.9995
2380,28.036
2381,28.0174
2382,27.9258
2383,27.9874
2384,28.1284
2385,28.0856
2386,28.1151
2387,28.0399
2388,28.1252
2389,28.2557
2390,28.2072
2391,28.2344
2392,28.2778
2393,28.218
2394,28.2956
2395,28.2762
2396,28.3429
2397,28.3483
2398,28.298
2399,28.1694
2400,28.2197
2401,28.3405
2402,28.3321
2403,28.3718
2404,28.3014
2405,28.2469
2406,28.2746
2407,28.2043
2408,28.1454
2409,28.1355
2410,28.099
2411,28.0161
2412,27.8606
2413,27.9332
2414,27.911
2415,27.9586
2416,27.939
2417,28.061
2418,27.9972
2419,28.0647
2420,27.9974
2421,28.005
2422,27.9862
2423,27.9659
2424,28.0602
2425,28.0239
2426,27.97
2427,27.9887
2428,27.9653
2429,27.9247
2430,27.9715
2431,27.8553
2432,27.9987
2433,27.9082
2434,27.919
2435,27.9892
2436,28.1284
2437,28.1125
2438,28.0173
2439,28.1321
2440,28.0471
2441,28.0389
2442,28.1129
2443,28.0885
2444,27.9865
2445,27.9978
2446,27.8897
2447,28.0129
2448,28.1503
2449,28.1069
2450,28.2228
2451,28.2978
2452,28.2089
2453,28.1229
2454,28.2442
2455,28.1828
2456,28.2122
2457,28.0306
2458,28.1352
2459,28.2306
2460,28.1177
2461,28.1424
2462,28.0517
2463,28.1661
2464,28.2415
2465,28.1582
2466,28.143
2467,28.2271
2468,28.1442
2469,28.207
2470,28.2595
2471,28.1832
2472,28.0637
2473,28.1689
2474,28.1761
2475,28.1554
2476,28.0455
2477,28.1099
2478,28.1743
2479,28.1765
2480,28.1508
2481,28.1293
2482,28.2194
2483,28.275
2484,28.2483
2485,28.2613
2486,28.1695
2487,28.2458
2488,28.1828
2489,28.2388
2490,28.1535
2491,28.1503
2492,28.237
2493,28.2656
2494,28.3709
2495,28.2122
2496,28.2876
2497,28.2778
2498,28.2812
2499,28.1894
2500,28.183
2501,28.2668
2502,28.2205
2503,28.327
2504,28.257
2505,28.2825
2506,28.3059
2507,28.3063
2508,28.2927
2509,28.3422
2510,28.2628
2511,28.3064
2512,28.2199
2513,28.2287
2514,28.1937
2515,28.2537
2516,28.2145
2517,28.214
2518,28.3425
2519,28.3144
2520,28.3075
2521,28.2481
2522,28.0972
2523,28.1059
2524,28.1299
2525,28.1005
2526,28.2656
2527,28.4094
2528,28.2161
2529,28.3098
2530,28.3411
2531,28.153
2532,28.3054
2533,28.2417
2534,28.269
2535,28.1907
2536,28.1376
2537,28.2047
2538,28.1928
2539,28.2759
2540,28.1788
2541,28.2208
2542,28.2052
2543,28.1834
2544,28.2137
2545,28.2025
2546,28.109
2547,28.1171
2548,28.1142
2549,28.1759
2550,28.1533
2551,28.1723
2552,28.1079
2553,28.1576
2554,28.1103
2555,28.1099
2556,28.0892
2557,28.1534
2558,28.3389
2559,28.2579
2560,28.3044
2561,28.2721
2562,28.2104
2563,28.2127
2564,28.4162
2565,28.3065
2566,28.3776
2567,28.3214
2568,28.335
2569,28.3851
2570,28.1793
2571,28.2756
2572,28.3103
2573,28.3052
2574,28.3456
2575,28.2691
2576,28.2593
2577,28.3218
2578,28.2169
2579,28.188
2580,28.2172
2581,28.3322
2582,28.2426
2583,28.2015
2584,28.3569
2585,28.3827
2586,28.3357
2587,28.3208
2588,28.324
2589,28.3768
2590,28.3407
2591,28.401
2592,28.3473
2593,28.4611
2594,28.3192
2595,28.3471
2596,28.3181
2597,28.3303
2598,28.2869
2599,28.1168
2600,28.2435
2601,28.1703
2602,28.2381
2603,28.215
2604,28.269
2605,28.2199
2606,28.1845
2607,28.0555
2608,28.1249
2609,28.1542
2610,28.0753
2611,28.0828
2612,28.0567
2613,28.1172
2614,28.1111
2615,28.029
2616,28.0897
2617,28.125
2618,28.072
2619,28.1527
2620,28.1269
2621,28.195
2622,28.2732
2623,28.251
2624,28.2496
2625,28.3032
2626,28.2152
2627,28.1687
2628,28.161
2629,28.087
2630,28.1105
2631,28.0018
2632,28.0987
2633,27.9881
2634,28.0498
2635,28.0821
2636,28.1448
2637,28.0509
2638,28.2121
2639,28.0674
2640,28.096
2641,28.0809
2642,28.2095
2643,28.0427
2644,28.2058
2645,28.1523
2646,28.2395
2647,28.1979
2648,28.1256
2649,27.9389
2650,28.1531
2651,28.0509
2652,28.0552
2653,28
2654,28.2076
2655,28.1448
2656,28.1579
2657,28.1677
2658,28.192
2659,28.2306
2660,28.179
2661,28.2346
2662,28.1413
2663,28.0567
2664,28.0537
2665,28.1931
2666,28.0415
2667,28.1615
2668,28.0451
2669,28.0297
2670,28.0574
2671,28.0937
2672,28.1103
2673,28.1343
2674,28.0198
2675,27.9675
2676,28.0514
2677,28.0358
2678,28.0475
2679,27.9886
2680,28.0861
2681,28.0116
2682,27.9574
2683,27.988
2684,28.0086
2685,28.1385
2686,28.071
2687,28.1037
2688,28.0826
2689,28.0468
2690,28.0374
2691,27.9997
2692,28.0519
2693,28.0416
2694,28.1215
2695,28.0875
2696,28.0009
2697,28.0596
2698,28.0508
2699,28.1431
2700,28.1193
2701,28.1167
2702,28.152
2703,28.0404
2704,28.0723
2705,27.9748
2706,28.0157
2707,28.0618
2708,28.0031
2709,27.9175
2710,28.1072
2711,28.0406
2712,27.9437
2713,28.1196
2714,28.0363
2715,28.0491
2716,28.1066
2717,28.0855
2718,27.989
2719,27.9911
2720,28.057
2721,27.9919
2722,28.003
2723,28.104
2724,28.0249
2725,28.1814
2726,28.2614
2727,28.1894
2728,28.2118
2729,28.1813
2730,28.22
2731,28.1768
2732,28.1692
2733,28.0897
2734,28.0768
2735,28.1188
2736,28.2346
2737,28.1052
2738,28.193
2739,28.1178
2740,28.2703
2741,28.1634
2742,28.0676
2743,27.9937
2744,27.959
2745,28.0502
2746,28.1696
2747,28.2152
2748,28.1702
2749,28.0611
2750,28.08
2751,28.069
2752,28.1402
2753,28.0615
2754,28.0028
2755,28.04
2756,28.0523
2757,28.1271
2758,28.0108
2759,28.0131
2760,28.0289
2761,27.9837
2762,28.0668
2763,28.0127
2764,27.9408
2765,28.1025
2766,27.9398
2767,28.0507
2768,28.0052
2769,28.0178
2770,28.0067
2771,28.0253
2772,27.9675
2773,27.9599
2774,28.0687
2775,28.1206
2776,28.0758
2777,28.0128
2778,28.1061
2779,28.1127
2780,28.1217
2781,28.1215
2782,28.1831
2783,28.1009
2784,28.047
2785,28.1323
2786,28.1915
2787,28.0535
2788,28.1383
2789,28.2067
2790,28.1392
2791,28.1294
2792,28.1363
2793,28.1931
2794,28.1257
2795,28.0675
2796,28.0959
2797,28.1928
2798,28.2126
2799,28.1743
2800,28.1591
2801,28.0265
2802,28.1193
2803,28.023
2804,28.1097
2805,28.0565
2806,28.1225
2807,28.0876
2808,28.1534
2809,28.1226
2810,28.0066
2811,28.0178
2812,27.9487
2813,27.8836
2814,28.0432
2815,28.0351
2816,28.0177
2817,28.0843
2818,28.0126
2819,28.0511
2820,28.0585
2821,28.1446
2822,28.1314
2823,28.1584
2824,28.1193
2825,28.0848
2826,28.1114
2827,28.1121
2828,28.0102
2829,28.0759
2830,28.1111
2831,28.0224
2832,28.0366
2833,28.0347
2834,28.0815
2835,28.0648
2836,28.0353
2837,28.0215
2838,28.0534
2839,28.0684
2840,28.1113
2841,28.177
2842,28.0849
2843,28.1559
2844,28.1211
2845,28.0621
2846,28.0599
2847,28.1601
2848,28.0675
2849,28.1053
2850,28.1239
2851,28.1246
2852,28.1774
2853,28.1404
2854,28.0952
2855,28.0784
2856,28.1543
2857,28.1465
2858,28.1653
2859,28.0304
2860,28.0364
2861,28.1002
2862,28.15
2863,28.003
2864,28.0633
2865,28.0963
2866,27.9779
2867,28.081
2868,28.0597
2869,28.1009
2870,27.9687
2871,28.0859
2872,28.0793
2873,28.128
2874,28.0381
2875,28.0869
2876,28.1049
2877,28.0923
2878,28.1751
2879,28.0812
2880,28.1831
2881,28.0983
2882,28.0451
2883,28.0696
2884,28.0643
2885,28.0265
2886,27.9851
2887,27.9713
2888,28.07
2889,28.0927
2890,28.1524
2891,28.1073
2892,28.1955
2893,28.101
2894,28.1237
2895,28.043
2896,28.1276
2897,28.1313
2898,28.1012
2899,28.046
2900,28.1254
2901,28.1113
2902,28.0007
2903,28.1372
2904,28.1071
2905,28.0656
2906,28.0806
2907,28.1019
2908,28.0678
2909,28.0898
2910,28.1478
2911,28.0042
2912,28.0492
2913,27.9382
2914,27.9804
2915,28.0707
2916,28.1012
2917,28.0725
2918,27.9978
2919,28.0567
2920,28.0316
2921,28.0872
2922,28.0353
2923,28.1017
2924,27.9509
2925,28.0522
2926,28.081
2927,28.0645
2928,28.0899
2929,28.1469
2930,28.113
2931,28.216
2932,28.1434
2933,28.1254
2934,28.1132
2935,28.1575
2936,28.0841
2937,28.1344
2938,28.1832
2939,28.1093
2940,28.1089
2941,28.1823
2942,28.0802
2943,27.9887
2944,27.9939
2945,28.0543
2946,28.1016
2947,28.1081
2948,28.1224
2949,28.1559
2950,28.2653
2951,28.2005
2952,28.1822
2953,28.1425
2954,28.132
2955,28.0794
2956,27.9321
2957,28.0703
2958,28.0641
2959,28.0469
2960,28.1166
2961,28.024
2962,27.9837
2963,27.993
2964,28.0403
2965,28.0549
2966,28.0583
2967,28.1001
2968,27.9811
2969,27.9994
2970,27.978
2971,28.0005
2972,27.9717
2973,28.0009
2974,28.0218
2975,27.9641
2976,27.9468
2977,27.9548
2978,27.8747
2979,27.9064
2980,27.9806
2981,28.0391
2982,27.9469
2983,28.0462
2984,27.9573
2985,27.9868
2986,27.911
2987,27.9689
2988,28.0294
2989,28.1959
2990,28.0728
2991,28.0009
2992,28.0868
2993,28.1081
2994,28.0144
2995,27.9579
2996,27.9186
2997,27.9601
2998,27.9598
2999,27.9106
3000,27.9283
3001,27.9738
3002,28.052
3003,28.0503
3004,28.0935
3005,28.07
3006,28.0253
3007,28.0806
3008,28.0222
3009,28.0651
3010,28.017
3011,28.0714
3012,28.0196
3013,27.9606
3014,27.967
3015,28.0117
3016,28.033
3017,28.043
3018,27.9403
3019,28.0033
3020,27.9711
3021,27.9933
3022,27.977
3023,28.0244
3024,28.0581
3025,27.945
3026,27.9236
3027,28.0623
3028,27.975
3029,27.9806
3030,27.9885
3031,27.9281
3032,27.9898
3033,27.9543
3034,27.9778
3035,27.9675
3036,27.896
3037,27.9503
3038,27.9824
3039,27.9696
3040,27.9468
3041,27.9847
3042,28.0061
3043,27.9608
3044,28.0168
3045,28.0574
3046,27.9994
3047,27.9772
3048,28.0036
3049,28.031
3050,28.0758
3051,27.9921
3052,28.0503
3053,28.0685
3054,28.0319
3055,28.0512
3056,28.0086
3057,27.9465
3058,27.9724
3059,27.9156
3060,27.854
3061,27.9265
3062,27.9276
3063,27.9455
3064,28.0143
3065,28.0852
3066,28.1634
3067,28.1951
3068,28.1117
3069,28.0614
3070,28.0815
3071,28.0395
3072,28.1
3073,27.89
3074,27.9247
3075,27.943
3076,28.137
3077,27.9129
3078,28.0268
3079,27.9843
3080,28.13
3081,28.0649
3082,28.1064
3083,28.1843
3084,28.1192
3085,28.1591
3086,28.06
3087,28.032
3088,27.9531
3089,28.0758
3090,28.0632
3091,28.0779
3092,27.9274
3093,27.9552
3094,28.0543
3095,28.0977
3096,28.1151
3097,28.0857
3098,28.1018
3099,28.0738
3100,28.0634
3101,28.0333
3102,28.0232
3103,27.9742
3104,27.9976
3105,28.0544
3106,28.0192
3107,27.9403
3108,27.9396
3109,27.9382
3110,27.9719
3111,27.9667
3112,27.9841
3113,27.8897
3114,27.9939
3115,27.9861
3116,27.9968
3117,28.0316
3118,28.0513
3119,28.0433
3120,28.0479
3121,28.1183
3122,28.0428
3123,28.0581
3124,28.1195
3125,27.9789
3126,27.9709
3127,27.9719
3128,28.0724
3129,28.0363
3130,28.1043
3131,28.1859
3132,28.1086
3133,28.0486
3134,28.0127
3135,28.0581
3136,28.0876
3137,28.0333
3138,28.045
3139,28.0323
3140,28.059
3141,28.1247
3142,28.0118
3143,28.0398
3144,28.0108
3145,28.0194
3146,28.0637
3147,28.0396
3148,28.0818
3149,28.0043
3150,28.136
3151,28.0176
3152,28.0369
3153,28.1866
3154,28.2019
3155,28.0226
3156,27.9907
3157,28.1197
3158,28.0137
3159,27.9449
3160,28.0258
3161,28.0201
3162,28.1286
3163,28.007
3164,28.045
3165,28.0068
3166,28.0577
3167,28.0508
3168,28.0495
3169,28.0027
3170,28.0011
3171,27.9994
3172,27.9745
3173,27.9478
3174,27.9611
3175,28.0778
3176,27.9878
3177,27.9376
3178,27.9102
3179,27.971
3180,28.0622
3181,27.9907
3182,27.8934
3183,28.0126
3184,28.1295
3185,27.9946
3186,27.9719
3187,27.9046
3188,27.9636
3189,28.024
3190,28.0243
3191,28.0433
3192,27.9451
3193,27.9238
3194,27.9868
3195,28.0164
3196,28.0896
3197,27.9403
3198,27.9245
3199,28.0183
3200,27.9373
3201,27.9837
3202,27.8808
3203,27.9435
3204,28.0299
3205,27.8883
3206,27.878
3207,27.9036
3208,27.9171
3209,27.9049
3210,27.977
3211,27.9798
3212,27.8217
3213,27.8862
3214,27.9983
3215,27.948
3216,28.032
3217,28.0991
3218,28.1047
3219,27.8796
3220,28.0362
3221,27.9552
3222,28.0377
3223,27.886
3224,27.8535
3225,27.9163
3226,27.9137
3227,27.961
3228,27.9803
3229,27.9893
3230,27.9291
3231,28.0046
3232,28.0463
3233,28.0775
3234,28.1484
3235,27.9353
3236,28.1323
3237,28.0965
3238,28.1203
3239,28.0357
3240,28.042
3241,28.0882
3242,28.1023
3243,28.2238
3244,28.0875
3245,28.0404
3246,28.1292
3247,28.1328
3248,27.9709
3249,27.989
3250,27.9793
3251,28.0499
3252,28.0398
3253,28.2033
3254,28.1346
3255,28.1379
3256,28.1424
3257,28.0913
3258,28.0346
3259,28.2406
3260,28.0593
3261,28.1897
3262,28.0738
3263,28.0782
3264,28.072
3265,28.1474
3266,28.1304
3267,28.1241
3268,28.1611
3269,28.1114
3270,28.146
3271,28.2282
3272,28.2018
3273,28.1336
3274,28.1462
3275,28.132
3276,28.1386
3277,28.1285
3278,28.1394
3279,28.145
3280,28.2195
3281,28.2576
3282,28.0909
3283,28.1068
3284,27.9561
3285,27.9873
3286,28.0981
3287,27.9948
3288,28.0509
3289,28.0144
3290,28.1118
3291,28.1157
3292,28.1009
3293,28.1592
3294,28.0894
3295,28.0555
3296,28.0176
3297,28.0147
3298,27.9933
3299,28.0363
3300,28.0795
3301,28.0961
3302,28.1319
3303,28.1205
3304,28.207
3305,28.2261
3306,28.0918
3307,28.1061
3308,28.0972
3309,28.1529
3310,28.135
3311,28.0874
3312,28.129
3313,28.2147
3314,28.1078
3315,28.0454
3316,28.0652
3317,28.1078
3318,28.1121
3319,28.0257
3320,28.0049
3321,28.059
3322,27.9372
3323,28.1135
3324,28.0401
3325,27.8785
3326,27.9542
3327,28.022
3328,28.0393
3329,28.0531
3330,28.0302
3331,28.0409
3332,28.1409
3333,28.0735
3334,27.9545
3335,28.0776
3336,28.1782
3337,28.1175
3338,28.0814
3339,28.0669
3340,28.1579
3341,27.9438
3342,28.0447
3343,27.9843
3344,28.0058
3345,27.9479
3346,27.9954
3347,28.0167
3348,28.0921
3349,28.0356
3350,28.0359
3351,28.1722
3352,28.1899
3353,28.1026
3354,28.0888
3355,28.1395
3356,28.0198
3357,28.0572
3358,27.9396
3359,28.0849
3360,28.0271
3361,27.9588
3362,28.0892
3363,28.0018
3364,28.0229
3365,28.0552
3366,28.0767
3367,28.1643
3368,28.1488
3369,28.1679
3370,28.0696
3371,28.1837
3372,28.0809
3373,28.1256
3374,28.1624
3375,28.1892
3376,28.0931
3377,28.0843
3378,28.0762
3379,28.0306
3380,27.989
3381,28.0111
3382,27.9919
3383,28.0079
3384,28.0294
3385,27.9918
3386,28.095
3387,28.0289
3388,27.9946
3389,28.0388
3390,28.0113
3391,28.076
3392,28.1288
3393,28.0892
3394,28.008
3395,27.9723
3396,28.0274
3397,28.0702
3398,28.0195
3399,27.9801
3400,27.9746
3401,27.9843
3402,28.0478
3403,28.1018
3404,28.0497
3405,28.0926
3406,28.0755
3407,28.0933
3408,28.0795
3409,28.0591
3410,28.0482
3411,28.1013
3412,28.174
3413,27.9845
3414,28.069
3415,28.1114
3416,28.1601
3417,28.0767
3418,28.1003
3419,28.1657
3420,28.1474
3421,28.2072
3422,28.2256
3423,28.2661
3424,28.2392
3425,28.0525
3426,28.0634
3427,28.0471
3428,28.2122
3429,28.1466
3430,28.2049
3431,28.1005
3432,28.0576
3433,28.1141
3434,28.0605
3435,28.0917
3436,28.0575
3437,28.154
3438,28.2167
3439,28.1668
3440,28.1003
3441,28.094
3442,28.1395
3443,28.1311
3444,28.1613
3445,28.1062
3446,28.0552
3447,28.1728
3448,28.1408
3449,28.0719
3450,28.1033
3451,28.1259
3452,28.1
3453,28.2073
3454,28.1407
3455,28.1979
3456,28.1
3457,28.1158
3458,28.1951
3459,28.0315
3460,28.0763
3461,28.066
3462,28.0423
3463,27.9044
3464,28.0871
3465,28.085
3466,28.0679
3467,28.093
3468,28.1282
3469,28.0999
3470,28.0702
3471,28.1715
3472,28.103
3473,28.0908
3474,28.1404
3475,28.053
3476,28.0021
3477,28.0989
3478,27.9564
3479,28.074
3480,28.045
3481,28.1769
3482,28.0605
3483,28.0145
3484,27.9967
3485,28.1302
3486,28.0661
3487,27.9769
3488,28.0924
3489,28.0162
3490,28.0244
3491,28.1201
3492,28.0395
3493,28.1298
3494,28.1895
3495,28.1858
3496,28.1587
3497,28.1301
3498,28.1594
3499,28.1478
3500,28.0726
3501,28.0402
3502,28.0196
3503,28.0687
3504,28.0601
3505,28.107
3506,28.0701
3507,28.1331
3508,28.1162
3509,28.1279
3510,28.0318
3511,28.1804
3512,27.9916
3513,28.0473
3514,28.0498
3515,28.0762
3516,28.0967
3517,28.0611
3518,28.0289
3519,28.0464
3520,28.0908
3521,28.0599
3522,28.1171
3523,28.1186
3524,28.0408
3525,28.0359
3526,28.1849
3527,28.2164
3528,28.2116
3529,28.1286
3530,28.2072
3531,28.2026
3532,28.1698
3533,28.1528
3534,28.1963
3535,28.0653
3536,28.1459
3537,28.0938
3538,28.1633
3539,28.1495
3540,28.0897
3541,28.1079
3542,28.0979
3543,28.1506
3544,28.182
3545,28.1742
3546,28.1566
3547,28.2557
3548,28.286
3549,28.1239
3550,28.2422
3551,28.2492
3552,28.2431
3553,28.2194
3554,28.1749
3555,28.1149
3556,28.1425
3557,28.1878
3558,28.2032
3559,28.1737
3560,28.216
3561,28.2397
3562,28.2571
3563,28.2137
3564,28.1668
3565,28.0986
3566,28.2024
3567,28.1902
3568,28.1454
3569,28.1176
3570,28.255
3571,28.0955
3572,28.235
3573,28.1873
3574,28.1897
3575,28.2279
3576,28.3129
3577,28.3506
3578,28.2524
3579,28.18
3580,28.2501
3581,28.1568
3582,28.232
3583,28.2961
3584,28.2384
3585,28.2178
3586,28.1655
3587,28.1839
3588,28.167
3589,28.2178
3590,28.2209
3591,28.2939
3592,28.2723
3593,28.2627
3594,28.2274
3595,28.2691
3596,28.2674
3597,28.2275
3598,28.3103
3599,28.1883
3600,28.2582
3601,28.2088
3602,28.0929
3603,28.2655
3604,28.3342
3605,28.2915
3606,28.245
3607,28.289
3608,28.2778
3609,28.2473
3610,28.2984
3611,28.2976
3612,28.2796
3613,28.2506
3614,28.209
3615,28.2374
3616,28.135
3617,28.1694
3618,28.1845
3619,28.2409
3620,28.16
3621,28.2076
3622,28.1883
3623,28.1818
3624,28.2013
3625,28.1372
3626,28.1636
3627,28.2545
3628,28.2119
3629,28.1762
3630,28.2102
3631,28.13
3632,28.1408
3633,28.2211
3634,28.2503
3635,28.3148
3636,28.27
3637,28.1062
3638,28.2064
3639,28.1918
3640,28.0406
3641,28.1144
3642,28.086
3643,28.0946
3644,28.0115
3645,28.0138
3646,27.9096
3647,28.0127
3648,28.1683
3649,28.1362
3650,28.1175
3651,28.062
3652,28.124
3653,28.1874
3654,28.1347
3655,28.1599
3656,28.1287
3657,28.094
3658,28.1117
3659,28.2465
3660,28.088
3661,28.2049
3662,28.1837
3663,28.1209
3664,28.0916
3665,28.0832
3666,27.9721
3667,27.9586
3668,28.0486
3669,28.0804
3670,28.071
3671,27.9834
3672,28.0315
3673,27.9279
3674,28.0444
3675,28.033
3676,28.0557
3677,28.0412
3678,28.0596
3679,27.9866
3680,27.9944
3681,28.0707
3682,28.1384
3683,28.0348
3684,28.0117
3685,27.8716
3686,27.9355
3687,27.9602
3688,28.0153
3689,28.0153
3690,27.9715
3691,27.9592
3692,27.8727
3693,27.9244
3694,27.959
3695,27.9941
3696,28.0431
3697,28.014
3698,27.9359
3699,27.8581
3700,27.9036
3701,27.9013
3702,27.856
3703,27.9586
3704,27.928
3705,28.0345
3706,28.0544
3707,28.0537
3708,28.0519
3709,27.9624
3710,27.9975
3711,27.9885
3712,27.9776
3713,28.0854
3714,28.0235
3715,27.9155
3716,28.0648
3717,28.021
3718,28.1462
3719,28.1104
3720,28.0693
3721,28.0766
3722,28.0365
3723,28.0394
3724,27.9236
3725,27.9748
3726,27.9953
3727,27.9632
3728,27.9293
3729,28.0107
3730,27.9552
3731,27.965
3732,28.016
3733,27.9683
3734,27.8665
3735,27.8478
3736,27.8924
3737,28.0527
3738,28.0338
3739,28.0248
3740,28.0641
3741,28.0575
3742,28.0538
3743,28.0833
3744,28.0935
3745,28.0658
3746,28.0423
3747,28.107
3748,28.027
3749,27.952
3750,27.9988
3751,27.9639
3752,27.9989
3753,27.9839
3754,27.9712
3755,27.9939
3756,28.0315
3757,27.9034
3758,27.9383
3759,27.9917
3760,28.0066
3761,28.107
3762,28.1736
3763,28.1063
3764,28.2135
3765,28.0655
3766,28.0371
3767,28.0748
3768,28.1071
3769,28.0052
3770,28.0406
3771,28.0323
3772,27.9487
3773,27.9858
3774,28.0144
3775,27.9793
3776,27.9895
3777,27.9246
3778,28.0492
3779,28.0003
3780,28.0454
3781,28.044
3782,28.0877
3783,28.009
3784,27.9786
3785,27.9516
3786,28.0286
3787,27.9138
3788,28.1162
3789,28.1248
3790,28.0479
3791,28.1251
3792,28.0397
3793,28.1192
3794,28.1174
3795,28.1107
3796,28.1619
3797,28.131
3798,28.0624
3799,28.013
3800,27.9912
3801,28.0053
3802,27.9732
3803,28.0441
3804,28.079
3805,27.99
3806,28.0062
3807,28.1158
3808,28.0768
3809,27.9453
3810,28.0963
3811,28.1168
3812,27.9503
3813,27.8937
3814,27.9306
3815,27.9751
3816,27.9589
3817,27.9744
3818,27.9665
3819,28.0267
3820,28.0556
3821,28.0489
3822,27.9872
3823,28.0755
3824,28.0934
3825,28.1402
3826,28.0161
3827,28.0018
3828,27.9224
3829,28.0872
3830,27.9914
3831,28.0474
3832,27.9914
3833,27.9839
3834,28.0622
3835,27.9972
3836,28.0332
3837,28.1155
3838,27.9977
3839,28.1189
3840,28.1247
3841,28.1336
3842,28.111
3843,28.0916
3844,28.2094
3845,28.2128
3846,28.1176
3847,28.1675
3848,28.1148
3849,28.0304
3850,27.9624
3851,27.9696
3852,27.9692
3853,28.0013
3854,27.9169
3855,27.9209
3856,27.9599
3857,27.921
3858,27.9467
3859,27.9919
3860,27.8788
3861,27.9974
3862,28.0037
3863,28.0806
3864,27.9653
3865,28.0126
3866,28.0721
3867,28.063
3868,28.0547
3869,28.092
3870,28.1895
3871,28.0901
3872,28.0824
3873,28.1396
3874,28.0598
3875,28.0099
3876,28.0711
3877,28.0824
3878,28.1409
3879,28.0871
3880,28.0799
3881,28.2025
3882,28.1055
3883,28.0086
3884,28.0776
3885,28.0228
3886,28.0009
3887,28.0508
3888,28.0224
3889,28.0734
3890,28.0249
3891,28.0586
3892,28.1266
3893,28.0891
3894,28.081
3895,28.0754
3896,28.1018
3897,27.9996
3898,28.0612
3899,27.9997
3900,28.0606
3901,28.1203
3902,28.1609
3903,28.11
3904,27.9983
3905,28.0526
3906,28.0805
3907,28.0385
3908,28.0029
3909,27.9476
3910,28.0973
3911,28.0479
3912,28.0366
3913,28.1437
3914,28.1368
3915,28.1017
3916,28.0528
3917,28.0462
3918,28.0012
3919,28.0522
3920,28.0605
3921,27.9774
3922,27.997
3923,27.957
3924,28.0275
3925,28.0519
3926,28.1298
3927,28.2043
3928,28.1999
3929,28.1089
3930,28.1422
3931,28.0753
3932,28.0983
3933,28.0486
3934,28.1271
3935,28.1559
3936,28.113
3937,28.1434
3938,28.0738
3939,28.1061
3940,28.0905
3941,28.123
3942,28.1486
3943,28.1417
3944,28.0833
3945,28.0616
3946,28.151
3947,28.0194
3948,28.0052
3949,28.0584
3950,28.1248
3951,28.1173
3952,28.0813
3953,27.9858
3954,27.8887
3955,28.0182
3956,28.0296
3957,27.969
3958,27.9654
3959,28.0154
3960,28.0169
3961,27.9974
3962,28.0648
3963,28.1052
3964,28.161
3965,28.1719
3966,28.1352
3967,28.1675
3968,28.1832
3969,28.0717
3970,28.1767
3971,28.1399
3972,28.1219
3973,28.1816
3974,28.0884
3975,28.0935
3976,27.9621
3977,28.026
3978,28.0979
3979,27.962
3980,27.904
3981,27.9268
3982,27.9661
3983,28.0314
3984,28.0405
3985,28.1053
3986,28.0515
3987,28.1493
3988,28.0217
3989,28.0543
3990,27.9768
3991,28.073
3992,28.1303
3993,28.2416
3994,28.1774
3995,28.1605
3996,28.1036
3997,28.0357
3998,28.1198
3999,28.2158
4000,28.15
4001,28.1151
4002,28.0297
4003,28.0706
4004,28.0876
4005,28.0758
4006,27.9713
4007,28.0145
4008,28.0846
4009,28.0713
4010,28.0547
4011,28.0535
4012,28.0801
4013,28.033
4014,27.975
4015,28.0153
4016,28.145
4017,28.1121
4018,28.0025
4019,28.0357
4020,28.0409
4021,27.9892
4022,27.9947
4023,27.9443
4024,27.9139
4025,27.8175
4026,27.8437
4027,27.8988
4028,27.9423
4029,27.9115
4030,27.8773
4031,27.8377
4032,27.9967
4033,27.933
4034,27.9422
4035,27.9172
4036,28.0122
4037,27.9688
4038,27.9232
4039,27.907
4040,27.9911
4041,28.0269
4042,27.9832
4043,27.9518
4044,27.9356
4045,27.9324
4046,27.8591
4047,27.822
4048,27.8775
4049,27.8936
4050,27.9297
4051,27.9637
4052,27.8805
4053,27.9154
4054,27.8981
4055,27.9718
4056,28.0196
4057,27.9192
4058,27.8634
4059,27.9158
4060,27.938
4061,27.8379
4062,27.7803
4063,27.7962
4064,27.8318
4065,27.8337
4066,27.833
4067,27.9288
4068,27.8672
4069,27.8622
4070,27.8783
4071,27.9426
4072,27.9625
4073,28.0837
4074,28.0048
4075,28.0036
4076,27.9199
4077,27.9065
4078,27.8525
4079,27.9556
4080,27.9376
4081,27.9457
4082,27.9116
4083,27.8203
4084,27.786
4085,27.8425
4086,27.8566
4087,27.8596
4088,28.0025
4089,27.9314
4090,27.9887
4091,27.9398
4092,27.9141
4093,28.0056
4094,27.9108
4095,27.921
4096,27.9258
4097,27.9786
4098,27.8917
4099,27.9323
4100,27.9614
4101,27.9031
4102,27.8872
4103,27.951
4104,28.0056
4105,27.9357
4106,27.9473
4107,27.8918
4108,27.9304
4109,27.8828
4110,27.7536
4111,27.827
4112,27.8036
4113,27.9809
4114,27.9866
4115,27.9664
4116,27.8647
4117,27.9432
4118,27.9319
4119,28.0248
4120,27.9197
4121,27.9686
4122,27.9534
4123,27.9635
4124,27.948
4125,27.9094
4126,27.982
4127,28.0235
4128,28.0612
4129,28.0263
4130,27.9848
4131,27.9163
4132,28.0421
4133,28.038
4134,27.9276
4135,27.9501
4136,28.0942
4137,28.029
4138,28.0925
4139,28.0814
4140,28.0614
4141,28.0228
4142,27.9861
4143,28.0271
4144,28.0017
4145,27.8557
4146,27.9241
4147,27.9522
4148,27.9019
4149,27.8511
4150,28.009
4151,27.898
4152,27.7906
4153,27.9072
4154,27.9243
4155,27.9162
4156,28.0129
4157,27.865
4158,27.8434
4159,27.8766
4160,27.7937
4161,27.8873
4162,27.9192
4163,27.9592
4164,27.8698
4165,27.9333
4166,27.9627
4167,27.881
4168,28.0102
4169,27.9276
4170,27.8882
4171,27.9507
4172,27.9731
4173,27.9786
4174,27.8783
4175,27.915
4176,27.7897
4177,27.8767
4178,27.9028
4179,27.8849
4180,27.8852
4181,27.8319
4182,27.8188
4183,27.819
4184,27.7701
4185,27.8237
4186,27.7535
4187,27.7147
4188,27.7767
4189,27.8683
4190,27.7828
4191,27.7975
4192,27.8065
4193,27.8325
4194,27.7894
4195,27.8316
4196,27.7508
4197,27.8711
4198,27.8368
4199,27.7797
4200,27.9078
4201,27.9859
4202,27.8592
4203,27.9091
4204,27.9026
4205,27.8256
4206,27.8787
4207,27.7935
4208,27.7804
4209,27.864
4210,27.9191
4211,27.9433
4212,28.0051
4213,27.9243
4214,27.7988
4215,27.9222
4216,27.9413
4217,27.932
4218,27.9577
4219,27.968
4220,27.9223
4221,27.942
4222,27.849
4223,27.879
4224,27.8727
4225,27.9146
4226,27.8125
4227,27.7346
4228,27.8181
4229,27.8082
4230,27.7813
4231,27.7638
4232,27.8172
4233,27.9184
4234,27.9374
4235,27.9224
4236,27.9578
4237,27.9074
4238,27.8905
4239,27.8747
4240,27.8314
4241,27.9504
4242,27.9919
4243,27.9124
4244,27.8877
4245,27.8358
4246,27.9581
4247,27.8557
4248,27.8775
4249,27.8217
4250,27.8358
4251,27.8947
4252,27.8587
4253,27.7539
4254,27.7729
4255,27.6836
4256,27.7575
4257,27.7383
4258,27.8371
4259,27.8475
4260,27.9557
4261,27.9415
4262,27.8678
4263,27.8815
4264,27.9333
4265,27.9004
4266,27.8705
4267,27.9439
4268,27.8858
4269,27.9153
4270,27.8778
4271,27.9621
4272,27.8983
4273,27.9105
4274,27.9288
4275,27.9677
4276,27.9028
4277,27.9192
4278,27.9365
4279,28.0108
4280,27.9712
4281,27.979
4282,27.9957
4283,27.9282
4284,27.9598
4285,27.9077
4286,27.9826
4287,28.0129
4288,28.0253
4289,28.0098
4290,27.9897
4291,27.8986
4292,27.9481
4293,27.9514
4294,28.0413
4295,27.9401
4296,27.8811
4297,27.8608
4298,27.8435
4299,27.9451
4300,27.8792
4301,27.9495
4302,27.8891
4303,27.9359
4304,27.8181
4305,27.8385
4306,27.8324
4307,27.806
4308,27.8519
4309,27.8526
4310,27.9316
4311,27.8862
4312,27.8781
4313,27.9055
4314,27.9015
4315,27.8677
4316,27.8647
4317,27.9954
4318,27.9457
4319,27.9534
4320,27.913
4321,27.9039
4322,27.8984
4323,28.0079
4324,27.9084
4325,27.84
4326,27.8144
4327,27.7594
4328,27.917
4329,27.8896
4330,27.8624
4331,27.8162
4332,27.7947
4333,27.8844
4334,27.8321
4335,27.7768
4336,27.8125
4337,27.8181
4338,27.8467
4339,27.8947
4340,27.9085
4341,27.9046
4342,27.8508
4343,27.8648
4344,27.8217
4345,27.9558
4346,27.8052
4347,27.8824
4348,27.8336
4349,27.8421
4350,27.8784
4351,27.7594
4352,27.8282
4353,27.8344
4354,27.856
4355,27.9365
4356,27.9368
4357,27.9082
4358,27.9438
4359,27.9404
4360,27.9191
4361,27.9488
4362,28.0348
4363,27.9635
4364,27.9877
4365,27.8878
4366,27.906
4367,27.8636
4368,27.925
4369,27.9493
4370,27.9444
4371,27.8757
4372,27.9443
4373,27.8957
4374,27.8737
4375,27.923
4376,27.9298
4377,27.9583
4378,27.9778
4379,27.929
4380,27.9921
4381,28.0299
4382,28.075
4383,28.0398
4384,27.9117
4385,27.9462
4386,28.0364
4387,27.9739
4388,27.9799
4389,27.9917
4390,27.9364
4391,27.8923
4392,27.8383
4393,27.8812
4394,27.9456
4395,27.9606
4396,27.9798
4397,27.8863
4398,27.9121
4399,27.9826
4400,28.0579
4401,28.0824
4402,28.0951
4403,28.1703
4404,28.1175
4405,28.0536
4406,28.0361
4407,28.0074
4408,27.9945
4409,28.0429
4410,28.0516
4411,28.0295
4412,27.9637
4413,28.0027
4414,27.959
4415,27.9805
4416,27.965
4417,27.8543
4418,27.9438
4419,27.8412
4420,27.8604
4421,27.9063
4422,27.927
4423,27.8922
4424,27.9431
4425,27.8676
4426,27.9238
4427,28.0185
4428,27.9812
4429,27.9403
4430,27.874
4431,27.8577
4432,27.8815
4433,27.9471
4434,27.9282
4435,27.9026
4436,27.9074
4437,27.9679
4438,27.8965
4439,27.9449
4440,27.9434
4441,27.8987
4442,27.91
4443,27.9903
4444,27.873
4445,27.8699
4446,27.8753
4447,27.9485
4448,27.8117
4449,27.8978
4450,27.8246
4451,27.8863
4452,27.7624
4453,27.8077
4454,27.7799
4455,27.8563
4456,27.8866
4457,27.8065
4458,27.8023
4459,27.7949
4460,27.7854
4461,27.9437
4462,27.7674
4463,27.8195
4464,27.9477
4465,27.9012
4466,27.9139
4467,27.8496
4468,27.8964
4469,27.9014
4470,27.9664
4471,27.8645
4472,27.8101
4473,27.9298
4474,27.9183
4475,27.8107
4476,27.861
4477,27.8832
4478,27.8069
4479,27.9389
4480,27.9187
4481,27.9701
4482,27.9098
4483,27.9275
4484,27.9631
4485,27.8506
4486,27.7993
4487,27.7854
4488,27.8723
4489,27.9023
4490,27.9864
4491,27.8505
4492,27.9174
4493,27.8676
4494,27.993
4495,27.9557
4496,27.9929
4497,27.9298
4498,27.9302
4499,28.0268
4500,27.9039
4501,27.8751
4502,27.8893
4503,27.8523
4504,27.7831
4505,27.93
4506,28.0177
4507,27.8855
4508,28.0112
4509,27.8876
4510,27.8936
4511,27.8724
4512,27.8456
4513,27.863
4514,27.9977
4515,28.0201
4516,27.9947
4517,27.9669
4518,27.9774
4519,28.0841
4520,28.1095
4521,27.9877
4522,28.1071
4523,28.0137
4524,27.9429
4525,27.9845
4526,27.9336
4527,27.9919
4528,27.8933
4529,27.9388
4530,28.0177
4531,27.987
4532,27.9645
4533,27.9496
4534,27.9388
4535,28.0115
4536,27.8754
4537,28.0189
4538,28.038
4539,28.0188
4540,28
4541,27.9139
4542,27.9995
4543,27.9943
4544,27.8983
4545,27.9919
4546,28.0354
4547,27.9305
4548,27.918
4549,27.9369
4550,28.0142
4551,27.8671
4552,27.9711
4553,27.9405
4554,27.9308
4555,27.8829
4556,27.8328
4557,27.8278
4558,27.7718
4559,27.9502
4560,28.0297
4561,27.9328
4562,27.8501
4563,27.8865
4564,27.8864
4565,27.9025
4566,27.8509
4567,27.9251
4568,27.9327
4569,27.9441
4570,28.0384
4571,27.9762
4572,27.8981
4573,27.9012
4574,28.0036
4575,27.8851
4576,27.8798
4577,27.849
4578,27.9949
4579,27.8748
4580,27.9066
4581,27.9404
4582,27.931
4583,27.9497
4584,27.9117
4585,27.8297
4586,27.9225
4587,27.9657
4588,27.8967
4589,27.9674
4590,27.8951
4591,27.965
4592,28.0463
4593,27.8894
4594,27.9811
4595,28.0721
4596,28.0101
4597,27.959
4598,27.999
4599,27.987
4600,27.8706
4601,27.9012
4602,27.9772
4603,27.9486
4604,27.9488
4605,27.9171
4606,27.9372
4607,27.9326
4608,27.8952
4609,27.9956
4610,27.8832
4611,27.9247
4612,27.9527
4613,27.9339
4614,27.984
4615,27.9412
4616,27.8464
4617,27.7513
4618,27.7712
4619,27.7411
4620,27.9253
4621,27.8897
4622,27.8506
4623,27.8754
4624,27.8931
4625,27.9186
4626,27.9043
4627,27.8863
4628,27.8591
4629,27.8389
4630,27.8873
4631,27.9143
4632,27.8805
4633,28.0013
4634,27.8769
4635,27.8617
4636,27.9472
4637,27.962
4638,28.0351
4639,27.9671
4640,27.9092
4641,27.9832
4642,28.0276
4643,27.985
4644,27.9439
4645,27.9222
4646,27.9559
4647,27.9781
4648,28.0473
4649,27.9234
4650,27.8929
4651,27.8198
4652,27.9193
4653,27.9242
4654,28.0251
4655,28.0033
4656,27.8993
4657,27.8298
4658,27.8649
4659,27.8464
4660,27.8644
4661,27.8513
4662,27.9168
4663,27.8724
4664,27.8313
4665,27.8159
4666,27.8591
4667,27.8985
4668,27.8627
4669,27.8227
4670,27.7215
4671,27.7625
4672,27.8356
4673,27.8064
4674,27.8025
4675,27.777
4676,27.791
4677,27.8608
4678,27.8538
4679,27.9307
4680,27.9509
4681,27.8874
4682,27.9416
4683,28.0266
4684,28.0244
4685,28.0029
4686,27.9771
4687,27.9386
4688,28.0006
4689,27.99
4690,27.9491
4691,27.876
4692,27.9024
4693,27.7975
4694,27.8619
4695,27.7924
4696,27.7645
4697,27.7848
4698,27.8878
4699,27.866
4700,27.9517
4701,27.869
4702,27.9161
4703,27.8422
4704,27.883
4705,27.8941
4706,27.8856
4707,27.9446
4708,27.8963
4709,27.8643
4710,27.7657
4711,27.7489
4712,27.7774
4713,27.8121
4714,27.7676
4715,27.7933
4716,27.9129
4717,27.7934
4718,27.9162
4719,27.9031
4720,27.8513
4721,27.9324
4722,27.8893
4723,27.9352
4724,27.9066
4725,27.9378
4726,27.8793
4727,27.8637
4728,27.8842
4729,27.8502
4730,27.7875
4731,27.8202
4732,27.9726
4733,27.9166
4734,27.8779
4735,27.9873
4736,27.8351
4737,27.7768
4738,27.8996
4739,27.8402
4740,27.8812
4741,27.9997
4742,27.9042
4743,27.8936
4744,27.8585
4745,27.8525
4746,27.8794
4747,27.9483
4748,27.8769
4749,27.8772
4750,27.8795
4751,27.9112
4752,27.9576
4753,27.9581
4754,27.9201
4755,27.9544
4756,27.9396
4757,27.8676
4758,27.8351
4759,27.8452
4760,27.9021
4761,27.9966
4762,27.946
4763,27.9442
4764,27.8636
4765,27.8823
4766,27.9018
4767,27.9712
4768,27.9327
4769,27.8378
4770,27.7969
4771,27.7627
4772,27.745
4773,27.6558
4774,27.6976
4775,27.7989
4776,27.7346
4777,27.8632
4778,27.8374
4779,27.8886
4780,27.8629
4781,27.9001
4782,27.894
4783,27.8974
4784,27.9246
4785,27.9023
4786,27.8931
4787,27.819
4788,27.9439
4789,27.895
4790,27.9657
4791,27.8362
4792,27.8602
4793,27.7959
4794,27.8312
4795,27.7815
4796,27.8723
4797,27.8106
4798,27.8319
4799,27.8895
4800,27.9626
4801,28.0121
4802,28.0375
4803,28.0622
4804,28.0272
4805,27.9313
4806,27.9219
4807,27.904
4808,27.9045
4809,27.968
4810,27.9269
4811,27.9056
4812,27.8817
4813,27.9761
4814,27.904
4815,28.031
4816,27.9869
4817,28.0308
4818,27.9858
4819,27.946
4820,27.966
4821,27.9942
4822,27.9438
4823,27.9707
4824,27.9945
4825,28.0094
4826,27.9517
4827,27.9436
4828,28.0605
4829,28.1181
4830,28.0979
4831,27.974
4832,28.0678
4833,28.0467
4834,27.9227
4835,28.0939
4836,27.9551
4837,27.9114
4838,27.973
4839,28.0282
4840,28.0673
4841,27.9967
4842,27.9967
4843,27.9056
4844,27.8988
4845,27.9456
4846,27.9556
4847,27.9777
4848,27.9477
4849,27.8843
4850,27.9579
4851,27.8786
4852,27.9061
4853,27.8924
4854,27.8395
4855,27.8918
4856,27.8526
4857,27.9335
4858,27.9031
4859,27.8248
4860,27.8594
4861,27.8734
4862,27.8702
4863,27.9659
4864,27.8612
4865,28.0772
4866,27.9284
4867,27.9211
4868,27.8738
4869,27.8947
4870,27.808
4871,27.8428
4872,27.7648
4873,27.9043
4874,27.9147
4875,27.8945
4876,27.883
4877,27.9161
4878,27.8252
4879,27.8391
4880,27.8483
4881,27.8365
4882,27.8117
4883,27.8211
4884,27.8892
4885,27.9014
4886,27.8384
4887,27.8246
4888,27.8334
4889,27.8726
4890,27.774
4891,27.8368
4892,27.8825
4893,27.8565
4894,27.911
4895,27.7949
4896,27.8274
4897,27.9174
4898,27.8653
4899,27.8913
4900,27.9312
4901,27.925
4902,27.9299
4903,27.8944
4904,27.805
4905,27.8171
4906,27.8769
4907,27.8942
4908,27.9019
4909,27.9221
4910,27.9524
4911,27.8628
4912,27.8158
4913,27.7707
4914,27.8984
4915,27.846
4916,27.9243
4917,27.7658
4918,27.9059
4919,27.8413
4920,27.8788
4921,27.965
4922,27.8613
4923,27.7983
4924,27.7402
4925,27.8067
4926,27.8081
4927,27.9122
4928,27.7713
4929,27.8661
4930,27.832
4931,27.8346
4932,27.8653
4933,27.8852
4934,27.8565
4935,27.8931
4936,27.8151
4937,27.8259
4938,27.9299
4939,27.9072
4940,27.9289
4941,27.8797
4942,27.9028
4943,27.9863
4944,27.9155
4945,27.9424
4946,27.9003
4947,27.8791
4948,27.7947
4949,27.8048
4950,27.8689
4951,27.8123
4952,27.8633
4953,27.8339
4954,27.8895
4955,27.8472
4956,27.7618
4957,27.8714
4958,27.7627
4959,27.8644
4960,27.935
4961,27.8437
4962,27.8627
4963,27.911
4964,27.9473
4965,28.0155
4966,27.9068
4967,27.8992
4968,27.8572
4969,27.9692
4970,27.8815
4971,27.9416
4972,27.8123
4973,27.9215
4974,27.9748
4975,27.8894
4976,27.9282
4977,27.9833
4978,27.9018
4979,27.9668
4980,27.9509
4981,27.8577
4982,27.9304
4983,27.875
4984,27.9302
4985,27.927
4986,27.9066
4987,27.8331
4988,27.8268
4989,27.802
4990,27.8389
4991,27.9152
4992,27.7929
4993,27.8972
4994,27.7735
4995,27.7858
4996,27.7873
4997,27.8732
4998,27.8741
4999,27.9482
5000,28.0318
5001,27.9244
5002,27.9701
5003,27.9646
5004,27.8863
5005,27.8148
5006,27.9994
5007,27.895
5008,27.9547
5009,27.9515
5010,27.9359
5011,27.8819
5012,27.8971
5013,27.7441
5014,27.8671
5015,27.9514
5016,27.9268
5017,27.9119
5018,27.8811
5019,27.9415
5020,27.8386
5021,27.9103
5022,27.8221
5023,27.8247
5024,27.8161
5025,27.7952
5026,27.8801
5027,27.8617
5028,27.8346
5029,27.8741
5030,27.8907
5031,27.9036
5032,27.7785
5033,27.7768
5034,27.7348
5035,27.8402
5036,27.8116
5037,27.8595
5038,27.7786
5039,27.9177
5040,27.8425
5041,27.8426
5042,27.8513
5043,27.8672
5044,27.787
5045,27.8544
5046,27.9359
5047,27.9103
5048,27.9455
5049,27.9448
5050,27.9644
5051,27.955
5052,27.9449
5053,27.9938
5054,28.0368
5055,28.0601
5056,27.9524
5057,27.9555
5058,28.0024
5059,27.9842
5060,27.9172
5061,27.9514
5062,27.9037
5063,27.9243
5064,27.8959
5065,27.9626
5066,27.9593
5067,27.8851
5068,27.9433
5069,27.9601
5070,27.9379
5071,27.959
5072,27.9724
5073,27.9187
5074,27.9858
5075,27.8972
5076,27.9163
5077,28.0145
5078,28.0301
5079,27.8744
5080,27.9094
5081,27.9964
5082,28.0538
5083,27.962
5084,28.0198
5085,27.9375
5086,27.9969
5087,28.0438
5088,27.9918
5089,28.0117
5090,28.1033
5091,27.9135
5092,28.0404
5093,27.9541
5094,27.9595
5095,27.9167
5096,27.9044
5097,27.8593
5098,27.9288
5099,27.9872
5100,27.8995
5101,27.9768
5102,27.997
5103,27.9283
5104,27.89
5105,27.9734
5106,27.9341
5107,27.8102
5108,27.8647
5109,27.9276
5110,28.0425
5111,28.038
5112,27.9118
5113,27.8659
5114,27.7624
5115,27.867
5116,27.9077
5117,27.9079
5118,27.8421
5119,27.7595
5120,27.8091
5121,27.8635
5122,27.84
5123,27.7464
5124,27.8811
5125,27.8515
5126,27.7678
5127,27.9023
5128,27.8383
5129,27.7822
5130,27.783
5131,27.792
5132,27.8742
5133,27.7903
5134,27.9389
5135,27.7918
5136,27.7895
5137,27.7556
5138,27.8238
5139,27.9674
5140,27.9032
5141,27.8551
5142,27.815
5143,27.9103
5144,28.0037
5145,27.9502
5146,27.8897
5147,27.9417
5148,27.9191
5149,28.0022
5150,27.9618
5151,27.9048
5152,27.8529
5153,27.8885
5154,27.9
5155,28.0335
5156,28.0457
5157,27.9659
5158,27.9878
5159,27.8963
5160,27.9086
5161,27.8556
5162,27.9589
5163,27.9738
5164,27.915
5165,27.8963
5166,27.8309
5167,27.9211
5168,27.9335
5169,27.9848
5170,27.9679
5171,27.9638
5172,27.8949
5173,27.9698
5174,27.8038
5175,27.8966
5176,27.9576
5177,27.9308
5178,27.986
5179,27.855
5180,27.8176
5181,27.7955
5182,27.9424
5183,27.9251
5184,27.9315
5185,27.8633
5186,27.9089
5187,27.9227
5188,27.8787
5189,28.0378
5190,27.9303
5191,28.0147
5192,27.9621
5193,27.8934
5194,27.8851
5195,27.8772
5196,27.9548
5197,27.855
5198,27.8082
5199,27.8031
5200,27.8848
5201,27.9166
5202,27.8065
5203,27.8269
5204,27.828
5205,27.8438
5206,27.8723
5207,27.8741
5208,27.7934
5209,27.7382
5210,27.8288
5211,27.8158
5212,27.7762
5213,27.8666
5214,27.8845
5215,27.9011
5216,27.7737
5217,27.8618
5218,27.8871
5219,27.9351
5220,27.8782
5221,27.8334
5222,27.8984
5223,27.8367
5224,27.8576
5225,27.857
5226,27.8145
5227,27.8233
5228,27.8736
5229,27.8092
5230,27.9591
5231,28.0214
5232,28.0625
5233,28.0292
5234,27.9992
5235,27.9265
5236,28.0637
5237,28.0168
5238,27.9398
5239,27.9475
5240,27.9929
5241,28.0368
5242,27.9838
5243,27.9337
5244,27.9866
5245,27.8871
5246,27.8825
5247,27.7978
5248,27.8838
5249,27.8469
5250,27.8883
5251,28.0585
5252,27.949
5253,27.9088
5254,27.8425
5255,27.8293
5256,27.8058
5257,27.7703
5258,27.8256
5259,27.8128
5260,27.873
5261,27.9608
5262,27.9402
5263,28.0342
5264,27.9277
5265,27.951
5266,27.9949
5267,27.9917
5268,28.0304
5269,28.0426
5270,27.9238
5271,27.9275
5272,27.9468
5273,28.0024
5274,28.0086
5275,28.0612
5276,27.931
5277,28.0905
5278,28.0453
5279,27.9621
5280,27.9737
5281,27.9885
5282,27.9651
5283,27.9406
5284,27.9859
5285,27.8883
5286,27.8765
5287,27.9747
5288,27.9989
5289,27.9194
5290,27.9384
5291,27.9737
5292,27.9753
5293,27.9245
5294,27.9112
5295,27.9165
5296,28.0209
5297,28.0796
5298,28.1766
5299,28.1397
5300,28.1582
5301,28.1193
5302,28.1172
5303,28.1303
5304,28.2341
5305,28.134
5306,28.1349
5307,28.1633
5308,28.1229
5309,28.1041
5310,28.1368
5311,28.1595
5312,28.1997
5313,28.1585
5314,28.1494
5315,28.1253
5316,27.9841
5317,27.9677
5318,27.9488
5319,27.9676
5320,27.9633
5321,27.9871
5322,27.9821
5323,28.0379
5324,28.0993
5325,28.0308
5326,28.0964
5327,28.125
5328,28.1225
5329,28.0271
5330,27.9814
5331,27.9827
5332,27.9871
5333,27.9879
5334,28.0755
5335,27.962
5336,28.097
5337,28.0384
5338,28.1586
5339,28.0959
5340,28.1279
5341,28.1716
5342,28.2093
5343,28.153
5344,28.1408
5345,28.2238
5346,28.2
5347,28.198
5348,28.1698
5349,28.1256
5350,28.1904
5351,28.153
5352,28.2437
5353,28.2821
5354,28.1951
5355,28.0831
5356,28.2457
5357,28.1821
5358,28.3052
5359,28.202
5360,28.2569
5361,28.1005
5362,28.1987
5363,28.1698
5364,28.1659
5365,28.1885
5366,28.235
5367,28.1447
5368,28.1291
5369,28.2983
5370,28.139
5371,28.2972
5372,28.1571
5373,28.1192
5374,28.1198
5375,28.1444
5376,28.1297
5377,28.2096
5378,28.1193
5379,28.1617
5380,28.1358
5381,28.0764
5382,28.0331
5383,28.0906
5384,28.0374
5385,28.0349
5386,27.9964
5387,28.0347
5388,28.0789
5389,28.0061
5390,28.1229
5391,28.072
5392,28.0996
5393,28.1687
5394,28.2303
5395,28.1979
5396,28.141
5397,28.1524
5398,28.1959
5399,28.0829
5400,28.1311
5401,28.0523
5402,28.0028
5403,28.129
5404,28.0572
5405,28.0926
5406,28.1113
5407,27.9864
5408,28.0114
5409,27.9875
5410,28.0093
5411,28.0005
5412,28.0063
5413,28.0603
5414,28.029
5415,28.0785
5416,28
5417,28.0774
5418,27.9724
5419,28.0535
5420,28.0304
5421,28.0064
5422,28.0106
5423,27.939
5424,27.9352
5425,27.9582
5426,28.0212
5427,28.0398
5428,28.0729
5429,28.0188
5430,28.0507
5431,28.0692
5432,28.0659
5433,27.8889
5434,27.8997
5435,27.9204
5436,27.8897
5437,27.8672
5438,27.8715
5439,27.8646
5440,27.8818
5441,27.8787
5442,27.8929
5443,28.1141
5444,28.0004
5445,27.9905
5446,28.1028
5447,28.0796
5448,28.1438
5449,28.048
5450,28.079
5451,28.0568
5452,27.9977
5453,28.0998
5454,28.0425
5455,28.0834
5456,28.0649
5457,28.0896
5458,28.1019
5459,28.148
5460,28.0887
5461,28.0491
5462,28.067
5463,28.032
5464,28.0432
5465,27.9717
5466,28.0566
5467,28.0103
5468,27.9902
5469,28.0692
5470,28.1121
5471,28.1377
5472,27.9823
5473,27.9841
5474,27.9983
5475,27.9715
5476,27.9558
5477,28.028
5478,28.0175
5479,28.0973
5480,27.9875
5481,27.9878
5482,28.0131
5483,28.0917
5484,28.0562
5485,28.1363
5486,28.112
5487,28.0789
5488,28.1078
5489,28.0684
5490,28.1243
5491,28.0743
5492,28.0964
5493,28.1244
5494,28.1821
5495,28.1147
5496,28.0148
5497,28.0947
5498,28.0396
5499,28.0804
5500,28.2034
5501,28.069
5502,28.0043
5503,28.0141
5504,28.0742
5505,28.0599
5506,28.0306
5507,28.0645
5508,28.0325
5509,28.0354
5510,28.0681
5511,28.1887
5512,28.1045
5513,28.1321
5514,28.1857
5515,28.1919
5516,28.0911
5517,28.1415
5518,28.1109
5519,28.1789
5520,28.1033
5521,28.1239
5522,27.9902
5523,27.9997
5524,27.9161
5525,28.0265
5526,28.0871
5527,27.9415
5528,27.951
5529,28.0129
5530,28.0332
5531,27.9846
5532,28.0212
5533,27.9525
5534,27.9999
5535,27.9572
5536,27.9747
5537,27.8841
5538,27.8964
5539,27.8527
5540,27.9014
5541,27.9371
5542,27.941
5543,28.0403
5544,27.9157
5545,27.9413
5546,27.8603
5547,27.9315
5548,27.9017
5549,27.8159
5550,27.9079
5551,27.8844
5552,27.7999
5553,27.8571
5554,28.0345
5555,27.9362
5556,27.9556
5557,27.9026
5558,27.9185
5559,27.8644
5560,27.9059
5561,27.9609
5562,27.8689
5563,27.8686
5564,27.8924
5565,27.8292
5566,27.869
5567,27.8661
5568,28.0304
5569,27.9256
5570,27.8929
5571,27.9147
5572,27.8493
5573,27.9066
5574,27.8372
5575,27.8872
5576,27.9737
5577,27.9557
5578,27.8894
5579,27.8795
5580,27.9375
5581,28.0024
5582,28.0194
5583,27.9247
5584,28.0115
5585,27.9932
5586,27.9767
5587,28.0034
5588,27.915
5589,27.9499
5590,27.8787
5591,27.8247
5592,27.866
5593,27.9462
5594,27.966
5595,27.8976
5596,28.0207
5597,27.9203
5598,27.9281
5599,27.9494
5600,27.8896
5601,27.9024
5602,27.7794
5603,27.8394
5604,27.9671
5605,28.0179
5606,27.9846
5607,27.9626
5608,27.9367
5609,28.0014
5610,28.0527
5611,28.1114
5612,28.1194
5613,28.0403
5614,27.8958
5615,27.9308
5616,27.9754
5617,28.0914
5618,27.9637
5619,27.8843
5620,27.9659
5621,28.0945
5622,27.9774
5623,27.9589
5624,28.0117
5625,28.1152
5626,28.0142
5627,27.9908
5628,28.0412
5629,28.1053
5630,28.0723
5631,28.0575
5632,28.113
5633,28.046
5634,28.0254
5635,28.0505
5636,28.044
5637,28.0493
5638,28.045
5639,27.9473
5640,27.9844
5641,28.038
5642,28.0138
5643,28.0427
5644,27.984
5645,27.9935
5646,27.9714
5647,28.0107
5648,28.0868
5649,28.0409
5650,28.0441
5651,28.0679
5652,28.1095
5653,28.1067
5654,28.0693
5655,28.066
5656,28.0267
5657,28.0112
5658,28.0914
5659,28.1136
5660,28.0588
5661,28.0606
5662,28.0286
5663,28.0578
5664,28.1497
5665,28.1046
5666,28.0965
5667,28.1306
5668,28.1831
5669,28.1526
5670,28.0845
5671,28.102
5672,28.221
5673,28.1983
5674,28.1884
5675,28.1524
5676,28.1087
5677,28.1867
5678,28.1297
5679,28.2393
5680,28.1366
5681,28.1924
5682,28.0977
5683,28.1634
5684,28.2094
5685,28.2214
5686,28.1924
5687,28.1498
5688,28.132
5689,28.0489
5690,28.037
5691,28.1554
5692,28.1405
5693,28.1276
5694,28.1011
5695,28.05
5696,28.1276
5697,28.0738
5698,28.1019
5699,28.1906
5700,28.1116
5701,28.0422
5702,27.9682
5703,27.9774
5704,28.0184
5705,27.9016
5706,27.9124
5707,28.0564
5708,27.9761
5709,28.1268
5710,28.0947
5711,28.0074
5712,28.0403
5713,28.0239
5714,27.9819
5715,28.0596
5716,28.0745
5717,28.076
5718,28.0367
5719,28.0816
5720,28.0716
5721,28.0483
5722,27.9189
5723,28.05
5724,27.9653
5725,27.9531
5726,27.9719
5727,27.96
5728,27.8702
5729,28.0118
5730,27.9878
5731,28.0272
5732,27.9837
5733,28.0277
5734,27.9927
5735,27.978
5736,28.0047
5737,28.0483
5738,28.0156
5739,28.0271
5740,28.0248
5741,28.0327
5742,27.9953
5743,28.0774
5744,27.9409
5745,27.9399
5746,27.9049
5747,28.0076
5748,27.9551
5749,28.0278
5750,28.0036
5751,28.0307
5752,28.1522
5753,28.096
5754,28.0464
5755,28.0891
5756,28.0943
5757,28.0512
5758,27.9822
5759,27.9923
5760,27.9862
5761,27.9952
5762,28.0436
5763,28.0006
5764,28.0415
5765,27.9879
5766,27.9184
5767,28.0033
5768,28.0389
5769,28.1768
5770,28.1648
5771,28.0976
5772,28.0878
5773,28.0439
5774,28.1005
5775,28.0891
5776,28.1284
5777,28.0987
5778,27.9281
5779,27.9988
5780,27.9969
5781,27.8729
5782,28.0354
5783,28.0267
5784,28.0321
5785,28.0009
5786,28.024
5787,27.9381
5788,27.9038
5789,27.9296
5790,27.9715
5791,28.0418
5792,27.8439
5793,27.9136
5794,27.973
5795,27.9205
5796,27.8708
5797,27.9097
5798,27.9197
5799,27.9815
5800,27.8846
5801,27.8679
5802,27.9766
5803,27.7861
5804,27.8632
5805,27.8434
5806,27.8847
5807,27.9502
5808,27.9324
5809,27.9185
5810,27.9245
5811,28.0392
5812,27.9383
5813,27.849
5814,27.8796
5815,27.9952
5816,27.8908
5817,28.0128
5818,27.9576
5819,27.9366
5820,27.9886
5821,27.9656
5822,27.9488
5823,27.9041
5824,27.9809
5825,28.0521
5826,27.981
5827,27.9433
5828,27.8791
5829,27.9402
5830,27.8755
5831,27.9189
5832,27.9347
5833,27.8911
5834,27.9126
5835,27.979
5836,27.8747
5837,27.9451
5838,27.9633
5839,27.9297
5840,27.9439
5841,27.9452
5842,27.9374
5843,27.9345
5844,27.9715
5845,27.8844
5846,27.9138
5847,27.9443
5848,27.9163
5849,27.91
5850,27.8831
5851,27.9352
5852,27.9285
5853,27.8817
5854,27.9706
5855,27.9984
5856,27.9139
5857,27.9032
5858,27.8443
5859,27.867
5860,27.774
5861,27.9142
5862,27.8252
5863,27.8673
5864,27.8275
5865,27.851
5866,27.7891
5867,27.8492
5868,27.8287
5869,27.9774
5870,27.9645
5871,27.8359
5872,27.9389
5873,27.9084
5874,27.8752
5875,27.8232
5876,27.9049
5877,27.8755
5878,27.922
5879,27.9342
5880,27.8709
5881,27.8726
5882,27.8265
5883,27.7906
5884,27.887
5885,27.8046
5886,27.8473
5887,27.8297
5888,27.9229
5889,27.9313
5890,28.0327
5891,27.9847
5892,28.0232
5893,28.0138
5894,27.9662
5895,27.9551
5896,27.8361
5897,27.7998
5898,27.8425
5899,27.8203
5900,27.8893
5901,27.8519
5902,27.9911
5903,27.971
5904,27.9619
5905,28.0745
5906,28.0155
5907,28.0483
5908,27.9605
5909,27.9635
5910,27.8854
5911,27.808
5912,27.8947
5913,27.8018
5914,27.7929
5915,27.8895
5916,27.9451
5917,27.9594
5918,27.928
5919,27.9282
5920,27.9377
5921,27.9971
5922,27.9892
5923,27.8837
5924,28.0203
5925,27.8653
5926,27.9839
5927,27.8843
5928,27.8294
5929,27.812
5930,27.7399
5931,27.8271
5932,27.8592
5933,27.9911
5934,27.8542
5935,27.9243
5936,27.9001
5937,27.8793
5938,27.8492
5939,27.876
5940,27.7829
5941,27.8
5942,27.9726
5943,27.916
5944,27.8805
5945,27.8489
5946,27.9136
5947,27.9729
5948,27.9124
5949,27.8158
5950,27.8975
5951,27.8364
5952,27.91
5953,27.9212
5954,27.9112
5955,27.8706
5956,27.9215
5957,27.9253
5958,27.9007
5959,28.0621
5960,28.0274
5961,27.9217
5962,27.9782
5963,27.88
5964,27.9586
5965,27.9599
5966,27.8898
5967,28.0068
5968,27.9817
5969,27.981
5970,28.0441
5971,27.9826
5972,28.0571
5973,28.0201
5974,27.9944
5975,28.0641
5976,28.0773
5977,28.0627
5978,28.0544
5979,28.1017
5980,28.0015
5981,27.9832
5982,27.9394
5983,27.9314
5984,27.934
5985,27.938
5986,27.9116
5987,27.9279
5988,27.9007
5989,27.948
5990,27.9225
5991,27.9029
5992,28.0042
5993,27.9268
5994,28.085
5995,27.993
5996,27.9029
5997,27.869
5998,27.9337
5999,28.0265
6000,28.0339
6001,28.0574
6002,28.1143
6003,28.1299
6004,28.0698
6005,27.9417
6006,27.9636
6007,28.0275
6008,27.9459
6009,27.9662
6010,27.9957
6011,27.9544
6012,27.9035
6013,27.9699
6014,27.9676
6015,28.0076
6016,28.1496
6017,28.1217
6018,28.077
6019,28.1101
6020,28.18
6021,28.1636
6022,28.1935
6023,28.1929
6024,28.192
6025,28.2557
6026,28.0552
6027,28.1696
6028,28.0813
6029,28.0376
6030,28.1214
6031,28.0677
6032,28.0323
6033,28.0223
6034,28.1346
6035,27.9928
6036,27.9506
6037,28.0561
6038,28.0609
6039,28.1385
6040,28.1468
6041,28.0472
6042,28.1294
6043,28.1253
6044,28.0132
6045,28.0338
6046,28.0333
6047,28.1078
6048,27.9116
6049,28.0375
6050,28.2634
6051,28.1438
6052,28.1213
6053,28.1834
6054,28.0545
6055,28.0495
6056,28.0505
6057,28.0612
6058,28.1083
6059,28.0824
6060,28.103
6061,28.1205
6062,28.0944
6063,28.1936
6064,28.1628
6065,28.0852
6066,28.1075
6067,28.1085
6068,28.2378
6069,28.1048
6070,28.1503
6071,28.1138
6072,28.0928
6073,28.1034
6074,27.9737
6075,28.076
6076,28.0027
6077,28.0245
6078,27.9726
6079,27.9438
6080,27.9533
6081,28.0126
6082,28.0101
6083,27.9355
6084,28.0272
6085,28.0263
6086,27.9481
6087,27.9914
6088,28.0582
6089,28.0394
6090,28.0443
6091,28.0308
6092,27.9833
6093,27.9452
6094,28.0297
6095,28.0234
6096,28.052
6097,28.0093
6098,28.0418
6099,28.0666
6100,28.0319
6101,27.9407
6102,28.0997
6103,28.1661
6104,28.0797
6105,28.156
6106,28.0499
6107,28.1516
6108,27.9786
6109,27.994
6110,28.0157
6111,27.9803
6112,28.0733
6113,28.1179
6114,28.0001
6115,28.03
6116,27.9477
6117,27.989
6118,27.9982
6119,27.9958
6120,27.9249
6121,27.9134
6122,27.9535
6123,27.9043
6124,27.8424
6125,27.8897
6126,27.9738
6127,28.0966
6128,27.8995
6129,28.0189
6130,27.9691
6131,28.0082
6132,28.0106
6133,28.0603
6134,28.0437
6135,28.0748
6136,28.0568
6137,28.0255
6138,28.0993
6139,28.0866
6140,28.1019
6141,28.0992
6142,28.0975
6143,28.0418
6144,28.0441
6145,28.0428
6146,28.0102
6147,27.9803
6148,28.0346
6149,28.0622
6150,27.9062
6151,28.0021
6152,28.0916
6153,28.0151
6154,28.128
6155,28.1319
6156,28.0304
6157,27.8997
6158,27.9462
6159,28.0265
6160,28.0318
6161,28.0108
6162,27.9942
6163,28.0131
6164,28.044
6165,28.0377
6166,27.9738
6167,28.0386
6168,28.0535
6169,28.0445
6170,28.0587
6171,28.0222
6172,28.0612
6173,28.0011
6174,27.923
6175,27.9494
6176,27.9869
6177,27.9532
6178,27.9728
6179,28.0938
6180,28.0197
6181,28.0932
6182,27.9793
6183,27.9076
6184,27.9947
6185,27.9836
6186,28.0047
6187,27.9813
6188,27.9639
6189,27.83
6190,27.9453
6191,27.8989
6192,27.924
6193,27.9164
6194,27.9204
6195,27.9833
6196,27.9412
6197,27.9647
6198,27.9479
6199,27.8752
6200,28.0021
6201,27.9396
6202,27.9744
6203,28.0118
6204,27.9913
6205,27.9581
6206,28.0558
6207,28.005
6208,28.0688
6209,28.078
6210,28.0873
6211,28.1311
6212,28.1046
6213,28.1788
6214,28.1832
6215,28.1495
6216,28.1889
6217,28.1164
6218,28.0853
6219,28.1214
6220,28.1265
6221,28.1195
6222,28.1178
6223,28.08
6224,28.1421
6225,28.0945
6226,27.9451
6227,27.9951
6228,27.9729
6229,28.0487
6230,27.9934
6231,27.9948
6232,28.0639
6233,28.0691
6234,28.1318
6235,28.1726
6236,28.1201
6237,28.1084
6238,28.0079
6239,28.0103
6240,27.9912
6241,28.0773
6242,28.054
6243,27.9527
6244,27.9512
6245,27.9274
6246,27.9215
6247,27.9124
6248,27.8654
6249,27.8732
6250,27.8812
6251,27.973
6252,27.9929
6253,28.039
6254,28.0352
6255,28.0775
6256,28.0466
6257,27.9563
6258,27.9044
6259,28.0017
6260,27.9965
6261,28.0716
6262,28.0238
6263,28.0025
6264,27.9784
6265,27.9849
6266,27.8947
6267,27.9654
6268,28.0218
6269,28.0505
6270,27.9632
6271,27.9466
6272,27.954
6273,28.1046
6274,28.0693
6275,28.0557
6276,28.0824
6277,28.1407
6278,28.0634
6279,28.114
6280,28.0448
6281,28.0368
6282,28.0491
6283,28.0337
6284,27.9961
6285,28.0642
6286,28.0273
6287,28.0087
6288,27.9018
6289,27.9689
6290,28.0147
6291,27.9001
6292,27.9837
6293,27.9555
6294,28.0876
6295,27.955
6296,27.9662
6297,27.9862
6298,28.0245
6299,27.9427
6300,27.9352
6301,27.9408
6302,27.9455
6303,27.8374
6304,27.9568
6305,28.0568
6306,27.9493
6307,27.9865
6308,28.0105
6309,27.974
6310,27.9689
6311,28.0844
6312,28.0582
6313,28.0556
6314,28.0576
6315,28.1398
6316,28.141
6317,27.9716
6318,27.9235
6319,28.0025
6320,27.9873
6321,28.0695
6322,28.0869
6323,28.0468
6324,28.1215
6325,28.1317
6326,28.1187
6327,28.1269
6328,28.0609
6329,28.0409
6330,27.9128
6331,27.9919
6332,28.0567
6333,27.9965
6334,27.9995
6335,28.0439
6336,27.991
6337,28.0581
6338,27.956
6339,27.9468
6340,27.8794
6341,27.9923
6342,27.9746
6343,27.9174
6344,27.9808
6345,27.9141
6346,27.8947
6347,27.9777
6348,27.9419
6349,27.9225
6350,27.97
6351,28.0164
6352,28.0633
6353,28.0064
6354,28.0258
6355,28.0201
6356,28.0447
6357,28.0078
6358,27.956
6359,27.9257
6360,27.8905
6361,27.871
6362,27.9074
6363,27.8899
6364,27.9544
6365,27.9292
6366,27.9049
6367,27.9098
6368,27.9548
6369,27.9682
6370,28.0201
6371,27.9017
6372,27.9819
6373,27.8785
6374,27.9022
6375,27.8284
6376,27.8443
6377,27.8588
6378,27.9429
6379,27.9779
6380,27.956
6381,27.9593
6382,27.9791
6383,28.0147
6384,27.9129
6385,27.8845
6386,27.9461
6387,27.8805
6388,27.8756
6389,27.9988
6390,27.9655
6391,27.9374
6392,27.9659
6393,27.8984
6394,27.9364
6395,28.0121
6396,27.9488
6397,28.0139
6398,27.839
6399,27.9071
6400,27.9703
6401,28.0195
6402,28.1332
6403,28.1524
6404,28.044
6405,28.1834
6406,28.1272
6407,28.089
6408,28.0097
6409,28.0718
6410,28.0572
6411,28.0207
6412,28.0804
6413,27.97
6414,27.9572
6415,27.9927
6416,28.0143
6417,28.0153
6418,27.9696
6419,27.9769
6420,28.0443
6421,28.0246
6422,27.867
6423,27.95
6424,27.9826
6425,28.1327
6426,28.0377
6427,28.0412
6428,28.0995
6429,28.0664
6430,28.0071
6431,28.1583
6432,28.0771
6433,28.0409
6434,28.0467
6435,28.1151
6436,28.1586
6437,28.0738
6438,28.0598
6439,28.0754
6440,28.0277
6441,28.0491
6442,27.9586
6443,28.0193
6444,28.039
6445,28.0004
6446,28.0502
6447,28.0016
6448,28.0584
6449,28.0879
6450,28.0307
6451,27.9973
6452,28.0734
6453,28.016
6454,27.9522
6455,28.0461
6456,28.1426
6457,28.1289
6458,28.0663
6459,28.0157
6460,28.1135
6461,28.1247
6462,28.0298
6463,28.0633
6464,28.1716
6465,28.2299
6466,28.1335
6467,28.1286
6468,28.2283
6469,28.1172
6470,28.2441
6471,28.0725
6472,28.1128
6473,28.1095
6474,28.0942
6475,28.155
6476,28.101
6477,28.1871
6478,28.1067
6479,28.1
6480,28.1309
6481,28.1555
6482,28.0972
6483,28.1113
6484,28.0819
6485,28.0659
6486,28.0186
6487,28.1842
6488,28.147
6489,28.0367
6490,28.0677
6491,27.9448
6492,27.9657
6493,27.9693
6494,27.9476
6495,27.8951
6496,27.9905
6497,27.9723
6498,28.0758
6499,28.0225
6500,27.9518
6501,27.8957
6502,28.0324
6503,27.9444
6504,27.952
6505,27.9805
6506,27.9465
6507,27.9731
6508,28.0213
6509,27.9529
6510,27.8775
6511,27.8544
6512,27.9296
6513,27.8586
6514,27.9114
6515,27.9923
6516,27.9835
6517,27.9315
6518,27.9476
6519,28.0165
6520,28.0312
6521,28.0996
6522,28.0968
6523,27.9459
6524,28.0865
6525,27.9543
6526,27.9514
6527,28.1197
6528,28.0054
6529,27.951
6530,27.913
6531,27.7959
6532,27.8601
6533,27.8975
6534,27.9428
6535,28.0348
6536,28.1795
6537,28.0498
6538,28.0328
6539,27.9788
6540,28.0427
6541,28.0219
6542,28.0944
6543,28.0468
6544,28.1248
6545,28.1304
6546,28.1043
6547,27.9805
6548,28.0976
6549,28.0519
6550,28.0262
6551,28.0187
6552,27.9801
6553,28.0399
6554,28.0577
6555,28.0099
6556,28.0948
6557,28.1026
6558,28.1451
6559,28.1805
6560,28.0476
6561,27.9931
6562,28.0028
6563,27.9849
6564,28.0004
6565,27.8404
6566,27.9864
6567,27.8713
6568,28.0095
6569,27.9357
6570,28.0241
6571,28.0141
6572,28.0301
6573,28.037
6574,28.0075
6575,28.0437
6576,27.9882
6577,28.1231
6578,28.0017
6579,27.9779
6580,27.8684
6581,27.9778
6582,28.0734
6583,27.975
6584,28.0888
6585,27.9967
6586,28.0526
6587,27.9995
6588,27.9519
6589,27.8865
6590,27.843
6591,27.8284
6592,27.9192
6593,27.8814
6594,27.8109
6595,27.8417
6596,27.9612
6597,27.8677
6598,27.9778
6599,28.022
6600,28.1107
6601,28.1679
6602,28.1426
6603,28.1453
6604,28.0043
6605,28.064
6606,28.0175
6607,28.0551
6608,28.0163
6609,28.0831
6610,28.0818
6611,28.1804
6612,28.0901
6613,28.0406
6614,28.0099
6615,28.0244
6616,27.9712
6617,28.047
6618,28.0714
6619,28.0451
6620,28.0918
6621,28.0433
6622,28.0169
6623,28.001
6624,27.9915
6625,27.8959
6626,27.9449
6627,27.9872
6628,27.9364
6629,27.9507
6630,27.9906
6631,28.0054
6632,27.9901
6633,27.8688
6634,27.9203
6635,27.9325
6636,27.9222
6637,28.0018
6638,27.888
6639,27.8886
6640,27.882
6641,27.9197
6642,27.9215
6643,27.8343
6644,27.9026
6645,28.0743
6646,27.9597
6647,27.9317
6648,27.9063
6649,27.9333
6650,28.0199
6651,28.0164
6652,27.902
6653,27.9998
6654,27.9306
6655,27.9265
6656,27.8721
6657,27.9173
6658,27.9957
6659,27.8939
6660,27.8209
6661,27.9338
6662,27.9703
6663,27.8599
6664,27.9726
6665,27.9252
6666,27.8622
6667,28.0332
6668,27.9819
6669,28.0796
6670,27.9695
6671,27.9712
6672,27.8709
6673,27.8558
6674,27.7971
6675,27.8437
6676,27.8951
6677,27.9027
6678,27.8948
6679,27.8722
6680,27.9752
6681,27.9237
6682,27.8493
6683,27.8359
6684,27.88
6685,27.8341
6686,27.8498
6687,27.8552
6688,27.8672
6689,27.8662
6690,27.8973
6691,27.9931
6692,27.879
6693,27.8757
6694,27.9998
6695,27.9611
6696,27.9689
6697,27.8675
6698,27.8034
6699,27.8809
6700,27.8187
6701,27.8413
6702,27.8316
6703,27.8244
6704,27.8696
6705,27.8852
6706,27.8907
6707,27.8758
6708,27.8542
6709,27.8416
6710,27.9255
6711,27.9394
6712,27.8891
6713,28.0087
6714,27.9851
6715,27.9053
6716,27.9175
6717,27.8303
6718,27.916
6719,27.8854
6720,27.8221
6721,27.8238
6722,28.0041
6723,27.9115
6724,27.9295
6725,27.9806
6726,27.9023
6727,27.9084
6728,27.9212
6729,27.9343
6730,27.8926
6731,27.9075
6732,27.9121
6733,27.9167
6734,27.8629
6735,27.9073
6736,27.9282
6737,27.8812
6738,27.88
6739,27.7989
6740,27.8086
6741,27.858
6742,27.8694
6743,27.8573
6744,27.823
6745,27.8091
6746,27.7282
6747,27.7696
6748,27.8355
6749,27.8537
6750,27.7499
6751,27.7693
6752,27.8583
6753,27.9182
6754,27.8451
6755,27.8429
6756,27.8468
6757,27.8265
6758,27.8814
6759,27.7544
6760,27.7975
6761,27.8125
6762,27.8853
6763,27.9316
6764,27.8609
6765,27.8005
6766,27.811
6767,27.8374
6768,27.84
6769,27.7849
6770,27.8783
6771,27.7742
6772,27.7713
6773,27.8085
6774,27.7244
6775,27.7973
6776,27.8314
6777,27.7188
6778,27.7031
6779,27.8308
6780,27.8277
6781,27.8148
6782,27.8816
6783,27.8794
6784,27.8786
6785,27.9489
6786,27.8931
6787,27.8812
6788,28.0015
6789,27.9262
6790,28.0197
6791,28.0072
6792,27.9746
6793,27.9404
6794,27.923
6795,27.8865
6796,27.9007
6797,27.8458
6798,27.8595
6799,27.9126
6800,27.8033
6801,27.8469
6802,27.8807
6803,27.8938
6804,27.8899
6805,27.9175
6806,27.9552
6807,28.0314
6808,28.0156
6809,28.0091
6810,27.9712
6811,27.9857
6812,28.0076
6813,27.9379
6814,28.0587
6815,28.0277
6816,28.1029
6817,28.0717
6818,28.1035
6819,28.1466
6820,28.1708
6821,27.9482
6822,27.9608
6823,28.0609
6824,27.9811
6825,27.9757
6826,28.0772
6827,28.0729
6828,28.0047
6829,28.0139
6830,28.0785
6831,28.0987
6832,28.1179
6833,28.0671
6834,28.1587
6835,28.1007
6836,28.1291
6837,28.0898
6838,28.0974
6839,28.1523
6840,28.1605
6841,28.0406
6842,27.9373
6843,28.058
6844,28.1789
6845,28.1197
6846,28.1758
6847,28.1254
6848,28.0803
6849,28.0622
6850,28.115
6851,28.0792
6852,28.1089
6853,28.0654
6854,27.9856
6855,27.9873
6856,28.031
6857,28.0454
6858,28.1342
6859,28.0968
6860,28.0805
6861,28.1893
6862,28.1214
6863,28.0176
6864,27.9324
6865,27.9254
6866,27.8492
6867,27.9819
6868,27.9806
6869,28.0829
6870,28.0928
6871,28.0728
6872,28.1866
6873,28.1399
6874,28.0889
6875,28.086
6876,28.0985
6877,28.0837
6878,27.9908
6879,28.0937
6880,27.9936
6881,27.9851
6882,27.9561
6883,27.9426
6884,27.9134
6885,27.969
6886,27.9615
6887,28.0424
6888,27.9229
6889,27.9943
6890,27.9849
6891,28.0939
6892,27.9668
6893,28.0147
6894,28.0576
6895,27.9614
6896,28.032
6897,28.0889
6898,28.0798
6899,28.0926
6900,28.0987
6901,28.0953
6902,28.0744
6903,28.0663
6904,28.0915
6905,27.9623
6906,27.9825
6907,28.0549
6908,27.9988
6909,28.0307
6910,28.0525
6911,27.84
6912,28.039
6913,27.9708
6914,28.0283
6915,28.0726
6916,27.9805
6917,28.0358
6918,27.9847
6919,27.962
6920,28.0273
6921,27.8685
6922,28.0478
6923,27.9094
6924,27.9582
6925,28.0278
6926,28.0512
6927,28.089
6928,28.0813
6929,28.2186
6930,28.0631
6931,28.2045
6932,28.1297
6933,28.1424
6934,28.0462
6935,28.0249
6936,27.9333
6937,28.0307
6938,28.0691
6939,28.1229
6940,28.0784
6941,28.0657
6942,28.1088
6943,28.0028
6944,27.961
6945,27.9956
6946,28.027
6947,28.0669
6948,28.0632
6949,28.0683
6950,28.0799
6951,28.0493
6952,28.0702
6953,28.1268
6954,28.0199
6955,28.0436
6956,28.0851
6957,28.0781
6958,27.9972
6959,27.9986
6960,27.9267
6961,27.9917
6962,28.0403
6963,28.0108
6964,28.0483
6965,27.9767
6966,28.0261
6967,27.9147
6968,28.068
6969,27.9767
6970,28.0294
6971,28.011
6972,28.0796
6973,28.074
6974,28.1481
6975,28.0837
6976,28.0314
6977,28.1011
6978,28.0084
6979,27.9815
6980,28.0046
6981,28.0433
6982,28.0549
6983,28.0843
6984,27.999
6985,28.0788
6986,28.0952
6987,28.0387
6988,28.0428
6989,28.0382
6990,28.0245
6991,28.0019
6992,28.0614
6993,28.1249
6994,28.1746
6995,28.1138
6996,28.1201
6997,28.0967
6998,28.0831
6999,28.0382
7000,28.0228
7001,28.0988
7002,28.0342
7003,28.0552
7004,28.099
7005,28.1628
7006,28.0747
7007,28.0014
7008,28.0665
7009,28.1202
7010,28.0738
7011,28.1944
7012,28.193
7013,28.0635
7014,28.13
7015,28.1059
7016,28.0597
7017,28.1249
7018,28.1244
7019,28.1171
7020,28.1807
7021,28.1283
7022,28.0889
7023,28.1366
7024,28.1286
7025,28.177
7026,28.1247
7027,28.1192
7028,28.1881
7029,28.2722
7030,28.2917
7031,28.2781
7032,28.1551
7033,28.1049
7034,28.1693
7035,28.2219
7036,28.1849
7037,28.1431
7038,28.0636
7039,28.2714
7040,28.158
7041,28.1454
7042,28.147
7043,28.1543
7044,28.138
7045,28.0966
7046,28.1731
7047,28.0215
7048,27.9546
7049,28.0163
7050,28.0156
7051,28.0302
7052,27.9965
7053,28.1222
7054,28.0053
7055,28.1102
7056,27.9939
7057,28.1811
7058,28.1167
7059,27.999
7060,28.0268
7061,28.1818
7062,28.1404
7063,28.1134
7064,28.1799
7065,28.1311
7066,28.1769
7067,28.1837
7068,28.114
7069,28.153
7070,28.1939
7071,28.1604
7072,28.1702
7073,28.1025
7074,28.12
7075,28.0974
7076,28.1392
7077,28.1443
7078,28.1224
7079,28.1153
7080,28.0545
7081,28.1107
7082,28.0211
7083,27.9832
7084,27.9536
7085,28.007
7086,28.0362
7087,28.1097
7088,28.0972
7089,28.0207
7090,28.0609
7091,28.0403
7092,28.0125
7093,28.1427
7094,28.019
7095,28.1084
7096,28.1063
7097,28.0771
7098,27.9988
7099,27.9963
7100,28.0362
7101,28.088
7102,28.0172
7103,28.0158
7104,28.0511
7105,28.006
7106,27.8979
7107,27.9031
7108,27.9565
7109,28.0894
7110,28.0692
7111,28.0312
7112,28.0332
7113,27.9911
7114,27.9951
7115,28.085
7116,28.0732
7117,28.1169
7118,28.0486
7119,28.0531
7120,28.0649
7121,28.0907
7122,28.022
7123,28.0047
7124,28.0396
7125,27.9962
7126,27.9913
7127,28.062
7128,28.0254
7129,27.9409
7130,28.0746
7131,27.9717
7132,28.0229
7133,27.9065
7134,28.016
7135,28.0901
7136,27.992
7137,27.9541
7138,27.9195
7139,27.9507
7140,27.9286
7141,27.9664
7142,27.9325
7143,27.9886
7144,27.9493
7145,27.9813
7146,28.0611
7147,28.0685
7148,28.0545
7149,28.0328
7150,27.9329
7151,28.0249
7152,28.1007
7153,27.9968
7154,27.9956
7155,28.0726
7156,28.0029
7157,28.1521
7158,28.0713
7159,28.121
7160,28.051
7161,28.0806
7162,28.0614
7163,28.0591
7164,28.1517
7165,28.0739
7166,28.0287
7167,28.086
7168,27.9929
7169,27.9502
7170,27.9911
7171,28.0241
7172,27.9789
7173,28.0461
7174,28.0646
7175,28.0352
7176,28.0743
7177,27.954
7178,28.0263
7179,28.0857
7180,28.0122
7181,28.0443
7182,28.0721
7183,28.0702
7184,27.979
7185,28.0697
7186,28.0742
7187,28.1081
7188,28.0448
7189,27.9885
7190,28.0082
7191,28.0496
7192,28.0604
7193,28.0312
7194,28.0869
7195,28.0492
7196,28.0185
7197,28.0233
7198,28.0865
7199,28.0958
7200,27.9719
7201,28.0199
7202,28.1014
7203,28.1134
7204,28.1161
7205,28.1189
7206,28.13
7207,28.0844
7208,28.1409
7209,28.1472
7210,28.1263
7211,28.1024
7212,28.0923
7213,28.0774
7214,28.0242
7215,28.0491
7216,28.1884
7217,28.0434
7218,28.084
7219,28.1296
7220,28.0565
7221,28.0391
7222,28.0873
7223,28.1042
7224,28.0165
7225,28.0171
7226,28.0909
7227,28.0249
7228,28.0906
7229,28.102
7230,28.1313
7231,28.0461
7232,28.057
7233,28.0953
7234,27.9607
7235,28.1161
7236,28.0693
7237,28.0056
7238,28.0718
7239,28.1054
7240,28.0214
7241,28.1181
7242,28.0678
7243,28.0169
7244,28.0733
7245,28.0364
7246,27.9475
7247,28.0525
7248,27.9741
7249,28.0361
7250,28.1416
7251,28.0881
7252,28.0261
7253,28.0516
7254,27.9514
7255,27.991
7256,28.0659
7257,28.1168
7258,28.1485
7259,28.0551
7260,27.9799
7261,28.0808
7262,28.0972
7263,28.1359
7264,27.9985
7265,27.9188
7266,27.9964
7267,27.9849
7268,27.9991
7269,28.068
7270,28.0018
7271,27.9523
7272,27.9756
7273,28.0114
7274,28.0859
7275,27.9222
7276,28.0611
7277,28.221
7278,28.0814
7279,28.089
7280,28.1044
7281,28.137
7282,28.1785
7283,28.0822
7284,28.0724
7285,28.1683
7286,28.1985
7287,28.1817
7288,28.2844
7289,28.1713
7290,28.1984
7291,28.2684
7292,28.2156
7293,28.1219
7294,28.2862
7295,28.2525
7296,28.2343
7297,28.2318
7298,28.1569
7299,28.2317
7300,28.2115
7301,28.1787
7302,28.1322
7303,28.0982
7304,28.0254
7305,28.2016
7306,28.1561
7307,28.12
7308,28.2017
7309,28.1818
7310,28.1692
7311,28.0642
7312,28.1067
7313,28.1275
7314,28.1988
7315,28.1935
7316,28.1268
7317,28.2166
7318,28.0136
7319,28.1146
7320,28.1329
7321,28.1887
7322,27.9845
7323,27.9985
7324,28.0421
7325,28.0296
7326,28.0039
7327,28.0948
7328,28.1479
7329,28.1516
7330,28.1524
7331,28.1101
7332,28.0606
7333,28.169
7334,28.145
7335,28.157
7336,28.1469
7337,28.0555
7338,28.0862
7339,28.1413
7340,28.0207
7341,27.9861
7342,28.0468
7343,28.0637
7344,27.9958
7345,28.004
7346,28.0505
7347,28.0818
7348,28.0961
7349,27.9905
7350,28.0206
7351,27.9303
7352,28.0462
7353,28.0195
7354,28.0852
7355,28.0197
7356,28.0832
7357,28.0499
7358,28.1006
7359,28.1266
7360,28.1461
7361,28.0842
7362,28.0308
7363,27.9681
7364,28.0365
7365,28.0005
7366,28.0695
7367,28.0418
7368,28.0567
7369,28.0404
7370,28.1181
7371,28.0942
7372,28.0744
7373,28.0635
7374,28.0934
7375,28.1279
7376,28.2008
7377,28.1515
7378,28.1561
7379,28.0371
7380,28.1446
7381,28.0643
7382,28.212
7383,28.1639
7384,28.1755
7385,28.0395
7386,28.0617
7387,27.9875
7388,28.0273
7389,28.067
7390,28.0725
7391,28.0036
7392,28.0214
7393,27.9713
7394,28.0019
7395,27.9945
7396,28.0156
7397,28.0908
7398,28.0751
7399,27.9761
7400,27.9854
7401,28.0693
7402,28.0087
7403,27.9637
7404,27.9474
7405,27.9258
7406,28.0073
7407,28.1661
7408,27.9731
7409,28.1634
7410,28.1749
7411,28.098
7412,28.0959
7413,28.008
7414,27.9984
7415,28.0245
7416,28.081
7417,28.061
7418,27.9735
7419,28.0264
7420,28.0195
7421,28.0096
7422,27.9106
7423,28.0083
7424,27.9732
7425,28.0226
7426,28.0607
7427,28.0944
7428,28.1596
7429,28.1153
7430,28.042
7431,27.9704
7432,27.9646
7433,28.0395
7434,28.0119
7435,28.066
7436,28.1549
7437,28.1114
7438,28.085
7439,28.0922
7440,28.0658
7441,27.9404
7442,27.9572
7443,27.9346
7444,28.1092
7445,27.9759
7446,28.0032
7447,27.9232
7448,27.9952
7449,28.0449
7450,27.9601
7451,27.9764
7452,27.9987
7453,27.9077
7454,27.9418
7455,27.9226
7456,27.9772
7457,27.9441
7458,27.9775
7459,27.9967
7460,28.0561
7461,28.0748
7462,27.9158
7463,28.0382
7464,27.9962
7465,27.9221
7466,27.8481
7467,27.9342
7468,28.0238
7469,27.9765
7470,27.9986
7471,27.9415
7472,28.026
7473,27.9686
7474,27.9038
7475,27.8637
7476,27.9633
7477,27.9679
7478,28.0279
7479,27.9413
7480,27.8827
7481,28.0659
7482,27.9685
7483,27.9662
7484,27.8674
7485,27.9358
7486,27.995
7487,28.0345
7488,28.0009
7489,27.9812
7490,28.0384
7491,27.9364
7492,28.036
7493,27.9804
7494,28.0055
7495,27.9993
7496,27.9646
7497,27.9389
7498,27.9241
7499,27.9836
7500,28.0114
7501,28.0421
7502,27.9522
7503,27.8851
7504,27.9461
7505,28.0135
7506,28.0875
7507,28.0188
7508,28.016
7509,28.0495
7510,27.9825
7511,28.0717
7512,28.0028
7513,27.9905
7514,27.9816
7515,27.9985
7516,27.9577
7517,27.9448
7518,27.9904
7519,27.9763
7520,27.8952
7521,27.8585
7522,27.9503
7523,27.918
7524,27.9547
7525,28.0644
7526,28.1913
7527,28.0897
7528,28.0026
7529,28.0346
7530,28.0601
7531,28.0673
7532,28.021
7533,28.1157
7534,28.0563
7535,28.041
7536,28.0498
7537,28.0286
7538,28.035
7539,28.0791
7540,28.0939
7541,28.0345
7542,28.1266
7543,28.0967
7544,27.9955
7545,27.9837
7546,27.988
7547,28.013
7548,28.0778
7549,27.9909
7550,27.9826
7551,28.0403
7552,28.0407
7553,28.0268
7554,27.9239
7555,28.0729
7556,28.0002
7557,27.9515
7558,27.977
7559,28.0702
7560,28.0283
7561,27.9732
7562,27.9992
7563,27.9661
7564,28.0001
7565,28.0823
7566,28.1738
7567,28.1855
7568,28.0599
7569,28.1687
7570,28.1435
7571,28.1538
7572,28.1012
7573,28.0319
7574,28.0207
7575,28.1102
7576,27.9749
7577,28.0249
7578,27.9406
7579,28.0128
7580,28.0914
7581,28.1063
7582,28.0646
7583,28.0659
7584,28.1287
7585,28.0837
7586,28.1227
7587,28.1076
7588,28.0192
7589,28.0506
7590,28.0766
7591,28.1916
7592,28.0742
7593,28.1181
7594,28.1068
7595,28.0908
7596,28.0887
7597,27.96
7598,28.0598
7599,28.0248
7600,28.044
7601,28.0031
7602,27.8834
7603,27.9747
7604,28.1027
7605,28.0161
7606,28.0287
7607,27.9503
7608,27.9748
7609,28.0041
7610,27.9167
7611,27.8818
7612,28.0663
7613,27.9641
7614,27.9809
7615,27.969
7616,28.0149
7617,27.914
7618,27.9506
7619,27.9459
7620,28.0293
7621,28.0491
7622,27.8956
7623,28.1039
7624,27.9912
7625,27.9754
7626,27.9204
7627,28.0533
7628,28.131
7629,28.0133
7630,28.0865
7631,28.1047
7632,27.9135
7633,28.0536
7634,28.0834
7635,27.9951
7636,28.0488
7637,27.9259
7638,27.986
7639,27.9525
7640,27.9997
7641,27.999
7642,27.9373
7643,28.0267
7644,28.1348
7645,28.0093
7646,27.9752
7647,27.916
7648,28.0965
7649,28.0073
7650,28.0645
7651,28.1351
7652,28.1408
7653,28.1099
7654,28.1051
7655,28.0131
7656,28.0189
7657,28.0764
7658,28.0936
7659,28.0686
7660,28.0271
7661,27.9503
7662,28.0917
7663,27.9173
7664,28.0414
7665,27.9771
7666,27.9881
7667,28.0078
7668,27.8968
7669,27.8091
7670,27.9387
7671,27.8965
7672,27.889
7673,27.9212
7674,27.923
7675,27.9878
7676,27.927
7677,27.9209
7678,27.8739
7679,28.003
7680,28.0005
7681,28.0426
7682,27.9939
7683,28.0312
7684,27.9947
7685,28.0036
7686,27.939
7687,28.027
7688,27.9946
7689,28.0421
7690,28.0463
7691,28.0489
7692,28.0373
7693,28.0973
7694,28.1144
7695,28.1423
7696,28.1315
7697,28.0232
7698,28.0787
7699,28.0309
7700,28.0462
7701,28.0745
7702,28.036
7703,28.1081
7704,28.1225
7705,28.0138
7706,28.0978
7707,28.1477
7708,28.2449
7709,28.1707
7710,28.1205
7711,28.1338
7712,28.1069
7713,28.0082
7714,28.0664
7715,28.0195
7716,28.0789
7717,27.9832
7718,28.0657
7719,27.9393
7720,27.9229
7721,27.8969
7722,28.0168
7723,28.0877
7724,28.0837
7725,28.0365
7726,28.0727
7727,28.0698
7728,28.0111
7729,28.1177
7730,28.0736
7731,28.0621
7732,28.1008
7733,28.0745
7734,28.0061
7735,28.082
7736,28.0789
7737,28.0581
7738,28.1112
7739,28.0305
7740,28.0096
7741,28.0059
7742,28.006
7743,27.9657
7744,27.9143
7745,27.9308
7746,28.0472
7747,28.1054
7748,27.9861
7749,27.9708
7750,27.9943
7751,28.1267
7752,27.8979
7753,27.9902
7754,28.0543
7755,28.1466
7756,28.0139
7757,28.0047
7758,28.0806
7759,28.1321
7760,28.0854
7761,28.0922
7762,28.0337
7763,27.9887
7764,28.1251
7765,28.1091
7766,28.2489
7767,28.1263
7768,28.1388
7769,28.155
7770,28.2131
7771,28.1286
7772,28.1371
7773,28.1394
7774,28.0809
7775,28.0791
7776,28.0689
7777,27.9894
7778,28.0621
7779,28.13
7780,28.0899
7781,28.0642
7782,28.0417
7783,27.9535
7784,28.0464
7785,28.0857
7786,28.0281
7787,28.0117
7788,28.0599
7789,28.1189
7790,27.9591
7791,27.9722
7792,27.9838
7793,28.0161
7794,27.9717
7795,27.9674
7796,28.0334
7797,27.8523
7798,27.9298
7799,28.0567
7800,28.0436
7801,28.0698
7802,27.9803
7803,28.0021
7804,27.9969
7805,28.0328
7806,28.0852
7807,28.1079
7808,27.9392
7809,28.005
7810,28.0734
7811,28.0192
7812,27.9657
7813,27.9827
7814,28.0603
7815,27.9798
7816,27.9924
7817,28.0622
7818,28.0722
7819,28.0541
7820,27.9789
7821,28.111
7822,28.0298
7823,27.9981
7824,28.0182
7825,28.0715
7826,28.0988
7827,28.111
7828,28.0167
7829,28.1212
7830,28.0475
7831,28.0131
7832,28.091
7833,28.138
7834,28.2043
7835,28.0632
7836,28.1067
7837,28.2486
7838,28.2099
7839,28.0874
7840,28.0048
7841,28.0313
7842,28.0734
7843,27.9951
7844,28.0378
7845,27.9303
7846,28.0065
7847,28.0067
7848,27.9674
7849,28.0462
7850,28.0501
7851,27.9329
7852,28.0218
7853,27.9377
7854,27.9274
7855,27.9658
7856,28.1526
7857,28.0054
7858,28.0067
7859,28.0724
7860,28.0916
7861,28.0009
7862,28.0835
7863,28.0147
7864,28.0749
7865,27.9398
7866,27.9477
7867,27.81
7868,27.8642
7869,27.9373
7870,27.9543
7871,27.9141
7872,27.8739
7873,27.9357
7874,27.8726
7875,27.8748
7876,27.8181
7877,27.9789
7878,27.7811
7879,27.8093
7880,27.8318
7881,27.7712
7882,27.7702
7883,27.7894
7884,27.7353
7885,27.7926
7886,27.8343
7887,27.8705
7888,27.9046
7889,27.9072
7890,27.9101
7891,27.8327
7892,27.9069
7893,27.913
7894,27.9616
7895,27.9634
7896,27.9186
7897,27.8607
7898,27.8896
7899,27.8814
7900,28.0341
7901,27.9457
7902,27.9669
7903,28.0074
7904,27.9598
7905,27.979
7906,28.0136
7907,27.9956
7908,28.029
7909,27.9553
7910,27.9692
7911,28.0777
7912,27.9977
7913,27.9976
7914,28.1238
7915,28.047
7916,28.1172
7917,27.9815
7918,28.0027
7919,27.9258
7920,28.0778
7921,28.1146
7922,28.1162
7923,28.1175
7924,28.1004
7925,28.0714
7926,28.089
7927,27.9893
7928,28.001
7929,27.9722
7930,28.0489
7931,27.9797
7932,28.0101
7933,28.0018
7934,28.0821
7935,28.1504
7936,28.078
7937,28.1146
7938,28.0169
7939,28.0182
7940,27.9666
7941,27.9225
7942,27.9566
7943,27.8753
7944,27.9677
7945,27.9745
7946,27.9438
7947,27.9918
7948,27.9609
7949,27.9013
7950,27.9949
7951,27.9487
7952,28.0236
7953,28.14
7954,28.0812
7955,28.033
7956,27.9974
7957,28.0276
7958,28.0144
7959,27.9726
7960,28.0561
7961,28.027
7962,28.0519
7963,28.0463
7964,28.0009
7965,28.078
7966,28.1046
7967,28.0756
7968,28.0804
7969,28.1441
7970,28.0987
7971,28.0257
7972,28.1267
7973,28.0791
7974,28.1464
7975,28.148
7976,28.1883
7977,28.0355
7978,28.0064
7979,28.0148
7980,28.107
7981,28.0197
7982,28.0298
7983,27.9376
7984,27.9471
7985,27.9597
7986,28.0624
7987,27.9948
7988,27.984
7989,27.8844
7990,27.9288
7991,27.9358
7992,27.8952
7993,27.9738
7994,27.9495
7995,28.0819
7996,27.8822
7997,27.9301
7998,27.9478
7999,28.0249
8000,27.9961
8001,27.997
8002,28.0234
8003,27.8941
8004,28.0036
8005,27.9847
8006,27.9291
8007,27.9452
8008,27.954
8009,27.8935
8010,27.9732
8011,27.908
8012,27.8847
8013,27.9295
8014,27.8424
8015,27.9121
8016,27.9173
8017,27.8851
8018,28.0031
8019,28.049
8020,28.0199
8021,28.0385
8022,28.0176
8023,28.0175
8024,27.8833
8025,27.9582
8026,27.8848
8027,27.8926
8028,27.9837
8029,28.0356
8030,28.0923
8031,28.0412
8032,27.9621
8033,28.0052
8034,28.0733
8035,27.9858
8036,27.9575
8037,27.8753
8038,28.0127
8039,27.9268
8040,28.035
8041,27.9931
8042,27.89
8043,27.9452
8044,28.0165
8045,28.0405
8046,27.9757
8047,27.9806
8048,28.0345
8049,27.984
8050,27.9818
8051,27.9707
8052,27.9406
8053,27.9872
8054,28.0052
8055,27.9969
8056,28.0696
8057,27.9318
8058,28.026
8059,28.0303
8060,27.9942
8061,28.0607
8062,28.0192
8063,28.067
8064,28.03
8065,27.9907
8066,28.0815
8067,27.8927
8068,27.8598
8069,27.9166
8070,27.9574
8071,27.9182
8072,27.9369
8073,27.9432
8074,28.0619
8075,27.9262
8076,28.0688
8077,28.0589
8078,28.182
8079,28.1269
8080,28.1269
8081,28.1089
8082,28.0282
8083,28.075
8084,28.0604
8085,28.0299
8086,28.1045
8087,28.0989
8088,27.9638
8089,27.9357
8090,27.9601
8091,28.0006
8092,28.047
8093,28.0137
8094,28.0106
8095,28.0994
8096,27.9715
8097,27.9084
8098,28.016
8099,27.9879
8100,28.0283
8101,27.9938
8102,28.0135
8103,28.1098
8104,28.0812
8105,28.0467
8106,27.9542
8107,28.0408
8108,28.1226
8109,28.1342
8110,28.0655
8111,28.1105
8112,28.1127
8113,28.0455
8114,28.0064
8115,27.9422
8116,27.9688
8117,27.9133
8118,28.0252
8119,28.0767
8120,28.0804
8121,28.0489
8122,28.0189
8123,28.0846
8124,28.0839
8125,28.1647
8126,28.1134
8127,27.9282
8128,28.062
8129,27.9886
8130,28.0602
8131,28.0774
8132,28.0378
8133,28.0313
8134,27.8839
8135,27.9508
8136,27.9989
8137,28.0373
8138,27.9947
8139,28.0319
8140,28.0251
8141,28.0228
8142,28.0805
8143,28.0497
8144,28.0824
8145,28.0416
8146,28.0899
8147,28.1179
8148,28.0335
8149,28.0724
8150,28.1066
8151,28.0887
8152,28.1187
8153,28.0519
8154,28.0443
8155,27.9778
8156,28.0618
8157,28.0458
8158,28.0532
8159,28.0542
8160,27.9833
8161,28.0113
8162,28.0515
8163,27.9803
8164,28.0591
8165,28.0371
8166,28.0592
8167,28.0123
8168,27.9977
8169,28.0631
8170,28.1768
8171,28.144
8172,28.0894
8173,28.0459
8174,28.1003
8175,27.9882
8176,28.0319
8177,28.0667
8178,28.0265
8179,27.9527
8180,28.0644
8181,27.8817
8182,27.8991
8183,27.9323
8184,28.0228
8185,27.967
8186,28.0141
8187,28.0794
8188,28.0588
8189,27.9621
8190,28.0191
8191,27.9974
8192,27.9326
8193,27.9407
8194,27.9608
8195,27.994
8196,27.9264
8197,27.9004
8198,27.9936
8199,28.0313
8200,27.9639
8201,27.9953
8202,27.9922
8203,27.9109
8204,27.9595
8205,28.014
8206,28.0211
8207,28.0202
8208,28.0334
8209,28.0454
8210,28.0619
8211,27.9759
8212,27.99
8213,27.9652
8214,27.9786
8215,27.9269
8216,27.9951
8217,27.9659
8218,27.9949
8219,27.9396
8220,28.0936
8221,28.0185
8222,28.0873
8223,28.113
8224,28.1839
8225,28.0328
8226,27.9653
8227,28.0377
8228,28.0557
8229,28.0229
8230,28.0697
8231,28.0576
8232,28.0088
8233,28.0351
8234,27.9612
8235,28.0763
8236,28.0701
8237,27.9845
8238,28.0509
8239,27.9527
8240,27.9964
8241,28.0786
8242,28.1943
8243,28.1598
8244,28.0288
8245,28.1085
8246,28.0801
8247,28.0939
8248,28.1379
8249,28.1617
8250,28.1165
8251,28.0105
8252,28.1342
8253,28.1012
8254,28.1251
8255,28.1056
8256,28.2193
8257,28.059
8258,28.1101
8259,28.0571
8260,28.1342
8261,28.0048
8262,28.0056
8263,27.9898
8264,28.1097
8265,28.0606
8266,28.1004
8267,28.1112
8268,28.0023
8269,28.1344
8270,28.0196
8271,27.9945
8272,28.0525
8273,28.0225
8274,28.0378
8275,28.044
8276,28.1082
8277,28.1042
8278,28.0747
8279,28.0571
8280,28.0845
8281,27.9576
8282,28.0968
8283,28.0823
8284,28.0574
8285,28.0511
8286,28.111
8287,28.0848
8288,28.0754
8289,28.0992
8290,28.1703
8291,28.1478
8292,28.0401
8293,28.0729
8294,28.0316
8295,28.2127
8296,28.0968
8297,28.0675
8298,28.1004
8299,28.1791
8300,28.205
8301,28.0991
8302,28.0348
8303,28.0711
8304,28.0678
8305,28.0728
8306,28.1825
8307,28.0677
8308,28.0167
8309,28.0959
8310,28.0532
8311,28.0798
8312,28.0073
8313,28.1438
8314,28.0003
8315,28.0747
8316,27.9779
8317,27.9108
8318,28.0474
8319,28.0398
8320,27.9286
8321,28.0187
8322,27.9998
8323,28.0096
8324,28.0501
8325,28.0178
8326,28.0674
8327,28.1398
8328,28.0965
8329,28.0913
8330,28.1017
8331,28.0812
8332,28.0796
8333,27.9934
8334,27.9947
8335,28.0435
8336,27.9972
8337,28.0896
8338,28.0809
8339,28.019
8340,28.0363
8341,27.9413
8342,28.0745
8343,27.9787
8344,27.9855
8345,28.0301
8346,28.0386
8347,28.0804
8348,27.9681
8349,28.0395
8350,28.0388
8351,28.0757
8352,28.1026
8353,27.9205
8354,27.9613
8355,28.0543
8356,28.101
8357,28.0431
8358,28.0632
8359,28.0375
8360,28.1241
8361,28.0924
8362,28.1083
8363,27.9769
8364,28.1074
8365,28.1093
8366,28.1356
8367,28.1124
8368,28.1313
8369,28.202
8370,28.1072
8371,28.04
8372,28.056
8373,28.0012
8374,28.1363
8375,27.9551
8376,28.0564
8377,28.1325
8378,28.0538
8379,28.0236
8380,28.0922
8381,28.076
8382,28.0251
8383,27.9642
8384,27.9928
8385,28.0177
8386,28.0087
8387,28.0141
8388,28.083
8389,28.0812
8390,28.0936
8391,28.0845
8392,28.0837
8393,28.0905
8394,28.1303
8395,28.1205
8396,28.182
8397,28.2038
8398,28.1947
8399,28.132
8400,28.2298
8401,28.2175
8402,28.1965
8403,28.079
8404,28.0682
8405,28.117
8406,28.0177
8407,28.0173
8408,28.0994
8409,27.9811
8410,27.9683
8411,27.9753
8412,28.0627
8413,28.0525
8414,28.1229
8415,28.0482
8416,28.0521
8417,28.0525
8418,27.9891
8419,28.0335
8420,28.0559
8421,27.9417
8422,27.9345
8423,27.9636
8424,27.9103
8425,28.0072
8426,27.922
8427,27.93
8428,28.0222
8429,28.1111
8430,28.1125
8431,28.104
8432,28.1082
8433,28.0462
8434,28.0401
8435,28.0077
8436,28.0599
8437,28.1131
8438,28.0902
8439,28.0487
8440,28.1898
8441,27.9862
8442,27.9511
8443,28.0661
8444,28.0297
8445,28.0783
8446,28.0034
8447,28.0067
8448,27.9435
8449,28.0361
8450,28.0111
8451,28.0534
8452,28.0248
8453,28.018
8454,28.0704
8455,28.0911
8456,27.9964
8457,28.0279
8458,28.046
8459,28.0869
8460,28.1121
8461,27.9959
8462,27.999
8463,28.0368
8464,28.0962
8465,28.0889
8466,28.0646
8467,27.9864
8468,27.9706
8469,27.9205
8470,28.0082
8471,28.0514
8472,28.049
8473,28.0338
8474,28.0318
8475,28.0591
8476,27.9689
8477,27.8697
8478,27.9956
8479,27.9014
8480,27.8963
8481,27.959
8482,27.9407
8483,27.9948
8484,27.8449
8485,27.8731
8486,27.9428
8487,27.9946
8488,27.9703
8489,27.9195
8490,27.9429
8491,27.944
8492,27.9703
8493,27.8737
8494,27.9437
8495,27.9244
8496,27.8918
8497,27.9381
8498,27.9262
8499,27.9628
8500,28.029
8501,27.986
8502,27.9459
8503,27.9434
8504,28.0097
8505,28.025
8506,28.0036
8507,28.0362
8508,28.1645
8509,28.1186
8510,28.033
8511,28.0805
8512,28.0706
8513,27.9365
8514,27.9805
8515,27.9781
8516,28.073
8517,27.9724
8518,28.1364
8519,28.1434
8520,27.9472
8521,27.984
8522,28.0683
8523,28.1059
8524,28.0543
8525,28.018
8526,27.9825
8527,28.0114
8528,27.9654
8529,28.0236
8530,28.0279
8531,27.9558
8532,28.0476
8533,28.0826
8534,27.9569
8535,28.058
8536,28.1123
8537,28.0208
8538,27.9043
8539,27.8614
8540,27.9851
8541,28.0348
8542,27.8779
8543,27.9236
8544,27.8801
8545,27.9535
8546,27.969
8547,28.0579
8548,28.0053
8549,28.036
8550,27.9483
8551,28.1919
8552,28.1226
8553,28.118
8554,28.1139
8555,28.1214
8556,28.095
8557,28.0817
8558,28.1269
8559,28.1394
8560,28.0556
8561,28.0832
8562,28.1029
8563,28.1101
8564,28.0767
8565,28.134
8566,28.1834
8567,28.0695
8568,28.1103
8569,28.1329
8570,28.1652
8571,28.1485
8572,27.9753
8573,28.0995
8574,28.007
8575,28.0956
8576,28.0312
8577,28.0396
8578,27.9597
8579,28.0245
8580,28.021
8581,28.0593
8582,28.0482
8583,27.9799
8584,27.9741
8585,28.0964
8586,28.0261
8587,28.0858
8588,28.0634
8589,28.0495
8590,27.9417
8591,27.9757
8592,27.9851
8593,28.0334
8594,28.072
8595,27.9898
8596,28.0731
8597,28.0036
8598,28.2438
8599,28.1403
8600,28.162
8601,28.2358
8602,28.158
8603,28.2248
8604,28.3094
8605,28.2074
8606,28.1781
8607,28.1619
8608,28.1105
8609,28.1452
8610,28.0706
8611,28.0758
8612,28.1759
8613,28.1091
8614,28.0647
8615,28.0577
8616,28.0525
8617,28.104
8618,28.0392
8619,28.0622
8620,28.1249
8621,28.2292
8622,28.2544
8623,28.2572
8624,28.185
8625,28.1731
8626,28.2039
8627,28.1376
8628,28.2742
8629,28.2467
8630,28.1982
8631,28.1478
8632,28.1556
8633,28.1169
8634,27.9852
8635,28.0699
8636,28.0148
8637,27.9132
8638,28.0535
8639,28.002
8640,27.9832
8641,27.971
8642,28.0004
8643,27.9492
8644,28.0284
8645,27.9613
8646,27.9315
8647,27.8774
8648,27.8516
8649,27.8612
8650,27.871
8651,27.9332
8652,27.9543
8653,27.9766
8654,28.2118
8655,28.2511
8656,28.1029
8657,28.0794
8658,28.0061
8659,28.0195
8660,27.9523
8661,28.0095
8662,27.8484
8663,27.8998
8664,27.9457
8665,27.9321
8666,27.9699
8667,28.0658
8668,27.9779
8669,27.997
8670,28.0946
8671,28.0692
8672,27.9622
8673,28.0011
8674,28.0155
8675,27.9939
8676,27.923
8677,28.0995
8678,28.0666
8679,28.0038
8680,27.9427
8681,27.8056
8682,27.8346
8683,27.8238
8684,27.9433
8685,28.0005
8686,27.916
8687,27.9749
8688,27.9744
8689,27.9602
8690,27.9797
8691,28.0198
8692,27.9949
8693,27.987
8694,28.0523
8695,27.973
8696,27.9518
8697,27.8721
8698,27.9532
8699,27.9177
8700,27.9489
8701,27.9943
8702,27.9509
8703,27.977
8704,28.0167
8705,28.0591
8706,28.081
8707,28.0204
8708,27.9691
8709,27.938
8710,28.001
8711,27.9452
8712,28.0216
8713,27.9947
8714,28.0283
8715,28.0171
8716,28.0444
8717,28.0451
8718,28.0058
8719,27.9841
8720,28.0307
8721,28.0229
8722,28.0199
8723,28.1053
8724,28.0465
8725,28.025
8726,27.9856
8727,28.0639
8728,27.9941
8729,28.0336
8730,28.101
8731,28.0656
8732,27.9596
8733,28.0034
8734,28.0071
8735,28.1342
8736,28.117
8737,28.0953
8738,28.0741
8739,27.9627
8740,27.965
8741,28.028
8742,28.0091
8743,28.126
8744,27.959
8745,27.9687
8746,27.9849
8747,28.0045
8748,28.0393
8749,28.0201
8750,28.028
8751,27.9519
8752,28.0189
8753,27.8776
8754,27.9942
8755,27.9449
8756,27.9943
8757,27.9836
8758,28.0036
8759,28.0445
8760,28.0066
8761,28.0819
8762,28.0813
8763,28.0323
8764,28.088
8765,27.9967
8766,27.906
8767,27.9808
8768,27.937
8769,28.0865
8770,27.9681
8771,27.9816
8772,28.014
8773,28.0292
8774,28.0734
8775,28.1443
8776,28.1247
8777,28.1273
8778,27.9894
8779,28.0267
8780,28.0556
8781,28.0581
8782,28.0255
8783,28.0146
8784,28.0474
8785,28.0083
8786,27.9897
8787,27.9372
8788,28.046
8789,27.9703
8790,28.0033
8791,27.9765
8792,28.1439
8793,28.0521
8794,28.0806
8795,28.0791
8796,27.9892
8797,28.1092
8798,27.9295
8799,28.0377
8800,28.1152
8801,28.1327
8802,28.0552
8803,28.081
8804,28.0656
8805,28.0094
8806,28.0833
8807,28.1532
8808,28.0404
8809,28.0706
8810,28.1091
8811,28.0742
8812,28.0756
8813,28.0117
8814,28.0512
8815,28.1374
8816,28.0002
8817,28.0636
8818,28.0909
8819,28.0265
8820,28.1708
8821,28.0491
8822,28.0386
8823,28.0633
8824,28.0051
8825,28.1007
8826,27.9263
8827,27.9674
8828,27.971
8829,28.0007
8830,27.9683
8831,28.0437
8832,28.0597
8833,28.0397
8834,27.9525
8835,27.9751
8836,28.1005
8837,28.0603
8838,27.9786
8839,28.038
8840,27.9655
8841,27.9762
8842,27.9592
8843,27.977
8844,27.9634
8845,27.9442
8846,28.0055
8847,28.0582
8848,27.9869
8849,27.9978
8850,27.9893
8851,28.1159
8852,28.0733
8853,27.9215
8854,27.9759
8855,28.0169
8856,28.0219
8857,27.9506
8858,27.9067
8859,27.9089
8860,27.8946
8861,27.9949
8862,27.9508
8863,28.0224
8864,27.996
8865,27.9501
8866,27.996
8867,28.083
8868,28.0126
8869,28.0719
8870,28.0754
8871,27.971
8872,28.075
8873,28.0552
8874,27.9208
8875,28.0356
8876,28.0336
8877,27.8901
8878,27.958
8879,27.9673
8880,28.0025
8881,27.9815
8882,28.0435
8883,28.0485
8884,28.0786
8885,27.9888
8886,27.9892
8887,27.9254
8888,27.9176
8889,28.0199
8890,27.9538
8891,27.9637
8892,28.0357
8893,27.9099
8894,28.0134
8895,28.0145
8896,28.008
8897,28.0018
8898,28.0932
8899,28.055
8900,28.0982
8901,28.0426
8902,28.0414
8903,28.0825
8904,28.1696
8905,28.1337
8906,28.0702
8907,28.1976
8908,28.0553
8909,28.145
8910,27.9813
8911,27.9907
8912,28.0296
8913,28.0088
8914,27.9461
8915,28.0734
8916,28.0537
8917,28.0592
8918,28.0719
8919,28.1439
8920,28.1509
8921,28.135
8922,28.1077
8923,28.0709
8924,28.0618
8925,28.0799
8926,28.1448
8927,28.1881
8928,28.179
8929,28.1478
8930,28.0828
8931,28.1014
8932,27.9991
8933,27.9772
8934,28.0621
8935,27.9869
8936,28.1569
8937,28.1457
8938,28.2663
8939,28.1449
8940,28.2143
8941,28.2527
8942,28.0973
8943,28.2911
8944,28.2585
8945,28.121
8946,28.1505
8947,28.1599
8948,27.9938
8949,28.177
8950,28.2265
8951,28.301
8952,28.1958
8953,28.1497
8954,28.1749
8955,28.2663
8956,28.1204
8957,28.0843
8958,28.1724
8959,28.1522
8960,28.1349
8961,28.1997
8962,28.1065
8963,28.2265
8964,28.101
8965,28.0896
8966,28.1721
8967,28.0705
8968,28.1134
8969,28.014
8970,28.005
8971,27.9189
8972,27.9043
8973,27.9672
8974,28.0493
8975,28.0025
8976,27.9556
8977,28.0332
8978,28.0906
8979,28.1103
8980,28.0286
8981,28.0824
8982,28.087
8983,28.0812
8984,28.0884
8985,28.2014
8986,28.2255
8987,28.2337
8988,28.1903
8989,28.2538
8990,28.1571
8991,28.254
8992,28.1399
8993,28.2679
8994,28.2413
8995,28.3103
8996,28.1287
8997,28.1
8998,28.1622
8999,28.1487
9000,28.2161
9001,28.0567
9002,28.0556
9003,28.0664
9004,28.1872
9005,28.0863
9006,28.0983
9007,27.9859
9008,27.9876
9009,27.9902
9010,27.9176
9011,27.973
9012,28.0054
9013,28.1578
9014,27.9729
9015,28.0121
9016,28.063
9017,28.1191
9018,27.9791
9019,28.0348
9020,28.0631
9021,28.0302
9022,27.9298
9023,27.9852
9024,28.0829
9025,28.0348
9026,28.1067
9027,28.0046
9028,27.9353
9029,27.8476
9030,27.9134
9031,27.9436
9032,28.1871
9033,28.1722
9034,28.1194
9035,28.0424
9036,27.9918
9037,27.984
9038,28.071
9039,28.0462
9040,28.0804
9041,28.0947
9042,28.1277
9043,28.1214
9044,28.1284
9045,28.2383
9046,28.1365
9047,28.1662
9048,28.115
9049,28.0626
9050,28.0852
9051,28.0619
9052,28.0703
9053,28.0593
9054,28.0551
9055,27.9961
9056,28.1427
9057,28.0496
9058,28.0608
9059,28.0137
9060,28.0759
9061,28.217
9062,28.1271
9063,27.994
9064,28.1532
9065,28.1724
9066,28.0981
9067,28.0341
9068,28.0429
9069,28.0257
9070,28.1293
9071,28.1321
9072,28.0466
9073,27.9713
9074,27.9559
9075,28.044
9076,28.0443
9077,28.1483
9078,28.1138
9079,28.1214
9080,27.9656
9081,28.0271
9082,27.9724
9083,27.9737
9084,27.9478
9085,27.9236
9086,28.0048
9087,27.9688
9088,27.9796
9089,27.9872
9090,27.9818
9091,27.9298
9092,27.9865
9093,28.038
9094,27.9645
9095,28.0807
9096,28.0628
9097,28.085
9098,27.9446
9099,28.0418
9100,28.0972
9101,28.038
9102,28.0016
9103,27.9819
9104,27.9812
9105,27.957
9106,28.0092
9107,28.0034
9108,28.0109
9109,28.0068
9110,28.0209
9111,27.9753
9112,28.0654
9113,28.0605
9114,27.9836
9115,27.9898
9116,28.0177
9117,27.9785
9118,27.9462
9119,27.9683
9120,28.084
9121,28.081
9122,28.0024
9123,27.9915
9124,28.042
9125,28.012
9126,28.0185
9127,28.0207
9128,27.9825
9129,27.9868
9130,27.8865
9131,27.8965
9132,27.8575
9133,27.8372
9134,27.9649
9135,27.9955
9136,27.917
9137,27.8928
9138,27.9066
9139,27.9031
9140,28.0099
9141,28.0046
9142,27.8713
9143,27.9257
9144,28.0498
9145,28.0645
9146,28.0404
9147,28.0253
9148,28.1058
9149,28.1262
9150,28.1072
9151,28.0988
9152,28.0791
9153,28.09
9154,28.0476
9155,27.979
9156,28.1028
9157,28.0652
9158,27.9643
9159,28.1254
9160,28.1002
9161,28.0676
9162,28.1844
9163,28.1761
9164,28.0465
9165,28.0114
9166,28.0695
9167,28.0524
9168,28.0911
9169,28.0227
9170,28.0887
9171,28.113
9172,28.0458
9173,28.1751
9174,28.1577
9175,28.2086
9176,28.1554
9177,28.212
9178,28.0875
9179,28.0808
9180,27.9755
9181,28.0856
9182,28.0071
9183,28.1077
9184,28.0083
9185,28.0112
9186,27.9772
9187,28.0183
9188,27.9398
9189,28.0716
9190,28.1517
9191,28.055
9192,28.0659
9193,28.0581
9194,28.0441
9195,27.9994
9196,28.1023
9197,28.1652
9198,28.1216
9199,28.0539
9200,28.1102
9201,28.1331
9202,28.1995
9203,28.1079
9204,28.0076
9205,28.0665
9206,28.0215
9207,28.081
9208,28.0022
9209,27.9815
9210,27.988
9211,27.9346
9212,28.0476
9213,27.9987
9214,28.0514
9215,28.0907
9216,28.1004
9217,28.0335
9218,27.9657
9219,28.0333
9220,28.1014
9221,28.0302
9222,27.9512
9223,28.068
9224,28
9225,28.0475
9226,28.0393
9227,28.1186
9228,28.0428
9229,27.9814
9230,28.0186
9231,27.906
9232,27.9926
9233,27.9807
9234,28.1096
9235,28.0899
9236,28.1097
9237,28.1736
9238,28.1056
9239,28.1022
9240,28.1329
9241,28.0967
9242,28.1325
9243,28.0067
9244,27.9961
9245,28.0944
9246,28.0884
9247,28.0227
9248,28.1116
9249,27.9718
9250,28.0195
9251,28.0596
9252,27.9898
9253,28.0701
9254,28.0738
9255,27.967
9256,27.9655
9257,27.9363
9258,28.0457
9259,27.9155
9260,28.0328
9261,28.0561
9262,28.0795
9263,28.2393
9264,28.1698
9265,28.1554
9266,28.1337
9267,28.1012
9268,28.0975
9269,28.09
9270,27.9888
9271,27.9967
9272,28.0549
9273,27.91
9274,28.038
9275,28.0395
9276,28.0568
9277,28.1361
9278,28.1388
9279,28.1793
9280,28.1221
9281,28.0944
9282,28.0911
9283,28.0548
9284,27.9704
9285,27.9977
9286,28.1166
9287,27.9855
9288,28.0092
9289,27.9844
9290,28.1016
9291,28.0677
9292,28.152
9293,28.0961
9294,28.0753
9295,28.0534
9296,27.9737
9297,28.033
9298,28.0064
9299,28.005
9300,27.9753
9301,27.9695
9302,27.9086
9303,27.9883
9304,28.0394
9305,28.0277
9306,27.913
9307,27.9718
9308,28.0401
9309,28.0195
9310,28.0098
9311,27.9985
9312,28.0225
9313,28.0346
9314,27.9845
9315,27.9615
9316,28.0373
9317,28.1294
9318,28.0863
9319,28.0275
9320,28.0037
9321,28.137
9322,28.146
9323,28.1177
9324,28.1358
9325,28.1847
9326,28.1535
9327,28.1785
9328,28.1844
9329,28.1022
9330,28.1193
9331,28.1529
9332,28.2543
9333,28.1677
9334,28.1594
9335,28.1531
9336,28.0939
9337,28.1699
9338,28.1025
9339,28.1541
9340,28.1611
9341,28.0996
9342,28.0479
9343,28.1613
9344,28.0361
9345,28.1606
9346,28.1244
9347,28.1813
9348,28.107
9349,28.1306
9350,28.0764
9351,28.1059
9352,28.1015
9353,28.0522
9354,28.0493
9355,28.075
9356,28.1098
9357,28.2342
9358,28.1405
9359,28.1485
9360,28.1522
9361,28.1775
9362,28.2482
9363,28.1545
9364,28.0832
9365,28.1352
9366,28.0804
9367,28.0448
9368,28.1355
9369,28.0302
9370,28.0482
9371,28.0856
9372,28.039
9373,28.026
9374,27.9903
9375,28.0206
9376,28.0347
9377,27.9596
9378,27.9764
9379,27.9954
9380,28.0701
9381,28.1068
9382,28.0761
9383,28.0659
9384,28.1655
9385,28.0187
9386,28.1008
9387,28.138
9388,28.0279
9389,28.1368
9390,28.0652
9391,28.1278
9392,28.0348
9393,28.0358
9394,28.1622
9395,28.0907
9396,28.0833
9397,28.1478
9398,28.2382
9399,28.2885
9400,28.1646
9401,28.1446
9402,28.118
9403,28.2307
9404,28.1214
9405,28.0594
9406,27.9389
9407,28.0649
9408,28.04
9409,28.231
9410,28.0847
9411,28.0334
9412,28.0999
9413,28.0826
9414,28.1431
9415,28.0706
9416,28.0412
9417,28.1463
9418,28.2353
9419,28.2032
9420,28.0975
9421,28.1222
9422,28.0408
9423,28.0826
9424,28.1675
9425,28.1094
9426,28.1056
9427,28.0297
9428,28.2087
9429,28.0452
9430,27.9994
9431,27.8945
9432,27.9359
9433,27.977
9434,27.9774
9435,27.9396
9436,27.9418
9437,28.1172
9438,28.0018
9439,27.9846
9440,28.0796
9441,28.1526
9442,28.0424
9443,27.9612
9444,27.9277
9445,27.9825
9446,28.0667
9447,28.0185
9448,28.0565
9449,28.0664
9450,27.9631
9451,27.8978
9452,27.9743
9453,28.0228
9454,28.0323
9455,28.0616
9456,28.0273
9457,28.0541
9458,28.0314
9459,27.9374
9460,27.951
9461,27.9826
9462,28.0181
9463,28.0028
9464,28.0708
9465,27.9824
9466,27.9939
9467,27.982
9468,27.9619
9469,28.13
9470,28.0694
9471,28.0776
9472,27.9347
9473,27.9996
9474,28.0223
9475,28.0385
9476,28.1229
9477,27.9446
9478,28.0502
9479,28.0658
9480,28.0246
9481,27.9484
9482,27.8569
9483,27.8994
9484,27.9872
9485,28.1115
9486,28.0884
9487,28.1893
9488,28.0401
9489,27.9285
9490,27.9606
9491,27.8957
9492,28.0556
9493,28.0336
9494,28.0346
9495,27.9621
9496,28.0726
9497,28.06
9498,27.8935
9499,27.9706
9500,27.9559
9501,28.0284
9502,28.0197
9503,28.065
9504,28.0032
9505,27.9333
9506,28.0345
9507,27.9518
9508,27.9717
9509,27.9863
9510,27.9484
9511,27.9729
9512,28.0222
9513,28.0274
9514,28.074
9515,28.0055
9516,28.1092
9517,27.9821
9518,28.0056
9519,28.0809
9520,28.0521
9521,28.1037
9522,27.9793
9523,28.0244
9524,28.0069
9525,28.0205
9526,28.0719
9527,28.0751
9528,27.9997
9529,27.9301
9530,28.1122
9531,28.0441
9532,28.0318
9533,27.9734
9534,28.0065
9535,28.0456
9536,27.9762
9537,27.998
9538,27.9699
9539,27.9854
9540,27.981
9541,27.9977
9542,28.1238
9543,28.0696
9544,28.1251
9545,28.1519
9546,28.0772
9547,28.0575
9548,28.0781
9549,28.162
9550,28.0681
9551,27.9958
9552,28.1022
9553,28.0322
9554,28.027
9555,28.0157
9556,28.037
9557,28.0504
9558,27.9554
9559,28.0037
9560,28.0402
9561,27.9979
9562,28.0959
9563,28.1781
9564,28.179
9565,28.1956
9566,28.2073
9567,28.2125
9568,28.1162
9569,28.1335
9570,28.0995
9571,28.1286
9572,28.1526
9573,28.146
9574,28.195
9575,28.2134
9576,28.1994
9577,28.2389
9578,28.2089
9579,28.148
9580,28.1203
9581,28.2046
9582,28.3101
9583,28.3222
9584,28.1843
9585,28.1213
9586,28.0697
9587,28.0746
9588,27.9712
9589,28.103
9590,28.0229
9591,28.0173
9592,28.0858
9593,28.1538
9594,28.0493
9595,28.1994
9596,28.0851
9597,28.1039
9598,28.0108
9599,28.0918
9600,28.1712
9601,28.1678
9602,28.0526
9603,28.1212
9604,28.1259
9605,28.086
9606,28.1468
9607,27.9943
9608,28.1154
9609,28.1366
9610,28.137
9611,28.2379
9612,28.2254
9613,28.2661
9614,28.1192
9615,28.1015
9616,28.0678
9617,28.1561
9618,28.1191
9619,28.0618
9620,28.0716
9621,28.0035
9622,27.9988
9623,27.9913
9624,28.0099
9625,28.1287
9626,28.0654
9627,28.0782
9628,28.0731
9629,28.0994
9630,28.1112
9631,28.064
9632,28.0592
9633,28.1325
9634,28.0941
9635,28.0601
9636,28.0907
9637,28.1415
9638,28.0767
9639,28.0981
9640,28.0866
9641,28.0711
9642,28.1466
9643,28.0987
9644,28.2246
9645,28.192
9646,28.0436
9647,28.11
9648,28.1377
9649,28.1927
9650,28.0125
9651,28.046
9652,27.9826
9653,28.0296
9654,28.0051
9655,27.9724
9656,28.0729
9657,28.0773
9658,28.0118
9659,28.0994
9660,28.1694
9661,28.1384
9662,28.155
9663,28.0365
9664,28.0707
9665,28.0219
9666,28.0231
9667,28.0459
9668,27.943
9669,27.9699
9670,28.0461
9671,28.0805
9672,28.1543
9673,28.1631
9674,28.2115
9675,28.1543
9676,28.1081
9677,28.098
9678,28.1181
9679,28.1387
9680,28.0391
9681,28.1771
9682,28.1256
9683,28.1081
9684,28.1771
9685,28.0919
9686,28.0826
9687,28.2176
9688,28.0847
9689,28.0026
9690,28.1364
9691,28.2134
9692,28.2545
9693,28.0853
9694,28.1269
9695,28.1455
9696,28.1461
9697,28.0824
9698,28.0566
9699,28.0765
9700,27.9959
9701,28.0527
9702,28.0378
9703,28.023
9704,28.0717
9705,28.0299
9706,28.1865
9707,28.1657
9708,28.1729
9709,28.1113
9710,28.1024
9711,28.0959
9712,28.2083
9713,28.2341
9714,28.1107
9715,28.2387
9716,28.1048
9717,28.0783
9718,28.1433
9719,28.1519
9720,28.1322
9721,28.2046
9722,28.1066
9723,28.1089
9724,28.137
9725,28.1265
9726,28.1089
9727,28.1232
9728,28.1452
9729,28.1722
9730,28.0974
9731,28.0583
9732,28.1684
9733,28.1483
9734,28.1291
9735,28.1042
9736,28.205
9737,28.155
9738,28.0612
9739,28.2231
9740,28.0658
9741,28.0977
9742,28.127
9743,28.0527
9744,28.0106
9745,28.1176
9746,28.0656
9747,28.101
9748,28.1828
9749,28.091
9750,28.1435
9751,28.2531
9752,28.134
9753,28.1113
9754,28.0997
9755,28.1385
9756,28.1117
9757,28.1565
9758,28.1718
9759,28.1071
9760,28.2123
9761,28.1695
9762,28.1262
9763,28.191
9764,28.1452
9765,28.0906
9766,28.0935
9767,28.1378
9768,28.1096
9769,28.1329
9770,28.1783
9771,28.1201
9772,28.1441
9773,28.1157
9774,28.1132
9775,28.0918
9776,28.0465
9777,28.102
9778,28.0914
9779,28.0056
9780,28.0221
9781,28.0569
9782,28.0112
9783,28.0186
9784,28.1451
9785,28.0565
9786,28.0094
9787,28.1138
9788,28.1155
9789,28.1633
9790,28.1812
9791,28.2315
9792,28.1093
9793,28.0637
9794,28.0351
9795,28.0909
9796,28.1348
9797,28.1698
9798,28.0791
9799,28.0526
9800,28.0642
9801,28.0709
9802,28.0722
9803,28.0847
9804,28.1172
9805,28.163
9806,28.0894
9807,28.1402
9808,28.142
9809,28.1147
9810,28.1204
9811,28.0541
9812,28.1342
9813,28.2387
9814,28.2177
9815,28.1075
9816,28.226
9817,28.1449
9818,28.0905
9819,27.9436
9820,27.9943
9821,28.0345
9822,28.1043
9823,28.1041
9824,28.0858
9825,28.0434
9826,28.1248
9827,28.0991
9828,28.1262
9829,28.1585
9830,28.0374
9831,28.1007
9832,28.1412
9833,28.1559
9834,28.1464
9835,28.2127
9836,28.0709
9837,28.099
9838,28.1743
9839,28.2294
9840,28.1264
9841,27.9933
9842,28.0796
9843,28.0707
9844,28.0489
9845,28.0956
9846,28.0782
9847,28.1222
9848,28.1721
9849,28.0627
9850,28.092
9851,28.1465
9852,28.1378
9853,28.1058
9854,28.0431
9855,28.0329
9856,28.0914
9857,28.1844
9858,28.1483
9859,28.077
9860,28.1445
9861,28.1149
9862,28.0384
9863,28.0152
9864,28.0511
9865,28.035
9866,28.024
9867,28.0841
9868,28.0216
9869,28.149
9870,28.0261
9871,28.0999
9872,28.0386
9873,28.0149
9874,28.0218
9875,28.0108
9876,28.0065
9877,28.004
9878,27.998
9879,27.9985
9880,28.0744
9881,28.0753
9882,28.0735
9883,28.0073
9884,28.0739
9885,28.194
9886,28.0299
9887,28.0372
9888,28.0759
9889,28.0105
9890,28.0992
9891,28.1019
9892,28.0373
9893,27.9689
9894,27.988
9895,28.0021
9896,28.0289
9897,27.9259
9898,28.0263
9899,28.1022
9900,28.014
9901,27.902
9902,27.9968
9903,27.9438
9904,27.9271
9905,27.9873
9906,28.016
9907,27.9692
9908,28.0016
9909,28.02
9910,28.0484
9911,28.1593
9912,28.0591
9913,27.9782
9914,28.0107
9915,28.0892
9916,28.2055
9917,28.1399
9918,27.9916
9919,27.9931
9920,27.9176
9921,27.8912
9922,27.9431
9923,27.9736
9924,28.0148
9925,28.0099
9926,27.9756
9927,28.0191
9928,27.9607
9929,27.9001
9930,27.9654
9931,28.0888
9932,28.0811
9933,28.1401
9934,27.9816
9935,28.1496
9936,27.9239
9937,28.053
9938,28.0458
9939,28.0671
9940,28.0496
9941,28.0294
9942,28.0636
9943,28.055
9944,28.0918
9945,27.9583
9946,28.0433
9947,27.9477
9948,27.9073
9949,28.0388
9950,28.0706
9951,27.9938
9952,27.9093
9953,27.9751
9954,28.1093
9955,28.1524
9956,28.1668
9957,28.1348
9958,28.0427
9959,28.0674
9960,27.9966
9961,28.0247
9962,28.0437
9963,28.0246
9964,28.0009
9965,28.1355
9966,27.9763
9967,27.9559
9968,28.034
9969,28.1193
9970,28.0726
9971,28.1129
9972,28.116
9973,28.146
9974,28.1487
9975,28.0786
9976,28.1103
9977,28.1046
9978,28.1892
9979,28.1122
9980,27.9915
9981,28.0415
9982,28.0383
9983,28.0599
9984,28.1646
9985,28.0552
9986,28.1591
9987,28.089
9988,28.0451
9989,27.9848
9990,28.1036
9991,28.1806
9992,28.1786
9993,28.1056
9994,28.1556
9995,28.1988
9996,28.1006
9997,28.1373
9998,28.1447
9999,28.1874
10000,28.2237
