#Frame     RMSD_00002
       1       0.0000
       2       0.7198
       3       0.7887
       4       0.9545
       5       0.8480
       6       0.8463
       7       1.0148
       8       1.0004
       9       1.1247
      10       1.2319
      11       1.1946
      12       1.2306
      13       1.2079
      14       1.3910
      15       1.3389
      16       1.3162
      17       1.4784
      18       1.5028
      19       1.4880
      20       1.3931
      21       1.4664
      22       1.5403
      23       1.3462
      24       1.2198
      25       1.1820
      26       1.1525
      27       1.0441
      28       1.2506
      29       1.1779
      30       1.2069
      31       1.3066
      32       1.3012
      33       1.1675
      34       1.0814
      35       1.1153
      36       1.1368
      37       1.2199
      38       1.3600
      39       1.3170
      40       1.3834
      41       1.2716
      42       1.3346
      43       1.3682
      44       1.2942
      45       1.2191
      46       1.2579
      47       1.1755
      48       1.2587
      49       1.1272
      50       1.1200
      51       1.1190
      52       1.3174
      53       1.2555
      54       1.2078
      55       1.2240
      56       1.1858
      57       1.1849
      58       1.2034
      59       1.2447
      60       1.2637
      61       1.2229
      62       1.0612
      63       0.9879
      64       1.1295
      65       1.0380
      66       1.0496
      67       1.0764
      68       1.0912
      69       1.2168
      70       1.1308
      71       1.1641
      72       1.1434
      73       1.0923
      74       1.1720
      75       1.2408
      76       1.1580
      77       1.1566
      78       1.2492
      79       1.2990
      80       1.2050
      81       1.1907
      82       1.2682
      83       1.2599
      84       1.1348
      85       1.0977
      86       1.0321
      87       1.0843
      88       1.1419
      89       1.2039
      90       1.1561
      91       1.1892
      92       1.1448
      93       1.1284
      94       1.2850
      95       1.2437
      96       1.1418
      97       1.1744
      98       1.1626
      99       1.2445
     100       1.1564
     101       1.2083
     102       1.2247
     103       1.2905
     104       1.3156
     105       1.2979
     106       1.3635
     107       1.3129
     108       1.3291
     109       1.2840
     110       1.2020
     111       1.1575
     112       1.2124
     113       1.1861
     114       1.0957
     115       1.0927
     116       1.1558
     117       1.2444
     118       1.2772
     119       1.3670
     120       1.2292
     121       1.1764
     122       1.2727
     123       1.1401
     124       1.2747
     125       1.3081
     126       1.3502
     127       1.2920
     128       1.2865
     129       1.3332
     130       1.4279
     131       1.3259
     132       1.3118
     133       1.3322
     134       1.3684
     135       1.5019
     136       1.4712
     137       1.3571
     138       1.3583
     139       1.6216
     140       1.7387
     141       1.6834
     142       1.6714
     143       1.8495
     144       1.9888
     145       1.9276
     146       1.9750
     147       1.9301
     148       2.0780
     149       2.2104
     150       2.3331
     151       2.1596
     152       2.3263
     153       2.5867
     154       2.3469
     155       2.2302
     156       2.4917
     157       2.4878
     158       2.3094
     159       2.2221
     160       2.2919
     161       2.3566
     162       2.3923
     163       2.4092
     164       2.6616
     165       2.6418
     166       2.4368
     167       2.7879
     168       2.8259
     169       2.7723
     170       2.7870
     171       2.4382
     172       2.2128
     173       2.5487
     174       2.4552
     175       2.2605
     176       2.1501
     177       1.8660
     178       1.9154
     179       1.9600
     180       1.9307
     181       2.0388
     182       2.0672
     183       1.8687
     184       1.8683
     185       1.9997
     186       1.9184
     187       2.0274
     188       2.1460
     189       2.1993
     190       2.2173
     191       2.3785
     192       2.2027
     193       2.0935
     194       2.0915
     195       2.2076
     196       2.1580
     197       2.2935
     198       2.3544
     199       2.3857
     200       2.5489
     201       2.5734
     202       2.7300
     203       2.7505
     204       2.6674
     205       2.5771
     206       2.5353
     207       2.4420
     208       2.4811
     209       2.3668
     210       2.3807
     211       2.3237
     212       2.2556
     213       2.1249
     214       2.1071
     215       2.0931
     216       2.3040
     217       2.6095
     218       2.6915
     219       2.5505
     220       2.3884
     221       2.3853
     222       2.2573
     223       2.2670
     224       2.3991
     225       2.3867
     226       2.3626
     227       2.0618
     228       2.1745
     229       2.1243
     230       2.0977
     231       2.2347
     232       2.1780
     233       2.2041
     234       2.3658
     235       2.4353
     236       2.5256
     237       2.5684
     238       2.5052
     239       2.4090
     240       2.2933
     241       2.4532
     242       2.2453
     243       2.2867
     244       2.3106
     245       2.3659
     246       2.5190
     247       2.8367
     248       2.5690
     249       2.5291
     250       2.3339
     251       2.5266
     252       2.4692
     253       2.5099
     254       2.5256
     255       2.5793
     256       2.7959
     257       2.8773
     258       2.7351
     259       2.7670
     260       2.5780
     261       2.2937
     262       2.3953
     263       2.4533
     264       2.5293
     265       2.5661
     266       2.6556
     267       2.5732
     268       2.5877
     269       2.3113
     270       2.3036
     271       2.4225
     272       2.4831
     273       2.5493
     274       2.2653
     275       2.4398
     276       2.2804
     277       2.3987
     278       2.4285
     279       2.5695
     280       2.3766
     281       2.5517
     282       2.4190
     283       2.4103
     284       2.2309
     285       2.2119
     286       2.1072
     287       2.3133
     288       2.2694
     289       2.4306
     290       2.2210
     291       2.1466
     292       2.2791
     293       2.3781
     294       2.3527
     295       2.5210
     296       2.6160
     297       2.6166
     298       2.6034
     299       2.5868
     300       2.6422
     301       2.3588
     302       2.2187
     303       2.1850
     304       2.2288
     305       2.1951
     306       2.0557
     307       1.9596
     308       2.1441
     309       2.1824
     310       2.0387
     311       2.0855
     312       2.1306
     313       2.0281
     314       1.9555
     315       1.9545
     316       2.1600
     317       2.1987
     318       2.2606
     319       2.1319
     320       2.0843
     321       2.2669
     322       2.1436
     323       2.1495
     324       2.1899
     325       2.1317
     326       2.0333
     327       1.8558
     328       2.0470
     329       2.2400
     330       2.3642
     331       2.4252
     332       2.5890
     333       2.6250
     334       2.4421
     335       2.3926
     336       2.4301
     337       2.3157
     338       2.5849
     339       2.3177
     340       2.3455
     341       2.0943
     342       2.2826
     343       2.3061
     344       2.5201
     345       2.3906
     346       2.5468
     347       2.4586
     348       2.4901
     349       2.3153
     350       2.2459
     351       2.2043
     352       2.1741
     353       2.1195
     354       2.0872
     355       2.1008
     356       1.9509
     357       2.0840
     358       2.2144
     359       2.3721
     360       2.4161
     361       2.3583
     362       2.3454
     363       2.2339
     364       2.4395
     365       2.4688
     366       2.5347
     367       2.7154
     368       2.5010
     369       2.4174
     370       2.3067
     371       2.3487
     372       2.2292
     373       2.2389
     374       2.2803
     375       2.2068
     376       2.2095
     377       2.2291
     378       2.3012
     379       2.3465
     380       2.0837
     381       2.0869
     382       2.3574
     383       2.2119
     384       2.1335
     385       2.2607
     386       2.3606
     387       2.4542
     388       2.3853
     389       2.4902
     390       2.3022
     391       2.5564
     392       2.3699
     393       2.3282
     394       2.4677
     395       2.6123
     396       2.5628
     397       2.3588
     398       2.3160
     399       2.3631
     400       2.3526
     401       2.4983
     402       2.4673
     403       2.5429
     404       2.5404
     405       2.4141
     406       2.2177
     407       2.4970
     408       2.4084
     409       2.4800
     410       2.5456
     411       2.4048
     412       2.2458
     413       2.5262
     414       2.5205
     415       2.5416
     416       2.5347
     417       2.4508
     418       2.4039
     419       2.4851
     420       2.6465
     421       2.6330
     422       2.5642
     423       2.5579
     424       2.6199
     425       2.4929
     426       2.5018
     427       2.5749
     428       2.4151
     429       2.3897
     430       2.3282
     431       2.1592
     432       2.1503
     433       2.2552
     434       2.2279
     435       2.3575
     436       2.6647
     437       2.5599
     438       2.6089
     439       2.6230
     440       2.5618
     441       2.3500
     442       2.2203
     443       2.3221
     444       2.3196
     445       2.3054
     446       2.2074
     447       2.3067
     448       2.2299
     449       2.1112
     450       2.2080
     451       2.3043
     452       2.3202
     453       2.3117
     454       2.5672
     455       2.6303
     456       2.5697
     457       2.3799
     458       2.6161
     459       2.5840
     460       2.4758
     461       2.4891
     462       2.4587
     463       2.4272
     464       2.3712
     465       2.3280
     466       2.3689
     467       2.2911
     468       2.2703
     469       2.3392
     470       2.3543
     471       2.1830
     472       2.3422
     473       2.4991
     474       2.5397
     475       2.4420
     476       2.1512
     477       2.1139
     478       2.3877
     479       2.4195
     480       2.4032
     481       2.2371
     482       2.2133
     483       2.4133
     484       2.4067
     485       2.2447
     486       2.0507
     487       2.1877
     488       2.1555
     489       2.2565
     490       2.3733
     491       2.3022
     492       2.2521
     493       2.3745
     494       2.4411
     495       2.3236
     496       2.3339
     497       2.4765
     498       2.3707
     499       2.4759
     500       2.4642
     501       2.5895
     502       2.4864
     503       2.5078
     504       2.4067
     505       2.2183
     506       2.1606
     507       2.3990
     508       2.5893
     509       2.7075
     510       2.6859
     511       2.5599
     512       2.5721
     513       2.4617
     514       2.5193
     515       2.8115
     516       2.7517
     517       2.8059
     518       2.7273
     519       2.7797
     520       2.8414
     521       2.9653
     522       2.8347
     523       2.9405
     524       2.7501
     525       2.6415
     526       2.7378
     527       2.6752
     528       2.6322
     529       2.7213
     530       2.6610
     531       2.7277
     532       2.6972
     533       2.7258
     534       2.6545
     535       2.7694
     536       2.6654
     537       2.7367
     538       2.8131
     539       2.8086
     540       2.8401
     541       2.9525
     542       2.9290
     543       2.8207
     544       2.8287
     545       2.7635
     546       2.7685
     547       2.8665
     548       2.9132
     549       3.0019
     550       3.0196
     551       2.9694
     552       2.7943
     553       2.9428
     554       2.9031
     555       2.9151
     556       3.0141
     557       3.0428
     558       2.8671
     559       2.5913
     560       2.5810
     561       2.6652
     562       2.5007
     563       2.4990
     564       2.5353
     565       2.5922
     566       2.6289
     567       2.6671
     568       2.6965
     569       2.4432
     570       2.4596
     571       2.4976
     572       2.5772
     573       2.8608
     574       2.8152
     575       2.7966
     576       2.7263
     577       2.8483
     578       2.6385
     579       2.6480
     580       2.4701
     581       2.6316
     582       2.5348
     583       2.7454
     584       2.8064
     585       2.7812
     586       2.7510
     587       2.8307
     588       2.9484
     589       3.0244
     590       3.2156
     591       3.2192
     592       3.1232
     593       3.1862
     594       2.8537
     595       2.9999
     596       3.0685
     597       3.1485
     598       3.2223
     599       3.0758
     600       3.2155
     601       3.2362
     602       3.0910
     603       3.2874
     604       3.3710
     605       3.3827
     606       3.5774
     607       3.5419
     608       3.4056
     609       3.3621
     610       3.2624
     611       3.4641
     612       3.4416
     613       3.2869
     614       3.2448
     615       3.1561
     616       3.2078
     617       2.9928
     618       3.1498
     619       2.9909
     620       3.1218
     621       3.1346
     622       2.9682
     623       3.0672
     624       2.8504
     625       2.9711
     626       3.0483
     627       3.1553
     628       3.0927
     629       3.0816
     630       2.9261
     631       2.9311
     632       2.9582
     633       2.9246
     634       2.9730
     635       2.8790
     636       3.0661
     637       3.0923
     638       3.0653
     639       3.1202
     640       2.9806
     641       2.9286
     642       2.8844
     643       3.1542
     644       3.0107
     645       2.8199
     646       2.9537
     647       3.1827
     648       3.3629
     649       3.2033
     650       3.1594
     651       3.1032
     652       3.1504
     653       3.1915
     654       3.0330
     655       2.9263
     656       2.8871
     657       2.9119
     658       2.9070
     659       2.8969
     660       2.6168
     661       2.7187
     662       2.8580
     663       2.6423
     664       2.7953
     665       2.8160
     666       2.6799
     667       2.8792
     668       3.2073
     669       3.2557
     670       3.2894
     671       3.2853
     672       3.0774
     673       3.3062
     674       3.2236
     675       3.0345
     676       2.9821
     677       3.1213
     678       3.0829
     679       3.1799
     680       3.0414
     681       3.1059
     682       3.0422
     683       3.2233
     684       3.2975
     685       3.4123
     686       3.2103
     687       3.1962
     688       3.1885
     689       3.2316
     690       3.3856
     691       3.2545
     692       3.4144
     693       3.2708
     694       3.1656
     695       3.3748
     696       3.2423
     697       3.1856
     698       2.9659
     699       3.1796
     700       3.0187
     701       2.9809
     702       2.9878
     703       3.0260
     704       2.8260
     705       2.8324
     706       3.1602
     707       3.2506
     708       3.2502
     709       3.2654
     710       3.3404
     711       3.2784
     712       3.4032
     713       3.3482
     714       3.4829
     715       3.3722
     716       3.0772
     717       3.1564
     718       3.2194
     719       3.0914
     720       2.9965
     721       2.9959
     722       2.9668
     723       2.8944
     724       3.0311
     725       2.9714
     726       2.9972
     727       3.0614
     728       3.0675
     729       3.0388
     730       3.1414
     731       3.0469
     732       3.0343
     733       2.9167
     734       3.0140
     735       3.0812
     736       3.1160
     737       3.1836
     738       3.0386
     739       2.9552
     740       2.7329
     741       2.7943
     742       2.7459
     743       2.3171
     744       2.6793
     745       2.7214
     746       2.5860
     747       2.5965
     748       2.6158
     749       2.6415
     750       2.7156
     751       2.5734
     752       2.5877
     753       2.5457
     754       2.6767
     755       2.7850
     756       2.6834
     757       2.8799
     758       2.9010
     759       3.1125
     760       3.2301
     761       3.1749
     762       3.0025
     763       3.0789
     764       2.9538
     765       2.9848
     766       2.9561
     767       3.1329
     768       3.0212
     769       3.2747
     770       3.4018
     771       3.2410
     772       3.1151
     773       2.9896
     774       2.9367
     775       2.8862
     776       2.8257
     777       2.8914
     778       2.8626
     779       2.7268
     780       2.6795
     781       2.5783
     782       2.7253
     783       2.5968
     784       2.6249
     785       2.5415
     786       2.6061
     787       2.6941
     788       2.6443
     789       2.4307
     790       2.4366
     791       2.3980
     792       2.3808
     793       2.3161
     794       2.3610
     795       2.4140
     796       2.4791
     797       2.4260
     798       2.5566
     799       2.6322
     800       2.6803
     801       2.7973
     802       2.8044
     803       2.8863
     804       2.8995
     805       3.0958
     806       2.9891
     807       2.9439
     808       2.8563
     809       3.1540
     810       3.0873
     811       3.2353
     812       3.0685
     813       3.1022
     814       2.9234
     815       2.8565
     816       2.9939
     817       2.9197
     818       3.0101
     819       2.9695
     820       2.7898
     821       2.7339
     822       2.8937
     823       2.9892
     824       2.9624
     825       2.8259
     826       2.7141
     827       2.7914
     828       2.8918
     829       3.0050
     830       2.9956
     831       2.8582
     832       3.0150
     833       2.9879
     834       3.0437
     835       2.9015
     836       3.1079
     837       3.1205
     838       3.2982
     839       3.1500
     840       3.0878
     841       3.2498
     842       3.2116
     843       3.1089
     844       3.0454
     845       3.1340
     846       3.2708
     847       3.3916
     848       3.4864
     849       3.4311
     850       3.2804
     851       3.2286
     852       2.9978
     853       2.9619
     854       2.9854
     855       2.9921
     856       3.1143
     857       3.0286
     858       3.1102
     859       3.0055
     860       3.0254
     861       3.0231
     862       3.0170
     863       2.9097
     864       2.8056
     865       2.8820
     866       2.8416
     867       2.9686
     868       2.8810
     869       2.9994
     870       2.9101
     871       2.8129
     872       2.8346
     873       2.9844
     874       2.6901
     875       2.8639
     876       2.6915
     877       2.6303
     878       2.4827
     879       2.6775
     880       2.6982
     881       2.8932
     882       2.9507
     883       3.0242
     884       3.2680
     885       3.0218
     886       3.1806
     887       3.0909
     888       3.1318
     889       3.0808
     890       3.0194
     891       3.0295
     892       2.8783
     893       2.9644
     894       2.7820
     895       3.0365
     896       2.8710
     897       3.0023
     898       2.9514
     899       2.9679
     900       2.9469
     901       3.0139
     902       3.0844
     903       2.8621
     904       3.1893
     905       3.0288
     906       2.9287
     907       2.8065
     908       2.9785
     909       2.9699
     910       3.1325
     911       3.1267
     912       3.0782
     913       3.0871
     914       2.9213
     915       2.9879
     916       3.0185
     917       3.2260
     918       3.4518
     919       3.4926
     920       3.6048
     921       3.4365
     922       3.6074
     923       3.5772
     924       3.6344
     925       3.4417
     926       3.4717
     927       3.3040
     928       3.2944
     929       3.4022
     930       3.3878
     931       3.2890
     932       3.3539
     933       3.2529
     934       3.1453
     935       3.2144
     936       2.9208
     937       2.9741
     938       2.8108
     939       3.1261
     940       3.1264
     941       3.5412
     942       3.4028
     943       3.1674
     944       3.4109
     945       3.4756
     946       3.4564
     947       3.2663
     948       3.0870
     949       3.2774
     950       3.3488
     951       3.4011
     952       3.3444
     953       3.3120
     954       3.4153
     955       3.5296
     956       3.2430
     957       3.3318
     958       3.4429
     959       2.9892
     960       3.0445
     961       3.0968
     962       3.3062
     963       3.3682
     964       3.3297
     965       3.4185
     966       3.3823
     967       3.4776
     968       3.3658
     969       3.2050
     970       3.3300
     971       3.4128
     972       3.2887
     973       3.3110
     974       3.3514
     975       3.2858
     976       3.3307
     977       3.3146
     978       3.1566
     979       3.4016
     980       3.2713
     981       3.2061
     982       3.1784
     983       3.1434
     984       3.1029
     985       3.2870
     986       3.1482
     987       3.2437
     988       3.1496
     989       3.0661
     990       2.9691
     991       2.9436
     992       3.0175
     993       2.9729
     994       3.1727
     995       3.2707
     996       3.3796
     997       3.4278
     998       3.6849
     999       3.5773
    1000       3.6449
    1001       3.5078
    1002       3.6724
    1003       3.4962
    1004       3.4466
    1005       3.3390
    1006       3.2684
    1007       3.2068
    1008       3.1475
    1009       3.0803
    1010       3.2062
    1011       3.2850
    1012       3.2370
    1013       3.3792
    1014       3.5486
    1015       3.4158
    1016       3.3641
    1017       3.4248
    1018       3.3532
    1019       3.5247
    1020       3.3406
    1021       3.3226
    1022       3.2246
    1023       3.3508
    1024       3.4007
    1025       3.3692
    1026       3.3531
    1027       3.5835
    1028       3.4484
    1029       3.5465
    1030       3.4988
    1031       3.4986
    1032       3.5807
    1033       3.5346
    1034       3.6231
    1035       3.6197
    1036       3.4846
    1037       3.4578
    1038       3.1985
    1039       3.2943
    1040       3.3993
    1041       3.2722
    1042       3.3276
    1043       3.4425
    1044       3.2952
    1045       3.1998
    1046       3.2984
    1047       3.4295
    1048       3.5239
    1049       3.4169
    1050       3.1180
    1051       3.0482
    1052       3.2889
    1053       3.1513
    1054       3.2616
    1055       3.1230
    1056       3.0354
    1057       3.0989
    1058       3.1878
    1059       3.2086
    1060       3.1051
    1061       3.1211
    1062       3.1807
    1063       3.3627
    1064       3.2394
    1065       3.1256
    1066       3.1179
    1067       3.3258
    1068       3.0271
    1069       3.1470
    1070       2.9773
    1071       2.8532
    1072       3.0927
    1073       3.1818
    1074       3.2096
    1075       3.2764
    1076       3.3037
    1077       3.2795
    1078       3.1918
    1079       3.0574
    1080       3.1027
    1081       2.9844
    1082       3.0318
    1083       3.1903
    1084       3.1008
    1085       3.1636
    1086       3.1439
    1087       3.2645
    1088       3.2006
    1089       3.2152
    1090       3.1913
    1091       3.1022
    1092       3.2746
    1093       3.2453
    1094       3.0900
    1095       3.2071
    1096       3.2938
    1097       3.2343
    1098       3.2836
    1099       3.5584
    1100       3.4506
    1101       3.6283
    1102       3.5971
    1103       3.9252
    1104       3.9013
    1105       3.7517
    1106       3.7990
    1107       3.7073
    1108       3.5247
    1109       3.6174
    1110       3.5849
    1111       3.5072
    1112       3.3861
    1113       3.6728
    1114       3.4038
    1115       3.2775
    1116       3.0321
    1117       2.8358
    1118       3.1468
    1119       3.1682
    1120       3.2297
    1121       3.3073
    1122       3.4337
    1123       3.4277
    1124       3.2231
    1125       3.2247
    1126       3.1727
    1127       3.0835
    1128       2.9879
    1129       3.0750
    1130       3.2087
    1131       3.3631
    1132       3.4644
    1133       3.4589
    1134       3.4486
    1135       3.4276
    1136       3.4262
    1137       3.2815
    1138       3.1909
    1139       3.3976
    1140       3.2861
    1141       3.3068
    1142       3.2162
    1143       3.2085
    1144       3.3341
    1145       3.1788
    1146       3.1801
    1147       3.0609
    1148       2.9893
    1149       3.1744
    1150       3.3869
    1151       3.0045
    1152       3.1539
    1153       3.2618
    1154       3.1295
    1155       3.1508
    1156       3.3638
    1157       3.3983
    1158       3.3253
    1159       3.3734
    1160       3.2690
    1161       3.1394
    1162       3.2238
    1163       2.9862
    1164       2.7484
    1165       2.6273
    1166       2.5117
    1167       2.4433
    1168       2.5924
    1169       2.4050
    1170       2.5400
    1171       2.5563
    1172       2.7623
    1173       2.7303
    1174       2.9698
    1175       2.9378
    1176       2.9034
    1177       3.2147
    1178       3.3472
    1179       3.0792
    1180       3.3398
    1181       3.4132
    1182       3.5714
    1183       3.4747
    1184       3.6985
    1185       3.6662
    1186       3.4058
    1187       3.2857
    1188       3.2650
    1189       3.3496
    1190       3.4547
    1191       3.6622
    1192       3.4898
    1193       3.6211
    1194       3.8071
    1195       3.6347
    1196       3.3449
    1197       3.3397
    1198       3.1745
    1199       2.9866
    1200       2.9694
    1201       2.9194
    1202       2.9410
    1203       3.1906
    1204       3.0023
    1205       2.8510
    1206       3.0530
    1207       3.0534
    1208       3.0169
    1209       2.8529
    1210       3.0303
    1211       2.9607
    1212       2.8060
    1213       2.5727
    1214       2.9625
    1215       2.8931
    1216       2.9142
    1217       2.9748
    1218       2.9538
    1219       2.8351
    1220       2.7284
    1221       2.7601
    1222       2.6538
    1223       2.6796
    1224       2.4305
    1225       2.4611
    1226       2.5340
    1227       2.3005
    1228       2.2154
    1229       2.1065
    1230       2.3174
    1231       2.4663
    1232       2.4863
    1233       2.4375
    1234       2.3079
    1235       2.3172
    1236       2.4620
    1237       2.5234
    1238       2.3830
    1239       2.5800
    1240       2.5126
    1241       2.4502
    1242       2.6607
    1243       2.6295
    1244       2.5332
    1245       2.5166
    1246       2.3652
    1247       2.3783
    1248       2.3884
    1249       2.3758
    1250       2.5799
    1251       2.5718
    1252       2.6512
    1253       2.7403
    1254       2.6480
    1255       2.6947
    1256       2.8713
    1257       2.7991
    1258       2.8582
    1259       2.9210
    1260       2.9095
    1261       2.6012
    1262       2.5950
    1263       2.6114
    1264       2.7442
    1265       2.8358
    1266       2.8145
    1267       2.8647
    1268       2.7342
    1269       2.6601
    1270       2.8700
    1271       2.8558
    1272       2.7664
    1273       2.8409
    1274       2.7980
    1275       2.8502
    1276       2.9414
    1277       2.6873
    1278       2.7481
    1279       2.8017
    1280       2.8357
    1281       2.9302
    1282       2.8893
    1283       2.8505
    1284       2.6818
    1285       2.8195
    1286       2.8104
    1287       2.8806
    1288       2.7868
    1289       2.8329
    1290       2.8146
    1291       3.0314
    1292       2.9095
    1293       3.0863
    1294       3.0254
    1295       3.1647
    1296       2.9099
    1297       2.9095
    1298       2.9613
    1299       2.8351
    1300       2.8700
    1301       2.8249
    1302       2.9807
    1303       3.0453
    1304       2.7952
    1305       2.7921
    1306       2.7863
    1307       2.8498
    1308       2.7351
    1309       2.7783
    1310       2.8652
    1311       2.7897
    1312       2.6537
    1313       2.9559
    1314       2.9110
    1315       2.8542
    1316       2.9599
    1317       3.0864
    1318       3.0604
    1319       2.9484
    1320       3.0183
    1321       3.0343
    1322       3.0228
    1323       3.1317
    1324       3.3426
    1325       3.4628
    1326       3.6077
    1327       3.4961
    1328       3.7340
    1329       3.5836
    1330       3.3148
    1331       3.4161
    1332       3.3923
    1333       3.2753
    1334       3.3665
    1335       3.3474
    1336       3.1991
    1337       2.9643
    1338       3.1394
    1339       3.2445
    1340       3.3040
    1341       3.0617
    1342       3.0193
    1343       3.2321
    1344       3.1047
    1345       2.9888
    1346       2.8762
    1347       2.8439
    1348       2.7422
    1349       2.8322
    1350       2.8800
    1351       2.6354
    1352       2.7518
    1353       2.8250
    1354       3.1337
    1355       3.2991
    1356       3.0575
    1357       3.1150
    1358       3.0045
    1359       3.0303
    1360       3.3022
    1361       3.2000
    1362       3.0480
    1363       3.0778
    1364       3.0928
    1365       3.0019
    1366       3.1725
    1367       3.1379
    1368       3.3167
    1369       3.2559
    1370       3.2071
    1371       3.1505
    1372       3.4415
    1373       3.3379
    1374       3.3717
    1375       3.1977
    1376       3.2054
    1377       3.3947
    1378       3.3356
    1379       3.2123
    1380       3.3950
    1381       3.2682
    1382       3.1490
    1383       3.1806
    1384       3.3186
    1385       3.3354
    1386       3.2810
    1387       3.4357
    1388       3.4533
    1389       3.2610
    1390       3.2834
    1391       3.2347
    1392       3.2950
    1393       3.5519
    1394       3.5555
    1395       3.5097
    1396       3.5081
    1397       3.5299
    1398       3.4787
    1399       3.7529
    1400       3.6696
    1401       3.7171
    1402       3.8839
    1403       4.0505
    1404       4.0843
    1405       4.0087
    1406       4.0053
    1407       3.9647
    1408       3.8889
    1409       3.7904
    1410       3.7900
    1411       3.5032
    1412       3.6165
    1413       3.2828
    1414       3.1827
    1415       3.3423
    1416       3.1784
    1417       3.1570
    1418       3.0578
    1419       3.1295
    1420       3.1932
    1421       3.3975
    1422       3.3747
    1423       3.2219
    1424       3.2636
    1425       3.1319
    1426       3.1183
    1427       3.1185
    1428       2.9413
    1429       2.8727
    1430       2.8772
    1431       2.9305
    1432       3.1179
    1433       3.1340
    1434       2.9701
    1435       2.7698
    1436       3.1111
    1437       3.1475
    1438       3.1705
    1439       3.1322
    1440       3.0903
    1441       2.8837
    1442       2.8816
    1443       2.8449
    1444       2.9455
    1445       2.7061
    1446       2.5957
    1447       2.5624
    1448       2.8043
    1449       2.6833
    1450       2.5118
    1451       2.5025
    1452       2.4850
    1453       2.6056
    1454       2.7802
    1455       2.8116
    1456       2.8635
    1457       2.7232
    1458       2.6925
    1459       2.7979
    1460       2.7864
    1461       2.6641
    1462       2.8913
    1463       2.8295
    1464       3.2540
    1465       3.4065
    1466       3.4517
    1467       3.4399
    1468       3.1977
    1469       3.0632
    1470       3.0090
    1471       2.9507
    1472       3.0739
    1473       3.0164
    1474       2.9918
    1475       3.0871
    1476       3.0625
    1477       2.9270
    1478       2.7419
    1479       2.8060
    1480       2.7884
    1481       2.9103
    1482       2.7995
    1483       2.6831
    1484       2.7592
    1485       2.8424
    1486       2.6189
    1487       2.4594
    1488       2.3196
    1489       2.4076
    1490       2.4413
    1491       2.5460
    1492       2.5434
    1493       2.3705
    1494       2.2373
    1495       2.2197
    1496       2.1300
    1497       2.0270
    1498       2.0212
    1499       2.1489
    1500       2.1824
    1501       2.4919
    1502       2.6138
    1503       2.6656
    1504       2.6130
    1505       2.5527
    1506       2.4024
    1507       2.5137
    1508       2.2901
    1509       2.3122
    1510       2.3583
    1511       2.4987
    1512       2.4453
    1513       2.4638
    1514       2.4510
    1515       2.4483
    1516       2.5075
    1517       2.7579
    1518       2.6442
    1519       2.4469
    1520       2.6121
    1521       2.4424
    1522       2.3204
    1523       2.4718
    1524       2.4512
    1525       2.3963
    1526       2.3344
    1527       2.2814
    1528       2.5405
    1529       2.4908
    1530       2.6942
    1531       2.8211
    1532       2.6938
    1533       2.6097
    1534       2.3237
    1535       2.1883
    1536       2.1729
    1537       2.2485
    1538       2.5486
    1539       2.6632
    1540       2.4943
    1541       2.5091
    1542       2.3664
    1543       2.5091
    1544       2.6217
    1545       2.5094
    1546       2.6036
    1547       2.5151
    1548       2.3457
    1549       2.2007
    1550       2.3422
    1551       2.3092
    1552       2.3455
    1553       2.1968
    1554       2.0574
    1555       1.9591
    1556       2.0304
    1557       2.1913
    1558       2.2269
    1559       2.2158
    1560       2.5656
    1561       2.5702
    1562       2.5317
    1563       2.4689
    1564       2.2477
    1565       2.2440
    1566       2.2050
    1567       2.4656
    1568       2.3063
    1569       2.3068
    1570       2.3357
    1571       2.5178
    1572       2.5448
    1573       2.7268
    1574       2.7360
    1575       2.7275
    1576       2.8029
    1577       2.6207
    1578       2.4659
    1579       2.4428
    1580       2.6055
    1581       2.5684
    1582       2.6043
    1583       2.5058
    1584       2.4711
    1585       2.4333
    1586       2.2665
    1587       2.3215
    1588       2.1987
    1589       2.1307
    1590       2.1345
    1591       2.1217
    1592       2.4080
    1593       2.6826
    1594       2.4008
    1595       2.6830
    1596       2.4214
    1597       2.5046
    1598       2.5309
    1599       2.6998
    1600       2.7986
    1601       2.6649
    1602       2.6124
    1603       2.5506
    1604       2.4862
    1605       2.4726
    1606       2.5423
    1607       2.4138
    1608       2.2725
    1609       2.3236
    1610       2.4497
    1611       2.4432
    1612       2.7613
    1613       2.7365
    1614       2.6842
    1615       2.5485
    1616       2.2855
    1617       1.8865
    1618       2.0430
    1619       2.0616
    1620       1.9800
    1621       1.7515
    1622       1.8306
    1623       1.7159
    1624       1.8650
    1625       1.7529
    1626       1.7870
    1627       1.7306
    1628       1.6324
    1629       1.5699
    1630       1.5703
    1631       1.8149
    1632       1.5513
    1633       1.9067
    1634       1.7549
    1635       1.8279
    1636       1.8314
    1637       2.0131
    1638       2.1034
    1639       2.0008
    1640       2.1455
    1641       2.2609
    1642       2.2630
    1643       2.1511
    1644       2.3772
    1645       2.4139
    1646       2.5679
    1647       2.4892
    1648       2.2309
    1649       2.2922
    1650       2.2931
    1651       2.2905
    1652       2.3582
    1653       2.3150
    1654       2.2354
    1655       2.0556
    1656       2.0510
    1657       2.2119
    1658       2.3206
    1659       2.4439
    1660       2.5269
    1661       2.6657
    1662       2.4395
    1663       2.3590
    1664       2.4141
    1665       2.4831
    1666       2.7475
    1667       2.6353
    1668       2.6649
    1669       2.7181
    1670       2.8117
    1671       2.8640
    1672       2.8409
    1673       3.0153
    1674       2.9353
    1675       2.5752
    1676       2.6868
    1677       2.7490
    1678       2.7145
    1679       3.0539
    1680       3.2173
    1681       3.2020
    1682       3.1671
    1683       3.3047
    1684       3.1628
    1685       2.9435
    1686       3.0887
    1687       2.9114
    1688       2.9672
    1689       2.8642
    1690       3.0160
    1691       3.0286
    1692       2.7184
    1693       2.5532
    1694       2.3843
    1695       2.3452
    1696       2.3668
    1697       2.1724
    1698       2.3100
    1699       2.4324
    1700       2.5706
    1701       2.5593
    1702       2.5448
    1703       2.4942
    1704       2.4888
    1705       2.3110
    1706       2.3019
    1707       2.4566
    1708       2.6820
    1709       2.8365
    1710       2.8598
    1711       2.6692
    1712       2.9542
    1713       2.7548
    1714       2.7852
    1715       2.8025
    1716       2.8784
    1717       2.8772
    1718       2.7521
    1719       2.7963
    1720       2.8546
    1721       2.7352
    1722       2.4611
    1723       2.1087
    1724       2.1821
    1725       2.0529
    1726       2.0872
    1727       2.1585
    1728       2.2842
    1729       2.3048
    1730       2.4541
    1731       2.5188
    1732       2.4968
    1733       2.4530
    1734       2.5773
    1735       2.8092
    1736       3.0381
    1737       2.8890
    1738       2.9214
    1739       3.0383
    1740       3.0327
    1741       2.7772
    1742       2.6840
    1743       2.4818
    1744       2.4560
    1745       2.4966
    1746       2.5239
    1747       2.7021
    1748       2.5767
    1749       2.6990
    1750       2.5579
    1751       2.6235
    1752       2.3520
    1753       2.7465
    1754       2.6722
    1755       2.7476
    1756       2.6106
    1757       2.6747
    1758       2.5946
    1759       2.4933
    1760       2.5839
    1761       2.4243
    1762       2.4821
    1763       2.3738
    1764       2.3900
    1765       2.6335
    1766       2.5823
    1767       2.7369
    1768       2.7008
    1769       2.7479
    1770       2.6171
    1771       2.6638
    1772       2.7356
    1773       2.9571
    1774       2.7002
    1775       2.7135
    1776       2.7024
    1777       2.7399
    1778       2.6162
    1779       2.7593
    1780       2.6825
    1781       2.9334
    1782       2.9079
    1783       2.7415
    1784       2.6585
    1785       2.8022
    1786       3.0094
    1787       3.0859
    1788       3.1270
    1789       3.2867
    1790       3.1103
    1791       3.0558
    1792       3.1206
    1793       2.9010
    1794       2.6922
    1795       2.6400
    1796       2.7412
    1797       2.7436
    1798       2.5376
    1799       2.5888
    1800       2.2795
    1801       2.2444
    1802       2.1902
    1803       2.2055
    1804       2.1689
    1805       2.1493
    1806       2.1421
    1807       2.1859
    1808       2.1080
    1809       1.9581
    1810       1.9458
    1811       2.0128
    1812       2.1926
    1813       2.2629
    1814       2.1673
    1815       2.1282
    1816       1.9456
    1817       2.0143
    1818       2.1469
    1819       2.0258
    1820       2.1906
    1821       2.3335
    1822       2.3481
    1823       2.2032
    1824       2.3039
    1825       2.6234
    1826       2.4308
    1827       2.6061
    1828       2.7875
    1829       2.8897
    1830       2.6921
    1831       2.8494
    1832       2.8310
    1833       2.8518
    1834       2.5614
    1835       2.4253
    1836       2.6303
    1837       2.8796
    1838       2.7303
    1839       2.5110
    1840       2.5795
    1841       2.4895
    1842       2.5632
    1843       2.6684
    1844       2.5843
    1845       2.5616
    1846       2.5846
    1847       2.9314
    1848       3.0065
    1849       2.9359
    1850       3.0258
    1851       2.8491
    1852       2.7100
    1853       2.5516
    1854       2.5006
    1855       2.7754
    1856       2.3993
    1857       2.3814
    1858       2.4623
    1859       2.4787
    1860       2.4518
    1861       2.3845
    1862       2.4784
    1863       2.3309
    1864       2.4883
    1865       2.5902
    1866       2.3561
    1867       2.4635
    1868       2.5933
    1869       2.7572
    1870       2.6930
    1871       2.7397
    1872       2.9359
    1873       2.9030
    1874       2.7997
    1875       2.7273
    1876       2.8010
    1877       2.7257
    1878       2.8827
    1879       3.0716
    1880       2.7381
    1881       2.9702
    1882       2.8240
    1883       2.9475
    1884       3.0035
    1885       2.9128
    1886       3.0481
    1887       3.0760
    1888       3.2272
    1889       3.0145
    1890       3.0804
    1891       2.9350
    1892       3.0244
    1893       2.8475
    1894       2.7373
    1895       2.8794
    1896       3.0542
    1897       3.2208
    1898       3.0472
    1899       3.1473
    1900       3.2064
    1901       3.2012
    1902       2.9275
    1903       2.7447
    1904       2.6991
    1905       2.7156
    1906       2.7111
    1907       2.7437
    1908       2.9860
    1909       2.9881
    1910       3.1661
    1911       2.9104
    1912       3.0005
    1913       3.2503
    1914       3.2694
    1915       3.3693
    1916       3.4682
    1917       3.5164
    1918       3.5434
    1919       3.3544
    1920       3.3762
    1921       3.2071
    1922       3.0242
    1923       3.2263
    1924       3.1674
    1925       2.9863
    1926       2.8405
    1927       3.0017
    1928       3.0631
    1929       2.9695
    1930       2.9355
    1931       2.9272
    1932       2.7992
    1933       2.8376
    1934       2.7339
    1935       2.5122
    1936       2.7343
    1937       2.6893
    1938       2.6306
    1939       2.7195
    1940       2.8376
    1941       2.9466
    1942       3.0496
    1943       3.2084
    1944       3.1080
    1945       2.8333
    1946       2.8624
    1947       2.7447
    1948       2.6774
    1949       2.7493
    1950       2.8033
    1951       2.8996
    1952       2.8543
    1953       2.9237
    1954       3.0085
    1955       3.0773
    1956       3.0536
    1957       3.1156
    1958       3.0756
    1959       3.1132
    1960       2.8540
    1961       2.8250
    1962       3.0186
    1963       2.8582
    1964       2.8084
    1965       2.6938
    1966       2.5783
    1967       2.6132
    1968       2.5826
    1969       2.3880
    1970       2.3104
    1971       2.5184
    1972       2.6247
    1973       2.7379
    1974       2.7031
    1975       2.8384
    1976       2.6584
    1977       2.6234
    1978       2.6474
    1979       2.7310
    1980       2.9188
    1981       2.8548
    1982       2.6486
    1983       2.6707
    1984       2.7610
    1985       2.8029
    1986       2.8774
    1987       2.8153
    1988       2.8527
    1989       2.8418
    1990       2.7385
    1991       2.5663
    1992       2.6244
    1993       2.5336
    1994       2.5917
    1995       2.6473
    1996       2.4020
    1997       2.5801
    1998       2.7949
    1999       2.7299
    2000       2.6113
    2001       2.6240
    2002       2.6596
    2003       2.7116
    2004       2.7372
    2005       2.7702
    2006       2.7054
    2007       2.8894
    2008       2.7834
    2009       2.7658
    2010       2.6558
    2011       2.5621
    2012       2.8373
    2013       2.7625
    2014       2.7437
    2015       2.8978
    2016       2.8837
    2017       2.9618
    2018       2.6215
    2019       2.6841
    2020       2.7889
    2021       2.7336
    2022       2.7903
    2023       2.7168
    2024       2.6954
    2025       2.7972
    2026       2.6721
    2027       2.7011
    2028       2.5592
    2029       2.6483
    2030       2.7035
    2031       2.5758
    2032       2.4896
    2033       2.5793
    2034       2.5998
    2035       2.6001
    2036       2.4479
    2037       2.6431
    2038       2.7469
    2039       2.6848
    2040       2.6924
    2041       2.5071
    2042       2.8676
    2043       3.1261
    2044       3.1629
    2045       3.3300
    2046       3.0893
    2047       3.1413
    2048       3.0705
    2049       3.0869
    2050       3.1174
    2051       3.1024
    2052       3.0966
    2053       3.2118
    2054       3.2051
    2055       3.2894
    2056       3.4676
    2057       3.2124
    2058       3.0871
    2059       3.2077
    2060       3.1140
    2061       3.0220
    2062       3.1838
    2063       3.4120
    2064       3.3317
    2065       3.2048
    2066       3.1289
    2067       2.6328
    2068       2.5084
    2069       2.5181
    2070       2.4217
    2071       2.2179
    2072       2.5692
    2073       2.6364
    2074       2.7017
    2075       2.6394
    2076       2.4555
    2077       2.3640
    2078       2.3355
    2079       2.3512
    2080       2.4380
    2081       2.4485
    2082       2.4197
    2083       2.4207
    2084       2.4255
    2085       2.5691
    2086       2.5953
    2087       2.6924
    2088       2.7442
    2089       2.8137
    2090       2.4904
    2091       2.7229
    2092       2.7135
    2093       2.6758
    2094       2.7271
    2095       2.8115
    2096       2.7345
    2097       2.7869
    2098       2.9438
    2099       2.9931
    2100       2.9019
    2101       2.8795
    2102       2.6542
    2103       2.5362
    2104       2.5684
    2105       2.3765
    2106       2.2891
    2107       2.2421
    2108       2.3733
    2109       2.6048
    2110       2.6423
    2111       2.5618
    2112       2.5858
    2113       2.5993
    2114       2.3460
    2115       2.5501
    2116       2.3085
    2117       2.2007
    2118       2.2801
    2119       2.4613
    2120       2.5375
    2121       2.4549
    2122       2.6832
    2123       2.6039
    2124       2.5793
    2125       2.5574
    2126       2.4439
    2127       2.4153
    2128       2.3145
    2129       2.5885
    2130       2.5296
    2131       2.4057
    2132       2.4015
    2133       2.3585
    2134       2.6226
    2135       2.5965
    2136       2.9291
    2137       2.8806
    2138       2.8227
    2139       2.7491
    2140       2.6719
    2141       2.5921
    2142       2.6770
    2143       2.6150
    2144       2.6093
    2145       2.4908
    2146       2.4927
    2147       2.5211
    2148       2.5578
    2149       2.5592
    2150       2.4695
    2151       2.5406
    2152       2.6702
    2153       2.6284
    2154       2.5525
    2155       2.4773
    2156       2.6968
    2157       2.6900
    2158       2.6341
    2159       2.4769
    2160       2.3847
    2161       2.4691
    2162       2.7087
    2163       2.4599
    2164       2.5623
    2165       2.4904
    2166       2.6153
    2167       2.8029
    2168       2.4828
    2169       2.4359
    2170       2.6264
    2171       2.4740
    2172       2.5255
    2173       2.6538
    2174       2.3716
    2175       2.5553
    2176       2.7220
    2177       2.7430
    2178       2.9778
    2179       2.8881
    2180       2.9995
    2181       2.8995
    2182       2.9825
    2183       2.8023
    2184       2.7546
    2185       2.8649
    2186       2.8061
    2187       2.7287
    2188       2.7987
    2189       2.7085
    2190       2.6636
    2191       2.8935
    2192       2.9886
    2193       2.8401
    2194       3.0363
    2195       3.0355
    2196       2.9325
    2197       3.0305
    2198       2.9018
    2199       2.6554
    2200       2.5668
    2201       2.6863
    2202       2.6153
    2203       2.7099
    2204       2.7638
    2205       2.9756
    2206       2.8540
    2207       2.8697
    2208       2.7141
    2209       3.0104
    2210       3.0222
    2211       2.9764
    2212       3.0721
    2213       2.9659
    2214       2.9446
    2215       2.9006
    2216       2.9362
    2217       2.8721
    2218       2.7207
    2219       2.9270
    2220       2.9982
    2221       2.9508
    2222       2.7300
    2223       2.6983
    2224       2.6161
    2225       2.5740
    2226       2.6993
    2227       2.5037
    2228       2.5765
    2229       2.5413
    2230       2.5333
    2231       2.6378
    2232       2.7033
    2233       2.7372
    2234       2.8679
    2235       2.7546
    2236       2.6801
    2237       2.7808
    2238       2.8056
    2239       2.6657
    2240       2.4538
    2241       2.7240
    2242       2.5602
    2243       2.7394
    2244       2.8166
    2245       2.7083
    2246       2.6930
    2247       2.9338
    2248       2.9694
    2249       3.0013
    2250       2.9269
    2251       3.0585
    2252       3.1065
    2253       3.2111
    2254       3.0456
    2255       3.1914
    2256       2.8570
    2257       2.8521
    2258       2.5386
    2259       2.4228
    2260       2.4223
    2261       2.3498
    2262       2.4608
    2263       2.2902
    2264       2.4347
    2265       2.3835
    2266       2.3858
    2267       2.6067
    2268       2.6421
    2269       2.7416
    2270       2.7755
    2271       2.8065
    2272       2.8508
    2273       2.9277
    2274       3.0626
    2275       2.9787
    2276       2.8693
    2277       2.8010
    2278       2.9174
    2279       2.8473
    2280       2.8696
    2281       3.0600
    2282       3.1363
    2283       3.2473
    2284       3.0971
    2285       3.0446
    2286       3.0854
    2287       2.8691
    2288       2.9984
    2289       3.0599
    2290       3.0140
    2291       3.0544
    2292       2.8599
    2293       2.6177
    2294       2.7568
    2295       2.6708
    2296       2.6625
    2297       2.4489
    2298       2.6208
    2299       2.5982
    2300       2.3618
    2301       2.5158
    2302       2.3094
    2303       2.6303
    2304       2.7190
    2305       2.5596
    2306       2.6674
    2307       2.5997
    2308       2.6982
    2309       2.8346
    2310       2.6428
    2311       2.6429
    2312       2.6331
    2313       2.5593
    2314       2.7015
    2315       2.7283
    2316       2.7363
    2317       2.8058
    2318       2.7458
    2319       2.8516
    2320       2.8274
    2321       2.6355
    2322       2.9206
    2323       3.1030
    2324       3.0820
    2325       3.0107
    2326       3.1071
    2327       3.1325
    2328       2.9479
    2329       3.0432
    2330       3.1175
    2331       2.9909
    2332       2.8718
    2333       2.6401
    2334       2.7622
    2335       2.8063
    2336       2.7264
    2337       2.8718
    2338       2.6641
    2339       2.6205
    2340       2.6631
    2341       2.7626
    2342       2.8745
    2343       2.8507
    2344       2.7780
    2345       2.9217
    2346       3.1345
    2347       3.0575
    2348       2.9717
    2349       2.7536
    2350       2.9707
    2351       3.0469
    2352       2.8934
    2353       2.7675
    2354       2.8393
    2355       2.7352
    2356       2.8336
    2357       2.6945
    2358       2.7870
    2359       2.8138
    2360       2.6300
    2361       2.5345
    2362       2.5079
    2363       2.5525
    2364       2.5975
    2365       2.6179
    2366       2.5225
    2367       2.5161
    2368       2.5101
    2369       2.5631
    2370       2.5102
    2371       2.4129
    2372       2.5454
    2373       2.5359
    2374       2.5566
    2375       2.6496
    2376       2.8920
    2377       2.8372
    2378       2.9346
    2379       2.7784
    2380       2.8418
    2381       2.7936
    2382       2.6255
    2383       2.5216
    2384       2.7469
    2385       2.5983
    2386       2.6566
    2387       2.6424
    2388       2.6709
    2389       2.8448
    2390       2.9881
    2391       2.9152
    2392       2.8128
    2393       2.7423
    2394       2.7240
    2395       2.5678
    2396       2.6016
    2397       2.7089
    2398       2.7202
    2399       2.7869
    2400       2.8062
    2401       2.8469
    2402       2.8180
    2403       2.9571
    2404       2.8434
    2405       2.9223
    2406       3.0058
    2407       2.8337
    2408       2.8286
    2409       2.9179
    2410       2.9995
    2411       2.9258
    2412       2.6745
    2413       2.6463
    2414       2.8820
    2415       2.6816
    2416       2.8694
    2417       3.0213
    2418       2.8543
    2419       2.7370
    2420       2.9418
    2421       3.0828
    2422       3.0608
    2423       3.2008
    2424       3.1291
    2425       2.9878
    2426       3.3139
    2427       3.2247
    2428       2.9810
    2429       2.8676
    2430       2.9590
    2431       2.8880
    2432       2.6887
    2433       2.7956
    2434       2.4429
    2435       2.4975
    2436       2.4880
    2437       2.5411
    2438       2.7881
    2439       2.7245
    2440       2.5674
    2441       2.5254
    2442       2.6827
    2443       2.7988
    2444       2.8480
    2445       2.6063
    2446       2.7092
    2447       2.8594
    2448       3.0525
    2449       2.6726
    2450       2.6077
    2451       2.8387
    2452       2.9947
    2453       2.8830
    2454       2.6570
    2455       2.8229
    2456       2.5418
    2457       2.5522
    2458       2.7495
    2459       2.7907
    2460       2.7348
    2461       2.8974
    2462       2.9905
    2463       3.0212
    2464       3.1922
    2465       3.2682
    2466       3.0682
    2467       3.2689
    2468       3.2992
    2469       3.2851
    2470       3.4911
    2471       3.3533
    2472       3.4750
    2473       3.4303
    2474       3.3191
    2475       3.2819
    2476       3.2615
    2477       3.1773
    2478       3.1012
    2479       2.9936
    2480       3.0167
    2481       2.8122
    2482       2.7481
    2483       2.8548
    2484       2.7869
    2485       3.0369
    2486       3.0728
    2487       2.9939
    2488       2.8445
    2489       2.4533
    2490       2.5460
    2491       2.8755
    2492       2.8779
    2493       2.6471
    2494       2.5626
    2495       2.5580
    2496       2.5728
    2497       2.8179
    2498       2.8946
    2499       2.8246
    2500       2.8565
    2501       3.0060
    2502       3.0368
    2503       3.1633
    2504       3.2156
    2505       2.8586
    2506       2.7234
    2507       2.5884
    2508       2.6159
    2509       2.7375
    2510       2.7786
    2511       2.7697
    2512       2.8244
    2513       2.7404
    2514       2.7008
    2515       2.8045
    2516       2.6802
    2517       2.5746
    2518       2.5450
    2519       2.6537
    2520       2.5503
    2521       2.4333
    2522       2.4424
    2523       2.3512
    2524       2.5034
    2525       2.5229
    2526       2.4468
    2527       2.4673
    2528       2.5003
    2529       2.6534
    2530       2.6758
    2531       2.5489
    2532       2.6209
    2533       2.7247
    2534       2.7908
    2535       2.6449
    2536       2.6126
    2537       2.4416
    2538       2.5242
    2539       2.5180
    2540       2.5967
    2541       2.4426
    2542       2.6515
    2543       2.5320
    2544       2.4905
    2545       2.5909
    2546       2.5700
    2547       2.7220
    2548       2.6692
    2549       2.4683
    2550       2.4056
    2551       2.3660
    2552       2.3314
    2553       2.3926
    2554       2.4043
    2555       2.1707
    2556       2.3121
    2557       2.1912
    2558       2.1108
    2559       2.2470
    2560       2.2794
    2561       2.1791
    2562       2.4632
    2563       2.4541
    2564       2.3890
    2565       2.3556
    2566       2.2348
    2567       2.3997
    2568       2.8104
    2569       2.8197
    2570       2.6565
    2571       2.7010
    2572       2.8426
    2573       2.6909
    2574       2.4172
    2575       2.4289
    2576       2.4731
    2577       2.4633
    2578       2.4490
    2579       2.3939
    2580       2.3933
    2581       2.4842
    2582       2.3174
    2583       2.3737
    2584       2.2299
    2585       2.3818
    2586       2.3938
    2587       2.5383
    2588       2.4296
    2589       2.4701
    2590       2.3931
    2591       2.4136
    2592       2.6608
    2593       2.5452
    2594       2.5670
    2595       2.6177
    2596       2.7034
    2597       2.4988
    2598       2.4286
    2599       2.3668
    2600       2.2674
    2601       2.1732
    2602       2.2808
    2603       2.2620
    2604       2.3763
    2605       2.3508
    2606       2.3802
    2607       2.4899
    2608       2.5491
    2609       2.6061
    2610       2.4525
    2611       2.5168
    2612       2.4613
    2613       2.5200
    2614       2.4666
    2615       2.4864
    2616       2.3960
    2617       2.4627
    2618       2.3074
    2619       2.5723
    2620       2.6871
    2621       2.6653
    2622       2.7738
    2623       2.8289
    2624       2.7186
    2625       2.4355
    2626       2.2273
    2627       2.2569
    2628       2.4810
    2629       2.5977
    2630       2.4636
    2631       2.3287
    2632       2.5145
    2633       2.4978
    2634       2.4894
    2635       2.4390
    2636       2.7389
    2637       2.7860
    2638       2.7765
    2639       2.7034
    2640       2.8518
    2641       2.8188
    2642       2.8959
    2643       2.7787
    2644       2.8264
    2645       2.8277
    2646       2.8215
    2647       2.8815
    2648       2.9046
    2649       3.0803
    2650       2.7416
    2651       2.6509
    2652       2.5453
    2653       2.6824
    2654       2.6559
    2655       2.7957
    2656       2.7444
    2657       2.7817
    2658       2.9837
    2659       2.9017
    2660       2.8522
    2661       2.6323
    2662       2.5208
    2663       2.6255
    2664       2.6244
    2665       2.5399
    2666       2.6949
    2667       2.6402
    2668       2.6205
    2669       2.6038
    2670       2.5157
    2671       2.6128
    2672       2.5558
    2673       2.7932
    2674       2.8442
    2675       2.7113
    2676       2.8797
    2677       3.0634
    2678       3.0924
    2679       3.0379
    2680       3.1042
    2681       2.9571
    2682       2.8970
    2683       2.9648
    2684       2.9311
    2685       3.0279
    2686       3.1546
    2687       3.1500
    2688       3.1701
    2689       3.0269
    2690       3.1172
    2691       3.0042
    2692       2.9685
    2693       2.8161
    2694       2.8051
    2695       2.9485
    2696       3.0635
    2697       3.0506
    2698       3.1171
    2699       3.1485
    2700       3.0832
    2701       3.0683
    2702       3.0046
    2703       2.9541
    2704       2.9202
    2705       2.9684
    2706       2.7499
    2707       2.8686
    2708       2.9110
    2709       2.8257
    2710       2.5868
    2711       2.6125
    2712       2.6997
    2713       2.8791
    2714       2.8010
    2715       2.7251
    2716       2.8284
    2717       2.7363
    2718       2.9392
    2719       2.7289
    2720       2.9993
    2721       2.6634
    2722       2.9852
    2723       2.8873
    2724       2.8219
    2725       2.7210
    2726       2.9537
    2727       2.9319
    2728       2.8702
    2729       2.8947
    2730       2.8178
    2731       2.8613
    2732       3.0572
    2733       3.0401
    2734       3.0195
    2735       3.0213
    2736       3.0905
    2737       2.8038
    2738       2.9876
    2739       2.7633
    2740       2.7238
    2741       2.6726
    2742       2.6832
    2743       2.7670
    2744       2.7583
    2745       2.7220
    2746       2.8096
    2747       2.8663
    2748       2.8117
    2749       2.7907
    2750       2.8815
    2751       3.0657
    2752       3.1341
    2753       3.1825
    2754       3.0769
    2755       2.9581
    2756       2.9869
    2757       3.0956
    2758       3.1508
    2759       3.0942
    2760       3.0690
    2761       2.9809
    2762       2.7970
    2763       2.6389
    2764       2.7834
    2765       2.7379
    2766       2.7142
    2767       2.6320
    2768       2.4454
    2769       2.7835
    2770       2.7317
    2771       2.7231
    2772       2.8779
    2773       2.6688
    2774       2.4605
    2775       2.4688
    2776       2.6959
    2777       2.7925
    2778       2.8947
    2779       2.8457
    2780       2.8691
    2781       2.9230
    2782       2.8667
    2783       2.9777
    2784       2.7653
    2785       2.8032
    2786       2.8443
    2787       2.9519
    2788       2.9972
    2789       2.9964
    2790       2.9414
    2791       2.7975
    2792       2.9006
    2793       2.5335
    2794       2.3929
    2795       2.3450
    2796       2.5670
    2797       2.7293
    2798       2.4846
    2799       2.5590
    2800       2.4639
    2801       2.5719
    2802       2.5935
    2803       2.5831
    2804       2.5100
    2805       2.4487
    2806       2.3924
    2807       2.4761
    2808       2.4458
    2809       2.5291
    2810       2.3132
    2811       2.3080
    2812       2.3155
    2813       2.3331
    2814       2.2127
    2815       2.1886
    2816       2.3444
    2817       2.3819
    2818       2.6106
    2819       2.5389
    2820       2.4694
    2821       2.6101
    2822       2.5350
    2823       2.4471
    2824       2.2866
    2825       2.4107
    2826       2.4285
    2827       2.4975
    2828       2.3515
    2829       2.2888
    2830       2.3409
    2831       2.3907
    2832       2.3672
    2833       2.3459
    2834       2.4621
    2835       2.6553
    2836       2.4621
    2837       2.3965
    2838       2.3208
    2839       2.3098
    2840       2.4329
    2841       2.4210
    2842       2.3643
    2843       2.1153
    2844       2.2764
    2845       2.0503
    2846       1.9504
    2847       2.1330
    2848       2.0721
    2849       2.0196
    2850       2.3065
    2851       2.2648
    2852       2.2616
    2853       2.2348
    2854       2.4144
    2855       2.4493
    2856       2.5248
    2857       2.7181
    2858       2.8966
    2859       2.7004
    2860       2.6489
    2861       2.6001
    2862       2.6036
    2863       2.6872
    2864       2.7256
    2865       2.7651
    2866       2.8855
    2867       2.6349
    2868       2.6431
    2869       2.6710
    2870       2.7583
    2871       2.9146
    2872       2.8367
    2873       2.8647
    2874       3.0065
    2875       3.0469
    2876       3.0927
    2877       2.9882
    2878       3.0452
    2879       2.8779
    2880       2.8819
    2881       3.0743
    2882       2.7955
    2883       2.7142
    2884       2.9104
    2885       2.5118
    2886       2.4301
    2887       2.6256
    2888       2.5387
    2889       2.6368
    2890       2.5424
    2891       2.7094
    2892       2.6241
    2893       2.7539
    2894       2.5397
    2895       2.7378
    2896       2.8246
    2897       2.7497
    2898       2.8793
    2899       2.9683
    2900       2.7690
    2901       2.7864
    2902       2.7756
    2903       2.7346
    2904       2.7108
    2905       2.5055
    2906       2.6448
    2907       2.7495
    2908       2.8178
    2909       2.8040
    2910       2.8248
    2911       2.7974
    2912       2.8064
    2913       2.8020
    2914       2.7168
    2915       2.5722
    2916       2.6075
    2917       2.4938
    2918       2.4693
    2919       2.5972
    2920       2.5229
    2921       2.6828
    2922       2.7246
    2923       2.6271
    2924       2.5594
    2925       2.6158
    2926       2.4000
    2927       2.3517
    2928       2.4549
    2929       2.4669
    2930       2.4815
    2931       2.3154
    2932       2.4591
    2933       2.6444
    2934       2.4593
    2935       2.3726
    2936       2.4894
    2937       2.4909
    2938       2.5750
    2939       2.6960
    2940       2.7650
    2941       2.5639
    2942       2.5402
    2943       2.5249
    2944       2.5899
    2945       2.6411
    2946       2.8491
    2947       2.5660
    2948       2.5364
    2949       2.6999
    2950       2.8817
    2951       3.1078
    2952       3.1628
    2953       3.1854
    2954       2.8767
    2955       2.9268
    2956       2.7513
    2957       2.7988
    2958       2.8109
    2959       2.6678
    2960       2.8547
    2961       2.6036
    2962       2.5410
    2963       2.8474
    2964       2.6970
    2965       2.5125
    2966       2.5329
    2967       2.5182
    2968       2.4945
    2969       2.3267
    2970       2.3395
    2971       2.2468
    2972       2.2477
    2973       2.2501
    2974       2.2667
    2975       2.3201
    2976       2.2398
    2977       2.2484
    2978       2.3827
    2979       2.2511
    2980       2.1833
    2981       2.4153
    2982       2.4432
    2983       2.5185
    2984       2.3450
    2985       2.4915
    2986       2.4160
    2987       2.5133
    2988       2.4430
    2989       2.3168
    2990       2.5164
    2991       2.5877
    2992       2.5132
    2993       2.3661
    2994       2.5207
    2995       2.4264
    2996       2.4074
    2997       2.3507
    2998       2.1062
    2999       2.4008
    3000       2.2207
    3001       2.1379
    3002       2.2477
    3003       2.4137
    3004       2.4119
    3005       2.5144
    3006       2.7221
    3007       2.6155
    3008       2.5825
    3009       2.7545
    3010       2.6899
    3011       2.7400
    3012       2.7347
    3013       2.5168
    3014       2.7400
    3015       2.4776
    3016       2.6321
    3017       2.6563
    3018       2.6133
    3019       2.5819
    3020       2.7095
    3021       2.5775
    3022       2.6194
    3023       2.5338
    3024       2.6867
    3025       2.6881
    3026       2.6779
    3027       2.6894
    3028       2.7252
    3029       2.6344
    3030       2.5951
    3031       2.7424
    3032       2.7322
    3033       2.7459
    3034       2.7694
    3035       2.8504
    3036       2.7166
    3037       2.6665
    3038       2.6489
    3039       2.5178
    3040       2.6104
    3041       2.5599
    3042       2.5091
    3043       2.5462
    3044       2.6469
    3045       2.6574
    3046       2.5034
    3047       2.6362
    3048       2.6970
    3049       2.6273
    3050       2.7945
    3051       2.7568
    3052       2.6086
    3053       2.5530
    3054       2.6557
    3055       2.5295
    3056       2.7327
    3057       2.7752
    3058       2.5582
    3059       2.5410
    3060       2.5977
    3061       2.4983
    3062       2.6133
    3063       2.8188
    3064       2.8591
    3065       2.7324
    3066       2.4954
    3067       2.4393
    3068       2.4120
    3069       2.3878
    3070       2.2961
    3071       2.4185
    3072       2.5111
    3073       2.4373
    3074       2.4162
    3075       2.4620
    3076       2.3179
    3077       2.3761
    3078       2.4008
    3079       2.4149
    3080       2.3976
    3081       2.3937
    3082       2.3273
    3083       2.2966
    3084       2.3252
    3085       2.2118
    3086       2.2592
    3087       2.3266
    3088       2.6347
    3089       2.6365
    3090       2.6043
    3091       2.6272
    3092       2.7737
    3093       2.4460
    3094       2.5276
    3095       2.4396
    3096       2.7732
    3097       2.7470
    3098       2.6520
    3099       2.8226
    3100       2.7700
    3101       2.6901
    3102       2.5995
    3103       2.7053
    3104       2.4985
    3105       2.3384
    3106       2.2347
    3107       2.2437
    3108       2.4988
    3109       2.5060
    3110       2.4881
    3111       2.6091
    3112       2.7516
    3113       2.8250
    3114       2.8056
    3115       2.7466
    3116       2.7470
    3117       2.7221
    3118       2.6915
    3119       2.5933
    3120       2.5855
    3121       3.0019
    3122       2.9038
    3123       2.7315
    3124       2.8225
    3125       2.7563
    3126       2.9104
    3127       2.7029
    3128       2.5505
    3129       2.4872
    3130       2.4346
    3131       2.3602
    3132       2.3815
    3133       2.4626
    3134       2.4719
    3135       2.5434
    3136       2.6969
    3137       2.6373
    3138       2.7443
    3139       2.8484
    3140       3.0428
    3141       2.8153
    3142       2.8456
    3143       2.9833
    3144       2.8087
    3145       2.8066
    3146       2.7464
    3147       2.7430
    3148       2.6899
    3149       2.6729
    3150       2.4753
    3151       2.4424
    3152       2.6160
    3153       2.6520
    3154       2.5840
    3155       2.5410
    3156       2.6451
    3157       2.7173
    3158       2.4774
    3159       2.5406
    3160       2.7645
    3161       2.6717
    3162       2.9267
    3163       2.8057
    3164       2.9880
    3165       2.8446
    3166       2.7595
    3167       2.9354
    3168       2.8983
    3169       2.8674
    3170       2.8926
    3171       2.8990
    3172       2.8080
    3173       2.8453
    3174       2.6446
    3175       2.5722
    3176       2.5412
    3177       2.5840
    3178       2.4667
    3179       2.4954
    3180       2.3611
    3181       2.3577
    3182       2.6130
    3183       2.5866
    3184       2.4559
    3185       2.3903
    3186       2.6234
    3187       2.6039
    3188       2.5888
    3189       2.4983
    3190       2.4866
    3191       2.6039
    3192       2.3882
    3193       2.4473
    3194       2.5394
    3195       2.4534
    3196       2.5898
    3197       2.5779
    3198       2.4691
    3199       2.4756
    3200       2.5681
    3201       2.4447
    3202       2.5187
    3203       2.3029
    3204       2.2351
    3205       2.3298
    3206       2.5493
    3207       2.4902
    3208       2.5409
    3209       2.4401
    3210       2.4994
    3211       2.6158
    3212       2.5041
    3213       2.4770
    3214       2.6183
    3215       2.4800
    3216       2.5811
    3217       2.7979
    3218       2.9053
    3219       2.9171
    3220       2.7573
    3221       2.7306
    3222       2.7357
    3223       2.8341
    3224       2.8417
    3225       2.7477
    3226       2.5355
    3227       2.4652
    3228       2.6183
    3229       2.4639
    3230       2.4762
    3231       2.6006
    3232       2.3524
    3233       2.3548
    3234       2.1731
    3235       2.2319
    3236       2.1068
    3237       2.2544
    3238       2.4161
    3239       2.1666
    3240       2.2600
    3241       2.2373
    3242       2.1779
    3243       2.3740
    3244       2.3880
    3245       2.4399
    3246       2.4733
    3247       2.4487
    3248       2.5093
    3249       2.5029
    3250       2.2409
    3251       2.3169
    3252       2.3971
    3253       2.2141
    3254       2.4901
    3255       2.5137
    3256       2.6491
    3257       2.7315
    3258       2.5684
    3259       2.4602
    3260       2.7345
    3261       2.7645
    3262       2.5892
    3263       2.3326
    3264       2.5288
    3265       2.3392
    3266       2.4238
    3267       2.3624
    3268       2.3199
    3269       2.4603
    3270       2.5589
    3271       2.6063
    3272       2.4201
    3273       2.4726
    3274       2.6723
    3275       2.8860
    3276       2.8046
    3277       2.8348
    3278       2.7530
    3279       2.6018
    3280       2.8479
    3281       2.5493
    3282       2.6229
    3283       2.4787
    3284       2.5299
    3285       2.5130
    3286       2.4531
    3287       2.5129
    3288       2.4182
    3289       2.5123
    3290       2.4474
    3291       2.5342
    3292       2.5637
    3293       2.4727
    3294       2.5351
    3295       2.4760
    3296       2.4121
    3297       2.3669
    3298       2.4709
    3299       2.2556
    3300       2.1495
    3301       2.1701
    3302       2.0856
    3303       2.2324
    3304       2.4136
    3305       2.4086
    3306       2.4573
    3307       2.4761
    3308       2.5083
    3309       2.6277
    3310       2.5712
    3311       2.6032
    3312       2.5535
    3313       2.6098
    3314       2.5408
    3315       2.6111
    3316       2.5622
    3317       2.4037
    3318       2.3138
    3319       2.2038
    3320       2.2065
    3321       2.1392
    3322       2.0593
    3323       2.1315
    3324       2.0704
    3325       2.0929
    3326       2.0854
    3327       2.0605
    3328       1.9764
    3329       1.9780
    3330       1.7939
    3331       2.0056
    3332       2.0445
    3333       2.0524
    3334       2.0493
    3335       2.1216
    3336       2.0092
    3337       2.0887
    3338       1.9318
    3339       2.0869
    3340       2.2302
    3341       2.2823
    3342       2.3683
    3343       2.2526
    3344       2.3444
    3345       2.2579
    3346       2.1503
    3347       2.2012
    3348       2.2610
    3349       2.2684
    3350       2.2571
    3351       2.4007
    3352       2.5702
    3353       2.3221
    3354       2.4016
    3355       2.4802
    3356       2.5536
    3357       2.5532
    3358       2.4085
    3359       2.3590
    3360       2.3341
    3361       2.2877
    3362       2.4061
    3363       2.2750
    3364       2.2517
    3365       2.3638
    3366       2.3100
    3367       2.3512
    3368       2.3886
    3369       2.2800
    3370       2.2491
    3371       2.1138
    3372       2.1272
    3373       2.2405
    3374       2.1882
    3375       2.2649
    3376       2.1152
    3377       2.1805
    3378       2.1067
    3379       2.0183
    3380       2.0153
    3381       1.9214
    3382       1.9644
    3383       1.8651
    3384       1.8984
    3385       1.9860
    3386       1.9126
    3387       2.0550
    3388       2.0630
    3389       1.9402
    3390       2.0306
    3391       2.0669
    3392       1.8341
    3393       1.9597
    3394       1.9295
    3395       2.0111
    3396       1.8629
    3397       1.9909
    3398       1.9678
    3399       1.9620
    3400       1.9958
    3401       2.0157
    3402       2.0564
    3403       2.0603
    3404       2.1489
    3405       2.2191
    3406       2.4149
    3407       2.3725
    3408       2.2472
    3409       2.3200
    3410       2.3920
    3411       2.4160
    3412       2.5929
    3413       2.5356
    3414       2.5863
    3415       2.5385
    3416       2.5342
    3417       2.5894
    3418       2.4759
    3419       2.3250
    3420       2.3209
    3421       2.4841
    3422       2.6658
    3423       2.3598
    3424       2.5165
    3425       2.5778
    3426       2.5188
    3427       2.4947
    3428       2.5028
    3429       2.5268
    3430       2.3882
    3431       2.3634
    3432       2.3435
    3433       2.4838
    3434       2.2926
    3435       2.2059
    3436       2.3175
    3437       2.3401
    3438       2.2089
    3439       2.3585
    3440       2.4527
    3441       2.5299
    3442       2.4508
    3443       2.1821
    3444       2.2773
    3445       2.2144
    3446       2.1943
    3447       2.1799
    3448       2.0388
    3449       2.1448
    3450       2.1828
    3451       2.2679
    3452       2.2894
    3453       2.4497
    3454       2.3431
    3455       2.4873
    3456       2.3957
    3457       2.4984
    3458       2.3931
    3459       2.4294
    3460       2.4659
    3461       2.3998
    3462       2.3940
    3463       2.3951
    3464       2.5237
    3465       2.4302
    3466       2.3921
    3467       2.1827
    3468       2.3097
    3469       2.3570
    3470       2.3327
    3471       2.3696
    3472       2.3075
    3473       2.1720
    3474       2.3315
    3475       2.3021
    3476       2.1441
    3477       2.2025
    3478       2.4227
    3479       2.1591
    3480       2.2082
    3481       2.1233
    3482       2.2517
    3483       2.0943
    3484       2.1265
    3485       2.2138
    3486       2.0448
    3487       1.9927
    3488       1.9685
    3489       2.0832
    3490       2.0723
    3491       2.1430
    3492       2.2741
    3493       2.2647
    3494       2.0432
    3495       2.0325
    3496       2.2440
    3497       2.3898
    3498       2.3713
    3499       2.2959
    3500       2.2126
    3501       2.2238
    3502       2.1967
    3503       1.9869
    3504       2.3078
    3505       2.2941
    3506       2.3297
    3507       2.4845
    3508       2.3719
    3509       2.2412
    3510       2.0961
    3511       1.9186
    3512       2.1289
    3513       2.1615
    3514       2.0856
    3515       2.3442
    3516       2.3567
    3517       2.2588
    3518       2.2114
    3519       2.1770
    3520       2.4172
    3521       2.5259
    3522       2.3636
    3523       2.4184
    3524       2.4148
    3525       2.5796
    3526       2.6099
    3527       2.5153
    3528       2.5531
    3529       2.4232
    3530       2.6371
    3531       2.5942
    3532       2.5993
    3533       2.7905
    3534       2.9572
    3535       2.6768
    3536       2.7105
    3537       2.6216
    3538       2.5387
    3539       2.3488
    3540       2.4622
    3541       2.3915
    3542       2.3480
    3543       2.0937
    3544       2.1206
    3545       2.1187
    3546       2.2760
    3547       2.3427
    3548       2.1364
    3549       2.2210
    3550       2.0654
    3551       2.1885
    3552       2.0249
    3553       2.1034
    3554       2.2080
    3555       2.1035
    3556       2.1775
    3557       2.1570
    3558       2.0534
    3559       2.0568
    3560       1.9339
    3561       2.0385
    3562       2.0684
    3563       2.1535
    3564       2.2400
    3565       2.2209
    3566       2.2776
    3567       2.0343
    3568       2.1783
    3569       2.0072
    3570       2.0248
    3571       2.0245
    3572       2.0860
    3573       1.9886
    3574       1.9644
    3575       1.8906
    3576       1.8784
    3577       1.9158
    3578       1.8110
    3579       1.6364
    3580       1.7707
    3581       1.6938
    3582       1.7100
    3583       1.8743
    3584       1.9458
    3585       1.9856
    3586       1.8842
    3587       1.7891
    3588       1.7874
    3589       1.7262
    3590       1.8555
    3591       1.9278
    3592       1.9813
    3593       1.9130
    3594       2.0650
    3595       1.9915
    3596       1.9241
    3597       2.0560
    3598       2.2179
    3599       2.3512
    3600       2.2445
    3601       1.9886
    3602       1.8950
    3603       1.9499
    3604       1.7129
    3605       1.6373
    3606       1.5858
    3607       1.6734
    3608       1.8206
    3609       1.9915
    3610       2.2277
    3611       1.9337
    3612       1.9473
    3613       1.9539
    3614       1.8357
    3615       1.8016
    3616       2.0732
    3617       1.9889
    3618       1.9205
    3619       2.0549
    3620       1.8369
    3621       1.9898
    3622       2.0595
    3623       1.9122
    3624       1.8782
    3625       1.9555
    3626       2.0313
    3627       1.9114
    3628       1.7805
    3629       1.8357
    3630       1.7912
    3631       1.8055
    3632       1.8126
    3633       1.8872
    3634       1.7366
    3635       1.9240
    3636       2.0156
    3637       1.9206
    3638       1.9334
    3639       1.7649
    3640       1.9954
    3641       1.8890
    3642       1.8644
    3643       2.1298
    3644       2.1825
    3645       2.1569
    3646       2.3066
    3647       2.2730
    3648       2.2973
    3649       2.1342
    3650       2.0985
    3651       2.1119
    3652       2.1035
    3653       2.1304
    3654       2.2045
    3655       2.2016
    3656       2.1523
    3657       2.1188
    3658       2.3386
    3659       2.2840
    3660       2.2746
    3661       2.3205
    3662       2.1976
    3663       2.1787
    3664       2.1501
    3665       2.1066
    3666       1.9761
    3667       1.8702
    3668       1.8592
    3669       1.7815
    3670       1.6248
    3671       1.7110
    3672       1.7597
    3673       1.8132
    3674       1.7543
    3675       1.7294
    3676       1.7818
    3677       1.8167
    3678       1.7975
    3679       1.7097
    3680       1.6665
    3681       1.7463
    3682       1.8976
    3683       1.9855
    3684       2.1081
    3685       2.0242
    3686       1.9951
    3687       1.9756
    3688       2.0862
    3689       2.0293
    3690       1.9935
    3691       2.0078
    3692       1.9206
    3693       2.0093
    3694       1.9799
    3695       1.9441
    3696       1.9250
    3697       1.9456
    3698       1.9557
    3699       2.0102
    3700       2.0348
    3701       1.8812
    3702       1.8599
    3703       1.7598
    3704       1.8748
    3705       2.0450
    3706       2.0640
    3707       2.1861
    3708       2.2207
    3709       2.0487
    3710       2.0238
    3711       1.8989
    3712       2.0838
    3713       2.1395
    3714       2.3120
    3715       2.2668
    3716       2.1759
    3717       2.1959
    3718       2.1626
    3719       2.2100
    3720       2.1637
    3721       2.4614
    3722       2.2816
    3723       2.2551
    3724       2.0281
    3725       2.1084
    3726       2.0444
    3727       2.0268
    3728       2.1272
    3729       2.2326
    3730       2.1615
    3731       2.1061
    3732       1.9371
    3733       1.9390
    3734       1.9474
    3735       2.0441
    3736       1.8348
    3737       1.7035
    3738       1.6542
    3739       1.8070
    3740       1.8294
    3741       1.9180
    3742       2.0127
    3743       2.1947
    3744       2.2902
    3745       2.2003
    3746       2.0105
    3747       2.0355
    3748       2.3923
    3749       2.1364
    3750       2.3820
    3751       2.3941
    3752       2.1118
    3753       2.0114
    3754       2.0316
    3755       1.8856
    3756       1.9076
    3757       1.7643
    3758       1.9138
    3759       2.0697
    3760       1.9519
    3761       1.9127
    3762       1.9231
    3763       2.0596
    3764       1.9748
    3765       2.0580
    3766       2.1084
    3767       1.9849
    3768       2.0095
    3769       1.8503
    3770       2.0389
    3771       1.8979
    3772       2.0266
    3773       2.0396
    3774       1.8685
    3775       2.0517
    3776       2.0115
    3777       1.9832
    3778       1.9449
    3779       1.8420
    3780       2.0861
    3781       2.2526
    3782       2.3756
    3783       2.3194
    3784       2.2234
    3785       2.2175
    3786       2.1289
    3787       2.0215
    3788       2.0942
    3789       2.0277
    3790       2.1701
    3791       2.0498
    3792       1.9537
    3793       2.0136
    3794       2.1399
    3795       2.2202
    3796       2.2479
    3797       2.1776
    3798       2.1028
    3799       2.2661
    3800       2.2502
    3801       2.3596
    3802       2.4204
    3803       2.4180
    3804       2.3070
    3805       2.4577
    3806       2.2565
    3807       2.3741
    3808       2.1805
    3809       2.2468
    3810       2.3178
    3811       2.1728
    3812       2.0931
    3813       2.0500
    3814       2.0638
    3815       2.0689
    3816       2.1342
    3817       2.1006
    3818       2.0201
    3819       1.8382
    3820       1.8511
    3821       2.0670
    3822       2.0553
    3823       2.0732
    3824       2.0807
    3825       1.9920
    3826       1.9636
    3827       2.0256
    3828       1.9425
    3829       2.0000
    3830       2.2307
    3831       2.1575
    3832       2.1672
    3833       2.0223
    3834       1.9225
    3835       2.0265
    3836       1.9503
    3837       2.0376
    3838       2.0297
    3839       2.3240
    3840       2.2239
    3841       2.2462
    3842       2.3803
    3843       2.3529
    3844       2.3199
    3845       2.0958
    3846       2.0987
    3847       2.1062
    3848       2.1716
    3849       2.1360
    3850       2.0643
    3851       2.1965
    3852       2.3028
    3853       2.2934
    3854       2.2801
    3855       2.4183
    3856       2.6112
    3857       2.5958
    3858       2.4708
    3859       2.2290
    3860       2.3424
    3861       2.4719
    3862       2.1124
    3863       2.1160
    3864       2.2183
    3865       2.1645
    3866       2.3096
    3867       2.3015
    3868       2.4221
    3869       2.1008
    3870       2.4589
    3871       2.2095
    3872       2.2306
    3873       2.3074
    3874       2.1846
    3875       2.1854
    3876       2.2547
    3877       2.3147
    3878       2.3219
    3879       2.1727
    3880       2.1512
    3881       2.2611
    3882       2.3093
    3883       2.4696
    3884       2.6959
    3885       2.4884
    3886       2.4328
    3887       2.6403
    3888       2.5564
    3889       2.5695
    3890       2.6253
    3891       2.7034
    3892       2.6504
    3893       2.4155
    3894       2.2209
    3895       2.1476
    3896       2.2519
    3897       2.1943
    3898       2.2410
    3899       2.0889
    3900       2.1847
    3901       2.2870
    3902       2.3726
    3903       2.3938
    3904       2.5224
    3905       2.4473
    3906       2.7001
    3907       2.5353
    3908       2.5053
    3909       2.4998
    3910       2.4147
    3911       2.4311
    3912       2.5721
    3913       2.3316
    3914       2.3402
    3915       2.5337
    3916       2.4987
    3917       2.2538
    3918       2.3856
    3919       2.4895
    3920       2.4521
    3921       2.6622
    3922       2.4269
    3923       2.6577
    3924       2.7648
    3925       2.6853
    3926       2.6620
    3927       2.7215
    3928       2.5125
    3929       2.5787
    3930       2.4576
    3931       2.4408
    3932       2.5206
    3933       2.6060
    3934       2.6425
    3935       2.6987
    3936       2.7058
    3937       2.6063
    3938       2.6713
    3939       2.7622
    3940       2.7894
    3941       2.5219
    3942       2.6525
    3943       2.4554
    3944       2.4126
    3945       2.7184
    3946       2.4196
    3947       2.4587
    3948       2.4551
    3949       2.6912
    3950       2.5158
    3951       2.5167
    3952       2.4973
    3953       2.4485
    3954       2.5640
    3955       2.5247
    3956       2.5091
    3957       2.5524
    3958       2.6095
    3959       2.7304
    3960       2.6919
    3961       2.6428
    3962       2.5477
    3963       2.4519
    3964       2.4526
    3965       2.5063
    3966       2.4221
    3967       2.4822
    3968       2.1890
    3969       2.0626
    3970       2.1335
    3971       2.1131
    3972       1.9737
    3973       2.1333
    3974       2.0137
    3975       2.0603
    3976       2.2634
    3977       2.2925
    3978       2.2902
    3979       2.1996
    3980       2.1289
    3981       2.2018
    3982       2.3309
    3983       2.0294
    3984       1.9704
    3985       1.9068
    3986       1.8747
    3987       1.8116
    3988       1.8165
    3989       1.8617
    3990       1.9770
    3991       2.1165
    3992       2.2290
    3993       2.0032
    3994       2.1091
    3995       2.1379
    3996       2.1200
    3997       2.0161
    3998       1.9577
    3999       1.9349
    4000       2.0721
    4001       2.1738
    4002       2.0295
    4003       1.7879
    4004       1.7658
    4005       1.8093
    4006       1.8434
    4007       1.8696
    4008       1.8772
    4009       1.8614
    4010       1.8822
    4011       2.1349
    4012       2.2101
    4013       2.3872
    4014       2.2224
    4015       2.2208
    4016       2.2831
    4017       2.3452
    4018       2.1929
    4019       2.3591
    4020       2.3563
    4021       2.4325
    4022       2.2477
    4023       2.3562
    4024       2.4422
    4025       2.4667
    4026       2.4775
    4027       2.3633
    4028       2.3230
    4029       2.2542
    4030       2.2743
    4031       2.2422
    4032       2.4049
    4033       2.3242
    4034       2.4255
    4035       2.2921
    4036       2.4191
    4037       2.4021
    4038       2.1868
    4039       2.1584
    4040       2.2403
    4041       2.1342
    4042       2.1808
    4043       2.2101
    4044       2.2820
    4045       2.0908
    4046       2.0238
    4047       2.0710
    4048       2.0042
    4049       1.9436
    4050       1.8435
    4051       2.0367
    4052       1.9865
    4053       2.0115
    4054       1.8972
    4055       1.8667
    4056       1.8023
    4057       1.8260
    4058       1.8017
    4059       1.7943
    4060       1.6866
    4061       1.7497
    4062       1.7356
    4063       1.7876
    4064       1.7323
    4065       1.6699
    4066       1.7276
    4067       1.7142
    4068       1.7584
    4069       1.8234
    4070       1.8760
    4071       1.8833
    4072       1.8616
    4073       1.8204
    4074       1.7877
    4075       1.8140
    4076       1.8561
    4077       1.9635
    4078       2.2819
    4079       2.2470
    4080       2.2610
    4081       2.0067
    4082       1.9071
    4083       2.1162
    4084       1.8869
    4085       2.0134
    4086       2.0632
    4087       1.8725
    4088       1.8659
    4089       1.9008
    4090       1.8273
    4091       1.9463
    4092       2.0366
    4093       1.8486
    4094       1.8565
    4095       1.8410
    4096       1.8472
    4097       1.8962
    4098       1.8846
    4099       1.9043
    4100       1.9609
    4101       1.9599
    4102       1.8989
    4103       1.8073
    4104       2.0418
    4105       2.1089
    4106       2.1147
    4107       2.0378
    4108       2.1078
    4109       2.0418
    4110       2.0905
    4111       2.0530
    4112       2.0519
    4113       1.9686
    4114       1.9411
    4115       1.8621
    4116       1.8014
    4117       1.7824
    4118       1.8649
    4119       1.9761
    4120       1.9065
    4121       1.9420
    4122       1.8701
    4123       1.9639
    4124       1.9014
    4125       1.8140
    4126       1.8597
    4127       1.9488
    4128       1.9238
    4129       1.9336
    4130       1.9332
    4131       2.0013
    4132       2.1531
    4133       2.0770
    4134       2.0092
    4135       1.9711
    4136       1.9845
    4137       1.9552
    4138       2.1467
    4139       2.1459
    4140       2.0582
    4141       2.1635
    4142       1.9890
    4143       2.0936
    4144       1.8541
    4145       1.8761
    4146       1.9096
    4147       1.8459
    4148       1.9910
    4149       2.0027
    4150       1.9849
    4151       1.8477
    4152       2.0591
    4153       1.9380
    4154       1.9468
    4155       2.0005
    4156       1.8549
    4157       1.8114
    4158       1.9075
    4159       1.9358
    4160       1.9885
    4161       2.0331
    4162       2.0009
    4163       1.9385
    4164       2.0772
    4165       1.9153
    4166       2.0403
    4167       2.0161
    4168       1.9315
    4169       2.0425
    4170       2.0330
    4171       1.9433
    4172       1.9668
    4173       2.1154
    4174       2.1323
    4175       1.9662
    4176       1.9402
    4177       1.8694
    4178       1.8645
    4179       1.8666
    4180       1.9010
    4181       2.0298
    4182       2.0248
    4183       1.9166
    4184       1.9570
    4185       1.8450
    4186       1.7976
    4187       1.8330
    4188       2.0284
    4189       1.9777
    4190       1.9291
    4191       1.9382
    4192       1.8813
    4193       1.8626
    4194       1.8605
    4195       2.0341
    4196       2.0857
    4197       2.0750
    4198       1.9863
    4199       1.9362
    4200       2.1053
    4201       2.1726
    4202       2.0609
    4203       2.1549
    4204       2.0831
    4205       2.1900
    4206       2.2358
    4207       2.3199
    4208       2.2938
    4209       2.2259
    4210       2.1823
    4211       2.2146
    4212       2.1964
    4213       2.0958
    4214       1.8453
    4215       1.8052
    4216       1.9717
    4217       1.8097
    4218       1.7841
    4219       2.0113
    4220       2.2468
    4221       2.1416
    4222       2.0128
    4223       2.0233
    4224       1.8549
    4225       2.1320
    4226       2.3983
    4227       2.3630
    4228       2.4348
    4229       2.3140
    4230       2.5004
    4231       2.3925
    4232       2.2569
    4233       1.9996
    4234       2.2212
    4235       2.1458
    4236       2.1203
    4237       2.1992
    4238       2.0861
    4239       2.1382
    4240       2.1185
    4241       2.1282
    4242       2.0952
    4243       2.1451
    4244       2.2637
    4245       2.3949
    4246       2.2506
    4247       2.1023
    4248       2.1300
    4249       2.0852
    4250       2.1450
    4251       2.1568
    4252       2.0580
    4253       2.0561
    4254       2.1063
    4255       2.0885
    4256       2.1622
    4257       2.2907
    4258       2.1110
    4259       1.8852
    4260       1.9175
    4261       2.0899
    4262       2.0996
    4263       2.1982
    4264       2.0526
    4265       2.0351
    4266       1.9102
    4267       2.0343
    4268       1.9874
    4269       1.8065
    4270       1.8293
    4271       1.7433
    4272       1.7617
    4273       1.9135
    4274       1.9782
    4275       2.0390
    4276       2.0201
    4277       2.1657
    4278       2.1382
    4279       2.0879
    4280       1.9911
    4281       2.0615
    4282       2.0005
    4283       2.1288
    4284       2.0325
    4285       1.9269
    4286       2.0731
    4287       2.1956
    4288       2.1896
    4289       2.2284
    4290       2.1366
    4291       2.0567
    4292       2.2035
    4293       2.2922
    4294       2.2914
    4295       2.1268
    4296       2.2066
    4297       2.3597
    4298       2.1714
    4299       2.1619
    4300       2.2413
    4301       2.1621
    4302       2.2172
    4303       2.2232
    4304       2.1086
    4305       2.0674
    4306       2.1926
    4307       2.0605
    4308       2.2560
    4309       2.4404
    4310       2.0784
    4311       2.0161
    4312       2.1305
    4313       2.1194
    4314       2.3062
    4315       2.2459
    4316       2.1466
    4317       2.0778
    4318       2.1401
    4319       2.1967
    4320       1.9903
    4321       2.0908
    4322       2.2367
    4323       2.1082
    4324       2.0102
    4325       2.0674
    4326       2.0171
    4327       2.1139
    4328       2.2053
    4329       1.8690
    4330       1.9787
    4331       2.0085
    4332       1.9906
    4333       2.0939
    4334       2.0388
    4335       2.1807
    4336       2.0991
    4337       1.9022
    4338       2.0559
    4339       1.8873
    4340       1.9134
    4341       2.0951
    4342       1.8394
    4343       2.1151
    4344       2.0502
    4345       1.9908
    4346       1.9861
    4347       2.1326
    4348       2.0202
    4349       1.8754
    4350       1.6891
    4351       1.8178
    4352       1.8607
    4353       1.9323
    4354       1.8450
    4355       1.8289
    4356       1.6990
    4357       1.8070
    4358       1.7023
    4359       1.7042
    4360       1.6180
    4361       1.6832
    4362       1.7451
    4363       1.8154
    4364       1.7391
    4365       1.7922
    4366       1.8739
    4367       1.9629
    4368       2.0127
    4369       1.8825
    4370       1.8921
    4371       1.8327
    4372       1.7933
    4373       1.9309
    4374       1.8600
    4375       1.9670
    4376       1.8256
    4377       1.8754
    4378       1.9489
    4379       1.8291
    4380       1.8016
    4381       1.8817
    4382       1.6500
    4383       1.6905
    4384       1.6513
    4385       1.9781
    4386       1.7222
    4387       1.7341
    4388       1.8517
    4389       1.9271
    4390       1.9765
    4391       1.9137
    4392       2.0387
    4393       2.0776
    4394       2.0887
    4395       1.8267
    4396       1.8364
    4397       1.8834
    4398       1.8406
    4399       1.9766
    4400       1.8760
    4401       1.9066
    4402       1.9702
    4403       2.0539
    4404       1.9548
    4405       2.1060
    4406       1.9730
    4407       1.9559
    4408       1.7851
    4409       1.9196
    4410       1.9021
    4411       1.8249
    4412       1.7058
    4413       1.7638
    4414       1.7122
    4415       1.6493
    4416       1.5746
    4417       1.5290
    4418       1.5647
    4419       1.7446
    4420       1.7415
    4421       1.7629
    4422       1.8908
    4423       2.0076
    4424       1.9803
    4425       1.9121
    4426       1.9611
    4427       1.8471
    4428       1.8397
    4429       1.8140
    4430       1.9030
    4431       1.6945
    4432       1.7222
    4433       1.6749
    4434       1.6494
    4435       1.6400
    4436       1.7046
    4437       1.6900
    4438       1.6902
    4439       1.6061
    4440       1.6688
    4441       1.6623
    4442       1.7519
    4443       1.6782
    4444       1.6843
    4445       1.6955
    4446       1.6818
    4447       1.7379
    4448       1.5960
    4449       1.6314
    4450       1.7281
    4451       1.6949
    4452       1.6874
    4453       1.6978
    4454       1.6810
    4455       1.8399
    4456       1.8799
    4457       1.9082
    4458       1.8262
    4459       1.6665
    4460       1.5892
    4461       1.6397
    4462       1.5587
    4463       1.5963
    4464       1.5803
    4465       1.6381
    4466       1.6842
    4467       1.6454
    4468       1.7673
    4469       1.6285
    4470       1.7318
    4471       1.6520
    4472       1.7514
    4473       1.7292
    4474       1.8343
    4475       1.8424
    4476       1.7852
    4477       1.7402
    4478       1.7204
    4479       1.7521
    4480       1.8706
    4481       1.9392
    4482       1.8179
    4483       1.8667
    4484       1.9465
    4485       1.8631
    4486       1.9585
    4487       1.9056
    4488       1.8530
    4489       1.8202
    4490       1.8564
    4491       1.7903
    4492       1.9095
    4493       1.8283
    4494       1.8579
    4495       1.8662
    4496       1.9223
    4497       1.7871
    4498       1.8161
    4499       1.9521
    4500       1.9865
    4501       1.9729
    4502       1.7495
    4503       1.7441
    4504       1.6962
    4505       1.8595
    4506       1.8519
    4507       1.8643
    4508       1.7551
    4509       1.7417
    4510       1.7275
    4511       1.7477
    4512       1.7618
    4513       1.6209
    4514       1.7117
    4515       1.8080
    4516       1.8090
    4517       1.7697
    4518       1.5731
    4519       1.7404
    4520       1.6095
    4521       1.5897
    4522       1.7098
    4523       1.5699
    4524       1.5849
    4525       1.6110
    4526       1.6579
    4527       1.7136
    4528       1.7962
    4529       1.7279
    4530       1.6556
    4531       1.6744
    4532       1.7393
    4533       1.8854
    4534       1.9115
    4535       1.9520
    4536       1.8521
    4537       1.7466
    4538       1.7104
    4539       1.7053
    4540       1.6355
    4541       1.6598
    4542       1.7136
    4543       1.7331
    4544       1.7339
    4545       1.8732
    4546       1.6937
    4547       1.7731
    4548       1.8827
    4549       1.9727
    4550       1.7321
    4551       1.7711
    4552       1.8062
    4553       1.8685
    4554       1.7102
    4555       1.6400
    4556       1.6753
    4557       1.7624
    4558       1.6611
    4559       1.6546
    4560       1.6482
    4561       1.6695
    4562       1.6649
    4563       1.6730
    4564       1.7501
    4565       1.7457
    4566       1.7340
    4567       1.7696
    4568       1.6725
    4569       1.7129
    4570       1.6824
    4571       1.6699
    4572       1.7458
    4573       1.6833
    4574       1.7501
    4575       1.7501
    4576       1.6287
    4577       1.8157
    4578       1.8379
    4579       1.8092
    4580       1.8361
    4581       1.7277
    4582       1.7217
    4583       1.7133
    4584       1.5849
    4585       1.5473
    4586       1.5818
    4587       1.5915
    4588       1.6077
    4589       1.7082
    4590       1.6205
    4591       1.6288
    4592       1.7315
    4593       1.6602
    4594       1.7173
    4595       1.6090
    4596       1.6434
    4597       1.7242
    4598       1.7280
    4599       1.8715
    4600       1.7231
    4601       1.7385
    4602       1.7715
    4603       1.7196
    4604       1.6021
    4605       1.7722
    4606       1.9059
    4607       1.6795
    4608       1.7273
    4609       1.7267
    4610       1.7622
    4611       1.6270
    4612       1.6300
    4613       1.6069
    4614       1.5483
    4615       1.5669
    4616       1.7544
    4617       1.7328
    4618       1.5982
    4619       1.5973
    4620       1.4340
    4621       1.4877
    4622       1.6191
    4623       1.7579
    4624       1.6995
    4625       1.8311
    4626       1.7159
    4627       1.7673
    4628       1.7697
    4629       1.6642
    4630       1.7123
    4631       1.6937
    4632       1.7520
    4633       1.6342
    4634       1.7153
    4635       1.5891
    4636       1.4772
    4637       1.6977
    4638       1.5894
    4639       1.7582
    4640       1.7343
    4641       1.8150
    4642       1.6338
    4643       1.7728
    4644       1.8508
    4645       1.7958
    4646       1.8281
    4647       1.6154
    4648       1.5797
    4649       1.6202
    4650       1.9131
    4651       1.9375
    4652       1.8190
    4653       1.9206
    4654       1.8978
    4655       1.8134
    4656       1.8361
    4657       1.7695
    4658       1.9008
    4659       1.9642
    4660       1.8309
    4661       1.9118
    4662       1.8131
    4663       1.7179
    4664       1.8580
    4665       1.7944
    4666       1.6014
    4667       1.6460
    4668       1.5387
    4669       1.6218
    4670       1.4891
    4671       1.6807
    4672       1.7304
    4673       1.6127
    4674       1.6882
    4675       1.6375
    4676       1.5424
    4677       1.6323
    4678       1.6736
    4679       1.6395
    4680       1.7469
    4681       1.7891
    4682       1.6886
    4683       1.8187
    4684       1.6404
    4685       1.6450
    4686       1.6447
    4687       1.6411
    4688       1.7024
    4689       1.7994
    4690       1.7547
    4691       1.7431
    4692       1.6052
    4693       1.7479
    4694       2.0785
    4695       2.0595
    4696       1.9449
    4697       1.8756
    4698       1.7554
    4699       1.7247
    4700       1.7522
    4701       1.8507
    4702       1.7480
    4703       1.8435
    4704       1.8094
    4705       1.8004
    4706       1.9159
    4707       2.2547
    4708       2.1233
    4709       2.2293
    4710       2.0743
    4711       1.9223
    4712       1.8771
    4713       2.0228
    4714       2.1026
    4715       2.0281
    4716       2.0013
    4717       1.8628
    4718       1.9195
    4719       1.9988
    4720       1.9056
    4721       1.7646
    4722       1.7301
    4723       1.7629
    4724       1.8704
    4725       1.8274
    4726       1.7754
    4727       1.6887
    4728       1.8861
    4729       1.7218
    4730       1.7357
    4731       1.7867
    4732       1.8287
    4733       1.9183
    4734       1.9817
    4735       1.7670
    4736       2.0038
    4737       1.8199
    4738       1.9023
    4739       1.9680
    4740       1.9123
    4741       2.0862
    4742       1.9984
    4743       2.1797
    4744       2.1007
    4745       1.9609
    4746       2.0687
    4747       1.9140
    4748       1.8414
    4749       1.7999
    4750       1.8226
    4751       1.9589
    4752       2.0736
    4753       1.9911
    4754       2.1228
    4755       1.8986
    4756       1.7453
    4757       1.6805
    4758       1.8225
    4759       1.9028
    4760       2.0854
    4761       2.0666
    4762       2.2899
    4763       2.2495
    4764       2.0680
    4765       2.0121
    4766       2.0419
    4767       2.1442
    4768       2.0827
    4769       1.9968
    4770       2.0010
    4771       2.0658
    4772       2.3493
    4773       2.3471
    4774       2.1148
    4775       2.1443
    4776       1.8753
    4777       1.7858
    4778       1.9194
    4779       1.8785
    4780       1.6993
    4781       1.8965
    4782       1.9470
    4783       1.9680
    4784       2.0091
    4785       1.9983
    4786       2.0859
    4787       2.0603
    4788       2.1078
    4789       2.2020
    4790       2.2412
    4791       2.6153
    4792       2.6119
    4793       2.7460
    4794       2.8996
    4795       3.1159
    4796       2.8286
    4797       2.5667
    4798       2.5789
    4799       2.5212
    4800       2.6074
    4801       2.7127
    4802       2.8551
    4803       2.8535
    4804       3.0407
    4805       2.7970
    4806       2.9506
    4807       2.9248
    4808       2.7243
    4809       2.7382
    4810       2.8366
    4811       3.0002
    4812       2.6608
    4813       2.9215
    4814       2.7001
    4815       2.7102
    4816       2.8084
    4817       2.8797
    4818       2.7060
    4819       2.8157
    4820       2.9169
    4821       2.8180
    4822       2.7546
    4823       2.5757
    4824       2.7333
    4825       2.8586
    4826       2.8652
    4827       2.8298
    4828       2.9870
    4829       2.9494
    4830       2.7414
    4831       2.8504
    4832       2.8339
    4833       2.8720
    4834       3.1235
    4835       2.9630
    4836       2.9021
    4837       2.6257
    4838       2.5674
    4839       2.8512
    4840       2.9602
    4841       3.0076
    4842       3.1379
    4843       3.0587
    4844       2.7683
    4845       2.5735
    4846       2.7739
    4847       2.7946
    4848       2.6296
    4849       2.6586
    4850       2.8142
    4851       2.7605
    4852       2.5724
    4853       2.4851
    4854       2.8092
    4855       2.7021
    4856       2.9613
    4857       3.0667
    4858       2.9123
    4859       2.8993
    4860       3.0205
    4861       3.1752
    4862       3.0059
    4863       2.8113
    4864       2.7318
    4865       2.6630
    4866       2.7895
    4867       2.7283
    4868       2.6137
    4869       2.5761
    4870       2.6032
    4871       2.7622
    4872       2.5356
    4873       2.7101
    4874       2.6465
    4875       2.6574
    4876       2.8398
    4877       3.1850
    4878       3.1693
    4879       3.1984
    4880       2.9520
    4881       2.9802
    4882       2.9448
    4883       2.9385
    4884       2.9699
    4885       2.6409
    4886       2.7642
    4887       2.6606
    4888       2.9277
    4889       2.9730
    4890       2.9873
    4891       3.0441
    4892       2.8849
    4893       2.8131
    4894       2.7585
    4895       2.9734
    4896       2.9275
    4897       2.9954
    4898       2.9261
    4899       2.9602
    4900       3.0014
    4901       2.6013
    4902       2.8880
    4903       2.9389
    4904       3.1398
    4905       2.9402
    4906       2.7733
    4907       2.8673
    4908       2.8283
    4909       2.9775
    4910       3.1614
    4911       3.3080
    4912       3.1612
    4913       3.2624
    4914       3.1292
    4915       3.2569
    4916       3.3292
    4917       2.8273
    4918       2.7386
    4919       2.8390
    4920       2.7507
    4921       2.8395
    4922       2.8703
    4923       3.1505
    4924       3.1002
    4925       3.0165
    4926       2.8486
    4927       2.9074
    4928       3.0044
    4929       2.8961
    4930       2.5271
    4931       2.7278
    4932       2.6488
    4933       2.5330
    4934       2.5466
    4935       2.5583
    4936       2.6645
    4937       2.5382
    4938       2.6002
    4939       2.8145
    4940       3.0069
    4941       2.6723
    4942       2.8874
    4943       2.9975
    4944       3.0706
    4945       3.1284
    4946       3.0383
    4947       2.8604
    4948       2.8229
    4949       2.8638
    4950       2.8639
    4951       2.6993
    4952       2.7469
    4953       2.7536
    4954       2.8414
    4955       2.8453
    4956       2.9296
    4957       2.7322
    4958       2.6689
    4959       2.7231
    4960       2.7025
    4961       2.6935
    4962       2.9186
    4963       2.8773
    4964       2.8216
    4965       2.7251
    4966       2.8520
    4967       2.7082
    4968       2.8641
    4969       2.8969
    4970       2.8325
    4971       2.8613
    4972       2.9044
    4973       2.8497
    4974       3.1067
    4975       3.1780
    4976       3.2549
    4977       3.3281
    4978       3.3485
    4979       3.2469
    4980       3.0947
    4981       3.0084
    4982       2.9792
    4983       2.9591
    4984       3.0878
    4985       3.2186
    4986       2.9594
    4987       2.9151
    4988       2.7576
    4989       2.9265
    4990       2.9020
    4991       2.9799
    4992       3.1968
    4993       3.0049
    4994       3.0063
    4995       2.9213
    4996       3.0394
    4997       2.9998
    4998       2.9207
    4999       3.0117
    5000       2.7946
    5001       2.8431
    5002       2.6484
    5003       2.7246
    5004       2.6898
    5005       2.4315
    5006       2.3486
    5007       2.4618
    5008       2.5469
    5009       2.6266
    5010       2.6181
    5011       2.6453
    5012       2.4053
    5013       2.2992
    5014       2.3875
    5015       2.2437
    5016       2.4250
    5017       2.3918
    5018       2.4914
    5019       2.4061
    5020       2.6549
    5021       2.5867
    5022       2.5955
    5023       2.5085
    5024       2.5938
    5025       2.8732
    5026       2.7070
    5027       2.9631
    5028       2.9838
    5029       2.9946
    5030       2.8576
    5031       2.8233
    5032       2.5179
    5033       2.5245
    5034       2.5523
    5035       2.7550
    5036       2.4998
    5037       2.6843
    5038       2.6665
    5039       2.6745
    5040       2.6453
    5041       2.7923
    5042       2.8163
    5043       2.8284
    5044       2.7935
    5045       2.8834
    5046       2.9767
    5047       3.2441
    5048       3.3199
    5049       3.2413
    5050       3.3700
    5051       3.2692
    5052       3.3576
    5053       3.3484
    5054       3.5025
    5055       3.4085
    5056       3.4577
    5057       3.4755
    5058       3.6046
    5059       3.5683
    5060       3.2874
    5061       3.2128
    5062       3.3687
    5063       3.4253
    5064       3.5772
    5065       3.4103
    5066       3.5341
    5067       3.5320
    5068       3.4918
    5069       3.6012
    5070       3.6566
    5071       3.8569
    5072       3.9566
    5073       3.8177
    5074       3.9624
    5075       3.7155
    5076       3.6635
    5077       3.4402
    5078       3.3710
    5079       3.4683
    5080       3.5413
    5081       3.4881
    5082       3.4137
    5083       3.4251
    5084       3.5813
    5085       3.6041
    5086       3.6333
    5087       3.4430
    5088       3.5081
    5089       3.3686
    5090       3.4803
    5091       3.3364
    5092       3.4238
    5093       3.5803
    5094       3.4232
    5095       3.4922
    5096       3.5383
    5097       3.3683
    5098       3.3508
    5099       3.4116
    5100       3.4150
    5101       3.2823
    5102       3.2045
    5103       3.4469
    5104       3.4103
    5105       3.4707
    5106       3.3266
    5107       3.2763
    5108       3.2335
    5109       3.4339
    5110       3.4009
    5111       3.3320
    5112       3.3053
    5113       3.5212
    5114       3.4251
    5115       3.5011
    5116       3.2476
    5117       3.2985
    5118       2.9481
    5119       3.0645
    5120       3.4543
    5121       3.3926
    5122       3.4919
    5123       3.5133
    5124       3.5876
    5125       3.4318
    5126       3.5531
    5127       3.4452
    5128       3.4112
    5129       3.1791
    5130       3.0850
    5131       2.9626
    5132       2.9880
    5133       3.3325
    5134       3.3136
    5135       3.4193
    5136       3.1640
    5137       3.1674
    5138       3.1020
    5139       2.8685
    5140       3.1433
    5141       3.1252
    5142       3.0662
    5143       3.1473
    5144       2.9777
    5145       2.7829
    5146       3.0537
    5147       2.7694
    5148       2.9019
    5149       2.7277
    5150       3.0105
    5151       3.2090
    5152       3.1961
    5153       3.0064
    5154       3.0056
    5155       2.9864
    5156       3.0034
    5157       3.0384
    5158       3.0150
    5159       3.1289
    5160       2.9989
    5161       3.1870
    5162       3.3076
    5163       3.2734
    5164       3.2452
    5165       3.3509
    5166       3.2742
    5167       3.4012
    5168       3.2361
    5169       3.0706
    5170       3.2044
    5171       3.2800
    5172       3.1916
    5173       3.1536
    5174       3.2635
    5175       3.1630
    5176       3.2660
    5177       3.1896
    5178       3.1238
    5179       3.0687
    5180       3.2041
    5181       3.0661
    5182       3.1871
    5183       3.4504
    5184       3.4875
    5185       3.2564
    5186       3.1770
    5187       3.2957
    5188       3.3444
    5189       3.4017
    5190       3.3590
    5191       3.1673
    5192       3.1617
    5193       3.0143
    5194       2.9412
    5195       2.8470
    5196       2.7356
    5197       2.7326
    5198       2.9931
    5199       3.0635
    5200       3.1062
    5201       3.1308
    5202       3.2836
    5203       3.3521
    5204       3.4258
    5205       3.5239
    5206       3.5013
    5207       3.6022
    5208       3.4279
    5209       3.5761
    5210       3.5533
    5211       3.6740
    5212       3.7323
    5213       3.7015
    5214       3.9227
    5215       3.8935
    5216       3.7397
    5217       3.7608
    5218       3.7092
    5219       3.5960
    5220       3.5373
    5221       3.3894
    5222       3.4338
    5223       3.5056
    5224       3.5631
    5225       3.5009
    5226       3.3843
    5227       3.3691
    5228       3.2703
    5229       3.1873
    5230       3.3995
    5231       3.6526
    5232       3.6699
    5233       3.7425
    5234       3.5109
    5235       3.4736
    5236       3.5823
    5237       3.2834
    5238       3.3235
    5239       3.4036
    5240       3.2440
    5241       3.1401
    5242       3.3795
    5243       3.3688
    5244       3.3699
    5245       3.3233
    5246       3.1993
    5247       3.1013
    5248       3.0906
    5249       3.0569
    5250       3.1271
    5251       2.9745
    5252       2.9181
    5253       2.9199
    5254       2.9435
    5255       2.7862
    5256       3.1145
    5257       2.9079
    5258       2.9831
    5259       2.7767
    5260       2.7442
    5261       2.8029
    5262       2.9398
    5263       2.8844
    5264       2.9599
    5265       2.9090
    5266       2.9123
    5267       3.0456
    5268       3.1598
    5269       3.0799
    5270       3.1439
    5271       3.0659
    5272       3.0598
    5273       3.4701
    5274       3.6148
    5275       3.6327
    5276       3.4721
    5277       3.5344
    5278       3.5727
    5279       3.4327
    5280       3.3397
    5281       3.5527
    5282       3.3237
    5283       3.3041
    5284       3.4656
    5285       3.4398
    5286       3.3396
    5287       3.2669
    5288       3.2733
    5289       3.1251
    5290       3.1275
    5291       3.1804
    5292       3.1265
    5293       3.2300
    5294       3.3067
    5295       3.1044
    5296       3.1501
    5297       3.1607
    5298       3.2142
    5299       3.2905
    5300       3.3003
    5301       3.2360
    5302       3.3600
    5303       3.3495
    5304       3.5263
    5305       3.5685
    5306       3.4253
    5307       3.4239
    5308       3.4243
    5309       3.3701
    5310       3.3951
    5311       3.5156
    5312       3.3590
    5313       3.4666
    5314       3.3240
    5315       3.5832
    5316       3.4305
    5317       3.1335
    5318       3.1795
    5319       3.0555
    5320       3.0873
    5321       3.1875
    5322       3.2578
    5323       3.3532
    5324       3.4409
    5325       3.4614
    5326       3.3281
    5327       3.3725
    5328       3.0994
    5329       2.8870
    5330       2.8896
    5331       3.0568
    5332       3.2235
    5333       3.4665
    5334       3.3188
    5335       3.5697
    5336       3.1469
    5337       3.1574
    5338       3.0917
    5339       3.1905
    5340       3.0530
    5341       3.1839
    5342       3.2336
    5343       3.3858
    5344       3.3585
    5345       3.4370
    5346       3.3644
    5347       3.2996
    5348       3.3720
    5349       3.1810
    5350       3.1462
    5351       3.1797
    5352       3.5166
    5353       3.3445
    5354       3.2337
    5355       3.3185
    5356       3.6994
    5357       3.7209
    5358       3.7152
    5359       3.5880
    5360       3.6834
    5361       3.3917
    5362       3.3014
    5363       3.5007
    5364       3.0797
    5365       3.1804
    5366       3.2535
    5367       3.1841
    5368       3.2135
    5369       3.0767
    5370       2.9695
    5371       3.0219
    5372       3.1659
    5373       3.2640
    5374       3.1859
    5375       3.0628
    5376       3.0479
    5377       2.9753
    5378       3.1054
    5379       3.0417
    5380       3.0726
    5381       3.2259
    5382       3.2187
    5383       3.1103
    5384       3.2799
    5385       3.4448
    5386       3.4152
    5387       3.6433
    5388       3.4505
    5389       3.4951
    5390       3.3553
    5391       3.3182
    5392       3.4427
    5393       3.3171
    5394       3.2299
    5395       3.3254
    5396       3.2146
    5397       3.1770
    5398       2.8327
    5399       3.1294
    5400       3.0266
    5401       3.1273
    5402       3.2810
    5403       2.8895
    5404       2.9704
    5405       2.9711
    5406       3.0106
    5407       2.9985
    5408       2.9446
    5409       2.8701
    5410       2.9275
    5411       2.9358
    5412       3.0420
    5413       2.8807
    5414       2.8764
    5415       3.0520
    5416       3.0084
    5417       3.1191
    5418       2.8169
    5419       2.7902
    5420       2.9315
    5421       3.1229
    5422       3.0639
    5423       3.3338
    5424       3.4505
    5425       3.3394
    5426       3.3150
    5427       3.3664
    5428       3.1503
    5429       3.1134
    5430       3.0915
    5431       3.1343
    5432       3.2234
    5433       3.1641
    5434       3.3818
    5435       3.4579
    5436       3.6534
    5437       3.4975
    5438       3.5709
    5439       3.6455
    5440       3.7098
    5441       3.5750
    5442       3.6571
    5443       3.7060
    5444       3.6190
    5445       3.7065
    5446       3.5608
    5447       3.5568
    5448       3.5201
    5449       3.5082
    5450       3.5599
    5451       3.5215
    5452       3.5617
    5453       3.4583
    5454       3.5360
    5455       3.6821
    5456       3.4586
    5457       3.2797
    5458       3.3695
    5459       3.5306
    5460       3.4552
    5461       3.5266
    5462       3.5071
    5463       3.2808
    5464       3.3511
    5465       3.5064
    5466       3.5602
    5467       3.4395
    5468       3.7887
    5469       3.6685
    5470       3.7862
    5471       3.8844
    5472       3.8426
    5473       3.9153
    5474       3.7680
    5475       3.5611
    5476       3.5608
    5477       3.5212
    5478       3.5838
    5479       3.5038
    5480       3.6251
    5481       3.5812
    5482       3.4836
    5483       3.4775
    5484       3.6662
    5485       3.7708
    5486       3.7189
    5487       3.8385
    5488       3.8995
    5489       3.7903
    5490       3.6394
    5491       3.6731
    5492       3.6595
    5493       3.7952
    5494       3.6716
    5495       3.6613
    5496       3.6214
    5497       3.6961
    5498       3.3664
    5499       3.5449
    5500       3.7017
    5501       3.7978
    5502       3.7604
    5503       3.7870
    5504       3.6763
    5505       3.7888
    5506       3.7376
    5507       3.6618
    5508       3.8665
    5509       3.8582
    5510       3.8182
    5511       3.9472
    5512       3.9579
    5513       3.9399
    5514       3.9136
    5515       3.8330
    5516       3.7166
    5517       3.7551
    5518       3.5931
    5519       3.5097
    5520       3.4069
    5521       3.3370
    5522       3.3691
    5523       3.3585
    5524       3.4594
    5525       3.4323
    5526       3.4234
    5527       3.3562
    5528       3.5258
    5529       3.4061
    5530       3.2316
    5531       3.2432
    5532       3.2756
    5533       3.3353
    5534       3.3711
    5535       3.4401
    5536       3.3314
    5537       3.3847
    5538       3.3869
    5539       3.4973
    5540       3.3716
    5541       3.1402
    5542       3.2920
    5543       3.2471
    5544       3.1074
    5545       3.3249
    5546       3.5869
    5547       3.3093
    5548       3.2996
    5549       3.2538
    5550       3.1615
    5551       3.1099
    5552       3.0945
    5553       3.1039
    5554       3.0851
    5555       3.0113
    5556       3.1880
    5557       3.3649
    5558       3.1553
    5559       3.3477
    5560       3.4081
    5561       3.3976
    5562       3.2027
    5563       3.2745
    5564       3.1073
    5565       3.0794
    5566       3.2446
    5567       3.2155
    5568       3.1506
    5569       3.2341
    5570       3.0443
    5571       3.0765
    5572       2.9779
    5573       3.0486
    5574       2.9913
    5575       2.8906
    5576       2.8940
    5577       3.0501
    5578       2.8867
    5579       2.8791
    5580       3.0640
    5581       3.2564
    5582       3.0498
    5583       3.1786
    5584       3.2845
    5585       3.4800
    5586       3.4125
    5587       3.2666
    5588       3.2299
    5589       3.1421
    5590       3.1705
    5591       3.0701
    5592       2.9754
    5593       3.1241
    5594       3.0819
    5595       3.1754
    5596       3.1626
    5597       3.1313
    5598       3.1237
    5599       3.4168
    5600       3.3118
    5601       3.1029
    5602       2.7956
    5603       3.0074
    5604       2.9156
    5605       2.8095
    5606       2.9612
    5607       2.9888
    5608       2.9818
    5609       2.8630
    5610       2.8660
    5611       2.7571
    5612       2.7916
    5613       2.9118
    5614       3.2993
    5615       3.1477
    5616       3.2153
    5617       2.9602
    5618       3.1133
    5619       3.0135
    5620       3.0240
    5621       3.2237
    5622       3.1914
    5623       3.1453
    5624       3.2557
    5625       3.2551
    5626       3.2613
    5627       3.2864
    5628       3.3903
    5629       3.4523
    5630       3.1176
    5631       3.0900
    5632       3.3013
    5633       3.1996
    5634       3.4598
    5635       3.1334
    5636       2.9522
    5637       2.9883
    5638       3.1958
    5639       3.1565
    5640       3.2860
    5641       3.2788
    5642       3.4448
    5643       3.3709
    5644       3.2817
    5645       3.2704
    5646       3.2989
    5647       3.3399
    5648       3.6391
    5649       3.6591
    5650       3.7408
    5651       3.9396
    5652       3.7444
    5653       3.8180
    5654       3.5585
    5655       3.6237
    5656       3.7290
    5657       3.6240
    5658       3.4817
    5659       3.7550
    5660       3.8104
    5661       3.8050
    5662       3.7153
    5663       3.5920
    5664       3.6941
    5665       3.6737
    5666       3.7862
    5667       3.8103
    5668       4.0276
    5669       3.7940
    5670       3.8342
    5671       3.7431
    5672       3.7014
    5673       3.8456
    5674       3.9544
    5675       3.5888
    5676       3.5427
    5677       3.6868
    5678       3.5382
    5679       3.4573
    5680       3.6966
    5681       3.3435
    5682       3.6186
    5683       3.6056
    5684       3.5549
    5685       3.3780
    5686       3.4699
    5687       3.5452
    5688       3.6307
    5689       3.7187
    5690       3.5311
    5691       3.5244
    5692       3.6959
    5693       3.6690
    5694       3.6794
    5695       3.6068
    5696       3.7583
    5697       3.7674
    5698       3.8922
    5699       3.9319
    5700       3.8146
    5701       4.0013
    5702       3.9421
    5703       4.0112
    5704       4.1420
    5705       3.9226
    5706       4.1170
    5707       4.1800
    5708       3.9087
    5709       4.1428
    5710       3.9523
    5711       4.0004
    5712       4.0159
    5713       4.3428
    5714       4.2340
    5715       4.2000
    5716       4.1040
    5717       3.9697
    5718       3.9663
    5719       3.8458
    5720       3.7171
    5721       3.9211
    5722       3.8848
    5723       4.1563
    5724       4.1323
    5725       4.2166
    5726       4.2093
    5727       4.2393
    5728       4.3669
    5729       4.2264
    5730       4.1236
    5731       3.9364
    5732       3.9032
    5733       3.9177
    5734       3.8814
    5735       3.6449
    5736       3.6547
    5737       3.6682
    5738       3.6170
    5739       3.7895
    5740       3.6419
    5741       3.5203
    5742       3.4614
    5743       3.3086
    5744       3.1881
    5745       3.3009
    5746       3.6404
    5747       3.4643
    5748       3.5380
    5749       3.4048
    5750       3.2939
    5751       3.2079
    5752       3.3094
    5753       3.2375
    5754       3.3820
    5755       3.3576
    5756       3.4659
    5757       3.4656
    5758       3.4202
    5759       3.2789
    5760       3.2604
    5761       3.2735
    5762       3.5171
    5763       3.4621
    5764       3.5924
    5765       3.4777
    5766       3.6447
    5767       3.3266
    5768       3.5072
    5769       3.4112
    5770       3.5379
    5771       3.5323
    5772       3.3369
    5773       3.3877
    5774       3.3834
    5775       3.2856
    5776       3.4497
    5777       3.5011
    5778       3.6490
    5779       3.6975
    5780       3.5201
    5781       3.3407
    5782       3.3134
    5783       3.4563
    5784       3.5378
    5785       3.5244
    5786       3.6623
    5787       3.6050
    5788       3.6665
    5789       3.6245
    5790       3.5385
    5791       3.6245
    5792       3.5943
    5793       3.5957
    5794       3.5292
    5795       3.5968
    5796       3.7406
    5797       3.5537
    5798       3.9199
    5799       3.7828
    5800       3.7400
    5801       3.7003
    5802       3.5594
    5803       3.6680
    5804       3.8386
    5805       3.6457
    5806       3.6595
    5807       3.4922
    5808       3.6693
    5809       3.6883
    5810       3.6309
    5811       3.6562
    5812       3.5905
    5813       3.6345
    5814       3.6532
    5815       3.4604
    5816       3.3073
    5817       3.2651
    5818       3.0775
    5819       3.1934
    5820       3.2916
    5821       3.4025
    5822       3.3959
    5823       3.3305
    5824       3.0276
    5825       3.1031
    5826       3.4796
    5827       3.5673
    5828       3.3385
    5829       3.4871
    5830       3.4475
    5831       3.3739
    5832       3.5684
    5833       3.6174
    5834       3.7430
    5835       3.7059
    5836       3.5550
    5837       3.4591
    5838       3.4913
    5839       3.3118
    5840       3.1825
    5841       3.1660
    5842       3.1648
    5843       3.1482
    5844       3.3286
    5845       3.6949
    5846       3.4743
    5847       3.3992
    5848       3.3706
    5849       3.5414
    5850       3.5477
    5851       3.6246
    5852       3.7218
    5853       3.8359
    5854       3.6487
    5855       3.6615
    5856       3.3922
    5857       3.2825
    5858       3.6124
    5859       3.7046
    5860       3.7268
    5861       3.9865
    5862       3.8689
    5863       4.0739
    5864       3.8345
    5865       4.0811
    5866       3.9685
    5867       4.0204
    5868       4.0062
    5869       3.8861
    5870       3.9849
    5871       3.8917
    5872       3.9906
    5873       4.3248
    5874       4.0470
    5875       4.1067
    5876       3.8976
    5877       3.7638
    5878       3.8611
    5879       3.8157
    5880       3.8009
    5881       3.8193
    5882       3.9540
    5883       3.9397
    5884       3.6747
    5885       3.6912
    5886       3.7942
    5887       3.9220
    5888       3.6331
    5889       3.6352
    5890       3.4917
    5891       3.4363
    5892       3.5776
    5893       3.4132
    5894       3.5453
    5895       3.6394
    5896       3.5768
    5897       3.5630
    5898       3.4836
    5899       3.6444
    5900       3.5650
    5901       3.5845
    5902       3.4443
    5903       3.5028
    5904       3.7169
    5905       3.5723
    5906       3.4934
    5907       3.4443
    5908       3.4393
    5909       3.2872
    5910       3.2329
    5911       3.2548
    5912       3.2662
    5913       3.3752
    5914       3.4914
    5915       3.5181
    5916       3.6096
    5917       3.5872
    5918       3.7613
    5919       3.8225
    5920       3.6253
    5921       3.8756
    5922       3.6928
    5923       3.7009
    5924       3.4611
    5925       3.4961
    5926       3.5571
    5927       3.6108
    5928       3.6166
    5929       3.3957
    5930       3.4633
    5931       3.5998
    5932       3.8736
    5933       3.8668
    5934       3.9437
    5935       3.9002
    5936       3.8024
    5937       3.7667
    5938       3.7552
    5939       3.7643
    5940       3.6888
    5941       3.4715
    5942       3.6370
    5943       3.5637
    5944       3.6355
    5945       3.6287
    5946       3.7053
    5947       3.5876
    5948       3.9437
    5949       3.6429
    5950       3.7757
    5951       3.6285
    5952       3.1934
    5953       3.2104
    5954       3.1808
    5955       3.2207
    5956       3.2959
    5957       3.1721
    5958       3.0680
    5959       3.0632
    5960       3.1050
    5961       3.1062
    5962       3.1955
    5963       3.0630
    5964       3.1110
    5965       3.0531
    5966       3.0748
    5967       3.1385
    5968       3.2596
    5969       2.9771
    5970       2.9075
    5971       2.9912
    5972       3.0768
    5973       2.6671
    5974       2.6782
    5975       2.7750
    5976       2.8217
    5977       3.0012
    5978       3.0391
    5979       3.0311
    5980       3.0181
    5981       3.2369
    5982       3.5403
    5983       3.3840
    5984       3.4063
    5985       3.5567
    5986       3.4941
    5987       3.2211
    5988       3.1811
    5989       3.1698
    5990       3.0912
    5991       3.0346
    5992       3.0965
    5993       3.2974
    5994       3.1041
    5995       3.1798
    5996       3.2566
    5997       3.2254
    5998       3.3294
    5999       3.5931
    6000       3.4978
    6001       3.3718
    6002       3.4242
    6003       3.3620
    6004       3.1567
    6005       3.3489
    6006       3.4734
    6007       3.3354
    6008       3.5187
    6009       3.5498
    6010       3.5574
    6011       3.6194
    6012       3.3403
    6013       3.4248
    6014       3.2370
    6015       3.1871
    6016       3.1646
    6017       3.2645
    6018       3.3382
    6019       3.3813
    6020       3.2980
    6021       3.3567
    6022       3.4068
    6023       3.4652
    6024       3.3880
    6025       3.2615
    6026       3.2939
    6027       3.2380
    6028       3.1898
    6029       3.1395
    6030       3.4018
    6031       3.5301
    6032       3.5147
    6033       3.7150
    6034       3.7414
    6035       3.8125
    6036       3.5339
    6037       3.5380
    6038       3.6155
    6039       3.6706
    6040       3.8182
    6041       3.8202
    6042       3.5461
    6043       3.4416
    6044       3.7671
    6045       3.8251
    6046       3.4498
    6047       3.5623
    6048       3.7084
    6049       3.7665
    6050       3.9015
    6051       3.7956
    6052       3.6950
    6053       3.5418
    6054       3.5776
    6055       3.3080
    6056       3.2720
    6057       3.2649
    6058       3.3102
    6059       3.4454
    6060       3.5696
    6061       3.5967
    6062       3.6888
    6063       3.5209
    6064       3.4176
    6065       3.2250
    6066       3.3192
    6067       3.2372
    6068       3.3416
    6069       3.3317
    6070       3.2827
    6071       3.3136
    6072       3.3207
    6073       3.3505
    6074       3.2690
    6075       3.2132
    6076       3.2500
    6077       3.3927
    6078       3.1729
    6079       3.3850
    6080       3.3338
    6081       3.3620
    6082       3.4530
    6083       3.3667
    6084       3.4207
    6085       3.6549
    6086       3.7446
    6087       3.7752
    6088       3.6819
    6089       3.8208
    6090       3.9970
    6091       4.0180
    6092       3.8466
    6093       3.7232
    6094       3.5911
    6095       3.3685
    6096       3.2311
    6097       3.1792
    6098       3.1846
    6099       3.2890
    6100       3.2174
    6101       3.3855
    6102       3.1819
    6103       3.4414
    6104       3.3913
    6105       3.3153
    6106       3.4277
    6107       3.3757
    6108       3.3461
    6109       3.4040
    6110       3.4512
    6111       3.3594
    6112       3.3497
    6113       3.4772
    6114       3.5385
    6115       3.5293
    6116       3.7908
    6117       3.9117
    6118       3.8729
    6119       3.8779
    6120       3.9471
    6121       3.7821
    6122       3.8201
    6123       3.6690
    6124       3.7372
    6125       3.6950
    6126       3.7968
    6127       3.7040
    6128       3.5730
    6129       3.7973
    6130       3.7091
    6131       3.7955
    6132       3.9252
    6133       3.8702
    6134       3.7140
    6135       3.7032
    6136       3.9575
    6137       4.0516
    6138       3.9870
    6139       4.0487
    6140       4.0250
    6141       4.1665
    6142       4.0178
    6143       3.9084
    6144       3.9044
    6145       3.9929
    6146       3.8435
    6147       3.8852
    6148       3.9342
    6149       3.7598
    6150       3.7733
    6151       3.6906
    6152       3.5371
    6153       3.7429
    6154       3.4754
    6155       3.2896
    6156       3.4421
    6157       3.4367
    6158       3.5348
    6159       3.3751
    6160       3.4836
    6161       3.4231
    6162       3.4158
    6163       3.3931
    6164       3.3276
    6165       3.2956
    6166       3.4207
    6167       3.2429
    6168       3.3008
    6169       3.5583
    6170       3.7044
    6171       3.5172
    6172       3.3833
    6173       3.1159
    6174       3.2866
    6175       3.2984
    6176       3.4119
    6177       3.4912
    6178       3.3911
    6179       3.6005
    6180       3.7200
    6181       3.7671
    6182       3.8207
    6183       3.6257
    6184       3.5575
    6185       3.6938
    6186       3.5068
    6187       3.5076
    6188       3.2437
    6189       3.4653
    6190       3.6358
    6191       3.6494
    6192       3.6928
    6193       3.9633
    6194       3.9785
    6195       3.9302
    6196       3.9546
    6197       3.7978
    6198       3.6799
    6199       3.7229
    6200       3.7337
    6201       3.5887
    6202       3.6994
    6203       3.8627
    6204       3.8389
    6205       4.1131
    6206       3.9345
    6207       3.7210
    6208       3.8362
    6209       3.8454
    6210       3.8655
    6211       4.2297
    6212       4.1308
    6213       4.1200
    6214       3.8722
    6215       3.8052
    6216       3.7766
    6217       3.7007
    6218       3.7358
    6219       3.8520
    6220       3.8836
    6221       3.9581
    6222       3.8791
    6223       3.9155
    6224       4.0105
    6225       4.0139
    6226       3.9650
    6227       3.8103
    6228       3.8600
    6229       3.9435
    6230       3.8175
    6231       3.9125
    6232       4.0350
    6233       3.9388
    6234       3.8907
    6235       3.9225
    6236       3.8899
    6237       3.8370
    6238       3.8806
    6239       3.8812
    6240       3.8163
    6241       3.9315
    6242       3.8179
    6243       3.8231
    6244       3.7397
    6245       3.5867
    6246       3.6534
    6247       3.7383
    6248       3.6596
    6249       3.7725
    6250       3.8264
    6251       3.9864
    6252       3.8605
    6253       3.9780
    6254       4.0640
    6255       3.9080
    6256       3.8802
    6257       3.7055
    6258       3.7021
    6259       3.6298
    6260       3.3984
    6261       3.7055
    6262       3.5933
    6263       3.5095
    6264       3.6360
    6265       3.3915
    6266       3.6408
    6267       3.5831
    6268       3.5018
    6269       3.3913
    6270       3.2630
    6271       3.2347
    6272       3.2122
    6273       3.3262
    6274       3.2499
    6275       3.1913
    6276       3.2448
    6277       2.9399
    6278       2.9002
    6279       3.1867
    6280       3.2929
    6281       3.3077
    6282       3.5269
    6283       3.3886
    6284       3.3655
    6285       3.2780
    6286       3.1786
    6287       3.0595
    6288       3.2523
    6289       3.2561
    6290       3.1636
    6291       3.1776
    6292       3.3548
    6293       3.5056
    6294       3.3914
    6295       3.4639
    6296       3.2049
    6297       3.0733
    6298       3.1053
    6299       3.3724
    6300       3.3859
    6301       3.2302
    6302       3.5216
    6303       3.5598
    6304       3.7159
    6305       3.5327
    6306       3.6613
    6307       3.3058
    6308       3.6176
    6309       3.7600
    6310       3.6201
    6311       3.5783
    6312       3.5458
    6313       3.5200
    6314       3.5665
    6315       3.4999
    6316       3.5166
    6317       3.5721
    6318       3.3871
    6319       3.1374
    6320       3.2767
    6321       3.2634
    6322       3.2425
    6323       3.2887
    6324       3.3988
    6325       3.5869
    6326       3.4840
    6327       3.5679
    6328       3.5670
    6329       3.3940
    6330       3.2227
    6331       3.2692
    6332       3.3069
    6333       3.1641
    6334       3.6056
    6335       3.4585
    6336       3.2059
    6337       3.3333
    6338       3.1297
    6339       3.0473
    6340       3.0985
    6341       2.9768
    6342       3.1204
    6343       2.9905
    6344       3.1024
    6345       2.9826
    6346       2.9807
    6347       3.0814
    6348       3.0653
    6349       3.1392
    6350       3.2983
    6351       3.5100
    6352       3.5532
    6353       3.2610
    6354       3.3003
    6355       3.3181
    6356       3.2245
    6357       3.2302
    6358       3.2278
    6359       3.1444
    6360       3.3600
    6361       3.0969
    6362       3.2090
    6363       3.1424
    6364       3.2421
    6365       3.3454
    6366       3.3864
    6367       3.3297
    6368       3.2425
    6369       3.2577
    6370       3.3518
    6371       3.3299
    6372       3.3617
    6373       3.2968
    6374       2.9450
    6375       3.0797
    6376       2.8636
    6377       2.8031
    6378       2.9386
    6379       2.7496
    6380       2.9574
    6381       2.9604
    6382       2.7328
    6383       2.8846
    6384       2.9203
    6385       3.0498
    6386       3.0904
    6387       3.3823
    6388       3.2860
    6389       3.3741
    6390       3.4435
    6391       3.3286
    6392       3.3368
    6393       3.0393
    6394       3.1253
    6395       3.1834
    6396       3.3476
    6397       3.3672
    6398       3.3525
    6399       3.3717
    6400       3.4097
    6401       3.3729
    6402       3.3947
    6403       3.3141
    6404       3.0641
    6405       2.8541
    6406       2.9418
    6407       2.9654
    6408       3.0241
    6409       3.0855
    6410       3.3522
    6411       3.3861
    6412       3.5009
    6413       3.3765
    6414       3.4964
    6415       3.3657
    6416       3.2182
    6417       3.1776
    6418       3.2908
    6419       3.4568
    6420       3.4669
    6421       3.3899
    6422       3.3133
    6423       3.2811
    6424       3.2263
    6425       3.1625
    6426       3.1219
    6427       3.0980
    6428       3.3582
    6429       3.2867
    6430       3.4442
    6431       3.4590
    6432       3.2741
    6433       3.2825
    6434       3.0509
    6435       2.9962
    6436       2.9565
    6437       3.0969
    6438       3.3249
    6439       3.5757
    6440       3.7246
    6441       3.9340
    6442       3.8266
    6443       3.7097
    6444       3.7965
    6445       3.6120
    6446       3.4649
    6447       3.5429
    6448       3.3676
    6449       3.4145
    6450       3.4143
    6451       3.5712
    6452       3.6504
    6453       3.4814
    6454       3.5817
    6455       3.4944
    6456       3.5586
    6457       3.5844
    6458       3.5731
    6459       3.7554
    6460       3.7374
    6461       3.4396
    6462       3.4825
    6463       3.5146
    6464       3.2022
    6465       3.1887
    6466       3.1003
    6467       3.1203
    6468       3.1872
    6469       2.9859
    6470       2.9389
    6471       3.1058
    6472       3.4562
    6473       3.4128
    6474       3.4331
    6475       3.4574
    6476       3.1416
    6477       3.1680
    6478       2.9221
    6479       3.0375
    6480       2.8703
    6481       2.9370
    6482       2.8182
    6483       2.8519
    6484       3.0425
    6485       3.0393
    6486       3.1686
    6487       2.9397
    6488       2.9124
    6489       2.8807
    6490       3.1874
    6491       2.9930
    6492       3.0543
    6493       3.1411
    6494       3.1374
    6495       3.0809
    6496       3.0325
    6497       2.8487
    6498       3.0112
    6499       3.3800
    6500       3.3710
    6501       3.3472
    6502       3.3175
    6503       3.3050
    6504       3.3950
    6505       3.4298
    6506       3.4998
    6507       3.6101
    6508       3.4051
    6509       3.3407
    6510       3.2955
    6511       3.2515
    6512       3.3443
    6513       3.4460
    6514       3.1299
    6515       3.2672
    6516       3.2492
    6517       3.1831
    6518       3.0950
    6519       3.0026
    6520       2.9229
    6521       2.6806
    6522       2.8116
    6523       2.9392
    6524       2.9719
    6525       2.8563
    6526       2.9004
    6527       2.9080
    6528       2.7583
    6529       2.7759
    6530       3.0319
    6531       3.1777
    6532       3.3385
    6533       3.2078
    6534       3.1318
    6535       3.0256
    6536       3.1896
    6537       3.2595
    6538       3.1631
    6539       3.1746
    6540       3.0860
    6541       3.0827
    6542       3.1641
    6543       3.2642
    6544       3.5661
    6545       3.3351
    6546       3.0893
    6547       2.9230
    6548       3.1608
    6549       2.7740
    6550       2.7317
    6551       2.8999
    6552       3.0064
    6553       3.3143
    6554       3.1926
    6555       3.2389
    6556       3.2184
    6557       3.1123
    6558       3.2617
    6559       3.3743
    6560       3.4017
    6561       3.5133
    6562       3.3394
    6563       3.3035
    6564       3.2685
    6565       3.1574
    6566       2.9861
    6567       2.9461
    6568       2.7727
    6569       3.1381
    6570       3.1275
    6571       3.4091
    6572       3.4550
    6573       3.3945
    6574       3.5937
    6575       3.2159
    6576       2.9950
    6577       2.8973
    6578       3.1261
    6579       2.8955
    6580       2.7531
    6581       2.7870
    6582       2.8129
    6583       3.0109
    6584       3.1126
    6585       3.0772
    6586       3.0957
    6587       3.1733
    6588       3.0868
    6589       3.2651
    6590       2.9940
    6591       3.0507
    6592       3.0927
    6593       3.0428
    6594       3.1685
    6595       3.3124
    6596       2.9751
    6597       3.0191
    6598       2.9632
    6599       2.9801
    6600       2.8286
    6601       2.8367
    6602       2.7624
    6603       2.7951
    6604       2.8093
    6605       3.0016
    6606       2.9347
    6607       2.8835
    6608       3.0983
    6609       3.0445
    6610       3.0977
    6611       2.9840
    6612       3.0655
    6613       2.8229
    6614       2.8570
    6615       2.9033
    6616       2.8652
    6617       2.8029
    6618       3.0418
    6619       3.0770
    6620       2.9232
    6621       2.8432
    6622       2.8608
    6623       2.8579
    6624       2.9290
    6625       2.8372
    6626       2.8344
    6627       3.0888
    6628       3.1353
    6629       3.1603
    6630       2.9265
    6631       2.9130
    6632       3.1415
    6633       3.2021
    6634       3.0595
    6635       2.9474
    6636       3.1132
    6637       3.0169
    6638       3.1409
    6639       3.2368
    6640       3.0070
    6641       3.1940
    6642       3.1053
    6643       3.1202
    6644       3.1114
    6645       3.2977
    6646       3.2096
    6647       3.3015
    6648       3.2975
    6649       3.1760
    6650       3.3193
    6651       3.2945
    6652       3.1683
    6653       3.1219
    6654       3.0905
    6655       3.1301
    6656       3.1657
    6657       3.2490
    6658       3.1923
    6659       3.2851
    6660       3.2875
    6661       3.3841
    6662       3.1580
    6663       3.0849
    6664       3.3688
    6665       3.1642
    6666       3.0954
    6667       3.1337
    6668       3.1499
    6669       3.3550
    6670       3.5227
    6671       3.3829
    6672       3.3192
    6673       3.4214
    6674       3.2451
    6675       3.1132
    6676       2.9840
    6677       2.8574
    6678       2.9321
    6679       3.1312
    6680       3.1501
    6681       3.2162
    6682       3.0607
    6683       2.9624
    6684       3.2556
    6685       3.2060
    6686       3.0969
    6687       3.0984
    6688       3.1311
    6689       3.1389
    6690       3.1078
    6691       3.0432
    6692       3.0783
    6693       2.9388
    6694       3.0974
    6695       3.0469
    6696       2.9146
    6697       2.8978
    6698       2.8508
    6699       2.9778
    6700       3.1187
    6701       3.2797
    6702       3.3013
    6703       3.2488
    6704       3.2016
    6705       3.2871
    6706       3.2331
    6707       3.1052
    6708       3.1196
    6709       3.1439
    6710       3.0127
    6711       3.1113
    6712       3.1894
    6713       3.0542
    6714       3.0327
    6715       2.7942
    6716       3.0566
    6717       3.0246
    6718       3.1114
    6719       3.2400
    6720       3.1093
    6721       3.1428
    6722       3.2780
    6723       3.1362
    6724       3.1189
    6725       3.1525
    6726       3.0782
    6727       2.8825
    6728       2.8763
    6729       2.8915
    6730       2.9864
    6731       2.9258
    6732       3.1672
    6733       3.0246
    6734       3.0024
    6735       3.0067
    6736       3.0654
    6737       2.9935
    6738       2.9399
    6739       2.9447
    6740       2.7243
    6741       2.9404
    6742       3.0056
    6743       3.1364
    6744       2.9008
    6745       2.9948
    6746       2.9268
    6747       3.1681
    6748       2.9843
    6749       2.8767
    6750       2.6405
    6751       2.6266
    6752       2.4567
    6753       2.6811
    6754       2.6583
    6755       2.8475
    6756       2.7759
    6757       2.6405
    6758       2.7726
    6759       2.6816
    6760       2.9140
    6761       2.7745
    6762       2.7631
    6763       2.9190
    6764       2.9331
    6765       3.0440
    6766       3.2034
    6767       3.3309
    6768       3.1835
    6769       3.2257
    6770       3.1825
    6771       3.2641
    6772       3.0401
    6773       3.0888
    6774       3.0808
    6775       3.1951
    6776       3.1912
    6777       3.3039
    6778       3.3244
    6779       3.2709
    6780       3.2859
    6781       3.1833
    6782       3.1044
    6783       3.3878
    6784       3.2074
    6785       3.1372
    6786       3.1574
    6787       2.9446
    6788       3.0079
    6789       2.9720
    6790       3.2029
    6791       3.1120
    6792       3.1227
    6793       3.0740
    6794       2.8668
    6795       2.9138
    6796       2.8384
    6797       2.7700
    6798       2.6874
    6799       2.8717
    6800       2.6675
    6801       2.7842
    6802       2.6017
    6803       2.6100
    6804       2.8392
    6805       2.7368
    6806       2.6986
    6807       2.8034
    6808       2.8333
    6809       3.0476
    6810       3.0848
    6811       3.1515
    6812       2.8765
    6813       2.9195
    6814       2.9700
    6815       2.9178
    6816       2.9247
    6817       2.8166
    6818       3.0334
    6819       3.0754
    6820       3.0173
    6821       2.8141
    6822       2.8577
    6823       3.0345
    6824       3.0776
    6825       2.9531
    6826       2.6477
    6827       2.5202
    6828       2.6533
    6829       2.6688
    6830       2.8810
    6831       2.9749
    6832       2.9563
    6833       3.0946
    6834       3.2300
    6835       2.9664
    6836       2.9795
    6837       3.0050
    6838       3.0729
    6839       2.9832
    6840       2.9293
    6841       3.0417
    6842       2.9731
    6843       3.2171
    6844       3.2917
    6845       3.5573
    6846       3.5456
    6847       3.4711
    6848       3.4233
    6849       3.2036
    6850       3.2395
    6851       3.0653
    6852       3.2465
    6853       3.1644
    6854       3.2447
    6855       3.1769
    6856       3.0712
    6857       2.9178
    6858       2.9228
    6859       2.9354
    6860       2.9214
    6861       2.9584
    6862       2.8131
    6863       2.9627
    6864       3.1115
    6865       3.0121
    6866       3.0046
    6867       3.1647
    6868       3.0291
    6869       3.0114
    6870       2.9734
    6871       3.3723
    6872       3.0113
    6873       3.1321
    6874       2.9275
    6875       2.8864
    6876       3.1067
    6877       3.2264
    6878       3.3485
    6879       3.4471
    6880       3.2939
    6881       3.2244
    6882       3.2502
    6883       3.2726
    6884       3.2629
    6885       3.5697
    6886       3.5253
    6887       3.4421
    6888       3.3658
    6889       3.3599
    6890       3.3249
    6891       3.3648
    6892       3.2733
    6893       3.2492
    6894       3.1233
    6895       3.1288
    6896       3.2442
    6897       3.6572
    6898       3.5969
    6899       3.4321
    6900       3.5135
    6901       3.5532
    6902       3.6538
    6903       3.5787
    6904       3.4244
    6905       3.3509
    6906       3.4861
    6907       3.5874
    6908       3.5502
    6909       3.6407
    6910       3.7166
    6911       3.5821
    6912       3.5773
    6913       3.4618
    6914       3.5857
    6915       3.6245
    6916       3.9938
    6917       3.7802
    6918       3.4635
    6919       3.5021
    6920       3.6003
    6921       3.4136
    6922       3.4130
    6923       3.3156
    6924       3.0678
    6925       3.1213
    6926       3.2468
    6927       3.2716
    6928       3.1810
    6929       3.0460
    6930       3.0732
    6931       2.9882
    6932       3.0487
    6933       3.0910
    6934       3.2089
    6935       3.2873
    6936       3.2827
    6937       3.2199
    6938       3.3248
    6939       3.2219
    6940       3.3237
    6941       3.3940
    6942       3.3872
    6943       3.2203
    6944       3.1027
    6945       3.2887
    6946       3.1812
    6947       3.4802
    6948       3.3260
    6949       3.1592
    6950       3.4835
    6951       3.6586
    6952       3.6177
    6953       3.5822
    6954       3.5268
    6955       3.5114
    6956       3.4714
    6957       3.4363
    6958       3.1482
    6959       3.1079
    6960       3.2277
    6961       3.2094
    6962       3.3106
    6963       3.3531
    6964       3.2353
    6965       3.4157
    6966       3.3826
    6967       3.2946
    6968       3.2244
    6969       3.1247
    6970       3.2225
    6971       3.1186
    6972       2.8727
    6973       2.8533
    6974       2.9270
    6975       2.9553
    6976       2.9332
    6977       2.6739
    6978       2.7231
    6979       2.7226
    6980       2.6897
    6981       2.7799
    6982       2.8677
    6983       2.8596
    6984       3.0725
    6985       2.8859
    6986       2.9494
    6987       2.8919
    6988       2.8379
    6989       3.0502
    6990       3.0904
    6991       3.1633
    6992       3.5153
    6993       3.3110
    6994       3.2996
    6995       3.3238
    6996       3.2836
    6997       3.2950
    6998       3.3057
    6999       3.2467
    7000       3.3299
    7001       3.1970
    7002       3.4106
    7003       3.3090
    7004       3.0781
    7005       3.1148
    7006       3.1483
    7007       3.1196
    7008       3.2605
    7009       3.5810
    7010       3.3816
    7011       3.3158
    7012       3.2808
    7013       3.3728
    7014       3.4026
    7015       3.4093
    7016       3.4988
    7017       3.5250
    7018       3.2528
    7019       3.2143
    7020       3.2609
    7021       3.2559
    7022       3.2419
    7023       3.4943
    7024       3.4054
    7025       3.2706
    7026       3.1996
    7027       3.3322
    7028       3.4778
    7029       3.1578
    7030       3.1538
    7031       3.2352
    7032       3.5344
    7033       3.4839
    7034       3.4287
    7035       3.2527
    7036       3.0097
    7037       3.0670
    7038       3.0750
    7039       3.1589
    7040       3.1529
    7041       3.2838
    7042       3.3250
    7043       3.2995
    7044       3.4450
    7045       3.3092
    7046       3.3079
    7047       3.5167
    7048       3.2880
    7049       3.2742
    7050       3.2384
    7051       3.4723
    7052       3.4327
    7053       3.4822
    7054       3.3034
    7055       3.4035
    7056       3.3774
    7057       3.4615
    7058       3.4049
    7059       3.1612
    7060       3.2696
    7061       3.2188
    7062       3.1282
    7063       2.9691
    7064       2.9454
    7065       3.0637
    7066       3.0522
    7067       2.8483
    7068       2.7671
    7069       3.0128
    7070       3.0233
    7071       2.9752
    7072       3.0541
    7073       3.2539
    7074       3.1327
    7075       3.2172
    7076       3.2199
    7077       3.3588
    7078       3.1750
    7079       3.1537
    7080       3.2610
    7081       3.0681
    7082       2.8939
    7083       3.0927
    7084       3.0186
    7085       2.8879
    7086       3.0072
    7087       3.1137
    7088       3.1869
    7089       3.1400
    7090       3.4727
    7091       3.6909
    7092       3.5804
    7093       3.3963
    7094       3.4999
    7095       3.5922
    7096       3.5688
    7097       3.4050
    7098       3.2428
    7099       3.2214
    7100       3.0363
    7101       3.1618
    7102       3.2836
    7103       2.9687
    7104       3.0272
    7105       3.1955
    7106       3.2146
    7107       2.8798
    7108       2.8470
    7109       2.8607
    7110       2.6090
    7111       2.7338
    7112       2.7450
    7113       2.8757
    7114       3.0643
    7115       3.1855
    7116       3.1404
    7117       3.1212
    7118       3.1608
    7119       3.1326
    7120       3.1181
    7121       3.1585
    7122       2.9643
    7123       3.0099
    7124       2.8384
    7125       2.8942
    7126       2.8310
    7127       2.7845
    7128       2.7469
    7129       2.9452
    7130       2.7664
    7131       2.8483
    7132       2.6017
    7133       2.6131
    7134       2.6760
    7135       2.7422
    7136       2.7630
    7137       2.7152
    7138       2.6892
    7139       2.8546
    7140       2.9544
    7141       2.6063
    7142       2.6833
    7143       2.7000
    7144       2.7298
    7145       2.7776
    7146       2.7923
    7147       2.7756
    7148       2.8173
    7149       2.9466
    7150       2.8358
    7151       3.0066
    7152       2.8960
    7153       2.8869
    7154       2.9155
    7155       3.0599
    7156       3.0053
    7157       3.1378
    7158       2.9433
    7159       2.9923
    7160       3.1332
    7161       3.1668
    7162       3.2385
    7163       3.2774
    7164       3.4043
    7165       3.2178
    7166       3.3329
    7167       3.2898
    7168       3.1417
    7169       3.1144
    7170       2.8924
    7171       2.9437
    7172       2.7314
    7173       2.6387
    7174       2.7129
    7175       2.7562
    7176       2.7879
    7177       2.9222
    7178       2.9501
    7179       2.8180
    7180       2.6261
    7181       2.8490
    7182       2.8143
    7183       2.9376
    7184       2.7908
    7185       2.7621
    7186       2.8973
    7187       2.7799
    7188       2.7975
    7189       2.5729
    7190       2.5146
    7191       2.4749
    7192       2.5957
    7193       2.5928
    7194       2.4993
    7195       2.5670
    7196       2.5904
    7197       2.4476
    7198       2.3582
    7199       2.5390
    7200       2.7363
    7201       2.7063
    7202       2.6966
    7203       2.6342
    7204       2.7229
    7205       2.5698
    7206       2.6916
    7207       2.5946
    7208       2.6138
    7209       2.6033
    7210       2.5197
    7211       2.6831
    7212       2.4972
    7213       2.5994
    7214       2.4117
    7215       2.6585
    7216       2.7975
    7217       2.5374
    7218       2.5915
    7219       2.6245
    7220       2.6663
    7221       2.4931
    7222       2.6335
    7223       2.5636
    7224       2.6002
    7225       2.7104
    7226       2.7840
    7227       2.6580
    7228       2.7914
    7229       2.7541
    7230       2.6024
    7231       2.4571
    7232       2.6383
    7233       2.8880
    7234       3.0274
    7235       2.9735
    7236       2.9164
    7237       2.7905
    7238       2.8465
    7239       2.8219
    7240       3.0247
    7241       2.7966
    7242       2.7410
    7243       2.6312
    7244       2.8348
    7245       2.6464
    7246       2.6639
    7247       2.5020
    7248       2.4689
    7249       2.5129
    7250       2.3996
    7251       2.4211
    7252       2.3535
    7253       2.3020
    7254       2.4349
    7255       2.3271
    7256       2.1554
    7257       2.2491
    7258       2.3782
    7259       2.5116
    7260       2.5085
    7261       2.7855
    7262       2.6451
    7263       2.6483
    7264       2.7811
    7265       2.8077
    7266       2.8807
    7267       2.6157
    7268       2.8966
    7269       3.0145
    7270       2.9906
    7271       2.8903
    7272       2.7498
    7273       2.6896
    7274       2.7077
    7275       2.7382
    7276       2.6792
    7277       2.5567
    7278       2.6674
    7279       2.5772
    7280       2.5223
    7281       2.4498
    7282       2.5135
    7283       2.6484
    7284       2.6942
    7285       2.5595
    7286       2.4206
    7287       2.7499
    7288       2.8373
    7289       2.9199
    7290       2.8943
    7291       2.9156
    7292       3.0577
    7293       3.1359
    7294       3.3159
    7295       3.1932
    7296       3.1487
    7297       3.0600
    7298       2.9129
    7299       2.7833
    7300       3.0174
    7301       2.8398
    7302       3.0058
    7303       3.1156
    7304       3.0572
    7305       3.0931
    7306       2.9700
    7307       2.9004
    7308       2.8832
    7309       2.9580
    7310       2.9518
    7311       2.7574
    7312       2.6594
    7313       2.7490
    7314       2.5194
    7315       2.4963
    7316       2.7307
    7317       2.5319
    7318       2.6444
    7319       2.4832
    7320       2.6571
    7321       2.7016
    7322       2.7906
    7323       2.7096
    7324       2.5268
    7325       2.6919
    7326       2.7309
    7327       2.7396
    7328       2.7874
    7329       2.9061
    7330       2.8966
    7331       2.9806
    7332       3.1556
    7333       3.3065
    7334       3.0930
    7335       3.0437
    7336       2.8932
    7337       2.9154
    7338       2.8021
    7339       2.9257
    7340       3.2056
    7341       3.0926
    7342       2.9045
    7343       2.6917
    7344       2.7048
    7345       2.4445
    7346       2.6535
    7347       2.6614
    7348       2.6490
    7349       2.6148
    7350       2.5733
    7351       2.6077
    7352       2.7254
    7353       2.7926
    7354       2.8260
    7355       2.7110
    7356       2.8264
    7357       2.8743
    7358       3.0289
    7359       3.1224
    7360       3.2810
    7361       2.9572
    7362       2.8530
    7363       3.0241
    7364       2.9179
    7365       2.7531
    7366       2.7504
    7367       2.8229
    7368       2.7480
    7369       2.6545
    7370       2.7942
    7371       2.7128
    7372       2.6410
    7373       2.5861
    7374       2.6530
    7375       2.5929
    7376       2.7588
    7377       2.9789
    7378       2.7678
    7379       3.0365
    7380       3.0593
    7381       2.9424
    7382       2.9612
    7383       3.0709
    7384       3.0341
    7385       2.8514
    7386       2.8736
    7387       2.9402
    7388       3.1090
    7389       2.9973
    7390       2.9617
    7391       2.9266
    7392       2.9423
    7393       3.0200
    7394       3.2128
    7395       3.0783
    7396       3.2406
    7397       3.2620
    7398       3.4263
    7399       3.4089
    7400       3.3668
    7401       3.4456
    7402       3.4098
    7403       3.3379
    7404       3.3059
    7405       3.1739
    7406       3.2154
    7407       3.2746
    7408       3.1267
    7409       3.1216
    7410       3.2746
    7411       3.2695
    7412       3.2592
    7413       3.2664
    7414       3.3910
    7415       3.3638
    7416       3.3129
    7417       3.3765
    7418       3.5679
    7419       3.4187
    7420       3.3473
    7421       3.2873
    7422       3.3270
    7423       3.2047
    7424       3.1669
    7425       3.3635
    7426       3.2576
    7427       3.0887
    7428       2.9265
    7429       3.0514
    7430       3.1037
    7431       3.3238
    7432       2.9791
    7433       3.0735
    7434       3.0363
    7435       3.0665
    7436       3.1148
    7437       2.8806
    7438       2.6628
    7439       2.7310
    7440       2.6784
    7441       2.5510
    7442       2.8798
    7443       2.8796
    7444       2.9489
    7445       2.9860
    7446       3.0518
    7447       2.9601
    7448       3.0884
    7449       3.2736
    7450       3.0124
    7451       3.0452
    7452       3.0351
    7453       2.8856
    7454       3.0453
    7455       3.2149
    7456       2.8196
    7457       3.0252
    7458       2.9941
    7459       3.0651
    7460       2.9936
    7461       3.1490
    7462       3.2224
    7463       3.2332
    7464       3.1168
    7465       3.1516
    7466       3.2455
    7467       2.9418
    7468       3.2254
    7469       3.2706
    7470       3.2731
    7471       3.4117
    7472       3.3691
    7473       3.4230
    7474       3.3428
    7475       3.3465
    7476       3.3879
    7477       3.1774
    7478       3.2799
    7479       3.0766
    7480       3.2105
    7481       3.1259
    7482       2.9738
    7483       2.9584
    7484       3.0153
    7485       3.0731
    7486       3.0140
    7487       3.1563
    7488       2.8644
    7489       2.9255
    7490       3.0697
    7491       2.9906
    7492       2.9067
    7493       2.7296
    7494       2.8265
    7495       3.0006
    7496       3.0874
    7497       2.8266
    7498       2.9556
    7499       2.8480
    7500       2.9619
    7501       2.8965
    7502       2.7565
    7503       2.6689
    7504       2.9651
    7505       2.8386
    7506       2.8470
    7507       2.9183
    7508       2.9150
    7509       2.8998
    7510       2.8470
    7511       2.7825
    7512       2.6594
    7513       2.8284
    7514       2.8805
    7515       3.1370
    7516       3.2822
    7517       3.4834
    7518       3.3107
    7519       2.9830
    7520       3.0722
    7521       2.9677
    7522       2.9387
    7523       3.1630
    7524       3.0390
    7525       2.9577
    7526       2.9645
    7527       2.9776
    7528       2.9864
    7529       3.1495
    7530       3.0964
    7531       3.0465
    7532       3.2286
    7533       3.2868
    7534       3.1796
    7535       3.0863
    7536       3.3147
    7537       3.2795
    7538       3.2568
    7539       3.2358
    7540       3.2918
    7541       3.5714
    7542       3.3973
    7543       3.3530
    7544       3.2883
    7545       3.3791
    7546       3.4197
    7547       3.2866
    7548       3.1606
    7549       3.1254
    7550       3.3063
    7551       3.3420
    7552       3.3956
    7553       3.4454
    7554       3.5984
    7555       3.5404
    7556       3.6065
    7557       3.4081
    7558       3.6890
    7559       3.5007
    7560       3.1799
    7561       3.2647
    7562       3.1553
    7563       3.0446
    7564       2.8274
    7565       2.9031
    7566       2.9580
    7567       2.9613
    7568       3.1130
    7569       3.2305
    7570       3.3815
    7571       3.3166
    7572       3.3289
    7573       3.4168
    7574       3.1498
    7575       3.1639
    7576       3.2392
    7577       3.4560
    7578       3.6377
    7579       3.5313
    7580       3.6757
    7581       3.6939
    7582       4.0016
    7583       3.7875
    7584       3.8703
    7585       3.5258
    7586       3.6012
    7587       3.5368
    7588       3.5358
    7589       3.6522
    7590       3.6456
    7591       3.7558
    7592       3.6548
    7593       3.6252
    7594       3.8268
    7595       3.8379
    7596       3.6230
    7597       3.7933
    7598       3.7970
    7599       4.0520
    7600       3.9146
    7601       3.9080
    7602       3.8800
    7603       3.7522
    7604       3.5468
    7605       3.5625
    7606       3.7086
    7607       3.7072
    7608       3.7131
    7609       3.6668
    7610       3.5257
    7611       3.5467
    7612       3.7385
    7613       3.9064
    7614       3.5862
    7615       3.6283
    7616       3.3785
    7617       3.5428
    7618       3.5118
    7619       3.4208
    7620       3.6652
    7621       3.5379
    7622       3.3355
    7623       3.3201
    7624       3.2543
    7625       3.3156
    7626       3.2383
    7627       3.0284
    7628       3.0845
    7629       3.3481
    7630       3.1541
    7631       2.9921
    7632       3.0724
    7633       3.2491
    7634       3.1006
    7635       3.0372
    7636       3.1115
    7637       3.2444
    7638       3.1646
    7639       3.0141
    7640       3.0320
    7641       2.9923
    7642       3.1226
    7643       3.4084
    7644       3.4020
    7645       3.4090
    7646       3.3777
    7647       3.2543
    7648       3.1662
    7649       3.1065
    7650       3.0449
    7651       3.1860
    7652       3.4734
    7653       3.5173
    7654       3.3647
    7655       3.3824
    7656       3.5634
    7657       3.4953
    7658       3.4338
    7659       3.3033
    7660       3.3251
    7661       3.2354
    7662       3.2143
    7663       3.3790
    7664       3.2424
    7665       3.4202
    7666       3.4647
    7667       3.4510
    7668       3.4617
    7669       3.4952
    7670       3.4878
    7671       3.5162
    7672       3.3789
    7673       3.2268
    7674       3.1148
    7675       3.1346
    7676       3.0761
    7677       3.2342
    7678       3.1786
    7679       3.1537
    7680       3.1182
    7681       3.1441
    7682       3.2738
    7683       3.3442
    7684       3.4368
    7685       3.4984
    7686       3.4603
    7687       3.4694
    7688       3.3741
    7689       3.4634
    7690       3.4958
    7691       3.4052
    7692       3.5767
    7693       3.3663
    7694       3.2634
    7695       3.1014
    7696       2.8984
    7697       2.9432
    7698       3.0245
    7699       3.0754
    7700       2.8977
    7701       3.1006
    7702       3.1690
    7703       3.0922
    7704       3.1425
    7705       2.9860
    7706       2.9410
    7707       3.1149
    7708       2.8320
    7709       2.8426
    7710       3.1502
    7711       3.0344
    7712       3.0303
    7713       2.9723
    7714       3.0552
    7715       2.8900
    7716       3.1275
    7717       2.9537
    7718       3.1590
    7719       3.1841
    7720       3.1091
    7721       3.2135
    7722       3.1139
    7723       3.3179
    7724       3.4304
    7725       3.4562
    7726       3.2692
    7727       3.1352
    7728       2.8954
    7729       2.6867
    7730       2.7348
    7731       2.8896
    7732       3.0445
    7733       3.0697
    7734       3.0426
    7735       2.9104
    7736       2.6548
    7737       2.6919
    7738       2.9006
    7739       2.8916
    7740       2.8868
    7741       2.8354
    7742       2.8318
    7743       2.9845
    7744       2.9244
    7745       3.0969
    7746       3.1144
    7747       3.0288
    7748       3.0795
    7749       3.2425
    7750       3.3971
    7751       3.3222
    7752       3.1259
    7753       3.2509
    7754       3.2466
    7755       3.4497
    7756       3.5598
    7757       3.7734
    7758       3.6050
    7759       3.5953
    7760       3.5771
    7761       3.5166
    7762       3.5865
    7763       3.5962
    7764       3.5732
    7765       3.5190
    7766       3.5182
    7767       3.5910
    7768       3.4154
    7769       3.3607
    7770       3.3749
    7771       3.3018
    7772       3.5565
    7773       3.3846
    7774       3.4229
    7775       3.7420
    7776       3.5692
    7777       3.5324
    7778       3.4089
    7779       3.3881
    7780       3.4862
    7781       3.2551
    7782       3.4194
    7783       3.2072
    7784       3.2649
    7785       3.0828
    7786       3.1364
    7787       3.1968
    7788       3.1458
    7789       2.9363
    7790       3.1359
    7791       3.0021
    7792       2.8926
    7793       2.8721
    7794       3.1072
    7795       3.0496
    7796       2.8852
    7797       2.6616
    7798       2.6056
    7799       2.7607
    7800       2.8938
    7801       2.8011
    7802       2.8399
    7803       2.7981
    7804       3.0850
    7805       2.9477
    7806       2.8530
    7807       2.9784
    7808       2.7887
    7809       2.9322
    7810       2.9407
    7811       2.7265
    7812       2.8053
    7813       2.6087
    7814       2.6654
    7815       2.5739
    7816       2.6764
    7817       2.6211
    7818       2.6272
    7819       2.5235
    7820       2.3722
    7821       2.4327
    7822       2.5736
    7823       2.7911
    7824       2.7248
    7825       2.7855
    7826       2.6267
    7827       2.5588
    7828       2.9129
    7829       2.9947
    7830       3.1019
    7831       3.2047
    7832       3.1759
    7833       3.0505
    7834       2.9419
    7835       3.0833
    7836       2.8306
    7837       2.6069
    7838       2.9354
    7839       2.9928
    7840       2.8492
    7841       2.9528
    7842       3.0596
    7843       2.7918
    7844       3.0132
    7845       2.9936
    7846       2.9950
    7847       3.0079
    7848       2.9835
    7849       2.7652
    7850       2.7519
    7851       2.8017
    7852       3.0799
    7853       2.9493
    7854       2.8174
    7855       2.8745
    7856       2.7713
    7857       2.9984
    7858       3.1202
    7859       3.1259
    7860       3.2519
    7861       3.1709
    7862       3.1916
    7863       3.3604
    7864       3.5206
    7865       3.2371
    7866       3.1718
    7867       3.2839
    7868       3.1447
    7869       3.1520
    7870       3.4107
    7871       3.2162
    7872       3.3311
    7873       3.1575
    7874       2.9819
    7875       2.9480
    7876       3.1486
    7877       3.0351
    7878       3.0569
    7879       2.9746
    7880       3.0603
    7881       2.8744
    7882       2.9397
    7883       2.9588
    7884       3.1150
    7885       3.0488
    7886       3.3124
    7887       3.2051
    7888       3.4313
    7889       3.3249
    7890       3.3569
    7891       3.2865
    7892       3.1588
    7893       3.2385
    7894       3.2928
    7895       3.2879
    7896       3.4388
    7897       3.4674
    7898       3.3748
    7899       3.5323
    7900       3.4200
    7901       3.4425
    7902       3.6136
    7903       3.5911
    7904       3.2769
    7905       3.1087
    7906       2.9794
    7907       2.9399
    7908       2.6891
    7909       2.7447
    7910       2.6737
    7911       2.4908
    7912       2.3524
    7913       2.5713
    7914       2.6768
    7915       2.4835
    7916       2.6522
    7917       2.7180
    7918       2.6608
    7919       3.0092
    7920       2.9044
    7921       2.8042
    7922       2.7970
    7923       3.0998
    7924       3.0646
    7925       3.0935
    7926       3.2509
    7927       3.2464
    7928       3.3777
    7929       3.1006
    7930       3.2472
    7931       3.3068
    7932       3.3691
    7933       3.4207
    7934       3.5112
    7935       3.3848
    7936       3.2171
    7937       2.9454
    7938       2.9317
    7939       2.9064
    7940       2.8660
    7941       2.9399
    7942       3.0311
    7943       2.9665
    7944       2.9341
    7945       2.9568
    7946       3.0983
    7947       3.1084
    7948       3.1642
    7949       3.1615
    7950       3.0828
    7951       3.1750
    7952       3.0312
    7953       3.0636
    7954       3.1967
    7955       3.1073
    7956       2.9367
    7957       2.8056
    7958       2.8858
    7959       2.8787
    7960       2.7082
    7961       2.7600
    7962       2.7798
    7963       2.9746
    7964       2.9207
    7965       2.8770
    7966       2.9579
    7967       2.9219
    7968       2.9623
    7969       3.0186
    7970       2.9403
    7971       3.0952
    7972       2.9492
    7973       2.8463
    7974       2.7877
    7975       2.7792
    7976       2.7564
    7977       2.8545
    7978       2.6762
    7979       2.8433
    7980       2.8358
    7981       2.8665
    7982       2.9300
    7983       3.1467
    7984       3.1423
    7985       3.0331
    7986       3.0479
    7987       3.1172
    7988       2.9353
    7989       2.8772
    7990       2.9809
    7991       3.0395
    7992       2.9270
    7993       2.7766
    7994       2.7065
    7995       2.7154
    7996       2.8957
    7997       2.9367
    7998       2.7723
    7999       2.9278
    8000       2.8151
    8001       2.8907
    8002       2.7958
    8003       2.6351
    8004       2.7235
    8005       2.4733
    8006       2.2946
    8007       2.5715
    8008       2.6505
    8009       2.7106
    8010       2.7568
    8011       2.5069
    8012       2.6868
    8013       2.7843
    8014       2.7044
    8015       2.6218
    8016       2.7534
    8017       2.5272
    8018       2.4867
    8019       2.7218
    8020       2.6911
    8021       2.8416
    8022       2.9782
    8023       3.0780
    8024       3.1728
    8025       3.1602
    8026       3.2037
    8027       3.1894
    8028       3.2144
    8029       3.2130
    8030       2.9924
    8031       3.1630
    8032       3.2031
    8033       3.2356
    8034       3.1822
    8035       2.9954
    8036       2.9857
    8037       3.1733
    8038       3.1572
    8039       3.2474
    8040       3.1769
    8041       3.1405
    8042       3.0035
    8043       3.0075
    8044       3.1488
    8045       3.2967
    8046       3.4582
    8047       3.2704
    8048       3.5238
    8049       3.3308
    8050       3.0380
    8051       3.1458
    8052       3.2610
    8053       3.3248
    8054       3.5798
    8055       3.3411
    8056       3.4799
    8057       3.3244
    8058       3.5280
    8059       3.4081
    8060       3.4138
    8061       3.4740
    8062       3.2743
    8063       3.2271
    8064       2.9477
    8065       2.9325
    8066       2.9149
    8067       2.9521
    8068       2.9559
    8069       2.8431
    8070       2.9707
    8071       2.9119
    8072       2.9649
    8073       3.0258
    8074       3.0268
    8075       3.0182
    8076       3.0804
    8077       3.0449
    8078       3.2309
    8079       3.1116
    8080       3.0386
    8081       3.1176
    8082       3.0818
    8083       2.7819
    8084       2.8413
    8085       2.9455
    8086       2.9058
    8087       2.8051
    8088       2.7531
    8089       2.6302
    8090       2.5539
    8091       2.4674
    8092       2.3772
    8093       2.6079
    8094       2.6432
    8095       2.5495
    8096       2.3464
    8097       2.5179
    8098       2.3684
    8099       2.3922
    8100       2.4369
    8101       2.5193
    8102       2.5275
    8103       2.5517
    8104       2.5465
    8105       2.6350
    8106       2.7890
    8107       2.8227
    8108       2.8221
    8109       2.8150
    8110       2.7308
    8111       2.8163
    8112       2.9594
    8113       2.8669
    8114       3.0498
    8115       3.1242
    8116       3.0695
    8117       2.9606
    8118       2.9743
    8119       2.9740
    8120       2.8631
    8121       2.9471
    8122       2.9897
    8123       2.9273
    8124       2.8841
    8125       2.7065
    8126       2.6307
    8127       2.5378
    8128       2.6242
    8129       2.7806
    8130       2.7507
    8131       2.9462
    8132       2.8407
    8133       2.8554
    8134       2.9605
    8135       2.8019
    8136       2.7599
    8137       2.7129
    8138       2.6553
    8139       2.8803
    8140       2.6002
    8141       2.6799
    8142       2.6485
    8143       2.4925
    8144       2.4326
    8145       2.4837
    8146       2.4090
    8147       2.4047
    8148       2.5523
    8149       2.6822
    8150       2.5310
    8151       2.7784
    8152       2.6787
    8153       2.7484
    8154       2.8175
    8155       2.7638
    8156       2.6810
    8157       2.7677
    8158       2.6573
    8159       2.8310
    8160       2.8455
    8161       2.9535
    8162       3.0405
    8163       2.9259
    8164       2.9601
    8165       2.6337
    8166       2.7251
    8167       2.7469
    8168       2.9951
    8169       2.8336
    8170       2.7496
    8171       2.6949
    8172       2.8015
    8173       2.7679
    8174       2.7125
    8175       2.7223
    8176       2.8191
    8177       2.9003
    8178       2.9008
    8179       2.5133
    8180       2.4910
    8181       2.3479
    8182       2.4899
    8183       2.4425
    8184       2.4531
    8185       2.5441
    8186       2.5314
    8187       2.3767
    8188       2.7013
    8189       2.5419
    8190       2.5540
    8191       2.6430
    8192       2.6448
    8193       2.5702
    8194       2.4382
    8195       2.4323
    8196       2.4996
    8197       2.4069
    8198       2.5116
    8199       2.5427
    8200       2.5695
    8201       2.7187
    8202       2.7188
    8203       2.6985
    8204       2.8440
    8205       2.7169
    8206       2.7159
    8207       2.4774
    8208       2.5750
    8209       2.5180
    8210       2.6380
    8211       2.5711
    8212       2.7454
    8213       2.5852
    8214       2.5207
    8215       2.4535
    8216       2.4868
    8217       2.4138
    8218       2.5424
    8219       2.4504
    8220       2.5987
    8221       2.8145
    8222       2.6367
    8223       2.7457
    8224       2.7744
    8225       2.6977
    8226       2.7513
    8227       2.5898
    8228       2.5742
    8229       2.7852
    8230       2.7274
    8231       2.9585
    8232       2.9493
    8233       2.8150
    8234       2.8942
    8235       2.9623
    8236       3.0915
    8237       2.9323
    8238       2.9263
    8239       2.8759
    8240       2.9251
    8241       2.9050
    8242       2.9489
    8243       3.0313
    8244       3.0307
    8245       2.9551
    8246       3.1051
    8247       3.0362
    8248       2.8930
    8249       2.7583
    8250       3.0005
    8251       2.8144
    8252       2.4990
    8253       2.4317
    8254       2.7491
    8255       2.7634
    8256       2.7312
    8257       2.6101
    8258       2.7583
    8259       2.7320
    8260       2.8796
    8261       2.7164
    8262       2.7473
    8263       2.6800
    8264       2.7175
    8265       2.4699
    8266       2.6007
    8267       2.7075
    8268       2.7630
    8269       2.6306
    8270       2.6423
    8271       2.7966
    8272       2.7555
    8273       2.5723
    8274       2.5294
    8275       2.5558
    8276       2.5313
    8277       2.5694
    8278       2.4018
    8279       2.4598
    8280       2.4433
    8281       2.5634
    8282       2.5697
    8283       2.5288
    8284       2.4197
    8285       2.6105
    8286       2.6822
    8287       2.8562
    8288       2.8721
    8289       2.8754
    8290       2.9931
    8291       2.6911
    8292       2.8362
    8293       2.7491
    8294       2.7034
    8295       2.6706
    8296       2.8767
    8297       2.9381
    8298       2.8465
    8299       2.8884
    8300       2.8992
    8301       2.8518
    8302       2.7151
    8303       2.4267
    8304       2.3408
    8305       2.4280
    8306       2.5726
    8307       2.7720
    8308       2.7934
    8309       2.8436
    8310       2.8776
    8311       2.7470
    8312       2.6913
    8313       2.7351
    8314       2.6692
    8315       2.8378
    8316       2.9676
    8317       2.9743
    8318       3.0652
    8319       3.0685
    8320       3.0736
    8321       3.0291
    8322       3.1892
    8323       3.2521
    8324       3.2170
    8325       3.0844
    8326       2.9480
    8327       2.9747
    8328       3.0521
    8329       3.1377
    8330       3.0504
    8331       3.1680
    8332       3.2180
    8333       3.4029
    8334       3.4041
    8335       3.4022
    8336       3.2703
    8337       3.2801
    8338       3.2220
    8339       3.0738
    8340       2.8843
    8341       2.7577
    8342       2.6230
    8343       2.7710
    8344       2.6683
    8345       2.6574
    8346       2.6314
    8347       2.8022
    8348       2.7643
    8349       2.6346
    8350       2.5879
    8351       2.8378
    8352       2.9024
    8353       2.8050
    8354       2.8292
    8355       2.9095
    8356       3.0401
    8357       2.9310
    8358       3.0826
    8359       3.0376
    8360       3.0243
    8361       3.0192
    8362       3.0223
    8363       3.0450
    8364       3.1344
    8365       3.1579
    8366       2.9296
    8367       2.9383
    8368       2.9803
    8369       3.1662
    8370       3.1640
    8371       3.2053
    8372       3.1565
    8373       3.2118
    8374       3.1104
    8375       2.9726
    8376       2.9935
    8377       3.0751
    8378       3.1237
    8379       2.9636
    8380       3.0827
    8381       3.0233
    8382       3.0954
    8383       2.9774
    8384       2.9922
    8385       2.8429
    8386       3.0230
    8387       2.8562
    8388       2.8844
    8389       2.7523
    8390       2.8779
    8391       2.7417
    8392       2.9978
    8393       2.8738
    8394       2.8347
    8395       2.8614
    8396       2.8799
    8397       2.8065
    8398       2.6954
    8399       2.8688
    8400       2.4740
    8401       2.6362
    8402       2.6304
    8403       2.6041
    8404       2.7201
    8405       2.7247
    8406       2.7718
    8407       2.7299
    8408       2.6560
    8409       2.6735
    8410       2.6411
    8411       2.5223
    8412       2.5007
    8413       2.5362
    8414       2.4499
    8415       2.5320
    8416       2.5546
    8417       2.7076
    8418       2.9288
    8419       2.9357
    8420       2.8069
    8421       3.0350
    8422       3.2585
    8423       2.9123
    8424       3.1040
    8425       2.9935
    8426       3.2690
    8427       3.1922
    8428       3.1449
    8429       3.2334
    8430       3.1419
    8431       3.1909
    8432       3.2952
    8433       3.0616
    8434       3.0992
    8435       3.0424
    8436       3.1331
    8437       3.2976
    8438       3.2980
    8439       3.2353
    8440       3.1703
    8441       3.1437
    8442       3.1230
    8443       3.1835
    8444       3.1892
    8445       3.0352
    8446       3.0700
    8447       2.9897
    8448       2.8930
    8449       2.8312
    8450       2.9207
    8451       2.9454
    8452       3.0193
    8453       2.9081
    8454       3.0186
    8455       3.1066
    8456       2.8941
    8457       2.9122
    8458       2.6833
    8459       2.7716
    8460       2.6230
    8461       2.6099
    8462       2.8166
    8463       2.5277
    8464       2.6428
    8465       2.8667
    8466       2.6681
    8467       2.6751
    8468       2.9659
    8469       2.7415
    8470       2.8037
    8471       2.7905
    8472       2.9868
    8473       3.1545
    8474       3.0225
    8475       3.0735
    8476       2.9886
    8477       2.9119
    8478       3.1126
    8479       3.0956
    8480       3.1303
    8481       2.9702
    8482       2.9954
    8483       3.1149
    8484       3.4468
    8485       3.3409
    8486       3.1494
    8487       3.3569
    8488       3.4238
    8489       3.3651
    8490       3.3233
    8491       3.0779
    8492       3.0074
    8493       2.9831
    8494       3.3434
    8495       3.2832
    8496       3.1667
    8497       3.2826
    8498       3.3348
    8499       3.2065
    8500       3.2732
    8501       3.2584
    8502       3.2491
    8503       3.2889
    8504       3.6278
    8505       3.7524
    8506       3.6015
    8507       3.3471
    8508       3.1758
    8509       3.2578
    8510       3.5117
    8511       3.4631
    8512       3.3332
    8513       3.4883
    8514       3.2835
    8515       3.4066
    8516       3.4707
    8517       3.4199
    8518       3.0967
    8519       3.2387
    8520       3.3602
    8521       3.1700
    8522       2.9645
    8523       2.8799
    8524       2.8567
    8525       2.8449
    8526       2.7277
    8527       2.6994
    8528       2.7467
    8529       2.6648
    8530       2.6552
    8531       2.8380
    8532       2.8651
    8533       2.6615
    8534       2.6590
    8535       2.6862
    8536       2.6778
    8537       2.5138
    8538       2.4615
    8539       2.4866
    8540       2.6100
    8541       2.6927
    8542       2.5286
    8543       2.4756
    8544       2.5091
    8545       2.3982
    8546       2.3117
    8547       2.3369
    8548       2.3764
    8549       2.4463
    8550       2.4331
    8551       2.7253
    8552       2.6998
    8553       2.9559
    8554       2.9106
    8555       2.9987
    8556       2.7337
    8557       2.8099
    8558       3.0225
    8559       3.0455
    8560       3.1080
    8561       3.1017
    8562       3.0321
    8563       3.1267
    8564       2.9805
    8565       3.2314
    8566       3.1735
    8567       3.3094
    8568       3.2657
    8569       3.3614
    8570       3.3713
    8571       3.3667
    8572       3.3446
    8573       3.2609
    8574       3.3461
    8575       3.4885
    8576       3.2896
    8577       3.0942
    8578       3.1235
    8579       3.2582
    8580       3.1800
    8581       3.2122
    8582       3.0368
    8583       3.0776
    8584       2.9549
    8585       2.8773
    8586       2.8523
    8587       2.7828
    8588       2.9469
    8589       3.0794
    8590       3.2558
    8591       3.2638
    8592       3.2601
    8593       3.0737
    8594       3.2032
    8595       3.1865
    8596       3.3589
    8597       3.4708
    8598       3.3717
    8599       3.3925
    8600       3.3284
    8601       3.2303
    8602       3.1030
    8603       3.1735
    8604       3.1978
    8605       3.1426
    8606       3.1281
    8607       3.1232
    8608       3.0504
    8609       3.0833
    8610       2.9949
    8611       2.9334
    8612       3.0206
    8613       3.1781
    8614       3.0330
    8615       3.0062
    8616       3.0837
    8617       2.9002
    8618       3.0442
    8619       3.0417
    8620       3.0769
    8621       3.0329
    8622       2.9376
    8623       3.1544
    8624       2.8314
    8625       2.8289
    8626       2.8171
    8627       2.7733
    8628       2.8454
    8629       2.9597
    8630       2.9205
    8631       2.8958
    8632       2.7680
    8633       2.9565
    8634       2.8461
    8635       2.8237
    8636       2.8817
    8637       3.1952
    8638       3.0042
    8639       3.2097
    8640       3.2466
    8641       3.3074
    8642       3.4472
    8643       3.2730
    8644       3.0864
    8645       3.1436
    8646       3.3644
    8647       3.2924
    8648       3.0505
    8649       2.7527
    8650       2.6889
    8651       2.9321
    8652       3.0122
    8653       3.1671
    8654       3.0536
    8655       3.0252
    8656       2.9832
    8657       2.7478
    8658       2.6101
    8659       2.8489
    8660       3.0123
    8661       2.8500
    8662       2.7501
    8663       2.5858
    8664       2.5192
    8665       2.6167
    8666       2.7207
    8667       2.6597
    8668       2.7713
    8669       2.7634
    8670       2.8115
    8671       2.9095
    8672       2.9488
    8673       3.0345
    8674       2.8710
    8675       3.0884
    8676       2.9118
    8677       3.0191
    8678       2.8711
    8679       2.8508
    8680       3.0189
    8681       3.0521
    8682       2.9246
    8683       2.8994
    8684       2.6541
    8685       2.5035
    8686       2.5567
    8687       2.6971
    8688       2.7164
    8689       2.5071
    8690       2.4467
    8691       2.5289
    8692       2.5768
    8693       2.6751
    8694       2.6281
    8695       2.5187
    8696       2.7304
    8697       2.8097
    8698       2.9246
    8699       2.8488
    8700       2.7184
    8701       2.7357
    8702       2.5661
    8703       2.6062
    8704       2.6494
    8705       2.8546
    8706       2.6301
    8707       2.6433
    8708       2.6879
    8709       2.6633
    8710       2.5403
    8711       2.6919
    8712       2.3846
    8713       2.4894
    8714       2.7245
    8715       2.4840
    8716       2.4028
    8717       2.0976
    8718       2.0828
    8719       2.0909
    8720       2.1711
    8721       2.1289
    8722       2.2432
    8723       2.2277
    8724       2.2644
    8725       2.1785
    8726       2.3935
    8727       2.4815
    8728       2.7007
    8729       2.5316
    8730       2.5870
    8731       2.9215
    8732       2.9836
    8733       2.7926
    8734       2.8186
    8735       2.9184
    8736       2.8696
    8737       2.7986
    8738       2.9278
    8739       2.9261
    8740       2.7857
    8741       2.8841
    8742       3.1062
    8743       2.9831
    8744       3.2597
    8745       3.0494
    8746       3.0438
    8747       2.9654
    8748       3.1218
    8749       3.1588
    8750       3.2856
    8751       3.2231
    8752       3.1124
    8753       3.0947
    8754       3.1894
    8755       3.0621
    8756       3.0272
    8757       3.1144
    8758       2.9937
    8759       3.1187
    8760       3.0721
    8761       3.0443
    8762       2.9652
    8763       3.0519
    8764       2.9365
    8765       3.0161
    8766       3.1212
    8767       3.0816
    8768       3.1515
    8769       3.0012
    8770       2.9149
    8771       2.8532
    8772       2.7525
    8773       2.8689
    8774       2.8302
    8775       2.7638
    8776       2.8457
    8777       2.8224
    8778       3.0654
    8779       2.9461
    8780       2.9121
    8781       3.1275
    8782       3.2139
    8783       3.0890
    8784       3.1737
    8785       3.2375
    8786       3.0536
    8787       3.0993
    8788       2.8015
    8789       3.0380
    8790       3.0102
    8791       2.9863
    8792       2.9146
    8793       3.1865
    8794       2.9699
    8795       2.6441
    8796       2.7489
    8797       2.7833
    8798       2.8567
    8799       2.7035
    8800       2.8691
    8801       2.7235
    8802       2.7597
    8803       2.6150
    8804       2.5924
    8805       2.5613
    8806       2.5864
    8807       2.6424
    8808       2.6637
    8809       2.6229
    8810       2.5661
    8811       2.4834
    8812       2.4949
    8813       2.4296
    8814       2.3463
    8815       2.5547
    8816       2.5322
    8817       2.4551
    8818       2.5504
    8819       2.4246
    8820       2.3564
    8821       2.4771
    8822       2.4524
    8823       2.4832
    8824       2.5678
    8825       2.6196
    8826       2.6507
    8827       2.7361
    8828       2.6209
    8829       2.6295
    8830       2.6860
    8831       2.9036
    8832       2.8913
    8833       2.9811
    8834       2.8213
    8835       2.7812
    8836       2.5018
    8837       2.7610
    8838       2.7710
    8839       2.9725
    8840       3.0306
    8841       3.1324
    8842       2.9198
    8843       3.2188
    8844       3.1052
    8845       3.0667
    8846       3.0379
    8847       3.1070
    8848       3.0445
    8849       3.0540
    8850       2.9549
    8851       2.8721
    8852       2.6879
    8853       2.7440
    8854       2.7173
    8855       2.7668
    8856       2.8693
    8857       2.8890
    8858       2.9981
    8859       3.2675
    8860       3.2147
    8861       2.9800
    8862       2.9803
    8863       2.9158
    8864       2.8890
    8865       2.7930
    8866       2.8096
    8867       2.6916
    8868       2.7274
    8869       2.7292
    8870       2.7739
    8871       2.7723
    8872       2.7770
    8873       2.8441
    8874       2.7990
    8875       2.8728
    8876       2.9398
    8877       2.8102
    8878       2.9554
    8879       2.9464
    8880       2.7765
    8881       2.8439
    8882       2.8377
    8883       2.6684
    8884       2.7024
    8885       2.7962
    8886       2.8768
    8887       2.6077
    8888       2.8046
    8889       2.7155
    8890       2.6885
    8891       2.8357
    8892       2.9116
    8893       2.9012
    8894       2.9185
    8895       2.6377
    8896       2.5762
    8897       2.6995
    8898       2.6377
    8899       2.7605
    8900       2.6469
    8901       2.5503
    8902       2.5948
    8903       2.3950
    8904       2.5747
    8905       2.4332
    8906       2.3905
    8907       2.5875
    8908       2.6083
    8909       2.5892
    8910       2.4198
    8911       2.5629
    8912       2.5547
    8913       2.5739
    8914       2.5014
    8915       2.4110
    8916       2.5098
    8917       2.6561
    8918       2.5013
    8919       2.5659
    8920       2.5965
    8921       2.6084
    8922       2.6787
    8923       2.4212
    8924       2.5411
    8925       2.3608
    8926       2.2720
    8927       2.3356
    8928       2.5058
    8929       2.3902
    8930       2.3249
    8931       2.3776
    8932       2.4403
    8933       2.3525
    8934       2.6118
    8935       2.5443
    8936       2.6522
    8937       2.6415
    8938       2.5439
    8939       2.6704
    8940       2.6342
    8941       2.5788
    8942       2.5510
    8943       2.4058
    8944       2.6191
    8945       2.6874
    8946       2.8436
    8947       2.5611
    8948       2.5673
    8949       2.4258
    8950       2.5149
    8951       2.5649
    8952       2.4811
    8953       2.7160
    8954       2.7598
    8955       2.6217
    8956       2.6882
    8957       2.8133
    8958       2.6648
    8959       2.5583
    8960       2.6380
    8961       2.7252
    8962       2.7765
    8963       2.7247
    8964       2.6219
    8965       2.6646
    8966       2.4282
    8967       2.4492
    8968       2.5603
    8969       2.7573
    8970       2.8381
    8971       2.8626
    8972       2.9905
    8973       2.8469
    8974       2.8549
    8975       2.9384
    8976       2.8310
    8977       2.6947
    8978       2.8361
    8979       2.9209
    8980       2.9093
    8981       2.9912
    8982       2.8936
    8983       2.6799
    8984       2.8725
    8985       2.9543
    8986       2.9256
    8987       2.9944
    8988       2.8419
    8989       2.6702
    8990       2.8199
    8991       2.6570
    8992       2.3632
    8993       2.5212
    8994       2.5888
    8995       2.7765
    8996       2.8988
    8997       2.9507
    8998       2.8119
    8999       2.9668
    9000       2.7667
    9001       2.7513
    9002       2.6901
    9003       2.5150
    9004       2.7095
    9005       2.8723
    9006       2.8103
    9007       2.8191
    9008       2.7957
    9009       2.8506
    9010       2.9289
    9011       2.8787
    9012       2.9504
    9013       2.7941
    9014       2.9283
    9015       3.0022
    9016       2.8468
    9017       3.0061
    9018       3.2202
    9019       2.9700
    9020       2.8774
    9021       2.9330
    9022       2.8360
    9023       2.6693
    9024       2.7600
    9025       2.6431
    9026       2.6704
    9027       2.6309
    9028       2.4850
    9029       2.7260
    9030       2.6560
    9031       2.7425
    9032       2.5310
    9033       2.6335
    9034       2.5403
    9035       2.6263
    9036       2.5763
    9037       2.5588
    9038       2.6171
    9039       2.6829
    9040       2.6145
    9041       2.7043
    9042       2.5149
    9043       2.5318
    9044       2.8419
    9045       2.7419
    9046       2.7077
    9047       2.6915
    9048       2.8699
    9049       2.8019
    9050       2.7903
    9051       2.9357
    9052       2.6903
    9053       2.6718
    9054       2.7304
    9055       2.8966
    9056       3.0098
    9057       2.8277
    9058       2.7570
    9059       2.7395
    9060       2.7013
    9061       2.6924
    9062       2.5662
    9063       2.6983
    9064       2.7360
    9065       2.5246
    9066       2.6897
    9067       2.7435
    9068       2.6465
    9069       2.7061
    9070       2.7214
    9071       2.8563
    9072       2.8981
    9073       2.7193
    9074       2.8394
    9075       2.6944
    9076       2.6932
    9077       2.5780
    9078       2.6173
    9079       2.5952
    9080       2.7215
    9081       2.9997
    9082       2.9770
    9083       2.9903
    9084       2.9674
    9085       2.8326
    9086       2.7683
    9087       2.7690
    9088       2.6782
    9089       2.7122
    9090       2.6168
    9091       2.6755
    9092       2.7185
    9093       2.7229
    9094       2.7034
    9095       2.9630
    9096       3.0391
    9097       3.0794
    9098       2.6855
    9099       2.7025
    9100       2.7645
    9101       2.6824
    9102       2.5684
    9103       2.5505
    9104       2.5017
    9105       2.6772
    9106       2.6684
    9107       2.7986
    9108       2.5299
    9109       2.5068
    9110       2.7010
    9111       2.5321
    9112       2.4133
    9113       2.5580
    9114       2.6402
    9115       2.7891
    9116       2.7229
    9117       2.6655
    9118       2.6802
    9119       2.7697
    9120       2.8865
    9121       3.0330
    9122       2.8873
    9123       2.6788
    9124       2.8073
    9125       2.8243
    9126       2.8392
    9127       2.9495
    9128       2.7425
    9129       2.6979
    9130       2.6376
    9131       2.6101
    9132       2.6586
    9133       2.8644
    9134       2.8785
    9135       3.0063
    9136       2.7928
    9137       2.5922
    9138       2.6804
    9139       2.5548
    9140       2.6313
    9141       2.4718
    9142       2.5305
    9143       2.6005
    9144       2.6849
    9145       2.6273
    9146       2.7288
    9147       2.6203
    9148       2.4777
    9149       2.4946
    9150       2.2096
    9151       2.2019
    9152       2.2532
    9153       2.2460
    9154       2.2885
    9155       2.3209
    9156       2.4563
    9157       2.6039
    9158       2.2753
    9159       2.4396
    9160       2.6699
    9161       2.6374
    9162       2.7442
    9163       2.5151
    9164       2.6544
    9165       2.5647
    9166       2.4778
    9167       2.5353
    9168       2.4478
    9169       2.2200
    9170       2.3585
    9171       2.4897
    9172       2.4022
    9173       2.3499
    9174       2.1610
    9175       2.2374
    9176       2.1688
    9177       2.2035
    9178       2.4292
    9179       2.5013
    9180       2.4868
    9181       2.6106
    9182       2.6042
    9183       2.4447
    9184       2.2446
    9185       2.1589
    9186       2.2639
    9187       2.4158
    9188       2.2568
    9189       2.2889
    9190       2.3155
    9191       2.3137
    9192       2.4421
    9193       2.6633
    9194       2.5072
    9195       2.4567
    9196       2.6206
    9197       2.6603
    9198       2.6368
    9199       2.4282
    9200       2.5493
    9201       2.5774
    9202       2.4038
    9203       2.3915
    9204       2.3710
    9205       2.3927
    9206       2.4922
    9207       2.6160
    9208       2.6455
    9209       2.6294
    9210       2.5767
    9211       2.6087
    9212       2.6419
    9213       2.5528
    9214       2.6185
    9215       2.4924
    9216       2.4114
    9217       2.4466
    9218       2.4295
    9219       2.3146
    9220       2.1989
    9221       2.1215
    9222       2.1827
    9223       2.1560
    9224       2.2633
    9225       2.3425
    9226       2.4553
    9227       2.5139
    9228       2.5576
    9229       2.5925
    9230       2.6202
    9231       2.6103
    9232       2.6556
    9233       2.7065
    9234       2.6832
    9235       2.7200
    9236       2.7331
    9237       2.7709
    9238       2.7465
    9239       2.6900
    9240       2.5760
    9241       2.5546
    9242       2.6180
    9243       2.4804
    9244       2.5368
    9245       2.6709
    9246       2.7404
    9247       2.8903
    9248       2.7234
    9249       2.7589
    9250       2.8684
    9251       2.8094
    9252       2.7156
    9253       2.7097
    9254       2.5984
    9255       2.5717
    9256       2.6122
    9257       2.5773
    9258       2.6288
    9259       2.6329
    9260       2.5155
    9261       2.8308
    9262       2.7585
    9263       2.7421
    9264       2.6711
    9265       2.4109
    9266       2.4770
    9267       2.4567
    9268       2.4871
    9269       2.4582
    9270       2.7068
    9271       2.6196
    9272       2.5268
    9273       2.6748
    9274       2.6915
    9275       2.7090
    9276       2.4823
    9277       2.5092
    9278       2.4587
    9279       2.3761
    9280       2.5218
    9281       2.3959
    9282       2.4193
    9283       2.5699
    9284       2.5494
    9285       2.6164
    9286       2.6419
    9287       2.5222
    9288       2.5650
    9289       2.5618
    9290       2.5659
    9291       2.4467
    9292       2.4801
    9293       2.4170
    9294       2.5354
    9295       2.4772
    9296       2.5683
    9297       2.5846
    9298       2.8752
    9299       2.8931
    9300       2.8489
    9301       2.8371
    9302       2.9049
    9303       2.9368
    9304       2.9291
    9305       2.7952
    9306       2.9121
    9307       2.7106
    9308       2.7549
    9309       2.6430
    9310       2.6213
    9311       2.6499
    9312       2.6899
    9313       2.7201
    9314       2.7623
    9315       2.8892
    9316       2.9109
    9317       2.9502
    9318       2.8679
    9319       2.9310
    9320       3.1045
    9321       2.8771
    9322       2.8700
    9323       2.9708
    9324       3.0883
    9325       3.0100
    9326       3.2518
    9327       3.1603
    9328       3.1353
    9329       3.2431
    9330       3.1847
    9331       3.3001
    9332       3.3330
    9333       3.4392
    9334       3.1038
    9335       2.9298
    9336       2.9857
    9337       3.1004
    9338       3.2817
    9339       3.2941
    9340       3.4355
    9341       3.3794
    9342       3.3680
    9343       3.4975
    9344       3.3607
    9345       3.4249
    9346       3.3014
    9347       3.1718
    9348       3.2409
    9349       3.3091
    9350       3.2965
    9351       3.1528
    9352       3.1135
    9353       3.0005
    9354       2.9560
    9355       2.8747
    9356       2.9316
    9357       2.9995
    9358       2.9374
    9359       3.0473
    9360       3.0968
    9361       3.1638
    9362       3.0038
    9363       3.0517
    9364       3.0143
    9365       2.8195
    9366       2.7864
    9367       2.7647
    9368       2.7503
    9369       2.6962
    9370       2.7374
    9371       2.6967
    9372       2.8123
    9373       2.9440
    9374       3.0570
    9375       3.2618
    9376       3.0827
    9377       3.0338
    9378       2.9757
    9379       2.9123
    9380       2.8255
    9381       2.7742
    9382       2.6383
    9383       2.6723
    9384       2.7566
    9385       2.9152
    9386       2.8122
    9387       2.8239
    9388       3.0879
    9389       3.1263
    9390       3.0679
    9391       2.8549
    9392       2.7621
    9393       2.8746
    9394       2.8266
    9395       2.9155
    9396       2.8834
    9397       2.8735
    9398       2.8394
    9399       2.7527
    9400       2.7730
    9401       2.7126
    9402       2.7528
    9403       2.7489
    9404       2.7686
    9405       2.6033
    9406       2.6887
    9407       2.7394
    9408       2.8452
    9409       3.0802
    9410       3.0498
    9411       2.9001
    9412       3.0811
    9413       2.9921
    9414       2.9433
    9415       2.9732
    9416       3.0210
    9417       2.7768
    9418       2.8011
    9419       2.7616
    9420       2.8692
    9421       2.8516
    9422       3.2027
    9423       2.9253
    9424       3.0475
    9425       2.9922
    9426       2.9947
    9427       2.9173
    9428       3.0884
    9429       2.9006
    9430       2.9386
    9431       3.0456
    9432       2.9983
    9433       3.2364
    9434       2.8801
    9435       2.8485
    9436       2.9890
    9437       2.9743
    9438       2.7765
    9439       2.6061
    9440       2.5304
    9441       2.5710
    9442       2.6777
    9443       2.5736
    9444       2.6335
    9445       2.6862
    9446       2.5998
    9447       2.5750
    9448       2.5441
    9449       2.5217
    9450       2.3848
    9451       2.5224
    9452       2.5084
    9453       2.4622
    9454       2.4084
    9455       2.5578
    9456       2.5559
    9457       2.6836
    9458       2.6316
    9459       2.7638
    9460       2.9804
    9461       2.7674
    9462       2.6564
    9463       2.4640
    9464       2.3341
    9465       2.5474
    9466       2.5229
    9467       2.7267
    9468       2.8678
    9469       2.7847
    9470       2.7679
    9471       2.6998
    9472       2.5909
    9473       2.4508
    9474       2.4230
    9475       2.4398
    9476       2.7394
    9477       2.7237
    9478       2.6972
    9479       2.7920
    9480       2.7139
    9481       2.6371
    9482       2.6816
    9483       2.7835
    9484       2.7588
    9485       2.8492
    9486       2.5849
    9487       2.9794
    9488       2.9424
    9489       2.9641
    9490       2.9495
    9491       2.7837
    9492       2.8796
    9493       2.8779
    9494       2.8358
    9495       2.8849
    9496       2.8291
    9497       2.7889
    9498       2.8519
    9499       2.7419
    9500       2.6153
    9501       2.7068
    9502       2.7470
    9503       2.7177
    9504       2.5755
    9505       2.3561
    9506       2.2668
    9507       2.2318
    9508       2.2209
    9509       2.2426
    9510       2.2837
    9511       2.3239
    9512       2.4376
    9513       2.2921
    9514       2.2395
    9515       2.2915
    9516       2.2491
    9517       2.1805
    9518       2.0653
    9519       2.1111
    9520       2.3697
    9521       2.3777
    9522       2.4815
    9523       2.4026
    9524       2.4792
    9525       2.5273
    9526       2.4260
    9527       2.4690
    9528       2.3747
    9529       2.1949
    9530       2.0933
    9531       2.1675
    9532       2.2394
    9533       2.1602
    9534       2.2186
    9535       2.0239
    9536       2.0671
    9537       2.0117
    9538       2.0582
    9539       2.0807
    9540       2.0153
    9541       1.9814
    9542       2.0179
    9543       1.9087
    9544       2.0419
    9545       2.0783
    9546       2.1551
    9547       2.0492
    9548       1.9933
    9549       1.9286
    9550       1.8748
    9551       2.0011
    9552       2.1125
    9553       2.0586
    9554       2.2659
    9555       1.9759
    9556       1.8867
    9557       1.9197
    9558       1.9326
    9559       1.9574
    9560       2.1065
    9561       2.2239
    9562       2.1955
    9563       2.3536
    9564       2.3843
    9565       2.4388
    9566       2.3214
    9567       2.2243
    9568       2.3890
    9569       2.3886
    9570       2.4205
    9571       2.3663
    9572       2.5670
    9573       2.7024
    9574       2.8620
    9575       3.0428
    9576       2.8495
    9577       2.9425
    9578       2.7783
    9579       2.9276
    9580       2.8732
    9581       2.8251
    9582       2.6875
    9583       2.7915
    9584       2.7998
    9585       2.8587
    9586       2.7952
    9587       2.6269
    9588       2.6483
    9589       2.9514
    9590       2.8702
    9591       3.0145
    9592       3.0532
    9593       3.0369
    9594       2.7817
    9595       2.8133
    9596       3.0566
    9597       2.9588
    9598       2.9868
    9599       2.9441
    9600       2.8857
    9601       2.9723
    9602       2.7979
    9603       2.6158
    9604       2.8388
    9605       2.8323
    9606       2.6104
    9607       2.5783
    9608       2.7422
    9609       2.6673
    9610       2.6733
    9611       2.7493
    9612       2.6553
    9613       2.4749
    9614       2.4921
    9615       2.4814
    9616       2.4790
    9617       2.3710
    9618       2.4063
    9619       2.5038
    9620       2.3707
    9621       2.4070
    9622       2.5562
    9623       2.5956
    9624       2.4266
    9625       2.4472
    9626       2.4036
    9627       2.4928
    9628       2.5583
    9629       2.5737
    9630       2.6144
    9631       2.7169
    9632       2.6617
    9633       2.7056
    9634       2.7622
    9635       2.6159
    9636       2.5967
    9637       2.5641
    9638       2.4723
    9639       2.3681
    9640       2.5000
    9641       2.3059
    9642       2.3675
    9643       2.2693
    9644       2.4110
    9645       2.4850
    9646       2.3252
    9647       2.3396
    9648       2.4787
    9649       2.3798
    9650       2.5325
    9651       2.4768
    9652       2.3936
    9653       2.5277
    9654       2.4395
    9655       2.5484
    9656       2.4576
    9657       2.6441
    9658       2.5955
    9659       2.6256
    9660       2.7148
    9661       2.7308
    9662       2.5699
    9663       2.5486
    9664       2.6892
    9665       2.6044
    9666       2.6182
    9667       2.6852
    9668       2.6126
    9669       2.5831
    9670       2.5374
    9671       2.5568
    9672       2.7068
    9673       2.7137
    9674       2.4596
    9675       2.6313
    9676       2.7745
    9677       2.7212
    9678       2.9632
    9679       2.7128
    9680       2.8500
    9681       2.8312
    9682       2.4562
    9683       2.4455
    9684       2.4098
    9685       2.4820
    9686       2.2901
    9687       2.3089
    9688       2.4431
    9689       2.5165
    9690       2.4679
    9691       2.2247
    9692       2.5054
    9693       2.4337
    9694       2.5125
    9695       2.4870
    9696       2.4251
    9697       2.4105
    9698       2.4317
    9699       2.2581
    9700       2.4575
    9701       2.5516
    9702       2.5052
    9703       2.6273
    9704       2.7556
    9705       2.6477
    9706       2.5024
    9707       2.6770
    9708       2.7457
    9709       2.4884
    9710       2.5178
    9711       2.4491
    9712       2.5603
    9713       2.6714
    9714       2.7066
    9715       2.6341
    9716       2.6746
    9717       2.7805
    9718       2.8557
    9719       2.8322
    9720       2.8268
    9721       2.6466
    9722       2.6413
    9723       2.7556
    9724       2.7067
    9725       2.5319
    9726       2.7405
    9727       2.7260
    9728       2.5211
    9729       2.5989
    9730       2.6387
    9731       2.8154
    9732       2.6464
    9733       2.5187
    9734       2.7003
    9735       2.7942
    9736       2.7750
    9737       2.7875
    9738       2.9149
    9739       2.9462
    9740       3.0095
    9741       2.9220
    9742       2.9152
    9743       2.8901
    9744       2.9915
    9745       3.0042
    9746       2.9726
    9747       3.1142
    9748       3.1340
    9749       3.0953
    9750       2.9884
    9751       3.0176
    9752       2.8816
    9753       3.0187
    9754       3.0137
    9755       2.8272
    9756       2.8558
    9757       2.9980
    9758       2.9496
    9759       2.7150
    9760       2.8020
    9761       2.9706
    9762       3.1315
    9763       2.8914
    9764       2.8638
    9765       2.7411
    9766       2.6649
    9767       2.7735
    9768       2.7523
    9769       2.8455
    9770       2.9324
    9771       2.9107
    9772       2.7844
    9773       2.9668
    9774       2.9246
    9775       2.8167
    9776       2.8392
    9777       2.9509
    9778       3.0645
    9779       2.9175
    9780       3.0123
    9781       2.8864
    9782       3.1615
    9783       3.0922
    9784       2.9895
    9785       2.9530
    9786       3.0365
    9787       2.7782
    9788       2.6453
    9789       2.3921
    9790       2.6439
    9791       2.5252
    9792       2.5601
    9793       2.3839
    9794       2.5799
    9795       2.6269
    9796       2.6725
    9797       2.6720
    9798       2.5898
    9799       2.5861
    9800       2.5569
    9801       2.5083
    9802       2.9318
    9803       2.6427
    9804       2.6899
    9805       2.6318
    9806       2.6518
    9807       2.7348
    9808       2.6095
    9809       2.6791
    9810       2.6337
    9811       2.7224
    9812       2.7089
    9813       2.7322
    9814       2.7907
    9815       2.8168
    9816       2.8062
    9817       2.8162
    9818       2.6904
    9819       2.8666
    9820       2.7707
    9821       2.7810
    9822       2.6258
    9823       2.5023
    9824       2.6872
    9825       2.5760
    9826       2.5926
    9827       2.5063
    9828       2.4366
    9829       2.4882
    9830       2.6611
    9831       2.7893
    9832       2.6992
    9833       2.5562
    9834       2.5448
    9835       2.7771
    9836       2.6172
    9837       2.4740
    9838       2.5827
    9839       2.6564
    9840       2.6724
    9841       2.6307
    9842       2.7088
    9843       2.6239
    9844       2.4631
    9845       2.6265
    9846       2.6398
    9847       2.5745
    9848       2.8752
    9849       2.7071
    9850       2.7506
    9851       2.7598
    9852       2.7302
    9853       2.6024
    9854       2.5514
    9855       2.7778
    9856       2.9916
    9857       2.8846
    9858       2.8560
    9859       2.6994
    9860       2.6268
    9861       2.7650
    9862       2.7982
    9863       2.7622
    9864       2.6663
    9865       2.8221
    9866       2.9846
    9867       2.8913
    9868       2.9856
    9869       2.6650
    9870       2.7803
    9871       2.9471
    9872       2.9719
    9873       3.0738
    9874       2.9872
    9875       2.9797
    9876       2.9369
    9877       2.7754
    9878       2.8164
    9879       2.8233
    9880       2.6836
    9881       2.7907
    9882       2.8484
    9883       2.8403
    9884       2.8622
    9885       2.5626
    9886       2.5151
    9887       2.7258
    9888       2.5357
    9889       2.6183
    9890       2.8062
    9891       2.8070
    9892       2.8942
    9893       2.7769
    9894       2.8197
    9895       2.8164
    9896       2.6991
    9897       2.8062
    9898       2.8013
    9899       2.5247
    9900       2.4255
    9901       2.3804
    9902       2.5698
    9903       2.5148
    9904       2.4136
    9905       2.3994
    9906       2.3562
    9907       2.3482
    9908       2.1944
    9909       2.2159
    9910       2.4355
    9911       2.4214
    9912       2.4970
    9913       2.5779
    9914       2.6595
    9915       2.5791
    9916       2.8164
    9917       2.6920
    9918       2.8517
    9919       2.6120
    9920       2.5176
    9921       2.6818
    9922       2.6134
    9923       2.5539
    9924       2.6156
    9925       2.6312
    9926       2.8110
    9927       2.9973
    9928       3.0603
    9929       3.0250
    9930       3.0022
    9931       3.1761
    9932       3.1060
    9933       3.0071
    9934       2.9410
    9935       2.7332
    9936       2.6801
    9937       2.8032
    9938       2.8241
    9939       2.6606
    9940       2.6588
    9941       2.4141
    9942       2.3599
    9943       2.4791
    9944       2.6273
    9945       2.5633
    9946       2.4334
    9947       2.4520
    9948       2.5694
    9949       2.3915
    9950       2.3467
    9951       2.2076
    9952       2.3141
    9953       2.3272
    9954       2.5070
    9955       2.4180
    9956       2.4691
    9957       2.6189
    9958       2.8822
    9959       2.6982
    9960       2.7629
    9961       2.8403
    9962       2.6821
    9963       2.7630
    9964       2.6715
    9965       2.6898
    9966       2.8416
    9967       2.9088
    9968       2.8301
    9969       2.8527
    9970       2.7243
    9971       2.9094
    9972       3.0038
    9973       2.9339
    9974       2.9895
    9975       2.8625
    9976       2.7489
    9977       2.7259
    9978       2.5523
    9979       2.7465
    9980       2.6111
    9981       2.5772
    9982       2.6818
    9983       2.8599
    9984       2.9389
    9985       2.7716
    9986       2.7288
    9987       2.5589
    9988       2.4889
    9989       2.3959
    9990       2.3403
    9991       2.2777
    9992       2.3064
    9993       2.1409
    9994       2.1576
    9995       2.2300
    9996       2.1834
    9997       2.1419
    9998       2.1775
    9999       2.0995
   10000       2.3642
