1,28.0014
2,28.1557
3,28.0684
4,28.1371
5,28.3452
6,28.2541
7,28.1667
8,28.2391
9,28.302
10,28.4022
11,28.3835
12,28.3091
13,28.2616
14,28.1689
15,28.2025
16,28.2025
17,28.2615
18,28.1812
19,28.1713
20,28.309
21,28.2507
22,28.2706
23,28.2944
24,28.1977
25,28.3188
26,28.3099
27,28.4062
28,28.4283
29,28.3528
30,28.2616
31,28.2093
32,28.2288
33,28.1955
34,28.1827
35,28.2673
36,28.2386
37,28.3667
38,28.2664
39,28.2816
40,28.3421
41,28.4393
42,28.3738
43,28.474
44,28.4001
45,28.3418
46,28.3076
47,28.2336
48,28.2494
49,28.2245
50,28.0538
51,28.112
52,28.1314
53,28.1781
54,28.1953
55,28.2395
56,28.3211
57,28.284
58,28.3066
59,28.1886
60,28.2416
61,28.1848
62,28.1695
63,28.171
64,28.153
65,28.1841
66,28.1629
67,28.0921
68,27.963
69,28.098
70,28.0334
71,28.1441
72,28.1275
73,28.1736
74,28.2525
75,28.157
76,28.2466
77,28.2379
78,28.0791
79,28.2051
80,28.233
81,28.285
82,28.1721
83,28.1075
84,28.122
85,28.2035
86,28.0809
87,28.2219
88,28.1233
89,28.1455
90,28.162
91,28.2104
92,28.2439
93,28.1896
94,28.2817
95,28.3648
96,28.3222
97,28.2742
98,28.3088
99,28.244
100,28.3699
101,28.2741
102,28.2363
103,28.3077
104,28.3271
105,28.3096
106,28.4543
107,28.4
108,28.1941
109,28.2967
110,28.2038
111,28.2206
112,28.2488
113,28.1736
114,28.2192
115,28.2224
116,28.2837
117,28.2388
118,28.2081
119,28.3638
120,28.2376
121,28.2913
122,28.2491
123,28.1663
124,28.3089
125,28.2963
126,28.3074
127,28.2839
128,28.3146
129,28.2951
130,28.3337
131,28.2235
132,28.3073
133,28.2167
134,28.2395
135,28.2826
136,28.0143
137,28.241
138,28.2588
139,28.1919
140,28.1716
141,28.2405
142,28.2304
143,28.2814
144,28.2329
145,28.273
146,28.2581
147,28.1563
148,28.2643
149,28.2126
150,28.1698
151,28.2343
152,28.2675
153,28.2766
154,28.2631
155,28.1137
156,28.1921
157,28.2778
158,28.3534
159,28.4433
160,28.3478
161,28.3892
162,28.5564
163,28.3741
164,28.3904
165,28.3463
166,28.3153
167,28.2396
168,28.2869
169,28.219
170,28.3102
171,28.2285
172,28.3124
173,28.1888
174,28.239
175,28.1169
176,28.2283
177,28.2042
178,28.2774
179,28.1644
180,28.2421
181,28.2448
182,28.2431
183,28.1774
184,28.2501
185,28.2253
186,28.3023
187,28.1569
188,28.1791
189,28.1626
190,28.137
191,28.1166
192,28.1529
193,28.1022
194,28.2775
195,28.2345
196,28.134
197,28.2085
198,28.2146
199,28.3739
200,28.4243
201,28.2972
202,28.2996
203,28.26
204,28.1727
205,28.2136
206,28.42
207,28.2554
208,28.4096
209,28.3277
210,28.4308
211,28.4757
212,28.4101
213,28.4221
214,28.3953
215,28.4673
216,28.4184
217,28.4763
218,28.3603
219,28.4445
220,28.4069
221,28.4379
222,28.3791
223,28.4137
224,28.5229
225,28.4131
226,28.4527
227,28.5155
228,28.4921
229,28.3981
230,28.408
231,28.3627
232,28.3931
233,28.3819
234,28.3981
235,28.4489
236,28.409
237,28.325
238,28.3993
239,28.4031
240,28.4239
241,28.4013
242,28.4807
243,28.5057
244,28.5307
245,28.3491
246,28.3405
247,28.4558
248,28.3935
249,28.3858
250,28.4419
251,28.3397
252,28.4599
253,28.5005
254,28.3763
255,28.3941
256,28.3282
257,28.4063
258,28.3696
259,28.3351
260,28.4075
261,28.3861
262,28.4476
263,28.4782
264,28.4922
265,28.4895
266,28.4209
267,28.4022
268,28.3742
269,28.4503
270,28.4059
271,28.452
272,28.3188
273,28.2672
274,28.3117
275,28.4258
276,28.3559
277,28.3679
278,28.3922
279,28.3735
280,28.3713
281,28.4358
282,28.4878
283,28.3854
284,28.3754
285,28.3425
286,28.2933
287,28.255
288,28.3792
289,28.3619
290,28.2941
291,28.3576
292,28.3332
293,28.4089
294,28.4317
295,28.3955
296,28.3621
297,28.2881
298,28.4448
299,28.3834
300,28.5276
301,28.51
302,28.3834
303,28.4388
304,28.4208
305,28.3867
306,28.443
307,28.5181
308,28.562
309,28.5038
310,28.4407
311,28.4088
312,28.402
313,28.5053
314,28.3115
315,28.285
316,28.3101
317,28.3445
318,28.3776
319,28.3924
320,28.4996
321,28.5022
322,28.4968
323,28.4248
324,28.3866
325,28.3865
326,28.3271
327,28.2957
328,28.3427
329,28.4273
330,28.2976
331,28.3995
332,28.3767
333,28.3697
334,28.2715
335,28.3143
336,28.3634
337,28.4019
338,28.3801
339,28.4749
340,28.3734
341,28.4733
342,28.3994
343,28.3533
344,28.3944
345,28.302
346,28.3012
347,28.4266
348,28.4885
349,28.4425
350,28.2848
351,28.3202
352,28.3529
353,28.4576
354,28.5207
355,28.6503
356,28.6368
357,28.5329
358,28.4596
359,28.5343
360,28.4146
361,28.3511
362,28.3616
363,28.3516
364,28.3544
365,28.3909
366,28.4004
367,28.3704
368,28.4434
369,28.3897
370,28.2892
371,28.3384
372,28.4415
373,28.5012
374,28.4666
375,28.4657
376,28.4595
377,28.2763
378,28.2463
379,28.3644
380,28.1584
381,28.245
382,28.2933
383,28.3226
384,28.3417
385,28.395
386,28.3305
387,28.1756
388,28.1892
389,28.2027
390,28.2221
391,28.2555
392,28.2276
393,28.2295
394,28.2056
395,28.2782
396,28.351
397,28.324
398,28.3964
399,28.2997
400,28.3517
401,28.3138
402,28.3696
403,28.3851
404,28.4441
405,28.3687
406,28.18
407,28.2905
408,28.206
409,28.2674
410,28.3203
411,28.3698
412,28.2072
413,28.1584
414,28.3396
415,28.3166
416,28.2268
417,28.283
418,28.3181
419,28.2934
420,28.4096
421,28.2168
422,28.1439
423,28.0804
424,28.1255
425,28.1336
426,28.1404
427,28.2274
428,28.2787
429,28.2497
430,28.2327
431,28.2582
432,28.3384
433,28.2334
434,28.2098
435,28.1638
436,28.2241
437,28.2115
438,28.4322
439,28.3403
440,28.2366
441,28.2143
442,28.2099
443,28.2644
444,28.2076
445,28.3816
446,28.2608
447,28.3139
448,28.3991
449,28.2544
450,28.3445
451,28.4075
452,28.2646
453,28.4732
454,28.4951
455,28.515
456,28.4902
457,28.3833
458,28.2429
459,28.2026
460,28.3356
461,28.3452
462,28.3143
463,28.3775
464,28.3366
465,28.2632
466,28.2343
467,28.2257
468,28.2031
469,28.2352
470,28.2672
471,28.3253
472,28.1966
473,28.3214
474,28.3514
475,28.2405
476,28.216
477,28.2269
478,28.1081
479,28.0339
480,28.0272
481,28.0473
482,28.0814
483,28.0717
484,28.1371
485,28.1866
486,28.2529
487,28.1961
488,28.2267
489,28.2801
490,28.3916
491,28.2857
492,28.3268
493,28.2881
494,28.2956
495,28.3818
496,28.2932
497,28.4255
498,28.3419
499,28.326
500,28.2819
501,28.2005
502,28.1737
503,28.1904
504,28.1805
505,28.3454
506,28.2645
507,28.2441
508,28.2332
509,28.2979
510,28.2287
511,28.2847
512,28.3074
513,28.3441
514,28.2623
515,28.2785
516,28.2922
517,28.3259
518,28.2167
519,28.3692
520,28.3029
521,28.3338
522,28.3557
523,28.2693
524,28.2492
525,28.2698
526,28.3587
527,28.374
528,28.4177
529,28.233
530,28.3374
531,28.3843
532,28.3865
533,28.347
534,28.3879
535,28.4146
536,28.3865
537,28.2594
538,28.1442
539,28.2131
540,28.1894
541,28.1478
542,28.3207
543,28.1952
544,28.2255
545,28.1587
546,28.1017
547,28.1177
548,28.19
549,28.2549
550,28.3273
551,28.394
552,28.2324
553,28.3809
554,28.2987
555,28.2743
556,28.217
557,28.187
558,28.2962
559,28.3639
560,28.3583
561,28.2235
562,28.1956
563,28.1723
564,28.1082
565,28.1973
566,28.2418
567,28.3042
568,28.2636
569,28.2796
570,28.3088
571,28.4929
572,28.4277
573,28.4161
574,28.4502
575,28.52
576,28.5576
577,28.463
578,28.4219
579,28.4005
580,28.3038
581,28.3228
582,28.2631
583,28.195
584,28.4176
585,28.3284
586,28.2856
587,28.2461
588,28.2176
589,28.2416
590,28.2857
591,28.313
592,28.1974
593,28.2294
594,28.2334
595,28.1721
596,28.1965
597,28.2554
598,28.2629
599,28.3842
600,28.3252
601,28.2915
602,28.3448
603,28.2852
604,28.2279
605,28.3299
606,28.417
607,28.3403
608,28.3255
609,28.2909
610,28.3305
611,28.3456
612,28.3405
613,28.3804
614,28.4516
615,28.4242
616,28.389
617,28.4178
618,28.3634
619,28.386
620,28.2836
621,28.3564
622,28.3189
623,28.2639
624,28.3532
625,28.3024
626,28.4468
627,28.3632
628,28.3773
629,28.3191
630,28.3953
631,28.367
632,28.2983
633,28.2924
634,28.2949
635,28.274
636,28.2848
637,28.2147
638,28.1901
639,28.2177
640,28.2545
641,28.2996
642,28.2702
643,28.3686
644,28.2814
645,28.2143
646,28.3301
647,28.2945
648,28.3092
649,28.4379
650,28.3967
651,28.321
652,28.3523
653,28.3215
654,28.4215
655,28.3799
656,28.2773
657,28.3414
658,28.3746
659,28.2777
660,28.2114
661,28.1782
662,28.1939
663,28.2482
664,28.2536
665,28.3559
666,28.2732
667,28.2822
668,28.2138
669,28.3942
670,28.3205
671,28.2775
672,28.3276
673,28.2593
674,28.2687
675,28.1932
676,28.1138
677,28.1385
678,28.1978
679,28.1899
680,28.2122
681,28.265
682,28.237
683,28.1648
684,28.2188
685,28.1266
686,28.1621
687,28.1681
688,28.1876
689,28.2397
690,28.2396
691,28.2408
692,28.3849
693,28.291
694,28.191
695,28.1764
696,28.2841
697,28.2715
698,28.1727
699,28.2425
700,28.114
701,28.098
702,28.0565
703,28.0464
704,28.0518
705,28.0524
706,28.0629
707,28.0491
708,28.1871
709,28.2433
710,28.206
711,28.1646
712,28.2547
713,28.1918
714,28.2426
715,28.2083
716,28.2328
717,28.2545
718,28.1669
719,28.2872
720,28.2575
721,28.145
722,28.2424
723,28.1959
724,28.1694
725,28.1878
726,28.105
727,28.2047
728,28.2985
729,28.32
730,28.3005
731,28.2774
732,28.2202
733,28.1989
734,28.1227
735,28.2736
736,28.2346
737,28.2299
738,28.2375
739,28.2592
740,28.1671
741,28.2295
742,28.2971
743,28.2502
744,28.3153
745,28.3836
746,28.3738
747,28.3689
748,28.3738
749,28.3386
750,28.3666
751,28.3508
752,28.2118
753,28.1793
754,28.2049
755,28.1881
756,28.1956
757,28.2123
758,28.278
759,28.3446
760,28.399
761,28.3119
762,28.3697
763,28.3754
764,28.2687
765,28.2869
766,28.1676
767,28.3165
768,28.3001
769,28.205
770,28.2689
771,28.2427
772,28.2829
773,28.2706
774,28.314
775,28.3416
776,28.3883
777,28.3298
778,28.362
779,28.3565
780,28.3932
781,28.3565
782,28.2262
783,28.3079
784,28.2906
785,28.2851
786,28.3302
787,28.3636
788,28.265
789,28.1827
790,28.1681
791,28.1828
792,28.2575
793,28.2412
794,28.1658
795,28.0969
796,28.201
797,28.3591
798,28.1782
799,28.3135
800,28.2508
801,28.2625
802,28.1688
803,28.1686
804,28.2514
805,28.1879
806,28.1768
807,28.0383
808,28.0913
809,28.119
810,28.1519
811,28.2769
812,28.1455
813,28.1451
814,28.1043
815,28.1744
816,28.1966
817,28.1821
818,28.2611
819,28.3201
820,28.242
821,28.3124
822,28.4111
823,28.2324
824,28.3305
825,28.2635
826,28.3185
827,28.2903
828,28.3908
829,28.3628
830,28.256
831,28.3233
832,28.2646
833,28.2981
834,28.3182
835,28.3187
836,28.2986
837,28.3084
838,28.2641
839,28.2097
840,28.2784
841,28.1614
842,28.2947
843,28.3575
844,28.3318
845,28.3886
846,28.4504
847,28.3629
848,28.3215
849,28.2475
850,28.3267
851,28.2414
852,28.3483
853,28.2615
854,28.2691
855,28.2955
856,28.2185
857,28.2163
858,28.3039
859,28.2564
860,28.2027
861,28.2657
862,28.3469
863,28.3261
864,28.3723
865,28.237
866,28.3168
867,28.3353
868,28.2394
869,28.4124
870,28.3693
871,28.449
872,28.4888
873,28.4677
874,28.4599
875,28.4556
876,28.594
877,28.4996
878,28.4579
879,28.4271
880,28.391
881,28.472
882,28.3083
883,28.4056
884,28.2478
885,28.3827
886,28.3341
887,28.4065
888,28.3587
889,28.2775
890,28.3371
891,28.3292
892,28.365
893,28.2802
894,28.2905
895,28.2186
896,28.1979
897,28.3204
898,28.2947
899,28.2522
900,28.3433
901,28.3011
902,28.274
903,28.3707
904,28.3015
905,28.3294
906,28.3681
907,28.3538
908,28.3431
909,28.3476
910,28.2848
911,28.422
912,28.4172
913,28.3621
914,28.2992
915,28.3431
916,28.2398
917,28.2913
918,28.3474
919,28.3017
920,28.2786
921,28.302
922,28.1892
923,28.1701
924,28.1298
925,28.1936
926,28.2114
927,28.2852
928,28.2235
929,28.3163
930,28.3841
931,28.3019
932,28.3884
933,28.3114
934,28.2474
935,28.2785
936,28.4212
937,28.3797
938,28.4322
939,28.409
940,28.2485
941,28.3217
942,28.2804
943,28.2597
944,28.3315
945,28.2172
946,28.3015
947,28.1902
948,28.4028
949,28.4221
950,28.3723
951,28.3576
952,28.4052
953,28.3596
954,28.4902
955,28.4657
956,28.3392
957,28.4533
958,28.4652
959,28.439
960,28.3297
961,28.3944
962,28.4372
963,28.4543
964,28.4964
965,28.4428
966,28.3738
967,28.4659
968,28.4404
969,28.4674
970,28.439
971,28.4099
972,28.4498
973,28.4565
974,28.503
975,28.5518
976,28.4638
977,28.465
978,28.4258
979,28.3423
980,28.282
981,28.4488
982,28.4655
983,28.4052
984,28.371
985,28.2442
986,28.4267
987,28.3034
988,28.349
989,28.3141
990,28.3831
991,28.3676
992,28.2826
993,28.4715
994,28.3574
995,28.4086
996,28.3163
997,28.2973
998,28.3101
999,28.3693
1000,28.2032
1001,28.4442
1002,28.4257
1003,28.3278
1004,28.3308
1005,28.4053
1006,28.3408
1007,28.3374
1008,28.3609
1009,28.3642
1010,28.5029
1011,28.4235
1012,28.3879
1013,28.4811
1014,28.3131
1015,28.2465
1016,28.3121
1017,28.347
1018,28.4976
1019,28.436
1020,28.274
1021,28.2613
1022,28.2269
1023,28.2791
1024,28.2693
1025,28.2324
1026,28.361
1027,28.348
1028,28.2877
1029,28.2618
1030,28.3035
1031,28.3557
1032,28.3096
1033,28.3704
1034,28.241
1035,28.3013
1036,28.2707
1037,28.3723
1038,28.3491
1039,28.3903
1040,28.3518
1041,28.4299
1042,28.4648
1043,28.5194
1044,28.302
1045,28.3214
1046,28.4538
1047,28.3723
1048,28.3434
1049,28.4546
1050,28.4066
1051,28.3537
1052,28.4164
1053,28.4421
1054,28.3465
1055,28.4092
1056,28.3735
1057,28.1986
1058,28.2375
1059,28.3895
1060,28.31
1061,28.3205
1062,28.2781
1063,28.2357
1064,28.2478
1065,28.3169
1066,28.4577
1067,28.4503
1068,28.3719
1069,28.3767
1070,28.3119
1071,28.2533
1072,28.3667
1073,28.3822
1074,28.4151
1075,28.3302
1076,28.3525
1077,28.4166
1078,28.492
1079,28.3431
1080,28.1912
1081,28.2095
1082,28.3208
1083,28.4744
1084,28.4465
1085,28.3854
1086,28.5055
1087,28.4775
1088,28.4941
1089,28.4083
1090,28.3771
1091,28.4271
1092,28.3619
1093,28.4829
1094,28.4761
1095,28.5228
1096,28.4088
1097,28.4101
1098,28.4262
1099,28.4975
1100,28.5913
1101,28.4165
1102,28.523
1103,28.5629
1104,28.3806
1105,28.4835
1106,28.4277
1107,28.517
1108,28.4564
1109,28.3603
1110,28.3018
1111,28.3607
1112,28.3594
1113,28.4024
1114,28.3387
1115,28.2503
1116,28.4225
1117,28.3844
1118,28.3847
1119,28.3963
1120,28.4041
1121,28.245
1122,28.4316
1123,28.3975
1124,28.3579
1125,28.3235
1126,28.3372
1127,28.4259
1128,28.3142
1129,28.3774
1130,28.3673
1131,28.3163
1132,28.3871
1133,28.4023
1134,28.4505
1135,28.4178
1136,28.446
1137,28.5177
1138,28.5144
1139,28.5076
1140,28.4717
1141,28.4279
1142,28.4531
1143,28.3067
1144,28.4162
1145,28.4345
1146,28.4632
1147,28.3827
1148,28.3749
1149,28.3623
1150,28.3727
1151,28.4741
1152,28.4743
1153,28.3671
1154,28.4347
1155,28.5117
1156,28.5628
1157,28.5522
1158,28.6316
1159,28.5387
1160,28.4271
1161,28.3525
1162,28.4944
1163,28.5639
1164,28.6035
1165,28.4455
1166,28.4093
1167,28.611
1168,28.4808
1169,28.4509
1170,28.5342
1171,28.5594
1172,28.5137
1173,28.4878
1174,28.5306
1175,28.4701
1176,28.5374
1177,28.5511
1178,28.5679
1179,28.4354
1180,28.4344
1181,28.252
1182,28.2754
1183,28.3123
1184,28.3234
1185,28.3413
1186,28.2954
1187,28.381
1188,28.3752
1189,28.4245
1190,28.3445
1191,28.4254
1192,28.3423
1193,28.3256
1194,28.2952
1195,28.3156
1196,28.3916
1197,28.3734
1198,28.3638
1199,28.5365
1200,28.505
1201,28.4241
1202,28.3317
1203,28.4533
1204,28.3858
1205,28.4303
1206,28.4458
1207,28.3855
1208,28.3848
1209,28.4413
1210,28.4191
1211,28.3551
1212,28.5174
1213,28.4302
1214,28.544
1215,28.3659
1216,28.4407
1217,28.5576
1218,28.5318
1219,28.4215
1220,28.4769
1221,28.4244
1222,28.4281
1223,28.3348
1224,28.3629
1225,28.3998
1226,28.4601
1227,28.5461
1228,28.4789
1229,28.4548
1230,28.4691
1231,28.3876
1232,28.4287
1233,28.4875
1234,28.4548
1235,28.3998
1236,28.4757
1237,28.5463
1238,28.457
1239,28.3949
1240,28.4134
1241,28.3287
1242,28.3547
1243,28.3687
1244,28.3856
1245,28.364
1246,28.3742
1247,28.3447
1248,28.4043
1249,28.3587
1250,28.3567
1251,28.4379
1252,28.4629
1253,28.3737
1254,28.5002
1255,28.5231
1256,28.4423
1257,28.4455
1258,28.5196
1259,28.6052
1260,28.5782
1261,28.6564
1262,28.6544
1263,28.5397
1264,28.5279
1265,28.5798
1266,28.6401
1267,28.6042
1268,28.4248
1269,28.3043
1270,28.2791
1271,28.2542
1272,28.3678
1273,28.3191
1274,28.2458
1275,28.387
1276,28.4499
1277,28.313
1278,28.3116
1279,28.3769
1280,28.2223
1281,28.1225
1282,28.2674
1283,28.1702
1284,28.3818
1285,28.3523
1286,28.4006
1287,28.452
1288,28.2585
1289,28.1214
1290,28.2205
1291,28.2256
1292,28.1815
1293,28.3218
1294,28.2335
1295,28.3086
1296,28.2061
1297,28.258
1298,28.3006
1299,28.2362
1300,28.3396
1301,28.3769
1302,28.4424
1303,28.4747
1304,28.522
1305,28.4832
1306,28.3777
1307,28.339
1308,28.3658
1309,28.4304
1310,28.47
1311,28.5838
1312,28.5635
1313,28.5195
1314,28.5113
1315,28.5307
1316,28.3899
1317,28.5103
1318,28.4774
1319,28.4552
1320,28.5894
1321,28.5325
1322,28.5562
1323,28.5161
1324,28.5465
1325,28.5394
1326,28.5993
1327,28.5078
1328,28.4096
1329,28.5884
1330,28.6806
1331,28.6042
1332,28.5885
1333,28.5389
1334,28.5297
1335,28.5069
1336,28.5351
1337,28.4522
1338,28.4903
1339,28.627
1340,28.5733
1341,28.5517
1342,28.5039
1343,28.4786
1344,28.6006
1345,28.5673
1346,28.6613
1347,28.6453
1348,28.4588
1349,28.4666
1350,28.6493
1351,28.5214
1352,28.458
1353,28.5476
1354,28.5269
1355,28.508
1356,28.5872
1357,28.5614
1358,28.4754
1359,28.5032
1360,28.5202
1361,28.5932
1362,28.6816
1363,28.7219
1364,28.6192
1365,28.5656
1366,28.4871
1367,28.5069
1368,28.5769
1369,28.5555
1370,28.4652
1371,28.4574
1372,28.5615
1373,28.5297
1374,28.4825
1375,28.3749
1376,28.3562
1377,28.4453
1378,28.408
1379,28.5588
1380,28.4409
1381,28.5092
1382,28.5035
1383,28.592
1384,28.6464
1385,28.5569
1386,28.5109
1387,28.4706
1388,28.485
1389,28.4823
1390,28.4277
1391,28.5297
1392,28.421
1393,28.5268
1394,28.4786
1395,28.4887
1396,28.5556
1397,28.5562
1398,28.5138
1399,28.4375
1400,28.4799
1401,28.5138
1402,28.4491
1403,28.5517
1404,28.4853
1405,28.5829
1406,28.5468
1407,28.5216
1408,28.5713
1409,28.5709
1410,28.5164
1411,28.594
1412,28.4568
1413,28.5682
1414,28.5912
1415,28.4469
1416,28.55
1417,28.499
1418,28.3987
1419,28.4586
1420,28.4633
1421,28.4226
1422,28.367
1423,28.3869
1424,28.4701
1425,28.358
1426,28.3186
1427,28.3616
1428,28.3626
1429,28.4111
1430,28.4037
1431,28.4985
1432,28.3209
1433,28.4424
1434,28.3731
1435,28.2891
1436,28.3664
1437,28.4399
1438,28.4288
1439,28.3384
1440,28.4554
1441,28.5111
1442,28.5248
1443,28.5309
1444,28.4607
1445,28.5279
1446,28.6684
1447,28.7063
1448,28.5663
1449,28.6045
1450,28.644
1451,28.6009
1452,28.6201
1453,28.6127
1454,28.6655
1455,28.6338
1456,28.55
1457,28.5293
1458,28.6801
1459,28.6068
1460,28.6253
1461,28.5459
1462,28.5469
1463,28.528
1464,28.4721
1465,28.5743
1466,28.5813
1467,28.6629
1468,28.6023
1469,28.4765
1470,28.5537
1471,28.4811
1472,28.5934
1473,28.4524
1474,28.523
1475,28.3988
1476,28.4748
1477,28.4629
1478,28.6243
1479,28.5318
1480,28.618
1481,28.6253
1482,28.5696
1483,28.6148
1484,28.6918
1485,28.5465
1486,28.6059
1487,28.5042
1488,28.5313
1489,28.6194
1490,28.5687
1491,28.5696
1492,28.7567
1493,28.6066
1494,28.675
1495,28.5663
1496,28.5912
1497,28.6732
1498,28.6588
1499,28.7661
1500,28.7695
1501,28.7606
1502,28.6613
1503,28.5842
1504,28.5784
1505,28.5763
1506,28.5575
1507,28.6698
1508,28.6574
1509,28.613
1510,28.6402
1511,28.5342
1512,28.6205
1513,28.5737
1514,28.5968
1515,28.5515
1516,28.5708
1517,28.5455
1518,28.3667
1519,28.4291
1520,28.3846
1521,28.4029
1522,28.3427
1523,28.4005
1524,28.5185
1525,28.5106
1526,28.5105
1527,28.4477
1528,28.5864
1529,28.5824
1530,28.5022
1531,28.5649
1532,28.5113
1533,28.4305
1534,28.5777
1535,28.4892
1536,28.3628
1537,28.4358
1538,28.495
1539,28.3868
1540,28.3419
1541,28.399
1542,28.3916
1543,28.4056
1544,28.4561
1545,28.4877
1546,28.395
1547,28.5141
1548,28.5803
1549,28.5986
1550,28.6701
1551,28.4759
1552,28.47
1553,28.5284
1554,28.4931
1555,28.4787
1556,28.4412
1557,28.5054
1558,28.5242
1559,28.5889
1560,28.5972
1561,28.6016
1562,28.6177
1563,28.6098
1564,28.4454
1565,28.6176
1566,28.544
1567,28.5732
1568,28.5003
1569,28.4237
1570,28.5953
1571,28.504
1572,28.4853
1573,28.4081
1574,28.3506
1575,28.3842
1576,28.3715
1577,28.3464
1578,28.2971
1579,28.3672
1580,28.3497
1581,28.4253
1582,28.3094
1583,28.4373
1584,28.4346
1585,28.488
1586,28.5106
1587,28.5123
1588,28.5115
1589,28.4241
1590,28.429
1591,28.4841
1592,28.4045
1593,28.4066
1594,28.4643
1595,28.4597
1596,28.4678
1597,28.36
1598,28.387
1599,28.4108
1600,28.5614
1601,28.3615
1602,28.3016
1603,28.5988
1604,28.4195
1605,28.377
1606,28.418
1607,28.4792
1608,28.5257
1609,28.4258
1610,28.4993
1611,28.4564
1612,28.5179
1613,28.436
1614,28.502
1615,28.4333
1616,28.3638
1617,28.3887
1618,28.5173
1619,28.4263
1620,28.4905
1621,28.4516
1622,28.2814
1623,28.4697
1624,28.5235
1625,28.5356
1626,28.4447
1627,28.4554
1628,28.4678
1629,28.6154
1630,28.6779
1631,28.5393
1632,28.6462
1633,28.578
1634,28.5554
1635,28.4843
1636,28.4415
1637,28.4037
1638,28.4672
1639,28.4856
1640,28.4615
1641,28.6083
1642,28.6803
1643,28.5785
1644,28.5792
1645,28.6019
1646,28.6058
1647,28.6541
1648,28.6118
1649,28.5804
1650,28.4473
1651,28.468
1652,28.5269
1653,28.4641
1654,28.4405
1655,28.6876
1656,28.7495
1657,28.6482
1658,28.6426
1659,28.6398
1660,28.5747
1661,28.7294
1662,28.6441
1663,28.587
1664,28.4955
1665,28.7039
1666,28.5734
1667,28.554
1668,28.5537
1669,28.4908
1670,28.5705
1671,28.5369
1672,28.4522
1673,28.4073
1674,28.445
1675,28.3631
1676,28.2936
1677,28.3512
1678,28.4557
1679,28.3363
1680,28.3309
1681,28.3442
1682,28.364
1683,28.3851
1684,28.5069
1685,28.5495
1686,28.6167
1687,28.6388
1688,28.5842
1689,28.5251
1690,28.5057
1691,28.5167
1692,28.5988
1693,28.6969
1694,28.7084
1695,28.5428
1696,28.5439
1697,28.5761
1698,28.5089
1699,28.4147
1700,28.4972
1701,28.528
1702,28.4314
1703,28.4124
1704,28.4463
1705,28.464
1706,28.4768
1707,28.4825
1708,28.4454
1709,28.383
1710,28.5166
1711,28.5336
1712,28.5313
1713,28.4839
1714,28.5418
1715,28.5094
1716,28.5663
1717,28.6243
1718,28.5001
1719,28.6202
1720,28.623
1721,28.5605
1722,28.4818
1723,28.5191
1724,28.6076
1725,28.5653
1726,28.5312
1727,28.5748
1728,28.582
1729,28.4795
1730,28.4857
1731,28.4361
1732,28.4213
1733,28.5238
1734,28.5513
1735,28.6329
1736,28.5609
1737,28.5045
1738,28.5652
1739,28.5701
1740,28.5943
1741,28.6562
1742,28.5011
1743,28.3826
1744,28.4638
1745,28.6041
1746,28.5498
1747,28.5686
1748,28.7623
1749,28.6621
1750,28.6972
1751,28.6157
1752,28.6065
1753,28.4961
1754,28.4545
1755,28.4088
1756,28.5603
1757,28.509
1758,28.5498
1759,28.4286
1760,28.5353
1761,28.4803
1762,28.4489
1763,28.4993
1764,28.521
1765,28.3872
1766,28.5808
1767,28.5958
1768,28.489
1769,28.4849
1770,28.4862
1771,28.3844
1772,28.4484
1773,28.4981
1774,28.5314
1775,28.5385
1776,28.6028
1777,28.5489
1778,28.6725
1779,28.5094
1780,28.6472
1781,28.5015
1782,28.5175
1783,28.5593
1784,28.5783
1785,28.47
1786,28.4523
1787,28.5399
1788,28.5574
1789,28.5988
1790,28.6333
1791,28.7244
1792,28.6201
1793,28.7562
1794,28.6477
1795,28.5867
1796,28.6133
1797,28.5976
1798,28.4484
1799,28.5786
1800,28.6664
1801,28.6402
1802,28.6439
1803,28.6399
1804,28.6851
1805,28.6654
1806,28.5595
1807,28.5875
1808,28.5906
1809,28.6566
1810,28.5329
1811,28.7087
1812,28.597
1813,28.5271
1814,28.6022
1815,28.4797
1816,28.4929
1817,28.5911
1818,28.6539
1819,28.5951
1820,28.5926
1821,28.5085
1822,28.5354
1823,28.6266
1824,28.6403
1825,28.572
1826,28.5301
1827,28.6158
1828,28.5602
1829,28.5766
1830,28.5244
1831,28.509
1832,28.4674
1833,28.3508
1834,28.4231
1835,28.4113
1836,28.5347
1837,28.5257
1838,28.5854
1839,28.6476
1840,28.6708
1841,28.6635
1842,28.6245
1843,28.7367
1844,28.5954
1845,28.5339
1846,28.547
1847,28.5303
1848,28.4501
1849,28.4601
1850,28.4809
1851,28.4906
1852,28.583
1853,28.6342
1854,28.6048
1855,28.569
1856,28.6368
1857,28.5993
1858,28.605
1859,28.6324
1860,28.6347
1861,28.5292
1862,28.5057
1863,28.5308
1864,28.5618
1865,28.5989
1866,28.6041
1867,28.6113
1868,28.6798
1869,28.7722
1870,28.6839
1871,28.5213
1872,28.661
1873,28.6607
1874,28.5587
1875,28.5317
1876,28.6356
1877,28.6682
1878,28.5192
1879,28.5555
1880,28.5607
1881,28.5982
1882,28.6124
1883,28.6064
1884,28.6581
1885,28.6506
1886,28.6733
1887,28.712
1888,28.5379
1889,28.6081
1890,28.6833
1891,28.6688
1892,28.7223
1893,28.6913
1894,28.643
1895,28.6994
1896,28.6545
1897,28.5784
1898,28.5992
1899,28.5516
1900,28.6374
1901,28.6117
1902,28.6468
1903,28.638
1904,28.6778
1905,28.7183
1906,28.6531
1907,28.7254
1908,28.5036
1909,28.5023
1910,28.5843
1911,28.6228
1912,28.7582
1913,28.6935
1914,28.6435
1915,28.6881
1916,28.6391
1917,28.7262
1918,28.6607
1919,28.6846
1920,28.6344
1921,28.6763
1922,28.6968
1923,28.6362
1924,28.6438
1925,28.5984
1926,28.6453
1927,28.6514
1928,28.7039
1929,28.5211
1930,28.623
1931,28.6593
1932,28.5667
1933,28.5814
1934,28.5029
1935,28.5741
1936,28.6171
1937,28.5565
1938,28.5842
1939,28.6086
1940,28.6873
1941,28.6434
1942,28.5145
1943,28.5911
1944,28.5622
1945,28.5069
1946,28.5571
1947,28.4686
1948,28.6081
1949,28.4997
1950,28.5052
1951,28.5272
1952,28.5422
1953,28.5572
1954,28.5626
1955,28.5123
1956,28.4961
1957,28.5192
1958,28.4606
1959,28.4399
1960,28.4426
1961,28.3854
1962,28.3488
1963,28.4573
1964,28.5426
1965,28.5946
1966,28.4955
1967,28.449
1968,28.5047
1969,28.5525
1970,28.5492
1971,28.6564
1972,28.5773
1973,28.6103
1974,28.5992
1975,28.5903
1976,28.5854
1977,28.5546
1978,28.6244
1979,28.6707
1980,28.6844
1981,28.5619
1982,28.5234
1983,28.6553
1984,28.5666
1985,28.5565
1986,28.6291
1987,28.5606
1988,28.6299
1989,28.5054
1990,28.52
1991,28.4106
1992,28.5345
1993,28.6507
1994,28.6361
1995,28.6889
1996,28.603
1997,28.6479
1998,28.5542
1999,28.6819
2000,28.6893
2001,28.669
2002,28.7394
2003,28.6125
2004,28.7221
2005,28.7867
2006,28.6256
2007,28.7875
2008,28.8747
2009,28.6896
2010,28.6106
2011,28.6694
2012,28.6515
2013,28.6774
2014,28.7312
2015,28.63
2016,28.5933
2017,28.6408
2018,28.7411
2019,28.6379
2020,28.5847
2021,28.6273
2022,28.6335
2023,28.663
2024,28.6869
2025,28.8046
2026,28.8103
2027,28.6756
2028,28.6004
2029,28.6454
2030,28.6391
2031,28.6222
2032,28.5931
2033,28.638
2034,28.6809
2035,28.6263
2036,28.6191
2037,28.6312
2038,28.7192
2039,28.5594
2040,28.5469
2041,28.4859
2042,28.5362
2043,28.5685
2044,28.6045
2045,28.583
2046,28.5964
2047,28.524
2048,28.5384
2049,28.4915
2050,28.5155
2051,28.5946
2052,28.6011
2053,28.5798
2054,28.5787
2055,28.537
2056,28.652
2057,28.7329
2058,28.7066
2059,28.5796
2060,28.6531
2061,28.6204
2062,28.7492
2063,28.6736
2064,28.7132
2065,28.6503
2066,28.6761
2067,28.6677
2068,28.7216
2069,28.6211
2070,28.7096
2071,28.6228
2072,28.6191
2073,28.6229
2074,28.6072
2075,28.7001
2076,28.5963
2077,28.7093
2078,28.6999
2079,28.7231
2080,28.7183
2081,28.5956
2082,28.5751
2083,28.655
2084,28.6465
2085,28.6268
2086,28.6995
2087,28.6669
2088,28.6398
2089,28.694
2090,28.6321
2091,28.551
2092,28.5193
2093,28.5851
2094,28.5178
2095,28.4337
2096,28.5682
2097,28.561
2098,28.5626
2099,28.5324
2100,28.4943
2101,28.5466
2102,28.5048
2103,28.4774
2104,28.4476
2105,28.4829
2106,28.5003
2107,28.4468
2108,28.4913
2109,28.498
2110,28.4248
2111,28.3685
2112,28.5403
2113,28.4758
2114,28.4087
2115,28.4152
2116,28.4084
2117,28.3709
2118,28.3074
2119,28.3895
2120,28.35
2121,28.4275
2122,28.4328
2123,28.4995
2124,28.4877
2125,28.4826
2126,28.5711
2127,28.379
2128,28.5522
2129,28.5435
2130,28.5158
2131,28.4917
2132,28.5129
2133,28.4642
2134,28.59
2135,28.51
2136,28.4434
2137,28.4818
2138,28.6624
2139,28.591
2140,28.5431
2141,28.5991
2142,28.3948
2143,28.4059
2144,28.5352
2145,28.4946
2146,28.4496
2147,28.4347
2148,28.5213
2149,28.4194
2150,28.4443
2151,28.4505
2152,28.5743
2153,28.4078
2154,28.418
2155,28.546
2156,28.6072
2157,28.4951
2158,28.4621
2159,28.4546
2160,28.4946
2161,28.4555
2162,28.4507
2163,28.4266
2164,28.4707
2165,28.4881
2166,28.5816
2167,28.527
2168,28.5574
2169,28.571
2170,28.6637
2171,28.5117
2172,28.4679
2173,28.4655
2174,28.3985
2175,28.5357
2176,28.3898
2177,28.4366
2178,28.3668
2179,28.3553
2180,28.3929
2181,28.4267
2182,28.5078
2183,28.525
2184,28.4587
2185,28.5621
2186,28.4156
2187,28.5254
2188,28.3663
2189,28.4216
2190,28.4444
2191,28.4068
2192,28.4196
2193,28.5372
2194,28.5726
2195,28.4408
2196,28.4282
2197,28.4241
2198,28.4811
2199,28.6584
2200,28.5748
2201,28.5748
2202,28.5482
2203,28.485
2204,28.4962
2205,28.4652
2206,28.4494
2207,28.5527
2208,28.5898
2209,28.5535
2210,28.5793
2211,28.4972
2212,28.5895
2213,28.5647
2214,28.5255
2215,28.4895
2216,28.5292
2217,28.5308
2218,28.4857
2219,28.4558
2220,28.4166
2221,28.552
2222,28.4656
2223,28.5391
2224,28.5277
2225,28.5163
2226,28.5834
2227,28.5677
2228,28.4637
2229,28.483
2230,28.563
2231,28.3337
2232,28.4238
2233,28.2787
2234,28.312
2235,28.4202
2236,28.5117
2237,28.4266
2238,28.5274
2239,28.5776
2240,28.4913
2241,28.5569
2242,28.5653
2243,28.5472
2244,28.5419
2245,28.43
2246,28.4387
2247,28.4341
2248,28.5104
2249,28.4024
2250,28.5701
2251,28.5255
2252,28.6423
2253,28.5994
2254,28.6215
2255,28.6322
2256,28.472
2257,28.5506
2258,28.6073
2259,28.4605
2260,28.5395
2261,28.5385
2262,28.5717
2263,28.5278
2264,28.6851
2265,28.5963
2266,28.6689
2267,28.6595
2268,28.5119
2269,28.584
2270,28.5283
2271,28.5079
2272,28.5519
2273,28.5475
2274,28.6115
2275,28.5698
2276,28.6174
2277,28.6415
2278,28.6379
2279,28.5507
2280,28.5713
2281,28.5585
2282,28.4673
2283,28.6328
2284,28.5709
2285,28.5705
2286,28.593
2287,28.5473
2288,28.6027
2289,28.5975
2290,28.4844
2291,28.5626
2292,28.5102
2293,28.5605
2294,28.4581
2295,28.6806
2296,28.5866
2297,28.5361
2298,28.3833
2299,28.4399
2300,28.3766
2301,28.4252
2302,28.4371
2303,28.4486
2304,28.537
2305,28.5846
2306,28.4953
2307,28.5973
2308,28.641
2309,28.6766
2310,28.7316
2311,28.5618
2312,28.5745
2313,28.5766
2314,28.6746
2315,28.6799
2316,28.5881
2317,28.5927
2318,28.4972
2319,28.6591
2320,28.483
2321,28.5389
2322,28.4252
2323,28.478
2324,28.5226
2325,28.6205
2326,28.6335
2327,28.6794
2328,28.654
2329,28.5207
2330,28.5066
2331,28.5976
2332,28.5343
2333,28.4801
2334,28.5532
2335,28.4995
2336,28.4203
2337,28.5108
2338,28.4893
2339,28.5478
2340,28.5907
2341,28.5769
2342,28.529
2343,28.6046
2344,28.5461
2345,28.6154
2346,28.5943
2347,28.6607
2348,28.6641
2349,28.548
2350,28.5464
2351,28.6254
2352,28.7165
2353,28.5172
2354,28.4868
2355,28.4927
2356,28.4231
2357,28.5686
2358,28.5728
2359,28.4516
2360,28.4663
2361,28.4658
2362,28.4337
2363,28.5551
2364,28.4348
2365,28.369
2366,28.4754
2367,28.537
2368,28.443
2369,28.525
2370,28.58
2371,28.4569
2372,28.5094
2373,28.4631
2374,28.4987
2375,28.5537
2376,28.4459
2377,28.4469
2378,28.5573
2379,28.6252
2380,28.5363
2381,28.4937
2382,28.4309
2383,28.624
2384,28.5451
2385,28.5953
2386,28.6686
2387,28.7082
2388,28.7216
2389,28.6796
2390,28.7447
2391,28.7418
2392,28.6177
2393,28.755
2394,28.6674
2395,28.6525
2396,28.6002
2397,28.6262
2398,28.6401
2399,28.6261
2400,28.6369
2401,28.5444
2402,28.5913
2403,28.6512
2404,28.5611
2405,28.626
2406,28.5255
2407,28.6496
2408,28.6796
2409,28.6731
2410,28.7178
2411,28.7161
2412,28.6971
2413,28.7125
2414,28.6903
2415,28.6352
2416,28.6751
2417,28.7146
2418,28.5648
2419,28.5881
2420,28.6575
2421,28.6651
2422,28.5421
2423,28.4824
2424,28.5391
2425,28.4238
2426,28.4829
2427,28.4715
2428,28.5221
2429,28.525
2430,28.5064
2431,28.4148
2432,28.4956
2433,28.5912
2434,28.5014
2435,28.4714
2436,28.3496
2437,28.3526
2438,28.5701
2439,28.577
2440,28.6053
2441,28.7046
2442,28.6011
2443,28.6753
2444,28.5834
2445,28.5803
2446,28.6291
2447,28.5696
2448,28.5308
2449,28.548
2450,28.551
2451,28.4953
2452,28.5887
2453,28.6261
2454,28.7082
2455,28.7844
2456,28.5772
2457,28.6199
2458,28.5996
2459,28.5335
2460,28.6902
2461,28.6694
2462,28.6419
2463,28.6615
2464,28.5919
2465,28.4698
2466,28.4475
2467,28.5209
2468,28.5387
2469,28.5887
2470,28.4901
2471,28.5799
2472,28.6939
2473,28.5835
2474,28.4243
2475,28.6179
2476,28.6065
2477,28.5594
2478,28.5614
2479,28.6307
2480,28.5767
2481,28.592
2482,28.6202
2483,28.6003
2484,28.5525
2485,28.5473
2486,28.4037
2487,28.4556
2488,28.5406
2489,28.5118
2490,28.5925
2491,28.6641
2492,28.6518
2493,28.678
2494,28.5271
2495,28.5088
2496,28.4596
2497,28.5888
2498,28.5228
2499,28.6283
2500,28.6528
2501,28.6243
2502,28.6645
2503,28.578
2504,28.6052
2505,28.5804
2506,28.6298
2507,28.6341
2508,28.538
2509,28.6124
2510,28.6368
2511,28.6132
2512,28.5914
2513,28.572
2514,28.6019
2515,28.6327
2516,28.5833
2517,28.6085
2518,28.6109
2519,28.6345
2520,28.5958
2521,28.6512
2522,28.604
2523,28.6002
2524,28.7506
2525,28.6364
2526,28.5487
2527,28.6291
2528,28.5487
2529,28.5511
2530,28.5844
2531,28.6089
2532,28.6062
2533,28.6049
2534,28.4945
2535,28.5616
2536,28.5318
2537,28.5539
2538,28.5533
2539,28.5778
2540,28.5877
2541,28.5348
2542,28.5962
2543,28.5942
2544,28.7631
2545,28.6317
2546,28.6318
2547,28.7155
2548,28.5472
2549,28.6047
2550,28.6698
2551,28.5891
2552,28.6319
2553,28.6679
2554,28.7109
2555,28.6636
2556,28.6006
2557,28.5677
2558,28.6405
2559,28.6466
2560,28.6893
2561,28.7292
2562,28.7236
2563,28.703
2564,28.6285
2565,28.5407
2566,28.5916
2567,28.5633
2568,28.5234
2569,28.5173
2570,28.4424
2571,28.4588
2572,28.5301
2573,28.585
2574,28.5951
2575,28.4191
2576,28.4971
2577,28.405
2578,28.3851
2579,28.517
2580,28.495
2581,28.4922
2582,28.3568
2583,28.4115
2584,28.4761
2585,28.4929
2586,28.5097
2587,28.618
2588,28.511
2589,28.4303
2590,28.4618
2591,28.5326
2592,28.5965
2593,28.5883
2594,28.4702
2595,28.5555
2596,28.5708
2597,28.6532
2598,28.5714
2599,28.7101
2600,28.6423
2601,28.6784
2602,28.5461
2603,28.5486
2604,28.502
2605,28.5356
2606,28.5925
2607,28.6243
2608,28.4829
2609,28.488
2610,28.5045
2611,28.5073
2612,28.4803
2613,28.4521
2614,28.354
2615,28.5157
2616,28.4862
2617,28.431
2618,28.5276
2619,28.4195
2620,28.4692
2621,28.4643
2622,28.5615
2623,28.4971
2624,28.4652
2625,28.5147
2626,28.5417
2627,28.5421
2628,28.4286
2629,28.5595
2630,28.578
2631,28.7001
2632,28.5208
2633,28.5389
2634,28.5775
2635,28.6634
2636,28.6288
2637,28.6294
2638,28.5709
2639,28.6883
2640,28.5927
2641,28.724
2642,28.5924
2643,28.5773
2644,28.5944
2645,28.7009
2646,28.7704
2647,28.569
2648,28.6976
2649,28.5262
2650,28.5704
2651,28.4572
2652,28.515
2653,28.5944
2654,28.529
2655,28.5494
2656,28.6435
2657,28.5778
2658,28.5448
2659,28.5473
2660,28.6501
2661,28.6521
2662,28.6079
2663,28.6255
2664,28.5753
2665,28.5917
2666,28.5191
2667,28.5913
2668,28.4526
2669,28.5042
2670,28.4475
2671,28.5084
2672,28.4736
2673,28.4499
2674,28.5796
2675,28.5326
2676,28.6023
2677,28.456
2678,28.4833
2679,28.4701
2680,28.5307
2681,28.4317
2682,28.3733
2683,28.4179
2684,28.3965
2685,28.43
2686,28.5094
2687,28.5432
2688,28.4859
2689,28.534
2690,28.5039
2691,28.4987
2692,28.4694
2693,28.7148
2694,28.5644
2695,28.544
2696,28.5066
2697,28.5523
2698,28.4758
2699,28.5525
2700,28.4525
2701,28.5096
2702,28.5959
2703,28.5358
2704,28.4467
2705,28.5346
2706,28.5352
2707,28.4525
2708,28.3871
2709,28.4659
2710,28.4229
2711,28.4739
2712,28.463
2713,28.535
2714,28.5825
2715,28.4723
2716,28.4996
2717,28.3425
2718,28.4586
2719,28.3437
2720,28.4456
2721,28.3625
2722,28.5668
2723,28.4966
2724,28.4866
2725,28.485
2726,28.4889
2727,28.5801
2728,28.5467
2729,28.5162
2730,28.5349
2731,28.5102
2732,28.6055
2733,28.5285
2734,28.4933
2735,28.5453
2736,28.4972
2737,28.4727
2738,28.4964
2739,28.5493
2740,28.4419
2741,28.4322
2742,28.3878
2743,28.4143
2744,28.4033
2745,28.3195
2746,28.3218
2747,28.2826
2748,28.3325
2749,28.4159
2750,28.2767
2751,28.3102
2752,28.2347
2753,28.3094
2754,28.1406
2755,28.2628
2756,28.3479
2757,28.3913
2758,28.2532
2759,28.2185
2760,28.2366
2761,28.2747
2762,28.2268
2763,28.3168
2764,28.2909
2765,28.2209
2766,28.3942
2767,28.4195
2768,28.3826
2769,28.3424
2770,28.3956
2771,28.2834
2772,28.2808
2773,28.3839
2774,28.4055
2775,28.404
2776,28.3733
2777,28.4711
2778,28.3871
2779,28.3734
2780,28.3384
2781,28.2895
2782,28.2977
2783,28.3166
2784,28.3594
2785,28.2864
2786,28.408
2787,28.3374
2788,28.4387
2789,28.283
2790,28.3596
2791,28.4387
2792,28.3059
2793,28.3237
2794,28.3309
2795,28.3781
2796,28.4365
2797,28.5001
2798,28.3704
2799,28.4005
2800,28.2778
2801,28.4572
2802,28.3171
2803,28.3171
2804,28.3153
2805,28.4015
2806,28.4689
2807,28.4805
2808,28.4247
2809,28.4812
2810,28.4812
2811,28.5892
2812,28.5682
2813,28.5024
2814,28.4815
2815,28.5266
2816,28.5516
2817,28.5278
2818,28.5274
2819,28.4044
2820,28.4635
2821,28.3401
2822,28.4052
2823,28.4043
2824,28.4433
2825,28.5048
2826,28.3845
2827,28.4117
2828,28.3948
2829,28.3953
2830,28.372
2831,28.4936
2832,28.4491
2833,28.5314
2834,28.4847
2835,28.4437
2836,28.4535
2837,28.4708
2838,28.3777
2839,28.4661
2840,28.4291
2841,28.3796
2842,28.358
2843,28.2764
2844,28.3832
2845,28.4008
2846,28.4392
2847,28.4052
2848,28.425
2849,28.3199
2850,28.4364
2851,28.4184
2852,28.4319
2853,28.4635
2854,28.4129
2855,28.4444
2856,28.5005
2857,28.3297
2858,28.3197
2859,28.3404
2860,28.4201
2861,28.4688
2862,28.462
2863,28.4807
2864,28.3931
2865,28.4153
2866,28.4658
2867,28.4887
2868,28.4663
2869,28.5215
2870,28.3131
2871,28.3605
2872,28.353
2873,28.2724
2874,28.3202
2875,28.4231
2876,28.3796
2877,28.3859
2878,28.5009
2879,28.5486
2880,28.6049
2881,28.5553
2882,28.4844
2883,28.5766
2884,28.5373
2885,28.584
2886,28.4877
2887,28.5798
2888,28.6671
2889,28.5956
2890,28.6456
2891,28.5727
2892,28.5642
2893,28.639
2894,28.5791
2895,28.5758
2896,28.5238
2897,28.5633
2898,28.583
2899,28.5695
2900,28.4757
2901,28.5184
2902,28.4655
2903,28.3664
2904,28.4576
2905,28.4141
2906,28.414
2907,28.4261
2908,28.5664
2909,28.4703
2910,28.5071
2911,28.4488
2912,28.4104
2913,28.4114
2914,28.3109
2915,28.244
2916,28.3817
2917,28.3847
2918,28.4275
2919,28.4471
2920,28.4416
2921,28.4702
2922,28.5115
2923,28.4283
2924,28.5027
2925,28.4447
2926,28.4194
2927,28.5292
2928,28.5204
2929,28.4811
2930,28.5492
2931,28.5303
2932,28.5449
2933,28.4411
2934,28.5726
2935,28.5252
2936,28.5168
2937,28.572
2938,28.5325
2939,28.5578
2940,28.603
2941,28.5874
2942,28.6332
2943,28.6592
2944,28.5981
2945,28.7117
2946,28.5838
2947,28.4805
2948,28.5655
2949,28.5751
2950,28.6352
2951,28.4589
2952,28.4891
2953,28.5002
2954,28.509
2955,28.5227
2956,28.4135
2957,28.4021
2958,28.4414
2959,28.4336
2960,28.5243
2961,28.4418
2962,28.4042
2963,28.3971
2964,28.4431
2965,28.5197
2966,28.4825
2967,28.5183
2968,28.5357
2969,28.4611
2970,28.5264
2971,28.563
2972,28.5033
2973,28.4418
2974,28.4339
2975,28.2897
2976,28.3543
2977,28.2941
2978,28.3555
2979,28.373
2980,28.2898
2981,28.4068
2982,28.3544
2983,28.3879
2984,28.5133
2985,28.4799
2986,28.4323
2987,28.4255
2988,28.5225
2989,28.4543
2990,28.4005
2991,28.5917
2992,28.5039
2993,28.6252
2994,28.4619
2995,28.5512
2996,28.4461
2997,28.4324
2998,28.5527
2999,28.353
3000,28.4703
3001,28.4343
3002,28.4993
3003,28.5235
3004,28.3545
3005,28.3741
3006,28.3443
3007,28.3944
3008,28.3971
3009,28.3472
3010,28.4271
3011,28.4552
3012,28.4682
3013,28.4486
3014,28.3909
3015,28.3011
3016,28.3858
3017,28.4322
3018,28.3983
3019,28.3337
3020,28.432
3021,28.5165
3022,28.5619
3023,28.4013
3024,28.5416
3025,28.4413
3026,28.3964
3027,28.4548
3028,28.5075
3029,28.514
3030,28.5253
3031,28.4321
3032,28.4561
3033,28.3782
3034,28.3583
3035,28.3703
3036,28.5056
3037,28.3133
3038,28.3648
3039,28.3905
3040,28.4385
3041,28.47
3042,28.5064
3043,28.4668
3044,28.5136
3045,28.5853
3046,28.4738
3047,28.4967
3048,28.4154
3049,28.4263
3050,28.4879
3051,28.422
3052,28.4064
3053,28.4005
3054,28.5155
3055,28.4784
3056,28.4696
3057,28.4858
3058,28.4199
3059,28.4469
3060,28.5399
3061,28.624
3062,28.6839
3063,28.5826
3064,28.5838
3065,28.5294
3066,28.559
3067,28.5134
3068,28.4564
3069,28.5625
3070,28.5405
3071,28.4449
3072,28.5164
3073,28.4836
3074,28.4536
3075,28.4775
3076,28.4341
3077,28.461
3078,28.436
3079,28.5629
3080,28.59
3081,28.4467
3082,28.5593
3083,28.4393
3084,28.4799
3085,28.4979
3086,28.5231
3087,28.5368
3088,28.5408
3089,28.4884
3090,28.5333
3091,28.5754
3092,28.6219
3093,28.6051
3094,28.6745
3095,28.6698
3096,28.6484
3097,28.6757
3098,28.6272
3099,28.6183
3100,28.7039
3101,28.6976
3102,28.6625
3103,28.7043
3104,28.6969
3105,28.5725
3106,28.6074
3107,28.6187
3108,28.618
3109,28.658
3110,28.5533
3111,28.658
3112,28.6441
3113,28.5499
3114,28.6561
3115,28.6385
3116,28.5725
3117,28.4416
3118,28.4628
3119,28.4509
3120,28.5744
3121,28.6137
3122,28.5413
3123,28.678
3124,28.6671
3125,28.6105
3126,28.7069
3127,28.6924
3128,28.7593
3129,28.7399
3130,28.6683
3131,28.6642
3132,28.5714
3133,28.6977
3134,28.6333
3135,28.661
3136,28.6034
3137,28.7143
3138,28.7453
3139,28.7254
3140,28.6262
3141,28.7472
3142,28.8642
3143,28.8555
3144,28.838
3145,28.7906
3146,28.6335
3147,28.7009
3148,28.5988
3149,28.6234
3150,28.7698
3151,28.669
3152,28.562
3153,28.6312
3154,28.6001
3155,28.6229
3156,28.6837
3157,28.6249
3158,28.6332
3159,28.6271
3160,28.7394
3161,28.745
3162,28.7338
3163,28.6657
3164,28.6867
3165,28.5839
3166,28.5292
3167,28.664
3168,28.612
3169,28.6157
3170,28.5985
3171,28.5721
3172,28.6336
3173,28.4807
3174,28.5817
3175,28.6727
3176,28.5573
3177,28.577
3178,28.5463
3179,28.4073
3180,28.5709
3181,28.5676
3182,28.4808
3183,28.3421
3184,28.5128
3185,28.4029
3186,28.4961
3187,28.4623
3188,28.5388
3189,28.53
3190,28.4931
3191,28.4927
3192,28.5191
3193,28.5074
3194,28.5077
3195,28.5986
3196,28.5953
3197,28.6633
3198,28.4941
3199,28.5941
3200,28.4798
3201,28.4428
3202,28.5317
3203,28.5835
3204,28.5897
3205,28.5717
3206,28.6046
3207,28.6516
3208,28.5207
3209,28.5718
3210,28.5694
3211,28.6412
3212,28.6827
3213,28.6266
3214,28.6154
3215,28.5781
3216,28.7551
3217,28.7465
3218,28.6679
3219,28.6274
3220,28.5839
3221,28.6058
3222,28.5825
3223,28.665
3224,28.6093
3225,28.5661
3226,28.593
3227,28.5471
3228,28.5525
3229,28.54
3230,28.4684
3231,28.5847
3232,28.5499
3233,28.4788
3234,28.4866
3235,28.5385
3236,28.596
3237,28.5607
3238,28.4393
3239,28.5214
3240,28.4607
3241,28.5398
3242,28.5919
3243,28.4287
3244,28.453
3245,28.4719
3246,28.425
3247,28.4553
3248,28.5031
3249,28.4659
3250,28.4436
3251,28.5832
3252,28.5644
3253,28.4467
3254,28.5264
3255,28.6485
3256,28.6242
3257,28.6012
3258,28.5026
3259,28.5351
3260,28.4767
3261,28.5058
3262,28.5672
3263,28.3895
3264,28.502
3265,28.4114
3266,28.4209
3267,28.4896
3268,28.4883
3269,28.5069
3270,28.4023
3271,28.3022
3272,28.3478
3273,28.3935
3274,28.3665
3275,28.3807
3276,28.4104
3277,28.426
3278,28.5253
3279,28.5564
3280,28.5798
3281,28.4044
3282,28.474
3283,28.5397
3284,28.5348
3285,28.5672
3286,28.633
3287,28.6035
3288,28.5547
3289,28.6122
3290,28.3906
3291,28.6202
3292,28.5776
3293,28.5792
3294,28.6313
3295,28.5048
3296,28.5205
3297,28.555
3298,28.5018
3299,28.4532
3300,28.4389
3301,28.4626
3302,28.3913
3303,28.4351
3304,28.5549
3305,28.444
3306,28.4848
3307,28.4198
3308,28.4364
3309,28.4699
3310,28.5066
3311,28.5699
3312,28.3357
3313,28.4219
3314,28.4745
3315,28.3436
3316,28.4508
3317,28.3553
3318,28.3481
3319,28.3471
3320,28.4302
3321,28.5045
3322,28.4451
3323,28.5409
3324,28.4366
3325,28.4467
3326,28.4372
3327,28.3883
3328,28.4743
3329,28.5006
3330,28.5252
3331,28.4686
3332,28.5284
3333,28.6429
3334,28.5452
3335,28.4997
3336,28.5264
3337,28.5691
3338,28.5387
3339,28.6018
3340,28.5574
3341,28.6504
3342,28.6792
3343,28.6358
3344,28.5402
3345,28.5034
3346,28.4788
3347,28.4942
3348,28.5441
3349,28.4699
3350,28.6501
3351,28.5681
3352,28.591
3353,28.5304
3354,28.4077
3355,28.4784
3356,28.3867
3357,28.437
3358,28.3749
3359,28.4003
3360,28.4462
3361,28.441
3362,28.4546
3363,28.3738
3364,28.4229
3365,28.3803
3366,28.4712
3367,28.5481
3368,28.4578
3369,28.4243
3370,28.3277
3371,28.3298
3372,28.4622
3373,28.4512
3374,28.4254
3375,28.671
3376,28.4575
3377,28.5437
3378,28.4067
3379,28.4069
3380,28.2867
3381,28.303
3382,28.2648
3383,28.3003
3384,28.3539
3385,28.3819
3386,28.3998
3387,28.4874
3388,28.5964
3389,28.5706
3390,28.4918
3391,28.4615
3392,28.4608
3393,28.499
3394,28.4596
3395,28.4736
3396,28.5498
3397,28.5267
3398,28.4883
3399,28.5499
3400,28.4593
3401,28.3837
3402,28.3542
3403,28.3915
3404,28.4208
3405,28.6234
3406,28.4222
3407,28.4966
3408,28.559
3409,28.4586
3410,28.6071
3411,28.5428
3412,28.4552
3413,28.5032
3414,28.4924
3415,28.4354
3416,28.4739
3417,28.4768
3418,28.4558
3419,28.6072
3420,28.5912
3421,28.5469
3422,28.5636
3423,28.4612
3424,28.5809
3425,28.4452
3426,28.4693
3427,28.3726
3428,28.4902
3429,28.4512
3430,28.5045
3431,28.5049
3432,28.6297
3433,28.5398
3434,28.4948
3435,28.4871
3436,28.5828
3437,28.4948
3438,28.4936
3439,28.5313
3440,28.4913
3441,28.4369
3442,28.4296
3443,28.3972
3444,28.4054
3445,28.3713
3446,28.4116
3447,28.5259
3448,28.4786
3449,28.4579
3450,28.6244
3451,28.6723
3452,28.5156
3453,28.5017
3454,28.4916
3455,28.511
3456,28.4187
3457,28.5152
3458,28.4424
3459,28.5182
3460,28.4972
3461,28.5206
3462,28.6503
3463,28.5862
3464,28.7353
3465,28.5613
3466,28.7519
3467,28.6533
3468,28.6514
3469,28.5421
3470,28.3866
3471,28.4246
3472,28.5091
3473,28.4558
3474,28.512
3475,28.6037
3476,28.5871
3477,28.5327
3478,28.4619
3479,28.5045
3480,28.5841
3481,28.6609
3482,28.5591
3483,28.6518
3484,28.5863
3485,28.6072
3486,28.5967
3487,28.6477
3488,28.6091
3489,28.5736
3490,28.4596
3491,28.5543
3492,28.5532
3493,28.5694
3494,28.6844
3495,28.5816
3496,28.7261
3497,28.6681
3498,28.6688
3499,28.5809
3500,28.6162
3501,28.6044
3502,28.5297
3503,28.5524
3504,28.5825
3505,28.623
3506,28.6197
3507,28.582
3508,28.6786
3509,28.6821
3510,28.7347
3511,28.6458
3512,28.6284
3513,28.6788
3514,28.589
3515,28.6476
3516,28.6111
3517,28.6152
3518,28.5211
3519,28.5051
3520,28.5287
3521,28.6554
3522,28.6569
3523,28.662
3524,28.7005
3525,28.7215
3526,28.8127
3527,28.8005
3528,28.6803
3529,28.6554
3530,28.8433
3531,28.7308
3532,28.6519
3533,28.7388
3534,28.69
3535,28.7633
3536,28.7509
3537,28.6935
3538,28.6336
3539,28.6628
3540,28.6493
3541,28.5528
3542,28.5678
3543,28.5634
3544,28.6125
3545,28.7237
3546,28.6779
3547,28.6414
3548,28.6441
3549,28.6535
3550,28.6583
3551,28.7345
3552,28.6814
3553,28.6808
3554,28.5643
3555,28.6818
3556,28.6571
3557,28.7065
3558,28.6719
3559,28.5688
3560,28.5726
3561,28.7155
3562,28.6662
3563,28.6762
3564,28.5974
3565,28.523
3566,28.6249
3567,28.6494
3568,28.615
3569,28.7107
3570,28.701
3571,28.6685
3572,28.781
3573,28.7058
3574,28.6679
3575,28.5951
3576,28.5631
3577,28.587
3578,28.6744
3579,28.537
3580,28.5014
3581,28.5357
3582,28.519
3583,28.4943
3584,28.3702
3585,28.4107
3586,28.4981
3587,28.566
3588,28.5748
3589,28.5699
3590,28.5645
3591,28.5412
3592,28.5025
3593,28.5535
3594,28.6161
3595,28.5346
3596,28.6622
3597,28.652
3598,28.5737
3599,28.5532
3600,28.6329
3601,28.5595
3602,28.5737
3603,28.5448
3604,28.5335
3605,28.4677
3606,28.4258
3607,28.446
3608,28.4518
3609,28.4731
3610,28.4672
3611,28.4409
3612,28.457
3613,28.3583
3614,28.4662
3615,28.3605
3616,28.3844
3617,28.4432
3618,28.4152
3619,28.4302
3620,28.4253
3621,28.4776
3622,28.4031
3623,28.4384
3624,28.4502
3625,28.3904
3626,28.5229
3627,28.5295
3628,28.5165
3629,28.5601
3630,28.5335
3631,28.5233
3632,28.4437
3633,28.5161
3634,28.4714
3635,28.4585
3636,28.4619
3637,28.5387
3638,28.472
3639,28.5148
3640,28.5444
3641,28.4964
3642,28.5862
3643,28.5222
3644,28.5131
3645,28.687
3646,28.7013
3647,28.4861
3648,28.4684
3649,28.5648
3650,28.5348
3651,28.4557
3652,28.5854
3653,28.3452
3654,28.5581
3655,28.5064
3656,28.6487
3657,28.6198
3658,28.4833
3659,28.5393
3660,28.5519
3661,28.6146
3662,28.5479
3663,28.5729
3664,28.5685
3665,28.5984
3666,28.5739
3667,28.563
3668,28.6433
3669,28.7054
3670,28.5795
3671,28.52
3672,28.6608
3673,28.6835
3674,28.6773
3675,28.6864
3676,28.7189
3677,28.6763
3678,28.6702
3679,28.6055
3680,28.6707
3681,28.5378
3682,28.5678
3683,28.6492
3684,28.5023
3685,28.419
3686,28.4487
3687,28.4825
3688,28.5077
3689,28.4648
3690,28.4934
3691,28.5731
3692,28.5803
3693,28.4393
3694,28.5387
3695,28.4432
3696,28.4311
3697,28.4394
3698,28.5384
3699,28.4442
3700,28.4526
3701,28.4485
3702,28.4458
3703,28.4811
3704,28.4954
3705,28.5906
3706,28.6204
3707,28.533
3708,28.5859
3709,28.6069
3710,28.5877
3711,28.5953
3712,28.7009
3713,28.7149
3714,28.5439
3715,28.6798
3716,28.5759
3717,28.5217
3718,28.6506
3719,28.4772
3720,28.5173
3721,28.5355
3722,28.5526
3723,28.5942
3724,28.5871
3725,28.5413
3726,28.59
3727,28.5944
3728,28.576
3729,28.5538
3730,28.5976
3731,28.5377
3732,28.5304
3733,28.4991
3734,28.4999
3735,28.5299
3736,28.6029
3737,28.5295
3738,28.5293
3739,28.6059
3740,28.496
3741,28.584
3742,28.5279
3743,28.5816
3744,28.5525
3745,28.5807
3746,28.5948
3747,28.6959
3748,28.5362
3749,28.6509
3750,28.4997
3751,28.5545
3752,28.6487
3753,28.6492
3754,28.6759
3755,28.6793
3756,28.7071
3757,28.7496
3758,28.5547
3759,28.6824
3760,28.5953
3761,28.6971
3762,28.5783
3763,28.6318
3764,28.657
3765,28.5511
3766,28.694
3767,28.5777
3768,28.6147
3769,28.5312
3770,28.496
3771,28.4546
3772,28.5284
3773,28.5592
3774,28.526
3775,28.6046
3776,28.6347
3777,28.6281
3778,28.5668
3779,28.5627
3780,28.5749
3781,28.5352
3782,28.5519
3783,28.5785
3784,28.5953
3785,28.6932
3786,28.6616
3787,28.6915
3788,28.6881
3789,28.652
3790,28.6732
3791,28.6078
3792,28.6135
3793,28.73
3794,28.6743
3795,28.6448
3796,28.6475
3797,28.6353
3798,28.5179
3799,28.6302
3800,28.5643
3801,28.6845
3802,28.6035
3803,28.584
3804,28.636
3805,28.5177
3806,28.5486
3807,28.6728
3808,28.6346
3809,28.5247
3810,28.5774
3811,28.4741
3812,28.5532
3813,28.4771
3814,28.5152
3815,28.4325
3816,28.4572
3817,28.5658
3818,28.5114
3819,28.6122
3820,28.5117
3821,28.4927
3822,28.5086
3823,28.4994
3824,28.4262
3825,28.5449
3826,28.5206
3827,28.5212
3828,28.4099
3829,28.4979
3830,28.4982
3831,28.4721
3832,28.4938
3833,28.4915
3834,28.4496
3835,28.5093
3836,28.4972
3837,28.5185
3838,28.5448
3839,28.5912
3840,28.6554
3841,28.6061
3842,28.5901
3843,28.6379
3844,28.5893
3845,28.6254
3846,28.7646
3847,28.6915
3848,28.6266
3849,28.5426
3850,28.6181
3851,28.7586
3852,28.7147
3853,28.6812
3854,28.7368
3855,28.7226
3856,28.6982
3857,28.7237
3858,28.7517
3859,28.7793
3860,28.7776
3861,28.782
3862,28.6877
3863,28.6665
3864,28.6991
3865,28.7264
3866,28.8038
3867,28.732
3868,28.8951
3869,28.877
3870,28.7784
3871,28.8106
3872,28.8867
3873,28.836
3874,28.9858
3875,28.9174
3876,28.9079
3877,28.8546
3878,28.7919
3879,28.8123
3880,28.7671
3881,28.6682
3882,28.6532
3883,28.6769
3884,28.6386
3885,28.8106
3886,28.6543
3887,28.7391
3888,28.7642
3889,28.6664
3890,28.6291
3891,28.643
3892,28.6951
3893,28.6823
3894,28.6573
3895,28.598
3896,28.5206
3897,28.656
3898,28.6894
3899,28.7526
3900,28.6674
3901,28.633
3902,28.6758
3903,28.7417
3904,28.6099
3905,28.7495
3906,28.68
3907,28.7378
3908,28.6648
3909,28.5523
3910,28.5759
3911,28.5593
3912,28.6985
3913,28.539
3914,28.5153
3915,28.5966
3916,28.4842
3917,28.5755
3918,28.6988
3919,28.7375
3920,28.6163
3921,28.569
3922,28.6395
3923,28.5284
3924,28.6281
3925,28.6518
3926,28.6991
3927,28.6686
3928,28.6973
3929,28.6432
3930,28.7169
3931,28.6495
3932,28.7138
3933,28.7047
3934,28.6928
3935,28.6738
3936,28.6848
3937,28.7052
3938,28.6856
3939,28.622
3940,28.6403
3941,28.6467
3942,28.6465
3943,28.6375
3944,28.7329
3945,28.6203
3946,28.641
3947,28.7294
3948,28.6279
3949,28.7023
3950,28.6255
3951,28.6418
3952,28.6499
3953,28.7975
3954,28.8416
3955,28.7631
3956,28.6821
3957,28.7269
3958,28.7812
3959,28.844
3960,28.7513
3961,28.7748
3962,28.7483
3963,28.5954
3964,28.7016
3965,28.6986
3966,28.6205
3967,28.7506
3968,28.6974
3969,28.7286
3970,28.72
3971,28.7626
3972,28.9196
3973,28.9136
3974,28.8449
3975,28.8166
3976,28.7361
3977,28.6672
3978,28.8011
3979,28.7288
3980,28.7166
3981,28.7876
3982,28.6718
3983,28.6481
3984,28.6606
3985,28.8334
3986,28.8207
3987,28.7067
3988,28.6606
3989,28.8515
3990,28.7294
3991,28.6337
3992,28.6541
3993,28.5961
3994,28.7504
3995,28.75
3996,28.5982
3997,28.5511
3998,28.5756
3999,28.695
4000,28.7545
4001,28.6808
4002,28.7385
4003,28.6673
4004,28.6865
4005,28.6708
4006,28.7041
4007,28.7186
4008,28.809
4009,28.7315
4010,28.72
4011,28.8298
4012,28.749
4013,28.7084
4014,28.6889
4015,28.8402
4016,28.8484
4017,28.7594
4018,28.7303
4019,28.7274
4020,28.7485
4021,28.6733
4022,28.6988
4023,28.735
4024,28.6842
4025,28.7576
4026,28.7821
4027,28.7924
4028,28.7178
4029,28.7545
4030,28.7257
4031,28.7125
4032,28.7183
4033,28.6186
4034,28.6315
4035,28.7329
4036,28.7864
4037,28.7206
4038,28.6627
4039,28.8127
4040,28.7583
4041,28.7193
4042,28.7605
4043,28.7167
4044,28.7367
4045,28.7566
4046,28.8201
4047,28.7816
4048,28.6973
4049,28.5991
4050,28.6933
4051,28.7252
4052,28.8118
4053,28.8035
4054,28.7449
4055,28.7205
4056,28.6536
4057,28.7849
4058,28.6685
4059,28.7375
4060,28.6806
4061,28.7587
4062,28.7868
4063,28.7083
4064,28.7985
4065,28.8337
4066,28.7696
4067,28.76
4068,28.7819
4069,28.8062
4070,28.68
4071,28.6632
4072,28.7881
4073,28.737
4074,28.6945
4075,28.8262
4076,28.7435
4077,28.7081
4078,28.7105
4079,28.6863
4080,28.6439
4081,28.7401
4082,28.7845
4083,28.7949
4084,28.8082
4085,28.7256
4086,28.8043
4087,28.7065
4088,28.7318
4089,28.7131
4090,28.6506
4091,28.7058
4092,28.6815
4093,28.8131
4094,28.69
4095,28.8347
4096,28.7414
4097,28.8391
4098,28.759
4099,28.8135
4100,28.6963
4101,28.775
4102,28.7122
4103,28.6866
4104,28.7751
4105,28.8019
4106,28.7238
4107,28.7033
4108,28.6311
4109,28.6711
4110,28.7911
4111,28.7613
4112,28.7676
4113,28.7077
4114,28.7643
4115,28.7037
4116,28.8136
4117,28.5573
4118,28.5573
4119,28.5741
4120,28.6477
4121,28.7546
4122,28.674
4123,28.6147
4124,28.5295
4125,28.6194
4126,28.6922
4127,28.686
4128,28.7247
4129,28.7341
4130,28.6904
4131,28.8109
4132,28.7002
4133,28.6236
4134,28.7001
4135,28.6308
4136,28.7116
4137,28.6405
4138,28.5677
4139,28.6071
4140,28.7158
4141,28.6125
4142,28.5079
4143,28.5496
4144,28.4696
4145,28.5662
4146,28.5284
4147,28.5825
4148,28.4652
4149,28.5827
4150,28.527
4151,28.4405
4152,28.6116
4153,28.5508
4154,28.5457
4155,28.5527
4156,28.4945
4157,28.5648
4158,28.5302
4159,28.62
4160,28.6272
4161,28.6267
4162,28.5292
4163,28.4315
4164,28.6103
4165,28.5511
4166,28.5589
4167,28.5587
4168,28.5637
4169,28.6184
4170,28.5557
4171,28.5759
4172,28.5773
4173,28.5239
4174,28.5156
4175,28.5129
4176,28.4807
4177,28.4737
4178,28.5174
4179,28.4153
4180,28.516
4181,28.4759
4182,28.4678
4183,28.4869
4184,28.4651
4185,28.47
4186,28.4522
4187,28.4523
4188,28.3941
4189,28.3621
4190,28.5018
4191,28.4963
4192,28.4809
4193,28.5384
4194,28.527
4195,28.4191
4196,28.4773
4197,28.5621
4198,28.559
4199,28.5093
4200,28.565
4201,28.5325
4202,28.5
4203,28.5741
4204,28.421
4205,28.4524
4206,28.5106
4207,28.4643
4208,28.439
4209,28.4915
4210,28.5495
4211,28.4262
4212,28.5825
4213,28.5491
4214,28.6826
4215,28.5521
4216,28.5528
4217,28.6125
4218,28.6356
4219,28.6682
4220,28.6381
4221,28.5928
4222,28.6158
4223,28.6453
4224,28.5743
4225,28.4861
4226,28.5628
4227,28.5787
4228,28.5795
4229,28.6207
4230,28.5724
4231,28.5421
4232,28.532
4233,28.4731
4234,28.566
4235,28.4632
4236,28.5257
4237,28.4828
4238,28.4912
4239,28.5775
4240,28.5456
4241,28.5918
4242,28.5441
4243,28.5982
4244,28.6524
4245,28.6224
4246,28.5406
4247,28.6405
4248,28.6389
4249,28.6191
4250,29.8262
4251,28.7281
4252,28.7084
4253,28.7072
4254,28.6726
4255,28.5566
4256,29.7281
4257,29.728
4258,29.7453
4259,29.8418
4260,29.8355
4261,29.7829
4262,29.8436
4263,29.8602
4264,29.8553
4265,29.834
4266,29.8525
4267,29.8228
4268,29.7693
4269,29.8694
4270,29.8144
4271,29.749
4272,28.6585
4273,29.8122
4274,29.7821
4275,29.7885
4276,29.8465
4277,29.7464
4278,29.7938
4279,29.8159
4280,29.8586
4281,29.7868
4282,29.6768
4283,29.6927
4284,29.6346
4285,29.7255
4286,29.6407
4287,29.6363
4288,29.6248
4289,29.6126
4290,29.6898
4291,29.6419
4292,29.6488
4293,29.6137
4294,29.65
4295,29.7337
4296,29.6918
4297,29.6439
4298,29.6772
4299,29.7169
4300,29.6783
4301,29.6754
4302,29.7572
4303,29.7625
4304,29.6915
4305,29.721
4306,29.6788
4307,29.7305
4308,29.5803
4309,29.7152
4310,29.6894
4311,29.7237
4312,29.6638
4313,29.6516
4314,29.6174
4315,29.6572
4316,29.5777
4317,29.7976
4318,29.6871
4319,29.5917
4320,29.6409
4321,29.5629
4322,29.5979
4323,29.6086
4324,29.5198
4325,29.6151
4326,29.6295
4327,29.5487
4328,29.5855
4329,29.5029
4330,29.6366
4331,29.5977
4332,29.6299
4333,29.553
4334,29.5358
4335,29.5645
4336,29.6059
4337,29.5678
4338,29.551
4339,29.657
4340,29.6968
4341,29.62
4342,29.7162
4343,29.5994
4344,29.7321
4345,29.6435
4346,29.5624
4347,29.5887
4348,29.6596
4349,29.6383
4350,29.4725
4351,29.6845
4352,29.6371
4353,29.7106
4354,29.6125
4355,29.7068
4356,29.7312
4357,29.7103
4358,29.6884
4359,29.5997
4360,29.5985
4361,29.5877
4362,29.605
4363,29.4517
4364,29.6574
4365,29.5618
4366,29.6659
4367,29.6227
4368,28.5608
4369,28.588
4370,28.5126
4371,28.68
4372,28.6485
4373,29.7151
4374,29.7495
4375,29.7539
4376,29.6983
4377,29.6782
4378,29.6538
4379,29.6224
4380,29.5542
4381,29.6432
4382,29.6561
4383,29.6372
4384,29.6675
4385,29.5537
4386,29.6002
4387,29.5866
4388,29.6123
4389,29.7046
4390,29.678
4391,29.5992
4392,29.5293
4393,29.6138
4394,29.5811
4395,29.6893
4396,29.7109
4397,29.6749
4398,29.6269
4399,29.582
4400,29.6205
4401,29.5843
4402,29.5232
4403,29.5805
4404,29.5998
4405,29.6243
4406,29.6998
4407,29.6173
4408,29.6509
4409,29.5713
4410,29.567
4411,29.6479
4412,29.6014
4413,29.531
4414,29.6355
4415,29.558
4416,29.5175
4417,29.5327
4418,29.5846
4419,29.5314
4420,29.4367
4421,29.4445
4422,29.57
4423,29.641
4424,29.5507
4425,29.6415
4426,29.5994
4427,29.4588
4428,29.5018
4429,29.3912
4430,29.4076
4431,29.5525
4432,29.5372
4433,29.4928
4434,29.5199
4435,29.4573
4436,29.5361
4437,29.5602
4438,29.526
4439,29.6142
4440,29.594
4441,29.5968
4442,29.5703
4443,29.6597
4444,29.5773
4445,29.6027
4446,29.6522
4447,29.7223
4448,29.656
4449,29.6718
4450,29.6871
4451,29.7332
4452,29.7093
4453,29.7209
4454,29.7109
4455,29.5854
4456,29.5456
4457,29.5743
4458,29.614
4459,29.6308
4460,29.574
4461,29.597
4462,29.6914
4463,29.5986
4464,29.6518
4465,29.5557
4466,29.6246
4467,29.6266
4468,29.6094
4469,29.5392
4470,29.5019
4471,29.6058
4472,29.5156
4473,29.5766
4474,29.5777
4475,29.5539
4476,29.6085
4477,29.6135
4478,29.7539
4479,29.7139
4480,29.6653
4481,29.609
4482,29.689
4483,29.6038
4484,29.6349
4485,29.5499
4486,29.546
4487,29.5585
4488,29.5946
4489,29.5164
4490,29.5473
4491,29.5125
4492,29.539
4493,29.6098
4494,29.5709
4495,29.5566
4496,29.5443
4497,29.485
4498,29.5629
4499,29.5829
4500,29.5678
4501,29.5848
4502,29.5721
4503,29.6592
4504,29.634
4505,29.5619
4506,29.5646
4507,29.613
4508,29.5598
4509,29.5755
4510,29.5752
4511,29.6442
4512,29.7019
4513,29.5944
4514,29.5875
4515,29.6087
4516,29.6083
4517,29.6232
4518,29.7089
4519,29.6929
4520,29.8314
4521,29.7482
4522,29.7443
4523,29.7169
4524,29.658
4525,29.6245
4526,29.7612
4527,29.6228
4528,29.7405
4529,29.673
4530,29.5907
4531,29.6683
4532,29.6723
4533,29.6584
4534,29.568
4535,29.7242
4536,29.6207
4537,29.6561
4538,29.5707
4539,29.5983
4540,29.6382
4541,29.5812
4542,29.5056
4543,29.6197
4544,29.6786
4545,29.6921
4546,29.6493
4547,29.6709
4548,29.5589
4549,29.5568
4550,29.5104
4551,29.4614
4552,29.4262
4553,29.4807
4554,29.4885
4555,29.6197
4556,29.5195
4557,29.5641
4558,29.5501
4559,29.5276
4560,29.5361
4561,29.4438
4562,29.5877
4563,29.5608
4564,29.509
4565,29.6009
4566,29.5143
4567,29.5666
4568,29.5015
4569,29.5262
4570,29.5726
4571,29.5256
4572,29.5526
4573,29.4237
4574,29.4927
4575,29.5253
4576,29.6345
4577,29.4635
4578,29.714
4579,29.5914
4580,29.5591
4581,29.6874
4582,29.7364
4583,29.6308
4584,29.6534
4585,29.5504
4586,29.5209
4587,29.5686
4588,29.5617
4589,29.6009
4590,29.5931
4591,29.518
4592,29.6042
4593,29.4872
4594,29.5196
4595,29.5538
4596,29.5614
4597,29.497
4598,29.6034
4599,29.5744
4600,29.6143
4601,29.5447
4602,29.6711
4603,29.6005
4604,29.5809
4605,29.6083
4606,29.5757
4607,29.5363
4608,29.6699
4609,29.6659
4610,29.6176
4611,29.555
4612,29.5694
4613,29.5389
4614,29.5494
4615,29.5232
4616,29.4621
4617,29.5685
4618,29.5565
4619,29.6067
4620,29.611
4621,29.5187
4622,29.4777
4623,29.5341
4624,29.5608
4625,29.6095
4626,29.5179
4627,29.6271
4628,29.5765
4629,29.6551
4630,29.5437
4631,29.5464
4632,29.5112
4633,29.523
4634,29.6072
4635,29.638
4636,29.5304
4637,29.4649
4638,29.5876
4639,29.6369
4640,29.5025
4641,29.4935
4642,29.6211
4643,29.7165
4644,29.7669
4645,29.6553
4646,29.5898
4647,29.5975
4648,29.6196
4649,29.5427
4650,29.5208
4651,29.4216
4652,29.4467
4653,29.5722
4654,29.5659
4655,29.5244
4656,29.5239
4657,29.5079
4658,29.4498
4659,29.441
4660,29.4667
4661,29.529
4662,29.4905
4663,29.4754
4664,29.4864
4665,29.5407
4666,29.5764
4667,29.4972
4668,29.6667
4669,29.7101
4670,29.6042
4671,29.5889
4672,29.4709
4673,29.5065
4674,29.4961
4675,29.3651
4676,29.4703
4677,29.4036
4678,29.3598
4679,29.4996
4680,29.3963
4681,29.4559
4682,29.4042
4683,29.4229
4684,29.5226
4685,29.4846
4686,29.4912
4687,29.5237
4688,29.341
4689,29.3712
4690,29.3395
4691,29.3981
4692,29.5135
4693,29.5074
4694,29.5173
4695,29.5411
4696,29.5588
4697,29.5822
4698,29.5388
4699,29.6606
4700,29.5931
4701,29.6655
4702,29.5684
4703,29.5743
4704,29.5328
4705,29.5175
4706,29.5822
4707,29.5178
4708,29.4655
4709,29.5062
4710,29.456
4711,29.4371
4712,29.4088
4713,29.5254
4714,29.4103
4715,29.414
4716,29.4003
4717,29.441
4718,29.4655
4719,29.5007
4720,29.4352
4721,29.477
4722,29.5622
4723,29.4476
4724,29.6424
4725,29.5519
4726,29.7165
4727,29.5862
4728,29.6042
4729,29.5293
4730,29.6272
4731,29.4424
4732,29.4927
4733,29.4282
4734,29.5023
4735,29.5855
4736,29.6259
4737,29.7086
4738,29.6427
4739,29.5107
4740,29.5118
4741,29.5728
4742,29.6322
4743,29.5917
4744,29.5145
4745,29.5326
4746,29.5479
4747,29.548
4748,29.5892
4749,29.5418
4750,29.6473
4751,29.6049
4752,29.4877
4753,29.5077
4754,29.5003
4755,29.5036
4756,29.5505
4757,29.5497
4758,29.6095
4759,29.5207
4760,29.5727
4761,29.5334
4762,29.5152
4763,29.5156
4764,29.5472
4765,29.5875
4766,29.5786
4767,29.5472
4768,29.4946
4769,29.4641
4770,29.4389
4771,29.5089
4772,29.4252
4773,29.5792
4774,29.5312
4775,29.5305
4776,29.5157
4777,29.5231
4778,29.4063
4779,29.4849
4780,29.3812
4781,29.564
4782,29.5499
4783,29.5111
4784,29.5199
4785,29.4738
4786,29.5243
4787,29.5241
4788,29.4286
4789,29.5461
4790,29.4543
4791,29.4332
4792,29.5018
4793,29.352
4794,29.529
4795,29.393
4796,29.4135
4797,29.417
4798,29.4023
4799,29.4408
4800,29.3571
4801,29.2762
4802,29.3372
4803,29.3372
4804,29.2993
4805,29.3905
4806,29.388
4807,29.3808
4808,29.2624
4809,29.3934
4810,29.3703
4811,29.2861
4812,29.3535
4813,29.4759
4814,29.4794
4815,29.4221
4816,29.5579
4817,29.5183
4818,29.5419
4819,29.513
4820,29.4924
4821,29.4222
4822,29.4543
4823,29.4975
4824,29.4969
4825,29.4236
4826,29.4924
4827,29.4735
4828,29.3485
4829,29.5379
4830,29.4732
4831,29.5383
4832,29.5411
4833,29.5713
4834,29.6424
4835,29.5581
4836,29.5716
4837,29.659
4838,29.476
4839,29.4599
4840,29.4236
4841,29.4764
4842,29.4234
4843,29.5204
4844,29.5118
4845,29.6108
4846,29.5829
4847,29.5515
4848,29.4765
4849,29.4682
4850,29.4806
4851,29.7174
4852,29.6037
4853,29.6093
4854,29.5646
4855,29.6092
4856,29.5741
4857,29.5961
4858,29.5788
4859,29.5882
4860,29.5667
4861,29.5806
4862,29.6174
4863,29.5841
4864,29.4541
4865,29.6195
4866,29.6888
4867,29.6868
4868,29.6397
4869,29.7117
4870,29.7297
4871,29.6614
4872,29.699
4873,29.7002
4874,29.6946
4875,29.4854
4876,29.5462
4877,29.5734
4878,29.5167
4879,29.3925
4880,29.4436
4881,29.4922
4882,29.6912
4883,29.6
4884,29.6434
4885,29.7206
4886,29.6035
4887,29.5191
4888,29.6494
4889,29.4491
4890,29.4123
4891,29.3415
4892,29.4205
4893,29.4256
4894,29.2727
4895,29.3969
4896,29.4175
4897,29.402
4898,29.4171
4899,29.3978
4900,29.4001
4901,29.2601
4902,29.3017
4903,29.4895
4904,29.4582
4905,29.5579
4906,29.456
4907,29.4651
4908,29.4624
4909,29.483
4910,29.4945
4911,29.4979
4912,29.5062
4913,29.4558
4914,29.5045
4915,29.4215
4916,29.4634
4917,29.43
4918,29.5324
4919,29.5645
4920,29.4131
4921,29.5095
4922,29.4069
4923,29.5046
4924,29.3982
4925,29.4336
4926,29.587
4927,29.532
4928,29.5042
4929,29.4733
4930,29.5351
4931,29.488
4932,29.3688
4933,29.3735
4934,29.3828
4935,29.4245
4936,29.502
4937,29.4088
4938,29.4245
4939,29.5244
4940,29.4512
4941,29.4739
4942,29.551
4943,29.4696
4944,29.495
4945,29.4041
4946,29.526
4947,29.5748
4948,29.5847
4949,29.5796
4950,29.575
4951,29.5627
4952,29.4688
4953,29.5366
4954,29.5606
4955,29.4631
4956,29.5004
4957,29.4634
4958,29.4631
4959,29.4808
4960,29.6553
4961,29.5755
4962,29.626
4963,29.5116
4964,29.5702
4965,29.4717
4966,29.5291
4967,29.6288
4968,29.4717
4969,29.4896
4970,29.5106
4971,29.5628
4972,29.5546
4973,29.6434
4974,29.6415
4975,29.658
4976,29.6559
4977,29.584
4978,29.6737
4979,29.6693
4980,29.7871
4981,29.7235
4982,29.516
4983,29.5169
4984,29.5449
4985,29.5384
4986,29.5863
4987,29.5997
4988,29.5801
4989,29.5817
4990,29.5174
4991,29.6598
4992,29.5378
4993,29.4956
4994,29.4382
4995,29.5166
4996,29.5902
4997,29.4503
4998,29.517
4999,29.4411
5000,29.5408
5001,29.6038
5002,29.5986
5003,29.6284
5004,29.5637
5005,29.6407
5006,29.7139
5007,29.6558
5008,29.6136
5009,29.6183
5010,29.624
5011,29.6112
5012,29.5997
5013,29.5501
5014,29.5387
5015,29.599
5016,29.6236
5017,29.6307
5018,29.6414
5019,29.6338
5020,29.5358
5021,29.6916
5022,29.5618
5023,29.508
5024,29.5341
5025,29.5377
5026,29.5349
5027,29.5345
5028,29.5824
5029,29.5528
5030,29.5749
5031,29.512
5032,29.4888
5033,29.5116
5034,29.5562
5035,29.5017
5036,29.5368
5037,29.5374
5038,29.5277
5039,29.4075
5040,29.5298
5041,29.4078
5042,29.4253
5043,29.4197
5044,29.4392
5045,29.5508
5046,29.5622
5047,29.5017
5048,29.4623
5049,29.5993
5050,29.5215
5051,29.6302
5052,29.5074
5053,29.5661
5054,29.5845
5055,29.5685
5056,29.4926
5057,29.5084
5058,29.5568
5059,29.5309
5060,29.6018
5061,29.5868
5062,29.63
5063,29.6151
5064,29.5644
5065,29.4952
5066,29.5689
5067,29.5883
5068,29.521
5069,29.6149
5070,29.6411
5071,29.636
5072,29.6087
5073,29.6378
5074,29.6213
5075,29.5568
5076,29.6112
5077,29.6183
5078,29.6068
5079,29.5882
5080,29.6025
5081,29.5944
5082,29.5622
5083,29.6838
5084,29.6887
5085,29.7783
5086,29.7738
5087,29.6449
5088,29.6224
5089,29.6534
5090,29.7002
5091,29.6864
5092,29.6519
5093,29.6486
5094,29.6259
5095,29.631
5096,29.6985
5097,29.6422
5098,29.5835
5099,29.6916
5100,29.6268
5101,29.5765
5102,29.6037
5103,29.5674
5104,29.5584
5105,29.7105
5106,29.7034
5107,29.705
5108,29.6557
5109,29.6093
5110,29.7437
5111,29.7129
5112,29.6911
5113,29.7031
5114,29.616
5115,29.5484
5116,29.5706
5117,29.6152
5118,29.5417
5119,29.6127
5120,29.6064
5121,29.5773
5122,29.6265
5123,29.7065
5124,29.7565
5125,29.7659
5126,29.7386
5127,29.6375
5128,29.7981
5129,29.6166
5130,29.6479
5131,29.7432
5132,29.6597
5133,29.7632
5134,29.8444
5135,29.7679
5136,29.7314
5137,29.7498
5138,29.6412
5139,29.7104
5140,29.6502
5141,29.6317
5142,29.6711
5143,29.7404
5144,29.8368
5145,29.739
5146,29.6961
5147,29.7253
5148,29.7339
5149,29.6872
5150,29.7173
5151,29.8021
5152,29.7574
5153,29.7349
5154,29.7691
5155,29.7927
5156,29.6389
5157,29.6072
5158,29.7227
5159,29.7003
5160,29.7036
5161,29.7012
5162,29.7572
5163,29.6117
5164,29.5676
5165,29.7165
5166,29.7897
5167,29.7288
5168,29.6497
5169,29.668
5170,29.5836
5171,29.5981
5172,29.6644
5173,29.7153
5174,29.6872
5175,29.694
5176,29.6422
5177,29.6705
5178,29.6106
5179,29.4841
5180,29.4377
5181,29.4511
5182,29.445
5183,29.5471
5184,29.6058
5185,29.472
5186,29.5801
5187,29.5116
5188,29.585
5189,29.5255
5190,29.5243
5191,29.5247
5192,29.5468
5193,29.5573
5194,29.5923
5195,29.6018
5196,29.4651
5197,29.5214
5198,29.5374
5199,29.5844
5200,29.5611
5201,29.6315
5202,29.5646
5203,29.6757
5204,29.6863
5205,29.7108
5206,29.684
5207,29.7005
5208,29.692
5209,29.7633
5210,29.7956
5211,29.6903
5212,29.5557
5213,29.6582
5214,29.5132
5215,29.5848
5216,29.519
5217,29.4596
5218,29.4647
5219,29.4739
5220,29.5699
5221,29.5855
5222,29.573
5223,29.6043
5224,29.5089
5225,29.4055
5226,29.5389
5227,29.5273
5228,29.5457
5229,29.5842
5230,29.6021
5231,29.5747
5232,29.5214
5233,29.4646
5234,29.7009
5235,29.5179
5236,29.5811
5237,29.6086
5238,29.6858
5239,29.6693
5240,29.6208
5241,29.6678
5242,29.6587
5243,29.6491
5244,29.7054
5245,29.6694
5246,29.6968
5247,29.616
5248,29.5679
5249,29.6229
5250,29.6981
5251,29.7463
5252,29.6607
5253,29.736
5254,29.6755
5255,29.686
5256,29.7327
5257,29.7382
5258,29.8146
5259,29.8272
5260,29.7867
5261,29.8823
5262,29.7228
5263,29.7188
5264,29.8352
5265,29.6352
5266,29.7632
5267,29.8609
5268,29.7621
5269,29.7252
5270,29.7142
5271,29.7487
5272,29.7566
5273,29.7885
5274,29.7804
5275,29.6561
5276,29.7557
5277,29.6786
5278,29.8776
5279,29.8389
5280,29.859
5281,29.8465
5282,29.8775
5283,29.7492
5284,29.7237
5285,29.7124
5286,29.6944
5287,29.695
5288,29.803
5289,29.7531
5290,29.7594
5291,29.6638
5292,29.6868
5293,29.7637
5294,29.7595
5295,29.7601
5296,29.7082
5297,29.6593
5298,29.7619
5299,29.6831
5300,29.6169
5301,29.7263
5302,29.6383
5303,29.6071
5304,29.6426
5305,29.6406
5306,29.6184
5307,29.6333
5308,29.7227
5309,29.5943
5310,29.5875
5311,29.5557
5312,29.5596
5313,29.5648
5314,29.614
5315,29.6656
5316,29.6907
5317,29.6761
5318,29.5919
5319,29.6248
5320,29.5807
5321,29.662
5322,29.6593
5323,29.665
5324,29.5706
5325,29.5646
5326,29.4966
5327,29.4963
5328,29.4961
5329,29.603
5330,29.5237
5331,29.6462
5332,29.5094
5333,29.6149
5334,29.465
5335,29.4567
5336,29.3993
5337,29.3995
5338,29.4102
5339,29.4031
5340,29.3899
5341,29.5505
5342,29.4387
5343,29.4963
5344,29.553
5345,29.5161
5346,29.5561
5347,29.5659
5348,29.5732
5349,29.5859
5350,29.665
5351,29.6017
5352,29.6153
5353,29.686
5354,29.6159
5355,29.5913
5356,29.5819
5357,29.5985
5358,29.5988
5359,29.5822
5360,29.5506
5361,29.537
5362,29.616
5363,29.5849
5364,29.657
5365,29.6569
5366,29.6651
5367,29.588
5368,29.5905
5369,29.5187
5370,29.522
5371,29.5949
5372,29.6775
5373,29.6768
5374,29.5842
5375,29.5384
5376,29.5356
5377,29.6166
5378,29.6729
5379,29.6858
5380,29.5719
5381,29.5989
5382,29.5984
5383,29.4809
5384,29.5767
5385,29.6246
5386,29.65
5387,29.7805
5388,29.6207
5389,29.6511
5390,29.7147
5391,29.8161
5392,29.6221
5393,29.5435
5394,29.6946
5395,29.6728
5396,29.6637
5397,29.7025
5398,29.685
5399,29.6226
5400,29.8384
5401,29.7155
5402,29.6158
5403,29.6654
5404,29.6259
5405,29.5259
5406,29.4343
5407,29.4832
5408,29.5916
5409,29.5382
5410,29.5674
5411,29.6387
5412,29.5725
5413,29.6181
5414,29.6071
5415,29.6036
5416,29.5649
5417,29.5913
5418,29.6345
5419,29.5461
5420,29.5268
5421,29.5856
5422,29.6467
5423,29.5862
5424,29.5337
5425,29.5671
5426,29.4432
5427,29.4734
5428,29.613
5429,29.5415
5430,29.5009
5431,29.5381
5432,29.5845
5433,29.5898
5434,29.6026
5435,29.6671
5436,29.6187
5437,29.5306
5438,29.6053
5439,29.5193
5440,29.5507
5441,29.4904
5442,29.567
5443,29.5021
5444,29.5391
5445,29.5648
5446,29.5252
5447,29.56
5448,29.4603
5449,29.3743
5450,29.4301
5451,29.4027
5452,29.3939
5453,29.4696
5454,29.4773
5455,29.4899
5456,29.4348
5457,29.4704
5458,29.5468
5459,29.552
5460,29.5625
5461,29.5311
5462,29.4957
5463,29.4286
5464,29.5146
5465,29.5228
5466,29.5983
5467,29.6172
5468,29.7104
5469,29.6594
5470,29.5576
5471,29.5126
5472,29.5811
5473,29.4927
5474,29.4868
5475,29.4722
5476,29.4807
5477,29.417
5478,29.4169
5479,29.4702
5480,29.4236
5481,29.4102
5482,29.506
5483,29.5748
5484,29.5488
5485,29.5391
5486,29.5331
5487,29.5294
5488,29.5645
5489,29.5816
5490,29.6164
5491,29.4529
5492,29.5114
5493,29.5076
5494,29.3886
5495,29.4431
5496,29.4449
5497,29.4866
5498,29.568
5499,29.541
5500,29.5994
5501,29.4849
5502,29.6449
5503,29.6067
5504,29.6112
5505,29.4989
5506,29.5613
5507,29.5555
5508,29.597
5509,29.665
5510,29.5898
5511,29.5983
5512,29.6444
5513,29.6649
5514,29.6538
5515,29.6844
5516,29.6783
5517,29.5192
5518,29.5678
5519,29.6094
5520,29.5427
5521,29.566
5522,29.6412
5523,29.604
5524,29.5235
5525,29.5513
5526,29.6166
5527,29.6084
5528,29.6328
5529,29.576
5530,29.6667
5531,29.4851
5532,29.4996
5533,29.6651
5534,29.633
5535,29.5286
5536,29.5253
5537,29.4947
5538,29.4377
5539,29.4252
5540,29.3678
5541,29.4063
5542,29.4302
5543,29.5763
5544,29.5449
5545,29.493
5546,29.5338
5547,29.4604
5548,29.5309
5549,29.4756
5550,29.5893
5551,29.4931
5552,29.5246
5553,29.5616
5554,29.5637
5555,29.5614
5556,29.4992
5557,29.577
5558,29.5794
5559,29.5752
5560,29.5697
5561,29.5676
5562,29.6852
5563,29.5201
5564,29.5354
5565,29.5206
5566,29.5627
5567,29.5299
5568,29.475
5569,29.3777
5570,29.4616
5571,29.3841
5572,29.4962
5573,29.5887
5574,29.6224
5575,29.4871
5576,29.5498
5577,29.6082
5578,29.5064
5579,29.5856
5580,29.5159
5581,29.5774
5582,29.4538
5583,29.4984
5584,29.5205
5585,29.546
5586,29.4493
5587,29.5841
5588,29.5506
5589,29.4749
5590,29.432
5591,29.4469
5592,29.416
5593,29.4958
5594,29.4824
5595,29.5368
5596,29.522
5597,29.52
5598,29.4366
5599,29.4403
5600,29.4942
5601,29.4973
5602,29.5435
5603,29.613
5604,29.5405
5605,29.5697
5606,29.5337
5607,29.6012
5608,29.6132
5609,29.5659
5610,29.5771
5611,29.7817
5612,29.6325
5613,29.6453
5614,29.5414
5615,29.4906
5616,29.5411
5617,29.4252
5618,29.5728
5619,29.6336
5620,29.6093
5621,29.6959
5622,29.5775
5623,29.5348
5624,29.6039
5625,29.5211
5626,29.5351
5627,29.3855
5628,29.4828
5629,29.4967
5630,29.5959
5631,29.6004
5632,29.6743
5633,29.513
5634,29.5272
5635,29.6685
5636,29.6741
5637,29.6081
5638,29.6104
5639,29.6737
5640,29.7095
5641,29.7436
5642,29.6617
5643,29.6368
5644,29.6848
5645,29.6853
5646,29.6312
5647,29.669
5648,29.7552
5649,29.6488
5650,29.5511
5651,29.5719
5652,29.6368
5653,29.7575
5654,29.7662
5655,29.6549
5656,29.628
5657,29.6469
5658,29.7023
5659,29.6775
5660,29.7309
5661,29.7397
5662,29.6966
5663,29.7208
5664,29.6843
5665,29.6389
5666,29.6102
5667,29.661
5668,29.6219
5669,29.641
5670,29.6529
5671,29.7596
5672,29.8724
5673,29.6679
5674,29.5936
5675,29.6337
5676,29.6639
5677,29.5824
5678,29.6032
5679,29.512
5680,29.6156
5681,29.5647
5682,29.6663
5683,29.6932
5684,29.6474
5685,29.5147
5686,29.5707
5687,29.7149
5688,29.6046
5689,29.6563
5690,29.519
5691,29.6294
5692,29.5915
5693,29.5542
5694,29.6047
5695,29.6328
5696,29.5484
5697,29.6066
5698,29.5871
5699,29.5237
5700,29.5331
5701,29.5276
5702,29.5338
5703,29.6479
5704,29.5529
5705,29.5721
5706,29.5274
5707,29.6236
5708,29.6213
5709,29.6524
5710,29.7421
5711,29.7214
5712,29.5975
5713,29.6782
5714,29.7005
5715,29.7252
5716,29.7854
5717,29.6026
5718,29.5701
5719,29.5453
5720,29.5888
5721,29.5946
5722,29.5359
5723,29.5324
5724,29.5021
5725,29.6285
5726,29.5727
5727,29.639
5728,29.5649
5729,29.5958
5730,29.6281
5731,29.6072
5732,29.6276
5733,29.7251
5734,29.5576
5735,29.5676
5736,29.5729
5737,29.6243
5738,29.4973
5739,29.4325
5740,29.4789
5741,29.5335
5742,29.5747
5743,29.4647
5744,29.5035
5745,29.4439
5746,29.4513
5747,29.5338
5748,29.4572
5749,29.582
5750,29.5532
5751,29.5371
5752,29.4735
5753,29.5419
5754,29.3431
5755,29.4209
5756,29.387
5757,29.3592
5758,29.3152
5759,29.4578
5760,29.468
5761,29.5444
5762,29.5152
5763,29.5912
5764,29.5636
5765,29.4849
5766,29.5427
5767,29.6013
5768,29.5324
5769,29.5471
5770,29.4815
5771,29.4903
5772,29.4423
5773,29.4444
5774,29.5137
5775,29.4281
5776,29.374
5777,29.3612
5778,29.4187
5779,29.3897
5780,29.3962
5781,29.4042
5782,29.4474
5783,29.4487
5784,29.461
5785,29.4141
5786,29.5666
5787,29.4958
5788,29.6007
5789,29.6707
5790,29.5638
5791,29.4876
5792,29.4869
5793,29.5113
5794,29.5075
5795,29.4721
5796,29.5692
5797,29.6294
5798,29.5028
5799,29.6168
5800,29.6126
5801,29.6865
5802,29.6557
5803,29.6645
5804,29.6613
5805,29.7161
5806,29.5954
5807,29.6114
5808,29.6889
5809,29.6741
5810,29.6662
5811,29.6621
5812,29.7063
5813,29.7314
5814,29.6876
5815,29.7045
5816,29.6929
5817,29.6237
5818,29.601
5819,29.6394
5820,29.7223
5821,29.6471
5822,29.6033
5823,29.6127
5824,29.6962
5825,29.6938
5826,29.6661
5827,29.6476
5828,29.7007
5829,29.7
5830,29.5727
5831,29.5517
5832,29.5089
5833,29.5873
5834,29.614
5835,29.4922
5836,29.4514
5837,29.49
5838,29.4721
5839,29.5285
5840,29.5435
5841,29.431
5842,29.4432
5843,29.4099
5844,29.4309
5845,29.5084
5846,29.5543
5847,29.6251
5848,29.5537
5849,29.6094
5850,29.6124
5851,29.5399
5852,29.4917
5853,29.5669
5854,29.6296
5855,29.6408
5856,29.6578
5857,29.5969
5858,29.5809
5859,29.5053
5860,29.5905
5861,29.456
5862,29.423
5863,29.4656
5864,29.3932
5865,29.5617
5866,29.5833
5867,29.6664
5868,29.554
5869,29.5164
5870,29.5454
5871,29.5558
5872,29.6424
5873,29.5832
5874,29.5747
5875,29.6352
5876,29.6035
5877,29.6217
5878,29.6557
5879,29.6639
5880,29.7037
5881,29.6459
5882,29.6398
5883,29.7211
5884,29.666
5885,29.7626
5886,29.7078
5887,29.7114
5888,29.6368
5889,29.6512
5890,29.7409
5891,29.638
5892,29.7303
5893,29.7803
5894,29.7086
5895,29.6319
5896,29.6296
5897,29.5866
5898,29.6679
5899,29.6589
5900,29.6331
5901,29.7551
5902,29.7251
5903,29.6487
5904,29.6859
5905,29.7231
5906,29.7879
5907,29.8559
5908,29.8726
5909,29.6951
5910,29.7037
5911,29.9075
5912,29.8429
5913,29.8442
5914,29.88
5915,29.8452
5916,29.9104
5917,29.8781
5918,29.877
5919,29.7259
5920,29.7946
5921,29.7932
5922,29.7614
5923,29.8237
5924,29.733
5925,29.8102
5926,29.7635
5927,29.9635
5928,29.894
5929,29.9423
5930,29.8784
5931,29.8949
5932,29.8198
5933,29.9092
5934,29.8742
5935,29.7916
5936,29.8762
5937,29.7959
5938,29.8656
5939,29.7012
5940,29.7211
5941,29.7332
5942,29.7279
5943,29.7293
5944,29.6958
5945,29.715
5946,29.7581
5947,29.7285
5948,29.7697
5949,29.7419
5950,29.7371
5951,29.7351
5952,29.7292
5953,29.656
5954,29.6162
5955,29.6139
5956,29.677
5957,29.6565
5958,29.719
5959,29.6698
5960,29.6459
5961,29.6065
5962,29.6791
5963,29.6055
5964,29.5512
5965,29.5814
5966,29.5626
5967,29.7037
5968,29.6074
5969,29.5934
5970,29.6263
5971,29.6139
5972,29.4415
5973,29.4559
5974,29.4487
5975,29.3818
5976,29.5
5977,29.5131
5978,29.4372
5979,29.3614
5980,29.4854
5981,29.4455
5982,29.4537
5983,29.4758
5984,29.4547
5985,29.3633
5986,29.3403
5987,29.4407
5988,29.3778
5989,29.4343
5990,29.4487
5991,29.4703
5992,29.4772
5993,29.3962
5994,29.3565
5995,29.387
5996,29.3653
5997,29.4832
5998,29.4359
5999,29.4749
6000,29.4955
6001,29.4281
6002,29.449
6003,29.4444
6004,29.4458
6005,29.4318
6006,29.3813
6007,29.3255
6008,29.4218
6009,29.3568
6010,29.3879
6011,29.3093
6012,29.374
6013,29.3168
6014,29.3383
6015,29.4229
6016,29.481
6017,29.5057
6018,29.3788
6019,29.4329
6020,29.4515
6021,29.4009
6022,29.4505
6023,29.4718
6024,29.4103
6025,29.4489
6026,29.454
6027,29.4368
6028,29.4373
6029,29.4276
6030,29.3698
6031,29.4136
6032,29.3584
6033,29.4016
6034,29.3999
6035,29.3248
6036,29.3358
6037,29.5643
6038,29.4495
6039,29.4424
6040,29.53
6041,29.3178
6042,29.4071
6043,29.4137
6044,29.4168
6045,29.4594
6046,29.4147
6047,29.4703
6048,29.4143
6049,29.3611
6050,29.3532
6051,29.3063
6052,29.2949
6053,29.5399
6054,29.4647
6055,29.5144
6056,29.5297
6057,29.472
6058,29.4019
6059,29.4311
6060,29.4551
6061,29.416
6062,29.4021
6063,29.3594
6064,29.3667
6065,29.4213
6066,29.402
6067,29.3768
6068,29.3541
6069,29.4505
6070,29.4083
6071,29.4601
6072,29.5014
6073,29.3879
6074,29.3646
6075,29.474
6076,29.4486
6077,29.4842
6078,29.5034
6079,29.4926
6080,29.5358
6081,29.3973
6082,29.4268
6083,29.4831
6084,29.5428
6085,29.4645
6086,29.4308
6087,29.5174
6088,29.4802
6089,29.5604
6090,29.4486
6091,29.4965
6092,29.5816
6093,29.4698
6094,29.4505
6095,29.373
6096,29.4543
6097,29.3588
6098,29.4397
6099,29.4741
6100,29.482
6101,29.5136
6102,29.4914
6103,29.4854
6104,29.4881
6105,29.4694
6106,29.4976
6107,29.4969
6108,29.5641
6109,29.4947
6110,29.4785
6111,29.6023
6112,29.4598
6113,29.483
6114,29.4822
6115,29.5781
6116,29.4739
6117,29.5181
6118,29.4768
6119,29.4432
6120,29.5181
6121,29.5014
6122,29.5139
6123,29.4925
6124,29.4524
6125,29.4277
6126,29.459
6127,29.4892
6128,29.4726
6129,29.5013
6130,29.4944
6131,29.4237
6132,29.5184
6133,29.4822
6134,29.4856
6135,29.4724
6136,29.4931
6137,29.4348
6138,29.5294
6139,29.475
6140,29.385
6141,29.4173
6142,29.435
6143,29.3694
6144,29.3609
6145,29.3765
6146,29.3833
6147,29.3026
6148,29.4037
6149,29.4627
6150,29.4927
6151,29.4806
6152,29.4156
6153,29.4464
6154,29.2603
6155,29.394
6156,29.4001
6157,29.4629
6158,29.3667
6159,29.3832
6160,29.4508
6161,29.44
6162,29.4438
6163,29.3525
6164,29.3699
6165,29.4525
6166,29.4506
6167,29.4364
6168,29.3641
6169,29.3459
6170,29.3685
6171,29.3848
6172,29.3136
6173,29.3941
6174,29.3518
6175,29.3753
6176,29.3496
6177,29.4217
6178,29.3283
6179,29.3293
6180,29.2512
6181,29.2519
6182,29.2453
6183,29.3533
6184,29.2624
6185,29.2837
6186,29.4076
6187,29.3766
6188,29.3726
6189,29.3929
6190,29.2822
6191,29.3388
6192,29.2923
6193,29.3298
6194,29.4364
6195,29.4173
6196,29.3468
6197,29.347
6198,29.3424
6199,29.4261
6200,29.3957
6201,29.4257
6202,29.4448
6203,29.4048
6204,29.4474
6205,29.5348
6206,29.5231
6207,29.5273
6208,29.4864
6209,29.5573
6210,29.363
6211,29.4552
6212,29.3969
6213,29.4824
6214,29.4354
6215,29.4729
6216,29.386
6217,29.4513
6218,29.4741
6219,29.4666
6220,29.4659
6221,29.4576
6222,29.5025
6223,29.5967
6224,29.5602
6225,29.4874
6226,29.5197
6227,29.4705
6228,29.6508
6229,29.58
6230,29.5856
6231,29.5433
6232,29.5166
6233,29.4978
6234,29.4592
6235,29.5556
6236,29.5054
6237,29.5759
6238,29.5204
6239,29.5353
6240,29.5269
6241,29.5317
6242,29.552
6243,29.5234
6244,29.4853
6245,29.5895
6246,29.494
6247,29.544
6248,29.65
6249,29.5531
6250,29.5531
6251,29.484
6252,29.4831
6253,29.5195
6254,29.5498
6255,29.6081
6256,29.5706
6257,29.4981
6258,29.4672
6259,29.4741
6260,29.3445
6261,29.5135
6262,29.4856
6263,29.3719
6264,29.3854
6265,29.3841
6266,29.3619
6267,29.3821
6268,29.425
6269,29.3955
6270,29.4334
6271,29.4874
6272,29.4503
6273,29.3779
6274,29.4624
6275,29.5061
6276,29.4396
6277,29.4787
6278,29.4764
6279,29.468
6280,29.3541
6281,29.3831
6282,29.3095
6283,29.3736
6284,29.4028
6285,29.2981
6286,29.233
6287,29.2757
6288,29.2844
6289,29.3077
6290,29.4369
6291,29.4309
6292,29.4309
6293,29.5022
6294,29.4449
6295,29.4747
6296,29.4419
6297,29.4036
6298,29.4927
6299,29.4915
6300,29.4541
6301,29.3429
6302,29.37
6303,29.4001
6304,29.3663
6305,29.4346
6306,29.32
6307,29.429
6308,29.3687
6309,29.3414
6310,29.3519
6311,29.3678
6312,29.3813
6313,29.4284
6314,29.5459
6315,29.5256
6316,29.5309
6317,29.5128
6318,29.3531
6319,29.3038
6320,29.4125
6321,29.387
6322,29.337
6323,29.4489
6324,29.3935
6325,29.3638
6326,29.487
6327,29.5282
6328,29.5117
6329,29.4075
6330,29.4122
6331,29.3913
6332,29.4063
6333,29.3275
6334,29.4485
6335,29.3958
6336,29.4251
6337,29.5576
6338,29.4029
6339,29.4037
6340,29.4154
6341,29.2895
6342,29.4019
6343,29.4166
6344,29.4251
6345,29.4175
6346,29.4907
6347,29.473
6348,29.4725
6349,29.4672
6350,29.4081
6351,29.4568
6352,29.4276
6353,29.4693
6354,29.4717
6355,29.3823
6356,29.4477
6357,29.4511
6358,29.4825
6359,29.4397
6360,29.4762
6361,29.5427
6362,29.5125
6363,29.4942
6364,29.4464
6365,29.3854
6366,29.5359
6367,29.3909
6368,28.5337
6369,29.3643
6370,29.4811
6371,28.4736
6372,28.5435
6373,28.5299
6374,28.5675
6375,28.4839
6376,28.4023
6377,29.3407
6378,29.3079
6379,29.3751
6380,29.3849
6381,28.5573
6382,28.5537
6383,29.3968
6384,28.544
6385,29.4385
6386,29.5544
6387,29.5344
6388,28.5392
6389,29.4359
6390,28.5266
6391,29.4216
6392,29.4173
6393,28.5391
6394,29.3551
6395,29.3477
6396,29.3643
6397,29.3717
6398,29.2562
6399,28.3943
6400,28.3387
6401,28.2269
6402,28.3785
6403,28.3295
6404,28.3748
6405,28.4285
6406,28.3244
6407,28.4528
6408,28.5126
6409,28.4314
6410,28.2648
6411,28.2896
6412,28.4054
6413,28.3495
6414,29.2209
6415,28.2754
6416,28.3686
6417,29.2428
6418,29.3003
6419,28.3801
6420,28.4006
6421,28.4265
6422,28.4078
6423,29.2321
6424,28.4132
6425,28.3886
6426,28.4194
6427,29.3501
6428,28.4488
6429,29.2898
6430,28.3082
6431,28.3101
6432,28.4334
6433,28.3889
6434,28.5029
6435,28.4864
6436,28.4469
6437,29.378
6438,28.424
6439,29.4833
6440,28.4296
6441,28.4049
6442,29.3137
6443,29.3323
6444,29.3546
6445,29.4165
6446,29.3864
6447,29.4497
6448,29.4371
6449,29.3709
6450,29.4534
6451,29.4674
6452,29.4478
6453,29.3648
6454,29.4396
6455,29.4154
6456,29.4558
6457,29.3539
6458,29.4459
6459,29.4995
6460,29.4011
6461,29.3233
6462,29.3373
6463,29.3045
6464,29.2901
6465,29.2685
6466,29.3924
6467,29.4153
6468,29.3404
6469,29.3994
6470,29.3706
6471,29.3632
6472,29.3634
6473,29.3324
6474,29.3267
6475,29.414
6476,29.4153
6477,29.3144
6478,29.3795
6479,29.3859
6480,29.3974
6481,29.3525
6482,29.3392
6483,29.3659
6484,29.4117
6485,29.2692
6486,29.2135
6487,29.3181
6488,29.3861
6489,29.3313
6490,29.428
6491,29.5534
6492,29.4535
6493,29.4378
6494,29.4842
6495,29.476
6496,29.4517
6497,29.4667
6498,29.464
6499,29.4159
6500,29.5321
6501,29.4228
6502,29.3177
6503,29.4636
6504,29.5824
6505,29.4583
6506,29.4128
6507,29.4353
6508,29.4811
6509,29.5019
6510,29.5319
6511,29.4956
6512,29.4894
6513,29.4466
6514,29.4968
6515,29.4695
6516,29.5747
6517,29.4052
6518,29.5292
6519,29.5355
6520,29.5713
6521,29.5828
6522,29.4779
6523,29.5235
6524,29.5569
6525,29.5172
6526,29.5265
6527,29.3575
6528,29.3754
6529,29.4831
6530,29.4332
6531,29.4426
6532,29.4591
6533,29.4228
6534,29.4454
6535,29.34
6536,29.4768
6537,29.4967
6538,29.4465
6539,29.6148
6540,29.603
6541,29.4698
6542,29.4123
6543,29.3755
6544,29.5637
6545,29.5048
6546,29.6884
6547,29.5494
6548,29.5086
6549,29.5173
6550,29.6007
6551,29.5736
6552,29.6076
6553,29.5888
6554,29.5531
6555,29.5622
6556,29.5099
6557,29.4939
6558,29.5344
6559,29.552
6560,29.4331
6561,29.5134
6562,29.5708
6563,29.604
6564,29.6306
6565,29.5941
6566,29.4678
6567,29.5404
6568,29.5575
6569,29.4791
6570,29.4546
6571,29.479
6572,29.4648
6573,29.4216
6574,29.4748
6575,29.5331
6576,29.5804
6577,29.5235
6578,29.627
6579,29.516
6580,29.5135
6581,29.4819
6582,29.4038
6583,29.4674
6584,29.4297
6585,29.4425
6586,29.5
6587,29.5221
6588,29.476
6589,29.6171
6590,29.5899
6591,29.5285
6592,29.4492
6593,29.4958
6594,29.5463
6595,29.568
6596,29.6218
6597,29.6303
6598,29.5023
6599,29.5811
6600,29.5281
6601,29.6797
6602,29.557
6603,29.5651
6604,29.568
6605,29.559
6606,29.5291
6607,29.5738
6608,29.6171
6609,29.5291
6610,29.573
6611,29.6117
6612,29.5579
6613,29.4826
6614,29.5012
6615,29.4518
6616,29.5271
6617,29.4942
6618,29.5713
6619,29.5856
6620,29.5483
6621,29.6742
6622,29.5659
6623,29.6364
6624,29.6242
6625,29.6149
6626,29.5705
6627,29.5852
6628,29.5793
6629,29.5173
6630,29.5565
6631,29.573
6632,29.4928
6633,29.5719
6634,29.5437
6635,29.4902
6636,29.44
6637,29.4808
6638,29.5717
6639,29.6373
6640,29.5584
6641,29.5368
6642,29.5076
6643,29.5274
6644,29.6418
6645,29.4724
6646,29.5617
6647,29.5608
6648,29.5088
6649,28.697
6650,29.4884
6651,28.7171
6652,28.787
6653,28.7357
6654,28.7093
6655,28.8192
6656,28.6633
6657,28.676
6658,28.6481
6659,28.6354
6660,28.6416
6661,28.5616
6662,28.5395
6663,28.6032
6664,28.5628
6665,28.6659
6666,29.5068
6667,28.6523
6668,28.5756
6669,28.6233
6670,28.614
6671,29.5263
6672,29.5231
6673,29.523
6674,28.6694
6675,28.6642
6676,28.5611
6677,28.5821
6678,28.5336
6679,28.5375
6680,28.5496
6681,28.5439
6682,28.518
6683,28.4945
6684,28.5728
6685,28.495
6686,28.5014
6687,28.5496
6688,28.5947
6689,28.5903
6690,28.553
6691,28.5491
6692,28.4728
6693,28.5607
6694,29.34
6695,28.467
6696,28.5689
6697,28.5386
6698,28.5361
6699,28.5696
6700,28.6013
6701,28.4355
6702,28.506
6703,28.525
6704,28.4863
6705,28.4042
6706,28.4947
6707,28.5014
6708,28.5115
6709,28.5404
6710,28.5529
6711,28.5635
6712,28.489
6713,28.4695
6714,28.501
6715,28.4067
6716,28.4965
6717,29.3332
6718,28.4552
6719,28.4099
6720,28.4379
6721,28.3559
6722,29.4081
6723,29.3598
6724,29.3028
6725,29.3034
6726,29.3318
6727,28.4343
6728,28.4305
6729,28.5182
6730,28.5767
6731,28.5527
6732,28.4669
6733,28.4489
6734,28.5815
6735,28.5917
6736,28.4994
6737,28.4959
6738,28.6642
6739,28.5436
6740,28.4304
6741,28.4631
6742,28.5111
6743,28.4977
6744,28.582
6745,28.5232
6746,28.5466
6747,28.6196
6748,28.5238
6749,28.5682
6750,29.5603
6751,28.5548
6752,28.6093
6753,28.5978
6754,29.4276
6755,28.6651
6756,29.3907
6757,29.4795
6758,29.3966
6759,29.3626
6760,29.4063
6761,29.341
6762,29.3821
6763,29.3915
6764,29.3443
6765,29.28
6766,29.2856
6767,29.2796
6768,29.3261
6769,29.3334
6770,29.3155
6771,29.4057
6772,29.371
6773,29.3097
6774,29.4041
6775,29.4364
6776,29.4222
6777,29.2987
6778,29.4109
6779,29.3089
6780,29.3387
6781,29.3054
6782,29.3552
6783,29.402
6784,29.3798
6785,29.3927
6786,29.4768
6787,29.3903
6788,29.4806
6789,29.3101
6790,29.3687
6791,29.4526
6792,29.4079
6793,29.4183
6794,29.4917
6795,29.4927
6796,29.4393
6797,29.4703
6798,29.5262
6799,29.414
6800,29.4833
6801,29.4285
6802,29.5137
6803,29.4712
6804,29.4362
6805,29.5072
6806,29.5365
6807,29.5238
6808,29.5647
6809,29.612
6810,29.5718
6811,29.3753
6812,29.3925
6813,29.3306
6814,29.4625
6815,29.4673
6816,29.3366
6817,29.4096
6818,29.5265
6819,29.4278
6820,29.386
6821,29.4172
6822,29.4456
6823,29.4479
6824,29.419
6825,29.4359
6826,29.3962
6827,29.5017
6828,29.4441
6829,29.4259
6830,29.4178
6831,29.5105
6832,29.4808
6833,29.444
6834,29.3633
6835,29.4208
6836,29.3617
6837,29.4719
6838,29.5368
6839,29.4203
6840,29.4996
6841,29.453
6842,29.5034
6843,29.4627
6844,29.3922
6845,29.4851
6846,29.518
6847,29.4906
6848,29.4927
6849,29.4631
6850,29.4281
6851,29.4365
6852,29.397
6853,29.3492
6854,29.3796
6855,29.4271
6856,29.5246
6857,29.5527
6858,29.4386
6859,29.498
6860,29.5127
6861,29.4815
6862,29.5018
6863,29.5443
6864,29.5827
6865,29.5922
6866,29.5867
6867,29.4249
6868,29.4698
6869,29.4951
6870,29.5227
6871,29.4296
6872,29.5212
6873,29.5681
6874,29.5397
6875,29.496
6876,29.3716
6877,29.4318
6878,29.5041
6879,29.4982
6880,29.5946
6881,29.4791
6882,29.6033
6883,29.5817
6884,29.6022
6885,29.5276
6886,29.5115
6887,29.5472
6888,29.4428
6889,29.3837
6890,29.4052
6891,29.5464
6892,29.4719
6893,29.439
6894,29.4399
6895,29.6523
6896,29.5862
6897,29.6121
6898,29.5848
6899,29.698
6900,29.6731
6901,29.7211
6902,29.7715
6903,29.6691
6904,29.7091
6905,29.7065
6906,29.6011
6907,29.5986
6908,29.5791
6909,29.6319
6910,29.6484
6911,29.538
6912,29.6247
6913,29.5905
6914,29.5255
6915,29.4933
6916,29.4855
6917,29.6394
6918,29.6198
6919,29.4869
6920,29.4707
6921,29.4784
6922,29.6107
6923,29.5715
6924,29.6061
6925,29.6286
6926,29.588
6927,29.6368
6928,29.5749
6929,29.5227
6930,29.5631
6931,29.5621
6932,29.476
6933,29.5189
6934,29.5074
6935,29.4248
6936,29.5238
6937,29.5672
6938,29.4865
6939,29.4874
6940,29.5206
6941,29.555
6942,29.3641
6943,29.4061
6944,29.4536
6945,29.4694
6946,29.5713
6947,29.5111
6948,29.4881
6949,29.4448
6950,29.4079
6951,29.4701
6952,29.4605
6953,29.4471
6954,29.5173
6955,29.5019
6956,29.4769
6957,29.5095
6958,29.4581
6959,29.4581
6960,29.4059
6961,29.3906
6962,29.4204
6963,29.4871
6964,29.4799
6965,29.4684
6966,29.4599
6967,29.416
6968,29.4627
6969,29.5028
6970,29.4812
6971,29.5349
6972,29.5318
6973,29.5544
6974,29.5841
6975,29.5369
6976,29.5571
6977,29.4303
6978,29.4768
6979,29.5145
6980,29.4797
6981,29.5203
6982,29.4216
6983,29.5531
6984,29.642
6985,29.4743
6986,29.4259
6987,29.3348
6988,29.3312
6989,29.3506
6990,29.3467
6991,29.4646
6992,29.3502
6993,29.3659
6994,29.3969
6995,29.3293
6996,29.2854
6997,29.4193
6998,29.2981
6999,29.3725
7000,29.231
7001,29.2903
7002,29.3572
7003,29.3591
7004,29.4249
7005,29.442
7006,29.4016
7007,29.5541
7008,29.5619
7009,29.4782
7010,29.4615
7011,29.3861
7012,29.2694
7013,29.3856
7014,29.3981
7015,29.4179
7016,29.4774
7017,29.4176
7018,29.509
7019,29.5631
7020,29.4467
7021,29.3938
7022,29.4451
7023,29.4819
7024,29.5135
7025,29.5533
7026,29.4894
7027,29.4713
7028,29.4721
7029,29.4798
7030,29.5148
7031,29.6517
7032,29.6585
7033,29.5844
7034,29.6481
7035,29.6363
7036,29.6222
7037,29.5636
7038,29.6618
7039,29.5913
7040,29.6246
7041,29.5336
7042,29.6455
7043,29.5967
7044,29.5925
7045,29.6178
7046,29.6407
7047,29.5185
7048,29.5832
7049,29.6261
7050,29.5623
7051,29.5108
7052,29.5152
7053,29.5996
7054,29.5899
7055,29.6349
7056,29.6002
7057,29.5556
7058,29.5634
7059,29.4578
7060,29.4114
7061,29.4123
7062,29.4587
7063,29.4116
7064,29.4754
7065,29.5738
7066,29.5371
7067,29.5177
7068,29.4754
7069,29.397
7070,29.5421
7071,29.5129
7072,29.4937
7073,29.4877
7074,29.4358
7075,29.5701
7076,29.5052
7077,29.5311
7078,29.4476
7079,29.4168
7080,29.3743
7081,29.5352
7082,29.46
7083,29.4535
7084,29.4177
7085,29.4416
7086,29.4642
7087,29.4432
7088,29.4981
7089,29.5816
7090,29.5464
7091,29.613
7092,29.5655
7093,29.4471
7094,29.5869
7095,29.6066
7096,29.4822
7097,29.4833
7098,29.5401
7099,29.5014
7100,29.4548
7101,29.4156
7102,29.5034
7103,29.5257
7104,29.5535
7105,29.5934
7106,29.5029
7107,29.6218
7108,29.4447
7109,29.4717
7110,29.3553
7111,29.3795
7112,29.424
7113,29.2234
7114,29.3542
7115,29.4852
7116,29.4265
7117,29.4164
7118,29.4756
7119,29.291
7120,29.365
7121,29.4651
7122,29.3708
7123,29.4003
7124,29.375
7125,29.3474
7126,29.4172
7127,29.4195
7128,29.4209
7129,29.4993
7130,29.4191
7131,29.5356
7132,29.6225
7133,29.6258
7134,29.5337
7135,29.635
7136,29.6048
7137,29.6296
7138,29.5141
7139,29.558
7140,29.6165
7141,29.7158
7142,29.6727
7143,29.7255
7144,29.7315
7145,29.6159
7146,28.761
7147,29.499
7148,28.6781
7149,28.7583
7150,28.7374
7151,28.6362
7152,28.7708
7153,29.6547
7154,28.8125
7155,28.7971
7156,28.8929
7157,28.759
7158,29.5605
7159,29.5629
7160,29.6574
7161,29.6514
7162,29.5763
7163,29.6288
7164,29.5508
7165,29.6621
7166,29.5752
7167,29.5672
7168,29.6468
7169,28.8389
7170,29.5715
7171,29.6294
7172,28.7545
7173,29.632
7174,29.7286
7175,29.5942
7176,29.4817
7177,29.6166
7178,29.6638
7179,29.6278
7180,29.5745
7181,29.5152
7182,29.6039
7183,29.5072
7184,29.5491
7185,29.6324
7186,29.751
7187,29.62
7188,29.6037
7189,29.5746
7190,29.6173
7191,29.5921
7192,29.6733
7193,29.6892
7194,29.7038
7195,29.6728
7196,29.6734
7197,29.642
7198,29.6199
7199,29.5638
7200,29.5096
7201,29.5193
7202,29.725
7203,29.6284
7204,29.5757
7205,29.5507
7206,29.567
7207,29.5291
7208,29.5254
7209,29.5802
7210,29.5444
7211,29.5145
7212,29.6259
7213,29.5831
7214,29.5949
7215,29.523
7216,29.4842
7217,29.4391
7218,29.4381
7219,29.4942
7220,29.6072
7221,29.4936
7222,29.4787
7223,29.5642
7224,29.5924
7225,29.6031
7226,29.6824
7227,29.6488
7228,29.6115
7229,29.603
7230,29.5872
7231,29.5991
7232,29.5637
7233,29.5545
7234,29.551
7235,29.6537
7236,29.6754
7237,29.6983
7238,29.643
7239,29.674
7240,29.6555
7241,29.6122
7242,29.7548
7243,29.7738
7244,29.5802
7245,29.6862
7246,29.7039
7247,29.7691
7248,29.6756
7249,29.6356
7250,29.6547
7251,29.662
7252,29.675
7253,29.6431
7254,29.6859
7255,29.6289
7256,29.6723
7257,29.6095
7258,29.6833
7259,29.6344
7260,29.6186
7261,29.5849
7262,29.6159
7263,29.6478
7264,29.595
7265,29.5946
7266,29.6427
7267,29.5571
7268,29.7264
7269,29.7374
7270,29.6922
7271,29.6145
7272,29.7428
7273,29.6409
7274,29.6782
7275,29.6816
7276,29.5419
7277,29.7459
7278,29.6791
7279,29.7214
7280,29.7821
7281,29.7639
7282,29.6299
7283,29.652
7284,29.6845
7285,29.5713
7286,29.7137
7287,29.7525
7288,29.6954
7289,29.6811
7290,29.7187
7291,29.6451
7292,29.638
7293,29.5665
7294,29.59
7295,29.6041
7296,29.5136
7297,29.5933
7298,29.5995
7299,29.5759
7300,29.676
7301,29.6678
7302,29.6851
7303,29.588
7304,29.5759
7305,29.7298
7306,29.6568
7307,29.667
7308,29.6723
7309,29.6148
7310,29.6223
7311,29.5621
7312,29.5807
7313,29.5234
7314,29.5839
7315,29.6253
7316,29.628
7317,29.5383
7318,29.5513
7319,29.6752
7320,29.5225
7321,29.5375
7322,29.5841
7323,29.6235
7324,29.5603
7325,29.7042
7326,29.565
7327,29.5219
7328,29.6482
7329,29.6527
7330,29.6934
7331,29.6595
7332,29.6191
7333,29.7082
7334,29.7472
7335,29.666
7336,29.5915
7337,29.665
7338,29.5925
7339,29.6329
7340,29.8007
7341,29.7106
7342,29.6767
7343,29.6423
7344,29.7104
7345,29.6551
7346,29.6292
7347,29.6851
7348,29.5969
7349,29.6584
7350,29.6759
7351,29.6518
7352,29.5479
7353,29.6016
7354,29.6073
7355,29.5875
7356,29.6187
7357,29.6111
7358,29.6303
7359,29.6236
7360,29.5985
7361,29.7275
7362,29.655
7363,29.6894
7364,29.6525
7365,29.6819
7366,29.6532
7367,29.6353
7368,29.5811
7369,29.6267
7370,29.6294
7371,29.5454
7372,29.6243
7373,29.6479
7374,29.7444
7375,29.6477
7376,29.5606
7377,29.6799
7378,29.6772
7379,29.6846
7380,29.6477
7381,29.6064
7382,29.6797
7383,29.6794
7384,29.6593
7385,29.7481
7386,29.5785
7387,29.7255
7388,29.6649
7389,29.6258
7390,29.6629
7391,29.6653
7392,29.6462
7393,29.5512
7394,29.5463
7395,29.6911
7396,29.6347
7397,29.6403
7398,29.7211
7399,29.6393
7400,29.6554
7401,29.4872
7402,29.5548
7403,29.5164
7404,29.663
7405,29.6541
7406,29.6636
7407,29.7442
7408,29.6336
7409,29.7221
7410,29.6898
7411,29.8026
7412,29.6549
7413,29.5767
7414,29.701
7415,29.7349
7416,29.682
7417,29.7173
7418,29.6489
7419,29.7531
7420,29.5915
7421,29.5907
7422,29.6802
7423,29.6976
7424,29.6357
7425,29.6134
7426,29.6972
7427,29.7646
7428,29.7707
7429,29.6589
7430,29.7035
7431,29.7065
7432,29.7429
7433,29.6408
7434,29.6833
7435,29.6705
7436,29.626
7437,29.5279
7438,29.5625
7439,29.6052
7440,29.6524
7441,29.6688
7442,29.6589
7443,29.6514
7444,29.6244
7445,29.567
7446,29.6386
7447,29.6355
7448,29.6113
7449,29.6068
7450,29.5628
7451,29.6847
7452,29.5502
7453,29.5922
7454,29.6873
7455,29.6917
7456,29.5931
7457,29.6951
7458,29.7455
7459,29.6764
7460,29.6783
7461,29.612
7462,29.5463
7463,29.651
7464,29.7044
7465,29.6111
7466,29.6351
7467,29.6931
7468,29.6032
7469,29.6673
7470,29.5803
7471,29.5292
7472,29.5947
7473,29.5932
7474,29.5185
7475,29.5137
7476,29.6245
7477,29.5429
7478,29.5859
7479,29.6252
7480,29.6737
7481,29.7567
7482,29.7332
7483,29.7919
7484,29.7123
7485,29.6371
7486,29.5579
7487,29.7809
7488,29.7374
7489,29.7051
7490,29.6667
7491,29.6447
7492,29.6246
7493,29.6313
7494,29.5968
7495,29.6082
7496,29.6758
7497,29.5871
7498,29.4634
7499,29.5482
7500,29.5143
7501,29.5971
7502,29.6479
7503,29.5894
7504,29.598
7505,29.6534
7506,29.5734
7507,29.4734
7508,29.4873
7509,29.5076
7510,29.3799
7511,29.4508
7512,29.5969
7513,29.5594
7514,29.5165
7515,29.4634
7516,29.487
7517,29.5407
7518,29.4271
7519,29.4893
7520,29.5208
7521,29.4944
7522,29.4959
7523,29.5363
7524,29.5991
7525,29.592
7526,29.5701
7527,29.5329
7528,29.4622
7529,29.5878
7530,29.5828
7531,29.579
7532,29.6044
7533,29.5894
7534,29.5939
7535,29.5422
7536,29.4761
7537,29.3831
7538,29.5236
7539,29.5225
7540,29.5113
7541,29.6
7542,29.5166
7543,29.5505
7544,29.6051
7545,29.5253
7546,29.561
7547,29.5925
7548,29.5972
7549,29.5423
7550,29.5163
7551,29.5127
7552,29.4599
7553,29.5045
7554,29.4368
7555,29.5266
7556,29.5115
7557,29.5539
7558,29.4793
7559,29.5057
7560,29.5478
7561,29.4436
7562,29.5257
7563,29.5443
7564,29.5353
7565,29.6298
7566,29.5586
7567,29.5824
7568,29.5305
7569,29.5106
7570,29.5619
7571,29.5492
7572,29.7072
7573,29.7614
7574,29.642
7575,29.6391
7576,29.6413
7577,29.6267
7578,29.4793
7579,29.5366
7580,29.5954
7581,29.4903
7582,29.5157
7583,29.4601
7584,29.4912
7585,29.5301
7586,29.4967
7587,29.5861
7588,29.5887
7589,29.5806
7590,29.6314
7591,29.5932
7592,29.4741
7593,29.5093
7594,29.5316
7595,29.567
7596,29.5154
7597,29.5671
7598,29.5666
7599,29.6258
7600,29.4933
7601,29.5182
7602,29.5125
7603,29.5969
7604,29.6135
7605,29.5783
7606,29.4609
7607,29.3663
7608,29.4626
7609,29.4723
7610,29.4339
7611,28.6191
7612,29.4704
7613,28.6017
7614,29.4862
7615,29.4785
7616,28.5974
7617,29.4003
7618,29.3274
7619,29.4191
7620,29.3966
7621,29.4829
7622,29.4322
7623,29.4802
7624,29.4845
7625,29.4089
7626,29.435
7627,29.443
7628,29.5681
7629,29.3813
7630,29.4749
7631,29.4535
7632,29.5239
7633,29.3898
7634,29.3561
7635,29.3625
7636,29.4734
7637,29.4077
7638,29.4403
7639,29.4305
7640,29.5322
7641,29.4396
7642,29.5268
7643,29.5167
7644,29.3965
7645,29.4719
7646,29.5739
7647,29.5575
7648,29.5426
7649,29.5077
7650,29.7296
7651,29.6333
7652,29.5256
7653,29.5571
7654,29.5706
7655,29.461
7656,29.4972
7657,29.6208
7658,29.6149
7659,29.4634
7660,29.484
7661,29.4083
7662,29.4926
7663,29.5588
7664,29.5174
7665,29.458
7666,29.5887
7667,29.5324
7668,29.4725
7669,29.5275
7670,29.656
7671,29.5637
7672,29.6733
7673,29.5517
7674,29.6779
7675,29.614
7676,29.5942
7677,29.5614
7678,29.5944
7679,29.5687
7680,29.4657
7681,29.5357
7682,29.4767
7683,29.4465
7684,29.364
7685,29.4069
7686,29.474
7687,29.4353
7688,29.5197
7689,29.5603
7690,29.511
7691,29.5538
7692,29.5441
7693,29.5048
7694,29.4631
7695,29.401
7696,29.3115
7697,29.3279
7698,29.4522
7699,29.4453
7700,29.4969
7701,29.4358
7702,29.517
7703,29.5695
7704,29.5808
7705,29.5812
7706,29.5798
7707,29.5733
7708,29.4397
7709,29.4868
7710,29.4047
7711,29.4504
7712,29.4758
7713,29.3799
7714,29.3518
7715,29.3917
7716,29.5159
7717,29.5075
7718,29.4662
7719,29.5842
7720,29.632
7721,29.5001
7722,29.5471
7723,29.5816
7724,29.5652
7725,29.6431
7726,29.6152
7727,29.5383
7728,29.621
7729,29.6088
7730,29.5947
7731,29.5895
7732,29.5553
7733,29.6058
7734,29.613
7735,29.5187
7736,29.659
7737,29.485
7738,29.5694
7739,29.5373
7740,29.3659
7741,29.6144
7742,29.6386
7743,29.6027
7744,29.5541
7745,29.7111
7746,29.6793
7747,29.6841
7748,29.7401
7749,29.6468
7750,29.7073
7751,29.541
7752,29.6679
7753,29.7136
7754,29.692
7755,29.6236
7756,29.6177
7757,29.6016
7758,29.5944
7759,29.5435
7760,29.5859
7761,29.6056
7762,29.5647
7763,29.6641
7764,29.675
7765,29.6477
7766,29.5551
7767,29.536
7768,29.5529
7769,29.5498
7770,29.6482
7771,29.5074
7772,29.4611
7773,29.5202
7774,29.5143
7775,29.5622
7776,29.4644
7777,29.6037
7778,29.6719
7779,29.7261
7780,29.6453
7781,29.5779
7782,29.5854
7783,29.5862
7784,29.5769
7785,29.5506
7786,29.559
7787,29.5676
7788,29.7048
7789,29.655
7790,29.7212
7791,29.7397
7792,29.6864
7793,29.6257
7794,29.6953
7795,29.6481
7796,29.5388
7797,29.5179
7798,29.5263
7799,29.5208
7800,29.5738
7801,29.4818
7802,29.411
7803,29.4825
7804,29.4576
7805,29.5141
7806,29.5481
7807,29.4564
7808,29.3898
7809,29.532
7810,29.554
7811,29.5986
7812,29.6201
7813,29.5495
7814,29.537
7815,29.5464
7816,29.5194
7817,29.5833
7818,29.4815
7819,28.6236
7820,29.6125
7821,29.5796
7822,29.5671
7823,29.7502
7824,29.6539
7825,29.626
7826,29.4773
7827,29.598
7828,29.5792
7829,29.6125
7830,29.5348
7831,29.4786
7832,29.4985
7833,29.626
7834,29.5837
7835,29.6867
7836,29.7025
7837,29.7798
7838,29.6932
7839,29.7697
7840,29.6795
7841,29.7712
7842,29.8098
7843,29.6286
7844,29.6637
7845,29.6257
7846,29.753
7847,29.7694
7848,29.6999
7849,29.6764
7850,29.6765
7851,29.6361
7852,29.7967
7853,29.6893
7854,29.6961
7855,29.6269
7856,29.6224
7857,29.6514
7858,29.5743
7859,29.7319
7860,29.54
7861,29.6252
7862,29.7268
7863,28.6749
7864,28.6616
7865,29.6938
7866,29.724
7867,29.7222
7868,29.6633
7869,29.7091
7870,29.6763
7871,29.7259
7872,29.745
7873,29.7881
7874,29.7
7875,29.658
7876,29.6406
7877,29.6101
7878,29.6148
7879,29.5546
7880,29.6819
7881,29.6865
7882,29.7729
7883,29.7876
7884,29.6998
7885,29.6487
7886,29.7292
7887,29.7817
7888,29.7632
7889,29.766
7890,29.8028
7891,28.7667
7892,29.785
7893,29.6602
7894,28.7749
7895,29.8412
7896,29.7546
7897,28.6692
7898,29.6446
7899,29.5971
7900,29.609
7901,29.6878
7902,29.7347
7903,29.677
7904,29.649
7905,29.7032
7906,29.6241
7907,29.5732
7908,29.6021
7909,29.6229
7910,29.5425
7911,29.6792
7912,29.645
7913,29.734
7914,29.6865
7915,29.6381
7916,29.6036
7917,29.6822
7918,29.7086
7919,29.6709
7920,29.7324
7921,29.6309
7922,29.6605
7923,29.6139
7924,29.5913
7925,29.6502
7926,29.6722
7927,29.6801
7928,29.6839
7929,28.6192
7930,28.5287
7931,28.6182
7932,29.6887
7933,29.7735
7934,29.6522
7935,29.6785
7936,29.646
7937,29.6665
7938,29.6404
7939,29.6193
7940,29.5776
7941,29.645
7942,29.6221
7943,29.6023
7944,29.5603
7945,29.5734
7946,29.6244
7947,29.7154
7948,29.593
7949,29.6148
7950,29.5982
7951,28.6333
7952,28.7103
7953,28.7502
7954,28.6915
7955,28.5764
7956,28.6026
7957,28.5669
7958,28.6553
7959,28.6476
7960,28.4678
7961,28.5708
7962,28.6093
7963,28.65
7964,28.5153
7965,29.5617
7966,28.692
7967,28.6045
7968,28.4295
7969,28.4555
7970,29.5457
7971,29.7149
7972,29.6238
7973,29.7331
7974,29.7386
7975,29.6434
7976,29.6803
7977,29.6118
7978,29.5519
7979,29.7127
7980,29.6428
7981,29.5803
7982,28.7229
7983,28.7299
7984,29.7765
7985,29.6889
7986,29.7126
7987,29.7695
7988,29.7573
7989,28.8163
7990,29.7731
7991,29.755
7992,29.6532
7993,29.6736
7994,29.6607
7995,29.6136
7996,29.5816
7997,29.7033
7998,29.6109
7999,29.574
8000,29.6277
8001,29.5604
8002,29.5351
8003,29.6079
8004,29.5975
8005,29.5391
8006,29.5635
8007,29.6923
8008,29.6293
8009,29.6536
8010,29.6311
8011,29.7621
8012,29.7243
8013,29.6954
8014,29.6344
8015,29.6918
8016,28.6857
8017,28.7667
8018,28.8072
8019,28.752
8020,28.5999
8021,28.7295
8022,28.7576
8023,29.6848
8024,29.6815
8025,29.8114
8026,29.7932
8027,29.7124
8028,29.746
8029,29.7171
8030,29.5883
8031,29.6247
8032,29.6408
8033,29.5885
8034,29.6311
8035,29.5856
8036,29.6103
8037,29.6954
8038,29.5575
8039,29.6209
8040,29.5331
8041,29.574
8042,29.6025
8043,29.5158
8044,29.653
8045,29.6053
8046,29.7101
8047,29.6032
8048,29.6395
8049,29.5316
8050,29.6526
8051,29.6009
8052,29.6463
8053,29.6961
8054,29.5795
8055,29.5507
8056,29.6329
8057,29.5831
8058,29.6704
8059,29.5642
8060,29.5931
8061,29.5277
8062,29.5564
8063,29.5075
8064,29.575
8065,29.6595
8066,29.6321
8067,29.5789
8068,29.7375
8069,29.6684
8070,29.6678
8071,29.7185
8072,29.7528
8073,29.7262
8074,28.6707
8075,28.7962
8076,29.7312
8077,29.7909
8078,28.6605
8079,28.7994
8080,28.8311
8081,28.7874
8082,29.5992
8083,28.6474
8084,29.6665
8085,28.6951
8086,28.7105
8087,29.6819
8088,28.835
8089,28.8629
8090,28.786
8091,28.7647
8092,28.8355
8093,28.7275
8094,29.6467
8095,28.7673
8096,28.778
8097,29.8376
8098,29.8103
8099,28.9828
8100,28.9845
8101,29.6823
8102,29.7917
8103,29.7968
8104,28.7764
8105,28.8359
8106,28.7749
8107,28.8121
8108,28.757
8109,28.7076
8110,28.7842
8111,28.787
8112,28.8013
8113,28.7506
8114,29.6672
8115,28.6778
8116,29.6729
8117,28.8625
8118,28.8737
8119,28.7611
8120,28.8391
8121,28.8546
8122,29.7435
8123,29.7556
8124,28.9051
8125,28.9095
8126,28.8607
8127,28.8151
8128,28.8093
8129,28.8457
8130,28.8606
8131,28.8044
8132,28.7807
8133,29.7296
8134,29.7246
8135,28.8108
8136,28.8905
8137,28.8248
8138,28.7781
8139,28.7953
8140,28.8343
8141,28.914
8142,28.8
8143,28.6524
8144,28.7006
8145,28.7553
8146,28.6849
8147,28.7323
8148,29.7616
8149,29.762
8150,28.8293
8151,28.7006
8152,29.7187
8153,28.6842
8154,28.7455
8155,29.7669
8156,29.7362
8157,28.8259
8158,28.8394
8159,28.8149
8160,28.7957
8161,28.7059
8162,28.8364
8163,28.7256
8164,28.791
8165,28.7174
8166,29.6431
8167,29.4531
8168,29.549
8169,29.6349
8170,28.7058
8171,29.673
8172,28.6625
8173,29.6419
8174,29.6211
8175,29.5925
8176,29.6169
8177,29.5597
8178,29.5242
8179,29.5455
8180,29.5494
8181,29.5872
8182,29.6208
8183,29.6146
8184,29.6566
8185,29.681
8186,29.6139
8187,29.5753
8188,29.6151
8189,29.6217
8190,29.5971
8191,29.626
8192,29.5482
8193,29.5798
8194,29.6193
8195,29.5973
8196,29.5697
8197,29.6186
8198,29.5416
8199,29.5227
8200,29.506
8201,29.5169
8202,29.4367
8203,29.5654
8204,29.4831
8205,29.5264
8206,29.4707
8207,29.4489
8208,29.4552
8209,29.5688
8210,29.5434
8211,29.6419
8212,29.5705
8213,29.7271
8214,29.6684
8215,29.7307
8216,29.6752
8217,29.6217
8218,29.5371
8219,29.5483
8220,29.5545
8221,29.6029
8222,29.5172
8223,29.5639
8224,29.5937
8225,29.633
8226,29.5982
8227,29.5497
8228,29.5678
8229,29.5566
8230,29.42
8231,29.5934
8232,29.5414
8233,29.597
8234,29.6285
8235,29.587
8236,28.6783
8237,29.5284
8238,29.4514
8239,29.3984
8240,29.4862
8241,29.563
8242,29.4932
8243,29.4984
8244,29.3589
8245,29.5269
8246,29.4301
8247,29.4972
8248,29.5681
8249,29.5624
8250,29.5439
8251,29.483
8252,29.5575
8253,29.5452
8254,29.519
8255,29.5303
8256,29.5628
8257,29.5117
8258,29.4396
8259,29.5451
8260,29.4791
8261,29.5752
8262,29.5108
8263,29.5384
8264,29.625
8265,29.5938
8266,29.5818
8267,29.6275
8268,29.5652
8269,29.5848
8270,29.5377
8271,29.4473
8272,29.5478
8273,29.4928
8274,29.448
8275,29.537
8276,29.6317
8277,29.5419
8278,29.6231
8279,29.5154
8280,29.5412
8281,29.5141
8282,29.4805
8283,29.5448
8284,29.4595
8285,29.5523
8286,29.5406
8287,29.4893
8288,29.559
8289,29.6042
8290,29.5821
8291,29.5995
8292,29.5319
8293,29.5309
8294,29.6273
8295,29.644
8296,29.5041
8297,29.617
8298,29.5696
8299,29.5198
8300,29.5299
8301,29.428
8302,29.5166
8303,29.5645
8304,29.5856
8305,29.5559
8306,29.5498
8307,29.5649
8308,29.5439
8309,29.5461
8310,29.6538
8311,29.5402
8312,29.5368
8313,29.5106
8314,29.5365
8315,29.529
8316,29.6512
8317,29.5355
8318,29.669
8319,29.5347
8320,29.5842
8321,29.5719
8322,29.5895
8323,29.6751
8324,29.6735
8325,29.6385
8326,29.699
8327,29.7247
8328,29.6846
8329,29.6049
8330,29.6892
8331,29.6293
8332,29.493
8333,29.6462
8334,29.7291
8335,29.7561
8336,29.5814
8337,29.6664
8338,29.7151
8339,29.7568
8340,29.6495
8341,29.7597
8342,29.708
8343,29.7497
8344,29.754
8345,29.8512
8346,29.7666
8347,29.7294
8348,29.7156
8349,29.669
8350,29.7163
8351,29.6087
8352,29.6877
8353,29.6728
8354,29.5762
8355,29.7123
8356,29.6828
8357,29.6532
8358,29.6186
8359,29.6793
8360,29.477
8361,29.5649
8362,29.6326
8363,29.6182
8364,29.5584
8365,29.5394
8366,29.5643
8367,29.5998
8368,29.6598
8369,29.5325
8370,29.5522
8371,29.5715
8372,29.555
8373,29.5045
8374,29.6191
8375,29.4715
8376,29.5619
8377,29.5673
8378,29.4657
8379,29.4998
8380,29.6047
8381,29.5683
8382,29.61
8383,29.567
8384,29.5513
8385,29.4896
8386,29.4696
8387,29.5049
8388,29.4916
8389,29.6077
8390,29.5687
8391,29.556
8392,29.6226
8393,29.698
8394,29.6374
8395,29.72
8396,29.6973
8397,29.6934
8398,29.68
8399,29.6656
8400,29.6216
8401,29.5907
8402,29.6244
8403,29.6765
8404,29.6441
8405,29.6932
8406,29.7047
8407,29.725
8408,29.7475
8409,29.6447
8410,29.7194
8411,29.6268
8412,29.6827
8413,29.615
8414,29.7061
8415,29.6274
8416,29.5735
8417,29.6495
8418,29.6367
8419,29.6588
8420,29.5754
8421,29.574
8422,29.584
8423,29.6905
8424,29.6877
8425,29.5786
8426,29.6229
8427,29.655
8428,29.7205
8429,29.61
8430,29.521
8431,29.5016
8432,29.4672
8433,29.4541
8434,29.5046
8435,29.45
8436,29.476
8437,29.4346
8438,29.4877
8439,29.4456
8440,29.5485
8441,29.5313
8442,29.4651
8443,29.4646
8444,29.5527
8445,29.5247
8446,29.6
8447,29.5326
8448,29.4766
8449,29.4623
8450,29.5358
8451,29.4853
8452,29.4948
8453,29.5654
8454,29.45
8455,29.4571
8456,29.4683
8457,29.5016
8458,29.4574
8459,29.5011
8460,29.4326
8461,29.4107
8462,29.4102
8463,29.4319
8464,29.3521
8465,29.5272
8466,29.4211
8467,29.4077
8468,29.4108
8469,29.4837
8470,29.496
8471,29.4564
8472,29.5543
8473,29.5441
8474,29.4735
8475,29.4989
8476,29.4272
8477,29.6051
8478,29.4445
8479,29.5319
8480,29.6047
8481,29.6554
8482,29.5814
8483,29.6646
8484,29.6469
8485,29.5801
8486,29.4938
8487,29.4856
8488,29.5645
8489,29.5813
8490,29.5893
8491,29.5831
8492,29.4417
8493,29.4836
8494,29.5847
8495,29.5351
8496,29.5211
8497,29.4924
8498,28.5447
8499,28.6344
8500,28.6059
8501,29.4706
8502,29.6836
8503,29.6763
8504,29.487
8505,29.6652
8506,29.5258
8507,29.5462
8508,29.5266
8509,29.6384
8510,29.6292
8511,29.5258
8512,28.4984
8513,29.4302
8514,28.5284
8515,29.4089
8516,28.5698
8517,28.6031
8518,28.6103
8519,28.6255
8520,28.7049
8521,28.6872
8522,28.7374
8523,28.7645
8524,28.734
8525,28.7369
8526,28.7238
8527,28.6097
8528,28.7385
8529,28.6426
8530,28.7386
8531,28.7661
8532,28.6935
8533,28.7399
8534,28.7834
8535,28.7173
8536,28.6166
8537,28.7147
8538,28.7074
8539,28.6606
8540,28.6505
8541,28.7094
8542,28.7592
8543,28.7468
8544,28.7
8545,28.7285
8546,28.7071
8547,28.7108
8548,28.5819
8549,28.5584
8550,28.6942
8551,28.6516
8552,28.6221
8553,28.5881
8554,28.6182
8555,28.8246
8556,28.7068
8557,28.6177
8558,28.652
8559,28.9082
8560,28.7422
8561,28.6226
8562,28.6369
8563,28.6501
8564,28.5577
8565,28.5702
8566,28.5484
8567,28.555
8568,28.5645
8569,28.576
8570,28.6845
8571,28.765
8572,28.6663
8573,28.6113
8574,28.5683
8575,28.5074
8576,28.534
8577,28.6079
8578,28.5868
8579,28.5991
8580,28.5442
8581,28.4692
8582,28.5534
8583,28.4888
8584,28.599
8585,28.5118
8586,28.5136
8587,28.5386
8588,28.6371
8589,28.6612
8590,28.6049
8591,28.5447
8592,28.5839
8593,28.5838
8594,28.524
8595,28.4979
8596,28.5292
8597,28.602
8598,28.5448
8599,28.4849
8600,28.5021
8601,28.5122
8602,28.5372
8603,28.6266
8604,28.5772
8605,28.6089
8606,28.655
8607,28.5836
8608,28.6071
8609,28.5458
8610,28.5217
8611,28.5785
8612,28.6814
8613,28.6142
8614,28.7604
8615,28.6849
8616,28.7293
8617,28.6422
8618,28.613
8619,28.608
8620,28.6336
8621,28.7336
8622,28.5118
8623,28.5985
8624,28.5516
8625,28.6816
8626,28.6125
8627,28.5398
8628,28.5772
8629,28.6744
8630,28.724
8631,28.667
8632,28.5335
8633,28.5073
8634,28.475
8635,28.6226
8636,28.6059
8637,28.6065
8638,28.5689
8639,28.6713
8640,28.853
8641,28.6185
8642,28.6492
8643,28.6246
8644,28.6541
8645,28.7511
8646,28.7301
8647,28.7327
8648,28.6357
8649,28.6316
8650,28.7184
8651,28.7658
8652,28.7157
8653,28.6698
8654,28.6941
8655,28.6201
8656,28.5662
8657,28.5298
8658,28.5809
8659,28.593
8660,28.5209
8661,28.592
8662,28.6419
8663,28.604
8664,28.5805
8665,28.599
8666,28.5944
8667,28.5837
8668,28.5647
8669,28.5178
8670,28.6006
8671,28.5526
8672,28.4196
8673,28.5342
8674,28.5199
8675,28.5893
8676,28.5529
8677,28.4964
8678,28.5561
8679,28.4703
8680,28.5929
8681,28.5988
8682,28.4921
8683,28.5108
8684,28.3673
8685,28.4827
8686,28.4836
8687,28.3677
8688,28.4517
8689,28.5281
8690,28.3597
8691,28.4491
8692,28.3758
8693,28.4662
8694,28.4603
8695,28.4284
8696,28.4129
8697,28.3834
8698,28.6102
8699,28.3806
8700,28.4658
8701,28.5118
8702,28.4443
8703,28.5911
8704,28.5259
8705,28.591
8706,28.5648
8707,28.6228
8708,28.5557
8709,28.6034
8710,28.5433
8711,28.4723
8712,28.5261
8713,28.4223
8714,28.6185
8715,28.5434
8716,28.5932
8717,28.5789
8718,28.5642
8719,28.6034
8720,28.6002
8721,28.5314
8722,28.5145
8723,28.3371
8724,28.5411
8725,28.5937
8726,28.4522
8727,28.4558
8728,28.4913
8729,29.4388
8730,29.4927
8731,28.5497
8732,28.4147
8733,28.3654
8734,28.4495
8735,28.5126
8736,28.5064
8737,28.4528
8738,28.3996
8739,28.393
8740,29.4883
8741,29.5403
8742,29.5912
8743,29.5392
8744,29.5733
8745,29.5732
8746,29.6579
8747,29.5569
8748,29.6472
8749,29.6679
8750,29.4871
8751,29.5869
8752,29.5997
8753,28.5118
8754,28.5194
8755,28.542
8756,28.6391
8757,28.4665
8758,28.4823
8759,28.4969
8760,28.5009
8761,28.5964
8762,28.556
8763,28.5847
8764,28.5917
8765,28.6226
8766,28.5904
8767,28.5459
8768,28.5204
8769,29.6421
8770,29.6912
8771,29.6033
8772,29.6233
8773,29.6205
8774,29.5811
8775,28.537
8776,28.5298
8777,28.5759
8778,28.5136
8779,28.5142
8780,28.4966
8781,28.4682
8782,28.4888
8783,28.4468
8784,28.4171
8785,28.453
8786,28.3433
8787,29.4434
8788,29.5788
8789,29.6463
8790,29.453
8791,28.5411
8792,28.4856
8793,28.445
8794,28.4977
8795,29.6529
8796,29.6273
8797,29.5901
8798,28.6263
8799,29.6241
8800,29.5939
8801,29.5807
8802,29.6284
8803,28.4333
8804,28.4895
8805,29.6664
8806,29.5828
8807,29.5606
8808,29.5497
8809,29.5841
8810,29.5425
8811,29.5799
8812,29.5204
8813,29.5203
8814,29.484
8815,29.4111
8816,29.4085
8817,29.4514
8818,29.4925
8819,29.5875
8820,29.618
8821,29.5488
8822,29.7663
8823,29.7254
8824,29.6262
8825,29.5433
8826,29.5613
8827,29.5769
8828,29.5487
8829,29.6237
8830,29.5118
8831,29.5961
8832,29.5814
8833,29.5755
8834,29.4543
8835,29.5925
8836,29.6483
8837,29.6305
8838,29.6031
8839,29.7087
8840,29.8057
8841,29.6551
8842,29.5809
8843,29.4149
8844,29.466
8845,29.4875
8846,29.5623
8847,29.5776
8848,29.4465
8849,29.469
8850,29.4394
8851,29.4331
8852,29.457
8853,29.5498
8854,29.5109
8855,29.4899
8856,29.5045
8857,29.4127
8858,28.4929
8859,28.3677
8860,29.531
8861,29.5044
8862,29.5649
8863,29.5365
8864,29.5211
8865,29.5053
8866,29.5326
8867,29.5599
8868,29.4338
8869,29.3754
8870,29.3859
8871,29.4654
8872,29.411
8873,29.4836
8874,29.4827
8875,29.4106
8876,29.4131
8877,29.4629
8878,29.3066
8879,29.4461
8880,29.3572
8881,29.3551
8882,29.3447
8883,29.3927
8884,29.4546
8885,29.5251
8886,29.5434
8887,29.4471
8888,29.4541
8889,29.3906
8890,29.4987
8891,29.4798
8892,29.4448
8893,29.4202
8894,29.515
8895,29.4276
8896,29.4463
8897,29.4463
8898,29.4077
8899,29.4168
8900,29.3926
8901,29.4234
8902,29.5208
8903,29.479
8904,29.4367
8905,29.6295
8906,29.6684
8907,29.6366
8908,29.5992
8909,29.6489
8910,29.5338
8911,29.5307
8912,28.4576
8913,29.5751
8914,28.4698
8915,29.5281
8916,28.4522
8917,28.5076
8918,29.6322
8919,29.7445
8920,29.5687
8921,29.6067
8922,29.583
8923,29.6801
8924,29.5901
8925,29.5722
8926,29.4647
8927,29.5731
8928,29.47
8929,29.6408
8930,29.3659
8931,29.4033
8932,29.4898
8933,29.4491
8934,29.4787
8935,29.4968
8936,29.6577
8937,29.5683
8938,29.5292
8939,29.4994
8940,29.475
8941,29.3735
8942,29.4358
8943,29.51
8944,29.5294
8945,29.5527
8946,29.4722
8947,29.5159
8948,29.5576
8949,29.5443
8950,29.5495
8951,29.4951
8952,29.4718
8953,29.5252
8954,29.437
8955,29.5272
8956,29.5172
8957,29.5749
8958,29.479
8959,29.5247
8960,29.5099
8961,29.5091
8962,29.4806
8963,29.377
8964,29.5392
8965,29.4565
8966,29.4926
8967,29.5375
8968,29.4812
8969,29.4997
8970,29.5124
8971,29.5144
8972,29.5885
8973,29.5407
8974,29.5473
8975,29.5683
8976,29.588
8977,29.5789
8978,29.5493
8979,29.5443
8980,29.6798
8981,29.6125
8982,29.7152
8983,29.6926
8984,29.6132
8985,29.6035
8986,29.7696
8987,29.6991
8988,29.7176
8989,29.7951
8990,29.8032
8991,29.703
8992,29.6866
8993,29.6368
8994,29.5137
8995,29.5671
8996,29.5646
8997,29.5564
8998,29.57
8999,29.5791
9000,29.5458
9001,29.4553
9002,29.6172
9003,29.5465
9004,29.5395
9005,29.5766
9006,29.6447
9007,29.482
9008,29.4862
9009,29.4831
9010,29.5321
9011,29.5608
9012,29.5038
9013,29.5002
9014,29.5281
9015,29.4861
9016,29.4622
9017,29.4836
9018,29.4582
9019,29.5388
9020,29.4935
9021,29.4274
9022,29.4821
9023,29.4871
9024,29.4671
9025,29.4787
9026,29.4604
9027,29.5041
9028,29.5146
9029,29.4125
9030,29.5597
9031,29.4763
9032,29.4836
9033,29.4538
9034,29.4917
9035,29.4829
9036,29.5349
9037,29.5716
9038,29.4682
9039,29.5383
9040,29.4329
9041,29.4436
9042,29.4195
9043,29.5296
9044,29.4668
9045,29.5911
9046,29.5656
9047,29.51
9048,29.4216
9049,29.4165
9050,29.4666
9051,29.5378
9052,29.5698
9053,29.558
9054,29.4473
9055,29.4227
9056,29.4669
9057,29.508
9058,29.3987
9059,29.3511
9060,29.3745
9061,29.3429
9062,29.3745
9063,29.4397
9064,29.3411
9065,29.4602
9066,29.4096
9067,29.4822
9068,29.5723
9069,29.5735
9070,29.483
9071,29.572
9072,29.4874
9073,29.4628
9074,29.5175
9075,29.4351
9076,29.487
9077,29.5105
9078,29.4988
9079,29.4448
9080,29.4712
9081,29.4363
9082,29.5322
9083,29.5308
9084,29.4969
9085,29.4428
9086,29.5181
9087,29.4923
9088,29.5193
9089,29.4227
9090,29.3788
9091,29.4013
9092,29.3556
9093,29.3347
9094,29.3353
9095,29.3712
9096,29.4225
9097,29.4176
9098,29.4799
9099,29.53
9100,29.4968
9101,29.4892
9102,29.3889
9103,29.3742
9104,29.4067
9105,29.3972
9106,29.3864
9107,29.4613
9108,29.4181
9109,29.4856
9110,29.3978
9111,29.3199
9112,29.3783
9113,29.3416
9114,29.3199
9115,29.2611
9116,29.3168
9117,29.2184
9118,29.3367
9119,29.3416
9120,29.3501
9121,29.4553
9122,29.4799
9123,29.4594
9124,29.3736
9125,29.4418
9126,29.464
9127,29.3186
9128,29.4227
9129,29.3538
9130,29.3405
9131,29.4252
9132,29.4668
9133,29.4727
9134,29.4534
9135,29.3513
9136,29.3403
9137,29.3945
9138,29.3556
9139,29.4825
9140,29.4203
9141,29.3781
9142,29.4421
9143,29.3713
9144,29.4451
9145,29.5009
9146,29.4296
9147,29.4579
9148,29.4428
9149,29.3937
9150,29.5214
9151,29.5137
9152,29.4899
9153,29.4301
9154,29.4626
9155,29.4365
9156,29.4322
9157,29.5168
9158,29.4701
9159,29.4243
9160,29.426
9161,29.4825
9162,29.3932
9163,29.3873
9164,29.4812
9165,29.5258
9166,29.5156
9167,29.4763
9168,29.4472
9169,29.5061
9170,29.5607
9171,29.5945
9172,29.517
9173,29.5574
9174,29.5619
9175,29.5481
9176,29.4112
9177,29.5272
9178,29.4841
9179,29.5391
9180,29.5373
9181,29.4162
9182,29.4564
9183,29.4318
9184,29.4006
9185,29.3641
9186,29.4634
9187,29.5228
9188,29.468
9189,29.5594
9190,29.5096
9191,29.4598
9192,29.47
9193,29.5441
9194,29.4147
9195,29.3582
9196,29.3593
9197,29.3866
9198,29.3023
9199,29.3804
9200,29.3843
9201,29.4088
9202,29.3923
9203,29.3675
9204,29.5738
9205,29.4758
9206,29.4442
9207,29.3608
9208,29.4518
9209,29.4744
9210,29.4724
9211,29.4927
9212,29.4515
9213,29.4022
9214,29.4497
9215,29.4328
9216,29.4914
9217,29.4407
9218,29.3862
9219,29.4039
9220,29.3381
9221,29.3464
9222,29.376
9223,29.3421
9224,29.3559
9225,29.4012
9226,29.4169
9227,29.4627
9228,29.4523
9229,29.4838
9230,29.4561
9231,29.392
9232,29.4724
9233,29.619
9234,29.4938
9235,29.4976
9236,29.5234
9237,29.461
9238,29.5122
9239,29.5114
9240,29.4297
9241,29.5313
9242,29.441
9243,29.5106
9244,29.4857
9245,29.3877
9246,29.4439
9247,29.4305
9248,29.4097
9249,29.3458
9250,29.5392
9251,29.4544
9252,29.366
9253,29.4056
9254,29.4112
9255,29.4077
9256,29.4268
9257,29.3145
9258,29.4572
9259,29.4509
9260,29.4024
9261,29.471
9262,29.5288
9263,29.5614
9264,29.4361
9265,29.5659
9266,29.5426
9267,29.4688
9268,29.5002
9269,29.4529
9270,29.5593
9271,29.5534
9272,29.5164
9273,29.5304
9274,29.5765
9275,29.5699
9276,29.6061
9277,29.5791
9278,29.6021
9279,29.5808
9280,29.4955
9281,29.5238
9282,29.5108
9283,29.5159
9284,29.6435
9285,29.7075
9286,29.6789
9287,29.6262
9288,29.6823
9289,29.6518
9290,29.6383
9291,29.641
9292,29.5571
9293,29.5234
9294,29.5923
9295,29.5438
9296,29.6061
9297,29.6284
9298,29.6983
9299,29.5957
9300,29.5305
9301,29.5287
9302,29.5693
9303,29.5954
9304,29.5391
9305,29.6243
9306,29.524
9307,29.4362
9308,29.4128
9309,29.4528
9310,29.5155
9311,29.4379
9312,29.6202
9313,29.5192
9314,29.5999
9315,29.5667
9316,29.5674
9317,29.53
9318,29.4968
9319,29.5444
9320,29.4232
9321,29.4258
9322,29.4482
9323,29.4094
9324,29.4236
9325,29.5406
9326,29.4718
9327,29.4879
9328,29.5268
9329,29.5102
9330,29.4763
9331,29.5842
9332,29.5399
9333,29.5935
9334,29.56
9335,29.672
9336,29.6028
9337,29.6046
9338,29.5182
9339,29.5579
9340,29.6163
9341,29.5631
9342,29.5412
9343,29.5348
9344,29.6198
9345,29.6988
9346,29.6703
9347,29.7166
9348,29.6489
9349,29.592
9350,29.6495
9351,29.5964
9352,29.6416
9353,29.6593
9354,29.5414
9355,29.5795
9356,29.6111
9357,29.5868
9358,29.7153
9359,29.6064
9360,29.5365
9361,29.5255
9362,29.5049
9363,29.5478
9364,29.4985
9365,29.441
9366,29.5359
9367,29.4931
9368,29.5646
9369,29.496
9370,29.5338
9371,29.4798
9372,29.6137
9373,29.5883
9374,29.4753
9375,29.5628
9376,29.5546
9377,29.5209
9378,29.5419
9379,29.5997
9380,29.634
9381,29.5104
9382,29.6181
9383,29.4988
9384,29.4947
9385,29.4825
9386,29.5242
9387,29.558
9388,29.5045
9389,29.5174
9390,29.5286
9391,29.3555
9392,29.4481
9393,29.4894
9394,29.3774
9395,29.4559
9396,29.4758
9397,29.5237
9398,29.5398
9399,29.4467
9400,29.501
9401,29.4574
9402,29.497
9403,29.4879
9404,29.474
9405,29.4969
9406,29.4068
9407,29.5707
9408,29.5357
9409,29.4075
9410,29.5024
9411,29.5394
9412,29.4476
9413,29.5114
9414,29.5167
9415,29.5406
9416,29.4984
9417,29.525
9418,29.523
9419,29.5583
9420,29.4804
9421,29.4703
9422,29.5158
9423,29.5166
9424,29.5519
9425,29.5431
9426,29.6276
9427,29.6146
9428,29.5895
9429,29.5381
9430,29.4859
9431,29.4038
9432,29.4032
9433,29.4044
9434,29.5314
9435,29.482
9436,29.474
9437,29.4657
9438,29.3828
9439,29.4391
9440,29.4753
9441,29.5033
9442,29.4752
9443,29.5116
9444,29.4248
9445,29.4292
9446,29.5395
9447,29.5127
9448,29.4812
9449,29.5264
9450,29.5177
9451,29.4768
9452,29.423
9453,29.4064
9454,29.4228
9455,29.4303
9456,29.4156
9457,29.3614
9458,29.386
9459,29.4307
9460,29.4197
9461,29.5279
9462,29.4461
9463,29.4574
9464,29.5657
9465,29.4993
9466,29.4991
9467,29.4749
9468,29.5354
9469,29.5394
9470,29.5573
9471,29.5354
9472,29.5538
9473,29.6279
9474,29.5753
9475,29.5806
9476,29.5464
9477,29.5269
9478,29.3687
9479,29.2951
9480,29.3892
9481,29.38
9482,29.4524
9483,29.4846
9484,29.4389
9485,29.4356
9486,29.4872
9487,29.3972
9488,29.3868
9489,29.4698
9490,29.5069
9491,29.5288
9492,29.4555
9493,29.4592
9494,29.5455
9495,29.5696
9496,29.5806
9497,29.5854
9498,29.5665
9499,29.4793
9500,29.51
9501,29.4482
9502,29.4441
9503,29.3605
9504,29.3885
9505,29.4256
9506,29.4601
9507,29.4918
9508,29.4432
9509,29.4244
9510,29.5235
9511,29.4569
9512,29.5222
9513,29.5287
9514,29.4804
9515,29.4933
9516,29.5997
9517,29.586
9518,29.567
9519,29.6858
9520,29.5424
9521,29.5703
9522,29.591
9523,29.5914
9524,29.5865
9525,29.4595
9526,29.4473
9527,29.477
9528,29.4962
9529,29.5392
9530,29.4044
9531,29.4308
9532,29.4662
9533,29.4851
9534,29.4824
9535,29.6074
9536,29.5581
9537,29.5334
9538,29.5882
9539,29.5004
9540,29.6773
9541,29.5151
9542,29.598
9543,29.6923
9544,29.5514
9545,29.5347
9546,29.4432
9547,29.4534
9548,29.657
9549,29.502
9550,29.4899
9551,29.5394
9552,29.5548
9553,29.5842
9554,29.4994
9555,29.5897
9556,29.5647
9557,29.6135
9558,29.6251
9559,29.6614
9560,29.6437
9561,29.522
9562,29.5348
9563,29.5542
9564,29.6267
9565,29.5939
9566,29.5862
9567,29.6014
9568,29.6274
9569,29.593
9570,29.5254
9571,29.5874
9572,29.5971
9573,29.5253
9574,29.6515
9575,29.5403
9576,29.6268
9577,29.6303
9578,29.637
9579,29.6498
9580,29.6857
9581,29.6798
9582,29.5318
9583,29.5943
9584,29.5358
9585,29.5725
9586,29.5406
9587,29.5377
9588,29.5566
9589,29.5717
9590,29.5617
9591,29.635
9592,29.5188
9593,29.6296
9594,29.7364
9595,29.6926
9596,29.6902
9597,29.6719
9598,29.6274
9599,29.6709
9600,29.744
9601,29.6125
9602,29.5737
9603,29.5254
9604,29.5466
9605,29.4997
9606,29.6019
9607,29.5634
9608,29.5563
9609,29.4764
9610,29.5088
9611,29.4941
9612,29.4958
9613,29.5162
9614,29.5591
9615,29.5091
9616,29.6057
9617,29.6132
9618,29.5967
9619,29.5959
9620,29.523
9621,29.5732
9622,29.6283
9623,29.5378
9624,29.6551
9625,29.7326
9626,29.6263
9627,29.4763
9628,29.5302
9629,29.557
9630,29.5672
9631,29.5541
9632,29.5278
9633,29.5655
9634,29.6634
9635,29.7039
9636,29.6089
9637,29.5839
9638,29.5447
9639,29.5364
9640,29.5833
9641,29.6388
9642,29.6832
9643,29.6495
9644,29.4787
9645,29.6647
9646,29.7084
9647,29.6432
9648,29.6001
9649,29.5929
9650,29.5876
9651,29.5618
9652,29.4766
9653,29.4669
9654,29.5007
9655,29.4556
9656,29.564
9657,29.5514
9658,29.54
9659,29.6014
9660,29.6657
9661,29.5889
9662,29.659
9663,29.5116
9664,29.5677
9665,29.5748
9666,29.5285
9667,29.5819
9668,29.6032
9669,29.4731
9670,29.4275
9671,29.5275
9672,29.5719
9673,29.5446
9674,29.5498
9675,29.5166
9676,29.4223
9677,29.5712
9678,29.5285
9679,29.5043
9680,29.6219
9681,29.5038
9682,29.5024
9683,29.5017
9684,29.4416
9685,29.4688
9686,29.4467
9687,29.4769
9688,29.5665
9689,29.5408
9690,29.5735
9691,29.5138
9692,29.5945
9693,29.6233
9694,29.5628
9695,29.5264
9696,29.4948
9697,29.5551
9698,29.5255
9699,29.6731
9700,29.5511
9701,29.6155
9702,29.5725
9703,29.6039
9704,29.6053
9705,29.595
9706,29.5958
9707,29.6125
9708,29.6107
9709,29.6086
9710,29.6074
9711,29.6095
9712,29.6888
9713,29.7244
9714,29.7007
9715,29.8609
9716,29.8091
9717,29.8078
9718,29.7079
9719,29.7771
9720,29.8299
9721,29.7531
9722,29.6434
9723,29.757
9724,29.7129
9725,29.6815
9726,29.7048
9727,29.6638
9728,29.6605
9729,29.72
9730,29.7735
9731,29.7597
9732,29.528
9733,29.5639
9734,29.4872
9735,29.5859
9736,29.5257
9737,29.579
9738,29.5182
9739,29.5661
9740,29.604
9741,29.5703
9742,29.578
9743,29.5394
9744,29.5036
9745,29.4512
9746,29.4116
9747,29.5404
9748,29.4718
9749,29.4993
9750,29.6606
9751,29.6513
9752,29.5954
9753,29.5608
9754,29.6072
9755,29.6117
9756,29.5221
9757,29.6358
9758,29.6018
9759,29.6214
9760,29.6292
9761,29.6711
9762,29.6802
9763,29.7494
9764,29.648
9765,29.5406
9766,29.7239
9767,29.7202
9768,29.6033
9769,29.6198
9770,29.5274
9771,29.582
9772,29.6702
9773,29.622
9774,29.71
9775,29.6479
9776,29.5829
9777,29.5697
9778,29.5299
9779,29.5149
9780,29.5936
9781,29.5657
9782,29.4909
9783,29.5069
9784,29.5843
9785,29.6156
9786,29.5955
9787,29.7004
9788,29.5922
9789,29.6709
9790,29.7355
9791,29.6325
9792,29.7127
9793,29.6913
9794,29.6926
9795,29.6106
9796,29.5895
9797,29.6272
9798,29.5248
9799,29.5995
9800,29.5996
9801,29.6055
9802,29.6278
9803,29.6251
9804,29.7098
9805,29.6975
9806,29.6263
9807,29.6101
9808,29.6381
9809,29.6888
9810,29.7896
9811,29.7171
9812,29.7135
9813,28.6236
9814,28.6327
9815,28.651
9816,28.5733
9817,28.5715
9818,28.616
9819,28.5717
9820,28.6525
9821,28.667
9822,28.6344
9823,28.6413
9824,28.5876
9825,28.6028
9826,28.7882
9827,28.7268
9828,28.5729
9829,28.626
9830,28.6037
9831,28.6186
9832,28.7495
9833,28.7125
9834,29.7367
9835,29.7326
9836,29.7885
9837,29.7539
9838,29.8141
9839,29.6849
9840,29.643
9841,29.7422
9842,29.7343
9843,29.6855
9844,29.6258
9845,29.6867
9846,29.6531
9847,29.7557
9848,29.6948
9849,29.7095
9850,29.7633
9851,29.7058
9852,29.6066
9853,29.675
9854,29.6465
9855,29.6464
9856,29.6954
9857,29.6379
9858,29.5511
9859,29.6949
9860,29.6477
9861,29.6737
9862,29.6267
9863,29.561
9864,29.6882
9865,29.7339
9866,29.673
9867,29.7707
9868,28.7348
9869,28.6477
9870,28.678
9871,28.5967
9872,29.7353
9873,29.6966
9874,29.7767
9875,29.6458
9876,29.7135
9877,29.7944
9878,28.7351
9879,28.5749
9880,28.5705
9881,28.6577
9882,29.6967
9883,29.7766
9884,28.5662
9885,28.554
9886,28.4842
9887,29.7428
9888,29.6567
9889,29.6574
9890,29.7115
9891,29.7381
9892,29.7297
9893,29.7408
9894,29.7121
9895,29.7541
9896,29.7555
9897,28.5542
9898,28.6416
9899,28.6383
9900,28.7975
9901,29.8237
9902,29.6627
9903,29.7217
9904,29.7936
9905,29.6988
9906,29.6309
9907,29.7467
9908,29.6705
9909,29.7136
9910,29.733
9911,29.6751
9912,29.699
9913,29.6667
9914,29.7443
9915,29.692
9916,29.6388
9917,29.556
9918,29.6152
9919,29.6411
9920,29.5815
9921,29.6051
9922,29.6069
9923,29.5513
9924,29.5791
9925,29.6214
9926,29.5725
9927,29.5754
9928,29.588
9929,29.6767
9930,29.6638
9931,29.6548
9932,29.6649
9933,29.5418
9934,29.5823
9935,29.6085
9936,29.6081
9937,29.7142
9938,29.6129
9939,29.5958
9940,29.5764
9941,29.6018
9942,29.6378
9943,29.6371
9944,29.5538
9945,29.5996
9946,29.6206
9947,29.664
9948,29.6874
9949,29.7383
9950,29.7433
9951,29.6514
9952,29.6221
9953,29.5702
9954,29.5228
9955,29.5925
9956,29.6072
9957,29.4257
9958,29.5298
9959,29.5544
9960,29.5859
9961,29.6503
9962,29.5928
9963,29.5931
9964,29.6588
9965,29.6415
9966,29.6096
9967,29.5451
9968,29.5997
9969,29.5112
9970,29.4806
9971,29.5884
9972,29.5476
9973,29.5319
9974,29.5994
9975,29.5802
9976,29.6045
9977,29.6933
9978,29.6713
9979,29.8253
9980,29.7282
9981,29.6926
9982,29.7782
9983,29.7778
9984,29.7893
9985,29.7901
9986,29.7141
9987,29.779
9988,29.6699
9989,29.71
9990,29.7105
9991,29.636
9992,29.6401
9993,29.6611
9994,29.6223
9995,29.5652
9996,29.5021
9997,29.5634
9998,29.5008
9999,29.5757
10000,28.6016
