1,28.1276
2,28.1103
3,28.1616
4,28.1507
5,28.238
6,28.272
7,28.2151
8,28.2628
9,28.1921
10,28.1146
11,28.0576
12,28.1172
13,28.2099
14,28.1351
15,28.0893
16,28.1882
17,28.1291
18,27.987
19,27.9653
20,28.025
21,28.0382
22,28.0608
23,28.0913
24,28.0365
25,27.9987
26,28.0131
27,27.9559
28,28.0588
29,28.0746
30,28.0379
31,28.1389
32,27.9888
33,28.0238
34,28.1183
35,28.098
36,28.1409
37,28.1461
38,28.1458
39,28.1674
40,28.2011
41,28.1561
42,28.2215
43,28.1892
44,28.1577
45,28.1474
46,28.0106
47,28.0383
48,28.0423
49,28.0394
50,27.9711
51,28.0376
52,27.9938
53,28.1558
54,28.0257
55,28.0621
56,27.9537
57,27.9356
58,27.941
59,27.9722
60,28.0771
61,28.0465
62,27.9881
63,27.9681
64,28.0631
65,28.0761
66,28.1305
67,28.1308
68,28.0554
69,28.1229
70,28.0766
71,28.0188
72,28.1161
73,28.1223
74,28.1136
75,28.1748
76,28.1204
77,28.1954
78,28.152
79,28.0832
80,28.0472
81,28.161
82,28.0788
83,28.2195
84,28.2156
85,28.2136
86,28.2283
87,28.1229
88,28.1842
89,28.2266
90,28.2605
91,28.2118
92,28.2125
93,28.2025
94,28.2107
95,28.2148
96,28.1872
97,28.1274
98,28.139
99,28.1372
100,28.0673
101,28.1004
102,28.0956
103,28.2062
104,28.1597
105,28.2045
106,28.1437
107,28.2112
108,28.2052
109,28.2398
110,28.2115
111,28.1448
112,28.1222
113,28.131
114,28.1338
115,28.2364
116,28.1853
117,28.2448
118,28.2695
119,28.1275
120,28.1747
121,28.1887
122,28.1925
123,28.2385
124,28.3048
125,28.3801
126,28.2598
127,28.3644
128,28.2385
129,28.3361
130,28.2892
131,28.4193
132,28.448
133,28.3275
134,28.2322
135,28.2382
136,28.3312
137,28.229
138,28.3966
139,28.4294
140,28.274
141,28.3068
142,28.2412
143,28.2773
144,28.185
145,28.2206
146,28.1762
147,28.2619
148,28.3024
149,28.2542
150,28.2196
151,28.3104
152,28.3401
153,28.3911
154,28.3851
155,28.3944
156,28.3045
157,28.2947
158,28.3827
159,28.3497
160,28.2979
161,28.4574
162,28.3335
163,28.188
164,28.2112
165,28.3861
166,28.3065
167,28.3142
168,28.2955
169,28.2617
170,28.3612
171,28.3193
172,28.3585
173,28.2768
174,28.4061
175,28.3263
176,28.3391
177,28.2441
178,28.2599
179,28.2338
180,28.1607
181,28.205
182,28.2116
183,28.2244
184,28.2198
185,28.1676
186,28.1395
187,28.1744
188,28.2893
189,28.2622
190,28.2557
191,28.2937
192,28.2749
193,28.3873
194,28.3146
195,28.3714
196,28.2973
197,28.4044
198,28.418
199,28.2806
200,28.2973
201,28.1702
202,28.1184
203,28.1997
204,28.0709
205,28.0988
206,28.0697
207,28.1494
208,28.2405
209,28.2476
210,28.1568
211,28.1352
212,28.2088
213,28.21
214,28.1481
215,28.2682
216,28.0906
217,28.0557
218,28.0541
219,27.9705
220,28.0789
221,28.1847
222,28.0617
223,28.0487
224,28.0019
225,28.1545
226,28.1322
227,28.2638
228,28.2391
229,28.1645
230,28.2074
231,28.0828
232,28.0993
233,28.1298
234,28.0273
235,28.0478
236,28.1056
237,28.1021
238,28.0491
239,28.0804
240,28.1067
241,28.1254
242,28.0497
243,28.1416
244,28.117
245,28.1169
246,28.0796
247,28.1346
248,27.9698
249,27.9907
250,28.0396
251,27.9385
252,28.0268
253,28.0891
254,28.1456
255,28.2051
256,28.1067
257,28.1183
258,28.1632
259,28.2038
260,28.1814
261,28.0191
262,28.171
263,28.1944
264,28.1107
265,28.0941
266,27.9424
267,28.0571
268,28.0005
269,28.0471
270,28.2075
271,28.1672
272,28.1272
273,28.1198
274,28.1042
275,28.1039
276,28.0665
277,28.0907
278,28.0925
279,28.059
280,28.1331
281,28.1012
282,28.1676
283,28.0812
284,28.1454
285,28.0551
286,28.0433
287,28.1568
288,28.1158
289,28.1915
290,28.0599
291,28.1437
292,28.068
293,28.1239
294,27.96
295,28.1887
296,28.1512
297,28.1119
298,28.1019
299,28.213
300,28.1924
301,28.1309
302,28.0754
303,28.1679
304,28.0911
305,28.0772
306,28.1353
307,28.0662
308,28.1082
309,28.0451
310,27.9136
311,27.9795
312,27.9874
313,28.035
314,28.0741
315,28.0567
316,28.0861
317,28.0629
318,28.1479
319,28.0648
320,28.061
321,28.0826
322,28.0773
323,28.117
324,28.1251
325,28.0831
326,28.1668
327,28.1468
328,28.0836
329,28.0004
330,27.9893
331,28.1019
332,28.1073
333,28.1652
334,28.1129
335,28.0256
336,27.988
337,28.0571
338,28.0742
339,28.1269
340,28.1878
341,28.0752
342,28.0975
343,28.0503
344,28.078
345,28.0402
346,28.0339
347,28.0124
348,28.0201
349,28.0608
350,28.0941
351,28.0579
352,28.0869
353,28.0294
354,28.0019
355,27.9442
356,28.1293
357,28.0503
358,28.0754
359,28.0581
360,28.0269
361,28.0094
362,28.1349
363,28.095
364,28.1717
365,28.128
366,28.1188
367,28.1665
368,28.1616
369,28.0806
370,28.0501
371,28.0516
372,28.0301
373,27.9486
374,28.0074
375,27.9457
376,28.0217
377,28.0467
378,28.2248
379,28.1345
380,28.1613
381,28.1438
382,28.1229
383,28.17
384,28.0935
385,28.1118
386,28.0902
387,28.1487
388,28.0427
389,28.0663
390,28.2063
391,28.1523
392,28.1612
393,28.0785
394,28.1022
395,28.1294
396,27.9803
397,28.1721
398,28.0324
399,28.0492
400,28.018
401,28.04
402,28.1492
403,28.0587
404,28.2547
405,28.1847
406,28.2185
407,28.2555
408,28.1866
409,28.1689
410,28.1747
411,28.1608
412,28.2316
413,28.1256
414,28.1937
415,28.3169
416,28.1202
417,28.1897
418,28.2928
419,28.156
420,28.136
421,28.193
422,28.1746
423,28.0913
424,28.1927
425,28.2411
426,28.2929
427,28.21
428,28.2092
429,28.2803
430,28.2968
431,28.2049
432,28.3215
433,28.2251
434,28.2335
435,28.2293
436,28.1435
437,28.2617
438,28.2063
439,28.181
440,28.158
441,28.318
442,28.2641
443,28.3004
444,28.2696
445,28.1894
446,28.257
447,28.3052
448,28.1446
449,28.1057
450,28.0218
451,28.1842
452,28.1452
453,28.2235
454,28.1232
455,28.174
456,28.1083
457,28.1658
458,28.1016
459,28.1643
460,28.156
461,28.0826
462,28.0614
463,28.0429
464,28.0639
465,28.035
466,28.0274
467,27.8884
468,27.9884
469,28.0216
470,28.1601
471,28.1028
472,28.0509
473,27.9574
474,27.9829
475,27.9788
476,27.9569
477,28.0933
478,28.1093
479,28.0166
480,28.003
481,28.0107
482,28.177
483,28.1183
484,28.1127
485,28.1441
486,28.0658
487,28.1335
488,28.1876
489,28.1062
490,28.1196
491,28.1486
492,28.1104
493,28.0928
494,28.045
495,28.1464
496,28.0442
497,28.0365
498,27.9952
499,28.1547
500,28.1889
501,28.0972
502,28.0827
503,28.049
504,28.1853
505,28.2376
506,28.1856
507,28.196
508,28.1897
509,28.0954
510,28.052
511,28.0232
512,27.9737
513,28.0033
514,28.0342
515,28.1058
516,28.0856
517,28.0829
518,28.0727
519,28.041
520,28.1137
521,28.1725
522,28.1685
523,28.111
524,28.0647
525,28.102
526,28.1577
527,27.9546
528,28.0831
529,28.1161
530,28.163
531,28.1241
532,28.1813
533,28.1105
534,28.0661
535,28.184
536,28.1547
537,28.0829
538,28.106
539,28.1599
540,28.1465
541,28.0913
542,28.1383
543,28.2005
544,28.1382
545,28.1578
546,28.1086
547,28.0299
548,28.1299
549,28.144
550,28.1148
551,28.0124
552,28.0784
553,28.1027
554,28.0191
555,28.0196
556,28.1317
557,28.0815
558,27.9111
559,28.0056
560,28.0558
561,28.0225
562,27.988
563,27.9276
564,27.9376
565,28.0206
566,27.9773
567,28.0782
568,28.1484
569,28.0077
570,28.0102
571,27.9861
572,28.0968
573,28.1308
574,28.2113
575,28.1592
576,27.9927
577,28.0352
578,27.9768
579,28.0144
580,28.0125
581,28.0081
582,28.0098
583,28.0165
584,27.9292
585,27.8614
586,27.953
587,27.9031
588,28.032
589,28.0185
590,28.047
591,28.0214
592,28.0483
593,28.038
594,28.0588
595,27.9965
596,28.0513
597,28.0013
598,28.0663
599,27.9929
600,28.1283
601,28.1047
602,28.231
603,28.1201
604,28.0774
605,28.1866
606,28.0915
607,28.1566
608,28.2765
609,28.2772
610,28.2201
611,28.2296
612,28.2134
613,28.2261
614,28.2884
615,28.2538
616,28.2499
617,28.231
618,28.274
619,28.4148
620,28.3907
621,28.3049
622,28.1676
623,28.1613
624,28.2613
625,28.1094
626,28.2133
627,28.3416
628,28.3068
629,28.3511
630,28.3398
631,28.2526
632,28.2651
633,28.2526
634,28.2515
635,28.2538
636,28.3391
637,28.3668
638,28.3563
639,28.2177
640,28.3148
641,28.2392
642,28.1923
643,28.1763
644,28.3106
645,28.3691
646,28.2349
647,28.261
648,28.1828
649,28.2361
650,28.1947
651,28.2014
652,28.2727
653,28.2045
654,28.1747
655,28.1674
656,28.2466
657,28.2553
658,28.2669
659,28.2164
660,28.2648
661,28.1086
662,28.1557
663,28.1784
664,28.2997
665,28.2887
666,28.2301
667,28.2215
668,28.2256
669,28.2661
670,28.1922
671,28.1937
672,28.1778
673,28.1213
674,28.1487
675,28.2604
676,28.161
677,28.1591
678,28.1155
679,27.9993
680,28.1008
681,28.1975
682,28.2305
683,28.1763
684,28.2283
685,28.2188
686,28.2106
687,28.2601
688,28.2391
689,28.1369
690,28.2291
691,28.2551
692,28.235
693,28.184
694,28.2038
695,28.2118
696,28.1655
697,28.1266
698,28.1625
699,28.2295
700,28.1669
701,28.2834
702,28.2675
703,28.3394
704,28.1695
705,28.299
706,28.2784
707,28.2174
708,28.1825
709,28.2585
710,28.1759
711,28.099
712,28.1295
713,28.2057
714,28.1928
715,28.0625
716,28.2051
717,28.1771
718,28.1402
719,28.2263
720,28.1633
721,28.1992
722,28.1774
723,28.1608
724,28.1682
725,28.1426
726,28.0742
727,28.0517
728,28.0216
729,28.0052
730,27.9817
731,27.8577
732,28.083
733,27.9809
734,27.9899
735,27.9878
736,27.8975
737,27.906
738,27.896
739,27.8467
740,28.005
741,28.0281
742,28.0186
743,28.031
744,28.0467
745,28.0981
746,28.0139
747,28.0055
748,27.9169
749,27.8143
750,28.0051
751,28.0377
752,28.0444
753,28.068
754,28.1034
755,28.1469
756,28.1526
757,28.0467
758,27.9798
759,28.0521
760,27.9459
761,28.0613
762,28.0278
763,28.0373
764,28.0822
765,28.1339
766,28.1069
767,28.1076
768,28.095
769,28.0567
770,28.0656
771,28.0569
772,28.0881
773,27.9839
774,28.0717
775,28.1549
776,28.0554
777,28.044
778,28.0822
779,28.0191
780,28.0304
781,28.0747
782,28.0783
783,28.1059
784,27.9966
785,28.066
786,28.0087
787,27.9961
788,28.0711
789,28.0185
790,28.0305
791,27.9687
792,28.0744
793,27.9687
794,28.0333
795,28.1185
796,28.0474
797,28.1341
798,28.0742
799,28.1294
800,28.1215
801,28.2085
802,28.0813
803,28.0969
804,28.1264
805,28.036
806,28.1247
807,28.0672
808,28.1127
809,28.024
810,28.0419
811,28.0184
812,28.1583
813,28.083
814,28.1558
815,28.2017
816,28.1296
817,28.1047
818,28.1411
819,28.0796
820,28.1634
821,28.181
822,28.2431
823,28.1477
824,28.1977
825,28.1964
826,28.2548
827,28.2416
828,28.3588
829,28.1698
830,28.1932
831,28.0942
832,28.0683
833,28.1408
834,28.1426
835,28.059
836,28.1604
837,28.1646
838,28.1151
839,28.1628
840,28.3195
841,28.168
842,28.2503
843,28.2913
844,28.3348
845,28.3974
846,28.2883
847,28.1522
848,28.1577
849,28.2392
850,28.2858
851,28.0401
852,28.0878
853,28.1603
854,28.0987
855,28.1956
856,28.2584
857,28.1363
858,28.1752
859,28.1774
860,28.2303
861,28.0311
862,28.1166
863,28.2593
864,28.1512
865,28.1363
866,28.2362
867,28.1727
868,28.119
869,28.232
870,28.1648
871,28.1501
872,28.238
873,28.2939
874,28.2255
875,28.2286
876,28.1459
877,28.2149
878,28.2313
879,28.1274
880,28.0304
881,28.086
882,28.0147
883,28.0645
884,27.9889
885,28.2248
886,28.1294
887,28.0823
888,28.0552
889,28.0791
890,28.1225
891,28.0749
892,28.09
893,28.1743
894,28.065
895,28.1358
896,28.0586
897,28.1978
898,28.1013
899,28.1662
900,28.2419
901,28.2187
902,28.1511
903,28.1389
904,28.0775
905,28.0754
906,28.0519
907,28.0725
908,28.1115
909,28.2437
910,28.139
911,28.0153
912,27.9698
913,27.9865
914,28.1396
915,28.1207
916,28.0149
917,28.0483
918,28.0086
919,28.0226
920,28.025
921,28.0804
922,28.0147
923,27.9372
924,28.0891
925,28.2106
926,28.1699
927,28.2502
928,28.3119
929,28.1593
930,28.1778
931,28.2106
932,28.1602
933,28.2537
934,28.2384
935,28.3534
936,28.3408
937,28.3916
938,28.2948
939,28.2849
940,28.396
941,28.2006
942,28.1818
943,28.2331
944,28.3179
945,28.3292
946,28.2741
947,28.2977
948,28.2192
949,28.141
950,28.0725
951,28.1403
952,28.128
953,28.1877
954,28.2433
955,28.0278
956,28.0509
957,28.0309
958,28.0652
959,28.013
960,28.125
961,28.108
962,28.2345
963,28.2081
964,28.1662
965,28.0822
966,28.0818
967,28.1366
968,28.1253
969,28.1672
970,28.0099
971,28.1533
972,27.9982
973,28.1029
974,28.2016
975,28.2452
976,28.2401
977,28.1128
978,28.1019
979,28.225
980,28.2194
981,28.1959
982,28.2204
983,28.2349
984,28.2413
985,28.2291
986,28.3213
987,28.2907
988,28.2521
989,28.3172
990,28.1532
991,28.2678
992,28.2332
993,28.1886
994,28.2917
995,28.1876
996,28.2788
997,28.3287
998,28.3882
999,28.2728
1000,28.2999
1001,28.3624
1002,28.2813
1003,28.3352
1004,28.2322
1005,28.2683
1006,28.1742
1007,28.2138
1008,28.2416
1009,28.1682
1010,28.0958
1011,28.0873
1012,28.098
1013,28.0517
1014,28.1012
1015,28.1377
1016,28.1595
1017,28.2101
1018,28.1908
1019,28.2171
1020,28.2122
1021,28.1896
1022,28.2583
1023,28.1719
1024,28.2111
1025,28.2651
1026,28.3103
1027,28.264
1028,28.1486
1029,28.1518
1030,28.2982
1031,28.3732
1032,28.3728
1033,28.295
1034,28.3023
1035,28.2871
1036,28.1829
1037,28.2524
1038,28.1621
1039,28.134
1040,28.0828
1041,28.1113
1042,28.1682
1043,28.149
1044,28.1417
1045,28.2029
1046,28.1344
1047,28.1237
1048,28.1734
1049,28.1459
1050,28.0917
1051,28.1494
1052,28.1223
1053,28.1101
1054,28.122
1055,28.0974
1056,27.9915
1057,28.0705
1058,28.0656
1059,27.9897
1060,28.0627
1061,28.0242
1062,27.9949
1063,27.9695
1064,28.1627
1065,28.154
1066,28.0636
1067,28.0869
1068,28.0973
1069,28.0709
1070,28.0961
1071,28.1157
1072,27.9451
1073,27.9523
1074,27.9989
1075,27.9714
1076,27.9675
1077,27.9812
1078,27.8569
1079,27.9456
1080,27.8183
1081,27.8765
1082,27.8307
1083,27.8621
1084,27.9285
1085,28.018
1086,27.9102
1087,27.986
1088,28.1229
1089,28.0548
1090,28.1987
1091,28.2106
1092,28.1889
1093,28.0947
1094,28.1349
1095,28.2326
1096,28.1266
1097,28.1939
1098,28.1923
1099,28.0691
1100,28.1828
1101,28.0543
1102,28.1239
1103,28.0955
1104,28.0815
1105,28.0673
1106,28.145
1107,28.0543
1108,28.1293
1109,28.1089
1110,28.1175
1111,28.0374
1112,28.0608
1113,28.0275
1114,28.1498
1115,28.0865
1116,28.1519
1117,28.0025
1118,28.1131
1119,28.0685
1120,28.1445
1121,28.1461
1122,28.1276
1123,28.1945
1124,28.2704
1125,28.2265
1126,28.1787
1127,28.0429
1128,28.0154
1129,28.107
1130,28.061
1131,28.0188
1132,28.1622
1133,28.1733
1134,28.1282
1135,28.2588
1136,28.2752
1137,28.1761
1138,28.1981
1139,28.1917
1140,28.213
1141,28.0346
1142,28.1114
1143,28.1201
1144,28.0279
1145,27.965
1146,28.0676
1147,28.0526
1148,28.0393
1149,28.0831
1150,28.0928
1151,27.9517
1152,28.005
1153,28.087
1154,28.0465
1155,28.0025
1156,27.95
1157,28.0934
1158,28.0269
1159,28.0741
1160,28.0885
1161,28.0614
1162,27.9986
1163,27.9742
1164,27.8779
1165,28.0175
1166,27.8796
1167,27.8383
1168,27.886
1169,28.0595
1170,28.1149
1171,28.065
1172,27.9626
1173,27.9553
1174,27.9915
1175,27.9981
1176,28.1011
1177,27.9882
1178,27.9761
1179,27.9666
1180,27.9565
1181,27.9604
1182,27.9725
1183,27.9911
1184,27.9217
1185,28.0073
1186,27.9994
1187,27.9419
1188,28.0084
1189,28.0752
1190,28.0126
1191,27.9888
1192,27.9572
1193,27.8993
1194,27.9714
1195,27.9053
1196,27.9165
1197,27.9874
1198,27.9773
1199,28.0505
1200,27.9469
1201,27.8907
1202,27.8416
1203,27.8727
1204,27.8967
1205,27.9093
1206,27.9296
1207,27.8808
1208,27.9193
1209,27.9783
1210,27.9774
1211,27.9889
1212,28.0045
1213,28.0631
1214,27.9706
1215,28.0619
1216,27.9508
1217,27.9785
1218,27.9861
1219,28.0493
1220,27.9628
1221,28.0542
1222,27.9156
1223,27.902
1224,27.9616
1225,27.9459
1226,27.8464
1227,27.9879
1228,27.9126
1229,27.8464
1230,27.9732
1231,27.9277
1232,27.8965
1233,27.923
1234,27.9139
1235,27.9369
1236,28.0341
1237,27.9786
1238,27.892
1239,27.9453
1240,27.9096
1241,27.9053
1242,27.897
1243,27.9713
1244,27.9352
1245,27.9113
1246,27.9194
1247,27.9078
1248,27.9996
1249,27.966
1250,27.9406
1251,28.0018
1252,28.0007
1253,28.0159
1254,27.9178
1255,27.9912
1256,27.9414
1257,27.9542
1258,27.9803
1259,28.0257
1260,28.0474
1261,27.9083
1262,28.0764
1263,27.9396
1264,28.0031
1265,27.9647
1266,27.9527
1267,27.9575
1268,27.9978
1269,27.9182
1270,27.9916
1271,27.9008
1272,27.9601
1273,27.983
1274,28.0042
1275,27.9971
1276,27.9877
1277,28.0459
1278,28.0663
1279,28.0161
1280,28.06
1281,28.1055
1282,28.0169
1283,28.1468
1284,28.1514
1285,28.1914
1286,28.2244
1287,28.2288
1288,28.1357
1289,28.0695
1290,28.1271
1291,28.1407
1292,28.0853
1293,28.0765
1294,28.1582
1295,28.1637
1296,28.144
1297,28.0916
1298,28.0706
1299,28.1157
1300,28.0073
1301,27.998
1302,27.9493
1303,27.991
1304,28.0118
1305,27.9696
1306,27.9816
1307,28.0364
1308,28.0105
1309,28.0671
1310,28.1064
1311,28.017
1312,27.9515
1313,27.9638
1314,28.0025
1315,28.0025
1316,27.8862
1317,27.8826
1318,27.8263
1319,27.9921
1320,27.9331
1321,27.9957
1322,27.9374
1323,27.8579
1324,27.9553
1325,27.8848
1326,27.8382
1327,27.8467
1328,27.9055
1329,27.9288
1330,27.9088
1331,27.8684
1332,27.8945
1333,27.8412
1334,27.8554
1335,27.8888
1336,27.8292
1337,27.7662
1338,27.8946
1339,27.8843
1340,27.8416
1341,27.8568
1342,27.955
1343,27.8118
1344,27.8433
1345,27.8017
1346,27.8636
1347,27.8414
1348,27.7505
1349,27.8177
1350,27.817
1351,27.755
1352,27.8271
1353,27.7942
1354,27.8012
1355,27.8369
1356,27.8784
1357,27.8979
1358,27.9522
1359,27.9954
1360,28.0887
1361,28.0878
1362,28.0627
1363,28.0611
1364,28.087
1365,27.989
1366,28.0344
1367,27.9194
1368,27.9686
1369,27.9564
1370,28.0824
1371,28.1985
1372,28.0201
1373,28.1443
1374,28.1937
1375,28.1429
1376,28.2007
1377,28.1691
1378,28.1703
1379,28.2158
1380,28.1139
1381,28.1906
1382,28.0728
1383,28.1554
1384,28.2039
1385,28.2197
1386,28.1196
1387,28.2081
1388,28.1195
1389,28.145
1390,28.1128
1391,28.1481
1392,28.1378
1393,28.1296
1394,28.2943
1395,28.132
1396,28.1024
1397,28.1402
1398,28.1669
1399,28.1018
1400,28.1049
1401,27.968
1402,27.9645
1403,28.0854
1404,28.0896
1405,28.0402
1406,28.1415
1407,28.2785
1408,28.1452
1409,28.1991
1410,28.1412
1411,28.119
1412,28.022
1413,28.0491
1414,27.9953
1415,28.0249
1416,27.9743
1417,28.0797
1418,28.0141
1419,28.1485
1420,28.2035
1421,28.1028
1422,28.2462
1423,28.2225
1424,28.1551
1425,28.2071
1426,28.1465
1427,28.1336
1428,28.1868
1429,28.1917
1430,28.2355
1431,28.1436
1432,28.129
1433,28.0947
1434,28.074
1435,28.1625
1436,28.0435
1437,28.0674
1438,28.0573
1439,28.0528
1440,28.1153
1441,28.1375
1442,28.076
1443,28.1854
1444,28.1382
1445,28.0992
1446,28.1117
1447,28.0322
1448,28.0349
1449,28.1217
1450,28.0082
1451,28.059
1452,28.0417
1453,28.0416
1454,28.0926
1455,28.0128
1456,28.0439
1457,27.9927
1458,28.0169
1459,28.0898
1460,27.9978
1461,28.0162
1462,28.0691
1463,28.0055
1464,28.2369
1465,28.1585
1466,28.0678
1467,28.1534
1468,28.0366
1469,28.1182
1470,28.0892
1471,28.1553
1472,28.0676
1473,28.1177
1474,28.0369
1475,28.1473
1476,28.1916
1477,28.0264
1478,28.0235
1479,28.1091
1480,28.0701
1481,28.0562
1482,28.0465
1483,28.1088
1484,28.0611
1485,28.0531
1486,28.081
1487,28.041
1488,28.0759
1489,27.9964
1490,28.0856
1491,28.0635
1492,28.0128
1493,28.1046
1494,28.1417
1495,28.2157
1496,28.0849
1497,28.1201
1498,28.1079
1499,28.1955
1500,28.1434
1501,28.0576
1502,28.0349
1503,28.0341
1504,28.0018
1505,28.0319
1506,28.0416
1507,28.0931
1508,28.0715
1509,28.0512
1510,28.065
1511,28.051
1512,28.0631
1513,28.1022
1514,28.0028
1515,28.0454
1516,28.1514
1517,28.1075
1518,28.1171
1519,28.159
1520,28.1912
1521,28.1965
1522,28.0992
1523,28.1513
1524,28.1032
1525,28.0342
1526,28.1125
1527,28.1806
1528,28.2117
1529,28.1949
1530,28.2082
1531,28.1391
1532,28.0543
1533,28.1115
1534,28.0824
1535,28.0608
1536,28.0248
1537,28.091
1538,28.1327
1539,28.0804
1540,28.1552
1541,28.1417
1542,28.1657
1543,28.1661
1544,28.011
1545,28.1641
1546,28.0944
1547,28.0975
1548,28.1603
1549,28.065
1550,28.1725
1551,28.0468
1552,28.037
1553,28.0419
1554,28.0311
1555,28.0683
1556,28.1673
1557,28.0835
1558,28.1916
1559,28.1426
1560,28.0907
1561,28.0795
1562,28.0349
1563,28.1152
1564,27.9632
1565,27.9573
1566,27.9716
1567,28.0056
1568,28.1226
1569,28.0696
1570,27.9952
1571,28.0967
1572,28.099
1573,28.0847
1574,28.089
1575,28.0598
1576,28.1067
1577,28.0166
1578,27.9833
1579,28.0802
1580,27.9792
1581,28.0434
1582,28.0479
1583,27.9922
1584,28.0672
1585,27.965
1586,28.1462
1587,27.9702
1588,27.9673
1589,27.8574
1590,27.9552
1591,28.081
1592,28.1176
1593,28.0642
1594,28.13
1595,28.043
1596,28.0928
1597,27.9326
1598,28.0009
1599,28.0543
1600,28.012
1601,28.0232
1602,28.0092
1603,28.1173
1604,28.0737
1605,28.1083
1606,28.1256
1607,28.0451
1608,28.005
1609,27.9551
1610,28.1446
1611,28.0739
1612,28.2616
1613,28.1543
1614,28.0957
1615,28.2532
1616,28.1032
1617,28.1623
1618,28.11
1619,28.1059
1620,28.0613
1621,28.1425
1622,28.1779
1623,28.1654
1624,28.0465
1625,28.1668
1626,28.0802
1627,28.1327
1628,28.0206
1629,28.1445
1630,28.1222
1631,28.0148
1632,27.99
1633,28.1754
1634,28.1258
1635,28.1117
1636,28.1735
1637,28.1011
1638,28.1357
1639,28.1819
1640,28.1754
1641,28.08
1642,28.1216
1643,27.9532
1644,27.986
1645,28.0631
1646,28.0856
1647,28.0814
1648,28.0493
1649,28.0657
1650,28.1467
1651,28.0879
1652,28.0829
1653,28.0381
1654,28.1169
1655,28.2059
1656,28.1886
1657,28.1908
1658,28.2303
1659,28.2224
1660,28.2651
1661,28.1724
1662,28.3262
1663,28.1725
1664,28.1022
1665,28.0849
1666,28.2594
1667,28.3122
1668,28.2846
1669,28.2667
1670,28.2553
1671,28.0729
1672,28.1293
1673,28.2216
1674,28.1455
1675,28.1981
1676,28.1977
1677,28.1581
1678,28.2145
1679,28.165
1680,28.0941
1681,28.111
1682,28.0693
1683,28.1858
1684,28.1884
1685,28.174
1686,28.1976
1687,28.2323
1688,28.1785
1689,28.1505
1690,28.1275
1691,28.0827
1692,28.1577
1693,28.0697
1694,28.1274
1695,28.1394
1696,28.1371
1697,28.1022
1698,28.1917
1699,28.2465
1700,28.1872
1701,28.1868
1702,28.0822
1703,28.1987
1704,28.042
1705,28.095
1706,28.1796
1707,28.269
1708,28.1671
1709,28.1596
1710,28.2295
1711,28.1055
1712,28.0881
1713,28.0853
1714,28.1192
1715,28.1416
1716,28.1342
1717,28.1519
1718,28.0909
1719,28.1356
1720,28.1571
1721,28.146
1722,28.1122
1723,28.084
1724,28.0684
1725,27.8802
1726,27.887
1727,28.0156
1728,28.0161
1729,28.0226
1730,28.0011
1731,28.1121
1732,28.0492
1733,27.9285
1734,28.0198
1735,28.0268
1736,27.9452
1737,28.0319
1738,27.9587
1739,27.894
1740,27.9465
1741,27.8906
1742,27.9761
1743,28.0476
1744,28.0996
1745,28.072
1746,28.0213
1747,28.0479
1748,28.0986
1749,28.1198
1750,28.0423
1751,28.1955
1752,28.0383
1753,28.1226
1754,28.0273
1755,28.1208
1756,27.9786
1757,27.9157
1758,27.9565
1759,28.0083
1760,28.0764
1761,28.017
1762,28.0479
1763,28.0281
1764,28.0734
1765,28.105
1766,28.1343
1767,28.0946
1768,28.1075
1769,28.1191
1770,28.1138
1771,28.2826
1772,28.2589
1773,28.1936
1774,28.2648
1775,28.2277
1776,28.2428
1777,28.1519
1778,28.0656
1779,28.0913
1780,28.1433
1781,28.1179
1782,27.984
1783,28.0182
1784,27.9322
1785,28.0464
1786,28.0214
1787,27.9731
1788,27.9698
1789,28.0494
1790,28.0526
1791,28.0748
1792,28.0447
1793,28.0367
1794,28.0643
1795,28.1114
1796,28.0796
1797,28.0234
1798,28.0907
1799,28.1873
1800,28.1117
1801,28.1168
1802,28.0683
1803,28.1005
1804,28.0375
1805,28.1761
1806,28.0086
1807,28.0251
1808,27.9083
1809,27.9864
1810,28.0545
1811,27.9298
1812,28.0959
1813,28.111
1814,27.9934
1815,28.0352
1816,27.9818
1817,28.0553
1818,28.0634
1819,28.0378
1820,28.0727
1821,27.9488
1822,28.0428
1823,28.0557
1824,27.9707
1825,27.9775
1826,27.9074
1827,28.0069
1828,28.0211
1829,28.045
1830,28.0793
1831,27.9619
1832,28.0678
1833,27.8938
1834,28.0027
1835,28.0467
1836,28.1024
1837,28.1181
1838,27.9934
1839,28.1389
1840,28.0988
1841,28.3229
1842,28.3117
1843,28.2939
1844,28.1346
1845,28.1053
1846,28.1583
1847,28.1271
1848,28.2168
1849,28.1785
1850,28.1834
1851,28.1623
1852,28.2013
1853,28.2681
1854,28.2535
1855,28.2334
1856,28.1931
1857,28.2446
1858,28.1909
1859,28.2776
1860,28.1466
1861,28.1565
1862,28.173
1863,28.1548
1864,28.1229
1865,27.9593
1866,28.0409
1867,28.0765
1868,28.0006
1869,28.0066
1870,28.0948
1871,28.0406
1872,28.2128
1873,28.1902
1874,28.1487
1875,28.1529
1876,28.2311
1877,28.2252
1878,28.1127
1879,28.1483
1880,28.2277
1881,28.1116
1882,28.1151
1883,28.2309
1884,28.1912
1885,28.134
1886,28.1265
1887,28.092
1888,27.9899
1889,28.0551
1890,28.114
1891,28.0096
1892,27.9529
1893,27.9187
1894,28.0451
1895,27.9595
1896,27.9773
1897,27.9141
1898,27.9432
1899,27.9724
1900,27.9841
1901,27.9725
1902,28.0239
1903,27.9701
1904,27.9607
1905,28.0759
1906,28.1113
1907,27.9992
1908,27.8684
1909,28.0362
1910,28.1128
1911,28.1242
1912,28.1513
1913,28.0378
1914,28.0813
1915,28.1333
1916,28.0253
1917,28.1578
1918,27.9731
1919,28.0311
1920,27.9682
1921,27.9171
1922,28.0072
1923,28.0308
1924,27.9156
1925,28.0522
1926,28.0612
1927,28.1063
1928,28.2092
1929,28.0709
1930,28.1007
1931,28.2347
1932,28.1958
1933,28.2513
1934,28.1919
1935,28.2185
1936,28.2336
1937,28.1876
1938,28.1684
1939,28.021
1940,28.0627
1941,28.1129
1942,28.0841
1943,28.0343
1944,28.1616
1945,28.1715
1946,28.2587
1947,28.194
1948,28.2734
1949,28.3045
1950,28.3028
1951,28.2377
1952,28.1981
1953,28.2231
1954,28.3072
1955,28.469
1956,28.2897
1957,28.2591
1958,28.2607
1959,28.0896
1960,28.152
1961,28.1238
1962,28.0901
1963,28.1887
1964,28.1875
1965,28.1748
1966,28.1222
1967,28.2271
1968,28.2503
1969,28.2074
1970,28.2458
1971,28.1978
1972,28.2305
1973,28.3057
1974,28.1512
1975,28.3033
1976,28.1421
1977,28.1112
1978,28.1391
1979,28.1612
1980,28.156
1981,28.1501
1982,28.2409
1983,28.1927
1984,28.2146
1985,28.1986
1986,28.1864
1987,28.2552
1988,28.2453
1989,28.2012
1990,28.0792
1991,28.1262
1992,28.1132
1993,28.2177
1994,28.1275
1995,28.1203
1996,28.1443
1997,28.1243
1998,28.168
1999,28.2627
2000,28.138
2001,28.1129
2002,28.1971
2003,28.1251
2004,28.2217
2005,28.2124
2006,28.2055
2007,28.0485
2008,28.0852
2009,28.2703
2010,28.1662
2011,28.2632
2012,28.2884
2013,28.1838
2014,28.1466
2015,28.1625
2016,28.121
2017,28.0491
2018,28.0891
2019,28.0755
2020,28.0944
2021,28.1043
2022,28.2018
2023,28.1943
2024,28.1303
2025,28.0866
2026,28.0685
2027,28.0975
2028,28.1265
2029,28.1739
2030,28.2483
2031,28.1356
2032,28.0672
2033,28.0838
2034,28.078
2035,28.1217
2036,28.211
2037,28.1891
2038,28.0472
2039,28.1492
2040,28.1687
2041,28.1281
2042,28.1211
2043,28.1687
2044,28.2551
2045,28.1499
2046,28.1999
2047,28.2815
2048,28.2164
2049,28.1872
2050,28.1671
2051,28.1854
2052,28.1247
2053,28.2884
2054,28.2077
2055,28.1578
2056,28.1629
2057,28.2236
2058,28.2064
2059,28.2497
2060,28.2123
2061,28.278
2062,28.1498
2063,28.2197
2064,28.1617
2065,28.249
2066,28.2311
2067,28.2779
2068,28.2554
2069,28.2852
2070,28.1234
2071,28.1277
2072,28.2006
2073,28.2329
2074,28.1673
2075,28.0025
2076,28.0977
2077,28.032
2078,28.0957
2079,27.9841
2080,28.0429
2081,28.1392
2082,28.1184
2083,28.0135
2084,28.0267
2085,28.0105
2086,28.0691
2087,28.0142
2088,27.8846
2089,27.9193
2090,27.8413
2091,27.957
2092,27.9823
2093,28.0454
2094,28.0915
2095,28.0657
2096,28.0376
2097,28.1098
2098,28.0474
2099,28.0587
2100,28.1144
2101,28.1098
2102,28.0318
2103,28.116
2104,28.139
2105,28.1546
2106,28.2192
2107,28.1449
2108,28.086
2109,28.0611
2110,28.0848
2111,28.1558
2112,28.1711
2113,28.1764
2114,28.1727
2115,28.1025
2116,28.0802
2117,28.2198
2118,28.1194
2119,28.2682
2120,28.2175
2121,28.2942
2122,28.1522
2123,28.1864
2124,28.1106
2125,28.1119
2126,28.3143
2127,28.1838
2128,28.1569
2129,28.0967
2130,28.0677
2131,28.1114
2132,28.1515
2133,28.1426
2134,28.1087
2135,28.111
2136,28.0856
2137,28.1038
2138,28.0883
2139,28.0246
2140,27.9665
2141,27.9924
2142,28.077
2143,28.0654
2144,28.0793
2145,28.0216
2146,28.094
2147,28.0524
2148,28.1484
2149,28.0307
2150,28.0449
2151,28.0263
2152,28.046
2153,28.1696
2154,28.0119
2155,27.9863
2156,27.9907
2157,28.1152
2158,28.0626
2159,28.0498
2160,28.0054
2161,28.0364
2162,27.9847
2163,28.0446
2164,28.1061
2165,28.1274
2166,28.0279
2167,28.0672
2168,28.0717
2169,28.1063
2170,28.0713
2171,28.1616
2172,28.1853
2173,28.3169
2174,28.2351
2175,28.1611
2176,28.0976
2177,27.9998
2178,28.0174
2179,27.9993
2180,28.0878
2181,28.1162
2182,28.1303
2183,28.1361
2184,28.0912
2185,28.2389
2186,28.2669
2187,28.1696
2188,28.24
2189,28.1315
2190,28.1193
2191,28.0713
2192,28.0823
2193,28.0543
2194,28.0676
2195,28.0623
2196,28.0979
2197,28.0314
2198,28.0309
2199,28.1167
2200,28.0964
2201,28.1461
2202,28.1435
2203,27.9937
2204,28.0334
2205,27.9602
2206,27.9881
2207,28.0369
2208,28.0529
2209,28.1621
2210,28.1296
2211,28.1692
2212,28.216
2213,28.1201
2214,28.1861
2215,28.1378
2216,28.2404
2217,28.2434
2218,28.1691
2219,28.0712
2220,28.1324
2221,28.1293
2222,28.0738
2223,28.037
2224,27.9806
2225,28.0494
2226,28.0502
2227,28.1356
2228,28.0178
2229,28.1627
2230,28.0776
2231,28.1747
2232,28.1744
2233,28.0752
2234,28.1214
2235,28.1105
2236,28.1489
2237,28.1393
2238,28.1491
2239,28.141
2240,28.0825
2241,28.1643
2242,28.0195
2243,28.0303
2244,28.022
2245,27.9867
2246,28.0375
2247,27.9637
2248,28.0383
2249,28.0042
2250,28.0286
2251,28.0996
2252,28.0838
2253,28.0798
2254,28.0708
2255,28.1022
2256,28.0542
2257,28.1284
2258,28.0409
2259,28.1869
2260,28.1146
2261,28.0586
2262,28.0823
2263,28.0547
2264,28.0216
2265,28.0989
2266,28.0703
2267,28.0499
2268,28.0507
2269,28.0605
2270,27.9658
2271,27.9528
2272,27.9968
2273,27.9819
2274,27.919
2275,28.088
2276,28.0643
2277,28.1154
2278,27.9508
2279,27.9719
2280,28.0113
2281,27.9544
2282,27.9624
2283,28.0051
2284,27.9424
2285,27.9097
2286,27.8153
2287,27.9379
2288,28.0184
2289,27.9634
2290,28.0252
2291,27.9401
2292,27.965
2293,27.8234
2294,27.9134
2295,27.9471
2296,27.9033
2297,27.9819
2298,27.9783
2299,28.0297
2300,28.0801
2301,28.17
2302,27.9976
2303,27.9788
2304,27.9685
2305,27.9456
2306,28.0071
2307,28.0991
2308,28.0475
2309,28.0882
2310,28.0672
2311,28.0628
2312,28.0082
2313,28.0435
2314,27.9827
2315,28.0577
2316,28.1087
2317,28.0691
2318,28.0617
2319,28.0525
2320,27.9705
2321,28.0565
2322,28.0628
2323,28.1403
2324,28.0503
2325,27.9545
2326,28.165
2327,28.046
2328,28.0521
2329,28.0901
2330,28.0003
2331,28.128
2332,27.9873
2333,28.0845
2334,28.1025
2335,28.1652
2336,28.0948
2337,28.0618
2338,28.1137
2339,28.1308
2340,28.2617
2341,28.154
2342,28.1851
2343,28.2062
2344,28.2142
2345,28.1979
2346,28.2353
2347,28.1563
2348,28.1382
2349,28.1786
2350,28.1232
2351,28.1473
2352,28.1786
2353,28.1514
2354,28.2234
2355,28.0946
2356,28.1839
2357,28.11
2358,28.1291
2359,28.1452
2360,28.1206
2361,28.0646
2362,27.9995
2363,28.0703
2364,28.0934
2365,28.0558
2366,28.1146
2367,28.0461
2368,28.1468
2369,28.2073
2370,28.2058
2371,28.1493
2372,28.0921
2373,28.1996
2374,28.2097
2375,28.2081
2376,28.079
2377,28.1183
2378,28.1582
2379,28.2021
2380,28.1853
2381,28.1574
2382,28.133
2383,28.0777
2384,28.1296
2385,28.0723
2386,28.117
2387,28.0627
2388,28.1213
2389,28.0988
2390,28.0896
2391,28.0847
2392,28.1658
2393,28.1388
2394,28.1154
2395,28.0085
2396,28.0215
2397,27.9919
2398,28.0435
2399,28.1091
2400,28.126
2401,28.0867
2402,28.1284
2403,28.1491
2404,28.2347
2405,28.2015
2406,28.3025
2407,28.2555
2408,28.1837
2409,28.1586
2410,28.2303
2411,28.1607
2412,28.1821
2413,28.2497
2414,28.1939
2415,28.1457
2416,28.088
2417,28.1204
2418,28.1281
2419,28.0661
2420,28.0528
2421,28.1094
2422,28.1666
2423,28.1394
2424,28.1689
2425,28.196
2426,28.1832
2427,28.0764
2428,28.0866
2429,28.1588
2430,28.1324
2431,28.1026
2432,28.1434
2433,28.0839
2434,28.0249
2435,27.9986
2436,28.1097
2437,28.0603
2438,28.1724
2439,27.9494
2440,28.0746
2441,28.0679
2442,28.1449
2443,28.1385
2444,28.0922
2445,28.0938
2446,28.1121
2447,28.0895
2448,28.0155
2449,28.0653
2450,28.0607
2451,28.006
2452,28.0738
2453,28.0265
2454,28.0105
2455,28.0588
2456,28.1065
2457,28.0093
2458,28.0256
2459,28.0563
2460,28.0004
2461,28.0495
2462,27.9835
2463,27.9631
2464,28.0989
2465,28.0891
2466,28.0404
2467,28.0487
2468,28.038
2469,28.133
2470,28.1393
2471,28.0471
2472,28.1005
2473,28.1365
2474,28.2039
2475,28.1713
2476,28.1567
2477,28.1064
2478,28.0916
2479,28.1009
2480,28.1037
2481,28.105
2482,28.0153
2483,28.0396
2484,28.1748
2485,28.0702
2486,28.01
2487,27.9528
2488,28.0666
2489,28.0935
2490,28.1406
2491,28.1088
2492,28.0604
2493,28.0869
2494,28.0661
2495,28.0956
2496,28.1862
2497,28.1714
2498,28.1498
2499,28.1262
2500,28.0282
2501,28.0854
2502,28.1143
2503,28.1485
2504,28.1277
2505,28.0112
2506,28.0552
2507,28.0373
2508,28.0932
2509,28.0386
2510,27.9725
2511,27.8999
2512,27.9605
2513,27.9032
2514,27.965
2515,27.9011
2516,27.9776
2517,28.0071
2518,28.0141
2519,28.0548
2520,28.0935
2521,28.0512
2522,28.1294
2523,28.0842
2524,28.1049
2525,28.1179
2526,28.169
2527,28.2656
2528,28.074
2529,28.1391
2530,28.1787
2531,28.1953
2532,28.1223
2533,28.0644
2534,28.15
2535,28.2064
2536,28.203
2537,28.1475
2538,28.1818
2539,28.1713
2540,28.1104
2541,28.1442
2542,28.0292
2543,28.1797
2544,28.1086
2545,28.0769
2546,28.0141
2547,28.1041
2548,28.0869
2549,28.0495
2550,28.0513
2551,28.0413
2552,28.0087
2553,27.9432
2554,28.068
2555,28.0038
2556,28.0575
2557,27.9976
2558,28.087
2559,28.0909
2560,27.9922
2561,28.0273
2562,28.0675
2563,27.9943
2564,28.0157
2565,28.0474
2566,28.0901
2567,28.0929
2568,28.0806
2569,28.0195
2570,28.0318
2571,27.9903
2572,28.0174
2573,27.9604
2574,27.853
2575,27.9611
2576,28.0261
2577,28.053
2578,28.101
2579,28.1147
2580,28.1211
2581,28.1499
2582,28.1623
2583,28.0986
2584,28.1174
2585,28.1739
2586,28.3501
2587,28.221
2588,28.2088
2589,28.2206
2590,28.1942
2591,28.267
2592,28.3524
2593,28.2391
2594,28.2578
2595,28.2998
2596,28.1365
2597,28.2868
2598,28.1635
2599,28.1771
2600,28.2047
2601,28.1851
2602,28.2485
2603,28.207
2604,28.1298
2605,28.2287
2606,28.1566
2607,28.076
2608,28.1387
2609,28.2607
2610,28.3195
2611,28.2764
2612,28.1549
2613,28.1917
2614,28.2056
2615,28.2785
2616,28.1709
2617,28.2403
2618,28.2747
2619,28.0379
2620,28.1289
2621,28.1376
2622,28.0908
2623,28.1739
2624,28.1391
2625,28.0663
2626,28.1533
2627,28.0192
2628,28.039
2629,28.1592
2630,28.094
2631,28.0491
2632,28.0896
2633,28.1601
2634,28.0718
2635,27.9558
2636,28.0501
2637,28.0079
2638,27.9716
2639,28.1017
2640,28.1433
2641,28.1202
2642,28.1592
2643,28.2232
2644,28.0996
2645,28.1776
2646,28.1656
2647,28.1245
2648,28.1036
2649,28.1357
2650,28.066
2651,28.0854
2652,28.0962
2653,28.1603
2654,28.1277
2655,28.1653
2656,28.142
2657,28.1175
2658,28.1605
2659,28.1522
2660,28.1046
2661,28.1441
2662,28.1539
2663,28.1301
2664,28.037
2665,28.0884
2666,28.1195
2667,28.0521
2668,28.1101
2669,28.111
2670,28.1832
2671,28.1769
2672,28.0687
2673,28.0358
2674,28.0154
2675,28.0526
2676,28.1543
2677,28.1407
2678,28.1088
2679,28.0559
2680,28.0062
2681,28.0499
2682,28.0088
2683,28.0602
2684,28.0868
2685,28.1741
2686,28.1847
2687,28.1603
2688,28.186
2689,28.0744
2690,28.1043
2691,28.1161
2692,28.0423
2693,28.1516
2694,28.1631
2695,28.2157
2696,28.301
2697,28.1771
2698,28.1618
2699,28.2449
2700,28.1556
2701,28.2222
2702,28.215
2703,28.2529
2704,28.1703
2705,28.2382
2706,28.2058
2707,28.2534
2708,28.1376
2709,28.284
2710,28.1179
2711,28.1179
2712,28.1351
2713,28.1314
2714,28.0991
2715,28.0991
2716,28.0869
2717,28.1708
2718,28.1168
2719,28.0609
2720,28.1863
2721,28.1629
2722,28.1364
2723,28.2739
2724,28.2143
2725,28.0586
2726,28.2188
2727,28.0416
2728,28.1774
2729,28.258
2730,28.1231
2731,28.1208
2732,28.1054
2733,27.9672
2734,27.9924
2735,28.1036
2736,28.1234
2737,28.1374
2738,28.0416
2739,28.2004
2740,28.1948
2741,28.2007
2742,28.1626
2743,28.2062
2744,28.322
2745,28.1108
2746,28.2352
2747,28.2196
2748,28.0913
2749,28.0649
2750,28.1502
2751,28.0688
2752,28.158
2753,28.1462
2754,28.0026
2755,28.1079
2756,27.961
2757,28.0558
2758,28.0614
2759,28.0112
2760,28.097
2761,28.1537
2762,28.0612
2763,28.0714
2764,28.013
2765,28.0372
2766,27.9543
2767,28.0675
2768,28.1187
2769,28.1139
2770,28.0881
2771,28.1656
2772,28.1312
2773,28.2278
2774,28.2394
2775,28.1709
2776,28.121
2777,28.0826
2778,28.0837
2779,28.1112
2780,28.1021
2781,28.2379
2782,28.151
2783,28.1424
2784,28.1753
2785,28.1586
2786,28.2043
2787,28.1512
2788,28.12
2789,28.0399
2790,28.0119
2791,28.0765
2792,28.1524
2793,28.089
2794,28.0051
2795,28.1
2796,27.9113
2797,28.0602
2798,28.089
2799,28.0806
2800,27.9874
2801,27.9665
2802,28.0228
2803,27.9848
2804,28.056
2805,28.0097
2806,28.0471
2807,28.1382
2808,28.0724
2809,27.955
2810,27.9445
2811,27.9257
2812,28.0577
2813,27.9487
2814,28.0044
2815,28.0931
2816,27.9712
2817,28.0894
2818,28.0772
2819,27.9792
2820,28.0849
2821,28.0386
2822,27.9982
2823,27.9675
2824,28.0415
2825,27.95
2826,28.0286
2827,27.9546
2828,27.9793
2829,27.8566
2830,27.8618
2831,27.8444
2832,27.8536
2833,27.9532
2834,27.9617
2835,27.8549
2836,27.9722
2837,27.8968
2838,27.9993
2839,27.814
2840,27.8593
2841,27.8903
2842,27.9785
2843,27.983
2844,28.0409
2845,28.0205
2846,27.9906
2847,27.8453
2848,27.9005
2849,27.9229
2850,27.9545
2851,27.8584
2852,27.9868
2853,28.0105
2854,28.0033
2855,27.9886
2856,27.8419
2857,27.9252
2858,27.8703
2859,27.8888
2860,27.8884
2861,27.8985
2862,27.9023
2863,27.9272
2864,27.8514
2865,27.9306
2866,27.8696
2867,27.8596
2868,27.8345
2869,27.8484
2870,28.0175
2871,27.8944
2872,27.9487
2873,27.9731
2874,27.8976
2875,27.7985
2876,27.8623
2877,27.9223
2878,27.9152
2879,27.937
2880,27.892
2881,27.9934
2882,27.9524
2883,27.9547
2884,27.9836
2885,27.8203
2886,27.8182
2887,27.8104
2888,27.8581
2889,27.8621
2890,27.8875
2891,27.9516
2892,27.8749
2893,27.8673
2894,27.884
2895,27.9945
2896,27.9242
2897,27.8965
2898,27.8346
2899,27.8883
2900,27.9768
2901,27.9091
2902,27.9517
2903,27.9017
2904,28.0431
2905,27.9922
2906,27.9828
2907,28.016
2908,27.9465
2909,27.999
2910,27.9778
2911,28.0516
2912,28.0127
2913,27.978
2914,27.8347
2915,27.9015
2916,27.8814
2917,27.8788
2918,27.8737
2919,27.8982
2920,27.8841
2921,27.8623
2922,27.9063
2923,27.9317
2924,27.9983
2925,28.0637
2926,28.0757
2927,28.0297
2928,28.1277
2929,28.0458
2930,27.9107
2931,27.9442
2932,27.9418
2933,28.0132
2934,27.9359
2935,28.0223
2936,27.9982
2937,28.018
2938,28.0011
2939,28.0521
2940,28.0362
2941,28.0428
2942,28.0448
2943,27.9815
2944,27.9853
2945,27.959
2946,27.8674
2947,27.9535
2948,27.8886
2949,27.8342
2950,27.9478
2951,27.9275
2952,27.9358
2953,27.9593
2954,28.0101
2955,28.0775
2956,28.0243
2957,27.9658
2958,28.0612
2959,28.0398
2960,28.0091
2961,27.9984
2962,27.9757
2963,28.0684
2964,28.0392
2965,28.0398
2966,28.0024
2967,28.0597
2968,27.9401
2969,28.0604
2970,27.8803
2971,28.036
2972,28.0234
2973,28.0592
2974,28.1202
2975,28.0555
2976,28.1924
2977,28.0078
2978,28.1212
2979,28.0691
2980,28.0415
2981,28.1276
2982,28.0855
2983,28.0352
2984,28.0633
2985,27.9781
2986,27.9934
2987,27.9157
2988,28.0105
2989,28.1046
2990,28.1081
2991,28.0953
2992,28.0834
2993,27.9901
2994,28.0584
2995,28.0351
2996,28.1581
2997,28.1479
2998,28.2093
2999,28.2372
3000,28.1861
3001,28.1921
3002,28.1258
3003,28.0612
3004,28.0853
3005,28.1268
3006,28.1097
3007,28.0653
3008,28.1472
3009,28.1358
3010,28.0726
3011,27.975
3012,28.0815
3013,28.0775
3014,28.229
3015,28.1575
3016,28.1398
3017,28.0281
3018,28.12
3019,28.0141
3020,28.0019
3021,28.0658
3022,28.1044
3023,28.0662
3024,28.1211
3025,28.0379
3026,28.1044
3027,28.0198
3028,28.027
3029,28.0588
3030,28.1497
3031,28.0985
3032,28.1005
3033,28.097
3034,28.0265
3035,27.9998
3036,28.0103
3037,28.0184
3038,28.2244
3039,28.1625
3040,28.084
3041,28.0061
3042,28.075
3043,28.0298
3044,27.8713
3045,27.9746
3046,27.9658
3047,28.018
3048,28.1482
3049,28.0292
3050,27.9732
3051,28.0274
3052,27.9314
3053,28.0051
3054,28.1169
3055,28.0121
3056,27.9619
3057,27.9853
3058,27.929
3059,28.0684
3060,27.9755
3061,27.9776
3062,27.9367
3063,27.8952
3064,27.8847
3065,27.8421
3066,28.0114
3067,28.0281
3068,27.9562
3069,28.0211
3070,28.0577
3071,28.0409
3072,28.0095
3073,28.057
3074,28.0904
3075,28.1172
3076,28.2288
3077,28.1803
3078,28.1229
3079,28.1052
3080,28.0005
3081,28.0177
3082,27.9521
3083,27.9607
3084,28.0699
3085,28.1037
3086,28.0438
3087,27.9489
3088,27.9617
3089,27.9893
3090,28.145
3091,28.124
3092,28.1535
3093,28.2349
3094,28.1596
3095,28.1381
3096,28.1034
3097,28.0703
3098,28.155
3099,28.0274
3100,28.0092
3101,28.0198
3102,27.9891
3103,28.1157
3104,28.1143
3105,28.1024
3106,28.1267
3107,28.1296
3108,28.1059
3109,28.1351
3110,28.0713
3111,28.0382
3112,28.0416
3113,27.9658
3114,28.0145
3115,27.955
3116,27.9558
3117,27.9521
3118,27.9414
3119,28.0261
3120,28.0027
3121,28.1331
3122,28.0702
3123,28.042
3124,28.0442
3125,28.1406
3126,28.121
3127,28.1002
3128,28.0707
3129,28.0819
3130,28.0702
3131,27.9255
3132,28.0155
3133,28.0424
3134,28.1186
3135,28.1216
3136,28.1318
3137,28.0883
3138,28.1802
3139,28.1655
3140,28.1646
3141,28.1763
3142,28.0454
3143,28.1052
3144,28.0573
3145,28.0534
3146,28.2024
3147,28.0606
3148,28.0487
3149,28.0995
3150,28.1195
3151,28.125
3152,28.0474
3153,28.1317
3154,28.1848
3155,28.1247
3156,28.1728
3157,28.256
3158,28.0945
3159,28.1595
3160,28.1739
3161,28.1134
3162,28.0847
3163,28.1139
3164,28.1042
3165,27.9626
3166,28.0751
3167,28.0788
3168,28.19
3169,28.1722
3170,28.2066
3171,28.1829
3172,28.0965
3173,27.9981
3174,28.0413
3175,28.1491
3176,28.098
3177,28.055
3178,28.0863
3179,28.111
3180,28.009
3181,28.0972
3182,28.0764
3183,28.1753
3184,28.1724
3185,28.1663
3186,28.1234
3187,28.2523
3188,28.1627
3189,28.1099
3190,28.1161
3191,28.1519
3192,28.1997
3193,28.1237
3194,28.1494
3195,28.204
3196,28.1909
3197,28.2424
3198,28.2101
3199,28.1428
3200,28.1562
3201,28.1911
3202,28.183
3203,28.272
3204,28.2483
3205,28.289
3206,28.2318
3207,28.1132
3208,28.1532
3209,28.0191
3210,28.2492
3211,28.1512
3212,28.2287
3213,28.2964
3214,28.2325
3215,28.1478
3216,28.1432
3217,28.0581
3218,28.1896
3219,28.0762
3220,28.2392
3221,28.2343
3222,28.2533
3223,28.195
3224,28.0238
3225,28.0747
3226,28.0888
3227,28.1904
3228,28.2491
3229,28.1923
3230,28.1634
3231,28.0526
3232,28.2306
3233,28.144
3234,28.1899
3235,28.0821
3236,28.0689
3237,27.9934
3238,28.0277
3239,28.1342
3240,28.1145
3241,28.0112
3242,27.984
3243,28.0283
3244,28.0202
3245,28.0163
3246,28.107
3247,28.0374
3248,27.9655
3249,27.9828
3250,28.0298
3251,27.9292
3252,27.9687
3253,27.9552
3254,27.9435
3255,27.9583
3256,27.9052
3257,27.9583
3258,27.9574
3259,28.0099
3260,27.9116
3261,27.9736
3262,27.9971
3263,28.0166
3264,28.0339
3265,27.9998
3266,27.924
3267,27.943
3268,27.8738
3269,28.0616
3270,28.0628
3271,27.9845
3272,28.1585
3273,28.107
3274,28.0877
3275,28.0569
3276,28.0643
3277,28.0856
3278,28.0467
3279,28.0057
3280,27.9917
3281,28.0952
3282,28.0436
3283,28.1526
3284,28.1398
3285,28.137
3286,28.0878
3287,28.1746
3288,28.1254
3289,28.0312
3290,28.1403
3291,28.1183
3292,28.1615
3293,28.0769
3294,28.0725
3295,28.2002
3296,28.1621
3297,28.1613
3298,28.1875
3299,28.1936
3300,28.2051
3301,28.0303
3302,28.0731
3303,28.0581
3304,28.1507
3305,28.0313
3306,28.066
3307,28.0641
3308,28.153
3309,28.1048
3310,28.1426
3311,28.099
3312,28.0165
3313,28.1269
3314,28.0208
3315,28.1595
3316,28.0876
3317,28.0737
3318,27.9561
3319,27.9991
3320,28.0283
3321,28.0329
3322,28.1763
3323,28.0733
3324,28.1337
3325,28.2189
3326,28.0491
3327,27.953
3328,28.0466
3329,28.0605
3330,28.0187
3331,28.029
3332,28.0029
3333,28.0239
3334,28.0375
3335,28.0855
3336,28.1703
3337,28.1337
3338,28.1196
3339,28.1361
3340,28.1405
3341,28.188
3342,28.1708
3343,28.0995
3344,28.0591
3345,28.0234
3346,27.9826
3347,28.1361
3348,28.1173
3349,28.0661
3350,28.1085
3351,28.0196
3352,27.9572
3353,28.0769
3354,28.124
3355,28.1083
3356,28.1405
3357,28.0903
3358,28.1407
3359,28.0842
3360,27.9922
3361,28.1122
3362,27.9447
3363,28.2049
3364,28.143
3365,28.0468
3366,28.1351
3367,28.1119
3368,28.0468
3369,28.1213
3370,28.0066
3371,28.0855
3372,27.9864
3373,28.0127
3374,28.0341
3375,28.0575
3376,28.0052
3377,28.0692
3378,28.1816
3379,28.2135
3380,28.1394
3381,28.1013
3382,28.1056
3383,28.1133
3384,28.2843
3385,28.255
3386,28.2901
3387,28.1208
3388,28.1866
3389,28.0048
3390,28.071
3391,28.0158
3392,28.0734
3393,28.0623
3394,28.1224
3395,28.0401
3396,28.1164
3397,28.1073
3398,28.1409
3399,28.0179
3400,28.1108
3401,28.1124
3402,28.1001
3403,28.0942
3404,28.0683
3405,28.0505
3406,28.1615
3407,28.019
3408,28.0997
3409,28.23
3410,28.0539
3411,28.0881
3412,28.1879
3413,28.1603
3414,28.1141
3415,28.2243
3416,28.2342
3417,28.29
3418,28.1726
3419,28.2926
3420,28.1981
3421,28.235
3422,28.2199
3423,28.1476
3424,28.1761
3425,28.196
3426,28.2434
3427,28.1302
3428,28.12
3429,28.1313
3430,28.1682
3431,28.1695
3432,28.0967
3433,28.2931
3434,28.1897
3435,28.1308
3436,28.1239
3437,28.0062
3438,28.0421
3439,28.2007
3440,28.245
3441,28.2226
3442,28.1395
3443,28.0301
3444,28.0758
3445,28.1644
3446,28.2166
3447,28.2269
3448,28.2059
3449,28.1691
3450,28.1347
3451,28.2081
3452,28.1171
3453,28.1117
3454,28.0919
3455,28.0916
3456,28.0955
3457,28.124
3458,28.157
3459,28.1804
3460,28.2077
3461,28.1413
3462,28.2638
3463,28.2263
3464,28.2559
3465,28.1554
3466,28.1243
3467,28.1008
3468,28.0906
3469,28.1966
3470,28.061
3471,28.1547
3472,28.1758
3473,28.1789
3474,28.1455
3475,28.035
3476,28.091
3477,28.0112
3478,28.1131
3479,28.099
3480,28.0571
3481,28.1089
3482,27.9911
3483,28.1293
3484,28.0688
3485,28.0176
3486,28.0595
3487,28.1361
3488,28.0822
3489,28.2473
3490,28.1834
3491,28.0648
3492,28.172
3493,28.0906
3494,28.1732
3495,28.1679
3496,28.0612
3497,28.0401
3498,28.1827
3499,28.0916
3500,28.2111
3501,28.1918
3502,28.2541
3503,28.1544
3504,28.2368
3505,28.2872
3506,28.2856
3507,28.37
3508,28.2432
3509,28.1808
3510,28.2135
3511,28.1805
3512,28.266
3513,28.1708
3514,28.1153
3515,27.9978
3516,28.0587
3517,28.0562
3518,28.1099
3519,28.03
3520,28.0926
3521,28.1545
3522,27.9591
3523,27.9708
3524,28.0148
3525,28.0495
3526,27.9853
3527,28.0403
3528,27.9989
3529,27.9932
3530,27.9193
3531,28.0381
3532,28.1022
3533,28.1121
3534,28.1001
3535,28.1204
3536,28.0461
3537,28.1015
3538,28.0943
3539,27.9916
3540,28.0335
3541,28.1044
3542,28.1844
3543,28.2024
3544,28.1309
3545,28.1935
3546,28.0667
3547,28.0833
3548,28.0527
3549,27.9996
3550,28.1281
3551,28.1204
3552,28.091
3553,28.135
3554,28.0683
3555,28.132
3556,28.1682
3557,28.0541
3558,28.0555
3559,28.1353
3560,27.9701
3561,27.9956
3562,28.0961
3563,28.1059
3564,28.164
3565,28.1465
3566,28.0495
3567,28.1547
3568,28.1474
3569,28.1018
3570,28.1309
3571,28.1395
3572,28.1818
3573,28.1232
3574,28.0539
3575,28.0836
3576,28.1075
3577,28.0639
3578,28.0756
3579,28.1477
3580,28.1874
3581,28.1003
3582,28.0862
3583,28.0934
3584,28.037
3585,28.0319
3586,27.8826
3587,28.0464
3588,28.0682
3589,28.0321
3590,28.0804
3591,28.0238
3592,27.9708
3593,27.9323
3594,27.9903
3595,28.0573
3596,27.9449
3597,27.9653
3598,27.9588
3599,27.9972
3600,27.9773
3601,27.9794
3602,28.0182
3603,28.1009
3604,28.0912
3605,28.1444
3606,28.0501
3607,28.1493
3608,28.0666
3609,28.1136
3610,27.989
3611,28.0317
3612,27.9675
3613,28.0958
3614,28.0763
3615,28.0866
3616,28.0791
3617,28.044
3618,27.955
3619,27.8756
3620,27.9601
3621,28.0109
3622,28.0638
3623,28.0017
3624,28.0576
3625,28.0611
3626,28.1404
3627,28.0127
3628,28.1333
3629,28.0318
3630,27.9887
3631,28.0418
3632,28.013
3633,28.0932
3634,28.0113
3635,28.0202
3636,28.1039
3637,27.9961
3638,27.9905
3639,28.1014
3640,28.0829
3641,28.1039
3642,28.0181
3643,28.0278
3644,28.1745
3645,28.1601
3646,28.1481
3647,28.1903
3648,28.2114
3649,28.0524
3650,28.0664
3651,28.05
3652,28.0686
3653,28.0291
3654,27.9392
3655,28.0793
3656,27.9967
3657,28.0592
3658,28.1413
3659,28.0778
3660,28.027
3661,28.1106
3662,28.1283
3663,28.061
3664,28.0298
3665,28.1116
3666,28.0739
3667,28.072
3668,28.1415
3669,28.1039
3670,28.0839
3671,28.1764
3672,28.0717
3673,28.0283
3674,28.0375
3675,28.0051
3676,28.0008
3677,28.142
3678,28.0387
3679,27.9646
3680,28.0892
3681,28.1608
3682,28.0813
3683,28.1536
3684,28.1195
3685,28.1049
3686,28.1605
3687,28.0133
3688,28.0676
3689,28.2137
3690,28.1718
3691,28.1472
3692,28.0375
3693,28.0356
3694,28.0333
3695,27.971
3696,27.9688
3697,28.0405
3698,27.9558
3699,28.0277
3700,28.1651
3701,28.0851
3702,28.0258
3703,28.0501
3704,28.0589
3705,28.0329
3706,28.1057
3707,28.0711
3708,28.0998
3709,27.9848
3710,28.0655
3711,27.9724
3712,28.1517
3713,27.9604
3714,28.1276
3715,28.0383
3716,27.9943
3717,28.0109
3718,27.9796
3719,28.0352
3720,27.9885
3721,28.0474
3722,28.1461
3723,28.1088
3724,28.0718
3725,28.1549
3726,28.1259
3727,28.0396
3728,28.0185
3729,28.1347
3730,28.1453
3731,28.08
3732,28.1104
3733,28.0679
3734,28.0965
3735,28.1455
3736,28.1363
3737,28.0979
3738,28.1382
3739,28.0843
3740,28.1632
3741,28.1377
3742,28.1098
3743,28.1974
3744,28.184
3745,28.1313
3746,28.1931
3747,28.1482
3748,28.0412
3749,28.1249
3750,28.1245
3751,28.1575
3752,28.1575
3753,28.1988
3754,28.2035
3755,28.2298
3756,28.1858
3757,28.1498
3758,28.0721
3759,28.1904
3760,28.2297
3761,28.1745
3762,28.1615
3763,28.073
3764,28.1391
3765,28.1288
3766,28.1741
3767,28.2067
3768,28.298
3769,28.3033
3770,28.2646
3771,28.2703
3772,28.3488
3773,28.3878
3774,28.2648
3775,28.3411
3776,28.2131
3777,28.2617
3778,28.2198
3779,28.3235
3780,28.2349
3781,28.239
3782,28.168
3783,28.1836
3784,28.1374
3785,28.2243
3786,28.2022
3787,28.2521
3788,28.2324
3789,28.3039
3790,28.2765
3791,28.302
3792,28.2375
3793,28.2683
3794,28.2513
3795,28.2727
3796,28.2254
3797,28.1741
3798,28.1528
3799,28.1337
3800,28.2449
3801,28.1985
3802,28.2401
3803,28.2281
3804,28.2245
3805,28.2583
3806,28.1787
3807,28.2368
3808,28.2767
3809,28.2697
3810,28.2537
3811,28.2596
3812,28.2837
3813,28.2843
3814,28.3657
3815,28.294
3816,28.2494
3817,28.2141
3818,28.2468
3819,28.4059
3820,28.3218
3821,28.2147
3822,28.2169
3823,28.2345
3824,28.2866
3825,28.2295
3826,28.2024
3827,28.2627
3828,28.1935
3829,28.1217
3830,28.2116
3831,28.2577
3832,28.3595
3833,28.3811
3834,28.2534
3835,28.2421
3836,28.2436
3837,28.1116
3838,28.1159
3839,27.9583
3840,28.1471
3841,28.0347
3842,28.1496
3843,28.1112
3844,28.2291
3845,28.2139
3846,28.2436
3847,28.1567
3848,28.244
3849,28.2537
3850,28.2458
3851,28.2794
3852,28.1726
3853,28.2572
3854,28.1517
3855,28.1446
3856,28.1968
3857,28.1202
3858,28.1024
3859,28.1991
3860,28.166
3861,28.1611
3862,28.1673
3863,28.2976
3864,28.1692
3865,28.2975
3866,28.0325
3867,28.1494
3868,28.1112
3869,28.0843
3870,28.3168
3871,28.2667
3872,28.1935
3873,28.2311
3874,28.1845
3875,28.2177
3876,28.2419
3877,28.2812
3878,28.2433
3879,28.2032
3880,28.0995
3881,28.1948
3882,28.2814
3883,28.2131
3884,28.2159
3885,28.2145
3886,28.2601
3887,28.095
3888,28.1239
3889,28.277
3890,28.1688
3891,28.1317
3892,28.1875
3893,28.1881
3894,28.0838
3895,28.1449
3896,28.1481
3897,28.1791
3898,28.1089
3899,28.1537
3900,28.2052
3901,28.1688
3902,28.2107
3903,28.3057
3904,28.4057
3905,28.2997
3906,28.3098
3907,28.3639
3908,28.3722
3909,28.366
3910,28.3351
3911,28.3206
3912,28.1798
3913,28.2
3914,28.2291
3915,28.2095
3916,28.243
3917,28.174
3918,28.1814
3919,28.1988
3920,28.1872
3921,28.2257
3922,28.2171
3923,28.3059
3924,28.2531
3925,28.213
3926,28.2749
3927,28.3091
3928,28.22
3929,28.202
3930,28.2769
3931,28.4239
3932,28.4015
3933,28.3881
3934,28.4472
3935,28.3329
3936,28.4322
3937,28.307
3938,28.3629
3939,28.3234
3940,28.3538
3941,28.3443
3942,28.2689
3943,28.2999
3944,28.2762
3945,28.2325
3946,28.2351
3947,28.0738
3948,28.1835
3949,28.148
3950,28.1431
3951,28.2236
3952,28.1942
3953,28.1699
3954,28.1897
3955,28.2324
3956,28.3291
3957,28.3426
3958,28.4044
3959,28.2747
3960,28.1869
3961,28.1602
3962,28.2071
3963,28.2297
3964,28.3079
3965,28.3632
3966,28.2707
3967,28.4021
3968,28.3639
3969,28.3345
3970,28.4349
3971,28.4038
3972,28.3525
3973,28.4045
3974,28.2328
3975,28.1823
3976,28.3311
3977,28.3047
3978,28.3423
3979,28.2422
3980,28.2891
3981,28.2495
3982,28.1641
3983,28.2527
3984,28.1501
3985,28.2321
3986,28.2574
3987,28.2243
3988,28.198
3989,28.2262
3990,28.3648
3991,28.2973
3992,28.2747
3993,28.2322
3994,28.2237
3995,28.236
3996,28.2839
3997,28.3017
3998,28.2724
3999,28.3318
4000,28.3799
4001,28.3598
4002,28.4267
4003,28.2557
4004,28.3095
4005,28.2849
4006,28.2319
4007,28.3799
4008,28.294
4009,28.2689
4010,28.231
4011,28.2471
4012,28.2591
4013,28.3456
4014,28.276
4015,28.1824
4016,28.342
4017,28.3774
4018,28.3173
4019,28.3418
4020,28.3321
4021,28.3168
4022,28.3587
4023,28.2599
4024,28.1664
4025,28.1792
4026,28.1985
4027,28.2166
4028,28.2704
4029,28.3008
4030,28.321
4031,28.3202
4032,28.3265
4033,28.3147
4034,28.3804
4035,28.4144
4036,28.4484
4037,28.4614
4038,28.37
4039,28.4298
4040,28.3212
4041,28.2335
4042,28.3132
4043,28.3527
4044,28.2375
4045,28.3202
4046,28.2351
4047,28.1759
4048,28.3131
4049,28.2399
4050,28.2012
4051,28.1759
4052,28.2479
4053,28.2738
4054,28.1596
4055,28.2059
4056,28.2508
4057,28.2821
4058,28.1568
4059,28.1339
4060,28.3034
4061,28.1824
4062,28.1609
4063,28.2591
4064,28.172
4065,28.1696
4066,28.2101
4067,28.229
4068,28.2151
4069,28.2434
4070,28.1682
4071,28.1736
4072,28.2261
4073,28.2253
4074,28.0854
4075,28.1655
4076,28.2127
4077,28.161
4078,28.1334
4079,28.1119
4080,28.2732
4081,28.2144
4082,28.1941
4083,28.2078
4084,28.1705
4085,28.1523
4086,28.2455
4087,28.3084
4088,28.2437
4089,28.3196
4090,28.0582
4091,28.154
4092,28.2579
4093,28.2366
4094,28.2014
4095,28.2105
4096,28.1041
4097,28.1088
4098,28.2167
4099,28.0432
4100,28.1054
4101,28.137
4102,28.0687
4103,28.1862
4104,28.2154
4105,28.2158
4106,28.338
4107,28.3144
4108,28.2666
4109,28.1968
4110,28.1893
4111,28.1547
4112,28.1896
4113,28.1987
4114,28.2736
4115,28.2202
4116,28.315
4117,28.2559
4118,28.1135
4119,28.21
4120,28.2214
4121,28.2444
4122,28.2718
4123,28.1604
4124,28.0879
4125,28.1256
4126,28.1128
4127,28.0912
4128,28.1587
4129,28.067
4130,28.1576
4131,28.1439
4132,28.1893
4133,28.1969
4134,28.1721
4135,28.0716
4136,28.0933
4137,28.2127
4138,28.2345
4139,28.1899
4140,28.2062
4141,28.2123
4142,28.2534
4143,28.214
4144,28.1963
4145,28.2267
4146,28.1543
4147,28.148
4148,28.1492
4149,28.169
4150,28.1341
4151,28.1001
4152,28.1709
4153,28.1524
4154,28.0936
4155,28.0938
4156,28.1275
4157,28.1675
4158,28.2173
4159,28.1671
4160,28.1657
4161,28.2659
4162,28.1909
4163,28.1619
4164,28.2303
4165,28.1366
4166,28.1932
4167,28.2563
4168,28.1644
4169,28.2582
4170,28.1888
4171,28.2319
4172,28.2813
4173,28.2288
4174,28.1675
4175,28.2704
4176,28.2307
4177,28.1362
4178,28.1878
4179,28.2351
4180,28.2784
4181,28.2963
4182,28.2372
4183,28.2419
4184,28.1906
4185,28.1093
4186,28.2681
4187,28.2666
4188,28.2158
4189,28.0497
4190,28.1421
4191,28.1157
4192,28.0912
4193,28.3194
4194,28.2733
4195,28.2909
4196,28.276
4197,28.212
4198,28.2249
4199,28.2353
4200,28.2385
4201,28.2831
4202,28.2101
4203,28.2769
4204,28.2644
4205,28.1127
4206,28.1676
4207,28.1835
4208,28.2118
4209,28.3095
4210,28.2443
4211,28.1237
4212,28.1195
4213,28.1557
4214,28.2363
4215,28.17
4216,28.1812
4217,28.1775
4218,28.1773
4219,28.1613
4220,28.1298
4221,28.0907
4222,28.1939
4223,28.1927
4224,28.1917
4225,28.1612
4226,28.1206
4227,28.0646
4228,28.1209
4229,28.1493
4230,28.1365
4231,28.0653
4232,28.1631
4233,28.2354
4234,28.1812
4235,28.1705
4236,28.2015
4237,28.1409
4238,28.1746
4239,28.0195
4240,28.1499
4241,28.0771
4242,28.1002
4243,28.0144
4244,28.1928
4245,28.2094
4246,28.2517
4247,28.1761
4248,28.1048
4249,28.1196
4250,28.2643
4251,28.3035
4252,28.1359
4253,28.1353
4254,28.2148
4255,28.1789
4256,28.1124
4257,28.156
4258,28.1409
4259,28.2461
4260,28.1386
4261,28.1424
4262,28.1884
4263,28.1698
4264,28.0968
4265,28.1345
4266,28.2077
4267,28.1728
4268,28.1764
4269,28.332
4270,28.2131
4271,28.206
4272,28.2074
4273,28.1058
4274,28.0775
4275,28.1823
4276,28.1272
4277,28.0601
4278,28.0074
4279,28.1683
4280,28.1636
4281,28.1059
4282,28.1605
4283,28.1059
4284,28.1351
4285,28.198
4286,28.2611
4287,28.1742
4288,28.0296
4289,28.138
4290,28.1432
4291,28.2225
4292,28.2629
4293,28.3056
4294,28.2552
4295,28.1356
4296,28.1425
4297,28.1901
4298,28.1532
4299,28.0067
4300,28.0958
4301,28.1731
4302,28.1349
4303,28.046
4304,28.1707
4305,28.0808
4306,28.1603
4307,28.0648
4308,28
4309,27.9963
4310,27.9997
4311,28.0102
4312,28.134
4313,28.0422
4314,28.0664
4315,28.1154
4316,28.0203
4317,28.0324
4318,28.1366
4319,28.0227
4320,28.0462
4321,28.0433
4322,28.0455
4323,28.1048
4324,28.1036
4325,28.0241
4326,27.9851
4327,28.0278
4328,28.0769
4329,28.1163
4330,28.1675
4331,28.1785
4332,28.113
4333,28.0562
4334,28.0646
4335,28.131
4336,28.0484
4337,28.0754
4338,28.0183
4339,28.12
4340,28.1591
4341,28.1421
4342,28.1449
4343,28.1647
4344,28.0757
4345,28.1149
4346,28.2144
4347,28.1818
4348,28.1465
4349,28.1328
4350,28.1467
4351,28.1465
4352,28.1512
4353,28.1418
4354,28.0025
4355,28.1046
4356,28.2202
4357,28.1395
4358,28.279
4359,28.1698
4360,28.1725
4361,28.071
4362,28.0966
4363,28.2332
4364,28.1668
4365,28.2037
4366,28.2513
4367,28.1409
4368,28.1159
4369,28.2827
4370,28.0919
4371,28.2057
4372,28.2695
4373,28.1325
4374,28.2396
4375,28.2863
4376,28.288
4377,28.2926
4378,28.2516
4379,28.1419
4380,28.153
4381,28.1472
4382,28.1494
4383,28.1382
4384,28.1693
4385,28.0871
4386,28.1973
4387,28.15
4388,28.1551
4389,28.2084
4390,28.0458
4391,28.1754
4392,28.1672
4393,28.2028
4394,28.2012
4395,28.134
4396,28.2151
4397,28.144
4398,28.2489
4399,28.1795
4400,28.1304
4401,28.1905
4402,28.1988
4403,28.0891
4404,28.0367
4405,28.0897
4406,28.0564
4407,28.0505
4408,28.0229
4409,28.0215
4410,28.1421
4411,28.0846
4412,27.9807
4413,28.1543
4414,28.0799
4415,28.1095
4416,28.0966
4417,28.1499
4418,28.2046
4419,28.1111
4420,28.1802
4421,28.0704
4422,28.2576
4423,28.2326
4424,28.2282
4425,28.2173
4426,28.2494
4427,28.2299
4428,28.1893
4429,28.2304
4430,28.0585
4431,28.1506
4432,28.0783
4433,28.1057
4434,28.114
4435,28.1796
4436,28.1527
4437,28.1377
4438,28.0744
4439,28.0625
4440,28.1183
4441,28.0336
4442,28.1058
4443,28.0951
4444,28.128
4445,28.0664
4446,28.1573
4447,28.1112
4448,28.1342
4449,28.1588
4450,28.0948
4451,28.3125
4452,28.2398
4453,28.2786
4454,28.2186
4455,28.1345
4456,28.2142
4457,28.2136
4458,28.2428
4459,28.1553
4460,28.1691
4461,28.3366
4462,28.2982
4463,28.155
4464,28.2212
4465,28.2532
4466,28.305
4467,28.2843
4468,28.2282
4469,28.293
4470,28.2341
4471,28.151
4472,28.1639
4473,28.2408
4474,28.1248
4475,28.1508
4476,28.1826
4477,28.2551
4478,28.208
4479,28.2183
4480,28.1607
4481,28.1788
4482,28.1605
4483,28.1075
4484,28.1289
4485,28.1241
4486,28.218
4487,28.2464
4488,28.165
4489,28.2043
4490,28.106
4491,28.155
4492,28.1436
4493,28.1746
4494,28.1474
4495,28.1437
4496,28.0871
4497,28.0718
4498,28.0183
4499,28.1386
4500,28.136
4501,28.1336
4502,28.1078
4503,28.2215
4504,28.1084
4505,28.1135
4506,28.0706
4507,28.1493
4508,28.1481
4509,28.175
4510,28.1239
4511,28.2391
4512,28.2299
4513,28.1681
4514,28.2245
4515,28.1504
4516,28.1186
4517,28.0653
4518,28.1283
4519,28.1406
4520,28.0997
4521,28.2075
4522,28.1026
4523,28.0849
4524,28.1385
4525,28.0728
4526,28.205
4527,28.1999
4528,28.2161
4529,28.12
4530,28.1044
4531,28.1392
4532,28.0523
4533,28.1428
4534,28.1175
4535,28.1287
4536,28.1715
4537,28.135
4538,28.142
4539,28.1308
4540,28.085
4541,28.1135
4542,28.1167
4543,28.0964
4544,28.0343
4545,28.1157
4546,28.2047
4547,28.2207
4548,28.1377
4549,28.1631
4550,28.2416
4551,28.2835
4552,28.2757
4553,28.2087
4554,28.1483
4555,28.1582
4556,28.1158
4557,28.0576
4558,28.1364
4559,28.1595
4560,28.2504
4561,28.2652
4562,28.3392
4563,28.2843
4564,28.4505
4565,28.2972
4566,28.3008
4567,28.3248
4568,28.3209
4569,28.2303
4570,28.2775
4571,28.2342
4572,28.1921
4573,28.241
4574,28.1761
4575,28.1156
4576,28.1455
4577,28.1715
4578,28.1248
4579,28.161
4580,28.1807
4581,28.1843
4582,28.1631
4583,28.237
4584,28.1826
4585,28.2071
4586,28.3077
4587,28.2656
4588,28.2267
4589,28.1554
4590,28.1961
4591,28.2704
4592,28.1395
4593,28.1168
4594,28.1048
4595,28.2822
4596,28.2722
4597,28.1645
4598,28.1213
4599,28.0813
4600,28.1646
4601,28.1093
4602,28.1764
4603,28.1905
4604,28.2719
4605,28.2144
4606,28.0935
4607,28.0658
4608,27.9933
4609,28.014
4610,28.0653
4611,28.0982
4612,28.0307
4613,28.0018
4614,28.1472
4615,28.1198
4616,28.1208
4617,28.2044
4618,28.122
4619,28.2481
4620,28.107
4621,28.1701
4622,28.1804
4623,28.1838
4624,28.2019
4625,28.1786
4626,28.2435
4627,28.3468
4628,28.2148
4629,28.2616
4630,28.2031
4631,28.1303
4632,28.0467
4633,28.1779
4634,28.2136
4635,28.318
4636,28.2217
4637,28.3025
4638,28.156
4639,28.1488
4640,28.2395
4641,28.2613
4642,28.2857
4643,28.2331
4644,28.2413
4645,28.1828
4646,28.2006
4647,28.1794
4648,28.2884
4649,28.1953
4650,28.2131
4651,28.2017
4652,28.1549
4653,28.1755
4654,28.1637
4655,28.1543
4656,28.2387
4657,28.2883
4658,28.2527
4659,28.2522
4660,28.2513
4661,28.1854
4662,28.1095
4663,28.0606
4664,28.1378
4665,28.1391
4666,28.2339
4667,28.2136
4668,28.3231
4669,28.1772
4670,28.2295
4671,28.3376
4672,28.2893
4673,28.2307
4674,28.1526
4675,28.1596
4676,28.0786
4677,28.0725
4678,28.1576
4679,28.014
4680,28.0715
4681,28.0222
4682,27.9895
4683,28.0526
4684,28.0817
4685,27.9876
4686,28.0627
4687,28.1305
4688,28.1073
4689,28.1445
4690,28.1104
4691,28.1558
4692,28.2508
4693,28.1289
4694,28.0816
4695,28.1346
4696,28.1092
4697,28.1106
4698,28.0883
4699,28.0457
4700,27.9644
4701,27.9957
4702,28.0157
4703,27.9617
4704,28.0899
4705,28.0202
4706,28.082
4707,28.0751
4708,28.0442
4709,28.001
4710,27.9474
4711,27.9727
4712,28.0341
4713,28.101
4714,28.0193
4715,27.9683
4716,27.9506
4717,28.0269
4718,28.0333
4719,27.9545
4720,28.0049
4721,27.9822
4722,27.9879
4723,28.0145
4724,28.0054
4725,27.9838
4726,28.0951
4727,28.0574
4728,28.0699
4729,27.9752
4730,27.9459
4731,27.9937
4732,27.9589
4733,27.9392
4734,27.9319
4735,27.9076
4736,28.0205
4737,27.943
4738,28.0019
4739,27.9681
4740,27.9265
4741,27.9673
4742,27.9623
4743,27.9653
4744,27.9591
4745,27.9569
4746,27.9239
4747,27.9685
4748,27.9422
4749,27.8556
4750,27.8972
4751,27.9096
4752,27.9115
4753,27.8825
4754,27.8608
4755,27.8557
4756,27.9223
4757,27.9836
4758,28.1081
4759,27.9102
4760,27.8941
4761,27.9477
4762,28.0028
4763,28.0968
4764,28.0503
4765,28.0383
4766,27.9918
4767,28.0405
4768,28.1014
4769,28.0442
4770,28.0598
4771,30.2052
4772,28.0823
4773,28.0559
4774,27.9224
4775,27.8392
4776,28.0098
4777,27.951
4778,27.9745
4779,27.954
4780,27.9856
4781,28.0117
4782,28.0134
4783,28.0708
4784,28.0137
4785,28.016
4786,27.9701
4787,27.9753
4788,28.0313
4789,28.0391
4790,28.0894
4791,28.0808
4792,28.0721
4793,28.0256
4794,28.1327
4795,28.0459
4796,28.0261
4797,27.9978
4798,27.9874
4799,27.9535
4800,27.8898
4801,27.9833
4802,28.0048
4803,28.0139
4804,28.007
4805,28.0914
4806,27.998
4807,27.9594
4808,27.9078
4809,27.8845
4810,27.8278
4811,27.8588
4812,27.8921
4813,27.8583
4814,27.8682
4815,27.8108
4816,27.8265
4817,27.8129
4818,27.871
4819,27.9231
4820,27.8723
4821,27.9111
4822,27.9158
4823,27.8761
4824,27.879
4825,27.8328
4826,27.8587
4827,27.8605
4828,27.9893
4829,27.8959
4830,28.0082
4831,27.9928
4832,27.9709
4833,27.949
4834,28.1132
4835,27.9392
4836,27.9374
4837,27.9259
4838,27.9285
4839,27.9817
4840,27.9563
4841,28.1052
4842,27.9949
4843,28.0387
4844,28.0381
4845,27.9995
4846,28.0683
4847,28.0895
4848,28.0053
4849,28.0336
4850,28.0243
4851,28.031
4852,28.0259
4853,28.0075
4854,27.8495
4855,27.8903
4856,27.8662
4857,27.9296
4858,27.9469
4859,28.0708
4860,28.0006
4861,27.9427
4862,28.002
4863,28.0546
4864,28.1283
4865,28.0467
4866,28.0555
4867,27.9697
4868,28.083
4869,28.0779
4870,27.9935
4871,27.8914
4872,27.8634
4873,27.9716
4874,27.9959
4875,28.0251
4876,28.0812
4877,28.0124
4878,27.9869
4879,27.9897
4880,27.9915
4881,28.1354
4882,28.0907
4883,27.9418
4884,28.1457
4885,28.0347
4886,28.0813
4887,27.9997
4888,28.0545
4889,28.0101
4890,28.0386
4891,28.0756
4892,28.0334
4893,28.0334
4894,28.0259
4895,28.0508
4896,28.0024
4897,27.9936
4898,28.0584
4899,27.9276
4900,28.0527
4901,28.0303
4902,28.0763
4903,28.0368
4904,28.0663
4905,28.0919
4906,28.0069
4907,28.04
4908,28.0616
4909,27.94
4910,28.0602
4911,28.0613
4912,28.0258
4913,28.0413
4914,28.076
4915,28.0754
4916,28.1052
4917,28.0794
4918,27.991
4919,27.9109
4920,27.9562
4921,27.8585
4922,27.9128
4923,28.0324
4924,28.1026
4925,28.0958
4926,27.9311
4927,27.9703
4928,28.0714
4929,28.0038
4930,28.1036
4931,28.0902
4932,28.0626
4933,28.0086
4934,27.9943
4935,28.0086
4936,28.1039
4937,30.2468
4938,30.1729
4939,30.1497
4940,30.2103
4941,30.18
4942,30.1582
4943,30.3251
4944,30.2008
4945,30.1895
4946,30.1625
4947,30.1994
4948,30.3588
4949,30.2567
4950,30.2762
4951,30.3325
4952,30.2417
4953,30.2318
4954,30.255
4955,30.2631
4956,30.2172
4957,30.1631
4958,30.1183
4959,30.2364
4960,30.2291
4961,30.2891
4962,30.2151
4963,30.1498
4964,30.2328
4965,30.208
4966,30.195
4967,30.2227
4968,30.2259
4969,30.2089
4970,30.2831
4971,30.1382
4972,30.2805
4973,30.3209
4974,30.2019
4975,30.2607
4976,30.2333
4977,30.1412
4978,30.2072
4979,30.307
4980,30.3046
4981,30.3361
4982,30.2699
4983,30.391
4984,30.3498
4985,28.214
4986,28.1601
4987,28.2044
4988,30.2481
4989,30.3684
4990,30.2725
4991,30.2114
4992,30.1683
4993,30.137
4994,30.069
4995,30.0088
4996,30.1237
4997,27.9639
4998,27.943
4999,27.8494
5000,28.0166
5001,28.0022
5002,28.0447
5003,27.946
5004,30.1434
5005,27.9823
5006,27.978
5007,28.0279
5008,28.0054
5009,28.0749
5010,28.129
5011,28.2023
5012,28.1352
5013,28.0912
5014,28.1454
5015,28.1281
5016,30.2994
5017,30.3103
5018,28.0212
5019,28.1748
5020,28.1291
5021,28.1368
5022,28.2119
5023,28.1544
5024,28.1416
5025,28.1516
5026,28.1271
5027,28.1146
5028,28.0988
5029,28.18
5030,28.1825
5031,28.2417
5032,28.1541
5033,28.0077
5034,28.1568
5035,28.0998
5036,28.0889
5037,28.034
5038,28.05
5039,28.194
5040,28.2233
5041,28.2759
5042,28.2363
5043,28.1905
5044,28.1567
5045,28.1226
5046,28.1236
5047,28.1238
5048,28.175
5049,28.0631
5050,28.2015
5051,28.2241
5052,28.1029
5053,28.109
5054,30.2433
5055,27.9916
5056,30.3786
5057,30.2691
5058,30.1768
5059,30.1468
5060,30.1148
5061,30.0525
5062,30.1561
5063,30.039
5064,30.1022
5065,30.1842
5066,30.1843
5067,30.2093
5068,30.1776
5069,30.1805
5070,30.1354
5071,30.2177
5072,30.2439
5073,30.2813
5074,30.3802
5075,30.3118
5076,30.3323
5077,30.3208
5078,30.1834
5079,30.2838
5080,30.1843
5081,30.2228
5082,30.1892
5083,30.3337
5084,30.3193
5085,30.2931
5086,30.2903
5087,30.2778
5088,30.2829
5089,30.1565
5090,30.0733
5091,30.1175
5092,30.2855
5093,30.2405
5094,30.1962
5095,30.1024
5096,30.087
5097,30.0154
5098,30.1353
5099,30.0474
5100,30.0853
5101,30.2262
5102,30.2352
5103,30.1772
5104,30.2717
5105,30.1984
5106,30.1808
5107,30.3171
5108,30.2069
5109,30.1737
5110,30.2956
5111,30.2841
5112,30.2742
5113,30.242
5114,30.2455
5115,30.2795
5116,30.2523
5117,30.1653
5118,30.2137
5119,30.2202
5120,30.1658
5121,30.3446
5122,30.207
5123,30.2713
5124,30.1954
5125,30.1769
5126,30.0847
5127,30.2145
5128,30.1809
5129,30.2941
5130,30.2194
5131,30.2568
5132,28.153
5133,30.2608
5134,30.2788
5135,30.3731
5136,30.3201
5137,28.1774
5138,30.3464
5139,28.0979
5140,28.115
5141,28.1721
5142,28.1049
5143,30.1605
5144,30.2982
5145,30.2462
5146,30.2709
5147,30.2495
5148,30.2629
5149,30.3407
5150,28.1903
5151,28.0327
5152,28.1463
5153,28.0264
5154,28.0371
5155,27.9729
5156,27.9704
5157,28.0375
5158,28.0915
5159,28.0424
5160,28.1145
5161,28.0957
5162,28.1354
5163,28.0955
5164,28.1012
5165,28.1403
5166,28.0779
5167,28.0415
5168,28.0162
5169,30.2836
5170,30.3901
5171,28.053
5172,30.2914
5173,30.4068
5174,30.4551
5175,30.4503
5176,30.41
5177,30.4805
5178,28.1581
5179,28.1797
5180,28.1227
5181,28.0967
5182,28.1699
5183,28.0886
5184,30.3345
5185,30.301
5186,30.278
5187,30.3055
5188,30.2901
5189,30.3351
5190,30.2803
5191,30.2819
5192,30.2322
5193,30.2684
5194,30.2758
5195,30.2453
5196,30.2798
5197,30.2566
5198,30.17
5199,30.376
5200,30.303
5201,30.2894
5202,30.2911
5203,30.2572
5204,30.3063
5205,30.4118
5206,30.305
5207,30.4356
5208,30.4244
5209,30.3297
5210,30.2165
5211,30.3001
5212,30.2329
5213,30.1839
5214,30.2855
5215,30.1617
5216,30.301
5217,30.3418
5218,30.3464
5219,30.366
5220,30.3016
5221,30.3508
5222,30.4073
5223,30.2876
5224,30.3254
5225,30.2876
5226,30.284
5227,30.2678
5228,30.2022
5229,30.1323
5230,30.2128
5231,30.1677
5232,30.2211
5233,30.211
5234,30.1749
5235,30.1971
5236,30.1407
5237,30.1107
5238,30.1057
5239,30.1746
5240,29.999
5241,30.0334
5242,29.9648
5243,30.0608
5244,29.905
5245,30.0339
5246,29.9683
5247,30.0925
5248,30.0164
5249,30.0945
5250,30.0273
5251,30.0391
5252,30.0022
5253,30.0309
5254,30.1183
5255,30.1736
5256,30.1447
5257,30.2477
5258,30.1253
5259,30.0521
5260,30.0944
5261,30.1643
5262,30.1034
5263,30.0579
5264,30.1041
5265,30.0904
5266,29.9913
5267,30.0295
5268,30.0707
5269,30.0049
5270,30.1581
5271,30.0359
5272,30.0911
5273,30.0623
5274,29.9617
5275,29.9383
5276,29.8991
5277,29.9809
5278,29.9607
5279,30.0353
5280,29.9682
5281,29.9527
5282,29.8798
5283,29.8675
5284,29.7992
5285,29.8989
5286,29.9245
5287,30.0506
5288,30.0064
5289,30.0529
5290,29.987
5291,29.9905
5292,29.9332
5293,29.97
5294,29.9519
5295,29.9978
5296,30.111
5297,30.0741
5298,30.1154
5299,30.0437
5300,30.0458
5301,29.9225
5302,29.9473
5303,29.7614
5304,30.0029
5305,29.7551
5306,29.783
5307,29.7668
5308,29.7573
5309,29.7726
5310,29.8587
5311,29.916
5312,29.8143
5313,29.8178
5314,29.754
5315,29.7669
5316,29.7478
5317,29.7661
5318,29.8711
5319,29.791
5320,29.7772
5321,29.8276
5322,29.761
5323,29.6316
5324,29.6979
5325,29.7677
5326,29.7764
5327,29.8235
5328,29.7871
5329,29.8553
5330,29.8565
5331,29.7568
5332,29.7779
5333,29.8557
5334,29.8262
5335,29.71
5336,29.7757
5337,29.8207
5338,29.8284
5339,29.8694
5340,29.7467
5341,29.7791
5342,29.7833
5343,29.8284
5344,29.7224
5345,29.834
5346,29.912
5347,29.8409
5348,29.906
5349,29.8747
5350,29.8188
5351,29.8418
5352,29.849
5353,29.78
5354,29.7525
5355,29.756
5356,29.7659
5357,29.8137
5358,29.8092
5359,29.8539
5360,29.8753
5361,29.9655
5362,29.977
5363,30.0151
5364,30.0269
5365,29.947
5366,29.903
5367,29.8725
5368,29.8919
5369,29.9232
5370,29.8399
5371,29.9072
5372,29.8517
5373,29.9873
5374,29.986
5375,29.9235
5376,29.9133
5377,29.9827
5378,30.017
5379,29.9727
5380,30.0347
5381,30.1625
5382,30.0739
5383,29.9948
5384,29.9177
5385,29.8311
5386,29.8629
5387,29.8984
5388,29.8788
5389,29.8725
5390,29.8364
5391,29.9105
5392,29.9218
5393,29.906
5394,29.9636
5395,29.8881
5396,29.9819
5397,30.0384
5398,30.013
5399,30.0508
5400,30.0203
5401,29.9061
5402,29.9081
5403,29.8922
5404,29.9208
5405,29.8985
5406,29.8975
5407,29.7907
5408,29.8305
5409,29.8744
5410,29.7514
5411,29.7968
5412,29.8383
5413,29.7872
5414,29.8844
5415,29.8419
5416,29.8275
5417,29.8213
5418,29.9034
5419,29.9445
5420,29.8555
5421,29.8359
5422,29.9257
5423,29.996
5424,30.0382
5425,29.9749
5426,29.9931
5427,30.0417
5428,30.0038
5429,30.023
5430,29.957
5431,29.9915
5432,30.0175
5433,29.8132
5434,29.8121
5435,29.9112
5436,29.9047
5437,29.8551
5438,29.8469
5439,29.8529
5440,29.9243
5441,30.0074
5442,29.8947
5443,30.0663
5444,29.9212
5445,29.9181
5446,29.9999
5447,29.8184
5448,29.8756
5449,29.9137
5450,29.892
5451,29.8602
5452,29.9333
5453,29.899
5454,29.8802
5455,29.909
5456,29.969
5457,30.0032
5458,29.899
5459,29.8352
5460,29.8088
5461,29.7935
5462,29.8042
5463,29.8293
5464,29.8156
5465,29.8079
5466,29.9206
5467,29.826
5468,29.9268
5469,29.7697
5470,29.8001
5471,29.8
5472,29.8829
5473,29.8957
5474,29.8585
5475,29.8733
5476,29.9557
5477,29.9924
5478,29.8386
5479,29.8848
5480,29.8214
5481,29.8513
5482,29.8347
5483,29.8469
5484,29.926
5485,29.913
5486,29.8603
5487,29.8953
5488,29.8144
5489,29.8604
5490,29.8184
5491,29.8985
5492,30.0616
5493,30.1612
5494,29.9982
5495,30.0207
5496,30.0381
5497,29.9336
5498,29.9278
5499,29.9106
5500,29.9452
5501,30.0003
5502,29.8261
5503,29.8605
5504,29.9145
5505,30.0298
5506,30.029
5507,29.966
5508,29.8714
5509,29.9669
5510,30.0371
5511,27.8895
5512,27.9158
5513,27.8775
5514,27.9894
5515,28.0242
5516,30.1179
5517,30.1302
5518,28.1099
5519,28.1285
5520,30.2171
5521,30.216
5522,28.1066
5523,28.0498
5524,27.9806
5525,28.0021
5526,28.0519
5527,28.045
5528,28.0399
5529,27.9883
5530,27.9831
5531,28.0014
5532,28.0042
5533,28.0266
5534,28.0168
5535,28.1142
5536,28.0407
5537,27.942
5538,27.9806
5539,28.0052
5540,28.0544
5541,28.1307
5542,28.0635
5543,28.1475
5544,28.2491
5545,28.1358
5546,28.2258
5547,28.1241
5548,28.148
5549,28.1013
5550,28.1587
5551,28.0899
5552,28.1597
5553,28.0973
5554,28.1546
5555,30.1382
5556,28.2064
5557,28.1469
5558,28.1255
5559,28.1551
5560,28.2723
5561,28.171
5562,28.1656
5563,28.0802
5564,28.2398
5565,28.1967
5566,28.2137
5567,28.2735
5568,28.1504
5569,28.123
5570,28.2236
5571,28.1831
5572,28.1967
5573,28.1187
5574,28.0326
5575,28.1465
5576,28.1654
5577,28.2115
5578,28.1718
5579,28.1369
5580,28.2901
5581,28.1506
5582,28.251
5583,28.0333
5584,28.0669
5585,28.0103
5586,28.1198
5587,28.0418
5588,28.01
5589,28.1368
5590,28.0975
5591,28.1404
5592,28.0347
5593,28.1225
5594,28.0461
5595,28.0182
5596,28.0983
5597,28.0653
5598,28.103
5599,28.1502
5600,28.1765
5601,28.1817
5602,28.128
5603,28.1075
5604,28.1321
5605,28.0699
5606,28.0405
5607,28.1568
5608,28.1224
5609,28.1718
5610,28.1677
5611,28.1221
5612,28.147
5613,28.053
5614,28.0474
5615,28.0192
5616,28.1217
5617,28.1181
5618,28.0776
5619,28.0579
5620,28.0585
5621,28.0332
5622,28.0385
5623,28.1402
5624,28.0573
5625,28.0546
5626,27.9596
5627,27.9902
5628,28.0788
5629,28.1204
5630,28.0581
5631,27.9631
5632,28.0845
5633,28.0799
5634,27.9567
5635,28.0939
5636,28.0118
5637,28.0931
5638,28.0158
5639,28.0366
5640,28.0368
5641,27.9358
5642,28.0107
5643,28.1705
5644,28.1379
5645,28.0856
5646,28.0505
5647,27.8888
5648,27.9646
5649,27.9159
5650,27.9173
5651,27.967
5652,28.0824
5653,27.9769
5654,28.0535
5655,28.0934
5656,28.0894
5657,27.953
5658,27.9749
5659,28.0419
5660,28.173
5661,28.095
5662,28.077
5663,27.9911
5664,28.0477
5665,27.8084
5666,27.8922
5667,27.9229
5668,27.8947
5669,27.9674
5670,27.9828
5671,28.0445
5672,28.032
5673,28.0428
5674,28.0508
5675,28.0362
5676,28.0546
5677,28.1489
5678,28.1389
5679,28.1111
5680,28.0618
5681,30.1442
5682,30.1209
5683,28.119
5684,28.1682
5685,28.1382
5686,28.1485
5687,28.2261
5688,28.0804
5689,28.1571
5690,28.1514
5691,28.1589
5692,28.2333
5693,28.2235
5694,28.1877
5695,28.2389
5696,30.1961
5697,30.1236
5698,28.3222
5699,28.2268
5700,30.0345
5701,30.0458
5702,30.0968
5703,30.1842
5704,30.0499
5705,30.1398
5706,30.0798
5707,30.0764
5708,30.1067
5709,30.2126
5710,30.16
5711,28.1901
5712,28.212
5713,28.1391
5714,28.2855
5715,28.2529
5716,28.3347
5717,28.2511
5718,28.2515
5719,28.2751
5720,28.1863
5721,28.0982
5722,28.1103
5723,28.1226
5724,28.1935
5725,28.1126
5726,28.1467
5727,28.1984
5728,28.1608
5729,28.2111
5730,28.2721
5731,28.1477
5732,28.2401
5733,28.2363
5734,28.2151
5735,28.1605
5736,28.1485
5737,28.3899
5738,28.4942
5739,28.375
5740,28.362
5741,28.4181
5742,30.4416
5743,30.5629
5744,30.4936
5745,30.4303
5746,30.4043
5747,30.3028
5748,30.2946
5749,30.2812
5750,30.2789
5751,30.2073
5752,30.1835
5753,30.28
5754,30.4229
5755,30.4116
5756,30.251
5757,30.3509
5758,30.3749
5759,30.4829
5760,28.5611
5761,30.5005
5762,28.5
5763,28.5715
5764,28.4614
5765,28.4417
5766,28.4815
5767,28.5219
5768,28.5265
5769,28.337
5770,28.4291
5771,28.3447
5772,28.3417
5773,28.5335
5774,30.55
5775,28.4283
5776,30.4712
5777,28.3553
5778,28.5795
5779,28.5034
5780,28.624
5781,28.4648
5782,28.4633
5783,28.4412
5784,28.5145
5785,28.4589
5786,28.4471
5787,28.3164
5788,28.3186
5789,30.4221
5790,28.4187
5791,28.4009
5792,28.3167
5793,28.3503
5794,28.311
5795,30.34
5796,28.2442
5797,28.2832
5798,28.1582
5799,28.249
5800,28.1586
5801,28.3305
5802,30.3547
5803,30.2595
5804,28.3132
5805,30.3403
5806,28.263
5807,30.2817
5808,28.2723
5809,30.205
5810,30.1596
5811,30.1925
5812,28.19
5813,28.1184
5814,28.143
5815,28.2891
5816,28.1639
5817,28.2057
5818,28.1837
5819,28.171
5820,28.1808
5821,28.3067
5822,28.3148
5823,28.2665
5824,28.317
5825,28.2582
5826,28.264
5827,28.3067
5828,28.3554
5829,28.3031
5830,28.3361
5831,28.3086
5832,28.3086
5833,28.4252
5834,28.4196
5835,28.5054
5836,28.6455
5837,28.7116
5838,28.6549
5839,28.5108
5840,28.5365
5841,28.4563
5842,28.3552
5843,28.3477
5844,28.5012
5845,28.5734
5846,28.5641
5847,28.496
5848,28.3899
5849,28.3865
5850,28.4698
5851,28.414
5852,28.4376
5853,28.5156
5854,28.3988
5855,28.3561
5856,28.4857
5857,28.3917
5858,28.3017
5859,28.4449
5860,28.4899
5861,28.3418
5862,28.3611
5863,28.3266
5864,28.3942
5865,28.366
5866,28.3843
5867,28.3432
5868,28.3652
5869,28.4087
5870,28.3144
5871,28.3181
5872,28.3189
5873,28.316
5874,28.3036
5875,28.3469
5876,28.4337
5877,28.3556
5878,28.3251
5879,28.3108
5880,28.3638
5881,28.3615
5882,28.4209
5883,28.2794
5884,28.2924
5885,28.4076
5886,28.4668
5887,28.4508
5888,28.4284
5889,28.3984
5890,28.3758
5891,28.2877
5892,28.2972
5893,28.3155
5894,28.2037
5895,28.2568
5896,28.226
5897,28.3059
5898,28.334
5899,28.2707
5900,28.3098
5901,28.3325
5902,28.28
5903,28.2546
5904,28.1615
5905,28.2015
5906,28.1173
5907,28.1873
5908,28.2483
5909,28.2122
5910,28.0382
5911,28.1864
5912,28.205
5913,28.2158
5914,28.191
5915,28.2248
5916,28.1282
5917,28.1696
5918,28.1546
5919,28.2393
5920,28.1178
5921,28.0213
5922,28.1643
5923,28.2228
5924,28.2004
5925,28.345
5926,28.2785
5927,28.2545
5928,28.3146
5929,28.3
5930,28.2581
5931,28.2247
5932,28.2699
5933,28.2203
5934,28.2419
5935,28.2682
5936,28.2729
5937,28.2835
5938,28.1693
5939,28.2251
5940,28.1323
5941,28.1395
5942,28.1457
5943,28.1574
5944,28.2143
5945,28.1993
5946,28.2548
5947,28.3348
5948,28.2225
5949,28.0953
5950,28.2975
5951,28.3666
5952,28.3016
5953,28.3949
5954,28.2432
5955,28.2598
5956,28.173
5957,28.1977
5958,28.2119
5959,28.2524
5960,28.1121
5961,28.2937
5962,28.3121
5963,28.2098
5964,28.3313
5965,28.2468
5966,28.2379
5967,28.281
5968,28.2847
5969,28.1974
5970,28.0725
5971,28.1736
5972,28.0949
5973,28.0629
5974,27.9864
5975,28.0027
5976,28.0205
5977,27.974
5978,28.0747
5979,27.972
5980,27.8841
5981,28.019
5982,27.9682
5983,27.9093
5984,27.977
5985,28.0695
5986,28.1195
5987,27.9877
5988,28.12
5989,27.989
5990,27.975
5991,28.0898
5992,28.0224
5993,28.0007
5994,28.0771
5995,28.0593
5996,27.9197
5997,28.0207
5998,28.0778
5999,28.0767
6000,28.1128
6001,28.0734
6002,27.9924
6003,27.9414
6004,28.0546
6005,28.0786
6006,27.971
6007,28.0294
6008,27.9567
6009,27.9709
6010,28.1448
6011,28.0461
6012,27.9934
6013,28.1237
6014,28.2172
6015,28.1483
6016,28.0096
6017,28.0515
6018,28.0715
6019,28.1083
6020,28.2596
6021,28.1493
6022,28.1686
6023,28.2301
6024,28.1047
6025,28.1096
6026,28.2105
6027,28.2263
6028,28.2708
6029,28.2329
6030,28.1412
6031,28.1203
6032,28.2394
6033,28.1658
6034,28.0235
6035,28.1272
6036,28.1967
6037,28.0683
6038,28.1146
6039,28.1154
6040,28.1689
6041,28.2721
6042,28.2946
6043,28.2319
6044,28.0751
6045,28.1024
6046,28.1752
6047,28.1296
6048,28.2257
6049,28.1226
6050,28.1382
6051,28.194
6052,28.2653
6053,28.2051
6054,28.1497
6055,28.1092
6056,28.1605
6057,28.1342
6058,28.2629
6059,28.1997
6060,28.248
6061,28.2839
6062,28.1977
6063,28.2082
6064,28.154
6065,28.1376
6066,28.1376
6067,28.1813
6068,28.1876
6069,28.1074
6070,28.1505
6071,28.1175
6072,28.2639
6073,28.4214
6074,28.2937
6075,28.1692
6076,28.2107
6077,28.1884
6078,28.3067
6079,28.1868
6080,28.3122
6081,28.2168
6082,28.1767
6083,28.2408
6084,28.263
6085,28.2028
6086,28.1141
6087,28.1425
6088,28.1003
6089,28.0967
6090,28.1647
6091,28.2049
6092,28.1605
6093,28.3745
6094,28.2121
6095,28.2234
6096,28.2042
6097,28.2579
6098,28.3415
6099,28.1924
6100,28.1381
6101,28.2042
6102,28.145
6103,28.2047
6104,28.1795
6105,28.2269
6106,28.2725
6107,28.2142
6108,28.0859
6109,28.1681
6110,28.257
6111,28.1992
6112,28.1958
6113,28.27
6114,28.2958
6115,28.3256
6116,28.2743
6117,28.2446
6118,28.2654
6119,28.3308
6120,28.3246
6121,28.2587
6122,28.3633
6123,28.301
6124,28.2465
6125,28.3348
6126,28.3635
6127,28.5342
6128,28.4747
6129,28.4407
6130,28.4366
6131,28.4022
6132,28.3484
6133,28.3157
6134,28.3033
6135,28.2263
6136,28.2582
6137,28.284
6138,28.1799
6139,28.1867
6140,28.0309
6141,28.1484
6142,28.1301
6143,28.1294
6144,28.1365
6145,28.1706
6146,28.1612
6147,28.1869
6148,28.1806
6149,28.2853
6150,28.1784
6151,28.1908
6152,28.067
6153,28.0651
6154,28.1638
6155,28.2089
6156,28.1613
6157,28.2104
6158,28.2635
6159,28.2231
6160,28.1397
6161,28.0922
6162,28.1803
6163,28.2569
6164,28.2436
6165,28.1921
6166,28.2447
6167,28.3216
6168,28.3292
6169,28.2011
6170,28.1846
6171,28.205
6172,28.1131
6173,28.1321
6174,28.0635
6175,28.068
6176,28.1151
6177,28.0722
6178,28.1891
6179,28.1589
6180,28.2261
6181,28.2978
6182,28.2117
6183,28.1981
6184,28.22
6185,27.9754
6186,28.1735
6187,28.1462
6188,28.1229
6189,28.2447
6190,28.1907
6191,28.1659
6192,28.2196
6193,28.1228
6194,28.1603
6195,28.2317
6196,28.0894
6197,28.2152
6198,28.1731
6199,28.1652
6200,28.169
6201,28.1861
6202,28.1189
6203,28.0925
6204,28.1401
6205,28.1353
6206,28.1346
6207,28.1967
6208,28.1664
6209,28.2567
6210,30.2638
6211,28.1162
6212,28.1712
6213,28.2903
6214,28.2
6215,28.2346
6216,28.312
6217,28.3705
6218,28.2857
6219,28.3634
6220,28.3435
6221,28.2304
6222,28.2145
6223,28.3411
6224,28.2851
6225,28.2456
6226,28.1913
6227,28.2592
6228,28.181
6229,28.2483
6230,28.2689
6231,28.2804
6232,28.2907
6233,28.2672
6234,28.3153
6235,28.3259
6236,28.3036
6237,28.2884
6238,28.3131
6239,28.333
6240,28.3482
6241,28.3394
6242,28.3321
6243,28.3696
6244,28.3323
6245,28.3226
6246,28.3661
6247,28.2728
6248,28.3568
6249,28.4124
6250,28.4474
6251,28.4873
6252,28.4111
6253,28.4098
6254,28.3052
6255,28.2614
6256,28.2922
6257,28.3128
6258,28.2816
6259,28.3935
6260,28.3729
6261,28.3098
6262,28.2698
6263,28.2666
6264,28.2888
6265,28.3188
6266,28.2259
6267,28.2524
6268,28.3543
6269,28.1948
6270,28.2221
6271,28.2194
6272,28.2252
6273,28.1472
6274,28.2142
6275,28.2185
6276,28.2879
6277,28.2922
6278,28.1739
6279,28.182
6280,28.2902
6281,28.2609
6282,28.3586
6283,28.3282
6284,28.4418
6285,28.3111
6286,30.4495
6287,28.2582
6288,28.2573
6289,28.2276
6290,28.3695
6291,28.2953
6292,30.4181
6293,30.4199
6294,30.5784
6295,28.3561
6296,28.4169
6297,28.4299
6298,30.4823
6299,30.6119
6300,30.501
6301,30.4063
6302,30.3862
6303,30.1937
6304,30.2355
6305,30.3114
6306,30.2696
6307,30.2823
6308,30.2446
6309,30.294
6310,30.323
6311,30.254
6312,30.2193
6313,30.2522
6314,30.3854
6315,30.2884
6316,30.4116
6317,30.3267
6318,30.2614
6319,30.2282
6320,30.2605
6321,30.2791
6322,30.3093
6323,30.3499
6324,30.3145
6325,30.3563
6326,30.2906
6327,30.2832
6328,30.2404
6329,30.3362
6330,30.1725
6331,30.2391
6332,30.2364
6333,28.1987
6334,30.2858
6335,30.2194
6336,30.1573
6337,30.2322
6338,30.1754
6339,30.1367
6340,30.1474
6341,30.0547
6342,30.1622
6343,30.1764
6344,30.1334
6345,30.1269
6346,30.0708
6347,30.2727
6348,30.1464
6349,30.0941
6350,30.0016
6351,30.0997
6352,30.0891
6353,30.0663
6354,30.0685
6355,30.1658
6356,30.2106
6357,30.0852
6358,30.1769
6359,30.1586
6360,30.1324
6361,30.2067
6362,30.1156
6363,30.2276
6364,30.2285
6365,30.1609
6366,30.1946
6367,30.2204
6368,30.2466
6369,30.2575
6370,30.2703
6371,30.2327
6372,30.2911
6373,30.1457
6374,30.2822
6375,30.3106
6376,30.2796
6377,30.3013
6378,30.2673
6379,30.2602
6380,30.1899
6381,30.1612
6382,30.1846
6383,30.1469
6384,30.231
6385,30.1426
6386,30.1784
6387,30.0674
6388,30.1448
6389,30.1396
6390,30.2648
6391,30.2131
6392,30.23
6393,30.1716
6394,30.0584
6395,30.0505
6396,30.0939
6397,30.1139
6398,30.0561
6399,30.0893
6400,30.0904
6401,30.0272
6402,30.0623
6403,30.1662
6404,30.187
6405,30.0505
6406,30.0448
6407,30.1993
6408,30.17
6409,30.1542
6410,30.24
6411,30.211
6412,30.1367
6413,30.2144
6414,30.1803
6415,30.2036
6416,30.1089
6417,30.1932
6418,30.2052
6419,30.1073
6420,30.2284
6421,30.1847
6422,30.1983
6423,30.2348
6424,30.2096
6425,28.1231
6426,28.1779
6427,30.1652
6428,30.1162
6429,30.1926
6430,30.1727
6431,30.2739
6432,28.1529
6433,30.2915
6434,30.3586
6435,30.2999
6436,28.2443
6437,30.2129
6438,30.2699
6439,30.1986
6440,30.151
6441,30.1619
6442,30.1175
6443,30.111
6444,30.0912
6445,30.0411
6446,30.1113
6447,30.1362
6448,28.059
6449,30.1131
6450,30.0673
6451,30.0224
6452,30.0772
6453,30.0689
6454,30.1233
6455,30.1933
6456,30.1038
6457,30.068
6458,30.2418
6459,30.2234
6460,30.1477
6461,30.199
6462,30.1588
6463,30.218
6464,30.1639
6465,30.0768
6466,30.0813
6467,30.1738
6468,30.2324
6469,30.2992
6470,30.189
6471,30.1547
6472,30.1848
6473,30.1418
6474,30.0663
6475,30.1574
6476,30.1966
6477,30.1919
6478,30.2757
6479,30.2334
6480,30.1697
6481,30.2404
6482,30.1188
6483,30.1239
6484,30.2769
6485,30.3133
6486,30.2671
6487,30.2809
6488,30.2305
6489,30.2674
6490,30.397
6491,30.3137
6492,30.3306
6493,30.3084
6494,30.3168
6495,30.1804
6496,30.3275
6497,30.2379
6498,30.2757
6499,30.2818
6500,30.1305
6501,30.197
6502,30.1853
6503,30.1311
6504,30.1162
6505,30.236
6506,30.1137
6507,30.1389
6508,30.083
6509,29.9648
6510,30.0237
6511,30.1044
6512,29.9958
6513,29.9988
6514,29.8477
6515,29.9046
6516,29.9613
6517,29.9577
6518,29.8897
6519,29.9424
6520,29.9683
6521,29.9167
6522,29.9987
6523,30.0547
6524,29.992
6525,29.9886
6526,29.9371
6527,29.9427
6528,29.9278
6529,29.9814
6530,30.0276
6531,30.0226
6532,29.9677
6533,29.8362
6534,29.9335
6535,30.0024
6536,29.9085
6537,29.9123
6538,29.8248
6539,29.8175
6540,29.8414
6541,29.8476
6542,29.8931
6543,29.7569
6544,29.9008
6545,29.9347
6546,29.8821
6547,29.9839
6548,29.9907
6549,30.0739
6550,30.0406
6551,30.0903
6552,30.1446
6553,30.2049
6554,30.1226
6555,30.1128
6556,30.1927
6557,30.1218
6558,30.0856
6559,30.0144
6560,30.0457
6561,29.8757
6562,29.8593
6563,29.9007
6564,29.9315
6565,30.0599
6566,30.1129
6567,30.1828
6568,30.1329
6569,30.1649
6570,30.0249
6571,30.1753
6572,30.0695
6573,30.0284
6574,30.0762
6575,29.9827
6576,30.0001
6577,29.9787
6578,30.0163
6579,30.0599
6580,30.0324
6581,30.0408
6582,30.0126
6583,30.005
6584,30.03
6585,30.0194
6586,29.9387
6587,29.9999
6588,30.0115
6589,29.9391
6590,29.9601
6591,29.8712
6592,29.8924
6593,29.9296
6594,30.0275
6595,30.0116
6596,30.1501
6597,30.1349
6598,30.0871
6599,29.9686
6600,29.9156
6601,29.9027
6602,30.0414
6603,29.9773
6604,29.9998
6605,29.9876
6606,29.9741
6607,29.9146
6608,30.0394
6609,30.0418
6610,30.0971
6611,30.0447
6612,30.1914
6613,30.1102
6614,30.0385
6615,30.0578
6616,29.9906
6617,30.0128
6618,30.008
6619,30.0399
6620,29.9064
6621,29.8292
6622,29.8787
6623,29.8556
6624,29.9223
6625,29.9188
6626,29.9525
6627,29.9564
6628,30.0892
6629,30.0783
6630,30.0909
6631,30.0894
6632,30.1369
6633,30.1551
6634,30.0661
6635,30.0532
6636,29.9683
6637,29.8889
6638,29.8832
6639,29.8974
6640,29.9764
6641,29.8987
6642,29.8555
6643,29.8817
6644,29.9503
6645,29.9778
6646,29.9323
6647,29.9815
6648,29.8584
6649,29.9006
6650,29.8971
6651,29.9413
6652,29.9264
6653,30.0415
6654,29.9787
6655,29.9638
6656,29.7656
6657,29.9224
6658,29.9253
6659,29.8715
6660,29.9214
6661,29.8371
6662,29.9165
6663,29.9745
6664,30.002
6665,29.9511
6666,29.852
6667,29.9155
6668,29.8839
6669,29.7602
6670,29.8245
6671,29.8115
6672,29.907
6673,29.8538
6674,29.8477
6675,29.8225
6676,29.8431
6677,29.8485
6678,29.6472
6679,29.7107
6680,29.8136
6681,29.871
6682,29.9341
6683,29.9722
6684,29.8761
6685,29.782
6686,29.7551
6687,29.8646
6688,29.8718
6689,29.8802
6690,29.9153
6691,29.8839
6692,29.8403
6693,29.8359
6694,29.9496
6695,29.8782
6696,29.8221
6697,29.9467
6698,29.8831
6699,29.8567
6700,29.822
6701,29.8707
6702,29.889
6703,29.7954
6704,29.8431
6705,29.8115
6706,29.8359
6707,29.9403
6708,29.9583
6709,29.9102
6710,29.9354
6711,29.871
6712,29.86
6713,29.8559
6714,29.9839
6715,29.8965
6716,29.9319
6717,30.0154
6718,30.0148
6719,29.9133
6720,29.9487
6721,29.9824
6722,29.9271
6723,30.0302
6724,30.0102
6725,30.0937
6726,30.0099
6727,29.9805
6728,29.9291
6729,29.9608
6730,30.0251
6731,29.9413
6732,29.9436
6733,29.8722
6734,29.7963
6735,29.9231
6736,29.998
6737,29.9718
6738,29.9032
6739,29.8908
6740,29.93
6741,29.8381
6742,29.8292
6743,29.8615
6744,29.887
6745,29.9339
6746,29.9492
6747,29.977
6748,29.9196
6749,29.9422
6750,29.9316
6751,29.8256
6752,29.9781
6753,29.9464
6754,29.9545
6755,29.9188
6756,29.8867
6757,29.8899
6758,29.8944
6759,29.9043
6760,29.9687
6761,29.993
6762,29.9005
6763,29.9342
6764,29.8901
6765,29.9184
6766,29.9067
6767,29.9484
6768,29.8321
6769,29.8555
6770,29.9683
6771,29.9037
6772,29.8978
6773,29.7992
6774,29.828
6775,29.8557
6776,29.8358
6777,29.8574
6778,29.8133
6779,29.8457
6780,29.6373
6781,29.8188
6782,29.7361
6783,29.8453
6784,29.8766
6785,29.7587
6786,29.8323
6787,29.9136
6788,29.9758
6789,29.8363
6790,29.9324
6791,29.8806
6792,29.933
6793,29.8414
6794,29.9194
6795,29.878
6796,29.8363
6797,29.8132
6798,29.8022
6799,29.863
6800,29.7805
6801,29.7768
6802,29.752
6803,29.7992
6804,29.7747
6805,29.7925
6806,29.8565
6807,29.7136
6808,29.8505
6809,29.7714
6810,29.7468
6811,29.8483
6812,29.8013
6813,29.8278
6814,29.8378
6815,29.8152
6816,29.8445
6817,29.6962
6818,29.7463
6819,29.8356
6820,29.8904
6821,29.8073
6822,29.8283
6823,29.8674
6824,29.9128
6825,29.9521
6826,29.9503
6827,29.9476
6828,29.9365
6829,29.9605
6830,29.7571
6831,29.8978
6832,29.9489
6833,30.0755
6834,29.9555
6835,30.0329
6836,30.0128
6837,29.9996
6838,29.9802
6839,30.0441
6840,30.0144
6841,30.0328
6842,29.9485
6843,29.8941
6844,29.9812
6845,29.9067
6846,29.9086
6847,29.9004
6848,29.9149
6849,29.9203
6850,29.9201
6851,29.8967
6852,29.9355
6853,29.8959
6854,29.9245
6855,29.8937
6856,29.9138
6857,29.8987
6858,29.9579
6859,30.0388
6860,30.058
6861,30.0164
6862,30.0542
6863,29.9272
6864,29.9145
6865,29.8521
6866,29.8528
6867,29.8728
6868,29.8969
6869,29.8424
6870,29.8488
6871,29.9349
6872,29.8763
6873,29.7516
6874,29.8148
6875,29.8027
6876,29.7481
6877,29.7601
6878,29.8043
6879,29.817
6880,29.7646
6881,29.7378
6882,29.7258
6883,29.6659
6884,29.6681
6885,29.6207
6886,29.7549
6887,29.8373
6888,29.7903
6889,29.8127
6890,29.7182
6891,29.6914
6892,29.7763
6893,29.7113
6894,29.7024
6895,29.7083
6896,29.743
6897,29.5286
6898,29.7121
6899,29.6085
6900,29.7523
6901,29.7432
6902,29.7441
6903,29.7428
6904,29.6894
6905,29.6375
6906,29.7263
6907,29.6917
6908,29.7043
6909,29.7267
6910,29.6152
6911,29.6178
6912,29.5958
6913,29.7621
6914,29.8286
6915,29.7781
6916,29.7844
6917,29.8013
6918,29.7441
6919,29.7665
6920,29.7422
6921,29.7248
6922,29.6954
6923,29.6401
6924,29.6994
6925,29.7393
6926,29.7034
6927,29.7615
6928,29.7408
6929,29.8393
6930,29.8648
6931,29.8607
6932,29.7625
6933,29.7249
6934,29.8653
6935,29.8483
6936,29.9423
6937,29.8308
6938,29.8578
6939,29.6846
6940,29.813
6941,29.7805
6942,29.7955
6943,29.8127
6944,29.7228
6945,29.7973
6946,29.8495
6947,29.7858
6948,29.9106
6949,29.798
6950,29.8471
6951,29.8189
6952,29.8878
6953,29.8984
6954,29.9552
6955,29.9429
6956,29.9861
6957,29.9864
6958,29.9062
6959,29.8243
6960,29.8379
6961,29.8472
6962,29.7805
6963,29.8576
6964,29.8898
6965,29.817
6966,29.8176
6967,29.961
6968,30.0004
6969,29.943
6970,29.9084
6971,29.8816
6972,29.9023
6973,29.9155
6974,29.7993
6975,29.8383
6976,29.9214
6977,29.8816
6978,29.8834
6979,29.9291
6980,29.8213
6981,29.7989
6982,29.8848
6983,29.9989
6984,29.9467
6985,30.003
6986,29.9936
6987,29.8558
6988,29.9343
6989,29.9465
6990,29.974
6991,29.9591
6992,29.9677
6993,29.926
6994,29.9718
6995,29.942
6996,29.8619
6997,30.0098
6998,29.9554
6999,29.9454
7000,29.8545
7001,29.9274
7002,29.9144
7003,29.8578
7004,29.8533
7005,29.9117
7006,29.8973
7007,29.8235
7008,29.8072
7009,29.84
7010,29.8145
7011,29.8183
7012,29.8767
7013,29.9591
7014,29.9621
7015,29.9398
7016,29.7843
7017,29.7607
7018,29.846
7019,29.8018
7020,29.8764
7021,29.831
7022,29.8668
7023,29.9242
7024,29.8869
7025,29.8631
7026,29.8959
7027,29.8939
7028,29.8765
7029,29.9263
7030,29.8725
7031,29.8193
7032,29.859
7033,29.9241
7034,29.9515
7035,29.7634
7036,29.9303
7037,29.9119
7038,30.0053
7039,29.9531
7040,29.9549
7041,29.9602
7042,29.8877
7043,30.08
7044,30.0496
7045,29.9827
7046,30.0375
7047,30.0586
7048,30.1017
7049,30.0918
7050,30.1907
7051,30.0304
7052,30.066
7053,30.0391
7054,30.0347
7055,29.9972
7056,30.1147
7057,30.0597
7058,30.1066
7059,30.1029
7060,30.1432
7061,30.0927
7062,30.116
7063,30.0878
7064,30.0508
7065,30.0613
7066,29.9473
7067,30.0286
7068,29.9178
7069,29.9135
7070,30.0162
7071,29.8591
7072,29.9172
7073,29.9516
7074,29.9154
7075,29.9023
7076,29.9784
7077,30.0265
7078,30.0958
7079,30.0247
7080,29.9625
7081,29.9643
7082,29.9754
7083,29.8909
7084,29.9439
7085,29.9359
7086,29.9811
7087,30.029
7088,29.969
7089,29.936
7090,30.0291
7091,30.1303
7092,30.138
7093,30.1216
7094,30.1369
7095,30.0654
7096,30.0127
7097,30.084
7098,30.0945
7099,30.087
7100,30.169
7101,30.1118
7102,30.1348
7103,30.0135
7104,30.0417
7105,29.9067
7106,30.152
7107,30.1078
7108,30.0545
7109,30.0831
7110,30.1064
7111,30.1097
7112,30.1076
7113,30.2613
7114,30.1276
7115,30.0719
7116,30.1379
7117,30.0293
7118,29.9778
7119,30.0262
7120,30.0548
7121,30.102
7122,30.0383
7123,29.9659
7124,30.1208
7125,30.0259
7126,30.0113
7127,30.0489
7128,30.0298
7129,30.0462
7130,30.0804
7131,30.0622
7132,30.1029
7133,30.0553
7134,30.1409
7135,30.1649
7136,30.1901
7137,30.1463
7138,30.1569
7139,30.1338
7140,30.1474
7141,30.1827
7142,30.1192
7143,30.1058
7144,30.153
7145,30.0559
7146,30.0909
7147,30.05
7148,30.0446
7149,29.9824
7150,30.017
7151,30.0832
7152,30.1414
7153,30.1266
7154,30.0938
7155,30.1791
7156,30.2161
7157,30.251
7158,30.1809
7159,30.0833
7160,30.2049
7161,30.2102
7162,30.2539
7163,30.2873
7164,30.2959
7165,30.3757
7166,30.2723
7167,30.2278
7168,30.1859
7169,30.1696
7170,30.1229
7171,30.1213
7172,30.1668
7173,30.1855
7174,30.3062
7175,30.208
7176,30.2205
7177,30.1914
7178,30.2009
7179,30.2632
7180,30.2825
7181,30.1854
7182,30.2863
7183,30.2461
7184,30.308
7185,30.3942
7186,30.2558
7187,30.1473
7188,28.1398
7189,28.1632
7190,30.1771
7191,30.0542
7192,30.0506
7193,30.0956
7194,30.1016
7195,30.0593
7196,30.1434
7197,30.1217
7198,30.1416
7199,30.2053
7200,30.168
7201,30.1833
7202,30.1725
7203,30.1055
7204,30.1166
7205,30.0388
7206,30.0799
7207,30.0344
7208,29.9594
7209,30.0292
7210,30.1183
7211,30.1355
7212,30.1152
7213,30.1097
7214,30.1252
7215,29.9899
7216,30.0121
7217,30.1156
7218,30.1042
7219,30.0706
7220,30.1201
7221,30.1693
7222,30.1537
7223,30.223
7224,30.2227
7225,30.1363
7226,30.1969
7227,30.2698
7228,30.221
7229,30.113
7230,30.2121
7231,30.1465
7232,30.1732
7233,30.1581
7234,30.1893
7235,30.1908
7236,28.0245
7237,28.0162
7238,30.2858
7239,28.1534
7240,28.0684
7241,28.1632
7242,28.03
7243,28.0478
7244,27.9708
7245,28.0503
7246,28.1028
7247,28.0663
7248,30.1469
7249,30.0352
7250,30.1161
7251,30.0528
7252,28.063
7253,30.0593
7254,30.1545
7255,30.0857
7256,30.078
7257,30.0558
7258,30.0109
7259,30.157
7260,30.1377
7261,30.1115
7262,30.149
7263,30.091
7264,30.1121
7265,30.1589
7266,30.1759
7267,30.1814
7268,30.093
7269,30.1019
7270,30.1539
7271,30.1618
7272,30.1103
7273,28.1184
7274,30.1308
7275,30.1443
7276,30.1
7277,30.0841
7278,28.1116
7279,28.0792
7280,28.0302
7281,28.0414
7282,28.124
7283,28.2125
7284,28.1633
7285,28.1749
7286,28.1105
7287,30.1778
7288,30.1665
7289,30.176
7290,28.2055
7291,30.1385
7292,30.2229
7293,30.2024
7294,30.1573
7295,30.126
7296,30.169
7297,30.2484
7298,30.234
7299,30.2394
7300,28.0868
7301,28.1113
7302,28.1569
7303,28.0321
7304,28.0289
7305,28.1066
7306,27.9804
7307,30.2056
7308,30.1127
7309,30.0576
7310,30.1492
7311,30.0097
7312,29.9577
7313,29.9321
7314,30.0079
7315,30.067
7316,30.1306
7317,30.1133
7318,30.1533
7319,30.1146
7320,30.0763
7321,30.1814
7322,30.0814
7323,30.029
7324,30.1199
7325,30.1429
7326,30.1596
7327,30.0127
7328,29.9495
7329,30.0051
7330,29.9902
7331,30.0596
7332,30.019
7333,30.0499
7334,29.9475
7335,29.9228
7336,30.0404
7337,29.9538
7338,29.9762
7339,30.1003
7340,30.0516
7341,30.0633
7342,28.0838
7343,28.0164
7344,28.0878
7345,28.0267
7346,28.0577
7347,30.1355
7348,30.1828
7349,30.0175
7350,30.0732
7351,30.0717
7352,30.054
7353,30.0744
7354,30.1934
7355,28.1602
7356,28.1331
7357,28.1695
7358,28.1028
7359,28.1371
7360,28.0547
7361,28.1201
7362,27.9766
7363,28.0971
7364,30.0919
7365,30.1506
7366,30.0574
7367,29.9435
7368,30.0972
7369,29.9934
7370,29.9322
7371,29.9281
7372,30.0158
7373,30.0231
7374,30.0363
7375,30.0636
7376,30.0215
7377,29.8977
7378,29.8821
7379,29.9087
7380,29.9015
7381,29.9421
7382,29.955
7383,29.9865
7384,29.9175
7385,29.9103
7386,29.8584
7387,29.8942
7388,29.8536
7389,29.7782
7390,29.8985
7391,29.8176
7392,29.8155
7393,29.7789
7394,29.7714
7395,29.9358
7396,29.9397
7397,29.8631
7398,29.903
7399,29.8188
7400,29.853
7401,29.8845
7402,29.9345
7403,29.8895
7404,29.8192
7405,29.7742
7406,29.7826
7407,29.7392
7408,29.7294
7409,29.7718
7410,29.8041
7411,29.7479
7412,29.7458
7413,29.7728
7414,29.7331
7415,29.62
7416,29.7063
7417,29.6655
7418,29.6507
7419,29.6124
7420,29.6969
7421,29.5557
7422,29.6248
7423,29.6465
7424,29.6673
7425,29.7414
7426,29.7308
7427,29.7047
7428,29.688
7429,29.7023
7430,29.636
7431,29.5913
7432,29.6812
7433,29.573
7434,29.6842
7435,27.9685
7436,29.663
7437,29.5756
7438,29.6336
7439,29.6649
7440,29.6886
7441,29.6017
7442,29.6372
7443,29.6906
7444,29.7196
7445,29.6167
7446,29.66
7447,29.5841
7448,29.6272
7449,29.6305
7450,29.6422
7451,29.6837
7452,29.6501
7453,29.6657
7454,29.6613
7455,29.7165
7456,29.6694
7457,29.7228
7458,29.6052
7459,29.544
7460,29.6109
7461,29.6184
7462,29.6591
7463,29.7427
7464,29.7207
7465,29.6357
7466,29.7452
7467,29.7151
7468,28.021
7469,28.0445
7470,29.8082
7471,29.8447
7472,29.8624
7473,29.8974
7474,29.917
7475,29.7274
7476,29.7558
7477,29.8216
7478,29.7947
7479,29.8223
7480,29.822
7481,29.9233
7482,29.8553
7483,29.8427
7484,29.8116
7485,29.7847
7486,29.826
7487,29.7096
7488,29.6953
7489,29.8793
7490,29.8318
7491,29.8379
7492,29.8303
7493,29.8605
7494,29.7743
7495,29.8355
7496,29.8207
7497,29.8727
7498,29.8347
7499,29.7738
7500,29.9318
7501,28.1754
7502,28.1747
7503,28.2159
7504,28.2361
7505,28.3562
7506,28.42
7507,28.1785
7508,28.2529
7509,28.1927
7510,28.3191
7511,28.2924
7512,28.4485
7513,28.5345
7514,28.4639
7515,28.4111
7516,28.3279
7517,28.3174
7518,28.2542
7519,28.3468
7520,28.4033
7521,28.3582
7522,28.4137
7523,28.2834
7524,28.3577
7525,28.379
7526,28.2585
7527,28.2065
7528,28.0969
7529,28.1469
7530,28.1784
7531,28.2085
7532,28.1989
7533,28.2967
7534,28.2716
7535,28.3018
7536,28.3622
7537,28.3671
7538,28.213
7539,28.2656
7540,28.0914
7541,28.0703
7542,28.1185
7543,28.2403
7544,28.1156
7545,28.0564
7546,28.0456
7547,28.079
7548,28.0513
7549,28.1942
7550,28.0937
7551,28.1614
7552,28.2429
7553,28.1367
7554,28.122
7555,28.1573
7556,28.2731
7557,28.165
7558,28.1766
7559,28.1879
7560,28.1232
7561,28.1847
7562,28.1262
7563,28.104
7564,28.1225
7565,28.0585
7566,28.108
7567,28.1808
7568,28.0707
7569,28.2106
7570,28.1674
7571,28.1351
7572,28.2752
7573,28.3945
7574,28.3685
7575,28.3386
7576,28.267
7577,28.2164
7578,28.2144
7579,28.3063
7580,28.2662
7581,28.1796
7582,28.1956
7583,28.2617
7584,28.2104
7585,28.3525
7586,28.3184
7587,28.299
7588,28.2373
7589,28.269
7590,28.2411
7591,28.2829
7592,28.1234
7593,27.9969
7594,28.191
7595,28.0354
7596,28.185
7597,28.2238
7598,28.2547
7599,28.3399
7600,28.2843
7601,28.3378
7602,28.2654
7603,28.3956
7604,28.3559
7605,28.2639
7606,28.2932
7607,28.2115
7608,28.1458
7609,28.1926
7610,28.215
7611,28.0767
7612,28.0734
7613,27.9782
7614,28.0917
7615,28.2211
7616,28.3057
7617,28.209
7618,28.1795
7619,28.2244
7620,28.245
7621,28.1536
7622,28.3169
7623,28.261
7624,28.2788
7625,28.3012
7626,28.3425
7627,28.285
7628,28.2772
7629,28.3306
7630,28.3282
7631,28.2006
7632,28.2431
7633,28.2135
7634,28.3118
7635,28.2997
7636,28.2791
7637,28.2196
7638,28.2489
7639,28.2946
7640,28.2038
7641,28.084
7642,28.0994
7643,28.1161
7644,28.0929
7645,28.2938
7646,28.2146
7647,28.16
7648,28.2678
7649,28.2876
7650,28.2669
7651,28.3051
7652,28.3338
7653,28.3125
7654,28.2333
7655,28.3259
7656,28.2877
7657,28.2134
7658,28.2068
7659,28.2965
7660,28.2463
7661,28.2351
7662,28.1923
7663,28.2403
7664,28.2842
7665,28.3314
7666,28.3481
7667,28.272
7668,28.2779
7669,28.295
7670,28.1977
7671,28.321
7672,28.2553
7673,28.2528
7674,28.3741
7675,28.2163
7676,28.2517
7677,28.1379
7678,28.0718
7679,28.0913
7680,28.2127
7681,28.2024
7682,28.2647
7683,28.3487
7684,28.3992
7685,28.4144
7686,28.4563
7687,28.3661
7688,28.3836
7689,28.4736
7690,28.4511
7691,28.5026
7692,28.5192
7693,28.4911
7694,28.4152
7695,28.4565
7696,28.3368
7697,28.3176
7698,28.3081
7699,28.3435
7700,28.5306
7701,28.4699
7702,28.5339
7703,28.5795
7704,28.4614
7705,28.5294
7706,28.6663
7707,28.535
7708,28.6317
7709,28.597
7710,28.7594
7711,28.6519
7712,28.5722
7713,28.6207
7714,28.5019
7715,28.4556
7716,28.3681
7717,28.4124
7718,28.4163
7719,28.4495
7720,28.3755
7721,28.324
7722,28.204
7723,28.4158
7724,28.2995
7725,28.3252
7726,28.2828
7727,28.2391
7728,28.2201
7729,28.2142
7730,28.193
7731,28.1495
7732,28.1345
7733,28.2079
7734,28.222
7735,28.1238
7736,28.1926
7737,28.1367
7738,28.0419
7739,28.2512
7740,28.1973
7741,28.1885
7742,28.1696
7743,28.2447
7744,28.2476
7745,28.1887
7746,28.3637
7747,28.3434
7748,28.2787
7749,28.2398
7750,28.2173
7751,28.2686
7752,28.2688
7753,28.2861
7754,28.1888
7755,28.3242
7756,28.3475
7757,28.3414
7758,28.3018
7759,28.3211
7760,28.39
7761,28.3188
7762,28.3758
7763,28.2735
7764,28.3231
7765,28.2493
7766,28.1832
7767,28.2547
7768,28.2824
7769,28.245
7770,28.2885
7771,28.312
7772,28.2865
7773,28.2486
7774,28.3118
7775,28.265
7776,28.3057
7777,28.2499
7778,28.1844
7779,28.316
7780,28.302
7781,28.3077
7782,28.282
7783,28.2436
7784,28.2771
7785,28.3132
7786,28.1846
7787,28.1515
7788,28.2142
7789,28.1813
7790,28.1877
7791,28.2332
7792,28.1839
7793,28.1894
7794,28.2472
7795,28.1363
7796,28.134
7797,28.08
7798,28.0984
7799,28.0803
7800,28.0351
7801,28.0188
7802,28.2042
7803,28.2386
7804,28.2221
7805,28.1703
7806,28.1762
7807,28.1408
7808,28.1464
7809,28.1179
7810,28.168
7811,28.2105
7812,28.1681
7813,28.1033
7814,28.1213
7815,28.0829
7816,28.0936
7817,28.0992
7818,28.0917
7819,28.2108
7820,28.1753
7821,28.1363
7822,28.1657
7823,28.1603
7824,28.2094
7825,28.1431
7826,28.0883
7827,28.2233
7828,28.2372
7829,28.1072
7830,28.1855
7831,28.1533
7832,28.1636
7833,28.2027
7834,28.1796
7835,28.1948
7836,28.1461
7837,28.1261
7838,28.0436
7839,28.0798
7840,28.0302
7841,27.9615
7842,28.0443
7843,28.047
7844,28.0551
7845,28.0959
7846,28.0817
7847,28.0677
7848,28.191
7849,28.2092
7850,28.0968
7851,28.1751
7852,28.0648
7853,28.1554
7854,28.1507
7855,28.1241
7856,28.1449
7857,27.9877
7858,27.9962
7859,27.9968
7860,27.9873
7861,28.0821
7862,28.0324
7863,28.0661
7864,28.0294
7865,28.0282
7866,28.0253
7867,28.0789
7868,28.0787
7869,28.1326
7870,28.1004
7871,28.1922
7872,28.2311
7873,28.3654
7874,28.1496
7875,28.1901
7876,28.2179
7877,28.0721
7878,28.1788
7879,28.0126
7880,28.1287
7881,28.2018
7882,28.161
7883,28.1298
7884,28.2373
7885,28.1573
7886,28.1677
7887,28.175
7888,28.1745
7889,28.1634
7890,28.1645
7891,28.1423
7892,28.1283
7893,28.166
7894,28.0873
7895,28.1924
7896,28.1189
7897,28.124
7898,28.1776
7899,28.1383
7900,28.1999
7901,28.199
7902,28.1859
7903,28.277
7904,28.2055
7905,28.2199
7906,28.2981
7907,28.2265
7908,28.1816
7909,28.2128
7910,28.1142
7911,28.0777
7912,28.1439
7913,28.1626
7914,28.0535
7915,28.1534
7916,28.2499
7917,28.1721
7918,28.2717
7919,28.2375
7920,28.1109
7921,28.1061
7922,28.0809
7923,28.1183
7924,28.1004
7925,28.0537
7926,28.0182
7927,27.9136
7928,28.0167
7929,28.0993
7930,28.1325
7931,28.1738
7932,28.1293
7933,28.1364
7934,28.0864
7935,28.1003
7936,28.06
7937,28.1826
7938,28.1302
7939,28.0937
7940,28.0709
7941,28.0247
7942,28.1265
7943,28.0842
7944,28.1089
7945,28.1039
7946,28.2255
7947,28.1629
7948,28.168
7949,28.2405
7950,28.236
7951,28.2819
7952,28.1054
7953,28.2094
7954,28.1579
7955,28.2296
7956,28.2342
7957,28.1192
7958,28.1488
7959,28.2047
7960,28.2015
7961,28.2508
7962,28.3124
7963,28.1847
7964,28.1879
7965,28.2334
7966,28.1609
7967,28.2631
7968,28.1713
7969,28.1869
7970,28.1959
7971,28.0696
7972,28.1619
7973,28.0925
7974,28.178
7975,28.2792
7976,28.1925
7977,28.2769
7978,28.2137
7979,28.2161
7980,28.3098
7981,28.2735
7982,28.3354
7983,28.3227
7984,28.2134
7985,28.353
7986,28.3181
7987,28.1474
7988,28.2618
7989,28.3428
7990,28.3601
7991,28.274
7992,28.3309
7993,28.2866
7994,28.1782
7995,28.1884
7996,28.1387
7997,28.1135
7998,28.1625
7999,28.1927
8000,28.0934
8001,28.052
8002,28.019
8003,28.1119
8004,28.2
8005,27.9802
8006,28.1408
8007,28.1114
8008,28.1538
8009,28.1805
8010,28.3082
8011,28.1667
8012,28.1984
8013,28.2378
8014,28.1237
8015,28.1386
8016,28.0933
8017,28.2787
8018,28.2412
8019,28.1735
8020,28.2394
8021,28.1524
8022,28.2133
8023,28.0626
8024,28.0223
8025,28.1021
8026,28.0398
8027,28.1899
8028,28.2074
8029,28.276
8030,28.1179
8031,28.2593
8032,28.2749
8033,28.2069
8034,28.1287
8035,28.248
8036,28.2188
8037,28.1683
8038,28.1475
8039,28.2412
8040,28.1247
8041,28.1125
8042,28.1361
8043,28.0206
8044,27.9742
8045,28.1
8046,28.201
8047,28.2571
8048,28.162
8049,28.2535
8050,28.178
8051,28.1579
8052,28.0127
8053,28.1152
8054,28.1679
8055,28.0723
8056,28.0441
8057,27.9872
8058,27.9905
8059,27.98
8060,28.1554
8061,28.0283
8062,28.1548
8063,28.1494
8064,28.1957
8065,28.1833
8066,28.2333
8067,28.1617
8068,28.2374
8069,28.1902
8070,28.0893
8071,28.2641
8072,28.1756
8073,28.1017
8074,27.9959
8075,28.1141
8076,28.1154
8077,28.0074
8078,28.1777
8079,28.1872
8080,28.1878
8081,28.2539
8082,28.2088
8083,28.288
8084,28.3172
8085,28.2332
8086,28.176
8087,28.3195
8088,28.1573
8089,28.129
8090,28.2172
8091,28.1544
8092,28.1761
8093,28.1916
8094,28.2537
8095,28.2445
8096,28.079
8097,28.2457
8098,28.2327
8099,28.2112
8100,28.1604
8101,28.3051
8102,28.2635
8103,28.3139
8104,28.3408
8105,28.2866
8106,28.2287
8107,28.2728
8108,28.2503
8109,28.2244
8110,28.3
8111,28.2157
8112,28.2326
8113,28.1891
8114,28.3064
8115,28.3751
8116,28.3027
8117,28.2273
8118,28.2689
8119,28.2985
8120,28.2458
8121,28.2548
8122,28.1607
8123,28.1267
8124,28.0243
8125,28.0631
8126,28.12
8127,28.2096
8128,28.1831
8129,28.1803
8130,28.0817
8131,28.1341
8132,28.2623
8133,28.2839
8134,28.2532
8135,28.2208
8136,28.1616
8137,28.3075
8138,28.1984
8139,28.173
8140,28.1986
8141,28.2272
8142,28.1702
8143,28.2251
8144,28.1802
8145,28.1889
8146,28.1726
8147,28.101
8148,27.9819
8149,28.0487
8150,28.1163
8151,28.1709
8152,28.1671
8153,28.1422
8154,28.1117
8155,28.1951
8156,28.1418
8157,28.0785
8158,28.0618
8159,28.158
8160,28.1498
8161,28.1816
8162,28.2283
8163,28.0783
8164,28.021
8165,28.0411
8166,28.1086
8167,28.1763
8168,28.1533
8169,28.0879
8170,28.0845
8171,28.0331
8172,27.9988
8173,27.934
8174,27.9723
8175,28.1036
8176,28.0502
8177,27.929
8178,28.0233
8179,27.9262
8180,28.0638
8181,28.0189
8182,27.9925
8183,28.0188
8184,28.1039
8185,28.0262
8186,27.9565
8187,27.9347
8188,28.0334
8189,28.1006
8190,28.0853
8191,28.0818
8192,28.1789
8193,28.0574
8194,28.1107
8195,28.0568
8196,28.0705
8197,28.0528
8198,28.0138
8199,28.1105
8200,28.0903
8201,28.0499
8202,28.0809
8203,28.1362
8204,27.946
8205,27.9746
8206,27.9274
8207,28.0005
8208,28.0811
8209,28.0701
8210,27.9976
8211,28.0323
8212,27.91
8213,27.9775
8214,28.0291
8215,28.0423
8216,27.9367
8217,27.9502
8218,27.9673
8219,27.8839
8220,27.858
8221,27.7855
8222,27.8562
8223,27.903
8224,28.0021
8225,27.9299
8226,27.9123
8227,27.8886
8228,27.8534
8229,27.9204
8230,27.8519
8231,27.9317
8232,28.0048
8233,28.1114
8234,28.0445
8235,27.9476
8236,28.1294
8237,28.0287
8238,27.9799
8239,28.0301
8240,27.9865
8241,28.0876
8242,28.0661
8243,28.0085
8244,28.1753
8245,28.0763
8246,28.0297
8247,27.9999
8248,28.0133
8249,28.0016
8250,28.0727
8251,28.0836
8252,28.0741
8253,28.0812
8254,27.9719
8255,28.0195
8256,27.9317
8257,27.959
8258,27.961
8259,27.9808
8260,27.8847
8261,27.9495
8262,27.907
8263,27.9935
8264,27.8766
8265,27.9117
8266,27.9446
8267,27.8992
8268,27.9417
8269,27.9697
8270,27.8693
8271,27.853
8272,27.9775
8273,28.0361
8274,27.9957
8275,27.9635
8276,27.977
8277,27.9095
8278,27.9879
8279,28.0191
8280,28.0746
8281,27.982
8282,28.0252
8283,27.9747
8284,27.9954
8285,27.9536
8286,28.0586
8287,27.9321
8288,27.95
8289,27.8843
8290,27.888
8291,27.7579
8292,27.8177
8293,27.9294
8294,27.8051
8295,27.8993
8296,27.8907
8297,27.8441
8298,28.007
8299,27.8171
8300,27.958
8301,27.7978
8302,27.9183
8303,27.8755
8304,27.8672
8305,27.7655
8306,27.7946
8307,27.8612
8308,27.8033
8309,27.7775
8310,27.7638
8311,27.7807
8312,27.8159
8313,27.7537
8314,27.8124
8315,27.875
8316,27.8454
8317,27.9435
8318,27.9288
8319,27.8703
8320,27.9934
8321,27.9054
8322,27.7657
8323,27.8374
8324,27.8152
8325,27.7403
8326,27.6455
8327,27.7418
8328,27.8042
8329,27.7908
8330,27.7613
8331,27.7368
8332,27.7942
8333,27.7523
8334,27.6826
8335,27.7276
8336,27.7781
8337,27.8695
8338,27.8412
8339,27.8247
8340,27.7902
8341,27.7546
8342,27.9199
8343,27.8129
8344,27.7723
8345,27.7692
8346,27.8541
8347,27.7574
8348,27.7349
8349,27.7868
8350,27.8857
8351,27.9795
8352,27.8278
8353,27.8031
8354,27.8614
8355,27.8287
8356,27.8003
8357,27.7861
8358,27.8015
8359,27.9493
8360,27.846
8361,27.8499
8362,27.837
8363,27.7928
8364,27.8195
8365,27.8197
8366,27.8288
8367,27.8675
8368,27.8736
8369,27.8309
8370,27.8745
8371,27.9451
8372,27.8815
8373,27.9094
8374,27.8302
8375,27.7908
8376,27.8436
8377,27.9358
8378,27.8752
8379,27.9105
8380,27.9201
8381,27.797
8382,27.8563
8383,27.8652
8384,27.961
8385,27.892
8386,27.8527
8387,27.8211
8388,27.8376
8389,27.8934
8390,27.9514
8391,28.0096
8392,28.0274
8393,28.0741
8394,28.0442
8395,27.9914
8396,27.9564
8397,27.9972
8398,28.0237
8399,27.9468
8400,27.9121
8401,27.9501
8402,27.9488
8403,28.0002
8404,28.0315
8405,28.0078
8406,27.8839
8407,27.9545
8408,27.9613
8409,27.9805
8410,27.9564
8411,27.9122
8412,28.0155
8413,27.9652
8414,27.9776
8415,28.0123
8416,28.038
8417,28.097
8418,28.083
8419,28.164
8420,28.1703
8421,28.1206
8422,28.0241
8423,28.0622
8424,28.0859
8425,28.1054
8426,28.0471
8427,28.0393
8428,28.1471
8429,28.0805
8430,28.1334
8431,28.2003
8432,28.1688
8433,28.1874
8434,28.1802
8435,28.0831
8436,28.0871
8437,28.0411
8438,28.0623
8439,28.0521
8440,27.9954
8441,28.1224
8442,28.1403
8443,28.0084
8444,28.1393
8445,28.1395
8446,28.0976
8447,28.1757
8448,28.0847
8449,28.0474
8450,28.0723
8451,28.1136
8452,28.152
8453,28.2001
8454,28.2295
8455,28.2896
8456,28.2817
8457,28.2028
8458,28.2383
8459,28.2149
8460,28.1514
8461,28.1791
8462,28.047
8463,28.1294
8464,28.1404
8465,28.0913
8466,28.1307
8467,28.0573
8468,28.1127
8469,28.1341
8470,28.1402
8471,28.1112
8472,27.9968
8473,28.0213
8474,28.1213
8475,27.9729
8476,28.0034
8477,28.0019
8478,28.1491
8479,28.038
8480,28.1221
8481,28.0822
8482,28.1461
8483,28.2093
8484,28.0783
8485,28.0398
8486,28.0684
8487,27.9944
8488,28.0137
8489,27.9538
8490,28.0965
8491,28.1617
8492,28.1062
8493,28.2357
8494,28.2576
8495,28.238
8496,28.2135
8497,28.2175
8498,28.1305
8499,28.064
8500,28.1638
8501,28.1317
8502,28.1886
8503,28.1248
8504,28.0643
8505,28.088
8506,28.1539
8507,28.1436
8508,28.177
8509,28.2371
8510,28.2912
8511,28.3665
8512,28.2476
8513,28.2223
8514,28.1978
8515,28.1806
8516,28.21
8517,28.0372
8518,28.2381
8519,28.1783
8520,28.1613
8521,28.2291
8522,28.237
8523,28.1672
8524,28.1593
8525,28.1777
8526,28.1681
8527,28.205
8528,28.1975
8529,28.2112
8530,28.2363
8531,28.2996
8532,28.2521
8533,28.0641
8534,28.1005
8535,27.9632
8536,28.0396
8537,28.1524
8538,28.0979
8539,28.1262
8540,28.0474
8541,28.1194
8542,28.0405
8543,28.1246
8544,28.1812
8545,28.1672
8546,28.0507
8547,28.1307
8548,28.108
8549,28.2343
8550,28.1545
8551,28.0733
8552,28.0352
8553,28.0895
8554,28.0451
8555,28.2568
8556,28.1189
8557,28.1139
8558,28.184
8559,28.0261
8560,28.082
8561,28.0378
8562,28.0416
8563,28.0482
8564,27.9695
8565,27.9221
8566,27.9954
8567,28.1186
8568,28.0471
8569,28.1113
8570,28.0315
8571,28.1316
8572,27.9826
8573,27.9372
8574,28.1246
8575,28.0324
8576,28.1109
8577,28.0606
8578,28.127
8579,28.0817
8580,28.0437
8581,28.1591
8582,28.0372
8583,27.9609
8584,28.0613
8585,28.1503
8586,28.1682
8587,28.0608
8588,28.1515
8589,28.0507
8590,28.1953
8591,28.0073
8592,27.9337
8593,28.0388
8594,28.1031
8595,28.0822
8596,28.0162
8597,28.1119
8598,28.081
8599,28.0289
8600,28.0101
8601,28.0518
8602,28.0319
8603,27.988
8604,28.0342
8605,28.0606
8606,28.0233
8607,28.1046
8608,27.9923
8609,27.931
8610,27.9736
8611,27.9361
8612,28.0137
8613,28.0319
8614,28.0826
8615,27.9876
8616,27.9956
8617,27.975
8618,27.9675
8619,27.9093
8620,27.9485
8621,28.0154
8622,28.0591
8623,28.1134
8624,28.1982
8625,28.2123
8626,28.1428
8627,28.0003
8628,28.0429
8629,27.9872
8630,28.0071
8631,28.1178
8632,28.0885
8633,27.9616
8634,28.0371
8635,27.9068
8636,28.0666
8637,28.1666
8638,28.0729
8639,28.12
8640,28.0029
8641,28.1234
8642,28.0353
8643,28.0535
8644,28.0354
8645,28.0966
8646,28.142
8647,28.0339
8648,27.9296
8649,27.8939
8650,27.9306
8651,27.9393
8652,27.8836
8653,27.8823
8654,28.0105
8655,27.9696
8656,28.1056
8657,27.96
8658,27.9465
8659,27.9642
8660,27.9961
8661,28.0218
8662,28.0687
8663,28.1619
8664,28.0435
8665,27.9212
8666,28.0486
8667,27.9848
8668,28.0582
8669,27.9877
8670,27.9678
8671,27.9192
8672,27.9979
8673,28.034
8674,27.9882
8675,28.0151
8676,28.0364
8677,28.1263
8678,28.0748
8679,27.9682
8680,28.0261
8681,28.0003
8682,27.974
8683,27.9687
8684,28.0058
8685,27.8368
8686,27.9883
8687,28.0068
8688,27.9845
8689,27.9252
8690,27.942
8691,27.9823
8692,28.0852
8693,27.9716
8694,28.0192
8695,27.9209
8696,27.8956
8697,27.8815
8698,27.985
8699,27.9327
8700,27.9692
8701,27.927
8702,28.0395
8703,28.0453
8704,27.9788
8705,27.9524
8706,27.8514
8707,27.9189
8708,27.8922
8709,27.8316
8710,27.8309
8711,27.8815
8712,28.0167
8713,27.8777
8714,27.9669
8715,27.8899
8716,27.987
8717,27.9065
8718,27.8576
8719,27.8601
8720,27.7721
8721,27.7841
8722,27.8243
8723,27.8308
8724,28.016
8725,27.8977
8726,28.0217
8727,27.8808
8728,27.9036
8729,27.8787
8730,27.9638
8731,27.923
8732,27.9946
8733,27.9657
8734,27.9996
8735,27.9593
8736,27.9646
8737,27.9604
8738,27.9056
8739,27.8566
8740,27.917
8741,27.8909
8742,27.9206
8743,27.9907
8744,27.9407
8745,27.8501
8746,27.9482
8747,27.9833
8748,28.0003
8749,27.9386
8750,27.9367
8751,27.9181
8752,27.8737
8753,27.9289
8754,27.8137
8755,27.8718
8756,27.9737
8757,27.8362
8758,27.9408
8759,27.8515
8760,28.0255
8761,27.9661
8762,28.0777
8763,28.0106
8764,28.0006
8765,27.9946
8766,27.9411
8767,28.0465
8768,28.1091
8769,28.1173
8770,28.0657
8771,27.9281
8772,27.9749
8773,27.9909
8774,27.9684
8775,27.944
8776,27.9167
8777,27.9311
8778,27.9359
8779,27.8839
8780,27.9512
8781,27.945
8782,27.9272
8783,27.8967
8784,27.8579
8785,27.9101
8786,27.8323
8787,27.9267
8788,27.9431
8789,27.9498
8790,27.9851
8791,28.0027
8792,28.0074
8793,27.9533
8794,27.9388
8795,27.9683
8796,27.8931
8797,27.8642
8798,27.9068
8799,27.8488
8800,27.9703
8801,27.9496
8802,27.9071
8803,27.9544
8804,28.0015
8805,27.9745
8806,27.9829
8807,27.9593
8808,27.9562
8809,27.84
8810,28.0165
8811,27.9654
8812,28.0961
8813,28.1165
8814,28.0437
8815,28.0615
8816,28.0027
8817,28.0835
8818,27.9315
8819,27.9613
8820,28.0338
8821,27.9444
8822,28.0397
8823,27.9836
8824,27.9298
8825,27.9836
8826,28.0545
8827,27.949
8828,27.8257
8829,27.9954
8830,27.9224
8831,28.0086
8832,28.0164
8833,27.9561
8834,28.0392
8835,27.9483
8836,27.9522
8837,28.0169
8838,28.0735
8839,28.0129
8840,27.9383
8841,27.9851
8842,28.0321
8843,27.9242
8844,27.9361
8845,27.8877
8846,27.888
8847,27.9066
8848,27.9269
8849,27.9723
8850,28.024
8851,27.975
8852,27.9919
8853,28.0723
8854,27.9438
8855,27.9771
8856,27.9784
8857,27.8437
8858,27.9638
8859,27.9221
8860,27.8818
8861,27.855
8862,27.9594
8863,27.9305
8864,27.9807
8865,27.9931
8866,27.9535
8867,27.8965
8868,27.9029
8869,27.9516
8870,27.9175
8871,27.9225
8872,28.0065
8873,27.9853
8874,27.9214
8875,28.0155
8876,27.889
8877,27.8803
8878,27.8536
8879,27.9223
8880,27.9929
8881,27.9365
8882,27.9875
8883,27.9459
8884,27.9472
8885,27.8948
8886,27.9986
8887,27.9106
8888,27.9296
8889,27.9422
8890,27.8892
8891,27.9722
8892,27.9599
8893,27.9242
8894,28.0389
8895,28.0363
8896,28.0697
8897,28.0362
8898,28.1299
8899,28.0509
8900,28.0784
8901,28.0267
8902,28.0747
8903,27.9434
8904,27.9364
8905,27.9812
8906,27.988
8907,28.0401
8908,28.0563
8909,27.8706
8910,27.8553
8911,27.8817
8912,27.8316
8913,27.9014
8914,27.9134
8915,28.0494
8916,28.0354
8917,28.0176
8918,27.976
8919,27.9089
8920,27.8861
8921,28.0009
8922,27.9328
8923,28.0497
8924,28.0803
8925,27.9785
8926,27.9826
8927,27.9304
8928,28.0175
8929,27.9154
8930,27.9061
8931,27.95
8932,28.0349
8933,27.9624
8934,27.9162
8935,27.8531
8936,27.8941
8937,27.925
8938,27.9138
8939,27.91
8940,28.028
8941,27.9306
8942,27.903
8943,28.0604
8944,27.9653
8945,27.9373
8946,28.0241
8947,28.0275
8948,27.9563
8949,28.0118
8950,28.0376
8951,27.9579
8952,27.9761
8953,27.972
8954,27.9779
8955,27.8272
8956,27.8761
8957,27.9742
8958,27.9372
8959,27.9267
8960,27.8183
8961,27.9232
8962,27.8497
8963,27.879
8964,27.9633
8965,27.8695
8966,27.942
8967,27.9727
8968,27.9812
8969,28.0453
8970,28.0158
8971,27.9251
8972,28.0199
8973,28.0303
8974,28.0667
8975,28.0574
8976,28.0507
8977,28.0627
8978,27.9755
8979,28.1385
8980,28.0432
8981,27.9121
8982,28.0281
8983,27.9837
8984,28.0389
8985,28.0588
8986,28.018
8987,28.0663
8988,28.0697
8989,28.071
8990,27.9569
8991,28.0031
8992,28.0257
8993,28.0676
8994,28.0098
8995,28.1083
8996,28.0469
8997,28.0042
8998,28.0032
8999,27.9002
9000,28.0163
9001,28.0156
9002,27.994
9003,27.9985
9004,27.9946
9005,27.9912
9006,27.8886
9007,28.0522
9008,27.9455
9009,27.96
9010,28.0033
9011,28.0282
9012,28.0223
9013,28.1465
9014,28.0616
9015,28.0603
9016,28.0864
9017,28.0116
9018,28.054
9019,28.0097
9020,27.9671
9021,28.0339
9022,28.0555
9023,28.0162
9024,28.128
9025,28.0306
9026,28.0496
9027,28.0404
9028,28.0705
9029,28.057
9030,28.0226
9031,28.0047
9032,28.0487
9033,28.0279
9034,28.0168
9035,27.9795
9036,28.0083
9037,28.1242
9038,27.9933
9039,27.9473
9040,28.0129
9041,28.0115
9042,28.0714
9043,27.9863
9044,27.986
9045,27.95
9046,27.9063
9047,27.964
9048,28.05
9049,28.0453
9050,28.0471
9051,27.9787
9052,28.0471
9053,27.9849
9054,28.0417
9055,28.0201
9056,27.9668
9057,28.0256
9058,27.9565
9059,27.9567
9060,27.9179
9061,27.8592
9062,27.9245
9063,27.9128
9064,27.9747
9065,27.9083
9066,27.9555
9067,28.0375
9068,28.0545
9069,28.0451
9070,28.0863
9071,28.0188
9072,28.1192
9073,28.1644
9074,28.011
9075,28.0683
9076,28.0001
9077,28.0733
9078,28.0738
9079,28.0498
9080,28.0374
9081,27.9036
9082,27.9853
9083,28.1054
9084,28.1225
9085,27.976
9086,28.0089
9087,27.9987
9088,28.0433
9089,28.0042
9090,27.9434
9091,28.0352
9092,27.9266
9093,27.9862
9094,28.0454
9095,27.9412
9096,27.9843
9097,28.0889
9098,28.0082
9099,27.9644
9100,28.0058
9101,27.8987
9102,27.9633
9103,27.9195
9104,28.0074
9105,28.0339
9106,28.0028
9107,28.0158
9108,28.0092
9109,27.993
9110,27.9656
9111,28.0206
9112,27.9984
9113,28.0129
9114,28.0125
9115,27.9408
9116,27.9879
9117,27.949
9118,28.0551
9119,28.051
9120,27.97
9121,28.0621
9122,27.9686
9123,28.0358
9124,28.0905
9125,27.9869
9126,28.0488
9127,28.0764
9128,28.0344
9129,28.0062
9130,28.0013
9131,28.0133
9132,27.8823
9133,27.9388
9134,27.9442
9135,27.9784
9136,28.0146
9137,27.9363
9138,27.9699
9139,27.8954
9140,27.9868
9141,28.1061
9142,28.0398
9143,28.0195
9144,28.0908
9145,28.1111
9146,28.0977
9147,28.1014
9148,28.057
9149,28.2249
9150,28.0995
9151,28.2207
9152,28.1414
9153,28.1388
9154,28.1524
9155,28.1508
9156,28.0953
9157,28.1439
9158,28.1819
9159,28.2382
9160,28.1969
9161,28.0194
9162,28.1682
9163,28.2093
9164,28.0739
9165,28.1259
9166,28.0624
9167,28.0561
9168,28.0999
9169,28.0723
9170,28.0792
9171,28.237
9172,28.1856
9173,28.1608
9174,28.037
9175,28.1049
9176,28.0573
9177,28.1967
9178,28.1193
9179,28.1412
9180,28.0458
9181,27.9343
9182,27.9184
9183,27.9712
9184,28.0725
9185,27.9996
9186,28.0919
9187,28.0028
9188,28.0898
9189,28.0383
9190,27.9467
9191,27.9722
9192,27.9846
9193,27.9614
9194,28.016
9195,28.0561
9196,28.0012
9197,28.028
9198,28.0686
9199,28.0278
9200,28.1021
9201,28.1243
9202,28.0941
9203,28.0677
9204,28.063
9205,28.12
9206,28.1038
9207,28.1625
9208,28.0836
9209,28.1175
9210,28.1288
9211,28.0324
9212,28.0747
9213,28.0564
9214,28.0683
9215,27.9788
9216,28.106
9217,28.0235
9218,28.0386
9219,27.9251
9220,28.0187
9221,28.0751
9222,28.0486
9223,27.9158
9224,27.9841
9225,27.9687
9226,27.9814
9227,27.9534
9228,27.9514
9229,27.9173
9230,28.0516
9231,28.0176
9232,28.0095
9233,28.0781
9234,27.9551
9235,28.0262
9236,28.0347
9237,28.0338
9238,27.9981
9239,28.0339
9240,28.1222
9241,28.1247
9242,28.2142
9243,28.1935
9244,28.1566
9245,28.1316
9246,28.1154
9247,28.1166
9248,28.0574
9249,28.2643
9250,28.1003
9251,28.0874
9252,28.1515
9253,28.1459
9254,28.1832
9255,28.2275
9256,28.2267
9257,28.1684
9258,28.1415
9259,28.1884
9260,28.2162
9261,28.2331
9262,28.2162
9263,28.149
9264,28.1893
9265,28.1955
9266,28.1676
9267,28.1316
9268,28.1697
9269,28.1022
9270,28.1536
9271,28.0341
9272,27.9506
9273,28.0616
9274,28.0915
9275,28.1458
9276,28.1285
9277,28.0945
9278,28.1483
9279,28.1874
9280,28.1109
9281,28.2051
9282,28.1556
9283,28.1549
9284,28.297
9285,28.1927
9286,28.2352
9287,28.1906
9288,28.2183
9289,28.1256
9290,28.1586
9291,28.0983
9292,28.2186
9293,28.1478
9294,28.176
9295,28.185
9296,28.1175
9297,28.1694
9298,28.1241
9299,28.1904
9300,28.2741
9301,28.2237
9302,28.2873
9303,28.2848
9304,28.2172
9305,28.1845
9306,28.1646
9307,28.1459
9308,28.1102
9309,28.108
9310,28.1816
9311,28.1686
9312,28.0962
9313,28.1879
9314,28.167
9315,28.211
9316,28.1933
9317,28.1301
9318,28.1286
9319,28.1167
9320,28.1072
9321,28.0473
9322,28.0104
9323,27.9689
9324,28.045
9325,28.1527
9326,28.0632
9327,28.0404
9328,28.0509
9329,27.9996
9330,28.0325
9331,28.0759
9332,28.0447
9333,28.0855
9334,28.0825
9335,28.1139
9336,28.1488
9337,28.1209
9338,28.1368
9339,27.9335
9340,28.0434
9341,28.033
9342,28.0561
9343,27.9923
9344,28.0467
9345,27.9705
9346,27.9415
9347,28.0907
9348,28.0686
9349,27.9886
9350,28.1401
9351,28.2299
9352,28.1183
9353,28.0822
9354,28.0916
9355,28.0691
9356,28.0939
9357,28.0378
9358,27.9971
9359,27.9812
9360,28.1166
9361,28.0023
9362,28.0299
9363,27.9822
9364,27.9347
9365,28.0629
9366,27.9833
9367,28.0693
9368,28.0042
9369,28.0519
9370,28.0918
9371,28.0253
9372,28.0595
9373,28.0426
9374,28.1019
9375,28.0989
9376,28.1469
9377,28.1359
9378,28.0145
9379,28.0292
9380,28.016
9381,27.9986
9382,28.0678
9383,27.9965
9384,28.0201
9385,28.0144
9386,28.0689
9387,28.067
9388,28.031
9389,28.0462
9390,27.9436
9391,27.918
9392,27.9327
9393,27.9114
9394,27.9695
9395,27.9063
9396,27.9651
9397,28.0039
9398,27.9742
9399,28.0761
9400,27.9842
9401,28.0605
9402,28.0414
9403,28.0402
9404,28.1308
9405,28.2328
9406,28.0529
9407,28.1667
9408,28.2455
9409,28.291
9410,28.2907
9411,28.2138
9412,28.2469
9413,28.3311
9414,28.2835
9415,28.2884
9416,28.2893
9417,28.2455
9418,28.2226
9419,28.1671
9420,28.0807
9421,28.18
9422,28.2595
9423,28.1103
9424,28.0702
9425,28.0548
9426,28.1079
9427,28.0235
9428,28.0128
9429,28.0078
9430,27.9658
9431,28.0191
9432,28.1014
9433,28.104
9434,28.2417
9435,28.1322
9436,28.1339
9437,28.2354
9438,28.1121
9439,28.1019
9440,28.0652
9441,28.0597
9442,28.072
9443,28.082
9444,28.0258
9445,27.9453
9446,28.0347
9447,28.152
9448,28.0824
9449,28.0969
9450,27.9611
9451,28.0586
9452,28.0058
9453,28.0459
9454,28.0258
9455,28.0829
9456,28.0586
9457,28.2142
9458,28.0442
9459,28.0056
9460,28.0955
9461,28.0086
9462,28.0799
9463,28.1101
9464,28.1479
9465,28.1453
9466,28.0039
9467,28.0905
9468,28.135
9469,28.1574
9470,28.0655
9471,27.9222
9472,27.9993
9473,28.0117
9474,28.0277
9475,28.0142
9476,27.9851
9477,28.0754
9478,28.0579
9479,28.0489
9480,28.0605
9481,27.9659
9482,28.0332
9483,28.0533
9484,28.0261
9485,27.8805
9486,27.9496
9487,28.0116
9488,28.0123
9489,28.0094
9490,28.0301
9491,27.9775
9492,27.9859
9493,27.9931
9494,28.027
9495,28.1419
9496,28.1175
9497,28.0732
9498,27.9541
9499,28.0199
9500,28.1046
9501,28.0273
9502,28.077
9503,27.9872
9504,28.0475
9505,28.0726
9506,28.1381
9507,28.0767
9508,28.1178
9509,28.1383
9510,28.0346
9511,28.116
9512,28.1948
9513,28.2393
9514,28.0835
9515,28.083
9516,28.035
9517,28.1188
9518,28.1388
9519,28.1592
9520,28.0519
9521,28.101
9522,28.1639
9523,28.0279
9524,28.0019
9525,28.0756
9526,28.2434
9527,28.106
9528,28.1727
9529,28.1919
9530,28.1331
9531,28.1289
9532,28.0653
9533,28.1302
9534,28.0475
9535,28.0299
9536,28.1532
9537,28.057
9538,28.0174
9539,28.0976
9540,28.0726
9541,28.0698
9542,28.062
9543,28.0168
9544,28.0125
9545,28.0702
9546,28.1108
9547,28.0414
9548,28.0677
9549,28.0349
9550,27.9666
9551,28.109
9552,28.1686
9553,28.1073
9554,27.9712
9555,28.0327
9556,28.1396
9557,28.0828
9558,28.0725
9559,28.004
9560,27.9504
9561,28.0878
9562,28.1763
9563,28.0709
9564,28.0749
9565,28.043
9566,28.0149
9567,28.0868
9568,28.0409
9569,27.9187
9570,27.9772
9571,27.9664
9572,28.0339
9573,28.0151
9574,28.0568
9575,28.1139
9576,28.0629
9577,28.1838
9578,28.124
9579,28.2837
9580,28.0963
9581,28.2015
9582,28.204
9583,28.1355
9584,28.1252
9585,28.101
9586,28.1253
9587,28.0968
9588,28.2158
9589,28.1992
9590,28.2088
9591,28.2044
9592,28.204
9593,28.1549
9594,28.1867
9595,28.1733
9596,28.0632
9597,28.0942
9598,28.2037
9599,28.2418
9600,28.1989
9601,28.2355
9602,28.2301
9603,28.3441
9604,28.3289
9605,28.3725
9606,28.3826
9607,28.3271
9608,28.4434
9609,28.3175
9610,28.3174
9611,28.3424
9612,28.2894
9613,28.2755
9614,28.3045
9615,28.252
9616,28.1248
9617,28.2688
9618,28.2641
9619,28.217
9620,28.1038
9621,28.2059
9622,28.1127
9623,28.2171
9624,28.1841
9625,28.343
9626,28.2629
9627,28.1562
9628,28.2379
9629,28.2751
9630,28.2139
9631,28.2143
9632,28.2185
9633,28.0931
9634,28.1185
9635,28.2326
9636,28.2454
9637,28.21
9638,28.1772
9639,28.1873
9640,28.0924
9641,28.1802
9642,28.1731
9643,28.3205
9644,28.3209
9645,28.3356
9646,28.2749
9647,28.2317
9648,28.289
9649,28.2428
9650,28.1874
9651,28.1399
9652,28.2062
9653,28.2498
9654,28.1895
9655,28.2386
9656,28.2359
9657,28.1782
9658,28.176
9659,28.1224
9660,28.1549
9661,28.0397
9662,28.0778
9663,28.1573
9664,28.1462
9665,28.1711
9666,28.2539
9667,28.1674
9668,28.1994
9669,28.2336
9670,28.2643
9671,28.1795
9672,28.0804
9673,28.1338
9674,28.2342
9675,28.0949
9676,28.0648
9677,27.9842
9678,28.0714
9679,28.0842
9680,28.1185
9681,28.0095
9682,28.0766
9683,28.1894
9684,28.0218
9685,28.0816
9686,28.1391
9687,28.0994
9688,28.1272
9689,28.0666
9690,28.1203
9691,28.1646
9692,28.1955
9693,28.2122
9694,28.2295
9695,28.2725
9696,28.2683
9697,28.1114
9698,28.0425
9699,28.1029
9700,28.0108
9701,28.1089
9702,28.0285
9703,28.0654
9704,28.1791
9705,28.2132
9706,28.2588
9707,28.2434
9708,28.3058
9709,28.3906
9710,28.2884
9711,28.3162
9712,28.4244
9713,28.3745
9714,28.2872
9715,28.2609
9716,28.3696
9717,28.2476
9718,28.3248
9719,28.2169
9720,28.2283
9721,28.2589
9722,28.0955
9723,28.0743
9724,28.1332
9725,28.1785
9726,28.1818
9727,28.1852
9728,28.1416
9729,28.1537
9730,28.1135
9731,28.163
9732,28.1218
9733,28.0649
9734,28.1569
9735,28.1024
9736,28.0952
9737,28.0927
9738,28.1925
9739,28.1642
9740,28.2166
9741,28.123
9742,28.1726
9743,28.0719
9744,28.0114
9745,28.0804
9746,28.227
9747,28.1549
9748,28.2192
9749,28.2632
9750,28.1771
9751,28.2314
9752,28.2356
9753,28.1903
9754,28.1047
9755,28.0902
9756,28.0649
9757,28.0815
9758,28.1057
9759,28.1786
9760,28.1841
9761,28.2217
9762,28.2064
9763,28.1948
9764,28.1271
9765,28.2025
9766,28.1568
9767,28.1534
9768,28.0985
9769,28.102
9770,28.1467
9771,28.198
9772,28.2003
9773,28.1451
9774,28.1583
9775,28.078
9776,28.1759
9777,28.171
9778,28.1337
9779,28.1305
9780,28.3074
9781,28.2308
9782,28.1969
9783,28.273
9784,28.1817
9785,28.1977
9786,28.1479
9787,28.1172
9788,28.0508
9789,28.1892
9790,28.1472
9791,28.1905
9792,28.1232
9793,28.2064
9794,28.1969
9795,28.1587
9796,28.086
9797,28.1762
9798,28.1717
9799,28.1452
9800,28.1839
9801,28.2378
9802,28.2584
9803,28.2458
9804,28.2056
9805,28.129
9806,28.1643
9807,28.1449
9808,28.1234
9809,28.1172
9810,28.1094
9811,27.9998
9812,27.9858
9813,28.1223
9814,27.9944
9815,28.1322
9816,28.0458
9817,28.0442
9818,28.0478
9819,28.0959
9820,28.125
9821,28.0811
9822,28.1461
9823,28.1288
9824,28.1926
9825,28.2524
9826,28.0115
9827,28.161
9828,28.0924
9829,28.1103
9830,28.1289
9831,28.1132
9832,28.0063
9833,28.0801
9834,28.0325
9835,28.0308
9836,28.0209
9837,28.0816
9838,28.0396
9839,28.0522
9840,28.0995
9841,28.0981
9842,28.1014
9843,28.1017
9844,28.0617
9845,28.0478
9846,28.0992
9847,28.0645
9848,28.1775
9849,28.1574
9850,28.0699
9851,28.1436
9852,28.1416
9853,28.1734
9854,28.1638
9855,28.1188
9856,28.1027
9857,28.1649
9858,28.2404
9859,28.1459
9860,28.1267
9861,28.1816
9862,28.1452
9863,28.085
9864,28.1224
9865,28.0705
9866,28.0534
9867,28.0423
9868,28.062
9869,28.094
9870,28.0904
9871,27.9733
9872,28.0799
9873,27.9983
9874,28.0557
9875,28.0774
9876,28.0224
9877,28.0729
9878,28.1579
9879,28.1079
9880,28.2026
9881,28.094
9882,28.033
9883,28.1192
9884,28.0427
9885,28.1044
9886,27.9843
9887,28.0636
9888,28.1263
9889,28.1282
9890,28.1006
9891,28.0795
9892,28.089
9893,28.0939
9894,28.1799
9895,28.153
9896,28.0504
9897,28.1322
9898,28.0688
9899,28.0599
9900,28.0882
9901,28.0898
9902,28.16
9903,28.1506
9904,28.0927
9905,28.1332
9906,28.1789
9907,28.146
9908,28.2208
9909,28.1178
9910,28.1392
9911,28.1722
9912,28.1591
9913,28.1992
9914,28.1969
9915,28.1202
9916,28.1927
9917,28.1593
9918,28.1299
9919,28.2271
9920,28.3854
9921,28.3268
9922,28.3099
9923,28.2262
9924,28.3141
9925,28.3493
9926,28.2545
9927,28.1716
9928,28.1915
9929,28.1993
9930,28.256
9931,28.1518
9932,28.2407
9933,28.2668
9934,28.1974
9935,28.1912
9936,28.1566
9937,28.0857
9938,28.1135
9939,28.1592
9940,28.1398
9941,28.1854
9942,28.1436
9943,28.1724
9944,28.0786
9945,28.0906
9946,28.014
9947,28.1068
9948,28.0219
9949,28.078
9950,28.0702
9951,28.1103
9952,28.138
9953,28.097
9954,28.0022
9955,28.1097
9956,28.1519
9957,28.1754
9958,28.0414
9959,28.1534
9960,28.1728
9961,28.1391
9962,28.0901
9963,28.0268
9964,28.0661
9965,28.2184
9966,28.0917
9967,28.1008
9968,28.1537
9969,28.2303
9970,28.2023
9971,28.23
9972,28.2301
9973,28.168
9974,27.9928
9975,28.1154
9976,28.0654
9977,28.18
9978,28.1962
9979,28.263
9980,28.3083
9981,28.1836
9982,28.0899
9983,28.169
9984,28.0679
9985,28.0344
9986,27.9931
9987,28.0831
9988,28.0642
9989,28.0674
9990,28.1653
9991,28.1674
9992,28.0893
9993,28.1077
9994,28.0691
9995,28.0541
9996,28.1605
9997,28.0721
9998,28.0124
9999,28.065
10000,28.1007
