1,28.0003
2,27.9257
3,27.9293
4,27.9303
5,27.9547
6,27.8838
7,27.9182
8,27.9505
9,28.005
10,28.0551
11,28.1578
12,28.0327
13,28.0166
14,27.9845
15,27.9909
16,28.0136
17,27.8272
18,28.0096
19,28.0195
20,28.1906
21,28.1007
22,28.1564
23,28.0621
24,28.0784
25,28.1139
26,28.0745
27,28.0232
28,28.0993
29,28.0609
30,28.0431
31,28.1282
32,28.066
33,28.0095
34,28.0306
35,28.0111
36,28.0626
37,27.9333
38,27.9949
39,27.9354
40,27.9619
41,28.0082
42,28.0195
43,28.0769
44,28.1844
45,28.1582
46,28.188
47,28.1174
48,28.2216
49,28.3331
50,28.304
51,28.1848
52,28.2996
53,28.1248
54,28.1501
55,28.2858
56,28.2891
57,28.2241
58,28.1499
59,28.2941
60,28.2435
61,28.1609
62,28.1751
63,28.2739
64,28.3852
65,28.3261
66,28.3156
67,28.3993
68,28.4011
69,28.4263
70,28.3683
71,28.3533
72,28.3064
73,28.3354
74,28.2659
75,28.3251
76,28.3101
77,28.1989
78,28.2558
79,28.2646
80,28.247
81,28.2328
82,28.1604
83,28.195
84,28.3805
85,28.3271
86,28.3201
87,28.268
88,28.2525
89,28.249
90,28.3048
91,28.1784
92,28.3221
93,28.2551
94,28.373
95,28.3773
96,28.2961
97,28.2256
98,28.2637
99,28.3412
100,28.2062
101,28.2251
102,28.3175
103,28.3821
104,28.3763
105,28.3576
106,28.2769
107,28.4313
108,28.4291
109,28.3505
110,28.2696
111,28.3345
112,28.3677
113,28.3014
114,28.338
115,28.3627
116,28.3471
117,28.4488
118,28.4094
119,28.3815
120,28.444
121,28.4699
122,28.3612
123,28.405
124,28.4647
125,28.3613
126,28.3906
127,28.4374
128,28.2572
129,28.4835
130,28.3722
131,28.2922
132,28.2889
133,28.2329
134,28.2833
135,28.2766
136,28.3262
137,28.3697
138,28.2713
139,28.3059
140,28.3037
141,28.2368
142,28.2289
143,28.3006
144,28.2718
145,28.331
146,28.2981
147,28.3161
148,28.1918
149,28.2289
150,28.3249
151,28.3152
152,28.2343
153,28.2471
154,28.3105
155,28.293
156,28.2455
157,28.2621
158,28.2546
159,28.2716
160,28.2218
161,28.2677
162,28.3366
163,28.3618
164,28.3914
165,28.4035
166,28.3272
167,28.3718
168,28.3918
169,28.2451
170,28.3521
171,28.3723
172,28.3298
173,28.341
174,28.2843
175,28.3246
176,28.3731
177,28.3253
178,28.399
179,28.3262
180,28.4237
181,28.4242
182,28.3365
183,28.4349
184,28.3769
185,28.3685
186,28.4101
187,28.449
188,28.432
189,28.3996
190,28.4841
191,28.4463
192,28.4921
193,28.4782
194,28.4677
195,28.5087
196,28.4807
197,28.5389
198,28.4573
199,28.4478
200,28.5061
201,28.3468
202,28.4235
203,28.4441
204,28.3828
205,28.5124
206,28.4617
207,28.4188
208,28.4251
209,28.3558
210,28.3442
211,28.4303
212,28.3665
213,28.3131
214,28.3356
215,28.4248
216,28.2703
217,28.3742
218,28.3471
219,28.3246
220,28.4388
221,28.3394
222,28.4225
223,28.4454
224,28.3758
225,28.4053
226,28.3723
227,28.3215
228,28.3497
229,28.4015
230,28.3665
231,28.3912
232,28.3598
233,28.4218
234,28.5926
235,28.4833
236,28.4699
237,28.453
238,28.4492
239,28.4392
240,28.2939
241,28.4803
242,28.4668
243,28.4553
244,28.4209
245,28.4178
246,28.3961
247,28.3612
248,28.5994
249,28.4929
250,28.4536
251,28.5564
252,28.6225
253,28.6098
254,28.5064
255,28.4553
256,28.4289
257,28.4586
258,28.5107
259,28.5623
260,28.4706
261,28.4679
262,28.5068
263,28.4891
264,28.4923
265,28.469
266,28.3973
267,28.3637
268,28.4277
269,28.3412
270,28.3967
271,28.4267
272,28.463
273,28.4604
274,28.3168
275,28.3445
276,28.3882
277,28.3736
278,28.305
279,28.3209
280,28.3803
281,28.41
282,28.363
283,28.3224
284,28.3812
285,28.3749
286,28.3787
287,28.3086
288,28.3667
289,28.3687
290,28.4239
291,28.3281
292,28.4562
293,28.4804
294,28.6147
295,28.5276
296,28.4229
297,28.2984
298,28.4076
299,28.3832
300,28.4276
301,28.3816
302,28.5529
303,28.5384
304,28.4375
305,28.5292
306,28.5127
307,28.4668
308,28.4254
309,28.3357
310,28.4176
311,28.3036
312,28.4701
313,28.2631
314,28.2841
315,28.3619
316,28.3045
317,28.3935
318,28.3914
319,28.347
320,28.3509
321,28.4002
322,28.3998
323,28.3175
324,28.3339
325,28.3709
326,28.4788
327,28.4006
328,28.3891
329,28.4863
330,28.44
331,28.4508
332,28.3754
333,28.4608
334,28.4103
335,28.4593
336,28.3592
337,28.5097
338,28.5243
339,28.5128
340,28.4725
341,28.4245
342,28.3129
343,28.4488
344,28.5321
345,28.3788
346,28.4209
347,28.3373
348,28.3678
349,28.371
350,28.3926
351,28.2722
352,28.2903
353,28.2327
354,28.1797
355,28.1879
356,28.1533
357,28.3303
358,28.2739
359,28.2946
360,28.2788
361,28.2657
362,28.3668
363,28.2966
364,28.2259
365,28.1977
366,28.2132
367,28.1652
368,28.2534
369,28.3589
370,28.3132
371,28.3402
372,28.2767
373,28.3058
374,28.3034
375,28.2974
376,28.3437
377,28.2549
378,28.357
379,28.313
380,28.3168
381,28.323
382,28.3249
383,28.3949
384,28.4003
385,28.4603
386,28.348
387,28.2603
388,28.4245
389,28.3382
390,28.5063
391,28.3702
392,28.4633
393,28.3805
394,28.3872
395,28.475
396,28.3002
397,28.4025
398,28.3921
399,28.3979
400,28.4017
401,28.4393
402,28.4096
403,28.3457
404,28.5343
405,28.5043
406,28.641
407,28.6733
408,28.658
409,28.6233
410,28.5961
411,28.574
412,28.5529
413,28.4549
414,28.5492
415,28.4917
416,28.4902
417,28.459
418,28.5305
419,28.5336
420,28.4971
421,28.5551
422,28.5441
423,28.5501
424,28.5008
425,28.5364
426,28.6598
427,28.6986
428,28.6223
429,28.6399
430,28.6183
431,28.5658
432,28.5961
433,28.5977
434,28.5824
435,28.6038
436,28.5166
437,28.5054
438,28.4247
439,28.4508
440,28.4864
441,28.4851
442,28.5385
443,28.451
444,28.4279
445,28.4698
446,28.4646
447,28.5843
448,28.5087
449,28.4991
450,28.4612
451,28.3891
452,28.5165
453,28.5625
454,28.3847
455,28.4545
456,28.4448
457,28.3728
458,28.3654
459,28.4012
460,28.3038
461,28.356
462,28.3896
463,28.4449
464,28.3702
465,28.3655
466,28.4648
467,28.4851
468,28.4206
469,28.3377
470,28.3363
471,28.375
472,28.437
473,28.3818
474,28.4201
475,28.4374
476,28.4079
477,28.3961
478,28.3701
479,28.5297
480,28.4799
481,28.5183
482,28.4842
483,28.533
484,28.3759
485,28.4667
486,28.4508
487,28.4409
488,28.4998
489,28.3554
490,28.3811
491,28.4671
492,28.4303
493,28.3717
494,28.2982
495,28.3844
496,28.4293
497,28.3599
498,28.3805
499,28.4429
500,28.5063
501,28.4683
502,28.4942
503,28.6026
504,28.539
505,28.4913
506,28.4665
507,28.4431
508,28.5689
509,28.5874
510,28.5695
511,28.5637
512,28.4663
513,28.4105
514,28.4317
515,28.4339
516,28.487
517,28.4352
518,28.3177
519,28.411
520,28.3783
521,28.3107
522,28.4394
523,28.321
524,28.3412
525,28.346
526,28.3252
527,28.4056
528,28.4045
529,28.4141
530,28.4404
531,28.3941
532,28.4374
533,28.3196
534,28.4647
535,28.4316
536,28.4655
537,28.4908
538,28.3493
539,28.3879
540,28.2732
541,28.3943
542,28.4563
543,28.4056
544,28.278
545,28.3179
546,28.4148
547,28.288
548,28.3247
549,28.4104
550,28.4021
551,28.3525
552,28.3415
553,28.4934
554,28.4284
555,28.4577
556,28.401
557,28.3514
558,28.3129
559,28.3673
560,28.4151
561,28.3961
562,28.3758
563,28.3774
564,28.3919
565,28.3805
566,28.3308
567,28.3847
568,28.3854
569,28.3436
570,28.4684
571,28.4242
572,28.3861
573,28.3472
574,28.4181
575,28.3794
576,28.3692
577,28.3225
578,28.3464
579,28.3441
580,28.3167
581,28.4052
582,28.3312
583,28.2725
584,28.3339
585,28.2639
586,28.3032
587,28.2077
588,28.2595
589,28.2109
590,28.2464
591,28.3337
592,28.3117
593,28.3408
594,28.268
595,28.3075
596,28.3158
597,28.3582
598,28.3048
599,28.3038
600,28.2596
601,28.3108
602,28.3692
603,28.3712
604,28.2094
605,28.326
606,28.249
607,28.3124
608,28.3635
609,28.2969
610,28.32
611,28.3006
612,28.3659
613,28.3733
614,28.3999
615,28.3666
616,28.2429
617,28.2887
618,28.3346
619,28.4137
620,28.4948
621,28.4668
622,28.5074
623,28.518
624,28.42
625,28.5585
626,28.4857
627,28.544
628,28.4014
629,28.3914
630,28.3165
631,28.2839
632,28.4284
633,28.4298
634,28.4429
635,28.302
636,28.2671
637,28.3027
638,28.3388
639,28.421
640,28.3896
641,28.5341
642,28.4037
643,28.3914
644,28.3293
645,28.4393
646,28.4369
647,28.4053
648,28.4808
649,28.4888
650,28.3521
651,28.4814
652,28.5111
653,28.4738
654,28.4717
655,28.3973
656,28.4036
657,28.4031
658,28.4018
659,28.3919
660,28.4062
661,28.4719
662,28.3068
663,28.3715
664,28.2947
665,28.3079
666,28.332
667,28.4311
668,28.4269
669,28.3387
670,28.3071
671,28.2268
672,28.2686
673,28.4075
674,28.4203
675,28.3951
676,28.2808
677,28.3492
678,28.359
679,28.3797
680,28.4226
681,28.3746
682,28.3211
683,28.4418
684,28.3591
685,28.2992
686,28.3908
687,28.4384
688,28.4415
689,28.4317
690,28.2687
691,28.3989
692,28.3238
693,28.3551
694,28.2362
695,28.2334
696,28.2352
697,28.198
698,28.1729
699,28.2217
700,28.2802
701,28.2325
702,28.1976
703,28.2708
704,28.3347
705,28.254
706,28.2837
707,28.364
708,28.2855
709,28.2098
710,28.2682
711,28.379
712,28.3629
713,28.3739
714,28.3597
715,28.3569
716,28.2092
717,28.2328
718,28.2533
719,28.2481
720,28.2259
721,28.1247
722,28.1309
723,28.3288
724,28.2253
725,28.2574
726,28.206
727,28.2083
728,28.242
729,28.1356
730,28.1646
731,28.1635
732,28.2384
733,28.2305
734,28.2763
735,28.3236
736,28.3165
737,28.3102
738,28.2347
739,28.1218
740,28.1167
741,28.14
742,28.3006
743,28.2841
744,28.2339
745,28.2071
746,28.2644
747,28.2451
748,28.2449
749,28.2807
750,28.3241
751,28.304
752,28.2877
753,28.345
754,28.4239
755,28.3612
756,28.2679
757,28.499
758,28.4058
759,28.4066
760,28.5062
761,28.5409
762,28.5779
763,28.593
764,28.5186
765,28.5044
766,28.4821
767,28.5415
768,28.5272
769,28.4492
770,28.4831
771,28.4249
772,28.4594
773,28.4196
774,28.4037
775,28.365
776,28.456
777,28.3445
778,28.3582
779,28.2877
780,28.3723
781,28.4
782,28.5021
783,28.4625
784,28.477
785,28.3799
786,28.3021
787,28.3581
788,28.3429
789,28.3832
790,28.2593
791,28.3769
792,28.3624
793,28.328
794,28.3608
795,28.3803
796,28.464
797,28.3021
798,28.2736
799,28.3311
800,28.2205
801,28.2578
802,28.3239
803,28.3028
804,28.3856
805,28.3115
806,28.3675
807,28.4031
808,28.2813
809,28.3072
810,28.1941
811,28.245
812,28.2696
813,28.2504
814,28.2751
815,28.2504
816,28.3573
817,28.3223
818,28.2474
819,28.1886
820,28.2336
821,28.1823
822,28.2832
823,28.2259
824,28.1959
825,28.2648
826,28.2478
827,28.309
828,28.2616
829,28.2764
830,28.2301
831,28.2574
832,28.2455
833,28.3116
834,28.4121
835,28.4515
836,28.3895
837,28.307
838,28.2238
839,28.2263
840,28.3315
841,28.3002
842,28.1647
843,28.2429
844,28.4087
845,28.3542
846,28.2284
847,28.3485
848,28.3665
849,28.3523
850,28.3687
851,28.4682
852,28.4321
853,28.3969
854,28.4457
855,28.4118
856,28.4825
857,28.5806
858,28.4965
859,28.5076
860,28.5223
861,28.5164
862,28.5456
863,28.4969
864,28.5859
865,28.5916
866,28.424
867,28.4284
868,28.5479
869,28.3361
870,28.4605
871,28.4586
872,28.4486
873,28.3965
874,28.3501
875,28.4581
876,28.4679
877,28.4219
878,28.388
879,28.3576
880,28.3493
881,28.344
882,28.4706
883,28.4492
884,28.457
885,28.4693
886,28.5772
887,28.5629
888,28.5311
889,28.5658
890,28.5096
891,28.4165
892,28.3922
893,28.4975
894,28.4548
895,28.4676
896,28.4567
897,28.3984
898,28.3232
899,28.4921
900,28.4825
901,28.553
902,28.5026
903,28.4474
904,28.4388
905,28.3764
906,28.5145
907,28.4639
908,28.4596
909,28.4813
910,28.4686
911,28.4476
912,28.4184
913,28.3438
914,28.4614
915,28.4277
916,28.4612
917,28.5477
918,28.5028
919,28.5025
920,28.5229
921,28.445
922,28.4852
923,28.4896
924,28.4956
925,28.508
926,28.4913
927,28.4026
928,28.4065
929,28.4518
930,28.5319
931,28.5377
932,28.445
933,28.5693
934,28.4358
935,28.4401
936,28.3887
937,28.5045
938,28.4804
939,28.4868
940,28.5645
941,28.5748
942,28.6006
943,28.5907
944,28.492
945,28.588
946,28.4264
947,28.5053
948,28.6184
949,28.603
950,28.5945
951,28.5826
952,28.6802
953,28.5772
954,28.572
955,28.4483
956,28.5039
957,28.5037
958,28.5186
959,28.5323
960,28.471
961,28.384
962,28.4206
963,28.5586
964,28.386
965,28.4975
966,28.4972
967,28.4615
968,28.4102
969,28.3738
970,28.4308
971,28.4543
972,28.4184
973,28.4692
974,28.3249
975,28.3579
976,28.3373
977,28.3961
978,28.4148
979,28.4498
980,28.3912
981,28.4683
982,28.5083
983,28.3336
984,28.4044
985,28.47
986,28.4315
987,28.3944
988,28.4828
989,28.5512
990,28.5548
991,28.7288
992,28.7409
993,28.6519
994,28.5651
995,28.5034
996,28.3863
997,28.4922
998,28.4013
999,28.4972
1000,28.4104
1001,28.3689
1002,28.3716
1003,28.3948
1004,28.3784
1005,28.4428
1006,28.4427
1007,28.4482
1008,28.3566
1009,28.3748
1010,28.5657
1011,28.4507
1012,28.5379
1013,28.6528
1014,28.545
1015,28.4769
1016,28.524
1017,28.5947
1018,28.5961
1019,28.5148
1020,28.5282
1021,28.4156
1022,28.393
1023,28.4431
1024,28.5225
1025,28.3941
1026,28.374
1027,28.3622
1028,28.4174
1029,28.3615
1030,28.4706
1031,28.4944
1032,28.4412
1033,28.454
1034,28.5777
1035,28.4977
1036,28.6212
1037,28.4649
1038,28.5165
1039,28.6298
1040,28.5979
1041,28.5128
1042,28.5195
1043,28.533
1044,28.5647
1045,28.4517
1046,28.536
1047,28.4529
1048,28.5455
1049,28.3971
1050,28.4244
1051,28.5885
1052,28.6258
1053,28.6047
1054,28.6248
1055,28.6126
1056,28.5238
1057,28.5341
1058,28.5548
1059,28.4524
1060,28.4147
1061,28.3883
1062,28.4049
1063,28.4461
1064,28.4115
1065,28.469
1066,28.454
1067,28.3682
1068,28.3293
1069,28.3191
1070,28.4419
1071,28.3532
1072,28.3087
1073,28.4094
1074,28.1733
1075,28.3111
1076,28.2696
1077,28.2508
1078,28.3029
1079,28.4139
1080,28.3205
1081,28.3312
1082,28.4345
1083,28.313
1084,28.3626
1085,28.4156
1086,28.4112
1087,28.5029
1088,28.3797
1089,28.2327
1090,28.2374
1091,28.2006
1092,28.3475
1093,28.297
1094,28.2528
1095,28.2753
1096,28.295
1097,28.3163
1098,28.3103
1099,28.2388
1100,28.2994
1101,28.267
1102,28.3142
1103,28.3516
1104,28.2883
1105,28.296
1106,28.357
1107,28.3943
1108,28.3873
1109,28.3623
1110,28.2622
1111,28.3237
1112,28.3447
1113,28.3481
1114,28.3873
1115,28.3462
1116,28.3085
1117,28.3248
1118,28.2108
1119,28.2587
1120,28.3822
1121,28.5933
1122,28.4068
1123,28.391
1124,28.3904
1125,28.2583
1126,28.3314
1127,28.3148
1128,28.3698
1129,28.3615
1130,28.3338
1131,28.3133
1132,28.3231
1133,28.3503
1134,28.3651
1135,28.3961
1136,28.3364
1137,28.2422
1138,28.3967
1139,28.3691
1140,28.4374
1141,28.4264
1142,28.3988
1143,28.3866
1144,28.2693
1145,28.3841
1146,28.4304
1147,28.4702
1148,28.2788
1149,28.3498
1150,28.6058
1151,28.5956
1152,28.5765
1153,28.4762
1154,28.5119
1155,28.3963
1156,28.3291
1157,28.2542
1158,28.3766
1159,28.4564
1160,28.4397
1161,28.4059
1162,28.4356
1163,28.4463
1164,28.5017
1165,28.5445
1166,28.5092
1167,28.4426
1168,28.5394
1169,28.4502
1170,28.4043
1171,28.4177
1172,28.4655
1173,28.4374
1174,28.3864
1175,28.4095
1176,28.5183
1177,28.4363
1178,28.4949
1179,28.5967
1180,28.5493
1181,28.5405
1182,28.4737
1183,28.4171
1184,28.3844
1185,28.5488
1186,28.5331
1187,28.4773
1188,28.2996
1189,28.3399
1190,28.3528
1191,28.371
1192,28.3634
1193,28.427
1194,28.4269
1195,28.5182
1196,28.2775
1197,28.2706
1198,28.3425
1199,28.3707
1200,28.3294
1201,28.3332
1202,28.3172
1203,28.2704
1204,28.3528
1205,28.3385
1206,28.286
1207,28.3229
1208,28.3999
1209,28.3206
1210,28.3927
1211,28.3462
1212,28.3005
1213,28.4134
1214,28.5105
1215,28.4894
1216,28.3621
1217,28.3915
1218,28.3301
1219,28.3845
1220,28.4073
1221,28.3152
1222,28.4181
1223,28.3872
1224,28.477
1225,28.4296
1226,28.5231
1227,28.4127
1228,28.3308
1229,28.4445
1230,28.4363
1231,28.5583
1232,28.3913
1233,28.2879
1234,28.3435
1235,28.3293
1236,28.3213
1237,28.2864
1238,28.3486
1239,28.3973
1240,28.351
1241,28.4
1242,28.5155
1243,28.4448
1244,28.3296
1245,28.3663
1246,28.4607
1247,28.43
1248,28.3959
1249,28.3369
1250,28.2247
1251,28.2442
1252,28.3249
1253,28.3818
1254,28.5079
1255,28.5288
1256,28.5248
1257,28.4966
1258,28.3673
1259,28.4509
1260,28.3686
1261,28.3096
1262,28.4772
1263,28.4073
1264,28.3852
1265,28.4002
1266,28.4587
1267,28.433
1268,28.606
1269,28.5099
1270,28.4736
1271,28.4497
1272,28.4511
1273,28.4165
1274,28.4598
1275,28.5445
1276,28.5191
1277,28.5306
1278,28.4014
1279,28.273
1280,28.2701
1281,28.234
1282,28.2241
1283,28.2572
1284,28.2845
1285,28.2846
1286,28.2392
1287,28.2975
1288,28.3769
1289,28.2661
1290,28.2763
1291,28.3412
1292,28.3324
1293,28.4139
1294,28.3395
1295,28.3992
1296,28.4425
1297,28.4013
1298,28.3343
1299,28.341
1300,28.3664
1301,28.3326
1302,28.3522
1303,28.319
1304,28.3332
1305,28.3941
1306,28.4019
1307,28.4372
1308,28.3841
1309,28.4451
1310,28.3601
1311,28.2
1312,28.3916
1313,28.4026
1314,28.4227
1315,28.3904
1316,28.3973
1317,28.3632
1318,28.4503
1319,28.4127
1320,28.466
1321,28.3887
1322,28.4114
1323,28.397
1324,28.5573
1325,28.4306
1326,28.4215
1327,28.5506
1328,28.439
1329,28.5067
1330,28.4407
1331,28.3399
1332,28.3349
1333,28.3832
1334,28.3698
1335,28.3518
1336,28.3506
1337,28.4802
1338,28.3999
1339,28.4242
1340,28.3827
1341,28.4382
1342,28.4293
1343,28.284
1344,28.3274
1345,28.5754
1346,28.3947
1347,28.4467
1348,28.4328
1349,28.42
1350,28.5105
1351,28.4302
1352,28.5377
1353,28.4403
1354,28.4573
1355,28.4866
1356,28.4551
1357,28.4415
1358,28.5063
1359,28.3256
1360,28.3159
1361,28.3229
1362,28.3635
1363,28.349
1364,28.3815
1365,28.3163
1366,28.3626
1367,28.3493
1368,28.325
1369,28.421
1370,28.3066
1371,28.253
1372,28.2395
1373,28.3405
1374,28.3673
1375,28.3101
1376,28.4059
1377,28.2949
1378,28.3132
1379,28.4528
1380,28.4507
1381,28.4483
1382,28.4488
1383,28.585
1384,28.5399
1385,28.5129
1386,28.4899
1387,28.494
1388,28.3761
1389,28.4327
1390,28.4284
1391,28.3693
1392,28.4522
1393,28.4431
1394,28.4389
1395,28.5033
1396,28.5356
1397,28.5599
1398,28.5117
1399,28.5475
1400,28.5178
1401,28.4138
1402,28.4093
1403,28.4397
1404,28.4729
1405,28.375
1406,28.4844
1407,28.4335
1408,28.3981
1409,28.5211
1410,28.549
1411,28.5649
1412,28.4949
1413,28.5478
1414,28.5448
1415,28.5507
1416,28.5459
1417,28.5502
1418,28.6243
1419,28.5707
1420,28.4963
1421,28.4309
1422,28.4145
1423,28.473
1424,28.4372
1425,28.3519
1426,28.4727
1427,28.5393
1428,28.6213
1429,28.4529
1430,28.4639
1431,28.3311
1432,28.4747
1433,28.3728
1434,28.3347
1435,28.3547
1436,28.3791
1437,28.348
1438,28.3578
1439,28.3042
1440,28.2618
1441,28.2744
1442,28.2275
1443,28.2977
1444,28.2864
1445,28.3869
1446,28.5273
1447,28.4374
1448,28.5272
1449,28.5114
1450,28.5556
1451,28.4895
1452,28.3273
1453,28.3185
1454,28.2554
1455,28.2503
1456,28.2484
1457,28.2834
1458,28.2695
1459,28.3445
1460,28.289
1461,28.303
1462,28.3675
1463,28.3252
1464,28.3778
1465,28.2879
1466,28.3794
1467,28.3555
1468,28.4528
1469,28.4174
1470,28.4777
1471,28.5174
1472,28.4354
1473,28.3966
1474,28.4617
1475,28.4203
1476,28.4094
1477,28.3988
1478,28.3781
1479,28.4524
1480,28.3809
1481,28.3185
1482,28.4784
1483,28.4259
1484,28.4717
1485,28.411
1486,28.4927
1487,28.4999
1488,28.4193
1489,28.4874
1490,28.4252
1491,28.4643
1492,28.392
1493,28.4842
1494,28.4042
1495,28.4213
1496,28.3717
1497,28.437
1498,28.4446
1499,28.3597
1500,28.4391
1501,28.3626
1502,28.5031
1503,28.5298
1504,28.4523
1505,28.5368
1506,28.5809
1507,28.4526
1508,28.5741
1509,28.467
1510,28.4815
1511,28.3824
1512,28.5005
1513,28.5259
1514,28.5401
1515,28.4988
1516,28.6193
1517,28.5004
1518,28.482
1519,28.4905
1520,28.4839
1521,28.5765
1522,28.4231
1523,28.4052
1524,28.3849
1525,28.2647
1526,28.3257
1527,28.2641
1528,28.4438
1529,28.4727
1530,28.4136
1531,28.4895
1532,28.4473
1533,28.5488
1534,28.5624
1535,28.4999
1536,28.3877
1537,28.4443
1538,28.4394
1539,28.515
1540,28.302
1541,28.3846
1542,28.4581
1543,28.3985
1544,28.4329
1545,28.4508
1546,28.3606
1547,28.4238
1548,28.3213
1549,28.3294
1550,28.2837
1551,28.2355
1552,28.2437
1553,28.306
1554,28.3773
1555,28.438
1556,28.4086
1557,28.4644
1558,28.4502
1559,28.5333
1560,28.4367
1561,28.4573
1562,28.4574
1563,28.4623
1564,28.4025
1565,28.4044
1566,28.4177
1567,28.4026
1568,28.3369
1569,28.3992
1570,28.3825
1571,28.4229
1572,28.2961
1573,28.3024
1574,28.2764
1575,28.3691
1576,28.34
1577,28.3834
1578,28.277
1579,28.3371
1580,28.41
1581,28.4042
1582,28.5122
1583,28.2591
1584,28.3503
1585,28.3998
1586,28.5115
1587,28.3276
1588,28.329
1589,28.296
1590,28.449
1591,28.4088
1592,28.4216
1593,28.3807
1594,28.3115
1595,28.2794
1596,28.3626
1597,28.3066
1598,28.4821
1599,28.5251
1600,28.6128
1601,28.5903
1602,28.4312
1603,28.4614
1604,28.4567
1605,28.5093
1606,28.3812
1607,28.4682
1608,28.3855
1609,28.5194
1610,28.5132
1611,28.479
1612,28.5486
1613,28.464
1614,28.4622
1615,28.5011
1616,28.4429
1617,28.4202
1618,28.38
1619,28.4163
1620,28.3446
1621,28.4272
1622,28.2922
1623,28.3509
1624,28.2822
1625,28.2703
1626,28.3568
1627,28.371
1628,28.3751
1629,28.5232
1630,28.3916
1631,28.3416
1632,28.1965
1633,28.2143
1634,28.2041
1635,28.2774
1636,28.319
1637,28.2949
1638,28.2386
1639,28.1934
1640,28.2055
1641,28.2871
1642,28.3788
1643,28.3247
1644,28.3197
1645,28.3682
1646,28.4436
1647,28.3331
1648,28.3932
1649,28.4167
1650,28.4334
1651,28.4078
1652,28.4577
1653,28.4712
1654,28.5542
1655,28.3178
1656,28.3005
1657,28.3143
1658,28.3681
1659,28.3258
1660,28.2944
1661,28.2441
1662,28.2804
1663,28.3607
1664,28.3051
1665,28.3741
1666,28.3434
1667,28.3474
1668,28.3863
1669,28.334
1670,28.3609
1671,28.4698
1672,28.4597
1673,28.4358
1674,28.4712
1675,28.5037
1676,28.2798
1677,28.27
1678,28.2996
1679,28.3801
1680,28.3418
1681,28.3712
1682,28.4746
1683,28.3731
1684,28.4203
1685,28.4578
1686,28.5533
1687,28.4063
1688,28.3612
1689,28.3659
1690,28.3358
1691,28.3675
1692,28.48
1693,28.3962
1694,28.3046
1695,28.2881
1696,28.3497
1697,28.4618
1698,28.4959
1699,28.416
1700,28.3594
1701,28.3814
1702,28.4275
1703,28.3714
1704,28.3713
1705,28.6049
1706,28.5581
1707,28.4629
1708,28.4714
1709,28.4057
1710,28.5787
1711,28.4853
1712,28.4905
1713,28.5329
1714,28.3373
1715,28.3433
1716,28.3426
1717,28.4024
1718,28.2561
1719,28.3063
1720,28.3941
1721,28.3725
1722,28.3692
1723,28.4011
1724,28.4223
1725,28.4153
1726,28.4577
1727,28.4019
1728,28.3721
1729,28.3907
1730,28.525
1731,28.4483
1732,28.5038
1733,28.4768
1734,28.4072
1735,28.347
1736,28.2532
1737,28.3091
1738,28.4387
1739,28.277
1740,28.2944
1741,28.2685
1742,28.3649
1743,28.3702
1744,28.3748
1745,28.289
1746,28.4522
1747,28.4433
1748,28.4564
1749,28.4158
1750,28.321
1751,28.3587
1752,28.4219
1753,28.2738
1754,28.3381
1755,28.4439
1756,28.4066
1757,28.4767
1758,28.4811
1759,28.4676
1760,28.5179
1761,28.3567
1762,28.3086
1763,28.3352
1764,28.3921
1765,28.3414
1766,28.3552
1767,28.4
1768,28.2816
1769,28.3069
1770,28.2628
1771,28.3928
1772,28.3514
1773,28.4135
1774,28.3109
1775,28.3334
1776,28.2839
1777,28.2693
1778,28.3375
1779,28.2455
1780,28.277
1781,28.3744
1782,28.2882
1783,28.3328
1784,28.3967
1785,28.3391
1786,28.2686
1787,28.3688
1788,28.3559
1789,28.2799
1790,28.3515
1791,28.2322
1792,28.1433
1793,28.1717
1794,28.3043
1795,28.1646
1796,28.2324
1797,28.2934
1798,28.2511
1799,28.3291
1800,28.2253
1801,28.2094
1802,28.3199
1803,28.2355
1804,28.3837
1805,28.3537
1806,28.3168
1807,28.2567
1808,28.2004
1809,28.3066
1810,28.3574
1811,28.3537
1812,28.4797
1813,28.3294
1814,28.3916
1815,28.4672
1816,28.3566
1817,28.4013
1818,28.3993
1819,28.4369
1820,28.338
1821,28.3982
1822,28.449
1823,28.423
1824,28.3744
1825,28.3676
1826,28.4216
1827,28.2702
1828,28.4194
1829,28.4124
1830,28.4435
1831,28.4364
1832,28.5713
1833,28.3819
1834,28.4376
1835,28.4169
1836,28.4295
1837,28.4311
1838,28.4241
1839,28.5658
1840,28.512
1841,28.3486
1842,28.2632
1843,28.3091
1844,28.2785
1845,28.3746
1846,28.3772
1847,28.4895
1848,28.3886
1849,28.4019
1850,28.4041
1851,28.44
1852,28.2999
1853,28.3638
1854,28.3456
1855,28.3669
1856,28.4782
1857,28.4268
1858,28.4523
1859,28.3995
1860,28.4152
1861,28.3491
1862,28.3955
1863,28.4841
1864,28.4503
1865,28.3741
1866,28.3262
1867,28.307
1868,28.3956
1869,28.5151
1870,28.528
1871,28.4609
1872,28.4895
1873,28.549
1874,28.5331
1875,28.4018
1876,28.4908
1877,28.3092
1878,28.3523
1879,28.3531
1880,28.4099
1881,28.4194
1882,28.4326
1883,28.3682
1884,28.4016
1885,28.4053
1886,28.4528
1887,28.4794
1888,28.4914
1889,28.5093
1890,28.4528
1891,28.539
1892,28.4827
1893,28.549
1894,28.5139
1895,28.496
1896,28.6009
1897,28.5411
1898,28.4647
1899,28.5443
1900,28.5657
1901,28.5946
1902,28.4128
1903,28.4852
1904,28.5076
1905,28.4216
1906,28.5294
1907,28.4178
1908,28.4401
1909,28.4153
1910,28.4892
1911,28.4177
1912,28.5584
1913,28.5421
1914,28.5263
1915,28.4881
1916,28.5055
1917,28.5381
1918,28.4857
1919,28.459
1920,28.3741
1921,28.4714
1922,28.4679
1923,28.5102
1924,28.6172
1925,28.6492
1926,28.5036
1927,28.549
1928,28.4248
1929,28.3956
1930,28.3907
1931,28.3915
1932,28.5296
1933,28.5541
1934,28.5131
1935,28.5052
1936,28.4987
1937,28.5248
1938,28.5977
1939,28.51
1940,28.4442
1941,28.4811
1942,28.4009
1943,28.5716
1944,28.4629
1945,28.453
1946,28.3681
1947,28.3288
1948,28.3866
1949,28.3577
1950,28.3715
1951,28.2519
1952,28.3046
1953,28.2816
1954,28.3115
1955,28.3909
1956,28.2958
1957,28.3448
1958,28.3513
1959,28.3308
1960,28.466
1961,28.4904
1962,28.2699
1963,28.4047
1964,28.421
1965,28.4426
1966,28.5261
1967,28.3705
1968,28.3748
1969,28.2956
1970,28.3538
1971,28.4034
1972,28.3512
1973,28.48
1974,28.3828
1975,28.4467
1976,28.4787
1977,28.3877
1978,28.4065
1979,28.4465
1980,28.3073
1981,28.4422
1982,28.4794
1983,28.3926
1984,28.4375
1985,28.5695
1986,28.5361
1987,28.4401
1988,28.3789
1989,28.3018
1990,28.3929
1991,28.4818
1992,28.4526
1993,28.5141
1994,28.4005
1995,28.4942
1996,28.4446
1997,28.4408
1998,28.5681
1999,28.5495
2000,28.5071
2001,28.4924
2002,28.4116
2003,28.3831
2004,28.4547
2005,28.5124
2006,28.388
2007,28.4534
2008,28.43
2009,28.4299
2010,28.3969
2011,28.4258
2012,28.3725
2013,28.3595
2014,28.3418
2015,28.3912
2016,28.4065
2017,28.2933
2018,28.347
2019,28.3778
2020,28.3917
2021,28.5129
2022,28.4994
2023,28.5096
2024,28.4986
2025,28.4937
2026,28.5735
2027,28.6026
2028,28.5696
2029,28.5017
2030,28.5428
2031,28.4764
2032,28.3678
2033,28.3627
2034,28.3963
2035,28.369
2036,28.4038
2037,28.3295
2038,28.4475
2039,28.4379
2040,28.4344
2041,28.4801
2042,28.3916
2043,28.2906
2044,28.1994
2045,28.3807
2046,28.3766
2047,28.3573
2048,28.3511
2049,28.3718
2050,28.3068
2051,28.3186
2052,28.3038
2053,28.2868
2054,28.2818
2055,28.3141
2056,28.1481
2057,28.2988
2058,28.2261
2059,28.1723
2060,28.1677
2061,28.2552
2062,28.199
2063,28.2001
2064,28.1433
2065,28.0925
2066,28.1216
2067,28.2355
2068,28.2405
2069,28.3749
2070,28.2822
2071,28.3326
2072,28.4063
2073,28.3907
2074,28.4178
2075,28.4626
2076,28.414
2077,28.4612
2078,28.4173
2079,28.4008
2080,28.3806
2081,28.4148
2082,28.4477
2083,28.4991
2084,28.4578
2085,28.4473
2086,28.4214
2087,28.4565
2088,28.4553
2089,28.4626
2090,28.41
2091,28.3913
2092,28.44
2093,28.2502
2094,28.2564
2095,28.3122
2096,28.3832
2097,28.3529
2098,28.4342
2099,28.5079
2100,28.5748
2101,28.6041
2102,28.4904
2103,28.4842
2104,28.4969
2105,28.5003
2106,28.5647
2107,28.5481
2108,28.6211
2109,28.4552
2110,28.5187
2111,28.3879
2112,28.4608
2113,28.4989
2114,28.5017
2115,28.4359
2116,28.4684
2117,28.4868
2118,28.5164
2119,28.4989
2120,28.4537
2121,28.4856
2122,28.5461
2123,28.4578
2124,28.4089
2125,28.4179
2126,28.4446
2127,28.4586
2128,28.5291
2129,28.4346
2130,28.3446
2131,28.365
2132,28.2876
2133,28.4528
2134,28.4777
2135,28.4198
2136,28.4729
2137,28.5452
2138,28.3976
2139,28.4675
2140,28.4147
2141,28.4723
2142,28.5867
2143,28.5426
2144,28.3871
2145,28.3487
2146,28.4997
2147,28.4066
2148,28.4562
2149,28.3399
2150,28.5012
2151,28.548
2152,28.3758
2153,28.4296
2154,28.3333
2155,28.3522
2156,28.3777
2157,28.3398
2158,28.4275
2159,28.3852
2160,28.3596
2161,28.2883
2162,28.2744
2163,28.3769
2164,28.5753
2165,28.6253
2166,28.5844
2167,28.4762
2168,28.4865
2169,28.6218
2170,28.5181
2171,28.443
2172,28.2997
2173,28.4459
2174,28.4979
2175,28.4022
2176,28.3936
2177,28.3208
2178,28.4238
2179,28.3727
2180,28.308
2181,28.3667
2182,28.2975
2183,28.3508
2184,28.3507
2185,28.3157
2186,28.3965
2187,28.365
2188,28.3572
2189,28.419
2190,28.312
2191,28.3606
2192,28.3822
2193,28.4058
2194,28.3628
2195,28.3904
2196,28.4422
2197,28.4534
2198,28.4492
2199,28.3614
2200,28.3761
2201,28.2557
2202,28.4356
2203,28.3787
2204,28.3238
2205,28.3813
2206,28.3747
2207,28.3733
2208,28.366
2209,28.3867
2210,28.3798
2211,28.382
2212,28.4235
2213,28.3997
2214,28.472
2215,28.4074
2216,28.3603
2217,28.395
2218,28.4507
2219,28.4195
2220,28.3923
2221,28.4442
2222,28.4103
2223,28.4014
2224,28.5503
2225,28.519
2226,28.5198
2227,28.5085
2228,28.4395
2229,28.4411
2230,28.4844
2231,28.389
2232,28.4762
2233,28.4708
2234,28.3786
2235,28.4963
2236,28.4131
2237,28.3456
2238,28.2027
2239,28.2187
2240,28.277
2241,28.2227
2242,28.3781
2243,28.2511
2244,28.2321
2245,28.3773
2246,28.286
2247,28.3562
2248,28.3543
2249,28.4085
2250,28.5414
2251,28.4478
2252,28.5612
2253,28.488
2254,28.4201
2255,28.5492
2256,28.5589
2257,28.4691
2258,28.5538
2259,28.5034
2260,28.4347
2261,28.5015
2262,28.4599
2263,28.5174
2264,28.474
2265,28.5578
2266,28.5268
2267,28.4164
2268,28.4025
2269,28.47
2270,28.3269
2271,28.3621
2272,28.2593
2273,28.4118
2274,28.5182
2275,28.4449
2276,28.3819
2277,28.4229
2278,28.4742
2279,28.3174
2280,28.4387
2281,28.5492
2282,28.3386
2283,28.4896
2284,28.4971
2285,28.4991
2286,28.4943
2287,28.5344
2288,28.5495
2289,28.4489
2290,28.3649
2291,28.4361
2292,28.3704
2293,28.3552
2294,28.5289
2295,28.397
2296,28.4391
2297,28.4217
2298,28.3452
2299,28.3103
2300,28.3494
2301,28.3935
2302,28.3872
2303,28.3387
2304,28.3032
2305,28.2681
2306,28.2463
2307,28.2819
2308,28.3478
2309,28.2509
2310,28.2478
2311,28.2531
2312,28.2919
2313,28.3114
2314,28.5139
2315,28.3016
2316,28.2668
2317,28.3776
2318,28.3311
2319,28.2821
2320,28.1606
2321,28.3724
2322,28.2458
2323,28.3035
2324,28.1978
2325,28.3369
2326,28.3177
2327,28.3944
2328,28.3708
2329,28.281
2330,28.3381
2331,28.4107
2332,28.3913
2333,28.4119
2334,28.487
2335,28.4553
2336,28.3966
2337,28.2747
2338,28.3342
2339,28.265
2340,28.409
2341,28.4467
2342,28.3774
2343,28.3803
2344,28.3251
2345,28.37
2346,28.3872
2347,28.3725
2348,28.3699
2349,28.4187
2350,28.4756
2351,28.4817
2352,28.4286
2353,28.3619
2354,28.4803
2355,28.4308
2356,28.4574
2357,28.4642
2358,28.4482
2359,28.5067
2360,28.2825
2361,28.3733
2362,28.3345
2363,28.3888
2364,28.444
2365,28.4182
2366,28.4477
2367,28.4051
2368,28.4512
2369,28.4408
2370,28.4333
2371,28.2571
2372,28.3447
2373,28.3323
2374,28.3917
2375,28.2763
2376,28.2879
2377,28.2892
2378,28.3948
2379,28.4826
2380,28.5425
2381,28.4563
2382,28.4207
2383,28.361
2384,28.4912
2385,28.2837
2386,28.3403
2387,28.4732
2388,28.405
2389,28.4191
2390,28.4994
2391,28.4448
2392,28.5552
2393,28.4094
2394,28.3548
2395,28.4442
2396,28.3471
2397,28.4615
2398,28.4721
2399,28.4172
2400,28.3263
2401,28.3673
2402,28.2963
2403,28.3018
2404,28.3189
2405,28.396
2406,28.3952
2407,28.465
2408,28.4788
2409,28.4833
2410,28.4491
2411,28.3992
2412,28.3831
2413,28.4494
2414,28.4242
2415,28.4725
2416,28.436
2417,28.4793
2418,28.441
2419,28.4502
2420,28.525
2421,28.5381
2422,28.5575
2423,28.4973
2424,28.5209
2425,28.4661
2426,28.4187
2427,28.5109
2428,28.4129
2429,28.4779
2430,28.5617
2431,28.5298
2432,28.5245
2433,28.4633
2434,28.474
2435,28.4687
2436,28.5139
2437,28.4894
2438,28.4075
2439,28.2181
2440,28.3086
2441,28.2945
2442,28.3611
2443,28.3207
2444,28.4484
2445,28.4227
2446,28.3187
2447,28.4614
2448,28.5008
2449,28.5074
2450,28.6093
2451,28.5307
2452,28.434
2453,28.4008
2454,28.3992
2455,28.3933
2456,28.5335
2457,28.5266
2458,28.5273
2459,28.4401
2460,28.5632
2461,28.5813
2462,28.4732
2463,28.435
2464,28.4313
2465,28.4565
2466,28.5711
2467,28.5159
2468,28.5622
2469,28.6317
2470,28.5069
2471,28.6319
2472,28.6444
2473,28.4687
2474,28.4843
2475,28.534
2476,28.534
2477,28.5016
2478,28.5222
2479,28.5275
2480,28.4581
2481,28.4987
2482,28.3834
2483,28.441
2484,28.5124
2485,28.457
2486,28.4178
2487,28.4251
2488,28.4014
2489,28.4297
2490,28.5778
2491,28.6167
2492,28.5825
2493,28.5494
2494,28.515
2495,28.4229
2496,28.4316
2497,28.4055
2498,28.3405
2499,28.504
2500,28.3853
2501,28.5048
2502,28.5991
2503,28.5372
2504,28.5486
2505,28.5627
2506,28.6605
2507,28.4894
2508,28.411
2509,28.5096
2510,28.4629
2511,28.4882
2512,28.4286
2513,28.4529
2514,28.431
2515,28.5126
2516,28.3823
2517,28.3661
2518,28.3806
2519,28.4607
2520,28.4963
2521,28.4451
2522,28.3972
2523,28.4781
2524,28.3641
2525,28.3992
2526,28.4692
2527,28.5365
2528,28.4549
2529,28.543
2530,28.4175
2531,28.4693
2532,28.5322
2533,28.4415
2534,28.5019
2535,28.5486
2536,28.4909
2537,28.552
2538,28.493
2539,28.4642
2540,28.5438
2541,28.5459
2542,28.5162
2543,28.5278
2544,28.5827
2545,28.5897
2546,28.596
2547,28.5136
2548,28.6044
2549,28.5552
2550,28.4713
2551,28.5661
2552,28.4935
2553,28.6598
2554,28.5367
2555,28.5788
2556,28.5348
2557,28.5454
2558,28.5962
2559,28.5245
2560,28.5169
2561,28.4286
2562,28.471
2563,28.4656
2564,28.4591
2565,28.4434
2566,28.5192
2567,28.4617
2568,28.5557
2569,28.6374
2570,28.5042
2571,28.5812
2572,28.4934
2573,28.4515
2574,28.4527
2575,28.5009
2576,28.5093
2577,28.3611
2578,28.4
2579,28.4898
2580,28.3897
2581,28.4589
2582,28.4612
2583,28.5355
2584,28.4303
2585,28.488
2586,28.4478
2587,28.4588
2588,28.4127
2589,28.386
2590,28.4401
2591,28.4597
2592,28.4515
2593,28.4065
2594,28.3878
2595,28.3562
2596,28.5064
2597,28.4518
2598,28.3719
2599,28.3589
2600,28.3684
2601,28.4449
2602,28.4151
2603,28.398
2604,28.4205
2605,28.4893
2606,28.4659
2607,28.4397
2608,28.4567
2609,28.5062
2610,28.4303
2611,28.4834
2612,28.4722
2613,28.4661
2614,28.3331
2615,28.4249
2616,28.4143
2617,28.3864
2618,28.4271
2619,28.5344
2620,28.4226
2621,28.4394
2622,28.4798
2623,28.4198
2624,28.4713
2625,28.4081
2626,28.4121
2627,28.5505
2628,28.5242
2629,28.5867
2630,28.5097
2631,28.357
2632,28.3364
2633,28.4761
2634,28.3777
2635,28.4393
2636,28.4627
2637,28.4226
2638,28.4261
2639,28.6111
2640,28.4889
2641,28.503
2642,28.3794
2643,28.593
2644,28.5241
2645,28.5163
2646,28.5322
2647,28.4444
2648,28.3361
2649,28.4663
2650,28.5972
2651,28.5498
2652,28.5085
2653,28.7036
2654,28.5866
2655,28.6202
2656,28.5152
2657,28.5024
2658,28.607
2659,28.5248
2660,28.5364
2661,28.5221
2662,28.5377
2663,28.6067
2664,28.6272
2665,28.4963
2666,28.5388
2667,28.5265
2668,28.5012
2669,28.5634
2670,28.5215
2671,28.4927
2672,28.5222
2673,28.5405
2674,28.5182
2675,28.5554
2676,28.5065
2677,28.6141
2678,28.5236
2679,28.5339
2680,28.5022
2681,28.4077
2682,28.5022
2683,28.5178
2684,28.6591
2685,28.4485
2686,28.5676
2687,28.5603
2688,28.4896
2689,28.5033
2690,28.4778
2691,28.5367
2692,28.5508
2693,28.5657
2694,28.5588
2695,28.68
2696,28.6459
2697,28.5922
2698,28.5372
2699,28.5178
2700,28.6265
2701,28.5412
2702,28.4685
2703,28.4482
2704,28.6148
2705,28.4737
2706,28.4922
2707,28.5986
2708,28.6665
2709,28.5656
2710,28.5981
2711,28.6379
2712,28.756
2713,28.6943
2714,28.7089
2715,28.7284
2716,28.7156
2717,28.5575
2718,28.586
2719,28.5877
2720,28.5319
2721,28.6007
2722,28.6067
2723,28.4722
2724,28.5522
2725,28.4706
2726,28.407
2727,28.3889
2728,28.5192
2729,28.4674
2730,28.5213
2731,28.4677
2732,28.4576
2733,28.5013
2734,28.5101
2735,28.471
2736,28.4009
2737,28.5016
2738,28.5488
2739,28.5392
2740,28.4158
2741,28.3735
2742,28.3859
2743,28.3907
2744,28.3478
2745,28.3241
2746,28.4025
2747,28.262
2748,28.3199
2749,28.2608
2750,28.3659
2751,28.3885
2752,28.3475
2753,28.4345
2754,28.4289
2755,28.3927
2756,28.3714
2757,28.3138
2758,28.5017
2759,28.4642
2760,28.4281
2761,28.4075
2762,28.3885
2763,28.3557
2764,28.376
2765,28.353
2766,28.3367
2767,28.391
2768,28.3757
2769,28.3357
2770,28.3426
2771,28.4339
2772,28.3359
2773,28.3159
2774,28.2559
2775,28.2737
2776,28.2339
2777,28.4374
2778,28.2846
2779,28.2539
2780,28.2997
2781,28.3062
2782,28.3806
2783,28.2619
2784,28.3519
2785,28.3578
2786,28.3672
2787,28.289
2788,28.3331
2789,28.2558
2790,28.383
2791,28.4699
2792,28.3892
2793,28.4188
2794,28.4221
2795,28.3939
2796,28.4745
2797,28.3977
2798,28.3972
2799,28.2741
2800,28.4036
2801,28.3888
2802,28.2851
2803,28.3716
2804,28.2229
2805,28.1885
2806,28.2173
2807,28.2273
2808,28.4084
2809,28.343
2810,28.3534
2811,28.3694
2812,28.3083
2813,28.3296
2814,28.3878
2815,28.3623
2816,28.225
2817,28.2677
2818,28.3141
2819,28.4073
2820,28.3823
2821,28.6095
2822,28.444
2823,28.3715
2824,28.4293
2825,28.3866
2826,28.2123
2827,28.2476
2828,28.2931
2829,28.3218
2830,28.3004
2831,28.3102
2832,28.5043
2833,28.4107
2834,28.4296
2835,28.4473
2836,28.428
2837,28.3802
2838,28.305
2839,28.3731
2840,28.4134
2841,28.383
2842,28.4035
2843,28.3432
2844,28.3758
2845,28.5122
2846,28.2272
2847,28.2947
2848,28.2403
2849,28.3025
2850,28.3318
2851,28.3664
2852,28.4122
2853,28.4901
2854,28.4881
2855,28.517
2856,28.5756
2857,28.4367
2858,28.4314
2859,28.315
2860,28.3546
2861,28.3491
2862,28.4651
2863,28.5558
2864,28.4564
2865,28.5133
2866,28.498
2867,28.4741
2868,28.6155
2869,28.5044
2870,28.4418
2871,28.3478
2872,28.3269
2873,28.2712
2874,28.2138
2875,28.2811
2876,28.315
2877,28.4013
2878,28.3825
2879,28.4594
2880,28.3651
2881,28.4125
2882,28.371
2883,28.428
2884,28.4626
2885,28.5211
2886,28.6141
2887,28.5152
2888,28.3812
2889,28.4883
2890,28.5092
2891,28.4686
2892,28.4607
2893,28.4921
2894,28.5154
2895,28.4634
2896,28.473
2897,28.4698
2898,28.5316
2899,28.5316
2900,28.4221
2901,28.3871
2902,28.3548
2903,28.2889
2904,28.4194
2905,28.3945
2906,28.3414
2907,28.3236
2908,28.3999
2909,28.3406
2910,28.3529
2911,28.3378
2912,28.385
2913,28.3535
2914,28.3612
2915,28.3695
2916,28.3298
2917,28.388
2918,28.3808
2919,28.3136
2920,28.2635
2921,28.3789
2922,28.4627
2923,28.3637
2924,28.4108
2925,28.406
2926,28.3767
2927,28.3514
2928,28.3305
2929,28.302
2930,28.2226
2931,28.305
2932,28.3073
2933,28.2871
2934,28.3575
2935,28.3416
2936,28.4359
2937,28.5045
2938,28.4404
2939,28.4902
2940,28.4927
2941,28.4338
2942,28.4957
2943,28.27
2944,28.4281
2945,28.3477
2946,28.47
2947,28.4331
2948,28.427
2949,28.3544
2950,28.5045
2951,28.4155
2952,28.5489
2953,28.4347
2954,28.464
2955,28.4716
2956,28.3756
2957,28.4985
2958,28.5062
2959,28.5312
2960,28.5345
2961,28.4948
2962,28.4783
2963,28.4807
2964,28.4625
2965,28.503
2966,28.5394
2967,28.5257
2968,28.6149
2969,28.5429
2970,28.4605
2971,28.4501
2972,28.3939
2973,28.4333
2974,28.4122
2975,28.4183
2976,28.5092
2977,28.4142
2978,28.3657
2979,28.3311
2980,28.4187
2981,28.3969
2982,28.5485
2983,28.4511
2984,28.4925
2985,28.4622
2986,28.4155
2987,28.5399
2988,28.5712
2989,28.4131
2990,28.4902
2991,28.4141
2992,28.5179
2993,28.4839
2994,28.4092
2995,28.3149
2996,28.345
2997,28.4323
2998,28.4171
2999,28.3009
3000,28.4287
3001,28.4357
3002,28.3598
3003,28.3784
3004,28.3759
3005,28.5253
3006,28.4865
3007,28.4655
3008,28.5789
3009,28.5005
3010,28.4307
3011,28.3514
3012,28.5411
3013,28.429
3014,28.3714
3015,28.4969
3016,28.4322
3017,28.3538
3018,28.388
3019,28.4012
3020,28.3689
3021,28.4379
3022,28.4733
3023,28.5386
3024,28.5083
3025,28.4172
3026,28.454
3027,28.3875
3028,28.4698
3029,28.4357
3030,28.5021
3031,28.3515
3032,28.413
3033,28.419
3034,28.4633
3035,28.4315
3036,28.341
3037,28.2969
3038,28.2232
3039,28.3555
3040,28.3781
3041,28.5026
3042,28.4431
3043,28.37
3044,28.3091
3045,28.2979
3046,28.3733
3047,28.336
3048,28.3379
3049,28.4366
3050,28.2748
3051,28.3974
3052,28.4125
3053,28.3819
3054,28.3762
3055,28.3399
3056,28.2799
3057,28.2165
3058,28.2456
3059,28.2594
3060,28.4041
3061,28.2629
3062,28.2761
3063,28.323
3064,28.2203
3065,28.2699
3066,28.2574
3067,28.3407
3068,28.3595
3069,28.3079
3070,28.2204
3071,28.258
3072,28.3088
3073,28.3744
3074,28.4672
3075,28.2874
3076,28.2316
3077,28.3973
3078,28.4478
3079,28.4002
3080,28.2738
3081,28.3119
3082,28.2912
3083,28.3589
3084,28.4269
3085,28.37
3086,28.3839
3087,28.2589
3088,28.3916
3089,28.4094
3090,28.3124
3091,28.3506
3092,28.3852
3093,28.3045
3094,28.2579
3095,28.4414
3096,28.2754
3097,28.2387
3098,28.3501
3099,28.3135
3100,28.2644
3101,28.2641
3102,28.2103
3103,28.2079
3104,28.1906
3105,28.0773
3106,28.1698
3107,28.2387
3108,28.2497
3109,28.3559
3110,28.2455
3111,28.3804
3112,28.3741
3113,28.3841
3114,28.3938
3115,28.397
3116,28.3874
3117,28.4476
3118,28.3896
3119,28.3144
3120,28.3381
3121,28.326
3122,28.3681
3123,28.4128
3124,28.3792
3125,28.332
3126,28.4653
3127,28.4432
3128,28.3258
3129,28.3465
3130,28.3724
3131,28.3984
3132,28.3988
3133,28.367
3134,28.4223
3135,28.4427
3136,28.3761
3137,28.4113
3138,28.3943
3139,28.3431
3140,28.2967
3141,28.2879
3142,28.4031
3143,28.4167
3144,28.4667
3145,28.3822
3146,28.4167
3147,28.3852
3148,28.4208
3149,28.4374
3150,28.4567
3151,28.4715
3152,28.4248
3153,28.2906
3154,28.3537
3155,28.2886
3156,28.4033
3157,28.3598
3158,28.2344
3159,28.2771
3160,28.3427
3161,28.4867
3162,28.4176
3163,28.3633
3164,28.32
3165,28.404
3166,28.4514
3167,28.3613
3168,28.4808
3169,28.523
3170,28.5595
3171,28.5892
3172,28.4943
3173,28.4143
3174,28.4628
3175,28.4011
3176,28.5075
3177,28.4294
3178,28.4287
3179,28.4549
3180,28.3235
3181,28.3374
3182,28.3729
3183,28.3935
3184,28.3939
3185,28.3782
3186,28.407
3187,28.3203
3188,28.4018
3189,28.3532
3190,28.3174
3191,28.2774
3192,28.2952
3193,28.3816
3194,28.359
3195,28.4274
3196,28.4041
3197,28.4008
3198,28.4073
3199,28.4936
3200,28.3992
3201,28.4455
3202,28.3152
3203,28.3937
3204,28.4201
3205,28.4526
3206,28.3509
3207,28.3942
3208,28.36
3209,28.3175
3210,28.4729
3211,28.3047
3212,28.3762
3213,28.358
3214,28.3393
3215,28.4334
3216,28.4015
3217,28.3924
3218,28.4197
3219,28.3658
3220,28.3323
3221,28.2473
3222,28.2848
3223,28.3079
3224,28.3052
3225,28.3338
3226,28.289
3227,28.2958
3228,28.3852
3229,28.3633
3230,28.2836
3231,28.2256
3232,28.2682
3233,28.2394
3234,28.2756
3235,28.2255
3236,28.2224
3237,28.1029
3238,28.3719
3239,28.2804
3240,28.2469
3241,28.3782
3242,28.275
3243,28.3531
3244,28.3856
3245,28.3123
3246,28.3706
3247,28.3369
3248,28.3002
3249,28.3374
3250,28.3863
3251,28.4594
3252,28.4524
3253,28.4387
3254,28.3655
3255,28.4047
3256,28.4182
3257,28.2967
3258,28.3473
3259,28.4855
3260,28.44
3261,28.5029
3262,28.5115
3263,28.4091
3264,28.3707
3265,28.3711
3266,28.2941
3267,28.3203
3268,28.3407
3269,28.4994
3270,28.4191
3271,28.4215
3272,28.4199
3273,28.4277
3274,28.4102
3275,28.3579
3276,28.3217
3277,28.2669
3278,28.3105
3279,28.2771
3280,28.2116
3281,28.4245
3282,28.4621
3283,28.3325
3284,28.3584
3285,28.3342
3286,28.5322
3287,28.4961
3288,28.5445
3289,28.4471
3290,28.4115
3291,28.3876
3292,28.3851
3293,28.4089
3294,28.43
3295,28.3598
3296,28.3761
3297,28.4279
3298,28.4642
3299,28.3405
3300,28.3263
3301,28.3651
3302,28.4183
3303,28.321
3304,28.3451
3305,28.4023
3306,28.4771
3307,28.4693
3308,28.3236
3309,28.3638
3310,28.3181
3311,28.3732
3312,28.3068
3313,28.3305
3314,28.3822
3315,28.2574
3316,28.1991
3317,28.3229
3318,28.4152
3319,28.3183
3320,28.4272
3321,28.4155
3322,28.3174
3323,28.2697
3324,28.2867
3325,28.2147
3326,28.3437
3327,28.3734
3328,28.4554
3329,28.3239
3330,28.2942
3331,28.2798
3332,28.361
3333,28.3116
3334,28.1941
3335,28.1828
3336,28.3312
3337,28.2615
3338,28.3186
3339,28.3148
3340,28.2559
3341,28.1702
3342,28.2074
3343,28.2616
3344,28.2124
3345,28.305
3346,28.2094
3347,28.2442
3348,28.2649
3349,28.2147
3350,28.1719
3351,28.232
3352,28.3589
3353,28.3953
3354,28.462
3355,28.4243
3356,28.3184
3357,28.3244
3358,28.3101
3359,28.2679
3360,28.2594
3361,28.344
3362,28.4371
3363,28.4665
3364,28.379
3365,28.3082
3366,28.3003
3367,28.2797
3368,28.2705
3369,28.2331
3370,28.2095
3371,28.3739
3372,28.3463
3373,28.2856
3374,28.2281
3375,28.2113
3376,28.2333
3377,28.2475
3378,28.2557
3379,28.2964
3380,28.2685
3381,28.2686
3382,28.3055
3383,28.4586
3384,28.3876
3385,28.3068
3386,28.3842
3387,28.3807
3388,28.3235
3389,28.364
3390,28.2162
3391,28.2868
3392,28.2559
3393,28.2891
3394,28.2102
3395,28.281
3396,28.3268
3397,28.3535
3398,28.2658
3399,28.454
3400,28.3002
3401,28.2912
3402,28.2266
3403,28.2441
3404,28.2592
3405,28.319
3406,28.3144
3407,28.2643
3408,28.3167
3409,28.3644
3410,28.3968
3411,28.2689
3412,28.2968
3413,28.3499
3414,28.4522
3415,28.4383
3416,28.3142
3417,28.4333
3418,28.3491
3419,28.3405
3420,28.3407
3421,28.3367
3422,28.3209
3423,28.3977
3424,28.3391
3425,28.286
3426,28.342
3427,28.3202
3428,28.3541
3429,28.2393
3430,28.4813
3431,28.459
3432,28.3105
3433,28.2522
3434,28.3501
3435,28.2966
3436,28.3398
3437,28.3356
3438,28.4264
3439,28.4617
3440,28.4221
3441,28.4736
3442,28.5561
3443,28.5279
3444,28.426
3445,28.4235
3446,28.4353
3447,28.3434
3448,28.4289
3449,28.333
3450,28.3228
3451,28.3577
3452,28.3317
3453,28.3124
3454,28.4506
3455,28.3735
3456,28.2607
3457,28.4353
3458,28.409
3459,28.3394
3460,28.3875
3461,28.2655
3462,28.2367
3463,28.3209
3464,28.3137
3465,28.4533
3466,28.3162
3467,28.3613
3468,28.3584
3469,28.4316
3470,28.4342
3471,28.392
3472,28.4279
3473,28.3875
3474,28.4523
3475,28.3873
3476,28.3891
3477,28.3326
3478,28.3349
3479,28.2369
3480,28.2812
3481,28.2836
3482,28.3598
3483,28.2861
3484,28.4802
3485,28.4268
3486,28.4896
3487,28.4461
3488,28.3883
3489,28.3916
3490,28.3442
3491,28.398
3492,28.4876
3493,28.3634
3494,28.4319
3495,28.4633
3496,28.3012
3497,28.3603
3498,28.3495
3499,28.4604
3500,28.4665
3501,28.385
3502,28.4063
3503,28.268
3504,28.376
3505,28.388
3506,28.2647
3507,28.1994
3508,28.3142
3509,28.3209
3510,28.3763
3511,28.3082
3512,28.2632
3513,28.2841
3514,28.3627
3515,28.311
3516,28.3238
3517,28.3495
3518,28.3357
3519,28.3545
3520,28.4364
3521,28.418
3522,28.4716
3523,28.4861
3524,28.4455
3525,28.3942
3526,28.4348
3527,28.4432
3528,28.4398
3529,28.3637
3530,28.4158
3531,28.3785
3532,28.3554
3533,28.263
3534,28.3165
3535,28.3471
3536,28.4338
3537,28.4675
3538,28.3792
3539,28.337
3540,28.338
3541,28.3995
3542,28.4713
3543,28.553
3544,28.5049
3545,28.4324
3546,28.4777
3547,28.4235
3548,28.3856
3549,28.2917
3550,28.3261
3551,28.3678
3552,28.4327
3553,28.3802
3554,28.4363
3555,28.4552
3556,28.4139
3557,28.3756
3558,28.465
3559,28.4835
3560,28.4477
3561,28.3676
3562,28.3741
3563,28.385
3564,28.4082
3565,28.4109
3566,28.3413
3567,28.3835
3568,28.4102
3569,28.2826
3570,28.3166
3571,28.4157
3572,28.4396
3573,28.3072
3574,28.4075
3575,28.3954
3576,28.2584
3577,28.4339
3578,28.433
3579,28.398
3580,28.2308
3581,28.2584
3582,28.2492
3583,28.1565
3584,28.1947
3585,28.2515
3586,28.3887
3587,28.2613
3588,28.3283
3589,28.2698
3590,28.2282
3591,28.3082
3592,28.2358
3593,28.2988
3594,28.3348
3595,28.2283
3596,28.2574
3597,28.264
3598,28.2078
3599,28.3376
3600,28.3053
3601,28.3243
3602,28.3288
3603,28.2803
3604,28.2852
3605,28.3521
3606,28.3252
3607,28.2702
3608,28.2744
3609,28.3848
3610,28.3507
3611,28.365
3612,28.324
3613,28.2796
3614,28.2376
3615,28.2639
3616,28.3417
3617,28.2791
3618,28.3006
3619,28.3167
3620,28.2481
3621,28.3394
3622,28.2297
3623,28.1543
3624,28.1125
3625,28.2073
3626,28.2444
3627,28.1719
3628,28.2791
3629,28.2955
3630,28.2357
3631,28.3495
3632,28.3713
3633,28.2203
3634,28.4508
3635,28.4095
3636,28.3266
3637,28.304
3638,28.3042
3639,28.326
3640,28.3545
3641,28.1664
3642,28.215
3643,28.3109
3644,28.2634
3645,28.249
3646,28.2326
3647,28.2497
3648,28.2713
3649,28.2272
3650,28.2447
3651,28.4387
3652,28.3765
3653,28.3245
3654,28.3674
3655,28.3888
3656,28.3518
3657,28.371
3658,28.393
3659,28.205
3660,28.3458
3661,28.204
3662,28.292
3663,28.2465
3664,28.3039
3665,28.3033
3666,28.3278
3667,28.3443
3668,28.1989
3669,28.1541
3670,28.2779
3671,28.2257
3672,28.2997
3673,28.3418
3674,28.3132
3675,28.2518
3676,28.3082
3677,28.3043
3678,28.3674
3679,28.2602
3680,28.3055
3681,28.2641
3682,28.2292
3683,28.2541
3684,28.3843
3685,28.3134
3686,28.3722
3687,28.3267
3688,28.3856
3689,28.2889
3690,28.2165
3691,28.249
3692,28.2388
3693,28.242
3694,28.2823
3695,28.4205
3696,28.3356
3697,28.3027
3698,28.2836
3699,28.3128
3700,28.268
3701,28.3565
3702,28.412
3703,28.3549
3704,28.4764
3705,28.3525
3706,28.3638
3707,28.3893
3708,28.519
3709,28.4902
3710,28.4263
3711,28.3434
3712,28.5237
3713,28.3383
3714,28.2784
3715,28.4421
3716,28.3825
3717,28.3402
3718,28.3811
3719,28.333
3720,28.445
3721,28.3773
3722,28.3831
3723,28.4387
3724,28.4526
3725,28.452
3726,28.4359
3727,28.4077
3728,28.5019
3729,28.5142
3730,28.4292
3731,28.444
3732,28.3852
3733,28.3499
3734,28.2525
3735,28.3148
3736,28.2974
3737,28.2913
3738,28.2704
3739,28.3725
3740,28.3016
3741,28.3529
3742,28.3686
3743,28.3575
3744,28.4041
3745,28.4387
3746,28.4805
3747,28.4218
3748,28.4573
3749,28.461
3750,28.5082
3751,28.5407
3752,28.4507
3753,28.4203
3754,28.3702
3755,28.4908
3756,28.4164
3757,28.5137
3758,28.4412
3759,28.4117
3760,28.3402
3761,28.3904
3762,28.3283
3763,28.3233
3764,28.3681
3765,28.327
3766,28.2984
3767,28.3457
3768,28.2607
3769,28.3714
3770,28.3417
3771,28.3267
3772,28.4831
3773,28.5265
3774,28.5874
3775,28.5345
3776,28.4893
3777,28.4072
3778,28.3681
3779,28.4289
3780,28.4295
3781,28.2652
3782,28.2238
3783,28.1945
3784,28.275
3785,28.3525
3786,28.3215
3787,28.1888
3788,28.3
3789,28.2997
3790,28.21
3791,28.3239
3792,28.2004
3793,28.2547
3794,28.2645
3795,28.2414
3796,28.3405
3797,28.2906
3798,28.3733
3799,28.316
3800,28.2581
3801,28.3207
3802,28.3265
3803,28.4045
3804,28.4321
3805,28.3598
3806,28.3132
3807,28.2717
3808,28.2762
3809,28.2857
3810,28.3085
3811,28.3277
3812,28.3322
3813,28.3538
3814,28.2649
3815,28.2217
3816,28.2115
3817,28.3455
3818,28.2751
3819,28.3076
3820,28.3292
3821,28.3289
3822,28.3014
3823,28.2752
3824,28.2737
3825,28.4702
3826,28.4575
3827,28.4257
3828,28.4368
3829,28.3989
3830,28.4854
3831,28.4831
3832,28.3861
3833,28.4186
3834,28.4442
3835,28.4351
3836,28.3998
3837,28.6083
3838,28.6102
3839,28.6023
3840,28.495
3841,28.4035
3842,28.3888
3843,28.3014
3844,28.2387
3845,28.3037
3846,28.3929
3847,28.4059
3848,28.3871
3849,28.5192
3850,28.5663
3851,28.5523
3852,28.5076
3853,28.4837
3854,28.3202
3855,28.3972
3856,28.4634
3857,28.4677
3858,28.4629
3859,28.4887
3860,28.4201
3861,28.4055
3862,28.4905
3863,28.4906
3864,28.4194
3865,28.4739
3866,28.4347
3867,28.3947
3868,28.3946
3869,28.3482
3870,28.257
3871,28.2783
3872,28.257
3873,28.3224
3874,28.2758
3875,28.3617
3876,28.3833
3877,28.3263
3878,28.3476
3879,28.3185
3880,28.4049
3881,28.3829
3882,28.4032
3883,28.4453
3884,28.3783
3885,28.4086
3886,28.4992
3887,28.4631
3888,28.4187
3889,28.4833
3890,28.4671
3891,28.429
3892,28.4037
3893,28.3433
3894,28.2127
3895,28.2404
3896,28.3339
3897,28.3303
3898,28.3447
3899,28.2474
3900,28.3087
3901,28.3119
3902,28.2426
3903,28.2863
3904,28.4176
3905,28.3768
3906,28.3964
3907,28.3632
3908,28.3326
3909,28.3756
3910,28.2479
3911,28.2791
3912,28.3581
3913,28.3575
3914,28.3585
3915,28.315
3916,28.3185
3917,28.277
3918,28.389
3919,28.3647
3920,28.2975
3921,28.2996
3922,28.3339
3923,28.3292
3924,28.3278
3925,28.2454
3926,28.2749
3927,28.3491
3928,28.3707
3929,28.2887
3930,28.3522
3931,28.3824
3932,28.4133
3933,28.462
3934,28.2743
3935,28.3216
3936,28.2559
3937,28.2298
3938,28.3091
3939,28.179
3940,28.2409
3941,28.314
3942,28.3441
3943,28.3453
3944,28.2791
3945,28.3853
3946,28.3853
3947,28.3698
3948,28.4095
3949,28.4441
3950,28.4334
3951,28.3549
3952,28.25
3953,28.2899
3954,28.2825
3955,28.3614
3956,28.2883
3957,28.3279
3958,28.3309
3959,28.2674
3960,28.2456
3961,28.3107
3962,28.4009
3963,28.333
3964,28.2429
3965,28.3861
3966,28.2742
3967,28.1892
3968,28.0809
3969,28.299
3970,28.1897
3971,28.3106
3972,28.2
3973,28.2529
3974,28.2761
3975,28.3094
3976,28.2664
3977,28.1825
3978,28.2616
3979,28.287
3980,28.3658
3981,28.2836
3982,28.3297
3983,28.2241
3984,28.2013
3985,28.265
3986,28.2382
3987,28.1978
3988,28.215
3989,28.2886
3990,28.222
3991,28.2766
3992,28.2775
3993,28.2831
3994,28.3178
3995,28.3101
3996,28.1985
3997,28.2924
3998,28.1891
3999,28.1917
4000,28.2536
4001,28.2281
4002,28.2551
4003,28.3265
4004,28.3582
4005,28.3255
4006,28.3365
4007,28.4639
4008,28.316
4009,28.2636
4010,28.3758
4011,28.4141
4012,28.5029
4013,28.4535
4014,28.3627
4015,28.4885
4016,28.6004
4017,28.6063
4018,28.5349
4019,28.5877
4020,28.4566
4021,28.4619
4022,28.5963
4023,28.4104
4024,28.4971
4025,28.4327
4026,28.6212
4027,28.4953
4028,28.4065
4029,28.4087
4030,28.5431
4031,28.4981
4032,28.3721
4033,28.4304
4034,28.4346
4035,28.4397
4036,28.4253
4037,28.354
4038,28.4163
4039,28.3897
4040,28.4883
4041,28.4967
4042,28.5148
4043,28.5184
4044,28.5844
4045,28.5152
4046,28.5785
4047,28.5447
4048,28.5066
4049,28.4923
4050,28.4078
4051,28.5013
4052,28.4482
4053,28.5559
4054,28.4889
4055,28.5561
4056,28.4975
4057,28.5454
4058,28.4944
4059,28.6036
4060,28.4029
4061,28.4689
4062,28.646
4063,28.5257
4064,28.4956
4065,28.5192
4066,28.4422
4067,28.3801
4068,28.4118
4069,28.4882
4070,28.4627
4071,28.2982
4072,28.3793
4073,28.3914
4074,28.4269
4075,28.3998
4076,28.3313
4077,28.4132
4078,28.4282
4079,28.4471
4080,28.4978
4081,28.4993
4082,28.3784
4083,28.3316
4084,28.3773
4085,28.3388
4086,28.3866
4087,28.4342
4088,28.421
4089,28.4214
4090,28.4218
4091,28.5138
4092,28.3126
4093,28.3931
4094,28.5382
4095,28.5431
4096,28.5152
4097,28.5794
4098,28.5126
4099,28.5822
4100,28.4016
4101,28.5276
4102,28.3328
4103,28.4861
4104,28.28
4105,28.3662
4106,28.3445
4107,28.428
4108,28.2885
4109,28.1442
4110,28.2153
4111,28.3296
4112,28.3051
4113,28.3046
4114,28.3474
4115,28.3042
4116,28.4218
4117,28.4261
4118,28.4283
4119,28.334
4120,28.371
4121,28.4107
4122,28.4682
4123,28.3248
4124,28.4254
4125,28.3863
4126,28.4263
4127,28.3725
4128,28.3553
4129,28.3898
4130,28.422
4131,28.4123
4132,28.4347
4133,28.4251
4134,28.377
4135,28.3619
4136,28.3456
4137,28.327
4138,28.3088
4139,28.3723
4140,28.4038
4141,28.406
4142,28.3697
4143,28.4367
4144,28.3352
4145,28.3232
4146,28.4791
4147,28.4375
4148,28.4157
4149,28.5369
4150,28.436
4151,28.5119
4152,28.5584
4153,28.4718
4154,28.4937
4155,28.5331
4156,28.4947
4157,28.4009
4158,28.5036
4159,28.5295
4160,28.6197
4161,28.4991
4162,28.5699
4163,28.6256
4164,28.4392
4165,28.5838
4166,28.5149
4167,28.6709
4168,28.5585
4169,28.6144
4170,28.6448
4171,28.5172
4172,28.5633
4173,28.5528
4174,28.5676
4175,28.6165
4176,28.6455
4177,28.6058
4178,28.578
4179,28.6168
4180,28.4536
4181,28.5942
4182,28.433
4183,28.497
4184,28.4007
4185,28.4748
4186,28.5817
4187,28.6259
4188,28.4676
4189,28.5213
4190,28.653
4191,28.534
4192,28.5197
4193,28.5801
4194,28.5456
4195,28.5357
4196,28.5658
4197,28.512
4198,28.4897
4199,28.5233
4200,28.4634
4201,28.4779
4202,28.5547
4203,28.4894
4204,28.501
4205,28.3993
4206,28.3276
4207,28.4826
4208,28.4361
4209,28.428
4210,28.4776
4211,28.4399
4212,28.4299
4213,28.3515
4214,28.3972
4215,28.3877
4216,28.3879
4217,28.3458
4218,28.4928
4219,28.3691
4220,28.5036
4221,28.5079
4222,28.4796
4223,28.5474
4224,28.5062
4225,28.5729
4226,28.5483
4227,28.4871
4228,28.4449
4229,28.281
4230,28.3719
4231,28.3528
4232,28.3872
4233,28.4339
4234,28.4928
4235,28.4078
4236,28.4022
4237,28.4813
4238,28.5279
4239,28.5069
4240,28.5002
4241,28.5976
4242,28.6677
4243,28.5479
4244,28.6495
4245,28.575
4246,28.5596
4247,28.4643
4248,28.431
4249,28.3025
4250,28.4562
4251,28.4857
4252,28.3727
4253,28.3328
4254,28.4893
4255,28.483
4256,28.5966
4257,28.5094
4258,28.4941
4259,28.4489
4260,28.4019
4261,28.4817
4262,28.4834
4263,28.477
4264,28.3677
4265,28.4025
4266,28.2903
4267,28.3281
4268,28.4217
4269,28.5117
4270,28.5494
4271,28.4626
4272,28.3598
4273,28.42
4274,28.4325
4275,28.4202
4276,28.4248
4277,28.4529
4278,28.498
4279,28.5304
4280,28.4282
4281,28.3978
4282,28.4101
4283,28.303
4284,28.3594
4285,28.4753
4286,28.4248
4287,28.4469
4288,28.4972
4289,28.5588
4290,28.5761
4291,28.4646
4292,28.3208
4293,28.407
4294,28.448
4295,28.5043
4296,28.5837
4297,28.4906
4298,28.4918
4299,28.538
4300,28.4714
4301,28.5012
4302,28.4892
4303,28.5295
4304,28.5384
4305,28.5493
4306,28.4951
4307,28.4454
4308,28.3908
4309,28.3709
4310,28.4156
4311,28.4189
4312,28.4718
4313,28.4707
4314,28.4524
4315,28.4751
4316,28.5114
4317,28.4389
4318,28.5656
4319,28.6103
4320,28.5345
4321,28.5347
4322,28.4338
4323,28.4311
4324,28.486
4325,28.4522
4326,28.5469
4327,28.3918
4328,28.3034
4329,28.3866
4330,28.4655
4331,28.4718
4332,28.4704
4333,28.3137
4334,28.4616
4335,28.4508
4336,28.4641
4337,28.5268
4338,28.3395
4339,28.371
4340,28.3458
4341,28.3488
4342,28.3806
4343,28.4705
4344,28.4765
4345,28.5654
4346,28.5446
4347,28.4929
4348,28.4148
4349,28.4323
4350,28.4081
4351,28.4068
4352,28.3956
4353,28.3383
4354,28.2875
4355,28.3504
4356,28.2956
4357,28.4533
4358,28.3725
4359,28.3467
4360,28.4757
4361,28.3558
4362,28.4477
4363,28.3017
4364,28.4377
4365,28.2888
4366,28.3652
4367,28.3294
4368,28.3246
4369,28.3612
4370,28.4085
4371,28.4797
4372,28.415
4373,28.4487
4374,28.3681
4375,28.3378
4376,28.4358
4377,28.4029
4378,28.4388
4379,28.3343
4380,28.3803
4381,28.3866
4382,28.4462
4383,28.5242
4384,28.6143
4385,28.5059
4386,28.539
4387,28.5811
4388,28.4372
4389,28.4086
4390,28.3984
4391,28.572
4392,28.4546
4393,28.3606
4394,28.3648
4395,28.4224
4396,28.378
4397,28.4269
4398,28.445
4399,28.4331
4400,28.414
4401,28.3966
4402,28.4673
4403,28.3922
4404,28.3484
4405,28.3984
4406,28.4097
4407,28.5075
4408,28.4312
4409,28.443
4410,28.3184
4411,28.3424
4412,28.3728
4413,28.4166
4414,28.3863
4415,28.4186
4416,28.3161
4417,28.3864
4418,28.489
4419,28.5449
4420,28.4655
4421,28.3718
4422,28.3944
4423,28.5888
4424,28.465
4425,28.5544
4426,28.4892
4427,28.4785
4428,28.5797
4429,28.5152
4430,28.5006
4431,28.408
4432,28.3759
4433,28.3295
4434,28.2363
4435,28.3152
4436,28.3101
4437,28.4243
4438,28.2576
4439,28.4644
4440,28.3188
4441,28.3541
4442,28.2974
4443,28.4677
4444,28.3629
4445,28.3168
4446,28.3633
4447,28.3583
4448,28.4346
4449,28.4228
4450,28.4221
4451,28.4996
4452,28.4529
4453,28.4396
4454,28.3568
4455,28.3398
4456,28.3693
4457,28.3071
4458,28.3224
4459,28.3897
4460,28.4485
4461,28.5161
4462,28.4125
4463,28.4149
4464,28.3236
4465,28.5562
4466,28.5264
4467,28.4857
4468,28.489
4469,28.4486
4470,28.4746
4471,28.4415
4472,28.4762
4473,28.4208
4474,28.4152
4475,28.4784
4476,28.5019
4477,28.4202
4478,28.4872
4479,28.4437
4480,28.3866
4481,28.4356
4482,28.4088
4483,28.3598
4484,28.3882
4485,28.4555
4486,28.3952
4487,28.3497
4488,28.3076
4489,28.3517
4490,28.3665
4491,28.4035
4492,28.4058
4493,28.4057
4494,28.3252
4495,28.2819
4496,28.3129
4497,28.3507
4498,28.2941
4499,28.3817
4500,28.3702
4501,28.3306
4502,28.4177
4503,28.3828
4504,28.3289
4505,28.4407
4506,28.5097
4507,28.361
4508,28.4091
4509,28.3829
4510,28.3984
4511,28.4695
4512,28.3394
4513,28.3242
4514,28.3445
4515,28.4796
4516,28.553
4517,28.3834
4518,28.3823
4519,28.3502
4520,28.3306
4521,28.3806
4522,28.277
4523,28.2812
4524,28.3512
4525,28.2722
4526,28.2943
4527,28.3401
4528,28.3666
4529,28.3776
4530,28.4207
4531,28.4211
4532,28.2808
4533,28.3491
4534,28.296
4535,28.3447
4536,28.276
4537,28.2589
4538,28.1684
4539,28.1938
4540,28.2667
4541,28.1524
4542,28.2598
4543,28.2356
4544,28.4447
4545,28.3056
4546,28.4232
4547,28.4888
4548,28.4938
4549,28.4861
4550,28.4593
4551,28.3737
4552,28.2997
4553,28.3184
4554,28.4386
4555,28.3855
4556,28.3761
4557,28.4315
4558,28.2806
4559,28.215
4560,28.2398
4561,28.3424
4562,28.4828
4563,28.3339
4564,28.2537
4565,28.2088
4566,28.1831
4567,28.4118
4568,28.2978
4569,28.2074
4570,28.2311
4571,28.2396
4572,28.2016
4573,28.1329
4574,28.2439
4575,28.2782
4576,28.1707
4577,28.1814
4578,28.2116
4579,28.2986
4580,28.2324
4581,28.1162
4582,28.1392
4583,28.1901
4584,28.1522
4585,28.1411
4586,28.1533
4587,28.1336
4588,28.0862
4589,28.0905
4590,28.2098
4591,28.1504
4592,28.2592
4593,28.2627
4594,28.2055
4595,28.3523
4596,28.3059
4597,28.3946
4598,28.3352
4599,28.3769
4600,28.3167
4601,28.3285
4602,28.2846
4603,28.2801
4604,28.237
4605,28.3933
4606,28.4295
4607,28.4194
4608,28.4614
4609,28.4438
4610,28.4573
4611,28.341
4612,28.3207
4613,28.3477
4614,28.4075
4615,28.3889
4616,28.3574
4617,28.5498
4618,28.3727
4619,28.3163
4620,28.4755
4621,28.4966
4622,28.3595
4623,28.3863
4624,28.3407
4625,28.4413
4626,28.395
4627,28.4051
4628,28.4299
4629,28.4812
4630,28.3656
4631,28.2729
4632,28.492
4633,28.346
4634,28.3417
4635,28.2131
4636,28.3251
4637,28.3978
4638,28.3501
4639,28.3544
4640,28.2556
4641,28.3832
4642,28.3447
4643,28.369
4644,28.3459
4645,28.4039
4646,28.3565
4647,28.2891
4648,28.3176
4649,28.2563
4650,28.3779
4651,28.3205
4652,28.3848
4653,28.1446
4654,28.2781
4655,28.2342
4656,28.2548
4657,28.1708
4658,28.3422
4659,28.2121
4660,28.2462
4661,28.3183
4662,28.2388
4663,28.2726
4664,28.3656
4665,28.2999
4666,28.3753
4667,28.4248
4668,28.4292
4669,28.4848
4670,28.4731
4671,28.468
4672,28.4666
4673,28.4849
4674,28.4949
4675,28.4982
4676,28.434
4677,28.419
4678,28.2582
4679,28.2261
4680,28.3627
4681,28.3505
4682,28.2336
4683,28.2647
4684,28.3054
4685,28.3079
4686,28.3308
4687,28.3119
4688,28.3968
4689,28.3064
4690,28.3449
4691,28.474
4692,28.4128
4693,28.3836
4694,28.4043
4695,28.3922
4696,28.5292
4697,28.4717
4698,28.442
4699,28.4253
4700,28.3891
4701,28.364
4702,28.4503
4703,28.3148
4704,28.3908
4705,28.4394
4706,28.3502
4707,28.4654
4708,28.513
4709,28.4945
4710,28.4089
4711,28.2737
4712,28.3657
4713,28.3216
4714,28.4131
4715,28.4651
4716,28.2595
4717,28.3607
4718,28.3386
4719,28.3129
4720,28.3805
4721,28.3541
4722,28.3435
4723,28.3866
4724,28.3208
4725,28.3044
4726,28.2685
4727,28.2461
4728,28.3282
4729,28.2046
4730,28.3411
4731,28.4313
4732,28.3993
4733,28.3293
4734,28.3064
4735,28.2868
4736,28.3933
4737,28.4893
4738,28.5457
4739,28.466
4740,28.4909
4741,28.4256
4742,28.4556
4743,28.5341
4744,28.431
4745,28.4008
4746,28.3877
4747,28.309
4748,28.4571
4749,28.4252
4750,28.4585
4751,28.3787
4752,28.2652
4753,28.3048
4754,28.2982
4755,28.3743
4756,28.3498
4757,28.4722
4758,28.4
4759,28.3788
4760,28.3781
4761,28.3364
4762,28.3921
4763,28.4147
4764,28.3355
4765,28.3295
4766,28.3676
4767,28.3664
4768,28.283
4769,28.4091
4770,28.314
4771,28.3094
4772,28.5443
4773,28.5888
4774,28.6146
4775,28.6485
4776,28.574
4777,28.6486
4778,28.5909
4779,28.6811
4780,28.616
4781,28.6142
4782,28.5848
4783,28.5259
4784,28.5792
4785,28.5987
4786,28.551
4787,28.4687
4788,28.5131
4789,28.634
4790,28.592
4791,28.6085
4792,28.4105
4793,28.3342
4794,28.3518
4795,28.3649
4796,28.4358
4797,28.4265
4798,28.4403
4799,28.5322
4800,28.5352
4801,28.4876
4802,28.5205
4803,28.4528
4804,28.4382
4805,28.4862
4806,28.4497
4807,28.4063
4808,28.3737
4809,28.396
4810,28.4638
4811,28.3856
4812,28.4374
4813,28.4332
4814,28.4114
4815,28.3757
4816,28.4258
4817,28.5091
4818,28.4235
4819,28.4219
4820,28.3965
4821,28.3875
4822,28.3955
4823,28.4123
4824,28.5329
4825,28.5223
4826,28.6244
4827,28.5248
4828,28.4858
4829,28.4476
4830,28.3945
4831,28.4461
4832,28.3822
4833,28.3921
4834,28.2833
4835,28.4334
4836,28.3722
4837,28.3023
4838,28.366
4839,28.3999
4840,28.3654
4841,28.4378
4842,28.3532
4843,28.4274
4844,28.4289
4845,28.41
4846,28.324
4847,28.3266
4848,28.4102
4849,28.4229
4850,28.3788
4851,28.3226
4852,28.3781
4853,28.3525
4854,28.2816
4855,28.2907
4856,28.2757
4857,28.2202
4858,28.2287
4859,28.3652
4860,28.3535
4861,28.3662
4862,28.4539
4863,28.4848
4864,28.4601
4865,28.4458
4866,28.5238
4867,28.4923
4868,28.3925
4869,28.2549
4870,28.3053
4871,28.2977
4872,28.3522
4873,28.2679
4874,28.3336
4875,28.3776
4876,28.3772
4877,28.4599
4878,28.4154
4879,28.4483
4880,28.5339
4881,28.5689
4882,28.4396
4883,28.4542
4884,28.4575
4885,28.4975
4886,28.4054
4887,28.3691
4888,28.3541
4889,28.4892
4890,28.5839
4891,28.6489
4892,28.4854
4893,28.4717
4894,28.582
4895,28.3592
4896,28.4442
4897,28.5158
4898,28.5707
4899,28.502
4900,28.4298
4901,28.4018
4902,28.3649
4903,28.408
4904,28.4964
4905,28.4013
4906,28.4137
4907,28.3212
4908,28.3996
4909,28.4358
4910,28.4872
4911,28.2795
4912,28.4281
4913,28.4535
4914,28.4235
4915,28.4516
4916,28.3884
4917,28.3211
4918,28.3961
4919,28.4102
4920,28.481
4921,28.5597
4922,28.5023
4923,28.505
4924,28.5217
4925,28.4124
4926,28.4088
4927,28.3578
4928,28.4156
4929,28.4375
4930,28.478
4931,28.4275
4932,28.5548
4933,28.5451
4934,28.6047
4935,28.5657
4936,28.6569
4937,28.6212
4938,28.4827
4939,28.5604
4940,28.5034
4941,28.5836
4942,28.6473
4943,28.5715
4944,28.5633
4945,28.5444
4946,28.5114
4947,28.6128
4948,28.4825
4949,28.4299
4950,28.4763
4951,28.4812
4952,28.409
4953,28.3918
4954,28.4083
4955,28.2758
4956,28.2978
4957,28.4212
4958,28.3007
4959,28.3202
4960,28.3425
4961,28.3563
4962,28.424
4963,28.2751
4964,28.4376
4965,28.2816
4966,28.466
4967,28.444
4968,28.4451
4969,28.5483
4970,28.53
4971,28.5602
4972,28.595
4973,28.5672
4974,28.5987
4975,28.5599
4976,28.5285
4977,28.4878
4978,28.5882
4979,28.5349
4980,28.4532
4981,28.4397
4982,28.4155
4983,28.4075
4984,28.2952
4985,28.4786
4986,28.4465
4987,28.5114
4988,28.5761
4989,28.5118
4990,28.5165
4991,28.5685
4992,28.529
4993,28.5628
4994,28.5617
4995,28.4636
4996,28.5571
4997,28.5706
4998,28.6474
4999,28.6013
5000,28.6483
5001,28.606
5002,28.562
5003,28.5325
5004,28.4753
5005,28.5278
5006,28.6024
5007,28.5527
5008,28.4749
5009,28.6414
5010,28.5751
5011,28.6331
5012,28.4947
5013,28.4959
5014,28.462
5015,28.508
5016,28.4826
5017,28.6322
5018,28.4883
5019,28.471
5020,28.373
5021,28.3759
5022,28.3225
5023,28.3098
5024,28.3645
5025,28.3753
5026,28.2191
5027,28.2771
5028,28.3269
5029,28.4022
5030,28.3967
5031,28.4242
5032,28.3701
5033,28.3593
5034,28.5121
5035,28.5246
5036,28.3817
5037,28.4571
5038,28.5087
5039,28.6408
5040,28.4569
5041,28.5078
5042,28.4911
5043,28.5694
5044,28.4222
5045,28.5128
5046,28.4935
5047,28.5426
5048,28.5858
5049,28.6611
5050,28.4882
5051,28.4209
5052,28.5861
5053,28.4552
5054,28.4837
5055,28.648
5056,28.5279
5057,28.4471
5058,28.6413
5059,28.5266
5060,28.5215
5061,28.5321
5062,28.5511
5063,28.4126
5064,28.4918
5065,28.4781
5066,28.5562
5067,28.5137
5068,28.4544
5069,28.5899
5070,28.587
5071,28.6514
5072,28.5512
5073,28.5142
5074,28.6602
5075,28.5751
5076,28.5482
5077,28.5345
5078,28.5727
5079,28.6442
5080,28.6826
5081,28.5506
5082,28.5909
5083,28.5401
5084,28.6707
5085,28.5615
5086,28.644
5087,28.5695
5088,28.5715
5089,28.5131
5090,28.5516
5091,28.6159
5092,28.6227
5093,28.5281
5094,28.6408
5095,28.6951
5096,28.5589
5097,28.5806
5098,28.4665
5099,28.5264
5100,28.442
5101,28.5552
5102,28.5009
5103,28.4778
5104,28.4814
5105,28.4773
5106,28.4504
5107,28.4963
5108,28.5094
5109,28.4849
5110,28.5089
5111,28.5933
5112,28.5793
5113,28.6559
5114,28.5849
5115,28.5307
5116,28.6306
5117,28.6339
5118,28.5905
5119,28.5714
5120,28.602
5121,28.5896
5122,28.5529
5123,28.5696
5124,28.5752
5125,28.508
5126,28.5189
5127,28.474
5128,28.5906
5129,28.5236
5130,28.6042
5131,28.5192
5132,28.4605
5133,28.5865
5134,28.6474
5135,28.5939
5136,28.5865
5137,28.6327
5138,28.5004
5139,28.522
5140,28.669
5141,28.7455
5142,28.7103
5143,28.5941
5144,28.4411
5145,28.4881
5146,28.4393
5147,28.3512
5148,28.3829
5149,28.5664
5150,28.6039
5151,28.4389
5152,28.3642
5153,28.4237
5154,28.4201
5155,28.4573
5156,28.4305
5157,28.3496
5158,28.3238
5159,28.3292
5160,28.2923
5161,28.2803
5162,28.2576
5163,28.2717
5164,28.2859
5165,28.2204
5166,28.2364
5167,28.4099
5168,28.3821
5169,28.3204
5170,28.2908
5171,28.4697
5172,28.2658
5173,28.3454
5174,28.2954
5175,28.3248
5176,28.358
5177,28.4207
5178,28.3419
5179,28.2648
5180,28.3133
5181,28.3327
5182,28.2849
5183,28.3146
5184,28.3055
5185,28.3234
5186,28.4301
5187,28.3163
5188,28.334
5189,28.4175
5190,28.4404
5191,28.4192
5192,28.3382
5193,28.4698
5194,28.3757
5195,28.3828
5196,28.3727
5197,28.3982
5198,28.5071
5199,28.3972
5200,28.5514
5201,28.5339
5202,28.4307
5203,28.4429
5204,28.3937
5205,28.4177
5206,28.4578
5207,28.5098
5208,28.425
5209,28.3497
5210,28.418
5211,28.3526
5212,28.3858
5213,28.387
5214,28.4534
5215,28.3545
5216,28.2909
5217,28.3719
5218,28.3713
5219,28.2786
5220,28.2983
5221,28.2911
5222,28.384
5223,28.404
5224,28.3877
5225,28.3617
5226,28.328
5227,28.3197
5228,28.3958
5229,28.3027
5230,28.1684
5231,28.3201
5232,28.3982
5233,28.3649
5234,28.3886
5235,28.3167
5236,28.1952
5237,28.2192
5238,28.177
5239,28.2522
5240,28.2447
5241,28.2379
5242,28.2809
5243,28.3524
5244,28.3096
5245,28.3199
5246,28.3695
5247,28.4463
5248,28.4762
5249,28.5319
5250,28.5762
5251,28.6158
5252,28.4544
5253,28.4706
5254,28.6076
5255,28.4993
5256,28.5111
5257,28.444
5258,28.3281
5259,28.3387
5260,28.3586
5261,28.3815
5262,28.3647
5263,28.4331
5264,28.3351
5265,28.4008
5266,28.3995
5267,28.3717
5268,28.3412
5269,28.3328
5270,28.4179
5271,28.3843
5272,28.4366
5273,28.4545
5274,28.4557
5275,28.306
5276,28.3
5277,28.3144
5278,28.2375
5279,28.2173
5280,28.2236
5281,28.3543
5282,28.3773
5283,28.3673
5284,28.2846
5285,28.2484
5286,28.3194
5287,28.25
5288,28.4266
5289,28.4501
5290,28.413
5291,28.5323
5292,28.4554
5293,28.4839
5294,28.4459
5295,28.4738
5296,28.3897
5297,28.5118
5298,28.4393
5299,28.4219
5300,28.3261
5301,28.4939
5302,28.3676
5303,28.3315
5304,28.4441
5305,28.4281
5306,28.273
5307,28.295
5308,28.3698
5309,28.3324
5310,28.3914
5311,28.424
5312,28.4379
5313,28.3527
5314,28.4085
5315,28.5603
5316,28.2978
5317,28.3197
5318,28.3877
5319,28.2779
5320,28.2992
5321,28.3848
5322,28.4216
5323,28.3947
5324,28.4411
5325,28.3395
5326,28.3616
5327,28.4105
5328,28.4373
5329,28.3338
5330,28.2491
5331,28.301
5332,28.3125
5333,28.2896
5334,28.2334
5335,28.2378
5336,28.2296
5337,28.2522
5338,28.341
5339,28.329
5340,28.3036
5341,28.3631
5342,28.3534
5343,28.3585
5344,28.4171
5345,28.3896
5346,28.3003
5347,28.2074
5348,28.2099
5349,28.1544
5350,28.2313
5351,28.2572
5352,28.2918
5353,28.2223
5354,28.2048
5355,28.1938
5356,28.1718
5357,28.1955
5358,28.1766
5359,28.3072
5360,28.1982
5361,28.2514
5362,28.2435
5363,28.348
5364,28.2806
5365,28.1908
5366,28.3304
5367,28.2779
5368,28.2511
5369,28.194
5370,28.2188
5371,28.2009
5372,28.2433
5373,28.2752
5374,28.2273
5375,28.2965
5376,28.2599
5377,28.312
5378,28.3848
5379,28.3367
5380,28.3412
5381,28.2413
5382,28.2992
5383,28.2518
5384,28.3694
5385,28.3811
5386,28.2445
5387,28.2505
5388,28.307
5389,28.297
5390,28.3185
5391,28.424
5392,28.3117
5393,28.3653
5394,28.3329
5395,28.4056
5396,28.3789
5397,28.4601
5398,28.3769
5399,28.3711
5400,28.3551
5401,28.3419
5402,28.4596
5403,28.4721
5404,28.4215
5405,28.4561
5406,28.5082
5407,28.4852
5408,28.5706
5409,28.5096
5410,28.478
5411,28.6441
5412,28.4136
5413,28.4245
5414,28.5433
5415,28.5029
5416,28.4549
5417,28.4557
5418,28.5377
5419,28.4944
5420,28.556
5421,28.5998
5422,28.6935
5423,28.6069
5424,28.6098
5425,28.501
5426,28.5976
5427,28.5477
5428,28.4546
5429,28.4738
5430,28.3845
5431,28.4268
5432,28.4651
5433,28.4555
5434,28.4365
5435,28.4859
5436,28.4269
5437,28.4096
5438,28.3849
5439,28.4858
5440,28.4066
5441,28.4178
5442,28.4
5443,28.3178
5444,28.3452
5445,28.332
5446,28.2464
5447,28.2594
5448,28.4474
5449,28.4312
5450,28.38
5451,28.4031
5452,28.4921
5453,28.4382
5454,28.3616
5455,28.3351
5456,28.2865
5457,28.3306
5458,28.3137
5459,28.3584
5460,28.3291
5461,28.3734
5462,28.4261
5463,28.4475
5464,28.3733
5465,28.4346
5466,28.3426
5467,28.371
5468,28.4061
5469,28.4641
5470,28.5322
5471,28.5386
5472,28.5667
5473,28.5192
5474,28.4859
5475,28.4537
5476,28.4391
5477,28.3602
5478,28.4095
5479,28.4099
5480,28.392
5481,28.4285
5482,28.4909
5483,28.4727
5484,28.4632
5485,28.5018
5486,28.4297
5487,28.4541
5488,28.4622
5489,28.4633
5490,28.4944
5491,28.4554
5492,28.4018
5493,28.3709
5494,28.4203
5495,28.4366
5496,28.4629
5497,28.4151
5498,28.3974
5499,28.4677
5500,28.5017
5501,28.4953
5502,28.4681
5503,28.4635
5504,28.3635
5505,28.3779
5506,28.3317
5507,28.5523
5508,28.5162
5509,28.5363
5510,28.4809
5511,28.4958
5512,28.4248
5513,28.4107
5514,28.4823
5515,28.4841
5516,28.438
5517,28.496
5518,28.5336
5519,28.5145
5520,28.5582
5521,28.4529
5522,28.4127
5523,28.526
5524,28.6056
5525,28.4513
5526,28.5454
5527,28.537
5528,28.5814
5529,28.518
5530,28.515
5531,28.4912
5532,28.5093
5533,28.523
5534,28.5782
5535,28.4657
5536,28.5029
5537,28.5209
5538,28.4422
5539,28.5338
5540,28.4019
5541,28.4532
5542,28.3737
5543,28.4822
5544,28.3467
5545,28.4644
5546,28.4836
5547,28.3855
5548,28.4712
5549,28.3798
5550,28.4723
5551,28.53
5552,28.5062
5553,28.4837
5554,28.408
5555,28.4245
5556,28.5741
5557,28.5632
5558,28.5094
5559,28.539
5560,28.5201
5561,28.5111
5562,28.5211
5563,28.4173
5564,28.4241
5565,28.4878
5566,28.4487
5567,28.4947
5568,28.4325
5569,28.4286
5570,28.4049
5571,28.511
5572,28.4378
5573,28.4195
5574,28.4216
5575,28.4776
5576,28.5261
5577,28.6041
5578,28.4771
5579,28.4381
5580,28.4844
5581,28.56
5582,28.4544
5583,28.4815
5584,28.4801
5585,28.429
5586,28.4673
5587,28.4058
5588,28.4376
5589,28.4061
5590,28.3279
5591,28.3439
5592,28.3634
5593,28.3947
5594,28.5081
5595,28.4343
5596,28.4389
5597,28.3102
5598,28.4212
5599,28.3839
5600,28.261
5601,28.1391
5602,28.1636
5603,28.2771
5604,28.322
5605,28.3376
5606,28.3228
5607,28.3186
5608,28.254
5609,28.2848
5610,28.3078
5611,28.3562
5612,28.4088
5613,28.3359
5614,28.4919
5615,28.4497
5616,28.4148
5617,28.483
5618,28.4541
5619,28.4002
5620,28.3473
5621,28.393
5622,28.4691
5623,28.4686
5624,28.3476
5625,28.4977
5626,28.4634
5627,28.4726
5628,28.3562
5629,28.4118
5630,28.3004
5631,28.3336
5632,28.2891
5633,28.2479
5634,28.215
5635,28.4383
5636,28.395
5637,28.4222
5638,28.4687
5639,28.3777
5640,28.4392
5641,28.4176
5642,28.4525
5643,28.3521
5644,28.3001
5645,28.4031
5646,28.3803
5647,28.3492
5648,28.4487
5649,28.4289
5650,28.4365
5651,28.3867
5652,28.3941
5653,28.5356
5654,28.4674
5655,28.4555
5656,28.4414
5657,28.3984
5658,28.3599
5659,28.4206
5660,28.3849
5661,28.4328
5662,28.3906
5663,28.4012
5664,28.3761
5665,28.3419
5666,28.3541
5667,28.3681
5668,28.4656
5669,28.4039
5670,28.4425
5671,28.4561
5672,28.3881
5673,28.3304
5674,28.3641
5675,28.3149
5676,28.2723
5677,28.346
5678,28.3243
5679,28.3632
5680,28.4242
5681,28.2824
5682,28.2877
5683,28.343
5684,28.3449
5685,28.4412
5686,28.3456
5687,28.3589
5688,28.418
5689,28.3286
5690,28.4384
5691,28.4562
5692,28.4117
5693,28.3826
5694,28.363
5695,28.4005
5696,28.3492
5697,28.431
5698,28.4259
5699,28.4105
5700,28.514
5701,28.4785
5702,28.4919
5703,28.4036
5704,28.6029
5705,28.525
5706,28.5886
5707,28.5786
5708,28.618
5709,28.7084
5710,28.6339
5711,28.5392
5712,28.5269
5713,28.5544
5714,28.6622
5715,28.6568
5716,28.5339
5717,28.5798
5718,28.6544
5719,28.5881
5720,28.5245
5721,28.5769
5722,28.6201
5723,28.6076
5724,28.6504
5725,28.672
5726,28.799
5727,28.7854
5728,28.6899
5729,28.6965
5730,28.8446
5731,28.737
5732,28.6686
5733,28.7838
5734,28.7451
5735,28.7942
5736,28.6911
5737,28.5871
5738,28.6822
5739,28.655
5740,28.5196
5741,28.6002
5742,28.6345
5743,28.5663
5744,28.442
5745,28.372
5746,28.4357
5747,28.4007
5748,28.3344
5749,28.4357
5750,28.3179
5751,28.3057
5752,28.3438
5753,28.3455
5754,28.3075
5755,28.3846
5756,28.4695
5757,28.4462
5758,28.3151
5759,28.4184
5760,28.4764
5761,28.3628
5762,28.3505
5763,28.4164
5764,28.2598
5765,28.3988
5766,28.4101
5767,28.4392
5768,28.4529
5769,28.4305
5770,28.5962
5771,28.5295
5772,28.4447
5773,28.4094
5774,28.4036
5775,28.4321
5776,28.5494
5777,28.4439
5778,28.4975
5779,28.4612
5780,28.378
5781,28.3382
5782,28.3552
5783,28.3603
5784,28.4113
5785,28.3086
5786,28.2737
5787,28.2986
5788,28.3791
5789,28.3391
5790,28.41
5791,28.303
5792,28.1753
5793,28.2673
5794,28.1396
5795,28.0818
5796,28.1022
5797,28.2054
5798,28.2305
5799,28.1645
5800,28.3208
5801,28.2303
5802,28.1452
5803,28.2887
5804,28.241
5805,28.3593
5806,28.2678
5807,28.2099
5808,28.3076
5809,28.3163
5810,28.3308
5811,28.3041
5812,28.3269
5813,28.3053
5814,28.356
5815,28.3625
5816,28.3654
5817,28.4257
5818,28.4178
5819,28.4269
5820,28.4779
5821,28.5162
5822,28.5342
5823,28.5524
5824,28.4637
5825,28.4322
5826,28.385
5827,28.4068
5828,28.3788
5829,28.437
5830,28.4785
5831,28.4389
5832,28.5172
5833,28.5048
5834,28.4095
5835,28.447
5836,28.3616
5837,28.4281
5838,28.4685
5839,28.4281
5840,28.5538
5841,28.4764
5842,28.5013
5843,28.4939
5844,28.3552
5845,28.3762
5846,28.4788
5847,28.3543
5848,28.4209
5849,28.473
5850,28.4206
5851,28.5039
5852,28.4986
5853,28.5574
5854,28.4321
5855,28.4115
5856,28.3053
5857,28.4376
5858,28.4113
5859,28.4409
5860,28.3983
5861,28.3765
5862,28.3396
5863,28.3584
5864,28.3816
5865,28.3183
5866,28.1701
5867,28.3289
5868,28.2465
5869,28.3048
5870,28.4201
5871,28.5254
5872,28.5861
5873,28.4213
5874,28.4993
5875,28.5225
5876,28.557
5877,28.5837
5878,28.4631
5879,28.5071
5880,28.4896
5881,28.5127
5882,28.3966
5883,28.3993
5884,28.3231
5885,28.3706
5886,28.4215
5887,28.4539
5888,28.5306
5889,28.5698
5890,28.5433
5891,28.6037
5892,28.4947
5893,28.4581
5894,28.4891
5895,28.6304
5896,28.5875
5897,28.5267
5898,28.4994
5899,28.5651
5900,28.4481
5901,28.4265
5902,28.4608
5903,28.3658
5904,28.2721
5905,28.3052
5906,28.2756
5907,28.3123
5908,28.3982
5909,28.3211
5910,28.3752
5911,28.3782
5912,28.3558
5913,28.3152
5914,28.3293
5915,28.3982
5916,28.4376
5917,28.3111
5918,28.4286
5919,28.3538
5920,28.5434
5921,28.4665
5922,28.4443
5923,28.4778
5924,28.4084
5925,28.4745
5926,28.3969
5927,28.4341
5928,28.4149
5929,28.3509
5930,28.4254
5931,28.4994
5932,28.4931
5933,28.46
5934,28.4279
5935,28.4261
5936,28.4588
5937,28.4618
5938,28.4805
5939,28.4812
5940,28.4589
5941,28.4699
5942,28.4451
5943,28.3357
5944,28.3768
5945,28.3673
5946,28.4007
5947,28.2616
5948,28.2252
5949,28.4295
5950,28.4499
5951,28.4651
5952,28.4855
5953,28.3999
5954,28.4777
5955,28.4414
5956,28.4427
5957,28.3373
5958,28.4196
5959,28.4788
5960,28.4348
5961,28.5088
5962,28.4491
5963,28.5272
5964,28.5008
5965,28.4679
5966,28.407
5967,28.4404
5968,28.2546
5969,28.4103
5970,28.4094
5971,28.2326
5972,28.3285
5973,28.2394
5974,28.2991
5975,28.29
5976,28.2858
5977,28.3426
5978,28.4172
5979,28.442
5980,28.3909
5981,28.3916
5982,28.4692
5983,28.4485
5984,28.3638
5985,28.4153
5986,28.4427
5987,28.5545
5988,28.5084
5989,28.4291
5990,28.6152
5991,28.4635
5992,28.4338
5993,28.4061
5994,28.4988
5995,28.5185
5996,28.4937
5997,28.4755
5998,28.4084
5999,28.5001
6000,28.3113
6001,28.3824
6002,28.3274
6003,28.3949
6004,28.4474
6005,28.3761
6006,28.4258
6007,28.3167
6008,28.4145
6009,28.3943
6010,28.4997
6011,28.5495
6012,28.5503
6013,28.4347
6014,28.4521
6015,28.5343
6016,28.574
6017,28.4339
6018,28.4567
6019,28.5019
6020,28.4601
6021,28.4322
6022,28.4978
6023,28.4701
6024,28.4507
6025,28.4862
6026,28.3788
6027,28.4327
6028,28.2267
6029,28.3253
6030,28.3543
6031,28.4215
6032,28.383
6033,28.4252
6034,28.3468
6035,28.3741
6036,28.578
6037,28.4606
6038,28.5022
6039,28.4479
6040,28.3936
6041,28.5027
6042,28.5965
6043,28.6222
6044,28.4988
6045,28.4862
6046,28.3593
6047,28.2698
6048,28.3586
6049,28.4553
6050,28.4784
6051,28.3359
6052,28.4112
6053,28.5206
6054,28.4378
6055,28.4451
6056,28.4107
6057,28.407
6058,28.393
6059,28.4345
6060,28.4121
6061,28.4191
6062,28.3871
6063,28.5104
6064,28.4831
6065,28.415
6066,28.3863
6067,28.4076
6068,28.4463
6069,28.3815
6070,28.362
6071,28.3874
6072,28.479
6073,28.4566
6074,28.5802
6075,28.5374
6076,28.4504
6077,28.5562
6078,28.402
6079,28.3191
6080,28.4744
6081,28.4323
6082,28.5208
6083,28.5111
6084,28.4682
6085,28.4402
6086,28.4328
6087,28.3905
6088,28.4173
6089,28.4865
6090,28.5433
6091,28.4661
6092,28.3796
6093,28.3638
6094,28.2633
6095,28.282
6096,28.2372
6097,28.328
6098,28.3176
6099,28.4124
6100,28.4366
6101,28.4153
6102,28.3905
6103,28.4358
6104,28.365
6105,28.5132
6106,28.564
6107,28.4837
6108,28.4263
6109,28.2954
6110,28.2797
6111,28.3923
6112,28.3848
6113,28.3412
6114,28.4334
6115,28.387
6116,28.4297
6117,28.543
6118,28.4597
6119,28.4475
6120,28.5467
6121,28.3855
6122,28.4273
6123,28.511
6124,28.4918
6125,28.48
6126,28.424
6127,28.3516
6128,28.4792
6129,28.4396
6130,28.3678
6131,28.3764
6132,28.3896
6133,28.2815
6134,28.3259
6135,28.2765
6136,28.3211
6137,28.3121
6138,28.2866
6139,28.343
6140,28.3553
6141,28.3776
6142,28.2963
6143,28.2505
6144,28.3096
6145,28.2992
6146,28.3751
6147,28.3894
6148,28.3572
6149,28.3728
6150,28.2682
6151,28.3994
6152,28.5088
6153,28.4244
6154,28.4449
6155,28.5224
6156,28.4837
6157,28.4278
6158,28.3668
6159,28.3137
6160,28.2615
6161,28.3421
6162,28.3319
6163,28.4975
6164,28.4435
6165,28.5234
6166,28.4309
6167,28.4239
6168,28.3786
6169,28.3411
6170,28.5317
6171,28.5413
6172,28.5423
6173,28.4394
6174,28.4496
6175,28.4583
6176,28.4556
6177,28.4517
6178,28.5315
6179,28.3445
6180,28.3794
6181,28.3952
6182,28.3165
6183,28.3366
6184,28.3411
6185,28.4605
6186,28.4612
6187,28.4219
6188,28.383
6189,28.2927
6190,28.282
6191,28.3145
6192,28.3401
6193,28.3175
6194,28.4002
6195,28.3963
6196,28.3635
6197,28.3542
6198,28.2051
6199,28.2108
6200,28.2299
6201,28.3592
6202,28.2551
6203,28.3383
6204,28.3296
6205,28.3103
6206,28.2607
6207,28.3859
6208,28.2824
6209,28.4227
6210,28.3416
6211,28.2493
6212,28.2831
6213,28.2838
6214,28.4059
6215,28.4829
6216,28.3885
6217,28.302
6218,28.4114
6219,28.5214
6220,28.4605
6221,28.4215
6222,28.3904
6223,28.4059
6224,28.4159
6225,28.3405
6226,28.3446
6227,28.3423
6228,28.4172
6229,28.4688
6230,28.4011
6231,28.3311
6232,28.3706
6233,28.3703
6234,28.3226
6235,28.3164
6236,28.1894
6237,28.2173
6238,28.3603
6239,28.3887
6240,28.3376
6241,28.3983
6242,28.2735
6243,28.3334
6244,28.3248
6245,28.3539
6246,28.4
6247,28.3721
6248,28.3659
6249,28.3005
6250,28.2844
6251,28.2664
6252,28.2297
6253,28.3135
6254,28.2759
6255,28.2517
6256,28.3001
6257,28.2777
6258,28.3139
6259,28.2468
6260,28.3381
6261,28.3517
6262,28.3761
6263,28.438
6264,28.5064
6265,28.4517
6266,28.3841
6267,28.345
6268,28.3622
6269,28.2694
6270,28.2951
6271,28.3578
6272,28.3613
6273,28.3369
6274,28.3849
6275,28.2833
6276,28.4161
6277,28.4271
6278,28.3395
6279,28.3816
6280,28.4054
6281,28.3664
6282,28.3663
6283,28.3319
6284,28.2676
6285,28.2149
6286,28.2349
6287,28.2843
6288,28.3225
6289,28.334
6290,28.4819
6291,28.5799
6292,28.3985
6293,28.4643
6294,28.548
6295,28.5277
6296,28.4608
6297,28.2794
6298,28.3815
6299,28.286
6300,28.3911
6301,28.3297
6302,28.3655
6303,28.2587
6304,28.3794
6305,28.2776
6306,28.3064
6307,28.3816
6308,28.5003
6309,28.4249
6310,28.4772
6311,28.4151
6312,28.4464
6313,28.381
6314,28.4051
6315,28.3248
6316,28.3842
6317,28.3206
6318,28.4343
6319,28.4409
6320,28.5013
6321,28.3825
6322,28.4465
6323,28.4377
6324,28.3261
6325,28.4534
6326,28.3878
6327,28.4184
6328,28.362
6329,28.3063
6330,28.3154
6331,28.3773
6332,28.3195
6333,28.4282
6334,28.2725
6335,28.2803
6336,28.1939
6337,28.1274
6338,28.1752
6339,28.2877
6340,28.3188
6341,28.3145
6342,28.3311
6343,28.2857
6344,28.1761
6345,28.3044
6346,28.3651
6347,28.3531
6348,28.3715
6349,28.388
6350,28.3152
6351,28.3159
6352,28.2445
6353,28.268
6354,28.3257
6355,28.2804
6356,28.3133
6357,28.3812
6358,28.4034
6359,28.4096
6360,28.4319
6361,28.3891
6362,28.3085
6363,28.3293
6364,28.4041
6365,28.4058
6366,28.318
6367,28.3364
6368,28.3716
6369,28.3549
6370,28.4388
6371,28.352
6372,28.3343
6373,28.4367
6374,28.4436
6375,28.3486
6376,28.401
6377,28.3648
6378,28.4015
6379,28.4311
6380,28.4879
6381,28.346
6382,28.291
6383,28.3453
6384,28.309
6385,28.2874
6386,28.3554
6387,28.3679
6388,28.3212
6389,28.3574
6390,28.3399
6391,28.282
6392,28.3818
6393,28.3883
6394,28.3318
6395,28.2849
6396,28.4422
6397,28.3615
6398,28.3651
6399,28.3962
6400,28.4444
6401,28.3316
6402,28.4996
6403,28.4846
6404,28.5145
6405,28.4698
6406,28.5943
6407,28.4271
6408,28.5717
6409,28.5159
6410,28.4704
6411,28.5535
6412,28.5391
6413,28.6495
6414,28.5249
6415,28.4707
6416,28.4984
6417,28.4615
6418,28.5287
6419,28.4834
6420,28.4675
6421,28.4089
6422,28.4242
6423,28.4688
6424,28.5481
6425,28.5061
6426,28.4888
6427,28.4429
6428,28.6066
6429,28.4422
6430,28.5295
6431,28.5552
6432,28.5127
6433,28.435
6434,28.437
6435,28.4287
6436,28.4896
6437,28.4681
6438,28.5229
6439,28.61
6440,28.564
6441,28.4888
6442,28.5538
6443,28.4847
6444,28.5787
6445,28.5674
6446,28.695
6447,28.7642
6448,28.6569
6449,28.5046
6450,28.5161
6451,28.5465
6452,28.5281
6453,28.5214
6454,28.4365
6455,28.4727
6456,28.4939
6457,28.4645
6458,28.5132
6459,28.5426
6460,28.5003
6461,28.4009
6462,28.4646
6463,28.4512
6464,28.4967
6465,28.4721
6466,28.48
6467,28.4739
6468,28.4722
6469,28.4658
6470,28.6111
6471,28.6808
6472,28.5834
6473,28.517
6474,28.447
6475,28.407
6476,28.4332
6477,28.327
6478,28.3828
6479,28.2286
6480,28.2349
6481,28.3622
6482,28.3354
6483,28.3641
6484,28.4072
6485,28.5118
6486,28.4833
6487,28.4255
6488,28.345
6489,28.4813
6490,28.4786
6491,28.4575
6492,28.4299
6493,28.2836
6494,28.2469
6495,28.2826
6496,28.4028
6497,28.4616
6498,28.5014
6499,28.4803
6500,28.5568
6501,28.3954
6502,28.473
6503,28.4294
6504,28.3823
6505,28.347
6506,28.2803
6507,28.3929
6508,28.3037
6509,28.3278
6510,28.3419
6511,28.3862
6512,28.3084
6513,28.4448
6514,28.3822
6515,28.38
6516,28.4464
6517,28.5131
6518,28.4086
6519,28.4499
6520,28.3858
6521,28.429
6522,28.4558
6523,28.5202
6524,28.4234
6525,28.4205
6526,28.4739
6527,28.3733
6528,28.4294
6529,28.5667
6530,28.5334
6531,28.6171
6532,28.4372
6533,28.485
6534,28.4474
6535,28.3996
6536,28.3932
6537,28.3661
6538,28.4244
6539,28.5118
6540,28.4352
6541,28.4297
6542,28.5002
6543,28.3866
6544,28.4509
6545,28.502
6546,28.4695
6547,28.3023
6548,28.4257
6549,28.429
6550,28.4023
6551,28.3194
6552,28.4965
6553,28.4766
6554,28.4642
6555,28.3803
6556,28.3996
6557,28.3887
6558,28.4041
6559,28.4883
6560,28.4543
6561,28.4424
6562,28.4679
6563,28.4526
6564,28.5177
6565,28.4843
6566,28.4652
6567,28.4493
6568,28.5224
6569,28.4055
6570,28.4804
6571,28.5346
6572,28.5298
6573,28.5459
6574,28.4317
6575,28.5041
6576,28.5115
6577,28.5908
6578,28.5873
6579,28.4397
6580,28.6207
6581,28.4908
6582,28.4698
6583,28.4988
6584,28.4854
6585,28.4178
6586,28.4518
6587,28.4178
6588,28.4112
6589,28.339
6590,28.2687
6591,28.2493
6592,28.3211
6593,28.3198
6594,28.3565
6595,28.4546
6596,28.3347
6597,28.4376
6598,28.3487
6599,28.3388
6600,28.3562
6601,28.4763
6602,28.4641
6603,28.4746
6604,28.4357
6605,28.4204
6606,28.4149
6607,28.4471
6608,28.4836
6609,28.4326
6610,28.4501
6611,28.4723
6612,28.6054
6613,28.6726
6614,28.6698
6615,28.7018
6616,28.8334
6617,28.6336
6618,28.6202
6619,28.6558
6620,28.5415
6621,28.5634
6622,28.5244
6623,28.5522
6624,28.3802
6625,28.4015
6626,28.3932
6627,28.4248
6628,28.4196
6629,28.4416
6630,28.4971
6631,28.4889
6632,28.5102
6633,28.6387
6634,28.5219
6635,28.4726
6636,28.5513
6637,28.5206
6638,28.3512
6639,28.5279
6640,28.5421
6641,28.6026
6642,28.5617
6643,28.514
6644,28.5685
6645,28.666
6646,28.4553
6647,28.5013
6648,28.4886
6649,28.5666
6650,28.4555
6651,28.4953
6652,28.4272
6653,28.4665
6654,28.4597
6655,28.3805
6656,28.4326
6657,28.5135
6658,28.5714
6659,28.3556
6660,28.4135
6661,28.4459
6662,28.4225
6663,28.3568
6664,28.4465
6665,28.3924
6666,28.4129
6667,28.5147
6668,28.4789
6669,28.3737
6670,28.3797
6671,28.4528
6672,28.4154
6673,28.3525
6674,28.3163
6675,28.4347
6676,28.4489
6677,28.5468
6678,28.3647
6679,28.4688
6680,28.5615
6681,28.5044
6682,28.4273
6683,28.4859
6684,28.5496
6685,28.5441
6686,28.5645
6687,28.5385
6688,28.533
6689,28.4725
6690,28.4125
6691,28.3904
6692,28.4273
6693,28.3341
6694,28.4292
6695,28.4392
6696,28.559
6697,28.4527
6698,28.4378
6699,28.4259
6700,28.3924
6701,28.397
6702,28.5034
6703,28.5352
6704,28.4015
6705,28.5148
6706,28.4752
6707,28.3553
6708,28.5342
6709,28.5038
6710,28.5443
6711,28.586
6712,28.5677
6713,28.4959
6714,28.4671
6715,28.4959
6716,28.4737
6717,28.5336
6718,28.4539
6719,28.5028
6720,28.5378
6721,28.4697
6722,28.4662
6723,28.5622
6724,28.5168
6725,28.5567
6726,28.4613
6727,28.3999
6728,28.5008
6729,28.3946
6730,28.3955
6731,28.3581
6732,28.4155
6733,28.4991
6734,28.3412
6735,28.2623
6736,28.4998
6737,28.5719
6738,28.4837
6739,28.6098
6740,28.4448
6741,28.5369
6742,28.5322
6743,28.5279
6744,28.4777
6745,28.5383
6746,28.3589
6747,28.4477
6748,28.4558
6749,28.4356
6750,28.385
6751,28.3104
6752,28.4483
6753,28.3376
6754,28.3981
6755,28.2946
6756,28.3675
6757,28.2357
6758,28.3894
6759,28.5324
6760,28.33
6761,28.3961
6762,28.3798
6763,28.4646
6764,28.5173
6765,28.4743
6766,28.3582
6767,28.3489
6768,28.392
6769,28.4692
6770,28.4199
6771,28.3113
6772,28.2367
6773,28.3924
6774,28.3999
6775,28.5238
6776,28.4751
6777,28.363
6778,28.4001
6779,28.5131
6780,28.4895
6781,28.5047
6782,28.5003
6783,28.3112
6784,28.3709
6785,28.5144
6786,28.3355
6787,28.434
6788,28.3652
6789,28.4214
6790,28.3839
6791,28.3432
6792,28.4591
6793,28.5235
6794,28.4313
6795,28.4267
6796,28.395
6797,28.3477
6798,28.4304
6799,28.3889
6800,28.4554
6801,28.5001
6802,28.4199
6803,28.2655
6804,28.2593
6805,28.3192
6806,28.2776
6807,28.3091
6808,28.5639
6809,28.4427
6810,28.4608
6811,28.4043
6812,28.4019
6813,28.3677
6814,28.4087
6815,28.4693
6816,28.4274
6817,28.3581
6818,28.513
6819,28.4545
6820,28.4018
6821,28.2659
6822,28.42
6823,28.4488
6824,28.2873
6825,28.3892
6826,28.3793
6827,28.3701
6828,28.3956
6829,28.3453
6830,28.3177
6831,28.2473
6832,28.2864
6833,28.2921
6834,28.2578
6835,28.2284
6836,28.352
6837,28.3311
6838,28.3676
6839,28.4031
6840,28.4136
6841,28.3358
6842,28.3451
6843,28.4593
6844,28.4532
6845,28.3693
6846,28.3808
6847,28.4106
6848,28.447
6849,28.6252
6850,28.4404
6851,28.61
6852,28.4358
6853,28.4732
6854,28.5236
6855,28.5045
6856,28.4361
6857,28.4197
6858,28.563
6859,28.5036
6860,28.5195
6861,28.3603
6862,28.5162
6863,28.6079
6864,28.6215
6865,28.4677
6866,28.4454
6867,28.4985
6868,28.5075
6869,28.3153
6870,28.348
6871,28.3626
6872,28.3673
6873,28.3317
6874,28.3405
6875,28.415
6876,28.4448
6877,28.3484
6878,28.3585
6879,28.364
6880,28.2723
6881,28.3513
6882,28.4558
6883,28.3713
6884,28.4639
6885,28.332
6886,28.3578
6887,28.359
6888,28.4535
6889,28.4473
6890,28.5122
6891,28.3839
6892,28.4428
6893,28.454
6894,28.504
6895,28.5451
6896,28.4933
6897,28.4979
6898,28.4278
6899,28.5314
6900,28.5216
6901,28.3995
6902,28.4561
6903,28.3708
6904,28.3348
6905,28.2988
6906,28.4608
6907,28.4679
6908,28.4703
6909,28.4388
6910,28.4774
6911,28.3935
6912,28.4688
6913,28.3184
6914,28.2951
6915,28.2095
6916,28.2849
6917,28.2512
6918,28.2625
6919,28.2211
6920,28.2837
6921,28.3587
6922,28.4169
6923,28.4181
6924,28.4928
6925,28.3826
6926,28.3498
6927,28.4825
6928,28.4561
6929,28.5069
6930,28.5638
6931,28.4409
6932,28.3809
6933,28.3604
6934,28.248
6935,28.2428
6936,28.3339
6937,28.3336
6938,28.3262
6939,28.3609
6940,28.3033
6941,28.2757
6942,28.2222
6943,28.3296
6944,28.3563
6945,28.3751
6946,28.3977
6947,28.4512
6948,28.2362
6949,28.3468
6950,28.4589
6951,28.3812
6952,28.3024
6953,28.3785
6954,28.4861
6955,28.3909
6956,28.4218
6957,28.3166
6958,28.2418
6959,28.3512
6960,28.4557
6961,28.4511
6962,28.4803
6963,28.5167
6964,28.4957
6965,28.4647
6966,28.4825
6967,28.3846
6968,28.3289
6969,28.3392
6970,28.3575
6971,28.3407
6972,28.2978
6973,28.3186
6974,28.3932
6975,28.326
6976,28.3324
6977,28.3075
6978,28.3213
6979,28.347
6980,28.4435
6981,28.3906
6982,28.436
6983,28.3917
6984,28.4018
6985,28.4142
6986,28.3613
6987,28.3158
6988,28.4652
6989,28.3839
6990,28.4968
6991,28.4753
6992,28.5826
6993,28.5595
6994,28.4737
6995,28.3443
6996,28.4249
6997,28.4613
6998,28.465
6999,28.5045
7000,28.4702
7001,28.4288
7002,28.473
7003,28.432
7004,28.5196
7005,28.4694
7006,28.5485
7007,28.6095
7008,28.5567
7009,28.5655
7010,28.4059
7011,28.397
7012,28.4446
7013,28.4661
7014,28.4941
7015,28.4366
7016,28.4429
7017,28.4052
7018,28.3649
7019,28.4574
7020,28.511
7021,28.5099
7022,28.379
7023,28.3387
7024,28.3373
7025,28.3208
7026,28.45
7027,28.4411
7028,28.4593
7029,28.4602
7030,28.6221
7031,28.4796
7032,28.3947
7033,28.5268
7034,28.4784
7035,28.4668
7036,28.5873
7037,28.4935
7038,28.5238
7039,28.4374
7040,28.3303
7041,28.3259
7042,28.4054
7043,28.4484
7044,28.486
7045,28.4985
7046,28.5182
7047,28.47
7048,28.4807
7049,28.6147
7050,28.4465
7051,28.4923
7052,28.4687
7053,28.4711
7054,28.4708
7055,28.5362
7056,28.4635
7057,28.4524
7058,28.5275
7059,28.5739
7060,28.4436
7061,28.5218
7062,28.5382
7063,28.5851
7064,28.614
7065,28.5213
7066,28.6094
7067,28.6059
7068,28.6684
7069,28.6115
7070,28.5809
7071,28.5105
7072,28.5684
7073,28.4747
7074,28.5362
7075,28.5746
7076,28.5606
7077,28.5832
7078,28.5945
7079,28.5288
7080,28.6073
7081,28.4595
7082,28.4342
7083,28.5461
7084,28.4602
7085,28.4395
7086,28.353
7087,28.4121
7088,28.444
7089,28.3854
7090,28.4064
7091,28.591
7092,28.5698
7093,28.5284
7094,28.5356
7095,28.5444
7096,28.5307
7097,28.5493
7098,28.5079
7099,28.6619
7100,28.5187
7101,28.6359
7102,28.5478
7103,28.56
7104,28.4321
7105,28.4431
7106,28.5395
7107,28.5559
7108,28.7009
7109,28.5003
7110,28.5061
7111,28.4573
7112,28.5385
7113,28.5536
7114,28.5831
7115,28.49
7116,28.5455
7117,28.5913
7118,28.4731
7119,28.3807
7120,28.455
7121,28.4967
7122,28.3981
7123,28.3969
7124,28.3526
7125,28.4791
7126,28.5065
7127,28.5021
7128,28.5154
7129,28.5197
7130,28.4595
7131,28.5072
7132,28.4732
7133,28.463
7134,28.4618
7135,28.3506
7136,28.4558
7137,28.3743
7138,28.4615
7139,28.5435
7140,28.5037
7141,28.5503
7142,28.5137
7143,28.6627
7144,28.5186
7145,28.575
7146,28.4046
7147,28.4878
7148,28.4287
7149,28.4066
7150,28.4578
7151,28.3659
7152,28.5162
7153,28.479
7154,28.4476
7155,28.3635
7156,28.4238
7157,28.2076
7158,28.2811
7159,28.3374
7160,28.4359
7161,28.3127
7162,28.3661
7163,28.4815
7164,28.5
7165,28.4276
7166,28.4873
7167,28.6064
7168,28.5419
7169,28.478
7170,28.559
7171,28.4371
7172,28.5241
7173,28.5398
7174,28.5505
7175,28.52
7176,28.4807
7177,28.4728
7178,28.4996
7179,28.4759
7180,28.4259
7181,28.4686
7182,28.4559
7183,28.3686
7184,28.342
7185,28.3213
7186,28.3337
7187,28.4152
7188,28.519
7189,28.4299
7190,28.4214
7191,28.4259
7192,28.4472
7193,28.4403
7194,28.5026
7195,28.4292
7196,28.4138
7197,28.3767
7198,28.5591
7199,28.3898
7200,28.4784
7201,28.5857
7202,28.5827
7203,28.4732
7204,28.4681
7205,28.4699
7206,28.4622
7207,28.3337
7208,28.548
7209,28.5892
7210,28.5947
7211,28.6156
7212,28.7192
7213,28.585
7214,28.5777
7215,28.6382
7216,28.5225
7217,28.6162
7218,28.5887
7219,28.6669
7220,28.5315
7221,28.5858
7222,28.5434
7223,28.4903
7224,28.4774
7225,28.4867
7226,28.3827
7227,28.4054
7228,28.3902
7229,28.4428
7230,28.4484
7231,28.3859
7232,28.4613
7233,28.4063
7234,28.5348
7235,28.509
7236,28.4494
7237,28.4203
7238,28.3627
7239,28.3709
7240,28.3632
7241,28.4104
7242,28.3582
7243,28.445
7244,28.4772
7245,28.4473
7246,28.3983
7247,28.4302
7248,28.4602
7249,28.3584
7250,28.4775
7251,28.4701
7252,28.3878
7253,28.2915
7254,28.4246
7255,28.3926
7256,28.4085
7257,28.409
7258,28.3734
7259,28.3337
7260,28.2196
7261,28.3676
7262,28.3591
7263,28.3526
7264,28.3223
7265,28.3628
7266,28.4419
7267,28.3931
7268,28.4509
7269,28.4824
7270,28.4657
7271,28.4522
7272,28.3356
7273,28.422
7274,28.4474
7275,28.3187
7276,28.2871
7277,28.2546
7278,28.2652
7279,28.3333
7280,28.2742
7281,28.3752
7282,28.3451
7283,28.3164
7284,28.3237
7285,28.287
7286,28.2665
7287,28.2631
7288,28.3515
7289,28.3484
7290,28.3642
7291,28.4436
7292,28.519
7293,28.4484
7294,28.452
7295,28.5562
7296,28.4789
7297,28.5359
7298,28.4737
7299,28.4116
7300,28.4127
7301,28.5096
7302,28.4145
7303,28.4023
7304,28.4372
7305,28.3996
7306,28.4199
7307,28.4707
7308,28.6469
7309,28.4767
7310,28.6267
7311,28.6313
7312,28.5591
7313,28.4994
7314,28.5368
7315,28.5493
7316,28.4936
7317,28.5684
7318,28.3809
7319,28.3653
7320,28.3319
7321,28.3385
7322,28.3934
7323,28.3773
7324,28.4319
7325,28.3693
7326,28.5179
7327,28.5537
7328,28.4262
7329,28.465
7330,28.5276
7331,28.4384
7332,28.405
7333,28.5092
7334,28.4684
7335,28.425
7336,28.345
7337,28.4561
7338,28.5211
7339,28.4991
7340,28.4722
7341,28.4189
7342,28.3364
7343,28.3931
7344,28.3373
7345,28.3514
7346,28.4152
7347,28.4243
7348,28.3172
7349,28.3409
7350,28.3175
7351,28.2919
7352,28.2472
7353,28.271
7354,28.4535
7355,28.338
7356,28.276
7357,28.3893
7358,28.4024
7359,28.5141
7360,28.4383
7361,28.4118
7362,28.502
7363,28.4717
7364,28.4117
7365,28.4009
7366,28.4085
7367,28.5171
7368,28.5362
7369,28.4678
7370,28.4889
7371,28.4436
7372,28.4165
7373,28.4454
7374,28.3688
7375,28.3905
7376,28.4544
7377,28.5649
7378,28.4723
7379,28.5235
7380,28.502
7381,28.5071
7382,28.589
7383,28.4808
7384,28.5303
7385,28.4174
7386,28.4991
7387,28.5297
7388,28.5223
7389,28.3754
7390,28.5107
7391,28.5289
7392,28.5851
7393,28.5471
7394,28.5471
7395,28.5025
7396,28.5785
7397,28.5254
7398,28.4767
7399,28.5454
7400,28.55
7401,28.5696
7402,28.5622
7403,28.5098
7404,28.5303
7405,28.6661
7406,28.5252
7407,28.4326
7408,28.3555
7409,28.3393
7410,28.4664
7411,28.3765
7412,28.5307
7413,28.393
7414,28.4688
7415,28.471
7416,28.3881
7417,28.4003
7418,28.5742
7419,28.5031
7420,28.5144
7421,28.569
7422,28.5324
7423,28.5094
7424,28.5363
7425,28.6348
7426,28.6175
7427,28.5774
7428,28.6537
7429,28.6841
7430,28.5996
7431,28.4333
7432,28.3829
7433,28.478
7434,28.5424
7435,28.5847
7436,28.6203
7437,28.5012
7438,28.6337
7439,28.6552
7440,28.4909
7441,28.5521
7442,28.5592
7443,28.424
7444,28.4947
7445,28.6032
7446,28.5845
7447,28.4499
7448,28.5861
7449,28.5018
7450,28.5767
7451,28.6838
7452,28.5875
7453,28.4948
7454,28.5314
7455,28.5618
7456,28.4727
7457,28.5031
7458,28.4063
7459,28.4482
7460,28.4553
7461,28.365
7462,28.3588
7463,28.3849
7464,28.4758
7465,28.3906
7466,28.4007
7467,28.4712
7468,28.4014
7469,28.4032
7470,28.4526
7471,28.3978
7472,28.3757
7473,28.4847
7474,28.3173
7475,28.4495
7476,28.3467
7477,28.3748
7478,28.3018
7479,28.2611
7480,28.2298
7481,28.2651
7482,28.3808
7483,28.2853
7484,28.437
7485,28.4981
7486,28.4384
7487,28.4063
7488,28.4183
7489,28.4652
7490,28.3822
7491,28.3819
7492,28.3506
7493,28.439
7494,28.4412
7495,28.3916
7496,28.4015
7497,28.3892
7498,28.4904
7499,28.4192
7500,28.5968
7501,28.4864
7502,28.474
7503,28.5002
7504,28.5326
7505,28.5057
7506,28.4041
7507,28.4581
7508,28.3588
7509,28.5561
7510,28.4572
7511,28.4352
7512,28.5119
7513,28.4895
7514,28.5754
7515,28.5141
7516,28.5162
7517,28.5227
7518,28.5156
7519,28.4946
7520,28.5964
7521,28.6448
7522,28.5797
7523,28.6569
7524,28.6319
7525,28.5979
7526,28.5897
7527,28.6403
7528,28.6487
7529,28.6979
7530,28.6944
7531,28.5984
7532,28.6663
7533,28.6549
7534,28.5696
7535,28.5154
7536,28.5302
7537,28.5679
7538,28.4941
7539,28.6112
7540,28.5509
7541,28.5895
7542,28.5296
7543,28.5117
7544,28.4896
7545,28.5952
7546,28.4303
7547,28.4833
7548,28.5545
7549,28.5636
7550,28.58
7551,28.6001
7552,28.5926
7553,28.4702
7554,28.4386
7555,28.4716
7556,28.4716
7557,28.6357
7558,28.5094
7559,28.5709
7560,28.5837
7561,28.5896
7562,28.5363
7563,28.5569
7564,28.7025
7565,28.6793
7566,28.5683
7567,28.6479
7568,28.4515
7569,28.7037
7570,28.6217
7571,28.8094
7572,28.6241
7573,28.5574
7574,28.5808
7575,28.6064
7576,28.605
7577,28.5956
7578,28.5494
7579,28.6414
7580,28.6594
7581,28.5839
7582,28.6341
7583,28.5509
7584,28.5668
7585,28.6361
7586,28.7505
7587,28.6401
7588,28.5627
7589,28.5209
7590,28.5658
7591,28.4735
7592,28.3882
7593,28.4909
7594,28.456
7595,28.4613
7596,28.451
7597,28.3314
7598,28.2809
7599,28.3802
7600,28.3754
7601,28.3702
7602,28.3644
7603,28.47
7604,28.4469
7605,28.5152
7606,28.5355
7607,28.4394
7608,28.4779
7609,28.5293
7610,28.4259
7611,28.5318
7612,28.472
7613,28.2895
7614,28.3351
7615,28.383
7616,28.4211
7617,28.4318
7618,28.5102
7619,28.4868
7620,28.582
7621,28.4197
7622,28.4239
7623,28.4614
7624,28.462
7625,28.4302
7626,28.4964
7627,28.4974
7628,28.47
7629,28.4555
7630,28.4851
7631,28.3432
7632,28.4047
7633,28.4157
7634,28.3854
7635,28.4172
7636,28.3255
7637,28.3326
7638,28.3647
7639,28.396
7640,28.3707
7641,28.3913
7642,28.3337
7643,28.4024
7644,28.5078
7645,28.3913
7646,28.4234
7647,28.3158
7648,28.4366
7649,28.4288
7650,28.2998
7651,28.3338
7652,28.2435
7653,28.4043
7654,28.4661
7655,28.5084
7656,28.418
7657,28.4901
7658,28.4293
7659,28.4552
7660,28.5389
7661,28.4288
7662,28.4844
7663,28.5847
7664,28.6267
7665,28.6109
7666,28.5357
7667,28.4851
7668,28.5386
7669,28.5955
7670,28.5126
7671,28.527
7672,28.4443
7673,28.627
7674,28.5543
7675,28.4676
7676,28.5294
7677,28.4564
7678,28.5812
7679,28.5338
7680,28.4901
7681,28.7405
7682,28.6608
7683,28.6228
7684,28.5568
7685,28.588
7686,28.4559
7687,28.571
7688,28.6582
7689,28.5572
7690,28.4482
7691,28.5807
7692,28.5435
7693,28.504
7694,28.4191
7695,28.4467
7696,28.4785
7697,28.5588
7698,28.5055
7699,28.5405
7700,28.5205
7701,28.5739
7702,28.4649
7703,28.5168
7704,28.5677
7705,28.5765
7706,28.5048
7707,28.4836
7708,28.5041
7709,28.5031
7710,28.4543
7711,28.5176
7712,28.5124
7713,28.5423
7714,28.4575
7715,28.6051
7716,28.6661
7717,28.6077
7718,28.7552
7719,28.6429
7720,28.6082
7721,28.6708
7722,28.591
7723,28.5975
7724,28.5921
7725,28.444
7726,28.4842
7727,28.5356
7728,28.4706
7729,28.5787
7730,28.4907
7731,28.5077
7732,28.5576
7733,28.5446
7734,28.5851
7735,28.6906
7736,28.5446
7737,28.3636
7738,28.4241
7739,28.4242
7740,28.4681
7741,28.4971
7742,28.4088
7743,28.4213
7744,28.4092
7745,28.3147
7746,28.2325
7747,28.2672
7748,28.4724
7749,28.392
7750,28.3963
7751,28.5303
7752,28.5095
7753,28.5737
7754,28.4778
7755,28.5306
7756,28.6594
7757,28.5734
7758,28.5953
7759,28.5391
7760,28.3936
7761,28.4933
7762,28.578
7763,28.4484
7764,28.4736
7765,28.558
7766,28.4305
7767,28.5645
7768,28.5467
7769,28.5047
7770,28.5557
7771,28.447
7772,28.507
7773,28.4615
7774,28.4198
7775,28.5385
7776,28.4251
7777,28.5272
7778,28.5226
7779,28.4164
7780,28.3862
7781,28.3836
7782,28.4057
7783,28.3707
7784,28.4921
7785,28.4319
7786,28.4277
7787,28.3683
7788,28.3869
7789,28.4915
7790,28.5221
7791,28.4557
7792,28.3681
7793,28.4582
7794,28.4849
7795,28.6605
7796,28.5148
7797,28.5141
7798,28.531
7799,28.5615
7800,28.5654
7801,28.4625
7802,28.3537
7803,28.3825
7804,28.3223
7805,28.3328
7806,28.4523
7807,28.4671
7808,28.4395
7809,28.3473
7810,28.3392
7811,28.2777
7812,28.3714
7813,28.2991
7814,28.3569
7815,28.4096
7816,28.4232
7817,28.4397
7818,28.4605
7819,28.3541
7820,28.3018
7821,28.3938
7822,28.3412
7823,28.5031
7824,28.4249
7825,28.4787
7826,28.4442
7827,28.3832
7828,28.2684
7829,28.2506
7830,28.2568
7831,28.3814
7832,28.3306
7833,28.3806
7834,28.4007
7835,28.4638
7836,28.6017
7837,28.5416
7838,28.4984
7839,28.3474
7840,28.3584
7841,28.3733
7842,28.275
7843,28.2481
7844,28.2442
7845,28.3363
7846,28.3469
7847,28.3815
7848,28.3431
7849,28.3157
7850,28.29
7851,28.3262
7852,28.4461
7853,28.4186
7854,28.4175
7855,28.4414
7856,28.4219
7857,28.4496
7858,28.4365
7859,28.423
7860,28.3643
7861,28.2728
7862,28.3279
7863,28.4254
7864,28.334
7865,28.3184
7866,28.395
7867,28.3634
7868,28.3307
7869,28.3171
7870,28.464
7871,28.4013
7872,28.3989
7873,28.4525
7874,28.3738
7875,28.4565
7876,28.4099
7877,28.4346
7878,28.3572
7879,28.315
7880,28.2784
7881,28.3177
7882,28.3178
7883,28.37
7884,28.4133
7885,28.3422
7886,28.3299
7887,28.319
7888,28.2676
7889,28.2713
7890,28.3124
7891,28.2
7892,28.3887
7893,28.4441
7894,28.4015
7895,28.3683
7896,28.3758
7897,28.3534
7898,28.3621
7899,28.4087
7900,28.4011
7901,28.3682
7902,28.3719
7903,28.311
7904,28.3523
7905,28.3281
7906,28.3865
7907,28.3917
7908,28.4256
7909,28.4925
7910,28.3316
7911,28.3847
7912,28.4301
7913,28.3466
7914,28.5468
7915,28.4471
7916,28.3928
7917,28.4897
7918,28.3995
7919,28.3931
7920,28.372
7921,28.4819
7922,28.3812
7923,28.4417
7924,28.3938
7925,28.3654
7926,28.3232
7927,28.3102
7928,28.3431
7929,28.4147
7930,28.3918
7931,28.3322
7932,28.3367
7933,28.3803
7934,28.3277
7935,28.3155
7936,28.4354
7937,28.4907
7938,28.4213
7939,28.4451
7940,28.4068
7941,28.3489
7942,28.6046
7943,28.6656
7944,28.6675
7945,28.5733
7946,28.4916
7947,28.5143
7948,28.582
7949,28.4863
7950,28.4763
7951,28.4991
7952,28.5983
7953,28.5996
7954,28.439
7955,28.601
7956,28.5633
7957,28.5042
7958,28.5209
7959,28.5511
7960,28.5578
7961,28.5353
7962,28.4019
7963,28.5104
7964,28.526
7965,28.5026
7966,28.4285
7967,28.3474
7968,28.4226
7969,28.512
7970,28.585
7971,28.5877
7972,28.6576
7973,28.5713
7974,28.5447
7975,28.4401
7976,28.3444
7977,28.4348
7978,28.4131
7979,28.3967
7980,28.3272
7981,28.4277
7982,28.3928
7983,28.4274
7984,28.3694
7985,28.4619
7986,28.5063
7987,28.4743
7988,28.4618
7989,28.525
7990,28.5329
7991,28.5646
7992,28.5459
7993,28.4505
7994,28.5167
7995,28.4736
7996,28.5033
7997,28.5636
7998,28.4722
7999,28.357
8000,28.3906
8001,28.4788
8002,28.4744
8003,28.5454
8004,28.4429
8005,28.5474
8006,28.4396
8007,28.3688
8008,28.4537
8009,28.4177
8010,28.4422
8011,28.4262
8012,28.5238
8013,28.4702
8014,28.4043
8015,28.442
8016,28.4926
8017,28.6011
8018,28.4972
8019,28.3916
8020,28.3687
8021,28.4138
8022,28.3679
8023,28.5113
8024,28.5077
8025,28.5678
8026,28.5549
8027,28.4629
8028,28.5323
8029,28.486
8030,28.5474
8031,28.4977
8032,28.4666
8033,28.5288
8034,28.53
8035,28.448
8036,28.5117
8037,28.5508
8038,28.466
8039,28.5078
8040,28.4933
8041,28.5051
8042,28.5658
8043,28.5855
8044,28.5688
8045,28.5674
8046,28.5006
8047,28.5228
8048,28.5305
8049,28.5408
8050,28.5185
8051,28.4919
8052,28.5668
8053,28.4042
8054,28.4448
8055,28.4701
8056,28.397
8057,28.4422
8058,28.393
8059,28.3679
8060,28.3732
8061,28.4824
8062,28.5589
8063,28.5252
8064,28.3483
8065,28.4035
8066,28.2965
8067,28.3983
8068,28.3882
8069,28.3523
8070,28.3329
8071,28.3654
8072,28.3373
8073,28.3659
8074,28.3824
8075,28.3288
8076,28.4335
8077,28.3599
8078,28.3314
8079,28.4081
8080,28.3695
8081,28.461
8082,28.5502
8083,28.4243
8084,28.4276
8085,28.4001
8086,28.484
8087,28.5749
8088,28.5602
8089,28.4446
8090,28.4326
8091,28.382
8092,28.4448
8093,28.3784
8094,28.366
8095,28.3511
8096,28.4086
8097,28.4977
8098,28.5024
8099,28.4715
8100,28.3981
8101,28.3959
8102,28.5182
8103,28.3733
8104,28.4222
8105,28.4468
8106,28.4517
8107,28.4083
8108,28.4209
8109,28.3889
8110,28.3639
8111,28.4711
8112,28.4716
8113,28.4511
8114,28.4313
8115,28.3886
8116,28.2895
8117,28.3677
8118,28.4293
8119,28.4537
8120,28.5592
8121,28.6109
8122,28.4973
8123,28.5389
8124,28.4758
8125,28.3041
8126,28.3414
8127,28.3519
8128,28.2959
8129,28.4184
8130,28.3739
8131,28.6096
8132,28.4665
8133,28.4462
8134,28.4893
8135,28.4272
8136,28.5186
8137,28.588
8138,28.5391
8139,28.5986
8140,28.574
8141,28.6386
8142,28.5954
8143,28.538
8144,28.4426
8145,28.5899
8146,28.5482
8147,28.4315
8148,28.5301
8149,28.4717
8150,28.4589
8151,28.397
8152,28.4422
8153,28.6346
8154,28.5257
8155,28.5545
8156,28.5103
8157,28.3839
8158,28.5623
8159,28.6346
8160,28.6438
8161,28.5137
8162,28.3964
8163,28.4974
8164,28.5491
8165,28.4566
8166,28.4996
8167,28.4969
8168,28.5382
8169,28.6264
8170,28.6282
8171,28.6342
8172,28.6537
8173,28.5932
8174,28.6976
8175,28.7656
8176,28.6526
8177,28.457
8178,28.4565
8179,28.5416
8180,28.4708
8181,28.4026
8182,28.2844
8183,28.3853
8184,28.434
8185,28.4268
8186,28.5135
8187,28.4226
8188,28.3733
8189,28.4107
8190,28.3068
8191,28.3347
8192,28.3914
8193,28.3919
8194,28.328
8195,28.3799
8196,28.3314
8197,28.2902
8198,28.3503
8199,28.4023
8200,28.2752
8201,28.4015
8202,28.2888
8203,28.2408
8204,28.3256
8205,28.2633
8206,28.3153
8207,28.3368
8208,28.4303
8209,28.4581
8210,28.2974
8211,28.3994
8212,28.4203
8213,28.4539
8214,28.4275
8215,28.3387
8216,28.3776
8217,28.4162
8218,28.3879
8219,28.4138
8220,28.1976
8221,28.1167
8222,28.2
8223,28.2213
8224,28.1755
8225,28.1905
8226,28.3465
8227,28.2485
8228,28.251
8229,28.1944
8230,28.2419
8231,28.3032
8232,28.1935
8233,28.246
8234,28.2562
8235,28.3566
8236,28.3251
8237,28.3022
8238,28.2694
8239,28.3763
8240,28.4333
8241,28.3797
8242,28.4327
8243,28.3968
8244,28.4253
8245,28.3914
8246,28.4339
8247,28.2934
8248,28.3566
8249,28.3571
8250,28.3003
8251,28.3446
8252,28.3378
8253,28.369
8254,28.317
8255,28.3807
8256,28.3032
8257,28.333
8258,28.292
8259,28.343
8260,28.3407
8261,28.3266
8262,28.3319
8263,28.3693
8264,28.3533
8265,28.3387
8266,28.3995
8267,28.3718
8268,28.3251
8269,28.3671
8270,28.3295
8271,28.3627
8272,28.3051
8273,28.4231
8274,28.3637
8275,28.3231
8276,28.2238
8277,28.2495
8278,28.3707
8279,28.2623
8280,28.2187
8281,28.2836
8282,28.3386
8283,28.3807
8284,28.2277
8285,28.2616
8286,28.2939
8287,28.2896
8288,28.3754
8289,28.2198
8290,28.3361
8291,28.3537
8292,28.396
8293,28.4364
8294,28.329
8295,28.3386
8296,28.3577
8297,28.3213
8298,28.3864
8299,28.2769
8300,28.273
8301,28.3239
8302,28.3529
8303,28.2979
8304,28.3611
8305,28.3731
8306,28.402
8307,28.3879
8308,28.506
8309,28.5099
8310,28.5007
8311,28.5544
8312,28.5411
8313,28.5424
8314,28.458
8315,28.4946
8316,28.4047
8317,28.4644
8318,28.4244
8319,28.5073
8320,28.3645
8321,28.464
8322,28.4982
8323,28.4982
8324,28.5232
8325,28.4833
8326,28.4351
8327,28.4962
8328,28.4559
8329,28.3395
8330,28.4228
8331,28.3896
8332,28.3444
8333,28.3515
8334,28.3932
8335,28.2747
8336,28.2599
8337,28.3317
8338,28.3206
8339,28.3264
8340,28.4077
8341,28.3943
8342,28.4156
8343,28.3986
8344,28.3564
8345,28.464
8346,28.4069
8347,28.4397
8348,28.4513
8349,28.5492
8350,28.4307
8351,28.312
8352,28.3969
8353,28.4264
8354,28.474
8355,28.4049
8356,28.4057
8357,28.3964
8358,28.5365
8359,28.5342
8360,28.3871
8361,28.4234
8362,28.4203
8363,28.385
8364,28.3662
8365,28.3389
8366,28.3618
8367,28.3985
8368,28.3601
8369,28.5236
8370,28.4508
8371,28.3513
8372,28.3625
8373,28.3485
8374,28.4572
8375,28.524
8376,28.4742
8377,28.4222
8378,28.5012
8379,28.5036
8380,28.4249
8381,28.433
8382,28.445
8383,28.4911
8384,28.5344
8385,28.4347
8386,28.4962
8387,28.5202
8388,28.5326
8389,28.5158
8390,28.5376
8391,28.575
8392,28.5297
8393,28.5382
8394,28.5176
8395,28.5003
8396,28.5605
8397,28.3845
8398,28.3242
8399,28.3861
8400,28.3844
8401,28.3009
8402,28.425
8403,28.4162
8404,28.4267
8405,28.3996
8406,28.2874
8407,28.2093
8408,28.3438
8409,28.369
8410,28.4756
8411,28.3399
8412,28.338
8413,28.323
8414,28.4081
8415,28.3682
8416,28.2767
8417,28.3383
8418,28.3858
8419,28.5025
8420,28.4074
8421,28.4371
8422,28.4127
8423,28.4671
8424,28.3729
8425,28.3739
8426,28.3902
8427,28.3204
8428,28.2878
8429,28.2375
8430,28.2863
8431,28.3074
8432,28.3168
8433,28.5051
8434,28.4578
8435,28.5539
8436,28.4359
8437,28.3425
8438,28.3532
8439,28.4141
8440,28.4263
8441,28.5083
8442,28.3926
8443,28.3759
8444,28.3755
8445,28.2323
8446,28.4088
8447,28.3579
8448,28.308
8449,28.2495
8450,28.2622
8451,28.291
8452,28.3032
8453,28.3394
8454,28.3289
8455,28.2583
8456,28.2177
8457,28.1192
8458,28.1252
8459,28.3206
8460,28.2583
8461,28.3299
8462,28.1873
8463,28.1668
8464,28.0983
8465,28.141
8466,28.2872
8467,28.2899
8468,28.3164
8469,28.3257
8470,28.3542
8471,28.2778
8472,28.3391
8473,28.3745
8474,28.3152
8475,28.2019
8476,28.3123
8477,28.238
8478,28.1412
8479,28.2913
8480,28.2449
8481,28.3102
8482,28.2687
8483,28.3247
8484,28.5026
8485,28.4528
8486,28.5183
8487,28.4121
8488,28.2955
8489,28.4092
8490,28.3617
8491,28.305
8492,28.2674
8493,28.253
8494,28.3461
8495,28.3895
8496,28.3938
8497,28.2476
8498,28.4615
8499,28.3341
8500,28.2728
8501,28.2685
8502,28.3427
8503,28.3229
8504,28.1845
8505,28.1908
8506,28.2185
8507,28.2556
8508,28.3103
8509,28.2819
8510,28.3723
8511,28.2667
8512,28.3499
8513,28.476
8514,28.4241
8515,28.4643
8516,28.3674
8517,28.4705
8518,28.4528
8519,28.4579
8520,28.3927
8521,28.4746
8522,28.5517
8523,28.5418
8524,28.5697
8525,28.5669
8526,28.5284
8527,28.5416
8528,28.4842
8529,28.5381
8530,28.488
8531,28.5662
8532,28.6183
8533,28.4744
8534,28.5588
8535,28.5811
8536,28.5464
8537,28.3489
8538,28.3164
8539,28.2247
8540,28.3953
8541,28.2328
8542,28.2889
8543,28.4033
8544,28.2787
8545,28.3232
8546,28.3447
8547,28.3952
8548,28.325
8549,28.3651
8550,28.3282
8551,28.3938
8552,28.3873
8553,28.3536
8554,28.3047
8555,28.3806
8556,28.3276
8557,28.4183
8558,28.3998
8559,28.4783
8560,28.3925
8561,28.4141
8562,28.24
8563,28.3592
8564,28.495
8565,28.4992
8566,28.5554
8567,28.46
8568,28.5301
8569,28.5563
8570,28.5206
8571,28.4439
8572,28.5275
8573,28.4452
8574,28.5371
8575,28.5878
8576,28.5325
8577,28.4853
8578,28.4987
8579,28.4309
8580,28.5218
8581,28.485
8582,28.5288
8583,28.4649
8584,28.441
8585,28.371
8586,28.4233
8587,28.3461
8588,28.4971
8589,28.4195
8590,28.4209
8591,28.3581
8592,28.3735
8593,28.5184
8594,28.4729
8595,28.4855
8596,28.5463
8597,28.5789
8598,28.5761
8599,28.5646
8600,28.6035
8601,28.583
8602,28.5995
8603,28.6582
8604,28.5767
8605,28.5107
8606,28.4053
8607,28.5501
8608,28.5742
8609,28.6208
8610,28.693
8611,28.5107
8612,28.5842
8613,28.5586
8614,28.475
8615,28.515
8616,28.442
8617,28.3965
8618,28.4891
8619,28.3861
8620,28.2719
8621,28.2906
8622,28.3004
8623,28.4143
8624,28.4678
8625,28.2758
8626,28.4815
8627,28.55
8628,28.4056
8629,28.4274
8630,28.4318
8631,28.3536
8632,28.3137
8633,28.2107
8634,28.3584
8635,28.338
8636,28.385
8637,28.3758
8638,28.4092
8639,28.2247
8640,28.3225
8641,28.2508
8642,28.1128
8643,28.1771
8644,28.2666
8645,28.1394
8646,28.2126
8647,28.2071
8648,28.0293
8649,28.0939
8650,28.1901
8651,28.2432
8652,28.1743
8653,28.2693
8654,28.3283
8655,28.234
8656,28.1981
8657,28.204
8658,28.1842
8659,28.1738
8660,28.2349
8661,28.2253
8662,28.3056
8663,28.2058
8664,28.2584
8665,28.1089
8666,28.0798
8667,28.1004
8668,28.1851
8669,28.2608
8670,28.1835
8671,28.1048
8672,28.0928
8673,28.2278
8674,28.2856
8675,28.1808
8676,28.1028
8677,28.1584
8678,28.0488
8679,28.0991
8680,28.1168
8681,28.1924
8682,28.231
8683,28.2776
8684,28.2821
8685,28.1917
8686,28.3151
8687,28.312
8688,28.3586
8689,28.324
8690,28.3388
8691,28.2957
8692,28.2361
8693,28.2649
8694,28.1571
8695,28.1878
8696,28.2495
8697,28.2978
8698,28.2462
8699,28.1538
8700,28.2095
8701,28.2075
8702,28.2937
8703,28.2
8704,28.2767
8705,28.344
8706,28.3343
8707,28.3154
8708,28.4127
8709,28.348
8710,28.1994
8711,28.2829
8712,28.2436
8713,28.1696
8714,28.1665
8715,28.2131
8716,28.2948
8717,28.2834
8718,28.242
8719,28.2956
8720,28.165
8721,28.2631
8722,28.2365
8723,28.2016
8724,28.1462
8725,28.1887
8726,28.2351
8727,28.0758
8728,28.0756
8729,28.1693
8730,28.192
8731,28.1575
8732,28.1984
8733,28.2067
8734,28.1719
8735,28.223
8736,28.1553
8737,28.15
8738,28.1459
8739,28.2421
8740,28.1576
8741,28.2328
8742,28.2387
8743,28.2081
8744,28.3363
8745,28.168
8746,28.218
8747,28.2306
8748,28.1986
8749,28.1791
8750,28.2056
8751,28.2966
8752,28.252
8753,28.2862
8754,28.3191
8755,28.2236
8756,28.1795
8757,28.2587
8758,28.2639
8759,28.3445
8760,28.3466
8761,28.4787
8762,28.43
8763,28.3185
8764,28.4998
8765,28.5405
8766,28.3987
8767,28.4624
8768,28.5019
8769,28.3595
8770,28.3553
8771,28.3168
8772,28.4212
8773,28.3207
8774,28.2676
8775,28.3162
8776,28.3269
8777,28.3762
8778,28.3894
8779,28.5628
8780,28.5085
8781,28.3624
8782,28.3599
8783,28.2981
8784,28.3953
8785,28.3643
8786,28.3925
8787,28.37
8788,28.3626
8789,28.3614
8790,28.3444
8791,28.578
8792,28.5207
8793,28.4488
8794,28.4517
8795,28.4374
8796,28.4351
8797,28.2308
8798,28.266
8799,28.1221
8800,28.1534
8801,28.1593
8802,28.127
8803,28.1987
8804,28.2125
8805,28.2522
8806,28.3384
8807,28.2704
8808,28.2831
8809,28.2685
8810,28.2845
8811,28.2841
8812,28.3857
8813,28.2848
8814,28.3751
8815,28.3321
8816,28.2953
8817,28.3764
8818,28.3573
8819,28.4388
8820,28.3649
8821,28.3331
8822,28.4595
8823,28.4297
8824,28.3784
8825,28.5111
8826,28.4584
8827,28.4481
8828,28.4269
8829,28.4379
8830,28.3452
8831,28.414
8832,28.2416
8833,28.2819
8834,28.3551
8835,28.2999
8836,28.3344
8837,28.3255
8838,28.2174
8839,28.1563
8840,28.3432
8841,28.1974
8842,28.2245
8843,28.2764
8844,28.2186
8845,28.2684
8846,28.2562
8847,28.1971
8848,28.1827
8849,28.1271
8850,28.0811
8851,28.1429
8852,28.0681
8853,28.0286
8854,28.1443
8855,28.0127
8856,28.0903
8857,28.1609
8858,28.0745
8859,27.9996
8860,28.0196
8861,28.0983
8862,28.0125
8863,28.0824
8864,28.051
8865,28.0308
8866,28.0672
8867,27.9462
8868,28.0636
8869,28.1372
8870,28.0461
8871,28.088
8872,28.0517
8873,28.2263
8874,28.1241
8875,28.1896
8876,28.0931
8877,28.1498
8878,28.0413
8879,28.1459
8880,28.0763
8881,28.1719
8882,28.0232
8883,28.0157
8884,28.035
8885,28.1462
8886,28.0763
8887,28.1318
8888,28.0136
8889,28.0039
8890,28.0192
8891,28.027
8892,28.1105
8893,28.1026
8894,28.0675
8895,28.1189
8896,28.1182
8897,28.1246
8898,27.9936
8899,28.006
8900,28.1023
8901,28.1517
8902,28.111
8903,28.1727
8904,28.1044
8905,28.0911
8906,27.9982
8907,28.1249
8908,28.0711
8909,28.0201
8910,27.9709
8911,28.0117
8912,27.9867
8913,28.0615
8914,28.1147
8915,28.0864
8916,28.1707
8917,28.1761
8918,28.1713
8919,28.0986
8920,28.1777
8921,28.1606
8922,28.2343
8923,28.1584
8924,28.0907
8925,28.0872
8926,28.1193
8927,28.0604
8928,28.09
8929,28.0869
8930,27.9782
8931,28.0232
8932,28.1111
8933,28.0511
8934,28.0679
8935,28.1467
8936,28.1093
8937,28.1043
8938,28.1383
8939,28.2027
8940,28.1637
8941,28.0914
8942,28.1117
8943,28.2018
8944,28.1794
8945,28.0924
8946,28.0855
8947,28.2902
8948,28.2479
8949,28.1925
8950,28.2131
8951,28.1693
8952,28.168
8953,28.205
8954,28.1832
8955,28.116
8956,28.136
8957,28.1868
8958,28.2577
8959,28.2126
8960,28.2453
8961,28.1682
8962,28.1961
8963,28.2028
8964,28.2591
8965,28.1777
8966,28.0825
8967,28.1292
8968,28.0644
8969,28.1913
8970,28.1758
8971,28.1156
8972,28.1406
8973,28.1381
8974,28.1587
8975,28.2375
8976,28.1902
8977,28.1158
8978,28.1312
8979,28.1817
8980,28.3485
8981,28.1776
8982,28.1334
8983,28.1292
8984,28.1169
8985,28.0504
8986,27.9529
8987,28.0317
8988,27.9877
8989,27.9952
8990,28.0983
8991,28.1994
8992,28.1862
8993,28.091
8994,28.2172
8995,28.1754
8996,28.2337
8997,28.2092
8998,28.223
8999,28.0648
9000,28.1023
9001,28.2087
9002,28.0677
9003,28.1465
9004,28.1176
9005,28.1348
9006,28.2102
9007,28.2768
9008,28.2599
9009,28.2076
9010,28.1904
9011,28.2615
9012,28.2424
9013,28.1727
9014,28.0573
9015,28.1965
9016,28.0439
9017,28.1715
9018,28.269
9019,28.226
9020,28.2171
9021,28.2077
9022,28.2262
9023,28.2373
9024,28.0941
9025,28.0692
9026,28.0949
9027,28.0754
9028,28.1098
9029,28.0975
9030,28.0858
9031,28.0918
9032,28.2161
9033,28.1485
9034,28.0572
9035,28.1259
9036,27.9537
9037,27.978
9038,27.9595
9039,27.9959
9040,27.9522
9041,27.9893
9042,27.9124
9043,27.9308
9044,27.9466
9045,28.0772
9046,28.074
9047,28.0609
9048,27.9926
9049,28.0652
9050,28.064
9051,28.0324
9052,28.1074
9053,28.0131
9054,27.9795
9055,28.0955
9056,27.9471
9057,27.996
9058,28.0475
9059,27.9251
9060,28.0589
9061,28.0476
9062,28.0598
9063,28.1098
9064,28.0506
9065,28.0666
9066,27.995
9067,28.1483
9068,28.0272
9069,28.0982
9070,28.1441
9071,28.0801
9072,28.0392
9073,28.0867
9074,28.1396
9075,28.0913
9076,28.2507
9077,28.1181
9078,28.1388
9079,28.0617
9080,28.0207
9081,28.1135
9082,28.0798
9083,27.9839
9084,28.0085
9085,27.9778
9086,28.0773
9087,28.0701
9088,27.9086
9089,28.0856
9090,28.0171
9091,28.0847
9092,28.1083
9093,28.0122
9094,28.1379
9095,28.0785
9096,27.9576
9097,27.9288
9098,27.9128
9099,27.9365
9100,28.0224
9101,28.0627
9102,28.0785
9103,28.0516
9104,28.0779
9105,28.1118
9106,28.2244
9107,28.1515
9108,28.2379
9109,28.1572
9110,28.0616
9111,28.1585
9112,28.1866
9113,28.2078
9114,28.1422
9115,27.9992
9116,27.9516
9117,28.0743
9118,28.1715
9119,28.22
9120,28.0971
9121,28.1834
9122,28.1445
9123,28.1125
9124,28.063
9125,28.1369
9126,28.0969
9127,28.1063
9128,28.2767
9129,28.0868
9130,28.1761
9131,28.1841
9132,28.119
9133,28.0687
9134,28.1648
9135,28.1905
9136,28.1265
9137,28.1422
9138,28.1554
9139,28.1928
9140,28.195
9141,28.1472
9142,28.1971
9143,28.1905
9144,28.2379
9145,28.36
9146,28.2924
9147,28.2436
9148,28.2866
9149,28.2051
9150,28.2328
9151,28.1946
9152,28.1437
9153,28.1178
9154,28.0411
9155,28.1662
9156,28.1487
9157,28.1732
9158,28.1259
9159,28.2124
9160,28.15
9161,28.0971
9162,28.0868
9163,28.043
9164,28.1409
9165,28.0545
9166,28.1372
9167,28.1815
9168,28.2138
9169,28.1092
9170,28.1595
9171,28.1403
9172,28.1256
9173,28.0777
9174,28.0358
9175,28.031
9176,28.1025
9177,28.0528
9178,28.1324
9179,27.9542
9180,28.0458
9181,28.0595
9182,28.0508
9183,27.9095
9184,28.0583
9185,28.0445
9186,27.9873
9187,28.1373
9188,28.2023
9189,28.125
9190,28.0971
9191,28.0683
9192,28.1118
9193,28.1826
9194,28.2747
9195,28.1999
9196,28.1387
9197,28.0953
9198,28.2084
9199,28.2188
9200,28.0428
9201,28.1916
9202,28.1898
9203,28.2188
9204,28.2304
9205,28.2015
9206,28.1726
9207,28.0913
9208,28.1173
9209,28.2269
9210,28.2775
9211,28.2579
9212,28.2585
9213,28.197
9214,28.198
9215,28.1138
9216,28.0819
9217,28.1912
9218,28.135
9219,28.1491
9220,28.107
9221,28.1337
9222,28.1753
9223,28.149
9224,28.0708
9225,28.1135
9226,28.2131
9227,28.2007
9228,28.1636
9229,28.0425
9230,28.1126
9231,28.0991
9232,28.0928
9233,28.0895
9234,28.1802
9235,28.1596
9236,28.1355
9237,28.1647
9238,28.1057
9239,28.2493
9240,28.2536
9241,28.2735
9242,28.2459
9243,28.2521
9244,28.1645
9245,28.1453
9246,28.0483
9247,28.2154
9248,28.1565
9249,28.1972
9250,28.0828
9251,28.1652
9252,28.1186
9253,28.0956
9254,28.1518
9255,28.0344
9256,28.0811
9257,28.2009
9258,28.2498
9259,28.1648
9260,28.0412
9261,28.234
9262,28.2502
9263,28.2027
9264,28.169
9265,28.1781
9266,28.1627
9267,28.188
9268,28.1479
9269,28.0978
9270,28.0442
9271,28.0478
9272,28.0391
9273,28.1375
9274,28.098
9275,28.0739
9276,28.1191
9277,28.1299
9278,28.1443
9279,28.1817
9280,28.2054
9281,28.155
9282,28.1154
9283,28.2381
9284,28.2528
9285,28.2111
9286,28.2729
9287,28.1848
9288,28.0996
9289,28.1278
9290,28.0706
9291,28.1432
9292,28.1987
9293,28.2614
9294,28.1418
9295,28.1552
9296,28.0946
9297,28.0306
9298,27.9705
9299,28.0317
9300,28.0896
9301,28.1229
9302,28.0129
9303,28.0831
9304,28.0318
9305,28.127
9306,28.0964
9307,28.1055
9308,28.1233
9309,28.0884
9310,28.1561
9311,28.0145
9312,28.1908
9313,28.1079
9314,28.0397
9315,28.0504
9316,28.0236
9317,28.0229
9318,28.033
9319,28.0159
9320,28.1236
9321,28.0361
9322,28.1187
9323,28.0917
9324,28.2391
9325,28.1389
9326,28.0989
9327,28.2017
9328,28.0724
9329,28.0613
9330,28.0732
9331,27.9722
9332,27.9404
9333,27.8664
9334,27.8854
9335,27.9398
9336,27.932
9337,27.8239
9338,27.8986
9339,27.8454
9340,27.8643
9341,27.9008
9342,27.9353
9343,27.8869
9344,27.9146
9345,27.8968
9346,27.8691
9347,27.9421
9348,27.9563
9349,28.1521
9350,28.1357
9351,27.9843
9352,28.0178
9353,28.0256
9354,28.0479
9355,28.0708
9356,28.0628
9357,27.9691
9358,27.937
9359,27.9311
9360,28.009
9361,27.9214
9362,28.0384
9363,28.0979
9364,28.0623
9365,28.0112
9366,27.9773
9367,27.9415
9368,27.9458
9369,27.9626
9370,27.9223
9371,27.8057
9372,27.8476
9373,27.9067
9374,27.933
9375,28.0107
9376,28.0406
9377,28.0139
9378,27.9547
9379,27.9799
9380,27.8917
9381,28.0098
9382,28.046
9383,28.0362
9384,27.9238
9385,27.8794
9386,27.9509
9387,28.0079
9388,27.9998
9389,27.935
9390,27.9816
9391,27.9742
9392,27.9472
9393,27.8889
9394,27.9842
9395,27.923
9396,27.8418
9397,27.8706
9398,27.9244
9399,27.9633
9400,28.0734
9401,28.0471
9402,27.994
9403,28.0703
9404,27.9761
9405,28.0062
9406,27.9851
9407,28.0791
9408,28.0396
9409,27.9621
9410,27.9561
9411,28.02
9412,28.0922
9413,28.0898
9414,28.0748
9415,28.0752
9416,28.0814
9417,28.0558
9418,28.1121
9419,27.984
9420,27.9502
9421,28.0222
9422,28.0277
9423,28.0827
9424,28.1315
9425,28.1868
9426,28.0037
9427,28.0686
9428,28.0488
9429,28.0879
9430,27.9621
9431,28.0982
9432,28.0429
9433,28.0788
9434,28.0915
9435,28.0715
9436,28.2127
9437,28.0929
9438,28.1453
9439,28.0095
9440,28.1342
9441,28.1534
9442,28.074
9443,28.0231
9444,28.0221
9445,27.9881
9446,28.0335
9447,28.0969
9448,28.104
9449,28.0336
9450,28.0411
9451,28.1218
9452,28.0865
9453,28.1228
9454,28.1175
9455,28.1024
9456,28.0191
9457,28.0852
9458,27.9396
9459,27.9462
9460,28.0355
9461,28.1102
9462,28.0588
9463,28.1355
9464,27.9246
9465,28.0757
9466,27.9526
9467,27.9827
9468,27.8461
9469,27.9054
9470,27.9297
9471,27.9848
9472,28.0227
9473,27.899
9474,28.0569
9475,28.0563
9476,28.0918
9477,28.1262
9478,28.062
9479,28.0572
9480,28.0836
9481,27.9953
9482,28.067
9483,28.0503
9484,28.1382
9485,27.9446
9486,28.0451
9487,28.0417
9488,27.9973
9489,28.0072
9490,28.0773
9491,27.9999
9492,27.9544
9493,28.0012
9494,27.9609
9495,28.0104
9496,28.0277
9497,28.095
9498,28.041
9499,28.059
9500,27.9854
9501,28.0138
9502,28.0471
9503,28.1154
9504,28.1043
9505,28.1562
9506,28.1682
9507,28.1421
9508,28.0516
9509,27.9841
9510,27.9973
9511,27.9493
9512,28.0219
9513,27.9993
9514,28.0481
9515,28.0104
9516,27.9757
9517,28.0496
9518,28.0604
9519,28.0092
9520,27.9283
9521,27.9795
9522,27.9099
9523,27.9799
9524,27.9727
9525,27.9759
9526,27.9942
9527,27.9052
9528,27.9429
9529,28.0166
9530,28.0043
9531,27.9364
9532,27.9609
9533,27.9836
9534,28.0944
9535,28.0951
9536,27.9216
9537,27.9746
9538,27.9757
9539,27.9639
9540,28.0998
9541,28.0766
9542,28.0182
9543,27.9776
9544,27.9058
9545,27.9638
9546,27.9911
9547,27.9296
9548,27.8632
9549,27.9075
9550,27.8833
9551,27.9056
9552,27.9739
9553,27.9773
9554,27.977
9555,27.893
9556,28.016
9557,27.9997
9558,27.989
9559,27.9978
9560,27.9592
9561,28.0396
9562,27.9231
9563,27.868
9564,27.9049
9565,27.9018
9566,27.9034
9567,27.9167
9568,27.9719
9569,27.9798
9570,28.0149
9571,28.0991
9572,28.0684
9573,28.0465
9574,28.1053
9575,27.9739
9576,28.022
9577,27.9501
9578,27.9449
9579,28.0483
9580,27.9503
9581,27.9827
9582,27.9516
9583,28.0939
9584,27.9441
9585,28.0093
9586,27.9792
9587,27.9878
9588,28
9589,27.923
9590,27.9793
9591,28.0334
9592,27.9057
9593,28.0179
9594,27.9999
9595,28.0582
9596,27.9775
9597,28.0736
9598,28.1355
9599,27.9671
9600,28.0293
9601,28.102
9602,27.9797
9603,27.9265
9604,27.9942
9605,27.9611
9606,28.0332
9607,27.9193
9608,27.9169
9609,27.8556
9610,27.903
9611,27.8442
9612,27.9216
9613,27.9201
9614,27.9591
9615,28.0005
9616,28.0725
9617,28.0202
9618,27.9707
9619,27.9146
9620,27.9584
9621,27.7758
9622,27.8453
9623,27.8439
9624,27.9328
9625,27.853
9626,27.9287
9627,27.9804
9628,27.9577
9629,27.993
9630,27.963
9631,27.9371
9632,27.925
9633,27.9202
9634,27.9363
9635,27.9098
9636,27.9671
9637,27.9589
9638,27.9982
9639,28.0555
9640,28.0261
9641,27.9885
9642,27.9917
9643,28.1141
9644,28.041
9645,28.0021
9646,27.9555
9647,28.0431
9648,28.0634
9649,28.0799
9650,28.075
9651,28.1509
9652,28.0833
9653,28.032
9654,28.1022
9655,28.0666
9656,28.0814
9657,27.9918
9658,28.0529
9659,28.0974
9660,28.0369
9661,28.0656
9662,28.0315
9663,29.3836
9664,27.8852
9665,27.9517
9666,28.0046
9667,27.9643
9668,28.0602
9669,27.9821
9670,28.0047
9671,28.028
9672,28.0252
9673,27.983
9674,28.0832
9675,27.9931
9676,28.0138
9677,28.0103
9678,28.002
9679,27.9988
9680,27.891
9681,27.9843
9682,28.0634
9683,28.0673
9684,28.1178
9685,27.9806
9686,29.4819
9687,29.4728
9688,28.0395
9689,29.4685
9690,29.3917
9691,29.3932
9692,29.3846
9693,27.9981
9694,28.0118
9695,28.0202
9696,29.4879
9697,29.4504
9698,29.4088
9699,29.4516
9700,29.4125
9701,29.2877
9702,29.3726
9703,29.3645
9704,29.3685
9705,29.3719
9706,29.3641
9707,29.2978
9708,29.3595
9709,29.3517
9710,29.3361
9711,29.4456
9712,29.4408
9713,29.4736
9714,29.4341
9715,29.3384
9716,29.3971
9717,29.3553
9718,29.4583
9719,29.4733
9720,29.4219
9721,29.3873
9722,29.4856
9723,29.4495
9724,29.4717
9725,29.5872
9726,29.5622
9727,29.5202
9728,29.4562
9729,28.1211
9730,29.4244
9731,29.4794
9732,28.0896
9733,28.2298
9734,29.473
9735,28.1041
9736,28.1438
9737,28.0847
9738,28.1882
9739,28.0447
9740,28.0125
9741,28.1323
9742,28.1209
9743,28.1538
9744,28.0915
9745,28.1267
9746,28.0855
9747,28.0548
9748,28.0555
9749,28.0195
9750,28.0451
9751,27.9793
9752,27.9307
9753,27.9568
9754,27.9822
9755,27.9999
9756,27.9304
9757,27.9259
9758,27.9084
9759,28.1084
9760,29.4155
9761,29.396
9762,29.3035
9763,27.9112
9764,28.049
9765,27.9716
9766,27.9605
9767,27.9144
9768,27.9316
9769,27.9349
9770,27.8231
9771,28.0355
9772,28.0045
9773,27.9254
9774,29.1795
9775,29.195
9776,29.2664
9777,28.0146
9778,29.2254
9779,29.3424
9780,29.3242
9781,28.03
9782,28.0936
9783,28.0952
9784,29.349
9785,29.3589
9786,29.3503
9787,29.3438
9788,29.1562
9789,29.2742
9790,29.3833
9791,29.2922
9792,29.2643
9793,29.1914
9794,29.1929
9795,29.1462
9796,29.2129
9797,29.2546
9798,29.1863
9799,29.1382
9800,29.1507
9801,29.2821
9802,29.2096
9803,29.2328
9804,29.1693
9805,29.1889
9806,29.3414
9807,29.2576
9808,29.1951
9809,29.2912
9810,29.2976
9811,29.3785
9812,29.3042
9813,29.2052
9814,29.2196
9815,29.2091
9816,29.1362
9817,29.2636
9818,29.3471
9819,29.2701
9820,29.1637
9821,29.2359
9822,29.3328
9823,29.2858
9824,29.3178
9825,29.2368
9826,29.2927
9827,29.2225
9828,29.2501
9829,29.2715
9830,29.3141
9831,29.3456
9832,29.3742
9833,29.3713
9834,29.2755
9835,29.3143
9836,29.2867
9837,29.3214
9838,29.1711
9839,29.3346
9840,29.3734
9841,29.2607
9842,29.2695
9843,29.3878
9844,29.3891
9845,29.3591
9846,29.3469
9847,29.3698
9848,29.3343
9849,29.3276
9850,29.3953
9851,29.3433
9852,29.383
9853,29.467
9854,29.4337
9855,29.3901
9856,29.4995
9857,29.4159
9858,29.3912
9859,29.4375
9860,29.3346
9861,29.3144
9862,29.329
9863,29.4475
9864,29.4348
9865,29.4433
9866,29.4079
9867,29.3571
9868,29.3156
9869,29.35
9870,29.2714
9871,29.1671
9872,29.346
9873,29.3406
9874,29.3088
9875,29.3287
9876,29.3345
9877,29.361
9878,29.3745
9879,29.4571
9880,29.4402
9881,29.3733
9882,29.3611
9883,29.4426
9884,29.4505
9885,29.4211
9886,29.4573
9887,29.4339
9888,29.4062
9889,29.402
9890,29.428
9891,29.3834
9892,29.278
9893,29.2135
9894,29.3555
9895,29.3758
9896,29.3202
9897,29.2465
9898,29.3627
9899,29.3447
9900,29.2763
9901,29.2392
9902,29.2805
9903,29.372
9904,29.3259
9905,29.3428
9906,29.3767
9907,29.3077
9908,29.2896
9909,29.4161
9910,29.4627
9911,29.3639
9912,29.3542
9913,29.3528
9914,27.9688
9915,29.2458
9916,29.173
9917,29.2656
9918,29.2724
9919,29.1765
9920,29.1993
9921,29.0854
9922,29.3224
9923,29.3662
9924,29.4193
9925,29.4206
9926,29.3765
9927,29.331
9928,29.3385
9929,29.2361
9930,29.2034
9931,28.0431
9932,29.3837
9933,29.378
9934,29.2903
9935,29.4164
9936,28.0729
9937,29.3868
9938,29.3074
9939,28.0845
9940,28.0008
9941,29.2129
9942,28.0332
9943,29.3987
9944,29.3484
9945,29.2212
9946,29.2092
9947,29.2612
9948,28.0124
9949,28.0129
9950,27.9528
9951,28.0301
9952,28.0098
9953,28.0169
9954,29.2728
9955,29.2821
9956,29.2957
9957,27.9863
9958,29.2694
9959,29.2468
9960,29.2097
9961,27.9914
9962,27.9792
9963,28.0431
9964,27.9718
9965,28.122
9966,28.0854
9967,28.1125
9968,28.0682
9969,28.0295
9970,28.0649
9971,27.9564
9972,29.1504
9973,29.1992
9974,27.9871
9975,29.3253
9976,29.2878
9977,29.275
9978,29.2804
9979,29.2252
9980,29.1756
9981,29.2978
9982,29.3616
9983,28.0791
9984,28.1011
9985,28.0189
9986,28.0834
9987,27.989
9988,28.0481
9989,27.9715
9990,28.0275
9991,29.1743
9992,29.101
9993,27.9637
9994,27.9422
9995,29.2333
9996,27.9819
9997,28.0126
9998,27.9965
9999,28.0323
10000,27.9344
