#Frame     RMSD_00002
       1       0.0000
       2       0.7864
       3       0.9298
       4       0.9313
       5       1.0862
       6       1.0813
       7       1.0596
       8       1.0775
       9       1.2635
      10       1.3716
      11       1.1933
      12       1.3736
      13       1.2282
      14       1.0632
      15       1.1120
      16       1.3705
      17       1.6033
      18       1.6322
      19       1.6926
      20       1.6304
      21       1.5545
      22       1.3981
      23       1.3496
      24       1.4024
      25       1.4787
      26       1.2498
      27       1.3806
      28       1.4638
      29       1.5582
      30       1.4695
      31       1.6053
      32       1.6628
      33       1.5956
      34       1.4358
      35       1.4121
      36       1.3523
      37       1.3404
      38       1.4196
      39       1.4336
      40       1.4594
      41       1.4320
      42       1.7746
      43       1.6647
      44       1.5451
      45       1.6531
      46       1.6413
      47       1.6238
      48       1.7614
      49       1.7752
      50       1.7706
      51       1.5656
      52       1.7060
      53       1.7082
      54       1.6507
      55       1.6066
      56       1.4379
      57       1.3853
      58       1.4930
      59       1.5557
      60       1.4188
      61       1.5795
      62       1.6119
      63       1.6475
      64       1.7440
      65       1.6871
      66       1.6145
      67       1.5950
      68       1.6221
      69       1.6440
      70       1.4440
      71       1.5735
      72       1.7609
      73       1.9178
      74       2.0480
      75       1.7901
      76       1.6811
      77       1.5218
      78       1.6042
      79       1.5847
      80       1.4664
      81       1.4196
      82       1.4009
      83       1.5101
      84       1.7006
      85       1.7153
      86       1.6692
      87       1.7128
      88       1.5167
      89       1.9248
      90       1.7467
      91       1.7062
      92       1.8745
      93       1.9189
      94       1.8989
      95       1.9136
      96       1.8034
      97       1.7191
      98       1.8533
      99       1.7650
     100       1.8416
     101       1.8363
     102       1.7862
     103       2.0256
     104       2.0603
     105       1.8810
     106       1.8615
     107       1.7185
     108       1.7118
     109       1.7994
     110       1.8299
     111       1.9319
     112       1.9742
     113       1.6325
     114       1.7234
     115       1.8622
     116       1.9441
     117       1.8983
     118       1.9217
     119       1.9085
     120       1.8709
     121       1.9407
     122       2.1915
     123       2.0925
     124       1.8338
     125       1.8049
     126       1.5963
     127       1.4443
     128       1.4697
     129       1.4316
     130       1.5736
     131       1.5894
     132       1.6837
     133       1.9110
     134       1.8955
     135       2.0873
     136       2.2957
     137       2.1913
     138       2.3482
     139       2.0550
     140       2.0372
     141       1.9038
     142       1.9174
     143       1.8973
     144       1.9900
     145       2.0119
     146       1.9837
     147       2.0365
     148       2.0134
     149       1.9715
     150       1.9779
     151       1.8830
     152       1.9679
     153       2.1678
     154       2.1011
     155       1.9845
     156       2.0220
     157       2.0269
     158       2.0420
     159       2.0666
     160       2.1740
     161       2.1372
     162       2.2133
     163       2.1610
     164       2.0662
     165       1.9913
     166       2.1275
     167       2.1602
     168       1.8441
     169       1.8931
     170       1.8847
     171       2.1398
     172       1.8949
     173       1.9591
     174       1.7827
     175       1.7817
     176       1.8427
     177       1.8684
     178       1.8124
     179       1.7254
     180       1.5506
     181       1.5178
     182       1.6079
     183       1.5782
     184       1.7881
     185       1.9226
     186       1.8422
     187       1.9727
     188       1.9062
     189       1.9106
     190       1.8607
     191       1.9077
     192       1.9224
     193       2.0304
     194       1.9352
     195       2.1374
     196       1.9908
     197       1.9077
     198       2.0868
     199       2.0841
     200       2.1742
     201       1.9801
     202       2.1336
     203       2.1012
     204       1.9145
     205       1.9176
     206       2.1002
     207       1.8942
     208       1.7762
     209       1.9495
     210       2.0860
     211       1.9348
     212       1.8667
     213       1.9914
     214       2.0903
     215       2.1743
     216       2.0714
     217       1.9864
     218       1.9886
     219       2.0414
     220       1.9946
     221       1.9969
     222       2.0858
     223       2.1278
     224       2.0535
     225       1.8339
     226       1.7605
     227       1.8443
     228       1.7363
     229       1.9152
     230       1.6919
     231       1.7237
     232       1.7325
     233       1.9388
     234       1.8223
     235       1.8678
     236       1.9003
     237       1.8933
     238       2.0422
     239       2.3103
     240       2.0789
     241       2.0043
     242       2.0882
     243       2.0436
     244       1.9023
     245       1.8846
     246       1.6641
     247       1.5961
     248       1.5533
     249       1.4748
     250       1.5661
     251       1.6458
     252       1.5723
     253       1.5737
     254       1.6493
     255       1.8046
     256       1.9095
     257       1.7172
     258       1.8116
     259       1.8388
     260       1.7281
     261       1.7120
     262       1.6688
     263       1.6728
     264       1.6414
     265       1.6880
     266       1.5888
     267       1.7777
     268       1.9587
     269       1.9445
     270       1.8054
     271       1.8165
     272       1.7710
     273       1.6667
     274       1.6526
     275       1.6933
     276       1.6524
     277       1.6694
     278       1.6156
     279       1.6249
     280       1.6959
     281       1.7911
     282       1.5677
     283       1.6760
     284       1.9017
     285       1.9426
     286       1.9847
     287       1.8414
     288       1.8495
     289       1.7304
     290       1.7184
     291       1.5708
     292       1.5312
     293       1.6583
     294       1.3965
     295       1.4388
     296       1.5943
     297       1.6264
     298       1.6280
     299       1.6679
     300       1.5732
     301       1.5442
     302       1.5175
     303       1.5287
     304       1.4823
     305       1.4757
     306       1.6727
     307       1.7659
     308       1.9728
     309       1.9042
     310       1.6989
     311       1.8703
     312       1.7674
     313       1.7625
     314       2.0020
     315       1.8147
     316       1.7752
     317       1.8430
     318       1.6935
     319       1.8029
     320       1.7364
     321       1.7801
     322       1.7650
     323       1.7891
     324       1.7852
     325       1.8117
     326       1.8151
     327       1.5002
     328       1.3551
     329       1.4192
     330       1.4807
     331       1.6271
     332       1.4986
     333       1.4702
     334       1.3321
     335       1.5282
     336       1.3308
     337       1.3976
     338       1.4196
     339       1.3094
     340       1.2596
     341       1.1962
     342       1.1983
     343       1.2740
     344       1.3344
     345       1.3666
     346       1.3434
     347       1.2765
     348       1.2105
     349       1.3761
     350       1.4223
     351       1.3888
     352       1.4252
     353       1.3397
     354       1.4889
     355       1.3649
     356       1.4501
     357       1.2952
     358       1.4352
     359       1.4700
     360       1.5485
     361       1.6488
     362       1.6046
     363       1.4018
     364       1.5395
     365       1.3841
     366       1.3698
     367       1.4090
     368       1.5354
     369       1.5907
     370       1.6918
     371       1.6826
     372       1.6110
     373       1.7388
     374       1.6955
     375       1.8014
     376       1.6933
     377       1.5278
     378       1.6810
     379       1.5732
     380       1.4974
     381       1.4291
     382       1.5310
     383       1.6352
     384       1.5529
     385       1.6814
     386       1.5978
     387       1.4273
     388       1.4743
     389       1.4734
     390       1.4963
     391       1.4629
     392       1.6065
     393       1.5742
     394       1.6911
     395       1.5639
     396       1.5740
     397       1.6570
     398       1.5134
     399       1.6827
     400       1.5699
     401       1.5547
     402       1.4834
     403       1.5053
     404       1.5234
     405       1.5568
     406       1.7651
     407       1.7035
     408       1.6631
     409       1.7000
     410       1.5356
     411       1.3718
     412       1.6214
     413       1.5914
     414       1.7055
     415       1.6611
     416       1.6561
     417       1.8237
     418       1.8000
     419       1.8234
     420       1.8791
     421       1.8924
     422       1.9155
     423       1.7704
     424       1.7613
     425       1.7276
     426       1.6646
     427       1.6339
     428       1.6576
     429       1.7208
     430       1.7116
     431       1.5858
     432       1.6607
     433       1.7116
     434       1.9271
     435       2.0305
     436       2.2085
     437       2.1717
     438       1.9062
     439       1.7763
     440       1.8593
     441       1.6998
     442       1.6624
     443       1.9263
     444       1.7245
     445       1.8346
     446       1.7734
     447       1.7428
     448       1.6786
     449       1.6931
     450       1.5980
     451       1.6052
     452       1.6367
     453       1.6766
     454       1.8463
     455       1.9318
     456       1.8860
     457       1.7736
     458       1.7029
     459       1.6339
     460       1.6690
     461       1.8021
     462       1.8251
     463       1.7146
     464       1.6017
     465       1.6432
     466       1.7134
     467       1.8094
     468       1.9115
     469       1.8562
     470       1.8210
     471       1.9624
     472       1.8983
     473       1.9049
     474       1.7373
     475       1.6947
     476       1.6608
     477       1.6335
     478       1.5431
     479       1.6288
     480       1.6411
     481       1.6326
     482       1.6918
     483       1.8592
     484       1.7933
     485       1.9936
     486       2.0281
     487       2.0581
     488       1.8844
     489       1.8384
     490       1.9037
     491       1.7368
     492       2.1359
     493       1.9638
     494       2.0730
     495       2.0574
     496       1.9570
     497       1.9454
     498       2.0921
     499       1.9901
     500       1.9363
     501       1.9950
     502       1.8654
     503       1.7817
     504       1.7739
     505       1.6792
     506       1.6635
     507       1.6070
     508       1.5425
     509       1.5593
     510       1.4857
     511       1.7728
     512       1.7856
     513       1.6086
     514       1.4827
     515       1.5081
     516       1.5360
     517       1.6609
     518       1.5323
     519       1.6568
     520       1.5389
     521       1.5692
     522       1.6345
     523       1.5844
     524       1.4684
     525       1.5919
     526       1.6317
     527       1.5682
     528       1.5825
     529       1.4943
     530       1.5833
     531       1.5260
     532       1.4808
     533       1.6083
     534       1.6879
     535       1.7267
     536       1.7115
     537       1.8292
     538       1.7290
     539       1.6465
     540       1.5056
     541       1.4244
     542       1.3609
     543       1.4092
     544       1.4957
     545       1.5631
     546       1.5711
     547       1.4353
     548       1.5709
     549       1.5175
     550       1.3863
     551       1.4087
     552       1.3255
     553       1.4329
     554       1.5418
     555       1.6004
     556       1.7698
     557       1.8151
     558       1.5198
     559       1.4373
     560       1.4828
     561       1.6099
     562       1.5823
     563       1.6829
     564       1.5504
     565       1.5857
     566       1.6973
     567       1.6561
     568       1.7263
     569       1.7929
     570       1.6836
     571       1.5719
     572       1.5500
     573       1.5090
     574       1.6506
     575       1.5341
     576       1.4651
     577       1.4177
     578       1.3690
     579       1.3958
     580       1.5873
     581       1.4994
     582       1.4525
     583       1.5942
     584       1.6009
     585       1.5382
     586       1.6132
     587       1.4605
     588       1.5268
     589       1.5266
     590       1.6713
     591       1.6601
     592       1.6336
     593       1.7199
     594       1.6226
     595       1.6600
     596       1.6398
     597       1.5545
     598       1.6322
     599       1.7046
     600       1.6398
     601       1.5127
     602       1.5470
     603       1.6538
     604       1.5967
     605       1.6722
     606       1.7134
     607       1.6263
     608       1.7701
     609       1.6948
     610       1.6732
     611       1.6301
     612       1.6006
     613       1.7304
     614       1.7416
     615       1.7012
     616       1.5680
     617       1.7023
     618       1.7205
     619       1.7747
     620       1.8465
     621       1.6241
     622       1.7597
     623       1.6460
     624       1.5989
     625       1.6804
     626       1.6045
     627       1.3989
     628       1.3009
     629       1.4151
     630       1.3348
     631       1.4018
     632       1.3534
     633       1.3948
     634       1.5444
     635       1.5335
     636       1.4813
     637       1.6523
     638       1.6185
     639       1.6325
     640       1.5130
     641       1.5652
     642       1.5238
     643       1.4056
     644       1.4987
     645       1.4732
     646       1.6142
     647       1.6159
     648       1.6907
     649       1.6219
     650       1.5653
     651       1.5142
     652       1.6316
     653       1.5142
     654       1.5825
     655       1.5188
     656       1.6194
     657       1.6967
     658       1.7928
     659       1.6787
     660       1.7313
     661       1.7421
     662       1.7716
     663       1.7651
     664       1.7732
     665       1.6223
     666       1.7059
     667       1.6798
     668       1.5254
     669       1.4830
     670       1.4426
     671       1.8736
     672       1.9865
     673       1.9503
     674       1.9838
     675       1.9491
     676       1.8402
     677       1.7924
     678       1.9490
     679       1.7781
     680       1.8279
     681       1.7346
     682       1.6373
     683       1.7547
     684       1.6943
     685       1.6670
     686       1.6717
     687       1.7555
     688       1.7350
     689       1.6530
     690       1.6978
     691       1.6922
     692       1.6857
     693       1.6471
     694       1.6435
     695       1.7068
     696       1.5444
     697       1.6203
     698       1.4857
     699       1.5703
     700       1.5646
     701       1.3734
     702       1.3344
     703       1.5546
     704       1.4224
     705       1.3922
     706       1.4358
     707       1.4685
     708       1.4431
     709       1.6120
     710       1.5089
     711       1.4145
     712       1.3937
     713       1.4837
     714       1.6192
     715       1.6662
     716       1.8023
     717       1.7884
     718       1.7173
     719       1.5535
     720       1.6517
     721       1.4632
     722       1.4244
     723       1.5884
     724       1.4898
     725       1.4190
     726       1.4422
     727       1.5510
     728       1.3763
     729       1.3796
     730       1.4791
     731       1.4625
     732       1.5763
     733       1.5654
     734       1.5443
     735       1.6206
     736       1.4929
     737       1.4870
     738       1.4836
     739       1.4019
     740       1.4331
     741       1.4811
     742       1.6119
     743       1.4688
     744       1.4722
     745       1.3929
     746       1.4899
     747       1.5334
     748       1.5773
     749       1.6046
     750       1.6704
     751       1.5423
     752       1.6947
     753       1.5854
     754       1.8117
     755       1.5896
     756       1.7310
     757       1.7259
     758       1.7458
     759       1.6990
     760       1.7006
     761       1.6516
     762       1.6602
     763       1.6743
     764       1.6279
     765       1.5078
     766       1.4751
     767       1.4710
     768       1.4819
     769       1.6585
     770       1.5977
     771       1.7794
     772       1.4726
     773       1.3255
     774       1.2870
     775       1.3371
     776       1.3777
     777       1.4853
     778       1.4223
     779       1.3069
     780       1.4442
     781       1.4689
     782       1.4573
     783       1.6246
     784       1.6980
     785       1.4965
     786       1.5211
     787       1.6237
     788       1.5798
     789       1.4860
     790       1.4293
     791       1.7115
     792       1.6231
     793       1.4916
     794       1.4960
     795       1.5382
     796       1.4822
     797       1.5185
     798       1.4822
     799       1.5278
     800       1.6162
     801       1.7706
     802       1.7120
     803       1.8645
     804       1.8345
     805       1.5170
     806       1.4438
     807       1.4581
     808       1.5133
     809       1.5987
     810       1.6597
     811       1.6556
     812       1.5064
     813       1.4809
     814       1.6466
     815       1.5896
     816       1.6231
     817       1.6923
     818       1.5590
     819       1.7618
     820       1.5648
     821       1.6828
     822       1.4511
     823       1.5704
     824       1.5830
     825       1.5937
     826       1.4159
     827       1.4576
     828       1.4176
     829       1.5829
     830       1.3989
     831       1.5059
     832       1.3500
     833       1.2997
     834       1.4339
     835       1.3554
     836       1.4375
     837       1.3226
     838       1.5243
     839       1.5494
     840       1.4166
     841       1.3386
     842       1.4514
     843       1.4665
     844       1.3942
     845       1.3985
     846       1.2810
     847       1.3959
     848       1.1955
     849       1.2442
     850       1.3369
     851       1.2490
     852       1.1213
     853       1.1198
     854       1.2246
     855       1.2671
     856       1.3327
     857       1.4813
     858       1.4880
     859       1.4914
     860       1.5197
     861       1.6821
     862       1.6413
     863       1.6699
     864       1.7127
     865       1.7670
     866       1.8479
     867       1.8999
     868       1.8386
     869       1.7986
     870       1.7424
     871       1.8610
     872       1.8907
     873       2.0157
     874       1.9349
     875       1.7804
     876       1.6023
     877       1.6179
     878       1.5260
     879       1.5052
     880       1.3431
     881       1.3416
     882       1.2566
     883       1.2360
     884       1.3422
     885       1.3012
     886       1.3518
     887       1.2911
     888       1.3000
     889       1.3790
     890       1.4971
     891       1.4419
     892       1.5928
     893       1.5720
     894       1.5629
     895       1.6326
     896       1.7194
     897       1.7006
     898       1.6767
     899       1.6491
     900       1.6059
     901       1.5165
     902       1.4613
     903       1.3923
     904       1.4953
     905       1.3446
     906       1.2758
     907       1.2371
     908       1.2814
     909       1.5212
     910       1.4121
     911       1.5297
     912       1.3630
     913       1.4482
     914       1.5663
     915       1.5919
     916       1.5894
     917       1.6140
     918       1.6750
     919       1.8048
     920       1.6921
     921       1.5535
     922       1.5215
     923       1.3674
     924       1.3491
     925       1.4196
     926       1.3063
     927       1.4076
     928       1.3768
     929       1.5736
     930       1.5831
     931       1.4935
     932       1.5729
     933       1.3330
     934       1.3600
     935       1.3707
     936       1.5258
     937       1.5227
     938       1.6197
     939       1.5922
     940       1.5931
     941       1.7813
     942       1.6903
     943       1.8911
     944       1.7118
     945       1.7054
     946       1.6417
     947       1.6520
     948       1.5760
     949       1.5352
     950       1.5614
     951       1.4812
     952       1.2907
     953       1.5808
     954       1.5466
     955       1.7806
     956       1.7702
     957       1.7385
     958       1.7895
     959       1.8459
     960       1.7699
     961       1.8612
     962       1.7898
     963       1.6965
     964       1.7023
     965       1.8659
     966       1.9163
     967       1.9774
     968       1.9545
     969       2.1230
     970       2.0447
     971       1.8265
     972       1.8324
     973       1.7431
     974       1.6975
     975       1.6504
     976       1.5941
     977       1.5974
     978       1.5215
     979       1.3984
     980       1.5160
     981       1.5357
     982       1.5975
     983       1.5638
     984       1.4474
     985       1.6041
     986       1.5786
     987       1.6862
     988       1.6975
     989       1.7444
     990       1.6006
     991       1.6121
     992       1.6526
     993       1.5882
     994       1.7505
     995       1.5956
     996       1.6230
     997       1.4730
     998       1.5422
     999       1.5724
    1000       1.7496
    1001       1.6506
    1002       1.7256
    1003       1.6203
    1004       1.7688
    1005       1.7107
    1006       1.7708
    1007       1.8911
    1008       2.0439
    1009       1.8833
    1010       1.7848
    1011       1.7324
    1012       1.6849
    1013       1.6220
    1014       1.5927
    1015       1.4078
    1016       1.4433
    1017       1.3946
    1018       1.5042
    1019       1.4345
    1020       1.3548
    1021       1.4763
    1022       1.5709
    1023       1.5339
    1024       1.4700
    1025       1.4398
    1026       1.6446
    1027       1.6859
    1028       1.6651
    1029       1.5107
    1030       1.4961
    1031       1.4156
    1032       1.5524
    1033       1.5314
    1034       1.5656
    1035       1.6222
    1036       1.4915
    1037       1.5808
    1038       1.4496
    1039       1.5383
    1040       1.4019
    1041       1.4019
    1042       1.3904
    1043       1.4203
    1044       1.4930
    1045       1.3844
    1046       1.4017
    1047       1.4858
    1048       1.4586
    1049       1.5267
    1050       1.5957
    1051       1.6251
    1052       1.7149
    1053       1.7655
    1054       1.7009
    1055       1.5927
    1056       1.6630
    1057       1.4870
    1058       1.6223
    1059       1.6560
    1060       1.5494
    1061       1.5275
    1062       1.3598
    1063       1.4182
    1064       1.4753
    1065       1.4592
    1066       1.5549
    1067       1.4782
    1068       1.6518
    1069       1.6515
    1070       1.6567
    1071       1.6145
    1072       1.7372
    1073       1.8128
    1074       1.8632
    1075       1.8943
    1076       1.7374
    1077       1.6111
    1078       1.6293
    1079       1.6796
    1080       1.6662
    1081       1.6985
    1082       1.7403
    1083       1.8609
    1084       1.8285
    1085       1.7725
    1086       1.7459
    1087       1.6342
    1088       1.6272
    1089       1.4804
    1090       1.5095
    1091       1.5327
    1092       1.7260
    1093       1.8527
    1094       1.7517
    1095       1.6817
    1096       1.6642
    1097       1.5511
    1098       1.7068
    1099       1.5232
    1100       1.4650
    1101       1.6102
    1102       1.5656
    1103       1.6251
    1104       1.7058
    1105       1.5721
    1106       1.4628
    1107       1.4020
    1108       1.4943
    1109       1.5185
    1110       1.4976
    1111       1.4542
    1112       1.2706
    1113       1.4127
    1114       1.3462
    1115       1.3592
    1116       1.3960
    1117       1.4924
    1118       1.5499
    1119       1.4863
    1120       1.3764
    1121       1.4160
    1122       1.4123
    1123       1.3388
    1124       1.3482
    1125       1.3792
    1126       1.5284
    1127       1.5209
    1128       1.5607
    1129       1.5639
    1130       1.6095
    1131       1.5321
    1132       1.5468
    1133       1.4423
    1134       1.4960
    1135       1.6255
    1136       1.6400
    1137       1.4957
    1138       1.6940
    1139       1.6280
    1140       1.7616
    1141       1.7348
    1142       1.8563
    1143       1.7941
    1144       1.6431
    1145       1.4913
    1146       1.5448
    1147       1.4602
    1148       1.4433
    1149       1.4563
    1150       1.5603
    1151       1.4774
    1152       1.4909
    1153       1.4470
    1154       1.4402
    1155       1.4660
    1156       1.2970
    1157       1.3494
    1158       1.3600
    1159       1.2538
    1160       1.4134
    1161       1.3926
    1162       1.3597
    1163       1.4444
    1164       1.5365
    1165       1.5757
    1166       1.7515
    1167       1.6578
    1168       1.5541
    1169       1.6451
    1170       1.5857
    1171       1.6989
    1172       1.7310
    1173       1.7448
    1174       1.6071
    1175       1.7596
    1176       1.7228
    1177       1.7172
    1178       1.8223
    1179       1.6452
    1180       1.8057
    1181       1.8344
    1182       1.8658
    1183       2.0223
    1184       2.0219
    1185       2.0903
    1186       2.0133
    1187       1.9514
    1188       1.7626
    1189       1.7751
    1190       1.8163
    1191       1.7501
    1192       1.7349
    1193       1.6893
    1194       1.6617
    1195       1.6509
    1196       1.6354
    1197       1.7018
    1198       1.5317
    1199       1.6320
    1200       1.7197
    1201       1.6312
    1202       1.8105
    1203       1.7451
    1204       1.7884
    1205       1.9836
    1206       1.8057
    1207       1.6714
    1208       1.6377
    1209       1.4940
    1210       1.6510
    1211       1.6846
    1212       1.6454
    1213       1.7492
    1214       1.8393
    1215       1.8956
    1216       1.8181
    1217       1.8393
    1218       1.7029
    1219       1.5933
    1220       1.6803
    1221       1.5722
    1222       1.5760
    1223       1.6159
    1224       1.4952
    1225       1.5090
    1226       1.5052
    1227       1.5962
    1228       1.7345
    1229       1.7177
    1230       1.8324
    1231       1.8356
    1232       1.7062
    1233       1.5463
    1234       1.6541
    1235       1.6196
    1236       1.8206
    1237       1.9860
    1238       1.9367
    1239       1.8301
    1240       1.8584
    1241       1.9798
    1242       2.0317
    1243       2.1088
    1244       1.9510
    1245       1.9742
    1246       1.9850
    1247       1.8772
    1248       1.8147
    1249       1.9135
    1250       2.0120
    1251       1.7993
    1252       1.9110
    1253       2.0055
    1254       2.0765
    1255       1.9496
    1256       2.0523
    1257       1.9329
    1258       1.9647
    1259       1.8170
    1260       1.8843
    1261       2.0320
    1262       1.9359
    1263       2.0072
    1264       2.0183
    1265       1.9664
    1266       1.9562
    1267       1.9690
    1268       1.9825
    1269       1.8855
    1270       2.1058
    1271       2.0860
    1272       2.1503
    1273       2.1330
    1274       2.0617
    1275       2.0651
    1276       1.9383
    1277       1.9744
    1278       2.0359
    1279       2.2590
    1280       2.0904
    1281       2.2559
    1282       2.4679
    1283       2.5600
    1284       2.7663
    1285       2.7967
    1286       2.7894
    1287       2.6332
    1288       2.6011
    1289       2.3723
    1290       2.4432
    1291       2.4599
    1292       2.4147
    1293       2.2594
    1294       2.1887
    1295       2.1658
    1296       2.2483
    1297       2.2860
    1298       2.3246
    1299       2.1938
    1300       2.2258
    1301       2.3415
    1302       2.3381
    1303       2.0498
    1304       2.3606
    1305       2.3194
    1306       2.3290
    1307       2.0696
    1308       2.1080
    1309       2.1944
    1310       2.3291
    1311       2.1523
    1312       2.0534
    1313       2.0224
    1314       2.0345
    1315       2.0573
    1316       2.2091
    1317       2.1718
    1318       2.1431
    1319       2.1414
    1320       2.1381
    1321       2.2639
    1322       2.2355
    1323       2.3429
    1324       2.4910
    1325       2.3896
    1326       2.3015
    1327       2.1953
    1328       2.2703
    1329       2.0795
    1330       1.9879
    1331       2.0136
    1332       1.8961
    1333       1.8636
    1334       1.8902
    1335       1.8071
    1336       1.7781
    1337       1.9010
    1338       1.9560
    1339       2.0285
    1340       2.0619
    1341       2.3470
    1342       2.3016
    1343       2.2908
    1344       2.3321
    1345       2.1922
    1346       2.5897
    1347       2.5326
    1348       2.4769
    1349       2.6275
    1350       2.7348
    1351       2.6997
    1352       2.5911
    1353       2.3148
    1354       2.2400
    1355       2.2296
    1356       2.3270
    1357       2.2575
    1358       2.3095
    1359       2.4285
    1360       2.4129
    1361       2.3042
    1362       2.3749
    1363       2.1432
    1364       2.3210
    1365       2.1384
    1366       2.0773
    1367       2.1557
    1368       2.0897
    1369       2.0432
    1370       2.0503
    1371       2.0374
    1372       2.2021
    1373       2.2038
    1374       2.2548
    1375       2.3655
    1376       2.3226
    1377       2.2962
    1378       2.1722
    1379       2.1368
    1380       2.2490
    1381       2.1509
    1382       2.3820
    1383       2.4296
    1384       2.3434
    1385       2.2305
    1386       2.0446
    1387       1.9738
    1388       2.0916
    1389       2.1918
    1390       2.3788
    1391       2.5673
    1392       2.6450
    1393       2.6033
    1394       2.4921
    1395       2.3163
    1396       2.1238
    1397       2.0421
    1398       2.2140
    1399       2.2475
    1400       2.4533
    1401       2.4014
    1402       2.6762
    1403       2.6196
    1404       2.3038
    1405       2.2618
    1406       2.3700
    1407       2.4051
    1408       2.2907
    1409       2.1041
    1410       2.0431
    1411       2.0471
    1412       1.9327
    1413       1.8450
    1414       1.8269
    1415       1.8352
    1416       2.0274
    1417       2.0928
    1418       2.0918
    1419       2.2101
    1420       2.2069
    1421       2.0350
    1422       2.0617
    1423       2.1032
    1424       2.1552
    1425       2.2174
    1426       2.1393
    1427       2.3066
    1428       2.2357
    1429       2.1701
    1430       2.3402
    1431       2.3695
    1432       2.1687
    1433       2.4730
    1434       2.4462
    1435       2.4338
    1436       2.6384
    1437       2.6815
    1438       2.7892
    1439       2.6669
    1440       2.8353
    1441       3.0092
    1442       2.9322
    1443       2.9090
    1444       2.8379
    1445       2.7961
    1446       2.7912
    1447       2.9926
    1448       2.9864
    1449       2.7624
    1450       2.7690
    1451       3.0136
    1452       3.1277
    1453       3.0613
    1454       2.7838
    1455       2.5515
    1456       2.5090
    1457       2.5668
    1458       2.5876
    1459       2.4737
    1460       2.4220
    1461       2.3948
    1462       2.5634
    1463       2.3463
    1464       2.4686
    1465       2.5577
    1466       2.5261
    1467       2.3130
    1468       2.3002
    1469       2.2558
    1470       2.3106
    1471       2.1973
    1472       2.2410
    1473       2.1429
    1474       2.1877
    1475       2.3273
    1476       2.5353
    1477       2.4950
    1478       2.3219
    1479       2.0361
    1480       2.2634
    1481       2.2134
    1482       2.2051
    1483       2.1748
    1484       2.2358
    1485       2.2226
    1486       2.2091
    1487       2.0593
    1488       2.0080
    1489       2.1554
    1490       2.0026
    1491       2.0679
    1492       2.0722
    1493       2.1025
    1494       1.9314
    1495       2.0796
    1496       2.0614
    1497       1.9818
    1498       1.9784
    1499       1.9604
    1500       1.9933
    1501       1.9240
    1502       1.8759
    1503       1.9104
    1504       1.9339
    1505       2.0143
    1506       2.0068
    1507       1.9158
    1508       1.7612
    1509       1.8800
    1510       1.7885
    1511       1.9425
    1512       2.1486
    1513       2.2008
    1514       2.2731
    1515       2.3729
    1516       2.4708
    1517       2.3119
    1518       2.2240
    1519       2.4019
    1520       2.2197
    1521       2.0390
    1522       2.1201
    1523       2.2062
    1524       2.1663
    1525       2.1668
    1526       2.2451
    1527       2.3710
    1528       2.3833
    1529       2.4442
    1530       2.6007
    1531       2.8065
    1532       2.7073
    1533       2.8811
    1534       2.9719
    1535       2.9220
    1536       2.7534
    1537       2.8215
    1538       3.0060
    1539       2.9652
    1540       3.0108
    1541       3.0618
    1542       3.0393
    1543       3.0096
    1544       2.8161
    1545       2.9174
    1546       3.0679
    1547       3.1194
    1548       3.0782
    1549       3.1479
    1550       2.9714
    1551       2.8400
    1552       2.7918
    1553       2.8846
    1554       2.9519
    1555       2.9064
    1556       2.7543
    1557       2.6255
    1558       2.6230
    1559       2.4833
    1560       2.4355
    1561       2.3555
    1562       2.1518
    1563       2.1833
    1564       2.1370
    1565       1.9228
    1566       1.8978
    1567       1.9926
    1568       2.0111
    1569       1.9485
    1570       2.0046
    1571       1.9835
    1572       2.0354
    1573       2.0741
    1574       1.9890
    1575       1.8464
    1576       1.6823
    1577       1.8253
    1578       1.7560
    1579       1.7014
    1580       1.7095
    1581       1.7359
    1582       1.6716
    1583       1.5931
    1584       1.3091
    1585       1.4849
    1586       1.5683
    1587       1.7199
    1588       1.8677
    1589       1.8570
    1590       1.9037
    1591       1.9944
    1592       1.8621
    1593       1.8422
    1594       1.8662
    1595       1.8588
    1596       1.9853
    1597       2.0772
    1598       1.8816
    1599       1.9882
    1600       2.1106
    1601       2.2085
    1602       2.1569
    1603       1.9795
    1604       2.1177
    1605       2.1776
    1606       2.2383
    1607       2.0590
    1608       2.2739
    1609       2.4819
    1610       2.7038
    1611       2.7962
    1612       2.6664
    1613       2.5810
    1614       2.5077
    1615       2.3853
    1616       2.5260
    1617       2.4679
    1618       2.5545
    1619       2.4419
    1620       2.3490
    1621       2.3758
    1622       2.5901
    1623       2.7208
    1624       2.7578
    1625       2.7060
    1626       2.6179
    1627       2.7704
    1628       2.8324
    1629       2.7031
    1630       2.7151
    1631       2.7291
    1632       2.6533
    1633       2.4820
    1634       2.6633
    1635       2.5677
    1636       2.5733
    1637       2.3994
    1638       2.4500
    1639       2.7235
    1640       2.5106
    1641       2.4413
    1642       2.5725
    1643       2.4795
    1644       2.6081
    1645       2.4857
    1646       2.6606
    1647       2.6366
    1648       2.4960
    1649       2.6402
    1650       2.7045
    1651       2.6288
    1652       2.4535
    1653       2.5278
    1654       2.5693
    1655       2.6439
    1656       2.7020
    1657       2.8653
    1658       2.8267
    1659       2.6983
    1660       2.7416
    1661       2.5972
    1662       2.6982
    1663       2.6073
    1664       2.6868
    1665       2.8663
    1666       3.0450
    1667       3.1820
    1668       2.9644
    1669       2.8917
    1670       2.8434
    1671       2.9378
    1672       2.9082
    1673       2.9540
    1674       2.8194
    1675       2.9167
    1676       3.0420
    1677       2.9755
    1678       2.9894
    1679       3.0512
    1680       3.2922
    1681       3.3315
    1682       3.2999
    1683       3.1872
    1684       3.1525
    1685       3.1403
    1686       3.1659
    1687       3.2060
    1688       3.2024
    1689       3.4146
    1690       3.4668
    1691       3.3312
    1692       3.1320
    1693       3.1442
    1694       3.0851
    1695       3.1869
    1696       3.2931
    1697       3.3462
    1698       3.4549
    1699       3.4142
    1700       3.2626
    1701       3.3729
    1702       3.4137
    1703       3.4901
    1704       3.5927
    1705       3.5294
    1706       3.5817
    1707       3.4959
    1708       3.4619
    1709       3.4127
    1710       3.2736
    1711       3.3653
    1712       3.4003
    1713       3.2255
    1714       3.0914
    1715       3.1471
    1716       3.2364
    1717       3.1596
    1718       3.1462
    1719       3.1692
    1720       3.1033
    1721       3.4405
    1722       3.5452
    1723       3.4995
    1724       3.6114
    1725       3.5920
    1726       3.5423
    1727       3.6505
    1728       3.6011
    1729       3.4424
    1730       3.3869
    1731       3.3814
    1732       3.4077
    1733       3.4693
    1734       3.3072
    1735       3.1220
    1736       3.2282
    1737       3.0738
    1738       3.1208
    1739       3.0963
    1740       2.9366
    1741       3.2183
    1742       3.0950
    1743       3.0308
    1744       3.1702
    1745       3.0647
    1746       3.2325
    1747       3.2002
    1748       2.9928
    1749       3.1996
    1750       3.3138
    1751       3.4311
    1752       3.3985
    1753       3.3160
    1754       3.2775
    1755       3.3826
    1756       3.2221
    1757       3.3313
    1758       2.9806
    1759       3.0510
    1760       2.9875
    1761       3.2508
    1762       3.4519
    1763       3.3600
    1764       3.2054
    1765       3.3032
    1766       3.3597
    1767       3.4492
    1768       3.3845
    1769       3.3910
    1770       3.3522
    1771       3.4175
    1772       3.4706
    1773       3.3546
    1774       3.2845
    1775       3.0608
    1776       3.1674
    1777       3.4134
    1778       3.3672
    1779       3.2456
    1780       3.3302
    1781       3.1307
    1782       3.0451
    1783       3.0898
    1784       3.0079
    1785       2.9032
    1786       2.7439
    1787       2.6040
    1788       2.7587
    1789       2.8894
    1790       3.2124
    1791       3.4545
    1792       3.2719
    1793       3.1659
    1794       3.1065
    1795       2.9495
    1796       2.8604
    1797       2.8199
    1798       3.0068
    1799       3.2273
    1800       3.3273
    1801       3.3290
    1802       3.3317
    1803       3.1898
    1804       3.0828
    1805       3.3379
    1806       3.2957
    1807       3.1279
    1808       3.2138
    1809       3.2805
    1810       3.0636
    1811       2.9383
    1812       2.8443
    1813       2.7988
    1814       2.7903
    1815       2.8043
    1816       2.9890
    1817       2.8380
    1818       2.7841
    1819       2.8077
    1820       3.0213
    1821       2.9162
    1822       3.1196
    1823       3.1432
    1824       3.1161
    1825       3.0470
    1826       2.7759
    1827       2.9035
    1828       2.7559
    1829       2.5499
    1830       2.5901
    1831       2.6571
    1832       2.5434
    1833       2.6591
    1834       2.6297
    1835       2.6375
    1836       2.8326
    1837       2.7943
    1838       2.6844
    1839       2.6771
    1840       2.7800
    1841       2.8735
    1842       2.7562
    1843       2.9118
    1844       2.8147
    1845       2.9053
    1846       2.7761
    1847       2.7303
    1848       2.7723
    1849       2.9404
    1850       2.9515
    1851       2.9705
    1852       2.7454
    1853       2.8721
    1854       2.8280
    1855       2.9888
    1856       3.0511
    1857       3.1751
    1858       3.0672
    1859       3.0445
    1860       3.1448
    1861       2.9509
    1862       2.9177
    1863       2.9069
    1864       2.9415
    1865       3.0022
    1866       3.2181
    1867       3.0212
    1868       2.9824
    1869       2.9355
    1870       2.9820
    1871       2.7715
    1872       2.7985
    1873       2.9813
    1874       3.0428
    1875       3.1431
    1876       3.0831
    1877       3.0649
    1878       3.0291
    1879       2.9082
    1880       2.8894
    1881       2.9083
    1882       3.1462
    1883       3.0559
    1884       2.9902
    1885       2.9020
    1886       2.8261
    1887       2.9093
    1888       2.7109
    1889       2.6753
    1890       2.6966
    1891       2.7535
    1892       2.7465
    1893       2.8699
    1894       2.9146
    1895       3.0730
    1896       3.1691
    1897       3.2516
    1898       3.3409
    1899       3.2300
    1900       3.1154
    1901       3.4405
    1902       3.3413
    1903       3.4390
    1904       3.2193
    1905       3.0399
    1906       3.2442
    1907       3.1746
    1908       3.1451
    1909       2.9537
    1910       3.1476
    1911       2.9753
    1912       3.0401
    1913       3.2465
    1914       3.1138
    1915       2.9994
    1916       2.8906
    1917       3.0598
    1918       2.9831
    1919       2.9839
    1920       2.9305
    1921       2.9461
    1922       3.0632
    1923       3.1025
    1924       3.0133
    1925       2.9637
    1926       2.9324
    1927       2.8216
    1928       3.0988
    1929       3.0898
    1930       3.3048
    1931       3.1863
    1932       3.2383
    1933       3.0900
    1934       3.3075
    1935       3.2620
    1936       3.3834
    1937       3.4633
    1938       3.3147
    1939       3.2844
    1940       3.0607
    1941       3.0578
    1942       2.9650
    1943       2.9344
    1944       2.7802
    1945       2.8649
    1946       2.8377
    1947       2.9233
    1948       3.0313
    1949       2.8370
    1950       2.8364
    1951       2.6134
    1952       2.6255
    1953       2.7116
    1954       2.8970
    1955       2.9315
    1956       3.0776
    1957       3.3996
    1958       3.4214
    1959       3.5701
    1960       3.6841
    1961       3.6010
    1962       3.5314
    1963       3.6424
    1964       3.6440
    1965       3.6655
    1966       3.4854
    1967       3.5614
    1968       3.4412
    1969       3.5179
    1970       3.3924
    1971       3.3427
    1972       3.2433
    1973       3.2970
    1974       3.3535
    1975       3.4940
    1976       3.2538
    1977       3.2534
    1978       3.3315
    1979       3.3783
    1980       3.4903
    1981       3.5112
    1982       3.4652
    1983       3.4992
    1984       3.4901
    1985       3.6534
    1986       3.7191
    1987       3.8503
    1988       3.8019
    1989       3.8299
    1990       3.5601
    1991       3.5667
    1992       3.6064
    1993       3.2547
    1994       3.3707
    1995       3.5105
    1996       3.6414
    1997       3.6425
    1998       3.5915
    1999       3.5322
    2000       3.4313
    2001       3.5802
    2002       3.5797
    2003       3.6472
    2004       3.4725
    2005       3.4333
    2006       3.3453
    2007       3.3729
    2008       3.3662
    2009       3.3724
    2010       3.3714
    2011       3.2551
    2012       3.1420
    2013       3.2158
    2014       3.1558
    2015       3.2735
    2016       3.3354
    2017       3.2429
    2018       3.0972
    2019       3.1061
    2020       3.1443
    2021       3.2161
    2022       3.4304
    2023       3.4424
    2024       3.2607
    2025       3.2564
    2026       3.3203
    2027       3.1893
    2028       3.0717
    2029       3.1689
    2030       2.9705
    2031       3.1553
    2032       3.2895
    2033       3.0634
    2034       3.1187
    2035       3.1051
    2036       3.2894
    2037       3.1957
    2038       3.1771
    2039       3.2008
    2040       3.1731
    2041       2.9451
    2042       2.8760
    2043       2.9921
    2044       3.2133
    2045       2.8975
    2046       2.8673
    2047       2.9373
    2048       3.2627
    2049       3.3276
    2050       3.2216
    2051       3.1745
    2052       3.1836
    2053       3.0956
    2054       3.1733
    2055       2.9122
    2056       3.0206
    2057       2.9277
    2058       2.8057
    2059       2.8905
    2060       2.9926
    2061       3.0785
    2062       3.0227
    2063       3.1212
    2064       3.0976
    2065       2.9327
    2066       2.9613
    2067       3.0230
    2068       3.0790
    2069       3.1642
    2070       3.3633
    2071       3.3304
    2072       3.3777
    2073       3.6754
    2074       3.5878
    2075       3.5879
    2076       3.3188
    2077       3.3863
    2078       3.2221
    2079       3.3503
    2080       3.0350
    2081       2.9859
    2082       3.1899
    2083       3.3220
    2084       3.1219
    2085       3.2182
    2086       3.1965
    2087       3.0076
    2088       3.1775
    2089       3.2023
    2090       3.2637
    2091       3.1044
    2092       3.2403
    2093       3.2250
    2094       3.1647
    2095       3.2829
    2096       3.4971
    2097       3.2321
    2098       3.2875
    2099       3.2425
    2100       3.5140
    2101       3.3507
    2102       3.4542
    2103       3.6534
    2104       3.8028
    2105       3.5686
    2106       3.5115
    2107       3.6930
    2108       3.8737
    2109       3.9332
    2110       3.6805
    2111       3.5708
    2112       3.4245
    2113       3.3030
    2114       3.4105
    2115       3.3665
    2116       3.4905
    2117       3.4866
    2118       3.3445
    2119       3.2764
    2120       3.2464
    2121       3.2844
    2122       3.4803
    2123       3.3089
    2124       3.3806
    2125       3.2931
    2126       3.1687
    2127       3.2924
    2128       3.3176
    2129       3.1506
    2130       3.0546
    2131       3.1219
    2132       3.2370
    2133       3.2242
    2134       3.4096
    2135       3.3239
    2136       3.1900
    2137       3.1958
    2138       3.3963
    2139       3.2513
    2140       3.3611
    2141       3.3298
    2142       3.4109
    2143       3.3317
    2144       3.1518
    2145       3.0375
    2146       3.2170
    2147       3.4274
    2148       3.2923
    2149       3.3009
    2150       2.9854
    2151       2.8433
    2152       2.9772
    2153       3.0832
    2154       3.0705
    2155       2.9636
    2156       3.0374
    2157       2.9596
    2158       3.1043
    2159       3.2995
    2160       3.3008
    2161       3.2261
    2162       3.3429
    2163       3.2011
    2164       3.3204
    2165       3.4573
    2166       3.4379
    2167       3.0901
    2168       3.0725
    2169       3.0766
    2170       3.0482
    2171       3.1934
    2172       3.3041
    2173       3.2480
    2174       3.4166
    2175       3.4248
    2176       3.4508
    2177       3.5101
    2178       3.3396
    2179       3.3249
    2180       3.5387
    2181       3.3764
    2182       3.1083
    2183       2.8391
    2184       3.0123
    2185       3.0791
    2186       3.1173
    2187       3.2963
    2188       3.0813
    2189       3.2034
    2190       3.1823
    2191       3.2149
    2192       3.1173
    2193       3.0687
    2194       3.0572
    2195       3.1520
    2196       3.1230
    2197       3.2486
    2198       3.3299
    2199       3.2286
    2200       3.1797
    2201       3.2247
    2202       3.4126
    2203       3.3635
    2204       3.3599
    2205       3.4260
    2206       3.2988
    2207       3.3726
    2208       3.5184
    2209       3.4567
    2210       3.4114
    2211       3.3452
    2212       3.2742
    2213       3.2957
    2214       3.4442
    2215       3.2746
    2216       3.4619
    2217       3.5423
    2218       3.6491
    2219       3.7963
    2220       3.7521
    2221       3.6626
    2222       3.7638
    2223       3.5100
    2224       3.5027
    2225       3.2764
    2226       3.1875
    2227       3.3777
    2228       3.3018
    2229       3.2601
    2230       3.3644
    2231       3.6464
    2232       3.6141
    2233       3.3957
    2234       3.6085
    2235       3.2994
    2236       3.0663
    2237       3.2284
    2238       3.3931
    2239       3.3983
    2240       3.3986
    2241       3.5889
    2242       3.5073
    2243       3.5328
    2244       3.4652
    2245       3.2696
    2246       3.3380
    2247       3.3408
    2248       3.3555
    2249       3.1968
    2250       3.3613
    2251       3.2733
    2252       3.2598
    2253       3.3912
    2254       3.3848
    2255       3.0824
    2256       3.3147
    2257       3.3552
    2258       3.2478
    2259       2.9808
    2260       3.0755
    2261       3.2205
    2262       3.2670
    2263       3.1525
    2264       3.1605
    2265       3.1110
    2266       2.9828
    2267       2.8689
    2268       2.7791
    2269       2.8909
    2270       2.9016
    2271       2.8608
    2272       2.8924
    2273       2.9554
    2274       2.9513
    2275       2.9820
    2276       2.9943
    2277       3.0643
    2278       2.8980
    2279       3.2317
    2280       3.3289
    2281       3.2493
    2282       3.1515
    2283       3.1192
    2284       3.2963
    2285       3.2598
    2286       3.2595
    2287       3.4214
    2288       3.4555
    2289       3.6458
    2290       3.4760
    2291       3.4413
    2292       3.6138
    2293       3.6678
    2294       3.3979
    2295       3.4243
    2296       3.2815
    2297       3.2567
    2298       3.1795
    2299       3.1115
    2300       3.0639
    2301       3.0439
    2302       2.9914
    2303       3.2758
    2304       3.1397
    2305       3.1853
    2306       3.2993
    2307       3.2307
    2308       3.3861
    2309       3.4966
    2310       3.5756
    2311       3.3099
    2312       3.0253
    2313       3.2180
    2314       3.2056
    2315       3.0605
    2316       3.2496
    2317       3.3300
    2318       3.3455
    2319       3.4422
    2320       3.3939
    2321       3.3814
    2322       3.3004
    2323       3.4955
    2324       3.3191
    2325       3.3859
    2326       3.5383
    2327       3.4222
    2328       3.5403
    2329       3.3191
    2330       3.3239
    2331       3.3109
    2332       3.3353
    2333       3.1707
    2334       3.1734
    2335       3.4098
    2336       3.4337
    2337       3.4709
    2338       3.4324
    2339       3.2909
    2340       3.3862
    2341       3.1849
    2342       3.0569
    2343       3.2598
    2344       3.2944
    2345       3.2987
    2346       3.3133
    2347       3.3858
    2348       3.3683
    2349       3.5364
    2350       3.6845
    2351       3.9011
    2352       3.7549
    2353       3.7144
    2354       3.7878
    2355       3.6855
    2356       3.7621
    2357       3.7757
    2358       3.7559
    2359       3.6949
    2360       3.7167
    2361       3.6705
    2362       3.6775
    2363       3.7385
    2364       3.7364
    2365       3.5134
    2366       3.5399
    2367       3.3357
    2368       3.3409
    2369       3.2812
    2370       3.2260
    2371       3.2044
    2372       3.2717
    2373       3.1858
    2374       3.2683
    2375       3.4830
    2376       3.4663
    2377       3.4345
    2378       3.3392
    2379       3.3561
    2380       3.3033
    2381       3.3680
    2382       3.4474
    2383       3.4479
    2384       3.5639
    2385       3.4831
    2386       3.4538
    2387       3.3525
    2388       3.2418
    2389       3.2235
    2390       3.2144
    2391       3.1602
    2392       3.2478
    2393       3.0368
    2394       2.9396
    2395       3.1006
    2396       3.1009
    2397       2.9866
    2398       2.9361
    2399       2.9608
    2400       3.1615
    2401       3.1992
    2402       3.2232
    2403       3.3181
    2404       3.2717
    2405       3.1999
    2406       3.1499
    2407       3.4622
    2408       3.3206
    2409       3.4997
    2410       3.5111
    2411       3.6470
    2412       3.6898
    2413       3.5188
    2414       3.3170
    2415       3.2210
    2416       3.2140
    2417       3.3260
    2418       3.4808
    2419       3.6325
    2420       3.3992
    2421       3.3537
    2422       3.5849
    2423       3.5264
    2424       3.4538
    2425       3.5359
    2426       3.4547
    2427       3.4660
    2428       3.2114
    2429       3.0057
    2430       2.8759
    2431       3.0164
    2432       3.1716
    2433       3.0591
    2434       3.0162
    2435       3.0260
    2436       3.0139
    2437       3.0809
    2438       3.0451
    2439       3.2167
    2440       3.2839
    2441       3.3489
    2442       3.3790
    2443       3.5111
    2444       3.4976
    2445       3.5127
    2446       3.3288
    2447       3.5219
    2448       3.5399
    2449       3.5339
    2450       3.4555
    2451       3.5240
    2452       3.6528
    2453       3.4898
    2454       3.5039
    2455       3.5153
    2456       3.4291
    2457       3.6264
    2458       3.8399
    2459       3.7931
    2460       3.6970
    2461       3.5082
    2462       3.4207
    2463       3.5201
    2464       3.4958
    2465       3.4766
    2466       3.4285
    2467       3.5379
    2468       3.4879
    2469       3.4965
    2470       3.3587
    2471       3.4364
    2472       3.3180
    2473       3.4651
    2474       3.3404
    2475       3.2977
    2476       3.3089
    2477       3.2432
    2478       2.9430
    2479       3.0300
    2480       2.9501
    2481       3.1555
    2482       3.1779
    2483       3.2980
    2484       3.2211
    2485       3.1631
    2486       3.0948
    2487       3.3069
    2488       3.2267
    2489       3.3305
    2490       3.2882
    2491       3.5450
    2492       3.6780
    2493       3.6211
    2494       3.7780
    2495       3.6520
    2496       3.5030
    2497       3.4233
    2498       3.3562
    2499       3.3468
    2500       3.2458
    2501       3.1223
    2502       3.3199
    2503       3.3968
    2504       3.2974
    2505       3.1106
    2506       3.1409
    2507       3.1138
    2508       3.0253
    2509       3.1866
    2510       3.3633
    2511       3.1884
    2512       3.2595
    2513       3.2637
    2514       3.4698
    2515       3.4770
    2516       3.5699
    2517       3.5922
    2518       3.4758
    2519       3.5821
    2520       3.4307
    2521       3.5817
    2522       3.4416
    2523       3.4162
    2524       3.4498
    2525       3.3450
    2526       3.2466
    2527       3.0586
    2528       3.0924
    2529       2.8816
    2530       2.9466
    2531       3.0134
    2532       3.1519
    2533       3.2302
    2534       3.1834
    2535       3.3717
    2536       3.3801
    2537       3.5829
    2538       3.5700
    2539       3.9299
    2540       3.9348
    2541       3.8973
    2542       3.8035
    2543       3.8971
    2544       3.8590
    2545       3.8510
    2546       3.6400
    2547       3.5043
    2548       3.7432
    2549       3.6356
    2550       3.6076
    2551       3.6243
    2552       3.5147
    2553       3.3159
    2554       3.2881
    2555       3.5276
    2556       3.4706
    2557       3.6768
    2558       3.6528
    2559       3.4750
    2560       3.3795
    2561       3.3838
    2562       3.1812
    2563       3.2537
    2564       3.4369
    2565       3.4274
    2566       3.4242
    2567       3.4169
    2568       3.5591
    2569       3.5541
    2570       3.3558
    2571       3.2513
    2572       3.1653
    2573       3.2782
    2574       2.9425
    2575       2.8738
    2576       2.8914
    2577       2.9234
    2578       2.9517
    2579       2.9774
    2580       2.9125
    2581       2.8959
    2582       2.7575
    2583       2.7786
    2584       2.7949
    2585       2.6884
    2586       2.7881
    2587       2.7327
    2588       2.8351
    2589       2.8391
    2590       2.7210
    2591       2.7897
    2592       2.8080
    2593       2.8607
    2594       2.8698
    2595       3.0814
    2596       3.0771
    2597       3.3111
    2598       3.1095
    2599       3.0227
    2600       3.2279
    2601       3.3117
    2602       3.2606
    2603       3.2798
    2604       3.4334
    2605       3.2313
    2606       3.0173
    2607       3.1318
    2608       3.2959
    2609       3.2300
    2610       3.1634
    2611       3.3926
    2612       3.2316
    2613       3.3224
    2614       3.1243
    2615       2.9457
    2616       2.9111
    2617       2.7426
    2618       2.8331
    2619       2.8129
    2620       2.9098
    2621       3.0840
    2622       3.1760
    2623       2.9453
    2624       2.9218
    2625       2.9165
    2626       2.8681
    2627       2.9745
    2628       2.7841
    2629       2.8211
    2630       2.8171
    2631       2.9265
    2632       3.3688
    2633       3.2235
    2634       3.2650
    2635       3.2011
    2636       3.2465
    2637       3.1436
    2638       3.0158
    2639       3.1417
    2640       3.1137
    2641       3.1369
    2642       3.1803
    2643       3.1047
    2644       2.9129
    2645       2.8968
    2646       3.0865
    2647       3.0048
    2648       2.9091
    2649       2.9756
    2650       2.9574
    2651       3.0210
    2652       3.1381
    2653       3.2694
    2654       3.2596
    2655       3.2259
    2656       3.1713
    2657       3.1750
    2658       3.1208
    2659       3.1211
    2660       3.0672
    2661       3.2881
    2662       3.3634
    2663       3.3250
    2664       3.1001
    2665       3.0457
    2666       3.0465
    2667       2.9504
    2668       3.0681
    2669       2.8539
    2670       2.9200
    2671       3.0385
    2672       2.9906
    2673       2.8436
    2674       2.9105
    2675       2.8557
    2676       2.7346
    2677       2.7750
    2678       2.7058
    2679       2.9676
    2680       2.9485
    2681       2.9870
    2682       2.9020
    2683       2.6050
    2684       2.6492
    2685       2.8692
    2686       3.1931
    2687       3.1613
    2688       3.1381
    2689       2.9119
    2690       2.7747
    2691       2.7530
    2692       2.6995
    2693       2.6475
    2694       2.5885
    2695       2.5544
    2696       2.4344
    2697       2.6206
    2698       2.4156
    2699       2.4722
    2700       2.3610
    2701       2.3686
    2702       2.5650
    2703       2.5170
    2704       2.6712
    2705       2.6220
    2706       2.6824
    2707       2.6096
    2708       2.8420
    2709       2.9558
    2710       2.9463
    2711       2.9396
    2712       2.9354
    2713       3.0135
    2714       3.0699
    2715       3.0236
    2716       2.8206
    2717       2.5848
    2718       2.6703
    2719       2.8122
    2720       3.0437
    2721       3.1888
    2722       3.1778
    2723       3.1581
    2724       3.2377
    2725       3.3443
    2726       3.3078
    2727       3.2510
    2728       3.4293
    2729       3.2632
    2730       3.2080
    2731       3.1587
    2732       3.3175
    2733       3.1434
    2734       3.2073
    2735       3.1844
    2736       3.1400
    2737       3.1170
    2738       3.0356
    2739       3.1098
    2740       3.0701
    2741       2.8392
    2742       2.7500
    2743       2.7851
    2744       2.8280
    2745       2.6080
    2746       2.6439
    2747       2.6901
    2748       2.7993
    2749       2.8986
    2750       3.1472
    2751       3.1587
    2752       2.8238
    2753       3.0116
    2754       3.1388
    2755       3.2541
    2756       3.2512
    2757       3.1072
    2758       3.1434
    2759       3.1076
    2760       3.0526
    2761       3.0912
    2762       3.1511
    2763       3.0114
    2764       2.9603
    2765       3.0679
    2766       3.0130
    2767       3.0175
    2768       2.9070
    2769       2.9390
    2770       2.9737
    2771       3.1163
    2772       2.8885
    2773       2.7966
    2774       2.6466
    2775       2.6804
    2776       2.6391
    2777       2.6402
    2778       2.7503
    2779       2.8823
    2780       2.7296
    2781       2.8222
    2782       2.6945
    2783       2.7635
    2784       2.5155
    2785       2.5932
    2786       2.5500
    2787       2.3066
    2788       2.6549
    2789       2.6511
    2790       2.6937
    2791       2.8107
    2792       2.9426
    2793       2.9368
    2794       2.8580
    2795       3.1116
    2796       2.9980
    2797       2.9936
    2798       2.8764
    2799       2.9200
    2800       3.0900
    2801       3.1446
    2802       3.0316
    2803       2.9394
    2804       2.7713
    2805       2.5929
    2806       2.5803
    2807       2.7201
    2808       2.6734
    2809       2.5950
    2810       2.5103
    2811       2.6758
    2812       2.6940
    2813       2.8538
    2814       2.7307
    2815       2.7516
    2816       2.7569
    2817       2.6654
    2818       2.8441
    2819       2.9831
    2820       2.9376
    2821       3.0163
    2822       2.9657
    2823       3.0082
    2824       3.1599
    2825       3.3210
    2826       3.3593
    2827       3.3486
    2828       3.5911
    2829       3.5506
    2830       3.5126
    2831       3.3600
    2832       3.3223
    2833       3.0493
    2834       3.0464
    2835       3.1478
    2836       3.0552
    2837       3.1333
    2838       3.0339
    2839       3.0182
    2840       2.7663
    2841       2.7732
    2842       2.6599
    2843       2.7545
    2844       2.6460
    2845       2.6022
    2846       2.6472
    2847       2.6671
    2848       2.9119
    2849       2.7980
    2850       2.8511
    2851       2.7009
    2852       2.5519
    2853       2.6001
    2854       2.4824
    2855       2.6824
    2856       2.5896
    2857       2.5944
    2858       2.6431
    2859       2.5276
    2860       2.5933
    2861       2.8841
    2862       2.6457
    2863       2.7729
    2864       2.8233
    2865       2.6447
    2866       2.7922
    2867       2.8081
    2868       2.8127
    2869       2.9434
    2870       2.8900
    2871       2.9435
    2872       2.8362
    2873       2.9310
    2874       3.0878
    2875       2.9686
    2876       3.0567
    2877       3.0029
    2878       2.7500
    2879       2.7326
    2880       2.7391
    2881       2.8301
    2882       2.8426
    2883       2.7901
    2884       3.0383
    2885       2.9237
    2886       3.0665
    2887       2.9027
    2888       2.8401
    2889       2.8287
    2890       2.9201
    2891       2.9163
    2892       3.0574
    2893       3.3577
    2894       3.0799
    2895       2.9233
    2896       2.7781
    2897       2.6821
    2898       2.7344
    2899       2.5877
    2900       2.8224
    2901       2.8843
    2902       2.8974
    2903       3.0054
    2904       2.8929
    2905       3.0770
    2906       3.2638
    2907       3.2720
    2908       3.1730
    2909       3.2049
    2910       3.2549
    2911       3.0031
    2912       3.0723
    2913       3.0002
    2914       3.2467
    2915       3.2709
    2916       3.2228
    2917       3.1941
    2918       3.1209
    2919       3.1916
    2920       2.9748
    2921       2.6820
    2922       2.8225
    2923       2.7094
    2924       2.7078
    2925       2.7166
    2926       2.7324
    2927       2.9529
    2928       3.1633
    2929       3.2578
    2930       3.4591
    2931       3.4402
    2932       3.3829
    2933       3.3486
    2934       3.2549
    2935       3.3529
    2936       3.4812
    2937       3.5734
    2938       3.6395
    2939       3.5092
    2940       3.4915
    2941       3.4910
    2942       3.5272
    2943       3.2517
    2944       3.3916
    2945       3.3072
    2946       3.5456
    2947       3.5418
    2948       3.2732
    2949       3.3730
    2950       3.6080
    2951       3.4924
    2952       3.6409
    2953       3.5677
    2954       3.5212
    2955       3.7021
    2956       3.6685
    2957       3.4698
    2958       3.5967
    2959       3.5921
    2960       3.5132
    2961       3.5494
    2962       3.3962
    2963       3.2175
    2964       3.2391
    2965       3.2624
    2966       2.9830
    2967       2.9775
    2968       2.8484
    2969       2.8129
    2970       3.0756
    2971       2.9754
    2972       2.9093
    2973       3.2404
    2974       3.1913
    2975       2.9795
    2976       2.9584
    2977       2.9938
    2978       2.8395
    2979       2.9031
    2980       2.8311
    2981       2.8075
    2982       3.0721
    2983       2.9944
    2984       3.1094
    2985       3.3306
    2986       3.1365
    2987       3.1286
    2988       3.2677
    2989       3.2564
    2990       3.1140
    2991       3.1818
    2992       3.1772
    2993       3.1909
    2994       3.2614
    2995       2.9617
    2996       3.1255
    2997       3.0024
    2998       2.9644
    2999       2.7680
    3000       2.7385
    3001       2.9818
    3002       2.9715
    3003       3.0817
    3004       3.1252
    3005       2.8526
    3006       2.7045
    3007       2.7131
    3008       2.6967
    3009       2.6375
    3010       2.5223
    3011       2.7548
    3012       2.6541
    3013       2.8203
    3014       2.7975
    3015       2.7144
    3016       2.6106
    3017       2.3959
    3018       2.4793
    3019       2.4067
    3020       2.4308
    3021       2.7013
    3022       2.5610
    3023       2.7197
    3024       2.5537
    3025       2.7705
    3026       2.7605
    3027       2.7608
    3028       2.4370
    3029       2.7274
    3030       2.7991
    3031       2.9726
    3032       2.9869
    3033       2.8907
    3034       3.0377
    3035       3.1437
    3036       3.1736
    3037       3.2593
    3038       3.1505
    3039       3.2895
    3040       3.1979
    3041       3.0343
    3042       3.0839
    3043       3.0930
    3044       2.8962
    3045       2.9903
    3046       2.8895
    3047       2.9523
    3048       2.9848
    3049       2.4981
    3050       2.5945
    3051       2.8190
    3052       2.8509
    3053       2.6160
    3054       2.5866
    3055       2.5302
    3056       2.4847
    3057       2.6544
    3058       2.7311
    3059       2.6960
    3060       2.8197
    3061       2.7047
    3062       2.7164
    3063       2.5358
    3064       2.5755
    3065       2.8258
    3066       2.8494
    3067       2.7809
    3068       2.7586
    3069       2.8029
    3070       3.0020
    3071       2.9357
    3072       2.8522
    3073       3.0501
    3074       3.2696
    3075       3.3587
    3076       3.3179
    3077       3.3461
    3078       3.3691
    3079       3.6139
    3080       3.9443
    3081       3.8065
    3082       3.6572
    3083       3.7570
    3084       4.0399
    3085       4.0728
    3086       3.9877
    3087       4.0816
    3088       4.2189
    3089       4.0906
    3090       4.1322
    3091       3.8340
    3092       4.0469
    3093       4.0391
    3094       3.9068
    3095       4.0809
    3096       4.0089
    3097       3.8466
    3098       3.8334
    3099       3.6258
    3100       3.4052
    3101       3.2748
    3102       3.2088
    3103       3.2603
    3104       3.4911
    3105       3.2711
    3106       3.6698
    3107       3.8396
    3108       3.6745
    3109       3.4331
    3110       3.4320
    3111       3.4401
    3112       3.5517
    3113       3.4644
    3114       3.4575
    3115       3.4295
    3116       3.5851
    3117       3.7932
    3118       3.7759
    3119       3.5931
    3120       3.6189
    3121       3.7368
    3122       3.7819
    3123       3.8260
    3124       3.7136
    3125       3.7146
    3126       3.9077
    3127       3.9032
    3128       3.8565
    3129       3.5951
    3130       3.6770
    3131       3.6102
    3132       3.6187
    3133       3.6101
    3134       3.4639
    3135       3.4594
    3136       3.5083
    3137       3.3948
    3138       3.4023
    3139       3.5117
    3140       3.4086
    3141       3.7231
    3142       4.1800
    3143       4.1487
    3144       3.9881
    3145       4.0081
    3146       4.0388
    3147       3.9348
    3148       3.8222
    3149       3.6680
    3150       3.6556
    3151       3.7089
    3152       3.6538
    3153       3.6737
    3154       3.7331
    3155       3.6902
    3156       3.6065
    3157       3.5219
    3158       3.4554
    3159       3.5413
    3160       3.4493
    3161       3.3831
    3162       3.3858
    3163       3.4063
    3164       3.3282
    3165       3.5108
    3166       3.5198
    3167       3.4209
    3168       3.4717
    3169       3.2160
    3170       3.3335
    3171       3.0670
    3172       3.1515
    3173       3.0503
    3174       3.1856
    3175       3.2259
    3176       3.4828
    3177       3.3723
    3178       3.3029
    3179       3.3151
    3180       3.3836
    3181       3.5654
    3182       3.4825
    3183       3.3968
    3184       3.1642
    3185       2.9952
    3186       3.0533
    3187       3.0394
    3188       2.8872
    3189       2.8166
    3190       2.8052
    3191       2.5953
    3192       2.6648
    3193       2.8412
    3194       3.1234
    3195       2.9195
    3196       2.8019
    3197       2.6569
    3198       2.5681
    3199       2.7201
    3200       2.9260
    3201       3.1211
    3202       3.2723
    3203       3.3875
    3204       3.2497
    3205       3.3312
    3206       3.4301
    3207       3.5604
    3208       3.5472
    3209       3.8536
    3210       3.8053
    3211       3.7336
    3212       3.5498
    3213       3.4347
    3214       3.5121
    3215       3.6285
    3216       3.8655
    3217       3.8970
    3218       3.7586
    3219       3.8452
    3220       3.8293
    3221       3.8618
    3222       3.7129
    3223       3.8212
    3224       3.8059
    3225       3.6934
    3226       3.4955
    3227       3.6527
    3228       3.5603
    3229       3.3336
    3230       3.1764
    3231       3.3562
    3232       3.5239
    3233       3.5364
    3234       3.4839
    3235       3.7788
    3236       3.8239
    3237       3.5144
    3238       3.6040
    3239       3.6382
    3240       3.7057
    3241       3.5173
    3242       3.8003
    3243       3.7627
    3244       3.6826
    3245       3.6692
    3246       3.8058
    3247       3.5852
    3248       3.6400
    3249       3.8250
    3250       3.7776
    3251       3.7293
    3252       3.4273
    3253       3.4987
    3254       3.6199
    3255       3.7919
    3256       3.7179
    3257       3.5759
    3258       3.4936
    3259       3.6316
    3260       3.4508
    3261       3.4951
    3262       3.3199
    3263       3.3477
    3264       3.6289
    3265       3.7081
    3266       3.9823
    3267       4.0903
    3268       3.9832
    3269       3.8528
    3270       3.7440
    3271       3.8954
    3272       4.0102
    3273       3.6602
    3274       3.4972
    3275       3.4428
    3276       3.5523
    3277       3.4294
    3278       3.4065
    3279       3.4131
    3280       3.3057
    3281       3.3178
    3282       3.3336
    3283       3.2788
    3284       3.2801
    3285       3.3958
    3286       3.5040
    3287       3.4599
    3288       3.5985
    3289       3.4078
    3290       3.6425
    3291       3.4293
    3292       3.5979
    3293       3.3831
    3294       3.3985
    3295       3.3663
    3296       3.4223
    3297       3.5030
    3298       3.4759
    3299       3.4024
    3300       3.4521
    3301       3.3055
    3302       3.3433
    3303       3.5085
    3304       3.5171
    3305       3.2673
    3306       3.3671
    3307       3.1516
    3308       3.4161
    3309       3.2358
    3310       3.2937
    3311       3.4071
    3312       3.3532
    3313       3.2975
    3314       3.4432
    3315       3.4620
    3316       3.5229
    3317       3.4342
    3318       3.5364
    3319       3.5611
    3320       3.4013
    3321       3.2075
    3322       2.9958
    3323       3.1412
    3324       2.7928
    3325       2.7447
    3326       2.8259
    3327       2.7366
    3328       2.7730
    3329       2.7695
    3330       2.7868
    3331       2.8531
    3332       2.9184
    3333       2.9384
    3334       2.8900
    3335       2.8126
    3336       2.9309
    3337       3.0663
    3338       3.1407
    3339       3.0840
    3340       3.1220
    3341       2.8658
    3342       2.8833
    3343       2.7082
    3344       2.7095
    3345       2.6062
    3346       2.6374
    3347       2.8152
    3348       2.7563
    3349       2.8292
    3350       2.7412
    3351       2.9104
    3352       2.8576
    3353       2.6134
    3354       2.3779
    3355       2.4268
    3356       2.3545
    3357       2.2455
    3358       2.3487
    3359       2.6860
    3360       2.3637
    3361       2.4168
    3362       2.5431
    3363       2.5997
    3364       2.3857
    3365       2.4976
    3366       2.3185
    3367       2.4659
    3368       2.3339
    3369       2.4883
    3370       2.6189
    3371       2.5882
    3372       2.5074
    3373       2.5647
    3374       2.4842
    3375       2.4248
    3376       2.5289
    3377       2.6954
    3378       2.6713
    3379       2.7231
    3380       2.6575
    3381       2.5998
    3382       2.6782
    3383       2.5803
    3384       2.7224
    3385       2.8354
    3386       2.8377
    3387       2.9237
    3388       2.7614
    3389       2.7099
    3390       2.7461
    3391       2.6409
    3392       2.4216
    3393       2.5229
    3394       2.7679
    3395       2.8668
    3396       2.9164
    3397       3.0217
    3398       3.0648
    3399       2.8651
    3400       2.9556
    3401       3.0551
    3402       3.0048
    3403       3.0078
    3404       3.0582
    3405       3.0966
    3406       3.0227
    3407       3.0227
    3408       2.9883
    3409       3.0663
    3410       3.0638
    3411       3.3979
    3412       3.2800
    3413       3.4036
    3414       3.4496
    3415       3.4642
    3416       3.3219
    3417       3.2166
    3418       3.1660
    3419       3.2154
    3420       3.1476
    3421       2.9158
    3422       2.7082
    3423       2.6968
    3424       2.6016
    3425       2.7335
    3426       2.6986
    3427       2.5377
    3428       2.6424
    3429       2.7619
    3430       2.6966
    3431       2.5129
    3432       2.5183
    3433       2.5259
    3434       2.3607
    3435       2.4386
    3436       2.6472
    3437       2.4198
    3438       2.5399
    3439       2.6701
    3440       2.7954
    3441       3.0548
    3442       3.0635
    3443       3.0247
    3444       2.8252
    3445       2.9349
    3446       3.1250
    3447       3.2712
    3448       3.3696
    3449       3.3099
    3450       3.2133
    3451       2.9998
    3452       2.9326
    3453       2.8164
    3454       2.9349
    3455       2.9754
    3456       3.0073
    3457       2.7372
    3458       2.7555
    3459       2.6840
    3460       2.6795
    3461       2.6731
    3462       2.7039
    3463       2.8592
    3464       3.0100
    3465       3.0002
    3466       3.0089
    3467       2.8825
    3468       2.7511
    3469       2.8278
    3470       2.8829
    3471       2.8235
    3472       2.8412
    3473       2.6024
    3474       2.7408
    3475       2.7669
    3476       2.8851
    3477       2.9444
    3478       2.8828
    3479       2.9880
    3480       2.8146
    3481       2.7802
    3482       2.8637
    3483       2.6531
    3484       2.6220
    3485       2.8746
    3486       2.7704
    3487       2.8001
    3488       2.5430
    3489       2.7241
    3490       2.8614
    3491       2.6895
    3492       2.7461
    3493       2.8784
    3494       2.7081
    3495       2.6744
    3496       2.8309
    3497       2.7641
    3498       2.8144
    3499       2.9650
    3500       2.9340
    3501       3.2535
    3502       3.0088
    3503       2.8494
    3504       2.8054
    3505       2.7076
    3506       3.0010
    3507       2.9025
    3508       2.7393
    3509       2.8350
    3510       2.8749
    3511       2.8472
    3512       2.8885
    3513       2.7887
    3514       2.6293
    3515       2.7259
    3516       2.4970
    3517       2.4395
    3518       2.4117
    3519       2.6511
    3520       2.6311
    3521       2.6686
    3522       2.7301
    3523       2.8315
    3524       2.7865
    3525       2.7629
    3526       2.7166
    3527       2.5476
    3528       2.5882
    3529       2.5163
    3530       2.5579
    3531       2.6987
    3532       2.7550
    3533       2.6613
    3534       2.8060
    3535       2.8731
    3536       2.7011
    3537       2.8007
    3538       2.8764
    3539       2.9030
    3540       2.6574
    3541       2.8044
    3542       2.8269
    3543       2.8547
    3544       2.8226
    3545       3.1822
    3546       3.1302
    3547       3.0518
    3548       3.0251
    3549       2.8509
    3550       3.0446
    3551       2.9543
    3552       3.0209
    3553       2.9998
    3554       2.9005
    3555       3.0797
    3556       3.1147
    3557       3.1443
    3558       2.9611
    3559       3.0166
    3560       2.9197
    3561       2.9188
    3562       3.0656
    3563       3.2151
    3564       3.0595
    3565       2.9568
    3566       3.0465
    3567       2.9066
    3568       3.0862
    3569       2.8543
    3570       2.9319
    3571       2.7789
    3572       2.8799
    3573       2.8756
    3574       2.8751
    3575       3.0944
    3576       3.0335
    3577       2.9533
    3578       2.9497
    3579       3.0108
    3580       2.9296
    3581       2.8445
    3582       2.8321
    3583       2.7514
    3584       2.7367
    3585       2.7503
    3586       2.8133
    3587       2.7254
    3588       2.8646
    3589       2.9560
    3590       3.0293
    3591       2.9934
    3592       2.9562
    3593       3.0911
    3594       2.8642
    3595       2.4929
    3596       2.6965
    3597       2.7156
    3598       2.5863
    3599       2.5759
    3600       2.5962
    3601       2.6150
    3602       2.5947
    3603       2.5777
    3604       2.6697
    3605       2.4768
    3606       2.5195
    3607       2.5956
    3608       2.8699
    3609       2.5886
    3610       2.5636
    3611       2.6144
    3612       2.5678
    3613       2.4500
    3614       2.5374
    3615       2.5054
    3616       2.5791
    3617       2.7884
    3618       2.7040
    3619       2.6836
    3620       2.5662
    3621       2.7044
    3622       2.7349
    3623       2.7626
    3624       2.7804
    3625       2.6036
    3626       2.6051
    3627       2.6930
    3628       2.8121
    3629       2.8413
    3630       2.8216
    3631       2.7205
    3632       2.7913
    3633       2.6605
    3634       2.6785
    3635       2.3713
    3636       2.3060
    3637       2.3045
    3638       2.2930
    3639       2.2921
    3640       2.4432
    3641       2.5450
    3642       2.5472
    3643       2.5201
    3644       2.6496
    3645       2.5450
    3646       2.6173
    3647       2.5587
    3648       2.7206
    3649       2.7846
    3650       2.8477
    3651       2.8914
    3652       2.6645
    3653       2.5588
    3654       2.8629
    3655       2.8729
    3656       2.9675
    3657       2.7194
    3658       2.6431
    3659       2.8601
    3660       2.9040
    3661       2.8976
    3662       2.9627
    3663       2.7722
    3664       2.7040
    3665       2.6233
    3666       2.6599
    3667       2.3983
    3668       2.4501
    3669       2.3833
    3670       2.1454
    3671       2.2438
    3672       2.1951
    3673       2.1996
    3674       2.3124
    3675       2.2568
    3676       2.2602
    3677       2.4347
    3678       2.4115
    3679       2.5416
    3680       2.6924
    3681       2.6051
    3682       2.6406
    3683       2.8577
    3684       2.8122
    3685       2.7694
    3686       2.6912
    3687       2.6239
    3688       2.5868
    3689       2.6447
    3690       2.6044
    3691       2.7198
    3692       2.7246
    3693       2.6528
    3694       2.7251
    3695       2.8911
    3696       2.8829
    3697       2.8121
    3698       2.6665
    3699       2.6721
    3700       2.7496
    3701       2.7453
    3702       2.6117
    3703       2.4817
    3704       2.7233
    3705       2.6531
    3706       2.7834
    3707       2.8850
    3708       2.8243
    3709       2.8683
    3710       3.0697
    3711       2.8504
    3712       2.9979
    3713       2.8777
    3714       2.7391
    3715       2.7395
    3716       2.7888
    3717       2.7422
    3718       2.7090
    3719       2.6869
    3720       2.8318
    3721       2.6389
    3722       2.4942
    3723       2.5386
    3724       2.4517
    3725       2.2318
    3726       2.3170
    3727       2.3162
    3728       2.3498
    3729       2.2890
    3730       2.4107
    3731       2.4102
    3732       2.3067
    3733       2.4486
    3734       2.3746
    3735       2.2781
    3736       2.4289
    3737       2.3737
    3738       2.5830
    3739       2.5758
    3740       2.6037
    3741       2.7763
    3742       2.6616
    3743       2.5890
    3744       2.6839
    3745       2.5737
    3746       2.5276
    3747       2.5525
    3748       2.4100
    3749       2.2358
    3750       2.4010
    3751       2.5389
    3752       2.6496
    3753       2.7563
    3754       2.7382
    3755       2.8855
    3756       3.0313
    3757       2.7577
    3758       2.8219
    3759       2.8638
    3760       3.0170
    3761       2.8602
    3762       2.8104
    3763       2.5484
    3764       2.6220
    3765       2.7576
    3766       2.7745
    3767       2.7413
    3768       2.7477
    3769       2.7509
    3770       2.8479
    3771       2.7488
    3772       2.5133
    3773       2.4781
    3774       2.6249
    3775       2.5483
    3776       2.3914
    3777       2.3266
    3778       2.4874
    3779       2.5701
    3780       2.4796
    3781       2.4043
    3782       2.5333
    3783       2.6194
    3784       2.4818
    3785       2.5994
    3786       2.5425
    3787       2.6699
    3788       2.6928
    3789       2.8368
    3790       2.5683
    3791       2.7167
    3792       2.6691
    3793       2.8100
    3794       2.7678
    3795       2.7843
    3796       2.7956
    3797       2.9323
    3798       2.9041
    3799       2.8723
    3800       2.9287
    3801       2.9179
    3802       2.9187
    3803       2.7803
    3804       2.8166
    3805       3.0052
    3806       3.0588
    3807       2.9701
    3808       3.0507
    3809       2.9410
    3810       3.0036
    3811       3.1399
    3812       3.1523
    3813       3.1798
    3814       3.0164
    3815       3.1292
    3816       3.2269
    3817       3.0187
    3818       2.9881
    3819       3.0338
    3820       2.9831
    3821       2.8895
    3822       3.1501
    3823       3.0956
    3824       2.9915
    3825       2.9262
    3826       2.8566
    3827       2.7196
    3828       2.7361
    3829       2.6276
    3830       2.6259
    3831       2.7950
    3832       2.7836
    3833       2.6377
    3834       2.8591
    3835       2.7206
    3836       2.9758
    3837       2.7446
    3838       2.8060
    3839       2.6627
    3840       2.5126
    3841       2.4919
    3842       2.7301
    3843       2.6927
    3844       2.6765
    3845       2.6314
    3846       2.4579
    3847       2.6451
    3848       2.7291
    3849       2.8738
    3850       2.8948
    3851       2.8375
    3852       2.6821
    3853       2.5979
    3854       2.4465
    3855       2.4395
    3856       2.7302
    3857       2.8146
    3858       2.8553
    3859       2.8961
    3860       2.9750
    3861       2.7380
    3862       2.8164
    3863       2.7090
    3864       2.8465
    3865       2.6612
    3866       2.8506
    3867       2.8278
    3868       2.7270
    3869       2.7805
    3870       2.7883
    3871       2.7844
    3872       2.8765
    3873       3.0052
    3874       3.0914
    3875       3.2126
    3876       3.0453
    3877       2.9435
    3878       2.9752
    3879       2.9390
    3880       2.9190
    3881       2.7974
    3882       2.7630
    3883       2.5518
    3884       2.6614
    3885       2.5385
    3886       2.5915
    3887       2.5159
    3888       2.5835
    3889       2.3882
    3890       2.4474
    3891       2.5578
    3892       2.5377
    3893       2.6489
    3894       2.6178
    3895       2.4675
    3896       2.6198
    3897       2.5993
    3898       2.5636
    3899       2.6095
    3900       2.5517
    3901       2.6111
    3902       2.4367
    3903       2.4810
    3904       2.4111
    3905       2.2616
    3906       2.2837
    3907       2.3663
    3908       2.4233
    3909       2.5479
    3910       2.4169
    3911       2.4975
    3912       2.4996
    3913       2.5829
    3914       2.5696
    3915       2.5381
    3916       2.4882
    3917       2.5442
    3918       2.6135
    3919       2.6261
    3920       2.5534
    3921       2.8181
    3922       2.5576
    3923       2.7440
    3924       2.5924
    3925       2.6896
    3926       2.6757
    3927       2.8563
    3928       2.7159
    3929       2.6970
    3930       2.7486
    3931       2.7357
    3932       2.7383
    3933       2.7842
    3934       2.7050
    3935       2.7453
    3936       2.7730
    3937       2.6200
    3938       2.6566
    3939       2.7386
    3940       2.6256
    3941       2.5216
    3942       2.7964
    3943       2.9645
    3944       2.8349
    3945       2.7178
    3946       2.7292
    3947       2.5966
    3948       2.8393
    3949       2.6931
    3950       2.6638
    3951       2.7838
    3952       2.7891
    3953       2.8093
    3954       2.7314
    3955       2.5371
    3956       2.3822
    3957       2.3952
    3958       2.6834
    3959       2.5819
    3960       2.5690
    3961       2.5095
    3962       2.5518
    3963       2.4275
    3964       2.3837
    3965       2.5286
    3966       2.5580
    3967       2.4833
    3968       2.3836
    3969       2.4829
    3970       2.2587
    3971       2.2962
    3972       2.4689
    3973       2.3578
    3974       2.2593
    3975       2.2127
    3976       2.3794
    3977       2.2838
    3978       2.3062
    3979       2.3295
    3980       2.2108
    3981       2.3122
    3982       2.3965
    3983       2.3396
    3984       2.5404
    3985       2.3949
    3986       2.4461
    3987       2.5530
    3988       2.4683
    3989       2.5214
    3990       2.5296
    3991       2.4210
    3992       2.3247
    3993       2.4656
    3994       2.5059
    3995       2.6996
    3996       2.7385
    3997       2.4587
    3998       2.6427
    3999       2.5212
    4000       2.4267
    4001       2.4581
    4002       2.4415
    4003       2.4926
    4004       2.5859
    4005       2.5599
    4006       2.7293
    4007       2.5022
    4008       2.3482
    4009       2.4822
    4010       2.4631
    4011       2.5661
    4012       2.5041
    4013       2.5196
    4014       2.3880
    4015       2.3645
    4016       2.4718
    4017       2.5622
    4018       2.5566
    4019       2.4381
    4020       2.4739
    4021       2.6327
    4022       2.6047
    4023       2.5227
    4024       2.5898
    4025       2.6758
    4026       2.5078
    4027       2.5367
    4028       2.4658
    4029       2.4874
    4030       2.4023
    4031       2.2800
    4032       2.3467
    4033       2.2924
    4034       2.4272
    4035       2.5128
    4036       2.4385
    4037       2.4773
    4038       2.4068
    4039       2.3478
    4040       2.2313
    4041       2.2366
    4042       2.3741
    4043       2.2163
    4044       2.3284
    4045       2.4150
    4046       2.3332
    4047       2.3679
    4048       2.2375
    4049       2.0644
    4050       2.0805
    4051       2.1975
    4052       2.0299
    4053       2.0659
    4054       1.8901
    4055       1.7666
    4056       1.7478
    4057       1.7303
    4058       1.9134
    4059       1.8784
    4060       2.0365
    4061       2.0871
    4062       2.1397
    4063       2.1756
    4064       2.1239
    4065       1.9519
    4066       2.0581
    4067       1.9729
    4068       1.9622
    4069       2.1234
    4070       2.2005
    4071       2.0320
    4072       2.1826
    4073       2.2013
    4074       2.1176
    4075       2.1388
    4076       2.0795
    4077       1.9881
    4078       1.9674
    4079       2.0808
    4080       1.9958
    4081       2.1352
    4082       2.1114
    4083       2.0781
    4084       1.9806
    4085       2.0890
    4086       2.1106
    4087       2.1521
    4088       2.1779
    4089       1.9896
    4090       1.9525
    4091       2.1068
    4092       2.0621
    4093       2.1051
    4094       2.0258
    4095       2.1547
    4096       2.0869
    4097       2.3404
    4098       2.2994
    4099       2.3058
    4100       2.3696
    4101       2.3779
    4102       2.3612
    4103       2.4772
    4104       2.6488
    4105       2.8696
    4106       2.8026
    4107       2.6702
    4108       2.6846
    4109       2.6663
    4110       2.6047
    4111       2.6596
    4112       2.6430
    4113       2.4777
    4114       2.4265
    4115       2.1946
    4116       2.2389
    4117       2.3782
    4118       2.3208
    4119       2.3795
    4120       2.3711
    4121       2.3850
    4122       2.6250
    4123       2.3527
    4124       2.3795
    4125       2.2366
    4126       2.1347
    4127       2.2366
    4128       2.4346
    4129       2.3168
    4130       2.3233
    4131       2.2808
    4132       2.2827
    4133       2.1555
    4134       2.1900
    4135       2.2263
    4136       1.9830
    4137       2.1572
    4138       2.1924
    4139       2.0790
    4140       2.1406
    4141       2.4346
    4142       2.2793
    4143       2.4374
    4144       2.5881
    4145       2.3772
    4146       2.2705
    4147       2.0928
    4148       2.2856
    4149       2.3817
    4150       2.3536
    4151       2.5644
    4152       2.6133
    4153       2.4789
    4154       2.3217
    4155       2.4496
    4156       2.3946
    4157       2.4739
    4158       2.5341
    4159       2.5165
    4160       2.4818
    4161       2.5724
    4162       2.6424
    4163       2.4278
    4164       2.4147
    4165       2.4012
    4166       2.5832
    4167       2.2114
    4168       2.4023
    4169       2.2551
    4170       2.4427
    4171       2.2603
    4172       2.2393
    4173       2.2419
    4174       2.2291
    4175       2.3081
    4176       2.2766
    4177       2.4234
    4178       2.4719
    4179       2.3561
    4180       2.2535
    4181       2.0740
    4182       2.1572
    4183       2.2371
    4184       2.1508
    4185       2.1100
    4186       2.2407
    4187       2.0845
    4188       2.2614
    4189       2.2001
    4190       2.3270
    4191       2.2158
    4192       2.2102
    4193       2.3563
    4194       2.2022
    4195       2.1204
    4196       2.2728
    4197       2.1533
    4198       2.2094
    4199       2.1185
    4200       2.2477
    4201       2.2601
    4202       2.2709
    4203       2.2878
    4204       2.3155
    4205       2.4470
    4206       2.3914
    4207       2.3824
    4208       2.3475
    4209       2.2954
    4210       2.5749
    4211       2.4960
    4212       2.5371
    4213       2.5368
    4214       2.4192
    4215       2.5240
    4216       2.4711
    4217       2.5638
    4218       2.5863
    4219       2.4534
    4220       2.4761
    4221       2.2188
    4222       2.2029
    4223       2.2347
    4224       2.2161
    4225       2.1921
    4226       2.2017
    4227       2.3658
    4228       2.2399
    4229       2.2763
    4230       2.2131
    4231       2.0552
    4232       1.9473
    4233       1.8996
    4234       1.9506
    4235       2.1416
    4236       2.0843
    4237       2.2273
    4238       2.3370
    4239       2.3326
    4240       2.3307
    4241       2.1453
    4242       2.1446
    4243       2.2779
    4244       2.2434
    4245       2.4222
    4246       2.6096
    4247       2.3813
    4248       2.1451
    4249       2.2049
    4250       2.1478
    4251       2.2082
    4252       2.0631
    4253       2.0842
    4254       2.1147
    4255       2.1201
    4256       2.1153
    4257       1.9798
    4258       2.2425
    4259       2.1777
    4260       2.0140
    4261       1.9359
    4262       2.1427
    4263       2.2310
    4264       2.2172
    4265       2.3084
    4266       2.2560
    4267       2.2597
    4268       2.3452
    4269       2.3736
    4270       2.2272
    4271       2.4041
    4272       2.3533
    4273       2.0789
    4274       2.1958
    4275       2.1807
    4276       2.2212
    4277       2.3878
    4278       2.4465
    4279       2.3901
    4280       2.3190
    4281       2.0917
    4282       2.2599
    4283       2.1640
    4284       2.1384
    4285       2.2635
    4286       2.1955
    4287       2.2292
    4288       2.3066
    4289       2.3437
    4290       2.3605
    4291       2.4083
    4292       2.4025
    4293       2.4301
    4294       2.3369
    4295       2.2911
    4296       2.3563
    4297       2.1864
    4298       2.3525
    4299       2.2118
    4300       2.1757
    4301       2.2751
    4302       2.1938
    4303       2.0947
    4304       2.1219
    4305       2.2198
    4306       2.2205
    4307       2.0964
    4308       2.1907
    4309       2.2072
    4310       2.3688
    4311       2.2590
    4312       2.3594
    4313       2.3392
    4314       2.2407
    4315       2.1209
    4316       2.1943
    4317       2.0524
    4318       2.0830
    4319       2.1505
    4320       2.2950
    4321       2.3693
    4322       2.4428
    4323       2.1350
    4324       2.2371
    4325       2.3871
    4326       2.4400
    4327       2.3551
    4328       2.3108
    4329       2.1139
    4330       2.3278
    4331       2.3695
    4332       2.3680
    4333       2.4165
    4334       2.4142
    4335       2.4263
    4336       2.4019
    4337       2.2339
    4338       2.2282
    4339       2.2203
    4340       2.2865
    4341       2.3716
    4342       2.3450
    4343       2.4720
    4344       2.4349
    4345       2.3637
    4346       2.2297
    4347       2.2965
    4348       2.4308
    4349       2.3959
    4350       2.3293
    4351       2.1663
    4352       2.2548
    4353       2.0924
    4354       2.1473
    4355       2.2183
    4356       2.2656
    4357       2.2272
    4358       2.2305
    4359       2.1239
    4360       2.1508
    4361       2.1923
    4362       2.2292
    4363       2.3071
    4364       2.3160
    4365       2.3016
    4366       2.2668
    4367       2.3881
    4368       2.3444
    4369       2.1572
    4370       2.2589
    4371       2.1782
    4372       2.3036
    4373       2.3133
    4374       2.1619
    4375       2.2750
    4376       2.1498
    4377       2.1361
    4378       2.1932
    4379       2.3239
    4380       2.3858
    4381       2.4521
    4382       2.3246
    4383       2.1562
    4384       2.1207
    4385       2.0956
    4386       2.0865
    4387       2.0809
    4388       2.0985
    4389       2.0934
    4390       2.2833
    4391       2.1899
    4392       2.3082
    4393       2.3426
    4394       2.4802
    4395       2.3884
    4396       2.4059
    4397       2.3466
    4398       2.4014
    4399       2.5085
    4400       2.9280
    4401       2.7596
    4402       2.7348
    4403       2.8161
    4404       2.9293
    4405       2.8081
    4406       2.6298
    4407       2.5331
    4408       2.4577
    4409       2.2398
    4410       2.1420
    4411       2.3062
    4412       2.2721
    4413       2.2435
    4414       2.2622
    4415       2.0740
    4416       2.0816
    4417       2.2063
    4418       2.2361
    4419       2.3236
    4420       2.3065
    4421       2.2051
    4422       2.1414
    4423       2.2900
    4424       2.2805
    4425       2.3183
    4426       2.3389
    4427       2.3481
    4428       2.4131
    4429       2.5201
    4430       2.3827
    4431       2.4252
    4432       2.3240
    4433       2.3500
    4434       2.6049
    4435       2.4885
    4436       2.5446
    4437       2.6062
    4438       2.5263
    4439       2.6739
    4440       2.5137
    4441       2.6581
    4442       2.4147
    4443       2.4321
    4444       2.2494
    4445       2.5716
    4446       2.6917
    4447       2.7026
    4448       2.5946
    4449       2.7785
    4450       2.6106
    4451       2.5699
    4452       2.7090
    4453       2.7426
    4454       2.7517
    4455       2.7457
    4456       2.9046
    4457       2.7171
    4458       2.8456
    4459       2.7245
    4460       2.4844
    4461       2.4573
    4462       2.6245
    4463       2.6884
    4464       2.5987
    4465       2.7656
    4466       2.7619
    4467       2.6039
    4468       2.6664
    4469       2.6449
    4470       2.6368
    4471       2.6755
    4472       2.7335
    4473       2.9124
    4474       2.8777
    4475       3.1189
    4476       2.9321
    4477       2.9175
    4478       2.9454
    4479       2.8920
    4480       2.9791
    4481       2.8202
    4482       2.9972
    4483       2.9294
    4484       2.8261
    4485       2.8964
    4486       2.8884
    4487       2.8829
    4488       2.5338
    4489       2.5116
    4490       2.5645
    4491       2.6580
    4492       2.5110
    4493       2.7138
    4494       2.6529
    4495       2.6568
    4496       2.7266
    4497       2.6659
    4498       2.6503
    4499       2.7020
    4500       2.8042
    4501       2.9402
    4502       2.8755
    4503       2.6666
    4504       2.6068
    4505       2.6848
    4506       2.5904
    4507       2.6775
    4508       3.0785
    4509       2.8561
    4510       2.9053
    4511       2.8610
    4512       2.8358
    4513       2.7666
    4514       2.8191
    4515       2.9174
    4516       2.8523
    4517       2.8729
    4518       3.0422
    4519       3.1737
    4520       3.0236
    4521       3.0522
    4522       2.8648
    4523       3.1238
    4524       3.2875
    4525       3.2490
    4526       3.2931
    4527       3.1020
    4528       3.1732
    4529       3.2530
    4530       2.9203
    4531       2.6421
    4532       2.6712
    4533       2.8224
    4534       2.8525
    4535       2.7527
    4536       2.8076
    4537       2.9121
    4538       2.9295
    4539       3.0839
    4540       3.0028
    4541       2.7410
    4542       2.7759
    4543       2.7451
    4544       2.7031
    4545       2.8564
    4546       2.3562
    4547       2.4723
    4548       2.5723
    4549       2.4910
    4550       2.4521
    4551       2.3354
    4552       2.4473
    4553       2.4646
    4554       2.5264
    4555       2.3493
    4556       2.3939
    4557       2.8101
    4558       2.7374
    4559       2.6211
    4560       2.7037
    4561       2.6407
    4562       2.5537
    4563       2.5401
    4564       2.4628
    4565       2.5604
    4566       2.4919
    4567       2.4869
    4568       2.2670
    4569       2.2160
    4570       2.2632
    4571       2.2372
    4572       2.2474
    4573       2.6268
    4574       2.6137
    4575       2.6590
    4576       2.5900
    4577       2.6027
    4578       2.7604
    4579       2.5222
    4580       2.7040
    4581       2.5670
    4582       2.4427
    4583       2.5301
    4584       2.8300
    4585       2.9007
    4586       2.7297
    4587       2.6626
    4588       2.7164
    4589       2.7697
    4590       2.7227
    4591       2.5073
    4592       2.5577
    4593       2.4881
    4594       2.5277
    4595       2.5648
    4596       2.4890
    4597       2.3905
    4598       2.4150
    4599       2.3702
    4600       2.2684
    4601       2.3322
    4602       2.3230
    4603       2.2826
    4604       2.2127
    4605       2.3936
    4606       2.5786
    4607       2.5465
    4608       2.6382
    4609       2.6853
    4610       2.6819
    4611       2.7684
    4612       2.6131
    4613       2.9129
    4614       2.8439
    4615       2.8903
    4616       2.6823
    4617       2.8534
    4618       2.7733
    4619       2.7605
    4620       2.7235
    4621       2.6558
    4622       2.8600
    4623       2.8321
    4624       2.6954
    4625       2.4798
    4626       2.4490
    4627       2.4636
    4628       2.2404
    4629       2.4049
    4630       2.4618
    4631       2.3424
    4632       2.4483
    4633       2.4324
    4634       2.5061
    4635       2.4839
    4636       2.4820
    4637       2.3341
    4638       2.1619
    4639       2.2343
    4640       2.1283
    4641       2.2242
    4642       2.2159
    4643       2.1702
    4644       2.2304
    4645       2.1742
    4646       2.1580
    4647       2.1386
    4648       1.9864
    4649       1.9614
    4650       1.8691
    4651       1.9648
    4652       1.9093
    4653       1.9533
    4654       1.8603
    4655       1.9305
    4656       2.0586
    4657       2.1620
    4658       2.1976
    4659       2.1965
    4660       2.2364
    4661       2.2211
    4662       2.3205
    4663       2.3900
    4664       2.3223
    4665       2.1790
    4666       2.1414
    4667       2.0489
    4668       2.1088
    4669       2.1037
    4670       2.1322
    4671       1.9793
    4672       2.0736
    4673       2.1726
    4674       1.8853
    4675       1.8570
    4676       1.8544
    4677       2.0196
    4678       1.8852
    4679       2.1438
    4680       2.0831
    4681       2.1666
    4682       2.2020
    4683       2.2355
    4684       2.3248
    4685       2.2396
    4686       2.2808
    4687       2.4020
    4688       2.4147
    4689       2.4960
    4690       2.5714
    4691       2.5667
    4692       2.5042
    4693       2.5702
    4694       2.5205
    4695       2.8298
    4696       2.7874
    4697       2.7879
    4698       2.8401
    4699       3.0890
    4700       3.0073
    4701       2.9010
    4702       3.0231
    4703       2.8567
    4704       2.8044
    4705       2.7227
    4706       2.9484
    4707       3.0580
    4708       2.9811
    4709       2.9671
    4710       3.0733
    4711       2.9439
    4712       2.8930
    4713       2.6556
    4714       2.7407
    4715       2.7371
    4716       2.7751
    4717       2.7875
    4718       2.8365
    4719       2.9671
    4720       3.0148
    4721       2.8531
    4722       2.9112
    4723       2.8513
    4724       2.9295
    4725       3.0062
    4726       2.9068
    4727       2.9157
    4728       3.0060
    4729       2.8566
    4730       2.9048
    4731       2.8158
    4732       2.8909
    4733       3.0712
    4734       2.9830
    4735       2.8976
    4736       2.8485
    4737       2.7869
    4738       2.7549
    4739       2.7851
    4740       2.7909
    4741       2.5562
    4742       2.5718
    4743       2.4705
    4744       2.4433
    4745       2.7086
    4746       2.6558
    4747       2.7486
    4748       2.8310
    4749       2.6636
    4750       2.6296
    4751       2.4318
    4752       2.5457
    4753       2.4921
    4754       2.5684
    4755       2.8764
    4756       2.7904
    4757       2.9649
    4758       3.0847
    4759       2.8922
    4760       2.7435
    4761       2.5857
    4762       2.6608
    4763       2.5163
    4764       2.4625
    4765       2.3896
    4766       2.5811
    4767       2.7580
    4768       2.7659
    4769       3.0042
    4770       3.0472
    4771       2.9485
    4772       2.8373
    4773       2.7967
    4774       2.7234
    4775       2.7984
    4776       2.7818
    4777       2.8567
    4778       2.9378
    4779       2.5597
    4780       2.5946
    4781       2.5543
    4782       2.5165
    4783       2.6698
    4784       2.5756
    4785       2.6233
    4786       2.5833
    4787       2.5948
    4788       2.6291
    4789       2.7131
    4790       2.4794
    4791       2.4753
    4792       2.5162
    4793       2.6001
    4794       2.6181
    4795       2.7009
    4796       2.7244
    4797       2.7724
    4798       2.8869
    4799       2.7390
    4800       2.8280
    4801       2.7148
    4802       2.7918
    4803       2.6986
    4804       2.9973
    4805       3.1039
    4806       2.7531
    4807       2.7003
    4808       2.7233
    4809       2.8822
    4810       2.8494
    4811       2.9965
    4812       3.0438
    4813       2.9744
    4814       2.8688
    4815       3.0369
    4816       2.7739
    4817       2.8065
    4818       2.7764
    4819       2.6931
    4820       2.8424
    4821       3.0743
    4822       3.0537
    4823       3.0472
    4824       3.0185
    4825       2.7525
    4826       2.7348
    4827       2.4785
    4828       2.6224
    4829       2.6504
    4830       2.6022
    4831       2.4142
    4832       2.1852
    4833       2.3761
    4834       2.4734
    4835       2.5390
    4836       2.6942
    4837       2.5537
    4838       2.5474
    4839       2.5405
    4840       2.4065
    4841       2.4230
    4842       2.6209
    4843       2.5647
    4844       2.7674
    4845       2.7117
    4846       2.7344
    4847       2.4282
    4848       2.4765
    4849       2.4199
    4850       2.6347
    4851       2.5704
    4852       2.4726
    4853       2.4887
    4854       2.7456
    4855       2.5040
    4856       2.4757
    4857       2.4235
    4858       2.4339
    4859       2.3679
    4860       2.2732
    4861       2.6564
    4862       2.8167
    4863       2.6355
    4864       2.6637
    4865       2.4189
    4866       2.4677
    4867       2.5066
    4868       2.5439
    4869       2.4403
    4870       2.3050
    4871       2.2495
    4872       2.3326
    4873       2.4074
    4874       2.5904
    4875       2.5718
    4876       2.5909
    4877       2.6043
    4878       2.7042
    4879       2.5686
    4880       2.5519
    4881       2.7396
    4882       2.8020
    4883       2.8037
    4884       2.7356
    4885       2.8048
    4886       2.9499
    4887       2.8770
    4888       2.8674
    4889       3.0345
    4890       3.0634
    4891       3.0878
    4892       3.0419
    4893       2.7289
    4894       2.7956
    4895       2.8718
    4896       2.9360
    4897       2.8085
    4898       2.7089
    4899       2.5722
    4900       2.8212
    4901       2.9561
    4902       2.7322
    4903       2.6773
    4904       2.7039
    4905       2.7620
    4906       2.7382
    4907       2.6952
    4908       2.5830
    4909       2.6590
    4910       2.7459
    4911       2.8631
    4912       2.8574
    4913       2.8358
    4914       3.1719
    4915       3.1790
    4916       3.1669
    4917       3.1132
    4918       3.2162
    4919       3.2177
    4920       3.4755
    4921       3.1745
    4922       3.1835
    4923       3.1725
    4924       3.2930
    4925       3.0761
    4926       3.0725
    4927       3.1258
    4928       3.2260
    4929       3.2263
    4930       3.1459
    4931       3.0706
    4932       3.2387
    4933       3.2932
    4934       3.0755
    4935       3.0801
    4936       3.2805
    4937       3.0602
    4938       2.9827
    4939       3.1815
    4940       3.1418
    4941       2.9091
    4942       2.9105
    4943       2.8426
    4944       2.7843
    4945       2.7515
    4946       2.9519
    4947       2.9942
    4948       3.1826
    4949       3.0425
    4950       2.8986
    4951       2.9381
    4952       3.1434
    4953       2.8933
    4954       2.7902
    4955       2.8652
    4956       3.0576
    4957       3.0698
    4958       2.7707
    4959       2.8235
    4960       2.9060
    4961       3.0314
    4962       3.1833
    4963       3.1475
    4964       3.0620
    4965       2.9684
    4966       2.8632
    4967       2.8683
    4968       3.0155
    4969       3.1189
    4970       3.2314
    4971       3.1198
    4972       3.0789
    4973       3.0591
    4974       3.0965
    4975       3.0257
    4976       3.0122
    4977       2.9498
    4978       3.0762
    4979       2.9418
    4980       2.9221
    4981       2.9090
    4982       2.8069
    4983       2.7200
    4984       2.7038
    4985       2.9915
    4986       2.8293
    4987       2.9028
    4988       2.8417
    4989       3.0150
    4990       2.9404
    4991       2.9581
    4992       3.0522
    4993       3.0413
    4994       3.2443
    4995       3.3253
    4996       3.3765
    4997       3.2918
    4998       3.1066
    4999       3.2587
    5000       3.2235
    5001       3.2586
    5002       3.4478
    5003       3.6550
    5004       3.8025
    5005       3.7746
    5006       3.8058
    5007       3.7297
    5008       3.6841
    5009       3.8626
    5010       3.6609
    5011       3.7091
    5012       3.7929
    5013       3.7981
    5014       3.7543
    5015       3.6227
    5016       3.8453
    5017       3.7213
    5018       3.5217
    5019       3.6469
    5020       3.6223
    5021       3.5235
    5022       3.4842
    5023       3.7116
    5024       3.5228
    5025       3.6206
    5026       3.7055
    5027       3.6159
    5028       3.7087
    5029       3.6348
    5030       3.4860
    5031       3.5465
    5032       3.5769
    5033       3.6287
    5034       3.6046
    5035       3.7536
    5036       3.7106
    5037       3.5082
    5038       3.3450
    5039       3.6479
    5040       3.7975
    5041       3.7526
    5042       3.7307
    5043       3.7035
    5044       4.0085
    5045       3.8791
    5046       4.1122
    5047       4.1350
    5048       4.0265
    5049       4.0070
    5050       4.0854
    5051       4.0335
    5052       3.8155
    5053       3.7202
    5054       3.7502
    5055       3.7460
    5056       3.6555
    5057       3.8376
    5058       3.8260
    5059       3.9114
    5060       3.8468
    5061       3.8474
    5062       3.6891
    5063       3.6932
    5064       3.5843
    5065       3.7240
    5066       3.5608
    5067       3.6661
    5068       3.7938
    5069       3.8586
    5070       3.7114
    5071       3.6732
    5072       4.0079
    5073       4.0208
    5074       3.9380
    5075       3.9267
    5076       3.9711
    5077       4.0458
    5078       3.9554
    5079       3.6745
    5080       3.6158
    5081       3.6294
    5082       3.4690
    5083       3.5755
    5084       3.5589
    5085       3.3657
    5086       3.2828
    5087       3.2873
    5088       3.2395
    5089       3.5608
    5090       3.4915
    5091       3.5701
    5092       3.5982
    5093       3.5642
    5094       3.6599
    5095       3.4636
    5096       3.4676
    5097       3.3522
    5098       3.2259
    5099       3.1693
    5100       3.2092
    5101       3.2642
    5102       3.2650
    5103       3.2690
    5104       3.2522
    5105       3.2499
    5106       3.2697
    5107       3.3626
    5108       3.2581
    5109       3.2277
    5110       3.3304
    5111       3.2248
    5112       3.3203
    5113       3.4855
    5114       3.2590
    5115       3.0100
    5116       3.1125
    5117       3.2038
    5118       3.3739
    5119       3.1735
    5120       3.1282
    5121       3.0319
    5122       3.0907
    5123       2.9888
    5124       2.8946
    5125       2.8957
    5126       2.9707
    5127       2.6497
    5128       2.4894
    5129       2.4774
    5130       2.7877
    5131       2.8134
    5132       2.8046
    5133       2.8718
    5134       2.9620
    5135       3.1189
    5136       3.2497
    5137       3.1411
    5138       3.2845
    5139       3.1871
    5140       3.3702
    5141       3.1435
    5142       3.2846
    5143       2.9778
    5144       3.0853
    5145       3.1473
    5146       3.4396
    5147       3.4263
    5148       3.4721
    5149       3.3919
    5150       3.3397
    5151       3.4772
    5152       3.3463
    5153       3.3353
    5154       3.2772
    5155       3.4001
    5156       3.3965
    5157       3.2870
    5158       3.3839
    5159       3.1556
    5160       3.0745
    5161       3.2342
    5162       3.0815
    5163       3.1206
    5164       2.9458
    5165       3.0275
    5166       3.1004
    5167       3.0917
    5168       3.1435
    5169       3.1466
    5170       3.1026
    5171       3.0311
    5172       3.0838
    5173       3.0237
    5174       3.1048
    5175       2.9713
    5176       2.8953
    5177       2.8714
    5178       2.9536
    5179       2.8652
    5180       2.9505
    5181       2.9114
    5182       2.7366
    5183       2.7090
    5184       2.6860
    5185       2.8262
    5186       2.6578
    5187       2.6539
    5188       2.6129
    5189       2.5528
    5190       2.4356
    5191       2.7016
    5192       2.3295
    5193       2.3638
    5194       2.3073
    5195       2.6071
    5196       2.6862
    5197       2.7139
    5198       2.7075
    5199       2.6767
    5200       2.7455
    5201       2.8162
    5202       2.6835
    5203       2.8011
    5204       2.9150
    5205       3.1481
    5206       3.1722
    5207       3.0322
    5208       2.9532
    5209       2.8452
    5210       2.8936
    5211       2.8108
    5212       2.9818
    5213       3.0910
    5214       3.1505
    5215       2.9320
    5216       2.8498
    5217       2.8557
    5218       2.7695
    5219       2.6909
    5220       2.9088
    5221       2.8672
    5222       2.7435
    5223       2.7701
    5224       2.7051
    5225       2.8544
    5226       2.7587
    5227       2.6888
    5228       2.5515
    5229       2.6838
    5230       2.7354
    5231       2.8744
    5232       3.0964
    5233       3.0354
    5234       2.9031
    5235       2.8815
    5236       2.5956
    5237       2.6888
    5238       2.7516
    5239       2.8367
    5240       2.7848
    5241       2.7702
    5242       2.7492
    5243       2.9463
    5244       2.6869
    5245       2.6029
    5246       2.6832
    5247       2.6865
    5248       2.7340
    5249       2.6815
    5250       2.6411
    5251       2.7110
    5252       2.7249
    5253       2.6907
    5254       2.6079
    5255       2.5351
    5256       2.5099
    5257       2.5030
    5258       2.5925
    5259       2.7465
    5260       2.7633
    5261       2.8862
    5262       2.7305
    5263       2.6364
    5264       2.6746
    5265       2.6063
    5266       2.6876
    5267       2.6837
    5268       2.6558
    5269       2.6636
    5270       2.6646
    5271       2.8716
    5272       2.8444
    5273       2.7168
    5274       2.8298
    5275       2.8928
    5276       2.7776
    5277       2.6577
    5278       2.6243
    5279       2.4604
    5280       2.4800
    5281       2.5453
    5282       2.6559
    5283       2.7207
    5284       2.6265
    5285       2.5749
    5286       2.7970
    5287       2.9143
    5288       2.9826
    5289       2.8059
    5290       2.9655
    5291       2.9191
    5292       2.8870
    5293       2.9011
    5294       2.8645
    5295       2.9391
    5296       2.9748
    5297       2.6411
    5298       2.4860
    5299       2.6377
    5300       2.6444
    5301       2.6307
    5302       2.5769
    5303       2.5897
    5304       2.6130
    5305       2.6670
    5306       2.5499
    5307       2.7172
    5308       2.5671
    5309       2.4085
    5310       2.4132
    5311       2.2407
    5312       2.3925
    5313       2.3727
    5314       2.5522
    5315       2.6461
    5316       2.6324
    5317       2.7305
    5318       2.7018
    5319       2.7524
    5320       2.8109
    5321       3.0728
    5322       2.8578
    5323       2.8798
    5324       2.8493
    5325       2.8604
    5326       2.9961
    5327       2.8400
    5328       2.8678
    5329       2.8641
    5330       2.6881
    5331       2.5896
    5332       2.6664
    5333       2.6930
    5334       2.6569
    5335       2.8136
    5336       3.0271
    5337       3.0020
    5338       3.0291
    5339       3.0071
    5340       2.9941
    5341       2.6805
    5342       2.6234
    5343       2.4458
    5344       2.4594
    5345       2.3980
    5346       2.4796
    5347       2.6348
    5348       2.7736
    5349       2.7092
    5350       2.7176
    5351       2.6012
    5352       2.4667
    5353       2.5326
    5354       2.5893
    5355       2.6600
    5356       2.6841
    5357       2.8296
    5358       3.0300
    5359       2.8757
    5360       3.0077
    5361       2.8927
    5362       2.7235
    5363       2.8165
    5364       2.7431
    5365       2.7496
    5366       2.9706
    5367       2.7499
    5368       2.7613
    5369       2.8246
    5370       2.9083
    5371       3.1294
    5372       2.9654
    5373       2.9038
    5374       3.0115
    5375       3.0693
    5376       2.9775
    5377       3.2016
    5378       3.0931
    5379       3.0820
    5380       3.1981
    5381       3.2403
    5382       3.2629
    5383       3.2446
    5384       3.0200
    5385       3.0135
    5386       3.0010
    5387       2.8064
    5388       2.6967
    5389       2.7415
    5390       2.8565
    5391       2.5461
    5392       2.5187
    5393       2.5752
    5394       2.6432
    5395       2.9424
    5396       2.9935
    5397       3.1352
    5398       3.1802
    5399       3.2453
    5400       3.0721
    5401       2.9425
    5402       3.1192
    5403       3.0746
    5404       3.0519
    5405       3.0708
    5406       3.0678
    5407       3.1532
    5408       3.1378
    5409       3.0698
    5410       3.0034
    5411       3.0371
    5412       2.8246
    5413       2.8778
    5414       2.8094
    5415       2.8971
    5416       2.7662
    5417       2.8281
    5418       2.8758
    5419       2.7994
    5420       2.7197
    5421       2.9244
    5422       2.9447
    5423       3.1584
    5424       3.0990
    5425       3.2251
    5426       3.0503
    5427       3.0451
    5428       3.2318
    5429       3.3742
    5430       3.2373
    5431       3.5452
    5432       3.4782
    5433       3.2847
    5434       3.2224
    5435       3.5467
    5436       3.4485
    5437       3.2287
    5438       3.2293
    5439       3.3994
    5440       3.2864
    5441       3.1870
    5442       3.3818
    5443       3.5421
    5444       3.4940
    5445       3.5560
    5446       3.3473
    5447       3.2959
    5448       3.2531
    5449       3.1199
    5450       3.1843
    5451       3.2245
    5452       3.0590
    5453       2.8816
    5454       3.2038
    5455       3.0715
    5456       3.0219
    5457       2.8073
    5458       2.5553
    5459       2.7322
    5460       2.6596
    5461       2.6999
    5462       2.7783
    5463       2.9575
    5464       2.9789
    5465       3.0942
    5466       3.0278
    5467       2.9842
    5468       3.1968
    5469       2.9377
    5470       3.0562
    5471       3.1104
    5472       3.2662
    5473       3.5101
    5474       3.4161
    5475       3.2739
    5476       3.2971
    5477       3.3358
    5478       3.1372
    5479       3.0875
    5480       3.0026
    5481       3.0988
    5482       3.0381
    5483       3.4720
    5484       3.3313
    5485       3.4191
    5486       3.6336
    5487       3.5337
    5488       3.4002
    5489       3.5158
    5490       3.0938
    5491       2.8676
    5492       2.9301
    5493       3.0017
    5494       2.8596
    5495       2.9623
    5496       3.1397
    5497       3.2644
    5498       3.2666
    5499       3.1953
    5500       3.0219
    5501       2.9822
    5502       3.1026
    5503       3.0303
    5504       3.1389
    5505       3.1048
    5506       3.0225
    5507       3.0682
    5508       3.1943
    5509       3.1579
    5510       2.9570
    5511       3.0161
    5512       3.0592
    5513       3.0391
    5514       3.0222
    5515       3.1133
    5516       3.0431
    5517       3.3408
    5518       3.2281
    5519       3.1482
    5520       3.3030
    5521       3.1777
    5522       3.1828
    5523       3.3748
    5524       3.2814
    5525       3.1972
    5526       3.3393
    5527       3.4806
    5528       3.4039
    5529       3.1034
    5530       3.0937
    5531       3.1968
    5532       3.1063
    5533       3.1914
    5534       3.1512
    5535       3.1640
    5536       3.0996
    5537       3.0858
    5538       2.9290
    5539       3.1686
    5540       3.1486
    5541       3.0798
    5542       3.4433
    5543       3.2040
    5544       3.0691
    5545       2.9225
    5546       3.0914
    5547       2.8847
    5548       2.9201
    5549       2.9144
    5550       2.8642
    5551       3.0562
    5552       2.9249
    5553       3.0644
    5554       3.0419
    5555       3.0871
    5556       2.8838
    5557       3.0633
    5558       3.1005
    5559       3.1567
    5560       3.1420
    5561       2.9056
    5562       3.0350
    5563       3.0023
    5564       3.2140
    5565       3.3839
    5566       3.3879
    5567       3.3302
    5568       3.1923
    5569       3.0578
    5570       2.9775
    5571       3.0336
    5572       3.2617
    5573       3.0621
    5574       3.3190
    5575       3.1587
    5576       3.0177
    5577       2.8435
    5578       2.7978
    5579       2.9073
    5580       3.0292
    5581       3.2454
    5582       3.2140
    5583       3.2142
    5584       3.1039
    5585       3.1911
    5586       3.0252
    5587       2.9150
    5588       2.9040
    5589       2.7173
    5590       2.7521
    5591       2.7220
    5592       2.8118
    5593       2.6030
    5594       2.7434
    5595       2.4544
    5596       2.6643
    5597       2.5152
    5598       2.2860
    5599       2.4008
    5600       2.3281
    5601       2.4809
    5602       2.5487
    5603       2.6790
    5604       2.6977
    5605       2.6074
    5606       2.6291
    5607       2.6325
    5608       2.8223
    5609       2.6193
    5610       2.6638
    5611       2.7868
    5612       2.8747
    5613       2.6390
    5614       2.7527
    5615       2.8409
    5616       2.8732
    5617       2.8046
    5618       2.8114
    5619       2.9068
    5620       2.8089
    5621       2.7030
    5622       2.7579
    5623       3.0861
    5624       3.0543
    5625       2.9663
    5626       3.0974
    5627       3.3138
    5628       3.0915
    5629       3.1315
    5630       3.0120
    5631       3.1560
    5632       3.0577
    5633       3.1402
    5634       2.7983
    5635       2.9087
    5636       3.3344
    5637       3.1085
    5638       3.3116
    5639       3.2229
    5640       3.1444
    5641       3.1343
    5642       3.0332
    5643       2.9740
    5644       2.9480
    5645       2.8331
    5646       2.9462
    5647       3.0482
    5648       2.8404
    5649       2.9938
    5650       2.9356
    5651       3.0575
    5652       3.2482
    5653       3.1124
    5654       3.0398
    5655       3.2823
    5656       2.9688
    5657       3.1908
    5658       3.2097
    5659       3.1739
    5660       3.2170
    5661       3.2967
    5662       3.2464
    5663       3.4236
    5664       3.3033
    5665       3.1800
    5666       3.2097
    5667       3.2394
    5668       3.3695
    5669       3.1868
    5670       3.0679
    5671       3.1079
    5672       3.1446
    5673       2.9548
    5674       3.0130
    5675       3.2132
    5676       3.0765
    5677       3.2731
    5678       3.3257
    5679       3.2295
    5680       3.0850
    5681       3.0511
    5682       3.0356
    5683       2.9486
    5684       2.9499
    5685       3.1377
    5686       3.1797
    5687       3.0238
    5688       2.9221
    5689       2.8781
    5690       2.7649
    5691       2.9050
    5692       2.9088
    5693       2.8504
    5694       2.9355
    5695       2.7353
    5696       2.5039
    5697       2.5141
    5698       2.4590
    5699       2.3646
    5700       2.4105
    5701       2.3015
    5702       2.6716
    5703       2.6725
    5704       2.6539
    5705       2.8254
    5706       2.7227
    5707       2.8653
    5708       3.0284
    5709       2.8541
    5710       2.7133
    5711       2.8125
    5712       2.6439
    5713       2.5785
    5714       2.6232
    5715       2.6988
    5716       2.8719
    5717       2.8244
    5718       2.8524
    5719       2.6929
    5720       2.6950
    5721       2.9827
    5722       2.8627
    5723       2.7711
    5724       2.9232
    5725       2.7574
    5726       2.7170
    5727       2.6933
    5728       2.5677
    5729       2.6274
    5730       2.7156
    5731       2.5827
    5732       2.7559
    5733       2.7255
    5734       2.8026
    5735       2.8602
    5736       2.8163
    5737       3.1379
    5738       3.0296
    5739       2.9562
    5740       2.9698
    5741       2.9050
    5742       3.0199
    5743       2.9147
    5744       2.9527
    5745       2.8597
    5746       3.0560
    5747       3.1285
    5748       3.2153
    5749       3.0241
    5750       3.1420
    5751       3.2531
    5752       3.1968
    5753       3.1954
    5754       3.1414
    5755       3.1949
    5756       3.1095
    5757       3.1064
    5758       2.9324
    5759       3.0730
    5760       3.1037
    5761       2.9677
    5762       3.1104
    5763       2.9624
    5764       2.7940
    5765       2.9051
    5766       2.8261
    5767       2.9381
    5768       2.9153
    5769       3.1427
    5770       3.2343
    5771       3.3043
    5772       3.2895
    5773       3.2641
    5774       3.0649
    5775       2.9577
    5776       2.8674
    5777       2.9233
    5778       3.0177
    5779       3.0360
    5780       3.0086
    5781       2.9695
    5782       2.8571
    5783       2.7567
    5784       3.0164
    5785       2.8989
    5786       2.8091
    5787       2.8042
    5788       2.7049
    5789       2.7483
    5790       2.7755
    5791       2.8794
    5792       2.7701
    5793       2.9218
    5794       2.7986
    5795       2.7104
    5796       2.9788
    5797       3.0404
    5798       2.9455
    5799       2.9752
    5800       3.0124
    5801       3.0942
    5802       2.9899
    5803       3.0910
    5804       3.0791
    5805       3.0792
    5806       2.9607
    5807       3.1781
    5808       3.0034
    5809       3.0475
    5810       2.8296
    5811       2.8937
    5812       2.9810
    5813       2.9241
    5814       2.9483
    5815       2.9205
    5816       2.8640
    5817       2.7814
    5818       3.0234
    5819       2.9470
    5820       2.8703
    5821       2.8791
    5822       2.7414
    5823       2.7217
    5824       2.7603
    5825       2.6222
    5826       2.6223
    5827       2.7465
    5828       2.6466
    5829       2.7727
    5830       2.8306
    5831       2.9071
    5832       2.7832
    5833       2.8959
    5834       2.7308
    5835       2.9165
    5836       2.8586
    5837       3.0560
    5838       3.1533
    5839       3.0633
    5840       2.9163
    5841       2.9995
    5842       2.8926
    5843       2.7473
    5844       2.9981
    5845       3.0686
    5846       3.1536
    5847       3.0856
    5848       3.0419
    5849       2.9804
    5850       2.8767
    5851       2.6936
    5852       2.9356
    5853       2.7410
    5854       2.8470
    5855       2.9202
    5856       2.8893
    5857       2.7258
    5858       2.7158
    5859       2.6188
    5860       2.6985
    5861       2.7975
    5862       2.7033
    5863       2.7381
    5864       2.7673
    5865       2.6299
    5866       2.6165
    5867       2.5987
    5868       2.7229
    5869       2.8025
    5870       2.7876
    5871       2.6876
    5872       2.7791
    5873       2.6721
    5874       2.7244
    5875       2.8784
    5876       2.7528
    5877       2.6893
    5878       2.6732
    5879       2.8462
    5880       2.9205
    5881       2.9157
    5882       3.2153
    5883       3.2049
    5884       3.1567
    5885       3.2210
    5886       3.3290
    5887       3.3102
    5888       3.4900
    5889       3.4212
    5890       3.3754
    5891       3.3105
    5892       3.3771
    5893       3.4807
    5894       3.2915
    5895       3.0183
    5896       3.1577
    5897       3.3127
    5898       3.2316
    5899       3.3182
    5900       3.2679
    5901       3.1834
    5902       3.2976
    5903       3.2559
    5904       3.3147
    5905       3.4998
    5906       3.1729
    5907       3.1673
    5908       3.0523
    5909       2.8755
    5910       2.8953
    5911       3.2683
    5912       3.1446
    5913       3.0809
    5914       3.1004
    5915       3.0229
    5916       2.9085
    5917       3.0330
    5918       2.8225
    5919       3.1483
    5920       3.1424
    5921       3.1826
    5922       2.9044
    5923       3.0409
    5924       2.9946
    5925       2.9897
    5926       3.0555
    5927       3.1069
    5928       3.0516
    5929       3.0944
    5930       2.9137
    5931       2.7884
    5932       2.7668
    5933       2.9451
    5934       2.9176
    5935       3.0922
    5936       3.0559
    5937       2.9875
    5938       2.8496
    5939       2.7554
    5940       2.9633
    5941       3.1628
    5942       3.1497
    5943       3.2845
    5944       3.2998
    5945       3.3478
    5946       3.0861
    5947       2.9657
    5948       3.0716
    5949       3.1357
    5950       3.3031
    5951       3.0262
    5952       2.8635
    5953       2.9813
    5954       3.1666
    5955       3.0947
    5956       3.2665
    5957       3.4434
    5958       3.5572
    5959       3.5240
    5960       3.2949
    5961       3.1526
    5962       2.9309
    5963       2.8571
    5964       2.9038
    5965       2.9973
    5966       2.9575
    5967       3.1160
    5968       3.0557
    5969       3.1521
    5970       3.1916
    5971       3.1951
    5972       3.3275
    5973       3.3018
    5974       3.3264
    5975       3.1411
    5976       3.1326
    5977       3.1626
    5978       3.0343
    5979       3.1568
    5980       3.0643
    5981       3.1096
    5982       3.0281
    5983       3.0361
    5984       3.1734
    5985       3.2615
    5986       3.0376
    5987       3.1381
    5988       2.8548
    5989       2.8997
    5990       2.7610
    5991       2.7898
    5992       3.0573
    5993       2.9496
    5994       2.9337
    5995       2.7566
    5996       2.5956
    5997       2.6375
    5998       2.5746
    5999       2.7483
    6000       2.5702
    6001       2.6971
    6002       2.6271
    6003       2.5877
    6004       2.6396
    6005       2.7615
    6006       2.5726
    6007       2.6120
    6008       2.7438
    6009       2.7109
    6010       2.6567
    6011       2.8907
    6012       2.9516
    6013       2.9702
    6014       3.0015
    6015       3.0325
    6016       3.0583
    6017       2.9923
    6018       3.0819
    6019       3.0326
    6020       2.9288
    6021       3.0500
    6022       3.2234
    6023       3.1479
    6024       3.1784
    6025       3.3862
    6026       3.5030
    6027       3.4962
    6028       3.4475
    6029       3.4151
    6030       3.3029
    6031       3.1441
    6032       3.1617
    6033       3.0568
    6034       3.0034
    6035       3.0213
    6036       3.0879
    6037       3.2296
    6038       3.1412
    6039       2.9416
    6040       2.8513
    6041       2.8092
    6042       2.8129
    6043       2.8119
    6044       2.9193
    6045       2.8750
    6046       2.7780
    6047       2.8239
    6048       2.8897
    6049       2.8811
    6050       2.8735
    6051       3.0361
    6052       2.9273
    6053       2.8910
    6054       2.8204
    6055       2.7564
    6056       2.7661
    6057       2.7188
    6058       2.7320
    6059       2.7821
    6060       2.8221
    6061       2.7315
    6062       2.6380
    6063       2.8063
    6064       2.8229
    6065       2.9128
    6066       3.0175
    6067       3.2573
    6068       3.0602
    6069       3.1234
    6070       3.1236
    6071       3.0278
    6072       3.0460
    6073       2.9466
    6074       2.9602
    6075       3.0117
    6076       2.9602
    6077       2.9748
    6078       2.9163
    6079       2.8143
    6080       2.9771
    6081       2.8793
    6082       3.0262
    6083       2.9004
    6084       2.8163
    6085       2.7220
    6086       2.6870
    6087       2.7788
    6088       2.8393
    6089       3.1142
    6090       2.9532
    6091       3.0140
    6092       2.7863
    6093       2.9901
    6094       2.9279
    6095       2.8865
    6096       2.8279
    6097       2.6442
    6098       2.6611
    6099       2.6988
    6100       2.6894
    6101       2.8408
    6102       2.6577
    6103       2.6619
    6104       2.7202
    6105       2.5741
    6106       2.5651
    6107       2.6749
    6108       2.6999
    6109       2.5771
    6110       2.7581
    6111       2.5062
    6112       2.4994
    6113       2.3572
    6114       2.4185
    6115       2.3137
    6116       2.4611
    6117       2.4791
    6118       2.7666
    6119       2.7163
    6120       2.8931
    6121       2.9340
    6122       3.0938
    6123       2.7777
    6124       2.9813
    6125       2.9102
    6126       2.7575
    6127       2.8214
    6128       2.6470
    6129       2.6276
    6130       2.8227
    6131       2.7745
    6132       2.6225
    6133       2.7371
    6134       2.7082
    6135       2.6169
    6136       2.4272
    6137       2.6415
    6138       2.5824
    6139       2.6619
    6140       2.7386
    6141       2.7949
    6142       2.8628
    6143       2.7817
    6144       2.8074
    6145       2.9899
    6146       2.8214
    6147       2.8093
    6148       2.7842
    6149       2.7446
    6150       2.6593
    6151       2.6215
    6152       2.6135
    6153       2.6220
    6154       2.5158
    6155       2.2900
    6156       2.3653
    6157       2.4736
    6158       2.7194
    6159       2.7789
    6160       3.0371
    6161       2.8264
    6162       2.8666
    6163       2.7486
    6164       2.7541
    6165       2.8977
    6166       2.9304
    6167       2.6712
    6168       2.7745
    6169       2.8525
    6170       2.9243
    6171       2.9152
    6172       3.0118
    6173       2.9465
    6174       3.0044
    6175       2.8848
    6176       2.9106
    6177       2.6732
    6178       2.6266
    6179       2.7724
    6180       2.6911
    6181       2.6728
    6182       2.6058
    6183       2.6111
    6184       2.5616
    6185       2.6310
    6186       2.5684
    6187       2.6565
    6188       2.6111
    6189       2.7880
    6190       2.8183
    6191       2.8187
    6192       2.6880
    6193       2.7727
    6194       2.7469
    6195       2.9191
    6196       2.9234
    6197       2.9348
    6198       2.8215
    6199       2.8107
    6200       2.8097
    6201       2.6701
    6202       2.7066
    6203       2.7786
    6204       2.8078
    6205       2.8799
    6206       2.7347
    6207       2.9227
    6208       2.9451
    6209       2.8288
    6210       2.6926
    6211       2.8458
    6212       2.8898
    6213       2.9457
    6214       2.8560
    6215       2.8827
    6216       2.7529
    6217       2.8226
    6218       2.8258
    6219       2.8897
    6220       2.8961
    6221       3.0261
    6222       2.9170
    6223       2.8768
    6224       2.7436
    6225       2.6476
    6226       2.9282
    6227       2.5939
    6228       2.5940
    6229       2.7987
    6230       2.8201
    6231       2.6816
    6232       2.6427
    6233       2.7349
    6234       2.6844
    6235       2.6836
    6236       2.6505
    6237       2.5329
    6238       2.6471
    6239       2.4749
    6240       2.4224
    6241       2.3876
    6242       2.3492
    6243       2.4406
    6244       2.3956
    6245       2.6017
    6246       2.7327
    6247       2.7591
    6248       2.5834
    6249       2.5914
    6250       2.4688
    6251       2.4931
    6252       2.4098
    6253       2.3279
    6254       2.5063
    6255       2.5104
    6256       2.5348
    6257       2.4126
    6258       2.5599
    6259       2.4971
    6260       2.5914
    6261       2.6113
    6262       2.5167
    6263       2.6498
    6264       2.8799
    6265       2.7921
    6266       2.8005
    6267       2.8431
    6268       2.7789
    6269       2.8060
    6270       3.1004
    6271       3.0833
    6272       2.8540
    6273       2.9803
    6274       2.8815
    6275       2.7835
    6276       2.8234
    6277       2.6583
    6278       2.7201
    6279       2.8030
    6280       2.6274
    6281       2.4337
    6282       2.5710
    6283       2.5247
    6284       2.5030
    6285       2.5441
    6286       2.5425
    6287       2.7093
    6288       2.8193
    6289       2.8766
    6290       2.7540
    6291       2.4405
    6292       2.4773
    6293       2.5962
    6294       2.6210
    6295       2.5943
    6296       2.5234
    6297       2.3939
    6298       2.3394
    6299       2.3748
    6300       2.3833
    6301       2.4137
    6302       2.2213
    6303       2.2769
    6304       2.1662
    6305       2.1634
    6306       2.3936
    6307       2.4663
    6308       2.4667
    6309       2.4933
    6310       2.6539
    6311       2.5386
    6312       2.4627
    6313       2.5701
    6314       2.6215
    6315       2.5029
    6316       2.5051
    6317       2.4698
    6318       2.5476
    6319       2.5469
    6320       2.5008
    6321       2.6267
    6322       2.5828
    6323       2.5398
    6324       2.5697
    6325       2.5267
    6326       2.5884
    6327       2.5650
    6328       2.5985
    6329       2.7431
    6330       2.8104
    6331       2.8720
    6332       2.8802
    6333       2.7937
    6334       2.8702
    6335       2.9154
    6336       2.8608
    6337       2.8408
    6338       2.6037
    6339       2.7036
    6340       2.6965
    6341       3.0124
    6342       2.9636
    6343       2.8496
    6344       2.7376
    6345       2.6959
    6346       2.5685
    6347       2.6955
    6348       2.8073
    6349       2.7106
    6350       2.9209
    6351       3.0207
    6352       3.0902
    6353       3.1226
    6354       3.0425
    6355       3.0188
    6356       3.1868
    6357       3.1083
    6358       2.8980
    6359       2.7845
    6360       2.8548
    6361       3.0754
    6362       2.9972
    6363       3.1064
    6364       3.1363
    6365       3.0787
    6366       3.0227
    6367       3.1129
    6368       2.9591
    6369       2.8931
    6370       2.8449
    6371       2.9421
    6372       2.7215
    6373       2.8185
    6374       2.9759
    6375       2.9056
    6376       2.9248
    6377       2.7995
    6378       2.8804
    6379       2.9089
    6380       2.8825
    6381       2.9915
    6382       2.9607
    6383       3.0683
    6384       3.1292
    6385       2.8572
    6386       2.8036
    6387       2.9445
    6388       2.8669
    6389       2.8944
    6390       2.8141
    6391       2.7491
    6392       2.5136
    6393       2.6362
    6394       2.8263
    6395       2.7868
    6396       2.7509
    6397       2.7520
    6398       2.6869
    6399       2.8621
    6400       2.8739
    6401       2.8825
    6402       2.9953
    6403       3.0304
    6404       2.9171
    6405       2.9727
    6406       3.1472
    6407       3.1520
    6408       3.2679
    6409       3.4122
    6410       3.3028
    6411       3.2776
    6412       3.2769
    6413       2.7344
    6414       2.7272
    6415       2.7452
    6416       2.6705
    6417       2.6460
    6418       2.7357
    6419       2.7793
    6420       2.8335
    6421       2.9462
    6422       2.9021
    6423       3.1054
    6424       3.0977
    6425       2.9682
    6426       2.9850
    6427       2.8852
    6428       2.8319
    6429       2.9745
    6430       3.2499
    6431       3.0089
    6432       3.0296
    6433       2.8321
    6434       2.8107
    6435       2.7524
    6436       2.9015
    6437       2.7028
    6438       2.7169
    6439       2.7223
    6440       2.8764
    6441       2.7874
    6442       2.6876
    6443       2.5761
    6444       2.4923
    6445       2.5651
    6446       2.4863
    6447       2.5235
    6448       2.3828
    6449       2.4937
    6450       2.4247
    6451       2.3248
    6452       2.4894
    6453       2.6861
    6454       2.6667
    6455       2.7229
    6456       2.6626
    6457       2.6458
    6458       2.6166
    6459       2.7072
    6460       2.7991
    6461       2.5926
    6462       2.5971
    6463       2.6731
    6464       2.6241
    6465       2.7189
    6466       2.6749
    6467       2.6221
    6468       2.3647
    6469       2.3581
    6470       2.5183
    6471       2.5410
    6472       2.4503
    6473       2.4085
    6474       2.5700
    6475       2.7068
    6476       2.6304
    6477       2.7087
    6478       2.7937
    6479       2.5341
    6480       2.4234
    6481       2.5062
    6482       2.4726
    6483       2.4665
    6484       2.5196
    6485       2.5288
    6486       2.4936
    6487       2.4132
    6488       2.0958
    6489       2.0344
    6490       2.0949
    6491       2.1584
    6492       2.1671
    6493       2.2487
    6494       2.2108
    6495       2.3181
    6496       2.3277
    6497       2.3705
    6498       2.3422
    6499       2.2547
    6500       2.2420
    6501       2.3274
    6502       2.2255
    6503       2.2305
    6504       2.1595
    6505       2.0693
    6506       2.0705
    6507       2.0044
    6508       1.9269
    6509       1.9531
    6510       1.8770
    6511       1.8361
    6512       2.0573
    6513       1.9663
    6514       1.9340
    6515       2.0871
    6516       1.9867
    6517       2.0715
    6518       2.1577
    6519       2.0761
    6520       2.1631
    6521       2.3470
    6522       1.9593
    6523       1.9859
    6524       2.0088
    6525       2.0337
    6526       2.0529
    6527       2.1454
    6528       2.1452
    6529       2.0296
    6530       2.1021
    6531       2.0271
    6532       2.0426
    6533       1.9227
    6534       1.8742
    6535       1.9867
    6536       2.0451
    6537       2.1109
    6538       2.1941
    6539       2.2977
    6540       2.2823
    6541       2.4468
    6542       2.4397
    6543       2.2973
    6544       2.2938
    6545       2.4123
    6546       2.2505
    6547       2.1746
    6548       2.1965
    6549       2.2014
    6550       2.1682
    6551       2.2768
    6552       2.3786
    6553       2.3417
    6554       2.3516
    6555       2.5143
    6556       2.2159
    6557       2.2965
    6558       2.3862
    6559       2.3986
    6560       2.3043
    6561       2.3024
    6562       2.2896
    6563       2.5053
    6564       2.7096
    6565       2.7632
    6566       2.4637
    6567       2.5983
    6568       2.5419
    6569       2.5461
    6570       2.5095
    6571       2.5132
    6572       2.5445
    6573       2.5708
    6574       2.6681
    6575       2.5191
    6576       2.5233
    6577       2.5097
    6578       2.3794
    6579       2.3721
    6580       2.4599
    6581       2.3105
    6582       2.2526
    6583       2.2768
    6584       2.3439
    6585       2.1439
    6586       2.2105
    6587       2.3217
    6588       2.2162
    6589       2.2765
    6590       2.2105
    6591       2.3156
    6592       2.2863
    6593       2.3474
    6594       2.3638
    6595       2.1475
    6596       2.2772
    6597       2.4173
    6598       2.5394
    6599       2.5893
    6600       2.6770
    6601       2.5325
    6602       2.4786
    6603       2.5055
    6604       2.4638
    6605       2.5656
    6606       2.5625
    6607       2.5436
    6608       2.4967
    6609       2.5475
    6610       2.4971
    6611       2.7096
    6612       2.5755
    6613       2.3808
    6614       2.5215
    6615       2.4530
    6616       2.4026
    6617       2.3570
    6618       2.4811
    6619       2.4992
    6620       2.4260
    6621       2.3769
    6622       2.4444
    6623       2.4270
    6624       2.2675
    6625       2.1986
    6626       2.3566
    6627       2.6625
    6628       2.7265
    6629       2.6828
    6630       2.6958
    6631       2.4398
    6632       2.3777
    6633       2.3130
    6634       2.1822
    6635       2.3169
    6636       2.2137
    6637       2.3275
    6638       2.3903
    6639       2.4455
    6640       2.6896
    6641       2.6128
    6642       2.5153
    6643       2.4896
    6644       2.5586
    6645       2.6050
    6646       2.5680
    6647       2.5919
    6648       2.5178
    6649       2.4771
    6650       2.4491
    6651       2.4401
    6652       2.4377
    6653       2.2875
    6654       2.4086
    6655       2.4803
    6656       2.6403
    6657       2.5828
    6658       2.5017
    6659       2.6898
    6660       2.7037
    6661       2.7386
    6662       2.7111
    6663       2.5335
    6664       2.5309
    6665       2.6055
    6666       2.7485
    6667       2.7846
    6668       2.9779
    6669       2.9333
    6670       2.9406
    6671       2.9949
    6672       3.0671
    6673       2.8678
    6674       2.6911
    6675       2.6911
    6676       2.8175
    6677       2.8021
    6678       2.9227
    6679       2.9043
    6680       2.8499
    6681       2.9314
    6682       2.6517
    6683       2.6294
    6684       2.6262
    6685       2.6179
    6686       2.7754
    6687       2.6090
    6688       2.7372
    6689       2.5916
    6690       2.6852
    6691       2.7760
    6692       2.7471
    6693       2.8028
    6694       2.8428
    6695       2.8783
    6696       2.9568
    6697       2.9186
    6698       2.6342
    6699       2.5918
    6700       2.6585
    6701       2.5637
    6702       2.6594
    6703       2.8573
    6704       2.6884
    6705       2.7769
    6706       2.7125
    6707       3.0374
    6708       2.9128
    6709       2.9430
    6710       3.0767
    6711       3.1620
    6712       3.1992
    6713       3.1608
    6714       3.1653
    6715       3.0550
    6716       3.1515
    6717       3.3631
    6718       3.4252
    6719       3.5406
    6720       3.6927
    6721       3.7218
    6722       3.3388
    6723       3.2342
    6724       3.2036
    6725       3.0348
    6726       2.9211
    6727       3.0967
    6728       3.2559
    6729       3.2000
    6730       3.3979
    6731       3.0461
    6732       3.2073
    6733       3.3445
    6734       3.2370
    6735       3.0513
    6736       3.0844
    6737       2.9655
    6738       2.8745
    6739       2.7877
    6740       3.1043
    6741       3.0573
    6742       3.1311
    6743       2.9160
    6744       2.9817
    6745       2.9643
    6746       2.9073
    6747       2.7598
    6748       2.8781
    6749       2.7667
    6750       2.7328
    6751       2.6754
    6752       2.7104
    6753       2.7080
    6754       2.8463
    6755       2.8794
    6756       2.9171
    6757       2.7024
    6758       2.5244
    6759       2.7222
    6760       2.6734
    6761       2.7819
    6762       2.9123
    6763       3.0486
    6764       3.2438
    6765       3.0792
    6766       3.0844
    6767       3.0071
    6768       2.9512
    6769       2.9032
    6770       2.7847
    6771       2.5782
    6772       2.5607
    6773       2.4700
    6774       2.5111
    6775       2.5211
    6776       2.5402
    6777       2.7765
    6778       2.7993
    6779       2.6893
    6780       2.7713
    6781       2.7156
    6782       2.8804
    6783       3.0037
    6784       2.9435
    6785       3.0570
    6786       3.0861
    6787       2.9750
    6788       3.0928
    6789       3.1038
    6790       2.8450
    6791       2.7593
    6792       2.7791
    6793       2.6729
    6794       2.7682
    6795       2.9469
    6796       3.0793
    6797       3.1014
    6798       3.1774
    6799       3.0213
    6800       2.9586
    6801       2.9013
    6802       2.8585
    6803       2.7846
    6804       2.6988
    6805       2.6744
    6806       2.5656
    6807       2.7355
    6808       2.7908
    6809       2.6754
    6810       2.7700
    6811       2.6473
    6812       2.4555
    6813       2.7616
    6814       2.7066
    6815       2.6001
    6816       2.4290
    6817       2.6324
    6818       2.7760
    6819       2.7809
    6820       2.9255
    6821       2.6533
    6822       2.6623
    6823       2.6063
    6824       2.5009
    6825       2.3839
    6826       2.4939
    6827       2.5150
    6828       2.4933
    6829       2.3869
    6830       2.3756
    6831       2.4547
    6832       2.5223
    6833       2.6279
    6834       2.2961
    6835       2.4109
    6836       2.5769
    6837       2.6140
    6838       2.5346
    6839       2.4914
    6840       2.7171
    6841       2.7607
    6842       2.7359
    6843       2.7540
    6844       2.7167
    6845       2.7393
    6846       2.7918
    6847       2.7957
    6848       2.7943
    6849       2.7387
    6850       2.8723
    6851       2.6344
    6852       2.6538
    6853       2.7018
    6854       2.7610
    6855       2.6624
    6856       2.5344
    6857       2.4811
    6858       2.3492
    6859       2.5410
    6860       2.5480
    6861       2.6390
    6862       2.8955
    6863       2.9704
    6864       2.9896
    6865       2.9060
    6866       2.6711
    6867       2.6631
    6868       2.6181
    6869       2.5915
    6870       2.6112
    6871       2.4447
    6872       2.3216
    6873       2.3448
    6874       2.3588
    6875       2.3019
    6876       2.2743
    6877       2.4813
    6878       2.4710
    6879       2.5123
    6880       2.7453
    6881       2.7788
    6882       2.7392
    6883       2.9451
    6884       2.8628
    6885       2.8225
    6886       2.7486
    6887       2.9458
    6888       2.9512
    6889       2.8185
    6890       2.7463
    6891       2.7927
    6892       2.6933
    6893       2.8888
    6894       2.9693
    6895       2.9045
    6896       2.8161
    6897       2.7772
    6898       2.6906
    6899       2.8708
    6900       2.9765
    6901       2.9133
    6902       2.8287
    6903       2.9754
    6904       2.7007
    6905       2.7861
    6906       2.7053
    6907       2.7893
    6908       2.8180
    6909       2.8227
    6910       2.7705
    6911       2.8757
    6912       2.8644
    6913       2.8564
    6914       2.8098
    6915       2.6095
    6916       2.6467
    6917       2.7771
    6918       2.7232
    6919       2.8049
    6920       2.6027
    6921       2.6729
    6922       2.5741
    6923       2.7006
    6924       2.6284
    6925       2.6746
    6926       2.4816
    6927       2.4060
    6928       2.3764
    6929       2.5676
    6930       2.3914
    6931       2.3811
    6932       2.6352
    6933       2.6102
    6934       2.5671
    6935       2.5390
    6936       2.5827
    6937       2.5763
    6938       2.4796
    6939       2.6327
    6940       2.7055
    6941       2.7437
    6942       2.5497
    6943       2.7275
    6944       2.6430
    6945       2.6307
    6946       2.6584
    6947       2.7188
    6948       2.7497
    6949       2.7252
    6950       2.7292
    6951       2.8560
    6952       2.7872
    6953       3.0192
    6954       2.7328
    6955       2.8516
    6956       2.7956
    6957       2.9831
    6958       2.8755
    6959       2.7847
    6960       2.7830
    6961       2.8108
    6962       2.5984
    6963       2.5881
    6964       2.4356
    6965       2.5694
    6966       2.5562
    6967       2.6920
    6968       2.6584
    6969       2.6688
    6970       2.6072
    6971       2.6392
    6972       2.7432
    6973       2.6000
    6974       2.7297
    6975       2.6070
    6976       2.7430
    6977       2.6020
    6978       2.5823
    6979       2.5793
    6980       2.8129
    6981       2.7935
    6982       2.9377
    6983       3.0755
    6984       3.1191
    6985       3.0265
    6986       2.9934
    6987       2.8374
    6988       3.0806
    6989       3.0281
    6990       2.9487
    6991       2.8700
    6992       3.0086
    6993       3.0983
    6994       3.1143
    6995       2.9764
    6996       2.9358
    6997       2.7665
    6998       2.7999
    6999       2.5620
    7000       2.6072
    7001       2.5115
    7002       2.3926
    7003       2.3572
    7004       2.4575
    7005       2.5927
    7006       2.5737
    7007       2.7619
    7008       2.7978
    7009       2.6933
    7010       2.7542
    7011       2.6179
    7012       2.6908
    7013       2.6449
    7014       2.7867
    7015       2.8900
    7016       2.8571
    7017       2.7875
    7018       2.7869
    7019       2.7063
    7020       2.8777
    7021       2.7003
    7022       2.7903
    7023       2.9274
    7024       2.8116
    7025       3.1362
    7026       3.0146
    7027       2.9285
    7028       2.9347
    7029       2.9140
    7030       2.8130
    7031       2.7278
    7032       2.8324
    7033       2.7387
    7034       2.8146
    7035       3.0020
    7036       2.9297
    7037       2.9722
    7038       2.8632
    7039       2.7450
    7040       2.7265
    7041       2.7003
    7042       2.8756
    7043       2.7606
    7044       2.6983
    7045       2.6793
    7046       2.7120
    7047       2.8345
    7048       2.5911
    7049       2.6820
    7050       2.8025
    7051       2.9412
    7052       2.6787
    7053       2.7753
    7054       2.8169
    7055       2.8030
    7056       2.9064
    7057       2.6888
    7058       2.7376
    7059       2.6292
    7060       2.7217
    7061       2.7182
    7062       2.6363
    7063       2.6501
    7064       2.8757
    7065       2.9104
    7066       2.7913
    7067       2.8027
    7068       2.7961
    7069       2.7479
    7070       2.4785
    7071       2.4972
    7072       2.5195
    7073       2.6353
    7074       2.6585
    7075       2.7378
    7076       2.7446
    7077       2.6110
    7078       2.6570
    7079       2.6442
    7080       2.8502
    7081       2.9690
    7082       3.0155
    7083       3.0118
    7084       2.7112
    7085       2.6236
    7086       2.6519
    7087       2.6232
    7088       2.7417
    7089       2.7062
    7090       2.6604
    7091       2.6025
    7092       2.6368
    7093       2.5201
    7094       2.3833
    7095       2.5143
    7096       2.3904
    7097       2.1467
    7098       2.0635
    7099       2.2709
    7100       2.3457
    7101       2.4822
    7102       2.5090
    7103       2.4077
    7104       2.4913
    7105       2.5828
    7106       2.6351
    7107       2.5755
    7108       2.4727
    7109       2.4238
    7110       2.5204
    7111       2.3744
    7112       2.3172
    7113       2.4188
    7114       2.4060
    7115       2.5658
    7116       2.6253
    7117       2.4710
    7118       2.5030
    7119       2.4489
    7120       2.6270
    7121       2.8099
    7122       2.4255
    7123       2.3867
    7124       2.4511
    7125       2.4284
    7126       2.4820
    7127       2.7087
    7128       2.8768
    7129       2.9669
    7130       2.8245
    7131       2.7227
    7132       2.6332
    7133       2.5379
    7134       2.4624
    7135       2.4735
    7136       2.6371
    7137       2.6482
    7138       2.6484
    7139       2.5410
    7140       2.4289
    7141       2.4363
    7142       2.4466
    7143       2.4585
    7144       2.5497
    7145       2.7683
    7146       2.5207
    7147       2.5191
    7148       2.5478
    7149       2.6231
    7150       2.4981
    7151       2.5634
    7152       2.6118
    7153       2.6843
    7154       2.7575
    7155       2.5365
    7156       2.6206
    7157       2.7130
    7158       2.7059
    7159       2.7990
    7160       2.5931
    7161       2.5434
    7162       2.6161
    7163       2.8209
    7164       2.9544
    7165       2.9336
    7166       2.8949
    7167       2.9217
    7168       3.1188
    7169       2.9133
    7170       2.8952
    7171       3.0119
    7172       2.9396
    7173       2.9836
    7174       3.0044
    7175       2.9709
    7176       2.9120
    7177       2.9541
    7178       3.0513
    7179       3.1987
    7180       2.9263
    7181       2.9165
    7182       2.8471
    7183       2.8183
    7184       2.6711
    7185       2.6532
    7186       2.5954
    7187       2.5834
    7188       2.7202
    7189       2.7266
    7190       2.7699
    7191       2.9187
    7192       2.7080
    7193       2.7119
    7194       2.6981
    7195       2.5093
    7196       2.5750
    7197       2.6637
    7198       2.7008
    7199       2.7475
    7200       2.7736
    7201       2.4976
    7202       2.4736
    7203       2.7445
    7204       2.7593
    7205       2.6070
    7206       2.5113
    7207       2.4202
    7208       2.5892
    7209       2.4637
    7210       2.5022
    7211       2.3464
    7212       2.1954
    7213       2.3258
    7214       2.3423
    7215       2.5430
    7216       2.6515
    7217       2.6583
    7218       2.7321
    7219       2.4145
    7220       2.6848
    7221       2.6345
    7222       2.8589
    7223       2.9493
    7224       2.8594
    7225       2.7622
    7226       2.9252
    7227       2.8176
    7228       2.8501
    7229       2.8888
    7230       2.8254
    7231       2.6672
    7232       2.7127
    7233       2.5500
    7234       2.4846
    7235       2.4819
    7236       2.2172
    7237       2.3890
    7238       2.3078
    7239       2.3550
    7240       2.4643
    7241       2.6593
    7242       2.6287
    7243       2.3907
    7244       2.4384
    7245       2.2244
    7246       2.6196
    7247       2.5467
    7248       2.6224
    7249       2.6626
    7250       2.7067
    7251       2.5178
    7252       2.5593
    7253       2.7296
    7254       2.6801
    7255       2.5635
    7256       2.5825
    7257       2.7290
    7258       2.6872
    7259       2.8472
    7260       2.7104
    7261       2.8868
    7262       2.8135
    7263       2.7474
    7264       2.6992
    7265       2.6734
    7266       2.7180
    7267       2.6794
    7268       2.2923
    7269       2.5544
    7270       2.6465
    7271       2.4756
    7272       2.5665
    7273       2.5181
    7274       2.4466
    7275       2.5574
    7276       2.5441
    7277       2.6838
    7278       2.5612
    7279       2.4717
    7280       2.6221
    7281       2.6764
    7282       2.9027
    7283       2.9472
    7284       2.7965
    7285       2.9595
    7286       2.9350
    7287       2.9886
    7288       3.1095
    7289       3.0693
    7290       3.0997
    7291       3.0762
    7292       3.1049
    7293       3.1351
    7294       2.9542
    7295       2.9325
    7296       2.8552
    7297       2.9739
    7298       3.0820
    7299       2.9800
    7300       2.8914
    7301       2.6295
    7302       2.6263
    7303       2.6723
    7304       2.5202
    7305       2.6538
    7306       2.7625
    7307       2.6113
    7308       2.6661
    7309       2.9175
    7310       2.9067
    7311       3.0011
    7312       2.8560
    7313       2.9854
    7314       2.8913
    7315       3.0083
    7316       2.8607
    7317       2.7427
    7318       2.8142
    7319       2.9224
    7320       3.1192
    7321       3.0504
    7322       2.9339
    7323       3.0184
    7324       3.0043
    7325       2.9224
    7326       2.9083
    7327       2.7889
    7328       2.9569
    7329       2.7662
    7330       2.7694
    7331       2.7894
    7332       2.8274
    7333       2.6528
    7334       2.8029
    7335       2.7578
    7336       2.6795
    7337       2.5412
    7338       2.9309
    7339       2.8179
    7340       2.8210
    7341       2.8254
    7342       2.8316
    7343       2.8336
    7344       2.8137
    7345       2.9281
    7346       2.8379
    7347       2.9378
    7348       2.8266
    7349       2.9526
    7350       3.0400
    7351       2.9211
    7352       3.0707
    7353       2.9834
    7354       2.9831
    7355       2.9491
    7356       3.0196
    7357       2.9978
    7358       2.9154
    7359       2.8616
    7360       2.8211
    7361       2.6791
    7362       2.7435
    7363       2.8318
    7364       2.9459
    7365       3.1736
    7366       3.0939
    7367       2.8938
    7368       2.8889
    7369       2.9421
    7370       2.9792
    7371       2.9265
    7372       3.0417
    7373       3.0018
    7374       2.9337
    7375       2.9888
    7376       2.9597
    7377       2.9148
    7378       2.8865
    7379       3.1438
    7380       3.3941
    7381       3.0741
    7382       3.0846
    7383       2.9216
    7384       2.9041
    7385       2.9784
    7386       2.8220
    7387       2.8105
    7388       2.8265
    7389       2.9677
    7390       2.8802
    7391       2.5988
    7392       2.4536
    7393       2.5645
    7394       2.6449
    7395       2.4073
    7396       2.6278
    7397       2.6445
    7398       2.6855
    7399       2.7573
    7400       2.6716
    7401       2.5780
    7402       2.5823
    7403       2.7192
    7404       2.7895
    7405       2.7184
    7406       2.7938
    7407       2.6042
    7408       2.7376
    7409       2.8146
    7410       2.6852
    7411       2.4934
    7412       2.5880
    7413       2.6865
    7414       2.4458
    7415       2.5758
    7416       2.4133
    7417       2.4293
    7418       2.5193
    7419       2.4685
    7420       2.5068
    7421       2.6036
    7422       2.5253
    7423       2.5911
    7424       2.4315
    7425       2.4536
    7426       2.5373
    7427       2.5929
    7428       2.5714
    7429       2.6325
    7430       2.4879
    7431       2.4232
    7432       2.3417
    7433       2.3766
    7434       2.3968
    7435       2.4602
    7436       2.4483
    7437       2.4794
    7438       2.5243
    7439       2.6377
    7440       2.7033
    7441       2.7316
    7442       2.6731
    7443       2.5824
    7444       2.5145
    7445       2.7705
    7446       2.8210
    7447       2.8668
    7448       2.8910
    7449       2.8996
    7450       2.8772
    7451       2.8454
    7452       2.8251
    7453       2.9173
    7454       2.8285
    7455       2.8755
    7456       2.7740
    7457       2.7915
    7458       2.7372
    7459       2.8563
    7460       2.7156
    7461       2.7594
    7462       2.7521
    7463       2.6193
    7464       2.6660
    7465       2.6325
    7466       2.5967
    7467       2.5990
    7468       2.4901
    7469       2.5201
    7470       2.4862
    7471       2.6675
    7472       2.5377
    7473       2.6463
    7474       2.6022
    7475       2.7165
    7476       2.8880
    7477       2.6614
    7478       2.4992
    7479       2.4775
    7480       2.2474
    7481       2.4912
    7482       2.5489
    7483       2.4889
    7484       2.4615
    7485       2.4603
    7486       2.4570
    7487       2.5008
    7488       2.3668
    7489       2.3637
    7490       2.5735
    7491       2.4707
    7492       2.3187
    7493       2.4741
    7494       2.4664
    7495       2.7371
    7496       2.6290
    7497       2.7278
    7498       2.6457
    7499       2.7009
    7500       2.7312
    7501       2.9694
    7502       3.0279
    7503       2.8372
    7504       2.8253
    7505       2.9366
    7506       2.8282
    7507       2.7058
    7508       2.4999
    7509       2.6444
    7510       2.4505
    7511       2.4713
    7512       2.3831
    7513       2.4294
    7514       2.4191
    7515       2.5385
    7516       2.7182
    7517       2.6296
    7518       2.6899
    7519       2.7454
    7520       2.7606
    7521       2.7182
    7522       2.7261
    7523       2.8505
    7524       2.8902
    7525       2.6941
    7526       2.7541
    7527       2.7763
    7528       2.7966
    7529       2.7986
    7530       2.5502
    7531       2.6725
    7532       2.6255
    7533       2.5859
    7534       2.5650
    7535       2.5784
    7536       2.6318
    7537       2.5208
    7538       2.4436
    7539       2.4711
    7540       2.4320
    7541       2.3337
    7542       2.3072
    7543       2.3227
    7544       2.2518
    7545       2.4052
    7546       2.3035
    7547       2.2734
    7548       2.3743
    7549       2.5020
    7550       2.5454
    7551       2.5843
    7552       2.5203
    7553       2.3939
    7554       2.5323
    7555       2.5565
    7556       2.5699
    7557       2.6542
    7558       2.5476
    7559       2.6169
    7560       2.6831
    7561       2.7065
    7562       2.6940
    7563       2.6031
    7564       2.4681
    7565       2.3914
    7566       2.3083
    7567       2.2338
    7568       2.2637
    7569       2.3752
    7570       2.6376
    7571       2.6847
    7572       2.7674
    7573       2.7166
    7574       2.6155
    7575       2.6860
    7576       2.7114
    7577       2.6946
    7578       2.7821
    7579       2.7566
    7580       2.6860
    7581       2.8221
    7582       2.9579
    7583       2.9240
    7584       2.8682
    7585       2.7637
    7586       2.8246
    7587       2.7684
    7588       2.4997
    7589       2.5007
    7590       2.5052
    7591       2.6186
    7592       2.6672
    7593       2.7417
    7594       2.9148
    7595       2.8380
    7596       2.9634
    7597       2.8186
    7598       2.8002
    7599       2.8525
    7600       2.8433
    7601       2.7493
    7602       2.4904
    7603       2.5482
    7604       2.7348
    7605       2.4963
    7606       2.4740
    7607       2.5687
    7608       2.4556
    7609       2.6933
    7610       2.7068
    7611       3.0164
    7612       2.9818
    7613       2.9214
    7614       2.8553
    7615       2.9319
    7616       2.9671
    7617       3.0438
    7618       2.9239
    7619       2.6994
    7620       2.8077
    7621       2.8592
    7622       2.8454
    7623       2.7859
    7624       2.5464
    7625       2.5346
    7626       2.7394
    7627       2.7989
    7628       2.7824
    7629       2.7079
    7630       2.7150
    7631       2.5582
    7632       2.3885
    7633       2.3328
    7634       2.2991
    7635       2.2190
    7636       2.1011
    7637       2.2527
    7638       2.4592
    7639       2.5626
    7640       2.5886
    7641       2.5468
    7642       2.4997
    7643       2.4038
    7644       2.5567
    7645       2.4013
    7646       2.6052
    7647       2.5479
    7648       2.8901
    7649       2.9602
    7650       2.8032
    7651       2.6547
    7652       2.7995
    7653       2.8827
    7654       2.7150
    7655       2.7353
    7656       2.7595
    7657       2.8207
    7658       2.6447
    7659       2.7501
    7660       2.8593
    7661       2.8886
    7662       2.9546
    7663       3.0937
    7664       3.2659
    7665       3.0801
    7666       3.1064
    7667       3.3466
    7668       3.1910
    7669       2.8007
    7670       2.7659
    7671       2.8513
    7672       2.7666
    7673       2.8235
    7674       2.7942
    7675       2.7814
    7676       2.8334
    7677       2.9038
    7678       2.8532
    7679       2.6880
    7680       2.7413
    7681       2.5807
    7682       2.7447
    7683       2.7928
    7684       2.6293
    7685       2.6357
    7686       2.6054
    7687       2.6261
    7688       2.6922
    7689       2.5517
    7690       2.6227
    7691       2.5230
    7692       2.4964
    7693       2.6185
    7694       2.7864
    7695       2.8353
    7696       2.7507
    7697       2.8769
    7698       2.8826
    7699       2.6419
    7700       2.8346
    7701       2.7150
    7702       2.7066
    7703       2.5677
    7704       2.6257
    7705       2.6332
    7706       2.8381
    7707       2.9242
    7708       2.9935
    7709       2.7918
    7710       2.9169
    7711       2.6895
    7712       2.8035
    7713       2.6032
    7714       2.5326
    7715       2.7326
    7716       2.6076
    7717       2.6854
    7718       2.6032
    7719       2.5630
    7720       2.4758
    7721       2.3924
    7722       2.4334
    7723       2.3388
    7724       2.3790
    7725       2.4347
    7726       2.3157
    7727       2.1275
    7728       2.0865
    7729       2.0345
    7730       2.0687
    7731       2.2074
    7732       2.2130
    7733       2.3891
    7734       2.4332
    7735       2.4784
    7736       2.5784
    7737       2.4348
    7738       2.4799
    7739       2.4379
    7740       2.4358
    7741       2.4447
    7742       2.5256
    7743       2.4295
    7744       2.7224
    7745       2.6063
    7746       2.6133
    7747       2.5707
    7748       2.5834
    7749       2.3364
    7750       2.3445
    7751       2.3611
    7752       2.4798
    7753       2.3430
    7754       2.4967
    7755       2.4934
    7756       2.7538
    7757       2.5980
    7758       2.3798
    7759       2.5052
    7760       2.6040
    7761       2.4300
    7762       2.5414
    7763       2.6742
    7764       2.8618
    7765       2.7607
    7766       2.7060
    7767       2.7626
    7768       2.7526
    7769       2.7990
    7770       2.7158
    7771       2.8214
    7772       2.8698
    7773       2.7887
    7774       2.7296
    7775       2.6616
    7776       2.6449
    7777       2.5398
    7778       2.7173
    7779       2.6536
    7780       2.6416
    7781       2.6821
    7782       2.3237
    7783       2.4779
    7784       2.4546
    7785       2.4217
    7786       2.5904
    7787       2.4356
    7788       2.5373
    7789       2.4226
    7790       2.5254
    7791       2.5530
    7792       2.5134
    7793       2.7203
    7794       2.6444
    7795       2.6750
    7796       2.7593
    7797       2.7571
    7798       2.6541
    7799       2.5673
    7800       2.4358
    7801       2.5509
    7802       2.3428
    7803       2.3186
    7804       2.4190
    7805       2.3773
    7806       2.2802
    7807       2.2547
    7808       2.3944
    7809       2.4428
    7810       2.4182
    7811       2.5232
    7812       2.5262
    7813       2.4554
    7814       2.3553
    7815       2.4291
    7816       2.5877
    7817       2.6830
    7818       2.6583
    7819       2.5808
    7820       2.7274
    7821       2.4892
    7822       2.5938
    7823       2.5278
    7824       2.6280
    7825       2.7440
    7826       2.6577
    7827       2.5980
    7828       2.4674
    7829       2.5785
    7830       2.4205
    7831       2.4349
    7832       2.3975
    7833       2.3813
    7834       2.4233
    7835       2.5310
    7836       2.6277
    7837       2.4748
    7838       2.2962
    7839       2.2151
    7840       2.4847
    7841       2.4397
    7842       2.5846
    7843       2.5822
    7844       2.5649
    7845       2.2883
    7846       2.2718
    7847       2.3513
    7848       2.4990
    7849       2.5247
    7850       2.5056
    7851       2.5436
    7852       2.4845
    7853       2.4408
    7854       2.3763
    7855       2.4100
    7856       2.3969
    7857       2.3084
    7858       2.4206
    7859       2.5921
    7860       2.6057
    7861       2.6400
    7862       2.7553
    7863       2.8137
    7864       2.9131
    7865       2.6471
    7866       2.6054
    7867       2.6523
    7868       2.6010
    7869       2.7040
    7870       2.8403
    7871       2.6889
    7872       2.6820
    7873       2.6547
    7874       2.6594
    7875       2.5625
    7876       2.3749
    7877       2.4168
    7878       2.4970
    7879       2.5167
    7880       2.5320
    7881       2.3455
    7882       2.3602
    7883       2.2255
    7884       2.4558
    7885       2.5484
    7886       2.5118
    7887       2.5848
    7888       2.4508
    7889       2.3371
    7890       2.5820
    7891       2.4840
    7892       2.5370
    7893       2.7061
    7894       2.6783
    7895       2.8440
    7896       2.6018
    7897       2.6823
    7898       2.8204
    7899       2.7700
    7900       2.6132
    7901       2.4512
    7902       2.4448
    7903       2.4786
    7904       2.3585
    7905       2.2302
    7906       2.3476
    7907       2.5429
    7908       2.4480
    7909       2.3429
    7910       2.2271
    7911       2.1209
    7912       2.0114
    7913       2.0675
    7914       1.9822
    7915       1.9834
    7916       1.9472
    7917       1.9741
    7918       1.9653
    7919       2.0478
    7920       2.0161
    7921       1.8538
    7922       1.9351
    7923       1.7988
    7924       1.7822
    7925       1.9332
    7926       2.0404
    7927       2.0007
    7928       1.8225
    7929       1.8694
    7930       1.7940
    7931       1.7146
    7932       1.9208
    7933       1.8120
    7934       1.8085
    7935       1.7431
    7936       1.6884
    7937       1.7848
    7938       1.6373
    7939       1.6187
    7940       1.6735
    7941       1.6517
    7942       1.6563
    7943       1.9132
    7944       1.8891
    7945       1.8731
    7946       1.7849
    7947       1.8571
    7948       1.8466
    7949       1.8320
    7950       1.8819
    7951       1.9674
    7952       1.8757
    7953       1.9668
    7954       2.0803
    7955       1.9149
    7956       2.1147
    7957       1.9884
    7958       1.9645
    7959       2.1797
    7960       2.0406
    7961       1.9985
    7962       2.0094
    7963       2.0475
    7964       1.9912
    7965       2.0304
    7966       2.0058
    7967       1.9184
    7968       1.9478
    7969       1.7768
    7970       1.9464
    7971       2.0337
    7972       1.8585
    7973       1.7999
    7974       1.8178
    7975       1.7937
    7976       1.9200
    7977       1.9641
    7978       1.9130
    7979       1.9454
    7980       1.9860
    7981       1.9744
    7982       2.0585
    7983       2.0320
    7984       1.9632
    7985       1.9040
    7986       2.0036
    7987       2.0209
    7988       1.9765
    7989       2.0456
    7990       1.8753
    7991       1.8920
    7992       1.8307
    7993       1.9463
    7994       2.0338
    7995       1.8006
    7996       1.7533
    7997       1.7055
    7998       1.6990
    7999       1.8808
    8000       1.7654
    8001       1.7869
    8002       1.8013
    8003       1.8452
    8004       1.7684
    8005       1.7294
    8006       1.8159
    8007       1.7761
    8008       1.7121
    8009       1.8376
    8010       1.8915
    8011       1.8707
    8012       1.8508
    8013       1.9555
    8014       2.0712
    8015       1.8983
    8016       1.9972
    8017       2.0315
    8018       1.9764
    8019       1.7782
    8020       1.8812
    8021       1.7845
    8022       1.7910
    8023       1.9471
    8024       1.9017
    8025       1.8718
    8026       1.8204
    8027       1.8394
    8028       1.6761
    8029       1.7939
    8030       1.8453
    8031       1.8713
    8032       1.7988
    8033       1.8442
    8034       1.7871
    8035       1.8978
    8036       1.6581
    8037       1.8250
    8038       1.8442
    8039       1.8084
    8040       1.9797
    8041       1.9804
    8042       1.9868
    8043       2.0274
    8044       2.0960
    8045       2.2772
    8046       2.3764
    8047       2.3369
    8048       2.4082
    8049       2.3746
    8050       2.2568
    8051       2.2980
    8052       2.1675
    8053       2.1473
    8054       2.2075
    8055       2.2790
    8056       2.4231
    8057       2.3299
    8058       2.3095
    8059       2.3906
    8060       2.4219
    8061       2.4424
    8062       2.5446
    8063       2.4723
    8064       2.5983
    8065       2.5453
    8066       2.5506
    8067       2.7496
    8068       2.6996
    8069       2.5659
    8070       2.7306
    8071       2.6252
    8072       2.6448
    8073       2.5252
    8074       2.5239
    8075       2.4489
    8076       2.5067
    8077       2.4695
    8078       2.3890
    8079       2.3699
    8080       2.3911
    8081       2.2155
    8082       2.3006
    8083       2.3374
    8084       2.4506
    8085       2.4212
    8086       2.4827
    8087       2.4921
    8088       2.3802
    8089       2.3929
    8090       2.3252
    8091       2.4260
    8092       2.4342
    8093       2.3893
    8094       2.4284
    8095       2.4670
    8096       2.3443
    8097       2.3366
    8098       2.4674
    8099       2.6489
    8100       2.3546
    8101       2.3754
    8102       2.4345
    8103       2.3300
    8104       2.4206
    8105       2.3268
    8106       2.3252
    8107       2.2751
    8108       2.4266
    8109       2.6139
    8110       2.6871
    8111       2.6758
    8112       2.6181
    8113       2.6086
    8114       2.6290
    8115       2.7059
    8116       2.7699
    8117       2.7189
    8118       2.5450
    8119       2.6747
    8120       2.6647
    8121       2.7553
    8122       2.7090
    8123       2.6440
    8124       2.7958
    8125       2.6226
    8126       2.6693
    8127       2.7110
    8128       2.7557
    8129       2.7878
    8130       2.9333
    8131       2.8177
    8132       2.9869
    8133       2.9455
    8134       2.7520
    8135       2.7788
    8136       2.5222
    8137       2.4700
    8138       2.3661
    8139       2.4824
    8140       2.6311
    8141       2.6617
    8142       2.3188
    8143       2.3974
    8144       2.2563
    8145       2.4539
    8146       2.4069
    8147       2.3923
    8148       2.5560
    8149       2.4724
    8150       2.5312
    8151       2.5138
    8152       2.5627
    8153       2.5145
    8154       2.5319
    8155       2.6254
    8156       2.5667
    8157       2.6172
    8158       2.6820
    8159       2.4932
    8160       2.6288
    8161       2.5462
    8162       2.5940
    8163       2.6182
    8164       2.5830
    8165       2.6010
    8166       2.7992
    8167       2.6454
    8168       2.9283
    8169       2.9899
    8170       2.7766
    8171       2.9005
    8172       3.0764
    8173       3.0548
    8174       3.0842
    8175       3.0655
    8176       3.1971
    8177       3.2344
    8178       3.0590
    8179       3.1515
    8180       3.1930
    8181       3.4944
    8182       3.4346
    8183       3.3407
    8184       3.2553
    8185       3.2668
    8186       3.2764
    8187       3.3471
    8188       3.4034
    8189       3.3894
    8190       3.4202
    8191       3.3923
    8192       3.5781
    8193       3.3154
    8194       3.0912
    8195       3.3512
    8196       3.1776
    8197       3.2150
    8198       3.1837
    8199       3.0902
    8200       3.1288
    8201       2.9383
    8202       3.0884
    8203       3.0147
    8204       2.9971
    8205       2.9516
    8206       2.8554
    8207       2.8907
    8208       2.8580
    8209       2.7555
    8210       2.7488
    8211       2.7694
    8212       2.9846
    8213       3.0885
    8214       3.0370
    8215       2.9604
    8216       3.0031
    8217       3.1047
    8218       3.2526
    8219       3.3866
    8220       3.4482
    8221       3.4964
    8222       3.4904
    8223       3.5134
    8224       3.3807
    8225       3.3084
    8226       3.4406
    8227       3.1834
    8228       3.1985
    8229       3.0388
    8230       2.9968
    8231       3.1118
    8232       3.1420
    8233       3.0663
    8234       2.9639
    8235       2.7677
    8236       2.7771
    8237       3.0032
    8238       2.9983
    8239       3.0455
    8240       3.0280
    8241       2.9154
    8242       3.0349
    8243       3.1397
    8244       3.0457
    8245       3.0536
    8246       3.0485
    8247       2.9571
    8248       2.8536
    8249       2.6592
    8250       2.6772
    8251       2.6761
    8252       2.7635
    8253       2.7029
    8254       2.6985
    8255       2.6210
    8256       2.4713
    8257       2.5914
    8258       2.5243
    8259       2.4652
    8260       2.5091
    8261       2.5260
    8262       2.4166
    8263       2.5388
    8264       2.4625
    8265       2.4140
    8266       2.3223
    8267       2.2916
    8268       2.3350
    8269       2.3973
    8270       2.4525
    8271       2.5238
    8272       2.5600
    8273       2.5298
    8274       2.5144
    8275       2.7011
    8276       2.6408
    8277       2.5887
    8278       2.3689
    8279       2.3960
    8280       2.5904
    8281       2.6934
    8282       2.5555
    8283       2.5726
    8284       2.5591
    8285       2.5004
    8286       2.4371
    8287       2.3502
    8288       2.5754
    8289       2.3135
    8290       2.2991
    8291       2.3727
    8292       2.2817
    8293       2.3981
    8294       2.3674
    8295       2.2463
    8296       2.3955
    8297       2.4063
    8298       2.4943
    8299       2.4643
    8300       2.4559
    8301       2.6501
    8302       2.6016
    8303       2.5299
    8304       2.5551
    8305       2.6710
    8306       2.7117
    8307       2.6719
    8308       2.5835
    8309       2.5960
    8310       2.4232
    8311       2.3146
    8312       2.4660
    8313       2.5162
    8314       2.3823
    8315       2.3185
    8316       2.4875
    8317       2.3931
    8318       2.2263
    8319       2.3737
    8320       2.5263
    8321       2.4846
    8322       2.7842
    8323       2.9561
    8324       2.8068
    8325       2.7293
    8326       2.5595
    8327       2.5209
    8328       2.5402
    8329       2.5924
    8330       2.6709
    8331       2.6455
    8332       2.4101
    8333       2.4950
    8334       2.5056
    8335       2.4896
    8336       2.6175
    8337       2.6150
    8338       2.7179
    8339       2.6955
    8340       2.6271
    8341       2.5340
    8342       2.5023
    8343       2.4321
    8344       2.5078
    8345       2.4428
    8346       2.5468
    8347       2.5702
    8348       2.7273
    8349       2.6439
    8350       2.6096
    8351       2.5889
    8352       2.6861
    8353       2.6675
    8354       2.7817
    8355       2.6869
    8356       2.7666
    8357       2.9175
    8358       2.6597
    8359       2.6489
    8360       2.6826
    8361       2.6919
    8362       2.8111
    8363       2.7322
    8364       2.7112
    8365       2.6106
    8366       2.7164
    8367       2.5703
    8368       2.4355
    8369       2.4139
    8370       2.5561
    8371       2.6903
    8372       2.6863
    8373       2.6233
    8374       2.4690
    8375       2.3375
    8376       2.3918
    8377       2.4001
    8378       2.3729
    8379       2.4122
    8380       2.4331
    8381       2.3224
    8382       2.3708
    8383       2.3344
    8384       2.4809
    8385       2.4904
    8386       2.5716
    8387       2.5172
    8388       2.5176
    8389       2.5034
    8390       2.6298
    8391       2.6829
    8392       2.5119
    8393       2.5690
    8394       2.6686
    8395       2.6802
    8396       2.7181
    8397       2.8076
    8398       2.7634
    8399       2.6283
    8400       2.6501
    8401       2.6723
    8402       2.7450
    8403       2.8918
    8404       2.6092
    8405       2.6913
    8406       2.6387
    8407       2.7160
    8408       2.7270
    8409       2.6633
    8410       2.8108
    8411       2.8240
    8412       2.5678
    8413       2.4748
    8414       2.2889
    8415       2.3945
    8416       2.3816
    8417       2.4375
    8418       2.5062
    8419       2.3870
    8420       2.5454
    8421       2.6761
    8422       2.5952
    8423       2.5662
    8424       2.5467
    8425       2.5333
    8426       2.4518
    8427       2.6865
    8428       2.5400
    8429       2.5663
    8430       2.5976
    8431       2.5569
    8432       2.5816
    8433       2.4661
    8434       2.5085
    8435       2.4909
    8436       2.4232
    8437       2.3523
    8438       2.3742
    8439       2.4881
    8440       2.5935
    8441       2.7089
    8442       2.7795
    8443       2.6407
    8444       2.6546
    8445       2.9057
    8446       2.6467
    8447       2.6979
    8448       2.6776
    8449       2.4836
    8450       2.4480
    8451       2.4572
    8452       2.5366
    8453       2.5059
    8454       2.6643
    8455       2.5241
    8456       2.5116
    8457       2.5770
    8458       2.4148
    8459       2.3978
    8460       2.5342
    8461       2.5503
    8462       2.4674
    8463       2.4690
    8464       2.3767
    8465       2.3886
    8466       2.4914
    8467       2.6546
    8468       2.4903
    8469       2.7518
    8470       2.7429
    8471       2.6936
    8472       2.6971
    8473       2.9364
    8474       2.9550
    8475       2.9582
    8476       3.0139
    8477       2.9705
    8478       2.6297
    8479       2.6587
    8480       2.6568
    8481       2.7073
    8482       2.8845
    8483       2.7577
    8484       2.8210
    8485       2.5995
    8486       2.4169
    8487       2.6368
    8488       2.7697
    8489       2.7353
    8490       2.7884
    8491       2.5544
    8492       2.5471
    8493       2.7247
    8494       2.5665
    8495       2.5161
    8496       2.5741
    8497       2.6745
    8498       2.6302
    8499       2.7602
    8500       2.8263
    8501       2.7109
    8502       2.8647
    8503       2.7203
    8504       2.7742
    8505       2.7838
    8506       2.7883
    8507       2.9848
    8508       2.9349
    8509       3.0004
    8510       2.8201
    8511       2.7171
    8512       2.9161
    8513       2.7683
    8514       2.6743
    8515       2.6329
    8516       2.5848
    8517       2.5344
    8518       2.6155
    8519       2.5901
    8520       2.8059
    8521       2.7316
    8522       2.6046
    8523       2.7520
    8524       2.7745
    8525       2.8677
    8526       2.8730
    8527       2.8391
    8528       2.7522
    8529       2.9115
    8530       2.8807
    8531       3.0952
    8532       3.1971
    8533       3.2191
    8534       3.1777
    8535       2.9543
    8536       3.0647
    8537       2.9225
    8538       3.1087
    8539       3.0693
    8540       2.8741
    8541       2.9788
    8542       3.0224
    8543       2.9701
    8544       2.9753
    8545       2.8815
    8546       2.9107
    8547       2.9830
    8548       2.8711
    8549       2.8855
    8550       2.9346
    8551       3.0612
    8552       2.9190
    8553       3.0343
    8554       3.0544
    8555       2.9853
    8556       2.8507
    8557       2.7201
    8558       2.6432
    8559       2.7022
    8560       2.7450
    8561       2.6436
    8562       2.6192
    8563       2.5920
    8564       2.5881
    8565       2.4466
    8566       2.3830
    8567       2.5216
    8568       2.5461
    8569       2.5649
    8570       2.6044
    8571       2.4660
    8572       2.4131
    8573       2.3984
    8574       2.4399
    8575       2.2515
    8576       2.1098
    8577       2.1867
    8578       2.1540
    8579       2.2465
    8580       2.2314
    8581       2.4700
    8582       2.3021
    8583       2.4015
    8584       2.3799
    8585       2.6373
    8586       2.7131
    8587       2.7639
    8588       2.7963
    8589       2.7427
    8590       2.8103
    8591       2.7083
    8592       2.6942
    8593       2.7430
    8594       2.5505
    8595       2.5751
    8596       2.6360
    8597       2.5924
    8598       2.7623
    8599       2.8660
    8600       2.7898
    8601       2.6560
    8602       2.7509
    8603       2.8266
    8604       2.7680
    8605       2.8719
    8606       2.7479
    8607       2.9277
    8608       3.0040
    8609       3.0001
    8610       3.0276
    8611       3.1594
    8612       3.0514
    8613       3.0419
    8614       3.0276
    8615       3.1222
    8616       3.0145
    8617       2.9537
    8618       2.7114
    8619       2.8493
    8620       2.9980
    8621       2.8745
    8622       2.9678
    8623       2.7065
    8624       2.8545
    8625       2.9252
    8626       2.6976
    8627       2.6474
    8628       2.6532
    8629       2.7611
    8630       2.9611
    8631       2.8912
    8632       3.0721
    8633       3.2663
    8634       3.3498
    8635       3.3335
    8636       3.4543
    8637       3.3464
    8638       3.4106
    8639       3.2200
    8640       3.0302
    8641       3.2447
    8642       3.2369
    8643       3.1938
    8644       3.3561
    8645       3.1322
    8646       3.0780
    8647       3.2109
    8648       3.2477
    8649       3.2591
    8650       3.3119
    8651       3.3473
    8652       3.3314
    8653       3.2291
    8654       3.4494
    8655       3.3997
    8656       3.5667
    8657       3.5401
    8658       3.4179
    8659       3.4807
    8660       3.3643
    8661       3.4291
    8662       3.1779
    8663       3.1194
    8664       3.1764
    8665       3.0168
    8666       2.9166
    8667       3.0111
    8668       3.2723
    8669       3.1666
    8670       3.1833
    8671       3.3423
    8672       3.4033
    8673       3.4040
    8674       3.4840
    8675       3.5440
    8676       3.2335
    8677       3.3117
    8678       3.1420
    8679       3.3792
    8680       3.5725
    8681       3.7503
    8682       3.6474
    8683       3.5316
    8684       3.5722
    8685       3.5580
    8686       3.7262
    8687       3.4593
    8688       3.3337
    8689       3.4083
    8690       3.4921
    8691       3.5618
    8692       3.5843
    8693       3.6287
    8694       3.3850
    8695       3.4836
    8696       3.3595
    8697       3.3427
    8698       3.1816
    8699       3.2294
    8700       3.2736
    8701       3.3047
    8702       3.3342
    8703       3.4407
    8704       3.4423
    8705       3.3634
    8706       3.5602
    8707       3.4395
    8708       3.5483
    8709       3.4623
    8710       3.5142
    8711       3.4700
    8712       3.6531
    8713       3.3492
    8714       3.3631
    8715       3.7786
    8716       3.8379
    8717       3.6411
    8718       3.6502
    8719       3.4074
    8720       3.4272
    8721       3.2987
    8722       3.4508
    8723       3.4562
    8724       3.4983
    8725       3.5041
    8726       3.6895
    8727       3.6967
    8728       3.6080
    8729       3.6096
    8730       3.5714
    8731       3.6526
    8732       3.7036
    8733       3.8128
    8734       3.7363
    8735       3.7641
    8736       3.8566
    8737       3.8317
    8738       3.8313
    8739       3.7809
    8740       3.9573
    8741       3.8782
    8742       3.8030
    8743       3.8117
    8744       3.6906
    8745       3.7371
    8746       3.8170
    8747       3.8573
    8748       3.9791
    8749       3.7678
    8750       3.9126
    8751       3.7119
    8752       3.8438
    8753       3.7806
    8754       3.7531
    8755       3.4789
    8756       3.3888
    8757       3.2938
    8758       3.2914
    8759       3.0828
    8760       3.0657
    8761       3.1476
    8762       3.2638
    8763       3.3371
    8764       3.3902
    8765       3.6032
    8766       3.4093
    8767       3.3948
    8768       3.2789
    8769       3.3549
    8770       3.3298
    8771       3.4003
    8772       3.2819
    8773       3.2950
    8774       3.3926
    8775       3.3672
    8776       3.5114
    8777       3.4155
    8778       3.1881
    8779       3.4268
    8780       3.2261
    8781       3.1933
    8782       3.4290
    8783       3.3642
    8784       3.2358
    8785       3.2281
    8786       3.3837
    8787       3.5745
    8788       3.4688
    8789       3.4294
    8790       3.5562
    8791       3.3806
    8792       3.3258
    8793       3.4172
    8794       3.3551
    8795       3.5882
    8796       3.4668
    8797       3.4803
    8798       3.4425
    8799       3.4303
    8800       3.3420
    8801       3.2996
    8802       3.3938
    8803       3.2991
    8804       3.2883
    8805       3.4092
    8806       3.6925
    8807       3.7882
    8808       3.7710
    8809       3.5982
    8810       3.8951
    8811       3.6342
    8812       3.7816
    8813       3.6523
    8814       3.4344
    8815       3.5119
    8816       3.3841
    8817       3.2068
    8818       3.3611
    8819       3.1989
    8820       3.3502
    8821       3.3938
    8822       3.1005
    8823       3.2046
    8824       3.4265
    8825       3.5573
    8826       3.4342
    8827       3.4280
    8828       3.3946
    8829       3.3979
    8830       3.2325
    8831       3.2829
    8832       3.5428
    8833       3.7276
    8834       3.7419
    8835       3.8774
    8836       3.8103
    8837       3.7229
    8838       3.6199
    8839       3.5960
    8840       3.5316
    8841       3.6854
    8842       3.7417
    8843       3.6821
    8844       3.5524
    8845       3.4993
    8846       3.6313
    8847       3.6008
    8848       3.4941
    8849       3.2645
    8850       3.3268
    8851       3.2590
    8852       3.3855
    8853       3.2465
    8854       3.4533
    8855       3.4343
    8856       3.5685
    8857       3.5329
    8858       3.7099
    8859       3.6141
    8860       3.7769
    8861       3.8374
    8862       3.8290
    8863       3.7652
    8864       3.6142
    8865       3.7057
    8866       3.6402
    8867       3.5020
    8868       3.4943
    8869       3.5919
    8870       3.5409
    8871       3.4082
    8872       3.3132
    8873       3.3440
    8874       3.3064
    8875       3.3369
    8876       3.1939
    8877       3.1963
    8878       3.1835
    8879       3.0511
    8880       3.1934
    8881       3.1995
    8882       2.9674
    8883       3.1107
    8884       3.1631
    8885       3.0278
    8886       3.0510
    8887       3.2335
    8888       3.2022
    8889       2.9786
    8890       3.3030
    8891       3.3850
    8892       3.3681
    8893       3.3471
    8894       3.4665
    8895       3.5739
    8896       3.3881
    8897       3.3800
    8898       3.2313
    8899       3.2837
    8900       3.4289
    8901       3.4293
    8902       3.0509
    8903       2.8825
    8904       2.8632
    8905       3.0018
    8906       3.1061
    8907       2.9687
    8908       3.1085
    8909       3.1630
    8910       3.0372
    8911       3.0596
    8912       3.1321
    8913       3.3848
    8914       3.3491
    8915       3.2387
    8916       3.3021
    8917       3.2578
    8918       3.1295
    8919       3.2487
    8920       3.2726
    8921       3.2666
    8922       3.2232
    8923       3.0873
    8924       3.1504
    8925       2.9550
    8926       2.9654
    8927       3.0067
    8928       2.9124
    8929       2.8899
    8930       2.8466
    8931       2.9030
    8932       2.7992
    8933       2.9268
    8934       2.7799
    8935       2.7488
    8936       2.6205
    8937       2.6227
    8938       2.6108
    8939       2.6703
    8940       2.6617
    8941       2.7156
    8942       2.7408
    8943       2.7957
    8944       2.7945
    8945       2.8751
    8946       2.9501
    8947       2.8453
    8948       2.7055
    8949       2.8357
    8950       2.8246
    8951       2.8885
    8952       2.7541
    8953       2.8707
    8954       2.8028
    8955       2.7071
    8956       2.8490
    8957       2.7112
    8958       2.8683
    8959       2.8832
    8960       2.7101
    8961       2.6739
    8962       2.4487
    8963       2.4707
    8964       2.5772
    8965       2.3896
    8966       2.3291
    8967       2.4224
    8968       2.4112
    8969       2.5200
    8970       2.4892
    8971       2.3528
    8972       2.3726
    8973       2.5278
    8974       2.6198
    8975       2.5064
    8976       2.6815
    8977       2.6839
    8978       2.7408
    8979       2.8275
    8980       3.0103
    8981       2.9560
    8982       2.9147
    8983       2.8999
    8984       2.9534
    8985       2.6625
    8986       2.6094
    8987       2.5406
    8988       2.5233
    8989       2.6930
    8990       2.6232
    8991       2.6722
    8992       2.7087
    8993       2.9908
    8994       2.9193
    8995       2.7812
    8996       2.7727
    8997       2.9421
    8998       2.9100
    8999       2.5485
    9000       2.4249
    9001       2.3942
    9002       2.3682
    9003       2.5567
    9004       2.4036
    9005       2.3941
    9006       2.4450
    9007       2.6249
    9008       2.5324
    9009       2.3989
    9010       2.5433
    9011       2.5639
    9012       2.4969
    9013       2.4588
    9014       2.2906
    9015       2.3319
    9016       2.4207
    9017       2.4671
    9018       2.6130
    9019       2.5398
    9020       2.5116
    9021       2.7107
    9022       2.5142
    9023       2.5534
    9024       2.2811
    9025       2.2637
    9026       2.3678
    9027       2.3079
    9028       2.2989
    9029       2.2193
    9030       2.2827
    9031       2.3499
    9032       2.5154
    9033       2.3973
    9034       2.4786
    9035       2.6523
    9036       2.6419
    9037       2.5926
    9038       2.7362
    9039       2.6559
    9040       2.7607
    9041       2.7591
    9042       2.9706
    9043       3.0126
    9044       3.1393
    9045       3.1042
    9046       3.2692
    9047       3.4168
    9048       3.1765
    9049       3.1136
    9050       2.8776
    9051       2.9039
    9052       3.0529
    9053       2.8945
    9054       2.9919
    9055       3.0137
    9056       2.9554
    9057       2.8113
    9058       2.8361
    9059       2.7372
    9060       2.7978
    9061       3.0671
    9062       2.8930
    9063       2.9308
    9064       2.9278
    9065       2.8663
    9066       2.9435
    9067       2.9296
    9068       2.8626
    9069       2.9335
    9070       2.9708
    9071       3.0241
    9072       3.0558
    9073       3.0713
    9074       3.1597
    9075       3.0784
    9076       3.1650
    9077       3.0263
    9078       3.1735
    9079       3.2122
    9080       3.3468
    9081       3.3112
    9082       3.3324
    9083       3.2001
    9084       3.2629
    9085       3.2423
    9086       3.1917
    9087       3.1851
    9088       3.1798
    9089       3.2159
    9090       3.1284
    9091       2.9879
    9092       3.0813
    9093       3.1077
    9094       3.1266
    9095       2.9068
    9096       2.8071
    9097       2.9128
    9098       2.8875
    9099       2.8947
    9100       2.9169
    9101       2.9920
    9102       2.8082
    9103       2.9540
    9104       2.9068
    9105       2.7881
    9106       2.8440
    9107       2.6714
    9108       2.6550
    9109       2.7240
    9110       2.8443
    9111       2.6817
    9112       2.6896
    9113       2.7891
    9114       2.9991
    9115       2.9882
    9116       3.0310
    9117       3.0621
    9118       3.0447
    9119       2.9336
    9120       2.7426
    9121       2.7493
    9122       2.7460
    9123       2.7177
    9124       2.6971
    9125       2.5812
    9126       2.6336
    9127       2.7477
    9128       2.7726
    9129       2.7524
    9130       2.6958
    9131       2.7583
    9132       2.8237
    9133       2.7768
    9134       2.8504
    9135       3.0817
    9136       3.0303
    9137       2.7668
    9138       2.6799
    9139       2.6888
    9140       2.7099
    9141       2.6978
    9142       2.6664
    9143       2.5399
    9144       2.4426
    9145       2.4513
    9146       2.4408
    9147       2.4659
    9148       2.4672
    9149       2.5006
    9150       2.4583
    9151       2.4320
    9152       2.4345
    9153       2.3899
    9154       2.3660
    9155       2.4482
    9156       2.6612
    9157       2.5686
    9158       2.4846
    9159       2.6037
    9160       2.4957
    9161       2.4519
    9162       2.4864
    9163       2.2823
    9164       2.3396
    9165       2.3982
    9166       2.4703
    9167       2.6622
    9168       2.5291
    9169       2.6544
    9170       2.6492
    9171       2.6864
    9172       2.5881
    9173       2.5099
    9174       2.4911
    9175       2.5470
    9176       2.4913
    9177       2.6001
    9178       2.4942
    9179       2.6368
    9180       2.6164
    9181       2.6837
    9182       2.5830
    9183       2.7466
    9184       2.7811
    9185       2.7458
    9186       2.5461
    9187       2.6296
    9188       2.3788
    9189       2.3653
    9190       2.2794
    9191       2.2416
    9192       2.2090
    9193       2.3300
    9194       2.4319
    9195       2.5961
    9196       2.5940
    9197       2.4993
    9198       2.5694
    9199       2.4197
    9200       2.5981
    9201       2.5600
    9202       2.5007
    9203       2.5112
    9204       2.5768
    9205       2.6362
    9206       2.7351
    9207       2.3107
    9208       2.4884
    9209       2.3458
    9210       2.1991
    9211       2.4724
    9212       2.3396
    9213       2.3473
    9214       2.3829
    9215       2.3440
    9216       2.2623
    9217       2.1769
    9218       2.3007
    9219       2.5079
    9220       2.6448
    9221       2.4278
    9222       2.2790
    9223       2.2264
    9224       2.2899
    9225       2.4078
    9226       2.4146
    9227       2.4547
    9228       2.4692
    9229       2.5933
    9230       2.5038
    9231       2.3262
    9232       2.5897
    9233       2.4453
    9234       2.4771
    9235       2.3607
    9236       2.3233
    9237       2.4046
    9238       2.2083
    9239       2.3228
    9240       2.2254
    9241       2.2391
    9242       2.5303
    9243       2.6619
    9244       2.7144
    9245       2.5005
    9246       2.5149
    9247       2.6479
    9248       2.7044
    9249       2.8113
    9250       2.7569
    9251       2.7434
    9252       2.9879
    9253       2.8812
    9254       2.8837
    9255       2.8472
    9256       2.7861
    9257       2.8482
    9258       2.8521
    9259       2.7432
    9260       2.8722
    9261       2.8168
    9262       2.7479
    9263       2.5774
    9264       2.6524
    9265       2.6502
    9266       2.5030
    9267       2.6126
    9268       2.6886
    9269       2.6601
    9270       2.7068
    9271       2.6918
    9272       2.7502
    9273       2.9464
    9274       2.8184
    9275       2.6710
    9276       2.6353
    9277       2.5626
    9278       2.5212
    9279       2.3181
    9280       2.3487
    9281       2.4998
    9282       2.6111
    9283       2.7858
    9284       2.7857
    9285       2.6832
    9286       2.7562
    9287       2.6973
    9288       2.7321
    9289       2.9362
    9290       2.7909
    9291       3.0425
    9292       3.0039
    9293       2.8387
    9294       2.9302
    9295       2.8823
    9296       2.8203
    9297       2.6595
    9298       2.6496
    9299       2.6835
    9300       2.6697
    9301       2.6935
    9302       2.6132
    9303       2.5278
    9304       2.4797
    9305       2.4394
    9306       2.5720
    9307       2.7657
    9308       2.6325
    9309       2.6570
    9310       2.7058
    9311       2.6788
    9312       2.6921
    9313       2.7471
    9314       2.8611
    9315       2.8988
    9316       2.7729
    9317       3.0193
    9318       2.7930
    9319       2.6131
    9320       2.4194
    9321       2.5050
    9322       2.5853
    9323       2.4115
    9324       2.4153
    9325       2.4380
    9326       2.5226
    9327       2.6230
    9328       2.6099
    9329       2.3668
    9330       2.5748
    9331       2.4568
    9332       2.4079
    9333       2.5208
    9334       2.5753
    9335       2.5963
    9336       2.4908
    9337       2.5815
    9338       2.6032
    9339       2.5698
    9340       2.5823
    9341       2.6594
    9342       2.8887
    9343       2.9413
    9344       2.8050
    9345       2.8074
    9346       2.6921
    9347       2.8788
    9348       2.9076
    9349       2.7335
    9350       2.7867
    9351       2.8103
    9352       2.7947
    9353       2.7367
    9354       2.8706
    9355       2.9355
    9356       2.7810
    9357       2.8417
    9358       2.8880
    9359       2.9913
    9360       3.0609
    9361       2.9523
    9362       2.7573
    9363       2.7417
    9364       2.8214
    9365       2.7670
    9366       2.7662
    9367       2.7123
    9368       2.6854
    9369       2.7454
    9370       2.8449
    9371       2.9938
    9372       2.7901
    9373       2.8789
    9374       3.0985
    9375       3.1049
    9376       3.0076
    9377       3.0871
    9378       3.0910
    9379       3.1364
    9380       2.8840
    9381       2.9270
    9382       2.9958
    9383       2.9699
    9384       2.8704
    9385       2.8856
    9386       2.8510
    9387       2.8225
    9388       2.7546
    9389       2.7549
    9390       2.7530
    9391       2.8945
    9392       2.8366
    9393       3.0310
    9394       2.9011
    9395       2.9930
    9396       3.0786
    9397       2.9691
    9398       2.8712
    9399       2.9464
    9400       3.1468
    9401       3.1027
    9402       3.0908
    9403       3.2688
    9404       3.0356
    9405       2.9525
    9406       2.8906
    9407       2.8026
    9408       2.9681
    9409       2.8626
    9410       2.7730
    9411       2.6993
    9412       2.9139
    9413       3.1215
    9414       3.2398
    9415       3.2804
    9416       3.2676
    9417       3.0378
    9418       2.9121
    9419       2.9796
    9420       2.7916
    9421       2.7411
    9422       2.6978
    9423       2.6881
    9424       2.5260
    9425       2.6050
    9426       2.7668
    9427       2.8070
    9428       2.7531
    9429       2.6373
    9430       2.6913
    9431       2.4742
    9432       2.3432
    9433       2.5670
    9434       2.6509
    9435       2.4855
    9436       2.3427
    9437       2.5272
    9438       2.4007
    9439       2.7282
    9440       2.6640
    9441       2.5621
    9442       2.4894
    9443       2.6500
    9444       2.8161
    9445       2.8792
    9446       2.8457
    9447       2.8800
    9448       2.8550
    9449       2.6869
    9450       2.7977
    9451       2.6712
    9452       2.5465
    9453       2.5148
    9454       2.7571
    9455       2.6710
    9456       2.6472
    9457       2.5407
    9458       2.7047
    9459       2.6340
    9460       2.5147
    9461       2.5804
    9462       2.6194
    9463       2.6962
    9464       2.6344
    9465       2.6549
    9466       2.6537
    9467       2.5627
    9468       2.6800
    9469       2.6537
    9470       2.6701
    9471       2.8853
    9472       2.6926
    9473       2.7178
    9474       2.5876
    9475       2.4917
    9476       2.5437
    9477       2.5159
    9478       2.5839
    9479       2.5219
    9480       2.3922
    9481       2.4632
    9482       2.2390
    9483       2.4510
    9484       2.2612
    9485       2.4201
    9486       2.4394
    9487       2.4216
    9488       2.5195
    9489       2.4501
    9490       2.3865
    9491       2.5493
    9492       2.5684
    9493       2.5326
    9494       2.6578
    9495       2.6680
    9496       2.7360
    9497       2.5379
    9498       2.4622
    9499       2.4425
    9500       2.7576
    9501       2.5929
    9502       2.4069
    9503       2.4841
    9504       2.5354
    9505       2.5796
    9506       2.5204
    9507       2.7248
    9508       2.6732
    9509       2.6394
    9510       2.6692
    9511       2.7174
    9512       2.7394
    9513       2.8331
    9514       2.8707
    9515       2.7917
    9516       2.8221
    9517       2.7867
    9518       3.0386
    9519       2.7757
    9520       2.7995
    9521       2.7886
    9522       2.7550
    9523       2.8644
    9524       2.8376
    9525       2.8902
    9526       3.0891
    9527       3.0685
    9528       2.9840
    9529       2.8727
    9530       2.8958
    9531       2.7711
    9532       2.7731
    9533       2.6441
    9534       2.9384
    9535       2.9499
    9536       2.9622
    9537       3.0067
    9538       3.1559
    9539       3.1800
    9540       3.0012
    9541       3.2423
    9542       3.4106
    9543       3.5017
    9544       3.3999
    9545       3.3736
    9546       3.3445
    9547       3.1997
    9548       3.1617
    9549       3.1739
    9550       3.2236
    9551       3.4280
    9552       3.1539
    9553       3.2667
    9554       3.2197
    9555       3.1199
    9556       2.9121
    9557       3.0168
    9558       3.1062
    9559       2.9584
    9560       2.9022
    9561       2.8332
    9562       2.9782
    9563       2.8564
    9564       2.9525
    9565       2.8491
    9566       2.8804
    9567       2.9740
    9568       3.1037
    9569       3.0173
    9570       2.9235
    9571       2.8125
    9572       2.8613
    9573       2.7117
    9574       2.8366
    9575       2.6737
    9576       2.5635
    9577       2.6312
    9578       2.5695
    9579       2.6899
    9580       2.7063
    9581       2.5204
    9582       2.6097
    9583       2.7035
    9584       2.7173
    9585       2.8646
    9586       2.8265
    9587       2.9435
    9588       2.8629
    9589       2.8684
    9590       2.7275
    9591       2.7847
    9592       2.7258
    9593       2.7908
    9594       2.8769
    9595       2.9367
    9596       2.9403
    9597       2.8523
    9598       2.9472
    9599       2.9495
    9600       2.9605
    9601       2.9667
    9602       3.0016
    9603       3.0763
    9604       2.8117
    9605       2.8994
    9606       2.9316
    9607       2.8578
    9608       2.8623
    9609       2.9469
    9610       2.7252
    9611       2.7195
    9612       2.8581
    9613       2.7091
    9614       2.5980
    9615       2.5700
    9616       2.5502
    9617       2.5388
    9618       2.5647
    9619       2.5650
    9620       2.6812
    9621       2.6486
    9622       2.5641
    9623       2.6797
    9624       2.7069
    9625       2.5564
    9626       2.3878
    9627       2.3964
    9628       2.4562
    9629       2.4275
    9630       2.4199
    9631       2.4703
    9632       2.4356
    9633       2.3925
    9634       2.4610
    9635       2.4475
    9636       2.3499
    9637       2.3204
    9638       2.3811
    9639       2.3260
    9640       2.3570
    9641       2.5271
    9642       2.9496
    9643       2.8886
    9644       2.8368
    9645       2.7262
    9646       2.6887
    9647       2.8229
    9648       2.6107
    9649       2.7384
    9650       2.7455
    9651       2.7035
    9652       2.7568
    9653       2.5609
    9654       2.5467
    9655       2.6754
    9656       2.7430
    9657       2.8573
    9658       2.6651
    9659       2.6229
    9660       2.4863
    9661       2.3338
    9662       2.2041
    9663       2.3108
    9664       2.3829
    9665       2.2518
    9666       2.2712
    9667       2.3334
    9668       2.2364
    9669       2.3842
    9670       2.2358
    9671       2.3164
    9672       2.3525
    9673       2.3186
    9674       2.1710
    9675       2.2736
    9676       2.2211
    9677       2.2492
    9678       2.3009
    9679       2.2247
    9680       2.0864
    9681       2.0303
    9682       2.1651
    9683       2.2907
    9684       2.3085
    9685       2.2902
    9686       2.2103
    9687       2.2388
    9688       2.2494
    9689       2.2168
    9690       2.3344
    9691       2.2107
    9692       2.2978
    9693       2.4380
    9694       2.4446
    9695       2.4924
    9696       2.6036
    9697       2.6079
    9698       2.4434
    9699       2.4112
    9700       2.4076
    9701       2.3614
    9702       2.2083
    9703       2.3161
    9704       2.2922
    9705       2.3750
    9706       2.3371
    9707       2.4266
    9708       2.4583
    9709       2.5711
    9710       2.4227
    9711       2.3708
    9712       2.3430
    9713       2.4387
    9714       2.4250
    9715       2.3118
    9716       2.4906
    9717       2.4312
    9718       2.4136
    9719       2.2771
    9720       2.4315
    9721       2.5747
    9722       2.6423
    9723       2.6827
    9724       2.7166
    9725       2.8615
    9726       2.7685
    9727       2.6940
    9728       2.7618
    9729       2.7208
    9730       2.7749
    9731       2.6466
    9732       2.5662
    9733       2.6193
    9734       2.5269
    9735       2.4427
    9736       2.6521
    9737       2.5652
    9738       2.8030
    9739       2.7767
    9740       2.6530
    9741       2.8102
    9742       2.7549
    9743       2.8653
    9744       2.8800
    9745       3.0377
    9746       3.1713
    9747       3.0538
    9748       3.0760
    9749       3.1131
    9750       2.9784
    9751       2.9023
    9752       2.8580
    9753       2.8390
    9754       2.8364
    9755       2.9031
    9756       2.9416
    9757       2.8953
    9758       2.6180
    9759       2.7708
    9760       2.5725
    9761       2.6544
    9762       2.6531
    9763       2.4702
    9764       2.5857
    9765       2.5898
    9766       2.4521
    9767       2.5532
    9768       2.4229
    9769       2.3564
    9770       2.2509
    9771       2.4088
    9772       2.6468
    9773       2.5543
    9774       2.5491
    9775       2.4058
    9776       2.5379
    9777       2.4266
    9778       2.4089
    9779       2.5249
    9780       2.6406
    9781       2.5815
    9782       2.5380
    9783       2.6102
    9784       2.7027
    9785       2.4864
    9786       2.3567
    9787       2.4521
    9788       2.3610
    9789       2.3980
    9790       2.3229
    9791       2.4847
    9792       2.3825
    9793       2.5296
    9794       2.4373
    9795       2.4862
    9796       2.6209
    9797       2.4539
    9798       2.3272
    9799       2.5121
    9800       2.3887
    9801       2.4464
    9802       2.6016
    9803       2.5152
    9804       2.5140
    9805       2.5796
    9806       2.4583
    9807       2.3710
    9808       2.3157
    9809       2.4282
    9810       2.5110
    9811       2.4222
    9812       2.4982
    9813       2.5268
    9814       2.6925
    9815       2.6623
    9816       2.5081
    9817       2.6506
    9818       2.6779
    9819       2.5443
    9820       2.5886
    9821       2.8278
    9822       2.8256
    9823       2.7016
    9824       2.6206
    9825       2.6608
    9826       2.8883
    9827       2.9474
    9828       2.9273
    9829       2.8645
    9830       2.7853
    9831       2.7535
    9832       2.8499
    9833       2.6816
    9834       2.6789
    9835       2.5775
    9836       2.7901
    9837       2.8614
    9838       2.9378
    9839       2.9560
    9840       2.8393
    9841       2.7335
    9842       2.8385
    9843       2.7713
    9844       2.6671
    9845       2.5663
    9846       2.5314
    9847       2.5287
    9848       2.6211
    9849       2.5910
    9850       2.6484
    9851       2.5929
    9852       2.5778
    9853       2.5708
    9854       2.5738
    9855       2.6307
    9856       2.6041
    9857       2.6615
    9858       2.5539
    9859       2.3819
    9860       2.4013
    9861       2.3568
    9862       2.5076
    9863       2.6459
    9864       2.7397
    9865       2.6137
    9866       2.5442
    9867       2.6616
    9868       2.9072
    9869       2.8260
    9870       2.9248
    9871       2.9595
    9872       2.7677
    9873       2.6292
    9874       2.4852
    9875       2.5205
    9876       2.6819
    9877       2.5685
    9878       2.6016
    9879       2.6773
    9880       2.6190
    9881       2.5588
    9882       2.4761
    9883       2.5742
    9884       2.6162
    9885       2.7831
    9886       2.7684
    9887       2.9555
    9888       2.6788
    9889       2.5636
    9890       2.5589
    9891       2.4610
    9892       2.3462
    9893       2.5574
    9894       2.5932
    9895       2.3863
    9896       2.3908
    9897       2.5492
    9898       2.3966
    9899       2.4595
    9900       2.3660
    9901       2.4606
    9902       2.4417
    9903       2.5794
    9904       2.3872
    9905       2.4245
    9906       2.4762
    9907       2.4785
    9908       2.4732
    9909       2.2940
    9910       2.4100
    9911       2.3259
    9912       2.3880
    9913       2.4533
    9914       2.5174
    9915       2.6226
    9916       2.6982
    9917       2.6766
    9918       2.5969
    9919       2.5327
    9920       2.6216
    9921       2.5189
    9922       2.5880
    9923       2.5440
    9924       2.6003
    9925       2.5785
    9926       2.5406
    9927       2.8257
    9928       2.8479
    9929       2.6997
    9930       2.7366
    9931       2.6668
    9932       2.6700
    9933       2.6615
    9934       2.5587
    9935       2.5314
    9936       2.5255
    9937       2.4031
    9938       2.2865
    9939       2.2494
    9940       2.2505
    9941       2.2829
    9942       2.2917
    9943       2.3380
    9944       2.3710
    9945       2.3838
    9946       2.5472
    9947       2.4952
    9948       2.4344
    9949       2.4734
    9950       2.4692
    9951       2.4605
    9952       2.5976
    9953       2.5138
    9954       2.5698
    9955       2.5417
    9956       2.6023
    9957       2.6150
    9958       2.6875
    9959       2.5641
    9960       2.5370
    9961       2.4400
    9962       2.3058
    9963       2.3715
    9964       2.4481
    9965       2.2461
    9966       2.3691
    9967       2.4770
    9968       2.3964
    9969       2.4679
    9970       2.4456
    9971       2.5065
    9972       2.5398
    9973       2.5780
    9974       2.4974
    9975       2.6167
    9976       2.6317
    9977       2.6214
    9978       2.4009
    9979       2.3589
    9980       2.4942
    9981       2.4979
    9982       2.5830
    9983       2.5587
    9984       2.5397
    9985       2.6275
    9986       2.5218
    9987       2.5843
    9988       2.5929
    9989       2.4535
    9990       2.4256
    9991       2.4588
    9992       2.6884
    9993       2.5553
    9994       2.5055
    9995       2.6250
    9996       2.4597
    9997       2.2743
    9998       2.3229
    9999       2.3641
   10000       2.0119
