#Frame     RMSD_00002
       1       0.0000
       2       0.8099
       3       0.8361
       4       0.9561
       5       1.0145
       6       1.0799
       7       0.9096
       8       0.9084
       9       1.0152
      10       1.0089
      11       1.0786
      12       1.1571
      13       1.0099
      14       0.9375
      15       0.9634
      16       1.0611
      17       1.1004
      18       1.1410
      19       1.1021
      20       1.1138
      21       1.2667
      22       1.2283
      23       1.0874
      24       1.1066
      25       1.1176
      26       1.0021
      27       0.9936
      28       1.0494
      29       1.0787
      30       1.0786
      31       1.2455
      32       1.1823
      33       1.0827
      34       1.1981
      35       1.2014
      36       1.3075
      37       1.4505
      38       1.4913
      39       1.3598
      40       1.2314
      41       1.2420
      42       1.3749
      43       1.3632
      44       1.2194
      45       1.2112
      46       1.1422
      47       1.1502
      48       1.0342
      49       1.1946
      50       1.1932
      51       1.1586
      52       1.2300
      53       1.1839
      54       1.1283
      55       1.1780
      56       1.2166
      57       1.2273
      58       1.1489
      59       1.1881
      60       1.1414
      61       1.0680
      62       1.0683
      63       1.0413
      64       0.9921
      65       0.9810
      66       1.0090
      67       1.1963
      68       1.0810
      69       1.1114
      70       1.2146
      71       1.2248
      72       1.1969
      73       1.1985
      74       1.1278
      75       1.0637
      76       1.0751
      77       1.2119
      78       1.1199
      79       1.2350
      80       1.2435
      81       1.2696
      82       1.2379
      83       1.2983
      84       1.2937
      85       1.1201
      86       1.2761
      87       1.1728
      88       1.2116
      89       1.1764
      90       1.2457
      91       1.5172
      92       1.1380
      93       1.2784
      94       1.3465
      95       1.3537
      96       1.4654
      97       1.3246
      98       1.3561
      99       1.3257
     100       1.3376
     101       1.4140
     102       1.3775
     103       1.3101
     104       1.1215
     105       1.0854
     106       1.2511
     107       1.3110
     108       1.4166
     109       1.4181
     110       1.4735
     111       1.3803
     112       1.4487
     113       1.4677
     114       1.5073
     115       1.4834
     116       1.4814
     117       1.6563
     118       1.5265
     119       1.5724
     120       1.5900
     121       1.5263
     122       1.4145
     123       1.4707
     124       1.4050
     125       1.4539
     126       1.3747
     127       1.3231
     128       1.3561
     129       1.1925
     130       1.2850
     131       1.3621
     132       1.3218
     133       1.4076
     134       1.4642
     135       1.3713
     136       1.4405
     137       1.3837
     138       1.3568
     139       1.5191
     140       1.5657
     141       1.4868
     142       1.3920
     143       1.6015
     144       1.4540
     145       1.5062
     146       1.4203
     147       1.3915
     148       1.4337
     149       1.4735
     150       1.5816
     151       1.5005
     152       1.5654
     153       1.6229
     154       1.4599
     155       1.3805
     156       1.3853
     157       1.3492
     158       1.5447
     159       1.3698
     160       1.2366
     161       1.2237
     162       1.2973
     163       1.2888
     164       1.2962
     165       1.3686
     166       1.4114
     167       1.4456
     168       1.3668
     169       1.4988
     170       1.4291
     171       1.6087
     172       1.7568
     173       1.6011
     174       1.8109
     175       1.7004
     176       1.7911
     177       1.9787
     178       2.0506
     179       2.2035
     180       2.0839
     181       1.9833
     182       1.9087
     183       2.0497
     184       2.0679
     185       2.0580
     186       1.7036
     187       1.5029
     188       1.3622
     189       1.5619
     190       1.8038
     191       1.7303
     192       1.5166
     193       1.7322
     194       1.6332
     195       1.8336
     196       1.8858
     197       1.7801
     198       1.6402
     199       1.5436
     200       1.6462
     201       1.7204
     202       1.7334
     203       1.7354
     204       1.6362
     205       1.6292
     206       1.6802
     207       1.5600
     208       1.6128
     209       1.5442
     210       1.4748
     211       1.4786
     212       1.3570
     213       1.4376
     214       1.5047
     215       1.5207
     216       1.5509
     217       1.4845
     218       1.3641
     219       1.3176
     220       1.4234
     221       1.4918
     222       1.2354
     223       1.2737
     224       1.1593
     225       1.3315
     226       1.4170
     227       1.2593
     228       1.2170
     229       1.2194
     230       1.2360
     231       1.1958
     232       1.1739
     233       1.2243
     234       1.2324
     235       1.1968
     236       1.2008
     237       1.2806
     238       1.2491
     239       1.1942
     240       1.1238
     241       1.1329
     242       1.2730
     243       1.1154
     244       1.2610
     245       1.2125
     246       1.3667
     247       1.3159
     248       1.4974
     249       1.3115
     250       1.1852
     251       1.2781
     252       1.1263
     253       1.1310
     254       1.2425
     255       1.2228
     256       1.2800
     257       1.3364
     258       1.3223
     259       1.3834
     260       1.5944
     261       1.4623
     262       1.4832
     263       1.2508
     264       1.2503
     265       1.2682
     266       1.1989
     267       1.1434
     268       1.2146
     269       1.2539
     270       1.3344
     271       1.3573
     272       1.4431
     273       1.3411
     274       1.2802
     275       1.3143
     276       1.3550
     277       1.2464
     278       1.2584
     279       1.2857
     280       1.1726
     281       1.3845
     282       1.2792
     283       1.1717
     284       1.2274
     285       1.1302
     286       1.1518
     287       1.1439
     288       1.1481
     289       1.2133
     290       1.1822
     291       1.2570
     292       1.1558
     293       1.3155
     294       1.3655
     295       1.3611
     296       1.2715
     297       1.1475
     298       1.2507
     299       1.2670
     300       1.2253
     301       1.3089
     302       1.3733
     303       1.3505
     304       1.1940
     305       1.2541
     306       1.3158
     307       1.2505
     308       1.2431
     309       1.2479
     310       1.1847
     311       1.3768
     312       1.3039
     313       1.3388
     314       1.3030
     315       1.4204
     316       1.4787
     317       1.4824
     318       1.4316
     319       1.5808
     320       1.6181
     321       1.6796
     322       1.6696
     323       1.7119
     324       1.7637
     325       1.6046
     326       1.5036
     327       1.4366
     328       1.5337
     329       1.5186
     330       1.6626
     331       1.4495
     332       1.5470
     333       1.5083
     334       1.7010
     335       1.7131
     336       1.9176
     337       1.7078
     338       1.3890
     339       1.5911
     340       1.6542
     341       1.7040
     342       1.6442
     343       1.6009
     344       1.7662
     345       1.6300
     346       1.7378
     347       1.6054
     348       1.5955
     349       1.4542
     350       1.5084
     351       1.4936
     352       1.3957
     353       1.4196
     354       1.5436
     355       1.3700
     356       1.3128
     357       1.3818
     358       1.2662
     359       1.2949
     360       1.2710
     361       1.2752
     362       1.1920
     363       1.4505
     364       1.5372
     365       1.4262
     366       1.2409
     367       1.3473
     368       1.5086
     369       1.3672
     370       1.2773
     371       1.2165
     372       1.2700
     373       1.2951
     374       1.3563
     375       1.4037
     376       1.2313
     377       1.2907
     378       1.4174
     379       1.3676
     380       1.4626
     381       1.3914
     382       1.2385
     383       1.2794
     384       1.2954
     385       1.2745
     386       1.3470
     387       1.2988
     388       1.3180
     389       1.4102
     390       1.3491
     391       1.2787
     392       1.3797
     393       1.2873
     394       1.3542
     395       1.4285
     396       1.4681
     397       1.5223
     398       1.4135
     399       1.4161
     400       1.3578
     401       1.2810
     402       1.3085
     403       1.1807
     404       1.2571
     405       1.1650
     406       1.2212
     407       1.1081
     408       1.1620
     409       1.2497
     410       1.3157
     411       1.3785
     412       1.4395
     413       1.5511
     414       1.5180
     415       1.4594
     416       1.5356
     417       1.4711
     418       1.3438
     419       1.3591
     420       1.3284
     421       1.2334
     422       1.2772
     423       1.1875
     424       1.2566
     425       1.3473
     426       1.4364
     427       1.4801
     428       1.4906
     429       1.5039
     430       1.5081
     431       1.5491
     432       1.4199
     433       1.3684
     434       1.4730
     435       1.6424
     436       1.6784
     437       1.5392
     438       1.7467
     439       1.6842
     440       1.6062
     441       1.6558
     442       1.5504
     443       1.4288
     444       1.5264
     445       1.5554
     446       1.6321
     447       1.4909
     448       1.5751
     449       1.7780
     450       1.7477
     451       1.5500
     452       1.6257
     453       1.7998
     454       1.8701
     455       2.2530
     456       2.1287
     457       2.1217
     458       2.3406
     459       2.3351
     460       2.0849
     461       2.2716
     462       2.2231
     463       2.0143
     464       2.1083
     465       1.9077
     466       2.0176
     467       1.8907
     468       1.7652
     469       1.6297
     470       1.5511
     471       1.4436
     472       1.5841
     473       1.4952
     474       1.5533
     475       1.5853
     476       1.6763
     477       1.7091
     478       1.7171
     479       1.6033
     480       1.7150
     481       1.7315
     482       1.7342
     483       1.8935
     484       1.7591
     485       1.6745
     486       1.7074
     487       1.8127
     488       1.6525
     489       1.8838
     490       1.9950
     491       2.0290
     492       2.0945
     493       2.0240
     494       2.0751
     495       2.1242
     496       2.0458
     497       2.2065
     498       2.2473
     499       2.1560
     500       2.0768
     501       2.0539
     502       1.8977
     503       1.8971
     504       1.7124
     505       1.7161
     506       1.6254
     507       1.6364
     508       1.6897
     509       1.6088
     510       1.5480
     511       1.6343
     512       1.7822
     513       1.7165
     514       1.5041
     515       1.4411
     516       1.4809
     517       1.5919
     518       1.5201
     519       1.4888
     520       1.6218
     521       1.6516
     522       1.6679
     523       1.7065
     524       1.5974
     525       1.5959
     526       1.5565
     527       1.4168
     528       1.4548
     529       1.6266
     530       1.6546
     531       1.6549
     532       1.4423
     533       1.4803
     534       1.4245
     535       1.3555
     536       1.4219
     537       1.4003
     538       1.3943
     539       1.4935
     540       1.3275
     541       1.3158
     542       1.3165
     543       1.2799
     544       1.3156
     545       1.2091
     546       1.2398
     547       1.4561
     548       1.4325
     549       1.4836
     550       1.6375
     551       1.6002
     552       1.6600
     553       1.5784
     554       1.5356
     555       1.5765
     556       1.5452
     557       1.4688
     558       1.4646
     559       1.3582
     560       1.4734
     561       1.4838
     562       1.3775
     563       1.5397
     564       1.5351
     565       1.5712
     566       1.6554
     567       1.6385
     568       1.6117
     569       1.5822
     570       1.5438
     571       1.6018
     572       1.6013
     573       1.3852
     574       1.5446
     575       1.5821
     576       1.5439
     577       1.5854
     578       1.6873
     579       1.8073
     580       1.6689
     581       1.7925
     582       1.9469
     583       1.9537
     584       2.0733
     585       1.9384
     586       1.8771
     587       1.9762
     588       1.9159
     589       1.8178
     590       1.7235
     591       1.7977
     592       1.6103
     593       1.8141
     594       1.7186
     595       1.8320
     596       1.8170
     597       1.8192
     598       1.7166
     599       1.6881
     600       1.7191
     601       1.6666
     602       1.6021
     603       1.5682
     604       1.8160
     605       1.8052
     606       1.6512
     607       1.5850
     608       1.5919
     609       1.6287
     610       1.6708
     611       1.8181
     612       1.7812
     613       1.8003
     614       1.9085
     615       1.8791
     616       1.6830
     617       1.5741
     618       1.6724
     619       1.6430
     620       1.6712
     621       1.7597
     622       1.8509
     623       1.7722
     624       1.8448
     625       1.5640
     626       1.6633
     627       1.6920
     628       1.6555
     629       1.6902
     630       1.6609
     631       1.6202
     632       1.5473
     633       1.5041
     634       1.4835
     635       1.4566
     636       1.4971
     637       1.6257
     638       1.6711
     639       1.5889
     640       1.5151
     641       1.3833
     642       1.6079
     643       1.4483
     644       1.3273
     645       1.4786
     646       1.5997
     647       1.5455
     648       1.4068
     649       1.5360
     650       1.4309
     651       1.5683
     652       1.5453
     653       1.5271
     654       1.5334
     655       1.4382
     656       1.6700
     657       1.5944
     658       1.4999
     659       1.6711
     660       1.6550
     661       1.7793
     662       1.7943
     663       1.5643
     664       1.6811
     665       1.5432
     666       1.4823
     667       1.3334
     668       1.5221
     669       1.6186
     670       1.6237
     671       1.5600
     672       1.5307
     673       1.6199
     674       1.5184
     675       1.5394
     676       1.3758
     677       1.3026
     678       1.2485
     679       1.3290
     680       1.3821
     681       1.3043
     682       1.2954
     683       1.3984
     684       1.4126
     685       1.3193
     686       1.2997
     687       1.3736
     688       1.2381
     689       1.2568
     690       1.3152
     691       1.4262
     692       1.4202
     693       1.4421
     694       1.4982
     695       1.3656
     696       1.2629
     697       1.3111
     698       1.4985
     699       1.3033
     700       1.3326
     701       1.5047
     702       1.5123
     703       1.5325
     704       1.4913
     705       1.3352
     706       1.4493
     707       1.6329
     708       1.5185
     709       1.5089
     710       1.3737
     711       1.3097
     712       1.3444
     713       1.2758
     714       1.3207
     715       1.4359
     716       1.3114
     717       1.3325
     718       1.5337
     719       1.4003
     720       1.3555
     721       1.4293
     722       1.3248
     723       1.3078
     724       1.3443
     725       1.3020
     726       1.4125
     727       1.4036
     728       1.4457
     729       1.3923
     730       1.3797
     731       1.3906
     732       1.3812
     733       1.3462
     734       1.2969
     735       1.2646
     736       1.2345
     737       1.2438
     738       1.3789
     739       1.3335
     740       1.3473
     741       1.3333
     742       1.3684
     743       1.3474
     744       1.3325
     745       1.3306
     746       1.3874
     747       1.4726
     748       1.3441
     749       1.2648
     750       1.3542
     751       1.2657
     752       1.3397
     753       1.3939
     754       1.4835
     755       1.4392
     756       1.4772
     757       1.4761
     758       1.4994
     759       1.4305
     760       1.4969
     761       1.5039
     762       1.4776
     763       1.4394
     764       1.5101
     765       1.4186
     766       1.5564
     767       1.4777
     768       1.5520
     769       1.5506
     770       1.4856
     771       1.3961
     772       1.4327
     773       1.4024
     774       1.4816
     775       1.5137
     776       1.4528
     777       1.4488
     778       1.3748
     779       1.4141
     780       1.4736
     781       1.6200
     782       1.6668
     783       1.6083
     784       1.6164
     785       1.7380
     786       1.6859
     787       1.6494
     788       1.6980
     789       1.5721
     790       1.6172
     791       1.8049
     792       1.6117
     793       1.8105
     794       1.8646
     795       1.7677
     796       1.7989
     797       1.8714
     798       1.9059
     799       1.8310
     800       1.8751
     801       1.9081
     802       1.7509
     803       1.7337
     804       1.5804
     805       1.6209
     806       1.4826
     807       1.5084
     808       1.4739
     809       1.5223
     810       1.5403
     811       1.5945
     812       1.4765
     813       1.5660
     814       1.4561
     815       1.4669
     816       1.4356
     817       1.4128
     818       1.4675
     819       1.4572
     820       1.5431
     821       1.5724
     822       1.7677
     823       1.7184
     824       1.6072
     825       1.5038
     826       1.5206
     827       1.5836
     828       1.5698
     829       1.6505
     830       1.5474
     831       1.4820
     832       1.5168
     833       1.5540
     834       1.5094
     835       1.4637
     836       1.5423
     837       1.4851
     838       1.6127
     839       1.7442
     840       1.7080
     841       1.6920
     842       1.6823
     843       1.6512
     844       1.5284
     845       1.5497
     846       1.4525
     847       1.4218
     848       1.4243
     849       1.4194
     850       1.4541
     851       1.4401
     852       1.3973
     853       1.5928
     854       1.5235
     855       1.4971
     856       1.3837
     857       1.4819
     858       1.6044
     859       1.6558
     860       1.6467
     861       1.6684
     862       1.5818
     863       1.4335
     864       1.4279
     865       1.4706
     866       1.3496
     867       1.2809
     868       1.3234
     869       1.3710
     870       1.4190
     871       1.4000
     872       1.5270
     873       1.4486
     874       1.4059
     875       1.4048
     876       1.4887
     877       1.3734
     878       1.3815
     879       1.4040
     880       1.4786
     881       1.4360
     882       1.4560
     883       1.4474
     884       1.5374
     885       1.5112
     886       1.5049
     887       1.4791
     888       1.4752
     889       1.5730
     890       1.5957
     891       1.6095
     892       1.6361
     893       1.5486
     894       1.5484
     895       1.5899
     896       1.6311
     897       1.6764
     898       1.7044
     899       1.5911
     900       1.6003
     901       1.5690
     902       1.5544
     903       1.4130
     904       1.5813
     905       1.4243
     906       1.4502
     907       1.5493
     908       1.6168
     909       1.7162
     910       1.6821
     911       1.7116
     912       1.6903
     913       1.6966
     914       1.7471
     915       1.7433
     916       1.6461
     917       1.5844
     918       1.7157
     919       1.8520
     920       1.7811
     921       1.7301
     922       1.6744
     923       1.9396
     924       1.6800
     925       1.8948
     926       1.7823
     927       1.6687
     928       1.8125
     929       1.9382
     930       1.8004
     931       1.7888
     932       1.7153
     933       1.5848
     934       1.6096
     935       1.6626
     936       1.4882
     937       1.5479
     938       1.5467
     939       1.5347
     940       1.4680
     941       1.6295
     942       1.6608
     943       1.5731
     944       1.5793
     945       1.6573
     946       1.8137
     947       1.6757
     948       1.6196
     949       1.7042
     950       1.8289
     951       1.6640
     952       1.7305
     953       1.6365
     954       1.6296
     955       1.6274
     956       1.6644
     957       1.5282
     958       1.5238
     959       1.4132
     960       1.4176
     961       1.3667
     962       1.4164
     963       1.4238
     964       1.4694
     965       1.5258
     966       1.6024
     967       1.5321
     968       1.4425
     969       1.4546
     970       1.4826
     971       1.5604
     972       1.5874
     973       1.4821
     974       1.5310
     975       1.6545
     976       1.7132
     977       1.8290
     978       1.7100
     979       1.6108
     980       1.4955
     981       1.4208
     982       1.4022
     983       1.3116
     984       1.3722
     985       1.4277
     986       1.4920
     987       1.4969
     988       1.4804
     989       1.5310
     990       1.4298
     991       1.4256
     992       1.4907
     993       1.3710
     994       1.4149
     995       1.4234
     996       1.4201
     997       1.5870
     998       1.6307
     999       1.4704
    1000       1.5459
    1001       1.5494
    1002       1.5104
    1003       1.4954
    1004       1.4294
    1005       1.4852
    1006       1.3803
    1007       1.3723
    1008       1.3590
    1009       1.4415
    1010       1.5792
    1011       1.4960
    1012       1.4633
    1013       1.4892
    1014       1.5861
    1015       1.5689
    1016       1.5993
    1017       1.5282
    1018       1.6040
    1019       1.6092
    1020       1.5793
    1021       1.6764
    1022       1.6730
    1023       1.4637
    1024       1.6063
    1025       1.6430
    1026       1.6259
    1027       1.6256
    1028       1.7411
    1029       1.7421
    1030       1.6459
    1031       1.7200
    1032       1.6067
    1033       1.6287
    1034       1.7095
    1035       1.6969
    1036       1.7538
    1037       1.6510
    1038       1.7171
    1039       1.8787
    1040       1.8065
    1041       1.6200
    1042       1.7944
    1043       1.7122
    1044       1.7371
    1045       1.6593
    1046       1.7181
    1047       1.7505
    1048       1.7123
    1049       1.6063
    1050       1.5181
    1051       1.6642
    1052       1.6115
    1053       1.6197
    1054       1.5378
    1055       1.5667
    1056       1.6300
    1057       1.5768
    1058       1.5880
    1059       1.4013
    1060       1.3394
    1061       1.4529
    1062       1.3355
    1063       1.3853
    1064       1.3570
    1065       1.5486
    1066       1.5453
    1067       1.5550
    1068       1.6379
    1069       1.5803
    1070       1.5417
    1071       1.4033
    1072       1.3411
    1073       1.2776
    1074       1.2998
    1075       1.3993
    1076       1.4151
    1077       1.5556
    1078       1.6014
    1079       1.8211
    1080       1.5022
    1081       1.5782
    1082       1.5976
    1083       1.5685
    1084       1.5141
    1085       1.6238
    1086       1.6463
    1087       1.5845
    1088       1.5749
    1089       1.5092
    1090       1.5524
    1091       1.3929
    1092       1.3520
    1093       1.4911
    1094       1.4246
    1095       1.3353
    1096       1.4111
    1097       1.4342
    1098       1.3934
    1099       1.2916
    1100       1.3196
    1101       1.3071
    1102       1.3181
    1103       1.2943
    1104       1.2967
    1105       1.3615
    1106       1.3132
    1107       1.3844
    1108       1.4627
    1109       1.4322
    1110       1.4638
    1111       1.4636
    1112       1.4620
    1113       1.4585
    1114       1.3860
    1115       1.4754
    1116       1.3693
    1117       1.3367
    1118       1.4120
    1119       1.3511
    1120       1.3654
    1121       1.4728
    1122       1.4456
    1123       1.3803
    1124       1.4905
    1125       1.3400
    1126       1.3550
    1127       1.3966
    1128       1.3435
    1129       1.5430
    1130       1.5926
    1131       1.4802
    1132       1.6106
    1133       1.6258
    1134       1.5179
    1135       1.4883
    1136       1.5447
    1137       1.4019
    1138       1.5257
    1139       1.5859
    1140       1.5673
    1141       1.6502
    1142       1.5564
    1143       1.4531
    1144       1.5781
    1145       1.5978
    1146       1.5530
    1147       1.5999
    1148       1.5944
    1149       1.5648
    1150       1.5747
    1151       1.7095
    1152       1.6508
    1153       1.5418
    1154       1.5410
    1155       1.6226
    1156       1.6357
    1157       1.6004
    1158       1.5631
    1159       1.6008
    1160       1.4862
    1161       1.3962
    1162       1.4668
    1163       1.5106
    1164       1.4898
    1165       1.4485
    1166       1.5376
    1167       1.6225
    1168       1.4066
    1169       1.5177
    1170       1.5484
    1171       1.5895
    1172       1.3895
    1173       1.5189
    1174       1.5373
    1175       1.4809
    1176       1.5563
    1177       1.5014
    1178       1.5139
    1179       1.4291
    1180       1.3586
    1181       1.4599
    1182       1.6245
    1183       1.6044
    1184       1.5361
    1185       1.6524
    1186       1.6883
    1187       1.8123
    1188       1.7433
    1189       1.7387
    1190       1.7899
    1191       1.6639
    1192       1.5882
    1193       1.5994
    1194       1.5606
    1195       1.5378
    1196       1.4347
    1197       1.4678
    1198       1.5059
    1199       1.5097
    1200       1.6177
    1201       1.6142
    1202       1.5324
    1203       1.5354
    1204       1.5651
    1205       1.6437
    1206       1.6557
    1207       1.6125
    1208       1.6080
    1209       1.5839
    1210       1.5487
    1211       1.5863
    1212       1.5708
    1213       1.4286
    1214       1.4530
    1215       1.5281
    1216       1.6065
    1217       1.6078
    1218       1.7697
    1219       1.7396
    1220       1.5751
    1221       1.5810
    1222       1.6077
    1223       1.6103
    1224       1.6520
    1225       1.5944
    1226       1.5764
    1227       1.5313
    1228       1.4224
    1229       1.5046
    1230       1.5686
    1231       1.5599
    1232       1.3319
    1233       1.3241
    1234       1.3163
    1235       1.3547
    1236       1.3293
    1237       1.3921
    1238       1.3772
    1239       1.5149
    1240       1.5047
    1241       1.5602
    1242       1.5560
    1243       1.5185
    1244       1.6429
    1245       1.6128
    1246       1.4731
    1247       1.4534
    1248       1.4188
    1249       1.3965
    1250       1.2769
    1251       1.1978
    1252       1.2002
    1253       1.2222
    1254       1.3299
    1255       1.2927
    1256       1.2699
    1257       1.1426
    1258       1.1558
    1259       1.2009
    1260       1.2368
    1261       1.1877
    1262       1.3233
    1263       1.2307
    1264       1.2477
    1265       1.3147
    1266       1.3885
    1267       1.4080
    1268       1.3788
    1269       1.4981
    1270       1.5379
    1271       1.4168
    1272       1.6954
    1273       1.5326
    1274       1.3167
    1275       1.4679
    1276       1.3433
    1277       1.3514
    1278       1.3992
    1279       1.4389
    1280       1.3972
    1281       1.3927
    1282       1.2774
    1283       1.4033
    1284       1.4468
    1285       1.5088
    1286       1.4696
    1287       1.4350
    1288       1.4480
    1289       1.4892
    1290       1.4414
    1291       1.5614
    1292       1.6065
    1293       1.5482
    1294       1.5018
    1295       1.4774
    1296       1.4594
    1297       1.5157
    1298       1.5597
    1299       1.4865
    1300       1.5662
    1301       1.5644
    1302       1.5352
    1303       1.4619
    1304       1.6113
    1305       1.4817
    1306       1.4273
    1307       1.5737
    1308       1.6127
    1309       1.6302
    1310       1.4971
    1311       1.3806
    1312       1.4107
    1313       1.4924
    1314       1.3756
    1315       1.4742
    1316       1.4992
    1317       1.6397
    1318       1.5555
    1319       1.4839
    1320       1.4856
    1321       1.5614
    1322       1.5999
    1323       1.5963
    1324       1.4710
    1325       1.3844
    1326       1.4570
    1327       1.4852
    1328       1.5441
    1329       1.5500
    1330       1.5054
    1331       1.4334
    1332       1.3888
    1333       1.3955
    1334       1.3890
    1335       1.4134
    1336       1.3515
    1337       1.4824
    1338       1.5500
    1339       1.5136
    1340       1.3182
    1341       1.3365
    1342       1.4770
    1343       1.4713
    1344       1.4601
    1345       1.5146
    1346       1.6078
    1347       1.5343
    1348       1.3120
    1349       1.4988
    1350       1.5955
    1351       1.5768
    1352       1.5653
    1353       1.3911
    1354       1.4731
    1355       1.4509
    1356       1.3302
    1357       1.3568
    1358       1.4521
    1359       1.4169
    1360       1.4968
    1361       1.4956
    1362       1.4864
    1363       1.5016
    1364       1.3749
    1365       1.4941
    1366       1.3997
    1367       1.3662
    1368       1.4690
    1369       1.3315
    1370       1.4391
    1371       1.3272
    1372       1.1422
    1373       1.2422
    1374       1.2504
    1375       1.3009
    1376       1.3606
    1377       1.2761
    1378       1.4603
    1379       1.2878
    1380       1.1519
    1381       1.1796
    1382       1.2332
    1383       1.3053
    1384       1.4219
    1385       1.2909
    1386       1.2814
    1387       1.2359
    1388       1.2570
    1389       1.2990
    1390       1.2912
    1391       1.5058
    1392       1.3860
    1393       1.3271
    1394       1.4600
    1395       1.5741
    1396       1.5505
    1397       1.5098
    1398       1.4847
    1399       1.4015
    1400       1.3139
    1401       1.3648
    1402       1.2616
    1403       1.3354
    1404       1.3367
    1405       1.3542
    1406       1.5692
    1407       1.4942
    1408       1.5300
    1409       1.5219
    1410       1.6315
    1411       1.6212
    1412       1.6505
    1413       1.6576
    1414       1.4821
    1415       1.3984
    1416       1.3298
    1417       1.2704
    1418       1.3991
    1419       1.3413
    1420       1.4369
    1421       1.3936
    1422       1.4534
    1423       1.4168
    1424       1.4059
    1425       1.3404
    1426       1.3408
    1427       1.4621
    1428       1.3947
    1429       1.3689
    1430       1.3624
    1431       1.3594
    1432       1.3599
    1433       1.3282
    1434       1.4000
    1435       1.4110
    1436       1.4184
    1437       1.3955
    1438       1.4006
    1439       1.4076
    1440       1.4299
    1441       1.3908
    1442       1.3917
    1443       1.3253
    1444       1.3962
    1445       1.3709
    1446       1.3470
    1447       1.3210
    1448       1.4489
    1449       1.4624
    1450       1.4947
    1451       1.5379
    1452       1.5229
    1453       1.4499
    1454       1.4391
    1455       1.6511
    1456       1.5991
    1457       1.5629
    1458       1.5274
    1459       1.5872
    1460       1.6479
    1461       1.5846
    1462       1.6389
    1463       1.4933
    1464       1.6050
    1465       1.6303
    1466       1.6437
    1467       1.5444
    1468       1.5185
    1469       1.5557
    1470       1.4615
    1471       1.5041
    1472       1.4747
    1473       1.4540
    1474       1.4317
    1475       1.4714
    1476       1.4915
    1477       1.5991
    1478       1.5275
    1479       1.5290
    1480       1.4385
    1481       1.5406
    1482       1.4427
    1483       1.5909
    1484       1.5683
    1485       1.4561
    1486       1.4884
    1487       1.4457
    1488       1.4988
    1489       1.5225
    1490       1.4373
    1491       1.4866
    1492       1.5168
    1493       1.5618
    1494       1.4977
    1495       1.4880
    1496       1.5438
    1497       1.6064
    1498       1.4986
    1499       1.6265
    1500       1.6058
    1501       1.7632
    1502       1.7496
    1503       1.7714
    1504       1.7066
    1505       1.5901
    1506       1.6856
    1507       1.5010
    1508       1.4912
    1509       1.5299
    1510       1.5081
    1511       1.4998
    1512       1.5047
    1513       1.4381
    1514       1.4339
    1515       1.4728
    1516       1.5011
    1517       1.6955
    1518       1.6291
    1519       1.4688
    1520       1.4349
    1521       1.3901
    1522       1.3902
    1523       1.3748
    1524       1.4157
    1525       1.4234
    1526       1.4902
    1527       1.4277
    1528       1.4801
    1529       1.5020
    1530       1.4682
    1531       1.4551
    1532       1.4314
    1533       1.5686
    1534       1.6120
    1535       1.5806
    1536       1.6944
    1537       1.7243
    1538       1.7105
    1539       1.4711
    1540       1.5220
    1541       1.4627
    1542       1.5625
    1543       1.5454
    1544       1.5729
    1545       1.5410
    1546       1.5544
    1547       1.5282
    1548       1.4720
    1549       1.5654
    1550       1.5127
    1551       1.6431
    1552       1.7164
    1553       1.5478
    1554       1.6980
    1555       1.6558
    1556       1.6370
    1557       1.7839
    1558       1.6136
    1559       1.7373
    1560       1.5355
    1561       1.4185
    1562       1.6063
    1563       1.5849
    1564       1.5742
    1565       1.6179
    1566       1.5147
    1567       1.4589
    1568       1.4937
    1569       1.5284
    1570       1.5390
    1571       1.5452
    1572       1.5016
    1573       1.4573
    1574       1.4307
    1575       1.3999
    1576       1.5527
    1577       1.3733
    1578       1.2719
    1579       1.4207
    1580       1.4576
    1581       1.4366
    1582       1.5451
    1583       1.5405
    1584       1.5369
    1585       1.4750
    1586       1.5729
    1587       1.6649
    1588       1.5268
    1589       1.5068
    1590       1.4419
    1591       1.4292
    1592       1.3831
    1593       1.4927
    1594       1.5272
    1595       1.5266
    1596       1.6463
    1597       1.5867
    1598       1.4715
    1599       1.4966
    1600       1.4716
    1601       1.3535
    1602       1.4869
    1603       1.3869
    1604       1.5180
    1605       1.3918
    1606       1.3150
    1607       1.3349
    1608       1.4822
    1609       1.5780
    1610       1.4615
    1611       1.4002
    1612       1.5466
    1613       1.5661
    1614       1.5579
    1615       1.4267
    1616       1.5949
    1617       1.5142
    1618       1.4368
    1619       1.5137
    1620       1.5614
    1621       1.6547
    1622       1.5293
    1623       1.5254
    1624       1.5256
    1625       1.5865
    1626       1.7579
    1627       1.5394
    1628       1.5326
    1629       1.5568
    1630       1.6172
    1631       1.6512
    1632       1.6156
    1633       1.6530
    1634       1.6705
    1635       1.6956
    1636       1.7316
    1637       1.6867
    1638       1.6872
    1639       1.6884
    1640       1.7837
    1641       1.6083
    1642       1.5920
    1643       1.6266
    1644       1.7660
    1645       1.6570
    1646       1.5683
    1647       1.5772
    1648       1.6102
    1649       1.6435
    1650       1.6257
    1651       1.7528
    1652       1.7215
    1653       1.7798
    1654       1.7322
    1655       1.8839
    1656       1.9221
    1657       1.8062
    1658       1.6605
    1659       1.5864
    1660       1.5628
    1661       1.5378
    1662       1.6694
    1663       1.5144
    1664       1.5984
    1665       1.6406
    1666       1.5572
    1667       1.5941
    1668       1.6275
    1669       1.6239
    1670       1.5680
    1671       1.7180
    1672       1.7174
    1673       1.6622
    1674       1.6353
    1675       1.6610
    1676       1.5864
    1677       1.5744
    1678       1.5365
    1679       1.5758
    1680       1.5289
    1681       1.5508
    1682       1.5357
    1683       1.4516
    1684       1.5452
    1685       1.4899
    1686       1.5075
    1687       1.4776
    1688       1.5188
    1689       1.5831
    1690       1.6320
    1691       1.5782
    1692       1.6467
    1693       1.6190
    1694       1.6523
    1695       1.5409
    1696       1.5556
    1697       1.4970
    1698       1.5730
    1699       1.4614
    1700       1.5208
    1701       1.6328
    1702       1.5940
    1703       1.6701
    1704       1.5829
    1705       1.5651
    1706       1.5622
    1707       1.5363
    1708       1.5443
    1709       1.6522
    1710       1.6884
    1711       1.6150
    1712       1.6874
    1713       1.7457
    1714       1.6740
    1715       1.5964
    1716       1.6183
    1717       1.5109
    1718       1.6097
    1719       1.5298
    1720       1.5683
    1721       1.5664
    1722       1.6261
    1723       1.5904
    1724       1.6633
    1725       1.7756
    1726       1.7563
    1727       1.8069
    1728       1.6151
    1729       1.6851
    1730       1.6312
    1731       1.6549
    1732       1.5219
    1733       1.5726
    1734       1.7896
    1735       1.7184
    1736       1.7813
    1737       1.7479
    1738       1.8168
    1739       1.6041
    1740       1.7426
    1741       1.6990
    1742       1.7688
    1743       1.8491
    1744       1.8064
    1745       1.6796
    1746       1.6365
    1747       1.5376
    1748       1.6394
    1749       1.6440
    1750       1.7406
    1751       1.6523
    1752       1.6229
    1753       1.5681
    1754       1.7236
    1755       1.6977
    1756       1.7325
    1757       1.6443
    1758       1.7140
    1759       1.7579
    1760       1.5245
    1761       1.5189
    1762       1.5249
    1763       1.5337
    1764       1.6659
    1765       1.7414
    1766       1.6799
    1767       1.6337
    1768       1.5500
    1769       1.6571
    1770       1.6545
    1771       1.6990
    1772       1.5056
    1773       1.5091
    1774       1.6082
    1775       1.5715
    1776       1.6816
    1777       1.6737
    1778       1.6137
    1779       1.5134
    1780       1.5512
    1781       1.5925
    1782       1.6836
    1783       1.6568
    1784       1.6251
    1785       1.6816
    1786       1.6158
    1787       1.4666
    1788       1.5487
    1789       1.4938
    1790       1.5158
    1791       1.5680
    1792       1.5743
    1793       1.5566
    1794       1.5642
    1795       1.5679
    1796       1.5455
    1797       1.5984
    1798       1.6489
    1799       1.6536
    1800       1.6903
    1801       1.5469
    1802       1.4818
    1803       1.5005
    1804       1.5760
    1805       1.5466
    1806       1.6660
    1807       1.7044
    1808       1.7108
    1809       1.7634
    1810       1.5775
    1811       1.5690
    1812       1.5539
    1813       1.5485
    1814       1.5219
    1815       1.5518
    1816       1.5528
    1817       1.4726
    1818       1.4980
    1819       1.5692
    1820       1.5575
    1821       1.5202
    1822       1.5630
    1823       1.6624
    1824       1.6402
    1825       1.6434
    1826       1.6413
    1827       1.5792
    1828       1.5037
    1829       1.5959
    1830       1.5414
    1831       1.4732
    1832       1.5036
    1833       1.4867
    1834       1.6010
    1835       1.8272
    1836       1.7059
    1837       1.6392
    1838       1.6870
    1839       1.5980
    1840       1.5860
    1841       1.5832
    1842       1.6450
    1843       1.6972
    1844       1.7178
    1845       1.6408
    1846       1.7887
    1847       1.7916
    1848       1.8060
    1849       1.7899
    1850       1.8044
    1851       1.7074
    1852       1.8633
    1853       1.7406
    1854       1.7268
    1855       1.7045
    1856       1.7187
    1857       1.7355
    1858       1.6871
    1859       1.7959
    1860       1.9940
    1861       1.8504
    1862       1.8905
    1863       1.9489
    1864       1.6675
    1865       1.6538
    1866       1.5566
    1867       1.6380
    1868       1.6074
    1869       1.6518
    1870       1.5594
    1871       1.5369
    1872       1.5417
    1873       1.5717
    1874       1.5186
    1875       1.5375
    1876       1.5572
    1877       1.6873
    1878       1.5735
    1879       1.6881
    1880       1.5497
    1881       1.5926
    1882       1.5468
    1883       1.7194
    1884       1.6090
    1885       1.5943
    1886       1.5162
    1887       1.5610
    1888       1.4556
    1889       1.4352
    1890       1.4736
    1891       1.4095
    1892       1.4779
    1893       1.3967
    1894       1.4327
    1895       1.6226
    1896       1.4305
    1897       1.3980
    1898       1.6469
    1899       1.4092
    1900       1.4940
    1901       1.5540
    1902       1.4719
    1903       1.5447
    1904       1.5493
    1905       1.4432
    1906       1.4624
    1907       1.3759
    1908       1.5453
    1909       1.3464
    1910       1.4289
    1911       1.5485
    1912       1.4379
    1913       1.3805
    1914       1.4479
    1915       1.4042
    1916       1.5317
    1917       1.4059
    1918       1.4690
    1919       1.4824
    1920       1.4543
    1921       1.4951
    1922       1.4760
    1923       1.5185
    1924       1.6059
    1925       1.6458
    1926       1.5109
    1927       1.5137
    1928       1.6462
    1929       1.5954
    1930       1.6510
    1931       1.5521
    1932       1.4894
    1933       1.4576
    1934       1.4562
    1935       1.4501
    1936       1.3543
    1937       1.4305
    1938       1.3312
    1939       1.4150
    1940       1.4005
    1941       1.4283
    1942       1.5142
    1943       1.4205
    1944       1.4451
    1945       1.5543
    1946       1.5715
    1947       1.7353
    1948       1.6168
    1949       1.5178
    1950       1.5207
    1951       1.4746
    1952       1.4910
    1953       1.5648
    1954       1.5728
    1955       1.5000
    1956       1.5800
    1957       1.5575
    1958       1.5047
    1959       1.4780
    1960       1.6068
    1961       1.5030
    1962       1.4574
    1963       1.6400
    1964       1.6968
    1965       1.6832
    1966       1.6896
    1967       1.6155
    1968       1.6809
    1969       1.6929
    1970       1.6539
    1971       1.6582
    1972       1.6522
    1973       1.5118
    1974       1.6417
    1975       1.5921
    1976       1.4692
    1977       1.5976
    1978       1.5347
    1979       1.6836
    1980       1.6102
    1981       1.6509
    1982       1.5744
    1983       1.7059
    1984       1.7323
    1985       1.7495
    1986       1.6517
    1987       1.5995
    1988       1.5159
    1989       1.5315
    1990       1.4608
    1991       1.4239
    1992       1.4186
    1993       1.4608
    1994       1.5424
    1995       1.4111
    1996       1.3484
    1997       1.3029
    1998       1.3084
    1999       1.4440
    2000       1.5145
    2001       1.6155
    2002       1.4869
    2003       1.6520
    2004       1.7460
    2005       1.6819
    2006       1.7043
    2007       1.5928
    2008       1.6660
    2009       1.6594
    2010       1.5583
    2011       1.6832
    2012       1.6921
    2013       1.6685
    2014       1.6958
    2015       1.8061
    2016       1.8563
    2017       1.8229
    2018       1.8345
    2019       1.7940
    2020       1.7707
    2021       1.7794
    2022       1.7667
    2023       1.7278
    2024       1.5810
    2025       1.6989
    2026       1.6825
    2027       1.6790
    2028       1.6661
    2029       1.6894
    2030       1.7212
    2031       1.5542
    2032       1.6259
    2033       1.7091
    2034       1.6343
    2035       1.5077
    2036       1.6887
    2037       1.4351
    2038       1.3954
    2039       1.4489
    2040       1.4223
    2041       1.3907
    2042       1.4030
    2043       1.4148
    2044       1.4559
    2045       1.6481
    2046       1.4286
    2047       1.3692
    2048       1.3675
    2049       1.3932
    2050       1.3424
    2051       1.3488
    2052       1.4268
    2053       1.6229
    2054       1.7008
    2055       1.7408
    2056       1.7751
    2057       1.7851
    2058       1.7049
    2059       1.8636
    2060       1.8928
    2061       1.7700
    2062       1.6625
    2063       1.6448
    2064       1.6369
    2065       1.5157
    2066       1.4991
    2067       1.5802
    2068       1.7235
    2069       1.6848
    2070       1.7293
    2071       1.7218
    2072       1.7286
    2073       1.7324
    2074       1.5770
    2075       1.5167
    2076       1.6311
    2077       1.7244
    2078       1.6471
    2079       1.6201
    2080       1.6044
    2081       1.6354
    2082       1.6024
    2083       1.6566
    2084       1.7587
    2085       1.6410
    2086       1.7547
    2087       1.7064
    2088       1.6015
    2089       1.5077
    2090       1.5982
    2091       1.8220
    2092       1.7208
    2093       1.6477
    2094       1.7590
    2095       1.6553
    2096       1.8380
    2097       1.8718
    2098       1.6290
    2099       1.7315
    2100       1.6764
    2101       1.8422
    2102       1.9186
    2103       1.9839
    2104       1.9540
    2105       1.7539
    2106       1.7221
    2107       1.6589
    2108       1.7365
    2109       1.6718
    2110       1.9414
    2111       1.7793
    2112       1.8008
    2113       1.6608
    2114       1.6578
    2115       1.7284
    2116       1.7118
    2117       1.7684
    2118       1.8364
    2119       1.6885
    2120       1.6303
    2121       1.8525
    2122       1.9501
    2123       1.8373
    2124       1.6332
    2125       1.4850
    2126       1.6604
    2127       1.5647
    2128       1.4745
    2129       1.4824
    2130       1.5087
    2131       1.3792
    2132       1.3446
    2133       1.4199
    2134       1.4775
    2135       1.3669
    2136       1.5023
    2137       1.4450
    2138       1.4451
    2139       1.3140
    2140       1.3982
    2141       1.3409
    2142       1.3297
    2143       1.3649
    2144       1.3980
    2145       1.3902
    2146       1.4016
    2147       1.4598
    2148       1.5103
    2149       1.4485
    2150       1.3335
    2151       1.3368
    2152       1.3087
    2153       1.3220
    2154       1.3708
    2155       1.3412
    2156       1.3359
    2157       1.4415
    2158       1.4897
    2159       1.4695
    2160       1.5133
    2161       1.5319
    2162       1.4165
    2163       1.5414
    2164       1.6569
    2165       1.7859
    2166       1.7494
    2167       1.6701
    2168       1.4993
    2169       1.6135
    2170       1.7141
    2171       1.7611
    2172       1.6516
    2173       1.6304
    2174       1.7017
    2175       1.5311
    2176       1.5878
    2177       1.4992
    2178       1.5083
    2179       1.4152
    2180       1.4066
    2181       1.4082
    2182       1.3331
    2183       1.3578
    2184       1.3952
    2185       1.4588
    2186       1.3555
    2187       1.3466
    2188       1.3557
    2189       1.3820
    2190       1.3699
    2191       1.3878
    2192       1.4078
    2193       1.3912
    2194       1.3756
    2195       1.4208
    2196       1.3387
    2197       1.2951
    2198       1.3071
    2199       1.3548
    2200       1.2771
    2201       1.2761
    2202       1.1770
    2203       1.3189
    2204       1.3105
    2205       1.2129
    2206       1.2638
    2207       1.3310
    2208       1.3026
    2209       1.3587
    2210       1.4268
    2211       1.4548
    2212       1.4847
    2213       1.4151
    2214       1.4328
    2215       1.4716
    2216       1.4931
    2217       1.4652
    2218       1.5824
    2219       1.5971
    2220       1.5765
    2221       1.4782
    2222       1.5434
    2223       1.5237
    2224       1.7443
    2225       1.5223
    2226       1.6488
    2227       1.5948
    2228       1.4636
    2229       1.4244
    2230       1.4694
    2231       1.5597
    2232       1.5617
    2233       1.6069
    2234       1.4953
    2235       1.5151
    2236       1.4403
    2237       1.4611
    2238       1.5651
    2239       1.4481
    2240       1.5393
    2241       1.5447
    2242       1.6376
    2243       1.5410
    2244       1.5642
    2245       1.5194
    2246       1.4484
    2247       1.4696
    2248       1.4566
    2249       1.4492
    2250       1.5129
    2251       1.5101
    2252       1.4116
    2253       1.4708
    2254       1.3626
    2255       1.5311
    2256       1.6079
    2257       1.4999
    2258       1.4944
    2259       1.4677
    2260       1.3617
    2261       1.4349
    2262       1.3675
    2263       1.3881
    2264       1.4293
    2265       1.3413
    2266       1.3520
    2267       1.3733
    2268       1.3115
    2269       1.2987
    2270       1.3231
    2271       1.4095
    2272       1.4288
    2273       1.4993
    2274       1.4844
    2275       1.4895
    2276       1.5536
    2277       1.5043
    2278       1.5552
    2279       1.5925
    2280       1.5892
    2281       1.6095
    2282       1.5332
    2283       1.5190
    2284       1.4934
    2285       1.4110
    2286       1.4211
    2287       1.5250
    2288       1.4445
    2289       1.5134
    2290       1.5376
    2291       1.5147
    2292       1.4188
    2293       1.4134
    2294       1.4441
    2295       1.4095
    2296       1.3791
    2297       1.4452
    2298       1.4956
    2299       1.4914
    2300       1.6167
    2301       1.6388
    2302       1.7548
    2303       1.6962
    2304       1.6106
    2305       1.7149
    2306       1.6549
    2307       1.7114
    2308       1.7556
    2309       1.7706
    2310       1.5577
    2311       1.5733
    2312       1.6700
    2313       1.6872
    2314       1.7013
    2315       1.6375
    2316       1.7471
    2317       1.6342
    2318       1.7141
    2319       1.6432
    2320       1.7037
    2321       1.6341
    2322       1.7066
    2323       1.6478
    2324       1.6484
    2325       1.5545
    2326       1.5486
    2327       1.5735
    2328       1.5038
    2329       1.3968
    2330       1.5312
    2331       1.5046
    2332       1.3913
    2333       1.2696
    2334       1.2898
    2335       1.2352
    2336       1.2360
    2337       1.2783
    2338       1.2329
    2339       1.2238
    2340       1.3222
    2341       1.3346
    2342       1.3209
    2343       1.2553
    2344       1.3005
    2345       1.3402
    2346       1.3360
    2347       1.3461
    2348       1.3719
    2349       1.3406
    2350       1.3204
    2351       1.3279
    2352       1.4118
    2353       1.3439
    2354       1.4466
    2355       1.4728
    2356       1.3827
    2357       1.3794
    2358       1.3837
    2359       1.4330
    2360       1.5118
    2361       1.5301
    2362       1.6489
    2363       1.5039
    2364       1.4287
    2365       1.6412
    2366       1.6804
    2367       1.6459
    2368       1.6917
    2369       1.7261
    2370       1.6777
    2371       1.7045
    2372       1.6306
    2373       1.6321
    2374       1.4774
    2375       1.5693
    2376       1.5482
    2377       1.5464
    2378       1.8501
    2379       1.8591
    2380       1.7636
    2381       1.7741
    2382       1.7310
    2383       1.6874
    2384       1.5143
    2385       1.4782
    2386       1.5864
    2387       1.4879
    2388       1.6645
    2389       1.7763
    2390       1.7381
    2391       1.7557
    2392       1.6220
    2393       1.5284
    2394       1.4626
    2395       1.3730
    2396       1.5061
    2397       1.3919
    2398       1.3809
    2399       1.3620
    2400       1.3337
    2401       1.4493
    2402       1.4252
    2403       1.5418
    2404       1.5775
    2405       1.6771
    2406       1.6283
    2407       1.6736
    2408       1.6927
    2409       1.6264
    2410       1.6519
    2411       1.7874
    2412       1.7512
    2413       1.7128
    2414       1.8033
    2415       1.7851
    2416       1.6317
    2417       1.6764
    2418       1.7899
    2419       1.8670
    2420       1.7651
    2421       1.8010
    2422       1.8522
    2423       1.8174
    2424       1.7745
    2425       1.7931
    2426       2.0283
    2427       1.9838
    2428       1.9339
    2429       1.8422
    2430       1.9199
    2431       1.9869
    2432       2.1902
    2433       2.3282
    2434       2.3586
    2435       2.3565
    2436       2.3705
    2437       2.3403
    2438       2.3492
    2439       2.4810
    2440       2.3168
    2441       2.2801
    2442       2.0495
    2443       2.0874
    2444       1.9179
    2445       1.9069
    2446       1.9652
    2447       2.1053
    2448       1.9523
    2449       2.1907
    2450       2.0202
    2451       2.0948
    2452       2.1580
    2453       2.2238
    2454       2.1166
    2455       2.2404
    2456       2.1053
    2457       2.1934
    2458       2.0418
    2459       2.1263
    2460       2.0001
    2461       2.0570
    2462       1.8880
    2463       2.0339
    2464       2.0540
    2465       2.0268
    2466       1.9954
    2467       2.0250
    2468       1.8896
    2469       1.7566
    2470       1.9114
    2471       2.1695
    2472       2.0708
    2473       2.1178
    2474       2.0031
    2475       2.1528
    2476       2.1600
    2477       2.1298
    2478       2.1257
    2479       2.0784
    2480       2.0676
    2481       2.0324
    2482       2.0258
    2483       2.1405
    2484       2.1383
    2485       2.2552
    2486       2.2829
    2487       2.2793
    2488       2.4452
    2489       2.3707
    2490       2.1298
    2491       2.2126
    2492       2.1760
    2493       2.1702
    2494       2.0241
    2495       1.9265
    2496       1.8538
    2497       1.8907
    2498       1.9774
    2499       1.9352
    2500       1.7938
    2501       1.6603
    2502       1.7263
    2503       1.8238
    2504       1.7255
    2505       1.7557
    2506       1.6761
    2507       1.6974
    2508       1.7376
    2509       1.7481
    2510       1.6745
    2511       1.6444
    2512       1.7905
    2513       1.9061
    2514       1.7679
    2515       1.7655
    2516       1.6713
    2517       1.6988
    2518       1.7974
    2519       1.6655
    2520       1.7851
    2521       1.7182
    2522       1.7361
    2523       1.6414
    2524       1.7494
    2525       1.6797
    2526       1.6137
    2527       1.5233
    2528       1.5534
    2529       1.5279
    2530       1.6083
    2531       1.7458
    2532       1.7242
    2533       1.8118
    2534       1.8246
    2535       1.8600
    2536       1.7849
    2537       1.6684
    2538       1.7392
    2539       1.9299
    2540       1.7959
    2541       1.7912
    2542       1.9217
    2543       1.6647
    2544       1.6973
    2545       1.7250
    2546       1.9304
    2547       1.9377
    2548       1.9229
    2549       1.6860
    2550       1.7191
    2551       1.6297
    2552       1.5800
    2553       1.6029
    2554       1.6622
    2555       1.5842
    2556       1.5765
    2557       1.6274
    2558       1.6425
    2559       1.7660
    2560       1.8331
    2561       1.8292
    2562       1.8732
    2563       1.8340
    2564       1.8685
    2565       1.7825
    2566       1.7170
    2567       1.6096
    2568       1.5464
    2569       1.5270
    2570       1.7151
    2571       1.7400
    2572       1.7719
    2573       1.9805
    2574       1.7878
    2575       1.6870
    2576       1.7905
    2577       1.9749
    2578       2.1606
    2579       1.9346
    2580       2.0514
    2581       1.9721
    2582       2.0500
    2583       1.9168
    2584       2.2723
    2585       2.1417
    2586       2.3159
    2587       2.1586
    2588       1.8865
    2589       1.8731
    2590       1.9270
    2591       1.8343
    2592       1.7996
    2593       1.6539
    2594       1.5750
    2595       1.7636
    2596       1.8639
    2597       1.8725
    2598       1.9482
    2599       1.8776
    2600       1.9514
    2601       1.9255
    2602       2.1500
    2603       2.0249
    2604       2.0375
    2605       1.9907
    2606       1.9687
    2607       2.0827
    2608       2.0297
    2609       1.9638
    2610       1.8882
    2611       1.9673
    2612       1.8475
    2613       1.8053
    2614       1.8367
    2615       1.8861
    2616       1.7475
    2617       1.8089
    2618       1.7149
    2619       1.7193
    2620       1.8026
    2621       1.7331
    2622       1.6925
    2623       1.8272
    2624       1.6365
    2625       1.5899
    2626       1.7620
    2627       1.7347
    2628       1.8845
    2629       1.7715
    2630       1.9178
    2631       1.9694
    2632       1.8108
    2633       1.7695
    2634       1.9231
    2635       1.8588
    2636       1.5762
    2637       1.5719
    2638       1.6048
    2639       1.6283
    2640       1.6472
    2641       1.5860
    2642       1.8089
    2643       1.6190
    2644       1.6192
    2645       1.6991
    2646       1.7923
    2647       1.5651
    2648       1.5312
    2649       1.5407
    2650       1.4707
    2651       1.5921
    2652       1.4972
    2653       1.2936
    2654       1.4018
    2655       1.4352
    2656       1.3860
    2657       1.4933
    2658       1.5020
    2659       1.5857
    2660       1.6766
    2661       1.5165
    2662       1.6284
    2663       1.6710
    2664       1.8733
    2665       1.7949
    2666       1.6984
    2667       1.8396
    2668       1.9061
    2669       1.8055
    2670       1.7525
    2671       1.8414
    2672       1.8865
    2673       1.8349
    2674       1.8188
    2675       1.9269
    2676       2.0379
    2677       1.9448
    2678       1.9401
    2679       1.8789
    2680       1.8417
    2681       1.8147
    2682       1.8141
    2683       1.8678
    2684       1.9015
    2685       1.7633
    2686       1.8835
    2687       1.8068
    2688       1.7178
    2689       1.7930
    2690       1.8050
    2691       1.6973
    2692       1.9293
    2693       1.8579
    2694       1.7567
    2695       1.8036
    2696       1.6617
    2697       1.6398
    2698       1.5957
    2699       1.6608
    2700       1.6859
    2701       1.5372
    2702       1.6726
    2703       1.5991
    2704       1.5784
    2705       1.5523
    2706       1.5625
    2707       1.5946
    2708       1.5072
    2709       1.5074
    2710       1.4793
    2711       1.6680
    2712       1.5809
    2713       1.6499
    2714       1.6445
    2715       1.6687
    2716       1.6999
    2717       1.4618
    2718       1.5584
    2719       1.4907
    2720       1.4162
    2721       1.4503
    2722       1.5270
    2723       1.5502
    2724       1.4380
    2725       1.4582
    2726       1.7058
    2727       1.6006
    2728       1.6583
    2729       1.5850
    2730       1.5304
    2731       1.5018
    2732       1.5015
    2733       1.4449
    2734       1.4648
    2735       1.4880
    2736       1.5658
    2737       1.5558
    2738       1.5707
    2739       1.5829
    2740       1.5959
    2741       1.5370
    2742       1.4987
    2743       1.4465
    2744       1.2661
    2745       1.3583
    2746       1.3668
    2747       1.3028
    2748       1.3854
    2749       1.4134
    2750       1.4506
    2751       1.6000
    2752       1.6512
    2753       1.5822
    2754       1.6045
    2755       1.5371
    2756       1.5329
    2757       1.5358
    2758       1.5543
    2759       1.5223
    2760       1.5106
    2761       1.5912
    2762       1.6141
    2763       1.4969
    2764       1.5374
    2765       1.6081
    2766       1.6149
    2767       1.6983
    2768       1.5693
    2769       1.5909
    2770       1.7288
    2771       1.6038
    2772       1.6309
    2773       1.5969
    2774       1.6399
    2775       1.5207
    2776       1.5895
    2777       1.7107
    2778       1.8461
    2779       1.7427
    2780       1.6133
    2781       1.6009
    2782       1.6111
    2783       1.5776
    2784       1.5184
    2785       1.6045
    2786       1.6903
    2787       1.6823
    2788       1.6257
    2789       1.5732
    2790       1.3936
    2791       1.6069
    2792       1.5893
    2793       1.6159
    2794       1.5843
    2795       1.6737
    2796       1.5771
    2797       1.5491
    2798       1.5385
    2799       1.5155
    2800       1.4677
    2801       1.4692
    2802       1.4777
    2803       1.4440
    2804       1.4522
    2805       1.5026
    2806       1.4972
    2807       1.5386
    2808       1.4209
    2809       1.3370
    2810       1.4537
    2811       1.3616
    2812       1.4099
    2813       1.4737
    2814       1.5362
    2815       1.5151
    2816       1.5813
    2817       1.5562
    2818       1.6107
    2819       1.7027
    2820       1.6725
    2821       1.5924
    2822       1.7316
    2823       1.7553
    2824       1.7063
    2825       1.7662
    2826       1.8576
    2827       1.9828
    2828       2.0754
    2829       1.9937
    2830       2.0550
    2831       1.9507
    2832       1.9088
    2833       1.8731
    2834       2.0071
    2835       1.9362
    2836       1.8366
    2837       1.8548
    2838       1.7813
    2839       1.7488
    2840       1.6685
    2841       1.5616
    2842       1.5803
    2843       1.6653
    2844       1.6826
    2845       1.6493
    2846       1.4811
    2847       1.5574
    2848       1.5324
    2849       1.5697
    2850       1.5279
    2851       1.4379
    2852       1.4508
    2853       1.4218
    2854       1.4177
    2855       1.4210
    2856       1.5467
    2857       1.4433
    2858       1.3701
    2859       1.4035
    2860       1.4728
    2861       1.5089
    2862       1.5779
    2863       1.5820
    2864       1.6502
    2865       1.5845
    2866       1.6286
    2867       1.6954
    2868       1.6670
    2869       1.7448
    2870       1.6391
    2871       1.6497
    2872       1.6215
    2873       1.6716
    2874       1.6505
    2875       1.6225
    2876       1.6080
    2877       1.5266
    2878       1.6379
    2879       1.7611
    2880       1.6418
    2881       1.6331
    2882       1.7582
    2883       1.7477
    2884       1.6917
    2885       1.6907
    2886       1.6816
    2887       1.7106
    2888       1.5933
    2889       1.7201
    2890       1.7237
    2891       1.7836
    2892       1.9971
    2893       1.8936
    2894       1.8516
    2895       1.9058
    2896       1.9332
    2897       1.8079
    2898       1.9847
    2899       1.8412
    2900       1.8827
    2901       1.8186
    2902       1.8456
    2903       1.8458
    2904       1.7985
    2905       1.8622
    2906       1.7518
    2907       1.7058
    2908       1.7331
    2909       1.9195
    2910       1.9855
    2911       1.9397
    2912       1.8470
    2913       1.9271
    2914       1.7919
    2915       1.9709
    2916       1.8921
    2917       1.8225
    2918       1.9108
    2919       1.8513
    2920       1.9313
    2921       1.8754
    2922       2.0450
    2923       2.0657
    2924       2.0347
    2925       2.0726
    2926       2.0370
    2927       1.9266
    2928       1.9672
    2929       1.7734
    2930       1.7576
    2931       1.8158
    2932       1.8702
    2933       2.0418
    2934       2.0200
    2935       1.8129
    2936       1.8398
    2937       1.9357
    2938       2.0515
    2939       2.0780
    2940       2.2205
    2941       2.2356
    2942       2.3059
    2943       2.2745
    2944       2.1308
    2945       2.2085
    2946       2.0426
    2947       1.9776
    2948       2.0107
    2949       1.9149
    2950       1.9924
    2951       1.8343
    2952       1.9494
    2953       1.9529
    2954       1.8566
    2955       1.9837
    2956       1.8941
    2957       1.8694
    2958       1.9180
    2959       1.8963
    2960       1.9923
    2961       1.9496
    2962       1.8376
    2963       1.7494
    2964       1.7917
    2965       1.7886
    2966       1.7186
    2967       1.8270
    2968       1.8022
    2969       1.5810
    2970       1.6181
    2971       1.6599
    2972       1.7086
    2973       1.5964
    2974       1.5611
    2975       1.6791
    2976       1.6381
    2977       1.6829
    2978       1.8002
    2979       1.5802
    2980       1.5971
    2981       1.5433
    2982       1.5170
    2983       1.4833
    2984       1.5376
    2985       1.6890
    2986       1.6326
    2987       1.6107
    2988       1.7356
    2989       1.7621
    2990       1.6034
    2991       1.5883
    2992       1.5730
    2993       1.4135
    2994       1.4869
    2995       1.5047
    2996       1.5686
    2997       1.5992
    2998       1.5463
    2999       1.6629
    3000       1.5625
    3001       1.5343
    3002       1.6628
    3003       1.5892
    3004       1.5336
    3005       1.6022
    3006       1.5811
    3007       1.5535
    3008       1.5821
    3009       1.4784
    3010       1.5133
    3011       1.5437
    3012       1.5743
    3013       1.5847
    3014       1.5570
    3015       1.6333
    3016       1.6239
    3017       1.6897
    3018       1.5650
    3019       1.6242
    3020       1.7203
    3021       1.6803
    3022       1.8078
    3023       1.7862
    3024       1.7183
    3025       1.6386
    3026       1.5921
    3027       1.7149
    3028       1.7716
    3029       1.6716
    3030       1.8842
    3031       1.8044
    3032       1.7610
    3033       1.7885
    3034       1.7127
    3035       1.7888
    3036       1.8597
    3037       1.9371
    3038       1.9390
    3039       1.8678
    3040       1.8314
    3041       1.8445
    3042       1.7903
    3043       1.7220
    3044       1.6931
    3045       1.7386
    3046       1.7167
    3047       1.6089
    3048       1.5981
    3049       1.5608
    3050       1.7738
    3051       1.6588
    3052       1.6441
    3053       1.7064
    3054       1.7008
    3055       1.8002
    3056       1.7236
    3057       1.5922
    3058       1.6432
    3059       1.6834
    3060       1.6908
    3061       1.6130
    3062       1.7327
    3063       1.7397
    3064       1.6272
    3065       1.7042
    3066       1.7640
    3067       1.7959
    3068       1.6826
    3069       1.6692
    3070       1.5926
    3071       1.6228
    3072       1.6220
    3073       1.6018
    3074       1.7453
    3075       1.7674
    3076       1.7981
    3077       1.7523
    3078       1.7693
    3079       1.7928
    3080       1.6853
    3081       1.7325
    3082       1.6980
    3083       1.8709
    3084       1.9855
    3085       1.8074
    3086       1.8727
    3087       1.7561
    3088       1.7307
    3089       1.6114
    3090       1.7567
    3091       1.7272
    3092       1.8513
    3093       1.7007
    3094       1.6998
    3095       1.6792
    3096       1.6673
    3097       1.6498
    3098       1.6547
    3099       1.6979
    3100       1.7893
    3101       1.7820
    3102       1.7309
    3103       1.7373
    3104       1.7656
    3105       1.6398
    3106       1.6745
    3107       1.7180
    3108       1.7954
    3109       1.6874
    3110       1.7346
    3111       1.7256
    3112       1.7198
    3113       1.8359
    3114       1.7567
    3115       1.8082
    3116       1.8144
    3117       1.7632
    3118       1.7176
    3119       1.8238
    3120       1.7768
    3121       1.7103
    3122       1.7617
    3123       1.8446
    3124       1.6477
    3125       1.6767
    3126       1.6593
    3127       1.6316
    3128       1.5845
    3129       1.6369
    3130       1.5158
    3131       1.5388
    3132       1.5609
    3133       1.5806
    3134       1.6117
    3135       1.5492
    3136       1.6231
    3137       1.4916
    3138       1.5072
    3139       1.5860
    3140       1.5784
    3141       1.6592
    3142       1.6166
    3143       1.5532
    3144       1.5838
    3145       1.7199
    3146       1.5514
    3147       1.5596
    3148       1.5997
    3149       1.5298
    3150       1.6332
    3151       1.4828
    3152       1.5519
    3153       1.6008
    3154       1.6431
    3155       1.6897
    3156       1.6803
    3157       1.6547
    3158       1.6528
    3159       1.5767
    3160       1.6863
    3161       1.5874
    3162       1.6003
    3163       1.5948
    3164       1.5323
    3165       1.6046
    3166       1.7182
    3167       1.7736
    3168       1.7676
    3169       1.6429
    3170       1.5240
    3171       1.5022
    3172       1.5479
    3173       1.5406
    3174       1.6066
    3175       1.6751
    3176       1.6353
    3177       1.6483
    3178       1.5808
    3179       1.6849
    3180       1.7309
    3181       1.7129
    3182       1.6558
    3183       1.5802
    3184       1.5627
    3185       1.6036
    3186       1.5021
    3187       1.4615
    3188       1.4956
    3189       1.5354
    3190       1.5110
    3191       1.6077
    3192       1.6320
    3193       1.6626
    3194       1.5057
    3195       1.5406
    3196       1.5688
    3197       1.5940
    3198       1.5669
    3199       1.5456
    3200       1.6342
    3201       1.7403
    3202       1.6613
    3203       1.6786
    3204       1.5783
    3205       1.5542
    3206       1.5895
    3207       1.5578
    3208       1.5138
    3209       1.4137
    3210       1.3967
    3211       1.4706
    3212       1.4831
    3213       1.4895
    3214       1.5948
    3215       1.6222
    3216       1.5443
    3217       1.5034
    3218       1.4743
    3219       1.5218
    3220       1.4415
    3221       1.4119
    3222       1.4773
    3223       1.4383
    3224       1.4334
    3225       1.4022
    3226       1.5173
    3227       1.4646
    3228       1.3716
    3229       1.4355
    3230       1.4230
    3231       1.5828
    3232       1.5023
    3233       1.4120
    3234       1.4316
    3235       1.4499
    3236       1.3108
    3237       1.4679
    3238       1.4739
    3239       1.4212
    3240       1.4683
    3241       1.4441
    3242       1.3899
    3243       1.5103
    3244       1.4940
    3245       1.5110
    3246       1.4730
    3247       1.5014
    3248       1.6054
    3249       1.6076
    3250       1.5822
    3251       1.5466
    3252       1.5741
    3253       1.6004
    3254       1.6022
    3255       1.5758
    3256       1.6638
    3257       1.5854
    3258       1.5673
    3259       1.7084
    3260       1.5129
    3261       1.5659
    3262       1.4055
    3263       1.4999
    3264       1.5662
    3265       1.4488
    3266       1.4055
    3267       1.4269
    3268       1.5144
    3269       1.4879
    3270       1.5503
    3271       1.4757
    3272       1.4212
    3273       1.3681
    3274       1.3669
    3275       1.3928
    3276       1.4534
    3277       1.4226
    3278       1.4140
    3279       1.5564
    3280       1.3938
    3281       1.4640
    3282       1.4637
    3283       1.4206
    3284       1.4855
    3285       1.6072
    3286       1.5587
    3287       1.5062
    3288       1.5313
    3289       1.6067
    3290       1.8229
    3291       1.7821
    3292       1.5647
    3293       1.6371
    3294       1.6456
    3295       1.6050
    3296       1.7262
    3297       1.6544
    3298       1.6267
    3299       1.5535
    3300       1.7547
    3301       1.7402
    3302       1.7059
    3303       1.7109
    3304       1.7160
    3305       1.6574
    3306       1.5171
    3307       1.6692
    3308       1.7107
    3309       1.7430
    3310       1.7924
    3311       1.8109
    3312       1.7982
    3313       1.9368
    3314       1.8754
    3315       1.9634
    3316       2.0683
    3317       2.0191
    3318       1.9790
    3319       1.9585
    3320       1.8096
    3321       1.7827
    3322       1.7911
    3323       1.7625
    3324       1.7274
    3325       1.6735
    3326       1.6810
    3327       1.6225
    3328       1.7813
    3329       1.7004
    3330       1.8011
    3331       1.6989
    3332       1.6293
    3333       1.6049
    3334       1.6908
    3335       1.7443
    3336       1.6688
    3337       1.6721
    3338       1.5897
    3339       1.7359
    3340       1.6413
    3341       1.7426
    3342       1.7174
    3343       1.6365
    3344       1.6624
    3345       1.7020
    3346       1.6429
    3347       1.7405
    3348       1.7475
    3349       1.7357
    3350       1.7425
    3351       1.7437
    3352       1.7762
    3353       1.7204
    3354       1.6175
    3355       1.9381
    3356       1.9368
    3357       1.8050
    3358       1.8545
    3359       1.8781
    3360       1.9154
    3361       1.7343
    3362       1.7358
    3363       1.7353
    3364       1.7600
    3365       1.7411
    3366       1.8281
    3367       1.8548
    3368       1.8511
    3369       1.8094
    3370       1.9684
    3371       1.9856
    3372       1.9698
    3373       1.9287
    3374       1.8155
    3375       1.7584
    3376       1.6718
    3377       1.7805
    3378       1.7064
    3379       1.7982
    3380       1.6415
    3381       1.7041
    3382       1.6620
    3383       1.5411
    3384       1.6218
    3385       1.6467
    3386       1.6260
    3387       1.5808
    3388       1.5751
    3389       1.6345
    3390       1.6202
    3391       1.5983
    3392       1.5796
    3393       1.5670
    3394       1.5816
    3395       1.5391
    3396       1.6031
    3397       1.5546
    3398       1.6383
    3399       1.6520
    3400       1.5749
    3401       1.5670
    3402       1.5300
    3403       1.6075
    3404       1.6990
    3405       1.5783
    3406       1.6269
    3407       1.6130
    3408       1.6400
    3409       1.5941
    3410       1.7054
    3411       1.6746
    3412       1.7852
    3413       1.7132
    3414       1.6951
    3415       1.8348
    3416       1.7924
    3417       1.9576
    3418       2.0669
    3419       2.1526
    3420       2.1367
    3421       2.1971
    3422       2.1512
    3423       2.1496
    3424       2.0434
    3425       1.9620
    3426       1.8041
    3427       1.9927
    3428       1.9336
    3429       1.9577
    3430       1.9354
    3431       2.0773
    3432       2.0922
    3433       1.9371
    3434       1.9544
    3435       2.1208
    3436       2.1455
    3437       2.2887
    3438       2.3253
    3439       2.2825
    3440       2.1719
    3441       2.2057
    3442       2.2619
    3443       2.3465
    3444       2.3854
    3445       2.1102
    3446       2.0650
    3447       2.0177
    3448       2.1435
    3449       2.2206
    3450       2.2485
    3451       2.0989
    3452       1.9792
    3453       1.9509
    3454       2.0558
    3455       2.1025
    3456       2.0973
    3457       2.0752
    3458       2.0453
    3459       2.1258
    3460       1.9101
    3461       1.9229
    3462       1.8494
    3463       1.8830
    3464       1.8371
    3465       1.8146
    3466       1.6818
    3467       1.7621
    3468       1.7749
    3469       1.9806
    3470       2.1107
    3471       2.1703
    3472       2.1886
    3473       2.3163
    3474       2.2821
    3475       2.2392
    3476       2.1285
    3477       2.0544
    3478       1.9893
    3479       2.1184
    3480       2.1391
    3481       2.1862
    3482       2.1384
    3483       2.1054
    3484       1.9767
    3485       1.9264
    3486       1.9874
    3487       2.0394
    3488       2.0058
    3489       1.9740
    3490       1.7729
    3491       1.7854
    3492       1.7489
    3493       1.7278
    3494       1.7084
    3495       1.7506
    3496       1.8259
    3497       1.7747
    3498       1.7172
    3499       1.7914
    3500       1.9333
    3501       1.8036
    3502       1.9041
    3503       1.8534
    3504       1.7646
    3505       1.6632
    3506       1.8849
    3507       1.9681
    3508       2.0466
    3509       2.1401
    3510       2.0375
    3511       2.0125
    3512       1.8717
    3513       1.7832
    3514       1.7105
    3515       1.6484
    3516       1.6859
    3517       1.7420
    3518       1.6842
    3519       1.7806
    3520       1.7878
    3521       1.6465
    3522       1.7405
    3523       1.6871
    3524       1.6308
    3525       1.6733
    3526       1.4836
    3527       1.5113
    3528       1.5827
    3529       1.6198
    3530       1.5498
    3531       1.4088
    3532       1.6051
    3533       1.6141
    3534       1.6678
    3535       1.6275
    3536       1.5886
    3537       1.6791
    3538       1.6241
    3539       1.6229
    3540       1.5266
    3541       1.6962
    3542       1.7286
    3543       1.5544
    3544       1.6175
    3545       1.8146
    3546       1.6257
    3547       1.7852
    3548       1.7293
    3549       1.7737
    3550       1.6480
    3551       1.6658
    3552       1.6038
    3553       1.5866
    3554       1.4947
    3555       1.4646
    3556       1.4974
    3557       1.5591
    3558       1.5749
    3559       1.7229
    3560       1.6653
    3561       1.6041
    3562       1.6921
    3563       1.7155
    3564       1.5811
    3565       1.4740
    3566       1.5529
    3567       1.6364
    3568       1.6733
    3569       1.5844
    3570       1.6830
    3571       1.6860
    3572       1.7833
    3573       1.8245
    3574       1.8088
    3575       1.7264
    3576       1.6516
    3577       1.5339
    3578       1.6176
    3579       1.3821
    3580       1.4010
    3581       1.4366
    3582       1.5245
    3583       1.5199
    3584       1.6103
    3585       1.5616
    3586       1.6167
    3587       1.6144
    3588       1.6457
    3589       1.5769
    3590       1.6288
    3591       1.6937
    3592       1.7584
    3593       1.6718
    3594       1.6865
    3595       1.5467
    3596       1.5650
    3597       1.5958
    3598       1.5847
    3599       1.4766
    3600       1.5498
    3601       1.6992
    3602       1.7760
    3603       1.6191
    3604       1.5831
    3605       1.7413
    3606       1.6478
    3607       1.6364
    3608       1.7098
    3609       1.6470
    3610       1.5714
    3611       1.5416
    3612       1.5180
    3613       1.4770
    3614       1.4727
    3615       1.5976
    3616       1.4668
    3617       1.4643
    3618       1.5630
    3619       1.4548
    3620       1.5716
    3621       1.4146
    3622       1.4841
    3623       1.4940
    3624       1.5255
    3625       1.4982
    3626       1.6242
    3627       1.4696
    3628       1.4525
    3629       1.5331
    3630       1.4990
    3631       1.4204
    3632       1.4630
    3633       1.4568
    3634       1.4693
    3635       1.6919
    3636       1.6358
    3637       1.6380
    3638       1.5249
    3639       1.5767
    3640       1.6916
    3641       1.6550
    3642       1.6553
    3643       1.6271
    3644       1.6668
    3645       1.7573
    3646       1.6378
    3647       1.7997
    3648       1.8571
    3649       1.9623
    3650       1.8452
    3651       2.1124
    3652       1.9333
    3653       1.7044
    3654       1.7309
    3655       1.7928
    3656       1.7842
    3657       1.8578
    3658       1.8793
    3659       1.7379
    3660       1.5814
    3661       1.5071
    3662       1.4561
    3663       1.5609
    3664       1.5122
    3665       1.6288
    3666       1.6066
    3667       1.5614
    3668       1.5365
    3669       1.5243
    3670       1.6130
    3671       1.6975
    3672       1.7080
    3673       1.6843
    3674       1.6747
    3675       1.7230
    3676       1.7043
    3677       1.7037
    3678       1.7262
    3679       1.7601
    3680       1.8880
    3681       1.8850
    3682       1.7955
    3683       1.9551
    3684       1.9704
    3685       2.0426
    3686       2.1049
    3687       2.1014
    3688       1.8796
    3689       1.9103
    3690       1.9677
    3691       1.7508
    3692       1.6063
    3693       1.5686
    3694       1.6497
    3695       1.6453
    3696       1.6542
    3697       1.6966
    3698       1.6464
    3699       1.6931
    3700       1.8613
    3701       1.9030
    3702       1.7870
    3703       1.8762
    3704       1.9430
    3705       1.9653
    3706       2.0190
    3707       1.8550
    3708       1.7244
    3709       1.7731
    3710       1.8138
    3711       1.7365
    3712       1.7110
    3713       1.7059
    3714       1.6863
    3715       1.6110
    3716       1.6509
    3717       1.6395
    3718       1.5870
    3719       1.6216
    3720       1.6564
    3721       1.5820
    3722       1.6466
    3723       1.6443
    3724       1.6940
    3725       1.6768
    3726       1.6689
    3727       1.6892
    3728       1.7334
    3729       1.6972
    3730       1.5852
    3731       1.7440
    3732       1.6505
    3733       1.5482
    3734       1.5133
    3735       1.6104
    3736       1.6677
    3737       1.6471
    3738       1.5491
    3739       1.5830
    3740       1.5669
    3741       1.6088
    3742       1.4579
    3743       1.4699
    3744       1.4034
    3745       1.4447
    3746       1.3981
    3747       1.4114
    3748       1.4718
    3749       1.4624
    3750       1.5394
    3751       1.5040
    3752       1.4850
    3753       1.5604
    3754       1.5902
    3755       1.5709
    3756       1.5859
    3757       1.5200
    3758       1.5607
    3759       1.5449
    3760       1.7333
    3761       1.7541
    3762       1.6847
    3763       1.7329
    3764       1.7573
    3765       2.0010
    3766       1.9906
    3767       1.9997
    3768       1.8765
    3769       1.7879
    3770       1.7109
    3771       1.6795
    3772       1.6890
    3773       1.6954
    3774       1.7132
    3775       1.6313
    3776       1.5501
    3777       1.6656
    3778       1.6230
    3779       1.5389
    3780       1.5407
    3781       1.6579
    3782       1.6615
    3783       1.7640
    3784       2.0337
    3785       1.9049
    3786       1.9047
    3787       1.9884
    3788       1.9546
    3789       1.8622
    3790       2.0472
    3791       1.7623
    3792       1.8647
    3793       1.9212
    3794       1.9988
    3795       1.9489
    3796       2.0036
    3797       2.0063
    3798       1.8021
    3799       1.8015
    3800       1.7314
    3801       1.7390
    3802       1.8015
    3803       1.8531
    3804       1.9204
    3805       1.7634
    3806       1.7005
    3807       1.7940
    3808       1.7289
    3809       1.5471
    3810       1.5658
    3811       1.6412
    3812       1.6072
    3813       1.7022
    3814       1.6600
    3815       1.7096
    3816       1.7685
    3817       1.7121
    3818       1.5980
    3819       1.6796
    3820       1.7044
    3821       1.7723
    3822       1.7529
    3823       1.7622
    3824       1.7858
    3825       1.8200
    3826       1.7093
    3827       1.7209
    3828       1.5147
    3829       1.5348
    3830       1.5158
    3831       1.5424
    3832       1.6456
    3833       1.6904
    3834       1.6318
    3835       1.6654
    3836       1.5842
    3837       1.7202
    3838       1.6712
    3839       1.6536
    3840       1.6056
    3841       1.6964
    3842       1.6561
    3843       1.7370
    3844       1.7089
    3845       1.7161
    3846       1.6383
    3847       1.5794
    3848       1.5822
    3849       1.6143
    3850       1.6590
    3851       1.6680
    3852       1.7197
    3853       1.6627
    3854       1.6161
    3855       1.5665
    3856       1.5635
    3857       1.5343
    3858       1.5988
    3859       1.6317
    3860       1.5357
    3861       1.5179
    3862       1.5836
    3863       1.6748
    3864       1.7443
    3865       1.7722
    3866       1.8203
    3867       1.7133
    3868       1.6483
    3869       1.7855
    3870       1.8476
    3871       1.5972
    3872       1.5873
    3873       1.6344
    3874       1.6685
    3875       1.5942
    3876       1.4526
    3877       1.6218
    3878       1.5505
    3879       1.6299
    3880       1.6007
    3881       1.6268
    3882       1.6686
    3883       1.6993
    3884       1.5876
    3885       1.6479
    3886       1.6251
    3887       1.5987
    3888       1.6663
    3889       1.7082
    3890       1.6047
    3891       1.5564
    3892       1.6502
    3893       1.8286
    3894       1.7155
    3895       1.7212
    3896       1.6003
    3897       1.5262
    3898       1.7663
    3899       1.6665
    3900       1.5972
    3901       1.6168
    3902       1.6222
    3903       1.5358
    3904       1.5167
    3905       1.6614
    3906       1.7161
    3907       1.8600
    3908       1.9706
    3909       2.2224
    3910       2.3088
    3911       2.1214
    3912       2.0734
    3913       1.9773
    3914       2.0759
    3915       1.9179
    3916       1.7534
    3917       1.8591
    3918       1.7152
    3919       1.7018
    3920       1.6545
    3921       1.6309
    3922       1.5638
    3923       1.4907
    3924       1.5038
    3925       1.6116
    3926       1.6671
    3927       1.8237
    3928       1.6114
    3929       1.6062
    3930       1.5583
    3931       1.5967
    3932       1.5817
    3933       1.7984
    3934       1.7780
    3935       1.8605
    3936       1.8288
    3937       1.9244
    3938       2.0636
    3939       2.1371
    3940       2.0873
    3941       1.8865
    3942       1.8942
    3943       1.8529
    3944       1.8795
    3945       1.9309
    3946       2.0084
    3947       1.9052
    3948       1.9146
    3949       1.9078
    3950       1.8548
    3951       1.7889
    3952       1.9095
    3953       1.9275
    3954       1.9413
    3955       1.7695
    3956       1.9904
    3957       1.8835
    3958       1.9182
    3959       1.6583
    3960       1.7939
    3961       1.8796
    3962       1.9022
    3963       1.7098
    3964       1.8252
    3965       1.7296
    3966       1.7321
    3967       1.6363
    3968       1.6547
    3969       1.6841
    3970       1.5428
    3971       1.5869
    3972       1.5435
    3973       1.4761
    3974       1.6025
    3975       1.5154
    3976       1.4848
    3977       1.5339
    3978       1.5245
    3979       1.5072
    3980       1.5058
    3981       1.5740
    3982       1.2888
    3983       1.3669
    3984       1.6354
    3985       1.5017
    3986       1.5574
    3987       1.6091
    3988       1.5804
    3989       1.5559
    3990       1.5661
    3991       1.5999
    3992       1.4739
    3993       1.4075
    3994       1.4486
    3995       1.4547
    3996       1.4454
    3997       1.5680
    3998       1.4772
    3999       1.5440
    4000       1.5775
    4001       1.5156
    4002       1.5910
    4003       1.5771
    4004       1.7236
    4005       1.8269
    4006       1.7278
    4007       1.7024
    4008       1.8514
    4009       1.8599
    4010       1.8682
    4011       1.6756
    4012       1.5109
    4013       1.6631
    4014       1.6380
    4015       1.7578
    4016       1.5775
    4017       1.4745
    4018       1.5671
    4019       1.6703
    4020       1.6077
    4021       1.6868
    4022       1.6045
    4023       1.5134
    4024       1.5429
    4025       1.6680
    4026       1.6823
    4027       1.5719
    4028       1.5633
    4029       1.5784
    4030       1.6601
    4031       1.7715
    4032       1.5974
    4033       1.5378
    4034       1.4975
    4035       1.5248
    4036       1.5847
    4037       1.6046
    4038       1.6241
    4039       1.6000
    4040       1.5057
    4041       1.5623
    4042       1.5530
    4043       1.5612
    4044       1.5505
    4045       1.5208
    4046       1.6078
    4047       1.6823
    4048       1.6993
    4049       1.5337
    4050       1.5022
    4051       1.6037
    4052       1.6250
    4053       1.5873
    4054       1.4747
    4055       1.5151
    4056       1.5449
    4057       1.5875
    4058       1.5249
    4059       1.6562
    4060       1.7910
    4061       1.7450
    4062       1.6821
    4063       1.5859
    4064       1.7063
    4065       1.6074
    4066       1.6432
    4067       1.5127
    4068       1.6385
    4069       1.6054
    4070       1.8315
    4071       1.7531
    4072       1.6924
    4073       1.7666
    4074       1.7187
    4075       1.8299
    4076       1.7088
    4077       1.6843
    4078       1.7512
    4079       1.7596
    4080       1.8737
    4081       1.7249
    4082       1.6724
    4083       1.6321
    4084       1.6023
    4085       1.6264
    4086       1.6612
    4087       1.6923
    4088       1.6262
    4089       1.6841
    4090       1.7431
    4091       1.7414
    4092       1.8090
    4093       1.7470
    4094       1.6643
    4095       1.8091
    4096       1.9623
    4097       1.8424
    4098       1.7917
    4099       1.8323
    4100       1.7682
    4101       1.8243
    4102       1.7891
    4103       1.7806
    4104       1.7550
    4105       1.6747
    4106       1.9382
    4107       1.7854
    4108       1.7359
    4109       1.8173
    4110       1.6829
    4111       1.7359
    4112       1.7745
    4113       1.6600
    4114       1.7125
    4115       1.9188
    4116       1.8994
    4117       1.7181
    4118       1.6874
    4119       1.6710
    4120       1.5277
    4121       1.6410
    4122       1.6615
    4123       1.6612
    4124       1.7371
    4125       1.7483
    4126       1.6873
    4127       1.8077
    4128       1.7159
    4129       1.7179
    4130       1.8183
    4131       1.6384
    4132       1.7306
    4133       1.6599
    4134       1.6856
    4135       1.7330
    4136       1.8397
    4137       1.7256
    4138       1.6470
    4139       1.6062
    4140       1.5831
    4141       1.6744
    4142       1.6680
    4143       1.5898
    4144       1.4806
    4145       1.6128
    4146       1.4839
    4147       1.5953
    4148       1.5754
    4149       1.6013
    4150       1.5457
    4151       1.5247
    4152       1.5715
    4153       1.5496
    4154       1.4552
    4155       1.4496
    4156       1.5272
    4157       1.6020
    4158       1.5712
    4159       1.4772
    4160       1.4780
    4161       1.4755
    4162       1.5329
    4163       1.4884
    4164       1.5871
    4165       1.5477
    4166       1.4692
    4167       1.5917
    4168       1.6392
    4169       1.6645
    4170       1.6366
    4171       1.5239
    4172       1.4786
    4173       1.4745
    4174       1.6300
    4175       1.6499
    4176       1.6475
    4177       1.6949
    4178       1.7447
    4179       1.6727
    4180       1.7547
    4181       1.7974
    4182       1.6069
    4183       1.6787
    4184       1.6702
    4185       1.6067
    4186       1.6314
    4187       1.6679
    4188       1.7245
    4189       1.5949
    4190       1.5838
    4191       1.4632
    4192       1.5487
    4193       1.5556
    4194       1.6182
    4195       1.6577
    4196       1.6370
    4197       1.6744
    4198       1.7261
    4199       1.6979
    4200       1.7180
    4201       1.7576
    4202       1.6886
    4203       1.9355
    4204       1.9911
    4205       1.9346
    4206       2.0427
    4207       1.9345
    4208       1.7864
    4209       1.6207
    4210       1.6428
    4211       1.7193
    4212       1.7647
    4213       1.7703
    4214       1.8052
    4215       1.7097
    4216       1.7789
    4217       1.7873
    4218       1.8214
    4219       1.7111
    4220       1.8106
    4221       1.7315
    4222       1.7278
    4223       1.7892
    4224       1.7307
    4225       1.6932
    4226       1.8235
    4227       1.7445
    4228       1.7549
    4229       1.8150
    4230       1.7571
    4231       1.7672
    4232       1.8047
    4233       1.7250
    4234       1.6591
    4235       1.6950
    4236       1.6800
    4237       1.6680
    4238       1.6790
    4239       1.6670
    4240       1.6946
    4241       1.8400
    4242       1.8858
    4243       1.9778
    4244       1.9614
    4245       1.8681
    4246       1.7617
    4247       1.6612
    4248       1.7711
    4249       1.6867
    4250       1.7715
    4251       1.7312
    4252       1.7622
    4253       1.6455
    4254       1.6380
    4255       1.6855
    4256       1.6427
    4257       1.5886
    4258       1.6302
    4259       1.6125
    4260       1.6920
    4261       1.6394
    4262       1.7181
    4263       1.7202
    4264       1.8227
    4265       1.7905
    4266       1.7680
    4267       1.6872
    4268       1.7610
    4269       1.6106
    4270       1.7346
    4271       1.7609
    4272       1.7253
    4273       1.9292
    4274       1.7036
    4275       1.8862
    4276       1.6928
    4277       1.6923
    4278       1.7038
    4279       1.7564
    4280       1.6616
    4281       1.6405
    4282       1.6674
    4283       1.7197
    4284       1.7038
    4285       1.7576
    4286       1.7408
    4287       1.7659
    4288       1.6122
    4289       1.5665
    4290       1.7257
    4291       1.7181
    4292       1.6002
    4293       1.6057
    4294       1.4723
    4295       1.4526
    4296       1.4339
    4297       1.5111
    4298       1.5459
    4299       1.4539
    4300       1.5007
    4301       1.5005
    4302       1.5711
    4303       1.6056
    4304       1.5230
    4305       1.6025
    4306       1.5815
    4307       1.6223
    4308       1.8391
    4309       1.6856
    4310       1.7263
    4311       1.7538
    4312       1.6952
    4313       1.7739
    4314       1.7923
    4315       1.7610
    4316       1.6963
    4317       1.7524
    4318       1.8395
    4319       1.8583
    4320       1.8159
    4321       1.7591
    4322       1.6850
    4323       1.8735
    4324       1.7940
    4325       1.8556
    4326       1.8946
    4327       1.8096
    4328       1.7550
    4329       1.6855
    4330       1.5844
    4331       1.5537
    4332       1.5151
    4333       1.5474
    4334       1.6018
    4335       1.5380
    4336       1.5363
    4337       1.5587
    4338       1.5636
    4339       1.5427
    4340       1.5806
    4341       1.6261
    4342       1.5716
    4343       1.5713
    4344       1.5627
    4345       1.5632
    4346       1.6132
    4347       1.5517
    4348       1.4656
    4349       1.5471
    4350       1.5509
    4351       1.5728
    4352       1.6823
    4353       1.6517
    4354       1.7060
    4355       1.6057
    4356       1.6798
    4357       1.7600
    4358       1.7603
    4359       1.7114
    4360       1.6477
    4361       1.6742
    4362       1.7114
    4363       1.5668
    4364       1.4925
    4365       1.6884
    4366       1.7293
    4367       1.6232
    4368       1.7087
    4369       1.9098
    4370       1.8635
    4371       1.6678
    4372       1.6467
    4373       1.6884
    4374       1.8035
    4375       1.7723
    4376       1.6755
    4377       1.6354
    4378       1.6777
    4379       1.6415
    4380       1.6423
    4381       1.6886
    4382       1.6562
    4383       1.7674
    4384       1.7399
    4385       1.6236
    4386       1.7289
    4387       1.6535
    4388       1.6325
    4389       1.7472
    4390       1.7092
    4391       1.6557
    4392       1.5899
    4393       1.8079
    4394       1.7090
    4395       1.7853
    4396       1.7763
    4397       1.7537
    4398       1.8721
    4399       1.6990
    4400       1.5979
    4401       1.6491
    4402       1.6790
    4403       1.7309
    4404       1.6718
    4405       1.6484
    4406       1.7516
    4407       1.8282
    4408       1.6532
    4409       1.6049
    4410       1.6538
    4411       1.6556
    4412       1.6519
    4413       1.7746
    4414       1.7406
    4415       1.6295
    4416       1.6040
    4417       1.6155
    4418       1.7350
    4419       1.7600
    4420       1.7621
    4421       1.6635
    4422       1.5840
    4423       1.5525
    4424       1.6768
    4425       1.5095
    4426       1.5824
    4427       1.6188
    4428       1.7433
    4429       1.6397
    4430       1.5770
    4431       1.6197
    4432       1.5493
    4433       1.5483
    4434       1.6371
    4435       1.6272
    4436       1.5865
    4437       1.5977
    4438       1.6173
    4439       1.4924
    4440       1.5256
    4441       1.4799
    4442       1.4942
    4443       1.5132
    4444       1.5555
    4445       1.5386
    4446       1.5415
    4447       1.4724
    4448       1.5889
    4449       1.5962
    4450       1.6746
    4451       1.6406
    4452       1.6615
    4453       1.7169
    4454       1.7308
    4455       1.6713
    4456       1.6343
    4457       1.6201
    4458       1.6627
    4459       1.5946
    4460       1.6199
    4461       1.5575
    4462       1.4491
    4463       1.4774
    4464       1.5255
    4465       1.6169
    4466       1.6435
    4467       1.6394
    4468       1.6593
    4469       1.6390
    4470       1.7200
    4471       1.6558
    4472       1.6307
    4473       1.5709
    4474       1.6004
    4475       1.8006
    4476       1.6047
    4477       1.6390
    4478       1.6068
    4479       1.5305
    4480       1.5604
    4481       1.5379
    4482       1.5327
    4483       1.7036
    4484       1.7634
    4485       1.6942
    4486       1.7479
    4487       1.6680
    4488       1.6658
    4489       1.6584
    4490       1.6169
    4491       1.7202
    4492       1.7393
    4493       1.6643
    4494       1.6017
    4495       1.5735
    4496       1.6144
    4497       1.7321
    4498       1.6648
    4499       1.6498
    4500       1.7063
    4501       1.7474
    4502       1.6182
    4503       1.4524
    4504       1.5343
    4505       1.6558
    4506       1.7916
    4507       1.8793
    4508       1.7653
    4509       1.7121
    4510       1.7807
    4511       1.6690
    4512       1.7293
    4513       1.7089
    4514       1.5354
    4515       1.5996
    4516       1.6467
    4517       1.6306
    4518       1.7504
    4519       1.7503
    4520       1.7274
    4521       1.6860
    4522       1.7061
    4523       1.6884
    4524       1.7787
    4525       1.6452
    4526       1.5198
    4527       1.5731
    4528       1.6570
    4529       1.6188
    4530       1.6451
    4531       1.7291
    4532       1.8889
    4533       2.0209
    4534       2.0017
    4535       1.7680
    4536       1.6159
    4537       1.7761
    4538       1.7441
    4539       1.8133
    4540       1.7253
    4541       1.8429
    4542       1.7415
    4543       1.6491
    4544       1.7128
    4545       1.7183
    4546       1.6300
    4547       1.6542
    4548       1.6422
    4549       1.5946
    4550       1.5766
    4551       1.5487
    4552       1.6744
    4553       1.6624
    4554       1.8003
    4555       1.6585
    4556       1.9524
    4557       1.8663
    4558       1.8657
    4559       1.8269
    4560       1.6877
    4561       1.7758
    4562       1.7870
    4563       1.7475
    4564       1.8006
    4565       1.7770
    4566       1.6850
    4567       1.6352
    4568       1.5221
    4569       1.7704
    4570       1.6031
    4571       1.5989
    4572       1.6469
    4573       1.5803
    4574       1.6954
    4575       1.6323
    4576       1.5061
    4577       1.5748
    4578       1.6441
    4579       1.7148
    4580       1.6642
    4581       1.6344
    4582       1.6651
    4583       1.6721
    4584       1.6995
    4585       1.7352
    4586       1.7201
    4587       1.6784
    4588       1.6970
    4589       1.8705
    4590       1.7593
    4591       1.7315
    4592       1.7007
    4593       1.7674
    4594       1.9414
    4595       1.8394
    4596       2.0523
    4597       1.9362
    4598       2.0324
    4599       2.0135
    4600       1.8855
    4601       1.8967
    4602       1.9691
    4603       1.9327
    4604       1.8504
    4605       1.9598
    4606       2.0620
    4607       1.9802
    4608       1.9753
    4609       1.9426
    4610       1.8978
    4611       1.7718
    4612       1.7381
    4613       1.8860
    4614       1.7256
    4615       1.7685
    4616       1.6696
    4617       1.7280
    4618       1.6850
    4619       1.7737
    4620       1.6387
    4621       1.7407
    4622       1.8198
    4623       1.9316
    4624       2.0076
    4625       1.8593
    4626       1.8969
    4627       1.8809
    4628       1.8245
    4629       1.7662
    4630       1.8356
    4631       1.7768
    4632       1.8957
    4633       1.6574
    4634       1.5592
    4635       1.4936
    4636       1.5828
    4637       1.6711
    4638       1.7178
    4639       1.8300
    4640       1.7472
    4641       1.8198
    4642       1.7103
    4643       1.6482
    4644       1.7333
    4645       1.6977
    4646       1.6026
    4647       1.6606
    4648       1.6366
    4649       1.5556
    4650       1.4871
    4651       1.5138
    4652       1.5869
    4653       1.6306
    4654       1.6499
    4655       1.6803
    4656       1.5727
    4657       1.6070
    4658       1.5765
    4659       1.6114
    4660       1.4859
    4661       1.6223
    4662       1.5924
    4663       1.5383
    4664       1.5371
    4665       1.5108
    4666       1.4799
    4667       1.4840
    4668       1.5998
    4669       1.5680
    4670       1.4908
    4671       1.5564
    4672       1.6136
    4673       1.5742
    4674       1.5783
    4675       1.5144
    4676       1.3913
    4677       1.5438
    4678       1.5421
    4679       1.5189
    4680       1.5384
    4681       1.5198
    4682       1.4148
    4683       1.5059
    4684       1.4980
    4685       1.5080
    4686       1.5176
    4687       1.6301
    4688       1.6549
    4689       1.4925
    4690       1.6123
    4691       1.6212
    4692       1.6302
    4693       1.7560
    4694       1.6377
    4695       1.6535
    4696       1.7138
    4697       1.6352
    4698       1.6556
    4699       1.5984
    4700       1.6232
    4701       1.6533
    4702       1.6057
    4703       1.5437
    4704       1.6608
    4705       1.6572
    4706       1.6476
    4707       1.6993
    4708       1.5743
    4709       1.5886
    4710       1.7546
    4711       1.5361
    4712       1.5031
    4713       1.5803
    4714       1.5405
    4715       1.5809
    4716       1.6335
    4717       1.5818
    4718       1.5712
    4719       1.6226
    4720       1.6265
    4721       1.6303
    4722       1.5862
    4723       1.5337
    4724       1.5963
    4725       1.6213
    4726       1.5841
    4727       1.5891
    4728       1.5941
    4729       1.6101
    4730       1.6196
    4731       1.6083
    4732       1.6283
    4733       1.6276
    4734       1.5264
    4735       1.6010
    4736       1.6594
    4737       1.5768
    4738       1.5673
    4739       1.6808
    4740       1.6548
    4741       1.5204
    4742       1.5567
    4743       1.4311
    4744       1.5613
    4745       1.6257
    4746       1.5881
    4747       1.6150
    4748       1.6743
    4749       1.5812
    4750       1.6304
    4751       1.6215
    4752       1.5886
    4753       1.5851
    4754       1.6414
    4755       1.5482
    4756       1.4936
    4757       1.5145
    4758       1.6306
    4759       1.6777
    4760       1.5659
    4761       1.7073
    4762       1.6988
    4763       1.5517
    4764       1.6320
    4765       1.5270
    4766       1.5532
    4767       1.5492
    4768       1.4773
    4769       1.5144
    4770       1.4677
    4771       1.6457
    4772       1.5594
    4773       1.6495
    4774       1.5877
    4775       1.6684
    4776       1.7519
    4777       1.6370
    4778       1.6001
    4779       1.6323
    4780       1.6311
    4781       1.3755
    4782       1.4611
    4783       1.4896
    4784       1.5741
    4785       1.5388
    4786       1.5519
    4787       1.4905
    4788       1.4556
    4789       1.5060
    4790       1.4845
    4791       1.4573
    4792       1.4870
    4793       1.5099
    4794       1.4667
    4795       1.3637
    4796       1.4919
    4797       1.4779
    4798       1.4694
    4799       1.4361
    4800       1.3643
    4801       1.4971
    4802       1.4905
    4803       1.6164
    4804       1.7233
    4805       1.7647
    4806       1.7503
    4807       1.7114
    4808       1.8466
    4809       1.7428
    4810       1.6963
    4811       1.7370
    4812       1.6964
    4813       1.6367
    4814       1.5142
    4815       1.6018
    4816       1.6668
    4817       1.7065
    4818       1.6915
    4819       1.7159
    4820       1.7519
    4821       1.7455
    4822       1.8147
    4823       1.6224
    4824       1.5599
    4825       1.6735
    4826       1.7190
    4827       1.7270
    4828       1.6305
    4829       1.7212
    4830       1.6075
    4831       1.6951
    4832       1.5610
    4833       1.6344
    4834       1.7691
    4835       1.7544
    4836       1.6081
    4837       1.7058
    4838       1.7231
    4839       1.6171
    4840       1.5874
    4841       1.6198
    4842       1.5198
    4843       1.5324
    4844       1.5114
    4845       1.5000
    4846       1.4820
    4847       1.5638
    4848       1.5738
    4849       1.6070
    4850       1.5429
    4851       1.6693
    4852       1.5612
    4853       1.5755
    4854       1.7409
    4855       1.8644
    4856       1.7063
    4857       1.5782
    4858       1.6255
    4859       1.6382
    4860       1.7019
    4861       1.6276
    4862       1.5615
    4863       1.5696
    4864       1.6113
    4865       1.5586
    4866       1.5700
    4867       1.5209
    4868       1.5404
    4869       1.6161
    4870       1.8005
    4871       1.8091
    4872       1.8448
    4873       2.0310
    4874       2.1635
    4875       1.8789
    4876       1.8234
    4877       1.6720
    4878       1.6265
    4879       1.6169
    4880       1.7034
    4881       1.7488
    4882       1.7767
    4883       1.9496
    4884       1.9107
    4885       1.8895
    4886       1.8559
    4887       1.7489
    4888       1.7294
    4889       1.7368
    4890       1.7797
    4891       1.6610
    4892       1.6089
    4893       1.6056
    4894       1.6491
    4895       1.6896
    4896       1.6442
    4897       1.6261
    4898       1.5122
    4899       1.6410
    4900       1.7396
    4901       1.7192
    4902       1.7088
    4903       1.7423
    4904       1.6673
    4905       1.5670
    4906       1.6539
    4907       1.6991
    4908       1.8268
    4909       1.6834
    4910       1.8524
    4911       2.0279
    4912       2.3167
    4913       2.2389
    4914       1.9564
    4915       2.0311
    4916       1.9167
    4917       1.9186
    4918       2.0436
    4919       2.0257
    4920       2.0421
    4921       1.9023
    4922       1.8909
    4923       1.6832
    4924       1.7454
    4925       1.6706
    4926       1.6898
    4927       1.7505
    4928       1.6579
    4929       1.5769
    4930       1.5995
    4931       1.4532
    4932       1.5583
    4933       1.6285
    4934       1.6012
    4935       1.7196
    4936       1.7634
    4937       1.6992
    4938       1.7105
    4939       1.6524
    4940       1.5998
    4941       1.6497
    4942       1.5871
    4943       1.5181
    4944       1.6965
    4945       1.6888
    4946       1.7569
    4947       1.7943
    4948       1.5660
    4949       1.4946
    4950       1.5004
    4951       1.5617
    4952       1.4096
    4953       1.4802
    4954       1.5285
    4955       1.5122
    4956       1.4606
    4957       1.4033
    4958       1.5623
    4959       1.5076
    4960       1.4864
    4961       1.4529
    4962       1.4768
    4963       1.4791
    4964       1.5309
    4965       1.5491
    4966       1.6615
    4967       1.6337
    4968       1.5617
    4969       1.5770
    4970       1.5521
    4971       1.5914
    4972       1.6095
    4973       1.5582
    4974       1.6207
    4975       1.6429
    4976       1.4208
    4977       1.4008
    4978       1.4340
    4979       1.4868
    4980       1.3647
    4981       1.3936
    4982       1.4463
    4983       1.5313
    4984       1.5297
    4985       1.4681
    4986       1.4993
    4987       1.4412
    4988       1.4307
    4989       1.4916
    4990       1.3637
    4991       1.4572
    4992       1.4338
    4993       1.4092
    4994       1.5104
    4995       1.3689
    4996       1.4562
    4997       1.5266
    4998       1.5269
    4999       1.3907
    5000       1.3417
    5001       1.2683
    5002       1.3422
    5003       1.2774
    5004       1.2519
    5005       1.4191
    5006       1.3711
    5007       1.2290
    5008       1.3220
    5009       1.2410
    5010       1.3158
    5011       1.3479
    5012       1.3634
    5013       1.3712
    5014       1.3188
    5015       1.2729
    5016       1.3844
    5017       1.2766
    5018       1.3674
    5019       1.3256
    5020       1.4683
    5021       1.3467
    5022       1.3838
    5023       1.4949
    5024       1.4552
    5025       1.3370
    5026       1.2998
    5027       1.3863
    5028       1.3359
    5029       1.4539
    5030       1.5408
    5031       1.5379
    5032       1.4683
    5033       1.5851
    5034       1.5625
    5035       1.5511
    5036       1.6482
    5037       1.6186
    5038       1.5871
    5039       1.5760
    5040       1.5047
    5041       1.5949
    5042       1.7347
    5043       1.7322
    5044       1.6353
    5045       1.4906
    5046       1.4738
    5047       1.6070
    5048       1.5793
    5049       1.3765
    5050       1.3919
    5051       1.4605
    5052       1.4138
    5053       1.3376
    5054       1.3741
    5055       1.3344
    5056       1.4049
    5057       1.3625
    5058       1.4286
    5059       1.3304
    5060       1.3606
    5061       1.3701
    5062       1.3228
    5063       1.3698
    5064       1.6233
    5065       1.5746
    5066       1.5523
    5067       1.6310
    5068       1.6257
    5069       1.7247
    5070       1.7311
    5071       1.5601
    5072       1.6344
    5073       1.7102
    5074       1.7699
    5075       1.6977
    5076       1.7082
    5077       1.8174
    5078       1.7990
    5079       1.7324
    5080       1.6315
    5081       1.5767
    5082       1.6340
    5083       1.6360
    5084       1.5274
    5085       1.5594
    5086       1.5320
    5087       1.5120
    5088       1.5547
    5089       1.5608
    5090       1.6780
    5091       1.6796
    5092       1.8466
    5093       1.8443
    5094       1.8373
    5095       1.8368
    5096       1.8366
    5097       2.0124
    5098       1.8612
    5099       1.7953
    5100       1.9186
    5101       1.8635
    5102       1.9031
    5103       1.8783
    5104       1.8643
    5105       1.8003
    5106       1.7508
    5107       1.7710
    5108       1.8027
    5109       1.6691
    5110       1.6955
    5111       1.6715
    5112       1.6596
    5113       1.6427
    5114       1.6656
    5115       1.6509
    5116       1.6055
    5117       1.6928
    5118       1.6042
    5119       1.5180
    5120       1.6240
    5121       1.6617
    5122       1.6596
    5123       1.5995
    5124       1.7193
    5125       1.6346
    5126       1.6550
    5127       1.5288
    5128       1.5605
    5129       1.6111
    5130       1.5901
    5131       1.6173
    5132       1.6973
    5133       1.6279
    5134       1.5498
    5135       1.5330
    5136       1.6019
    5137       1.6684
    5138       1.7153
    5139       1.6405
    5140       1.6462
    5141       1.5716
    5142       1.6008
    5143       1.5969
    5144       1.5676
    5145       1.4784
    5146       1.6097
    5147       1.5479
    5148       1.6037
    5149       1.6690
    5150       1.6978
    5151       1.5754
    5152       1.5873
    5153       1.6238
    5154       1.6621
    5155       1.5870
    5156       1.6298
    5157       1.6901
    5158       1.6058
    5159       1.6474
    5160       1.6431
    5161       1.7061
    5162       1.7170
    5163       1.7039
    5164       1.7400
    5165       1.7395
    5166       1.8252
    5167       1.8356
    5168       1.6952
    5169       1.7800
    5170       1.8058
    5171       1.6698
    5172       1.6057
    5173       1.6900
    5174       1.6128
    5175       1.6135
    5176       1.5604
    5177       1.6818
    5178       1.7486
    5179       1.6283
    5180       1.5652
    5181       1.6290
    5182       1.6271
    5183       1.6309
    5184       1.7264
    5185       1.6825
    5186       1.7304
    5187       1.6183
    5188       1.6365
    5189       1.5398
    5190       1.6098
    5191       1.5380
    5192       1.5664
    5193       1.5644
    5194       1.6835
    5195       1.6818
    5196       1.5092
    5197       1.5734
    5198       1.6013
    5199       1.6264
    5200       1.5965
    5201       1.7264
    5202       1.6786
    5203       1.7445
    5204       1.6332
    5205       1.6888
    5206       1.7125
    5207       1.7952
    5208       1.7444
    5209       1.7606
    5210       1.7845
    5211       1.7822
    5212       1.8298
    5213       1.7340
    5214       1.5664
    5215       1.6279
    5216       1.6000
    5217       1.6724
    5218       1.7431
    5219       1.7976
    5220       1.7716
    5221       1.6464
    5222       1.7013
    5223       1.5707
    5224       1.5945
    5225       1.5656
    5226       1.6069
    5227       1.5903
    5228       1.5168
    5229       1.5911
    5230       1.6076
    5231       1.5454
    5232       1.6779
    5233       1.6697
    5234       1.6422
    5235       1.6165
    5236       1.5242
    5237       1.5175
    5238       1.6192
    5239       1.6432
    5240       1.6531
    5241       1.6784
    5242       1.6379
    5243       1.6564
    5244       1.5013
    5245       1.6367
    5246       1.6205
    5247       1.6173
    5248       1.6337
    5249       1.7366
    5250       1.7650
    5251       1.8454
    5252       1.7137
    5253       1.6463
    5254       1.7584
    5255       1.7356
    5256       1.7329
    5257       1.7434
    5258       1.6860
    5259       1.6963
    5260       1.7498
    5261       1.6885
    5262       1.7061
    5263       1.8259
    5264       1.8038
    5265       1.6573
    5266       1.7598
    5267       1.7030
    5268       1.7762
    5269       1.8804
    5270       1.8580
    5271       1.7937
    5272       1.8818
    5273       1.8340
    5274       1.8174
    5275       1.8965
    5276       1.9569
    5277       1.9110
    5278       1.8128
    5279       1.8028
    5280       1.9395
    5281       1.9694
    5282       1.8285
    5283       1.7751
    5284       2.0855
    5285       1.9679
    5286       1.9995
    5287       1.9220
    5288       1.8294
    5289       2.0025
    5290       1.9310
    5291       1.9989
    5292       2.0100
    5293       2.1646
    5294       2.2539
    5295       2.1136
    5296       2.1691
    5297       2.1836
    5298       2.1507
    5299       2.1622
    5300       2.2955
    5301       2.4071
    5302       2.4246
    5303       2.3850
    5304       2.3909
    5305       2.3489
    5306       2.2471
    5307       2.1571
    5308       2.2596
    5309       2.2188
    5310       2.1870
    5311       2.0056
    5312       2.1221
    5313       2.1166
    5314       1.9812
    5315       2.0498
    5316       1.8180
    5317       1.8572
    5318       1.9746
    5319       1.9261
    5320       2.0065
    5321       1.9782
    5322       1.8689
    5323       1.7628
    5324       1.9446
    5325       1.9417
    5326       2.0403
    5327       1.9400
    5328       1.9695
    5329       1.8755
    5330       1.9039
    5331       1.8019
    5332       1.8663
    5333       1.8174
    5334       1.7272
    5335       1.9317
    5336       1.7620
    5337       1.7177
    5338       1.7282
    5339       1.7646
    5340       1.6607
    5341       1.6806
    5342       1.7150
    5343       1.8335
    5344       1.7052
    5345       1.8746
    5346       1.7851
    5347       1.8282
    5348       1.9378
    5349       1.8698
    5350       1.7950
    5351       1.7775
    5352       1.7313
    5353       1.9484
    5354       1.9550
    5355       1.8679
    5356       2.0184
    5357       1.9674
    5358       1.7809
    5359       1.8485
    5360       1.8422
    5361       1.8762
    5362       1.9139
    5363       2.0493
    5364       2.1725
    5365       2.1806
    5366       2.1026
    5367       2.3960
    5368       2.2834
    5369       2.3259
    5370       2.3030
    5371       2.4311
    5372       2.3353
    5373       2.4658
    5374       2.4140
    5375       2.4415
    5376       2.4111
    5377       2.2751
    5378       2.2680
    5379       2.2568
    5380       2.3563
    5381       2.3671
    5382       2.3960
    5383       2.5207
    5384       2.6152
    5385       2.4890
    5386       2.6254
    5387       2.4667
    5388       2.4076
    5389       2.3633
    5390       2.3367
    5391       2.5903
    5392       2.7983
    5393       2.6263
    5394       2.6719
    5395       2.7447
    5396       2.7489
    5397       2.6681
    5398       2.5650
    5399       2.4579
    5400       2.4188
    5401       2.4276
    5402       2.6387
    5403       2.5739
    5404       2.6791
    5405       2.5290
    5406       2.5274
    5407       2.6296
    5408       2.6609
    5409       2.6452
    5410       2.7446
    5411       2.6054
    5412       2.5171
    5413       2.5820
    5414       2.3773
    5415       2.5237
    5416       2.4191
    5417       2.5105
    5418       2.4337
    5419       2.3118
    5420       2.3541
    5421       2.2797
    5422       2.3251
    5423       2.1806
    5424       2.4280
    5425       2.2114
    5426       2.1393
    5427       2.0172
    5428       2.0792
    5429       2.1661
    5430       2.2201
    5431       2.1829
    5432       2.1357
    5433       2.1248
    5434       2.1348
    5435       1.9609
    5436       1.8797
    5437       1.8778
    5438       1.8972
    5439       1.8576
    5440       1.8983
    5441       1.8285
    5442       1.8094
    5443       1.7616
    5444       1.7216
    5445       1.6956
    5446       1.7747
    5447       1.8658
    5448       1.7675
    5449       1.7802
    5450       1.7900
    5451       1.8886
    5452       1.8631
    5453       1.7610
    5454       1.7137
    5455       1.8833
    5456       1.9671
    5457       1.8365
    5458       1.8505
    5459       1.9092
    5460       1.7953
    5461       1.7802
    5462       1.7524
    5463       1.6840
    5464       1.6893
    5465       1.6752
    5466       1.7197
    5467       1.5458
    5468       1.6763
    5469       1.6564
    5470       1.6058
    5471       1.6651
    5472       1.9024
    5473       1.9429
    5474       1.9430
    5475       1.8577
    5476       1.7687
    5477       1.7880
    5478       1.8246
    5479       1.7403
    5480       1.6589
    5481       1.5830
    5482       1.6716
    5483       1.7086
    5484       1.7328
    5485       1.6781
    5486       1.6929
    5487       1.6759
    5488       1.6457
    5489       1.6333
    5490       1.6910
    5491       1.6123
    5492       1.6228
    5493       1.6819
    5494       1.6132
    5495       1.7885
    5496       1.7225
    5497       1.7713
    5498       1.8215
    5499       1.8165
    5500       1.7454
    5501       1.5485
    5502       1.5141
    5503       1.5828
    5504       1.7295
    5505       1.7006
    5506       1.6813
    5507       1.6202
    5508       1.5083
    5509       1.6151
    5510       1.5843
    5511       1.6749
    5512       1.7413
    5513       1.7638
    5514       1.7946
    5515       1.7323
    5516       1.7181
    5517       1.6967
    5518       1.6978
    5519       1.7205
    5520       1.5611
    5521       1.6351
    5522       1.5205
    5523       1.5765
    5524       1.6909
    5525       1.6787
    5526       1.7116
    5527       1.5741
    5528       1.6572
    5529       1.5632
    5530       1.5938
    5531       1.6178
    5532       1.5974
    5533       1.6354
    5534       1.6917
    5535       1.6900
    5536       1.6392
    5537       1.6361
    5538       1.5680
    5539       1.5701
    5540       1.5538
    5541       1.5837
    5542       1.6094
    5543       1.7015
    5544       1.6397
    5545       1.6283
    5546       1.6324
    5547       1.5689
    5548       1.6242
    5549       1.6011
    5550       1.5970
    5551       1.6212
    5552       1.6328
    5553       1.6610
    5554       1.6969
    5555       1.6945
    5556       1.5886
    5557       1.6665
    5558       1.6525
    5559       1.5402
    5560       1.6437
    5561       1.6671
    5562       1.6266
    5563       1.8035
    5564       1.6939
    5565       1.5935
    5566       1.5551
    5567       1.5497
    5568       1.6035
    5569       1.6769
    5570       1.6312
    5571       1.6022
    5572       1.5407
    5573       1.5559
    5574       1.6705
    5575       1.5324
    5576       1.5588
    5577       1.5454
    5578       1.6685
    5579       1.5228
    5580       1.5738
    5581       1.6608
    5582       1.5206
    5583       1.5495
    5584       1.6096
    5585       1.4707
    5586       1.4471
    5587       1.4300
    5588       1.4776
    5589       1.5398
    5590       1.5144
    5591       1.4317
    5592       1.4485
    5593       1.5219
    5594       1.5000
    5595       1.5344
    5596       1.4623
    5597       1.5448
    5598       1.6070
    5599       1.6018
    5600       1.5655
    5601       1.4734
    5602       1.5099
    5603       1.4636
    5604       1.5573
    5605       1.5122
    5606       1.4948
    5607       1.4242
    5608       1.4994
    5609       1.5589
    5610       1.6716
    5611       1.6541
    5612       1.6333
    5613       1.6925
    5614       1.6205
    5615       1.5754
    5616       1.5142
    5617       1.6104
    5618       1.5250
    5619       1.5643
    5620       1.5235
    5621       1.6452
    5622       1.5262
    5623       1.6217
    5624       1.5682
    5625       1.6529
    5626       1.5448
    5627       1.5210
    5628       1.5481
    5629       1.5574
    5630       1.5283
    5631       1.5417
    5632       1.6295
    5633       1.6285
    5634       1.6468
    5635       1.6090
    5636       1.6522
    5637       1.7037
    5638       1.6256
    5639       1.6689
    5640       1.6613
    5641       1.6642
    5642       1.6302
    5643       1.5825
    5644       1.5372
    5645       1.5388
    5646       1.4884
    5647       1.5184
    5648       1.4878
    5649       1.6107
    5650       1.6260
    5651       1.5898
    5652       1.6227
    5653       1.6932
    5654       1.6252
    5655       1.6782
    5656       1.5876
    5657       1.6453
    5658       1.6525
    5659       1.6366
    5660       1.5929
    5661       1.6129
    5662       1.6273
    5663       1.5412
    5664       1.5703
    5665       1.6776
    5666       1.7770
    5667       1.7475
    5668       1.6418
    5669       1.6942
    5670       1.7421
    5671       1.6137
    5672       1.6810
    5673       1.6473
    5674       1.6212
    5675       1.7345
    5676       1.6404
    5677       1.7533
    5678       1.7148
    5679       1.7484
    5680       1.6096
    5681       1.5288
    5682       1.5698
    5683       1.5561
    5684       1.6025
    5685       1.5658
    5686       1.5723
    5687       1.5861
    5688       1.5063
    5689       1.5137
    5690       1.5646
    5691       1.5203
    5692       1.5140
    5693       1.5814
    5694       1.5959
    5695       1.6008
    5696       1.5940
    5697       1.6583
    5698       1.6510
    5699       1.7461
    5700       1.6968
    5701       1.7467
    5702       1.7863
    5703       1.6923
    5704       1.5817
    5705       1.7075
    5706       1.7487
    5707       1.9099
    5708       1.7479
    5709       1.8100
    5710       1.7137
    5711       1.6804
    5712       1.7368
    5713       1.6781
    5714       1.7260
    5715       1.6488
    5716       1.5856
    5717       1.7955
    5718       1.7441
    5719       1.8252
    5720       1.8694
    5721       1.8128
    5722       1.8495
    5723       1.7685
    5724       1.6955
    5725       1.5850
    5726       1.5927
    5727       1.5507
    5728       1.5509
    5729       1.4585
    5730       1.6071
    5731       1.6204
    5732       1.6241
    5733       1.6010
    5734       1.6334
    5735       1.5776
    5736       1.5799
    5737       1.5742
    5738       1.4392
    5739       1.5827
    5740       1.5563
    5741       1.5762
    5742       1.6288
    5743       1.5770
    5744       1.5344
    5745       1.5861
    5746       1.4856
    5747       1.5580
    5748       1.6102
    5749       1.6441
    5750       1.5333
    5751       1.4409
    5752       1.5895
    5753       1.6683
    5754       1.4868
    5755       1.5296
    5756       1.5802
    5757       1.5393
    5758       1.5983
    5759       1.5103
    5760       1.5951
    5761       1.6122
    5762       1.5676
    5763       1.5324
    5764       1.5525
    5765       1.5553
    5766       1.4735
    5767       1.5161
    5768       1.5932
    5769       1.5118
    5770       1.5731
    5771       1.4566
    5772       1.5063
    5773       1.4455
    5774       1.5565
    5775       1.5905
    5776       1.6951
    5777       1.8029
    5778       1.7569
    5779       1.6952
    5780       1.8840
    5781       2.0225
    5782       1.9866
    5783       1.9884
    5784       2.0660
    5785       2.0729
    5786       2.1365
    5787       2.1717
    5788       2.1304
    5789       2.2277
    5790       2.2032
    5791       2.1284
    5792       2.1104
    5793       2.0991
    5794       2.1987
    5795       2.3933
    5796       2.1644
    5797       2.1760
    5798       2.2660
    5799       2.1333
    5800       2.0579
    5801       2.2240
    5802       2.0700
    5803       2.0934
    5804       2.0495
    5805       2.0948
    5806       2.0933
    5807       2.0174
    5808       1.9444
    5809       1.8007
    5810       1.9063
    5811       1.8763
    5812       1.7476
    5813       1.6670
    5814       1.7118
    5815       1.6794
    5816       1.6683
    5817       1.6463
    5818       1.6984
    5819       1.5804
    5820       1.6359
    5821       1.6399
    5822       1.5415
    5823       1.5799
    5824       1.3870
    5825       1.5080
    5826       1.3749
    5827       1.3794
    5828       1.4648
    5829       1.4258
    5830       1.5169
    5831       1.4438
    5832       1.4268
    5833       1.4393
    5834       1.5177
    5835       1.5883
    5836       1.5363
    5837       1.5834
    5838       1.5741
    5839       1.5776
    5840       1.7283
    5841       1.8341
    5842       1.7900
    5843       1.7022
    5844       1.6516
    5845       1.7422
    5846       1.7133
    5847       1.5470
    5848       1.4735
    5849       1.3555
    5850       1.4866
    5851       1.4868
    5852       1.6097
    5853       1.4779
    5854       1.4630
    5855       1.4516
    5856       1.5687
    5857       1.6636
    5858       1.6291
    5859       1.6118
    5860       1.6411
    5861       1.5191
    5862       1.6047
    5863       1.5255
    5864       1.5849
    5865       1.5689
    5866       1.5988
    5867       1.7430
    5868       1.7346
    5869       1.7483
    5870       1.6742
    5871       1.5959
    5872       1.6213
    5873       1.6702
    5874       1.5872
    5875       1.6688
    5876       1.6401
    5877       1.8260
    5878       1.7068
    5879       1.7231
    5880       1.5778
    5881       1.7128
    5882       1.6289
    5883       1.6704
    5884       1.6356
    5885       1.6172
    5886       1.6228
    5887       1.6473
    5888       1.6054
    5889       1.5562
    5890       1.6887
    5891       1.7085
    5892       1.6803
    5893       1.6682
    5894       1.7662
    5895       1.7291
    5896       1.8431
    5897       1.9502
    5898       1.8001
    5899       1.6649
    5900       1.8272
    5901       1.7471
    5902       1.7876
    5903       1.8009
    5904       1.8465
    5905       1.9072
    5906       2.0702
    5907       2.0443
    5908       2.1029
    5909       2.1161
    5910       1.9872
    5911       1.9305
    5912       1.8919
    5913       1.8693
    5914       1.8150
    5915       1.7754
    5916       1.6769
    5917       1.7127
    5918       1.5486
    5919       1.5859
    5920       1.7795
    5921       1.6926
    5922       1.7242
    5923       1.7474
    5924       1.8179
    5925       1.8218
    5926       1.6972
    5927       1.7512
    5928       1.6577
    5929       1.7301
    5930       1.7714
    5931       1.8975
    5932       1.9627
    5933       1.8280
    5934       1.7611
    5935       1.7436
    5936       1.7177
    5937       1.7342
    5938       1.6823
    5939       1.5891
    5940       1.6508
    5941       1.7457
    5942       1.7474
    5943       1.5518
    5944       1.5732
    5945       1.5888
    5946       1.4409
    5947       1.4553
    5948       1.4958
    5949       1.4648
    5950       1.5445
    5951       1.5939
    5952       1.5667
    5953       1.6009
    5954       1.5362
    5955       1.3321
    5956       1.4951
    5957       1.5783
    5958       1.6561
    5959       1.6905
    5960       1.7283
    5961       1.6359
    5962       1.5136
    5963       1.5954
    5964       1.6060
    5965       1.6501
    5966       1.5449
    5967       1.5270
    5968       1.5533
    5969       1.6005
    5970       1.5496
    5971       1.6916
    5972       1.7990
    5973       1.9025
    5974       1.7246
    5975       1.7205
    5976       1.7234
    5977       1.5979
    5978       1.6005
    5979       1.6254
    5980       1.6923
    5981       1.7145
    5982       1.7221
    5983       1.6490
    5984       1.5370
    5985       1.5028
    5986       1.5506
    5987       1.5036
    5988       1.5546
    5989       1.5493
    5990       1.5725
    5991       1.5209
    5992       1.6492
    5993       1.6733
    5994       1.7338
    5995       1.5604
    5996       1.6044
    5997       1.5797
    5998       1.6229
    5999       1.5929
    6000       1.4980
    6001       1.5295
    6002       1.4258
    6003       1.5006
    6004       1.5676
    6005       1.5630
    6006       1.4613
    6007       1.4943
    6008       1.4855
    6009       1.4579
    6010       1.4551
    6011       1.4149
    6012       1.4180
    6013       1.3600
    6014       1.4288
    6015       1.4173
    6016       1.3868
    6017       1.3860
    6018       1.4136
    6019       1.4482
    6020       1.6422
    6021       1.4090
    6022       1.4125
    6023       1.4695
    6024       1.4898
    6025       1.4610
    6026       1.3739
    6027       1.4738
    6028       1.4667
    6029       1.5059
    6030       1.5162
    6031       1.4637
    6032       1.4105
    6033       1.5165
    6034       1.4067
    6035       1.5229
    6036       1.4728
    6037       1.4943
    6038       1.5474
    6039       1.5407
    6040       1.6078
    6041       1.6005
    6042       1.5082
    6043       1.5788
    6044       1.6212
    6045       1.5342
    6046       1.4998
    6047       1.5719
    6048       1.5114
    6049       1.5269
    6050       1.5414
    6051       1.5177
    6052       1.4978
    6053       1.5335
    6054       1.4683
    6055       1.4664
    6056       1.6010
    6057       1.6623
    6058       1.6732
    6059       1.5695
    6060       1.6148
    6061       1.5570
    6062       1.5216
    6063       1.5158
    6064       1.4720
    6065       1.6019
    6066       1.7181
    6067       1.7383
    6068       1.8904
    6069       1.8249
    6070       1.8152
    6071       1.7929
    6072       1.7414
    6073       1.6943
    6074       1.7202
    6075       1.7282
    6076       1.6852
    6077       1.6881
    6078       1.7006
    6079       1.7688
    6080       1.7826
    6081       1.7110
    6082       1.7749
    6083       1.7948
    6084       1.7215
    6085       1.7950
    6086       1.6788
    6087       1.6077
    6088       1.5820
    6089       1.5331
    6090       1.4948
    6091       1.5455
    6092       1.5239
    6093       1.4587
    6094       1.4088
    6095       1.4191
    6096       1.4387
    6097       1.4523
    6098       1.4945
    6099       1.4100
    6100       1.4358
    6101       1.4011
    6102       1.3979
    6103       1.3875
    6104       1.3828
    6105       1.3951
    6106       1.3737
    6107       1.4937
    6108       1.4285
    6109       1.4800
    6110       1.4152
    6111       1.3677
    6112       1.4664
    6113       1.3125
    6114       1.4216
    6115       1.4061
    6116       1.3619
    6117       1.2888
    6118       1.2837
    6119       1.4257
    6120       1.3709
    6121       1.3752
    6122       1.5501
    6123       1.6211
    6124       1.3600
    6125       1.4980
    6126       1.6304
    6127       1.5482
    6128       1.5019
    6129       1.3137
    6130       1.3729
    6131       1.3805
    6132       1.3633
    6133       1.3708
    6134       1.4336
    6135       1.5168
    6136       1.4284
    6137       1.4372
    6138       1.4451
    6139       1.4492
    6140       1.4032
    6141       1.4384
    6142       1.4903
    6143       1.4929
    6144       1.4111
    6145       1.4670
    6146       1.3650
    6147       1.3983
    6148       1.5101
    6149       1.4046
    6150       1.3260
    6151       1.3707
    6152       1.4040
    6153       1.4001
    6154       1.4108
    6155       1.4736
    6156       1.4646
    6157       1.4899
    6158       1.5154
    6159       1.5273
    6160       1.5528
    6161       1.3845
    6162       1.4919
    6163       1.5073
    6164       1.6242
    6165       1.7128
    6166       1.5975
    6167       1.5056
    6168       1.5582
    6169       1.5983
    6170       1.6001
    6171       1.6144
    6172       1.5742
    6173       1.6785
    6174       1.7016
    6175       1.5437
    6176       1.5276
    6177       1.6174
    6178       1.6907
    6179       1.5378
    6180       1.6395
    6181       1.6900
    6182       1.7277
    6183       1.6356
    6184       1.6412
    6185       1.5763
    6186       1.4594
    6187       1.5364
    6188       1.6712
    6189       1.5806
    6190       1.7440
    6191       1.7472
    6192       1.8041
    6193       1.7344
    6194       1.7504
    6195       1.6615
    6196       1.7779
    6197       1.7096
    6198       1.6453
    6199       1.6190
    6200       1.5864
    6201       1.7376
    6202       1.7177
    6203       1.7327
    6204       1.6456
    6205       1.6083
    6206       1.6541
    6207       1.5981
    6208       1.5849
    6209       1.5958
    6210       1.6276
    6211       1.6852
    6212       1.7063
    6213       1.6141
    6214       1.6133
    6215       1.6594
    6216       1.6538
    6217       1.6754
    6218       1.7237
    6219       1.7145
    6220       1.7855
    6221       1.7448
    6222       1.6285
    6223       1.7473
    6224       1.6443
    6225       1.7116
    6226       1.8097
    6227       1.7870
    6228       1.6607
    6229       1.6585
    6230       1.5204
    6231       1.7301
    6232       1.8379
    6233       1.7704
    6234       1.8070
    6235       1.8119
    6236       1.7121
    6237       1.8650
    6238       1.9914
    6239       2.1177
    6240       2.0274
    6241       2.0089
    6242       1.9889
    6243       1.9151
    6244       1.9312
    6245       1.7337
    6246       1.7736
    6247       1.7940
    6248       1.8346
    6249       1.9087
    6250       1.8942
    6251       1.8113
    6252       1.8276
    6253       1.9065
    6254       2.0445
    6255       1.9851
    6256       2.0347
    6257       1.9741
    6258       1.9991
    6259       1.9555
    6260       1.9252
    6261       1.9121
    6262       1.8056
    6263       1.7983
    6264       1.9795
    6265       1.8458
    6266       1.8721
    6267       1.8255
    6268       1.8975
    6269       1.8688
    6270       1.9255
    6271       1.8395
    6272       1.8450
    6273       1.7275
    6274       1.8131
    6275       1.8208
    6276       1.8805
    6277       1.8714
    6278       1.8627
    6279       1.9430
    6280       1.8265
    6281       1.9006
    6282       1.7750
    6283       1.7700
    6284       1.7994
    6285       1.7519
    6286       1.8457
    6287       1.7871
    6288       1.8077
    6289       1.7129
    6290       1.7369
    6291       1.7707
    6292       1.8784
    6293       1.8776
    6294       1.8547
    6295       1.8297
    6296       1.7128
    6297       1.7910
    6298       1.7865
    6299       1.8038
    6300       1.7457
    6301       1.8890
    6302       1.9045
    6303       1.7934
    6304       1.7990
    6305       1.9510
    6306       1.8331
    6307       1.7988
    6308       1.8492
    6309       1.8167
    6310       1.8033
    6311       1.7562
    6312       1.8299
    6313       1.8401
    6314       1.7129
    6315       1.7892
    6316       1.9352
    6317       1.8435
    6318       1.7835
    6319       1.6667
    6320       1.7117
    6321       1.8085
    6322       1.7132
    6323       1.6946
    6324       1.7751
    6325       1.7808
    6326       1.8703
    6327       1.6531
    6328       1.7040
    6329       1.5785
    6330       1.7766
    6331       1.9024
    6332       1.8889
    6333       1.7604
    6334       1.6971
    6335       1.7667
    6336       1.8259
    6337       1.7633
    6338       1.6575
    6339       1.7187
    6340       1.7229
    6341       1.6065
    6342       1.7009
    6343       1.5484
    6344       1.6392
    6345       1.5874
    6346       1.6263
    6347       1.6814
    6348       1.5337
    6349       1.5834
    6350       1.6266
    6351       1.6511
    6352       1.6816
    6353       1.7151
    6354       1.7939
    6355       1.9263
    6356       1.8039
    6357       1.8694
    6358       1.7562
    6359       1.8023
    6360       1.7695
    6361       1.7563
    6362       1.8925
    6363       1.8938
    6364       1.5897
    6365       1.7359
    6366       1.7319
    6367       1.6429
    6368       1.6931
    6369       1.7058
    6370       1.7227
    6371       1.7467
    6372       1.6748
    6373       1.6450
    6374       1.7386
    6375       1.7194
    6376       1.7498
    6377       1.7591
    6378       1.6726
    6379       1.7806
    6380       1.8746
    6381       1.7577
    6382       1.6717
    6383       1.8010
    6384       1.8012
    6385       1.8800
    6386       1.8873
    6387       1.8614
    6388       1.8928
    6389       1.7786
    6390       1.6770
    6391       1.9059
    6392       1.8727
    6393       1.9472
    6394       1.8593
    6395       1.8642
    6396       1.7876
    6397       1.8281
    6398       1.8924
    6399       1.8120
    6400       1.9225
    6401       1.7952
    6402       1.8800
    6403       1.7066
    6404       1.7185
    6405       1.8278
    6406       1.8770
    6407       1.8101
    6408       1.9649
    6409       1.9808
    6410       1.8647
    6411       1.8648
    6412       1.9810
    6413       1.7698
    6414       1.6429
    6415       1.7397
    6416       1.7706
    6417       1.7930
    6418       1.7869
    6419       1.7347
    6420       1.6795
    6421       1.6479
    6422       1.7401
    6423       1.7098
    6424       1.8836
    6425       1.7455
    6426       1.7770
    6427       1.7149
    6428       1.6323
    6429       1.7935
    6430       1.7812
    6431       1.7714
    6432       1.7062
    6433       1.9066
    6434       1.8532
    6435       1.8608
    6436       1.9930
    6437       1.8781
    6438       1.8089
    6439       1.8073
    6440       1.8055
    6441       1.8020
    6442       1.9589
    6443       1.7924
    6444       1.8708
    6445       1.8659
    6446       1.7604
    6447       1.7506
    6448       1.6695
    6449       1.7881
    6450       1.7645
    6451       1.7594
    6452       1.7173
    6453       1.7688
    6454       1.6931
    6455       1.7187
    6456       1.8361
    6457       1.7339
    6458       1.7431
    6459       1.6857
    6460       1.6811
    6461       1.6299
    6462       1.6887
    6463       1.6971
    6464       1.8476
    6465       1.7390
    6466       1.6956
    6467       1.7543
    6468       1.7199
    6469       1.7940
    6470       1.9483
    6471       1.9259
    6472       1.9022
    6473       1.7425
    6474       1.7750
    6475       1.6698
    6476       1.7006
    6477       1.7455
    6478       1.8539
    6479       1.9062
    6480       1.8489
    6481       1.9128
    6482       1.7545
    6483       1.8567
    6484       1.7356
    6485       1.6426
    6486       1.6355
    6487       1.6378
    6488       1.7791
    6489       1.7726
    6490       1.7820
    6491       1.8386
    6492       1.8060
    6493       1.7449
    6494       1.7177
    6495       1.8013
    6496       1.6951
    6497       1.6656
    6498       1.6581
    6499       1.6482
    6500       1.5732
    6501       1.6586
    6502       1.6152
    6503       1.6941
    6504       1.6026
    6505       1.6213
    6506       1.6322
    6507       1.7915
    6508       1.7355
    6509       1.8191
    6510       1.8924
    6511       1.9139
    6512       2.0173
    6513       1.9783
    6514       1.9832
    6515       1.8339
    6516       1.9203
    6517       1.9242
    6518       2.0094
    6519       1.8722
    6520       1.8151
    6521       1.8044
    6522       1.7649
    6523       1.7573
    6524       1.7491
    6525       1.6130
    6526       1.6254
    6527       1.7181
    6528       1.6789
    6529       1.6877
    6530       1.7465
    6531       1.8676
    6532       1.9511
    6533       2.0779
    6534       2.0010
    6535       1.7946
    6536       1.8107
    6537       1.8743
    6538       1.7330
    6539       1.6653
    6540       1.7296
    6541       1.8464
    6542       1.8434
    6543       1.8281
    6544       1.9649
    6545       1.8215
    6546       1.8584
    6547       1.7597
    6548       1.7103
    6549       1.5952
    6550       1.5947
    6551       1.5971
    6552       1.7548
    6553       1.8942
    6554       1.8561
    6555       1.7123
    6556       1.6174
    6557       1.6631
    6558       1.8038
    6559       1.7284
    6560       1.6219
    6561       1.6333
    6562       1.6151
    6563       1.8486
    6564       1.8908
    6565       1.7018
    6566       1.6314
    6567       1.7503
    6568       1.8245
    6569       1.7355
    6570       1.7406
    6571       1.7086
    6572       1.6941
    6573       1.7394
    6574       1.7909
    6575       1.8630
    6576       1.7820
    6577       1.7289
    6578       1.6481
    6579       1.7729
    6580       1.8665
    6581       1.8325
    6582       1.8800
    6583       1.7359
    6584       1.6760
    6585       1.7167
    6586       1.8069
    6587       1.7697
    6588       1.7561
    6589       1.7932
    6590       1.7568
    6591       1.7763
    6592       1.6343
    6593       1.6844
    6594       1.6148
    6595       1.7214
    6596       1.7933
    6597       1.7210
    6598       1.6110
    6599       1.5957
    6600       1.7318
    6601       1.7211
    6602       1.7223
    6603       1.5659
    6604       1.6513
    6605       1.6545
    6606       1.6833
    6607       1.6813
    6608       1.7224
    6609       1.7901
    6610       1.7324
    6611       1.6633
    6612       1.6058
    6613       1.6380
    6614       1.7481
    6615       1.7052
    6616       1.7623
    6617       1.6911
    6618       1.6485
    6619       1.5996
    6620       1.6759
    6621       1.5764
    6622       1.5512
    6623       1.6363
    6624       1.5515
    6625       1.6164
    6626       1.6021
    6627       1.6652
    6628       1.6887
    6629       1.5965
    6630       1.7567
    6631       1.6740
    6632       1.8251
    6633       1.7241
    6634       1.7516
    6635       1.6749
    6636       1.6819
    6637       1.6917
    6638       1.7203
    6639       1.8313
    6640       1.7504
    6641       1.6562
    6642       1.7150
    6643       1.5961
    6644       1.6211
    6645       1.6226
    6646       1.4931
    6647       1.4896
    6648       1.5369
    6649       1.5410
    6650       1.5813
    6651       1.6228
    6652       1.6562
    6653       1.6817
    6654       1.6508
    6655       1.6403
    6656       1.7809
    6657       1.7892
    6658       1.8409
    6659       1.8923
    6660       1.9677
    6661       1.8363
    6662       1.7523
    6663       1.5793
    6664       1.6555
    6665       1.7101
    6666       1.6004
    6667       1.6951
    6668       1.6704
    6669       1.5251
    6670       1.5135
    6671       1.6132
    6672       1.6220
    6673       1.6661
    6674       1.5952
    6675       1.5873
    6676       1.6349
    6677       1.6443
    6678       1.5412
    6679       1.4992
    6680       1.5810
    6681       1.5189
    6682       1.3946
    6683       1.4235
    6684       1.5126
    6685       1.5373
    6686       1.6051
    6687       1.5695
    6688       1.5128
    6689       1.4372
    6690       1.4839
    6691       1.5041
    6692       1.4939
    6693       1.5324
    6694       1.5934
    6695       1.5406
    6696       1.5335
    6697       1.4864
    6698       1.4416
    6699       1.5156
    6700       1.5682
    6701       1.6565
    6702       1.5400
    6703       1.6656
    6704       1.6216
    6705       1.7045
    6706       1.7051
    6707       1.6872
    6708       1.7254
    6709       1.6945
    6710       1.6720
    6711       1.6251
    6712       1.5907
    6713       1.6551
    6714       1.5846
    6715       1.6910
    6716       1.6296
    6717       1.5640
    6718       1.4960
    6719       1.4326
    6720       1.5340
    6721       1.5596
    6722       1.4747
    6723       1.5135
    6724       1.5197
    6725       1.4609
    6726       1.5746
    6727       1.6144
    6728       1.5338
    6729       1.5445
    6730       1.5721
    6731       1.5058
    6732       1.6443
    6733       1.7116
    6734       1.6880
    6735       1.6035
    6736       1.5700
    6737       1.5777
    6738       1.5036
    6739       1.6154
    6740       1.5273
    6741       1.5926
    6742       1.6696
    6743       1.7130
    6744       1.5399
    6745       1.7035
    6746       1.6668
    6747       1.7747
    6748       1.8180
    6749       1.7730
    6750       1.5566
    6751       1.6505
    6752       1.6983
    6753       1.5989
    6754       1.6591
    6755       1.6704
    6756       1.6793
    6757       1.6933
    6758       1.6245
    6759       1.6670
    6760       1.5901
    6761       1.6182
    6762       1.5845
    6763       1.5160
    6764       1.6221
    6765       1.6962
    6766       1.7752
    6767       1.7703
    6768       1.7853
    6769       1.7688
    6770       1.7518
    6771       1.6241
    6772       1.5563
    6773       1.5704
    6774       1.5815
    6775       1.6586
    6776       1.7018
    6777       1.7055
    6778       1.8254
    6779       1.8667
    6780       1.8692
    6781       1.8686
    6782       1.7298
    6783       1.6618
    6784       1.7503
    6785       1.6605
    6786       1.7550
    6787       1.7403
    6788       1.7307
    6789       1.7616
    6790       1.7084
    6791       1.6112
    6792       1.6437
    6793       1.6024
    6794       1.5833
    6795       1.6596
    6796       1.5360
    6797       1.6332
    6798       1.7225
    6799       1.8154
    6800       1.7939
    6801       1.6749
    6802       1.6770
    6803       1.7131
    6804       1.7347
    6805       1.8784
    6806       1.9009
    6807       1.6843
    6808       1.8221
    6809       1.7173
    6810       1.6317
    6811       1.7528
    6812       1.6865
    6813       1.7679
    6814       1.7686
    6815       1.7264
    6816       1.6004
    6817       1.6157
    6818       1.7727
    6819       1.7715
    6820       1.9139
    6821       1.8549
    6822       1.8960
    6823       1.7335
    6824       1.8019
    6825       1.7577
    6826       1.6557
    6827       1.7224
    6828       1.7897
    6829       1.6926
    6830       1.8353
    6831       1.7478
    6832       1.6562
    6833       1.5686
    6834       1.5167
    6835       1.6039
    6836       1.5924
    6837       1.6392
    6838       1.6397
    6839       1.7653
    6840       1.7343
    6841       1.6439
    6842       1.7128
    6843       1.8207
    6844       1.8077
    6845       1.6456
    6846       1.7289
    6847       1.6968
    6848       1.6631
    6849       1.6606
    6850       1.8187
    6851       1.6361
    6852       1.7161
    6853       1.7768
    6854       1.8273
    6855       1.7095
    6856       1.7049
    6857       1.6929
    6858       1.5536
    6859       1.6022
    6860       1.5023
    6861       1.4712
    6862       1.5416
    6863       1.5704
    6864       1.6726
    6865       1.7064
    6866       1.7112
    6867       1.6780
    6868       1.6202
    6869       1.6287
    6870       1.5240
    6871       1.5287
    6872       1.5520
    6873       1.5225
    6874       1.5348
    6875       1.5334
    6876       1.5470
    6877       1.6746
    6878       1.6214
    6879       1.5995
    6880       1.8266
    6881       1.9740
    6882       1.9592
    6883       1.8794
    6884       1.8413
    6885       1.7296
    6886       1.7320
    6887       1.6671
    6888       1.5566
    6889       1.5985
    6890       1.5523
    6891       1.5521
    6892       1.4796
    6893       1.5078
    6894       1.4062
    6895       1.5684
    6896       1.5500
    6897       1.6474
    6898       1.6358
    6899       1.5465
    6900       1.6295
    6901       1.5383
    6902       1.6343
    6903       1.5602
    6904       1.5639
    6905       1.5677
    6906       1.6405
    6907       1.6551
    6908       1.6283
    6909       1.6958
    6910       1.6147
    6911       1.7006
    6912       1.5801
    6913       1.6966
    6914       1.6373
    6915       1.8495
    6916       1.7926
    6917       1.8317
    6918       1.6293
    6919       1.7283
    6920       1.6474
    6921       1.7731
    6922       1.8109
    6923       1.7090
    6924       1.7328
    6925       1.7128
    6926       1.7879
    6927       1.6241
    6928       1.7391
    6929       1.7033
    6930       1.8222
    6931       1.7767
    6932       1.8491
    6933       1.7475
    6934       1.6907
    6935       1.7566
    6936       1.8562
    6937       1.7959
    6938       1.8359
    6939       1.8236
    6940       1.7235
    6941       1.7812
    6942       1.9040
    6943       1.7939
    6944       1.7231
    6945       1.7193
    6946       1.6381
    6947       1.7934
    6948       1.7900
    6949       1.7902
    6950       1.6432
    6951       1.8391
    6952       1.9537
    6953       1.9738
    6954       2.0332
    6955       2.0777
    6956       2.0346
    6957       2.0017
    6958       1.7912
    6959       1.6790
    6960       1.7865
    6961       1.8481
    6962       1.8113
    6963       1.8203
    6964       1.7862
    6965       1.8415
    6966       1.8601
    6967       2.0831
    6968       1.8522
    6969       1.9118
    6970       2.0288
    6971       1.9509
    6972       1.8879
    6973       1.9067
    6974       1.8690
    6975       1.8946
    6976       1.8032
    6977       1.8105
    6978       1.9724
    6979       1.8502
    6980       1.9126
    6981       1.9599
    6982       2.0982
    6983       2.0696
    6984       2.1088
    6985       2.1105
    6986       2.1725
    6987       2.1829
    6988       2.1309
    6989       2.0308
    6990       2.2191
    6991       2.1121
    6992       2.1814
    6993       2.0823
    6994       2.0569
    6995       1.9568
    6996       1.9939
    6997       1.8247
    6998       1.7518
    6999       1.7039
    7000       1.6325
    7001       1.5878
    7002       1.6070
    7003       1.6558
    7004       1.6609
    7005       1.6708
    7006       1.7367
    7007       1.7758
    7008       1.8039
    7009       1.9271
    7010       1.9016
    7011       1.8012
    7012       1.7773
    7013       1.7687
    7014       1.9390
    7015       1.8781
    7016       1.7931
    7017       1.7628
    7018       1.7640
    7019       1.9958
    7020       1.9408
    7021       1.8147
    7022       1.8466
    7023       1.9160
    7024       1.9590
    7025       1.9523
    7026       1.8949
    7027       1.7476
    7028       1.7262
    7029       1.7027
    7030       1.7416
    7031       1.8200
    7032       1.8824
    7033       1.8808
    7034       1.6634
    7035       1.6641
    7036       1.6972
    7037       1.7811
    7038       1.7781
    7039       1.8012
    7040       1.7716
    7041       1.7006
    7042       1.7390
    7043       1.7946
    7044       1.7559
    7045       1.7420
    7046       1.8413
    7047       1.7458
    7048       1.7574
    7049       1.7570
    7050       1.7129
    7051       1.6352
    7052       1.6895
    7053       1.8697
    7054       1.8199
    7055       1.8577
    7056       2.0243
    7057       1.8826
    7058       1.7215
    7059       1.8671
    7060       1.9324
    7061       1.7499
    7062       1.7905
    7063       1.7460
    7064       1.8397
    7065       1.9560
    7066       1.8048
    7067       1.7784
    7068       1.8997
    7069       1.7531
    7070       1.8746
    7071       1.8735
    7072       1.9660
    7073       1.9312
    7074       1.8843
    7075       2.0218
    7076       2.0490
    7077       2.0008
    7078       1.9764
    7079       1.8996
    7080       1.9734
    7081       1.9183
    7082       2.0186
    7083       2.0096
    7084       1.9504
    7085       2.0741
    7086       2.0683
    7087       2.0618
    7088       1.9849
    7089       1.9442
    7090       1.9799
    7091       2.0238
    7092       2.0742
    7093       2.1182
    7094       1.8792
    7095       1.8073
    7096       1.7958
    7097       1.7297
    7098       1.7180
    7099       1.6663
    7100       1.7632
    7101       1.7823
    7102       1.7801
    7103       1.7174
    7104       1.5917
    7105       1.5823
    7106       1.6992
    7107       1.7341
    7108       1.8028
    7109       1.7877
    7110       1.8288
    7111       1.6338
    7112       1.7640
    7113       1.7263
    7114       1.6699
    7115       1.8577
    7116       1.7901
    7117       1.8908
    7118       1.8340
    7119       1.8794
    7120       1.6220
    7121       1.7530
    7122       1.6824
    7123       1.6080
    7124       1.6348
    7125       1.5780
    7126       1.5638
    7127       1.6783
    7128       1.6311
    7129       1.7936
    7130       1.6148
    7131       1.7174
    7132       1.5994
    7133       1.6508
    7134       1.7257
    7135       1.6221
    7136       1.7213
    7137       1.6346
    7138       1.7370
    7139       1.6496
    7140       1.6305
    7141       1.8233
    7142       1.6944
    7143       1.6108
    7144       1.5728
    7145       1.5924
    7146       1.6049
    7147       1.6073
    7148       1.6466
    7149       1.8141
    7150       1.7694
    7151       1.7711
    7152       1.7600
    7153       1.8188
    7154       1.7217
    7155       1.7811
    7156       1.6855
    7157       1.5842
    7158       1.5232
    7159       1.7029
    7160       1.5379
    7161       1.5135
    7162       1.4942
    7163       1.4857
    7164       1.5842
    7165       1.6101
    7166       1.6552
    7167       1.7702
    7168       1.6652
    7169       1.6811
    7170       1.6291
    7171       1.7261
    7172       1.6974
    7173       1.6435
    7174       1.6915
    7175       1.6050
    7176       1.5880
    7177       1.6577
    7178       1.5655
    7179       1.6347
    7180       1.6739
    7181       1.5840
    7182       1.5288
    7183       1.5825
    7184       1.5833
    7185       1.6359
    7186       1.5886
    7187       1.6439
    7188       1.7295
    7189       1.6831
    7190       1.6980
    7191       1.7389
    7192       1.5907
    7193       1.5225
    7194       1.6225
    7195       1.5315
    7196       1.7135
    7197       1.6026
    7198       1.7040
    7199       1.6055
    7200       1.5061
    7201       1.5366
    7202       1.7189
    7203       1.6131
    7204       1.4666
    7205       1.3845
    7206       1.4416
    7207       1.4891
    7208       1.4571
    7209       1.4833
    7210       1.4036
    7211       1.4865
    7212       1.4836
    7213       1.5488
    7214       1.4865
    7215       1.4444
    7216       1.4340
    7217       1.4134
    7218       1.4348
    7219       1.4534
    7220       1.4144
    7221       1.3478
    7222       1.4185
    7223       1.4808
    7224       1.4239
    7225       1.3712
    7226       1.3808
    7227       1.3943
    7228       1.4510
    7229       1.4012
    7230       1.4464
    7231       1.4675
    7232       1.3741
    7233       1.5076
    7234       1.4953
    7235       1.4703
    7236       1.4323
    7237       1.4589
    7238       1.5090
    7239       1.4528
    7240       1.4952
    7241       1.5237
    7242       1.5840
    7243       1.5769
    7244       1.4917
    7245       1.5489
    7246       1.5584
    7247       1.6546
    7248       1.6654
    7249       1.6123
    7250       1.5305
    7251       1.6022
    7252       1.5118
    7253       1.5894
    7254       1.5901
    7255       1.7613
    7256       1.7863
    7257       1.6182
    7258       1.8727
    7259       1.8052
    7260       1.7064
    7261       1.8239
    7262       1.7024
    7263       1.7634
    7264       1.7865
    7265       1.7586
    7266       1.6937
    7267       1.7621
    7268       1.8031
    7269       1.7901
    7270       1.6213
    7271       1.5431
    7272       1.4713
    7273       1.5162
    7274       1.5014
    7275       1.4739
    7276       1.5639
    7277       1.4688
    7278       1.4744
    7279       1.8147
    7280       1.7781
    7281       1.7319
    7282       1.5691
    7283       1.5197
    7284       1.6200
    7285       1.5374
    7286       1.5549
    7287       1.5121
    7288       1.3967
    7289       1.4714
    7290       1.4052
    7291       1.4192
    7292       1.4388
    7293       1.4247
    7294       1.5833
    7295       1.5795
    7296       1.7309
    7297       1.7484
    7298       1.7609
    7299       1.7174
    7300       1.6817
    7301       1.7915
    7302       1.9553
    7303       1.8540
    7304       1.8124
    7305       1.7367
    7306       1.7552
    7307       1.6859
    7308       1.7892
    7309       1.8199
    7310       1.8500
    7311       1.9123
    7312       1.9447
    7313       1.8199
    7314       1.7544
    7315       1.7127
    7316       1.7718
    7317       1.6361
    7318       1.7102
    7319       1.7886
    7320       1.6307
    7321       1.7739
    7322       1.6825
    7323       1.6071
    7324       1.4862
    7325       1.5498
    7326       1.7312
    7327       1.6517
    7328       1.6113
    7329       1.5192
    7330       1.5049
    7331       1.4652
    7332       1.4647
    7333       1.4360
    7334       1.4283
    7335       1.5686
    7336       1.6230
    7337       1.5703
    7338       1.5914
    7339       1.4241
    7340       1.4825
    7341       1.5668
    7342       1.6066
    7343       1.6256
    7344       1.5851
    7345       1.7634
    7346       1.5805
    7347       1.5355
    7348       1.5304
    7349       1.6042
    7350       1.4900
    7351       1.5548
    7352       1.5250
    7353       1.5447
    7354       1.6171
    7355       1.5201
    7356       1.4351
    7357       1.4651
    7358       1.4888
    7359       1.3954
    7360       1.4493
    7361       1.4480
    7362       1.4342
    7363       1.4530
    7364       1.4378
    7365       1.4554
    7366       1.4694
    7367       1.4839
    7368       1.4993
    7369       1.4878
    7370       1.5135
    7371       1.5069
    7372       1.6287
    7373       1.6622
    7374       1.7656
    7375       1.8293
    7376       1.8283
    7377       1.8124
    7378       1.8077
    7379       1.8023
    7380       1.6814
    7381       1.7093
    7382       1.6882
    7383       1.6594
    7384       1.6394
    7385       1.6997
    7386       1.6527
    7387       1.7534
    7388       1.8508
    7389       1.7529
    7390       1.8391
    7391       1.8326
    7392       1.8068
    7393       2.0505
    7394       1.9479
    7395       1.8913
    7396       1.9026
    7397       1.9376
    7398       2.0541
    7399       1.9886
    7400       2.0270
    7401       1.9199
    7402       1.8790
    7403       1.9895
    7404       2.0379
    7405       2.0072
    7406       1.9016
    7407       1.7901
    7408       1.9201
    7409       1.8592
    7410       1.9323
    7411       1.8637
    7412       1.6937
    7413       1.6943
    7414       1.7537
    7415       1.8633
    7416       1.9694
    7417       1.8741
    7418       1.6977
    7419       1.6777
    7420       1.6106
    7421       1.6131
    7422       1.7787
    7423       1.6791
    7424       1.7140
    7425       1.5770
    7426       1.7571
    7427       1.6585
    7428       1.7004
    7429       1.7256
    7430       1.9089
    7431       1.7577
    7432       1.7331
    7433       1.5637
    7434       1.7202
    7435       1.6334
    7436       1.4680
    7437       1.7447
    7438       1.7163
    7439       1.7143
    7440       1.7418
    7441       1.8242
    7442       1.7250
    7443       1.7343
    7444       1.7010
    7445       1.9986
    7446       2.0932
    7447       1.9667
    7448       2.0960
    7449       2.1543
    7450       2.1792
    7451       2.0101
    7452       1.8925
    7453       1.7957
    7454       1.9598
    7455       1.9418
    7456       1.8160
    7457       1.9957
    7458       1.9590
    7459       1.9227
    7460       1.8262
    7461       1.7842
    7462       1.8956
    7463       1.8935
    7464       1.8280
    7465       1.7368
    7466       1.8371
    7467       1.7342
    7468       1.5932
    7469       1.6178
    7470       1.5799
    7471       1.5476
    7472       1.6877
    7473       1.8124
    7474       1.7754
    7475       1.6709
    7476       1.5353
    7477       1.6574
    7478       1.7365
    7479       1.9471
    7480       1.8681
    7481       1.7993
    7482       1.6023
    7483       1.7453
    7484       1.8010
    7485       1.5688
    7486       1.7539
    7487       1.6731
    7488       1.8091
    7489       1.7822
    7490       1.5954
    7491       1.5450
    7492       1.5761
    7493       1.9254
    7494       2.0730
    7495       1.8508
    7496       1.8298
    7497       1.9246
    7498       1.9680
    7499       1.8795
    7500       1.9345
    7501       1.9668
    7502       1.7088
    7503       1.7358
    7504       1.9070
    7505       1.7438
    7506       1.7169
    7507       1.6314
    7508       1.4419
    7509       1.3815
    7510       1.5229
    7511       1.5399
    7512       1.4186
    7513       1.4853
    7514       1.4671
    7515       1.5678
    7516       1.5170
    7517       1.4506
    7518       1.4832
    7519       1.4517
    7520       1.3281
    7521       1.4774
    7522       1.5208
    7523       1.5045
    7524       1.5303
    7525       1.3974
    7526       1.3827
    7527       1.4304
    7528       1.4280
    7529       1.5008
    7530       1.5902
    7531       1.5293
    7532       1.4324
    7533       1.4385
    7534       1.4286
    7535       1.5123
    7536       1.4921
    7537       1.4031
    7538       1.4922
    7539       1.4070
    7540       1.4796
    7541       1.6031
    7542       1.6162
    7543       1.6459
    7544       1.5843
    7545       1.6181
    7546       1.4744
    7547       1.5609
    7548       1.4324
    7549       1.3076
    7550       1.3651
    7551       1.4907
    7552       1.5478
    7553       1.4850
    7554       1.5334
    7555       1.4972
    7556       1.5371
    7557       1.6286
    7558       1.5536
    7559       1.5740
    7560       1.5271
    7561       1.5488
    7562       1.4770
    7563       1.3958
    7564       1.3188
    7565       1.4275
    7566       1.4820
    7567       1.4857
    7568       1.5374
    7569       1.6439
    7570       1.6933
    7571       1.5948
    7572       1.6342
    7573       1.6989
    7574       1.5853
    7575       1.5632
    7576       1.6488
    7577       1.6302
    7578       1.5687
    7579       1.6461
    7580       1.5163
    7581       1.5528
    7582       1.4811
    7583       1.5707
    7584       1.5014
    7585       1.6619
    7586       1.7427
    7587       1.6583
    7588       1.6103
    7589       1.5405
    7590       1.5477
    7591       1.5857
    7592       1.5842
    7593       1.5129
    7594       1.4786
    7595       1.4678
    7596       1.5258
    7597       1.6025
    7598       1.5841
    7599       1.5143
    7600       1.4510
    7601       1.5319
    7602       1.6205
    7603       1.4962
    7604       1.6366
    7605       1.6713
    7606       1.7013
    7607       1.7528
    7608       1.5923
    7609       1.5823
    7610       1.6972
    7611       1.6159
    7612       1.6185
    7613       1.4685
    7614       1.5047
    7615       1.5769
    7616       1.6972
    7617       1.6083
    7618       1.5709
    7619       1.5150
    7620       1.5911
    7621       1.5228
    7622       1.4776
    7623       1.4735
    7624       1.4484
    7625       1.4982
    7626       1.6959
    7627       1.6836
    7628       1.6725
    7629       1.6096
    7630       1.6229
    7631       1.4992
    7632       1.4570
    7633       1.5262
    7634       1.5586
    7635       1.5872
    7636       1.5916
    7637       1.6194
    7638       1.6766
    7639       1.7540
    7640       1.6505
    7641       1.6045
    7642       1.5672
    7643       1.5082
    7644       1.5211
    7645       1.4473
    7646       1.5173
    7647       1.4748
    7648       1.4740
    7649       1.5111
    7650       1.4644
    7651       1.5148
    7652       1.6199
    7653       1.6244
    7654       1.6195
    7655       1.4809
    7656       1.4553
    7657       1.5495
    7658       1.5889
    7659       1.5574
    7660       1.4349
    7661       1.4967
    7662       1.5057
    7663       1.4565
    7664       1.5117
    7665       1.5582
    7666       1.6385
    7667       1.7117
    7668       1.5718
    7669       1.5634
    7670       1.5469
    7671       1.5658
    7672       1.5558
    7673       1.5921
    7674       1.6503
    7675       1.6225
    7676       1.7288
    7677       1.5996
    7678       1.5938
    7679       1.6577
    7680       1.6530
    7681       1.5600
    7682       1.7110
    7683       1.8266
    7684       1.6390
    7685       1.5280
    7686       1.6188
    7687       1.4949
    7688       1.5439
    7689       1.6230
    7690       1.5387
    7691       1.7715
    7692       1.6487
    7693       1.6379
    7694       1.6365
    7695       1.6678
    7696       1.5447
    7697       1.6245
    7698       1.6225
    7699       1.6915
    7700       1.6258
    7701       1.7441
    7702       1.6789
    7703       1.6257
    7704       1.5287
    7705       1.5818
    7706       1.6502
    7707       1.7516
    7708       1.7801
    7709       1.7153
    7710       1.7370
    7711       1.7600
    7712       1.7559
    7713       1.6956
    7714       1.8559
    7715       1.7876
    7716       1.7996
    7717       1.7674
    7718       1.7574
    7719       1.7994
    7720       1.5408
    7721       1.6127
    7722       1.5788
    7723       1.5648
    7724       1.6750
    7725       1.5807
    7726       1.5402
    7727       1.4493
    7728       1.5045
    7729       1.6287
    7730       1.5354
    7731       1.6279
    7732       1.5784
    7733       1.6248
    7734       1.6146
    7735       1.6332
    7736       1.6434
    7737       1.5547
    7738       1.6560
    7739       1.5823
    7740       1.5759
    7741       1.6206
    7742       1.5648
    7743       1.5698
    7744       1.6204
    7745       1.5031
    7746       1.5187
    7747       1.5677
    7748       1.5215
    7749       1.4925
    7750       1.5177
    7751       1.4014
    7752       1.4475
    7753       1.4597
    7754       1.4558
    7755       1.5103
    7756       1.6823
    7757       1.5432
    7758       1.6377
    7759       1.5713
    7760       1.7449
    7761       1.6797
    7762       1.6923
    7763       1.6271
    7764       1.7165
    7765       1.6907
    7766       1.7555
    7767       1.7896
    7768       1.5727
    7769       1.6135
    7770       1.7796
    7771       1.6909
    7772       1.5549
    7773       1.5435
    7774       1.6239
    7775       1.7062
    7776       1.6045
    7777       1.7753
    7778       1.5571
    7779       1.5311
    7780       1.6574
    7781       1.6396
    7782       1.5996
    7783       1.6200
    7784       1.5617
    7785       1.5478
    7786       1.5457
    7787       1.5398
    7788       1.4657
    7789       1.3850
    7790       1.5605
    7791       1.3734
    7792       1.5013
    7793       1.6890
    7794       1.7204
    7795       1.9114
    7796       1.8923
    7797       1.8999
    7798       1.8563
    7799       1.9578
    7800       1.9023
    7801       1.6726
    7802       1.8106
    7803       1.9175
    7804       1.9014
    7805       1.7804
    7806       1.9411
    7807       2.0709
    7808       1.9768
    7809       2.0039
    7810       1.8684
    7811       1.9208
    7812       1.6974
    7813       1.7064
    7814       1.7176
    7815       1.7006
    7816       1.7936
    7817       1.7383
    7818       1.7587
    7819       1.7759
    7820       1.6249
    7821       1.6705
    7822       1.5990
    7823       1.6272
    7824       1.6412
    7825       1.6836
    7826       1.6147
    7827       1.7657
    7828       1.7807
    7829       1.8646
    7830       1.7057
    7831       1.7058
    7832       1.7000
    7833       1.6992
    7834       1.6699
    7835       1.6142
    7836       1.6434
    7837       1.8598
    7838       1.7442
    7839       1.7291
    7840       1.6459
    7841       1.6225
    7842       1.6959
    7843       1.6065
    7844       1.8955
    7845       1.8613
    7846       1.8738
    7847       1.9232
    7848       1.8720
    7849       1.8779
    7850       1.9833
    7851       1.8070
    7852       1.9652
    7853       1.9054
    7854       1.7596
    7855       1.9124
    7856       1.8340
    7857       1.8236
    7858       1.7431
    7859       1.9869
    7860       1.7998
    7861       1.8288
    7862       1.7389
    7863       1.8280
    7864       1.7100
    7865       1.6082
    7866       1.7334
    7867       1.7236
    7868       1.7111
    7869       1.6081
    7870       1.5745
    7871       1.7833
    7872       1.6051
    7873       1.7347
    7874       1.8539
    7875       1.8161
    7876       1.8111
    7877       1.6855
    7878       1.7243
    7879       2.0060
    7880       2.2087
    7881       2.3476
    7882       2.1660
    7883       2.0259
    7884       1.8785
    7885       1.6851
    7886       1.6679
    7887       1.6038
    7888       1.5632
    7889       1.7481
    7890       1.8158
    7891       1.8650
    7892       1.7952
    7893       1.6904
    7894       1.6285
    7895       1.6899
    7896       1.6518
    7897       1.6778
    7898       1.5503
    7899       1.8144
    7900       1.8377
    7901       1.7612
    7902       1.9308
    7903       1.9194
    7904       2.1235
    7905       1.9545
    7906       1.9082
    7907       2.0580
    7908       1.9927
    7909       1.8485
    7910       1.9893
    7911       1.7582
    7912       1.8051
    7913       2.1664
    7914       2.1451
    7915       1.9368
    7916       1.9966
    7917       1.9632
    7918       1.9202
    7919       1.9676
    7920       2.0442
    7921       2.0294
    7922       2.0104
    7923       1.8795
    7924       1.8137
    7925       1.8360
    7926       1.6148
    7927       1.6266
    7928       1.6103
    7929       1.5989
    7930       1.6601
    7931       1.6104
    7932       1.6972
    7933       1.7849
    7934       1.7760
    7935       1.8941
    7936       1.9027
    7937       1.8521
    7938       1.9110
    7939       1.9283
    7940       1.9529
    7941       1.9544
    7942       1.8375
    7943       1.7881
    7944       1.8131
    7945       1.6900
    7946       1.8666
    7947       1.7189
    7948       1.7434
    7949       1.8532
    7950       2.0968
    7951       2.0272
    7952       2.0337
    7953       2.0014
    7954       2.1314
    7955       2.0144
    7956       1.9393
    7957       1.9283
    7958       1.9357
    7959       2.0045
    7960       2.1512
    7961       2.2404
    7962       2.0696
    7963       2.1318
    7964       2.1249
    7965       2.0156
    7966       1.9215
    7967       1.9662
    7968       2.0749
    7969       1.9552
    7970       2.0221
    7971       2.3437
    7972       2.1917
    7973       2.3127
    7974       2.3668
    7975       2.1435
    7976       2.3496
    7977       2.2152
    7978       2.2509
    7979       2.0523
    7980       2.0015
    7981       1.9868
    7982       1.8148
    7983       1.9368
    7984       1.9840
    7985       1.9135
    7986       2.0060
    7987       2.0448
    7988       2.0322
    7989       2.0876
    7990       1.9329
    7991       2.0181
    7992       1.9338
    7993       1.8632
    7994       1.7807
    7995       1.6531
    7996       1.7943
    7997       1.9650
    7998       1.9827
    7999       2.1315
    8000       2.1100
    8001       2.1115
    8002       2.1528
    8003       2.3425
    8004       2.4151
    8005       2.3366
    8006       2.2620
    8007       2.2176
    8008       2.1860
    8009       2.1461
    8010       2.0583
    8011       2.2339
    8012       2.0902
    8013       2.2859
    8014       2.3106
    8015       2.2495
    8016       2.2379
    8017       2.0136
    8018       2.2111
    8019       2.1865
    8020       2.1952
    8021       2.1670
    8022       2.4326
    8023       2.2721
    8024       2.2520
    8025       2.2115
    8026       2.2815
    8027       2.3038
    8028       2.1977
    8029       2.3869
    8030       2.2338
    8031       2.2357
    8032       2.2394
    8033       2.0913
    8034       2.1305
    8035       1.9926
    8036       1.8366
    8037       1.9385
    8038       2.0782
    8039       2.0365
    8040       2.0912
    8041       2.2726
    8042       2.1166
    8043       2.1874
    8044       2.1098
    8045       2.1741
    8046       2.1052
    8047       2.1761
    8048       2.1217
    8049       2.1547
    8050       2.5219
    8051       2.2476
    8052       2.5584
    8053       2.6965
    8054       2.4958
    8055       2.4301
    8056       2.2547
    8057       2.3012
    8058       2.3432
    8059       2.2233
    8060       2.3980
    8061       2.5150
    8062       2.4236
    8063       2.5353
    8064       2.4756
    8065       2.5590
    8066       2.5980
    8067       2.5293
    8068       2.2483
    8069       2.1484
    8070       2.3207
    8071       2.2714
    8072       2.1989
    8073       2.1235
    8074       2.0179
    8075       2.1742
    8076       2.0961
    8077       2.4135
    8078       2.2844
    8079       2.4488
    8080       2.4789
    8081       2.4069
    8082       2.3303
    8083       2.2050
    8084       1.9925
    8085       1.9524
    8086       1.8564
    8087       1.7834
    8088       1.8231
    8089       1.9889
    8090       2.2805
    8091       2.4859
    8092       2.4062
    8093       2.1516
    8094       1.9403
    8095       1.8262
    8096       1.9702
    8097       1.9194
    8098       1.8736
    8099       1.8499
    8100       2.0440
    8101       1.8953
    8102       2.0017
    8103       1.9582
    8104       1.9133
    8105       1.8896
    8106       1.7946
    8107       1.7971
    8108       1.9761
    8109       1.9743
    8110       2.1096
    8111       2.0882
    8112       2.0283
    8113       2.1876
    8114       1.9844
    8115       1.8068
    8116       1.9294
    8117       1.8855
    8118       2.0019
    8119       2.2047
    8120       2.2228
    8121       2.1375
    8122       2.1578
    8123       2.1034
    8124       2.2368
    8125       2.2482
    8126       2.1772
    8127       2.1885
    8128       2.1860
    8129       2.1130
    8130       2.0434
    8131       2.1128
    8132       2.0238
    8133       2.0636
    8134       1.9750
    8135       2.0960
    8136       2.0587
    8137       2.0921
    8138       2.0735
    8139       2.1328
    8140       2.0244
    8141       1.9568
    8142       2.0956
    8143       2.1989
    8144       2.0972
    8145       2.2454
    8146       2.1283
    8147       2.0443
    8148       2.2833
    8149       2.0110
    8150       2.0622
    8151       2.1571
    8152       2.4319
    8153       2.5420
    8154       2.2362
    8155       2.1466
    8156       2.1930
    8157       2.2791
    8158       2.0867
    8159       2.3551
    8160       2.4545
    8161       2.3101
    8162       2.3611
    8163       2.1827
    8164       2.2060
    8165       2.1008
    8166       2.0620
    8167       1.9183
    8168       1.7898
    8169       2.1716
    8170       2.3772
    8171       2.3027
    8172       2.3450
    8173       2.3618
    8174       2.3603
    8175       2.3638
    8176       2.4814
    8177       2.4728
    8178       2.3464
    8179       2.1990
    8180       2.1393
    8181       1.9548
    8182       2.0091
    8183       2.1561
    8184       2.2025
    8185       2.1246
    8186       2.1795
    8187       2.2213
    8188       2.0249
    8189       2.1373
    8190       1.9774
    8191       2.0868
    8192       2.1548
    8193       2.2099
    8194       2.2511
    8195       2.2487
    8196       2.3807
    8197       2.2842
    8198       2.0769
    8199       2.1721
    8200       2.3248
    8201       2.1246
    8202       2.1883
    8203       2.0884
    8204       2.4341
    8205       2.5216
    8206       2.7798
    8207       2.6101
    8208       2.5964
    8209       2.3692
    8210       2.2832
    8211       2.2379
    8212       2.3275
    8213       2.0309
    8214       2.1080
    8215       2.0965
    8216       2.2563
    8217       2.3451
    8218       2.2014
    8219       2.1375
    8220       2.0566
    8221       2.0228
    8222       2.2275
    8223       2.2946
    8224       2.5326
    8225       2.1410
    8226       2.4417
    8227       2.4612
    8228       2.5153
    8229       2.7447
    8230       2.5467
    8231       2.2614
    8232       2.2708
    8233       2.4628
    8234       2.4337
    8235       2.6243
    8236       2.3477
    8237       2.2542
    8238       2.2733
    8239       2.2021
    8240       2.1050
    8241       2.2416
    8242       2.2403
    8243       2.3689
    8244       2.3434
    8245       2.4925
    8246       2.1509
    8247       2.0630
    8248       2.3849
    8249       2.5289
    8250       2.2558
    8251       2.1963
    8252       2.0330
    8253       1.9915
    8254       2.1921
    8255       2.1739
    8256       2.3065
    8257       2.2702
    8258       2.3301
    8259       2.2700
    8260       2.0619
    8261       2.0844
    8262       2.0626
    8263       2.0723
    8264       2.1312
    8265       2.1440
    8266       2.2831
    8267       2.1949
    8268       2.3977
    8269       2.3499
    8270       2.1397
    8271       2.1297
    8272       2.1441
    8273       2.0769
    8274       1.9903
    8275       2.0116
    8276       2.1583
    8277       2.3977
    8278       2.5006
    8279       2.4557
    8280       2.3707
    8281       2.3659
    8282       2.5451
    8283       2.4658
    8284       2.3628
    8285       2.5071
    8286       2.6518
    8287       2.8965
    8288       2.9048
    8289       2.8226
    8290       2.7258
    8291       2.6369
    8292       2.4659
    8293       2.4801
    8294       2.4024
    8295       2.5208
    8296       2.3431
    8297       2.5348
    8298       2.2390
    8299       2.3472
    8300       2.4514
    8301       2.4713
    8302       2.5969
    8303       2.5465
    8304       2.6438
    8305       2.7048
    8306       2.5243
    8307       2.7068
    8308       2.5521
    8309       2.6967
    8310       2.6926
    8311       2.5033
    8312       2.6136
    8313       2.6333
    8314       2.4081
    8315       2.4671
    8316       2.4382
    8317       2.3423
    8318       2.4306
    8319       2.4356
    8320       2.3139
    8321       2.3857
    8322       2.5794
    8323       2.6748
    8324       2.7173
    8325       2.9211
    8326       2.9583
    8327       2.9216
    8328       3.1705
    8329       3.0117
    8330       3.0038
    8331       2.9127
    8332       2.7002
    8333       2.5430
    8334       2.6829
    8335       2.8500
    8336       2.6046
    8337       2.9685
    8338       2.9176
    8339       2.6552
    8340       2.6583
    8341       2.7919
    8342       2.6906
    8343       2.4850
    8344       2.6282
    8345       2.3121
    8346       2.4803
    8347       2.6714
    8348       2.6572
    8349       2.6842
    8350       2.6472
    8351       2.7723
    8352       2.9437
    8353       3.0005
    8354       2.9454
    8355       2.6885
    8356       2.5942
    8357       2.6079
    8358       2.4335
    8359       2.4196
    8360       2.6402
    8361       2.5681
    8362       2.6634
    8363       2.7327
    8364       2.5635
    8365       2.6347
    8366       2.6138
    8367       2.9039
    8368       2.9218
    8369       2.6898
    8370       2.7276
    8371       2.7536
    8372       2.8857
    8373       2.5879
    8374       2.6570
    8375       2.9149
    8376       2.8448
    8377       2.8101
    8378       2.8921
    8379       2.9139
    8380       2.6662
    8381       2.7666
    8382       2.9251
    8383       2.8089
    8384       2.8837
    8385       2.8204
    8386       2.6746
    8387       2.8858
    8388       2.8188
    8389       2.7228
    8390       2.8325
    8391       2.5756
    8392       2.5018
    8393       2.4812
    8394       2.5141
    8395       2.5079
    8396       2.6581
    8397       2.5863
    8398       2.7443
    8399       3.0433
    8400       2.5489
    8401       2.5402
    8402       2.5065
    8403       2.3920
    8404       2.5171
    8405       2.4141
    8406       2.5000
    8407       2.5880
    8408       2.5100
    8409       2.7077
    8410       2.5368
    8411       2.6950
    8412       2.7150
    8413       2.7617
    8414       2.7413
    8415       2.7744
    8416       2.6026
    8417       2.4052
    8418       2.4164
    8419       2.3949
    8420       2.2549
    8421       2.1170
    8422       2.1782
    8423       2.1923
    8424       2.1474
    8425       2.2529
    8426       2.3043
    8427       2.4306
    8428       2.4190
    8429       2.5370
    8430       2.5037
    8431       2.5544
    8432       2.1892
    8433       2.2851
    8434       2.3178
    8435       2.2984
    8436       2.3958
    8437       2.2467
    8438       2.2265
    8439       2.6178
    8440       2.4717
    8441       2.4470
    8442       2.4379
    8443       2.3697
    8444       2.3838
    8445       2.3910
    8446       2.7105
    8447       2.7310
    8448       2.5980
    8449       2.5351
    8450       2.5926
    8451       2.6579
    8452       2.7521
    8453       2.5145
    8454       2.4843
    8455       2.3787
    8456       2.4725
    8457       2.5340
    8458       2.8870
    8459       2.6630
    8460       2.5712
    8461       2.6202
    8462       2.5015
    8463       2.6406
    8464       2.5424
    8465       2.6152
    8466       2.5853
    8467       2.8123
    8468       2.3979
    8469       2.7667
    8470       2.6851
    8471       2.7741
    8472       2.6545
    8473       2.6864
    8474       2.7658
    8475       2.5535
    8476       2.6777
    8477       2.6464
    8478       2.6134
    8479       2.3615
    8480       2.5841
    8481       2.5131
    8482       2.4204
    8483       2.7594
    8484       2.7776
    8485       2.7102
    8486       2.8208
    8487       2.8491
    8488       2.8306
    8489       2.7924
    8490       2.5420
    8491       2.7484
    8492       2.5919
    8493       2.5014
    8494       2.8080
    8495       2.8941
    8496       2.8214
    8497       2.6480
    8498       2.6520
    8499       2.8273
    8500       2.7107
    8501       2.5349
    8502       2.5382
    8503       2.5501
    8504       2.4232
    8505       2.4320
    8506       2.4460
    8507       2.4477
    8508       2.5453
    8509       2.3074
    8510       2.5793
    8511       2.6491
    8512       2.6714
    8513       2.5868
    8514       3.0040
    8515       2.9825
    8516       2.8106
    8517       2.7410
    8518       2.5737
    8519       2.4938
    8520       2.6070
    8521       2.7074
    8522       2.7111
    8523       2.6419
    8524       2.5271
    8525       2.4355
    8526       2.3843
    8527       2.6011
    8528       2.6625
    8529       2.5636
    8530       2.7113
    8531       2.5775
    8532       2.5702
    8533       2.5154
    8534       2.7365
    8535       2.6635
    8536       2.4585
    8537       2.6049
    8538       2.7249
    8539       2.9652
    8540       2.8533
    8541       2.8164
    8542       2.9431
    8543       3.0340
    8544       2.8108
    8545       2.8469
    8546       2.7901
    8547       2.6502
    8548       2.7011
    8549       2.5632
    8550       2.8142
    8551       2.9025
    8552       2.7469
    8553       2.8505
    8554       2.6563
    8555       2.3974
    8556       2.3559
    8557       2.1530
    8558       2.3941
    8559       2.2384
    8560       2.1624
    8561       2.5040
    8562       2.2227
    8563       2.4232
    8564       2.2921
    8565       1.9869
    8566       2.1173
    8567       2.1244
    8568       2.1841
    8569       2.3784
    8570       2.5115
    8571       2.3637
    8572       2.6671
    8573       2.5257
    8574       2.3225
    8575       2.2786
    8576       2.1090
    8577       2.1823
    8578       2.3242
    8579       2.0912
    8580       2.0505
    8581       2.2730
    8582       2.3123
    8583       2.3687
    8584       2.3508
    8585       2.3825
    8586       2.4764
    8587       2.6376
    8588       2.5164
    8589       2.3520
    8590       2.3990
    8591       2.2215
    8592       2.2765
    8593       2.3686
    8594       2.3742
    8595       2.3914
    8596       2.2976
    8597       2.3133
    8598       2.3076
    8599       2.2740
    8600       2.2668
    8601       2.3102
    8602       2.4683
    8603       2.5866
    8604       2.4691
    8605       2.4188
    8606       2.3287
    8607       2.3001
    8608       2.2031
    8609       2.2625
    8610       2.2863
    8611       2.2506
    8612       2.4482
    8613       2.4275
    8614       2.3543
    8615       2.4575
    8616       2.3206
    8617       2.3042
    8618       2.1660
    8619       2.5356
    8620       2.6938
    8621       2.8305
    8622       2.7042
    8623       2.6777
    8624       2.5730
    8625       2.4376
    8626       2.6034
    8627       2.4431
    8628       2.6393
    8629       2.6307
    8630       2.3339
    8631       2.6258
    8632       2.6988
    8633       2.2913
    8634       2.6229
    8635       2.6187
    8636       2.4474
    8637       2.2680
    8638       2.3083
    8639       2.5286
    8640       2.5640
    8641       2.5048
    8642       2.5717
    8643       2.3323
    8644       2.2663
    8645       2.2766
    8646       2.3952
    8647       2.4643
    8648       2.3001
    8649       2.1971
    8650       2.2330
    8651       2.3121
    8652       2.3962
    8653       2.4566
    8654       2.4176
    8655       2.4907
    8656       2.2683
    8657       2.2962
    8658       2.1166
    8659       2.2205
    8660       2.1057
    8661       2.1578
    8662       2.3969
    8663       2.2355
    8664       2.3546
    8665       2.2068
    8666       2.0427
    8667       2.0426
    8668       2.1364
    8669       2.2828
    8670       2.1658
    8671       2.1849
    8672       2.3460
    8673       2.3104
    8674       2.0702
    8675       2.0101
    8676       1.9299
    8677       1.9734
    8678       2.2537
    8679       2.1276
    8680       2.1246
    8681       2.1801
    8682       2.0022
    8683       1.9485
    8684       1.9829
    8685       1.8825
    8686       1.9053
    8687       1.9734
    8688       2.0931
    8689       2.0824
    8690       1.8855
    8691       2.0452
    8692       2.0187
    8693       2.1317
    8694       2.2155
    8695       2.0059
    8696       2.2526
    8697       2.1254
    8698       1.8170
    8699       1.8872
    8700       1.8704
    8701       2.0656
    8702       2.0503
    8703       2.0361
    8704       2.1259
    8705       2.1164
    8706       2.3537
    8707       2.3819
    8708       2.2728
    8709       2.2578
    8710       2.0510
    8711       1.9225
    8712       2.1600
    8713       2.1526
    8714       2.0838
    8715       1.9628
    8716       2.2345
    8717       2.2283
    8718       2.0905
    8719       1.9881
    8720       1.9674
    8721       2.1636
    8722       2.1104
    8723       2.2301
    8724       2.1872
    8725       2.1126
    8726       2.0857
    8727       2.1743
    8728       2.1621
    8729       1.9567
    8730       1.9648
    8731       2.0448
    8732       2.2097
    8733       2.2460
    8734       2.1670
    8735       2.5133
    8736       2.4166
    8737       2.3405
    8738       2.1558
    8739       2.0817
    8740       2.1149
    8741       2.0505
    8742       2.1539
    8743       2.1607
    8744       2.2407
    8745       2.4171
    8746       2.3647
    8747       2.3054
    8748       2.2039
    8749       2.3065
    8750       2.1754
    8751       2.1649
    8752       2.1616
    8753       2.1261
    8754       2.2588
    8755       2.1176
    8756       2.0937
    8757       2.2143
    8758       2.1430
    8759       2.2775
    8760       2.2900
    8761       2.2544
    8762       2.1041
    8763       2.1953
    8764       2.1535
    8765       2.4757
    8766       2.5427
    8767       2.6062
    8768       2.6757
    8769       2.5415
    8770       2.1435
    8771       2.0717
    8772       2.2509
    8773       2.1118
    8774       2.2129
    8775       2.1663
    8776       2.1940
    8777       1.9985
    8778       2.0208
    8779       1.8622
    8780       1.9310
    8781       2.0043
    8782       1.9674
    8783       2.2196
    8784       2.1837
    8785       2.1755
    8786       2.2174
    8787       2.1864
    8788       2.0009
    8789       2.0735
    8790       2.1577
    8791       2.2194
    8792       2.3317
    8793       2.2069
    8794       2.1637
    8795       2.1832
    8796       2.0571
    8797       2.0905
    8798       2.2148
    8799       2.3285
    8800       2.5032
    8801       2.6514
    8802       2.5601
    8803       2.4635
    8804       2.2040
    8805       2.3089
    8806       2.6790
    8807       2.6366
    8808       2.4720
    8809       2.5293
    8810       2.4918
    8811       2.4973
    8812       2.5253
    8813       2.0985
    8814       2.3021
    8815       2.2656
    8816       2.2489
    8817       2.1529
    8818       2.2867
    8819       2.4400
    8820       2.6023
    8821       2.6385
    8822       2.4936
    8823       2.6759
    8824       2.5256
    8825       2.3611
    8826       2.4093
    8827       2.2248
    8828       2.2476
    8829       2.4409
    8830       2.4094
    8831       2.5615
    8832       2.5540
    8833       2.7511
    8834       2.7922
    8835       2.5267
    8836       2.7022
    8837       2.4888
    8838       2.6389
    8839       2.3442
    8840       2.5590
    8841       2.6075
    8842       2.3953
    8843       2.4906
    8844       2.3279
    8845       2.3787
    8846       2.3971
    8847       2.3543
    8848       2.4699
    8849       2.3286
    8850       2.2977
    8851       2.3269
    8852       2.3245
    8853       2.3832
    8854       2.2351
    8855       2.2001
    8856       1.9270
    8857       1.9547
    8858       2.0126
    8859       1.9091
    8860       2.0270
    8861       2.0272
    8862       2.1804
    8863       2.4253
    8864       2.5683
    8865       2.5258
    8866       2.4599
    8867       2.5352
    8868       2.3390
    8869       2.5142
    8870       2.4150
    8871       2.5156
    8872       2.4233
    8873       2.5704
    8874       2.7267
    8875       2.6815
    8876       2.5767
    8877       2.7814
    8878       2.7311
    8879       2.6037
    8880       2.6533
    8881       2.6209
    8882       2.2755
    8883       2.3141
    8884       2.2587
    8885       2.3257
    8886       2.2854
    8887       2.4491
    8888       2.6446
    8889       2.6151
    8890       2.7296
    8891       2.7120
    8892       2.7345
    8893       2.8643
    8894       2.6007
    8895       2.7859
    8896       2.6065
    8897       2.5381
    8898       2.4929
    8899       2.3585
    8900       2.5890
    8901       2.3417
    8902       2.4524
    8903       2.3526
    8904       2.2700
    8905       2.3424
    8906       2.4963
    8907       2.5945
    8908       2.5542
    8909       2.5395
    8910       2.5200
    8911       2.4963
    8912       2.3993
    8913       2.4806
    8914       2.6521
    8915       2.4370
    8916       2.5359
    8917       2.6610
    8918       2.7668
    8919       2.6924
    8920       2.6687
    8921       2.7820
    8922       2.8264
    8923       2.4987
    8924       2.4667
    8925       2.3896
    8926       2.5072
    8927       2.3613
    8928       2.3367
    8929       2.3627
    8930       2.3604
    8931       2.7841
    8932       2.4462
    8933       2.5718
    8934       2.4482
    8935       2.2810
    8936       2.2572
    8937       2.3855
    8938       2.4434
    8939       2.5865
    8940       2.5972
    8941       2.7096
    8942       2.4410
    8943       2.5321
    8944       2.5217
    8945       2.2506
    8946       2.2218
    8947       2.3855
    8948       2.6162
    8949       2.4633
    8950       2.4082
    8951       2.3329
    8952       2.2080
    8953       2.2071
    8954       2.0909
    8955       2.2327
    8956       2.3185
    8957       2.2142
    8958       2.2124
    8959       2.5058
    8960       2.4502
    8961       2.5770
    8962       2.3827
    8963       2.2108
    8964       2.1772
    8965       2.0469
    8966       2.2148
    8967       2.1569
    8968       2.2200
    8969       2.0939
    8970       2.1053
    8971       1.9992
    8972       2.1007
    8973       2.0728
    8974       2.1649
    8975       2.1079
    8976       2.1806
    8977       2.2949
    8978       2.4738
    8979       2.4783
    8980       2.8295
    8981       2.9056
    8982       2.8308
    8983       2.9039
    8984       2.8333
    8985       2.6609
    8986       2.6669
    8987       2.4451
    8988       2.4322
    8989       2.6427
    8990       2.5478
    8991       2.4041
    8992       2.5394
    8993       2.4197
    8994       2.7272
    8995       2.7266
    8996       2.8590
    8997       3.0315
    8998       3.0088
    8999       2.7801
    9000       2.9409
    9001       2.8118
    9002       2.7231
    9003       2.8282
    9004       2.5581
    9005       2.5606
    9006       2.4573
    9007       2.3097
    9008       2.0980
    9009       2.0762
    9010       1.8961
    9011       1.8619
    9012       2.0459
    9013       2.1107
    9014       2.0397
    9015       2.0735
    9016       1.9835
    9017       1.8140
    9018       1.8060
    9019       1.8152
    9020       2.1739
    9021       2.3613
    9022       2.3430
    9023       2.1805
    9024       2.0313
    9025       2.2601
    9026       2.3703
    9027       2.1879
    9028       2.2960
    9029       2.0308
    9030       1.9243
    9031       1.8521
    9032       1.9256
    9033       2.0636
    9034       2.0011
    9035       2.1437
    9036       2.0258
    9037       1.9341
    9038       2.0680
    9039       1.9331
    9040       1.9882
    9041       2.0073
    9042       1.8693
    9043       1.8212
    9044       1.9410
    9045       2.0236
    9046       2.0163
    9047       1.8643
    9048       1.7338
    9049       1.6342
    9050       1.7061
    9051       1.7876
    9052       1.9365
    9053       1.8262
    9054       1.8494
    9055       2.0964
    9056       1.8604
    9057       1.8066
    9058       1.8703
    9059       1.9411
    9060       1.8594
    9061       2.1110
    9062       2.1112
    9063       2.2619
    9064       2.0275
    9065       1.9401
    9066       1.8746
    9067       1.8361
    9068       1.9584
    9069       2.0762
    9070       1.9708
    9071       1.8089
    9072       2.0558
    9073       1.9633
    9074       2.0626
    9075       2.0821
    9076       2.2379
    9077       2.3176
    9078       2.2148
    9079       1.9734
    9080       1.7699
    9081       1.7506
    9082       1.8634
    9083       1.9932
    9084       2.1929
    9085       2.1120
    9086       2.1319
    9087       2.1384
    9088       1.9648
    9089       1.7508
    9090       1.8534
    9091       1.8480
    9092       1.9096
    9093       2.1880
    9094       2.0190
    9095       1.8693
    9096       1.9836
    9097       1.9399
    9098       1.8848
    9099       1.9324
    9100       1.6054
    9101       1.6518
    9102       1.8422
    9103       1.7875
    9104       2.0479
    9105       1.8817
    9106       1.9128
    9107       1.9283
    9108       1.7922
    9109       1.8568
    9110       2.1410
    9111       1.9522
    9112       1.7436
    9113       1.8302
    9114       1.7138
    9115       1.8412
    9116       1.8458
    9117       1.9349
    9118       1.9354
    9119       1.9726
    9120       2.2157
    9121       1.9431
    9122       1.9000
    9123       1.8055
    9124       1.9556
    9125       2.0216
    9126       2.0067
    9127       2.0545
    9128       1.8529
    9129       2.0187
    9130       1.9251
    9131       1.9531
    9132       1.8939
    9133       1.9410
    9134       1.8647
    9135       2.0122
    9136       1.8700
    9137       1.7798
    9138       1.9068
    9139       1.8826
    9140       2.0847
    9141       1.9879
    9142       1.9934
    9143       1.9567
    9144       2.1969
    9145       2.1942
    9146       2.0141
    9147       1.8512
    9148       1.9120
    9149       2.0134
    9150       1.7339
    9151       1.7413
    9152       1.9835
    9153       2.0395
    9154       2.3010
    9155       2.1253
    9156       2.0146
    9157       2.0331
    9158       2.0237
    9159       1.9145
    9160       1.8908
    9161       1.8864
    9162       1.8274
    9163       1.7743
    9164       1.6952
    9165       1.6526
    9166       1.8079
    9167       1.8768
    9168       1.9771
    9169       2.0548
    9170       1.9971
    9171       1.8775
    9172       2.0293
    9173       1.9346
    9174       1.9836
    9175       1.9995
    9176       2.0966
    9177       2.0900
    9178       1.9209
    9179       1.9596
    9180       2.0168
    9181       1.9945
    9182       1.9536
    9183       1.7947
    9184       1.7338
    9185       1.7160
    9186       1.8966
    9187       1.9657
    9188       2.1819
    9189       2.1850
    9190       1.9051
    9191       1.9169
    9192       1.9198
    9193       1.9660
    9194       1.9540
    9195       1.9073
    9196       1.9888
    9197       1.9882
    9198       1.8662
    9199       1.9229
    9200       2.0425
    9201       2.0617
    9202       2.1040
    9203       2.0636
    9204       1.8874
    9205       1.9283
    9206       2.0122
    9207       2.0482
    9208       1.8348
    9209       1.8046
    9210       1.7239
    9211       1.9657
    9212       1.7869
    9213       1.8353
    9214       1.8644
    9215       1.8210
    9216       1.8024
    9217       1.7673
    9218       1.7316
    9219       1.8286
    9220       1.8780
    9221       1.9337
    9222       2.0870
    9223       2.1836
    9224       2.2730
    9225       2.2981
    9226       2.2342
    9227       2.2719
    9228       2.1053
    9229       2.1012
    9230       2.0661
    9231       2.2605
    9232       2.1634
    9233       1.9683
    9234       1.9025
    9235       1.9717
    9236       2.0731
    9237       1.9982
    9238       1.9668
    9239       2.0297
    9240       2.1225
    9241       2.0748
    9242       2.0924
    9243       2.1223
    9244       2.0023
    9245       2.1224
    9246       2.0848
    9247       2.0521
    9248       1.9221
    9249       1.8910
    9250       1.9925
    9251       2.0406
    9252       2.1056
    9253       2.0889
    9254       2.1360
    9255       2.1636
    9256       1.9240
    9257       1.9817
    9258       2.0341
    9259       2.1506
    9260       2.0795
    9261       2.0573
    9262       2.0797
    9263       2.0447
    9264       2.0159
    9265       2.0010
    9266       2.1048
    9267       2.2380
    9268       2.2755
    9269       2.1342
    9270       2.1142
    9271       2.0633
    9272       2.2239
    9273       2.2879
    9274       2.0409
    9275       2.1819
    9276       2.2559
    9277       2.1023
    9278       2.0443
    9279       1.9197
    9280       1.9379
    9281       2.1659
    9282       2.1989
    9283       2.2887
    9284       2.1850
    9285       2.2861
    9286       2.1866
    9287       2.1223
    9288       2.0727
    9289       2.2736
    9290       2.1822
    9291       2.0030
    9292       1.9618
    9293       1.9579
    9294       1.9684
    9295       1.9207
    9296       2.0784
    9297       2.1496
    9298       2.0444
    9299       2.1514
    9300       2.2099
    9301       2.2514
    9302       2.2093
    9303       2.1114
    9304       2.1169
    9305       1.9317
    9306       2.1238
    9307       1.8951
    9308       1.8545
    9309       1.8818
    9310       1.9770
    9311       1.7450
    9312       1.8672
    9313       2.1123
    9314       2.0064
    9315       2.1259
    9316       1.9223
    9317       1.8923
    9318       1.9862
    9319       2.0575
    9320       2.0470
    9321       2.0419
    9322       2.1091
    9323       2.0824
    9324       2.2196
    9325       2.0414
    9326       2.0601
    9327       1.9491
    9328       2.1097
    9329       2.0136
    9330       1.8484
    9331       2.1339
    9332       2.1066
    9333       2.0150
    9334       2.1931
    9335       2.1824
    9336       1.9060
    9337       2.0901
    9338       2.3440
    9339       2.4950
    9340       2.3884
    9341       2.3771
    9342       2.3682
    9343       2.3074
    9344       2.4106
    9345       2.4728
    9346       2.3378
    9347       2.3092
    9348       2.4587
    9349       2.2586
    9350       2.0838
    9351       1.8980
    9352       1.9067
    9353       1.9382
    9354       1.8320
    9355       1.9567
    9356       1.9654
    9357       2.0212
    9358       2.0830
    9359       2.3647
    9360       2.3088
    9361       2.2797
    9362       2.4157
    9363       2.4460
    9364       2.4642
    9365       2.5507
    9366       2.5776
    9367       2.5783
    9368       2.5345
    9369       2.4851
    9370       2.4532
    9371       2.3430
    9372       2.4651
    9373       2.2979
    9374       2.2521
    9375       2.2338
    9376       2.1472
    9377       2.1645
    9378       2.2332
    9379       2.0660
    9380       1.9836
    9381       1.8663
    9382       2.1590
    9383       2.4744
    9384       2.2949
    9385       2.3434
    9386       2.2211
    9387       2.3056
    9388       2.3239
    9389       2.1331
    9390       2.1217
    9391       2.2305
    9392       2.2059
    9393       2.0586
    9394       2.1691
    9395       2.1224
    9396       2.1368
    9397       2.1860
    9398       2.2167
    9399       2.3627
    9400       2.2040
    9401       2.2271
    9402       2.3670
    9403       2.2663
    9404       2.2750
    9405       2.3636
    9406       2.4196
    9407       2.4408
    9408       2.5001
    9409       2.3168
    9410       2.3491
    9411       2.4767
    9412       2.5701
    9413       2.5674
    9414       2.5943
    9415       2.2432
    9416       2.2009
    9417       2.2106
    9418       2.1883
    9419       2.3513
    9420       2.4857
    9421       2.5307
    9422       2.5720
    9423       2.5181
    9424       2.5849
    9425       2.4932
    9426       2.5294
    9427       2.4366
    9428       2.2209
    9429       2.1097
    9430       2.0517
    9431       2.2559
    9432       2.1597
    9433       2.0424
    9434       2.0467
    9435       2.1235
    9436       2.1763
    9437       2.0670
    9438       1.9266
    9439       1.7987
    9440       1.8037
    9441       1.8416
    9442       1.9838
    9443       1.8753
    9444       1.8741
    9445       1.9517
    9446       1.9301
    9447       1.9947
    9448       2.1059
    9449       2.0936
    9450       2.0748
    9451       2.0010
    9452       1.9621
    9453       2.0948
    9454       1.9567
    9455       2.0070
    9456       1.9176
    9457       1.9952
    9458       1.9906
    9459       1.9953
    9460       1.9551
    9461       2.1804
    9462       2.2661
    9463       2.2865
    9464       2.3571
    9465       2.2110
    9466       2.2140
    9467       2.2981
    9468       2.2731
    9469       2.3946
    9470       2.6827
    9471       2.7112
    9472       2.6165
    9473       2.5564
    9474       2.3139
    9475       2.2765
    9476       2.2733
    9477       2.1625
    9478       1.9829
    9479       2.0560
    9480       2.0575
    9481       2.0364
    9482       2.1076
    9483       2.2594
    9484       2.1774
    9485       2.1121
    9486       2.1877
    9487       2.0897
    9488       2.0288
    9489       2.1220
    9490       2.0146
    9491       2.0103
    9492       1.9637
    9493       2.0963
    9494       2.0691
    9495       2.0514
    9496       2.0757
    9497       2.0363
    9498       2.1254
    9499       2.1825
    9500       2.0991
    9501       2.2089
    9502       2.1846
    9503       2.0544
    9504       2.0572
    9505       2.2262
    9506       2.0811
    9507       1.9527
    9508       1.9318
    9509       2.1321
    9510       2.0953
    9511       2.1663
    9512       2.0979
    9513       2.1979
    9514       2.3492
    9515       2.3879
    9516       2.3145
    9517       2.3049
    9518       2.3224
    9519       2.2402
    9520       2.5068
    9521       2.3217
    9522       2.3846
    9523       2.3225
    9524       2.3080
    9525       2.4403
    9526       2.2830
    9527       2.2252
    9528       2.2019
    9529       2.0438
    9530       2.0466
    9531       2.0714
    9532       1.8574
    9533       1.8455
    9534       1.9134
    9535       1.9555
    9536       2.1225
    9537       2.0770
    9538       1.9639
    9539       2.0543
    9540       2.0315
    9541       2.0242
    9542       2.0682
    9543       2.0598
    9544       2.1457
    9545       2.0543
    9546       2.1490
    9547       2.0729
    9548       1.9672
    9549       2.1354
    9550       2.0651
    9551       2.0932
    9552       1.9389
    9553       2.0235
    9554       2.3229
    9555       2.1513
    9556       2.0588
    9557       2.1923
    9558       2.0450
    9559       2.2470
    9560       2.1642
    9561       2.3503
    9562       2.1941
    9563       2.1772
    9564       2.1686
    9565       1.9953
    9566       1.9990
    9567       2.0649
    9568       2.0808
    9569       2.0674
    9570       2.0702
    9571       1.9968
    9572       1.8736
    9573       1.8192
    9574       1.9204
    9575       1.9922
    9576       1.9604
    9577       1.8901
    9578       1.9385
    9579       1.8673
    9580       1.8949
    9581       1.9178
    9582       1.8207
    9583       1.9448
    9584       1.9351
    9585       1.9498
    9586       1.9588
    9587       1.9351
    9588       1.8301
    9589       1.8494
    9590       1.9085
    9591       1.9364
    9592       2.0280
    9593       2.0222
    9594       1.8507
    9595       1.8437
    9596       1.8233
    9597       1.9849
    9598       2.0418
    9599       1.9373
    9600       1.8909
    9601       1.7139
    9602       1.8230
    9603       1.7393
    9604       1.7828
    9605       1.9208
    9606       1.8627
    9607       1.9859
    9608       1.8637
    9609       1.8843
    9610       1.9018
    9611       1.9620
    9612       2.0391
    9613       1.9640
    9614       1.9508
    9615       1.9586
    9616       1.9791
    9617       2.0153
    9618       1.9611
    9619       1.8550
    9620       1.8740
    9621       1.9159
    9622       1.8402
    9623       1.8674
    9624       1.9176
    9625       1.7666
    9626       1.7056
    9627       1.6798
    9628       1.6226
    9629       1.6945
    9630       1.8072
    9631       1.8856
    9632       1.6864
    9633       1.7860
    9634       1.7781
    9635       1.6674
    9636       1.8233
    9637       1.7103
    9638       1.7042
    9639       1.8628
    9640       1.5968
    9641       1.6747
    9642       1.8635
    9643       1.7243
    9644       1.8159
    9645       1.9661
    9646       2.0426
    9647       2.0369
    9648       1.8395
    9649       1.9548
    9650       1.8023
    9651       1.8048
    9652       1.8000
    9653       1.7710
    9654       1.9853
    9655       1.9214
    9656       1.7852
    9657       1.7208
    9658       1.7598
    9659       1.7328
    9660       1.6435
    9661       1.6857
    9662       1.7654
    9663       1.7401
    9664       1.7789
    9665       1.9425
    9666       1.8915
    9667       1.9058
    9668       1.8347
    9669       1.9047
    9670       1.7003
    9671       1.7055
    9672       1.8910
    9673       1.9194
    9674       1.9502
    9675       1.8841
    9676       1.7315
    9677       1.8394
    9678       1.7477
    9679       1.7609
    9680       1.8335
    9681       1.8244
    9682       1.8742
    9683       2.0108
    9684       1.9557
    9685       2.0636
    9686       1.9302
    9687       1.9860
    9688       2.0113
    9689       1.9718
    9690       1.8220
    9691       1.8400
    9692       1.7812
    9693       1.8863
    9694       1.8002
    9695       1.8970
    9696       1.8396
    9697       1.8401
    9698       1.9316
    9699       1.8376
    9700       1.8058
    9701       1.7653
    9702       1.6266
    9703       1.5626
    9704       1.6626
    9705       1.7490
    9706       1.7811
    9707       1.7060
    9708       1.7482
    9709       1.6877
    9710       1.8032
    9711       1.7130
    9712       1.7651
    9713       1.6665
    9714       1.7078
    9715       1.7081
    9716       1.7543
    9717       1.7050
    9718       1.8450
    9719       1.7384
    9720       1.9145
    9721       1.8694
    9722       1.9316
    9723       2.0247
    9724       1.9068
    9725       1.9031
    9726       1.9707
    9727       1.8551
    9728       2.0248
    9729       1.9805
    9730       1.9749
    9731       2.0649
    9732       1.9672
    9733       2.1904
    9734       2.2296
    9735       2.1640
    9736       2.0418
    9737       2.0592
    9738       1.9599
    9739       1.8202
    9740       1.8772
    9741       1.8206
    9742       1.7876
    9743       1.7868
    9744       1.8302
    9745       1.8740
    9746       1.8908
    9747       1.8478
    9748       1.8757
    9749       1.8247
    9750       1.9613
    9751       2.0713
    9752       1.9291
    9753       1.8589
    9754       1.7100
    9755       1.7711
    9756       1.8892
    9757       1.8427
    9758       1.8358
    9759       1.7568
    9760       1.8555
    9761       2.0109
    9762       1.9574
    9763       1.8481
    9764       1.7071
    9765       1.8432
    9766       1.9669
    9767       1.9125
    9768       1.9549
    9769       2.2333
    9770       2.5517
    9771       2.4245
    9772       2.4229
    9773       2.4454
    9774       2.6514
    9775       2.4373
    9776       2.3153
    9777       2.4082
    9778       2.2250
    9779       2.2371
    9780       2.4373
    9781       2.5770
    9782       2.3441
    9783       2.1985
    9784       2.1938
    9785       2.2554
    9786       2.1465
    9787       2.1223
    9788       2.1032
    9789       2.0663
    9790       2.0127
    9791       1.8818
    9792       1.9196
    9793       1.8728
    9794       1.8933
    9795       1.8295
    9796       1.8173
    9797       1.8307
    9798       1.7804
    9799       1.7494
    9800       1.6788
    9801       1.8089
    9802       1.8085
    9803       1.7778
    9804       1.9391
    9805       1.9835
    9806       1.7170
    9807       1.8915
    9808       2.0212
    9809       1.9043
    9810       1.9497
    9811       1.9981
    9812       2.0296
    9813       1.9507
    9814       2.0039
    9815       2.0745
    9816       1.9289
    9817       2.0962
    9818       2.0492
    9819       2.2177
    9820       2.1670
    9821       2.0950
    9822       2.1276
    9823       2.0829
    9824       2.0524
    9825       2.2059
    9826       2.2646
    9827       2.2519
    9828       2.1573
    9829       2.2100
    9830       2.2408
    9831       2.2875
    9832       2.2712
    9833       2.2103
    9834       2.1284
    9835       2.1087
    9836       2.0456
    9837       1.9816
    9838       1.9628
    9839       2.0817
    9840       2.1131
    9841       2.0622
    9842       2.1703
    9843       2.0735
    9844       1.9578
    9845       1.9758
    9846       1.9711
    9847       1.9188
    9848       1.9441
    9849       1.9429
    9850       1.8318
    9851       1.7990
    9852       1.8809
    9853       1.9696
    9854       2.0790
    9855       1.8997
    9856       2.1680
    9857       1.9545
    9858       2.0004
    9859       1.8403
    9860       1.9100
    9861       2.0110
    9862       1.9437
    9863       1.9301
    9864       1.8510
    9865       2.0357
    9866       2.1271
    9867       2.0605
    9868       1.9212
    9869       1.8587
    9870       2.0331
    9871       2.0829
    9872       1.9566
    9873       2.0273
    9874       2.0769
    9875       2.0776
    9876       2.0247
    9877       2.0676
    9878       1.9822
    9879       2.1622
    9880       2.0127
    9881       2.1376
    9882       2.1903
    9883       2.0599
    9884       1.9146
    9885       1.9587
    9886       1.8767
    9887       1.7786
    9888       1.8091
    9889       1.8399
    9890       1.8302
    9891       1.7913
    9892       1.7933
    9893       1.6078
    9894       1.7092
    9895       1.6495
    9896       1.7027
    9897       1.7317
    9898       1.7638
    9899       1.7396
    9900       1.5988
    9901       1.7160
    9902       1.8068
    9903       1.6761
    9904       1.5952
    9905       1.5796
    9906       1.5999
    9907       1.5918
    9908       1.5811
    9909       1.4811
    9910       1.4670
    9911       1.5329
    9912       1.4919
    9913       1.4885
    9914       1.6405
    9915       1.5702
    9916       1.5867
    9917       1.5603
    9918       1.4907
    9919       1.7315
    9920       1.5949
    9921       1.6269
    9922       1.5612
    9923       1.5398
    9924       1.6005
    9925       1.6145
    9926       1.6848
    9927       1.6726
    9928       1.8744
    9929       1.9261
    9930       1.8193
    9931       1.9047
    9932       1.9614
    9933       1.8725
    9934       1.9305
    9935       2.0341
    9936       1.9314
    9937       1.9490
    9938       1.6987
    9939       1.7373
    9940       1.6990
    9941       1.6361
    9942       1.6301
    9943       1.7608
    9944       1.7764
    9945       1.6931
    9946       1.7254
    9947       1.7894
    9948       1.7898
    9949       1.8879
    9950       1.8169
    9951       1.9000
    9952       1.8413
    9953       1.8909
    9954       1.7226
    9955       1.7727
    9956       1.6945
    9957       1.7161
    9958       1.7481
    9959       1.6255
    9960       1.7791
    9961       1.7473
    9962       1.5693
    9963       1.5516
    9964       1.6502
    9965       1.4682
    9966       1.5082
    9967       1.6992
    9968       1.6488
    9969       1.6087
    9970       1.5586
    9971       1.6360
    9972       1.7604
    9973       1.8388
    9974       1.9119
    9975       1.8351
    9976       1.9583
    9977       1.6999
    9978       1.5301
    9979       1.7443
    9980       1.9216
    9981       1.8303
    9982       1.7910
    9983       1.7196
    9984       1.7077
    9985       1.7416
    9986       1.7038
    9987       1.7678
    9988       1.6696
    9989       1.5962
    9990       1.4373
    9991       1.5424
    9992       1.3975
    9993       1.4499
    9994       1.5047
    9995       1.5177
    9996       1.4437
    9997       1.5572
    9998       1.4859
    9999       1.6740
   10000       1.6129
