#Frame      RoG_00001  
       1      28.1151
       2      28.1195
       3      28.0745
       4      28.2571
       5      28.2504
       6      28.2382
       7      28.2044
       8      28.1685
       9      28.2431
      10      28.2642
      11      28.3166
      12      28.3319
      13      28.3000
      14      28.2595
      15      28.3310
      16      28.3404
      17      28.3536
      18      28.3280
      19      28.3179
      20      28.3252
      21      28.2528
      22      28.2615
      23      28.2353
      24      28.2190
      25      28.4065
      26      28.2368
      27      28.2571
      28      28.2606
      29      28.2740
      30      28.3186
      31      28.3612
      32      28.2617
      33      28.2659
      34      28.2741
      35      28.3085
      36      28.3289
      37      28.3784
      38      28.3003
      39      28.3150
      40      28.3569
      41      28.3144
      42      28.3517
      43      28.4289
      44      28.3010
      45      28.2717
      46      28.3385
      47      28.3431
      48      28.2283
      49      28.2674
      50      28.3245
      51      28.2025
      52      28.2776
      53      28.2582
      54      28.2739
      55      28.3323
      56      28.3449
      57      28.3879
      58      28.3260
      59      28.2740
      60      28.2357
      61      28.2514
      62      28.2963
      63      28.2589
      64      28.2084
      65      28.2106
      66      28.2698
      67      28.3321
      68      28.2916
      69      28.2511
      70      28.2952
      71      28.4091
      72      28.2750
      73      28.3617
      74      28.3159
      75      28.2501
      76      28.3138
      77      28.3845
      78      28.2653
      79      28.4031
      80      28.3365
      81      28.2182
      82      28.2421
      83      28.3154
      84      28.3023
      85      28.2917
      86      28.3482
      87      28.3328
      88      28.2477
      89      28.3416
      90      28.3497
      91      28.3727
      92      28.3339
      93      28.3048
      94      28.3882
      95      28.4258
      96      28.4474
      97      28.2255
      98      28.3323
      99      28.2240
     100      28.1709
     101      28.2194
     102      28.1629
     103      28.3058
     104      28.1878
     105      28.1934
     106      28.2721
     107      28.3523
     108      28.3520
     109      28.3558
     110      28.4273
     111      28.3895
     112      28.4878
     113      28.3804
     114      28.3651
     115      28.4028
     116      28.3471
     117      28.3325
     118      28.3623
     119      28.3677
     120      28.3933
     121      28.2943
     122      28.3961
     123      28.3172
     124      28.3945
     125      28.3893
     126      28.3712
     127      28.2846
     128      28.3177
     129      28.2569
     130      28.4624
     131      28.5191
     132      28.3712
     133      28.2825
     134      28.4051
     135      28.3405
     136      28.3883
     137      28.4613
     138      28.3366
     139      28.2411
     140      28.4289
     141      28.3948
     142      28.2219
     143      28.3684
     144      28.3974
     145      28.4725
     146      28.2917
     147      28.3094
     148      28.3682
     149      28.3929
     150      28.3212
     151      28.3897
     152      28.4667
     153      28.4435
     154      28.4690
     155      28.4020
     156      28.2932
     157      28.3770
     158      28.4161
     159      28.3623
     160      28.3319
     161      28.2968
     162      28.3673
     163      28.2804
     164      28.3823
     165      28.3173
     166      28.3943
     167      28.4428
     168      28.4085
     169      28.4040
     170      28.3703
     171      28.4397
     172      28.4715
     173      28.4290
     174      28.5279
     175      28.5645
     176      28.5907
     177      28.6062
     178      28.6249
     179      28.6868
     180      28.5032
     181      28.5690
     182      28.5071
     183      28.6139
     184      28.6064
     185      28.5435
     186      28.4002
     187      28.3912
     188      28.3929
     189      28.4113
     190      28.4581
     191      28.5002
     192      28.3348
     193      28.5091
     194      28.4355
     195      28.5328
     196      28.5338
     197      28.5079
     198      28.4128
     199      28.4084
     200      28.4910
     201      28.5114
     202      28.4422
     203      28.5115
     204      28.4351
     205      28.4181
     206      28.4629
     207      28.4447
     208      28.4066
     209      28.3641
     210      28.3669
     211      28.3638
     212      28.4510
     213      28.4779
     214      28.4373
     215      28.5343
     216      28.4880
     217      28.4899
     218      28.3650
     219      28.3213
     220      28.3202
     221      28.4302
     222      28.3842
     223      28.3277
     224      28.3744
     225      28.3705
     226      28.4726
     227      28.3610
     228      28.2046
     229      28.2819
     230      28.2836
     231      28.3242
     232      28.3093
     233      28.3254
     234      28.2952
     235      28.3220
     236      28.3239
     237      28.3571
     238      28.1556
     239      28.2464
     240      28.2225
     241      28.2208
     242      28.3294
     243      28.3214
     244      28.3308
     245      28.2790
     246      28.3611
     247      28.2927
     248      28.3825
     249      28.2919
     250      28.2374
     251      28.2469
     252      28.2391
     253      28.2152
     254      28.2286
     255      28.1667
     256      28.3237
     257      28.1908
     258      28.1808
     259      28.2540
     260      28.3435
     261      28.3634
     262      28.3135
     263      28.2599
     264      28.2516
     265      28.2837
     266      28.2591
     267      28.2233
     268      28.1801
     269      28.2863
     270      28.2981
     271      28.2816
     272      28.3941
     273      28.2967
     274      28.2640
     275      28.3285
     276      28.2712
     277      28.2697
     278      28.2890
     279      28.2338
     280      28.1536
     281      28.3570
     282      28.1974
     283      28.3116
     284      28.2155
     285      28.1606
     286      28.2648
     287      28.2112
     288      28.2124
     289      28.1273
     290      28.2481
     291      28.2118
     292      28.1748
     293      28.2192
     294      28.2600
     295      28.1954
     296      28.2632
     297      28.1420
     298      28.2377
     299      28.2809
     300      28.2853
     301      28.1813
     302      28.0914
     303      28.1172
     304      28.2313
     305      28.1435
     306      28.1873
     307      28.2406
     308      28.2249
     309      28.2688
     310      28.2319
     311      28.2939
     312      28.2523
     313      28.3828
     314      28.2697
     315      28.3383
     316      28.3662
     317      28.3602
     318      28.4133
     319      28.4076
     320      28.4863
     321      28.4432
     322      28.4666
     323      28.4433
     324      28.4166
     325      28.3965
     326      28.4161
     327      28.2764
     328      28.3356
     329      28.3099
     330      28.4120
     331      28.3234
     332      28.3214
     333      28.4473
     334      28.3553
     335      28.3838
     336      28.4655
     337      28.4321
     338      28.3048
     339      28.4536
     340      28.3988
     341      28.4632
     342      28.3221
     343      28.3105
     344      28.4287
     345      28.3475
     346      28.3141
     347      28.3735
     348      28.3535
     349      28.3065
     350      28.4429
     351      28.5056
     352      28.4175
     353      28.2875
     354      28.3814
     355      28.2856
     356      28.2414
     357      28.3329
     358      28.2750
     359      28.3569
     360      28.2862
     361      28.1984
     362      28.3061
     363      28.4069
     364      28.3776
     365      28.3770
     366      28.3220
     367      28.2253
     368      28.2352
     369      28.3542
     370      28.3883
     371      28.3569
     372      28.2592
     373      28.3206
     374      28.3570
     375      28.2782
     376      28.3028
     377      28.3212
     378      28.3216
     379      28.3599
     380      28.4564
     381      28.4087
     382      28.3049
     383      28.3944
     384      28.3607
     385      28.2440
     386      28.4123
     387      28.3026
     388      28.4578
     389      28.3980
     390      28.3896
     391      28.3493
     392      28.3149
     393      28.2445
     394      28.3400
     395      28.4781
     396      28.3687
     397      28.4896
     398      28.4788
     399      28.4495
     400      28.4580
     401      28.3594
     402      28.2982
     403      28.2286
     404      28.3688
     405      28.3828
     406      28.3630
     407      28.2760
     408      28.3514
     409      28.3790
     410      28.4083
     411      28.3898
     412      28.3377
     413      28.4793
     414      28.4726
     415      28.4579
     416      28.4989
     417      28.4694
     418      28.3946
     419      28.4355
     420      28.3864
     421      28.3426
     422      28.3381
     423      28.3239
     424      28.2031
     425      28.3931
     426      28.4102
     427      28.3933
     428      28.4407
     429      28.3684
     430      28.4656
     431      28.4797
     432      28.4489
     433      28.3952
     434      28.4234
     435      28.5197
     436      28.6090
     437      28.4731
     438      28.5725
     439      28.6271
     440      28.5291
     441      28.6200
     442      28.5694
     443      28.4839
     444      28.5393
     445      28.5045
     446      28.5330
     447      28.2771
     448      28.5044
     449      28.7043
     450      28.6313
     451      28.5141
     452      28.6026
     453      28.6970
     454      28.6260
     455      28.7685
     456      28.7194
     457      28.7080
     458      28.8453
     459      28.7326
     460      28.6546
     461      28.7437
     462      28.7449
     463      28.6203
     464      28.6515
     465      28.5757
     466      28.6638
     467      28.5391
     468      28.5460
     469      28.4970
     470      28.3989
     471      28.4471
     472      28.4256
     473      28.4264
     474      28.4563
     475      28.4351
     476      28.5232
     477      28.6179
     478      28.5304
     479      28.4958
     480      28.5895
     481      28.5508
     482      28.5066
     483      28.5083
     484      28.5655
     485      28.5428
     486      28.5792
     487      28.5763
     488      28.4424
     489      28.6313
     490      28.6711
     491      28.6542
     492      28.6526
     493      28.5664
     494      28.5956
     495      28.6275
     496      28.6461
     497      28.5885
     498      28.6778
     499      28.6526
     500      28.5901
     501      28.5563
     502      28.5472
     503      28.6112
     504      28.4732
     505      28.5646
     506      28.5039
     507      28.4315
     508      28.6443
     509      28.5817
     510      28.4131
     511      28.5723
     512      28.5725
     513      28.5681
     514      28.3864
     515      28.4169
     516      28.3880
     517      28.4551
     518      28.5062
     519      28.5216
     520      28.6028
     521      28.6254
     522      28.6544
     523      28.6400
     524      28.4991
     525      28.6051
     526      28.4792
     527      28.4057
     528      28.3820
     529      28.5023
     530      28.4571
     531      28.5042
     532      28.4499
     533      28.4944
     534      28.4252
     535      28.3184
     536      28.3920
     537      28.3496
     538      28.4116
     539      28.4267
     540      28.3778
     541      28.3890
     542      28.3757
     543      28.3679
     544      28.2406
     545      28.3548
     546      28.3287
     547      28.3888
     548      28.2376
     549      28.2622
     550      28.4097
     551      28.5256
     552      28.4310
     553      28.5357
     554      28.5041
     555      28.5071
     556      28.4316
     557      28.4226
     558      28.3415
     559      28.3038
     560      28.3641
     561      28.4407
     562      28.3967
     563      28.5373
     564      28.5239
     565      28.3891
     566      28.5292
     567      28.4719
     568      28.4270
     569      28.5206
     570      28.4997
     571      28.5162
     572      28.4942
     573      28.4284
     574      28.3789
     575      28.5065
     576      28.4363
     577      28.5076
     578      28.5370
     579      28.6153
     580      28.4458
     581      28.5558
     582      28.4979
     583      28.4947
     584      28.5937
     585      28.3803
     586      28.5038
     587      28.4930
     588      28.4732
     589      28.4987
     590      28.5040
     591      28.5196
     592      28.4669
     593      28.5757
     594      28.5771
     595      28.5249
     596      28.5256
     597      28.4921
     598      28.4721
     599      28.3977
     600      28.4409
     601      28.4531
     602      28.4744
     603      28.4352
     604      28.4648
     605      28.4956
     606      28.4384
     607      28.3539
     608      28.4105
     609      28.4045
     610      28.3436
     611      28.4593
     612      28.5829
     613      28.4163
     614      28.4392
     615      28.5080
     616      28.4567
     617      28.4181
     618      28.4397
     619      28.4009
     620      28.5132
     621      28.4116
     622      28.4962
     623      28.4611
     624      28.5127
     625      28.3878
     626      28.3955
     627      28.2832
     628      28.3589
     629      28.3346
     630      28.3696
     631      28.2867
     632      28.2635
     633      28.3206
     634      28.2229
     635      28.3827
     636      28.3131
     637      28.4057
     638      28.4414
     639      28.3402
     640      28.3177
     641      28.2440
     642      28.2858
     643      28.2285
     644      28.2352
     645      28.1808
     646      28.3062
     647      28.2243
     648      28.2786
     649      28.3849
     650      28.2610
     651      28.3095
     652      28.3528
     653      28.2766
     654      28.2399
     655      28.2781
     656      28.3276
     657      28.2352
     658      28.3658
     659      28.3363
     660      28.3169
     661      28.3666
     662      28.3764
     663      28.2781
     664      28.2125
     665      28.1801
     666      28.1776
     667      28.1349
     668      28.1891
     669      28.2586
     670      28.2777
     671      28.2212
     672      28.2556
     673      28.3125
     674      28.2708
     675      28.2553
     676      28.2794
     677      28.2266
     678      28.1666
     679      28.3065
     680      28.2020
     681      28.1347
     682      28.2553
     683      28.2210
     684      28.3012
     685      28.2781
     686      28.1905
     687      28.2135
     688      28.2395
     689      28.3049
     690      28.2853
     691      28.2508
     692      28.3510
     693      28.4131
     694      28.4656
     695      28.3456
     696      28.2591
     697      28.2163
     698      28.3132
     699      28.1789
     700      28.3556
     701      28.3431
     702      28.4459
     703      28.3274
     704      28.3449
     705      28.2741
     706      28.3023
     707      28.3483
     708      28.2610
     709      28.3155
     710      28.3067
     711      28.2411
     712      28.1382
     713      28.2523
     714      28.2369
     715      28.2456
     716      28.3021
     717      28.2383
     718      28.2873
     719      28.4111
     720      28.2618
     721      28.2646
     722      28.2787
     723      28.2386
     724      28.2341
     725      28.3240
     726      28.3990
     727      28.2718
     728      28.3598
     729      28.2813
     730      28.2465
     731      28.2772
     732      28.2748
     733      28.3453
     734      28.3152
     735      28.1946
     736      28.2188
     737      28.3022
     738      28.2898
     739      28.2921
     740      28.2466
     741      28.2843
     742      28.2688
     743      28.2816
     744      28.3080
     745      28.2763
     746      28.2287
     747      28.2076
     748      28.2114
     749      28.1622
     750      28.2283
     751      28.2064
     752      28.3056
     753      28.1937
     754      28.3326
     755      28.2036
     756      28.2347
     757      28.2722
     758      28.2535
     759      28.2245
     760      28.2036
     761      28.2703
     762      28.2644
     763      28.1837
     764      28.2515
     765      28.2670
     766      28.1980
     767      28.1939
     768      28.2484
     769      28.2546
     770      28.2343
     771      28.2750
     772      28.2127
     773      28.1922
     774      28.2415
     775      28.1920
     776      28.1310
     777      28.0956
     778      28.0470
     779      28.2519
     780      28.0930
     781      28.1199
     782      27.9788
     783      28.0533
     784      28.0722
     785      28.0756
     786      28.1070
     787      28.1526
     788      28.1428
     789      28.1383
     790      28.2341
     791      28.2509
     792      28.1686
     793      28.0352
     794      28.0744
     795      28.0916
     796      28.0597
     797      28.0836
     798      28.1208
     799      28.1692
     800      28.1299
     801      28.1966
     802      28.3515
     803      28.2786
     804      28.1532
     805      28.2484
     806      28.2164
     807      28.2944
     808      28.0945
     809      28.1521
     810      28.2187
     811      28.1740
     812      28.0967
     813      28.1824
     814      28.1822
     815      28.1408
     816      28.3281
     817      28.1588
     818      28.2313
     819      28.1655
     820      28.1537
     821      28.0357
     822      28.1483
     823      28.2055
     824      28.1792
     825      28.0373
     826      28.0779
     827      28.1084
     828      28.2336
     829      28.1808
     830      28.2511
     831      28.3112
     832      28.3544
     833      28.4364
     834      28.3759
     835      28.2562
     836      28.2068
     837      28.3164
     838      28.2532
     839      28.3967
     840      28.4352
     841      28.3292
     842      28.3610
     843      28.2762
     844      28.2847
     845      28.3913
     846      28.1899
     847      28.2489
     848      28.2746
     849      28.3328
     850      28.2278
     851      28.1828
     852      28.1858
     853      28.2502
     854      28.1544
     855      28.0613
     856      28.1395
     857      28.0860
     858      28.1497
     859      28.1099
     860      27.9954
     861      28.0039
     862      28.1272
     863      28.1789
     864      28.1939
     865      28.1362
     866      28.2245
     867      28.1862
     868      28.1265
     869      28.1854
     870      28.1964
     871      28.2778
     872      28.3680
     873      28.2626
     874      28.3247
     875      28.3073
     876      28.3000
     877      28.1782
     878      28.1449
     879      28.2577
     880      28.1390
     881      28.1469
     882      28.1639
     883      28.2185
     884      28.2372
     885      28.1725
     886      28.1687
     887      28.1584
     888      28.2211
     889      28.3656
     890      28.3667
     891      28.2910
     892      28.2099
     893      28.2420
     894      28.2574
     895      28.2384
     896      28.1892
     897      28.2530
     898      28.1856
     899      28.2217
     900      28.2721
     901      28.2280
     902      28.1982
     903      28.1350
     904      28.2827
     905      28.1993
     906      28.1303
     907      28.3042
     908      28.2602
     909      28.3505
     910      28.1824
     911      28.2548
     912      28.4044
     913      28.3222
     914      28.2459
     915      28.2894
     916      28.2914
     917      28.1118
     918      28.2391
     919      28.3435
     920      28.2862
     921      28.1861
     922      28.2024
     923      28.1205
     924      28.0248
     925      28.1788
     926      28.1945
     927      28.2152
     928      28.1515
     929      28.1349
     930      28.1323
     931      28.2361
     932      28.2396
     933      28.2691
     934      28.2954
     935      28.2685
     936      28.2212
     937      28.2281
     938      28.2966
     939      28.2382
     940      28.2362
     941      28.1691
     942      28.2539
     943      28.1684
     944      28.2504
     945      28.1404
     946      28.1429
     947      28.1498
     948      28.2272
     949      28.1739
     950      28.1984
     951      28.2337
     952      28.2423
     953      28.2140
     954      28.2833
     955      28.2982
     956      28.2293
     957      28.3112
     958      28.2777
     959      28.2521
     960      28.1283
     961      28.1739
     962      28.1790
     963      28.1918
     964      28.2825
     965      28.2720
     966      28.2544
     967      28.3041
     968      28.3282
     969      28.2271
     970      28.2757
     971      28.2948
     972      28.2358
     973      28.1750
     974      28.2477
     975      28.2363
     976      28.2274
     977      28.1389
     978      28.2250
     979      28.1683
     980      28.1916
     981      28.2943
     982      28.2162
     983      28.2708
     984      28.1392
     985      28.1232
     986      28.0813
     987      28.1659
     988      28.0811
     989      28.1485
     990      28.1674
     991      28.1266
     992      28.2018
     993      28.1000
     994      28.1362
     995      28.1201
     996      28.1593
     997      28.1404
     998      28.1366
     999      28.2138
    1000      28.2236
    1001      28.2138
    1002      28.1801
    1003      28.2364
    1004      28.2151
    1005      28.1950
    1006      28.1763
    1007      28.2868
    1008      28.2170
    1009      28.2817
    1010      28.3379
    1011      28.2535
    1012      28.2565
    1013      28.2918
    1014      28.2738
    1015      28.3123
    1016      28.2272
    1017      28.2578
    1018      28.2058
    1019      28.2520
    1020      28.2116
    1021      28.3644
    1022      28.2407
    1023      28.3028
    1024      28.2948
    1025      28.1426
    1026      28.1250
    1027      28.1482
    1028      28.2927
    1029      28.1053
    1030      28.0959
    1031      28.1661
    1032      28.1523
    1033      28.2006
    1034      28.1828
    1035      28.2039
    1036      28.1937
    1037      28.3354
    1038      28.3806
    1039      28.3291
    1040      28.3476
    1041      28.3267
    1042      28.4286
    1043      28.2963
    1044      28.3717
    1045      28.3153
    1046      28.3541
    1047      28.3025
    1048      28.3582
    1049      28.3268
    1050      28.3187
    1051      28.2644
    1052      28.3245
    1053      28.3775
    1054      28.3529
    1055      28.3650
    1056      28.4496
    1057      28.3774
    1058      28.3713
    1059      28.2321
    1060      28.2622
    1061      28.3055
    1062      28.2929
    1063      28.3670
    1064      28.2875
    1065      28.3308
    1066      28.3038
    1067      28.3286
    1068      28.3869
    1069      28.4648
    1070      28.4594
    1071      28.3617
    1072      28.2274
    1073      28.3527
    1074      28.1911
    1075      28.2325
    1076      28.1844
    1077      28.1923
    1078      28.2706
    1079      28.2442
    1080      28.1807
    1081      28.2711
    1082      28.2498
    1083      28.2414
    1084      28.2038
    1085      28.3961
    1086      28.2838
    1087      28.2460
    1088      28.3011
    1089      28.3178
    1090      28.4004
    1091      28.2414
    1092      28.2112
    1093      28.3160
    1094      28.1423
    1095      28.1866
    1096      28.2108
    1097      28.1481
    1098      28.1619
    1099      28.2078
    1100      28.1269
    1101      28.1025
    1102      28.1149
    1103      28.0225
    1104      28.2599
    1105      28.1876
    1106      28.2594
    1107      28.2633
    1108      28.2380
    1109      28.2411
    1110      28.2277
    1111      28.3348
    1112      28.3226
    1113      28.2667
    1114      28.2648
    1115      28.3324
    1116      28.1872
    1117      28.2268
    1118      28.2822
    1119      28.2212
    1120      28.2422
    1121      28.3379
    1122      28.3176
    1123      28.2498
    1124      28.3069
    1125      28.2327
    1126      28.2529
    1127      28.2540
    1128      28.2346
    1129      28.2565
    1130      28.3866
    1131      28.2923
    1132      28.3892
    1133      28.4006
    1134      28.3239
    1135      28.3094
    1136      28.3257
    1137      28.1959
    1138      28.1724
    1139      28.2396
    1140      28.2045
    1141      28.2593
    1142      28.2574
    1143      28.1950
    1144      28.2003
    1145      28.1796
    1146      28.3038
    1147      28.2894
    1148      28.2091
    1149      28.1685
    1150      28.1392
    1151      28.1055
    1152      28.2552
    1153      28.2142
    1154      28.1729
    1155      28.2986
    1156      28.3527
    1157      28.2366
    1158      28.2871
    1159      28.3768
    1160      28.3137
    1161      28.2782
    1162      28.2930
    1163      28.3868
    1164      28.2507
    1165      28.3760
    1166      28.3190
    1167      28.3767
    1168      28.2764
    1169      28.3802
    1170      28.3855
    1171      28.3018
    1172      28.2350
    1173      28.3353
    1174      28.3087
    1175      28.2536
    1176      28.4051
    1177      28.2760
    1178      28.2820
    1179      28.2401
    1180      28.2159
    1181      28.2621
    1182      28.3514
    1183      28.3317
    1184      28.2075
    1185      28.2244
    1186      28.3011
    1187      28.3536
    1188      28.3803
    1189      28.3634
    1190      28.4231
    1191      28.2726
    1192      28.2900
    1193      28.2694
    1194      28.2861
    1195      28.2221
    1196      28.3199
    1197      28.2876
    1198      28.1924
    1199      28.2874
    1200      28.2934
    1201      28.3234
    1202      28.3247
    1203      28.1693
    1204      28.3147
    1205      28.2006
    1206      28.3027
    1207      28.3052
    1208      28.2824
    1209      28.3080
    1210      28.2939
    1211      28.2891
    1212      28.2688
    1213      28.2200
    1214      28.2263
    1215      28.2491
    1216      28.4282
    1217      28.2979
    1218      28.2802
    1219      28.3549
    1220      28.2695
    1221      28.2822
    1222      28.2576
    1223      28.2957
    1224      28.1918
    1225      28.1817
    1226      28.1815
    1227      28.1817
    1228      28.1433
    1229      28.1801
    1230      28.3008
    1231      28.3656
    1232      28.1688
    1233      28.1476
    1234      28.0803
    1235      28.2027
    1236      28.2682
    1237      28.1668
    1238      28.2460
    1239      28.2414
    1240      28.3022
    1241      28.2628
    1242      28.3596
    1243      28.3171
    1244      28.3944
    1245      28.3253
    1246      28.3694
    1247      28.3019
    1248      28.2471
    1249      28.2528
    1250      28.1517
    1251      28.2208
    1252      28.1509
    1253      28.1396
    1254      28.1115
    1255      28.1461
    1256      28.2648
    1257      28.1234
    1258      28.1484
    1259      28.2504
    1260      28.2421
    1261      28.1259
    1262      28.1726
    1263      28.2739
    1264      28.2191
    1265      28.2569
    1266      28.2845
    1267      28.3361
    1268      28.2854
    1269      28.1710
    1270      28.3102
    1271      28.2053
    1272      28.2674
    1273      28.2102
    1274      28.2870
    1275      28.1650
    1276      28.1051
    1277      28.2129
    1278      28.0693
    1279      28.1794
    1280      28.2686
    1281      28.1918
    1282      28.1705
    1283      28.1284
    1284      28.0932
    1285      28.1553
    1286      28.1992
    1287      28.1570
    1288      28.2228
    1289      28.1885
    1290      28.2521
    1291      28.2787
    1292      28.3530
    1293      28.3519
    1294      28.3378
    1295      28.3544
    1296      28.2316
    1297      28.2967
    1298      28.2985
    1299      28.2508
    1300      28.3366
    1301      28.1416
    1302      28.1709
    1303      28.1455
    1304      28.2157
    1305      28.0123
    1306      28.0700
    1307      28.1430
    1308      28.1991
    1309      28.1447
    1310      28.3103
    1311      28.1543
    1312      28.1212
    1313      28.1789
    1314      28.2190
    1315      28.2066
    1316      28.1227
    1317      28.2342
    1318      28.2272
    1319      28.3039
    1320      28.2323
    1321      28.1456
    1322      28.0805
    1323      28.0929
    1324      28.2467
    1325      28.1876
    1326      28.1747
    1327      28.1584
    1328      28.2810
    1329      28.4352
    1330      28.3725
    1331      28.3064
    1332      28.3859
    1333      28.4072
    1334      28.3423
    1335      28.3893
    1336      28.2432
    1337      28.4307
    1338      28.3798
    1339      28.3837
    1340      28.2283
    1341      28.2703
    1342      28.3145
    1343      28.3825
    1344      28.2592
    1345      28.2791
    1346      28.3487
    1347      28.3035
    1348      28.2725
    1349      28.2960
    1350      28.1305
    1351      28.1420
    1352      28.2604
    1353      28.1892
    1354      28.2024
    1355      28.2465
    1356      28.2171
    1357      28.1749
    1358      28.1993
    1359      28.2492
    1360      28.2671
    1361      28.2420
    1362      28.3432
    1363      28.4083
    1364      28.2957
    1365      28.3881
    1366      28.4070
    1367      28.3142
    1368      28.2959
    1369      28.2461
    1370      28.2548
    1371      28.2163
    1372      28.2045
    1373      28.2835
    1374      28.1771
    1375      28.2833
    1376      28.3932
    1377      28.3389
    1378      28.3913
    1379      28.2529
    1380      28.1802
    1381      28.2081
    1382      28.1564
    1383      28.3170
    1384      28.2438
    1385      28.2877
    1386      28.1639
    1387      28.1573
    1388      28.1827
    1389      28.2509
    1390      28.2337
    1391      28.2192
    1392      28.2554
    1393      28.1670
    1394      28.2088
    1395      28.1535
    1396      28.3139
    1397      28.1893
    1398      28.2320
    1399      28.1291
    1400      28.0546
    1401      28.1037
    1402      28.0885
    1403      28.1384
    1404      28.1179
    1405      28.1398
    1406      28.0388
    1407      28.0682
    1408      28.1660
    1409      28.1859
    1410      28.2937
    1411      28.3107
    1412      28.2943
    1413      28.3063
    1414      28.3146
    1415      28.3540
    1416      28.2461
    1417      28.2443
    1418      28.2636
    1419      28.2829
    1420      28.3146
    1421      28.2104
    1422      28.3921
    1423      28.2931
    1424      28.4381
    1425      28.3368
    1426      28.2833
    1427      28.1606
    1428      28.2441
    1429      28.2665
    1430      28.2625
    1431      28.3016
    1432      28.2642
    1433      28.2764
    1434      28.2250
    1435      28.2336
    1436      28.2423
    1437      28.2286
    1438      28.2179
    1439      28.1570
    1440      28.2742
    1441      28.3025
    1442      28.3249
    1443      28.2680
    1444      28.2943
    1445      28.3356
    1446      28.3009
    1447      28.2620
    1448      28.3619
    1449      28.2609
    1450      28.3054
    1451      28.4902
    1452      28.3643
    1453      28.2980
    1454      28.2744
    1455      28.2670
    1456      28.2846
    1457      28.2802
    1458      28.3340
    1459      28.3339
    1460      28.2694
    1461      28.2623
    1462      28.2805
    1463      28.2591
    1464      28.2659
    1465      28.4556
    1466      28.2907
    1467      28.2329
    1468      28.3104
    1469      28.3854
    1470      28.2716
    1471      28.2312
    1472      28.2182
    1473      28.2341
    1474      28.1850
    1475      28.2042
    1476      28.2382
    1477      28.2008
    1478      28.3080
    1479      28.2842
    1480      28.3151
    1481      28.3022
    1482      28.2835
    1483      28.3842
    1484      28.3659
    1485      28.3490
    1486      28.3298
    1487      28.3363
    1488      28.2737
    1489      28.3231
    1490      28.3093
    1491      28.2758
    1492      28.2976
    1493      28.2589
    1494      28.2457
    1495      28.3307
    1496      28.3740
    1497      28.3551
    1498      28.3208
    1499      28.3678
    1500      28.2782
    1501      28.4283
    1502      28.4636
    1503      28.4379
    1504      28.3691
    1505      28.3486
    1506      28.4496
    1507      28.3681
    1508      28.3208
    1509      28.2879
    1510      28.3781
    1511      28.3541
    1512      28.4337
    1513      28.3617
    1514      28.4118
    1515      28.3738
    1516      28.3026
    1517      28.4548
    1518      28.4396
    1519      28.3500
    1520      28.3539
    1521      28.3652
    1522      28.3167
    1523      28.3308
    1524      28.3321
    1525      28.3270
    1526      28.3238
    1527      28.2313
    1528      28.3369
    1529      28.4113
    1530      28.2881
    1531      28.3459
    1532      28.3488
    1533      28.3432
    1534      28.2773
    1535      28.2737
    1536      28.3923
    1537      28.3213
    1538      28.2522
    1539      28.2243
    1540      28.2779
    1541      28.2642
    1542      28.3428
    1543      28.3369
    1544      28.3489
    1545      28.1819
    1546      28.1859
    1547      28.1517
    1548      28.2710
    1549      28.3659
    1550      28.3322
    1551      28.4241
    1552      28.4746
    1553      28.3622
    1554      28.3938
    1555      28.4457
    1556      28.3930
    1557      28.5156
    1558      28.3678
    1559      28.5597
    1560      28.3318
    1561      28.2729
    1562      28.3977
    1563      28.2729
    1564      28.3523
    1565      28.3729
    1566      28.2571
    1567      28.3506
    1568      28.4022
    1569      28.3225
    1570      28.3233
    1571      28.3498
    1572      28.3808
    1573      28.3855
    1574      28.3390
    1575      28.4277
    1576      28.3688
    1577      28.3094
    1578      28.3546
    1579      28.3980
    1580      28.4198
    1581      28.4463
    1582      28.4868
    1583      28.4077
    1584      28.4609
    1585      28.3575
    1586      28.4103
    1587      28.3755
    1588      28.4193
    1589      28.4089
    1590      28.4302
    1591      28.4594
    1592      28.3974
    1593      28.4222
    1594      28.4238
    1595      28.3921
    1596      28.5103
    1597      28.4421
    1598      28.3751
    1599      28.4065
    1600      28.2784
    1601      28.4288
    1602      28.3523
    1603      28.3446
    1604      28.3674
    1605      28.3437
    1606      28.4153
    1607      28.2780
    1608      28.2345
    1609      28.4824
    1610      28.4445
    1611      28.3620
    1612      28.4742
    1613      28.4806
    1614      28.3856
    1615      28.4084
    1616      28.4265
    1617      28.4501
    1618      28.3827
    1619      28.4068
    1620      28.4852
    1621      28.4964
    1622      28.3781
    1623      28.3419
    1624      28.4203
    1625      28.5548
    1626      28.5786
    1627      28.5022
    1628      28.4813
    1629      28.4770
    1630      28.4355
    1631      28.4136
    1632      28.3590
    1633      28.4478
    1634      28.4223
    1635      28.5339
    1636      28.4646
    1637      28.4230
    1638      28.4680
    1639      28.4391
    1640      28.4699
    1641      28.4703
    1642      28.4979
    1643      28.4370
    1644      28.4908
    1645      28.3874
    1646      28.3796
    1647      28.3683
    1648      28.4096
    1649      28.5158
    1650      28.4823
    1651      28.4666
    1652      28.5608
    1653      28.5445
    1654      28.5175
    1655      28.4825
    1656      28.4669
    1657      28.4243
    1658      28.4531
    1659      28.4444
    1660      28.3928
    1661      28.3908
    1662      28.4943
    1663      28.4724
    1664      28.5305
    1665      28.5525
    1666      28.3802
    1667      28.5215
    1668      28.4447
    1669      28.4996
    1670      28.5091
    1671      28.4457
    1672      28.4442
    1673      28.4962
    1674      28.4379
    1675      28.3722
    1676      28.3969
    1677      28.3664
    1678      28.3115
    1679      28.2617
    1680      28.2859
    1681      28.2896
    1682      28.3985
    1683      28.3444
    1684      28.3044
    1685      28.2662
    1686      28.3075
    1687      28.2809
    1688      28.3098
    1689      28.3038
    1690      28.3096
    1691      28.3510
    1692      28.3316
    1693      28.3457
    1694      28.3444
    1695      28.2356
    1696      28.2821
    1697      28.1885
    1698      28.2000
    1699      28.1723
    1700      28.1499
    1701      28.2254
    1702      28.2278
    1703      28.2640
    1704      28.1665
    1705      28.1885
    1706      28.1743
    1707      28.1978
    1708      28.2988
    1709      28.2715
    1710      28.3033
    1711      28.4722
    1712      28.4329
    1713      28.3724
    1714      28.3623
    1715      28.3449
    1716      28.3478
    1717      28.2833
    1718      28.2588
    1719      28.3131
    1720      28.3471
    1721      28.2374
    1722      28.2736
    1723      28.2218
    1724      28.1911
    1725      28.2620
    1726      28.2008
    1727      28.1885
    1728      28.2109
    1729      28.2365
    1730      28.1998
    1731      28.2159
    1732      28.2670
    1733      28.2230
    1734      28.3589
    1735      28.2442
    1736      28.2581
    1737      28.2541
    1738      28.2218
    1739      28.2357
    1740      28.2722
    1741      28.2304
    1742      28.1300
    1743      28.0389
    1744      28.0456
    1745      28.2103
    1746      28.2876
    1747      28.2310
    1748      28.3059
    1749      28.3382
    1750      28.4470
    1751      28.2156
    1752      28.2063
    1753      28.2446
    1754      28.1496
    1755      28.1810
    1756      28.2561
    1757      28.2640
    1758      28.2533
    1759      28.3017
    1760      28.2459
    1761      28.3047
    1762      28.2765
    1763      28.3291
    1764      28.3594
    1765      28.4016
    1766      28.4567
    1767      28.5036
    1768      28.4631
    1769      28.3749
    1770      28.4226
    1771      28.4128
    1772      28.3152
    1773      28.3112
    1774      28.3216
    1775      28.2477
    1776      28.2303
    1777      28.1013
    1778      28.1192
    1779      28.1832
    1780      28.2809
    1781      28.2157
    1782      28.2684
    1783      28.1966
    1784      28.2638
    1785      28.2177
    1786      28.2615
    1787      28.1781
    1788      28.1126
    1789      28.1891
    1790      28.1842
    1791      28.1717
    1792      28.1620
    1793      28.2563
    1794      28.1969
    1795      28.2046
    1796      28.2537
    1797      28.1796
    1798      28.2607
    1799      28.2756
    1800      28.2668
    1801      28.1837
    1802      28.2518
    1803      28.3573
    1804      28.3632
    1805      28.2961
    1806      28.3215
    1807      28.3398
    1808      28.4401
    1809      28.3384
    1810      28.2325
    1811      28.2412
    1812      28.2005
    1813      28.2693
    1814      28.1874
    1815      28.2264
    1816      28.2679
    1817      28.2547
    1818      28.2167
    1819      28.2249
    1820      28.1397
    1821      28.3670
    1822      28.3452
    1823      28.2749
    1824      28.2538
    1825      28.3102
    1826      28.3196
    1827      28.3028
    1828      28.3628
    1829      28.3218
    1830      28.3164
    1831      28.1961
    1832      28.2675
    1833      28.2381
    1834      28.3557
    1835      28.3163
    1836      28.2725
    1837      28.3159
    1838      28.3644
    1839      28.2768
    1840      28.2912
    1841      28.2727
    1842      28.3808
    1843      28.3862
    1844      28.3797
    1845      28.3784
    1846      28.4172
    1847      28.3889
    1848      28.3387
    1849      28.3967
    1850      28.3779
    1851      28.2363
    1852      28.4671
    1853      28.3289
    1854      28.3606
    1855      28.3513
    1856      28.3566
    1857      28.2181
    1858      28.3256
    1859      28.3914
    1860      28.3000
    1861      28.3299
    1862      28.3784
    1863      28.3472
    1864      28.3117
    1865      28.2540
    1866      28.2363
    1867      28.2003
    1868      28.2647
    1869      28.2512
    1870      28.2654
    1871      28.2481
    1872      28.3500
    1873      28.3478
    1874      28.2695
    1875      28.3500
    1876      28.3525
    1877      28.3771
    1878      28.2487
    1879      28.2985
    1880      28.2829
    1881      28.2261
    1882      28.2793
    1883      28.2592
    1884      28.2197
    1885      28.1292
    1886      28.0528
    1887      28.0760
    1888      28.1569
    1889      28.1719
    1890      28.2888
    1891      28.2577
    1892      28.1737
    1893      28.1974
    1894      28.1833
    1895      28.3924
    1896      28.2458
    1897      28.2169
    1898      28.2429
    1899      28.2589
    1900      28.2611
    1901      28.2017
    1902      28.2623
    1903      28.2221
    1904      28.2202
    1905      28.1518
    1906      28.2246
    1907      28.1706
    1908      28.2184
    1909      28.2307
    1910      28.2372
    1911      28.2221
    1912      28.2470
    1913      28.3201
    1914      28.3387
    1915      28.3249
    1916      28.3215
    1917      28.3030
    1918      28.3452
    1919      28.3535
    1920      28.3821
    1921      28.3228
    1922      28.2001
    1923      28.1591
    1924      28.2640
    1925      28.1800
    1926      28.2270
    1927      28.2725
    1928      28.3751
    1929      28.3096
    1930      28.3830
    1931      28.2770
    1932      28.3315
    1933      28.3604
    1934      28.3949
    1935      28.3931
    1936      28.3213
    1937      28.3243
    1938      28.2634
    1939      28.2436
    1940      28.3018
    1941      28.4143
    1942      28.3578
    1943      28.5185
    1944      28.4071
    1945      28.4108
    1946      28.4764
    1947      28.4181
    1948      28.3613
    1949      28.3311
    1950      28.4679
    1951      28.3525
    1952      28.4309
    1953      28.4164
    1954      28.3944
    1955      28.3679
    1956      28.5066
    1957      28.3526
    1958      28.3601
    1959      28.4479
    1960      28.4363
    1961      28.3385
    1962      28.2789
    1963      28.3809
    1964      28.3656
    1965      28.4441
    1966      28.3950
    1967      28.2803
    1968      28.3008
    1969      28.3983
    1970      28.4205
    1971      28.4161
    1972      28.3316
    1973      28.3449
    1974      28.4372
    1975      28.3698
    1976      28.2828
    1977      28.2279
    1978      28.3500
    1979      28.3772
    1980      28.2973
    1981      28.3174
    1982      28.3723
    1983      28.3121
    1984      28.2913
    1985      28.3138
    1986      28.3079
    1987      28.2933
    1988      28.2104
    1989      28.3216
    1990      28.3247
    1991      28.2940
    1992      28.3826
    1993      28.3483
    1994      28.3471
    1995      28.2365
    1996      28.2450
    1997      28.2430
    1998      28.2102
    1999      28.2055
    2000      28.2753
    2001      28.3138
    2002      28.2223
    2003      28.2961
    2004      28.3113
    2005      28.4056
    2006      28.4476
    2007      28.4092
    2008      28.4757
    2009      28.4434
    2010      28.4490
    2011      28.4653
    2012      28.4363
    2013      28.3938
    2014      28.4341
    2015      28.5401
    2016      28.5537
    2017      28.4307
    2018      28.4196
    2019      28.4067
    2020      28.4939
    2021      28.5163
    2022      28.4811
    2023      28.4058
    2024      28.2783
    2025      28.3108
    2026      28.3895
    2027      28.4595
    2028      28.4804
    2029      28.4881
    2030      28.4741
    2031      28.4142
    2032      28.4209
    2033      28.4439
    2034      28.4492
    2035      28.4245
    2036      28.3485
    2037      28.2826
    2038      28.3326
    2039      28.3289
    2040      28.2816
    2041      28.1837
    2042      28.2020
    2043      28.2650
    2044      28.2591
    2045      28.3258
    2046      28.3388
    2047      28.3693
    2048      28.3121
    2049      28.1813
    2050      28.3303
    2051      28.2466
    2052      28.3027
    2053      28.4138
    2054      28.4677
    2055      28.4907
    2056      28.5088
    2057      28.4693
    2058      28.3778
    2059      28.4921
    2060      28.4880
    2061      28.5093
    2062      28.4108
    2063      28.4942
    2064      28.4273
    2065      28.4546
    2066      28.4208
    2067      28.4722
    2068      28.5249
    2069      28.5000
    2070      28.4401
    2071      28.5028
    2072      28.5669
    2073      28.4909
    2074      28.3749
    2075      28.2905
    2076      28.2805
    2077      28.3677
    2078      28.4177
    2079      28.3811
    2080      28.3760
    2081      28.3527
    2082      28.3375
    2083      28.2254
    2084      28.3231
    2085      28.2448
    2086      28.1387
    2087      28.2439
    2088      28.2496
    2089      28.2033
    2090      28.3626
    2091      28.4054
    2092      28.3867
    2093      28.3534
    2094      28.3298
    2095      28.4623
    2096      28.5344
    2097      28.4332
    2098      28.4074
    2099      28.4440
    2100      28.4989
    2101      28.6089
    2102      28.5581
    2103      28.5694
    2104      28.6404
    2105      28.4496
    2106      28.4218
    2107      28.4193
    2108      28.5012
    2109      28.4304
    2110      28.5552
    2111      28.5383
    2112      28.4530
    2113      28.4700
    2114      28.4425
    2115      28.5577
    2116      28.5093
    2117      28.6669
    2118      28.7402
    2119      28.6557
    2120      28.5430
    2121      28.6582
    2122      28.6860
    2123      28.6735
    2124      28.6303
    2125      28.4543
    2126      28.6381
    2127      28.5231
    2128      28.5066
    2129      28.4673
    2130      28.5140
    2131      28.3602
    2132      28.3381
    2133      28.4163
    2134      28.4374
    2135      28.3954
    2136      28.3741
    2137      28.3207
    2138      28.3636
    2139      28.3425
    2140      28.1718
    2141      28.1710
    2142      28.2950
    2143      28.2808
    2144      28.2050
    2145      28.1860
    2146      28.1884
    2147      28.2769
    2148      28.2010
    2149      28.1165
    2150      28.2362
    2151      28.1737
    2152      28.2717
    2153      28.2668
    2154      28.2629
    2155      28.1916
    2156      28.1781
    2157      28.1648
    2158      28.2642
    2159      28.3716
    2160      28.3386
    2161      28.3697
    2162      28.3308
    2163      28.3192
    2164      28.3227
    2165      28.2761
    2166      28.3133
    2167      28.2840
    2168      28.4161
    2169      28.3913
    2170      28.4267
    2171      28.4294
    2172      28.4788
    2173      28.4899
    2174      28.4805
    2175      28.3544
    2176      28.2660
    2177      28.2268
    2178      28.1778
    2179      28.1755
    2180      28.2309
    2181      28.2072
    2182      28.2420
    2183      28.4246
    2184      28.3821
    2185      28.4356
    2186      28.3501
    2187      28.3615
    2188      28.2301
    2189      28.3295
    2190      28.3204
    2191      28.3892
    2192      28.3862
    2193      28.3241
    2194      28.3236
    2195      28.1911
    2196      28.1666
    2197      28.2454
    2198      28.3614
    2199      28.3369
    2200      28.3178
    2201      28.2649
    2202      28.2958
    2203      28.2174
    2204      28.2315
    2205      28.1702
    2206      28.1684
    2207      28.3028
    2208      28.3681
    2209      28.2789
    2210      28.4454
    2211      28.3750
    2212      28.4019
    2213      28.3507
    2214      28.3223
    2215      28.3352
    2216      28.3156
    2217      28.3152
    2218      28.2264
    2219      28.2151
    2220      28.2904
    2221      28.2039
    2222      28.2860
    2223      28.2596
    2224      28.3316
    2225      28.2378
    2226      28.2969
    2227      28.2818
    2228      28.3275
    2229      28.1899
    2230      28.3070
    2231      28.3313
    2232      28.2853
    2233      28.3611
    2234      28.3246
    2235      28.3365
    2236      28.3556
    2237      28.2680
    2238      28.3918
    2239      28.2968
    2240      28.4054
    2241      28.4372
    2242      28.4289
    2243      28.2990
    2244      28.2373
    2245      28.1638
    2246      28.2236
    2247      28.3228
    2248      28.2922
    2249      28.1884
    2250      28.2362
    2251      28.1451
    2252      28.1743
    2253      28.2237
    2254      28.2180
    2255      28.2438
    2256      28.2280
    2257      28.2966
    2258      28.2375
    2259      28.2728
    2260      28.2883
    2261      28.2467
    2262      28.2471
    2263      28.2466
    2264      28.2214
    2265      28.2010
    2266      28.1784
    2267      28.2251
    2268      28.1986
    2269      28.2515
    2270      28.2452
    2271      28.2715
    2272      28.3223
    2273      28.4276
    2274      28.3675
    2275      28.2421
    2276      28.2877
    2277      28.2435
    2278      28.2023
    2279      28.3887
    2280      28.3454
    2281      28.3075
    2282      28.2771
    2283      28.2271
    2284      28.2455
    2285      28.1303
    2286      28.1531
    2287      28.1272
    2288      28.2045
    2289      28.2341
    2290      28.2553
    2291      28.2522
    2292      28.2926
    2293      28.2095
    2294      28.1971
    2295      28.1747
    2296      28.2103
    2297      28.1534
    2298      28.1969
    2299      28.2953
    2300      28.3229
    2301      28.2987
    2302      28.5027
    2303      28.4716
    2304      28.3722
    2305      28.3809
    2306      28.4236
    2307      28.3984
    2308      28.3386
    2309      28.4665
    2310      28.3533
    2311      28.4423
    2312      28.3437
    2313      28.4599
    2314      28.4123
    2315      28.3921
    2316      28.4508
    2317      28.3801
    2318      28.3942
    2319      28.2148
    2320      28.3661
    2321      28.4156
    2322      28.3590
    2323      28.2776
    2324      28.3828
    2325      28.2735
    2326      28.3325
    2327      28.4357
    2328      28.3206
    2329      28.2878
    2330      28.2321
    2331      28.3005
    2332      28.2075
    2333      28.1558
    2334      28.1940
    2335      28.1442
    2336      28.1061
    2337      28.1930
    2338      28.2699
    2339      28.1441
    2340      28.2309
    2341      28.2495
    2342      28.1520
    2343      28.1455
    2344      28.3178
    2345      28.2124
    2346      28.3218
    2347      28.2656
    2348      28.3507
    2349      28.1370
    2350      28.1650
    2351      28.2107
    2352      28.3197
    2353      28.1583
    2354      28.2278
    2355      28.3963
    2356      28.2616
    2357      28.2595
    2358      28.2939
    2359      28.2359
    2360      28.3045
    2361      28.2434
    2362      28.3566
    2363      28.3891
    2364      28.2568
    2365      28.3529
    2366      28.3961
    2367      28.4165
    2368      28.3565
    2369      28.3655
    2370      28.2956
    2371      28.2865
    2372      28.3481
    2373      28.2076
    2374      28.2492
    2375      28.3450
    2376      28.3047
    2377      28.3364
    2378      28.4354
    2379      28.4966
    2380      28.3500
    2381      28.3282
    2382      28.3353
    2383      28.2440
    2384      28.2115
    2385      28.1978
    2386      28.3066
    2387      28.3240
    2388      28.2699
    2389      28.3644
    2390      28.4237
    2391      28.3244
    2392      28.3314
    2393      28.3274
    2394      28.2454
    2395      28.2682
    2396      28.2713
    2397      28.2014
    2398      28.2369
    2399      28.2802
    2400      28.1690
    2401      28.2003
    2402      28.2368
    2403      28.3047
    2404      28.3280
    2405      28.3581
    2406      28.3835
    2407      28.3940
    2408      28.4351
    2409      28.3958
    2410      28.3327
    2411      28.3270
    2412      28.4674
    2413      28.3431
    2414      28.3691
    2415      28.4020
    2416      28.5151
    2417      28.4522
    2418      28.4255
    2419      28.3885
    2420      28.3265
    2421      28.3809
    2422      28.5065
    2423      28.3878
    2424      28.3819
    2425      28.3926
    2426      28.5423
    2427      28.5244
    2428      28.4470
    2429      28.4472
    2430      28.5347
    2431      28.4906
    2432      28.5713
    2433      28.6002
    2434      28.6192
    2435      28.6266
    2436      28.5516
    2437      28.6027
    2438      28.5610
    2439      28.6228
    2440      28.5442
    2441      28.5859
    2442      28.5842
    2443      28.4384
    2444      28.3736
    2445      28.4822
    2446      28.4980
    2447      28.5660
    2448      28.5430
    2449      28.5068
    2450      28.4429
    2451      28.3806
    2452      28.4356
    2453      28.4056
    2454      28.4261
    2455      28.3980
    2456      28.4387
    2457      28.3969
    2458      28.4927
    2459      28.5012
    2460      28.4210
    2461      28.3181
    2462      28.2901
    2463      28.4050
    2464      28.4994
    2465      28.3788
    2466      28.4023
    2467      28.3132
    2468      28.3538
    2469      28.3278
    2470      28.3447
    2471      28.5383
    2472      28.4724
    2473      28.5668
    2474      28.5074
    2475      28.5353
    2476      28.5591
    2477      28.4957
    2478      28.3717
    2479      28.4178
    2480      28.4505
    2481      28.5601
    2482      28.5750
    2483      28.5922
    2484      28.6261
    2485      28.5403
    2486      28.6429
    2487      28.6327
    2488      28.6826
    2489      28.6377
    2490      28.4585
    2491      28.5866
    2492      28.5028
    2493      28.5295
    2494      28.3975
    2495      28.3592
    2496      28.3969
    2497      28.3112
    2498      28.4350
    2499      28.4692
    2500      28.3908
    2501      28.3985
    2502      28.4292
    2503      28.3636
    2504      28.3031
    2505      28.2876
    2506      28.1777
    2507      28.2176
    2508      28.2664
    2509      28.2744
    2510      28.2112
    2511      28.3247
    2512      28.3731
    2513      28.3909
    2514      28.3834
    2515      28.3796
    2516      28.3414
    2517      28.4185
    2518      28.3972
    2519      28.3310
    2520      28.4015
    2521      28.3517
    2522      28.4324
    2523      28.4143
    2524      28.3376
    2525      28.3284
    2526      28.3288
    2527      28.1961
    2528      28.3534
    2529      28.3781
    2530      28.3956
    2531      28.3854
    2532      28.2718
    2533      28.4053
    2534      28.4328
    2535      28.4455
    2536      28.3225
    2537      28.3633
    2538      28.3330
    2539      28.3030
    2540      28.3415
    2541      28.3101
    2542      28.3567
    2543      28.1778
    2544      28.2956
    2545      28.2311
    2546      28.2698
    2547      28.3507
    2548      28.2861
    2549      28.1946
    2550      28.2972
    2551      28.2488
    2552      28.2115
    2553      28.2319
    2554      28.2329
    2555      28.3153
    2556      28.2965
    2557      28.2308
    2558      28.2573
    2559      28.2267
    2560      28.2354
    2561      28.2767
    2562      28.3273
    2563      28.3154
    2564      28.4082
    2565      28.2358
    2566      28.2937
    2567      28.2498
    2568      28.1399
    2569      28.1973
    2570      28.3585
    2571      28.4597
    2572      28.2430
    2573      28.3809
    2574      28.3435
    2575      28.2340
    2576      28.2640
    2577      28.3216
    2578      28.4201
    2579      28.3612
    2580      28.4406
    2581      28.3646
    2582      28.3680
    2583      28.4104
    2584      28.5517
    2585      28.4481
    2586      28.4833
    2587      28.4147
    2588      28.4083
    2589      28.3335
    2590      28.3627
    2591      28.4061
    2592      28.3739
    2593      28.2977
    2594      28.3064
    2595      28.3825
    2596      28.2610
    2597      28.3319
    2598      28.3214
    2599      28.3092
    2600      28.4016
    2601      28.3848
    2602      28.3415
    2603      28.4609
    2604      28.3835
    2605      28.3406
    2606      28.3462
    2607      28.3513
    2608      28.4343
    2609      28.4420
    2610      28.2961
    2611      28.4078
    2612      28.2875
    2613      28.2993
    2614      28.3654
    2615      28.4190
    2616      28.3132
    2617      28.3981
    2618      28.4242
    2619      28.3845
    2620      28.4246
    2621      28.4020
    2622      28.3457
    2623      28.3596
    2624      28.1843
    2625      28.3493
    2626      28.3428
    2627      28.4149
    2628      28.3806
    2629      28.3962
    2630      28.3229
    2631      28.2836
    2632      28.4167
    2633      28.3473
    2634      28.3827
    2635      28.3981
    2636      28.1909
    2637      28.2871
    2638      28.2242
    2639      28.3674
    2640      28.3614
    2641      28.2555
    2642      28.3715
    2643      28.2081
    2644      28.3165
    2645      28.3645
    2646      28.3622
    2647      28.3085
    2648      28.2685
    2649      28.3346
    2650      28.3411
    2651      28.2901
    2652      28.2321
    2653      28.2447
    2654      28.2502
    2655      28.2190
    2656      28.1911
    2657      28.3358
    2658      28.2426
    2659      28.4688
    2660      28.5702
    2661      28.4485
    2662      28.3792
    2663      28.4320
    2664      28.4270
    2665      28.4210
    2666      28.3267
    2667      28.4134
    2668      28.4743
    2669      28.3542
    2670      28.4377
    2671      28.4830
    2672      28.3841
    2673      28.4905
    2674      28.3487
    2675      28.3784
    2676      28.4503
    2677      28.4263
    2678      28.5432
    2679      28.5301
    2680      28.6094
    2681      28.4913
    2682      28.4275
    2683      28.4076
    2684      28.5066
    2685      28.3740
    2686      28.3868
    2687      28.3782
    2688      28.3139
    2689      28.3961
    2690      28.3994
    2691      28.3560
    2692      28.5111
    2693      28.4136
    2694      28.3960
    2695      28.4029
    2696      28.2888
    2697      28.3126
    2698      28.3611
    2699      28.2745
    2700      28.3540
    2701      28.3541
    2702      28.3377
    2703      28.4061
    2704      28.3503
    2705      28.2629
    2706      28.3208
    2707      28.2883
    2708      28.1777
    2709      28.1061
    2710      28.1721
    2711      28.1268
    2712      28.1316
    2713      28.0847
    2714      28.2259
    2715      28.3301
    2716      28.3624
    2717      28.3005
    2718      28.3008
    2719      28.2710
    2720      28.2733
    2721      28.2488
    2722      28.2597
    2723      28.2631
    2724      28.2705
    2725      28.1652
    2726      28.3985
    2727      28.3561
    2728      28.3169
    2729      28.2650
    2730      28.2703
    2731      28.2511
    2732      28.1812
    2733      28.1749
    2734      28.2819
    2735      28.2979
    2736      28.3519
    2737      28.3231
    2738      28.3101
    2739      28.3869
    2740      28.3626
    2741      28.3234
    2742      28.2989
    2743      28.3061
    2744      28.2751
    2745      28.3128
    2746      28.3444
    2747      28.2775
    2748      28.2453
    2749      28.3411
    2750      28.2967
    2751      28.2929
    2752      28.1844
    2753      28.3023
    2754      28.2861
    2755      28.2111
    2756      28.3009
    2757      28.2868
    2758      28.2542
    2759      28.2113
    2760      28.3318
    2761      28.1327
    2762      28.0057
    2763      28.0884
    2764      28.2046
    2765      28.0884
    2766      28.1112
    2767      27.9912
    2768      28.0954
    2769      27.9962
    2770      28.0199
    2771      28.1310
    2772      28.1449
    2773      28.1358
    2774      28.1562
    2775      28.1496
    2776      28.1611
    2777      28.0283
    2778      27.9037
    2779      27.9506
    2780      28.0130
    2781      28.0617
    2782      28.0269
    2783      28.0995
    2784      28.0665
    2785      28.0222
    2786      27.9720
    2787      28.1032
    2788      28.0782
    2789      28.1414
    2790      28.1512
    2791      28.0606
    2792      28.1417
    2793      27.9953
    2794      28.0415
    2795      27.9667
    2796      28.0566
    2797      28.0439
    2798      27.9912
    2799      28.1890
    2800      28.1661
    2801      28.2280
    2802      28.1586
    2803      28.1229
    2804      28.2102
    2805      28.1615
    2806      28.1358
    2807      28.1182
    2808      28.2213
    2809      28.2293
    2810      28.2001
    2811      28.1650
    2812      28.2263
    2813      28.2748
    2814      28.3067
    2815      28.2986
    2816      28.2262
    2817      28.2543
    2818      28.3019
    2819      28.2612
    2820      28.1627
    2821      28.1303
    2822      28.0623
    2823      28.1602
    2824      28.2235
    2825      28.1657
    2826      28.3908
    2827      28.3523
    2828      28.2503
    2829      28.1743
    2830      28.3001
    2831      28.1417
    2832      28.2520
    2833      28.2826
    2834      28.3688
    2835      28.2912
    2836      28.1026
    2837      28.2408
    2838      28.2139
    2839      28.2026
    2840      28.3734
    2841      28.3019
    2842      28.1902
    2843      28.1892
    2844      28.2310
    2845      28.1824
    2846      28.1747
    2847      28.1806
    2848      28.1443
    2849      28.2280
    2850      28.1825
    2851      28.0428
    2852      28.0860
    2853      28.0428
    2854      28.0751
    2855      28.0912
    2856      28.2009
    2857      28.1909
    2858      28.1175
    2859      28.1172
    2860      28.2354
    2861      28.2916
    2862      28.3254
    2863      28.2052
    2864      28.2048
    2865      28.2045
    2866      28.1613
    2867      28.2061
    2868      28.2529
    2869      28.3489
    2870      28.3147
    2871      28.2861
    2872      28.2430
    2873      28.3153
    2874      28.3144
    2875      28.2494
    2876      28.2918
    2877      28.2288
    2878      28.1522
    2879      28.1544
    2880      28.2353
    2881      28.2190
    2882      28.2453
    2883      28.2482
    2884      28.2948
    2885      28.1688
    2886      28.2482
    2887      28.2702
    2888      28.2061
    2889      28.2326
    2890      28.2074
    2891      28.1377
    2892      28.1897
    2893      28.1807
    2894      28.1031
    2895      28.1411
    2896      28.1728
    2897      28.1801
    2898      28.1311
    2899      28.1173
    2900      28.1595
    2901      28.1814
    2902      28.1528
    2903      28.2028
    2904      28.1829
    2905      28.1612
    2906      28.1935
    2907      28.1944
    2908      28.0724
    2909      28.1578
    2910      28.1728
    2911      28.0468
    2912      28.1582
    2913      28.0909
    2914      28.1046
    2915      27.9559
    2916      28.0647
    2917      28.0935
    2918      28.2238
    2919      28.2088
    2920      28.2235
    2921      28.0834
    2922      28.1925
    2923      28.1499
    2924      28.2069
    2925      28.2949
    2926      28.2376
    2927      28.0848
    2928      28.1374
    2929      28.1762
    2930      28.1405
    2931      28.1107
    2932      28.1590
    2933      28.2849
    2934      28.3314
    2935      28.2301
    2936      28.1697
    2937      28.2891
    2938      28.1650
    2939      28.1718
    2940      28.2341
    2941      28.2985
    2942      28.2985
    2943      28.2961
    2944      28.2964
    2945      28.2770
    2946      28.0962
    2947      28.1993
    2948      28.1476
    2949      28.2067
    2950      28.1592
    2951      28.2501
    2952      28.2723
    2953      28.2683
    2954      28.1879
    2955      28.1971
    2956      28.2937
    2957      28.1494
    2958      28.1616
    2959      28.1220
    2960      28.2137
    2961      28.3077
    2962      28.1867
    2963      28.1328
    2964      28.2349
    2965      28.1582
    2966      28.1366
    2967      28.0532
    2968      27.9442
    2969      28.1144
    2970      28.0255
    2971      28.0476
    2972      28.1253
    2973      27.9279
    2974      28.0071
    2975      28.0410
    2976      28.1489
    2977      28.1086
    2978      27.9710
    2979      28.1104
    2980      28.0547
    2981      28.0614
    2982      28.1013
    2983      28.0224
    2984      28.2470
    2985      28.0708
    2986      28.0096
    2987      28.1578
    2988      28.0725
    2989      28.1317
    2990      28.2114
    2991      28.2056
    2992      28.2383
    2993      28.2206
    2994      28.1713
    2995      28.2132
    2996      28.2115
    2997      28.1482
    2998      28.0497
    2999      28.1389
    3000      28.1711
    3001      28.1452
    3002      28.0854
    3003      28.1962
    3004      28.2173
    3005      28.1234
    3006      28.1008
    3007      28.1085
    3008      28.1066
    3009      28.1199
    3010      28.0411
    3011      28.0982
    3012      28.1065
    3013      28.0348
    3014      28.0613
    3015      28.0212
    3016      28.1992
    3017      28.1660
    3018      28.1128
    3019      28.0734
    3020      28.1151
    3021      28.1331
    3022      28.0340
    3023      28.2021
    3024      28.1426
    3025      28.0964
    3026      28.1339
    3027      28.0939
    3028      28.0867
    3029      28.0456
    3030      28.0540
    3031      27.9833
    3032      27.9919
    3033      28.0175
    3034      28.0941
    3035      28.1306
    3036      27.9724
    3037      28.0248
    3038      28.0520
    3039      28.0666
    3040      28.0698
    3041      28.0499
    3042      28.1023
    3043      28.2023
    3044      28.1360
    3045      28.3267
    3046      28.2575
    3047      28.2127
    3048      28.2490
    3049      28.1738
    3050      28.2800
    3051      28.2702
    3052      28.1738
    3053      28.2404
    3054      28.1663
    3055      28.1254
    3056      28.0372
    3057      28.1222
    3058      28.0938
    3059      28.1180
    3060      28.1263
    3061      28.0736
    3062      28.1276
    3063      28.2194
    3064      28.1890
    3065      28.0832
    3066      28.1054
    3067      28.0879
    3068      28.1076
    3069      28.1594
    3070      28.1595
    3071      28.0335
    3072      28.1879
    3073      28.1159
    3074      28.0899
    3075      28.1430
    3076      28.1561
    3077      28.0239
    3078      28.1316
    3079      28.1290
    3080      28.0804
    3081      28.1107
    3082      28.0520
    3083      28.1347
    3084      28.1856
    3085      28.2119
    3086      28.1572
    3087      28.2505
    3088      28.1204
    3089      28.1741
    3090      28.1458
    3091      28.2004
    3092      28.1680
    3093      28.1682
    3094      28.0956
    3095      28.1506
    3096      28.1894
    3097      28.0840
    3098      28.2288
    3099      28.1362
    3100      28.2119
    3101      28.2772
    3102      28.2661
    3103      28.1616
    3104      28.2196
    3105      28.3195
    3106      28.3043
    3107      28.3284
    3108      28.1890
    3109      28.1475
    3110      28.1099
    3111      28.1566
    3112      28.0110
    3113      28.2259
    3114      28.1971
    3115      28.2631
    3116      28.2058
    3117      28.1594
    3118      28.1728
    3119      28.1113
    3120      28.2095
    3121      28.1734
    3122      28.0953
    3123      28.1731
    3124      28.1722
    3125      28.2290
    3126      28.2377
    3127      28.1942
    3128      28.2622
    3129      28.3707
    3130      28.1920
    3131      28.1563
    3132      28.0707
    3133      28.1434
    3134      28.1114
    3135      28.1667
    3136      28.1417
    3137      28.2297
    3138      28.1447
    3139      28.1568
    3140      28.1499
    3141      28.0859
    3142      28.0968
    3143      28.1452
    3144      28.1557
    3145      28.2162
    3146      28.1842
    3147      28.0517
    3148      28.1722
    3149      28.0793
    3150      28.0434
    3151      28.1020
    3152      28.1034
    3153      28.1707
    3154      28.1095
    3155      28.1206
    3156      28.0230
    3157      28.0551
    3158      28.0580
    3159      28.0671
    3160      28.1645
    3161      28.1314
    3162      28.1361
    3163      28.0937
    3164      28.1933
    3165      28.1757
    3166      28.1530
    3167      28.1771
    3168      28.2799
    3169      28.3497
    3170      28.2779
    3171      28.2501
    3172      27.9897
    3173      28.1018
    3174      28.1476
    3175      28.0686
    3176      27.9935
    3177      28.1026
    3178      28.1977
    3179      28.2113
    3180      28.1404
    3181      28.0853
    3182      28.1245
    3183      28.2039
    3184      28.2581
    3185      28.2406
    3186      28.2000
    3187      28.2239
    3188      28.1668
    3189      28.1524
    3190      28.0693
    3191      28.0136
    3192      28.1357
    3193      28.0167
    3194      28.1368
    3195      28.1648
    3196      28.0701
    3197      28.1049
    3198      28.0125
    3199      28.0709
    3200      28.0661
    3201      28.1452
    3202      28.0952
    3203      28.0975
    3204      28.0165
    3205      28.1417
    3206      28.0681
    3207      28.0561
    3208      28.0680
    3209      28.0942
    3210      28.1303
    3211      28.0972
    3212      28.2390
    3213      28.2204
    3214      28.1909
    3215      28.2353
    3216      28.1802
    3217      28.1774
    3218      28.1626
    3219      28.2605
    3220      28.1954
    3221      28.1176
    3222      28.1969
    3223      28.0804
    3224      28.0938
    3225      28.1141
    3226      28.1801
    3227      28.1220
    3228      28.0943
    3229      28.1065
    3230      28.1243
    3231      28.1855
    3232      28.2086
    3233      28.2188
    3234      28.2399
    3235      28.2291
    3236      28.1927
    3237      28.1476
    3238      28.1471
    3239      28.1577
    3240      28.2091
    3241      28.1236
    3242      28.1680
    3243      28.1557
    3244      28.2113
    3245      28.2566
    3246      28.0946
    3247      28.1649
    3248      28.1900
    3249      28.1035
    3250      28.1279
    3251      28.1545
    3252      28.0197
    3253      28.0203
    3254      28.0473
    3255      28.0798
    3256      28.1321
    3257      28.0506
    3258      28.1800
    3259      28.0981
    3260      28.0872
    3261      28.1799
    3262      28.2115
    3263      28.1089
    3264      28.0451
    3265      28.1266
    3266      28.1525
    3267      28.1235
    3268      28.0911
    3269      28.0351
    3270      28.0615
    3271      28.1196
    3272      28.1530
    3273      28.2612
    3274      28.1434
    3275      28.2630
    3276      28.0917
    3277      28.2318
    3278      28.1017
    3279      28.2533
    3280      28.2025
    3281      28.2920
    3282      28.1289
    3283      28.1248
    3284      28.1002
    3285      28.0543
    3286      28.0858
    3287      28.1237
    3288      28.1922
    3289      28.0190
    3290      28.0564
    3291      27.9798
    3292      27.9761
    3293      28.0517
    3294      28.0736
    3295      28.0124
    3296      28.0150
    3297      28.0353
    3298      28.0692
    3299      28.0862
    3300      27.9588
    3301      28.0100
    3302      28.0901
    3303      28.1038
    3304      28.0927
    3305      28.1208
    3306      28.0722
    3307      28.0953
    3308      28.0920
    3309      28.1289
    3310      28.1006
    3311      28.2075
    3312      28.1534
    3313      28.0522
    3314      28.1238
    3315      28.0801
    3316      27.9999
    3317      28.1425
    3318      28.0428
    3319      28.1313
    3320      28.1140
    3321      28.1619
    3322      28.0418
    3323      27.9984
    3324      28.0385
    3325      28.0509
    3326      28.1119
    3327      28.1105
    3328      28.2332
    3329      28.2015
    3330      28.2644
    3331      28.2463
    3332      28.1890
    3333      28.1936
    3334      28.3137
    3335      28.1166
    3336      28.0659
    3337      28.2209
    3338      28.1846
    3339      28.2000
    3340      28.1577
    3341      28.0056
    3342      28.0238
    3343      28.1669
    3344      28.2254
    3345      28.1596
    3346      28.1723
    3347      28.1762
    3348      28.0901
    3349      28.0837
    3350      28.1008
    3351      28.0117
    3352      28.1130
    3353      28.0932
    3354      28.1087
    3355      28.1698
    3356      28.2608
    3357      28.2050
    3358      28.1019
    3359      28.1216
    3360      28.1404
    3361      28.0843
    3362      28.1874
    3363      28.1428
    3364      28.2037
    3365      28.1421
    3366      28.1826
    3367      28.2711
    3368      28.2297
    3369      28.1226
    3370      28.2564
    3371      28.1383
    3372      28.1862
    3373      28.1078
    3374      28.1748
    3375      28.1588
    3376      28.1854
    3377      28.1297
    3378      28.1460
    3379      28.1054
    3380      28.0755
    3381      28.1302
    3382      28.1091
    3383      28.1645
    3384      28.2441
    3385      28.2662
    3386      28.2395
    3387      28.1228
    3388      28.2413
    3389      28.3080
    3390      28.2498
    3391      28.3039
    3392      28.2254
    3393      28.0960
    3394      28.1160
    3395      28.2587
    3396      28.2229
    3397      28.1929
    3398      28.1378
    3399      28.1614
    3400      28.2487
    3401      28.1752
    3402      28.1612
    3403      28.2536
    3404      28.3016
    3405      28.3136
    3406      28.3717
    3407      28.3488
    3408      28.5080
    3409      28.3601
    3410      28.3947
    3411      28.2210
    3412      28.2044
    3413      28.1544
    3414      28.1227
    3415      28.1512
    3416      28.1710
    3417      28.1928
    3418      28.1370
    3419      28.1643
    3420      28.2441
    3421      28.3451
    3422      28.2852
    3423      28.3152
    3424      28.3552
    3425      28.2488
    3426      28.1400
    3427      28.2198
    3428      28.2205
    3429      28.2462
    3430      28.2640
    3431      28.2905
    3432      28.2965
    3433      28.3133
    3434      28.2838
    3435      28.2915
    3436      28.3141
    3437      28.2664
    3438      28.3160
    3439      28.3185
    3440      28.2801
    3441      28.3141
    3442      28.3038
    3443      28.3755
    3444      28.2133
    3445      28.1353
    3446      28.2832
    3447      28.2813
    3448      28.2543
    3449      28.3575
    3450      28.3029
    3451      28.3629
    3452      28.3231
    3453      28.4355
    3454      28.4521
    3455      28.5308
    3456      28.5416
    3457      28.5077
    3458      28.4199
    3459      28.4986
    3460      28.4446
    3461      28.3842
    3462      28.3564
    3463      28.2288
    3464      28.2892
    3465      28.2385
    3466      28.1608
    3467      28.3058
    3468      28.2571
    3469      28.2747
    3470      28.3631
    3471      28.3440
    3472      28.2696
    3473      28.3063
    3474      28.3828
    3475      28.3904
    3476      28.4450
    3477      28.4576
    3478      28.4797
    3479      28.4675
    3480      28.4551
    3481      28.4068
    3482      28.3802
    3483      28.3737
    3484      28.4601
    3485      28.4290
    3486      28.4434
    3487      28.4116
    3488      28.3308
    3489      28.4055
    3490      28.3675
    3491      28.4093
    3492      28.2679
    3493      28.3476
    3494      28.3731
    3495      28.3783
    3496      28.4399
    3497      28.2947
    3498      28.2672
    3499      28.2892
    3500      28.4021
    3501      28.3588
    3502      28.3819
    3503      28.3639
    3504      28.3788
    3505      28.3378
    3506      28.4033
    3507      28.3751
    3508      28.3264
    3509      28.2532
    3510      28.2160
    3511      28.2272
    3512      28.2082
    3513      28.2436
    3514      28.1715
    3515      28.2645
    3516      28.2960
    3517      28.3459
    3518      28.3501
    3519      28.4114
    3520      28.3601
    3521      28.3585
    3522      28.3922
    3523      28.3691
    3524      28.3643
    3525      28.3776
    3526      28.3142
    3527      28.3474
    3528      28.3740
    3529      28.3076
    3530      28.2842
    3531      28.2487
    3532      28.3274
    3533      28.3819
    3534      28.3713
    3535      28.4143
    3536      28.4270
    3537      28.3328
    3538      28.4945
    3539      28.2960
    3540      28.3202
    3541      28.2667
    3542      28.3103
    3543      28.2442
    3544      28.2060
    3545      28.1991
    3546      28.2309
    3547      28.2105
    3548      28.1922
    3549      28.2095
    3550      28.2515
    3551      28.1731
    3552      28.2912
    3553      28.3399
    3554      28.3491
    3555      28.3216
    3556      28.2031
    3557      28.2222
    3558      28.2190
    3559      28.3001
    3560      28.2668
    3561      28.2394
    3562      28.2140
    3563      28.3331
    3564      28.2701
    3565      28.2432
    3566      28.1664
    3567      28.2466
    3568      28.2431
    3569      28.2851
    3570      28.3520
    3571      28.2712
    3572      28.3031
    3573      28.4090
    3574      28.3208
    3575      28.2603
    3576      28.2739
    3577      28.2441
    3578      28.3234
    3579      28.2827
    3580      28.3104
    3581      28.3624
    3582      28.3570
    3583      28.3732
    3584      28.4466
    3585      28.2809
    3586      28.3301
    3587      28.4120
    3588      28.3803
    3589      28.3265
    3590      28.3514
    3591      28.3603
    3592      28.4692
    3593      28.4066
    3594      28.4720
    3595      28.3967
    3596      28.3823
    3597      28.3491
    3598      28.2716
    3599      28.2284
    3600      28.2840
    3601      28.2407
    3602      28.1866
    3603      28.2376
    3604      28.3271
    3605      28.2647
    3606      28.2598
    3607      28.3144
    3608      28.2642
    3609      28.2960
    3610      28.2515
    3611      28.2570
    3612      28.2607
    3613      28.2142
    3614      28.2777
    3615      28.3066
    3616      28.3357
    3617      28.2599
    3618      28.2653
    3619      28.2647
    3620      28.3977
    3621      28.3416
    3622      28.3549
    3623      28.3308
    3624      28.3684
    3625      28.3154
    3626      28.4313
    3627      28.3334
    3628      28.3181
    3629      28.2703
    3630      28.1556
    3631      28.0643
    3632      28.1980
    3633      28.2755
    3634      28.1760
    3635      28.2467
    3636      28.2614
    3637      28.2794
    3638      28.4113
    3639      28.3710
    3640      28.4056
    3641      28.2739
    3642      28.2608
    3643      28.2112
    3644      28.2831
    3645      28.2815
    3646      28.2278
    3647      28.2343
    3648      28.1722
    3649      28.1691
    3650      28.2573
    3651      28.1715
    3652      28.1888
    3653      28.2692
    3654      28.2407
    3655      28.2813
    3656      28.2605
    3657      28.1692
    3658      28.1764
    3659      28.2450
    3660      28.2240
    3661      28.2550
    3662      28.2946
    3663      28.3278
    3664      28.3892
    3665      28.3527
    3666      28.3896
    3667      28.3313
    3668      28.2815
    3669      28.3274
    3670      28.3593
    3671      28.4575
    3672      28.4410
    3673      28.3965
    3674      28.3395
    3675      28.3517
    3676      28.3492
    3677      28.3380
    3678      28.3164
    3679      28.4382
    3680      28.3665
    3681      28.2572
    3682      28.2300
    3683      28.3241
    3684      28.3206
    3685      28.4059
    3686      28.4518
    3687      28.3259
    3688      28.2213
    3689      28.3157
    3690      28.3056
    3691      28.3076
    3692      28.2432
    3693      28.2023
    3694      28.1667
    3695      28.2610
    3696      28.2693
    3697      28.3886
    3698      28.3755
    3699      28.3731
    3700      28.3926
    3701      28.3564
    3702      28.3188
    3703      28.2623
    3704      28.3562
    3705      28.3413
    3706      28.3726
    3707      28.3620
    3708      28.2579
    3709      28.2588
    3710      28.3199
    3711      28.1523
    3712      28.1955
    3713      28.1801
    3714      28.2072
    3715      28.2664
    3716      28.3016
    3717      28.2981
    3718      28.3832
    3719      28.4104
    3720      28.4013
    3721      28.3751
    3722      28.3223
    3723      28.2762
    3724      28.3336
    3725      28.3067
    3726      28.3363
    3727      28.2818
    3728      28.2756
    3729      28.3764
    3730      28.3304
    3731      28.3807
    3732      28.3880
    3733      28.2342
    3734      28.3703
    3735      28.2537
    3736      28.2386
    3737      28.3359
    3738      28.2692
    3739      28.2942
    3740      28.2513
    3741      28.4305
    3742      28.3089
    3743      28.3018
    3744      28.3238
    3745      28.2306
    3746      28.2856
    3747      28.1950
    3748      28.2831
    3749      28.3184
    3750      28.1984
    3751      28.2930
    3752      28.2373
    3753      28.3247
    3754      28.2858
    3755      28.2391
    3756      28.3028
    3757      28.3415
    3758      28.2557
    3759      28.2030
    3760      28.2758
    3761      28.2564
    3762      28.2747
    3763      28.2073
    3764      28.3527
    3765      28.2246
    3766      28.2605
    3767      28.2705
    3768      28.2143
    3769      28.2578
    3770      28.2554
    3771      28.2630
    3772      28.3359
    3773      28.3161
    3774      28.3616
    3775      28.3163
    3776      28.2765
    3777      28.3541
    3778      28.3154
    3779      28.2971
    3780      28.2091
    3781      28.3485
    3782      28.2063
    3783      28.2721
    3784      28.1400
    3785      28.0670
    3786      28.1993
    3787      28.2536
    3788      28.1729
    3789      28.2122
    3790      28.2471
    3791      28.1652
    3792      28.1574
    3793      28.2042
    3794      28.1986
    3795      28.3389
    3796      28.3485
    3797      28.3616
    3798      28.3389
    3799      28.2660
    3800      28.3032
    3801      28.3465
    3802      28.2903
    3803      28.3953
    3804      28.2522
    3805      28.1690
    3806      28.2358
    3807      28.1941
    3808      28.0032
    3809      28.0046
    3810      28.0355
    3811      28.1293
    3812      28.0143
    3813      28.0199
    3814      28.0908
    3815      28.0631
    3816      28.0198
    3817      28.0292
    3818      28.0324
    3819      28.1067
    3820      28.1346
    3821      28.2037
    3822      28.1606
    3823      28.1940
    3824      28.2731
    3825      28.1807
    3826      28.2496
    3827      28.1247
    3828      28.1365
    3829      28.2157
    3830      28.1815
    3831      28.1416
    3832      28.2406
    3833      28.2884
    3834      28.2119
    3835      28.2653
    3836      28.2030
    3837      28.3018
    3838      28.3248
    3839      28.2528
    3840      28.1886
    3841      28.2777
    3842      28.2068
    3843      28.2222
    3844      28.2667
    3845      28.0763
    3846      28.1009
    3847      28.0497
    3848      28.1519
    3849      28.1258
    3850      28.1585
    3851      28.1135
    3852      28.1307
    3853      28.1036
    3854      28.0730
    3855      28.1558
    3856      28.1533
    3857      28.0509
    3858      28.1193
    3859      28.0770
    3860      28.1785
    3861      28.1445
    3862      28.1665
    3863      28.0607
    3864      28.1705
    3865      28.1452
    3866      28.1749
    3867      28.1300
    3868      28.1350
    3869      28.1214
    3870      28.1425
    3871      28.1810
    3872      28.2692
    3873      28.3049
    3874      28.1942
    3875      28.1839
    3876      28.2613
    3877      28.2836
    3878      28.2304
    3879      28.1762
    3880      28.1853
    3881      28.2372
    3882      28.2817
    3883      28.1694
    3884      28.1629
    3885      28.0973
    3886      28.2211
    3887      28.1805
    3888      28.1428
    3889      28.1268
    3890      28.1645
    3891      28.1091
    3892      28.0767
    3893      28.0353
    3894      28.0256
    3895      28.0379
    3896      28.1820
    3897      28.2098
    3898      28.3131
    3899      28.1551
    3900      28.1169
    3901      28.1449
    3902      28.0503
    3903      28.0951
    3904      28.1921
    3905      28.2048
    3906      28.1391
    3907      28.1830
    3908      28.1797
    3909      28.2776
    3910      28.0469
    3911      28.0690
    3912      28.0921
    3913      28.0080
    3914      28.0163
    3915      28.0017
    3916      28.0856
    3917      28.1682
    3918      28.1397
    3919      28.2213
    3920      28.1423
    3921      28.1065
    3922      28.2079
    3923      28.2378
    3924      28.1818
    3925      28.1939
    3926      28.1747
    3927      28.2840
    3928      28.2813
    3929      28.2271
    3930      28.2377
    3931      28.2164
    3932      28.2068
    3933      28.3907
    3934      28.3750
    3935      28.3387
    3936      28.3687
    3937      28.4265
    3938      28.3189
    3939      28.4812
    3940      28.3299
    3941      28.2589
    3942      28.2933
    3943      28.2976
    3944      28.3852
    3945      28.2878
    3946      28.3084
    3947      28.1660
    3948      28.2207
    3949      28.2300
    3950      28.2807
    3951      28.1625
    3952      28.2700
    3953      28.3132
    3954      28.3374
    3955      28.3128
    3956      28.3750
    3957      28.2880
    3958      28.3743
    3959      28.3183
    3960      28.3262
    3961      28.3547
    3962      28.3145
    3963      28.1902
    3964      28.1338
    3965      28.1721
    3966      28.1881
    3967      28.0801
    3968      28.1675
    3969      28.0648
    3970      28.1897
    3971      28.0879
    3972      28.1475
    3973      28.1699
    3974      28.2167
    3975      28.3069
    3976      28.1803
    3977      28.2668
    3978      28.2118
    3979      28.2083
    3980      28.1218
    3981      28.1947
    3982      28.1403
    3983      28.1150
    3984      28.1738
    3985      28.1665
    3986      28.2092
    3987      28.2369
    3988      28.1538
    3989      28.2260
    3990      28.2742
    3991      28.2626
    3992      28.2513
    3993      28.1726
    3994      28.1925
    3995      28.1838
    3996      28.1724
    3997      28.2847
    3998      28.2462
    3999      28.3483
    4000      28.2419
    4001      28.3504
    4002      28.2189
    4003      28.2028
    4004      28.2091
    4005      28.3803
    4006      28.3094
    4007      28.2308
    4008      28.3080
    4009      28.2712
    4010      28.3831
    4011      28.3283
    4012      28.2720
    4013      28.3634
    4014      28.2994
    4015      28.3402
    4016      28.3498
    4017      28.3297
    4018      28.2951
    4019      28.4315
    4020      28.3181
    4021      28.3886
    4022      28.2686
    4023      28.2836
    4024      28.2055
    4025      28.2449
    4026      28.2589
    4027      28.2349
    4028      28.3703
    4029      28.2523
    4030      28.3314
    4031      28.3962
    4032      28.2645
    4033      28.3072
    4034      28.1279
    4035      28.1549
    4036      28.2466
    4037      28.2895
    4038      28.3333
    4039      28.2674
    4040      28.1776
    4041      28.1093
    4042      28.1768
    4043      28.1831
    4044      28.1533
    4045      28.2124
    4046      28.2202
    4047      28.2408
    4048      28.2456
    4049      28.2783
    4050      28.2979
    4051      28.2998
    4052      28.2943
    4053      28.2936
    4054      28.3211
    4055      28.3456
    4056      28.3724
    4057      28.2779
    4058      28.2483
    4059      28.3542
    4060      28.2849
    4061      28.2052
    4062      28.2417
    4063      28.2210
    4064      28.3308
    4065      28.2447
    4066      28.3151
    4067      28.2236
    4068      28.1930
    4069      28.1822
    4070      28.1581
    4071      28.2197
    4072      28.2465
    4073      28.1861
    4074      28.2675
    4075      28.2781
    4076      28.3646
    4077      28.2544
    4078      28.2624
    4079      28.2934
    4080      28.2673
    4081      28.2684
    4082      28.2398
    4083      28.2180
    4084      28.1800
    4085      28.2786
    4086      28.2489
    4087      28.2466
    4088      28.2047
    4089      28.1839
    4090      28.3498
    4091      28.3023
    4092      28.3153
    4093      28.4399
    4094      28.2684
    4095      28.2851
    4096      28.4322
    4097      28.2910
    4098      28.3201
    4099      28.3067
    4100      28.2757
    4101      28.2409
    4102      28.2419
    4103      28.2542
    4104      28.2612
    4105      28.1742
    4106      28.3561
    4107      28.2603
    4108      28.2092
    4109      28.1927
    4110      28.2575
    4111      28.2683
    4112      28.2710
    4113      28.3356
    4114      28.2505
    4115      28.1283
    4116      28.1572
    4117      28.3353
    4118      28.2937
    4119      28.2135
    4120      28.2094
    4121      28.2220
    4122      28.2516
    4123      28.2673
    4124      28.3732
    4125      28.2658
    4126      28.2392
    4127      28.2151
    4128      28.1101
    4129      28.0958
    4130      28.0844
    4131      28.2130
    4132      28.2471
    4133      28.2727
    4134      28.2479
    4135      28.2107
    4136      28.1715
    4137      28.2561
    4138      28.2557
    4139      28.1896
    4140      28.1404
    4141      28.1934
    4142      28.2175
    4143      28.1866
    4144      28.1667
    4145      28.0870
    4146      28.2134
    4147      28.1729
    4148      28.0860
    4149      28.2171
    4150      28.2060
    4151      28.1963
    4152      28.1241
    4153      28.1476
    4154      28.1945
    4155      28.1643
    4156      28.2492
    4157      28.2420
    4158      28.2545
    4159      28.2483
    4160      28.1678
    4161      28.3165
    4162      28.2799
    4163      28.2432
    4164      28.2642
    4165      28.2975
    4166      28.1869
    4167      28.1666
    4168      28.1513
    4169      28.0513
    4170      28.0832
    4171      28.1201
    4172      28.0635
    4173      28.2044
    4174      28.2194
    4175      28.2630
    4176      28.2567
    4177      28.2908
    4178      28.2265
    4179      28.2342
    4180      28.2996
    4181      28.2898
    4182      28.2059
    4183      28.2457
    4184      28.2757
    4185      28.3401
    4186      28.3491
    4187      28.3671
    4188      28.4309
    4189      28.3629
    4190      28.3879
    4191      28.3263
    4192      28.3809
    4193      28.4263
    4194      28.4026
    4195      28.3955
    4196      28.4787
    4197      28.3588
    4198      28.4473
    4199      28.4116
    4200      28.4019
    4201      28.4651
    4202      28.4920
    4203      28.4797
    4204      28.4448
    4205      28.4503
    4206      28.5249
    4207      28.4796
    4208      28.4047
    4209      28.3903
    4210      28.3104
    4211      28.2964
    4212      28.3689
    4213      28.3179
    4214      28.3214
    4215      28.4578
    4216      28.4604
    4217      28.4438
    4218      28.4427
    4219      28.4324
    4220      28.3691
    4221      28.4169
    4222      28.3948
    4223      28.4173
    4224      28.3166
    4225      28.3143
    4226      28.4083
    4227      28.2683
    4228      28.2612
    4229      28.3147
    4230      28.4003
    4231      28.3320
    4232      28.3584
    4233      28.3120
    4234      28.3331
    4235      28.3816
    4236      28.3413
    4237      28.3161
    4238      28.3310
    4239      28.3593
    4240      28.4344
    4241      28.3199
    4242      28.2445
    4243      28.2209
    4244      28.2725
    4245      28.2598
    4246      28.3735
    4247      28.2852
    4248      28.3135
    4249      28.3695
    4250      28.3020
    4251      28.4032
    4252      28.4439
    4253      28.3167
    4254      28.3433
    4255      28.1565
    4256      28.3178
    4257      28.2152
    4258      28.2259
    4259      28.2474
    4260      28.3034
    4261      28.3094
    4262      28.2746
    4263      28.1897
    4264      28.2500
    4265      28.1786
    4266      28.1685
    4267      28.1747
    4268      28.1101
    4269      28.2181
    4270      28.2801
    4271      28.2650
    4272      28.1235
    4273      28.0390
    4274      27.9810
    4275      28.1431
    4276      28.1503
    4277      28.1600
    4278      28.1643
    4279      28.2316
    4280      28.2018
    4281      28.2622
    4282      28.1636
    4283      28.3027
    4284      28.2468
    4285      28.2260
    4286      28.2381
    4287      28.2889
    4288      28.3421
    4289      28.3655
    4290      28.3268
    4291      28.4456
    4292      28.4028
    4293      28.2557
    4294      28.2250
    4295      28.1367
    4296      28.2499
    4297      28.1814
    4298      28.3051
    4299      28.2882
    4300      28.3144
    4301      28.2351
    4302      28.2187
    4303      28.2490
    4304      28.3283
    4305      28.1512
    4306      28.2029
    4307      28.1645
    4308      28.1805
    4309      28.2633
    4310      28.2547
    4311      28.1414
    4312      28.2892
    4313      28.2328
    4314      28.2051
    4315      28.2761
    4316      28.2167
    4317      28.2067
    4318      28.1676
    4319      28.0894
    4320      28.1318
    4321      28.1998
    4322      28.1968
    4323      28.1419
    4324      28.1072
    4325      28.2054
    4326      28.2398
    4327      28.2007
    4328      28.1775
    4329      28.2337
    4330      28.2293
    4331      28.1633
    4332      28.3024
    4333      28.2953
    4334      28.1982
    4335      28.2222
    4336      28.2433
    4337      28.3310
    4338      28.3056
    4339      28.2687
    4340      28.2642
    4341      28.1411
    4342      28.2000
    4343      28.2232
    4344      28.2949
    4345      28.2205
    4346      28.2124
    4347      28.2199
    4348      28.2733
    4349      28.1981
    4350      28.2267
    4351      28.1657
    4352      28.1615
    4353      28.2217
    4354      28.2717
    4355      28.3012
    4356      28.3021
    4357      28.3289
    4358      28.4195
    4359      28.3551
    4360      28.3522
    4361      28.3833
    4362      28.3173
    4363      28.4077
    4364      28.2878
    4365      28.3415
    4366      28.2320
    4367      28.2517
    4368      28.1942
    4369      28.1187
    4370      28.1505
    4371      28.0529
    4372      28.1464
    4373      28.1909
    4374      28.2229
    4375      28.2362
    4376      28.1944
    4377      28.1085
    4378      28.1550
    4379      28.2523
    4380      28.1349
    4381      28.2386
    4382      28.3080
    4383      28.2786
    4384      28.3066
    4385      28.2682
    4386      28.3349
    4387      28.2677
    4388      28.2500
    4389      28.2227
    4390      28.2930
    4391      28.3673
    4392      28.2191
    4393      28.1631
    4394      28.2174
    4395      28.2913
    4396      28.1621
    4397      28.2386
    4398      28.2500
    4399      28.1918
    4400      28.1397
    4401      28.2731
    4402      28.2125
    4403      28.1362
    4404      28.1168
    4405      28.1860
    4406      28.1035
    4407      28.1421
    4408      28.2505
    4409      28.1530
    4410      28.1683
    4411      28.1934
    4412      28.1064
    4413      28.1320
    4414      28.3171
    4415      28.2974
    4416      28.1725
    4417      28.2314
    4418      28.1897
    4419      28.1782
    4420      28.2439
    4421      28.2272
    4422      28.2471
    4423      28.2142
    4424      28.2376
    4425      28.2493
    4426      28.1988
    4427      28.2739
    4428      28.2772
    4429      28.1319
    4430      28.1874
    4431      28.2392
    4432      28.1532
    4433      28.2653
    4434      28.2082
    4435      28.2266
    4436      28.2861
    4437      28.2959
    4438      28.2688
    4439      28.0616
    4440      28.1471
    4441      28.1573
    4442      28.2001
    4443      28.3222
    4444      28.2098
    4445      28.0883
    4446      28.1679
    4447      28.1748
    4448      28.2801
    4449      28.3120
    4450      28.3279
    4451      28.3785
    4452      28.3149
    4453      28.3261
    4454      28.3550
    4455      28.2522
    4456      28.2748
    4457      28.1449
    4458      28.1778
    4459      28.2512
    4460      28.3066
    4461      28.2422
    4462      28.3030
    4463      28.2623
    4464      28.3161
    4465      28.3427
    4466      28.4145
    4467      28.3974
    4468      28.2894
    4469      28.2231
    4470      28.3142
    4471      28.2541
    4472      28.3168
    4473      28.3769
    4474      28.3756
    4475      28.3894
    4476      28.2986
    4477      28.1757
    4478      28.2375
    4479      28.3059
    4480      28.1922
    4481      28.2370
    4482      28.2900
    4483      28.3203
    4484      28.3783
    4485      28.2486
    4486      28.3208
    4487      28.2511
    4488      28.2606
    4489      28.2264
    4490      28.1917
    4491      28.2995
    4492      28.1756
    4493      28.2428
    4494      28.2518
    4495      28.1868
    4496      28.1484
    4497      28.1918
    4498      28.2167
    4499      28.3166
    4500      28.2730
    4501      28.3382
    4502      28.2792
    4503      28.3335
    4504      28.3516
    4505      28.3002
    4506      28.2854
    4507      28.2143
    4508      28.3493
    4509      28.3335
    4510      28.3715
    4511      28.3273
    4512      28.3333
    4513      28.3576
    4514      28.2683
    4515      28.3811
    4516      28.2590
    4517      28.2773
    4518      28.2193
    4519      28.2714
    4520      28.3093
    4521      28.2225
    4522      28.2666
    4523      28.2401
    4524      28.2829
    4525      28.3115
    4526      28.2565
    4527      28.1813
    4528      28.2267
    4529      28.2023
    4530      28.3377
    4531      28.2127
    4532      28.2812
    4533      28.3395
    4534      28.3329
    4535      28.3673
    4536      28.3065
    4537      28.3850
    4538      28.3974
    4539      28.3651
    4540      28.3172
    4541      28.3503
    4542      28.2330
    4543      28.1212
    4544      28.2974
    4545      28.3245
    4546      27.9952
    4547      28.0937
    4548      28.2618
    4549      28.2714
    4550      28.1708
    4551      28.2541
    4552      28.3934
    4553      28.3554
    4554      28.3129
    4555      28.3767
    4556      28.3446
    4557      28.2583
    4558      28.2530
    4559      28.2615
    4560      28.2048
    4561      28.2738
    4562      28.1602
    4563      28.1748
    4564      28.0899
    4565      28.0412
    4566      28.1702
    4567      28.2485
    4568      28.1255
    4569      28.2509
    4570      28.1942
    4571      28.1900
    4572      28.1224
    4573      28.1952
    4574      28.1840
    4575      28.2597
    4576      28.2180
    4577      28.2770
    4578      28.3537
    4579      28.3181
    4580      28.3105
    4581      28.2954
    4582      28.1412
    4583      28.1137
    4584      28.2187
    4585      28.2157
    4586      28.2515
    4587      28.1949
    4588      28.1751
    4589      28.1212
    4590      28.1919
    4591      28.2400
    4592      28.2235
    4593      28.2027
    4594      28.1480
    4595      28.0557
    4596      28.1705
    4597      28.1969
    4598      28.0860
    4599      28.2042
    4600      28.1991
    4601      28.1748
    4602      28.0971
    4603      28.1830
    4604      28.1037
    4605      28.1642
    4606      28.1282
    4607      28.0066
    4608      28.0772
    4609      28.0381
    4610      28.0027
    4611      28.1329
    4612      28.1474
    4613      28.1093
    4614      28.2670
    4615      28.1634
    4616      28.1764
    4617      28.2104
    4618      28.1362
    4619      28.2160
    4620      28.2541
    4621      28.1593
    4622      28.1589
    4623      28.1633
    4624      28.1769
    4625      28.1696
    4626      28.1740
    4627      28.2708
    4628      28.2481
    4629      28.2612
    4630      28.1623
    4631      28.3354
    4632      28.3835
    4633      28.3064
    4634      28.1437
    4635      28.2238
    4636      28.2306
    4637      28.2396
    4638      28.2543
    4639      28.3164
    4640      28.3676
    4641      28.3464
    4642      28.3061
    4643      28.2906
    4644      28.2983
    4645      28.3657
    4646      28.2804
    4647      28.2173
    4648      28.2063
    4649      28.1831
    4650      28.1613
    4651      28.1099
    4652      28.1526
    4653      28.1764
    4654      28.1823
    4655      28.1130
    4656      28.1114
    4657      28.1117
    4658      28.1942
    4659      28.2449
    4660      28.1746
    4661      28.2299
    4662      28.2857
    4663      28.1720
    4664      28.1784
    4665      28.1824
    4666      28.1703
    4667      28.3119
    4668      28.3198
    4669      28.1836
    4670      28.2052
    4671      28.3454
    4672      28.2505
    4673      28.1880
    4674      28.2133
    4675      28.2343
    4676      28.2957
    4677      28.2691
    4678      28.2384
    4679      28.2668
    4680      28.3206
    4681      28.2063
    4682      28.1209
    4683      28.1966
    4684      28.1356
    4685      28.2949
    4686      28.3469
    4687      28.4193
    4688      28.3485
    4689      28.2453
    4690      28.2398
    4691      28.2087
    4692      28.3611
    4693      28.3463
    4694      28.1886
    4695      28.2474
    4696      28.3652
    4697      28.2405
    4698      28.2838
    4699      28.3607
    4700      28.3277
    4701      28.3707
    4702      28.3638
    4703      28.3579
    4704      28.3729
    4705      28.4233
    4706      28.4018
    4707      28.4156
    4708      28.4020
    4709      28.4183
    4710      28.4587
    4711      28.2780
    4712      28.2760
    4713      28.3157
    4714      28.3279
    4715      28.3641
    4716      28.3136
    4717      28.2960
    4718      28.2871
    4719      28.4109
    4720      28.4018
    4721      28.3915
    4722      28.4356
    4723      28.3565
    4724      28.2720
    4725      28.2842
    4726      28.3534
    4727      28.2776
    4728      28.2960
    4729      28.3777
    4730      28.2986
    4731      28.3195
    4732      28.2624
    4733      28.2967
    4734      28.3412
    4735      28.2558
    4736      28.3287
    4737      28.2332
    4738      28.1992
    4739      28.2576
    4740      28.2732
    4741      28.1912
    4742      28.3513
    4743      28.3098
    4744      28.3400
    4745      28.3088
    4746      28.3637
    4747      28.5038
    4748      28.4433
    4749      28.4696
    4750      28.3992
    4751      28.3872
    4752      28.4119
    4753      28.3634
    4754      28.4548
    4755      28.4023
    4756      28.2536
    4757      28.3703
    4758      28.3622
    4759      28.3438
    4760      28.3057
    4761      28.4293
    4762      28.3686
    4763      28.3446
    4764      28.3880
    4765      28.4289
    4766      28.3838
    4767      28.3017
    4768      28.2341
    4769      28.2407
    4770      28.2803
    4771      28.3053
    4772      28.2777
    4773      28.3565
    4774      28.3473
    4775      28.3316
    4776      28.4268
    4777      28.4812
    4778      28.4474
    4779      28.4240
    4780      28.4210
    4781      28.3688
    4782      28.4056
    4783      28.2440
    4784      28.3651
    4785      28.2699
    4786      28.3194
    4787      28.2907
    4788      28.2857
    4789      28.1858
    4790      28.3262
    4791      28.2535
    4792      28.2928
    4793      28.1462
    4794      28.1729
    4795      28.2108
    4796      28.2273
    4797      28.1588
    4798      28.2546
    4799      28.2359
    4800      28.3632
    4801      28.3365
    4802      28.3666
    4803      28.3888
    4804      28.4421
    4805      28.4940
    4806      28.4778
    4807      28.3252
    4808      28.4018
    4809      28.4599
    4810      28.4512
    4811      28.3435
    4812      28.4225
    4813      28.3767
    4814      28.3613
    4815      28.2942
    4816      28.3235
    4817      28.2239
    4818      28.3225
    4819      28.3061
    4820      28.3200
    4821      28.3687
    4822      28.3669
    4823      28.2861
    4824      28.3104
    4825      28.2894
    4826      28.4611
    4827      28.4811
    4828      28.4259
    4829      28.4651
    4830      28.3713
    4831      28.3582
    4832      28.2600
    4833      28.3244
    4834      28.3349
    4835      28.2791
    4836      28.2506
    4837      28.3521
    4838      28.1994
    4839      28.1908
    4840      28.3125
    4841      28.3309
    4842      28.2067
    4843      28.2689
    4844      28.3676
    4845      28.3168
    4846      28.3404
    4847      28.3560
    4848      28.3980
    4849      28.3571
    4850      28.4095
    4851      28.3954
    4852      28.3918
    4853      28.3687
    4854      28.4803
    4855      28.4015
    4856      28.3906
    4857      28.2359
    4858      28.3026
    4859      28.3558
    4860      28.2719
    4861      28.3141
    4862      28.2675
    4863      28.3979
    4864      28.3247
    4865      28.3790
    4866      28.4349
    4867      28.1784
    4868      28.3318
    4869      28.4364
    4870      28.5525
    4871      28.4281
    4872      28.4955
    4873      28.5287
    4874      28.5360
    4875      28.5466
    4876      28.4809
    4877      28.4203
    4878      28.4525
    4879      28.4563
    4880      28.5285
    4881      28.5047
    4882      28.5241
    4883      28.6334
    4884      28.6091
    4885      28.5259
    4886      28.5460
    4887      28.4439
    4888      28.4059
    4889      28.4468
    4890      28.5037
    4891      28.3908
    4892      28.3891
    4893      28.3670
    4894      28.3362
    4895      28.3916
    4896      28.3138
    4897      28.2853
    4898      28.3267
    4899      28.3604
    4900      28.4777
    4901      28.5130
    4902      28.3141
    4903      28.4485
    4904      28.3316
    4905      28.4100
    4906      28.4185
    4907      28.3540
    4908      28.4270
    4909      28.3106
    4910      28.5258
    4911      28.5920
    4912      28.6840
    4913      28.6884
    4914      28.4290
    4915      28.5313
    4916      28.5460
    4917      28.5319
    4918      28.5744
    4919      28.5080
    4920      28.5258
    4921      28.5283
    4922      28.4413
    4923      28.4215
    4924      28.4057
    4925      28.4372
    4926      28.4522
    4927      28.5406
    4928      28.3430
    4929      28.2527
    4930      28.3773
    4931      28.3429
    4932      28.4627
    4933      28.3941
    4934      28.4966
    4935      28.4608
    4936      28.5109
    4937      28.4441
    4938      28.4427
    4939      28.5130
    4940      28.4784
    4941      28.3861
    4942      28.3942
    4943      28.4310
    4944      28.4536
    4945      28.3984
    4946      28.3707
    4947      28.3344
    4948      28.2877
    4949      28.3185
    4950      28.4429
    4951      28.4077
    4952      28.2505
    4953      28.3046
    4954      28.4466
    4955      28.2933
    4956      28.2233
    4957      28.2248
    4958      28.3290
    4959      28.3245
    4960      28.2548
    4961      28.2495
    4962      28.2490
    4963      28.3929
    4964      28.2528
    4965      28.2890
    4966      28.4072
    4967      28.3833
    4968      28.3278
    4969      28.3615
    4970      28.3253
    4971      28.3524
    4972      28.3348
    4973      28.3181
    4974      28.2884
    4975      28.4241
    4976      28.3068
    4977      28.2953
    4978      28.4025
    4979      28.4681
    4980      28.3802
    4981      28.3723
    4982      28.3677
    4983      28.4573
    4984      28.3550
    4985      28.2903
    4986      28.4008
    4987      28.4045
    4988      28.3428
    4989      28.3578
    4990      28.3448
    4991      28.3630
    4992      28.2563
    4993      28.2790
    4994      28.4530
    4995      28.3079
    4996      28.3909
    4997      28.3776
    4998      28.2803
    4999      28.2111
    5000      28.1584
    5001      28.1611
    5002      28.1513
    5003      28.1337
    5004      28.2113
    5005      28.0981
    5006      28.0692
    5007      28.0733
    5008      28.0985
    5009      28.2382
    5010      28.2857
    5011      28.2626
    5012      28.2211
    5013      28.0898
    5014      28.1943
    5015      28.2478
    5016      28.2791
    5017      28.2033
    5018      28.2847
    5019      28.1908
    5020      28.2403
    5021      28.1285
    5022      28.3340
    5023      28.2750
    5024      28.1442
    5025      28.1911
    5026      28.1512
    5027      28.2430
    5028      28.2923
    5029      28.4000
    5030      28.3254
    5031      28.2296
    5032      28.1697
    5033      28.2284
    5034      28.2143
    5035      28.1902
    5036      28.3425
    5037      28.3395
    5038      28.3578
    5039      28.3376
    5040      28.4464
    5041      28.4435
    5042      28.4546
    5043      28.3681
    5044      28.3358
    5045      28.3812
    5046      28.3275
    5047      28.4439
    5048      28.4392
    5049      28.3825
    5050      28.3324
    5051      28.2950
    5052      28.2922
    5053      28.2312
    5054      28.1957
    5055      28.2997
    5056      28.2754
    5057      28.2151
    5058      28.2275
    5059      28.1059
    5060      28.0566
    5061      28.1936
    5062      28.2851
    5063      28.2529
    5064      28.3684
    5065      28.3409
    5066      28.3450
    5067      28.2916
    5068      28.3906
    5069      28.4210
    5070      28.4322
    5071      28.4186
    5072      28.4160
    5073      28.3202
    5074      28.3953
    5075      28.4366
    5076      28.4407
    5077      28.2895
    5078      28.3209
    5079      28.3878
    5080      28.2801
    5081      28.2904
    5082      28.2455
    5083      28.2810
    5084      28.2547
    5085      28.3020
    5086      28.2342
    5087      28.3003
    5088      28.2609
    5089      28.2943
    5090      28.3277
    5091      28.4421
    5092      28.4446
    5093      28.3725
    5094      28.4320
    5095      28.4420
    5096      28.4154
    5097      28.5111
    5098      28.5169
    5099      28.5260
    5100      28.5338
    5101      28.4389
    5102      28.5394
    5103      28.4724
    5104      28.4076
    5105      28.4344
    5106      28.3616
    5107      28.2090
    5108      28.3410
    5109      28.2879
    5110      28.1469
    5111      28.2933
    5112      28.2561
    5113      28.3531
    5114      28.2835
    5115      28.3600
    5116      28.3300
    5117      28.2720
    5118      28.3830
    5119      28.2623
    5120      28.3377
    5121      28.4189
    5122      28.3543
    5123      28.3501
    5124      28.4572
    5125      28.4939
    5126      28.3965
    5127      28.3793
    5128      28.3379
    5129      28.2950
    5130      28.3339
    5131      28.3976
    5132      28.3882
    5133      28.4064
    5134      28.2550
    5135      28.3510
    5136      28.3808
    5137      28.2801
    5138      28.3627
    5139      28.2253
    5140      28.2698
    5141      28.3444
    5142      28.3876
    5143      28.3344
    5144      28.3073
    5145      28.2752
    5146      28.3615
    5147      28.4190
    5148      28.2457
    5149      28.4326
    5150      28.3733
    5151      28.3512
    5152      28.3729
    5153      28.3654
    5154      28.3748
    5155      28.3711
    5156      28.3749
    5157      28.4417
    5158      28.4259
    5159      28.3734
    5160      28.3868
    5161      28.2389
    5162      28.3146
    5163      28.3234
    5164      28.2953
    5165      28.3365
    5166      28.3755
    5167      28.2924
    5168      28.3017
    5169      28.3224
    5170      28.3532
    5171      28.2771
    5172      28.3599
    5173      28.1944
    5174      28.3032
    5175      28.2035
    5176      28.2634
    5177      28.3013
    5178      28.2673
    5179      28.2724
    5180      28.2322
    5181      28.2229
    5182      28.2546
    5183      28.3520
    5184      28.2748
    5185      28.2830
    5186      28.3661
    5187      28.3531
    5188      28.3901
    5189      28.3481
    5190      28.3216
    5191      28.2908
    5192      28.2631
    5193      28.2344
    5194      28.3297
    5195      28.2632
    5196      28.1912
    5197      28.1699
    5198      28.1874
    5199      28.2200
    5200      28.2446
    5201      28.2155
    5202      28.1052
    5203      28.1882
    5204      28.2169
    5205      28.2027
    5206      28.2879
    5207      28.2882
    5208      28.2227
    5209      28.2088
    5210      28.2679
    5211      28.3069
    5212      28.3294
    5213      28.1940
    5214      28.2174
    5215      28.3257
    5216      28.3456
    5217      28.4560
    5218      28.4247
    5219      28.3647
    5220      28.4132
    5221      28.2918
    5222      28.3144
    5223      28.3091
    5224      28.2983
    5225      28.3223
    5226      28.3757
    5227      28.3890
    5228      28.3586
    5229      28.3081
    5230      28.3038
    5231      28.2173
    5232      28.1008
    5233      28.1295
    5234      28.1942
    5235      28.2871
    5236      28.2899
    5237      28.3667
    5238      28.3174
    5239      28.3914
    5240      28.4723
    5241      28.3635
    5242      28.4314
    5243      28.4810
    5244      28.3308
    5245      28.4684
    5246      28.4256
    5247      28.2809
    5248      28.2893
    5249      28.1998
    5250      28.2859
    5251      28.4029
    5252      28.2996
    5253      28.2522
    5254      28.3337
    5255      28.3231
    5256      28.2313
    5257      28.2885
    5258      28.2209
    5259      28.1850
    5260      28.2742
    5261      28.2622
    5262      28.2985
    5263      28.3933
    5264      28.3602
    5265      28.2729
    5266      28.4177
    5267      28.4262
    5268      28.4530
    5269      28.5325
    5270      28.3932
    5271      28.4411
    5272      28.4791
    5273      28.3094
    5274      28.1687
    5275      28.1112
    5276      28.2499
    5277      28.2354
    5278      28.2630
    5279      28.2774
    5280      28.2286
    5281      28.1743
    5282      28.3061
    5283      28.1773
    5284      28.2791
    5285      28.2810
    5286      28.2474
    5287      28.3135
    5288      28.2559
    5289      28.3591
    5290      28.4040
    5291      28.4760
    5292      28.4811
    5293      28.3603
    5294      28.3635
    5295      28.2470
    5296      28.2789
    5297      28.4161
    5298      28.2088
    5299      28.2329
    5300      28.0883
    5301      28.1204
    5302      28.0735
    5303      28.1390
    5304      28.1268
    5305      28.0793
    5306      28.1036
    5307      28.1498
    5308      28.1077
    5309      28.1843
    5310      28.1831
    5311      28.1815
    5312      28.2662
    5313      28.1216
    5314      28.2175
    5315      28.3140
    5316      28.2356
    5317      28.3272
    5318      28.2320
    5319      28.2736
    5320      28.1894
    5321      28.3667
    5322      28.3760
    5323      28.4249
    5324      28.3708
    5325      28.2856
    5326      28.4320
    5327      28.4264
    5328      28.4850
    5329      28.4422
    5330      28.3536
    5331      28.3459
    5332      28.2874
    5333      28.3544
    5334      28.2590
    5335      28.3415
    5336      28.2615
    5337      28.1473
    5338      28.2706
    5339      28.2744
    5340      28.3337
    5341      28.2821
    5342      28.2172
    5343      28.3439
    5344      28.3384
    5345      28.4458
    5346      28.4573
    5347      28.4635
    5348      28.4467
    5349      28.4398
    5350      28.2456
    5351      28.2264
    5352      28.3581
    5353      28.3367
    5354      28.4564
    5355      28.3561
    5356      28.3557
    5357      28.3681
    5358      28.3497
    5359      28.3060
    5360      28.4209
    5361      28.3375
    5362      28.2948
    5363      28.2144
    5364      28.3706
    5365      28.3509
    5366      28.4548
    5367      28.4510
    5368      28.5944
    5369      28.5007
    5370      28.6009
    5371      28.6073
    5372      28.5557
    5373      28.5975
    5374      28.6590
    5375      28.6877
    5376      28.6245
    5377      28.5771
    5378      28.5766
    5379      28.5403
    5380      28.5755
    5381      28.3851
    5382      28.3928
    5383      28.4097
    5384      28.4619
    5385      28.3087
    5386      28.3719
    5387      28.4027
    5388      28.3012
    5389      28.3474
    5390      28.2333
    5391      28.2733
    5392      28.3630
    5393      28.4563
    5394      28.3531
    5395      28.3519
    5396      28.3244
    5397      28.2971
    5398      28.3323
    5399      28.2501
    5400      28.1628
    5401      28.2367
    5402      28.2593
    5403      28.2087
    5404      28.2373
    5405      28.2390
    5406      28.3268
    5407      28.1984
    5408      28.2297
    5409      28.3374
    5410      28.3979
    5411      28.2938
    5412      28.3305
    5413      28.3521
    5414      28.2281
    5415      28.3991
    5416      28.3007
    5417      28.3518
    5418      28.4045
    5419      28.3955
    5420      28.4008
    5421      28.4289
    5422      28.4715
    5423      28.3634
    5424      28.2544
    5425      28.3674
    5426      28.3174
    5427      28.2557
    5428      28.3317
    5429      28.1860
    5430      28.2385
    5431      28.2447
    5432      28.2404
    5433      28.2603
    5434      28.1925
    5435      28.2356
    5436      28.3913
    5437      28.3820
    5438      28.3395
    5439      28.3667
    5440      28.3000
    5441      28.2753
    5442      28.2027
    5443      28.3275
    5444      28.3439
    5445      28.2508
    5446      28.2112
    5447      28.1732
    5448      28.1542
    5449      28.2710
    5450      28.2535
    5451      28.2398
    5452      28.2289
    5453      28.2828
    5454      28.1890
    5455      28.3277
    5456      28.3276
    5457      28.4618
    5458      28.3277
    5459      28.2424
    5460      28.3067
    5461      28.3001
    5462      28.2958
    5463      28.3567
    5464      28.2087
    5465      28.4152
    5466      28.3279
    5467      28.1911
    5468      28.3890
    5469      28.4263
    5470      28.4617
    5471      28.3379
    5472      28.4064
    5473      28.3016
    5474      28.2435
    5475      28.3076
    5476      28.3845
    5477      28.3321
    5478      28.3553
    5479      28.2522
    5480      28.2188
    5481      28.3108
    5482      28.2725
    5483      28.2704
    5484      28.1639
    5485      28.2892
    5486      28.2957
    5487      28.3657
    5488      28.2768
    5489      28.3210
    5490      28.2682
    5491      28.3814
    5492      28.3407
    5493      28.2896
    5494      28.3205
    5495      28.3861
    5496      28.3468
    5497      28.3581
    5498      28.4375
    5499      28.2830
    5500      28.2919
    5501      28.2568
    5502      28.2422
    5503      28.2951
    5504      28.4394
    5505      28.4704
    5506      28.3739
    5507      28.3021
    5508      28.3477
    5509      28.4299
    5510      28.3894
    5511      28.3616
    5512      28.4142
    5513      28.4467
    5514      28.5063
    5515      28.4524
    5516      28.3738
    5517      28.4040
    5518      28.3494
    5519      28.2663
    5520      28.1816
    5521      28.3025
    5522      28.2234
    5523      28.1961
    5524      28.2286
    5525      28.3236
    5526      28.2558
    5527      28.2572
    5528      28.2265
    5529      28.2461
    5530      28.2959
    5531      28.3412
    5532      28.4370
    5533      28.4028
    5534      28.4671
    5535      28.4076
    5536      28.4498
    5537      28.2463
    5538      28.3130
    5539      28.3806
    5540      28.3127
    5541      28.2790
    5542      28.2729
    5543      28.2250
    5544      28.2554
    5545      28.2566
    5546      28.2482
    5547      28.1799
    5548      28.2286
    5549      28.2410
    5550      28.2494
    5551      28.3139
    5552      28.2474
    5553      28.2148
    5554      28.3347
    5555      28.3798
    5556      28.2803
    5557      28.2752
    5558      28.2814
    5559      28.2599
    5560      28.2486
    5561      28.2517
    5562      28.2209
    5563      28.3056
    5564      28.2500
    5565      28.2261
    5566      28.3045
    5567      28.3607
    5568      28.3055
    5569      28.3000
    5570      28.2441
    5571      28.2942
    5572      28.2581
    5573      28.2781
    5574      28.2333
    5575      28.1876
    5576      28.1709
    5577      28.2791
    5578      28.2223
    5579      28.1357
    5580      28.2446
    5581      28.2954
    5582      28.3169
    5583      28.2770
    5584      28.3342
    5585      28.3397
    5586      28.2872
    5587      28.2381
    5588      28.3053
    5589      28.2780
    5590      28.3804
    5591      28.2689
    5592      28.3430
    5593      28.3858
    5594      28.2775
    5595      28.2837
    5596      28.2273
    5597      28.2925
    5598      28.3719
    5599      28.4653
    5600      28.3492
    5601      28.2576
    5602      28.2967
    5603      28.2993
    5604      28.3309
    5605      28.2755
    5606      28.3113
    5607      28.2939
    5608      28.2630
    5609      28.3006
    5610      28.4866
    5611      28.4302
    5612      28.3286
    5613      28.4125
    5614      28.3013
    5615      28.3795
    5616      28.3892
    5617      28.4453
    5618      28.3586
    5619      28.3328
    5620      28.2553
    5621      28.3308
    5622      28.3212
    5623      28.1717
    5624      28.1875
    5625      28.2340
    5626      28.3388
    5627      28.2685
    5628      28.3209
    5629      28.2067
    5630      28.2558
    5631      28.2825
    5632      28.3741
    5633      28.3285
    5634      28.2332
    5635      28.1889
    5636      28.3034
    5637      28.3996
    5638      28.2918
    5639      28.3112
    5640      28.3753
    5641      28.3368
    5642      28.4055
    5643      28.3400
    5644      28.3796
    5645      28.2444
    5646      28.1458
    5647      28.2096
    5648      28.2698
    5649      28.1630
    5650      28.1847
    5651      28.1343
    5652      28.1506
    5653      28.2540
    5654      28.2348
    5655      28.2938
    5656      28.2749
    5657      28.2106
    5658      28.2074
    5659      28.1920
    5660      28.3106
    5661      28.2494
    5662      28.2838
    5663      28.2418
    5664      28.2757
    5665      28.1486
    5666      28.2920
    5667      28.1973
    5668      28.2104
    5669      28.2152
    5670      28.1401
    5671      28.1768
    5672      28.3186
    5673      28.2113
    5674      28.2114
    5675      28.3497
    5676      28.2307
    5677      28.2668
    5678      28.3956
    5679      28.4518
    5680      28.2725
    5681      28.2277
    5682      28.3130
    5683      28.2180
    5684      28.3685
    5685      28.3093
    5686      28.3029
    5687      28.1221
    5688      28.2553
    5689      28.2844
    5690      28.2359
    5691      28.2672
    5692      28.2096
    5693      28.1804
    5694      28.2490
    5695      28.2275
    5696      28.3714
    5697      28.3805
    5698      28.2473
    5699      28.1977
    5700      28.2291
    5701      28.2881
    5702      28.4168
    5703      28.4091
    5704      28.2523
    5705      28.4132
    5706      28.3642
    5707      28.3485
    5708      28.2528
    5709      28.2521
    5710      28.3392
    5711      28.3648
    5712      28.4068
    5713      28.2477
    5714      28.1562
    5715      28.1578
    5716      28.1623
    5717      28.1777
    5718      28.1790
    5719      28.2131
    5720      28.0861
    5721      28.2713
    5722      28.2312
    5723      28.2858
    5724      28.2166
    5725      28.2893
    5726      28.1864
    5727      28.2288
    5728      28.3051
    5729      28.2910
    5730      28.2763
    5731      28.1224
    5732      28.2139
    5733      28.2168
    5734      28.3107
    5735      28.3348
    5736      28.2912
    5737      28.3572
    5738      28.3102
    5739      28.2769
    5740      28.2427
    5741      28.3241
    5742      28.3445
    5743      28.2286
    5744      28.3053
    5745      28.3216
    5746      28.2222
    5747      28.1590
    5748      28.1919
    5749      28.1475
    5750      28.2328
    5751      28.3108
    5752      28.3501
    5753      28.3811
    5754      28.3738
    5755      28.4302
    5756      28.4878
    5757      28.3020
    5758      28.3083
    5759      28.3280
    5760      28.2739
    5761      28.1434
    5762      28.1776
    5763      28.2430
    5764      28.2745
    5765      28.3116
    5766      28.2918
    5767      28.2023
    5768      28.2762
    5769      28.3397
    5770      28.3305
    5771      28.2282
    5772      28.3034
    5773      28.2248
    5774      28.3368
    5775      28.3655
    5776      28.4663
    5777      28.5212
    5778      28.4181
    5779      28.3427
    5780      28.3489
    5781      28.3144
    5782      28.2813
    5783      28.2331
    5784      28.1652
    5785      28.2739
    5786      28.1449
    5787      28.2712
    5788      28.3329
    5789      28.3699
    5790      28.3932
    5791      28.3634
    5792      28.4988
    5793      28.5368
    5794      28.4979
    5795      28.3882
    5796      28.3666
    5797      28.3105
    5798      28.2462
    5799      28.2037
    5800      28.2212
    5801      28.1898
    5802      28.2053
    5803      28.3190
    5804      28.3337
    5805      28.3782
    5806      28.2117
    5807      28.2052
    5808      28.1679
    5809      28.1015
    5810      28.1198
    5811      28.1197
    5812      28.0489
    5813      28.1060
    5814      28.0844
    5815      28.0685
    5816      28.0979
    5817      28.0099
    5818      28.0863
    5819      28.1600
    5820      28.1849
    5821      28.1406
    5822      28.1998
    5823      28.2226
    5824      28.2277
    5825      28.2918
    5826      28.2262
    5827      28.2064
    5828      28.2109
    5829      28.1704
    5830      28.2649
    5831      28.2264
    5832      28.2715
    5833      28.2724
    5834      28.2044
    5835      28.2840
    5836      28.2904
    5837      28.3197
    5838      28.2687
    5839      28.3181
    5840      28.3072
    5841      28.2741
    5842      28.3327
    5843      28.3007
    5844      28.3233
    5845      28.2327
    5846      28.2657
    5847      28.2630
    5848      28.2926
    5849      28.1291
    5850      28.2082
    5851      28.1485
    5852      28.2602
    5853      28.1815
    5854      28.2652
    5855      28.1718
    5856      28.2502
    5857      28.3354
    5858      28.2749
    5859      28.2588
    5860      28.3443
    5861      28.3398
    5862      28.3172
    5863      28.3133
    5864      28.3353
    5865      28.2835
    5866      28.3803
    5867      28.4488
    5868      28.4737
    5869      28.4786
    5870      28.4876
    5871      28.4067
    5872      28.4184
    5873      28.4085
    5874      28.2904
    5875      28.4512
    5876      28.3196
    5877      28.3007
    5878      28.3635
    5879      28.3589
    5880      28.2111
    5881      28.2104
    5882      28.1650
    5883      28.2828
    5884      28.3404
    5885      28.2518
    5886      28.2174
    5887      28.1889
    5888      28.2081
    5889      28.3725
    5890      28.3160
    5891      28.3472
    5892      28.3499
    5893      28.4081
    5894      28.4293
    5895      28.4148
    5896      28.4948
    5897      28.5268
    5898      28.4779
    5899      28.4010
    5900      28.4727
    5901      28.5076
    5902      28.4347
    5903      28.3864
    5904      28.3197
    5905      28.2891
    5906      28.5081
    5907      28.4895
    5908      28.6505
    5909      28.5577
    5910      28.5198
    5911      28.4812
    5912      28.5286
    5913      28.5253
    5914      28.5193
    5915      28.4979
    5916      28.3848
    5917      28.3736
    5918      28.4167
    5919      28.4517
    5920      28.5201
    5921      28.3837
    5922      28.4067
    5923      28.4463
    5924      28.4945
    5925      28.4970
    5926      28.4007
    5927      28.3688
    5928      28.3965
    5929      28.4131
    5930      28.4760
    5931      28.5782
    5932      28.5723
    5933      28.4772
    5934      28.4346
    5935      28.4836
    5936      28.3514
    5937      28.4054
    5938      28.4050
    5939      28.3593
    5940      28.3914
    5941      28.5352
    5942      28.5937
    5943      28.4216
    5944      28.3503
    5945      28.2990
    5946      28.2778
    5947      28.1645
    5948      28.2641
    5949      28.2466
    5950      28.3062
    5951      28.3221
    5952      28.2654
    5953      28.2475
    5954      28.3160
    5955      28.1957
    5956      28.3331
    5957      28.2834
    5958      28.3739
    5959      28.3209
    5960      28.3817
    5961      28.3332
    5962      28.4187
    5963      28.4423
    5964      28.4233
    5965      28.4366
    5966      28.3864
    5967      28.4329
    5968      28.3854
    5969      28.4233
    5970      28.3200
    5971      28.2571
    5972      28.3830
    5973      28.4705
    5974      28.4863
    5975      28.4826
    5976      28.4132
    5977      28.3799
    5978      28.4589
    5979      28.4286
    5980      28.4145
    5981      28.4640
    5982      28.4894
    5983      28.4998
    5984      28.5912
    5985      28.4040
    5986      28.3295
    5987      28.3300
    5988      28.3764
    5989      28.3162
    5990      28.3011
    5991      28.3134
    5992      28.4326
    5993      28.4482
    5994      28.4407
    5995      28.2866
    5996      28.3493
    5997      28.4284
    5998      28.3389
    5999      28.3085
    6000      28.4416
    6001      28.2358
    6002      28.1874
    6003      28.2655
    6004      28.2269
    6005      28.2198
    6006      28.3498
    6007      28.2728
    6008      28.2529
    6009      28.2784
    6010      28.2992
    6011      28.2766
    6012      28.2894
    6013      28.2710
    6014      28.3044
    6015      28.3658
    6016      28.3455
    6017      28.3033
    6018      28.2855
    6019      28.3291
    6020      28.4253
    6021      28.2906
    6022      28.3224
    6023      28.3234
    6024      28.2808
    6025      28.2839
    6026      28.2874
    6027      28.3210
    6028      28.2385
    6029      28.3854
    6030      28.4150
    6031      28.3881
    6032      28.3129
    6033      28.3931
    6034      28.3350
    6035      28.3430
    6036      28.2671
    6037      28.2654
    6038      28.4838
    6039      28.4229
    6040      28.4448
    6041      28.3945
    6042      28.3135
    6043      28.4034
    6044      28.3684
    6045      28.3533
    6046      28.3198
    6047      28.3055
    6048      28.1747
    6049      28.1659
    6050      28.1574
    6051      28.1545
    6052      28.2185
    6053      28.2447
    6054      28.2269
    6055      28.3468
    6056      28.2682
    6057      28.3045
    6058      28.3178
    6059      28.3443
    6060      28.5049
    6061      28.4722
    6062      28.4039
    6063      28.3671
    6064      28.3565
    6065      28.3227
    6066      28.2558
    6067      28.2921
    6068      28.3047
    6069      28.2702
    6070      28.3356
    6071      28.2513
    6072      28.3859
    6073      28.4459
    6074      28.3573
    6075      28.3901
    6076      28.3772
    6077      28.2984
    6078      28.2237
    6079      28.2098
    6080      28.3897
    6081      28.3670
    6082      28.3576
    6083      28.3657
    6084      28.4532
    6085      28.4210
    6086      28.3994
    6087      28.3247
    6088      28.2813
    6089      28.2563
    6090      28.1937
    6091      28.2431
    6092      28.2704
    6093      28.3237
    6094      28.3605
    6095      28.3059
    6096      30.3730
    6097      30.4099
    6098      28.3322
    6099      28.2125
    6100      28.2593
    6101      28.3133
    6102      28.2971
    6103      28.2412
    6104      28.1799
    6105      28.2345
    6106      28.1411
    6107      28.3050
    6108      28.2550
    6109      28.2172
    6110      28.1904
    6111      28.2651
    6112      28.4674
    6113      28.2593
    6114      28.4038
    6115      28.4670
    6116      28.4251
    6117      28.3784
    6118      28.3235
    6119      28.4190
    6120      28.2914
    6121      28.2255
    6122      28.3654
    6123      28.4322
    6124      28.2883
    6125      28.4470
    6126      28.3883
    6127      28.2090
    6128      28.2535
    6129      28.2082
    6130      28.1856
    6131      28.2411
    6132      28.1287
    6133      28.1916
    6134      28.2940
    6135      28.0858
    6136      28.2697
    6137      28.2017
    6138      28.1675
    6139      28.3133
    6140      28.3404
    6141      28.3653
    6142      28.3214
    6143      28.3613
    6144      28.3748
    6145      28.2241
    6146      28.3275
    6147      28.3110
    6148      28.2463
    6149      28.2817
    6150      28.2684
    6151      28.3197
    6152      28.2928
    6153      28.3147
    6154      28.4105
    6155      28.3782
    6156      28.4054
    6157      28.4467
    6158      28.4066
    6159      28.3206
    6160      28.3691
    6161      28.3657
    6162      28.4188
    6163      28.4515
    6164      28.5410
    6165      28.5209
    6166      28.3674
    6167      28.3701
    6168      28.3977
    6169      28.4901
    6170      28.4661
    6171      28.4147
    6172      28.4707
    6173      28.4564
    6174      28.5874
    6175      28.5105
    6176      30.5568
    6177      30.6007
    6178      30.6034
    6179      28.5064
    6180      28.4513
    6181      28.5282
    6182      28.5764
    6183      28.5002
    6184      28.4737
    6185      30.5683
    6186      30.5184
    6187      30.3850
    6188      28.4544
    6189      30.5170
    6190      30.5559
    6191      30.5565
    6192      30.5276
    6193      30.5038
    6194      30.4693
    6195      30.4664
    6196      30.4758
    6197      30.4185
    6198      30.3979
    6199      30.5001
    6200      30.4420
    6201      30.4601
    6202      30.4727
    6203      28.4338
    6204      28.3810
    6205      28.3558
    6206      28.3238
    6207      28.3201
    6208      28.2259
    6209      28.1787
    6210      28.2613
    6211      28.2312
    6212      28.3995
    6213      30.3296
    6214      28.3833
    6215      28.4162
    6216      28.3492
    6217      28.4138
    6218      28.4238
    6219      28.4641
    6220      30.4543
    6221      30.3802
    6222      30.5149
    6223      30.5020
    6224      30.4237
    6225      30.3700
    6226      30.4223
    6227      30.4524
    6228      30.4286
    6229      28.4912
    6230      28.4021
    6231      30.5537
    6232      28.4986
    6233      28.5296
    6234      30.3491
    6235      30.4088
    6236      30.5156
    6237      28.5917
    6238      30.5017
    6239      28.5413
    6240      28.4237
    6241      30.4874
    6242      28.4630
    6243      30.4949
    6244      30.4552
    6245      30.3371
    6246      28.4486
    6247      28.4492
    6248      28.4061
    6249      28.4416
    6250      30.4497
    6251      28.3829
    6252      28.4213
    6253      28.4201
    6254      28.4961
    6255      28.5628
    6256      30.5380
    6257      28.6732
    6258      28.5392
    6259      28.6835
    6260      30.5293
    6261      28.6435
    6262      28.4723
    6263      28.5397
    6264      28.6394
    6265      28.4929
    6266      28.5363
    6267      30.3390
    6268      30.3460
    6269      28.5165
    6270      28.4745
    6271      28.5461
    6272      28.4917
    6273      28.3674
    6274      28.5089
    6275      28.4302
    6276      28.4607
    6277      28.5290
    6278      28.4222
    6279      30.4776
    6280      30.4865
    6281      30.4984
    6282      28.5381
    6283      30.4779
    6284      30.4275
    6285      30.4708
    6286      28.5192
    6287      28.5013
    6288      28.5458
    6289      30.4577
    6290      28.4253
    6291      30.4189
    6292      30.4715
    6293      28.5947
    6294      28.6774
    6295      28.6214
    6296      28.4986
    6297      28.6246
    6298      30.5058
    6299      30.6113
    6300      28.5368
    6301      30.5973
    6302      28.7721
    6303      28.5696
    6304      28.5997
    6305      28.6120
    6306      28.6078
    6307      28.5375
    6308      28.5205
    6309      28.4376
    6310      28.4795
    6311      28.4894
    6312      28.6060
    6313      30.5200
    6314      30.4360
    6315      30.4028
    6316      30.3943
    6317      30.4130
    6318      28.3936
    6319      28.3393
    6320      28.4989
    6321      28.5254
    6322      28.4061
    6323      28.4689
    6324      28.5018
    6325      28.5605
    6326      30.4708
    6327      28.4838
    6328      28.4558
    6329      28.5235
    6330      30.4967
    6331      30.4934
    6332      28.5513
    6333      28.5367
    6334      30.5854
    6335      30.4871
    6336      30.4894
    6337      28.5702
    6338      30.4767
    6339      30.4490
    6340      30.4424
    6341      30.4493
    6342      30.4890
    6343      30.3974
    6344      30.4820
    6345      30.5396
    6346      30.4640
    6347      30.5823
    6348      30.4206
    6349      30.4939
    6350      28.5605
    6351      28.4756
    6352      28.6090
    6353      28.5891
    6354      28.5926
    6355      28.6069
    6356      28.6575
    6357      28.5779
    6358      28.4896
    6359      28.4265
    6360      30.4442
    6361      30.5183
    6362      30.4684
    6363      28.5708
    6364      30.4001
    6365      28.4354
    6366      30.5537
    6367      28.4759
    6368      28.5201
    6369      30.5041
    6370      28.6048
    6371      28.5959
    6372      30.5738
    6373      30.5680
    6374      30.5650
    6375      30.5782
    6376      30.5713
    6377      30.5817
    6378      30.5965
    6379      30.5775
    6380      30.6205
    6381      30.5281
    6382      30.5326
    6383      30.4827
    6384      28.4232
    6385      28.4919
    6386      30.4266
    6387      30.4713
    6388      30.4447
    6389      28.3710
    6390      28.4159
    6391      28.5180
    6392      28.4119
    6393      28.5942
    6394      28.5617
    6395      28.4700
    6396      28.5445
    6397      28.5919
    6398      28.5512
    6399      28.5143
    6400      28.5570
    6401      28.5926
    6402      28.5444
    6403      28.4736
    6404      28.4683
    6405      28.5388
    6406      28.5170
    6407      28.5516
    6408      28.6653
    6409      28.5743
    6410      30.5347
    6411      28.4964
    6412      28.4896
    6413      28.4240
    6414      28.4057
    6415      28.4886
    6416      28.5906
    6417      28.6159
    6418      28.5254
    6419      30.5178
    6420      30.4917
    6421      28.4845
    6422      30.5227
    6423      28.5740
    6424      28.5688
    6425      28.5642
    6426      28.4913
    6427      28.4355
    6428      28.4494
    6429      28.4975
    6430      28.4822
    6431      28.5178
    6432      28.4820
    6433      28.5479
    6434      28.5575
    6435      28.4512
    6436      28.5591
    6437      28.4354
    6438      28.4881
    6439      28.4555
    6440      28.5098
    6441      28.5125
    6442      28.5817
    6443      28.5911
    6444      28.6210
    6445      28.5048
    6446      28.5350
    6447      28.5366
    6448      28.4781
    6449      28.5455
    6450      28.6124
    6451      28.4687
    6452      28.5230
    6453      28.4787
    6454      28.4522
    6455      28.3544
    6456      28.4637
    6457      28.4274
    6458      28.4296
    6459      28.3778
    6460      28.4920
    6461      28.3834
    6462      28.3864
    6463      28.4376
    6464      28.5093
    6465      28.4558
    6466      28.4483
    6467      28.3644
    6468      28.4272
    6469      28.4426
    6470      28.5327
    6471      28.5310
    6472      28.5758
    6473      28.5065
    6474      28.5605
    6475      28.5166
    6476      28.4736
    6477      28.4115
    6478      28.4767
    6479      28.5077
    6480      28.4862
    6481      28.5667
    6482      28.4742
    6483      28.6006
    6484      28.4008
    6485      28.3888
    6486      28.3935
    6487      28.3719
    6488      28.4585
    6489      28.3857
    6490      28.4289
    6491      28.4921
    6492      28.4964
    6493      28.4872
    6494      28.4216
    6495      28.4785
    6496      28.5377
    6497      28.4866
    6498      28.4392
    6499      28.4089
    6500      28.3081
    6501      28.5104
    6502      28.3982
    6503      28.4577
    6504      28.3874
    6505      28.3648
    6506      28.3116
    6507      28.3085
    6508      28.3876
    6509      28.4222
    6510      28.3958
    6511      28.4405
    6512      28.5016
    6513      28.4879
    6514      28.4848
    6515      28.4147
    6516      28.5376
    6517      28.5188
    6518      28.5762
    6519      28.5235
    6520      28.5297
    6521      28.5415
    6522      28.4048
    6523      28.3466
    6524      28.3917
    6525      28.4473
    6526      28.3670
    6527      28.4459
    6528      28.4550
    6529      28.4666
    6530      28.5881
    6531      28.5127
    6532      28.5050
    6533      28.5662
    6534      28.6753
    6535      28.5018
    6536      28.4302
    6537      28.5606
    6538      28.5360
    6539      28.3714
    6540      28.4283
    6541      28.4899
    6542      28.5405
    6543      28.5500
    6544      28.5849
    6545      28.5381
    6546      28.4872
    6547      28.4094
    6548      28.4084
    6549      28.4496
    6550      28.3848
    6551      28.4512
    6552      28.4146
    6553      28.4610
    6554      28.4498
    6555      28.5718
    6556      28.5249
    6557      28.5452
    6558      28.6793
    6559      28.5699
    6560      28.5338
    6561      28.4798
    6562      28.4645
    6563      28.5308
    6564      28.6037
    6565      28.5853
    6566      28.5198
    6567      28.6055
    6568      28.5631
    6569      28.5087
    6570      28.5110
    6571      28.4279
    6572      28.4844
    6573      28.5314
    6574      28.5775
    6575      28.5913
    6576      28.5327
    6577      28.4937
    6578      28.4770
    6579      28.5234
    6580      28.5690
    6581      28.6275
    6582      28.4481
    6583      28.3998
    6584      28.3927
    6585      28.3848
    6586      28.3833
    6587      28.3441
    6588      28.4458
    6589      28.5009
    6590      28.4311
    6591      28.3396
    6592      28.3849
    6593      28.3670
    6594      28.2703
    6595      28.3655
    6596      28.2299
    6597      28.2810
    6598      28.2801
    6599      28.3264
    6600      28.3392
    6601      28.4353
    6602      28.4269
    6603      28.3546
    6604      28.4566
    6605      28.4102
    6606      28.3095
    6607      28.2087
    6608      28.3195
    6609      28.3402
    6610      28.3137
    6611      28.2954
    6612      28.2380
    6613      28.3602
    6614      28.3462
    6615      28.2551
    6616      28.3724
    6617      28.3699
    6618      28.3653
    6619      28.3693
    6620      28.3717
    6621      28.2386
    6622      28.2711
    6623      28.3889
    6624      28.1885
    6625      28.3425
    6626      28.2830
    6627      28.2634
    6628      28.3401
    6629      28.2391
    6630      28.2986
    6631      28.2641
    6632      28.3498
    6633      28.2231
    6634      28.1379
    6635      28.2277
    6636      28.2844
    6637      28.3036
    6638      28.3384
    6639      28.4348
    6640      28.3765
    6641      28.3110
    6642      28.2407
    6643      28.3061
    6644      28.3061
    6645      28.2695
    6646      28.1302
    6647      28.2342
    6648      28.2578
    6649      28.2792
    6650      28.3223
    6651      28.3952
    6652      28.3818
    6653      28.4469
    6654      28.3240
    6655      28.3412
    6656      28.4611
    6657      28.4756
    6658      28.5027
    6659      28.5680
    6660      28.5220
    6661      28.3553
    6662      28.4462
    6663      28.3871
    6664      28.3841
    6665      28.3257
    6666      28.3347
    6667      28.3498
    6668      28.3107
    6669      28.2856
    6670      28.3010
    6671      28.2419
    6672      28.4605
    6673      28.4394
    6674      28.3595
    6675      28.3544
    6676      28.3876
    6677      28.3923
    6678      28.2928
    6679      28.3169
    6680      28.3714
    6681      28.2905
    6682      28.2487
    6683      28.2836
    6684      28.2868
    6685      28.3808
    6686      28.3291
    6687      28.3059
    6688      28.3035
    6689      28.2954
    6690      28.3336
    6691      28.2939
    6692      28.3416
    6693      28.3483
    6694      28.4133
    6695      28.2584
    6696      28.3201
    6697      28.3286
    6698      28.2773
    6699      28.2615
    6700      28.3161
    6701      28.4076
    6702      28.2937
    6703      28.3908
    6704      28.3313
    6705      28.3399
    6706      28.4177
    6707      28.5274
    6708      28.4504
    6709      28.2968
    6710      28.3887
    6711      28.3048
    6712      28.2049
    6713      28.2054
    6714      28.3162
    6715      28.3711
    6716      28.4089
    6717      28.4105
    6718      28.2957
    6719      28.2632
    6720      28.3518
    6721      28.3815
    6722      28.3313
    6723      28.2735
    6724      28.4462
    6725      28.4062
    6726      28.4601
    6727      28.4527
    6728      28.4522
    6729      28.4323
    6730      28.3939
    6731      28.1987
    6732      28.2683
    6733      28.3907
    6734      28.2829
    6735      28.2398
    6736      28.2607
    6737      28.3484
    6738      28.2706
    6739      28.2766
    6740      28.1753
    6741      28.3127
    6742      28.3867
    6743      28.3614
    6744      28.3163
    6745      28.3133
    6746      28.3229
    6747      28.4148
    6748      28.3640
    6749      28.4055
    6750      28.3914
    6751      28.4399
    6752      28.2134
    6753      28.1975
    6754      28.4016
    6755      28.3926
    6756      28.3776
    6757      28.3917
    6758      28.3226
    6759      28.4147
    6760      28.3786
    6761      28.3771
    6762      28.3956
    6763      28.2882
    6764      28.3109
    6765      28.3028
    6766      28.3087
    6767      28.3732
    6768      28.3762
    6769      28.3377
    6770      28.3716
    6771      28.4128
    6772      28.2917
    6773      28.3166
    6774      28.3634
    6775      28.3063
    6776      28.3270
    6777      28.3915
    6778      28.4720
    6779      28.4488
    6780      28.5416
    6781      28.5092
    6782      28.3358
    6783      28.3868
    6784      28.3179
    6785      28.3191
    6786      28.3738
    6787      28.2582
    6788      28.3293
    6789      28.3168
    6790      28.3685
    6791      28.4140
    6792      28.2984
    6793      28.2599
    6794      28.2361
    6795      28.4029
    6796      28.3057
    6797      28.3332
    6798      28.3843
    6799      28.4521
    6800      28.3899
    6801      28.4227
    6802      28.3902
    6803      28.3602
    6804      28.3899
    6805      28.4714
    6806      28.4541
    6807      28.4120
    6808      28.4747
    6809      28.4926
    6810      28.3584
    6811      28.3694
    6812      28.4369
    6813      28.5165
    6814      28.4759
    6815      28.3628
    6816      28.3634
    6817      28.3911
    6818      28.4074
    6819      28.3979
    6820      28.4606
    6821      28.3970
    6822      28.3270
    6823      28.3780
    6824      28.3315
    6825      28.3339
    6826      28.3464
    6827      28.3670
    6828      28.2963
    6829      28.3338
    6830      28.3864
    6831      28.2847
    6832      28.2701
    6833      28.3152
    6834      28.3400
    6835      28.2946
    6836      28.3422
    6837      28.3647
    6838      28.2992
    6839      28.3066
    6840      28.4263
    6841      28.4184
    6842      28.5167
    6843      28.4169
    6844      28.3781
    6845      28.3898
    6846      28.4936
    6847      28.4694
    6848      28.3925
    6849      28.4863
    6850      28.3977
    6851      28.4315
    6852      28.3706
    6853      28.4376
    6854      28.3884
    6855      28.3205
    6856      28.2889
    6857      28.3152
    6858      28.2327
    6859      28.1859
    6860      28.2413
    6861      28.2221
    6862      28.2704
    6863      28.3211
    6864      28.3532
    6865      28.3785
    6866      28.2519
    6867      28.2142
    6868      28.2512
    6869      28.2076
    6870      28.2177
    6871      28.1379
    6872      28.2498
    6873      28.2207
    6874      28.3207
    6875      28.1475
    6876      28.2995
    6877      28.3495
    6878      28.2669
    6879      28.2203
    6880      28.3581
    6881      28.4570
    6882      28.4305
    6883      28.3727
    6884      28.3969
    6885      28.4214
    6886      28.3758
    6887      28.3204
    6888      28.3714
    6889      28.2608
    6890      28.4024
    6891      28.2338
    6892      28.2741
    6893      28.2927
    6894      28.1321
    6895      28.2304
    6896      28.3179
    6897      28.3057
    6898      28.3323
    6899      28.3025
    6900      28.2720
    6901      28.3567
    6902      28.0799
    6903      28.2434
    6904      28.2774
    6905      28.1062
    6906      28.1033
    6907      28.2575
    6908      28.2991
    6909      28.2583
    6910      28.3519
    6911      28.3063
    6912      28.2210
    6913      28.2810
    6914      28.3455
    6915      28.3789
    6916      28.2862
    6917      28.4247
    6918      28.2936
    6919      28.3896
    6920      28.2495
    6921      28.2705
    6922      28.2755
    6923      28.3852
    6924      28.3718
    6925      28.3319
    6926      28.2590
    6927      28.3341
    6928      28.3427
    6929      28.4391
    6930      28.3995
    6931      28.4873
    6932      28.4758
    6933      28.4351
    6934      28.4248
    6935      28.4119
    6936      28.4667
    6937      28.4523
    6938      28.3726
    6939      28.4538
    6940      28.3146
    6941      28.3013
    6942      28.4289
    6943      28.3025
    6944      28.3324
    6945      28.2781
    6946      28.2555
    6947      28.3995
    6948      28.3938
    6949      28.3064
    6950      28.2725
    6951      28.3177
    6952      28.3122
    6953      28.3815
    6954      28.4046
    6955      28.4198
    6956      28.4960
    6957      28.4768
    6958      28.4580
    6959      28.4128
    6960      28.4273
    6961      28.3356
    6962      28.3904
    6963      28.4368
    6964      28.3616
    6965      28.4414
    6966      28.3484
    6967      28.4192
    6968      28.4088
    6969      28.4072
    6970      28.5183
    6971      28.4644
    6972      28.3877
    6973      28.3258
    6974      28.3500
    6975      28.3241
    6976      28.2120
    6977      28.2373
    6978      28.3890
    6979      28.3681
    6980      28.3803
    6981      28.4033
    6982      28.4739
    6983      28.4482
    6984      28.3919
    6985      28.4882
    6986      28.5007
    6987      28.5671
    6988      28.5019
    6989      28.4333
    6990      28.5301
    6991      28.3980
    6992      28.4354
    6993      28.3980
    6994      28.3704
    6995      28.4863
    6996      28.4820
    6997      28.4330
    6998      28.2708
    6999      28.3363
    7000      28.2689
    7001      28.2759
    7002      28.3351
    7003      28.3696
    7004      28.2702
    7005      28.3499
    7006      28.4293
    7007      28.5215
    7008      28.4897
    7009      28.2468
    7010      28.4006
    7011      28.3859
    7012      28.3656
    7013      28.4050
    7014      28.4619
    7015      28.3595
    7016      28.3893
    7017      28.3138
    7018      28.4162
    7019      28.4440
    7020      28.4595
    7021      28.4198
    7022      28.5608
    7023      28.4511
    7024      28.3509
    7025      28.4390
    7026      28.2895
    7027      28.3341
    7028      28.3088
    7029      28.2672
    7030      28.2490
    7031      28.2893
    7032      28.2024
    7033      28.3640
    7034      28.2146
    7035      28.2515
    7036      28.3499
    7037      28.2329
    7038      28.1141
    7039      28.2523
    7040      28.2648
    7041      28.3700
    7042      28.3070
    7043      28.2641
    7044      28.3568
    7045      28.3029
    7046      28.3645
    7047      28.2751
    7048      28.2421
    7049      28.2449
    7050      28.2283
    7051      28.3501
    7052      28.1655
    7053      28.3190
    7054      28.3635
    7055      28.3020
    7056      28.3632
    7057      28.2898
    7058      28.2805
    7059      28.2460
    7060      28.3219
    7061      28.2882
    7062      28.3339
    7063      28.2880
    7064      28.3624
    7065      28.3301
    7066      28.3426
    7067      28.3510
    7068      28.3097
    7069      28.3701
    7070      28.3744
    7071      28.3521
    7072      28.3856
    7073      28.3573
    7074      28.3747
    7075      28.4618
    7076      28.4041
    7077      28.3760
    7078      28.4609
    7079      28.3168
    7080      28.4094
    7081      28.4306
    7082      28.3529
    7083      28.3874
    7084      28.3658
    7085      28.3176
    7086      28.3844
    7087      28.3699
    7088      28.4320
    7089      28.3616
    7090      28.4154
    7091      28.5159
    7092      28.4419
    7093      28.4243
    7094      28.4538
    7095      28.3537
    7096      28.3990
    7097      28.3090
    7098      28.4674
    7099      28.3825
    7100      28.3913
    7101      28.5031
    7102      28.5573
    7103      28.4487
    7104      28.4483
    7105      28.4313
    7106      28.4191
    7107      28.5569
    7108      28.6151
    7109      28.5601
    7110      28.6194
    7111      28.5133
    7112      28.5297
    7113      28.5662
    7114      28.5178
    7115      28.5812
    7116      28.4893
    7117      28.6460
    7118      28.5193
    7119      28.5281
    7120      28.3036
    7121      28.4580
    7122      28.4390
    7123      28.4627
    7124      28.4745
    7125      28.4095
    7126      28.3955
    7127      28.4800
    7128      28.3285
    7129      28.4204
    7130      28.3329
    7131      28.3769
    7132      28.4505
    7133      28.4689
    7134      28.5595
    7135      28.4661
    7136      28.4500
    7137      28.3552
    7138      28.4671
    7139      28.3466
    7140      28.3226
    7141      28.4916
    7142      28.4079
    7143      28.4981
    7144      28.3710
    7145      28.4162
    7146      28.3381
    7147      28.2462
    7148      28.3146
    7149      28.2968
    7150      28.2584
    7151      28.3001
    7152      28.2386
    7153      28.1980
    7154      28.1866
    7155      28.2754
    7156      28.3028
    7157      28.2006
    7158      28.1336
    7159      28.0269
    7160      28.0765
    7161      28.1991
    7162      28.1243
    7163      28.1868
    7164      28.3065
    7165      28.3121
    7166      28.3687
    7167      28.3086
    7168      28.2279
    7169      28.2968
    7170      28.2284
    7171      28.1780
    7172      28.1933
    7173      28.3336
    7174      28.3202
    7175      28.1714
    7176      28.2016
    7177      28.1487
    7178      28.1604
    7179      28.2265
    7180      28.3935
    7181      28.3426
    7182      28.2901
    7183      28.2440
    7184      28.2829
    7185      28.2984
    7186      28.3455
    7187      28.2676
    7188      28.3316
    7189      28.2571
    7190      28.3430
    7191      28.3681
    7192      28.2823
    7193      28.2356
    7194      28.2266
    7195      28.3110
    7196      28.1780
    7197      28.1710
    7198      28.3330
    7199      28.2358
    7200      28.1750
    7201      28.3090
    7202      28.2501
    7203      28.2474
    7204      28.0862
    7205      28.0803
    7206      28.1212
    7207      28.1688
    7208      28.2509
    7209      28.1431
    7210      28.1838
    7211      28.0804
    7212      28.2444
    7213      28.2483
    7214      28.1675
    7215      28.0744
    7216      28.1963
    7217      28.2246
    7218      28.2425
    7219      28.1477
    7220      28.1374
    7221      28.1302
    7222      28.0719
    7223      28.0686
    7224      28.0672
    7225      28.0440
    7226      28.0468
    7227      28.0695
    7228      28.1317
    7229      28.1653
    7230      28.1820
    7231      28.1917
    7232      28.1413
    7233      28.2054
    7234      28.2423
    7235      28.2899
    7236      28.3345
    7237      28.2047
    7238      28.1343
    7239      28.1942
    7240      28.2507
    7241      28.1887
    7242      28.3080
    7243      28.2838
    7244      28.3321
    7245      28.4220
    7246      28.2948
    7247      28.3692
    7248      28.3978
    7249      28.3140
    7250      28.3409
    7251      28.4406
    7252      28.3291
    7253      28.4168
    7254      28.4669
    7255      28.5274
    7256      28.4915
    7257      28.3487
    7258      28.5287
    7259      28.4500
    7260      28.5056
    7261      28.4813
    7262      28.4304
    7263      28.4861
    7264      28.4234
    7265      28.3790
    7266      28.3911
    7267      28.4989
    7268      28.3351
    7269      28.3362
    7270      28.2869
    7271      28.2778
    7272      28.3496
    7273      28.4053
    7274      28.3306
    7275      28.2627
    7276      28.2895
    7277      28.2965
    7278      28.3452
    7279      28.4063
    7280      28.3566
    7281      28.4819
    7282      28.3994
    7283      28.3378
    7284      28.3717
    7285      28.2444
    7286      28.3287
    7287      28.2712
    7288      28.3180
    7289      28.2499
    7290      28.2378
    7291      28.2712
    7292      28.2711
    7293      28.2789
    7294      28.3877
    7295      28.3462
    7296      28.3245
    7297      28.3314
    7298      28.2925
    7299      28.3567
    7300      28.3891
    7301      28.4606
    7302      28.4348
    7303      28.3183
    7304      28.2326
    7305      28.3308
    7306      28.2982
    7307      28.2091
    7308      28.2543
    7309      28.3584
    7310      28.3072
    7311      28.3286
    7312      28.3096
    7313      28.3331
    7314      28.3543
    7315      28.3391
    7316      28.3704
    7317      28.2994
    7318      28.3624
    7319      28.3380
    7320      28.2888
    7321      28.3131
    7322      28.3315
    7323      28.3374
    7324      28.3661
    7325      28.2905
    7326      28.3989
    7327      28.3823
    7328      28.2790
    7329      28.3491
    7330      28.3400
    7331      28.2992
    7332      28.3725
    7333      28.3220
    7334      28.3436
    7335      28.3543
    7336      28.4414
    7337      28.3086
    7338      28.4232
    7339      28.3064
    7340      28.3677
    7341      28.4499
    7342      28.3753
    7343      28.3614
    7344      28.3326
    7345      28.3477
    7346      28.2488
    7347      28.2212
    7348      28.2685
    7349      28.3487
    7350      28.3287
    7351      28.2896
    7352      28.2208
    7353      28.1858
    7354      28.2051
    7355      28.2246
    7356      28.1899
    7357      28.1222
    7358      28.1755
    7359      28.1097
    7360      28.0517
    7361      28.0201
    7362      27.9938
    7363      28.0094
    7364      28.0148
    7365      27.9916
    7366      28.0877
    7367      28.0685
    7368      28.2464
    7369      28.1898
    7370      28.2214
    7371      28.2984
    7372      28.2302
    7373      28.2215
    7374      28.2391
    7375      28.1542
    7376      28.2923
    7377      28.3412
    7378      28.3627
    7379      28.3063
    7380      28.3029
    7381      28.2786
    7382      28.2375
    7383      28.2934
    7384      28.2434
    7385      28.1275
    7386      28.1997
    7387      28.3161
    7388      28.3458
    7389      28.2918
    7390      28.2066
    7391      28.3027
    7392      28.3534
    7393      28.3335
    7394      28.3946
    7395      28.4668
    7396      28.3710
    7397      28.4073
    7398      28.4187
    7399      28.3628
    7400      28.3986
    7401      28.4793
    7402      28.4348
    7403      28.4320
    7404      28.3723
    7405      28.4057
    7406      28.2665
    7407      28.2663
    7408      28.3356
    7409      28.3083
    7410      28.2853
    7411      28.2906
    7412      28.2236
    7413      28.3962
    7414      28.3390
    7415      28.3085
    7416      28.2794
    7417      28.2680
    7418      28.2587
    7419      28.1827
    7420      28.1848
    7421      28.2165
    7422      28.1606
    7423      28.1865
    7424      28.3134
    7425      28.2072
    7426      28.3452
    7427      28.2347
    7428      28.4073
    7429      28.3907
    7430      28.4434
    7431      28.3888
    7432      28.4460
    7433      28.2481
    7434      28.3251
    7435      28.3342
    7436      28.2548
    7437      28.3807
    7438      28.3340
    7439      28.3618
    7440      28.3964
    7441      28.3214
    7442      28.3641
    7443      28.3253
    7444      28.2743
    7445      28.3765
    7446      28.4775
    7447      28.3862
    7448      28.3928
    7449      28.4054
    7450      28.2681
    7451      28.3366
    7452      28.3910
    7453      28.4532
    7454      28.4536
    7455      28.3688
    7456      28.3231
    7457      28.4865
    7458      28.5384
    7459      28.4121
    7460      28.4553
    7461      28.4594
    7462      28.3848
    7463      28.4721
    7464      28.3966
    7465      28.2719
    7466      28.3886
    7467      28.4045
    7468      28.2400
    7469      28.2479
    7470      28.2653
    7471      28.2622
    7472      28.2771
    7473      28.3015
    7474      28.2757
    7475      28.2792
    7476      28.2270
    7477      28.2616
    7478      28.3306
    7479      28.3107
    7480      28.2206
    7481      28.2632
    7482      28.2350
    7483      28.2343
    7484      28.3074
    7485      28.2591
    7486      28.2612
    7487      28.1842
    7488      28.3555
    7489      28.2471
    7490      28.3010
    7491      28.2661
    7492      28.2360
    7493      28.3730
    7494      28.4002
    7495      28.3795
    7496      28.2587
    7497      28.3279
    7498      28.4091
    7499      28.3394
    7500      28.2478
    7501      28.3016
    7502      28.3229
    7503      28.2921
    7504      28.2384
    7505      28.2634
    7506      28.3129
    7507      28.2703
    7508      28.2912
    7509      28.1647
    7510      28.2223
    7511      28.0672
    7512      28.1106
    7513      28.1757
    7514      28.1419
    7515      28.2186
    7516      28.2507
    7517      28.1757
    7518      28.1183
    7519      28.1525
    7520      28.2114
    7521      28.1363
    7522      28.1788
    7523      28.2297
    7524      28.0758
    7525      28.1981
    7526      28.1368
    7527      28.2195
    7528      28.2061
    7529      28.0684
    7530      28.1366
    7531      28.2122
    7532      28.1659
    7533      28.1716
    7534      28.1903
    7535      28.1247
    7536      28.1598
    7537      28.0566
    7538      28.0252
    7539      28.1293
    7540      28.1946
    7541      28.2274
    7542      28.2306
    7543      28.3172
    7544      28.3172
    7545      28.2573
    7546      28.3349
    7547      28.2956
    7548      28.2594
    7549      28.2693
    7550      28.2851
    7551      28.3084
    7552      28.2860
    7553      28.2442
    7554      28.2905
    7555      28.1944
    7556      28.3090
    7557      28.2956
    7558      28.2702
    7559      28.3422
    7560      28.2457
    7561      28.2812
    7562      28.1717
    7563      28.3139
    7564      28.2143
    7565      28.2652
    7566      28.3158
    7567      28.2005
    7568      28.2613
    7569      28.3143
    7570      28.3254
    7571      28.2753
    7572      28.1671
    7573      28.1937
    7574      28.2438
    7575      28.1370
    7576      28.2246
    7577      28.2001
    7578      28.2718
    7579      28.2509
    7580      28.0908
    7581      28.2155
    7582      28.2240
    7583      28.2907
    7584      28.2271
    7585      28.3359
    7586      28.3280
    7587      28.3104
    7588      28.2420
    7589      28.2511
    7590      28.2956
    7591      28.2870
    7592      28.1399
    7593      28.2547
    7594      28.2494
    7595      28.1792
    7596      28.2614
    7597      28.2509
    7598      28.2115
    7599      28.2554
    7600      28.2706
    7601      28.3223
    7602      28.2188
    7603      28.1765
    7604      28.2600
    7605      28.2120
    7606      28.4216
    7607      28.3352
    7608      28.2985
    7609      28.2903
    7610      28.2823
    7611      28.2381
    7612      28.2252
    7613      28.1239
    7614      28.2198
    7615      28.2460
    7616      28.3260
    7617      28.2789
    7618      28.2597
    7619      28.2214
    7620      28.2939
    7621      28.3318
    7622      28.2585
    7623      28.3246
    7624      28.2393
    7625      28.3079
    7626      28.3759
    7627      28.3078
    7628      28.3500
    7629      28.3481
    7630      28.4035
    7631      28.2964
    7632      28.2044
    7633      28.2774
    7634      28.1880
    7635      28.2585
    7636      28.2954
    7637      28.3399
    7638      28.3238
    7639      28.3697
    7640      28.2388
    7641      28.1619
    7642      28.1185
    7643      28.1946
    7644      28.1627
    7645      28.1718
    7646      28.1343
    7647      28.2067
    7648      28.2809
    7649      28.2349
    7650      28.2177
    7651      28.1713
    7652      28.2729
    7653      28.3009
    7654      28.2469
    7655      28.2161
    7656      28.2032
    7657      28.1946
    7658      28.2128
    7659      28.2651
    7660      28.2191
    7661      28.1911
    7662      28.2173
    7663      28.1338
    7664      28.0605
    7665      28.1442
    7666      28.2517
    7667      28.3548
    7668      28.2017
    7669      28.1949
    7670      28.2843
    7671      28.2940
    7672      28.2561
    7673      28.1960
    7674      28.1944
    7675      28.2499
    7676      28.1604
    7677      28.1579
    7678      28.2093
    7679      28.2187
    7680      28.1788
    7681      28.2167
    7682      28.1768
    7683      28.2441
    7684      28.2417
    7685      28.1949
    7686      28.1923
    7687      28.2578
    7688      28.2649
    7689      28.2838
    7690      28.2012
    7691      28.1872
    7692      28.2479
    7693      28.2589
    7694      28.2099
    7695      28.2095
    7696      28.1883
    7697      28.2051
    7698      28.1780
    7699      28.3284
    7700      28.3514
    7701      28.1716
    7702      28.1459
    7703      28.1882
    7704      28.0508
    7705      28.0432
    7706      28.1476
    7707      28.1905
    7708      28.1993
    7709      28.1624
    7710      28.2339
    7711      28.1520
    7712      28.2341
    7713      28.2374
    7714      28.2384
    7715      28.2057
    7716      28.1225
    7717      28.1260
    7718      28.2657
    7719      28.1707
    7720      28.1398
    7721      28.2037
    7722      28.1766
    7723      28.1981
    7724      28.2063
    7725      28.3134
    7726      28.1445
    7727      28.1709
    7728      28.1639
    7729      28.3341
    7730      28.2769
    7731      28.1594
    7732      28.2314
    7733      28.1463
    7734      28.1439
    7735      28.1745
    7736      28.1833
    7737      28.1518
    7738      28.0946
    7739      28.1762
    7740      28.2245
    7741      28.1211
    7742      28.1816
    7743      28.1125
    7744      28.1983
    7745      28.2614
    7746      28.2524
    7747      28.2234
    7748      28.2584
    7749      28.1709
    7750      28.1666
    7751      28.1073
    7752      28.2082
    7753      28.1829
    7754      28.2675
    7755      28.2507
    7756      28.3339
    7757      28.2677
    7758      28.2609
    7759      28.2214
    7760      28.3148
    7761      28.3294
    7762      28.2111
    7763      28.2154
    7764      28.2535
    7765      28.2095
    7766      28.2695
    7767      28.2347
    7768      28.1600
    7769      28.1482
    7770      28.2283
    7771      28.2253
    7772      28.2406
    7773      28.2029
    7774      28.2153
    7775      28.2606
    7776      28.1576
    7777      28.2761
    7778      28.2977
    7779      28.2338
    7780      28.3380
    7781      28.1251
    7782      28.2853
    7783      28.2414
    7784      28.2006
    7785      28.3394
    7786      28.1360
    7787      28.2269
    7788      28.0618
    7789      28.1806
    7790      28.2640
    7791      28.2175
    7792      28.2503
    7793      28.3001
    7794      28.3512
    7795      28.3543
    7796      28.2567
    7797      28.4379
    7798      28.3664
    7799      28.4122
    7800      28.4381
    7801      28.4262
    7802      28.4743
    7803      28.4659
    7804      28.4636
    7805      28.3260
    7806      28.4037
    7807      28.4818
    7808      28.4205
    7809      28.3386
    7810      28.3843
    7811      28.4331
    7812      28.4309
    7813      28.3546
    7814      28.3840
    7815      28.3769
    7816      28.2647
    7817      28.3551
    7818      28.2812
    7819      28.3967
    7820      28.2215
    7821      28.3054
    7822      28.2556
    7823      28.2711
    7824      28.3204
    7825      28.2138
    7826      28.2671
    7827      28.2719
    7828      28.2559
    7829      28.2569
    7830      28.2946
    7831      28.2410
    7832      28.3196
    7833      28.3632
    7834      28.3987
    7835      28.3799
    7836      28.3261
    7837      28.4110
    7838      28.4300
    7839      28.4494
    7840      28.3416
    7841      28.2590
    7842      28.3462
    7843      28.3412
    7844      28.3597
    7845      28.3452
    7846      28.3817
    7847      28.3257
    7848      28.3431
    7849      28.2855
    7850      28.3221
    7851      28.3273
    7852      28.2889
    7853      28.3462
    7854      28.2330
    7855      28.2505
    7856      28.3975
    7857      28.3570
    7858      28.2534
    7859      28.4052
    7860      28.4201
    7861      28.3679
    7862      28.3275
    7863      28.4835
    7864      28.3702
    7865      28.4156
    7866      28.5296
    7867      28.4844
    7868      28.3773
    7869      28.4106
    7870      28.4471
    7871      28.4818
    7872      28.3852
    7873      28.4195
    7874      28.4796
    7875      28.4659
    7876      28.3933
    7877      28.3305
    7878      28.3459
    7879      28.4416
    7880      28.4307
    7881      28.4317
    7882      28.5087
    7883      28.4817
    7884      28.4557
    7885      28.3715
    7886      28.3468
    7887      28.3124
    7888      28.2450
    7889      28.2764
    7890      28.3678
    7891      28.3464
    7892      28.3946
    7893      28.3405
    7894      28.3238
    7895      28.3455
    7896      28.3256
    7897      28.3802
    7898      28.3149
    7899      28.3865
    7900      28.3626
    7901      28.3390
    7902      28.3897
    7903      28.3653
    7904      28.3882
    7905      28.3591
    7906      28.2775
    7907      28.3328
    7908      28.4414
    7909      28.3084
    7910      28.3599
    7911      28.4124
    7912      28.4325
    7913      28.4736
    7914      28.5180
    7915      28.3775
    7916      28.4103
    7917      28.3182
    7918      28.2823
    7919      28.3389
    7920      28.3709
    7921      28.4188
    7922      28.3614
    7923      28.3866
    7924      28.3034
    7925      28.3008
    7926      28.2784
    7927      28.2034
    7928      28.2299
    7929      28.2268
    7930      28.2902
    7931      28.2041
    7932      28.2937
    7933      28.3791
    7934      28.3372
    7935      28.4065
    7936      28.4299
    7937      28.3267
    7938      28.3127
    7939      28.2757
    7940      28.2402
    7941      28.4097
    7942      28.3356
    7943      28.3408
    7944      28.2901
    7945      28.3078
    7946      28.3613
    7947      28.3733
    7948      28.3196
    7949      28.3837
    7950      28.4841
    7951      28.4939
    7952      28.4994
    7953      28.4187
    7954      28.4079
    7955      28.4697
    7956      28.3698
    7957      28.3249
    7958      28.3861
    7959      28.4196
    7960      28.3754
    7961      28.5134
    7962      28.4172
    7963      28.4041
    7964      28.4280
    7965      28.4385
    7966      28.4717
    7967      28.3934
    7968      28.4297
    7969      28.3695
    7970      28.4365
    7971      28.5787
    7972      28.5481
    7973      28.5397
    7974      28.5426
    7975      28.3454
    7976      28.5582
    7977      28.4754
    7978      28.4575
    7979      28.3616
    7980      28.4290
    7981      28.4042
    7982      28.4767
    7983      28.3894
    7984      28.4349
    7985      28.5261
    7986      28.4261
    7987      28.5058
    7988      28.4797
    7989      28.4483
    7990      28.3717
    7991      28.5415
    7992      28.4921
    7993      28.4541
    7994      28.3066
    7995      28.3069
    7996      28.3518
    7997      28.4157
    7998      28.4423
    7999      28.5527
    8000      28.4946
    8001      28.5488
    8002      28.4745
    8003      28.4985
    8004      28.4412
    8005      28.4716
    8006      28.5209
    8007      28.4729
    8008      28.5300
    8009      28.4989
    8010      28.5369
    8011      28.5155
    8012      28.5648
    8013      28.6021
    8014      28.5795
    8015      28.5920
    8016      28.5500
    8017      28.5608
    8018      28.5960
    8019      28.5303
    8020      28.5761
    8021      28.5300
    8022      28.6965
    8023      28.5585
    8024      28.5953
    8025      28.5417
    8026      28.5051
    8027      28.5451
    8028      28.4883
    8029      28.6138
    8030      28.4980
    8031      28.4857
    8032      28.4946
    8033      28.4911
    8034      28.4659
    8035      28.4129
    8036      28.3962
    8037      28.5028
    8038      28.4506
    8039      28.4775
    8040      28.3741
    8041      28.5137
    8042      28.4087
    8043      28.6079
    8044      28.3960
    8045      28.4756
    8046      28.4343
    8047      28.5030
    8048      28.4426
    8049      28.4475
    8050      28.5177
    8051      28.4196
    8052      28.6288
    8053      28.6089
    8054      28.5788
    8055      28.5565
    8056      28.5193
    8057      28.5525
    8058      28.4866
    8059      28.5216
    8060      28.5226
    8061      28.6514
    8062      28.5184
    8063      28.5219
    8064      28.5194
    8065      28.4600
    8066      28.5001
    8067      28.5988
    8068      28.5576
    8069      28.5298
    8070      28.6110
    8071      28.5761
    8072      28.6825
    8073      28.5691
    8074      28.4414
    8075      28.6678
    8076      28.5771
    8077      28.5359
    8078      28.4607
    8079      28.5701
    8080      28.6835
    8081      28.5208
    8082      28.6380
    8083      28.4286
    8084      28.4387
    8085      28.4615
    8086      28.5342
    8087      28.4325
    8088      28.3866
    8089      28.4430
    8090      28.5529
    8091      28.5816
    8092      28.5792
    8093      28.5475
    8094      28.4627
    8095      28.4856
    8096      28.5329
    8097      28.4689
    8098      28.4550
    8099      28.4532
    8100      28.5025
    8101      28.3735
    8102      28.4186
    8103      28.5172
    8104      28.4649
    8105      28.4282
    8106      28.4592
    8107      28.3755
    8108      28.4003
    8109      28.5221
    8110      28.5039
    8111      28.5531
    8112      28.5735
    8113      28.7036
    8114      28.5900
    8115      28.5469
    8116      28.6516
    8117      28.4706
    8118      28.6234
    8119      28.6468
    8120      28.5976
    8121      28.5844
    8122      28.5568
    8123      28.6056
    8124      28.5308
    8125      28.6135
    8126      28.6584
    8127      28.6323
    8128      28.6366
    8129      28.5961
    8130      28.5194
    8131      28.5811
    8132      28.6007
    8133      28.5588
    8134      28.4851
    8135      28.4927
    8136      28.5371
    8137      28.5549
    8138      28.4516
    8139      28.5613
    8140      28.5022
    8141      28.3648
    8142      28.4677
    8143      28.4781
    8144      28.5533
    8145      28.4986
    8146      28.5599
    8147      28.4557
    8148      28.5512
    8149      28.4709
    8150      28.5218
    8151      28.4569
    8152      28.5605
    8153      28.5177
    8154      28.3952
    8155      28.4604
    8156      28.5285
    8157      28.5181
    8158      28.5226
    8159      28.5771
    8160      28.6521
    8161      28.5525
    8162      28.4683
    8163      28.5405
    8164      28.4635
    8165      28.4258
    8166      28.5155
    8167      28.4651
    8168      28.4156
    8169      28.5702
    8170      28.5216
    8171      28.5004
    8172      28.6726
    8173      28.6068
    8174      28.6368
    8175      28.6210
    8176      28.6811
    8177      28.7107
    8178      28.7344
    8179      28.6393
    8180      28.5995
    8181      28.5371
    8182      28.5612
    8183      28.5342
    8184      28.6975
    8185      28.6239
    8186      28.6446
    8187      28.5663
    8188      28.5525
    8189      28.5715
    8190      28.5302
    8191      28.5055
    8192      28.3661
    8193      28.4638
    8194      28.4438
    8195      28.4267
    8196      28.6250
    8197      28.5608
    8198      28.5006
    8199      28.5692
    8200      28.4810
    8201      28.4830
    8202      28.4939
    8203      28.4795
    8204      28.5419
    8205      28.5825
    8206      28.6159
    8207      28.5825
    8208      28.4486
    8209      28.5526
    8210      28.5329
    8211      28.5438
    8212      28.4925
    8213      28.4034
    8214      28.4667
    8215      28.4642
    8216      28.4772
    8217      28.4684
    8218      28.5628
    8219      28.4425
    8220      28.4541
    8221      28.4948
    8222      28.4694
    8223      28.4228
    8224      28.4539
    8225      28.4108
    8226      28.6250
    8227      28.4973
    8228      28.6590
    8229      28.6029
    8230      28.5939
    8231      28.5904
    8232      28.3959
    8233      28.4503
    8234      28.5330
    8235      28.5188
    8236      28.4552
    8237      28.4538
    8238      28.4546
    8239      28.4488
    8240      28.3659
    8241      28.3054
    8242      28.3946
    8243      28.5088
    8244      28.4264
    8245      28.4122
    8246      28.3216
    8247      28.3412
    8248      28.4403
    8249      28.5055
    8250      28.5895
    8251      28.5015
    8252      28.4344
    8253      28.5248
    8254      28.4456
    8255      28.4123
    8256      28.5136
    8257      28.4738
    8258      28.5069
    8259      28.4237
    8260      28.4089
    8261      28.4004
    8262      28.3555
    8263      28.3983
    8264      28.4945
    8265      28.4597
    8266      28.4027
    8267      28.3576
    8268      28.4180
    8269      28.3870
    8270      28.3972
    8271      28.3748
    8272      28.3054
    8273      28.3475
    8274      28.3151
    8275      28.2515
    8276      28.3910
    8277      28.4846
    8278      28.5049
    8279      28.4268
    8280      28.3951
    8281      28.3874
    8282      28.4600
    8283      28.4895
    8284      28.3878
    8285      28.4960
    8286      28.5077
    8287      28.5144
    8288      28.4620
    8289      28.5157
    8290      28.4962
    8291      28.4780
    8292      28.4598
    8293      28.4727
    8294      28.4885
    8295      28.4778
    8296      28.5013
    8297      28.6166
    8298      28.5010
    8299      28.4876
    8300      28.5348
    8301      28.4466
    8302      28.4715
    8303      28.4815
    8304      28.5095
    8305      28.4673
    8306      28.4536
    8307      28.5367
    8308      28.4689
    8309      28.4805
    8310      28.5960
    8311      28.5132
    8312      28.5979
    8313      28.6150
    8314      28.5228
    8315      28.6199
    8316      28.5172
    8317      28.5577
    8318      28.5376
    8319      28.5424
    8320      28.5664
    8321      28.5099
    8322      28.6347
    8323      28.6479
    8324      28.6299
    8325      28.6242
    8326      28.6645
    8327      28.5881
    8328      28.6393
    8329      28.5756
    8330      28.5392
    8331      28.5842
    8332      28.5333
    8333      28.4937
    8334      28.5618
    8335      28.6783
    8336      28.5480
    8337      28.6130
    8338      28.6236
    8339      28.6457
    8340      28.5982
    8341      28.6063
    8342      28.6066
    8343      28.5203
    8344      28.6228
    8345      28.4168
    8346      28.5330
    8347      28.5901
    8348      28.5424
    8349      28.6504
    8350      28.6378
    8351      28.5199
    8352      28.5771
    8353      28.6403
    8354      28.6347
    8355      28.5084
    8356      28.5165
    8357      28.5103
    8358      28.5110
    8359      28.5213
    8360      28.4931
    8361      28.4610
    8362      28.6600
    8363      28.6119
    8364      28.5792
    8365      28.5955
    8366      28.5883
    8367      28.6292
    8368      28.6899
    8369      28.6280
    8370      28.5258
    8371      28.5911
    8372      28.6212
    8373      28.5949
    8374      28.6118
    8375      28.6706
    8376      28.6935
    8377      28.6655
    8378      28.6636
    8379      28.5763
    8380      28.5851
    8381      28.6295
    8382      28.6767
    8383      28.5822
    8384      28.5963
    8385      28.6776
    8386      28.6918
    8387      28.6136
    8388      28.6902
    8389      28.5319
    8390      28.5665
    8391      28.5642
    8392      28.5699
    8393      28.4671
    8394      28.4756
    8395      28.4139
    8396      28.5335
    8397      28.5650
    8398      28.6320
    8399      28.6680
    8400      28.4383
    8401      28.5191
    8402      28.5115
    8403      28.5055
    8404      28.5852
    8405      28.5242
    8406      28.5516
    8407      28.4890
    8408      28.5171
    8409      28.4552
    8410      28.4217
    8411      28.4634
    8412      28.6308
    8413      28.5893
    8414      28.6098
    8415      28.5283
    8416      28.6454
    8417      28.5484
    8418      28.6177
    8419      28.6905
    8420      28.5639
    8421      28.4863
    8422      28.3968
    8423      28.4966
    8424      28.4717
    8425      28.5876
    8426      28.5267
    8427      28.6069
    8428      28.5676
    8429      28.5911
    8430      30.0447
    8431      30.0175
    8432      28.5516
    8433      28.6320
    8434      29.9818
    8435      30.0000
    8436      28.7267
    8437      28.5847
    8438      28.6450
    8439      30.1622
    8440      29.9801
    8441      30.0613
    8442      28.7178
    8443      28.7736
    8444      28.6892
    8445      28.6681
    8446      28.7534
    8447      28.7866
    8448      28.6675
    8449      28.6988
    8450      30.1789
    8451      30.0962
    8452      30.1767
    8453      30.1938
    8454      30.2013
    8455      30.1634
    8456      30.2309
    8457      30.1834
    8458      30.2133
    8459      30.1862
    8460      30.1730
    8461      30.2112
    8462      30.1470
    8463      30.1634
    8464      30.0920
    8465      30.1210
    8466      30.0892
    8467      30.1606
    8468      30.0911
    8469      30.1744
    8470      28.6988
    8471      30.2795
    8472      30.1412
    8473      30.1843
    8474      28.7363
    8475      30.0900
    8476      30.0872
    8477      30.0506
    8478      30.0672
    8479      30.0974
    8480      30.0365
    8481      29.9881
    8482      28.5214
    8483      30.0039
    8484      30.0796
    8485      30.1534
    8486      30.0621
    8487      30.0868
    8488      30.1757
    8489      30.1045
    8490      30.0612
    8491      30.0470
    8492      28.5080
    8493      28.5550
    8494      28.7007
    8495      28.7227
    8496      28.5695
    8497      28.7094
    8498      28.6328
    8499      28.6851
    8500      28.5998
    8501      28.6074
    8502      28.6010
    8503      28.5116
    8504      28.5805
    8505      28.6133
    8506      28.4888
    8507      28.5194
    8508      28.5276
    8509      28.6710
    8510      28.6177
    8511      28.5308
    8512      28.5609
    8513      28.6473
    8514      28.5940
    8515      28.6566
    8516      28.5745
    8517      28.5128
    8518      28.6135
    8519      28.4736
    8520      28.4316
    8521      28.5107
    8522      28.5362
    8523      28.5621
    8524      28.4542
    8525      28.4955
    8526      28.5200
    8527      28.5612
    8528      28.5865
    8529      28.6295
    8530      28.6858
    8531      28.6202
    8532      28.6164
    8533      28.6406
    8534      28.6873
    8535      28.6220
    8536      28.5013
    8537      28.6034
    8538      28.7070
    8539      28.7345
    8540      28.6541
    8541      28.7561
    8542      28.7476
    8543      28.6052
    8544      28.6660
    8545      28.6750
    8546      28.7128
    8547      28.5734
    8548      28.6034
    8549      28.5691
    8550      28.6322
    8551      28.6243
    8552      28.5582
    8553      28.6862
    8554      28.6244
    8555      28.5145
    8556      28.6762
    8557      28.5430
    8558      28.6068
    8559      28.5211
    8560      28.5562
    8561      28.6234
    8562      28.5888
    8563      28.5390
    8564      28.5623
    8565      28.5055
    8566      28.5349
    8567      28.5730
    8568      28.6283
    8569      28.6341
    8570      30.1163
    8571      28.5697
    8572      28.5806
    8573      28.6686
    8574      28.6329
    8575      28.5989
    8576      28.5309
    8577      28.4997
    8578      28.6246
    8579      28.4611
    8580      28.4724
    8581      28.5235
    8582      28.4827
    8583      28.6032
    8584      28.5319
    8585      28.6497
    8586      28.5952
    8587      30.1330
    8588      30.0666
    8589      28.5894
    8590      28.6921
    8591      28.6424
    8592      30.1581
    8593      30.0421
    8594      30.1185
    8595      30.0522
    8596      30.1242
    8597      30.1120
    8598      30.1220
    8599      30.1464
    8600      30.1474
    8601      30.2079
    8602      30.1566
    8603      30.1105
    8604      30.0851
    8605      30.0268
    8606      30.0210
    8607      30.0355
    8608      29.9751
    8609      29.9856
    8610      30.0547
    8611      29.9700
    8612      30.0261
    8613      30.0065
    8614      30.0277
    8615      29.9812
    8616      29.9805
    8617      30.0291
    8618      30.0232
    8619      30.0015
    8620      30.0632
    8621      30.0712
    8622      29.9509
    8623      29.9464
    8624      29.9301
    8625      29.8890
    8626      29.9614
    8627      29.9696
    8628      30.0623
    8629      30.1321
    8630      30.0089
    8631      30.0447
    8632      30.0218
    8633      29.9705
    8634      29.9175
    8635      30.0108
    8636      29.9956
    8637      29.9098
    8638      29.9744
    8639      29.8944
    8640      29.9790
    8641      29.9034
    8642      29.9041
    8643      29.9476
    8644      29.8905
    8645      29.9243
    8646      29.9048
    8647      30.0318
    8648      29.9690
    8649      29.8851
    8650      29.9756
    8651      29.9617
    8652      30.0158
    8653      29.9559
    8654      30.0131
    8655      29.8810
    8656      29.9283
    8657      29.9463
    8658      29.8913
    8659      29.9776
    8660      29.9350
    8661      29.8745
    8662      29.9286
    8663      29.9711
    8664      29.9532
    8665      29.9407
    8666      29.9387
    8667      29.9966
    8668      29.9506
    8669      29.9856
    8670      29.9757
    8671      29.9210
    8672      30.0085
    8673      30.0223
    8674      29.8998
    8675      29.9281
    8676      29.8413
    8677      29.8313
    8678      29.9960
    8679      29.9736
    8680      29.9548
    8681      29.9501
    8682      29.7953
    8683      29.8456
    8684      29.9529
    8685      29.8457
    8686      29.8196
    8687      29.7985
    8688      29.8535
    8689      29.8465
    8690      29.7883
    8691      29.8435
    8692      29.8797
    8693      29.8822
    8694      29.9176
    8695      29.9457
    8696      29.9459
    8697      29.8362
    8698      29.8344
    8699      29.8121
    8700      29.7756
    8701      29.8546
    8702      29.9070
    8703      29.8596
    8704      29.8331
    8705      29.8891
    8706      29.9129
    8707      29.8576
    8708      29.8850
    8709      29.9458
    8710      29.8324
    8711      29.8603
    8712      29.8490
    8713      29.8451
    8714      29.9535
    8715      29.8008
    8716      29.8460
    8717      29.7749
    8718      29.7105
    8719      29.8011
    8720      29.8769
    8721      29.9702
    8722      29.8804
    8723      29.9616
    8724      29.9767
    8725      29.9586
    8726      29.9163
    8727      29.8969
    8728      29.9491
    8729      29.8113
    8730      29.8363
    8731      29.7861
    8732      29.8929
    8733      29.9366
    8734      29.9049
    8735      29.9029
    8736      29.9169
    8737      29.9477
    8738      29.9125
    8739      29.8405
    8740      29.8872
    8741      29.8157
    8742      29.8314
    8743      29.8477
    8744      29.9519
    8745      29.8635
    8746      29.9614
    8747      29.9699
    8748      29.9925
    8749      30.0125
    8750      29.9483
    8751      29.8843
    8752      29.8701
    8753      29.8170
    8754      29.8860
    8755      29.7832
    8756      29.9100
    8757      29.9343
    8758      29.8878
    8759      29.8805
    8760      29.8560
    8761      29.8241
    8762      29.8494
    8763      29.8199
    8764      29.8598
    8765      29.8951
    8766      29.9050
    8767      29.9377
    8768      29.9641
    8769      29.9518
    8770      29.8564
    8771      29.8555
    8772      29.9015
    8773      29.9112
    8774      29.8974
    8775      29.9401
    8776      29.8517
    8777      29.8173
    8778      29.9227
    8779      29.8553
    8780      29.9016
    8781      29.9779
    8782      29.8792
    8783      29.9129
    8784      29.9720
    8785      29.8766
    8786      29.9025
    8787      29.8680
    8788      29.8485
    8789      29.8540
    8790      29.8523
    8791      29.9722
    8792      29.9270
    8793      29.9208
    8794      29.8514
    8795      29.8902
    8796      29.8274
    8797      29.8723
    8798      29.8586
    8799      29.8934
    8800      29.8782
    8801      29.8804
    8802      29.9449
    8803      29.8897
    8804      29.8789
    8805      29.8792
    8806      29.8831
    8807      29.8734
    8808      29.8592
    8809      29.8244
    8810      29.8839
    8811      29.9473
    8812      29.9029
    8813      29.8187
    8814      29.8671
    8815      29.9331
    8816      29.8423
    8817      29.8013
    8818      29.8725
    8819      29.9046
    8820      29.9725
    8821      29.9577
    8822      29.9460
    8823      29.8471
    8824      29.9392
    8825      29.9395
    8826      29.9048
    8827      29.8949
    8828      30.0000
    8829      29.9659
    8830      30.0029
    8831      30.0464
    8832      30.0980
    8833      30.0361
    8834      30.0044
    8835      29.9058
    8836      30.0379
    8837      29.9548
    8838      29.9876
    8839      29.8510
    8840      29.8942
    8841      29.8487
    8842      29.8822
    8843      29.7915
    8844      29.8977
    8845      29.8465
    8846      29.8534
    8847      29.8029
    8848      29.9221
    8849      29.8624
    8850      29.8198
    8851      29.7920
    8852      29.8922
    8853      29.9061
    8854      29.8810
    8855      29.9318
    8856      29.8757
    8857      29.9083
    8858      29.9221
    8859      29.8743
    8860      29.9313
    8861      29.8756
    8862      29.9097
    8863      29.9545
    8864      30.0099
    8865      30.0230
    8866      29.9172
    8867      29.9578
    8868      29.9574
    8869      29.9202
    8870      29.9521
    8871      29.9067
    8872      29.7521
    8873      29.9442
    8874      29.9531
    8875      29.9352
    8876      29.8857
    8877      29.9745
    8878      29.8762
    8879      29.9435
    8880      29.9148
    8881      29.9260
    8882      29.9510
    8883      29.8671
    8884      29.9588
    8885      29.9280
    8886      29.9676
    8887      29.9645
    8888      29.9196
    8889      29.9927
    8890      30.0236
    8891      29.9662
    8892      29.9092
    8893      29.9162
    8894      29.8679
    8895      29.9358
    8896      29.9206
    8897      29.8981
    8898      29.9628
    8899      29.9520
    8900      29.9538
    8901      29.9022
    8902      30.0400
    8903      29.9278
    8904      29.8981
    8905      29.8955
    8906      29.9549
    8907      30.0343
    8908      29.9719
    8909      30.0716
    8910      30.0458
    8911      30.0579
    8912      30.0448
    8913      30.0212
    8914      29.9594
    8915      29.9434
    8916      29.9637
    8917      29.9734
    8918      29.9413
    8919      29.8525
    8920      29.9504
    8921      29.9551
    8922      29.8880
    8923      29.8903
    8924      29.9118
    8925      29.8736
    8926      29.9228
    8927      29.8242
    8928      29.8925
    8929      29.9168
    8930      29.9044
    8931      29.9464
    8932      29.7970
    8933      29.8714
    8934      29.9427
    8935      29.9081
    8936      29.9107
    8937      29.8885
    8938      29.9560
    8939      30.0083
    8940      29.9512
    8941      29.9140
    8942      29.9102
    8943      29.9634
    8944      29.9667
    8945      29.8991
    8946      29.9467
    8947      29.9955
    8948      30.0150
    8949      29.9200
    8950      29.9416
    8951      29.9724
    8952      29.8110
    8953      29.8650
    8954      29.8191
    8955      29.8686
    8956      29.9009
    8957      29.8710
    8958      29.8317
    8959      30.0160
    8960      30.0589
    8961      29.9946
    8962      29.9926
    8963      30.0487
    8964      30.0195
    8965      30.0975
    8966      30.0646
    8967      30.0538
    8968      30.0288
    8969      29.8699
    8970      29.9143
    8971      29.8130
    8972      29.9455
    8973      29.9084
    8974      29.9572
    8975      30.0218
    8976      29.9270
    8977      29.9326
    8978      30.0101
    8979      30.0367
    8980      29.8935
    8981      29.9592
    8982      29.9570
    8983      29.8767
    8984      29.9414
    8985      29.9836
    8986      30.0128
    8987      29.8915
    8988      29.8559
    8989      29.9944
    8990      29.8982
    8991      29.8749
    8992      29.9418
    8993      29.9421
    8994      29.9075
    8995      29.9431
    8996      30.0683
    8997      30.0006
    8998      29.9907
    8999      29.9680
    9000      29.9539
    9001      30.0219
    9002      30.0106
    9003      30.0052
    9004      30.0778
    9005      30.1081
    9006      30.1064
    9007      29.9904
    9008      29.9280
    9009      29.9303
    9010      29.9344
    9011      29.9397
    9012      29.9380
    9013      30.0554
    9014      30.0448
    9015      30.0018
    9016      29.9157
    9017      29.9083
    9018      29.8414
    9019      29.8839
    9020      29.8399
    9021      30.0620
    9022      30.0686
    9023      29.9560
    9024      29.9686
    9025      30.0141
    9026      30.0511
    9027      30.0373
    9028      29.9442
    9029      30.0061
    9030      29.8768
    9031      29.9616
    9032      29.9716
    9033      29.9717
    9034      30.0161
    9035      30.0417
    9036      29.9794
    9037      29.9081
    9038      30.0748
    9039      30.0295
    9040      29.9354
    9041      29.9273
    9042      29.8239
    9043      29.8794
    9044      29.8681
    9045      29.9836
    9046      29.9714
    9047      29.8866
    9048      29.9227
    9049      29.8094
    9050      29.9220
    9051      29.8489
    9052      29.9770
    9053      29.9530
    9054      29.9725
    9055      30.0601
    9056      29.9375
    9057      29.9120
    9058      29.9533
    9059      30.0460
    9060      30.0587
    9061      30.0792
    9062      30.0434
    9063      30.0617
    9064      29.9719
    9065      29.9557
    9066      29.9736
    9067      30.0510
    9068      30.0291
    9069      30.0358
    9070      29.9581
    9071      30.0051
    9072      30.0122
    9073      30.0190
    9074      29.9551
    9075      29.9703
    9076      29.9824
    9077      30.0741
    9078      29.9639
    9079      29.9046
    9080      29.7784
    9081      29.7491
    9082      29.8035
    9083      29.8827
    9084      29.8471
    9085      29.9028
    9086      29.8554
    9087      29.9020
    9088      29.8726
    9089      29.8181
    9090      29.9066
    9091      29.8744
    9092      29.9165
    9093      29.9994
    9094      29.8959
    9095      29.8689
    9096      30.0517
    9097      29.9509
    9098      29.9244
    9099      29.9102
    9100      29.8092
    9101      29.8212
    9102      29.8983
    9103      29.7722
    9104      29.8831
    9105      29.9098
    9106      29.8639
    9107      29.8182
    9108      29.8810
    9109      29.8869
    9110      30.0000
    9111      29.8806
    9112      29.9158
    9113      29.9472
    9114      29.8339
    9115      29.9025
    9116      29.9292
    9117      29.9051
    9118      29.9762
    9119      29.8779
    9120      29.9996
    9121      30.0446
    9122      30.0059
    9123      29.8343
    9124      29.9388
    9125      29.9523
    9126      30.0991
    9127      30.0217
    9128      29.9838
    9129      29.9914
    9130      29.8943
    9131      29.9999
    9132      29.9062
    9133      29.9438
    9134      30.0361
    9135      29.9662
    9136      29.9453
    9137      29.9182
    9138      29.9456
    9139      29.9470
    9140      29.9770
    9141      29.9616
    9142      30.0780
    9143      30.0587
    9144      29.9667
    9145      30.0747
    9146      29.9506
    9147      30.0094
    9148      30.1550
    9149      30.1054
    9150      30.0140
    9151      30.0373
    9152      29.9688
    9153      29.9375
    9154      29.9259
    9155      29.9564
    9156      29.9628
    9157      29.9154
    9158      29.9194
    9159      29.9936
    9160      30.0660
    9161      29.9759
    9162      30.0561
    9163      30.0646
    9164      30.1281
    9165      30.0435
    9166      29.9729
    9167      29.9508
    9168      30.1699
    9169      30.0818
    9170      30.0614
    9171      30.0767
    9172      30.0581
    9173      30.0277
    9174      30.1479
    9175      30.1177
    9176      30.0824
    9177      30.1754
    9178      30.0681
    9179      30.2427
    9180      30.1048
    9181      30.1184
    9182      30.1536
    9183      30.0632
    9184      30.0766
    9185      30.0052
    9186      30.1471
    9187      30.1476
    9188      30.1377
    9189      30.1662
    9190      30.0994
    9191      30.1614
    9192      29.9846
    9193      30.0441
    9194      30.0254
    9195      30.0434
    9196      30.0654
    9197      30.1034
    9198      30.0773
    9199      30.2688
    9200      30.1922
    9201      30.1631
    9202      30.1594
    9203      30.1781
    9204      30.1374
    9205      30.0515
    9206      30.0442
    9207      30.0771
    9208      29.9754
    9209      30.1283
    9210      29.9703
    9211      30.0848
    9212      30.0524
    9213      30.0267
    9214      29.9556
    9215      29.9666
    9216      29.9969
    9217      29.9951
    9218      30.0239
    9219      30.0012
    9220      30.1120
    9221      30.1118
    9222      30.0844
    9223      30.0948
    9224      30.1128
    9225      30.1716
    9226      30.0483
    9227      30.1677
    9228      30.1433
    9229      30.1976
    9230      30.1442
    9231      30.1736
    9232      30.0800
    9233      30.0478
    9234      30.1332
    9235      30.0888
    9236      30.0687
    9237      30.1345
    9238      30.0090
    9239      30.0259
    9240      30.1436
    9241      30.1778
    9242      30.0742
    9243      30.1984
    9244      30.0678
    9245      30.1004
    9246      30.0515
    9247      30.1314
    9248      30.1172
    9249      30.0412
    9250      30.0772
    9251      30.0653
    9252      30.0680
    9253      30.1357
    9254      30.1935
    9255      30.1368
    9256      29.9204
    9257      30.0462
    9258      30.0615
    9259      30.1261
    9260      30.0799
    9261      30.1316
    9262      30.1295
    9263      30.1570
    9264      30.1841
    9265      30.1757
    9266      30.1936
    9267      30.1497
    9268      30.1649
    9269      30.1539
    9270      30.0210
    9271      30.1328
    9272      30.2385
    9273      30.1553
    9274      30.1661
    9275      30.1686
    9276      30.1782
    9277      30.1608
    9278      30.0964
    9279      30.0620
    9280      30.0903
    9281      30.2173
    9282      30.2379
    9283      30.2638
    9284      30.2284
    9285      30.1561
    9286      30.1454
    9287      30.1788
    9288      30.1583
    9289      30.2179
    9290      30.2502
    9291      28.6077
    9292      28.5266
    9293      30.2419
    9294      30.2605
    9295      28.6315
    9296      30.3372
    9297      28.7282
    9298      30.2851
    9299      30.2615
    9300      30.3245
    9301      30.2828
    9302      30.2635
    9303      28.6700
    9304      30.2019
    9305      30.1237
    9306      30.2626
    9307      30.2106
    9308      28.5607
    9309      28.6376
    9310      30.1332
    9311      30.1047
    9312      30.1967
    9313      30.2298
    9314      30.2371
    9315      30.2839
    9316      30.2737
    9317      28.6578
    9318      30.2608
    9319      30.2695
    9320      30.2171
    9321      30.1571
    9322      30.1606
    9323      28.6170
    9324      30.1003
    9325      30.1092
    9326      30.0316
    9327      30.0083
    9328      28.5032
    9329      28.4312
    9330      30.0139
    9331      28.4042
    9332      30.0411
    9333      30.1104
    9334      30.2138
    9335      30.1316
    9336      30.0484
    9337      30.1037
    9338      30.2343
    9339      30.1988
    9340      30.1619
    9341      30.1894
    9342      30.2236
    9343      30.2303
    9344      30.2641
    9345      30.3040
    9346      28.7335
    9347      28.5579
    9348      28.7395
    9349      28.6646
    9350      30.2322
    9351      28.6028
    9352      28.6372
    9353      28.6125
    9354      28.5504
    9355      28.6143
    9356      28.6159
    9357      28.7442
    9358      28.6470
    9359      28.7548
    9360      28.6920
    9361      28.6623
    9362      28.7965
    9363      30.3057
    9364      28.5842
    9365      28.6084
    9366      28.5808
    9367      28.6350
    9368      28.7182
    9369      28.6943
    9370      28.6008
    9371      28.6387
    9372      28.7174
    9373      28.6190
    9374      28.5715
    9375      28.6057
    9376      28.6250
    9377      28.5407
    9378      28.6338
    9379      28.5531
    9380      28.6003
    9381      28.6544
    9382      28.6900
    9383      28.5940
    9384      28.5919
    9385      30.2374
    9386      28.5605
    9387      30.2725
    9388      30.3319
    9389      28.6385
    9390      30.2046
    9391      30.2934
    9392      28.6781
    9393      28.6209
    9394      28.6872
    9395      28.6932
    9396      28.6003
    9397      28.6065
    9398      28.5857
    9399      30.2858
    9400      30.2648
    9401      28.6866
    9402      30.2963
    9403      28.6530
    9404      30.2358
    9405      30.2452
    9406      30.2130
    9407      30.3390
    9408      30.3450
    9409      30.2007
    9410      30.0560
    9411      28.5217
    9412      28.6596
    9413      28.6369
    9414      28.6849
    9415      28.5334
    9416      28.5218
    9417      28.5571
    9418      28.5326
    9419      30.1200
    9420      30.1582
    9421      30.1242
    9422      30.1973
    9423      28.6705
    9424      30.1989
    9425      30.2688
    9426      30.2481
    9427      30.2554
    9428      30.1924
    9429      28.4682
    9430      30.2069
    9431      28.7660
    9432      28.6391
    9433      28.6373
    9434      28.5937
    9435      28.6464
    9436      28.6450
    9437      28.5655
    9438      28.5597
    9439      28.4920
    9440      28.4259
    9441      28.4830
    9442      28.5898
    9443      28.4667
    9444      28.5373
    9445      28.5155
    9446      28.5596
    9447      28.5027
    9448      28.5011
    9449      28.6086
    9450      28.5444
    9451      28.5803
    9452      28.5369
    9453      28.5452
    9454      28.5194
    9455      28.5587
    9456      28.4578
    9457      28.4608
    9458      28.5420
    9459      28.5276
    9460      28.4947
    9461      28.5347
    9462      28.6634
    9463      28.6758
    9464      28.6572
    9465      28.6977
    9466      28.5796
    9467      28.6098
    9468      28.6129
    9469      28.6668
    9470      28.8685
    9471      28.6793
    9472      28.7239
    9473      28.7993
    9474      28.6627
    9475      28.6591
    9476      28.6068
    9477      28.5781
    9478      28.5209
    9479      30.0182
    9480      28.5911
    9481      30.0822
    9482      28.5481
    9483      30.0601
    9484      28.6436
    9485      28.5460
    9486      28.5360
    9487      28.5603
    9488      28.5020
    9489      28.5355
    9490      28.5119
    9491      28.4491
    9492      28.4516
    9493      28.4661
    9494      28.5584
    9495      28.4896
    9496      28.5046
    9497      28.4607
    9498      28.4893
    9499      28.5568
    9500      28.3885
    9501      28.4517
    9502      28.4905
    9503      28.4640
    9504      28.4396
    9505      28.5962
    9506      28.4937
    9507      28.4696
    9508      28.4632
    9509      28.5205
    9510      28.4791
    9511      28.5591
    9512      28.5485
    9513      28.5795
    9514      28.5832
    9515      28.5861
    9516      28.5146
    9517      28.5806
    9518      28.4765
    9519      29.9466
    9520      30.1386
    9521      30.0315
    9522      30.0638
    9523      29.9970
    9524      28.6107
    9525      28.5651
    9526      28.6354
    9527      28.5367
    9528      30.0298
    9529      29.8829
    9530      29.8511
    9531      29.9984
    9532      28.4109
    9533      28.3716
    9534      28.4305
    9535      28.4356
    9536      29.9811
    9537      29.9151
    9538      29.8439
    9539      29.9241
    9540      29.9673
    9541      29.9238
    9542      30.0099
    9543      29.8823
    9544      29.9434
    9545      29.8978
    9546      29.8590
    9547      29.9687
    9548      29.9652
    9549      29.9750
    9550      29.9136
    9551      29.9176
    9552      29.9037
    9553      29.9974
    9554      30.0285
    9555      29.9498
    9556      29.9279
    9557      28.5177
    9558      28.5264
    9559      30.0487
    9560      28.4784
    9561      29.9985
    9562      30.0192
    9563      30.0144
    9564      30.0289
    9565      29.9810
    9566      28.5754
    9567      28.5829
    9568      29.9472
    9569      29.8754
    9570      29.9099
    9571      29.8688
    9572      29.7348
    9573      29.8919
    9574      29.8837
    9575      29.9051
    9576      29.7746
    9577      29.8011
    9578      29.9413
    9579      29.8843
    9580      29.9735
    9581      29.9568
    9582      29.9464
    9583      29.9775
    9584      29.9708
    9585      29.9711
    9586      30.0079
    9587      29.9236
    9588      29.8336
    9589      29.8661
    9590      29.8580
    9591      29.8762
    9592      29.9057
    9593      29.7763
    9594      29.9495
    9595      29.9239
    9596      29.9857
    9597      29.9826
    9598      29.9742
    9599      29.9241
    9600      29.8639
    9601      29.8250
    9602      29.8930
    9603      29.8854
    9604      29.8765
    9605      29.8807
    9606      29.9493
    9607      29.9156
    9608      29.8954
    9609      29.8346
    9610      29.9225
    9611      29.9654
    9612      30.0218
    9613      30.0102
    9614      28.4812
    9615      29.9817
    9616      29.9987
    9617      29.9445
    9618      29.9115
    9619      29.9038
    9620      28.5072
    9621      28.5413
    9622      28.4526
    9623      29.8496
    9624      29.9234
    9625      28.4123
    9626      28.4046
    9627      28.3213
    9628      28.4131
    9629      29.8621
    9630      28.4171
    9631      28.6224
    9632      28.4167
    9633      28.4496
    9634      28.3908
    9635      28.5048
    9636      28.4368
    9637      28.5187
    9638      28.5095
    9639      29.9673
    9640      29.9346
    9641      29.8974
    9642      29.9583
    9643      29.8673
    9644      29.9016
    9645      29.8886
    9646      29.8743
    9647      29.9226
    9648      29.9102
    9649      29.9764
    9650      29.9004
    9651      29.8452
    9652      29.9201
    9653      29.8582
    9654      30.0100
    9655      30.0581
    9656      29.9573
    9657      29.9200
    9658      29.9656
    9659      29.9385
    9660      29.8867
    9661      29.8657
    9662      29.9117
    9663      29.9549
    9664      29.8967
    9665      30.0723
    9666      29.9305
    9667      30.0608
    9668      30.0606
    9669      30.1126
    9670      29.9660
    9671      29.9472
    9672      29.9055
    9673      29.9725
    9674      29.9402
    9675      29.9930
    9676      29.9087
    9677      29.9148
    9678      30.0453
    9679      29.9983
    9680      29.9481
    9681      30.0546
    9682      30.0613
    9683      30.0842
    9684      30.0622
    9685      30.0999
    9686      30.0920
    9687      29.9841
    9688      30.0976
    9689      30.0969
    9690      29.9914
    9691      30.0547
    9692      30.0670
    9693      30.1148
    9694      29.9662
    9695      29.9985
    9696      29.9518
    9697      29.9491
    9698      28.5371
    9699      30.0201
    9700      29.9738
    9701      29.9653
    9702      29.9183
    9703      29.8950
    9704      28.3883
    9705      28.5007
    9706      28.4946
    9707      29.9497
    9708      28.4180
    9709      29.8147
    9710      28.4302
    9711      29.9255
    9712      29.9168
    9713      29.8814
    9714      29.8973
    9715      29.9452
    9716      28.4414
    9717      28.3637
    9718      28.5152
    9719      28.5253
    9720      28.4870
    9721      28.5163
    9722      28.5717
    9723      28.4963
    9724      28.4129
    9725      28.4146
    9726      28.4832
    9727      28.4100
    9728      28.4179
    9729      28.5333
    9730      28.4541
    9731      28.4894
    9732      28.5441
    9733      28.5000
    9734      28.6093
    9735      28.5033
    9736      28.5470
    9737      28.4901
    9738      28.4694
    9739      28.4962
    9740      28.4425
    9741      28.4033
    9742      28.4330
    9743      28.5053
    9744      28.5892
    9745      28.5177
    9746      28.5391
    9747      28.5364
    9748      28.5572
    9749      28.5016
    9750      28.5677
    9751      28.5242
    9752      28.6653
    9753      28.5474
    9754      28.4322
    9755      28.4274
    9756      28.4689
    9757      28.4599
    9758      28.4386
    9759      28.5040
    9760      28.3692
    9761      28.5013
    9762      28.4188
    9763      28.4807
    9764      28.3981
    9765      28.4007
    9766      28.3997
    9767      28.4029
    9768      29.9258
    9769      29.9571
    9770      30.0305
    9771      30.1240
    9772      28.5711
    9773      28.5543
    9774      28.6897
    9775      29.9909
    9776      30.0461
    9777      30.1018
    9778      30.0193
    9779      30.0054
    9780      30.0705
    9781      30.1608
    9782      30.1102
    9783      30.0166
    9784      30.0288
    9785      30.0160
    9786      30.0077
    9787      30.1627
    9788      30.0827
    9789      30.1093
    9790      30.1188
    9791      30.0197
    9792      30.0586
    9793      30.0566
    9794      30.0125
    9795      30.0485
    9796      30.0884
    9797      28.5083
    9798      29.9886
    9799      29.9785
    9800      29.9772
    9801      30.0545
    9802      28.4657
    9803      30.0318
    9804      28.5355
    9805      30.1363
    9806      30.0007
    9807      28.5226
    9808      30.1013
    9809      30.1511
    9810      30.0671
    9811      30.1399
    9812      30.1478
    9813      30.1088
    9814      30.1065
    9815      30.1567
    9816      30.0884
    9817      30.0237
    9818      30.1773
    9819      30.2171
    9820      30.1716
    9821      30.1434
    9822      30.1354
    9823      30.0479
    9824      30.0009
    9825      30.1848
    9826      30.0148
    9827      30.0952
    9828      30.0737
    9829      30.0158
    9830      30.0692
    9831      30.0191
    9832      29.9874
    9833      29.9341
    9834      30.0149
    9835      29.9624
    9836      30.0156
    9837      29.9222
    9838      29.8969
    9839      29.9049
    9840      29.8725
    9841      29.9544
    9842      29.9122
    9843      29.8928
    9844      29.8228
    9845      29.8628
    9846      29.8745
    9847      29.9613
    9848      29.9879
    9849      29.9384
    9850      29.7768
    9851      29.7570
    9852      29.8698
    9853      29.8822
    9854      29.8849
    9855      29.8501
    9856      29.9244
    9857      29.7924
    9858      29.7894
    9859      29.7084
    9860      29.7176
    9861      29.6994
    9862      29.7249
    9863      29.7071
    9864      29.7132
    9865      29.7980
    9866      29.8443
    9867      29.8246
    9868      29.7894
    9869      29.7522
    9870      29.7661
    9871      29.7721
    9872      29.7107
    9873      29.7805
    9874      29.7470
    9875      29.7802
    9876      29.7771
    9877      29.7072
    9878      29.6864
    9879      29.8304
    9880      29.7573
    9881      29.6372
    9882      29.7007
    9883      29.5962
    9884      29.6722
    9885      29.6446
    9886      29.5930
    9887      29.5520
    9888      29.4844
    9889      29.5152
    9890      29.5931
    9891      29.5170
    9892      29.5720
    9893      29.5256
    9894      29.6877
    9895      29.5491
    9896      29.5473
    9897      29.6468
    9898      29.5540
    9899      29.6425
    9900      29.6047
    9901      29.6008
    9902      29.6059
    9903      29.5506
    9904      29.5907
    9905      29.5475
    9906      29.5488
    9907      29.5283
    9908      29.5976
    9909      29.5349
    9910      29.6363
    9911      29.6584
    9912      29.5872
    9913      29.5800
    9914      29.5463
    9915      29.5966
    9916      29.6671
    9917      29.6327
    9918      29.6198
    9919      29.7448
    9920      29.7058
    9921      29.7151
    9922      29.6428
    9923      29.5553
    9924      29.6278
    9925      29.6893
    9926      29.6749
    9927      29.5815
    9928      29.6412
    9929      29.7938
    9930      29.7669
    9931      29.6699
    9932      29.6440
    9933      29.6711
    9934      29.7300
    9935      29.7015
    9936      29.6624
    9937      29.7889
    9938      29.6184
    9939      29.6027
    9940      29.5351
    9941      29.6326
    9942      29.5811
    9943      29.5534
    9944      29.6033
    9945      29.4514
    9946      29.5969
    9947      29.6019
    9948      29.5385
    9949      29.5394
    9950      29.5800
    9951      29.6343
    9952      29.5627
    9953      29.6628
    9954      29.5387
    9955      29.6101
    9956      29.4872
    9957      29.6184
    9958      29.6161
    9959      29.5456
    9960      29.6611
    9961      29.5973
    9962      29.5300
    9963      29.5160
    9964      29.4919
    9965      29.4188
    9966      29.5514
    9967      29.4948
    9968      29.5361
    9969      29.4836
    9970      29.4657
    9971      29.5254
    9972      29.5327
    9973      29.5401
    9974      29.6327
    9975      29.5268
    9976      29.6366
    9977      29.5530
    9978      29.5058
    9979      29.4749
    9980      29.5456
    9981      29.5205
    9982      29.6135
    9983      29.6459
    9984      29.6459
    9985      29.5461
    9986      29.5123
    9987      29.4874
    9988      29.4881
    9989      29.5199
    9990      29.4756
    9991      29.5241
    9992      29.4165
    9993      29.5123
    9994      29.5213
    9995      29.5573
    9996      29.5559
    9997      29.5495
    9998      29.5304
    9999      29.6766
   10000      29.6331
