1,28.169
2,28.1579
3,28.243
4,28.2345
5,28.2146
6,28.2293
7,28.2526
8,28.3199
9,28.2254
10,28.2166
11,28.1632
12,28.0782
13,28.1545
14,28.2148
15,28.0863
16,28.1877
17,28.1243
18,28.043
19,28.031
20,28.1701
21,28.2012
22,28.1963
23,28.2446
24,28.3123
25,28.2076
26,28.175
27,28.2406
28,28.0758
29,28.0174
30,28.0418
31,28.1474
32,28.1761
33,28.0349
34,28.0774
35,27.9726
36,28.0024
37,28.0553
38,28.1604
39,28.082
40,28.0808
41,28.1254
42,28.1351
43,28.0575
44,28.0975
45,28.0535
46,28.0476
47,27.9031
48,28.0512
49,28.0893
50,28.0103
51,28.1687
52,28.242
53,28.1732
54,28.3177
55,28.203
56,28.2212
57,28.2196
58,28.2595
59,28.1746
60,28.2617
61,28.175
62,28.0957
63,28.0633
64,28.1377
65,28.1365
66,28.0789
67,28.1133
68,28.1634
69,28.1956
70,28.282
71,28.3218
72,28.2123
73,28.2737
74,28.1707
75,28.2592
76,28.2109
77,28.1783
78,28.1778
79,28.1326
80,28.151
81,28.3926
82,28.218
83,28.2306
84,28.2637
85,28.3363
86,28.2101
87,28.2717
88,28.3462
89,28.2411
90,28.1951
91,28.2197
92,28.2069
93,28.167
94,28.2834
95,28.3569
96,28.3543
97,28.3104
98,28.4008
99,28.4313
100,28.4046
101,28.3066
102,28.3364
103,28.2875
104,28.4133
105,28.4026
106,28.5374
107,28.48
108,28.4444
109,28.2987
110,28.2354
111,28.313
112,28.283
113,28.2911
114,28.2852
115,28.3314
116,28.204
117,28.322
118,28.3312
119,28.2094
120,28.3944
121,28.3706
122,28.3676
123,28.3521
124,28.1675
125,28.2395
126,28.2441
127,28.3278
128,28.2394
129,28.3303
130,28.2342
131,28.1695
132,28.2608
133,28.3298
134,28.3938
135,28.4424
136,28.4967
137,28.3251
138,28.2801
139,28.3069
140,28.3551
141,28.3602
142,28.258
143,28.4195
144,28.3974
145,28.5355
146,28.4133
147,28.4344
148,28.4007
149,28.2907
150,28.4889
151,28.4212
152,28.4129
153,28.44
154,28.4672
155,28.3286
156,28.4856
157,28.4852
158,28.424
159,28.5
160,28.4628
161,28.3818
162,28.3472
163,28.3163
164,28.3496
165,28.3433
166,28.3214
167,28.4856
168,28.3969
169,28.4046
170,28.4368
171,28.5157
172,28.5683
173,28.5415
174,28.5905
175,28.5087
176,28.532
177,28.4417
178,28.3458
179,28.5329
180,28.5953
181,28.4639
182,28.6527
183,28.6317
184,28.5235
185,28.6475
186,28.5823
187,28.5947
188,28.5583
189,28.5653
190,28.5365
191,28.3952
192,28.5749
193,28.54
194,28.6216
195,28.4962
196,28.4754
197,28.4577
198,28.4227
199,28.499
200,28.5549
201,28.438
202,28.5723
203,28.4224
204,28.3552
205,28.4812
206,28.4991
207,28.4792
208,28.4788
209,28.3727
210,28.381
211,28.3853
212,28.4153
213,28.4421
214,28.4131
215,28.4253
216,28.4572
217,28.3833
218,28.3781
219,28.2909
220,28.2788
221,28.2717
222,28.1769
223,28.205
224,28.2909
225,28.2377
226,28.2385
227,28.1983
228,28.1649
229,28.2986
230,28.1887
231,28.115
232,28.2478
233,28.3781
234,28.4157
235,28.4313
236,28.5252
237,28.4108
238,28.4324
239,28.2765
240,28.2878
241,28.3044
242,28.365
243,28.3505
244,28.2473
245,28.2767
246,28.3367
247,28.3507
248,28.3223
249,28.3886
250,28.439
251,28.4481
252,28.3566
253,28.2933
254,28.2821
255,28.3581
256,28.3545
257,28.3756
258,28.3162
259,28.3269
260,28.2689
261,28.4003
262,28.4909
263,28.4745
264,28.4674
265,28.3073
266,28.3429
267,28.2927
268,28.4215
269,28.367
270,28.2982
271,28.2888
272,28.3466
273,28.4126
274,28.3588
275,28.4707
276,28.3813
277,28.3864
278,28.3411
279,28.3397
280,28.3442
281,28.3291
282,28.3191
283,28.2156
284,28.3697
285,28.3243
286,28.2952
287,28.3448
288,28.4524
289,28.4365
290,28.4294
291,28.3883
292,28.3972
293,28.3778
294,28.3712
295,28.4616
296,28.4725
297,28.3548
298,28.3995
299,28.4254
300,28.3536
301,28.3793
302,28.4359
303,28.5865
304,28.4568
305,28.4675
306,28.4872
307,28.4981
308,28.4112
309,28.459
310,28.3729
311,28.3085
312,28.429
313,28.4571
314,28.4943
315,28.5055
316,28.4297
317,28.4724
318,28.5187
319,28.426
320,28.4697
321,28.4199
322,28.5034
323,28.4642
324,28.443
325,28.5447
326,28.6031
327,28.6111
328,28.5216
329,28.5286
330,28.5322
331,28.4845
332,28.4457
333,28.3672
334,28.27
335,28.3413
336,28.3151
337,28.379
338,28.4758
339,28.5032
340,28.3187
341,28.2846
342,28.3623
343,28.2888
344,28.2034
345,28.2652
346,28.2823
347,28.3612
348,28.3844
349,28.2824
350,28.2832
351,28.2487
352,28.2847
353,28.2515
354,28.2824
355,28.3049
356,28.2521
357,28.1831
358,28.2944
359,28.19
360,28.3364
361,28.2865
362,28.2521
363,28.2232
364,28.2705
365,28.2399
366,28.243
367,28.3699
368,28.2944
369,28.2724
370,28.308
371,28.2541
372,28.1767
373,28.079
374,28.1741
375,28.1998
376,28.1946
377,28.2294
378,28.2353
379,28.1722
380,28.1254
381,28.1155
382,28.162
383,28.1145
384,28.2059
385,28.2764
386,28.2913
387,28.3833
388,28.3731
389,28.3825
390,28.3762
391,28.3755
392,28.1621
393,28.1676
394,28.2648
395,28.2377
396,28.3275
397,28.25
398,28.2553
399,28.2622
400,28.2388
401,28.2081
402,28.2845
403,28.2142
404,28.3173
405,28.3516
406,28.3862
407,28.3681
408,28.297
409,28.2673
410,28.2885
411,28.3342
412,28.3625
413,28.1738
414,28.3078
415,28.3363
416,28.2928
417,28.3275
418,28.3475
419,28.3859
420,28.4052
421,28.451
422,28.3685
423,28.4207
424,28.3429
425,28.3648
426,28.3791
427,28.4447
428,28.3821
429,28.3833
430,28.4214
431,28.4091
432,28.4137
433,28.3227
434,28.283
435,28.4649
436,28.3842
437,28.4609
438,28.504
439,28.4494
440,28.4556
441,28.4281
442,28.4298
443,28.3861
444,28.4178
445,28.3555
446,28.385
447,28.3193
448,28.4396
449,28.4503
450,28.3431
451,28.4227
452,28.4391
453,28.4186
454,28.3026
455,28.4112
456,28.361
457,28.4318
458,28.3618
459,28.4406
460,28.3391
461,28.3987
462,28.3992
463,28.423
464,28.3206
465,28.3303
466,28.4894
467,28.5683
468,28.4682
469,28.493
470,28.4518
471,28.4248
472,28.4667
473,28.4146
474,28.5708
475,28.5503
476,28.433
477,28.4127
478,28.457
479,28.3976
480,28.4433
481,28.5568
482,28.4876
483,28.4003
484,28.4929
485,28.6098
486,28.5294
487,28.4759
488,28.4975
489,28.4618
490,28.5606
491,28.6358
492,28.5128
493,28.5019
494,28.578
495,28.4589
496,28.4605
497,28.5083
498,28.6448
499,28.6005
500,28.6826
501,28.6095
502,28.551
503,28.6812
504,28.5512
505,28.5841
506,28.432
507,28.4509
508,28.5037
509,28.5451
510,28.4631
511,28.5254
512,28.5382
513,28.6671
514,28.6843
515,28.6532
516,28.5618
517,28.6072
518,28.5189
519,28.6106
520,28.4691
521,28.5288
522,28.4641
523,28.5703
524,28.4608
525,28.5533
526,28.5483
527,28.5724
528,28.6182
529,28.7297
530,28.6563
531,28.6566
532,28.7841
533,28.8925
534,28.7046
535,28.6685
536,28.8113
537,28.6749
538,28.653
539,28.754
540,28.7356
541,28.6022
542,28.5921
543,28.5916
544,28.5105
545,28.5306
546,28.5522
547,28.6109
548,28.4911
549,28.5791
550,28.587
551,28.618
552,28.7049
553,28.5405
554,28.6306
555,28.6504
556,28.6104
557,28.519
558,28.6653
559,28.4965
560,28.5208
561,28.6322
562,28.5673
563,28.545
564,28.6232
565,28.5658
566,28.5426
567,28.6353
568,28.5855
569,28.4772
570,28.4954
571,28.6863
572,28.6926
573,28.6997
574,28.7123
575,28.6328
576,28.6058
577,28.5232
578,28.5292
579,28.5526
580,28.5463
581,28.4783
582,28.5885
583,28.5753
584,28.5722
585,28.7005
586,28.6542
587,28.7213
588,28.6625
589,28.6733
590,28.5927
591,28.5245
592,28.5787
593,28.4237
594,28.5536
595,28.6471
596,28.5682
597,28.6704
598,28.5698
599,28.5864
600,28.648
601,28.6461
602,28.6792
603,28.6607
604,28.7761
605,28.6772
606,28.6501
607,28.4967
608,28.5986
609,28.6642
610,28.6504
611,28.5655
612,28.7828
613,28.5975
614,28.6288
615,28.6223
616,28.5623
617,28.5559
618,28.4929
619,28.5922
620,28.6282
621,28.6673
622,28.5854
623,28.5584
624,28.6641
625,28.5966
626,28.6809
627,28.6543
628,28.6406
629,28.5906
630,28.7654
631,28.5998
632,28.5998
633,28.5829
634,28.6426
635,28.6777
636,28.5618
637,28.5745
638,28.6577
639,28.8063
640,28.7373
641,28.6503
642,28.7014
643,28.6839
644,28.5383
645,28.5857
646,28.6054
647,28.6052
648,28.5676
649,28.6652
650,28.6462
651,28.5727
652,28.6732
653,28.6785
654,28.6357
655,28.6146
656,28.458
657,28.5526
658,28.5238
659,28.4192
660,28.4439
661,28.5141
662,28.4957
663,28.4511
664,28.4933
665,28.5491
666,28.4899
667,28.6001
668,28.6422
669,28.5472
670,28.6214
671,28.6366
672,28.6323
673,28.5599
674,28.537
675,28.5355
676,28.5412
677,28.4793
678,28.4914
679,28.5948
680,28.5077
681,28.5163
682,28.6013
683,28.5026
684,28.5101
685,28.5678
686,28.5404
687,28.629
688,28.5424
689,28.4798
690,28.55
691,28.4448
692,28.5691
693,28.5125
694,28.548
695,28.497
696,28.5152
697,28.4972
698,28.4492
699,28.4698
700,28.3808
701,28.5594
702,28.5213
703,28.6018
704,28.5116
705,28.6009
706,28.498
707,28.4734
708,28.5488
709,28.4867
710,28.5655
711,28.4505
712,28.5214
713,28.4532
714,28.5063
715,28.5989
716,28.7036
717,28.7406
718,28.7453
719,28.6537
720,28.6395
721,28.6154
722,28.6873
723,28.6065
724,28.5884
725,28.6499
726,28.5711
727,28.6218
728,28.5881
729,28.5132
730,28.5111
731,28.5978
732,28.5941
733,28.6456
734,28.6389
735,28.6872
736,28.6959
737,28.603
738,28.5166
739,28.684
740,28.7404
741,28.5558
742,28.5008
743,28.489
744,28.6106
745,28.6385
746,28.6735
747,28.4805
748,28.548
749,28.6554
750,28.4859
751,28.5964
752,28.507
753,28.4221
754,28.4242
755,28.5535
756,28.3998
757,28.5277
758,28.4849
759,28.5056
760,28.6575
761,28.5403
762,28.6253
763,28.585
764,28.69
765,28.6299
766,28.5078
767,28.5042
768,28.6127
769,28.5186
770,28.5015
771,28.4222
772,28.4358
773,28.5216
774,28.4359
775,28.4281
776,28.4616
777,28.4125
778,28.5044
779,28.4962
780,28.5177
781,28.4738
782,28.4791
783,28.555
784,28.4741
785,28.5388
786,28.6524
787,28.5204
788,28.4932
789,28.445
790,28.3711
791,28.3973
792,28.4645
793,28.4155
794,28.311
795,28.3325
796,28.3205
797,28.2652
798,28.3309
799,28.4946
800,28.4317
801,28.509
802,28.3813
803,28.3504
804,28.3629
805,28.5251
806,28.4791
807,28.5848
808,28.4398
809,28.4839
810,28.5464
811,28.4633
812,28.4599
813,28.5184
814,28.491
815,28.4569
816,28.5094
817,28.4513
818,28.481
819,28.4473
820,28.5359
821,28.5713
822,28.5096
823,28.5381
824,28.561
825,28.5416
826,28.5083
827,28.4678
828,28.4984
829,28.5131
830,28.5613
831,28.5239
832,28.4762
833,28.5407
834,28.5239
835,28.6533
836,28.7087
837,28.6733
838,28.4837
839,28.5538
840,28.6086
841,28.5651
842,28.6478
843,28.5992
844,28.577
845,28.6514
846,28.5808
847,28.5663
848,28.5741
849,28.6007
850,28.5202
851,28.6067
852,28.5582
853,28.4904
854,28.4345
855,28.472
856,28.5155
857,28.4853
858,28.471
859,28.495
860,28.4637
861,28.4036
862,28.4256
863,28.317
864,28.2926
865,28.3535
866,28.3485
867,28.3251
868,28.4218
869,28.4153
870,28.4639
871,28.4179
872,28.4717
873,28.4198
874,28.4043
875,28.444
876,28.5194
877,28.4873
878,28.4711
879,28.439
880,28.3978
881,28.4635
882,28.5099
883,28.4165
884,28.5436
885,28.4851
886,28.4777
887,28.5191
888,28.65
889,28.4767
890,28.5187
891,28.5245
892,28.6366
893,28.6124
894,28.6006
895,28.5798
896,28.6278
897,28.6062
898,28.6705
899,28.5866
900,28.5567
901,28.5532
902,28.5331
903,28.5963
904,28.6171
905,28.5132
906,28.5496
907,28.5482
908,28.5244
909,28.5606
910,28.5765
911,28.6912
912,28.5587
913,28.5034
914,28.5067
915,28.4925
916,28.4998
917,28.5949
918,28.5772
919,28.5581
920,28.5079
921,28.3682
922,28.462
923,28.5594
924,28.5387
925,28.4975
926,28.4507
927,28.4866
928,28.4148
929,28.5418
930,28.4724
931,28.5338
932,28.414
933,28.5346
934,28.465
935,28.4823
936,28.4474
937,28.4838
938,28.4435
939,28.5669
940,28.4732
941,28.5916
942,28.4716
943,28.4424
944,28.3401
945,28.5184
946,28.4698
947,28.4622
948,28.4948
949,28.5022
950,28.4712
951,28.5484
952,28.5039
953,28.513
954,28.5726
955,28.5332
956,28.5773
957,28.4986
958,28.5888
959,28.5602
960,28.584
961,28.5154
962,28.6768
963,28.5583
964,28.4997
965,28.5207
966,28.5299
967,28.6348
968,28.506
969,28.5745
970,28.6026
971,28.5373
972,28.4552
973,28.487
974,28.5688
975,28.56
976,28.6613
977,28.6845
978,28.653
979,28.7016
980,28.6716
981,28.6452
982,28.601
983,28.5617
984,28.5566
985,28.5826
986,28.5741
987,28.5826
988,28.4734
989,28.5056
990,28.5532
991,28.6268
992,28.5768
993,28.5855
994,28.6139
995,28.4978
996,28.5926
997,28.6337
998,28.5062
999,28.5118
1000,28.5552
1001,28.4906
1002,28.5489
1003,28.6014
1004,28.4576
1005,28.431
1006,28.3528
1007,28.463
1008,28.5224
1009,28.5387
1010,28.4893
1011,28.4715
1012,28.432
1013,28.4934
1014,28.4354
1015,28.6178
1016,28.545
1017,28.5371
1018,28.495
1019,28.6102
1020,28.5219
1021,28.6348
1022,28.5038
1023,28.5374
1024,28.5116
1025,28.5396
1026,28.4627
1027,28.4823
1028,28.5542
1029,28.5465
1030,28.5506
1031,28.5301
1032,28.5768
1033,28.6065
1034,28.5179
1035,28.557
1036,28.5918
1037,28.6513
1038,28.641
1039,28.5018
1040,28.601
1041,28.6467
1042,28.6383
1043,28.5644
1044,28.547
1045,28.5306
1046,28.5618
1047,28.6683
1048,28.4896
1049,28.6193
1050,28.5804
1051,28.4827
1052,28.5512
1053,28.5222
1054,28.5921
1055,28.5624
1056,28.6045
1057,28.6763
1058,28.5287
1059,28.6509
1060,28.5707
1061,28.5897
1062,28.6047
1063,28.6823
1064,28.5777
1065,28.5552
1066,28.4882
1067,28.4594
1068,28.5284
1069,28.415
1070,28.4236
1071,28.3894
1072,28.5042
1073,28.5047
1074,28.438
1075,28.4572
1076,28.3829
1077,28.3946
1078,28.4641
1079,28.4132
1080,28.4576
1081,28.3989
1082,28.5054
1083,28.4986
1084,28.5283
1085,28.5079
1086,28.4996
1087,28.4806
1088,28.5779
1089,28.4989
1090,28.5345
1091,28.5162
1092,28.4563
1093,28.4626
1094,28.5706
1095,28.6204
1096,28.4646
1097,28.5426
1098,28.4495
1099,28.4554
1100,28.4656
1101,28.4968
1102,28.391
1103,28.5411
1104,28.5678
1105,28.4804
1106,28.5847
1107,28.5799
1108,28.6574
1109,28.6077
1110,28.4456
1111,28.4712
1112,28.4059
1113,28.4362
1114,28.3592
1115,28.5176
1116,28.4382
1117,28.5677
1118,28.4682
1119,28.5355
1120,28.4316
1121,28.5212
1122,28.5332
1123,28.5622
1124,28.4856
1125,28.4755
1126,28.4618
1127,28.39
1128,28.3802
1129,28.2986
1130,28.4055
1131,28.4444
1132,28.4659
1133,28.5472
1134,28.5205
1135,28.6411
1136,28.5894
1137,28.7057
1138,28.6697
1139,28.5432
1140,28.5465
1141,28.6648
1142,28.5868
1143,28.4989
1144,28.5103
1145,28.5093
1146,28.4434
1147,28.485
1148,28.4873
1149,28.5609
1150,28.3663
1151,28.4014
1152,28.3754
1153,28.3166
1154,28.3561
1155,28.3026
1156,28.4358
1157,28.4198
1158,28.4318
1159,28.4347
1160,28.5481
1161,28.4408
1162,28.4448
1163,28.4798
1164,28.3976
1165,28.4523
1166,28.5577
1167,28.3909
1168,28.3555
1169,28.4107
1170,28.4453
1171,28.4119
1172,28.3625
1173,28.331
1174,28.401
1175,28.451
1176,28.3708
1177,28.4497
1178,28.3845
1179,28.4053
1180,28.4814
1181,28.5234
1182,28.5127
1183,28.5112
1184,28.4277
1185,28.3938
1186,28.3873
1187,28.3492
1188,28.4459
1189,28.5045
1190,28.4977
1191,28.4625
1192,28.4918
1193,28.5981
1194,28.5035
1195,28.6236
1196,28.6491
1197,28.6369
1198,28.6882
1199,28.5958
1200,28.5622
1201,28.6719
1202,28.7031
1203,28.6037
1204,28.646
1205,28.5909
1206,28.3943
1207,28.4352
1208,28.4752
1209,28.5496
1210,28.5492
1211,28.4879
1212,28.6203
1213,28.5454
1214,28.4113
1215,28.4679
1216,28.4254
1217,28.4711
1218,28.4364
1219,28.3915
1220,28.3616
1221,28.4045
1222,28.44
1223,28.3665
1224,28.3915
1225,28.4349
1226,28.4038
1227,28.4609
1228,28.5094
1229,28.5517
1230,28.4672
1231,28.4568
1232,28.5717
1233,28.4446
1234,28.4842
1235,28.5218
1236,28.5218
1237,28.4555
1238,28.4676
1239,28.5473
1240,28.6318
1241,28.5649
1242,28.6203
1243,28.6176
1244,28.4675
1245,28.5846
1246,28.6304
1247,28.536
1248,28.5225
1249,28.5323
1250,28.6518
1251,28.6083
1252,28.6233
1253,28.5963
1254,28.5405
1255,28.5686
1256,28.4703
1257,28.5164
1258,28.6071
1259,28.644
1260,28.6559
1261,28.6181
1262,28.6751
1263,28.6164
1264,28.485
1265,28.5416
1266,28.5986
1267,28.6097
1268,28.5548
1269,28.5554
1270,28.5073
1271,28.4952
1272,28.5173
1273,28.443
1274,28.4439
1275,28.5441
1276,28.646
1277,28.6607
1278,28.6578
1279,28.6067
1280,28.607
1281,28.5731
1282,28.5784
1283,28.5466
1284,28.5301
1285,28.426
1286,28.4184
1287,28.5398
1288,28.6171
1289,28.5767
1290,28.6237
1291,28.7262
1292,28.6138
1293,28.6592
1294,28.6542
1295,28.7561
1296,28.6078
1297,28.6817
1298,28.5862
1299,28.5089
1300,28.5578
1301,28.5466
1302,28.6299
1303,28.5913
1304,28.5917
1305,28.5227
1306,28.5431
1307,28.428
1308,28.4675
1309,28.4852
1310,28.5061
1311,28.5991
1312,28.53
1313,28.5209
1314,28.4663
1315,28.6015
1316,28.5943
1317,28.4417
1318,28.5166
1319,28.6077
1320,28.5923
1321,28.5556
1322,28.5049
1323,28.5273
1324,28.5856
1325,28.5645
1326,28.5916
1327,28.5718
1328,28.5191
1329,28.3564
1330,28.6689
1331,28.6652
1332,28.5954
1333,28.651
1334,28.5607
1335,28.5548
1336,28.5441
1337,28.5334
1338,28.6471
1339,28.5539
1340,28.52
1341,28.4467
1342,28.4862
1343,28.561
1344,28.6209
1345,28.6041
1346,28.6147
1347,28.6445
1348,28.5309
1349,28.4733
1350,28.5192
1351,28.5197
1352,28.4574
1353,28.4918
1354,28.5516
1355,28.6621
1356,28.6447
1357,28.5246
1358,28.5984
1359,28.5009
1360,28.5871
1361,28.584
1362,28.4454
1363,28.4164
1364,28.525
1365,28.4949
1366,28.5543
1367,28.563
1368,28.696
1369,28.6545
1370,28.5881
1371,28.5981
1372,28.7459
1373,28.6945
1374,28.6693
1375,28.6528
1376,28.5928
1377,28.6035
1378,28.5828
1379,28.6092
1380,28.4944
1381,28.6608
1382,28.5976
1383,28.707
1384,28.7185
1385,28.6106
1386,28.5716
1387,28.6208
1388,28.5981
1389,28.6108
1390,28.62
1391,28.626
1392,28.5538
1393,28.5103
1394,28.4097
1395,28.4203
1396,28.4193
1397,28.4993
1398,28.5306
1399,28.4994
1400,28.6965
1401,28.6098
1402,28.7003
1403,28.6923
1404,28.6495
1405,28.6341
1406,28.7032
1407,28.7005
1408,28.5458
1409,28.563
1410,28.5278
1411,28.6159
1412,28.625
1413,28.6124
1414,28.6756
1415,28.6453
1416,28.6585
1417,28.7383
1418,28.5676
1419,28.5504
1420,28.5733
1421,28.4058
1422,28.5966
1423,28.5535
1424,28.5374
1425,28.5334
1426,28.4539
1427,28.4701
1428,28.5373
1429,28.5581
1430,28.5861
1431,28.7407
1432,28.5934
1433,28.5638
1434,28.5571
1435,28.4524
1436,28.5261
1437,28.5705
1438,28.6207
1439,28.7312
1440,28.5997
1441,28.5959
1442,28.5924
1443,28.6672
1444,28.7236
1445,28.6459
1446,28.5748
1447,28.5631
1448,28.6203
1449,28.5754
1450,28.6466
1451,28.556
1452,28.6372
1453,28.6072
1454,28.5105
1455,28.5423
1456,28.6745
1457,28.586
1458,28.6899
1459,28.6386
1460,28.6195
1461,28.5406
1462,28.5671
1463,28.5966
1464,28.5393
1465,28.5103
1466,28.5878
1467,28.5933
1468,28.7241
1469,28.6426
1470,28.7539
1471,28.6917
1472,28.6994
1473,28.7191
1474,28.7141
1475,28.7099
1476,28.8564
1477,28.7317
1478,28.8048
1479,28.7389
1480,28.7503
1481,28.6316
1482,28.6972
1483,28.639
1484,28.6249
1485,28.5824
1486,28.7579
1487,28.5983
1488,28.7356
1489,28.7809
1490,28.7264
1491,28.6942
1492,28.6862
1493,28.6667
1494,28.6875
1495,28.6559
1496,28.5682
1497,28.507
1498,28.4716
1499,28.4065
1500,28.4827
1501,28.3646
1502,28.3844
1503,28.3481
1504,28.4388
1505,28.5755
1506,28.5987
1507,28.4834
1508,28.4959
1509,28.5941
1510,28.5808
1511,28.5581
1512,28.4271
1513,28.4291
1514,28.5802
1515,28.5083
1516,28.471
1517,28.4398
1518,28.5169
1519,28.4317
1520,28.5421
1521,28.4588
1522,28.4552
1523,28.5346
1524,28.5269
1525,28.6097
1526,28.5001
1527,28.4735
1528,28.5443
1529,28.4165
1530,28.4892
1531,28.4655
1532,28.41
1533,28.4062
1534,28.4498
1535,28.4635
1536,28.4472
1537,28.5061
1538,28.5316
1539,28.5333
1540,28.4444
1541,28.4474
1542,28.5875
1543,28.5459
1544,28.5574
1545,28.5413
1546,28.6081
1547,28.6518
1548,28.5837
1549,28.5353
1550,28.5504
1551,28.6395
1552,28.7449
1553,28.6735
1554,28.5628
1555,28.6191
1556,28.6
1557,28.6138
1558,28.4674
1559,28.4897
1560,28.5697
1561,28.458
1562,28.5535
1563,28.5555
1564,28.5426
1565,28.5731
1566,28.5117
1567,28.5137
1568,28.4673
1569,28.4783
1570,28.5495
1571,28.4998
1572,28.5063
1573,28.589
1574,28.6031
1575,28.5127
1576,28.4753
1577,28.6714
1578,28.5672
1579,28.545
1580,28.5946
1581,28.4972
1582,28.4419
1583,28.4299
1584,28.4583
1585,28.3834
1586,28.4282
1587,28.5083
1588,28.4097
1589,28.3206
1590,28.3325
1591,28.4465
1592,28.4603
1593,28.4255
1594,28.4362
1595,28.4346
1596,28.3596
1597,28.3788
1598,28.5059
1599,28.5141
1600,28.485
1601,28.4398
1602,28.496
1603,28.6172
1604,28.5354
1605,28.569
1606,28.537
1607,28.5378
1608,28.5729
1609,28.543
1610,28.4752
1611,28.5355
1612,28.4956
1613,28.5404
1614,28.4683
1615,28.3343
1616,28.5096
1617,28.5056
1618,28.4826
1619,28.4092
1620,28.4597
1621,28.4096
1622,28.5327
1623,28.4901
1624,28.5905
1625,28.4028
1626,28.3226
1627,28.4374
1628,28.4517
1629,28.5571
1630,28.4223
1631,28.3977
1632,28.454
1633,28.5242
1634,28.5487
1635,28.513
1636,28.5207
1637,28.4591
1638,28.3929
1639,28.4303
1640,28.4539
1641,28.564
1642,28.573
1643,28.5508
1644,28.6331
1645,28.6427
1646,28.532
1647,28.6377
1648,28.622
1649,28.5012
1650,28.4924
1651,28.4734
1652,28.3844
1653,28.455
1654,28.399
1655,28.4009
1656,28.4801
1657,28.4127
1658,28.4421
1659,28.4341
1660,28.3843
1661,28.3173
1662,28.3588
1663,28.4274
1664,28.3938
1665,28.3634
1666,28.4203
1667,28.5151
1668,28.4748
1669,28.552
1670,28.4441
1671,28.5551
1672,28.4864
1673,28.5075
1674,28.4547
1675,28.4821
1676,28.4628
1677,28.4598
1678,28.3948
1679,28.4101
1680,28.3971
1681,28.3062
1682,28.3379
1683,28.3593
1684,28.4076
1685,28.4229
1686,28.4393
1687,28.4533
1688,28.5759
1689,28.5404
1690,28.5736
1691,28.5325
1692,28.4668
1693,28.5037
1694,28.4034
1695,28.4606
1696,28.4721
1697,28.404
1698,28.3974
1699,28.3877
1700,28.472
1701,28.4264
1702,28.3817
1703,28.5189
1704,28.407
1705,28.5064
1706,28.5252
1707,28.5242
1708,28.4727
1709,28.5607
1710,28.5065
1711,28.4818
1712,28.5447
1713,28.6352
1714,28.6219
1715,28.5071
1716,28.4159
1717,28.4143
1718,28.4036
1719,28.5311
1720,28.5079
1721,28.5384
1722,28.5823
1723,28.3995
1724,28.5591
1725,28.4796
1726,28.5058
1727,28.3687
1728,28.4763
1729,28.448
1730,28.3876
1731,28.3908
1732,28.3458
1733,28.4073
1734,28.419
1735,28.5175
1736,28.5696
1737,28.4493
1738,28.5021
1739,28.424
1740,28.3391
1741,28.3418
1742,28.3897
1743,28.4434
1744,28.3537
1745,28.3542
1746,28.3559
1747,28.4013
1748,28.3191
1749,28.3116
1750,28.3161
1751,28.4349
1752,28.5373
1753,28.5238
1754,28.4578
1755,28.4108
1756,28.3668
1757,28.4452
1758,28.4488
1759,28.3933
1760,28.4045
1761,28.4017
1762,28.4721
1763,28.4595
1764,28.5075
1765,28.5492
1766,28.3655
1767,28.4729
1768,28.4403
1769,28.5677
1770,28.5171
1771,28.4306
1772,28.4252
1773,28.4717
1774,28.4543
1775,28.3971
1776,28.5456
1777,28.6807
1778,28.5174
1779,28.3939
1780,28.4853
1781,28.4062
1782,28.4547
1783,28.4258
1784,28.3891
1785,28.4773
1786,28.5366
1787,28.548
1788,28.5417
1789,28.4699
1790,28.5672
1791,28.5216
1792,28.3849
1793,28.3908
1794,28.4405
1795,28.3602
1796,28.4567
1797,28.3751
1798,28.4246
1799,28.4035
1800,28.4875
1801,28.4874
1802,28.4645
1803,28.3956
1804,28.4653
1805,28.5359
1806,28.3659
1807,28.369
1808,28.5713
1809,28.566
1810,28.3845
1811,28.3395
1812,28.4372
1813,28.3286
1814,28.4627
1815,28.361
1816,28.4499
1817,28.2879
1818,28.4062
1819,28.3393
1820,28.3456
1821,28.3322
1822,28.3658
1823,28.4457
1824,28.3317
1825,28.3486
1826,28.4284
1827,28.4289
1828,28.4784
1829,28.3412
1830,28.3916
1831,28.2473
1832,28.3241
1833,28.3249
1834,28.3758
1835,28.3828
1836,28.3271
1837,28.3806
1838,28.3847
1839,28.4439
1840,28.385
1841,28.3649
1842,28.404
1843,28.4642
1844,28.4489
1845,28.5055
1846,28.5035
1847,28.4225
1848,28.4061
1849,28.4033
1850,28.502
1851,28.4135
1852,28.4233
1853,28.5247
1854,28.568
1855,28.5772
1856,28.5267
1857,28.5162
1858,28.5109
1859,28.3976
1860,28.4695
1861,28.4338
1862,28.4173
1863,28.4188
1864,28.4497
1865,28.4354
1866,28.4726
1867,28.3074
1868,28.3789
1869,28.2863
1870,28.3132
1871,28.2181
1872,28.2561
1873,28.2542
1874,28.1636
1875,28.0651
1876,28.1392
1877,28.1979
1878,28.2369
1879,28.2598
1880,28.2576
1881,28.1825
1882,28.1497
1883,28.2921
1884,28.2581
1885,28.2318
1886,28.3309
1887,28.3707
1888,28.3826
1889,28.3908
1890,28.3671
1891,28.4383
1892,28.4693
1893,28.3636
1894,28.5328
1895,28.4515
1896,28.4314
1897,28.4715
1898,28.4222
1899,28.4787
1900,28.5519
1901,28.4518
1902,28.4532
1903,28.4011
1904,28.3817
1905,28.3241
1906,28.3913
1907,28.4328
1908,28.4324
1909,28.5027
1910,28.4042
1911,28.4577
1912,28.4438
1913,28.5231
1914,28.3624
1915,28.5025
1916,28.424
1917,28.3719
1918,28.3241
1919,28.2701
1920,28.3151
1921,28.2593
1922,28.3677
1923,28.3323
1924,28.3331
1925,28.2857
1926,28.287
1927,28.2831
1928,28.2723
1929,28.2795
1930,28.272
1931,28.3053
1932,28.3723
1933,28.5291
1934,28.3559
1935,28.2965
1936,28.2814
1937,28.3296
1938,28.318
1939,28.3717
1940,28.4674
1941,28.4886
1942,28.4316
1943,28.3547
1944,28.3809
1945,28.3891
1946,28.4048
1947,28.4209
1948,28.3465
1949,28.3426
1950,28.3328
1951,28.4932
1952,28.5184
1953,28.6033
1954,28.4658
1955,28.421
1956,28.3632
1957,28.4275
1958,28.3931
1959,28.4516
1960,28.4831
1961,28.6415
1962,28.5028
1963,28.5567
1964,28.6162
1965,28.5519
1966,28.4863
1967,28.5007
1968,28.6393
1969,28.5724
1970,28.4905
1971,28.4802
1972,28.4838
1973,28.5276
1974,28.401
1975,28.3558
1976,28.4415
1977,28.4575
1978,28.4337
1979,28.4187
1980,28.4357
1981,28.5375
1982,28.5592
1983,28.4602
1984,28.5084
1985,28.5008
1986,28.5378
1987,28.4431
1988,28.4119
1989,28.4895
1990,28.593
1991,28.5197
1992,28.3859
1993,28.468
1994,28.5318
1995,28.6188
1996,28.6163
1997,28.6017
1998,28.6421
1999,28.5904
2000,28.5909
2001,28.5408
2002,28.5
2003,28.6177
2004,28.6653
2005,28.5586
2006,28.5611
2007,28.5641
2008,28.5723
2009,28.6514
2010,28.6782
2011,28.5491
2012,28.5545
2013,28.5198
2014,28.459
2015,28.3985
2016,28.3444
2017,28.4243
2018,28.4535
2019,28.5545
2020,28.4942
2021,28.4753
2022,28.4332
2023,28.4626
2024,28.3908
2025,28.4193
2026,28.4198
2027,28.402
2028,28.422
2029,28.4869
2030,28.5266
2031,28.4801
2032,28.5023
2033,28.4407
2034,28.3388
2035,28.3424
2036,28.316
2037,28.3283
2038,28.4127
2039,28.2959
2040,28.4329
2041,28.3678
2042,28.4953
2043,28.4488
2044,28.451
2045,28.4653
2046,28.487
2047,28.5193
2048,28.4104
2049,28.4557
2050,28.4533
2051,28.4484
2052,28.5466
2053,28.4462
2054,28.4119
2055,28.4389
2056,28.5694
2057,28.5411
2058,28.473
2059,28.5051
2060,28.3903
2061,28.4451
2062,28.4783
2063,28.5007
2064,28.4311
2065,28.488
2066,28.4152
2067,28.6203
2068,28.4995
2069,28.5461
2070,28.4908
2071,28.5214
2072,28.5926
2073,28.6118
2074,28.6083
2075,28.5152
2076,28.521
2077,28.5293
2078,28.6238
2079,28.5704
2080,28.5191
2081,28.4751
2082,28.5793
2083,28.5746
2084,28.6127
2085,28.6009
2086,28.5258
2087,28.5041
2088,28.58
2089,28.6282
2090,28.5627
2091,28.4702
2092,28.4034
2093,28.5024
2094,28.527
2095,28.4597
2096,28.4097
2097,28.5383
2098,28.6611
2099,28.5598
2100,28.6603
2101,28.5372
2102,28.6019
2103,28.5652
2104,28.5061
2105,28.5477
2106,28.4879
2107,28.5625
2108,28.588
2109,28.5872
2110,28.6075
2111,28.5175
2112,28.4947
2113,28.5085
2114,28.602
2115,28.6107
2116,28.6082
2117,28.5357
2118,28.5932
2119,28.4916
2120,28.4041
2121,28.4949
2122,28.4082
2123,28.3657
2124,28.4142
2125,28.5241
2126,28.5771
2127,28.6034
2128,28.5294
2129,28.5536
2130,28.6217
2131,28.5914
2132,28.6044
2133,28.5445
2134,28.5684
2135,28.4245
2136,28.5526
2137,28.4403
2138,28.547
2139,28.4409
2140,28.4737
2141,28.511
2142,28.3942
2143,28.532
2144,28.4101
2145,28.4826
2146,28.4442
2147,28.5017
2148,28.4325
2149,28.3405
2150,28.4643
2151,28.4258
2152,28.4052
2153,28.4766
2154,28.5063
2155,28.5475
2156,28.3957
2157,28.3989
2158,28.4824
2159,28.4512
2160,28.4115
2161,28.4103
2162,28.3737
2163,28.5363
2164,28.4916
2165,28.4376
2166,28.4503
2167,28.4213
2168,28.5057
2169,28.433
2170,28.5109
2171,28.4686
2172,28.4895
2173,28.4017
2174,28.4236
2175,28.4841
2176,28.4172
2177,28.5043
2178,28.585
2179,28.4657
2180,28.5007
2181,28.5028
2182,28.4423
2183,28.501
2184,28.5316
2185,28.5907
2186,28.5477
2187,28.3787
2188,28.4298
2189,28.4122
2190,28.5624
2191,28.4716
2192,28.4536
2193,28.4192
2194,28.4249
2195,28.474
2196,28.4524
2197,28.5611
2198,28.5446
2199,28.5126
2200,28.6459
2201,28.5627
2202,28.6475
2203,28.6216
2204,28.655
2205,28.5784
2206,28.4634
2207,28.5324
2208,28.5024
2209,28.5181
2210,28.4626
2211,28.5378
2212,28.4573
2213,28.4615
2214,28.5298
2215,28.6501
2216,28.4822
2217,28.6223
2218,28.5536
2219,28.5287
2220,28.5111
2221,28.4752
2222,28.5193
2223,28.5514
2224,28.6674
2225,28.7585
2226,28.4836
2227,28.5878
2228,28.5344
2229,28.5313
2230,28.4341
2231,28.5726
2232,28.5333
2233,28.4119
2234,28.4084
2235,28.3666
2236,28.3352
2237,28.405
2238,28.386
2239,28.5104
2240,28.4276
2241,28.3724
2242,28.4056
2243,28.2382
2244,28.4196
2245,28.422
2246,28.3875
2247,28.3103
2248,28.3802
2249,28.3653
2250,28.4111
2251,28.4543
2252,28.5358
2253,28.4608
2254,28.5343
2255,28.4852
2256,28.5003
2257,28.4716
2258,28.4498
2259,28.4917
2260,28.451
2261,28.3478
2262,28.4005
2263,28.4287
2264,28.4545
2265,28.3624
2266,28.4391
2267,28.4824
2268,28.5218
2269,28.5139
2270,28.4363
2271,28.5015
2272,28.4281
2273,28.5424
2274,28.5968
2275,28.5395
2276,28.5289
2277,28.4835
2278,28.5219
2279,28.5371
2280,28.4805
2281,28.5607
2282,28.5736
2283,28.4476
2284,28.4221
2285,28.5057
2286,28.5955
2287,28.5037
2288,28.5137
2289,28.4365
2290,28.5378
2291,28.5632
2292,28.5408
2293,28.5692
2294,28.5101
2295,28.3912
2296,28.356
2297,28.3746
2298,28.3969
2299,28.4617
2300,28.3102
2301,28.4005
2302,28.4215
2303,28.453
2304,28.4375
2305,28.5999
2306,28.5276
2307,28.506
2308,28.6542
2309,28.5898
2310,28.558
2311,28.5928
2312,28.5951
2313,28.5237
2314,28.4537
2315,28.5111
2316,28.498
2317,28.5188
2318,28.5406
2319,28.6118
2320,28.4574
2321,28.4602
2322,28.4861
2323,28.4826
2324,28.5195
2325,28.5751
2326,28.6437
2327,28.5144
2328,28.4918
2329,28.4968
2330,28.5417
2331,28.4688
2332,28.3663
2333,28.4149
2334,28.5839
2335,28.6064
2336,28.5921
2337,28.4898
2338,28.4889
2339,28.4297
2340,28.5846
2341,28.5392
2342,28.468
2343,28.4912
2344,28.4304
2345,28.3854
2346,28.539
2347,28.42
2348,28.3479
2349,28.4792
2350,28.4488
2351,28.4448
2352,28.4711
2353,28.4308
2354,28.5148
2355,28.4293
2356,28.3762
2357,28.33
2358,28.3021
2359,28.4765
2360,28.5586
2361,28.5811
2362,28.4846
2363,28.2933
2364,28.3959
2365,28.4043
2366,28.5044
2367,28.4449
2368,28.4605
2369,28.4526
2370,28.5571
2371,28.3992
2372,28.5175
2373,28.5087
2374,28.5225
2375,28.5576
2376,28.548
2377,28.5907
2378,28.6333
2379,28.5895
2380,28.5036
2381,28.5274
2382,28.4117
2383,28.512
2384,28.4288
2385,28.4238
2386,28.4521
2387,28.4129
2388,28.4134
2389,28.3079
2390,28.3259
2391,28.4263
2392,28.4941
2393,28.4581
2394,28.4118
2395,28.4672
2396,28.4923
2397,28.4802
2398,28.497
2399,28.5458
2400,28.5359
2401,28.426
2402,28.5467
2403,28.5812
2404,28.486
2405,28.4693
2406,28.5515
2407,28.4773
2408,28.5138
2409,28.5269
2410,28.5692
2411,28.577
2412,28.5956
2413,28.5413
2414,28.5399
2415,28.5968
2416,28.5027
2417,28.4782
2418,28.5982
2419,28.5664
2420,28.5139
2421,28.5185
2422,28.4405
2423,28.5648
2424,28.3591
2425,28.4827
2426,28.5396
2427,28.4627
2428,28.5495
2429,28.4909
2430,28.3807
2431,28.5062
2432,28.4613
2433,28.4801
2434,28.5359
2435,28.545
2436,28.4733
2437,28.4402
2438,28.4378
2439,28.3998
2440,28.3947
2441,28.451
2442,28.4471
2443,28.5839
2444,28.4477
2445,28.5901
2446,28.4882
2447,28.5425
2448,28.4224
2449,28.5134
2450,28.5175
2451,28.5652
2452,28.4486
2453,28.4092
2454,28.5508
2455,28.5055
2456,28.5476
2457,28.4913
2458,28.5518
2459,28.5561
2460,28.4875
2461,28.4455
2462,28.5403
2463,28.5317
2464,28.3616
2465,28.3218
2466,28.3274
2467,28.396
2468,28.2941
2469,28.366
2470,28.363
2471,28.4173
2472,28.5224
2473,28.4325
2474,28.427
2475,28.5845
2476,28.4774
2477,28.5456
2478,28.4991
2479,28.5487
2480,28.5734
2481,28.5765
2482,28.5867
2483,28.4411
2484,28.4699
2485,28.4181
2486,28.4199
2487,28.4948
2488,28.4852
2489,28.5152
2490,28.4692
2491,28.4537
2492,28.6617
2493,28.5644
2494,28.5483
2495,28.6125
2496,28.612
2497,28.635
2498,28.5449
2499,28.5454
2500,28.3767
2501,28.4696
2502,28.2871
2503,28.3841
2504,28.3198
2505,28.2503
2506,28.4007
2507,28.4103
2508,28.3079
2509,28.3663
2510,28.4444
2511,28.5007
2512,28.3166
2513,28.4469
2514,28.3891
2515,28.4456
2516,28.4635
2517,28.4511
2518,28.515
2519,28.5591
2520,28.4071
2521,28.4166
2522,28.4035
2523,28.4783
2524,28.4688
2525,28.5935
2526,28.519
2527,28.5709
2528,28.3758
2529,28.5064
2530,28.3926
2531,28.4202
2532,28.3056
2533,28.254
2534,28.2316
2535,28.2845
2536,28.358
2537,28.449
2538,28.4675
2539,28.5222
2540,28.5019
2541,28.392
2542,28.3388
2543,28.5067
2544,28.4551
2545,28.5381
2546,28.443
2547,28.469
2548,28.4926
2549,28.5105
2550,28.4204
2551,28.5559
2552,28.4866
2553,28.3904
2554,28.4538
2555,28.3844
2556,28.3684
2557,28.3689
2558,28.446
2559,28.5345
2560,28.3775
2561,28.4447
2562,28.4176
2563,28.483
2564,28.421
2565,28.243
2566,28.2714
2567,28.406
2568,28.4215
2569,28.3503
2570,28.3406
2571,28.4976
2572,28.4384
2573,28.4122
2574,28.504
2575,28.4568
2576,28.4622
2577,28.4086
2578,28.3938
2579,28.4842
2580,28.5131
2581,28.5454
2582,28.5825
2583,28.5052
2584,28.6124
2585,28.5904
2586,28.5948
2587,28.5846
2588,28.5309
2589,28.5589
2590,28.5686
2591,28.5971
2592,28.5583
2593,28.5727
2594,28.477
2595,28.5906
2596,28.5186
2597,28.5393
2598,28.4923
2599,28.6119
2600,28.471
2601,28.5573
2602,28.5348
2603,28.4971
2604,28.6235
2605,28.5906
2606,28.5554
2607,28.4942
2608,28.5259
2609,28.6287
2610,28.5794
2611,28.5729
2612,28.4765
2613,28.5974
2614,28.6435
2615,28.5593
2616,28.5719
2617,28.5157
2618,28.6105
2619,28.4429
2620,28.5402
2621,28.5585
2622,28.5738
2623,28.5014
2624,28.4835
2625,28.6022
2626,28.6324
2627,28.6452
2628,28.6081
2629,28.5934
2630,28.4079
2631,28.4835
2632,28.522
2633,28.5218
2634,28.6631
2635,28.5045
2636,28.4288
2637,28.4942
2638,28.3252
2639,28.4088
2640,28.5625
2641,28.5153
2642,28.428
2643,28.375
2644,28.4182
2645,28.3934
2646,28.3897
2647,28.5149
2648,28.5437
2649,28.4129
2650,28.3953
2651,28.5357
2652,28.5875
2653,28.6804
2654,28.4642
2655,28.4948
2656,28.5639
2657,28.4115
2658,28.5217
2659,28.5491
2660,28.5987
2661,28.5623
2662,28.5479
2663,28.4969
2664,28.5246
2665,28.6272
2666,28.6849
2667,28.5761
2668,28.6137
2669,28.6598
2670,28.5632
2671,28.5816
2672,28.5238
2673,28.4653
2674,28.5871
2675,28.5343
2676,28.5425
2677,28.627
2678,28.645
2679,28.4729
2680,28.4914
2681,28.4951
2682,28.4956
2683,28.4302
2684,28.5308
2685,28.5299
2686,28.5558
2687,28.5597
2688,28.5649
2689,28.6236
2690,28.6302
2691,28.547
2692,28.6115
2693,28.5451
2694,28.4764
2695,28.6237
2696,28.6121
2697,28.5923
2698,28.622
2699,28.5396
2700,28.4433
2701,28.6629
2702,28.6263
2703,28.5606
2704,28.5759
2705,28.6168
2706,28.5589
2707,28.6346
2708,28.5828
2709,28.5764
2710,28.577
2711,28.6058
2712,28.6522
2713,28.644
2714,28.4973
2715,28.5564
2716,28.7459
2717,28.6084
2718,28.6515
2719,28.5712
2720,28.7275
2721,28.6949
2722,28.6747
2723,28.5716
2724,28.5621
2725,28.6078
2726,28.6857
2727,28.5568
2728,28.5523
2729,28.4995
2730,28.5182
2731,28.6088
2732,28.6074
2733,28.5533
2734,28.5907
2735,28.5437
2736,28.5826
2737,28.5588
2738,28.5942
2739,28.6028
2740,28.5878
2741,28.6481
2742,28.6146
2743,28.6502
2744,28.6594
2745,28.6079
2746,28.513
2747,28.3693
2748,28.4239
2749,28.4692
2750,28.4844
2751,28.4432
2752,28.5231
2753,28.6126
2754,28.5983
2755,28.4859
2756,28.5613
2757,28.5629
2758,28.4987
2759,28.4767
2760,28.4832
2761,28.4796
2762,28.4986
2763,28.5688
2764,28.5468
2765,28.4334
2766,28.4394
2767,28.4884
2768,28.5152
2769,28.4609
2770,28.4731
2771,28.5373
2772,28.515
2773,28.4859
2774,28.6317
2775,28.461
2776,28.4969
2777,28.6145
2778,28.5482
2779,28.5367
2780,28.5747
2781,28.5953
2782,28.6383
2783,28.5566
2784,28.5002
2785,28.5441
2786,28.5819
2787,28.6346
2788,28.5409
2789,28.5288
2790,28.5236
2791,28.4194
2792,28.5032
2793,28.4825
2794,28.5516
2795,28.5988
2796,28.5681
2797,28.496
2798,28.5751
2799,28.5657
2800,28.5687
2801,28.4494
2802,28.5547
2803,28.5731
2804,28.5641
2805,28.4576
2806,28.6583
2807,28.551
2808,28.5305
2809,28.5244
2810,28.4753
2811,28.5036
2812,28.4983
2813,28.5294
2814,28.5487
2815,28.4493
2816,28.453
2817,28.409
2818,28.545
2819,28.5204
2820,28.5216
2821,28.5469
2822,28.4733
2823,28.5151
2824,28.398
2825,28.4779
2826,28.4037
2827,28.4839
2828,28.5363
2829,28.5927
2830,28.4593
2831,28.5356
2832,28.4223
2833,28.4313
2834,28.4934
2835,28.5058
2836,28.6393
2837,28.5898
2838,28.5946
2839,28.5686
2840,28.5015
2841,28.5265
2842,28.4293
2843,28.4876
2844,28.5368
2845,28.4833
2846,28.4164
2847,28.4776
2848,28.4451
2849,28.4348
2850,28.548
2851,28.4693
2852,28.5003
2853,28.5764
2854,28.5078
2855,28.5306
2856,28.5542
2857,28.5151
2858,28.5404
2859,28.5666
2860,28.6269
2861,28.5776
2862,28.676
2863,28.4657
2864,28.5028
2865,28.6163
2866,28.6147
2867,28.571
2868,28.646
2869,28.5655
2870,28.6262
2871,28.6638
2872,28.5823
2873,28.5918
2874,28.5902
2875,28.5357
2876,28.5662
2877,28.6128
2878,28.6171
2879,28.4144
2880,28.4994
2881,28.5576
2882,28.4258
2883,28.6008
2884,28.5704
2885,28.4874
2886,28.4235
2887,28.4271
2888,28.4873
2889,28.4947
2890,28.5476
2891,28.4628
2892,28.4527
2893,28.5076
2894,28.379
2895,28.4384
2896,28.3581
2897,28.4383
2898,28.5329
2899,28.3829
2900,28.4224
2901,28.438
2902,28.4587
2903,28.4181
2904,28.4504
2905,28.3611
2906,28.4875
2907,28.4783
2908,28.3603
2909,28.3773
2910,28.4483
2911,28.4459
2912,28.3784
2913,28.47
2914,28.4894
2915,28.5008
2916,28.4574
2917,28.5137
2918,28.5048
2919,28.4669
2920,28.4422
2921,28.5448
2922,28.4745
2923,28.4687
2924,28.4923
2925,28.5419
2926,28.4791
2927,28.5044
2928,28.4835
2929,28.5823
2930,28.5364
2931,28.5729
2932,28.4414
2933,28.4409
2934,28.4521
2935,28.3839
2936,28.4112
2937,28.3881
2938,28.4593
2939,28.4145
2940,28.463
2941,28.4574
2942,28.4166
2943,28.4661
2944,28.4618
2945,28.4582
2946,28.4126
2947,28.3995
2948,28.5002
2949,28.4443
2950,28.4791
2951,28.573
2952,28.49
2953,28.5237
2954,28.5597
2955,28.4384
2956,28.3548
2957,28.4309
2958,28.6058
2959,28.5696
2960,28.5826
2961,28.5295
2962,28.4033
2963,28.4392
2964,28.4451
2965,28.4274
2966,28.4203
2967,28.4091
2968,28.3082
2969,28.3957
2970,28.343
2971,28.385
2972,28.3353
2973,28.4063
2974,28.4403
2975,28.4818
2976,28.4757
2977,28.4667
2978,28.4216
2979,28.4337
2980,28.4921
2981,28.4664
2982,28.4473
2983,28.4387
2984,28.3512
2985,28.4108
2986,28.5
2987,28.3993
2988,28.4081
2989,28.5167
2990,28.5761
2991,28.5189
2992,28.4859
2993,28.4558
2994,28.4819
2995,28.4208
2996,28.4811
2997,28.4669
2998,28.4185
2999,28.3562
3000,28.5084
3001,28.4529
3002,28.4844
3003,28.4751
3004,28.4814
3005,28.3979
3006,28.4258
3007,28.403
3008,28.2842
3009,28.4349
3010,28.3825
3011,28.3368
3012,28.3763
3013,28.4289
3014,28.4584
3015,28.4412
3016,28.3779
3017,28.3955
3018,28.326
3019,28.2333
3020,28.2716
3021,28.2149
3022,28.2562
3023,28.3238
3024,28.2701
3025,28.3203
3026,28.2506
3027,28.333
3028,28.3592
3029,28.2931
3030,28.3588
3031,28.3129
3032,28.2662
3033,28.2428
3034,28.3232
3035,28.3744
3036,28.3557
3037,28.2206
3038,28.1752
3039,28.1878
3040,28.1218
3041,28.2234
3042,28.1879
3043,28.2339
3044,28.2065
3045,28.1628
3046,28.1305
3047,28.1276
3048,28.225
3049,28.2159
3050,28.1708
3051,28.3101
3052,28.2154
3053,28.1624
3054,28.2559
3055,28.248
3056,28.252
3057,28.2146
3058,28.199
3059,28.3367
3060,28.2781
3061,28.1935
3062,28.1864
3063,28.2936
3064,28.3312
3065,28.2685
3066,28.3365
3067,28.2735
3068,28.3196
3069,28.3132
3070,28.1809
3071,28.1426
3072,28.2943
3073,28.2107
3074,28.3253
3075,28.2066
3076,28.2599
3077,28.2946
3078,28.3553
3079,28.4016
3080,28.3056
3081,28.3355
3082,28.3912
3083,28.3769
3084,28.3825
3085,28.2582
3086,28.4215
3087,28.3895
3088,28.3416
3089,28.4332
3090,28.3372
3091,28.3776
3092,28.4102
3093,28.3502
3094,28.3654
3095,28.4053
3096,28.4927
3097,28.4457
3098,28.3855
3099,28.3562
3100,28.4292
3101,28.3655
3102,28.4343
3103,28.3026
3104,28.3438
3105,28.2781
3106,28.3526
3107,28.2656
3108,28.2323
3109,28.2228
3110,28.3344
3111,28.3021
3112,28.2058
3113,28.3167
3114,28.3303
3115,28.4122
3116,28.2993
3117,28.3295
3118,28.4638
3119,28.2967
3120,28.3424
3121,28.2874
3122,28.2588
3123,28.2606
3124,28.2537
3125,28.1812
3126,28.1407
3127,28.1114
3128,28.1207
3129,28.0752
3130,28.1723
3131,28.29
3132,28.1712
3133,28.1174
3134,28.2314
3135,28.2625
3136,28.2428
3137,28.2816
3138,28.1859
3139,28.2119
3140,28.2081
3141,28.1798
3142,28.1569
3143,28.1628
3144,28.1948
3145,28.1174
3146,28.1505
3147,28.2521
3148,28.1928
3149,28.201
3150,28.2553
3151,28.1747
3152,28.2384
3153,28.1495
3154,28.2518
3155,28.325
3156,28.2928
3157,28.3131
3158,28.2142
3159,28.2196
3160,28.2355
3161,28.2805
3162,28.3211
3163,28.2667
3164,28.3003
3165,28.2209
3166,28.1807
3167,28.2629
3168,28.2854
3169,28.3282
3170,28.2429
3171,28.295
3172,28.2852
3173,28.1468
3174,28.2253
3175,28.2504
3176,28.1985
3177,28.2202
3178,28.3147
3179,28.2588
3180,28.256
3181,28.1656
3182,28.2082
3183,28.2664
3184,28.3122
3185,28.4064
3186,28.1876
3187,28.257
3188,28.2633
3189,28.2995
3190,28.2258
3191,28.1496
3192,28.207
3193,28.0885
3194,28.1637
3195,28.1186
3196,28.1813
3197,28.1904
3198,28.1579
3199,28.2344
3200,28.1555
3201,28.1592
3202,28.2074
3203,28.0726
3204,28.2458
3205,28.157
3206,28.2107
3207,28.2071
3208,28.2505
3209,28.2451
3210,28.1852
3211,28.3009
3212,28.2809
3213,28.334
3214,28.2174
3215,28.2979
3216,28.3672
3217,28.2749
3218,28.232
3219,28.1532
3220,28.196
3221,28.2848
3222,28.2633
3223,28.2182
3224,28.331
3225,28.3425
3226,28.3802
3227,28.2981
3228,28.4419
3229,28.4352
3230,28.2788
3231,28.3031
3232,28.3332
3233,28.3032
3234,28.3743
3235,28.3594
3236,28.3887
3237,28.3865
3238,28.1679
3239,28.3263
3240,28.2981
3241,28.2346
3242,28.274
3243,28.2134
3244,28.4141
3245,28.3092
3246,28.2791
3247,28.3511
3248,28.1581
3249,28.2485
3250,28.2993
3251,28.2209
3252,28.3029
3253,28.1277
3254,28.2153
3255,28.367
3256,28.3252
3257,28.343
3258,28.3642
3259,28.2784
3260,28.2488
3261,28.3183
3262,28.3377
3263,28.3249
3264,28.3515
3265,28.3127
3266,28.2723
3267,28.1666
3268,28.2912
3269,28.271
3270,28.311
3271,28.2595
3272,28.1851
3273,28.1769
3274,28.2297
3275,28.2436
3276,28.2769
3277,28.2258
3278,28.3882
3279,28.2827
3280,28.3439
3281,28.3736
3282,28.3461
3283,28.2158
3284,28.1843
3285,28.3168
3286,28.2809
3287,28.348
3288,28.3674
3289,28.4244
3290,28.3552
3291,28.4536
3292,28.3868
3293,28.3569
3294,28.2524
3295,28.4249
3296,28.362
3297,28.2258
3298,28.2771
3299,28.2583
3300,28.2475
3301,28.3048
3302,28.2671
3303,28.3445
3304,28.3273
3305,28.3505
3306,28.4365
3307,28.4245
3308,28.3929
3309,28.3716
3310,28.1717
3311,28.1713
3312,28.2457
3313,28.2398
3314,28.2845
3315,28.2973
3316,28.3079
3317,28.324
3318,28.2571
3319,28.2753
3320,28.3044
3321,28.2612
3322,28.2248
3323,28.3197
3324,28.2087
3325,28.2388
3326,28.2477
3327,28.2729
3328,28.2801
3329,28.2684
3330,28.2035
3331,28.2452
3332,28.254
3333,28.2433
3334,28.225
3335,28.2826
3336,28.2257
3337,28.2897
3338,28.2579
3339,28.2982
3340,28.2843
3341,28.228
3342,28.3498
3343,28.31
3344,28.3457
3345,28.3182
3346,28.3156
3347,28.3263
3348,28.279
3349,28.3173
3350,28.2569
3351,28.3022
3352,28.4289
3353,28.3719
3354,28.355
3355,28.2817
3356,28.2695
3357,28.3472
3358,28.3403
3359,28.3301
3360,28.1777
3361,28.3313
3362,28.3796
3363,28.3829
3364,28.4428
3365,28.2736
3366,28.3597
3367,28.3
3368,28.4085
3369,28.368
3370,28.3867
3371,28.3347
3372,28.3431
3373,28.323
3374,28.2667
3375,28.2383
3376,28.3042
3377,28.3211
3378,28.3166
3379,28.2937
3380,28.2848
3381,28.4536
3382,28.4198
3383,28.3593
3384,28.4933
3385,28.3288
3386,28.3372
3387,28.3829
3388,28.4184
3389,28.3549
3390,28.3396
3391,28.3734
3392,28.3885
3393,28.4013
3394,28.5374
3395,28.4601
3396,28.4494
3397,28.51
3398,28.3838
3399,28.4742
3400,28.4224
3401,28.3595
3402,28.2718
3403,28.3437
3404,28.3577
3405,28.2855
3406,28.2958
3407,28.42
3408,28.4793
3409,28.387
3410,28.465
3411,28.4226
3412,28.4572
3413,28.4029
3414,28.3164
3415,28.4188
3416,28.3737
3417,28.3556
3418,28.4583
3419,28.4656
3420,28.3307
3421,28.3604
3422,28.3408
3423,28.4217
3424,28.4287
3425,28.3629
3426,28.3769
3427,28.2446
3428,28.3761
3429,28.286
3430,28.3663
3431,28.4026
3432,28.3696
3433,28.3443
3434,28.3288
3435,28.4041
3436,28.428
3437,28.3863
3438,28.4715
3439,28.3457
3440,28.4043
3441,28.3637
3442,28.5304
3443,28.444
3444,28.4454
3445,28.3691
3446,28.4056
3447,28.4595
3448,28.4201
3449,28.4954
3450,28.4326
3451,28.4974
3452,28.486
3453,28.4106
3454,28.5159
3455,28.4268
3456,28.3589
3457,28.4214
3458,28.394
3459,28.4342
3460,28.5737
3461,28.5167
3462,28.6069
3463,28.4846
3464,28.4982
3465,28.7077
3466,28.6337
3467,28.6195
3468,28.5801
3469,28.5588
3470,28.4569
3471,28.4349
3472,28.478
3473,28.3253
3474,28.4502
3475,28.4032
3476,28.5294
3477,28.4942
3478,28.5027
3479,28.4826
3480,28.5556
3481,28.4433
3482,28.4119
3483,28.5069
3484,28.4146
3485,28.355
3486,28.3839
3487,28.4135
3488,28.4098
3489,28.5015
3490,28.4961
3491,28.4928
3492,28.5023
3493,28.5078
3494,28.431
3495,28.5082
3496,28.5613
3497,28.3823
3498,28.4623
3499,28.4799
3500,28.4586
3501,28.3644
3502,28.4504
3503,28.494
3504,28.4041
3505,28.5027
3506,28.4684
3507,28.4862
3508,28.4823
3509,28.4172
3510,28.4964
3511,28.4421
3512,28.4508
3513,28.4493
3514,28.6287
3515,28.582
3516,28.6456
3517,28.4936
3518,28.503
3519,28.5701
3520,28.5431
3521,28.5587
3522,28.6318
3523,28.5686
3524,28.4912
3525,28.4881
3526,28.5895
3527,28.6271
3528,28.5821
3529,28.5699
3530,28.5819
3531,28.6374
3532,28.5731
3533,28.5804
3534,28.4978
3535,28.537
3536,28.3921
3537,28.3291
3538,28.4268
3539,28.5085
3540,28.4748
3541,28.5539
3542,28.578
3543,28.5803
3544,28.5445
3545,28.3936
3546,28.5722
3547,28.4687
3548,28.4924
3549,28.593
3550,28.5274
3551,28.5321
3552,28.447
3553,28.5748
3554,28.5819
3555,28.5655
3556,28.6028
3557,28.5241
3558,28.5451
3559,28.5606
3560,28.5984
3561,28.5382
3562,28.6892
3563,28.6033
3564,28.5271
3565,28.5377
3566,28.462
3567,28.6466
3568,28.5789
3569,28.5708
3570,28.5451
3571,28.5479
3572,28.3711
3573,28.4748
3574,28.6115
3575,28.5251
3576,28.5565
3577,28.5634
3578,28.5338
3579,28.5589
3580,28.4862
3581,28.5366
3582,28.5846
3583,28.5173
3584,28.5329
3585,28.5704
3586,28.4682
3587,28.4805
3588,28.5045
3589,28.4935
3590,28.529
3591,28.538
3592,28.5562
3593,28.6183
3594,28.6274
3595,28.6255
3596,28.6258
3597,28.6338
3598,28.6447
3599,28.4994
3600,28.5926
3601,28.7524
3602,28.6152
3603,28.5898
3604,28.423
3605,28.5854
3606,28.7011
3607,28.5697
3608,28.5707
3609,28.5943
3610,28.5731
3611,28.4938
3612,28.4786
3613,28.5064
3614,28.5926
3615,28.5318
3616,28.5919
3617,28.5435
3618,28.6641
3619,28.5326
3620,28.5293
3621,28.6218
3622,28.5381
3623,28.5248
3624,28.603
3625,28.4987
3626,28.4426
3627,28.5389
3628,28.5677
3629,28.6348
3630,28.5514
3631,28.6399
3632,28.5633
3633,28.4721
3634,28.4016
3635,28.4357
3636,28.46
3637,28.5504
3638,28.3842
3639,28.4693
3640,28.4505
3641,28.4254
3642,28.3688
3643,28.401
3644,28.3789
3645,28.3604
3646,28.4883
3647,28.404
3648,28.2894
3649,28.3322
3650,28.3588
3651,28.3636
3652,28.4267
3653,28.3262
3654,28.4282
3655,28.4256
3656,28.432
3657,28.4352
3658,28.4663
3659,28.482
3660,28.5018
3661,28.4892
3662,28.4046
3663,28.2433
3664,28.4116
3665,28.3849
3666,28.4406
3667,28.4179
3668,28.3784
3669,28.3888
3670,28.4578
3671,28.4399
3672,28.4995
3673,28.4276
3674,28.533
3675,28.5895
3676,28.6232
3677,28.5862
3678,28.4776
3679,28.4168
3680,28.4158
3681,28.3428
3682,28.3963
3683,28.5193
3684,28.4811
3685,28.5389
3686,28.4971
3687,28.4608
3688,28.4259
3689,28.4577
3690,28.4496
3691,28.5683
3692,28.4846
3693,28.4198
3694,28.48
3695,28.5116
3696,28.4154
3697,28.5743
3698,28.4801
3699,28.386
3700,28.4993
3701,28.5263
3702,28.5672
3703,28.4519
3704,28.5504
3705,28.5788
3706,28.4706
3707,28.4646
3708,28.5341
3709,28.3562
3710,28.3195
3711,28.409
3712,28.4051
3713,28.4146
3714,28.3296
3715,28.4018
3716,28.3322
3717,28.4278
3718,28.3951
3719,28.4617
3720,28.4683
3721,28.4244
3722,28.4263
3723,28.3769
3724,28.3985
3725,28.4506
3726,28.4628
3727,28.3967
3728,28.4988
3729,28.456
3730,28.43
3731,28.506
3732,28.4303
3733,28.4188
3734,28.5219
3735,28.5095
3736,28.4352
3737,28.3971
3738,28.3646
3739,28.4969
3740,28.4755
3741,28.5232
3742,28.4608
3743,28.4103
3744,28.4981
3745,28.5083
3746,28.4531
3747,28.4162
3748,28.506
3749,28.4766
3750,28.5105
3751,28.4683
3752,28.4437
3753,28.3639
3754,28.4617
3755,28.3856
3756,28.3844
3757,28.3459
3758,28.4692
3759,28.4843
3760,28.3654
3761,28.2975
3762,28.355
3763,28.3025
3764,28.2788
3765,28.2811
3766,28.4581
3767,28.4291
3768,28.4686
3769,28.4013
3770,28.4036
3771,28.4875
3772,28.4235
3773,28.4022
3774,28.4446
3775,28.3118
3776,28.4281
3777,28.5021
3778,28.4599
3779,28.5781
3780,28.5151
3781,28.5192
3782,28.4966
3783,28.4369
3784,28.3618
3785,28.3999
3786,28.4374
3787,28.5147
3788,28.4889
3789,28.3615
3790,28.4551
3791,28.3639
3792,28.4048
3793,28.4268
3794,28.4283
3795,28.4608
3796,28.5352
3797,28.5373
3798,28.4349
3799,28.3298
3800,28.4449
3801,28.3991
3802,28.4692
3803,28.481
3804,28.4606
3805,28.4224
3806,28.5061
3807,28.4002
3808,28.3764
3809,28.3365
3810,28.3734
3811,28.3196
3812,28.3093
3813,28.2986
3814,28.3333
3815,28.2688
3816,28.2257
3817,28.2698
3818,28.2707
3819,28.2109
3820,28.3093
3821,28.3928
3822,28.4373
3823,28.4561
3824,28.3168
3825,28.3769
3826,28.36
3827,28.3928
3828,28.3655
3829,28.5219
3830,28.4728
3831,28.5961
3832,28.4889
3833,28.5406
3834,28.371
3835,28.3879
3836,28.4262
3837,28.4537
3838,28.4356
3839,28.5283
3840,28.4448
3841,28.3995
3842,28.4661
3843,28.4445
3844,28.5505
3845,28.5337
3846,28.5187
3847,28.5481
3848,28.4464
3849,28.4956
3850,28.4471
3851,28.4579
3852,28.5134
3853,28.406
3854,28.5974
3855,28.6431
3856,28.5468
3857,28.5353
3858,28.4868
3859,28.491
3860,28.4717
3861,28.5235
3862,28.4478
3863,28.5049
3864,28.4769
3865,28.5566
3866,28.578
3867,28.7333
3868,28.4789
3869,28.484
3870,28.5588
3871,28.4464
3872,28.4623
3873,28.4734
3874,28.4428
3875,28.3757
3876,28.4008
3877,28.4355
3878,28.3795
3879,28.4167
3880,28.4258
3881,28.4322
3882,28.5003
3883,28.539
3884,28.5093
3885,28.4807
3886,28.5502
3887,28.4827
3888,28.4427
3889,28.3665
3890,28.3763
3891,28.3994
3892,28.4848
3893,28.4292
3894,28.3119
3895,28.3514
3896,28.3367
3897,28.3067
3898,28.264
3899,28.2579
3900,28.3925
3901,28.3561
3902,28.4134
3903,28.4174
3904,28.4885
3905,28.4693
3906,28.3501
3907,28.4811
3908,28.4544
3909,28.4645
3910,28.4229
3911,28.4066
3912,28.3802
3913,28.3692
3914,28.3475
3915,28.2809
3916,28.326
3917,28.415
3918,28.3613
3919,28.3153
3920,28.2206
3921,28.2656
3922,28.249
3923,28.2655
3924,28.2972
3925,28.3297
3926,28.37
3927,28.2166
3928,28.3589
3929,28.2986
3930,28.384
3931,28.3321
3932,28.2761
3933,28.2214
3934,28.2813
3935,28.2284
3936,28.139
3937,28.1099
3938,28.185
3939,28.207
3940,28.2295
3941,28.3026
3942,28.2337
3943,28.3128
3944,28.2269
3945,28.2069
3946,28.2884
3947,28.2259
3948,28.3914
3949,28.3831
3950,28.3945
3951,28.4168
3952,28.419
3953,28.3883
3954,28.4842
3955,28.4263
3956,28.5307
3957,28.5545
3958,28.4968
3959,28.4051
3960,28.5053
3961,28.4775
3962,28.4296
3963,28.429
3964,28.3246
3965,28.4065
3966,28.3385
3967,28.3518
3968,28.3911
3969,28.4362
3970,28.2789
3971,28.2784
3972,28.2941
3973,28.3112
3974,28.3536
3975,28.4593
3976,28.3201
3977,28.3437
3978,28.2994
3979,28.4492
3980,28.3592
3981,28.3375
3982,28.5088
3983,28.4599
3984,28.4192
3985,28.4033
3986,28.4076
3987,28.3072
3988,28.34
3989,28.3648
3990,28.4869
3991,28.4362
3992,28.5252
3993,28.3941
3994,28.3724
3995,28.4757
3996,28.3839
3997,28.3996
3998,28.391
3999,28.3682
4000,28.3626
4001,28.3049
4002,28.3327
4003,28.3863
4004,28.3509
4005,28.2849
4006,28.4369
4007,28.5173
4008,28.4001
4009,28.5342
4010,28.4762
4011,28.4665
4012,28.3447
4013,28.2832
4014,28.2962
4015,28.3222
4016,28.3372
4017,28.2477
4018,28.3712
4019,28.2241
4020,28.2107
4021,28.1398
4022,28.1669
4023,28.2829
4024,28.1894
4025,28.1481
4026,28.2707
4027,28.1772
4028,28.2843
4029,28.2783
4030,28.2306
4031,28.1945
4032,28.1938
4033,28.2008
4034,28.2085
4035,28.2159
4036,28.1988
4037,28.1888
4038,28.0917
4039,28.0522
4040,28.2069
4041,28.2528
4042,28.1715
4043,28.0599
4044,28.2689
4045,28.1657
4046,28.1784
4047,28.1095
4048,28.0978
4049,28.1434
4050,28.1367
4051,28.0749
4052,28.1093
4053,28.0588
4054,28.0655
4055,28.018
4056,27.9891
4057,28.035
4058,28.109
4059,28.1563
4060,28.1832
4061,28.2129
4062,28.0426
4063,28.1212
4064,28.0123
4065,28.1634
4066,28.2151
4067,28.1666
4068,28.1118
4069,28.0291
4070,28.0881
4071,28.1738
4072,28.0928
4073,28.0856
4074,28.0267
4075,28.0653
4076,28.1108
4077,28.1272
4078,28.1628
4079,28.1189
4080,28.1486
4081,28.0787
4082,28.0653
4083,28.1512
4084,28.0396
4085,28.0972
4086,28.1628
4087,28.1482
4088,28.1107
4089,28.1354
4090,28.1609
4091,28.2094
4092,28.1069
4093,28.0042
4094,28.0253
4095,27.9183
4096,27.9622
4097,28.0969
4098,28.0835
4099,28.1069
4100,28.0276
4101,28.0673
4102,28.1313
4103,28.0399
4104,28.1681
4105,28.1145
4106,28.1255
4107,28.0107
4108,28.0163
4109,27.9979
4110,28.0313
4111,28.0664
4112,28.0568
4113,27.9968
4114,28.0139
4115,28.0657
4116,28.0279
4117,28.0584
4118,28.0178
4119,28.0473
4120,28.1031
4121,28.0443
4122,28.0551
4123,28.0697
4124,28.1126
4125,28.1495
4126,28.2241
4127,28.2594
4128,28.1104
4129,28.1234
4130,28.1384
4131,27.979
4132,28.1752
4133,28.1382
4134,28.1699
4135,28.1522
4136,28.1309
4137,28.0907
4138,28.0586
4139,28.1931
4140,28.0803
4141,28.0111
4142,28.0797
4143,28.1259
4144,28.1424
4145,28.0447
4146,28.186
4147,28.263
4148,28.2682
4149,28.1978
4150,28.2599
4151,28.1609
4152,28.2114
4153,28.1941
4154,28.0956
4155,28.2035
4156,28.0804
4157,28.1015
4158,28.1619
4159,28.0849
4160,28.0964
4161,28.13
4162,28.0886
4163,28.0527
4164,28.0301
4165,28.0141
4166,28.0593
4167,28.0019
4168,27.9924
4169,27.9919
4170,28.0321
4171,28.1557
4172,28.2823
4173,28.0912
4174,28.1936
4175,28.1531
4176,28.1755
4177,28.123
4178,28.191
4179,28.1556
4180,28.2021
4181,28.1734
4182,28.1748
4183,28.2127
4184,28.1896
4185,28.2012
4186,28.1485
4187,28.1475
4188,28.2027
4189,28.0926
4190,28.2509
4191,28.2433
4192,28.3425
4193,28.3687
4194,28.2581
4195,28.3634
4196,28.3049
4197,28.2612
4198,28.3715
4199,28.2557
4200,28.4158
4201,28.3111
4202,28.2481
4203,28.1843
4204,28.211
4205,28.1551
4206,28.3048
4207,28.2608
4208,28.223
4209,28.2088
4210,28.1841
4211,28.2431
4212,28.2374
4213,28.2786
4214,28.2322
4215,28.2079
4216,28.2634
4217,28.3145
4218,28.3572
4219,28.4905
4220,28.4639
4221,28.425
4222,28.3717
4223,28.523
4224,28.5187
4225,28.3062
4226,28.3994
4227,28.2711
4228,28.2884
4229,28.2461
4230,28.2003
4231,28.3278
4232,28.2978
4233,28.2152
4234,28.2622
4235,28.1645
4236,28.2755
4237,28.2099
4238,28.1563
4239,28.1809
4240,28.1275
4241,28.0817
4242,28.155
4243,28.1052
4244,28.0552
4245,28.0937
4246,28.1131
4247,28.0974
4248,28.1178
4249,27.9364
4250,28.022
4251,28.1131
4252,28.0497
4253,27.9984
4254,28.0111
4255,28.0728
4256,27.9959
4257,28.1456
4258,28.1025
4259,28.0477
4260,28.1423
4261,28.1854
4262,28.2054
4263,28.1104
4264,28.1307
4265,28.0654
4266,28.1245
4267,28.1741
4268,28.1189
4269,28.2312
4270,28.2091
4271,28.2275
4272,28.1493
4273,28.2356
4274,28.2798
4275,28.3027
4276,28.2936
4277,28.3794
4278,28.2453
4279,28.3126
4280,28.2295
4281,28.1358
4282,28.2482
4283,28.1178
4284,28.1349
4285,28.138
4286,28.1673
4287,28.0646
4288,28.0409
4289,28.0907
4290,28.1747
4291,28.083
4292,28.0949
4293,28.0002
4294,28.052
4295,28.0678
4296,28.0457
4297,28.0456
4298,28.038
4299,27.9202
4300,27.9672
4301,28.0304
4302,28.1637
4303,28.1216
4304,28.0572
4305,28.2287
4306,28.0315
4307,28.1377
4308,28.2042
4309,28.1652
4310,28.1646
4311,28.1989
4312,28.2427
4313,28.2762
4314,28.1475
4315,28.2108
4316,28.2808
4317,28.2471
4318,28.1997
4319,28.209
4320,28.1285
4321,28.3006
4322,28.1588
4323,28.3159
4324,28.1798
4325,28.1772
4326,28.0946
4327,28.169
4328,28.2562
4329,28.1287
4330,28.1747
4331,28.1218
4332,28.2424
4333,28.1746
4334,28.207
4335,28.2068
4336,28.2341
4337,28.1691
4338,28.1968
4339,28.1424
4340,28.2364
4341,28.2421
4342,28.2373
4343,28.2882
4344,28.2973
4345,28.1967
4346,28.2433
4347,28.2636
4348,28.268
4349,28.2388
4350,28.1841
4351,28.2915
4352,28.2972
4353,28.2797
4354,28.2997
4355,28.2657
4356,28.284
4357,28.2068
4358,28.2714
4359,28.3072
4360,28.2583
4361,28.1062
4362,28.1266
4363,28.1381
4364,28.2792
4365,28.2079
4366,28.2232
4367,28.202
4368,28.2243
4369,28.0881
4370,28.1682
4371,28.1125
4372,28.1238
4373,28.2725
4374,28.1687
4375,28.2458
4376,28.266
4377,28.1125
4378,28.0843
4379,28.2333
4380,28.2593
4381,28.3287
4382,28.217
4383,28.2487
4384,28.37
4385,28.2086
4386,28.2619
4387,28.3529
4388,28.2249
4389,28.2138
4390,28.2159
4391,28.1108
4392,28.1205
4393,28.192
4394,28.1366
4395,28.1673
4396,28.1671
4397,28.1657
4398,28.1376
4399,28.0488
4400,28.1887
4401,28.1791
4402,28.1192
4403,28.3118
4404,28.2581
4405,28.181
4406,28.1386
4407,28.1366
4408,28.2711
4409,28.1856
4410,28.1993
4411,28.1738
4412,28.1896
4413,28.1607
4414,28.2056
4415,28.2181
4416,28.1105
4417,28.1994
4418,28.1912
4419,28.2436
4420,28.1297
4421,28.1453
4422,28.1448
4423,28.2633
4424,28.1647
4425,28.1634
4426,28.1841
4427,28.0981
4428,28.1755
4429,28.2255
4430,28.2074
4431,28.1527
4432,28.1425
4433,28.1522
4434,28.2696
4435,28.3116
4436,28.4892
4437,28.3922
4438,28.3523
4439,28.1589
4440,28.2486
4441,28.2229
4442,28.163
4443,28.1507
4444,28.1375
4445,28.1748
4446,28.3157
4447,28.3533
4448,28.3138
4449,28.3298
4450,28.1601
4451,28.2638
4452,28.2763
4453,28.3025
4454,28.2556
4455,28.139
4456,28.1083
4457,28.0125
4458,28.0191
4459,28.1298
4460,28.1675
4461,28.1724
4462,28.0522
4463,28.0597
4464,28.0184
4465,28.0231
4466,28.1392
4467,28.1009
4468,28.0694
4469,28.0355
4470,28.0891
4471,28.2472
4472,28.3191
4473,28.2398
4474,28.2442
4475,28.2177
4476,28.1213
4477,28.1756
4478,28.2378
4479,28.1462
4480,28.1766
4481,28.1947
4482,28.0842
4483,28.1734
4484,28.168
4485,28.3293
4486,28.3294
4487,28.3738
4488,28.3769
4489,28.4318
4490,28.2973
4491,28.3581
4492,28.2782
4493,28.4357
4494,28.4197
4495,28.3309
4496,28.3388
4497,28.3047
4498,28.3008
4499,28.3298
4500,28.2986
4501,28.4175
4502,28.2996
4503,28.4373
4504,28.2945
4505,28.3485
4506,28.3934
4507,28.2386
4508,28.253
4509,28.2687
4510,28.1562
4511,28.2167
4512,28.2107
4513,28.1734
4514,28.1421
4515,28.1747
4516,28.3503
4517,28.2298
4518,28.2413
4519,28.2328
4520,28.1815
4521,28.0873
4522,28.076
4523,28.0668
4524,28.041
4525,28.055
4526,28.0936
4527,28.1266
4528,28.1968
4529,28.1745
4530,28.1439
4531,28.0762
4532,28.027
4533,28.1517
4534,28.18
4535,28.1486
4536,28.2121
4537,28.2317
4538,28.2558
4539,28.1442
4540,28.2153
4541,28.1222
4542,28.1197
4543,28.1746
4544,28.0835
4545,28.1245
4546,28.0482
4547,28.0321
4548,28.1815
4549,28.1301
4550,28.1657
4551,28.203
4552,28.1568
4553,28.1632
4554,28.1525
4555,28.2085
4556,28.2525
4557,28.2118
4558,28.1581
4559,28.385
4560,28.2054
4561,28.2454
4562,28.2447
4563,28.2769
4564,28.2437
4565,28.2624
4566,28.2356
4567,28.2479
4568,28.3521
4569,28.374
4570,28.4069
4571,28.3689
4572,28.2485
4573,28.2171
4574,28.2778
4575,28.3768
4576,28.2723
4577,28.3478
4578,28.3941
4579,28.3267
4580,28.4102
4581,28.3505
4582,28.3862
4583,28.3884
4584,28.36
4585,28.3242
4586,28.3696
4587,28.2001
4588,28.24
4589,28.1716
4590,28.2049
4591,28.1599
4592,28.1271
4593,28.212
4594,28.2593
4595,28.2533
4596,28.2947
4597,28.3161
4598,28.279
4599,28.2604
4600,28.2342
4601,28.3013
4602,28.1713
4603,28.1618
4604,28.2791
4605,28.3108
4606,28.3491
4607,28.3522
4608,28.3767
4609,28.3083
4610,28.2443
4611,28.2309
4612,28.3295
4613,28.2657
4614,28.1693
4615,28.2197
4616,28.3226
4617,28.3986
4618,28.388
4619,28.2579
4620,28.2524
4621,28.2554
4622,28.2822
4623,28.2984
4624,28.3043
4625,28.3751
4626,28.2702
4627,28.2829
4628,28.2818
4629,28.1613
4630,28.1713
4631,28.3205
4632,28.2682
4633,28.4075
4634,28.3758
4635,28.2345
4636,28.239
4637,28.2566
4638,28.1956
4639,28.0988
4640,28.1515
4641,28.1725
4642,28.3018
4643,28.3949
4644,28.2902
4645,28.2781
4646,28.3302
4647,28.3419
4648,28.3972
4649,28.3151
4650,28.3204
4651,28.337
4652,28.322
4653,28.2791
4654,28.302
4655,28.3121
4656,28.2837
4657,28.3226
4658,28.2749
4659,28.3395
4660,28.2823
4661,28.3027
4662,28.3894
4663,28.3592
4664,28.2965
4665,28.2414
4666,28.3672
4667,28.349
4668,28.3589
4669,28.3657
4670,28.3929
4671,28.3973
4672,28.3861
4673,28.3399
4674,28.3287
4675,28.3977
4676,28.3477
4677,28.3912
4678,28.3741
4679,28.3808
4680,28.2973
4681,28.35
4682,28.5132
4683,28.4294
4684,28.4098
4685,28.4239
4686,28.3917
4687,28.489
4688,28.4995
4689,28.4602
4690,28.4184
4691,28.4848
4692,28.4515
4693,28.4939
4694,28.4086
4695,28.4621
4696,28.5163
4697,28.3701
4698,28.3724
4699,28.4441
4700,28.6086
4701,28.559
4702,28.5376
4703,28.5526
4704,28.5831
4705,28.6004
4706,28.5331
4707,28.622
4708,28.6137
4709,28.5291
4710,28.6425
4711,28.6628
4712,28.5509
4713,28.6351
4714,28.5891
4715,28.5858
4716,28.6122
4717,28.4993
4718,28.4807
4719,28.4828
4720,28.4997
4721,28.4576
4722,28.5343
4723,28.3716
4724,28.3593
4725,28.413
4726,28.4853
4727,28.5003
4728,28.4491
4729,28.656
4730,28.7004
4731,28.605
4732,28.4217
4733,28.4245
4734,28.4629
4735,28.4408
4736,28.4923
4737,28.4053
4738,28.4773
4739,28.3794
4740,28.4138
4741,28.3962
4742,28.3259
4743,28.5015
4744,28.5481
4745,28.419
4746,28.4424
4747,28.4441
4748,28.5737
4749,28.4593
4750,28.58
4751,28.4694
4752,28.4508
4753,28.4458
4754,28.5879
4755,28.5723
4756,28.5189
4757,28.5535
4758,28.6153
4759,28.5102
4760,28.6188
4761,28.5271
4762,28.5969
4763,28.6777
4764,28.7125
4765,28.6616
4766,28.6099
4767,28.6617
4768,28.6135
4769,28.655
4770,28.6222
4771,28.7649
4772,28.7209
4773,28.7297
4774,28.7233
4775,28.8133
4776,28.7292
4777,28.6212
4778,28.7416
4779,28.6772
4780,28.6827
4781,28.711
4782,28.7852
4783,28.6989
4784,28.6534
4785,28.5912
4786,28.6546
4787,28.6346
4788,28.6779
4789,28.7336
4790,28.5523
4791,28.5874
4792,28.6933
4793,28.628
4794,28.682
4795,28.7985
4796,28.6309
4797,28.605
4798,28.5806
4799,28.6657
4800,28.718
4801,28.6637
4802,28.7132
4803,28.6527
4804,28.7737
4805,28.7964
4806,28.6928
4807,28.6918
4808,28.7955
4809,28.8425
4810,28.8672
4811,28.8068
4812,28.6586
4813,28.7114
4814,28.6573
4815,28.6904
4816,28.6873
4817,28.5824
4818,28.5255
4819,28.641
4820,28.5193
4821,28.482
4822,28.5061
4823,28.4363
4824,28.497
4825,28.5751
4826,28.6582
4827,28.6403
4828,28.6501
4829,28.68
4830,28.6685
4831,28.6759
4832,28.6554
4833,28.6184
4834,28.7781
4835,28.7314
4836,28.6946
4837,28.6058
4838,28.567
4839,28.5617
4840,28.6201
4841,28.6227
4842,28.6867
4843,28.658
4844,28.5274
4845,28.4798
4846,28.595
4847,28.5704
4848,28.6886
4849,28.8015
4850,28.826
4851,28.7173
4852,28.7495
4853,28.6938
4854,28.7538
4855,28.6065
4856,28.6143
4857,28.6949
4858,28.6034
4859,28.5965
4860,28.6265
4861,28.6903
4862,28.6825
4863,28.6435
4864,28.6683
4865,28.7008
4866,28.6125
4867,28.6123
4868,28.6069
4869,28.5792
4870,28.5984
4871,28.5301
4872,28.6484
4873,28.6564
4874,28.6581
4875,28.5974
4876,28.6548
4877,28.6538
4878,28.6311
4879,28.67
4880,28.6372
4881,28.6169
4882,28.6145
4883,28.4721
4884,28.6495
4885,28.5955
4886,28.5979
4887,28.5167
4888,28.5485
4889,28.4567
4890,28.4437
4891,28.3934
4892,28.4807
4893,28.4897
4894,28.626
4895,28.6277
4896,28.6363
4897,28.6569
4898,28.63
4899,28.6854
4900,28.5657
4901,28.662
4902,28.7083
4903,28.6642
4904,28.6165
4905,28.5946
4906,28.5838
4907,28.6224
4908,28.5838
4909,28.6588
4910,28.6921
4911,28.7433
4912,28.8227
4913,28.9215
4914,28.8716
4915,28.865
4916,28.7963
4917,28.8517
4918,28.8574
4919,28.8229
4920,28.8082
4921,28.8476
4922,29.0021
4923,29.1369
4924,29.1681
4925,29.0123
4926,28.9435
4927,28.9598
4928,29.0038
4929,29.1199
4930,29.0331
4931,29.1018
4932,29.2622
4933,29.3024
4934,29.2961
4935,29.3336
4936,29.2103
4937,29.2073
4938,29.1701
4939,29.3593
4940,29.336
4941,29.2686
4942,29.2074
4943,29.3743
4944,29.2713
4945,29.1742
4946,28.9779
4947,29.0801
4948,29.0334
4949,29.0055
4950,28.8965
4951,29.03
4952,29.0059
4953,29.0383
4954,29.1114
4955,29.1697
4956,29.1919
4957,29.2666
4958,29.3475
4959,29.3992
4960,29.3295
4961,29.41
4962,29.4897
4963,29.2825
4964,29.393
4965,29.2406
4966,29.2743
4967,29.2383
4968,29.1171
4969,28.978
4970,28.9628
4971,28.8401
4972,28.8752
4973,28.953
4974,28.741
4975,28.5817
4976,28.6193
4977,28.6993
4978,28.7073
4979,28.6162
4980,28.7604
4981,28.7467
4982,28.6521
4983,28.5649
4984,28.5676
4985,28.601
4986,28.6747
4987,28.6051
4988,28.7325
4989,28.7144
4990,28.7068
4991,28.6924
4992,28.6203
4993,28.5644
4994,28.5619
4995,28.4466
4996,28.442
4997,28.4641
4998,28.4706
4999,28.5697
5000,28.5521
5001,28.4877
5002,28.4864
5003,28.4939
5004,28.4239
5005,28.4727
5006,28.4904
5007,28.4086
5008,28.3462
5009,28.4742
5010,28.5533
5011,28.4384
5012,28.4819
5013,28.3226
5014,28.3081
5015,28.3168
5016,28.3451
5017,28.2512
5018,28.281
5019,28.4338
5020,28.4512
5021,28.4144
5022,28.476
5023,28.4366
5024,28.564
5025,28.492
5026,28.424
5027,28.4048
5028,28.3809
5029,28.3925
5030,28.4573
5031,28.3442
5032,28.3863
5033,28.2939
5034,28.2477
5035,28.275
5036,28.2579
5037,28.2285
5038,28.2875
5039,28.2483
5040,28.4326
5041,28.3549
5042,28.2592
5043,28.3635
5044,28.3922
5045,28.3303
5046,28.2635
5047,28.3513
5048,28.2712
5049,28.1715
5050,28.4304
5051,28.407
5052,28.4245
5053,28.2801
5054,28.2359
5055,28.1937
5056,28.0971
5057,28.1329
5058,28.1831
5059,28.2604
5060,28.3246
5061,28.2324
5062,28.2873
5063,28.2242
5064,28.3606
5065,28.1636
5066,28.2209
5067,28.2042
5068,28.0888
5069,28.1807
5070,28.1768
5071,28.0696
5072,28.2124
5073,28.2888
5074,28.1564
5075,28.1706
5076,28.177
5077,28.1764
5078,28.1966
5079,28.2482
5080,28.2073
5081,28.1291
5082,28.2501
5083,28.4299
5084,28.3454
5085,28.2943
5086,28.2557
5087,28.2033
5088,28.2025
5089,28.2872
5090,28.2368
5091,28.2418
5092,28.1844
5093,28.1715
5094,28.0455
5095,28.225
5096,28.1667
5097,28.1263
5098,28.1519
5099,28.0922
5100,28.1793
5101,28.1538
5102,28.1621
5103,28.223
5104,28.1899
5105,28.1187
5106,28.1571
5107,28.1106
5108,28.0635
5109,28.2132
5110,28.1404
5111,28.1681
5112,28.124
5113,28.0872
5114,28.2164
5115,28.0265
5116,28.0209
5117,28.0941
5118,28.0968
5119,28.0617
5120,28.0835
5121,28.0578
5122,28.1864
5123,28.3377
5124,28.2559
5125,28.2066
5126,28.2094
5127,28.1993
5128,28.0229
5129,28.1428
5130,28.11
5131,28.1603
5132,28.2175
5133,28.0862
5134,28.023
5135,28.1366
5136,28.1387
5137,28.0487
5138,28.0763
5139,28.1087
5140,28.1342
5141,28.0616
5142,28.1566
5143,28.1368
5144,28.183
5145,28.6848
5146,28.7258
5147,28.598
5148,28.3258
5149,28.5826
5150,28.5726
5151,28.1157
5152,28.5808
5153,28.0743
5154,28.5194
5155,28.1135
5156,28.1751
5157,28.6783
5158,28.8124
5159,28.6832
5160,28.2394
5161,28.6906
5162,28.6845
5163,28.615
5164,28.2035
5165,28.5638
5166,28.6305
5167,28.591
5168,28.5946
5169,28.6666
5170,28.6381
5171,28.5629
5172,28.0677
5173,28.0593
5174,28.1287
5175,28.1518
5176,28.1798
5177,28.6515
5178,28.5486
5179,28.6442
5180,28.6119
5181,28.7088
5182,28.809
5183,28.8498
5184,28.8058
5185,28.6607
5186,28.6328
5187,28.8054
5188,28.8237
5189,28.8561
5190,28.9062
5191,28.802
5192,28.8021
5193,28.7839
5194,28.7039
5195,28.7056
5196,28.6241
5197,28.735
5198,28.6292
5199,28.7695
5200,28.6606
5201,28.6941
5202,28.8158
5203,28.7985
5204,28.7446
5205,28.6497
5206,28.6416
5207,28.846
5208,28.8438
5209,28.7804
5210,28.839
5211,28.7361
5212,28.7526
5213,28.6965
5214,28.725
5215,28.7868
5216,28.8201
5217,28.7766
5218,28.722
5219,28.7034
5220,28.7178
5221,28.7392
5222,28.7462
5223,28.7151
5224,28.7293
5225,28.6735
5226,28.6798
5227,28.621
5228,28.6822
5229,28.674
5230,28.6447
5231,28.8233
5232,28.8318
5233,28.8057
5234,28.9401
5235,28.8368
5236,28.8789
5237,28.8156
5238,28.7911
5239,28.8504
5240,28.7296
5241,28.7257
5242,28.7508
5243,28.8544
5244,28.784
5245,28.8342
5246,28.8204
5247,28.8388
5248,28.8132
5249,28.8551
5250,28.8628
5251,28.8124
5252,28.7274
5253,28.8263
5254,28.8532
5255,28.7677
5256,28.7096
5257,28.7375
5258,28.786
5259,28.6509
5260,28.7725
5261,28.7956
5262,28.6981
5263,28.6462
5264,28.6646
5265,28.6173
5266,28.6741
5267,28.7258
5268,28.7979
5269,28.8036
5270,28.7319
5271,28.6093
5272,28.5905
5273,28.6194
5274,28.6595
5275,28.5903
5276,28.614
5277,28.5417
5278,28.5884
5279,28.5862
5280,28.69
5281,28.6592
5282,28.5326
5283,28.5875
5284,28.6359
5285,28.675
5286,28.7142
5287,28.7625
5288,28.7362
5289,28.7851
5290,28.7692
5291,28.7338
5292,28.6675
5293,28.8396
5294,28.8769
5295,28.8259
5296,28.8608
5297,28.771
5298,28.8488
5299,28.8379
5300,28.8173
5301,28.8166
5302,28.863
5303,28.8803
5304,28.8811
5305,28.7479
5306,28.6949
5307,28.8411
5308,28.8521
5309,28.8241
5310,28.8125
5311,28.8169
5312,28.8447
5313,28.7776
5314,28.778
5315,28.8962
5316,28.8261
5317,28.7965
5318,28.933
5319,28.8788
5320,28.7949
5321,28.8603
5322,28.8527
5323,28.8423
5324,28.9297
5325,28.8528
5326,28.8972
5327,28.7609
5328,28.7495
5329,28.7974
5330,28.6894
5331,28.8021
5332,28.6866
5333,28.7313
5334,28.7679
5335,28.7327
5336,28.7699
5337,28.8129
5338,28.8005
5339,28.6914
5340,28.7302
5341,28.7857
5342,28.7741
5343,28.8483
5344,28.9527
5345,28.8305
5346,28.7303
5347,28.8084
5348,28.791
5349,28.7914
5350,29.0262
5351,28.984
5352,29.0924
5353,28.9475
5354,28.9569
5355,28.8998
5356,28.8539
5357,28.9377
5358,28.855
5359,28.9118
5360,28.9028
5361,28.9316
5362,28.8947
5363,29.0031
5364,29.1198
5365,28.9423
5366,28.8696
5367,28.879
5368,28.9126
5369,28.8699
5370,28.9366
5371,28.9002
5372,28.8231
5373,28.8333
5374,28.9062
5375,28.8939
5376,28.8447
5377,28.8444
5378,28.8946
5379,28.868
5380,28.9126
5381,28.9656
5382,28.897
5383,28.7912
5384,28.8896
5385,28.8399
5386,28.7668
5387,28.8171
5388,28.797
5389,28.7951
5390,28.7885
5391,28.7675
5392,28.7063
5393,28.7473
5394,28.8284
5395,28.8638
5396,28.8685
5397,28.797
5398,28.827
5399,28.8291
5400,28.7369
5401,28.7376
5402,28.7659
5403,28.7393
5404,28.8287
5405,28.9291
5406,28.934
5407,28.869
5408,28.8291
5409,28.8289
5410,28.8345
5411,28.8662
5412,28.8714
5413,28.9151
5414,28.8908
5415,28.8772
5416,28.8417
5417,28.8652
5418,28.839
5419,28.7906
5420,28.8774
5421,28.8115
5422,28.8892
5423,28.8598
5424,28.8947
5425,28.9161
5426,28.929
5427,29.0516
5428,28.9825
5429,29.027
5430,28.9781
5431,28.8221
5432,28.937
5433,28.9968
5434,29.0011
5435,29.0077
5436,29.0479
5437,28.9442
5438,29.0319
5439,28.9749
5440,28.9966
5441,28.914
5442,28.9542
5443,28.7795
5444,28.8804
5445,28.9136
5446,28.8984
5447,28.9654
5448,28.8783
5449,28.9686
5450,28.9459
5451,28.8827
5452,28.8134
5453,28.8846
5454,28.8294
5455,28.9174
5456,28.9653
5457,29.058
5458,29.0559
5459,29.1071
5460,29.0747
5461,29.0002
5462,29.1108
5463,29.0333
5464,29.0395
5465,28.9484
5466,28.9731
5467,29.1155
5468,29.0209
5469,28.929
5470,28.8641
5471,28.8674
5472,28.9586
5473,28.8248
5474,28.7917
5475,28.8729
5476,28.8324
5477,28.8433
5478,28.798
5479,28.6996
5480,28.6995
5481,28.7609
5482,28.83
5483,28.7991
5484,28.8362
5485,28.8575
5486,28.8224
5487,28.8583
5488,28.7909
5489,28.8564
5490,28.8859
5491,28.8229
5492,28.8412
5493,28.7806
5494,28.8323
5495,28.8648
5496,28.9192
5497,28.9615
5498,28.8851
5499,28.8966
5500,29.0209
5501,29.0403
5502,29.0289
5503,28.9542
5504,29.0449
5505,28.9576
5506,28.8767
5507,28.871
5508,28.8811
5509,28.9957
5510,28.9534
5511,28.8956
5512,28.9201
5513,29.0167
5514,28.9443
5515,28.9636
5516,28.8775
5517,28.8566
5518,28.908
5519,28.8867
5520,28.8762
5521,28.9263
5522,28.8691
5523,28.9753
5524,28.9832
5525,28.9058
5526,28.8408
5527,28.8851
5528,28.9028
5529,28.9193
5530,28.949
5531,28.8037
5532,28.8595
5533,28.8272
5534,28.7939
5535,28.9211
5536,28.8778
5537,28.8351
5538,28.8658
5539,28.9197
5540,28.8259
5541,28.8606
5542,28.8492
5543,28.8711
5544,28.8569
5545,28.8474
5546,28.796
5547,28.911
5548,28.9099
5549,28.8885
5550,28.7384
5551,28.7726
5552,28.7616
5553,28.7935
5554,28.8023
5555,28.8882
5556,28.8918
5557,28.7856
5558,28.9015
5559,28.774
5560,28.9127
5561,28.8183
5562,28.7896
5563,28.8827
5564,28.8853
5565,28.9622
5566,28.906
5567,28.8772
5568,28.7858
5569,28.8572
5570,28.9582
5571,28.8203
5572,28.907
5573,28.9358
5574,28.9677
5575,28.9141
5576,28.9926
5577,28.9384
5578,28.925
5579,29.0685
5580,28.9546
5581,28.9458
5582,29.1132
5583,29.124
5584,29.008
5585,29.0177
5586,28.9312
5587,28.9573
5588,28.9282
5589,28.9458
5590,28.9143
5591,28.9285
5592,28.823
5593,28.8862
5594,28.8206
5595,28.8696
5596,28.8214
5597,28.8177
5598,28.7624
5599,28.8865
5600,28.7111
5601,28.7185
5602,28.7871
5603,28.8379
5604,28.8363
5605,28.7709
5606,28.7716
5607,28.685
5608,28.8824
5609,28.8675
5610,28.9204
5611,28.9455
5612,28.9415
5613,28.8933
5614,28.9225
5615,28.8482
5616,28.8982
5617,28.9443
5618,28.9596
5619,28.9319
5620,28.8444
5621,28.9707
5622,29.1567
5623,29.1472
5624,29.1335
5625,29.0975
5626,29.08
5627,29.0905
5628,29.0157
5629,28.9761
5630,28.9151
5631,28.9753
5632,28.8965
5633,28.8831
5634,28.8432
5635,28.954
5636,28.9569
5637,28.9384
5638,28.8918
5639,28.7987
5640,28.8336
5641,28.8221
5642,28.7832
5643,28.7719
5644,28.8174
5645,28.8205
5646,28.8208
5647,28.8519
5648,28.8379
5649,28.8297
5650,28.8314
5651,28.8496
5652,28.9363
5653,28.8239
5654,28.9096
5655,28.8678
5656,28.9033
5657,28.7591
5658,28.8705
5659,28.894
5660,28.9633
5661,28.9356
5662,28.8255
5663,28.8142
5664,28.8939
5665,28.9237
5666,28.8228
5667,28.8002
5668,28.8522
5669,28.8552
5670,28.8226
5671,28.851
5672,28.9917
5673,28.9173
5674,28.8133
5675,28.8966
5676,28.8412
5677,28.7261
5678,28.7206
5679,28.6528
5680,28.7541
5681,28.7846
5682,28.7244
5683,28.8228
5684,28.815
5685,28.7715
5686,28.8391
5687,28.6645
5688,28.7972
5689,28.7657
5690,28.7453
5691,28.6993
5692,28.6474
5693,28.7743
5694,28.7464
5695,28.6787
5696,28.7029
5697,28.7053
5698,28.7918
5699,28.6647
5700,28.7477
5701,28.679
5702,28.6746
5703,28.6653
5704,28.7337
5705,28.8046
5706,28.8021
5707,28.8215
5708,28.7353
5709,28.7002
5710,28.8353
5711,28.8384
5712,28.7913
5713,28.7533
5714,28.757
5715,28.736
5716,28.6828
5717,28.7101
5718,28.7332
5719,28.8133
5720,28.7835
5721,28.7307
5722,28.7077
5723,28.7553
5724,28.7637
5725,28.6634
5726,28.7487
5727,28.8181
5728,28.9024
5729,28.8591
5730,28.8296
5731,28.7954
5732,28.7536
5733,28.7813
5734,28.7647
5735,28.739
5736,28.6652
5737,28.7363
5738,28.7238
5739,28.7403
5740,28.7544
5741,28.6586
5742,28.7218
5743,28.8218
5744,28.754
5745,28.8443
5746,28.8924
5747,28.8217
5748,28.6641
5749,28.7158
5750,28.7824
5751,28.7964
5752,28.8809
5753,28.7346
5754,28.7294
5755,28.8056
5756,28.7251
5757,28.7401
5758,28.769
5759,28.7528
5760,28.7803
5761,28.6492
5762,28.7523
5763,28.8243
5764,28.7992
5765,28.7914
5766,28.959
5767,28.911
5768,28.9914
5769,28.95
5770,28.974
5771,28.9709
5772,28.9542
5773,28.9984
5774,28.9225
5775,28.997
5776,28.9195
5777,28.8488
5778,28.7304
5779,28.8327
5780,28.7996
5781,28.766
5782,28.8319
5783,28.8044
5784,28.8655
5785,28.9107
5786,28.8999
5787,28.8143
5788,28.6267
5789,28.7946
5790,28.7872
5791,28.8715
5792,28.9493
5793,29.1182
5794,29.0422
5795,29.0901
5796,28.977
5797,29.1103
5798,28.9498
5799,28.9495
5800,28.8851
5801,28.8788
5802,29.0466
5803,29.0677
5804,28.9919
5805,29.068
5806,29.0076
5807,28.9483
5808,28.9138
5809,28.882
5810,29.0049
5811,28.9561
5812,28.9468
5813,28.8106
5814,28.9695
5815,28.9412
5816,28.9304
5817,28.9233
5818,28.9612
5819,28.9196
5820,28.9875
5821,28.8736
5822,28.8378
5823,28.8165
5824,28.8801
5825,28.9389
5826,28.9298
5827,28.8802
5828,28.93
5829,28.9513
5830,28.8871
5831,28.936
5832,28.9607
5833,28.8833
5834,28.9171
5835,28.8606
5836,28.792
5837,28.8401
5838,28.8728
5839,28.7589
5840,28.7789
5841,28.9347
5842,28.8857
5843,28.8355
5844,28.8037
5845,28.8784
5846,28.7246
5847,28.8098
5848,28.7291
5849,28.8159
5850,28.8634
5851,28.7935
5852,28.8075
5853,28.851
5854,28.7684
5855,28.8244
5856,28.7224
5857,28.6468
5858,28.7168
5859,28.7281
5860,28.6734
5861,28.7499
5862,28.7101
5863,28.7367
5864,28.7601
5865,28.7536
5866,28.7284
5867,28.6708
5868,28.7187
5869,28.6811
5870,28.7729
5871,28.8836
5872,28.8104
5873,28.9338
5874,28.7822
5875,28.7787
5876,28.7487
5877,28.8226
5878,28.6264
5879,28.5708
5880,28.655
5881,28.7054
5882,28.7281
5883,28.7847
5884,28.8281
5885,28.7453
5886,28.807
5887,28.7175
5888,28.7642
5889,28.8209
5890,28.6788
5891,28.772
5892,28.7926
5893,28.8631
5894,28.8259
5895,28.7638
5896,28.8101
5897,28.7764
5898,28.7883
5899,28.7002
5900,28.6769
5901,28.7134
5902,28.8074
5903,28.8033
5904,28.8654
5905,28.7996
5906,28.8176
5907,28.9422
5908,28.8761
5909,28.8462
5910,28.7258
5911,28.7689
5912,28.8332
5913,28.7996
5914,28.8598
5915,28.7862
5916,28.7857
5917,28.6986
5918,28.7761
5919,28.82
5920,28.8449
5921,28.852
5922,28.9225
5923,28.8256
5924,28.6813
5925,28.74
5926,28.7713
5927,28.6664
5928,28.76
5929,28.7442
5930,28.8096
5931,28.7434
5932,28.7556
5933,28.7455
5934,28.7108
5935,28.7719
5936,28.7709
5937,28.7468
5938,28.7417
5939,28.8404
5940,28.8316
5941,28.8163
5942,28.7028
5943,28.8183
5944,28.7914
5945,28.9835
5946,29.0052
5947,28.863
5948,28.8869
5949,28.8711
5950,28.875
5951,28.7871
5952,28.8295
5953,28.7626
5954,28.7435
5955,28.6746
5956,28.6768
5957,28.6705
5958,28.8072
5959,28.7515
5960,28.7243
5961,28.6465
5962,28.6495
5963,28.6704
5964,28.7828
5965,28.7185
5966,28.7707
5967,28.7435
5968,28.7409
5969,28.6882
5970,28.5803
5971,28.6854
5972,28.6616
5973,28.7844
5974,28.7305
5975,28.7115
5976,28.7153
5977,28.766
5978,28.6989
5979,28.638
5980,28.6693
5981,28.6177
5982,28.6403
5983,28.622
5984,28.5901
5985,28.6911
5986,28.6529
5987,28.6718
5988,28.7465
5989,28.7078
5990,28.7655
5991,28.6849
5992,28.7436
5993,28.7487
5994,28.7474
5995,28.7344
5996,28.7406
5997,28.8489
5998,28.6808
5999,28.5837
6000,28.7365
6001,28.71
6002,28.6463
6003,28.8016
6004,28.6894
6005,28.6903
6006,28.7223
6007,28.8483
6008,28.8827
6009,28.7697
6010,28.6571
6011,28.7346
6012,28.7786
6013,28.7955
6014,28.8516
6015,28.8315
6016,28.863
6017,28.7286
6018,28.7345
6019,28.8777
6020,28.7493
6021,28.8144
6022,28.8345
6023,28.854
6024,28.9645
6025,28.9466
6026,28.838
6027,28.8378
6028,28.7877
6029,28.829
6030,28.8714
6031,28.8391
6032,28.7961
6033,28.9108
6034,28.8478
6035,28.7699
6036,28.923
6037,28.7818
6038,28.9005
6039,28.7867
6040,29.0015
6041,28.8454
6042,28.8194
6043,28.7899
6044,28.9016
6045,28.9251
6046,28.7545
6047,28.8563
6048,28.764
6049,28.7836
6050,28.8118
6051,28.7033
6052,28.6992
6053,28.7329
6054,28.8928
6055,28.8023
6056,28.7573
6057,28.882
6058,28.8053
6059,28.6918
6060,28.7766
6061,28.7105
6062,28.6573
6063,28.5862
6064,28.7122
6065,28.6392
6066,28.6683
6067,28.6954
6068,28.558
6069,28.634
6070,28.6951
6071,28.763
6072,28.6558
6073,28.6504
6074,28.6606
6075,28.7311
6076,28.6903
6077,28.6269
6078,28.67
6079,28.7015
6080,28.7624
6081,28.6801
6082,28.6887
6083,28.7232
6084,28.8193
6085,28.8706
6086,28.8654
6087,28.8682
6088,28.6099
6089,28.6995
6090,28.7697
6091,28.8051
6092,28.8035
6093,28.8485
6094,28.8617
6095,28.8006
6096,28.8473
6097,28.789
6098,28.815
6099,28.7837
6100,28.8641
6101,28.8142
6102,28.7212
6103,28.843
6104,28.8313
6105,28.8864
6106,28.8252
6107,28.8282
6108,28.8392
6109,28.8354
6110,28.8798
6111,28.8134
6112,28.8319
6113,28.8718
6114,28.7166
6115,28.7474
6116,28.8491
6117,28.716
6118,28.7918
6119,28.7839
6120,28.7904
6121,28.7657
6122,28.8052
6123,28.9119
6124,28.8422
6125,28.9248
6126,28.8749
6127,28.8921
6128,28.8498
6129,28.8864
6130,28.8694
6131,28.9022
6132,28.7465
6133,28.763
6134,28.7647
6135,28.7452
6136,28.7279
6137,28.873
6138,28.9294
6139,28.8966
6140,28.8259
6141,28.7979
6142,28.7748
6143,28.9145
6144,28.8218
6145,28.848
6146,28.7418
6147,28.7939
6148,28.7375
6149,28.7952
6150,28.7214
6151,28.6958
6152,28.692
6153,28.7227
6154,28.7864
6155,28.8143
6156,28.7419
6157,28.7758
6158,28.7005
6159,28.6381
6160,28.7392
6161,28.7903
6162,28.8212
6163,28.7432
6164,28.7642
6165,28.814
6166,28.8461
6167,28.8107
6168,28.7788
6169,28.8067
6170,28.7496
6171,28.7695
6172,28.72
6173,28.6746
6174,28.7128
6175,28.7537
6176,28.8368
6177,28.7878
6178,28.7711
6179,28.7889
6180,28.7673
6181,28.7358
6182,28.801
6183,28.8397
6184,28.8998
6185,28.9089
6186,28.804
6187,28.7612
6188,28.767
6189,28.8635
6190,28.8689
6191,28.9774
6192,28.5258
6193,28.5378
6194,28.8845
6195,28.5999
6196,28.9871
6197,28.9317
6198,28.6222
6199,28.8632
6200,28.9525
6201,28.9079
6202,28.9883
6203,28.966
6204,29.0527
6205,28.5812
6206,28.6226
6207,28.4373
6208,28.8413
6209,28.939
6210,28.9374
6211,28.8725
6212,28.9266
6213,28.9168
6214,28.9473
6215,28.9665
6216,28.8711
6217,29.0144
6218,28.9973
6219,28.9672
6220,28.8558
6221,28.8901
6222,28.879
6223,28.8579
6224,28.8721
6225,28.7638
6226,28.7814
6227,28.9073
6228,28.8922
6229,28.8898
6230,28.8193
6231,28.882
6232,28.7773
6233,28.7981
6234,28.7181
6235,28.8148
6236,28.7522
6237,28.7889
6238,28.7422
6239,28.6951
6240,28.8176
6241,28.7155
6242,28.7298
6243,28.6921
6244,28.809
6245,28.8415
6246,28.7961
6247,28.857
6248,28.8686
6249,28.8232
6250,28.7507
6251,28.8656
6252,28.8581
6253,28.8218
6254,28.8016
6255,28.8085
6256,28.7637
6257,28.8667
6258,28.742
6259,28.7457
6260,28.8972
6261,28.8371
6262,28.9176
6263,28.8393
6264,28.8791
6265,28.8517
6266,28.7449
6267,28.853
6268,28.772
6269,28.7829
6270,28.7673
6271,28.7254
6272,28.777
6273,28.7567
6274,28.8578
6275,28.9014
6276,28.812
6277,28.859
6278,28.8044
6279,28.8855
6280,28.8144
6281,28.8757
6282,28.9161
6283,28.9035
6284,28.9037
6285,28.8755
6286,28.9794
6287,28.9267
6288,28.9303
6289,28.8465
6290,28.7838
6291,28.8446
6292,28.9174
6293,28.8379
6294,28.875
6295,28.8046
6296,28.8524
6297,28.8563
6298,28.8699
6299,28.8167
6300,28.7391
6301,28.7338
6302,28.7822
6303,28.8658
6304,28.7637
6305,28.7584
6306,28.733
6307,28.7501
6308,28.7604
6309,28.6839
6310,28.8009
6311,28.7936
6312,28.6638
6313,28.6864
6314,28.6473
6315,28.7141
6316,28.7581
6317,28.71
6318,28.8245
6319,28.7904
6320,28.7311
6321,28.7996
6322,28.809
6323,28.3041
6324,28.3395
6325,28.3544
6326,28.3634
6327,28.4132
6328,28.4604
6329,28.9056
6330,28.3979
6331,28.8509
6332,28.837
6333,28.3242
6334,28.3129
6335,28.7061
6336,28.8568
6337,28.8766
6338,28.8698
6339,28.9045
6340,28.768
6341,28.8911
6342,28.7949
6343,28.8765
6344,28.7607
6345,28.7833
6346,28.3483
6347,28.9071
6348,28.7646
6349,28.8585
6350,28.3793
6351,28.356
6352,28.3664
6353,28.3619
6354,28.2989
6355,28.2954
6356,28.7767
6357,28.7725
6358,28.7651
6359,28.8841
6360,28.8272
6361,28.9212
6362,28.4191
6363,28.7628
6364,28.9107
6365,28.8696
6366,28.8778
6367,28.8924
6368,28.4983
6369,28.8839
6370,28.8331
6371,28.8201
6372,28.7062
6373,28.265
6374,28.3857
6375,28.2634
6376,28.2825
6377,28.2602
6378,28.1018
6379,28.2197
6380,28.6819
6381,28.6971
6382,28.7415
6383,28.7495
6384,28.6038
6385,28.6574
6386,28.6415
6387,28.1742
6388,28.2087
6389,28.3513
6390,28.296
6391,28.2637
6392,28.3119
6393,28.8155
6394,28.8655
6395,28.4354
6396,28.442
6397,28.8482
6398,28.3185
6399,28.3468
6400,28.7502
6401,28.3675
6402,28.3094
6403,28.3417
6404,28.2913
6405,28.2632
6406,28.3195
6407,28.2383
6408,28.2943
6409,28.2363
6410,28.3851
6411,28.3723
6412,28.6432
6413,28.7439
6414,28.301
6415,28.1724
6416,28.2639
6417,28.2465
6418,28.3993
6419,28.2156
6420,28.2283
6421,28.1923
6422,28.3592
6423,28.3831
6424,28.3378
6425,28.3809
6426,28.3859
6427,28.4432
6428,28.4677
6429,28.3293
6430,28.3424
6431,28.4345
6432,28.4125
6433,28.4676
6434,28.4248
6435,28.4058
6436,28.3052
6437,28.4557
6438,28.6029
6439,28.4045
6440,28.4081
6441,28.439
6442,28.4188
6443,28.4458
6444,28.3809
6445,28.3399
6446,28.4418
6447,28.4181
6448,28.429
6449,28.3161
6450,28.3674
6451,28.4198
6452,28.2688
6453,28.2864
6454,28.2987
6455,28.8499
6456,28.367
6457,28.447
6458,28.3879
6459,28.8647
6460,28.7496
6461,28.3576
6462,28.8688
6463,28.9244
6464,28.8163
6465,28.8762
6466,28.8331
6467,28.8624
6468,28.8713
6469,28.9369
6470,28.8666
6471,28.8414
6472,28.962
6473,28.9342
6474,28.9204
6475,28.8833
6476,28.861
6477,28.8245
6478,28.7541
6479,28.7464
6480,28.7728
6481,28.7601
6482,28.7223
6483,28.786
6484,28.8541
6485,28.8271
6486,28.8469
6487,28.9377
6488,28.8839
6489,28.9378
6490,28.9898
6491,28.9317
6492,28.9192
6493,28.9199
6494,28.8963
6495,28.9277
6496,28.8209
6497,28.8656
6498,28.7946
6499,28.8326
6500,28.8134
6501,28.855
6502,28.839
6503,28.8128
6504,28.762
6505,28.7899
6506,28.8793
6507,28.3746
6508,28.3895
6509,28.3833
6510,28.4954
6511,29.0436
6512,29.041
6513,29.1045
6514,29.101
6515,28.9769
6516,28.8791
6517,28.9705
6518,29.0294
6519,28.976
6520,29.0713
6521,29.1528
6522,29.1828
6523,29.2147
6524,29.0612
6525,29.0402
6526,29.1031
6527,29.0344
6528,28.9791
6529,28.8738
6530,28.9598
6531,28.8814
6532,28.9099
6533,28.9243
6534,28.9451
6535,28.8441
6536,28.8221
6537,28.9642
6538,28.9625
6539,28.9253
6540,28.8883
6541,28.8267
6542,28.7476
6543,28.8352
6544,28.8631
6545,28.8329
6546,28.832
6547,28.8714
6548,28.929
6549,28.9655
6550,28.9765
6551,28.9013
6552,28.8758
6553,28.9342
6554,28.9381
6555,28.9323
6556,28.8309
6557,28.8692
6558,28.9384
6559,28.7906
6560,28.8577
6561,28.8188
6562,28.8161
6563,28.8731
6564,28.8498
6565,28.8435
6566,28.8889
6567,28.7824
6568,28.8596
6569,28.8051
6570,28.9312
6571,28.8505
6572,28.8899
6573,28.7675
6574,28.7945
6575,28.7436
6576,28.7401
6577,28.6411
6578,28.6888
6579,28.7745
6580,28.7257
6581,28.7705
6582,28.8159
6583,28.7958
6584,28.7431
6585,28.7528
6586,28.7896
6587,28.7753
6588,28.7006
6589,28.7425
6590,28.7208
6591,28.7971
6592,28.7611
6593,28.8794
6594,28.8204
6595,28.7941
6596,28.8387
6597,28.888
6598,28.8664
6599,28.7662
6600,28.7274
6601,28.8046
6602,28.7702
6603,28.8078
6604,28.7265
6605,28.8778
6606,28.8736
6607,28.8184
6608,28.8055
6609,28.8303
6610,28.8877
6611,28.8089
6612,28.8346
6613,28.7708
6614,28.8786
6615,28.8268
6616,28.843
6617,28.752
6618,28.8438
6619,28.7911
6620,28.8003
6621,28.835
6622,28.8622
6623,28.9486
6624,28.8971
6625,28.8915
6626,28.9258
6627,28.8211
6628,28.851
6629,28.764
6630,28.7987
6631,28.7641
6632,28.8522
6633,28.8913
6634,28.9014
6635,28.8216
6636,28.8886
6637,28.8427
6638,28.7529
6639,28.7829
6640,28.8743
6641,28.7665
6642,28.8167
6643,28.7254
6644,28.7369
6645,28.8361
6646,28.8488
6647,28.7651
6648,28.8662
6649,28.8484
6650,28.7184
6651,28.8559
6652,28.8768
6653,28.8549
6654,28.8308
6655,28.8198
6656,28.7109
6657,28.7171
6658,28.782
6659,28.776
6660,28.8362
6661,28.7931
6662,28.7459
6663,28.7828
6664,28.8966
6665,28.925
6666,28.8901
6667,28.85
6668,28.7162
6669,28.8044
6670,28.7226
6671,28.7057
6672,28.719
6673,28.7935
6674,28.8217
6675,28.6955
6676,28.7214
6677,28.7454
6678,28.7943
6679,28.8389
6680,28.7826
6681,28.6859
6682,28.7362
6683,28.6996
6684,28.6166
6685,28.6628
6686,28.7901
6687,28.7575
6688,28.7991
6689,28.8343
6690,28.8519
6691,28.7941
6692,28.7146
6693,28.7714
6694,28.7861
6695,28.8496
6696,28.8012
6697,28.9242
6698,28.8074
6699,28.8359
6700,28.7361
6701,28.7974
6702,28.8936
6703,28.7868
6704,28.8178
6705,28.6801
6706,28.798
6707,28.787
6708,28.6741
6709,28.7509
6710,28.722
6711,28.7162
6712,28.7969
6713,28.8908
6714,28.7732
6715,28.8048
6716,28.7377
6717,28.6935
6718,28.6649
6719,28.7922
6720,28.7743
6721,28.763
6722,28.6824
6723,28.6874
6724,28.7124
6725,28.7888
6726,28.8914
6727,28.7807
6728,28.813
6729,28.9349
6730,28.8442
6731,28.8778
6732,28.8887
6733,28.8903
6734,28.8568
6735,28.8573
6736,28.8221
6737,28.8408
6738,28.7592
6739,28.8511
6740,28.8083
6741,28.8412
6742,28.9375
6743,28.838
6744,28.8356
6745,28.7927
6746,28.7433
6747,28.7272
6748,28.754
6749,28.7479
6750,28.9457
6751,28.9019
6752,28.9057
6753,28.7631
6754,28.777
6755,28.8485
6756,28.8104
6757,28.858
6758,28.8523
6759,28.921
6760,28.8403
6761,28.8539
6762,28.7626
6763,28.7126
6764,28.8848
6765,28.9256
6766,28.7561
6767,28.7875
6768,28.8358
6769,28.8178
6770,28.8303
6771,28.8989
6772,28.7436
6773,28.8163
6774,28.7358
6775,28.7591
6776,28.8466
6777,28.8446
6778,28.7667
6779,28.7158
6780,28.8494
6781,28.7212
6782,28.7492
6783,28.7331
6784,28.6247
6785,28.6309
6786,28.7818
6787,28.7811
6788,28.7215
6789,28.7582
6790,28.8578
6791,28.815
6792,28.8005
6793,28.7702
6794,28.6562
6795,28.7092
6796,28.6699
6797,28.6513
6798,28.7906
6799,28.7485
6800,28.8383
6801,28.7537
6802,28.7769
6803,28.7712
6804,28.7974
6805,28.7832
6806,28.7798
6807,28.7912
6808,28.776
6809,28.5838
6810,28.7405
6811,28.8507
6812,28.8406
6813,28.7502
6814,28.8169
6815,28.7377
6816,28.7406
6817,28.6905
6818,28.6372
6819,28.6143
6820,28.6629
6821,28.6397
6822,28.7619
6823,28.7774
6824,28.6681
6825,28.6794
6826,28.8102
6827,28.7659
6828,28.7524
6829,28.7973
6830,28.7373
6831,28.7085
6832,28.6288
6833,28.8409
6834,28.7686
6835,28.7073
6836,28.6921
6837,28.7405
6838,28.7276
6839,28.7944
6840,28.7545
6841,28.8079
6842,28.7824
6843,28.8424
6844,28.7713
6845,28.7377
6846,28.7363
6847,28.7268
6848,28.7802
6849,28.8143
6850,28.7588
6851,28.8071
6852,28.7999
6853,28.8
6854,28.7724
6855,28.8427
6856,28.8448
6857,28.8831
6858,28.8138
6859,28.8338
6860,28.75
6861,28.6486
6862,28.6749
6863,28.7131
6864,28.7773
6865,28.8845
6866,28.9017
6867,28.8858
6868,28.9152
6869,28.8959
6870,28.8432
6871,28.7366
6872,28.8316
6873,28.7839
6874,28.9564
6875,28.8428
6876,28.8283
6877,28.9346
6878,28.8477
6879,28.7341
6880,28.812
6881,28.7085
6882,28.7615
6883,28.8264
6884,28.7743
6885,28.8134
6886,28.8705
6887,28.7985
6888,28.8047
6889,28.8221
6890,28.7706
6891,28.7625
6892,28.7917
6893,28.7401
6894,28.7779
6895,28.8188
6896,28.772
6897,28.7948
6898,28.8875
6899,28.8189
6900,28.7943
6901,28.8006
6902,28.8551
6903,28.9155
6904,28.8204
6905,28.8632
6906,28.7258
6907,28.8333
6908,28.8145
6909,28.8709
6910,28.7765
6911,28.8211
6912,28.8335
6913,28.7642
6914,28.7222
6915,28.8165
6916,28.7372
6917,28.8248
6918,28.8422
6919,28.8098
6920,28.8604
6921,28.8448
6922,28.8159
6923,28.7512
6924,28.721
6925,28.7002
6926,28.6962
6927,28.6636
6928,28.8288
6929,28.7392
6930,28.8437
6931,28.7802
6932,28.8729
6933,28.8946
6934,28.8314
6935,28.8108
6936,28.863
6937,28.823
6938,28.8549
6939,28.8779
6940,28.8785
6941,28.7574
6942,28.9563
6943,28.8089
6944,28.7887
6945,28.8395
6946,28.9078
6947,28.9271
6948,28.9189
6949,28.9374
6950,28.9592
6951,28.8681
6952,28.9186
6953,28.8771
6954,28.9508
6955,28.8048
6956,28.7783
6957,28.7777
6958,28.7972
6959,28.7948
6960,28.7241
6961,28.7738
6962,28.692
6963,28.779
6964,28.7523
6965,28.8581
6966,28.8861
6967,28.9446
6968,28.9344
6969,28.9212
6970,28.842
6971,28.9388
6972,28.7873
6973,28.714
6974,28.9423
6975,28.7605
6976,28.891
6977,28.859
6978,28.8165
6979,28.926
6980,28.8712
6981,28.7653
6982,28.8001
6983,28.8796
6984,28.9514
6985,28.7747
6986,28.7389
6987,28.8521
6988,28.7232
6989,28.8572
6990,28.8124
6991,28.8097
6992,28.8671
6993,28.9266
6994,28.8119
6995,28.8225
6996,28.7351
6997,28.7135
6998,28.7322
6999,28.627
7000,28.6413
7001,28.6585
7002,28.7857
7003,28.6778
7004,28.6642
7005,28.7233
7006,28.7567
7007,28.7354
7008,28.6981
7009,28.7375
7010,28.6892
7011,28.6882
7012,28.6708
7013,28.693
7014,28.6921
7015,28.7357
7016,28.7371
7017,28.7542
7018,28.6674
7019,28.5476
7020,28.6737
7021,28.7028
7022,28.7762
7023,28.8262
7024,28.8122
7025,28.74
7026,28.749
7027,28.8058
7028,28.7685
7029,28.701
7030,28.7054
7031,28.6715
7032,28.7032
7033,28.6979
7034,28.6359
7035,28.7851
7036,28.7675
7037,28.7282
7038,28.7656
7039,28.7108
7040,28.7167
7041,28.6979
7042,28.7481
7043,28.6819
7044,28.5797
7045,28.6674
7046,28.6252
7047,28.6493
7048,28.6508
7049,28.816
7050,28.817
7051,28.6744
7052,28.7688
7053,28.742
7054,28.7134
7055,28.815
7056,28.8151
7057,28.7063
7058,28.8032
7059,28.744
7060,28.7201
7061,28.9293
7062,28.7572
7063,28.8016
7064,28.7225
7065,28.8775
7066,28.8081
7067,28.8174
7068,28.7933
7069,28.7744
7070,28.7475
7071,28.693
7072,28.7615
7073,28.7046
7074,28.7071
7075,28.6961
7076,28.6407
7077,28.6314
7078,28.6181
7079,28.6083
7080,28.6827
7081,28.7039
7082,28.7373
7083,28.71
7084,28.7131
7085,28.6794
7086,28.6994
7087,28.6742
7088,28.7391
7089,28.6067
7090,28.5337
7091,28.693
7092,28.7216
7093,28.695
7094,28.7049
7095,28.7897
7096,28.6752
7097,28.6274
7098,28.7269
7099,28.7454
7100,28.7559
7101,28.7962
7102,28.7451
7103,28.6364
7104,28.7378
7105,28.6954
7106,28.7628
7107,28.6709
7108,28.7213
7109,28.7037
7110,28.7781
7111,28.7325
7112,28.6778
7113,28.6975
7114,28.6341
7115,28.6802
7116,28.6341
7117,28.6489
7118,28.6326
7119,28.698
7120,28.6353
7121,28.5584
7122,28.6392
7123,28.6093
7124,28.6378
7125,28.6113
7126,28.6011
7127,28.6398
7128,28.6001
7129,28.6622
7130,28.6263
7131,28.6759
7132,28.6407
7133,28.6619
7134,28.724
7135,28.6775
7136,28.6072
7137,28.6958
7138,28.6291
7139,28.7441
7140,28.6183
7141,28.6847
7142,28.7235
7143,28.5933
7144,28.6646
7145,28.5732
7146,28.6279
7147,28.7552
7148,28.6745
7149,28.7159
7150,28.724
7151,28.7815
7152,28.8665
7153,28.8269
7154,28.7362
7155,28.6428
7156,28.6293
7157,28.7084
7158,28.6957
7159,28.6718
7160,28.6712
7161,28.7689
7162,28.7295
7163,28.806
7164,28.838
7165,28.6617
7166,28.709
7167,28.8197
7168,28.7908
7169,28.8535
7170,28.7354
7171,28.7902
7172,28.7255
7173,28.7495
7174,28.8979
7175,28.7564
7176,28.7892
7177,28.8235
7178,28.7777
7179,28.7973
7180,28.8374
7181,28.8458
7182,28.8527
7183,28.8548
7184,28.8257
7185,28.8214
7186,28.8569
7187,28.8285
7188,28.832
7189,28.8417
7190,28.8358
7191,28.9244
7192,28.9026
7193,28.9387
7194,28.8862
7195,28.8649
7196,28.8696
7197,28.8042
7198,28.9383
7199,28.8309
7200,28.7307
7201,28.8352
7202,28.7784
7203,28.8467
7204,28.8088
7205,28.8136
7206,28.7777
7207,28.83
7208,28.9156
7209,28.8599
7210,28.8958
7211,28.7978
7212,28.9236
7213,28.922
7214,28.8648
7215,28.9116
7216,28.7746
7217,28.8602
7218,28.86
7219,28.8605
7220,28.9073
7221,28.9215
7222,28.7821
7223,28.7635
7224,28.9019
7225,28.8053
7226,28.7343
7227,28.7312
7228,28.7593
7229,28.8466
7230,28.7837
7231,28.8375
7232,28.8067
7233,28.7207
7234,28.7293
7235,28.6543
7236,28.7415
7237,28.73
7238,28.6994
7239,28.7736
7240,28.7258
7241,28.7433
7242,28.7188
7243,28.8112
7244,28.7073
7245,28.733
7246,28.6803
7247,28.717
7248,28.6968
7249,28.8144
7250,28.7164
7251,28.7006
7252,28.6641
7253,28.6847
7254,28.644
7255,28.684
7256,28.6815
7257,28.7312
7258,28.726
7259,28.7239
7260,28.7454
7261,28.7491
7262,28.7472
7263,28.8122
7264,28.7662
7265,28.7569
7266,28.7714
7267,28.7519
7268,28.7788
7269,28.6785
7270,28.7723
7271,28.7239
7272,28.7817
7273,28.6407
7274,28.7565
7275,28.704
7276,28.7379
7277,28.7519
7278,28.7713
7279,28.7478
7280,28.775
7281,28.8391
7282,28.8174
7283,28.8203
7284,28.7137
7285,28.7481
7286,28.7471
7287,28.7021
7288,28.7824
7289,28.7506
7290,28.7643
7291,28.6747
7292,28.7526
7293,28.7992
7294,28.9333
7295,28.8089
7296,28.8545
7297,28.7935
7298,28.9133
7299,28.8001
7300,28.7752
7301,28.6998
7302,28.7666
7303,28.8113
7304,28.8756
7305,28.7836
7306,28.8448
7307,28.8206
7308,28.7447
7309,28.8803
7310,28.8039
7311,28.8053
7312,28.6568
7313,28.7032
7314,28.6788
7315,28.7017
7316,28.728
7317,28.686
7318,28.7476
7319,28.6384
7320,28.6165
7321,28.7724
7322,28.6764
7323,28.7887
7324,28.6871
7325,28.7348
7326,28.6967
7327,28.6965
7328,28.6521
7329,28.666
7330,28.6772
7331,28.6844
7332,28.6663
7333,28.6412
7334,28.6436
7335,28.6405
7336,28.7054
7337,28.6944
7338,28.6069
7339,28.5731
7340,28.5737
7341,28.6037
7342,28.6273
7343,28.4999
7344,28.6284
7345,28.6512
7346,28.5588
7347,28.6311
7348,28.6768
7349,28.7298
7350,28.7594
7351,28.7519
7352,28.7677
7353,28.7425
7354,28.7178
7355,28.657
7356,28.6555
7357,28.7051
7358,28.7498
7359,28.7329
7360,28.6762
7361,28.7543
7362,28.7611
7363,28.868
7364,28.8522
7365,28.846
7366,28.8592
7367,28.9477
7368,28.881
7369,28.8383
7370,28.7648
7371,28.6957
7372,28.7505
7373,28.7669
7374,28.6818
7375,28.6799
7376,28.6694
7377,28.6971
7378,28.6587
7379,28.5521
7380,28.6039
7381,28.5389
7382,28.5685
7383,28.574
7384,28.5527
7385,28.605
7386,28.6692
7387,28.6868
7388,28.673
7389,28.8337
7390,28.6817
7391,28.692
7392,28.5993
7393,28.7227
7394,28.725
7395,28.7133
7396,28.7612
7397,28.7309
7398,28.7841
7399,28.7956
7400,28.7787
7401,28.6605
7402,28.8106
7403,28.7782
7404,28.6833
7405,28.7206
7406,28.6483
7407,28.7169
7408,28.7076
7409,28.787
7410,28.7835
7411,28.7028
7412,28.7935
7413,28.7832
7414,28.7495
7415,28.6704
7416,28.734
7417,28.6062
7418,28.6363
7419,28.6386
7420,28.5627
7421,28.7086
7422,28.6628
7423,28.6859
7424,28.6617
7425,28.7701
7426,28.7383
7427,28.6634
7428,28.581
7429,28.6372
7430,28.6384
7431,28.6231
7432,28.7441
7433,28.6681
7434,28.6889
7435,28.722
7436,28.7305
7437,28.6647
7438,28.6858
7439,28.543
7440,28.6018
7441,28.6079
7442,28.6001
7443,28.5297
7444,28.4776
7445,28.602
7446,28.6307
7447,28.5342
7448,28.6817
7449,28.6632
7450,28.7083
7451,28.6647
7452,28.6986
7453,28.6177
7454,28.6251
7455,28.5765
7456,28.6886
7457,28.6129
7458,28.599
7459,28.7123
7460,28.6651
7461,28.5758
7462,28.5927
7463,28.6276
7464,28.6727
7465,28.5384
7466,28.5998
7467,28.6093
7468,28.6198
7469,28.7012
7470,28.5731
7471,28.6519
7472,28.6836
7473,28.6843
7474,28.8448
7475,28.6825
7476,28.6719
7477,28.6233
7478,28.5778
7479,28.6323
7480,28.6448
7481,28.7122
7482,28.5949
7483,28.6389
7484,28.6405
7485,28.6854
7486,28.7978
7487,28.77
7488,28.7924
7489,28.738
7490,28.6483
7491,28.7292
7492,28.7262
7493,28.7032
7494,28.7049
7495,28.6915
7496,28.7323
7497,28.6847
7498,28.7156
7499,28.6998
7500,28.6188
7501,28.6206
7502,28.5632
7503,28.5842
7504,28.5866
7505,28.5892
7506,28.6954
7507,28.0886
7508,28.1118
7509,28.1999
7510,28.1742
7511,28.1432
7512,28.6011
7513,28.1457
7514,28.6881
7515,28.2365
7516,28.7004
7517,28.2637
7518,28.2154
7519,28.3632
7520,28.2562
7521,28.1952
7522,28.1517
7523,28.1919
7524,28.7091
7525,28.8073
7526,28.7006
7527,28.7417
7528,28.7044
7529,28.8732
7530,28.7255
7531,28.1657
7532,28.2183
7533,28.1487
7534,28.1762
7535,28.1529
7536,28.1113
7537,28.2053
7538,28.1371
7539,28.2607
7540,28.2412
7541,28.3469
7542,28.1605
7543,28.1965
7544,28.1212
7545,28.1727
7546,28.3251
7547,28.2444
7548,28.2381
7549,28.6457
7550,28.2209
7551,28.164
7552,28.1502
7553,28.0629
7554,28.2314
7555,28.1724
7556,28.2307
7557,28.2357
7558,28.1788
7559,28.1539
7560,28.0504
7561,28.0814
7562,28.1473
7563,28.1488
7564,28.2494
7565,28.1547
7566,28.242
7567,28.1099
7568,28.0771
7569,28.1767
7570,28.1506
7571,28.1904
7572,28.2041
7573,28.2854
7574,28.3584
7575,28.2941
7576,28.315
7577,29.0475
7578,28.4453
7579,28.3166
7580,28.264
7581,28.3571
7582,28.199
7583,28.211
7584,28.1823
7585,28.1807
7586,28.1656
7587,28.1727
7588,28.1438
7589,28.2492
7590,28.0937
7591,28.1893
7592,28.0832
7593,27.9996
7594,27.9782
7595,27.9716
7596,27.9528
7597,28.0008
7598,27.9838
7599,27.9288
7600,27.9618
7601,28.0301
7602,28.0072
7603,28.0343
7604,28.1345
7605,28.1585
7606,28.1659
7607,28.2514
7608,28.2473
7609,28.2178
7610,28.2371
7611,27.9946
7612,28.0808
7613,28.0923
7614,28.2446
7615,28.1743
7616,28.19
7617,28.0962
7618,28.315
7619,28.2712
7620,28.291
7621,28.2329
7622,28.2078
7623,28.2175
7624,28.2096
7625,28.2698
7626,28.2145
7627,28.2667
7628,28.3392
7629,28.3199
7630,28.2779
7631,28.3506
7632,28.7668
7633,28.8
7634,28.3217
7635,28.323
7636,28.3047
7637,28.3145
7638,28.2786
7639,28.233
7640,28.8549
7641,28.9313
7642,28.7308
7643,28.1547
7644,28.1628
7645,28.2442
7646,28.2255
7647,28.1748
7648,28.179
7649,28.2356
7650,28.1917
7651,28.1349
7652,28.1544
7653,28.2768
7654,28.2076
7655,28.2218
7656,28.1067
7657,28.14
7658,28.2071
7659,28.2511
7660,28.2034
7661,28.1981
7662,28.192
7663,28.1282
7664,28.0716
7665,28.14
7666,28.138
7667,28.0721
7668,28.0675
7669,28.1511
7670,28.1553
7671,28.0816
7672,28.1781
7673,28.2127
7674,28.2241
7675,28.111
7676,28.1585
7677,28.1973
7678,28.1211
7679,28.187
7680,28.2388
7681,28.2895
7682,28.1404
7683,28.2209
7684,28.1718
7685,28.3062
7686,28.1662
7687,28.1301
7688,28.2858
7689,28.1413
7690,28.2106
7691,28.1508
7692,28.1445
7693,28.1908
7694,28.2382
7695,28.2221
7696,28.1467
7697,28.1901
7698,28.7563
7699,28.7515
7700,28.922
7701,28.7701
7702,28.8159
7703,28.8154
7704,28.8528
7705,28.8752
7706,28.8089
7707,28.795
7708,28.8572
7709,28.7897
7710,28.8096
7711,28.8324
7712,28.7388
7713,28.6957
7714,28.6987
7715,28.7839
7716,28.8223
7717,28.902
7718,28.8692
7719,28.8862
7720,28.8416
7721,28.8062
7722,28.7194
7723,28.8065
7724,28.8181
7725,28.8003
7726,28.7856
7727,28.8378
7728,28.7808
7729,28.8073
7730,28.8018
7731,28.8058
7732,28.8076
7733,28.7671
7734,28.8197
7735,28.7536
7736,28.8457
7737,28.7867
7738,28.7667
7739,28.7557
7740,28.8194
7741,28.7712
7742,28.8049
7743,28.6722
7744,28.7648
7745,28.8377
7746,28.7378
7747,28.803
7748,28.8334
7749,28.7881
7750,28.8432
7751,28.6674
7752,28.8387
7753,28.8006
7754,28.7446
7755,28.7219
7756,28.7646
7757,28.8461
7758,28.8813
7759,28.8335
7760,28.9138
7761,28.9326
7762,28.8913
7763,28.8615
7764,28.9181
7765,28.8851
7766,28.8345
7767,28.7781
7768,28.804
7769,28.697
7770,28.6937
7771,28.6614
7772,28.8221
7773,28.7668
7774,28.7898
7775,28.7766
7776,28.7781
7777,28.7348
7778,28.6922
7779,28.7354
7780,28.7767
7781,28.7698
7782,28.7831
7783,28.8325
7784,28.7199
7785,28.7555
7786,28.7569
7787,28.7841
7788,28.8086
7789,28.8062
7790,28.7941
7791,28.726
7792,28.714
7793,28.7469
7794,28.6685
7795,28.7452
7796,28.6524
7797,28.7289
7798,28.6552
7799,28.7436
7800,28.6522
7801,28.7132
7802,28.7222
7803,28.723
7804,28.8146
7805,28.844
7806,28.9088
7807,28.7687
7808,28.8481
7809,28.8355
7810,28.8013
7811,28.739
7812,28.7583
7813,28.7848
7814,28.8087
7815,28.7371
7816,28.7867
7817,28.8197
7818,28.8348
7819,28.8084
7820,28.7991
7821,28.7191
7822,28.727
7823,28.6432
7824,28.7101
7825,28.7799
7826,28.7515
7827,28.7328
7828,28.6867
7829,28.7741
7830,28.8194
7831,28.7538
7832,28.7091
7833,28.6674
7834,28.8292
7835,28.7697
7836,28.8037
7837,28.7615
7838,28.7461
7839,28.6804
7840,28.774
7841,28.6939
7842,28.7399
7843,28.6661
7844,28.6434
7845,28.6823
7846,28.7285
7847,28.7077
7848,28.7402
7849,28.8069
7850,28.7366
7851,28.7215
7852,28.8098
7853,28.7964
7854,28.7951
7855,28.7657
7856,28.7565
7857,28.784
7858,28.6992
7859,28.7663
7860,28.6031
7861,28.5804
7862,28.6802
7863,28.7388
7864,28.8066
7865,28.7647
7866,28.6581
7867,28.6827
7868,28.6989
7869,28.6078
7870,28.6925
7871,28.7345
7872,28.727
7873,28.6775
7874,28.5668
7875,28.5731
7876,28.597
7877,28.5642
7878,28.4743
7879,28.4409
7880,28.595
7881,28.5803
7882,28.5731
7883,28.6382
7884,28.5731
7885,28.5994
7886,28.5499
7887,28.5741
7888,28.5297
7889,28.5354
7890,28.5723
7891,28.631
7892,28.5986
7893,28.6678
7894,28.6291
7895,28.6321
7896,28.6885
7897,28.6783
7898,28.7265
7899,28.7509
7900,28.7477
7901,28.7166
7902,28.7588
7903,28.8046
7904,28.8776
7905,28.7183
7906,28.7661
7907,28.6888
7908,28.6108
7909,28.606
7910,28.5791
7911,28.655
7912,28.6013
7913,28.6453
7914,28.6826
7915,28.555
7916,28.6956
7917,28.7158
7918,28.6983
7919,28.7635
7920,28.7433
7921,28.6909
7922,28.6132
7923,28.5988
7924,28.6466
7925,28.6376
7926,28.6599
7927,28.5403
7928,28.587
7929,28.644
7930,28.4791
7931,28.5048
7932,28.5619
7933,28.5726
7934,28.4745
7935,28.5579
7936,28.6225
7937,28.6407
7938,28.6656
7939,28.5905
7940,28.6051
7941,28.692
7942,28.7542
7943,28.729
7944,28.6617
7945,28.6822
7946,28.6702
7947,28.625
7948,28.6184
7949,28.6111
7950,28.6854
7951,28.7076
7952,28.6494
7953,28.6221
7954,28.579
7955,28.5876
7956,28.603
7957,28.5913
7958,28.6228
7959,28.5594
7960,28.6825
7961,28.6032
7962,28.6912
7963,28.6231
7964,28.6406
7965,28.6172
7966,28.6966
7967,28.7355
7968,28.6128
7969,28.5538
7970,28.6476
7971,28.7187
7972,28.6416
7973,28.7183
7974,28.8132
7975,28.8229
7976,28.7634
7977,28.7769
7978,28.713
7979,28.6502
7980,28.7403
7981,28.6528
7982,28.7525
7983,28.6549
7984,28.7104
7985,28.6561
7986,28.6797
7987,28.5923
7988,28.552
7989,28.5004
7990,28.6341
7991,28.6328
7992,28.6718
7993,28.6567
7994,28.6599
7995,28.6727
7996,28.641
7997,28.4933
7998,28.6348
7999,28.6883
8000,28.5173
8001,28.6882
8002,28.7118
8003,28.622
8004,28.6319
8005,28.5339
8006,28.6051
8007,28.5535
8008,28.6202
8009,28.5446
8010,28.4971
8011,28.5908
8012,28.4629
8013,28.5037
8014,28.4621
8015,28.4747
8016,28.4624
8017,28.5786
8018,28.4854
8019,28.4134
8020,28.3561
8021,28.404
8022,28.4897
8023,28.5053
8024,28.4172
8025,28.4838
8026,28.3868
8027,28.55
8028,28.5272
8029,28.6868
8030,28.6665
8031,28.5469
8032,28.5688
8033,28.5571
8034,28.5053
8035,28.5652
8036,28.5255
8037,28.6144
8038,28.6313
8039,28.6639
8040,28.708
8041,28.6505
8042,28.6824
8043,28.6452
8044,28.7094
8045,28.7662
8046,28.7768
8047,28.7048
8048,28.6134
8049,28.6946
8050,28.5996
8051,28.62
8052,28.6265
8053,28.6247
8054,28.6646
8055,28.6791
8056,28.6929
8057,28.6267
8058,28.6433
8059,28.5912
8060,28.6645
8061,28.6061
8062,28.6161
8063,28.6004
8064,28.5891
8065,28.5036
8066,28.4788
8067,28.5055
8068,28.5571
8069,28.523
8070,28.5056
8071,28.5098
8072,28.5568
8073,28.6289
8074,28.6133
8075,28.6419
8076,28.5876
8077,28.6064
8078,28.6662
8079,28.6152
8080,28.6368
8081,28.5812
8082,28.5603
8083,28.6978
8084,28.6645
8085,28.7017
8086,28.7242
8087,28.6933
8088,28.8139
8089,28.7624
8090,28.6748
8091,28.7024
8092,28.5744
8093,28.5971
8094,28.6563
8095,28.5546
8096,28.5902
8097,28.6485
8098,28.7399
8099,28.7314
8100,28.7604
8101,28.8443
8102,28.673
8103,28.7895
8104,28.8044
8105,28.8206
8106,28.8111
8107,28.7448
8108,28.7052
8109,28.724
8110,28.7445
8111,28.7772
8112,28.7913
8113,28.6552
8114,28.6987
8115,28.6512
8116,28.6839
8117,28.7212
8118,28.7007
8119,28.624
8120,28.6567
8121,28.6263
8122,28.6305
8123,28.6446
8124,28.7732
8125,28.6442
8126,28.6776
8127,28.7254
8128,28.6709
8129,28.6649
8130,28.6599
8131,28.6805
8132,28.7462
8133,28.7873
8134,28.6619
8135,28.7779
8136,28.7576
8137,28.7066
8138,28.6193
8139,28.6151
8140,28.5776
8141,28.6701
8142,28.6879
8143,28.6636
8144,28.6433
8145,28.6907
8146,28.6373
8147,28.6249
8148,28.6147
8149,28.592
8150,28.7467
8151,28.679
8152,28.6886
8153,28.8255
8154,28.7979
8155,28.666
8156,28.7255
8157,28.7162
8158,28.6191
8159,28.6627
8160,28.7043
8161,28.7178
8162,28.6185
8163,28.7552
8164,28.7036
8165,28.6233
8166,28.6645
8167,28.6967
8168,28.6704
8169,28.6512
8170,28.6252
8171,28.7832
8172,28.7032
8173,28.6273
8174,28.544
8175,28.5264
8176,28.5759
8177,28.6295
8178,28.6732
8179,28.6038
8180,28.6168
8181,28.605
8182,28.6922
8183,28.6943
8184,28.7511
8185,28.7129
8186,28.7132
8187,28.6783
8188,28.6439
8189,28.6417
8190,28.5686
8191,28.6458
8192,28.608
8193,28.6279
8194,28.6045
8195,28.6754
8196,28.6222
8197,28.628
8198,28.7686
8199,28.7563
8200,28.6754
8201,28.6962
8202,28.7334
8203,28.692
8204,28.653
8205,28.6947
8206,28.6242
8207,28.6472
8208,28.6185
8209,28.6036
8210,28.5292
8211,28.5783
8212,28.6274
8213,28.713
8214,28.7161
8215,28.7039
8216,28.6863
8217,28.6352
8218,28.6148
8219,28.6922
8220,28.7038
8221,28.6813
8222,28.6256
8223,28.7657
8224,28.6683
8225,28.5986
8226,28.512
8227,28.6333
8228,28.6581
8229,28.578
8230,28.641
8231,28.6585
8232,28.6203
8233,28.6185
8234,28.6445
8235,28.6308
8236,28.6609
8237,28.5042
8238,28.5196
8239,28.4877
8240,28.5784
8241,28.5938
8242,28.6434
8243,28.6677
8244,28.6671
8245,28.5748
8246,28.6102
8247,28.6475
8248,28.6239
8249,28.6905
8250,28.6249
8251,28.5925
8252,28.6056
8253,28.612
8254,28.7004
8255,28.5582
8256,28.7142
8257,28.7041
8258,28.6305
8259,28.5681
8260,28.5704
8261,28.5554
8262,28.5968
8263,28.6338
8264,28.7136
8265,28.6317
8266,28.5298
8267,28.6378
8268,28.7076
8269,28.5376
8270,28.665
8271,28.6774
8272,28.8214
8273,28.1391
8274,28.0465
8275,28.674
8276,28.6047
8277,28.6453
8278,28.6746
8279,28.6586
8280,28.6318
8281,28.5362
8282,28.5734
8283,28.6679
8284,28.7559
8285,28.0804
8286,28.6279
8287,28.1303
8288,28.68
8289,28.7371
8290,28.0147
8291,28.132
8292,28.1109
8293,28.1665
8294,28.6775
8295,28.6557
8296,28.0933
8297,28.6362
8298,28.212
8299,28.1844
8300,28.0766
8301,28.0835
8302,28.162
8303,28.7177
8304,28.7586
8305,28.1471
8306,28.1318
8307,28.126
8308,28.7093
8309,28.1971
8310,28.2577
8311,28.2352
8312,28.3321
8313,28.3395
8314,28.4022
8315,28.3831
8316,28.8638
8317,28.8231
8318,28.9368
8319,28.899
8320,28.9251
8321,28.7919
8322,28.7874
8323,28.8424
8324,28.8336
8325,28.7853
8326,28.7518
8327,28.6557
8328,28.6943
8329,28.6239
8330,28.7106
8331,28.732
8332,28.676
8333,28.7522
8334,28.724
8335,28.7059
8336,28.7481
8337,28.7325
8338,28.7279
8339,28.7007
8340,28.7723
8341,28.7748
8342,28.7841
8343,28.7557
8344,28.666
8345,28.7276
8346,28.7184
8347,28.6586
8348,28.7253
8349,28.6794
8350,28.7828
8351,28.811
8352,28.84
8353,28.8012
8354,28.7619
8355,28.834
8356,28.8468
8357,28.8703
8358,28.9587
8359,28.9642
8360,28.9011
8361,28.9002
8362,28.8057
8363,28.8405
8364,28.8857
8365,28.8608
8366,28.8281
8367,29.0231
8368,28.9908
8369,28.9593
8370,28.9118
8371,28.8214
8372,28.8271
8373,28.8098
8374,28.9071
8375,28.8633
8376,28.9067
8377,28.8523
8378,28.8307
8379,28.8018
8380,28.9692
8381,28.9535
8382,28.8212
8383,28.8665
8384,29.009
8385,28.8806
8386,28.8052
8387,28.8282
8388,28.3532
8389,28.2784
8390,28.2569
8391,28.2458
8392,28.2104
8393,28.2188
8394,28.2203
8395,28.346
8396,28.7667
8397,28.7534
8398,28.8095
8399,28.7758
8400,28.2237
8401,28.2302
8402,28.7633
8403,28.7347
8404,28.8454
8405,28.7811
8406,28.284
8407,28.2379
8408,28.2649
8409,28.2373
8410,28.2975
8411,28.199
8412,28.7811
8413,28.8264
8414,28.9096
8415,28.7858
8416,28.8408
8417,28.7511
8418,28.2781
8419,28.3324
8420,28.2413
8421,28.3083
8422,28.3338
8423,28.3025
8424,28.3582
8425,28.351
8426,28.3136
8427,28.2843
8428,28.3593
8429,28.4545
8430,28.3635
8431,28.3624
8432,28.425
8433,28.2667
8434,28.2507
8435,28.276
8436,28.2685
8437,28.1921
8438,28.1751
8439,28.209
8440,28.8082
8441,28.301
8442,28.3178
8443,28.3917
8444,28.3547
8445,28.3098
8446,28.2233
8447,28.2261
8448,28.2598
8449,28.2557
8450,28.2933
8451,28.3082
8452,28.3269
8453,28.2053
8454,28.2739
8455,28.2467
8456,28.2752
8457,28.1109
8458,28.3441
8459,28.228
8460,28.1603
8461,28.2088
8462,28.2169
8463,28.1301
8464,28.1729
8465,28.256
8466,28.1271
8467,28.2448
8468,28.1672
8469,28.0791
8470,28.141
8471,28.1134
8472,28.1523
8473,28.1353
8474,28.148
8475,28.099
8476,28.0254
8477,28.0039
8478,28.0344
8479,28.0726
8480,28.0574
8481,28.0616
8482,28.1858
8483,28.2024
8484,28.1992
8485,28.2271
8486,28.2725
8487,28.1891
8488,28.2037
8489,28.1077
8490,28.0929
8491,28.1395
8492,28.0462
8493,28.1086
8494,28.0807
8495,28.0577
8496,28.0493
8497,27.9843
8498,28.1016
8499,28.0298
8500,28.1283
8501,28.1415
8502,28.1449
8503,28.1093
8504,28.1347
8505,28.0274
8506,28.0486
8507,28.0985
8508,28.0411
8509,28.0679
8510,28.0319
8511,28.0996
8512,28.0857
8513,28.0355
8514,28.0526
8515,28.0821
8516,28.0252
8517,28.095
8518,28.0615
8519,28.0428
8520,28.1033
8521,28.1032
8522,28.2118
8523,28.1283
8524,28.0648
8525,28.0614
8526,28.1101
8527,28.0681
8528,28.0775
8529,28.105
8530,28.1343
8531,28.0279
8532,28.1758
8533,28.154
8534,28.1342
8535,28.1883
8536,28.1306
8537,28.2185
8538,28.1521
8539,28.142
8540,28.1838
8541,28.1404
8542,28.1592
8543,28.1763
8544,28.0985
8545,28.2313
8546,28.2365
8547,28.1794
8548,28.2753
8549,28.3686
8550,28.3629
8551,28.3023
8552,28.2325
8553,28.1642
8554,28.2548
8555,28.2512
8556,28.187
8557,28.2004
8558,28.0844
8559,28.2078
8560,28.2146
8561,28.1731
8562,28.0941
8563,28.0613
8564,28.2107
8565,28.1901
8566,28.1868
8567,28.2148
8568,28.0743
8569,28.1273
8570,28.176
8571,28.1954
8572,28.2665
8573,28.1709
8574,28.119
8575,28.1171
8576,28.1451
8577,28.1156
8578,28.2739
8579,28.1762
8580,28.2451
8581,28.1577
8582,28.179
8583,28.2231
8584,28.1372
8585,28.2515
8586,28.3528
8587,28.2414
8588,28.2733
8589,28.3108
8590,28.2718
8591,28.2116
8592,28.2074
8593,28.111
8594,28.1821
8595,28.1576
8596,28.1468
8597,28.2825
8598,28.2185
8599,28.1942
8600,28.2941
8601,28.1795
8602,28.3113
8603,28.1914
8604,28.2478
8605,28.2388
8606,28.2105
8607,28.227
8608,28.2151
8609,28.2854
8610,28.1505
8611,28.122
8612,28.1833
8613,28.2111
8614,28.1232
8615,28.1799
8616,28.1129
8617,28.2999
8618,28.3319
8619,28.331
8620,28.4107
8621,28.3332
8622,28.3623
8623,28.416
8624,28.2737
8625,28.1904
8626,28.2693
8627,28.3105
8628,28.2264
8629,28.191
8630,28.2918
8631,28.3746
8632,28.372
8633,28.3521
8634,28.3077
8635,28.3172
8636,28.3607
8637,28.4428
8638,28.2875
8639,28.3027
8640,28.3547
8641,28.2815
8642,28.2243
8643,28.2118
8644,28.1734
8645,28.2065
8646,28.2347
8647,28.214
8648,28.201
8649,28.1503
8650,28.2145
8651,28.1525
8652,28.1654
8653,28.1815
8654,28.2427
8655,28.2746
8656,28.2982
8657,28.1003
8658,28.226
8659,28.3047
8660,28.2084
8661,28.2649
8662,28.2472
8663,28.2516
8664,28.1964
8665,28.16
8666,28.1017
8667,28.2403
8668,28.1737
8669,28.186
8670,28.1862
8671,28.1272
8672,28.0513
8673,28.1329
8674,28.1523
8675,28.2212
8676,28.1428
8677,28.181
8678,28.2609
8679,28.3247
8680,28.154
8681,28.2151
8682,28.3412
8683,28.2701
8684,28.1081
8685,28.2812
8686,28.0789
8687,28.2425
8688,28.2047
8689,28.2259
8690,28.0279
8691,28.1235
8692,28.0921
8693,28.122
8694,28.144
8695,28.2896
8696,28.1945
8697,28.1202
8698,28.098
8699,28.1459
8700,28.1747
8701,28.0962
8702,28.2021
8703,28.1778
8704,28.118
8705,28.0733
8706,28.1099
8707,28.1233
8708,27.9985
8709,28.0141
8710,28.0479
8711,27.9975
8712,28.0991
8713,28.012
8714,28.0039
8715,27.9566
8716,27.9494
8717,27.9702
8718,27.9695
8719,27.9435
8720,27.9555
8721,27.9889
8722,27.9334
8723,28.0132
8724,28.0837
8725,28.0486
8726,28.0962
8727,28.1395
8728,28.0126
8729,28.1569
8730,27.998
8731,28.1053
8732,28.1057
8733,28.1031
8734,28.0493
8735,28.1036
8736,28.0889
8737,28.0061
8738,28.0796
8739,28.0275
8740,28.0083
8741,28.0303
8742,28.0615
8743,27.932
8744,27.9881
8745,28.0523
8746,28.0581
8747,28.0155
8748,28.044
8749,28.1008
8750,28.0396
8751,28.1179
8752,28.1248
8753,28.1799
8754,28.1716
8755,28.08
8756,28.153
8757,28.1286
8758,28.0435
8759,27.9211
8760,28.0442
8761,27.9322
8762,27.9936
8763,28.0096
8764,27.9026
8765,28.0924
8766,28.0702
8767,28.0754
8768,28.0909
8769,28.0102
8770,28.1312
8771,28.0359
8772,28.1314
8773,28.1351
8774,28.0149
8775,28.1996
8776,28.1427
8777,28.1398
8778,28.1362
8779,28.311
8780,28.1558
8781,28.2015
8782,28.1895
8783,28.1799
8784,28.1716
8785,28.1722
8786,28.0854
8787,28.1043
8788,27.9979
8789,28.1203
8790,28.0726
8791,28.1718
8792,28.0669
8793,28.0816
8794,28.1536
8795,28.1032
8796,28.1653
8797,28.159
8798,28.0112
8799,28.2137
8800,28.1435
8801,28.1259
8802,28.0738
8803,28.1934
8804,28.1076
8805,28.0957
8806,28.0077
8807,28.1261
8808,28.1345
8809,28.1294
8810,28.0933
8811,28.167
8812,28.1667
8813,28.1253
8814,28.1457
8815,28.1296
8816,28.1649
8817,28.294
8818,28.255
8819,28.182
8820,28.0966
8821,28.1237
8822,28.1598
8823,28.1806
8824,28.2183
8825,28.1131
8826,28.2424
8827,28.1883
8828,28.1119
8829,28.1735
8830,28.1461
8831,28.2143
8832,28.0398
8833,28.1927
8834,28.2375
8835,28.1583
8836,28.1837
8837,28.1956
8838,28.1722
8839,28.147
8840,28.1671
8841,28.1107
8842,28.1198
8843,28.1826
8844,28.1209
8845,28.1376
8846,28.1377
8847,28.0312
8848,28.1532
8849,28.1271
8850,28.0971
8851,28.2158
8852,28.248
8853,28.266
8854,28.2557
8855,28.2766
8856,28.2572
8857,28.1255
8858,28.1895
8859,28.3095
8860,28.276
8861,28.3445
8862,28.3625
8863,28.28
8864,28.2578
8865,28.0923
8866,28.1676
8867,28.1795
8868,28.153
8869,28.1437
8870,28.1765
8871,28.1697
8872,28.1995
8873,28.0956
8874,28.1712
8875,28.0554
8876,28.1083
8877,28.1142
8878,28.0703
8879,28.0647
8880,28.1397
8881,28.0623
8882,28.0616
8883,28.1362
8884,28.1116
8885,28.1388
8886,28.2088
8887,28.2524
8888,28.1737
8889,28.2387
8890,28.1789
8891,28.1797
8892,28.1846
8893,28.1928
8894,28.1247
8895,28.1724
8896,28.1236
8897,28.1067
8898,28.1462
8899,28.2213
8900,28.1166
8901,28.1739
8902,28.151
8903,28.3192
8904,28.1767
8905,28.2374
8906,28.2416
8907,28.0868
8908,28.1576
8909,28.1866
8910,28.0796
8911,28.1801
8912,28.2434
8913,28.2177
8914,28.1327
8915,28.1531
8916,28.2345
8917,28.1213
8918,28.0348
8919,28.1394
8920,28.1239
8921,28.2154
8922,28.096
8923,28.0245
8924,28.08
8925,28.1396
8926,28.1058
8927,28.1661
8928,28.0813
8929,28.0411
8930,28.1253
8931,28.022
8932,28.06
8933,28.0769
8934,28.1155
8935,28.0686
8936,28.0994
8937,28.2603
8938,28.092
8939,28.1025
8940,28.135
8941,28.1019
8942,28.1282
8943,28.0858
8944,28.2052
8945,28.1277
8946,28.2396
8947,28.1595
8948,28.1934
8949,28.2188
8950,28.1507
8951,28.1789
8952,28.1128
8953,28.0379
8954,28.0785
8955,28.1531
8956,28.1128
8957,28.1357
8958,28.2092
8959,28.1212
8960,28.1151
8961,28.2303
8962,28.0285
8963,28.1291
8964,28.1324
8965,28.1016
8966,28.1656
8967,28.1878
8968,28.1037
8969,28.2218
8970,28.1911
8971,28.1442
8972,28.0946
8973,28.1554
8974,28.1051
8975,28.1025
8976,28.1629
8977,28.1908
8978,28.1206
8979,28.0598
8980,28.0772
8981,28.0448
8982,28.0172
8983,28.0757
8984,28.1033
8985,28.0561
8986,28.1469
8987,28.1088
8988,28.0292
8989,28.0264
8990,28.1607
8991,28.036
8992,28.1664
8993,28.1156
8994,28.0883
8995,28.1241
8996,28.1401
8997,28.1195
8998,28.1672
8999,28.1476
9000,28.0714
9001,28.1066
9002,28.1585
9003,28.134
9004,28.1041
9005,28.066
9006,28.0773
9007,28.0932
9008,28.0465
9009,28.0748
9010,28.2564
9011,28.2293
9012,28.2492
9013,28.2225
9014,28.1026
9015,28.1981
9016,28.1706
9017,28.1649
9018,28.1681
9019,28.1733
9020,28.2027
9021,28.1625
9022,28.1339
9023,28.1289
9024,28.1421
9025,28.0805
9026,28.2168
9027,28.0952
9028,28.2627
9029,28.2221
9030,28.1794
9031,28.2984
9032,28.2893
9033,28.1543
9034,28.135
9035,28.1313
9036,28.0684
9037,28.1277
9038,28.2085
9039,28.1785
9040,28.1265
9041,28.231
9042,28.2412
9043,28.19
9044,28.2303
9045,28.2515
9046,28.3376
9047,28.2831
9048,28.164
9049,28.2264
9050,28.1319
9051,28.0996
9052,28.0291
9053,28.0812
9054,28.008
9055,28.0929
9056,28.0829
9057,28.0723
9058,28.0931
9059,28.0165
9060,28.095
9061,28.0332
9062,28.055
9063,28.0762
9064,28.0732
9065,28.2267
9066,28.2104
9067,28.208
9068,28.1318
9069,28.1136
9070,28.2179
9071,28.2239
9072,28.1774
9073,28.1878
9074,28.1346
9075,28.1208
9076,28.1666
9077,28.1834
9078,28.1214
9079,28.1335
9080,28.2496
9081,28.1653
9082,28.1398
9083,28.2784
9084,28.2376
9085,28.2471
9086,28.3034
9087,28.2137
9088,28.2898
9089,28.2048
9090,28.2679
9091,28.2334
9092,28.1217
9093,28.0191
9094,28.15
9095,28.1688
9096,28.253
9097,28.1579
9098,28.25
9099,28.1798
9100,28.2305
9101,28.199
9102,28.0925
9103,28.2616
9104,28.2317
9105,28.1964
9106,28.2794
9107,28.2824
9108,28.3023
9109,28.4179
9110,28.3706
9111,28.3567
9112,28.3223
9113,28.2838
9114,28.282
9115,28.2095
9116,28.229
9117,28.1985
9118,28.2738
9119,28.2289
9120,28.2845
9121,28.2735
9122,28.1987
9123,28.2747
9124,28.2295
9125,28.2296
9126,28.2388
9127,28.2283
9128,28.3647
9129,28.3617
9130,28.3287
9131,28.2152
9132,28.188
9133,28.1549
9134,28.4991
9135,28.6444
9136,28.6474
9137,28.6885
9138,28.2198
9139,28.2332
9140,28.6338
9141,28.3186
9142,28.3307
9143,28.6836
9144,28.7612
9145,28.2154
9146,28.6241
9147,28.6383
9148,28.654
9149,28.634
9150,28.6917
9151,28.6436
9152,28.7113
9153,28.6069
9154,28.6102
9155,28.703
9156,28.6049
9157,28.6445
9158,28.7378
9159,28.6602
9160,28.5857
9161,28.6159
9162,28.5899
9163,28.4976
9164,28.4718
9165,28.5556
9166,28.541
9167,28.5959
9168,28.2911
9169,28.2508
9170,28.1681
9171,28.1583
9172,28.2022
9173,28.2333
9174,28.1714
9175,28.6452
9176,28.666
9177,28.6336
9178,28.5886
9179,28.5859
9180,28.6644
9181,28.6848
9182,28.598
9183,28.508
9184,28.5283
9185,28.5795
9186,28.5279
9187,28.4984
9188,28.4598
9189,28.4599
9190,28.4788
9191,28.5028
9192,28.5261
9193,28.5461
9194,28.5603
9195,28.5074
9196,28.4249
9197,28.5196
9198,28.5417
9199,28.4869
9200,28.5247
9201,28.4871
9202,28.5269
9203,28.627
9204,28.5493
9205,28.5751
9206,28.6019
9207,28.5631
9208,28.5522
9209,28.4743
9210,28.5232
9211,28.4425
9212,28.5869
9213,28.5295
9214,28.5317
9215,28.659
9216,28.55
9217,28.6013
9218,28.6389
9219,28.5335
9220,28.5943
9221,28.6286
9222,28.5646
9223,28.4919
9224,28.0058
9225,28.4578
9226,28.5072
9227,28.5013
9228,28.5043
9229,28.5436
9230,28.4816
9231,28.5326
9232,28.6591
9233,28.6038
9234,28.6587
9235,28.665
9236,28.5972
9237,28.5448
9238,28.6082
9239,28.6595
9240,28.5995
9241,28.6105
9242,28.0844
9243,28.6431
9244,28.5875
9245,28.5731
9246,28.5861
9247,28.2245
9248,28.1822
9249,28.5429
9250,28.3909
9251,28.7217
9252,28.8286
9253,28.8916
9254,28.8079
9255,28.7094
9256,28.6836
9257,28.6049
9258,28.6165
9259,28.5886
9260,28.1205
9261,28.2059
9262,28.564
9263,28.1461
9264,28.6077
9265,28.5733
9266,28.1361
9267,28.1099
9268,28.6227
9269,28.6267
9270,28.1941
9271,28.075
9272,28.5259
9273,28.6558
9274,28.1818
9275,28.1393
9276,28.6248
9277,28.7406
9278,28.6814
9279,28.6531
9280,28.6176
9281,28.6391
9282,28.6721
9283,28.6384
9284,28.6032
9285,28.6845
9286,28.5751
9287,28.6317
9288,28.644
9289,28.6367
9290,28.585
9291,28.5783
9292,28.2176
9293,28.3079
9294,28.1465
9295,28.0893
9296,28.1931
9297,28.1573
9298,28.179
9299,28.1088
9300,28.6225
9301,28.6569
9302,28.7413
9303,28.7274
9304,28.7119
9305,28.6421
9306,28.7407
9307,28.77
9308,28.7232
9309,28.7582
9310,28.7562
9311,28.7544
9312,28.6773
9313,28.6614
9314,28.7095
9315,28.7151
9316,28.1917
9317,28.2061
9318,28.3284
9319,28.3763
9320,28.4864
9321,28.3781
9322,28.8377
9323,28.8008
9324,28.8092
9325,28.3441
9326,28.2883
9327,28.8887
9328,28.7316
9329,28.7789
9330,28.7256
9331,28.7309
9332,28.6579
9333,28.82
9334,28.6892
9335,28.6824
9336,28.8448
9337,28.7465
9338,28.5685
9339,28.7903
9340,28.7996
9341,28.8061
9342,28.798
9343,28.8888
9344,28.8491
9345,28.8127
9346,28.7613
9347,28.7261
9348,28.8687
9349,28.8448
9350,28.8237
9351,28.3831
9352,28.385
9353,28.3635
9354,28.7102
9355,28.7005
9356,28.7463
9357,28.8155
9358,28.3505
9359,28.439
9360,28.4554
9361,28.3339
9362,28.342
9363,28.7285
9364,28.7559
9365,28.7863
9366,28.6903
9367,28.7719
9368,28.2513
9369,28.6052
9370,28.2037
9371,28.1539
9372,28.2992
9373,28.3856
9374,28.337
9375,28.4434
9376,28.3693
9377,28.4351
9378,28.4559
9379,28.4537
9380,28.3293
9381,28.3377
9382,28.2538
9383,28.2935
9384,28.3221
9385,28.4396
9386,28.3841
9387,28.374
9388,28.2734
9389,28.3185
9390,28.1831
9391,28.3377
9392,28.3535
9393,28.4079
9394,28.3563
9395,28.3153
9396,28.2871
9397,28.2951
9398,28.4244
9399,28.3853
9400,28.3735
9401,28.4733
9402,28.3599
9403,28.3922
9404,28.4288
9405,28.4667
9406,28.4646
9407,28.689
9408,28.8123
9409,28.816
9410,28.8736
9411,28.3808
9412,28.9082
9413,28.8827
9414,28.945
9415,28.8769
9416,28.8398
9417,28.9038
9418,28.8304
9419,28.8372
9420,28.7465
9421,28.7104
9422,28.7521
9423,28.6843
9424,28.6681
9425,28.7139
9426,28.6901
9427,28.743
9428,28.6956
9429,28.6762
9430,28.6913
9431,28.706
9432,28.6252
9433,28.6383
9434,28.6398
9435,28.6972
9436,28.5744
9437,28.6515
9438,28.5807
9439,28.5943
9440,28.6162
9441,28.5515
9442,28.6037
9443,28.7115
9444,28.6315
9445,28.6689
9446,28.6975
9447,28.6652
9448,28.5842
9449,28.6079
9450,28.5749
9451,28.6466
9452,28.2725
9453,28.1419
9454,28.5841
9455,28.1767
9456,28.5508
9457,28.6467
9458,28.6219
9459,28.6589
9460,28.2846
9461,28.2234
9462,28.1636
9463,28.1304
9464,28.1497
9465,28.2279
9466,28.1126
9467,28.2721
9468,28.2711
9469,28.1814
9470,28.2197
9471,28.2313
9472,28.2306
9473,28.2499
9474,28.1397
9475,28.1012
9476,28.1931
9477,28.177
9478,28.2027
9479,28.277
9480,28.6753
9481,28.7334
9482,28.3746
9483,28.8334
9484,28.3324
9485,28.2246
9486,28.7981
9487,28.3044
9488,28.8065
9489,28.3567
9490,28.3439
9491,28.343
9492,28.7822
9493,28.741
9494,28.7433
9495,28.8015
9496,28.7727
9497,28.3399
9498,28.3627
9499,28.2887
9500,28.3914
9501,28.3744
9502,28.35
9503,28.4376
9504,28.3904
9505,28.3916
9506,28.2854
9507,28.4232
9508,28.3443
9509,28.4484
9510,28.4226
9511,28.3816
9512,28.4415
9513,28.31
9514,28.4116
9515,28.4411
9516,28.3991
9517,28.3851
9518,28.2941
9519,28.3788
9520,28.4511
9521,28.4795
9522,28.545
9523,28.521
9524,28.5364
9525,28.5137
9526,28.651
9527,28.5382
9528,28.566
9529,28.486
9530,28.427
9531,28.4153
9532,28.3632
9533,28.3979
9534,28.3605
9535,28.3277
9536,28.3217
9537,28.2722
9538,28.3217
9539,28.2507
9540,28.2883
9541,28.3297
9542,28.3386
9543,28.3846
9544,28.408
9545,28.4197
9546,28.4541
9547,28.3737
9548,28.4562
9549,28.3822
9550,28.4586
9551,28.339
9552,28.4576
9553,28.3924
9554,28.3936
9555,28.3745
9556,28.4005
9557,28.295
9558,28.4124
9559,28.4121
9560,28.3577
9561,28.4281
9562,28.4773
9563,28.4423
9564,28.4197
9565,28.3414
9566,28.3563
9567,28.3802
9568,28.206
9569,28.4356
9570,28.4043
9571,28.4564
9572,28.2691
9573,28.3291
9574,28.2887
9575,28.2922
9576,28.4389
9577,28.3338
9578,28.3536
9579,28.4847
9580,28.399
9581,28.3351
9582,28.4071
9583,28.4031
9584,28.423
9585,28.4028
9586,28.506
9587,28.4549
9588,28.4764
9589,28.4166
9590,28.371
9591,28.3938
9592,28.4415
9593,28.542
9594,28.5945
9595,28.4513
9596,28.4558
9597,28.502
9598,28.5226
9599,28.566
9600,28.5702
9601,28.5341
9602,28.7262
9603,28.5463
9604,28.5344
9605,28.6533
9606,28.5892
9607,28.418
9608,28.4697
9609,28.4997
9610,28.4159
9611,28.4848
9612,28.4684
9613,28.3038
9614,28.328
9615,28.2964
9616,28.2673
9617,28.3442
9618,28.2688
9619,28.3116
9620,28.3411
9621,28.3582
9622,28.2783
9623,28.3221
9624,28.2141
9625,28.2881
9626,28.2372
9627,28.2191
9628,28.2679
9629,28.2413
9630,28.3458
9631,28.3691
9632,28.2516
9633,28.2795
9634,28.2334
9635,28.2606
9636,28.2318
9637,28.1944
9638,28.2757
9639,28.2189
9640,28.3209
9641,28.3248
9642,28.3097
9643,28.19
9644,28.2761
9645,28.2303
9646,28.1184
9647,28.1068
9648,28.0984
9649,28.2659
9650,28.1338
9651,28.2868
9652,28.2308
9653,28.1513
9654,28.2495
9655,28.2737
9656,28.2152
9657,28.2534
9658,28.2311
9659,28.1614
9660,28.3006
9661,28.3041
9662,28.1211
9663,28.2892
9664,28.3491
9665,28.3362
9666,28.4229
9667,28.3391
9668,28.2671
9669,28.2626
9670,28.1892
9671,28.2827
9672,28.1076
9673,28.1042
9674,28.1783
9675,28.1742
9676,28.1137
9677,28.2063
9678,28.294
9679,28.2769
9680,28.1523
9681,28.2218
9682,28.0989
9683,28.1846
9684,28.1987
9685,28.2291
9686,28.2826
9687,28.2185
9688,28.2302
9689,28.1611
9690,28.1648
9691,28.117
9692,28.1013
9693,28.084
9694,28.2063
9695,28.1934
9696,28.2193
9697,28.2644
9698,28.2836
9699,28.2457
9700,28.2623
9701,28.2392
9702,28.2349
9703,28.2254
9704,28.2294
9705,28.3572
9706,28.2486
9707,28.1809
9708,28.1724
9709,28.1514
9710,28.2771
9711,28.124
9712,28.1918
9713,28.1765
9714,28.1686
9715,28.1992
9716,28.1292
9717,28.1574
9718,28.1272
9719,28.1513
9720,28.1214
9721,28.167
9722,28.094
9723,28.1023
9724,28.1177
9725,28.0414
9726,28.192
9727,28.0994
9728,28.1542
9729,28.1323
9730,28.1009
9731,28.1484
9732,28.012
9733,28.0735
9734,28.2129
9735,28.1476
9736,28.1406
9737,28.1532
9738,28.1435
9739,28.1616
9740,28.2165
9741,28.2317
9742,28.2359
9743,28.241
9744,28.2941
9745,28.2722
9746,28.2692
9747,28.1885
9748,28.2136
9749,28.1577
9750,28.1712
9751,28.1741
9752,28.1491
9753,28.2476
9754,28.1531
9755,28.1857
9756,28.1472
9757,28.1649
9758,28.1217
9759,28.1776
9760,28.2042
9761,28.2166
9762,28.1047
9763,28.144
9764,28.1909
9765,28.1803
9766,28.2096
9767,28.1303
9768,27.9984
9769,28.1477
9770,28.0108
9771,28.0882
9772,28.0729
9773,28.1359
9774,28.1629
9775,28.077
9776,28.0814
9777,28.0475
9778,28.1335
9779,28.0722
9780,28.0682
9781,28.0402
9782,28.0178
9783,28.02
9784,28.0332
9785,28.1234
9786,28.1138
9787,28.0753
9788,28.1039
9789,28.0534
9790,28.0985
9791,27.9906
9792,27.9309
9793,28.1182
9794,28.1063
9795,28.0651
9796,28.1256
9797,28.0742
9798,28.0655
9799,28.1985
9800,28.1423
9801,28.1362
9802,28.0908
9803,28.0267
9804,28.0359
9805,28.0899
9806,28.0603
9807,28.0244
9808,27.9922
9809,27.978
9810,27.997
9811,28.0767
9812,28.0149
9813,27.9769
9814,28.0132
9815,28.0635
9816,27.999
9817,27.9176
9818,28.0047
9819,28.0459
9820,27.9529
9821,28.0046
9822,28.0311
9823,28.0725
9824,28.0648
9825,28.0048
9826,28.0261
9827,28.1028
9828,27.9332
9829,28.0245
9830,28.0524
9831,27.985
9832,28.0035
9833,27.9732
9834,28.0037
9835,28.0212
9836,28.0227
9837,28.0409
9838,28.0791
9839,28.1131
9840,28.0114
9841,28.1141
9842,27.9782
9843,28.0722
9844,28.1058
9845,27.975
9846,27.9412
9847,27.9975
9848,27.9869
9849,27.9963
9850,27.9402
9851,27.9846
9852,27.9833
9853,27.8976
9854,28.0082
9855,28.0196
9856,27.9891
9857,27.9368
9858,28.0553
9859,27.9701
9860,27.9218
9861,28.0639
9862,28.0265
9863,28.0196
9864,27.9607
9865,27.9521
9866,28.0956
9867,28.0059
9868,27.9738
9869,27.9586
9870,28.0074
9871,28.0805
9872,28.0967
9873,28.0661
9874,28.0125
9875,28.0879
9876,28.0977
9877,28.0546
9878,27.9839
9879,28.0108
9880,28.0835
9881,28.0794
9882,28.0785
9883,27.9936
9884,28.0123
9885,28.0543
9886,28.0535
9887,28.0403
9888,28.0976
9889,28.1392
9890,28.0396
9891,28.135
9892,28.1515
9893,28.2384
9894,28.0493
9895,28.0332
9896,28.0868
9897,28.1458
9898,28.046
9899,28.1084
9900,28.0605
9901,28.1238
9902,28.1735
9903,28.1208
9904,28.0538
9905,28.1212
9906,28.1054
9907,28.0892
9908,28.0297
9909,27.9706
9910,27.9936
9911,28.0175
9912,28.0369
9913,28.0629
9914,28.126
9915,28.2234
9916,28.1427
9917,28.1212
9918,27.9757
9919,28.0947
9920,28.1598
9921,28.2005
9922,28.1698
9923,28.1309
9924,28.1585
9925,28.1931
9926,28.1358
9927,28.1613
9928,28.0528
9929,28.119
9930,28.043
9931,28.0518
9932,28.1091
9933,28.093
9934,28.0918
9935,28.0484
9936,28.1904
9937,28.1386
9938,28.1186
9939,28.1838
9940,28.1918
9941,28.2398
9942,28.2324
9943,28.1519
9944,28.1252
9945,28.0332
9946,28.1126
9947,28.1967
9948,28.0573
9949,28.1029
9950,28.0405
9951,28.0874
9952,28.1143
9953,28.1175
9954,28.1912
9955,28.1808
9956,28.1633
9957,28.1328
9958,28.1144
9959,27.9986
9960,28.0728
9961,28.0709
9962,28.1002
9963,28.0952
9964,28.1004
9965,28.1087
9966,28.0608
9967,28.1439
9968,28.1953
9969,28.1789
9970,28.1425
9971,28.1039
9972,28.0391
9973,28.1101
9974,28.1664
9975,28.2734
9976,28.1455
9977,28.2372
9978,28.2613
9979,28.2368
9980,28.1489
9981,28.2005
9982,28.2397
9983,28.1981
9984,28.2255
9985,28.2563
9986,28.1041
9987,28.0396
9988,28.084
9989,28.0611
9990,28.2233
9991,28.2916
9992,28.1363
9993,28.0822
9994,28.1601
9995,28.0636
9996,28.141
9997,28.1795
9998,28.2399
9999,28.214
10000,28.2374
