#Frame      RoG_00001
       1      27.9647
       2      28.0147
       3      27.9036
       4      28.0890
       5      28.0916
       6      27.9810
       7      28.0480
       8      28.0137
       9      28.0300
      10      28.0929
      11      28.0219
      12      27.9787
      13      28.0284
      14      28.0988
      15      28.1001
      16      28.0385
      17      28.0298
      18      28.0685
      19      28.0986
      20      28.1954
      21      28.0227
      22      28.1424
      23      28.1692
      24      28.1629
      25      28.1697
      26      28.1197
      27      28.3057
      28      28.2913
      29      28.2206
      30      28.1986
      31      28.1643
      32      27.9983
      33      28.1541
      34      28.1127
      35      28.0344
      36      28.1149
      37      28.0427
      38      28.0923
      39      28.0654
      40      28.1668
      41      28.2203
      42      28.1994
      43      28.1002
      44      28.1386
      45      28.1195
      46      28.2356
      47      28.2053
      48      28.2556
      49      28.2927
      50      28.2967
      51      28.3247
      52      28.3268
      53      28.1603
      54      28.2255
      55      28.1320
      56      28.2063
      57      28.2178
      58      28.2018
      59      28.3343
      60      28.2638
      61      28.3619
      62      28.3195
      63      28.2771
      64      28.3996
      65      28.3117
      66      28.2381
      67      28.3835
      68      28.2806
      69      28.3122
      70      28.2432
      71      28.3823
      72      28.3046
      73      28.3558
      74      28.2481
      75      28.2661
      76      28.2133
      77      28.2350
      78      28.2299
      79      28.1758
      80      28.3231
      81      28.1439
      82      28.2016
      83      28.2571
      84      28.2386
      85      28.2801
      86      28.2304
      87      28.2172
      88      28.1370
      89      28.3217
      90      28.3771
      91      28.2760
      92      28.2285
      93      28.2208
      94      28.1721
      95      28.1698
      96      28.1711
      97      28.1396
      98      28.1584
      99      28.2563
     100      28.2122
     101      28.1741
     102      28.2198
     103      28.1781
     104      28.2704
     105      28.4681
     106      28.4095
     107      28.2977
     108      28.4002
     109      28.3630
     110      28.3044
     111      28.4006
     112      28.3469
     113      28.3940
     114      28.4098
     115      28.4104
     116      28.3793
     117      28.4615
     118      28.3311
     119      28.3473
     120      28.4637
     121      28.3676
     122      28.3806
     123      28.2365
     124      28.2546
     125      28.2373
     126      28.3190
     127      28.3723
     128      28.3434
     129      28.4577
     130      28.3257
     131      28.3933
     132      28.2994
     133      28.3423
     134      28.3329
     135      28.3246
     136      28.4107
     137      28.3909
     138      28.3719
     139      28.2581
     140      28.2132
     141      28.2650
     142      28.3875
     143      28.4347
     144      28.4634
     145      28.4469
     146      28.4652
     147      28.4808
     148      28.4024
     149      28.4159
     150      28.3793
     151      28.4390
     152      28.4180
     153      28.2658
     154      28.3508
     155      28.4589
     156      28.4613
     157      28.5049
     158      28.5522
     159      28.5532
     160      28.4821
     161      28.5540
     162      28.3978
     163      28.3859
     164      28.3781
     165      28.3595
     166      28.3765
     167      28.3447
     168      28.3859
     169      28.4355
     170      28.4796
     171      28.4919
     172      28.3682
     173      28.4087
     174      28.4723
     175      28.4597
     176      28.4621
     177      28.3836
     178      28.5298
     179      28.3879
     180      28.3961
     181      28.3814
     182      28.3591
     183      28.4359
     184      28.5042
     185      28.4108
     186      28.4343
     187      28.4809
     188      28.5540
     189      28.4625
     190      28.4893
     191      28.4646
     192      28.4779
     193      28.5508
     194      28.4742
     195      28.4086
     196      28.5008
     197      28.5384
     198      28.5004
     199      28.4792
     200      28.5327
     201      28.4459
     202      28.3967
     203      28.4264
     204      28.5259
     205      28.4531
     206      28.4538
     207      28.3873
     208      28.4481
     209      28.4297
     210      28.3967
     211      28.4310
     212      28.5036
     213      28.4849
     214      28.3951
     215      28.4481
     216      28.4485
     217      28.3738
     218      28.4468
     219      28.3359
     220      28.4543
     221      28.2842
     222      28.1488
     223      28.2927
     224      28.2601
     225      28.3404
     226      28.2847
     227      28.2536
     228      28.1705
     229      28.2632
     230      28.1730
     231      28.2844
     232      28.2205
     233      28.3397
     234      28.4401
     235      28.3736
     236      28.2976
     237      28.3912
     238      28.3121
     239      28.3459
     240      28.3178
     241      28.3507
     242      28.2830
     243      28.3583
     244      28.3771
     245      28.3982
     246      28.2332
     247      28.3498
     248      28.3898
     249      28.4659
     250      28.4646
     251      28.3869
     252      28.4303
     253      28.3497
     254      28.3794
     255      28.3618
     256      28.4221
     257      28.3574
     258      28.4424
     259      28.4253
     260      28.3521
     261      28.2428
     262      28.3031
     263      28.3515
     264      28.2657
     265      28.2095
     266      28.2962
     267      28.3130
     268      28.2750
     269      28.3823
     270      28.3101
     271      28.3821
     272      28.4404
     273      28.3833
     274      28.4148
     275      28.3281
     276      28.3140
     277      28.3174
     278      28.3825
     279      28.3195
     280      28.2965
     281      28.3139
     282      28.3652
     283      28.3359
     284      28.4009
     285      28.3001
     286      28.2810
     287      28.3022
     288      28.3680
     289      28.3197
     290      28.4073
     291      28.2517
     292      28.3790
     293      28.3412
     294      28.2544
     295      28.3644
     296      28.3274
     297      28.3133
     298      28.3398
     299      28.4269
     300      28.5158
     301      28.4048
     302      28.4109
     303      28.4728
     304      28.4049
     305      28.3481
     306      28.3812
     307      28.3997
     308      28.2806
     309      28.3309
     310      28.4659
     311      28.3715
     312      28.2934
     313      28.3757
     314      28.4380
     315      28.3510
     316      28.4117
     317      28.4296
     318      28.5300
     319      28.5720
     320      28.5227
     321      28.4963
     322      28.3619
     323      28.4144
     324      28.3924
     325      28.4686
     326      28.4443
     327      28.3388
     328      28.3649
     329      28.4220
     330      28.5055
     331      28.3944
     332      28.4197
     333      28.3913
     334      28.4055
     335      28.2950
     336      28.3079
     337      28.3342
     338      28.3987
     339      28.3776
     340      28.4728
     341      28.4708
     342      28.3915
     343      28.4717
     344      28.4329
     345      28.4857
     346      28.4087
     347      28.4003
     348      28.3294
     349      28.3844
     350      28.4715
     351      28.5709
     352      28.6200
     353      28.5112
     354      28.3913
     355      28.4377
     356      28.3185
     357      28.2165
     358      28.3209
     359      28.3961
     360      28.4054
     361      28.3369
     362      28.3615
     363      28.3909
     364      28.3617
     365      28.3114
     366      28.3953
     367      28.4389
     368      28.3492
     369      28.3654
     370      28.4801
     371      28.5336
     372      28.3792
     373      28.3960
     374      28.4297
     375      28.4024
     376      28.3981
     377      28.4418
     378      28.4154
     379      28.4157
     380      28.3464
     381      28.4014
     382      28.4310
     383      28.3973
     384      28.4690
     385      28.4938
     386      28.5544
     387      28.5830
     388      28.4053
     389      28.3701
     390      28.3207
     391      28.3354
     392      28.3507
     393      28.3274
     394      28.2928
     395      28.2982
     396      28.3640
     397      28.3552
     398      28.3858
     399      28.3407
     400      28.3885
     401      28.3014
     402      28.3869
     403      28.4077
     404      28.3942
     405      28.3127
     406      28.3549
     407      28.2842
     408      28.4188
     409      28.3515
     410      28.3872
     411      28.3768
     412      28.3717
     413      28.2933
     414      28.3290
     415      28.3233
     416      28.4600
     417      28.4777
     418      28.4862
     419      28.5118
     420      28.4747
     421      28.4404
     422      28.4298
     423      28.4172
     424      28.4406
     425      28.4240
     426      28.3786
     427      28.3901
     428      28.4647
     429      28.3177
     430      28.3471
     431      28.4110
     432      28.4281
     433      28.3719
     434      28.3857
     435      28.1967
     436      28.1767
     437      28.3221
     438      28.3687
     439      28.3960
     440      28.3680
     441      28.3440
     442      28.3512
     443      28.3614
     444      28.2949
     445      28.4070
     446      28.2875
     447      28.3492
     448      28.3678
     449      28.4180
     450      28.4048
     451      28.5305
     452      28.4791
     453      28.4658
     454      28.3188
     455      28.4218
     456      28.4557
     457      28.3986
     458      28.4054
     459      28.5593
     460      28.5041
     461      28.4397
     462      28.3861
     463      28.3292
     464      28.3344
     465      28.4055
     466      28.3087
     467      28.3986
     468      28.2905
     469      28.3448
     470      28.3634
     471      28.4540
     472      28.3773
     473      28.3974
     474      28.3966
     475      28.4589
     476      28.4316
     477      28.4549
     478      28.3027
     479      28.4374
     480      28.4662
     481      28.4021
     482      28.3396
     483      28.2308
     484      28.2079
     485      28.3883
     486      28.3661
     487      28.3041
     488      28.3763
     489      28.4124
     490      28.3992
     491      28.3523
     492      28.3960
     493      28.4078
     494      28.2889
     495      28.4054
     496      28.4265
     497      28.4914
     498      28.3852
     499      28.3225
     500      28.3744
     501      28.2875
     502      28.2893
     503      28.3468
     504      28.2900
     505      28.2966
     506      28.3593
     507      28.2076
     508      28.2941
     509      28.2655
     510      28.2318
     511      28.2468
     512      28.3457
     513      28.1715
     514      28.1556
     515      28.2398
     516      28.2855
     517      28.3396
     518      28.3485
     519      28.2289
     520      28.3015
     521      28.3312
     522      28.2989
     523      28.3183
     524      28.4011
     525      28.3536
     526      28.4410
     527      28.3017
     528      28.3292
     529      28.3916
     530      28.3003
     531      28.3342
     532      28.3228
     533      28.4563
     534      28.2440
     535      28.3028
     536      28.3638
     537      28.3972
     538      28.3066
     539      28.3969
     540      28.3620
     541      28.3797
     542      28.4745
     543      28.4411
     544      28.4312
     545      28.2828
     546      28.3003
     547      28.3991
     548      28.4425
     549      28.3579
     550      28.3623
     551      28.2047
     552      28.3417
     553      28.1919
     554      28.1174
     555      28.1758
     556      28.2778
     557      28.3917
     558      28.2659
     559      28.3871
     560      28.3612
     561      28.2308
     562      28.3730
     563      28.2854
     564      28.3487
     565      28.3974
     566      28.4860
     567      28.4719
     568      28.4859
     569      28.4262
     570      28.3998
     571      28.3482
     572      28.4656
     573      28.5015
     574      28.4507
     575      28.3795
     576      28.4215
     577      28.4580
     578      28.3782
     579      28.4190
     580      28.4594
     581      28.5727
     582      28.5339
     583      28.3867
     584      28.3861
     585      28.4535
     586      28.3845
     587      28.4883
     588      28.3849
     589      28.2880
     590      28.3784
     591      28.3681
     592      28.4876
     593      28.4416
     594      28.4617
     595      28.3650
     596      28.3823
     597      28.3451
     598      28.3043
     599      28.2282
     600      28.1688
     601      28.2492
     602      28.2430
     603      28.3286
     604      28.3056
     605      28.3640
     606      28.2476
     607      28.2308
     608      28.3039
     609      28.3199
     610      28.3761
     611      28.3364
     612      28.3193
     613      28.2166
     614      28.3153
     615      28.3827
     616      28.3104
     617      28.4446
     618      28.4900
     619      28.4431
     620      28.4301
     621      28.3220
     622      28.3580
     623      28.4065
     624      28.2928
     625      28.3073
     626      28.3028
     627      28.3087
     628      28.3681
     629      28.3725
     630      28.2924
     631      28.4078
     632      28.4154
     633      28.4504
     634      28.5074
     635      28.2742
     636      28.4681
     637      28.4444
     638      28.3726
     639      28.3067
     640      28.4061
     641      28.4458
     642      28.2947
     643      28.4117
     644      28.4208
     645      28.3220
     646      28.4178
     647      28.3617
     648      28.2670
     649      28.4191
     650      28.4580
     651      28.5144
     652      28.4162
     653      28.3786
     654      28.4244
     655      28.4208
     656      28.3093
     657      28.3803
     658      28.3960
     659      28.3256
     660      28.2385
     661      28.3406
     662      28.2766
     663      28.2030
     664      28.2072
     665      28.2943
     666      28.2700
     667      28.3501
     668      28.3030
     669      28.2896
     670      28.3203
     671      28.4104
     672      28.3015
     673      28.3705
     674      28.2740
     675      28.3873
     676      28.5067
     677      28.4588
     678      28.3884
     679      28.4564
     680      28.4725
     681      28.4583
     682      28.4319
     683      28.3739
     684      28.4546
     685      28.4038
     686      28.3920
     687      28.4088
     688      28.4698
     689      28.3970
     690      28.4772
     691      28.5245
     692      28.5950
     693      28.4580
     694      28.5968
     695      28.5474
     696      28.5708
     697      28.5328
     698      28.5190
     699      28.5734
     700      28.6587
     701      28.6006
     702      28.5388
     703      28.5404
     704      28.6218
     705      28.5400
     706      28.5998
     707      28.5217
     708      28.5684
     709      28.5452
     710      28.6532
     711      28.5994
     712      28.6267
     713      28.6562
     714      28.5831
     715      28.5928
     716      28.6303
     717      28.7607
     718      28.7855
     719      28.6861
     720      28.6422
     721      28.6030
     722      28.5973
     723      28.5057
     724      28.5727
     725      28.5798
     726      28.5429
     727      28.4737
     728      28.4954
     729      28.4780
     730      28.4493
     731      28.4628
     732      28.5235
     733      28.4925
     734      28.3899
     735      28.4251
     736      28.4184
     737      28.4642
     738      28.4492
     739      28.5597
     740      28.5845
     741      28.5640
     742      28.5161
     743      28.6141
     744      28.5550
     745      28.5530
     746      28.4737
     747      28.3927
     748      28.3440
     749      28.4201
     750      28.6051
     751      28.4685
     752      28.4385
     753      28.4046
     754      28.3898
     755      28.2837
     756      28.3451
     757      28.3312
     758      28.3855
     759      28.3019
     760      28.2837
     761      28.2207
     762      28.3130
     763      28.3197
     764      28.4334
     765      28.2926
     766      28.3757
     767      28.3286
     768      28.3777
     769      28.5776
     770      28.5407
     771      28.4800
     772      28.5014
     773      28.5793
     774      28.5215
     775      28.4894
     776      28.5644
     777      28.3931
     778      28.4850
     779      28.4837
     780      28.4985
     781      28.5457
     782      28.3864
     783      28.4630
     784      28.5351
     785      28.5084
     786      28.5182
     787      28.5598
     788      28.5400
     789      28.5443
     790      28.4957
     791      28.5370
     792      28.5339
     793      28.6016
     794      28.6009
     795      28.5349
     796      28.6434
     797      28.5189
     798      28.5657
     799      28.4278
     800      28.4778
     801      28.4642
     802      28.5251
     803      28.4869
     804      28.5289
     805      28.4765
     806      28.4266
     807      28.3817
     808      28.4512
     809      28.3474
     810      28.3725
     811      28.4726
     812      28.4022
     813      28.3819
     814      28.4434
     815      28.4129
     816      28.3141
     817      28.3485
     818      28.3306
     819      28.3726
     820      28.4060
     821      28.3168
     822      28.4139
     823      28.3373
     824      28.4085
     825      28.3778
     826      28.5261
     827      28.3969
     828      28.5065
     829      28.3897
     830      28.3305
     831      28.4298
     832      28.3962
     833      28.3385
     834      28.3125
     835      28.3396
     836      28.5837
     837      28.4856
     838      28.4861
     839      28.4839
     840      28.3834
     841      28.5166
     842      28.3698
     843      28.4817
     844      28.4412
     845      28.3046
     846      28.2827
     847      28.2895
     848      28.5180
     849      28.4231
     850      28.2986
     851      28.3946
     852      28.3819
     853      28.3876
     854      28.4300
     855      28.5534
     856      28.4724
     857      28.5257
     858      28.4369
     859      28.5911
     860      28.4850
     861      28.4374
     862      28.4700
     863      28.4444
     864      28.4568
     865      28.4314
     866      28.4868
     867      28.4343
     868      28.5838
     869      28.4663
     870      28.4102
     871      28.5816
     872      28.6444
     873      28.5065
     874      28.5025
     875      28.3050
     876      28.4174
     877      28.5180
     878      28.5700
     879      28.4547
     880      28.5068
     881      28.3512
     882      28.5497
     883      28.5512
     884      28.6511
     885      28.5277
     886      28.6398
     887      28.4845
     888      28.4411
     889      28.4881
     890      28.5186
     891      28.4602
     892      28.3876
     893      28.4900
     894      28.4967
     895      28.4189
     896      28.5175
     897      28.4016
     898      28.3980
     899      28.4390
     900      28.4076
     901      28.4022
     902      28.4581
     903      28.5501
     904      28.5102
     905      28.4809
     906      28.5764
     907      28.5969
     908      28.5431
     909      28.5794
     910      28.3968
     911      28.5108
     912      28.3451
     913      28.3585
     914      28.3728
     915      28.2801
     916      28.4235
     917      28.3625
     918      28.3372
     919      28.3087
     920      28.2941
     921      28.2618
     922      28.3703
     923      28.3398
     924      28.2684
     925      28.2669
     926      28.2197
     927      28.2738
     928      28.2452
     929      28.2604
     930      28.3709
     931      28.2401
     932      28.3724
     933      28.3651
     934      28.3457
     935      28.4779
     936      28.5087
     937      28.3300
     938      28.2821
     939      28.3062
     940      28.4042
     941      28.4105
     942      28.3255
     943      28.2233
     944      28.2856
     945      28.3186
     946      28.3909
     947      28.4452
     948      28.5975
     949      28.5175
     950      28.4586
     951      28.3741
     952      28.3809
     953      28.4243
     954      28.4428
     955      28.5186
     956      28.4233
     957      28.3840
     958      28.3000
     959      28.2604
     960      28.1716
     961      28.3595
     962      28.3936
     963      28.3611
     964      28.2424
     965      28.2289
     966      28.3186
     967      28.2947
     968      28.2575
     969      28.3195
     970      28.2782
     971      28.3908
     972      28.3448
     973      28.3694
     974      28.2810
     975      28.3287
     976      28.4159
     977      28.4279
     978      28.5146
     979      28.4076
     980      28.3639
     981      28.4615
     982      28.4855
     983      28.5932
     984      28.4994
     985      28.5484
     986      28.5401
     987      28.5576
     988      28.4915
     989      28.5283
     990      28.4468
     991      28.4832
     992      28.4943
     993      28.5733
     994      28.5111
     995      28.5349
     996      28.5783
     997      28.4149
     998      28.5012
     999      28.4881
    1000      28.5917
    1001      28.5203
    1002      28.5588
    1003      28.4381
    1004      28.4035
    1005      28.4330
    1006      28.4276
    1007      28.4804
    1008      28.5385
    1009      28.5039
    1010      28.4825
    1011      28.5687
    1012      28.6277
    1013      28.5674
    1014      28.5995
    1015      28.6646
    1016      28.6135
    1017      28.5677
    1018      28.6385
    1019      28.5308
    1020      28.4835
    1021      28.5441
    1022      28.5857
    1023      28.6229
    1024      28.5761
    1025      28.6756
    1026      28.5005
    1027      28.5115
    1028      28.5905
    1029      28.6116
    1030      28.6122
    1031      28.6217
    1032      28.5963
    1033      28.6741
    1034      28.6154
    1035      28.6212
    1036      28.4236
    1037      28.5650
    1038      28.6261
    1039      28.5678
    1040      28.5933
    1041      28.5517
    1042      28.4357
    1043      28.4014
    1044      28.4508
    1045      28.4820
    1046      28.5296
    1047      28.5586
    1048      28.5526
    1049      28.5322
    1050      28.5181
    1051      28.5496
    1052      28.5148
    1053      28.5231
    1054      28.4740
    1055      28.5357
    1056      28.4570
    1057      28.5386
    1058      28.4881
    1059      28.3708
    1060      28.3569
    1061      28.3850
    1062      28.3595
    1063      28.4169
    1064      28.3555
    1065      28.4913
    1066      28.5274
    1067      28.5615
    1068      28.4417
    1069      28.4560
    1070      28.4957
    1071      28.5308
    1072      28.5141
    1073      28.4880
    1074      28.4501
    1075      28.4756
    1076      28.4669
    1077      28.4753
    1078      28.4758
    1079      28.4260
    1080      28.5748
    1081      28.5734
    1082      28.5463
    1083      28.4876
    1084      28.6147
    1085      28.5330
    1086      28.6531
    1087      28.6077
    1088      28.6357
    1089      28.6422
    1090      28.5920
    1091      28.5330
    1092      28.4478
    1093      28.4495
    1094      28.5511
    1095      28.5379
    1096      28.5909
    1097      28.6141
    1098      28.5638
    1099      28.5423
    1100      28.4029
    1101      28.5224
    1102      28.4659
    1103      28.5136
    1104      28.5137
    1105      28.5122
    1106      28.3995
    1107      28.3217
    1108      28.4310
    1109      28.4535
    1110      28.4556
    1111      28.3713
    1112      28.3199
    1113      28.3401
    1114      28.4111
    1115      28.4359
    1116      28.3382
    1117      28.4245
    1118      28.3691
    1119      28.3758
    1120      28.4740
    1121      28.5393
    1122      28.4378
    1123      28.5061
    1124      28.4104
    1125      28.5664
    1126      28.5903
    1127      28.5671
    1128      28.5997
    1129      28.5410
    1130      28.6474
    1131      28.6077
    1132      28.5887
    1133      28.5627
    1134      28.6587
    1135      28.4304
    1136      28.5030
    1137      28.5616
    1138      28.5575
    1139      28.6488
    1140      28.6622
    1141      28.6453
    1142      28.6112
    1143      28.4838
    1144      28.6908
    1145      28.5798
    1146      28.5841
    1147      28.4478
    1148      28.5362
    1149      28.5592
    1150      28.5625
    1151      28.6231
    1152      28.6310
    1153      28.6252
    1154      28.7577
    1155      28.6371
    1156      28.6222
    1157      28.6052
    1158      28.6144
    1159      28.6283
    1160      28.6226
    1161      28.6745
    1162      28.7384
    1163      28.6149
    1164      28.6723
    1165      28.6285
    1166      28.6112
    1167      28.6864
    1168      28.6543
    1169      28.7071
    1170      28.7334
    1171      28.6367
    1172      28.4996
    1173      28.5910
    1174      28.4924
    1175      28.4483
    1176      28.4545
    1177      28.6175
    1178      28.5162
    1179      28.4259
    1180      28.6189
    1181      28.5212
    1182      28.5376
    1183      28.5753
    1184      28.7521
    1185      28.5714
    1186      28.6192
    1187      28.5555
    1188      28.5653
    1189      28.5795
    1190      28.6242
    1191      28.5289
    1192      28.5420
    1193      28.4054
    1194      28.4822
    1195      28.5649
    1196      28.4577
    1197      28.5564
    1198      28.5230
    1199      28.6717
    1200      28.5611
    1201      28.6834
    1202      28.5817
    1203      28.6041
    1204      28.5230
    1205      28.6270
    1206      28.6171
    1207      28.6435
    1208      28.7419
    1209      28.7018
    1210      28.5609
    1211      28.6654
    1212      28.5344
    1213      28.6558
    1214      28.6361
    1215      28.7272
    1216      28.5656
    1217      28.6141
    1218      28.7652
    1219      28.6577
    1220      28.7672
    1221      28.7993
    1222      28.6556
    1223      28.7298
    1224      28.7034
    1225      28.7406
    1226      28.6639
    1227      28.5920
    1228      28.6926
    1229      28.7021
    1230      28.7159
    1231      28.6392
    1232      28.5967
    1233      28.5142
    1234      28.6184
    1235      28.5535
    1236      28.6531
    1237      28.5938
    1238      28.6201
    1239      28.6292
    1240      28.6625
    1241      28.6315
    1242      28.6806
    1243      28.6088
    1244      28.6287
    1245      28.5977
    1246      28.5732
    1247      28.6135
    1248      28.7681
    1249      28.6810
    1250      28.6804
    1251      28.6496
    1252      28.6134
    1253      28.7516
    1254      28.6223
    1255      28.7863
    1256      28.6973
    1257      28.7285
    1258      28.8366
    1259      28.7779
    1260      28.6672
    1261      28.6877
    1262      28.7113
    1263      28.6779
    1264      28.6707
    1265      28.7056
    1266      28.6249
    1267      28.5998
    1268      28.6720
    1269      28.7796
    1270      28.7652
    1271      28.8495
    1272      28.8036
    1273      28.8688
    1274      28.8354
    1275      28.7541
    1276      28.7198
    1277      28.6441
    1278      28.6407
    1279      28.7486
    1280      28.6735
    1281      28.6403
    1282      28.6844
    1283      28.7162
    1284      28.6270
    1285      28.5688
    1286      28.6661
    1287      28.6554
    1288      28.6739
    1289      28.6234
    1290      28.6249
    1291      28.6206
    1292      28.7066
    1293      28.5922
    1294      28.6415
    1295      28.6809
    1296      28.5208
    1297      28.6687
    1298      28.6091
    1299      28.4846
    1300      28.6207
    1301      28.7326
    1302      28.7433
    1303      28.6324
    1304      28.6198
    1305      28.6709
    1306      28.6481
    1307      28.6145
    1308      28.6729
    1309      28.6556
    1310      28.6445
    1311      28.6098
    1312      28.5595
    1313      28.5047
    1314      28.6900
    1315      28.6537
    1316      28.7258
    1317      28.6504
    1318      28.7512
    1319      28.6027
    1320      28.6628
    1321      28.6318
    1322      28.6243
    1323      28.6513
    1324      28.5179
    1325      28.6139
    1326      28.6002
    1327      28.6214
    1328      28.6108
    1329      28.5824
    1330      28.6240
    1331      28.6778
    1332      28.7881
    1333      28.7233
    1334      28.7981
    1335      28.8634
    1336      28.7813
    1337      28.7481
    1338      28.6706
    1339      28.6932
    1340      28.6029
    1341      28.6668
    1342      28.6214
    1343      28.6748
    1344      28.7254
    1345      28.7528
    1346      28.7448
    1347      28.7123
    1348      28.7357
    1349      28.6696
    1350      28.7681
    1351      28.6357
    1352      28.7180
    1353      28.7472
    1354      28.6926
    1355      28.7903
    1356      28.7774
    1357      28.8902
    1358      28.7540
    1359      28.6906
    1360      28.6320
    1361      28.6314
    1362      28.6623
    1363      28.5548
    1364      28.6881
    1365      28.8192
    1366      28.6643
    1367      28.7436
    1368      28.5492
    1369      28.6779
    1370      28.6921
    1371      28.6092
    1372      28.7149
    1373      28.7472
    1374      28.7014
    1375      28.7194
    1376      28.6565
    1377      28.6920
    1378      28.6948
    1379      28.5760
    1380      28.5466
    1381      28.5027
    1382      28.6565
    1383      28.5937
    1384      28.5884
    1385      28.5046
    1386      28.5038
    1387      28.6034
    1388      28.4793
    1389      28.6059
    1390      28.7268
    1391      28.7358
    1392      28.6597
    1393      28.6264
    1394      28.6028
    1395      28.6057
    1396      28.6434
    1397      28.4853
    1398      28.5779
    1399      28.6008
    1400      28.4058
    1401      28.4658
    1402      28.6113
    1403      28.4839
    1404      28.6120
    1405      28.7423
    1406      28.6543
    1407      28.7549
    1408      28.6429
    1409      28.6794
    1410      28.7123
    1411      28.6589
    1412      28.7327
    1413      28.5746
    1414      28.7343
    1415      28.7222
    1416      28.6325
    1417      28.6657
    1418      28.5515
    1419      28.6124
    1420      28.5123
    1421      28.6445
    1422      28.6466
    1423      28.6484
    1424      28.6197
    1425      28.4880
    1426      28.5407
    1427      28.6682
    1428      28.6775
    1429      28.5811
    1430      28.6118
    1431      28.6403
    1432      28.5433
    1433      28.5715
    1434      28.5288
    1435      28.5549
    1436      28.5379
    1437      28.5076
    1438      28.4822
    1439      28.4878
    1440      28.4562
    1441      28.4814
    1442      28.4968
    1443      28.6385
    1444      28.6931
    1445      28.6942
    1446      28.6075
    1447      28.6419
    1448      28.5912
    1449      28.6008
    1450      28.4642
    1451      28.4614
    1452      28.5544
    1453      28.4642
    1454      28.5672
    1455      28.5126
    1456      28.5649
    1457      28.4606
    1458      28.4873
    1459      28.5403
    1460      28.4748
    1461      28.6271
    1462      28.5259
    1463      28.5804
    1464      28.6149
    1465      28.5803
    1466      28.6811
    1467      28.5772
    1468      28.6940
    1469      28.5912
    1470      28.6569
    1471      28.6162
    1472      28.4244
    1473      28.4007
    1474      28.4328
    1475      28.4771
    1476      28.5578
    1477      28.6958
    1478      28.5772
    1479      28.6267
    1480      28.5716
    1481      28.6682
    1482      28.4682
    1483      28.5238
    1484      28.4679
    1485      28.5856
    1486      28.4478
    1487      28.5386
    1488      28.5095
    1489      28.5312
    1490      28.4283
    1491      28.4766
    1492      28.4885
    1493      28.5049
    1494      28.6345
    1495      28.6594
    1496      28.6019
    1497      28.6321
    1498      28.6144
    1499      28.5670
    1500      28.6336
    1501      28.5734
    1502      28.6343
    1503      28.5141
    1504      28.5593
    1505      28.5531
    1506      28.4856
    1507      28.5269
    1508      28.5365
    1509      28.6309
    1510      28.5532
    1511      28.5717
    1512      28.6885
    1513      28.5173
    1514      28.6314
    1515      28.5741
    1516      28.5236
    1517      28.5980
    1518      28.6331
    1519      28.4889
    1520      28.4477
    1521      28.5470
    1522      28.5623
    1523      28.5357
    1524      28.5254
    1525      28.5530
    1526      28.4951
    1527      28.4634
    1528      28.4082
    1529      28.4167
    1530      28.3603
    1531      28.3030
    1532      28.4268
    1533      28.4561
    1534      28.4512
    1535      28.5118
    1536      28.4209
    1537      28.4176
    1538      28.3756
    1539      28.3663
    1540      28.4796
    1541      28.3976
    1542      28.4662
    1543      28.4868
    1544      28.4349
    1545      28.5169
    1546      28.5859
    1547      28.5860
    1548      28.5260
    1549      28.5039
    1550      28.5880
    1551      28.5971
    1552      28.5976
    1553      28.6546
    1554      28.5881
    1555      28.6009
    1556      28.5246
    1557      28.5750
    1558      28.6830
    1559      28.6824
    1560      28.6686
    1561      28.5977
    1562      28.6115
    1563      28.6680
    1564      28.5157
    1565      28.4826
    1566      28.4895
    1567      28.3676
    1568      28.4824
    1569      28.5703
    1570      28.5498
    1571      28.5427
    1572      28.6258
    1573      28.7211
    1574      28.6950
    1575      28.5478
    1576      28.6194
    1577      28.5656
    1578      28.5812
    1579      28.6209
    1580      28.5580
    1581      28.6659
    1582      28.6289
    1583      28.5840
    1584      28.7192
    1585      28.7470
    1586      28.6461
    1587      28.5793
    1588      28.5775
    1589      28.5443
    1590      28.5554
    1591      28.4763
    1592      28.5310
    1593      28.5412
    1594      28.4950
    1595      28.5247
    1596      28.6076
    1597      28.5160
    1598      28.4874
    1599      28.5587
    1600      28.5898
    1601      28.5939
    1602      28.4905
    1603      28.4515
    1604      28.5995
    1605      28.6288
    1606      28.6583
    1607      28.7443
    1608      28.7748
    1609      28.6595
    1610      28.6820
    1611      28.7057
    1612      28.5785
    1613      28.6156
    1614      28.5429
    1615      28.5971
    1616      28.6772
    1617      28.6526
    1618      28.6729
    1619      28.6100
    1620      28.6067
    1621      28.6026
    1622      28.6598
    1623      28.6854
    1624      28.6705
    1625      28.6074
    1626      28.6440
    1627      28.5926
    1628      28.6692
    1629      28.8238
    1630      28.6099
    1631      28.6580
    1632      28.6634
    1633      28.6339
    1634      28.6649
    1635      28.6763
    1636      28.6015
    1637      28.6319
    1638      28.5312
    1639      28.5020
    1640      28.6232
    1641      28.5759
    1642      28.5842
    1643      28.5919
    1644      28.5458
    1645      28.4596
    1646      28.4563
    1647      28.4278
    1648      28.4889
    1649      28.4063
    1650      28.4906
    1651      28.3544
    1652      28.3896
    1653      28.4550
    1654      28.4423
    1655      28.5509
    1656      28.5540
    1657      28.4230
    1658      28.4464
    1659      28.5334
    1660      28.4350
    1661      28.6027
    1662      28.6202
    1663      28.4956
    1664      28.5552
    1665      28.6319
    1666      28.6306
    1667      28.6109
    1668      28.5680
    1669      28.5299
    1670      28.4583
    1671      28.5246
    1672      28.4763
    1673      28.6105
    1674      28.5856
    1675      28.4981
    1676      28.4921
    1677      28.5048
    1678      28.5852
    1679      28.4953
    1680      28.6311
    1681      28.6668
    1682      28.7039
    1683      28.5693
    1684      28.5594
    1685      28.5293
    1686      28.5904
    1687      28.6810
    1688      28.5897
    1689      28.5589
    1690      28.5151
    1691      28.5144
    1692      28.5604
    1693      28.4952
    1694      28.5518
    1695      28.5686
    1696      28.4904
    1697      28.4922
    1698      28.6340
    1699      28.6052
    1700      28.6496
    1701      28.6675
    1702      28.7483
    1703      28.7005
    1704      28.6678
    1705      28.6426
    1706      28.7067
    1707      28.7725
    1708      28.7853
    1709      28.7371
    1710      28.5866
    1711      28.6294
    1712      28.6837
    1713      28.6396
    1714      28.6874
    1715      28.6926
    1716      28.7485
    1717      28.6229
    1718      28.6300
    1719      28.6329
    1720      28.5971
    1721      28.4782
    1722      28.6733
    1723      28.6926
    1724      28.7007
    1725      28.7229
    1726      28.6263
    1727      28.6688
    1728      28.7077
    1729      28.6427
    1730      28.7206
    1731      28.6467
    1732      28.7300
    1733      28.7088
    1734      28.7330
    1735      28.6430
    1736      28.7731
    1737      28.7522
    1738      28.6724
    1739      28.7277
    1740      28.6941
    1741      28.5907
    1742      28.6268
    1743      28.6896
    1744      28.8141
    1745      28.7678
    1746      28.7128
    1747      28.7426
    1748      28.6662
    1749      28.7065
    1750      28.6773
    1751      28.7978
    1752      28.7908
    1753      28.6952
    1754      28.6680
    1755      28.6142
    1756      28.5497
    1757      28.6761
    1758      28.6635
    1759      28.6697
    1760      28.5694
    1761      28.5457
    1762      28.5435
    1763      28.6318
    1764      28.6275
    1765      28.7608
    1766      28.7308
    1767      28.6861
    1768      28.7225
    1769      28.6413
    1770      28.6285
    1771      28.4980
    1772      28.5901
    1773      28.6390
    1774      28.7065
    1775      28.7872
    1776      28.7581
    1777      28.7773
    1778      28.6173
    1779      28.6009
    1780      28.6589
    1781      28.6401
    1782      28.6562
    1783      28.5846
    1784      28.6709
    1785      28.6100
    1786      28.6150
    1787      28.4339
    1788      28.4967
    1789      28.3909
    1790      28.5822
    1791      28.6101
    1792      28.5626
    1793      28.6526
    1794      28.6546
    1795      28.6797
    1796      28.6919
    1797      28.6163
    1798      28.6973
    1799      28.6920
    1800      28.6617
    1801      28.6367
    1802      28.6591
    1803      28.5610
    1804      28.5413
    1805      28.6548
    1806      28.5713
    1807      28.7127
    1808      28.7118
    1809      28.7203
    1810      28.5854
    1811      28.6260
    1812      28.6611
    1813      28.6337
    1814      28.6877
    1815      28.6135
    1816      28.5471
    1817      28.6387
    1818      28.6103
    1819      28.5698
    1820      28.5836
    1821      28.5791
    1822      28.6467
    1823      28.6513
    1824      28.6434
    1825      28.6133
    1826      28.5688
    1827      28.5618
    1828      28.5240
    1829      28.5768
    1830      28.6627
    1831      28.5775
    1832      28.6476
    1833      28.5798
    1834      28.6645
    1835      28.5794
    1836      28.6506
    1837      28.5713
    1838      28.5489
    1839      28.4867
    1840      28.4974
    1841      28.4732
    1842      28.5410
    1843      28.5497
    1844      28.4972
    1845      28.5202
    1846      28.5195
    1847      28.5647
    1848      28.5774
    1849      28.5720
    1850      28.6498
    1851      28.6594
    1852      28.6295
    1853      28.6821
    1854      28.6137
    1855      28.6943
    1856      28.6552
    1857      28.7696
    1858      28.6533
    1859      28.7104
    1860      28.7557
    1861      28.6493
    1862      28.7184
    1863      28.6080
    1864      28.5986
    1865      28.6513
    1866      28.7277
    1867      28.7504
    1868      28.6988
    1869      28.7377
    1870      28.7206
    1871      28.8481
    1872      28.8325
    1873      28.7398
    1874      28.7797
    1875      28.8251
    1876      28.6952
    1877      28.6935
    1878      28.7450
    1879      28.7380
    1880      28.6320
    1881      28.5670
    1882      28.6365
    1883      28.7257
    1884      28.6421
    1885      28.7135
    1886      28.7643
    1887      28.8346
    1888      28.5996
    1889      28.6359
    1890      28.6603
    1891      28.6123
    1892      28.5825
    1893      28.6091
    1894      28.5243
    1895      28.5026
    1896      28.5531
    1897      28.5860
    1898      28.5698
    1899      28.6433
    1900      28.5709
    1901      28.5159
    1902      28.5909
    1903      28.6073
    1904      28.7799
    1905      28.5607
    1906      28.7442
    1907      28.6073
    1908      28.6792
    1909      28.6427
    1910      28.6484
    1911      28.6414
    1912      28.6090
    1913      28.5767
    1914      28.5756
    1915      28.5747
    1916      28.4825
    1917      28.5362
    1918      28.6125
    1919      28.5613
    1920      28.4724
    1921      28.4899
    1922      28.5635
    1923      28.5149
    1924      28.5331
    1925      28.5768
    1926      28.6932
    1927      28.7336
    1928      28.6873
    1929      28.7327
    1930      28.6805
    1931      28.7052
    1932      28.7282
    1933      28.6515
    1934      28.6678
    1935      28.7202
    1936      28.6555
    1937      28.5636
    1938      28.6694
    1939      28.7033
    1940      28.6474
    1941      28.6426
    1942      28.7169
    1943      28.6544
    1944      28.4724
    1945      28.5545
    1946      28.6310
    1947      28.7123
    1948      28.6665
    1949      28.6359
    1950      28.7526
    1951      28.7075
    1952      28.7431
    1953      28.7739
    1954      28.6945
    1955      28.6417
    1956      28.6964
    1957      28.6936
    1958      28.6678
    1959      28.7201
    1960      28.7706
    1961      28.7081
    1962      28.6597
    1963      28.6867
    1964      28.7577
    1965      28.7423
    1966      28.7117
    1967      28.7653
    1968      28.6703
    1969      28.6339
    1970      28.6339
    1971      28.5673
    1972      28.6199
    1973      28.6873
    1974      28.6251
    1975      28.6983
    1976      28.5023
    1977      28.5902
    1978      28.4944
    1979      28.5762
    1980      28.5241
    1981      28.5980
    1982      28.5711
    1983      28.4737
    1984      28.6584
    1985      28.6426
    1986      28.6782
    1987      28.6973
    1988      28.7864
    1989      28.6514
    1990      28.6888
    1991      28.6624
    1992      28.6502
    1993      28.6378
    1994      28.5472
    1995      28.6637
    1996      28.6312
    1997      28.7159
    1998      28.6988
    1999      28.5142
    2000      28.5377
    2001      28.5504
    2002      28.5778
    2003      28.6438
    2004      28.6677
    2005      28.6077
    2006      28.6140
    2007      28.6158
    2008      28.7709
    2009      28.7000
    2010      28.6923
    2011      28.7276
    2012      28.6814
    2013      28.6776
    2014      28.6771
    2015      28.6915
    2016      28.7958
    2017      28.6649
    2018      28.7110
    2019      28.7327
    2020      28.7270
    2021      28.7113
    2022      28.7170
    2023      28.8206
    2024      28.8245
    2025      28.7676
    2026      28.6986
    2027      28.6808
    2028      28.7733
    2029      28.7060
    2030      28.7386
    2031      28.7110
    2032      28.6565
    2033      28.7285
    2034      28.8354
    2035      28.6190
    2036      28.6551
    2037      28.6325
    2038      28.4981
    2039      28.5752
    2040      28.5105
    2041      28.3834
    2042      28.4845
    2043      28.5608
    2044      28.5400
    2045      28.5240
    2046      28.5718
    2047      28.5695
    2048      28.6261
    2049      28.6426
    2050      28.7668
    2051      28.7083
    2052      28.5594
    2053      28.6467
    2054      28.7249
    2055      28.7232
    2056      28.6266
    2057      28.5466
    2058      28.5743
    2059      28.6140
    2060      28.5600
    2061      28.6557
    2062      28.5395
    2063      28.5955
    2064      28.5102
    2065      28.5766
    2066      28.4983
    2067      28.6082
    2068      28.5894
    2069      28.5023
    2070      28.5362
    2071      28.6352
    2072      28.6598
    2073      28.6789
    2074      28.6556
    2075      28.6902
    2076      28.7713
    2077      28.6569
    2078      28.6762
    2079      28.6959
    2080      28.6471
    2081      28.5932
    2082      28.5729
    2083      28.5669
    2084      28.5261
    2085      28.4312
    2086      28.3926
    2087      28.5163
    2088      28.5514
    2089      28.5431
    2090      28.4637
    2091      28.5526
    2092      28.5099
    2093      28.5335
    2094      28.4955
    2095      28.5917
    2096      28.5157
    2097      28.4808
    2098      28.4794
    2099      28.4527
    2100      28.4491
    2101      28.4208
    2102      28.4701
    2103      28.4847
    2104      28.4692
    2105      28.4597
    2106      28.3803
    2107      28.4600
    2108      28.5074
    2109      28.5773
    2110      28.5812
    2111      28.4459
    2112      28.4131
    2113      28.4488
    2114      28.3755
    2115      28.3621
    2116      28.3411
    2117      28.4651
    2118      28.3617
    2119      28.4246
    2120      28.4194
    2121      28.3614
    2122      28.4725
    2123      28.4565
    2124      28.3399
    2125      28.3487
    2126      28.4422
    2127      28.4156
    2128      28.4786
    2129      28.4687
    2130      28.4451
    2131      28.4446
    2132      28.4809
    2133      28.3802
    2134      28.3962
    2135      28.2778
    2136      28.3286
    2137      28.2337
    2138      28.2606
    2139      28.3084
    2140      28.3215
    2141      28.2742
    2142      28.3193
    2143      28.3042
    2144      28.2364
    2145      28.3003
    2146      28.2972
    2147      28.2500
    2148      28.3093
    2149      28.2778
    2150      28.2886
    2151      28.3115
    2152      28.3520
    2153      28.3979
    2154      28.2969
    2155      28.4075
    2156      28.3279
    2157      28.2873
    2158      28.3034
    2159      28.3549
    2160      28.4024
    2161      28.4090
    2162      28.3734
    2163      28.4346
    2164      28.3946
    2165      28.3966
    2166      28.3731
    2167      28.2948
    2168      28.4062
    2169      28.3665
    2170      28.3434
    2171      28.3536
    2172      28.3998
    2173      28.3466
    2174      28.3522
    2175      28.3604
    2176      28.4183
    2177      28.3813
    2178      28.3446
    2179      28.3995
    2180      28.3778
    2181      28.4361
    2182      28.4935
    2183      28.5483
    2184      28.5844
    2185      28.4443
    2186      28.4667
    2187      28.4042
    2188      28.4340
    2189      28.4315
    2190      28.4369
    2191      28.2937
    2192      28.2376
    2193      28.3401
    2194      28.4392
    2195      28.4556
    2196      28.5714
    2197      28.4309
    2198      28.3929
    2199      28.3086
    2200      28.3873
    2201      28.3987
    2202      28.3285
    2203      28.4854
    2204      28.4887
    2205      28.5496
    2206      28.3581
    2207      28.4881
    2208      28.4862
    2209      28.5392
    2210      28.5794
    2211      28.5837
    2212      28.5737
    2213      28.7174
    2214      28.5929
    2215      28.5969
    2216      28.5977
    2217      28.5383
    2218      28.5109
    2219      28.4618
    2220      28.4599
    2221      28.4575
    2222      28.3756
    2223      28.2970
    2224      28.3315
    2225      28.3211
    2226      28.3029
    2227      28.3486
    2228      28.2872
    2229      28.2428
    2230      28.3650
    2231      28.3058
    2232      28.2768
    2233      28.4058
    2234      28.2686
    2235      28.3756
    2236      28.3462
    2237      28.4229
    2238      28.3989
    2239      28.2913
    2240      28.4056
    2241      28.4595
    2242      28.5860
    2243      28.5144
    2244      28.3977
    2245      28.4440
    2246      28.3447
    2247      28.2954
    2248      28.2983
    2249      28.3707
    2250      28.3581
    2251      28.2670
    2252      28.3809
    2253      28.3820
    2254      28.3649
    2255      28.2269
    2256      28.3420
    2257      28.3000
    2258      28.2793
    2259      28.3190
    2260      28.3974
    2261      28.2898
    2262      28.3529
    2263      28.3542
    2264      28.4166
    2265      28.4651
    2266      28.3841
    2267      28.3972
    2268      28.3543
    2269      28.3801
    2270      28.4635
    2271      28.4168
    2272      28.4515
    2273      28.3722
    2274      28.4260
    2275      28.4303
    2276      28.4584
    2277      28.4069
    2278      28.5424
    2279      28.5779
    2280      28.6095
    2281      28.5323
    2282      28.5788
    2283      28.5296
    2284      28.5556
    2285      28.4340
    2286      28.5030
    2287      28.4562
    2288      28.4460
    2289      28.4823
    2290      28.4431
    2291      28.3541
    2292      28.2228
    2293      28.3599
    2294      28.2426
    2295      28.3253
    2296      28.3656
    2297      28.3403
    2298      28.4360
    2299      28.3988
    2300      28.3979
    2301      28.4224
    2302      28.3945
    2303      28.3412
    2304      28.4283
    2305      28.3610
    2306      28.1935
    2307      28.3382
    2308      28.2715
    2309      28.3370
    2310      28.3090
    2311      28.3231
    2312      28.2984
    2313      28.3741
    2314      28.2751
    2315      28.4416
    2316      28.3853
    2317      28.3340
    2318      28.3815
    2319      28.5216
    2320      28.5371
    2321      28.5227
    2322      28.5196
    2323      28.4527
    2324      28.2615
    2325      28.3445
    2326      28.4588
    2327      28.4847
    2328      28.4449
    2329      28.4007
    2330      28.4455
    2331      28.5060
    2332      28.3713
    2333      28.4532
    2334      28.3946
    2335      28.5252
    2336      28.3718
    2337      28.4498
    2338      28.3912
    2339      28.2925
    2340      28.3903
    2341      28.3098
    2342      28.5239
    2343      28.3032
    2344      28.3930
    2345      28.3865
    2346      28.4225
    2347      28.4436
    2348      28.3721
    2349      28.4972
    2350      28.3705
    2351      28.4195
    2352      28.3673
    2353      28.3157
    2354      28.4333
    2355      28.3430
    2356      28.3191
    2357      28.2998
    2358      28.2430
    2359      28.2322
    2360      28.2657
    2361      28.3165
    2362      28.2441
    2363      28.3041
    2364      28.3452
    2365      28.3343
    2366      28.3556
    2367      28.2667
    2368      28.2518
    2369      28.3328
    2370      28.3642
    2371      28.3650
    2372      28.4013
    2373      28.3111
    2374      28.4161
    2375      28.3312
    2376      28.4791
    2377      28.4645
    2378      28.3240
    2379      28.2393
    2380      28.3566
    2381      28.2964
    2382      28.3942
    2383      28.3616
    2384      28.4522
    2385      28.3300
    2386      28.3291
    2387      28.3976
    2388      28.2341
    2389      28.3287
    2390      28.2481
    2391      28.2848
    2392      28.3861
    2393      28.3803
    2394      28.3592
    2395      28.3670
    2396      28.3311
    2397      28.4848
    2398      28.3755
    2399      28.4185
    2400      28.3553
    2401      28.3170
    2402      28.2762
    2403      28.3041
    2404      28.3287
    2405      28.3182
    2406      28.3661
    2407      28.3501
    2408      28.3128
    2409      28.4230
    2410      28.3640
    2411      28.3216
    2412      28.4279
    2413      28.3569
    2414      28.3654
    2415      28.3524
    2416      28.3045
    2417      28.1908
    2418      28.3169
    2419      28.2722
    2420      28.3406
    2421      28.3809
    2422      28.4370
    2423      28.3900
    2424      28.4813
    2425      28.3144
    2426      28.2806
    2427      28.3993
    2428      28.3723
    2429      28.4636
    2430      28.4246
    2431      28.3792
    2432      28.4728
    2433      28.5056
    2434      28.4636
    2435      28.4842
    2436      28.4829
    2437      28.3777
    2438      28.3634
    2439      28.4716
    2440      28.4879
    2441      28.3886
    2442      28.4308
    2443      28.4701
    2444      28.4235
    2445      28.3226
    2446      28.3180
    2447      28.2236
    2448      28.3383
    2449      28.2740
    2450      28.2843
    2451      28.2126
    2452      28.2058
    2453      28.4104
    2454      28.4225
    2455      28.3595
    2456      28.3051
    2457      28.3548
    2458      28.3423
    2459      28.3659
    2460      28.3126
    2461      28.2770
    2462      28.1899
    2463      28.2892
    2464      28.3544
    2465      28.2922
    2466      28.3244
    2467      28.4239
    2468      28.3748
    2469      28.4086
    2470      28.4022
    2471      28.3051
    2472      28.3789
    2473      28.3925
    2474      28.4126
    2475      28.4029
    2476      28.4533
    2477      28.5644
    2478      28.5044
    2479      28.5207
    2480      28.5618
    2481      28.4564
    2482      28.4270
    2483      28.5315
    2484      28.5255
    2485      28.5639
    2486      28.5146
    2487      28.5627
    2488      28.3996
    2489      28.3791
    2490      28.4193
    2491      28.4443
    2492      28.3696
    2493      28.3845
    2494      28.3526
    2495      28.3763
    2496      28.3961
    2497      28.3331
    2498      28.2844
    2499      28.2957
    2500      28.2693
    2501      28.3474
    2502      28.2168
    2503      28.2650
    2504      28.2723
    2505      28.2639
    2506      28.3726
    2507      28.3380
    2508      28.3042
    2509      28.2786
    2510      28.3576
    2511      28.3207
    2512      28.3314
    2513      28.2379
    2514      28.2790
    2515      28.3469
    2516      28.3244
    2517      28.2895
    2518      28.3811
    2519      28.3264
    2520      28.4016
    2521      28.2350
    2522      28.1774
    2523      28.1564
    2524      28.3461
    2525      28.3532
    2526      28.4327
    2527      28.4082
    2528      28.4464
    2529      28.3649
    2530      28.3820
    2531      28.2285
    2532      28.3297
    2533      28.2936
    2534      28.2415
    2535      28.1637
    2536      28.1935
    2537      28.2347
    2538      28.2795
    2539      28.2370
    2540      28.2702
    2541      28.2680
    2542      28.3652
    2543      28.2953
    2544      28.2375
    2545      28.2412
    2546      28.1312
    2547      28.1041
    2548      28.1040
    2549      28.2822
    2550      28.3069
    2551      28.2957
    2552      28.3297
    2553      28.3694
    2554      28.3063
    2555      28.3124
    2556      28.3219
    2557      28.3828
    2558      28.4094
    2559      28.4873
    2560      28.4998
    2561      28.5301
    2562      28.4692
    2563      28.5889
    2564      28.6102
    2565      28.6304
    2566      28.4176
    2567      28.4849
    2568      28.5331
    2569      28.4645
    2570      28.4171
    2571      28.2822
    2572      28.2970
    2573      28.4504
    2574      28.3323
    2575      28.4769
    2576      28.4568
    2577      28.4872
    2578      28.5671
    2579      28.5822
    2580      28.5826
    2581      28.4797
    2582      28.5538
    2583      28.4681
    2584      28.4845
    2585      28.3441
    2586      28.3459
    2587      28.3881
    2588      28.3592
    2589      28.3091
    2590      28.4255
    2591      28.3564
    2592      28.4676
    2593      28.4036
    2594      28.4089
    2595      28.3236
    2596      28.3394
    2597      28.2586
    2598      28.2944
    2599      28.2806
    2600      28.4065
    2601      28.4307
    2602      28.4786
    2603      28.5213
    2604      28.4501
    2605      28.5802
    2606      28.3706
    2607      28.4674
    2608      28.4439
    2609      28.4843
    2610      28.3979
    2611      28.3984
    2612      28.4377
    2613      28.3841
    2614      28.2903
    2615      28.2066
    2616      28.2248
    2617      28.3706
    2618      28.3664
    2619      28.3263
    2620      28.2401
    2621      28.3405
    2622      28.4624
    2623      28.3541
    2624      28.3932
    2625      28.3170
    2626      28.3885
    2627      28.3375
    2628      28.4716
    2629      28.4134
    2630      28.4279
    2631      28.3407
    2632      28.3259
    2633      28.4008
    2634      28.3107
    2635      28.3134
    2636      28.2785
    2637      28.3533
    2638      28.4574
    2639      28.4305
    2640      28.4646
    2641      28.4723
    2642      28.4927
    2643      28.4965
    2644      28.6073
    2645      28.4778
    2646      28.3957
    2647      28.3968
    2648      28.4837
    2649      28.3890
    2650      28.4929
    2651      28.4950
    2652      28.4977
    2653      28.4764
    2654      28.5095
    2655      28.5206
    2656      28.4495
    2657      28.5120
    2658      28.5574
    2659      28.4681
    2660      28.4371
    2661      28.3189
    2662      28.3535
    2663      28.4241
    2664      28.3641
    2665      28.4623
    2666      28.4361
    2667      28.4532
    2668      28.4908
    2669      28.5842
    2670      28.4794
    2671      28.5109
    2672      28.4990
    2673      28.5550
    2674      28.5971
    2675      28.5186
    2676      28.5080
    2677      28.5104
    2678      28.4815
    2679      28.5680
    2680      28.6329
    2681      28.5625
    2682      28.3646
    2683      28.4298
    2684      28.5242
    2685      28.4116
    2686      28.3935
    2687      28.4014
    2688      28.4328
    2689      28.4231
    2690      28.4789
    2691      28.3999
    2692      28.2969
    2693      28.3939
    2694      28.5015
    2695      28.4411
    2696      28.3380
    2697      28.3534
    2698      28.3862
    2699      28.3348
    2700      28.3850
    2701      28.3881
    2702      28.5047
    2703      28.3932
    2704      28.3920
    2705      28.4800
    2706      28.4342
    2707      28.4096
    2708      28.4703
    2709      28.4441
    2710      28.4954
    2711      28.4655
    2712      28.4907
    2713      28.4607
    2714      28.5514
    2715      28.4687
    2716      28.4884
    2717      28.5026
    2718      28.4451
    2719      28.4985
    2720      28.3767
    2721      28.4362
    2722      28.4129
    2723      28.5462
    2724      28.4223
    2725      28.3580
    2726      28.4015
    2727      28.2822
    2728      28.3664
    2729      28.4293
    2730      28.3143
    2731      28.4192
    2732      28.3699
    2733      28.2942
    2734      28.3459
    2735      28.3973
    2736      28.3853
    2737      28.4180
    2738      28.4256
    2739      28.4294
    2740      28.3964
    2741      28.3256
    2742      28.2501
    2743      28.3671
    2744      28.3306
    2745      28.3923
    2746      28.3245
    2747      28.3995
    2748      28.5196
    2749      28.4428
    2750      28.3180
    2751      28.3612
    2752      28.4371
    2753      28.3631
    2754      28.5348
    2755      28.6192
    2756      28.4991
    2757      28.5670
    2758      28.3803
    2759      28.4541
    2760      28.4413
    2761      28.4132
    2762      28.3587
    2763      28.3692
    2764      28.3734
    2765      28.4723
    2766      28.4835
    2767      28.4542
    2768      28.4998
    2769      28.5291
    2770      28.4676
    2771      28.4558
    2772      28.3996
    2773      28.4155
    2774      28.3594
    2775      28.3364
    2776      28.3932
    2777      28.3871
    2778      28.4484
    2779      28.5623
    2780      28.5790
    2781      28.4523
    2782      28.3715
    2783      28.4744
    2784      28.4763
    2785      28.4617
    2786      28.4892
    2787      28.4520
    2788      28.4153
    2789      28.4668
    2790      28.4141
    2791      28.6095
    2792      28.5093
    2793      28.5481
    2794      28.5079
    2795      28.4980
    2796      28.4635
    2797      28.4174
    2798      28.4484
    2799      28.4360
    2800      28.3272
    2801      28.4425
    2802      28.3771
    2803      28.3692
    2804      28.2924
    2805      28.3152
    2806      28.2469
    2807      28.2744
    2808      28.2483
    2809      28.2834
    2810      28.3052
    2811      28.2813
    2812      28.1728
    2813      28.1378
    2814      28.1706
    2815      28.2583
    2816      28.2963
    2817      28.2146
    2818      28.2399
    2819      28.2208
    2820      28.3043
    2821      28.3154
    2822      28.2263
    2823      28.2601
    2824      28.1534
    2825      28.2244
    2826      28.3054
    2827      28.2685
    2828      28.3024
    2829      28.1311
    2830      28.0900
    2831      28.1478
    2832      28.2748
    2833      28.3053
    2834      28.3485
    2835      28.2473
    2836      28.2950
    2837      28.4610
    2838      28.4196
    2839      28.3273
    2840      28.3242
    2841      28.2771
    2842      28.2341
    2843      28.3017
    2844      28.2442
    2845      28.2730
    2846      28.2449
    2847      28.2083
    2848      28.1822
    2849      28.3194
    2850      28.3619
    2851      28.3169
    2852      28.2994
    2853      28.2845
    2854      28.2222
    2855      28.1713
    2856      28.2553
    2857      28.1905
    2858      28.2219
    2859      28.1596
    2860      28.2052
    2861      28.1981
    2862      28.1676
    2863      28.2298
    2864      28.2422
    2865      28.3193
    2866      28.1745
    2867      28.2388
    2868      28.2900
    2869      28.2754
    2870      28.2516
    2871      28.2800
    2872      28.2801
    2873      28.2912
    2874      28.3522
    2875      28.3156
    2876      28.3068
    2877      28.2385
    2878      28.3578
    2879      28.3933
    2880      28.1433
    2881      28.1786
    2882      28.1724
    2883      28.1745
    2884      28.1962
    2885      28.2032
    2886      28.2537
    2887      28.2201
    2888      28.2732
    2889      28.2460
    2890      28.4230
    2891      28.3541
    2892      28.3961
    2893      28.4009
    2894      28.2842
    2895      28.2541
    2896      28.4156
    2897      28.5137
    2898      28.4305
    2899      28.3664
    2900      28.3608
    2901      28.4091
    2902      28.3995
    2903      28.3850
    2904      28.3355
    2905      28.3020
    2906      28.4127
    2907      28.3841
    2908      28.2680
    2909      28.3345
    2910      28.3477
    2911      28.2769
    2912      28.2776
    2913      28.2876
    2914      28.3425
    2915      28.1952
    2916      28.1250
    2917      28.2987
    2918      28.2819
    2919      28.2607
    2920      28.3240
    2921      28.4173
    2922      28.3815
    2923      28.3148
    2924      28.3082
    2925      28.3029
    2926      28.3114
    2927      28.3599
    2928      28.3464
    2929      28.3892
    2930      28.5845
    2931      28.4543
    2932      28.4760
    2933      28.3942
    2934      28.3785
    2935      28.2957
    2936      28.3750
    2937      28.2914
    2938      28.1853
    2939      28.2929
    2940      28.2980
    2941      28.2729
    2942      28.2197
    2943      28.2972
    2944      28.3284
    2945      28.2864
    2946      28.3270
    2947      28.2666
    2948      28.3173
    2949      28.2350
    2950      28.2017
    2951      28.3693
    2952      28.3652
    2953      28.3434
    2954      28.3931
    2955      28.3149
    2956      28.2356
    2957      28.1612
    2958      28.2527
    2959      28.2585
    2960      28.2447
    2961      28.2717
    2962      28.2869
    2963      28.2547
    2964      28.3200
    2965      28.4335
    2966      28.3498
    2967      28.3617
    2968      28.4687
    2969      28.6022
    2970      28.5020
    2971      28.4841
    2972      28.3178
    2973      28.4893
    2974      28.4566
    2975      28.4432
    2976      28.4863
    2977      28.3981
    2978      28.4128
    2979      28.2653
    2980      28.2120
    2981      28.2499
    2982      28.2395
    2983      28.1584
    2984      28.1051
    2985      28.2346
    2986      28.0893
    2987      28.0951
    2988      28.1625
    2989      28.1760
    2990      28.2356
    2991      28.2517
    2992      28.2038
    2993      28.2991
    2994      28.2438
    2995      28.1921
    2996      28.0833
    2997      28.1368
    2998      28.2253
    2999      28.2270
    3000      28.3132
    3001      28.2511
    3002      28.3556
    3003      28.3861
    3004      28.4967
    3005      28.4374
    3006      28.4490
    3007      28.4358
    3008      28.3542
    3009      28.4616
    3010      28.4540
    3011      28.3757
    3012      28.3487
    3013      28.2726
    3014      28.2489
    3015      28.3262
    3016      28.3079
    3017      28.3410
    3018      28.2514
    3019      28.2349
    3020      28.2945
    3021      28.3469
    3022      28.3106
    3023      28.2661
    3024      28.2487
    3025      28.2926
    3026      28.2973
    3027      28.2334
    3028      28.3492
    3029      28.4089
    3030      28.4084
    3031      28.2967
    3032      28.3297
    3033      28.2655
    3034      28.3701
    3035      28.3382
    3036      28.3713
    3037      28.4522
    3038      28.4628
    3039      28.4375
    3040      28.4130
    3041      28.3522
    3042      28.3309
    3043      28.3764
    3044      28.2490
    3045      28.2500
    3046      28.2389
    3047      28.2785
    3048      28.2848
    3049      28.2078
    3050      28.2926
    3051      28.3162
    3052      28.3426
    3053      28.2483
    3054      28.2822
    3055      28.3663
    3056      28.3944
    3057      28.4013
    3058      28.2073
    3059      28.0229
    3060      28.1155
    3061      28.1448
    3062      28.1129
    3063      28.2386
    3064      28.1764
    3065      28.2208
    3066      28.2097
    3067      28.1929
    3068      28.1189
    3069      28.1509
    3070      28.1789
    3071      28.2083
    3072      28.2777
    3073      28.2275
    3074      28.3277
    3075      28.2522
    3076      28.2989
    3077      28.3231
    3078      28.3592
    3079      28.2618
    3080      28.1815
    3081      28.1621
    3082      28.1667
    3083      28.3069
    3084      28.3110
    3085      28.2493
    3086      28.2988
    3087      28.3881
    3088      28.4252
    3089      28.3329
    3090      28.3734
    3091      28.4917
    3092      28.4094
    3093      28.4367
    3094      28.4064
    3095      28.4170
    3096      28.3843
    3097      28.5289
    3098      28.3134
    3099      28.4327
    3100      28.4140
    3101      28.2936
    3102      28.3259
    3103      28.3529
    3104      28.3936
    3105      28.4276
    3106      28.4356
    3107      28.3502
    3108      28.3068
    3109      28.4439
    3110      28.4405
    3111      28.4191
    3112      28.4335
    3113      28.4550
    3114      28.4719
    3115      28.3861
    3116      28.3713
    3117      28.3649
    3118      28.4667
    3119      28.3809
    3120      28.4136
    3121      28.5046
    3122      28.3351
    3123      28.3074
    3124      28.3237
    3125      28.2363
    3126      28.3092
    3127      28.2532
    3128      28.2468
    3129      28.2467
    3130      28.2620
    3131      28.3289
    3132      28.3120
    3133      28.3030
    3134      28.2459
    3135      28.3119
    3136      28.2975
    3137      28.4158
    3138      28.4860
    3139      28.5718
    3140      28.4759
    3141      28.4603
    3142      28.4747
    3143      28.4447
    3144      28.3663
    3145      28.4411
    3146      28.4325
    3147      28.4450
    3148      28.4242
    3149      28.3480
    3150      28.5311
    3151      28.3398
    3152      28.4623
    3153      28.3558
    3154      28.3920
    3155      28.3697
    3156      28.4242
    3157      28.3589
    3158      28.4395
    3159      28.3304
    3160      28.4564
    3161      28.3919
    3162      28.4305
    3163      28.3328
    3164      28.2819
    3165      28.3916
    3166      28.3659
    3167      28.3352
    3168      28.3140
    3169      28.3689
    3170      28.3857
    3171      28.3119
    3172      28.2855
    3173      28.3320
    3174      28.3719
    3175      28.3203
    3176      28.3096
    3177      28.3852
    3178      28.2910
    3179      28.2792
    3180      28.2953
    3181      28.2084
    3182      28.3202
    3183      28.3258
    3184      28.2728
    3185      28.3437
    3186      28.3302
    3187      28.3431
    3188      28.2485
    3189      28.2068
    3190      28.1958
    3191      28.1799
    3192      28.3762
    3193      28.2884
    3194      28.2165
    3195      28.2795
    3196      28.3749
    3197      28.3784
    3198      28.3749
    3199      28.3781
    3200      28.4157
    3201      28.4085
    3202      28.3608
    3203      28.4200
    3204      28.3509
    3205      28.2561
    3206      28.3352
    3207      28.3269
    3208      28.2851
    3209      28.3666
    3210      28.4680
    3211      28.4389
    3212      28.4321
    3213      28.3846
    3214      28.4582
    3215      28.4471
    3216      28.3815
    3217      28.3868
    3218      28.4115
    3219      28.4210
    3220      28.4924
    3221      28.4221
    3222      28.5769
    3223      28.5195
    3224      28.4906
    3225      28.3660
    3226      28.3851
    3227      28.4987
    3228      28.4425
    3229      28.4975
    3230      28.4610
    3231      28.3299
    3232      28.4264
    3233      28.4035
    3234      28.4412
    3235      28.3667
    3236      28.4594
    3237      28.3974
    3238      28.4438
    3239      28.4633
    3240      28.3804
    3241      28.3896
    3242      28.3919
    3243      28.4444
    3244      28.3552
    3245      28.5144
    3246      28.4185
    3247      28.4616
    3248      28.4329
    3249      28.4372
    3250      28.4345
    3251      28.4366
    3252      28.5453
    3253      28.4524
    3254      28.4521
    3255      28.4200
    3256      28.4228
    3257      28.4548
    3258      28.4196
    3259      28.3335
    3260      28.3209
    3261      28.3308
    3262      28.4627
    3263      28.3749
    3264      28.3994
    3265      28.4736
    3266      28.3564
    3267      28.4670
    3268      28.4388
    3269      28.4792
    3270      28.4280
    3271      28.3946
    3272      28.4259
    3273      28.4731
    3274      28.3547
    3275      28.4867
    3276      28.4141
    3277      28.5342
    3278      28.3993
    3279      28.4592
    3280      28.3678
    3281      28.3919
    3282      28.4436
    3283      28.3898
    3284      28.3845
    3285      28.4191
    3286      28.2917
    3287      28.3758
    3288      28.2991
    3289      28.3736
    3290      28.4377
    3291      28.4398
    3292      28.4845
    3293      28.5486
    3294      28.4336
    3295      28.4961
    3296      28.4572
    3297      28.3967
    3298      28.4181
    3299      28.4342
    3300      28.4220
    3301      28.4046
    3302      28.4337
    3303      28.3533
    3304      28.4304
    3305      28.3879
    3306      28.3411
    3307      28.4171
    3308      28.4492
    3309      28.4220
    3310      28.5083
    3311      28.3840
    3312      28.3976
    3313      28.3852
    3314      28.4154
    3315      28.3562
    3316      28.4212
    3317      28.4010
    3318      28.3542
    3319      28.3065
    3320      28.3943
    3321      28.4341
    3322      28.4680
    3323      28.4512
    3324      28.5217
    3325      28.5994
    3326      28.5206
    3327      28.4351
    3328      28.4278
    3329      28.4325
    3330      28.4095
    3331      28.5253
    3332      28.4759
    3333      28.4972
    3334      28.4945
    3335      28.5576
    3336      28.5164
    3337      28.5732
    3338      28.5201
    3339      28.5021
    3340      28.5965
    3341      28.6078
    3342      28.6412
    3343      28.4892
    3344      28.6270
    3345      28.5600
    3346      28.6013
    3347      28.6092
    3348      28.5024
    3349      28.5397
    3350      28.4777
    3351      28.4895
    3352      28.5507
    3353      28.5001
    3354      28.5544
    3355      28.6479
    3356      28.6518
    3357      28.6504
    3358      28.6926
    3359      28.5691
    3360      28.6016
    3361      28.6433
    3362      28.4968
    3363      28.5107
    3364      28.4671
    3365      28.4979
    3366      28.4334
    3367      28.4427
    3368      28.3904
    3369      28.4686
    3370      28.5602
    3371      28.5621
    3372      28.6035
    3373      28.7470
    3374      28.5133
    3375      28.5281
    3376      28.4578
    3377      28.5188
    3378      28.5363
    3379      28.6007
    3380      28.5959
    3381      28.5913
    3382      28.5522
    3383      28.5742
    3384      28.5391
    3385      28.5975
    3386      28.4419
    3387      28.4899
    3388      28.4874
    3389      28.4547
    3390      28.3497
    3391      28.4877
    3392      28.4855
    3393      28.4641
    3394      28.3853
    3395      28.4470
    3396      28.4076
    3397      28.4938
    3398      28.4946
    3399      28.5140
    3400      28.5756
    3401      28.5887
    3402      28.6077
    3403      28.4938
    3404      28.5358
    3405      28.6440
    3406      28.5993
    3407      28.6437
    3408      28.5256
    3409      28.5841
    3410      28.5675
    3411      28.5778
    3412      28.5544
    3413      28.5261
    3414      28.6027
    3415      28.5342
    3416      28.5452
    3417      28.5613
    3418      28.5738
    3419      28.5197
    3420      28.4067
    3421      28.5316
    3422      28.6545
    3423      28.5591
    3424      28.4709
    3425      28.6286
    3426      28.5744
    3427      28.4995
    3428      28.4787
    3429      28.5995
    3430      28.5803
    3431      28.5942
    3432      28.5279
    3433      28.5181
    3434      28.4232
    3435      28.4672
    3436      28.5560
    3437      28.4402
    3438      28.4614
    3439      28.5778
    3440      28.3808
    3441      28.4902
    3442      28.4333
    3443      28.3874
    3444      28.5101
    3445      28.5713
    3446      28.4504
    3447      28.4735
    3448      28.4345
    3449      28.5546
    3450      28.5597
    3451      28.6036
    3452      28.5721
    3453      28.5600
    3454      28.5614
    3455      28.5187
    3456      28.4551
    3457      28.5049
    3458      28.4285
    3459      28.3701
    3460      28.4185
    3461      28.3747
    3462      28.3387
    3463      28.2756
    3464      28.3490
    3465      28.2908
    3466      28.4150
    3467      28.4017
    3468      28.3092
    3469      28.4071
    3470      28.4655
    3471      28.3789
    3472      28.5199
    3473      28.4135
    3474      28.4200
    3475      28.4615
    3476      28.4275
    3477      28.5006
    3478      28.5063
    3479      28.5279
    3480      28.5002
    3481      28.6497
    3482      28.6060
    3483      28.5085
    3484      28.5807
    3485      28.5003
    3486      28.5197
    3487      28.5780
    3488      28.4869
    3489      28.6269
    3490      28.5511
    3491      28.6281
    3492      28.6066
    3493      28.5569
    3494      28.5358
    3495      28.6176
    3496      28.5662
    3497      28.6202
    3498      28.4842
    3499      28.5769
    3500      28.6673
    3501      28.5403
    3502      28.5517
    3503      28.5776
    3504      28.6078
    3505      28.5222
    3506      28.5304
    3507      28.4915
    3508      28.5018
    3509      28.4302
    3510      28.4044
    3511      28.3879
    3512      28.3955
    3513      28.3493
    3514      28.4281
    3515      28.4726
    3516      28.5057
    3517      28.3573
    3518      28.3677
    3519      28.3011
    3520      28.3881
    3521      28.3143
    3522      28.3668
    3523      28.4020
    3524      28.2981
    3525      28.3530
    3526      28.3938
    3527      28.3686
    3528      28.3942
    3529      28.4274
    3530      28.3416
    3531      28.4241
    3532      28.4082
    3533      28.4228
    3534      28.4062
    3535      28.5525
    3536      28.5032
    3537      28.4733
    3538      28.6162
    3539      28.4937
    3540      28.5266
    3541      28.5807
    3542      28.5061
    3543      28.5923
    3544      28.5719
    3545      28.4475
    3546      28.5869
    3547      28.5135
    3548      28.4459
    3549      28.5343
    3550      28.4560
    3551      28.5906
    3552      28.5624
    3553      28.5200
    3554      28.3383
    3555      28.4954
    3556      28.4499
    3557      28.5048
    3558      28.4348
    3559      28.4075
    3560      28.5306
    3561      28.5431
    3562      28.6148
    3563      28.7017
    3564      28.7373
    3565      28.7792
    3566      28.7138
    3567      28.6915
    3568      28.6895
    3569      28.7705
    3570      28.5998
    3571      28.6185
    3572      28.7602
    3573      28.7129
    3574      28.7125
    3575      28.6510
    3576      28.6448
    3577      28.6374
    3578      28.7050
    3579      28.6239
    3580      28.5590
    3581      28.5586
    3582      28.5510
    3583      28.5940
    3584      28.5377
    3585      28.6312
    3586      28.5760
    3587      28.6620
    3588      28.5432
    3589      28.5361
    3590      28.6154
    3591      28.5670
    3592      28.5932
    3593      28.4891
    3594      28.5887
    3595      28.6122
    3596      28.6172
    3597      28.5903
    3598      28.6215
    3599      28.6312
    3600      28.5556
    3601      28.5669
    3602      28.6164
    3603      28.6681
    3604      28.6336
    3605      28.6390
    3606      28.6454
    3607      28.6115
    3608      28.6777
    3609      28.4820
    3610      28.6249
    3611      28.6656
    3612      28.7177
    3613      28.7556
    3614      28.7680
    3615      28.6713
    3616      28.6014
    3617      28.5728
    3618      28.6644
    3619      28.7082
    3620      28.7124
    3621      28.6827
    3622      28.6219
    3623      28.6727
    3624      28.6550
    3625      28.6140
    3626      28.5559
    3627      28.5769
    3628      28.6375
    3629      28.5598
    3630      28.5820
    3631      28.5015
    3632      28.5065
    3633      28.5480
    3634      28.4980
    3635      28.5048
    3636      28.5525
    3637      28.5173
    3638      28.5036
    3639      28.5883
    3640      28.5938
    3641      28.6943
    3642      28.6678
    3643      28.6977
    3644      28.6789
    3645      28.6608
    3646      28.6225
    3647      28.6239
    3648      28.6025
    3649      28.7025
    3650      28.7730
    3651      28.7967
    3652      28.6407
    3653      28.7852
    3654      28.8176
    3655      28.7468
    3656      28.6697
    3657      28.7978
    3658      28.7015
    3659      28.6838
    3660      28.7121
    3661      28.7154
    3662      28.8442
    3663      28.7053
    3664      28.6728
    3665      28.6441
    3666      28.5874
    3667      28.6300
    3668      28.6505
    3669      28.6703
    3670      28.6957
    3671      28.5775
    3672      28.7053
    3673      28.5052
    3674      28.5134
    3675      28.5328
    3676      28.5624
    3677      28.5155
    3678      28.5106
    3679      28.5937
    3680      28.6060
    3681      28.6514
    3682      28.6163
    3683      28.7147
    3684      28.6954
    3685      28.6840
    3686      28.5836
    3687      28.5617
    3688      28.5105
    3689      28.4835
    3690      28.6043
    3691      28.6201
    3692      28.6006
    3693      28.5853
    3694      28.5369
    3695      28.4739
    3696      28.5764
    3697      28.5173
    3698      28.5804
    3699      28.5951
    3700      28.5414
    3701      28.5557
    3702      28.5489
    3703      28.4684
    3704      28.4073
    3705      28.4465
    3706      28.4685
    3707      28.3945
    3708      28.4674
    3709      28.4878
    3710      28.4572
    3711      28.5247
    3712      28.6421
    3713      28.5885
    3714      28.5896
    3715      28.5876
    3716      28.6138
    3717      28.6279
    3718      28.6036
    3719      28.6006
    3720      28.5379
    3721      28.5001
    3722      28.4897
    3723      28.5318
    3724      28.4774
    3725      28.4293
    3726      28.4177
    3727      28.4802
    3728      28.3864
    3729      28.5641
    3730      28.4604
    3731      28.5001
    3732      28.4644
    3733      28.4905
    3734      28.4920
    3735      28.4004
    3736      28.4898
    3737      28.5014
    3738      28.4946
    3739      28.5538
    3740      28.4230
    3741      28.4443
    3742      28.3921
    3743      28.5095
    3744      28.5315
    3745      28.5469
    3746      28.5875
    3747      28.4833
    3748      28.4963
    3749      28.5925
    3750      28.6241
    3751      28.5378
    3752      28.5432
    3753      28.5949
    3754      28.6511
    3755      28.5833
    3756      28.6755
    3757      28.5778
    3758      28.4946
    3759      28.5470
    3760      28.6204
    3761      28.4314
    3762      28.4296
    3763      28.4761
    3764      28.5811
    3765      28.5482
    3766      28.4991
    3767      28.4633
    3768      28.4911
    3769      28.4616
    3770      28.4679
    3771      28.4625
    3772      28.3268
    3773      28.4767
    3774      28.4701
    3775      28.4496
    3776      28.4492
    3777      28.4573
    3778      28.4301
    3779      28.4827
    3780      28.4730
    3781      28.4764
    3782      28.4824
    3783      28.4895
    3784      28.6111
    3785      28.6279
    3786      28.5578
    3787      28.5840
    3788      28.5866
    3789      28.5307
    3790      28.4746
    3791      28.5430
    3792      28.5910
    3793      28.6166
    3794      28.4707
    3795      28.5293
    3796      28.5247
    3797      28.5572
    3798      28.5717
    3799      28.5272
    3800      28.5152
    3801      28.5535
    3802      28.5035
    3803      28.5266
    3804      28.5041
    3805      28.6660
    3806      28.5009
    3807      28.6167
    3808      28.5994
    3809      28.6293
    3810      28.5400
    3811      28.4896
    3812      28.4554
    3813      28.4857
    3814      28.4850
    3815      28.3985
    3816      28.4207
    3817      28.5264
    3818      28.5132
    3819      28.4809
    3820      28.3400
    3821      28.3316
    3822      28.3663
    3823      28.4158
    3824      28.4094
    3825      28.4309
    3826      28.4316
    3827      28.4880
    3828      28.3850
    3829      28.4470
    3830      28.4935
    3831      28.4864
    3832      28.3881
    3833      28.4804
    3834      28.5068
    3835      28.4440
    3836      28.4402
    3837      28.4865
    3838      28.6113
    3839      28.5849
    3840      28.5827
    3841      28.5047
    3842      28.6372
    3843      28.5611
    3844      28.5943
    3845      28.5674
    3846      28.5199
    3847      28.4463
    3848      28.6113
    3849      28.5951
    3850      28.5042
    3851      28.6041
    3852      28.4853
    3853      28.5530
    3854      28.4723
    3855      28.6369
    3856      28.5764
    3857      28.5534
    3858      28.4632
    3859      28.4085
    3860      28.5003
    3861      28.6474
    3862      28.6285
    3863      28.5956
    3864      28.6046
    3865      28.6703
    3866      28.6653
    3867      28.5971
    3868      28.6265
    3869      28.5742
    3870      28.5991
    3871      28.4126
    3872      28.4809
    3873      28.5958
    3874      28.5331
    3875      28.5175
    3876      28.6187
    3877      28.5299
    3878      28.5858
    3879      28.6393
    3880      28.4941
    3881      28.5368
    3882      28.5825
    3883      28.6291
    3884      28.5485
    3885      28.4419
    3886      28.5751
    3887      28.5521
    3888      28.6154
    3889      28.5256
    3890      28.5661
    3891      28.6351
    3892      28.5453
    3893      28.4226
    3894      28.6100
    3895      28.5623
    3896      28.5204
    3897      28.5697
    3898      28.6303
    3899      28.6241
    3900      28.7409
    3901      28.5869
    3902      28.6821
    3903      28.6464
    3904      28.5791
    3905      28.5702
    3906      28.6383
    3907      28.5903
    3908      28.6443
    3909      28.6376
    3910      28.6624
    3911      28.6469
    3912      28.6034
    3913      28.6536
    3914      28.5918
    3915      28.6633
    3916      28.5779
    3917      28.8761
    3918      28.8269
    3919      28.7367
    3920      28.5808
    3921      28.8304
    3922      28.5758
    3923      28.6607
    3924      28.6039
    3925      28.6297
    3926      28.5111
    3927      28.5753
    3928      28.6412
    3929      28.6010
    3930      28.5895
    3931      28.6637
    3932      28.5578
    3933      28.6129
    3934      28.6557
    3935      28.5495
    3936      28.5880
    3937      28.5766
    3938      28.5088
    3939      28.5770
    3940      28.5176
    3941      28.5283
    3942      28.5347
    3943      28.4960
    3944      28.5011
    3945      28.4553
    3946      28.6728
    3947      28.6539
    3948      28.6934
    3949      28.6544
    3950      28.6507
    3951      28.5460
    3952      28.6454
    3953      28.5214
    3954      28.5728
    3955      28.3949
    3956      28.5137
    3957      28.5387
    3958      28.4810
    3959      28.5143
    3960      28.5215
    3961      28.5657
    3962      28.5414
    3963      28.5496
    3964      28.5483
    3965      28.6227
    3966      28.6227
    3967      28.6153
    3968      28.5405
    3969      28.5797
    3970      28.5830
    3971      28.6271
    3972      28.4456
    3973      28.5870
    3974      28.5587
    3975      28.5621
    3976      28.5999
    3977      28.6475
    3978      28.5538
    3979      28.5889
    3980      28.4665
    3981      28.5398
    3982      28.5731
    3983      28.6874
    3984      28.6613
    3985      28.5656
    3986      28.4881
    3987      28.6091
    3988      28.5012
    3989      28.7036
    3990      28.6154
    3991      28.4862
    3992      28.4483
    3993      28.5656
    3994      28.6348
    3995      28.6072
    3996      28.5428
    3997      28.4251
    3998      28.5350
    3999      28.5628
    4000      28.6192
    4001      28.4848
    4002      28.5231
    4003      28.6060
    4004      28.6068
    4005      28.5244
    4006      28.4989
    4007      28.5562
    4008      28.6184
    4009      28.4544
    4010      28.6198
    4011      28.5305
    4012      28.6422
    4013      28.5757
    4014      28.5296
    4015      28.5990
    4016      28.5473
    4017      28.6697
    4018      28.6201
    4019      28.5586
    4020      28.5235
    4021      28.5190
    4022      28.5450
    4023      28.4878
    4024      28.4671
    4025      28.4254
    4026      28.5155
    4027      28.3944
    4028      28.4394
    4029      28.5329
    4030      28.5085
    4031      28.4564
    4032      28.5244
    4033      28.5754
    4034      28.5649
    4035      28.4529
    4036      28.5264
    4037      28.6502
    4038      28.6837
    4039      28.5320
    4040      28.5540
    4041      28.5531
    4042      28.5078
    4043      28.5580
    4044      28.4747
    4045      28.5214
    4046      28.5433
    4047      28.4816
    4048      28.4650
    4049      28.5442
    4050      28.5674
    4051      28.4635
    4052      28.6114
    4053      28.6865
    4054      28.6281
    4055      28.5049
    4056      28.5361
    4057      28.5594
    4058      28.5951
    4059      28.5980
    4060      28.5008
    4061      28.5272
    4062      28.5722
    4063      28.4840
    4064      28.5421
    4065      28.5277
    4066      28.4409
    4067      28.6165
    4068      28.6907
    4069      28.5227
    4070      28.6325
    4071      28.6903
    4072      28.6146
    4073      28.5871
    4074      28.7044
    4075      28.5829
    4076      28.6671
    4077      28.5963
    4078      28.4450
    4079      28.6345
    4080      28.5492
    4081      28.6921
    4082      28.6131
    4083      28.6278
    4084      28.5345
    4085      28.5101
    4086      28.5136
    4087      28.5715
    4088      28.5166
    4089      28.5750
    4090      28.4500
    4091      28.4484
    4092      28.5211
    4093      28.4184
    4094      28.4886
    4095      28.5452
    4096      28.5564
    4097      28.5430
    4098      28.5520
    4099      28.5571
    4100      28.5516
    4101      28.6076
    4102      28.5811
    4103      28.4569
    4104      28.5284
    4105      28.5386
    4106      28.5678
    4107      28.5533
    4108      28.5855
    4109      28.6416
    4110      28.6112
    4111      28.5282
    4112      28.4270
    4113      28.4366
    4114      28.5579
    4115      28.5713
    4116      28.5219
    4117      28.5771
    4118      28.5978
    4119      28.7657
    4120      28.6447
    4121      28.4991
    4122      28.5135
    4123      28.3779
    4124      28.4343
    4125      28.3969
    4126      28.4018
    4127      28.3795
    4128      28.3484
    4129      28.3994
    4130      28.4474
    4131      28.5411
    4132      28.4616
    4133      28.4822
    4134      28.4437
    4135      28.4116
    4136      28.4441
    4137      28.5243
    4138      28.6115
    4139      28.4883
    4140      28.4802
    4141      28.4814
    4142      28.5656
    4143      28.5576
    4144      28.5255
    4145      28.6671
    4146      28.5322
    4147      28.5681
    4148      28.4580
    4149      28.4865
    4150      28.6065
    4151      28.6931
    4152      28.5757
    4153      28.7078
    4154      28.5846
    4155      28.5811
    4156      28.6041
    4157      28.6516
    4158      28.6509
    4159      28.5462
    4160      28.5188
    4161      28.4692
    4162      28.5086
    4163      28.5322
    4164      28.4662
    4165      28.4626
    4166      28.4265
    4167      28.4232
    4168      28.6098
    4169      28.5784
    4170      28.4723
    4171      28.5959
    4172      28.5659
    4173      28.5046
    4174      28.4620
    4175      28.5821
    4176      28.6059
    4177      28.6165
    4178      28.5855
    4179      28.5231
    4180      28.6173
    4181      28.5092
    4182      28.5889
    4183      28.4636
    4184      28.4445
    4185      28.5510
    4186      28.4797
    4187      28.5472
    4188      28.5018
    4189      28.4424
    4190      28.4927
    4191      28.4796
    4192      28.3986
    4193      28.4226
    4194      28.4063
    4195      28.3336
    4196      28.3774
    4197      28.4770
    4198      28.4890
    4199      28.4116
    4200      28.4769
    4201      28.4692
    4202      28.5916
    4203      28.5618
    4204      28.5506
    4205      28.5923
    4206      28.6160
    4207      28.5686
    4208      28.5387
    4209      28.5046
    4210      28.5682
    4211      28.5125
    4212      28.6690
    4213      28.6165
    4214      28.6529
    4215      28.6537
    4216      28.7187
    4217      28.6505
    4218      28.5244
    4219      28.6302
    4220      28.5832
    4221      28.5647
    4222      28.6008
    4223      28.5280
    4224      28.6127
    4225      28.4862
    4226      28.5136
    4227      28.5373
    4228      28.4104
    4229      28.4538
    4230      28.3920
    4231      28.4211
    4232      28.5358
    4233      28.4577
    4234      28.3527
    4235      28.4223
    4236      28.5071
    4237      28.5645
    4238      28.6572
    4239      28.5562
    4240      28.5790
    4241      28.5671
    4242      28.6422
    4243      28.6516
    4244      28.5371
    4245      28.5165
    4246      28.4998
    4247      28.4949
    4248      28.5761
    4249      28.5332
    4250      28.5156
    4251      28.6503
    4252      28.7292
    4253      28.5053
    4254      28.5128
    4255      28.5504
    4256      28.4434
    4257      28.5507
    4258      28.6014
    4259      28.5538
    4260      28.5084
    4261      28.4946
    4262      28.5625
    4263      28.4829
    4264      28.5122
    4265      28.3445
    4266      28.3613
    4267      28.3049
    4268      28.2454
    4269      28.3621
    4270      28.3756
    4271      28.4725
    4272      28.5151
    4273      28.4980
    4274      28.4765
    4275      28.3916
    4276      28.3897
    4277      28.4427
    4278      28.4805
    4279      28.4666
    4280      28.4690
    4281      28.4753
    4282      28.5013
    4283      28.4646
    4284      28.5274
    4285      28.4798
    4286      28.4395
    4287      28.5257
    4288      28.5228
    4289      28.6677
    4290      28.6019
    4291      28.5896
    4292      28.7121
    4293      28.7112
    4294      28.6617
    4295      28.6800
    4296      28.6791
    4297      28.6711
    4298      28.6318
    4299      28.6934
    4300      28.8225
    4301      28.6817
    4302      28.5903
    4303      28.6693
    4304      28.5817
    4305      28.5728
    4306      28.5226
    4307      28.5452
    4308      28.4795
    4309      28.5591
    4310      28.4517
    4311      28.6004
    4312      28.6172
    4313      28.5166
    4314      28.6027
    4315      28.6657
    4316      28.5179
    4317      28.5241
    4318      28.4920
    4319      28.4927
    4320      28.4610
    4321      28.4807
    4322      28.4386
    4323      28.3113
    4324      28.4276
    4325      28.6250
    4326      28.7137
    4327      28.5577
    4328      28.4707
    4329      28.3014
    4330      28.4848
    4331      28.4595
    4332      28.4119
    4333      28.4047
    4334      28.4310
    4335      28.4849
    4336      28.4916
    4337      28.4305
    4338      28.3892
    4339      28.3053
    4340      28.2968
    4341      28.3869
    4342      28.4952
    4343      28.4855
    4344      28.4950
    4345      28.5059
    4346      28.5102
    4347      28.5741
    4348      28.5533
    4349      28.4830
    4350      28.4450
    4351      28.5665
    4352      28.6201
    4353      28.5959
    4354      28.6753
    4355      28.7574
    4356      28.6763
    4357      28.5864
    4358      28.6670
    4359      28.6492
    4360      28.5305
    4361      28.6333
    4362      28.6218
    4363      28.6038
    4364      28.5464
    4365      28.6924
    4366      28.6101
    4367      28.6117
    4368      28.5697
    4369      28.5541
    4370      28.5400
    4371      28.4608
    4372      28.5486
    4373      28.5826
    4374      28.5068
    4375      28.4993
    4376      28.5674
    4377      28.6183
    4378      28.5772
    4379      28.5024
    4380      28.5224
    4381      28.5658
    4382      28.5560
    4383      28.4928
    4384      28.4610
    4385      28.4951
    4386      28.4901
    4387      28.5242
    4388      28.4466
    4389      28.5081
    4390      28.5418
    4391      28.5634
    4392      28.4663
    4393      28.5516
    4394      28.6224
    4395      28.6555
    4396      28.5359
    4397      28.6379
    4398      28.5638
    4399      28.4615
    4400      28.5256
    4401      28.4184
    4402      28.4651
    4403      28.3377
    4404      28.4789
    4405      28.4624
    4406      28.4673
    4407      28.4713
    4408      28.6153
    4409      28.6055
    4410      28.6237
    4411      28.7021
    4412      28.5688
    4413      28.5134
    4414      28.6742
    4415      28.4911
    4416      28.6240
    4417      28.5999
    4418      28.5698
    4419      28.5614
    4420      28.5554
    4421      28.5821
    4422      28.6239
    4423      28.5240
    4424      28.6096
    4425      28.5818
    4426      28.6243
    4427      28.5120
    4428      28.5174
    4429      28.5471
    4430      28.4273
    4431      28.5783
    4432      28.5121
    4433      28.4800
    4434      28.4918
    4435      28.6464
    4436      28.5471
    4437      28.4654
    4438      28.5984
    4439      28.5890
    4440      28.4917
    4441      28.5881
    4442      28.5739
    4443      28.5238
    4444      28.5200
    4445      28.5901
    4446      28.6078
    4447      28.6144
    4448      28.5825
    4449      28.6046
    4450      28.6399
    4451      28.6077
    4452      28.5835
    4453      28.6259
    4454      28.5286
    4455      28.4763
    4456      28.6096
    4457      28.6473
    4458      28.5932
    4459      28.6608
    4460      28.6571
    4461      28.6635
    4462      28.4860
    4463      28.4950
    4464      28.4877
    4465      28.5173
    4466      28.4222
    4467      28.4131
    4468      28.4541
    4469      28.5434
    4470      28.4989
    4471      28.6506
    4472      28.5770
    4473      28.6217
    4474      28.5666
    4475      28.6078
    4476      28.5222
    4477      28.4331
    4478      28.5785
    4479      28.4846
    4480      28.4324
    4481      28.3544
    4482      28.4149
    4483      28.4792
    4484      28.4860
    4485      28.6113
    4486      28.5180
    4487      28.4912
    4488      28.5577
    4489      28.6711
    4490      28.5947
    4491      28.5891
    4492      28.5301
    4493      28.4188
    4494      28.4166
    4495      28.4103
    4496      28.4836
    4497      28.4866
    4498      28.4772
    4499      28.4816
    4500      28.4836
    4501      28.5343
    4502      28.5476
    4503      28.4999
    4504      28.4668
    4505      28.5094
    4506      28.4608
    4507      28.4790
    4508      28.4618
    4509      28.5570
    4510      28.5799
    4511      28.5914
    4512      28.5482
    4513      28.5188
    4514      28.5412
    4515      28.5667
    4516      28.5607
    4517      28.4998
    4518      28.4738
    4519      28.5091
    4520      28.3955
    4521      28.3916
    4522      28.5183
    4523      28.5205
    4524      28.6946
    4525      28.5131
    4526      28.5910
    4527      28.4776
    4528      28.4901
    4529      28.4178
    4530      28.4817
    4531      28.3511
    4532      28.3908
    4533      28.5322
    4534      28.4609
    4535      28.5375
    4536      28.6052
    4537      28.5588
    4538      28.7123
    4539      28.6589
    4540      28.6779
    4541      28.6851
    4542      28.4880
    4543      28.5596
    4544      28.4999
    4545      28.5661
    4546      28.5174
    4547      28.5481
    4548      28.5462
    4549      28.6151
    4550      28.6645
    4551      28.6024
    4552      28.4800
    4553      28.5353
    4554      28.5868
    4555      28.4570
    4556      28.3861
    4557      28.4750
    4558      28.4593
    4559      28.5852
    4560      28.5933
    4561      28.6421
    4562      28.5395
    4563      28.5555
    4564      28.5819
    4565      28.5069
    4566      28.5217
    4567      28.4890
    4568      28.4784
    4569      28.4486
    4570      28.5541
    4571      28.5144
    4572      28.5940
    4573      28.6310
    4574      28.6428
    4575      28.6606
    4576      28.6518
    4577      28.6458
    4578      28.6718
    4579      28.5444
    4580      28.4842
    4581      28.3767
    4582      28.3016
    4583      28.4352
    4584      28.4403
    4585      28.4225
    4586      28.4399
    4587      28.4623
    4588      28.5196
    4589      28.4961
    4590      28.5732
    4591      28.4780
    4592      28.4934
    4593      28.4281
    4594      28.3876
    4595      28.4881
    4596      28.4555
    4597      28.4107
    4598      28.3794
    4599      28.4583
    4600      28.5106
    4601      28.5591
    4602      28.5806
    4603      28.5572
    4604      28.5189
    4605      28.6506
    4606      28.5878
    4607      28.4738
    4608      28.4705
    4609      28.5912
    4610      28.5260
    4611      28.6134
    4612      28.4637
    4613      28.5714
    4614      28.6190
    4615      28.5795
    4616      28.6333
    4617      28.5672
    4618      28.5449
    4619      28.4830
    4620      28.4203
    4621      28.4771
    4622      28.4034
    4623      28.4608
    4624      28.4688
    4625      28.4189
    4626      28.3989
    4627      28.4395
    4628      28.4394
    4629      28.4436
    4630      28.4131
    4631      28.4559
    4632      28.5051
    4633      28.4862
    4634      28.4078
    4635      28.3938
    4636      28.4919
    4637      28.4407
    4638      28.4731
    4639      28.4317
    4640      28.3638
    4641      28.3920
    4642      28.3901
    4643      28.4823
    4644      28.4361
    4645      28.4035
    4646      28.4236
    4647      28.3886
    4648      28.4190
    4649      28.4636
    4650      28.5582
    4651      28.4975
    4652      28.3835
    4653      28.4437
    4654      28.3582
    4655      28.4455
    4656      28.4446
    4657      28.4954
    4658      28.5663
    4659      28.5107
    4660      28.5432
    4661      28.4900
    4662      28.5958
    4663      28.5504
    4664      28.6295
    4665      28.5274
    4666      28.4225
    4667      28.4036
    4668      28.5230
    4669      28.4150
    4670      28.5168
    4671      28.5298
    4672      28.5163
    4673      28.4897
    4674      28.4334
    4675      28.4314
    4676      28.4154
    4677      28.3755
    4678      28.3652
    4679      28.3899
    4680      28.3014
    4681      28.3738
    4682      28.3495
    4683      28.4391
    4684      28.5190
    4685      28.3597
    4686      28.4072
    4687      28.4621
    4688      28.5433
    4689      28.5482
    4690      28.4264
    4691      28.4558
    4692      28.4868
    4693      28.5461
    4694      28.5132
    4695      28.5159
    4696      28.5353
    4697      28.5762
    4698      28.5424
    4699      28.4578
    4700      28.5341
    4701      28.5101
    4702      28.4395
    4703      28.4406
    4704      28.5522
    4705      28.4223
    4706      28.5658
    4707      28.3762
    4708      28.3336
    4709      28.3654
    4710      28.4424
    4711      28.3735
    4712      28.4114
    4713      28.4854
    4714      28.3621
    4715      28.2570
    4716      28.3606
    4717      28.3106
    4718      28.2550
    4719      28.2803
    4720      28.3174
    4721      28.3234
    4722      28.2922
    4723      28.4815
    4724      28.5527
    4725      28.3072
    4726      28.3347
    4727      28.4577
    4728      28.4847
    4729      28.2623
    4730      28.2093
    4731      28.3618
    4732      28.3511
    4733      28.3283
    4734      28.3092
    4735      28.3095
    4736      28.3893
    4737      28.5075
    4738      28.3707
    4739      28.3718
    4740      28.3725
    4741      28.3097
    4742      28.3729
    4743      28.6000
    4744      28.4751
    4745      28.5053
    4746      28.4098
    4747      28.5637
    4748      28.4609
    4749      28.5023
    4750      28.5058
    4751      28.5365
    4752      28.5775
    4753      28.5053
    4754      28.4448
    4755      28.4837
    4756      28.5029
    4757      28.3384
    4758      28.4199
    4759      28.5404
    4760      28.4662
    4761      28.4918
    4762      28.3743
    4763      28.3450
    4764      28.3249
    4765      28.3257
    4766      28.3181
    4767      28.3415
    4768      28.4141
    4769      28.4763
    4770      28.4229
    4771      28.4550
    4772      28.3165
    4773      28.3649
    4774      28.4066
    4775      28.3118
    4776      28.2857
    4777      28.3213
    4778      28.2501
    4779      28.3798
    4780      28.4283
    4781      28.4747
    4782      28.4887
    4783      28.3765
    4784      28.4449
    4785      28.6016
    4786      28.5021
    4787      28.4121
    4788      28.4044
    4789      28.4336
    4790      28.3820
    4791      28.4562
    4792      28.4316
    4793      28.3667
    4794      28.3301
    4795      28.3520
    4796      28.4235
    4797      28.4940
    4798      28.3726
    4799      28.4839
    4800      28.3962
    4801      28.4503
    4802      28.4723
    4803      28.5000
    4804      28.3815
    4805      28.3727
    4806      28.3610
    4807      28.3858
    4808      28.4106
    4809      28.4656
    4810      28.4611
    4811      28.4442
    4812      28.4796
    4813      28.5881
    4814      28.5916
    4815      28.5129
    4816      28.4535
    4817      28.4889
    4818      28.5330
    4819      28.4887
    4820      28.5787
    4821      28.5920
    4822      28.4596
    4823      28.4917
    4824      28.3633
    4825      28.4919
    4826      28.5120
    4827      28.5683
    4828      28.7254
    4829      28.6051
    4830      28.5841
    4831      28.5475
    4832      28.6217
    4833      28.5256
    4834      28.4941
    4835      28.4994
    4836      28.4333
    4837      28.5015
    4838      28.5961
    4839      28.4071
    4840      28.4400
    4841      28.5051
    4842      28.3817
    4843      28.5304
    4844      28.5508
    4845      28.5323
    4846      28.4802
    4847      28.7146
    4848      28.5867
    4849      28.5733
    4850      28.6019
    4851      28.6562
    4852      28.5587
    4853      28.7182
    4854      28.4625
    4855      28.5263
    4856      28.5596
    4857      28.4826
    4858      28.5669
    4859      28.5746
    4860      28.5504
    4861      28.6396
    4862      28.5904
    4863      28.5289
    4864      28.4510
    4865      28.4479
    4866      28.5456
    4867      28.4919
    4868      28.5186
    4869      28.4852
    4870      28.4586
    4871      28.4550
    4872      28.5172
    4873      28.4093
    4874      28.4269
    4875      28.4711
    4876      28.4818
    4877      28.5132
    4878      28.5979
    4879      28.5694
    4880      28.5827
    4881      28.5234
    4882      28.5517
    4883      28.4998
    4884      28.4931
    4885      28.5412
    4886      28.4028
    4887      28.3278
    4888      28.4447
    4889      28.3956
    4890      28.4651
    4891      28.4996
    4892      28.5476
    4893      28.5148
    4894      28.4887
    4895      28.5942
    4896      28.5518
    4897      28.6147
    4898      28.6191
    4899      28.5442
    4900      28.5356
    4901      28.5653
    4902      28.5130
    4903      28.5219
    4904      28.4905
    4905      28.4610
    4906      28.5188
    4907      28.5828
    4908      28.4709
    4909      28.4812
    4910      28.4556
    4911      28.5161
    4912      28.5252
    4913      28.3865
    4914      28.5124
    4915      28.5383
    4916      28.5511
    4917      28.6377
    4918      28.5307
    4919      28.6142
    4920      28.6700
    4921      28.5602
    4922      28.5338
    4923      28.6278
    4924      28.6057
    4925      28.5507
    4926      28.5383
    4927      28.6462
    4928      28.5015
    4929      28.5250
    4930      28.5572
    4931      28.6082
    4932      28.5735
    4933      28.6187
    4934      28.5687
    4935      28.4780
    4936      28.5698
    4937      28.5406
    4938      28.5644
    4939      28.4903
    4940      28.5389
    4941      28.4428
    4942      28.5163
    4943      28.4906
    4944      28.5908
    4945      28.6316
    4946      28.6655
    4947      28.7251
    4948      28.6861
    4949      28.5363
    4950      28.5358
    4951      28.6212
    4952      28.5099
    4953      28.5599
    4954      28.4645
    4955      28.6735
    4956      28.5117
    4957      28.5519
    4958      28.4929
    4959      28.6047
    4960      28.4770
    4961      28.6379
    4962      28.6163
    4963      28.5283
    4964      28.4563
    4965      28.5108
    4966      28.4556
    4967      28.5066
    4968      28.5159
    4969      28.4576
    4970      28.4672
    4971      28.4143
    4972      28.5718
    4973      28.4842
    4974      28.4239
    4975      28.4675
    4976      28.4693
    4977      28.5193
    4978      28.5193
    4979      28.5099
    4980      28.3795
    4981      28.5233
    4982      28.4260
    4983      28.4768
    4984      28.6022
    4985      28.5094
    4986      28.6223
    4987      28.5869
    4988      28.5255
    4989      28.5945
    4990      28.5820
    4991      28.5420
    4992      28.5448
    4993      28.5206
    4994      28.4305
    4995      28.5414
    4996      28.4272
    4997      28.4004
    4998      28.2716
    4999      28.4023
    5000      28.2941
    5001      28.3841
    5002      28.4401
    5003      28.4387
    5004      28.3689
    5005      28.4351
    5006      28.3227
    5007      28.3060
    5008      28.4035
    5009      28.5964
    5010      28.5091
    5011      28.4580
    5012      28.5923
    5013      28.4682
    5014      28.5052
    5015      28.4032
    5016      28.3898
    5017      28.4310
    5018      28.6969
    5019      28.5536
    5020      28.5072
    5021      28.4590
    5022      28.5179
    5023      28.5407
    5024      28.5668
    5025      28.5841
    5026      28.4780
    5027      28.6352
    5028      28.4502
    5029      28.4456
    5030      28.4988
    5031      28.4859
    5032      28.6084
    5033      28.4735
    5034      28.5267
    5035      28.4757
    5036      28.4630
    5037      28.5354
    5038      28.4509
    5039      28.5411
    5040      28.5379
    5041      28.5145
    5042      28.4487
    5043      28.3316
    5044      28.3624
    5045      28.3261
    5046      28.4582
    5047      28.4244
    5048      28.5326
    5049      28.5882
    5050      28.5447
    5051      28.4475
    5052      28.4316
    5053      28.4180
    5054      28.5388
    5055      28.5465
    5056      28.4843
    5057      28.4036
    5058      28.4730
    5059      28.3743
    5060      28.3206
    5061      28.4264
    5062      28.4347
    5063      28.3787
    5064      28.4402
    5065      28.3646
    5066      28.2495
    5067      28.3730
    5068      28.3462
    5069      28.4059
    5070      28.3536
    5071      28.4747
    5072      28.4167
    5073      28.5257
    5074      28.4282
    5075      28.4202
    5076      28.4252
    5077      28.6236
    5078      28.5664
    5079      28.4070
    5080      28.4225
    5081      28.4316
    5082      28.3686
    5083      28.4202
    5084      28.3970
    5085      28.5114
    5086      28.4003
    5087      28.3543
    5088      28.3641
    5089      28.2745
    5090      28.4363
    5091      28.4329
    5092      28.4692
    5093      28.4718
    5094      28.4710
    5095      28.5646
    5096      28.4957
    5097      28.5567
    5098      28.4476
    5099      28.4433
    5100      28.4621
    5101      28.5300
    5102      28.3234
    5103      28.3207
    5104      28.3564
    5105      28.3661
    5106      28.4592
    5107      28.4981
    5108      28.4940
    5109      28.3264
    5110      28.3144
    5111      28.3763
    5112      28.4155
    5113      28.4529
    5114      28.3936
    5115      28.3581
    5116      28.3364
    5117      28.3343
    5118      28.3640
    5119      28.5039
    5120      28.5717
    5121      28.5497
    5122      28.3949
    5123      28.3889
    5124      28.4120
    5125      28.3884
    5126      28.2676
    5127      28.3723
    5128      28.3795
    5129      28.4432
    5130      28.3693
    5131      28.3034
    5132      28.4934
    5133      28.4727
    5134      28.5550
    5135      28.3653
    5136      28.3983
    5137      28.4157
    5138      28.4986
    5139      28.5089
    5140      28.3556
    5141      28.4257
    5142      28.3738
    5143      28.3851
    5144      28.4445
    5145      28.3798
    5146      28.3172
    5147      28.3056
    5148      28.2840
    5149      28.1973
    5150      28.3511
    5151      28.3812
    5152      28.3367
    5153      28.3672
    5154      28.2871
    5155      28.3986
    5156      28.3590
    5157      28.2713
    5158      28.3147
    5159      28.3043
    5160      28.2921
    5161      28.2609
    5162      28.3023
    5163      28.1890
    5164      28.1726
    5165      28.2247
    5166      28.2250
    5167      28.1635
    5168      28.1991
    5169      28.1928
    5170      28.0285
    5171      28.1246
    5172      28.1167
    5173      28.2533
    5174      28.2252
    5175      28.1904
    5176      28.2706
    5177      28.2105
    5178      28.2763
    5179      28.3248
    5180      28.3309
    5181      28.3058
    5182      28.4250
    5183      28.3514
    5184      28.3597
    5185      28.4305
    5186      28.3557
    5187      28.4270
    5188      28.5369
    5189      28.3949
    5190      28.5108
    5191      28.4750
    5192      28.5181
    5193      28.5367
    5194      28.3977
    5195      28.4952
    5196      28.5756
    5197      28.4794
    5198      28.5172
    5199      28.4647
    5200      28.4079
    5201      28.3725
    5202      28.3251
    5203      28.5038
    5204      28.4752
    5205      28.4645
    5206      28.5180
    5207      28.5086
    5208      28.4581
    5209      28.3712
    5210      28.3926
    5211      28.3814
    5212      28.3814
    5213      28.3275
    5214      28.2886
    5215      28.2931
    5216      28.3373
    5217      28.3562
    5218      28.3615
    5219      28.3937
    5220      28.2246
    5221      28.1947
    5222      28.1770
    5223      28.1968
    5224      28.2781
    5225      28.3606
    5226      28.3476
    5227      28.3063
    5228      28.3138
    5229      28.3924
    5230      28.3679
    5231      28.4059
    5232      28.4290
    5233      28.3205
    5234      28.2949
    5235      28.4285
    5236      28.4956
    5237      28.4233
    5238      28.4102
    5239      28.3910
    5240      28.3988
    5241      28.3980
    5242      28.5080
    5243      28.5105
    5244      28.4682
    5245      28.4317
    5246      28.4155
    5247      28.3074
    5248      28.3459
    5249      28.3784
    5250      28.4399
    5251      28.4309
    5252      28.4837
    5253      28.4657
    5254      28.3857
    5255      28.4514
    5256      28.4536
    5257      28.3719
    5258      28.4125
    5259      28.3613
    5260      28.3590
    5261      28.3124
    5262      28.4587
    5263      28.3507
    5264      28.4482
    5265      28.4154
    5266      28.5153
    5267      28.5528
    5268      28.7410
    5269      28.5724
    5270      28.5348
    5271      28.6193
    5272      28.6118
    5273      28.5749
    5274      28.6345
    5275      28.5800
    5276      28.5953
    5277      28.7592
    5278      28.7168
    5279      28.7006
    5280      28.6107
    5281      28.6017
    5282      28.4847
    5283      28.5687
    5284      28.4228
    5285      28.4741
    5286      28.5535
    5287      28.4306
    5288      28.2853
    5289      28.2409
    5290      28.3318
    5291      28.3229
    5292      28.2333
    5293      28.2766
    5294      28.3573
    5295      28.4042
    5296      28.4698
    5297      28.4571
    5298      28.4907
    5299      28.4412
    5300      28.3718
    5301      28.4164
    5302      28.3447
    5303      28.3197
    5304      28.4197
    5305      28.3859
    5306      28.2921
    5307      28.3635
    5308      28.2884
    5309      28.2726
    5310      28.2729
    5311      28.2949
    5312      28.3549
    5313      28.2973
    5314      28.4555
    5315      28.4334
    5316      28.5701
    5317      28.5875
    5318      28.5800
    5319      28.5184
    5320      28.5026
    5321      28.4344
    5322      28.3986
    5323      28.2967
    5324      28.2349
    5325      28.3057
    5326      28.2362
    5327      28.1687
    5328      28.3128
    5329      28.3615
    5330      28.4229
    5331      28.4612
    5332      28.4124
    5333      28.4087
    5334      28.4258
    5335      28.3058
    5336      28.4813
    5337      28.4317
    5338      28.2925
    5339      28.3638
    5340      28.4068
    5341      28.4099
    5342      28.2985
    5343      28.2946
    5344      28.3412
    5345      28.2777
    5346      28.3534
    5347      28.2455
    5348      28.2113
    5349      28.1426
    5350      28.2263
    5351      28.2102
    5352      28.2565
    5353      28.3014
    5354      28.4028
    5355      28.4115
    5356      28.4624
    5357      28.3160
    5358      28.3075
    5359      28.3487
    5360      28.3873
    5361      28.4849
    5362      28.4822
    5363      28.4330
    5364      28.4582
    5365      28.4745
    5366      28.4408
    5367      28.5364
    5368      28.4671
    5369      28.3956
    5370      28.3544
    5371      28.3788
    5372      28.2512
    5373      28.3036
    5374      28.3217
    5375      28.4648
    5376      28.4450
    5377      28.3962
    5378      28.6075
    5379      28.4909
    5380      28.5931
    5381      28.4574
    5382      28.4636
    5383      28.4389
    5384      28.4080
    5385      28.4027
    5386      28.5663
    5387      28.4275
    5388      28.5332
    5389      28.5351
    5390      28.6372
    5391      28.6291
    5392      28.5020
    5393      28.4450
    5394      28.4528
    5395      28.4077
    5396      28.3938
    5397      28.4621
    5398      28.4818
    5399      28.4446
    5400      28.4152
    5401      28.3972
    5402      28.4163
    5403      28.4955
    5404      28.5186
    5405      28.4106
    5406      28.4809
    5407      28.4548
    5408      28.3748
    5409      28.4384
    5410      28.3294
    5411      28.3802
    5412      28.3729
    5413      28.5092
    5414      28.4394
    5415      28.3067
    5416      28.3832
    5417      28.2940
    5418      28.3045
    5419      28.3043
    5420      28.2175
    5421      28.2707
    5422      28.3532
    5423      28.3216
    5424      28.3957
    5425      28.5547
    5426      28.4454
    5427      28.4315
    5428      28.5047
    5429      28.5899
    5430      28.5882
    5431      28.5525
    5432      28.4269
    5433      28.4301
    5434      28.4279
    5435      28.6095
    5436      28.6966
    5437      28.6281
    5438      28.4804
    5439      28.4138
    5440      28.3202
    5441      28.2733
    5442      28.3696
    5443      28.3377
    5444      28.3818
    5445      28.3762
    5446      28.3697
    5447      28.3403
    5448      28.4375
    5449      28.5014
    5450      28.7793
    5451      28.6232
    5452      28.6751
    5453      28.7338
    5454      28.6960
    5455      28.6338
    5456      28.6884
    5457      28.7457
    5458      28.6866
    5459      28.7509
    5460      28.6965
    5461      28.7604
    5462      28.7089
    5463      28.7594
    5464      28.7481
    5465      28.5641
    5466      28.5650
    5467      28.5472
    5468      28.6994
    5469      28.6513
    5470      28.5982
    5471      28.7268
    5472      28.6825
    5473      28.7647
    5474      28.7755
    5475      28.7811
    5476      28.7436
    5477      28.7303
    5478      28.8010
    5479      28.7746
    5480      28.8765
    5481      28.8695
    5482      28.7395
    5483      28.7905
    5484      28.8304
    5485      28.7992
    5486      28.8032
    5487      28.8567
    5488      28.8483
    5489      28.8317
    5490      28.8157
    5491      28.8314
    5492      28.6070
    5493      28.6706
    5494      28.6510
    5495      28.6361
    5496      28.7222
    5497      28.8045
    5498      28.6266
    5499      28.5802
    5500      28.5094
    5501      28.5170
    5502      28.5291
    5503      28.6129
    5504      28.6391
    5505      28.5516
    5506      28.6235
    5507      28.6654
    5508      28.6551
    5509      28.6029
    5510      28.5189
    5511      28.3787
    5512      28.3428
    5513      28.3854
    5514      28.4204
    5515      28.3245
    5516      28.2599
    5517      28.3148
    5518      28.3293
    5519      28.3095
    5520      28.2930
    5521      28.3566
    5522      28.3397
    5523      28.3206
    5524      28.4648
    5525      28.4085
    5526      28.4070
    5527      28.4915
    5528      28.4485
    5529      28.5239
    5530      28.4978
    5531      28.5522
    5532      28.6392
    5533      28.6002
    5534      28.6356
    5535      28.4584
    5536      28.5982
    5537      28.6214
    5538      28.6112
    5539      28.6305
    5540      28.5236
    5541      28.5992
    5542      28.5441
    5543      28.5336
    5544      28.5395
    5545      28.4687
    5546      28.4520
    5547      28.5280
    5548      28.4611
    5549      28.4416
    5550      28.3688
    5551      28.5622
    5552      28.4099
    5553      28.4430
    5554      28.4781
    5555      28.4164
    5556      28.4665
    5557      28.4224
    5558      28.4309
    5559      28.6068
    5560      28.4879
    5561      28.4481
    5562      28.3981
    5563      28.3132
    5564      28.3442
    5565      28.3947
    5566      28.4790
    5567      28.5167
    5568      28.5279
    5569      28.4422
    5570      28.3897
    5571      28.4117
    5572      28.3825
    5573      28.4427
    5574      28.4631
    5575      28.3535
    5576      28.5069
    5577      28.4714
    5578      28.4574
    5579      28.3228
    5580      28.4118
    5581      28.3268
    5582      28.4648
    5583      28.4868
    5584      28.4200
    5585      28.5684
    5586      28.5753
    5587      28.5152
    5588      28.3630
    5589      28.3471
    5590      28.4492
    5591      28.4712
    5592      28.3809
    5593      28.3851
    5594      28.3661
    5595      28.3568
    5596      28.2891
    5597      28.3951
    5598      28.3558
    5599      28.3273
    5600      28.3813
    5601      28.3612
    5602      28.4671
    5603      28.4520
    5604      28.4475
    5605      28.3705
    5606      28.3229
    5607      28.2611
    5608      28.3431
    5609      28.3908
    5610      28.3775
    5611      28.4149
    5612      28.2509
    5613      28.4069
    5614      28.4776
    5615      28.4325
    5616      28.3629
    5617      28.4076
    5618      28.3038
    5619      28.3480
    5620      28.4662
    5621      28.4359
    5622      28.4411
    5623      28.3001
    5624      28.4308
    5625      28.3326
    5626      28.5314
    5627      28.4254
    5628      28.4717
    5629      28.4820
    5630      28.4703
    5631      28.4046
    5632      28.4885
    5633      28.3436
    5634      28.3923
    5635      28.4521
    5636      28.3992
    5637      28.4064
    5638      28.4259
    5639      28.5550
    5640      28.4654
    5641      28.4630
    5642      28.4729
    5643      28.5207
    5644      28.3996
    5645      28.5451
    5646      28.5161
    5647      28.4721
    5648      28.4630
    5649      28.4577
    5650      28.5884
    5651      28.4586
    5652      28.4535
    5653      28.5541
    5654      28.4896
    5655      28.4834
    5656      28.3582
    5657      28.4336
    5658      28.4546
    5659      28.5066
    5660      28.4761
    5661      28.3197
    5662      28.4049
    5663      28.4149
    5664      28.3491
    5665      28.4369
    5666      28.3929
    5667      28.4424
    5668      28.4526
    5669      28.4294
    5670      28.5492
    5671      28.5854
    5672      28.6074
    5673      28.6567
    5674      28.5024
    5675      28.4205
    5676      28.4751
    5677      28.4939
    5678      28.4328
    5679      28.4741
    5680      28.3632
    5681      28.4751
    5682      28.5472
    5683      28.5493
    5684      28.5662
    5685      28.5608
    5686      28.5275
    5687      28.5594
    5688      28.3982
    5689      28.5022
    5690      28.5462
    5691      28.4820
    5692      28.4683
    5693      28.5114
    5694      28.5041
    5695      28.5391
    5696      28.5745
    5697      28.4817
    5698      28.5256
    5699      28.4357
    5700      28.5617
    5701      28.6223
    5702      28.5103
    5703      28.5045
    5704      28.5054
    5705      28.6185
    5706      28.5363
    5707      28.5582
    5708      28.5982
    5709      28.4853
    5710      28.5483
    5711      28.5800
    5712      28.5251
    5713      28.4001
    5714      28.5244
    5715      28.5200
    5716      28.4545
    5717      28.5316
    5718      28.4846
    5719      28.4803
    5720      28.4296
    5721      28.5080
    5722      28.5817
    5723      28.4498
    5724      28.4851
    5725      28.3858
    5726      28.3943
    5727      28.3926
    5728      28.4668
    5729      28.3477
    5730      28.4274
    5731      28.4510
    5732      28.4493
    5733      28.4642
    5734      28.4045
    5735      28.4432
    5736      28.4851
    5737      28.5013
    5738      28.5410
    5739      28.5349
    5740      28.5196
    5741      28.4441
    5742      28.4360
    5743      28.5296
    5744      28.6855
    5745      28.5239
    5746      28.5743
    5747      28.6483
    5748      28.5156
    5749      28.4239
    5750      28.5083
    5751      28.3838
    5752      28.4080
    5753      28.4121
    5754      28.4444
    5755      28.4780
    5756      28.4840
    5757      28.6609
    5758      28.4939
    5759      28.5273
    5760      28.4346
    5761      28.5051
    5762      28.3774
    5763      28.5398
    5764      28.5238
    5765      28.5316
    5766      28.5324
    5767      28.5848
    5768      28.5503
    5769      28.5451
    5770      28.6309
    5771      28.4844
    5772      28.4930
    5773      28.5303
    5774      28.5774
    5775      28.6122
    5776      28.5173
    5777      28.6505
    5778      28.5550
    5779      28.4434
    5780      28.4703
    5781      28.4210
    5782      28.3859
    5783      28.3804
    5784      28.4710
    5785      28.3880
    5786      28.5342
    5787      28.5614
    5788      28.6723
    5789      28.6089
    5790      28.5244
    5791      28.5677
    5792      28.6790
    5793      28.5310
    5794      28.5369
    5795      28.5005
    5796      28.3864
    5797      28.4181
    5798      28.3885
    5799      28.4876
    5800      28.3874
    5801      28.3523
    5802      28.4509
    5803      28.3995
    5804      28.4090
    5805      28.4146
    5806      28.5704
    5807      28.4981
    5808      28.5133
    5809      28.4244
    5810      28.4359
    5811      28.4758
    5812      28.5719
    5813      28.4907
    5814      28.5389
    5815      28.5558
    5816      28.4154
    5817      28.6228
    5818      28.4367
    5819      28.4068
    5820      28.5496
    5821      28.5176
    5822      28.5594
    5823      28.5560
    5824      28.6301
    5825      28.5904
    5826      28.5511
    5827      28.5470
    5828      28.4874
    5829      28.5218
    5830      28.5214
    5831      28.5459
    5832      28.6854
    5833      28.5921
    5834      28.5713
    5835      28.4210
    5836      28.5449
    5837      28.5446
    5838      28.5602
    5839      28.5325
    5840      28.5311
    5841      28.6276
    5842      28.5363
    5843      28.4911
    5844      28.4781
    5845      28.5716
    5846      28.4692
    5847      28.6480
    5848      28.5006
    5849      28.4577
    5850      28.6059
    5851      28.3821
    5852      28.4688
    5853      28.5072
    5854      28.4519
    5855      28.5276
    5856      28.4031
    5857      28.3557
    5858      28.5024
    5859      28.3092
    5860      28.3714
    5861      28.3270
    5862      28.3737
    5863      28.4295
    5864      28.5514
    5865      28.4606
    5866      28.3562
    5867      28.4438
    5868      28.4181
    5869      28.3964
    5870      28.3896
    5871      28.4084
    5872      28.4079
    5873      28.4779
    5874      28.4036
    5875      28.3636
    5876      28.4371
    5877      28.5876
    5878      28.5229
    5879      28.4602
    5880      28.4617
    5881      28.4697
    5882      28.4752
    5883      28.4461
    5884      28.5629
    5885      28.5719
    5886      28.6663
    5887      28.6211
    5888      28.6638
    5889      28.6588
    5890      28.7290
    5891      28.7064
    5892      28.7184
    5893      28.6643
    5894      28.6621
    5895      28.6321
    5896      28.6527
    5897      28.6229
    5898      28.5222
    5899      28.5470
    5900      28.4635
    5901      28.3987
    5902      28.6005
    5903      28.6203
    5904      28.6372
    5905      28.6336
    5906      28.7377
    5907      28.7258
    5908      28.6858
    5909      28.6277
    5910      28.5612
    5911      28.6885
    5912      28.6444
    5913      28.6511
    5914      28.7193
    5915      28.7625
    5916      28.8434
    5917      28.7153
    5918      28.6691
    5919      28.6590
    5920      28.6543
    5921      28.7257
    5922      28.7146
    5923      28.6253
    5924      28.5090
    5925      28.4288
    5926      28.5446
    5927      28.5523
    5928      28.6181
    5929      28.6064
    5930      28.7242
    5931      28.6573
    5932      28.7058
    5933      28.6280
    5934      28.6341
    5935      28.6477
    5936      28.5884
    5937      28.6249
    5938      28.6057
    5939      28.6509
    5940      28.6216
    5941      28.5308
    5942      28.4558
    5943      28.5312
    5944      28.5484
    5945      28.5449
    5946      28.4629
    5947      28.4644
    5948      28.5786
    5949      28.4732
    5950      28.4149
    5951      28.4158
    5952      28.4461
    5953      28.5155
    5954      28.5529
    5955      28.6530
    5956      28.5363
    5957      28.5931
    5958      28.7206
    5959      28.7412
    5960      28.7324
    5961      28.6605
    5962      28.6630
    5963      28.6313
    5964      28.4750
    5965      28.5949
    5966      28.5323
    5967      28.5892
    5968      28.5841
    5969      28.6696
    5970      28.5275
    5971      28.4622
    5972      28.6069
    5973      28.6312
    5974      28.5458
    5975      28.3672
    5976      28.4357
    5977      28.3739
    5978      28.5151
    5979      28.5157
    5980      28.5671
    5981      28.5897
    5982      28.6176
    5983      28.7512
    5984      28.5925
    5985      28.5277
    5986      28.5616
    5987      28.4314
    5988      28.5438
    5989      28.6103
    5990      28.5725
    5991      28.7062
    5992      28.6683
    5993      28.5706
    5994      28.5594
    5995      28.5773
    5996      28.5844
    5997      28.7573
    5998      28.6879
    5999      28.6447
    6000      28.6738
    6001      28.5227
    6002      28.7022
    6003      28.7359
    6004      28.6831
    6005      28.7040
    6006      28.5875
    6007      28.7068
    6008      28.7613
    6009      28.9233
    6010      28.8020
    6011      28.7422
    6012      28.5660
    6013      28.6987
    6014      28.6214
    6015      28.5964
    6016      28.5560
    6017      28.5711
    6018      28.6145
    6019      28.5022
    6020      28.5726
    6021      28.5050
    6022      28.4887
    6023      28.5618
    6024      28.5900
    6025      28.6617
    6026      28.6014
    6027      28.6317
    6028      28.6141
    6029      28.6658
    6030      28.6295
    6031      28.5593
    6032      28.6759
    6033      28.6241
    6034      28.6683
    6035      28.5606
    6036      28.6774
    6037      28.5833
    6038      28.6498
    6039      28.6641
    6040      28.7416
    6041      28.7347
    6042      28.7337
    6043      28.6791
    6044      28.5786
    6045      28.7181
    6046      28.5709
    6047      28.6415
    6048      28.6282
    6049      28.6520
    6050      28.5957
    6051      28.5711
    6052      28.6169
    6053      28.5959
    6054      28.5362
    6055      28.4817
    6056      28.4935
    6057      28.6202
    6058      28.6598
    6059      28.5631
    6060      28.5887
    6061      28.6378
    6062      28.6718
    6063      28.5859
    6064      28.5940
    6065      28.6160
    6066      28.4758
    6067      28.4638
    6068      28.5957
    6069      28.6126
    6070      28.6343
    6071      28.6052
    6072      28.5877
    6073      28.5461
    6074      28.6400
    6075      28.6257
    6076      28.6312
    6077      28.6365
    6078      28.6251
    6079      28.6057
    6080      28.6314
    6081      28.6204
    6082      28.5559
    6083      28.7229
    6084      28.6837
    6085      28.5334
    6086      28.5153
    6087      28.5180
    6088      28.5798
    6089      28.5998
    6090      28.6483
    6091      28.6705
    6092      28.6523
    6093      28.6225
    6094      28.6215
    6095      28.4917
    6096      28.6277
    6097      28.6290
    6098      28.5330
    6099      28.5150
    6100      28.5402
    6101      28.5161
    6102      28.6376
    6103      28.6115
    6104      28.5570
    6105      28.5522
    6106      28.4311
    6107      28.6361
    6108      28.4773
    6109      28.4734
    6110      28.5388
    6111      28.5181
    6112      28.4499
    6113      28.6400
    6114      28.6272
    6115      28.6524
    6116      28.6196
    6117      28.5305
    6118      28.5977
    6119      28.6127
    6120      28.5978
    6121      28.6454
    6122      28.6038
    6123      28.7139
    6124      28.5727
    6125      28.7104
    6126      28.7996
    6127      28.6581
    6128      28.7453
    6129      28.7055
    6130      28.5684
    6131      28.7594
    6132      28.7003
    6133      28.6229
    6134      28.6017
    6135      28.6205
    6136      28.6822
    6137      28.6791
    6138      28.6761
    6139      28.5839
    6140      28.5510
    6141      28.4840
    6142      28.5752
    6143      28.5774
    6144      28.6158
    6145      28.5819
    6146      28.7192
    6147      28.7744
    6148      28.6998
    6149      28.7094
    6150      28.6478
    6151      28.6644
    6152      28.6799
    6153      28.6023
    6154      28.6633
    6155      28.6043
    6156      28.5242
    6157      28.4707
    6158      28.5560
    6159      28.4093
    6160      28.5361
    6161      28.5610
    6162      28.5526
    6163      28.5985
    6164      28.5973
    6165      28.6616
    6166      28.6085
    6167      28.5456
    6168      28.5897
    6169      28.6214
    6170      28.5339
    6171      28.4989
    6172      28.5798
    6173      28.5729
    6174      28.4101
    6175      28.4422
    6176      28.5803
    6177      28.6731
    6178      28.6124
    6179      28.6657
    6180      28.6680
    6181      28.6487
    6182      28.6122
    6183      28.6519
    6184      28.6562
    6185      28.5387
    6186      28.5597
    6187      28.4947
    6188      28.5006
    6189      28.5894
    6190      28.6699
    6191      28.6245
    6192      28.5659
    6193      28.7147
    6194      28.6149
    6195      28.5255
    6196      28.7324
    6197      28.6550
    6198      28.7178
    6199      28.7617
    6200      28.7756
    6201      28.7974
    6202      28.7683
    6203      28.8888
    6204      28.7698
    6205      28.7927
    6206      28.6757
    6207      28.6324
    6208      28.6878
    6209      28.6651
    6210      28.5661
    6211      28.6782
    6212      28.6738
    6213      28.6413
    6214      28.7177
    6215      28.7418
    6216      28.6443
    6217      28.7394
    6218      28.7380
    6219      28.7479
    6220      28.7612
    6221      28.7528
    6222      28.8226
    6223      28.7512
    6224      28.8332
    6225      28.6437
    6226      28.6159
    6227      28.6490
    6228      28.7173
    6229      28.6461
    6230      28.6265
    6231      28.7405
    6232      28.7990
    6233      28.7398
    6234      28.7577
    6235      28.6331
    6236      28.6815
    6237      28.7070
    6238      28.6978
    6239      28.6221
    6240      28.6373
    6241      28.6840
    6242      28.6482
    6243      28.5519
    6244      28.5579
    6245      28.6856
    6246      28.6651
    6247      28.6741
    6248      28.6092
    6249      28.6332
    6250      28.6340
    6251      28.7150
    6252      28.9052
    6253      28.8128
    6254      28.8348
    6255      28.7498
    6256      28.6085
    6257      28.6159
    6258      28.6891
    6259      28.7361
    6260      28.7281
    6261      28.6918
    6262      28.6958
    6263      28.6493
    6264      28.6019
    6265      28.6587
    6266      28.6456
    6267      28.6323
    6268      28.8124
    6269      28.8409
    6270      28.6973
    6271      28.6733
    6272      28.7347
    6273      28.7024
    6274      28.7529
    6275      28.6769
    6276      28.6186
    6277      28.6894
    6278      28.6826
    6279      28.7037
    6280      28.7353
    6281      28.6671
    6282      28.6700
    6283      28.6138
    6284      28.6495
    6285      28.7053
    6286      28.6966
    6287      28.5812
    6288      28.6755
    6289      28.7185
    6290      28.8211
    6291      28.7369
    6292      28.7873
    6293      28.7205
    6294      28.6754
    6295      28.7460
    6296      28.8703
    6297      28.7237
    6298      28.6951
    6299      28.7484
    6300      28.8560
    6301      28.7419
    6302      28.7408
    6303      28.6822
    6304      28.6819
    6305      28.8236
    6306      28.7117
    6307      28.7779
    6308      28.7594
    6309      28.7418
    6310      28.6845
    6311      28.6486
    6312      28.6584
    6313      28.6830
    6314      28.7976
    6315      28.7879
    6316      28.7262
    6317      28.6094
    6318      28.6417
    6319      28.7715
    6320      28.6462
    6321      28.6672
    6322      28.5879
    6323      28.6372
    6324      28.6594
    6325      28.7722
    6326      28.6848
    6327      28.7413
    6328      28.7429
    6329      28.8008
    6330      28.5726
    6331      28.6987
    6332      28.6259
    6333      28.6188
    6334      28.6455
    6335      28.5882
    6336      28.5479
    6337      28.5880
    6338      28.7044
    6339      28.6030
    6340      28.6325
    6341      28.7156
    6342      28.5551
    6343      28.5080
    6344      28.5541
    6345      28.5547
    6346      28.5757
    6347      28.5878
    6348      28.5698
    6349      28.5411
    6350      28.4798
    6351      28.4567
    6352      28.5104
    6353      28.5170
    6354      28.5330
    6355      28.3705
    6356      28.5031
    6357      28.5861
    6358      28.5391
    6359      28.5955
    6360      28.6944
    6361      28.5706
    6362      28.6628
    6363      28.6633
    6364      28.7445
    6365      28.6560
    6366      28.6093
    6367      28.4552
    6368      28.6528
    6369      28.6538
    6370      28.7454
    6371      28.6893
    6372      28.7314
    6373      28.7447
    6374      28.6598
    6375      28.7178
    6376      28.6000
    6377      28.6439
    6378      28.7846
    6379      28.7233
    6380      28.7179
    6381      28.7335
    6382      28.6466
    6383      28.6818
    6384      28.6066
    6385      28.5946
    6386      28.8062
    6387      28.7790
    6388      28.7990
    6389      28.7919
    6390      28.7186
    6391      28.7687
    6392      28.8059
    6393      28.7801
    6394      28.6747
    6395      28.6917
    6396      28.5993
    6397      28.5816
    6398      28.6717
    6399      28.6993
    6400      28.5453
    6401      28.5653
    6402      28.5565
    6403      28.4923
    6404      28.5075
    6405      28.4873
    6406      28.5676
    6407      28.5467
    6408      28.5351
    6409      28.5637
    6410      28.5951
    6411      28.5455
    6412      28.6307
    6413      28.7573
    6414      28.6444
    6415      28.5766
    6416      28.5235
    6417      28.4891
    6418      28.5429
    6419      28.4845
    6420      28.4817
    6421      28.4760
    6422      28.4731
    6423      28.5470
    6424      28.5292
    6425      28.5502
    6426      28.5505
    6427      28.5829
    6428      28.4831
    6429      28.4284
    6430      28.3796
    6431      28.4326
    6432      28.3622
    6433      28.4224
    6434      28.4261
    6435      28.5049
    6436      28.3707
    6437      28.3640
    6438      28.3101
    6439      28.4889
    6440      28.4307
    6441      28.3889
    6442      28.3389
    6443      28.4481
    6444      28.3593
    6445      28.3109
    6446      28.2714
    6447      28.3421
    6448      28.3676
    6449      28.3995
    6450      28.3207
    6451      28.3399
    6452      28.3188
    6453      28.4524
    6454      28.3579
    6455      28.4959
    6456      28.5442
    6457      28.5189
    6458      28.4297
    6459      28.3237
    6460      28.3991
    6461      28.4786
    6462      28.4113
    6463      28.5572
    6464      28.6000
    6465      28.4889
    6466      28.5578
    6467      28.4307
    6468      28.4501
    6469      28.5792
    6470      28.5975
    6471      28.6244
    6472      28.5969
    6473      28.6630
    6474      28.5511
    6475      28.7057
    6476      28.7338
    6477      28.6661
    6478      28.5989
    6479      28.7324
    6480      28.5845
    6481      28.6239
    6482      28.6756
    6483      28.6307
    6484      28.5300
    6485      28.4990
    6486      28.5727
    6487      28.5391
    6488      28.6719
    6489      28.6462
    6490      28.5886
    6491      28.7608
    6492      28.8265
    6493      28.7231
    6494      28.6797
    6495      28.7022
    6496      28.5985
    6497      28.6063
    6498      28.5863
    6499      28.5372
    6500      28.6627
    6501      28.6371
    6502      28.5370
    6503      28.5026
    6504      28.4581
    6505      28.4944
    6506      28.5918
    6507      28.4105
    6508      28.5278
    6509      28.5685
    6510      28.5008
    6511      28.4089
    6512      28.3981
    6513      28.5103
    6514      28.5483
    6515      28.5015
    6516      28.5420
    6517      28.5952
    6518      28.5341
    6519      28.5045
    6520      28.6752
    6521      28.5798
    6522      28.5818
    6523      28.6070
    6524      28.5307
    6525      28.5094
    6526      28.4929
    6527      28.6220
    6528      28.5363
    6529      28.5305
    6530      28.5508
    6531      28.5063
    6532      28.4655
    6533      28.3904
    6534      28.4930
    6535      28.4544
    6536      28.4829
    6537      28.6300
    6538      28.6873
    6539      28.6354
    6540      28.7380
    6541      28.6117
    6542      28.5918
    6543      28.5817
    6544      28.6507
    6545      28.6692
    6546      28.7053
    6547      28.6988
    6548      28.6176
    6549      28.6031
    6550      28.7481
    6551      28.6930
    6552      28.8509
    6553      28.7016
    6554      28.7211
    6555      28.6119
    6556      28.5749
    6557      28.6427
    6558      28.5024
    6559      28.5638
    6560      28.4742
    6561      28.5708
    6562      28.6906
    6563      28.6290
    6564      28.5310
    6565      28.5426
    6566      28.6514
    6567      28.7187
    6568      28.6694
    6569      28.7132
    6570      28.5598
    6571      28.6322
    6572      28.7446
    6573      28.8579
    6574      28.7537
    6575      28.6780
    6576      28.7447
    6577      28.7103
    6578      28.6280
    6579      28.5658
    6580      28.6539
    6581      28.6395
    6582      28.7382
    6583      28.6550
    6584      28.6238
    6585      28.7160
    6586      28.6220
    6587      28.6072
    6588      28.5493
    6589      28.5216
    6590      28.5254
    6591      28.6651
    6592      28.6270
    6593      28.6206
    6594      28.5085
    6595      28.5874
    6596      28.5902
    6597      28.7216
    6598      28.5884
    6599      28.6799
    6600      28.5570
    6601      28.5256
    6602      28.4800
    6603      28.4905
    6604      28.6204
    6605      28.5533
    6606      28.5610
    6607      28.6258
    6608      28.5950
    6609      28.4736
    6610      28.4576
    6611      28.4915
    6612      28.6581
    6613      28.5682
    6614      28.4902
    6615      28.5389
    6616      28.4859
    6617      28.4874
    6618      28.4843
    6619      28.5728
    6620      28.5870
    6621      28.5548
    6622      28.6218
    6623      28.5916
    6624      28.6586
    6625      28.5872
    6626      28.5878
    6627      28.6152
    6628      28.5687
    6629      28.6004
    6630      28.5650
    6631      28.5071
    6632      28.5023
    6633      28.5646
    6634      28.4147
    6635      28.4523
    6636      28.4274
    6637      28.4274
    6638      28.4880
    6639      28.5587
    6640      28.5123
    6641      28.4905
    6642      28.5659
    6643      28.4381
    6644      28.3839
    6645      28.5011
    6646      28.4705
    6647      28.4283
    6648      28.5727
    6649      28.4997
    6650      28.4544
    6651      28.6335
    6652      28.6542
    6653      28.5849
    6654      28.6829
    6655      28.5130
    6656      28.4164
    6657      28.4341
    6658      28.4589
    6659      28.4775
    6660      28.5386
    6661      28.5558
    6662      28.5325
    6663      28.6518
    6664      28.5131
    6665      28.6050
    6666      28.4809
    6667      28.4931
    6668      28.4710
    6669      28.5742
    6670      28.4832
    6671      28.6101
    6672      28.5958
    6673      28.4921
    6674      28.4985
    6675      28.4659
    6676      28.5759
    6677      28.5295
    6678      28.4934
    6679      28.5355
    6680      28.4009
    6681      28.4469
    6682      28.4495
    6683      28.4446
    6684      28.4823
    6685      28.5282
    6686      28.6576
    6687      28.6226
    6688      28.4530
    6689      28.5127
    6690      28.5159
    6691      28.4292
    6692      28.3993
    6693      28.3985
    6694      28.4052
    6695      28.5376
    6696      28.5269
    6697      28.4229
    6698      28.4522
    6699      28.5234
    6700      28.4303
    6701      28.4883
    6702      28.4777
    6703      28.5044
    6704      28.4534
    6705      28.5468
    6706      28.5884
    6707      28.4948
    6708      28.5366
    6709      28.4893
    6710      28.5411
    6711      28.6241
    6712      28.5833
    6713      28.6305
    6714      28.6904
    6715      28.5141
    6716      28.5109
    6717      28.6159
    6718      28.6230
    6719      28.6503
    6720      28.5916
    6721      28.6130
    6722      28.5671
    6723      28.6595
    6724      28.7142
    6725      28.7780
    6726      28.7679
    6727      28.7699
    6728      28.7575
    6729      28.7291
    6730      28.7515
    6731      28.6451
    6732      28.5424
    6733      28.5906
    6734      28.6347
    6735      28.4828
    6736      28.6406
    6737      28.6138
    6738      28.5593
    6739      28.5446
    6740      28.5908
    6741      28.5660
    6742      28.5213
    6743      28.5007
    6744      28.5061
    6745      28.4572
    6746      28.5487
    6747      28.4665
    6748      28.4829
    6749      28.5123
    6750      28.4395
    6751      28.5769
    6752      28.5997
    6753      28.4511
    6754      28.4898
    6755      28.4789
    6756      28.4844
    6757      28.4815
    6758      28.5440
    6759      28.5862
    6760      28.5162
    6761      28.5902
    6762      28.4692
    6763      28.4518
    6764      28.4848
    6765      28.4042
    6766      28.4154
    6767      28.6313
    6768      28.5307
    6769      28.6257
    6770      28.5667
    6771      28.3827
    6772      28.4493
    6773      28.5188
    6774      28.5191
    6775      28.4323
    6776      28.4512
    6777      28.4781
    6778      28.5559
    6779      28.4315
    6780      28.4069
    6781      28.4090
    6782      28.4403
    6783      28.4236
    6784      28.3723
    6785      28.5168
    6786      28.4430
    6787      28.4192
    6788      28.4606
    6789      28.3863
    6790      28.6009
    6791      28.5214
    6792      28.4226
    6793      28.5085
    6794      28.3436
    6795      28.3926
    6796      28.3029
    6797      28.2707
    6798      28.3411
    6799      28.4288
    6800      28.3057
    6801      28.3343
    6802      28.3836
    6803      28.3458
    6804      28.4894
    6805      28.5778
    6806      28.5079
    6807      28.6657
    6808      28.6748
    6809      28.5319
    6810      28.5623
    6811      28.5235
    6812      28.5790
    6813      28.4881
    6814      28.4459
    6815      28.5735
    6816      28.6033
    6817      28.5401
    6818      28.5138
    6819      28.4410
    6820      28.4532
    6821      28.4143
    6822      28.4396
    6823      28.4214
    6824      28.5049
    6825      28.4154
    6826      28.4526
    6827      28.4741
    6828      28.5232
    6829      28.5186
    6830      28.4727
    6831      28.4386
    6832      28.4663
    6833      28.4920
    6834      28.3969
    6835      28.5467
    6836      28.4419
    6837      28.4519
    6838      28.3739
    6839      28.4442
    6840      28.4485
    6841      28.4337
    6842      28.3343
    6843      28.4795
    6844      28.4505
    6845      28.3569
    6846      28.3252
    6847      28.3062
    6848      28.2551
    6849      28.3116
    6850      28.4639
    6851      28.4210
    6852      28.4334
    6853      28.4598
    6854      28.4060
    6855      28.5041
    6856      28.4393
    6857      28.5090
    6858      28.5263
    6859      28.5431
    6860      28.5620
    6861      28.5470
    6862      28.5616
    6863      28.5200
    6864      28.6592
    6865      28.6779
    6866      28.6272
    6867      28.5789
    6868      28.6117
    6869      28.5404
    6870      28.6199
    6871      28.4702
    6872      28.4580
    6873      28.5079
    6874      28.5438
    6875      28.3728
    6876      28.4598
    6877      28.3591
    6878      28.4720
    6879      28.3688
    6880      28.4656
    6881      28.5549
    6882      28.4935
    6883      28.4261
    6884      28.4061
    6885      28.4580
    6886      28.4190
    6887      28.4046
    6888      28.5177
    6889      28.5417
    6890      28.4340
    6891      28.5431
    6892      28.5797
    6893      28.5603
    6894      28.4831
    6895      28.4922
    6896      28.4948
    6897      28.5970
    6898      28.4672
    6899      28.5149
    6900      28.5891
    6901      28.4968
    6902      28.4246
    6903      28.4483
    6904      28.4808
    6905      28.5626
    6906      28.5258
    6907      28.6076
    6908      28.5093
    6909      28.5596
    6910      28.4828
    6911      28.5221
    6912      28.4298
    6913      28.5100
    6914      28.3587
    6915      28.5082
    6916      28.3855
    6917      28.3745
    6918      28.3384
    6919      28.4000
    6920      28.4863
    6921      28.5075
    6922      28.4189
    6923      28.4871
    6924      28.3351
    6925      28.3978
    6926      28.4201
    6927      28.3610
    6928      28.3319
    6929      28.2910
    6930      28.3047
    6931      28.4577
    6932      28.2940
    6933      28.4168
    6934      28.3211
    6935      28.3462
    6936      28.3389
    6937      28.3876
    6938      28.4759
    6939      28.4604
    6940      28.4912
    6941      28.4726
    6942      28.4203
    6943      28.3774
    6944      28.4965
    6945      28.4987
    6946      28.4345
    6947      28.4604
    6948      28.5226
    6949      28.5278
    6950      28.6574
    6951      28.5469
    6952      28.5539
    6953      28.4994
    6954      28.5864
    6955      28.5378
    6956      28.5889
    6957      28.5951
    6958      28.6268
    6959      28.6365
    6960      28.5715
    6961      28.6663
    6962      28.6846
    6963      28.5282
    6964      28.5522
    6965      28.4984
    6966      28.6478
    6967      28.5906
    6968      28.5964
    6969      28.5998
    6970      28.5407
    6971      28.5577
    6972      28.5311
    6973      28.6205
    6974      28.4580
    6975      28.4920
    6976      28.5414
    6977      28.5561
    6978      28.5075
    6979      28.5876
    6980      28.5660
    6981      28.4361
    6982      28.5082
    6983      28.5242
    6984      28.4775
    6985      28.4525
    6986      28.5099
    6987      28.5157
    6988      28.5005
    6989      28.4452
    6990      28.5238
    6991      28.4767
    6992      28.4237
    6993      28.4437
    6994      28.4538
    6995      28.5541
    6996      28.5121
    6997      28.4977
    6998      28.6477
    6999      28.5712
    7000      28.5755
    7001      28.4645
    7002      28.5695
    7003      28.5312
    7004      28.5248
    7005      28.6195
    7006      28.6197
    7007      28.6029
    7008      28.4942
    7009      28.3582
    7010      28.4847
    7011      28.4125
    7012      28.3999
    7013      28.3830
    7014      28.4182
    7015      28.4008
    7016      28.4142
    7017      28.3997
    7018      28.3667
    7019      28.3644
    7020      28.3531
    7021      28.3389
    7022      28.3703
    7023      28.4074
    7024      28.4450
    7025      28.4965
    7026      28.4153
    7027      28.4123
    7028      28.4584
    7029      28.4648
    7030      28.4779
    7031      28.5280
    7032      28.4664
    7033      28.5908
    7034      28.4865
    7035      28.3479
    7036      28.4556
    7037      28.4947
    7038      28.4565
    7039      28.4900
    7040      28.5494
    7041      28.4232
    7042      28.5001
    7043      28.4749
    7044      28.4999
    7045      28.5447
    7046      28.4599
    7047      28.5435
    7048      28.5613
    7049      28.5101
    7050      28.4017
    7051      28.4769
    7052      28.5900
    7053      28.5901
    7054      28.5350
    7055      28.5879
    7056      28.6057
    7057      28.6357
    7058      28.5429
    7059      28.5357
    7060      28.5087
    7061      28.5715
    7062      28.4337
    7063      28.4496
    7064      28.4137
    7065      28.4863
    7066      28.4157
    7067      28.4202
    7068      28.5379
    7069      28.4993
    7070      28.4297
    7071      28.4282
    7072      28.5114
    7073      28.4541
    7074      28.4715
    7075      28.5490
    7076      28.4628
    7077      28.5559
    7078      28.4791
    7079      28.5114
    7080      28.5183
    7081      28.5250
    7082      28.5770
    7083      28.5295
    7084      28.5228
    7085      28.5715
    7086      28.5204
    7087      28.5073
    7088      28.5473
    7089      28.5752
    7090      28.4866
    7091      28.4469
    7092      28.4758
    7093      28.4337
    7094      28.5007
    7095      28.4674
    7096      28.5139
    7097      28.4609
    7098      28.5574
    7099      28.5232
    7100      28.5413
    7101      28.5787
    7102      28.4697
    7103      28.4908
    7104      28.6599
    7105      28.5807
    7106      28.6630
    7107      28.4706
    7108      28.5083
    7109      28.4626
    7110      28.4853
    7111      28.5695
    7112      28.5604
    7113      28.5065
    7114      28.5051
    7115      28.4448
    7116      28.4789
    7117      28.4361
    7118      28.4209
    7119      28.5259
    7120      28.4195
    7121      28.4117
    7122      28.4118
    7123      28.4804
    7124      28.4989
    7125      28.5168
    7126      28.5918
    7127      28.5922
    7128      28.3449
    7129      28.5091
    7130      28.6252
    7131      28.5857
    7132      28.5900
    7133      28.6613
    7134      28.4790
    7135      28.4891
    7136      28.5012
    7137      28.4846
    7138      28.5753
    7139      28.5640
    7140      28.5769
    7141      28.5081
    7142      28.5649
    7143      28.5341
    7144      28.5489
    7145      28.5156
    7146      28.5757
    7147      28.4716
    7148      28.5126
    7149      28.4054
    7150      28.5291
    7151      28.4633
    7152      28.5233
    7153      28.4823
    7154      28.5354
    7155      28.4793
    7156      28.5194
    7157      28.5150
    7158      28.4989
    7159      28.5698
    7160      28.5856
    7161      28.5366
    7162      28.6147
    7163      28.5221
    7164      28.4970
    7165      28.5877
    7166      28.5920
    7167      28.6289
    7168      28.6624
    7169      28.6195
    7170      28.4360
    7171      28.5181
    7172      28.5910
    7173      28.4694
    7174      28.4668
    7175      28.4331
    7176      28.4705
    7177      28.4664
    7178      28.4406
    7179      28.5130
    7180      28.5586
    7181      28.5130
    7182      28.6514
    7183      28.5804
    7184      28.5936
    7185      28.5452
    7186      28.4351
    7187      28.5051
    7188      28.6256
    7189      28.5757
    7190      28.6139
    7191      28.5216
    7192      28.5276
    7193      28.5208
    7194      28.4345
    7195      28.4699
    7196      28.4885
    7197      28.4812
    7198      28.5667
    7199      28.4943
    7200      28.4325
    7201      28.4987
    7202      28.5793
    7203      28.6933
    7204      28.5820
    7205      28.5880
    7206      28.6051
    7207      28.5091
    7208      28.5261
    7209      28.5580
    7210      28.5368
    7211      28.5368
    7212      28.5319
    7213      28.6389
    7214      28.5410
    7215      28.5297
    7216      28.4480
    7217      28.3861
    7218      28.4438
    7219      28.5119
    7220      28.4540
    7221      28.5178
    7222      28.4282
    7223      28.5550
    7224      28.5608
    7225      28.6297
    7226      28.5944
    7227      28.4687
    7228      28.4682
    7229      28.3953
    7230      28.4261
    7231      28.5082
    7232      28.5438
    7233      28.4824
    7234      28.5004
    7235      28.4218
    7236      28.4010
    7237      28.3854
    7238      28.4118
    7239      28.3386
    7240      28.3077
    7241      28.3016
    7242      28.3753
    7243      28.4532
    7244      28.4857
    7245      28.4281
    7246      28.4133
    7247      28.4105
    7248      28.4279
    7249      28.3954
    7250      28.4527
    7251      28.4626
    7252      28.4572
    7253      28.4285
    7254      28.3917
    7255      28.4218
    7256      28.3867
    7257      28.4098
    7258      28.4538
    7259      28.3585
    7260      28.4320
    7261      28.3924
    7262      28.3979
    7263      28.3774
    7264      28.4124
    7265      28.4825
    7266      28.5050
    7267      28.4386
    7268      28.5243
    7269      28.5883
    7270      28.4612
    7271      28.5060
    7272      28.4847
    7273      28.4510
    7274      28.5777
    7275      28.4264
    7276      28.4756
    7277      28.4736
    7278      28.4027
    7279      28.4024
    7280      28.3218
    7281      28.3897
    7282      28.4221
    7283      28.5684
    7284      28.5035
    7285      28.4209
    7286      28.5019
    7287      28.4336
    7288      28.4927
    7289      28.4580
    7290      28.4373
    7291      28.4724
    7292      28.5210
    7293      28.5164
    7294      28.5092
    7295      28.4779
    7296      28.4960
    7297      28.4634
    7298      28.5201
    7299      28.5044
    7300      28.4370
    7301      28.5236
    7302      28.5067
    7303      28.5397
    7304      28.4678
    7305      28.4371
    7306      28.5123
    7307      28.4897
    7308      28.5100
    7309      28.4144
    7310      28.4812
    7311      28.3551
    7312      28.4483
    7313      28.4143
    7314      28.3562
    7315      28.3146
    7316      28.4826
    7317      28.3519
    7318      28.3389
    7319      28.4300
    7320      28.5079
    7321      28.4475
    7322      28.4532
    7323      28.4238
    7324      28.5254
    7325      28.4692
    7326      28.5213
    7327      28.5030
    7328      28.3788
    7329      28.3750
    7330      28.3817
    7331      28.4368
    7332      28.3919
    7333      28.4321
    7334      28.4461
    7335      28.4591
    7336      28.5153
    7337      28.5066
    7338      28.4420
    7339      28.5249
    7340      28.5197
    7341      28.4306
    7342      28.3941
    7343      28.4376
    7344      28.4409
    7345      28.5149
    7346      28.4045
    7347      28.5765
    7348      28.5545
    7349      28.4030
    7350      28.3039
    7351      28.4407
    7352      28.5091
    7353      28.5879
    7354      28.6586
    7355      28.5728
    7356      28.6562
    7357      28.5098
    7358      28.4816
    7359      28.4869
    7360      28.5194
    7361      28.4099
    7362      28.5211
    7363      28.4672
    7364      28.5425
    7365      28.5376
    7366      28.6635
    7367      28.5220
    7368      28.5318
    7369      28.5819
    7370      28.6127
    7371      28.6068
    7372      28.5099
    7373      28.5258
    7374      28.4408
    7375      28.4165
    7376      28.5797
    7377      28.4657
    7378      28.4774
    7379      28.4936
    7380      28.5485
    7381      28.4681
    7382      28.4292
    7383      28.5122
    7384      28.4526
    7385      28.5001
    7386      28.4904
    7387      28.5450
    7388      28.5450
    7389      28.4469
    7390      28.5816
    7391      28.5068
    7392      28.4665
    7393      28.3816
    7394      28.4768
    7395      28.4752
    7396      28.4281
    7397      28.2947
    7398      28.4255
    7399      28.4230
    7400      28.4840
    7401      28.4019
    7402      28.5496
    7403      28.4508
    7404      28.5770
    7405      28.5560
    7406      28.5011
    7407      28.4816
    7408      28.5009
    7409      28.4481
    7410      28.4691
    7411      28.4106
    7412      28.4415
    7413      28.4638
    7414      28.4572
    7415      28.3302
    7416      28.3784
    7417      28.4109
    7418      28.4030
    7419      28.4826
    7420      28.5916
    7421      28.5887
    7422      28.5442
    7423      28.4986
    7424      28.3361
    7425      28.4585
    7426      28.5344
    7427      28.5155
    7428      28.6101
    7429      28.4362
    7430      28.5971
    7431      28.5704
    7432      28.5442
    7433      28.6548
    7434      28.6668
    7435      28.5213
    7436      28.4857
    7437      28.5137
    7438      28.5861
    7439      28.5542
    7440      28.4926
    7441      28.6053
    7442      28.4690
    7443      28.5185
    7444      28.4930
    7445      28.3901
    7446      28.4621
    7447      28.5377
    7448      28.5487
    7449      28.5161
    7450      28.4714
    7451      28.4826
    7452      28.4305
    7453      28.4260
    7454      28.4083
    7455      28.4565
    7456      28.5450
    7457      28.6039
    7458      28.5574
    7459      28.5348
    7460      28.5086
    7461      28.5928
    7462      28.4287
    7463      28.5699
    7464      28.6179
    7465      28.5971
    7466      28.5815
    7467      28.5371
    7468      28.5422
    7469      28.5698
    7470      28.6149
    7471      28.6225
    7472      28.5264
    7473      28.5714
    7474      28.5303
    7475      28.5614
    7476      28.5830
    7477      28.5752
    7478      28.4994
    7479      28.5588
    7480      28.6100
    7481      28.5706
    7482      28.5549
    7483      28.5875
    7484      28.5532
    7485      28.6049
    7486      28.6107
    7487      28.6183
    7488      28.6642
    7489      28.6573
    7490      28.6054
    7491      28.5908
    7492      28.7427
    7493      28.7728
    7494      28.5936
    7495      28.6082
    7496      28.5892
    7497      28.6127
    7498      28.5814
    7499      28.5908
    7500      28.7451
    7501      28.6802
    7502      28.6456
    7503      28.4745
    7504      28.6264
    7505      28.5809
    7506      28.6186
    7507      28.5783
    7508      28.5784
    7509      28.6654
    7510      28.6739
    7511      28.7289
    7512      28.7096
    7513      28.7154
    7514      28.5622
    7515      28.5639
    7516      28.6369
    7517      28.7796
    7518      28.7147
    7519      28.5889
    7520      28.5493
    7521      28.5277
    7522      28.5608
    7523      28.7289
    7524      28.7211
    7525      28.5376
    7526      28.5798
    7527      28.5231
    7528      28.5896
    7529      28.5894
    7530      28.5491
    7531      28.7668
    7532      28.5714
    7533      28.5357
    7534      28.6404
    7535      28.6277
    7536      28.5578
    7537      28.5465
    7538      28.6011
    7539      28.4896
    7540      28.5482
    7541      28.5579
    7542      28.5868
    7543      28.5415
    7544      28.4957
    7545      28.4849
    7546      28.4204
    7547      28.5026
    7548      28.5505
    7549      28.5169
    7550      28.5348
    7551      28.5287
    7552      28.4627
    7553      28.5055
    7554      28.5262
    7555      28.5618
    7556      28.4767
    7557      28.5074
    7558      28.4689
    7559      28.4823
    7560      28.5664
    7561      28.4943
    7562      28.4366
    7563      28.5043
    7564      28.4319
    7565      28.6026
    7566      28.5548
    7567      28.5453
    7568      28.5434
    7569      28.5281
    7570      28.4727
    7571      28.5315
    7572      28.4200
    7573      28.4208
    7574      28.4957
    7575      28.4733
    7576      28.5415
    7577      28.4103
    7578      28.4914
    7579      28.4255
    7580      28.4970
    7581      28.4951
    7582      28.4429
    7583      28.4473
    7584      28.6437
    7585      28.5789
    7586      28.5328
    7587      28.4936
    7588      28.5496
    7589      28.5389
    7590      28.6468
    7591      28.5541
    7592      28.5180
    7593      28.4545
    7594      28.4694
    7595      28.4418
    7596      28.4952
    7597      28.6557
    7598      28.4972
    7599      28.7053
    7600      28.5572
    7601      28.6239
    7602      28.5829
    7603      28.4839
    7604      28.5755
    7605      28.7288
    7606      28.6682
    7607      28.6449
    7608      28.4880
    7609      28.4276
    7610      28.5374
    7611      28.4571
    7612      28.4468
    7613      28.4077
    7614      28.4348
    7615      28.4397
    7616      28.5466
    7617      28.4940
    7618      28.4142
    7619      28.5572
    7620      28.4936
    7621      28.5009
    7622      28.4024
    7623      28.5348
    7624      28.4538
    7625      28.4663
    7626      28.4854
    7627      28.4418
    7628      28.5930
    7629      28.4792
    7630      28.4297
    7631      28.4638
    7632      28.4989
    7633      28.4704
    7634      28.5500
    7635      28.4205
    7636      28.3503
    7637      28.4249
    7638      28.4676
    7639      28.5210
    7640      28.4204
    7641      28.4299
    7642      28.3472
    7643      28.3508
    7644      28.4706
    7645      28.4385
    7646      28.3932
    7647      28.5042
    7648      28.5535
    7649      28.4037
    7650      28.3558
    7651      28.3481
    7652      28.3690
    7653      28.5374
    7654      28.4924
    7655      28.5322
    7656      28.6004
    7657      28.5094
    7658      28.5301
    7659      28.6431
    7660      28.5722
    7661      28.5241
    7662      28.4521
    7663      28.4109
    7664      28.5608
    7665      28.5269
    7666      28.4159
    7667      28.4137
    7668      28.4867
    7669      28.4914
    7670      28.5708
    7671      28.5243
    7672      28.4161
    7673      28.3942
    7674      28.3762
    7675      28.3854
    7676      28.6181
    7677      28.5832
    7678      28.4668
    7679      28.5106
    7680      28.4952
    7681      28.5438
    7682      28.5237
    7683      28.4670
    7684      28.5145
    7685      28.5019
    7686      28.5728
    7687      28.5718
    7688      28.4969
    7689      28.4954
    7690      28.5261
    7691      28.5272
    7692      28.4695
    7693      28.5040
    7694      28.4860
    7695      28.4609
    7696      28.4696
    7697      28.4033
    7698      28.4744
    7699      28.4847
    7700      28.5441
    7701      28.4406
    7702      28.4701
    7703      28.5137
    7704      28.5210
    7705      28.4826
    7706      28.4363
    7707      28.4890
    7708      28.5078
    7709      28.6072
    7710      28.4761
    7711      28.4607
    7712      28.4147
    7713      28.5449
    7714      28.5080
    7715      28.4512
    7716      28.4615
    7717      28.5008
    7718      28.5594
    7719      28.5541
    7720      28.4709
    7721      28.3486
    7722      28.4926
    7723      28.5910
    7724      28.4289
    7725      28.3756
    7726      28.5102
    7727      28.4111
    7728      28.4325
    7729      28.4648
    7730      28.4233
    7731      28.4693
    7732      28.4652
    7733      28.4529
    7734      28.5142
    7735      28.4786
    7736      28.5905
    7737      28.5812
    7738      28.6235
    7739      28.5470
    7740      28.4626
    7741      28.4431
    7742      28.4656
    7743      28.4478
    7744      28.5055
    7745      28.5970
    7746      28.6423
    7747      28.6479
    7748      28.4497
    7749      28.4561
    7750      28.4756
    7751      28.4729
    7752      28.5204
    7753      28.4761
    7754      28.5464
    7755      28.3760
    7756      28.4418
    7757      28.4410
    7758      28.4896
    7759      28.5223
    7760      28.5037
    7761      28.5389
    7762      28.5175
    7763      28.6347
    7764      28.5651
    7765      28.5866
    7766      28.4527
    7767      28.4433
    7768      28.5242
    7769      28.4516
    7770      28.3885
    7771      28.2605
    7772      28.3462
    7773      28.4187
    7774      28.4936
    7775      28.5214
    7776      28.3950
    7777      28.4328
    7778      28.4432
    7779      28.4342
    7780      28.3460
    7781      28.4699
    7782      28.5139
    7783      28.5272
    7784      28.4978
    7785      28.5792
    7786      28.4868
    7787      28.4392
    7788      28.3622
    7789      28.3777
    7790      28.4385
    7791      28.3619
    7792      28.3826
    7793      28.5214
    7794      28.5123
    7795      28.5281
    7796      28.4798
    7797      28.3832
    7798      28.4855
    7799      28.3286
    7800      28.4514
    7801      28.4267
    7802      28.4772
    7803      28.5125
    7804      28.5400
    7805      28.5593
    7806      28.4605
    7807      28.5822
    7808      28.5065
    7809      28.3895
    7810      28.5443
    7811      28.3772
    7812      28.4459
    7813      28.4242
    7814      28.4462
    7815      28.4325
    7816      28.4067
    7817      28.4728
    7818      28.4965
    7819      28.6027
    7820      28.5487
    7821      28.5548
    7822      28.5259
    7823      28.4651
    7824      28.5095
    7825      28.5329
    7826      28.5569
    7827      28.6031
    7828      28.5007
    7829      28.5055
    7830      28.4484
    7831      28.3986
    7832      28.4069
    7833      28.3629
    7834      28.4651
    7835      28.4943
    7836      28.4070
    7837      28.5075
    7838      28.3702
    7839      28.3191
    7840      28.2783
    7841      28.2774
    7842      28.2404
    7843      28.2697
    7844      28.3629
    7845      28.3703
    7846      28.5187
    7847      28.4342
    7848      28.3760
    7849      28.5250
    7850      28.5567
    7851      28.5145
    7852      28.4949
    7853      28.4591
    7854      28.5486
    7855      28.5670
    7856      28.5686
    7857      28.7517
    7858      28.7505
    7859      28.7686
    7860      28.6078
    7861      28.6119
    7862      28.6249
    7863      28.5935
    7864      28.6481
    7865      28.6567
    7866      28.6045
    7867      28.6638
    7868      28.6009
    7869      28.5205
    7870      28.5870
    7871      28.6076
    7872      28.7301
    7873      28.6992
    7874      28.6288
    7875      28.6402
    7876      28.6425
    7877      28.5127
    7878      28.5563
    7879      28.5546
    7880      28.6709
    7881      28.6743
    7882      28.5966
    7883      28.5484
    7884      28.4719
    7885      28.4488
    7886      28.4486
    7887      28.4633
    7888      28.3967
    7889      28.4565
    7890      28.4097
    7891      28.3963
    7892      28.4164
    7893      28.3549
    7894      28.3869
    7895      28.3313
    7896      28.3208
    7897      28.4182
    7898      28.4316
    7899      28.4255
    7900      28.4832
    7901      28.4669
    7902      28.4170
    7903      28.4195
    7904      28.4580
    7905      28.3872
    7906      28.4517
    7907      28.4727
    7908      28.4090
    7909      28.4314
    7910      28.3059
    7911      28.3724
    7912      28.3752
    7913      28.5051
    7914      28.4166
    7915      28.3292
    7916      28.3282
    7917      28.2325
    7918      28.2453
    7919      28.2898
    7920      28.2751
    7921      28.3270
    7922      28.1895
    7923      28.3174
    7924      28.3354
    7925      28.2855
    7926      28.3709
    7927      28.3804
    7928      28.4104
    7929      28.4184
    7930      28.5732
    7931      28.5309
    7932      28.5261
    7933      28.4896
    7934      28.6210
    7935      28.5591
    7936      28.4510
    7937      28.3784
    7938      28.4450
    7939      28.4588
    7940      28.5149
    7941      28.6118
    7942      28.4752
    7943      28.5674
    7944      28.4818
    7945      28.4284
    7946      28.5243
    7947      28.5032
    7948      28.4351
    7949      28.5639
    7950      28.4830
    7951      28.5101
    7952      28.5792
    7953      28.4358
    7954      28.3514
    7955      28.4401
    7956      28.3853
    7957      28.4774
    7958      28.3995
    7959      28.5407
    7960      28.3366
    7961      28.4556
    7962      28.5771
    7963      28.5366
    7964      28.4489
    7965      28.5233
    7966      28.5119
    7967      28.3874
    7968      28.3756
    7969      28.4819
    7970      28.5135
    7971      28.5014
    7972      28.5357
    7973      28.5258
    7974      28.4283
    7975      28.5797
    7976      28.4564
    7977      28.3981
    7978      28.3740
    7979      28.3668
    7980      28.3972
    7981      28.4213
    7982      28.4055
    7983      28.3907
    7984      28.4922
    7985      28.4913
    7986      28.4014
    7987      28.3512
    7988      28.5147
    7989      28.4652
    7990      28.5020
    7991      28.5647
    7992      28.4939
    7993      28.4472
    7994      28.5126
    7995      28.5316
    7996      28.4947
    7997      28.4385
    7998      28.4044
    7999      28.3627
    8000      28.4741
    8001      28.5672
    8002      28.5793
    8003      28.5540
    8004      28.5687
    8005      28.5097
    8006      28.4931
    8007      28.6128
    8008      28.7193
    8009      28.6747
    8010      28.5986
    8011      28.7440
    8012      28.6684
    8013      28.6510
    8014      28.7042
    8015      28.8010
    8016      28.6616
    8017      28.5820
    8018      28.5277
    8019      28.4114
    8020      28.4230
    8021      28.5953
    8022      28.4461
    8023      28.4285
    8024      28.4663
    8025      28.4126
    8026      28.3996
    8027      28.3934
    8028      28.4283
    8029      28.3618
    8030      28.4622
    8031      28.5141
    8032      28.5734
    8033      28.5641
    8034      28.5316
    8035      28.5472
    8036      28.5501
    8037      28.4756
    8038      28.5632
    8039      28.6653
    8040      28.6742
    8041      28.6281
    8042      28.6184
    8043      28.6893
    8044      28.8028
    8045      28.6771
    8046      28.7012
    8047      28.6286
    8048      28.6559
    8049      28.6293
    8050      28.7167
    8051      28.7128
    8052      28.7394
    8053      28.6668
    8054      28.5193
    8055      28.6173
    8056      28.7993
    8057      28.7942
    8058      28.7960
    8059      28.6268
    8060      28.6223
    8061      28.6029
    8062      28.6429
    8063      28.6765
    8064      28.7175
    8065      28.5291
    8066      28.5379
    8067      28.5693
    8068      28.5314
    8069      28.6088
    8070      28.5866
    8071      28.5892
    8072      28.5529
    8073      28.5894
    8074      28.5781
    8075      28.5571
    8076      28.5090
    8077      28.4489
    8078      28.4089
    8079      28.4009
    8080      28.3860
    8081      28.4842
    8082      28.4566
    8083      28.4405
    8084      28.3965
    8085      28.4789
    8086      28.4567
    8087      28.4575
    8088      28.4587
    8089      28.4257
    8090      28.3320
    8091      28.4314
    8092      28.4595
    8093      28.4873
    8094      28.4763
    8095      28.3532
    8096      28.4825
    8097      28.4327
    8098      28.3721
    8099      28.4668
    8100      28.4386
    8101      28.4929
    8102      28.4151
    8103      28.4769
    8104      28.4966
    8105      28.5179
    8106      28.5125
    8107      28.4685
    8108      28.4495
    8109      28.5615
    8110      28.5211
    8111      28.6954
    8112      28.5639
    8113      28.5838
    8114      28.5752
    8115      28.5930
    8116      28.5073
    8117      28.4904
    8118      28.4539
    8119      28.4482
    8120      28.4494
    8121      28.4565
    8122      28.4861
    8123      28.4888
    8124      28.4208
    8125      28.5009
    8126      28.4426
    8127      28.4922
    8128      28.5565
    8129      28.5015
    8130      28.4853
    8131      28.4602
    8132      28.4465
    8133      28.4678
    8134      28.5450
    8135      28.4468
    8136      28.5677
    8137      28.4311
    8138      28.3395
    8139      28.3713
    8140      28.3558
    8141      28.3155
    8142      28.4729
    8143      28.4258
    8144      28.3607
    8145      28.4065
    8146      28.4295
    8147      28.5014
    8148      28.5401
    8149      28.4740
    8150      28.4880
    8151      28.3993
    8152      28.4064
    8153      28.4529
    8154      28.4117
    8155      28.3658
    8156      28.4492
    8157      28.4987
    8158      28.5540
    8159      28.6264
    8160      28.5868
    8161      28.4976
    8162      28.6170
    8163      28.6708
    8164      28.5381
    8165      28.5982
    8166      28.5895
    8167      28.6404
    8168      28.6685
    8169      28.5842
    8170      28.5399
    8171      28.5575
    8172      28.4597
    8173      28.5565
    8174      28.4587
    8175      28.4817
    8176      28.4898
    8177      28.4033
    8178      28.3460
    8179      28.4538
    8180      28.4965
    8181      28.3678
    8182      28.4244
    8183      28.5087
    8184      28.5490
    8185      28.4641
    8186      28.4183
    8187      28.4790
    8188      28.4714
    8189      28.6875
    8190      28.5330
    8191      28.4947
    8192      28.5754
    8193      28.5358
    8194      28.3728
    8195      28.4406
    8196      28.4918
    8197      28.4458
    8198      28.4646
    8199      28.4361
    8200      28.5025
    8201      28.4390
    8202      28.5113
    8203      28.5344
    8204      28.5296
    8205      28.4129
    8206      28.5144
    8207      28.5699
    8208      28.4560
    8209      28.6009
    8210      28.6042
    8211      28.5475
    8212      28.5858
    8213      28.6377
    8214      28.5835
    8215      28.5263
    8216      28.5253
    8217      28.3887
    8218      28.3554
    8219      28.4737
    8220      28.4854
    8221      28.4374
    8222      28.5043
    8223      28.4944
    8224      28.6018
    8225      28.5746
    8226      28.5006
    8227      28.4657
    8228      28.6020
    8229      28.5279
    8230      28.6196
    8231      28.5993
    8232      28.5849
    8233      28.5824
    8234      28.6353
    8235      28.6551
    8236      28.5188
    8237      28.5102
    8238      28.6862
    8239      28.5656
    8240      28.5427
    8241      28.5811
    8242      28.5819
    8243      28.5751
    8244      28.5174
    8245      28.4996
    8246      28.5218
    8247      28.5221
    8248      28.5034
    8249      28.4778
    8250      28.4764
    8251      28.5164
    8252      28.5521
    8253      28.5196
    8254      28.5326
    8255      28.6206
    8256      28.4304
    8257      28.5290
    8258      28.4875
    8259      28.5149
    8260      28.5778
    8261      28.6793
    8262      28.5637
    8263      28.5711
    8264      28.4906
    8265      28.4887
    8266      28.5495
    8267      28.5506
    8268      28.5027
    8269      28.5600
    8270      28.6213
    8271      28.5403
    8272      28.5447
    8273      28.6707
    8274      28.5726
    8275      28.4495
    8276      28.6710
    8277      28.6063
    8278      28.6494
    8279      28.5326
    8280      28.4758
    8281      28.4245
    8282      28.5209
    8283      28.4640
    8284      28.4022
    8285      28.5272
    8286      28.5480
    8287      28.5202
    8288      28.5115
    8289      28.5060
    8290      28.5134
    8291      28.5605
    8292      28.5513
    8293      28.5703
    8294      28.4557
    8295      28.5537
    8296      28.5929
    8297      28.5653
    8298      28.5864
    8299      28.5322
    8300      28.6199
    8301      28.6844
    8302      28.5948
    8303      28.6307
    8304      28.6405
    8305      28.6116
    8306      28.6143
    8307      28.5632
    8308      28.5528
    8309      28.5425
    8310      28.5301
    8311      28.5798
    8312      28.5187
    8313      28.5080
    8314      28.4764
    8315      28.4913
    8316      28.4876
    8317      28.5120
    8318      28.5800
    8319      28.6102
    8320      28.6681
    8321      28.5431
    8322      28.5555
    8323      28.5622
    8324      28.5707
    8325      28.5070
    8326      28.4691
    8327      28.5900
    8328      28.5574
    8329      28.4610
    8330      28.4558
    8331      28.5695
    8332      28.6330
    8333      28.6653
    8334      28.5576
    8335      28.4605
    8336      28.4776
    8337      28.3427
    8338      28.4929
    8339      28.3828
    8340      28.4420
    8341      28.5776
    8342      28.5065
    8343      28.5829
    8344      28.5975
    8345      28.5903
    8346      28.5322
    8347      28.5151
    8348      28.5404
    8349      28.4766
    8350      28.5943
    8351      28.6170
    8352      28.5578
    8353      28.5376
    8354      28.4842
    8355      28.5300
    8356      28.5423
    8357      28.5645
    8358      28.5116
    8359      28.3504
    8360      28.4845
    8361      28.4097
    8362      28.4959
    8363      28.5204
    8364      28.5406
    8365      28.5670
    8366      28.5755
    8367      28.6179
    8368      28.5794
    8369      28.5060
    8370      28.5460
    8371      28.5436
    8372      28.5270
    8373      28.5619
    8374      28.5419
    8375      28.5741
    8376      28.6415
    8377      28.6567
    8378      28.6357
    8379      28.6691
    8380      28.6101
    8381      28.5112
    8382      28.5227
    8383      28.4497
    8384      28.4007
    8385      28.5590
    8386      28.6094
    8387      28.5267
    8388      28.5734
    8389      28.6228
    8390      28.5027
    8391      28.4612
    8392      28.4963
    8393      28.5625
    8394      28.5168
    8395      28.4928
    8396      28.3328
    8397      28.3622
    8398      28.3491
    8399      28.5422
    8400      28.5528
    8401      28.5637
    8402      28.4729
    8403      28.4758
    8404      28.6383
    8405      28.4604
    8406      28.5770
    8407      28.6699
    8408      28.6350
    8409      28.6236
    8410      28.6700
    8411      28.5598
    8412      28.5458
    8413      28.5440
    8414      28.4739
    8415      28.5674
    8416      28.5708
    8417      28.6203
    8418      28.6021
    8419      28.5349
    8420      28.5685
    8421      28.6240
    8422      28.5663
    8423      28.6683
    8424      28.5043
    8425      28.5166
    8426      28.4680
    8427      28.4517
    8428      28.5229
    8429      28.4560
    8430      28.4867
    8431      28.4444
    8432      28.4842
    8433      28.5646
    8434      28.4504
    8435      28.5191
    8436      28.5554
    8437      28.4497
    8438      28.4069
    8439      28.4986
    8440      28.4901
    8441      28.6268
    8442      28.5021
    8443      28.5115
    8444      28.4498
    8445      28.5590
    8446      28.5603
    8447      28.5817
    8448      28.5484
    8449      28.5550
    8450      28.3985
    8451      28.5955
    8452      28.5137
    8453      28.4291
    8454      28.4474
    8455      28.5271
    8456      28.6625
    8457      28.6474
    8458      28.5392
    8459      28.5647
    8460      28.5989
    8461      28.5780
    8462      28.6332
    8463      28.6106
    8464      28.6641
    8465      28.7027
    8466      28.6550
    8467      28.6510
    8468      28.6073
    8469      28.6804
    8470      28.6337
    8471      28.6208
    8472      28.6086
    8473      28.6295
    8474      28.6506
    8475      28.6968
    8476      28.7054
    8477      28.7149
    8478      28.7918
    8479      28.6427
    8480      28.6415
    8481      28.6809
    8482      28.5654
    8483      28.4720
    8484      28.4795
    8485      28.4330
    8486      28.5318
    8487      28.4028
    8488      28.4681
    8489      28.3962
    8490      28.4359
    8491      28.3903
    8492      28.4531
    8493      28.4780
    8494      28.4698
    8495      28.6013
    8496      28.4950
    8497      28.4529
    8498      28.3690
    8499      28.4685
    8500      28.3849
    8501      28.4570
    8502      28.4417
    8503      28.4034
    8504      28.3995
    8505      28.4693
    8506      28.5544
    8507      28.4526
    8508      28.5703
    8509      28.4133
    8510      28.4500
    8511      28.5373
    8512      28.3625
    8513      28.4052
    8514      28.4545
    8515      28.5211
    8516      28.3913
    8517      28.4400
    8518      28.4322
    8519      28.5071
    8520      28.5167
    8521      28.4544
    8522      28.5261
    8523      28.4936
    8524      28.4175
    8525      28.5486
    8526      28.4181
    8527      28.3639
    8528      28.5580
    8529      28.4198
    8530      28.4425
    8531      28.4470
    8532      28.5602
    8533      28.5985
    8534      28.4924
    8535      28.3776
    8536      28.4671
    8537      28.4463
    8538      28.4286
    8539      28.3963
    8540      28.3416
    8541      28.5192
    8542      28.6036
    8543      28.5830
    8544      28.5682
    8545      28.5866
    8546      28.4169
    8547      28.4601
    8548      28.5060
    8549      28.5189
    8550      28.3767
    8551      28.4168
    8552      28.3966
    8553      28.5617
    8554      28.3635
    8555      28.3756
    8556      28.3327
    8557      28.3580
    8558      28.4575
    8559      28.3597
    8560      28.4183
    8561      28.4517
    8562      28.3950
    8563      28.3879
    8564      28.4565
    8565      28.5763
    8566      28.5082
    8567      28.4933
    8568      28.5032
    8569      28.5227
    8570      28.4459
    8571      28.4176
    8572      28.3183
    8573      28.3790
    8574      28.4570
    8575      28.4631
    8576      28.4864
    8577      28.3430
    8578      28.4920
    8579      28.3806
    8580      28.3869
    8581      28.4152
    8582      28.3718
    8583      28.4358
    8584      28.4273
    8585      28.4097
    8586      28.3513
    8587      28.4116
    8588      28.4304
    8589      28.3871
    8590      28.5310
    8591      28.5005
    8592      28.5413
    8593      28.4989
    8594      28.5022
    8595      28.5617
    8596      28.5231
    8597      28.5727
    8598      28.5351
    8599      28.5729
    8600      28.6355
    8601      28.6424
    8602      28.5916
    8603      28.5786
    8604      28.5920
    8605      28.5537
    8606      28.5708
    8607      28.5751
    8608      28.6244
    8609      28.5565
    8610      28.5091
    8611      28.5393
    8612      28.4862
    8613      28.5857
    8614      28.5254
    8615      28.5184
    8616      28.5055
    8617      28.6438
    8618      28.6385
    8619      28.4219
    8620      28.4842
    8621      28.5616
    8622      28.5674
    8623      28.6138
    8624      28.5830
    8625      28.4316
    8626      28.4262
    8627      28.4469
    8628      28.6035
    8629      28.5686
    8630      28.5693
    8631      28.5556
    8632      28.5717
    8633      28.6216
    8634      28.5034
    8635      28.4318
    8636      28.5924
    8637      28.6184
    8638      28.5957
    8639      28.5525
    8640      28.5601
    8641      28.5484
    8642      28.6528
    8643      28.6922
    8644      28.6417
    8645      28.6926
    8646      28.5813
    8647      28.5949
    8648      28.7311
    8649      28.6414
    8650      28.5984
    8651      28.5363
    8652      28.5715
    8653      28.5014
    8654      28.5831
    8655      28.5946
    8656      28.5356
    8657      28.5643
    8658      28.6177
    8659      28.6134
    8660      28.6063
    8661      28.5328
    8662      28.5394
    8663      28.6901
    8664      28.6136
    8665      28.5980
    8666      28.5260
    8667      28.4397
    8668      28.3964
    8669      28.3990
    8670      28.4427
    8671      28.4778
    8672      28.4154
    8673      28.4924
    8674      28.4643
    8675      28.4169
    8676      28.3737
    8677      28.4349
    8678      28.3507
    8679      28.3627
    8680      28.3727
    8681      28.4534
    8682      28.4617
    8683      28.4171
    8684      28.3590
    8685      28.4555
    8686      28.4349
    8687      28.4124
    8688      28.4395
    8689      28.4635
    8690      28.4124
    8691      28.5656
    8692      28.6032
    8693      28.5086
    8694      28.5272
    8695      28.5969
    8696      28.6071
    8697      28.7643
    8698      28.7078
    8699      28.7740
    8700      28.5460
    8701      28.6274
    8702      28.6132
    8703      28.6280
    8704      28.6022
    8705      28.5699
    8706      28.5740
    8707      28.6422
    8708      28.5318
    8709      28.5573
    8710      28.5168
    8711      28.5404
    8712      28.5548
    8713      28.4876
    8714      28.5506
    8715      28.4350
    8716      28.4895
    8717      28.4228
    8718      28.4063
    8719      28.4908
    8720      28.4979
    8721      28.4100
    8722      28.4188
    8723      28.4740
    8724      28.6127
    8725      28.4555
    8726      28.4702
    8727      28.4724
    8728      28.5347
    8729      28.4767
    8730      28.4666
    8731      28.6019
    8732      28.4945
    8733      28.5036
    8734      28.5012
    8735      28.5743
    8736      28.3282
    8737      28.4328
    8738      28.5602
    8739      28.6821
    8740      28.5880
    8741      28.6067
    8742      28.5490
    8743      28.5644
    8744      28.5645
    8745      28.5191
    8746      28.4937
    8747      28.5482
    8748      28.5542
    8749      28.5718
    8750      28.6196
    8751      28.6521
    8752      28.6303
    8753      28.6561
    8754      28.6364
    8755      28.6854
    8756      28.6172
    8757      28.5550
    8758      28.6543
    8759      28.5767
    8760      28.5791
    8761      28.5628
    8762      28.6223
    8763      28.5580
    8764      28.5991
    8765      28.6010
    8766      28.5743
    8767      28.7631
    8768      28.5933
    8769      28.6724
    8770      28.6314
    8771      28.6894
    8772      28.6384
    8773      28.5877
    8774      28.6384
    8775      28.5994
    8776      28.5623
    8777      28.6078
    8778      28.6858
    8779      28.5828
    8780      28.6643
    8781      28.6437
    8782      28.6550
    8783      28.5512
    8784      28.7448
    8785      28.6854
    8786      28.7519
    8787      28.7563
    8788      28.7061
    8789      28.8048
    8790      28.5864
    8791      28.6603
    8792      28.5383
    8793      28.5309
    8794      28.5842
    8795      28.4991
    8796      28.5046
    8797      28.4147
    8798      28.5309
    8799      28.5081
    8800      28.5201
    8801      28.5850
    8802      28.6270
    8803      28.4765
    8804      28.6390
    8805      28.6416
    8806      28.5747
    8807      28.6580
    8808      28.6309
    8809      28.4927
    8810      28.5533
    8811      28.5682
    8812      28.5892
    8813      28.4901
    8814      28.5132
    8815      28.4903
    8816      28.5775
    8817      28.7031
    8818      28.6053
    8819      28.5483
    8820      28.6172
    8821      28.5373
    8822      28.4600
    8823      28.6153
    8824      28.4991
    8825      28.6799
    8826      28.6517
    8827      28.5790
    8828      28.5608
    8829      28.5484
    8830      28.5555
    8831      28.4765
    8832      28.5514
    8833      28.6210
    8834      28.5961
    8835      28.5784
    8836      28.6772
    8837      28.5450
    8838      28.6126
    8839      28.6373
    8840      28.7242
    8841      28.5634
    8842      28.5788
    8843      28.6397
    8844      28.5890
    8845      28.5022
    8846      28.5954
    8847      28.5713
    8848      28.6705
    8849      28.5785
    8850      28.5973
    8851      28.5798
    8852      28.5002
    8853      28.4768
    8854      28.5743
    8855      28.5055
    8856      28.6330
    8857      28.6389
    8858      28.6654
    8859      28.4988
    8860      28.4905
    8861      28.6089
    8862      28.5662
    8863      28.4736
    8864      28.5459
    8865      28.4681
    8866      28.4827
    8867      28.4663
    8868      28.5369
    8869      28.5641
    8870      28.4544
    8871      28.4989
    8872      28.4182
    8873      28.4222
    8874      28.4788
    8875      28.4888
    8876      28.4314
    8877      28.4891
    8878      28.5248
    8879      28.5601
    8880      28.5657
    8881      28.4608
    8882      28.4338
    8883      28.3565
    8884      28.4661
    8885      28.5078
    8886      28.4883
    8887      28.4196
    8888      28.4512
    8889      28.6057
    8890      28.5334
    8891      28.5072
    8892      28.5529
    8893      28.5804
    8894      28.5565
    8895      28.5797
    8896      28.5171
    8897      28.5365
    8898      28.5306
    8899      28.5793
    8900      28.5590
    8901      28.5707
    8902      28.4784
    8903      28.6120
    8904      28.6853
    8905      28.6265
    8906      28.6097
    8907      28.5321
    8908      28.6380
    8909      28.5943
    8910      28.5111
    8911      28.5415
    8912      28.6001
    8913      28.5011
    8914      28.4975
    8915      28.5057
    8916      28.5871
    8917      28.6608
    8918      28.6409
    8919      28.6696
    8920      28.6871
    8921      28.6985
    8922      28.5736
    8923      28.6092
    8924      28.6125
    8925      28.4641
    8926      28.4956
    8927      28.5460
    8928      28.5506
    8929      28.5115
    8930      28.4916
    8931      28.4522
    8932      28.4288
    8933      28.4567
    8934      28.4405
    8935      28.4607
    8936      28.5407
    8937      28.5959
    8938      28.4965
    8939      28.5170
    8940      28.5749
    8941      28.6609
    8942      28.5980
    8943      28.6595
    8944      28.6629
    8945      28.6480
    8946      28.6935
    8947      28.7056
    8948      28.6488
    8949      28.5660
    8950      28.4780
    8951      28.4359
    8952      28.4460
    8953      28.4166
    8954      28.5421
    8955      28.5054
    8956      28.5920
    8957      28.5468
    8958      28.5366
    8959      28.4778
    8960      28.4375
    8961      28.5188
    8962      28.5330
    8963      28.5416
    8964      28.4990
    8965      28.6185
    8966      28.5876
    8967      28.5572
    8968      28.4494
    8969      28.4608
    8970      28.5102
    8971      28.5451
    8972      28.4961
    8973      28.6098
    8974      28.5237
    8975      28.6218
    8976      28.5946
    8977      28.5015
    8978      28.4425
    8979      28.4088
    8980      28.5183
    8981      28.4847
    8982      28.3948
    8983      28.5086
    8984      28.4521
    8985      28.4672
    8986      28.5422
    8987      28.6641
    8988      28.5964
    8989      28.5460
    8990      28.4949
    8991      28.5806
    8992      28.6153
    8993      28.5705
    8994      28.5716
    8995      28.6336
    8996      28.5387
    8997      28.4538
    8998      28.5147
    8999      28.5007
    9000      28.4525
    9001      28.4771
    9002      28.5488
    9003      28.5014
    9004      28.5518
    9005      28.5863
    9006      28.5547
    9007      28.4777
    9008      28.5247
    9009      28.5556
    9010      28.4896
    9011      28.5651
    9012      28.5351
    9013      28.5851
    9014      28.6547
    9015      28.5565
    9016      28.6542
    9017      28.6401
    9018      28.6166
    9019      28.6219
    9020      28.5584
    9021      28.5618
    9022      28.7696
    9023      28.5597
    9024      28.5920
    9025      28.4407
    9026      28.4349
    9027      28.4755
    9028      28.5504
    9029      28.5321
    9030      28.5051
    9031      28.5661
    9032      28.6150
    9033      28.6938
    9034      28.6414
    9035      28.7389
    9036      28.5949
    9037      28.5240
    9038      28.5512
    9039      28.7115
    9040      28.5802
    9041      28.5781
    9042      28.5808
    9043      28.5512
    9044      28.5641
    9045      28.6509
    9046      28.5955
    9047      28.4721
    9048      28.4661
    9049      28.5006
    9050      28.5341
    9051      28.5157
    9052      28.5358
    9053      28.4771
    9054      28.5651
    9055      28.6066
    9056      28.6980
    9057      28.6877
    9058      28.5656
    9059      28.5940
    9060      28.6027
    9061      28.6297
    9062      28.5462
    9063      28.6460
    9064      28.6104
    9065      28.5837
    9066      28.6568
    9067      28.5163
    9068      28.6137
    9069      28.5654
    9070      28.5141
    9071      28.6011
    9072      28.5920
    9073      28.5273
    9074      28.4216
    9075      28.4277
    9076      28.4558
    9077      28.5148
    9078      28.4638
    9079      28.5433
    9080      28.4703
    9081      28.4068
    9082      28.4910
    9083      28.4838
    9084      28.5149
    9085      28.4027
    9086      28.5147
    9087      28.4582
    9088      28.5919
    9089      28.5025
    9090      28.5734
    9091      28.5300
    9092      28.4680
    9093      28.4433
    9094      28.4367
    9095      28.5450
    9096      28.3558
    9097      28.5212
    9098      28.5681
    9099      28.4598
    9100      28.4115
    9101      28.3894
    9102      28.5022
    9103      28.5858
    9104      28.6012
    9105      28.4785
    9106      28.5633
    9107      28.6475
    9108      28.6250
    9109      28.5528
    9110      28.6100
    9111      28.5388
    9112      28.6019
    9113      28.4437
    9114      28.4890
    9115      28.5035
    9116      28.4538
    9117      28.3648
    9118      28.3468
    9119      28.2495
    9120      28.2786
    9121      28.3796
    9122      28.4674
    9123      28.3418
    9124      28.5113
    9125      28.5823
    9126      28.4913
    9127      28.4988
    9128      28.6369
    9129      28.5328
    9130      28.5375
    9131      28.4806
    9132      28.4429
    9133      28.4375
    9134      28.3159
    9135      28.3392
    9136      28.2900
    9137      28.4016
    9138      28.3566
    9139      28.4871
    9140      28.4729
    9141      28.3917
    9142      28.4008
    9143      28.5048
    9144      28.5163
    9145      28.6251
    9146      28.6056
    9147      28.6222
    9148      28.5499
    9149      28.6202
    9150      28.5768
    9151      28.4751
    9152      28.4499
    9153      28.3813
    9154      28.5416
    9155      28.4922
    9156      28.5327
    9157      28.5644
    9158      28.5039
    9159      28.4588
    9160      28.5425
    9161      28.6112
    9162      28.5635
    9163      28.4963
    9164      28.5617
    9165      28.6077
    9166      28.6064
    9167      28.4313
    9168      28.4603
    9169      28.4408
    9170      28.5710
    9171      28.3944
    9172      28.4004
    9173      28.4006
    9174      28.4847
    9175      28.5361
    9176      28.5666
    9177      28.6152
    9178      28.5175
    9179      28.4906
    9180      28.4031
    9181      28.4679
    9182      28.6078
    9183      28.6091
    9184      28.5854
    9185      28.5988
    9186      28.5760
    9187      28.4945
    9188      28.6334
    9189      28.5475
    9190      28.4487
    9191      28.4806
    9192      28.4951
    9193      28.5838
    9194      28.5375
    9195      28.4322
    9196      28.5184
    9197      28.5278
    9198      28.5302
    9199      28.5677
    9200      28.4802
    9201      28.4585
    9202      28.5542
    9203      28.6190
    9204      28.3819
    9205      28.5755
    9206      28.5057
    9207      28.5657
    9208      28.5947
    9209      28.4749
    9210      28.3600
    9211      28.4183
    9212      28.3870
    9213      28.4192
    9214      28.4828
    9215      28.5246
    9216      28.5486
    9217      28.5158
    9218      28.6319
    9219      28.5226
    9220      28.5123
    9221      28.3620
    9222      28.4689
    9223      28.5344
    9224      28.3864
    9225      28.3504
    9226      28.3546
    9227      28.4917
    9228      28.4473
    9229      28.3404
    9230      28.3785
    9231      28.2924
    9232      28.2920
    9233      28.2546
    9234      28.2032
    9235      28.3131
    9236      28.2806
    9237      28.2365
    9238      28.2572
    9239      28.2613
    9240      28.3313
    9241      28.3346
    9242      28.3443
    9243      28.3803
    9244      28.3655
    9245      28.3798
    9246      28.2941
    9247      28.3276
    9248      28.3970
    9249      28.3532
    9250      28.3040
    9251      28.4049
    9252      28.3906
    9253      28.3341
    9254      28.3200
    9255      28.2762
    9256      28.3768
    9257      28.2469
    9258      28.2795
    9259      28.2553
    9260      28.2174
    9261      28.1907
    9262      28.2853
    9263      28.1903
    9264      28.2765
    9265      28.2036
    9266      28.2258
    9267      28.1714
    9268      28.1130
    9269      28.1587
    9270      28.1216
    9271      28.1359
    9272      28.1746
    9273      28.1966
    9274      28.1909
    9275      28.1987
    9276      28.2695
    9277      28.2964
    9278      28.1874
    9279      28.3689
    9280      28.3092
    9281      28.2622
    9282      28.2103
    9283      28.2805
    9284      28.3106
    9285      28.3122
    9286      28.3523
    9287      28.3874
    9288      28.2455
    9289      28.2497
    9290      28.3035
    9291      28.4075
    9292      28.3053
    9293      28.3151
    9294      28.3828
    9295      28.3787
    9296      28.3881
    9297      28.4233
    9298      28.4181
    9299      28.4052
    9300      28.3902
    9301      28.3862
    9302      28.3457
    9303      28.3492
    9304      28.3920
    9305      28.4310
    9306      28.4725
    9307      28.3638
    9308      28.3275
    9309      28.4163
    9310      28.4734
    9311      28.4631
    9312      28.4492
    9313      28.4458
    9314      28.4355
    9315      28.4888
    9316      30.6890
    9317      30.6647
    9318      30.6642
    9319      30.7409
    9320      30.7075
    9321      30.6907
    9322      30.8025
    9323      30.7172
    9324      30.6901
    9325      28.5295
    9326      28.5012
    9327      28.4765
    9328      28.4322
    9329      30.6510
    9330      30.5322
    9331      30.5913
    9332      30.6757
    9333      30.6536
    9334      30.6804
    9335      28.3235
    9336      28.2274
    9337      28.3316
    9338      28.3561
    9339      28.4566
    9340      28.4257
    9341      28.4227
    9342      28.3855
    9343      28.4635
    9344      30.7450
    9345      30.7281
    9346      30.6508
    9347      28.3952
    9348      30.5093
    9349      30.5671
    9350      30.7079
    9351      30.6906
    9352      30.6784
    9353      30.7311
    9354      30.6550
    9355      28.3580
    9356      28.3624
    9357      28.3504
    9358      28.3256
    9359      28.5021
    9360      28.4118
    9361      28.5636
    9362      28.4748
    9363      28.4616
    9364      28.5428
    9365      28.4629
    9366      28.5596
    9367      28.5158
    9368      28.4062
    9369      28.4962
    9370      28.5487
    9371      28.6195
    9372      30.8110
    9373      28.4511
    9374      28.5214
    9375      28.5803
    9376      28.6196
    9377      28.5406
    9378      28.6045
    9379      28.5966
    9380      28.6458
    9381      28.5032
    9382      28.3925
    9383      28.3433
    9384      28.3533
    9385      30.6151
    9386      30.6706
    9387      30.5668
    9388      30.6371
    9389      30.6407
    9390      30.6349
    9391      30.6283
    9392      30.6678
    9393      30.7278
    9394      30.6507
    9395      30.7332
    9396      30.6396
    9397      28.4895
    9398      30.7910
    9399      28.7248
    9400      28.6387
    9401      28.6305
    9402      28.6506
    9403      28.5822
    9404      28.5020
    9405      30.6781
    9406      30.6582
    9407      30.7171
    9408      30.7227
    9409      30.7732
    9410      30.7587
    9411      30.7784
    9412      30.7815
    9413      30.7294
    9414      30.8445
    9415      30.8411
    9416      30.7937
    9417      30.7887
    9418      30.8085
    9419      30.8302
    9420      30.7380
    9421      30.9204
    9422      30.8624
    9423      30.8052
    9424      30.7603
    9425      30.6999
    9426      30.7046
    9427      30.8891
    9428      30.7460
    9429      30.7097
    9430      30.6453
    9431      30.5222
    9432      30.5675
    9433      30.5888
    9434      30.6311
    9435      30.5353
    9436      30.5566
    9437      30.5204
    9438      30.6052
    9439      30.7053
    9440      30.6824
    9441      30.6481
    9442      30.5592
    9443      30.5141
    9444      30.5167
    9445      30.4392
    9446      30.4671
    9447      30.5969
    9448      30.6077
    9449      30.6970
    9450      30.6390
    9451      30.7138
    9452      30.6810
    9453      30.6723
    9454      30.5965
    9455      30.5553
    9456      30.5478
    9457      30.5831
    9458      30.6446
    9459      30.6198
    9460      30.6018
    9461      30.6286
    9462      30.6900
    9463      30.6777
    9464      30.6912
    9465      30.7198
    9466      30.7319
    9467      30.7656
    9468      30.6928
    9469      30.7315
    9470      30.7119
    9471      30.6851
    9472      30.6553
    9473      30.6885
    9474      30.6356
    9475      30.6138
    9476      30.6959
    9477      30.6842
    9478      30.6793
    9479      30.5745
    9480      30.6176
    9481      30.4603
    9482      30.5120
    9483      30.4268
    9484      30.5115
    9485      30.5337
    9486      30.5097
    9487      30.4587
    9488      30.5040
    9489      30.6216
    9490      30.6224
    9491      30.5925
    9492      30.5589
    9493      30.5193
    9494      30.4704
    9495      30.4847
    9496      30.3411
    9497      30.4905
    9498      30.4953
    9499      30.4761
    9500      30.4839
    9501      30.6228
    9502      30.5559
    9503      30.5051
    9504      30.6514
    9505      30.5569
    9506      30.5211
    9507      30.5393
    9508      30.4533
    9509      30.5035
    9510      30.5872
    9511      30.4787
    9512      30.4985
    9513      30.5364
    9514      30.4538
    9515      30.4559
    9516      30.4573
    9517      30.5182
    9518      30.5088
    9519      30.5663
    9520      30.4919
    9521      30.5469
    9522      30.4778
    9523      30.4559
    9524      30.4531
    9525      30.5800
    9526      30.5682
    9527      30.5772
    9528      30.5023
    9529      30.5888
    9530      30.6046
    9531      30.5904
    9532      30.5935
    9533      30.6372
    9534      30.5853
    9535      30.5831
    9536      30.6149
    9537      30.6080
    9538      30.6107
    9539      30.5760
    9540      30.5511
    9541      30.5227
    9542      30.5703
    9543      30.4549
    9544      30.5760
    9545      30.5517
    9546      30.5954
    9547      30.6732
    9548      30.5474
    9549      30.4791
    9550      30.4775
    9551      30.5028
    9552      30.5375
    9553      30.5372
    9554      30.5142
    9555      30.6563
    9556      30.6482
    9557      30.6413
    9558      30.5279
    9559      30.6446
    9560      30.6123
    9561      30.4934
    9562      30.6134
    9563      30.6478
    9564      30.6361
    9565      30.5398
    9566      30.5862
    9567      30.5779
    9568      30.4707
    9569      30.5596
    9570      30.4837
    9571      30.4659
    9572      30.4714
    9573      30.4343
    9574      30.4741
    9575      30.5934
    9576      30.5103
    9577      30.5800
    9578      30.6205
    9579      30.5411
    9580      30.6019
    9581      30.4680
    9582      28.4420
    9583      28.3132
    9584      30.4091
    9585      30.3695
    9586      30.3152
    9587      30.3276
    9588      30.4786
    9589      30.2762
    9590      30.3351
    9591      30.3664
    9592      30.3752
    9593      30.4211
    9594      30.4530
    9595      30.2219
    9596      30.3737
    9597      30.4018
    9598      30.4872
    9599      30.5555
    9600      30.6106
    9601      30.3357
    9602      30.3985
    9603      30.3299
    9604      30.4591
    9605      30.3881
    9606      30.4556
    9607      30.4454
    9608      30.4812
    9609      30.4320
    9610      30.4660
    9611      30.4409
    9612      30.4723
    9613      30.4152
    9614      30.3959
    9615      30.3804
    9616      30.3967
    9617      30.3878
    9618      30.4522
    9619      30.4102
    9620      30.3275
    9621      30.3853
    9622      30.3740
    9623      30.5151
    9624      30.5222
    9625      30.5126
    9626      30.5292
    9627      30.5785
    9628      30.4549
    9629      30.4657
    9630      30.5542
    9631      30.5103
    9632      30.5214
    9633      30.5200
    9634      30.4710
    9635      30.5252
    9636      30.5343
    9637      30.3928
    9638      30.4239
    9639      30.3710
    9640      30.4134
    9641      30.3548
    9642      30.4006
    9643      30.4143
    9644      30.3483
    9645      30.3445
    9646      30.4137
    9647      30.3231
    9648      30.3188
    9649      30.4246
    9650      30.3974
    9651      30.4190
    9652      30.4200
    9653      30.4281
    9654      30.4375
    9655      30.4491
    9656      30.4376
    9657      30.4951
    9658      30.4538
    9659      30.4951
    9660      30.5245
    9661      30.5218
    9662      30.5043
    9663      30.5175
    9664      30.5009
    9665      30.4523
    9666      30.4818
    9667      30.5353
    9668      30.3927
    9669      30.4233
    9670      30.5063
    9671      28.2655
    9672      30.4005
    9673      30.4200
    9674      30.5079
    9675      30.4719
    9676      30.5361
    9677      30.5190
    9678      30.5641
    9679      30.4493
    9680      30.4804
    9681      30.5094
    9682      30.4926
    9683      30.5811
    9684      30.4998
    9685      30.5657
    9686      30.5064
    9687      30.5486
    9688      30.5179
    9689      30.4818
    9690      30.4868
    9691      30.4372
    9692      30.5527
    9693      30.5616
    9694      30.5249
    9695      30.5230
    9696      30.4425
    9697      30.5636
    9698      30.5145
    9699      30.4885
    9700      30.4704
    9701      30.4288
    9702      30.4055
    9703      30.3096
    9704      30.4290
    9705      30.3879
    9706      30.4053
    9707      30.3528
    9708      30.4449
    9709      30.4336
    9710      30.4680
    9711      30.4107
    9712      30.4258
    9713      30.3804
    9714      30.3865
    9715      30.4136
    9716      30.3704
    9717      30.3860
    9718      30.4202
    9719      30.4180
    9720      30.2644
    9721      30.2210
    9722      30.3796
    9723      30.3882
    9724      30.3796
    9725      30.2948
    9726      30.3303
    9727      30.2870
    9728      30.3517
    9729      30.3821
    9730      30.3618
    9731      30.3635
    9732      30.3464
    9733      30.3013
    9734      30.3466
    9735      30.3727
    9736      30.2895
    9737      30.2772
    9738      30.3980
    9739      30.3672
    9740      30.2698
    9741      30.3719
    9742      30.4017
    9743      30.3520
    9744      30.3757
    9745      30.3053
    9746      30.3959
    9747      30.3648
    9748      30.3885
    9749      30.4547
    9750      30.4612
    9751      30.4016
    9752      30.3868
    9753      30.4343
    9754      30.2713
    9755      30.2779
    9756      30.2319
    9757      30.1740
    9758      30.1478
    9759      30.1798
    9760      30.2856
    9761      30.2553
    9762      30.2815
    9763      30.2535
    9764      30.2516
    9765      30.2878
    9766      30.3976
    9767      30.4036
    9768      30.2445
    9769      30.2808
    9770      30.3503
    9771      30.2606
    9772      30.3245
    9773      30.4000
    9774      30.3380
    9775      30.4540
    9776      30.3491
    9777      30.2560
    9778      30.2272
    9779      30.2930
    9780      30.2623
    9781      30.3316
    9782      30.2692
    9783      30.2606
    9784      30.2377
    9785      30.2614
    9786      30.1322
    9787      30.1534
    9788      30.1799
    9789      30.2346
    9790      30.2215
    9791      30.3256
    9792      30.2276
    9793      30.2280
    9794      30.3125
    9795      30.2971
    9796      30.2625
    9797      30.2878
    9798      30.3438
    9799      30.2596
    9800      30.3052
    9801      30.3872
    9802      30.3123
    9803      30.2717
    9804      30.2952
    9805      30.2216
    9806      30.2460
    9807      30.1948
    9808      30.2438
    9809      30.2334
    9810      30.2110
    9811      30.2830
    9812      30.3723
    9813      30.3636
    9814      30.2527
    9815      30.3038
    9816      30.3151
    9817      30.3668
    9818      30.2429
    9819      30.3807
    9820      30.4518
    9821      30.3780
    9822      30.3843
    9823      30.3572
    9824      30.3526
    9825      30.3853
    9826      30.4635
    9827      30.3132
    9828      30.3627
    9829      30.4201
    9830      30.3172
    9831      30.3229
    9832      30.3911
    9833      30.3865
    9834      30.3675
    9835      30.3630
    9836      30.3323
    9837      30.3126
    9838      30.2540
    9839      30.2387
    9840      30.3610
    9841      30.3312
    9842      30.3191
    9843      30.2324
    9844      30.2219
    9845      30.2281
    9846      30.2787
    9847      30.3406
    9848      30.3090
    9849      30.3157
    9850      30.3017
    9851      30.2870
    9852      30.4357
    9853      30.3006
    9854      30.3347
    9855      30.3489
    9856      30.2755
    9857      30.3304
    9858      30.3882
    9859      30.3289
    9860      30.3176
    9861      30.3796
    9862      30.4432
    9863      30.3661
    9864      30.2693
    9865      30.4260
    9866      30.4094
    9867      30.4973
    9868      30.4115
    9869      30.2761
    9870      30.3881
    9871      30.2766
    9872      30.2761
    9873      30.2817
    9874      30.2497
    9875      30.2564
    9876      30.3768
    9877      30.2838
    9878      30.2867
    9879      30.2703
    9880      30.2583
    9881      30.3862
    9882      30.3935
    9883      30.2296
    9884      30.2718
    9885      30.3448
    9886      30.2800
    9887      30.3444
    9888      30.2404
    9889      30.2928
    9890      30.1820
    9891      30.1977
    9892      30.1880
    9893      30.2878
    9894      30.2738
    9895      30.2859
    9896      30.2621
    9897      30.2379
    9898      30.2745
    9899      30.2400
    9900      30.1135
    9901      30.1511
    9902      30.2079
    9903      30.2697
    9904      30.2516
    9905      30.1898
    9906      30.1914
    9907      30.1703
    9908      30.1523
    9909      30.1100
    9910      30.1626
    9911      30.2268
    9912      30.1193
    9913      30.0934
    9914      30.1682
    9915      30.1284
    9916      30.1870
    9917      30.1154
    9918      30.1181
    9919      30.0963
    9920      30.1316
    9921      30.2935
    9922      30.2740
    9923      30.2389
    9924      30.1922
    9925      30.1924
    9926      30.2817
    9927      30.2464
    9928      30.2135
    9929      30.1951
    9930      30.2927
    9931      30.3408
    9932      30.2528
    9933      30.2999
    9934      30.2238
    9935      30.2552
    9936      30.2647
    9937      30.2740
    9938      30.3761
    9939      30.2664
    9940      30.3014
    9941      30.2829
    9942      30.2435
    9943      30.1983
    9944      30.1615
    9945      30.2927
    9946      30.1857
    9947      30.2827
    9948      30.2733
    9949      30.1864
    9950      30.2437
    9951      30.3192
    9952      30.2884
    9953      30.3082
    9954      30.2533
    9955      30.1503
    9956      30.2009
    9957      30.2702
    9958      30.2798
    9959      30.2814
    9960      30.3208
    9961      30.2893
    9962      30.3144
    9963      30.2776
    9964      30.2650
    9965      30.3338
    9966      30.3073
    9967      30.3227
    9968      30.3325
    9969      30.2422
    9970      30.1456
    9971      30.1289
    9972      30.2833
    9973      30.2807
    9974      30.1979
    9975      30.1209
    9976      30.2130
    9977      30.2524
    9978      30.2299
    9979      30.2098
    9980      30.2297
    9981      30.1988
    9982      30.2853
    9983      30.1982
    9984      30.2445
    9985      30.1690
    9986      30.1273
    9987      30.2065
    9988      30.2242
    9989      30.3099
    9990      30.3068
    9991      30.2770
    9992      30.2279
    9993      30.1942
    9994      30.1797
    9995      30.1783
    9996      30.1950
    9997      30.1708
    9998      30.0097
    9999      29.9884
   10000      30.0703
